id,url
078ab4f8-1150-4e7b-9c79-3b5e40dbd65c,irealb://%23%31%35%20%4D%69%78%65%64%20%42%6C%6F%63%6B=%47%6F%76%65%20%4A%2E==%4D%65%64%69%75%6D%20%53%77%69%6E%67=%43==%31%72%33%34%4C%62%4B%63%75%37%58%37%23%46%7C%37%58%79%51%7C%45%7C%51%79%58%37%5E%42%7C%51%79%58%37%62%7C%41%51%79%58%37%2D%62%42%7C%51%79%58%37%5E%47%2D%37%58%79%51%43%34%34%54%5B%79%51%7C%41%5E%37%58%79%51%7C%43%23%2D%37%58%79%51%7C%44%37%58%79%51%7C%46%5E%37%58%79%51%7C%45%62%2D%37%58%79%51%5A%20=%4A%61%7A%7A%2D%4D%65%64%69%75%6D%20%53%77%69%6E%67=%31%30%30=%33
07c5fd8e-3295-437c-b422-1d2c7dbe0807,irealb://%47%6F%76%65%27%73%20%47%72%6F%6F%76%65=%47%6F%76%65%20%4A%6F%68%6E==%4D%65%64%69%75%6D%20%53%77%69%6E%67=%42%62==%31%72%33%34%4C%62%4B%63%75%37%4C%20%6C%63%4B%79%51%7C%45%62%42%5A%4C%20%6C%63%4B%51%79%58%37%62%45%5A%20%4C%6C%63%4B%51%79%58%37%62%42%7C%51%79%58%37%62%37%58%79%51%58%37%62%42%5B%5A%46%37%58%79%51%4B%63%6C%20%4C%5A%42%62%37%58%79%51%7C%42%62%37%20%46%37%20%5A%20==%30=%36
0722c89a-f6e4-45c9-9652-af9cd34596a0,irealb://Whispering%20%2D%20tradjazz%2Dru=Rose%20Schonberger%2DCoburn%2DV%2E==Medium%20Swing=Eb==1r34LbKcu7QyX%2C7bXyQK7bDZL%20lcKQyXbELZ%20lcKQyX7DZL%20lcXyQ%7CCE44T%7BbB%7CQyyQKclQyX%2C%2BbG%7CQyXbE1ZNL%20lcKQyX7bBZL%20%7CF%2D7XX7F%7C%7C7%2CXyQ%7DY%7CN2F%2D7XyQ%7CBb7%28F%2D7%29%20%20%28Ab%2D%29LZEbXyQKcl%20%20Z%20=Jazz%2DMedium%20Swing=100=3
07e36b95-6681-42df-aa77-4b9f685408dd,irealb://Thanks%20For%20The%20Memory%3DRobin%20Leo%3D%3DMedium%20Swing%3DF%3D7%3D1r34LbKcu7L7-G%204G-7%20L6Fl%2C7C%2C7-GsZLo7%23Fpp%7CQyX6FZL7CZF%23o74TA*%7B%5D%205b7Bb6LZ2N%7CQyXQyXQyXQy%7DXQyX7C1N%7CQyX7-GEh7%20A%207oAZG%207-D%5E7XyQ%207%5EC%7CQyX7oA%7CQy7X%5EbAZL7bE%207-bB%7CA-7LZbAB*%5B7C%2C7-7XyQ%7Co%23Fpp%7CQyX6FZL7%20C7-GA*%5B%5DQyX5%237C7LZsG-GZL7%2ClF6LZF%23o7%20G-7LZAo7%20Bb6LZG-7%20C7LZF6%20D7b9%20Z%20%3DJazz-Medium%20Swing%3D100%3D3
07dc024a-0326-4384-a4f5-60ded24974b6,irealb://There%20Will%20Never%20Be%20Another%20You%3DWarren%20Harry%3D%3DMedium%20Up%20Swing%3DEb%3D10%3D1r34LbKcu77-bBZ4Eb%5E7QyX7-C%7CQyX9b7GQ%7CyX7hDZL%20lcKQyXKcl%20L4T%5BA*X7F%7CQb7XyQ%7CQyX7%5EbE%7CQyX117%23bD%7CQyX7%5EbA%5BB*%5DC-7XyE%7CQyXX9b7G%20LZF-hDZL%20lcKQyX7%5Eb%5BEA*%5DQyX7bB%7CQyX77XyQ%7ClcKQyQyX117XyQKQyX7%5EbA%5BC*%5DQyXb7E%7CQyX7-bBZL%20lc%7CDb7%23-C%7CQybB%206bXyQ%7CAB%207-FZL7C%207-GZ7LbA%207%5EbEZL7D%207hb7LZE7%5EbE%7C7%20Z%3D%3D0%3D0
076f0566-f536-4888-bfd6-775a06373e5a,irealb://%2D%2D%2D%2D%2D%2D%2D%20%30%31%20%53%65%74%20%30%31%20%4D%61%72%6B%65%72%20%2D%2D%2D%2D%2D%2D=%2E%2E==%4D%61%72%6B%65%72=%43==%31%72%33%34%4C%62%4B%63%75%37%72%6F%66%20%74%69%73%20%66%69%6C%70%20%61%20%6F%74%20%64%65%64%64%61%20%62%65%20%6F%74%20%74%73%75%6A%20%73%69%20%65%6C%61%79%6C%69%73%68%54%3C%6E%5B%3E%58%79%51%58%79%51%58%79%51%58%79%51%58%79%51%5D%20%3C%2A%34%38%4D%61%72%6B%69%6E%67%20%73%65%74%20%64%69%76%69%73%69%6F%6E%73%3E%20=%4A%61%7A%7A%2D%4D%65%64%69%75%6D%20%53%77%69%6E%67=%31%30%30=%33
073f59cd-77aa-4e9a-89ce-c8bbd81d4f81,irealb://%44%61%6D%65%20%54%75%20%43%6F%6E%73%65%6E%74%69%6D%69%65%6E%74%6F%20%28%47%69%67%29=%4D%6F%6E%74%69%6D%61%72==%42%61%63%68%61%74%61=%45==%31%72%33%34%4C%62%4B%63%75%37%79%58%36%30%2A%2A%30%36%35%31%4C%3E%36%62%31%32%33%51%79%58%36%30%2A%3C%41%23%2F%37%23%46%5A%4C%45%3E%36%31%2D%32%33%32%5A%41%2D%36%3C%3C%34%34%54%5B%41%2F%37%23%46%35%3E%4C%5A%45%36%62%37%62%31%2D%34%35%36%62%2D%31%36%2D%31%32%2D%33%33%2D%32%31%2D%35%38%30%2A%3C%5A%4C%37%3E%45%4C%5A%31%2D%32%33%51%33%34%34%51%79%36%4C%5A%45%4C%37%23%46%5A%4C%2D%23%47%5A%4C%2D%23%43%3E%33%32%2D%36%31%2D%32%33%32%31%35%38%30%2A%3C%5A%3C%2A%30%34%58%2D%41%5A%4C%23%30%2A%3C%5A%4C%5A%73%42%73%75%4C%36%2D%41%5A%4C%78%5A%4C%23%41%2F%37%23%5A%46%4C%78%5A%4C%45%6C%41%2A%5B%2C%37%42%2C%73%5A%78%4C%5A%45%4C%3E%32%31%32%29%42%28%78%5A%32%35%3E%73%41%4C%78%5A%4C%23%41%2F%37%23%46%5A%4C%78%5A%45%4C%6C%3E%32%20%36%36%2A%3C%41%2A%7B%2C%42%2C%5A%41%2D%36%4C%51%79%58%34%36%5A%4C%2D%23%47%73%45%2C%42%2F%6C%7C%2C%23%44%2F%42%2C%45%73%5A%4C%41%5A%2D%4C%23%47%5A%4C%2D%23%43%6C%42%2A%5B%2C%23%44%43%23%2D%4C%5A%5A%4C%45%5A%4C%2F%42%5A%4C%45%4C%5A%78%4C%5A%6E%67%67%28%20%6F%72%6F%43%20%36%36%2A%3C%2A%43%5B%2C%37%42%2C%73%75%73%42%73%5A%4C%2D%41%63%6F%29%3E%6C%23%41%2F%23%46%4C%3E%33%32%31%43%3C%2A%36%36%3E%49%20%D0%9B%51%79%58%51%79%58%36%32%2A%3C%4C%5A%41%3E%29%61%74%61%68%63%61%62%28%20%32%20%45%3C%2A%30%38%2A%5B%5D%20%45%49%E0%B8%AF%2D%36%30%4C%5A%46%23%4C%5A%4C%2D%23%47%5A%4C%2D%23%43%6C%3E%33%20%36%33%2A%3C%43%2A%7C%2C%43%2F%23%47%2C%42%73%5A%41%4C%5A%3C%2A%45%5A%4C%41%5A%2A%3C%31%4E%44%5A%41%4C%5A%45%3E%31%32%33%2D%34%2D%31%32%2D%31%37%36%51%58%79%51%79%58%3C%2C%2D%23%46%73%5A%4C%23%47%2F%42%37%2C%5B%2A%4C%45%3E%D0%9F%D0%9F%2C%45%3E%37%62%31%2D%32%31%33%2A%3C%32%4E%5B%59%7D%2C%42%2C%41%73%3E%33%35%34%36%37%20%3C%5A%4C%2D%23%43%5A%4C%41%6C%3E%31%30%31%2D%37%36%35%34%36%31%2D%23%43%73%5A%76%3C%2A%36%36%37%23%46%5A%4C%23%46%5A%4C%78%5A%4C%2D%23%5A%43%4C%78%5A%4C%41%6C%3E%65%74%6E%65%75%50%20%4C%5A%41%2D%4C%2A%5B%2C%37%45%2A%5B%2C%23%43%2C%5B%3C%2A%36%23%46%5A%4C%45%5A%4C%41%5A%4C%45%5A%4C%41%4C%5A%45%2F%42%5A%4C%45%6C%3E%4F%4C%4F%53%20%36%4C%5A%73%42%2C%23%44%2F%42%2C%2C%23%43%73%5A%20%20%4D%6F%64%23%46%5A%4C%42%6C%7C%2C%23%46%73%2C%57%5A%6E%4C%5A%4C%6E%5A%4C%23%46%6C%3E%6F%72%6F%43%20%4C%5A%47%23%4C%37%35%2A%3C%43%2C%23%46%73%7C%2C%7C%6C%44%23%23%47%73%31%4E%5A%4C%23%41%2F%23%46%5A%4C%7B%42%20%23%46%5A%4C%42%5A%4C%2D%23%41%5A%4C%2D%2D%2C%43%23%2C%23%43%2F%23%41%32%33%31%34%35%66%4E%33%6C%47%33%32%30%2A%3C%5A%4C%42%3E%36%31%37%36%2D%36%34%31%2A%3C%51%5A%4C%37%23%43%66%5A%4C%2D%23%31%37%36%35%36%7D%2C%37%23%46%35%34%62%33%3E%44%23%2D%4C%5A%66%73%42%2C%66%43%23%37%2C%7C%66%55%6C%44%5E%20%5A%20=%4C%61%74%69%6E%2D%43%75%62%61%3A%20%42%6F%6C%65%72%6F=%31%33%30=%31
07b9a2f5-bced-4bce-838a-e4578253db43,irealb://%4C%61%20%4E%6F%63%68%65%20%50%65%72%66%65%63%74%61%20%28%47%69%67%29=%43%68%69%72%69%6E%6F%20%57%69%6C%6C%79==%44%61%6E%63%65=%43==%31%72%33%34%4C%62%4B%63%75%37%43%73%5A%4C%47%34%3C%2A%36%38%43%73%5A%4C%47%6C%7C%2C%46%2C%43%73%5A%4C%6C%47%7C%2C%46%2C%43%73%3E%31%73%73%61%72%42%20%2C%46%2C%7C%6C%34%54%69%2A%5B%4C%47%6C%7C%2C%47%20%5D%7B%2A%4C%47%6C%7C%2C%46%2C%43%73%5A%4C%47%6C%7C%46%2C%2C%43%73%3E%6F%72%6F%63%20%36%36%2A%3C%41%5A%73%43%2C%46%6C%7C%2C%46%2C%45%2C%47%2F%43%2C%7C%73%47%2C%4C%2D%41%5A%4C%45%5A%4C%46%6C%3E%31%20%6F%72%73%65%56%20%34%36%2A%3C%42%2A%5B%5D%2C%23%46%5A%44%4C%5A%73%46%2C%43%73%5A%73%5A%4C%2D%41%6C%41%2D%4C%5A%2F%45%2C%47%2F%43%73%5A%4C%44%5A%4C%2D%41%4C%5A%45%5A%4C%46%6C%7C%23%46%2C%47%73%5A%4C%44%47%23%2C%7C%6C%7C%2C%23%47%2F%30%37%2A%3C%41%3C%2A%31%32%6C%43%3E%65%74%72%6F%63%32%31%2A%3C%7C%2C%47%46%2C%73%7C%5A%4C%43%6C%3E%61%6C%61%6C%61%6C%61%2C%47%7D%7B%2A%7C%2C%47%2C%46%2A%3C%43%2A%7D%3E%73%43%2C%46%46%2C%43%73%5A%4C%47%6C%7C%2C%46%2C%43%73%4C%5A%47%6C%7C%2C%46%2C%43%73%5A%4C%47%6C%7C%2C%2C%7C%6C%47%20%6F%72%6F%63%20%47%6C%7C%2C%46%78%3E%73%43%2C%20%73%73%61%72%42%20%38%36%2A%3C%44%2A%7B%47%20%6C%7C%2C%46%2C%43%73%5A%4C%47%6C%7C%2C%46%32%3E%73%43%2C%61%53%20%36%36%52%20%5D%46%5B%46%2C%7C%6C%47%7B%7D%20%6E%5A%4C%6E%3E%22%73%65%75%70%73%64%65%20%79%22%20%5D%45%5B%36%36%2A%3C%7B%7D%20%6E%3C%2A%36%36%2C%43%73%5A%4C%37%2A%3C%5B%59%52%54%3E%20%4C%6C%6F%68%20%51%79%58%34%31%2A%3C%7C%7D%20%3E%20%65%75%63%20%6C%6C%69%74%30%31%2A%3C%6E%5A%64%3E%6E%20%5D%41%50%20%50%41%5B%30%37%2A%3C%42%72%61%73%73%4C%2D%46%5A%4C%78%5A%4C%62%45%3E%29%61%6A%6A%61%61%6A%28%20%6F%63%69%6E%6F%66%6E%69%73%20%5A%45%62%20%5B%20%5D%47%5B%30%2C%43%2C%6F%47%45%62%2C%41%62%62%41%73%3E%5D%33%47%5B%34%36%2A%3C%5A%4C%45%62%5A%4C%62%41%5A%4C%62%45%6C%7C%2C%62%45%2F%2C%42%62%2C%7C%73%3E%5D%32%47%59%20%20%7D%20%62%2C%7C%42%62%41%2C%62%45%3E%78%61%73%20%5D%48%5B%34%36%3C%2A%7B%2C%44%2F%62%42%2C%2D%43%2C%42%2F%47%2C%62%2C%7C%42%62%41%2C%2D%46%7C%4A%5B%32%37%2A%5B%20%49%20%5D%7C%2C%46%2C%43%73%5A%4C%47%6C%7C%2C%46%2C%73%43%3E%6B%63%61%62%20%64%6F%6D%20%78%61%53%20%6C%47%20%7B%3C%32%37%2A%3C%5B%6F%43%20%5D%4B%65%20%5B%64%5D%7B%7D%20%47%6C%7C%2C%46%2C%43%73%5A%4C%47%7C%6C%2C%46%2C%43%73%3E%32%20%73%73%61%72%62%20%3C%2A%36%36%5B%6B%69%6C%20%5D%2C%46%2C%43%73%2C%46%2C%7C%6C%69%20%65%6B%69%4C%20%20%51%79%58%36%36%2A%51%3C%7B%7D%20%47%6C%7C%2C%46%2C%43%73%5A%4C%47%6E%74%72%6F%3E%43%73%3E%6F%72%7C%6C%47%4C%5A%73%43%2C%46%2C%7C%6C%47%20%7D%5B%43%20%5A%20=%50%6F%70%2D%44%69%73%63%6F=%31%34%30=%31
07afdb87-af2f-413f-b2d7-7082cc28b69a,irealb://%4D%6F%6E%74%6F%6E%20%64%65%20%45%73%74%72%65%6C%6C%61%73%20%28%47%69%67%29=%4D%6F%6E%74%61%C3%B1%65%7A%20%50%6F%6C%6F==%53%61%6C%73%61=%41==%31%72%33%34%4C%62%4B%63%75%37%79%58%7D%20%78%34%3C%2A%36%36%6C%6C%69%54%30%31%2A%3C%5A%4C%41%2F%44%5A%78%4C%5A%4C%41%3E%6F%63%6E%61%75%67%61%75%47%20%20%63%75%65%3E%34%54%69%2A%7B%2A%7B%7D%20%78%20%7B%2A%41%3C%78%5A%4C%44%5A%4C%78%5A%4C%2D%45%5A%4C%78%4C%5A%41%3E%73%65%73%72%65%76%20%31%20%38%36%2A%4C%5A%45%4C%5A%20%51%79%58%51%20%20%30%37%2A%20%32%20%76%65%20%78%5A%4C%45%5A%4C%78%5A%4C%44%5A%4C%78%4C%5A%2D%23%46%5A%4C%78%5A%4C%41%3E%73%65%73%72%7D%7B%2A%42%3C%38%36%2A%3C%41%63%6E%61%75%67%73%3E%41%4C%5A%36%2A%3C%69%2A%7B%59%7D%20%78%5A%4C%45%5A%78%4C%5A%4C%44%5A%4C%78%5A%4C%2D%23%46%5A%4C%78%36%20%47%75%61%75%72%6F%68%63%41%5B%20%6D%6F%78%4C%5A%44%2F%65%70%65%72%51%79%58%30%34%2A%3C%7D%20%78%65%3E%75%63%20%6C%6C%69%54%30%31%2A%3C%5A%4C%41%61%74%20%66%72%5A%4C%41%3E%6F%6E%61%69%70%20%64%3E%20%3C%2A%43%2A%7B%59%59%20%51%79%58%51%79%58%3E%5D%5B%43%20%6F%74%20%65%75%6E%69%74%6E%6F%63%30%32%3C%2A%36%34%20%6E%61%20%31%5D%51%79%58%51%79%62%61%6F%20%28%65%75%63%20%6C%6C%69%74%30%31%2A%3C%5A%4C%5A%44%4C%47%5A%4C%41%3E%29%73%73%61%62%20%6F%6E%3E%45%20%7D%58%6D%75%74%20%6F%6F%6C%6F%73%20%3C%2A%36%34%20%61%62%6D%75%74%20%73%73%61%62%20%6E%6F%63%73%20%6F%72%6F%63%20%73%65%6E%6F%67%65%72%70%20%6F%20%61%6E%64%44%2A%7B%20%20%6F%6E%61%69%70%47%4C%5A%44%4C%3C%43%2A%7B%59%20%20%51%79%58%51%79%58%7D%45%20%3E%65%75%63%20%6C%6C%69%74%30%31%2A%3C%5A%2A%36%34%20%20%5A%4C%41%3E%73%20%6C%6C%61%20%61%6F%20%28%6E%44%2A%7B%7D%20%3E%78%34%32%31%2A%3C%45%5A%44%4C%5A%4C%47%5A%4C%41%3E%29%73%73%61%62%20%6F%3C%2A%36%34%20%62%6D%75%74%20%61%75%47%20%67%5A%47%4C%5A%44%20%20%51%79%58%36%36%2A%3C%51%7B%59%7D%20%3E%45%65%75%63%20%6C%6C%69%74%30%31%2A%3C%5A%4C%45%6E%64%69%6E%4C%41%3E%6E%69%67%75%61%6E%63%6F%3E%41%4C%5A%78%4C%5A%44%2F%41%4C%5A%3C%2A%31%30%54%69%6C%6C%20%63%75%65%3E%78%20%7D%7C%41%20%5A%20==%30=%30
07c3b2ea-38d5-4e7b-809e-a5dd58b088b4,irealb://Summertime%20%20BG=Gershwin%20George==Slow%20Swing=A%2D==1r34LbKcu7ZL%20lc%2D7XyQE%7CQyX7F%7CQyX7%2DDLZ%20x%20ZL%20x%20ZL%20lcK7XyQKA44T%5B%23G%2FW%2CQKcl%20%23F%2FW%2CF%2F7FZL7%2DA7%20%5ECZL%20x%20ZL%20x%20ZL%2CE7%2FGyX7%2DA%2C%7CA%2D7XyQ%7CE7XyQZ%20=Jazz%2DLatin=110=3
07b13b5d-a87e-4e73-b1ef-70a1bb360478,irealb://%31%32%20%4D%69%6E%6F%72%20%4B%65%79%20%28%68%61%72%6D%6F%6E%69%63%29%20%28%70%72%69%6D%61%72%79%20%63%68%6F%72%64%73%20%69%6E%20%37%74%68%73%29%20%28%74%72%69%70%6C%65%29=%47%75%72%75%4F%66%47%75%69%74%61%72%2E%63%6F%6D==%52%6F%63%6B=%41%2D==%31%72%33%34%4C%62%4B%63%75%37%37%2D%41%7C%51%2D%37%58%79%51%7C%51%79%58%37%2D%44%7C%7C%51%79%58%37%2D%7C%41%51%79%58%37%2D%41%7C%51%79%58%37%2D%44%7C%44%2D%37%58%79%41%34%34%54%5B%58%79%51%7C%41%2D%37%58%79%51%7C%7C%45%37%58%79%51%7C%44%2D%37%58%79%51%7C%41%2D%37%58%79%51%7C%41%2D%37%20%45%37%2C%3C%31%36%78%3E%20%7D%20=%50%6F%70%2D%53%6D%6F%6F%74%68=%30=%33
07a278b4-f9e1-430c-878f-259d4807329d,irealb://%31%34%20%4D%69%6E%6F%72%20%4B%65%79%20%28%68%61%72%6D%6F%6E%69%63%29%20%28%61%6C%6C%20%37%20%63%68%6F%72%64%73%20%69%6E%20%37%74%68%73%29%20%28%64%75%70%6C%65%29=%47%75%72%75%4F%66%47%75%69%74%61%72%2E%63%6F%6D==%52%6F%63%6B=%41%2D=%32=%31%72%33%34%4C%62%4B%63%75%37%4C%20%6C%63%4B%2D%37%58%79%51%5A%4C%20%6C%63%4B%51%79%58%37%5E%46%5A%4C%6C%20%63%4B%51%79%58%37%5E%43%5A%4C%20%6C%63%4B%42%68%58%79%51%41%34%34%54%5B%58%6F%23%47%5A%51%4B%63%6C%20%51%79%58%37%2D%44%5A%4C%20%6C%63%4B%51%79%37%58%2D%41%5A%4C%20%78%20%5A%4C%20%78%20%5A%4C%4B%63%6C%20%4C%79%58%37%45%5A%79%51%4B%63%6C%20%4C%5A%20%78%20%4C%5A%20%78%20%4C%5A%41%2D%37%58%79%51%4B%63%6C%20%20%7D%7C%20=%50%6F%70%2D%53%6F%75%6C=%35%35=%36
07c8052c-f452-4697-b3f5-cb625f7b4441,irealb://%31%34%20%4D%69%6E%6F%72%20%4B%65%79%20%28%68%61%72%6D%6F%6E%69%63%29%20%28%61%6C%6C%20%37%20%63%68%6F%72%64%73%20%69%6E%20%37%74%68%73%29=%47%75%72%75%4F%66%47%75%69%74%61%72%2E%63%6F%6D==%52%6F%63%6B=%41%2D==%31%72%33%34%4C%62%4B%63%75%37%4C%20%6C%63%4B%2D%37%58%79%51%5A%4C%20%6C%63%4B%51%79%58%37%5E%46%5A%4C%6C%20%63%4B%51%79%58%37%5E%43%5A%4C%20%6C%63%4B%42%68%58%79%51%41%34%34%54%5B%2D%41%5A%4C%20%51%4B%63%6C%20%58%6F%23%47%5A%4C%20%6C%63%4B%51%79%58%37%44%2D%5A%4C%20%6C%63%4B%51%79%58%37%2D%41%5A%4C%79%51%4B%63%6C%79%58%37%45%5A%37%58%79%51%4B%63%6C%20%20%7D%7C%20=%4A%61%7A%7A%2D%4D%65%64%69%75%6D%20%53%77%69%6E%67=%30=%36
07a697c9-5e87-4f09-9113-0401ed95b76e,irealb://%41%6C%65%6C%75%79%61%20%28%41%67%6E%75%73%20%44%61%79%29=%4D%61%72%63%6F%73%20%57%2E%20%53%6D%69%74%68==%42%61%6C%6C%61%64%20%45%76%65%6E=%43==%31%72%33%34%4C%62%4B%63%75%37%58%29%47%28%43%34%43%2C%2A%41%29%47%28%20%29%46%28%20%29%45%28%43%7C%51%58%79%3E%29%32%28%20%2E%47%2E%45%20%36%36%2A%3C%20%28%41%29%7C%32%54%69%2A%7B%43%7C%51%79%58%58%79%51%7C%43%58%2C%46%5A%4C%20%29%43%28%20%29%42%28%46%29%7C%41%28%20%29%47%28%20%29%46%28%20%29%45%28%79%51%7C%46%2C%2C%43%7C%51%79%20%20%2C%46%7C%43%2C%58%79%51%7C%51%79%58%2C%46%7C%51%79%58%2C%43%32%4E%7D%7C%51%79%58%2C%43%7C%51%79%58%2C%43%31%4E%7C%46%2C%58%79%51%7C%51%79%58%2C%2C%47%7C%51%79%42%43%2C%58%79%79%58%2C%46%7C%51%79%58%2C%2A%6D%2A%41%7C%79%51%58%2C%2A%6D%2A%41%7C%51%79%58%2C%43%7C%51%51%7C%46%2C%58%2A%5B%5D%2C%47%58%79%51%7C%47%2C%58%79%51%7C%46%2C%58%79%51%7C%46%2C%58%79%51%7C%44%2D%2C%58%79%51%7C%44%2D%2C%58%79%51%7C%5B%43%2C%55%20%5D%7C%20=%4A%61%7A%7A%2D%42%61%6C%6C%61%64%20%45%76%65%6E=%36%30=%33
07ea39d4-0cbb-4b03-99c9-dbfa3a2b6013,irealb://%41%6D%6F%72%20%44%65%20%4D%61%64%72%65=%4D%61%6E%75%65%6C%6C%65%20%56%69%63%74%6F%72==%50%6F%70%20%42%61%6C%6C%61%64=%42==%31%72%33%34%4C%62%4B%63%75%37%23%47%7C%51%79%34%42%20%41%23%58%42%41%2A%7B%5D%20%23%41%20%2D%23%43%5A%2D%4C%23%44%20%45%5A%4C%23%46%20%2D%23%47%5A%4C%79%51%7C%42%58%34%54%69%2A%5B%20%45%5A%4C%23%5A%45%58%79%51%7C%7D%51%79%58%23%46%7C%51%79%58%2D%23%43%51%7C%79%58%2D%23%47%7C%51%79%58%23%44%2F%42%7C%47%23%2D%20%46%4C%23%46%20%2D%23%44%20%45%5A%47%23%2D%20%46%23%47%5A%4C%23%41%20%42%42%2A%7B%51%79%58%46%23%34%34%54%7C%51%79%58%45%34%32%54%5A%4C%23%2D%20%46%23%4C%5A%4C%2D%23%44%79%58%45%7C%51%43%23%2D%20%46%7C%51%79%58%42%7C%51%79%58%45%5A%4C%23%46%2D%20%23%47%7C%51%79%58%2D%23%43%32%4E%7D%20%23%47%23%2D%58%79%31%4E%5A%4C%2D%51%7C%46%23%3C%2A%37%34%54%6F%20%41%2C%42%32%76%65%7A%3E%58%79%51%7D%20==%30=%30
0778e7f3-0809-4de3-a4fa-e6aab8721208,irealb://%43%61%6E%74%61%20%59%20%44%61%6E%7A%61=%4C%C3%B3%70%65%7A%20%4E%69%6D%73%79==%52%6F%63%6B=%43==%31%72%33%34%4C%62%4B%63%75%37%7B%7D%51%79%58%34%43%2C%58%79%46%7C%51%79%58%2D%41%7C%51%79%58%2D%41%7C%79%51%58%46%7C%51%79%58%46%7C%51%79%58%43%7C%51%58%79%51%7C%46%34%54%69%2A%7B%51%79%58%46%7C%79%51%7C%43%58%51%79%58%45%2F%43%7C%51%79%58%45%2F%43%7C%79%51%58%37%5E%46%7C%51%79%58%37%5E%46%7C%51%79%7C%46%58%79%51%58%2C%43%41%2A%47%7C%51%79%58%30%28%50%72%65%46%7C%51%79%58%2D%41%3E%2E%2E%2E%61%7A%6E%64%61%20%79%20%61%74%6E%61%43%29%6F%72%6F%63%20%58%79%51%7C%43%36%2A%3C%7B%7D%58%46%7C%51%79%7C%47%58%79%51%79%58%43%7C%51%79%58%43%3E%2E%2E%2E%64%61%61%6D%6C%63%6F%72%50%20%32%37%2A%3C%42%2A%7B%7D%51%7C%41%2D%58%7D%20%53%20%20%58%2D%41%3E%6F%79%51%7C%43%58%36%2A%3C%43%2A%7B%7D%20%20%3E%6E%49%20%6F%31%54%37%2A%3C%20%43%5A%4C%46%20%2D%41%7C%51%79%39%20%53%6F%6C%58%43%7C%51%79%65%62%75%53%39%79%51%7C%43%58%51%79%58%41%53%7D%51%79%58%47%3E%6F%72%6F%20%63%65%72%70%20%6F%54%20%32%37%2A%3C%7C%51%79%7C%41%3C%2A%36%58%46%7C%51%79%79%58%44%7C%51%2A%42%3C%2A%36%79%58%2D%42%7C%51%79%58%44%7C%51%79%58%44%2E%3E%2E%2E%64%61%6D%61%6C%63%6F%72%50%20%20%39%51%7C%47%58%79%7B%51%79%58%3E%2D%42%7C%51%79%51%7C%42%2D%20%58%2D%42%3E%61%7A%6E%61%64%20%79%20%61%74%61%6E%43%39%36%2A%3C%7B%7D%51%79%58%44%5A%4C%47%79%51%7C%47%58%79%58%44%7C%51%58%79%51%7C%47%58%79%51%7D%66%47%4C%5A%66%44%20%5A%20=%50%6F%70%2D%52%6F%63%6B=%31%31%35=%31
07a93f75-b25e-46e4-86c4-4c4361b72ced,irealb://%54%65%20%43%6F%72%6F%6E%61%6D%6F%73=%43%6F%6D%70%6F%73%65%72%20%55%6E%6B%6E%6F%77%6E==%52%65%67%67%61%65=%43%2D==%31%72%33%34%4C%62%4B%63%75%37%58%2D%47%7C%51%34%43%2D%2C%2A%7D%20%3E%33%58%39%36%2A%3C%20%20%2D%46%7C%79%51%58%2D%46%7C%51%79%58%2D%47%7C%51%79%58%41%7C%43%2D%58%79%34%54%69%2A%7B%62%42%7C%51%79%58%79%51%7C%42%79%58%62%41%7C%51%79%58%62%41%7C%51%79%58%45%62%7C%51%79%58%62%45%42%2A%7B%5D%51%79%58%62%51%7C%42%62%58%62%42%7C%51%79%20%73%65%20%61%31%41%62%58%79%4C%20%20%31%32%2A%3C%5D%51%79%58%62%41%7C%79%51%58%23%43%32%4E%7C%7D%51%79%58%62%42%7C%51%61%20%63%6F%64%4E%7C%51%79%58%6C%61%20%69%6E%74%72%6F%3E%20=%50%6F%70%2D%52%65%67%67%61%65=%39%30=%33
076d1063-1279-4d8c-8fce-0a59406d0c73,"irealb://%43%6F%6D%6F%20%4C%6C%75%76%69%61=%52%6F%73%61%72%69%6F%20%49%6E%67%72%69%64==%42%61%6C%6C%61%64=%43==%31%72%33%34%4C%62%4B%63%75%37%4E%5A%4C)%2D%34%43%20%47%2F%46(%43%7C%7D%20%47%20%2D%44%5A%4C%45%2F%20%43%46%7C,%43,%2D%47%20%37%2D%41%5A%4C%42)%20%20(%46%34%54%41%2A%7B,%43%5A%4C%42%58%79%51%7D%7C,%43,%62%42%20%43%5A%4C%47%20%42%2F%47%4C%5A%43%20%46%5A%4C%47%20%42%2F%47%32%4E%42%2A%7C%46%20%47%2F%73%75%73%43%31%47%20%44%2F%46%2D%4C%5A%7C%44%2F%47%7C%51%79%58%46%51%7C%7D%20%20%3E%42%41,%20%6F%54%32%37%2A%3C%20%47%7C%51%79%58%2D%45%58%79%51%7C%41,%42%2F%47%4C%5A%43%58%79%51%5A%20=%4A%61%7A%7A%2D%4D%65%64%69%75%6D%20%53%77%69%6E%67=%31%30%30=%33"
07fa4fec-22f8-494f-b6a3-4b40a07f9a13,"irealb://%4A%65%68%6F%76%61=%4A%75%6C%69%73%73%61==%42%61%6C%6C%61%64%20%45%76%65%6E=%44%62==%31%72%33%34%4C%62%4B%63%75%37%37%2D%23%41%7C%34%43%23(%46%23%43(%20)%46(%20)%23%44(%23%46)%7C%23%43(%20)%46(%20)%23%43(%20))%20(%47)%34%54%69%2A%7B%58%23%43%3E%20%23%58%79%51%7D%49%44%20%65%64%20%72%6F%6D%61%20%6C%65%20%74%6F%73%69%76%20%68%45%20%39%36%2A%3C%41%2A%7C%4F%53%2E%2E%2E%46%7C%51%79%58%2A%3C%7C%7C%51%58%79%51%7C%43%51%79%58%2D%23%41%7C%51%79%58%23%46%7C%51%58%79%23%43%7C%7C%51%79%58%23%46%7C%51%79%58%23%7C%47%23%58%79%23%46%7C%51%79%3E%51%79%58%39%65%73%20%6D%69%43%5A%4C%23%47%20%2D%23%41%7C%51%79%58%23%7C%47%51%79%58%23%46%3E%2E%2E%2E%53%4F%49%44%20%23%20%3C%2A%36%20%6C%45%39%36%36%2A%3C%5A%4C%42%3C%2A%36%39%5A%4C%23%47%20%2D%23%41%7C%51%79%58%23%47%51%7C%79%58%23%46%3E%2E%2E%C3%A1%76%6F%68%65%4A%20%43%23%20%20%51%2A%7C%5D%20%20%20%2D%23%41%7C%73%74%61%20%61%7C%51%79%58%23%46%3E%20%2E%2E%2E%2E%69%6D%6E%20%65%20%65%76%69%76%20%6C%45%20,%69%75%71%47%23%58%79%51%65%20%6C%45%39%64%61%6E%61%73%23%20%3C%2A%35%72%6F%64%65%65%76%6F%72%70%20%69%4D%20%39%2A%36%3C%43%2A%7B%7D%20%20%3E%41%20%6F%54%20%34,%20%6D%69%20%43%5A%4C%23%47%79%58%23%46%51%2E%20%3E%46%23%42%20%6F%54%20%20%34%35%2A%3C%20%23%47%7C%79%51%58%2D%23%41%7C%51%79%58%23%47%7C%51%79%58%3E%20%20%7D%5B%2E%2E%2E%72%6F%51%7C%47%23%58%79%51%7C%44%23%2D%58%79%51%7C%47%23%58%79%51%7C%41%23%2D%20%47%23%4C%5A%43%23%58%79%51%5A%20=%4A%61%7A%7A%2D%4D%65%64%69%75%6D%20%53%77%69%6E%67=%31%30%30=%33"
0739d7d9-4152-49fd-b44a-6ff6dbbc94d0,"irealb://%4D%61%6E%64%61%20%4C%61%20%4C%6C%75%76%69%61=%42%61%72%72%69%65%6E%74%6F%73%20%4D%61%72%63%6F%73==%4D%65%64%69%75%6D%20%53%77%69%6E%67=%43==%31%72%33%34%4C%62%4B%63%75%37%2D%42%7C%51%79%34%3C%2A%37%32%58%47%7C%51%79%58%44%7C%51%79%58%44%3E%2E%2E%2E%69%74%20%65%74%6E%61%20%6F%67%6E%65%56%20%79%51%7C%47%58%34%54%41%2A%7B%23%46%70,%44%2D%58%79%51%7C%3E%20%2E%2E%2E%2E%65%64%6E%65%69%63%73%65%39%44%36%2A%3C%7B%7D%51%79%58%41%7C%51%79%58%41%47%58%79%51%7C%42%7C%51%79%58%76%75%6C%6C%20%79%51%7C%41%20%6E%61%4D%20%39%36%2A%3C%42%2A%7B%51%79%58%7C%41%7D%20%20%3E%41%20%6F%54%20%20%39%36%2A%3C%64%61%20%6C%61%58%2D%45%5A%4C%34%37%2A%3C%20%3E%44%58%79%51%58%41%7C%51%79%58%2D%42%7C%51%79%58%2D%42%51%7C%79%58%47%7C%51%79%58%47%7C%51%79%58%44%7C%79%51%7C%7C%41%2E%2E%2E%61%69%20%20%54%6F%20%41%3E%20%20%7D%7C%44%58%79%51%5A%20=%4A%61%7A%7A%2D%4D%65%64%69%75%6D%20%53%77%69%6E%67=%31%30%30=%33"
07f81c4d-52eb-434e-9ade-4def77701558,"irealb://%4D%C3%A1%73%20%59%20%4D%C3%A1%73=%49%73%72%61%65%6C%20%48%6F%75%67%68%74%6F%6E,%20%4A%65%73%C3%BA%73%20%45%73%20%45%6C%20%43%65%6E%74%72%6F==%42%61%6C%6C%61%64=%47==%31%72%33%34%4C%62%4B%63%75%37%72%6F%50%20%39%34%43,%2A%41%7B%51%79%58%44%32%4E%7C%7D%51%79%58%2D%41%4E%31%7C%51%79%58%44%7C%51%79%58%47%7C%51%79%58%2A%42%3C%2A%36%34%54%69%2A%7B%2F%47%7C%51%79%62%75%65%6E%6F%58%23%46%2F%44%7C%5A%4C%47%20%2D%41%7C%51%58%79%42%2F%47%7C%51%79%58%43%3E%20%2E%2E%2E%2E%79%51%7C%43%58%20%65%75%71%20%20%73%C3%A1%6D%20%5A%41%2D%20%47%65%75%51%20%39%36%2A%3C%43%2A%7B%7D%20%20%41%3E%20%6F%54%39%36%2A%3C%20%23%46%2F%44%5A%4C%72%65%6D%6F%73%4C%2D%45%20%42%44%7C%51%79%58%2E%2E%2E%2E%20%43%7C%51%79%58%43%7C%51%79%58%2D%42%7C%7C%79%51%58%2D%42%7C%51%79%58%43%7C%51%79%58%43%3E%58%79%51%7C%47%69%74%20%65%64%58%79%51%7D%20=%4A%61%7A%7A%2D%4D%65%64%69%75%6D%20%53%77%69%6E%67=%31%30%30=%33"
07057509-7717-4787-b556-b2d947143a75,irealb://%32%2D%35%2D%31%20%50%72%61%63%74%69%63%65=%4D%61%66%66%65%20%4C%69%6E%63%6F%6C%6E==%4D%65%64%69%75%6D%20%53%77%69%6E%67=%43==%31%72%33%34%4C%62%4B%63%75%37%5A%4C%37%6F%23%47%37%4C%5A%43%5A%4C%37%43%20%37%2D%47%7B%20%37%5E%43%5A%37%4C%47%20%37%2D%44%5A%4C%37%6F%23%43%20%37%5E%46%5E%37%20%46%20%37%2D%44%5B%42%20%37%2D%46%37%4C%5A%46%5E%42%5A%4C%37%46%20%37%2D%43%5A%4C%37%6F%42%37%20%5E%62%42%5A%4C%37%46%20%37%2D%43%5A%4C%37%62%5E%37%4C%5A%43%20%37%2D%47%42%5A%4C%37%6F%62%5E%37%20%45%41%5A%4C%37%62%45%20%37%2D%62%42%5A%4C%37%62%5E%45%5A%4C%37%62%42%20%37%2D%46%5A%4C%37%6F%62%5E%37%20%41%45%5A%4C%37%62%4C%37%5E%62%44%62%37%4C%5A%41%20%37%2D%62%45%5A%4C%37%6F%44%20%37%5E%62%5A%44%4C%37%62%41%20%37%2D%62%45%5A%4C%37%5E%62%41%62%37%4C%5A%45%20%37%2D%62%37%5E%42%5A%4C%20%44%62%37%4C%2D%62%44%5A%4C%37%5E%62%47%5A%4C%37%62%44%37%20%2D%62%41%5A%4C%37%6F%47%20%37%5E%62%47%5A%37%20%47%62%37%37%2D%62%41%5A%5E%45%5A%4C%37%5A%44%62%2D%37%46%5A%4C%37%6F%46%20%37%5E%45%5A%4C%37%42%37%20%2D%23%46%5A%4C%37%5E%42%5A%4C%37%62%47%20%23%2D%37%20%42%4C%37%6F%43%20%37%6F%23%44%20%37%20%45%37%4C%37%41%20%37%2D%45%5A%4C%37%5E%41%5A%4C%37%20%45%37%2D%42%5A%4C%37%6F%23%41%20%37%5E%41%5A%4C%5A%44%5E%37%2D%42%5A%4C%37%20%37%2D%44%5A%20%41%37%4C%5A%4C%37%44%20%37%2D%41%5A%4C%37%6F%23%47%20%5E%37%47%5A%4C%37%44%20%37%2D%41%5A%4C%37%5E%44%5A%47%5E%37%4C%37%2D%45%5A%4C%47%37%4C%5A%43%5E%37%20%43%23%6F%37%4C%5A%44%2D%37%20%47%37%4C%5A%43%5E%37%20%7D%20==%30=%30
0744efea-b1a7-4497-a80b-4c8067fcda09,irealb://%44%65%76%75%65%6C%76%65%6D%65%20%61%20%6D%69%20%43%68%69%63%61%20%28%67%69%67%29=%48%6F%6D%62%72%65%73%2D%47==%52%6F%63%6B%20%50%6F%70=%44%2D==%31%72%33%34%4C%62%4B%63%75%37%4C%78%5A%4C%2D%34%44%2D%4C%5A%4C%2D%44%3E%7A%6F%76%20%20%51%79%58%36%36%3C%2A%53%41%2A%7B%7D%20%78%5A%4C%2D%41%5A%4C%78%5A%78%4C%5A%41%34%54%69%2A%7B%47%6C%2C%7C%59%78%4C%5A%41%2D%2D%41%73%2C%57%5A%4C%2D%44%5A%4C%78%5A%4C%47%2D%6C%2C%7C%2C%23%47%2F%2D%41%73%2C%57%5A%4C%2F%47%23%2C%7C%5A%4C%2D%44%5A%2D%47%5A%4C%46%5A%41%2D%4C%5A%4C%46%5A%4C%62%42%5A%4C%46%5A%4C%62%42%3E%72%6F%6F%63%20%20%34%36%2A%3C%42%2A%7B%7D%20%78%5A%42%62%4C%5A%4C%78%5A%4C%2D%78%5A%4C%2D%44%30%74%6F%20%63%2D%41%5A%4C%78%5A%4C%2D%44%3E%6F%6C%6F%73%32%20%36%2A%3C%43%2A%7B%7D%20%37%43%3E%61%64%6F%4C%5A%78%4C%5A%31%2A%3C%5A%4C%2D%41%5A%4C%78%5A%57%2C%73%41%2C%7C%2C%23%47%2F%2D%41%73%2C%57%5A%4C%2D%5A%44%4C%78%5A%4C%2D%47%6C%2C%7C%2C%23%47%2F%2D%6C%47%2D%4C%5A%4C%2D%41%5A%4C%62%42%5A%4C%46%3C%2A%32%32%20%4C%46%5A%4C%62%42%51%7B%20%20%51%79%58%51%58%79%3E%61%64%6F%43%20%6C%61%20%2E%53%2E%44%20%5A%42%62%4C%5A%7D%20%78%5A%4C%4C%5A%46%4C%5A%47%2D%4C%5A%4E%31%43%37%20%7D%7C%4E%32%43%20%43%23%6F%4C%5A%55%66%44%2D%58%79%51%5A%20==%31%39%37=%30
07a357c6-6f01-4eaf-ac30-cddc6673bf21,irealb://%44%69%64%61%64%69%20%28%47%69%67%29=%4C%65%65%20%43%6F%63%6F==%4D%65%64%69%75%6D%20%52%6F%63%6B=%41%2D==%31%72%33%34%4C%62%4B%63%75%37%2A%5A%4C%20%6C%34%41%2D%58%79%2D%41%7C%51%79%58%47%7C%51%79%58%46%5A%4C%6C%20%63%4B%51%79%58%2D%44%5A%4C%20%6C%63%4B%51%58%79%51%4B%63%34%54%69%2A%5B%79%58%2D%44%42%51%4B%63%6C%20%63%4B%51%79%58%2D%41%7C%51%79%58%47%7C%51%58%79%46%5A%4C%20%6C%63%4B%51%79%58%2D%44%5A%4C%6C%20%4C%5A%2A%79%58%2D%41%41%2A%5A%4C%20%6C%51%7C%43%58%79%47%5A%4C%20%6C%63%4B%51%79%58%2D%44%5A%4C%6C%20%63%4B%51%79%58%2D%41%5A%4C%20%6C%63%4B%51%58%79%51%4B%63%79%58%47%7C%51%43%41%2D%58%79%51%4B%63%6C%20%4C%5A%44%2D%58%79%51%4B%63%6C%20%4C%5A%46%58%79%51%7C%47%58%79%51%7C%41%2D%58%79%51%4B%63%6C%20%20%5A%20==%30=%30
07d5f0b7-70e8-4d89-9e35-7b511e5a2734,irealb://%43%61%6E%74%61%69%20%41%6F%20%53%65%6E%68%6F%72=%2E==%4D%69%6E%69%73%74%C3%A9%72%69%6F%20%4C%69%76%72%65=%43=%32=%31%72%33%34%4C%62%4B%63%75%37%4C%44%20%2D%45%20%47%2A%34%2A%47%20%47%5A%4C%2A%34%2A%47%20%47%7B%20%20%79%51%58%51%79%58%7D%20%2A%34%2A%47%20%47%5A%4C%2A%34%2A%4C%5A%47%34%34%54%7B%20%47%5A%4C%2A%20%43%36%4C%5A%7B%7D%20%44%20%5E%46%5A%4C%47%2F%2D%41%20%41%2D%5A%4C%43%20%42%2F%47%5A%4C%43%20%42%2F%47%47%20%47%2A%34%23%43%2F%41%5A%47%2A%34%2A%4C%5A%47%20%28%44%2F%46%23%29%45%2D%4C%5A%46%5E%20%44%20%7D%20==%30=%30
076325fa-2975-4cba-8016-e92494682c0e,irealb://%54%75%61%20%50%72%65%73%65%6E%C3%A7%61%20%C3%89%20%52%65%61%6C=%2E==%4D%69%6E%69%73%74%C3%A9%72%69%6F%20%4C%69%76%72%65=%43=%31%30=%31%72%33%34%4C%62%4B%63%75%37%66%65%52%39%36%3C%20%3E%41%39%79%58%45%7C%2C%45%2F%41%2C%45%2F%42%20%45%51%7C%79%58%62%45%2F%42%7C%51%79%58%2C%41%2A%2C%51%7D%7B%3C%2A%2C%69%2A%2C%7B%23%46%7C%51%79%39%58%79%51%7C%51%79%58%42%7C%51%79%58%2D%23%46%7C%51%79%2D%58%23%43%7C%51%79%58%45%7C%51%79%58%41%2F%42%5B%4E%31%45%58%41%3E%6F%C3%A3%72%2D%20%45%2F%41%62%20%7D%5B%4E%32%45%20%42%2F%45%2C%41%2F%45%2C%7C%45%58%79%51%5A%20==%30=%30
076facc7-f964-4e5b-ad24-8fa95f800c92,irealb://%53%61%69%6C%20%41%77%61%79%20%28%48%61%72%72%65%6C%6C%29%2D%52%65%76%20%4A%45=%48%61%72%72%65%6C%6C%20%54%6F%6D==%42%6F%73%73%61%20%4E%6F%76%61=%43==%31%72%33%34%4C%62%4B%63%75%37%47%2F%57%2C%37%34%45%2D%37%4C%23%47%2F%39%62%37%45%5A%4C%73%75%73%39%62%47%37%5A%4C%31%31%2D%44%5A%4C%74%6C%61%37%41%5A%4C%5A%73%41%2D%34%54%41%2A%5B%39%62%37%45%5A%46%23%4C%5A%46%62%37%47%5A%4C%31%31%2D%44%6C%7C%2C%39%62%2C%45%37%2D%62%42%73%5A%4C%37%2D%45%5A%4C%36%2D%39%73%75%73%4C%2F%44%6C%7C%2C%31%2D%46%5A%4C%73%41%2D%37%2C%43%5A%4C%37%2D%47%6C%7C%2C%37%2D%62%41%2C%62%37%42%73%5A%4C%31%31%2D%46%6C%7C%2C%47%2F%57%37%62%39%62%35%5A%4C%23%47%2F%73%42%2A%5B%5D%62%37%2C%41%62%37%44%5A%4C%31%31%2D%41%6C%7C%2C%37%2D%62%2C%42%37%2D%43%73%5A%4C%39%62%37%47%6C%7C%2C%6F%62%39%62%35%20%42%73%5A%4C%31%7C%2C%23%47%2F%2F%46%23%2C%7C%5A%4C%5E%45%6C%7C%2C%37%42%2C%37%2D%23%46%5A%73%4C%68%23%43%6C%7C%2C%44%2F%57%2C%37%2D%45%73%41%5E%2C%57%37%42%2C%5E%47%47%2F%57%2C%5E%5A%42%37%2C%4C%6C%61%37%45%5A%4C%2C%73%75%73%39%45%5A%4C%62%35%39%62%37%62%45%5A%4C%73%75%73%39%62%45%5A%74%4C%5A%73%41%4C%68%23%46%6C%5A%4C%74%6C%61%23%2D%37%4C%5A%2D%45%6C%43%2A%5B%5D%2C%37%47%2C%62%42%2F%62%5E%41%7C%2C%43%2F%5E%62%42%2C%44%2F%5E%43%73%37%4C%5A%41%37%46%6C%7C%2C%23%68%45%5A%4C%35%5A%47%37%62%39%5A%4C%68%23%46%6C%7C%2C%47%2F%57%2C%37%2D%73%41%5A%4C%23%47%2F%39%62%37%45%5A%4C%73%75%73%42%37%23%39%23%4C%31%31%2D%44%73%75%73%33%31%6C%74%4C%5A%44%5E%43%5A%4C%73%75%73%33%31%47%5A%4C%47%2F%43%5E%6C%5A%4C%51%2C%39%62%37%47%5A%4C%31%31%2D%2F%47%4C%5A%47%61%37%41%5A%4C%47%2F%45%2C%47%43%5E%2F%47%4C%23%46%2F%44%2C%46%73%5A%4C%73%75%73%33%31%5A%47%4C%47%2F%5E%43%5A%4C%73%75%73%33%31%47%5A%2C%7C%45%2D%2F%51%5B%59%5A%20%23%2C%7C%46%2F%41%2C%42%62%5E%2C%7C%6C%47%2F%42%4C%5A%55%66%3C%46%49%4E%45%3E%43%2D%39%20%5A%20==%31%33%39=%33
0706a3c3-4b87-4809-9681-5210e51953b1,irealb://%43%61%72%65%20%46%6F%72%20%4B%69%64%73=%42%65%73%74%20%50%65%74%65%72==%4D%65%64%69%75%6D%20%53%77%69%6E%67=%47==%31%72%33%34%4C%62%4B%63%75%37%37%41%20%2D%45%41%2C%54%34%34%20%20%44%7C%51%79%58%44%7C%51%79%58%2D%41%51%7C%79%58%2D%41%7C%51%79%58%47%7C%51%79%58%47%2C%51%2C%4C%5A%2A%2C%53%2C%7B%51%79%58%43%7C%58%79%51%7D%58%7C%51%79%58%47%2C%42%2A%2C%7B%5A%4C%37%44%44%20%32%4E%7C%51%79%58%51%79%58%51%79%58%51%79%42%2D%58%79%51%44%31%4E%5A%4C%3E%61%64%6F%43%7D%7C%44%2D%58%53%2E%44%3C%5A%4C%37%44%20%44%7C%51%79%58%41%2D%5A%4C%45%20%2A%34%73%75%73%2A%45%7C%51%79%2E%20%61%6C%20%51%79%58%44%7C%44%36%20%20%44%5D%7C%58%79%51%58%79%51%58%79%51%58%79%51%59%5B%2C%51%2C%41%2D%37%20%44%37%4C%5A%2C%55%2C%47%58%79%51%5A%20==%30=%30
07966149-6fb3-4585-bb22-2435255d4311,irealb://%43%75%69%64%61%64%6F%2C%20%43%6F%6C%65%67%61%20%4F%4D%44%50=%50%69%78%69%6E%67%75%69%6E%68%61%20%2D%20%4C%61%63%65%72%64%61==%43%68%6F%72%6F%20%53%65%72%65%73%74%65%69%72%6F=%43==%31%72%33%34%4C%62%4B%63%75%37%46%2F%37%42%20%6C%6E%20%5B%53%43%7C%51%79%58%62%44%7C%51%79%58%2D%44%7C%79%51%58%37%41%7C%51%79%58%43%5A%4C%37%47%41%2A%58%79%51%7C%45%2C%32%32%54%5B%47%7C%51%79%58%47%23%2C%6E%20%58%37%62%41%7C%51%79%58%46%7C%51%79%58%45%37%2F%43%7C%51%79%58%43%7C%51%79%58%37%47%5A%4C%79%51%7C%44%62%2F%45%5A%4C%23%4C%68%23%46%20%3C%46%69%6E%65%58%2D%41%7C%51%79%58%37%45%7C%51%79%58%62%7C%42%51%79%58%2D%41%42%2A%5B%20%51%20%20%43%3E%79%51%7C%41%2D%5D%51%79%58%37%58%37%41%7C%51%51%7C%46%23%37%51%79%58%62%42%7C%51%79%58%2D%41%5A%4C%37%20%45%23%47%2F%37%45%5A%4C%41%2F%42%20%23%41%2F%7C%45%37%58%79%79%58%2D%45%5A%58%46%43%2A%51%58%79%51%7C%41%2D%41%3E%61%64%6F%43%20%6C%61%20%2E%53%2E%3C%44%5A%4C%37%45%20%46%2F%2D%44%7C%51%79%58%2D%2C%6E%20%20%5D%62%42%7C%51%79%62%42%2F%2D%47%2F%46%23%58%79%2D%43%5A%4C%42%2F%37%47%20%37%47%6C%2C%7C%23%2C%46%2F%37%44%2C%37%41%73%2C%20%2D%47%7C%51%20%41%68%4C%5A%37%44%7C%51%79%42%2F%43%2C%42%5A%44%2F%46%23%20%62%42%2F%43%5A%4C%6F%42%20%43%2F%46%5A%62%4C%44%20%44%5A%4C%62%45%20%44%5A%4C%37%41%20%2C%73%47%37%2F%4C%36%2D%47%20%69%46%20%6C%61%46%37%2F%41%20%3C%5A%4C%37%43%20%62%44%2F%36%62%42%5A%4C%44%37%20%46%7C%51%79%58%36%2D%62%42%5A%4C%37%46%44%2E%53%2E%20%6C%2C%7C%2C%62%6E%65%3E%46%2C%6E%20%20%5A%20=%4C%61%74%69%6E%2D%42%72%61%7A%69%6C%3A%20%53%61%6D%62%61=%31%33%30=%31
07bfd553-fb62-43ca-b055-e67d357d4f50,irealb://%43%68%65%67%61%20%4E%6F%20%53%75%69%6E%67%75%65=%4A%6F%72%67%65%20%53%65%75==%46%75%6E%6B=%43%23%2D==%31%72%33%34%4C%62%4B%63%75%37%43%2F%5E%45%28%34%43%23%2D%39%43%7B%7C%51%79%58%78%5A%4C%29%36%62%2D%23%28%43%20%20%39%5E%41%7C%51%79%58%78%7C%51%79%58%23%2D%39%20%20%34%54%69%2A%5B%6E%61%74%20%6F%58%79%51%7C%41%79%58%30%37%2A%3C%53%41%2A%5B%59%7D%51%79%78%58%5A%4C%29%23%43%2F%33%31%5E%41%28%20%20%5E%51%20%56%65%6A%78%5A%4C%29%23%58%37%2D%23%46%6E%74%65%2E%2E%4C%20%78%5A%4C%20%29%39%2D%23%43%28%78%7C%39%29%44%28%20%20%78%7C%51%79%58%39%2D%23%43%3E%5A%78%20%4C%5A%65%67%20%61%74%7C%51%79%58%29%2D%37%58%79%51%28%33%31%5E%23%43%7C%51%79%58%78%7C%51%79%44%58%7C%51%79%58%78%7C%51%79%58%37%2D%23%43%7C%43%23%37%62%39%23%47%7C%51%79%20%20%30%37%2A%46%23%2D%58%79%5D%20%2C%37%2D%23%47%20%37%2D%23%46%7C%51%58%79%37%2D%23%43%7C%51%79%58%37%2D%23%47%7C%51%59%7B%2A%42%3C%7C%51%79%58%78%43%2C%37%42%2C%20%6E%6F%20%73%72%61%6C%61%66%20%65%75%71%20%6F%20%72%61%20%64%69%61%76%20%65%75%51%20%65%75%67%6E%69%75%3E%73%43%23%2D%61%67%65%68%43%61%72%69%65%69%2D%2C%7C%6C%41%65%74%20%69%75%71%41%32%37%2A%3C%7B%7D%20%79%51%58%7C%72%51%79%58%5A%4C%2C%2D%23%47%20%36%6D%20%67%61%66%23%47%2C%2D%23%2D%23%43%2C%37%20%76%6F%63%C3%AA%73%3E%C3%A1%63%20%61%72%70%20%61%67%65%68%63%72%2C%61%74%6C%6F%73%20%65%73%20%65%64%6F%70%20%43%23%2D%2C%42%65%75%71%20%2C%2C%42%37%2C%7C%6C%41%5E%58%79%51%7C%58%79%51%72%7C%20%3C%44%2E%53%2E%20%61%6C%20%46%69%6E%65%3E%58%79%51%7D%59%7C%66%43%23%2D%39%58%79%51%5A%20=%50%6F%70%2D%46%75%6E%6B=%31%34%30=%31
0706235a-209d-40d2-88a5-ba476296b7cb,irealb://%4E%C3%A3%6F%20%44%65%69%78%65%20%4F%20%53%61%6D%62%61%20%4D%6F%72%72%65%72=%41%6C%63%69%6F%6E%65==%53%61%6D%62%61=%47%2D==%31%72%33%34%4C%62%4B%63%75%37%51%79%58%2D%43%34%34%3C%2A%36%47%3E%72%61%73%69%70%20%72%65%64%75%70%20%C3%A3%6F%6E%20%75%65%20%6F%64%6E%61%75%51%20%20%38%2D%58%79%51%7C%54%41%2A%5B%59%45%32%37%2A%3C%37%4C%5A%47%2D%58%2D%47%5A%4C%37%44%20%5E%62%45%5A%4C%37%42%62%20%62%42%5A%4C%37%46%20%62%45%7C%51%79%58%79%51%5D%59%5B%44%20%68%41%7C%47%2C%68%44%73%20%66%69%63%61%37%46%20%2D%43%5A%4C%37%47%20%5E%62%42%5A%37%4C%46%20%2D%43%3E%6F%69%65%6D%20%6F%6E%20%72%4C%5A%42%62%20%75%6F%76%20%75%4C%20%51%79%58%43%2D%20%41%68%2C%37%47%20%68%44%5A%4C%2C%37%44%20%37%62%31%45%4E%5A%4C%2C%2D%47%20%39%36%62%42%5A%4C%2C%20%7D%58%79%51%6C%7B%7C%2C%37%20%20%32%37%2A%62%37%2C%44%37%20%51%79%58%51%79%58%51%79%58%51%79%58%51%58%79%5D%20%6E%2C%2D%47%5A%4C%2C%2D%47%6C%5A%4C%59%7B%2A%42%3C%45%73%32%4E%5A%4E%5A%4C%2C%37%65%69%78%65%20%51%79%58%2D%47%5A%4C%2C%37%44%20%2D%43%3E%2E%2E%72%65%72%72%6F%6D%20%61%62%6D%61%73%20%6F%7C%41%68%20%44%64%20%6F%C3%A3%4E%31%47%2D%20%47%37%2C%20%7D%58%79%51%58%79%51%58%79%51%58%79%51%7C%4E%32%47%2D%20%44%37%2C%20%5A%20=%4C%61%74%69%6E%2D%42%72%61%7A%69%6C%3A%20%53%61%6D%62%61=%32%30%30=%33
07651d24-a01f-44fd-9f72-5b3f55e3bdf0,irealb://%49%6E%73%65%6E%73%69%62%6C%65%6D%65%6E%74=%4D%69%73%72%61%6B%69%20%50%61%75%6C==%4D%65%64%69%75%6D%20%53%77%69%6E%67=%46==%31%72%33%34%4C%62%4B%63%75%37%36%2D%41%20%37%34%3C%20%41%41%45%20%2D%44%7C%51%79%58%2D%44%5A%4C%37%41%35%20%62%37%2D%45%7C%51%79%58%39%36%46%3E%41%42%37%4C%5A%41%2D%34%54%41%2A%7B%20%39%46%5A%4C%58%79%51%7C%47%47%7C%51%79%58%39%36%46%42%2A%5B%59%7D%20%3E%20%65%6E%69%46%3C%20%39%43%7C%51%79%58%37%2D%2D%37%20%43%37%37%23%43%5A%4C%45%62%39%4C%5A%44%39%58%79%51%7C%47%2D%58%79%51%7C%47%37%58%79%51%7C%47%2D%58%79%51%7C%3C%44%2E%43%2E%20%61%6C%20%46%69%6E%65%3E%43%39%58%79%51%5D%20==%30=%30
070bdc2b-7dfa-4068-a6f6-cd851558bd98,irealb://%4C%61%20%47%69%74%61%6E%65%20%28%70%67%2E%32%20%43%20%44%29=%54%63%68%61%6E%2D%54%63%68%6F%75%20%56%69%64%61%6C==%57%61%6C%74%7A=%44%2D==%31%72%33%34%4C%62%4B%63%75%37%78%20%5A%4C%20%34%3C%41%41%42%58%37%41%7C%51%79%58%37%41%5A%4C%20%78%20%4C%5A%20%6C%63%4B%51%79%58%2D%44%3E%41%43%44%43%79%51%4B%63%6C%33%54%43%2A%5B%20%37%45%5A%4C%58%79%51%7C%7C%4C%37%43%20%2D%47%7C%51%79%58%2D%47%5A%4C%44%37%20%68%41%5A%4C%20%6C%63%4B%51%79%58%2D%44%5A%46%20%42%62%2D%44%5A%4C%20%5A%4C%2D%46%20%74%6F%20%70%67%20%6C%63%4B%51%79%58%44%44%2A%5B%5D%20%20%65%3E%6E%69%46%20%51%79%58%3C%20%2D%44%3E%31%2E%4C%5A%46%23%2D%3C%5A%4C%37%41%45%7C%51%79%58%7C%45%2D%58%79%78%29%37%44%28%20%7C%51%79%58%44%5A%4C%44%6F%20%44%5A%4C%20%6C%63%4B%51%79%58%37%41%7C%51%20%4C%5A%42%37%51%79%58%2D%45%69%46%20%6C%61%45%2D%20%41%37%33%30%2A%3C%5A%4C%37%41%20%2D%45%3E%41%43%43%44%42%41%41%3C%5A%4C%37%42%20%44%5A%4C%39%62%44%2E%43%2E%20%7C%51%79%58%2D%6E%65%3E%44%58%79%51%5D%20==%30=%30
077cd4ab-16af-43fb-b5af-6a1bcd5f3b6e,irealb://%50%61%6E%69%71%75%65%20%32=%46%65%72%72%65%74%20%50%69%65%72%72%65%20%27%42%61%72%6F%27==%57%61%6C%74%7A=%44%2D==%31%72%33%34%4C%62%4B%63%75%37%5A%4C%78%5A%4C%34%3C%41%42%41%5A%4C%46%5A%4C%23%46%5A%4C%46%5A%4C%78%5A%36%4C%2D%47%5A%4C%37%6F%23%46%5A%4C%36%2D%47%3E%78%4C%5A%41%37%33%54%41%2A[%42%5A%4C%78%5A%4C%5A%47%37%4C%78%5A%4C%36%2D%62%44%5A%4C%37%6F%23%46%5A%36%4C%2D%47%7C%5A%4C%78%5A%4C%37%43%5A%4C%78%5A%4C%5A%46%37%4C%78%5A%4C%37%44%5A%4C%78%5A%4C%5A%42%62%4C%5A]%20%78%3E%65%6E%69%46%3C%5A%4C%46%5A%4C%43%37%5A%4C%37%47%5A%4C%37%44%5A%4C%46%5A%4C%78[%2A%42%41%37%4C%78%5A%4C%62%20%5A%4C%78%5A%2D%36%4C%5A%45%37%45%5A%4C%62%42%5A%4C%37%41%5A%4C%62%41%4C%5A%39%62%45%5A%4C%2D%44%5A%4C%37%41%5A%4C%62%4C%5A%41%37%4C%47%5A%4C%2D%44%4C%37%62%42%5A%44%37%4C%5A%78%4C%37%41%5A%4C%37%62%41%5A%4C%37%62%42%5A%37%4C%62%44%5A%4C%37%44%5A%4C%20%7C%72%20%5A%4C%5A%47%2D%37%4C%5A%4C%20%7C%72%5A%41%37%4C%5A%44%37%4C%5A%3C%44%2E%43%2E%20%61%6C%20%46%69%6E%65%3E%78%20]%20==%30=%30
077c7628-02e5-4a22-88e1-69620042a169,irealb://%48%61%77%61%69%69%20%50%6F%6E%6F%69%20%5B%48%61%77%61%69%69%61%6E%20%4E%61%74%69%6F%6E%61%6C%20%41%6E%74%68%65%6D%5D%20%28%42%65%6C%6F%66%66%20%41%72%72%2E%29=%4B%69%6E%67%20%4B%61%6C%61%6B%61%75%61%2C%20%48%65%6E%72%69%20%42%65%72%67%65%72==%42%61%6C%6C%61%64%20%2D%20%4D%65%6C%6F%64%69%63=%46==%31%72%33%34%4C%62%4B%63%75%37%4C%43%5A%4C%37%34%47%37%4C%5A%4C%70%5A%4C%37%43%5A%4C%46%41%2A%5B%20%20%79%51%58%51%79%58%5D%20%43%5A%4C%37%47%5A%4C%43%5A%46%4C%5A%47%33%54%69%2A%5B%5A%47%37%4C%5A%43%20%5D%7B%2A%42%43%37%4C%5A%70%4C%5A%70%4C%5A%46%4C%5A%46%37%4C%5A%42%62%4C%5A%43%37%4C%5A%46%20%7D%20=%4A%61%7A%7A%2D%42%61%6C%6C%61%64%20%4D%65%6C%6F%64%69%63=%31%30%30=%31
07642c13-6364-4222-8e07-9506a35a3e22,irealb://%57%68%69%74%65%20%53%70%6F%72%74%20%43%6F%61%74%20%28%41%29%20%28%42%65%6C%6F%66%66%20%41%72%72%2E%29=%52%6F%62%62%69%6E%73%20%4D%61%72%74%79==%52%65%6C%61%78%65%64=%43==%31%72%33%34%4C%62%4B%63%75%37%37%47%5A%4C%2D%34%3C%2A%36%39%4C%43%3E%30%34%31%20%67%6E%69%77%53%20%6D%69%75%64%65%4D%2D%7A%7A%61%4A%20%79%72%54%20%20%5A%70%4C%5A%44%34%54%69%2A%5B%20%43%5A%4C%37%47%37%4C%5A%43%4C%37%47%5A%4C%2D%44%5A%4C%70%5A%4C%43%6C%2A%41%5B%5D%2C%37%47%2C%2D%44%7C%2C%2D%41%73%2C%5A%46%4C%5A%47%5A%4C%46%5A%4C%5D%51%79%58%43%2D%20%47%37%4C%7C%51%79%58%37%47%7C%51%79%58%46%7C%51%79%37%58%47%7C%51%79%58%2D%44%5A%4C%70%5A%4C%43%5A%43%20%46%4C%5A%44%5A%4C%2D%41%79%58%37%47%7C%4C%5A%70%4C%5A%7C%51%79%58%70%7C%51%79%58%43%5A%4C%70%5A%37%4C%47%5A%4C%70%5A%4C%37%44%5A%4C%70%5A%4C%43%44%2D%58%79%51%37%47%42%2A%5B%51%7C%46%58%79%51%7C%47%37%58%79%51%7C%43%20%46%4C%5A%43%58%79%51%5D%5B%51%46%58%79%51%7C%47%37%58%79%51%7C%43%2C%20%46%2C%4C%5A%43%58%79%51%5A%20=%4A%61%7A%7A%2D%4D%65%64%69%75%6D%20%53%77%69%6E%67=%31%34%30=%31
072983bc-f5bd-44ce-815b-3830c6155fa0,"irealb://%43%68%65%67%61%20%44%65%20%53%61%75%64%61%64%65%20(%4E%6F%20%4D%6F%72%65%20%42%6C%75%65%73)=%4A%6F%62%69%6D%20%41%6E%74%6F%6E%69%6F%2D%43%61%72%6C%6F%73==%42%6F%73%73%61%20%4E%6F%76%61=%44%2D==%31%72%33%34%4C%62%4B%63%75%37%2A%5B%5D%20%37%34%47%2D%39%4C%44%6C%7C,%37%41,%2D%45%73%5A%4C%37%6F%5A%42%4C%37%5E%62%42%5A%4C%39%5E%46%5A%4C%43%5A%2D%37%4C%5A%41%34%54%69%2A%5B%37%41,%68%45%2D%4C%5A%44%2D%5A%4C%39%62%37%41%5A%4C%62%42%2F%37%68%45%4C%5A%78%5A%4C%42%2F%39%62%37%45%5A%4C%43%2F%37%44%2D%4C%5A%73%44%34%34%54%41%5A%4C%2D%44%42%4C%5A%73%42%68%62%37%41%5A%4C%37%68%45%5A%4C%78%5A%4C%37%62%5E%42%5A%4C%78%5A%4C%2D%41%6C%7C,%37%45,%39%20%5D%5B%2A%2D%44%6C%7C,%39%62%37%41%5A%4C%5A%45%37%62%39%62%37%44%5A%4C%2D%44%5A%4C%39%62%37%41%4C%5A%62%42%2F%37%68%45%5A%4C%78%5A%4C%42%2F%39%4C%5A%47%2D%4C%43%2F%37%2D%44%42%5A%4C%37%5E%5A%44%2D%37%2F%5D,%37%41,%37%2D%45%73%5A%4C%2D%44%5A%39%4C%62%37%41%5A%4C%42%2F%39%62%37%45%5A%4C%43%5B%2A%43%6C%44%4C%2D%44%5A%4C%4C%37%2D%45%5A%5A%45%2D%37%4C%4C%37%2D%23%46%5A%4C%37%5E%44%5A%4C%37%6F%5A%44%4C%37%41%5A%4C%73%75%73%37%41%5A%4C%78%5A%5A%46%6F%37%4C%4C%23%44%2F%37%42%73%5A%4C%78%37%4C%5A%78%4C%5A%4C%78%5A%4C%37%45%5A%4C%37%2D%42%5A%4C%5E%37%44%44%2A%5B%5D%20%37%41%5A%4C%37%68%45%5A%46%23%37%4C%5A%45%5A%4C%78%5A%37%2D%23%46%5A%2D%37,%7C%41%37%45%5A%4C%37%42%5A%4C%37%2D%23%46%5A%4C%2D%37%47%5A%4C%37%5E%47%6C%7C,%37%44,%37%2D%4C%5A%41%37%4C%62%42,%37%2D%4C%5A%42%37%4C%5A%45%37%4C%5A%41%37%4C%5A%44%36%4C%5A%41%37%20%5A%20=%4A%61%7A%7A%2D%42%6F%73%73%61%20%4E%6F%76%61=%31%34%30=%33"
0788e25b-ab7f-4a74-ae10-28e36435619f,irealb://%41%6E%6F%74%68%65%72%20%4E%69%67%68%74%20%2D%20%46%6C%69%6E%6E%65%72=%41%64%6B%69%6E%73%20%4A%61%63%6B==%50%6F%70%20%2D%20%42%6C%75%65%67%72%61%73%73=%47==%31%72%33%34%4C%62%4B%63%75%37%47%7C%51%79%58%58%79%51%7C%47%47%7C%51%79%58%47%7C%51%79%58%44%7C%51%79%43%58%7C%51%79%58%47%7C%51%79%58%47%7C%51%79%58%58%79%51%7C%47%47%34%34%54%5B%58%79%51%7C%47%58%79%51%7C%47%58%79%51%7C%43%58%79%51%7C%44%58%79%51%7C%44%58%79%51%7C%44%58%79%51%5D%20==%30=%30
07d442cc-449c-4746-8590-45467268d5f9,irealb://%4E%65%77%20%59%65%61%72%27%73%20%45%76%65%20%2D%20%46%6C%69%6E%6E%65%72=%57%61%69%74%73%20%54%6F%6D==%50%6F%70=%43==%31%72%33%34%4C%62%4B%63%75%37%7D%51%79%58%47%54%33%34%43%58%31%4E%7C%51%79%58%47%7C%51%79%58%43%7C%51%58%79%46%7C%51%79%58%43%7C%51%79%58%47%7C%51%79%43%58%79%51%7C%2C%41%2A%2C%7B%51%79%58%46%5A%51%20%4C%5A%4E%4C%20%78%20%5A%4C%20%6C%63%4B%51%79%58%46%42%2C%2A%2C%7B%5D%20%20%6C%63%4B%51%79%58%43%32%5A%20%78%20%4C%79%58%51%79%58%4B%63%6C%20%4C%5A%4E%31%43%58%79%51%4B%63%6C%20%20%7D%7C%4E%32%43%58%79%51%4B%63%6C%20%4C%5A%47%37%58%79%51%4B%63%6C%20%20%5D%20==%30=%30
0733e47f-5323-40e8-9ee6-154f0e8cf8d0,irealb://%47%65%65%20%42%61%62%79%2C%20%41%69%6E%27%74%20%49%20%47%6F%6F%64%20%54%6F%20%59%6F%75%20%2D%20%46%6C%69%6E%6E%65%72=%44%6F%6E%20%52%65%64%6D%61%6E%2C%20%41%6E%64%79%20%52%61%7A%61%66==%53%6C%6F%77%20%53%77%69%6E%67=%45%62==%31%72%33%34%4C%62%4B%63%75%37%4C%37%43%20%37%34%43%37%20%41%41%20%37%43%7C%51%79%58%36%62%45%5A%4C%37%42%62%20%37%46%5A%4C%37%43%20%37%47%5A%4C%37%62%62%37%4C%5A%47%34%54%41%2A%5B%37%43%5A%4C%37%62%37%4C%5A%45%5A%4C%6F%41%20%62%41%7C%51%79%58%62%45%5A%6F%4C%41%20%36%62%41%42%2A%5B%5D%51%79%58%37%62%46%2D%37%20%47%42%20%37%46%5A%20%41%62%37%4C%5A%47%37%20%43%37%4C%5A%46%37%20%42%62%37%4C%5A%55%45%62%58%79%51%5A%20==%39%30=%34
079318fc-a090-40c2-8183-bcac1a370525,irealb://%49%27%6D%20%4D%79%20%4F%77%6E%20%47%72%61%6E%64%70%61%20%2D%20%46%6C%69%6E%6E%65%72=%4D%6F%65%20%4A%61%66%66%65%2C%20%44%77%69%67%68%74%20%4C%61%74%68%65%6D==%50%6F%70%20%43%6F%75%6E%74%72%79=%47==%31%72%33%34%4C%62%4B%63%75%37%51%79%58%47%5A%34%47%58%79%51%51%79%58%47%5A%4C%20%6C%63%4B%51%79%58%44%4C%5A%20%6C%63%4B%51%79%58%44%5A%4C%20%6C%63%4B%4B%63%6C%20%4C%34%54%76%2A%7B%47%7C%51%79%58%5A%43%58%79%51%47%43%2A%5B%7D%20%20%6C%63%4B%51%79%58%44%4C%5A%20%6C%63%4B%51%79%58%41%5A%4C%20%6C%63%4B%58%79%51%7C%44%4C%20%6C%63%4B%47%5A%4C%20%6C%6C%20%4C%5A%43%43%5A%4C%20%6C%63%4B%51%79%58%47%5A%4C%20%63%6C%4B%51%79%58%44%5A%4C%20%6C%63%4B%51%79%58%58%79%51%4B%63%63%4B%51%79%58%58%79%51%7C%44%58%79%51%7C%47%58%79%51%4B%63%6C%20%20%5A%20==%31%36%36=%33
07f12b65-59ee-4736-a924-b6ddaaad6cf5,irealb://%4F%6C%64%20%44%61%6E%20%54%75%63%6B%65%72%20%2D%20%46%6C%69%6E%6E%65%72=%54%72%61%64%69%74%69%6F%6E%61%6C==%50%6F%70%20%2D%20%42%6C%75%65%67%72%61%73%73=%47==%31%72%33%34%4C%62%4B%63%75%37%7B%2A%41%54%34%34%47%4C%5A%47%4C%5A%47%4C%5A%44%2C%47%7D%58%79%51%58%79%51%20%20%7B%2A%42%47%4C%5A%47%4C%5A%44%4C%5A%44%2C%47%7D%20==%30=%31%30
07be057e-fc3c-4ab7-8ccf-1a493746e546,irealb://%44%6F%20%4E%6F%74%68%69%6E%67%20%E2%80%98%54%69%6C%20%59%6F%75%20%48%65%61%72%20%46%72%6F%6D%20%4D%65%20%2D%20%46%6C%69%6E%6E%65%72=%45%6C%6C%69%6E%67%74%6F%6E%20%44%75%6B%65==%4D%65%64%69%75%6D%20%53%77%69%6E%67=%47==%31%72%33%34%4C%62%4B%63%75%37%51%79%58%37%47%34%47%58%79%51%58%37%44%7C%51%79%58%37%47%7C%51%79%58%37%43%2D%7C%51%79%58%37%5E%43%7C%51%79%58%37%47%7C%79%51%7C%4E%31%34%54%41%2A%7B%20%78%20%5A%4C%51%7D%58%79%51%79%58%62%45%42%2A%5B%5D%20%37%62%42%20%37%46%2D%7C%51%79%58%37%47%32%4E%5A%4C%20%51%79%58%51%4B%63%6C%20%79%58%37%44%7C%58%37%5E%43%7C%58%79%51%7C%47%7C%51%79%58%47%41%2A%5B%5D%51%79%58%37%44%51%7C%79%58%37%41%7C%51%79%58%37%44%7C%51%79%58%47%37%58%79%51%37%62%45%5A%4C%79%51%7C%43%2D%37%58%79%51%7C%47%37%58%79%51%7C%44%37%58%79%51%7C%47%58%79%51%7C%44%37%58%79%51%5A%20==%30=%30
0733c093-d3f3-4dff-be67-e780614d1e53,irealb://%43%61%6D%69%6E%6F%20%43%6F%6E%20%56%6F%73%20%45%73%70%69%72%69%74%75%20%53%61%6E%74%6F=%4A%65%6E%6E%79==%50%6F%70=%44%2D==%31%72%33%34%4C%62%4B%63%75%37%43%20%46%5A%4C%34%44%2D%4C%5A%2C%2D%44%41%2A%7B%59%5D%20%43%5A%4C%2D%47%4C%5A%78%5A%4C%62%42%5A%4C%78%5A%4C%43%5A%4C%78%2A%42%20%42%62%34%54%69%2A%5B%43%5A%4C%78%5A%42%62%4C%5A%46%2E%2E%79%6F%74%73%65%20%6F%64%61%72%61%70%72%65%70%20%36%36%2A%3C%43%2A%5B%59%7D%20%43%20%2E%3E%44%2D%4C%20%2D%44%5A%4C%4C%5A%78%4C%5A%42%62%4C%5A%78%4C%5A%47%2D%4C%5A%43%20%5D%20==%30=%30
07a00f3b-6856-4c5f-8de3-ddeab9e5e209,irealb://%43%61%6E%74%61%20%59%20%44%61%6E%7A%61=%4C%C3%B3%70%65%7A%20%4E%69%6D%73%79==%52%6F%63%6B=%43==%31%72%33%34%4C%62%4B%63%75%37%7B%7D%51%79%58%34%43%2C%58%79%46%7C%51%79%58%2D%41%7C%51%79%58%2D%41%7C%79%51%58%46%7C%51%79%58%46%7C%51%79%58%43%7C%51%58%79%51%7C%46%34%54%69%2A%7B%51%79%58%46%7C%79%51%7C%43%58%51%79%58%45%2F%43%7C%51%79%58%45%2F%43%7C%79%51%58%37%5E%46%7C%51%79%58%37%5E%46%7C%51%79%7C%46%58%79%51%58%2C%43%41%2A%47%7C%51%79%58%30%28%50%72%65%46%7C%51%79%58%2D%41%3E%2E%2E%2E%61%7A%6E%64%61%20%79%20%61%74%6E%61%43%29%6F%72%6F%63%20%58%79%51%7C%43%36%2A%3C%7B%7D%58%46%7C%51%79%7C%47%58%79%51%79%58%43%7C%51%79%58%43%3E%2E%2E%2E%64%61%61%6D%6C%63%6F%72%50%20%32%37%2A%3C%42%2A%7B%7D%51%7C%41%2D%58%7D%20%53%20%20%79%58%2D%41%3E%79%51%7C%43%58%39%36%2A%3C%43%2A%7B%7D%20%20%3E%41%20%6F%31%54%37%2A%3C%20%43%5A%4C%46%20%2D%41%7C%51%79%20%53%6F%6C%6F%58%43%7C%51%79%3E%65%62%75%53%51%7C%43%58%79%7C%51%79%58%41%53%7D%51%79%58%47%3E%6F%72%63%6F%20%65%72%70%20%6F%54%20%32%37%2A%3C%7C%51%41%3C%2A%36%39%79%58%46%7C%51%51%79%58%44%7C%42%3C%2A%36%39%51%79%58%2D%42%7C%51%79%58%44%7C%51%79%58%3E%44%2E%2E%2E%64%61%6D%61%6C%63%6F%72%50%20%20%7C%47%58%79%51%2A%7B%51%79%58%58%2D%42%7C%51%7C%42%2D%20%47%79%58%2D%42%3E%61%7A%6E%61%64%20%79%20%61%6E%74%61%43%39%36%2A%3C%7B%7D%51%79%58%44%5A%4C%51%7C%47%58%79%51%79%58%44%7C%79%51%7C%47%58%79%51%7D%66%47%4C%5A%66%44%20%5A%20=%50%6F%70%2D%52%6F%63%6B=%31%31%35=%31
076a73a0-5a7b-49e6-a3de-cd3de524d41a,irealb://%43%68%61%6F%20%64%65%20%45%73%6D%65%72%61%6C%64%61%73=%42%75%61%72%71%75%65%20%43%68%69%63%6F==%42%6F%73%73%61%20%4E%6F%76%61=%42==%31%72%33%34%4C%62%4B%63%75%37%79%58%46%2F%37%34%42%2D%37%2F%58%45%2F%41%7C%51%79%58%37%45%7C%51%79%58%2F%46%36%2D%44%5A%4C%20%6C%63%4B%51%79%58%23%46%79%51%7C%43%23%34%54%69%2A%5B%2D%45%7C%51%79%73%75%73%58%79%47%7C%51%79%58%23%41%2F%37%23%44%7C%51%79%37%58%5E%42%41%2A%7B%7C%51%79%58%37%23%46%7C%51%23%2D%5E%37%58%37%23%46%7C%51%7C%51%79%58%37%42%2F%44%23%20%79%58%37%23%47%7C%51%79%58%41%2F%36%2D%23%5A%46%4C%23%46%2F%5E%42%20%37%6F%46%5A%4C%36%45%51%7C%43%23%2D%7C%51%79%58%36%37%47%7C%51%79%37%4C%5A%47%23%51%79%58%39%36%62%41%7C%51%79%58%37%5E%62%5A%45%4C%37%62%42%20%37%2D%46%7C%51%79%58%37%2D%7C%44%2D%37%58%23%44%20%5E%45%5A%4C%37%62%41%46%37%58%79%51%51%79%58%37%5E%42%42%2A%7C%51%79%58%37%23%7C%46%51%79%58%36%62%45%7C%51%79%58%37%62%42%7C%7C%41%6F%37%20%5A%4C%37%43%20%51%79%58%37%42%51%7C%47%2D%36%2F%36%2D%41%5A%4C%41%2F%36%44%20%37%6F%23%5A%47%4C%37%5E%47%20%23%46%2F%36%44%7C%51%79%58%43%58%79%51%7C%79%58%37%5E%47%37%2D%42%7C%51%79%51%4B%63%6C%37%23%46%7C%51%79%58%41%2F%36%44%7C%51%79%37%58%41%7C%51%79%58%62%42%2F%36%2D%47%5A%4C%20%2F%41%23%58%79%58%37%2D%45%7C%58%31%31%23%39%47%36%20%46%23%78%5A%4C%37%5E%2D%23%47%7C%51%79%58%23%41%37%2F%23%44%7C%51%79%58%37%5E%42%7C%7D%20%33%31%4C%5A%66%43%23%5A%4C%39%44%20%79%51%5A%20==%30=%30
076962ec-2c6e-4547-a208-42c1e7139830,irealb://%43%6F%6E%74%69%6E%65%6E%74%61%6C%2C%20%54%68%65=%43%6F%6E%72%61%64%20%41%6E%64%20%4D%61%67%69%64%73%6F%6E==%4D%65%64%69%75%6D%20%53%77%69%6E%67=%45%62==%31%72%33%34%4C%62%4B%63%75%37%7B%7D%20%37%2D%34%45%62%5E%37%46%5A%4C%37%62%45%20%37%5E%62%45%5A%4C%37%62%2D%42%20%37%2D%46%5A%4C%37%62%45%20%76%2A%2C%2D%37%20%42%62%34%54%69%2A%7B%5A%4C%37%62%42%20%42%62%37%4C%4C%39%62%37%43%20%37%5E%62%45%5A%4C%37%62%20%42%37%2D%46%5A%4C%39%62%37%43%20%36%62%45%5A%5A%46%2D%37%20%37%2D%46%41%2A%62%45%20%2C%37%2D%37%4C%5A%46%37%2D%62%42%20%37%2D%46%5A%4C%37%62%45%20%5E%37%62%45%31%4E%5A%4C%39%62%37%62%42%20%37%2D%4C%5A%45%62%5E%43%20%36%62%45%47%7C%51%79%58%37%20%42%62%37%51%79%58%37%62%44%7C%51%79%58%37%2D%62%41%2A%42%5B%5D%20%37%62%45%20%62%45%32%4E%7C%7D%20%7C%47%62%5E%37%2D%46%5A%4C%37%62%45%5A%4C%37%37%4C%5A%41%62%46%41%2A%7C%51%79%58%37%62%42%7C%51%79%58%2D%37%46%7C%51%79%58%37%62%44%7C%51%79%58%37%2D%2D%37%20%42%62%62%45%20%37%62%20%37%2D%46%5A%39%4C%5A%46%2D%36%62%45%5A%4C%37%62%42%20%37%2D%46%5A%4C%62%39%37%43%20%37%5E%62%45%5A%4C%37%62%42%20%37%20%43%2D%37%4C%62%37%43%20%36%42%62%37%62%39%4C%5A%45%62%5E%37%58%79%51%5D%20==%30=%30
074f924d-da3e-4e84-8c01-97ea4f113ceb,irealb://%43%72%61%79%6F%6E%20%53%75%6E=%46%72%61%6E%6B%73%20%4D%69%63%68%61%65%6C==%53%6C%6F%77%20%53%77%69%6E%67=%44%62==%31%72%33%34%4C%62%4B%63%75%37%5A%4C%5E%47%5A%62%2D%37%20%43%2A%7B%20%20%51%79%58%51%79%58%7D%20%62%47%37%2F%62%43%20%37%2D%62%47%5A%4C%62%47%2F%37%62%41%41%6F%37%4C%47%38%36%54%7B%37%2D%62%47%20%46%5E%4C%5A%46%37%2D%62%41%20%5E%62%44%42%2A%7D%20%5E%62%5A%44%4C%37%6F%62%45%5A%4C%5E%62%45%5A%4C%37%6F%4C%5A%47%62%5E%5A%4C%37%6F%47%4C%37%2D%62%41%20%41%62%2D%37%4C%37%2D%62%47%20%5E%62%47%5A%4C%37%2D%62%20%41%5E%62%44%20%37%2D%62%47%20%5E%62%47%5A%4C%5A%44%62%5E%20%5E%62%44%5A%4C%6F%41%38%36%54%43%62%37%2F%47%51%79%58%51%79%58%51%79%58%37%2D%62%47%20%47%62%2F%37%62%43%20%37%2D%62%47%38%39%54%20%62%20%20%7B%2A%41%20%5E%62%47%5A%5A%4C%37%2D%62%4C%5A%47%6F%37%42%2A%7B%7D%20%5E%62%44%5A%4C%37%6F%62%45%4C%5A%5E%62%45%5A%4C%37%6F%46%5A%4C%5E%46%5A%4C%44%62%5E%20%41%5E%47%5A%4C%37%44%5A%4C%37%2D%62%2D%37%4C%5A%47%5A%4C%37%2D%62%41%20%5E%62%44%20%37%2D%47%62%20%5E%62%47%5A%4C%37%2D%62%41%20%5E%62%44%62%5E%20%47%62%47%20%5E%62%47%20%51%79%58%51%2D%37%4C%5A%47%37%2D%62%47%20%62%47%2F%37%62%43%20%37%2D%47%62%38%39%54%7D%20%62%47%2F%37%62%43%20%5E%62%58%79%51%58%79%62%41%20%5E%62%43%20%37%2D%62%47%62%2D%37%20%2F%37%62%43%20%37%2D%62%47%5A%4C%62%47%2F%62%37%43%20%37%2D%62%47%5A%4C%62%47%2F%37%62%43%47%62%4C%5A%47%38%36%54%51%20%41%2F%37%44%20%20%47%62%2D%37%41%2F%37%44%20%37%2D%41%5A%4C%62%47%2F%37%43%62%20%37%2D%62%47%5A%4C%62%47%2F%37%62%43%20%4C%5A%41%2D%37%62%47%2F%37%62%3E%78%34%3C%62%20%44%37%2F%41%20%37%2D%62%47%5A%4C%62%47%2F%37%62%43%20%2D%37%62%47%7B%20%41%2F%37%44%20%37%2D%41%5A%4C%43%62%37%2F%47%37%2D%41%5A%4C%20%7D%20==%30=%30
077a6d5e-d4a2-4dcb-be55-9176710e2812,irealb://%43%79%63%6C%65%20%6D%37=%C3%89%6C%69%73%65%20%42%C3%A9%63%68%61%72%64%20%2D%20%4C%61%20%4D%75%73%69%20%43%6F%61%63%68==%4D%65%64%69%75%6D%20%53%77%69%6E%67=%43==%31%72%33%34%4C%62%4B%63%75%37%4C%20%37%2D%23%37%20%4C%5A%46%2D%62%44%20%20%5A%4C%20%37%2D%62%41%5A%4C%37%20%2D%62%45%5A%4C%37%2D%62%42%5A%4C%20%37%2D%37%20%4C%5A%46%2D%43%34%34%54%5A%42%2D%37%20%4C%5A%45%2D%37%20%4C%5A%41%2D%37%20%4C%5A%20%44%2D%37%20%4C%5A%47%2D%37%20%20%5D%20=%4A%61%7A%7A%2D%4D%65%64%69%75%6D%20%53%77%69%6E%67=%31%30%30=%36
074d39b2-c137-4ad5-ac30-4b6620f06c1e,irealb://%4D%61%6E%20%77%69%74%68%20%74%68%65%20%47%6F%6C%64%65%6E%20%47%75%6E=%42%6C%61%63%6B%2D%42%61%72%72%79==%4D%65%64%69%75%6D%20%52%6F%63%6B=%42%2D==%31%72%33%34%4C%62%4B%63%75%37%4C%20%6C%63%4B%34%42%2D%20%42%7C%7D%51%79%58%2A%2A%43%5A%4C%47%2F%37%2D%20%41%2D%41%7C%51%79%58%2D%45%5A%4C%41%2F%37%2D%42%2D%58%79%51%34%54%69%2A%7B%58%37%42%7C%51%5A%20%78%20%20%5A%4C%47%2F%37%2D%41%20%2D%41%7C%51%79%58%45%2D%5A%4C%41%2F%37%2D%42%20%2D%42%41%2A%7B%5D%43%2A%2A%58%79%4C%20%78%20%5A%43%5A%4C%20%78%58%79%51%7C%43%2F%37%23%46%20%2D%23%43%42%2A%7B%7D%20%20%63%6C%4B%51%79%58%2A%2A%23%46%7C%51%79%58%68%23%43%23%4C%5A%20%2D%45%7C%51%79%20%2D%42%41%2A%37%4C%5A%4B%63%23%37%62%42%7C%51%79%58%37%2D%23%44%5A%4C%78%20%20%5A%4C%42%2F%37%45%20%2D%42%5A%4C%20%6C%39%58%79%51%5D%23%46%20%2D%23%23%46%7C%51%79%4C%5A%45%2D%58%51%79%58%2D%45%7C%51%79%58%37%42%51%79%58%2A%2A%43%5A%4C%47%2F%37%2D%41%20%2D%41%7C%51%79%7C%43%23%68%58%41%2F%37%2D%42%2A%23%46%5A%4C%4B%63%6C%20%4C%20%2D%42%7C%51%79%58%2D%41%5A%4C%2A%2A%47%39%20%45%5A%4C%41%2F%37%2D%42%20%2D%42%31%4E%5A%42%2D%37%2F%41%51%79%58%2A%2A%5A%4C%41%2F%37%2D%20%42%2D%37%7C%51%79%58%2D%45%5A%4C%41%2F%37%2D%42%20%42%2D%32%4E%7D%51%79%58%2A%2A%23%46%5A%4C%41%2F%42%2D%20%42%2D%42%51%79%58%2A%45%2D%58%79%51%7C%7C%42%2D%20%42%2D%37%2F%41%4C%5A%45%2D%58%79%51%2C%7C%7C%42%2D%5E%39%58%79%51%5A%20==%30=%30
07ad90aa-8df0-4c6b-8503-e6d132b89688,irealb://%45%73%70%69%72%69%74%75%20%79%20%56%65%72%64%61%64=%42%61%72%72%69%65%6E%74%6F%73%20%4D%61%72%63%6F==%50%6F%70=%41==%31%72%33%34%4C%62%4B%63%75%37%5A%4C%44%5A%4C%34%3C%2A%36%36%46%5A%4C%78%5A%4C%44%5A%4C%78%5A%4C%41%3E%2E%2E%2E%65%64%20%6F%70%6D%65%69%74%20%73%65%20%23%2D%4C%5A%78%34%54%41%2A%7B%5A%4C%78%5A%4C%42%3C%2A%36%36%43%2F%41%73%20%5A%4C%41%3E%2E%2E%2E%73%6F%44%69%20%73%6F%6D%61%74%6C%61%78%65%20%65%74%20%23%2C%7C%6C%44%2A%5B%7D%20%78%46%23%2D%4C%5A%78%4C%5A%44%4C%5A%78%20%5D%20==%30=%30
0751a436-54eb-4d42-a42d-2e019b8b5c98,irealb://%53%6C%65%65%70%79%2D%45%79%65%64%20%4A%6F%68%6E%20%2D%20%46%6C%69%6E%6E%65%72=%54%72%61%64%69%74%69%6F%6E%61%6C==%50%6F%70%20%2D%20%42%6C%75%65%67%72%61%73%73=%44==%31%72%33%34%4C%62%4B%63%75%37%5B%54%34%34%44%58%79%51%4B%63%6C%20%4C%5A%20%78%20%4C%5A%41%58%79%51%7C%44%58%79%51%4B%63%6C%20%4C%5A%20%78%20%4C%5A%41%20%44%20%5A%20==%30=%30
075be8ff-f5fa-4090-8f5d-271279e42b33,"irealb://%45%78%65%72%63%69%73%65%20%33%30%20%2D%20%41%6C%6C%20%54%68%65%20%54%68%69%6E%67%73%20%59%6F%75%20%41%72%65=%4B%65%72%6E%20%4A%65%72%6F%6D%65==%4D%65%64%69%75%6D%20%55%70%20%53%77%69%6E%67=%41%62==%31%72%33%34%4C%62%4B%63%75%37%37%47%20%37%2D%34%46%2D%37%58%37%5E%62%44%7C%51%79%58%37%5E%62%41%7C%51%58%79%37%62%45%7C%51%79%58%37%2D%62%42%7C%51%79%58%79%51%7C%44%34%54%41%2A%5B%37%5E%62%41%7C%58%79%51%4B%63%62%45%7C%51%79%58%37%62%42%7C%51%79%58%37%46%2D%7C%51%79%58%37%2D%43%42%2A%5B%5D%20%20%6C%5E%37%58%79%51%37%5E%43%5A%4C%2D%41%43%2A%5B%2D%37%20%41%62%37%62%42%20,%37%2D%42%6C%7C,%37%6F%62,%42%37%2D%41%73%20%37%5E%47%5A%4C%31%31%23%37%23%31%31%20%5D%41%7C%51%79%58%23%37%43%7C%51%44%37%58%79%51%7C%51%79%58%33%31%62%37%42%7C%51%79%58%37%23%68%46%5A%4C%20%6C%63%4B%51%79%58%37%5E%47%7C%45%5E%37%58%79%7C%51%79%58%37%5E%2D%62%44%7C%5B%2A%44%46%2D%62%44%7C%51%79%58%37%5E%62%41%7C%51%79%58%62%37%45%7C%51%79%58%37%2D%62%42%7C%51%79%58%37%5E%37%58%79%51%5D%51%79%58%35%39%62%37%43%20%43%2D%37%58%79%79%58%37%5E%62%41%7C%51%79%58%37%62%45%7C%79%51%58%37%2D%62%42%7C%51%79%58%37%6F%42%7C%51%51%7C%47%68%37%7C%51%79%58%37%20%5A%20=%4A%61%7A%7A%2D%4D%65%64%69%75%6D%20%55%70%20%53%77%69%6E%67=%31%36%30=%31"
074e5ce2-0f42-4d8a-8e25-973b2e7dba54,irealb://%47%6F%64%20%4F%6E%6C%79%20%4B%6E%6F%77%73=%41%73%68%65%72%20%57%69%6C%73%6F%6E%2C==%50%65%74%53%6F%75%6E%64%73=%41==%31%72%33%34%4C%62%4B%63%75%37%2D%23%46%7C%51%34%41%58%79%51%45%7C%51%79%58%41%7C%51%79%58%23%47%2F%45%51%7C%79%58%2D%23%46%7C%51%79%58%23%47%2F%45%7C%2F%47%23%58%79%34%54%69%2A%5B%58%41%2F%37%42%2F%45%20%42%2F%46%20%2D%23%46%7C%51%79%58%36%2D%42%7C%51%58%79%41%2F%44%76%2A%7B%7C%2C%47%2F%43%2C%23%46%23%2D%37%4C%5A%41%7C%51%79%58%23%46%7C%51%79%42%58%79%51%7C%31%4E%7C%51%79%58%41%7C%51%79%58%35%62%37%62%2D%42%7C%51%79%58%42%2F%45%7C%51%79%58%6F%43%45%2F%47%23%58%2F%45%7C%51%79%20%45%20%3C%5B%41%2F%45%20%42%51%79%58%2D%23%46%7C%51%79%58%23%47%2F%45%4E%32%5A%4C%51%79%58%7D%2C%47%2F%43%2C%23%46%2F%5B%58%79%51%20%7C%51%79%58%2D%47%3C%5A%4C%51%23%20%45%3E%58%23%46%51%79%58%45%20%45%20%3C%7C%51%79%58%41%3E%47%45%44%23%43%3C%20%3E%47%3C%5A%4C%51%79%20%45%3E%58%79%46%51%79%58%45%79%58%45%2F%41%44%45%47%41%3E%2F%37%45%5A%4C%37%2D%42%20%2D%42%7C%51%79%36%58%2D%45%7C%51%79%58%44%2F%47%7C%5D%51%79%58%44%58%79%51%7C%23%43%3C%20%3E%5D%20%3E%56%20%79%51%7C%41%2F%2D%42%7C%51%79%58%23%43%2F%41%7C%51%79%58%7C%44%51%79%58%35%62%37%2D%62%45%7C%51%79%58%45%20%20%3C%74%6F%58%6F%46%7C%51%45%7C%51%79%58%63%6F%64%61%3E%79%58%23%47%2F%45%33%4E%7C%51%79%58%41%7B%51%20%79%58%51%79%58%51%79%58%51%79%58%51%79%58%51%7C%46%23%2D%3C%20%51%79%58%2F%47%23%20%20%20%7D==%30=%30
071ab51f-972a-430b-83fc-237ec4eabc47,irealb://%48%6F%77%20%48%69%67%68%20%54%68%65%20%4D%6F%6F%6E%20%45%78%65%72%63%69%73%65%20%32=%54%65%72%72%69%65%72%20%41%6C%65%78==%4D%65%64%69%75%6D%20%53%77%69%6E%67=%43==%31%72%33%34%4C%62%4B%63%75%37%42%5A%4C%37%23%79%51%7C%41%2D%43%7C%51%79%58%5E%47%5A%4C%39%62%37%44%20%68%37%41%7C%51%79%58%37%2D%47%5A%4C%37%44%20%37%23%2D%37%20%46%58%5E%62%45%5B%39%62%37%62%42%7C%43%23%68%37%51%79%58%37%2D%62%45%5A%4C%37%62%42%20%37%46%2D%7C%51%79%58%5E%42%5A%4C%39%62%37%23%46%20%7C%46%68%37%20%51%79%58%37%2D%20%7C%20=%4A%61%7A%7A%2D%4D%65%64%69%75%6D%20%53%77%69%6E%67=%31%30%30=%33
07fafc21-e1be-417f-bc1a-5e9fd00e0313,irealb://%57%68%6F%6C%65%74%6F%6E%65%20%43%68%6F%72%64%73%63%61%6C%65%20%56%61%6D%70=%45%78%65%72%63%69%73%65==%4C%61%74%69%6E=%43==%31%72%33%34%4C%62%4B%63%75%37%58%35%23%39%44%39%23%35%58%79%23%39%43%7C%51%79%58%2C%35%23%39%44%7C%51%58%79%35%23%39%43%7C%51%79%58%35%23%39%44%7C%51%35%58%79%51%7C%43%34%34%54%5B%79%51%7C%43%39%23%35%58%79%51%7C%44%39%23%35%58%79%51%5A%20=%4A%61%7A%7A%2D%42%6F%73%73%61%20%4E%6F%76%61=%31%32%30=%35
07311375-a187-4a69-9380-ecc863211288,irealb://%49%49%2D%56%2D%49%20%4D%61%74%72%69%78%20%55%70%20%4D%69%6E%20%33%72%64%73=%45%78%65%72%63%69%73%65==%4D%65%64%69%75%6D%20%53%77%69%6E%67=%43==%31%72%33%34%4C%62%4B%63%75%37%51%79%58%37%5E%2D%37%58%79%51%58%37%62%42%7C%51%79%58%37%2D%46%5A%4C%20%63%6C%4B%51%79%58%37%5E%43%7C%51%79%58%37%47%7C%79%51%7C%45%62%44%34%34%54%5B%5E%41%7C%51%79%5A%7C%41%62%2D%79%58%37%2D%42%5A%4C%20%6C%63%4B%51%79%58%5E%37%62%47%7C%51%79%58%37%62%44%7C%51%79%58%37%51%7C%45%37%58%4C%20%6C%63%4B%58%37%23%46%7C%63%6C%20%4C%5A%23%43%5A%4C%20%6C%63%4B%51%79%58%37%5E%62%7C%41%51%79%58%37%62%45%7C%51%79%58%37%2D%62%42%2D%37%58%79%51%4B%51%79%58%37%37%43%7C%51%79%37%58%79%51%4B%4C%20%6C%63%4B%51%79%58%37%5E%44%7C%51%79%37%58%41%7C%51%79%58%37%2D%45%7C%5A%4C%20%6C%63%5A%47%2D%37%58%5E%42%7C%51%79%44%7C%51%79%58%5E%37%58%79%51%20%6C%63%4B%51%79%58%37%5E%45%7C%51%79%58%42%37%7C%51%79%58%37%2D%23%46%5A%4C%20%6C%63%4B%4C%5A%41%2D%37%46%7C%51%79%58%51%79%58%37%2D%47%5E%37%58%79%6C%63%4B%51%79%58%37%5E%62%42%7C%51%79%58%46%37%7C%51%79%58%37%2D%43%5A%4C%20%6C%63%4B%51%20%4C%5A%45%62%7C%51%79%58%37%7C%41%62%37%58%79%51%7C%44%62%5E%37%58%79%51%4B%63%6C%20%20%5A%20=%4A%61%7A%7A%2D%4D%65%64%69%75%6D%20%53%77%69%6E%67=%37%30=%33
0761ec50-1b37-4b81-8495-8ce63297bfac,irealb://%49%49%2D%56%2D%49%20%50%72%61%63%74%69%63%65%20%28%2D%35%20%4D%6F%64%75%6C%61%74%69%6F%6E%73%29%20%41%73%63%65%6E%64%69%6E%67%20%43%68%72%6F%6D%61%74%69%63=%20%4B%72%69%73==%4D%65%64%69%75%6D%20%53%77%69%6E%67=%43==%31%72%33%34%4C%62%4B%63%75%37%5E%62%44%7C%51%34%44%2D%37%58%7C%51%79%58%37%2D%62%45%7C%5A%4C%20%6C%63%51%4B%79%58%37%5E%43%7C%51%79%58%37%47%7C%51%79%41%62%37%58%79%34%54%41%2A%7B%51%79%58%37%62%63%6C%20%4C%5A%37%2D%46%5A%4C%20%6C%63%4B%51%79%58%37%5E%7C%44%51%79%58%37%2D%41%7C%51%79%58%37%2D%45%7C%58%79%51%7C%42%4B%51%79%58%37%37%43%7C%51%79%58%79%51%4B%63%5A%4C%20%6C%63%4B%51%79%58%37%5E%45%7C%51%58%79%37%42%7C%51%79%58%37%2D%23%46%5A%4C%20%6C%7C%47%2D%37%58%37%5E%62%45%7C%79%58%37%2D%41%5E%37%58%79%51%63%4B%51%79%58%37%5E%62%47%7C%51%79%58%37%44%62%7C%51%79%58%37%2D%62%41%5A%4C%20%6C%63%4B%6C%20%4C%5A%7C%46%7C%51%79%58%42%7C%5A%4C%20%79%51%7C%47%5E%58%37%5E%62%41%7C%51%79%58%37%62%45%7C%51%58%79%37%2D%62%42%5A%4C%20%6C%63%4B%51%79%58%37%79%51%4B%63%6C%58%37%44%7C%51%4C%20%6C%63%4B%7C%45%37%58%79%62%42%7C%51%79%58%37%46%7C%51%79%58%37%2D%7C%43%5A%4C%20%6C%63%4B%51%79%58%37%5E%41%7C%51%5E%37%58%79%51%51%79%58%37%2D%5A%7C%43%23%2D%37%58%79%51%7C%46%23%37%58%79%51%7C%42%5E%37%58%79%51%4B%63%6C%20%20%7D%20=%4A%61%7A%7A%2D%4D%65%64%69%75%6D%20%53%77%69%6E%67=%31%30%30=%30
0714693b-4562-40fd-baac-bae1cba9838d,irealb://%49%74%20%4D%69%67%68%74%20%41%73%20%57%65%6C%6C%20%42%65%20%53%70%72%69%6E%67%2D%20%20%77%69%74%68%20%43%6F%64%61=%52%6F%64%67%65%72%73%20%20%41%6E%64%20%48%61%6D%6D%65%72%73%74%65%69%6E==%53%6C%6F%77%20%53%77%69%6E%67=%47==%31%72%33%34%4C%62%4B%63%75%37%5E%43%6C%7C%2C%34%47%5E%37%20%73%20%37%2D%44%7C%51%79%58%37%5E%47%5A%4C%2F%44%37%2D%41%20%37%5E%47%5A%4C%44%2F%37%2D%41%47%37%2C%47%2B%34%54%41%2A%7B%5A%4C%20%51%79%4C%5A%47%2F%42%37%44%2C%37%2D%41%2C%37%45%2C%37%2D%42%73%4C%5A%37%44%20%37%2D%41%31%4E%5A%4C%37%2D%45%20%7D%58%79%51%58%37%6F%43%20%37%37%47%6C%20%37%37%20%44%37%4C%47%20%37%2D%44%5A%4C%37%2D%41%20%36%43%6C%2A%42%5B%5D%2C%37%47%2C%37%2D%44%73%20%36%47%5A%37%4C%5A%44%2D%2D%41%6C%32%4E%20%37%2D%45%5A%37%2F%46%2C%43%62%37%2D%23%46%5A%4C%47%2F%37%2D%41%20%37%41%2D%6C%7C%2C%37%45%2C%35%62%37%2D%42%73%2C%5E%35%20%42%37%4C%5E%43%5A%4C%2C%47%73%20%37%2D%2D%37%20%44%37%37%5E%47%5A%4C%44%2F%37%2D%41%20%37%5E%47%4C%5A%44%2F%37%2D%41%20%37%5E%47%41%2A%5B%5D%20%58%79%51%7C%44%41%5A%4C%37%41%6F%63%20%6F%54%7C%6C%43%5E%37%20%37%2D%41%5A%4C%29%37%62%42%28%37%2D%45%42%20%2F%5E%47%5A%4C%29%43%2F%44%28%37%6F%43%20%44%37%2C%51%3C%2C%2B%47%2C%37%7C%51%79%58%37%73%42%2D%37%2C%45%20%2C%37%42%51%7C%5D%2C%37%44%2C%37%2D%3E%41%61%64%6F%63%20%6C%61%20%53%44%3C%2C%37%45%37%2C%4C%5A%41%5A%4C%3E%61%64%5E%23%46%20%5E%44%37%2C%45%62%20%37%2D%41%5A%4C%37%2D%45%20%5E%47%5A%4C%6F%37%62%42%20%37%41%5A%4C%5E%47%20%47%7C%2C%6F%44%37%4C%5A%46%73%20%37%2D%41%4C%5A%55%47%5E%2C%6E%6E%6E%5A%20=%4A%61%7A%7A%2D%42%61%6C%6C%61%64%20%53%77%69%6E%67=%38%30=%32
07f16932-1125-4655-9e68-96302bb24495,"irealb://%4A%75%6D%70%20(%4F%72%69%67%69%6E%61%6C%20%53%74%72%75%63%74%75%72%65)=%48%61%6C%65%6E%20%56%61%6E==%48%61%72%64%20%52%6F%63%6B=%43==%31%72%33%34%4C%62%4B%63%75%37%3C%5A%4C%6E%5A%34%3C%4F%6E%6C%3E%78%78%78%78%3C%5A%4C%3E%20%3C%6E%5A%4C%5A%6E%4C%6E%3E%20%20%3C%5A%4C%43%3E%62%6B%20%79%43%4C%5A%6E%4C%34%54%69%2A%5B%47,%46%5A%4C%78%78%3E%46,%20%3C%5A%4C%43%7C%47,%46%5A%4C%78%5A%4C%3E%78%20%3C%5A%4C%43%3E%64%6E%61%42%3C%7C,%47%3E%78%4C%5A%78%20%78%51%79%58%43%3E%20%3C%53%20%3E%43%4C%5A,%46%5A%4C%78%5A%4C%78%3E%20%3C%5A%4C%43%20%3E%3C%7C%47,%46%5A%4C%78%5A%4C%78%3E%20%3C%47,%7C%59%7C%3C%41%2A%5B%5D%2D%41,%47%3E%78%4C%5A%78%4C%41%73%42%2A%5B%5D,%47,%46%5A%4C%78%5A%78%4C%3E%20%3C%5A%4C%43%3E%20%3C%7C%47,%46%5A%2D,%20%3C%3C%3E%20%3C%5A%4C%20%3C%5A%4C%47%20%3C%3C%3E%47%7C%51%79%58%2D%44%5A%4C%43%20%46%7C%51%79%2D%58%44%5A%4C%43%20%46%6C%7C,%47,%2D%41,%46%20%43%4C%5A%3E%20%3C%7C,%5B%59%7D,%47%7B%2A%76%3C%20%78%5A%4C%78%3E%20%3C%5A%4C%43%3E%20%3C%7C,%47%46%5A%4C%78%5A%4C%78%3E%20%3C%5A%4C%43%3E%4C%5A%46,%53%5D%20%78%3E%20%20%62%41%3E%3C%38%53%6F%6C%6F%3E%3C%3C%20%62%42%5A%4C%62%44%3E%3C%3C%20%41%62%3E%3C%3C%5A%4C%62%47%3E%3C%3C%20%62%42%3E%47%62%4C%5A%3C%30%2A%3C%43%2A%3C%3C%20%62%41%4C%5A%3C%20%3C%62%47%3E%3C%3C%20%62%42%5A%4C%62%44%20%62%3E%41%3C%3C%5A%4C%62%47%3E%3C%3C%20%62%42%3E%20%4C%5A%3C%3C%3E%62%44%3E%3C%3C,%62%42%66%7C%3E%20%5D%59%5B%7C%6E%7C,%46%66%7C%6E%7C,%43%66%7C%6E,%7C%43%73%3E%6F%6C%6F%73%20%62%4B%3C%66%44%2A%66%47,%7C%6E%20%3C%62%44%3E%4C%43%3E%62%6B,%7C%6E%7C%66%3C%34%34%54%69%2A%5B%51%79%58%5D%43%66%7C%3E%6E%74%69%52%3C%7C,%47%66%7C%6E%7C,%62%41%4F%6E%6C%79%20%41%66%7C%6E%7C%20%3C%76%2A%7B%6E%4C%5A%6E%4C%78%78%20%78%51%79%58%3C%5A%4C%6E%5A%4C%6E%4C%5A%43%3E%78%78%78%78%3C%5A%4C%3E%20%3C%6E%5A%3E%46,%47,%3E%20%20%3C%5A%3E%43%4C%5A%3C%20%3E%78%4C%5A%78%4C%5A%46,%47%7D%3C%2A%33%30%46%61%64%65%20%6F%75%74%3E%20=%4A%61%7A%7A%2D%4D%65%64%69%75%6D%20%53%77%69%6E%67=%31%30%30=%33"
07fab527-bf3a-47fa-948f-053ce519d9f9,irealb://%4B%65%65%70%20%57%61%72%6D=%52%61%6D%20%54%68%65==%50%6F%70%20%2D%20%53%6C%6F%77%20%52%6F%63%6B=%41==%31%72%33%34%4C%62%4B%63%75%37%7B%7C%2C%45%20%34%44%58%79%51%58%45%7C%51%79%58%41%7C%51%79%58%44%7C%2C%20%45%20%41%7C%51%79%58%44%7C%2C%45%20%20%41%7C%79%51%7C%45%20%34%54%69%2A%5B%23%46%42%2A%7B%51%7C%41%20%20%45%7C%51%79%58%45%7C%51%79%58%41%7C%51%79%44%58%7C%2C%44%20%20%41%7C%51%79%58%44%7C%2C%45%20%20%45%2C%7D%79%58%44%41%2A%7C%51%79%58%44%47%58%79%51%7C%79%58%45%7C%51%79%58%45%7C%51%79%58%41%7C%79%51%58%44%7C%51%79%58%41%7C%51%79%58%2D%23%46%51%7D%7C%2A%41%7C%51%79%58%2D%41%20%20%45%2C%7C%44%58%79%51%7C%41%20%20%45%2C%7C%44%58%79%51%7C%41%58%79%51%7C%45%58%79%51%7C%45%20%20%45%5A%20==%31%31%35=%35
07f273bc-1c42-4ab2-aff5-3264af71570f,"irealb://%5A%6F%63%68%61=%50%6F%6C%75%7A%6A%61%6E%63%69==%50%6F%70=%47==%31%72%33%34%4C%62%4B%63%75%37%74%61%65%70%65%34%34%47%37%58%7C%51%79%58%45%2F%43%7C%51%79%58%46%5A%4C%78%20%20%5A%4C%20%78%20%5A%4C%20%6C%63%4B%51%79%47%37%20%3C%52%54%53%41%2A%7B%72%51%79%58%5A%20%31%73%74%20%37%2D%43%5A%4C%39%5E%62%45%20%47%42%2A%5B%51%7D%79%58%73%75%73%43%5A%4C%20%3E%65%6D%69%74%20%44%2D%37%4C%79%6C%6E%6F%20%4C%42%2F%37%47%5A%47%20%45%2D%43%2A%5B%5D%20%51%20%20%32%43%7C%51%79%58%75%73%73%37%44%5A%4C%5E%43%20%37%2D%42%5A%4C%37%47%37,%6C%20%4C%51%79%58%7C%2F%37%47%20,%43%73%75%73%2F%5D%20%51%79%58%3E%61%64%6F%43%20%6C%61%20%53%2E%2E%44%3C%7C%72%51%79%58%7C%46%2F%57,%44%7B%51%6C%47%37%73%20%37%43%5A%37%2D%43%5A%4C%20%73%43%73%75%47%6C%42%2A%7B%7D%20%3E%78%36%34%35%2A%3C%79%51%58%7C%72%51%79%58%7C%46%2F%57,%44%2F%73%20%45%62%5E%39%37%43%5A%4C%42%32%4E%7C%7D%20%5A%58%79%51%72%79%58%73%75%73%37%44%5A%4C%5E%43%20%37%2D%5A%42%4C%37%2D%45%20%47%31%4E%5A%4C%51%79%58%7C%51%4B%63%6C%20%4C%37%2D%44%20%47%20%45%2D%37%4C%5A%42%2D%37%20%43%5E%4C%5A%44%37%73%75%73%58%79%51%7C%66%43%32%58%79%51%5A%20=%50%6F%70%2D%52%6E%42=%39%33=%31"
07d6fa72-46b5-4d22-8db0-a0c716194385,irealb://%4B%C3%9C%4C=%4B%75%72%74%6F%C4%9F%6C%75%20%43%65%6E%67%69%7A==%52%6F%63%6B%20%50%6F%70=%42%2D==%31%72%33%34%4C%62%4B%63%75%37%20%44%5A%4C%20%34%3C%2A%36%39%78%20%5A%4C%20%47%20%5A%4C%20%78%20%5A%4C%2D%20%42%20%3E)%72%61%74%69%75%67%2E%45(%20%20%4C%5A%20%44%34%54%69%2A%5B%20%78%20%5A%4C%23%2D%20%4C%5A%20%78%20%5A%4C%20%2D%23%46%20%5A%4C%20%78%5A%20%4C%20%2D%42%20%53%41%2A%5B%5D%20%20%78%20%4C%5A%20%41%20%46%20%5A%4C%47%5A%4C%20%2D%42%4C%5A%20%78%20%20%5A%4C%20%2D%42%20%5A%4C%20%2D%23%46%20%4C%5A%20%78%20%5A%4C%20%2D%45%20%42%2A%5B%5D%20%44%20%4C%5A%20%20%47%20%5A%4C%5A%4C%20%47%20%20%41%20%4C%5A%2D%23%46%20%5A%4C%20%2D%42%20%43%2A%7B%51%58%79%51%79%58%51%79%58%51%79%58%5D%20%20%41%20%20%4C%5A%4E%31%5A%4C%20%47%20%6C%65%4D(%32%20%7D%7C%4E%32%20%20%51%79%58%51%79%58%5D%20%20%3E%65%6E%46%69%51%79%58%3C%2D%23%46%20%5A%4C%20%2D%45%20%59%7B%3C%2A%37%20%2D%23%46%20%58%3C%5A%4C%20%20%42%2D%20%4C%4C%20%2D%45%20%32%4E%7C%7D%20%20%2D%23%46%5A%20%4C%20%47%20%31%4E%5A%4C%20%2D%23%46%20%5A%5A%20%46%23%2D%3E)%69%64%6F%79%51%44%2E%53%2E%20%61%6C%20%46%69%6E%65%3E%20%78%20%20%5D%20=%50%6F%70%2D%52%6F%63%6B=%31%31%35=%31
07c02cde-7da0-4f33-8922-5d50cec1be39,irealb://%4C%61%20%51%75%65%73%74%69%6F%6E=%54%75%63%61%20%28%6D%65%6C%6F%64%69%61%29%20%65%20%46%72%61%6E%C3%A7%6F%69%73%65%20%48%61%72%64%79%20%28%6C%65%74%72%61%29==%43%68%61%6E%73%6F%6E%73%20%46%72=%41==%31%72%33%34%4C%62%4B%63%75%37%2A%23%43%20%37%34%41%2C%4C%5A%20%47%2F%36%2D%45%5A%4C%20%23%47%2F%2A%29%62%39%28%37%2A%23%43%5A%4C%41%41%2A%5D%20%2C%41%4C%5A%47%23%2D%34%54%69%2A%5B%62%28%37%2A%23%4C%5A%46%23%2D%4C%2C%41%5D%20%37%2D%23%46%5A%4C%2C%37%23%66%43%20%2C%42%2F%41%66%5A%4C%42%2F%41%5A%4C%37%5A%78%4C%5A%43%2A%29%39%28%37%4C%37%2D%23%46%23%4C%5A%43%23%28%37%2A%23%43%5A%4C%37%2D%23%47%5A%4C%78%4C%5A%47%2F%36%2D%45%5A%4C%2A%29%39%62%28%37%2A%39%29%2A%4C%5A%47%2F%2A%29%39%42%5A%4C%2A%29%2F%42%4C%5A%41%5A%4C%37%2D%42%42%2A%5D%20%78%5A%4C%37%2D%46%23%5A%4C%37%23%43%5A%4C%42%2F%41%5A%4C%42%2F%45%2A%37%28%39%41%5A%4C%78%5A%5A%4C%42%2F%41%2A%37%28%39%29%37%2D%23%46%7C%51%79%58%23%47%2F%2A%29%39%28%62%37%2A%23%43%5A%4C%2A%4D%37%2A%41%5A%4C%2A%4C%5A%78%4C%5A%45%5A%4C%37%2D%5A%4C%78%5A%4C%29%2A%4C%5A%47%2A%29%39%28%37%2A%45%5A%4C%37%2D%42%5A%4C%2F%45%44%5A%4C%37%2D%42%5A%4C%78%5A%4C%37%2D%23%20%7B%2A%41%41%39%28%37%2A%42%4C%20%37%2D%23%62%39%29%2A%2F%39%28%37%2A%23%43%5A%4C%37%2D%23%47%5A%4C%5A%78%4C%20%47%2F%36%2D%45%5A%4C%78%5A%4C%23%47%29%2A%4C%5A%46%28%37%2A%23%43%66%2C%37%2D%23%2F%42%4C%5A%41%37%23%43%32%4E%7D%20%78%5A%4C%37%2D%23%46%4C%5A%37%23%43%31%4E%5A%4C%42%2F%41%5A%4C%42%2F%2C%66%4C%5A%46%41%5A%4C%78%5A%61%65%52%69%20%65%63%6F%72%64%72%6F%68%43%3C%20%51%79%58%51%79%58%51%79%51%58%79%58%3E%2E%31%37%39%31%20%6E%69%20%64%65%64%73%20%74%6F%52%3C%20%5A%20%58%51%79%58%51%46%61%72%6C%6C%51%79%58%3E%2E%68%74%38%20%68%63%72%61%4D%2C%20%39%31%30%32%20%2C%65%7A%72%65%44%20%79%65%58%79%51%58%79%20%79%62%20%6C%79%51%20%3C%52%65%76%69%73%65%64%20%62%79%20%67%75%69%74%61%72%20%70%6C%61%79%65%72%20%46%65%72%6E%61%6E%64%6F%20%C3%81%76%69%6C%61%2E%3E%20=%4C%61%74%69%6E%2D%42%72%61%7A%69%6C%3A%20%42%6F%73%73%61%20%41%63%6F%75%73%74%69%63=%31%30%30=%31
072f3330-b4b2-4b81-b0d1-538556b62711,irealb://%4C%61%73%74%20%44%61%6E%63%65=%53%75%6D%6D%65%72%20%44%6F%6E%6E%61==%44%69%73%63%6F=%45%62==%31%72%33%34%4C%62%4B%63%75%37%20%29%23%46%28%34%73%45%62%5E%42%7C%29%62%42%28%20%37%5E%62%45%7C%29%62%28%42%20%2C%62%45%2F%2D%46%7C%29%62%42%28%20%37%62%37%23%35%20%34%54%69%2A%5B%62%41%7B%20%62%28%43%29%7C%45%4C%62%45%2F%62%44%5A%4C%29%46%28%20%29%62%28%42%20%2C%62%45%2F%2D%46%7C%29%62%42%28%20%62%5A%44%62%2F%45%20%29%62%42%28%7C%72%5A%4C%7C%41%62%4C%5A%47%2F%62%41%7C%2C%62%42%2F%62%45%5D%20%46%66%2D%2C%43%32%4E%7C%7D%20%20%2D%43%31%4E%5A%4C%37%42%62%2C%7C%72%2F%62%42%5A%4C%29%65%28%20%32%7C%3C%2A%36%38%45%20%31%20%51%79%58%34%32%2A%3C%5A%4C%35%37%62%2D%41%7C%2C%62%42%2F%62%41%3E%73%74%69%48%20%28%2B%29%20%2C%62%42%5A%4C%46%5A%4C%37%5E%41%62%2F%42%62%62%42%5A%4C%37%5E%62%45%5A%4C%62%45%2F%2D%5A%46%4C%37%5E%62%45%73%76%2A%5B%20%20%51%79%58%2B%4C%5A%45%62%3E%41%20%2B%20%2F%62%42%5A%4C%5A%44%62%2F%45%4C%37%2D%43%5A%4C%37%47%5A%4C%62%41%2F%62%5A%42%4C%37%5E%62%41%7C%5A%4C%37%62%45%5A%4C%62%5A%41%62%5E%37%4C%62%45%2F%2D%7B%20%3E%73%74%37%4C%5A%43%2D%3C%7C%72%5A%4C%7C%72%5A%4C%62%42%2F%62%41%4C%5A%62%42%2F%62%45%43%2A%5B%5D%2C%37%46%2C%37%2A%36%36%48%69%47%5A%4C%62%41%7C%6E%2C%37%5E%2D%2F%42%62%4C%2D%47%5A%4C%2C%2D%46%42%2A%7C%7D%20%3E%78%30%33%36%2A%3C%37%5E%62%41%5A%4C%37%5E%62%41%5A%37%4C%5A%41%62%43%5A%4C%2D%43%2A%5B%5D%2C%42%6E%7C%46%2D%39%2C%62%42%2F%62%41%5A%4C%37%5E%62%41%5A%4C%2D%39%43%5A%4C%37%5E%62%45%5A%4C%37%2D%47%5A%4C%6E%7C%6E%57%2F%2C%37%5E%62%41%47%5A%4C%42%5A%5A%46%23%2D%2F%45%5A%4C%45%2F%44%5A%4C%45%2F%2D%23%46%5A%37%4C%5E%45%5A%4C%2B%42%5A%4C%37%5E%45%5A%4C%45%37%20%7B%41%4C%4C%37%5E%45%76%5A%4C%43%2F%62%5A%4E%31%43%23%46%5A%4C%7C%72%5A%4C%42%2F%41%5A%4C%2C%42%45%2F%43%2A%2C%23%46%2C%2D%23%43%32%4E%7D%20%2D%2F%43%4C%5A%42%4C%43%2F%37%23%42%7C%2C%46%76%33%48%69%74%73%62%42%3E%73%74%69%48%30%36%2A%3C%5A%4C%2D%5A%41%4C%62%42%5A%4C%2C%35%62%37%2D%42%5A%4C%3E%2F%43%20%5B%2A%36%2A%3C%7C%72%62%42%7C%2C%43%46%2C%7C%43%2B%2C%47%2C%2D%44%32%4E%7D%20%2D%44%31%4E%5A%2C%4C%23%43%2F%41%5A%4C%2C%43%5A%4C%62%42%7B%2C%5D%2A%43%46%2F%7C%2C%46%2F%62%4C%43%2F%62%42%7C%4C%5A%72%7C%30%36%2A%3C%7C%2C%6F%42%7C%2C%62%42%5A%4C%62%35%37%2D%41%5A%4C%3E%73%74%69%48%30%36%2A%3C%48%69%74%73%3E%72%7C%2C%43%2F%5A%66%43%2C%7C%46==%30=%30
07f32fbe-7cee-4d1a-a889-48288f014417,"irealb://%4C%75%6C%6C%61%62%79%20%6F%66%20%42%72%6F%61%64%77%61%79%20%4A%6D%75%73%20%31%34%34%20%58%34=%57%61%72%72%65%6E%20%48%61%72%72%79==%4D%65%64%69%75%6D%20%55%70%20%53%77%69%6E%67=%43==%31%72%33%34%4C%62%4B%63%75%37%62%37%41%20%36%34%47%2D%37%20,+%47%73%20%20%36%46%5A%4C%33%31%43%20%62%39%44%5A%4C%37%2D%44%20%37%2D%41%5A%4C%37%43%5D%5B%2A%41%43%34%54%69%2A%5B%51%79%58%39%2D%39%58%79%51%7C%37%41%20%36%43%7C)%39%62%44(%20%20%36,%43%43%2F%37%6F%44%73%7C%51%79%58%39%62%37%47%62%39%4C%5A%44%2D%44%5A%4C%39%62%37%43%7C%51%39%58%79%51%7C%5A%4C%39%62%37%44%20%36%46%7C,%39%62%47%37,%2D%47%73,%36%43%73,%43%2F%37%6F%44%73%47%2D%39%58%79%62%37%47%6C%7C%2F%37%6F%47%7C%47%6F%37%2F%46%37%43%7C%51%79%58%39%2D%47%5A%4C%39%62%37%20%44%36%46%7C)%39%62%47(%20%20,%36%46,%62%39%58%79%51%7C%51%79%58%39%44(%20%20%36%47%37,%20%5D%6F%44%73%7C%51%79%58%39%62%37%47%7C%51%79%39%58%2D%44%5A%4C%39%62%37%41%20%36%43%42%2A%5B%37%2F%43,%43,%36%46,%46%47%20%36%46%43%36%20%41%37%62%39%62%37%43%20%73%75%73%39%43%5A%4C%39%62%31%33%47%20%37%47%7C%51%79%58%39%2D%44%5A%4C%39,%20%5D%5B%2A%43%7C)%39%62%5A%4C,%46%2F%5A%46%36%20%43%46%7C%51%79%58%46%7C%5A%4C%39%62%37%43%20%5A%46%4C%46%2F%37%2D%47%20%36%46%5A%4C%46%2F%37%36%20%47%2D%37%4C%46%2F%37%2D%73,%5E%46%73%2F%46%4C%5A%46%79%58%51%79%58%5D%20%37%47%20%46%5A%4C%39%37%62%43%20%46%5A%4C%51,%46%2F%37%2D%47%20%36%51%20%4C%5A%51%37%43%20%36%46%5A%4C%33%31%43%62%6F,%73%41%5A%4C%37%2D%44%20%37%2D%41%5A%4C%37%43%20%2D%37%47%5A%4C%62%44%20%31%31%2D%62%41%7C,%2D%44%62%39%4C%5A%41%73,%2D%47%46%36%4C%5A%78%4C%5A%44%62%31%33,%20%43%31%33%62%39%4C%5A%55%46%36%58%79%51%5A%20=%4A%61%7A%7A%2D%4D%65%64%69%75%6D%20%55%70%20%53%77%69%6E%67=%31%34%34=%34"
071b942c-b1f0-407f-9607-f8ef4306accd,irealb://%4F%6B%79%61%6E%75%73=%46%6D%20%4B%75%72%64%69%20(%42%62%6D)==%4D%65%64%69%75%6D%20%53%77%69%6E%67=%42%62%2D==%31%72%33%34%4C%62%4B%63%75%37%58%51%79%58}%34%3C%2A%37%30%7C%51%79%58%62%47%31%4E%7C%51%79%58%78%7C%79%51%58%2D%46%3E%65%64%72%65%79%72%65%48%20%20%46%2D%58%79%51%34%54%43%2A{%3C%41%2A[]%4E%32%42%62%20%51%79%58%78%7C%51%79%58%78%7C%51%79%58%2D%69%46%2A[}%20%2D%46%20%2D%62%45%5A%4C%62%41%7C%78%58%79%51%5A%4C%20%51%79%51%79%58%2D%62%72%20%6E%65%20%20%2D%46%20%62%45%7C%51%79%58%2D%46%5A%4C%46%2D%20%62%45%7C%51%79%58%2D%46%3E%65%73%65%64][%2A%42%42%65%6C%6C%45%20%7C%47%62%20%46%2D%4C%5A%42%62%2D%20%41%62%4C%5A%47%62%20%41%62%4C%5A%7C%66%42%62%2D%20%3C%58%79%51%44%2E%43%2E%3E%20%20]%20==%30=%30
076c437a-db0c-48d6-85c7-b0791e907ddc,irealb://%4F%6E%65%20%4E%6F%74%65%20%53%61%6D%62%61%20%53%69%6D%69%20%50%72%C3%B3%62%61=%4A%6F%62%69%6D%20%43%61%72%6C%6F%73==%42%6F%73%73%61%20%4E%6F%76%61=%45==%31%72%33%34%4C%62%4B%63%75%37%51%79%58%37%45%34%3C%20%3E%47%2D%42%7C%7D%20%6E%20%37%42%7C%51%79%58%37%23%2D%43%7C%51%79%58%37%47%7C%51%79%58%37%2D%23%37%58%79%51%7C%34%54%41%2A%7B%65%6E%69%46%3C%79%51%7C%44%37%2C%37%42%20%2C%37%2D%23%46%7C%51%79%58%37%7C%47%51%79%58%37%2D%23%47%42%2A%5B%5D%20%6E%20%4C%5A%45%2C%6E%58%37%5E%41%7C%5E%46%7C%51%79%5B%2A%43%41%2D%79%58%37%2D%47%7C%51%79%58%37%5E%47%7C%51%58%79%37%5E%47%7C%51%79%58%39%44%7C%51%79%58%37%51%7C%43%39%58%59%5D%20%20%3E%79%58%37%2D%42%42%37%58%79%51%37%42%7C%51%79%58%37%2D%23%43%7C%51%79%58%47%37%7C%51%79%58%37%2D%23%47%51%41%2A%7B%59%5D%58%79%51%7D%7C%7C%51%79%58%37%35%45%5A%4C%2C%79%51%7C%41%5E%2D%23%46%7C%51%79%58%37%47%7C%51%79%58%37%23%2D%47%42%2A%7C%51%79%58%37%44%7C%51%79%58%37%37%2C%20%42%37%58%37%45%7C%51%2C%6E%20%4C%5A%54%31%32%6E%58%79%51%7C%6E%58%79%51%7C%54%34%34%73%46%23%2D%37%2C%6E%42%37%2C%6E%7C%55%54%32%34%45%35%2C%6E%20%20%5A%20=%4C%61%74%69%6E%2D%42%72%61%7A%69%6C%3A%20%42%6F%73%73%61%20%45%6C%65%63%74%72%69%63=%31%37%35=%36
073ab2b2-e011-4c07-a45f-e80879f03874,irealb://%4F%72%69%65%6E%74%61%6C%20%46%6F%6C%6B%20%53%6F%6E%67=%53%68%6F%72%74%65%72%20%57%61%79%6E%65==%4D%65%64%69%75%6D%20%53%77%69%6E%67=%43==%31%72%33%34%4C%62%4B%63%75%37%7C%51%79%58%37%58%79%51%7C%44%58%37%2D%47%7C%51%79%58%37%23%47%7C%51%79%37%58%43%7C%51%79%58%37%62%42%7C%51%79%58%37%2D%79%51%7C%47%23%37%5E%62%45%7B%51%79%58%37%2D%51%5D%7C%45%62%37%23%47%7C%51%79%58%35%23%37%41%7C%51%79%37%58%43%7C%51%79%58%37%2D%44%7C%51%79%58%37%5E%58%79%51%7C%47%79%58%37%2D%47%7C%47%23%37%58%79%51%7C%47%2D%37%58%79%51%7D%20==%30=%30
07636a19-31ad-4051-95af-bf1534ce8515,irealb://%52%65%6C%61%6D%70%69%61%6E%6F=%4C%65%6E%69%6E%65==%53%6C%6F%77%20%42%6F%73%73%61%20%52%65%67%67%61%65=%41%2D==%31%72%33%34%4C%62%4B%63%75%37%37%2D%41%5A%4C%3E%41%2D%37%20%2A%5E%6D%2A%41%31%4E%5A%4C%2A%2B%35%6D%2A%20%41%20%36%2D%41%5A%4C%20%2A%2B%35%6D%2A%41%20%20%41%2D%36%20%20%3C%41%2A%7B%37%45%2C%68%42%35%2B%2A%20%20%2C%2D%41%5A%4C%51%79%58%6C%63%4B%51%79%58%20%78%5A%4C%37%45%2C%68%42%20%37%2D%41%32%4E%7D%41%2D%2F%47%2C%6D%2A%41%20%20%20%70%2C%2D%44%20%4C%5A%41%2D%41%70%2C%2D%41%42%2A%5B%20%37%45%2C%68%42%2C%70%37%45%5A%4C%70%2C%37%42%20%47%2F%2D%41%2C%37%2C%70%4C%5A%78%20%20%5A%4C%2B%35%6D%2A%41%7C%41%2D%2C%41%5A%4C%20%2A%2B%35%6D%2A%41%20%20%37%2D%41%20%3E%3C%41%2A%7B%20%37%45%2C%68%42%2C%47%2F%2D%41%2D%36%20%20%70%20%6F%62%45%2F%2D%41%2C%2D%41%2A%6D%5E%2A%2C%68%42%20%37%2D%41%32%4E%7D%20%20%2A%2B%6D%35%2A%41%20%20%37%2D%41%5A%4C%20%36%2D%41%20%45%37%4C%5A%41%31%4E%5A%4C%2A%2C%2D%41%42%2A%45%37%4C%5A%41%68%42%70%2C%37%45%5A%4C%70%2C%37%42%20%47%2D%2F%41%2C%2D%41%5A%4C%37%45%2C%68%42%20%37%2D%2C%45%37%20%5B%2C%68%42%2C%47%20%2A%2B%35%6D%4C%5A%44%2D%2C%2D%41%3E%20%3C%43%2A%5B%20%37%45%2C%68%42%47%2C%2F%2D%41%2C%2D%41%7C%70%20%6F%62%45%20%70%37%20%20%41%2A%70%2C%37%41%70%7C%70%2C%37%47%20%20%41%2A%6D%5A%4C%2A%2B%35%6D%2A%41%20%20%37%2D%41%5A%20%4C%36%2D%41%20%2A%5E%6D%2A%41%5A%4C%2A%2B%35%44%2D%2C%70%20%36%2D%41%5A%4C%41%2C%2D%41%7C%5E%2C%70%7C%42%20%70%2C%2D%44%5A%4C%70%2C%37%41%70%2C%2D%42%41%2A%5B%20%20%2D%41%7C%70%2C%37%45%70%2C%68%45%62%6F%20%70%46%70%2C%5E%43%2D%2F%47%2C%42%68%2C%45%37%20%5D%20==%30=%30
073cd971-ad28-4488-85f4-855a3d84ea63,irealb://%52%6F%6D%61%6E%63%65%20%4F%70%2E%20%34%34=%52%75%62%65%6E%73%74%65%69%6E%20%41%6E%74%6F%6E==%4D%65%64%69%75%6D%20%53%77%69%6E%67=%43==%31%72%33%34%4C%62%4B%63%75%37%43%20%43%5A%4C%34%20%5B%54%34%43%5A%4C%37%47%20%2A%6D%2A%44%6C%5A%4C%20%47%37%2C%37%6F%47%73%7C%2C%43%2C%42%73%20%43%34%6F%37%2C%20%43%34%54%41%2A%7B%7C%51%79%58%37%47%6F%37%2C%44%2A%6D%2A%44%7C%51%79%58%43%5A%4C%43%20%37%43%6F%7C%51%79%58%37%47%6C%5A%4C%20%2A%37%6D%2A%58%79%51%7C%47%73%5A%4C%37%6F%79%58%2A%37%6D%43%4C%5A%43%58%58%43%7C%51%79%58%43%7C%51%79%58%37%47%7C%79%51%58%37%44%7C%51%79%58%2A%6D%2A%44%7C%51%79%79%51%7C%44%2A%20%2A%6D%2A%44%7C%51%79%58%45%58%79%51%7C%43%7C%51%79%58%43%7C%51%79%58%6F%23%47%7C%51%58%79%2A%37%6D%2A%44%7C%51%79%58%43%7C%51%79%58%46%58%79%51%7C%6F%23%47%7C%51%41%2A%6D%2A%58%79%51%7C%44%2A%6D%37%2A%58%79%51%7C%47%37%58%79%51%7C%43%58%79%51%7C%43%58%79%51%5A%20=%4A%61%7A%7A%2D%4C%6F%6E%67%20%4E%6F%74%65%73=%39%30=%31
076a0e6e-680c-4ba6-b357-27623eaffbd8,irealb://%54%65%20%45%78%61%6C%74%61%6D%6F%73=%50%75%62%6C%69%63%6F%20%44%6F%6D%69%6E%69%6F==%57%6F%72%73%68%69%70=%44==%31%72%33%34%4C%62%4B%63%75%37%41%32%4E%7D%20%34%44%58%79%51%44%5A%4C%41%20%73%75%73%41%7C%51%79%58%47%51%7C%79%58%78%7C%51%79%58%41%7C%51%79%58%78%7C%4C%5A%4E%31%41%34%54%41%2A%7B%42%7C%51%79%58%36%36%41%75%67%78%7C%51%79%58%42%7C%51%79%58%78%7C%51%79%45%58%34%34%54%41%2A%7B%59%59%59%5D%20%37%42%3E%58%79%51%7C%41%2A%3C%20%42%2F%73%75%73%20%42%4C%5A%4E%31%45%58%79%51%7C%42%58%79%51%7D%58%79%51%58%79%51%20%4C%5A%4E%32%45%4C%5A%42%2D%37%4C%5A%44%4C%5A%41%20%5D%20==%30=%30
07151f07-686d-49f9-a1bf-5b7a5a5ce9c0,irealb://%54%69%6C%6C%20%54%68%65%72%65%20%57%61%73%20%59%6F%75%20%28%42%65%61%74%6C%65%73%29=%57%69%6C%73%6F%6E%20%4D%65%72%65%64%69%74%68==%42%6F%6C%65%72%6F=%46==%31%72%33%34%4C%62%4B%63%75%37%2D%47%7C%51%79%34%46%20%46%23%7C%51%79%58%46%41%2A%7B%5D%20%51%79%58%7C%51%72%79%58%5A%4C%37%43%20%37%2D%47%5A%4C%37%6F%46%23%6F%37%58%34%54%69%2A%5B%37%2D%47%5A%4C%42%62%2D%36%58%46%31%4E%5A%4C%37%43%20%37%2D%47%6C%7C%2C%2D%37%62%41%2C%37%2D%41%73%20%37%5E%46%7C%51%79%20%46%23%6F%37%7C%51%79%58%37%4C%37%2D%47%5A%58%79%51%58%79%46%5A%4C%2D%62%42%5A%4C%62%42%42%2A%5B%5D%79%51%58%37%46%7C%51%79%58%46%32%4E%5A%4C%20%51%4C%5A%44%37%4C%7D%20%37%43%20%73%20%46%7C%51%37%4C%5A%43%37%42%7C%51%79%58%37%2D%47%7C%51%79%58%37%6F%46%23%7C%51%79%58%46%53%41%2A%5B%59%5D%20%35%23%62%2D%36%58%79%43%5A%4C%46%5A%75%72%74%73%6E%62%2D%37%2C%7C%3C%41%2A%5B%5D%20%37%43%20%37%2D%47%5A%4C%20%51%20%46%5A%4C%3E%20%3C%37%43%20%37%2D%47%6C%2A%36%30%20%49%41%2C%37%2D%41%7C%2C%37%2D%62%6C%3E%46%58%79%73%20%37%5E%46%7C%51%79%58%36%2D%62%42%7C%79%51%58%37%2D%47%7C%51%79%58%37%6F%23%46%7C%51%41%2D%37%2C%41%61%74%6E%65%6D%2D%47%5A%4C%37%43%37%4C%5A%46%4C%2D%62%42%5A%4C%62%42%3E%78%6F%56%20%36%2A%36%3C%42%2A%5B%5D%51%79%58%37%46%7C%51%79%58%5A%46%4C%5A%44%20%37%2D%47%6C%4C%37%23%43%5A%5A%43%37%4C%5A%5A%4C%37%43%3E%20%20%3C%51%7C%5D%20%35%23%43%37%3E%61%64%6F%43%20%6C%61%20%2E%53%2E%44%3C%78%4C%5A%46%4C%4C%46%5A%4C%37%5A%46%4C%5A%66%55%46%5E%37%20%5A%58%79%51%20%3C%2A%35%34%43%6F%64%61%3E%20=%4C%61%74%69%6E%2D%43%75%62%61%3A%20%42%6F%6C%65%72%6F=%31%31%37=%31
07bba37b-739e-4e59-876b-7b183dd16eb5,irealb://%57%61%79%20%59%6F%75%20%4C%6F%6F%6B%20%54%6F%6E%69%67%68%74%2C%20%54%68%65%20%42%61%63%6B%69%6E%67%20%66%6F%72%20%4C%6F%67%69%63=%4B%65%72%6E%20%4A%65%72%6F%6D%65==%55%70%20%54%65%6D%70%6F%20%53%77%69%6E%67=%43==%31%72%33%34%4C%62%4B%63%75%37%37%2D%41%7C%51%37%58%79%51%7C%34%34%54%41%2A%7B%7D%20%37%47%20%73%75%73%47%37%7C%51%79%58%37%2D%44%7C%51%79%58%37%2D%41%43%5E%37%58%79%5E%43%69%2A%7B%58%37%2D%47%7C%2D%37%58%79%51%7C%51%79%58%37%2D%44%7C%51%79%58%2C%37%2D%7C%41%51%79%58%37%5E%43%7C%7C%51%79%58%37%47%7C%47%37%58%79%51%44%7C%51%79%58%79%58%37%47%7C%58%79%51%7C%44%44%7C%51%79%58%37%2D%41%7C%51%79%58%37%5E%31%43%4E%7C%7C%51%79%58%37%47%7C%51%79%58%37%2D%2D%37%58%79%51%37%43%7C%51%79%46%7C%51%79%58%43%5E%37%58%79%79%58%37%5E%43%33%4E%7C%7D%51%79%58%37%47%51%7C%79%58%37%2D%44%7C%51%79%58%37%2D%41%7C%51%51%7C%45%62%68%32%4E%7C%7D%51%79%58%37%5E%62%7C%42%62%37%58%37%62%42%7C%51%79%58%37%2D%46%7C%51%79%58%45%68%7C%51%79%58%37%5E%62%45%42%2A%7C%7C%51%79%58%79%51%7C%45%51%79%58%37%2D%58%37%62%42%7C%20%47%62%68%4C%46%7C%51%79%58%68%45%7C%51%79%58%37%5E%62%7C%45%51%79%58%37%62%42%7C%51%79%58%37%2D%46%5A%2D%37%58%79%51%37%2D%47%7C%51%51%79%58%37%43%5E%37%58%79%51%2D%47%30%4E%2C%55%2C%7C%7D%51%79%58%37%47%51%7C%79%58%37%2D%44%7C%51%79%58%37%5E%62%41%7C%37%58%79%51%7C%62%45%7C%51%79%7C%44%2D%37%58%79%51%7C%47%37%73%75%73%20%47%37%2C%20%7D%20==%31%35%30=%31
0713820e-90fa-43be-aed1-aa68f6b6128a,"irealb://%59%6F%75%27%6C%6C%20%4E%65%76%65%72%20%57%61%6C%6B%20%41%6C%6F%6E%65=%47%65%72%72%79%20%41%6E%64%20%54%68%65%20%50%61%63%65%6D%61%6B%65%72%73==%50%6F%70=%43=%32=%31%72%33%34%4C%62%4B%63%75%37%58%2D%44%7C%51%34%43%58%79%51%51%79%58%47%7C%51%79%58%43%7C%51%79%58%46%51%7C%79%58%78%7C%51%79%58%47%7C%51%79%58%78%7C%7C%47%2D%58%79%34%54%41%2A%5B%58%46%42%2A%5B%58%79%51%7C%46%43%7C%51%79%58%45%5A%4C%46%20%2D%47%5A%4C%2F%41%46%20%62%42%7C%51%79%58%2D%44%7C%51%79%58%37%58%79%51%5D%62%42%7C%51%79%43%7C%51%79%58%58%79%51%7C%43%51%79%58%47%7C%51%79%58%46%7C%51%79%58%2D%7C%45%51%79%58%43%7C%51%79%58%2D%46%7C%51%79%58%5D%7B%2A%43%43%37%45%7C%51%79%4C%45%2F+%43%46%58%79%51%7C%58%47%7C%51%79%58%2D%45%5A%4C%37%23%46%20%46%5E%5A%4C%45%2F+%43%20%43%7C%51%79%58%37%44%79%51%7C%43%20%7C%51%79%58+%5A%46%5E%20%46%2F%47,%4C%5A%4E%31%43%58%79%51%7C%47%37%58%79%51%7D%5B%4E%32%46%58%79%51%7C%43%20%55%20%20%5A%20=%50%6F%70%2D%52%6F%63%6B%20%31%32%2F%38=%38%34=%31"
07f48cb1-fe48-475a-99dd-647166f9b56d,irealb://%D0%9E%D0%BD%20%D0%B8%20%D0%BE%D0%BD%D0%B0%3DComposer%20Unknown%3D%3DMedium%20Swing%3DD-%3D%3D1r34LbKcu77A%5D%20x-LZxLLxZL7D%5B%5D%20xZL-DLZxZL7A%5D%20xZL%2C-GZZG-LZD86T%5B-GZLxBb%2CF%2C%20%20QyXQyX%5D%207AZLG-ZLxZL7bB%5B%5D%20-G%7C%5BD-LZZLxZLZLDZLA7LZxE%5D%20bBZLFZL7CZLG-%5B%5D%20-D%7C%2C7G%2C-DZLbLZA7%5D%20xZLD%2CD%2FF%23%5D%5BG-LZC7LZFLZBb%20%5DEbLZA7LZBbLZG-%2C%20%5D%5BA7LZx%20%5D%20%3D%3D0%3D0
075b507d-49d3-4c76-8efd-c375414066d8,irealb://%D0%AF%20%D0%91%D1%83%D0%B4%D1%83%20%D0%96%D0%B4%D0%B0%D1%82%D1%8C%3D%D0%A3%D0%B1%D0%B5%D0%BB%D1%8C%20%D0%92%D0%B0%D1%80%D0%B2%D0%B0%D1%80%D0%B0%3D%3DMedium%20Swing%3DE%3D4%3D1r34LbKcu7B%2FW)E4%3C*69L-%23G%20%3E%D1%83%D1%85%D1%80%D0%B5%D0%B2%D1%8106%3C*E%3E.cte%20B-E-B-EZC%5E7(4Ti*%5B-%23G%20E)A-(BQyX%7Cr%20%20%3E%D0%B5%D0%B6%D0%B8%D0%BD06%3C*%20%7C)*B-*C(%20)*A*%20%5D%7B*A*C*D(1%239%5EFC%5E7%20AX7%5EF%7CQyXGZL-A%20%5E7CZL%23D%2F-%23G%20EZL-yQ%7CE%20ZL%23D%2FXCZLF%20LZ*BX7%5EClZLQyX%7CrQy%7CXF%2CGs%20-A%7CQyX7%5ECyQ%7CG%20x%20ZL1%20-A%207%20sG%2CFD%2F-%23G%20EZL-A%207%5EZCL%23D%2F-%23G%20ElA*%7B%5D%23LZC%5E-A%7CQy%7CF%2CGsQ%7CF%5E7yX7%5EC44TSB*ZL%20%20xZL11%239%5EF%20E%7DQyXQ%7CA-%20yXG%7B%5D86T%7B%5DXyQLZ%20-AZLQ%20%20CZLF%20%3E%CC%81%D1%88%D1%8B%D0%BB%D1%81%D1%83%3CGZL%207%5EClnsG%2CF%2C%7CrQyXC(%20)*ZA-7L-AQYZL%20QyXQyXS%20%7D%3E4%D1%8596*%3CDZL-EfZ(A*-BL7%5ECl96*%3C%5B7(D%23*%20%7CF%2CGs%20-A%7CQyX)(B%5EC%7B)*A*G(%20)*%23Fr%7C%20%20%7DB)*D*-A)*C-B%20etW)E(7%5ECZL-%23G%20%3E%D1%85%D1%83%D1%80%D0%B5%D0%B2%D1%8106*%3CEl%2C%3E.c%2FB(D*E-B-E(B*A*)%20(C*-B*)%5D%20%3DJazz-Medium%20Swing%3D100%3D3
0783db47-fecc-4e43-bd27-44c6d0075374,irealb://%E3%81%A8%E3%82%82%E3%81%AB%E5%83%8D%E3%81%8F%E3%83%95%E3%83%A5%E3%83%BC%E3%83%81%E3%83%A3%E3%83%BC%E9%9F%B3%E9%A0%AD%3DNagasawa%20Hirokazu%3D%3DRock%3DC%3D0%3D1r34LbKcu7ZLC%20G4CXyQD%7CQyX-E%7CQyXCZL%20CG%7CQyX-D%7CQyX-E%7C-XyQ%7C4TA*%7BD-XyQ%7CG%2C%20A-%2CC%7D%20%3DPop-Soul%3D95%3D1
07320d10-f20e-4494-a7ab-1006ff98b3d9,irealb://%E5%85%A8%E7%84%B6%E4%B8%BA%E4%BD%A0%3DGroove%3D%3D1n2ena3na4enaballad%205%3DF%3D%3D1r34LbKcu7%2CF%7Cpp%3C%E6%88%91%E7%94%9F%E5%91%BD%E6%B0%94%20321%20%E2%80%A2evoorG36%3C*%2CF%3E%E5%80%92%E5%80%BE%E8%86%8F%E9%A6%99%E5%90%8C%E5%A6%82%E4%BD%A0%E4%B8%BA%E7%84%B6%E5%85%A8%E6%81%AF123%3Ep%2Ci*%2C%5BCp%2C7-%7CD-%2Cp%2C2bB%3E%E7%88%B1%E7%9A%84%E6%8C%9A%E7%9C%9F%E5%88%BB%E6%B7%B1%E6%9C%80%E4%B8%8A%E7%8C%AE%E5%BF%83%E6%9D%A5%E5%85%A8%3C%7C%7Cppp%2C-D%7C%2Cppppp%7CG%2Cp%2Cpp%7Cppp%2C%2Cppp%2C%E4%BD%A0%E8%A7%86%E6%B3%A8%E5%8D%95%E5%8D%95%E6%80%9D%E5%BF%83%E5%92%8C%E5%85%89%E7%9C%BC%E7%9A%84%E6%88%91%3C4T4v*%5BY%7C%2Cp%2Cp%2Cp%2CF%7C%E5%96%94%E8%80%B6%E7%A8%A3%3EFF%7Cp%2C7G%7Cppp/E%2C%7CD%E6%88%91%E6%BB%A1%E5%85%85%E6%9D%A5%E7%81%B5%E7%9A%84%E8%9C%9C%E7%94%9C%E5%8A%A8%E7%BB%BF%E5%BF%83%E4%BD%A0%E7%9D%80%E9%9A%8F%7C%3Cppp%2C7-D%7Cppp%2C7-%3EBb2%2CCpp%2CFpp%2CF%7Cp%7CC7%2C%3E%E4%B8%BB%E7%9A%84%E6%88%91%E4%BD%A0%E7%BB%99%E4%BA%A4%E6%89%8B%E6%94%BE%E7%9A%84%E4%BD%8F%E6%8A%93%E5%B7%B1%E8%87%AA%E4%B8%8B%E4%B8%BA%E6%94%BE%3C%5B%7Cppp%2C7C%7CpppF%2Cppppp%2C7-pp%2C7CD-7%2Cp2bB%3E%E6%B5%81%E6%B6%8C%E6%96%AD%E4%B8%8D%E7%88%B1%E7%9A%84%E4%BD%A0%E5%AF%B9%E5%96%9C%E6%AC%A2%E4%BD%BF%E4%BD%A0%E6%84%BF%E6%88%91%3C%7Cppp%2C7-D%7Cpp%2Cppp%7C%7C%2CE/C%E8%86%8F%E9%A6%99%E5%90%8C%E5%A6%82%E4%BD%A0pp%7CBb%E5%91%BD%E7%94%9F%E6%88%91%3CC*%5B%20QyXQyXyQXQyXQyX%7Cp%2C7Cp%2C%E6%B0%94%E6%81%AF%E5%85%A8%E7%84%B6%E4%B8%BAp%2CF%7CpD%7Cppp%3C*631%2CE/Cpp%2CF%7Cppp%3Eda%E2%80%86l%E2%80%86l%E2%80%86ab%E2%80%A25432132%7CD-7%2C%2CF%3E%E5%80%92%E5%80%BECp%2CbBp%7C%3C%E6%97%A0%E6%82%94F%7Cp%2C7Cp%2C7-G%7Cpp%2Cp2bB%3E%E4%BD%8F%E6%BB%A1%E5%BE%97%E5%BF%83%E4%BD%A0%E6%84%BF%E5%8F%AA%E5%87%BA%E4%BB%98%E7%9A%84%2Cppp%7Cpp%2C7-7-D%7Cp*C%3C%E6%88%91%E7%94%9FD%7C%2CE/Cpp%2CF%7CpppF%2C%3E%E5%80%92%E5%80%BE%E8%86%8F%E9%A6%99%E5%90%8C%E5%A6%82%E4%BD%A0%E4%B8%BA%E7%84%B6%E5%85%A8%E6%81%AF%E6%B0%94%E5%91%BD-7%2Cpp%5B%7Cp%2C7Cp%2CbB%7BS%3C%E5%85%A8%E5%BF%83F%7Cp%2C7Cp%2C7-G%7Cpp%2Cp2bB%3E%E7%88%B1%E7%9A%84%E6%8C%9A%E7%9C%9F%E5%88%BB%E6%B7%B1%E6%9C%80%E4%B8%8A%E7%8C%AE%E6%9D%A5%2Cppp%7C%7Cppp%2C7%2Cp%7CXyQXyQXyQXyQ%7BSD-%2Cppp%7C%20%3DPop-Slow%20Rock%3D70%3D3
0728e9dd-1d9f-4ae7-bf5a-d6819c158f16,irealb://%E6%88%91%E3%81%8C%E8%89%AF%E3%81%8D%E5%8F%8B%E3%82%88%3DComposer%20Unknown%3D%3DMedium%20Swing%3DC-%3D%3D1r34LbKcu7G%7CQyX-XyQ%7CE%20bB%7CQyX-CZL7Gb%20E%7CQyX-FZLbE%20bBbLZF-C44T%5B-CZLbZC-XyQyXx%7CQyX-C%7CQyXG7%7CQyX-F%7CQyXbE%7CQ%7CC-%20BL-C%20-XyQ%7C%20%3D%3D0%3D0
0708d66c-36a3-4ebc-9ae6-50faeb55e8ae,irealb://%E9%85%92%E3%81%AF%E6%B6%99%E3%81%8B%E3%81%9F%E3%82%81%E6%81%AF%E3%81%8B%3D%E5%8F%A4%E8%B3%80%E6%94%BF%E7%94%B7%3D%3DPop%20Rock%3DF%3D%3D1r34LbKcu7A%20-DZIntro%7CQyX-D%7CQyX7A%7CQXy-G%7CQyXx%7CQyX-D%3ED-%20AL%3C44T%5ByXx%7CQXyQ%7C%5BQyX-D%7CQyX-D%7CQy-XG%7CQyXx%7CQyX-DA*%7CA7Xy-DZL7x%7CQyXQ%7CG-XX7A%7CQyX-D%7CQyX-%7CDQyX-G%7CQyX-D%7CQyyQ%7CD-yXx%7CQXyQ%5D%20%3D%3D0%3D0
0711fb91-bb6e-4a36-9dbf-3607e952f132,irealb://Don't%20Sweetheart%20Me%3DCharlie%20Tobias%2C%20Cliff%20Friend%20%281944%29%3D%3DMedium%20Swing%3DF%3D%3D1r34LbKcu7QyX7C4FXyQXFZL%20lcKQyX7CZ%20LlcKQyX7GZL%20lcKyQ%7CN14TA*%7BX7G%7CQyQXyQQyXFZL%20lcKQyXbBB*%5B%5DQyX7F2N%7CQyX%7CD7XyXQyX%7DcKQyX%20LZC7lcKQyX7GZL%20lcKyQXFA*%5B%5D%20%20lcKQyX%20LZC7lcKQyl%20LZF%20BbLZF%20C7%20Z%20%3DJazz-Medium%20Swing%3D100%3D3
07d0b5ce-52f2-4911-92a9-7692b87c423f,irealb://Love%20Me%20Tender%20%28Aura%20Lee%29%3DPresley%2C%20Matson%201956%20%28Poulton%2C%20Fosdick%201851%29%3D%3DBallad%3DF%3D%3D1r34LbKcu7QyXF2XyQ%7CGQyXQyXQyX%7D%207C%201FNZL7C%207-G%7CQyX7XyQ%7CNF44T%7ByXFZLLZD-%20G%7CQyX7GZL7D%20F%7CyQXFZL-bB%20bBZL7F-7%20C77A%20F%7CQ%5D%20%3DJazz-Ballad%20Swing%3D60%3D3
07358e94-17ce-442b-b6d7-a1be1cc0a7c7,irealb://Samantha%3DCole%20Porter%20%281956%29%3D%3DMedium%20Swing%3DBb%3D%3D1r34LbKcu7GZL%20l7XyQK-CZL%20lcKQyX7A%7CLZ%20lcKQyX-CZL%20lcXyQKcA44T%7B7G%5BY%7Dcl%20LZQyXbB%7CQyX7F%7CQybXB%7CQyX-bE%7CQyX-CKcl%20%20KQyX7QyX7Dl%20LZCKQyXbB%7CQyX7F%7CQXybB%7CQyX-bE%7CQyX-cl%20LZcKQyX%7CQyXbZG-XyX7F%7CQyXF%7CQyX7CQ%7CyX%297C%28FZL%20lcKQyQ%7C%2CBL%20lcKBb7XyQ%7CEb-XyQKcl%20LZBbXyQ%7CF7XyQ%7CBbXyQKcl%20%20%5D%20%3DJazz-Medium%20Swing%3D100%3D3
07374096-23ec-44e6-a472-7b09206fd923,irealb://Trombonium%3DBuell%20N%20Withrow%20%281914%29%3D%3DMedium%20Swing%3DF%3D%3D1r34LbKcu7ZL%20lc*74InDA*%7BZL%20lcKQyX7ZAL%20lcKQyX-D%3Eort-XyQK%3C44T%5B%20-D2N%20x%20LZZLQyX%7DQyX7A%7CQy-XD1NZL%20lcKQyX7AXyQLZZL%20x%20X33*%3C-XyQ%7CKQyX7CZL%20lcKQyFXZL%20lcKQyX7CB*%5Bcl%20LZDZL7AX33*%3Creak%3EcKQyXFZL%20lcKQy7XC%7Cppp%29F%28p%7CQyXFl%20LZ%7CB%20%20QyQyXF%3Ereak%3EB47*%3C%5B%5DQyXF%7CQy7XC%7Cppp%29F%28p%7CQyXFridgeB%20%20QylcKQyZ%20x%20LL%20lcKQyXbBZL%20lKcQyX7FC*%5B%5D%20%20x%20ZZ%7CF7XL%20lcKbB%7CQyXyQKcyXbBZL%20lcKQyXbZBL%20lcKQyX7FZL%20lQ%7CF7XbBZL%20XyQ%7C%20x%20%3DJazz-Medium%20Swing%3D100%3D3
077c9094-996e-4b6b-8050-b444a20095e3,irealb://At%20Long%20Last%20Love%20nmn%3DPorter%20Cole%3D%3DMedium%20Swing%3DC%3D%3D1r34LbKcu7X5%C2%B7%203*63%20%C2%B7yX6C%3E6%20QyXQyX63%206*%3C%5DQyX7bD%3E543Q%7C%3C*6%3C44T%5B66%203654%3EBhX6G%3E543%C2%B7%2036*%3C%7CyQX-A%3E3%2036*%3C%7CQyXyQ%5D%3C*6%20%20Qy%2036*%3CyQ%7C%3C*D%3E2%2036*%3CZL7bE%20E-%3E356%20%20QyX56%2036-XyQ%7CXF%3E66567%20%20D-/CX%2036*%3C%7CQyX6-D%3E7Q%20yXQyX7%2036*%3C%7CQy%C2%B76XyQ%3E654%C2%B736*%3C%5DyQ%7C%3C*%3E642%20%20QyX%CC%B81%C2%B7%203*6%3C%7CQyXC/-D%3E4%2036BhXyQXhbD%3E36*%3C%7C%CC%A3%3ED-X%3E%CC%871%2036*%3C%7CQyXsuGs%3E%CC%A36%C2%B7%CC%871%2036*%3C%7CQyC6XyQ6%C2%B7%CC%871%20456%20%205%3EDb7%2036*%3C%7CQyX6C%3E6%20yQXQyX6%2036*%3C%5DQyX%C2%B75XyQ4%CC%A33%C2%B7%201%CC%B86QyQ%7C%3C*636*%3C%5DQyX6G%3E543%20%C2%B736*%3C%7CQyX-A%3E3%203%20656XyXhB%3E%2036*%3CG-LZ%3CF%3E2%2036*%3CZLhE%20oD%23%3E22%20%20QyX22%2036*6XyQ%7C%207C%3E%CC%87%CC%872%CC%A37%20%CC%87%3EFXy%C2%B7%2036*%3C%7CQyXhbG%3E%203QyXQyX3%2036*%3C%7CQ2XyQ%2017%CC%A36%C2%B736*%3C%5DXyQ%7C%3CE%3E543%20%20QyX3%C2%B7%203*6%3C%7CQyX-E%3E%CC%A35%2036*b7XyQ6-F%3E1%206%3ED-XyQ%7C%3C*63%203%CC%87%3EDb7XyQ%7C%3C*63%201%3EC6%20Z%3D%3D0%3D0
071e7f81-c43d-4776-b6ae-202f62b0dad9,irealb://Jack%20Sprat%3Dbe2sharp%20ARR:%3D%3DZz%20Select%20A%20Playing%20Style%3DC%3D%3D1r34LbKcu7siht%20yQ%20%20SeK%20orP%20laeRi%20tecrroc%20eht%20tceley%20forX04*%3Co%20eto%2C%3E%20%3C*hc%20tsal%20eht%20gnhictam%20yllausu41ord/ngnos%2044TA*r%20sonQyXQyXQyXQyXQyQXyXQyXQyXQyX%3E.gXyQ%20%5Buoy%20f-EZL%20%20VersL%207G%20ZL%20-A%20ZL%20%20xZL%20C%20%3EsurohC/eZ%20A-7%2086*%3CppA%20o%20x%20LZeRi%20eht%20gnisU%20Q%20yX45*%3CZ%20%20U%2CCf%20al%20PrZL-A%20em%20a%20rds%20cddim%20eht%20ni%20nettirw62*%3C%20%3Eeb%20nale%20ofohc%20%2Cuaceb%2C%20whi07*%3CQyXQyXQyXQXyQyX%3E.k.o%20si%20hcXyQ%20%20erusaQyXQye%20cho.1%20taeb%20no%20dnuso%20llits%20lliw%20dr%3EXyQXht%20es%20si%20dQ%20%3C*5tsal%20eht%20revo%20olbmys%20ehT%20%20QyX4%20choryXQyXihw%20%2Cd%20a%3E%20%20s%E2%80%99drib%22%20:gnal%28s%20%E2%80%9Datamref%E2%80%9C42*%3Ceye%E2%80%9D%29ellactsus%28lls%20y%20ot%20%20QyX66*%3CQyQXyXQyXQyXQyX%3Euohold%20et%20hcitaivenght%20ehT21*%3C%20%3E%20.drhoc/eton%20eht%20%29neabbrel/nia%3CQyXQm%E2%80%9D%20isQyXQyX%3E.%22emonotreM%20s'lezleaM%22%20XyQXym%E2%80%9C%20noezleaQ%20%20ThhoJ%20saw%20rotnevin%20s'emonortem%20eann%20MyX65*meT.e*28Alerusaem%20emonoretm%E2%80%9C%20si%20%22mm%22%20%2Cos%22%2C%20i.%3C%20%3E.l%20ooD-yQXyQ:selytS%20dooG%20%20yQX26*%3CQyXQyXQyX%20JazzX%3E.op421%20mats/%20uoF/owT%20gniwS-zzaJ23*%3C%20%3E631%20mmr%2C%20bpC%20ooD*%3C%20%3E8yQXyQb%20/elffuhS-poPyQXQyX47*%3CQyXQyXpm%2010XQyX%3EQyX%3E.%22%20is%20m%20rep%20staeb%20:%22pmb%22%20sa%20emas%20ehtinutemm%2224XyQ%3C*74XyQXyQ%20%20Pop-Bluegrass/%20mm%20122%3EXyQXyQXyQ%3Cb%23%3E%20%3DJazz-Doo%20Doo%20Cats%3D136%3D3
072529d6-a90d-4723-8a02-305a3df74b36,irealb://022Major7%20Chromatic%20Up%20%28half%20Bar%29%3DPatterns%20For%20Jazz%3D%3DJazz%3DC%3D%3D1r34LbKcu7L%5EB%20%5E%5E%20Db%5EA%20%5EbAZL%5EG%20%5EbGZ%5ELF%20%5EEZL%5EbE%20%5EDZL%5ELZBbC44T%5BZC%5EXyQ%5D%20%3DJazz-Ballad%20Swing%3D60%3D3
07d411ef-f344-45f6-8ef9-31c32bbb8754,irealb://103%20Min6%20Up%20Small%20Thirds%3DPatterns%20For%20Jazz%3D%3DMedium%20Swing%3DC%3D%3D1r34LbKcu7cKQyX-6XyQ%20lcKQyX6-%23FZL%20clKQyX6-bEZL%20lcKLZA-6C44T%5BlcKQy-6XyQL%20lcKQyX6-BZL%20clKQyX6-bAZL%20lcKZD-6XFZL%20llcKQy-6XyQL%20lcKQyX6-EZL%20clKQyX6-%23CZL%20lcKZG-6XbBZL%20yXZLQQLZXyyXZLQyXZLQyXZLyQXZLQyXZLQyXZLQQLZXyyX%5D%20%20yXZLQQLZXyyXZLQyXZLQyXZLyQXZLQyXZLQyXZLQQLZXyyXZLQQLZXyQLZXyQLZXyQLZXyQ%20Z%20%3DJazz-Medium%20Swing%3D100%3D3
076e3988-ea49-4850-94bf-0cfa5669aa08,irealb://Torn=Composer%20Unknown==Medium%20Swing=C=0=1r34LbKcu7ZLFZL4CLZFZLxZLCA%2A%7BZL%20ZLZ%20L%20ZL%20ZL%2DDZLCZLE%2DLZx4Ti%2A%5B%20FZL%2D%2DLZGLLCB%2AZL%20ZL%20ZL%20Z%20LZL%20ZL%20ZLGZL%2DEZZGLZAA%7C%7D%20x%20ZLGZLZA%2DLGZLAZLxZLFZLxZ%2DLEZLxZLCA%2A%7C%7D%20FZLZE%2DLGZLC%7BZLFZL%20LZ%20LZL%20ZL%20ZL%20ZL%20ZLZ%20L%20ZL%20B%2AZL%20ZL%20Z%20LZA%2DZL%20ZLLCC%2A%7BLZCLZ%20ZL%20ZL%20ZL%20ZL%20ZGLZL%2DEZLGZL%2DAZLGLZ%20LZxZL%2DAZL%20ZL%2DLZFLL%20ZL%20ZLxZLGZL%2D%7CA%7D%20FZL%2DAZLGZLCZZ%20LZ%20AZLGZ%7BCLZGLZA%2DLZFLZCLZGLZA%2DLZF%20%7D%20=Jazz%2DMedium%20Swing=120=3
075d7fc9-a18d-44fc-9538-0e1f0d3d3e24,irealb://Agradecido%3DMiel%20San%20Marcos%3D%3DRock%3DC-%3D%3D1r34LbKcu7%7B*iT44C-%2C*AXyQ%7CAbXyQ%7CEbXyQ%7CBbXyQ%7D%20%3DPop-Rock%3D115%3D1
074e9c31-e8d1-46b8-80b6-0ba239d3d71e,irealb://Hasta%20Q%20Ya%20No%20Respire%20Mas%3DComposer%20Unknown%3D%3DMedium%20Swing%3DE-%3D%3D1r34LbKcu7%2C9CB*4%3CIntx%7CQyXrZL%2CsusD%20G%2CZL%2C9C%20%2C*m*E%3EorXyQ%7C%5B4TA*%5ByX%2C*7%2CXyQ%7CyX%2CB/G%7CQyX%2C9C%7CyQX%2C*7m*E%7CQyX%2C9CQ%7CA*mG%7CQyXQ%7CDsus%2CXyQ%7C*CG%2CXyQ%7CC9%2CXyQ%7CE*m*%2CXyQ%7CC9%2CXyQ%5D%20%3DJazz-Medium%20Swing%3D100%3D3
07536e25-f9a9-4284-8741-acb666756539,irealb://Indudablemente=Rescate==Balada=G==1r34LbKcu7S15%2A%3C8GLZGL7%2DE%7C%2CD%2CGZLGl%7CD%2C%2C7%2DEsZL7%2DE%7C%2CD%2CZsE%2D76Ti%2A%5BZLxZL%2AAlDLL7%2DAZLDZLCZL7%2DZALDZLDZLCZL7%2DAZZCLZG%7B%5D%20%3EhCZLxZE%2D%2CE%2DD%2CGZLGlB%2AZL%3EhS48%2A%3C7%5ECZL7%5EC%7C%2CD%2F%2C%7CE%2DLsZL%2DE%7D%20xZLLZGLZx1NZL7%5ECZLxZL%2CE%2D%7C%2CD%2CGZL%2CG%7C%2CD%2CGLZC%2D6xZL7%5EZLC%7D%20QXyQLLGZL7%2DAZLxZLDZGLZL7%2DAv%2A%7B%20%2CD2NZZDLZxyXQyXZLGZLB%3C%2A69%2E%2E%2EcserC%2066%2A%3CZxLZL7%2DEZLxZLG%3E2%20%3ECLZx%2A%5B%5D%20C%2DE%7C%2CDE%2DLZx%3EniF%2066%2A%3C%5B%2CF%2CbZEL6%2DCZLxZL7%5ECZLGLZG%2C%7C%2CD%2CG7LZxLZC%2CLZxLZG%2CLZxLZE%2D%2CLZxLZC%2D6%2CLZxLZ%20GZ%20=Jazz%2DMedium%20Swing=100=3
073108e6-7f12-4d1e-8823-e61ca645b0b5,irealb://Mas%20Cerca=Bethel==Worship=E==1r34LbKcu77%2D%23CA4AaddZLsusBZLxZL7%2D%23ZCLxZLsusBZLxZL9x%20%7D%7B%2A4Ti%2A%7BX7%2D%23CsusXyD%2FB%7CQyXEB%2A%7B%7DQy9XddaA%7CQyX%23G%2FE%7CQ%23XyQ%7CB%7CQyXddaAZdd9Xy%207%2D%23F%7CQyX9ddaALZ%23G%2FE%207%2D%23Fi%2A%5B%7DQE%2FG%23LaA%7CQy9XyQ%5D%7B%2ACAadd9%20E%2CLZBsus%20C%23%2D7LZAsus%20E%2CLZBsus%20C%23%2D7%20%7D%20==0=0
0711bb93-45fb-4262-b2a3-fd7f235002f7,irealb://Stalag%20Tilt%3DMairet%20Thiefaine%3D%3DRock%3DC%23-%3D%3D1r34LbKcu7LxZLx4C%23-L-%23CA*%7CZLxZLxZLZxL-%23C%7B%20xZLxZLxZLZxLZ4Ti*%5BLxZLx11LZFA*ZLxZLxZLxZL-C%23ZL%20%7Cr%20ZL11%2331%23C%23-LZ%237%23FZ%23FSB*F%237%231LxZLxZL-%23C1NZL%7C%20r%20ZL11%2331%23FZL1ZxLZ%7C%7CZLxZL%23FZLF%237%231ZLxZL-%23CZL%20%7Cr%20LZA/11%2331%23FZLA/1%7CxLZxZLxZLZLnZL%237%2311ehc%C3%AAP86*%3CZL%20%7CrZ%20LA/11%2331%23FZLA/s%3EC%23-FZLxZ*ZL%20%7CZ%20r%7C%20/11%2331%23FZLA/117%23%23F2N%5B%7D%20Q%20%7Cr%20ZLALZ%20xL%20%7Cr%20L%20%7Cx%20Solo%3E1%2331%23FZLA/11%237F%23ZLxZLxZLxZL-%23C1/ALZ66*%3CCxZL-%23ZxLZ%3CLxZLxZL%23FQ%7C%5D%20xLZx%3EadoC%20la%20.S.DZxLZCL-%23CZLZxLZxLZF%23LZxLZxLZxLZ%3C*68P%C3%AAches%3EC%23-LZnLZC%23%20Z%20%3D%3D0%3D0
078134c5-8a4b-4ee9-bfe2-82735d610cf9,irealb://Beato%20Post%20Modern%20Reharmonization%20Of%20The%20Blues%202%20%2D%20SwingGuitarGuy=Beato%20Rick==Blues=F==1r34LbKcu7ecilA4BirdseulB%20%2F%20seulB%20edretlA%20%2F%20seulB%20%20For%207%2A%3C%5BY%20%2C7%2DbyQ%7CE%2D7bBZL7F%20%2C7%2DCZLG7%20%2C7%2DDZL7A%20%2C5b7XyQ%7CBX7%5EF%3EGZL9bA%2D7%20D7%2DA%7CQyX7C%7CQyX7G%2DZL7bD%20%2C7%2DbAZL7b5%20D7ZL7bEX7bBZ7%20%5DY%5B7%2DCZL7G%20%2C7%2DDZLA7%20%2C5b7%2DE%7CQyX7%5EF%2C%20F7LC%20%2C7%2D%3C%207A%7C%2D7%2C%20E%7CQyX7%2DGZL7bD%20%2C%2D7bAZL7D%207%2DAZL7bC7XyQbB%7CQy%2DDZL7one%20s7%2DE%7CQyX7%5EF%5BY%5D%20b7G%20%2C7GZL7bA%3E%29bub5%2C%20AtirT%28bD%20%2C7LZC%2D77D%207%2DAZL7bE%20%2C7b%2DB%7CQyX7bBZL7F%20%2CLZAb%2D7G%20%2C77LZG%2D7XyQ%7CC7XyQ%7CF7%20D7%239LZDb%5E7%20C7b9%20%5D%20==0=0
071d677d-d08b-47d1-add4-fe92820fee6d,irealb://Son%20Of%20Mr.%20Green%20Genes%3DZappa%20Frank%3D%3DRock%3DD-%3D%3D1r34LbKcu77G%7CQy4D-XyyX7G%7CQyX-D%7CQyXG7%7CQyX-D%7CQyX7G%7CQQ%7CD-X4TA*%7BKQyXb%5B*BCXyX-AZL7G%20F%7CQyXA-%7CQyXC%7CQyX-A%7CQyQ%7CN1BY%5DQyXcl%20%3C4x%3E%20%7DY%7CN2BbXyQ%7CCXyQ%7CfD7XyQZ%20%3D%3D0%3D0
0784a584-540c-43b1-ab5b-80e267ea3a71,irealb://48%20Blues%20Bass%20%28Med%20Swing%29%20A=Unknown==Blues=A==1r34LbKcu7QyX7EXyQKcKQyXAZL%20lcKQyXD7ZL%20x%20ZL%20x%20ZL%20lcl%20LZA44T%7C%7CD7XyQ%7CAXyQKcl%20%3C8x%3E%20%7D%20=Pop%2DShuffle=55=3
078c9c08-9557-4c67-8460-c5b389edbdb2,irealb://99%20Time%20is%20on%20My%20Side%20%28Rock%29%20D=Ragovoy%20Jerry==Waltz=G==1r34LbKcu7ZLDZLLZxLZLxZLxZLxZLGZLxLZ%2CDZLxZLCZLxZLxZCLZxG43T%7BLxZLD%2DLZxLCZLxZLD%7CZLxZL%2CA7ZLxZL%2DEZLxZLDZLZxLZE%5BZLxZLxZLLZDLZLxZLxZLG%5B%7D%20xZLZxLxZLDZLxZLCZLxZxLZCxZLCZD%2CLZxLZGLZxLZxLZxLZCLZxLZDLZx%20Z%20=Pop%2DRock=80=0
07aa344e-98f1-4af5-955f-7225b83d9ccd,irealb://3IRp_3-3%20Kit%3DCharts%20Practice%3D%3DAfro%3DC%3D%3D1r34LbKcu7%5BT34%3Cyellow%3E%20n%20LZ%20n%20LZ%20n%20LZ%20n%20%20%5D%20%3D%3D0%3D0
0786531e-3e10-48bb-9f51-b476461849e7,irealb://3a%20la%20Revenante%20p46%3DAttaingnant%3D%3DDanse%20Renaissance%3DC%3D%3D1r34LbKcu7E%2F-C%2C22sn%20bbaa%20%2096*%3CA*%7BQXyQyXQyXQyX%7C%2C-Gncc%3ED-Ti*%5BY%20%2C-D%7CG-%2C%7CDC%2C-D%2C-G%2CFZL%2CbBF%20%7CQyX%2CFZL%2C-G%20%2C--%2FEb%2C%2C-D%2CbN%7CQyX%2CXyQ%7C-G%20%20%2CF%7C%2C-G%2C-D%2C%2CC-DB*%7BY%7D%2C-Gn%20-G%2C%7CD-%2C-GZLDXFZL-G-%2C%7DX-G%20%2CFC*%7B%7C%2CbBn%20D-2N%7CQyXQyXQyXQyLZD%20Gn%20-D1QyXQy%20Bb%2C%7Cn%20-G1N%7CQyX-G%7CQXyD%7C%2CE%2FC%2C-D%2C-G%2CFBb%2C%7DX%20F%7CQyXyQXyQ%7CUN2%3CFine%3EG-%2C%20nG-%5D%20%3DPop-Disco%3D108%3D3
07f517b0-9938-43a6-9de1-44d86e9707b1,irealb://20%E4%B8%96%E7%B4%80%E6%9C%80%E5%BE%8C%E3%81%AE%E3%83%80%E3%82%A4%E3%83%A4%E3%83%A2%E3%83%B3%E3%83%89(%E9%9F%B3%E6%A5%BD%E3%83%84%E3%82%AF%E3%83%BC%E3%83%AB%E3%81%8B%E3%81%AA%E3%81%A7%E3%83%BC%E3%82%8B)%3DComposer%20Unknown%3D%3DRock%3DEb%3D%3D1r34LbKcu7%5B%207G%204C-Xy%7CQyXbE2N%7C%7DQyXFQ%7CyXbE1N%7CQyX-C%7CQD-7b54TA*%5BQyX-AQ%7CCXy%20C%7CQyXC%7CQyXbA%7CyQXF%7CQyXD%7CQyXD%7CQC%2FBLZyXCB*yX-A%7C%7CDXyQC*%7BQyXbA%7CQyXbAQ%7CyXG%7CQyXF%7CQyXD%7CBbXyQQyXG%7CQyXbEbXyQ%7CXbB%7CQyXbB%7CQyXb%7CAQyXbA2N%7C%7D%20%2CC%20GyQ%7B*DA1N%7CQ%7D%20%2C7GQ%7CBbXD%7CQyX-F%7CQyX-G%7CyQXbA1N%7CQyXbB%7CQy-7b5%20yXbE%7CyXbAiXyQ%7CGB%2CbA%20bE%7CQyXbE%7CyQXbA%7CQyX%23F%7CQyX-b%2C%7D%5B*bA2N%7CQ%7CBbXyQ%7CCXyQ%7CCXyQZ%20%3DPop-Rock%3D170%3D1
077966da-f5eb-4be4-8243-ac6f9f554b16,irealb://Human%20Nature%3DJackson%20Michael%3D%3DPop%3DD%3D%3D1r34LbKcu7A%20G%3Eo4%3C*743C%20V%20nI%202C%20V%20CV%20%20V%20nI%20%20%3AmroF%20%20%20Outr4Ti*%5Bx%20ZL%20-LZXy%20x%20ZL%20x%20ZL%20x%20ZAL%20Gv*%5BY%5D%20QyX%7CrQLZKclE%20FZLEZL-%23F%23-LZ7-B%20DZLA%20*%20*G%3E%20186*%3CC*%7BY%5D%20A%20-ELZG%20F%20GZL%20s%20-E1%2CA%2C%7DYF%20GZL7-B%20DZLA%20%20**Gl%3E%202%2086*%3CC*%7B%23-LZN-Bs%20-l%3E3%208%7D%7CN2l%7BY%5D%20%20%2CAZL%20GlZLx%20ZL%20x%7C%2CA%2C-Bs%20-E*C%3C*6%2CA%2C-ByX%2CA%7CALZD%20-El2N%7C%7D%2CA%2C-Bs%20E-1NZL-%23F%20GZL7-B%20%20%2C%20%2C%20*%20*GBZL-EXyQ%20%20A%20bB%7C%5D%20QyX%7CrQyZXL-E%20FZLA%20GlQ%5BY-LZF%20QyX%5DQb6XyQKcl%20%20Z%20%3D%3D0%3D0
07fff53e-7171-4780-90f4-8061c7c18265,irealb://Scarborough%20Fair%3DSimon%20and%20Garfunkel%3D%3DFolk-Rock%3DE-%3D%3D1r34LbKcu7EZL2E4E13s31El%7C%2C%23F%2FWs%20%207G%5EZLA%2Fsus31EZLsususLZ3Ti*%5ByX2E%7CLZE2%20us31E%7CQyXD%7CQyXE2%7CQyXsus31EA*%7B%5DsXyQ%7Csus31yX%7C%2Cr%2C%20GLZyX2E%7CQyXsus31EZ%7CL%20Al%2CGs%7CQyX7-EQ%7CXyQ7%5EG%7CQ%20lcKQXyQ%7CGyX7-E%7CZLxZLDZLE-%2C%23F%2FD%2CGZLG%20%2C7%5EQ%7CDXy-EZLQLZE13susXyQ%7CE2XyQ%7CE13susXyQ%7CE2%20%20%3C6x%3E%20%7D%20%3D%3D0%3D0
0708c4cd-81a6-43dc-a5b8-52f272a428ab,irealb://In%20A%20Mellow%20Tone%20%28In%20A%20Mellotone%29%201%3DEllington%20Duke%3D%3DMedium%20Swing%3DAb%3D%3D1r34LbKcu7%5EbD%7CQ4Bb7X%7CQyX7-bEZL%20lcKyQX6bA%7CQyX7bE%7CQyAb7Xy4TA*%5B%20lcKQcl%20%20%5D%7CQyX7F%7CQyX6bA%7CyQX7bG%7CQyX6bDB*%5BBb7XyKQyX7yX7-bXyQ%7CFcKQyX6bA%7CQyX7b%7CEQyX7bBA*%5B%5DQyX7l%20LZE7bEZLF%7CQyXXyQ%7CDA%7CQyX7oD%7CQyX7bCD*%5B%5D%20%20lcKQyX7%5Ebb6/Eb7bA%7CQ7XyQ%7CBb7XyQ%7CEb7XyQ%7CUAb6XyQ%7CF7XyQZ%20%3DJazz-Medium%20Swing%3D190%3D5
07877f38-5dcb-4fc2-8a02-6042dc2882bb,irealb://Scrapple%20From%20The%20Apple%3DParker%20Charlie%3D%3DUp%20Tempo%20Swing%3DF%3D%3D1r34LbKcu77oB%2074G-7XA/7F%207%5EF%7CQyX7CQ%7CyX7-G%7CQyX7C%7CQyLZBb%5E4T%7BA*%5BB*%5DQ%5E7%20G-ZL7C%207%5EF2NZL%20QXyQyX%7D%207D%207-AZL7F%5E7XyF1NZL7-G%5BAKcl%20LcKQyX7CZL%20lcKQXy7GZL%20lcKQyX7DZl%20%20%5D*QyX7A-G%207%5E7XyQ%7CoB%207%5EbBZLA/7F%20%5E7F%7CQyX7C%7CQyX7-G7LZUFC%7CQyX7LZA-7%20D7%20Z%3DJazz-Medium%20Swing%3D100%3D3
072ccc88-2425-405b-a27a-9a3a68d26619,irealb://Tortilla%3DComposer%20Unknown%3D%3DMedium%20Swing%3DE-%3D%3D1r34LbKcu7lcKQy4A-7XyX-EA*%7B%7CQyX7-EQ%7CyX7B%7CQyX7-E%7CQyQ%7CB7X3Ti*%7CQyXD%7C7%20E7L*%7C%7DQyX7-E%7CQyX7%7CBQyX7-E%7CQyX7-AZBGXyQ-EZL%20%7CD7XyQ%7CGXyQ%5D%7CGXyQ%7CDXyQ%7CA-XyQ%7CBXyQZ%20%3DJazz-Medium%20Swing%3D100%3D3
07f090a4-f369-4e35-9c55-ef9e1c8a540e,irealb://God%20Bless%20The%20Child%3DHerzog-Holiday%3D%3DBallad%3DEb%3D%3D1r34LbKcu77-bBZ4sEb%5E7-bBZL6bAl%2C7bE%5E%2CbEsZL6bAl%2C7bE%2C%20Eb7L4T%7BA*%7CQyX6ZAb%5E7L7bB%207-FZL9b7C7%20-G%7CQyX6-bA%7CQyXZN1EbL7bE%20GZL6-b7%20%7DNZL7%5E-C%20-C%5BB*%5D%20b97G%207hD%7CQyX6bE2C-7%20CB%207-F%207bB%20%7CDh7%207C%207-GZL6-C%207-ZCL7%5E-C%20-CZL9b7GLZF-7QyX7-E%207-bEb%5E%2CEE%207-bBZL6bAl%2C7Eb%2C%5EbEsZL6bAl%2C7bb7LZBs%5BA*%5D%207-F%7Cb%5E7XyEZL7bB%207-FZL9bC7%207-G%7CQyX6-bA%7CQb6XyQAZL7bBb7%20Z%3DJazz-Ballad%20Swing%3D60%3D2
07768e7d-1091-4e1b-8bad-85edff397679,irealb://Yes%20And%20No%3DShorter%20Wayne%3D%3DUp%20Tempo%20Swing%3DD%3D%3D1r34LbKcu7%20x%20ZL4D7su%20lcKQyX7%5EDZL%20xZ%20L%20x%20ZL%20lcKQyXsLZ%20x%204T%7BA*X%7D%20%20%3E%20D7LZlcKQyX7-EZL%20lcQKyX7%5EbBZL7F%207%5EG%3CFine7-AZLX7CZL%20%20*B%5ByX7-GZL%20lcKQyXb97DZL%20lcKQyX7hAQKcl%20QyXQy%20%207-A%20LZF-KQyX7%5EbEZL%20lcKyQX7bBZL%20lcKQyX7cl%20LZlcKQy%3CD.C.%20al%20Fine%3ELZD7%20%20%20Z%3D%3D0%3D0
07e32292-42b2-4a6e-970b-92d665ef7a49,irealb://Layla%3DClapton%20Eric%3D%3DPop%3DD-%3D%3D1r34LbKcu7LbB%20D4D-%20BCZLbB%20-DZL-D%20CLZbB%20-DZL-D%20CZLb%20D-LZ4TA*%5BLA%20EZ%20%5DYY%5B%7CQyXE%7C%2CD%2CC%20-%23CQ%7CyX-%23G%7CQyX-%23CB*F%23%20BL-D%20CZB*%20A*LZE%20A2%20X%20SUROHC%3C%20%20QXyQyXQyXQyXQyX%5D%20%3EXyQ%20B%20%23FZC%3C%20QyB%20*A%20yXQyXQyX%3E61%20X%20LOOS%3CQyXQyXA*%20B*QXyQX*%20A*%20HORUS%20X%202%20minus%20last%20progression%3E%20%3D%3D0%3D0
072903f5-aa53-4187-8e2e-4ca955c68b50,irealb://Scientist%2C%20The%3DColdplay%3D%3DPop%3DE-%3D%3D1r34LbKcu7no%20sdT44A-*%3CFB*%7BYY%7DQyXsuCs%7CQyXC%7CQyXF%7CQyX74heaA*%7BYYQyX7Gience%7C%7DQyXsusC%7CQyXCQ%7CyXF%7CQyX%3Etrapa%20GXyQ%7Ccs%20a%20A%7B%7DQyyQ%20%20YXF%7CQyXC%7CQyXC%3EotruO%20QyX07*%3CC*%7BYyQ%7CFXXQyX%5D%20sgniFXyQ%7Canoitidda%20%2ConaPi%3C%7DQyXsusC%7CQyXCl%20str%7CQyX-in%20B%20section%3E%20%3D%3D0%3D0
07300b7e-464b-4b9a-afd6-a7455082b012,irealb://Slipped%20Disc%3DGoodman%20Benny%3D%3DMedium%20Swing%3DAb%3D%3D1r34LbKcu77bE%2074Bb7%20F%206bAZL7bE%207-bZBL7oB%207%5EbAZL7bE7LZBb4TA*%7BA2N%7CQ7%20Bo7QyXQyX%7D%207F%206bAN1ZL7bE%20%2C7-bBZL%2CXyQXy%5EbAZLQyX%7CQ%5DY%5B*B%7CQyX7bBZLQyX%7CryQX%7CQyX6-F%7CQyX7CEb7XyQyX6bbBZL7%20%5DY%5B*ZL7bE%207-bBZL7o%20B7%5EbAZL7bE%207bBAAb6%20FQyX%7CrXn%7CQyLZAb%5E%20%3EeniF%3C%206bAZL7Eb%20%2C7-bBZL%2C7oB%207%20%5D%5BnX7bE%207L7bA%20QXyQ%20ZL7oD%20bD%3Enoitcse%20C%20soloS%3CC*%7BY%20Ab/EbyX%5DQyB2N%7C%7D%7CXyQLE%7CQyX7bB1NZL7Fb%20E/bAZL7oD%20bD%7CZb7XyQrQyXZb7%20Eb7LZ%3CAfter%20solos%20D.C.%20al%20fine%3EAb6XyQZ%20%3D%3D0%3D0
07f9a090-e199-42f3-b6e7-4569ba2a38a1,irealb://Cora%20Is%20Gone%3DFlatt%20and%20Scruggs%3D%3DBluegrass%3DD%3D%3D1r34LbKcu7XD%7CZL4DXyQyXAZL%20lcKQyX%2CDLZ%20x%20ZL%20x%20ZL%20lcKQKcl%203TA*%5BlcKQy%20LZ%20x%5DQyX7D%7CQyXD%7CQyAX%7CQyX%2CDZL%20x%20ZL%20%5B*BGXlcKQy%20ZL%20xyQKclcKQyXD%7CZL%20lcKQXyDZL%20lcKQyXGZL%20l%20LZ%20XDZL%20x%20LZD%2CXyQ%7CAXyQ%7CDXyQKcl%20%20Z%20%3D%3D0%3D0
070d0981-12a4-413d-958b-f6569caa09af,irealb://Long%20Train%20Runnin'%3DDoobie%20Brothers%20%28Tom%20Johnston%29%3D%3DRock%3DG-%3D7%3D1r34LbKcu7L%20x%20Z44G-7QyX7-GSA*%7BY%7D%20%20%20xZL%20x%20ZL%20lcKQyXKcl%20LTi*%7BYX7-GZZC-7XusD%7CQyX7bEZL%20lKcQyX7-GZL%20lcKQys%20D7LL%20x%20ZX7-GZ%20%20%7DY%5BQyX7-CZL%20x%20ZL%20%20xZL%20lcKQyX7-GB*Kcl%20LlcKQy%5D%20Q%20x%20LZEbC%20la%20.S.D%3C%7CQyX-7CZLD%20susD%7CQyX7oda%3E%20lcKQyY%7BQG-7XyQKcl%20LZ%20x%20LZ%20x%20%20%7D%20%3D%3D0%3D0
07cd5725-cab4-4539-b7a9-2029a3e79ade,irealb://Across%20The%20Alley%20From%20The%20Alamo=Greene%20Joe==Medium%20Swing=F==1r34LbKcu77C%20%2C74F%5E7%2CL%20lcKQyX%2C7CZL%20%20xZL%20x%20ZL%20lcKQyXZN1G%2D4TA%2A%7B%2C7%5EbB7%2CXyQ%207F%20%2C7%5EFZL%2C7C%207%2C%2DG2NZL%20QyXQyX%7D%5DY%5B%2AB%5EFZL%2CG%7CQyX%5E7%2C%20FQyX%2C7A%7CQyX%2C7%5EFLZ%2C7%2DbB%20%2C7%5EbBZL7%7CD%2D7%2CF%7CQyX%20lcKQ%7CC7%2CXZL%20x%20ZL%20x%20ZL%20lKcQyX%2C7%5EFA%2A%5BY%5DQyC7%2CXyQyX%2C7LZG%2D7%2C%20C7%2CLZF%5E7XyQZ%20==0=0
0761de7e-5403-4b14-b63c-ee05dfcdcc98,irealb://As%20Time%20Goes%20By=Hupfeld%20Herman==Ballad=Eb==1r34LbKcu7bEZL%294F%2D7%20%237bB%207%5EbEZL%2C7b%20B%296%2DbB%287%2DFZL7bB5%28F%2D74TA%2A%7BbA%287%2D7%29%20%20%28E1NZL7bB%207%2DFZL7%29F%287o%23F%207FZL%297Cb%5E7%20F%2DG%287%5E7%5EbAB%2D7%20C7bE%207%2DbB%7CQyX7%5Eb2ENZL%20QyXQyX%7D%209b7%20%5D%5B%2AGZL%297ZL9b77b9Xy%7CQyX7F%7CQyX7%2DC%7CyQX7o%23F%7CQyX7%2DF%7CQF%2D7%20CC%7CQyX7bB%207Bb7%2CC%2C7bB%20%296%2DbB%287%2DFLZ7bB%207%2DFlA%2A%5B%5D%2C7LZEb%5Es%207%2DFB%207%2DF7%29LZEC%207%2DGZL7o%23F%207FLZ%297C%28%20%20%297%2DG%287%5Eb7b9LZ%2DF%285%23b7LZEb6%20C7b9%20Z%20==0=0
07d8d1b4-811c-4c38-b67b-a56af569e6e4,irealb://Change%20Partners=Berlin%20Irving==Medium%20Swing=F==1r34LbKcu7yX7%2Db4F%5E7X7C%7CQyX7%2DGZL%20lcQKyX7obAZL%20lcKQyXyQ%7CB4TA%2A%7ByX7C%7CXyQ%7CFG%7CQyX7C%7CQyX7%2DGQ%7CyX7obA%7CQyXA%2F7%5E%2D7XyQ7bE%7CQAB%2A%5B%5D6%20D7L7%2DbB%7CQyX6F2NZLQ%20yXQyX%7D%207C%207%2DGZ%20Eb7%20F1N%7CQX7C%7CQQKcl%20ZL%20lcKQyX7%5EbAZ7LbE%207%2DbBZL%20x%20ZLG%2D7XyyX7%5EbyX7%2DbAF%5E7X7C%7CQyX7%2DGZL%20lcQKyX7obAZL%20lcKQyXyQ%7CB%2A%5B%5DQys7C%7CQXyQ%7CF%7CQyX9b7D%7CQyX117%23bE%7CQyX7E%7CQyX7%5EG%2D7Xy7bE%7CQus%20C7LZF6XyQ%7CG%2D7%20C7%20Z%20==0=0
0767be26-5ed3-48e8-8722-8b6fa7c74201,irealb://Farmer%27s%20Trust=Metheny%20Pat==Waltz=C==1r34LbKcu7%20B%2F9b4G%5E7Xp%20%2C9b7%23F%20%2C7%2D%23CLZp%2CB%2FG%20%2C7%2DBZLQyLZF%2373TA%2A%5BusGZLZA%2D7%2CdaCZL%2CG%2FF%20%2CG%20%2C%2FGFl%7C%2C7Ds%20sus7D%20d9XyQLp%2C%2DBE%20bE%2F%20G7LZ%2CbB%20%2CbAZLp%20%2CE%2F%20C7%2DE%7Cp%20%2CC%20%2CsusCpLZDb%2CG%20%2Csp%209b7b%2FEb%2ChGZL%2096bGZL%205%23%2397G%7CQyX9ddabAl%7C7%2FC%20CDs%20%2CbA%7Cp%20%2CF%2D9XyCZLQp%20%2C7bA%207%5EbZAL%2011%2DGZL%209%2DC%7CQsus%20CB%2A%5B%5D%20C%20susb%2FAb%20QyXQyXQyXQyXQyZX%2CDp%2CCZL%20susC%7Cp%20Y%7BQCB%207%5Eb%2Cp%7CAb%5E7%20Bb%2FAb%20p%7CCsus%20C%2Cp%7CC%20%20%7D%20==0=0
077078c3-65ee-4612-b373-df01b5e34934,irealb://I%27m%20Confessin%27%20%28That%20I%20Love%20You%29=Daugherty%2DNeiberg%2DReynolds==Medium%20Swing=G==1r34LbKcu7AZL7A4G%5E7%20L7E%207%2DB%7CQyX7%5EGLZ5%237D%207%5EGZL5%237DZE%2D7%204TA%2A%7B%2A%5B%5DQyLZN1G6%2DC%206G2NZL%20QyXyQX%7D%207D%207%2DA%7CQyX6LZG6X7D%207%2D7D%207%2DyQ%7CG77A%7CQyX7%2DEZL7B%20C6ZL5%237G%207%5EC%7CQyXXyQ%7CAX7%2DDB%2DEZL7%20D7%20%5D%7CQyX7%5EGZL5%237D%20%5E7GZL5%237D%207%5EGA%2A%5BB%2D7%20E7%2DAZL7%20A7LZA%2D7%20D7LZG6XyQ%7CA%2D7%20D7%20Z%20==0=0
0710b455-e320-4ed1-b448-9485defd2db7,irealb://In%20a%20Sentimental%20Mood=Ellington%20Duke==Ballad=D%2D==1r34LbKcu7yX%2DDl4D%2D%20DhEs%207%2DGZL7%5E%2DG%20G%2DZL6%2DD%207%2DDZL7%5E%2D%2CA7%2C%7C4TA%2A%7BFl%2C2NyQ%7CG%2DyXQyXQyX%7D%2C7A%2ChsE%207%5EF1NZL9b7C%207QXyQ%7CX7D%7CQEZL5%23%2D7%2CAbbDZL7bA%207%2DbEZL%2D7bB%207%5EbDlB%2A%5B%5D%2C76%20Bb7bEs%206%2DD%20%2DD7LZDbyX7C%7CQyX7%2DGZL7Ab%207%2DbEZL7%2DbB%207%5EQ%5D%5B%2AAbA%207b7%2DG%7CQ%2D7%20D%2DQyX%2DDl%7C%2C7A%2ChEs7%20%2DGZL7%5E%2DG%20%2DGZL6%7CD7XyDZL7%5E%20C7b9LZF6%20sEh%2CA7%2CZ%20==0=0
076f8b89-bf0d-4fe0-b32d-d58bf08b8f63,irealb://Slipped%20Disc=Goodman%20Benny==Medium%20Swing=Ab==1r34LbKcu77bE%2074Bb7%20F%206bAZL7bE%207%2DbZBL7oB%207%5EbAZL7bE7LZBb4TA%2A%7BA2N%7CQ7%20Bo7QyXQyX%7D%207F%206bAN1ZL7bE%20%2C7%2DbBZL%2CXyQXy%5EbAZLrQyX%7C%5D%5B%2ABCE%7CQyX7bBZLQyX%7CQryX%7CQyX6%2DF%7CQyX7b7XyQQyX6b%207bBZ%5D%5B%2AABbAZL7bE%207%2DbBZLo7B%207%5EbAZL7bE%207b6%20F7L%20QyX%7C%20%20n%20ZAb%5E7%20%5D%20%20%3EeniF%3C%206bAZ7LbE%20%2C7%2DbBZL%2C7oB%5B%20n%20LZL7bEyX%7CrQyQ%20%20YbA%20bE%2FbAZL7oD%20%3A%3EsoloS47%2A%3CbDC%2A%7B7LZXyXQyX%5DB2NZLb%20Do7yX%7DQyX7bE%7CQyX7Bb1NZL7F%20bE%2FbAZLQXyQ%20D%7CZLQb7%20Eb7LZ%3CAfter%20solos%20D%2EC%2E%20al%20fine%3EAb6XyQZ%20==0=0
075e7879-7f99-42c9-8307-9bdbf985e7aa,irealb://This%20Masquerade=Russell%20Leon==Rock%20Pop=F%2D==1r34LbKcu7%5B%7DQyX4F%2D7Xuc%20llit%20pmaV%3C%7CyQX7%2DF%7CQyX7bB%7CQye%3EBb74Ti%2A%7BX7hG%7C%2CXyQ%7CD%7CQyX7%2DF%7CQyX7b%7CBQyX7%2DF%7CQyX7%5E%2DFb7XyQ%2DFA%2AS%207hG%7C%239XyQD%7CQyX7bB%7CQyX7%2D%7CFQyX7%5E%2DF%7CQyX%2DF%7Cb7XyQ7C%7CQyX7%5EbDQLZF%2DbA%7CQyX7%2DbElB%2A%5B%2C%5D7A%2C7%2DEs%20%2DF%7CQyX7XyQ%7C%2C9b7C1G%7CQy7b13XL%20lcKQyX7%5EbD%7CQXy7bA%7CQyX7%2DbE%7CQyZD%2D7XbB%7CQyD%3C%7CQy13LZCCZL31b7G%2031G%7CQXy7%2DGZL%20lcKQyX7%5E9susXb7G%203yX7%2DFl%20CodbB%7CQyX7%2DF%3EnepOQ%3C%7BYZQyX11%237bG%3Ea7XyQ%7Ca%20%2ES%2EQ%7C%3CD%2EC%2E%20on%20Cue%3EB7XyQ%7D%20==0=0
076beb6f-bee3-43e4-969d-0b9829f8b953,irealb://Training=Petrucciani%20Michel==Medium%20Swing=Ab==1r34LbKcu7%207%2DbB4lD%2D77%5EBlZL7%23Fl%207%2D%23lC%7CQyX7%2DClZL7Gl%20XyQ%7Cl4TA%2A%5BClZL7ZlAb%5EDlA%2A%5BQyX7%5EbAlZ7LbEl%207%2DbBl%7CQyX7%2D7%20lGL7bElhGl%7CQ%7ClC%23%2DAlZL7bEl%207%2DbBlQ%7CyX7%5EBlZL7%23Fl%207b%5E7XyQyX7%2DyX7%2DEZlF%2D77%2DFlZL7Cl%20hGlZ7LEl%207%2DBlB%2A%5B%5DQyXXyQ%7ClL7Cl%20l%207%2DD7XyQ%7CyX7%5EbAlZLA%2F7%2DE%20lB%2F7%2D%23Fl%7CQyX7DlQ%7C%2AAlbEl%7CQX7%5EbAC%2D7XyEl%207%2DbBl%7CQyX7%5ElBZL7%23Fl%207%2D%23Cl%7CQb7LZllZL7GyQ%7ClBb%2D7%20lEb7LZlAb%5E7XyQZ%20==0=0
07e22ce9-43ec-4e1b-b996-cbe49fa1151b,irealb://Foi%20Um%20Rio%20Que%20Passou%20em%20Minha%20Vida%201%3DPaulinho%20da%20Viola%3D%3DSamba%3DC%3D9%3D1r34LbKcu7%2C7GZL%3C*66%20DZL%2C7A%20xZL%20xZL6%20C%3E..aid%20mu%20eS%20-7LZx44T%5BYcram%20ZC6%20s%3C%7BYZL%2C7-DZL7A%20ZxL6ClZLx%5B%2C7G%2C-D*69%20ALx%7CZL%20-G1N%20meus%20-DZL%2C7A%20-EZL%2CF-%20F%3Esonagnesed%20G7%2CLZsod%20a%C3%A9rop%20XyQXym%C3%A9roP%20%2066*%3CYZL7%2CG%206C2N%7CQyXQyXQ%2C%20(ai%7D%20%2C7C%20%2C6Cl%20sD-%2C6CsZL7GZL%5EFZL-lA%7C%2C7E%2C6CZLx%7C%2C7G%2CG7%2C%7C6C%3E)m%209-DllCLZ%20etroP66*%3C%7C%2C7As-%20DZL%2C7A%206CZL%20%7Crla%2C%20%3E%7C%2C7Gs%20%2ChA96Port%7C%2C7Gs%206CZL%2C7G%20D-ZLxZLxZL9G%3EaleY%7B%3C*66*%3CZLQyX6C%20Port7G%206C%7CQyX7G%7CQy-XDZL%2C7A%206Cl%3Eale%2C%20%7DY%7CahnimF%3E..u%7Cx%20A7%20euq%20oir%20mu%20io%20F60*%3C%7BY%7CQyX-DZLpassoQyXx%7C%7D%20)7A-(E7)N%2C6C1NZL7G%20-DZ)L7A(7A%20)-A(-EZL2%20C7(F%20)F(Y%7D%20%20n9%20Lai7G%20-DZL%2C7A%20CZL7%2CG%20-D%3E..aial..%C3%A1%2CLZC%2C6*%3C%7BYYY%20%3DLatin-Brazil%3A%20Samba%3D200%3D3
07e9e068-bbc9-4a23-83b5-c6055c4209d1,irealb://O%20Sonho%20N%C3%A3o%20Acabou%20-%20AB%20AC%20A%E2%8A%99%201%3DLuiz%20Carlos%20da%20Vila%3D%3DSamba%3DD%3D2%3D1r34LbKcu7AQyX144DXy%5BY%5D%20%2C7A%20DZL7A%20E-ZL-El%2C7B%2C-Es%7CQ*A%3C*7Ti*%5BY7A)31a%20n%C3%A3oL7A%20x%7CQyX-EZL7%20BD%3E..uogapa%20es%20ZD%20(Amahc%20ohnos)%20(G1eviv%20abmas%20o%20equ%20opmet%20O%3CQ%7B%7C)3r%2C%20o%2031bA(1bA(7vai%20a(%20DZL31A%20-G%7CQy-XEZL%2C7B%20D%3ErabacA13)A%20o%C3%A3n%20%3E)x2(13)%7D%3CnaC%20%2Creceuqse%20r%C3%A1i%20m%C3%A9ugnin%20E84*deia%20G(%20)3rba%20uQXyQXeuq%20opmet%20odoT%20%2007*%3CB*%5BY%20QyXQy%20o%20c%C3%A9yXQyX7B%20DZo%20encZL7A%207-EZL7%5E-E-%20EZL7B%20D%3E..otnaD%20A7L%20ragi%20%2Ca%C3%A7nyQ%7CE-mu%20revuoh%20ednOC%3C*%5BY%5D%207A%20DZL7A%20a%20creX-EZL1%209b%20ota%20d366*%3CZL7B%20%3E7%201%CE%94%20%20166*%3CD%3E..%C3%A9f%20eXyQ%209g%20amu%3EE7XyQ%7CE-%20A7LZD%20D%2BLZD6%20D7LZG%20B7LZE-%20A7LZD%20A7%20Z%20%3DLatin-Brazil%3A%20Samba%3D200%3D0
07dd22fb-9d61-4317-a259-2fd163c6666d,irealb://Sem%20Compromisso%201%3DGeraldo%20Pereira%20e%20Nelson%20Trigueiro%3D%3DSamba%3DG-%3D10%3D1r34LbKcu7CZL7G44%3C*77D%20-G%3Eele%20moc%20%C3%A7anad%20%C3%B3s%20%C3%AAcoV%20%202LZG-%20TA*%7BY%7D%209%237ZBb%5E%20NZL7D%20-CZL7G%20F-%2FGZL%23F%2FD%20-GZL7D1G-%20DL7F%20-%20%2C7G%20%20bom%20QyXQyXQyXQyX%3E%20o%2Cssi%20moc%20rabaca%7CN2G-%C3%8903*%3CB*%5BYYn%C3%A3o%20syXQyXQyXQyX%3Eo%C3%A3jo-iap%20muhnen%20uoQXyQ%2047*%3C%5D7G%7CQy%20QuanbE%20%5EbBZL7F%20-C%3Ebamas%20mu%20acot%20odLZD7X%2007*%3CXyQ%7CC-%20F7LZBb%5E%20EbLZA7%20sEb7%2CD7%2C%7ClG-%2C%20D7%239%20Z%20%3DLatin-Brazil%3A%20Samba%3D200%3D3
07b9492b-02be-4879-9917-e805d37d450e,irealb://AB%202bar%20%2D%20Random%2002%20%2D%20Dom7b9%20Rootless=JonBlanckMusic%2Ecom==Medium%20Swing=C==1r34LbKcu7X9b7b7b9XycKQyX9b7bEZL%20lKcQyX9b7FZL%20lcKQl%20LZBA44T%5BFZL%20l%20LZE79b7%23GZL%20lcKQyXb97%23CZL%20lcKQyX9bXyQKclcKQy%20lcKQyQKclFZL%20lcKQyX9b7BLZ%20lcKQyX9b7CZL%207b9XyX9b7%23LZD7b9XyQKcl%20LZE7b9XyQKcl%20LZG7b9XyQKcl%20%20Z%20==0=0
0759fbec-4b0d-47a0-a3df-8a1a2488fb6b,irealb://Cucurrucuc%C3%BA%20paloma=Caetano%20Veloso%20%28Tom%C3%A1s%20M%C3%A9ndez%29==Bossa%20Nova=C==1r34LbKcu7ZLQyX4G%2FCXZL%20lcKQyX7%5EFZLyQX%7CrQyXZL%20lcKQyXyQr%7C3TA%2A%5BxZL%20C%7Cx%20LZ%207GZL%207%2DD%7CQyXCG%2FZL%20xZL%20C%2FGZL%20xQLZG%2FQyX7G%5D%20QyXBG%2FCXZL%20lcKQyX7GZL%20ZxL%20xZL%20xZL%20x%7CQyXyQr%7C%2A%5B%5D%20%207%5ECZLyQKclyX7%2DDZL%20lcKQyXG7%7C%7D%20QyX%7CrQyXZL%20QKcl%20XC%2FG%7B%20%3Ex3%3Cl%20LZXyX7GQ%7BYZ%20QyX%3EaodC%20la%20%2EC%2ED%3C%7CrQyQKcl%20cKQyX7G%7C%7D%20Q%7BD%2D%5ElcKQyX7G%7BQyXx%7CyQX6%2DD%7C%7D%20%3Ex3%3C%20%207%20%3C4x%3EyX7G%7DXyQ%7BD%2D7%20%20%3C3x%3E%20%7D%7BG7XyQKcl%20%3C3x%3E%20%7D==0=0
070db717-4898-4323-b583-3b6b858dd61f,irealb://Vitoriosa=Lins%20Ivan==Ballad=D==1r34LbKcu7%5D%207CZ4D%5E7L%7C%2C7A%2C%2DE%7C%2C%2D%23F%2C%2DsBZL9CZL7%5EDZL9AZlD%5E7L4Ti%2A%5B%7C%2C7%23F7%20LZAD%2FW%2C7%2DEsZL7o%23D7%20%5ED%7CQyX%7Cr%20%20ZL%209%2CC%23h%2C%5EDA%2A%7B%7CQyX7%20E7LZyX7%2DBSB%2A%5B%5D%2031b%237FZL7%5ED%7D%207A%207%2DEQ%7CF%23%2D%2C7%2DBl7%23C%20%23XyQLZZL7%2D%23D%207%5E%23FZL97b%23C%207h%23G%7CQyX7%5EGB%5E7%2FD%7CrQyXQyX9A7%20D%23%2D%5EDA%2A%5B%5D%207A%207%2DA%7CyQX7AZL7E%207%2DBZL77XyQ%7C%5E%23FZLElZL7%7CXyQLB%7C%2C7%23F%2Ch%23C%2CD%2FW7%2C%2DEsZL7o%23D%207%5EDZ%2D7%2C%20ErQyX%7C7A%2C%2DE%20%5D%5B%2AC%2C%2DBsZL9CZL7%5EDZ%20L%7Cr%20ZLQ%2C9AZL7%5EDF%23%2D%2C%7C7A%207%2DZL9AZ7LZ%3CD%7B%20QyXQyXQyXZ%20xLZ7C%3EadoC%20la%20%2ES%2EQD%5E7L%5EDl%7C%2CD%5E7LZC9LZsB%2D%2CF%23%2D%2C%7CE%2D%2CA7%2C%7ClD%5E7%3CFade%20Out%3ELZC7%20%7D%20==0=0
071d3b53-ce66-4100-8b1e-13712da60b9b,irealb://In%20The%20Still%20Of%20The%20Night=Parris%20Fred==Medium%20Swing=C==1r34LbKcu7%207%2DD%7C4%3C%2A69QyX%2DA%7CQyX%5EC%3Emp%20b07%20%2F%20rojam%20C%20%20%7CFXyQ4Ti%2A%5ByXQyX%7B%2AAC%5ECZLF%20C%7C%7D%207G%207%2D%7CDQyXF%7CQyX%2DA%7CQyX%20C7%20%5DY%5D%207GX7Gl%7CBFXyQns%2CGZL%20lcKQyXF%20%5D%20lcKQyXCZL%20lcKlG%2Csn%2A%5B%20%20Q%7BY%20%20QCCXyQ%5DQyXCZLF%20CZL7G7%20%2DD%7CQyXF%7CQyX%2DA%7CXyQXy%2A%5B%5DQy%7CQyX%2DQ%7CA%2DXC%7CQyX%5ECZLF%20C%7C%7D%3E%20%20%3C%20%207G%7CQyXF%7CQyXyQ%7CAyXCD%2AXF%7CQyG7%20%20%3CyXC%7BZL%20%3EkaerB3%2A3%3C%20%5ECfZLF%20CZL%3E%20Q%7CA%2DX%7CQyXFyQ%7CG7%20%20%3CFade%20out%3E%20%7D%20=Pop%2DRock%2012%2F8=70=1
072bb283-aae2-476f-86b9-a8aa72cf9bf8,irealb://Smoke%21%20Smoke%21%20Smoke%21%20That%20Cigarette=Travis%20Merle==Bluegrass=A==1r34LbKcu7xZLxZ4%3C%2A12%20542%20%2F%20rojam%20A69%2A%3Cn%3E%29ssaB%28%20F%20%20bpm%3EL4Ti%2A%5BDZL7AXyQXyxZLAZLEZLAZLxZDLZL7AZLASA%2A%7B%20%20QLZALZ%5D%20xZLDZL7AALZELxZLAZLEZLAZLxZDLZL7AZLAZLxZLAZLZALZZLxZLBZLxZZALZExZLAZLxZL7DB%2A%5Bp%7D%2CA%3EeniF%3CZL%2CAZLLZD7LLxZL%2CL7D%3Eo%2Cn%7CAL%2A%3CC%2A%5B%5DppZL%2CAZLE7ZLAZLxZLDZL7AZ54Sol7EZL7AsZLALZxLZLAZLDZLDZL7AZLZAL7EZL7BZLxZL7DZE7LZAZLxZ%2C%3CD%2ES%2E%20al%20Fine%3EA%5D%20=Pop%2DBluegrass=245=1
0719dcb5-15c3-47a7-a40b-d611f3bdaf27,irealb://You%20Belong%20To%20Me=Price%2C%20King%2C%20Stewart%2C==Medium%20Swing=F==1r34LbKcu7F%20bB%7C44%3C%2A6%7CQyXF%3Empb%20921%20%20%2Frojam%20FQyXQyX9A%2DXyQTSA%2A%7BQyXQy%20D7LZ7C%207C%7CQyX7Gl1NLZ%2DD%2C7A%2CFsZLC%20%2DG%235%20%7DXFZL7oZL%20lcG7%20C7B%7CQyX7F%7CQyX7%2DC%2AB%7B%5D%20%3E%2ES%2ED%3C%20%20FZLbXyQK2NZL%20%20FZL7Kcl%20L%7CQyX%2DA%7CQyXFA%2A%5BQ%5DyX5%237%5EC%7CQyX7CZBb%20FoQyX7GB%20%20A%20%2D%20C7LmroF%3C%7D%20U%20%20FZL7%20C7GlZL%2DD%2C7A%2CFsZ%3A%20%20A%20GZL7D%20%20C%20%20B%20%20C%3E%20==129=0
07d08081-971d-406f-bea2-713424874e9d,irealb://Agua%20Do%C3%A7e%3DLins%20Ivan%3D%3DBallad%3DB%3D%3D1r34LbKcu7%23GZL%2044B%5E7X7%5EBA*%7BY%7D%20%20lcKyQX9-%23GZL%20lcKQyXyQKclTi*%7BYaB%7CY%7CKcl%20LA%7CQyX9%5EE%7CQyX9b13%23D%7CQyX11-%23A%7CYZ13XyQQyX9-%207%23F%20%23XyQ%7CZL9b7%23F%207%23F%7CQy3X1%23CZL7%5ED%20D/G1NY%7CF%239D/9dd%7D%7CN2G%2313%20G%237b9b13LZC%2313XyQ%7CF%237%20F%237b9LZY%7CF%239%20F%237%20%5D%7C%20%3D%3D0%3D0
07745b6d-5dbe-4880-889d-7b5428fd6454,irealb://Perfume%20A%20Tus%20Pies%201%3DEn%20Tu%20Presencia%3D%3DBallad%20Even%3DD%3D%3D1r34LbKcu7*%3C%7C%7DQ4B-%20AyX-B%7CQyX%23C/A%7CQXyDA*%7B%7DQyXGZL%23C/Q%7CGXy4Ti*%7B%7CQyX%23%20CoroyXEB*%5BQyXAZLD%20B-%7CQyX%2CGZL%2CA%20-B%3EQ%7CB/DerP96%2006*%3CLZA%20AZLB%20-%23C%7CQyX%23D/%7CBQyXE%7C%2C%23D/B%2C%23C/AXyQ%7BB%20-%23CF%7CQyX%3EC%23-%2CyXB%7CQyX%2CAC*%7B%7D%20%3E%20A%20oT66*%3C%20AZLB%20Q%7CC%23-oloS%20%23XyQ%7D%7CF%23XyQ%7C%3C*36Cambia%202da%20pag.%20%3E%20%3D%3D0%3D0
07e95b6c-cbe2-40d1-8505-38a515f81113,irealb://Ainda%20Me%20Recordo%3DPixinguinha%3D%3DChoro%3DF%3D%3D1r34LbKcu7C%2C-G%7CLZE7L%2CA*%2C%7CZLrZLxZLFLZ7obAZL7DZL7bEZF%2CD7%2CF42T%5BL%23F/7D7%2C%7CGZLFZL7CZLFZL7CLZFZL7CZLF%7C%2C7C%2C-C7LZD%2CF%7C%2C7%2CC/F%7CE7/AbbBZL-GZL7D%20-GZ%2CLFZL%2CF%7C%2C7C%2C-AZL%2CBo7%2CZL-GZ%2C7D%2CF%7CG-%2CC%2C-G%7C%2C7D%2CA/F%7C%2C7boA%2C-GZL%23F/7D%7C%2C7QC7%2C%7C%2C7obA%2C7bD%2C7%2C%7CF-%2CbE/F%2C-FB*%7C%7C%2C7%2CCbD/-bB%7C%2CbA/-F%2C%7CG7/DC%2C-G%7CZLbAZF-LZEZLbA/bBZLA/7FZ7LCZL7bDZLbAZL7bEb/GLZL7C%7CbAC*ZLZDbL7C%2CbC/bDZL-F%7C%2CC7%2CF/bDZL-FZL7CZ%2C%7CF-LbG/bAL-FZL/GLZAD/bBZLbE/bAZLE-/bDZLF/bDZLbG/bLZDb77bEZL%2CFQZLb7%2C%7CCXQyX%5D%2C7C%2C7GZL-%7CF%2ChG%2C-bBZL7FZL7yQXyQD%2C7GZGb7%2C%7CG7%2CAb7%2C%7CA7%2CBb7%2C%7CC7LZFLZFLZFLZr%20%5D%20%3DJazz-Medium%20Swing%3D100%3D3
075620bf-a782-4f0e-a6c9-2de0df9b39d0,irealb://Here%2C%20There%2C%20And%20Everywhere%3DThe%20Beatles%20%28Lennon%2C%20McCartney%29%3D%3DRock%20Pop%3DG%3D%3D1r34LbKcu7A%20GZL4G%2C%20BL-A%20%2CGA*%7B%20QyX%5D7%20D%207-A%7CQyXbBZL-ZB-%20C4Ti*%5BQyXQy%20CLZFD%20-AZL7A%20-E1NZ7LB%207-%23FZL7B%207-%237%2C%20%7DX-BZL--C%7CQyE-%20A77D%20-CZL-G%20bBlB%7B*%5D%2C7F%2C7Ds%207-AZLLZG-X2NZL%20ZL7B%20%5B*CG%20L7B%207-%23FZLC%20-BLZ-A%20GZLC%20-BZL-AZF%23-7%5D%207D%20%5D%20%2C7DA7LZAZL7A%20-El%2C2NZL%20yQXQyX%7D%2C7F%2C7Ds%20-lA-7%20%20-E1N%5B*DG%20A-LZB-%20CLZG%20A-LZB-%20CLZGXyQZ%20%3DPop-Rock%3D83%3D1
072b30cf-7e6c-4746-b49a-758ea91e31af,irealb://Across%20the%20Universe%3DLennon-McCartney%20(The%20Beatles)%3D%3DPop%20Rock%3DDb%3D%3D1r34LbKcu7*%7BY%20Q44%3C*7XbA%7CQyX-Fl%7C%2CbApsp%2CbD%3E57%20mpb%20%204yQ%5DXyTi*%5BYQyX%2FQb-LZFX%2FQyX%2F%20%2027*%3C45%7CTQyX7-bE1N%7CQyX-yQ%2FXyB%20bDAQyX%3E%2F%2ClAb7yX%2F%2036*%3C7-bE2N24TZL%20QyXQyX%7D%20%20%2CQXyQ%20bAs%3E%2FbDA*%7Bb-XyQZLbGZLxZL7bA%7B%20b7AZL%20xZL%20bDB*%5B%5DDb%20%7DYG44T%7CA%3E%2F%20%2FZF-%20L%2F%20QyX66*%3C2N45T%20%7D%207bA1NZL%207-bEZ%20%2F%20%2F%20L-bB%20B%20%2CbD%5B*BT4%20bDZLbGZLxZL7b%7BA%207bAZL%20xZL%20bD4%7DY%7B*A%5D%20%207byX%7DQy-XyQ%7C4T%7CQyX%3E%2F%20QyXQy%2FX%2036*%3C7-bE1N42T4Gb-XFZL-bZLxZLLZN2E%207bAZL%20xZL%20bDB%5B*%5DQyX7bA%7CQyX7-b%7BAb7%2C%20QyXQuo%20pmb%20%7DY%7ByX%3CZL%20x%20ZL%20lcKyQXbD%3Eortuo%2047*%3CQ%20%20vaDZLbGt%3E%20x%20%20%7D%20%3DPop-Slow%20Rock%3D75%3D1
079ca011-a4fa-4415-91a8-7c119b2cd446,irealb://Jest%20Oldu%20KOD%3DSandal%20Mustafa%3D%3DMedium%20Swing%3DBb-%3D5%3D1r34LbKcu7%7CQyX-4Bb-XX-bBA*%7B%7DQyX-bBQ%7CyXbA%7CQyX-bE%7CQyyQ%7CEb4Ti*%5B%20-bBC%7CBb-XF%20bD%7CQyXbA%7CQyXb-E%7CQyX-bBB*%7B%7DQy%2C%20%7D%7B*QyXbALQyXZx%20LZGLQyXZLQyXZLQyXLZQyX%7DQyXbA%7CQyXbZXyQL%20ZL-FLQyXZZXyQLLQyXZLQyXZLQyXLZQyXZLQyXZLQyXZZXyQLLQyXZLQyXZZXyQLLQyXZLQyXZLQyXLZQyXZLQyXZLQyXZZXyQLLQyXZZXyQLZXyQLZXyQLZXyQLZXyQLZXyQ%20Z%20%3D%3D0%3D0
0732214c-f53d-412c-af27-b58c68c31929,irealb://La%20Cumbia%20Del%20Mole%20%20-%20%20C%3DDowns%20Lila%3D%3DCumbia%20Mexicana%3DE-%3D5%3D1r34LbKcu7D%7CQyX24%3C*6%20lcKQyX7BZL%20lcQKyX-E%3EafortsE%209%20%7D%7BE-TA*%7BY%7CQyX-l%20LZN-A%7B%5DQyXG2N%7CQyXyQXQyXQyX%7DQyX-E1XyQ%7CEcKQyX%7CQyX7%7CE-Xy-E%7CQyX-A%3ElatneumrtsnI%2096*%3C%5BY%7DQXyQ%7CBQyX7B%3Eolli%7CA-XyE%2096*%3CB*%5BY%5DQyXE-%7CQyX7B%7CQyX-E%7CQstribQyX-EX7BZL%5DXyQXyX-EZL%20lcKQyX7%7CBQyX-E%7BQyXQyXQyQKcl%20QyX-EyQKcl%20LZU%3CFin%3EE-XyQ%7D%20%3DPop-Soul%3D80%3D3
071286a1-b912-478f-92a2-c679a2982c32,irealb://Hyper%20Light%20Drifter%20-%20The%20Last%20General%20%20(vgls)%3DDisasterpeace%3D%3DEven%208ths%3DF%23-%3D9%3D1r34LbKcu7%2F7B%7CQ4F%23-7%7CQyXD%7CQyX9-%23C%7CyQX6A%7CQyX7%23G%7CQyXC%235Xy4TA*%5B-A%20%23G%7CC%237sLE%20-%23FZL%23C%20G%2F7C%5EZL-A%20-%23F%7CQyXsuZE%5E7%2FQyX%23D42TZLZT64AyX9%5EE44TZL%20%23D%2F%23-A42TZLQyX9dda-QKcl%20L9dda1%237%5Eb%23%20LZTcKQyX7-DB*%5B%20%5D%20pBp%7CQyX6E%7CQyXE44l%20LZBD%2F-%23AlcKQyppB2L%5B%5D%20%20lcKQyX11%237b%5EBZL%20lcKQyX7-DZ*CD-X%7CQyX1%20LZ%20x%20LZ%20x%20%20Z%20%3DJazz-Even%208ths%3D98%3D3
071fbc43-b35a-4c79-a338-89cf9677c452,irealb://Super%20Street%20Fighter%20II%20-%20Guile's%20Theme%C2%A0%20(vgls)%3DShimomura%20Yoko%3D%3DRock%3DC%23-%3D4%3D1r34LbKcu7yX7%5EA%23-7Xy-%23CA*%5B%20QyX%7D%207-G%23%207-%23F%7CQyX7%5EA%7CQ7XyQ%7CC44T%7B%5EAB*%5ByQ%7CG%23-%23G%7CQyX7B%7CQyX7A%5E%7CQyX7-%23C%7CQyX7-7XyQ%5DX7B%7CQ%5D%20%20lcB7XyQ-%23C%7CQyX7B%7CQyX7A%5EZL%20lcKQyX7-%23C%7C7XyQK%7CQyX7X7-%23C-7XyQB%7CQyX7%5EA%7CQyX7%5E%7CEQyX7B%7CQyX7-%23F%7C7XyQ%7C%23CC*%5ByQKcl%20LZA%5E7XyQ%7CB7XyQ%7CC%23-7XyQKcl%20%20Z%20%3DPop-Rock%3D115%3D0
07ae807e-4af1-4c8d-b1b5-5122df69b8f7,irealb://Moonglow%3DHudson-Lange-Mills%3D%3DBallad%3DG%3D%3D1r34LbKcu7QyX7D4C%5E7X-A%7CQyX7AZL7-E%20/B6G%7CQyX11%237F%7CQy7XyQ%7C4T%7BA*KQyX7o7LZsF%2C7bGspp%7CQyX7GB%5B*%7D%206Gl%2CoG%2CG/hA7%2Cl%7CEG%206G%7C%7CQyX1A7XyQQyX7%5EC%5BA*%5D%207G%20D7ZL7bE%207DZL%20lcK%7CF7%231ZL%20lcG6/B%20E-7LZA7XyQ%7CA-7XyQ%7CD7XyQ%7CG6%20Go7LZsAh/G%2CGo%2ClG6%20Z%3DJazz-Ballad%20Swing%3D80%3D2
07a91045-b35d-4b05-93a2-6cfc1ccf53d4,irealb://Afro%20Blue%3DSantamaria%20Mongo%3D%3DAfro%3DD-%3D5%3D1r34LbKcu7b(%20%3C%7B68%3C*7ZLnZL%3E)sagnoc(03*%3Cn%3E621%20mpb%20%204nLZn%20Ti*%5BYQyX7-%3ED-LZ%2C-G%7CQyX-DSA*%7BY%20%7D%3Ex636*%3CxZLxZLxXyQ%7CA)ni%20sY%7DQyXQ%7D%7B*BiF%20la%20.S.D%20%3CZL%2FEC%20bBZL%20lcKQyXCne%3ED-yX-D%7C%2C-G%7CQ%20inte*%7BY%7D%20%20x%20ZL%20x%20Z%20LlcKQyX-D%3EedulrCD-Xy47*%3C%7B47*%3C%7B-7XyQ-DZLE%2FC%20bBZL%20lKcQyXCB*%7B%7DQyX-D%7CXyQ%7DYA%7CQyXZL-GZs%20(miZLxZLxZLxZLxZLZxL-D%3E)seulb%20ronxLZxLolos%206*%3CxZZxLZDZL-DZLxZL7AZLxLZbBZLxZLxZLxZL-xLZxLLxZLx-A%7CQy%7DY%7B*DyX-D%3Eolos%20sagnco%20laudarg%20%2047*%3CQ%7CG-X%20%3Ex43*%3C%7B%7D%20D-%20%20%3C*%3C%20x%20ZL%20x%20ZL%20lKcQyX-D%7B%7D%20%3Ex836*634x%3E%7CQyX7%E2%81%B6QyXQ%E2%99%A9XyQ%20QyXQyX%C2%B3%C2%B3QyX%E2%81%B6%C2%B3QXy45*%3C-D%3E%E2%99%AB%20QyX%E2%99%AB%20%20%E2%81%B6%C2%B3XyQyX27%3EXyQ%7C%3C*72%20%20%E2%99%ABXyQ%E0%B8%AF%20%E2%99%AAXyQ%20%D2%91%3E%20x%20LZXyQr%7CXyQ%20%7D%20%3DJazz-Afro%2012%2F8%3D126%3D1
079a51b0-aa61-4897-8305-ee1eb90e4c76,irealb://Nuages%20%2D%20rn%201=Reinhardt%20Django==Slow%20Swing=G==1r34LbKcu77%2DbB%7C4Bb%2D7%2FGl%7C%2CobB%2C7%2DAs%2069GZL7D%20hAZL7bE%20B%2CXyQ4TA%2A%5B%2DE%7CQyZAh%20DyXh%23F%7CQyXB%2FGl%7Co%2CbB%2C7%2DAs%2096GZL7Q%7CB7XL7bE%207bE%207%2DXyQ%7C%5B%5DQyX%2C9DZL9bE%20D9%7CQyX7AZL7bA%207A%2ABBb%2DE%7CQyXCZL7GD7LZG7bA%209%2DbE%7CQyX%2CBG%2Fl%7C%2CobB%2C7%2DAs%2096LZDh%20%20hAZL%2CobBs%2D7%2CEb%2096G%7CQyX%2C7F%7CQy9X%2DC%7CQyX%2CE%2FCl%7C%2CosA%2D7%2CDs%2096%20Q%20%20B%2CXyQ%7CobB%2C7%2DAs%2096GZL7%2CD%20hAZL7bE%207%2DbB%2C%7ClG%2FB%2FGl%7C%5DY%7CQC%2D6XyQ%7CG%5E7XyQZ%20=Jazz%2DGypsy%20Jazz=120=4
07bdd481-0b44-440f-82ac-4ed4f0b41746,irealb://Coquette%3DGreen-Karn-Lombardo%3D%3DUp%20Tempo%20Swing%3DD%3D%3D1r34LbKcu71A%7CQy4%3C%20AAQyX9b31A%7CQyX7-ZEL%20lcKQyX96D%3EAB%7CE-7X4TA*%7BKQyX9Q%7CN1FL%20QyXQyX%7D%209b31%20A7-EZL9b31B%207-%23ZN2D6yX9b3yX7-BFine%3E%20obBZL7A%207%5EG%7CQXy7D%7CQyX7-AB*%5B%5D%20G/BLZ%3CU%20lcQ%7CE7XyQ%7CE-7XyQ%7C%3CD.C.%20al%202nd%20End.%3EA13b9XyQ%5D%20%3D%3D0%3D0
076c05d2-f31b-4696-8213-cbeebc0dcd5a,irealb://Bye%20Bye%20Blackbird%3DHenderson%20Ray%3D%3DMedium%20Swing%3DF%3D%3D1r34LbKcu7yXF%7CQ4G-7XyXFA*%5BZL7C%207-GQ%7CyX7%5EF%7CQyX7C%7CQyQ%7CFXy4Ti*%5B%7CQyX7Q%7CF%28AX7C%7CQyX7-G%7CQyX9%29b7D%28obA%7CQyX%297hyQ%7CG-yXF%7CQX7FB*yQ%7CG-cKQyXF%7CQyX7C%7CQXy7-G%7CQyX7C%7CQyX7l%20%20%5D%5BX7%5E-GQyX7CF7%29x%20bDZL%20%2ClcKQyX7-%7CGQyX7D%7CQyX7bEZL7XyQ%7C%28%20%7CQyF%7CQyXQKcl%20X7-G%7CQyX%299b7D%28D7%7CQyX%297hA%287-AZLyQ%7CC7yXF%5B%5DXyQ%7CG-7%20C7%20Z%20%3DJazz-Medium%20Swing%3D100%3D2
07ac3f7b-7cb5-4823-b510-404aff5adabb,irealb://I%20Mean%20You%20-%20jsb%3DMonk%20Thelonious%3D%3DMedium%20Swing%3DF%3D%3D1r34LbKcu7D%7CQyX4Eb7X%20lcKQyXFA*%7BY%5D%20x%20%20ZL%20x%20ZL%20lcKQyLZDb74Ti*%5BQyXF2G-7XyyXQyX%7D%20%2C7C%207-GLZ7D%20F1N%7CQyX7C%7CQQ%20LZN%7CQyX7cKQyX%5D%5B*BElcKQyX7bDZL%20lcQKyXFZL%20lcKQyX7b%20LZC7%20%20lcKlos%3C%20*AFXy%207C%7CQyX7-G%7CQyXD7%7CQyX7bDZL%20lcKQ%20QLZF%5B%5D%20%20lZLxZL%20AABAT%5B%20%206F42T%7CQyX6QF%7CYZ%207C%207-GZL%20%3E44Eb7no%20soxLZx%20Z%20%3DJazz-Medium%20Swing%3D195%3D30
07f0f066-6970-4b5f-b55d-65656f07693a,irealb://Round%20Midnight%3DMonk%20Thelonious%3D%3DBallad%3DEb-%3D%3D1r34LbKcu7A%207-b44sEbbD%2C7-bAs%207hCZLDb/7-bEl%2CD/-bE%2C-7%2C%7ClETA*S%7BNZL11B-7%2CE%2C7G%2C%23FsZL7bD%207b-Al%7C%2C7bE%2C7-bB%2C7lAb7%23sZL7bEl%7C%2C7%20B7LZF%2C7F%2C7hCs2NZL%20yQXQyX%7DQyX11%237bBh7%2CBb%2C7hC111%237bne%3E%20%207F%207hC%7CQyX11%237BbZL9b7F%207hCB*%5B%5Db9LZBiF%3C%20bne%20dnb-7%20D.S.D%3C%2C7bE%2C7-bBZsL9b7F%207hCZL%2C7b%20al%202A%7CQyXding%3EAb-7%2CC%237%2C%7CF%23-7%2CB7%2CsFh7%2CBb7b9%2C%5D%20%3DJazz-Ballad%20Swing%3D60%3D3
0798af6e-bfeb-405b-bbbc-2341048fce7b,irealb://Afternoon%20In%20Paris=Lewis%20John==Medium%20Swing=C==1r34LbKcu77%2DD%7CQ4C%5E7XAZL7bE%207%2DbB%7CQy7X%5EbBZL7F%207%2DC%7CQyb%5E7Xy4TA%2A%7B%2DDB%2A%5BN1C%5E7KQyX7%5EC2NZL%20QyQXyX%7D%207G%207%2DD%7CQyXcl%20%20%5DZL7G%20%207%2DD%7CG7XyQC%7CQyX7G%7CQyX7%2DDY%7C%7CQyX7A%7CQyX7%5EC%7C%5E7XyQ%7CQyX7QyX7%5E%2AAT44bE%207%2DbB%7CQyX7%5EbZBL7F%207%2DC%7CQyX7%5EC7LZAb%7C%5D%207G%7CD%2D7%20G7LZC%5E7XyQ%7CD%2D7%20G7%20Z%20==110=0
0743ca48-47f1-4013-b863-2c89b49e51d3,irealb://Kitchen%20Girl%3DComposer%20Unknown%3D%3DBluegrass%3DA%3D%3D1r34LbKcu7B*%7B%7DQ4A%20GLG%20A%7CQyXAZLG%20A%7CyQX-E%7CQyXA%7CQyXAZLZAXy4TA*%7BA-%20GLZA-XyQ%7CA-XyQ%7CE-XyQ%7CA-%20GLZA-XyQ%7CA-%20GLZA-XyQ%7D%20%3DPop-Bluegrass%3D240%3D5
074cad67-fb72-4682-b370-fe36de8bac2d,irealb://L'aigle%20noir%3DBarbara%3D%3DChansons%20Fr%3DF%3D%3D1r34LbKcu7-AZL%23/ELZGG%5B%5D%207DZLG/bEZL/AFZLbBZL%23F/DZL-LZD/FCZLF%5BAZLDZ%23LZCLFZL-BZL%23G/EZLA%5D%5B%207EZLA/FZLB/GZ%23/A%23LG/EZL%5D%20%23GZG/BLZD/BZLEZL%23GZL-%23ZCL%23A/%23FZLB%5B%5D%20%23F%23LZALZL%23C/AZLCZG%23LZEbBZLbE%5B%5D%20bBZLBLZbDZLbGZLbBZL-bLZF-LZL%23C%5BbLZEbLZDbLZC%20Z%20%3DJazz-Medium%20Swing%3D100%3D3
072fa59f-cb77-424a-abde-5cadbf153011,irealb://Jia%20Hou%20%E5%AE%B6%E5%BE%8C%3DChinese%20Trad.%3D%3DPop%3DC%3D%3D1r34LbKcu7G%7CQyX4CXyQyX%5EF%7CQyX7-G%7CQy-XA%7CQyX7-EZL%20lcKQ%7CD-74Ti*%5B-A%7CQyS*v%3CP%7CQyXGZL%20x%20ZL%20lKcQyXC%3EsurohC%20er%7BE-7X%5B%5DQyX%7B%5D%2CCp-7XyQBZLCZL%2CG%207-DZL7%20-EZL%20-A%7C%7DQyXG%7Cb%2FC%2CpD%7CQyX%20C%2FbByQKclX%5EC%7CQyXx%7CQyX7-ZDL%20lcKQyX7-EZL%20yQ%7CN1X%5EFC*Q%20%20C%5BN2%3CIn%7CQyXsus9G%7CQyX7D-%7CQyX%5EC%3EedulretGXyQ%5D%7C%7D%20%2CCoc%20laXyQ%7CF%7CQyX%5EF%7CQyX-A%7CQXybB%2FC%7CQyXC%7CQyX%5E%3CD.S%207-EZLda%3EGLZxLZY%7CQCXyQ%7CF%5EXyQ%7CG%2CXyQ%7CfCXyQ%5D%20%3DPop-Rock%3D94%3D1
07b4d388-7007-4d63-8814-d1701c94f90d,irealb://On%20The%20Sunny%20Side%20Of%20The%20Street%20%20%20%20SukiW=McHugh%20Jimmy==Medium%20Up%20Swing=G=5=1r34LbKcu7%7CQyX74E%2D7X6GA%2A%7B%5D%207D%20%2C6GZ7LD%207%2DA%7CQyX7A%7CQyXyQ%7CB4Ti%2A%5BE%2C7%2DBQ%7CG6%2F%207%2DA1N%7CQyX7A%7CQXy7%2DEZL%23D%2F9b7B%20DD7LZsyX7%5EC%207%2DD%7C%2CD7%2C%7DDB%2A%5B%5DQyX6GZL7D7%20%2DA2NZL%20QyXQyXl%2D7XyQ7%2DA%2C7X6GA%2A%5E7XyQ%2C7DZL%20n%2C7%2DA%7CQy7XA%7CQyX7%2DEZL%20lcKn%20%20%5D%5BCZL7G%207%2DAZXyQ%7CC%207A%7CQyX7%2DEZL%23D9%2Fb7B%20D%2F6G%7CQyX7%5E%20%2CQ%2CL7B%7CQy6GUZL6%20D7%207%2DAZL7D%207%2DAZL7%20D7%2DAZL7D%207%2DAQ%5BZ%20Ab%5E7GZL7DXyQ%5D%20=Jazz%2DDoo%20Doo%20Cats=130=4
073f7850-cdeb-4a94-9b9e-b54a269fe152,irealb://Rebe%20Ebe%20(64)%3DTraditional%20Klezmer%3D%3DMedium%20Swing%3DC%3D%3D1r34LbKcu7-CZL%20-XyQKlcKQyXbB%7CQyX-GLZ%20lcKQyX7DZL%20lc%20LZ%20xG44T%5BC%7CQyXl%20LZGlcKQyX-G%7CQyX7DQ%7CyX-GZL%20lcKQyX-%20LZC-cKQyX-XyQ%7CG-XyQKcl%20LZG-XyQ%7CD7XyQ%7CG-XyQKcl%20%20Z%20%3D%3D0%3D0
0746948f-c6e2-4453-8c2e-cad9ebc4f770,irealb://I%20Love%20My%20Wife-Rev%20JE%203%3DColeman%20Cy%3D%3DBallad%3DC%3D%3D1r34LbKcu7F%2C7-C4sEb%5EW%2C9%5EbE%7C%2CbB/9-F%2C%7C9%5EbE%7C%2CbB/9-F%7C%2C/D%2C%7Cs3Ti*%7B7-C%7C%2C%2CW/Ab7bD%2C7-bA%7C%2CG/W%2C-9F%7C%2C9b7C%7C%2C7-G%7C%2C%2C%7CG-7bB/7-%2C9-F%7C13%23111F2N%7C%7D%2CbB/9-F%7C%5E%2CbE%7C%2C31bB%2C9-F%7C%2C3%2311%2CF1N%7C%2C/W%2CC/%7CEb%5E%2C%2CD/W%2CbE/W%2C11%237b%5EAs%7B%5D%2C7bE%2C7-bB%7C%7CAb13%2C31bB%2CbE/WAb%2C%7CG%5EbA%7C%7D%2CG/W%2C7bE%2C-7bB%7C%2ChA%2CbE/W%2C7-7%2311%2C/W%2CbBE/W%2CGAb13/a7C%7C%2CB/W%2CbB/W%2C-7G%7C%2CbA/W%2CbB/W%2CClt%2CW/%7C%2CD/Wus31b%2311%2Cndne%20dr3%20la%20.C.%3CD%7C%2CF/Wn%2C7F%7C%2CF/Wing%3EB31F%7C%2C7-F%7C%2CB%2C%7CBb31bB%2C9-FZL%2C11%2313F3N%5B%5D%2CD/W%209b31%2C%7CEb%5E/Wn%2CsW%20%2C9-%5D%7BS*BW%20%2C9%5EbE%7C%2CbB/W%209%2C-F%7C%2CbB/W%20%2C%5EbEs/C%2C%7CF%2C7bB%2CB/W%2CbEb%5E9%2C-G%7C%2CbA/W%2CbB/7-%2CF7-Cs%7C%2CD/W%2CbB/W7%2CW/B%7C%2CbB//W%2C7-9%2CW/DD%2CB/W%2C7-bA%7C%2CG/%2CWC/W%2C9-FZL%2CE/W%2Cb7LZGb7C%7C%2CbB%2CbA%2C%7CC-7F%7C%2CE/W%2CG/W%2C11%2313F1N%7C%2CbE/W%2CG/W%2C-9%2CW/D/W%2CF-F%7C%2CE%5E%2CW/G1%2331F2N%7C%7D%2CbB/Wb%2CA/W%2C9-F%7C%2CbB/W%2C1%2C%20W/bE%7C%2C7/W%2CbE7%2CLZE%237%5EbAsC*%7B%5D%2C7bE%2C%207-bB%7C%2CbA/W%20%2C%5Eb11%2CW/bB%20%2C9%7C%7D%2CG/13/C%2C%2C7-bBZL%2ChA%2CbE/%2CW7-G%7C%2CbA/W%2CbB/WEb7%2CWbA%7C%2CD%7C%2CB/W11%2CW/%2C7-G%7C%2CbA/W%2CbB/%2CWC/31bA%7C%2CD/W%2CbEW/Bb%2C%237%5EbAdr3%20l%2CW/G%2CD%3C%7C%2CF/Wn%2C7F%7C%2CFW/n%2C11%2331FZL%2CE/W.S.%20atla7C%2C9-FZng%3EBb31F3N%7C%5D%2CD/W%209b13bB%7C%2CB/Wn%2Csus31%2311%2CLidne%20bEZL7%2C%7CEb%5E7-FZL7FZL7CZL7G-Q%5B%5D%2C7bB%2C7-FZL%2C%2CLZBb31bBQ-6%20Z%20%3DJazz-Ballad%20Swing%3D100%3D2
07d5e12d-48bb-4b8d-a5e8-f02511dda1d0,irealb://Peacocks%2C%20The-Rev%20JE%3DRowles%20Jimmy%3D%3DBallad%3DBb-%3D%3D1r34LbKcu7-F%7C%2C74Bb-1%5E-bB%2011-bBZL6-Bb%207-bBZL7%5E-bB%2017%2CF%23-4TA*%7BQyXQyb9LZE7F%20-bB1NZL9%237F7%20hCZL%20lcKQyX7-bb9%20%7DX7bB%207%20-bBZQ%7CN2B%207hC%7CQyX-bBZL97bF%207hCB*%5B%5DQyX-bF7b9LyXQyX*%5B%5D%209LZEbhhC%7CQyX11%237bE%7CQXy7%5E-bDZL9b7bA%2077%20F7b7%5E-bB7bB%2071%20Bb--%23F%2C7%5E-bB%2011-bZBL6-bB%207-bBZL7%5E7%2C%7CF-1-bBA7C%7CQyb-7Xy%5BZ%209b7F%20-bBZLQ9%2Cb7F%207hCZL%20lcKQQBb-XEZL9b%239%20fF7%239LZ%2CU%2C%3CFINE%3EBb-%5E7XyQZ%20%3DJazz-Ballad%20Double%20Time%20Feel%3D52%3D3
07ff665d-5116-442d-a83b-51c2a50bd5e8,irealb://What%20A%20Wonderful%20World-Rev%20JE%201%3DWeiss-Thiele%3D%3DJazz%20-%20Swing%20Two-Four%3DF%3D%3D1r34LbKcu7yX11%234F%5E%20AL7-D%20E/7AZL%5EF%20-7GZL7-A%20%5EbBZL7-ZDb134TA*%7B%207-G2-7%20sCX%7D%207C%207bDZL7bA7%20-Al%7C%2CbB/*.*W%2C7yQLZNG1N%7CQZL7bGF%5E%20BbL7bA%20%5EFZL7bG%207G-B*%5B%5D%207bA%20%5EFZL7ZG-7%20ZL7bG%2C7E%2C7LZD-7nidnE%20dr3%20.C.DZ%3CL7-A%207-DZL7-A%20g%3EsD-7A%20%5EF%2CbB/*b7%2C%7CGCs%207-Gl3NZLQyX%7DY%2C7bG%2C7-G%2C7bD%2C77%2CW*.A%2C7-A7C%207byQ%7CAbA%20%5EFZLQ%2C7bG%207-ZGL7bD%207-GY%7CQyX7b7LZDX7Al%7C%20%5DY%5BQF%5E%20Bb7LZUF%5EXyQZ%20%3DJazz-Swing%20Two/Four%3D85%3D3
07ef7ab0-2214-4a6c-8d06-daba159bc555,irealb://I%20Will%20Survive%201%3DGloria%20Gaynor%20%28Perren-Fekaris%29%3D%3DDisco%3DA-%3D%3D1r34LbKcu7usEZL-7XyQ%2CbB%7CQyX7%5EF%7CQyX%5E7C%7CQyXG%7CQyX7-D%7C%20Bb7%2CA44T%7BsXyQ%7CE7XyQ%7D%20%3DPop-Disco%3D120%3D1
07e0db75-3a34-4636-8c60-23aa695e91e6,irealb://Rudolph%20The%20Red-Nosed%20Reindeer%3DGene%20Autry%20%28Johnny%20Marks%29%3D%3DMedium%20Swing%3DAb%3D%3D1r34LbKcu7bBZL74Ab%5E7bBZL7-F%207%5EbAZLx%20%20ZLbE/7-bB%20bE/-7%20Eb4TA*%7B2N%7CQy7LZ%20xyXQyX%7D7bE%2C-bB%2CF7%2C-Cs1NZL%20x%20ZL%20QXyQXbE%207-EZL7oAb7%20%5DAZL7bE%207-bBZL7%20F7-C%7CQyX7%5EbDB*%5Bb%5E7%20A%206bAl*%5B%5D%207b%20F-7bBZL7bB%207-FZL97bC%20bB/7%5EbEZLbB/-7%20EbB/7%5EbbE%207-/Eb%20BbE%207-bBZL7-F%207b%5EAZL%20x%20ZLbE/7-b7LZBb7%5EbAA7LZ%20x%20LZ%20x%20LZAb6%20Eb7%20Z%20%3DJazz-Medium%20Swing%3D120%3D3
07ef56d7-3c3f-4635-afe6-e9e2b2164bc2,irealb://Snoopy's%20Christmas%3DGuardsmen%20Royal%3D%3DRock%20Pop%3DF%3D%3D1r34LbKcu7C%2CbBB4FLZCF%2C-G%2CFsp%7C%7D%20FZLZCLbBZLFZLFZLCZL/A%2C%5B*4TA*%7B%20%23Fl%7C-%2C%7CBbsF%7C%2CC%2CbB%7C%2C-D%2CF%2C%7CC%2CbB%7C%2C-D%2CF%7C%2CC%2Cus%2CF%2CD%2CF%7C%2C%23C%2CBsLZC%23LZLnZL%23F42TZL%23CLZBZL%23FZL%23FZL%23CZn%20%5B*B%23FA*%5D%2Csus%23D%23-%2C%7C%2CB%7C%2C-%23D%2C%23F%7C%2C%23CB%2C%7C%2C-%23D%2C%23F%7C%2C%23C%2CBC%23%2C%7CF%2C%23F%7C%2CG%2CD%7C%2CG%20%5B*A4TZLns42TZLDZLZCLGZLGZLDZLDZLG4lG%2CCl%7C%2C%23FbB%2CbAZx%20%5B*AZLbEZLbDZLbAZbLAZLbEZLbEZLbAAbLZpsLbA%7C%2C%2C-F%2CbC%2C%7BsD%2CbD%7C%2C-F%2CbA%7C%2CbEb%2CD%7C%2C-F%2CbA%7C%2CbE%2CbEb%2C%7CA/bA%2C-%7CDb%2CEb%2C%7CAbsus%2CAb%7D%20%3DPop-Rock%3D120%3D1
07986d25-91ca-4373-ab7d-a62a6c837e7b,irealb://Silver%20Bells%20%28Tom's%29%3DLivingston-Evans%3D%3DHoliday%20%28Jazz%20Waltz%29%3DBb%3D%3D1r34LbKcu77F%20%2074Bb%5E7%2C7hEs%20%207%5EbEl%7C%2CE9s%20%207%5EbB%7C%2C7-C%20%20%7ClEb%5E3TA*%7B-Cs%20%207XyQ%7C6bB%7C%299b7bB%28QyX%5E7bBl%7C%2C9b7Fs%20%209F%28C-7%29F%7C%2C9b%5EbEl%7C7b9%29%7C%20%207%5EbEl%7C%2C9Es%20%20%5E7bB%7C%2C7-C%20%207%5EbBlsEh7%2CF%28F/7bB%7CQyF7XyQB*%5B%5D%2ChCs%20%206bB%7CyQX6bB%7C%2C31F%20%209F%7ClBb6X%7CQyX7Bs%20%2079%2C%7ClE9b7F%20%209F%7CQyX7FQ%7CyX7%5EbEl%7CQyX7%5Eb%2C%7CBb%5EEs%20%206El%7C%2C7C-7%20%207%5EbEl%7C%2C9Es%20%206b%7CBQyX6bBl%7C%2C9b7Fs%20%20sD%5El%7C%2C7oCs%295bQ%7CF7X%297-C%286bB%7CQyX6blB1N%7C%2C31F%20%209F%7CQy%20%20%28F7yX7%5Eb-7/F%2C%7DN2lBb6XyQ%7CBb6%28C-7%29%20%20%28F7b5%29sC-7/FZ%20%3DJazz-Medium%20Swing%3D100%3D3
0713c30b-e53f-4223-b49d-43581a5f414d,"irealb://At%20The%20Jazz%20Band%20Ball%20%2E=Dominic%20James%20%28Nick%29%20LaRocca,%20Larry%20Shields%201918==Medium%20Swing=Bb==1r34LbKcu77CZL7%2A74VeQyX7FZL%20x%20ZL%20xZ%20L%20lcKQyX%2DG%3Eesr%7CBb%20G%3C44T[ZL%20x%207XyQ%7CKQyX7C%7CQyX7%2DGZ%20Lx%20ZL%20lcKQyX%2DG%7Ccl%20LZF%7CQyXlcKQy]YY%7C%3C%20lcKQyX7CZL%20lcQKyX7G%3EsurohC86%2ALZF7XQyX7FL7G%20bXyQ%7CD%20bEZL%20lcKQyX7CLZ%20lcKQyX7G%7CQyX7EoLZBbBZL%20ZC7%20F7LZBbXyQ]%20=Jazz%2DMedium%20Swing=180=3"
07d54ec1-ec82-4458-a712-a2af21b95096,irealb://Almost%20cut%20my%20hair%3DCSNY%20%5Bby%20Ulrik2%5D%3D%3DRock%20Ballad%3DC%3D0%3D1r34LbKcu7%7BQyXQ-%2FGLZ%7D%20%20DZLG%2F-E%20-AA%7B*QyXQyXQyX%7C%7D%20%20DXyQXyE%20-A%7BXZL%206%2FGLZD%207%5EFZL%20-AZL-E%20BC*%5BQyXQyXQyX%7D%20%20LZE-b-E%20-AyQ%7CDsus%20LZfDadd9%2C%20%3C3x%3E%20Z%20%3DPop-Rock%3D68%3D5
07b50572-b904-4262-8e31-e1d8353eb3b1,irealb://Just%20One%20Of%20Those%20Things=Porter%20Cole==Up%20Tempo%20Swing=F=0=1r34LbKcu7QyX7h4D%2D6XcKQyX7F%7CQyX9b7%7CAQyX7hEZL%20lcKQyl%20LZB4T%7BA%2A%7CQyX7XyQ%7CA6F1N%7CQyX7C%7CQyX%2D7G%7CQyX7bA%7CQyX7%2DXyQ%7CD6%2DbB%7C%2A%5DQyX%2D7%2FFLyX7%2DFZL%20lcKQyXF62N%7C%7D%209b7A%207hEZQ%7CBb7G%207%2DGG%7CQyXXyQ%7CE%20lcKQyX6bE%7CQyXb7B%7CQyX7%2DF%7CQyX7oLZD%2D76bE%5BB7%2DG%7CQC6XyQ%7CQyX7%2DE%7CQyX6%2DFQ%7CyX7h%23F%7CQyX7%2DA%7CEb7Xy%7CQyX7ZL%20lc%2E%20al%20FU3N%7C%5D%209b7A%207hZEL7C%3Egnidne%20dr36XyQKC%2ED%3C%20Eh7XyQ%7CA7b9%20%20%20Z=Jazz%2DUp%20Tempo%20Swing=194=3
070fe875-b7ee-4534-9480-bba2fd4c401b,irealb://Odd%20Meter%2011-4%20Ex%3DCharts%20Practice%3D%3DUp%20Tempo%20Swing%3DDb%3D%3D1r34LbKcu7L%20x%20Zb7XyQQyX7bD43T%7CQyX7Db42TZL%20x%20ZL%20lcKKcl%20LD43T%5BQyX7bb7XyQQyX7bG42TZL%20x%20LZ%20lcKQyX7bG43T%7C%7CT34DD42TZX7bA4Z%20x%20LX%2C7bAZL%20lcKQyXA743T%7CQyX7bD42TZyQ%7CT2L%20lcKyQ%7CT34Db7XyQKcl%20LZAb7%2CXyQ%7CT24Ab7XyQZ%20%3D%3D0%3D0
07af6af6-4f6b-470f-861e-ea57d42245a3,irealb://Ancora%3DDe%20Crescenzo%20Eduardo%3D%3DMedium%20Swing%3DC%3D5%3D1r34LbKcu7ZL%2CC%204F%2C%20D%2C7C%20%2C7-GZL%2C7D%20F%2CZL%2C7C%20%2C7-GZL%2C7LZBb%2C4TA*%5B%2C7C%20%2CD7%2CLZ7-D%20%2CFB*%5B%5D%20%2C7C%2C%206GZL%2C6-bB%20%2C7-G%2CLZG-%20%2C7-A%2CFZL%2C%20D-%2CLGZL%2C-D%20%2CF%7C%2C7C%2CG-%20%2C-DZL%2C7A%20%2CbBZ-%2C%20C7%2C-AZLyXQyXZBb%2C%20%2CC%20%2CF1NZL%2C7C%20%2CG-ZL%2C7D%20%2C7-AZL%2CC%20%5DXyQL%2C-D%20QXyQ%7CN0%3C*69Fine%3EF%2CXyQ%5D%20%3DJazz-Medium%20Swing%3D100%3D3
07077462-2162-425a-868d-0c80bdeb5c9d,irealb://Io%20Che%20Non%20Vivo%3DDonaggio%20Pino%3D%3DMedium%20Swing%3DC%3D7%3D1r34LbKcu7yX%2C-b4F-%2CX%2CbD%7CQyX%2CbA%7CQyX7%2CbE%7CQyX%2C7-bB%7CQyXyQ%7CB4TA*%7B-GZL%2C6%2C%20G7ZL%2C7C%20%2C-GZL%2C-D%2C%20FB*%5B%7DQyX%2C7CZL%2CF%2C%20D--bB%7CQB%7CQyX%2CLZF%2C*%2C%7C%5DQyX%2CC%7CQyX%2C-7G%7CQyX%2C-DZL%2C-A%20A%2CF-%2C7C%20%2C7CZL%2C7yQ%7CEbbB%7CQyX%2C-bB%7CQyXb%2CD%7CQyX%2CbA%7CQyX%2C7-6%2C%20GX%2C7-b-A%20%2CF%5D%7B*BFC%20%2C7-GZL%2C-D%20%2CFLZ%2C7C%20%2C-GZL%2C-D%20%2C7%2CQLZQyX%2C7ZLQyX%2CXyQ%7CXQyXQyX%3EADOC81%3C*%7DQyX%2CC%7CQyX%2C7-GyQXyQ-DZL%2CQF%2C%20Eb%2CLZF%2C%20Eb%2CLZF%2CXyQZ%20%3DJazz-Medium%20Swing%3D100%3D3
079c06b4-3fce-470f-9c0f-5f4b9c2bd3a2,irealb://If%20I%20Were%20a%20Rich%20Man%3DBock%20Jerry%3D%3DMedium%20Swing%3DC%3D%3D1r34LbKcu7X7G%7CQ4CXyQ1N%7CQyX-C%7CQyX7GLZ%20x%20ZL%20lcKQyXx%7CF%23oXy4TA*%7ByX7%5EbQXyQ%207bB%7CQyX-FB*%7B%5DQXyCZL7G%209b7D2NZLXyQ%7CEyX%7DQyQyXo%237LZF-%20QyXQyX%7DQyX7C%7CyQXC1N%7CQyX7G%7CQyXLZN2FCpp%7CQG%209b7Q%5D%5B*AyX-C%7CQyX7GZL%20xZ%20L%20x%20ZL%20lcKQyXCQ%7CN2DyX7G%7C7LZCXyQZ%20%3D%3D0%3D0
07f8e18f-c323-45ab-85c9-6c7b7a8ed2a0,irealb://LoZ%3A%20Skyward%20Sword%20-%20Ballad%20Of%20The%20Goddess%3DKondo%20Koji%3D%3DEven%208ths%3DD%3D2%3D1r34LbKcu7ZLGZLT34D-L-DSA*%5B%5D%20xZLxZxLZLxZLxZLxZLxZLZCLZF%2Ci*%2C%5B%5D%2C-A%2CLZBb%2FD%2FbBZLCZLbBZLGLZFZLCZL-DZLCZLDLZQsCCZLbBZLCZLLZF%2FE%2FFZL-DZLGZLFZL%2FBGZL-AZLCZL-DZLCLZBoFlB*%5BQyXQy%2FBLZA%20x%3EadoC%20la%20.S.3D0*%3CZLAZLxZLsus%5DXyQXGZL-AXyQY%5BQD-LZxLZxLZxLZxLZxLZxLZx%20Z%20%3DJazz-Even%208ths%3D140%3D4
078dabf7-a57a-47b4-9d80-0a5dd8876340,irealb://Super%20Mario%20Bros.%20-%20Overworld%3DKondo%20Koji%3D%3DMedium%20Swing%3DC%3D0%3D1r34LbKcu7*AZLFQ%20%20%5BT%2CbG%2CG%2CF%7CQyXCSA%7C*%5DQyXGZL7D%209D44F%2C%7CC%20yXQyXG%2FC%20C7%2CLZ%7C%2CQ%2C7G%20*7m*A%20F%20%7CC%2CF%2CbG%2CG%2CF%7CQyXC%20%5D%7B*BG%20*7myXCZL%2FCLZC%2CCZLC%2FF%20FZLG%2FCC%20%7CQyXsusCZLG%2FC%20Ab%2CBbF%20FZLD%3CZL7AbXyQQyX6C%7CQyXbA%7CQyCXZLbB%20bA%7CQyX6C%7C%7CD9%20DC*%5B%7DQQyX6Cl%20CodC%7CQyX9G%7CQyXF%7CQXy6CD*Q%5BY%5DQyXG%3Ea6XyQ%7Ca%20.S.%7CQyXb%7CG7XyCZLbB%20bA%7CQyX6CQ%7CyXbAC*%5B%5DQyXC%7CQXyQ%7CAQyXF%7CC6XyQZ%7C%20%3DJazz-Medium%20Swing%3D120%3D3
074f09c3-4204-46bc-b7f6-b33e633f48e4,irealb://Soul%20Mates%202%3DHaerle%20Dan%3D%3DBallad%3DC%3D%3D1r34LbKcu7yXsus4E%5E7%23X5%237%5EbD%7CQyXtlaD7%7CQyX9-bE%7CQyX11yQ%7CC73TA*%5BX9%5EC%7CsusXya7G%7CQyX9-bAB*%5BQ%5DyX31A%7CQyX9%5EE%7CQltXyQ7bB%7CQC*%5B%5DQ3XyQ%7C7%5EbA%7CQyX5b7A%7CQXy11%237%5EbE%7CQyX9-E%2311Xy1F%7CQy1%237%5ECG7sus-%23C%7CQyX%5ED%7CQyX3%5E1E%7CQyXsus7F%7CQyX9XyQ%7C%7CQyXGQyXQycl%20LZyXQyXQyXQyXQyXyQXQyXZ%20%20x%20ZL%20x%20QXyQXKQyX1QyXZLQXyQXXQyXQyXQyXQyXQXyQyXQyXQyXQyXQyyQXyQyXQyXLZXyQLZXyQ%20Z%20%3D%3D0%3D0
07ebf7a9-7c1a-4d0d-87d1-9dacb8bb691f,irealb://Hushabye%20(%20Hush%20A%20Bye%20)=Trad.%20(%20Johnny%20Griffin%20)==Bossa%20Nova=C=0=1r34LbKcu7QyX7-4F-7X%20lcKQyX7CZL%20lcQKyX7-bBZL%20lcKQyLZN1F4TA*{7-bBZC7%20}XQyX7FB*[]%20%20lcKyQX7-F2NZL%20QyXQyKcl%20L%207hG%7C%20lcKQl%20LZEA*[]%207C%207hG%7CQy7X%5EbAZL%20lcKQyX7bF-7XycKQyXLZBb-7XyQKcl%20LZC7XyQKcl%20LZF-7XyQ%7C%20(Gh7)x%20(C7)%20Z%20=Jazz-Slow%20Swing=115=3
07147ca8-522b-4bb8-9daa-900e14422abc,"irealb://When%20You%20Wish%20Upon%20A%20Star%201=Harline%20Leigh==Ballad=C=0=1r34LbKcu7L7F%2064%3Ctp%207G%7CQyX7-DZL31bA7%207%5EC%3Eadcmfgg%20DXyQ%7CC4TA*{XQyX}Ebo7L-Ds,7A,7-Es1NZ7LG%207-DZL7G%207-DZ7,G7,%207-EZZL7G%20XyQ%7CNyX7%5ECZL-E%207-D%3E%20gm%20d%3CB*[]QyXCl2Q%7CD-7QyXQyQyX7-A-7Xyb7A%207%5ECA*[]QyXG7%7CQyX-F%7CQyX7D%7CQ13LZDZLC%20C%7CG7XyQ%7CC6%20F7LZE-7%20Ebo7LZD-7%20G7LZD-7%20G7LZCXyQZ%20=Jazz-Ballad%20Swing=100=2"
070dee3d-b3f5-4949-8d8c-5ade3d353c11,irealb://Barefoot%20Boy%20From%20Queenstown%3DShepp%20Archie%3D%3DEven%208th's%3DD%3D%3D1r34LbKcu7G%7CQyXDXyQGG%7CQyXD%7C%7D%20p%20%2CD%20A%2C/-E%20%2CA/-%23F%7CQyXXyQ%7CD%2Ci*%2C%7B%23G/31*ADadL%23F/7D%20DZL%20lcKyQX6GZL%20lcKQyX9dZG6%20E%7B%7CQyXZL%20x%20/A%20E-KQyX5%239%237A%2CB*%2C%7D%5B%2011%237%5EbE%20DZLA/cl%20LZ-%23FZL%20x%20LZ%20x%20LZ%20x%20LZ%20x%20LZ%20x%20%20Z%20%3D%3D0%3D0
073a056d-6cc0-410d-8ffa-0281852cd820,irealb://Beatrice%3DRivers%20Sam%3D%3DMedium%20Swing%3DF%3D5%3D1r34LbKcu7X31%5Eb%3C*74%2031%5EF%7CQyX31%5EbG%7CyQX31%5EF%3E221%20mpb%20XyQ%7CE44T%5BY%7CQyX39XyQ%7CQyX7-A%7CQyX9-bBLZC%2FW%209-D%7CQyX%5EbE%7CBb%5E1-D%7CQyyX9%5EbA7LZD%2C%20%209-F%7CQyX9%5EbGQ%7CyX11-G%7CQyX%2C11-Q%2CLZG%2011-EQ%5DYYXyQXyQXyQXyQ%7CQ%2CU%2CGb%5E9%20%2Cf%2C%20%20Z%20%3DJazz-Medium%20Swing%3D122%3D8
074856d4-b0be-4fbd-8425-0f467972fbf2,irealb://Circle%20Of%20Life%2C%20The%3Djohn%20elton%3D%3DPop%20Ballad%3DBb%3D%3D1r34LbKcu7QyXbAQ%7CC-/C%7CQyX-G%7C%2CA/F%20%20Bb%7CQyXA/7F%7CQyXbB-XyQ%7CyXbB%7B-C%7CQy7/A%2C%7CA/F%20%20bB%7CQyXA/7%7CFQyXbB/-C%7CQyXbB%2C%7CG-XF%20%20F%7CA%20bEZbXyQ%7CQyXbB/bA%7CQyXbBZSLbB/bE%20bB%5BQyXFKcl%20LA%7CQyXddabGZEbXyC%7CQyX7G%7CQyXD/bZBL%20lcKQyXbE/F%7CQ-XyQ%7CLbE/bbB%7CQyBb/F%20LQyX%7DQyXbB%7CQyXBb/bE%7CQyXF1NZLQ%20ZN2FX%7CQyX9-C%20bBb%3C*69B/bE%7CQyXFQ%5B%20Qy%5BX%20%3EadoC%20la%20.C.DbXyQ%7CB/bE%20LF%20suBbXyQyXD/bB%7CQyX9ddaGb%7CQyX-C%7CQyXB/G%7CQ%7CF7sZLbB/ZEb/BbXyQ%7CGb/BbXyQ%7CBbXyQZ%20%3DPop-Slow%20Rock%3D70%3D1
07c828f1-2a3f-4b0d-8ac4-6d9a8971bcef,irealb://Bewitched%3DRodgers%20Richard%3D%3DBallad%3DC%3D%3D1r34LbKcu7%295%237E4C%5E7%20%20%29E/7%5EC%287%5ECZL7%20G7-DZL%297o%23C%287-AC7%235%284T%7BA*%2C7Gs%20%20F%23o7ZL%297obE%287-A%20%296%28CG/6CZL%2911%237bB%28N1D-77%5EFZL%207hE%7CD-7XyFl%7C%2C7C%2C7-Gs%207-2DNZLQyX%7DQyX7G%7CQ%5E7XyQl%7C%2C7AL%297-E%5D*B%5BD7%5EF%287-DZL%20lcKQXy7-AZL%20lcKQyX6-%29%20G7%28%209b7AG%207-DG7LZE%23C%287-A%207%5EC%5BA*%5D7%20G%207-DZL7obE%207-o7%29LZ%207-DZC%28G/67%28C%5E71%237bB%287o%23F%207%5EFLZ%295%237E%285%237C%20%29E/1%29LZC%5ECZL76%29%20A-7%28Ebo7%29LZD-7%20G7LZC6%20A-7LZD-7%20G7%20Z%3DJazz-Ballad%20Swing%3D60%3D3
07cb0303-799f-45d5-9365-bb28024972f5,irealb://Just%20A%20Gigolo%3DCasucci%20Leonello%3D%3DMedium%20Swing%3DF%3D%3D1r34LbKcu7QyX7CXyQ%7CF-G%7CQyX-GZL7D%207G-ZL7obA%20F%7CQyX7%5E7XyQ%7CF44T%5BL7D%207%5D%5BF7XbE%207-bB%7CQyX7-GQ%7CyX7D%7CQyX7bE%7CQy7LZA-QyXF%7CZG-7%20C7LZF%20C7%20Z%20%3D%3D0%3D0
077a2518-f547-40b8-9abe-a2f3e6c285d4,irealb://Mama%20Tried=Haggard%20Merle==Country=D==1r34LbKcu7LDlSA4D5LZ%2CsusDsZL5D%7D%20D%20ussDZL5DZLD%20susDD%2C%5D%7B%2A4Ti%2A%7B%5B%7D%20QxLZGLZ7AZLDZLGZLDZLGLZDZLxZL7AZLxZLDLZDLZDZLGZZLDZLxLZGLZLDZLGZLxZLDZLZxL7AZLxZL%2DBZLDZxLZA7ZLDB%2AZLD%3EaCD5LZa%20%2ES%2ED%3CZL7AZLDLZxZLGl%7C%2CD%2CsusDsl%20Cod%2A%5B%5D%20xAZLxZ%2ABQDLZLxZLDZLxZL7AZxLZL%2DBZLDZLGZLxZGLZDL%5BY%5D%20xQyXDZLZsDssD%7CQyX5DZLD%20suDs%7CQyX5Dl%5B%5D%2CD%2Csuus%20DL5DZL7Z%20=Pop%2DCountry=187=1
07129989-d8db-4fa3-88cc-8c8e0f990b92,irealb://Blues%2008%3DComposer%20Unknown%3D%3DBlues%3DC%3D%3D1r34LbKcu7%7CQyX77XyQ%7CX7bB%7CQyX7FZL7C7%20-G%7CQyX7C%7CQyX7FyQ%7CE-C44T%5BA7XyQ%7CD-7XyQ%7CG7XyQ%7CE-7%20A7LZD-7%20G7%20Z%20%3D%3D0%3D0
0737d205-f6f0-4ad3-a696-aa5be4f56aaf,irealb://Track%20%231%20-%20B%E2%99%AD%20Blues%3DEd%20Fuqua%2C%20%22Walking%20Bassics%22%20%282007%29%20pp.17-18%3D%3DSwing%3DBb%3D%3D1r34LbKcu7L%20lcK44%3C*6EZLQyX%7CrQyXZL%20clKQyX7bB%3E%5DF%5B-%209b7XyQTA*%7BY%5BY%7D%20%3EyQKcl%3C%20%209%237F%7CQyX7bBQ%7CyX7bE%7CQyX7FZL%20*516xX7bBZcKQyXG%5D%3EBb%20lcKQyX7bEZLQy%7CXrQyXZL%20lcKQyX7LZBb7%5B96*%3Ck%20rehXyQ%20%20f%20%22esopsnarT%22%20'sorP%20laeRi%20esU%28or%20ot%3CZL%20leys.%29%3EF7XyQ%7CEb7XyQ%7CBb7XyQ%7CfUF7%239XyQZ%20%3DJazz-Long%20Notes%3D100%3D1
076b43bd-608c-41e7-808d-70eedcf29879,"irealb://C%27est%20Si%20Bon=Betti%20Henri==Intro%3A%20?%20Outro%3A%20turnaround=G==1r34LbKcu7C%206G17XyQ%7C7D%7CQyX7%2DAZL7E%20%2D7BZL7C%20%5EG%7CQyX7DXyQ%7CN%2DAA%2A[%2DFZL7%20E7%20}EB%2A%7CZL7bB%207%2DF%7CyQX6G2NZL%20QyXQyXb%5E%20C%2D7BZL7%2DbB,7LZEb%5ED%7CQyX7%2DA%7CQyX7AQ%7CyX7%2DE%7CQyXx%7CQyX7%20sB%2D7bB%207hB%7CQyClA%2D7yX7%2DAZL7E%207%2DBZ7LC%20%5EG%7CQyX7D%7CQyXQ%7CD7X%2A%7C%7C,7%2DAZL7E7XyQbB%7CQyX7E%7CQyX7%2D%7CBQyX6%2DC%7CQyX7%2DA%7C%2D7%20Eb%7CQyX77%20D7LZG6XyQ%7CA%2D7%20D7%20]%20==0=2"
07e2e9c4-9e14-4c10-b4e3-ac2959436038,irealb://El%20Poder%20De%20Tu%20Amor%3DBarros%20Aline%3D%3DPop%20Ballad%3DG%3D7%3D1r34LbKcu7EZL%23F%2C%20D%2CL*%7B%20D%20*4sus*D%7CQXyCZLD%20-E%7CQyX-EZAG%20D%2FG44T%5B-E%7CQy%7CB-7XLD%20*4sus*D1N%7CQXyC%7C%2CD%2C-E%207-E%7CQyZE-7XQyX7-XDZL-%2FF%23%2C%7D%7C%2CD%2CE%2FC%2C%23F%2FD%2CGQ%7CyXG%2FCZLD%2FC%20D2N*BC%20ED%2C-E%20%2FG%2CD%2FGXyQ%7CZL-A%20G%7CQyXDZL-%20EC%7C%2CD%2C-E%2C%23F%2FD%2CGG%2FB%20F%2FC%7CQyG3N%7C%2CE-LZD%7C%2CD%2C-E%20-E%7C%2C%23F%2F%2CDG%20G%7CQyXG%2FC%7CQyXC%20D%2C%20%20C%7C%2CB%20%2066**%20GLZD%2CG%3E.4%2066*%3C0N%7C%20%7D%20%3EA%20oT%20%2096*%3C%20G%2FF%23%2C%3C4sus*ZQyXGE-%2CD%2C%20C%7C%7D%20D%20-A%7C%2CB%2FGC%2C%20C%7C%2CD%2C-E%20-EQ%7B%7DC-LZf%3EB%20oT%7C%20%3DPop-Slow%20Rock%3D70%3D0
072fccb6-aebc-4247-825f-a112e73122f3,irealb://Capitaine%20Flam%3DSimon%20Richard%3D%3DMedium%20Swing%3DG%3D%3D1r34LbKcu7-EZL-LZFLZZL%23F%2F7BZLGZLGA%7B*%2C7D%2CsusDZL7%5EbEB7LZEGsi*%7CN%7C%7D%207LZG7LAZL7AZLsusAZL7E-ZL7-BZLDZLC1NZ-7LZD7-DZLEZL-BLZB-77-AB*ZLG%2CQ%2CZLGLZ7DZL7-AZL7-EZLLZDLZDZLC2usDZLLZD7LL-CZLbEZL7%5EbBZ7LFZL7-CZL7GZLGZZC%23o7-AZL7sLZD7LZQ*CC%2CLZDLZB-7LZE7LZA-LZDLZA-7LZD7LZGLZG%20%7C%20%3DPop-Disco%3D130%3D2
07eabba3-eb07-4086-8111-97a056b35ca3,irealb://Certas%20Cancoes%3DNascimento%20Milton%3D%3DWaltz%3DA-%3D%3D1r34LbKcu7C%7CQyX4A-7XyX7-D%7CQyX9bE%7CQXy7-A%7CQyX9b7E%7CQyQ%7CG133TA*%7B%7CQyX7yQ%7CC69C%7CQyX7-A%7CQyX97bE%7CQyX5b7-B%7CQyXXyQ%7CFX5%237%5EF/DB*yQ%7CN1/7-A%7CQyX7-A2N%7CQ%7DyXsus7E%7CQyX7-AGXyQ%7BX9b7ED1NZLcl%20LZyX7%5EFZL%20lcKQyXF%23/DZL%20lcKQyX7%5EFQKcl%20KQyX%23QyX7-%7CG7su9b7E%7CQyX7F%7CQyX%237F%7CQyX7%5ECZL9G%20sXyQ%7CAQyX7-b7E%7CQGXyQ%7D%7CQyX7-E%7CQyX7%5EFQ%7CyX7-E%7CQyX7-D2ND-7Xy/7-A%7CQyX7-A-7Xy9%5EF%7C%7DQyX9D%7CQyX-7AC*%7BQyXsus7E%7CQXyQ%7CE%7CQyX9%7CD-7XyQ%7CG7sus%20%20%3C4x%3E%20%7D%20%3DJazz-Medium%20Up%20Swing%3D130%3D2
0707dd4e-cf86-434f-86b6-9f553e7660a2,irealb://Chemistry%20Between%20Us%20(Suede)%3DCodling%20Anderson%2C%3D%3DAlternative%20Rock%3DGb%3D6%3D1r34LbKcu7%2C-bBZ4%3C*66L7bDZL%2C7-bAZL%2Cb-BZL%2C%23F%3Empb%2098%20ZF%23%2CL4Ti*%5BBsZL%2C7%2CLZDbDZL%2C7-bAl%7C%2C-A-%2CbBsZL%2C%23FA*%7BZLb%2CLZF%23-bAZL%7C%2C-bB%2C%7ClAb-bAl%7C%2C-bB%2CBsZL-%2CbAB*ZL%2CbDZL%2C7-LZsB%2C-A%2C-bFZL%2CbZBb-%2C-bAl%7C%2C-A%2C-bBsZ%2CL%23FC*ZLbDZL%2CBZL7%2CLZDL-bAlFZL7bBb-%2CA-bAZL%2C-bBZL%2C%23FLZ%2CbDZL%2C7-bAl%7C%2C-7%2CLZDsZL%2C%23-bB%2CBb-%2CLZAl%7C%2C-bB%2CBsZL%2C-AbB*%5B%7D%20bDZL%2C7-bAb-LZsBZL%2C%23L%2CbDZ-LZBbAl%7C%2C-A%2C-bBsZL%2CF%23C*ZLbDZL%2CBZL%2C-b-7%2CLbAl%7C%2CL7bDZZsBb-AZL%2C-bBZL%2C%23FZLb%2CDZL%2C7-bAl%7C%2C-A%2Cb-7%2CLL%2C%23FZZF%23%2CLZBb-%2CLZAb-7%2CLZDbLZF%23%2CLZx%20Z%20%3D%3D0%3D0
079d0ea8-1785-4c7d-8cf1-951f87cd23c4,irealb://S%2040%20C%20Major%3DNiehaus%20Lennie%3D%3DMedium%20Swing%3DBb%3D%3D1r34LbKcu7BZL7bbXyQ%7CE%7CQyX7bEZL7-F%20b7B%7CQyXbB%7CQyX7bEb-7%20AB44T%5BbXyQ%7CDh7%20G7LZC-7XyQ%7CF7XyQ%7CBbXyQ%7CxXyQ%5D%20%3D%3D0%3D0
0794c0be-0c39-4239-a719-41b386715010,irealb://Four=Davis%20Miles==Up%20Tempo%20Swing=Eb==1r34LbKcu77%2DbAZ4Eb%5E7QyX7%2DF%7CQyX7bA%7CyQX7%2DbEZL%20lcKQyXKcl%20L4T[A%2A%5EbE%7CQb7XyQ%7CQyX7%2DFZL7B%207%2DF%23%7CQyXG%2F7%5EbE[B%2A]Bb7XyD%7CQyX7%2DbEZQ%7CF%23%2DQyX7%5EbE[A%2A]QyXb7B%7CQyX7%2DFZL7B%207Kcl%20LyXG%2F7QyXG%2Fb7XyQC%2A]QyX7bD%7CQyX7b%2DAZL%20lcKQyX7%2DF%7C[Eb%5E7A%7CQyXQyX7%5E%20B7LZbB%207%2DFZL7%2DbG%207G%2D%7CQyX7bB%7CQyX7%2DF7LZEb7%2D%23F%7CKcl%20%20Z=Jazz%2DUp%20Tempo%20Swing=160=3
07cc472d-2a46-4f80-a895-bb544643acfe,irealb://Cousin%20Mary%3DColtrane%20John%3D%3DUp%20Tempo%20Swing%3DAb%3D%3D1r34LbKcu7yX15*44%3C*6El%2C7bAns%3E%E2%99%AA%20QyX%E2%99%A9.%20%20QyX%E2%99%A9%20QyX%D2%91%20%209b7%239%3CTi*%7BY%3C9%237bAb7XyAns%3E%E2%99%AA%20QyX.%E2%99%A9%20%20QXy%E2%99%A9%20QyX%D2%91%20%2096*%3C%7CQb7%2ClEZL%3E%EF%B8%B6QyX.%E2%99%A9%20Q%EF%B8%B6%3ELZ%20QyX%D2%91%20%2096*%3C%7CQy%3EX812%20mpb47*%3C7bA%E2%99%A9XyQ%20yX15*%20QyX%E2%99%A9nAb7%2C%20%2096*%3C%7CQyX9bDZ%3EL%EF%B8%B6QyX15*%3C11%239Dl%D2%91XyQ%20s%3E%E2%99%AA%20Q%20QyX%D2%91Q%20%E2%99%AA%3Es%3C%7CQyX7bAZL%3E%EF%B8%B6Qy1X5*%3C9%237bEl%2C7bAn*69%20%20yX.%E2%99%A9%20X%2C9bD%D2%91XyQ%20X%D2%91%20QyX%E2%99%A9%20QyX%D2%91%20%2069*%3C%7CQyX%2C11%239D%3E%E2%99%A9yQ%20%E2%99%A9%3E%20QyX%E2%99%A9L%3E%EF%B8%B6Qy69%20%20%D2%919%237bEl%2C7bAns%3E%E2%99%AAQ%20yX.%E2%99%A9%20%20QyX%E2%99%A9%20QyX%3C*51X*%3C%7CQyX9bDZyQ%7DY%5BL%20x%20ZL%20lcKQyX7Ab%3Esolos%20%2047*%3CA*Z%20x%20LX7bAZ%7BY%5D%20%20%20LZAbX7bA%7CQyX9bD%7CQy1X1%239DZL%20lcKQyX7yQKcllcKQyAZL%3E%EF%B8%B6XyQXy*%3C9%237bEl%2C7bAns%E2%99%AA%3E%20QyX.%E2%99%A9QyX%E2%99%A9%20%20%D2%91Q51XyQ96*%3CQQyX15%7C%3C*69bEl%2C7bAns%3E%E2%99%AA%20Qy.X%E2%99%A9%20%20QyX%E2%99%A9%20QyX%D2%91%20%207%239%3C*QyX7b*%3C11%23b7XyQbAns%3E%E2%99%AA%20QyX.%E2%99%A9%20%20yQX%E2%99%A9%20QyX%D2%91%20%2096*%3C%7C7%2ClD9AZL%3E%EF%B8%B6bEl%2C7%EF%B8%B6%3ELZD%E2%99%AA%20QyX.%E2%99%A9%20%20QyX%E2%99%A9%20yQX%D2%91%20%2096*%3C%7CQyX9b%3EsnAbQyX15%2C11%23951XyQyX%D2%91%20QyX%E2%99%A9%20QyX%D2%91%209%206*%3C%7CQyX7bAZL%3E%EF%B8%B6Q%20%E2%99%A9%3ED*%3C9%237QyX%E2%99%A9%20*69%20%20%2096*%3C%7CQyX%2C9bD%3E%20%E2%99%A9QyX%D2%91%20QyX%E2%99%A9%20QyX%D2%91%20%D2%91XyQ%3C%7CQyX%20%20%E2%99%A9.XyQ%20%E2%99%AA%3E%2CsnAb7%2ClEb7%239%3C*51XyQ%EF%B8%B6%3ELZ%3C%20Fine%3EAb7XyQ%7D%20%3DJazz-Up%20Tempo%20Swing%3D218%3D3
07696401-59c0-413b-a72c-646903e2e283,irealb://Crystal%20Silence%3DCorea%20Chick%3D%3DBallad%20Even%3DA-%3D0%3D1r34LbKcu7%7CQyX944%3C*7X96F%7CQyX9-E%7CQy9X-A%3E)yleerf(%20%204yQ%7CB-TA*%7BYX9dda11XyQ9b7E%2Csus7D%2C96Cs%2CusBs1N%7CQyX9-A%7C%2C%7ClA-%239%5EbBQyX%7CQ%5E9%2311E%7CQyX9-D2NB*%5BYQ%20yXQyXQyXQyX%7D%20%207%239XybB%7CQy-A%7CQyLZF69%5BY%5D%20%20lcKQyX9dd-aA%7CQyX9ddaG%7CQyX*CD%5EXQyX%7CrE%7CQyXBb%5EXyB%7CQyX9-G%7CQyX)57%23%5EC(%5EC%7CQyX9-F%7CQ7%239%235%7CQyX9X11%2391XyQ%5DyX9-B%7CQyX96F%7CQXy9-E%7CQyX9-AA*%5BYQ%7CBb%5E1%239b71%239%5Eb9XyQ%7C%209dda-Al%7C%2C9b7Es%2Cus7D%2C96C%2CsusBs%20QLZB-A%7CQy1XyQ%5DXyQXyQXyQXyQYY%5BQF%5E13XyQ%7CfUAsusXyQZ%20%3DJazz-Ballad%20Even%3D66%3D2
0771c049-46fb-4b92-ada4-296c2d8117d7,irealb://Te%20Doy%20Gloria%3DEn%20Esp%C3%ADritu%20Y%20En%20Verdad%3D%3DRock%3DC%3D0%3D1r34LbKcu7XF%7CQy4C%2C*AX-A%7CQyX-A%7CQyXGQ%7CyXG%7CQyXCZL%20B*%20yQ%7CFX4Ti*%7ByXG%7CQC%3C*66....sanipse%20eda%20noroc%20anu%20noC%20%20%3EFXy*%7B%7DQyQ%7CA-XyQ%7CCXyQ%7D%20%3DPop-Rock%3D138%3D1
074c30ab-8b93-4502-8816-8901a49a3215,irealb://Dom%207%20Matrix%20Up%20Mi2%3DMingledorff%20Jason%3D%3DMedium%20Swing%3DC%3D%3D1r34LbKcu7yX7G%7CQ%7CDb7G%7CQyX7F%7CQyX7E%7CyQX7bE%7CQyX7D%7CQyXb7XyQyX7C%5BQ%7CAb7XyQ%7CA7XyQ%7CBb7XyQ%7CB7XyQ%5D%20%3DJazz-Medium%20Swing%3D100%3D3
07e67d62-3e33-4072-9ff0-1bb42b06116f,irealb://Dominant%20to%20Major=Composer%20Unknown==Medium%20Swing=C==1r34LbKcu7QyXG%7c4D7Xy%7cQyXG%7cQyX7D%7c%7cQXyG%7cQyX7D%7cQyXG%7cQD7XyQ4TA%2a%5b%2c%7c%7cD7XyQ%7cGXyQ%7cD7XyQ%7cGXyQ%2c%7c%7cD7XyQ%7cGXyQ%7cD7XyQ%7cGXyQ%2c%7c%20==0=0
074d1e90-06dc-4252-8980-cacbe8b75e98,irealb://%E7%87%83%E3%81%88%E3%82%8D!!%E3%83%97%E3%83%AD%E3%83%86%E3%83%8B%E3%82%B9%3DComposer%20Unknown%3D%3DRock%3DC%3D%3D1r34LbKcu7*%5B%5D%20F4CXyQyXF%7CQyXx%7CQyXCZFL%20bE%7CQyXF%7CQyXx%7CQ%7CEb%204TA*%5BBA-XyQ%7CGXyQ%7CFXyQ%7CxXyQ%7CA-XyQ%7CGXyQ%7CBbXyQ%7CCXyQ%5D%20%3DPop-Rock%3D115%3D3
07aea9c5-c1e8-4558-8995-61f106a88ab8,irealb://Dream%20(When%20You're%20Feeling%20Blue)%3DJohnny%20Mercer%20(The%20Pied%20Pipers%20-%201945)%3D%3DBallad%3DG%3D7%3D1r34LbKcu7X%3E07%2044%3C%20b47*%3CQyXQyXQyX%5Df%20%20%2031dda7D%3Ekaer%20%20bpmTi*%5BY9EZL7AG6XyQyX6GZL%20x%20ZL%23FW%2F%20%23C%2F7%23FZL%20lcKQ%7CppB-*%5BYQyLA%2FW%20l%20%20%5DYQyX%2C%5EGZL5%239D%206ZGLhApp%7CQyX6CB*%5B%7CA7%2FEcKQyX%20no47Z%2CsC6A*%5BY%5D%209b31Dlpp%2C%7Csus9D%2C7-A%2C7-B%2CSG6%3C*L%20x%20Zp%7CQyX%5BA%5D%20ix%20ZL%23F%2FW%20%23C%2F7%23ZFL%20lcKQyX%3E.rtsn%20LZG6%20%3As.dlpp%7C%2CZE9Xy7%23Fs%206GZLhApp%7CyQX6CC*%5BY%5D%20%20lcKQ%2CB7b9L7-Bp-Al%3EaA-7Xya%20.S.D%20%3C%7C%2C7-Es%20%206GZLQ%20%209b31D%7CQl%20CodZL7-E9%20D7%20%5DYYXyQXyQ%20LZQUG6%20f%20%20Z%20%3DJazz-Ballad%20Swing%3D70%3D1
07a8f3fa-69ca-4fc3-8f4f-484582ff9102,irealb://E%20Preciso%20Perdoar%3DComposer%20Unknown%3D%3DBossa%20Nova%3DC%3D10%3D1r34LbKcu7yX96FyQ%7CxX%7CQyXx%7CQyXx%7CQyX-7A%7CQyXx%7CQyXx%7CQyxXyQ%7CX7-A%7B%20sus7yQ%7CF65b7D%7CQyXobE%7CQy7X-E%7CQyX6-F%7CQyX9XyQ%7CGX%5EF%7CQ6-G%7CQ-7XyQ%7CQyX6-G%7CQyX7-GQ%7CyXx%7CQyXx%7CQyXx%7CG-7XyA%7D%209GF%7CQyXA-7Xyx%7CQyXx%7CQyX7-A%7CyQXx%7CQyXx%7CQyXx%7CQXyQ%7CxZL7E%207G%7CQy%7CF%5EXy%7CQyXobE%7CQyX7-EQ%7CyX6-F%7CQyX96F%7CQD7b5XQyX96sus%20G9LZA-7XyQ%7CxXyQ%7CxXyQ%7CxXyQ%20Z%20%3DLatin-Brazil:%20Bossa%20Acoustic%3D140%3D3
0745b4b5-e4ed-499b-bdf1-eda4bd5d618f,irealb://Uno%3DMuse%3D%3DPop%20Rock%3DE-%3D%3D1r34LbKcu7%7DQyXx4E-XyE%7CQyXx%7CQyX7B%7CQXyx%7CQyX-A%7CQyXx%7CQ-XyQ%7C4Ti*%7B%7B%7DQyX9XyQ%7C9-E%7CQyXx%7CQyX7BQ%7CyXx%7CQyX-A%7CQyXxXyQ%7Cx-EA*%7BX%2C%7DQy-XyQ%7CX-E%7CQyXx%7CQyX7BQ%7CyXx%7CQyX-A%7CQyXxyQ%7CxXE%2CB*%2CXZLQyyQLZXXZLQyXZLQyXZLQXyZLQyXZLQyXZLQyyQLZXXZLQyXZLQyyQLZXXZLQyXZLQyXZLQXyZLQyXZLQyXZLQyyQLZXXZLQyyQLZXyQLZXyQLZXyQ%20Z%20%3D%3D130%3D0
07dfb5e2-955f-43ca-add4-59dc5c9d5aa5,irealb://Equiaga%20Blues%201%3DComposer%20Unknown%3D%3DShuffle%3DF%3D%3D1r34LbKcu7KQyX9%2CXyQ%7CcKQyX31bB%7CQyX3F1%7CQyX9F%7CQyX31bBl%20LZF9F44Tcl%20LZG*m9*XyQ%7CC13XyQ%7CF9XyQ%7CC13XyQ%7D%20%3DJazz-Medium%20Swing%3D140%3D6
07b14232-a36a-40ee-bbd5-27ab7ad4a673,irealb://Everybody's%20party%3DScofield%20John%3D%3DEven%208ths%3DF-%3D%3D1r34LbKcu7%7D%20%20x%204F-7X1NZL%20x%20ZL%20x%20ZLx%20%20ZL%20x%20ZL%20lcKQy%20x%20LZ4TA*%7B%5D%20%20x%20Q%20LZNZL%20x%20ZL7bB%20D%2F7BbB*%5B%5D%20%20x%20ZL%20x%202%20x%20LZyXQyX%5B*AF-7XyQKcl%20LZ%20x%20LZ%20x%20LZ%20x%20LZ%20x%20LZ%20x%20LZ%20x%20%20Z%20%3D%3D0%3D0
0772861e-6fe3-4777-805d-8a668212dee9,irealb://Groove%20For%20A%20Living%20Princess=Ravel%20%28arr%2E%20H%2E%20Close%29==Reggae=G==1r34LbKcu7p%2Cp%2CpE9%2Cp%2C6D%2Cp%2C7%5EG%2C31G%7C%2CE9%2C9D%2C9C%2Cp%7C%2Cp%2C9D9%2C%7Cp%2C%2Ci%2A%2C%7C%7CppppG%5E7%2Cp7%2DA%7Cppp%2C7%2DE%7Cpp%2Cp96D%7Cppp%2C7%5EC%7Cpp%2Cppp%7CA%2A%7B%7C%2Cpp%2C96p%7CG%5E7p%7Cppp%2C7%2DB%7Cppp%2C%23hF%7Cppp%2C7%5EC%7Cppp%2Cppp%7CDpp%2C7Dsus7D%2Cppp%5B5E%7Cpppp%7Cppp%2C31%7CDpppp%7Cppp%2C7%2DAA%2A%2Cppp%7C7%5EC%7Cp%5EG2N%7DE%2D7%2Cp%2DB%7Cppp%2C7%2DB1N%7Cppp%2C31D%7Cppp%2C9E%7Cpp7%2Cppp%7Cppp%2C7%2Cppp%7Cpppp%5D%20==135=6
075a8f78-bc90-4bc5-aad1-bbc03fe634df,irealb://Franticity%3DTurner%20Elliott%3D%3DUp%20Tempo%20Swing%3DC%3D%3D1r34LbKcu7-bE%7C%2C4Eb-LF%20-bEZL7-bE%7C%2C7%20E%2C7BZL%2C7bB%207hFZh7%20Bb4TA*%5BrB%3CZL7%20Bb7EZLxZLbB%3EladePZ%3CL-bEZL7D%207bDZLb-LZxhFZL%2CZL7AZhead%20LxZL7%5EEZL7BZL7%23-FB*%5B%20%20ZL%20%3EylnoZE-7L%20:kaeDZL7A%23h7LZxZL7-EZLxZLxZLZxL7-%23FZL7hF%207%5EELZxLZD%207%5EDFZL%2C-LZFh7ZL7bBZL7hFZL7%5EZBL-bB%20-bEZL7bB%20Q%20%20Eb%20ZL7%5E%3E%29dne7%20%7D%7CLcitamorhC%3C%20ZLrLZ7bB%207hFZL-bEQZ%20descbB%207hXyQXyQ%20Z%20%3DJazz-Up%20Tempo%20Swing%3D100%3D3
07c63137-6755-4558-8001-d1546da21ff4,irealb://Funniculi%20Funnicula=Denza%20Luigi==Moderate%20Shuffle=C=0=1r34LbKcu7XQyXQ4E7LZZLCZL7GZL7GZLFLZ7CZL7CZL7EZL%2DAC%20%5DXy2Ti%2A%5BZL%2C%2DE%7B%2AAC%2C%7C%7D%20%20%2CC1N%7C%2CC%7C%2CC%2C%7CC%7C%2CC%7C%2CC%7C%2CC%7C%2CC%7CN2C%2C%7CQyXQyZLGZL%2DLZE%2DLGZLGZLGZL%2DEZLE%2DZL%2DEZL%2DEZL%2DEZLZGLZGEZL%2DEZL7EZZGLZ%2AGZL7GZL7GZL7GZ7LGZL7GZL7GZL7GB7LZCLLGZLGA%2DLZE7LZC7LZC7LZFLZG7LZG7LZCLZC%20%5D%20=Pop%2DShuffle=130=3
072c295b-6ee6-4785-9be1-b7aa73b728cf,irealb://Little%20Boat%20%28O%20Barquinho%29%20JB%3DMenescal%20Roberto%3D%3DBossa%20Nova%3DF%3D%3D1r34LbKcu7D%7CQyX%5E7XyQ%20lcKQyX7%5EbE%7CQy7XE%7CQyX7-BZL%20lcKLZA-7F44T%5BX7-G%7CDb%5E7X7D%7CQyX7-A%7CQyX7%7CCQyX7-GZL%20lcKQyb9XyQ%7CQyX7yQ%7CN1C7b9XyQ%7D%5BN2C7b9XyQ%7CA-7XyQ%7CD7b9XyQ%7CG-7XyQ%5D%20%3D%3D0%3D0
07921795-f17c-4790-b6f9-7d3be19efbe9,irealb://Golden%20Hour%20%28JVKE%29=Jacob%20Dodge%20Lawson%2C%20Zac%20Lawson==Pop=E==1r34LbKcu7%2DGs%20%20XyQ%7CGyX%5EAA%2A%5B%5DQyX%5EE%7CyQX%2D%23Fl%7C%2C%2DGs%20%20%2D%23Q%7CG%23%2D%5EAi%2A%5B%7B%5Dns%20%2DXyQ%7CQyX%2D%23Fl%7C%2C%2DGs%20%20%23%2DG%7CQyX%5EA%7C%7CQyX%5EE%7CG%237%20%23Fl%7C%2C2%2066%2A%2CXyQ%7C%2C%23G%2FW%2C%23F%2F7E%20%5EE%7CsQyX%5EElZL%2DA%20%5EAs%7D%5B%2AA%3C%5EAlC%2Al%7C%2C%2DGXyQ%7CGG%7CQyXA%7B%5DQyX%5EE%7CyQX%2D%23Fl%7C%2C%2DGs%20%20%2D%23%23%2D%20%20s%2C%5EAl%3EEs%7CQyQ%7CN1sL%2DA%20%2C%5EAs%7CQyX%2C%5ElAC%2A%7B%5D%207%23G2N%7D%20%5EEZlE%5EXyX%2D%23F%5EElZLF%23%2CW%2FAs%7CQyX%2C%5EAl%3E%2EtsinQyX96%2A%3CD%2A%7B%7D%2C%23G%5E%2C%20A%2D%2F7E%20%5E%23C%7CQyE%5E%20E7l%7CQyX%2C%2D%23G%7CQyX%2CA%5Elv%2A%5B%7D%2C%23G%2FW%2C%23F%2FF%23%5E%2CXs%7CQyXnemel%7CB%5EXyQyXQyXQyXQyXQyQXyXQyXZQyX7Ff%7CQXyQ%3CcQyX%2C%5Etnoya%3E%20=Pop%2DRock%2012%2F8=58=1
07145b70-a987-426f-b614-6085c15fdfd8,irealb://Grace%20(Live%20Version%20Form)%3DBuckley%20Jeff%3D%3DPop%20Rock%3DE-%3D7%3D1r34LbKcu7yX-EA4F-Xy%20ZL%20lcKQyXD%7CQyDX%7CQyX-E%7CQyX-G%7CQx%20%20%5B*4Ti*%7B%2F-E%2Co%20E-LZs%2CB*%7CQyX-E%7CQyXEbZL-E%207%5EF%7CQyXbEE-%2CF%237%5EF%7CQ%7C%2CA%2F-%2FA%2C%7C%2C-E%2Co%23F%2C-Es%2C%7CQy-XEZLA%2F-%23F%2011-Bl%2FG%2CF%23-%23F%2CG%7CQyXb1%20F%23-%207%5EF%7CQyXbEZL-E7%20%5EFC*%5BQyX-EZLA%2FE-LZE1-Bl%2C%2CG%2F-E%7DY%5B*D-Es%2C%7CQyX-E%7C%2C-EF%2C%20bG%7CQyXGZLF%20bE%2CF%23o%2CQyX-EF%2011-%2C%7C%2ClBA%2F-%23F%2CG%2F-E%2Co%23F-%2CEs%2CZLA%2F-%23F%2011-%2C%7C%2ClBA%2F-%23FEf%7CQyZ%7C%2CsEA%2F-%23F%2011-Bl%2C%7C%2C%2FA-%23F%2CG%2F-E%2Co%23F%2C-LZEoXLA%2F-%23XbEZLYY%5B*iF%7CQyX-EA*%5BZL%20xZ%20L%20x%20ZL%20lcKQyXD%5E7%20E-%7CQyX-yQ%7CF%5E7%20E-LZEbXyQ%7BF%20E-LZEb%20%20%3C*188x%3E%20%7D%20%3DPop-Rock%3D115%3D1
076eea27-af5b-45fc-ab1f-99359fee7546,irealb://Great%20Pumpkin%20Waltz%2C%20The%3DGuaraldi%20Vince%3D%3DJazz%20Waltz%3DEb%3D3%3D1r34LbKcu7ddaFl4C-7XbE%2C9bE%2C7bEs%7CQy6X-bB%7CQyX5%23-B%7CQy7b9LZ3TA*%7BD%7CQyXQ%7CAboQyX7-F1NY%7CQyX7%23oF%7CQyXG%2FbE%7CQyX7%7CEb69yXA%2F9*%7CQyX%7CG7b1QyX7-A%7CQyX31%5Eb%7CEQyX7-F2N%7C%7DQyX3%7CD7b9QyX7-X)7%5E-yQKclZL%20lcKQyX9%5EG%7CQXy6-C%7CQyX7%5E-CZL%20C-9(CX9%5EGB1b7%23FC-6)x%7CQyX6-C%7CQyX7%5E-ZCL%20lcKQyX9%5EGZL%20GXyQ%7C(%20%7CQybE%7CQyF6XyQ%7CQyX5%23-B%7CQyX7-%2CCA*%2C%5B%5DQyX31b7G%7CBb-6X%7CQyX36bE%7CQFadd9%7CQyX7o%23F%7CQyXG%2FEb%7CQyX7obA%7CQyXA%2FF-7Xy%7CQyX7%20%7CQyXZD-7X%7B%5DQyX31b7G%3Eado%20Cla%20.C.D06*%3C%7CQyQEb%5E9LQ%20%209%20F-7%20%7DEb%5E9%20LZF-7%20LZfEb%5E9%2CU%20%5D%20%3DJazz-Medium%20Swing%3D150%3D3
078f8893-ea1d-4969-bc12-b967f801803f,irealb://Manha%20De%20Carnaval%20(Black%20Orpheus)%3DBonfa%20Luiz%3D%3DBossa%20Nova%3DA-%3D%3D1r34LbKcu77G%207-4A-Xy-AZL9b7E%207hB%7CQXy-AZL9b7E%207hB%7CQXyQ%7CD4TA*%5BQyX7hXyQ%7CA7%5EF%7CQyX7%5EC%7CQyXG7%7CQyX7-D%7CQyX9b7XyQ%7CB7%5ECZLKQyX-XyQ%7CA7E%207hB%7CQyX-AB*%5D%5B%209b7E%207hB%7CQyX-b9LZA9b7E%7C-AZL9Eh7XyhB%7CQyX7-DZL%20lcQKyX-D%7CQyX9b7A%7CQ7%20E7bZL%20lcQ%7CYZ%20GLZF%5E7hBZLQ%20%20-A%7CQyXb97E%7CQyX7hB%7CQyX7%20E7b9%2F7-A%20A-LZD-7%20A-7LZD-7%20A-7LZD-7%20E-7LZfA-%20Z%20%3D%3D0%3D0
0737577c-d749-4bee-a88a-901d18b655ef,irealb://Make%20Me%20A%20Pallet%20On%20The%20Floor%20%28aka%20Atlanta%20Blues%29%3DWilliam%20Christopher%20Handy%2C%20Dave%20Elman%20%281923%29%3D%3DMedium%20Swing%3DBb%3D%3D1r34LbKcu7BZL%20lbXyQKbBZL%20lcKQyXbE%7CLZ%20lcKQyXbBZL%20lcXyQKcE44T%5BbXyQ%7CD7XyQ%7CEbXyQ%7CEoXyQ%7CBbXyQ%7CF7XyQ%7CBbXyQKcl%20%20%5D%20%3D%3D0%3D0
07652058-450f-489d-8b34-96dbe2c6e2c4,irealb://Mandy%2C%20Make%20Up%20Your%20Mind%3DMeyer%2C%20Johnston%2C%20Clarke%2C%20Turk%20%281924%29%3D%3DMedium%20Swing%3DF%3D%3D1r34LbKcu7ZL7GZ*74VeFZLxZL7C%7C%2CoF%2CFLZFZL7CZL7Gs%3EesrLZD7L%3C44T%5B%2BC%20%2CFLZF%2CFohC47*%3C%5BY%5D%207C%7Co%2CC%2C7CZL7GZLC%7C%2C-rus%3ElFZL7CL%20lcKLZF%20AZL%20x%20ZL%20x%20ZL%20lKcQyX7G%7CQyX7DZLhC7XyQ%20x%20ZLFZL%20xZ%20x%20L%20%2CF%7C%7CQyX7C%7CQyX-7G%7CQyXobA%7CQyXFZC%2BLZ%20L%20x%20ZKQyX7D7XyQ7A%7CQyXbBZL%20x%20Z%20Lx%20ZL%20lcKQyX7G%7CXyQ%7CDZLhA%20cl%20LZG7XyQ%7CC7XyQ%7CFXyQ%7CC7XyQ%5D%20%3D%3D0%3D0
079713cf-cf02-49ed-8fcb-ca896b65f708,irealb://Heart%20Of%20The%20Night%20%28Poco%29=Cotton%20Paul==Smooth%20Rock=D==1r34LbKcu7%2DE%7CQy%20A%2FC%23Xx%7CQyXDA%2A%7B%7DQyXE%2D%7CQyXGZLA%20%2C%2DBZLyQ%7CGXD44T%7BE%7C%2C%2DE%3E%20%7D%7C%2A%7CQyXG%7C%2C%2DE%2CD%20%2DBQ%7CyX%2DE%7C%2C%2DE%2CD%20%2DBBB%2D%20D%2Cx4%3C%20%20Xx%7CQyXyQXy%7B%7CQyX%2DE%7CQyXGZL%20A%2DBZL%23C%2FA%20D%5B%20%20QS%2AADX%7CQyX%2D%7CQyXGyQ%7CE%2DD%20%2DB%7CQyX%2DE%7C%2C%2DED%2C%20%2DBB%2A%7C%7D%20%3Ex4%3C%20%20%2CE%2D%2C%7CXG%7CQyA%20D%5BZE%2D%2C%7CE%20ot%20bil%20da%20taeepR%3C%20QyXQyX%5BQyX%2Dend%3EL%2CD%20%2DBQyXx%7CB%2D%20ALQyXx%7CQyXDC%2A%7B%5D%20e%3EniF%3C%20%20%2DE%7CQyXGZ%7CGXyQZL%23C%2F%20%2DBZLQ%7CxXyD%3E%20latnemurtsn%3CI%7BZLQyX%5DQyX%2DA%7CQ%20A%2FC%23yX%2DA%7DALZGXyQ%7CE%2D%20%20%3CD%2ES%2E%20al%20Fine%3E%20%7D=Pop%2DSlow%20Rock=102=0
07dca02e-fe37-4a7e-8021-cba01e865a2a,irealb://Stardust%20%28DGM%29%20006=Carmichael%20Hoagy==Ballad=C==1r34LbKcu7%7CQyX74CXyQ%2DA%20%2DE%7CQyX%2DD%7CQy7XA%7CQyX7E%7CQyX9F%7CLZN1B4Ti%2A%7BlcKQy%23o%2CG7%7B%5D%20%2C%2BC%206C%7CQyX7lG2NZL%20QyXQyX%7D%20%2C%2AAF6XF%2C%2DEs%2DD1NZ6XyQ%7C%20%2DDZL9b7A%207%2DEZ7L%2DD%20C%7CQyX11%237bBA7b9L%2DFZL%20%207%2DA%7Cb5%2FAb%207obEZL%2C7%2DD%20CZ%2CL%2BG%207GZLoG%207GZLC%2FELZ7%2DD%207%7CQyX6%2D7%20D9X6F%7CQyX7%2DD2N%7C%7D%2B%20G%207GZL7%2DD%207GZLyQ%7CF%2DAZL9DG%207%2DD%2FB%2CA%2DA%207%2DDl%7C%2C31bE%2C7%2CE7F%2C%23F%2F7B%7C%2CG%2FC%2C7b9LZ%2DE%2CCs7LZCLZ%3CFine%3EC%2CU%20Z%20==76=1
07d92aa6-341e-44c6-a287-8c33327db5bc,irealb://Tennessee%20Waltz%20%28DGM%29%20410=Stewart%2DKing==Country%20Waltz=C==1r34LbKcu7QyXF%7C4n%20G7ZL%20lcKQyXC%2CS%2CA%7B%2AQyXQyXQyXQyX%5D%20C7XyQ3Ti%2A%5B%3EeniFyQKclXC%7CQyX7G%7CQyXC2%7CN%7D%20%20lcKQyX7GZL%20yQ%7CU%3CXC1N%7CD%3C%20lc%7B%2ABCXGZL%20lcKQyXC%7CQyCX%7CQyXF%7CQyX7E%7CQy7XyQK%5D%20%20x%20%2ES%2E%20al%202nd%20End%2E%3E%20%5D%20=Jazz%2DBallad%20Melodic=82=1
0797edf3-b05a-4375-a310-455b0f85847e,irealb://Stripper%20%28DGM%29%20465%2C%20The=Rose%20David==Medium%20Swing=F==1r34LbKcu7%20%209C%7C4FXyQGl%7C%2C7D%2C7bE%2C7E%2CF7s%7CQyXF%7CQyX%2DbB%7C9%2CXyQ4TA%2A%7B%2DbB%2CoF7%2FA%20Fs2N%7CY%20%20QyXQyX%20%7D7C%207%2DGZLbA%2F7bD%2CF7%2CF1NZLQ%7CrQyX%20F7%20%5D%3E%29pirts%20al%20la%28s%20murD%3C%7CQyX7FB%2A%5BnXyQ%7C%2CFl%7C%2CsZL7bG7XyQ%20QyXQyX%5B%5D%20%3Eado%20Cla%20%2EC%2ED%3CQyX7C%7C%5BQF%20DZLQyXG%2D7%2CC7%2CF%20LZU%3CFine%3ElF69XyQZ%20==96=1
07d2fa19-4d80-48ce-8f36-aee9f1cc836d,irealb://Quasimodo%20%28DGM%29%20628=Parker%20Charlie==Medium%20Swing=Eb==1r34LbKcu79b7C%204n%20Bb%7CQyX7%5EbE44T%2CS%2CQ%7ByXQyXQyXQyX%5D%207G%2D7b54Ti%2A%5Bb7%2DDsXyQ%7CBX6bE1NZL7bB%207%5Eb%2DA%7CQyX7%2DF%7CQyX7byQ%7Cpp7%2DFZLB%206bB%5D%5BlC%2DF%207%2DC%7CQyX7%2DGZLD7%207%2DAZLbB%2F%2DC%20%2C77b9LZ%2C7G%2C5%7CQyX7%2D7%20F7ZL%20QyXQyX%7D%207bB7%20%2DFZL9b7C%207%2DFZLN2Bb%2DCZL7o%2DF%206bQ%5D%5BAb%2DbA%205b7%2DA%7CQyX7C%2DZL7G%207%2DD%7CQyX7%5E6LZsEyX7bE%3EadoClAb%2D7S%2ED%3C%2CQ%2C7bB%207%2DFQ%7CyX6bEZL9b7bB%20%2C%2E%20al%20%7C%2C%2DG%2C%20%5D%7C%2CQ%2CEb6XyQZ%20==144=1
07fe3602-074b-4aca-825e-1d3e27ce8ffb,irealb://I%20Remember%20You%20%28Up%29=Scherzinger==Medium%20Up%20Swing=F==1r34LbKcu7A1NZLQ%7CD%2D%20%2DbB%7CQyX%5EbBZL7F7%20%2DC%7CQyX7%5EFZL9%2DD7%20Eb7yX%5EF%7B%2DE%7CQyLZG%2D7%7CQyX7FQyX7%2DCZLyQXQyX6F2N%7C%7D%207C%20Bb%5E7X7D%207%2D%5EFZL7ZD%5EXy%7CQyX%5ECZL7G%207%2DDQ%7CyX%5EDZL7A%207%2DE%7CQG%2D7%20CL7A%207F%7CQyXD%2D9Xy7bE%207%2DbB%7CQyX7%2DZGL7D%20oA%7CQyX%5EF%7CQLZF%5E7%7CQyX7n%20ZL%20%7CG%2D7Xn%20ZL%20n%20ZL7C%207%2D%7CGQyX6F%7CQyX7C%7CQy%20LZ%20nQyX7%5E%20%20%5D%20==200=0
07d071ba-54a1-41d8-b9ab-5834620e9f69,irealb://I%20Want%20A%20New%20Drug%3DHayes-Lewis%20(Huey%20Lewis%20%26%20The%20News)%3D%3DRock%3DA%3D%3D1r34LbKcu7QyX%7Cr44%3C*7%2CGsp%2CAl%7C%2C%23F%2FD%2CsGp%2CA%3E111%20mpb%20%204D%7CXyQTi*%7BYAlZLQASlA%2CyX%7CD%2C9ddaGsp%2CA%7Cl%2C%23F%2FD%2CG%2FsusDspQr%7CXy*%5BY%7D%20D%2CG%2Fsus%2FC%2C%2CAlZL%20x%20ZL%20lcK%2CGC%2FsusGsp%2CDl%7C%2CGpsDsusGsp%2Cp%2CDZLcl%20%20%5DF%20CZL%20lcKQyXsu7sElB*%5BY%20%20QyXQyXLZC%20DK%2C%23F%2F.S.D%20yQXyQX%7CD%2CGsp%2CAl%7C%2C%23FD%2F%2CGsp%2CAl%5BQyXQyXyQr%7C%3CX%5Dnsp%2CAl%7C%2Cine%3EXGsp%2CAl%3Effir%20xa%20s%2047*%3CC*%7BY%5D%20QQy%2CD%2FF%23F%20la%20Gsp%2CA%7CXyQr%2FD%2CGsp%2CAl%3Eolost%20g%2047*%3C%7BY%7D%20QyX%7CF%23%2C%7ClD%2CGspQyXQyQr%7C%3C%20QC*%7BY%7D%20%3Ex736*%3CyQX%3EadoC%20la%20.S.D%3C*74XyX%7CD%2CQyX%3C%7Ciff%20%2BD%2CGsp%2CAl%7C%2C%23F%2FDG%2Csp%2CAl%3Eolos%20tg%20%7CXyQrr%20xas%20%20vamp%20out%3EXyQ%3C*638x%3E%20%7D%20%3DBlues-Texas%20Rock%3D111%3D1
07c0c899-5974-4b30-8309-5b169c442869,irealb://Jazzy%2012%20Bar%20Blues%20in%20C=Exercise==Medium%20Up%20Swing=C==1r34LbKcu7QyX7AXyQ%7CF%7CQyX7o%23F%7CQyX7FQ%7CyX7C%7CQyXC%7CQyX7CXyQ%7CC44T%5B%7CD7XyQ%7CG7XyQ%7CC%20A7LZD7%20G7%20Z%20=Jazz%2DGypsy%20Jazz=100=4
0792f65c-4fd3-4da8-96d3-b774909b7f2f,irealb://As%3DWonder%20Stevie%3D%3DPop%3DB%3D%3D1r34LbKcu7%7CQyX74B%5E7%20B%207%5EBA*S%7B%5D%20QyXr%7CQyX%7CQyX7%5EEZL7B7LZE%5E4Ti*%5B%2C-%23GsQ%7CA%5E7-%23As%207-%23G1N%7CQy7X%5EEZL7B%207%5EB%7CQyX%2CD%23%2C%7CyX7%5EBlB*%5B%20%23%2CC%23-%2C%23D%2C-%23As%207-%23G2ZNL%20QyXQyXl%7D7%23F%2C%5DQXyQG/7%23C7-%23GlD%237/A%7CrQyXZLQyX%7CrQyZXL7%23C%20B/7-%23GZL%23XyQLZ%207-%23G7%5ED%7CQA%23LZG%7CQyX7%5EB%7CQyX7%5EE*C%5B%5D%2011%237F%20B/7-%23E%5E7Xy/7%23D%207%23D%2Cs%5E7XyQ%3EadoC%20la%20.S.D%3CQ%7CyX7-%23C%7CQyX7%5EB%7CsD%23suE%7CQyX%2CsC%23-%2CF%237%2CZ%7BQlG%23-7%20D%237/A%23LZG%23-7/B%20%3COpen%3EC%237%20%7D%20%3D%3D0%3D0
07186bce-7ec1-402e-8030-6367d52352d9,irealb://In%20The%20Bleak%20Midwinter=Christina%20Rosetti%20%2D%20Gustav%20Holst==Pop%20Ballad=F==1r34LbKcu7%2DD%20%2DDF%20F%2FE%20FA%2A%7B%5D%207C%20FZL7%20CbBZL%2CC%2F%2DD%20%2DDZLF%2FELZ44Ti%2AyXFZLb6%20%20FZLC%2F%2DD%20%2DDZLE%2FFF%20ZL7C%20%2C7%2DG%7C%2CA%2F6Bb%20C7BZLC%2F%20bBZLBb%2FAL%2DDZLE%2FF%20F%7CQyXCLZbB%20A%2FFZL%2DD%20%2DGZ%20D%2D%2FC%20bB%7CQC7LZN1F%20C7%20%7DN2F%20C7%20%7DN3FXyQZ%20=Jazz%2DBallad%20Even=80=1
073e18bb-c43d-4f07-b7aa-3c3c5781bc1f,irealb://It's%20Just%20A%20Matter%20Of%20Time%3DBrook%20Benton%2C%20Clyde%20Otis%2C%20Belford%20Hendricks%3D%3DBallad%3DF%3D5%3D1r34LbKcu77G%7CQy6%2CXyQQyX%2C7bB%7CQyX%2C7FQ%7CyX%2C6F%7CQyX%2C7bB%7C%7CBo%2CXF44T%5BB%7CQyXC7%2CXyQyX%2C7F%7CQyX%2C6F%7CyQX%2C7bB%7CQyX%2C6F%7CQ%7CBb7%2C%7CQyX%2CbB%7CQy%7CC7%2CXQyX%2C6F%7CQyX%2C-bBQ%7CyX%2CbB%7CQyX%2CF%7CQy%7CF7%2CXQyX%2CoF%7CQyXBb-%2CXyX%2C7bB%7CQyX%2C6F%7CyQX%2C7C%7CQyX%2C7G%7CQyQ%7CF6%2C%7CQyX%2C7%2CXyQ%7CBb%2CXyQ%7CBo%2CXyQ%7CG7%20C7LZF6%2CXyQ%5D%20%3DPop-Rock%2012%2F8%3D82%3D2
07a7eacb-bce1-4310-bb21-08f4cb2c502a,irealb://Jesu%2C%20Joy%20Of%20Man's%20Desiring%3DJohann%20Sebastian%20Bach%2FRobert%20Bridges%3D%3DEven%208ths%3DG%3D5%3D1r34LbKcu7%20CZL-%20C%2FE%2C%7C%2CE%2FC%20GZL%20D%7C%2CCB%2C%2FG%2C-AZL-E%2CB%2FG%7CG%2FB%2CEG89T%5B%2FC%20G%7C%20%20%7BG%20%20D%7C%2CG%2C%23F%2FD%2CE%2FC%2C%7CD%2F-B%20%23F%2FD%7C%2CE%2FCLZXyQG%7C%2C7DL%20D%7C%2CB%20E-%2C%2C-AZL-E%2CB%2FG%7C%2CEC%2F%20G%7C%2C7D%2CD%2F-B%2CC%7CG%2FB%2CC%2FG%7C%2CEG%2C%23F%2FE%2C%7CG%2F%7C%2CD%2F-B%20%23F%2FD%7C%2CEC%2F%20G%7C%2C7D%20CZL-E%2CBC%2FE%2CD%2FC%20GZL-E%2CBZXyQ%7C%2FC%20G%7C%2C7D%2CD%2F-B%2C%7CC%2C-E%20B%2FG%7C%2CE%2FC%20GE%2C%7CG%2FL%20D%7C%2CF%20-A%7C%2FB%2CC%2CZL%20G%7C%2C7D%20CZL-EB%2C%2FG%7C%2CE%2FC%20GZL%20D%7CD%20E7%2CG%2C-AZ%20-A%7C%2CE7%2C%7CAmid*%23D%2C-D%7C%2CC%2F-%2CAF%2CC%2F-A%7C%2CF%2F-D%20-7*%2CE7%20-D%7C%2C-E%2CB%2FC%20LZDC%20G%7C%2CB%2FG%20C%7C%2CB%2FG7%20F%7C%2C7C%20C%7C%2C7G%20-%2FE%2C%7CG%7C%2CB%2FGZL%20G%7CG%2FB%2CC%2F-B%2CC%7C%2C-E%20B%2FG%7CE%2C%2FC%20G%7CQyXZL%20D%7C%2CD%2CD7%2C%2C-AZLG7%20C%2FG%2C%7CD7%2FG%2CGLZD7%2FG%20%20%7DG%20U%20Z%20%3DPop-Smooth%3D85%3D3
0780d874-499d-4158-8df5-6605f1f34ff0,irealb://One%20way%20ticket%2C%20%D0%A1%D0%B8%D0%BD%D0%B8%D0%B9%20%D0%B8%D0%BD%D0%B5%D0%B9%3DEruption%2C%20%D0%9F%D0%BE%D1%8E%D1%89%D0%B8%D0%B5%20%D0%93%D0%B8%D1%82%D0%B0%D1%80%D1%8B%3D%3DMedium%20Swing%3DC-%3D5%3D1r34LbKcu7%2C-CZLZxLZFbEZL%2CbB%5B%7D%20xZL%2CC-ZLxZL%2CGZLxZL%2C-%2CLZG%2CL%2C-C%7BLZF%2CG%2C%7CC-%2CLZD%2CLZG%2C%20%7C%20%3D%3D0%3D0
073e0431-37da-4d6c-b498-3711f8496704,irealb://Late%20In%20The%20Evening=Simon%20Paul==Calypso=F==1r34LbKcu7XbBZL4FXyQyXFZL%20lcKQyXbBLZ%20x%20ZL%20x%20ZL%20lcKQKcl%204Ti%2A%5BBSA%2A%7B%20LZFXKZ%20%3EeniF%3C%20%20FZLl%20cKQyXCZL%20lcKQycl%20LZlcKQyL%20lcKcl%20LZL%20x%20ZL%20lcKQyXbZBL%20lcKQyXFZL%20x%20ZFXyQKQyXbyXFZLKcl%20LyXB%2A%2CbB%3EsnroH%3C%20%7D%3Ex3%3CQ%20lcKQyXFZQKcl%20QyXCZ%2ES%2ED%3CLZBbXXFZL%20lcKQyXCZLl%20cKQyXFZL%20lcKQyyQKcl%20lcKQ%7CQyXnoda%3E%20%7CQyX%3Ekaerb%20mur%3CDnQ%5B%20%20QyXQyX%7CZ%20nXyQ%7CC%20la%20n%20%20%3CD%2EC%2E%20al%20Fine%3E%20Z=Latin%2DBrazil%3A%20Bossa%20Acoustic=114=1
07facb0f-abaa-4df1-8b6b-d00644a25120,irealb://Maiden%20Voyage%20%28AEB.%2054%29%3DHancock%20Herbie%3D%3DSlow%20Bossa%3DC%3D%3D1r34LbKcu7%20x%20ZL4A-/D%20lcKQyXF/-CZL%20%20xZL%20x%20ZL%20lcKQyXLZ%20x%204TA*%7B%20x%20ZLBb-/E%20lcKQyX-%23CZL%20xZ%20L%20x%20ZL%20lcKQyXbLZ%20x%20B*%5B%7D%20%20%20x%20ZA-/DXL%20lcKQyXF/-CZLx%20%20ZL%20x%20ZL%20lcKQyZ%20x%20LA*%5B%5D%20Z%20%3D%3D0%3D0
0762cd8a-aa3d-40d9-9a59-a61573494f08,irealb://Mann's%20Fate%20-%20Hot%20Tuna%3DKaukonen%20Jorma%3D%3DBrazilian%20Samba%3DE%3D%3D1r34LbKcu7%2CG%2FW%2C44sB-%2CE%2FW%20%2C%23C%2FW%2C%23F%7CB%2C%2FW%2C-%23F%20%2CGZL%2CA%20%7CF%23-7TA*S%5BW%20%20%23FB-%20A%2C%7B%7C%2CB%2FW%2C-E%207-%23FQ%7CyX%23FZL%2C-%23F%20GZL*BB-%2FZL%2C-EEC*%7B%7C%2FG%20%20%3C7B%20%2CC%2F7C%7C%2CB%2FW%20%23%20F%2F-Bs%7C%7D%2CC%2FW%3Ex3%2CW%2FA%2CC%7C%2CB%2F%3C-E1NLZF%20B%3EeniF%3C%20%20nZL%20n%2CE-s%7C%7D%2CbE%2FW%3Ex3%3C%2C7LZ%7B*C%2CG%20%2C-F%20la%20olo%3E%20%20%20nZL%20n%2C-Es%7C%7D%2CEb%2FW%3Ex3%3C%2C7B%20FZLG%3CD.S.s%20rtg%3C%2C7B%2C%5D%7B%2C*CG%20-E%7B%7D%20%3Ex6%3C%2C7BF%20%7CQyX%3Edne%3C-E2N%2CLZF%2CF%20%3Eeni%2CC%20%2CDal%20Fi-E%7C%7D%20s%2C7B%20FZL%2C%20G-E3N%2CC*%2C%7B%7D%20%3Een%20G%2CLZ%20.S.DLZE-%2Cn%20LZnXyQ%7CfUE-XyQ%5D%20%3DLatin-Brazil%3A%20Samba%3D130%3D1
0789e080-4c2b-45de-ad9a-5a5b99af28d6,irealb://Oriental%20Shuffle%3DReinhardt%20Django%3D%3DMedium%20Swing%3DF%3D%3D1r34LbKcu7%5E%23FZL6XyQ%7C6F%7CQyX7C%7CQyX-GQ%7CyX9D%7CQyXF%7CQyXC%20C%23-7F44T%5B6-bB%20Z%7CF6XX7C%7CQyX-G%7CQyX7%7CDQyX6F%7CQyX%2BC%7CQyyQ%7CF6L7C%207C%7CQyXyQ%7CF7lcKQyX7G%7CQyXbBLZ7A%20bBZL%20lcKQyX%20LZC7X6FZL6-bB%20Q%7CF6XX7C%7CQyX-G%7CQyX9%7CDQyX6F%7CQyX%2BC%7CQyyQ%7CF6yX5%237LZF6XyQ%5D%20%3D%3D0%3D0
073c9107-bfb7-428c-81ea-9dd33f828852,irealb://Minuano%20(Six%20Eight)%3DMetheny%20Pat%3D%3DEven%208ths%3DA%3D9%3D1r34LbKcu7%20%7Cr%20Z68%3C*7ZL%20%7Cr%20ZL11-%23FZ1L1-B%3E651%20mpb%20%204%20r%7C%20LTi*%5BYLF%2F9dAB-11L96GZL9%5EFZL%20%7CrZ%20L%20%7Cr%20ZL11-%23FZLZA-ad*%7BY%5D%20L11-DyQXyQaAZLsus9AZL7-ELZ11-DB*%5BYQyXQyXdd9LZX%7D%20xZAZLQ%2CZA-9LL11-DZLh%23FZL9-ZAL7-EZL11-DZLxZZE-11L7-EZxZLB%2FA%20%5DYYLxZLxZLxZL%5EFZLZxLxZLxZL11-%23FQ%5BZE-11ZLsusLZxLZxLZBb%5E13LZxLZxLZx%20%5D%5BUsA5%2CnZ%20%3DJazz-Even%208ths%3D156%3D5
072d7ed0-4298-4f3d-be82-71b09d05e872,irealb://Moon%20Song%20%28Solitary%20Moon%29%2C%20The%3DMandel%20Johnny%3D%3DBallad%3DAb%3D%3D1r34LbKcu7yX9-F%2CT44%3CX6-bB%7CQyX9-F%7CQXy6-bB%7CQyX9-Fs%3E%20yQ%5DY%7BS%2Ci*%5BQyX9-6XyQ%7C7%5EbA%28%20%2011-FA*%5B%20%5DQ%20%206-bB%7CQyX9-F%29LZBb-bB%7CQbE/7-9%20A7b-F%289-bB%7CQyX%297C1%281-F%7CQyX7%5EbAZL5%29%20%20%28Fb7bE%7C%2011-F7b9%28D%20%297bD%287C%20%297C%287b%5EAZL%297G%285b7A%20%29h%28C7%29%7CbEZL%29s7CZL7/Eb%29%287G%20%297bE%28sus7GLZ%297-bB%28%20%207%5EbDZLA7b5%29%5EbA%28%20%2031bD%5E7%29%20C-D%207-F%7CQyX6-bBLZ%297%5EbA%28%20%209-FZL77b5LZbA%28su7C%2031LZAbooC%20la%20.S.D%3CZLG9/%237C%207-CZL7oB%207da%3EGb5b7bDaH%20eiQ%3C%20%3EF%20~%20sdrohc%20%29llasm%28%20.tla%3CZQyX96-CharlU%7D%209bden%20solo...%3E%20%3DJazz-Ballad%20Swing%3D80%3D2
070ca56c-20b7-4f61-b7d9-f18e985f0624,irealb://I'don't%20Mind%3DPee%20Wee%20King%3D%3DUp%20Tempo%20Swing%3DC%3D%3D1r34LbKcu7QyXx%7C4AbXyA%7CQyXx%7CQyXx%7CQyxX%7CQyX7bE%7CQyXx%7CQb7XyQ4TA*%5B%5D%7CxXyQ%7CxXyQ%7CBbXyQ%7CxXyQ%7CBb-7XyQ%7CEb7XyQ%7CUAbXyQ%7CxXyQ%5D%20%3D%3D0%3D0
07a0dda7-be7d-4735-8c73-d98b90cb3763,irealb://NG:%20Worthy%3DNG%3D%3DRock%20Pop%3DC%3D%3D1r34LbKcu7%5BD-XyQ%7CCXyQ%7CBbXyQ%7CAXyQ%5D%20%3D%3D0%3D0
07fae9c3-a796-4012-acf2-eaf18d6e36bb,irealb://Blues%20-%20Simple%3DExercise%3D%3DShuffle%3DG%3D%3D1r34LbKcu7DZL%20l7XyQ%7C7GZL%20lcKQyX7CZ%20LlcKQyX7G%7CQyX7CXyQKcG44T%5B7XyQ%7CC7XyQ%7CG7XyQ%7CD9XyQZ%20%3DPop-Shuffle%3D93%3D3
077c8610-fb2c-4cb9-9eb9-6c63c8fe715d,irealb://O%20Holy%20Night%20JFM3%3DComposer%20Unknown%3D%3DMedium%20Swing%3DC%3D%3D1r34LbKcu7LxZLCCLZxLxZLCZLxZLCZL%20ZGLZL-AZLxZLCZLFZLZFLZZL86TZL-AZ-LZB7ZLxZLGZLxZL%20ZLZCLxZLGZLxZL-EZLCLZxLEZL%20ZZLGZLZE-LZLC%7C%2CG%2CCZL%20ZLCZxLZL-AZLxZL-DZLxZFLZCL%20ZLxCLZxLZ%20LZGLZG7LZCLZFLZCLZGLZCLZ%20LZx%20%7D%20%3DPop-Smooth%3D85%3D3
071136c3-e3e8-4f24-8244-578594881aea,irealb://Yearning%3DJoseph%20A%20Burke%2C%20Benny%20Davis%20%281925%29%3D%3DMedium%20Swing%3DF%3D%3D1r34LbKcu7yXFZL*71ChyX7CZL%20lcKQyXFQ%7CyXbB%7CQyXF%3EsuroQKcl%20%3C44T%7CL%20lcKyQ%7CFXL%20lcKQyX7C%7CZL%20clKQyXF%7CQyXbB%7CQyZFXyQX7C%7CQXF%7C%7CQQKcl%20QyX-AZL%20lcKQyXE7%7CZL%20lcKQyX7EZL%7CC7XyyX-AZyQ%7CBbXyQ%7CFXyQKcl%20LZC7XyQKcl%20LZFXyQKcl%20%20%5D%20%3D%3D0%3D0
077d75c9-2589-4063-9aef-2ae868a030cf,irealb://Ol%C3%A9%3DRedd%20Freddie%3D%3DMedium%20Swing%3DC-%3D3%3D1r34LbKcu7N%7CQyX4C-7X7G%207-D%7CQyX7-FZ7LC%207-G%7CQyX7G%7CQyLZC-74TA*%7BC%7CQyXQ%7CG7X%5B%5DQyX7-CZL7C%207Ab2NZL%20QyXQyX%7DQy*BG-7yX7D17-CA*F-7Xy%207-D%7CQyX7G%7CQyXD7%7CQyX7-AZL%20lcKQG7%20%5D%5B%7CQyX7-CZL77XyQ%7C%7CQyX7-CZL7G%207-%7CDQyX7-FZL7C%207-GAb7%20GG%7CQyX7XyQ%5D%20%3DJazz-Medium%20Swing%3D160%3D3
07a485ac-8611-45ed-827f-91c209821c50,irealb://On%20the%20Good%20Ship%20Lollipop%3DClare%20and%20Whiting%3D%3DMedium%20Swing%3DC%3D%3D1r34LbKcu7QyX7G4CXyQ1NZL%20lcKQyX7GZ%20LlcKQyX7GZL%20lcKCXyQ%7C4TA*%7Bl%7C%2C5%23yQ%20LZs%20oAl%7C%2CF%2C7Cs%20bBB*%5BZ%20%20lcKQyXC2NC7%2CC7XQyX%7D%5BZ%207GF%2C%7CA-ZLoA%20GZL7D%209-ALZ7D%207-AZL-Al%2CE%2CG7b9%20%2CEs%20F*DCXyQKcl%20LZG7XyQKcl%20LZG7XyQKcl%20LZG%20CLZUC%20G7%20Z%20%3DJazz-Medium%20Swing%3D140%3D3
073b3fa3-ed1e-4dfe-bf7f-ccfd230fbf26,irealb://One%20I%20Love%2C%20The%3DR.E.M.%3D%3DRock%3DE-%3D%3D1r34LbKcu7E%7CQyX7XyQKX2D%7CQyX-E44TB*%5D%5B%20%20x%20ZL%20x%20ZL%20lcyQ%7CE--Ei*%5BXC%7CQy%7CE-XyyXD%7CQyXG%7CZQyX7E-%7CQyX-E%7CQyX2D%7CQQ%7CA-XQyX7-E%7CQyXXyQ%7CDX2D%7CQyX-EC*%7BZQXy7-E%7CQyX-E%7CQyX2yQ%7CE--E%7CQy-7XyQ%7D%20%3DPop-Rock%3D115%3D4
07b220df-bf27-4cbc-ac6f-4ab5f4166a85,irealb://Overdose%20d'amore%201%3DZucchero%3D%3DPop%20Rock%20Blues%3DF%3D2%3D1r34LbKcu77C%7CQyC7XyQX7C%3E%20%3C%2CA*%2C%7BY%20%20yQXQyX%7D%20%3Ex3%3C%20%20F%7CyQ%7CFX%2Ci*%2C%7BQyXF%7C%20%20%3C8x%7CQyXC%7CQyXF%7CQyXD-%7CQyXbB%2CB*%2C%5B%7D%20%3EBbXyQF%7CQyXQyXF%7CyQ%7CC1%2CA*%2C%7BYQyXQyXQyQXyX%5DQyX7CZL7C%201C7XyQX11C%7CF%7CQyXQ%7CF%20%20XC%7CQyXF%7CQyX-D%7CyQXbB%2CB*%2C%5B%7D%20%3Ex4%3CyQ%7CBbyX7C%7CF%7CQyX11XyQ%2C%7BYQyXQyXQyXQy%5DXQyX7CZL7C%2011C%7C*A%2CC7C%7CQyXXyQ%7CC7XyQ%7CF%20%20%3C6x%3E%20%7D%7CC7XyQ%7CF%20C7LZ%20x%20%20%5D%20%3DPop-Funk%3D95%3D1
07be42a2-aeb2-4a92-be8d-f1efe59de436,irealb://Para%20Lennon%20e%20McCartney%3DL%C3%B4%20Borges%2C%20Fernando%20Brant%20e%20Marcio%20Borges%3D%3DBallad%3DB-%3D2%3D1r34LbKcu77-%23F%20B-%5E7L7-%23F%207%5EGZL7-%23F%2C%207-E%5D%206-BZL7-BZLZE-7ZL-B%7B-%23F%207%20%7DB-7-%23FZL%23F%2F7-B%207-ZBL7-%23FZL%23F%2F7-B%207%20%5DE-7%5EGZLE%5D%206-7%20F%23-BZL7%5E-BZL-B%5D%207G%5EZL7-%23F%207-EZL%2C7-7LZB%5EGZL7L7-%23F-7LZG7-B%207-B%7B%5D%20GZL7%23-F%207-EZL7-%23F%207%5E%2FF%23LZ%23F%207-GZL7-B-7%2FFEZL7-%23F%207%5EGZL7%23-F%207-E%5D%207-%23FZL%23-7%20F%23%207-BZ%5E7%20%7D%20%20%7BB-7%20B-7%2FF%23LZF%23-7%20%7D%20%3DJazz-Ballad%20Swing%3D90%3D1
07c3a789-48e2-4acc-abce-2a8e352fccd1,irealb://Park%20Avenue%20Beat%20%28C-%29%3DSteiner%20Fred%3D%3DPop%2012-8%3DC-%3D%3D1r34LbKcu7C%207%5E-4C-%5E7%20QyX%7CrQyXZL31bb97G%207hDZLA/6-C%20%5D%5B*AC4Ti*%5B7G%207hZDh7%206-C%207%5E-CA*%7B%5D%20QXy%7CrQyXZL31b9b7G/ALZDLA/6-%7CrQyXLZXyQ9b7G%207hDZLA/6-%20C7%5E-CB*%5B%5D%20QyX%7Crb13LZ31b9b7hDsZ%5B*CC-1F%207%5E-CZL31b9bG7%207hDZLA/6-C%207%5E3%2311L%7D%20QyXyX7hD9b13%2C/6-C%7CQyX7%5E-Cl%3Es%5Dolos%5B%2006*%3C%7B%5DppAXyQ%7Cb7Gf%2C%7CrQyX9b13%209b7G%207hDZLA/6-%20C7%5E-CA*%7B%7D%20%3Ex4%3C%20b13LZb7G%7CQ7%5E-CC%5B*BC-yX%7CrQyXZL31b9bG7%207hDZLA/6-C%207%5EQ%20%5D%5B*%7D%20QyXpp%2C31ALZDhf%2C7hDsZL11%2331F7%20%5E-CZL31b9b7G%207G7b9b/6-C%20%7CflC-%5E7%2CUXyQZ%20%3DPop-Rock%2012/8%3D78%3D1
07843913-fdaa-4ba3-93a3-a47293cd3857,irealb://Picnic%3DDunning%20George%3D%3DMedium%20Swing%3DC%3D%3D1r34LbKcu7b7G%2074C69Xo%23C%207-D%7CQyX7D%7CyQX7-A%7CQyX7%5EC%7CQy7LZD-4TA*%5BDB*%5B%5DC%5E7XyZL7F%207%5EC2NZL%20QXyQyX%7DQyXsus7G%7CQC6XyQ1NZL9-E%207%5ELZC6%207D%7CQyX7-A%7CQyX7C%5EZL7G%207-DZL7o%23CXyQ%7CF7G%207-%23C%207-7%20G7s7D%7CQyX7-A%7CQyX7C%5E%7CQyX96CA*%5B%5D%20suXyQ%7CD-DZL7o7LZD-7%20G7b9LZC%5E7%20%20QLZG7susXyQ%5DY%5BQF7XyQ%7CC6XyQZ%20%3DJazz-Swing%20Two/Four%3D100%3D3
07199d36-9fe8-420c-9ef7-d34e5d5f8c41,irealb://Rebento%3DGil%20Gilberto%3D%3DSamba%3DD%3D2%3D1r34LbKcu79%5EDA*22%3C*7x%20ZL%20x%20ZL%20lcKQXy9%5ED%3E241%20mpb%20%204%20%20%7DY%7BTi*%7BYZL%5EGZC%237suZLA%2Fsus7DZLxZLZxLxZLxZLxZL%23G%2FsD9%2FALZLxZL%2C31A%2CD%5ELZB9%2331B(9%2331B%2C7-F%23s%5BY%7D%209AZL9EZL7)%7CE-7ZL6-G9%5EDl%3E9%2CB7%23QyXQyX15*%3C%7C%2CA%2Fb7E%2C9E%7C)11%237B(11XyQ%20%EF%B8%B6%237%23F%7C%5EDZL%3E69XyQ6*%3C11%239%5EbE%3E%EF%B8%B6%20QXyQyXQyX15*%3CZL%3E%E2%99%A99XyQ%E2%99%A9*%3C11%237E%2C31Zx%20%5DY%239b7BZL7-%23FZLxLZ%5EGZL9DZL7-AB*%5B5LZsEL11%23931%5EGZ%235)%7CA%2F7BZLxZLsus9AZxLZL9%5EDl%7C%2C9b7A%2C9DLZxL7E(5%23QyXQyG-9LZ5*%3C9%5EDZL31AZL3b1BZL9BZL7-%23FZLx1XyQXZLxZL7BZL7Z%3C*696-GZL6GZLxZL9D*C%5BY%5D%205%237A%3E%E2%99%A9%20%20%E2%99%A9%20LZF%23-L%3E%EF%B8%B6%20%20AZL9E9LZA7BZL7-%23F1NZL7-GLZ%5EGZL7DZL9%5ED%7B%5D%207b9LZEZL9bB(11%23QXyQ%20%23F%7C)9b7A(9b7A%2CE7%7C%2C7B%2C7-%23Fs2NZL-7%2CB7yX%7D%2077%2311)%7CE9%2CA7b9%2C%7CF%23-7%2CB7%2C%7CBb13%2CA13%2C%7CfUlD%5E9%2311%20Z%20%3DBrazilian-Samba%3D142%3D1
078d87db-6359-4ee6-bdf3-dd1bc1af8c85,irealb://Repeats%20After%20Dal%20Segno%20al%20Coda=Example==Medium%20Swing=C==1r34LbKcu7D%3C%20lcGXyQK%7C%7D%20%2CQ%2C%20lcKQyXB%7C%7BQyXx%7CQyXAZL%20lcCXyQK42TS%5B%2ES%2E%20al%20Coda%3E%20%5DY%5BQDXyQKcl%20%20Z%20==0=2
07ced730-8702-4de0-aeb0-d321aac98da8,irealb://Ride%20The%20Wild%20Turkey%3DDarol%20Anger%201977%3D%3DBluegrass%3DA%3D9%3D1r34LbKcu7DZLE%20XyQ%7CGD%7CQyXG%7CQyXG%7CQyAX%7CQyXA%7CQyXG%7CQyXXyQ%7CAA44T%5ByXD%7CQXyQ%7CAyXG%7CQyXE%7CQyXG%7CyQXA%7CQyXAB*%7B%7CQyXQ%7CGXyAZLE%20ZLE%20FQ%7D%7C*C%7C%2CE%20%20D%7CQyX7E%7CQXy7E%7CQyX7D%7CQyX7DE%20FLZyXA%7CQE%20%20A%5D%20%3DPop-Bluegrass%3D300%3D5
07a871f2-eac9-47f8-8f66-8904ca8bb83f,irealb://S%C3%B3%20Dan%C3%A7o%20Samba%3DJobim%20Antonio-Carlos%3D%3DBossa%20Nova%3DC%3D%3D1r34LbKcu7%7CQyX64C6XyyX7G%7CQyX7-DZL%20clKQyX7D%7CQyX7F%7CQQ%7CN1C4T%7BA*QyX7%5E%7DXyQX7C%7CQyX7-G%5BB*%5D%20l%20cKQyX6C2NZL%20QyXyQ%7CFQyX7FQyX7DZA-7XF%7CQyX6C%5BA*%5D%20%20lKcQyX7G%7CQyX7D%7CQy7XyQ%7CL%20lcKKcl%20LZD-7XyQ%7CG7XyQ%7CUC6XyQ%7CF7%20%20%20Z%3DJazz-Bossa%20Nova%3D140%3D3
071f36c8-ad3c-4532-9627-af27203067ad,irealb://San%20Francisco%20Holiday%3DMonk%20Thelonious%3D%3DMedium%20Up%20Swing%3DEb%3D%3D1r34LbKcu7Es%7CQy44%3C*7BZL9b7C%20hGZL9bD7%20hA%3E051%20mpb%20%204b7%239XTA*%7BYyX%2CbB13b9%2CQyX9%237bBZL9b7Ch%20GZL9b7D%20hAl%7Cpp%7CN1E%2FbB%2C6bZL9b7QXyQXyXhClB*%5BY%5Dpp%2C2Bb%2CbB%2FEs2N%7CQyXQyQ%7CppFyXY%7DQD%20hAAb9LZ%20%20x%20ZL9b7F%20hCZLb97Fpp%7CQyXhCZL%20x%20%5DY%5B*7F%20hChGZL9Gh%20C7Al%7Cpp%2C9b31bB%2C6Ebs%7CQyX9%237bBZL9bh%20D7bZL9b7%20C7b9LZBb7%239XyQ%7CsBbsus%2FEb%2CB7%2FEb%2CppZ%20%3D%3D150%3D3
07d4bba3-5365-43b4-a71d-8649ccf3b429,irealb://Se%20Telefonando%3DNek%3D%3DRock%20Pop%3DC%3D%3D1r34LbKcu7QyXG%7C*66%20I*%5B%20QyX%5DQyXG%7CQyAX%7CQyX-B%3E2x%20ortnADXyQ%3C44T%5BG%7CQyX%7CDXyQG%7CQyX-B%7CQyX-%23FQ%7CyXA%7CQyXG%7CQyXD%7CXyQ%7CDQyXA%7C%20.surXyQ%7CErP%20%20QyX96*%3CQB*%5D%7CQyX7A%7CQyXA%7CQyXe%20choD%7CQyX%7CQyX-ima%20vXG%7CQyXD%3EG%20e%20D%20reanous%20non%20atloyQ%7CF%23rp%20aLX-B%7CQ%7C%3C*72%5B%20%20QyXQyX%5DQyXAQ%7CyXG%3EodnecserC%20*CDXyQyX-B%7CQyX--XyQ%7CX-bB%7CQyXB%7CQyX%23%5BFQyXD%7CQyXA%7CQyXGyQ%7CEb%23F%7CQycnimoC%23XyQ*%3CZLxZLB%7CQyX-b%7CBQyX-bE%7CQyX%23F%5B%5D74Ric%7CQyXB2x%20%23Cdal%20spoD17*%3CU%5DQyXA%7CyQX%23F%7CQyX%23C%3Eongeo%20il%20%20erai%3EC%23%2CB%2CA%20%5D%20%3D%3D0%3D0
0713220e-f385-4705-a121-31ba6dceb08e,irealb://Soldier%20Of%20Fortune%3DPurple%20Deep%3D%3DSlow%20Rock%3DE-%3D%3D1r34LbKcu7yX-B%7C-XyQ%7C%7CQyXD%7CQyX-ES%7B%5DyQX-E%7CQyXA%7CQyX-BE-XyQE44T%7CD%20-EZyQ%7CDXLD%20C%7CQyX-EZLA%20%7CGQyX-B%7CQyX-E%7CQyZG%20BLX-E%7CQQyXA%7CGLZT4%7CQyXA%7CQyX-E%7C%5D%20%20Q%20-EZL-B%20-AZLC4E-XyQ42TZLLG42TQ%7CGXyEQ%7C%7D%20%3EadoC%20la%20S..D%3C%20%20-E%7CQyXA%7CQ-%20DLZyX-E%7CZT44CLZA-%20B-LZE-XyQ%7CCXyQ%7CfB-7XyQ%7CEXyQZ%20%3D%3D0%3D0
07f2a656-9849-4c74-adf4-7a88c44ff5fd,irealb://Song%20Of%20Life%2C%20The%3DToriyama%20Yuji%3D%3DPop%20Ballad%3DC%3D%3D1r34LbKcu7yXF/G*63%E2%99%A9%EF%BC%9DZLC%20C/F%7CQyX9%5ECQ%7CyXC/-F%7CQyXC%3E29FXyQ%7C%3C44T%7BLE/C%20XyQ%7CAyXE/C%7CQyXF%7CQyX/EC%7CQyXFZLG/-A%20-Q%7CN1F7-E%7CQ%20-CZLCLZGX%20bAZLG/bE%20bEl%7Cb%2CB%2CsusbBs%20bA%7CQyBbsus%207-DZLA/FZLZF/AC%20-CZLsusbB%20bAQ%7CyXG/bEZLbA/bB%20-/BbLbB/-GZLE/C%20%7D%7CN2E/C%207-DZLE/C%20FLZE/C%207-DZLE/C%20FLZ%7CF%20susGZD/F%23XyQ%7CGsusXyQ%7CCXyQ%7CF/CXyQ%7CCXyQ%7CF/CXyQ%7CfUCXyQZ%20%3DLatin-Brazil:%20Bossa%20Electric%3D113%3D1
076f75ad-31c6-404f-8e85-a9a1aaae49a7,irealb://Studio%20Accordi%20Min7%20Per%20Tono%3DComposer%20Unknown%3D%3DMedium%20Swing%3DC%3D%3D1r34LbKcu7-%23DZLZD-7%2CL7-BZL7-%23AZL%2C7%23-GZL7-%23FZL7-EZLZC%23-7L7-C%7C7-DZL7LZG-7-bGZL7-bAZL7-BbZL7-C%5B%5D%207-AZL7LZE-7-FZL7LZDb-7LZB-7LZA-7%2CLZG-7LZF-7LZEb-7%20%7C%20%3D%3D0%3D0
072edd22-f639-4953-8129-f32b621f5bfa,irealb://Studio%20Triadi%20Sus2%20Per%20Tono%3DComposer%20Unknown%3D%3DMedium%20Swing%3DC%3D%3D1r34LbKcu7L2GZLD2%2CLZ%23DZL2%23CZL2BZL2A%23ZL2%23GZL2%23FZL2E2LZF2ZL2C%7CL2GZL%5BC2LZ2BZL2bDZL2DZL2ZEL2bGZL2bAZL2bBLZA2%2C%5D%202AZZF2LZEb2%20%7C%20%3D%3D0%3D0
07f6ac73-ef0d-4588-8888-ca88e0a67e2f,irealb://T%2dT%2dT%20%28Twelve%20Tone%20Tune%29=Evans%20Bill==Medium%20Up%20Swing=C==1r34LbKcu77%5ebGZG%2d%5e7%2cL%207D%207%2dAZL7%2dbE7%20%2dbBZL7%2dF%207%2dCZLZG%5e7L44T%7b%20bA%207%2d%20E%2d7LbB%207%2dFZL7%2dC%207%2dZGLQyXZL7%2dD%207%2dAZ%2d7LZA7%5eFZLo7LZAbo7XyQ%7d%20==0=0
07726ef1-2298-40e4-9ab5-15193ce969e5,irealb://Template%3DComposer%20Unknown%3D%3DPop%3DC%3D2%3D1r34LbKcu7ZLQyXyQLZXZLQyXZLQyXZLQy%7CXZLQyXZLQyXZLQyXyQLZX44T%7BZLQyXXyQLZZLQyXZLQyXZLQyZXLQyXZLQyXZLQyXXyQLZZLQyXLQyXZ%7CXyQLLQyXZLQyXZLQyXLZQyXZLQyXZLQyXZZXyQLZLQyXZXyQLZXyQLZXyQLZXyQLZXyQLZXyQLZXyQ%20%5D%20%3DPop-Rock%3D115%3D1
07575a1e-acbe-4c69-9ba4-4d8da0221445,irealb://That%20Warm%20Feeling%201%3DNestico%20Sammy%3D%3DBallad%3DG%3D%3D1r34LbKcu79bB%2017%20E-7ZL9F%207-CZL9%237E5%20%23-BZLobB%207-AZLG13%231%5EGA*%7BA%2031Gb9%20D7QyXQyX%7D%209%237D%20%2BZAL9%237E%207B1NZL9%23%20LZN231AZLFZLE/bo%20G/bEZL7-D%207%5ECZL9pGp%7CQyX7-DB*%5B%5D%20Bo%20C13BZL7-bB%207-%7CppBbE%207%5EGA*%5B%5D%209b7D9%20b7A%7CQyX7%5EbEZL9-7LZAQyX7-BZL%2CQ%235%20E7%209b31AZL9bB%20113%231GZL9F%207-CZL9%23D7%239%2C-BZLo7%20E7%239LZA%2B%20D7%239%20%5DXyQXyQ%20LZQC-7%20F9LZUG13%2311%28A%29XyQZ%20%3DJazz-Ballad%20Swing%3D60%3D3
070e8bfb-998f-49ea-930a-9a95ec660626,irealb://Time%20After%20Time%20(Tony%20Bennett%20-%201992)%3DJule%20Styne%20(Tony%20Bennett%20-%201992)%3D%3DBallad%3DC%3D0%3D1r34LbKcu7*%5BY%20%2044%3C*7X%5D%20f%2C9b31G%207-DQ%7CyXC%3E65~%20mpb%20%204yQXyQTi*%5BYD%7CQyX%20%20vocyX7-D%7CQyX%5EC%3E)yelerf(%20ylno%20onp%2FQ%7CE-747*%3CAet%20a%20LZE-7Y%5D%20f%20%206-F%7CQyX7%7CDQyX%2C9dda-A%7CQyX%5B%3C*749G%207-9As%201band%20%7CQyX11-EZL9b7Bh%20%23FZLG%2FC%20-A%3E)niBb7%231(%20opm%2C9b31%2C%7ClD-yXsus31GZL9ddaD-%207-DZL7-D%209ddaQ%7CppG9b7A%2C%5ECZL%2CBSC69-DZL7-A%20%3E).rtsin%20%3As.d%20no(%2047*%3C7%20G13*%5BY%5D%20l%7C%2C9bLZD-731Cs%20sus9C%7CQyX%5E9Cl%7C%2C9b7G%2C31Gs%20b9%2CC7%2C7-A%20X%5EC%3E)Q%7CBb1v%20%3As.d%20no(%2047*%5B%3CY%5D%20Q%2C31bB%20sus3oc%20inyX9%5EF9b7G%20h%20sF-7-A%209%5EC%7CQyX9DZ9L-A%209%5ECl%7C%2C9bB%2C7LZD-9%23F%7CQy-As%206%20A-7%2C%5D%209b31G%20sus9G%3EdaoC%20la%20.S.D%20%3CZLYY%5BQC9%5ECZL(%2096*7%2FG%2C%7C%23F%2F9DZLsus31D%2011-AZL6-F%20%23F%2F9DlXyQ%7C%3C-A%2C9%5EA%7CQyXy)%3EC%5Ef%2C9b31G%207-DZL9A-%20%3Ekaerb%20%2030*%3C9LZEb6leerfb%5EXyQ%7CfUCXyQZ%20%3DJazz-Ballad%20Swing%3D56%3D1
07074d7b-36c3-4479-915b-85282e505f6e,irealb://Walk%20Right%20Back%20(4%20Bar%20Lead-In)%3DCurtis%20Sonny%3D%3DShuffle%3DC%3D0%3D1r34LbKcu7x%20ZL%20%20C6LZlcKQyX%2CCZL6C%207C%5EZL6C%20CZL6C%207%5EC%20LZ%20xC44T%5BZL%20x%20%20LZ%20xZL%20x%20ZL%20x%20ZL%20xZ%20L%20lcKQyX%2C7GZL%20%20x%20LZx%20ZL%20%20lcKQC%20C6LZL%20x%20ZL%20x%20ZL%20lKcQyX%2CCZL6C%207%5ECZC7%2CXyZL%20x%20L%207G%2CyQ%7CF6X%2C7A%7CQyX%2CC%7CQyX7%2Co%23F%7CQyX%2CF%7CQyX%2CyQ%7CG7X%2CFZLZ%20x%20%20%5D%7C%20%3DPop-Shuffle%3D134%3D3
079494d7-24f7-4ab7-a584-04b6496163d5,irealb://What%20A%20Wonderful%20World%3DLouis%3D%3DMedium%20Swing%3DF%3D%3D1r34LbKcu7F%20-GZIntroBZL-A%20%2CFA*%7B%20%20QXyQyX%7CQyXx%7CQyXF%3Eb%20A-L%3C44T%7C%20F2NZD-LZ%7CQyX%7D%207C%20bBZLB%201FNZL7C%20-G%7CQyX%23DXyQ%20L%207AZLZL%23D%20FLZ*B%20-DZL-A%20-D%7CQyX%7CFQyXC%7CQyXC%7CQyXCALZD-%20FZLFZL7C%20LZ*CFX%23D%7CZL-D%207AZLF-%20GZL-A%20bBZL-A%20%2CyQ%7CG-7C%20-GF%20D%23LZDXyQ%7CG-XyQ%7CCXyQ%7CCXyQ%7CFXyQ%5D%20%3DJazz-Ballad%20Even%3D77%3D3
0721fcc1-d4b0-4370-84c9-c3cedbb4f4c7,"irealb://Words%20Can%27t%20Describe%20%28Sarah%20Vaughan%29=Tennyson%20Bill==Jazz%2DBallad%20Swing=Db==1r34LbKcu7ElA%2A{4Db%5E7Bs%20%207%2DFZL%20x%20ZLx%20%20ZL%20%3E%2907%2896%2A%3C%20b7,]Y4Ti%2A[FZL7bAb7LZyX7%2DbEZL7%2DE%207%2DZFL7bG%207%5EbDZL%20x%20Q%7Cp%20A%20,7%2DbZL%20lc%7CBb%2D7%5EbDZL7bA%207obE%7CyQX7%2DbEB%2A[]%207bB%207XyQKQyX7%2D%20ZL7bQ%7CC%2D7E%7CQyX7%2DbEl%7C,%5Eb%20B7%2DC,7%5EbBsZL7F%20b%2D7%20AyX7%2DCyX7bBb7XyQ%2DFZL7bA%207%2DbE%7CQXy7%2DbEZL7bB%207%2DF%7C7XyQ%7CAZL%20xlZL,77%20%20sGoF,7bB%7C,+F,oFs7%20F1N%7CQyX7Bl%7C,%5Eb7,lBb%2DbE%7CQ,%2DbA,XyQ%7CEbA%7C,7bA,%5EbAs%20,%5E7bDl%7C,7bAs%20%207%2Db7,Ab%5E,7%2DbEL7bA%20XyQXyQyX7%2DbE%7CQyX7bBLZ7bD%207oFl2NZL%20Q%7CEb%2D7},7bBDZL7b%20%20sG7EZL%20xf%20%3E%2Etir%20%2009%2A%3C%7CQyX,7%2DbEl%7C,b%2D7%20A7%5EbDZb%5E7XyQKcl%20U%20Z==0=1"
07b4aba3-d796-4620-8296-70f388ebf6e1,irealb://Yahweh%20pt%201%3DHoughton%20Israel%3D%3DGospel%3DG%3D%3D1r34LbKcu7%7C%2C-A%204sB-%20%7C%2C%23G%2FE%20QyXbE%2F6C-46T%7CQyXDZL%20CZL%7CT34%204Ti*%5B%2C7-A%2C44D%20L%7CDQyX%7C7-A%2C7-B%20%7C%20GQyXZL%20bE%2F6-CZ%20%20B-7T%7CpppQyX%7C7%2CC%2CG%5D%7C7-A%2C7-B%20%20%7CD%2FGyQX%7C7-A%2C7-B%20%20A*%7BXyQB-7-B%20%7C7-A%207G%2FD%7C%20%5EC%20D%20%7C-EQyX%7C7oD%23%20%20%3EadoC%20oTQyX%3C7%7C%20B-QyX%7CCA%20%23G%2Fp%7CQB%2BD%20%7C9%5ECQyX%7C7-BQXy%7C7-AQyXB*%5B%5DE%20%20%20E%7C%20Eppp%7C%2CL%2C7-AQB-7%7C%20%7CD%2FGQyX%7C7-A%2C7B-%20%20%7CG%20D%20%7C9%5ECQyX%20B-7%2CyX%7C7-%2C7-B%20-7%2CC%5E7-B%20%20%7CD%2FGQyX%7C9F%5E%2C7-B%20G44T%7C%2CD%2C7%2CA-7%7CB43TZC%5E7%2CG%7D%7CQXyQB%2B%2C%7Cpppp%7Cpppp%5B%20%3DPop-Soul%3D95%3D3
0795c08f-f4fc-4228-b054-b0bb7f5b1283,irealbook://1-Flat3%20Jump%20%28Cycle%20Of%204Ths%29%3DJohannes%20Shaun%3DMedium%20Swing%3DC%3Dn%3D%7B*AT44C%5E7%20%20%20%7CEb-7%20Ab7%20%7CD-7%20G7%20%7CG-7%20C7%20%7CF%5E7%20%20%20%7CAb-7%20Db7%20%7CG-7%20C7%20%7CC-7%20F7%20%7CBb%5E7%20%20%20%7CDb-7%20Gb7%20%7CC-7%20F7%20%7CF-7%20Bb7%20%7CEb%5E7%20%20%20%7CGb-7%20Cb7%20%7CF-7%20Bb7%20%7CBb-7%20Eb7%20%7CAb%5E7%20%20%20%7CB-7%20E7%20%7CBb-7%20Eb7%20%7CEb-7%20Ab7%20%7CDb%5E7%20%20%20%7CE-7%20A7%20%7CEb-7%20Ab7%20%7CAb-7%20Db7%20%5D%7C*BGb%5E7%20%20%20%7CA-7%20D7%20%7CAb-7%20Db7%20%7CDb-7%20Gb%20%7CB%5E7%20%20%20%7CD-7%20G7%20%7CC%23-7%20F%237%20%7CF%23-7%20B7%20%7CE%5E7%20%20%20%7CG-7%20C7%20%7CF%23-7%20B7%20%7CB-7%20E7%20%7CA%5E7%20%20%20%7CC-7%20F7%20%7CB-7%20E7%20%7CE-7%20A7%20%7CD%5E7%20%20%20%7CF-7%20Bb7%20%7CE-7%20A7%20%7CA-7%20D7%20%7CG%5E7%20%20%20%7CBb-7%20Eb7%20%7CA-7%20D7%20%7CD-7%20G7%20%7D%20
07f6dde1-8cd4-4239-bc1a-7fc98232e93a,irealbook://Morning%20Dance%3DBeckenstein%20Jay%3DFunk%3DF%3Dn%3D%7B*AT44F%5E7%20%20%20%7CF/A%20%20%20%7CBb-7%20%20%20%7CEb7%20%20%20%7CF%5E7%20%20%20%7CF/A%20%20%20%7CBb%5E7%20%20%20%7CC9sus%20%20%20%7CF%5E7%20%20%20%7CF/A%20%20%20%7CBb-7%20%20%20%7CEb7%20%20%20%7CN1D-7%20%20%20%7CG7sus%20G7%20%7CC13sus%20%20%20%7C%20x%20%20%7D%5BN2D-7%20%20%20%7CG7%20%20%20%7CC13sus%20%20%20%7C%20x%20%20%5D%5B*BEb%5E9%2311%20%20%20%7CD-7%20%20%20%7CG-7%20C9sus%20%7CF%5E7%20%20%20%7CEh7%20Eb7b5%20%7CD-7%20%20%20%7CG7sus%20G7%20%7CC9sus%20C7%20%7CEb%5E9%2311%20%20%20%7CD-7%20%20%20%7CG-7%20C9sus%20%7CF%5E7%20%20%20%7CEh7%20Eb7b5%20%7CD-7%20G7%2CQ%20%7CC9sus%20%20%20%7C%20x%20%20%7C%20x%20%20%7C%20x%20%3CAfter%20solos%20D.C.%20al%20coda%3E%20%5D%20%20%20%20%20%20%20%20%5BQC9sus%20%20%20%7C%20x%20%20%7CC%239sus%20%20%20%7C%20x%20%20%7C%7BF%23%5E7%20%20%20%7CF%23/A%23%20%20%20%7CB-7%20%20%20%7CE7%20%20%20%7D
07c7a537-fbab-4191-bcd8-6a99826f3f5f,irealbook://American%20Idiot%3DDay%20Green%3DRock%3DAb%3Dn%3DYY%7B*A%3C*74%20%20%20%20%20%20ALL%20POWER%20CHORDS%3EG%23%20C%23%20%7CF%23%2CC%23%2CG%23%20%7D%20%20%20%20%20%20%20%20YY%5B*BC%23%20%20%20%7C%20%20%20%20%7CG%23%20%20%20%7C%20%20%20%20%7CD%23%20%20%20%7C%20%20%20%20%7CG%23%20%20%20%7C%20%20%20%20%7CC%23%20%20%20%7C%20%20%20%20%7CG%23%20%20%20%7C%20%20%20%20%7CD%23%20%20%20%5D
070d1ee7-ce00-4bff-bbb2-152ba7948b0c,irealbook://Don't%20Stop%20Believing%3DJourney%3DRock%3DE%3Dn%3DY%7BT44E%20%20%20%7CB%20%20%20%7CC%23-%20%20%20%7CA%20%20%20%7CE%20%20%20%7CB%20%20%20%7CG%23-%20%20%20%7CA%20%20%20%7DYY%7B*BA%20%20%20%7CA%20%20%20%7CE%20%20%20%7CE%20%20%3C*72X3%3E%20%7D%7CA%20%20%20%7CA%20%20%20%7CB%20E%20%7CB%2CE%2CA%20Z%3CPiano%20-%20age%3E%20%20%20%20%20%20%20%20%20%20%20%20%20%20%20%20%3CSTART%20-%20KEYS%20AND%20BASS....%22JUST%20A%20SMALL...%22%3E%20%20%20%20%20%20%20%20%20%20%20%20%20%20%20%20%3CEND%20-%20RING%20OUT%20E%20ON%20QUE%20AND%20LET%20KEYS%20PLAY%3E
072d6d27-9f24-4db0-8219-793dc8b37349,irealbook://Fields%20Of%20Gold%3DSting%3DPop%3DD%3Dn%3D%7B*AT44B-%20%20%20%7CG%20%20%20%7CG%20%20%20%7CD%20%20%20%7CB-%20%20%20%7CG%20D%20%7CsG/B%20A7%20%7ClB-%20%20%20%7C%7C%20%20G%20%7CD%20%20%20%7C%20%20%20%20%5D%20%20%20%20%5BB-7%20%20%20%7CG%20%20%20%7CG%20%20%20%7CD%20%20%20%7CB-7%20%20%20%7CG%20D%20%7CsG/B%20A7%20%7CN1lD%20%20%20%7D%7CN2D%20%20%20%5D%20%20%20%20%20%20%20%20%20%20%20%20Y%5B*BG%5E7%20%20%20%7CD%20%20%20%7CG%5E7%20%20%20%7CD%20%20%20%7CG%5E7%20%20%20%7CD%20%20%20%7CG/B%20A7%20%7CD%20%20%20%7CG/B%20A7%20%7CD%20%20%20%7CD%20%20%20%5D
075346de-bdfd-4a49-b3b1-82ff94458212,irealbook://Walk%20This%20Way%3DAerosmith%3DRock%3DC%3Dn%3DY%5B*iT44%3C*34%20%20%20%20%20%20%20DRUM%20INTRO%3E%20%20%20%20%20%20%20%20%7C%20%20%20%20%20%20%20%20ZY%5B*A%3C*32%20%20%20%20%20Riff%3E%20%28A%29%20%28Bb%29%20%28B*....*%29%20%7C%20x%20%20%7C%20x%20%20%7C%20x%20%20ZYY%5B*B%3C*34%20%20%20%20%20%20Popping%20%20lines%20around%20%20%20C-%20Pent%3EsC%3C*72Verse%3E%20%20%20%7C%20%20%20%20%7C%20%20%20%20%7C%20%20%20%20%7C%20%20%20%20%7C%20%20%20%20%7C%20%20%20%20%7C%20%20%20%20%5DYY%5B*C%3C*74Chorus%3EsC*%20%20%20%20%20%20%20*%2CsC6%2CsCb7%2CsC6%2C%7CF%2CF6%2CF*b7*%2CF6%2C%7CC%2CC6%2CCb7%2CC6%2C%7CF%2CF6%2CF*b7*%2CF6Z%3C005%20geet....%20maybe%20dual%20it%20up...%20%3F%3E%20%20%20%20%20%20%20%20%20%20%20%20%20%20%20%20%3CSTART%20-%20DRUMS%3E%20%20%20%20%20%20%20%20%20%20%20%20%20%20%20%20%3CEND%20-%20FINISH%20ON%20THE%20RIFF%20%28E7SHARP5%29%3E
071a19fc-4662-4979-b91b-049c61e71483,irealbook://I%20KNEW%20YOU%20WERE%20TROUBLE%20-%20bass%2C%20piano%3DSwift%20Taylor%3DPop%3DC%23-%3Dn%3DY%7BT44%3C*74Verse%3EF%23%20%7Cx%20%7CC%23%20%7Cx%20%7CD%23*m*%20%7Cx%20%7CB%20%7Cx%3C*123x%3E%20%7DY%7B%3C*74Pre-chorus%3ED%23*m*%20%7CB%20%7CC%23%20%7CF%23%2C%3C*08%20%20%20%20%203x%3EC%23%2C%20%7DD%23*m*%20%7CB%2C%7CC%23%20%7C%3C*16%20stop%3E%20%20%5DY%7B%3C*74Chorus%3ED%23*m*%20%7CB%20%7CC%23%20%7CF%23%2CC%23%2C%7D%20%20%20%20%20%20%20%20%3C*36Verse%202%2C%20P-Chorus%2C%20Chorus%3E%20%20%20%20%20%20%20%20%20%20%20%20%20%20%20%20Y%5B%3C*74Bridge%3EB%20%7Cx%20%7CD%23*m*%20%7Cx%20%7CB%20%7Cx%20%7CC%23%20%7Cx%20%7CC%23%20%5D%20%20%20%20%20%20%20%20%20%20%20%20%20%20%3C*42Chorus%3E
071cd5e1-cc64-49ab-b9bb-78b83b9e8a79,irealbook://Yesterday's%20Kisses%20mm116%3DSharp-original%20Bill%3DMedium%20Swing%3DAb%3Dn%3D%5BT44%3C*68Intro%3EAb%20%20%20%7CBb-7%20Eb7%20%7CAb%20%20%20%7CBb-7%20Eb7%20%7CAb%20%20%20%7CBb-7%20Eb7%20%7CAb%20Eb7%20%7CAb%2Cn%20%20%5D%7B*ABb-7%20%20%20%7CEb7%20%20%20%7CAb%20%20%20%7CDb%20%20%20%7CAb%20%20%20%7CBb7%20%20%20%7CEb7%20%20%20%7CAb%20%20%20%7CBb-7%20%20%20%7CEb7%20%20%20%7CAb%20%20%20%7CDb%20%20%20%7CAb%20%20%20%7CEb7%20%20%20%7CAb%20%20%20%7CAb%2Cn%20%20%7CBb-7%20%20%20%7CEb7%20%20%20%7CAb%20%20%20%7CDb%20%20%20%7CAb%20%20%20%7CBb7%20%20%20%7CEb7%20%20%20%7CAb%20%20%20%7CBb-7%20%20%20%7CEb7%20%20%20%7CAb%20%20%20%7CDb%20%20%20%7CAb%20%20%20%7CEb7%20%20%20%7CAb%20%20%20%7CAb%2Cn%20%3C3x%3E%20%7D%5BBb-7%20%20%20%7CEb7%20%20%20%7CBb-7%20%20%20%7CBb-7%20%20%2CU%2C%20Z
070d6fd9-0e9e-4e0f-8596-8fe61ab02569,irealbook://Yes%3DShekinah%20Glory%3DWorship%3DGb%3Dn%3D%7B*AT44Eb-7%20%20%20%20%20%20%20%7CB%5E7%20%20%20%20Gb7sus%20%20%7CB%5E7%20%20%20B%20Db%20%5BN1Eb-7%20%20%20Fh7%20Bb7alt%20%7D%5BN2Eb-7%20%20%20Db7sus%20%20%20%5D%7B*BGb%20%20%20Db/F%20Bb/D%20%7CEb-7%20%20Db%20Gb7sus%20%20%7CB%5E7%20%20%20Gb/Bb%20Eb-7%20%7CAb-7%20Gb%20Db/F%20Ab-7%20%28Db7%29%7D%7C%20%20%20%20%20%20%20%20%7B*CB%5E7%20%20%20%20%20Gb7sus%20%7CB%5E7%20%20%20Eb-7%20Db%20%7D
073a8d22-f806-4780-a902-c06de85fe3eb,irealbook://E%20Menina%3DMendes%20Sergio%3DBrazilian%3DE%3Dn%3D%7B*AT44E69%20%20%20%7Cx%20%20%20%7CF%23-9%20%20%20%7Cx%20%20%20%7CF%23-9%20%20%20%7CB11%20%20%20%7CN1E69%20%20%20%7Cx%20%20%20%7D%20%20%20%20%20%20%20%20%7CN2E69%20%20%20%7CE69%2Cn%20%20%5D%5B*BAadd9%20%20%20%7Cx%20%20%20%7CG%23-7%20%20%20%7CG-9%20%20%20%7CF%23-7%20%20%20%7CB13sus%20B13%20%7CE9sus%20%20%20%7CE13%20E7%235%20%5D%5B*AAadd9%20%20%20%7Cx%20%20%20%7CG%23-7%20%20%20%7Cx%20%20%20%7CC13%20%20%20%7CBb13%20%20%20%7CB9sus%20%20%20%7CB9sus%2Cn%20%20Z
0782eedf-7c6e-476e-b946-1c90769c9e2d,irealbook://Ilha%2C%20A%3Darr:CarlL%20Djavan%3DPop%3DC%3Dn%3D%7B*iT44%3C%20%3EA-9%20%7CF%5E7%20%7CBh7%20%7CE7b9%20%5BA-9%20%7CF%5E7%20%7CBh7%20%7CE7b9%20%7D%7BSA-9%20%7CF%5E7%20%7CBh7%20%7CE7b9%20%5BA-9%20%7CD-9%20G13%20%7CG-9%20%7CA7b9b13%20A7%20%7CD9%20%7CD-9%20G7%2311%20%7CC%5E9%20C%5E%20%7CF%5E%20F6%20%7CBh7%20%7CE7b9%20%7CN1A-9%20F%5E7%20%7CBh7%20E7b9%20%7D%7CN2A-9%20Eb9%20%7CD-9%20G13%20%7CC69%20F7%20%7CBh7%20E7b9%20%7CA-9%20Eb9%20%7CD-9%20G13%20%7CC69%20F7%20%7CBh7%20E7b9%20%7CN3A-9%20%7CF%5E7%20%7CBh7%20%7CE7b9%20%5BA-9%20%7CF%5E7%20%7CBh7%20%7CE7b9%20%7DN0A-9%20Eb9%20%7CD-9%20G13%20%7CC69%20F7%20%7CBh7%20E7b9%20%7CA-9%20Eb9%20%7CD-9%20G13%20%7CC69%20F7%20%7CBh7%20E7b9%20%7CA-9%20Ab-9%20G-9%20A7b9b13%20%7CD-9%20G13%20%7CC69%20F7%20%7CBh7%20E7b9%20%7CA-9%20Ab-9%20G-9%20A7b9b13%20%7CD-9%20G13%20%7CC69%20F7%20%7CBh7%20E7b9%20%7CA-9%20Ab-9%20G-9%20A7b9b13%20%7C%20
073a33f7-3774-4fc6-b36a-6e4841946faf,irealbook://Little%20Rock%20Getaway%3DSullivan%20Joe%3DMedium%20Swing%3DBb%3Dn%3D%7B*AT44Bb%20D7%20%7CG-%20Bb7%20%7CEb%20G7%20%7CC-%20F%237%2CC%23%2C%7CBb%2CD%2CBo%20%7CC-7%20F7%20%7CN1Bb%20G-7%20%7CC-7%20F7%20%7D%20%20%20%20%20%20%20%20%7CN2Bb%20Eb7%20%7CBb%20Bb7%20%5DY%5B*BEb%20Bb7%20%7CEb%20Eb-%20%7CBb%20C-7%20%7CBb%20Bb7%20%7CEb%20Bb7%20%7CEb7%20C7%235%20%7CF7%20%20%20%7CC%20F7%20%5DY%5B*ABb%20D7%20%7CG-%20Bb7%20%7CEb%20G7%20%7CC-%20F%237%2CC%23%2C%7CBb%2CD%2CBo%2C%20%7CC-7%20F7%20%7CBb%20Eb7%20%7CBb%20F7%20Z%20
07c62a62-bb8c-4de4-b55e-b37e668346e3,irealbook://Love%20Me%20Tender%3DPresley%20Elvis%3DMedium%20Swing%3DC%3Dn%3D%5B*iT44G%2CD-%2CE7%20%7CA7%20%20%20%7CD7%20%20%20%7CG%20D7%20%5D%5B*AG%20%20%20%7CA7%20%20%20%7CD7%20%20%20%7CG%20%20%20%7CG%20%20%20%7CA7%20%20%20%7CD7%20%20%20%7CG%20%20%20%5D%5B*BG%20B7%20%7CE-7%20G7%20%7CC%5E7%20C-%20%7CG%20%20%20%7CG%2CD-%2CE7%20%7CA7%20%20%20%7CD7%20%20%20%7CG%20%20%20Z%20
077036bb-828a-442e-9dbb-b70792b03d41,irealbook://Roxanne%3DSting%3DPop%3DEb%3Dn%3D%7B*AT44C*m*%20%20%20%7CG*m*/Bb%20%20%20%7CAb*maj7*%20%20%20%7CG*m*%20%20%20%7CF*m*%20%20%20%7CBbsus%20%20%20%7CN1Csus%20%20%20%7CCsus%20%20%20%7D%20%20%20%20%20%20%20%20%7CN2Csus%20%20%20%7CCsus%20%20%20%5D%5B*BF*m*%20%20%20%7CBbsus%20%20%20%7CCsus%20%20%20%7CCsus%20%20%20%7CF*m*%20%20%20%7CBbsus%20%20%20%7CCsus%20%20%20%7CC7sus%20F*m*%20%5D%5B*CQEb%20%20%20%7CEb%20Ab%2C%20%7CBb%20%20%20%7CBb%20%20%20%7CC*m*%20Bb/F%20%7CEb%20Bb/F%20%7CBb/F%20Ab%20%7CBb%20%20%20%7CBb%20%7CCsus%20%7CCsus%20%7CCsus%20%7CC*m*%20%7CC*m*/Bb%20%7CC*m*%20%7CC*m*/Bb%20Z%7BQEb%20%20%20%7CEb%20Ab%20%7CBb%20%7CBb%20%7CC*m*%20%7CC*m*%2CBb/F%7D
073a4661-57ed-4dc7-9edd-fbd768d880ff,irealbook://Minuano%206%208%3DMetheny%20Pat%3DWaltz%3DC-%3Dn%3D%7B*AT34C-9%20%20%20%7CG-9%20%20%20%7CC-9%20%20%20%7CG-9%20%20%20%7CC-9%20%20%20%7CG-9%20%20%20%7CGb%5E%20%20%20%7CAb%5E%20%20%20%7CGb%5E%20%20%20%7Cx%20%20%20%7D*BEb-7%20%20%20%7CF-7%20%20%20%7CBbsus%20%20%20%7CBb%20%20%20%7CEb-7%20%20%20%7CF-7%20%20%20%7CBb-7%20%20%20%7CBb-6%20%20%20%5BEb-7%20%20%20%7CF-7%20%20%20%7CBb-7%20%20%20%7CGh7%20%20%20%7CEb-7%20%20%20%7CF-7%20%20%20%7CBb%20%20%20%7CBb%20%20%20Z%20
07d370f3-8368-4ca1-aef5-349b9246fcf0,irealbook://Neither%20One%20Of%20Us%3DKnight%20Gladys%3DSoul%20Ballad%3DF%3Dn%3D%7B*iT44sF%5E9%20%7CC11%20%7D%7B*AF%5E9%20%7Cx%20%7CG-7%20%7CsG-7%20%20sBb-/Db%2C%7CsC11%20%7Cx%20%7CF%5E9%20%7CsF%5E9%20C-7%2CF7%2C%5DsBb%5E7%20%7CA-7%20%7CBb%5E7%20%7CBb-6%20%7CC6%20F%5E9%20%7CG-7%20C11%20%7CF%5E9%20%7CN1C11%20%7D%7CN2C-7%20F7%20%7CY%7C*BBb%5E7%20%7Cx%20%7CF%5E7%20%7Cx%20%7CG-7%20%7CC11%20%7CF%5E7%20%7CC-7%2CF7%2C%7C%5BBb%5E7%20%7CBb%5E7%20%7CA-7%20%7Cx%20%7CD-%20%3C*27%20%20%20aug%3EDb%20%7CF/C%2C%20B-7b5%20%7CC11%20%7Cx%20%5D%20%20%20%20%20%20%20%20%20%20%20%20Y%7B*AF%5E9%20%7Cx%20%7CG-7%20%7CsG-7%20%20sBb-/Db%2C%7CsC11%20%7Cx%20%7CF%5E9%20%7CsF%5E9%20C-7%2CF7%2C%5DsBb%5E7%20%7CA-7%20%7CBb%5E7%20%7CBb-6%20%7CC6%20F%5E9%20%7CG-7%20C11%20%7CA-7%20%7CD7sus%20D7%20%7CG-7%20%7CC11%20%7CF%5E9%20%7CBb-%20%7C%2CU%2CF%20Z%7C%20
07d1b38a-d2c2-4750-9bb5-28201f366ba0,irealbook://Nothing%20Rhymed%3DGilbert%20o'Sullivan%3DBallad%3DC-%3D44%3D%5B*iC-%20%20%20%7CG/B%20%20%20%7CC-/Bb%20%20%20%7CAb%20Eb%20%5D%7B*AC-%20%20%20%7CG/B%20%20%20%7CC-/Bb%20%20%20%7CAb%20%20%20%7CBb%20Bb7%20%7CBb7%20Eb%20%7CF-7%20%20%20%7CDb%2CEb%2C%C3%B7%C3%B7%7D%5B*BBb-7%20%20%20%7Cx%20%20%20%7CEb%20%20%20%7CAb%20%20%20%7CAb-7%20%20%20%7CEb%20%20%20%7CF-%20%20%20%7CDb%20Eb%20%7CEb%20%20%20%7C%20%20%20%20%20%20%20%20%20%20%20%20%7C*CC-%20%20%20%7CG/B%20%20%20%7CC-/Bb%20%20%20%7CAb%20%20%20%7CBb%20%20%20%7CBb7%20Eb%20%7CF-%20%20%20%7CBb%20%20%20%7CG%20%20%20%7CC-%20%20%20%7CF-%20%20%20%7CBbsus%20%20%20%7CEb%20%20%20%7C%20%20%20%20%5D%20
07237737-101e-48fa-8724-4e5d2c198b93,irealbook://SCALES%20and%20PATTERNS%20C%3DComposer%20Unknown%3DMedium%20Swing%3DBb%3Dn%3D%5B*AT44Bb%5E%20%20%20%7CBb*m7*%20%20%20%7CBb-%5E7%20%20%20%7CEb7%20Ab7%20%7D
07f657bd-e438-478b-b1dd-879ac611f92f,irealbook://Shut%20Up%20%20Drive%3DRihanna%3DMedium%20Swing%3DE%3Dn%3D%5B*AT44E%20B%20%7CC%23%20%20%20%7CF%23%20B%20%7CC%23%20%20%20%5D%3C013%20Jupiter%20Lead%20Upper%20Voice%2C%20Octave%20C%20sharp%3E%20%20%20%20%20%20%20%20%20%20%20%20%20%20%20%20%3C012%20Saw%20Lower%20Voice%3E%20%20%20%20%20%20%20%20%20%20%20%20%20%20%20%20%3C132%20Bass%20Hit.....%20AWESOME!!!%3E%20
075b013f-471c-4aeb-9459-e6c5c13b59ef,irealbook://Tin%20Tin%20Deo.%3DGillespie%20Dizzy%3DLatin%3DF-%3Dn%3D%7B*iT44F-9%20%20%20%7CC7%239%2C%20%20%20%7CF-9%2C%20%20%20%7CC7%239%2C%20%20%20%7D%7B*AF-6%2C%20Eb-6%2C%20%7CDb%5E9%2C%20C7b9%2C%20%7CF-6%2C%20D7alt%2C%20%7CGh7%2C%20Gb13%2C%20%5D%7CF-6%2C%20Eb-6%20%7CDb%5E9%2C%20C7b9%20%7CF-9%2C%20Bb9%20%7CEb9%2C%20D7b5%20%7C%7CC7%239%2C%20%20%20%7C%20x%20%20%7CF-6%2C%20%20%20%7C%20x%20%20%7C%7CC7%239%2C%20%20%20%7C%20x%20%20%7CF-6%2C%20%20%20%7C%20x%20%20%7D%5B*BBb-9%2C%20%20%20%7CBb-9%2C%20Eb7b9%2C%20%7CAb%5E7%2C%20Db9%2311%20%7CC-7%2C%20F7b9%20%7C%7CBb-9%2C%20%20%20%7CBb-9%2C%20E7b9%20%7CAb%5E9%2C%20Dh%20%7CG7b9%2C%20Dh%20%7CC7%239%2C%20%20%20%7C%20x%20%20%7CF-6%2C%20%20%20%7C%20x%20%20%7CC7%239%20%20%20%7C%20x%20%20%7CF-6%20%20%20%7C%20x%20%20%5D%20
0780a668-6874-4a71-8cce-875e9d5b4c28,irealbook://Travessia%3DNascimento%20Milton%3DBossa%20Nova%3DA%3Dn%3D%7B*iT44A%20A/E%20%7CB-7/E%20%20%20%7CA%20A/E%20%7CB-7/E%20%20%20%7D%5B*AA%5E7%20%20%20%7CD%23-7b5%20D6%20%7CA%5E7%20B-7/E%20%7CA%5E7%20B-7/E%20%7C%7CA%5E7%20G%23-7%20%7CF%23-7%20B-7%20%7CE-7%20A7%20%7CD%5E7%20D%5E7/A%20%7CD%5E7%20G7%20%7CG%23-7%20C%237%20%7CF%23-7%20F%23-7/E%20%7CD%23-7b5%20D%5E7%20%7CA%5E7%20B-7/A%20%7CA%5E7%20F%23-7%20%7CB-7%20E7%20%5D%7C%20%20%20%20%5B*BA%20A/E%20%7CB-7/E%20%20%20%7CA%20A/E%20%7CB-7/E%20%20%20%5D%7B*CA%5E7%20%20%20%7CE-7/A%20A7%20%7CF%23-7%20%20%20%7CC%23-7%20%20%20%7CD%5E7%20%20%20%7CE7/D%20%20%20%7CN1F%23-7%20B-7%20%7CE7%20%20%20%7DN2B-7%20E7%2C%20Z%20%20%20%20%7B*DA%20A/E%20%7CB-7/E%20%20U%20%7D%20
075d7062-8707-49c6-8565-05ef72c46a6d,irealbook://Twinkle%20Twinkle=Traditional=Fiddle%20Tune=G=n=%5b%2aAT22G%20%20%20%7cG%20%20%20%7cC%20%20%20%7cG%20%20%20%7cG%20%20%20%7cG%20%20%20%7cA%20%20%20%7cD%20%20%20%5dY%5b%2aBG%20%20%20%7cG%20%20%20%7cC%20%20%20%7cG%20%20%20%7cG%20%20%20%7cG%20%20%20%7cD%20%20%20%7cG%20%20%20Z%20
079b1c84-97a1-45c4-822d-73a1477e84e6,irealbook://Wonderful%20World%3DCooke%20Sam%3DPop%3DG%3Dn%3D%7B*iG%20%20%20%7CE-%20%20%20%7CG%20%20%20%7CE-%20%20%20%7DY%7B*AG%20%20%20%7CE-%20%20%20%7CC%20%20%20%7CD%20%20%20%7DY%5B*BG%20%20%20%7CC%20%20%20%7CG%20%20%20%7CC%20%20%20%7CD%20%20%20%7CG%20%20%20%5D%20%20%20%20%20%20%20%20Y%5B*CD%20%20%20%7CG%20%20%20%7CD%20%20%20%7CG%20%20%20%7CA7%20%20%20%7CG%20%20%20%7CA7%20%20%20%7CD7%20%20%20%5D%20
