id,url
1ab44240-78e9-4838-9bd3-e6bc6731b37c,irealb://Blue%20And%20Broken%20Hearted=1922%20Leslie%2DHandman%2DClarke==Medium%20Swing=Bb==1r34LbKcu7%2BF%207C%2A69VeBZL%2BF%20FZLG%20%2DGZ%2BLF%207C%7CQyXbB%3EesrbXyQ%7C%3C44T%5BC%7CQyXyQKclXC%7CQyX%2DG%7CQyX%2DDLZ7A%20%2DG%7CQyX%2DDZL%20yQ%7CC7XbBZLDZL%20l%7CF%2BXy%2C7AZL%20lcKQyX%2Cb%3EBsurohC47%2A%3C%5BY%5DQXyQKcQyX7%2DyX%2C7FKcl%20L%2DbEZL%20lcKQyX%2C%2D%7CCQyX%2C7G%7CQyX%2C%2BGZ%2CXyQ%7CQyX%2C7yX%2C7AD%2CXyQKQyX%2CbBZL%2BF%207FQ%7CyX%2C7C%7CQyX%2CobD%7Ccl%20LZ%2FbB%7CQbBZL%2DLZD7%2CE%7CQyXbE%7CQyX%2C7GQ%7CyX%2C%2BGZL%20lcKQyXb%2C%20Eb%20lcKQ%20D7LZG%2DXyQ%7CEb%2DXyQ%7CF7XyQ%7CBbXyQKcl%20%20Z%20=Jazz%2DMedium%20Swing=100=3
1a256210-abed-46e5-8cc2-2ff5d732989a,irealb://Riverside%20Blues%20%28arr%3A%20Sires%29=1923==Medium%20Swing=Eb==1r34LbKcu7bA%20bEXyQ%7CGEA%2A%7B%5D%207bB%20bE%7C%2CF%2D%2C%2DC%2C7G%2C%2DC%7CQyX7bXyQ%7C%2DCi%2A%7C%2DF%7CQyXyQ%7CEZL%20lcKQyXbEQZLl%20cKQyX7bA%7CQyX7b%7CBb7XbEZL7QyX7bLZEbX%3C%7CQyXbE%3Elaicep%3CSSB%2A%7B%7D%207bB%20%20%7CQy%2E%2E%2E%3EB7bB%207rB%3C%7CQ%3EEbXy%3E%2E%2E%2E%3C%7CQyXbA%3E%2E%2E%3C%2E%7C%5DQyX7G%3E%2E%2E%2E%3C%7CQAb%2DXy%2E%2E%2E%3C%7CB%20%20%7CQbass%29QyX7bB%7CQyXbE%3EeimT%3CZLQyX%7CQyXbE%3E%7CEbXy%28%20kaeZL7bByQXyQyX7bB%7CQyX7F%7CQy7XC%7C%2CbD%2CD%20bEQZL%20Q%7CEb%20X%7D%207b%3CBreak%3EEb%20%20S%20%5D%20==0=0
1a9cc5ba-c171-4f54-862c-087318d4dcc0,irealb://%57%6F%20%5A%68%69%20%5A%61%69%68%75%20%4E%69%20%E6%88%91%E5%8F%AA%E5%9C%A8%E4%B9%8E%E4%BD%A0%20%28%47%69%67%29=%43%68%69%6E%65%73%65%20%53%6F%6E%67%20%54%65%72%65%73%61%20%54%65%6E%67%20%44%65%6E%67%20%4C%69%20%4A%75%6E==%42%61%6C%6C%61%64=%46==%31%72%33%34%4C%62%4B%63%75%37%2D%47%34%32%54%34%46%4C%5A%41%2D%41%3E%EC%9B%83%20%30%36%2A%3C%20%73%2C%43%2F%73%46%5A%4C%35%62%37%2D%42%5A%4C%62%42%5A%4C%2D%2C%44%2D%2C%7C%34%54%69%2A%5B%2A%7C%2C%43%2C%54%34%34%46%2C%44%5A%4C%46%20%62%42%5A%4C%2D%41%20%2D%44%4C%5A%2D%41%20%46%6C%41%2A%7B%5D%2C%62%42%2F%46%2D%20%73%47%2D%7C%2C%37%43%2C%E3%84%A9%E3%84%A9%20%39%30%20%32%3E%6C%46%5A%4C%6C%20%6C%20%2D%44%34%32%54%5A%4C%46%62%20%42%5A%4C%2D%41%20%2D%44%6C%5A%4C%2D%41%20%54%34%34%3C%2A%39%36%2A%3C%41%51%79%58%46%7C%20%20%E1%96%B1%3E%47%7C%51%79%58%46%3E%73%75%72%6F%68%43%20%36%2A%36%3C%42%2A%5B%20%43%20%3E%EC%9B%83%31%35%2A%3C%2D%44%2D%58%79%51%E1%96%B1%20%51%79%58%44%73%20%43%3E%51%7C%42%62%58%51%79%58%E3%84%A9%E3%84%A9%20%36%30%2A%3C%5A%4C%35%62%2D%37%47%20%2D%47%5A%4C%2D%44%20%37%41%7C%51%79%E1%96%B1%58%79%51%E1%96%B1%79%58%2D%44%7C%32%54%7C%2C%2D%2C%7C%2A%43%6C%3E%EC%9B%83%20%30%36%2A%3C%20%43%2F%46%5A%4C%35%37%62%2D%42%20%43%2F%46%5A%4C%2B%62%44%20%2D%44%73%41%2D%2C%44%37%41%2C%6F%62%3E%6F%6C%6F%53%58%79%51%D2%91%58%44%2A%5B%51%79%58%46%31%4E%34%34%54%5A%4C%43%37%20%2D%47%6C%3E%D2%91%51%79%58%51%79%58%51%79%3C%2A%36%36%20%39%30%2A%3C%34%20%2D%44%76%2A%51%7C%41%2D%58%32%4E%7D%20%46%2F%62%42%20%46%5A%4C%37%43%73%20%75%73%37%43%7C%51%79%58%37%2D%47%7C%51%79%46%58%79%51%7C%79%58%5E%62%42%51%79%58%2D%44%30%36%20%E3%84%A9%E3%84%A9%7C%51%79%58%2D%44%7C%51%79%58%46%42%2A%5B%37%20%43%20%73%75%73%37%43%3E%E1%96%B1%20%20%51%79%58%46%58%79%51%7C%2A%3C%5A%4C%47%37%41%2C%6F%62%51%7C%41%37%20%E1%96%B1%20%51%79%58%E1%96%B1%51%79%58%E3%84%A9%E3%84%A9%20%39%30%3C%2A%5A%4C%35%62%37%2D%47%20%2D%47%5A%4C%2D%44%3E%43%20%73%44%79%58%62%42%7C%20%2D%47%6C%34%44%2D%20%44%62%44%2C%2D%41%73%3E%EC%9B%83%20%37%35%2A%3C%20%43%46%2F%5A%4C%35%62%37%2D%42%20%43%2F%46%5A%4C%2B%2D%2C%7C%54%32%6C%43%2A%7C%2C%66%2C%35%62%37%34%34%46%20%5B%62%42%66%2C%35%62%37%2D%42%66%7C%2C%2D%41%2D%2C%44%73%3E%67%6E%69%64%6E%45%20%33%36%2A%3C%2C%7C%66%47%2D%54%5A%4C%37%43%55%46%5A%20=%50%6F%70%2D%52%6F%63%6B=%31%31%35=%31
1aaa45a6-583e-45bc-a420-8bb9a64e424f,irealb://%2DBOSSA=%2D==Gypsy%20Bossa=C==%5B%20==0=3
1aa0c733-9f51-43a1-8928-d73ac8046bbd,irealb://%2ESET%201=%2E==Medium%20Swing=C=7=%5B%20=Jazz%2DMedium%20Swing=100=3
1aee3dc9-a3af-45de-8079-65c2251f12df,irealb://Funk%20In%20Deep%20Freeze=Mobley%20Hank==Medium%20Swing=Ab==1r34LbKcu77bAZLF%2D7XybBZL7B%207%2DFZLtl7aC%207hG%7CQyX7bD%7CQ7%20Eb7%2CA%2A%2C%5BX96%2DFZN1Gh7C%207hG2NZL%20QyXyQX%7DQyX9b7C%7CQyX7altLZL7bD%20QyX7b%2AB%2CC%2D7%2DbEZL%20lcKQyX7b%5EB%7CQyX9b7F%7CQyX7XyQ%7CA%2C%5B%5DQy%2DFZLtXyQ%7CC7hG%7CQyX7bD%7CQyX%2D7F%2CA%2A%2C%5B%5DQyXtla7%20C7al7%5EbD%7C7%20B7LZBb7%20Eb7LZAb7%20Db7LZGh7%20C7altLZF%2D69XyQZ%20=Jazz%2DMedium%20Swing=100=3
1a34c9a0-b677-47bb-a85c-6248b2a7b148,irealb://O%20Grande%20Amor=Jobim%20Antonio%2DCarlos==Bossa%20Nova=A%2D==1r34LbKcu7%2DA%7CQy4A%2DXy%7CQyX7hB%7CQyX7C%7CyQX7%2DG%7CQyX7obA%7CQE7b9X4T%5BA%2AKQyX77b9XyyX7%5EF%7CQyX7%5EC%7CQXy7G%7CQyX7%2DD%5BB%2A%5DQQ%7CBb%5EA%7CQyX%7CQyX7Bh7Xy7%2DG%7CQyX7obA%7CQy%2DXA%5BA%2A%5DQyX9b7E%7CQXyQ%7CCZL%20lc%2FC%7CQyQ%7CE7b%7CQyX7%2DD%5BC%2A%5DQyXb97A%7CQyX7hE%7CQyX9Ebo7XyX7hBEXyQ%7CF%5E7XyQ%7CBb%5E7XyQ%7CBh7%20E7b9LZA%2DXyQ%7CE7b9%20%20%20Z=Jazz%2DBossa%20Nova=140=3
1a290ad4-5522-4a00-b478-a989c2abd6ba,irealb://I%20Can%27t%20Give%20You%20Anything%20But%20Love%20%2D%20rn=McHugh%20Jimmy==Medium%20Swing=G==1r34LbKcu7bB%20B%2F4%3C%28ABG%7CQyX7D%7CQyX7%2DALZobB%20B%2FG%7CQyXG%3E%29XyQ%7CG4TA%2A%5B%3C%20%207A7XyQ%7CKQyX96C%7CQyX9b3G1%7CQyX7%2DD%7C%5DQyX7Dcl%20LZ%2DAZLons%3EkaQ%20forX42%2A%3C%297%2DA%287DZLx%20%20ZL%3Eesu%20solos%20yQbreyX96%2A%7CQyX7%28D7%29XX7D%7CQyX7%2DAZLob%20BB%2FG%7CQyXGB%2A%5B%5DQyyQ%7CD%2DnZLl%20X7%2DA%7CXyQ%7CC%7CQyXB%2FG%7CQyXo%23CQ%7CyXCZL%20lcKQyX96E7XyQ9b31GyQ%7CD7XyQ%7CG%2CU%20BboLZA%2D7%20D7%20%5D%20=Jazz%2DMedium%20Swing=140=5
1a310f61-6db4-41a4-8253-dd691af9388b,irealb://Night%20And%20Day=Porter%20Cole==Medium%20Swing=C=2=1r34LbKcu7%7CQyX%294Ab%5E7%5EbAZL%20lcKQyX7%5E%7CCQyX7G%7CQyX%297hD%287%28Dh74T%7BA%2A%2DD%7CQy%7CC%5E7X%7CQyX7%2DE%7CQyX7%2DFQ%7CyX7h%23FZL%20lcKQyEbo7XQyX7G%5DQyX7G7XyQX7%5EC2NZL%20QyXQy%7DX%20%20lcKQyX7%5EC1N%7CyQ%7CBb%7CQyX7lcKQy%5E7XyQL%20lcKQyX7%5EbEZLl%20cKQyX7%5ECZL%20lcKZC%5E7XbE%5BB%2AyX6C%7Ch7XyQ%7CQyX7%2DD%7CQyX7ob%7CEQyX7%2DE%7CQyX7%2DF%7CG7XyQ%23FZL%20QKcl%20%20Z=Jazz%2DMedium%20Swing=40=3
1a58d787-5f03-4037-9f9a-b935ca498031,"irealb://%45%76%65%72%79%20%54%69%6D%65%20%49%20%46%65%65%6C%20%54%68%65%20%53%70%69%72%69%74%20%20%20%20%20%20%5B%23%5D=%62%65%32%73%68%61%72%70%20%41%52%52%3A==%5A%7A%20%69%52%65%61%6C%20%53%74%79%6C%65%73%20%4F%66%66%65%72%20%43%68%6F%69%63%65%73%20=%43==%31%72%33%34%4C%62%4B%63%75%37%20,%74%72%61%79%51%20%20%41%50%20%6C%61%65%52%69%20%73%69%68%74%20%72%66%6F%20%79%65%6B%20%65%68%74%20%74%73%75%6A%64%72%6F%20%63%68%58%34%35%2A%3C%61%70%20%67%6E%79%20%3E%20%3C%6F%79%20%6E%6F%20%64%72%6F%68%63%20%74%73%6C%61%20%65%68%74%20%67%6E%69%6D%61%6E%38%32%2A%75%72%20%73%6F%62%20%74%65%73%20%65%68%74%20%79%51%58%79%51%63%20%6F%72%74%6E%69%20%73%69%68%54%20%20%79%51%58%34%36%2A%3C%51%79%58%51%79%58%51%79%58%6F%70%69%65%73%58%3E%2E%65%67%20%72%6F%20,%32%20%6D%65%61%6D%20%79%61%6C%50%36%33%2A%3C%20%3E%2E%67%6F%6E%73%20%65%68%74%20%66%6F%20%73%65%72%75%73%65%6C%6F%64%79%20%74%73%61%6C%51%79%58%30%35%68%6F%72%64%73%51%79%58%51%79%58%51%79%58%51%79%58%3E%2E%65%6E%74%73%69%6C%20%74%73%75%6A%20%72%6F%20,%58%79%51%3C%2A%63%20%65%68%74%79%58%3E%2E%6F%6C%75%64%65%20%65%68%74%20%65%72%6F%66%65%62%20%22%73%65%6F%74%6E%20%70%75%2D%6B%63%69%70%22%20%65%68%74%20%69%6E%74%72%63%6E%49%20%20%58%51%79%58%3E%79%51%58%79%51%74%6E%69%20%65%72%75%73%61%65%6D%2D%32%51%58%79%51%79%58%51%79%58%38%34%2A%3C%20%51%79%58%72%6F%3A%20%20%58%51%79%58%51%20%43%7C%51%79%2A%69%54%34%34%58%46%3E%3A%73%75%72%6F%68%43%20%20%36%36%3C%2A%41%2A%7B%5D%51%79%58%43%5A%4C%37%47%20%43%79%51%7C%43%58%5B%20%20%51%79%35%2A%3C%7D%51%58%79%51%7D%7B%37%47%20%43%5A%4C%20%6C%63%4B%51%79%58%43%3A%3E%73%65%73%72%65%56%20%20%36%36%2A%3C%42%2A%4C%5A%43%58%79%43%5A%4C%37%47%3E%3A)%67%61%20%54%68%65%73%64%6F%63%22%20%65%68%74%20%65%72%61%20%73%72%65%75%73%61%65%6D%20%32%20%74%78%65%6E%20%65%61%22%20(%74%20%51%79%58%30%58%51%79%58%3E%42%65%20%63%65%6E%20%70%75%2D%6B%63%69%70%20%65%68%74%20%64%65%75%6C%63%6E%69%20%6F%74%20%6E%69%61%74%72%6F%74%65%73%2E%32%32%2A%3C%20%20%73%65%6C%79%58%79%51%58%79%79%58%32%33%2A%3C%20%20%51%79%58%51%79%58%51%5A%79%58%55,%43%5A%4C%37%47%20%43%51%5B%51%51%20%20%53%74%51%79%58%51%79%69%7A%61%72%42%70%6C%65%73)%4C%3C%20%3E%36%31%31%20%6D%70%62%20%2F%73%74%65%6F%4E%20%67%6E%6F%4C%2D%7A%7A%61%4A%20%3A%61%74%69%6E%2D%6D%61%78%65(%73%69%20%22%6D%6D%62%61%2F%20%51%79%58%34%33%2A%3C%51%79%58%51%79%58%51%58%79%51%79%58%51%79%58%3E%32%33%31%20%6D%70%62%20%20%22%62%70%61%53%20%3A%6C%51%79%58%51%79%73%20%70%65%72%2E)%6F%70%6D%65%54%20%6F%72%50%20%6C%61%52%65%69%20%65%68%74(%20%65%74%75%6E%69%6D%20%3E%58%79%51%58%74%61%65%62%20%73%6E%6F%69%74%51%20%3C%2A%32%73%6F%6D%20%74%61%68%74%20%64%65%63%69%74%6E%6F%20%75%6F%79%20%65%76%61%48%20%51%79%58%36%74%20%73%65%63%79%58%51%79%58%38%20%6C%6C%61%65%20%3E%58%79%79%58%38%36%2A%3C%42%2A%20%41%2A%20%3E%23%3C%62%20%51%79%58%51%79%58%51%79%58%51%79%58%51%51%61%72%65%20%6B%69%6C%20,%20%6F%72%20%31%36%20%62%61%72%73%20(%6D%65%61%73%75%72%65%73)%20%6C%6F%6E%67?%20%3E%20=%4A%61%7A%7A%2D%4C%6F%6E%67%20%4E%6F%74%65%73=%31%31%36=%33"
1a1f5e75-ab3d-43ab-a341-613f6d4fdfb4,"irealb://%57%68%65%6E%20%59%6F%75%20%77%69%73%68%20%55%70%6F%6E%20%41%20%53%74%61%72%20%20%20%5B%23%5D=%62%65%32%73%68%61%72%70%20%41%52%52%3A==%5A%7A%20%43%68%6F%6F%73%65%20%41%20%53%74%79%6C%65=%43==%31%72%33%34%4C%62%4B%63%75%37%20%65%68%74%20%79%51%20%20%53%20%2E%74%72%61%68%63%20%73%69%68%74%20%72%66%6F%20%79%65%6B%20%65%68%74%20%74%63%65%6C%65%49%74%20%69%73%58%32%36%2A%3C%67%61%70%20%67%6E%6F%74%65%3E%75%6F%79%20%6E%6F%20%64%72%6F%68%63%20%74%61%73%6C%20%65%68%74%20%64%6E%61%34%33%2A%3C%20%72%20%73%6F%6E%20%74%73%61%6C%41%20%43%41%2A%51%58%79%51%58%43%5A%4C%37%47%20%46%7C%51%79%58%2D%44%5A%6F%4C%43%20%43%69%2A%5B%51%79%58%51%79%58%51%79%58%79%51%5D%7B%79%58%3E%2E%65%7D%20%37%47%20%20%44%2D%37%4C,%37%47,%46%73%5A%4C%2D%44%5A%4C%6F%62%20%45%43%5A%4C%43%20%6F%43%7C%51%79%58%37%47%5A%7C%4E%31%6C%43%2D%44%5A%4C%37%36%2D%46%7C%51%51%5D%5B%2A%42%51%79%58%2D%41%5A%4C%43%20%6F%43%7C%51%79%2D%58%44%7C%51%79%58%43%5A%4C%37%47%20%36%2D%46%7C%44%37%58%79%79%58%43%32%4E%79%58%2D%44%5A%37%58%79%51%5D%43%5A%4C%43%20%6F%43%7C%51%79%58%37%47%5A%37%4C%2D%44%20%2D%44%5A%4C%37%41%20%43%41%2A%5B%20%45%62%6F%4C%47%7C%51%79%58%20%51%79%58%34%47%37%4C%5A%43%79%58%55,%43%66%5A%4C%37%47%20%46%7C%51%58%79%2D%44%5A%4C%6F%43%20%43%51%5B%5D%51%79%58%51%5A%3C%2A%35%20,%46%7C%51%67%6E%69%73%75%73%74%20%74%68%6B%63%69%6C%63%20%6E%69%2D%74%6E%75%6F%63%65%20%68%74%20%66%6F%20%65%6D%75%6C%6F%76%20%65%73%20%62%79%20%75%6A%64%41%20%6F%72%50%20%6C%38%74%68%65%20%65%68%74%20%6E%69%20%64%6E%69%66%20%75%6F%20%79%6C%6F%72%74%6E%6F%63%20%65%6D%75%6C%6F%76%20%69%52%65%61%32%2A%3C%20%3E%20%4D%69%78%65%72%2E%3E%58%79%51%58%79%51%58%79%51%58%79%51%58%79%51%3C%62%23%3E%20=%42%6C%75%65%73%2D%46%6C%61%74%20%54%69%72%65=%31%32%30=%30"
1a7c700a-88f1-4463-a2db-7d3182852021,irealb://%31%38%20%4A%6F%73%68%75%61%20%46%6F%75%67%68%74%20%74%68%65%20%42%61%74%74%6C%65%20%6F%66%20%4A%65%72%69%63%68%6F%20%28%4D%65%64%20%53%77%29%20%44%6D=%73%70%69%72%69%74%75%61%6C%20%41%66%72%6F%2D%41%6D%65%72%69%63%61%6E==%4D%65%64%69%75%6D%20%53%77%69%6E%67=%44%2D==%31%72%33%34%4C%62%4B%63%75%37%78%38%3C%20%20%2D%58%79%51%4B%58%37%41%5A%4C%20%78%20%5A%4C%20%6C%63%4B%79%51%58%2D%44%7C%51%79%58%37%41%5A%4C%20%6C%63%79%51%7C%44%2D%44%34%34%54%5B%3E%20%7D%20==%30=%30
1ad6b2af-1e09-45e8-b175-371beb448d69,irealb://%33%38%20%45%78%2E%20%23%33%38%20%28%43%6F%75%6E%74%72%79%29%20%47=%42%6C%75%65%73%20%47%65%6E%65%72%69%63==%43%6F%75%6E%74%72%79%20%46%6F%6C%6B=%47==%31%72%33%34%4C%62%4B%63%75%37%7B%54%34%34%47%58%79%51%7C%47%58%79%51%7C%43%58%79%51%7C%43%58%79%51%7C%44%37%58%79%51%7C%44%37%58%79%51%7C%47%58%79%51%7C%47%58%79%51%7D%20==%30=%38
1a2b742e-6c7b-410e-a33c-fced3ed032a2,irealb://%41%71%75%69%20%45%73%74%6F%79%20%59%6F=%4A%65%73%C3%BA%73%20%41%64%72%69%C3%A1%6E%20%52%6F%6D%65%72%6F==%50%6F%70=%43==%31%72%33%34%4C%62%4B%63%75%37%5A%4C%2C%2A%6D%34%43%2C%2A%41%51%79%58%43%42%2A%7B%7D%51%79%58%47%7C%51%58%79%46%7C%51%79%58%2C%2A%6D%2A%41%7C%51%79%58%7C%47%20%41%2A%34%54%69%2A%7B%46%58%79%51%7C%47%58%79%51%7C%46%58%79%51%7C%47%58%79%51%7D%7C%43%20%20%55%20%5D%20=%50%6F%70%2D%52%6F%63%6B=%31%31%35=%31
1aed8074-009e-4c6e-acfb-6c5c2109fdff,irealb://%4C%6C%65%6E%61%6D%C3%A9=%59%61%6D%69%6C%6B%61==%42%61%6C%61%64%61=%43==%31%72%33%34%4C%62%4B%63%75%37%79%58)%44()%20(%42)%20)%43(%20)%42(%20)%45(%43%7C%79%51%58)%41(%46%7C)%47(%20)%43(%20(%45)%7C%47%45(%2D%41%7B%51%7D%3C%59%6F%20%73%65%20%71%75%65%20%65%73%74%C3%A0%73%20%61%71%75%69%2E%2E%2E%3E%20=%4A%61%7A%7A%2D%4D%65%64%69%75%6D%20%53%77%69%6E%67=%31%30%30=%33
1ab752aa-6512-488d-9c08-3458ff38075e,"irealb://%4D%69%20%41%64%6F%72%61%63%69%C3%B3%6E=%41%62%6E%65%72%20%4D%6F%6C%69%6E%61,%20%43%65%6E%74%72%6F%20%44%69%63%69%70%75%6C%61%64%6F%20%4D%75%6E%64%69%61%6C==%50%6F%70%20%2D%20%52%6F%63%6B=%43==%31%72%33%34%4C%62%4B%63%75%37%20%69%6D%20%73%34%3C%2A%36%36%75%74%20%61%20%6F%64%6E%69%72%20%6F%6C%20%C3%B3%6E%7A%61%72%6F%63%20%69%4D%51%79%58%51%79%58%73%20%70%69%65%34%54%69%2A%7C%6F%63%65%52%39%6D%69%20%53%61%51%79%58%47%7C%51%79%58%43%7C%51%79%58%46%51%7C%79%58%41%2A,%2D%41%3E%72%6F%64%61%76%6C%7C%59%3C%2A%36%20,%79%65%52%41%3E%53%4F%49%6E%64%6F%20%54%6E%C3%BA%20%69%6D%20%73%65%72%65%20%75%54%20%65%72%64%6F%70%20%79%20%61%69%72%6F%6C%67%20%75%69%63%6F%20%44%65%69%63%6F%6E%49%44%20%61%64%46%58%79%51%7C%20%6E%65%20%6F%74%69%73%65%63%65%6E%20%65%36%54%36%2A%3C%59%7C%51%79%58%47%7C%51%79%58%43%6D%69%20%76%69%7C%51%79%58%2D%70%20%C3%A9%72%69%79%6F%20%73%6F%2A%3C%59%5A%4C%47%20%73%75%73%47%7C%51%79%47%58%7C%51%79%58%2D%41%7C%51%79%58%2D%44%3E%79%36%39%56%69%76%75%54%20%53%4F%2A%3C%42%2A%7B%64%6F%72%61%72%47%7C%51%79%58%47%7C%51%79%58%2D%41%7C%51%58%79%2D%44%3E%72%6F%C3%B1%65%53%20%69%6D%20%65%74%58%79%51%7C%59%61%20%61%72%61%61%72%6F%64%61%67%6F%20%61%64%62%69%63%65%72%20%65%74%72%61%74%6C%61%78%20%65%61%20%6F%67%6E%65%76%20%65%74%72%61%72%6F%65%20%6D%69%20%6E%65%56%39%36%75%20%75%74%20%41%2D%58%79%51%61%72%72%65%44%20%36%36%2A%3C%43%2A%7B%59%51%7D%79%58%47%7C%51%79%58%43%7C%51%79%58%46%7C%6D%61%20%64%65%3E%6E%C3%B3%69%63%79%58%43%7C%51%20%73%6F%62%72%79%58%2D%41%3E%69%54%20%65%64%20%73%C3%A1%6D%6F%20%72%65%69%75%71%20%6F%79%20,%69%6D%20%65%51%7C%46%58%79%6E%C3%B3%69%63%6E%6F%72%65%69%75%58%79%51%7C%59,%69%75%71%61%20%61%69%72%6F%6C%67%20%75%20%74%65%64%20%61%6D%61%72%72%65%44%36%36%2A%3C%20%79%6F%20%71%42%2F%47%7C%51%20%6D%C3%A1%73%20%64%65%20%74%69%3E%41%2D%58%79%51%7C%46%58%79%51%7C%43%58%79%51%7C%47%20%3C%2A%34%35%20%20%54%6F%20%42%3E%20%20%7D%20=%50%6F%70%2D%52%6F%63%6B=%31%31%35=%31"
1aaac4af-b15a-40a7-bb54-638b11fdae07,irealb://%54%69%6D%65%20%49%73%20%4F%6E%20%4D%79%20%53%69%64%65%20%2D%20%46%6C%69%6E%6E%65%72=%4D%65%61%64%65%20%4E%6F%72%6D%61%6E==%50%6F%70%20%52%6F%63%6B=%47==%31%72%33%34%4C%62%4B%63%75%37%44%5A%4C%44%5A%4C%5A%47%4C%5A%5A%4C%47%5A%4C%47%5A%4C%47%5A%4C%47%5A%4C%5A%44%4C%44%5A%4C%43%5A%4C%43%5A%4C%47%5A%4C%47%43%4C%5A%43%4C%47%34%33%54%5B%4C%43%5A%4C%44%5A%45%2D%4C%5A%43%5A%4C%43%5A%4C%44%5A%4C%44%5A%4C%41%5A%41%4C%5A%4C%2D%45%5A%4C%2D%45%5A%4C%44%5A%4C%44%4C%5A%44%4C%5A%4C%2D%45%5A%4C%5A%43%4C%5A%44%4C%5A%44%4C%5A%43%4C%5A%43%4C%5A%44%4C%5A%44%4C%5A%44%4C%5A%44%20%5A%20=%50%6F%70%2D%52%6F%63%6B=%31%35%36=%35
1aaae74d-ce57-4c1e-a10a-0a8c5a97cc43,irealb://%32%35%20%6F%72%20%36%20%74%6F%20%34=%4C%61%6D%6D%20%52%6F%62%65%72%74==%52%6F%63%6B=%41%2D==%31%72%33%34%4C%62%4B%63%75%37%20%2C%2D%41%73%34%3C%47%75%69%6E%32%20%73%6D%75%72%64%20%64%64%41%20%2E%20%58%74%73%31%20%73%73%61%42%20%26%20%72%61%74%64%20%58%2E%3E%34%54%69%2A%7B%79%58%2C%2D%41%2F%47%20%20%6E%20%73%6E%72%6F%48%3C%7B%59%7D%20%45%2F%2D%20%41%46%2F%2D%41%7C%6E%20%20%23%46%2F%2D%41%7C%69%6E%2E%3E%73%2D%41%7C%6E%20%2D%41%7C%51%79%47%58%79%51%7C%3E%78%6F%56%3C%53%41%2A%7B%59%7D%20%45%2F%41%2D%20%46%2F%2D%41%7C%51%79%58%23%46%2F%2D%41%73%41%2D%2C%58%2F%2D%41%7C%51%6C%63%4B%51%79%7C%41%2D%2F%46%6C%63%4B%51%79%58%46%42%2A%5B%7D%20%3E%78%3C%34%45%2F%2D%41%20%46%2F%2D%41%7C%51%79%58%23%20%4C%5A%43%58%51%79%58%47%2F%44%3C%20%20%23%79%51%4B%63%6C%51%79%58%47%2F%2D%41%7C%51%79%58%2D%41%31%7B%4E%5D%20%51%20%6C%63%4B%51%79%58%46%5A%4C%20%7C%41%2D%2F%46%58%47%5A%4C%20%2D%41%7C%51%79%6C%20%32%6E%64%3E%73%6F%6C%6F%53%3C%32%4E%7B%59%7D%20%45%2D%2F%41%20%46%2F%2D%41%5A%4C%3E%2E%64%6E%45%20%73%41%2D%2C%58%61%20%2E%53%2E%51%7B%59%7D%20%7C%41%2D%2F%46%46%2F%2D%41%5A%4C%20%3E%61%64%6F%43%20%6C%20%61%2E%43%2E%44%20%6F%74%20%65%75%43%3C%20%23%20%41%2D%2F%45%51%79%58%47%2F%58%39%2D%43%7C%20%6E%7C%41%2D%2D%44%6C%5B%7D%20%45%2F%2D%41%20%46%2F%2D%7C%41%6E%20%20%23%46%2F%2D%41%7C%6E%20%20%47%2F%39%2C%58%79%51%20%2C%2D%41%73%79%51%7C%46%2D%37%62%35%2F%42%58%79%51%7C%44%68%37%2F%42%62%58%79%51%7C%55%42%2F%41%58%79%51%5A%20==%31%34%30=%30
1a25b967-26be-4d04-9b9d-5e6975c83931,irealb://%48%61%6C%66%2D%44%69%6D%69%6E%69%73%68%65%64=%43%65%6B%75%73%20%4D%69%63%68%61%C5%82==%45%76%65%6E%20%38%74%68%73=%43=%39=%31%72%33%34%4C%62%4B%63%75%37%5B%43%68%37%4C%5A%78%2C%4C%5A%78%4C%5A%78%20%7C%20==%36%30=%33%30
1accbdc0-b09b-4180-b310-e0ac5c631740,irealb://%47%6F%6F%64%20%42%79%65%20%4D%79%20%4C%6F%76%65%20%E6%88%91%E7%9A%84%E7%88%B1%E4%BA%BA%E5%86%8D%E8%A7%81%20%28%47%69%67%29=%53%6F%6E%67%20%43%68%69%6E%65%73%65==%42%61%6C%6C%61%64=%45%62==%31%72%33%34%4C%62%4B%63%75%37%20%38%30%2A%3C%2A%30%38%20%20%33%51%79%58%35%20%20%38%30%2A%3C%5A%4C%6F%45%62%3E%36%20%35%62%38%30%2A%3C%20%62%45%3E%35%32%3E%45%62%20%3C%32%31%54%5B%3C%7C%5A%4C%62%37%4C%5A%3C%2A%32%20%20%38%30%2A%3C%5A%4C%62%45%3E%35%20%20%33%20%38%30%2A%3C%20%2D%46%3E%32%20%20%38%30%3E%46%2D%20%42%2D%43%3E%31%20%2D%43%3E%31%20%35%3E%45%62%20%20%62%45%3E%32%33%51%79%58%35%20%20%38%30%3C%2A%5A%4C%6F%62%45%3E%36%20%35%62%38%30%2A%3C%3C%2A%30%38%20%20%20%38%30%2A%41%2C%62%45%73%30%38%32%33%34%35%33%31%38%30%2A%3C%5A%4C%62%42%3E%32%20%20%33%34%20%20%38%30%2A%3C%20%2D%46%3E%34%33%32%36%35%33%31%3E%2A%3C%5A%4C%37%62%45%3E%29%74%20%5D%59%7B%2A%6E%6F%63%65%73%20%65%68%74%20%6E%69%20%6F%6F%6C%73%28%20%65%73%72%65%76%20%38%36%2A%3C%41%64%20%70%61%72%62%45%6C%2C%62%51%79%58%62%42%46%2D%20%42%62%46%5A%4C%2D%43%20%2D%46%5A%4C%2D%47%20%62%7C%41%51%79%58%2D%47%5A%4C%2D%43%20%62%45%5A%4C%2D%58%79%51%7C%5A%4C%2D%43%20%4C%2D%43%20%2D%2A%36%32%32%3E%20%62%41%7C%51%79%58%2D%47%5A%4C%2D%43%20%45%62%5A%4C%62%42%20%2D%46%5A%4C%2D%43%20%62%45%47%2D%4C%5A%46%3C%41%2A%5B%5D%62%42%20%62%41%62%4C%5A%45%62%62%45%7C%51%79%58%2D%43%7C%51%79%58%47%7C%79%51%58%62%45%6C%42%2A%5B%5D%2C%62%42%73%20%20%37%58%79%51%7C%42%20%2D%46%5A%32%4E%7D%51%79%42%62%4C%5A%45%6C%6F%73%2E%77%2E%41%20%6F%74%6F%67%20%20%31%3C%4E%5A%4C%62%42%20%2D%46%5A%4C%2D%43%20%62%6F%3E%45%62%58%20%62%41%5A%4C%38%30%2A%3C%20%4C%5A%47%2D%20%20%20%33%20%20%38%30%2A%3C%7C%51%79%58%62%51%45%5B%59%5D%20%62%42%66%20%2D%46%5A%4C%2D%43%36%35%3E%47%2D%2D%43%20%62%45%32%33%34%E2%86%91%2D%4C%5A%3C%2A%30%38%30%2A%3C%66%5A%4C%62%42%3E%36%35%20%20%E2%86%93%36%38%30%2A%3C%66%20%2D%46%3E%31%33%32%20%38%20%31%20%E2%86%93%35%2D%43%3E%33%20%31%3E%45%62%58%79%51%5A%20=%50%6F%70%2D%52%6F%63%6B%20%31%32%2F%38=%37%35=%31
1a7b53b3-9217-4012-8cf5-2e21459b0c32,irealb://%39%33%20%4D%69%6C%6C%69%6F%6E%20%4D%69%6C%65%73=%4D%72%61%7A%20%4A%61%73%6F%6E==%50%6F%70%20%52%6F%63%6B=%45%62==%31%72%33%34%4C%62%4B%63%75%37%79%58%62%41%7C%34%45%62%20%4C%51%79%58%62%45%41%2A%7B%5D%20%78%5A%4C%20%45%62%5A%4C%20%2D%46%5A%4C%20%62%41%5A%4C%78%5A%7C%78%58%79%51%34%54%69%2A%5B%5A%4C%62%42%20%79%51%7C%45%62%62%41%31%4E%42%2A%5B%5D%20%20%62%42%5A%4C%2D%20%46%5A%4C%20%62%41%5A%4C%20%78%20%5A%4C%20%20%4C%5A%46%2D%58%2D%46%7C%51%7C%51%79%58%62%41%62%20%4C%5A%78%7C%51%79%58%62%45%5A%4C%62%42%20%2D%46%51%7C%79%58%62%41%32%4E%42%2A%5B%7D%20%20%2D%46%58%79%51%7C%41%5A%4C%20%62%45%47%7C%51%79%58%20%5B%3C%2A%30%58%2D%47%43%2A%5B%5D%51%79%58%62%41%7C%2C%42%62%20%20%2D%43%3E%29%65%67%64%69%72%42%28%34%79%51%7C%41%62%62%42%20%2D%46%20%62%41%5A%4C%41%62%20%41%6F%20%62%41%42%2A%5B%7C%51%79%58%51%79%58%51%58%79%51%79%58%5A%4C%37%6F%42%20%62%42%5A%4C%37%4C%5A%46%2D%20%7C%51%79%58%2D%41%7C%51%79%58%62%20%4C%5A%78%62%45%5B%7D%51%79%58%78%7C%51%79%58%62%45%51%7C%79%58%2D%46%7C%51%79%58%62%41%7B%5A%4C%20%58%79%51%7C%78%45%5A%4C%62%42%62%58%79%51%7C%46%2D%58%79%51%7C%45%62%20==%30=%30
1aa248fa-1d13-450a-ae1b-d5daca73b3f6,irealb://%41%72%65%20%59%6F%75%20%48%61%76%69%6E%27%20%41%6E%79%20%46%75%6E%3F%20%28%42%65%6C%6F%66%66%20%61%72%72%2E%29=%53%61%6D%6D%79%20%46%61%69%6E%2C%20%4A%61%63%6B%20%59%65%6C%6C%65%6E==%4D%6F%64%65%72%61%74%65%6C%79%20%42%72%69%67%68%74=%47==%31%72%33%34%4C%62%4B%63%75%37%5B%5D%20%20%6E%34%44%37%4C%5A%44%2C%2D%41%7C%2C%37%45%2C%47%7C%2C%37%44%2D%2C%41%7C%2C%37%45%2C%37%2D%42%73%7C%70%7C%70%37%2C%7C%47%2C%34%54%69%2A%5B%5A%4C%70%5A%4C%5A%70%7C%44%37%5A%4C%37%44%5A%4C%70%5A%4C%47%5A%4C%20%6E%5A%70%4C%20%2C%47%7C%70%5A%4C%37%44%7C%70%5A%4C%70%4C%5A%44%37%4C%47%6C%41%2A%4C%47%5A%4C%20%5B%2A%42%47%4C%2A%5B%5D%20%37%44%5A%4C%70%5A%4C%6F%23%43%4C%5A%70%5A%4C%2D%47%5A%4C%70%5A%4C%37%2D%43%5A%43%44%37%2C%6E%5D%51%79%58%47%5B%5D%51%79%58%37%4C%5A%70%4C%20%2D%41%5A%4C%37%45%20%47%5A%4C%37%44%20%41%2D%6C%7C%2C%37%45%2C%37%2D%42%73%5A%4C%70%5A%44%37%4C%5A%47%44%5A%4C%70%5A%51%6C%41%2D%20%44%37%4C%5A%47%20%45%37%4C%5A%41%2D%20%44%37%4C%5A%47%58%79%51%5A%20=%4A%61%7A%7A%2D%4C%61%74%69%6E%2F%53%77%69%6E%67=%31%31%30=%31
1a1637a4-3ed5-49f6-ae08-c6792bdd04d5,irealb://%4D%69%72%65%20%50%72%61%6C%20%2F%54%47%4A%43=%53%63%68%6D%69%74%74%20%54%63%68%61%76%6F%6C%6F==%55%70%20%54%65%6D%70%6F%20%53%77%69%6E%67=%47%2D==%31%72%33%34%4C%62%4B%63%75%37%58%37%44%7C%51%34%47%2D%58%79%4C%20%6C%63%4B%51%79%58%37%46%31%4E%5A%4C%6C%20%63%4B%51%79%58%2D%43%5A%4C%20%6C%63%4B%51%5A%42%62%58%79%34%54%41%2A%7B%4B%51%79%58%62%32%45%62%37%58%63%4B%51%79%58%37%46%42%2A%5B%5D%20%20%6C%4B%63%51%79%58%2D%47%7C%51%79%58%37%44%7C%51%79%6C%20%4C%5A%42%4E%7C%7D%51%79%5A%4C%20%6C%63%46%37%58%79%51%41%5A%4C%20%6C%63%4B%51%79%58%37%62%45%5A%20%4C%6C%63%4B%51%79%58%62%42%5A%4C%20%6C%63%4B%62%58%79%51%4B%5A%4C%20%6C%63%6C%63%4B%51%79%51%4B%63%6C%20%20%6C%63%4B%51%79%58%2D%47%41%2A%5B%5D%51%58%79%37%44%7C%51%79%58%29%37%44%28%68%41%5A%4C%4C%5A%43%2D%58%79%58%37%62%45%58%37%44%7C%51%61%73%74%20%34%3E%73%6F%6C%6F%73%20%67%6E%69%72%75%64%20%65%64%79%61%6C%70%20%74%6F%6E%20%73%72%61%62%20%45%62%37%58%79%6C%3C%5A%4C%20%79%73%70%79%47%58%79%51%4B%63%53%20%2D%20%74%74%69%6D%68%63%53%20%6F%6C%76%6F%61%68%63%54%20%37%30%30%32%3C%5A%4C%20%6C%65%76%65%6E%20%2D%47%7C%51%79%73%6E%61%72%74%74%73%20%76%65%5D%20%20%6C%63%4B%51%79%58%2D%47%7C%51%79%37%58%44%7C%51%79%58%37%62%45%3E%6E%6F%69%73%72%3C%2A%35%31%28%68%67%69%4E%20%63%72%69%62%65%64%20%62%79%20%4D%61%72%74%69%6E%20%47%69%6F%61%6E%69%29%3E%20=%4A%61%7A%7A%2D%55%70%20%54%65%6D%70%6F%20%53%77%69%6E%67=%32%34%30=%33
1a93216c-08f7-43eb-a08d-733e102a6bf0,irealb://%47%65%6E%74%6C%65%20%52%61%69%6E%2D%52%65%76%20%4A%45=%42%6F%6E%66%61%20%4C%75%69%7A==%4C%61%74%69%6E=%41%2D==%31%72%33%34%4C%62%4B%63%75%37%58%29%37%68%42%34%3C%2A%36%38%79%58%68%23%46%6C%7C%2C%47%2F%57%73%20%20%2D%37%41%3E%61%76%6F%4E%20%61%73%73%6F%42%20%20%51%7C%42%68%28%34%54%41%2A%7B%4C%20%6C%63%4B%61%6C%74%28%45%5A%4C%37%62%47%20%6E%6C%7C%2C%37%2D%47%2C%62%37%41%73%20%37%2D%41%7C%51%79%58%29%39%62%37%46%36%58%79%51%37%45%7C%51%79%5A%4C%74%6C%61%58%79%51%7C%42%42%7C%51%79%58%37%68%44%7C%51%79%58%39%62%41%37%7C%51%79%58%37%68%45%7C%51%79%58%39%62%37%68%37%20%45%37%37%68%23%46%5A%7C%2C%37%2D%47%37%2C%57%2F%47%20%37%2D%41%6C%32%4E%7C%59%7D%6E%2C%31%31%33%23%31%62%42%6E%2C%68%42%7C%6E%2C%68%23%46%2C%73%41%62%37%2C%2D%41%73%31%4E%74%6C%61%37%45%37%4C%5A%46%36%2C%43%2F%57%2C%37%2D%44%2C%45%2F%57%2C%36%73%46%5A%4C%51%20%20%73%75%73%37%43%7C%51%79%58%7C%42%68%2C%6E%62%47%20%6E%6C%57%2C%36%46%73%2D%37%2C%6E%20%75%73%37%43%7C%51%79%58%36%46%51%5B%5A%20%31%31%23%33%31%62%42%20%68%42%6C%7C%2C%68%23%46%73%58%79%51%7C%41%73%7C%6E%2C%2F%45%2C%44%2D%37%2C%57%2F%43%2C%7C%42%68%2C%6E%45%37%61%6C%74%2C%6E%7C%55%3C%46%69%6E%65%3E%6C%41%2D%37%2C%58%79%51%5A%20=%4A%61%7A%7A%2D%42%6F%73%73%61%20%4E%6F%76%61=%31%32%30=%33
1ad8bf70-9a5d-44c6-8dba-d41e8463692e,irealb://%48%6F%77%20%44%65%65%70%20%49%73%20%74%68%65%20%4F%63%65%61%6E%2D%52%65%76%20%4A%45=%42%65%72%6C%69%6E%20%49%72%76%69%6E%67==%4D%65%64%69%75%6D%20%55%70%20%53%77%69%6E%67=%45%62==%31%72%33%34%4C%62%4B%63%75%37%37%44%20%68%41%34%43%2D%37%58%2D%47%5A%4C%39%62%37%44%20%68%41%7C%51%79%37%58%2D%43%5A%4C%39%62%37%47%20%68%44%7C%51%79%37%58%79%51%7C%34%54%41%2A%5B%41%7C%51%79%58%2D%37%20%43%37%51%79%58%37%62%45%7C%51%79%58%37%2D%62%42%2A%42%5B%5D%20%37%62%42%20%37%2D%46%5A%4C%39%62%7C%45%62%2D%37%47%5A%4C%39%62%7C%51%79%58%37%7C%46%23%68%58%5D%20%39%62%37%47%20%68%44%5A%4C%62%45%2F%20%57%37%2D%46%7C%51%79%58%39%62%37%42%7C%51%79%5B%2A%41%43%2D%51%79%58%37%62%4C%39%62%37%43%62%39%4C%5A%43%4C%39%62%37%44%20%68%41%7C%51%79%58%37%2D%5A%47%4C%39%62%37%44%20%68%41%7C%51%79%58%37%2D%5A%47%2D%37%20%37%47%20%68%44%44%20%37%2D%62%42%62%37%20%5D%57%20%37%2D%46%5A%4C%39%62%37%43%20%68%47%4C%5A%31%31%2D%62%41%20%31%31%2D%62%42%43%2A%5B%2F%47%4C%5A%41%20%37%2D%46%5A%62%37%4C%5A%47%2D%37%58%79%51%7C%43%37%62%39%58%79%51%7C%46%2D%37%20%42%62%37%4C%5A%55%3C%46%69%6E%65%3E%45%62%36%20%47%37%62%39%20%5A%20==%30=%33
1a2ebb4b-589f-4862-a26c-24e82486b9d1,irealb://%57%69%6E%74%65%72%73%77%65%65%74%20%76%32=%57%68%65%65%6C%65%72%20%4B%65%6E%6E%79==%42%61%6C%6C%61%64=%46==%31%72%33%34%4C%62%4B%63%75%37%20%39%5E%62%44%34%45%62%2D%37%62%41%20%35%62%37%2D%62%45%5A%4C%39%5E%41%39%20%5E%62%44%5A%4C%39%62%33%31%62%41%20%35%62%37%62%39%4C%5A%34%54%41%2A%5B%31%31%2D%46%5A%35%4C%5A%43%37%43%20%35%62%37%2D%47%5A%4C%39%5E%62%44%20%5E%39%46%5A%4C%39%62%33%31%43%20%73%75%73%39%62%31%33%62%39%4C%23%39%23%37%47%4C%31%31%23%39%4C%5A%2A%42%41%2D%43%6C%7C%2C%37%47%2C%39%2D%44%73%20%39%33%62%31%41%5A%4C%41%2F%39%5E%44%20%39%62%33%31%39%20%46%37%62%31%31%2D%45%20%62%37%62%42%20%20%41%2D%39%4C%7C%2C%37%43%2C%31%31%2D%47%73%20%39%62%33%44%31%5A%4C%44%2F%39%5E%47%20%39%62%33%31%44%5A%6C%46%2D%31%31%39%5E%62%42%5A%45%5A%4C%39%5E%5A%45%62%5E%37%44%5A%4C%39%62%33%31%62%41%20%35%62%37%2D%45%62%41%2A%5A%4C%74%6C%61%37%62%42%20%31%31%23%62%5E%39%20%41%4C%31%31%23%39%47%5A%4C%39%5E%20%41%62%37%62%46%5A%4C%39%62%33%31%43%20%35%62%37%2D%47%4C%5A%35%23%39%23%37%47%20%39%5E%62%44%5A%4C%39%5E%39%20%44%62%35%62%37%2D%62%62%42%5A%4C%73%73%43%37%23%39%31%31%2D%47%43%2A%5A%4C%35%23%39%23%37%44%35%20%62%37%2D%41%6C%7C%2C%62%42%2F%57%2C%35%23%20%43%37%73%75%20%35%62%37%2D%37%45%20%31%31%37%73%75%73%4C%6C%61%37%43%20%39%5E%62%44%7C%51%79%58%74%61%6C%37%44%5A%4C%39%5E%62%41%20%62%41%2F%47%5A%74%4C%5A%42%2D%62%45%20%39%2D%62%39%23%31%31%4C%5A%41%5E%39%20%20%51%4C%5A%42%62%37%61%6C%74%58%79%51%5D%5B%51%41%62%37%61%6C%74%58%79%51%5A%20=%4A%61%7A%7A%2D%42%61%6C%6C%61%64%20%45%76%65%6E=%38%30=%32
1a2c490b-37f6-4425-9fc4-89eb4ef2d2a5,irealb://%49%20%4C%65%66%74%20%4D%79%20%48%65%61%72%74%20%69%6E%20%53%61%6E%20%46%72%61%6E%63%69%73%63%6F%2D%52%65%76%20%4A%45=%43%6F%72%79%20%47%65%6F%72%67%65==%42%61%6C%6C%61%64=%42%62==%31%72%33%34%4C%62%4B%63%75%37%7C%51%79%58%37%34%42%62%5E%20%37%2D%43%7C%51%79%58%37%46%7C%51%79%58%37%43%2D%5A%4C%6F%62%44%20%37%2D%44%5A%4C%37%2D%43%58%79%51%7C%46%34%54%41%2A%5B%37%2D%47%7C%51%37%4C%5A%43%2D%51%79%58%37%2D%44%5A%4C%37%41%20%2C%68%45%51%7C%79%58%5E%62%42%42%2A%5B%5D%20%37%46%20%37%7C%47%39%58%79%47%20%5E%62%42%43%5A%4C%6F%62%31%33%23%31%31%5A%4C%37%2D%43%20%5E%62%42%41%2A%5B%5D%51%58%79%37%46%7C%51%79%58%31%31%2D%43%7C%51%79%58%44%2D%37%20%44%43%7C%51%79%58%4B%51%79%58%33%7C%46%37%58%79%2A%5B%5D%51%79%58%74%6C%61%37%44%7C%51%79%68%58%41%5A%4C%20%6C%63%4B%51%79%58%37%46%7C%51%43%47%37%62%31%51%79%58%37%2D%63%6C%20%4C%5A%43%37%58%79%51%4B%63%6C%20%4C%5A%43%2D%37%58%79%51%7C%46%31%33%62%39%58%79%51%5B%2A%41%42%62%36%20%47%37%4C%5A%43%2D%37%20%46%37%20%5A%20=%4A%61%7A%7A%2D%42%61%6C%6C%61%64%20%53%77%69%6E%67=%39%30=%33
1a4c5f13-0259-4842-acd7-785b814cbd5a,irealb://%42%61%6E%61%6E%65%69%72%61%20%2D%20%41%41%42%41=%4D%6F%74%74%61%20%45%64==%46%75%6E%6B=%44%2D==%31%72%33%34%4C%62%4B%63%75%37%44%2C%36%2D%44%34%73%44%2D%37%51%79%58%78%5A%4C%2D%47%2C%39%2D%47%2C%2D%7C%47%51%79%58%78%5A%4C%37%2D%44%2C%36%2D%44%2C%7C%44%2D%37%2C%34%54%41%2A%5B%46%28%37%46%5A%58%79%51%7C%47%20%20%29%2D%47%28%39%2D%47%6C%42%2A%5B%59%51%5D%79%58%78%5A%4C%2D%47%2C%39%2D%47%2C%37%2D%28%43%37%29%4C%78%5A%4C%37%2D%7C%51%79%58%78%42%62%5E%29%4C%2D%44%41%2A%5B%59%5D%20%37%41%20%29%37%41%35%28%23%37%41%7C%51%79%58%29%37%45%28%68%45%5A%37%58%79%51%7C%28%20%20%29%5E%47%2D%37%58%79%51%7C%78%58%79%51%5A%20=%50%6F%70%2D%46%75%6E%6B=%31%34%30=%30
1a8d3880-f691-4fd9-a203-7faf3b6e859a,irealb://%4A%75%73%74%20%4F%6E%65%20%46%6F%72%20%42%61%62%69%6B%20%31=%53%61%75%73%73%6F%69%73%2D%47%69%76%6F%6E%65==%4D%65%64%69%75%6D%20%53%77%69%6E%67=%47%2D==%31%72%33%34%4C%62%4B%63%75%37%51%79%58%37%44%2D%58%79%51%4B%41%7C%51%79%58%2D%47%5A%4C%37%44%20%2D%43%4C%5A%20%2D%43%20%5A%4C%20%78%20%5A%4C%20%6C%63%37%58%79%51%7C%47%34%34%54%7B%44%20%2D%47%31%79%51%4B%63%6C%20%37%41%7C%51%79%58%2D%47%7C%51%79%58%62%7C%41%51%79%58%2D%43%7C%51%79%58%37%47%5A%4C%20%44%37%4C%5A%4E%58%2D%47%7C%7C%37%20%7D%58%79%51%58%79%51%58%79%51%58%79%51%7C%4E%32%47%2D%58%79%51%5A%20==%30=%30
1ac6b198-3599-4310-a574-9ec97e29a31c,irealb://%4C%61%74%63%68%6F%20%44%72%6F%6D%20%32=%53%63%68%6D%69%74%74%20%44%6F%72%61%64%6F==%55%70%20%54%65%6D%70%6F%20%53%77%69%6E%67=%44%2D==%31%72%33%34%4C%62%4B%63%75%37%4C%20%78%20%6C%34%3C%58%79%51%62%42%2C%37%43%2C%2D%44%73%3E%42%41%20%6E%68%65%74%20%42%41%41%20%65%6D%69%74%20%74%73%31%37%2C%41%37%7C%34%54%69%2A%7B%63%4B%51%79%58%28%45%68%29%7C%79%58%6F%45%5A%4C%20%78%20%5A%4C%20%6C%63%51%4B%79%58%36%2D%44%41%2A%7B%7D%51%79%58%37%41%51%7C%7C%41%37%20%20%78%20%5A%7C%51%79%58%37%78%20%4C%5A%44%58%36%2D%47%7C%51%79%58%37%44%5A%4C%20%6C%4B%63%51%79%58%36%2D%44%53%5A%4C%37%41%20%36%2D%79%51%7C%45%62%20%5A%4C%20%6C%51%79%58%37%41%51%7C%42%62%37%5E%46%7C%51%79%58%37%43%42%2A%5B%7D%20%37%3E%41%65%6E%69%46%3C%20%36%2D%44%5A%4C%37%41%20%37%58%79%51%7C%79%58%36%2D%44%7C%44%2D%36%58%79%51%7C%43%37%58%79%51%7C%46%5E%37%58%79%51%7C%42%62%37%58%79%51%7C%3C%44%2E%53%2E%20%61%6C%20%46%69%6E%65%3E%41%37%58%79%51%5D%20==%30=%30
1addaf21-607f-4e66-a45e-fc8f5d4092ba,irealb://%46%6C%61%6D%62%65%65%20%4D%6F%6E%74%61%6C%62%61%6E%61%69%73%65=%56%69%73%65%75%72%20%47%75%73==%47%79%70%73%79%20%57%61%6C%74%7A=%43%2D==%31%72%33%34%4C%62%4B%63%75%37%4C%37%47%5A%4C%34%3C%41%41%42%46%5A%4C%20%7C%72%20%5A%4C%20%7C%72%20%5A%78%4C%5A%4C%2D%43%3E%29%61%64%6F%43%41%28%43%41%2D%4C%5A%47%37%33%54%41%2A{%51%78%5A%4C%2D%72%7C%20%4C%5A%4C%37%43%5A%4C%20%7C%72%20%5A%4C%78%5A%4C%43%2D%7C%5A%4C%78%5A%4C%2D%43%5A%4C%20%7C%72%20%5A%78%4C%5A%46%20%5A%4C%78%5A%62%45%5A%4C%78%5A%78%4C%5A%43%42%2A[}%20%78%3E%65%6E%69%46%3C%5A%4C%43%2D%5A%4C%37%47%5A%4C%37%44%5A%4C%78%5A%4C%2D%42%62%37%4C%5A%4C%2D%46%5A%4C%3C%5A%4C%62%45%5A%47%37%4C%5A%5A%4C%2D%46%5A%4C%37%43%5A%4C%62%45%5A%4C%43%6F%5A%4C%2D%46%5A%4C%78%5A%4C%2D%43%5A%4C%78%42%62%37%4C%5A%4C%78%5A%4C%2D%4C%43{}%20%61%6C%20%46%69%4C%78%5A%4C%37%47%5A%4C%78%5A%4C%2D%44%5A%37%4C%41%5A%4C%43%43%2A{]%20%37%47%3E%65%6E%5A%43%4C%5A%78%20%2E%43%2E%44%5A%4C%78%5A%4C%44%2D%4C%5A%41%20%78%3E%61%64%6F%43%20%6C%61%20%2E%43%2E%3C%44%5A%4C%43%5A%4C%78%5A%4C%37%47%5A%4C%37%62}%7C%51%44%6F%5A%4C%6F%47%5A%43%2D%4C%5A%78%4C%5A%44%37%4C%5A%47%37%4C%5A%43%2D%4C%5A%6E%20%5A%20==%30=%30
1a6e638b-9407-4eb5-a491-83fca0d98d13,irealb://%4C%65%73%20%44%65%75%78%20%47%75%69%74%61%72%65%73%20%32=%54%72%61%64%2D%46%65%72%72%65%74==%4D%65%64%69%75%6D%20%53%77%69%6E%67=%44%2D==%31%72%33%34%4C%62%4B%63%75%37%79%58%2D%44%7C%2D%58%79%51%7C%7C%51%79%58%2D%44%7C%51%79%58%2D%47%7C%51%58%79%2D%44%7C%51%79%58%37%41%7C%51%79%58%2D%44%41%37%58%79%51%47%34%34%54[%51%5A%20==%30=%30
1a26e99f-bb85-49a8-a8cb-3587174eafaa,"irealb://%49%64%61%20%52%65%64=%43%6F%6D%70%6F%73%65%72%20%55%6E%6B%6E%6F%77%6E==%4D%65%64%69%75%6D%20%53%77%69%6E%67=%41==%31%72%33%34%4C%62%4B%63%75%37%44%7C%51%79%58%53%6F%6C%6F%73%37%45%7C%51%79%58%41%7C%51%79%58%37%44%7C%79%51%58%41%3E%65%74%65%50%20%6F%72%74%6E%69%20%58%79%51%7C%41%3C%34%34%54%7B%79%58%41%5A%4C%45%37%58%79%51%4C%20%78%20%5A%4C%20%6C%63%4B%51%79%58%41%73%3E%6C%61%63%6F%56%3C%5B%7D%20%41%20%37%45%7C%5A%45%37%20%41%7C%51%79%58%37%51%7C%44%37%58%79%51%7C%41%58%79%51%7C%45%37%20%41%4C%5A%41%20%4C%5A%78%4C%5A%78%20%4C%5A%54%33%32%45%37,%20%41%58%79%51%20%5D%20=%4A%61%7A%7A%2D%4D%65%64%69%75%6D%20%53%77%69%6E%67=%31%30%30=%33"
1aa854be-f72d-4b2d-9beb-5d289684bcd3,irealb://%52%69%67%68%74%20%4E%6F%77%20%28%41%6C%65%78%29=%50%61%72%6B%65%72%20%4C%75%63%69%61==%52%6F%63%6B%20%50%6F%70=%43=%31%30=%31%72%33%34%4C%62%4B%63%75%37%47%28%20%29%43%68%21%6F%68%21%20%29%46%28%20%29%2D%45%28%20%20%29%46%28%29%20%46%28%20%29%2D%45%28%20%69%2A%51%79%58%3E%28%46%29%20%28%4F%33%36%2A%3C%6F%72%6F%43%20%20%2A%76%4E%31%2A%3C%20%20%51%79%58%51%79%58%3E%32%58%37%2A%35%3C%47%70%2C%2D%41%70%2C%45%2F%43%70%2C%46%36%33%50%72%65%20%51%79%58%29%51%79%58%51%79%45%2D%29%46%2C%79%58%51%79%58%69%2A%20%2C%47%70%2C%2D%41%2C%70%46%70%2C%45%2F%43%20%7C%47%70%2C%2D%41%70%51%58%79%51%58%28%20%43%20%3E%4E%43%2A%20%51%46%2C%70%43%2F%3E%6F%72%6F%43%20%65%72%50%30%36%2A%3C%20%3E%20%32%58%34%35%2A%3C%47%70%2C%2D%41%70%2C%45%58%79%51%58%79%32%4E%76%2A%20%79%58%51%79%58%2D%29%46%2C%46%58%51%79%58%51%79%58%3E%32%58%38%34%2A%3C%70%47%2C%45%2F%43%70%2C%46%2C%46%29%2D%45%28%20%79%51%58%79%51%45%28%20%20%32%46%29%2D%45%28%2A%37%34%52%69%51%79%58%51%79%58%47%70%2C%45%2F%43%70%2C%2C%46%46%20%46%2C%46%3E%21%77%6F%4E%20%74%68%67%20%46%2C%46%20%3C%51%79%58%51%79%58%51%79%58%2F%45%2C%70%47%47%70%2C%45%2F%43%70%2C%46%2C%46%29%2D%45%20%28%46%2C%46%51%79%58%51%79%58%29%2D%45%28%20%20%28%45%2D%29%43%70%2C%46%2C%67%6E%69%72%74%28%45%2D%29%46%6F%72%6F%43%20%65%72%50%34%32%2A%3C%20%51%58%79%51%79%58%42%2F%47%70%2C%2D%41%70%2C%46%2C%58%79%51%67%73%20%46%2C%46%51%20%20%39%3E%20==%30=%30
1a1e4a31-068a-406f-b920-6b1904c78be8,irealb://%57%68%79%20%44%6F%20%46%6F%6F%6C%73%20%46%61%6C%6C%20%69%6E%20%4C%6F%76%65%3F%20%28%42%65%6C%6F%66%66%20%41%72%72%2E%29=%4D%6F%72%72%69%73%20%4C%65%76%79%2C%20%46%72%61%6E%6B%69%65%20%4C%79%6D%6F%6E==%57%69%74%68%20%41%20%47%6F%6F%64%20%42%65%61%74=%46==%31%72%33%34%4C%62%4B%63%75%37%43%20%37%2D%47%34%3C%2A%36%39%20%2C%46%5A%4C%37%43%5A%4C%62%42%3E%30%34%20%31%6B%63%6F%52%2D%70%6F%50%20%79%72%54%20%20%44%2D%2C%4C%5A%34%54%69%2A%5B%20%37%2D%47%5A%5A%70%20%5D%7B%5A%4C%37%43%20%37%2D%47%5A%4C%2D%44%20%46%4C%5A%37%43%20%37%2D%47%5A%4C%2D%44%20%46%41%2A%46%20%44%2D%4C%4C%46%5A%4C%37%44%20%46%5A%4C%2C%20%44%2D%4C%47%5A%4C%2D%44%20%46%5A%4C%37%43%20%37%2D%5A%47%4C%2D%44%20%46%5A%4C%37%43%20%37%2D%47%5A%2D%37%20%43%37%46%5A%4C%37%43%36%62%42%5A%4C%37%20%43%37%4C%51%79%58%46%7C%51%79%58%70%7C%51%79%58%36%42%62%42%2A%5B%5D%51%79%58%70%7C%51%79%58%46%5A%7C%46%20%46%37%2D%47%5A%4C%2D%5A%4C%37%43%20%58%79%51%7C%47%2D%44%20%2C%46%5A%4C%37%43%20%37%2D%47%5A%2D%4C%44%20%46%7C%51%79%58%37%43%7C%51%79%58%37%4C%5A%47%2D%37%70%7C%51%79%58%20%37%46%20%46%5A%47%2D%37%20%58%51%79%58%51%79%58%51%79%58%7D%20%37%43%37%20%2D%47%31%4E%5A%4C%2D%44%20%46%5A%4C%37%43%79%51%7C%4E%32%4C%2D%44%20%46%5B%2A%43%42%62%58%79%51%7C%70%58%79%51%7C%43%37%58%79%51%7C%70%58%79%51%7C%46%20%44%2D%4C%5A%47%2D%37%20%43%37%4C%5A%46%58%79%51%7C%70%58%79%51%5A%20=%50%6F%70%2D%52%6F%63%6B=%31%34%30=%31
1af07d2d-dd26-4396-9528-dea841657d8a,irealb://%41%68%2D%4C%65%75%2D%43%68%61=%50%61%72%6B%65%72%20%43%68%61%72%6C%69%65==%4D%65%64%69%75%6D%20%55%70%20%53%77%69%6E%67=%47%2D==%31%72%33%34%4C%62%4B%63%75%37%7C%51%79%58%2D%34%47%2D%58%79%79%58%2D%47%7C%51%79%58%2D%47%7C%51%79%58%47%2D%7C%51%79%58%2D%47%7C%51%79%58%2D%47%7C%51%51%7C%4E%31%47%34%54%41%2A%7B%37%44%7C%51%79%58%79%51%58%79%79%58%37%41%7C%51%79%58%2D%45%42%2A%5B%5D%79%51%58%46%7C%51%79%58%2D%47%32%4E%5A%4C%20%51%51%7C%44%37%58%7D%51%79%58%46%47%7C%51%79%58%37%58%79%51%7C%58%2D%47%7C%51%79%58%2D%47%41%2A%5B%5D%51%58%79%37%43%7C%51%79%58%2D%47%7C%51%79%58%37%47%79%51%7C%47%2D%47%7C%51%79%58%2D%58%79%51%7C%47%2D%58%79%51%7C%47%2D%58%79%51%7C%47%2D%20%43%37%4C%5A%46%58%79%51%5A%20=%4A%61%7A%7A%2D%4D%65%64%69%75%6D%20%55%70%20%53%77%69%6E%67=%31%35%35=%33
1a895192-b93c-4dfe-8fb9-885d4215d27a,irealb://%41%6C%20%52%65%79=%43%6F%6E%73%69%6C%65%20%4C%75%63%61%73==%42%61%6C%61%64%61=%47=%32=%31%72%33%34%4C%62%4B%63%75%37%73%75%73%47%7C%34%3C%2A%36%39%51%79%58%73%75%73%47%7C%51%79%58%47%2F%44%51%7C%79%58%73%75%73%47%7C%51%79%58%47%3E%31%20%7C%47%58%79%51%34%54%42%2A%7B%51%79%58%43%7C%2F%47%58%79%51%7C%51%79%58%2D%41%7C%51%79%58%47%3E%32%20%36%39%2A%3C%42%2A%5B%7D%51%79%58%73%75%73%47%7C%45%2D%58%79%51%44%7C%51%79%58%47%7C%51%79%58%2A%36%39%20%33%51%79%58%47%2F%44%7C%51%79%58%43%7C%51%79%42%58%2F%47%7C%51%79%58%2D%41%7C%51%79%58%47%3E%7C%45%2D%2F%47%3C%42%2A%7B%5D%2F%42%58%79%51%7C%43%58%79%51%7D%20=%4A%61%7A%7A%2D%4D%65%64%69%75%6D%20%53%77%69%6E%67=%31%30%30=%33
1a3eb9fd-f4d6-40ef-b950-ef17b6cb8652,"irealb://%41%6C%62%65%6D%61%72%6C%65=%56%69%6E%73%6F%6E%20%57%69%6C%6C==%4D%65%64%69%75%6D%20%55%70%20%53%77%69%6E%67=%43==%31%72%33%34%4C%62%4B%63%75%37%33%64%64%61%73%2D%37%58%79%51%7C%51%79%58%39%62%33%31%43%7C%51%79%58%62%2F%42%5E%62%47%7C%51%79%58%62%41%2F%37%2D%46%7C%44%62%37%73%75%46%34%35%54%5B%5E%47%7C%51%79%2F%41%58%79%51%2D%23%46%7C%51%79%58%37%2D%23%46%7C%51%79%39%58%62%33%31%43%7C%51%79%58%62%42%2F%62%47%7C%37%2F%41,%58%46%7C%51%79%58%62%33%31%23%43%7C%43%23%31%33%2F%47%7C%51%79%58%23%41%2F%23%46%7C%51%79%33%58%64%64%61%73%75%73%37%44%7C%51%79%58%39%62%42%58%79%51%7C%51%79%58%42%2F%31%31%2D%45%7C%43%2D%36%58%79%43%7C%51%79%58%43%2F%37%5E%2D%41%7C%51%79%23%58%43%2F%5E%41%7C%51%79%58%31%31%2D%45%7C%51%2D%36%58%79%51%7C%51%79%58%39%5E%2D%62%41%7C%5E%2F%43%23%58%5E%62%41%7C%51%79%58%31%31%2D%62%45%7C%51%58%79%36%2D%42%7C%51%79%58%43%2F%62%41%7C%51%79%2F%43%58%79%51%41%7C%51%79%58%37%2F%42%58%79%51%7C%42%2D%36%58%79%51%7C%45%62%2D%31%31%58%79%51%7C%41%62%5E%2F%43%58%79%51%7C%47%2F%42%20%20,%55,%20%5A%20=%4A%61%7A%7A%2D%4C%6F%6E%67%20%4E%6F%74%65%73=%32%32%30=%33%30"
1a210890-96ee-4697-b684-f3e6cd820747,irealb://%53%77%69%6E%67%20%33%39%20%31=%52%65%69%6E%68%61%72%64%74%20%44%6A%61%6E%67%6F==%4D%65%64%69%75%6D%20%53%77%69%6E%67=%47==%31%72%33%34%4C%62%4B%63%75%37%37%43%5A%4C%20%41%3C%20%41%41%58%36%62%42%5A%4C%20%6C%63%4B%51%79%58%37%5A%43%4C%20%6C%63%4B%51%79%58%36%62%42%3E%41%42%79%51%4B%63%6C%2A%7B%34%34%54%79%58%37%44%5A%6C%20%4C%5A%7C%51%79%58%62%45%31%4E%5A%4C%20%6C%63%4B%51%58%79%37%44%5A%4C%20%6C%63%4B%51%79%58%36%62%42%4B%63%6C%20%4C%63%4B%51%79%58%62%45%5A%4C%20%20%7D%7C%4E%32%58%37%44%2C%42%2A%2C%5B%5D%20%20%6C%63%4B%79%51%58%47%7C%51%79%58%37%44%7C%51%79%58%62%45%79%51%4B%63%6C%20%6C%63%4B%51%37%62%45%3E%2F%20%20%78%4C%5A%58%3C%37%44%3E%2F%20%3C%20%3E%58%3C%37%62%3E%45%2F%20%3C%5A%4C%20%6C%63%4B%51%79%58%37%44%3E%4C%5A%3C%20%7C%51%79%58%37%3C%58%3E%20%3C%20%2F%3E%44%37%3C%58%3E%20%5D%20==%30=%30
1aac466e-a611-430d-9445-1da16e48195b,irealb://%48%61%6C%6C%65%6C%75%6A%61%68%2C%20%49%27%6D%20%52%65%61%64%79%20%2D%20%50%41%52%4B%49%4E%47%20%4C%4F%54%20%50%49%43%4B%45%52%27%53%20=%54%72%61%64%69%74%69%6F%6E%61%6C==%4A%61%7A%7A%20%2D%20%54%72%61%64%20%4A%61%7A%7A=%43==%31%72%33%34%4C%62%4B%63%75%37%70%61%43%20%20%44%65%66%61%75%20%46%20%5B%20%35%20%6F%70%61%43%20%20%51%58%79%2C%5D%20%43%20%5B%20%3A%79%65%4B%20%74%6C%5D%2C%58%79%51%38%31%2A%3C%20%79%58%51%79%58%20%47%20%5D%3E%42%78%69%44%2F%70%72%61%68%73%32%65%62%20%72%3A%72%41%36%35%2A%3C%20%20%51%79%58%51%79%58%72%75%63%65%3E%5B%20%37%20%6F%69%50%30%36%2A%36%58%79%51%20%58%51%79%58%51%79%58%3E%56%20%2C%56%49%20%49%2C%20%3A%64%65%73%55%20%73%64%72%6F%68%43%20%79%51%20%20%3C%35%2A%3C%20%51%51%79%58%43%7C%20%6E%6F%74%65%51%79%58%46%7C%51%79%58%43%7C%51%79%58%43%34%34%54%41%2A%5B%20%20%51%79%58%3E%32%20%3A%73%7C%43%58%79%51%70%75%2D%6B%63%58%43%7C%51%79%7C%47%58%79%51%58%43%7C%51%79%58%43%7C%51%79%58%46%7C%51%58%79%43%7C%51%79%58%43%41%2A%7C%51%79%58%47%7C%79%51%7C%47%58%51%79%58%43%7C%51%79%58%47%7C%79%51%5D%5B%2A%51%79%58%43%7C%51%79%58%43%7C%51%79%58%43%51%7C%79%58%43%7C%51%79%58%46%7C%51%79%58%46%42%7C%47%58%79%51%58%43%7C%51%79%51%79%58%51%79%7C%46%58%79%51%55%2C%47%7C%51%79%58%43%7C%51%79%58%47%7C%79%51%58%43%7C%51%79%58%43%7C%51%79%58%2C%43%7C%58%79%51%5A%58%51%79%58%46%7C%58%79%51%58%79%51%58%79%51%20%3C%62%23%3E%20=%4A%61%7A%7A%2D%54%72%61%64%20%4A%61%7A%7A=%31%35%32=%33
1ad43818-633b-42f2-92e2-c23e8364db0f,irealb://%49%20%4B%6E%6F%77%20%59%6F%75%20%52%69%64%65%72%20%2D%20%50%41%52%4B%49%4E%47%20%4C%4F%54%20%50%49%43%4B%45%52%27%53%20%20=%54%72%61%64%69%74%69%6F%6E%61%6C==%52%6F%63%6B=%41==%31%72%33%34%4C%62%4B%63%75%37%70%61%43%20%20%44%65%66%61%75%20%44%20%5B%20%35%20%6F%70%61%43%20%20%51%58%79%2C%5D%20%41%20%5B%20%3A%79%65%4B%20%74%6C%5D%2C%58%79%51%38%31%2A%3C%20%79%58%51%79%58%20%45%20%5D%3E%42%78%69%44%2F%70%72%61%68%73%32%65%62%20%72%3A%72%41%38%35%2A%3C%20%20%51%79%58%51%79%58%72%75%63%65%3E%5B%20%37%20%6F%20%51%79%58%51%36%58%79%51%20%3E%49%49%56%2D%74%61%6C%66%20%2C%56%49%20%49%2C%20%3A%64%65%73%55%20%73%64%72%6F%68%43%20%58%79%51%58%79%35%2A%3C%20%51%58%41%7C%51%79%50%69%63%6B%2D%20%47%7C%51%79%58%41%34%34%54%41%2A%5B%20%51%20%79%58%3E%31%20%3A%73%65%74%6F%6E%20%70%75%44%4C%5A%41%58%38%35%2A%3C%20%51%79%58%51%79%79%51%7C%47%20%20%41%7C%51%79%58%41%5A%4C%44%20%47%5A%4C%20%44%47%7C%51%79%58%41%7C%51%79%58%41%5A%4C%44%55%20%20%5A%58%58%41%7C%51%79%58%79%51%58%79%51%58%79%51%20%3C%62%23%3E%20=%50%6F%70%2D%52%6F%63%6B=%31%32%36=%37
1a7c01ff-e0e1-40c6-a91d-a9a33af3df2b,irealb://%41%73%6B%20%4D%65%20%4E%6F%77%20%35=%4D%6F%6E%6B%20%54%68%65%6C%6F%6E%69%6F%75%73==%42%61%6C%6C%61%64=%44%62==%31%72%33%34%4C%62%4B%63%75%37%62%41%5A%4C%37%34%73%47%2D%37%2C%37%41%2C%37%2D%45%7C%2C%37%62%42%2C%37%46%2D%7C%2C%37%42%2C%37%2D%23%46%7C%2C%37%43%2C%7C%6C%45%62%2D%35%54%41%2A%7B%31%4E%5A%4C%37%42%37%23%31%31%2D%62%45%5A%4C%37%62%45%5A%4C%37%5E%62%44%4C%5A%37%44%5A%4C%37%62%45%5A%4C%37%62%42%5A%4C%37%4C%5A%41%62%5A%4C%35%23%37%5B%5D%20%2A%37%62%37%2C%7C%41%44%5A%4C%37%5E%62%44%6C%32%4E%7C%51%79%58%79%51%58%51%79%58%51%79%58%7D%2C%37%62%41%2C%37%62%2A%6D%61%6A%42%2C%37%42%73%37%62%45%5A%4C%45%62%2D%37%4C%62%44%5A%4C%31%31%23%37%44%5A%4C%37%2D%62%5A%45%4C%78%5A%4C%37%5E%62%44%5A%4C%37%62%41%5A%5E%37%4C%5A%78%34%34%54%42%2A%23%46%7C%2C%37%78%78%7C%78%4C%73%34%35%54%41%2A%5B%5D%20%78%5A%4C%31%31%37%23%62%47%5A%4C%37%62%41%5A%4C%37%2D%62%45%5A%47%2D%37%2C%43%5A%4C%78%5A%4C%5A%4C%37%62%42%2C%7C%46%2D%37%37%42%5A%4C%35%23%37%62%41%5A%4C%37%2D%62%6C%45%7C%2C%37%41%2C%37%2D%45%7C%2C%37%62%42%2C%23%31%31%4C%5A%37%42%2C%37%2D%45%62%37%4C%5A%44%37%4C%5A%44%62%5E%37%4C%5A%45%62%37%4C%5A%45%62%2D%37%4C%5A%41%62%37%23%35%4C%5A%44%62%5E%37%4C%5A%78%20%5A%20=%4A%61%7A%7A%2D%4D%65%64%69%75%6D%20%55%70%20%53%77%69%6E%67=%31%36%30=%37
1a2bad87-3873-4a0b-a52d-43acbe1fec7d,irealb://%48%61%72%64%20%59%65%61%72%20%42%6C%75%65%73%20%2D%20%46%6C%69%6E%6E%65%72=%4F%27%42%72%69%65%6E%20%54%69%6D==%50%6F%70%20%2D%20%42%6C%75%65%67%72%61%73%73=%41==%31%72%33%34%4C%62%4B%63%75%37%4B%51%79%58%37%58%79%51%4B%63%20%5A%4C%20%78%20%5A%4C%20%6C%63%4B%51%79%41%58%5A%4C%20%78%20%5A%4C%20%78%20%5A%4C%20%6C%78%20%4C%5A%44%41%34%34%54%5B%37%45%7C%51%79%20%78%20%4C%5A%79%58%37%45%5A%4C%20%78%20%5A%4C%20%78%20%4C%5A%20%6C%63%4B%51%79%58%37%44%5A%4C%20%78%20%51%7C%44%37%58%5A%4C%20%6C%63%20%78%20%5A%4C%37%58%79%51%7C%20%6C%63%4B%51%79%58%41%5A%4C%20%6C%63%4B%79%51%58%41%7C%51%79%58%37%44%7C%51%79%58%37%45%4C%5A%20%78%20%44%7C%51%79%58%4C%5A%41%58%79%51%4B%63%6C%20%20%5A%20==%30=%30
1a4fa260-db7a-4639-843c-05e86b64aa21,irealb://%42%61%6A%6F%20%65%6C%20%61%67%75%61=%4D%65%64%72%61%6E%6F%20%4D%61%6E%75%65%6C==%50%6F%70=%43%23%2D==%31%72%33%34%4C%62%4B%63%75%37%7B%2A%41%54%34%34%43%23%2D%4C%5A%41%39%4C%5A%45%4C%5A%42%3C%2A%37%32%38%78%3E%20%7D%20=%50%6F%70%2D%52%6F%63%6B=%38%35=%33
1a03ad58-f79c-4564-b9d5-73895eb929cd,irealb://%4C%65%74%20%54%68%65%20%53%75%6E%20%53%68%69%6E%65%20%44%6F%77%6E%20%4F%6E%20%4D%65%20%2D%20%46%6C%69%6E%6E%65%72=%54%72%61%64%69%74%69%6F%6E%61%6C==%50%6F%70%20%2D%20%42%6C%75%65%67%72%61%73%73=%44%2D==%31%72%33%34%4C%62%4B%63%75%37%2D%44%7C%51%79%2D%58%79%51%4B%79%58%41%5A%4C%20%6C%63%4B%51%79%58%2D%44%51%7C%79%58%2D%44%7C%51%79%58%41%5A%4C%20%6C%63%51%7C%44%2D%58%44%34%34%54%5B%58%79%51%4B%63%6C%20%4C%5A%20%78%20%4C%5A%20%78%20%4C%5A%44%58%79%51%4B%63%6C%20%4C%5A%41%58%79%51%7C%44%2D%58%79%51%5A%20==%31%33%39=%36
1a21f731-bded-4bb3-993e-579be2a2ff5e,irealb://%49%72%6F%6E%20%43%75%72%74%61%69%6E%20%2D%20%46%6C%69%6E%6E%65%72=%48%6F%77%61%72%64%20%48%61%72%6C%61%6E==%50%6F%70%20%2D%20%42%6C%75%65%67%72%61%73%73=%43==%31%72%33%34%4C%62%4B%63%75%37%63%4B%51%79%58%58%79%51%4B%63%63%4B%51%79%58%43%5A%4C%20%6C%63%4B%51%79%47%58%5A%4C%20%6C%63%4B%51%79%58%46%5A%4C%20%6C%6C%20%4C%5A%43%43%34%34%54%5B%79%58%51%79%58%58%79%51%4B%63%58%5D%51%79%58%43%7C%51%79%58%43%5A%4C%20%20%78%5A%4C%20%6C%63%4B%51%79%58%47%5A%4C%20%6C%79%51%58%79%51%46%5A%4C%20%6C%51%5B%2C%2A%42%2C%46%58%79%51%4B%63%6C%20%4C%5A%43%58%79%51%4B%63%6C%20%4C%5A%44%58%79%51%4B%63%6C%20%4C%5A%47%58%79%51%4B%63%6C%20%20%5D%20==%30=%30
1ababdb2-a2d6-4fa6-92fa-72e2cf67b331,irealb://%4F%6C%64%20%48%6F%6D%65%20%50%6C%61%63%65%20%2D%20%46%6C%69%6E%6E%65%72%2C%20%54%68%65=%52%6F%64%6E%65%79%20%44%69%6C%6C%61%72%64%2C%20%4D%69%74%63%68%65%6C%6C%20%4A%61%79%6E%65==%50%6F%70%20%2D%20%42%6C%75%65%67%72%61%73%73=%42%62==%31%72%33%34%4C%62%4B%63%75%37%4C%20%6C%63%4B%34%42%62%58%79%4C%20%6C%63%4B%51%79%58%62%42%7C%51%79%58%42%62%7C%51%79%58%62%45%7C%51%79%58%37%44%7C%51%5A%46%58%79%51%34%54%41%2A%5B%2A%2C%5B%5D%20%51%7C%44%37%58%79%58%62%42%7C%51%79%58%46%7C%51%79%58%62%7C%42%51%79%58%62%42%7C%51%79%58%62%45%7C%51%79%51%4B%63%6C%20%79%58%62%42%5A%44%7C%51%79%58%51%4B%63%6C%20%6C%63%4B%51%79%58%46%5A%4C%20%6C%63%4B%51%58%79%43%5A%4C%20%6C%63%4B%51%79%58%62%42%5A%4C%20%4C%5A%42%62%79%58%46%2C%42%58%79%51%7C%45%62%58%79%51%7C%42%62%58%79%51%7C%42%62%58%79%51%7C%46%58%79%51%7C%42%62%58%79%51%4B%63%6C%20%20%5A%20==%30=%30
1ae516d3-faff-4e7a-b244-d6cb9e45e648,"irealb://%42%75%64%20%50%6F%77%65%6C%6C=%43%6F%72%65%61%20%43%68%69%63%6B==%4D%65%64%69%75%6D%20%55%70%20%53%77%69%6E%67=%46==%31%72%33%34%4C%62%4B%63%75%37%37%43%7C%51%79%2A%6D%37%62%35%47%7C%51%79%58%74%6C%61%37%44%7C%51%79%58%37%2A%6D%2A%41%7C%51%79%58%37%45%7C%51%79%58%2A%2A%6D%37%2A%58%42%34%34%54%5B%37%62%42%20%37%37,%42%62%37%58%37%5E%46%34%34%54%41%2A%7B%5D%20%74%6C%37%61%43%20%37%62%44%7C,%37%62%41,%37%41,%79%51%7C%42%68%42%7C%51%79%58%4C%37%6F%23%47%58%79%51%7C%44%79%58%37%2D%44%5A%4C%37%62%45%20%37%2D%62%7C%42%51%79%58%37%2D%47%7C%51%79%58%39%23%33%31%51%7C%47%37%20%37%2D%41%5A%4C,%74%6C%61%37%44%37%4C%5A%47%44,%37%62%41%7C,%37%41,%37%62%42%73%37%20%42%6C%7C,%37%43,%37%62%44%73%20%37%2D%62%5E,%6C%43%20%37%2D%41%5A%43%7C%51%79%58%46%37%61%6C%74%36%62%2D%62%42%20%36%2D%62%42%5A%4C%36%62%62%2D%42%20%2D%62%42%5A%4C%20%6C%63%4B%51%79%58%4C%5A%47%68%37%42%2A%5B%7D%20%42%7C%51%79%58%51%7C%45%2D%37%7C%51%79%58%37%5E%42%43%2A%5B%5D%20%39%62%23%37%46%20%37%2D%23%43%5A%4C%39%62%37%41%6C%20%43%5E%37%2F%42%79%58%39%62%37%41%5A%4C%37%44%7C%43%5E%37%2F%4C%37%62%45%20%37%2D%62%42%7C%51%79%58%42%37%2F%5E%43%7C%51%79%58%37%5E%42%7C%51%79%58%42%5A%41%2D%37%20%51%79%58%37%5E%51%79%58%39%62%62%2D%37%4C%5A%58%37%2D%41%5A%4C%37%62%42%20%37%68%42%7C%79%51%58%37%5E%46%41%2A%5B%20%37%43%20%37%2D%47%79%51%7C%44%37%44%20%37%2D%62%37%62%44%73%20%79%51%7C%42%62%37%44%20%37%2D%41%5A%4C%37%6F%23%47%20%37%7C%47%51%79%58%37%2D%44%5A%4C%37%62%45%20%37%2D%4C%5A%47%2D%37%58%37%2D%47%7C%37%46%3E%65%6E%6C%42%37%20%73%4C%51%51%79%58%5A%20%51,%35%23%37%43%6C%5E,%62%44,%37%62%41%7C,%37%41,%37%62%42%5A%66%3C%46%69%7C,%37%43,%23%31%31%58%79%51%5A%20==%30=%30"
1aff6aae-731f-4228-a6d6-83d6fe5a9fd1,"irealb://%42%C4%99%64%7A%69%65%73%7A%20%4D%6F%6A%C4%85%20%4D%75%7A%C4%85=%4B%72%65%73%7A%65%6E%64%6F%20%66%65%61%74%2E%20%4B%75%62%61%20%42%61%64%61%63%68==%50%6F%70=%43==%31%72%33%34%4C%62%4B%63%75%37%2A%7B%5D%51%79%34%3C%2A%37%32%79%58%36%62%42%7C%51%79%58%37%42%7C%51%79%5E%58%43%3E%6F%72%74%6E%69%20%6F%6E%61%69%50%20%51%7C%41%37%58%34%54%69%2A%5B%73%37%47%7C%51%79%51%4B%63%6C%31%4E%7C%51%79%58%37%2D%44%7C%51%79%58%5E%5A%46%4C%20%6C%63%4B%51%79%58%37%2D%41%5A%4C%20%41%2D%37%58%79%58%5E%43%53%41%79%58%37%42%5A%7D%58%79%51%58%51%79%58%5E%43%42%2A%5B%5D%51%79%58%73%75%37%73%47%7C%51%79%58%5E%46%32%4E%5A%4C%20%51%79%4B%63%6C%20%4C%51%79%58%73%75%3E%6F%6E%67%65%4C%5A%43%2D%39%66%61%20%78%32%20%6E%6F%69%74%63%65%73%20%20%42%79%61%6C%50%34%37%2A%3C%6C%63%4B%51%79%58%74%65%72%20%73%20%6C%63%4B%51%20%6C%61%20%2E%5E%39%58%79%51%51%79%58%36%62%42%7C%51%79%58%37%42%7C%51%58%79%5E%43%7B%5D%20%51%20%20%73%75%73%37%47%7C%7C%3C%44%2E%53%62%42%5A%4C%20%42%5A%4C%20%6C%41%37%58%79%51%39%5E%44%5A%4C%20%6C%63%4B%51%79%58%5E%46%4C%5A%20%6C%63%4B%51%79%58%5E%41%51%43%2A%7B%7D%58%79%51%4B%63%3E%61%64%6F%43%37%42%6C%7C,%79%51%7C%42%62%70%7C%51%79%58%5E%43%3E%6B%61%65%72%42%20%37%34%2A%3C%42%2A%7B%7D%51%79%58%31%31%23%37%5E%70%70%73%43%5E%58%73%75%73%37%3E%6F%72%74%75%6C%20%4C%5A%43%3C%7B%7D%51%79%58%73%75%73%37%47%7C%51%79%39%58%5E%62%42%5A%4C%20%6C%63%4B%51%79%58%39%2D%2A%37%34%20%4F%63%4B%51%79%58%43%5E%58%79%51%7C%42%37%58%79%51%7C%42%62%36%58%79%51%7C%3C%46%69%6E%65%3E%41%37%58%79%51%7D%20=%50%6F%70%2D%52%6F%63%6B=%31%30%36=%31"
1ac8a8b7-d5cf-42cf-846e-8f63c906cdde,irealb://%43%6F%75%6C%64%20%49%20%48%61%76%65%20%54%68%69%73%20%44%61%6E%63%65%20%28%54%61%79%6C%6F%72%20%42%29=%49%4E%54%52%4F%3A%20%46%49%52%53%54%20%38%20%20%20%20%20%20%20%20%20%20%20%20%20%20%20%20%20%57%61%79%6C%61%6E%64%20%48%6F%6C%79%66%69%65%6C%64%2C%20%42%6F%62%20%48%6F%75%73%65==%57%61%6C%74%7A=%42==%31%72%33%34%4C%62%4B%63%75%37%5A%4C%20%23%46%34%20%42%20%4C%20%5A%4C%20%23%46%20%5A%4C%20%45%20%5A%4C%23%20%46%20%5A%4C%20%45%20%5A%4C%20%37%42%20%5A%42%20%4C%5A%20%33%54%41%2A%5B%42%2A%7C%5A%4C%20%4C%5A%20%42%4C%20%42%20%5A%4C%20%23%46%20%5A%4C%20%45%5A%20%4C%20%23%46%20%5A%4C%20%45%20%5A%4C%20%37%5A%20%46%23%20%42%20%41%2A%7C%5A%4C%20%42%20%20%42%37%20%4C%23%46%20%5A%4C%20%45%20%5A%4C%20%78%20%5A%20%4C%23%46%20%5A%4C%20%78%20%5A%4C%20%45%20%5A%20%4C%5A%2A%41%5A%4C%20%42%20%70%75%20%6B%6C%5A%20%45%20%4C%5A%4C%20%42%20%5A%4C%20%23%46%20%5A%4C%51%78%20%20%5A%4C%20%42%20%7C%5A%4C%20%2D%45%20%5A%7C%20%3C%57%61%4C%20%37%42%20%72%74%75%4F%20%6F%70%58%79%51%51%79%58%51%79%58%51%79%58%51%79%58%5D%20%23%20%46%3E%29%41%20%41%20%3A%73%6F%6C%6F%53%28%3C%58%79%51%20%74%20%6F%74%20%20%45%20%3E%6E%51%58%79%51%58%6C%61%57%3C%5A%4C%20%42%20%5A%4C%20%78%20%4C%5A%20%23%46%20%51%20%51%79%58%51%79%58%51%79%6B%20%64%6F%77%79%58%3E%3A%6F%4C%5A%20%42%20%20%5B%20=%4A%61%7A%7A%2D%4D%65%64%69%75%6D%20%53%77%69%6E%67=%39%30=%33
1ac65467-2448-4b5e-8fd9-82ac1af592a4,irealb://%43%72%69%73%69%73%20%28%48%69%67%68%20%45%6E%65%72%67%79%20%31%39%37%34%29=%48%75%62%62%61%72%64%20%46%72%65%64%64%69%65==%46%75%6E%6B=%42%2D==%31%72%33%34%4C%62%4B%63%75%37%2F%23%43%7C%51%34%42%2D%37%20%2A%7B%59%20%20%51%79%58%51%79%58%7D%20%3E%34%78%32%31%2A%3C%20%20%70%6C%7C%2C%37%45%73%20%41%42%37%58%79%34%54%69%2A%7B%37%2D%42%5A%4C%43%2F%42%58%79%42%5A%4C%35%23%39%23%37%23%46%20%42%2F%41%51%7C%79%58%42%2F%23%41%7C%7C%51%79%58%42%7C%51%2D%37%20%45%39%7C%51%79%58%42%46%2F%73%75%73%5B%2A%42%47%37%39%2D%23%47%6C%7C%2C%39%44%2C%73%75%73%37%73%41%20%73%75%73%37%42%5A%4C%35%23%37%23%46%20%20%73%43%23%37%7D%20%39%45%20%51%79%58%42%2F%7C%44%23%2D%37%42%2F%37%23%43%7C%51%79%58%37%42%6C%41%2A%5D%5B%2C%37%43%2C%73%75%73%39%23%46%2C%37%44%2C%58%79%51%7C%43%2C%39%23%43%2C%3C%51%7B%59%5D%7C%7C%41%23%2F%20%37%2D%42%5A%4C%39%45%20%37%2D%42%5A%4C%23%35%39%23%37%23%46%20%42%2F%41%7C%51%79%58%42%45%39%2C%51%20%51%79%58%42%7C%2A%30%39%56%61%6D%70%20%61%6E%64%20%46%61%64%65%20%4F%75%74%3E%42%2D%37%20%45%39%4C%5A%20%78%20%3C%2A%31%38%38%78%3E%20%7D%20=%50%6F%70%2D%47%6C%61%6D%20%46%75%6E%6B=%39%33=%33
1ac5d537-d381-49fd-a2a1-62db54cb4252,irealb://%45%63%73%74%61%73%79=%41%72%74%20%56%61%6E%20%44%61%6D%6D%65==%53%6C%6F%77%20%53%77%69%6E%67=%45%62==%31%72%33%34%4C%62%4B%63%75%37%42%20%2D%46%5A%62%5E%58%79%51%42%20%2D%42%7C%51%79%58%5E%62%41%5A%4C%37%42%62%20%62%42%5A%4C%20%78%20%5A%4C%20%6C%63%4B%2A%2D%5E%2A%4C%45%34%34%54%7B%2D%2A%42%20%2D%62%5E%20%42%62%5E%62%41%7C%51%79%58%37%62%45%5A%4C%20%78%5A%20%4C%20%6C%63%4B%51%79%58%5E%62%45%5A%4C%37%58%79%51%7C%42%45%5A%4C%37%62%51%79%58%5E%62%2D%20%42%62%37%44%20%2D%62%41%7C%51%79%58%5E%62%47%5A%4C%62%37%44%20%2D%62%41%7C%51%79%58%5E%62%45%5A%4C%62%37%4C%5A%47%46%5A%4C%2A%5E%58%2D%62%42%5A%37%4C%5A%42%62%4C%20%6C%63%4B%51%79%58%5E%62%45%7C%51%79%5E%58%62%42%5A%4C%37%46%20%2D%43%7C%51%79%58%5E%5A%20%78%20%4C%46%20%2D%43%7C%46%2C%62%45%32%5E%58%79%51%7C%62%42%2C%62%41%2C%5E%62%45%73%31%4E%5A%4C%62%37%42%20%2D%46%5A%4C%2A%5E%2D%2A%42%20%2D%42%37%20%7D%7C%4E%62%41%7C%51%79%2D%2C%46%23%68%2C%45%62%5E%5A%20==%30=%30
1a62b558-6bd7-4071-af2b-75bc0059c18b,irealb://%4D%61%6B%69%6E%67%20%50%6C%61%6E%73%20%2D%20%46%6C%69%6E%6E%65%72=%4A%6F%68%6E%6E%79%20%52%75%73%73%65%6C%6C%2C%20%56%6F%6E%69%20%4D%6F%72%72%69%73%6F%6E==%50%6F%70%20%2D%20%42%6C%75%65%67%72%61%73%73=%47==%31%72%33%34%4C%62%4B%63%75%37%63%4B%51%79%58%58%79%51%4B%63%63%4B%51%79%58%44%5A%4C%20%6C%63%4B%51%79%47%58%5A%4C%20%6C%63%4B%51%79%58%43%5A%4C%20%6C%6C%20%4C%5A%47%47%34%34%54%5B%6C%20%4C%5A%43%58%79%51%4B%63%6C%20%4C%5A%47%58%79%51%7C%44%58%79%51%7C%47%58%79%51%4B%63%6C%20%20%5D%20==%30=%30
1a6b8226-6083-4e5d-b108-552ff85a808a,irealb://%4D%61%73%20%45%6C%20%44%69%6F%73=%57%69%74%74%20%4D%61%72%63%6F%73==%42%61%6C%6C%61%64=%41==%31%72%33%34%4C%62%4B%63%75%37%58%2C%2D%23%46%34%41%58%79%51%2C%73%75%73%45%5A%4C%2C%41%2F%37%2D%42%20%37%2C%2D%42%5A%4C%2C%2D%23%46%20%2C%2D%23%43%7C%20%45%2C%4C%5A%34%54%41%2A%5B%20%2C%44%6C%42%2D%37%2C%20%46%43%2F%41%73%2C%45%20%2C%73%75%73%45%5A%4C%41%2C%2F%37%2D%42%20%2C%37%2D%42%5A%4C%2C%2D%23%23%2C%5D%5B%2A%23%43%7C%51%79%5A%4C%2C%2D%23%43%23%2D%29%20%7C%2C%23%47%2F%45%2C%23%46%2F%44%73%20%2C%5A%44%4C%2C%23%43%2F%41%20%2C%41%7C%29%2D%42%28%6C%41%2C%20%46%28%20%29%44%28%75%73%45%7C%51%7C%45%73%75%73%44%7C%51%79%58%47%2F%41%7C%51%79%58%41%43%7B%2A%20%20%51%79%58%51%79%58%5A%20%2C%45%20%2C%2F%46%23%58%79%51%79%58%2C%44%73%20%45%20%7D%20==%30=%30
1a9a7822-2612-4242-9ad9-c6e5e9ff477a,irealb://%47%69%72%6C%20%53%65%6E%73%65=%4F%4F%48%59%4F==%46%75%6E%6B=%43%2D==%31%72%33%34%4C%62%4B%63%75%37%4C%62%45%5A%4C%34%3C%2A%36%39%62%41%31%4E%5A%4C%62%45%5A%4C%37%2D%47%5A%37%4C%2D%46%5A%4C%37%2D%43%3E%6F%72%74%6E%49%20%4C%5A%46%2D%37%34%54%41%2A%7B%62%41%33%4E%5A%73%34%2A%20%7D%51%79%58%7D%20%37%2D%43%5A%4C%2D%47%5A%4C%5A%47%4C%62%41%32%4E%5A%4C%20%51%79%58%51%79%58%58%79%51%20%4C%75%73%2A%47%5A%2A%5B%5D%20%43%4C%5A%45%62%4C%4C%47%5A%4C%62%41%5A%4C%62%42%5A%4C%37%2D%5A%47%4C%37%2D%46%5A%4C%37%2D%43%5B%5D%20%47%5A%5A%47%2D%4C%5A%37%2D%46%5A%4C%4C%37%2D%47%5A%38%58%79%51%20%37%2D%46%7B%20%37%2D%43%5A%4C%37%2D%47%5A%62%4C%42%5A%4C%37%2D%46%3E%73%75%72%6F%68%43%20%4C%5A%42%62%4C%36%2A%3C%53%42%79%58%7D%20%2C%43%20%7D%7B%46%47%5A%4C%62%42%5A%4C%37%2D%46%31%4E%5A%4C%2D%37%43%5A%4C%37%2D%47%5A%4C%62%42%5A%4C%37%2D%2D%37%4C%5A%43%3E%78%33%3C%5A%37%2D%47%5A%4C%4C%5A%4E%32%41%2D%46%3E%6F%6C%6F%53%20%39%36%2A%3C%43%2A%5D%7B%20%51%78%5A%4C%37%2D%43%5A%4C%47%5A%4C%62%37%4C%5A%42%62%20%51%79%58%51%74%75%4F%20%39%4C%5A%46%2D%37%7B%7D%20%2C%43%3E%61%64%6F%43%20%6C%61%20%53%2E%2E%44%3C%5A%4C%37%2D%43%5A%4C%62%42%5A%4C%2A%44%3C%2A%36%37%2D%43%5A%4C%72%6F%3E%46%2D%37%4C%5A%42%62%4C%5A%47%2D%37%4C%5A%3C%33%78%3E%43%2D%37%20%7D%46%2D%37%4C%5A%42%62%4C%5A%47%2D%37%20%5A%20=%50%6F%70%2D%47%6C%61%6D%20%46%75%6E%6B=%31%32%30=%31
1ad7effc-8ab4-4a7f-8cbe-1113839acec8,irealb://%48%79%64%72%6F%46%61%72%65%30%31%20%32=%48%79%64%72%6F%6E%61%75%74%73==%50%6F%70%20%2D%20%53%6D%6F%6F%74%68=%43%2D==%31%72%33%34%4C%62%4B%63%75%37%47%5A%4C%78%5A%34%43%2D%4C%5A%78%5A%4C%2D%46%5A%4C%78%5A%4C%78%5A%4C%78%43%3E%42%41%20%43%42%20%42%41%42%41%36%36%2A%3C%4C%5A%43%2D%4C%34%54%41%2A%7B%23%43%5A%4C%78%5A%43%2D%4C%5A%4C%78%5A%4C%23%43%5A%4C%78%5A%4C%2D%43%3E%3C%20%42%2A%5B%20%20%51%79%58%51%79%58%5D%20%78%5A%43%2D%4C%5A%4C%2D%46%5A%4C%4C%23%43%5A%4C%43%2D%4C%5A%78%3E%20%3C%42%2A%5B%59%7D%20%78%5A%4C%23%43%4C%5A%78%5A%4C%2D%43%5A%4C%78%5A%4C%23%43%5A%4C%43%2D%4C%5A%78%5A%4C%78%5A%4C%3C%43%2A%5B%5D%2D%4C%5A%78%4C%43%5A%4C%78%5A%4C%2D%43%5A%4C%78%5A%4C%23%5A%43%4C%78%5A%4C%2D%43%5A%4C%78%5A%4C%23%43%5A%23%4C%5A%78%20%43%5A%4C%78%5A%4C%78%5A%4C%78%42%72%69%64%67%2D%43%41%2A%5B%20%20%51%79%58%51%79%58%5D%78%20%5A%4C%23%43%5A%4C%78%5A%4C%23%46%3E%20%65%4C%5A%78%4C%5A%20%20%39%36%2A%5A%4C%78%5A%4C%78%4C%5A%43%2D%42%2A%5B%20%20%51%79%58%51%79%58%5D%20%78%4C%5A%2D%43%5A%4C%2D%46%5A%4C%47%5A%4C%78%5A%4C%3C%20%3E%43%2D%5A%4C%2D%46%5A%5B%5D%20%78%5A%4C%5A%43%2D%4C%78%5A%4C%2D%43%5A%4C%78%5A%4C%23%43%5A%4C%5A%78%4C%2D%43%5A%4C%78%5A%4C%23%43%5A%4C%78%5A%4C%5A%43%23%4C%78%5A%4C%23%43%2A%43%3C%2A%36%39%20%20%42%72%69%64%67%65%20%3E%46%23%4C%5A%78%4C%5A%43%23%4C%5A%78%20%5D%2C%51%2C%43%2D%20%5A%20==%30=%31
1a8d77a1-dfb9-4a2e-9cc8-e26f38e37f45,irealb://%49%20%56%49%20%49%49%20%56=%47%69%6F%76%61%6E%6E%69%20%42%61%74%74%69%73%74%61%20%47%61%65%74%61%6E%6F==%4D%65%64%69%75%6D%20%53%77%69%6E%67=%43==%31%72%33%34%4C%62%4B%63%75%37%32%4E%7D%51%79%5E%58%79%51%7C%7C%51%79%58%5E%43%7C%51%79%58%74%6C%61%37%7C%47%51%79%58%37%2D%44%7C%51%79%58%39%62%37%41%4E%31%43%5E%58%43%34%34%54%7B%44%30%33%2A%3C%2A%36%36%53%65%20%68%74%34%20%70%75%20%6F%54%20%38%34%2A%5D%3C%20%3E%20%65%73%6F%70%73%6E%61%72%74%20%74%6F%72%20%3E%20%3C%20%20%37%43%6F%77%6E%20%31%2F%32%3E%20%3C%2A%31%32%53%74%65%70%3E%20=%4A%61%7A%7A%2D%4D%65%64%69%75%6D%20%55%70%20%53%77%69%6E%67=%31%35%32=%31%32
1a7522a5-b5cc-4ad6-8351-e77e33be2886,irealb://%4D%69%67%68%74%20%47%65%74%20%4C%6F%75%64=%45%6C%65%76%61%74%69%6F%6E%20%57%6F%72%73%68%69%70%20%2D%20%42%72%61%6E%64%6F%6E%20%4C%61%6B%65==%47%6F%73%70%65%6C%6C=%41=%31%31=%31%72%33%34%4C%62%4B%63%75%37%4C%20%5A%4C%47%34%41%2C%2A%41%41%6C%42%2A%5B%7D%2C%73%75%73%44%73%51%79%7C%58%51%79%58%44%7C%2C%47%51%79%58%7C%51%79%58%4C%5A%20%4C%5A%34%54%69%2A%7B%75%72%6F%68%43%4C%5A%41%4C%5A%73%72%65%56%20%35%34%2A%3C%5D%20%20%5A%4C%5A%41%4C%20%5A%4C%44%5A%4C%20%5A%4C%47%5A%4C%20%65%20%2F%2F%20%20%5A%4C%44%5A%51%79%58%51%79%58%79%51%20%7B%43%2C%41%2C%47%70%2C%41%3E%2E%34%20%36%36%3C%2A%30%4E%7D%2C%41%2C%47%70%2C%41%31%4E%69%2A%2C%43%2C%7D%58%3E%32%78%20%73%47%70%2C%41%31%41%2C%70%47%2C%79%58%51%79%58%7D%2C%43%2C%43%2C%41%2C%47%2C%70%41%3E%2E%34%20%36%36%2A%3C%30%4E%7D%2C%41%51%7B%2A%69%4E%31%4E%43%2A%7B%47%70%2C%41%31%2C%70%47%2C%73%7D%2C%43%2C%43%2C%41%2C%23%47%2C%47%70%2C%6C%41%3E%2E%34%20%36%36%2A%3C%30%4E%7D%2C%23%47%20%7B%2A%44%4E%41%2C%23%47%2C%47%2C%47%70%2C%2C%70%47%2C%73%7D%2C%43%2C%43%2C%41%2C%23%47%2C%47%70%2C%6C%41%3E%2E%34%20%36%36%2A%3C%30%4E%7D%2C%23%47%20%7B%2A%69%41%41%2C%23%47%2C%47%70%2C%41%2C%47%2C%73%47%23%2C%41%5B%20%3E%33%78%20%31%32%2A%3C%7D%2C%2C%43%43%2C%41%2C%23%47%2C%47%70%2C%41%6C%7C%2C%70%47%2C%47%23%70%2C%41%2C%23%2A%7B%20%3E%35%7C%3C%2A%36%36%2F%2F%78%20%68%43%20%35%34%2A%3C%5D%2C%43%43%2C%2C%41%20%2C%43%2C%43%2C%41%6C%3E%2E%34%20%2E%20%20%31%2E%2C%23%47%73%2C%33%2A%3C%7D%2C%70%47%2C%47%23%2C%23%47%2C%47%70%2C%41%6C%3E%2E%34%20%36%2A%36%3C%30%4E%7D%2C%23%47%73%2C%47%70%2C%41%2C%41%2C%43%2C%43%2C%41%31%4E%69%30%20%78%34%3E%20%7B%2A%76%41%58%79%51%7C%47%58%79%51%7C%44%58%79%51%7C%43%2C%43%20%3C%2A%31%35%78%32%3E%20%7D%20==%30=%30
1af56f7c-6705-4afe-a5c5-e40a7180555a,irealb://%4E%6F%77%20%46%6F%72%65%76%65%72=%53%76%65%6E%20%53%63%68%75%73%74%65%72%20%20%28%53%75%73%61%6E%6E%65%20%41%6C%74%20%51%75%61%72%74%65%74%29==%4D%65%64%20%55%70%20%4C%61%74%69%6E=%44==%31%72%33%34%4C%62%4B%63%75%37%4C%78%5A%4C%73%34%44%37%23%39%4C%78%5A%4C%39%23%37%44%41%2A%5B%7D%20%20%20%78%5A%4C%20%78%20%5A%4C%20%6C%63%4B%51%79%58%5A%46%37%73%75%34%54%69%2A%7B%2C%39%23%37%44%78%4C%5A%44%37%37%47%5A%4C%78%5A%4C%2C%73%75%73%37%46%5A%78%4C%5A%4C%39%23%37%44%5A%4C%6E%5A%4C%2C%39%23%4C%5A%78%4C%5A%5A%4C%37%47%5A%73%75%73%37%44%7B%2A%42%42%68%79%58%37%2D%44%31%4E%5A%4C%33%31%62%37%41%37%20%68%45%7C%51%79%58%37%62%42%7C%51%79%58%37%51%7D%7C%4E%32%5D%20%6E%5A%4C%4C%73%75%73%37%6C%20%4C%5A%20%4C%39%23%37%44%3E%73%27%6F%6C%6F%53%20%20%37%32%2A%3C%41%2A%7B%5D%51%79%58%6E%5A%4C%20%78%5A%78%4C%5A%46%63%4B%51%79%58%37%44%5A%4C%78%37%4C%5A%78%4C%4C%78%5A%4C%2C%73%75%73%37%46%5A%4C%78%5A%39%4C%23%37%44%5A%4C%78%5A%4C%2C%39%23%37%44%5A%5A%47%37%4C%5A%47%5A%4C%78%5A%42%7C%51%79%58%78%4C%5A%2A%42%79%58%37%2D%44%5A%4C%33%31%62%37%41%20%37%45%68%7C%51%79%58%37%62%42%7C%51%79%58%37%68%42%51%7C%42%68%37%5A%4C%2C%39%23%5A%4C%20%78%20%7C%45%68%37%20%4B%51%79%58%73%75%73%37%44%32%4E%7C%7D%51%58%79%2C%37%2D%44%31%4E%7C%5A%4C%33%31%62%37%41%63%6C%20%4C%5A%51%79%58%37%62%6E%58%79%51%5D%20=%4A%61%7A%7A%2D%42%6C%75%65%20%4E%6F%74%65=%31%35%36=%33
1a9e86de-350d-4965-b188-bbb75286a0ef,irealb://%50%72%65%6E%64%69%6C%61%20%43%6F%73%C3%AC=%42%61%74%74%69%73%74%69%20%4C%75%63%69%6F==%52%6F%63%6B%20%50%6F%70=%41%62==%31%72%33%34%4C%62%4B%63%75%37%41%5A%4C%46%2F%34%46%2D%4C%5A%2F%42%5A%4C%46%2F%43%5A%4C%2D%46%7D%20%46%62%2F%42%5A%4C%2C%46%2F%62%44%5A%4C%46%2F%62%45%46%4C%5A%42%62%34%54%69%2A%7B%5A%4C%37%2D%62%62%2F%46%4C%5A%41%2A%2C%53%7B%59%5D%20%20%7C%2C%72%20%5A%78%4C%5A%4C%46%5A%4C%46%2F%62%47%5A%4C%46%2F%47%2C%3C%20%3E%42%41%5A%4C%46%2F%62%44%5A%4C%2C%37%4C%5A%78%4C%37%62%45%5A%4C%78%5A%4C%37%2D%62%42%5A%4C%5A%78%4C%37%2D%46%5A%4C%78%5A%4C%37%2D%62%42%5A%4C%5A%41%62%5E%2D%46%5A%4C%78%39%5E%62%41%5A%5A%47%2D%37%4C%5E%62%44%5A%4C%78%5A%4C%39%5E%62%41%5A%4C%5A%78%4C%39%5E%62%44%42%2A%5B%59%7D%20%2C%43%5A%39%4C%5A%78%4C%4C%78%5A%4C%5E%6E%69%46%20%6C%44%62%5E%39%4C%44%3C%43%5A%4C%37%2D%47%5A%4C%78%5A%4C%39%62%5E%44%5A%4C%78%5A%4C%39%5E%62%41%5A%4C%78%5A%2E%53%2E%20%61%5A%4C%78%5A%4C%45%5A%4C%37%2D%5B%2A%43%51%42%5A%4C%37%2D%46%5A%4C%78%5A%4C%37%2D%62%42%4C%5A%78%5A%4C%37%2D%46%5A%4C%78%5A%4C%37%2D%62%78%4C%5A%42%62%59%5D%20%3E%65%62%37%4C%5A%41%62%5E%2C%4C%5A%44%62%5E%4C%5A%78%4C%5A%47%2D%37%4C%5A%43%2C%3C%63%6F%64%61%20%61%64%20%6C%69%62%3E%20%5D%20=%50%6F%70%2D%52%6E%42=%31%30%30=%33
1aaf36ad-3f82-4b52-afa5-3e89336d9e2e,irealb://%52%69%6F%20%28%52%6F%62%65%72%74%6F%20%4D%65%6E%65%73%63%61%6C%29=%52%2E%20%4D%65%6E%65%73%63%61%6C%2C%20%52%2E%20%42%C3%B4%73%63%6F%6C%69==%53%61%6D%62%61=%46==%31%72%33%34%4C%62%4B%63%75%37%39%44%5A%4C%20%32%47%5E%37%58%58%39%45%7C%51%79%58%33%31%62%41%7C%51%79%37%58%5E%47%7C%51%79%58%73%75%73%39%47%7C%51%79%79%51%4B%63%6C%32%54%69%2A%5B%5E%46%5A%4C%29%20%41%62%37%62%43%20%47%2F%57%5A%4C%20%78%20%5A%4C%20%78%5A%20%4C%44%2F%57%20%39%2D%47%41%2A%7B%5D%20%39%39%28%47%62%39%70%7C%51%79%58%58%51%79%58%7D%4C%5A%57%2F%46%2F%39%23%46%7C%51%79%58%23%43%2F%39%2D%23%31%43%4E%5A%4C%37%5E%62%42%20%29%37%5E%62%42%28%46%23%58%79%51%43%2F%57%20%39%79%58%23%43%2F%4E%32%41%5E%37%43%5A%4C%20%78%20%5A%4C%44%2F%57%20%2C%37%47%5E%42%2A%5B%5D%20%20%78%20%5A%4C%45%2F%57%20%23%39%73%75%73%5A%4C%20%51%79%5A%4C%46%2F%57%62%39%23%35%2F%42%7C%2C%43%2F%57%2C%46%2F%57%20%2C%41%2F%5A%57%4C%43%2F%57%20%39%5E%46%7C%51%79%58%23%46%62%37%62%35%20%37%23%46%7C%51%57%2C%44%2F%57%5B%41%2D%39%2F%4C%20%78%20%5A%4C%62%41%2F%57%20%62%41%2F%62%39%41%5A%4C%20%78%20%5A%4C%41%2F%57%20%2C%41%5A%47%2D%39%20%5D%20%20%78%20%2C%39%2D%41%5A%2D%39%2F%41%58%20%31%31%23%33%31%62%45%7C%2C%44%2F%57%2C%42%62%2F%57%2C%46%2F%57%2C%39%2D%62%42%7C%51%79%57%2F%42%62%4C%41%7C%2C%47%2F%43%2F%57%2C%43%2F%41%4C%5A%44%47%2F%57%2C%47%2F%57%2C%47%2F%57%2C%47%2F%2D%39%47%5B%2C%44%2F%57%2C%41%2F%57%20%35%23%39%2C%7C%43%39%2F%57%2C%43%2F%57%51%79%58%5D%20%73%47%2D%39%2F%31%23%33%31%62%41%6C%7C%2C%47%2F%57%2C%47%57%2F%2C%47%2F%57%2C%47%2F%39%2D%47%6C%7C%2C%47%31%2C%20%6E%51%2C%43%2F%57%2C%3E%2E%4F%2E%46%5B%51%47%62%5E%65%70%65%52%3C%5A%4C%43%2F%57%20%31%31%23%5E%39%46%7B%20%20%78%20%5A%4C%62%44%2F%57%20%39%61%74%20%26%20%20%20%51%79%58%20%78%20%3C%2A%32%31%36%78%3E%20%7D%20=%4C%61%74%69%6E%2D%42%72%61%7A%69%6C%3A%20%53%61%6D%62%61=%31%34%30=%32
1aa4192c-437d-45ba-b6d6-1a27409dd7b2,irealb://%52%6F%73%65%20%28%42%65%74%74%65%20%4D%69%64%6C%65%72%29%2C%20%54%68%65=%4D%63%42%72%6F%6F%6D%20%41%6D%61%6E%64%61==%43%6F%75%6E%74%72%79%20%42%61%6C%6C%61%64=%43==%31%72%33%34%4C%62%4B%63%75%37%43%7C%2C%47%20%34%43%35%58%79%51%79%58%42%2F%47%7C%51%79%58%35%43%41%2A%20%5B%20%51%79%58%51%79%58%5D%20%20%6C%63%4B%51%7C%46%2F%41%20%34%54%69%2A%5B%51%79%58%41%2F%43%35%58%79%51%42%2F%37%5E%43%42%2A%5B%5D%51%79%58%35%43%2C%7C%47%20%20%41%2F%46%7C%51%79%58%42%2F%47%7C%58%79%51%7C%43%7C%51%79%58%35%41%2A%7B%5D%20%7C%47%73%75%73%64%61%43%7C%2C%47%20%20%41%2F%46%7C%51%79%42%58%2F%47%7C%51%79%58%43%43%2A%5B%5D%20%47%20%64%39%4C%5A%78%51%79%58%46%7C%7C%2C%47%20%20%58%79%51%7C%47%47%7C%51%79%58%39%64%64%61%43%7C%7C%51%79%39%58%64%64%61%43%7C%2C%47%20%20%46%7C%51%79%58%58%79%51%7C%46%39%64%64%61%43%58%39%64%64%61%58%79%51%7C%5B%51%79%58%47%7C%51%79%58%36%46%7C%51%79%58%2D%37%41%7C%51%79%58%42%2F%37%5E%43%31%4E%42%2A%7C%5B%2A%43%43%39%64%64%61%43%79%58%46%7C%51%79%51%7C%46%20%7C%51%79%58%2D%45%32%4E%42%2A%5B%7D%20%2C%64%39%64%61%43%5A%4C%39%64%64%61%43%7C%2C%47%20%41%2D%39%58%79%58%47%7C%51%79%4B%51%79%58%39%51%5D%5B%2A%43%5A%4C%78%5A%4C%39%64%64%61%43%7C%2C%47%20%46%20%7C%51%79%58%47%7C%51%79%58%39%64%64%61%43%7C%43%61%64%64%79%58%47%7C%51%63%6C%20%20%5A%20=%50%6F%70%2D%53%6C%6F%77%20%52%6F%63%6B=%37%30=%31
1a61ac83-b7fc-417f-9ae3-0dc8e015e40b,irealb://%53%61%62%61%6E%61%73%20%42%6C%61%6E%63%61%73=%54%6F%72%72%65%73%20%4C%65%6F%6E%69==%42%61%63%68%61%74%61=%42%62%2D=%33=%31%72%33%34%4C%62%4B%63%75%37%46%7C%51%79%58%2D%58%79%51%7C%79%58%2D%62%42%41%2A%7B%7D%20%3E%78%33%3C%20%20%62%44%7C%51%79%58%62%47%7C%51%79%58%2D%46%51%7C%42%62%2D%62%42%69%2A%7B%51%79%58%2D%46%46%2D%58%79%51%62%42%42%2A%7B%7D%51%79%58%62%41%7C%51%79%62%58%41%7C%51%79%58%62%47%7C%51%79%58%62%47%7C%2D%58%79%51%7C%7C%51%79%58%2D%51%79%58%62%44%51%7C%4E%31%44%47%7C%51%79%58%2D%46%7C%51%79%58%2D%62%42%2A%43%5B%5D%20%2D%46%20%62%44%7C%7D%51%79%58%62%62%58%79%51%7C%79%58%62%47%7C%58%2D%46%7C%51%79%51%7C%46%2D%7C%51%79%58%2D%62%42%41%2A%7B%7D%20%3E%78%3C%33%20%20%62%44%7C%51%79%58%62%47%7C%51%79%58%42%62%2D%58%79%58%2D%62%42%7B%47%7C%51%79%58%58%79%51%7C%47%58%2D%62%42%42%2A%7B%7D%51%79%58%62%41%7C%79%51%58%62%41%7C%51%79%58%62%47%7C%51%79%58%62%79%51%7C%46%2D%2D%46%7C%51%79%78%36%3C%20%20%4E%31%44%62%58%58%62%47%7C%51%79%58%2D%46%7C%51%79%58%2D%42%62%43%2A%7B%5D%20%2D%46%20%62%44%7C%7D%51%79%79%51%7C%44%62%7C%51%79%58%62%3E%20%7D%20=%4C%61%74%69%6E%2D%43%75%62%61%3A%20%42%6F%6C%65%72%6F=%31%31%30=%31
1a147dfb-1418-4270-b1c0-81bbadc3bfc0,irealb://%53%74%72%61%73%62%6F%75%72%67%20%53%74%2E%20%44%65%6E%69%73=%48%61%72%67%72%6F%76%65%20%52%6F%79==%4D%65%64%69%75%6D%20%46%75%6E%6B=%41%62==%31%72%33%34%4C%62%4B%63%75%37%62%37%62%45%20%20%43%2D%37%4C%4C%37%2D%43%20%37%2D%62%42%5A%4C%51%79%58%72%7C%51%79%58%5A%4C%37%2D%43%20%37%5E%62%44%5A%5A%44%62%5E%37%37%2D%62%42%5B%39%4C%5A%41%62%5E%37%58%79%51%7C%46%37%62%39%58%79%51%7D%20=%50%6F%70%2D%52%6E%42=%39%35=%33%30
1ae452ad-0f39-4f5a-90ba-2b6843236b53,irealb://%57%61%79%20%59%6F%75%20%4C%6F%6F%6B%20%54%6F%6E%69%67%68%74%2C%20%54%68%65%20%20%66%6F%72%20%4C%6F%67%69%63=%4B%65%72%6E%20%4A%65%72%6F%6D%65==%55%70%20%54%65%6D%70%6F%20%53%77%69%6E%67=%43==%31%72%33%34%4C%62%4B%63%75%37%41%7C%51%79%58%34%43%5E%37%58%2A%7B%59%7D%20%37%47%20%73%75%73%37%47%7C%79%51%58%37%2D%44%7C%51%79%58%37%2D%41%7C%51%79%41%53%43%5E%37%34%54%69%2A%7B%58%37%2D%47%7C%7C%44%2D%37%58%7C%51%79%58%37%2D%44%7C%51%79%58%37%2D%41%51%7C%79%58%37%5E%43%7C%51%79%58%37%47%7C%51%79%47%37%58%79%51%51%79%58%37%2D%51%79%58%37%47%58%79%51%7C%44%2D%44%7C%51%79%58%37%2D%41%7C%51%79%58%37%43%5E%31%4E%7C%51%79%58%37%47%7C%51%79%58%37%2D%37%58%79%51%7C%37%43%7C%51%79%46%7C%51%79%58%5E%37%58%79%51%79%58%37%5E%43%33%4E%7C%7D%20%51%20%20%37%7C%47%51%79%58%37%2D%44%7C%51%79%58%37%2D%41%7C%51%7C%45%62%68%43%32%4E%7C%7D%79%58%37%5E%62%7C%42%62%37%58%37%62%42%7C%51%79%58%37%2D%46%7C%51%79%58%45%68%7C%51%79%58%37%5E%62%45%42%2A%5B%5D%51%79%58%79%51%7C%45%51%79%58%37%2D%58%37%62%42%7C%20%47%62%68%4C%46%7C%51%79%58%68%45%7C%51%79%58%37%5E%62%7C%45%51%79%58%37%62%42%7C%51%79%58%37%2D%46%5A%2D%37%58%79%51%37%2D%47%7C%51%47%51%7B%59%5D%5E%37%58%79%51%3E%61%64%6F%43%20%6C%61%20%2E%53%2E%44%3C%51%7C%79%58%37%2D%44%7C%51%79%58%37%5E%62%41%7C%47%37%58%79%51%62%45%7C%51%79%2D%37%58%79%51%7C%43%37%58%79%51%7C%44%2D%37%58%79%51%7C%47%37%73%75%73%20%47%37%3C%33%78%3E%20%7D%20=%4A%61%7A%7A%2D%55%70%20%54%65%6D%70%6F%20%53%77%69%6E%67=%32%34%30=%31
1a460131-3599-47a8-a4bb-55bbcca107fd,irealb://%57%68%65%6E%20%4C%69%67%68%74%73%20%41%72%65%20%4C%6F%77%20%31=%43%61%72%74%65%72%20%42%65%6E%6E%79==%4D%65%64%69%75%6D%20%53%77%69%6E%67=%42%62=%37=%31%72%33%34%4C%62%4B%63%75%37%43%20%37%2D%43%34%42%62%5E%37%47%20%37%2D%44%5A%4C%37%2D%43%20%37%5E%62%5A%42%4C%37%2D%43%20%37%2D%44%5A%4C%37%2D%43%20%37%23%39%4C%5A%34%54%41%2A%7B%79%58%51%79%58%4C%5A%41%62%37%58%7D%20%74%6C%61%37%46%20%36%62%42%31%4E%4C%5A%37%46%20%37%2D%43%5A%4C%37%47%20%31%31%23%79%51%58%79%51%62%42%2F%37%2D%58%29%37%5E%62%62%36%20%45%37%44%5A%4C%29%37%62%41%28%37%62%41%20%29%37%62%2D%45%28%37%2D%62%45%42%2A%5B%5D%20%31%31%23%62%5E%37%28%44%42%32%4E%7C%51%29%37%44%28%37%2D%37%28%47%62%41%28%37%2D%41%7C%51%79%58%29%37%5E%45%28%5E%37%45%5A%4C%29%37%2D%42%28%37%42%20%29%37%2D%2D%37%29%20%44%62%47%7C%51%79%29%39%62%37%46%28%47%5E%37%29%20%29%37%2D%43%28%37%2D%43%5A%4C%29%37%43%37%28%43%20%29%37%2D%47%28%37%2D%47%7C%51%79%58%46%37%62%39%28%37%5E%47%5A%4C%2D%43%20%37%2D%42%62%5E%37%20%37%47%20%37%2D%44%5A%4C%37%2D%43%20%37%5E%42%62%5A%4C%37%2D%43%20%37%2D%44%5A%4C%37%2D%43%23%39%4C%5A%43%41%2A%5B%5D%20%37%2F%42%62%4C%5A%41%62%37%23%31%31%20%47%37%4C%5A%43%2D%37%20%46%37%4C%5A%42%62%36%20%46%37%61%6C%74%20%5A%20=%4A%61%7A%7A%2D%4D%65%64%69%75%6D%20%53%77%69%6E%67=%31%31%30=%36
1af52892-44c7-47b3-9efe-4eaf6842462c,irealb://%CE%9E%20Major%20chords%20Random%201%20%281%20bar%29=Valentin%20Thorey==Medium%20Swing=C%20==1r34LbKcu7%20A%20ZLGb%20LZ%20bB%20ZL%20bD%20ZL%20FZ%20L%20C%20ZL%20D%20ZL%20E%20LZ%20G%20%20%5B44TLZ%20Ab%20LZ%20Eb%20LZ%20B%20%20%5D==120=0
1ad23a51-3a08-47d1-8522-7dc24463246a,irealb://%D0%9C%D0%B5%D0%B6%D0%B4%D1%83%20%D0%9D%D0%B0%D0%BC%D0%B8%20%D0%9B%D1%8E%D0%B1%D0%BE%D0%B2%D1%8C%3D%D0%A1%D0%B5%D1%80%D0%B5%D0%B1%D1%80%D0%BE%3D%3DMedium%20Swing%3DD-%3D%3D1r34LbKcu7%5BD-XyQ%7CBbXyQ%7CFXyQ%7CA7XyQZ%20%3D%3D0%3D0
1a32966f-11d2-4bc7-88eb-6f52d5edc4a8,irealb://%D0%A1%20%D0%94%D0%BD%D1%91%D0%BC%20%D0%A0%D0%BE%D0%B6%D0%B4%D0%B5%D0%BD%D0%B8%D1%8F%20%E2%80%94%2002%3D%D0%90%D0%BB%D0%BB%D0%B5%D0%B3%D1%80%D0%BE%D0%B2%D0%B0%20%D0%98%D1%80%D0%B8%D0%BD%D0%B0%3D%3DDisco%3DE%3D%3D1r34LbKcu7bB%7CQy*69%20%20yX-D%7CQyX-D%7CQyX%7CFQyXF%3E%D1%8F%D0%B8%D1%86%D1%8F%D0%BB%D1%83%D0%B4%D0%BE%D0%9CQ%7CBbX%3CB*%5BY7C%7CQyb-6XyyX-D%7CQyX-D%7CQyX%7CAQyXFB*%7CQyX7C%7CQQ%7CBbXB%7CQyXQyXF%7CyQXyQbB%7CQyX-D%7CQyXA%7CyQXF%3EADOC27*%3C%7B%20%20%20C7%20%7DX%5DQyX%7CAXyQ%7CD-XyQ%7CBb%20C7LZ%7CFXyQ%7CBb%20C7LZFXyQ%7CFXyQZ%20%3D%3D0%3D0
1a28e57d-4646-4581-b50f-b65e4dfc07d7,irealb://%D0%A1%D0%BE%D0%BB%D0%BD%D1%86%D0%B5%20%D0%9C%D0%BE%D0%BD%D0%B0%D0%BA%D0%BE%3D%D0%A7%D0%B5%D0%B1%D0%BE%D1%82%D0%B8%D0%BD%D0%B0%20%D0%9B%D1%8E%D1%81%D1%8F%3D%3DMedium%20Swing%3DB-%3D2%3D1r34LbKcu7X-BA**66%20RA%7CQyX-E%7CQyXG%7CQXy-B%3Edap%20%2B%20sedohXyQ%7D%7B%3C44T%7BX-B%3E%3FyQ%7CE-mylop%20%2027*%3CB*%7B%20%7D%3E4%D1%8566*%3C%20%20A%7CQyXasterXG%7CQyX-B%3EdyQ%7CE-sedohR%2096*%3CA*%7B%20%7D%3E4%D1%8536*%3C%20%20A%7CQyX%20%2B%20paXG%7CQyX-B%3E%20yQ%7CE-mylop%20%2017*%3CB*%7B%20%7D%3E4%D1%8566*%3C%20%20A%7CQyXasterXG%7CQyA%7CQyXyQ%7CE-XG%7CQyX-B%3Edap%20%2069*%3CB*%7B%7DQyXA%7CQyXyQ%7CE-XG%7CQyG%7CQyX%3C*36XZQyXQyXQyXQyX%5DQ%20yX%3E%20%D1%82%D0%BA%D0%B0%D1%82%201%20%20Qy%7B*BB-%5B%7DQyXXyQ%7CE-XyQ%7CA%20%3C*57%D0%B8%D0%BD%D1%82%D0%B5%D1%80%D0%B0%D0%BA%D1%82%D0%B8%D0%B2%3E%20%3C*72%D1%85%20times%3E%20%7D%20%3DJazz-Medium%20Swing%3D100%3D3
1af1aca1-0ae0-4845-9c02-d728612f602b,irealb://%D7%9E%D7%A9%D7%94%D7%95%20%D7%97%D7%93%D7%A9%20%D7%9E%D7%AA%D7%97%D7%99%D7%9C%3D%D7%A8%D7%95%D7%91%D7%A1%20%D7%93%D7%A0%D7%99%3D%3D%D7%99%D7%A9%D7%A8%D7%90%D7%9C%D7%99%3DG%3D7%3D1r34LbKcu7EZL%20l4Gadd%2C9ddaGSA*%7BZL%20xZ%20L%20x%20ZL%20lcKQyX9XyQKc4Ti*%5BXCB*%7B9)XyQusD%7CQyX7hA%7CQyXA-ZL7E%20-DZL%20x%2C%20%7Cs%20D%20%7D-E(7-.D%3CQ%7CyQ%7CA-A2N%7D%20%2CG%20F%7CQyX7A-1N%7CQyX7-B%7CQyX7-7XyQXG%7CQyS96*%3C%20CodayXD%7CQyXsusDQZLQ%20yXQyX%5D%20D%20susD%3EQ%5D%7B*Ala%20.SQyX9-add9%2CcKQyX%3Esrab%20tsrfi%2021%20no%20QyX96*%3Cl%20LZEG%3Eolo%7CQyXGZD-%20EB*%7B%7D%20D%20susD%7CQy7XhA%7CQyX-AZLtla7CXyQ%7CL%20lcKL9ddaXyQ%7CBE%7CQyX7-A2N%7C%7D%20%2C%20GF%7CQyX7-A%7CQyX7-XyQ%7CA7-A1NL7%5EbB%23-9LZLC%7C%2CE%2CsusEZL7hZBL-B%7C%2C7%23F%2C-EZLxZB7LZFZLxZZAadd9LZxLZxLZAadd9%20%5D%7C%20%3DJazz-Medium%20Swing%3D100%3D3
1a241e53-2518-4327-9419-e89bbd2fd4a5,irealb://%D7%9E%D7%A9%D7%94%D7%95%20%D7%9E%D7%9E%D7%A0%D7%99%3D%D7%A1%D7%A7%D7%A2%D7%AA%20%D7%94%D7%A8%D7%90%D7%9C%3D%3DPop%3DC%3D0%3D1r34LbKcu7yX%7C%5D%204FXyQ%7CQyXC%7CQyXFZLE%20ussE%7CQyXhB%7CQyXC%7CBh%20E74Ti*%5BZLs%20%20A-XyQ-D%7CQyXF%7CQyX-A%7CyQXG%7CQyX-D%7CQyXF%7CXyQ%7CGA*%5B%20QG%7CQyXsG%2C%7ClXF%7CQyX-AlZLs%20%20%7CGQyX-Dl%7C%2C-As%20%20FyQ%7CD-%20%20-Al%5B%207E%20BFXyQyXC%7CQyXFZLG%2F-A-%20AZL7E%20hB%7CQyXC%7CQ%7CB-7*%7CQyX%7CQyX-*iFXyF%7CQyX-AA*%5B%20E%20ssuE%7CQyXhB%7CQyXC%7CQXyQ%7CD%5B%20QyXE-%20%20sLZlA-XyQ%7CFXyQ%7CD-%20D-%2FBLZEsus%20E%20%5D%20%3DPop-Rock%3D115%3D1
1a87fcf2-3f3d-4897-aa30-95c8ddd4656d,irealb://%E3%82%84%E3%81%98%E3%82%8B%E3%81%97%E3%82%BD%E3%83%B3%E3%82%B0=%43%6F%72%6E%65%6C%69%75%73==%50%6F%70=%44==%31%72%33%34%4C%62%4B%63%75%37%51%79%58%78%7C%2D%39%58%79%51%51%79%58+%41%7C%51%79%58%39%2D%45%7C%7D%79%51%58%78%7C%51%79%58%44%7C%51%79%58+%41%7C%7C%44%58%79%51%45%34%34%54%7B%51%79%58%39%2D%51%7C%43%58%79%58%78%7C%51%79%58%44%7C%51%79%58%43%7C%51%58%79%23%41%7C%51%79%58%78%7C%51%79%58%44%7C%51%79%51%7C%7B%45%79%58%47%7C%7C%7C%51%79%58%23%51%7C%44%58%79%2D%46%7C%51%79%58%78%7C%51%79%58%46%7C%51%58%79%43%7C%51%79%58%47%7C%7D%51%79%58%78%7C%51%58%79%51%7C%41%79%58+%41%7C%79%58%2D%43%7C%7C%78%58%79%51%41%7C%51%79%58%42%2F%57%7C%51%79%58%43%2F%7C%57%51%79%58%23%43%2F%57%7C%51%79%58%2D%44%7C%23%2D%58%79%51%51%79%58%23%44%58+%41%7C%51%79%51%7C%44%62%7B%7D%51%79%58%78%7C%51%79%58%44%7C%51%79+%58%41%7C%51%79%58%39%2D%45%7B%7C%51%79%58%2D%45%2D%39%58%79%58%62%44%7C%51%79%51%7C%44%58%79%51%7C%78%58%79%51%7D%20=%4C%61%74%69%6E%2D%42%72%61%7A%69%6C%3A%20%42%6F%73%73%61%20%45%6C%65%63%74%72%69%63=%31%30%35=%30
1a2bad9c-a82c-454e-925b-d2354a17b48e,irealb://%E5%B1%85%E9%85%92%E5%B1%8B%3DComposer%20Unknown%3D%3DBallad%3DC%3D2%3D1r34LbKcu7yX-AZ4AXyQ%7CQyX-D%7CQyX-A%7CQXy7E%7CQyXF%7CQyX-D%7CF%20E7L4TA*%5B%7CQyX-XyQ%7CD%20F%7CQyX-D%7CQyX-AQ%7CyX7E%7CQyXF%7CQyX-E7LZA-A%5B%7CQ%7CQyX7yQ%7CA-7B%7CQyX-A%7CQyX-DQ%7CyX-A%7CQyX7E%7CQyXXyQ%7CEX-DB*L7A%20-XyQ%7CD%20F%7CQyX-D%7CQyX-AQ%7CyX7E%7CQyXF%7CQyX-E7LZA-AA*%5BX-AZLXyQ%7CA%7CQyX-A%7CQyX-DZLA7%20-A%7CQyX7E%7CQyX-B7%20E7-DC*ZyQ%5D%20%3DJazz-Medium%20Swing%3D100%3D3
1ad01d16-26e7-4271-9efd-53622dc7ae96,irealb://I%20Would%20Do%20Anything%20For%20You%3DHill%2C%20Williams%2C%20Hopkins%20%281932%29%3D%3DMedium%20Swing%3DEb%3D%3D1r34LbKcu7bE1NZ4Eb%20EFZL-C%20bEZLQyX%7CQryXZL-bA%20bAZL7b%20Bb7L4TA*%7BL7D%207l%20%20%7DXbB%20GB*%5B%5D%207D%20bEQ%7CyXbE2NZL%20QyXQyoLZA-cKQyXL7bE%20Kcl%20L%5DQyX7bB%7CQyXbBZ7LF%207-CZLobD%20bBZ%5B*AEbQyXGZZAb%20Ab-LZXyQr%7CXyQLZEb%20C-LZF%20Bb7LZEbXyQKcl%20%20%5D%20%3DJazz-Medium%20Swing%3D100%3D3
1a2c315a-dda0-459d-b197-2b592afe1d2c,irealb://Memories%3DEgbert%20Van%20Alstyne%2C%20Gus%20Kahn%201935%3D%3DMedium%20Ballad%3DF%3D%3D1r34LbKcu7QyX7FT44FXZL%20lcKQyX7CZL%20clKQyX7GZL%20lcKQyFXyQ%7C%2CA*%2C%5BF%2CB*%2CQKcl%20KQyX7CZL%20lcKQy7XG%7CQyX7D%7CQyXFZLcl%20LZyXbB%7CoF%7CQyl%20LZGyX7F%7CQyXFZL%20lcQKyX7CZL%20lcKQyX7Q%7CBbXcKQyXXyQ%7CFXyQ%7CD7XyQ%7CG7XyQ%7CC7XyQ%7CFXyQKcl%20%20%5D%20%3DJazz-Ballad%20Swing%3D60%3D3
1aed10b6-afde-42cc-8dfe-027d78f61d43,irealb://This%20Is%20My%20Country%2C%20Land%20Of%20My%20Birth%20%28Version%202%29%3Dbe2sharp%20ARR:%3D%3DZz%20Set%20A%20Preferred%20iReal%20Style%3DC%3D%3D1r34LbKcu7%20%2CyllyQ%20%20AG%20.gnos%20ruoy%20rfo%20yek%20eht%20tsujdeneraX06*%3Cno%20drthe%20%3Esal%20eht%20ro/dna%2C%20eton%20tsal43*%3C%20t%20cho%20s'tirtni%20%20song%20QyX46*%3CQyXQyXyQXQyXQyX%3E.egap%20%20Thisruoy%20lP83*ies%20tnos%20eht%20fo%20sersuaem%204%20tsrif%20ehg.%3E%20%3Cpoc%20oyXQyXlody%2Cnetsil%20tsuj%20ro%2C%20sdrohc%20eht%20ro%20.%3EXyQem%20ya7-DZLyQXyQA*%5B%5D%207GZL7-DZLA-ZLC44Ti*%5B%20%20QyXCLZA-XQyXQ-AsZLZCLZAZL7-DZL-AZLCl%7C%2C%7C7G%2C7-DsZL-EZL-G7LZCL7GZL%2C7GZL7%2CG7%2C7-DZLFZLCZLCZLZFLFlB*%5B%5D%2C7C%2C7C%7C%2CW%2C%7CG-DZL%2CehT%20%20ZA-LZ*%3C%5D%20CZLCl%7C%2C7G%2C-7DsZLCZL7GZL7-D48XyQLC%7C%2CW*%3C%20%3E%2C:%20echeht%20fo%20serusae%20mruof%20ts1%20eht%20o%20songadoc%20yXQyXn%20holn%20gnidne%20%2Cgnol%2C%20eno%20tsuj%20tuo%20dote.%3Eeht2224*%3CZyQXyQZLCfZLCfZLCfZLG7ZL7-DZL-AZLCQ%5BfC%2CU%20XQyXQ%20%3E031Try%20tgniwS%20muideM-zazJ%20:selytS%20eseh/%20mm%20%20%20QyXaJ%20%20Qop-Co%3CQyXQyXQyXQyXQXy%3E241%20mm%20/yrtnu*60XyP41*%3CkcoR-ue%20NoXQyXQyX26*%3C%20%20QXyQyX%3E231%20mm%20/etyQPoplB-zz/%20mm%20116%3EXyQXyQ%20%20%3Cb%23%3E%20%3DJazz-Medium%20Swing%3D130%3D3
1a5e9a35-5de7-4c2c-a9de-726af8fa6b28,irealb://17%202bar%20All%20%2D%20Random%20A%20%2D%20Minor%20Triad=JonBlanckMusic%2Ecom==Medium%20Swing=C==1r34LbKcu7L%20%2DG%20LZ%20x%20ZL%20%2DD%20ZL%20x%20ZL%20A%2D%20ZL%20x%20ZL%20%2DE%20ZL%20x%20LZ%20%2DC%20%7C%20ZL%20%2DZ%20Bb%2D%20x%20ZL%20%2D%23G%20ZL%20xZ%20L%20%2D%23F%20ZL%20x%20ZL%20LZ%20EbL%20x%20Zx%20LZ%20C%23%2D%20LZ%20x%20LZ%20B%2D%20LZ%20x%20LZ%20F%2D%20LZ%20x%20%20%5D%20=Jazz%2DBossa%20Nova=120=3
1a0f1511-c3b9-4ef1-9f12-e2b85a6e58ab,irealb://Dorian%20B2%20%28Mm2%29=Charts%20Practice==Medium%20Swing=C==1r34LbKcu7cKQyX4E%2a%2d7%2aDZL%20lcKQyX%2a9b%2d7%2aAZL%20lcKQyX%2a9b%2d7b9%2a4TA%2a%7b%20lcKQ%2a%2d7b97%2d%2aFZL%20lcKQyX%2ab97%2d%2aCZL%20lcKQyX%2ab9%2aXyGZL%20lQyX%2a9Bb%2a%2d7AZL%20lcKQyX%2a9b7%2a%2dbEZL%20lcKQyX%2a9bb%2a%2d7bB%2a%7c%5d%20QyX%2a9ZDb%2a%2dZL%20lcKQyX%2a9b7%2db%2aGZL%20lcKQyX%2a9b7B%2a%2d7bL%20lcKKcl%20%20%7d%20==0=0
1aed2843-b8f9-41af-af71-97d87b0b6d11,irealb://up%20in%20minor%203rds%20minor%20%28c%29=Charts%20Practice==Medium%20Swing=C==1r34LbKcu7%5bT44C%2d7XyQ%7cEb%2d7XyQ%7cF%23%2d7XyQ%7cA%2d7XyQ%5d%20==0=0
1ad6dcdd-cf40-41a7-9668-b51abd22554e,irealb://Levantate%3DD'Clario%20Christine%3D%3DRock%3DG%3D%3D1r34LbKcu7X-EZL4D%2C%20E%7CQyXGA*%7BQyXF%7C%7D%3E%203X96*%3C%20%20C1NZL-D%2CpF%234Ti*%7BQyXGB%20%3C*69F2N%7C%7D%20%3E3X96*%3C%20C%201NZL-E%20D%7B%7D%20%3E4XXyQ%7B*%20C%7CQyZL-E%20%7CD%2CpF%20%20C%7CQyXC%7CQyX-EQ%7CyX-EZL%23Fp%2CDZL%23Q%20%7D%7BDQyXG%7CZL-E%20yQ%20%20TuS%20%2066*%3CC*%7B%7D%20%20%20%3E96*%3C%20C%3EC%2CB%2CA%20oave%3EDX27*%3C%20%20QyX72X3%3E*%3C%7CQyXFZLC%20D2N%7D%7CQyXC%7CQyXD1N%7C%7D%2066XyQ*%3C%20%20CB%7CQyXC%3EFXyXG%7CQyXG%3EetatnaevL%20%20QyX96*%3CQ%7B%7DQyQ%7CB-%2CB%20oT-XyQ%7CCXyQ%7CCXyQ%7CDXyQ%7CDXyQ%7DD%2C%20E-LZCXyQZ%20%3DPop-Rock%3D115%3D1
1a45f5ee-6c41-47a6-9aa7-3f06c50eeb20,irealb://Quiero%20Vivir%20para%20Ti%3DVissep%C3%B3%20Vanessa%3D%3DSlow%20Rock%3DE%3D%3D1r34LbKcu7-%23C%20B4E%2C*A%20erP96*%3C%7B%7DQyXAQ%7CyX-%23C%7CQyXB%7CQyXcoro%3E4Ti*%7ByX96*Q%7CB%20C%29B%28%20%20-%23C%7CQyXB%7CyQXEB*%7B%7DQyXAZL-%23LZA%20%3CyXAZL%20oTQy%3E%20%20%7D%7B%20-%23F%7CQyXA%7CQyXEQ%7CyX-%23C%3EoloS96*%3C%3C*69XA%20oTQB%3E%20%20%7D%20%3DPop-Slow%20Rock%3D70%3D1
1a5602c4-0c10-49ee-b7bc-6a81a1264239,irealb://Digno=Gosen==Ballad%20Even=C==1r34LbKcu7LBp%2CG4FXyQA%2A%7BQyX%23G%7CQyXF%7CyQXD%7CQyXFZLEp%2CC%7CCXyQ%7C4Ti%2A%5ByXF%7CQQ%7CFXyyX%2DAB%2A%7B%7DQyXCZL%20GF%7CQyXDZLG%20%2DA%7CQQ%7CGXyyX%2DAZyX%2DASyQ%7CFX%7CQyXG%7CQyXFQ%7B%7DQXyCZLG%20F%7CQyXG%7CQyF%20GLZX%2DA%7CQQ%7DSC%20=Jazz%2DBallad%20Even=60=3
1a4b8c3f-2dd0-4f21-909a-8b06227a5d0d,irealb://Langebro%3DLarsen%20Kim%3D%3DRock%3DF%23-%3D%3D1r34LbKcu7ZLE424F%23-%20-%23FZL%20E%20ZLA%20-%23ZFLA44TZLD42TZLE%20ALZT4TA*%5BT44C%23-LZD%20ALZT24C%237%2CLZT44F%23-%20%5D%20%3D%3D0%3D0
1a2efeda-2446-405b-bb15-4863a1afa040,irealb://Aebersold%20%2D%20Variations%20On%20Blues%20%239%20%2D%20SwingGuitarGuy=Jamey%20Aebersold%20%2D%20Dan%20Hearle==Medium%20Swing=F==1r34LbKcu7ZL7E%207XyQ%7CQyX7bBZL7F%20%2C7%2D%7CCQyX%2C7F%7CQyX%2C7bB%7CB%2D7%2CF44T%5BF7%20E7LZEb7%2C%20D7LZG%2D7XyQ%7CC7%2C%20Bb7LZA%2D7%20D7LZG%2D7%20C7%20Z%20==0=0
1a5d8998-d7ee-4d72-9704-c93ec13c0c7e,irealb://Apache%3DLordan%3D%3DRock%3DA-%3D%3D1r34LbKcu7*m*A%7Cm*XyQQyX*m*ASA*%7B%5DQyDX%7CQyX*m*A%7CQyXD%7C%7CDXyQ*Ai*%5B%7CQyX**m*XyyX*m*D%7CQyX*m*DQ%7CyXG%7CQyX*m*D%7C%7DQQ%7CA*mA%7CQyX%7DQyX*A*m*XyX*m*A%7CQyXF%7CQyFXB*%7B%5DQyX*m*A%7CQyQ%7CA*m%7CQyXD%7CQyX7yQ%7CGXC%7CQyXG%7CQyXF%7CQy*Xm*AZL*m*A%20C%7CQyXyQ%7CCXFC*%7Cm*A%7CQGXyQ%7CA%7CQyXF%7CQyXFB*%7BQ%7CyX*m*AZL*m*A%20C*m*Xy%7CQyXFyXD%7CQS.%20alA%7CQyXD%7CQyX*m*Ae%3EniF%3C%7C%7D%20%20%3EeniF%20*m*Xy.D%3C%20*Q%7CA*m*XyQZ%20%3DPop-Rock%3D135%3D1
1a26c949-b624-457c-b331-f338b397efa0,irealb://Liebetwist%3DComposer%20Unknown%3D%3DRock%3DA%3D%3D1r34LbKcu7ZLxZL4ALZxLAZLEZLDZLxZLBLZxZLbGZLxZLbDZLZx%20%5BA4TA*%5BZLxZLb7LZGL-DB*%5BZLxZLAZLZELDZLxZLBZLxZLbZxLZADZLbDZLDZLGb-LZLxZLbGZLxZLbDZxLZLAC*%5BZL7EZLbDZBLZxZL-bGZLxZLZx%20%5BD*%5B%207EZLbDZLxZLb-GZLxZL-AZLxZL-AT44ALAZLEZLAZLLZGbLlB*%5B%7C%2C7A%2CAsZLALZEZLDZLxZLBZLxZD-LZxxZLbDLBZLB-LZxL-bGZLxZLbDZLxZAL%2CC*%2C%5BZL7EZLbDZLZxLZbGZLxZDXyQ%7CEXyQ%7CAXyQ%7CxXyQZ%20%3DPop-Rock%3D115%3D1
1a4d918f-f29f-4190-8fbd-4ad411170cfa,irealb://Harmonic%20Minor%20(3%2C6DominantChord)%3DComposer%20Unknown%3D%3DMedium%20Swing%3DF%3D5%3D1r34LbKcu7G%7CQyX7XyQ%7CX7-G%7CQyX7D%7CQyX-7G%7CQyX7D%7CQyX7-GyQ%7CD7D44T%5BQyX7D%7CD7Xy-G%7CQyX7D%7CQyX7-%7CGQyX7D%7CQyX7-G%7CQ7XyQ%7CQyX7-yXZLQyQ%7CXyyXZLQyXZLQyXZLyQXZLQyXZLQyXZLQQLZXyX7-G%7CyXZLQQLZXyyXZLQyXZLQyXZLyQXZLQyXZLQyXZLQQLZXyyXZLQyXZLQQLZXyyXZLQyXZLQyXZLyQXZLQyXZLQyXZLQQLZXyyXZLQQLZXyQLZXyQLZXyQ%20Z%20%3DJazz-Medium%20Swing%3D120%3D3
1a2922dc-29ae-4399-9583-c3ef00ea4a2a,irealb://Show%20Type%20Tune%3DEvans%20Bill%3D%3DUp%20Tempo%20Swing%3DC%3D%3D1r34LbKcu7%23C/5%23%5E7%20A77-A%7CQyX%23G/7E%7CQXy7-G%7CQyX7-DZL5%23%20A7%239FlA*%5BQyXC/%20D-7/yX7-D%7C%7CQyXtla7%7CAQyXbB/5b7-EZLCQ%7CF%5E77-DZLEZL7GbXyQ%7CL7-%23F%207-%23CZL7E5%20b7-B%7CZL7-D%207-AZD-7%20B/-G%7CA%207%5EF7LZF-%207-GZL7bD%207-bALZ7-C%207-GZL7bB%207C7%20%5D%5B-A%207-ZL7-DD-7XyL7oB%2C%2011%237bBZL-7D%207-A%7CQyX7-G%7CQZF/C%20ZL5%237%20.%20.%201XyQ%7C%20.%20.%20.%20.%20ladepC%20%3CZLbD/11%239bE%20%20.%20.%20.1%239bEL5%239C%20.%20.%20Lo%23F%207%5EF%3E%20%20.%20..%20%20.%20.%20.%20.%20.%20.%20.ZG-7%20.%20.%20.%237bBZF7LZG7-AZLo%23G%207-GZL-7D%207-AZL6-bB%20B/%20D-7L%207%5EFZ11%20Bo7LZF/C%20D-7LZG-7%20C7altLZF%2CC7alt%20LZC7alt%20%20U%20Z%20%3D%3D0%3D0
1a307ea5-4ece-41ab-bb82-7548cd6d9538,irealb://Helpless%3DNeil%20Young%20(Crosby%2C%20Stills%2C%20Nash%20%26%20Young%20-%20CSNY)%3D%3DFolk%20Ballad%3DD%3D2%3D1r34LbKcu7%7CrQyX44%3C*77GZLA%20D%3E)ht61%20ngiws(%2065%20mpb%20%204%2CXyQ%7CTi*%5BY7GZLAY%7B*AD%7D%20%3Ex436*%3CQyX%7CryQX%7CQyX9ddaGZLA%20%7B*BD%20%5D%20QyX9ddaGyQr%7CX%3E).rtsni(%20edulertni%2047*%3C%5BY%7D%20QyD%20ALZX%7CQyXZLA%20DyQr%7CXQyX%7CrQyX%7CQyX9dadGZLA%20DA*%7BY%5D%20Qy%20%7D%7B*BX%7CQyXG7XyQ%7CXyQr%7C%3CXyQ%20%20vamp%20out%3EXyQ%3C*634x%3E%20%7D%20%3DPop-Smooth%3D56%3D1
1add7c81-f207-4847-acf8-56b15429a956,irealb://8.27%20GC%20Medley%202%3D2%20of%204%3D%3DPop%3DC%3D%3D1r34LbKcu7%7B%7D%20%20%3E74%20%20FX90*%3C%20E%7CQyX%23F%7CyQXB%7CQyXE%3EreveroyQ%20x4*%3Cv*%7BF%3E%20skQ%7CBXyU%20depmuP%20%2027*%3C*i%5B%7DQyXE%7CQyX%23F%7CQp%20KicyXEC*B%7CQyXAbXyQXbA%7CQyX-F%3EQyX%3C*v%7B%5DQyXbB%7CQyXbE%7CyQ%7CEb%7CQyX-%20ni*%5B%7B%2C*C%2Cx%20QyX51*%3C%20bB%7CQXybE%7CQyXbA%7CQyX-F4%3E%20%20%7D%7DQyXbL-A2N%3C*69%20ZL%2CC1NZL%20%2C-DZL%2C%20F%3EskloF%20gnuoY%20A-%2C%20%7D%2Cv*%2C%7B%7CQyX-%2C*C%2CFF2N%7C%7D%20xZL%2CCZLxLZF1NZLxZLCZLxZLXyQ%7CD%7B%5D%20xZA-XyQ%5B*inXyQ%5D%20%3D%3D0%3D0
1a02827d-8bf6-4fa9-ac65-8f3ac4bc25b5,irealb://Bossa%20Nova%20Usa%3DBrubeck%20Dave%3D%3DBossa%20Nova%3DF%3D%3D1r34LbKcu7KQyX%5ET44GhX7F%7CQyXhCZL%20lcQKyX%5EF%7CQyX7C%7CQyXyQ%7CBb%2CA*%2C%5BhG%7CQyDh%20G7L7bE%20hbB%7CQyX%5EbZBL7F%20hC%7CQyX%5ECZLZAb%5EXZL%20lc%7CQyX77XyQ%5DhCZL%20lcKQyX%5EF%7CyQX7C%7CQyXhG%2CB*%2C%5BXyQ%7CFC%7CQyXbAZL7QKcl%20B%7CQyX%5EbBZL7F%20h%7CCQyX%5ECZL7G%20hDZLbh%20EbyX%5EbB%5EXyQ%7CGhXyQ%7CC7XyQ%7CF%5EXyQKcl%20LZ%20x%20LZ%20x%20%20Z%20%3DLatin-Brazil:%20Bossa%20Electric%3D120%3D3
1a224b04-23dd-49b8-8a28-6aab8664b858,irealb://Be-Bop%3DGillespie%20Dizzy%3D%3DUp%20Tempo%20Swing%3DF-%3D%3D1r34LbKcu77hG%20-4F-%20G7C%207hG%7CQyXC/-FLZ6-bB%20bA/-FZL7hb9LZF4TA*%7B9%237bBAb%20Bb-FB*%5BY%7D%20-Fl%2C7Ch%2CGs%7CQyXC/-FZL6-7XyQ%7C/-FZL9b7C%20b%5E7XyyX7%5EbD%7CQyX9%237b%7CAQyX7-bEZL%20lcKQQ%7CGh7E%7CQyX7hG%20-AF-%20G7C%207hG%7CQyXC/-FLZ6-bB%20bA/-FZL7hb9LZF*%5BY%5D%20LZF-/Ab%20Bb-6LZF-/CXyQ%7CsGh%2CC7%2ClF-%20Z%20%3D%3D0%3D0
1adf96b0-9d3b-442b-95cb-a103855a81a6,irealb://Feels%20So%20Good%3DMangione%20Chuck%3D%3DFunk%3DF%3D%3D1r34LbKcu7yX7-D%20%20sC/-AZLbB/7C%207C%7CQXy7-G%7CQyX7-Dl%7C%2CE7XyQ%7CF44T%5BX9ddaXyQ%7CEX7-D%7CQyX9ddabEQ%7CyX7-DZL9%237A%207hyQ%7CEb7-G%7CQ7-Gs%7CyQ%7CEbG%7CQyX7%5EbBl%7C%2CC/D-s%20%207-D%7CQyX9dda-7XyQXF%7CQyF%7CQyXBb%2CBoX7-G%7CQyX%23F/7D%7CyQXF%7CQyXsus7Cl%7C%2CyQ%7CC7%2C7-A%2CXyQ%7CD7/F%23XyQ%7CG-7XyQ%7CC9sus%20%20%20Z%3D%3D0%3D0
1ada5947-59ff-4bb6-bf2e-9f2d245581c2,irealb://Struttin%20With%20Some%20Barbecue%3DLilian%20H.%20Armstrong%3D%3DMedium%20Swing%3DF%3D%3D1r34LbKcu7C%7CQyX4F%20F%23%20lcKQyXF%7CQyX7CLZo%23F%20F%7CQyX7CZLoLZG-74Ti*%5BZL%20lcF%20F%23o%7CQyX7%5EFA*%7BYQyXC7%7CQyX7G%7CQyX7CZLFXyQK%7CQyX7QyX7-F%5E7Xy%20hE%7CQyX7-GZL%20lKcQyX7DZL7F%206F%7CQA7LZDZL%20x%20%20ZL%20lZG7XyF%7CQyX7%5EFB*%5BY%5DQXyx%7CQyX7CZL%20lcKQXyQKcL%20lcKX7D%7CQ-7XyQ%7CQyXoB%7CQyXbBZLl%20cKQyXbB%7CQyX7F%7CF/CXyCZL%20xyQ%7CG-7XyQ%7CC7XyQ%7CFXyQ%7CC7XyQ%7D%20%3D%3D0%3D0
1add269e-6d4f-47e6-b10f-f74dad1ac1be,irealb://Prisoner's%20Song%2C%20The%3DDalhart%20Vernon%3D%3DBluegrass%3DG%3D%3D1r34LbKcu7X%2CG%7CZ4GXyQQyXGZL%20lcKQyXDLZ%20lcKQyXCZL%20lcKKcl%20L4TA*%5B%20lcKQXyQ%7CC%5B%5D%20%20lcKQyXGZL%20clKQyXDZL%20lcKQyX*BGXy7G%7CQyKQyXCQKcl%20G%7CQyX%2CG%7CZL%20lcKyQXGZL%20lcKQyXDZL7XyQ%7CyXCZLcl%20LZDXyQKcl%20LZGXyQKcl%20%20Z%20%3D%3D0%3D0
1aec5b6e-543b-4a28-bf13-9a899e02948d,irealb://Der%20G%C3%A5r%20Min%20Klassel%C3%A6rer%3DComposer%20Unknown%3D%3DMedium%20Swing%3DC%3D%3D%5B%20%3D%3D0%3D0
1adb5393-6d39-4c3e-8f8a-651e5588cfb0,irealb://C%2ET%2EA%2E=Heath%20Jimmy==Up%20Tempo%20Swing=Bb==1r34LbKcu7%2DCZL74Bb7%20ZL7F%207bGZL7bA%20b7BZL7F%207bGZL7bABb6%20G4T%7BA%2A%5DQyX6ZN1D%2DF%206bB2NZL%20QyXQXy%7D%207F%207%2DCZL7G%2077LZBbL7F%207%20%20lcK%239XyQZL%20lcKQyX9%237CZ%20LlcKQyX7GZL%20lcKF7XyQ7D%5BB%2A%207%2DCZb7%20AbbBZL7F%207bGZL7b%20A7bBZL7F%207bGZL76%20G7LB%5BA%2A%5DF7LZBb6%20F7LZBb6%20%20%20Z==0=0
1a24d41e-2e44-428f-bddc-4f3932e3fcb8,irealb://Grand%20Central=Coltrane%20John==Up%20Tempo%20Swing=Bb%2D==1r34LbKcu7%7CQyX74F%2D7X7B%207%2D%23FZL7bD%207b%2DAZL7bE%207%2DbB%7CQyLZBb%2D4TA%2A%7BlcKQy%2CXyQ%7C2NZL%20QyXQyX%7DQy1X1%237B%7CQyX7%2DbB1NBb%2D7X11%237BAZL7EBF%23%2D7ZL%20x%20ZL%20x%20ZL%20xZ%20L%20x%20ZL%20x%20ZL7B%20Bb%2D7%20%2A%5B%5D%20%207%2DbBZ%20%5D%5B%2AA%2D%23FZL7bD%207%2DbAZ7LbE%207%2DbB%7CQyX7%2DF7%20B7L7C%207%5EB%7CQyX7%2311%2C%7CQyX7%2DbB%7CQyX%2C1%2317B%7CQyX7%2DbB%7CQyXB7%2311B%7CQyXb%2D7XyQKcl%20%20Z%20==0=0
1a592875-bc9e-4957-8834-4f974d152926,irealb://Let%27s%20Get%20Away%20From%20It%20All=Dennis%2DAdair==Medium%20Up%20Swing=Eb==1r34LbKcu7C%20%2C7%2D4Eb%5E7o%23F%20%2C7%5EbAZL7bE%2C%207%5EbEZL%2C9b7bB%20%2C7%2CLZG4TA%2A%7B%20QyXQ7%2C%20BbbB%20%2C7%2DF%7CQyX%2C7FN1ZL%2C7C%20%2C7bDZL%2C77%20%7DXy%2DFZL7%20%2C7%2DG%2D7%2C%20B%2ChAs%20%2C7%5EbAB%2A%5BY%20%5D%2C7bE%20%2C6bEZL%2C7bD7%2C%7ClF2NZL7bBZLF%2D7%2C%207%2DCZL%2C7oB%20%2C7%5Eb%7CBQyX%2C7%5EbEZL%2C7bB%2C%20F7%2CZL%2C7C%20%2C7%5EbF%2D7%2C%20E%20%2C7%5EbEZL%2C9b7b%20B%2C7%5EbEA%2A%5BY%5D%207bBb7LZA%7CQyX%2C6bEZLLZG%2D77%2DFZL%2C7C%20%2C7bDZ%2CL7bB%20%2C7%2DFZL7C%20%2C%2C%20E7%2C%2C7o%23FXyQZ%20==0=0
1a17b6d6-2531-41d7-a582-61cdc28beab4,irealb://Make%20Someone%20Happy=Styne%20Jule==Slow%20Swing=Eb==1r34LbKcu7B%7CQyXb%20Eb%2ByX7%2DbB%7CQyX6bEZ%2BLbE%20bE%7CQyX6bEZLQ%7CEb7E44T%7B%297bB%28Q%7CEb7yX%297hF%287%2DbA%7CQy6XbAZL%2BbA%20bA%7CQyXQ%7CDb7yX7%2Db7hA%7CQ1Eb%5E7E2N%7C%7DQyX7bB%7CQy7X%2DFZL7C%207%2DG%7CQyXb%5E7XyN%7CQyXyX7C%7C3LZG%2DG%7CQyX7bB%7CQyX7%2DZFL7C%207%2DGZL7%5E%2DG%20%2D7XyQ1b7D%20Q%7CF%2D7XyQ%7CBb7XyQ%7CEb6XyQ%7CF%2D7%20Bb7%20Z%20==0=0
1a4ea024-6d35-48ce-94be-bcc3918542a9,irealb://Manhattan=Rodgers%20Richard==Medium%20Swing=F==1r34LbKcu77C%7CQy4F%5E7%20L7obA%207%2DAZL7bB7%20%5EFZL7C%207%2DGZL7DZG%2D7X4TA%2A%5BQyX7%5E11LZA%207%2DGZL7D%207%5EFB%2A%5D%5B%207C%207%2DGZL7D%207%2DC7LZF%237bB%20%207%2DGZyQ%7CG7%5EFA%2A%5B%5D%207C%207%2DGZ7LC%207%2DGZL%20lcKQyX7%20D7LX7%2DD%7C7D%7CQy%5E7%20BbL11%237bB%207C%7CQyX%2D7GZL7obA%207%2DAZL7ZAh7XFZL7C7D%207%2D%5D%5B%2ACG%23G%207GZL7%2DD%207%5EFLZ7bE%207%2DbB%7CQyX7%2Do7LZAQyX9bLZG%2D7%20C7LZF6XyQKcl%20%20Z%20==0=0
1a434885-b877-4be9-bb7f-239c736eb572,irealb://Isto%20Aqui%20O%20Que%20%C3%89%3DBarroso%20Ary%3D%3DSamba%3DD%3D2%3D1r34LbKcu7A%20-E%7C4DXyQ7AZL%23D%2F-E%20D%2F-ELZ%23D%2F-E%20-E%7CQyXx%7C%2FEXyQ4TA*%7B%20D1NZyQ%7CD7-EZL7B%20-%23F%7CQyXG-%7CQyXG%7CQyXx%7CQyX%20A7%2CLXDZL7%20DZL7XyQXy*%7BYY%20%20QyXQyX%5B%20o%2C%23D%20D2N%7CQyXQyXQBE-%20A%7D%20%2C7AD%23o%2CLZXyQr%7CXyQ%20%7D%20%3DLatin-Brazil%3A%20Samba%3D200%3D0
1a2172c7-ae14-49d6-8ea9-7ef701050185,irealb://Moleque%20Bom%3DRenato%20da%20Rocinha%20e%20Branco%20Frisson%3D%3DSamba%3DA%3D9%3D1r34LbKcu75%20%206%2044%3C*63%2066*%3C%7CQyX%23F%2F9D6%3E5%20%206%20%205%20%203%20%206m%20%205%20Ti*%5BYXoA%3E1XyQ%7C%3C1%20%205b%2086*%3C%7CQyX%3EA1%20%202%20%201%20%205%2066*%20%202%20%20F%2F-D%3E%209%205%2062352*%3C%20A%3E5%2026*%3CZLssu7E%2096D%3E3%204%206%CE%941661%203*%3C%7CQysus7Eus%20%5BX%3E..euqeloM%20%C3%8A%20%2070*%3CA*%7BYY%20%20QyXQyAXyQ%7Cs7E%3E1%23FZL7(Aadds7%23CZL%23C%2FW%20A%7CQXy)sus9E(%20%7Cr%20%20)9us%20C%23%20%7CQyXem%20ad%5E7)%20%20uQ%20%2047*%3CB*%5BY%7D%2CE7s%206DZL7B%7C)-%23F(e%20ain-%23F(-L7%23F%20foi%20pyX-%23CZL7%23G%20h%23D%3El..adagurdam%20arQ%7CC%23h%20onin%7CQyXQQ%7BG%23hQyX%7DQyX7E1N%7CQy7XB%7CQyX-%23FZL7%23C%20XyQXyyX-BZ%20euq%20A7b13e%20uos%20euqelom%20sesE%20%2027*%3CC*%7BY%5D%20u%2C%20%20o%207E2NQyX31anteiQyXA%7CQyX-D%7CQyX69D%3E..uecserolf%20%7CF%237blp%20ueos%20eu%23-LZD%20essE01*%3C%20%7D%207A-%20E%7CQyXA1NZL7E%20%2CmoleqC%20-B%7CdagirXyQXyiuM%20%20QyX65*%3CQyZX%209b7E%20%2CA2NZL%20Qto%20ob%3Eue%20uyXQyX%20Deusa%20mared%20em%20euqs%20odot%20a%20E82*%3C%20%3E%20m%C3%A3o%3Euem%20oc%20ejoyQXyQ%2Cuelav%20atul%20ases%20adoT%20%20QyX47*%3C%20Eu%20hXQyXQuem%20efelizdot%20ed%20seuqelo%20mso%20evlaS44*%3C%20%3Eo%20ess%20otna%20pais%3E%20%3DLatin-Brazil%3A%20Samba%3D105%3D1
1ae43b04-f466-44f9-bf33-4393ee8ecb30,irealb://AB%201bar%20%2D%20B%20%2D%20MmD%20Rootless=JonBlanckMusic%2Ecom==Medium%20Swing=C==1r34LbKcu7%20ZL%203F%23%2D9%20%2031G%20ZL%209%5EF%20ZL3%201bE%20ZL%209%2DbB%20ZLLZ%20F1%2044T%7BL%209%5ECLZ%20Eb1B%20ZL%209%2DbA%20ZL%20%5E9B%20ZL%209%5EB%20ZL%209%2D3%20LZ%20%209%5EbG%23D%20ZL9%20LZ%20ZL%209%2DD%20ZL%209%5EbAZ%20L%2031bD%20ZL%209%5E%23F%20C13%20%2D%23C%20Z%2D9%20%20%7D%20==130=0
1aefa992-674b-4c0d-a64f-7b916865db43,irealb://Aquele%20Um%3DDjavan%3D%3DSamba%20Funk%3DG%3D7%3D1r34LbKcu731A%7CQ2F7XyE%7CQyX7F%7CQyX9D%7CyQX31A%7CQyX9%237E%7CQ7%239Xy2Ti*%7B7E%7CQy9XyQ%7D%7DQyX9D%7CQyX31A%7CyQX9%237E%7CQyX6GA*%7B%7BB-7XD%7CQyX7-BB*-7XyQ9D%7CQyX7-A%7CQyX7%7CEQyX7-B%7C%7DQyX9D%7CXyQ%5D%5BA%7CQyX7D%7CQy7XyQ%7CQyX7A%7CQyX7-EZLB7%207h%23FZLG%2FW%207-A%7CA-7XE%7CQyX9%237E%7C*CF7%23%237F%7CQyX9D%7CQyX3A1%7CQyX9%237E%7CQyX1111XyQ%7B%5DQyXQyX1113XyQepO%20%20%3CD*%7B%7DQyX9%3EDeniF%20la%20.C.D%3C%7Cn%3EF7%23A%7CQyX%7CE7%239XyQ%7CA13XyQ%7CD9%20%20%3C4x%3E%20%7D%7CG6%20%20%3CFine%3E%20Z%20%3DPop-Funk%3D140%3D0
1af21c43-7a3f-4520-a756-01b7da2f86c2,irealb://Dinorah%2C%20Dinorah=Lins%20Ivan==RnB=Bb%2D==1r34LbKcu7X7hbB4Bbh7%2011%2DbG%2011%2DG%2011b%2DAZL9A%209b7bEQyXB13LZ4Ti%2A%7B%2DbAZLb9XyQ7bEQyX7hbBSA%2A%7BQ%7DyX9bDQyX11%2DbA%7Cb9%20A97bEQy%7CQyX911%20Gb11%2DbA%7CQyX9b7bEyQX7hbBZL31B%2011%2DXyQDb%2DG%2011b7bEQyQEb7BZL31B%2011%2DbG%201%2D1G%2011%2DbAZL9A%209bbh7XyX7hbByX31AAb%2D111%2DEZL%20lcKQyX31GbB%2A%5B%7D%20Q%20%209bDQyX1XyQ%7C%7CQyX9hbBQ%7BXyQ%7CC31B%3EadoC%20la%20%2ESD%2E%3C%7CQyX7%5ED%7CQyX31XyQZY9%2DG%7CQyX9b7b7b9%207hbBZL31B%2011%2Db%20G11%2DG%2011%2DbAZL9AXyQEbEQyX7Q%7CAb%2D11XyQDb9XyQ%7D%20==0=0
1a7b1999-127a-4b25-a9e7-852c0f764f72,irealb://Ventos%20Do%20Norte=Djavan==Bossa%20Nova=C==1r34LbKcu7DZL7A4D%2D7%20L7F%207%2DD%7C%7D%20QyX%7CQryXZL7A%207%2DEZL7FZE%2D7%204Ti%2A%7B%7CQyX7%5DXyQ%20yX7%5EFZL7C%207%2DG%7CyQX7%2DD%7CQyX7GSA%2A%7BQ%7CBb%5EQyX7%2D%207%2DEZQ%7CG%2D77%5EFZL7C%207%2DGB%2A%5B%20%7D7%2DD%207AZLF%2F7%2DG%20%20Bb7LyX7%2DA%207%2DEZ%2D7%20Ab%2DDZL7A%207%2DEZL7b%20B7%5EFZL7C%207%2DGZL77%20F7LDZL7AQ%7BYZQ%7BD%2D7%20%3EadoC%20la%20%2ES%2ED%3C%20%7D%3Ex5%3C7A%207%2DEZL7FD%2D7Xy%20Q%2C7AD%2D7%20F7LZE%2D7%20A7%3C4x%3E%20%7DD%2D7%20F7LZE%2D7%20f%20%20Z%20==0=0
1a266ee3-19c3-4168-a38c-2e1bebd02bdc,irealb://A%20Lo%20Lejos=Express%20Matutino==Medium%20Swing=A=10=1r34LbKcu7sojel4D%20EL96%2A%3CAA%2A%7B%7DQyXAZEL%207%2DBZL7%23F%20%2D%23CZA%20lo%204Ti%2A%7Bd%20alle%E2%80%A6%3EXy%20al%20sE27%2A%3C%2CD%7B%7DyQXA%7CQyXE%7CQyXE%7CQestrev%20es%20%20%2Cati%C3%A9n%E2%80%A6%3E%20uQ27%2A%3CA%7B%7DQyXAZEL%20%2DBZL%23F%20%2D%23CZLEe%20bonleB%20eyXAZLonitayXA%7CQyXD%7B%7DQyXAQ%7CyXE%7CQyXE%7CQyX%3E%E2%80%A6Q%7CB%20Eb%20euqQ%7D%20==0=0
1a243cb2-dc84-429c-bab2-eefb6782cec7,irealb://A%20Ship%20Without%20A%20Sail%3DRogers%20Richard%3D%3DBallad%3DC%3D9%3D1r34LbKcu7%20%2C7-A4sD-7%2C7-Ds%207%5ECl%7C%2C7G7%2C-Ds%207%5ECZL%20%2C7G%2CG7%2C%7Cl4Tv*%5B%2C7G%2C7D-7%2C%20%5ECl%7C%2C7G%2C7-Ds%207C%5EZLsusG%207%5ECZL7G7%20sD-ZL%2C7D%5EC%207%5E%2C%20D7%2C-D%2C7-E%2C7%5EFs%20%7CQXy7%5EFZL7E%20%2C7-DZL7%2C%7ClC7-Al%7C7%5EF%20sD-9%20G*%5BYZLC%2F7-D%20C%2F7E-ZLC%2F7-D%20%5ECZL31AC7suZL5%237-Fs%207us%20C%5EE%207%5EFZL7%5EC%20susG7ZL7%5EF%20sus7CZL77LZA-s7GZLZL%20lc%2C%7ClC%5E%5ECZL7G%207-D%7CQyX-9D%7CQyX7AZL6-G%2077XyQK7bB%2C7-DZL7-7%20G7ZLsus7G%20CZLsusG7%207%5ECZL7G%207-DZLD-7%20GDB*%5BYsus7CZC%5E7X%20sus7GZL7%5EF%20su7sCA*%5BY%7CQyX7E%7CQyC%5E7LZL7G%207AZL6-ZG7sul%7C%2C7bB%2C7-Fs%207-ZAL7E%207%5EFZL7%5EC%20sC%5E7%20GL7%5EF%207XyQ%7CD-9XyQ%7CD-7%20G7LZC7susXyQ%7CC%5E7%2CXyQ%5D%20%3DJazz-Ballad%20Swing%3D60%3D3
1af497d2-904a-4540-8d09-5dd765778964,irealb://So%20Little%20Time%20%28So%20Much%20To%20Do%29%2E%20%20%20%20GS=William%20J%2E%20Hill%2C%20Peter%20DeRose==Medium%20Swing=F=3=1r34LbKcu7%20lcKQ4F%5E7XL%20lcKQyX7%5EFZL%20clKQyX7DZL%20lcKQyZD7Xy4TA%2A%5B%2DGZL77XyQ%7CZL%20lcKQyX7AZL%20clKQyX6F%7CQyX6%2DbBF6%20D%2D%5EbBZLcKQyXZ%2ABF%5ElcKQyX7%5EFZL%20lcQKyX7DZL%20lcKQyX7%20LZD7L7C%207%2DD%206Fb%5E7XyC%7CQyX7%2DG%7CQyX7DQ%7CyX6F%7CQyX6%2DbB%7CQ7XyQ%7CBZL%20l7LZG%2D7%20C7%20Z%20=Jazz%2DGypsy%20Jazz=140=6
1a0a1eda-d36b-4446-a866-9c7c64a6e834,irealb://Blue=Mitchell%20Joni==Ballad=B%2D==1r34LbKcu7yXsus4B%2D%20ByX7EZL%2DE%20%29sus7%28E7%5EGZL%20x%20ZLsus7Q%7C%7CE74TA%2A%7BlcKQyLZB%2D%20E%7CQyX7%5EG%7CQyX%2DB%2AB%5B%7D%20xZLA%2FEZL7%5EG7susX%20lcKQyX%2DBC4B%2DXyxZLsusAZLfxZLssu7E44T%7CQyX7%5EG%7CQf%20%5D%5B%2A3TZL%20sus7B9%20F%23%2D%20lcKQyXsus7EZLl%20cKQyXsus7EZL7%5ELZB%2D%20%2D%23F%7CQ%20lcKQLZF%23%2DL%20lcKQyXsus7E%7CyQX7%2D%23FZL7%5E%2D%23F%209ZA6Xy%20x%20ZL%2DE%7CQyXyQ%20%20%20lcKQyXsus7EZLx%20%20ZLsus7B%20%2DBA%2A%5BLZE7XQyX%5D%20%2C%20lcKKcl%20Ls7EZL7%5E%2D%23F%209%2D%23%7CFQyX%2DBZLf%20%209%2DEZusXyQQyX11f%2CLZB%2DXyQKcl%20LZB7%20%20f%20Z%20=Pop%2DSlow%20Rock=78=1
1a3b39cd-92c4-4d82-b41f-663bfe530841,irealb://Gidenlerin%20Kalanlar%C4%B1%3DDemet%3D%3DNihavend%3DG-%3D%3D1r34LbKcu7ZL%207-4lG-%2C7%5EbE%20ZL%20-G%20ZL%20b57-A%20ZL%20-G%20%7Cppp%20LZ%20C4TA*%5B-C%20ZL%20G-%20%20%20ZL%20-G%20ZL7D%20-CLZ%20-G%20%7Cppp%2C-GS%5B%5DEb%5E7%20ZL%20D%20Es%3El%20D7%20LZ%20%20D%3Elll%2047*%3CZLD%20%20%3Ex47*%3C%5B%5D%20%20-G%20%3C*74%20%20ZL%207%3El%20%20474%20llDl%3Elll%2047*%3C%7C%2C-sC%3El%20%2047*%3C%20%20Dl%3El%20%20%3C*7*%3C%7C%2Cb%20%20D%3El%3C*74%20*%3CZL-Cl%3Ell%20%2047%3C*%2CbE%3El%2047*%3C%2CD%3El74%20ll%7C%2C-Cs47*%3CZ%20l%3EsCll%20%2047*%3C%2CbE%3El%2074*%3C%2CD%3El%2047*%3C%7C%2C-%3ElC-L%2047*%3C%207-C%2074..%20ZL%207D%20ZL%20-G%20%7Cppp%2C-GB*%5B%5D%20%20-G%3E..%20x%20LZ*%3C%20%3Ex%207-C%20%20LZEbZL%207D%20ZL%20-G%20%7Cppp%2C-GZL%20-G%20ZL-C%20%20x%20LZ7D%20ZL7D%20ZL%20LZEbppp%2C-G%3EidoleM.4A7*%3C%5B%5Dpppp%7Cppp%2C%7C%20G-%207D%20ZL%20LZ%20x%20LZ%20C-7%20LZ%20D7%20LZEb%20C-LZ%20G-%20%20%5DXyQXyQXyQXyQXyQS%20%3DPop-Smooth%3D85%3D2
1acbd964-391b-490d-b3bc-b0204f6f6213,irealb://Crazy%20Azy%20for%20You%3DCity%20Harvest%20Children%20Church%3D%3DPop%20-%20Slow%20Rock%3DG%3D%3D1r34LbKcu7Gv*%5BYyQ%7CxX%7CQyXD%7CQyXx%7CQyXE-%7B%7DQyXx%7CQyXD%7CQyxXyQ%7DXGi*%7ByXGC*XyQ%7CCXx%7CQyXC%7CQyX%23C/%7CAQyX-E%7CQyXx%7CQyXyQ%5DY%5Bx%7CQyXQ%7CD/F%23XyQ%7CE-XyQ%7CCXyQ%7CGXyQ%7CFXyQ%7CA-7XyQ%7CDXyQ%5D%20%3D%3D0%3D0
1ae74473-3335-43d6-9096-1a9eee3f0bce,irealb://Aos%20Nossos%20Filhos%3DLins%20Ivan%3D%3DBallad%3DB%3D%3D1r34LbKcu7%5EE1NZ4C%23-%5E-%23F%7CQyX7%23F%7CQyX-9%23C%7CQyX7%23F%7CQyX77%20B7L4TA*%7Bl%7C7%5EALZA%23-%207-F2N%7C%7D%207%23G%20A6/-%23FZL9b7%23D%205b7sE%5E7%2C7%5EA%207ddaB%7C5%20D%237%23F%7CQyX7%5EEB*%5BY%20yQX%5BQyX11-%23GZL9b/EXyQb7-%23A%23G%7CQyLZB%5E9LQ%20x%20ZL%3E%20C.D%3C%20clKQyX31A%7CQyX%23D/ZB%5E7X9%5EB%209yX9%5EB%7CG%23-9%209%5EGZL9-%23G%207%5EB%5BQYY%20%20QyXQyX%5DQyXA13LZQyX9-Q%5D%7C%20%3D%3D0%3D0
1a37aa31-b647-48f3-84e1-02b12580e461,irealb://Se%C3%B1or%20Eres%20Fiel%3DZamorano%20Coalo%3D%3DRock%3DD%3D%3D1r34LbKcu7%2CA%7CQy4D%2C*A%20%3E4X%20QyX36*%3C%20GQ%7CyX7D%7CQyX7D%7CQyX%20%7D%7CGX4Ti*%7BQyXA%7Cb%2CpGLN%7CQyXG%7CQyXC%7CQyAX%7CQyXDB*%7B%5DQyXCZ1DXyQBZLGpC*%7B%5D%20%7CGXyQT36*%3C%20C%7CQyXbB%7CyQX-A%7CQyX-%23F2N%7C%7Do%20A%3E%20QyXC%7CQyX%3EByQDD%20%20DD%2033*%3CZLQyX%3E3G3*%3CZLQyX%3EG%20%20FF%20CC%20%20X33*%3CLZ%3C*33B%3EXyQ%20%7D%7BQBbXyQ%7CC%20%3C*69Till%20cue%3E%20%20%7DDXyQZ%20%3D%3D0%3D0
1a1046a7-ceb9-4b85-951a-cbd5c550a3bb,irealb://Lady%20Stardust%3DBowie%20David%3D%3DRock%20Ballad%3DA%3D%3D1r34LbKcu7%23C%20Al44AXyQyX%3E46%20mpbQyX4*7%3C%20%7CrQyX%7CQyXE%7CQ%5DY%7B*ATi*%5BYZLE%20A-%2CW%2FEAZLD%20-%23FZLF%2F7%23%20CEZL-%23F%20A%7Cp%2CDl%2C%20C%23LZ%23FsZL%20-ElZ9sus%2CrQyX%7CE%2Csus9EspD%2CZLE%20AlSB*%5BY%5D%2CE%7CXyQLEsp%2CD.S.D%20G%2FD%20C%2FB%20Dl%5BY%7D%2CEQ%2Csu9sEsp%2CDZLE%20AZLh%23D%23LZ%3CZL%2B%23DyXE%7CQoda%3EEtuo47*%3C%2CAlQ%5BYY%20%20QyXQyX%5D%20E%20sus7ro%3EXyC%20la%20Q%7CXyQr%7CXyQ%20%5D%5BUlA%2CfXyQZ%20%3DBlues-Texas%20Rock%3D64%3D1
1a8af038-254a-45ec-ae2b-15a655abd674,irealb://Nocturne%20%2DSov%20P%C3%A5%20Min%20Arm=Svensk%20Vise%20Arr%2E%20Kuby==Pop%20Ballad=C==1r34LbKcu7%207%2DA%7C4C%5EXy%7CQyX%5EC%7CQyX%29hD%28%2FC6%2DF%7CQyXC%2F7%2DD%7CQE7XyQ4TA%2A%5B6%2DF%7CQnd%3EF%23%2DD%7CQyX%5ECA%2A%5BZQy%5EXC%7CQyX7GZL%29oA%28o7%2FCXy%C3%A5b%2E2%3C%7CQyX7%29XyQ%7CA%28o%23F%3Edn%C3%A5b%2E2%3C%20%2D7AZL7E%20hB%7CQyX%5ECo%29LZGhD%28C%2FA%7CQyXZY%5B%2AByXC%7CQyX%29C%2FhD%28C6%2F%2DF%7CQyXC%2FD%7CQyXCQ%7CE%2D7QyX%5ECB%2F7G%28%7CsD%2D%2CbB%28bB%2FW%29%2DA%28A%2FWG%2C%7C%2C%23F%2FD%2CF%2F%2DD%2C%2DEo%29W%2FBQyX7%2D%23F%207%2DAlC%5EX%20hB%7CQyX%5ECZL9b7%20GhD%7CQyXC%2F7%2DD%7CQyE7LZA%2A%5BY%5D%29%20%29bA%28QLZG7X7G%3E%2EtiR%3CQZLY%20yQXQyXZQyX%5EC%7CQyXyQ%7CAb%29oA%28o%28Bb%29C%5E%28C%5E%29%20%5D%20=Pop%2DSlow%20Rock=90=2
1a4188a2-10a8-4976-b149-cd4fc17b1a44,irealb://Long%20And%20Winding%20Road%3DThe%20Beatles%20%28Lennon%2C%20McCartney%29%3D%3DRock%20Pop%3DEb%3D%3D1r34LbKcu7CZLG/4C-7XZL7%5EbA%20bAZLbD/%20WbE%7CQyXbB/bA%7CQyAb%20Eb4TA*%7BQyX7-%7CF-7%20bE%20bAl%7C%2C7bE%2CsubsEs%20sus9bEZL7bB/GLZCQyX7-bB/bEBb7LZB%2C-Fs%20G/bEZLbAb%20B/bESB*%5B%7DQyXbEb7%2C%7Cl%207-F%7CbAZLbEb/G%20E%7CQyXbB/bA%7CQyX-7ClA*%5B%5D%2C7G%2C7-Fsb%20W/DZLbA%20%2C7bE%2CLZAb%20s%20sus9bEZL7bB%20-7F%7CQyX7-CZLG/bEEbsus7%5EbA%20%5B%5DQyXEb/GLoC%20la%20.S.D%3CZLQ7%2CbB%207-F%7CQyX7-CZda%3EEb%20bAl%7CQC-7XyQ%7CAb/BbXyQ%7CEbXyQZ%20%3DPop-Rock%3D70%3D1
1a66e4b1-f9fd-43b5-bf43-77d6928e841c,irealb://New%20Super%20Mario%20Bros.%20-%20Overworld%20%20(vgls)%3DKondo%20Koji%3D%3DSamba%3DC%3D0%3D1r34LbKcu7L%20lcK2C%20C%2F*%7B%7D%207GZL7-DZLoC%23ZLCv*%7B%207G%20FZLEACXyQ2Ti*%5BXFZL%20ZG7XylcKQyXC%7CQyXCZLx%20%20ZL%20lcKQyX7G%7CQ%20LZ%20xL%20x%20ZyX%2BG%7CyQ%7CF-QyX7G%7CQyX7-D%7CQXy7A%7CQyXE%2FC%7CQyX6%7CCXyQXF%7CQyyXCZLCXyQKyXCZL%20lcKQyX7GLZ%20lcKQyX7GZL%20lcQKcl%20B*%5B%7DQsptthyQ%7CFX7A%7CQyX7-E%7CQyX6F-%7CQyX-FZL%20lcKQyXyQ%7C%3CX7C%7CQ%3A%2F%2Fwww.vgleadsheets.com%3ED-7XyQ%7CG7XyQ%7CCXyQ%7CG%2BXyQZ%20%3DLatin-Brazil%3A%20Samba%3D200%3D3
1aafbd92-e328-43e4-8b94-7c3c9304e5ba,irealb://Here's%20That%20Rainy%20Day%3DVan-Heusen%20Jimmy%3D%3DBallad%3DG%3D5%3D1r34LbKcu7X7%5EbA4G-%28G%5EbEZL7bB%20%297bB%28-6FZL%23F/7%5E-G%20%297%5E7XyQ%7C4TA*%5ByX7%5Eb7XyQ%7C7F%7CQyX7-CZL7G%20-7D%7CQyX7%5EG%7CQyX7DXyQ%7CB-A%7CQy%5EG%28-G7XyQ%7C%5D%207D%207-AZL7-E%20%5E7G%7CQyX7D%7CQyX7-A%5B%2C*B%2C%5EbE%7CQD%7CQyX%5E7/F%23yX7%5EbA%7CQyX7%5EbELZ7bB%20%297bB%286-FZLQ%7CA-7-G%20%297%7CQyX7G%5E7XyE%207-BZL7D%207-A%7CyQX7%5ECZL7G%207-D%7CQ-7LZA%7CQyX7A-7XyQ%7CD7XyQ%7CG6%20E-7LZA-7%20D7%20Z%20%3DJazz-Ballad%20Swing%3D60%3D2
1a8f731c-d076-4c8d-bed4-27654b71c117,irealb://At%20Last%202=Warren%20Harry==Medium%20Swing=F=5=1r34LbKcu7L7D%2074F6%20DC%207%2DGZL7%2DD%207%5EFZlL31b7C%207%2DGZL7%2D7LZA%2D4TA%2A%7B%2DD%206FC7LZNB%206F2NZL%20QyXQy%7DX%207C%207bDZLD%206F1b%2D6LZ%207%2DGZ%5ECZL7BG%2D7%20%7CQyX7%2DAZL9b7E%20h7BZL7%2DD%207%5EFZL7CD%2D7%20G%2A%5B%5D%207FlZL39LZD%2D7%2DGZL7%2DD%206FA%2A%5B%20%5D7C%207%2DGZL9b7G%207%20C7b1b7A%207%5E7%20D%2D7LZG%2D7%20C7%239LZA%2D7%20D7LZG%2D7%20C7LZF6%20D%2D7LZG%2D7%20C7%20Z%20=Jazz%2DMedium%20Swing=100=3
1a8cf4f9-0caf-42f0-9297-75d2c6ae47b6,irealb://Confessin%27%20That%20I%20Love%20You%20%2D%20rn=Daugherty%2DNeiberg%2DReynolds==Medium%20Swing=G==1r34LbKcu7%7CQyX74%3C%20%28A%207%2DB%7CQyXGZL7%23F1%201%2D%23C%7CQyXG%3E%29ABAE7LZA4TA%2A%7BX%7D%207D7LZ%2CUeniF%3CZLobB%20B%2FG%2E%3E3%20%26%20QyX66%2A%3C1N%2C%3EA%2D7%20D%207%2DA96CZL%20%20Y%7CN%207%2DDZL9b31G%207%2DBD%2A%5B%5DQyXGZL7D%20G2G13b9QyXQyeniF%2069%20sB%2ED%3C%7CQyX7%2DA%7CQyXA7%7CQyX7Al%7C%2C7bB%2C7C%2E%20alC%7CQyX%3ED7XyQ%5D%20=Jazz%2DGypsy%20Jazz=140=3
1a1c200a-c521-4756-b8a2-8bd5a9561576,irealb://High%20Hopes%3DVan%20Heusen%20James%3D%3DMedium%20Swing%3DF%3D%3D1r34LbKcu7%207C%2074F%5E7X-D%206F%7CQyX7C%7CQy1X1-G%7CQyX7o%23F%7CQy7LZG-4Ti*%5B%207-GZyQ%20%20Y%20%20%7CQyX6F%7CQyX7CQ%7CyXbB%7CQyX7%5EFA*%5BF%23o7LXQyX%5D7-D%20FZG-7%20/FZL7oB%20%20%7CQyX7b%5EBB*%5BY%207F%20FZL7CCXyQ%7CL7o%23G%20F%7CQyyQKclQyXbB%7CQyX7F%7CQyFXZL%20lcKQyX7CZL%20%7CBo7XX7GZL%207-G%7CZG-7%20ZLQyX%7CrQyXZL7C7%20-GZL7o%23F%20FZL7CF6XyQL7o%23FC7%20Z%20%3D%3D0%3D0
1a40f0ec-23ee-478d-8b41-84f5b258622b,irealb://Touch%20Of%20Your%20Lips%2C%20The%3DNoble%20Ray%3D%3DMedium%20Swing%3DC%3D%3D1r34LbKcu7DZL7-4C%5E7%20ZL7G%207-DZL7-A%20%5E7CZL7G%207-DZL7-AC%5E7%20A4TA*%5B%23F%7CQyLZEh7QyX9b7G%7CQyX7hD*B%5BY%5DQyX9b7A%7CQyX%7CC%5E7X7G%207-7%5ECA*b9LZEG%207-D%7CQyX7%5EEZLB7%207-%23FZL7-%23C%207%5E7%20%5DY%5B7B%207hhEZL7ZD-7%20ZL7-A%207%5ECZL7G%20-7DZL7-A%207%5ECZL7GD-7%20GL7-A%20%7CQyX7A7b9X7-AZL5%239b7E%209bG7%7CQyX7hDC*%5BY%5DQyXyQ%7CD%7CQyX7D-7XyQ%7CG7XyQ%7CC6XyQ%7CD-7%20G7%20Z%20%3D%3D0%3D0
1a3002d3-f6c4-4774-be58-b311d9e2c741,irealb://Yours%20Is%20My%20Heart%20Alone%3DHerzer%20Ludwig%3D%3DBallad%3DC%3D%3D1r34LbKcu7lcKQy%23hXyQX7G%7CQyX-D%7CQyX7%7CAQyX-E%7CQyX9b7B%7CyQ%7CCXF%5B44T%7CQyXG%23hXyQyX7D%7CQyX-AZL%20lKcQyX-E%7CQyX9%237B%7CQ%7CD-/F%7CZL%20A%7CQyX%7CEhXy7bB%7CQyX-FZL%20lcQKyX-D%7CQyX9%237A%7CQXyQ%7CCQyX7GCZL9bF%23hXy-D%7CQyX-D%7CQyX7AQ%7CyX-E%7CQyX9b7B%7CQ/G%20G7%7CQyX-XyQKcl%20%20%5D%20%3D%3D0%3D0
1af900ee-8b3b-4106-bb72-d3ce1d563d24,irealb://Jeeves%20And%20Wooster%20-%20www.tradjazz.ru%3DDudley%20Anne%3D%3DMedium%20Swing%3DE-%3D%3D1r34LbKcu7%20G/-E4E-%20F%20-EA*%7B%5D%20QyX%7CrQXyZLo%23F%20G/-EZLo%23F%23oLZ4Ti*%5B7C%20-AXyQr%7C7E%20G/-EZLo%23F%20-ZELQyX%7CrQyXZLQyX/G%23LZZLo%23F7B%7CQyE-/B%20%23F%7CQyX-AZL%23G/7%20E%5EGZLo%23F%20-EZL7B7/A%23XZLbB/EZL7BLZB7/ZLbB/7C%20-A%3Eado9C6*%3C%7CY%7D%20%23F/7B%20GE-/B%20A/7B%20ZL%2C7BLZG%5E%20QyX7B%7CQyX-E%7CQy7XB%7CQyX-AZL%23G/7E%7CE-%2C%20o%23F%20-E-%2CXyQZ%20%3DJazz-Medium%20Swing%3D190%3D3
1a26f1fa-06c2-48b5-944f-7a7b7abfe7c0,irealb://Groovin'%20High%20-%20jsb%3DGillespie%20Dizzy%3D%3DUp%20Tempo%20Swing%3DEb%3D%3D1r34LbKcu7%207-GZT44EbQyXbEZL7D%207-AZ7LD%207-AZL%20lcKQyXKcl%20L%2CA*%2C%7B7-G1N-7%20C7%207-FZL7bB%207-FZ%20LlcKQyX7F%2CB*%2CZLBb7LZGZL7C%20bEUZ%23-7Xy7-bA%7CQyX7-F2N%7CQ%7DyX7bB%7CQyX7-F%7CQ%20Db7LF%7CQyXF%237LZF-7%20E7%20Z%20%3DJazz-Up%20Tempo%20Swing%3D240%3D3
1a55b348-1d19-44c1-8884-f9dc2a3adbae,irealb://Star%20Eyes%3DDePaul%20Gene%3D%3DMedium%20Swing%3DEb%3D%3D1r34LbKcu7G%7CQyX4Eb%5E7L7bA%207-bE%7CQyX7b%5EEZL7bB%207-F%7CQyXZDb%5E74TA*%7B7bBs%20%239LZF%7CQyXQyXQyXQyX%7D7%20bB%207hF1N%7CQyX7%5EN2Fh77C%207hL%20lcK%5D%5B*BlbG%7CQyX7bD%7CQyX7b-AZL%20lcKQyX7%5EbA%5E7XyQ%2C7bE%2CbA%207-yQ%7CBbX7%5EbEZL7bB%207-FQ%7CyX7%5EbEA*%5B%5DQyX7yQ%7CEbX7-FZC%207bD%5E7XyQ7bEZL7bB%207hF%7CQXy7%5EFZL9%237C%207hG%7C%20D7LZbDZL77LZF-7%20Bb7susLZEb%20Bb7%2C%20Zl%20%3DJazz-Medium%20Swing%3D265%3D7
1af717fd-200c-41a9-896a-3afa065d1c58,irealb://Guantanamera%3DLyrics%20By%20Jos%C3%A9%20Mart%C3%AD%3D%3DSon%3DG%3D%3D1r34LbKcu7ZLC%20DT44%3CS%2CB*%2C%5BYZLQyX%7CrQXyZLC%20DZLC%20G%3EoloCXyQ%7C%2Ci*%2C%5BZLC%20DD%20CLZA%2CA*%2C%7B%5DQyXDZLA-%20EZLobE%207DZLC%20G-XyQ%7CZLC%20GLA%20-EZD%20C%20%207DZLC%20GZLQyX%7CQryXZLC%20DZLC%20G%7C%7DEboLZLC%20-ALA%20-E%5DY%5B%2C*%207DZLC%20GZLC%20DZCL%20GZLC%20D%7CQyXC%2CBEboLZQyXDZZDXyQ%5D%20%3DLatin-Cuba:%20Son%20Montuno%202%E2%80%933%3D160%3D3
1afc4dcc-36d3-49e3-984e-54ab2541d61e,irealb://Luna%20Bonita%3DMorelo%20Marcela%3D%3DLatin%20Pop%3DG-%3D%3D1r34LbKcu7L7-G%204F7%20D%5EbE%207-GA*%5B%7D%20Qy%7CXrQyX%7CQyX7-GZL77LZF74Ti*%7BB*%7B%5D%20%7CXyQLZL7%5EbE%207-GZL7-%20G7FZL7%5EbE%207-G%7CZF7%20D7rQyXZG-7%20Eb%5E7LZF7%20Bb%5E7LZC-7XyQ%7CD7XyQ%7D%20%3DPop-Rock%3D115%3D1
1a788110-3217-45ae-9471-1879335736a2,irealb://Que%20Le%20Den%20Candela%3DCruz%20Celia%3D%3DTimba%3DF%3D%3D1r34LbKcu7%7CQyX74F%20GL%23C/A%2CCs%20FA*%7BY%7DQ%20yX%7CrQyXZLbB%20CZ%2C%7ClD-4Ti*%7B%7CQyXFBLZCXBB*%7B%7DQyX7C%7CQyXG7%7CQyXF%7CQyXbB%7CQyb%20CLZ/G%20bB%2C%23C/A%7CC7XyA*%7BY%7D%20QyX%7CrQyXLZbB%20CZLG%20FC*%7B%7DQF%20sC%2CQyX7GC*%7BYYXyQ%7CBC%7CQyX7G%7CQyXF%7CQXybB%7CQyXCZLB/G%20b7XyQ%7D7-Dl%7CF%20GLZC%20BbLZXyQr%7CXyQ%20%7D%20%3D%3D0%3D0
1afe7c50-fae6-4fcb-8127-ebf95038a3de,irealb://Reloj%3DCantoral%20Roberto%3D%3DBolero%3DF%3D2%3D1r34LbKcu7QyXZL4F%20D-GZL-D%20FA*%7B%5D%20Qy%7CXrQyXZL7C%207-GZL-7%20C74Ti*%5BA%2C7-A%20%7D%7CF%20L-D%20FB*%5BZ%20QyX%7CQryXZL7C%207-GZL-DZA-%20sQyX%7Cr-AZL-lG-7%207C%207-GZL-D%20-AZ7LC%20-GZL-D%20FZL7C%20%5BF%20D%7C%2C7-biF%20lab%20C7L%3CZ%207C%207-GZL-D%20ZFL7C%207-GZL-D%20FZD.C.%20B%7CQyXne%3E%20%3D%3D0%3D0
1ae5a3fa-4607-4075-900b-20aa40caa0bc,irealb://Je%20l'aime%20%C3%A0%20mourir%3DCabrel%20Francis%3D%3DChansons%20Fr%3DF%3D%3D1r34LbKcu7XbB%7CQyQ%7CxXyX-G%7CQyXx%7CQyX-%7CDQyXx%7CQyXE/F%7CQyQ%7CxXyXFA*%5BXx%7CQyyQ%7CFXQyXx%7CQyXF%7CQyXxQ%7CyX-D%7CQyXE/F%7CQy%7CF/EXXC%7CQy-D%7CQyXyQ%7CxQyXF%7CQyXC%7CQyXb%7CBQyXx%7CQyX-G%7CQyX%7CF/EX-D%7CQy%7CQyXbXyQ%5D%5B-D%7CQyXA%7CQyXF%7CQXyC%7CQyX-D%7CQyXAB*XyQ%7CEx%7CQyXxLZF%20%5D%20%3DJazz-Medium%20Swing%3D100%3D3
1a98df08-e12a-4155-adf4-fd89d601c8c3,irealb://Ai%20Ni%20%E7%88%B1%E4%BD%A0%E5%9C%A8%E5%BF%83%E5%8F%A3%E9%9A%BE%E5%BC%80%3DSong%20Chinese%3D%3DPop%3DC%3D%3D1r34LbKcu7X%3CZL%20yQKclX-AZL%20lcKQyXCA%7B*%7D%20%20lcKQyX-AZL%20yQKclXCi*%7BB*%5B%5D%20Pre%20C%7D%20%20-A1NZL%20C%7C%2CG-%20D%7CQyX-E%3E)suroh%7CN2C%20(%20%20QyCA*%5B%5DKcl%20L%20-DZLF%20GZL%20lcKyQX7DZL%20lcKQyXCZG%3C%20%3E%20QyXFSZLG%20-l%20LZA-E%3EedulretnI%20rtaiuG%3CZL%20lcKQyX-XyQ%7CDcKQyXQyXCZZA-Xy%7CQyX-EZL%20lcKQy-XAZL%20lcKQyXC%5B%5DQD-%20GLLQ%20%20C%7C%3CD.S.%20al%20Coda%3EC7XyQ%5D%5BQD-%20GLZCXyQ%7CD-%20GLZCXyQZ%20%3DPop-Rock%3D115%3D1
1a4b2f67-3ce3-4596-855f-64c96cadde13,irealb://Signed%2C%20Sealed%2C%20Delivered%20(Tom's%20version)%3DWonder%20Stevie%3D%3DMedium%20Swing%3DD%3D2%3D1r34LbKcu7QyX7-4E%2CD%2CXEA*%7BQyX%5DQyXr%20LZ%2CE%2CG%2CA%7C%2C-B%2C-%23CyQ%7CC%234Ti*%5BEB*%5B%7D%7CC%23-7%2CA%7C%2C-B%2C-%23C%2CD%2CEQ%7CyXB%7CQyX7AZL7E%20G%2CE%2C%20QyXE%7CD%207AZ7%20D%2CD%2C%23D%2CD%207AZLD%20E%7C%23%2CD%2CD%207AZLD%20E%7C%2C%23%7CE%20DLAZLD%20%2CD%23%2C%7CE%2CD%2CC%23-%2CB-%2C%7CA%2CG%2CE%2CLZ%20r%20%20Z%20%3DJazz-Latin%3D105%3D3
1a587240-fa03-4df2-82b9-cf7614976965,irealb://New%20York%20State%20of%20Mind%3DJoel%20Billy%3D%3DBallad%3DC%3D%3D1r34LbKcu7A*%7BZ%204A-7%20%20n%7C%2Csus7G%2C7Ds%20-7AlZL7D%20n%7C%2C7Ds%20G7sus4Ti*%5B7-D%7CQQ%7CE7/A%7CQyX%5EFZL7bG%207G-ZL7bA%207-A%7CQyXB7/EXyyX%5ECl7bAs%207/C%20B7bB%207FZLG/7-A%20-7AZLB/7E%20%5ECZL7bLZA-7F%7CQyXNZL7DGb%2C%7Cl7Ds%20%207-AZL%23G/7%20Esus7G%7CQyX11%239F%2C%7Cln%20/7bA%2Cl%2CF/7sAb7%2Cus7G%2C7bAs%207-A2%7DN%207bD%20nl%7C%2Csus7Gs%2C%7CnG%207-A1F%7CQyX%20%5D%5B*ByX7-G%7CQyX%5EG%7CQy%5EXG%7CQyX7D%7CQyX7-AQ%7CGb7tla7Eus7D%7CF%5EXyQs7D%7CQyX%5EA%7CQyX%5E%7CAQyX31E%7CQyX7-B%7CusXyQ%7CQyX%5E%5D%20Q%2C7G7sus%7C%2Csus7G%2C7bAs%207A-3N%7C%7DQyX7bD%7CQyXln%20Db%7CQyXsXyQXyQ%20%20%5BUQC6XyQZ%20%3D%3D110%3D2
1a11ac13-b403-4c7e-a299-c425e714c66b,irealb://At%20Last-Rev%20JE%3DWarren%20Harry%3D%3DMedium%20Swing%3DC%3D%3D1r34LbKcu7ZL7bE4C6%20E7bD%207-DZL7bE%207C%5ElZL7bD%207-DZL7bLZE7%204TA*%7BL6-F%20b7LZNL%20QyXQyX%7D%207bD%20b7Al%7C%2C7bE%20n%2C6Cs1ZN2C6D%207-D7B%207hnlA7%20G/7-A%2C7-A%2CB/C%2C%5E7CsZL7G%207-DB*%5B%5D%2C%7ClF%23%2C6CsZ7-DZL-7%20A77-AZL9b7El%2C%23F/%2CG7%5EGsZL7D%207-AZL%20D7b9EZL9b7EZL7%2Cn%5D%5B*DZL7bE%207%5EClZL7Db%207-DZL7bE%206ClA-7%20Db7bDs%20%20Eb7LZD-7%20Db7LZsC6%2CnEb7%2Cn%7CAb7%2CnDb7%2CnZ%20%3DJazz-Medium%20Swing%3D80%3D3
1aa6a1ec-e019-47f2-bed0-a8daed37a5ba,irealb://Aunque%20Mis%20Ojos%3DRomero%20Pecos%3D%3DBallad%20Even%3DA%3D0%3D1r34LbKcu7D%7CQyX4A%2C*AF%7CQyXA%7CQyXA%7CQyDX%7CQyX%2C*m*%23F%7CQyX%23*m*%2C4Ti*%5BQyX%2C*XyQ%7CEQyXE%7CQyXA%7CQyXDQ%7CyX%2C*m*%23FB*%7BQyX%7CF%23*mA%7CQyX%3C%7C%7D%20%2C%7CA%2CXy*m*%23FQ%7B%20%3EA%20oT9*6%3C%7D%20%20%2CEZLQ%20%2CE%7CQ%2C%20LZEQyXD%7C*69Till%20Cue%3E%20%20%5BA%2CU%20%5D%20%3DJazz-Medium%20Swing%3D100%3D3
1af5c3e6-4006-4bb1-a843-09b8c06c94cb,irealb://Swing%20Gitan%3DReinhardt%20Django%3D%3DMedium%20Swing%3DG-%3D%3D1r34LbKcu7ZL%20lc4G-XyGZL%20lcKQyX7DZLl%20cKQyX7AZL%20lcKQ-XyQK4TA*%7BQyX%7D%20QKcl%20yX7DZL%20x%201N%7CQy7XAZL%20lcKQyX-GZLQKcl%20yXbA%7CLZN2D7XyQ%7CG-XyQKcl%20%20%5D%20%3DJazz-Gypsy%20Jazz%3D265%3D3
1ad7efc3-a91e-47c7-b0ca-736397d2f627,irealb://In%20a%20Sentimental%20Mood%20%28my%20version%29=Ellington%20Duke==Ballad=D%2D==1r34LbKcu7QyX7%2D4D%2D%20D6%2DG%207%2DGZL7%5E%2DG%20G%2DZL6%2DD%207%2DDZL7%5E%2D%2CLZlD4TA%2A%7BA%2C7%2DbQ%7CG%2D72N%7CQyXQyXQyXQylX%7DQyX6F1NZL7bG%20F6%20sEyX9D%7CDZL7b%2ABlDbEZL7bB%207%5EbDZL7Ab%207%2DbEZL7%2DbB%207%5Eb%2D7%20A%5B%5D%2C7bD%207%2DDb%2D7LZD%20%2DDA%2A%5B%5DQyX7C%7CyQX7%2DGZL7bA%207%2DbE%2D%5E7LZB%207%5Ebs%206FZ%2D%20G%2D%5E7%2DG%7CQyX9D%7CQyX7D%2DlZL%2C6%2DG%207%2DGZL7%20Gb7LGZL6%2DEh%2CA7%2CZ%20=Jazz%2DBallad%20Swing=85=5
1a7e37c3-43c6-4f5e-84b4-bfe699222c90,irealb://It's%20You%3DSanborn%20David%3D%3DSmooth%20Jazz%3DEb%3D3%3D1r34LbKcu7%5D%20QyX44%3C*7%7CQyX7bE%7CQyXbB%2Fuss7bE%3E69%20mpb%20%204XyQr%7CTi*%5BYbA%2FbEb7sus%20%3Ex436*%3CQyX%7CrQXy%7CQyX7bE%7CQyXbB%2F%7DY%5B*BEA*%7BYX66*%3CXyQXyF%7CQyXbD%2F5%23%5EbCZ%3EL%EF%B8%B6QyX84*%3C%20%3E%E2%99%AA%20%20Q9sus%2066*%3C%20QyX7b%20%20%E2%99%AA%3E%20bB%2Fsus7bE%7CQyXb%2FE2bCZL%3E%EF%B8%B6QyX84*%3CXyQ%7CEQyXQy%2066*%3C%7CXyQ%20yX84*%3C%20%3E%E2%99%AA%20%20QyXyQX66*%3C%20bA%2FbE%5BY%5DQ%EF%B8%B6%3ELZrQyX%7CQyX84%20%E2%99%AAXyQ2bC%20%3E%EF%B8%B6QyX84*%3Cb%2FD5%23%5EbC%3E%E2%99%AA%20QyX.%E2%99%A9%20%2FEb%3C*QyX.%E2%99%A9D%2F5%23%5E13suslcKQyX9-GZL%20lcQKyXE%2FDZL%20lcKQyX%20LZCbCZL%3E%EF%B8%B6bG%7D%20%3Ecl%20%20%5D%3C%20%2011%2331bC%7CQyX%5E9bGC*%7BY%20%20QyXQyX*633xKQyXbC%7B%7DQy%7C%3C%20D.QyX7-bBD*%7BY%5DQy9Xb7F%3EeniF%20la%20.C%7CEb7XQyX9%5EE%7CQyXQ%7CF7XEZLQyX%7CrQyX%7CQy3X1G%7CQyX11-D%7C%7DQyb9susyX11-11-bEQ%7CEb91bA%7CQyX11-bE%7B%5D7%20-F%209%5EbG%7CQyXsus3XyQ%7CyX31bXyQ%7C%3CXyQ%20%20vamp%20out%3EGb%5E9%20F-7%3C*634x%3E%20%7D%20%3DLatin-Brazil%3A%20Bossa%20Electric%3D96%3D1
1a9cefe1-634a-4044-9dd8-62bca838c885,irealb://Feliz%20Navidad%20%28Alt.%29%3DFeliciano%20Jos%C3%A9%3D%3DJazz%3DD%3D%3D1r34LbKcu71NZLQ44E-7QyX7-E%7CQyX7-B%7CyQX7%5ED%7CQyX7A%7CQyX%7CA7%20%20TSA*%7BL7-E%20Q%7CD6X%5B%5D%207D%207%5ED%7CQyX7D%5E2NZL%20QyXQyX%7DQy*BG%5E7yX7%5ED6D%7CQyQ%7CD6X%2C7A%2C7-Es%207AZL7E-%207%5EGZL7D%206D%7CQy%7ClD6XyX7AZ%2C7-EsG%5E7%20E7-E%207%5EGZL7D%206DQ%7CyX6D%7CQyX7AZL7-LZA7%20ZL7D%20A7%2C%7ClD6XyQ%7C%3CD.S.%20al%20Coda%3E%20x%20%20Z%5BQD%5E7XyQKcl%20%20Z%20%3DJazz-Latin/Swing%3D130%3D3
1abe2d25-a4a4-4df6-9c5b-bc06a8cda55d,irealb://Santa%20Baby%3DEartha%20Kitt%20%28Javits-Springer%29%3D%3DJazz%3DAb%3D%3D1r34LbKcu7%2C7-F%2C4sAb67bE%2C7-bB%2CoA%2C%5Eb%7CA%2C7bE%2C7-bB%2C7-F%2C%2C%7CAb64Ti*%5BbAZLQEb7%2CKyXZL7bE%207bBZL7F-%207%5EbAlA*%7B%5D%20%20lcQr%7CXy%2C7-bBZL7-F7LZBbA*%5B%5D%207bE%207-bBZ7L-F%206bAZL7bE%207-Ab%5E7%20-F%207%5EbAZL9b7LZXAZL7bE%207-bBZL7F-%207%5EbAZLQyX%7CrQyb6%20DbE%207bByX7bB%5B*BC7%207bB%7CQyX7FZL7-%20C7F%7CQyX7CZL7-G%20F-7LZ%5DQyX6rQyXZXyQ%7Cs7bBZL7-F%207%5EbAl*A%5B%5D%209bEl%2C9E%2C7bE%20Eb7L7bE%7CQQyX%7D%20ZAb%5E7-bBZL7-F%206bA1NLZ7bE%207-bBZL7-F%207%20Eb7LQyX%7CXyQ%20LZN2Ab6%20Db9LZAb6XyQZ%20%3DJazz-Slow%20Swing%3D80%3D3
1a917017-9e9f-4404-9e62-85731392de86,irealb://We%20Three%20Kings%20of%20Orient%20Are%3DHopkins%20John%3D%3DWaltz%3DE-%3D7%3D1r34LbKcu7X-E%7CQ4E-XyL%20lcKQyX%2C-E%7CQy-XE%7CQyX7BZL%20lcKQZB7Xy3TA*%5ByX7D%7CBE-XyZL7B%20-E%7CQyX-AZ%20LlcKQyXG%7CQyXD%7CQE-XyQ*%5B%5DQyD*%5B%5DQGXyQKyX-EZL%20lcKQyXGQ%7CyXG%7CQyX-EZL%20lcQ%7CGXyC*%5B%5DQE-XyQ%7CDXyQ%7CCXyQ%7CB-XyQ%7CGXyQKcl%20LZCXyQ%7CGXyQZ%20%3DJazz-Ballad%20Even%3D100%3D3
1a64dc37-d298-4073-9367-6a884f5f9ad9,"irealb://My%20Ship=Weill%20Kurt==Ballad=F=5=1r34LbKcu7%207-GZ4F%5E7%20-AZL7bB%207hBZL7%20D7%5EFZL7C%207GZL7D7%20D7L4TA*{%5EF%20suN1D-77G%207-D2NZL%20QyXyQX}%207C%207-GZL7G%20LZC7sZL,7AD%207-ABG-7%20,hBs%207%5EFZL6-bB7%20-GZL7C%207-GZL7CE7,%7Cl*[]%207FZL7C-7%20D-7D%207%5EF,C*,[]%207%20C7-GZL7D%207-AZL7LZG7%20AZL7-G,o%23FLZBh7L7C%207-DZL,7A%207G-ZL7D%207-AZL7bB%20ZsF%5E,7D%207%5E%7CQyX6,%7ClF%5E%207-GZL7bA%207-AZ7LbE%207%5EbBZL7-D%207C7LZF7C,7-G-7%20C7%20Z%20=Jazz-Ballad%20Swing=60=0"
1a398923-d383-4307-966b-3a0d58971476,irealb://Evertime%20You%20Go%20Away%3DHal%20Daryl%3D%3DPop%3DF%3D3%3D1r34LbKcu7L%2C-AZ*71In%5DQyX%2CF%7CQyX%2CC%7CQXy%2C-G%7CQyX%2C-D%3Eort%7BSF%2CL%3C44T%7CL%2CFZLZC%2CLZbBZL%2C7AZL%2C-DZLC%2CZL%2CbBZL%2C-AZL%2CF%2CLZBoL%2CbBZLxZL9ZG-%2CLZL%2CF1NZL%2CCZL%2C-ZGL%2C-DZL%2CF%7CZL%2CCZBbaddL%2C-DZ%2C7AZL%2CC%2C%7DX%2CC%2CsusCZLxZL7%5EBbZL%2CF2NZL%20QyXQy%7C%7CD-%2CsusCZ.D%3C%20%20XyQ%7CBX%2CC%7CQyX%2C-G%7CQyX-%2CD%7BZQyX%2CF%7CQyX%2CoyQ%7CF%2C%2CbBZLS.%20al%20Coda%3E%20%7DY%7BQD-%2CXyQ%7CG-%2CXyQ%7CC%2CXyQ%7CF%2CXyQ%7D%20%3DPop-Rock%3D99%3D2
1a01dcc2-090c-412c-a660-1efac29bb6ec,irealb://Just%20Friends%3DKlenner%20John%3D%3DMedium%20Swing%3DG%3D5%3D1r34LbKcu7QyX7-4C%5E7XlcKQyX7%5EG%7CQyX7%7CFQyX7-CZL%20lcKQy%20LZBb4TA*%5BAZL%20lyQ%5D%5B*7A%7CQyX7-E%7CQyX7G%5E%7CQyX7D%7CQyX7-ABXyQKcX7bE%7CKQyX7LZD-7X7F%7CQyX7-CZL%20lKcQyX7%5ECA*%5B%5D%207G%20yQ%7CG%5E7D%207-7-EZLBb-7X7h%23F%7CQyX7D%7CQyX-7AC*%5B%5DQyX7bE%7CQy%20B7b9ZL%20lcXyQ%7CA7XyQ%7CA-7%20D7LZUG6XyQ%7CD-7%20G7%20Z%20%3DJazz-Medium%20Swing%3D170%3D6
1a3ce7bb-01ce-46c7-9fb3-0aa29979c4d9,irealb://Rasputin%20'78%3DM%20Boney%3D%3DMedium%20Swing%3DB-%3D%3D1r34LbKcu7EZLxZ4%3C*66%CF%80%7C%7CZL17*%3C%7B%5D%20xZxLZLxZLn%3EsmurD%20%20%3EB-%2CL4Ti*%5BZL%2CA%3E%23%2CB-%2C%2C-B%7B%5D%20nZLnZLnZnL%3EyeH%20yeH96*%3C%5B%7D%3C*65%5EFZL%2C-atrec0%5E%3EF%23erehT47*%3CA*%7B%7D%2CF%23%2C-BZL%2C-BS%7BQyX%7D's%20a%206*%3C%2CG%20dekon%20in%20poep%20tsoM75*%3C-%3EBoga%20gnol%20assuRle%20loam%20niLQyX-m%3E%20%3C*yX%3Eraef%20htiw%20dan%20rorret%20htiW93Q%20LZBih%20ta%2C-E2NZF%23%2CB36*%3C%2C%23FZL%2C-E1NLZ%2C-BZL%2C-BB*%7B%7D%2C-%20!%3E%20%7DL%2C-EZ%2C-B%3E%7C-%2C%20%5D%7B*%3C%7D%20%2C-BZL%2CE%2CAZ%2CL-B%20-EZL%2CD%2C-BC*63%CF%80%CF%80%CF%80B%7C%2C%23Fht%20de%20%5B*v%3CeH%2027*%3CA*%20%7B%20%3E10X6*%3CA*%20%3EsA%20%2015*%20rullQ%20S%5D%2003*%3C%20sian%20%20eht%20dnim%20reve%20ndnA45*%3C%20%3E%20dnalCzar%3EsuR%20elp%20otll%20afeht%20saw%20eH21*%3C%3E%20%20etats%20fo%20riaf%20man%20A%20tuB%20s'ehXyQXy%20tuB47*%3C%7B%20Q%20C*B%20*Y%7D%2CB%2C%23FZL%2C-EQwhen%20%3Eesaeop%20roin'%20anuh%20sih%20dnA75*%2C%3C-B%3E%20gnitsul%20dnger%20fknirderom%20ecame%3C%5B%20QyX%7D%20%2C-BZL%2C%2CAGZL%2CAZL%3Enwonk%20*69Tob%20rewihtemmore%20%20ot%20snaem%20eht%20athT84*%3C%20%3Eelpoepdo%20so%20dna%20*%3C%20%20%3E*30Abb%20nam%20suoigar%20het%20tuo%20siht%20tuoecame%3C%20%3EgnL%2C-B%3Eder%20aeH06*%3C%7B%20Z%20%20QyXyQXQyX%3Ereduol%20dny%20HeyuoL90ttog%20*654xnam%20sihT96*%3CA*%20%7B%20QyXQyXQyX%7D%23F%3E%20just%3C%20-BZtupsaDeclat%20tbuod%20oN93*%3C%3E%20seimene%20sih%20erhis%20R%20og%20a*%20B*%5Bd%20lotyXQyXQyXQyX%3Esmarhc%20neddih%20fo%20sQXyQ%7DaH%20niC%3C*514x%3E%20%20%3C*42Oh%2Cthose%20Russians%3E%20%3D%3D0%3D0
1aaa2f90-fde2-428b-8c84-21a8f46258a4,irealb://Angels%20We%20Have%20Heard%20On%20High%3DUnknown%3D%3DJazz%3DD%3D%3D1r34LbKcu7%2Csus7%2CD%2CD%2CF%7C%7D%20%2CD%2CA%2CD%7C%2C-ED%2C%2CA%2CDZL%2CD%20A%7C%2C6D%23-%20F%23D44T%7BL%2CA%20D7%2C%20E7D%2CA%2CD%7CQyXA%7C%2Csu7sA%2C7-E%20D%7C%2CA%2Csus%2CE-%2C%7C-E%7C%2CB%2CA%2CD%7CF%237su%2C7A%2C7-E%20D%7C%2CsusA7%2C7-E%20%2C7-E%7C%2CB%2Cs%7CAXyQ%20-%23FZT%20sih%7CD%20A%2CL%20tuO%20mE%20dnuoPt%20'noD%3C%7DQyXf%2CDZLike%20T%2C-E%2CDQyXQyXyQXyrolG%20esohT%20nI%20lliF%3C%20QyXQyXQyXQias%3EX%3EgnihsetoNQ%20%20%3CEoD%20tnaC%20gnihT%20ishT%20rO%20eM%20rehti%201%2F8%20yXQyX%3E%20%3DJazz-Medium%20Swing%3D100%3D3
1a7effcb-481b-4b92-95d9-c6760de1c2b2,irealb://Treasure%20Hunter%20G%20-%20Sad%20Freedom%20(double%20time)%3DTanaka%20Mitsuhito%3D%3DEven%208ths%3DE-%3D7%3D1r34LbKcu7D%7C-E%2C4sB-%2F%7C%2C-E)-E(E%2F-B%7C-%2CEE%2F7-B%7C%2C-E)-E(EB-7%2FE4TA*%7B%20)-E(C%2C%7CD%2FB*%7B%20nl%7C%7D%2CD%2F-E%2C%7CD%2CD%2F-E)D(D%7C%2CC%2CClB-%2FE)C(C%2FC%20)C(B-7%2FE%2C-E%2CE%2F7-BsZL%2C-%20E)-E(E%2F-BZL-E%20%2C%7ClD%2FCZL%2C-E-BZL%2CC%2C%20C%2CE(E%2F-BZL%2CD%2F-E%20D%2CZL%2CD%2F-E%20)D(DZL-)%20E-%2FDZL%2C%20%2CC%2FDE-LZB)C(C%2FDZL-E%20%2CE%2F-7BZL%2C-E%20)-E(E%2F-%20C%2CLZ%20%2CE%2F7cKQyX(D)%20E%20lcKQyX7-%23FC*%7B%20%7D%2CD%2F-E%20%2CDZL%2CD%2F-LZF%5E7DZL%2CClcKQy-7XyQL%20lcKQyX7-%23FZLl%20cKQyX7-DZL%20lcKZF%5E7XEZL%20l%23F%7CQyG%23-7XQyX7-%23G2N%5B%7D%20%20lKcQyX7%5EGZL%20lcKQy%7CG-7X1NZL%20-7XyQ%7CD%23o7XyQZ%20%3DJazz-Even%208ths%3D166%3D4
1a9cda3c-6c44-4d89-ae6a-4f14cfee1697,irealb://Dieu%20de%20Lumi%C3%A8re%3DReymond%20Fran%C3%A7ois%3D%3DWorship%3DE%3D%3D1r34LbKcu7LA/B%204%3C*68%23G/E%7CQyX%23G/E%7CQXyE%7CQyXE%3EniarfeRXyQ%7CA4TA*%5BA%7CQyXALZA%20QyX%23G/E%7CQyXE%7CQXyEB*%5B%5DQyXAZLA/B%7CE/G%23/B%20AZD*%7CQyZA%20B/XE%7CQyXE%7CQyXEC*Z%7CQyXAZLA/B%20AZLAyQ%7CEXLA/B%20/B%20AZoupleA%7CQyXAZL%2CA/B%20ALZA/B%20AZLA/B%20A%3Et%20B/ALC66*%3CALZA%20B/ALZAXyQ%5D%20%3D%3D0%3D0
1ae8cf1e-92d5-4c6f-96b6-a103d153022d,irealb://Autumn%20Leaves%20w%2F%20Intro%20%28Miles%29%201=Kosma%20Joseph==Medium%20Swing=G%2D==1r34LbKcu72N%7CQy4G%2D69yXQyX%7D%20xZLx1NZxLZLxZLxZLxZLxZLQXyQX4Ti%2A%7BQyX%3Eg%7DXyQX7%2A%3C7%2DCA%2A%7BY%5D%20nZ9L6%2DG3N%7CQyXQyXQy4Swin%20xZLx%20%20lcKQ%7CBb%5EG%7CQyX31b7D%7CQyXh7A%7CQyX7%5EbE%7CQyX7%2D6XyQyX7F%7C7%5EbB%7CAh7Xy%7CQyX7%2DCZL%20lcKQXy6%2DG%7CQyX31b7D%7CQF7XyQB%2A%5BY%7DAZL7Eb%5E7XyL7bG%207%2DG%7CQyX317bD%7CQyX7hAC%2A%5BY%5DQZF%2D7%20E%7CQyXh7XyQ%7CD7b13XyQ%7CG%2D6XyQKcl%3C10x%3E%20%20%7D%20=Jazz%2DSwing%20Two%2FFour=112=10
1aa460ee-2337-4ce1-a396-3e0a597cfdf6,irealb://BMW%20%D7%A9%D7%97%D7%95%D7%A8%D7%94%3D(%D7%A0%D7%97%D7%9E%D7%94)%20%D7%90%D7%AA%D7%A0%D7%99%D7%A7%D7%A1%3D%3D%D7%99%D7%A9%D7%A8%D7%90%D7%9C%D7%99%3DA-%3D0%3D1r34LbKcu7AZL-D4A-XyyX-AA*%7BYZL-A%20-%7CGQyX-AZL-A%20-G%7CQQ%7CA-%204Ti*%5B-G%7CQyA-%20D-%5BY%7D%20-A%20-DZLG%20-ZAL-A%20bB%7CQyX-DZL*BD-X%7CQyX-%20D-LZF%20G-LZC7%20FLZD-XyQ%7CG-%20D-LZF%20G-LZA-%20D-%20%5D%20%3DJazz-Medium%20Swing%3D120%3D3
1a82a080-fe1d-477c-a14b-5e7281bc994f,irealb://Ballad%20Of%20Jed%20Clampett%20%28Flatt%2C%20Scruggs%29=Henning%20Paul==Bluegrass=G==1r34LbKcu7XG%7CZL%2CXyQKyXGZL%20lcKQyXD%7CyQXD%7CQyX%2C%2DAZL%20lcQKcl%20G22T%7BtnI36%20LZC%2CLQ%20%20GZL%20x%20ZL%20lKcQyXD%7CQyX%23C%7CQyXZN0%3C%2AlcKQy345%2A%3C1%2C%20So%20x%20ZL%20x%20ZL%20x%20Z%20LlcKQyXG%3E2V%20%2ColLZ%20x%20V%20%2CorZL%20x%20yQXyQKQyXGZL%20x%20ZL%20xZ%20L%20lcKQyXG3NZL%20cl%20LZX%7D%20%3Ex%20x%20LZGXyQ%7C%20%3CD%2EC%2E%20al%20Coda%3Ex%20%20%5DQGXyQ%7CD%20G%20Z%20=Pop%2DBluegrass=272=1
1aa0d312-9240-4c31-8c75-7887862b5453,irealb://Doug's%20Tune%3DDillard%20Doug%3D%3DBluegrass%3DG%3D9%3D1r34LbKcu7N%7C%7D%20%207XyQKXGZL%20lcKQyX7D1ZNL%20lcKQyXGZL%20lcyQKclD44T%7B2CXyQ%7CG%2CXyQ%7CD7XyQ%7CGXyQ%7C%7CGXyQ%7C%20%3DPop-Bluegrass%3D220%3D12
1abdf670-b095-4598-8409-ad44b197db46,irealb://Like%20A%20Drum%3DSebastian%20Guy%3D%3DRock%20Pop%3DE%3D%3D1r34LbKcu7%7B%20%20QyyQ%7CAXQyXA%7CQyXA%7C%7DQyXussB%7CQyX*m*%23C%7CQy%7CXyQXXEA*%7BQyXsumeday%20AZLE%20AZLsusB%20m**%23C%3E...wonk%20I%20ELZBsoS%3CB*XB*%20AQXyQ%20BZLE%20AZLE%20AZLssuB%20*m*%23C%3E...hoOXyQ%7D*yX%3C%7B%7D*%23C%7CQXyQXy%23F%3E...taeb%20anngo%20er'eW%3CC*%5BQyXQ*m*XyQyXQyXA%7CQy%7CEXyQF%7CQyXE%7CQyX*m*%23%7CCQyX*m*%23F%7CQyXA%7C%23*m*XQyX*myQ%7CC%23*m*XyQ%7CBXyQ%7CBXyQ*B%20*B%20%3DJazz-Medium%20Swing%3D100%3D3
1a72d3b5-a6ee-4cf8-b206-9cf788f62467,irealb://Blue%20In%20Green%20BG%3DBill%20Evans%20Adaptation%20B.%20Gallet%3D%3DBallad%3DD-%3D5%3D1r34LbKcu7sus31b%5E9%2311%2331%23C%2011-DZL59%23%237A%209b31A%7CQyX11%2CLZCB44T%5B31bBZ9LZBb1G%2011-DZL5%239%237%20A9b31A%7CQyX11%237%5E3%2311Lb31F%20%5EbBQY7%239%235XQyX%5D%20%2CQ%2C5%239%237C%23%2011-D%7CQyX9-AZLyQ%20LZE%2011%239%2311XyQ%7CA13b9%20A7%239%235LZD-11XyQ%7CfD-%5E9XyQZ%20%3DJazz-Ballad%20Swing%3D60%3D2
1a620702-dfdc-4dc9-83a2-d06cafe1e26f,irealb://Breaking%20Up%20Is%20Hard%20To%20Do=Sedaka%20Neil==Doo%2Dwop=B=11=1r34LbKcu7XQyX%5D%3C%2A72X%29pukcip%20cov%28%20QXy%E2%99%AB%20%E2%99%AA%20%E0%B8%AF%20QyX%E2%94%81%20%20Qy%3EnXyQ44T%5BY%20B%3Eyl%2A74Xy%2Bcov%20%2047%2A%3Ci%2A%5BYQ%20yX%3E611%20mpbQyXQdr%20on%3C%20%20Qy%3CZLE%20E%20F%237X%7CrQyX%3Eni%20sb%20%2018%2A%3CZLQyX%7CrQyXZLyQLZBZL%2D%23G%7CrQyXXyQ%20%20%20EZL%2D%23G%20BSA%2A%7BY%20%5D%20nl%2CBs%3E%E2%94%81%20%20QyX%E1%8A%95F%237LZ%E2%99%A9%2017%2A%3E%E2%94%81%20%20QB%20D%237QyX%E2%99%A9%2017%2A%3C%7CQyX7C%231N%7CQyX%2D%23GZL%23A%2F%20%20%E1%8A%95XyZLQyXF%207%23Cln%20%20%7DyXQyX%3E%29taeper%20no%20%3As%2Ed%20no%2815%2A%3C%20QLZN2%2C7%23Fs6A%20%5EA71%20%E2%99%A9XZL7E%207%2DBB%2A%5BY%5D%20n%20%2CB%3E%E2%94%81%20%20QyX%E1%8A%95%20%20Qy%20x%20LZ%2A%3CZL%23%3E%2EdnELZA%2D7la%20%2ES%2ED%3C%7CQyX7%23%7CFQyXGZL%20x%20ZL7D%20%202nd%20%20x%20ZL7%23D%20BXyQXy%7CrQyXZL7%23F%20EZL%23%2DG%20BA%2A%5BYQyXQyXQXyQLZ%5D%20%20np%20%20QyXG%23%2DXyXZL7%23F%20EZL%2D%23G%20%7BB%20QyX%5D%20%23F%207%23C%7CQyQr%7C%3CZL%23A%2Fvamp%20out%3EXyQ%20%7D%20=Pop%2DRock=116=1
1a4cb1b1-52d4-47fc-bc8d-96cd3cc3d2a6,irealb://Campfire%20Coritos=Israel%20And%20New%20Breed==Worship=C=0=1r34LbKcu7%20%29E%28%204C%20%28EC%20C%7C%29C%28G%29D%28C%29E%20%28%29F%28C%7C%29G%28%20%29F%28%20%29%2CG%2C%7CC4Ti%2A%5ByXF%7CQG%29%7C%7B%2Aadiv%20im%20y%20sona%20msim%20noC%20%2017%2A%3CA%E2%80%A6%3ECXy%28%20%29F%28%29G%28%20%20Q%7CCXyX%2DE%7CQyXF%3E%E2%80%A6UT%20equroP%20%2096%2A%3CB%2A%7B%7DQyQ%7CD%2DyXG%7CQ%7CQyXGQ%7D%7B%2AAC%7CQyXC%3E%E2%80%A6%C3%A9rabal%20a%2C%C3%A9rabalA%20%2096%2A%3C%20%20SLZyXCZLXG%7CQy%7B%2AB%3C%2AXC%7CQyXC%3E%E2%80%A6orem%C3%BA%20ne%20oiv%20nauJ%20%2096yQ%7CCX%7DQyXC%2A%3CA%2A%7ByQ%7CGX%7CQyXF%7CQyXG%7CQyXSC%7C%7DQyXC%7CQyXG%7CQyFXyQ%5DXG%7CQyyXG%7CQe%20alayXC%7CQyXC%7CQyXC%3E%C3%81%E2%80%A6VOHEJ%20ho%20n%C3%A1rabQ%7CGXyT%20%2096OHEJ%20Q%7CG%20Frolg%20al%20euqroP%20%2096%2A%3CB%2A%7B%7DQyXCZLia%20deyXG%7CQ%7CQyXG%20gran%7CQyX%2DA%7CQyXC%7CQyFX%7CQyXF%7CQyXF%3E%E2%80%A6edGXyQ%7Cse%20%C3%81VC%7CQyX%7B%2C%2AA%2CF%7CQyXC%3E%E2%80%A6redop%20r%2Cedop%20yaH%20%2096%2A%3C%20CLZG%7DQyXC%20%20%20%7D=Jazz%2DMedium%20Swing=120=3
1a22cc29-aa44-41ed-9579-10986f602cc8,irealb://Can't%20Take%20My%20Eyes%20Off%20You%20%28Frankie%20Valli%29%3DManilow%20Barry%3D%3DPop%3DE%3D%3D1r34LbKcu7ZLxZL%237/EXxZL%2CEA*%7B%7D%20%20lcKyQXE%7CQyXE/-%23F%7CQyLZE%5E7F44T%7BZL%2CEZxLZA%2C%23FZLE/7%23FZLxZLE%2CZLxZL6-A%7CZLxZL-/E%2CLZL%2C7E%2C%5EEZLBS%3C*6s7BZL%207-%23F%3Engi%20sno%20tpr/w%20%20QyX6us%20B7*%7B%7D%20x%23CZL7%20%7D%7CN2A/7B%20sus7BZL9-F%23C*%5B%5D%20xZL%209%237%23CLZG%23-x1NZLB%20sus%23-7LZ-%23F%5B%209%237%23CZL%2C3%5E1EZL11%237B%20sus7B9LZB7FZL7-ZLxZLG%23-7%2C%2C7DZL7D%20D/CZLQZxL7-%23FZL%2C7-%23CZL%20%5D*DGZLA/7%2CG/-ALZG7L7AZLxZLGZL6-CZ7L%5E-CZLxZL%2CCZLxZ/G%2CLZxZL%5EGLZG%2CLZxS%20%5D%20%20Y%5BQC/D%2CLZxLZfG%5E9%2CU%20Z%20%3D%3D0%3D0
1af113ef-5918-4bab-825b-2d23d9fa6409,irealb://Caribe%3DCamilo%20Michel%3D%3DLatin%3DA-%3D%3D1r34LbKcu7%7CQyXt7b9XyQyX7F%7C%7CQyX7-A%7CyQX9b7E%7CQyX7-D%7CQ%7CB7alA44T%5BE7b9XyQ%7CA-7XyQZ%20%3DJazz-Medium%20Swing%3D230%3D3
1a0f7369-df04-4db6-9ace-d74b707beb24,irealb://Cicha%20Noc%3DKoleda%3D%3DPop%3DC%3D%3D1r34LbKcu7%20%2CC%5D%20%2CLZC%2C7G%7C%5D%20%2CCZL%2CF%5D%20%2CZCL%2CF%5D%20%2CCZL%2C7G%5D%20%2CLZC%2CC43T%5BG7%2CLZC%2C%20%5D%20%3DPop-Country%3D65%3D1
1a1f6af5-931b-4187-b92a-66b0be03b67e,irealb://Close%20To%20You%20%28They%20Long%20To%20Be%29%201%3DThe%20Carpenters%20%28Bacharach%2C%20David%29%3D%3DPop%3DC%3D9%3D1r34LbKcu7sus7B4Cadd6CSA*%7B%5D%20%20x%20ZLC9%20ddaCZL%20x%20ZLC%2099XyQ%7C4Ti*%5B%7D%20Q%20%20B-7XyZLG/D%207%5EGZL6C%7CyQX96C%7C%7CQyX7-E%7CQN1G%5E7ZL7B%20ZL7%5EC%20%5D%5B*BQyX7-E%7CQyX7-BZ%20Lx%20ZL7%5ECl%2C6C%2CCs%7CC69%207G2N%7C7C%20suDXyQ%7CyX96bDQC*%5B%5DQyXD9%3EadoC%20la%20.S.D%3CQ%7CC7sZL%20x%20QyX7%5EXyQ%7CFA/bE%207%5EbA%7CQyX6Db%7CQyX96bD%7CQyX7-bLZAb7-CZLX6bD%7CDb%2CDbbD%7CQyX7-F%7CQyX7C-ZL%20x%20ZL7%5EbDl%2C669XyQsD*%5B%5DQyX7-XyQ%7CE7-CZL7C%20sus7C%7CyQX96bDC*%5B%5DQyX9bXyQ%7CFbE%7CQyL96bAXyQ%7CDZL%2C96bDZL7%5EbAZbLA/bE%207%5EbAlZL6bDb6LZ96bD%7CZAb6%20%7BAb69LZAb6LZDb%5E7LZx%20%7DAb%5E7XyQZ%20%3DJazz-Ballad%20Swing%3D95%3D1
1a5df785-4632-4007-b4a0-082444f7f351,irealb://Aquellas%20Peque%C3%B1as%20Cosas%3DJ%20M%20Serrat%3D%3DMedium%20Swing%3DC%3D%3D1r34LbKcu72NZL%204D6%20%20ZL%20DZL%209AZL%207-%5BE%20QyXQyXQyXQyX%5BN1D%5E74Ti*%5BZL%207%5E%7CG%20LZAZL%20-E%5BQyX%5B%20%20oEbZL%207%5EDZL%2CoG%20-G9%20LZDQyX7DEbo%20%20Z%20%3D%3D0%3D0
1abd795d-ce6f-4cf6-928c-aab151a3fd1b,irealb://Death%20Calypso%201%3DLion%20Roaring%3D%3DCalypso%3DE-%3D%3D1r34LbKcu7yX-E%7C4E-Xy%7CQyXx%7CQyX-E%7CQy-XE%7CQyX7B%7CQyXx%7CQB7XyQ4TA*%5B-E%7CQy7XyQ%7CyX7-A%7CQyX7E%7CQy6XG%7CQyX7D%7CQyX7-AQ%7CB7XEB*%7CQXyQZ%20%3DJazz-Latin%3D180%3D16
1a259c62-c019-414b-9d1d-a5e759a59441,irealb://Somos%20El%20Pueblo%20De%20DIOS%3DComposer%20Unknown%3D%3DRock%3DC%3D%3D1r34LbKcu7%7DQyXG4CXyQ%7CQyX-D%7CQyX-D%7CQXy-A%7CQyX-A%7CQyXC%7CGXyQ%7C4Ti*%7BQyXC%7CyQ%7CCXQyXbB%7CQyXF%7CQyX%7CFQyX-A%7CQyX-A%7CQy%7CGXyQXCA*%7ByX7C%7C%7D%7B*BFQyXG%7CQyX-D%7CQyXA-%7CQyXC%7CQyXF%7CQyX%7CCXyQQyXC%7CX-AQ%7BQ%7CFXyLQ%20%20C%7CQyXG%7CQyXD-%7CQyX-A%7CQyX-E%7CQZCXyQyXF%7CQyQ%7CD-XyQ%7CG%3C*69%20%20Till%20cue%3EXyQ%7D%7CC%20%20U%20Z%20%3DPop-Rock%3D115%3D1
1a6af7a3-77c5-434f-b28a-98278dd8bb86,irealb://Dirty%20Old%20Town%3DPogues%20The%3D%3DMedium%20Ballad%3DC%3D%3D1r34LbKcu7yX%7C%2CD4GLZGZL-EZLDZLDZLGZGLZLCZLCZLGZLGZLsE-%2Cl4Ti*%5BDZLGZ%20%7B*vSZLGZLGZLGZLCZLZCLGZLGZLGZLG44TGLZGL%20QyXQCZLCZE-LZstnemurtsnI%20QyX69*%3C1NB*%5B%7D%2CDl%2C-Eal%3ECLZLDZLa%20.S.FLZFLL-AZLGZLGZL%2CCZ%2CLCZLCZLCZLCZLCZZA-%3CDZLCZLZLGZL%20End.LGZLGZLCZLCZLGLZGZLGZLG2Nv*%5D%20%3EZGLZGdn2%20lGLZDLZDLZE-LZ%2Cf%2CE-%2CU%20%2C%5D%20%3DPop-Rock%3D360%3D4
1a47fd33-bc3c-44ad-9f1d-6c63b0b4cd74,irealb://Fuego%20De%20DIOS%3DRojo%3D%3DMedium%20Swing%3DD%3D%3D1r34LbKcu796*%3CBT44B-G%7CQyXG%7C%7DQyXA%7CQXyD%7CQyXG%7CQyX%2CA*%2CXyQ%7B*%2Ci*%2C%7B6*%3C%20Go%20de%20%7C%7DQyXA%7CQyXD%7CQyGX%7CQyX-B%3E...SOIDGXyQ%7CgeuF%20XG%7CQy%20A%3E%20%20yX-EZLA%20D%7CQyXGQ%7CyX-B%7CQyX-EC*%7B%7DQ%7CB-XoT%20%203yQ%7CAXyQ%7D%7CA%20%3C*66%20%20To%20B%3E%20%20%7D%20%3DJazz-Medium%20Swing%3D100%3D3
1a596577-2cd0-4a80-ae83-efe95e8a4308,irealb://Ferdinando%201%3DDeFranco%20Buddy%3D%3DUP%20Swing%3DC%3D%3D1r34LbKcu7-C%2C9b4C-6%20AsZL7hF%20G/6-CZ7LhF%20bE/6-CZL7hDb7%2CG74TA*%7Bb7G%2C5C-6%20DZL7hD%20bE/6-C1NLZ7hF%20bE/6-CZL7hsAb7bl%7CYZLlB*ZL-%20%7DYX7G%2C7bAsZL7hD%20b/E6-Cl2NZL%20QyXQyb9%2CC-C%2CF/9%7CQyX71XyQ%7CX11%2331A%7CQyX96b%7CEQyX96bE%7CQyX7bByQ%7CAb1%2331B%20G/6-yQ%7CD-F%20bE/6-CZL7hD%20-6CA*%7C%5D%209b7G%205b7h7LZCX96bD/6-CZsAb7%2CbE/6-CZL%2CQ%2C7hD6%20-Cl%7CYZL-C%2C9b7G%20Fh7LZL7hFbAsZL7LZsAbE/6-ClQZLQyXY%20%5D-C%2CF/9b7G%2C5b7b%20G7b9hD%20bE7%2CG7b9%2CC-%2Cn%7CUD-%5E7XyQZ%20%3DJazz-Medium%20Up%20Swing%3D160%3D3
1aad6c7b-a819-425c-8f25-29ec2d27d397,irealb://Fifth%20House%3DColtrane%20John%3D%3DMedium%20Swing%3DC%3D%3D1r34LbKcu7bAZL%2C-7%20Ab-D%7CQyX7-FZL7C%20%5E7AZL7E%207%5EbDZL%2C77%20Eb7G44T%5BBZL7FLZE%5E7L7A%207%5EbGZL7bD%20-7C%7C%7DQyX7%5ECZL7G%20ZD%5E7%207B%207%5E%207%5EbDQ%7CEb-A%207-G%7CQyX7G%7CQy7X-D%7CQyX7bA%7CQyX7b7%2CLZyX7%5EbX7%5ECZ%5E7%20C7%5EEZL7B%207%5EbAZL%2Cb7E%207-D%7CQyX7-FZL7%20G7LAZL7EyQZ%20%3D%3D0%3D0
1a83a440-8cfa-471c-ba02-82e403e3fc63,irealb://Forty-Second%20Street%3DHarry%20Warren%20Al%20Dubin%3D%3DMedium%20Swing%3DE-%3D%3D1r34LbKcu71NZL74E-XyL-A%207D%7CQyX7B%7CQXy5b7-%23F%7CQyX-E%7CQZE-%20C4TA*%7BCB*%5B%5D5%20B7LZL7B%205b7-%23F2NZ%20LQyXQyX%7D%207B%20-EZE-XyQb7-%23F-EA*%5Bcl%20LZ7bEZL%20x%20ZL%20lcKyQX7A%7CQyX7AZL%20x%20%20B7%20%5DKQyX7EZL7Bl%20LZF%23F%7CQyX7CZL-A%207%7CDQyX7B%7CQyX5b7-%23-7b5%20cKQyX-XyQZ%20%3DJazz-Up%20Tempo%20Swing%3D190%3D3
1a246fae-918a-4e90-8cf1-d3d0757e9f1a,irealb://Gente%20Humilde%3DGarago%20e%20Chico%20Buarque%3D%3DChoro%3DD%3D%3D1r34LbKcu7-E%20-E-6%20G-%20%23F/D%7BY%5D%207A%20DZ7LA%207-EZL7B%20DZL6Fo7LZB42T%5B7A%20-%23%20A7LZ%20-GZL7-E%20-EZL7Fo%20%23F/D%7CZL7A%20-%23FA7LZF7EZL7L7B%20DF%23%20Fo%206-BZL7D%207-AZLA7%207EZL7-E%20-EZL7G-6LZ/D%7CZL%2CDZL7A7LZNG%7CQyX7bB2N%7CQyXyQXQyXQyX%7D%207A%20D1-6%20Eh%207-EZXyQ%7CD69%20n%20Z%20%3DJazz-Latin%3D140%3D3
1a5b5ac1-f1a5-4965-ba2b-f945a7b6c5e2,irealb://Name%20Of%20The%20Game%2C%20The%3DABBA%3D%3DPop%3DA%3D%3D1r34LbKcu7XB%7C%2CB4F%23-XZLQyX%7CrQyXZLQy%7CXrQyX%7CQyX-%23C%7CQyF%23-%20%204Tv*%7B11Es%20%23-XyQQyX7%5ED%7C%7DQyX7%5EDQ%7CyX-%23C%7CQyX%23D%2FB%7C%7CB-7%20F%7B%7DQyXD1N%7C1XyQ%5DQyXD%7CQyXE%7CQyXDQ%7CyXA%2CS%2CC*%7B%20QyX%7C%7CAXyQ1El%7C%2CQyXQyyQ%7CDXE1N%7CQyX%23D%2FB%7CQy-X%23F%7CQyX%23C2N%7B%7DQyXyQ%7DXXE%7CQycKQyX2E11XlcKQyXA%2FDZL%20lcQKyXAB*%7B%5D%20%20lcKQy%20LZYAN%7CY%20%20QyX%2C71D%2CG%2FX7-%23GZL%20lcKQyX%23-F2N%7C%7DQyXDZLD%2CDyQ%7CC%23NZL%20l%7CD%5E7XyQKcl%20LZB-7%20%20sE11%2C%7ClE11%20%20%3CDS%3E%20%5D%20%3DPop-Rock%3D160%3D1
1a12a5e7-b8a3-4eb2-9f6f-2929b8a34edc,irealb://Goodbye%20Means%20God%20Be%20With%20You=Koinonia==Funk%20Jazz=E%2D==1r34LbKcu7%2CE%2F2b7%20D7L%2C11%237bG%2C%5EGsZL7%20D7%2DAZL9b7E%207%2DBZF13%2CA%2DAA%2A%7B%2DDl%7C%2C%20D7LZF%2C11%237bG%2C%5EGsZLD7%207%2DAZL9b7E%207%2DB13%2CE%2D7%2DAl%7C%2011D1LZC%5E7yX7%2DAZL9b7E%2011%7CEQyX11%2DBZLF%2FbE%20Q%7C%2ABN7G%20%2C7n%20%3E%21kB%2D11%20QyX11D2NC%2AZLQy%7DX%209b7E%2011EZL7hB%7C%3CLicZL11C%20LZ%20n%20%20Z%20==0=2
1ae1eeb0-23ed-4090-8592-a2ba10be650f,irealb://Sobrenatural%20%28Kids%20by%20Naty%29=Naty==Pop=Db=2=1r34LbKcu7all%20n4DbXy%2066%2A%3CA%2A%5B%7DQyXbGQ%7CyX%2DbB%7CQyX%2DbE%7CQpuede4Ti%2A%7B66%2A%3CB%20locoZLbAZLxZL%2DbEZLZxLbDZLxZLbG%3E%2E%2E%2Ex%20%5D%5B%2Aemram%7CQyXbre%20po%2DbE%7CQyXbD%7CQyXb%3EG%2E%2E%2Eergnas%20im%20rXyQ%7CDroc%20%20%2E%2EnoiQ%7CxXye%20anu%20yah%2066%2A%3C%2AC%7B%5DQyXx%7CQyXbA%7CQxplosyX%2DbEbE%28%20%29yQ%7CxX%29%2DF%28%20%29%2DbE%28%20%20bD%29%3E%3Aap5%28%20%2066%2A%3C%7CQy%7Cx%28DbXbG%3E%2Eus%2066%2D%29%20%7D%7C%5D%20i%2A%20%20bAf%7CQyX%2DEb%7CQyX%2DbB%7CQyX%2DbE%7B%2AD%3C%2AF%28%20%29%2DX%2DbB%3E%20me%20anis%201x%20tsni%20%2Ecesrc%28%20%2E%2E%2Earazarbg%20x3%29roma%20yQ%7CDbXyQ%7CGbXyQ%7CEb%2D%20%20%2AC%20%7D%20==0=0
1a2ee8c2-022c-4bb7-a479-55be51fb9624,irealb://Handyman=Blackwell%20Otis==Rock%20Pop=D==1r34LbKcu7TA%2AZL4DXyQZLA83T%7CQyXD44TLZ%2C%2DB85TZL%2CA83T%7CT58B%2D4Ti%2A%5ByXD%7CQQ%7CD%20WyXG%7C%2CA%2FW%2CB%2FW%20%2D%7CBQyX%2DB%7C%2C%23C%2FW%2CD%2FQ%7CAXyyXD44%2FW%20%2DBs%20A%20%5D%20%2DE44TZL%2DB85TZAL83T%7CQyXD44TB%2A%5BF%23%2DLZusD%7CQG%7CQyX%2C%7CGXyA%7CQyXG%7CQyXGC%2A%7CyQXD%7CQyXD%7CQyXA%7CQXyQ%7CDA%2FW%2CByX%2DB%7C%20W%2FG%2C%20%20DZLA%20GlC%2A%7B%7Cn%20s%20%2CA%7CQyXE%7C%2C%23F%2FWW%2FC%23%2CG%7CQyX85TZL%20W%2FA%2CQyXDD%2AZLA%20susDQ%7CyXD%7CQyXA%7CQyXG%7C%7CT38A%20%2DB%7CQ44TZL44DXyTZLA83T%7CQyXD44ZTL%2DB85TZLA83T%7CQ58B%2D%2CTZL%2DBN1EXyQ%7CA%20%20sn%7D%7CN2lDXyQ%7CT38ALZT58B%2D%2CU%20%7C%20==0=0
1ab50f6b-ea60-4dbc-bdbe-0bc2da3274da,irealb://Hey%20Nineteen%20P1of2%3DDan%20Steely%3D%3D120%20bpm%3DD%3D%3D1r34LbKcu7los%20r4lC%235ttuT%20%2066*%3C%7B%20%20nd%3Eneb%20%23c-b%20rtg%3C%2Ci%2C%20gt4Ti*%5B%2C11%2397%20s%20EZL%2C9A%207-%23Fl%7D%2C7%23-C%2Ch%23G%207-B%7C%2C%23F%2FD%5E9%20G-%23F%3EosreV%207%20C%23-6*%3C44TSA*%7BY%20Qy%5DXQyX%2C7-A42TZL%2C75XyQ%20-%23FZL7A%20GZW%2FF%23L%20%2CD1NZL%2CA%20%2CGZLF%23%2FW%20DZL%2C9b7A%20GZW%2FF%23L%20%2CD%3EeC%207-BD%2C%20W%2FZL%23F%2FW%20Dl2N%7CY%7D%2C%20A%2FG%2CG%2FF%2CGsZL%23FG%20ALZZL%2C9b-Bl%7C%2CZG%5E7%20%207-%23F%3EsurohC%20%2069*%3CB*%5BY%5D%20%2C5%23-%23C%20E%2FF%23L%2C7-%23%2C7-%23C%2CLZXyZL%2C11%239G%209%5EDZL9%2CA%207-%23FZLQyX%7CrQF%23-7%206-B%207ulret%3CXyQD6*%3C44TC*%5BY%5DQyX7%2C-A%3EeniF%20la%20.S.9%20%20In42TZLQyX%2CAXyQKcL%20lcKQyX%2C9%5EbBZ%20LlcKQyX%2C7-CZL%20lZG%5E7%2F-E%3Eed%20%2CGZL%5DY%7B*ADZL%2C9b7A%20GZL%23FW%2F%20D%3E!eciN%20%2096*%3C%20W%2FF%23%20%20lcKDl2N%7C%2C%20W%2FFG%2CG%2FF%2CGsZL%23F%2FWD%201NZL%2C9b7A%20GZL%23%2FA%2C%20%7DDZL%2CA%20W%2FF%23LZG%20%3C*30XyQXyQXyQXyQXyQ%20%20VS%3EA%20%5D%20%3D%3D0%3D1
1a3faf37-6394-4f91-82e4-2b27dbd1b697,irealb://This%20Is%20All%20I%20Ask%20%28DGM%29%20073=Jenkins%20Gordon==Ballad=F==1r34LbKcu7ZL%20x%204n%20C7%207%2DGZL7o%23F%206F%5ByQXQyXQyXQyX%5D%205%23C7%2CLZ4Ti%2A%5B%7C%2C7bE6LZF%5E%207%2DGsZL7o%23F%207%2D%7CGQyX7obA%7CQyXA%2F7Bb%2D7%2CF%207oF7D%20%2C6%20Eb9L7C%209bDZL9b7G%20%2C%2D7DZL9b7D%205b7%2DAZb9LZF%2C31Al7C%207%2D%2D7%20C7b7D%205b7%2DAZL7%5EF6%20F%7B%20%3EsurohC96%2A%3C9%2CLZGGZL9%23%2C5b7%2D6%20G%2D7XA%2F7%5EF1NZL%2C7o%23%20G7%2DGZL7%2DD%207%5EFZLyQ%5D%5BBFZL9bZL7o%23LZA%2DXL5%237D%20%2C7%2DA%7CQyXD7ZL%2C7%2DA%207%5E%2DA%7CQyZG7%20C9b7E%207E%205b7LZC7yX6bB%5BQyX31b9bA72N%7DQyX5%237C%7CQyXQ%7CB%2D7G%207%2DDniF%3CU%2D%20A%2D7F%7CQyXsus7C%7CQyX%2D7G%7CQyX31b9b7DZL6XyQ%7CAZL9be%3EF6XyQZ%20==76=1
1a598ed3-c578-4bc8-9341-c18518e17479,irealb://Never%20On%20Sunday%20%28DGM%29%20567=Hadjidakis%2DTowne==Latin=Eb==1r34LbKcu7L%20lcK4EbXyZL%20lcKQyX7bBSA%7B%2AQyXQyXQyXQyX%5DQEbXyQ4Ti%2A%5BG%2FbEsyQKclbE2NZL%20QyXQyX%7DyQXbE%7CQyXbE1NZL%20%20%20QLZX7bBZY%7CQyXBb7%2FFyXF%2F7bBZL7obG%20%2FGbE%7CQyXbElB%2A%7B%5D%20Q%7CBb7%2CobG%2C2NZL%20Q%7CBb7X%7D%20F%2F7bB%2CobG%2CGb%2FEs%7CQyXbE1N%7CQyXyQXyQyX7%2DFlEbXyQ%7CEb%20%20%3CD%2ES%2E%20al%20Coda%3E%20%5D%5BQEb%5E7XyQZ%20=Latin%2DBrazil%3A%20Bossa%20Electric=120=1
1aced326-62b2-480d-bc61-a45deabba514,irealb://Silent%20Night%201%3DGruber%20Franz%3D%3DJazz%20Waltz%3DC%3D%3D1r34LbKcu7%5D%20%209bC%5E%20LZ%20%5EC%7C%2C7GZL%20-DZL7%20DZL%20-AZL%205b7bBLZF%237s43T%5BG%2F-D%5DD-%20G7%5ECZL%207G%20%20G%2F-DZ%20L%5EF%7C%2C7%23FZL%20%5EC%7C%2C%2C%7CC%5E%2CZL%20%5EF%5D%20%20%5Eb%7CF%23h%20bD%7CQyX7G%20%20-DZL-%20A%20%20E%2FCZL%206-FZL%5E%20LZD%2C7G%7C%2CQ%2CU%2CC%5E%20%20Z%20%3D%3D0%3D0
1ae003bd-f465-4a62-91f7-e82635409786,irealb://I%20Told%20Jesus%3Das%20by%20Roberta%20Flack%3D%3DSlow%20Blues%3DG-%3D%3D1r34LbKcu7X9C%7CQ-XyQ%7CQyX9C%7CQyX-G%7B%7DQXy9C%7CQyX-G%7CQyX9C%7CG-XyG89T%7ByXoE%7CXyQ%7CB%7CQyX-G%7CQyX-G%7CQXy%23F%2FD%7CQyXD%7CQyXbEbXyQbB%7CQyC%7CQyXyQ%7CD7X9C%7CQyX-G%7B%7D%209CLZ-GZL9CZL-G%7CQyXyQ%7CG-X-G%7CQX-Gf%7C%7CEbXyf%7CQyX-Gf%5BZL6-Cb%20E%7CQyXG%7CQyX7D%7CQD7XyQ%7DQyX9yQ%5D%20%3DBlues-Slo-Mo%3D48%3D3
1af12c64-c326-4893-9a84-260f2bc1e1b5,irealb://I'll%20be%20with%20you%20in%20apple%20blossom%20time%3DAlbert%20von%20tilzer%20%20and%20neville%20fleeson%3D%3DMedium%20Swing%3DC%3D10%3D1r34LbKcu7%2ChG%207%20LZx%20C%206CZL%20CZL%20x%7C%7CyQXFZL%20-EZL%20-EZL%23h%2C%7CGC43T%7C%23C%2ChC-%2CDhLx%20ZL%207D%7C%2C7A%2C-E7%2CA%7C%2C-bE%2C7%5EC%2CC%7CZLZG7%2CD%2C7G%7CA%7C%2C7E7%2CD-%2CL%20EZL%20F%7CQyX-EZ%20L-EZLx%20ZL%20C%7C%2C7GZE%5E7%20G%7CZLh7%23F%2C7%7CA7Xy%207G%207DZL7G%206-FLZ%207D%20%7C%2C7%23C%207D%7CQLZC%2CF%2ChA%207%20LZG7%2CAb7%2CG7%7C%20%3DJazz-Medium%20Swing%3D100%3D5
1a64fed6-d562-4239-b07b-87af7211070f,irealb://Je%20ne%20veux%20pas%20travailler%3DForbes%3D%3DBMS%3DF%3D%3D1r34LbKcu77-GZL%20ALZDyX6FA*%7B%5DQyX6FZ7LC%206FZL6-bB%20%2C7-QKcl%206Fi*%5B7o%23F%20F6XyQ%5D%20%2C5%237C%207C%7CQyX-7G%7CQyX7G%7CQyX6F%7C%5B*BF6ZL7C%20L7C%206%20C9LZbB%207-DZL7A%206FZ9LC%207-GZL7o%23F%206F-6LZF7-GZLQyX7-Q%7D%7B*C7E%7CQyX6F%7CQyX6-Bb%7CQyX6F%7CQyX6-bBXyQ%7CAyX6FZ7-GZLyQ%7CC76FZL9C%207-GZL7oF%23%206FB*%5B%5D%20%2C5%237C%20%20F%23o7X7-G%7C-bB%2C7F6%20A7A%206F%5B%7DQyX6FZL7%20C6FZL6-bB%207-DZLLZsD-ZL9C%206%20LZlF6%20C7LZfUF6XyQ%5D%20%3DJazz-Medium%20Swing%3D105%3D2
1a6658dd-8fbd-455a-ac20-91fe38aa0466,irealb://Just%20In%20Time%201%3DStyne%20Jule%3D%3DUp%20Tempo%20Swing%3DBb%3D%3D1r34LbKcu7lcKQyT44C7A*%5BZL7F%207-C%7CQy6XbBZL7F%207-C%7CQyXBb%5E7X%2Ci*%2C%5BL%20lcK7XyQ%7CZL%20lcKQyX7CZL%20clKQyX7G%7CQyX9b7DF7XyQhAZL%207-GB*yQKcl7D%207hA%7CQyX7%5EbALZ%20lcKQyX7%5EbEZL%20b9%20%5D%5BX7bBZG%7CQyX-%2FF%23X%20lcKQyX6bBZL7oC%23%207C%7CQyXF%2F-G%7CQyLZAb7G%7CQyXyX6bBC7XyQ7-C%7CQyX7C%7CQyX7G-%7CQyX7-D%7CQyX7F%7C%20F7LZ%7CQyX7Q%7CC-7%20F7%20Z%20%3DJazz-Up%20Tempo%20Swing%3D240%3D2
1a7dc264-f211-4029-b83c-b02af84cb7fb,irealb://Last%20Goodbye%2C%20=City%20Sun==Piano=G%2D==1r34LbKcu7yX7%5Eb4G%2DXyF%7CQyX%2DG%7CQyX7%5Eb%7CEQyX7%5EbE%7CQyXF%7CQXyQ%7CE4TA%2A%7ByXF%7CQ7XyQ%5DQyX7%5EbE%7CQyX%2DD%7CyQX%2CF%7CQyXbE1NB%2A%5B%7CEbXy%5EbE%7CQFZLbByQ%7CFXyXFZL%2DG%20%2DC%7CQyXZFLbB%20%2DC2NC%2A%5B%5DQyQ%7CC%2D%20XbE%7CQXyQ%7CC%2D%20G%2DLZFXyQ%7D%20==0=0
1aa9bf41-3c90-49f2-9bb5-8eb70f5c7046,irealb://Le%20Petit%20Bal%20Perdu%3DBourvil%3D%3DGypsy%20Waltz%3DC-%3D3%3D1r34LbKcu7bEZLb4C-LZZL7CZL7GZL-FZLG-ZLxZLbAZLxZLbBF-LZB3TA*%5BZL-DZZxLZsFB*%7B%20%20QyXQyXQyQXyX%7C%5D%20n%7Cp%20nl%2C-CLZE-LL-CZLC2N%7C%7DLZD-LZL-DZLCZL%20%7Cr%20ZDLZL-AZL-DZLC1NZ%20r%7C%20%20-EZLxLZFLZCLZF%2CQLZC%2CLZsC%2Cln%20p%5D%7CXyQXyQXyQ%20%20QLZfC%7C%20%3D%3D0%3D0
1a2f8ae2-a9d2-4147-aa4b-01b97b7c9fc5,irealb://Love%20Is%20All%20Around%20%28Mary%20Tyler%20Moore%20TV%20Theme%29%3DCurtis%20Sonny%3D%3DMedium%20Pop%3DA%3D%3D1r34LbKcu7E/-%23F4AXyQL%23G/-%23C%20A%7CQyXssuA%7CQyX2A%7CQyX2D%7CZF%23-%204TA*%5BQyX9EXyQ%7CEB%7CQyX7%5EDZLE/7-F%23%20-%23Fl%7C%2CoF%2C7Es%209XyQ%7C7-BZL%5DQyXA%7CD2XysA%2CAZL7E%207-B%7CQXyA%7CQyX2D%7CQyXA%7CQus%20LZQyXA%7CBZLE/yQ%7CD2%23FZL%23G/-%23C%20A%7CQXysusA%7CQyX2A%7CQyX-%20F%23-XAB*%5BXA%7CQy%7CE%20sEyX9B%7CQyX7%5EDZLE7/-%23F%20-%23Fl%7C%2CoF%2C7Q%7CE9XQyX7-%23C/AsXyQ%7CA%20susA%2CAZL7E%207-%7CBQyXA%7CQyX2D%7CQyXLZA%20%202D%7CQy%2C%7ClB-7XyQ%7CB-7/E%20E7LZsA%2CAsus%2ClEsusLZfA%2CU%2CXyQZ%20%3DPop-Smooth%3D125%3D1
1af2c26f-ff2f-4332-bec3-2404eeb31fac,irealb://Maybe%20September%3DEvans-Faith-Livingston%20(Tony%20Bennett%20-%201966)%3D%3DBallad%3DA-%3D0%3D1r34LbKcu7L9dda44%3C*7%2F%23CZLA%2FhBZLA%2FBLZ-A%3E)yleerf(%20%204ALZA-Ti*%5BYAl%7C%2C99%20%5D%20%3Cdda-As%209%5E-AA*%7BQYyX%3E06%20mpb%20%2047*9%2CA-%5E6-AfZAZL5%23%20sW%2FC5%239%237E%7CQyXhBl%3Eo)pmet%20a(%2047*%3C%7C%2C%20E7b9%20%2C96-l%7C%2C9bXyQ%7CABs%20%5EC1N%7CQyX9G%7CyQX7-DZL%2C7-A%209%5E-h%2CE139dda-%7C%2C7B%2C9XyQ%7Cs%20B%2F-Al%7C%2C11%239B9%2CB%2C9%237B%2C5%239%237BsB7%2311dda-ABs%20%5ECXyQKc%7D%2C7E%2C5%239b7Es%2093b1E%7CQyX9b7EZL%20lY%7CN2lE%2FhBlbE%2FF%20b9%2C%7ClL7F%20sus7F%7CQyX%23%2FFDZLG%2F-A%209dda-AZA-%2FE31E%2Ch%23F%2096sW%2FE%2C%20ZL%20xl%20%7CE%2FW%2CA%2FD%5Es%2096Al%7C%2C5%239b7Ex%20LZA%20hBZL%2011-%23%20%5DXyQ96A%7CQyX11%239b7EQ%7CyX9-BB*%5BY%20%20QyXXyQ%7CC5%239%237X11-B-11Xy7%23F%2011%239b7%23F%7CQXy%5EA%7CQyX%2Csus9E%7CQb9%20%5D%5BBZL9Cl%7C%2C5%23b9%2311%239b7%23Fs%205%239%237%23%7CFQyXh%23Cl%7C%2C9Es%20%205%2CF%2377E%7CQyB-9LZE13sus%2CLZA69%20LZB%2FA%20LZBh%2FA%20LZUfA69%20%20Z%20%3DJazz-Ballad%20Swing%3D60%3D1
1afbb301-2532-4bff-b54d-0dc60f1c9c1a,irealb://Mississippi%20Half-step%20Uptown%20Toodleoo%201%3DDead%20Grateful%3D%3DMedium%20Swing%3DC%3D%3D1r34LbKcu7ZLFZL%20A-%5E744TA*%7B%5D%207G%20obELZ-A%20FZL7D%207-AZLCLZE7-Ai*%5BB*%5B%5D%20LZC%2CG7EZLF2NZLQyXQyQXyX%7D%207GZL7D1N%7C%2C%20%5D%5BE7FZL-AX%5D%20xZLZ%20r%7C-A%7C%2CG%2CCZL%2CF%7C%2CGC%2CZLF%7C%2CG%2CCZLFZL%20LZE7LxZL-AQyXQy%7B*CA-ZL7BZL-D1NZLFZ9LDZL7-AZL7%5E-AZLE7%20%7DXQyXQyZL%20ZLN2A-LL%20ZL%20ZL%20ZL%20ZL%20LZ%20ZL%20%5BZ%207GZL7DZZ%20LZ%20ZLQyXL%20ZL%20Z%20LZ%20%20ZL%20ZL%20ZL%20ZL%20Z%20LZL%20ZL%20ZL%20ZL%20ZLLZ%20LZL%20ZL%20Z%20LZ%20LZ%20LZ%20LZ%20LZ%20LZ%20LZ%20LZ%20LZ%20LZ%20LZ%20LZ%20%20Z%20%3DJazz-Medium%20Swing%3D100%3D3
1a6c9191-c0de-4c52-b4e6-7a2a6f256e25,irealb://Never%20Too%20Much%3DVandross%20Luther%3D%3DFunk%3DB-%3D2%3D1r34LbKcu7%E2%95%92%20%20.%E2%99%AA%3C*74%20yXQyX%E2%99%A9%20%20QyXQyXyQX%E2%99%A9%20QyXQyXQyX%E2%99%A9%20QXyQ%2044T%5BY%3E011%20us%2C%20A7*%3C%20%20QyX%5D%20sus9Bb%20%2Csus9A%20%2Csus9b4%20bpms9Al%3EXQyXQ*iB9ss9A%2C7-Espp1N%7CQXy9%5EGZL%20lcKQyXsuus%7DXy%7BYQyX%7CQyX9%7CN2E-lcKQyXsus9Bl%7B%5Ds%2Cus9bB%2Csus9Ap%2C7%20LZG%5EQyXQy*%3C%2C7-7%2CA9sQyX9%5EGZL%20lcKQysXus9BlSA*%7BY%7D%2Csu%7CppsE-Espp%2060*%3CA9susLsus9AppZL%209%5EGLZ%20xZL%20sus9Bl%7C%7D%2CZ%20T24%3Ex3366*%3Cpp%20%E2%99%AA%3EsB-El44TB*%7BY%5D%2C7-%3EB%CD%9C%20%20QyX60*%3CQ%2C9-7XyQ%7C.%E2%99%AA%20.%E2%99%AAXQyXQ%E2%99%AA.%20%E2%99%AA%3E%3C%2CA%7CQyXGl%7C%2C%23F%2F%3EW%EF%B8%B6%20QyX84*%3C%2CE%2FWs*66Xy%20.%E2%99%AA%206%7CQyX7XyQ%20%CD%9C7-B%3Ex330*%3C%2C9-B%3Es%E2%99%AA%20.%E2%99%AA%20.%E2%99%AA%2066*%3Cp%3E%7D%7ClE-QyXQyL%20n%2CA6%20%E2%99%AA.%20yXGl%7C%2C%23F%2FW%3E%EF%B8%B6%20QXy84*%3C%2CE%2FWs%3E%E2%99%AA%20.%E2%99%AAQ%7CT646*%3Cpps9A%2Cs9sus%20s%3E%E2%95%92%20%20.%E2%99%AA%20%20QyX%E2%99%A9%20Q%20yX%E2%99%A9%2030*%3C43TZLpAb9suA42TZBl%3E).9sus%20(%20edulretni%2047%3C*44T%7BY%20%20QyXQyX%5DinstrbB%2CsuY%7D%2CsuyQKcl-Espp%3EadoC%20la%20S..D%20%3C%7CQyX9%5EGZL%207%2CA9sXsus9%2C%23F%2FW44lE-X84*%3C%2CE%2FWs%3E%E2%99%AA%20.%20%E2%99%AA.%E2%99%AA%2066*%3Cpp%7CQyX7yQ%20%EF%B8%B6%3ETQB*%7Bp%3E%CD%9C%20Q*03XyQyXQyXQyX66*%3C%2CZAL%20%3Etuo%20pmav%20%20QXyQXy%3C%20Gl%7C%3C*66%20%E2%99%AA.%20%E2%99%AA.%20%E2%99%AA%3EsB-9%2C%3C*038x%3EB-7%7D%20%3DBlues-Funky%3D110%3D1
1ac0655b-67a7-48a1-aeb8-bd0643b66017,irealb://Straighten%20Up%20And%20Fly%20Right%3DCole-Mills%3D%3DMedium%20Swing%3DAb%3D7%3D1r34LbKcu7%207bD%7C4Ab6XAZL7bE%207E%7CQyXb%2FEbAZL7oD%207bD%7CQyb6XyQ4TA*%5BbE%207-Ab%2FEbbA%206bDZL%20lcKQy6XbAB*%7B%5D%20%20lcKQyX6LZBbZL7oD2N%7CQy6XyQKyXQyX%7D%207bE%209bBN1ZL6bA%206bDZL%20lcQXyQXbAZL99bBZL%2CEb7%2CC%7CQyX7FZL7C%207-%7CGQyX7CC*%5B%5D%206bAl-7%20F77-bBsZL6bA-7%20BbL%20lcKQyX6bAD*%5B%20%5D%20lcKQyX31bEZL9ZDb6%20F%7CQyXbAl%2C7Eb9LZbBsZL6bA%206bDZLo7D%206bDZL7bA%206bA-7%2CEb%207-bB6%20Z%20%3DJazz-Medium%20Swing%3D100%3D3
1a1510c0-dd9a-4cbe-adee-966e0174929c,irealb://Nobody%20Knows%20You%20When%20Your%20Down%20And%20Out%3DCox%20Jimmy%3D%3DMedium%20Swing%3DC%3D%3D1r34LbKcu7D%20-G%7Cb%20FoLZL7A%20F%7C%5DQyXC%7CQXy7GZL7D%20C%2FsusFZD7XyQB44T%5B%7CQyX9%20%20%3C5x%20C%7CQyX7GZL7D%20Cs%2FusFZLoF%20bB%5B%7D%20%3EF%20%5D%5BG-GZL7G9%20CLZF%20%20U%20%5D%20%3D%3D0%3D1
1a833bd2-8625-404f-b581-b2283483fd89,irealb://Nu%20Com%20Minha%20Musica%3DVeloso%20Caetano%3D%3DBossa%20Nova%3DA%3D%3D1r34LbKcu7E%7CQyXXyQ%7CE5%237E%7CQyXA%7C%7CQyX%2357E%7CQyXA%7CQyX5%237XyQ%7CAA44T%5B7E%7CQyQ%7CE9sX11%237F%7CQyX6-D%7CyQX31b7AZL9-E%20suyQ%7CAXyX5%237%235XyQ%7CAXyQ%7CE7%235XyQZ%7BAXyQ%7CE7%235XyQ%7CAXyQ%7CE7%235XyQ%7D%20%3D%3D0%3D0
1ab9e808-03fc-4a4d-8bf3-ea41bbcd051e,irealb://Steamboat%20Stomp%3DBoyd%20Senter%20%281926%29%3D%3DMedium%20Swing%3DAb%3D%3D1r34LbKcu7A%20%2CB%20*74In%20%2CegdirB%20%2Cortn4I7*%3CxZL7bBs%3EortA%2C%20B%2C%3C44T%5BLbEZLulateB%7CZLxZLbEZLxZLb7BZLxZLbEZL%3EC%20%2Cb7LZxdoM%20%2C%20ZL%3Ekb%2CAo%2C%3CbE%3EegdirB47*%3CY%5B%5D%20bEZL7bBZLbE%7C*39BrAZLxZZL7CZZBb7LZL7bBZLbE%3EA47*%5B%3CY%20%20QyXQyX%7C%5D%20xZ%20r%7C%20LL%29bE%28%2C7C%2Cb7LZBb%3EkrBQyX72*%3CZL%20r%7C%20ZL7bBZLbE%7CZL7EbLZEFZL-FyX72*b7%2C%7CEL7bBZLxZL7FZL7ZCLbE%3EB47*%3C%7BY%5D%20bZxLZ%3CB%2C7F%7CkrBQyEbLZ%20ZLxZL7bBZLxZL7ZFL7CZLbE%7CZL%29bE%28%3C*27X%3EkrBQrB%20%20Q%20%28Eb%29%3CZL%3EkrB72*%3CbE%3EtealudoM47*%3C%7CY%7D%20*27XyZLbE%3E%20.C47LZ%3C*2%20QyXQyX%5D%20%297bE%28Z%20L7bE%3EkrB%20%20QyX7%20Y%5B%3C*obE%3EkZLbA%3Es%3EAbLyX03*%3CZL7bEZL7BbZL7FZLbAZLobAZQ%20BrkoloS%20bA%3Ekr%29LZ%7CA03*%3CZL7bEZL7bBLZ7FZLbAZLobAZLbXyQ%20B7bE%28%20LZ%20%28Ab%29%20Z%20%3D%3D0%3D0
1a93c947-55e2-4c49-9397-1def998c25d6,irealb://Old%20And%20Wise%3DParsons%20Alan%3D%3DBallad%20Melodic%3DC%3D%3D1r34LbKcu7pp%7C%2C%5E4A-%2CE-E%2C-A%7CQyX-Dl%7C%2C-7Esppp%7C%2C%5EFs%20G/-/G%20sF4TA*%7BaF%7CQy%2C%7ClF%5EG%7CQyXB/G%7CQyX-CQ%7CyX-Dl%7C%2C7-Es%20%207-/BbX7-EspB*%5B%20QXyQ%7CF%20sus7GZLD%20susDQ%7CyXG/-C%7CQyXbA/-G%20%5DXyA/9ddD%20sus%7CG-/BXG/-C%7CQyX-F%7CQyGX/-C%7CQyXbA%7CQyXbyQ%7CD7QyX-CC%7CQyX7sus%20XG/-C%7CQyXbA%7CQybXB/-G%7CQyX-CZL7GyQ%7CF-GZL31bA/suyQ%7CD7yXbAZL7G%20sus7GLZ7D%20%3E9b%2054*%3CsusQ%7CBbsXbE/-f%7C%2C7-XyQKc-Dl%7C%2C7-Es%20%207%5EFLZG/-E%20-AC*%5B%7D%20%20l7%20%20sEC%7CQyX7-G%20-QZ%7B*D-G%7CQyXbA/bB%7CQybXA%3E.rtsni%20%2096*%3CXyQ%7CCyX5Al/BbLZAbXyQ%7CBb/AbXyQ%7CCXyQKcl%20%3C4x%3E%20%7D%20%3DPop-RnB%3D60%3D1
1a616625-8529-4bcc-aa37-6534d4df9c7e,irealb://Quintessence%2C%20The%3DJones%20Quincy%3D%3DBallad%3DF%3D%3D1r34LbKcu7%7CQyX74F%5E7%20/7E%2C5b7-B%20C/FZ5Lb7-B%206bBZLA/7FB%2C%7CA%5E4TA*%7B7D%2C31s%2CEb7bB%20sus9C1NZL-G7%2CD%2Csus7DZL7%5EbA%2C-6LZAus7bE7-B%207%2CC13%2CbE%207-BB*%7C%5DQyX6ZFL31C%20sus9C2N%7B%7D7LZC-9G%2C9%23b7-D%7Cb-7%20E%207%5E-FZL9b7C%205b-7G%7CQyX7%5EbAZL31bF-7LZBZL5bC/FZLLZC7s%206bBZLA/7F%207%5EF44T%2CC*%2C%7B%5D%2031C%20suB-7b531G%205Q%2C-G%2C5%2CE7/s7DZL7%5EbA%2C7bE%2Cuss7bE%7CQyX7%5EA%7C%2CBus%2CD7b7-B%20D%207AZsus%20C%20sus9CQZL%20QyXQXy%5D7C%2C7-G%206FZL31E7%235L9C%7CZL7b9LZG-7%20C13%20%7C%20%3D%3D100%3D2
1a21865a-2dd7-4c43-9682-991520f3e641,irealb://Rachid%3DPetrucciani%3D%3DJazz%20Waltz%3DE%3D%3D1r34LbKcu77-%23F%7C4E%5EXyZL7E%20sus7E%7CQyX-7%23C%7CQyXtla7%23G%7CQA%5EXyQ3TA*%5BE%7CQyX7susXQyXtla7%23G%7CQyX%5EBE*%7C%5DQyXsus7B%7CQy%7CC%23-7B%7CQyXX96CCE7LZAXtla7%23C%7CQyX7-EQ%7CyX31b9b7B%7CQyX7yQ%5D%7C*%20sus7%7CQyX%5Eb9b137B%7CQyX96C%7CQyXtal7%23C%7CQyX7-E%7CQyXXyQ%7CE7B%7CQy%7CQyX7%7C*DE%5E7E%20sus7E%7CQyX7-C%23%7CQyXtla7%23G%7CQyXLZD%23-%5DQyXA%7CQyX%5EtXyQ%7C7-%23FZL%23G/E%20A%7CQXyB/7-%23C%7CQyX7-%23C%20BLZEla7%23GAXyQZ%20%3DJazz-Medium%20Swing%3D105%3D5
1a416141-c035-488b-8ae9-85b1b8d18239,irealb://Rhythms%20Complete%20%2D%2021%20%2D%20Rhythm%20No%2E%203=Dr%2E%20Charles%20Colin%20%26%20Bugs%20Bower==Medium%20Swing=Ab==1r34LbKcu77bE%7CQbXyQ%7CQyXbA%7CQyXbAZL7Eb%207bBZL7bE%207%2DbB%7CDbXyA44T%5BXyQ%7CAbXyQZ%20==150=0
1ae682ff-37ef-4451-b370-b8256ec837d2,irealb://Roccus=Silver%20Horace==Latin%2DSwing=D%2D==1r34LbKcu7%2CA%2A%7BY4%3CBas%20ZL%20%7Cr%20%3Exas%20dd%3CaZL%20%7Cr%20ZLxZLn%3Esr%7C%20%20%5D4Ti%2A%5BF%3C%20%2DDyQKclbE%7CQyX9%237E%7CQyX%2D6FZLQyX%7CrQyXZL%207XyQ%7CX%2DD%2CSZL7bE%20%7DY%5B%2C%7CQyXbBZL7F%207%2DCQ%7CyXCZL7G%207%2DD%2CB%2ABb%2D7%20%20%3EeniAbXyQ%7CE%2D7%20A7LZD%2D%3CD%2ES%2E%20al%20Fine%3EXyQZ%20=Jazz%2DLatin%2FSwing=140=0
1a769482-5d71-427a-98a3-d62b3a83f742,irealb://Samba%20em%20Preludio%3DBaden%20Powell%2FVinicius%20de%20Moares%3D%3DSamba%3DC%3D%3D1r34LbKcu7%7CQyX--XyQ%7C31b7B%7CQyXoAZL%20clKQyXo%23A%7CQyXB%2FGXyQ%7CEB44T%5BlcKQyyQ%7CC%23QyXA%2F-B%7CQyX-B%7CyQX9b7%23F%7CQyX5b7-%7CG%23oXXD%2F-EXoAZL6%2FGXyyXo%23A%7CQyXB%2FG%7CQXy-B%7CQyX31b7%23F%7CQQKcl%20-EZL%20QyX-Bb13Xyb7%23F%7CQyX5b7-%23CQ%7CyXD%2F-E%7CQyX-E%7CQ9XyQ%7C7B%7CQyX%5DQyXXyQ%7CG%7CQyX7-BZL%2CQ%2C9b%237F%205b7-%23Cs%7CQyX7F%237b9A%2F-B%7CyQXyQ%20LZQB-XyQKcl%20%20Z%20%3DLatin-Brazil%3A%20Samba%3D130%3D3
1a04cd86-a0b5-4513-94fd-0ccce14dd147,irealb://Shenandoah-Rev%20JE%3DTraditional%3D%3DBallad%3DF%3D%3D1r34LbKcu7%20%207-A69%20A77C%20%5EbBl%2C%7C%2CA/%2BF%2Cs%207-Al%2C7-DsZLE//BbLZF44T%5B-AZL75%2C%7C%7C%2CC/7A%2CC/%5EFs%2CZLh%20B%5EbBZLC/7F%207-Dl%23%2ClD-%23-As%2C%2C%2096FC7/G%2CIF%3CU%7C%2Csus7C%2C7-%2CGA/7-D%2C%5EbB%7C%7C%2C7FNE%3E%2Cls%2C%20%2C7sG-7%2CC7susZ%20%3DJazz-Ballad%20Even%3D60%3D6
1a5add31-a0e3-4696-9fcd-de5c6369e37a,irealb://Simple%20Minor%20i%20VI%20vii%20v%208-bar%3DWinters%20Elise%3D%3DPop%3DC%3D0%3D1r34LbKcu7%7BA-XyQ%7CFXyQ%7CGXyQ%7CE-%2CXyQ%7CA-XyQ%7CFXyQ%7CGXyQ%7CE7XyQ%7D%20%3DPop-Rock%3D70%3D8
1a336860-75a4-4821-ad78-c138a10d9858,irealb://Still%20Got%20The%20Blues%3DMoore%20Gary%3D%3DPpp-Rock%2012-8%3DD%3D%3D1r34LbKcu7v%2C1%3C%208sn%20LBZLZL%207%5EFZL%207%5EZCL%20G%2F7-DZL%207-DZ-7b5%2C6Ti*%5B%20G%2F7-%20solo%20%2C7-DS%7B%20QyX%7C%5D%20%20nZL%20%2C-AZL%207EZL%3E*vLZDts1%2C2%2C7-B2%20LZF%5E%2C-AZL%207-AZL%207EN1ZLZL%205b7-BZL%207%20%20%7D%7CN7%5ECZLZLZL%3E%20%20%7DLZQ%2031FZL%20%2C31DZL7%20-AZL%207-EZL%20-A%7C%3CFine7E%7B%20%20%7B%20%209%23idge%3E%5D%20%3EeniF%20la%20.S.%3CDn%20ZL%20-AZL%209%237E%7CN0E7rB%3C0N7%5EFZLLZ%5BB-BZLZL%20-BZL%20C%2FWLZ%20-AZL%20A%2F7-BZL%20-7%2FA%20%7D%20%20-AEZL%20-D%20LZA9%237EsQZL%5D%20%3Eado%20Cla%20.S.D%3Cn%20ZL%20-%20LZsA%2FFZL%20%20nZLZA-%20LZ7EZL%20nZL%20%2C9FZL9%20DZL%20-A%7CZLZL%20-E%239%2C%20L%5D%20%20%2C77EZL%20d%20solZLZL%207%5EFZL%207%5ECLZ%20G%2F7-DZL%207-D%3EoB-7b5nE%3C%7B%20%20LZA-7%20LZA-%20%3C8x%3Es%20%7D%7CfUA-6%20%20Z%20%3DPop-Rock%2012%2F8%3D65%3D1
1a1a723f-d795-469f-baec-23fe0e6a4fe1,irealb://Summertime%20Mayko%20full%3DComposer%20Unknown%3D%3DMedium%20Swing%3DC%3D%3D1r34LbKcu7b7-B%7C-7XyQQyX7-D%7CQyX7A%7CQXy-AZL7E%20%2C5b7-B%7C%7CFXyQA44T%5B7-BZLE7XyQLG%20%2C-D%7CQyX-AZLE7%205b7-B%7CQyX7-A%7CZC%2C%20F%7CQyX5b5%20ELZA-7XyQ%7CB-7b5%20E7%20%7C%20%3D%3D0%3D4
1af75603-7729-4b49-8c2b-13e2fa464091,irealb://There%27s%20Gonna%20Be%20A%20Party%20%28For%20the%20Old%20Folks%29=Bob%20Wills%2FTommy%20Duncan==Western%20Swing=C==1r34LbKcu7QyX7D4CXyQA%20CZLo%23F%20F%7CQyX%7CCp%2Co%23F%207F%7CQyXC%7C7LZN14TA%2A%7BX7G%7CQQ%7DN2DyXC%7CQyXFB%2AZL%20QXyQyX%7CQyXCZL7G%207Q%7CCXyyX7G%7CyXC%7CpyQ%7CCX7F%7CQyXC%7CQyXCC%2A%7C%7CQyX7D%7CQyX7A%7CQy%20F%23o%2CXF%7CQy%20CZL7%23oLZCL7A%20CZLo%23F%20F%7C%7DyQXCZL7G%207DZL7A%20ZD7%20GF%20F%7CQ%20%2CU%2C%20Z%20=Jazz%2DGypsy%20Jazz=180=3
1ac38e5f-575b-4026-8a35-807b4aaff907,irealb://Three%20Forks%20Of%20Cumberland%3DComposer%20Unknown%3D%3DBluegrass%3DA%3D%3D1r34LbKcu7%7C%7CQyX4AXyQx%7CQyXAB*%7B%7DQyXxQ%7CyXx%7CQyXx%7CQyXx%7CXyQ%7CA4TA*%7B%7CQyXAAXyQKZL%20x%20ZL%20lcKQyX%5BxQyXxZL%20x%20ZL%20lcA%20DLZZLD%20AAXyQ%7C%20%3D%3D0%3D0
1a20f187-0c17-4191-acb7-3656a58167e9,irealb://Wake%3DIglesia%3D%3DPop%3DG%3D%3D1r34LbKcu7QyX7-*66InB%7CQyXD%7CQyX9%5EC%3Ed%29aP%28%20ratiug%20ort-XyQE%3C44T%7B*%7B%7DQy*66HayX-B%7CQyXD%7CQyX9C%5E%3E!senul%20le%20atsQE-7X%3CA*%7B%7DD%3Eal%20re%20mi%20eR%3C%7CQyX%3EhtnySl%20eM66*%3C9%5EC%3Elos%20mi%20do%20oD%3CiXyQ%7C%3CDo%20re%20mi%20sol%3EB-XyQ%7C%3CDo%20mi%20re%20do%3EE-7XyQ%7D%20%3DPop-Rock%3D115%3D1
1a95c466-7060-4a27-809e-6b532238fca3,irealb://Waltz%20Across%20Texas%3DTalmadge%20Billy%3D%3DWaltz%3DA%3D9%3D1r34LbKcu7x%20ZL%20%2CXyQKX%2CAZL%20x%20ZL%20x%20Z%20LlcKQyX%2C7EZL%20lcyQKclA43T%5B%20LZ%20x%20LZE7%2CXyQKcl%20LZ%20x%20LZ%20x%20LZA%2CXyQKcl%20%20%5D%20%3DJazz-Medium%20Up%20Swing%3D108%3D8
1a6ca03b-86f6-45e6-a7b0-256343ffcb7f,irealb://What%20You%20Won't%20Do%20For%20Love%3DCaldwell%20Bobby%3D%3DR'n'B%3DF%23-%3D%3D1r34LbKcu7%207-%23F4%20%20A1%20D%7C%2C31A%2C6A%207-%23ZFL9b7%23C%20%5EDZL9b3A/GLZ4Ti*%5B%23C%20%5EDvD%5E%20C9-%23FZL9b7%23C%20%5EDLZ31B%207-%23FZL9b7%23%20B9LZ*%5B%207BB%207-%23F%23-7%207%23C%20%5EDC*%7B%209B%207%23-FZL7%23C%20%5EDZL31Bb9LZFZL9b7L7%23C%20%5E%20C%2371B%207-%23FZL9b7%23C%5E%20DZL9B%207-%23FZL9b3LZD%5EDZL31%5EDZL7%20A6%2CAFZLG/A%20%5EDZL6A%20-7%23FZL7%23C%20%5ED%7C%2C31%23-7%20B7-%23FZB%209-%239LZF%237%23C%20%5EDZL7B%207-%23ZFL7%23C%20%5EDZL7B%207-b9LZFb7%23C%20-%23FZL%20C%237b%20%5ED%7B%5D%207B%207-%23F1%7CN%7D%207B%207-%23F1NZL9C%237b9%5EDZL77%20B7%20%7DUF%23-7XyQZ%7C%20%3DPop-RnB%3D95%3D3
1a3638c4-493e-41dd-9af1-1dc25be94a50,irealb://Whatever%20Lola%20Wants%3DComposer%20Unknown%3D%3DMedium%20Swing%3DG-%3D%3D1r34LbKcu77D%7CQy4G-%2CXyXhAZLQyX%7CQyX7ZAL7-G%20*gua*D%7CQyQ%7CEbX4TA*%5B%20bE%7CQyQ%20%5D%5BLQyX%7CQyX7AZL7-%20G*gua*D%7CQyX-GB*ZC-XyX%7CQyXX%2CbAZ%7CG-%2CXQyX%2CGZLQyX%7CQyXb%2CA%2CC*%2C%7C%5D%20QyX%7CQy%7CXyQL7D%2C-CXQyX%2CQLZG%2C%2C*ct*EQyX%2C-G%2CA%2C*D*%2C%7CQyX%2C7D%7CQyX%20%20%2C%20%20yX%7CQy7*D%7CQD%2CG-%2C1NZL7D%20*%3B*bD%7CQXy%2C-G%7CQyX%2CbE%7CQyXG-%2CXy*%2C%20Qy%3B*%2CXyQ%7CN2G-%2C%20G*%3B*LZG-%2C%20G-6%2C%20%2C%7D%20%2CXyQ%20%2CXyQ%20%2C%20%20%2C%20%20%2C%20%20%0A%3DJazz-Bossa%20Nova%3D140%3D3
1a962fc1-bb8b-41c7-a26e-dced1bd3ba2c,irealb://Whistle%3DBlackpink%20(B.I%2C%20Teddy%2C%20Bekuh%20Boom)%3D%3DPop%3DB%3D11%3D1r34LbKcu7bB%3Ex34C%23-%20Y%7D%20%23G%2C%23F%2C%23FZLA2%20sus%23CZL%23G%20EZLA%7B*AS%3C4Ti*%7B%7CY%5D%20%3Eus2LZla%20.S.D%3C%20%20%23F%7CQXy%23F%7C%7D%20%23G%209dda%23C%20Fines%23F%20-.C.D%3CQ%7CBXyyX%23G%7CQyXB%7CQyX%2CZALB%20%2C-%23C%7CQyXE%7CQQ%7Cx%20%20yXAB*NZL%20Qine%3E%20%7D%20B%20-%23C%7CQyX%23G1%7CNQyXE%7CQyXAC*%7BYZXyQXyF%20la%202G%23XyQ%7CG%23XyQ%5D%20%3DPop-Smooth%3D105%3D1
1a1f9544-5854-419d-9a9e-523206c534fa,irealb://Woodstock%3DMitchell%20Joni%3D%3DFolk%3DEb-%3D6%3D1r34LbKcu7bEA*%5B44%3C*7%20ZL%20x%20ZL%20lcKQy7X-bE%3E801%20mpb%20%204x%20%20%5DYTi*%5BYY%7D%20%20xKcl%20L7-bEZL%20x%20ZL%20x%20LZ%20lcKQyXsus7bAZXyQ%7B%20QyX7-%3E%3Ax%20d-7XyQ6*%3C%20ZL%20x%20ZL%20lcQKyXsus7bAZL%20lcK9%20%203rbEA*%5BL2bDZEb-7XZLxZLxZLxZLsusb7AlB*%5BY%7D%20%20x%20%7BQyEb-7LZLQ%20x%3E%5DA%5B%20%2FBbLZX%3C%20ZL%20x%20ZL%20lcKyQX7-bE%5B%5D%20bA%2F-bEyQ%E2%86%92to7-bEZLxZLsY%5BQAbB*%7BY%5D%20%20x%20ZL%20lcQKyX7-bE%7CQyXsus7Ab7suY%5D%20%20x%2FWZLx%20%7DEb-7-bE%5B%5D%20bG%2F7-bELZsus7bAZL2bDZL7LZxLZxZLxZs7bA%7CAbsusE%3Eortuo%2047*%3C%7BY%20%20%5D%20xZL-bEl%7C%2CbA%2Cb-XyQsZLbBbB%2F7-%2C%20Eb-%2CbA%2Fsus7bE%20%2CbALZ%2Csus7bA%20%2CbAZL%2C%20%7D%7BEbbE%2FsuXyQ%7CAbXyQ%7D%7BEb-7XyQKcl%20f%20%7D%20%3DJazz-Even%208ths%3D108%3D3
1a295ff8-e44f-4b1c-83e6-72adcc710437,irealb://Yankee%20Doodle%20Boy%3DGeorge%20M.%20Cohan%3D%3DMedium%20Swing%3DC%3D%3D1r34LbKcu7*%5B%5D%20%204CXyQXCZL%20lcKQyX7GZ%20LlcKQyX7DZL%20lcKyQKcl4TA*%7B%20%20lcKXyQKcZL%20lcKQyX%2C7D%7CQXy-DZL7A%20%2C-DZL%20lG7XyQ7A1NBG%20C%2CU2C%20G7C%7CQyX7G%7CQyX7D%7CyQXCZL%20x%20ZL%20x%20ZLXyQ%7C%2CNC*%5B%7D7%20Z%20%3D%3D0%3D0
1ae217e1-3878-4c83-814f-9df5acd52e45,irealb://Your%20Latest%20Trick=Knopfler%20Mark==Pop%20Ballad=E==1r34LbKcu7%2F7B%20B%2D7%20AL7%23F%207%23F%7CQyX%5EA%7CyQX7%2D%23GZLA%2F7B%20BZ%2FA%23LZ%23CA%2A%7B7%5ECf%7C7XyQ%7CAZL9%237%23G%205b7%2D%232FN%7C%7D%207%23G%207%2D%23F1N%5E7XyQ%23GZLAC%20BZLyQ%7DN3BZL%2D%23F%20E%7CQyXEB%7B%2AZL9%237%23G%20%2C7h%23Fl%20E%2FC%23XD%2F5%23G%2FEZL%2D7XyQ%7CQyXAC%2A%7C%7D%20%20lcKyQXD%2F5%237%5ECZL%20lcKB%20B%2FA%23FZL%23%23XyQ%7CAXyQ%7CE%2FBXyQ%7CE%2FG%23%20ALZB%20E%2FC%23LZB%2FD%23XyQ%7D%20==115=0
1a81987c-116f-4370-bac2-e8446a0e5020,irealb://iWarmUp%20F%20Blues%20%233-9%3DMadsen%20Pete%3D%3DPop%20-%20Soul%3DF%3D%3D1r34LbKcu7L%20lcK7XyQ%7CZL%20lcKQyX7bBZLl%20cKQyX7F%7CQyX7bBF7XyQF44T%5BZG-7XyQ%7CC7XyQ%7CF7XyQKcl%20%20Z%20%3DPop-Soul%3D120%3D3
1a39aa06-73b9-4dd9-9382-4ebe366e5247,irealbook://Hella%20Good%3DDoubt%20No%3DMedium%20Swing%3DG-%3Dn%3DY%7B*A%3C*70%20VERSE%3E%20%20%20%20%7CG-%20Ab%20%7C%20%20%20%20%7CG-%20Ab%20%7DY%7B*B%3C*70%20CHORUS%3EG-%20Ab%20%7CDb%2CB%2CAb%2CG%2C%7CG-%20Ab%20%7C%3C*30%20RIFF%3E%20%20%20%20%7DY%7B*CEb%5E7%20%20%20%7CBb%20%20%20%7CG-%20%20%20%7CAb%20%20%20%7D%3C013%20Jupiter%2001%20E.Piano%20%3E%20%20%20%20%20%20%20%20%20%20%20%20%20%20%20%20%20%20%20%20%20%20%20%20%20%20%20%20%20%20%20%20%3CKEEP%20ON%20DANCIN%3E
1ab42d42-1c87-4b2a-83e6-fa7a5335e66e,irealbook://Higher%20And%20Higher%3DWilson%20Jackie%3DPop%3DD%3Dn%3D%7B*AT44D%20%20%20%7CG%20%20%20%7CE-%20%20%20%7CD%20%20%20%7CD%20%20%20%7CG%20%20%20%7CE-%20%20%20%7CD%20%20%20%7D%3CGuitar%20solo%3E%20%20%20%20%20%20%20%20%20%20%20%20%20%20%20%20%7B*BD%20%20%20%7CG%20%20%20%7CE-%20%20%20%7CD%20%20%20%7CD%20%20%20%7CG%20%20%20%7CE-%20%20%20%7CD%20%20%20%7D%20%20%20%20%20%20%20%20%20%20%20%20%20%20%20%20%20%20%20%20*i%20*A%20*A%20*A%20*A%20*A%20*B%20*A%20*A%20*A
1acdce8b-c3c0-47c1-b942-0c050c5a6154,irealbook://Campfire%20Song%3DComposer%20Unknown%3DMedium%20Swing%3DC%3Dn%3D%7B*AT44D%20B-%20%7CAsus%20A7%20%7CG%5E7%20F%23-7%20%7CsB-7%2CE7%2CAsus%2CA7%2C%7ClG%5E7%20F%23-%20%7CsG%2CA%2CD%2Cp%7ClB-7%20E7%20%7CA7sus%20A7%20%5D%7CB-%20%20%20%7CF%23-%20%20%20%7CG%5E7%20%20%20%7CDsus%20D%20%7CG%5E7%20A7%20%7CF%23-7%20B-7%20%7CN1Esus%20E%20%7CAsus%20A%20%7D%20%20%20%20%20%20%20%20%7CEsus%20A7%20%7CD%20%20%20Z
1af4a285-3192-450c-9304-e5c2e8528610,irealbook://You%20Only%20Live%20Twice=Bricusse%2dBarry=Moderate%20Latin=C=n=%5b%2aiT44C%2a%2a%20%20%20%7cG%2d7%20%20%20%7cC%2a%2a%20%20%20%7cG%2d7%20%20%20%7cC%2a%2a%20%20%20%7c%20x%20%20%5d%7b%2aAC%2a%2a%20%20%20%7cG%2d7%20%20%20%7cF%2d7%20%20%20%7cC%2a%2a%20%20%20%7cF%2d7%20%20%20%7cG7%239%20F%2d7%20%7cN1G%2a%2a%20%20%20%7cG7%20%20%20%7dC%2a%2a%20%20%20%7c%20x%20%20%5d%5b%2aBF%2d7%20%20%20%7cG%2a%2a%20%20%20%7cBb%2d%20%20%20%7cG%2a%2a%20%20%20%7cF%2d7%20%20%20%7cG%2a%2a%20%20%20%7cF%2d7%20%20%20%7cG7%20%20%20%5d%5b%2aAC%2a%2a%20%20%20%7cG%2d7%20%20%20%7cF%2d7%20%20%20%7cC%2a%2a%20%20%20%7cF%2d7%20%20%20%7cG7%239%20F%2d7%20%7cC%2a%2a%20%20%20%7c%20x%20%20Z%20%20%20%20%20Y%2ai%20%2aA%20%2aA%20%2aB%20%2aA%20%2aB%20%2aA
1abf073d-7a04-4a3f-ab21-e852d0b6298b,irealbook://Four%20On%20Six%3DMontgomery%20Wes%3DUp%20Tempo%20Swing%3DG-%3Dn%3D%7BT44G-7%2CD*m*%2CC*m*%2CG*m*%7C%20x%20%20%7C%20x%20%20%7C%20x%20%20%7CN1C-7%20F7%20%7CBb-7%20Eb7%20%7CA-7%20D7%20%7CEb-7%20Ab7%2C%20%7D%7CN2A*m11*%20%20%20%7C%20D7%239%2C%20%20%5D%7CG*m*%20%20%20%7CG-7%20%20%20%7BG*m7*%20%20%20%7C%20x%20%20%7C%20x%20%20%7C%20x%20%20%7CN1C*m7*%20F7%20%7CBb*m7*%20Eb7%20%7CA*m7*%20D7%2C%20%7CEb*m7*%20Ab7%20%7D%7CN2A*m11*%20%20%20%7C%20D7%239%20%3CFine%3E%20%7Cn%20%20%20%7Cn%20%20%20%7C%7B%3C4x%3EG*m7*%20%20%20%7C%20x%20%20%7C%20r%20%20%7CC*m7*%20F7%20%7CBb*m7*%20Eb7%20%7CA*m7*%20D7%20%7CEb*m7*%20Ab7%20%7CG*m7*%20%20%20%7C%20r%20%20%7CC*m7*%20F7%20%7CBb%5E7%20%20%20%7CA-7b5%20D7b9%20%7CG*m7*%20%20%20%7CA*m7b5*%20D7b9%3CD.C.%20al%20Fine%3E%20%7D%20
1a511023-fe24-4a91-81bb-fd6808eb62fd,irealbook://Haven't%20Met%20You%20Yet%20Pg%201%3DBuble%20Michael%3DMedium%20Swing%3DDb%3Dn%3D%7BT44%3C*69Intro%3EDb%20%20%20%7CGb%5E7%20%20%20%7CEb-9%20%20%20%7CBb-7%20sAb%2CAb-/Eb%2C%7D%7B%3C*72Verse%3ElDb%20%20%7CGb%5E7%2C%20%20%7ClEb-9%2C%20%20%7CN1Bb-7%2C%20sAb%2CAb/Eb%2C%7DN2lAb%20Bb/D%2C%5D%3C*69Bridge%3EEb-7%20%7CDb/F%20%7CEb-7%20%7CAb%20%7CEb-7%20%7CDb/F%20%7CGb%20%7CAb%20%5D%3C*69Chorus%3EsGb%2CAb%2C%7CDb%20%7CGb%2CAb%2C%7CBb-%20%7CGb%2CAo%2C%7CBb-%2CDb7/Ab%2C%7CGb%3C*69DC%20no%20rpt%3E%20%7CAb%20%5D%3C*72%22Middle%209%22%3ElBb-%20%20%20%7ClA%2B%20%20%20%7ClDb/Ab%20%20%20%7CGh7%20%20%20%7CEb-7%20%20%7CDb/F%20%20%7CGb%20%20%7CAb%20%20%7C%20x%20%20%5D%3C*72Solo%3EsAb%2CBb%2C%7CEb%20%7CAb%2CBb%2C%7CC-%20%7CAb%2CG7%2C%7CC-%2CEb7/Bb%2C%7CAb%20%7CBb%20%5D%3C*66Bridge%3ElF-7%20%20%20%7CEb/G%20%20%20%7CF-7%20%20%20%7CBb%20%20%20%7CF-7%20%20%7CEb/G%20%20%7CAb%20%20%7CBb%20%20%7C%3C*69%20%20%20%20%20Hold%3E%20x%20%20%5D%20
1a78d1dc-f551-487f-b644-e713a108ca20,irealbook://I%20Will%20Survive%3DGaynor%20Gloria%3DPop%3DA-%3Dn%3DYY%7B*AT44A-%20%20%20%7CD-%20%20%20%7CG7%20%20%20%7CC%5E7%20%20%20%7CF%5E7%20%20%20%7CB-7b5%20%20%20%7CEsus%20%20%20%7CE%20%20%20%7D%3CD%20dim%20/%20E%20...%20Piano%20Intro%20.....%20%3E%20%20%20%20%20%20%20%20%20%20%20%20%20%20%20%20%3CS2%2C%2002%20or%2007%20String%20solo%20starts%20ON%20D..%20C%20%3E%20%20%20%20%20%20%20%20%20%20%20%20%20%20%20%20%3CS1%20and%20S2%20for%20the%20solo%3E%20
1aa03d19-87e2-46b1-a568-73c984c3165b,irealbook://Metronome%3DComposer%20Unknown%3DMedium%20Swing%3DC%3Dn%3D%5B*AT44%20n%20%20%7C%20n%20%20%7C%20n%20%20%7C%20n%20%20%7C%20n%20%20%7C%20n%20%20%7C%20n%20%20%7C%20n%20%20%5D%5B*B%20n%20%20%7C%20n%20%20%7C%20n%20%20%7C%20n%20%20%7C%20n%20%20%7C%20n%20%20%7C%20n%20%20%7C%20n%20%20%5D%20
1ad00148-d1c4-41a0-828e-3331f52678d3,irealbook://Pink%20Panther%2C%20The%3DMancini%20Henry%3DMedium%20Swing%3DC%3Dn%3D%5B*AT44E-%20%20%20%7C%20x%20%20%7CC9%20%20%20%7C%20x%20%20%7CE-%20%20%20%7C%20x%20%20%7CF9%20%20%20%7C%20x%20%20%5D%7CE-%20%20%20%7C%20x%20%20%7CC9%20%20%20%7C%20x%20%20%7CE-%20%20%20%7CC9%20B7%239%20%7CE-%20%20%20%7C%20x%20%20%5D%5B*BG-6%20%20%20%7C%20x%20%20%7CEb9%20%20%20%7C%20x%20%20%7CG-6%20%20%20%7C%20x%20%20%7CAb9b5%20%20%20%7C%20x%20%20%7CG-%20%20%20%7C%20x%20%20%7CEb9%20%20%20%7C%20x%20%20%7CG-%20%20%20%7CEb9%20D7%239%20%7CG-%20%20%20%7C%20x%20%20%5D%2C%3CSolos%20over%20A%20section%3E%20
1a672e54-ecc3-4629-b3aa-ae162ce09f95,irealbook://Spanish%20Eyes%20%28C%29%3DKaempfert%20Bert%3DBolero%3DC%3Dn%3D%5B*AT44C%20C6%20%7CC%5E7%20C6%20%7C%20%20%20r%7C%20%20%20%20%7CC%20C6%20%7CC%5E7%20C6%20%7CG%20G6%20%7CG7%20G6%20%7C%7CG%20G6%20%7CG7%20G6%20%7C%20%20%20r%7C%20%20%20%20%7C%7CG%20G6%20%7CG7%20G6%20%7CC%20C6%20%7CC%5E7%20C6%20%5D%5B*BC%20C6%20%7CC%5E7%20C6%20%7C%20%20%20r%7C%20%20%20%20%7CC%20C6%20%7CG-7%20C9%20%7CF%20F%2B%20%7CF6%20F%2B%20%7CF-%20F-6%20%7CF-7%2C%20F-6%20%7CC%20C6%20%7CC%5E7%20C6%20%7C%7CG%20G6%20%7CG7%20G6%20%7CC%20C6%20%7CC%5E7%20C6%20Z%20
1a9eaea1-84b2-4d64-8f58-7ab79e2eed29,irealbook://Un%20Soir%20De%20Pluie%3DBlues%20Trottoir%20%3DBossa%20Nova%3DC%3Dn%3D%5BT44D-7%2C%20%20%20%7CD-7%2C%20%20%20%7CD-7%2C%20%20%20%7CBb*%5E7b5*%2C%20%20%20%7CG-7%2C%20%20%20%7CAh7%20D7b9%2C%20%7CG-7%2C%20%20%20%7CAh7%2FEb%2C%20D7b9%2C%20%7CF-7%2C%20Bb7%2C%20%7CEb%5E%2C%20%20%20%7CAb%5E%2C%20Ao%20%7CG7b9%2C%20A7%235%2C%20Z%20
1a6ec04e-121a-474a-869f-0b18d7ad5f3a,irealbook://Via%20Con%20Me%3DConte%20Paolo%3DMedium%20Swing%3DG-%3Dn%3D%5B*AT44lG-7%20G-7/D%20%7CA-11%20D7%20%7C%20%20%20r%7C%20%20%20%20%7C%20%20%20r%7C%20%20%20%20%5BN1lG-7%20G-7/D%20%7CA-11%20D7%20%7DY%20%20%20%20%20%20%20%20%5BN2G-7%20%20%20%7CG7%20%20%20%5D%5B*BC-7%20%20%20%7CEb9%20%20%20%7CAb7%20%20%20%7CG%20G7%20%7C%7CC-7%20%20%20%7CEb9%20%20%20%7CAb7%20%20%20%7CA-11%20D7%20%5D%5B*AlG-7%20G-7/D%20%7CA-11%20D7%20%7C%20%20%20r%7C%20%20%20%20%7C%20%20%20r%7C%20%20%20%20%7C%3C%28G-%20quarts%20arpeggio%29%3EG-%2Cppp%7CpppUWZ%20
