id,url
1b0c31a1-3044-45eb-86db-246346e12885,irealb://%22Ces't%20Magnifique%22%3DCole%20Porter%20%2FKCH%3D%3DMedium%20Swing%3DC%3D%3D1r34LbKcu7EZL%20l4Eb%2Cp%2CbESA*%7B%5Dppp%2C7b%7CBppp%2C-FZL%20lcKpppppKc4Ti*%5B27*%3CA6%2Cp%7CEp%2C7bB%7Cppp%2C-FZLl%20cKppp%2CbE%7Cppp%2Cbpp%5D%5B*Dp%2C6b%2CbE%7Cp%2Cppp%7CB%7Cppp%2C-FZL%20lcKppp%2C-F%7Cp%2C7bBp%2C-Fb7%2Cpp-F%3E9%20p%2CbE%7C-%2CpBbE%7Cp%2C6Dp%2C6bEZL%20clKppp%2CbEB*%5B%5Dp%2C7b%2CpppF%7Cpppp%2CbEl7%2Cppp5b7-Fs%7Cppp%2C-FC%5B*%5D%20%20lcKppp%2C6bA%7C%2C%20pp%7CbE%7Cpppp%3EensG-7%2C0*%3Cp%2CbE%7Cppp%2C7b%7CB%2Cppp%2C-F%7Cpl%2C7Cp6%20%20Fi%7Cp%2C-F%5D%3C*66%20D.S.%20al%20Fine%3EF-%2CpBb7%2Cp%7D%20%3D%3D0%3D0
1b302cdf-172c-44a0-8d14-996653c7bc8c,irealb://I'll%20Be%20Seeing%20You%3DFain%20Sammy%3D%3DMedium%20Swing%3DEb%3D7%3D1r34LbKcu7%20%2931b4Eb%5E7FZL31b7C%20%297-F%28-7F%7CQyX31b7G%7CQyX-7%28C74T%5BA*L%20lcKLZF-7CZL9b7G%207hD%7CQy7X%5EbE%7CQyX7bB%7CQyX-7XyQ31b7CE%5BB*%5DyQKcl7bB%7CQyX7%5EbE%7CQy5X%237bB%7CQyX7-FZL%20%235XyQX7-FZZL31bQ%7CG7b1b7C%287-FZL31b7%20C%297-F%287-F%7CQyX313%29%20C7yX7%5Eb7%5EbAZQ%7CBb7C%28%20%20%297hG%289b7C%7CyQX%297-bB%287hG%7CQyX7b9%29LyX7-FEZL9bXyQ%7CG-bA%7CQyX7-F%7CQyXF7%7CQyX7-C%7CQyX9b76%20Bb7%297-F%28b6XyQ%7CF-7%20Bb7%20Z%3DJazz-Medium%20Swing%3D100%3D2
1b30aefb-e6ae-448b-96c0-f42b01de88dc,irealb://They%20Can't%20Take%20That%20Away%20From%20Me%3DGershwin%20George%3D%3DMedium%20Swing%3DEb%3D8%3D1r34LbKcu7QyX7-4Eb%5E7Xsus7bB%7CQyX7-FLZ7obG%207-GZL7-F%20yQ%7CBb4T%7BA*bA2NZyQ%7CN1QyX%7D%20sus7bB%207-%7CFl%2C7C%2C7-Gs%207%5EbAXyQ%20LX7bE%7ChE%207-7LZEb7D%207-GZL9b7D%207G-%5BB*%5Dl%2C7D%2ChAs%206b9LZGbB%207%5E%5BA*%5DQ7%20D7b7bB%7CQyX7FZL7C%20-7GZL9b7D%207-GZL9susXyhAZL7yX7bEF-7LZ-bB%7CQyXsus7bB%7CyQX7-FZL7obG%207-G7XyQ%7C%207%5EbEsus7b7%20Bb76bEZL7bB%207FZL7%20C7GZL6-bA%206bEZLXyQ%7CB%5EbA%7CQ%20%20%20Z%3DJazz-Medium%20Swing%3D100%3D3
1b8b0751-a2cf-4a69-9419-2399723b8f94,irealb://Nature%20Boy=Ahbez%20Eden==Ballad=D%2D==1r34LbKcu77%2DDZL4D%2DXy%2DDZL9b7A%207hE%7CQXy%2DDZL9b7A%207hE%7CQ%20D%2D%5E74T%5BA%2A7EZL%20ZG%2D6%20X%2DDZL%20lcKQyX9bA7%5BB%2A%5DQyX7hEZL%2DDyQKclL6%2DD%20E%7CQyXKcl%20Lb7A%207hE%7CQyX%2DD%5B%2AA%5D%20%20lcKQyX9b7AZ9LZD%2DQyX9bX9b7Ab9LZDyX7hEZL%2DD%206%2DGZ6L%2DD%207%2DDZL7%5E%2DD%20%2DQ%5D%2AC%5B7A%207hb7A%207%20LZD%2DX%2DD%7CQyX9b7A%7CQy9Xb7E%7CQyX7hB%7CQyXyQ%7CEhlcKQy9%20Z=Pop%2DVirtual%20Funk=90=3
1b7a9b22-f237-41c0-bbb3-c03a3ada5529,irealb://Samba%20De%20Orfeu=Bonfa%20Luiz==Bossa%20Nova=C==1r34LbKcu77%2DDZL4C%5E7XEZL11%237F%207%5ECZLx%20%20ZL%20x%20ZL%20lcKQy%2D7%20A74TA%2A%7B%287G%7CQ7XyQ%7CbE%287%2DD%7CQyX%297bA7%28G%7CQyX%297%2DbE%287%2DD%2D7%29XyG%7CQyXL%20QyXyQ%7CD%2D7G%207%2DDZL7A%2011%23b7B1N%7CQyX7G%7CQyX7%20%7DXyQX%297bAFZL%20l7XyQK7%5EF%7CQyX7C%7CQyX7G%2DB%2A%5B%5D%20%20%3EeniF%3ClcXyQKc%5EC2NZ%2D7XyQ%7CBb7XyQ%7CEb%5E7%20%3CD%2EC%2E%20al%202nd%20ending%3E%20LZD%2D7%20G7%20Z%20=Jazz%2DBossa%20Nova=140=3
1bfa5e4b-9d8e-462d-9681-ae580be2e322,"irealb://%41%2D%48%75%6E%74%69%6E%67%20%57%65%20%57%69%6C%6C%20%47%6F%20%20%20%20%20%20%5B%23%5D=%62%65%32%73%68%61%72%70%20%41%52%52%3A==%5A%7A%20%69%52%65%61%6C%20%53%74%79%6C%65%73%20%4F%66%66%65%72%20%43%68%6F%69%63%65%73=%46==%31%72%33%34%4C%62%4B%63%75%37%20%65%68%74%20%79%51%20%20%54%61%6E%20%65%68%74%20%73%69%20%67%6E%6F%73%72%20%75%6F%79%20%72%6F%66%20%79%65%6B%20%65%68%6D%65%20%6F%66%58%34%35%2A%3C%69%20%73%69%68%6E%6F%74%65%2E%20%79%65%6B%20%65%68%74%20%73%61%20%79%65%20%6B%74%61%68%74%20%74%65%53%36%32%2A%3C%20%3E%66%6F%72%20%74%20%74%73%61%6C%20%6F%72%74%6E%50%72%6F%20%63%20%20%51%79%58%38%35%2A%3C%51%79%58%51%79%51%58%79%58%51%79%58%51%79%58%3E%2E%74%72%61%68%54%68%65%20%69%20%6C%61%65%52%20%51%79%58%51%73%74%20%72%68%51%79%58%51%79%58%3E%2E%22%73%64%72%6F%68%20%43%6F%4E%22%20%68%74%69%77%20,%6D%68%74%79%58%79%51%58%79%75%6A%20%73%69%20%64%64%61%20%79%51%20%20%49%75%73%20%65%62%20,%6C%61%63%6F%76%20%72%20%6F%6C%61%74%6E%65%6D%75%72%74%73%6E%69%20%66%72%65%20%74%6F%58%32%35%2A%3C%67%6E%6F%73%20%20%3C%2A%32%36%72%6F%66%65%62%20%74%73%75%6A%20%65%74%6F%20%6E%70%75%2D%6B%63%69%70%20%65%6C%67%6E%69%73%65%20%74%68%65%3E%20%65%68%74%5D%20%20%6E%20%74%73%2E%3E%58%5A%4C%20%6E%20%5A%4C%20%6E%20%38%36%54%69%5B%2A%51%79%58%51%79%58%51%79%58%51%79%58%51%79%20%6E%20%4C%5A%72%61%74%73%20%43%20%46%5A%4C%36%34%20%56%65%4C%20%46%20%5A%4C%20%46%20%5A%4C%20%46%20%4C%5A%20%46%20%5A%4C%20%46%20%3E%3A%73%65%73%72%5A%46%20%42%62%2A%3C%41%2A%7B%61%20,%67%6E%20%20%7D%5B%2A%2D%61%20,%67%6E%69%74%6E%75%68%2D%61%20%67,%6E%69%74%6E%75%68%2D%41%22%36%36%2A%3C%42%68%75%6E%74%69%46%20%5A%4C%37%58%38%32%2A%3C%69%6E%67%20%77%46%20%5A%4C%37%43%20%46%5A%4C%62%42%20%46%4C%5A%20%46%20%3E%22%6F%67%20%6C%6C%69%77%20%65,%55%20%20%5A%74%6E%75%68%2D%20%65%65%73%20%73%69%6E%67%20%20%75%6F%79%20%65%6C%69%68%77%61%20%6E%69%65%20%63%6E%6F%20,%6F%72%50%20%6C%61%65%52%69%6D%69%67%68%74%55%20%20%51%79%20%74%49%20%2E%63%68%6F%72%64%65%6D%20%61%20%66%6F%20%65%6C%64%64%69%6D%65%20%68%74%20%6E%69%20%6E%65%74%74%69%72%77%20%61%73%75%72%65%3C%20%3E%20%61%69%77%20%64%72%6B%2E,%20%3E%68%74%20%64%6E%61%20%20%51%79%58%34%34%2A%51%3C%79%58%51%79%58%51%79%58%51%79%58%51%79%58%65%20%63%68%6F%2E%6F%20%73%69%65%72%75%73%61%69%6C%6C%20%73%74%36%31%2A%3C%20%3E%66%6F%20%74%61%65%62%74%20%73%31%20%65%68%74%20%6E%6F%20%64%6E%75%6F%68%65%20%6D%65%74%73%20%6C%6C%72%4F%20%77%65%58%79%51%58%79%79%74%53%20%7A%7A%61%4A%20%6C%75%66%65%73%20%75%41%20%20%51%79%58%3C%51%79%58%51%79%58%51%6C%65%3A%20%4E%51%79%58%3E%2E%51%79%58%51%79%20%53%77%69%6E%79%58%51%79%58%51%79%58%51%79%58%51%79%58%79%51%58%51%79%58%3E%30%36%31%20%6D%6D%20%2F%67%51%58%79%51%58%73%6E%61%65%6C%20%20%3C%62%23%3E%20=%4A%61%7A%7A%2D%4E%65%77%20%4F%72%6C%65%61%6E%73%20%53%77%69%6E%67=%31%36%30=%33"
1bd09cad-8a80-4999-a1c5-4af9244aface,"irealb://%43%68%69%6E%61%74%6F%77%6E,%20%4D%79%20%43%68%69%6E%61%74%6F%77%6E%20%20%20%20%5B%23%5D=%62%65%32%73%68%61%72%70%20%41%52%52%3A==%5A%7A%20%50%69%63%6B%20%41%20%46%61%76%6F%72%69%74%65%20%69%52%65%61%6C%20%53%74%79%6C%65=%47==%31%72%33%34%4C%62%4B%63%75%37%72%75%6F%79%20%79%51%20%20%54%72%61%68%63%20%6F%72%50%20%6C%61%65%52%69%73%20%69%68%74%20%72%6F%66%20%79%65%6B%20%65%68%74%20%61%6E%64%58%34%35%2A%3C%72%75%6F%79%20%63%68%3E%20%3C%6F%68%63%2F%65%74%6F%6E%20%74%73%61%6C%20%68%65%74%20%67%6E%69%6D%61%6E%20%79%62%38%32%2A%72%64%20%6F%6E%74%61%6D%20%73%70%6F%63%20%6F%20%70%61%67%65%73%69%68%54%20%20%51%79%58%36%36%2A%3C%51%58%79%51%79%58%51%79%58%51%79%58%51%79%58%3E%2E%20%69%6E%74%72%67%6E%6F%73%20%6C%65%6D%20%79%68%65%20%6C%61%2A%3C%20%3E%2E%67%6E%6F%73%20%65%68%74%20%6F%66%20%73%65%72%75%73%61%65%6D%20%38%20%74%73%33%38%50%6C%61%74%20%73%65%69%79%58%51%79%58%74%68%65%20%63%6E%65%74%73%69%6C%20%74%73%75%6A%20%72%6F,%20)%6D%68%74%79%68%72(%20%73%64%72%6F%68%2E%3E%58%79%51%20,%79%64%6F%74%6E%69%20%6E%79%51%3C%2A%37%72%77%20%6E%61%63%20%72%65%67%6E%61%72%72%20%61%67%6E%6F%73%20%65%68%54%20%20%51%79%58%34%69%74%65%20%61%58%51%79%58%51%20%73%64%72%6F%64%20%6F%75%74%61%20%67%6E%69%73%75%20,%68%74%67%6E%65%20%6C%79%6E%61%20%66%6F%36%34%2A%3C%20%3E%6F%72%6E%79%20%63%68%6E%61%20%6F%72%73%72%69%66%20%63%68%6F%6F%73%20%20%34%37%2A%3C%32%32%54%69%2A%5B%51%79%51%58%79%58%51%79%58%51%79%58%51%79%58%3E%2E%65%54%68%65%73%65%20%79%65%68%74%37%44%5A%4C%37%65%61%73%75%72%5A%4C%47%5A%4C%2D%43%5A%4C%43%3E%2E%22%6F%74%72%6E%69%22%20%65%68%74%20%65%72%61%20%73%65%45%37%4C%5A%41%6D%20%38%20%74%5A%4C%2D%45%5A%6E%20%5D%5B%2A%42%7C%5A%4C%78%5A%4C%37%44%5A%4C%6F%62%41%4C%5A%78%5A%4C%78%5A%4C%78%5A%4C%78%5A%4C%47%41%37%4C%5A%78%4C%5A%4C%47%5A%4C%5A%4C%2D%43%5A%4C%5A%78%4C%5A%5A%4C%43%5A%4C%37%47%5A%4C%78%5A%4C%78%5A%78%4C%5A%4C%78%5A%4C%47%5A%4C+%44%5A%4C%37%44%78%4C%5A%43%4C%37%41%5A%4C%78%6F%72%74%6E%69%4C%5A%41%37%4C%6E%65%74%66%6F%20%74%73%6F%4D%20%20%51%79%30%58%36%2A%3C%5D%20%78%5A%4C%47%5A%4C%37%44%5A%20%74%68%65%20%37%45%5A%4C%47%6F%73%20%65%68%63%6F%64%61%20%73%6E%6F%69%74%63%65%73%34%33%2A%3C%20%3E%74%6F%20%65%74%61%6C%65%72%20%73%64%72%6F%68%63%20%6F%66%20%74%20%64%6E%61%20%4C%37%45%5A%4C%75%74%20%6E%6F%5A%4C%43%51%5B%51%79%58%51%79%58%51%79%58%79%51%58%51%79%58%3E%2E%73%79%61%77%6C%61%20%74%43%2D%4C%5A%47%62%20,%67%6E%73%6E%61%65%6C%44%37%4C%5A%47%4E%2D%7A%7A%61%4A%20%3A%65%6C%79%74%53%20%6C%65%70%6D%61%53%36%34%2A%3C%5A%20%55%78%5A%4C%65%77%20%4F%72%5A%4C%37%41%5A%20%53%77%69%6E%67%2F%20%6D%6D%20%31%36%30%3E%58%79%51%58%79%51%58%79%51%58%79%51%58%79%51%20%3C%62%23%3E%20=%4A%61%7A%7A%2D%4E%65%77%20%4F%72%6C%65%61%6E%73%20%53%77%69%6E%67=%31%36%30=%33"
1b818dce-eba9-4cdc-ab6f-e1290760cdfc,"irealb://%57%61%62%61%73%68%20%43%61%6E%6E%6F%6E%20%42%61%6C%6C%20(%56%65%72%73%69%6F%6E%20%31),%20%54%68%65%20%5B%23%5D=%62%65%32%73%68%61%72%70%20%41%52%52%3A==%5A%7A%20%43%68%6F%6F%73%65%20%41%20%53%74%79%6C%65=%47==%31%72%33%34%4C%62%4B%63%75%37%6B%20%74%72%61%79%51%20%20%59%50%20%6C%61%65%52%69%20%65%68%74%20%64%6E%20%61%79%65%6B%20%73%27%67%6E%6F%73%20%72%75%6F%72%6F%2D%63%68%58%34%35%2A%3C%20%73%27%67%6E%73%74%20%3E%20%6F%79%20%67%6E%69%6D%61%6E%20%79%62%20%6E%74%65%74%6F%67%20,%68%63%74%61%6D%38%32%2A%3C%75%72%20%73%6F%75%6D%20%79%65%64%72%6F%68%63%6E%6F%74%65%2E%69%20%65%68%54%20%20%51%79%58%34%36%2A%3C%79%51%58%51%79%58%51%79%58%51%79%58%51%79%58%3E%6E%74%72%6F%20%20%74%73%61%6C%6E%6F%6C%61%20%79%20%74%68%65%33%2A%3C%20%3E%2E%67%6E%6F%73%20%65%68%74%66%20%6F%20%73%72%61%62%20%34%20%74%73%61%6C%20%38%50%6C%61%79%70%6F%63%20%73%58%51%79%58%3E%74%20%69%66%20%69%20%65%68%74%20%6F%6C%6F%73%20%6C%61%65%69%52%20%74%65%6C%20%74%73%75%6A%20,%74%6F%6E%6E%74%72%6F%2E%75%62%20,%67%65%74%6F%6E%20%58%79%51%58%79%69%70%20%32%20%65%68%74%20%79%61%6C%50%20%6F%3A%72%74%6E%49%20%20%51%79%58%34%37%2A%3C%51%63%6B%2D%75%70%51%79%58%51%79%73%6C%61(%20%20%74%68%65%20%6E%75%6F%63%20%65%68%74%20%66%6F%20%73%74%65%61%62%30%35%2A%3C%20%3E%20%32%20%74%73%61%6C%74%64%6F%77%6E%6E%6F%20,%73%45%34%37%2A%3C%62%65%61%74%73%69%2A%5B%51%79%58%51%79%58%51%79%58%51%79%51%58%79%58%3E%2E)%41%20%65%72%6F%66%65%62%20%54%34%34%44%37%20%32%20,%6F%78%20%5A%4C%20%65%20%53%74%79%58%3E%32%33%31%20%6F%70%6D%65%54%20%2F%73%61%73%72%67%65%75%6C%42%2D%70%6F%50%20%3A%65%6C%79%51%4B%63%6C%6C%70%6D%61%78%79%58%47%5A%4C%79%51%5D%5B%2A%20%6C%63%4B%51%79%58%37%44%7C%51%79%58%43%4C%5A%20%78%20%5A%4C%20%6C%63%4B%51%79%58%47%41%4C%5A%20%78%20%58%47%5A%4C%20%79%58%34%35%2A%79%51%4B%63%6C%47%5A%4C%20%78%20%5A%4C%20%6C%63%4B%51%79%37%58%44%7C%51%79%58%43%5A%4C%20%78%20%5A%4C%20%58%79%51%5D%3C%58%47%7C%7C%51%67%6E%69%64%6E%74%65%72%20%79%74%20%64%64%61%20,%67%6E%6F%73%20%65%72%74%69%6E%65%20%65%68%74%20%79%61%6C%70%20%75%6F%68%69%73%20%65%66%41%20%20%51%63%20%61%20%68%32%36%63%61%6C%65%6B%72%61%6D%20,%E2%80%9D%6F%72%74%75%6F%E2%80%9C%72%20%6F%20,%E2%80%9D%67%61%74%E2%80%9C%20%61%20%64%65%6C%64%20%77%69%74%2A%3C%20%3E,%20%6F%72%74%75%69%67%6E%2E%3E%74%20%79%61%6C%50%20%20%51%79%58%36%36%2A%51%3C%79%58%51%79%58%51%79%58%51%79%58%51%79%58%68%69%73%20%6F%73%20%61%64%6F%6E%20%70%75%2D%75%20%77%6F%75%32%30%34%2A%3C%20%3E%20%65%68%74%20%68%74%77%69%20,%6F%72%74%6E%69%20%65%68%74%20%64%6C%20%70%69%63%6B%6F%79%20%73%61%58%51%79%58%51%20%62%65%66%6F%51%79%58%3E%2E%64%72%6F%68%63%20%74%73%72%66%69%20%73%27%61%64%6F%63%20%65%68%74%20%65%72%58%79%51%58%79,%73%65%74%6F%79%51%5B%51%44%37%58%79%51%4B%63%6C%20%4C%5A%20%78%20%4C%5A%47,%73%6E%55%20%20%5A%58%79%51%58%79%51%58%79%51%58%79%51%58%79%51%20%3C%62%23%3E%20=%50%6F%70%2D%42%6C%75%65%67%72%61%73%73=%31%33%32=%33"
1bf4f869-ad21-4ac7-81f1-980c75b21e60,irealb://%50%6F%72%20%51%75%69%65%6E%20%45%72%65%73%20%54%C3%9A%20%32%20%31=%50%61%72%6B%65%72%20%4C%75%63%69%61==%42%61%6C%6C%61%64%20%45%76%65%6E=%45==%31%72%33%34%4C%62%4B%63%75%37%58%51%79%58%38%34%42%62%2A%6D%43%20%73%75%73%43%20%2C%37%2D%47%5A%4C%2C%2D%37%44%20%2C%37%2D%41%5A%4C%20%2C%2A%37%6A%61%2C%7C%3C%2A%34%34%54%43%2A%7C%2D%44%2C%37%41%43%2D%37%20%46%35%62%51%79%58%51%79%58%34%35%2A%3C%5A%4C%2A%20%37%6A%61%6D%2A%62%42%7C%5A%4C%42%2F%33%31%3E%45%2D%37%20%3E%39%20%51%79%47%3E%2E%34%20%2D%37%20%46%2F%4E%7C%7D%20%42%2F%33%31%46%20%37%2D%43%3E%51%39%79%58%51%79%58%31%35%2A%3C%2C%43%7C%2C%41%30%3C%2A%36%36%47%33%4E%5A%4C%2C%37%23%43%20%41%2C%7C%43%20%5A%4C%20%2C%37%2D%23%44%20%20%37%2D%23%41%4C%5A%20%2A%37%6A%61%6D%2A%42%44%2A%5B%20%23%43%7C%47%23%2D%37%2F%46%20%37%2D%3E%35%62%51%79%31%58%79%51%58%35%2A%3C%5A%4C%20%2A%37%6A%61%6D%2A%42%5A%43%4C%2F%33%31%23%46%20%37%2D%23%43%3E%39%51%79%31%58%79%51%58%35%2A%3C%5A%4C%79%58%51%79%58%23%37%2C%44%23%2C%23%43%5A%4C%2C%23%41%2F%23%46%20%37%2D%47%23%3E%2E%35%20%39%36%2A%3C%30%4E%5A%4C%37%2D%20%3C%2A%35%31%41%20%37%2D%46%2D%23%44%5A%4C%2D%37%20%46%23%79%58%38%34%2A%3C%20%2C%23%43%20%37%2D%23%3E%47%2E%36%20%36%36%2A%3C%30%4E%7C%7D%20%43%2F%51%6F%3E%44%2C%23%43%3E%39%51%4C%2C%23%47%2F%47%23%2D%37%20%23%41%2F%46%20%42%51%5B%5A%4C%20%51%79%58%79%51%58%5A%20%51%2C%23%43%3E%6F%54%39%36%2A%3C%4C%5A%41%20%45%5A%4C%23%47%20%5A%42%2F%43%23%2C%4C%5A%46%23%20%55%20%5A%20=%4A%61%7A%7A%2D%42%61%6C%6C%61%64%20%45%76%65%6E=%36%30=%33
1b042e79-de5c-49d5-a73a-485aed6fcd11,irealb://%45%73%74%61%6D%6F%73%20%52%65%75%6E%69%64%6F%73=%44%43%20%33%33==%42%61%6C%6C%61%64%20%45%76%65%6E=%41==%31%72%33%34%4C%62%4B%63%75%37%2C%45%20%2C%2D%34%41%2C%2A%41%58%2C%37%23%43%7C%51%79%58%41%5A%4C%45%20%7C%44%2C%45%20%20%2D%23%46%5A%4C%23%47%2F%45%20%79%51%7C%46%23%34%54%69%2A%7B%3E%41%20%6F%54%42%2D%58%79%51%3C%20%41%7C%7D%20%51%2C%37%42%20%2D%23%46%4C%5A%2C%45%20%44%32%4E%7B%7D%51%79%58%37%45%7C%2A%36%39%20%20%31%4E%7C%2C%44%20%20%7D%51%44%20%45%4C%5A%44%20%44%2D%4C%5A%41%20%20%55%20%5A%20=%4A%61%7A%7A%2D%42%61%6C%6C%61%64%20%45%76%65%6E=%36%30=%33
1b317653-1436-40f3-9e15-48d26f1b9c2b,"irealb://%45%74%65%72%6E%6F%20%52%65%79=%43%6F%6D%70%6F%73%65%72%20%55%6E%6B%6E%6F%77%6E==%42%61%6C%6C%61%64%20%45%76%65%6E=%46==%31%72%33%34%4C%62%4B%63%75%37%79%58%62%42%7C%54%34%34%46%58%7C%51%79%58%2D%44%7C%51%79%58%2D%44%7C%51%58%79%43%7C%51%79%58%43%7C%51%79%58%46%7C%51%79%42%62%58%79%51,%69%2A,%7B%7D%51%79%58%43%41,%44%2D%58%20%20%34%37%2A%3C,%46%3E%33,%32,%31%36%20%36%2A%3C%30%4E%7C%51%79%58%62%42%7C%51%79%3E%58%79%51%7C%2A,%7B%7D%51%62%42%32%4E%7C%36%33%20%34%3E%42%31%4E%7C%51%79%58%2D%44%7C%51%79%58%43%51%7C%79%58%46%7B%51%79%58%37%43%7C%51%79%58%43%62%58%79%51%7D%2A%3C%30%4E%7C%62%42%7C%51%79%62%58%79%51%7C%7C%7D%51%79%58%62%42%7C%51%79%58%2D%44%31%7C%4E%51%79%58%43%7C%51%79%58%46,%42%2A,%7B%4E%32%42%62%58%42%7C%51%79%58%62%42%7C%51%79%2A%43,%43%58%46,%51,%7B%20%7D%20%3E%42%20%6F%54%31%2A%37%3C%20%20%62%42%7C%51%79%58%2D%44%7C%51%79%20%4C%5A%43%58,%7B%51%79%58%58%79%51%7C%42%62%58%79%51%7D%46%58%79%51%5A%20=%4A%61%7A%7A%2D%42%61%6C%6C%61%64%20%45%76%65%6E=%36%30=%33"
1ba809d1-58e8-40a2-b295-072b894256ae,"irealb://%46%65=%52%6F%73%61%72%69%6F%20%49%6E%67%72%69%64==%52%6F%63%6B=%45%2D==%31%72%33%34%4C%62%4B%63%75%37%37%2D%45,%41%54%34%34%45%2D%3E%78%34%39%36%2A%3C%20%20%37%2D%42%7C%51%58%79%37%2D%41%7C%51%79%58%37%42%7C%51%79%58%37%20%7D%7B,%2A,%69%2A,%7B%7C%51%79%58%44%2D%37%58%79%51%2D%41%3E%6F%72%6F%63%20%65%72%70%32%37%2A%5B%3C%7D%20%42%20%2D%41%7C%51%79%58%37%2D%41%7C%37%58%79%51%7C%45%7C%51%79%58%58%42%7C%51%79%51%7C%42%37%58%51%79%58%37%42%7C%51%79%58%37%2D%45%34%34,%54%42%2A,%7B%20%42%20%42%34%32%54%7C%51%79%7C%41%2D%37%58%79%58%37%2D%41%79%51%7D%20=%50%6F%70%2D%52%6F%63%6B=%31%31%35=%31"
1b2e6e89-22b6-4f16-b62d-c211380a2bed,"irealb://%42%65%6E%64%65%63%69%72%65%20(%41%6C%65%67%72%C3%AD%61%20%4D%65%20%44%61%73)%20%32=%48%69%6C%6C%73%6F%6E%67==%42%61%6C%6C%61%64%20%45%76%65%6E=%46==%31%72%33%34%4C%62%4B%63%75%37%46(%51%79%58%34%42%62,%2A%58%2D%47%53%5B%7D%20%46%20%45%2F%43%5A%4C%20%46%45%2F%43%7C%51%79%58%62%42%7C%51%79%58%41%79%51%7C%47%2D%34%54%69%2A%7B%42%31%4E%7C%7D%62%58%79%51%7C%7C%51%79%58%62%42%7C)%41%2F%46(%51%79%2D%58%47%7C%51%79%58%46%42%2A%7B%5D%51%79%58%43%43%20%20%51%20%42%7C)%41%2F%6F%54%51%79%58%46%58%79%51%7D%58%51%79%58%36%36%2A%3C%7C%51%79%58%2D%44%51%7C%79%58%37%2D%41%7C%51%79%58%2D%47%43%2A%7B%79%51%58%79%51%7C%51%79%58%62%3E%43,%20%3C%2A%34%32%43%6F%64%61%3E%20%53%20%7D%7B%51%44%2D%58%79%51%7C%43%58%79%51%7C%47%2D%20%42%62%4C%5A%43%58%79%51%7D%46%58%79%51%5A%20=%4A%61%7A%7A%2D%4D%65%64%69%75%6D%20%53%77%69%6E%67=%31%30%30=%33"
1bbe1de8-aeff-4b40-8c0d-e9338b3721c5,irealb://%36%32%35%31%20%31%20%4D%61%6A%6F%72=%43%6F%6D%70%6F%73%65%72%20%55%6E%6B%6E%6F%77%6E==%4D%65%64%69%75%6D%20%53%77%69%6E%67=%43==%31%72%33%34%4C%62%4B%63%75%37%4C%37%2D%44%3E%23%34%3E%41%2D%4C%78%3E%36%62%2F%33%62%3C%5A%4C%78%3E%32%2F%62%35%3C%5A%4C%78%3E%36%62%2F%31%3C%5A%4C%37%5A%3C%31%2F%36%2F%37%62%3C%5B%62%3C%5A%4C%78%62%32%3E%78%4C%5A%4C%37%47%3E%32%62%2F%35%3C%5A%4C%78%3E%62%32%2F%35%3C%5A%4C%78%3E%34%23%2F%37%62%3C%5A%3C%31%2F%36%3E%2F%33%62%3C%5A%20%78%3E%37%5E%78%4C%5A%3C%33%78%3E%32%2F%35%3C%5A%4C%78%3E%36%2F%33%3C%4C%5A%37%5E%43%3E%34%2F%31%3C%5A%4C%78%3E%36%2F%4C%5A%3C%33%2F%3E%34%23%2F%37%7C%20=%4A%61%7A%7A%2D%53%6C%6F%77%20%53%77%69%6E%67=%31%35%35=%32%34
1b99af57-0ed4-49e5-8f2b-86656f9cf771,irealb://%53%74%6F%6E%65%79%20%43%72%65%65%6B=%54%72%61%64%69%74%69%6F%6E%61%6C==%46%69%64%64%6C%65%20%54%75%6E%65=%41==%31%72%33%34%4C%62%4B%63%75%37%42%2A%7B%59%7D%32%41%20%47%4C%51%79%58%41%7C%51%79%58%41%5A%4C%47%20%41%51%7C%79%58%45%5A%4C%47%20%41%7C%51%79%58%41%5A%7C%45%20%41%20%32%54%41%2A%7B%46%58%79%51%7C%44%2D%58%79%51%7C%46%58%79%51%7C%44%2D%58%79%51%7C%46%58%79%51%7C%43%58%79%51%7C%46%58%79%51%7C%46%20%41%20%7D%20==%30=%30
1b89d641-8b03-49fe-9a2d-616658e2e536,irealb://%44%6F%6E%27%74%20%59%6F%75%20%52%65%6D%65%6D%62%65%72%20%28%47%69%67%29=%41%64%65%6C%65==%52%6F%63%6B%20%42%61%6C%6C%61%64=%45%62==%31%72%33%34%4C%62%4B%63%75%37%62%45%6C%3E%54%34%3C%2A%36%33%65%56%20%33%36%2A%3C%41%2A%7B%7D%20%20%6C%4B%63%62%45%2F%62%41%73%20%20%62%45%3E%54%47%20%72%73%65%2B%47%34%54%69%2A%5B%2A%5B%51%79%58%62%58%79%51%7C%45%20%2D%43%7C%51%79%58%62%41%5A%4C%2D%47%62%20%45%7C%51%79%58%62%41%5A%4C%62%45%20%2D%43%62%4C%5A%41%62%41%7C%51%79%58%2A%5B%20%6E%20%20%50%72%65%43%20%2D%43%7C%51%79%58%62%42%3E%29%6B%63%74%65%73%64%69%73%20%2C%6E%69%20%6C%6C%41%28%20%68%47%4C%5A%42%62%35%36%2A%3C%42%41%20%3E%6B%61%20%43%68%6F%72%79%58%30%36%2A%3C%62%45%5A%4C%62%42%20%2D%7C%46%51%79%58%62%41%7C%51%79%58%62%45%3E%73%75%51%20%42%72%65%33%36%2A%3C%43%62%41%32%4E%7D%3C%2A%36%36%20%41%20%62%45%31%4E%7C%59%5A%4C%62%42%20%2D%7C%46%51%79%58%62%41%5A%4C%2D%47%20%62%45%3E%32%62%2F%45%62%20%43%2A%5A%4C%62%5A%4C%62%42%20%44%3C%2A%36%33%23%44%20%42%7C%59%5A%4C%23%47%20%23%43%5A%23%4C%43%2F%23%46%20%42%3E%65%67%64%69%72%42%20%2D%4C%5A%46%2D%2A%5B%51%79%58%4C%43%20%2D%47%42%62%29%58%79%42%5A%4C%2D%41%20%46%3E%64%6F%4D%20%73%75%6F%72%68%43%20%36%36%2A%3C%34%34%54%43%2A%7C%51%62%58%79%51%7C%28%6E%34%32%54%79%58%62%42%5A%33%20%20%42%72%7C%51%79%58%62%42%5A%4C%2D%41%20%46%3E%32%36%20%36%2A%3C%43%2A%5A%4C%62%42%20%3E%6B%61%65%47%2D%20%43%4C%36%2A%3C%46%5A%51%7C%51%46%58%79%51%7C%42%62%58%79%51%5A%20==%30=%30
1bed1a2a-66a4-4426-bd27-f2887413fa00,irealb://%4C%65%6D%6F%6E%20%54%72%65%65%20%28%47%69%67%29=%4F%61%73%69%73==%4D%65%64%69%75%6D%20%55%70%20%53%77%69%6E%67=%46%2D==%31%72%33%34%4C%62%4B%63%75%37%2A%7B%5A%4C%37%34%46%2D%4C%5A%43%20%36%33%2A%3C%2D%46%5A%4C%37%2D%43%5A%2D%4C%62%42%5A%4C%2D%43%5A%4C%2D%46%5A%4C%2D%43%3E%4C%5A%46%2D%34%54%69%2A%5B%37%2D%43%5A%4C%43%2D%4C%5A%46%2D%43%5A%4C%2D%46%3E%31%20%39%36%2A%3C%41%5B%2A%20%2D%43%5A%4C%2D%46%5A%4C%2D%43%5A%4C%2D%4C%5A%42%62%2D%5A%4C%2D%46%41%5A%4C%62%41%5A%2A%33%36%20%20%4C%62%44%5A%4C%2D%43%5A%4C%2D%46%5A%4C%62%5A%45%4C%62%41%42%2A%7C%7D%20%2D%46%5A%4C%3E%43%5A%45%62%37%4C%3C%2D%46%5A%4C%54%20%20%38%31%42%3C%2A%36%39%5A%4C%35%62%37%2D%44%5A%4C%62%44%5A%4C%2D%5A%43%4C%2D%46%5A%4C%62%45%5A%4C%62%41%3E%20%31%45%62%37%3C%2A%2A%5A%4C%62%45%2D%43%5A%4C%2D%61%3E%4C%5A%78%43%5A%4C%2D%46%5A%4C%2D%43%5A%4C%2D%46%3E%6C%61%61%4C%20%36%36%2A%3C%43%2A%5A%4C%2C%51%2C%2D%4C%5A%42%62%64%6F%63%20%6F%43%5A%4C%2D%46%3C%2A%33%36%20%4C%2D%46%5A%4C%2D%43%5A%4C%2D%46%5A%4C%2D%5A%43%4C%2D%46%44%2A%5A%4C%37%2D%46%5A%4C%3E%43%5A%43%2D%4C%5A%2D%46%5A%4C%37%46%5A%4C%78%5A%2D%4C%5A%43%2D%64%69%72%42%20%36%36%2A%3C%76%2A%5A%4C%2D%5A%46%4C%3E%43%20%20%36%33%2A%3C%2D%46%5A%4C%37%67%65%3E%43%4C%62%42%5A%4C%2D%20%64%6E%61%20%5A%45%62%4C%5A%20%74%61%65%70%65%52%31%35%2A%3C%20%20%51%58%79%51%79%58%5D%20%37%43%5A%4C%62%41%5A%4C%78%41%31%2C%20%42%4C%78%5A%4C%2D%51%79%58%2D%46%20%20%3C%2A%32%45%7C%51%79%58%62%41%51%5A%4C%51%79%58%51%58%79%51%79%58%3E%61%64%6F%63%20%6E%65%68%54%37%62%58%79%51%7C%3E%32%78%31%42%7C%43%2D%58%79%51%7C%44%62%58%79%51%7C%45%62%58%79%51%7C%44%62%58%79%51%7C%45%62%58%79%51%7C%44%62%58%79%51%7C%45%62%58%79%51%7C%41%62%58%79%51%5A%20==%30=%30
1b0a4f71-5fd2-4648-aee4-e5cceedef0b2,irealb://%56%6F%74%6F%20%4C%61%74%69%6E%6F%20%28%67%69%67%29=%4D%6F%6C%6F%74%6F%76==%4D%65%64%69%75%6D%20%52%6F%63%6B=%47%2D==%31%72%33%34%4C%62%4B%63%75%37%20%30%36%2A%3C%34%47%2D%4C%5A%2D%47%5A%4C%43%5A%4C%2D%47%3E%7A%6F%76%20%36%36%2A%3C%41%2A%7B%20%43%5A%4C%2D%47%5A%4C%43%4C%5A%43%4C%5A%34%54%69%2A%5B%32%36%2A%3C%42%5A%43%4C%5A%47%4C%2D%47%5A%4C%43%5A%4C%2D%47%5A%4C%43%5A%2D%4C%47%5A%4C%43%5A%4C%2D%47%5A%4C%43%5A%4C%2D%5A%43%4C%5A%2A%4C%2D%47%3E%E2%99%96%35%2A%3C%7D%20%3E%45%4C%5A%44%30%31%2A%3C%5A%4C%45%5A%4C%44%5A%4C%45%7C%4C%5A%44%3E%E2%89%92%E2%99%A9%20%30%31%2A%3C%5A%4C%45%5A%4C%20%E2%99%A9%E2%89%92%3E%44%6F%72%6F%63%20%5A%4C%2D%47%5A%29%3E%6E%4C%5A%4C%43%5A%4C%47%5A%4C%43%5A%4C%47%5A%4C%43%67%3E%69%6C%62%6F%20%74%47%20%30%36%2A%3C%43%2A%5A%47%2D%37%4C%47%28%20%20%38%4C%43%44%2A%5A%33%38%58%79%51%38%33%2A%3C%43%3E%E2%89%92%E2%99%A9%20%30%31%2A%3C%5A%3E%4C%D0%9B%20%20%30%31%2A%3C%43%3E%29%47%28%20%20%28%47%29%3E%4C%2A%3C%5A%4C%78%36%2A%3C%42%2A%4C%5A%47%4C%5A%E2%99%A9%20%30%31%2A%3C%5A%4C%3E%D0%9B%20%20%30%31%3C%2A%43%3E%29%47%28%20%20%51%79%58%38%33%2A%3C%E2%89%92%3E%43%20%7B%43%5A%4C%47%5A%7C%7D%20%44%3E%6F%3E%45%4C%5A%2A%3C%5A%4C%45%5A%4C%44%5A%4C%45%5A%4C%44%E2%89%92%3E%E2%99%A9%20%30%31%2A%3C%7C%59%5A%4C%45%5A%4C%44%31%30%20%E2%99%A9%E2%89%92%72%6F%63%20%32%58%51%79%58%51%20%E0%B8%AF%E2%99%AA%D0%9B%D0%9B%45%3E%E2%99%A9%36%30%2A%3C%66%59%5A%4C%20%2D%45%D0%9B%3E%E2%99%A9%E2%99%A9%E0%B8%AF%E2%99%AA%38%30%2A%3C%5A%4C%20%44%3E%D0%9B%2D%20%5A%58%79%30%31%2A%3C%51%6F%70%70%75%73%20%20%3C%2A%34%6F%6D%73%69%6D%20%6F%79%20%73%73%61%20%72%20%75%6B%63%69%6B%20%6C%6C%27%49%20%2E%31%E2%99%96%34%20%66%6F%72%20%51%79%58%51%79%70%20%61%74%73%20%65%6C%20%72%20%61%74%73%61%68%20%64%61%65%68%20%75%20%6F%77%6C%62%20%32%32%2A%3C%20%3E%6D%73%69%63%61%6C%61%20%76%69%67%6E%69%74%72%69%75%71%41%20%72%20%75%6E%20%2A%3C%51%79%58%51%79%58%51%79%58%51%79%58%79%51%58%3E%61%74%73%69%63%61%72%20%6F%74%61%62%35%34%E2%99%96%32%2E%65%73%20%72%6F%6D%20%73%65%72%61%20%62%61%6E%20%20%32%33%2A%3C%20%3E%6F%6E%61%63%69%72%6D%65%61%20%6C%65%20%6F%79%20%79%6F%73%20%61%64%6C%6F%73%20%74%6C%20%6E%65%20%3C%20%20%51%79%6E%6F%73%20%6D%79%58%51%79%58%3E%6F%6E%61%6D%72%65%68%20%75%6E%20%6F%6D%6F%63%20%6E%61%74%61%72%74%20%65%51%58%79%51%58%61%63%69%78%65%2A%31%32%EC%9B%83%3E%20==%31%32%38=%30
1b10b1f7-818a-4852-839f-0ad53fdfd492,irealb://%43%68%69%63%61%67%6F%20%28%54%68%61%74%20%54%6F%64%64%6C%69%6E%27%20%54%6F%77%6E%29%20%2F%54%47%4A%43=%46%69%73%68%65%72%20%46%72%65%64==%55%70%20%54%65%6D%70%6F%20%53%77%69%6E%67=%46==%31%72%33%34%4C%62%4B%63%75%37%58%46%5A%4C%20%34%46%58%79%51%58%46%5A%4C%20%6C%63%4B%51%79%58%37%43%5A%20%4C%6C%63%4B%51%79%58%37%43%5A%4C%20%6C%63%4B%79%51%4B%63%6C%34%54%41%2A%5B%79%58%46%42%2A%20%4C%5A%47%37%37%2D%47%5A%4C%6F%62%41%20%46%5A%4C%20%6C%4B%63%51%79%58%37%43%5A%4C%20%6C%63%4B%51%79%58%20%43%37%4C%5A%6C%63%4B%51%79%58%6F%42%7C%51%4C%5A%43%37%58%51%79%58%37%46%7C%51%79%58%2D%44%5A%4C%20%63%6C%4B%51%79%58%37%41%5A%4C%20%6C%63%4B%51%79%7C%42%62%58%79%20%6C%63%4B%51%20%6E%69%74%72%79%51%4B%63%6C%20%64%65%62%69%72%63%73%6E%61%72%74%28%20%6F%6E%69%73%72%65%76%20%37%33%39%31%3C%5A%4C%20%62%79%20%4D%61%58%46%7C%51%79%47%69%6F%61%6E%69%29%3E%47%2D%37%58%79%51%7C%43%37%58%79%51%7C%46%20%41%62%6F%4C%5A%47%2D%37%20%43%37%20%5D%20=%4A%61%7A%7A%2D%55%70%20%54%65%6D%70%6F%20%53%77%69%6E%67=%32%34%30=%33
1b134e6b-3834-4536-9dc9-2e1511a21423,irealb://%47%72%61%C3%A7%61%73%20%41%20%44%65%75%73=%2E==%4D%69%6E%69%73%74%C3%A9%72%69%6F%20%4C%69%76%72%65=%43==%31%72%33%34%4C%62%4B%63%75%37%73%75%73%47%7C%34%43%20%43%2F%42%7C%7D%20%73%75%73%47%20%5E%46%5A%4C%45%43%2F%20%43%5A%4C%73%75%73%47%20%5E%46%5A%4C%45%62%39%58%79%51%34%54%69%2A%7B%47%51%79%58%5E%79%51%58%79%51%5A%4C%73%75%73%47%20%5E%46%7C%51%79%58%43%51%7C%79%58%5E%46%7C%51%79%58%43%41%2A%5B%20%20%43%58%79%51%46%58%5D%51%79%58%43%51%79%58%73%79%51%5D%7B%2C%58%2D%44%31%4E%5B%51%79%58%2D%41%51%79%58%45%37%51%79%58%46%2F%47%51%79%58%5E%46%2C%42%2A%79%51%47%73%75%58%47%51%79%58%20%61%74%6C%6F%51%43%37%58%79%4C%45%2F%43%20%43%2C%69%2A%2C%7B%5D%51%79%73%58%75%73%47%7C%51%79%58%2D%44%32%4E%5B%7D%51%5A%3C%20%20%56%79%58%73%75%73%61%6F%20%41%3E%46%5E%20%47%73%75%73%20%7D%20==%30=%30
1b06c87b-8db2-47aa-aab3-940035d9a2e1,irealb://%4C%61%64%79%20%49%73%20%61%20%54%72%61%6D%70%2D%52%65%76%20%4A%45%2C%20%54%68%65=%52%6F%64%67%65%72%73%20%52%69%63%68%61%72%64==%53%77%69%6E%67%20%54%77%6F%2D%46%6F%75%72=%43==%31%72%33%34%4C%62%4B%63%75%37%57%73%20%20%37%34%43%5E%37%20%62%44%20%37%47%7C%51%79%58%37%2D%44%5A%4C%62%37%41%20%37%2D%62%45%6C%7C%2C%44%2F%57%73%20%37%4C%5A%43%5E%34%54%41%2A%7B%5E%46%73%5A%4C%45%62%2D%37%20%47%7C%51%79%58%73%75%73%37%43%5A%4C%37%62%20%44%37%47%7C%51%79%58%37%2D%44%5A%4C%37%62%41%2D%37%20%43%37%6C%7C%2C%44%2F%44%20%37%2D%44%41%2D%37%2C%42%20%37%2D%45%6C%7C%2C%46%2F%57%2C%37%62%42%20%73%73%75%73%37%62%42%6C%7C%2C%73%75%73%37%62%45%62%37%4C%5A%2C%37%2D%47%2C%43%73%7C%6E%2C%31%73%43%36%2C%43%32%4E%5A%4C%20%51%79%58%51%79%58%7D%6E%37%2C%62%44%6E%2C%37%2D%44%7C%6E%2C%37%62%45%6E%36%2C%6E%46%37%4E%5A%4C%37%62%51%79%58%37%2D%5D%5B%2A%42%6C%37%41%7C%51%79%58%37%2D%45%6C%7C%2C%46%2F%2C%57%47%2F%57%73%20%37%47%7C%51%79%58%37%2D%44%58%79%51%7C%44%20%20%6E%2C%5E%2C%44%2F%57%73%57%2F%47%2C%57%6C%43%2A%5B%5D%2C%37%62%44%20%6E%2C%37%2D%7C%44%2C%37%62%45%20%6E%2C%37%2D%45%7C%2C%46%2F%43%5E%37%20%20%73%20%37%47%7C%20%37%2D%44%5A%37%20%41%62%37%37%2D%41%5A%4C%39%62%37%45%20%37%68%42%6C%2C%7C%43%2F%57%2C%44%2F%57%73%20%37%2D%44%5A%4C%20%41%62%37%4C%2D%62%45%6C%7C%44%62%37%4C%5A%73%43%36%2C%6E%45%62%37%2C%6E%7C%44%2D%37%2C%6E%44%62%37%2C%6E%5A%20==%31%36%30=%36
1bf0d28a-6ffc-444f-ad61-29ed50fad7a1,irealb://%4C%65%74%20%49%74%20%53%6E%6F%77%2D%52%65%76%20%4A%45%20%31=%43%61%68%6E%2D%53%74%79%6E%65==%43%68%72%69%73%74%6D%61%73=%46==%31%72%33%34%4C%62%4B%63%75%37%42%2A%5B%59%5D%34%47%2D%37%20%2C%37%43%73%20%37%2D%47%5A%4C%37%6F%62%41%41%20%2F%46%5A%4C%39%62%42%20%36%46%5A%4C%37%43%57%2F%42%62%2C%34%54%41%2A%5B%58%51%79%58%7D%44%37%4C%5A%47%6E%2C%37%2D%41%41%2A%5D%2C%62%42%2F%57%2C%43%37%73%20%37%2D%47%31%4E%5A%4C%6F%23%47%20%37%41%62%37%2C%6E%20%37%2D%41%6C%20%37%2D%45%5A%4E%32%6C%47%2D%37%5E%43%6C%42%2A%5B%5D%2C%37%62%44%2C%37%44%2D%6E%2C%36%46%73%41%2A%5D%20%37%62%47%20%37%20%44%2D%37%4C%5A%4C%20%51%79%73%5A%4C%37%62%44%2D%37%20%47%5A%4C%37%2D%44%20%37%5E%43%6C%7C%2C%37%62%2C%44%37%44%2C%37%62%45%2C%37%5E%43%73%5A%4C%37%45%2D%37%20%45%5A%4C%37%62%45%20%41%2F%46%5A%62%37%2C%6E%5D%36%46%5A%4C%37%43%20%37%2D%47%6C%41%2A%5B%2C%5D%37%62%41%2C%37%2D%41%6E%2C%37%2D%47%41%2A%20%42%62%39%4C%44%6E%2C%37%44%20%37%62%47%20%5A%47%2D%37%20%51%2C%6F%23%47%20%37%47%5A%4C%37%44%20%37%41%2D%6C%42%2A%5B%5D%2C%62%42%2F%57%2C%37%43%73%4C%5A%47%2D%37%4C%37%6F%62%41%37%2D%47%7C%6E%36%2C%6E%41%2D%2C%37%2D%41%41%2A%5D%2C%62%42%2F%57%2C%37%73%43%20%37%2D%47%6C%51%5B%5D%2C%37%62%41%2C%37%6E%41%62%37%2C%46%73%41%2A%5D%2C%6E%47%62%37%2C%6E%7C%55%3C%46%49%4E%45%3E%6C%46%36%58%79%51%5A%20=%4A%61%7A%7A%2D%53%77%69%6E%67%20%54%77%6F%2F%46%6F%75%72=%31%33%30=%35
1b5a4954-6525-4976-900e-9c7c0959d214,irealb://%53%69%6E%63%65%20%49%20%46%65%6C%6C%20%46%6F%72%20%59%6F%75%2D%52%65%76%20%4A%45=%4A%6F%68%6E%73%6F%6E%20%42%75%64%64%79==%53%6C%6F%77%20%53%77%69%6E%67=%45%62==%31%72%33%34%4C%62%4B%63%75%37%43%28%20%20%29%34%6E%28%45%62%7C%29%37%62%42%28%20%29%37%42%28%20%20%29%2D%37%46%28%6E%5A%4C%29%37%2D%43%28%20%20%29%5E%6E%28%45%62%5E%34%54%69%2A%7C%4C%29%5E%62%44%6E%28%46%2D%37%62%41%28%6E%5A%4C%29%37%62%45%28%20%20%29%2D%37%62%42%28%6E%5A%4C%29%37%62%42%28%20%20%29%5E%29%20%20%28%5A%4C%29%37%2D%44%2F%57%2C%37%29%20%20%28%46%7B%5D%2C%37%62%42%73%29%37%62%42%28%20%20%73%29%75%73%37%62%42%28%6E%5A%4C%29%74%6C%61%37%2A%41%45%62%5E%68%43%28%6E%5A%2C%37%62%41%2C%39%2C%4C%5A%46%37%2D%46%5A%4C%39%62%37%43%6C%2C%44%2F%57%37%2C%5E%62%45%73%5A%4C%39%23%37%62%42%20%37%2D%20%73%42%62%37%62%37%43%6C%2C%23%37%62%42%6E%35%20%47%62%37%2C%74%6C%61%37%43%6E%2C%35%23%37%47%7C%2C%41%62%2F%57%2C%37%62%42%73%20%37%46%31%4E%5A%4C%6E%7C%46%37%2C%23%37%47%6C%7C%41%6C%42%2A%5B%79%51%4C%5A%4E%2C%37%2D%62%42%73%20%5E%62%45%5A%4C%37%62%20%41%37%5E%62%45%5A%4C%37%62%42%20%37%46%6C%32%45%62%37%2C%5D%58%7D%6E%2C%35%79%58%37%62%41%7C%44%62%37%73%45%2C%37%2D%62%42%73%20%5E%62%45%5A%4C%37%46%2D%20%47%2F%5E%62%45%5A%4C%37%62%44%20%73%75%62%37%2C%7C%6C%51%79%58%37%62%37%5E%62%45%41%73%75%73%20%44%45%2C%37%62%42%6E%2C%37%2D%46%7C%6E%2C%74%61%6C%37%43%6E%2C%47%2F%5E%62%45%73%5A%4C%37%62%37%2C%5D%5B%2A%37%62%44%7C%51%41%2C%37%62%42%6C%43%37%62%39%5A%4C%39%62%37%43%6C%2C%44%2F%57%2C%37%5E%45%62%73%5A%4C%39%23%37%62%42%20%37%2D%46%5A%4C%46%2D%37%20%73%2C%44%2F%57%2C%62%42%6E%2C%37%47%37%23%35%20%39%62%37%43%2C%44%2F%57%2C%37%5E%62%45%73%4C%5A%73%75%73%37%62%42%20%37%46%5A%4C%37%62%47%2C%6E%7C%46%2D%6C%7C%2C%37%62%62%45%6C%3E%45%51%6E%5D%5B%51%7C%6E%2C%74%6C%61%37%62%42%6E%2C%37%2D%46%6E%7C%2C%39%62%37%43%2C%44%2F%57%2C%37%5E%62%45%55%3C%46%49%4E%2C%74%6C%61%37%37%58%79%51%5A%20=%4A%61%7A%7A%2D%53%6C%6F%77%20%53%77%69%6E%67=%37%30=%33
1be5c453-2c53-489b-af5d-8fa69d984447,irealb://%53%74%6F%6C%65%6E%20%4D%6F%6D%65%6E%74%73%2D%52%65%76%20%4A%45=%4E%65%6C%73%6F%6E%20%4F%6C%69%76%65%72==%53%77%69%6E%67%20%54%77%6F%2D%46%6F%75%72=%43%2D==%31%72%33%34%4C%62%4B%63%75%37%43%2F%37%2D%44%34%73%43%2D%37%20%6E%2C%43%2F%37%5E%62%45%7C%2C%47%2F%57%6E%20%2C%43%2F%37%2D%44%7C%2C%47%2F%57%20%6E%2C%57%2F%47%2C%7C%34%54%69%2A%5B%29%37%2D%44%28%47%2C%5D%59%7B%43%7C%2C%47%2F%57%29%37%2D%43%28%20%6E%2C%2F%43%37%2D%44%7C%2C%47%2F%57%20%6E%2C%37%2D%43%2D%37%2C%6E%20%2F%57%20%6E%2C%6E%2C%46%2F%37%2C%7C%44%2D%37%2F%37%2D%46%29%37%2D%47%28%20%6E%2C%37%2D%59%46%7C%2C%43%2F%57%29%5E%43%28%20%6E%2C%43%2F%46%2C%7C%47%2D%47%2F%37%2D%43%37%2A%3C%5B%59%20%47%39%2F%47%46%28%20%6E%2C%43%2F%37%2D%44%7C%2C%47%2F%2D%37%43%29%37%2D%44%28%20%6E%2C%37%2D%43%7C%2C%2D%37%29%20%5D%29%37%2D%43%28%7C%2C%2D%23%44%72%74%61%6C%73%2D%62%45%2C%2D%45%7C%2C%2D%46%2C%2D%23%46%2C%7C%2D%46%2C%2D%45%7C%2C%2D%23%44%2C%2D%44%3E%2C%7C%44%2D%2C%61%75%51%20%32%43%6C%3E%73%65%2C%7C%6C%43%2D%6F%6E%69%4D%20%2D%20%73%6F%6C%6F%53%20%20%37%30%2A%3C%42%2A%5B%7D%6E%2C%37%47%73%5A%4C%2C%72%20%42%6C%75%2D%46%2C%2D%45%20%37%2D%43%7C%4B%63%6C%20%4C%43%5A%4C%37%47%20%37%2D%46%7C%51%79%58%37%46%2D%5A%4C%37%43%20%37%2D%43%5A%4C%20%78%20%5A%2D%37%58%79%51%51%79%58%37%2D%2C%47%2F%57%20%41%62%37%58%79%73%41%2A%51%5B%5D%20%51%2C%37%47%20%37%62%7C%41%51%79%58%37%2D%43%7C%51%79%58%37%47%7C%51%43%2D%37%2C%6E%5A%4C%37%62%45%57%20%6E%2C%37%43%2C%6E%20%57%2C%47%2F%57%20%6E%2C%43%2F%37%2D%44%7C%2C%2F%47%57%20%6E%2C%43%2F%37%5E%62%45%7C%2C%47%2F%5D%59%7B%43%2D%2F%37%2D%44%7C%43%28%20%6E%2C%2D%37%2F%43%2C%7C%2C%47%2F%37%2D%43%29%37%2D%44%28%20%6E%37%2C%2D%43%7C%2C%47%2F%57%29%37%2D%43%28%20%6E%44%2D%37%2F%43%44%7C%2C%47%2F%6E%2C%37%2D%43%2C%7C%59%46%2D%47%20%29%37%2D%43%28%6E%2C%46%2F%37%2D%47%2C%7C%46%2F%37%2D%46%29%37%2D%47%28%20%6E%2C%37%39%2F%47%2C%7C%43%2F%57%29%5E%2D%23%44%2C%2D%29%43%2D%37%2F%74%72%61%75%51%20%32%37%2A%3C%5B%59%5D%20%37%29%2D%46%28%20%6E%2C%43%2F%37%2D%44%7C%2C%47%61%6C%73%3E%44%37%2D%44%28%20%2C%37%47%73%5A%46%2D%2C%7C%46%7C%2C%2D%46%2C%2D%45%7C%2C%2D%23%44%2C%2D%7C%44%2C%2D%62%45%2C%2D%45%7C%2C%2D%46%2C%2D%23%6C%43%2D%2C%4C%2C%2D%45%7C%2C%6E%7D%5B%6C%43%2D%58%79%51%7C%73%47%37%2C%6E%20%4C%5A%6C%46%37%73%75%73%58%79%51%7C%55%3C%46%49%4E%45%3E%6E%58%79%51%5A%20=%4A%61%7A%7A%2D%53%77%69%6E%67%20%54%77%6F%2F%46%6F%75%72=%31%31%32=%33
1b7bd827-cf66-4051-89ee-6517d6990fca,irealb://%57%68%65%6E%20%53%75%6E%6E%79%20%47%65%74%73%20%42%6C%75%65%2D%52%65%76%20%4A%45=%46%69%73%68%65%72%20%4D%61%72%76%69%6E==%42%61%6C%6C%61%64=%46==%31%72%33%34%4C%62%4B%63%75%37%42%6C%7C%2C%37%34%47%2D%37%20%62%41%73%20%37%2D%41%5A%4C%37%2D%47%20%37%46%5E%5A%4C%37%62%45%20%37%2D%62%42%5A%4C%37%43%2D%37%2C%44%62%34%54%41%2A%7B%41%6C%31%4E%7C%62%2D%37%2C%45%37%43%73%20%37%2D%47%6C%7C%2C%37%62%44%2C%2D%37%62%41%73%20%41%2F%37%5E%46%6C%7C%2C%37%62%2C%42%62%37%2C%42%73%20%37%68%2F%57%2C%37%2D%20%7D%58%79%51%2C%37%5E%44%73%42%2A%5B%5D%20%39%62%37%41%37%20%2D%45%32%4E%7C%51%79%58%51%79%58%51%79%58%57%2F%44%2C%45%37%62%41%20%37%46%2F%57%2C%45%2D%37%2C%57%2F%44%7C%2C%62%45%2F%57%2C%37%62%45%2C%45%2F%2C%57%37%2D%45%7C%2C%46%2F%57%2C%37%46%2C%23%46%5E%37%2C%57%2F%23%46%7C%2C%45%2C%45%2F%57%2C%2C%7C%44%2D%37%7C%2C%47%2F%57%2C%37%2D%41%2C%42%2F%57%2C%5E%37%43%7C%2C%47%2F%57%2C%37%47%2C%44%2F%57%2C%44%2D%37%2F%46%45%2F%57%2C%23%20%37%2D%62%42%57%2F%47%2C%7C%37%2D%47%6C%2C%41%2A%5B%5D%2C%62%47%2F%57%62%2C%47%2F%37%43%2C%43%2F%57%2C%43%2F%37%2D%47%20%43%37%4C%5A%2C%44%2F%37%47%2F%37%5E%46%6C%46%5E%37%20%47%2C%37%2D%62%42%73%20%37%68%42%6C%7C%2C%37%44%62%2C%37%2D%62%41%73%20%37%2D%41%5A%4C%37%2D%45%62%37%2C%7C%5A%4C%37%62%45%4E%49%46%3C%55%2D%37%2C%44%62%20%37%2D%47%51%5B%5D%20%51%2C%37%62%47%20%5E%37%46%5A%4C%37%62%47%20%37%2D%47%6C%7C%2C%37%47%62%37%4C%5A%62%41%73%20%41%45%3E%46%5E%58%79%51%5A%20=%4A%61%7A%7A%2D%42%61%6C%6C%61%64%20%44%6F%75%62%6C%65%20%54%69%6D%65%20%46%65%65%6C=%37%30=%33
1b14d9e1-6946-4bc4-9918-14e9b00deb67,irealb://%41%20%48%6F%6C%6C%79%20%4A%6F%6C%6C%79%20%43%68%72%69%73%74%6D%61%73=%4D%61%72%6B%73%20%4A%6F%68%6E%6E%79==%48%6F%6C%69%64%61%79%20%28%4A%61%7A%7A%29=%41%62==%31%72%33%34%4C%62%4B%63%75%37%62%41%20%62%41%37%20%57%2F%44%7B%59%5D%20%37%62%45%20%62%41%5A%4C%37%62%20%45%37%62%42%5A%4C%37%46%20%37%2D%43%5A%4C%62%2A%41%54%34%34%62%45%69%2A%5B%20%78%20%5A%4C%62%36%58%79%51%37%62%45%20%37%2D%62%42%31%4E%5A%4C%37%62%20%45%37%2D%62%42%5A%4C%37%6F%41%20%36%62%41%7C%4C%5A%20%78%20%41%5A%4C%37%5E%5B%5D%20%35%23%37%20%45%62%37%62%41%5A%4C%20%78%20%5A%4C%20%78%20%5A%4C%62%37%45%20%37%2D%62%42%32%4E%7C%7D%20%73%75%73%36%20%41%62%37%5E%62%41%5A%4C%51%79%58%37%2D%37%58%79%51%7C%37%2D%62%42%7C%51%79%58%37%5E%62%41%5A%4C%62%37%45%20%37%2D%62%42%5A%4C%37%46%20%37%2D%43%58%79%51%7C%46%5E%62%44%42%2A%2D%62%42%5A%4C%79%51%7C%45%62%62%41%7C%51%79%58%36%62%41%5A%4C%37%5E%62%20%41%62%41%41%2A%5B%5D%20%35%23%37%62%45%20%37%36%20%41%6F%37%58%37%62%42%7C%37%62%45%51%7C%4C%5A%45%62%37%37%62%45%20%62%41%5A%4C%37%62%45%20%37%62%5A%42%4C%37%46%20%37%2D%43%5A%4C%62%44%2F%57%20%2C%51%20%5D%59%37%62%45%20%37%20%57%2F%44%62%4C%5A%43%2D%37%20%46%37%4C%5A%42%62%37%20%45%62%37%4C%5A%73%41%62%2C%45%62%37%2C%66%6C%41%62%20%5A%20=%4A%61%7A%7A%2D%4D%65%64%69%75%6D%20%55%70%20%53%77%69%6E%67=%31%32%30=%30
1b67d169-ec82-4c55-a815-a8c3add78715,irealb://%53%6F%63%6F%72%72%65%6D%65=%41%6C%74%6F%20%4D%61%73==%57%6F%72%73%68%69%70=%44%2D==%31%72%33%34%4C%62%4B%63%75%37%4C%78%5A%4C%2D%34%42%62%5E%37%20%43%5A%4C%39%2D%44%5A%4C%78%5A%4C%37%5E%42%62%5A%4C%78%5A%4C%39%2D%44%5A%4C%78%5A%4C%2C%5D%7B%2A%41%44%34%54%69%2A%5B%35%43%20%62%42%78%4C%5A%46%2F%43%20%62%42%7C%7D%20%39%64%64%61%62%42%5A%2C%4C%41%2F%46%5A%4C%39%64%64%61%62%42%5A%4C%41%2F%42%62%4C%5A%5A%4C%36%43%5A%78%5A%4C%46%5A%58%79%51%58%79%42%5A%4C%78%5A%4C%37%2D%47%5A%4C%43%5A%4C%75%73%73%43%5A%4C%78%5A%4C%46%42%2A%5B%20%20%51%62%4C%5A%78%4C%5D%20%62%42%2F%47%5A%4C%36%43%73%4C%5A%43%4C%6C%7C%2C%62%42%2F%35%43%2C%62%42%7C%2C%62%2F%42%43%2C%62%42%73%5A%4C%78%5A%4C%37%2D%47%5A%44%2D%2C%4C%5A%75%73%43%5A%4C%5A%4C%78%5A%4C%62%20%5D%2A%69%78%5A%4C%69%2A%2C%37%5E%62%42%43%2A%5B%5D%43%20%5A%4C%39%2D%44%5A%4C%78%5A%4C%37%5E%62%42%4C%5A%44%2D%39%42%5A%4C%37%2D%43%28%62%42%2F%5A%78%4C%5A%44%28%62%42%73%5A%4C%2C%62%42%6C%7C%2C%62%42%43%2F%2C%62%42%73%43%2A%7B%5D%20%43%5A%4C%39%2D%47%2D%37%29%43%4C%37%5E%62%42%42%73%43%2A%7B%42%62%2C%4C%5A%35%31%2A%3C%2C%46%6C%7C%2C%46%2C%46%2F%62%73%42%5A%4C%2C%46%6C%7C%2C%46%2C%46%2F%62%42%73%78%34%3E%20%7D%6C%7C%29%47%2F%20%2C%73%75%73%62%2C%7C%6C%42%6C%7C%2C%46%2C%46%2F%62%42%73%5A%4C%2C%62%6C%42%7C%2C%47%2F%43%2C%37%2D%47%73%5A%4C%2C%62%46%2C%4C%5A%43%42%2F%43%2C%62%2C%7C%46%2C%20%7D%20==%30=%30
1b34d83a-1e31-4590-abce-00c097e3bd33,irealb://%42%6C%75%65%73%20%46%6F%72%20%49%6B%65=%52%65%69%6E%68%61%72%64%74%2D%47%72%61%70%65%6C%6C%69==%55%70%20%54%65%6D%70%6F%20%53%77%69%6E%67=%41==%31%72%33%34%4C%62%4B%63%75%37%4C%6F%43%20%23%58%79%51%4B%63%79%58%41%5A%4C%20%6C%63%4B%51%79%58%37%44%51%7C%79%58%2C%37%41%5A%4C%20%78%20%5A%4C%20%6C%51%7C%41%2F%43%41%34%34%54%7B%5A%7C%42%2D%37%58%79%51%7C%45%37%58%79%51%7C%41%2F%43%23%28%41%29%20%43%6F%28%46%23%37%29%4C%5A%42%2D%37%20%45%37%20%7D%20==%30=%30
1b1809de-6418-46f4-a522-45738c53408b,"irealb://%41%72%74%69%6C%6C%65%72%69%65%20%4C%6F%75%72%64%65%20%32=%52%65%69%6E%68%61%72%64%74%20%44%6A%61%6E%67%6F==%4D%65%64%69%75%6D%20%53%77%69%6E%67=%43==%31%72%33%34%4C%62%4B%63%75%37%43%5A%4C%51%79%34%3C%41%41%42%58%5A%4C%51%79%58%7C%72%51%79%58%5A%4C%37%20%47%37%62%41%5A%4C%37%2D%41%20%39%36%43%3E%41%79%51%72%7C%58%34%54%69%2A{%79%58%37%62%42%47%37,%7C%42%73%20%20%37%43%7C%51%79%58%37%43%6C%53%42[%2A%59}%20%20%3E%65%6E%69%46%3C%36%43,%36%42%37,%7C%6C%73%20%20%39%36%20%20%78%20%3E%20%20%73%41%37%6C%61%20%2E%43%2E%44%3C%7C%51%79%58%37%47%5A%6C%4C%20%6C%63%4B%51%79%58%37%62%41%6C%7C,%20%46%69%6E%65%37%62%42%7C%51%2D%41%20%39%36%65%72%20%41%20%51%79%58%51%79%58%51%79%58%51%79%58%51%79%3E%58%3A%73%6F%6C%6F%73%20%6E%6F%69%74%63%65%73%20{%2A%41%43%76%4F%20%3C]%39%62%33%31%41%37%20%47%31%33%4E%5A%4C%6F%23%46%20%46%5A%4C%39%43%20%39%43%36%5A%4C%51%79%58%7C%72%51%79%58%5A%4C%39%62%31%45%2D%37%20%2D%44%5A%4C%37%4C%5A%44%2D%37%20%47%31%33%62%39,%20}%58%79%51%58%79%51%20%4C%5A%4E%32%44%2D%37%20%47%31%33%62%39%4C%5A%43%36%39%20%3C%44%2E%53%2E%3E%20%20]%20==%30=%30"
1b6a845a-9dfe-4d72-b683-526771f10d7b,"irealb://%4C%65%6E%74%65%6D%65%6E%74%20%4D%61%64%65%6D%6F%69%73%65%6C%6C%65%20%32=%52%65%69%6E%68%61%72%64%74%20%44%6A%61%6E%67%6F==%4D%65%64%69%75%6D%20%53%77%69%6E%67=%41%62==%31%72%33%34%4C%62%4B%63%75%37%20%2D%62%42%5A%34%3C%20%41%41%72%51%79%58%5A%4C%6F%23%46%20%47%2F%2D%62%5A%42%4C%62%41%2F%2D%62%42%20%2D%62%42%3E%43%42%7C%58%79%51%4C%34%54%41%2A{%4E%5A%4C%20%51%62%4C%5A%42%62}%20%37%46%20%62%41%6C%7C,%6F%42,%2D%42%62%73%20%62%41%31%4E%5A%4C%6F%42%20%47%2F%2D%58%79%51%58%79%41%2F%2D%62%42%7C%51%79%58%68%62%2D%4C%5A%41%6C%63%4B%51%79%58%2D%62%42%5A%4C%37%46%20%43%68%7C%51%79%58%68%43%42%2A[]%51%79%58%62%20%4C%5A%42%62%42%20%62%41%32%79%58%5A%4C%6F%62%37%4C%5A%41%2D%62%42%5A%4C%62%41%2F%2D%62%42%20%2D%62%43%42%2A[]%20%37%46%20%62%41%7C%51%79%58%62%2F%47%20%46%23%45%20%68%62%42%51%72%7C%58%79%51%4C%5A%42%62%2D%20%42%62%2D%2F%41%62%4C%5A%42%62%2D%2F%47%20%41%62%6F%4C%5A%45%62%37%58%79%51%7C%41%62%58%79%51%5A%20==%30=%30"
1b5fe56c-366e-46ae-b6ea-f4218e844005,irealb://%59%6F%75%72%20%47%72%65%61%74%20%4E%61%6D%65%20%28%41%6C%65%78%29=%44%75%6C%61%6E%65%79%20%54%6F%64%64==%4D%65%64%69%75%6D%20%53%77%69%6E%67=%45%62==%31%72%33%34%4C%62%4B%63%75%37%45%28%20%29%2D%35%4C%65%61%64%42%28%20%29%2D%47%28%20%69%2A%20%20%3E%36%2E%20%38%20%2E%38%20%67%6E%69%72%74%73%20%62%20%62%29%20%28%43%34%2A%3C%20%20%43%70%2C%62%42%39%58%32%3E%20%4E%76%2A%20%20%51%79%58%51%79%58%3E%32%58%51%20%79%58%2E%38%20%2E%35%20%2E%37%33%33%2A%3C%31%47%2D%2C%70%36%2A%3C%29%62%46%70%2C%62%42%3C%2A%36%32%58%4E%43%2A%20%51%79%58%51%79%58%51%79%58%51%58%79%51%79%58%51%79%58%51%79%58%51%79%58%3E%32%31%45%62%2C%70%62%45%70%2C%2D%20%51%79%58%51%2A%36%39%33%78%51%79%58%51%79%58%51%79%58%3E%34%31%36%36%3C%2A%46%20%2D%47%29%62%45%28%20%2D%43%5A%4C%3E%58%79%51%58%79%3C%2D%47%70%2C%30%33%2A%3C%32%2A%33%36%50%6D%20%3E%32%58%30%36%2A%3C%62%45%70%2C%2D%43%2C%70%62%42%70%2C%2D%47%20%20%3E%2E%2E%2E%2E%2E%4C%5A%2A%43%4E%3C%32%4E%76%2A%51%79%58%3E%67%51%58%79%51%58%44%37%35%2A%3C%20%78%20%78%2C%62%42%31%4E%2A%42%51%79%58%51%79%58%51%79%58%51%79%58%51%79%73%74%72%69%6E%79%58%3E%78%34%20%29%2D%47%28%3E%20%3C%2A%36%78%2C%62%42%3E%78%35%34%37%2A%3C%20%51%79%3E%58%32%20%51%79%58%34%51%79%58%36%20%20%34%36%20%28%46%29%20%32%32%34%2A%3C%20%51%79%58%3E%28%45%62%29%20%20%67%6E%69%72%74%73%47%34%37%2A%3C%51%79%51%58%79%58%51%79%58%29%62%42%28%20%29%46%28%20%39%20%20%31%31%20%29%44%28%20%20%3C%2A%37%34%4D%61%69%6E%20%72%69%66%74%20%20%62%73%74%72%69%6E%67%58%79%51%31%30%3E%58%79%51%58%79%51%20%3C%2A%34%32%31%37%3E%20=%4A%61%7A%7A%2D%4D%65%64%69%75%6D%20%53%77%69%6E%67=%31%39%30=%33
1bbe5224-218e-442e-a84c-51615532da78,irealb://%41%75%67%6D%65%6E%74%65%64%20%74%72%69%61%64%73%20%63%68%72%6F%6D%61%74%69%63%2D%77%68%6F%6C%65%20%74%6F%6E%65%20%73%63%61%6C%65=%72%61%6D%62%6F%6F%74==%4D%65%64%69%75%6D%20%53%77%69%6E%67=%43==%31%72%33%34%4C%62%4B%63%75%37+%43%5A%4C++%4C%5A%42%62%5A%4C+%62%45%20+%45%5A%4C+%46%20+%47%62%5A%4C+%47%20+%62%41%5A%4C+%41%20+%44+%20%44%62%42%20+%43%7B%20%43%23+%4C%5A%44+%20%44%23+%4C%5A%45+%20%46+%4C%5A%46%23+%20%47+%4C%5A%47%23+%20%41+%4C%5A%41%23+%20%42+%20%7D%20==%30=%30
1b70800c-e287-4391-bf7e-5c115ae222f2,irealb://%54%65%20%44%61%72%65%20%4C%6F%20%4D%65%6A%6F%72%20%31=%4A%65%73%C3%BA%73%20%41%64%72%69%C3%A1%6E%20%52%6F%6D%65%72%6F==%52%6F%63%6B=%41==%31%72%33%34%4C%62%4B%63%75%37%58%45%7C%51%79%34%41%2C%2A%41%58%2D%23%46%7C%51%79%58%2D%42%7C%7D%51%79%45%58%7C%51%79%58%41%7C%51%79%58%44%7C%51%79%58%79%51%7C%44%58%34%54%69%2A%7B%23%43%7C%51%79%79%51%5D%7B%2A%58%45%32%4E%7C%7D%51%79%58%41%7C%51%79%58%31%41%4E%7C%51%79%58%44%7C%51%79%58%2D%23%46%42%79%51%7C%45%58%58%45%7C%51%79%79%58%7C%5D%20%23%58%79%51%7C%32%37%2A%3C%20%20%45%7C%51%79%58%45%7C%51%58%79%2D%42%7C%51%79%58%44%7C%51%79%58%2D%23%46%54%6F%20%41%3E%43%7C%51%79%58%51%20%7B%51%41%58%79%51%7C%44%20%45%3C%2A%37%32%78%33%3E%20%7D%46%23%2D%20%45%4C%5A%44%58%79%51%5A%20=%50%6F%70%2D%52%6F%63%6B=%31%31%35=%31
1bc53b64-644f-4be6-8e71-95ddd8e3ef4d,irealb://%53%68%65%20%4C%6F%76%65%73%20%59%6F%75%20%28%42%65%6C%6F%66%66%20%41%72%72%2E%29=%4A%6F%68%6E%20%4C%65%6E%6E%6F%6E%2C%20%50%61%75%6C%20%4D%63%43%61%72%74%6E%65%79==%4D%6F%64%65%72%61%74%65%6C%79=%41%2D==%31%72%33%34%4C%62%4B%63%75%37%20%20%6E%70%7C%34%3C%2A%36%39%7C%51%79%58%70%7C%51%79%58%2D%41%3E%35%31%20%31%6B%63%6F%52%2D%70%6F%50%20%79%72%54%20%20%44%37%58%79%51%34%54%69%2A%5B%42%2A%5B%5D%51%2D%58%79%51%7C%79%58%36%43%7C%51%79%58%70%7C%51%79%58%46%51%7C%79%58%70%7C%51%79%58%37%44%7C%51%79%58%70%51%7C%70%58%79%41%41%2A%5B%5D%5A%4C%70%5A%4C%4C%5A%45%2D%4C%70%5A%4C%2D%41%5A%4C%70%5A%4C%36%43%5A%4C%5A%47%4C%2D%45%5A%4C%2D%41%5A%4C%43%5A%4C%47%5A%4C%5A%46%2D%2C%2D%41%5A%4C%43%5A%4C%2D%41%5A%5D%7B%2C%2A%42%43%5A%4C%47%5A%4C%2D%45%5A%4C%2D%41%5A%4C%5A%43%4C%47%5A%4C%2D%45%5A%4C%2D%41%5A%4C%43%2C%36%4C%5A%70%4C%20%70%5A%4C%47%20%70%5A%4C%43%4C%5A%70%4C%5A%47%5A%4C%2D%46%5A%4C%70%5A%4C%37%44%5A%4C%5A%70%4C%2D%41%2C%41%2A%2C%5B%5D%20%70%5A%4C%47%37%4C%5A%4E%31%2D%46%5A%4C%70%4C%70%5A%4C%43%4C%5A%41%2D%4C%6C%7C%6E%73%20%20%37%47%7C%51%79%58%2D%46%4C%5A%2D%41%5A%4C%43%5A%4C%37%47%5A%4C%2D%46%5A%6E%58%79%51%7C%43%32%4E%7C%7D%5A%41%2D%4C%5A%70%4C%5A%46%4C%5A%70%4C%5A%43%36%58%79%51%5A%20=%50%6F%70%2D%52%6F%63%6B=%31%31%35=%31
1b51053b-980e-47ab-83d6-df6bce933ee2,irealb://%4D%6F%6E%74%61%67%6E%65%20%53%61%69%6E%74%65%2D%47%65%6E%65%76%69%65%76%65%20%20%64%66%62=%52%65%69%6E%68%61%72%64%74%20%44%6A%61%6E%67%6F==%47%79%70%73%79%20%57%61%6C%74%7A=%45%2D==%31%72%33%34%4C%62%4B%63%75%37%4C%20%7C%72%20%34%3C%41%41%42%37%42%5A%4C%78%5A%4C%37%42%5A%4C%20%7C%72%5A%20%4C%20%7C%72%20%5A%4C%78%5A%4C%2D%45%3E%41%4C%5A%78%4C%5A%33%54%41%2A%7B%78%5A%4C%36%2D%4C%5A%45%2D%4C%4C%36%2D%41%5A%4C%78%5A%4C%37%45%5A%4C%20%72%7C%20%5A%4C%78%5A%4C%2D%45%7C%5A%4C%37%42%5A%5A%78%4C%5A%41%20%7C%72%20%5A%37%44%5A%4C%78%5A%78%4C%5A%46%78%5A%4C%37%44%42%2A%5B%59%7D%20%78%3E%65%69%6E%46%3C%5A%4C%2D%45%5A%4C%37%42%5A%4C%37%23%4C%5A%47%4C%5A%4C%2D%45%5A%4C%78%5A%4C%47%5A%47%4C%5A%45%62%44%5A%4C%78%5A%4C%47%5A%4C%78%5A%4C%37%44%4C%5A%78%5A%4C%47%5A%4C%78%5A%4C%37%44%5A%4C%37%37%4C%5A%78%4C%5A%4C%78%5A%4C%65%6E%69%46%20%5A%78%4C%5A%47%2E%44%3C%5A%4C%78%5A%4C%37%44%5A%4C%78%5A%47%4C%5A%4C%78%5A%4C%37%44%5A%4C%37%62%45%5A%4C%43%2E%20%61%6C%4C%37%44%5A%4C%3E%47%4C%5A%47%2C%73%42%37%5D%20=%4A%61%7A%7A%2D%47%79%70%73%79%20%4A%61%7A%7A=%32%34%35=%33
1bb247f9-1cd5-4df7-95cf-9d5e4a9db6f9,irealb://%48%6F%6E%67%61=%43%6F%6D%70%6F%73%65%72%20%55%6E%6B%6E%6F%77%6E==%4B%6C%65%7A%6D%65%72=%43==%31%72%33%34%4C%62%4B%63%75%37%78%7C%51%79%58%2D%58%79%51%7C%78%7C%51%79%58%2D%47%7B%7D%2C%2D%47%2C%44%78%20%7C%51%79%58%2D%47%7C%2C%2D%47%2C%44%20%78%58%79%51%7C%78%47%34%34%54%7B%58%78%7C%51%79%2C%7D%7B%47%2D%58%2D%47%7B%7D%2C%2D%47%2C%44%20%78%7C%51%58%79%2D%47%7C%2C%2D%47%2C%44%20%78%7C%51%79%58%79%51%7C%78%58%2D%47%2C%44%20%79%51%7C%20%44%2C%47%2D%20%7D%20==%30=%30
1bc932f1-565b-48ff-809e-841f8917fb09,irealb://%43%72%79%69%6E%67%20%48%6F%6C%79%20%2D%20%50%41%52%4B%49%4E%47%20%4C%4F%54%20%50%49%43%4B%45%52%27%53%20=%54%72%61%64%69%74%69%6F%6E%61%6C==%4A%61%7A%7A%20%2D%20%53%65%63%6F%6E%64%20%4C%69%6E%65=%47==%31%72%33%34%4C%62%4B%63%75%37%70%61%43%20%20%44%65%66%61%75%20%43%20%5B%20%35%20%6F%70%61%43%20%20%51%58%79%2C%5D%20%47%20%5B%20%3A%79%65%4B%20%74%6C%5D%2C%58%79%51%38%31%2A%3C%20%79%58%51%79%58%20%44%20%5D%3E%42%78%69%44%2F%70%72%61%68%73%32%65%62%20%72%3A%72%41%34%35%2A%3C%20%20%51%79%58%51%79%58%72%75%63%65%3E%5B%20%37%20%6F%69%50%38%35%2A%36%58%79%51%20%58%51%79%58%51%79%58%3E%56%20%2C%56%49%20%49%2C%20%3A%64%65%73%55%20%73%64%72%6F%68%43%20%79%51%20%20%3C%35%2A%3C%20%51%20%78%20%5A%4C%20%6E%6F%74%65%54%41%2A%5B%51%79%58%51%79%58%51%79%58%51%58%79%51%79%58%51%79%58%51%79%58%3E%32%20%3A%73%34%34%20%47%20%70%75%2D%6B%63%20%78%20%5A%4C%4C%5A%20%78%20%20%78%20%5A%4C%20%47%20%5A%4C%20%78%20%5A%20%4C%47%20%5A%4C%20%78%20%5A%4C%20%43%20%5A%4C%4C%5A%20%78%20%20%78%20%5A%4C%4C%5A%20%47%20%4C%5A%20%44%20%4C%5A%20%47%20%4C%5A%20%78%55%20%20%5A%58%79%51%58%79%51%58%79%51%58%79%51%58%79%51%20%3C%62%23%3E%20==%31%35%30=%33
1b0c0f8b-1632-4ba3-9e8d-715c66965718,irealb://%44%61%72%6B%20%53%74%61%72=%47%61%72%63%69%61%20%4A%65%72%72%79==%53%74%72%61%69%67%68%74%20%2D%20%39%34%20%62%70%6D=%43==%31%72%33%34%4C%62%4B%63%75%37%20%41%7B%7D%20%58%79%51%58%79%20%78%20%5A%4C%20%6C%63%4B%2C%44%2C%47%20%34%41%34%54%7B%20%20%51%79%58%51%79%58%5D%20%51%4C%5A%20%78%20%6E%34%36%54%5B%7B%7D%20%20%78%63%6C%20%4C%5A%20%5A%4C%20%6C%63%4B%41%2C%47%6C%2C%23%46%44%2F%2C%2D%45%73%5A%4C%20%78%20%5A%4C%20%78%20%78%20%4C%5A%20%4B%2C%44%2C%47%41%20%41%73%75%73%4C%5A%41%2C%6E%20%4C%5A%47%20%20%73%45%2D%2C%7C%6C%45%2D%58%79%51%7D%20==%30=%30
1bd3a04a-1779-4676-b77b-467320633c2b,irealb://%4D%65%20%41%6E%64%20%4D%79%20%55%6E%63%6C%65=%42%6F%62%20%43%6F%77%62%6F%79==%54%72%61%69%6E%20%42%65%61%74=%45%2D==%31%72%33%34%4C%62%4B%63%75%37%51%79%58%2D%45%34%45%2D%58%79%2D%45%7C%51%79%58%2D%45%5A%4C%2D%42%20%2D%7C%45%51%79%58%2D%45%5A%4C%2D%42%20%2D%45%7C%51%20%42%2D%4C%5A%34%54%69%2A%5B%6C%63%4B%51%79%2C%20%5A%7B%2A%20%6C%63%4B%51%79%58%47%5A%4C%20%6C%63%4B%79%51%58%2D%45%5A%4C%20%6C%63%4B%51%79%58%47%41%4C%5A%45%2D%58%44%20%2D%45%7C%7C%51%79%58%47%58%79%51%4B%63%4B%51%79%58%41%5A%4C%20%6C%63%4B%51%79%58%5A%47%4C%20%6C%63%4B%51%79%58%2D%45%5A%4C%20%6C%63%6C%20%4C%5A%47%7C%5A%4C%20%42%2D%58%79%51%7C%45%2D%58%79%51%4B%63%6C%20%4C%5A%20%78%20%4C%5A%20%78%20%20%5D%20==%30=%30
1b8977e3-3aac-4059-b191-2e9c4831c82a,irealb://%49%74%20%43%61%6D%65%20%55%70%6F%6E%20%41%20%4D%69%64%6E%69%67%68%74%20%43%6C%65%61%72=%45%78%63%65%6C%63%69%61%20%4D%75%73%69%63%20%50%75%62%6C%69%73%68%69%6E%67==%4A%61%7A%7A%20%57%61%6C%74%7A=%42%62==%31%72%33%34%4C%62%4B%63%75%37%5A%4C%20%39%5E%34%42%62%5E%37%37%5E%62%42%41%2A%5B%20%20%39%5E%62%45%5A%20%4C%37%5E%62%42%5A%4C%20%39%5E%62%45%5A%4C%20%20%4C%5A%45%62%33%54%69%2A%5B%5A%4C%20%37%5E%4C%5A%45%62%5E%35%23%39%46%5A%4C%20%39%46%5A%4C%20%39%43%2C%7C%44%2F%37%2D%47%20%39%5E%62%45%5A%4C%20%39%20%4C%5A%42%62%20%37%5E%62%42%39%5E%62%45%7C%4C%5A%42%62%5E%62%42%7C%51%79%58%39%46%5A%4C%20%37%2D%43%2C%7C%44%2F%37%2D%47%20%39%5E%62%45%5A%4C%20%37%5E%37%58%79%51%20%39%5E%62%45%39%5E%62%42%5A%44%20%4C%5A%44%46%5A%4C%20%46%5A%4C%20%39%43%5A%4C%20%39%5A%46%4C%20%39%43%5A%4C%20%37%2D%47%5A%4C%20%37%39%23%35%20%4C%42%2A%5A%4C%20%5E%62%42%5A%4C%5E%39%20%4C%5A%5A%4C%20%39%46%5A%4C%20%37%2D%43%7C%2C%44%37%2F%2D%47%20%39%5E%62%45%5A%4C%20%37%5E%62%42%42%62%5E%37%20%62%45%5A%4C%20%37%20%20%5A%20=%50%6F%70%2D%43%6F%75%6E%74%72%79=%30=%30
1ba12a67-2bd8-48b2-97bb-c1730b3fd3db,irealb://%4F%79%2C%20%6D%6F%72%6F%7A%2C%20%6D%6F%72%6F%7A=%72%75%73%73%65%20%54%72%61%64==%4D%65%64%69%75%6D%20%53%77%69%6E%67=%41%2D=%37=%31%72%33%34%4C%62%4B%63%75%37%5B%54%31%32%41%2D%20%45%4C%5A%20%78%20%4C%5A%41%2D%20%47%4C%5A%20%43%20%4C%5A%43%20%47%4C%5A%41%2D%20%47%4C%5A%43%20%47%4C%5A%20%41%2D%20%20%5A%20==%30=%30
1bbab941-693d-4a13-a3a2-9a180bf0ceab,irealb://%4C%61%76%65%6E%64%61%72%27%73%20%42%6C%75%65=%45%6E%67%6C%69%73%68%20%54%72%61%64%69%74%69%6F%6E%61%6C==%43%6F%75%6E%74%72%79%20%46%6F%6C%6B=%43==%31%72%33%34%4C%62%4B%63%75%37%51%79%58%43%7C%7C%43%58%79%51%51%79%58%47%7C%51%79%58%47%7C%51%79%58%43%4C%5A%47%20%46%7C%51%79%58%43%5A%4C%47%20%46%7C%7C%43%58%79%51%51%79%58%43%5B%7C%46%20%47%4C%5A%43%58%79%51%7C%46%20%47%4C%5A%43%58%79%51%7C%46%20%47%4C%5A%43%58%79%51%5A%20=%50%6F%70%2D%43%6F%75%6E%74%72%79=%39%30=%33
1b5757f9-8dfc-4826-a95a-ceaffcd95900,irealb://%42%6C%75%65%73%20%2D%20%4A%61%7A%7A=%45%78%65%72%63%69%73%65==%4D%65%64%69%75%6D%20%55%70%20%53%77%69%6E%67=%46=%30=%31%72%33%34%4C%62%4B%63%75%37%51%79%58%37%46%37%58%79%51%7C%6F%42%7C%51%79%58%37%62%42%5A%4C%37%46%20%2D%37%43%7C%51%79%58%37%46%7C%51%79%58%37%62%42%37%58%79%51%7C%46%34%34%54%5B%7C%41%2D%37%20%44%37%4C%5A%47%2D%37%58%79%51%7C%43%37%58%79%51%7C%46%37%20%44%37%4C%5A%47%2D%37%20%43%37%20%5A%20=%42%6C%75%65%73%2D%54%65%78%61%73%20%52%6F%63%6B=%31%31%30=%32%30
1b3f1763-56bd-4cc2-b6d3-5ceaf183a833,irealb://%43%61%6E%27%74%20%53%61%79%20%4C%6F%76%65=%4C%65%77%69%73%20%47%6C%65%6E%6E==%47%6F%73%70%65%6C%20%42%61%6C%6C%61%64=%44%62==%31%72%33%34%4C%62%4B%63%75%37%4C%20%6C%63%4B%54%33%34%73%44%62%45%5A%4C%20%6C%63%4B%51%79%58%37%2D%62%7C%42%51%79%58%37%2D%46%7C%51%79%58%2C%37%5E%62%2D%37%58%79%51%2C%69%2A%2C%7B%79%58%37%2D%62%79%51%4B%63%6C%63%4B%51%79%58%37%2D%62%42%7C%51%79%58%37%46%2D%7C%51%79%58%37%5E%62%44%41%2A%7B%5D%20%20%6C%20%4C%5A%45%58%37%62%41%5A%79%58%37%2D%62%4C%5A%41%62%37%63%4B%51%79%58%37%2D%62%42%5A%4C%20%6C%63%51%4B%79%58%2D%46%7C%7D%20%20%6C%63%4B%51%79%58%6C%20%4C%5A%45%20%6C%63%4B%51%5A%4C%20%6C%63%4C%5A%41%62%37%2D%62%42%7C%51%79%58%37%2D%46%7C%51%79%58%5E%37%62%44%42%2A%7B%5A%20%20%6C%63%4B%51%79%58%37%58%79%51%4B%20%6C%63%4B%51%62%44%7C%51%79%79%51%4B%63%6C%5A%4C%20%6C%63%4B%51%79%58%37%5E%41%43%2A%7D%5B%20%20%6C%63%4B%51%79%58%37%62%41%5A%4C%20%41%62%2D%37%58%58%37%2D%62%45%79%58%37%2D%62%7C%47%62%2D%37%63%4B%51%79%58%37%5E%41%5A%4C%20%6C%63%4B%79%51%58%37%2D%62%41%5A%4C%20%6C%63%4B%51%79%58%6C%20%4C%5A%41%51%79%58%37%2D%51%7C%3C%42%61%63%6B%20%54%6F%20%42%3E%20%78%20%4C%5A%45%62%2D%37%58%79%51%4B%63%6C%20%4C%5A%41%62%37%58%79%51%4B%63%6C%20%20%7D%20=%4A%61%7A%7A%2D%42%61%6C%6C%61%64%20%4D%65%6C%6F%64%69%63=%31%30%30=%30
1bd6f088-e674-493c-84a4-c236bca9e594,irealb://%48%6F%75%73%65%20%4F%66%20%44%61%76%69%64%20%42%6C%75%65%73%20%2D%20%46%6C%69%6E%6E%65%72=%54%72%61%64%69%74%69%6F%6E%61%6C==%50%6F%70%20%2D%20%43%6F%75%6E%74%72%79=%47==%31%72%33%34%4C%62%4B%63%75%37%7C%51%79%58%37%58%79%51%7C%47%37%41%5A%4C%37%45%20%47%7C%51%79%58%47%7C%79%51%58%47%5A%4C%37%44%20%37%41%5A%4C%37%45%20%58%79%51%7C%44%47%34%34%54%5B%47%58%79%51%7C%47%37%58%79%51%7C%43%58%79%51%7C%43%23%6F%58%79%51%7C%47%58%79%51%7C%47%20%45%37%4C%5A%41%37%20%44%37%4C%5A%47%58%79%51%5A%20==%30=%30
1bcc6ea5-edfa-4ffa-a04d-4a98d706b991,irealb://%53%68%6F%72%74%20%4C%69%66%65%20%4F%66%20%54%72%6F%75%62%6C%65%20%2D%20%46%6C%69%6E%6E%65%72=%54%72%61%64%69%74%69%6F%6E%61%6C==%50%6F%70%20%2D%20%42%6C%75%65%67%72%61%73%73=%47==%31%72%33%34%4C%62%4B%63%75%37%47%5A%4C%47%5A%4C%5A%47%4C%5A%5A%4C%47%5A%4C%47%5A%4C%43%5A%4C%43%5A%4C%5A%47%4C%47%5A%4C%43%5A%4C%43%5A%4C%47%5A%4C%47%47%4C%5A%44%4C%47%34%33%54%5B%20%5A%20==%30=%30
1bf2869e-d07c-4909-86fb-445901f421f1,irealb://%44%61%6E%C3%A7%61%20%64%61%20%53%6F%6C%69%64%C3%A3%6F=%50%61%75%6C%69%6E%68%6F%20%64%61%20%56%69%6F%6C%61==%53%61%6D%62%61=%41%2D==%31%72%33%34%4C%62%4B%63%75%37%45%20%68%42%7C%34%3C%53%6F%6C%7C%51%79%58%2D%44%5A%4C%39%62%37%41%20%36%41%2D%3E%2E%2E%61%76%61%6C%20%C3%A9%20%6F%C3%A3%64%69%41%2D%58%79%51%34%54%69%2A%5B%44%3E%2E%2E%6F%20%41%37%4C%5A%73%65%44%3C%42%2A%53%7B%59%59%5D%20%37%41%2D%20%41%5A%4C%37%45%20%2D%41%7C%51%79%58%2D%44%69%6C%75%73%C3%A3%2D%41%5A%4C%37%68%42%3E%73%74%5A%41%37%62%39%43%20%65%33%20%26%20%65%32%3C%5B%59%7D%51%58%79%2D%41%5A%4C%37%45%20%39%2D%44%7C%51%79%58%6F%75%70%6C%65%4C%37%45%20%2D%53%2E%44%3C%20%41%2D%58%79%51%79%58%37%45%7C%51%79%58%2D%41%5A%4C%37%45%68%20%42%7C%51%79%58%2D%44%7C%51%79%58%37%41%7C%51%7C%41%2D%20%5A%4C%37%45%20%2E%20%61%6C%20%46%69%6E%65%3E%20%5D%20=%4C%61%74%69%6E%2D%42%72%61%7A%69%6C%3A%20%42%6F%73%73%61%20%41%63%6F%75%73%74%69%63=%31%34%30=%33
1b0dfa86-200d-4706-aa9e-6a0b0da8b258,irealb://%44%65%73%74%69%6E%61%74%69%6F%6E%20%4D%6F%6F%6E=%46%69%73%68%65%72%20%4D%61%72%76%69%6E==%4D%65%64%69%75%6D%20%53%77%69%6E%67=%46==%31%72%33%34%4C%62%4B%63%75%37%2D%41%5A%4C%37%34%42%68%20%42%5A%4C%39%62%37%44%20%68%41%5A%4C%37%43%20%2D%37%47%5A%4C%36%62%41%20%37%2D%41%5A%4C%36%62%47%2D%37%20%43%34%54%41%2A%7B%4C%39%62%37%43%39%4C%5A%4E%31%4E%5A%4C%20%51%79%58%51%79%58%7D%20%62%45%46%2F%20%37%5E%46%5A%4C%39%62%37%43%20%37%2D%47%32%47%2D%37%20%62%37%44%20%37%5E%62%42%5A%4C%73%44%2D%37%2C%37%5E%62%42%5A%4C%39%62%37%46%20%2D%43%5A%37%4C%6F%42%20%2C%2D%43%6C%42%2A%5B%5D%2C%37%47%20%46%37%62%39%20%37%5E%46%5A%62%42%20%2C%68%44%2D%37%20%47%5D%20%37%43%20%39%62%44%5A%4C%37%47%20%31%2D%31%44%5A%4C%39%62%37%41%20%37%2D%45%5A%4C%37%5B%2A%41%6C%42%7C%51%79%58%37%37%2D%47%5A%4C%37%20%41%62%36%41%5A%4C%39%62%37%43%20%37%2D%47%5A%4C%39%37%62%44%20%68%41%5A%4C%37%43%20%37%2D%47%5A%4C%2D%37%20%44%37%2D%41%5A%4C%36%20%43%37%4C%5A%46%5E%37%58%79%51%5A%20==%31%31%30=%30
1bddc298-e642-4ccb-a259-42a4aaf45c78,irealb://%44%75%6D%62%20%54%68%69%6E%67%73%20%28%41%2E%42%20%4F%72%69%67%69%6E%61%6C%29=%4B%65%6C%6C%79%20%50%61%75%6C==%46%75%6E%6B%20%52%6F%63%6B=%41%2D==%31%72%33%34%4C%62%4B%63%75%37%78%20%5A%4C%2D%34%3C%56%65%72%3E%29%70%61%52%28%20%33%20%26%20%32%20%73%73%65%72%65%56%20%2C%29%4B%50%28%20%31%20%65%73%41%2D%2C%20%45%34%54%41%2A%7B%46%3E%29%4B%50%20%4C%5A%3C%52%6F%68%43%3C%42%2A%5B%59%7D%2C%44%3E%78%33%2C%3C%47%2C%43%2C%2D%41%3E%41%20%74%61%65%70%65%72%75%73%20%28%78%20%5A%4C%20%42%26%41%20%74%43%58%79%51%7C%3C%44%20%47%5A%4C%43%20%46%5A%4C%2D%45%20%2D%2C%41%5A%4C%2C%47%20%2C%46%7C%51%79%58%2D%45%52%65%70%65%61%7C%51%79%58%2C%3E%64%6E%61%62%2C%20%45%2D%2C%75%64%6F%72%74%6E%69%20%2D%20%65%64%75%6C%65%72%74%6E%49%3C%43%2A%5B%59%7D%20%3E%78%33%3C%63%69%6E%67%20%2D%41%5A%4C%3E%2C%43%2C%2D%41%43%58%79%51%7C%2D%41%5A%4C%44%20%47%5A%4C%43%20%46%5A%4C%45%2D%20%2D%41%5A%4C%47%20%46%7C%51%79%58%2D%45%20%45%2D%4C%5A%7C%51%79%58%46%6D%75%72%74%73%79%51%58%79%51%2C%29%70%61%52%28%20%34%20%65%73%72%65%56%31%2E%3C%34%34%54%41%2A%7B%59%51%79%58%51%79%58%20%32%2E%49%6E%58%5D%44%2C%47%44%3E%78%34%3C%6F%6C%6F%73%3E%2D%41%3E%41%20%74%61%65%70%65%52%3C%5A%4C%78%20%20%5A%4C%20%78%20%5A%4C%2D%45%20%2C%2D%41%2C%43%2C%47%2C%53%20%74%6E%65%4C%2D%45%20%2C%42%3C%43%68%6F%47%20%2C%46%7C%51%79%58%2D%45%7C%51%79%58%7C%43%51%79%58%2C%46%3E%29%4B%50%28%20%73%75%72%2C%4C%5A%41%2D%2A%5B%59%7D%2C%4B%50%28%20%6F%5A%47%20%44%3C%44%2A%5B%59%7D%20%3E%78%32%3C%2C%2D%45%20%2D%2C%41%5A%4C%3E%42%26%41%20%74%61%65%70%65%52%3C%4F%75%74%72%4C%43%20%46%5A%20%6E%77%6F%64%58%79%51%7C%45%53%3C%7C%51%79%58%2C%44%7C%51%79%58%2C%47%51%7C%79%58%78%7C%51%79%58%78%7C%51%79%58%2C%2D%6C%6F%77%73%20%2C%2D%41%3E%29%3E%6D%75%72%74%61%64%65%73%20%69%75%67%20%6E%6F%20%73%65%68%73%69%6E%69%3C%66%7C%51%79%58%78%7C%51%79%58%78%3E%74%75%6F%74%61%72%20%73%66%20%64%6E%61%41%2D%58%79%51%7C%41%2D%20%20%55%20%5A%20==%31%33%30=%30
1bc36eaa-f3ae-4fc0-aacb-9df8242ebf52,irealb://%46%61%6D%65=%42%6F%77%69%65%20%44%61%76%69%64==%46%75%6E%6B=%46==%31%72%33%34%4C%62%4B%63%75%37%78%20%5A%4C%20%34%46%2D%37%58%58%39%23%37%46%41%2A%7B%5A%4C%20%6C%63%4B%79%51%58%37%62%42%7C%51%79%58%37%2D%43%7C%51%79%79%51%4B%63%6C%34%54%69%2A%5B%20%78%20%5A%4C%20%20%7D%7B%2A%79%58%39%23%37%46%5A%4C%20%78%20%5A%4C%20%20%78%5A%4C%20%6C%63%4B%51%79%58%39%23%37%46%76%51%4B%63%6C%20%78%20%5A%4C%20%78%20%5A%4C%20%4C%5A%42%62%37%58%39%23%37%46%7C%51%79%58%39%23%37%46%7C%79%51%58%39%23%37%46%5A%4C%20%6C%63%4B%51%79%58%79%51%4B%63%6C%20%78%20%5A%4C%6C%63%4B%51%79%20%20%7D%5B%2A%41%2A%7B%5A%4C%20%6C%63%4B%51%79%58%37%62%7C%42%51%79%58%37%2D%43%7C%51%79%58%37%2D%46%69%46%37%23%39%58%78%20%5A%4C%20%4C%20%6C%63%4B%20%4C%5A%20%78%37%46%5A%4C%20%78%20%5A%4C%20%78%20%5A%4C%6C%20%63%4B%51%79%58%39%23%37%46%76%2A%7D%20%20%23%39%58%79%51%78%20%5A%4C%20%6C%63%4B%51%79%5A%20%78%20%4C%7B%7C%51%79%58%39%23%37%46%7C%51%79%58%39%37%23%46%5A%4C%20%6C%63%4B%51%79%58%37%62%42%5A%46%37%23%39%58%4C%20%78%20%5A%20%4C%5A%20%78%20%4C%5A%20%78%20%20%7D%20==%30=%30
1b21f2e3-74f8-4c3b-85ab-c2804caccb70,irealb://%46%69%67%2E%20%35%35%20%2D%20%41%70%70%72%6F%61%63%68%69%6E%67%20%49%49%20%68%61%6C%66%20%64%69%6D%20%37%20%74%6F%20%56%20%28%62%39%29%20%74%6F%20%49%20%6D%69%6E%20%28%31%61%29=%52%69%63%68%69%65%56%69%74%61%6C%65%2E%63%6F%6D==%42%6F%6F%6B%20%32%20%2D%20%41%20%4C%79%72%69%63%61%6C%20%41%70%70%72%6F%61%63%68%20%42%6F%6F%6B=%43==%31%72%33%34%4C%62%4B%63%75%37%79%58%2D%43%5A%41%37%62%39%4C%20%37%68%44%7C%51%79%58%2D%62%44%5A%4C%39%37%62%62%41%20%37%68%62%45%7C%51%79%58%2D%44%5A%47%37%62%39%4C%20%37%68%45%7C%58%2D%41%5A%4C%37%20%46%23%37%37%68%42%7C%51%79%58%2D%62%42%5A%4C%39%62%46%37%20%37%68%43%7C%51%79%58%2D%42%5A%4C%39%62%20%45%37%62%39%68%23%43%7C%51%5A%4C%39%62%37%68%37%20%45%62%23%47%7C%51%79%58%2D%47%5A%4C%39%62%37%44%37%20%68%41%7C%51%79%58%2D%62%41%5A%4C%39%62%37%68%37%20%43%23%62%42%7C%51%79%4C%39%62%37%62%51%7C%47%68%37%7C%51%79%58%2D%45%5A%4C%39%62%37%42%20%37%23%68%46%7C%51%79%58%2D%46%5A%4C%39%62%37%43%20%46%68%37%20%42%79%58%2D%23%46%5A%45%62%2D%58%79%51%5A%20==%38%35=%31
1b95e591-4667-4d7b-aee4-84ccd7eedb68,irealb://%46%72%69%65%64%20%42%61%6E%61%6E%61%73=%47%6F%72%64%6F%6E%20%44%65%78%74%65%72==%4D%65%64%69%75%6D%20%53%77%69%6E%67=%45%62==%31%72%33%34%4C%62%4B%63%75%37%79%58%37%5E%62%62%5E%58%79%51%37%5E%62%45%7C%5A%4C%37%44%20%37%68%41%7C%79%51%58%2C%37%2D%46%5A%4C%37%41%20%37%68%47%7C%58%79%51%7C%41%45%34%34%54%7B%20%37%2D%44%31%35%58%79%51%7C%37%5E%62%45%5A%4C%37%62%44%20%39%2D%62%41%51%7C%79%58%37%2D%46%7C%7C%51%79%58%39%62%37%43%58%79%51%7C%4E%23%37%47%7C%51%58%37%2D%46%5A%43%2D%37%58%79%68%47%32%4E%7D%51%79%58%33%31%62%42%7C%51%58%79%37%2D%46%7C%51%79%58%31%31%23%37%46%7C%51%37%20%43%37%4C%7C%5A%4C%37%47%79%51%7C%42%62%37%2C%58%79%51%7C%45%62%5E%37%2C%20%43%37%4C%5A%46%2D%2C%20%42%62%37%20%5A%20=%4A%61%7A%7A%2D%4D%65%64%69%75%6D%20%53%77%69%6E%67=%31%38%30=%32
1b2b5f3a-2770-4463-b480-8838cbba0419,irealb://%52%75%64%6F%6C%70%68%20%54%68%65%20%52%65%64%2D%4E%6F%73%65%64%20%52%65%69%6E%64%65%65%72%20%20%6A%61=%4D%61%72%6B%73%20%4A%6F%68%6E%6E%79==%4D%65%64%69%75%6D%2D%75%70%20%53%77%69%6E%67=%43==%31%72%33%34%4C%62%4B%63%75%37%2D%41%20%37%5E%34%43%5E%37%2F%37%2D%44%20%3E%6D%70%62%20%34%34%31%34%37%3C%2A%47%2F%37%5E%43%5A%4C%47%2F%37%2D%44%20%47%2F%47%4C%5A%43%34%54%41%2A%7B%7D%37%47%2C%2D%37%20%47%37%4C%2D%45%73%5A%4C%37%47%20%37%2D%44%31%4E%5A%37%4C%47%20%37%2D%44%5A%4C%37%47%20%37%2D%44%5A%2C%41%37%2C%44%2D%44%5A%4C%37%20%37%2D%44%5A%51%20%4C%5A%4E%2D%45%7C%51%79%58%37%5E%46%42%2A%5B%5D%20%43%37%20%37%5E%43%5A%4C%37%47%20%37%2D%44%6C%32%37%20%41%37%4C%79%58%51%79%58%37%2D%44%5A%4C%5E%37%20%43%23%41%5A%4C%39%62%37%45%20%44%2F%37%5E%47%5A%44%4C%2F%37%2D%41%20%44%2F%37%5E%47%5A%4C%37%6F%2D%37%20%44%37%43%5A%4C%37%47%37%47%20%37%2D%59%5B%2A%41%43%41%20%37%5E%43%5A%4C%47%2F%37%2D%44%20%47%37%2F%5E%43%5A%4C%47%2F%37%2D%44%20%47%2F%37%5E%2D%37%4C%5A%44%5D%20%37%47%20%58%37%47%7C%51%2D%37%20%47%37%7C%59%5A%20%47%2F%2D%44%20%37%5E%43%5A%4C%47%37%20%37%2D%44%5A%4C%37%47%20%37%2D%44%5A%4C%51%44%2D%58%79%44%5A%4C%51%2C%5A%51%79%58%37%58%79%51%7C%44%79%58%37%5E%42%7C%51%79%58%31%31%23%37%5E%47%62%7C%51%79%58%37%5E%62%44%5A%4C%37%47%20%2D%51%7C%66%43%5E%2D%44%7C%51%79%3C%4A%61%6D%65%79%20%41%65%62%65%72%73%6F%6C%64%20%43%68%72%69%73%74%6D%61%73%3E%20==%30=%30
1b1a3e49-fc03-44cc-ab09-21c73367cad2,irealb://%54%68%65%72%65%27%73%20%41%20%53%6F%6E%67%20%49%6E%20%54%68%65%20%41%69%72%20%20%20%6A%61=%48%6F%6C%61%6E%64%2D%48%61%72%72%69%6E%67%74%6F%6E==%4D%65%64%69%75%6D%20%53%77%69%6E%67=%47==%31%72%33%34%4C%62%4B%63%75%37%4C%37%5E%62%45%34%45%62%5E%37%44%5A%4C%37%5E%47%3E%43%42%41%42%41%20%6D%62%70%36%32%31%34%37%2A%3C%5A%4C%37%5E%46%5A%4C%62%5E%37%4C%5A%33%54%69%2A%5B%79%58%37%44%7C%5A%47%5E%37%4C%47%7C%51%79%58%37%44%7C%51%79%58%2C%37%5E%6C%47%41%2A%7B%59%5D%2C%44%2F%37%2D%41%6E%73%5A%5E%37%58%79%51%4C%37%5E%46%5A%58%37%44%5A%4C%58%79%51%7C%44%79%58%37%5E%47%42%2A%5B%5D%51%79%58%44%2F%2D%37%41%5A%4C%37%41%20%37%2D%45%7C%51%79%58%37%51%4B%63%6C%20%37%5E%47%7C%51%65%74%6E%49%51%20%4C%5A%44%2D%3C%43%2A%5B%59%7D%20%51%20%20%47%7C%51%79%37%58%44%5A%4C%46%20%37%5E%43%5A%4C%37%47%20%37%2A%36%36%58%79%6C%63%4B%51%79%4C%37%5E%62%45%3E%45%62%5E%37%44%5A%4C%37%5E%47%3E%43%42%41%42%41%20%6D%62%70%36%32%31%34%37%2A%3C%5A%4C%37%5E%46%5A%4C%62%5E%37%4C%5A%65%64%75%6C%72%42%41%42%41%20%5A%47%5E%37%4C%31%34%37%2A%3C%5A%4C%37%5E%46%5A%4C%37%5E%45%62%2C%51%2C%7B%59%5D%20%2C%44%2F%37%2D%41%5A%32%36%62%70%6D%4C%37%5E%46%5A%43%3E%47%5E%37%4C%5A%44%62%5E%37%20%7D%7C%45%62%5E%37%4C%5A%46%5E%37%4C%5A%66%47%5E%37%58%79%51%5A%20==%30=%30
1b86a025-b079-42fb-885b-7e08deb7b4f6,irealb://%4E%6F%6D%62%72%65%20%53%6F%62%72%65%20%54%6F%64%6F=%49%42%49%20%4A%65%72%65%7A==%42%61%6C%61%64%61=%43==%31%72%33%34%4C%62%4B%63%75%37%43%6C%7C%2C%73%34%43%58%79%51%20%43%53%41%2A%7B%7D%51%79%58%39%64%64%61%7C%43%51%79%58%43%7C%51%79%58%39%64%64%61%43%7C%20%73%43%73%75%34%54%69%2A%7B%32%54%7C%2C%47%20%20%73%41%2D%46%20%2D%41%5A%4C%42%2F%47%20%45%2F%43%5A%46%4C%20%2D%41%42%2A%5B%7D%51%79%58%46%6C%7C%2C%4C%5A%73%43%2C%47%7C%51%79%58%41%5A%4C%46%20%36%36%58%79%51%43%5A%4C%47%20%2D%41%5A%4C%46%20%29%45%2F%28%43%43%6C%34%34%54%43%2A%7B%5D%70%70%3E%33%79%28%43%2F%45%29%2A%3C%31%4E%34%37%35%2A%3C%76%43%2F%45%29%7D%2E%53%2E%44%33%30%2A%3C%2C%47%20%2D%41%5A%43%4C%20%46%5A%4C%47%20%2D%41%5A%4C%43%20%46%7C%3E%20%5D%5B%2A%28%20%47%20%2D%4C%47%20%2D%41%20%67%74%72%3E%55%7B%5D%20%3E%2E%53%2E%44%3C%47%20%2D%41%4C%5A%43%20%46%5A%4C%47%20%2D%41%5A%4C%43%20%46%46%20%43%4C%5A%6F%6C%6F%53%20%37%2D%45%7C%51%5A%41%2D%20%47%37%2D%41%20%46%5B%5A%20%51%79%58%7C%51%79%72%58%7C%51%79%58%78%7C%51%79%58%46%7C%7D%20%2C%4C%5A%47%58%79%4C%43%20%46%5A%7C%2C%39%45%73%5A%41%58%79%51%6C%7C%2C%39%44%73%20%20%37%2D%42%6C%31%4E%2C%7C%33%31%43%2C%39%23%37%23%46%73%20%41%7B%5D%47%5E%37%20%20%4C%37%2D%42%20%2C%39%2D%45%73%7D%7C%4E%32%73%6C%7C%2C%37%44%20%31%31%23%37%62%41%2C%37%2C%44%37%2D%41%20%2C%39%23%37%62%42%2C%37%2D%42%47%5E%37%20%20%51%79%58%41%6C%7C%6C%41%58%79%51%5A%20=%50%6F%70%2D%53%6C%6F%77%20%52%6F%63%6B=%37%30=%33
1b29a1ea-afda-46c0-b4c9-4b0c9c76cc40,irealb://%47%6C%6F%72%69%6F%73%6F%20%28%67%6C%6F%72%69%6F%75%73%29=%50%75%74%6E%61%6D%20%42%4A==%52%6F%63%6B%20%50%6F%70=%47=%31%31=%31%72%33%34%4C%62%4B%63%75%37%4C%43%5A%4C%37%34%3C%2A%36%39%5A%4C%47%5A%4C%43%5A%4C%37%2D%45%5A%4C%44%4C%5A%47%3E%2E%2E%2E%6F%73%6F%69%72%6F%6C%47%20%44%4C%5A%45%2D%34%54%43%2A%5B%47%5A%4C%78%5A%4C%5A%45%2D%4C%5A%4C%2D%45%5A%4C%78%5A%4C%43%69%2A%5B%5D%43%20%66%5A%4C%43%5A%4C%44%5A%4C%47%5A%4C%43%5A%78%4C%5A%43%4C%44%5A%4C%47%5A%5A%4C%32%43%5A%7B%2A%41%3C%2A%73%75%73%44%5A%4C%32%47%5A%4C%32%43%3E%2E%2E%2E%73%61%72%61%6E%69%65%72%20%75%54%20%39%36%4C%5A%45%2D%4C%5D%20%44%5A%4C%4C%47%5A%4C%43%73%75%73%4C%5A%4C%44%5A%4C%47%5A%4C%43%3E%2E%2E%2E%65%72%74%61%69%72%47%20%39%36%2A%3C%42%2A%5B%7D%20%78%5A%45%2D%4C%5A%44%5A%4C%32%47%39%36%2A%3C%44%20%5D%5B%2A%69%5A%4C%43%66%5A%4C%78%5A%4C%37%2D%45%66%5A%78%4C%5A%4C%37%42%66%5A%4C%78%5A%4C%37%5E%43%66%78%20%5D%7B%2A%78%5A%4C%44%5A%38%31%2A%3C%20%75%7A%20%62%72%78%5A%4C%37%2D%45%5A%4C%78%5A%4C%37%42%5A%78%4C%5A%4C%32%47%3E%2E%2E%2E%61%72%61%6C%6C%69%4C%5A%43%4C%5A%6C%20%75%54%20%6F%20%68%4F%20%58%79%51%58%79%2A%7B%5D%2C%43%7C%2C%43%7C%2C%43%7C%2C%43%4C%5A%78%5A%4C%66%2C%37%2D%45%33%4E%5A%4C%20%51%76%3C%2A%36%39%7D%20%3E%33%58%7C%2C%43%38%37%2E%2E%3E%43%4C%20%29%43%2F%44%28%44%5A%4C%29%43%28%47%5A%78%4C%5A%4C%43%5A%4C%78%5A%4C%2D%45%5A%4C%78%5A%7D%5B%2A%69%54%2E%68%6F%20%68%4C%5A%73%45%2D%7C%4C%5A%6C%43%2C%7C%4C%5A%73%47%2F%42%2C%7C%4C%5A%6C%43%2C%7C%4C%5A%73%45%2D%7C%4C%5A%6C%43%7C%4C%5A%47%2C%7C%44%28%43%29%5A%20==%30=%30
1b1ea3ee-a7dc-4bf8-a192-dd2b202681ba,"irealb://%48%65%72%65%20%57%65%20%47%6F%20%41%67%61%69%6E=%57%68%69%74%65%73%6E%61%6B%65==%48%61%72%64%20%52%6F%63%6B=%47==%31%72%33%34%4C%62%4B%63%75%37%4C%43%7C,%44%34%3C%4F%6E%6B%76+%3C%69%2A%7B%20%3E%20%3C%43%7C,%44%47,%5A%4C%43%7C,%44,%47%73%3E%62%6B%20%79%6F%63%3E%47,%34%54%69%2A%5B%41%5A%4C%2D%45%7C%43%4C%5A%47%5A%4C,%2D%41%5A%4C%44%5A%4C%2D%41%7C,,%42%43,%44,%45%2F%43%7C,%23%46%2F%44,%4E%31%44%4C%5A,%44,%47%5A%47%3E%78%78%3C%47,%45%2D,%51%79%58%5D,%44,%43%3E%78%78%78%78%78%3C%78%20%44%32%4E%7D,%44,%44%20,%2D%41%7C%20%59%7B%2A%76%7C,%43,%2D%4C%44%5A%4C%2D%3E%43,%4C%5A%43%20,%44%7C,%43,%47%3E%20%3C%7D,%3E%44%78%3C,%43%3E%78%3C%20,%44%3E%78%78%3C,%42,%7C%41%78%78%3C%20,,%43,%45%2F%44,%20%43,%2F%44,%47%7D%20%78%5A%4C%47%3E%73%68%74%3C%38%41%2A%7B%59%20%20%51%79%58%51%79%58%5D%44%46%23,%7C%43%5A%4C%2D%41%5A%5A%4C,%43%3E,%7C%44,%7C%47%3E%78%78%3C%76%2A%7B%59%5D,%44,%43%78%3E%78%78%20%78%78%78%3C%20,%44%7C,%2D%41,%20%3C%78%78%2D%41%7C,%42%58%5D%44,%43,%20%3C%78%3E%2D%41%5A%4C%44%5A%4C%2D%41%7C,%43,%44,%7C%43,%47%3E%20%3C%7D,%44%3E%78%3C,%43%4C%5A%44,%20%44%3E%78%78%3C%2A%7B%59%5D,%58%79%51%20%59%2D%41%7C%51%79%58%2D%45%7D%20%3E%78%33%39%2A%30%3C%20%20%2D%41%7C%51%79%58%2D%45%42%2A%7B,%20%43,%44%51%79%58%51%79%78%78%3C%20,%73%6F%6C%6F%3E%7C,%44%7C,%2D%41%7C,%42,%43,%45%43%2F%7C,%23%46%2F%44,%47%7D%20%78%5A%4C%47%41%2D,%7C%44%20%74%47%3C%41,%44%3E%78%3C%3E%43,%44,%20,%44%3E%78%78%3C%5A%4C,%43%3E%78%78%20%3C,%47%3E%78%78%3C,%51,%76%2A%7B%59%5D%3C%78%3E%43,%78%78%78%20%78%6F%20%65%64%61,%43,%7C%44%6F%43%20%74%61%65%70%65%52%3C%5D,%43,%5A%44%4C%2D%41%5A%4C%44%5A%4C%2D%41%7C,%43,%64%61,%20%66%47%3E%20%3C%7D%75%74%3E%20=%50%6F%70%2D%52%6F%63%6B=%31%31%35=%31"
1b526bf0-9bd6-40cf-9b47-e3b797325856,irealb://%57%68%61%74%20%49%74%20%49%73=%57%69%6E%65%68%6F%75%73%65%20%41%6D%79==%50%6F%70=%43==%31%72%33%34%4C%62%4B%63%75%37%41%2A%7B%20%20%49%6E%74%72%6F%58%7D%20%33%31%62%37%62%42%20%73%75%73%37%42%62%5A%4C%31%31%23%37%42%20%35%62%37%2D%43%3E%79%51%58%79%51%30%37%2A%3C%7B%20%37%2D%62%45%58%79%51%7C%42%20%37%2D%23%43%42%2A%5B%7D%51%79%58%37%62%7C%42%51%79%58%35%62%37%2D%43%7C%51%79%58%37%62%46%23%39%4C%5A%35%62%37%2D%43%51%79%58%37%5E%43%2D%37%2C%7C%37%2D%41%7C%51%79%58%37%2D%23%46%43%2A%5B%51%5D%79%58%37%23%46%7C%51%79%58%37%2D%23%43%6C%58%79%51%7C%45%2C%37%62%41%73%41%7C%51%79%58%58%79%51%7C%46%2A%7B%5D%51%79%58%37%23%43%7C%51%79%58%37%45%5E%7C%51%79%58%37%2D%41%7C%51%79%58%37%2D%23%44%45%62%5E%37%37%2D%23%43%7C%62%2D%37%58%79%51%7D%20=%50%6F%70%2D%52%6F%63%6B=%31%31%35=%31
1b113d6f-5019-44ad-ab33-3003244604d7,"irealb://%4C%75%63%6B%79%20%54%6F%20%42%65%20%4D%65=%42%65%72%73%74%65%69%6E==%4D%65%64%69%75%6D%20%53%77%69%6E%67=%46==%31%72%33%34%4C%62%4B%63%75%37%2F%47%20%41%2F%34%46%5E%37%58%39%62%42%7C%51%79%58%37%5E%46%7C,%44%66%44,%2F%47%20%44%7C%51%79%58%39%62%42%7C%51%79%58%79%51%7C%44%34%54%69%2A%5B%61%37%47%20%39%73%75%73%37%2A%58%37%5E%62%41%5A%4C%74%6C%61%37%41%20%37%62%5E%45%5A%4C%2D%44%20%37%2D%43%5A%4C%37%44%20%79%51%7C%44%62%2A%44%5A%4C%41%37%46,%37%2D%31%33%73%75%73%46%5A%4C%39%43%20%37%2D%47%5A%4C%39%62%37%20%44%37%5E%46%41%2A%7B%5D%20%39%62%33%31%43%20%5E%37%20%73%43%43%5A%4C%74%6C%73%39%43%20%36%5E%37,%20%73%73%39%43%20%37%2D%47%7C%51%79%58%39%47%7C%79%51%58,%37%2D%44%6C%7C,%37%41,%37%2D%45%75%73%4C%5A%46%62%42%6C%7C,,%37%2D%45%73%2A%41%46%5E%37%42%6C%7C,%37%46,%37%2D%43%73%20%37%5E%5A%46%4C%39%43%20%37%2D%47%5A%4C%39%62%37%44%20%62%5E%37,%20%5B%5D%20%73%75%2D%44%5A%4C%33%44%2D%37,%58%43%42%2A%5B%5D%51%79%58%36%46%5A%4C%73%75%39%73%43%20%37%2D%47%7C%51%79%58%39%47%7C%51%79%5E%37%20%41%31%6C%7C,%37%41%37%2D%62%42%5A%41%62%31%33%20%46%20,%37%5E%62%41%6C%7C,%39%62%45,%2D%39%62%42%73%20%37%5E%43%5A%4C%39%62%33%31%47%31%33%62%39%4C%7C%51%79%58%37%46,%37%2D%43%62%37%58%79%51%5A%4C%39%43%20%37%2D%47%5A%4C%39%62%37%44%37%20%5E%46%41%2A%5B%5D%20%39%43%20%39%62%44%7C%46%5E%37%20%73%45%7C%51%79%58%51%79%58%36%46%62%5E%37,%20%39%43%20%37%2D%47%7C%51%79%58%39%47%7C%51%58%79,%37%2D%44%6C%7C,%37%41,%37%2D%45%73%73%75%73%4C%5A%42%6C%7C,%37%5A%20==%30=%30"
1b309f27-7759-476a-85e2-2bf28cb60f5f,irealb://%4D%69%64%6E%69%67%68%74%20%53%70%65%63%69%61%6C%20%28%34%2D%62%61%72%20%49%6E%74%72%6F%20%61%6E%64%20%63%6F%64%61%29%20%20%5B%23%5D%2C%20%54%68%65=%62%65%32%73%68%61%72%70%20%41%52%52%3A==%5A%7A%20%53%65%74%20%54%68%65%20%53%74%79%6C%65%20%59%6F%75%20%57%61%6E%74=%47==%31%72%33%34%4C%62%4B%63%75%37%65%68%74%20%79%79%51%20%20%41%75%20%2C%67%6E%6F%73%20%72%75%6F%79%20%72%66%6F%20%79%65%6B%20%65%68%74%20%74%73%75%6A%64%73%75%61%6C%6C%58%33%36%2A%3C%61%70%20%67%6E%20%6E%6F%74%65%6F%79%20%6E%6F%20%64%72%6F%68%63%20%74%73%6C%61%20%65%68%74%20%64%6E%61%34%33%2A%3C%20%3E%75%72%20%73%6F%74%73%61%6C%20%20%65%68%74%20%79%51%58%79%51%73%69%20%6F%72%74%6E%69%20%65%68%54%20%20%79%51%58%32%37%2A%3C%51%79%58%51%79%58%51%79%58%20%6C%69%6B%65%58%3E%2E%65%67%79%64%6F%6C%65%34%20%6D%65%61%74%20%79%61%6C%50%38%33%2A%3C%20%3E%2E%67%6F%6E%73%20%65%68%74%20%66%6F%20%73%65%72%75%73%68%61%74%20%6D%20%74%73%61%6C%2A%5B%51%79%58%74%68%65%20%63%58%51%79%58%51%79%58%3E%2E%6E%65%74%73%69%20%6C%74%73%75%6A%20%72%6F%20%2C%73%64%72%6F%68%79%51%58%79%51%20%72%6F%20%2C%4C%20%37%47%6E%47%20%4C%5A%20%73%72%65%56%20%20%38%36%2A%3C%41%2A%5B%5D%20%20%47%20%5A%4C%37%44%20%2D%43%5A%4C%20%37%44%65%73%3A%3E%73%20%34%34%54%69%68%43%20%20%38%20%4C%5A%20%78%5B%5D%20%20%47%20%5A%4C%20%78%20%5A%4C%20%44%37%20%5A%4C%20%47%20%5A%4C%20%47%20%5A%4C%20%2A%42%3C%2A%36%37%43%6C%20%5A%5D%20%20%47%20%3E%47%20%47%37%2D%43%5A%4C%20%37%44%20%5A%4C%20%47%20%5A%20%4C%47%20%5A%4C%20%78%20%5A%4C%20%43%20%5A%4C%20%44%37%4C%5A%3A%73%75%72%6F%69%77%74%20%73%79%51%20%20%54%65%6D%20%32%20%74%73%61%6C%20%65%68%74%20%74%73%61%65%70%65%72%20%61%64%6F%43%20%73%69%68%61%73%75%72%65%58%30%35%2A%3C%65%6D%20%32%20%3C%2A%31%32%28%65%68%74%20%66%6F%20%2C%73%65%6D%69%74%20%20%33%66%6F%20%6C%61%74%6F%74%20%61%20%72%6F%66%20%6C%61%73%74%20%3E%2C%65%63%20%47%66%55%20%73%2E%29%3E%58%2D%43%5A%4C%20%47%20%5A%4C%37%44%20%2D%43%5B%51%51%79%58%51%79%58%51%79%58%51%79%58%51%79%20%44%37%4C%5A%65%72%75%73%61%61%65%6D%20%74%39%58%79%51%20%68%74%20%6E%69%20%64%72%6F%68%63%20%65%68%20%74%72%65%76%6F%20%6B%72%61%6D%20%65%68%54%20%65%20%6C%61%73%35%2A%3C%5A%20%49%20%2E%29%E2%80%9D%69%73%20%3E%20%E2%80%99%64%72%69%62%22%20%3A%67%6E%61%6C%73%28%E2%80%9D%20%41%54%41%4D%52%45%46%E2%80%9C%20%61%30%33%2A%3C%73%20%65%79%65%20%65%72%75%73%20%61%20%79%61%6C%73%20%79%6F%79%20%66%49%20%20%51%79%58%36%35%2A%3C%51%58%79%51%79%58%51%79%58%51%79%58%51%79%58%3E%75%6F%75%20%70%6C%6C%65%74%20%74%20%65%73%6F%70%20%45%62%20%69%30%33%2A%3C%20%3E%20%6E%61%63%20%75%6F%79%6E%20%65%68%74%20%2C%74%6E%65%6D%75%72%74%73%6E%74%72%61%6E%73%72%6F%20%62%42%51%79%58%51%79%68%6F%72%64%73%58%51%79%58%61%20%6E%6F%20%22%73%65%63%6E%72%65%65%66%65%72%50%22%20%67%6E%69%73%75%20%2C%79%51%20%3E%58%63%20%65%68%74%22%72%61%65%67%51%58%79%51%3C%20%64%6E%61%20%2C%72%65%74%75%70%6D%6F%63%70%20%6F%74%6B%73%65%64%20%20%51%79%58%34%37%2A%74%68%65%20%22%79%58%51%79%58%63%20%74%6F%6E%61%20%70%61%64%20%79%65%6B%2F%68%63%74%69%70%20%74%72%65%6E%63%6F%63%36%34%2A%3C%20%3E%20%65%68%54%20%2E%64%6F%65%73%20%20%6E%6F%20%2C%68%61%6E%67%65%2E%3E%20%3C%62%23%3E%20=%50%6F%70%2D%53%68%75%66%66%6C%65=%31%33%30=%33
1b140787-c19e-4abf-8cac-d83529965698,irealb://%4D%69%6E%6F%72%20%37%74%68%20%28%4D%69%6E%6F%72%2F%4D%61%6A%6F%72%20%37%29=%43%6F%6D%70%6F%73%65%72%20%55%6E%6B%6E%6F%77%6E==%4D%65%64%69%75%6D%20%53%77%69%6E%67=%43=%33=%31%72%33%34%4C%62%4B%63%75%37%7B%43%2D%5E%37%58%79%51%4B%63%6C%20%4C%5A%20%78%20%4C%5A%20%78%20%4C%5A%42%62%2D%5E%37%58%79%51%4B%63%6C%20%4C%5A%20%78%20%4C%5A%20%78%20%20%7D%20==%31%31%30=%31%35
1b8bfddf-c3ed-4329-8f7c-378bf57f10c9,"irealb://%50%61%76%61%6E%65%20%46%6F%72%20%41%20%44%65%61%64%20%50%72%69%6E%63%65%73%73=%53%74%65%76%65%20%4B%75%68%6E%20(%61%66%74%65%72%20%52%61%76%65%6C)==%42%6F%73%73%61%20%4E%6F%76%61=%47==%31%72%33%34%4C%62%4B%63%75%37%4E%7C%51%79%58%58%79%51%7C%41%7C%51%79%58%36%47%5A%4C%39%44%20%73%75%73%44%37%7C%51%79%58%37%2D%41%7C%51%79%58%37%5E%2D%43%37%23%31%31%2D%41%41%2A%5B%2A%5B%5D%20%37%58%79%51%7C%45%37%2D%45%7C%51%79%58%36%47%32%4E%5A%4C%20%79%51%58%51%79%58%7D%51%79%58%31%31%23%39%62%37,%20%45%62%2D%31%31%2D%42%31%46%7C%51%79%58%51%7C%44%2D%5E%79%58%36%43%7C%51%79%58%37%5E%43%7C%51%79%33%58%31%47%7C%51%79%58%39%2D%44%7C%51%79%58%37%51%7C%43%2D%37%79%58%2D%44%42%79%58%31%31%2D%51%5D%5B%2A%41%23%37%43%20%73%75%73%37%44%7C%51%79%58%37%41%2D%7C%51%79%58%37%5E%2D%41%7C%51%79%58%2D%41%31%31%4C%5A%42%79%58%39%23%37%79%58%51%79%58%6C%74%58%79%51%37%45%20%37%2D%42%5A%4C%31%31%23%37%43%20%5A%47%4C%51%20%20%37%44%7C%51%79%58%37%68%41%7C%61%6C%74%20%5D%61%37%45%7C%51%51%20%20%59%5B%51%3C%31%31%30%20%62%70%6D%3E%42%68%37%58%79%51%7C%45%37%61%6C%74%58%79%51%7C%41%68%37%20%4C%5A%44%37%20%4C%5A%47%20%5D%20=%4C%61%74%69%6E%2D%42%72%61%7A%69%6C%3A%20%42%6F%73%73%61%20%41%63%6F%75%73%74%69%63=%31%31%30=%34"
1b825f3e-7531-468d-a375-e1afd3642eec,irealb://%53%6F%6D%6F%73%20%4C%69%62%72%65%73=%45%6E%20%45%73%70%69%72%69%74%75%20%59%20%45%6E%20%56%65%72%64%61%64==%52%6F%63%6B%20=%42%62=%30=%31%72%33%34%4C%62%4B%63%75%37%79%58%62%45%7C%2A%36%36%49%6E%7C%51%79%58%44%2F%46%7C%51%79%58%62%42%3E%68%68%68%6F%6F%6F%20%68%6F%20%68%6F%2F%6F%72%74%47%2D%58%79%51%3C%34%34%54%5B%58%2D%47%7C%51%36%39%45%73%74%51%79%58%41%2F%46%7C%51%79%58%41%2F%46%7C%79%51%58%62%42%7C%51%79%58%62%42%3E%61%66%6F%72%7C%47%2D%58%79%2A%3C%7B%7D%51%79%58%62%45%7C%58%79%51%7C%45%7C%51%79%58%44%2F%46%7C%51%79%58%62%42%3E%72%6F%6F%43%39%36%2A%3C%7B%7D%51%79%58%43%2F%62%47%2D%58%79%51%62%45%7C%51%79%73%61%74%69%73%58%79%51%7C%3C%36%2A%3C%7B%5D%51%79%58%62%42%3E%6F%72%74%49%6E%20%6C%41%20%20%51%79%58%51%79%58%39%36%2A%39%52%65%73%75%62%42%7C%7D%51%79%58%62%42%7C%6E%20%70%6F%64%7C%51%79%58%62%45%7C%51%79%58%62%45%7C%51%58%79%62%45%7C%51%79%58%62%45%3E%2E%2E%2E%72%65%42%62%58%79%51%6F%63%20%65%74%3E%6F%72%6F%63%79%51%7C%42%62%58%36%36%2A%3C%62%45%7C%51%79%58%62%45%7C%79%51%58%2D%43%7C%51%79%58%2D%43%7C%7D%51%79%58%79%51%41%6C%20%58%62%42%7C%51%58%79%51%5D%20=%50%6F%70%2D%52%6F%63%6B=%31%37%30=%31
1bb10ca0-671e-419f-9df2-62947a382fda,irealb://%53%65%61%72%63%68%2C%20%54%68%65=%57%6F%6F%6C%64%72%69%64%67%65%20%52%6F%62%65%72%74==%42%61%6C%6C%61%64=%45==%31%72%33%34%4C%62%4B%63%75%37%4C%2C%41%2F%37%5E%37%58%79%51%51%79%58%37%2D%23%46%7C%51%79%58%37%42%7C%79%51%58%37%2D%23%46%7C%51%79%58%37%2D%23%43%7C%7C%42%37%20%42%45%34%34%54%5B%79%58%37%2D%23%58%79%51%7C%43%63%4B%51%79%58%37%2D%23%46%7C%51%79%58%37%43%23%7C%51%79%58%37%2D%23%47%7C%51%79%58%37%23%6C%20%4C%5A%46%37%2D%23%47%5A%7C%51%79%58%37%4C%5A%42%37%58%37%2D%23%46%7C%51%79%58%37%2D%23%43%7C%51%58%79%37%5E%45%42%2A%7C%5D%20%20%6C%63%4B%51%79%58%79%51%7C%42%20%6C%63%4B%51%5A%4C%20%78%20%79%51%7C%42%37%4B%51%79%58%37%2D%23%46%7C%51%79%58%37%23%7C%43%51%79%58%37%2D%23%47%5A%4C%41%2F%37%42%20%63%6C%20%4C%5A%58%37%2D%23%46%42%20%37%2D%23%79%51%7C%43%23%23%43%20%37%5E%45%7C%51%79%58%37%42%5A%4C%6C%20%63%4B%51%79%58%37%2D%23%46%7C%51%79%58%37%2D%37%4C%5A%46%58%37%2D%23%47%37%20%5A%20==%30=%30
1b40c63a-a201-4e69-861d-0239eb4e149d,irealb://%53%6C%61%75%67%68%74%65%72%20%6F%6E%20%31%30%74%68%20%41%76%65%6E%75%65=%56%65%6E%74%75%72%65%73==%46%6F%6C%6B%20%52%6F%63%6B=%44==%31%72%33%34%4C%62%4B%63%75%37%20%41%7C%2C%44%58%79%51%7C%78%5A%4C%78%5A%4C%23%46%5A%4C%78%5A%4C%44%41%7B%2A%7C%51%79%58%78%7C%51%79%58%78%7C%51%79%58%47%4C%5A%41%2C%44%34%34%54%5B%5A%4C%62%42%5A%31%41%2C%6E%20%41%33%4E%7C%7D%20%41%20%2C%62%42%5A%4C%44%4C%5A%62%42%5A%4C%2D%42%5A%4C%41%32%4E%7C%7D%20%4C%5A%42%2D%4C%4E%5A%4C%2D%42%4C%47%5A%4C%62%6E%20%4C%5A%44%5A%4C%2D%43%5A%4C%62%45%5A%4C%2D%43%5A%4C%45%62%42%2A%5B%20%78%5A%4C%62%45%5A%4C%78%5A%4C%45%62%4C%5A%41%2C%44%5A%4C%44%2C%43%7C%51%79%43%43%4C%5A%78%41%5A%4C%2D%41%5A%4C%47%7C%2C%2D%41%2C%47%2C%7C%43%2C%47%5A%4C%46%5A%4C%78%5A%4C%45%5A%4C%62%4C%5A%43%58%2A%5A%4C%78%5A%2D%62%42%7C%51%2A%44%44%62%4C%4C%2D%62%42%20%62%41%5A%4C%62%44%20%62%41%51%7C%79%58%62%47%5A%4C%78%5A%4C%46%5A%4C%78%5A%5A%41%62%58%79%5A%4C%20%62%41%58%79%51%7C%41%58%79%51%7C%44%62%58%79%51%7C%41%58%79%51%7C%44%62%58%79%51%7C%41%58%79%51%7C%44%62%58%79%51%5A%20==%31%35%35=%30
1b8d9363-b4d0-4e2f-91bb-76cdc95d2499,irealb://%53%74%75%63%6B%20%49%6E%20%54%68%65%20%36%30%73=%47%61%6C%6C%61%67%68%65%72%20%4C%65%6F==%42%6C%75%65%73%20%2D%20%54%65%78%61%73%20%52%6F%63%6B%20%28%31%30%30%29=%41%2D==%31%72%33%34%4C%62%4B%63%75%37%7B%54%34%34%41%2D%58%79%51%4B%63%6C%20%4C%5A%58%79%51%72%7C%58%79%51%4C%5A%20%78%20%4C%5A%20%78%20%4C%5A%41%2D%20%45%37%4C%5A%41%2D%58%79%51%7D%20=%42%6C%75%65%73%2D%54%65%78%61%73%20%52%6F%63%6B=%31%30%30=%33
1bf81944-2d1a-4a7b-acfd-7b2561c217ed,irealb://%54%69%6C%6C%20%49%20%4B%69%73%73%65%64%20%59%61=%44%6F%6E%20%45%76%65%72%6C%79%20%31%39%35%39==%50%6F%70=%45%62=%32=%31%72%33%34%4C%62%4B%63%75%37%4C%20%7C%72%20%34%45%62%4C%5A%20%5A%4C%2D%43%5A%4C%62%45%41%2A%7B%20%20%79%51%58%51%79%58%5A%4C%20%7C%72%20%5A%4C%2D%43%72%7C%20%4C%5A%34%54%69%2A%7C%7D%51%79%58%2D%4C%5A%45%62%4C%62%45%31%4E%5A%4C%20%7C%72%20%5A%4C%2D%43%4C%5A%62%45%5A%4C%78%5A%4C%37%62%42%5A%4C%78%5A%58%79%51%7C%43%20%7C%72%20%5A%4C%62%45%6C%5A%58%79%51%7C%43%6E%2C%2D%43%5A%4C%62%45%5A%4C%62%45%5A%4C%5A%78%4C%20%6E%2C%2D%43%42%2A%7B%7C%51%79%58%2D%20%4C%5A%78%4C%62%45%32%4E%7C%4C%20%51%79%58%62%4C%5A%78%4C%51%20%7C%72%20%5A%4C%2D%43%5A%4C%62%45%5A%2D%4C%43%5A%4C%62%45%5A%4C%78%5A%4C%37%62%42%5A%20%7D%58%79%51%45%5A%4C%78%5A%5A%51%45%62%4C%5A%43%2D%4C%5A%20%72%7C%20%4C%5A%20%72%7C%20%20%5A%20=%50%6F%70%2D%52%6F%63%6B=%31%33%33=%31
1b97d42f-cab9-4636-ad24-ad62036c9a91,irealb://%54%6F%64%6F%20%53%65%20%4C%6F%20%44%65%62%6F%20%41%20%45%6C=%59%61%72%6F%69%64%65%20%4D%61%72%63%6F%73==%42%61%6C%6C%61%64%20%45%76%65%6E=%45==%31%72%33%34%4C%62%4B%63%75%37%79%58%45%42%2A%34%45%2C%2A%41%5A%4C%23%47%2F%45%20%2D%23%46%7C%7D%51%79%42%58%5A%4C%45%20%41%7C%51%79%58%42%7C%51%79%58%41%58%79%51%7B%34%54%69%2A%7B%2D%23%46%51%7B%58%79%51%7C%7C%5A%4C%42%20%2D%23%46%5A%4C%51%2C%2D%41%20%7C%41%51%79%58%45%7C%51%79%58%42%7C%51%79%58%41%45%58%79%51%7D%2D%23%46%7C%51%20%42%4C%5A%43%23%2D%20%46%23%20%7D%7C%46%23%2D%20%42%20%7D%41%20%41%2D%4C%5A%45%58%79%51%5A%20=%4A%61%7A%7A%2D%4D%65%64%69%75%6D%20%53%77%69%6E%67=%35%35=%33
1b404e54-23d6-4452-a85c-5da34909e88a,"irealb://%54%72%61%63%6B%20%23%31%32%20%2D%20%69%27%6D%20%4A%75%73%74%20%46%6F%6F%6C%69%6E%67%20%4D%79%73%65%6C%66=%45%64%20%46%75%71%75%61,%20%22%57%61%6C%6B%69%6E%67%20%42%61%73%73%69%63%73%22%20(%32%30%30%37)%20%70%70%2E%33%39%2D%34%30==%53%77%69%6E%67=%42%62==%31%72%33%34%4C%62%4B%63%75%37%38%20%2E%70%70%79%51%20%41%70%20%2E%65%73%69%63%72%65%78%45%20%65%6E%69%20%4C%64%72%6F%68%43%20%73%27%64%45%20%79%6C%70(%53%65%65%20%58%32%34%2A%3C%51%79%58%37%5E%58%79%51%58%79%58%35%23%37%46%7C%51%79%58%37%5E%62%42%34%54%34%41%2A%7B%20%51%79%58%51%79%58%51%79%58%51%79%51%7C%42%62%3E)%2E%39%2D%46%7C%51%79%58%47%37%4C%5A%43%2A%5B%59%5D%51%79%58%37%46%7C%51%79%58%37%5A%43%4C%37%47%20%37%2D%44%5A%4C%37%46%20%37%2D%41%42%62%5E%37%20%37%62%41%7C%42%5A%4C%37%46%51%7C%42%62%5E%4C%39%62%37%47%20%37%2D%44%5A%4C%37%46%20%2D%37%43%5A%4C%37%47%20%37%62%41%7C%51%79%58%37%5A%43%2D%37%20%79%58%35%23%37%47%7C%51%79%58%5D%59%5B%2A%42%79%58%37%5E%62%45%5A%4C%37%2D%46%20%37%5E%45%62%7C%51%79%58%37%62%42%7C%51%79%58%37%2D%46%51%7C%44%2D%37%51%79%58%36%62%37%62%41%7C%51%51%7C%43%37%58%42%7C%51%79%58%35%23%37%46%7C%51%79%58%37%62%5E%42%41%2A%5B%59%5D%51%79%58%37%46%7C%51%79%62%5E%37%58%79%79%58%39%62%37%20%51%79%58%51%43%2D%37%20%46%46%20%36%62%42%5A%4C%37%46%20%37%2D%43%31%5B%4E%20%51,%39%62%37%47%20%37%2D%44%5A%4C%37%37%20%7D%58%79%5A%4C%37%47%20%52%69%20%65%73%2D%37%20%46%37%79%58%3C%5D%20%37%46%20%36%62%42%3E%61%64%43%6F%20%6C%61%20%2E%43%2E%44%33%36%2A%3C%5A%4C%51%20%20(%55%43%32%4E%5B%20%43%51%5B%20%20%72%6F%27%73%20%58%3E)%2E%73%79%65%6B%20%72%65%68%74%6F%72%20%6F%66%20%22%65%73%6F%70%73%6E%61%72%54%22%79%51%58%79%51%50%20%6C%61%65%2D%37%20%46%37%62%39%4C%5A%66%55%42%62%36%58%79%51%5A%20=%4A%61%7A%7A%2D%4C%6F%6E%67%20%4E%6F%74%65%73=%31%30%30=%31"
1b283c60-e8fe-401b-966c-527b8f154de3,irealb://%54%75%74%61%6D%69%79%6F%72%75%6D%20%7A%61%6D%61%6E%69=%44%6F%67%75%6C%75%20%4B%65%6E%61%6E==%4D%65%64%69%75%6D%20%53%77%69%6E%67=%44%2D==%31%72%33%34%4C%62%4B%63%75%37%51%79%58%78%7C%34%44%2D%58%79%51%79%58%78%7C%51%79%58%2D%44%41%2A{}%79%51%58%78%7C%51%79%58%78%7C%51%79%58%78%7C%51%7C%78%58%79%51%34%54%69%2A{%79%58%68%45%7C%51%7C%78%58%79%51%79%58%62%42%7C%51%79%58%78%7C%51%79%58%47%2D%7C%7C%51%79%58%78%7C%51%79%58%2D%47%7C%51%7C%78%58%79%51%79%58%2D%44%7C%58%41%7C%51%79%51%7C%41%58%79%79%58%78%7C%51%79%58%2D%47%7C%51%79%58%78%51%7C%79%58%2D%44%42%2A{}%51%79%58%78%7C%51%51%7C%45%68%58%79%58%78%7C%51%79%51%7C%44%2D%58%79%51%7C%78%58%79%51}%20==%30=%30
1bdbedc2-7f90-47b4-a830-5719c24dce7f,irealb://Ancora%202=Composer%20Unknown==Pop%20Ballad=F=9=1r34LbKcu7D%20%2A7m7LZG%2AB%2FC%20bBZL7C%20%2A7mG%2AZL7D%20FZL7C%20%2A7mbLZA%2AD%20%2CF%5B%20%2A7m%2Am7%2A%20E%20%2A7m%2AGZL%2A7m%2AD%20%5BF%5D%207C%207GZLbD%2F7bC7LZA%2AGZL7m%2AD%20Fb%20A7L%2A7m%2AGZL%2Am%2AD%20F%7C7%2CC%2C%2A7m%2AG%20%2A7m%2ADZ%20C7LZBZL7F7%2ALZBb%20C%2FBbLZA%2Am7%2A%20D7LZG%2Am7%2A%20C7LZFXyQ%5D%20=Pop%2DSlow%20Rock=70=1
1b221830-b910-4344-ae19-95eaa7056be4,irealb://%E3%81%82%E3%81%BE%E3%81%8F%E5%8D%B1%E9%99%BA%E3%81%AA%E9%A6%99%E3%82%8A%3D%E5%B1%B1%E4%B8%8B%E9%81%94%E9%83%8E%3D%3DMedium%20Swing%3DAb%3D%3D1r34LbKcu7QyX7%5E4F%5E7XX7%5EF%7CQyX7%5EbD%7CQXy7%5EF%7CQyX7%5EbD%7CQyyQ%7CDb4Ti*%5B-CZL9Bb%20Bbb7-G%7CQyX7%5EbAA*%5D%5B%207bE%20bE/7-bBZL5%20C7b/7-F%7C%5EbA%7BQ-7LZFQyXQyXZL7bE%20bE7/-bBZL7bB%20bB/7-XyQXyF%20F/7AZL7bG-7b57-bBZL7bB%20bB/7F-%7CQyX7-FZL9b7C%20/Eb%20E%7CQyX79b7C%20Q%7CXyQ%7CQyX7%5EbDZLbA/7b-E%207-bEB*%5B%20%20QyXG-7b5yX7%5Eb7-bB%7CXyQ%7CDCC*%5B%20QyX%5DQyX7%5EDb%7CQyX7%5EF%7CQyX7%5Eb-7XyQ7%5EFZL%5EbAA*-7XyQyXQyXQyX%5D%207bE%20Bb/7-bB%7CQyX7-bB%7CQXyQ%5BC%7CQyXQyXbEG-7b5ZL7bB%20bB/7-FZL-7F%20F/7-CZL9b7C%20Bb-7/%7CQyX7%7CN1Eb7XyQ%7D%20%5BN2G-7/C%20%7BF%5E7LZDb%5E7%20%20%7D%20%3DJazz-Medium%20Swing%3D100%3D3
1bc98996-7542-488b-b475-f39638d15f67,irealb://%E3%82%B9%E3%83%88%E3%83%AA%E3%83%BC%E3%83%88%E3%83%95%E3%82%A1%E3%82%A4%E3%82%BF%E3%83%BC%E2%85%A1%20%E3%83%90%E3%82%A4%E3%82%BD%E3%83%B3%E3%81%AE%E3%83%86%E3%83%BC%E3%83%9E%3DComposer%20Unknown%3D%3DDisco%3DD-%3D%3D1r34LbKcu7QyX-DT44A-%7CQyX-D%2CA*%2C%7BZL%20yQXQyX%7CQyX-A%7CQyXCXyQ%7C%2Ci*%2C%7C%7CQyXF%7CD-Xy%7CQyXbB%7CQyX-D%7CQXyF%7CQyXC%7CQyXbB%7CQCXyQ%7CQyXC%7CX-D%7CQ%7CG-XyQyX-A%7CQyX-G%7CQybXB%7CQyXF%7CQyX-A%7CQ%7CA7XyQyXbBQyX7-%5E7XyQ-G%7CQyX7%5EbB%7CQyXD-%7CQyX7-A%7CQyX-G%7CXyQ%7CAbB%7CQy%7CD-XyQ%7CD-XyQ%7D%20%3DPop-Disco%3D145%3D1
1bdbd1fe-4078-42e0-87c5-d5c4029ccffa,irealb://Dream%20A%20Little%20Dream%20Of%20Me%20%28Dixieland%20Tunes%29%3DFabian%20Andre%2C%20Wilbur%20Schwand%2C%20Gus%20Kahn%201931%3D%3DMedium%20Swing%3DBb%3D%3D1r34LbKcu7B1N%7CQT44Bb%7CQyX-C%7CQyX7G%7CQXybBZL7F%207bG%7CQyXEb-Xy%2CA*%2C%7BZL-bEZF7Xy*%2CZL7bD%20bBZL7Fb%20B2NZL%20QyXQyX%7DQB%2CGb%20L7C%20bQyXbBb7LZXQyX7F%7CQyXbGZLQXy%7CrQyXZLQyX%7CrQy%7C%2C*A%2CD%20-bA%7CGb7%20F7LZBbXyQ%7CG7XyQ%7CC-XyQ%7CEb-XyQ%7CBb%20F7LZBbXyQ%5D%20%3DJazz-Medium%20Swing%3D100%3D3
1b87d3a0-eaf6-43a4-94d1-e3a1ac602fe8,irealb://Danny%20Boy%20%28Londonderry%20Air%29%3Dbe2sharp%20ARR:%3D%3DZz%20Style:%20Select%20One%20You%20Prefer%3DEb%3D%3D1r34LbKcu7011%20oyQ%20%20i%2C8/21%20kcoR-poP:%20elytS%20orP%20laeR%20TempX25*%3Cs%20nwo2Nami%20fo%20drohc%20dna%20teon%20tsal%20eht%20gnyour%202*%3C%20%3E%20ot%20yyQXyQt%20seman%20osla%20%20yQX86*%3CQyXQyXQyXhe%20keX%3Egno-kcipor%20tht%20yalP42*%3C%20%3E.gons%20orP%20laeRi%20sihe%203%20f%20esuXbE44tes%20byXQyXQyXQyXQyX.%3EA%20rettel%20erofeQ%5B*ATon%20puyX7bB%20Eb7LF%7CQyX7-C%7CQyXbELZ7bB%207-F%7CQyXbAZ7XyQ%7CbE%7CQyXbEZLXyQ%7CE-FZL7C%207-G%7CQyXb-A%7CQyXbAZL7bE%20b7%20Bb7bE%7C%7CQyXbA%7C%20Bb7%20ZL7bB%20bE%7CQyXbEQ%7CyXbA%7CQyXbEB*%5B%5DEbXyQbE%7CQyyXbEZXyQ%7CB7FZL7-C%20bEZLoAb%20A%7CQyX7bE%7CQyX7b%20Ab-L7-F%7CQrP%20la%20Bb7Lht%20gnisU%20%20QyX4*5%3CZ%20%20x%20U%7CQyXbEZe%20iRe7-F%7CQ%20yteier%2C%20ydiw%20a23*%3C%20%3E%20mofr%20esoohc%20nac%20uoe%20varxiM%20oXQyXQstrumQyX%3E.elytS%20ehtg%20nitceffa%20%2CstneXyQXyni%20foyQ%3Cb%23%3E%20%3D%3D110%3D3
1bc3a10a-bf28-423c-8695-171f15ff6ee9,irealb://Go%20In%20And%20Out%20The%20Window%20%282-bar%20intro%2C%204-bar%20coda%29%3Dbe2sharp%20ARR:%3D%3DZz%20Find%20A%20Style%20You%20Enjoy%3DE%3D%3D1r34LbKcu7ausu%20yQ%20%20S%20siht%20rof%20yek%20roP%20laeRi%20eht%20tesong%2CX45*%3Cos%20ruy%20%3E%20%3C%20drohc/eton%20tsla%20eht%20gniman82*on%20yob%20yllseipoge.%3EXni%20sihT%20%20QyX06%3C*QyXQyXQyXQyXQytro%20cap%20gn%2Cgnollast%20P43*%3C%20%3E.gnos%20eth%20fo%20serusaem%202lay%20a%20eht%20yXQyXet%20thortni%20eht%20yalpp%20pA%20orP%20laeRi%20e.%3EXyQl%20ro%20%20erusyQ%3C*5gnus%20ro%20%2Clatneumrtsni%20fI%20%20QyX8%2C%20be%20XQyXQht%20erd%20thetsuj%20eton%20pu-kicp03*%3C%20%3Eelgnis%20%20befoda%20otTi*%5B%20ro%2C%20ayXQyXQyXQyXQyXyQX%3E.A%20rettel%20dnQXyQ%20tni%20eyX7B%7C6%20%202-%7CQyXEA*%5B%5DQyXE%7CyQX7B%3E:ortni%20rabB7XyQ6*%3C44lp%20uoQ%7CEXyfA%20%20QyX45*%3CZQyEX%7CQyX7B%7CQyX7B%7CQter%20yyXE%7CQa%20dele%20ent*%3C%20%3E%2Cgnidne%20sith%20dda%20%2Cgnos%20eri26calht%20yayXQyX%E2%80%9D%2C%20ors%20adoc%20a%20htiw%20edkram%20%2C%E2%80%9Dortuo%E2%80%9C%20ign.%3Egat%E2%80%9C%20s'gnoyQXyQ%20syalper%20%22ortu%22o%20sihT%20%20QyX46*%3Cthe%20sXQyXQc%20eht%202%20meydolem%20taht%20yaPl83*%3C%20%3E%20.serusa%2C%20or%20tsal%20peR%284%2C%20or%20Q%7BQyXQyXQyXQyXyQX%3E.netsil%20tsujB7%3C*7sdrohyX%3E.%29%2C%20jusc%20regnarra%20yb%20%20--yteirav%20rof%20thoicedetaeoP%20:sQ%7DUXytS%20nuf%20elpmas%20%20A%20QyX64*%3C%20%20QyXQyle%20iyXE%7CQabuC-egras%20:si%20rehtonA41%3C*%20%3E031%20opmeT%20%2CsLatinulB-paJ%20%2Crero%2C%20X85*%3CQyXQyXQyXyQXQyX%3E031%20opmeTyQ%20%20OloB%20:zz-Second%20Line%2C%20Tempo%20140%3EXyQXyQXyQXyQXyQ%20%3Cb%23%3E%20%3DLatin-Cuba:%20Bolero%3D130%3D3
1bbb2f8c-632a-4c16-938a-42fb09aea878,irealb://Nine%20Pound%20Hammer%20%28Version%201%29%3Dbe2sharp%20ARR:%3D%3DZz%20Select%20A%20Style%20You%20Like%20%3DG%3D%3D1r34LbKcu7eman%20yQ%20%20Uruoy%20fo%20drohc%20stal%20eht%20%2Cyllaus%20songX05*%3CRi%20si%20key%3Ef%20esu%20osla%20tsu%20muoy%20hcihw22*%3C%20or%20theht%20s-2%20a%20ro%20sohT%20%20QyX46*%3CQyXyQXQyXQyXQyX%3E.gnis%20isP%20laealp%20ontro%2C%20%3Eeraperp%20ot%20eimt%20uoy%20evig%20ot%20%3C*40ti%20rabQyXQy%20pickyX%3E.A%20rettel%20eorfeb%20%2Cseton%20pu-QXyQXeht%20y*%5B%20Qy56XyQ.sdrohC%20oN63*%3C%3E%20%20:snaem%20.C.N%20%20%3EXyQX*%3CQyXD%7CQyX%2CW%2CW%2CcKQyXCZL%20lcKQyGXlA*%5B%5D%20%20ns%2CG%7C%2CWl%20LZGG44Ti%20ns%2CDXyQ%7CGZL%20lcKQyXCZL%20lKcQyXGlB*%5B%5D%20%20ns%2CGXyQ%7CG%7CQyXssargyQ%7C%20UpoP%20:elytS%20elpamS%20%20QyX04*%3CZ%20%20x-BlueXGlZLahoJ%20%20170%3Enortem%20s'lezleMa%22%20snaem%20%22mm%22%3C%20ome%22.%20mm%20%2Cd%20ehtQXyQXevni%20lezleaMQyQXyX64*%3CQyXQyXQynted%20yX%3Ennmet%20t%20to%20sY%20.gnos%20a02*%3C%20f%3Eo%20opmet%20eht%20teou%20seecive%2266*%3Cing%20tyXQyXQyXQyX%3E.pAp%20orP%20laeRi%20sihQXyQ%20su%20opQyXQys%20alsrusaem%20emonortme%22%20sa%20denifed%20oe%22.%3EXi%20%22mm41%20mmQXyQ%3CaL-zzaJ%20:selyt%20SelpmaS%20%20QyX47*tin/%20yXQyX%20%3E%23b%3C38JazXQyXQyXQyX%3E051m%20m%20/zzaJ%20darT-zyQXyQ*%3C%20%3E0%3C*74Pop-Slow%20Rock/%20mm%20130%3E%20%3DJazz-Latin%3D140%3D3
1bf295f3-1702-4b58-904d-0d259f225adf,irealb://Diminished%20Arpeggio%20Exercise=GuruOfGuitar%2Ecom==Rock=A%2D==1r34LbKcu7%7CE7XyQKcl%20LZG%23oXyQKcl%20%3C8x%3E%20%7D%20=Pop%2DSoul=80=20
1bc5ef8f-487d-4fd3-8303-dfaa1281eb97,irealb://13.%20Strange%20cIrculation%203%3DG-Kristof%20Gabor%3D%3DGK%3DAb%3D%3D1r34LbKcu7%7CQyX74Bb-77-DA*%5B%5D%20%20lcKQy7X%5EbA%7CQyX7bE%7CQyXXyQ%7CG3Ti*%5Bts1%20lQ%7CA-7D%3C%7CQyX7%5EE%7CQyX7%7CBQyX7-%23FS%7CY%7CQyX.S.%20ayX7-Ec%20egn%3E%20x%20%20%20%20QyXQyXZ%20%20U%206Ab%7CQyX7%5EA%3EeniF%3C%5D%3CStra.dnE%20QyXQyationyXQyXQyXQyXQyXyQXQyXQyX%3E%20.S.D%20QXyQXlucriXyQXyQXyQXyQXyQXyQXyQXyQXyQXyQ%20W%20%3DJazz-Medium%20Swing%3D155%3D2
1be2919b-cf7b-4727-82a4-ed6bc2199a69,irealb://3%20-%20Encore%20une%20fois%20-%20Victor%20Ledouarec%3DComposer%20Unknown%3D%3DFunk%3DE-%3D%3D1r34LbKcu7E%3EfeR4%3C%20Cp%3CA*%7B%7DQyXD%7CQyXCQ%7CyX%23C%2FA%7CQyX-E%3El%20Pre%204Ti*%7BJ%3C%7CQyA%2FC%23XyX-E%7CQyXD%7CQyXC*B%7C%7D%20D%20x%7CQyXC%7CQyQ%7CB-X%7CQyX-m(%20fe1ere%20QyX)obE(7B%7CQyX%7CDQyXx%7CQyXC%3Esiof%7C%3C%20'R%20etsuD%2CDppXyQ%7CX1N%7CQyX%23C%2FA%7CQyXE-C*%7BQyXQyXQyXQyCXyQ%7Cx%3E)peC%2FAZLXyQ%20Lon%20%3C%20%20-E%3E1x%20%20%3C%5D%7B%20o%23D%20D%7CQyXC2NZ%20mep%3EQyXo%23QyXC*x2%3E%20L%3E%20bil%20dA%20feR%20%3C*A%7D%207B%20h%23F%7CQyXCZ%20%20*B%20%20%20%3C%20%23*i%20%20*BXyQXyQ%20%20%7B*vE-XyQ%7CA%2FC%23XyQ%7CCXyQ%7CF%23h%20B7%20%7D%20%3DPop-Funk%3D115%3D1
1bee9999-87c6-40aa-9bf1-762609d62947,irealb://Diatonic%20modes%201%20and%202%20bars%20each=Charts%20Practice==Slow%20Bossa=C==1r34LbKcu7%7bY%7dQyXyQ%7cDXoB%7cQyX%2dA%7cQyXGQ%7cyXF%7cQyX%2dE%7cQyX%2dyQ%7cCXC44T%7b7%2a%3cYZonianQyX7%2dD%3enairoD0%2a7%3cZL%20lcKQyX7%5eC%3eKcl%20LI27%2a%3c7%2a%3c%7cYgian%3eKQyX7%5eF%3enaidyL72%2a%3cZL%20lcKQyX7%2dEcl%20LZyrhP2%2a%3cYZLlydiayX7%2dA%3enailoeA2%2a7%3cZL%20lcKQyX7G%3enQKcl%20oxiM272Locrian%3eBh7XyQKcl%20LZ%3c%2a74Ionian%3eC%5e7XyQKcl%20%20%7d%20==0=0
1b917a7d-117c-42d7-a351-a05b3eac38b5,irealb://Deciende%20Espiritu%20De%20DIOS%3DBarak%3D%3DRock%3DE%3D11%3D1r34LbKcu7%7BQyXB4%3C*72317*%3C-%23C%20B1NZL%20EA%3E%20...hho%20hhO%20x%3E%20%7D%7C4Ti*%7BQyXA%7C9%20DIO%7CQyXE%7CQyXA%7CQyX%7CEQyXA%3E%20....ed%20SBXyQ%7D6*%3CA*LB%20A%7C%7B*B%3C*C%3ESOID%20ed%20utirpisE%20edneiceD%2096%23-XyQQyXE%7Cnemur%20ALZBetneuP47*%3C%7B%7DQy%3EX2ni%2CA%20oT%20%2074*%3C%20inst-%23C%7CZA%3E...%23-%20B/hhO17*%3Ci*%7B%7D%20B%3E%20BoT%20%2075*%3C%20AZL%23D%20ohh.C%3ElatyX-%23C1B%20C%23dneiceD%2027*%3CC*Q%7ByXB%7C%7D%20%3Ex317*%3C-e...%3ENZLE%20%7DQyX%3E9DeciyXQyX75*%3CBZLA%20%23-C%7CQyXA%3E...edneQTo%20B6*%3C%7CQ%7C%20%3DPop-Rock%3D115%3D1
1b6997bf-0e5e-49ff-aa1f-56e428c0ced7,irealb://DIOS%20Hablame%3DBarak%3D%3DGospel%20Ballad%3DA%3D%3D1r34LbKcu7aton%204DXyQ6*%3CA*%7BZLE%20susELZE%20susE%7DQyX-%23F%7C6%20%20Si4Ti*%7B%7CQyX-%20apreX%23G/E%7CQyXA%3E...loos%20radna%20a%20idnyQ%7CF%23euq%20sE%20-%23FAXyQ%7Cev%20emzah%20y%20emeigrroC66*%3C%7C%7DQyXEr...%3E%7CQyXD%20em%20oD%2CsD/lbaH%2066*%3CB*%7B%20Es%20usEZLA%20-Bl%7C%2C%23Came%20ns%20DZL%3C%20-%23F...%3EAG/A%28%20%20A%7D%20E%20-%23FQ%7CyXD%7CQyX-%23F%7CQyX%23%29SLZsejedeuq%20oTo%20A%3Elo%20nah%20es%20sohcMu%20%20QyX66*%3CS%5B%7D%20%20vidad%20%2015*QyXF%7CloriaL-D%20F%7CQyXG%7CQyX%3EF...it%20arap%20se%20ZEXyQg%20al%20%7CQyX%2366%20Ha-G%7CQyX%23A%3E....sjeed%20em%20on%20emalbXyQ%7CD*%3CB*%7B%3Eeuc%20%7D%7B%3C*66*%3C%20%23D%7CQyX-G%3Eoneatnopxe%20otnaC99Till%20F%20-G%20%20%7D%7CG-XyQZ%20%3DJazz-Ballad%20Even%3D60%3D3
1b884d7a-edc1-4e29-994b-c5cb8191ebab,irealb://Tu%20Milagro%201%3DGolluscio%20Sebastian%3D%3DWorship%3DA%3D%3D1r34LbKcu7ZLAZL8F%23-XA/DZL%2CAA*%7B%5D%20E%7D%2C%20E%7CQyXA%7CQyXD%7CQyLZE/A6Ti*%7BsusEZDLZEs%23FZL%23G/EZLAZLDLZ-%23FB*%5B%7D%20%2CEZLsu-LZDLZL-%23F%2CE%2C-%23%7B*C%3C*%23C/A%2CAs1NZLA/7ZELA/DZLA%3E2y1%2096%2C%7CN2F%5D%20EZLL%23G/E%3CXyQXDZL-%23FD*%5B%7D%20%2CEZEL/A%3ECBA.nI2/1QyLZALZZLDl%7CAl%3E3%20ZD%5E/F*%5B%5D%2CE%7C%2CsusEs%3E3.CB%20QyX%3CZLE/AZL%23C%3C*69L-%23FZ7-BZLLZ%3C*1EZL%20%2CE/AZLDl%7C%2C%2CE-%23FsZL%20%3Emurd%205%2C%20LZAA/DZLLEZLDsF%23-%2C%23G/EsZL-%23Fv*%5B%5D%20%20EZL%20E/AZLDl%7C%2CE%2CA%2C%7ClZLDZLpmoc%20LZDLZZLAfZLEZLsusEZALZLDZL-%23FZLEZLA%3C*187-%23FQZases%3EXyQ%20Z%20%3DJazz-Medium%20Swing%3D100%3D3
1b3dc3cb-2409-4fba-bce6-6db857f12aa5,irealb://Alabad%20A%20Jehova%201=Traditional==gospell=A==1r34LbKcu7E%207%2DB%20DLZCE%7CQyX7%2DB%7CQyX7ELZ7%2D%23F%20AZL%2D%23F%20%2D%237XyQ%7CA44T%5B%20OZOG7%20%5D%5BAT%20OY%3C%7CQyXDZL7AA%20ZL7%2D%23F%20%2D%23CZLD%20ENGO%20E%20AZL%7CQyXA%20ALMA%5B%5DQyXAZL7E%207%2DBLZ7%2D%23F%20A%7CQyX7%2DD%3EAXyQ%7CIM%20NEF%23%2D7XyQ%7CB%2D7%20ELZA%20GLZD%2FF%23%20D%2D%2FFLZA%20ELZAXyQ%5D%20=Jazz%2DMedium%20Swing=100=3
1b239bd7-87eb-414e-8d5b-ae0d46f47dc1,irealb://Te%20Necesito=Esperanza%20De%20Vida==Rock%20Pop=C==1r34LbKcu7C%28F%7C%294A%2D%28G%29D%28%2DD%7C%29G%28QyX%29GG%28%7C%29B%28%20%29C%28%20%29A%28%20%29XyQ%28G4Ti%2A%7Bt%20ed%20%7CFXyQ%20ratse%20oreiuq%20%C3%BAsseJ%20iM%2096%2A%3CA%2A%7Bcerca%7DQyX%29oda%20aC%20G%2FB%2A%3C%29F%28%20%20%29%2DA%28C44%7CTQyXG42T%7CQyXFZL66Par%3E%2E%2E%2Ei%20%20%2DAZ%20y%20deL%3Eriviv%20es%20on%20ti%20nis%20euq%20etricZF%20GLetrareuq%20rE%2DLZDoL%20%29oroc%20erP%281%2A7%3C%7D%20G%20susG%7CQyX%2D%20mejo%20F%7C%2CGrc%20asXyQ%7CC%2Cetsicih%20euq%20o%20lodot%20Y96%2A%3C%7CQyX%20en%20eF%3E%2E%2E%2EF%7CQyXo%20me%20%2DA%7C%2CG%20%20F%7CQyXC%7CyQXF%3E%20%2E%2E%2E%C3%A9rasnac%20GLZFN%20%2Ezu%28QyXFB%3C%2A72E%7CQyXGZLF%20%2DA%3E%20%2E%2E%2E%2Eotisecen%20eT%20%2DXyQ%7C%2A%7BQyXG%29%7D%7C%3C%2A69To%20A%2C%20Pre%20coro%3E%20=Pop%2DRock=115=1
1b5cfe09-e51d-4082-a5a0-88f85baaad05,irealb://Al%20Estar%20Aqui=Marcos%20Witt==Balada=G==1r34LbKcu7A%7CQyX4GXyQ%2DEZL7B%20GZLD%20suDsZL7%2DA%20C%7CQyX%2DE%7CXyQ%7CC4TA%2A[CZLF%2F][%2ABGD%20susDZLG%2F7%2DA%20%2D7AZLC%20C%2FDZL7%2DB%20LZG%20G%20D%207%2D%2FE%20C%2D%2FD%23LZG%2FD%20C%2FDLZC%2DXyQ%7CGXyQ]%20==0=0
1b38da7f-cfdd-4b9b-b803-d26bf274eb6c,"irealb://Cristo%20Es%20Mi%20Se%C3%B1or%20%28orig%29=Witt%20Marcos==Pop%20%2D%20Slow%20Rock=D%2D==1r34LbKcu7%20C%7CQy4D%2D,X%7CQyX%29D%28D%2FC%7CQyX%2D,D%7CQyX%29D%28D%2FC%7CQy%7CG%2D,X4TA%2A{%2DDB%2A{G%2DXyQ44TZLC2N22TZLQXyQyXQyX}%20A%20C1N%7CAXyQ]ZL,%2DD%20F%7C%29C,XyQ%7CB%7C%29A%28QyX%2DG%7C%29A%28%29%20bB%28%20%20,C%7CQyX,%2DDbXyQ%28C%7CQyX%3Cf%7C}%20%20A7%28C%20D%2FC%7CQyX%2DD%7CQyX%2FDC%7CQyX%2DD{YY}%20%29%23%20%3C4x%3EA%7C,G%20Fine%3ED%2D7XyQ%7CxXyQ}%20=Pop%2DRock=100=3"
1bdd78a0-d53d-4f97-b8ca-c743ca7311da,irealb://Askepot%3DShubidua%3D%3DPop%3DF%3D%3D1r34LbKcu7F%20A*%7B%20LZ%20xZL%20C%20ZL%20x%20ZL%20-%20GZL%20x%20ZL%20bB%20ZL%20%20x%20%20%7DF%20i*%7BL%20F%202%20LZ%20BC%20ZL%20-G%20ZL%20x%20Z%20LF%2C%201NZL%20x%20ZL%20b%20%20%7D%7CNx%20ZL%20%20-G%20ZLZ%20F%20ZL%20-A%20ZL%20-D%20ZL-%20A%20%2CB*%2C%5B%5D%20%20x%20ZL%20G-%20LC%20-GZZLxZLLZ%20F%20L-DZL%2CCZLbB%7C%2CF%2C%20C*%2C%7B%5D%20F%20F/bBZLZN1G%2C%20C%20ZLC%2CLZx%20%7D%7CN2G*%2C*XyQ%7C%20C%20LZF%20Bb/FLZ%20F%20%20%5D%20%3D%3D0%3D0
1bec62ce-45bd-43a3-83e9-f7498f145f17,irealb://Without%20You%3DCarey%20Mariah%3D%3DPop%20Ballad%3DC%3D%3D1r34LbKcu7ZL%20h%23%20LZ%20ELG/-A%20-AZLsus7%20EsusEZL%20-D%20ZL%20-ZN1%20FC%20A*%5BL-A%20ZF/G%20G%5B%20QyX%5D%20%20G/F%20ZLC%20%20ZL%20%23F/D%202N%7C%7D%20*B%20CLZL%20C%20Z%20D-LZN1%20%2CF/GLZN2F/F%20G7%20%5D%20%3D%3D0%3D0
1b2fe39f-9ad5-41a5-81df-a5d951066400,irealb://All%20Of%20Me%3DMarks%20Gerald%3D%3DMedium%20Swing%3DC%3D%3D1r34LbKcu7%20lcKQ4C%5E7XZL%20lcKQyX7AZL%20clKQyX7EZL%20lcKQyD-7Xy4TA*%5ByX7G%7CE7XyQDZL%20lcKQyX7DZLl%20cKQyX7-AZL%20lcK-7XyQ1N%5B%5D%20yX7-DF%5E7XyA%7CQyX%29G/7%5EC%287-%7CEQyX%297o%23F%286-F%7CQ7XyQ%7C2N%5B%7DQQ%7CG7XyQ%7CC6%20Ebo7LZD-7%20G7%20Z%20%3D%3D0%3D0
1b7d5ea4-2766-4266-8aa1-3df692e54edd,irealb://God%20Bless%20The%20Child%3DHerzog-Holiday%3D%3DBallad%3DEb%3D%3D1r34LbKcu77-bBZ4sEb%5E7-bBZL6bAl%2C7bE%5E%2CbEsZL6bAl%2C7bE%2C%20Eb7L4TA*%7B%7CQyX6ZAb%5E7L7bB%207-FZL9b7C7%20-G%7CQyX6-bA%7CQyXZN1EbL7bE%20ZL6-Cb7%20%7DNL7%5E-C%20-CB*%5BY%5D%20b97G%207hD%7CQyX6bE2ZC-7%20B%207-F7bB%207Q%7CDh7C%207-GZL6-C%207-CLZ7%5E-C%20-CZL9b7G%207LZF-yX7-G7-bBZAsEb%5E7-bBZL6bAl%2C7bE%5E%2CbEsZL6bAl%2C7bE%2C%20Eb7L*%5BY%5D%20-F%7CQyZAb%5E7L7bB%207-FZL9b7C7%20-G%7CQyX6-bA%7CQyXZEb6XL7bE%207%20Bb7%20Z%20%3D%3D0%3D0
1b9f697f-41fa-42c3-a204-2f55d512c8ae,irealb://Ticket%20To%20Ride%3DLennon%20%20and%20McCartney%3D%3DPop%3DG%3D%3D1r34LbKcu7X7D%7CQ44GXy*A%7CQyXx%7CQyX7G%7CyQXx%7CQyXx%7CQyXx%7CQm7*XyTSA*%7BQ%20%20GZm*XyQ7D%7CQyX*m*E%7C%7CQyFX%7CQyX*m*E%7CQyXC%7C%20A-7L*E%7CQyyXx%7CQQ%7D%5BGXQyXD%7CQyXx%7CQyXxQ%7CyX7CB*%5BQyXx%7CQy%7CC7XyyXGZLKQyXGQ%7CD7X%5B%7CQyXGQ%5B%20%3EadoCl%20a%20.S.D%3C%20%207D%7CQyGXyQ%7CyXx%7CQcl%20LZxXyQZ%20%3DPop-Rock%3D115%3D1
1b24e327-ad43-403b-b4cc-785aa65d1111,irealb://1bar%20%2D%20Random%20B%20%2D%20Seven%207ths=JonBlanckMusic%2Ecom==Medium%20Swing=C==1r34LbKcu7us7A%7CyQ%7CC7%23D%7CQyXsus7bA%7CQXy7%5EG%7CQyX7%2DF%7CQyXo7XyQX7oE%7B%7CQyX5Gb%5E7XQyX7oD%7CQyX7B%7CQXy5%237D%7CQyX7%2DE%7CQy%7CDb7%23%7CQyXsX5%237BsXyQ%7Cb7%2DA%7CQyX7o%23C%7CQXy5%237C%7CQyX5b7%2DbB5XyQ%7Cus7%23F%2DG%7CQy%2D7XyQQyX7A%7CQyX7%5EbE%7CyQX7bB%7CQyXsus7G%7C%7CD%2D7XbE%7CQyX5%237bQ%7CF%5E7sus7F%7CQyX7%5EE%7CQXy7bA%7CQyX7oC%7CQyXXyQ%7CByX5b7yQ%7D%20==0=1
1bb26e47-49db-4818-8086-020384be614d,irealb://Romanesque%3DTick%20Buck%3D%3DPop%20Rock%3DB-%3D%3D1r34LbKcu7%23F%7CQy4B-XyXG%7CQyX-BA*%7B%7D%20-%20BA%7CQyX-B%7CQyXA%7CQyQ%7CAX4Ti*%7ByX%23F%7C-XyQ%7C%7CQyXx%7CQyX-BB*%7CQ%7DyX-B%7CQyXA%7CQyXGC%23XyQB%7CQyX%20DC*%7CyQ%7CxXXQyXQyXZLB%2CbB%2C%7CAQyX-B%7CQyX%23C%7CQyyQXyQX-B%7CQyXZLQZF%23-XyXZLQyXZLQyXZLyQX%7CQyXAZLD%20E%7CQyQLZXyL%23C%2FAyXZLQQLZXyyXZLQyXZLQyXZLyQXZLQyXZLQyXZLQQLZXyyXZLQQLZXyQLZXyQLZXyQLZXyQ%20Z%20%3DPop-Rock%3D140%3D1
1b862ca5-5593-4e5f-8b60-c0c9b29561f6,irealb://X%20X%20X%3DL'arc%20En%20Ciel%3D%3DRock%3DC-%3D2%3D1r34LbKcu7X-F%7CQ4C-%20GAC*%7BYYZL%20QyXQy%7CX%7D%20B%2FG%20bAZLbB%2F-b%5E7Xy4TA*%7BhB%7CQyXyQ%7CE%7DQyXG%7CQyXbB%7CQy-XF%7CQyX7%5EbA%7CQyXbY%7CC-XbB%7CQy%20G%20%7C%20%3D%3D110%3D0
1bed7916-22dd-4462-8e5c-2706dc513663,irealb://Im%20So%20Excited!%3DComposer%20Unknown%3D%3DMedium%20Swing%3DC%3D%3D1r34LbKcu7QyXi*%20LZC-XQyXQyXQyXQyXQXy%7D%20%20bBZL%20bEZL%207yQ%20LZ-Gi*%7B-DZL-QXyQX%20%20-GZL%20-AZL%207-ZDL-GZL%20-AB*ZLQy%5D%7C%20%20CyXQyX-GZLFXyQXy%20bEZL%20-G%3E!detixce%20os%3CC*%7BZLQyXQLZEb%2CZLFZLXQyXi%3C*64syXQyXQyXQyXQyXyQX%3E1%20no%20dne%20batQ%20LZ*%7D%202N%20ZLQyX%20%3CX%202XQyXQyXQyXQyX%3ELOOS%2042*%3Ci*%7CQyX%3EyQXyQC*%7CQy%3C%20%20QyXyQ%7C*yXQyXQyX%3Edne%20rfo%20surohc%20x%201%3C%20CQXyQXQyXB*Want%20you%20want%20you%3E%20%3D%3D0%3D0
1b2fe9d5-c40c-4c55-8d35-db302184c83f,irealb://Let%20It%20Be%3DBeatles%3D%3DPop%3DC%3D%3D1r34LbKcu7-E%2CFZT44%3C*LF%20-AZLG%20Cl%3EeserV%20/%20ortnIQyX86ZC%20GLi*%7CYYLQyXQ%2C%7C%7B*AQyXQyX%7DC%2CD%2CE%2CFLZG%20CZLF%20-AZLG%20CXyQXyC%2C-D%2CL%20QyX%2C%20G%2C%7CyX42*%3CA*ZL%7CC%2CDE%2C%2CFZL%20G%20%2CCZLC%2CFQX%202%3E-AB*Z%3CZL%20C20XyQA%2CbB%20C%2CD%2CE%2CFC*LZ%20QyXQyXQyX%3E2%20X%2CG%20F%2C*%3CB*Z2*%3CB*X%202%3EXQyXQyXQyXQyX%3E2X%20%20OLOS42*%3CA*%7CQyXyQLZ%20%2033*QyXQy1%3EXyQyXQyX%3E2%20X%2002*%3C*AZLQyXQyXQyXQyXQXyQX%20X%20%200LZ*B%3C*20%20%20X%203%3EXyQ%20LZ%2C*C%2C%3C*39%20%20X%201.XyQEnd%3E%20%3D%3D0%3D0
1b3d1beb-f90e-4eef-bfb6-2f11e56d2137,irealb://Blues%20Ala%20Mode%3DTyner%20McCoy%3D%3DMedium%20Swing%3DBb%3D%3D1r34LbKcu77bA%7CQb7XyQlZL7oE%2C7-F%2C7-G%7CsQyX7bB%7CQyX7bE%7CEb7XyB44T%7Bl%7C%2C7bb7XyQ%207-bGZL7bG%207-blDZL7G%2C7-F%2C7-Cs%7CsB7%2CBB%7CQyXG7%20Gb7LZF7XyQ%7D%20%3D%3D0%3D0
1b517016-cd37-4e09-9670-e9a3fcfe7990,irealb://Dewey%20Square%3DParker%20Charlie%3D%3DMedium%20Up%20Swing%3DEb%3D%3D1r34LbKcu77bB%2074Eb%5E7X7F%7CQyX7CZL7bD7%20bE%7CQyX7-bA%7CQyXyQ%7CF-4TA*%7B%207bE%20b%5E7%20CQyX7%5EbE2NZL%20QyQXyX%7D%207bB%207-FZL7%7CBb-7E1NZL-FZL%20Ab%5E7XX7FZL7Cpp%7CQyX7b%5EEZL7bD%207-bA%7CQyyQKclB*%5BY%5DX7F%7CQBb7XyL7bD%207bE%7CQyX7-Ab%7CQyX7%5EbEA*%5BY%5DQZC7Xy%7CQyX7yQ%7CF-7%20Bb7LZEb%5E7%20C7LZF-7%20Bb7%20Z%20%3D%3D0%3D0
1b64194e-c0ec-4dc7-b36f-3ffcfe2988ad,irealb://Tadd's%20Delight%3DDameron%20Tadd%3D%3DUp%20Swing%3DAb%3D%3D1r34LbKcu77-bB%7C4Bb7XB%7CQyX%2BF%7CQyX7%5EbZAL9b7bE%207-bB%7CQyb7XyQ4TA*%5BbA%7CQy9LZAbbG%7CQyX7%5EbDB*%5BY%20%5D7bA%207-bE%7CQyX7%5E7%2311Xb7bE%20%7CQyX7%7CF%2BXyY%5D%207F%207-C%7CQyX7EbZL%20lcKQyX7bB%7CQ%5B*ABbQyX7%5EX7%5EbAEb7b9bE%207-bB%7CQyX7bBQ%7CyX%2BF%7CQyX7%5EbAZL7b9LZ%207-bBF%207-C-7%20Ab%207%5EbA%7CQyX11%237b%7CGQyX7%5EbDC*%5BY%5D%207Db7LZbE%7CQy7LZF-7%20Bb7LZBb-7%20Eb7LZAb%5E7XyQKcl%20%20Z%20%3D%3D0%3D0
1b75f014-61c8-47c4-b7b3-0171794954d1,irealb://Yardbird%20Suite%3DParker%20Charlie%3D%3DMedium%20Up%20Swing%3DC%3D%3D1r34LbKcu7E1N%7CQ4C6XyQyX7D%7CQyX7AZL7Bb%207CZL7bB%207-F%7CQ%7CG7Xy4TA*%7B7-EB*LZD-7b7B%207h%23F%7CQyX6CN2ZL%20QyXQyX%7D%207G%209%20%5DY%5B7A%207-D%7CQyX%23h7%20BA%207hE%7CQyX7-D%7CQXy7A%7CQyX7-EZL9b77LZD7F%7CQyXyX7G%7C%20%5DY%5B*%7CQyX7AZL7bB%207CLZ7bB%207-F%7CQyX6CAD7XyQ7G%207-Q%7CC6XyQ%7CD-7%20G7%20Z%20%3D%3D0%3D0
1bde0474-96bc-47e9-b66f-289ce8be9960,irealb://8th%20Of%20January%20%28Battle%20of%20New%20Orleans%29%2C%20The%203=Traditional==Fiddle%20Tune=G==1r34LbKcu7B%2A%7BY%7D2GXyQQyXD%7CQyXC%7CQyXGQ%7CyXG%7CQyXD%7CQyXC%7C%7CGXyQ2TA%2A%7BL%20QyXGXyQ%7CG%20D%7CQyXG1N%7CQyX%7CGQyXGZLG%20D%7CQyXG%20%7DXyQ%7CQyXGZN2G%20%20%2CQ%2CLZD%20G%20%5DXyQXyQXyQXyQ%7C%2CQ%2CU%2CGXyQZ%20==360=2
1bfe8bf4-c0a3-4687-bd04-a72edf84222f,irealb://Texas%20Gales%3DTraditional%3D%3DFiddle%20Tune%3DC%3D%3D1r34LbKcu7B*%7BY%7D2C%20GLQyXG%7CQyXCZLG%20CQ%7CyXCZLG%20C%7CQyXCZ%7CCXyQ2TA*%7BF%7CQyXCXyQ%7C%7DQyXC%7CQyXG%7CQyX%7CFQyXC%7CQyXC%7CQyXFY%7B*CC%7CQyXCXyQ%7CGXyQ%7CCXyQ%7CCXyQ%7CFXyQ%7CGXyQ%7CCXyQ%7D%20%3D%3D0%3D0
1b31263b-7144-4983-a9ac-9b2e228a616a,irealb://Isn't%20She%20Lovely%202%3DWonder%20Stevie%3D%3DPop%20Ballad%3DE%3D5%3D1r34LbKcu7A%7CQyX4C%23-7yX7-%23C%7CQyX6E%7CQXyB/A%7CQyX7%23F%7CQyXQ%7CF%2374TA*%5ByXbB/%7CE6XyB/7-%23C%207-%23C%7CQy7X%23G%7CQyX7%5EAB*%5B%5DQLZF%237QyXB/%20QyXQ7/AXyb7%23G%207%5EEZL6E%209E61NZL7B%20sus7B%7CQ9%20%7DXy-%23F%7CQLZN2E6%2Cn%20LZE%2Cn%20%20ZXyQXyQXyQXyQXyQXyQ%2C%20%3D%3D0%3D0
1b7a27a9-25cb-46bd-b8da-54135aa3859e,irealb://Ain%27t%20She%20Sweet=Ager%20Milton==Medium%20Up%20Swing=Eb==1r34LbKcu7ZL7G%204Eb6%207bB%207%2DFZL7oE%206EbZL7bB%207%2DFZL7oELZEb64TA%2A%7B%2A%5B%5DQy%7CF7%20BN%7CQyXQyXQyXQyX%20%7D%2C7bB%206bE1NZL7b2Eb7XQyX7C%207%2DF%7CyQKclEZL%20lcKQyX7bA%7CyQX7bE%7CQyX6bEZL%20b6XyQX7bABL7G%206%5B%2AAEbbB%207%2DFZL7oE%206bZEL7B%207%2DFZL7oE%2067LZEb%5D%207bBZC7XyQ%7CF7%20Bb7LZEb6XyQZ%20==0=0
1b919bcb-d714-4dc5-97b5-073f4c3eeabf,irealb://Cheryl=Parker%20Charlie==Medium%20Swing=C==1r34LbKcu7E%7CQyX7XyQ%7ClcKQyX7FZL7C%207G%2D%7CQyX7CZL7G%207%2DD%20LZC7C44T%5BeulB%3CLZDh7Gs%20G%2F7Cl%7C%2Co%23F%2CF6s%207C%7CQyX7G%7CQyX7%2CC7Z7A%207hs%20in%20C%3E%20==0=0
1b3122d6-c37e-4237-a0d8-d9e71681444f,irealb://Doxy=Rollins%20Sonny==Medium%20Swing=Bb==1r34LbKcu7ZL%297bb7%20D77bB%7CQyX7bBZL7F7%20C%7CQyX7GZL%297bA%28%20D7%28AB44T%5B7D%207b%7CC7Xy7oE%7CQyX7bEZL%20lKcQyX7bB%7CQyX7F%7CQXyQ%7CBQyX7G%28Ab7%29LZG7XyQ%7CC7%20F7LZBb7%20F7%20Z%20==0=0
1b8a161b-e911-4eea-99d9-f44126713018,irealb://Inner%20Urge=Henderson%20Joe==Up%20Tempo%20Swing=G==1r34LbKcu7%20ZL%20x4F%23h7cKQyX11%237%5EFZL%20%20xZL%20x%20ZL%20lcKQyXl%20LZ%204T%5BA%2AL%20x%20Zb%5E7%231QyX11%237%5EbDZL%20xZ%20L%20x%20ZL%20lcKQyX1Kcl%20LEZL%20x7%5EC%7CQZE%5E7%237%5EB%7CQyX11%237%5ED%7CyQX11%237%5EbD%7CQyX11%2311XyL%20x%20ZXyQ%7CA%5E7XyQ%7CBb7XyQ%7CG%5E7%20%20%20Z==0=0
1b42c9da-55e5-4327-8d38-f801c2280582,irealb://Like%20Sonny=Coltrane%20John==Bossa%20Nova=Eb==1r34LbKcu7bEZL74D%2D7XbA%7CQyX7%2DbAZL%20lKcQyX7%2DFZL%20lcKQy%2D7%20Bb4T%5BA%2A7%2D%23C%7CKcl%20%20%23CZL%20lcKQyX7%2DFLZ%20lcKQyX7%2DA%5BB%2A%5D%2D7XyQQyX7%5EZL%20lcZB%5E7X%2DFZL%20lcKQyX7%2DDA%5B%2A%5D%207bA%207%2DbE%7CQy7XyQKL7%23F%20Ab%2D7XyQ%7CAb%2D7%20Bb7LZEb%5E7XyQKcl%20%20Z%20==0=0
1b5a95ac-4c70-48c7-9514-50bc234a1362,irealb://Maybe%20September=Faith%20Percy==Bossa%20Nova=A%2D==1r34LbKcu7s7GZL4A%2DXyyX7%2DA%7CQyX9b7E%7CyQX7hB%7CQyX7%5E%2DA%7CQQKcl%204TA%2A%7BL%20lcK%7CG7XyB%7CQyX7%2DAl%7C%2C7E%2CBhs%207%5EC1N%2CB%2A%2C%7C%5DQh7XyQQyXsu7D%207%2DXyQKcE%2ChBs%207%5EC2N%2CC%2A%5B%2C%7D%20%20x%20ZL%20x%20ZL%20l7%2C%7ClA9b7EZLZF7%2311XyQKcl%20LZE7b9XyQ%7CBh7%20E7b9LZA%2DXyQ%7CBh7%20E7b9%20Z%20==0=0
1b8bb652-8194-4885-b667-213da075a269,irealb://Old%20Cape%20Cod=Rothrock%2DVakus%2DJeffrey==Ballad=Eb==1r34LbKcu7F1NZL4Eb6XbE%7CQyX7bD%7CQyX7b%5EAZL7bE%207%2DbB%7CQy%5E7%20C74TA%2A%7B%207bE%20F%2D7XyQyX6bEZL7bB%207FN2ZLQyX%7DQyX7bB%7CQ%7CBb%2D7%7CQyX7oA%207%5Eb%5E7%20BbE%207%5EbEZL7bB%207F%2DZL9b7C%207%2DGZL7b7LZAbAB%2A%5B%5D7%2DbB%7Cb%5E%2CDbEA%2A%5B%5D%205%237bB%207bZBL7F%207%2DFZL7Cl%2C6b6XyQEsZL7B%207%2DFZAb%5E7bEZL7bB%207FZL7C7%20%5EbE%7CQyX7bD%7CQyX6XyQ%7CL7bE%20b7%20Z%20==0=0
1b08ec31-1254-402a-9b62-1641f8489a9c,irealb://Over%20The%20Rainbow%20%28Somewhere%29=Arlen%20Harold==Ballad=Eb==1r34LbKcu7L7oE%206%20C%2D7L%2C7bB%207%2DFZL7%2DC7%20%5EbEZL7bB%207%2DFZLZEb6%2CbEv%2A%5B7%5EbEZBb7LZ7%2DFZL7%2DC%206bEZLb7B%207%2DFZL7%2DC%206bE%20Bb7L%207%2DFZQyXsu%2D7%20G7QyX7%2DFZL7F%20susF7ZLbB%2F7%2DC%207%2DCZL%7CBb7sD%7CQyX%2DGZL7XyQ%7CBE44TA%2A%7B%5DQyX7bBQ%7CyX7%2DF%7CQyXsus7bb6%20C%2D%2C7%2DF%7Cb7C%2077LZAbbD%207%2DFZL7C%207%2DGLZ%29sus7bB%287oA%207%5E7LZG%2D%5EbE%2077%2DFZL%20Bb7LGZL7bB%207%2DF%7CQyXb6EB%2A%5B%7D%207bB%206bEZ%2D7%20C77FZL9A%286bEZEb6X7bB%207%2DFZL7obG%20%2D7GZL9b7D%207hA%7CQy%20%5D%5B%2AAL7bB%20L7C%207%2D7%28D7sus7bB%287oA%207%5EbZAL7%5EbE%207%2DGZL%299b%29LZG%2DC%20%297hZF%2D7%20Db7LZG%2D7%20C7b9LZF%2D7%28F7%29%20Bb7LZEb6%20Bb7%20Z%20==0=0
1bed8609-27d5-4ab9-a13d-aeee4a64ceaf,irealb://Pretend=Douglas%2DParman%2DLavere==Ballad=C==1r34LbKcu7%7CQyX74C%5E7XL%20lcKQyX7GZL%20lKcQyX7%2DDZL%20lcKQyZN1C%5E4TA%2A%7BCZL7GXyQ%7DXQyX7%2DEB%2A%5B%5D%20%20lcQKyX6C2NZL%20QyXQy%7CD%2D7%20sus7G%2A%5B%5D%20scl%20LZ%2C7%2DDZL7obE%207%2DEQ%7CyX9b7B%7CQyX7h%23F%20G7suKQyX6s7G%207yQKclX7%5ECZL%20lcKQyX7ZGL%20lcKQyX7%2DDZL%20yQ%7CD%2DX7%5ECAus%20Z%20==0=0
1be922e0-3c3e-4cf2-b822-edeb1ad0e4e8,irealb://Song%20For%20Strayhorn=Mulligan%20Gerry==Ballad=D==1r34LbKcu7X7%2DA%7C4D%5E7XD%7CQyXD%2F7%2DE%7CQyX%5E7D%7CQyX%2CD%2F7%2DE%7CQy%5E7XyQ4TA%2A%7B%5B%5DQyXD%5E7XyA%7CQyX7%5ED2NZL%20QXyQyX%7DQyXsus7A%7CQb7%23111N%7CQyQyX7%5EXyQ%7CAE%2F7%5EC%7CQyX11%237FQ%7CyX%23F%2F7%5ED%7CQyXG%2FXyQ%7CF7%5EGB%2AX%2CD%2F7%20B7LZX7%5EDA%2A%5BQyX7A%7CQXysus7AZL7bB%207%5EEyQ%7CE%2D7%2D%23F%7C7%5ED%7CQ7XyQ%7C%7CQyX7%5ED%7CQyX7%2DAQ%7CyX7%5ED%7CQyXD%2F7%2DEA%2D7Xy%5ED%7CQyXyQ%7CA7susXyQZ%20==0=0
1b242522-9061-48a4-8980-0ce8a1818772,irealb://Virgo%20%28Silver%29=Silver%20Horace==Up%20Tempo%20Swing=F==1r34LbKcu7%2C31GZ4G13%2C%2031AZL9%237bE%2031Bb%7CQyX7%5EFZL31bG%20D7%239L4TA%2A%7B%207%5EF2LZF%5E7QyXQyXQyX%7DQyX7F%5E1NZL7C%207%2DG%7CQyXXyQ%7CN31bG%20%2DbE%7CQ%2ABBb%2DZL31bG%207%2DG%7CQyX13%5EbAZL9%237bE%20%2C11F%5E7Xy%5B%5D%207C7%5EFZL13LZD%2C31GA%2A%5B%5D%207C%207%2DZGL7D%207%2DA%7CQyX7%5Eb%20Gb13bA%20117C%207%2Db13%20E7%5EFZL31bG%20%2C31GLZ9%237D%2031AZL9%237bXyQ%7CGB%7CQyXsoloS%20%20Q%20Z9bE%7CQyX7%2DbB%7CQy7X%2DA%7CQyX7%2DGC%2AQ%5BYXyQ%7C%3C7%5EFZL%20on%20AABA%3EA%2D7%20Ab%2D7LZG%2D7%20Gb7LZ%2CU%2C%3CFine%3EF%5E7XyQKcl%20%20Z%20==0=0
1b64e67a-a104-47af-b8da-bd91af69b10d,irealb://Menor%20Abandonado%201%3DPagodinho%20Zeca%3D%3DSamba%3DA-%3D0%3D1r34LbKcu7M%20%209644A-%20Y%5D%20%2C7E%20-Al%7C%2C7E%20s6FZL%20-AZL%207EZL%5B*A%3C*Ti*%5BYDZL%20oa%20m%C3%A3oZL%209-A%3E..%C3%AAcov%20de%20uosicerp%20ue%20%2Cx%20LZC%20%C3%AAd%20eC%7CQyXG7susE%20%5EC%7CQyX7G%7CQyXuss7G%7CQyX%5ECZL7G%207LZA-ZL%207-A%20A%3E.xXyQ%7Coreuq%20o%C3%A3n%20uE%20%2072*%3CB*%7BY%5D%20%2C9E%20hB%20ser.%7CQyXo7*%3CC*-XyQ%7CQyXQyXQyX%5D%20%2C7E-%20A%7C%7DQyX7E%7CQyX7BXyQY%5BBZLo%23XZL%2C9%C3%A3o%20seDZL%2C7A%20-A%3E..oi%C3%ADcv%20od%20ovarcse%20r-%20E7bNQyX2%20ral%20yQLZYt%20%2Cramrof%20em%20%2Cardutse%20oreuQ%3CQ%7Ber%20umX%7CrQye%20%2Craiver%3EE%3CZL%2C7E%20oCZL%2C7%20E-D%7CQyXoA%7CQyX-A%20apagv%20arpL%2CC%20-%C3%A1%20impE%20-D%3E%C3%AAv%20%C3%AAcov%20mmi%20me%20euq%20o%C3%A3sser7%2CLZAm%20assZF7%20E7%2CLZA-%20E7%2C%20%7D%20%3DLatin-Brazil%3A%20Samba%3D200%3D0
1bae9a59-b237-4849-b1d3-4df3cfb11634,irealb://Papel%20Mach%C3%AA%20%23%3DBosco%20Jo%C3%A3o%3D%3DSamba%3DC%3D0%3D1r34LbKcu71%237D%2044F%5E71b7A%209A%7CQyXG%2F57%23%5EC%7CQyX11-D%7CQyX3LZD9Ti*%7BY%7CQyX1G%20C%237yX7%5EFA*%7BY%7DQyXssu7C%7CQyX6CZLQ%2C9%23Q%7CD-1%2FFZL1AZLB%2F%2FGXyQZL9%237%23C%20G%2FF%7CQy9X-F%7CZL31b7A%209A%7CC6%20C65%237%5EC%2F7EZLb13LZ%7D%20%20sus7CZL%206C1ZNL9%237%23C%2011%237D%7CYN2C6%207A%207-F%7CQyXY%7B*BA%7CQyX11-E%7CQyX11D-%7CQyX9%5EF%7CQyX9%5E-A13b9%5D%20%20%23G7%23C%20G%7CD-1111%237DZL31b7A%209%7CAQyXG%2F5%237%5EC%7CQyX%20LZF%2FQyX7%5Es7C%3Ea6%20LZNa%20.C.D%3C2N%7CQyXQXyQyXQyX%7D%20%23G%2F7E1l%20CodCZL9%23usXyQZ%5BQBb13%20A7b13LZD7%2311%20C%237%239LZC6XyQZ%20%3DLatin-Brazil%3A%20Samba%3D200%3D3
1ba32505-d414-4733-9a1e-68542ea29e2f,irealb://Virou%20Religi%C3%A3o%3DArlindo%20Cruz%2F%20Mauro%20Junior%2F%20X.de%20Pilares%3D%3DSamba%3DC%3D0%3D1r34LbKcu7%20abmayQ%7CA-hlO%20%2096*%3CA*%7BYY%20%7D7G%20bB%7CQyXF%7CQyXa%20o%20sXCi*%7BXxZLFdo%20noXx%7CQyXx%7CQyXxZL%20FC%3E%20..orierret%20yQ%7CC%20adnamW%20bB%7CyQ%7CC7%2FWZLB%2FW%20C%7CQyX%2C%2FGWZLA%2FW%20bB%5B%5DQyXA%2CXyQXx%7CQyoreuQ%2FG%2CXy%C3%B4%C3%B4%C3%B4%20%C3%B4%C3%94%20%2066*%3CB*Y%7BY%7D%207G%20F%7CQyXF%7CQ..%3EC%3CWZLA%2F%C3%B4%C3%B4%20%209quem%20%20%3E%C3%B4%20%C3%94%C2%A5QyX96*%3C%20%7CxQyX%3Erabmas%20iavLZ%3C*6%20rev%20rexemBbXyQmeuq%20rev%20oreuQyQXQyX15*%3C%7DQyXx%7C%20vai%20%3E...%C3%B4%3E%20%3C*30Quero%20ver%20quem%20vai%20salbar%2C%20quero%20ver%3E%20%3DLatin-Brazil%3A%20Samba%3D200%3D0
1b25840c-1b31-472b-925a-83add222aaa1,irealb://A%201bar%20%2D%20Random%20%2D%20Min9%20Rootless=JonBlanckMusic%2Ecom==Medium%20Swing=C==1r34LbKcu7%2DbE%7CQ%2D9XyQ%7CQyX9%2D%23D%7CQyX9%2D%7CEQyX9%2DG%7CQyX9%2DF%7CE%2D9XyD44T%5B%7CQyX9F%23%2D9XyX9%2DG%7CQyX9%2DD%7CQXy9%2DD%7CQyX9%2DF%7C%5DQyQ%7CF%23%2D%7CQyX9X9%2D%23DyQ%7CE%2D%2DF%7CQyX9%2DD%7CQyX9G%2D%7C%5DQyX9%2D%23F%7CQyX99XyQ%7CX9%2DbE%2DE%7CQy9XyQ%7CQyX9%2DG%7C%5DQyX9%2DFQ%7CyX9%2DbE%7CQyX9%2D%23F%7CF%2D9X%2DE%7CQy9XyQ%7CD%2D9XyQ%7CEb%2D9XyQ%7CD%2D9XyQ%7CE%2D9XyQ%7CF%23%2D9XyQ%5D%20==0=0
1b027f63-1a8d-4751-951a-4866c3a693ee,irealb://AB%200%2E5bar%20%2D%20Random%2001%20%2D%20Maj9%20Rootless=JonBlanckMusic%2Ecom==Medium%20Swing=C==1r34LbKcu79%5ED%209%5E9%20Eb9%5EG%209%5EEZL9%5EbD%20%5E9AZL9%5EF%209%5EGZL9%5ELZAb%5EC44T%5B9%5EA%2099%20E%5E99%5EB%209%5EbAZL9%5EbG9%20%5ECZL9%5EbA%209%5EFZLLZDb%5E%5EbGZL%5EbG%2099%20C%5E99%5EbD%209%5EBZL9%5EE%20%5E9AZL9%5EbB%209%5EbGZLLZEb%5E%5EbEZL%5EbD%209%5E9%20D%5E%5EF%209%5EbGZL9%5EbA%20%5E9DZL9%5EbE%209%5EGZL99LZB%5EbAZL9L9%5EbE9%20G%5E9ZL9%5EC%209%5EEZL9%5EA9%20%5EFZL9%5EB%209%5EbBZLBb%5E9%20%5EFZL9ZD%5E9%20E%5E9LZDb%5E9%20Bb%5E9LZG%5E9%20D%5E9%20Z%20==90=0
1bcdabf3-f200-4f97-9ceb-a42596129ec1,irealb://B%201bar%20%2D%20HS%20%2D%20Min7b5%20Rootless=JonBlanckMusic%2Ecom==Medium%20Swing=C==1r34LbKcu7C%7CQyXb5XyQ%7CQyX5b7%2DB%7CQyX57b%2DbB%7CQyX%2C5b7%2DA%7CC%2D7b57%2D%23G%5B7%2D%23G%7CXyQ%7CC7%2DA%7CQyX5b7%2DbB%7CyQX5b7%2DB%7CQyX5b7%2Db5XyQ5b7%2D%23b5XyQKcl%20%20%5D%20=Jazz%2DMedium%20Swing=84=3
1b5c7ba2-cc93-4d4b-88cb-af7d8ac0e0f1,irealb://Casa%20Forte%3DLobo%20Edu%3D%3DSamba%3DD-%3D5%3D1r34LbKcu7X9%5EDZ2Eb%5E9QyX9%5EbEZL%20lcKQXy%2C96-DZL%20lcKQyXKcl%20L2TA*%7BKQyXs%20LZC11NZL%20lcKQyXsus13BZL%20lcKQyXsus3C13sulcKQy%20%20lcKB13subEZL%20lcKQyXsus13C2N%7C%7D%20%20lcKQyXs%5E9XyQZL%20lcyX7bB-XyQ%7C)5%20on(84*%3C11-BQ%7CyXC%2FF%7CQyX%23C%2F7A%3EXyQ%7CDB*%7B%5DQyXD%2FLZG-%2FQyXD%2FsusF%7CQyXDs%2FusGZL%20lcKQyXbB%7CGsus%20lcKQ%20on(%20%2FDXyQ%7CQyXC%2FF%7CQyX%23C%2FA7%7CQyX-D%3Ex4%3CC*%7B%7D%3C*50%20susF%7CX%7D%20%20x-11%20AC%20la%20.C.D%3C%7CQyX-%2CDl%3EnepO%3C%7B%7D%20Q%2C7oda%3E%20Bs%3E)5Dpp%7CQ%20%20Y%5BQ%2C7A%207-B%7CQyXC%2FFQ%7CyX%23C%2F7A%7CQyX%2C-DLZnXyQyXQy-%2CU%20Z%20%3DLatin-Brazil%3A%20Samba%3D200%3D0
1b79cb40-5867-4f49-b2b4-89abe0f8636c,irealb://Me%20Deixa%20Em%20Paz=Lins%20Ivan==Samba=D==1r34LbKcu7QyX312A%2D7%20D%209%5ED%7CQyX31A%7CQXy9AZL7E%207%2DAZL7E69LZB2Ti%2A%7ByX96DQKcl%20%5EDZL%20lcKQyX9AZ%20LlcKQyX7%5EAA%2A%5B%7D%209XyQ%7CyX9E%7C%7CQyX37XyQ%7CX7%2DE%7CQyX31B%7CQy7X%2D%23F%7CQyX5b9b7%23CyQ%7CA1%2D%23G%7CQyX9%2DBQ%7CG%23%2D%5EDZL7A%207%2DEZL7B7%20%2D%23FZL5b9b7%23C%2077XyQ%7CyX9%5EDQ%7CG%23h7XyQ%7CC%237b9XyQ%7CF%23%2D7XyQ%7CB13XyQ%7CE9XyQKcl%20%20Z%20==0=0
1bcb4020-30c6-4122-820a-9aee579232e6,irealb://Sei%20L%C3%A1%20%28A%20Vida%20Tem%20Sempre%20Raz%C3%A3o%29=Vinicius%20de%20Moraes==Samba=C==1r34LbKcu7L7%2DE%204A%2D7X7D%207%2DA%7CQyX7%5ECZ7LG%207%2DD%7CQyX7D%7CQyLZB%2D74TA%2A%5BB%2A%5B%5D%20D%2D7LZGZL7G%207%2DD%7CQyX7ZDL7%2DA%207%5EC%7CQyX7G%2D7%20C7%207%2DAZZL7A%20F%2D6LZ6%2DF%207h%23F%7CQyX7CLZ31G%207DZL7A%207%2DELZE%2D7%207h%23Fh%23F%7CQ3LZC%5EL31G%207DZL7A%207%2DZEL6%2DF%207h%23F%7CQyX7ZC7Xy1G%207D%20%20x%20%3ELZE%2D7%3C%7CQyXsus7G%7CQyX69CZL31G%207DZL7A%20Break6%2DF%207Z%20==0=0
1b8614f8-125a-45d9-8aac-6d9edf368e72,irealb://Rosa%20Morena%201=Jobim%20Antonio%2DCarlos==Bossa%20Nova=A=9=1r34LbKcu7AA%2A%7B%5D4D%5E7L%5EAZL96EZL7%2DBZLo7bDZL7%2DbDZL6%2DDZ7LZx%204Ti%2A%5B%20lcKQ%7CBbo7%7CQyX96E%7CQyX7%2DBLZ%20lcKQyX7%2DB%7CQyXA%5E7XyQyX7%5EyX7%2DBXyQ%7CD6E%7CQyX7%2DB%7CQyX6G%2D%7CQyX7%2DB%7CQyX7%2Db9XyQ%7C7%5EAZLQyX7%5ELZAo7%2BA%7CQyX7AB%2A%5B%20%20QXyQyX%7DQyX7%5EA%7CQyXXyQ%7CDQyX%7CQX7%2DBZZEbo7QyX7%23FZL%20lcKQy7X%2DbD%7CQyX7%23G%7CQyXKcl%20LL%20lcKX7%2DbD%20LZBhG%7CQyX6D%7CQyX7A%7CyQX7%5EAZL%20lcKQyX77XyQ%7ClcKQyyQ%7CF%237XyQ%5D%7BB7XyQ%7CE7XyQ%7CA%5E7XyQ%7CF%237%20%20%3C4x%3E%20%7D%20=Jazz%2DBossa%20Nova=140=0
1b49a077-966d-44cd-bced-a1ce1655f93d,"irealb://Someone%20To%20Watch%20Over%20Me%20Draft%201=Gershwin%20George==Ballad=Eb=8=1r34LbKcu77bB,%2Db,Eb%5E%7C,7%2DF%7C,7F%7C,%2DC,%5E7bA%7C,7%5EbE,9E%7C,7F%2D7,GEsv%2A[,%2DC,7F%2D7,A7%5EbE,9E%7C,7%5EbE,Eb%7C,7bB,6%2DbAZL%20+,%7CAb%5E,bE%7C,%5EbE,bF%2D7,%7C,%2DGZL7hD,bEZLb,AbE%7C,7bB,%2DG,7%2DF%7CC,%7CE%7C,7F%7C,bE%7C,9,Eb7%7C,7bB,%2DG,7%2DF%7C,F7%7C,7F%7C,%2DC,7bA%7C,Eb,AbbE%7C,7%5EbAZLG%2D,C,%5EbE44TA%2A{%20%20QyX7%7CbB,bAZL+7G,bE%7C7%20Eb7ZL7hDC%286bA7LZEboGs%207%2DF%7CY%207oE%20%2FF7bBZL7obG%20G%2F7%5E%28G%2D7%29obA%207E2NZLh7%28F%2DyX}%207bB%207%2DFZL7%20C5%237G1NZL7bB%20%297QXyQ%20Al%7C%297D%207hA%7CEb7X%2F6bE%7CQyX6%2DbAZLl%20cKQyX7%5EbAB%2A[QyGXyQ%7CQyX6bobA%207G7b137bE%207%5EbEA%2A[]%207Bb%207%2DF%7CQyX7C%7CQyXLZAb%5EZL9b7hAl%7C%29%5E7%2FG%20A%297%2DG%28oGs%207%2DFZ7LoE%20F%2F7bBZL7obGb6%28C7bEZL77%28F%2D7%29%20Bb7LZEb6XyQ%7CF%2D7%20Bb7%20Z%20==100=0"
1bf68fb8-6e49-4ecc-beed-61ad94363104,"irealb://Stars%20Fell%20On%20Alabama%20%2A=Frank%20Perkins%2E%201934==Ballad=Bb=0=1r34LbKcu7yX9%2DC4Bb%5E9D%207%2DDZL7%5EbE%207%5EBbZL7F%207%2DCZL9G%20,b%2D7LZ4TA%2A{%2DbE%20%5E%20sCo,L%20QyXQyX}%209B%209C%2DZL9bD%20,7%2DDl1N%7CZN2Bb%209F%7CQClZLo%5E%20Bo%20ZL7F%207%2DCZL7%2DbD7%20%2DDZL7F%207%2DCB%2A[]Bb%5E%20BbBZL6%5EbBlAF7,D7F,7%2DCs%207%5EDZL7A7%20%2DEZL9%2DG%207%2DGl%7C,7,][%2As%20,7%2DoCs%20%20ZC%2D7%20X9%2DCZL,7%2DbD%207%2DZDL7%5EbE%207%5EbBZL7FyQ%7CF9L9G%20,%20%20%5EbB%5E7,%20G%20%209F%7CQyX7%2DCQZLyQX]%20Q,7F%207%2DCZL%2DsCo,%7CbBl%7C,U%20Z%20==110=3"
1bbab2c9-a838-47ab-ad9f-36f4feed3477,irealb://I've%20Got%20That%20Old%20Feeling%20(RBB)%3DCox%20Sydney%3D%3DBluegrass%3DD%3D2%3D1r34LbKcu7%20ttaMhe%20Re%7CdranoeL%E2%80%A2laH%7CkooB%20ssargeulB%20laArr.%20T45*%3C%3Eyrtner%2F%2F(vE%20fO%20cisuM%20%20QXy0991%20%20QyX).deMerCounnilFx%7Cp%2CGQXyQXD%7Cp%2CB%2FD%7Cp%2C%23C%2FDp%7C%2CD44Ti*%5B%20QyXQy%2FA%2Cp%7CyXQyX%2CA%2FD%7CsF%23-%2C%7Cp%2C%23C%2FD%7Cp%2CDSv*%20%7B%20%5B%20x%7Cp%2CDl%7C%2CE%2FAD%2FB%2CpZLxZL%7Cp%2CGZ%7CG%2CQp-%23FC*%5B%20%20%7D%20x%7Cp%2ClD%7C%2CE%2FA%2C-%23FsZLx%7C%2Cp%7CxLp%2CG%7CpxZLx%7Cp%7CxLZx%7Cp%2CG%7Cp%2C-%23F%7Cp%2C%23-FZLx%7C%2Cp%2CD%7C%2CA%2CGLZA%2Cp%2CDZLx%2CGZLA-%2CA%2FEB%2FD%7Cp%2C%23C%2FD%7Cp%2CD%3El%20olos96*%3C%5B%20%20%5D%2C%2Cp%7CD%2F%23FsZLxZLx%7CxLZsF%2CA%2FD%7Cp%2CB%2FD%7Cp%2C%23%2FCD%7Cp%2CDl%7C%2CE%2FA%2C-%23p%7CG%2CpZLx%7CpG%7Cp%2CG-%2CA%2FE%2C-%23FC*%5B%20%20%5D%20x%7CpD%2C2N%7D%20x%7Cp%2CDl1N%7C%2Cp%7CxLZ%23FsZLFsZLxp%7CxLZ%2CAZLx%7Cp%2CGZLx%7Cp-%2C%23FZLx%7Cp%2CD%7C%2CA%2CGp%7CxLZ%2CD%7Cp%2Cp%2CDl%7CE%2C%7ClD-%23Fs%7Cp%2CGQ%5B%5D%20%3EaodC%20la%20.S.D%3Cx%7Cp%2C%2CA%2FE%2C%2FA%2C-%23%7Cx%20Z%20%3DPop-Country%3D180%3D1
1befd5a2-ad43-4066-8dda-a44cd8426c45,irealb://La%20Luz%20De%20Un%20Fosforo%20%20-%20%20T%3DA.%20Suarez%20Villanueva%20%2F%20E.%20Cadicamo%3D%3DTango%3DF%3D3%3D1r34LbKcu7FZL7C4F%20D7yX-GZLobA%20F%7CQyFX%7CQyX7C%7CQyX-GZLQ%7CG-%204TA*%5B7C%2C7G%20D7LZ-bB%20bB%7CQyX7F%7CQXy7F%7CQyX7C%7CQyX-GLZF%20sF%7CQyXD%20%5EbAyQ%5D%5B*%207-bB%7CQyXbB%7CQy7XF%7CQyX7C%7CQyX-FBEb7LZXFl%7C%2CL7C%207h7%20C7yXbB%7CQyX7F%7CQyXC7%7CQyX-F%7CQyX-FZLQ%7CBb-GZL%5EbZF-XyQ%7CG7%20C7LZUF-XyQZ%20%3DJazz-Bossa%20Nova%3D120%3D3
1b24b265-25f1-4419-b9ec-6852eb23d14c,irealb://Pena%20Mulata%20%20-%20%20T%3DS.%20Piana%20%2F%20H.%20Manzi%3D%3DTango%3DA%3D7%3D1r34LbKcu7%5BY%20Qy4AXyQ7E%7CQyX7E%7CQyXA%7CyQXAZL%20lcKQyX7E%7CXyQ%5DX2Ti*%5ByX7E%7CyQKclZL%20lcKQyX7E%7CQy-XAZL%20x%20ZL%20x%20ZL%20A-XyQX-AA*yX-A%7CyQKcl%7CQyX7EZL%20x%20ZL%20clKQyX-AZL%20x%20ZL%20E7XyQX-A%7CQ%20ZL%20lyQ%7CA-7E%7CQyX7EZL%20x%20Z%20LlcKQyXAB*%5B%5DQyXXyQKcX7E%7CQyXAUZXyQ%7CAL%20lcKQyX7E%7CQyXE7ZL%20x%20ZL%20lcKQyXZ%20x%20LAZL%20xQZ%20%3DPop-Reggae%3D50%3D3
1be55fe4-1a47-4c79-80fe-fa8408bdf2f7,irealb://Tormenta%20%20-%20%20T%3DE.%20S.%20Discepolo%3D%3DTango%3DB-%3D0%3D1r34LbKcu7GZL-B4B-%20DZL-E%20DZL-B%207%23FLZ7%23F%207GZLD%20-BZLF%23-7%204TA*%5BX-BZLLZF%237L7%23F%20-BZL7%23F%20-ZEL%20lcKQyX-E%7CQyXZB-%20D7%23C%207ZL-E%207XyQ%7C%23F%20D%7CQyX7A%7CQyX%7CGQyX-BB*%5B%5DQyX-B7LZB-%23F%7CQy%7CQyX-%7CC%237%20%20D%7CQyX7A%7CQyXG%7CyQX-B%7CQyX7%23FZL7GB7LZEQyX-BB-XyQ%7CC%237%20F%237LZUB-XyQZ%20%3DLatin-Cuba%3A%20Bolero%3D110%3D3
1bd1058f-23cf-45f2-bcf6-0533efc9a244,irealb://Tres%20Amigos%20%20-%20%20T%3DR.%20Luna%20%2F%20E.%20Cadicamo%3D%3DTango%3DD-%3D3%3D1r34LbKcu77C%7CQy4D-XyyX7D%7CQyX-D%7CQyXA7%7CQyX-D%7CQyX-G%7CQQ%7CG-X4TA*%5BB*%5BQy%20A7LZyXQyX%5DQyX-DZL7%20A-D%7CQyX7A%7CQyX-DQXyQXF%7CQyXBZL7G%7CDXyQyX7%23F%7CQyXD%7CQyXA7%7CQyX-B%7CQyX7%23F%7CQ%7CB-%20QyX7A%7CQyX-ZF%237XcKQyX7%23FZL7G%20-ZBL7G%20-BZL%20lcKQyl%20LZBL7G%20-A7XyQ%7CDXyQ%7CF%237XyQ%7CUB-XyQZ%20%3DLatin-Cuba%3A%20Son%20Montuno%202%E2%80%933%3D110%3D3
1bf11696-a3ab-4d05-b95b-9616903993cf,irealb://Alagoas%3DDjavan%3D%3DSamba%3DE%3D4%3D1r34LbKcu7)otab22%3C*7X47*%3CZL11%2331G%2011-%23F%3E471%20mpb%20%204yQ(ruTi*%7BY%7D%2C%23G%2F1%20A%2FGG%2C7-%23F%2CE%7C%2C7F%2C7%23-F%2C7G%2C7-%23Gs1NZLo7%2CfE1%239C%3E%20%2086*-7%2CG7QyX86*%3C%20%20C%2FsuslEf%7C%2Csus9B%2C7-%23F%2C%E2%99%AA%3E%20%5D%3C%23G2N%7C7%23CZL%20%20%E0%B8%AF%20%E2%99%AAL7-%23FZL9%5EESA*%7B%5DYQyXn%7CQyX6E%3E%E1%8A%95%20%20ZG%23-7%E2%99%AA%20%E0%B8%AF%20%E2%99%ABA2NZLZF%239LXQyX%7D9B%2C9%23F%7C%2C97%23%23C%2C7-%23GsZLA1NZyQXyQL5%239%23%2C7-%23GlC%5E%3C*9%23FB*%7B%5Dn%2CEs%3E%E2%94%81%20yQX36*%3CZL%3E%E2%99%AAQyX86%2CB9%2C%7C%7C%2C7B%2C1%23F1N%2C%7CF%239%23C%2C7-%23G%7C%2C31D%2C6%7CA%2C31E%2C7-B%7C%2C31B%2C7%239%2C%7C9%237%23CZL9%5EE6XyQ%E2%99%A9%2C31%23F2N%7C%7Dn%2C96E%E2%94%81%3E%20QyX30*%3C%7C%2C31B%3EB9%2C%7Cl0*%3C%2C3%23FZL5%235%20%5DXCZL7-%23GZL31BZL13%23FC*%7B%20QyXQyXQy%237%239%239%237%23CC%7C%2C9bB9LZE%23Ds2NZLQyXQyXQXy%7D%2011%239%237%23CZL9%5Eh%2CG%2371NZL9ZL%209%239%2311%2C%237%23CQ%2C31%23CsZL9E%5ElD*%5B%5D%2C31B%2C9%23F%7C5%2C%7BlFG%2C7-%23%E2%99%AA%20QyXZE%5E9%206*%3C%7CQyX9%23F%5B%7D%20%3E3x66*%3C%205%239%237%23CZL9%20%20%E2%99%A9.L%2031B%20.%E1%8A%95%20%20yQ%20%2F%3EX96*%3C%20%20nZL%2CC%2FssuE%20%3E%EF%B8%B6QyX15*%3C%2C7ByQXyQX%2FQyX%23FlD*%20%E0%B8%AF%20%E2%99%A9.p%2Csus9B%2C7Gsp%3EaodC%20la%20.S.D%20%3CZL%3E%5DYY%7BQQyX%E2%99%AA%20836*%3CB9sus%237%23C%3Etuo%20pmav%20Q%20yX%3C%7CQyX9%5EE%7CQyX9%235%20%20%7CQyX9x%3E%20%7D%20%3DBrazilian-Samba%3D174%3D1
1bd3c09e-270b-44f7-86df-0a27d9feb784,irealb://Annar%C3%A9=Daniele%20Pino==Medium%20Swing=E%2D=5=1r34LbKcu7L%2DE%3E2IntroortS%3CZL%20ZL%20ZL%20LZ%20ZL%20ZL%20ZL%20ZL%20%3Efa%20x%20%3C44T%5BZL%2DDZ%2DLZALDZLBZL%2DE%3EtiR%3C%7CB%2C%2CGZL%2DDZLGZL%2DDZ%2DLZELEZLAZZLAZLLZGLZnI%3CZLGZL%2DEZLBZ%2DLAZLEZL%2DDZLAZLCtro%3EC%2DDZLGZL%20ZLLZA%2DLL%20ZL%20ZL%20ZL%20%3EafrotS%3CZL%20ZL%2DEZLBZZ%20LZ%20EZL%2DD%20ZL%20Zntro%20ZL%20ZL%20ZL%20ZL%20ZLZ%20L%20ZL%20%3Eeduihc%20e%20LZ%20LI%3CZL%20ZL%20ZL%20LZ%20LL%20ZL%20ZL%20ZL%20ZL%20LZ%20ZL%20ZL%20ZL%20ZL%20ZZ%20LZ%20ZL%20ZLL%20ZL%20Z%20LZ%20%20ZL%20ZL%20ZL%20ZL%20Z%20LZL%20ZL%20ZL%20ZL%20ZLLZ%20LZL%20ZL%20Z%20LZ%20LZ%20LZ%20%20Z%20=Jazz%2DMedium%20Swing=100=3
1b0017c9-0381-4213-ba74-0e5583c4c947,irealb://Libert%C3%A1=Daniele%20Pino==Medium%20Swing=G=7=1r34LbKcu7L%20ZL%20LZ%20LZ%20ZL%2DEZL%20ZLGZL%20LZ%20ZL%20ZL%20ZL%20ZL%2DELZ%20LZG44T%5BL%20ZL%20LZ%20LZ%20ZLDZL%20ZL%2DAZL%20LZ%20ZL%20ZL%2DAZL%20ZLGLZCLZCZL%20ZLGZL%20LZ%20LZL%20ZLGZL%20ZLCZL%20LZ%20ZL%20ZLGZL%20ZL%2DAZA%2DLZGZL%20Z%20ZL%20ZLZ%20LZZL%20ZL%20ZL%20ZL%20ZLZ%20L%20ZL%20ZL%20ZL%20ZL%20%20LZ%20L%20ZL%20ZZL%20ZL%20LZ%20LL%20ZL%20ZL%20ZL%20ZL%20LZ%20ZL%20ZL%20ZL%20ZL%20ZZ%20LZ%20ZL%20ZL%20LZ%20LZ%20LZ%20LZ%20LZ%20LZ%20LZ%20LZ%20LZ%20LZ%20LZ%20LZ%20LZ%20LZ%20LZ%20%20Z%20=Jazz%2DMedium%20Swing=100=3
1b3febd1-e663-4020-a92f-717d61a37b79,irealb://Beautiful%20Love%3DYoung%20Victor%3D%3DMedium%20Swing%3DD-%3D5%3D1r34LbKcu7F%7CQyX4Eh7XX7-GZL%20x)7D(%20%7CyQX-D%7CQyX9b7A%7CQyyQ%7CC74TA*%7B-D%7CQy%7CEh7%20%7CQyX7bB%7CQyX7-GQ%7CyX-D1NB*ZL9b7AA7b9XQyX7%5EX7bB%7C7%2311XG%7CQyX-D2NC*%7C%7DQXy9b7A%7CQyX7hE%7CQy-7XyQG%7CQyXyQ%7CA7b9XyQ%7CD-%20B7LZBb7%2311%20A7b9LZD-XyQKcl%20%20Z%3DJazz-Medium%20Swing%3D160%3D13
1bf5158d-a13c-4978-8710-9fc8030946df,irealb://Blue%20Skies%20%28hl101t%29=Berlin%20Irving==Medium%20Up%20Swing=G=5=1r34LbKcu7l%7C%2CbE4E%2DXy%205b7%2D%23Cs%7CQyXD%2FZGL%23D%2F7B%20%23D%2F%2BB%7CQ%20C%2D6%2F4TA%2A%5B%2FGZL%23Q%7CC9%20%23D%2F%2BB%7CQyX%2DE%7CQy5X%237B%7CQyXGZL5%239D%20B7%2FDyXD%2FGY%5D%20%20lsC%23%2D7GZL5%239D%209C%7CQyX%2FDGl%7C%2CbE%2F6%2DC%20%205bXyQKc%7CQyXD%20G%2F%2DCyQ%7CC%2D%2F%2DC%7CQyXGZLG%20G%2FC%2DZLG%20G%2F%2DCZLG%20G%2FG%20GLZXGB%2A%5BQyXD%2F7%20G%2C%3C%2F7B%20%23D%2F%2BB%7CQyX%2DlEA%2A%5BY%5D%2C5%237B%3E5%237D%23LZGDsZLG%5DQyX57b5%20%20yXGZL%2CQ%2C%2BD%209C%7CyQXD%2FGlY%7C%2CbE%2F6%2DCQ%7CB7%23%2D%23Cs%7CXyQXyQ%20%20Y%7C%2CQ%2CGXyQKcl%20%20Z%20=Jazz%2DMedium%20Up%20Swing=85=2
1b604717-5c05-43a8-aac0-1d069102a826,irealb://A%C5%9Fk%20%C3%87i%C3%A7e%C4%9Fim%3DReha%3D%3DK.%20Hicazkar%3DA-%3D%3D1r34LbKcu7%20FZL-44%3C*6%7C%2C-A%2C-Gs%20CZLbB-%20D%3EidoleM%20%20QyX6lBb%20GT%2CS%2C%5BC%20-AZ-%2C%7D%7B%2CDZL%20-D%20%7CC%20%20-AZ%20L-A%20%7CbB%20%20-Al%2CA*-%20G-LA%2C-Gs%2C-Gs%20G-LZ%20%20bBl%7C%2C-A%2C-Gs%20CLZB%20-D%2CB*%2C%7B%7D%20%20-AG-LZF%20bBZLA-%7DXyQXyQXyQXyQXyQ%2CS%2C%20%3DJazz-Ballad%20Even%3D70%3D2
1b99520b-66d9-4148-8458-de40cdc6aa2a,irealb://Ka%C5%BEd%C3%BD%20R%C3%A1no%3DChinaski%3D%3DPop%20Rock%3DAb%3D8%3D1r34LbKcu7%7BZLA%204A%20ELB%7CQyX-bD%7CQyXABZ*L%20QyXQyX%7D%20D%20GZXyQ%7CB4TA*%7BE%20BLZD%20A%3Copakovan%C4%9B%3E%20%7D%20%3DPop-Rock%3D115%3D1
1bf2002a-740f-4cb4-b7fa-9e71fb11ce5a,irealb://AABAC%201%3DComposer%20Unknown%3D%3DMedium%20Swing%3DC%3D%3D1r34LbKcu7X7G%7CQ4F-9XSA*%7B%5DQyX9b7G%7CQXy9-D%7CQyX11-A%7CQyD-9Xy4Ti*%5BbE%7CQyXyQ%7CN*%5B%5DQyX9A2N%7CQyXyQXQyXQyX%7DQyX9A1BBb9X-E%7CQyyX7BC%7C%3CD.S9A3N%5B%20QyX%5DQyX9A-%3E.dnE%20dr3%20la%20.XyQ%5B*QyX96Q%7CF-11XyQZ%20%3DJazz-Medium%20Swing%3D240%3D3
1b2eee5b-36e9-4302-9e0e-56d19cbcebf6,irealb://Breakaway=Clarkson%28Lavigne%2DBenenate%2DGerrard%29%20Kelly==Rock%20Pop=C==1r34LbKcu7LF%20CZ4A%2D%20G%2DAA%2A%7B%7DQyXFZL%29GB%28%2FG%20%2DAZLF%20CZLB%2F%20G%2FBL6Ti%2A%7BQyXCS%2FB%28G%29yX%5D%20G%20F%7CQyXDZL%20G%2DA%7C%7D%20%3Ex4%3C%20%20FZLQ%20%7B%2ABG%20%2DAZZLB%2FG%7CA%2DXy%7B%7D%20Q%20%20FZLG%20%2DA%7CyQXG%7CQyXC%7CQyXF%7CQ%2AAA%2D%20QyXG%7Cadoc%20A%2D%20G%2F%2ED%3C%7CQyXDZLG%20%2DA%7D%7C%20%3Ex3%3C%20%20FZL%29G%28BS%2E%20alZLF%20CXGC%2A%7B%5DXyQ%20%7C%2CG%2C%2DAsZLGZLCZFLZL%2DAZLGZLCB%2AQ%5BlF%2C%20%5D%20G%20F%3EyX%2DA%7CFLZN1QyXCB%2A%7B%5D%20G%20F%7CQXyD2N%7C%7D%20F%20C%7CQyXG%7CGXyQ%20C%7CQyx341%2AQ%7CCXyL%2CG%20%2C%2DA2N%7B%7DQyXZFLG%20%2DA1N%7CQyXG%7CQZF%20%20%3CyXF%7CQ%3E%20%7D%20=Pop%2DRock=150=1
1bab1a61-bab2-414f-b790-486055e1f7c7,irealb://Midnight%20At%20The%20Oasis=Maria%20Muldaur%28David%20Nichtern%29==Rock%20Pop=Eb==1r34LbKcu7QyX7%5E4E%2FF%23%5D%20p%20bB%2FbA%20p%20bAb%2FGZL%23C%2FB%20B%2FA%20p%20%7B%2AAEb4Ti%2A%5B%5EbGZL%20Db9L%5EbA%7CQyX7%5EbEZL9Db%207%5EbA%7CQyX7%5EbEZ7%20Db97%5EbA%7CA%7CQyXZGb%2FAL9bD%207%5EbA%7CQyX7b%5EEA%2A%5B%5D%20%2CbB%2FbA%20bZEb%5E7L9B%207%5D%20%2CbBb9LZEA%2FbGZL9B%207%5EbGZ9LbD%207%5EbA%7CQyX7%5Ebb%20Ab%2FD%207%5Eb%23C%2FB%20F%23LZA%23F%20EZL%2C%23C%2FB%20B%2FZAL%23F%20EZL%23C%2FB%20B%2FLZA%2FB%20EB%2A%5B%5EbEZLAb%20Ab%5EbA%7CQyX7%5EbEA%2A%5BQ%20yX%7D%20%3Ex306%2A%3CbB%2F7%20Db9%2FbGZLbA%20bAAb%5E7%209B%207%5EbGZL9bD%207b%5EA%7CQyX7%5EbEZL9bDLZGb%2F%7CQyX7E%20bEZ%5D%5BT24F%20dna%20%20pmaV%3Cob%20AbA44T%7BQyXbB%2FbAade%3EL%20%2CbB%2Fb7%20%7D%20=Pop%2DSoul=102=1
1b169d68-5d7a-4207-b867-b8c50e688efe,irealb://Unutam%C4%B1yorum%20-1-%3DA.An%C4%B1l%3D%3DSuzidil%3DD%3D%3D1r34LbKcu7QyXQy*66Me66*%3CZLD%3EllQyX6*6%3C%20%2C%23C/-%23F%3EidolXyQlX%3C43T%5B/-%23F%3EQ%20%20llyXQyXQyXQyXlQy6X6*%3CZLD%20%23C/-%23F%3EQ%20%20llyXQyX%20ZL%20-Z%3C*66LD%20%23C/-%23F%3Ell%20%20yQXQyXQyXQyXlQyXZN1%20GLD%20%23C%20D%20A*Eb%20LZ%20ZL%20D%20ZL%20%23C/-%23%20FZL%20bE%202N%5B%7D%20%20x%20D%20%20%5D%7B%20ZL%20D%23C/-%23LZ%20D%20bE%20ZL%20D%20ZL%20x%20Z%20Lx%20ZL%20D%20ZL%20x%20ZL%20LZ%20F%20x%20ZL%20%2030*%20LZ%20xQyXQyXQyXQyXQylXQyX96*%3C%20B*%7B%7D%20%20l%3ED%20%3CD%20ZL%20B/QyX%20C-%20%3CXQyXQyX60*%3CZL%3EQlyXQyXQyXQyX96*yQXyQZL%3EB/l%20QyXQ/C%3EC%2096*%3CZL%20%3ElQyXQXyQyXl%2096*%3C%20%2CC/-%20lXyQyXQyXbE%20ZLQ%20l%3EsL%20x%20ZL%20D%20ZL%20x%20LZ%20bEl%20ZL-C%2CD%2CbEZ%20G-%20yXQyX%23F%3Eid%20LZ%20xA66*%3C%7B%7D%20%20x%20ZL%20%20DZL%20bE%20ZL%20D%20ZL%20.MeloD%20ZL%20%20%23C/-%3C*66X%20%20QyXQyXQyXQyXQlyX66*%3CZLD%3EllQyll%3EF%23%20%23C/-XQyXl66XyQ*%3CZLD%20%23C/-%23F%3El%20l%20QyXQyXQyXQyXl66XyQ*%3CZLDfyaS.XyQ%20%20%20bE%20ZL%20D%20ZL%20-G1%20NZLD%20%23C/-%23F%3EllLZ%20%3C2QyXQya%E2%9E%A1%EF%B8%8F%3Ex%20%20%7D%20%3DPop-Rock%2012/8%3D100%3D1
1b60a112-1c56-4b53-b7c9-824f2df61982,irealb://Strong%20Man%3DCeasar%20Shirley%3D%3DWorship%3DAb%3D%3D1r34LbKcu77-F%20t4AbXy7-F%7C%297C%28%20tla7Gb%20AQyXbD%7CQyX7bAQ%20C7al4TA*%7BB%20C/btLZBbDZLQyXQyXsus7b%7CAQyX7bE%207bB%20susbXyQAla7C%20F%20oE%20*BAb%20bB%20bA%20G/bE%20bE/AbZLE/hbB%207-F%20oEhLZAb%5B%5D%20hbC/bAQhLZAbPMAVQyX%3C%7B%7D%29G/b%28E%20F/bD%20bA%20G/bE%20%3EDbXybB%207-%20F-7LZBb-7%20Eb7%20Ab7%20D7%2311%20%7D%20%3D%3D0%3D0
1b220545-48fd-4606-92ea-b20ec679ab5c,irealb://Fe%3DRosario%20Ingrid%3D%3DRock%3DE-%3D%3D1r34LbKcu77-E%2CAT44E-%3Ex496*%3C%20%207-B%7CQXy7-A%7CQyX7B%7CQyX7%20%7D%7B%2C*%2Ci*%2C%7B%7CQyXD-7XyQ-A%3Eoroc%20erp27*%5B%3C%7D%20B%20-A%7CQyX7-A%7C7XyQ%7CE%7CQyXXB%7CQyQ%7CB7XQyX7B%7CQyX7-E44%2CTB*%2C%7B%20B%20B42T%7CQy%7CA-7XyX7-AyQ%7D%20%3D%3D0%3D0
1b459e34-8630-426c-8f87-77fd8bf67407,irealb://Tuyo%20Soy%3DEn%20Espiritu%20Y%20En%20Verdad%3D%3DMedium%20Swing%3DC%3D%3D1r34LbKcu7yX%7D%20Q4XyQLyX1NZLQyXZLQyXLZQyXZLQyXZLQyXZQLZXy4TA*%7BQyXZLLZN2XQyXZLQyXZLQyXZQLyXB*%5B%5D%20QyXZLQyLZXyQ%20QyXQZLQyXLZXyQZLQyXZLQyXZLQyZXLQyXZLQyXA*%5B%5D%20XyQLZQyXZLXyQ%20Z%20%3DJazz-Medium%20Swing%3D100%3D3
1b99d2a7-3dee-4ec5-a438-2cf5f453cf01,irealb://Dagen%20g%C3%A5r%20med%20raske%20fjed%20%2D%20Altid%20Frejdig%20%2A%20Mellemspil=C%2EE%2EF%2E%20Weise%20%2D%20Ingemann==Ballad%20Event%2060=G==1r34LbKcu7%287AZLgen%3EGG%3Edem30%2A%3C%20%29E%2FCC%28%3Er%C3%A5g%3C%20%29%23F%2FD%28D%20%28G%2FD%29%2Dad%3C%5B%20B%2FE%20%20D7%20GLp%20D%207A%20susAZL%20D7A%207D%20susDZLp%20ZD7%2FC%29%23C%2FA%20p%20G%20%2D7%2CLZL%2C7%2DA%20B%2FG%20C%2F7DD%20%7CZL%2CA%20G%20C%2F7D%20CZG%20D7E%207%2DA%20%20%3Een63Mel%207D%20GlZL%2C%2Am%2AA%20%20G%23F%2FD%20D%3ElipsmelG%20%3CFi%2A%3C%7CY%5DZ%20=Jazz%2DBallad%20Double%20Time%20Feel=60=3
1b4c8991-e26a-4eff-a53e-c79c92de0edf,irealb://Cindy%3DTraditional%3D%3DOld-Time%3DG%3D9%3D1r34LbKcu7CB*%7B%7D4GXyQLD%20GZL%20lcKQyXGQ%7CyXDZL%20x%20ZL%20lcKZGXyQ4TA*%7BXyQKcl%20LZGXyQKcl%20LZCXyQKcl%20LZG%20DLZGXyQ%5D%20%3DPop-Bluegrass%3D220%3D3
1b941ddf-5338-4102-8e5a-ffa53cf24675,irealb://On%20And%20On%3DMonroe%20Bill%3D%3DBluegrass%3DG%3D%3D1r34LbKcu7yXG%7CZ4GXyQQyXDZL%20x%20ZL%20lcQKyXG%7CQyXCZL%20lcKKcl%20L4TA*%5B%20lcKQLZCXy*%2C%5B%5D%20%20lcKQyXGZ%20Lx%20ZL%20lcKQyXG%7CQB%2CGXy%20lcKQXG%7CQyQ%7CGXylcKQyXG%7CZL%20lcKyQXDZL%20x%20ZL%20lcKQ%20LZCXyXCZLyQKcl%20LZ%20x%20LZGXyQKcl%20%20%5D%20%3D%3D0%3D0
1b6cfa44-5ab3-4b6d-9c4d-2569c87b804d,irealb://I%20Can'%20t%20Stand%20The%20Rain%20Bb%20Maj%3DTina%20Turner%3D%3DFunk%20Rock%3DG%3D10%3D1r34LbKcu7*%5B%5DQy4GXyQX7CZL%20lcKQyXG%7CyQXG%7CQyX7CZL%20lcKyQ%7CGX4TA*%5BBFXyQKcl%20LZGXyQKcl%20LZBbXyQKcl%20LZA-7XyQ%7CD7XyQ%5D%20%3DPop-Rock%3D115%3D1
1bf1cbed-fe3f-438b-b0f4-bcef4e6cce8f,irealb://Wii%20-%20Mii%20Plaza%20%20(vgls)%3DTotaka%20Kasumi%3D%3DBossa%20Nova%3DA%3D9%3D1r34LbKcu7QyX7%5E-7XyQF%2F-B)G%2F-C(%20%23G%2FE7%7CQyX7-B%7CQyX7E%7C%23%2CLZAB44T%5B7E%7CQyZD9%20sQyX7E%7CQyX7-Bl%7C9%2C-C%2C9-%23Cnp%7C%2C9Dn%7CB-7XL%20lcKQyX7--%2FF%23%2C%20nZLn%7CQyXB%2FAZLG7%207DZL7A%207-ElZL%5D%5B*BEB%20%23G%2FG%3EmocQ%7CD%5E7hsdaelgv.www%2F%2Fs%3Aptth%3CZL%20lcKQyXeets.yX7A%7C%23-7%20C%237LZF%23%5E7XyQ%7CF%23-7%20B7LZD%2FE%20C%23-7%20Z%20%3DJazz-Bossa%20Nova%3D112%3D4
1b832cfb-0d56-4ef4-8c88-15f4eb34a594,irealb://Choro%20Negro%3DPaulinho%20da%20Viola%2FFernando%20Costa%3D%3DChoro%3DG-%3D10%3D1r34LbKcu7A1NZLb-6%20A-bB%7CQyX%5EbBZL7F7%20-C%7CQyX6-GZL6-b7%20Eb7BA*%7BY%5D%20Q%20%20%7CA7Xy%207-AZL7E%20%5EG2NZQLyX%7D%207D%205b7-A%7CQD7LZGQyX%5EbL7-G%20-7%20E-F%207-C1N%7CQyX%5ECZ7LG%20%5EG%7CQyX6-CZL77LZBbBB*%7BY%5DQyXGA7LZA7-AZL7E%207-BZLoC%23%20%5EC2N%7C%7D%20obB%207-%20D7LZ%207-EZY%5BQBb-6%20Ab-6LZG-6XyQZ%20%3DJazz-Medium%20Swing%3D100%3D0
1b3e78e7-c629-4b55-8b5f-4bcbc4c3327f,irealb://Flintstones%3DCurtain%20Hoyt%3D%3DUp%20Tempo%20Swing%3DBb%3D%3D1r34LbKcu7B1NZL4Bb%20GbE%7CQyX7bBZLQyXr%7CQyXZL7F%207-CZL77%20Ab74TA*%7BGZL%20lC-7%20F7DB*%5B%5D%20%20lcKQyXBb2NZL%20QyXQyX%7D%207XyQKc%7CQyXbZL7F%20cl%20LZ7G%20bBA*%5B%5D%20%20lcKyQX7FZL%20lcKQyX7CLZC-7KQyX7XyQr%7CXyQLZBb7XyQ%7CEb7%20Ab7LZUBbXyQ%7CC-7%20F7%20Z%20%3D%3D0%3D0
1b829e54-cedc-4e51-801c-fa866bb4e506,irealb://Afoxe%3DGiffoni%20Adriano%3D%3DSamba%3DC%3D%3D1r34LbKcu77Gs2N69%20G7yXQyXQyX%7D%20%20x%201ZNL%20x%20ZL%20x%20ZLsusQXyQ%7CC44T%7B6bD%7CQG%237suQyX96C%7C%2C96bD%209D6%2C96C%7B%7C%2Csus7G%20s%7CD7Xys%2Csus9%237%23D%7CE7%239%2096C%7C%2Csus7%23G%20%20uss7G%7CQyX7DZL7A%20D7%239%2C%7DQyX9%2C%7CE7%239%20A7LZD7XyQ%7CG7susXyQ%7CC69%20C%2369%20%5D%20%3DLatin-Brazil%3A%20Samba%3D100%3D1
1b9b3f96-43e8-4237-8e3e-52e0dbab9c56,irealb://Fly%20Me%20To%20The%20Moon%201=Bart%20Howard%20%28lupo%29==Medium%20Swing=C=0=1r34LbKcu77E%7CQyAT44AyX%5EFZL7C%20%5EC%7CQy7XG%7CQyX7%2DD%7CQyX7%2DQ%7CBhX%2A%5BYYYG%7CQyX%7CA%2D7%207A%207%2DE%7CQyX7%5EC%7CyQX7G%7CQyX7%2DDZL7ALZD%2D7QyX9b7XyQ%7CC%5E7XyQ%7CBh%20E7b9%20%5DXyQXyQ%20%20%5BUC6XyQ%5D%20=Jazz%2DMedium%20Swing=100=3
1b48b216-0823-4a2a-9933-cc64f9b859d5,irealb://Cuerpo%20De%20Guitarra%3DPickling%20Roberto%3D%3DSalsa%3DG-%3D%3D1r34LbKcu7QyX96*69Gu%7C%7D%20%20x%20ZL%20x%20ZL%20%20xZL%20-G%20%3Eocnauga*AS%3C*%3C44T%7BL%20-G%20bao%20I%20ZL%20-G%20ZL%207D%20Z%20L-G%20ZL%20-C%20%3EortnC-%20LZmuT%20%20%207D%20ZD7LZGZL%20x%20ZL%20-G%20%3Ezo%20V96*%3CB*%7BZL%2CC%20%2C-%20Eb%20L%20%2CbEZA%20hEZ%20LZ%20GE%207%5EbBZL7F%20-CZ7LG%20-GZL%207D%20ZL%20-b%5E9%2CL-C%20ZL%20%207D%2CN1%3C*6%2CC%20%20-GZL7D%20bEZFL%20-G%3EetroC%20QyX6%7DN2G-ZLQ%2C7C%3Eetr-%20LZ%20X66*%3C1NZL%20-G%20%7D%20%20%2C7D%20ZL%20hA%20%7B%20%20xyQ%20CoG%20C*%7B-G%20-GC%2C%7DN2C%20%20QyX96*%3CQZL%3EdaoC%20la%20.S.D%3C%20C%20orte%3E%2CC%2CC%2CoC66**69%20MG%20%7D%20%207D%20ZL%20hA%20%20%7B%20x%20ZL%20-G%20%3Eobma-%20LZ%3C%3CD*ZLZL%20-G%2CC%2CC%2CD%20ZL%20hA%20%7B%20%20x%20Z%20L-G%20%3EoroC66*%3C%7BC7%20%20%7D%20C%3Eetr%20C%20%20%7DXyQ%20%7C%20%3DLatin-Cuba:%20Son%20Montuno%202%E2%80%933%3D175%3D3
1b7815df-f580-4870-9b0b-89c9ed010580,irealb://Stop%20Time%3DSilver%20Horace%3D%3DMedium%20Swing%3DBb%3D%3D1r34LbKcu7bBZL7b%20ELZZLG%20FZLE%20bE%7CQybXBZL7F%207-CZLG%20FC-7%20FE44T%5B%7CQyXb*BG7X7F%7CQyX7-CZL%20x%20N1%7CQyX7CZL%20lcKQyXyQ%7CB%7B%5DQyXbBZL7Q%7D%5BN2ZLG%20FZLE%20bE%5BQyQXyXQyXQyX%5DQyX7CC-7%20FyX7bAXyQZ%20%3D%3D0%3D0
1bba5b5f-9cd2-4eb6-9a71-44769e11a88e,irealb://Don't%20Ask%20Why%3DBroadbent%20Alan%3D%3DBallad%3DAb%3D%3D1r34LbKcu77bE%2074F-695b7-D%2096-FZL9bC7%205b7-GZL5b7-D%20LZBb-4TA*%7B%2C7-bAb-7%20AZL9b7E%207-B1NZLb97bB%207-bDZL9b7bsA-7%2CEZL9b7%5EbEBb-7%7DX9b7bB%207-FZL7%5EE7%20%5EbCl2NZL%20QyXQy%20%5DY%5B*G%2C7-G7%5EbDZ7%2CDb%5EA%207%5EbEl%7C%2C7D%2C7%5ECbs%207%5EbEZL%20lcK%2C7b7/DL%5EbCs%20C%205b7%2CCb%5E7%5EbG%207-bBl%7C%2C7oAs%2Cus7bAs%207%5EbDl%7C%2C7LZG-7%5EAs%20L7-D%20Y%5B*AF%2CbB/7bE%2C7Cs%207-lG%7C%2C9b7D%2C7-Ds%207%5E%7ClA-7%5D%209b7%237F%207%20Eb7bbG%20%2C7-bDl%7C%2C7G%2C-7D%2C7bA%2C7-bEsZL97LZC-7-bBZ%5EDQ%5BY-7b5%20QyX%5DQyX7-bG%7CQybXA/7%5EbGQZL9b7bEXyQ%20%20bBZL97/AbXyQ%7CE%5E7/AbXyQ%7CAb69XyQ%5D%20%3D%3D0%3D0
1b4fd47b-21d3-4c6e-8195-18aa51855a57,irealb://In%20The%20Days%20of%20Our%20Love%3DMcPartland%20Marian%3D%3DBallad%3DC%3D%3D1r34LbKcu79b7E%20-%20E7byX9b7E%7CQyX7%5ECl%2C%7C7G%2C7-Ds%207-AZL9Q%7C%7CA-A44T%7BD%7CQyX%20sD-7X7%5EF%5B%5D%20-AZL9b7ZEL7%5EF%207%5ECl%7C%2C7G%2CyQ%7CD77-AZL7E%20-AGLZC%5EsusE%7CQyX7-D%7CQy-X%23C%7CQyX7%5EF%7CQyX7XyQ%7C%7C/F%207-6-A%7CQ-7%20sD%7CQyX7-A%7CQyX9b7%7CEQyX7%5ECl%7C%2C7G%2C7-F/AXyAZL9bLA/F%201LZF/11%237%5EbB%205b7-BZ7L%5EF%207%5ECl%7CZL7G%20GLZA-71%237D%20L%20lcKsD7%2CFZL11%237%5EbB%205b7-ZBL7%5EF%207%5ECl%7C%7C%2CG/A-XyQ%207-AZAZL9bXyQ%7CC%5B%5D%209b7E%205b7-BZCL/7-D%207-D%7CQyX-%23A-%20E77%5EF%5BZ%205b7-LZD-7X-AZL9%237E%205b7-ZBL7%5EF%207%5EClZL7G%20yQ%7CQB7D%207-E/E%20%7DXyQ%20Y%5BQF%5E7/AXyQ%7CC%23-%20C%5E7LZB-7%20Bb%5E7%2311LZA%5E7XyQZ%20%3D%3D0%3D0
1b32ced8-8f94-4bc9-b459-fd3bad987f12,irealb://When%20The%20Sun%20Comes%20Out%3DArlen%20Harold%3D%3DBallad%3DF%3D%3D1r34LbKcu71C%20114F9%20EG%20sus7GZL7o%23F%20F9ZL31G%207-DZL7ob9LZG-4TA*%7B7o%23F%20%20F-6L11%239F%207%5ECB*%5BY%7D9%20G%207-DZL7A%207-EZLZE-76FZL3%2011%239%20Bb9Lus7G%209%5EFZL7-E%2011-DZL9bE%209b31AZsLZAb7-GZLL7o%23F%2C%7ClG731G%207-DZL7obE%20F9A*%5BY%5D%205%237G%20susLZF9%207bAs%20CC*%5BYs%20G9L7-DZL7A%207-EZL6F-%206FZL31C%2011-GZ%20G9%20%5Dus7GZ96CZLLZF6%20%2096CZL31G%207%5EFZ7Lh%23F%20G/%5ECZL7o%23FF-6/C7E%207%5E%20G7sus%20Z%20%3D%3D0%3D0
1bed2af1-aab8-4294-a034-f70032f98b5e,irealb://Lullaby%20Of%20Birdland%3DShearing%20George%3D%3DMedium%20Swing%3DAb%3D%3D1r34LbKcu7%7B%7C%2C7CT44C-%5EbAZL7bE%207%5EbAZ7LbE%207-bBZL7-F%2077%20Gh%2C%2Ci*%2C%5B7bE%207Dh7LZ7-F%207-CZL7bE%207b-B%7CQyX-FZL7C%207GLZBb-%20-FA*QyX7%5Eb%5E7XybE%207%5EbA2NZL%20QyQXyX%7D%209b7C%207hG%7CQ7LZAbA1NZL9b7F%20h7%20F7yX7%5EbAZL9b7bE%20-7bB%7CQyX7-bBZL9bQ%7CCh7CB*%5B%5DL7C%2077XyQ%7CD%20-FA*%5B%5D%209b7C%20%5E7bAZL9b7bE%207-bBh7LZG-bBZL%5EbAUZQ%7CBb-7%5EbAZL7bE%207-bBLZ7-F%207-CZL7bE%207%20Eb7LyX-FZ7%20sGh%2CC7%2CZ%20%3DJazz-Medium%20Swing%3D100%3D2
1b27f9fc-9038-46e2-a78a-87c421689786,irealb://Emily%20-%20jsb%3DMandel%20Johnny%3D%3DWaltz%3DG%3D0%3D1r34LbKcu7QyX7%5E4GXyQ%207-D%7CQyXG%7CQyX7%7CDQyX7-A%7CQyX7-E%7CG7LZC3TA*%5BA%7CQyXQ%5D%5B*ByXsus7B%7CQyX7-%23%7CFQyX7-%23C%7CQyX7%5EEQ%7CE-7yX7F%7CXG%7CQyA-7XyyX7-A%7CQyX7-E%7CQXyGA*%5B%5DQyX5%237D%7CQQ%7CD7X%7CQyX7yX7E%7CXyQ%7CCB%7CQyX7%23F%7CQyX7-CE*%5B%5DQyX7B%7CQyX7%5E-7XyQ7G%7CQyX7-B%7CXyQ%7CDC%7CQyX7h%23C%2CD*%2C%7CyQX7E%7CQyX7F%7CQyX7-7XyQ7-A%7CQyQ%7CE7XyQ%7CA-7XyQ%7CD7XyQ%7CG6XyQKcl%20%20Z%20%3DJazz-Medium%20Swing%3D100%3D30
1b39b64b-e12a-4005-b691-37160b459f27,irealb://I%20Didn't%20Know%20What%20Time%20It%20Was%20-%20jsb%3DRodgers%20Richard%3D%3DMedium%20Swing%3DF%3D%3D1r34LbKcu7%207-DZ4E-7%20-GZL7G%207-DZL7A7%20-EZL7G%207-DZL7A7%20C7L4TA*%7B%5D%207C%20LZBb%5E%7CQyXQyXQyXQyX%7D7%20C%207-G1NZL7-A%207N2G-7C%2F7-D%7CQyX7XyQ%7CE7B%2C7-C%2C7bD%2C7-DZsL7A%207hEZL7A%207h%2C%7ClBb6FB*%5BZL7A%20-7LZG7G%207-DZL7A%207-E*A%5B%5D%207C%207-G%7CQyX7LZE-7D%207-A7-AZL7LZG--bBZL7-A%207%5EbBZCL%2F7-D%207-DZL7C%2077%20Eb7G%207-D%20D7LZG-7%20C7susLZF6XyQ%7CG-7%20C7%20Z%20%3DJazz-Medium%20Swing%3D100%3D3
1ba5d113-9811-4218-925f-18261f5cc85a,irealb://I%20Fall%20In%20Love%20Too%20Easily%3DStyne%20Jule%3D%3DBallad%3DEb%3D%3D1r34LbKcu79b7G%20-7%20Bb7A%207-CZL9b7G%207DhZL7%5EbA%207%5EbEZL7LZDh7F44T%5Bs%20%207G%20C-7/D%207hA%5B%5D%207G%207hDLZ11%237bA%207hAZLbB7%239LZ7-CZLFZL7C%2C%7ClC7l%7C%2C7bD%2C7-bAs%207F-ZL7C%207-F%7CQyX9bG7b9%209%237%23C-7%20Bb7LZUEb6XyQZ%20%3DJazz-Ballad%20Swing%3D60%3D3
1bb444e0-aa06-4e17-9174-5fe0c1443e91,irealb://Moliendo%20Cafe%3DBlanco%20Hugo%3D%3DGuaracha%3DA-%3D%3D1r34LbKcu7%5DQyX-4A-XyF%7CQyXC%7CQyX-G%7CQXy-DZL%20x%20ZL%20lcKQ%20ELZA4TA*%5B%5B*BD-%20G-LZCXyQ%7CXyQr%7CXyQLZXyQr%7CXyQLZC%20B7LZBh%2C%20F%2CE%5D%20%3DJazz-Medium%20Swing%3D100%3D3
1b087a63-a442-4d5e-b0ad-46bfc8d57ed8,irealb://Na%20Jiu%20Zhe%20Yang%20Ba%20%20%20%E9%82%A3%E5%B0%B1%E8%BF%99%E6%A0%B7%E5%90%A7.%3DSongs%20Chinese%3D%3DPop%3DF%3D9%3D1r34LbKcu7%5DQyXxyQ%7CxXusC%7CQyX-bB%7CQyXBb%7CQyXx%7CQyX-D%7CQysXyQ%7CXFi*%5B2%2C1%206LZx%20L%7CQyX-D%7CQyXFC*%7BQ%5DyXC%7C%7D%20%20CZL%20bBZN0%3C*6%20Fv*%7B%20C%20%3EebXyQ%7Ca%20.C.D%3CbB%3E.4%20%2066*%3C0N%7C%7D%20%20%3Ex4%3C%20Cl%20FinB%3E.3%2CQyXbB%5DXyQXyXFZLC%20bB1N%7CQy-XD%7CQyX7AB*%7B%20%20QyQ%7D%7CN2QyXF%5D%7CQyXb%7CCXyQ2%2C1%2066*%3C0N%7CQyXD-%7CQyXFC*%7B%5DQyXx%7C%2C3.%3EBQyXx%7CXx%7CQy%3E%20%20%7D%7C%20%20QyXQyX%5DQyXF%5DC%20%20bB%3E.4%20%2066*%3C0N%5B*iFXx4%3C%20CyQ%7CD-XyQ%7CxXyQ%7CBbXyQ%7CBb-XyQ%7CCsusXyQ%7CxXyQ%5D%20%3DPop-Rock%3D115%3D1
1b2b159a-db96-429f-8176-0f088a86d8b1,irealb://Honeysuckle%20Rose%3DWaller%20Fats%3D%3DUp%20Tempo%20Swing%3DF%3D10%3D1r34LbKcu76bBZL4G-7%206FZL7C%207-GZL7C7%20-GZL7C%207-GZL7C%20F7%2FA4T%7BA*7F%5BB*N1F6%20KQyX6F2NZL%20QyXyQX%7D%207D%207-AZL7bBcl%20%20%5DZL7C%20%207-G%5Bl%20LZBlcKQyX7CZL%20lcKyQX7GZL%20lcKQyX6b%20%20%5D*AcKQyXB%206FU-7%20C76bBZLA%2F7F%206FZLC7%207-GZL7C%207-GZL%20C7LZGZL7Cb7LZA-7%20D7%20Z%3DJazz-Up%20Tempo%20Swing%3D210%3D10
1be53f0c-98cf-4e57-9e8f-8b3483b727a4,irealb://My%20Girl%3DThe%20Temptations%20(Robinson%2C%20White)%3D%3DPop%3DC%3D%3D1r34LbKcu7B*%5B%5DQ4CXyQyX%2CC%7CQyXF%7CQyXCQ%7CyXF%7CQyXC%7CQyXF%7CQ%7CFXy4TA*%7B%7DQyX7LZF%20G7-DZL%20lcKQyXC%7CLZ7G%20FZL7-D%20CZL7XyQ%7CG7-D%20CQyX7-yQKclF%7CQyX%2CC%7CQyXF%7CQXyCZL%20x%20ZL%20x%20ZL%20XyQ%7CDXCC*%5BE%20DB*Q%7CE-7G%7CQyXD%7CQyXG%7CQyDXA*%7B%5DQyX7A%7CQyX%2CXyQ%7D%5ByX7G%7CXD%7C%7CQ%20A7LZQyX%2C7-EZL%20lcKQXyDZL7A%20GZL7-E%20D%7CA7XyGZL7-yQKcl%20LZ%20x%20LZ%20x%20%20Z%20%3DPop-Smooth%3D85%3D3
1b72f646-ecf6-4435-a051-daf440e806f0,irealb://Over%20the%20Rainbow-Rev%20JE%201%3DArlen%20Harold%3D%3DMedium%20Swing%3DEb%3D%3D1r34LbKcu7ZL7C%204Eb%5E%20hD%20%5EbAl%7C%2C7A%2ChEF%2C/W%2C7-GsZL%2C31bALZG-74TA*%7BB%2C7-FW/G%2CAE1NZL7bB%207-FZLC7%207-Gl%7C%2C7bD%2C7-bb%5E%2C%20s%2C7-Fs%20%5EbEZQXyQX%207-FZL7C%207-GB*%5D%5BQyX%2C%5EbEl%7CQyXQyBb7%2CLyX%7D7b%207-GZG-7%20s%20%2ChAl%7C%2CbB/W%2C7C%20s7-Gl%7C%2C7bD%2C7-bAD7b9LZL7-FhD%20%5Eb-7%20BbA%2ChE%2CF/W%2C7-GsZ%2CL31bA%20%5EbEA*%5B%5D%2077%2C%7ClAFZL7CEZLQ%2C%20C7LZ-FZL7C%207-Gl%7C%2C7Db%2C7-bA%2CG/W%2C7-Fs7%20Bb77-GZLE%20biLF-7%2CBQyXQyXQyX23*%3C%2C%2CU%7CQyX%5EbElQ%7C%5D%2C7b%20%20Ad%20s%20%2C%5Ebnding%20Tag%3EG-7XyQXyQ%20Z%20%3D%3D0%3D0
1b1aa8b6-efba-4ecd-b457-ffc16980e564,irealb://Where's%20the%20Love-Rev%20JE%3DLegrand%20Michel%3D%3DMedium%20Up%20Swing%3DF%3D%3D1r34LbKcu7C/W%2074F%5E%20GX9b7A%7CQyXhEl%7C%2C/FW%2C7-Gs%207-AZL7-yQ%7CD-4TA*%7B%5EbA1NB%20G7%23%20%5EAZL7E%20%5EbBB*%5BQ%5DyX7F%7CQyX7-CZL5Eb7LZ/7GZLZL7-AG%5E%20Gb%5B%5D%2031D%2031A%7CQyXA%5E2NZL%20QyXQyX%7D%20%5E*AG%5E%20ZL7D%20DZL5%23A-7%2CW/7AZLD/W%207-E%7CQXy7B%7CQyXh%23Fl%7C%2CG/C%23%20A7s%207-BGA*%5B%5D%7CG7Xy%5EAZL7E%20%5EbBZL7F%5E%20BZL7%23F%20%5ECB*%5B%5DQ%20Ab%5E%20QyX7-yX%5D%207LZBh%20%7CQyX%5EG%5B%5D%20Q%2C7D%20uss7D%7CQyX7-AZL7EG-7%20C7-A%20%5E%3CU%7D%297%20%7BQsnWn%297-B%28G/Wn%7C%2CGW/%297-A%28n%2CG/W%29%5EG%28/G%28A-%20QyXQFINE%3E%2ClG%5EXyQZ%20%3DJazz-Swing%20Two/Four%3D140%3D3
1b7e45fa-cd6b-4a09-93e7-c041ba2e7cdf,irealb://King%20Is%20In%20The%20Room%2C%20The=Wickham%20Phil==Worship=Bb=9=1r34LbKcu7QyX9d4Bb%2C%2AQyXx%7CQyX%3E%2E%2E%2Eonmiac%20lE%20%2E1%2066%2A%3CA%7CEbad4Ti%2A%7BQyX9d%7D%5B%2AB%3CQyX7%2DG%7CQyXF%3E%2E%2Er%2Eev%20a%20somaV%2066%2A%7CEbadQyXx%7CyXx%7CQXyQEl%2E%2E%2E%C3%A1tse%2096%2A%3CC%2A%5D%7B%20ppp%3E%C3%ADuqa%20yeR%20%3EBbXy66%2A%3C%7C2%2066%2AXyQ%7CFQyXF%7CQyX7%2DG%7CQyDX%2FbB%7CQyXbE%7C%7DQyX%5D%5B%2AA%3C7%2DG%7CQ%20bBZLcauti%2DG%7CQyXx%7CQyXbE%7CyQXx%7CQyXbB%3E%2E%2E%2Eov7%20F%2FA%20lE%20%2EB%3E%20%2E%2EZEbXyt%20s%C3%A1m%20yah%20oN%20%2E%20166%2A%3CD%2A%5B%5Dpppp%7CQemor%2ELD%2FbBZLsusF%2FBbX%7CQyXsusF%7CQyXbBQ%7CyXbE%7CQyX7%2DG%7CQyG%2D7%20F%7CQyXbG%7CQyX%5D%5B%2AD%3CbB%3E%20%2E%2E%2Eromet%20sm%C3%A1%20yah%20oN%20%2E2%2066%2AXyQ%7CFQyXbE%3Ci%2A%5B%5DusLZEZLsusF%207%2DG%7CQyX%2D7C%7CQyXsusF%7CQyXbEbXyQsF%207%2D%2A66%20%20%28Outro%29%3EBbLZxLZEbLZxLZG%2D7LZFLZsEb%2C%7Cx%7CBb%20Z%20==0=0
1bd2bea4-e2c3-4d91-9989-23b6260e7807,irealb://Song%20For%20You%2C%20A%3DRussell%20Leon%3D%3DBallad%3DD-%3D%3D1r34LbKcu7A%207-G4D-Xy%20bB%7CY%7CQyX7hB%7CQXyC%2FF%7CQyX%23C%2F7A%7CQA-7LZ4TA*%7B%2FbBZL1Bb%20ABl%2C2NZL%20QyXQyXE%7D%2FWs%2CF%20C%2FbBZL7-b%20A-7NZL7-%2CF%20F%2F%5B*BD-7Cs%2CC%2FF%20bBZL7h%20BC%2F6FZL%23C%2F5%237A%20%2C%7ClBb%5D%20F%20C7Cs%2CC%7C%2ClD-GZL11-A%20bBZL7h%20BC%2F6FZL%23C%2F5%237A%207%20Bb%2F%7CE%2FWsA%207-G44lD-%20bB%7CQyX7hB%7CQyX%2FCF%7CQyX%23C%2F7A%7CQyXA-7LZTA*%7B%5DZ%20%2CF%20Solo%20%3EadoC%20la%20.C.D%3CZQL7-A%20bB%3EABA%20nolBb%2FC%3CZL7-yXF%7CQ%20A-%2FCB%7CQyXbB%7CQyXbEZ-LA%20bBZLF%20C%2FbBZLb%2FFXybBQ%5BYQ%7CCXyQZ%20%3DJazz-Ballad%20Swing%3D60%3D1
1b299a2d-7dee-4391-9023-28b5ee197503,"irealb://Please%20Don%27t%20Talk%20About%20Me%20When%20I%27m%20Gone%20%2E=Stept,%20Palmer,%20Clare%20%281930%29==Medium%20Swing=Eb=10=1r34LbKcu7X7bB%7CbXyQ%7C%7CQyX7bB%7CQyX7FZ%20LlcKQyX7C%7CQyX7GEbXyQE44T[7D%20bEXyQ%7CGE%7CQyX7bB%7CQyX7FLZ%20lcKQyX7C%7CQyX7bXyQ%7CbE%7CQyXbEZLyQKclyX7bBZL%20lcKQyXF7ZL%20lcKQyX7CZL%20QKcl%20X7GZLyQ%7CG7XyQ%7CC7XyQKcl%20LZF7XyQ%7CBb7XyQ%7CEbXyQ%7CBb7XyQ]%20=Jazz%2DMedium%20Swing=150=3"
1ba41e0b-e593-4861-84ad-52f0fe71c966,irealb://Blue%20Suede%20Shoes=Perkins%20Carl==Rock%27n%27Roll=A==1r34LbKcu7QyX7A4A7%2CnKQyX7D%7CQyX%2C7AZ%20Ln%2C7AZL%20n%2C7AZL%20cl%20LZ4TA%2A%5Bn%2C7AZZE7XyAZL%20n%2C7AB%2A%7B%5D%20Ql%20cKQyX7AZL%20lcKQ7%2Cn%20LL%20lcKZL%20lc%2Cn%20LZD%7CQyX%2C7AZL%20n%2C7ZAL%20n%2C7AZL%20n%2C7A%7C7XyQK7AZL%20ZLxZLKcl%20LZL7AC%2A%5B%5D%20%20lcKQXy7AZL%20lcKQyX7EZxLZA7QyX7A%7D%20%20x%20LZA7L%20la%20%2EC%2ED%3C%7CQyX7ZAL%20lcKQyX7EZLxZCoda%3ExZL7D%20lcKQZxLZAL%20lcKQyX7EZLxZ7LAZLxZL7DZLxZL7ZA7XyL7AQ%5B%20Z%20=Pop%2DShuffle=180=1
1b701924-0290-4fec-ba10-3b3db7902bd4,irealb://Great%20Is%20Thy%20Faithfulness%20II%3DCe%20Ce%20Winans%3D%3DTraditional%20Gospel%3DAb%3D5%3D1r34LbKcu7(%20bDZ4Ab%5E7A%2F-bDZLG%2FbE%2011EbZL6bD%20bD%2FF%7CQyXb%20AbL3TA*%5BE%207%5Eb)DbLZbB)7-C(%20bB%7C)A%2F(F%207%5EbA)-bB(%207-C%2FDLZGbD%2FbE%7CQyXoLZ%5BEb%20bD%2FF%7CQyXsus7b%7CAQyXC%2FbA%7CQyXbD%2FDbLZD5b9%237bA%2F-b%20F-7Lsus7bEB*%5BZ%20bA%2FBb%20bAZL7bE%207-bBZXyQ%7CDbE%2FbAbA(%20bF7XyQL7hF%20C%2FbA%7CQyXb%2FDbE%7CZL7-bB%207oA%7CZEb%2FBZLbA%20bD%20bDBb7%2C%7CX9b7bA%7CQyXC%2FbAQ%7CyXbD%2FbE%7C%7CQyXbEyQ%7CF%2F%20)bB%2F%5E7LZ%7CBo7XyQ%7CC-7%20F-7LZBb-7%20Eb7LZAbXyQ%5D%20%3D%3D0%3D0
1bb96bcb-c9e4-4c19-b40c-57803b715213,irealb://Fuld%20Af%20Nattens%20Stjerner%3DSebastian%3D%3DPop%20Rock%3DC%3D0%3D1r34LbKcu7LCZLCXyQ%7BAFZLCZLCZLGZLF%7C%20%7DCZLCZLG%20F%7CQyX-LZGLZC44T%5ByXZLGpLZGLA%20-EZLG%20FA*%5BZL%20G%5EF%7CQyX-AZLo%23GZ-LZF%20ZLoBZ%20FZL-GLZE-L%2C-E%20G43TZLF42ZTLQyXZLG%20FZL-A%20ZT44A%20FZLQ-DZL-QLZ%5B*ZLG%7C%2CD%2C-AZL7EZFLZL%20%7Cr%20ZLGZL-DBE-LZAyXZLGZLC44CLZALQyXZLQyXZLQyXZQL%2CGZL-DZLGZL-DZLZ%5BQTZLGZL%20QyXZXyQ%7CFLQyXZLQyXZLQyXQ%7CyXC%7C%7D%20CZLCZLG%20ZXyQL-A%7B%20pZ%20%3DPop-Rock%3D111%3D3
1ba3afcc-f08d-4004-8d60-ef6cd1068903,irealb://Cherokee%20Shuffle%3DJackson%20Tommy%3D%3DBluegrass%3DA%3D%3D1r34LbKcu7*%7B%7DQy4AXyQXE%7CQyXA%7CQyXD%7CQXy-%23FZL%20x%20ZL%20lcKyQ%7CAX4TA*%7BXA%7CQy%7CAXyQX-%23FZL%20lcKQyXAQ%7CyXD%7CQyXA%7CQyXD%7CyQ%7CEXQyXDByQ%7D%20%3DPop-Bluegrass%3D223%3D5
1b1fcff5-6364-4ec9-8b7b-f5ddbace64ef,irealb://Wrapped%20Around%20Your%20Finger%3DSting%3D%3DPop%20Ballad%3DA-%3D%3D1r34LbKcu7loeA%204%3CA%20AE%20-A%7CQyX-AZL-E-%20A%7CQyX-A%3Enailoe-LZ%3CA4TA*%7BA%7CQyX-XyQ%7CiloeA%20A%3CA*ZL-E-%20A%7CQyX-AZL-E%20-Aan%3EA-A%3EnaiA%7CQyXZA-XyE%20-A%7CQyX-A%3EnaioleA%20A%3CZL-E%20-A%7CQ-LZA-L-E%20-%20F%20F/%7D%7B*B%3CLF%20F/susC%7CQyXGQ%7CyXG%3EnaigyrhP%20EZCsus%20-E%20-X-A%3EnhrygiA%20A%3C%7CQyX7-D%3EnaorD%20D%3C%7CQyX7-E%3EnaeoliaP%20E%3C%7D%3CZL-E%20E-LZyX-AZL-E%20-A%7CQy-XA%3EnailoeA%20A%3CA*Q%7CA-%20-A%7CQyA%20Aeolian%3EA-XyQ%7CA-%20E-LZA-XyQ%7CA-%20E-%20Z%20%3DLatin-Brazil:%20Samba%3D127%3D4
1bac17ee-e2df-4f52-b349-c5036fd50201,irealb://Crazy%20%28Gnarls%20Barkley%29%3DGnarls%20Barkley%20%28Burton%2C%20Callaway%2C%20Reverberi%29%3D%3DPop%3DC-%3D%3D1r34LbKcu7usG%7CQ4C-XyQyX9ddabA%7CQyXb%7CEQyX7%5EbEZL%20lcKQ%7CAbXy4TA*%5BXbA%7CQGXyQ%5DabAZL%20lcKQyX7%5EEbZL%20lcKQyX-CB*%5Bdd9Xy%7CQyXsX7%5EbEusXyQA%7CQyX9ddabAZL%20clKQyXCC*%5B%5DQyXG%7CbXyQ%7CsG%7CQy*%20C*%20%20LZGs%20A*%20QyXQyXQyXQXyQyXZQyXG%7CQyXsu*A%20*BlcKQyA%20*B%20*C%20*A%20*B%20*C%20%3D%3D0%3D0
1b6526d7-6ff8-4fad-83d5-fbc13eb9d343,irealb://Over%20The%20Rainbow%20%28Hugh%29%3DMusic:%20Harold%20Arlen%20%20Words:%20Yip%20Harburg%20%20-%201939%3D%3DBallad%3DC%3D%3D1r34LbKcu7L31G%20%20A-LZ7%5EC%20%2C6CZL%2C7G%20-ZDL-A%207%5ECZL7G%20-DLZD-96Cv*%5B7-A%209-LZD-E%20-A%7CQyX7%5ECZL7%20G-CZL-A%206CZL7G%207LZA-A%206CZD%7CQyX7sus%20%7CQyX%2C11-D%7CQyXssu9G%7CQyX11-DZL7DG9susDZLG/DZL7AG7XyQL7o%23F%207%5EF%7CQyX7E-ZL7-A%20C44TA*%7B%5DZE-7%20%7CQyX--E%7CQy7LZE-QyXCB*%5B%7D%207G%206CLZ7G%207-DZL9b7A%207%7CD-7XbB%207-*%5B%5D%207ZD-7%20ZL7obE%207-EZL9bB7%207h%23F%7CQyXCZL7GD-7%20GL7A%207i%20dna%20B7LZyduJ%3CZL7A%207-EZ7Lo%23F%207%5EF%7CQyX7-E%20Garl7h%23FAn%20Wizard%20Of%20Oz%3ED-7%20Bb7LZE-7%20A7b9LZD-7%20G7LZC6%20G7%20Z%20%3DJazz-Medium%20Swing%3D100%3D3
1b74f3d1-b1de-4674-82c9-38c51b7b10ec,irealb://As%20Time%20Goes%20By%20(with%20verse)%20(Rod%20Stewart)%3DHerman%20Hupfeld%20(Rod%20Stewart)%3D%3DBallad%3DF%3D5%3D1r34LbKcu78%20mpb44F%5E1*%3C%20%20QyX%5D%20f%2C31C1%201-GZLbA%2F7%5EoF%20374XyQTi*%5BYZL7-DY%5B*v%3C31C%207-GZL7-D%209F%5E%3E)yleerf(%20%2047*LZF6%20QyX%3E3-AsZL%20D7b9G%2FCl%7Cp%2C-D%2CE%2F7A9%2C%5EFsZL31C%207-GZL%20G%23o7sus9DsfZLf7%2CG-7l%7Cp%2C7-D%2CE%2FC%2CFsLZ31C%207-Gl%7C%2C31C%2CG-9%20%20-bA%2C7er%20on1%2CC9s%20no%2047*%3C7-GlSA%7B*Y%5D%2C7o%23F%2C7Cf%2Csud.s%3A%201%239bD7obA(%20C7LZ)7-G(%2BC%20%5EFZL%3E%E2%86%92.sd%20noQyX96*%3C%20x%20LZsF%5E%3EtaepC%2CsusA-7(F1-G1NZLbA%2F7%5EoF7%20Gl%7C%2CbA%2F7%5EoF)A%2F1%20sC9%2C7-G)%7C)sus%5E%20D7LhG%2Csus9Cs%2011-GN2ZLQyX%7D%209C%207-GZ%2FC(C9Fl%7C%2C7%2FFsZL-9(EbL-GlZLsA%2F7DZLbBB*%5BY%5D%209F%20FZL)31ZAbo7bB%20Fl%20x%20ZL%2C%7ClG1GlA*%5BY%5D%2C7C%2C11-%7CG%2C7o%23F%2C11-GsZL3-7%20C79bB%2CC7obA%20%2B(G-7D%2FW(p)A%2FF(7-A%2C-7G)7obA(9%5EFsZL))%7ClG7C%20FZLQZLQyh%20D7bX6F%3EadoC%20la%20.SD.%20%3CZL31C%207-GZL9yQ%5DYXAZLQ%2C%5EbGZL7LZG-%20%5EbDZL31C%2011-GLZ5%237D%20hAZL7C%2011Eb-11D%207-A9%20Ab13susLZfUF%5E13XyQZ%20%3DJazz-Ballad%20Swing%3D83%3D1
1b8e7f4b-94e3-4bcb-8f2d-f09b55b1f3c3,irealb://Ascension%20(Don't%20Ever%20Wonder)%3DMaxwell%3D%3DR'n'B%3DD-%3D%3D1r34LbKcu7DS%7B%7Dp44%3C*7%7CQyX9-D%3E)ht61%20ngiws(%2069%20mpb%20%204ppG7%2CTi*%7BYlcKQy%7CppG7L%20lcKQyXD%2F9-AZ%20LlcKQyX9-Dl%5B%7Dp%2CZD-9XQyX9-lA*%7BY6%2FDXy%7CrQyX%7Cp%2C7Gpp%7CQXy9-DC*%7B%5D%20Q%20lcKQXyQ%20%7D-GZL%20X9-DlQ%7CppG%2ChG%3E%E2%99%A936*%3Cpp%7CQy9X-D%7C%7Dp%3Ex736*%3C%2C7p%5D%7B*ByX9-D.2%20QyG7%2Cp%7C1N%7CQyX9-DlA*%7B%7D%3E%20x436*%3CQyX%7CrQyX%3C*69Xpp%7CQy7-Ds%3EG7%2C%3C**%3C0N%7Dp%3E%20%2FQyX%2FQXy%2F%20%20QyXQyXQyX6669%204.pp%3E.3*%3C11-D%2CW%2FCoC%20la%20.S.D%20%20%3C4T6%7C%2CE%2FW%3E.%E2%99%AA%E2%95%9586*%3C%2Cda%3ElD%2FW%2CF%2Fmav%20Q.%3EXyQ%3C%7CrQyX%7Cp%2C7Gpp%7CyQX9-D44TQB*%7BYY%5D*09Xy%E2%99%A2%20%2066p%20out%3EXyQ%20%7D%20%3DPop-RnB%3D96%3D1
1bb6cfc5-2daa-4cfb-a93b-45fd129d865f,irealb://Joy%20Spring%3DBrown%20Clifford%3D%3DUp%20Tempo%20Swing%3DF%3D%3D1r34LbKcu77-GZL4F%5E7X-AZL7bE%207-bB%7CQXy7%5EFZL7C%207-G%7CQy7%20Ab74T%5BA*QyX7%5EF%5E7XybD%207-bA%7CQyX7%5Eb%5BGB*%5D%207bD%207-bA%7CQ7LZGbZL7C%207%5EG%5BCE7LZB%207-A%7CQyX7%5EbGZLb7D%207-bAZL7A%207-bD7%20%5D*%207-B%7C7%5EbGZ-7%20C77-bA%7CQyX7%5EbEZLb7B%207-F%7CQyX7%5EFZL%20Db7LG%7CQyX7-AZL-7%20C7-bB%7CQyX7%5EFZL7C7%20-G%7CQyX7%5EF%5BA*%5D%207%20Eb7G%7CQyX%20Ab7LZG-7%20C7LZF%5E7XyQ%7CG-7%20C7%20Z%3DJazz-Up%20Tempo%20Swing%3D100%3D5
1bd7f8c9-d622-4255-b03b-54505680f328,irealb://Neamtul%203%3DMoldave%20%3D%3DMedium%20Swing%3DC%3D%3D1r34LbKcu7%7B%5DQyXyQ%7CFX%23F%20D%7CQyXG%7CQyXGQ%7CyXFZL7oE%207C%7CQyo7LZGXFi*%5BoE%207CFLZC7CZL7oB%20-GB*%7B%7D%20%20F7oEZL-D%207CZLF%207%20FLZ%207CA*7LZF%20F%23o7LZG-%20Bo7LZC7%20FLZC-XyQ%7CD-XyQ%7D%20%3DJazz-Swing%20Two%2FFour%3D180%3D3
1b3213fc-c8bc-498a-8964-70e208d48458,"irealb://When%20You%20Wish%20Upon%20A%20Star=Harline%20Leigh==Ballad=C=0=1r34LbKcu7L7F%2064%3Ctp%207G%7CQyX7-DZL31bA7%207%5EC%3Eadcmfgg%20DXyQ%7CC4TA*{XQyX}Ebo7L-Ds,7A,7-Es1NZ7LG%207-DZL7G%207-DZ7,G7,%207-EZL7G%207XyQ%7CNX7%5ECZL7G%207-D%3Egm%20%20d%3CB*[]QyX6Cl2yQ%7CD-QyXQyZL31bC%5E7LZCA*[]QyX7G%7CQyX-7D%7CQyX7D%7CQyX7-A%5E7%20A7%207oCZyX6CZQ%7CG7X-DZL7G%207-DZL7oEb%207-EZL7F%206C%7CQy7%20G7LyX7-DQZ%20=Jazz-Ballad%20Swing=60=0"
1bb7e4e4-7d9d-40f7-ad47-d6794eab4cdc,irealb://You%20Gotta%20Be%3DDes'ree%3D%3DPop%3DF%3D%3D1r34LbKcu7%7B%20QyX*74XyXQyXQyX%7D%20C%20G%7CQXyFZL-A%20G%7CQyXF%3EQyQXyQ%3CA*%7BY33*%3C%2CQ%7CG%20ALbB%20bAZL-A%20G%7CQXyFZLC%20G%7CQyXFZL-ZBb%20CyXFB*X-DZLXyQXyyX-D%7CQyX-E%7CQyXD-C*%5B%20QyXQyXQyXQQ%7CG%20C%7D%20%3Ex3yQ%7CE-XyQ%7BF%3CXyQXyQ%3EXyQ%7CFXyQ%7D%7B%2C*B%2CXyQ%20%7D%20%3DPop-Rock%3D115%3D1
1b3ab743-4484-42c7-9ce3-79db3019d2f8,irealb://Bb%20Blues%20-%20shuffle%20time%3DAebersold%20Jamey%3D%3DShuffle%3DBb%3D%3D1r34LbKcu7ZL%20lcb7XyQbBZL%20lcKQyX7bELZ%20x%20ZL%20x%20ZL%20lcK7XyQKB44T%5BF7XyQ%7CEb7XyQ%7CBb7XyQ%7CF7XyQZ%20%3D%3D0%3D0
1b63bce1-e3b6-4dc4-ae35-560172f5053a,irealb://Liberty%201=Traditional==Fiddle%20Tune=G=2=1r34LbKcu7QyXGZ4GXyQA%7CQyX7E%7CQyXG%7CQXy%2DC%7CQyXC%7CQyX7G%7C7%20D7L4TA%2A%7B%2DAZLoG%20G%23oL7G%20GZL7D%207%2DAZ7L%2DE%20GZL7D%207%2DAZLZC%20C%23B%2A%7BY%7D7%20DLZGXyQ%7D%20=Pop%2DBluegrass=180=3
1b359ef4-8110-4246-a72b-945ffc0d13a9,irealb://Black%20Orpheus%3DComposer%20Unknown%3D%3DLatin%3DC%3D%3D1r34LbKcu77-D%7CQA-XyQL9b7E%205b7-B%7CQy-XAZL9b7E%205b7-B%7CZA-Xy44TS%5B%7CQyX7C%5E7XyX6C%7CQyX7G%7CQyX7D-%7C%5D%209b7A%207o%23C%7CQyQ%7CF%5EZL7G%20%205b7-XyQ%7CE-AB*%7C%5D%209b7E%205b-7B%7CQyX-A%7CQyX9b7XyQ%7CB5b7-BXx%7CQyZA-7XyX9b7A%7CQyX5b7-ZEL9b7E%205b7-B%7CQyQ%7CD-XL9b7EyX5b7-%20D-7X7%5EFZLG/7-A%20-ALZ9b7E%205b7-BZLC/yQ%7CB-D%7C%5DQy7-A%7CQ9XyQ%7CQC*%7B%5DQyXx%3EadoCl%20a%20.C.D%3CQ%7CQyX-AD-7Xyb7E%7CQXyQ%7CD-7XyQ%7CA-7XyQ%7CD-7XyQ%7CE7XyQ%7CA-XyQ%7Cx%20%20%3CFine%3E%20%7D%20%3DLatin-Cuba:%20Son%20Montuno%203%E2%80%932%3D160%3D1
1b13533c-6777-4862-b6fb-f325a7c0e12a,irealb://Blues%2011-8%3DKarparov%20Vladimir%3D%3DEven%208ths%3DF%3D%3D1r34LbKcu7-C87T7%20LZTTZL%207F87TZLx42ZTL%207bB87TZL%20x4224xLZF87T%5BTZL%20724F7%20Lx42TZL%20oB87TZxL42TZL%207bB87TZLZT78FTZL%207%20x42TZT78A87TZLx42TZL%207-8G7TZL7D42TZL%207hC7%20LZL%20x42LZT78Ah7%20LZT24D7LZT78G-7%20LZT24C7%20%5D%20%3DJazz-Even%208ths%3D150%3D16
1b9193db-d1fe-4efa-9c30-1ea394bb7e43,irealb://Blues%203%3DGreene%20Ted%3D%3DMedium%20Swing%3DG%3D%3D1r34LbKcu7X31G%7C13XyQF%7CQyX9C%7CQyXtlaG7%7CQyX31G%7CQyX9C%7C13XyQG44T%5ByQ%7CE7%239XyQ%7CA13XyQ%7CD7altXyQ%7CG13%20E7%239LZA7/F%23%20D7%239%20Z%20%3DJazz-Medium%20Swing%3D100%3D3
1b1f1f07-887b-4833-830b-6196adf1e1a4,irealb://Bossa%20Dorado%20-%20rn%3DSchmitt%20Dorado%3D%3DGypsy%20Bossa%3DD-%3D%3D1r34LbKcu7%2B%2B%2B%2B%2B4D-Xy%2B%2B%2B%2B%3C%7CQyX6b-D%7CyQX6-D%7CQyX6b-D%7CQ%2B%2B%2B%2B%2B4Ti*%5B-DSA*%2B%2B%2B%2B%2B7A%205b7-E%7CQyX6-%7CDQyX6b-D%7CQyX-D%3E%20%5DYY%7B%2B%2B%2B%2B%2B1N%7CQyBA%29%3EXyX5b7-EQ%7C%7CQyX7%7CEQyX7E%7CQyX-D%7CQyQ%7CA7XAA%28%20%3CyX-D2yQ%20%26%20yXQyX%7D%207A%205b7-%3EEeniF%3C%7CQyX-D%3E.3Q%20%20%5BNX66*%3C%2B%2B%2B%2B%2ByQ%5D%5B*%7CQyX7-G%7CQyX7-GQ%7CyX7D%7CQyX5b7-AB%3C%2B%2B%2B%2BX-D%7CQniF%20l%2B%2B%2B%2B%2BD%3C%7CQyX5b7-E%7CQy7XE%7CQyX7E%3E%2B%2B%2B%2B%2B%2B.S.%20a%2B%2B%2B%2B%2B%7CQyX7yQ%5DYY5b7-E%3E%291x%20gat%28a%20doC%20%20QyX86*%3CQ%7CXyQ%7CAX7A%3EeX6b-DKcl%20L-D%7CQyX6b-D%7CQyXD-%3EortuO%20%2086*%3C%7BZ6XyQ%7CQyX-DQyX6-XyQ%7CDht%20dnoB%20semaJ%20%20-bil%20da%3C%7CQyX6b-eme%3ED-D%7CQy%7ClD-%2C%20%2C%20%2C%20%7D%20%3DLatin-Brazil:%20Bossa%20Acoustic%3D140%3D3
1ba7f2eb-a6d5-45f8-a90d-d3e9a7dcfe82,irealb://Brazilian%20Sugar%3DDuke%20George%3D%3DSamba%20Funk%3DC%3D0%3D1r34LbKcu7aG%7CQy44%3C*7QyX9-AZL%20lcKQy3X1%5EC%3E002%20mpb%20%204%7CD%2FEXTA*%5BYlcKQy%20F69LL%20lcKQyXsus31DLZ%20x%20ZL%20x%20ZL%20x%20ZZA-9XF%2F9dd11-A%7C-11Xy-%23F%7CQyX9%5EAZL%20lKcQyX9-%23GZL%20lcKQ11XyQ%23FZL%2075*%3CD9susX%2F%20QyX%2F%20QyX%E2%99%AA%20Qy.X%E2%99%A9%20%2047*%3CB*%5BY%5DQy%3EBb%5E%2FE%7CQyXQyX%3E%EF%B8%B6XyQ%7C%3C*%3CC%2F7-A%3E%2F%20QyX%2FQ%20yX%E2%99%AA%20QyX.%E2%99%A9%20%2047*57XyQ%3E%EF%B8%B6QyX*%3C%5EbB%7CXyQLX%2F%20QyX%E2%99%AA%20QyX.%E2%99%A9%202%207*%3CZLQyX%7CrQyXZyQ%20%2F%3ErQyX%7CLQ%20%203%EF%B8%B6%3E%20A-yX9-AZL%20lcKQyX%2FE%5ECC*%5BY%5DppppZL7Q%7CG%5E1QyX45sus9DyQ%7C%3C*yX15*%3C%20x%20%3E%E2%99%A9%20Qy%2FX%20QyX%2F%20QyX%2F%20%2096Q%EF%B8%B6%3E%2CsX9%5EEZX%7CrQy66XyQsus9B%7CQyX9%5EElQY%7BY%5D%20%20xl%2C%20%7Cppp%3E%E2%97%87XyQ%7CX*%3Cp%7C%2C%7CrQyX%7B%3C*74us9B%7CQyX9%5EEl%3E)loos%20cov(%20ortuo%20sXyQ%7CY%7D%20Qy%3CXyQ%20%20vamp%20out%3E%20%20%3C*63XyQ14x%3E%20%20%7D%20%3DLatin-Brazil%3A%20Bossa%20Electric%3D200%3D6
1b3f8399-3e07-4bf0-bd71-5171c1a10323,irealb://ii7%20-%20V7%20-%20I%20Cycles%20%28cont'd.%203%29%3DTodd%20Coolman%2C%20%22The%20Bottom%20Line%22%20%281990%29%20p.44%3D%3DSwing%3DC%3D%3D1r34LbKcu7detae%28Highcitcarp%20ot%20tna%20wuoy%20tahw%20thgile%20rep%2054*%3CyC%20%2CsXyQXyojam%2021%20%297%2886*4%3C4T%5B%20QyXQyXQyXQr%20key%3E%29.ylL-C%5B%5Df%20FouFZL7CZL-G%5D%20xZLC%5EZL7GZL-D%3E.shtr%5ELZx%20o%20elcE%5D%20xZBb%5ELZL7bEZL-bB%5B%5D%20xZ%5ELbEZL7bBZL-F%5D%20xZAb%5ELZL7FZZL%5EBZb7LZDL-%23C%5D%20xZL%5EbGZLb7DZL-bA%5B%5D%20xZL%5EbZF%237LAZL-btcarP%23-LZBQyX%3C%5B%5D%20xZL%5EAZLE7ZL-B%5D%20xZL%5EEZL7XyQ%20%28F%5B%5D%20xL%5EDZLn%20allE%3E%29.sleef%20dna%20esrutangis%20emit%20-LZA7i%20eciZx%20%5DA-LZD7LZG%5ELZx%20%5D%20%3DJazz-Long%20Notes%3D100%3D1
1b6636e9-0b68-45d9-85ec-725f5d8606ff,irealb://Influencia%20Do%20Jazz%3DLyra%20Carlos%3D%3DSamba%3DC%3D2%3D1r34LbKcu7QyX9b4D-7XX7-D%7CQyX9b7A%7CQXy7%5EC%7CQyX9b7G%7CQyyQ%7CG74TA*%7B%20E%2F6CyQ%7CC66-F%7CQyXh%23F%7CQyXb97C%7CQyX7-G%7CQyX9%20%20QLZX7%5EC%7C%7CQyX9ZD-7%20L%20QyXQyX%7DQyX9bA7%5BQyX96C1NZL31GZN2C6L7obE96A%207%20F7%2316A%207-EZL96A%207-ZEL96A%207-EB*%5BZL19LZE-11-%23F6CQ%5BY9%20Bb67G%207-DZL7-bE%207E-ZL96bB%209-%23FZL9b9%2C%20%5D-%23FZL%2FE%20Ebo7LZD-7%20G13LZC69XyQ%7CxXyQ%5D%20%3DLatin-Brazil%3A%20Samba%3D200%3D3
1baefe19-b36d-4b95-8a64-97d10fda2d4f,irealb://Certos%20Amigos%3DRural%20Expresso%3D%3DRock%20Rural%3DG%3D%3D1r34LbKcu7/D%20GB4G%20D/usD%207-AZLB/G%209ZCLD/7-B%207-EZL%23Fs%20%7D%7C*4TA*%7BD/7-B-7%20B-L%23F/D%20GZLsusD%20-7AZLB/G%209CZLD/7ZE-7%20EZL%23F7-EZLG/BLZG%7CQyXQyXQyXQyXQ%7CyXsusD%7CQyXsusA%20D/F%23%209CZL%20B-7/DLZC9%20G/BLZA-7%20DsusLZGXyQZ%20%3D%3D0%3D0
1bcd364b-e5dc-4c22-b143-77b879dfab6f,irealb://Changes%3DTyner%20McCoy%3D%3DUp%20Tempo%20Swing%3DG%3D%3D1r34LbKcu7*%3C%20%3E%E2%99%AA44%3C*7yX96*%3C%20%5EG%7CQyXssu31G%3E252%20mpb%20%204QXyQ%E0%B8%AFTi*%5BY%7CQyXG%EF%B8%B6%3ELZXL%3E%EF%B8%B6QyX15*%3C%20%3E%E2%99%AA%E0%B8%AFyQXQyX96*%3C%20%20%7CrQyZA-7%2FQyX15%2F%20QyX66XyQ%E2%99%A9%20%2066*%3C%7CrQyXZL%EF%B8%B6%3EQyX84*%3C%20%3E%E2%99%AA%E0%B8%AFQyXXyQ%20%E2%99%A9*%3C%20%5EGf(%20%209%3E%20%3C*41G(9%5EG%7CQyXsus3G1SA*%7BY%5DQyX%3E%EF%B8%B6%20%2083)%3C*6%2F%20QyXQyX96los)%3EX31F%7CQyX9-C%7CQy)X31G(%20%7CrQyX%7CQyXyQ%7CBbos%20rous31b69XyQQyX15*%3Csus31bB%E2%99%AA%3E%20%20.%E2%99%A9QyX%E2%99%AA%20%20.%E2%99%A9%20%20%20%EF%B8%B6%3E%20A*%3C1N%7Cs9D%7CQ%20%EF%B8%B6%3E%20%7DGB*%5BY%5DQyX5%239%2372DN%7CQyXQyXQyXQyX%5E%2FDXy15*%3Cs27*%3CZ%7C%3C*72X45*%3C%20%2031D%3E%E2%99%AAQy.X%E2%99%A9%20QyX%2F%20%20QyX%2F%20%20yQ%EF%B8%B6%3ELQyXsuQyXsuyQ%2F%20%20yXC%2F%5EFl%7C%2C5bD%2C5sDp%2CD%2F%5EG%3E%E2%99%AAQyX%E2%99%A9%20%E0%B8%AFQ%7CC9sX%2FQyXY%5DQyX%20%20%2FXyL%3E%EF%B8%B6QyX45*%3C%20%2031%3EC%E2%99%AAQyX.%E2%99%A9%20QyX%2F%20%20QZF%5E%2FC27*%3C%7C6*%3C3169XyQ%EF%B8%B6QyX15*%3C%20%2011-F%E2%99%AA%3E%20QyX.%E2%99%A9%20%20QyX%E2%94%81%20%20%3ELZBb*%3CC*%5BZL%3E%EF%B8%B6Q%3EXyQ%7C%3C%20%209%5EbE%3E%E2%99%AA%20QyX.%20%E2%99%A9%20QyX%E2%94%81%20%20QyX96*%3C*51Xy%E2%97%87QyX9%20.S.D*69XyXsus31bAZL%20lcKyQXsus31G%7CQyX%3E%E2%97%87QyQ%7C%3C%20%3C9%237DZL31Gne%3E%20x1G%3E%E2%94%81%20QyX%E2%99%AA%20QyX.Q%E2%99%A9yX27*%3CD*%7BYY%5D%20%203sus%20iF%20laLQyX%7CinterQyXn%3E)solos%20refta%2Ferofeb(%20edul%7CXyQr%2047*%3Cal%20%20QXyQ%E2%99%A9.%7CQyXnZL31bB%20su3s1bB%3E%E2%94%81%20QyX%E2%99%AA%20QyXn%20%3CXy96*%3CZst%20x%3A%20vamp%20out%3E%20LZAb13%20Bb13sus%20%7D%20%3DJazz-Up%20Tempo%20Swing%3D252%3D3
1b9785a3-1e94-4cf6-9e57-232ebabb9d33,irealb://S%2042%20Bb%20Major%3DNiehaus%20Lennie%3D%3DMedium%20Swing%3DAb%3D%3D1r34LbKcu7-C%7CQybXyQ%7C%7CQyX7bDZL7bA%207b-E%7CQyXbA%7CQyX7bDDb-7XA44T%5B7XyQ%7CF7XyQ%7CBb7XyQ%7CEb7XyQ%7CAbXyQ%7CxXyQ%5D%20%3D%3D0%3D0
1bbfb983-a72a-4b29-a1bd-82f1d89dce64,irealb://S%2043%20A%20Major%3DNiehaus%20Lennie%3D%3DMedium%20Swing%3DG%3D%3D1r34LbKcu7D%7CQyXXyQ%7CCG%7CQyX6-C%7CQyX7CQ%7CyX7G%7CQyXG%7CQyX7XyQ%7CxG44T%5B7XyQ%7CC7XyQ%7CG%20C7LZGXyQ%5D%20%3D%3D0%3D0
1be8c995-f6cc-4633-b202-ee877defef8a,irealb://Come%20Together%3DLennon-McCartney%20(The%20Beatles)%3D%3DBlues%20Rock%3DD-%3D5%3D1r34LbKcu7*%3C%2CF%2F44%3C*7%3E%EF%B8%B6%20QyX45*%3C5D%3E%E2%99%A9Q%20yX%E2%99%A9%20%20%E2%99%AA%20%E2%99%AC%20%20%E2%99%AB%20%202%20sD-7Ti*%5BY%5D%20%20x%3E%20(bs%20b%20QyX47*%3C%20ZL%20xZ%20L%20lcKD%2FW%3E)ffirpm%2083QyX27%3C%2C5GZD5%2C%20sQyX7Al%7CZL%20x%20ZLx%20%20ZL%20lcKD%2FW%2CF%2FWKcl%20LlA*%5BY%5BY%5D%20%20Q%20%E2%97%87%3EXx%20ZL%20lcKD%2FW%2CF%2F-7Ds%205D%5B%5D%20npp%7CQy%20LZ%20xyX06*06*%3C55%20sW%2FcKQyX7Al%7CZL%20x%20LZ%20x%20ZL%20lcKD%2FW%2CFl%20LZGDlSA*%3C%7C%2CA%2F%3EXyQ%7C-B%3E%E2%99%ABQyX%E2%99%ABQyX%E2%99%ABQy%E2%99%ABX%20%2027*%3CB*%5B%5D%20npp%2C%20%20sW%E2%97%87%20QyX%205Dl%3EXyQ%E2%99%ABX%20sb(%2096*%3C%5Dn%2C5A%20s%2CGl%3E%E1%8A%95%20%20QyX%E2%99%A9%20Qyriff)%E2%99%AB%2027*yX%5D%20QF%2CW%2FDdnE%20dn2%20la%20.S.%20D%3CZL%20x%201NZL%20lcK.%3E%20x%20%2F7-Dseef%20s%20Y%5BN2%E2%85%9B(%20olos%20onp-e%20%20-%20QyX47*%3C%20%207-Dl%20note%20QyXQL%20x%20ZLZ%20x%20QyX7A%3Eolos%20tg%2072*%3CZL%20x%20ZL%20x%20ZLKcl%20L%3E-%20)l.D%2096%5D%5B%3C*6-D%2CF%2F6-D%2CD%2F2F%2CD5s%3E)ffir%20sb(%20%2097%2C%7C%3C*%20%20x%20Z%20%E2%85%9B(%201%20CodaDQ%7BY%20%20QyXQyX%5D%2C%2FDW%2CF%2F-Ds%20%2CD%2FGl%3E5%2C%3C*7la%20.Sav%20%20Q%20feelQyXZL%2C-D%20%2CD%2FGl%2C%7C7-D%2C6-D%2CD%2F2F%3E)r%7C%3CXysetonmp%20out%3EXyQ%3C*636x%3E%20%7D%20%3DPop-Rock%3D83%3D1
1bbd8c9a-f139-4f99-9c73-7a81a26e5775,irealb://Come%20Undone=Williams%20Robbie==Rock=B=9=1r34LbKcu7ZLB%3Ee44BLZ%2007%2A%3Cv%2A%7BY%5D%20xZLZELxZLBZLxZLEZLx%20VersTi%2A%5BY%2A%3CC%2A%5BZxLZBXQyX%5D%20EZL%23FZLELZ%23F%7CZLxZLEZLxZLyQ%20%20YLEZLxZL%2CBZhorus1N%7C%5D%20EZL%2D%23CZL%20r%7C%20ZL%20%7Cr%20ZLEZLB%3EBLZELC%20%2086LAZLBQLZN2%23G%2FEZLA%3EegdirB%20%2007%2A%3CB%2A%5BY%5D%20BZLBLZBLZyX%7D%20EL%2D%23CZLZF%23LZL%20%7Cr%20ZLEZLB%3EoolS%20%2027%2A%3C%5BY%5D%20%23FZ%20r%7C%20L%23G%2FEZL%2D%23CZ%7B%2AC%3C%2AZL%20%7Cr%20ZLEZLB%3Eden%20ot%20surohC%20%2007%20r%7C%20LY%5D%20EZZE%20%7D%20==0=0
1b3f3da9-c944-4dd6-a307-e09d6fcf5a04,irealb://Completo%20En%20Ti%3DRomero%20Sheila%3D%3DRock%3DG%3D5%3D1r34LbKcu7-EC*%7C4G%2C*AEZL%2C%23F%2FD%20%2CGZL%2CF%23%2FD%20%2C-EZL%2C%23F%2FD%20-%20C%20%7D4Ti*%7B%2FD1NZZE-%2C%20%20%2045*%3C%2C-A%3E%E2%80%A2%20%204*5%3C%2CG%3E%C2%B0%20%2015*%3CZLC%E2%80%A2%3EG%2CLL%2CC%20%2C%20oT9668To%20sE%3E%E2%80%A2%20%2045*%3C%2C%23F%2F%3ED%C2%B0%2015*%3C2N%7CQyX%3EBus%2C%3C**%3C%2C%23F*%3C%2CC%3E54%20%20%E2%80%A25*%3CZL%2C-E%20%2CGZLDC%20ZL%2C-E%20%2CGB*%7B%2CE%3E4%20%20%C2%B0%20*%3C%20%3ED%2CG%3E%20%E2%80%A2%3ED%2C%3C*%3CZL%2C%23F%2FD%20%2C-EZL*%2Cmid*%23D%3E%20%20%E2%80%A2%20%2075*54%20%20%E2%80%A2%20%2075susD%20%20%E2%80%A2%3EB-%7C%7DQyX%2CD%7CQyX1N%2CA-Q%7C%2CC%3E%C2%B0%20%2015*%3C%20%2CN2A-%2C%2045*%3CD%3E%C2%B0%204G%3C*63%2C-%23F%20AZLE%20DZL%2C%23-F%20D*%2CA%7B%20%20%3EA%20oTLZ%3C*5%7C%2CD%20%2C*%3C%2CA%3E%20%E2%80%A2%3EE%2C*%3CZL%2C%23G%2FE%20%2C-%23FLZ%2C*mid*F%3E%E2%80%A2%2075*%3C57%20%20%E2%80%A275*%3C%2CF%20%2C7%23%3EC%23-%2C%20%2C-BQ%7DQyX%2CE%7CQy%2CX-B%7C%2CD%3E%C2%B0%2015*%3CQ%20E%2CLZC%E2%80%A2%20%2075%23-%2CLZT24B-%2CXyQ%7CT44Esus%20E%2C%20%7BA%20G%2CLZD%20E%2C%20%7D%5BA%20U%20%5D%20%3D%3D0%3D0
1b247156-c8d5-4783-af96-d684e799c6cc,irealb://Long%20Train%20Running%3DBrothers%20Doobie%3D%3DDisco%20Funk%3DG-%3D10%3D1r34LbKcu77-G%7CQ44G-7A*%7BYY%7DQyX7-G%7CQXy7-G%7CQyX7-G%7CQyXG-7XyTi*%7BY7bE%7CQ-7XyQ%7CQyX7-G%7CQyX7-CQ%7CyX7-C%7C%7CQyX7-G%7CG-7XyG%7CQyXyX7-Gsus%20D-G%7CQyX7-GB*%5BYYQ%7DyX7-G%7CQyX7-GZL7XyQ%7CD%7CQyXD%20susXyQ%7CC7bE%7CQyX7-G%7CQyX-7G%7CQyX7-C%7CQyX7-XyQ%7CD7-G%7CQyXQyXXyQ%7CCI%20EMOC%20NWOD%20KAREB%3CQyXQyX%5DQyX7-N%3EXyQ7-CZLXQyXQx%20solQyX%3ESRAB%203%20RETAF43*%3CQyXQyX%3E%3F%20oXyQXyaS%3C%20QyQ*i%20*A%20*A%20*A%20*A%20*B%20*i%20*A%20%3DPop-Disco%3D120%3D1
1b5208c3-9b09-4362-b092-30fa06331ea6,irealb://Cruisin%20For%20A%20Blusin%3DWeiner%20Andy%3D%3DMedium%20Swing%3DC%3D%3D1r34LbKcu7-G%7CQyQ%7CxXy%7CQyX7FZL%20lcKQy7XbBZL%20x%20ZL%20lcKQD7%239XyX7F%5B9XyQ%7CC7XyQ%7CF%237XyQ%7CF7%20C7%20%7D%20%3DJazz-Medium%20Swing%3D130%3D3
1ba04591-65ef-4621-af33-a534c84bd9ab,irealb://%E6%B2%99%E7%BE%85%E6%9B%BC%E8%9B%87%20Star%20Field%3D%E7%BE%8E%E7%B4%80%20%E6%9D%B1%E9%87%8E%3D%3DRock%3DC%3D%3D1r34LbKcu7%7CQyXbyQ%7CAbbA%7CQyXCA*%7B%5D%20%2CG%2C%20susG%7CQyXbB%7CQyXXyQ%7CBXCi*%5B%20QyXQ%7D%7B*BA7bE%20%2CbE%7CQyXF%2Fb1AN%7CQyXG%2FbE%7CQyXb%2C%20%7DXyQyX7GLZN2F7%2FAXyQ%7CGsus%2FB%2C%20G7%20Z%20%3DPop-Rock%3D115%3D3
1b42be8b-0a6d-4896-8e44-6611bc58b0d8,irealb://Dreams%3DMac%20Fleetwood%3D%3DPop%3DF%3D%3D1r34LbKcu7QyX%7CQ44%3C*7yX*%20*F%3E%20C%20V%20B%20%20CV%20nI%20%20:mroF%20%204Q%7CGXyTi*%7BYL%20%7Cr%20%20%7DY%7B*%201N%7CZL%20%7Cr%20ZL%20%7C%20rZL%20%7Cr%20ZLGZL%2CFvr%7C%20LZQyX%7Cr%20ZLGZLZ%20r%7CC*%7BY%20%20QyXQyX%5D%20%7C%20r%20ZL%20%7Cr%202N%7C%7D%20%20F%5E7%2CL%20%7Cr%20Zr%7C%20LZ%20r%7C%20LZ%20r%7C%20%20%7DY%7B*BFXyQ%7CGXyQKcl%20LZFXyQ%7D%20%3D%3D0%3D0
1b0c3fc7-214e-448f-a226-a00f0f9c4ed8,irealb://East%20Of%20The%20Sun%3DBowman%20Brooks%3D%3DMedium%20Swing%3DG%3D7%3D1r34LbKcu77-CZL4G%5E7XyX7-A%7CQyX7E%7CQy7X-BZL%20x)7C(%20%7CQyQKcl%204T%5BA*yX7-E7XyQ%5D-EZL31b7B%207h%23FQ%7CyX7D%7CQyX7-A%5BB*7XyQ%7CF%7CQyXX7E%7CQyQ%7CA-ZL%20x)7C(%20%7CQyX7G%5E%5BA*%5DQyX7D%7CQyX7B-7XyX7A%7CQ9b7B%207XyQKLG%2F7-A%20-A%5BC*%5DQXy7F%7CQyX7-CZL%20lcZF%23h7-A%7CQyyX7-AXyQ%7CA%207-bB%7CQyX7-B%7CQXy7F%7CQyX7-A%7CQyX7Eb7LZ7-EZLQ%7CD7XyQ%7CG6XyQKcl%20%20Z%3DJazz-Medium%20Swing%3D120%3D3
1ba7e6f4-872d-4cff-9bf6-daa617ad3869,irealb://Vine%20A%20Adorar%20A%20DIOS%3DComposer%20Unknown%3D%3DGospel%20Ballad%3DD%3D%3D1r34LbKcu7ZL%23C/4D%20%20%28.raroda%20a%20eniV2%207*%3CA*%7B%29A%28%20%29A/G.%3ED%20A4Ti*%7BD%2CA/C/A%2CD/L%23C/A%20DZL%2CsusAE%20/GZL%23F/D%20G%7C%2C%23FZD/B%20C%20B/Dm%20a%20oG%20ALZE%2066*%3CB*%7C%2C%23F/DA%2C/C%20D2N%7B%7DQyXD1Nl%20vin%7C%2C%23F/X-B%7BQa...%20%20Q%2CA%20E/G%5BZLB/D%23%20F/AZLG/A%20G/-B%3E%7D%7CDXydiv%20iyQ%7CG/E%20A%20%7D%7CG%20G-/BbLZDXyQZ%20%3DJazz-Medium%20Swing%3D100%3D3
1b20f321-aab8-409d-a17a-a0313dc53eb8,irealb://El%20Gran%20Yo%20Soy%3DEn%20Espiritu%20Y%20En%20Verdad%3D%3DRock%3DC%3D2%3D1r34LbKcu7D%7CQyX4CXyQv%20ar3(%2066*%3C)7-(ACA*%7B%7D%20B%2FG%207-D%7Cez)%20%3E4Ti*%7BF%7CQyX69XyQ..ayulellA%20QyX66*%3CQ%7B%7D%20B%2FG%3E4x%20%20.%3EA-7*%3C%207-%7D%20%20%3E%2069XyQ4*%3C%20susGZLS%20%20CLZ%3Eot%20ad2%20QyXQyX5XyQ%20*%3C%20%202albme66%20%20T%3C%7C%7D%20%3E4x96*%3C%20%202ZFL7-A%20GS%7B%20%20%3EA%20o*69Ti*%3C%20G%7CQyXQy-XyQ%7C%20G%7CQyXC%7CQyXC%7CQXy2F%7CQyX2F%7CQyX-A%3C*72XA%3E...XyQ%20El%20Gran%20Yo...%3E%20LZGXyQ%7B*BA-XyQ%7CFXyQ%7CCXyQ%7CG%20%20Q%20%7D%20%3DPop-Rock%3D115%3D1
1b5f2c2d-8467-4349-8b00-83a095a8f877,irealb://El%20Reina%3DCielo%20Tercer%3D%3DSlow%20Rock%3DE%3D%3D1r34LbKcu7QyXEZ4EXyQF%7C%7DQyXD%7CQyXA%7CQXyD%7CQyXEA*%7BQyXE%7C%23-%20AL4Ti*%5B6*%3CE%7CALZDX%20%3C%7C%7D%20Q%20S%20D%7CQyX%7CAQyXD%7CQyXEB*%7BQy%3EEXyQ%20-%23F%7CXD%7CQy%2C%20Bx4XD%7CQyX-%23C%3EoloS%20%20QyX96*%3CS%7B%5DQyX%3EyQ%7CAXA%20oT6%3C%20D%7CQyQ%7CEXyXA%7CQyXD%7CQyXE%3EveauS%20%2066*%3CC*%5BQyQ%7CDXyXE%7DQyQyXA%7CTo%20B%3EQyXE%7CQyXD%7CQyXAQ%7CyXD%7CQyX-%23CQ%5B%20%20%7CDXyQ%20%2036*%7C%3C*66Retardando%3EDXyQ%7CfEXyQZ%20%3D%3D0%3D0
1b360577-469e-49ab-a1ff-72e203332da0,irealb://Erquiaga%20Blues%203%3DComposer%20Steve Erquiaga%3D%3DMedium%20Swing%3DF%3D%3D1r34LbKcu7BZL31*m9*%20*%23FZL9F%20*9m*CZ3L1bB%20*9m*FZL31Fm9*%20BC44T%5Bb31C%7CQ%7CEb9m*GZL31%23C%20*7m*G%23ZL9D%20*7m*A%7CQyX9*XyQyX31b9XyQ%7CA*m7*%20D7%239%235LZG*m11*%20C7b9%235%2C%20Z%20%3DJazz-Medium%20Swing%3D100%3D6
1bcd9267-1b9c-4b35-875f-86c9f9323ebd,"irealb://Gnid=Dameron%20Tadd==Medium%20Swing=C=0=1r34LbKcu7b7bG,4sF%5E%20%207-GZL7D%207-AZL-7G%20%5EF%7CQyXxZL7bEsBb-74TA*{X%5EFZL%20D7b9G2NZL%20QyXQyX}%20C7%207-G%7CQyX7G1NZL-7%20C7hA%7C,5CZL7GBBb-7QyX%5EbAZL7bE%207-BbZLoA%20%5EbAZL7bE%20%7CD-7%20*%7C]Qy7-AZLLZD-7F%7CQyXxZL7bE%20%5EF*A[]%207C%207-GZL7G%20%5E%20G-7o%23C%20%5EbB%20hBG-7%20ByXZL,7C%207-GZL97bD%20hA%7C,5b7G,7-bQ%20{*CZL7D%20-7LZF6%2FA%20AboLZG-7%20C7LZF%5EXyQ}%20=Jazz-Medium%20Swing=120=1"
1b053ccc-2a5b-4465-9c3c-8896e9a8fad6,irealb://Grandma%27s%20Hands%20%2D%20Jazzcaz%20Version=Withers%20Bill==PopSmooth%2EPiano%2EBass%2EDrums=C==1r34LbKcu7l%7C%2CD%2C4sA%2D%20sZL7E%20%2DEZL7%2DA%20A%2DZL%2DA%20%2DAl%7C%2CD%2C%2DAA%2D%20A%2D4Tv%2A%7BSOLOSLZE%20DQyX%7DQyX%2DA%7CQyX%2DZAL7D%207E%7CZLD%20EZL%20%3C%2A36%2DA%20%2DA%2DA%20%2DA%20A%3EXy%2DAl%7C%2CD%2C%2DA%20%2DAsv%5B%2A%20QyXQyXQyXQyXQ%20A%2DLZREVO%20D%207EZ%20E7LZ7EZLD%20EZLD%20EZLA%2D%20%2DAl%7C%2CD%2C%2DA%20%2DAs%20D7%2CL%2DEZL77LZE7%20D7%2CLZA%2DXyQ%7CA%2DXyQZ%20=Pop%2DSmooth=0=1
1b6b43ca-7183-4c26-b928-fb80f99ffab4,irealb://Harmonic%20Analysis%3A%20C%20Major=Composer%20Unknown==Medium%20Swing=C==1r34LbKcu7%7B%2AAT44CXyQ%7CCXyQ%7CG7XyQ%7CCXyQ%7D%20=Pop%2DBluegrass=200=6
1b7e4f9e-b207-40dd-9786-82a456576d0c,irealb://He's%20a%20Tramp%3DPeggy%20Lee%20Sonny%20Burke%3D%3DMedium%20Swing%3DBb%3D%3D1r34LbKcu7%207-C%3E4%3C%20%3ECF%207-C%3E%20%3C%2CA*%2C%7B%20F7%207-C%3E%20%3CZL7F%207-7LZ%3C%204Ti*%7CG%7CZLD%20%3EC-7%20obDZL7-C%207%5EbBLZ7F%207-C%3E%20%3CZL7F%20Bb%5E7/%3CZL7F-G%7CQy7%2CF11X7bE%7CQyX7bB%7CQy7X-FB*%7C%7DQyXbBl%7C%2CyQ%7CxXFs%207b-C%3E%20%3CC7XyQ7-C%3E%20%3C%2CA*%2CZL7F7%20-CZL5%237%5EG%207-C%7C%20F7LZ%7CQyX7ZLD/7Z%3C%20%3ECbDZL7-C%207%5EbBZLF7%207-C%3E%20%3CZL7F%207-o%20Bb%5EL7F%207%7CGb7%20lF7%2CLZlBbXyQZ%20%3DJazz-Up%20Tempo%20Swing%3D240%3D3
1bf33538-f177-402a-b9db-514919adc121,irealb://Himlen%20I%20Min%20Famn%3DH%C3%A4ggkvist%20Carola%3D%3DBallad%20Even%3DC%3D%3D1r34LbKcu7-A%7CQy-XyQ%7CXoB%7CQyX-D%7CQyXFQ%7CyXC%7CQyXG%7CQyX-DyQ%7CEXA43T%5BQyX-A-XyQ%7CE/-A%7C%2C-D%20%20-A%7CQXy%23G/E%7CQyXC%7CQyXG%20%20E%2C%7CD%7CQyX%7CQyX-Q%7CD-XE%7CQyXE%7CQyX-D%7CQXyF%7CQyXC%7CQyXG%7CQyXyQ%7CAyX-A%7CD-XyQ%7CGXyQ%7CCXyQ%7CBo%20%20E7%2C%7CA-%20%20D-%2C%7CA-/E%20%20E%2C%7CA-XyQZ%20%3DJazz-Ballad%20Even%3D75%3D3
1b43282d-61c2-4fd0-93a6-dffa24810bc0,irealb://How%20Insensitive%3DJobim%20Antonio-Carlos%3D%3DBossa%20Nova%3DD-%3D%3D1r34LbKcu7QyX%2C-4D-7L*%5B%20%20QyXQyX%7D%20117%23GZL7-DZL11%237GZAT44D4Ti*%7ByX7%5EbZC%23o7cKQyXB/7GZL%20lcQKyX6-CZL%20lcKQyXl%20LZBL%20lcK%207bDpLZEb%5E-D%7CQyX9b7A%7CQyXh7EZL%20lcKQyX11%237XyQ%7Cp%20lcKQX-DZL-6XyQ7hE%7CQyX7%5EbBZL%20clKQyX7oBZL%207F%20%7C%20A7b9CB*%5B%5D9b7A%7CDb7LZbB%7CQyX9b7E%7CQyX-7B%7CQyX7F%7CQyX7-C%5E7XyQpp%7CQy7AZL%2C-XyQ%7ChBZL-DZL9%237AZLh%20EZL%20hBQ%7CZ%20%20xQ%20LZBb%5ED%7CQyX%239LZfD-%20fG7%2311%20Z%20%3DJazz-Bossa%20Nova%3D140%3D2
1bd16b53-247f-4062-b79d-52709545ec15,irealb://In%20A%20Mellow%20Tone%20%2D%20Rose%20Room%20%28DGM%29%20130=Duke%20Ellington%20Hickman==Medium%20Swing=Ab==1r34LbKcu7ZL%20lcb7%20%20%5D%5EbA%7CQyX7bE%7CQyXb7B%7BQyXQyXQyXQyX7XyQKEpi%2A%5B%2DbD%287yQ%7CAbX%296%2DbD%28bD%5B%5D%20%20x1%20N%7CQyX7%5EbD%7CQyX7yQ%7CDoX7%2DbEX%7D%207F%7CAb%5E7QyX7bEZL%20lcKQy7XbB%7CQyX7FZL7bG%20%7CEb7%20QyX%296bA%7CQyXyQXyD%287oD%7CQyX%296%2DbD7%28bD%5B%5DQyX7bD2N%5BQb%2D6%29XQyXQy%5E7%2CXyQ%7CF7XyQ%7CBb7XyQ%7CEb7XyQ%7CAb%2CXyQ%7C%2CU%2C%3CFine%3EAbXyQZ%20==152=1
1bf3bdf7-99b7-462e-acf5-e7eab6855b19,irealb://One%2DSix%2DTwo%2DFive%20Turnaround%3A%20G%20Major%202=Composer%20Unknown==Medium%20Swing=G==1r34LbKcu7%7CQyX7XyQ%7CG7D%7CQyX7A%7CQyX7AQ%7CyX7E%7CQyX7E%7CQyXXyQ%7CDG44T%5BQyXZLQXyQXQyX%7CQyXQyXQyXQXyQyXQyXQyXQyXQyLZXyQyXQyXQyXZLLZXyQQyXZLQyXZLQyXZQLyXZLQyXZLQyXZLLZXyQQyXZLQyXZLLZXyQQyXZLQyXZLQyXZQLyXZLQyXZLQyXZLLZXyQQyXZLLZXyQLZXyQLZXyQLZXyQLZXyQLZXyQLZXyQLZXyQ%20Z%20=Pop%2DCountry=120=8
1b5544ae-88c5-4854-96e7-5557ecbfa46a,irealb://Jazzmaster%20Workout%20-%20Tonality%3DGrantham%20Jim%3D%3DMedium%20Swing%3DC%3D10%3D1r34LbKcu7%7BT44C5%2C%7CxLZxLZx%20%7D%20%3DJazz-Practice%3D100%3D10
1bd575bd-b68d-4b2c-85f4-b565717dfdd8,irealb://Jesus%20Children%20Of%20America%3DWonder%20Stevie%3D%3DFunk%3DG%23-%3D%3D1r34LbKcu7bDs%20%204Ab-7A*%7B%5D%20QyX%7CrQyX%7CyQX7-bAl%7C%2C7bDs%20%20lAb-74Ti*%5BDs%20%207b-7Xy7bE%207%5EEZL7B%207-F%23l%7C%5D%20QyX%7CrQyX%7CQLZAb-Al%7C%2C7bA%7C%2C7Ab-7XbBZL7B%7C%2CbD/B%2C7b-AZL7-bAsB*%5B%7DQyh7%2CEbl%7C%2C7bX7-bAb-7%2CBDs%20%207-bAlA*%7B%5D7Eb%2C7hbBZL7B%7C%2CbD/b7%2C%7ClAZL7-7-bAlQr%7CXys%20%207-bAZL7bE%207E%5EZL7B%207-%23Fl%7C%5D%20QDb7%2C%7CyX%7CQy%2C7-bA*BsAbA%7C%2C7bE%2C7hbBZL7%7CB%2CbD/B%2C7-bAZL7-b-7LZ%5B%7DQyX7-bE%7B%7CB7LZ-bAl%7C%2C7bDs%20%207-AblD*%7B%5D%2C7bE%2C7hbB7XyQ%7D%2CbD/BZLQyX7%2C%7ClE%7CQyX7-bEl%7C%2C7bA%20s%207-bEl%7B%7DQyX7-bXyQr%7CbAs%20%20EZL7-%20F%237LQyX7-bEl%7C%2C7bAs%20%207-bEZL7bB%207%5EBZ%7D%7BsEb7-%23ClhFZL7b/Ab%2CA/bG%2C7-bEZL7-b%7CE%2C7bB%2C7hFZL7bG%7Cb%2C%7CGbG%2C7-b%20dnA%20%2C%7DY%7BlR%20%2047*%3C%20%20%7CQyX7b-El%7C%2C7bAs%20%207-bEepeat7bB%2C7Fade%3E%20r%7CXyQ%20%7D%20%3D%3D0%3D0
1b9e529f-aa6f-4adf-8ebd-3e1ff2f3ed36,irealb://Let's%20Do%20It%2C%20Let's%20Fall%20In%20Love%20(Ella%20Fitzgerald)%3DCole%20Porter%20(Ella%20Fitzgerald)%3D%3DSlow%20Swing%3DF%3D5%3D1r34LbKcu7QyX%2C744%3C*7X9b7D%7CQyX6F%3E)%22%222%20ni(%2067%20mpb%20%204yQ%7CG-Ti*%5BYL6-bBG%2C%20C7LA%2FW%206FZL7C%207-ZGL7-D%206FA*%7BY%5D%20%2CZBb6%20%2F31C%7C2NZL%20%20D-7LX%7D%207C%207-GZL7o%23%20FF1NZL9b7C%207-GZyQXyQA%2F6FZ6bBZL6LZF6-C%7CQyX%5EF%7CQyX7-%7CGQyX-DB*%5BY%5D%207A%207%20F7%2CbB%206F9b31Cb-7%20EL7-D%206FA*%5BY%5DQynXZL%20nl%2C6bAsZL7bZG-7%20B%7CQyX17*%3C%20XyQ%7CFQ%2C9b31C%207-GZL7D-%20A%2F6FZL31bB%207-LZF6%207-DZL%2047*%3CD-7%2C%7CFQZL%20QyXQyXYY%5D%20%20nl%3E%E2%94%81%20%2086*%3C%2C9-G6XyQ%7Cs%3E%E2%99%AB%20%20%E2%99%A9XyQ%20%20%E2%99%ABXyQ%20%E1%8A%95%3EpsF7%2FC%2CF6%2CfF9%2311Z%20%3DJazz-Slow%20Swing%3D76%3D3
1be92af6-487d-4543-9f7d-cb562128973f,irealb://Loving%20You%3DComposer%20Unknown%3D%3DMedium%20Swing%3DD%3D%3D1r34LbKcu77A%7CQyiano%20XDA*%7BQyXQyXQyXyQXZL%207Af%20%3EdrohCyQ%7CxXP%3Ci*%5Bm*A%20DXyQ%7CAm*G%7CQyXG%7C%7CQyX7%7CDQyXD%7CQyXx%7CQyX7*XyQ%7Cx%7CQyXXE%7CQyXyQ%7CE%20QyXQyX%7DQyX7AZ7LE%207AZLQyX%7CQyX7LZA7X7BZL*yQZ%20%3D%3D0%3D0
1b6466e0-c8c0-47f5-8130-305e7cbce2d7,irealb://Man%20I%20Love%2C%20Up%20Tempo%2C%20The%3DGershwin%20George%3D%3DUp%20Tempo%20Swing%3DEb%3D%3D1r34LbKcu77*CZL4Eb6XyX*6m*bB%7CZL%20lcQKyX7-bEZL%20lcKQyQKcl%204TA*%7B%7CQyX6Kcl%20LlcKQyX9bB1NZLQl%20cKQyX*5b7m*F%7CZ%20LZEbQyX*%2BbA%7CQyXyQ%7CFZL%20lcKQyX7bB2N%7D%7CQyX7bB%7CQyX*7m*Eb6%2CX*%2B7*C%20lcKQyQ%7CEb*ClB*%5B%20%20QyXQyXZ%7C%207G%20%2C9bAs%7CQyX6m7*XyX*6m*L%20lcKyQ%7CG7m*CZL%20lcKQyX7GLZ%20lcKQyX6-C%7CQyX7*XyQX7DZLdoC%20lQ%7CG7XD20*%3C%7CQyX7-F%7CQXy7C%7CQyX*7m*G%7CQy.C.%20ayX7DZ*F%7CQyXyQ%5D%5BQyX*6m*bA%7CQyX%2Cb6EZL%20lcKQyX7bBQ%7CEb6X7bB%3Eam7*%2C%20Bb7%20Z%20%3DJazz-Up%20Tempo%20Swing%3D240%3D3
1b831d01-c917-415c-b97e-b01eca2a51c5,irealb://Move%20On%20Up%3DMayfield%20Curtis%3D%3DFunk%3DE-%3D%3D1r34LbKcu7XZLQy%23*m*%20XZLQyXZLQyXZLQXyZL*m*B%20AZL*m*EyQLZXF44T%5ByQLZXyQLZXyQLZXyQLZXyQ%20Z%20%3D%3D0%3D0
1b17b3a3-c97f-48d9-8c07-5abbc87e3426,irealb://My%20Adobe%20Hacienda%20-%20Arr.%20Ackley%3DLouise%20Massey-Lee%20Penny%3D%3DMedium%20Swing%3DG%3D%3D1r34LbKcu7B/G%7CQT44G6QyX7-A%7CQyX7D%7CQXy7-A%7CQyXo%23G%7CQyX%7CD7Xy%2CA*%2C%5BX7D%7CQZA-7%20%7CQyX7D%7CQyX7-A%7CyQXo%23G%7CQyX6GZL7DA-7XyLobB%20L%20lcKXyQKcZL%20lcKQyXCZL%20lKcQyX7G%2CB*%2C%5B%5D%20%20lA7XyQ6G%7CQyX7D%7CQyQ%7CD7%7CQyX7D%7CQyX7-A%7CyQXo%23G%7CQyX6G%7CQyXA-7XyX7-AZyQ%7CG6XyQ%7CxXyQZ%20%3DJazz-Medium%20Swing%3D100%3D3
1b09ddde-86ba-4736-a733-8aac8cbbdc57,irealb://N%C3%A4r%20det%20lider%20mot%20jul%3DJeanna%20Otherdahl%2C%20Ruben%20Liljefors%3D%3DBallad%3DBb%3D10%3D1r34LbKcu7L7D%20b4Bb%5EXD%207-C%7CQyX%5EbBZLb-E%20bE%7CQyX7-G%7CQy-7LZE2TA*%7CQyX%5EbyQ%7CN1yXQyXQyXQyX%5BQy%2CX7-G2N%7D%207F%20%2C7-GQ%7C*BEX7-GZbE%7CQyyQ%7CF7yX7-C%7CQyX7-D%7CQXy7-G%7CQyX7-D%7CQyXQ%7CF7XX7-C%7C7F%7CQyBb%5EXyQyX7-G%7CQyX%5EbBZ7LF%20%5EbB%7CQyX7-C%7CQ%7CC-7X%7CQyX%5EXyQ%5D%20%3DJazz-Ballad%20Swing%3D60%3D3
1b5dc770-e927-4302-8b5b-a7aaa6c985b4,irealb://NG:%20We%20Glorify%3DNG%3D%3DRock%20Pop%3DC%3D%3D1r34LbKcu7%5B*ACLZGLZxLZCLZxLZF%2CG%2C%7CC%20%20%5D%20%5B*BFLZALZCLZG%20%5D%20%3D%3D0%3D0
1b9c370b-bdea-4a4a-9cc0-0e4101e467ac,irealb://New%20York%2C%20New%20York%20%2D%20GH3K%201=Kander%20John==Medium%20Swing=D==1r34LbKcu7x%20ZLA4D%20sD6DA%2A%7B%5D%20%20npZL7A7%20%2DElZL%20lcK6D%2C7%5E%20D%5E7%2F4Ti%2A%5B%2DE1N%7C%2D7%20A7D%7CQyXDl%7C%2C%23C%2F7AB%2C%2F7%2DE%2C7A%2C7%2DEsZL%5E7XyQElZL%207%5EGB%2A6%2CE%2D77D%7CQyX7%2DA2NZL%20yQXQyX%7D%20%20n%2C7Al%7C%2CXyQ%5D%5B%2DEs%207E%7CQyX%2D6XyQX7%2D%23Fl%7C%2C9b7%23C%2C%2D7E%2C7%5EDps%7CQyX6D%7CyQ%7CB7G%7CQyX%20x%20ZL%2D6%2CE%2DElZL%20lcK6D%2C7%5ED%20sDA%2A%5B%20%20n%2C7Al%7C%2C7%2D7%20A7Es%207%2DyXA%2FDD%5E7%2FA%2DG%7CQyX7%5EG%7CQyX7%7CDQyX7%2DA%7CQyX6DZL6XyQ%7C%206DZL7%5ED%206%235%2CB7A%207%5EGZL7%2D%23F%207%2DlE%7C%2C%23D%2F7B%2C%23C%2F7A%2C11LZD7Bs%7CQ%2FALZ%20x%20LZlE%2D7%20A7LZ%3CBreak%2D%2D%2D%2D%2D%2D%2D%2D%2D%2D%3Espln%20%20Z%20==0=2
1bd70587-2fae-4e75-96ba-2d181f297e41,irealb://No%20Room%20For%20Squares%3DMobley%20Hank%3D%3DUp%20Tempo%20Swing%3DEb%3D%3D1r34LbKcu7QyXC/4C-7XX7-C%7CQyXC/6F%7CQXy7-C%7CQyXC/6F%7CQyyQ%7CF64Ti*%7BXx%7CQyyQ%7CF6QyXx%7CQyXx%7CQyXxQ%7CyX7-CA*%7B%7DQyXC/%7CC-7XX7-C%7CDZL7byQ%7CN1B*%5B%5DQyX7-C2N%7CQXyQyXQyXQyX%7DQyXxF-7%20EXx%7CQyZL7-F%2311LZ11%237bA%20hAZL7bB7%20-C%7CQyXx%7CQyX7-CLZG7%207bD%20hx%7CQyXb7%23117-C%7CQyXx%7CQyXx%7CyQXx%7CQyX7-CA*%5B%5D%20XyQ%7CxD%207bEXyQ%7CxXyQ%5D%20%3DJazz-Up%20Tempo%20Swing%3D195%3D9
1b7fe145-13f8-4e05-a33a-391e62732114,irealb://What%20Child%20Is%20This%20or%20Greensleeves%20(Tom%27s)=Dix%20William==Jazz%20Waltz=A-=0=1r34LbKcu7yX7E%7C4A-XyQyX7%5EF%7CQyX-A%7CQXy-E%7CQyXG%7CQyXC%7CQ%7CEXyQ3TA*{B*[]%20yQ%7CCXyX-A%7CQyX7E%7CQyXA-%7CQyX-E%7CQyXG%7CQyQKcl%20X-A%7CQcKQyXGXyQ%7C7E%7CQyXE%7CQyX7F%7CyQX-A%7CQyXGZL-E%20DXyQ%7CG%7CQyXGl%20LZD%20E-LZGXyQ%7CA-XyQ%7CE7XyQ%7CA-XyQ%7CA-XyQZ%20=Jazz-Gypsy%20Jazz=180=3
1b513151-e455-4ca5-a6f3-e0b80e605e2c,irealb://Some%20Of%20These%20Days%3DShelton%20Brooks%20%281910%29%3D%3DMedium%20Swing%3DF%3D%3D1r34LbKcu7E%7CZL%207XyQKX-EZL%20lcKQyX7BLZ%20lcKQyX-EZL%20lcyQKclB44T%5BcKQyXcl%20LZlcKQyX7DZL%20lcKyQX7AZL%20lcKQyX7A%20LZG7KQyX7XG%7CQyXyQKcQyXCZL%20lcKQyX-ZAL%20lcKQyX7EZL%20l%7CDboXCZL%20lyQ%7CE7XyQ%7CA7XyQ%7CD7XyQ%7CGXyQKcl%20%20%5D%20%3D%3D0%3D0
1bb2cb8d-c857-4425-9dc1-5a552ac2e11d,irealb://Pep%2DPep%201=Hitamiya%20Jon==Medium%20Shuffle=C==1r34LbKcu7ZL5%237b%5E9%20ABl%7C%2C9b7F%3E9b%2060%3C%2A%2C7%2DCs%209%2DDZL5%237b%5E9%20AB44T%7ByXQyXC%2D7%2C%3CXQyXQyXQyXQyX%3EOR%3C%7D%2C9b7F%3E9b%2060%2AyQXyQs%209%2DDbBlZLyQ%20%20%5B%20%2C7%2DCQyX9%2DD%7CQy5X%237AQyX9%5EbBl44TF7b9%2CXQyXQ%5E9XyQA7%235XyQ%7CD%2D9XyQC%2D7%2C%20F7b9%2C%20%5D%20=Pop%2DShuffle=134=18
1be688c2-7476-4b9b-b465-4da9ff777f66,irealb://Pipeline%3DSpickard%20Carman-%3D%3DRock%3DE-%3D%3D1r34LbKcu7%7CQyXxm*XyQ%7CQyXx%7CQyX*m*E%7CQ%7DyXx%7CQyXx%7CQyXx%7CxXyQ%7C*EA*%7BQyX7ByQ%7CxX%7CQyX7B%7CQyXC%7CQy7XB%7CQyXx%7CQyXx%7CQyCXyQ%7CX*m*AyXx%7CQ%7CA*m*yXx%7CQyXF%7CQyXx%7CyQXGB*%5B%7DQyXx%7CQyXQ%7CGXyQyXx%7CQ%7CA*m*XyQ%7CxXyQ%7CGXyQ%7CxXyQ%7CFXyQ%7CxXyQ%7CE*m*XyQ%7CxXyQZ%20%3DPop-Rock%3D160%3D2
1b7ca913-167a-4460-838b-d400afc128a7,irealb://Pipoca%3DHermeto%20Pascoal%20(Sergio%20Mendes)%3D%3DSamba%3DEb%3D3%3D1r34LbKcu7D%2F9%5Eb44%3C*7L%2C5%239%237D42TZL%2C69bEs%3E271%20mpb%20%204ZT44ATi*%7BYBs2N424C7%23sus9bB1N42TZL%2C%2FB9-%23D44TZL%2C11%239%2C%20%7DT2TZL%2Cb%3E%E2%86%93pet%2Cn%7CT6ghc%20yek47*%3C%2C31D%5Es44TSA*%5BY%5D%20nl4%3A%20%C2%BD%20ssus9b(%23C%2FsC%5E13L%2C31%5ED44TZL%2CsusA942TZL%2C9%5EbB44TZF%237su42TZL%2C9-F4)%7CT249-bE42T%7C)9%5EE(9E%5E%2C9%5EB44TZL%2C31%5EC%2CLZT411-%23C42T%7C)(Db%5E17E(11%239%237E%2C9-F44TZL%2C9%5EbG42T%7C)3%239%231131%5EbD42T%7C)ZT44B-E%2C9-D44TZL9-G24T%7C)9-A(9-A%2C9%5Eb9(E-9L9%5EbDL9-%23CBT44F9%5ED44TZL%2042T%7Cr4%204TZL9B42TZL7-%23LZT24*%7B%5DppbG44Tr%7CT24T%7Cr%2044TZL9bE42ZTL7-bB44TC*%5B%7D%20%2024%20LZ%2044TZ44TZL%2CAb13r%2044TZLsus31bB24T%7C)sus31bA(sus%7CT24%20sus31eniF%20LZT24.D%20%2096*%3C44T%7B%20%2024T%7Cr%2044TZLA%2F6-GS.%20alsus9Aek%20%204T24F%5ETA*%5BY%7D%20bB%2F%5EbG4T2ZL%2C6bB44T%7B%7D%20A%2F44%3C*7ZL6A%3E9bB42%3A%20%C2%BD%20s%5EB44TZL%2C31%5EbD4T2ZL%2C31%5EbEs%3E%E2%86%91pet9%2CLZTghc%20y%2C31%5ECZT44E%2C9%5EbD42T%7C)11%2397%23D(11%239%237D%2C31%5EbLZT44L%2Csus4TZL%2CF%5E13)T%7C)31%5ED(31%5ED%2C9%23-F44TZL%2C9-E42T%7C24G%5E9(31%5EFT%7C)9-%2CF7%239bB%2C9%5EB44TZL9%5ED24T%7C)11%239%237F(11%23-9(Bb9-%23F4L9C429LZT4G44TB*%7B%5Dpp42T%7C1)1-F(11-F%2C9-bE4-7LZT-bA42%5B%7D%20%204-7%2CLZ44TZL9-D42TZL9b%5EE44TZL11%239C42T%20r%7CT2G44TZ(sus3B-7LZs31G44TZL%2042T%7C%20r44TZLsus31E42Tus%2CA144TC*%2F6-bAs)%7CT2sus9bB44TZL%2042%7CTr%2044TZLsus31B4LZT24us31AT%5BY%5D%2044%20r%7Cr%2044TZLbB%2F%5EbG4T2ZL6bB44TZL%2042T%7CT24%20TZLbB9%237C44%20outD%2F9%5EbA44TZL5%2397%23D42TZL31%5EbE%3EorbLZT27*%3C44%2311LZT44B%5E9LZT24Bb9susLZfUT44lEb%5E13XyQZ%20%3DLatin-Brazil%3A%20Bossa%20Electric%3D172%3D1
1bf80bb3-a5aa-4207-98c2-69185542fac3,"irealb://Premi%C3%A8re%20rencontre=Berger%20Michel==Slow%20Ballad=C=0=1r34LbKcu79b7D%7C4CXyQA%7CQyX7E%7CQyX6-DQ%7CyX9b7D%7CQyX7%5EF%7C-7XyQ4TA*[b7D%7CQ7XyQ%7C%7CQyX,CB*{Y%7CQyXyQXQyXQyXZQyX7%5EFF%5E7XyG%7CQyXdoc%20lD-6XyD%3C%20%20FZL7G%209b7DLZQ%20%207-A%7CQyX7E%7CQ.C.%20a%7CQyX9a%3E%20}Y%7CQD7b9%20G7,LZCXyQ%7CA-%20F%5E7LZCXyQ]%20=Jazz-Ballad%20Even=74=2"
1bca21e5-f06f-4742-a652-3853c2269d55,irealb://Rhythms%20Complete%20%2D%2020%20%2D%20Rhythm%20No%2E%203=Dr%2E%20Charles%20Colin%20%26%20Bugs%20Bower==Medium%20Swing=Eb==1r34LbKcu7FZL7obXyQ%7CL7bB%207%2DF%7CQyXbEQ%7CyX7bBZL7bB%207%2DFZEb%20EE44T%5B%2D7%20Bb7LZEbXyQZ%20==150=0
1b8ee4ed-fbea-463b-83c8-34008a0cf4b2,irealb://Robin's%20Swing%3DLavine%20Phil%3D%3DMedium%20Swing%3DD%3D%3D1r34LbKcu7(7AZLS%3C*74%20lcKQyXo%23GZL%20lKcQyX96D%3EABAAQyXLZE7%20A*%7BYY)7bE(yQ%7CN1%3EeniF%3C%20)7E(7-ELZ)7F(7-B)D(%2096DA13b9X)7bEZL%20lc2D69X6D%7CQyX)-G(o%23G%7CyQXGB*%5B%5DQyX7D%7CQy9XyQKNZL%7D%20E7XyQKcl%20LZE-7XyQ%7C%3CD.S.%20al%20Fine%3EA13b9(Eb7)XyQ%5D%20%3D%3D0%3D0
1bb9f5b6-09dc-4c66-954b-d5e6f5469a98,irealb://Samba%20De%20Orfeu%20%3DBonfa%20Luiz%3D%3DBossa%20Nova%3DC%3D%3D1r34LbKcu7-DZL74sC%5E7ZL11%237F%207%5ECZL%20%20xZL%20x%20ZL%20lcKQyXE-7%20A4TA*%7BLQ%20%207G7XyQ7-D%7CQyX7G%7CQyX7D-%7CQyX7G%7CQyX7-D%7CXyQ%7CG%7CQyX7%20%20%3Een7%2311%20KQyX7%5EC2NZL%20QyQXyX%7D%207G%207-DZL7Acl%3CFibB1NZD%3C%207%5E-7XyQX7bB%7CQyX7-FZL%20clKQyX7%5EF%7CQyX7C%7CyQ%7CEbGB*%5B%5DZL%2C7-l%202ndZL7-G%207%5ECQ%5BZ%207%20G7-DZL%20%3Egnidne%20C%5E7%20Ga%20.C.XyQr%7CXyQLZXyQr%7CXyQLZXyQr%7CXyQLZfUC%5E7%2C%20Z%20%3DJazz-Bossa%20Nova%3D160%3D6
1b8c149c-e9e8-423e-a336-c280fa1dec3f,irealb://Sandu1%20inserted%20DC%3DEckert%20Rosana%3D%3DSlow%20Swing%3DC%3D%3D1r34LbKcu75%237Gp7LZF7/-CpsZL%2C7AZL7CLZxZL7FZLxZL7CZLG%2Cpp%7CC44T%7BZL7FZ%7CN1ppCZL7FZL7CZLnZLln2N%7C%7DQyXnl%7C%2C7Gp7LZxL%2C7Cp%2CCZL7FLZA7%2C%5D%20nZLnl%7C%2C7Cp%2C57%23Gps%7Cpp%2CG/-CpZL%7BC7LZ7CZLxZL7ClZF7LZ%2C7G%7C%2C7A%2C7CsZL7ZGL7DZL7AZL7CZLxD7%2C%7D%7BLxZL7%2C7G%2C77LZxL%2C7Cs1NZL7GZL7DLZ7AZL7CZLxZL7FZA7%2C%7CDCZL7FsZL%2C7C%3EC7LZLxZL7FZLxZL7CLZ7FZL7Cl%7B7G%2C7DZC7LZA%3C2N%5B%7D7F%7C%2C7%2Cpp%7CpZLnl2N%7C%7D%20nl%7C%2C7pGpp1N%7C%2C7Cp%2C5%237GnLZsCG/-Cp%2C7A%7C%2CxLZF7%237Gps%7Cpp%2CG/-CpQl%5B%5D%2C7A%7C%2C7CZLx%7C%2C5%2CpC7%7C%2C7C%7CC%3Eenip%7CpG7nZLnl%7Cpp%2C5%237Gpp%7Cp%2CG/C%2C7A%7Cpp%2C5%23LZf%3CFp%2CG/C9XyQZ%20%3DJazz-Medium%20Swing%3D125%3D1
1b762987-b498-45c6-9d4a-0d2532100457,irealb://Sconsolato%3DWoode%20Jimmy%3D%3DBolero%3DC%3D%3D1r34LbKcu7%5EF%7C%2C7-9LZBZL7%5EFZL31GZL9-AA*%7B%5D%20%7CrZL11%2331bG13%2CCAsi*%5BBZL317%2FGLZbD%2C7-bAZL96bE%7C7%2CbB%2CbB%2F7-FZL7-F7%2C%7CGb%5ECZL7%237EZL%2C%7CA-97DZL9-AZL7EZL7F%5E%7C%2C31bGpp%2C31GZLLZA-97E%2C7-L9-A%7CBA-9L%5EF%7C%2C7%5EF%2C31Gp%2C9A-ZL%7CrZL11%2331bBZ7%2CE7%2C*%5B%7D%20931GZL%2311LZ%5B%209%237EZL11-BZLr%7CZL11%2331bBZL9-A*CA-931bBZZL96bLZG13B%2CbB%2F7-FZL7-FZEL%2F7%5ECZL7%5EF%7C%2C7C%2Cb7%2C%7CE7%5EFZL-AZL7Db7%2C%7CF%7C%2C7bGpp%2C31GZL-9A%7C%2C7E%2C7BZL31bG%5E7LZE%2C7-bA%20ZL%20%7CLZr%7CQ%7Cr%20ZL7DZL9-AQ%7B%20%20QyXQyXQyXQyXZ%20%20LZ%20r7DZL9r%7C%20%20%7D%7CUfA-9%20Z%20%3D%3D0%3D0
1b0e819e-d4f2-4cc1-8e4c-00a5ed93ea54,irealb://Secret%20o%27%20Life=Taylor%20James==Even%208th%27s=A==1r34LbKcu7X2AZL4A2Xy%20%20%7CQyX2AA%2A%7B%20%20QXyQyX%7D%20sus7E%20%20%7CQE7sus4Ti%2A%5BX7%5ED%7CE7susD%20sus7E%7CQyX2A%7CyQXsus7E%7CQyX2AZL%2FE%2CE%2C%20%20%7CQy%2DBZL%23%2D%20C%23%2D%2F7%2DB%7CQyX7%2DB%7CQy%2BXD%7CQyXsus7%23FZL7E%20E%2FF%23C%7CQy9%5E%23C%20C%2BXyQQyXx%7CQyX7%5ED%7CQysXus7E%7CQyX2AB%2A%7C%7D%7CC%23%2D7%7CQyX7LZF%237XyQ%7CB%2D7XyQ%7CB%2D7%2FE%20E%2FF%23LZA2XyQ%7C%20%20E7sus%2C%20Z%20=Jazz%2DEven%208ths=100=0
1bc72aee-6d0f-4a3f-b5ac-33be87420dbb,irealb://Sentimental%20Walk%3DCosma%3D%3DBallad%20Even%3DF%3D%3D1r34LbKcu7QyXZL7sus/QyX%7CZLQyX%7CrQyXQ%7CyXC/sus7C%7CQyXGr%7CXyQC43T%7Bsus31%20%5D%5BBbyX%7CrQyX%7CQyXbB/uss7bB%7CQyXF/sus7QLZAbQyX%7CrC/susQ%7CAb1XG/sus7C%5B%7D%20QyXr%7CQyX%7CQyXbA/sus3yQ%7CC7yXbE/%2C%7CrQyyQr%7CXX%7CrQyXZLQyX%7CrQXyZLQyX%7CrQyXZLQyyQLZXX%7CQyXU%2C%3CFINE%3EXyQ%20Z%20%3D%3D0%3D0
1b54dd56-c2b2-42e2-9f11-1650c0db0efe,irealb://Seven%20Days%3DSting%3D%3DEven%208th's%3DC%3D0%3D1r34LbKcu7xZLxZ54%3C*7LxZL31%5ECZLxZLxLZ96C%3E581%20mpb%20%204ZC69LTi*%5BYLxZL9ASC6996FZLFZLxZL%2CGZ9L6bBZLbE%2FFZLxZLLZ%7CC6*%7BY%5D%20EZLGZLZBb6L%5EFB*%5BY%7D%20xZL9dadEZLxZL9ddaGZL9ZF%23hLbE%2FFZL11%239ZA-7L-AZL11%239bBZL7-ZAL%23G%2F7EZLGZL%5EFZ7LZBbL%23G%2F7LxZLxZF-6%20%3E).rtsni(%20edulertni47*%3C%5BY%20QyX%5DC69LZL7-AZ%20xZL9.%20al%20LxZL11%239bBC*%7BY%20%20QyXQyX%5D%20x%3EeniFZCaddS.D%3CZyX%5D%20x11LZxxZL9ddaCZLxZL1%2317bB%7B%5D%20xZL9%5EFZL%20%7DxLZ%239bB%7DBZL7-BF%5ELZ%2F7EZLGZL%5EFZL7-ZAL%23G%2F7EZLGZLh%23FG%23LZA*%5BY%20Q96C%3EoLZA-747*%3C%7BY%20QyX%5D%206-ZFL7-AZL11%239bBZL%20outr11%239bLZxLZBb9%2311LZx%3C*636x%3E%20%7DUsC5%2Cln%20%20Z%20%3DJazz-Even%208ths%3D185%3D1
1b41f3dd-ea15-4492-9e20-60c8a89e9085,irealb://Soledad%20Y%20El%20Mar%3DLafourcade%20Natalia%3D%3DLatin%3DC%3D0%3D1r34LbKcu7%23C%207%5E4E%5E7%20%207-%23FZL7-%23C%207%5EZEL7B%207-%23FZL7-%23CB7LZE4TA*%7CL7B%2079%20B9L7-%23C%207%5EEA*%7B%207B7%20-%23FZL7-%23C%207%5EEZLZF%23-CZL7-7%5EEZLC%23-7L7%5EEZL9B%209CZL7-C%23%207%5EEZL7B%207-%23FZ%20C%23-7%207%5EEZ%2C7-%23GLZ*BAF%7CQyXG%2F9%237C%7CQy7X-%23G%7CQyX9D%7CQyX6%23-7%20s7-%23C%20Xx%7CQylB13XF%7CQyX7%23Cl%7C%2C9%237sC%2C7-%23Gs%207-%23G%7CQy%23-7%2CX%7C%2C7%5EA7-%23FZXyQ%7Cx%207%5EEZL9C%207-%23FZ7L-%23C%207%5EEC*%7B%7DQyXC%23-7L7B%7CQy%20B7%2C%20%7D%20%3DLatin-Cuba%3A%20Bolero%3D85%3D3
1b9f0737-bf49-4999-aebc-bfb8f0f3b599,irealb://Song%20for%20Sichou%3DGALMICHE%20Franck%3D%3DBallad%3DF%3D%3D1r34LbKcu7yXobA4N1F%5EA%7CQyXobA%7CQyX11G-%7CQyX%29F%28obG%7CQyX-XyQ%7C4TA*%5BA%7CQyX1XyQ%7CQyX11-G%7CQyXobAQ%7CyX-AB*ZQyX9b7C%7CC7b91-G%7CQ-XyQ%7CAboXyQ%7CG-11XyQ%7CC7b9XyQZ%20%3DJazz-Ballad%20Even%3D100%3D3
1bba61d2-0032-4044-9f2d-b73fadefa252,irealb://Springtime%20Laughter%3DJeff%20Beal-Joan%20Beal%20(Spyro%20Gyra)%3D%3DSamba%3DG%3D7%3D1r34LbKcu7*%3C%2C7-22%3C*7QyX45*%3CG%3E%E2%99%AAQyX%E2%99%A9%20%20%E2%99%AAQyX%E2%99%AA%20QyX.%E2%99%A9%20%202%EF%B8%B6%3E%20sATi*%7BYA%20%3E%EF%B8%B6Q%20%EF%B8%B6%3EG%2F%3CCl%3E%E2%99%AA%20QyX.%E2%99%A9QyX%20%E2%99%AAQyX.%E2%99%A9%20%2027*%3C%7C%2CB*54XyQyX45%5EG%20%3E%EF%B8%B64XyQ%EF%B8%B6*%3CD%3E%E2%99%AA%20QyX.%E2%99%A9QyX%20%E2%99%AAQyX.%E2%99%A9%20%2027*%3CZL%3E54XyQ5*%3C7-%EF%B8%B6%20%20454XyQ%EF%B8%B6As%20C%3E%E2%99%A9%20QyX%E2%99%A9QyX%20%E2%99%AAQyX.%E2%99%A9%20%2027*%3CZL%3E-7%2C%3C*5*%3CB%2F15*%3C%2C*69%20%20%3E%EF%B8%B6QyX15*%3CGl%3E%E2%99%AAQXy%E2%99%A9%20%20%E2%99%AAQyX%E2%99%AA%20QyX.%E2%99%A9%20sA-7%3C%7C%2CG%3E7-A%20%3E%3EG%2FB%2C5*%3CCl%3E%E2%99%AA%20QyX.%E2%99%A9QXy%E2%99%AA%20QyX.%E2%99%A9%20%2096*%3C%7C1XyQ%EF%B8%B6%EF%B8%B6%20QyXD%3E%EF%B8%B6Qy*69Xy%2C-E%2C%23F%2FD%2CGs%3E%E2%99%AAQXy%E2%99%A9QyX%E2%99%A9QyX%E2%99%A9%20%20%E2%99%AA%20Q%3C*51X%3C1NZL*%3C2NZ9%20%E2%99%AAXyQyX%7DB%2FG%2CC%2CD%2C-E%E2%99%AA%3E%20QyX%E2%99%A9QyX%E2%99%A9QyX%E2%99%A9QXyQ%20L6*%3C%7C%2C3*%3C%5D%2C%20%20%E2%99%AA%20%20yX15*%3C%2C-E%2C%23F%2FDG%2C%3E%E2%99%AAQyX%E2%99%A9QyX%E2%99%A9QyX%E2%99%A9Q%20%EF%B8%B6%3EDQyX96ZL11-yQ%20bpL5%239b7%23FZLxZLhC%23lA*%5B%20QyX%3E651%20mZxLZBXQyX97DZLxBb7%239LxZL31%5EbEZLxZL%2359%237DZL31bBZL5%23ZAhLZZL7-B%5B%5D%20xZLZG-1LxZL5%239%237bBZL3%231FZL5%237%23FZLxZL1ZB%5E9LxZL9bLxZL9LZxLZZLG%2Fsus7DZLxZLo7bEZLxZLE%2F9ddaCGLZF-9-FB*tni%2049%2FELZ%20QyX%5D%20QxZL%3E%3Ax%20rd3%20%2096*%3C7obEZLxY%5B%3C*7ddaCZAs%20Gle%3EG%20s-As%20CZLB%2F%5EG%20DZ7L-A%20Cl%7C%2CB%2FG%2C7-A7%2CG%2C%7Cdulre%7C%2CB%2FGB%2C%7ClC%20GlQ%7BY%20QyX%5D%2CD%2CE-%2C%23F%2FD%2CGsZL7-A%20sA-7%2C%2FG%2C7-%2CGsZL7LZD%20l%7C%2CB%2FG%2C7-As%20Gl%2C%7CG%2C7-As%20CZLB%2F%5EGC%20A-7-A%20ClD%2FF%23%2CE-%2C%3CXyQXyQvamp%20out%3ED%2C%7CE-%2CD%2CC%2C%3C*636x%3EG%2FB%7D%20%3DLatin-Brazil%3A%20Samba%3D156%3D3
1bd9f642-09d9-482a-b4a8-cb20bb709e10,irealb://Take%20The%20A%20Train%3DStrayhorn%20Billy%3D%3DMedium%20Up%20Swing%3DC%3D%3D1r34LbKcu7QyX6C4C6XyX7G%7CQyX7-DZL%20lKcQyX5b7DZL%20lcKQyQ%7CN14TA*%7B%20ZL%20x%7DXyQXcKQyX7%5EFB*%5B%5D%207%20C%20%7CQyX6C2NZL%20Qyl%20LZ%20%20%20lcKX5b7D7XyQKKQyX6CA*%5B%5D%209b7%20G7G%7CQyX7-DZL%20lccl%20LZDZL%20xyQKcl%20LZD-7XyQ%7CG7XyQ%7CC6XyQKcl%20%20Z%20%3DJazz-Medium%20Swing%3D100%3D3
1b1eb43e-00cc-465f-89e6-55c5a89e3807,irealb://Summertime%20Rev%3DGershwin%20George%3D%3DLatin%3DA-%3D%3D1r34LbKcu7yX%5Dtl7%2CLZB%20%2C7-B2N%7D%20%2CA/7-1BNZL%2C7-AZL%2CA/7-snE7a-Ai*%7BA%2C7-EST44l7-Fs%7CQyX%2C7-A%7CQXy%2CA/7-B%7CQyX%2C7-A%2CBb7%2CA*%7B%20QX%2C7-A-7%2C%20%20%2C9b7Es%7CQyX%2ChBZ%2CL7F%20%2C7-Cl%7C%2C7bDsn%20LZlDl%7C%2C7%20%2ChBZ7/A%2CX%2C7C1NZL%2C7bD%20%2C7b-AZL%2C7D%20%2C7-A%7CQy%20F7%2CL-B%7CQy%2Ctla7%2CLZA-ZL%2C7F%20%2C7Cl2N%7C%7D7%2CEns%20%2C7-B%7CQyX%2C7Bh%2C%20Etla7EAsZLt7%2CXyQ%2ChB%7CQyX%2C7-Al44BT*%7B%5D%2C7Ens%20%2C7-B%7C%20E7al-AZLQBZL%2C7.*/G%2CCl%7C%2C7bDs%20%20%2C7-DLZtla7A%20hElZL7Fl-7%2C%20F*W%2C7-%2C7-bA%7CE7al%20%2C7-AZLtla7E%20%2CBh%7CQyX%2C7-A%7CQyX%2CtD7%2CLZQyX%2Ch*W%2Ch%23LZC7%2C%2CG/*.*W%2C7-AsZLt%2Cla7E%20%2ChBZL%2C7F%20%3C3X%3EF%2C7bD%20As%2CQ%7B%7C%3CD.S*.*W%2Ctla7E%2CF/**.W%2ChB%3EadoC%20la%20./G%23%2C%7D%2CA/*.-AU%7C%7DlD7LZ7E%20%2ChBZL%2C7F%20%2C7ZCL7bDl%2Cn%2C7-bAs%2Calt%2C%20%2Cn%2C7-6%2CXyQZ%20%3DJazz-Latin/Swing%3D160%3D1
1bec2593-2f28-4f3c-88ff-464047329bb3,irealb://Swallowtail%20Jig=Traditional==Fiddle%20Tune=E%2D==1r34LbKcu7%2DE%20D%7C8E%2DXy%7CQyXD%7CQyX%2DEZL%2D%20ED%7CQyX%2DE%7CQyXD%7CQE%2DXyQ6TA%2A%7B%20D%7CQyBE%2DXyyX%2DE%7CQyX%2DEZL%2DED%20%7CQyX%2DE%7CQyX%2DE%7CQQ%7CE%2DX%2A%7BY%7D%20E%2D%20%7D%20=Jazz%2DMedium%20Swing=100=3
1b8c88b0-a991-4cad-a846-1f849279b4e3,irealb://Tender%20Is%20The%20%20Night%20GS=Sammy%20Fain%2C%20Paul%20Francis%20Webster==Medium%20Swing=C=5=1r34LbKcu7QyX7%2DXyQLZ%23C%20%20ZLQyXCZL%207ZGL7obA%206%2DFZL%20x%20o7LZD%2DCA%2A%5B6%2DFZLZ%2ABD%2DAZLQyX7DZLlcKQXy%2DA%7CQyX7EZLQyX7%2D7%20D7L%207G%7C7C%207%2D7%20LZ%2AXCZL%207GZL7obA%20%2D6FZL%20x%20ZLQyX%2DCCyQLZGG%7CQyX%2F7obEQ%7CA7%20ZL%206%2DF%7CQyX%2DA%7CQXy7EZLQyX7%2DDD%2AZLC%2FG%20%20yXFZLGLZD%2D7%2FG%20G7LZCXyQ%7CD%2D7%20G7Z%20=Jazz%2DGypsy%20Jazz=100=10
1b476d45-0d01-42bc-8162-01bef9140059,irealb://There's%20Nothing%20Like%20This%3DOmar%3D%3DMedium%20Swing%3DEb%3D%3D1r34LbKcu7%2C7%5EbE7LZxLxZLxZL%2C9%5EbAZLxLZxZLxZLxZLxZLxZLZxLZ%5EbES%7BE1NZLxLZxL-F%20%2CB%2F7-bEZL%2Cb%2FD7-F%3E8%20diM06*%3CZ7%2FBb%2CZLxZLbEZL%2CZxLZxFZL7%5EbEZL%2C7%5EbEN2ZL%20QyXQyX%7D%20xZL-7%2FDbL%2C7%5Eb%3Esuro%20F-7%2F%3C%7CQyXQyXQyXQyXLZnQZL%2C7%5EbEZL%2CbB*68Ch%2CB%2F7-L%2C7%5EbLZxLZLxZLxZL%2C9%5EbAZLZxLxZLxZLxZLxZLxZxLZE%2C7%5EbEZL%207%5ELZ%3CD.tuO%20QyXQyX86*%3C%7BQZLx%3EadoC%20la%20.Sro%3EEbxZLxZx%20%3C*608x%3E%20%7DEb%5E7%20%20%3C*06Fine%3E%20Z%20%3DJazz-Bossa%20Nova%3D140%3D2
1bd72ae2-9d80-419c-8130-04b47e82db5b,"irealb://Toda%20Lengua%20y%20Toda%20Nacion=Toma%20Tu%20Lugar==Worship=A==1r34LbKcu7G%2FE%7CQ4DLZxyX%2D%23FB%2A{}%20xZLxLZxZLAZLxZL7%2DBZLQ%7CxXy4TA%2A{B%7CQyXA%2FC%23,DC%2A[]QyXx%7CQyXEQ}yXx%7CQyX7%5ED%7CQyXXyQ%7Cx%7CQyX%23%2FE%20%20%2D%7CE%2FG%23ZQyXx%7CQyX%297%2D%23FA%28%7CQyXx%7CQyXA%7CQyX{%2AiF%23QyX7%2DC%2FA%20%20%20%20A%2FC%2FE%20%20%2D%23FD%2A{}%20%23GE%2F%20A%7C,%23C%2FA%20%20D%7C,%23G%23,%7CAA%7C,%23G%23,%7CD%20%20A%2FC%23,%7CA%20E%2FG%23%20}%20==0=0"
1b90d184-ff7e-4450-b06c-559dac1ae619,irealb://Lydian%20Maj7%2311%3DComposer%20Unknown%3D%3DMedium%20Swing%3DC%3D%3D1r34LbKcu7X11%237%2311XyX11%237%5EE%7CQyX11%23%5E7B%7CQyX11%237%5EbG%7CQyQ%7CA%5E7%5EbD%5B11%237%5E7%2311XX11%237%5EF%7CQyX11%23%5E7C%7CQyX11%237%5EG%7CQyyQ%7CBb%5ED%7CQyXyQ%7CEb%5E7%2311XyQ%7CAb%5E7%2311XyQZ%20%3D%3D0%3D0
1bda79ae-52d5-43df-b591-d7e43484ec3a,irealb://Washboard%20Wiggles=Tiny%20Parham%201929==Trad%20Jazz=F%2D==1r34LbKcu7QyX%2DFXyQ%7CCF%7CQyX7C%7CQyX%2DF%7CyQX7C%7CQyX%2DF%7CQyX7%2DXyQ%7C%2DFA%2A%5ByX%2DF%7C%2DXyQ%7C%7CQyX7C%7CQyX%2DF%7CQXy7C%7CQyX%2DF%7CQyX7CF%2DXyQFA%2A%5BZbE%7CQyXyQXyL7F%20%2DbB%7CQyX7F%7CyQX7FB%2A%5B%20QyXQyXQZBb%2DXQyXZQC%7CQyXEb7Xy%20QyXQyXQyXQyXQXy%5DQyX7C%7CQyXbA%7CQ%5B%2AAF%2D%7CQyX77XyQ%7CF%2DXyQ%7CC7XyQ%7CF%2DXyQ%7CC7XyQ%7CF%2DXyQ%7CF%2DXyQZ%20==240=0
1b4d0782-4b00-40f5-a0e5-b3b24ca84c04,irealb://Yankee%20Doodle%3DTraditional%3D%3DMedium%20Swing%3DC%3D%3D1r34LbKcu7FB*%5B%5D4CXyQQyXG%7CQyXF%7CQyXCLZQyX%7CrQyXZLG%20C%7C%7CCXyQ4TA*%5BXyQKcl%20LZCXyQKcl%20LZFXyQKcl%20LZC%20GLZUC%20G7%20%5D%20%3D%3D0%3D0
1b4739e8-56ed-40e6-a3cf-7b23b33fc2a9,irealb://ii%20V7%20I%3DSchoen%20Chad%3D%3DMedium%20Swing%3DC%3D10%3D1r34LbKcu7%5BD-%20LZG7%20LZC%5E%20LZC%5EXyQZ%20%3DJazz-Medium%20Swing%3D90%3D10
1b19bed8-ee29-47a6-beaa-a3cf6c62011a,irealbook://On-Off%28Nowhere%29-On%20plus%20Dropback%20x%208%20-%20At%205%3DLego%20Metabricks%3DMedium%20Swing%3DC%3Dn%3D%7BC%5E7%20%7CAb7%20%7CC%5E7%20%7CA7%20%7CD-7%20%7CG7%20%7CC%5E7%2C%20%7Cx%3C8x%3E%20%7D%7BG%5E7%20%7CEb7%20%7CG%5E7%20%7CE7%20%7CA-7%20%7CD7%20%7CG%5E7%2C%20%7Cx%3C8x%3E%20%7D%7BD%5E7%20%7CBb7%20%7CD%5E7%20%7CB7%20%7CE-7%20%7CA7%20%7CD%5E7%2C%20%7Cx%3C8x%3E%20%7D%7BA%5E7%20%7CF7%20%7CA%5E7%20%7CF%237%20%7CB-7%20%7CE7%20%7CA%5E7%2C%20%7Cx%3C8x%3E%20%7D%7BE%5E7%20%7CC7%20%7CE%5E7%20%7CC%237%20%7CF%23-7%20%7CB7%20%7CE%5E7%2C%20%7Cx%3C8x%3E%20%7D%7BB%5E7%20%7CG7%20%7CB%5E7%20%7CG%237%20%7CC%23-7%20%7CF%237%20%7CB%5E7%2C%20%7Cx%3C8x%3E%20%7D%7BGb%5E7%20%7CD7%20%7CGb%5E7%20%7CEb7%20%7CAb-7%20%7CDb7%20%7CGb%5E7%2C%20%7Cx%3C8x%3E%20%7D%7BDb%5E7%20%7CA7%20%7CDb%5E7%20%7CBb7%20%7CEb-7%20%7CAb7%20%7CDb%5E7%2C%20%7Cx%3C8x%3E%20%7D%7BAb%5E7%20%7CE7%20%7CAb%5E7%20%7CF7%20%7CBb-7%20%7CEb7%20%7CAb%5E7%2C%20%7Cx%3C8x%3E%20%7D%7BEb%5E7%20%7CB7%20%7CEb%5E7%20%7CC7%20%7CF-7%20%7CBb7%20%7CEb%5E7%2C%20%7Cx%3C8x%3E%20%7D%7BBb%5E7%20%7CGb7%20%7CBb%5E7%20%7CG7%20%7CC-7%20%7CF7%20%7CBb%5E7%2C%20%7Cx%3C8x%3E%20%7D%7BF%5E7%20%7CDb7%20%7CF%5E7%20%7CD7%20%7CG-7%20%7CC7%20%7CF%5E7%2C%20%7Cx%3C8x%3E%20%7D
1bef06b9-6126-4e8a-9792-e7627cf3c0d9,irealbook://%28Caught%20Up%20In%20The%29%20Rapture%3DAnita%20Baker%20as%20played%20by%3DMedium%20Swing%3DC%3Dn%3D%5B*iT44D%5E7%20%20%20%7CG-11%20A-7%20%7CBb/C%20%20%20%7CG-7%20G/A%20%7CD%5E7%20%20%20%7CG-11%20A-7%20%7CBb/C%20%20%20%7CG-7%20G/A%20%5D%5B*AD%5E7%20%20%20%7CF%23-7%20%20%20%7CG%5E7%20%20%20%7CBb/C%20%20%20%7CD%5E7%20%20%20%7CF%23-7%20%20%20%7CG%5E7%20%20%20%7CBb/C%20%20%20%5D%5B*BC%23-11%20F%237%20%7CB-7%20E9%20%7CA-7%20D9%20%7CG%5E7%20Bb/C%2C%20%7CC%23-11%20F%237%20%7CB-7%20E9%20%7CG/A%20%20%20%7CG/A%20%20%20%5D%5B*CA/B%20%20%20%7CA/B%20%20%20%7CG%5E7%20%20%20%7CE-7%20F%237%235%2C%20%7CA/B%20%20%20%7CA/B%20%20%20%7CG%5E7%20%20%20%7CE-7%20F%237%235%20%5D%20
1b545229-8556-4e3a-8eb5-96872ee25ad4,irealbook://New%20Broom=Traditional=Fiddle%20Tune=G=n=%7b%2aAT22G%20%20%20%7cG%20%20%20%7cG%20%20%20%7cD7%20%20%20%7cG%20%20%20%7cC%20%20%20%7cD7%20%20%20%7cG%20%20%20%7dY%7b%2aBG%20%20%20%7cC%20%20%20%7cG%20%20%20%7cD7%20%20%20%7cG%20%20%20%7cC%20%20%20%7cD7%20%20%20%7cG%20%20%20%7d
1bc69ebe-d09d-487e-a649-20c9ddd87e94,irealbook://%D0%9A%D0%B0%D0%B1%D1%8B%20%D0%9D%D0%B5%20%D0%91%D1%8B%D0%BB%D0%BE%20%D0%97%D0%B8%D0%BC%D1%8B%3D%D0%9A%D1%80%D1%8B%D0%BB%D0%B0%D1%82%D0%BE%D0%B2%20%D0%95.%20%2C%20%D0%AD%D0%BD%D1%82%D0%B8%D0%BD%20%D0%AE.%3DDixieland%3DE-%3Dn%3D%5BT44B7%20%20%20%7CE-%20%20%20%7CD7%20%20%20%7CG%20%20%20%7CA-6%20%20%20%7CE-%20%20%20%7CB7%20%20%20%7CE-%20%20%20%5D%5BB7%20%20%20%7CE-%20%20%20%7CD7%20%20%20%7CG%20%20%20%7CA-6%20%20%20%7CE-%20%20%20%7CB7%20%20%20%7CC%20%20%20%7CA-6%20%20%20%7CE-%20%20%20%7CB7%20%20%20%7CE-%20%20%20Z%20
1b4dc635-c68a-4df7-ba43-71cd365b7675,irealbook://You%20Drive%20Away%20Them%20Blues%3DSharp%20Bill%20%20mm146%20%203x%3DRock%20Pop%3DC%3Dn%3D%5B*iT44n%20%20%20%7C%20x%20%20%7C%20x%20%20%7C%20x%20%20%5D%7B%2C*A%2CC*m*%20%20%20%7C%20x%20%20%7CF*m*%20%20%20%7CG7%20%20%20%7CC*m*%20%20%20%7C%20x%20%20%7CN1F*m*%2C%20G7%20%7CC*m*%20%20%20%7D%7CN2F*m*%20G7%20%7CC*m*%20%20%20%7CF*m*%20%20%20%7CG7%20C*m*%20%5D%7CBb%20%20%20%7CC*m*%20%20%20%7CBb%20%20%20%7CC*m*%20%20%20%7CBb%20%20%20%7CC*m*%20%20%20%7CF*m*%20%20%20%7CG7%20%20%20%7C%7CC*m*%20%20%20%7C%20x%20%20%7CF*m*%20%20%20%7CG7%20%20%20%7CC*m*%20%20%20%7C%20x%20%20%7CF*m*%20G7%20%7CC*m*%20%20%20%7CF*m*%20%20%20%7CG7%20C*m*%20Z
1bfa5fc6-b31e-436d-a6b4-3037317232e7,irealbook://Sapore%20Di%20Sale%3DPaoli%20Gino%3DRock%3DC%3Dn%3D%5B*iT44C%20%20%20%7CA-%20%20%20%7CD-7%20%20%20%7CG7%2C%20n%20%5D%7B*AC%20%20%20%7CA-%20%20%20%7CD-7%20%20%20%7CG7%20%20%20%7CE-%20%20%20%7CA-%20%20%20%7CD-7%20%20%20%7CG7%20%20%20%7D%5B*BF%20D-%20%7CE-%20A-%20%7CD-7%20G7%20%7CC%20%20%20%7CF%20D-%20%7CE-%20A-%20%7CD-7%20%20%20%7CG7%20%20%20%5D%5B*AC%20%20%20%7CA-%20%20%20%7CD-7%20%20%20%7CG7%20%20%20%7CE-%20%20%20%7CA-%20%20%20%7CD-7%20G7%2CQ%20%7CC%2CppsG7%2CZY%7CQlC%20G7%20%7CC%20G7%20%7CC%20%20%20Z
1be3af11-fbed-4a14-8aaf-f47cec737511,irealbook://Una%20Rotonda%20Sul%20Mare%3DComposer%20Unknown%3DMedium%20Swing%3DD-%3Dn%3D%7BD*m*%20%20%20%7CG*m7*%20G*m6*%20%7CA7%20%20%20%7CD*m*%20%20%20%7C%7CD*m*%20%20%20%7CG*m7*%20G*m6*%20%7CA7%20%20%20%7CD*m*%20G*m*%2CA7%2C%7CD%20D%5E%20%7CD6%20D7%2CB7%2C%7CE*m*%20E*m7*%2CC%237%2C%7CF%237%2CE*m6*%2CF%237%2Cn%7CB*m*%20A%20%7CE*m6*%20F%237%2CG%2C%7CE*m*%20%20%20%7CA7%20%20%20%7C%7CD*m*%20%20%20%7CG*m7*%20G*m6*%20%7CA7%20%20%20%7CD*m*%20%20%20%7CD*m*%20%20%20%7CG*m7*%20G*m6*%20%7CA7%20%20%20%7CN1D*m*%20G*m*%2CA7%2C%7D%20%20%20%20%20%20%20%20%20%20%20%20%7CN2D*m*%2CE7%2CEb%5E%2CD*m*%5D
1b301a68-aa71-4f59-ae64-556a73c49b1d,irealbook://Blame%20It%20On%20My%20Youth-With%20Verse%3DHeyman-Levant%3DBallad%3DEb%3D44%3D%5B*vEb%5E7%20C-9%2C%20%7CF-9%2C%20Bb7b9%2C%20%7CEb%5E7%2C%20C-9%2C%20%7CF-9%2C%20Bb7b9%2C%20%7CG-7%2C%20C7b9%2C%20%7CF-7%2C%20sBb11%2CBb7%7CEb%5E7%28G-7%29%20C7b9%2C%20%7CF-7%2C%20Bb11%2CBb7%7ClEb6%2C%20Gb13%20%7CF-11%2C%20sBb13%28E9311%29%20%5D%20%20%20%20%20%20%20%20%7B*AlEb%5E7%20F-9%2C%20%7CG-7%2C%20C7%235%2C%20%7CF-7%2C%20C7b9%2C%20%7CF-7%2C%20Bb7%2C%20%7CF-7%2C%20C7b9%2C%20%7CF-7%2C%20Bb7b9%2C%20%7CEb%5E7%28G-7%29%20%28Gb-7%29F-7%28F-7%29%20%28Bb7%29%7CBb-7%28Eb%5E7%29%20Eb7b9%28Bb-7%29%20%28Eb7%29%5D%5B*B!Ab%5E7%20sF-%2CBb9%7ClG-7%2C%20C7b9%2C%20%7CF-7%2C%20Bb7%2C%20%7CEb%5E7%2C%20Eb6%2C%20%7CD%C3%B87%2C%20G7b9%2C%20%7CC-%2C%20%20%20%7CC-7%28F11%29%20F13%2C%20%7CF-7%2C%20Bb7b9%20%7D%5B*C@Ab%5E7%2C%20sF-7%2CBb7%7ClG-7%2C%20C7b9%2C%20%7CF-7%2C%20sF-7/Eb%2C%20%7ClDb9%2311%2C%20C7b9%2C%20%7CF-7%2C%20C7b9%2C%20%7ClF-7%2C%20sBb11%2CBb13%7CEb69%20%20%28C-7%29%20%7C%20%28F-7%29x%20%28Bb7%29%20%C2%AB%20
1b1dded8-c47b-49ff-97e6-7c7e854602d5,irealbook://Blues%20Variation%2010=LRS=Medium%20Swing=F=n=%5bT44F%5e7%2c%20%20%20%7cE%2d7%2c%20A7%2c%20%7cD%2d7%2c%20G7%2c%20%7cC%2d7%2c%20F7%2c%20%7cBb7%2c%20%20%20%7cBo7%20%20%20%7cA%2d7%2c%20D7%2c%20%7cAb%2d7%2c%20Db7%2c%20%7cG%2d7%2c%20C7%2c%20%7cDb%2d7%2c%20Gb7%2c%20%7cF7%2c%20D7%2c%20%7cG%2d7%2c%20C7%20Z%20
1bec467e-c862-4092-9363-9d77228be976,irealbook://Wayfaring%20Stranger=Traditional=Fiddle%20Tune=E%2d=n=%7b%2aAT44E%2d%20%20%20%7cE%2d%20%20%20%7cA%2d%20%20%20%7cB7%20%20%20%7cE%2d%20%20%20%7cE%2d%20%20%20%7cA%2d%20%20%20%7cE%2d%20%20%20%5dY%5b%2aBC%20%20%20%7cG%20%20%20%7cC%20%20%20%7cB7%20%20%20%7cE%2d%20%20%20%7cE%2d%20%20%20%7cA%2d%20%20%20%7cE%2d%20%20%20%5d
1b16f6e4-4296-4799-bcaf-5c729be3b4c4,irealbook://Can%20You%20Feel%20The%20Love%20Tonight%3DJohn%20Elton%3DMedium%20Swing%3DF%3Dn%3D%5B*iT44Bb%20F/A%20%7CEb/G%20Bb/F%20%7CEb%20Bb/D%20%7CsF/A%2CBb%2CC-7%2CBb/D%2C%5D%7B*AlEb%20Bb/D%20%7CEb%20Bb/D%20%7CN1Eb%20Bb/D%20%7CC-7%20F%20%7D%7CN2Eb%20G-7%20%7CAb%20F%20%5D%20%20%20%20%20%20%20%20%5B*CBb%20F/A%20%7CG-7%20Eb%20%7CBb%20sEb%2CG-/E%2C%7ClF%20%20%20%7CEb%20Bb/D%20%7CsG-%2CF%2ClEb%20%7CN1sC-7%2CF/D%2CEb%2CG-/E%2C%7CF%20%20%20%7D%5BN2sC-7%2CF/D%2CEb%2CEb/F%2C%7ClEb/Bb%20Bb%20%5D%20
1b50cf1d-0db8-422a-9ca4-87e650c3695a,irealbook://Car%20Wash%3DRoyce%20Rose%3DPop%3DD%3Dn%3D%5B*AT44%3CPiano%20when%20not%20playing%20strings%3ED%20%20%20%7CD%20%20%20%7CD%20%20%20%7CD%20%20%20%7CD%20%20%20%7CD%20%20%20%7CD%20%20%20%7CD%20%20%20%5DY%5B*B%3Cafter%20work%20and%20work%3EG%2CF%23%2CE-%20%7CE-%20%20%20%7CG%2CF%23%2CE-%20%7CE-%20%20%20%7CG%2CF%23%2CE-%20%7CE-%20%20%20%7CG%20A%20%5D%20%20%20%20%3CS2%2C%20002%20Chmbr%20Strings%20%28D%29%3E%20%20%20%20%20%20%20%20%20%20%20%20%20%20%20%20%3CRiff%20starts%20on%20D%3E%20%20%20%20%20%20%20%20%20%20%20%20%20%20%20%20%20%3CClap%20Intro%20%3E%20
1bb815d5-b581-410d-ab6e-c903c96c6dbf,irealbook://Don't%20Know%20Why%3DHarris%20Jesse%3DBallad%3DBb%3Dn%3D%5B*iT44Bb%5E7%20Bb7%20%7CEb%5E9%20D9%20%7CG-7%20C7%20%7CF7sus%20Bb%20%5DY%5B*ABb%5E7%20Bb7%20%7CEb%5E9%20D9%20%7CG-7%20C7%20%7CF7sus%20Bb%20%7CBb%5E7%20Bb7%20%7CEb%5E9%20D9%20%7BG-7%20C7%20%7CF7sus%20Bb%20%7D%7B*ABb%5E7%20Bb7%20%7CEb%5E9%20D9%20%7CG-7%20C7%20%7CF7sus%20Bb%20%7CBb%5E7%20Bb7%20%7CEb%5E9%20D9%20%7CG-7%20C7%20%7CF7sus%20Bb%20%5D%5B*BG-7%20%20%20%7CC7%20%20%20%7CF7%20%20%20%7C%20x%20%20%7CG-7%20%20%20%7CC7%20%20%20%7CF7%20F7/Eb%20%7CBb/D%20F7/C%20%7D%7B*ABb%5E7%20Bb7%20%7CEb%5E9%20D9%20%7CG-7%20C7%20%7CF7sus%20Bb%20%7CBb%5E7%20Bb7%20%7CEb%5E9%20D9%20%7CG-7%20C7%20%7CF7sus%20Bb%20%7D%7CG-7%20C7%20%7CF7sus%20sBb%2CBb7/F%2C%7ClG-7%20C7%20%7CF7sus%20Bb%20Z%20
1b16e85f-706b-491e-903a-3bce3ed0eeaa,irealbook://Down%20in%20minor%203rds%20dominant%20%28Bb%29%3DComposer%20Unknown%3DMedium%20Swing%3DC%3Dn%3D%5BT44Bb7%20%20%20%7CG7%20%20%20%7CE7%20%20%20%7CDb7%20%20%20%5D
1b8da134-3915-4d48-95b7-dc133c143681,irealbook://Jazz%20scales%20study%20F%3DComposer%20Unknown%3DMedium%20Swing%3DEb%3Dn%3D%5B*AT44Eb-7%20%20%20%7C%20x%20%20%7CEb7%20%20%20%7C%20x%20%20%7C%7CEb%5E7%2311%20%20%20%7C%20x%20%20%7CEb7%2311%20%20%20%7C%20x%20%20%7D
1b7f4741-9c42-4ca3-8398-f1ae3e3973b0,irealbook://Just%20Friends%20nmn%3DJohn%20Klenner%20%26%20Sam%20Lewis%3DMedium%20Swing%3DB%3Dn%3D%5BT44%3C%2A63%20%C2%B7%20%20%20%20%20%20%203%3EF7%20%20%20%5BS%3C%2A63%20%20%20%203%3EE%20%20%20%7C%3C%2A63%20%C2%B7%20%20%20%20%20%20%20232%3EE6%20%20%20%7C%3C%2A63%205%CC%A3%CC%B8%3EE-%20%20%20%7C%3C%2A63%20%C2%B7%20%20%20%20%20%20%202%CC%87%3EA7%20%20%20%7C%3C%2A63%202%3ED%23-%20%20%20%7C%3C%2A63%20%C2%B72%20%20%20%20%20121%3EG%23-%20%20%20%7C%3C%2A63%204%CC%A3%CC%B8%3ED-%20%20%20%7C%3C%2A63%20%C2%B7%20%20%20%20%20%20%201%CC%87%3EG7%20%20%20%7C%3C%2A63%201%20%20%20%20%20%20%206%CC%A31%CC%876%CC%A3%3EC%23-%20%20Q%20%5B%3C%2A63%207%20%20%20%20%20%20%207%3EF%237%20%20%20%7C%3C%2A63%207%20%20%20%20%20%20%20575%3EB%20%20%20%7C%3C%2A63%2067%20%20%20%20%201%CC%873%3EG%23-%20%20%20%7C%3C%2A63%206%20%20%20%20%20%20%203%3EC%237%20%20%20%7C%3C%2A63%20%C2%B76%CC%A3%20%20%20%20%20671%CC%87%3Ex%20%20%20%7C%3C%2A63%203%20%20%20%20%20%20%202%3EC%23-%20F%237%20%7C%3C%2A63%20%C2%B7%20%20%20%20%20%20%203%3EF%23-%3C%2A06D.S.%20al%20Coda%3E%20F7%20%5DQ%3C%2A63%20%20%20%207%20%20%20%20%20%20%202%CC%87%3EF%237%20%20%20%7C%3C%2A63%202%C2%B77%CC%A3%20%20%202%CC%877%CC%A3%3EA%23h%20D%237%20%7C%3C%2A63%201%CC%872%20%20%20%20%2035%3EG%23-%20G%23-%5E7%20%7C%3C%2A63%206%20%20%20%20%20%20%206%CC%A3%3EC%237%20%20%20%7C%3C%2A63%205%CC%87%20%20%20%20%20%20%203%3EC%23-%20C7%20%7C%3C%2A63%201%3EB6%20%20%20Z%20
1b66a15e-94b1-481b-a37a-81d927354a5c,irealbook://La%20Vie%20En%20Rose%3DPiaf-Gugliemi%3DBallad%3DC%3Dn%3D%5B*iT44C%20A7%20%7CD-7%20G7%20%7CC%20C%23o7%20%7CG7%20%20%20%7C*AC%20%20%20%7CC%5E7%20%20%20%7CC6%20%20%20%7CD-7%20G7%20%7C%7CD-7%20%20%20%7CG7%20%20%20%7CD-7%20G7%20%7CCo7%20G7%20%7C*BC%20%20%20%7CC%5E7%20%20%20%7CC6%20C7%20%7CF%20%20%20%7CF%20F-%20%7CC%20A-7%20%7CD7%20%20%20%7CD-7%20G7%20%7CC%20%20%20%7CC%5E7%20%20%20%7CD-7%20G7%2CQ%20%7CC%20G7%20%5D%20%20%20%20%20%20%20%20%20%20%20%20%7C%2CQ%2CC%20%20%20Z%20
1b2fcb79-b450-4f58-9a33-3809bf558abe,irealbook://Lagrimas%20Negras%20%28bolero-son%29%3DMatamoros%20Miguel%3DBolero%3DA-%3Dn%3D%5B*AT44%3CBolero%3EA-%20%20%20%7C%20x%20%20%7CD-%20%20%20%7C%20x%20%20%7CG7%20%20%20%7C%20x%20%20%7CN1C%20%20%20%7CBh%20E7%20%7CA-%20%20%20%7C%20x%20%20%7CD-%20%20%20%7C%20x%20%20%7CA-%20%20%20%7C%20x%20%20%7CD-%20%20%20%7CBh%20E7%20%7CA-%20%20%20%7CBh%20E7%20%7D%7CN2C%20%20%20%7C%20x%20%20%7CBh%20%20%20%7C%20x%20%20%7CE7%20%20%20%7CD-%2C%20%20%20%7CA-%20%20%20%7C%20x%20%20%7CD-%20%20%20%7CBh%20E7%20%7CA-%20%20%20%7CA-%20E7%20Z%20%20%20%20%20%20%20%20%7B*B%3CSon%20AD%20LIB%3EA-%20%20%20%7C%20x%20%20%7CE7%20%20%20%7C%20x%20%20%7CD-%20G7%20%7CC%28C7%29%20F%28F7%29%20%7CBh%20E7%20%7CA-%20E7%20%7D%20
1bbdec98-469b-4743-b016-64f466d390e8,irealbook://Love%20Is%20A%20Losing%20Game%3DWinehouse%20Amy%3DRock%20Balland%3DC%3Dn%3D%20%20%20%20%5B*iF-%20%20%20%7B*AC7%235%20%20%20%7CF/G%20%20%20%7CF-%20%20%20%7CC7%235%20%20%20%7CC7%235%20%20%20%7CF/G%20%20%20%5D%7CF-%20%20%20%7CC7%235%20%20%20%5B*BA-7%20%20%20%7CD-7%20%20%20%7CF-%20%20%20%7CC7%235%20%20%20%5D%7CA-7%20%20%20%7CD-7%20%20%20%7CF-%20%20%20%7CC7%235%20%20%3Cfine%3E%20%5B%3C*54Interlude%3EF-%20%20%20%7D%20
1b07c419-f96c-4b19-a263-dabce6993c25,irealbook://Purple%20Haze%3DHendrix%20Jimi%3DRock%3DE-%3Dn%3D%5BT44Bb5%2CBb5%2CBb5%2CBb5%7C%20x%20%20%7C%20n%20%20%7C%20n%20%20%7C%20n%20%20%7C%20n%20%20%7C%20n%20%20%7C%20n%20%20%7C%20n%20%20%7C%20n%20%20%7B%20E7%239%20%20%7CG%20A%2CAsus%2C%7D%7C%20E7%239%2C%20%20%7CG%20A%20%7C%20n%20%20%7Cn%20E5%2CC5%28D5%29%7C%7C%20n%20%20%7C%20%20%20%20%20%20%20%20%20%20%20%20%7C%7B%20E7%239%20%20%7CG%20A%20%7D%7C%20E7%239%20%20%7CG%20A7sus%20%7C%20n%20%20%7Cn%20E5%2CC5%28D5%29%7C%20n%20%20%7C%20%3C*44guitar%20solo%3E%20%20%20%7C%20A%20%20%7C%20B%20%20%7C%20D%20%20%7C%20E5%20%20%7C%7BF%235%20D5%20%7C%20E5%20%20%7D%7BF%235%20D5%20%7C%20E5%20%20%7D%20
1b366944-6715-4fed-a888-76d925933a6d,irealbook://Sail%20Away%20Ladies=Traditional=Fiddle%20Tune=G=n=%7b%2aAT22G%20%20%20%7cE%2d%20%20%20%7cC%20%20%20%7cG%20%20%20%7cG%20%20%20%7cA%2d%20%20%20%7cD%20%20%20%7cG%20%3c%20%20%3e%20%3cx2%3e%20%7dY%7b%2aBG%20%20%20%7cA%2d%20%20%20%7cD%20%20%20%7cG%20%20%3cx4%3e%20%7d
1b03716e-c2c6-4d4f-b5f1-01b387238445,irealbook://Starlight%20Haunted%20Ballroom%3DMilo%20Adamo%20Victor%20Feldman%3DMedium%20Swing%3DF%3Dn%3D%7B*AT22F%5E7%20D7b9%235%20%7CG-7%20C9%20%7CA-7%20D7b9%20%7CG-7%20C9%20%7CBb-7%20Eb13%2311%20%7CAb-7%20Db13%2311%2C%20%7CF%23-7%20%20%20B13%20C13sus%20%7CDb9%2311%20C13%2311%20%20%7D%7C*BBb-7%20C-7%20%7CDb%5E7%20%20Eb7b9%20%20%20%7CAb%5E7%20Db-7%2C%20%7CC-7%20F7b9%20%7CBb-7%20C-7%20%7CDb%5E7%20Eb7b9%20%7CAb%20Eb/G%20%7CF-7%20F-7/Eb%20%7CD-7%20E-7%20%7CF%5E7%20G7b9%20%7CE-7%20%7CA7b9%20%7CD-7%20%7CG13%20%7CC9sus%20%7CC13b9%20%5B*CF%5E7%20D7b9%235%20%7CG-7%20C9%20%7CA-7%20D7b9%20%7CG-7%20C9%20%7CBb-7%20Eb13%2311%20%7CAb-7%20Db13%2311%20%7CF%23-7%20%20%20B13sus%20C13sus%20%7CEb13%2311%20D7b9%235%20Db7b9b5%20C13%2311%20%20Z%20
1bb3490c-b1c8-4a0d-9068-b2d9ee22cdff,irealbook://Superchops%205%20A%3DRoberts%20Howard%3DMedium%20Swing%3DC%3Dn%3D%5BT44C%5E7%20%20%20%7CB-7b5%20E7b9%20%7CA-7%20Ab-7%20%7CG-7%20Gb7b5%20%7CF%5E7%20%20%20%7CF-7%20Bb9%20%7CE-7%20%20%20%7CEb-7%20Ab9%20%7CD-7/G%20%20%20%7CG7b5%20%20%20%7CE-7%20A7b5%20%7CD-9%20Db9%20Z
