id,url
1c81d356-d336-497b-a066-2745e394a675,irealb://Bye%20Bye%20Blues%20%2D%20tradjazz%2Dru=Hamm%2DBennett%2DLown%2DGray==Fast%20Dixie=C==1r34LbKcu7DZL%20l4CXyQ7AZL%20lcKQyXCZLl%20cKQyX7bAZL%20lcKXyQKc4TA%2A%7B%5DQyX5cl%20LZyX7%2DD%7CQyXobE%7CQXy9%5ECZL%20lcKQyX7GQ%7CG7%23KQyX9yX9DZyQKclQyX7AZL%20lcKQyXZCL%20lcKQyX7bAZL%20Kcl%20LXCB%2A%5BQyX36LZG7X%20%20lcKQyXC%7CQyX7Ab%7CQyXCZLQ%20lcKQy%7D%5BQ%3C%2A%20lcKQ%2CB%2CbB%3ECXyQsZLG%20%23FZLF%20E%7CQXybE%7CQyXD%7CQyXbD%7CAb%2CA%2CadoC%20%7ClCXyQZ%20==0=0
1cc691e1-b243-4237-b8fd-ab99e7d0a18e,irealb://Don't%20Know%20Why%20I%20Didn't%20Come%3DJones%20Norah%3D%3DBallad%3DBb%3D%3D1r34LbKcu7%207%5EbB4Bb%20B%20bB%20sus7FZL7C%20-7GZL9D%209%5EbEZL7b%5DY%5B*A4Ti*%5B%209D%209Eb%5E9%207bB%207%5EbBZLbB%20ssu7FZL7C%207-GZL9DLZEb%5EZL7bBFZL7CC7LZFL9D%209%5EbEZL7bB%20%5E7bBA*%7B%7D%20bB%20sus7ZG-7%20%207-G%7BGB*%5B%5DBbLZBus7FZL7C%207-GZLD9%209%5EbEZL7bB%207%5Ebs%20Bb%20%20sus7D/bBZ%7CC7XyF%207F%7CQyX7C%7CQyX-7GZL%20lcKQyX7F%7CQ7/EbLQyX7-%5EbBZL%20%7D%7B*As7FZL7C%207-GZL9%20D9%5EbEZL7bB%207%5EbBus%20BbC/7F%20s%20susLZEb%5EC%207-G%7C%7D%20bB%20susF7ZL7C%207-GZL9D%2097LZF77bB%207Bb%2CBb7/F%2C%7ClG-7%20C7LZF7sus%20Bb%20Z%20%3D%3D0%3D0
1c5a1191-20d9-4a57-b3b5-48ea83279d59,irealb://%57%61%79%61%79%61%79%20%28%47%69%67%29=%4B%6A%61%72%6B%61%73%20%4C%6F%73==%52%65%67%67%61%65%74%6F%6E=%41%2D==%31%72%33%34%4C%62%4B%63%75%37%78%5A%4C%2D%41%34%3C%2A%36%38%6F%6E%20%67%6E%6F%6C%20%73%73%61%62%28%20%64%79%6F%6C%65%6D%20%72%61%74%69%75%67%51%79%58%74%65%73%29%3E%34%54%69%2A%7B%20%51%79%58%51%5A%78%4C%5A%46%5A%4C%78%5A%4C%78%5A%4C%2D%41%5B%7D%20%3E%34%78%38%30%2A%3C%78%5A%4C%2D%41%5A%4C%47%5A%4C%78%20%5D%58%79%4C%2D%44%5A%4C%4C%78%5A%4C%2D%2A%36%36%20%56%4C%2D%41%3E%22%79%6F%68%20%65%74%72%61%74%6F%6E%63%20%6F%72%65%69%75%51%22%20%65%73%72%65%5A%78%4C%5A%44%3C%41%2A%7B%20%76%20%79%20%73%4C%5A%41%2D%4C%6F%6D%20%65%72%74%6E%65%22%20%32%20%65%73%65%72%56%20%20%38%36%2A%3C%42%2A%7B%7D%20%78%5A%6E%74%61%C3%B1%61%47%5A%4C%46%5A%77%22%20%73%75%22%3E%43%4C%5A%36%36%2A%3C%43%2A%7B%7D%20%78%5A%4C%2D%41%4C%5A%47%5A%4C%46%5A%4C%78%5A%4C%2D%44%5A%4C%78%20%43%68%6F%72%73%65%6C%6C%61%72%6F%68%43%20%20%79%61%79%61%7D%20%78%5A%4C%2D%41%5A%4C%47%5A%4C%46%5A%78%4C%5A%4C%2D%44%5A%4C%78%5A%4C%2D%41%3E%22%20%7B%3C%2A%36%34%61%79%61%79%61%20%38%36%2A%3C%22%77%61%79%20%78%5A%4C%2D%41%5A%4C%47%5A%4C%46%5A%4C%78%4C%5A%2D%44%5A%4C%78%5A%4C%43%3E%22%20%79%61%77%20%7D%7B%2A%44%20%32%20%73%75%2A%3C%7D%20%78%C3%B1%61%20%6D%65%4C%47%5A%4C%46%5A%4C%78%5A%4C%2D%44%5A%4C%5A%78%4C%43%5A%4C%78%5A%4C%2D%41%3E%79%64%6F%6C%5A%41%2D%4C%5A%6F%70%6D%61%5A%58%51%79%58%51%70%65%61%74%20%3E%61%64%6F%63%20%6F%74%20%65%75%6E%69%74%6F%6E%63%20%64%6E%61%20%5D%41%5B%20%6D%6F%72%66%58%79%51%58%79%65%72%20%36%32%5A%4C%78%5A%4C%3C%2A%36%38%58%4C%2D%41%3E%29%79%64%6F%6C%65%6D%20%61%C3%B1%70%6F%6D%61%7A%28%20%61%64%6F%63%51%79%58%51%79%5A%78%4C%5A%43%51%5B%59%51%79%70%6F%74%73%38%4C%5A%46%4C%5A%4C%78%5A%4C%2D%44%5A%4C%78%5A%4C%43%5A%4C%5A%78%4C%2D%41%5B%5D%20%78%5A%4C%2D%41%5A%4C%47%5A%66%3C%2A%30%78%5A%4C%2D%44%3E%46%4C%5A%66%47%4C%5A%66%41%2D%20%5A%20==%30=%30
1c388dc6-e6da-43e4-a9df-51f6b80db401,irealb://Minor%20Blues%20%2D%20rn=Reinhardt%20Django==Slow%20Swing=G%2D==1r34LbKcu7%5F%3C%7CQy4%3C%2A697bE%206%2DG%7CQyX7DZ7LbE%206%2DG%3EORTNI%20%20LZD7X4Ti%2A%5B%2DG%3E%5F%5F%5F%5F%5F%5F%5F%5F%5F%5F%5F%5F%5F%5F%5F%5F%5F%5F%5F%5F%5F%5F%5F%5F%5F%5F%5F%5F%5F%5F%5F%5F%5F%5F%5F%5F%5F%5F%5F%5F%5F%5F%5F%5F%5F%5F%5FX6%2DG%3ELZD7X47%2A%3CA%2A%5BYYY%5DQyX%2D6GZL6%2D%23F%206%2DG%7CQy%20Head7bE%206%7CQyX66XyQ%7CoB%28%20%20%296bB%286%2DGZ%29LA%2FF%28%20%20%296%2DG%286%2DG%29LZC%2D%2DG%7CQy%5F%5F%5F%5F%5FQ%7CG%2D6%5F%5F%5F%5F%5F%5F%5F%5F%5F%5F%5F%5F%5F%5F%5F%5F%5F%5F%3C%7CQyX6%2DG%7CQyX%5F%5F%5F%5F%5FyX6%2DCYYY%5DQ%5F%5F%5F%5F%5FQyX6%2DG%7CQyX7D%7CQXy7bE%3E%5F%5F%5F%5F%5F%5F%5F%5F%5F%5F%7CD7Xy%5F%5F%5F%5F%5FL7bE%20%3C%2A74OyX7DZL7bE%206%2DG%7CyQX7DZL7bE%20%3EORTUQ%7CG%2D66%2DGQ%5BZD7XyQ%7CG%2D6%20F%23%2D6LZG%2D6XyQ%5D%20=Jazz%2DGypsy%20Jazz=180=3
1cb48312-3b78-434d-964b-fe99ce96eab9,"irealb://%42%79%65%20%42%79%65%20%42%6C%61%63%6B%62%69%72%64,%20%42%79%65%20%42%79%65%20%20%20%20%20%20%20%5B%23%5D=%62%65%32%73%68%61%72%70%20%41%52%52%3A==%5A%7A%20%45%78%70%65%72%69%6D%65%6E%74%20%57%69%74%68%20%53%74%79%6C%65%73=%46==%31%72%33%34%4C%62%4B%63%75%37%20%66%6F%20%65%79%51%20%20%49%73%61%6C%20%65%68%74%20%66%6F%20%65%6D%61%20%6E%65%68%74%20,%6C%61%72%65%6E%65%67%20%6E%74%20%6E%6F%74%58%34%35%2A%3C%50%20%6C%61%65%73%6F%6E%67%3E%68%74%20%72%6F%66%20%79%65%6B%20%65%68%74%73%20%65%6D%61%6E%20%6F%73%6C%61%36%32%2A%3C%20%69%73%20%69%52%20%72%75%6F%79%65%69%70%6F%63%61%72%74%2E%3E%69%20%73%69%68%54%20%20%51%79%58%36%36%2A%51%3C%79%58%51%79%58%51%79%58%51%79%58%51%79%58%6E%74%72%6F%20%68%63%20%6F%72%6F%6C%65%6D%20%20%6C%61%73%74%33%2A%3C%20%3E%2E%67%6E%6F%73%20%73%69%68%20%74%66%6F%20%73%65%72%75%73%61%65%6D%20%34%20%38%50%6C%61%79%65%68%74%20%73%51%79%58%51%79%72%20%74%68%65%79%58%51%79%58%3E%2E%6E%65%74%73%69%6C%20%73%74%75%6A%20%72%6F%20,%73%64%72%6F%68%63%20%51%58%79%51%58%6F%20,%79%64,%46%7C,%46%51%20%20%5B%2A%46%6C%41%2A%5B%5D%20%6E%5A%4C%46%6C%7C,%43%37,%37%2D%47%73%5A%4C%37%2D%47%34%34%54%69%4C%5A%42%62,%79%58%51%79%58%47%5A%4C%36%2D%46,%7C%46%4C%47%5A%4C%37%5E%2D%47%5A%4C%2D%47%7C%5A%4C%43%37%6C%7C,%37%43,%2D%47%73%5A%4C%6F%42%5A%2D%37%4C%5A%47,%43%7C,%43%43%5A%4C,%37%37%4C%5A%46%4C%2D%47%5A%4C,%2D%47%5A%4C%37%44%5A%4C%2D%5A%43%4C%37%46%5A%4C%37%46%42%2A%5B%5D%20%46%5A%4C%5A%42%62%2D%43%5A%4C%37%2D%58%34%33%2A%3C%5A%42%62,%46%66%5A%4C%46%6C%7C,%37%43,%37%2D%47%73%4C%5A%37%2D%47%5A%4C%37%44%5A%4C%37%62%45%7C,%46,%55%20%5A%4C%46%5A%4C%37%61%20%64%65%79%73%69%6E%67%20%69%20%67%6E%6F%73%20%73%69%68%74%20,%67%69%6E%77%53%20%6D%75%69%64%65%4D%2D%7A%7A%61%4A%73%20%70%6C%61%55%20%20%51%79%30%35%31%20%6D%6D%75%6C%74%69%30%39%20%6D%6D%20%6D%6F%72%66%20%67%6E%69%6E%67%61%72%20,%73%6F%70%6D%65%74%20%65%6C%70%20%74%6F%20%6D%3C%20%3E%20%74,%73%65%6C%79%58%79%51%58%79%61%6D%20%6E%69%20%64%6E%61%20%2D%20%2D%51%58%79%51%79%58%32%34%2A%3C%51%79%58%51%79%58%51%6E%79%20%53%74%51%79%58%3E%2E%51%79%58%38%35%20%4C%61%74%69%58%51%79%58%51%79%58%51%79%58%51%79%58%3E%61%2E%68%43%20%61%68%43%20%3A%61%62%75%43%2D%6E%79%51%20%3C%2A%65%6B%69%6C%20%3C%20%3E%20%79%74%72%6F%6C%20%69%6C%63%20%6E%69%2D%74%6E%75%6F%63%20%65%74%68%20%66%6F%20%65%6D%75%6C%6F%76%20%65%68%74%63%6B%73%20%62%6E%6F%43%20%20%72%65%78%69%4D%69%6E%67%20%74%6C%61%65%52%69%20%65%68%74%20%6E%69%20%6C%72%6F%74%6E%6F%63%20%65%6D%75%6C%6F%76%20%65%68%20%50%72%6F%20%73%75%38%32%2A%78%69%4D%20%65%58%79%51%58%79%68%74%20%67%6E%69%73%75%20,%6F%73%6C%41%20%20%51%79%58%30%35%2A%3C%51%79%58%51%79%58%51%65%20%73%61%6D%51%79%58%3E%2E%69%2D%74%6E%75%6F%75%20%61%72%20%72%65%62%6D%75%6E%20%65%68%74%32%32%2A%20%3C%3E%74%65%73%20%6F%74%20%65%6C%62%61%20%65%6F%66%20%63%6F%79%20,%72%65%79%58%51%79%58%73%75%72%65%73%58%51%79%58%51%79%58%51%79%58%51%79%58%51%58%79%3E%2E%32%20%72%6F%20,%31%20,%30%20%3A%79%51%58%79%51%61%65%6D%20%6E%51%58%79%51%20%3C%62%23%3E%20=%4C%61%74%69%6E%2D%43%75%62%61%3A%20%42%6F%6C%65%72%6F=%31%33%34=%30"
1c3e95a1-b717-4ae3-bffd-2ac76d85f72c,irealb://%33%31%20%4C%69%74%74%6C%65%20%42%72%6F%77%6E%20%4A%75%67=%57%69%6E%6E%65%72%20%4A%6F%73%65%70%68==%4D%65%64%69%75%6D%20%53%77%69%6E%67=%44%62=%30=%31%72%33%34%4C%62%4B%63%75%37%37%62%44%20%2C%34%44%62%20%44%23%37%62%41%20%2C%62%44%7C%51%79%58%2C%37%41%62%5A%4C%37%68%47%20%2C%62%47%5A%4C%2C%37%62%35%4C%5A%44%62%34%54%41%2A%7B%2C%4C%5A%47%62%2C%20%47%68%37%2C%4C%5A%41%62%37%2C%58%79%51%7C%44%62%2C%20%20%3C%38%78%3E%20%7D%20=%50%6F%70%2D%42%6C%75%65%67%72%61%73%73=%36%30=%30
1c0c4be8-5684-411d-b22b-851fbace430a,irealb://%43%6F%6E%20%54%75%20%53%61%6E%67%72%65=%57%69%74%74%20%4D%61%72%63%6F%73==%47%6F%73%70%65%6C%20%42%61%6C%6C%61%64=%41=%37=%31%72%33%34%4C%62%4B%63%75%37%7C%51%79%58%2D%34%41%58%79%51%45%7C%51%79%58%41%7C%51%79%58%41%7C%51%79%44%58%7C%51%79%58%41%41%2A%7C%7D%51%79%58%44%7C%58%79%51%7C%42%34%54%69%2A%7B%79%58%41%5A%4C%41%58%79%51%7C%79%58%2D%42%7C%51%79%58%45%7C%51%79%58%41%51%7C%79%58%41%7C%7C%51%79%58%44%7C%51%79%58%41%51%7C%44%20%45%7C%51%79%58%41%7C%51%79%58%41%51%7B%2A%42%45%7C%51%79%58%44%7C%51%79%58%45%7C%51%79%58%7C%41%51%79%58%41%7C%51%79%58%44%7C%7C%51%79%58%41%58%79%51%7C%79%58%41%7C%51%20%6F%54%51%79%44%58%79%51%7C%36%2A%3C%41%7C%51%79%58%41%7C%51%79%58%45%51%7C%79%58%2D%42%7C%51%79%58%45%7C%51%79%58%41%33%58%79%51%58%7C%51%79%58%45%41%3E%58%79%51%7D%7B%51%3C%20%3E%45%58%79%51%7C%42%2D%58%79%51%7D%45%58%79%51%7C%41%58%79%51%5A%7C%20=%4A%61%7A%7A%2D%42%61%6C%6C%61%64%20%45%76%65%6E=%36%30=%33
1cd62db3-8d24-4c5e-a143-bbf30d872353,irealb://%44%49%4F%53%20%44%65%20%41%6D%6F%72=%4D%6F%6E%74%65%72%6F%20%44%61%6E%69%6C%6F==%50%6F%70%20%2D%20%52%6F%63%6B=%44==%31%72%33%34%4C%62%4B%63%75%37%7C%51%79%58%39%34%44%58%79%51%58%44%7C%51%79%58%44%41%2A%7B%7D%51%79%58%5E%39%47%7C%51%79%58%39%5E%47%7C%51%79%58%44%7C%79%51%7C%47%5E%34%54%69%2A%7B%58%39%5E%47%5A%51%7C%42%2D%58%23%47%2F%37%45%32%4E%7C%7D%51%79%58%47%7C%79%51%58%39%5E%47%31%4E%7C%51%79%58%41%7C%51%79%2C%20%45%37%4C%79%58%39%5E%47%39%5E%47%7C%51%44%58%79%51%7C%7C%51%79%58%41%7C%51%79%58%2D%42%7C%51%79%39%58%5E%47%7C%51%79%58%39%5E%47%7C%51%79%58%44%47%5E%39%58%79%42%2A%7B%51%79%2D%42%43%2A%7B%6F%20%49%6E%3E%7C%51%79%58%47%7C%51%79%58%41%7C%51%79%58%42%2D%3E%6F%6C%6F%53%31%37%2A%3C%7B%7D%51%79%58%47%58%79%51%7D%54%39%36%2A%3C%20%6F%54%20%20%58%79%51%7C%47%47%7C%51%79%58%23%47%2F%45%7C%51%79%58%41%51%7C%79%58%2D%42%5A%4C%51%20%20%47%7C%51%79%58%20%3C%2A%36%39%41%7C%51%79%58%42%3E%20%20%7D%51%44%58%79%51%7C%44%58%79%51%7C%44%58%79%51%7C%44%58%79%51%7C%47%58%79%51%7C%47%58%79%51%7C%44%58%79%51%7C%44%58%79%51%5A%20==%30=%30
1c1ccbab-7f5c-4fe0-931c-a4527f24d55e,irealb://%44%49%4F%53%20%44%65%20%50%72%6F%6D%65%73%61%73=%45%73%71%75%69%6C%69%6E%20%4C%75%63%79==%50%6F%70%20%42%61%6C%6C%61%64=%45==%31%72%33%34%4C%62%4B%63%75%37%4C%23%44%2F%42%34%45%58%79%51%58%42%7C%51%79%58%41%41%2A%7B%7D%51%79%58%7C%42%51%79%58%2D%23%43%7C%51%79%58%2D%23%47%7C%79%51%7C%45%20%34%54%69%2A%7B%4C%42%20%2D%23%79%51%7D%7C%46%2F%45%20%41%7C%51%79%58%2D%23%43%5A%4C%23%2F%44%42%20%45%7C%51%79%58%42%7C%51%79%58%2D%23%47%23%4C%5A%46%58%2D%23%43%5A%79%58%2D%23%46%47%23%4C%5A%46%23%43%7C%51%79%58%45%42%2A%7B%51%79%58%42%34%34%54%7C%51%79%58%44%34%32%54%5A%4C%44%20%23%2D%58%79%51%7C%2F%45%20%41%5A%36%2A%3C%20%41%51%7D%42%20%3C%23%43%7C%2C%42%20%20%41%5A%4C%42%20%2D%23%43%43%2A%7B%7D%20%20%3E%41%20%6F%54%20%36%36%2A%2D%20%42%4C%5A%79%58%42%7C%51%23%47%2F%45%7C%20%58%33%3E%20%7B%7D%20%20%3E%42%20%6F%54%36%36%2A%3C%20%7C%42%51%79%58%44%5A%4C%42%20%2D%23%43%7C%7D%20%51%41%58%79%51%20%51%79%58%36%58%79%51%7D%7C%41%58%79%51%7C%42%58%79%51%7C%45%58%79%51%5A%20==%30=%30
1c16892e-9175-4f18-987a-77d6ad042e0b,irealb://%53%6F%6C%6F%20%54%C3%BA=%5A%61%6D%6F%72%61%6E%6F%20%43%6F%61%6C%6F==%53%6C%6F%77%20%72%6F%63%6B=%46==%31%72%33%34%4C%62%4B%63%75%37%7C%51%79%58%41%54%34%34%46%58%51%79%58%46%41%2A%5B%7D%51%79%58%43%7C%51%58%79%62%42%7C%51%79%58%41%2F%37%5E%46%7C%51%79%7C%46%5E%37%2F%2C%69%2A%2C%7B%44%2F%62%42%7C%4C%5A%43%58%79%2A%7B%5D%20%46%20%43%5A%4C%2D%47%20%62%42%51%7C%79%58%41%2F%37%5E%46%7C%51%79%58%46%7C%51%42%43%58%79%51%2D%47%20%62%42%2D%47%2C%51%2C%46%4C%5A%47%2D%2F%43%2C%44%2F%62%42%5A%4C%43%20%2C%43%2F%7C%46%2C%62%42%2C%41%2F%46%20%43%7C%51%79%58%37%45%2C%46%20%7B%2C%45%2F%43%2C%37%58%79%51%7C%42%62%2D%20%3C%2A%35%37%54%6F%20%49%6E%3E%20%20%7D%46%58%79%51%5D%20=%50%6F%70%2D%53%6C%6F%77%20%52%6F%63%6B=%37%30=%31
1c47fbf8-596e-4f0e-9ca4-5ec6340fbd3d,irealb://%45%73%70%C3%AD%72%69%74%75%20%53%61%6E%74%6F%20%44%43=%43%61%6C%76%65%74%69%20%44%61%6E%69%65%6C==%50%6F%70%20%52%6F%63%6B=%47==%31%72%33%34%4C%62%4B%63%75%37%47%42%2A%7B%7D%34%47%58%79%51%51%79%58%43%7C%51%79%58%46%7C%51%79%58%46%51%7C%79%58%44%7C%51%79%58%44%7C%51%79%58%47%7C%7C%43%58%79%51%34%54%41%2A%7B%2C%2A%43%58%79%51%7C%47%58%79%51%7C%44%58%79%51%7C%44%58%79%51%7C%45%2D%58%79%51%7C%45%2D%58%79%51%7C%43%58%79%51%7C%43%58%79%51%7D%20==%30=%30
1c3fde47-99f4-433c-aa0c-391393cc9cee,irealb://%53%61%6E%74%61%20%4C%61%20%4E%6F%63%68%65%20%28%70%61%67%2E%20%32%29=%42%6C%65%73%74==%42%61%6C%6C%61%64=%42%62==%31%72%33%34%4C%62%4B%63%75%37%7C%29%23%43%28%4C%5A%43%2C%43%7C%29%23%46%28%20%20%5A%4C%43%5A%4C%43%5A%43%4C%5A%4C%47%5A%4C%43%5A%4C%2C%46%7C%2C%45%2F%20%28%47%29%20%47%38%36%54%7C%4C%2D%42%5A%4C%6F%79%20%61%64%5A%4C%2D%45%5A%4C%2D%23%46%5A%4C%2D%23%46%4C%5A%2D%42%5A%4C%2D%42%3E%2E%2E%2E%64%61%72%6F%47%4C%5A%42%2D%48%39%36%2A%3C%41%5A%4C%41%7C%4C%5A%42%2D%2C%73%75%73%2A%44%7C%2C%2A%32%73%75%73%2A%44%44%2C%7C%2C%47%2C%41%5A%4C%44%5A%4C%47%7C%2C%41%34%2A%2C%44%2C%41%5A%4C%44%5A%2F%43%23%4C%5A%44%2C%44%2F%46%23%2C%7C%66%47%4C%5A%44%4C%5A%66%41%4C%5A%44%4C%5A%44%4C%5A%44%4C%5A%47%2C%41%2C%7C%66%44%20%5A%7C%20==%30=%30
1c977de5-436f-4caf-bf36-914c1f8cfb34,irealb://%41%6C%67%75%69%65%6E%20%4D%65%20%54%6F%63%61=%43%69%6E%74%72%C3%B3%6E%20%4C%6F%73==%53%6C%6F%77%20%42%61%6C%6C%61%64=%47==%31%72%33%34%4C%62%4B%63%75%37%2C%43%20%44%5A%34%47%20%43%4C%4C%44%20%43%7C%51%79%58%47%5A%4C%44%20%43%51%7C%79%58%47%5A%4C%43%20%47%7C%51%79%58%47%5A%5A%47%20%43%4C%34%54%41%2A%7B%5A%4C%44%20%43%20%28%44%29%20%5A%4C%44%20%43%5A%4C%53%20%20%47%5A%4C%43%47%20%7C%51%79%58%47%5A%4C%43%20%47%42%2A%7B%7D%47%58%79%51%7C%20%47%7C%2C%44%20%23%47%3E%20%2A%43%53%43%58%23%44%3E%65%62%75%53%39%36%2A%3C%7C%5D%51%58%79%44%7C%51%79%58%43%7C%51%79%58%44%7C%51%79%58%79%51%7B%3C%7D%51%79%58%47%58%2D%46%5A%4C%23%58%79%51%7C%32%4E%7B%7D%51%79%58%23%47%5A%4C%23%44%20%43%23%31%4E%7C%51%79%58%23%47%5A%4C%43%20%23%47%43%23%20%44%23%47%5A%4C%23%43%79%51%7D%43%23%20%44%23%4C%5A%47%23%58%79%51%5A%7C%20=%50%6F%70%2D%53%6C%6F%77%20%52%6F%63%6B=%37%30=%33
1ce8cc75-7f42-4ea8-aa4a-6308fb88002d,irealb://%4E%6F%63%68%65%20%44%65%20%50%61%7A%20%31=%54%72%61%64%69%74%69%6F%6E%61%6C==%42%61%6C%6C%61%64%20%45%76%65%6E=%41=%35=%31%72%33%34%4C%62%4B%63%75%37%51%79%58%45%7C%38%41%58%79%51%51%79%58%44%7C%51%79%58%41%7C%51%79%58%44%51%7C%79%58%41%7C%51%79%58%45%7C%51%79%58%41%7C%7C%41%58%79%51%36%54%41%2A%7B%7C%41%58%79%51%7C%41%20%45%4C%5A%41%58%79%51%5A%20=%4A%61%7A%7A%2D%4D%65%64%69%75%6D%20%53%77%69%6E%67=%31%30%30=%33
1c3bae87-2b04-4ba8-9943-8d50c4c72c64,"irealb://%45%73%74%C3%A0%20%4C%6C%6F%76%69%65%6E%64%6F%20%53%61%6E%69%64%61%64=%53%65%72%72%61%6E%6F%20%48%65%63%74%6F%72==%42%61%6C%6C%61%64%20%45%76%65%6E=%43==%31%72%33%34%4C%62%4B%63%75%37%43%31%4E%5A%4C%34%3C%2A%36%39%79%58%43%5A%4C%73%75%73%43%20%43%3E%2E%2E%6F%2E%64%6E%65%69%76%6F%6C%6C%20%61%74%73%45%20%51%7C%46%20%47%34%54%41%2A%7B%51%79%58%47%7C%4E%32%43%20%43%51%79%58%46%7C%51%79%58%2D%41%7C%51%79%58%42%47%2A%7B%7D%51%79%58%43%33%4E%5A%4C%73%75%73%7C%43%58%79%51%7C%7D%51%79%58,%41%20%6F%54%4C%5A%7C%43%20%43%3E%7A%65%76%20%61%72%31%20%6F%6C%6F%53%31%32%2A%3C%32%4E%7C%51%79%58%43%31%4E%5A%4C%47%20%3C%2A%36%36%46%20%2D%41%7C%5A%4C%51%79%58%7C%4E%33%41%2D%65%6C%69%53%31%32%2A%3C%5A%4C%47%66%20%43%7D%7C%20%46%3E%42%20%6F%54%20%20%33%36%2A%3C%20%6E%63%69%6F%3E%7D%20%20%3E%42%39%36%2A%3C%20%69%6C%65%6E%63%43%3E%6F%64%6E%65%69%76%6F%6C%6C%20%C3%A1%74%45%73%39%36%2A%3C%43%2A%7B%20%51%79%58%3E%6F%69%58%79%51%7C%47%53%31%32%2A%3C%48%61%7A%20%6C%6C%6F%76%65%72%2E%2E%2E%3E%20%4C%5A%41%2D%58%79%51%7C%46%58%79%51%7D%43%58%79%51%5A%20=%4A%61%7A%7A%2D%4D%65%64%69%75%6D%20%53%77%69%6E%67=%31%30%30=%33"
1c970cfd-c39d-4f03-82ac-2675602d2215,"irealb://%52%65%79%20%44%65%20%52%65%79%65%73=%42%61%72%72%69%65%6E%74%6F%73%20%4D%61%72%63%6F==%52%6F%63%6B%20=%44==%31%72%33%34%4C%62%4B%63%75%37%47%7C%51%79%58%34%44,%2A%41%79%58%37%2D%45%7C%51%79%58%41%7C%51%79%58%34%2A%73%75%73%2A%41%7C%51%79%58%44%7C%51%79%58%51%7C%45%2D%37%34%54%69%2A%5B%7C%7D%51%79%58%58%79%51%7D%7B%37%2D%45%31%4E%7C%51%79%58%41%7C%51%79%58%2D%37%42%3E%6F%72%6F%63%2D%65%72%50%36%36%2A%3C%58%79%51%7C%44%47%7C%51%79%58%58%41%7C%51%79%51%7C%41%58%79%51%79%58%37%2D%42%7C%51%79%58%44%7C%51%79%44%58%7C%51%79%58%47%7C%51%79%58%47%42%2A%7B%51%7C%42%2D%37%58%79%58%47%32%4E%51%79%58%37%2D%36%36%54%6F%20%37%2D%45%7C%51%79%58%43%2A,%37%2D%45%7B%51%7D%79%58%41%3E%43%20%6F%74%2F%6F%72%74%6E%69%58%79%51%7C%42%2A%3C%7C%51%79%7C%42%2D%37%58%79%51%7C%44%58%79%51%7C%44%58%79%51%7C%41%58%79%51%7C%41%58%79%51%7D%7C%66%47%20%20,%55,%20%5A%20=%50%6F%70%2D%52%6F%63%6B=%31%31%35=%31"
1c9d0b7d-5772-499a-8e57-8391b74e5a72,"irealb://%4E%6F%6D%62%72%65%20%4E%6F%20%48%61%79%20%32=%52%6F%64%72%69%67%75%65%7A%20%46%72%65%64%64%79==%52%6F%63%6B=%45==%31%72%33%34%4C%62%4B%63%75%37,%20,%23%47%34%45,%2A%41%58%41%5A%4C%37%45%20%2D%42%5A%4C%20,%20%23,%47%2F%45%7C%51%79%58%2D%23%46%7C%51%79%58%79%51%7C%45%2F%34%54%69%2A%7B%79%58%41%7C%51%2D%58%79%51%7C%79%58%45%7C%51%79%58%45%42%2A%7B%51%79%58%7C%44%51%79%58%44%32%4E%7C%7D%51%79%58%42%31%4E%51%7C%41%58%79%23%46%5A%4C%20%73%20%20%32%37%58%79%51%7C%43%20%3E%20%36%36%2A%3C%20%3E%41%20%6F%54%39%2A%36%3C%20%42%7C%51%79%58%41%7C%51%79%58%2D%23%7D%2A%43%3C%2A%2D%23%43%7C%51%7C%51%79%58%41%58%79%51%7C%41%20%2D%23%46%7C%51%79%58%2D%23%46%5A%4C%45%23%20%44%2F%42%7C%51%79%58%2D%23%43%7C%51%79%58%43%23%2D%4C%5A%41%3E%6F%6C%6F%58%31%37%2A%3C%7B%2A%42%3C%2A%47%2F%42%7C%51%79%58%2D%23%46%7C%51%79%58%3E%45%22%65%74%6E%65%72%65%66%69%44%22%20%36%36%23,%20,%20%7D%51%79%58%41%3E%EE%88%B3%39%36%2A%20%6C%3E%4C%5A%23%44%2F%42%7C%51%79%58%2D%23%43%5A%4C%2A%69%6D%64%2A%43,%42,%41%3E%6F%20%33%36%2A%3C%20%45%4C%5A%3C%51%79%58%51%79%41%58%79%51%7C%42%58%79%51%7D%45%58%79%51%5A%20=%50%6F%70%2D%52%6F%63%6B=%31%31%35=%31"
1cf6314e-3419-4f7e-a9e0-b5ac391db7ac,irealb://%43%61%6D%62%69%61%72%65%20%4D%69%20%54%72%69%73%74%65%7A%61%20%31=%48%6F%75%67%68%74%6F%6E%20%49%73%72%61%65%6C==%50%6F%70=%44==%31%72%33%34%4C%62%4B%63%75%37%79%58%2D%42%5A%34%44%20%47%4C%4C%41%20%42%5A%4C%47%20%44%41%2A%7B%7D%20%20%41%2D%42%5A%4C%47%20%44%5A%4C%41%20%2D%42%5A%5A%44%20%47%4C%34%54%69%2A%7B%51%7D%7B%2A%42%46%23%2D%58%79%51%7C%42%2D%58%79%51%7C%47%58%79%51%7C%41%58%79%51%7D%20=%50%6F%70%2D%52%6F%63%6B=%31%31%35=%31
1c1067ca-1b73-40a2-85ca-5a4dfd5ebe90,"irealb://%41%46%C4%B0%54%41%50%20=%53%49%4C%41%20%41%4D%4B%20==%50%4F%50%20%52%4F%43%4B%20%4E%45%20%56%41%52%53%41=%45%2D==%31%72%33%34%4C%62%4B%63%75%37%69%2A%7B%5A%4C%2A%36%34%47%45%51%79%58%5A%4C%51%79%58%5A%4C%51%79%58%3E%C3%A7%C3%BC%6C%C3%B6%20%34%20%44%55%20%5A%C4%B0%53%4B%45%52%4C%5A%58%79%51%3C%34%34%54%5B%65%20%C3%BC%C3%A7%6C%20%79%61%79%6C%30%36%2A%3C%5A%4C%20%78%20%5A%4C%20%78%20%4C%5A%20%2D%42%20%3E%20%69%64%6F%6C%65%6D%20%C4%B1%73%6F%6E%20%C3%B6%20%34%37%2A%3C%20%2D%41%5A%4C%20%20%7D%7B%2A%4C%2D%42%20%2D%41%5A%4C%20%2D%42%20%3E%65%6F%76%6F%72%67%20%72%65%77%6F%70%34%36%2A%3C%41%5A%20%42%2D%20%78%20%3E%20%73%38%32%2A%3C%20%42%2D%20%4C%5A%76%20%32%30%35%2A%3C%5A%4C%20%39%2D%45%3E%65%73%34%36%2A%3C%20%31%4E%5A%4C%2D%42%20%2D%41%75%72%75%C5%9F%3E%20%5A%4C%2D%42%20%2D%45%20%42%73%43,%41%2D%42%20%2D%41%5A%4C%20%43%6C%3E%73%65%36%36%3C%2A%20%32%4E%5A%4C%51%79%58%5A%4C%51%79%58%7D%2D%4C%5A%7B%2A%20%3E%6B%69%6B%3E%70%6F%6B%6E%43%20%4C%5A%20%3C%5A%4C%20%43%20%5A%4C%20%2D%45%20%32%4E%4C%5A%51%79%58%7D%20%20%2D%42%20%5A%4C%20%2D%41%2A%37%30%73%65%20%31%4E%5A%4C%58%5A%4C%51%79%4C%5A%3C%2A%34%58%3E%C4%B1%6C%79%61%79%20%64%75%20%C3%BC%C3%A7%6C%20%C3%B6%20%31%20%69%64%6F%6C%65%6D%20%61%72%61%38%79%51%4C%5A%58%2D%42%20%2D%41%20%20%78%20%5A%79%51%4C%5A%7B%4C%20%78%20%5A%4C%20%2D%42%3E)%C3%BC%C3%A7%6C%20%C3%B6%36%31(%20%32%20%78%34%37%2A%3C%20%43%2A%5A%20%78%20%4C%58%5A%4C%51%79%42%20%3E%C3%BC%C3%A7%79%51%4C%5A%2A%6D%69%73%6B%61%74%34%37%2A%3C%5A%4C%51%79%43%58%2A%5A%4C%51%79%58%42%2A%5A%4C%51%79%58%41%20%38%20%C3%B6%6C%58%69%2A%7C%7D%2D%20%4C%5A%58%79%51%4C%5A%58%79%51%4C%5A%58%79%51%4C%5A,%2A%43,%58%79%51%4C%5A%58%79%51%4C%5A%58%79%51%4C%5A%58%79%51%20%5A%20==%30=%30"
1c63e90b-9e79-44fa-930f-442e3d6a71d4,"irealb://%41%C5%9E%4B%4C%41%20%41%59%4E%49%20%44%45%C4%9E%C4%B0%4C=%6F%67%75%7A%68%61%6E%20%6B%6F%63%20%67%75%6C%62%65%6E%20%65%72%67%65%6E==%4D%65%64%69%75%6D%20%53%77%69%6E%67=%42%2D==%31%72%33%34%4C%62%4B%63%75%37%20%32%4E%5A%4C%34%20%42%2D%20%51%79%58%5A%4C%51%79%58%5A%4C%23%46%20%44%4E%31%5A%4C%20%47%20%5A%4C%20%2D%23%46%20%5A%4C%4C%5A%58%79%51%34%54%41%2A%5B%4C%20%2D%23%46%42%47%20%41%4C%42%3E%42%34%37%2A%3C%20%43%2A%7B%5A%4C%20%20%44%5A%4C%41%20%47%5A%4C%2D%42%20%2D%23%46%5A%2D%20%4C%5A%20%2A%5A%4C%20%44%5A%4C%20%41%20%42%2D%58%79%51%46%20%3E%23%46%51%79%58%51%79%58%51%79%58%20%41%34%37%2A%3C%5A%4C%20%47%20%3E%20%47%20%20%23%2D%20%4C%5A%30%37%2A%3C%5A%58%5A%4C%51%79%3C%2A%37%30%20%58%5A%4C%51%79%58%7D%20%20%2D%23%46%20%7C%45%2D,%47%20%2D%42%3E%2D%45%20%47%20%41%20%42%79%51%4C%5A%58%5A%4C%20%47%20%58%5A%4C%51%79%79%51%4C%5A%58%58%5A%4C%51%79%58%5A%4C%51%79%58%5A%4C%51%58%79%5A%4C%51%79%58%5A%4C%51%79%58%5A%4C%51%79%79%51%4C%5A%58%58%5A%4C%51%79%58%5A%4C%51%79%79%51%4C%5A%58%58%5A%4C%51%79%58%5A%4C%51%79%58%5A%4C%51%58%79%5A%4C%51%79%58%5A%4C%51%79%58%5A%4C%51%79%79%51%4C%5A%58%58%5A%4C%51%79%79%51%4C%5A%58%79%51%4C%5A%58%79%51%4C%5A%58%79%51%4C%5A%58%79%51%20%5A%20==%30=%30"
1c95120a-1f6a-4bfe-8d3d-3b64916c21bd,irealb://%4C%65%73%20%59%65%75%78%20%4E%6F%69%72%73%20%28%44%61%72%6B%20%45%79%65%73%29%20%2F%54%47%4A%43=%48%65%72%6D%61%6E%6E%20%46%6C%6F%72%69%61%6E==%55%70%20%54%65%6D%70%6F%20%53%77%69%6E%67=%43==%31%72%33%34%4C%62%4B%63%75%37%47%5A%4C%20%6C%51%4B%63%6C%20%29%2D%44%28%62%42%5A%4C%20%6C%63%4B%51%79%37%58%41%5A%4C%20%6C%63%4B%51%79%58%2D%44%5A%4C%58%79%51%4B%63%79%58%37%41%5B%2D%58%79%51%4B%63%6C%20%4C%5A%44%2D%58%79%51%4B%63%6C%20%4C%5A%41%37%58%79%51%4B%63%6C%20%4C%5A%44%2D%58%79%51%4B%63%6C%20%20%5D%20=%4A%61%7A%7A%2D%55%70%20%54%65%6D%70%6F%20%53%77%69%6E%67=%32%34%30=%33
1c5bf2ec-e7fc-4def-8ab4-16c7794dab8e,irealb://%54%65%75%20%52%65%69%6E%6F=%2E==%4D%69%6E%69%73%74%C3%A9%72%69%6F%20%4C%69%76%72%65=%43==%31%72%33%34%4C%62%4B%63%75%37%44%5A%4C%39%44%54%34%34%44%20%58%44%7C%51%79%58%44%2C%41%2A%2C%7B%20%20%79%51%58%51%79%58%7D%20%39%44%20%44%5A%4C%39%44%79%51%7C%44%20%2C%69%2A%2C%7B%5A%4C%39%44%20%47%58%79%51%7C%2D%45%7C%51%79%58%47%2C%42%2A%2C%7B%7D%20%44%39%20%44%5A%4C%39%44%20%44%7C%51%79%58%2D%45%58%79%51%7C%44%5A%4C%39%44%20%44%20%44%39%4C%5A%47%58%79%51%7C%45%2D%58%79%51%7C%44%20%44%39%4C%5A%44%20%44%39%20%7D%20==%30=%30
1c01c64b-7028-4be0-bf76-9cca67c241b9,irealb://%54%75%20%C3%89%73%20%42%6F%6D%20%45%79%73%68%69%6C%61=%2E==%4D%69%6E%69%73%74%C3%A9%72%69%6F%20%4C%69%76%72%65=%43=%35=%31%72%33%34%4C%62%4B%63%75%37%78%7C%51%79%58%47%58%79%51%7C%58%5E%47%7C%51%79%58%47%2C%41%2A%2C%7B%7D%79%51%58%78%7C%51%79%58%5E%43%7C%51%79%58%5E%47%79%51%7C%43%5E%2C%69%2A%2C%7B%51%79%58%2D%41%2D%58%79%51%7C%34%2A%44%5A%4C%47%20%47%2C%42%2A%2C%7B%7D%79%51%58%5E%43%7C%51%79%58%2D%41%7C%51%79%58%47%2A%20%44%4C%5A%45%7C%51%79%58%2D%41%7C%51%79%51%7D%7B%2C%2A%79%58%47%3E%29%6D%6F%42%20%73%C3%A9%20%75%54%20%28%4F%C3%83%52%46%45%52%20%20%36%36%2A%3C%2C%43%51%7C%47%5E%58%79%58%5E%43%7C%51%79%58%47%3E%5E%58%79%51%7D%69%76%20%61%20%6D%65%6E%20%65%74%72%6F%6D%61%20%20%6D%65%4E%20%39%36%2A%3C%2C%44%2A%2C%7B%64%61%2E%2E%2E%43%7C%51%79%58%42%20%6F%C3%A3%54%7C%41%2D%58%79%65%44%36%36%2A%3C%5B%7D%51%79%58%5E%43%3E%6F%20%C3%A3%72%66%65%52%20%61%74%6C%6F%56%3C%7C%51%75%73%20%C3%A9%20%51%79%58%44%7C%47%5A%4C%44%20%3E%47%58%79%51%79%58%2D%41%7C%51%79%58%2D%45%7C%51%79%58%7C%47%51%79%58%23%46%2F%44%7C%51%79%58%2D%41%7C%51%7C%47%2F%44%2E%2E%2E%6D%6F%58%44%2F%47%7C%4C%5A%45%2D%58%7C%51%79%58%2D%45%7C%51%79%58%42%2F%47%7C%79%51%58%23%46%2F%44%7C%51%79%58%2D%41%7C%51%79%41%2D%58%79%51%2A%34%2A%47%20%79%51%7C%44%2A%34%2A%58%79%51%5D%5B%43%5E%58%79%51%7C%44%2A%34%2A%20%44%20%5D%3C%2A%33%30%20%56%6F%6C%74%61%20%52%65%66%72%C3%A3%6F%3E%20==%30=%30
1c9a8d99-f0aa-4d67-85e3-6003c93a056f,irealb://%46%6F%72%20%4F%6C%64%20%54%69%6D%65%20%53%61%6B%65=%50%65%74%72%75%63%63%69%61%6E%69%20%4D%69%63%68%65%6C==%42%61%6C%6C%61%64=%43==%31%72%33%34%4C%62%4B%63%75%37%62%42%2C%37%2D%2D%39%20%42%62%2D%23%46%6C%2C%33%31%62%44%2C%68%62%41%73%4C%5A%74%6C%61%37%62%45%20%5E%45%5A%4C%35%23%37%37%4C%5A%73%46%43%34%34%54%5B%73%5A%4C%37%2D%2C%41%37%2C%7C%62%45%2C%68%62%42%73%5A%4C%74%6C%61%37%46%5E%20%62%47%5A%4C%74%6C%61%37%43%20%37%2D%44%6C%37%2C%6C%41%62%5E%62%45%2C%37%37%2D%43%2C%37%37%2C%46%5E%2C%7C%2C%37%41%2C%68%45%73%20%5E%62%42%6C%7C%37%2C%41%2C%68%45%73%20%5E%62%42%6C%7C%2C%37%42%44%2D%37%2C%47%43%2C%37%2D%47%57%2C%42%2F%57%7C%6C%45%2D%37%61%37%23%46%20%68%23%43%5A%4C%37%2D%42%6C%23%2C%43%2F%37%23%46%2C%5E%44%73%5A%4C%37%41%20%6C%74%4C%5A%73%2C%37%62%44%2C%44%6C%2C%37%62%2F%41%62%2C%57%41%73%5A%4C%74%6C%61%37%62%45%20%5E%45%5A%74%4C%6C%61%37%62%42%20%37%2D%43%6C%7C%2C%47%2F%62%2D%37%2C%44%57%2C%62%42%2F%62%2D%37%20%5A%20==%36%30=%33
1c9ed82d-5dd2-477e-b1b7-bbc5cd714a24,irealb://%57%61%79%66%61%72%69%6E%67%20%53%74%72%61%6E%67%65%72%2D%52%65%76%20%4A%45=%54%72%61%64%69%74%69%6F%6E%61%6C==%4C%61%74%69%6E%2D%53%77%69%6E%67=%44%2D==%31%72%33%34%4C%62%4B%63%75%37%37%2D%41%7C%51%34%44%2D%37%58%31%4E%7C%51%79%58%44%2F%37%2D%45%7C%51%79%37%58%2D%44%7C%51%79%58%44%2F%37%2D%45%7C%51%79%47%2D%37%58%79%34%54%41%2A%7B%44%2F%68%45%20%57%2F%46%2C%7C%79%58%39%62%37%41%7C%51%79%58%37%45%32%4E%7D%7C%51%79%58%39%62%37%41%7C%51%79%58%68%45%6C%51%7C%44%2D%37%73%20%20%47%2F%4C%39%62%37%44%36%2C%6E%6C%46%51%79%58%37%2D%41%7C%51%79%58%62%42%2F%37%7C%43%51%79%58%5E%62%42%42%2A%5B%5D%20%43%2F%37%7C%44%2D%37%20%2D%44%73%5A%4C%7C%51%79%58%44%79%51%7C%43%39%51%79%58%37%2D%44%41%2A%5B%5D%20%39%62%37%20%41%37%45%7C%51%79%58%5E%46%7C%51%79%58%35%23%7C%45%2D%37%2F%58%37%2D%47%5A%37%41%6C%6E%2C%51%7C%45%2D%37%4C%44%2F%68%45%20%37%2D%44%5A%4C%51%20%20%62%39%37%41%7C%51%79%58%37%45%7C%51%79%58%44%2F%5A%73%44%2D%36%79%58%37%2D%44%62%39%20%5D%5B%51%6C%44%2D%37%20%45%68%2F%44%4C%5A%55%3C%46%49%4E%45%3E%44%2D%36%58%79%51%5A%20=%4A%61%7A%7A%2D%4C%61%74%69%6E%2F%53%77%69%6E%67=%31%39%30=%33
1c92280f-78d9-4176-b8b4-e22519a6d5b0,irealb://%57%68%65%6E%20%49%20%46%61%6C%6C%20%49%6E%20%4C%6F%76%65%2D%52%65%76%20%4A%45=%59%6F%75%6E%67%20%56%69%63%74%6F%72==%42%61%6C%6C%61%64=%45%62==%31%72%33%34%4C%62%4B%63%75%37%39%62%44%2C%39%34%73%45%62%5E%45%73%5A%4C%39%62%33%31%62%42%20%31%31%23%46%37%5A%4C%74%6C%61%37%43%6C%2C%44%2F%37%47%2C%62%5E%2C%41%62%34%54%41%2A%5B%31%23%33%31%46%6C%42%37%61%6C%37%43%20%31%31%23%33%31%62%44%5A%4C%33%31%41%62%20%5E%62%45%5A%4C%39%62%33%31%62%42%20%74%61%6C%74%4C%5A%7C%2C%39%43%2C%33%31%62%41%20%42%62%31%33%62%31%31%23%33%31%62%44%20%5E%62%41%5A%4C%31%23%31%39%41%20%5E%62%45%42%2A%5B%5D%51%79%58%39%4C%5A%47%2D%37%7C%51%79%58%31%20%39%2D%46%5A%20%43%37%61%6C%43%20%31%31%23%33%31%62%44%5A%4C%74%6C%61%44%37%6C%2C%62%45%2F%57%2C%37%2D%46%73%5A%4C%74%37%61%6C%74%4C%37%68%47%5A%4C%42%20%31%31%23%4C%5A%42%62%39%6C%61%37%43%6C%2C%44%2F%37%47%2C%5E%62%45%41%73%2A%5B%5D%20%39%62%33%31%62%42%20%73%75%73%74%4C%5A%46%37%39%62%33%31%42%44%5A%4C%33%31%4C%5A%73%45%62%45%5A%4C%39%62%33%31%62%42%20%74%6C%61%37%6C%42%7C%2C%39%43%2C%39%62%44%2C%39%62%41%2C%5E%62%5E%20%41%62%39%62%33%31%62%31%23%39%41%20%31%20%43%37%61%5B%5D%20%39%62%33%31%62%42%20%73%75%73%39%42%62%7C%51%79%58%31%31%23%33%31%46%5A%4C%74%6C%2A%43%45%62%5E%31%23%33%31%62%45%7C%2C%37%62%37%23%31%31%20%41%2C%37%2D%47%2C%37%2D%46%73%5A%4C%74%6C%37%61%43%20%37%2D%47%5A%4C%31%31%23%33%31%62%41%62%2D%37%2C%44%5E%41%5A%4C%31%46%5A%4C%74%6C%2F%44%2C%6C%43%44%2F%37%47%2C%36%62%45%73%5A%4C%39%62%33%62%31%42%20%31%31%23%33%31%46%5A%4C%74%6C%61%37%2C%6C%43%37%61%37%47%2C%5E%62%2D%39%20%42%62%31%33%23%31%31%20%5A%20=%4A%61%7A%7A%2D%42%61%6C%6C%61%64%20%45%76%65%6E=%37%30=%33
1c8de685-4f75-44c7-af3a-bc5b1b0c3079,irealb://%41%67%72%61%64%65%63%65%6E%64%6F%20%4F%4D%44%50=%50%69%78%69%6E%67%75%69%6E%68%61==%56%61%6C%73%61%20%63%68%6F%72%6F=%44%2D==%31%72%33%34%4C%62%4B%63%75%37%23%37%41%5A%4C%45%68%4C%5A%41%20%23%46%2F%37%44%5A%4C%36%46%5A%4C%37%43%4C%5A%37%2D%47%5A%4C%2D%44%5A%4C%2D%44%5A%4C%37%5D%4E%31%47%2D%34%33%54%53%7B%2F%2D%44%5A%4C%4C%5A%42%68%4C%45%5A%4C%2D%47%32%4E%7D%20%23%43%2F%37%41%4C%5A%37%41%5A%4C%23%47%2F%37%45%5A%4C%2D%41%5A%68%4C%5A%44%2D%2D%44%5A%4C%35%62%41%5A%4C%41%2F%42%4C%5A%41%37%43%5A%4C%37%2D%47%7B%59%5D%20%51%2C%2D%3E%44%65%6E%69%46%3C%5A%4C%2D%44%5A%4C%35%23%37%4C%5A%46%5E%2F%37%45%5A%4C%43%2F%37%47%5A%4C%37%4C%5A%73%43%4C%2D%44%5A%4C%23%43%2F%37%41%5A%4C%37%41%4C%5A%36%46%5A%4C%5E%46%6C%7C%2C%37%43%2C%31%31%5A%44%2D%2F%43%2D%47%5A%4C%6F%4C%2D%47%5A%4C%4C%5A%43%37%4C%5A%4C%37%44%5A%4C%62%45%2F%36%2D%43%5A%4C%46%5E%5A%4C%37%43%5A%4C%37%2D%47%5A%4C%37%43%5A%44%37%2F%46%23%37%47%5A%4C%42%3E%61%64%6F%43%42%62%36%4C%5A%53%2E%44%3C%5A%4C%46%5A%4C%37%43%5A%4C%37%47%2D%5A%4C%37%44%5A%4C%41%2F%46%5A%4C%6F%62%41%2E%20%61%6C%20%5A%4C%2D%47%5A%4C%41%2F%37%44%51%42%62%4C%5A%2D%43%5A%4C%2D%43%5A%4C%37%47%5A%4C%44%2F%42%62%5A%4C%62%42%31%4E%5A%4C%62%42%5A%4C%37%46%2F%42%62%4C%5A%7B%59%7D%20%46%42%2F%37%47%5A%47%2D%4C%5A%47%62%42%32%4E%51%79%58%51%79%58%7D%20%37%46%4C%5A%37%46%5A%4C%37%43%5A%4C%37%43%5A%4C%37%2D%4C%5A%47%37%4C%5A%4C%37%44%5A%20%2E%43%2E%44%5A%43%2D%4C%5A%5A%4C%37%46%5A%4C%45%2F%37%43%5A%4C%37%47%4C%5A%44%2F%62%42%5A%4C%6F%23%43%5A%4C%6F%23%43%42%62%4C%5A%3C%4C%2D%43%5A%4C%61%6C%20%46%69%6E%65%3E%42%62%20%5A%20=%4A%61%7A%7A%2D%42%61%6C%6C%61%64%20%45%76%65%6E=%31%30%30=%31
1c99a88c-8ccb-490b-b34d-3e4077714282,irealb://%41%71%75%61%72%65%6C%61%20%42%72%61%73%69%6C%65%69%72%61=%53%69%6C%61%73%20%64%65%20%4F%6C%69%76%65%69%72%61%20%28%47%52%45%53%20%49%6D%70%65%72%69%6F%20%53%65%72%72%61%6E%6F%20%31%39%36%34%29==%53%61%6D%62%61=%47%2D==%31%72%33%34%4C%62%4B%63%75%37%4C%20%2D%47%3E%34%34%3C%2A%36%C3%A1%6E%65%63%20%65%64%20%61%68%6C%69%76%61%61%72%6D%20%61%73%73%65%20%6D%61%6A%65%56%20%39%72%69%6F%2E%2E%54%41%2A%5B%59%46%5B%20%20%2D%20%44%37%4C%5A%2C%37%44%2C%2D%47%73%5A%4C%37%44%5A%4C%2D%5A%43%4C%20%2C%2D%47%6C%7C%51%79%58%7C%72%20%20%73%4C%5A%6C%47%2C%2D%47%6C%5A%42%5A%4C%2C%37%62%20%4C%5A%44%72%20%5A%4C%2C%2D%47%6C%5A%4C%2C%37%44%20%2D%2C%47%6C%5B%20%2C%2D%47%5A%4C%78%5A%4C%2C%37%7C%20%4C%5A%46%42%5A%4C%20%37%20%2C%68%41%6C%4C%5A%44%37%20%4C%2C%2D%43%5A%4C%20%37%44%5A%4C%20%2D%43%4C%5A%37%44%5A%4C%2D%41%5A%4C%43%5A%4C%37%47%5B%5A%47%2D%4C%5A%37%41%5A%4C%62%3E%61%69%72%67%6C%47%2D%20%5D%64%20%65%74%6E%61%69%64%61%72%20%69%65%75%69%71%66%20%45%20%20%32%37%2A%3C%42%2A%5B%59%59%65%20%61%6C%65%5A%4C%2C%37%44%5A%4C%2D%47%6C%20%4C%5A%47%37%20%2C%2D%43%6C%5B%20%37%44%5A%4C%20%2C%37%5A%41%4C%62%42%5A%4C%37%46%5A%4C%2D%43%5A%4C%20%44%37%2C%4C%5A%6C%7C%72%20%6C%65%64%20%75%65%44%37%2C%4C%5A%65%74%20%61%69%6C%69%73%61%72%42%20%20%39%2A%36%3C%43%2A%5B%59%59%5D%20%2C%37%44%20%2C%47%6D%20%6F%20%73%20%2C%37%41%6C%5A%4C%35%23%2D%65%3E%6C%47%2C%4C%2C%37%45%20%2C%2D%41%5A%4C%2C%6F%62%42%2C%20%2D%42%6C%7C%51%79%58%47%6C%5A%4C%2D%41%20%5A%41%2D%20%41%75%71%61%74%73%37%44%5A%4C%2C%41%2D%23%35%4C%5A%4C%78%5A%4C%37%47%5A%4C%2C%47%5B%5D%51%58%79%47%6C%5A%4C%35%23%37%44%20%2C%37%44%6C%5A%43%4C%5A%41%2D%20%36%2D%41%6C%4C%20%2C%47%6C%5A%73%47%2C%44%47%3E%20%73%61%73%73%6F%6E%20%73%61%73%73%20%65%2C%6C%69%73%61%72%42%36%36%2A%3C%7C%2C%37%2C%44%37%2C%7C%4C%78%5A%4C%2C%2C%37%44%20%2C%37%2C%4C%5A%6C%37%44%20%2C%68%41%6C%7C%2C%37%45%73%20%2C%42%2D%5A%4C%2C%6F%23%43%2C%43%6C%5A%4C%2C%2D%41%2C%4C%5A%47%2D%45%2C%47%6C%5A%20%7B%3C%2A%37%34%4C%61%2E%2E%2E%6C%61%20%69%61%20%6C%61%69%61%3E%6C%47%2D%2C%4C%5A%78%4C%5A%73%47%2D%2C%44%2D%2C%7C%47%2D%2C%44%37%7D=%4C%61%74%69%6E%2D%42%72%61%7A%69%6C%3A%20%53%61%6D%62%61=%32%30%30=%33
1c1500ae-53cd-4303-932b-1c3881aa7810,irealb://%43%6F%63%6B%74%61%69%6C%20%53%77%69%6E%67%20%31=%46%65%72%72%65%74%20%53==%4D%65%64%69%75%6D%20%53%77%69%6E%67=%41%2D==%31%72%33%34%4C%62%4B%63%75%37%51%79%58%37%45%34%3C%20%41%41%7C%72%51%79%58%5A%4C%51%79%58%7C%72%51%79%7C%58%51%79%58%2D%44%7C%51%79%58%2D%41%3E%41%42%58%79%51%4C%5A%34%54%41%2A%7B%5A%4C%20%6C%63%46%69%6E%65%3E%44%5A%4C%20%6C%63%4B%51%79%58%2D%41%5A%4C%6C%20%63%4B%51%79%58%2D%44%42%2A%7C%59%7D%20%20%2D%58%79%51%4B%3C%20%2D%41%7C%45%37%58%79%51%7C%3C%44%2E%43%2E%20%61%6C%20%46%69%6E%65%3E%20%78%20%20%5D%20==%30=%30
1cd03e01-eb83-4a63-85e8-31c21409d2b3,irealb://%42%72%69%73%65%20%4E%61%70%6F%6C%69%74%61%69%6E%65=%47%75%65%72%69%6E%6F%2D%50%65%79%72%6F%6E%6E%69%6E==%47%79%70%73%79%20%57%61%6C%74%7A=%46==%31%72%33%34%4C%62%4B%63%75%37%37%41%5A%4C%78%34%3C%41%41%42%4C%78%5A%4C%37%41%5A%4C%78%5A%4C%2D%44%5A%78%4C%5A%4C%37%41%3E%41%43%43%42%41%2F%43%43%42%5A%44%2D%4C%5A%33%54%41%2A{%46%5A%4C%78%5A%44%2D%4C%5A%78%78%5A%4C%46%5A%4C%78%5A%4C%37%43%42%2A{%20}%78%5A%4C%2D%44%5A%4C%78%5A%4C%37%41%5A%4C%4C%5A%43%37%4C%5A%4C%78%5A%4C%78%5A%4C%46%5A%43%2D%37%4C%5A%43%43%2A{}%20%78%5A%4C%2D%41%5A%4C%37%5A%45%4C%45%2F%2D%41%5A%4C%78%5A%4C%46%5A%4C%78%37%4C%5A%78%4C%5A%4C%78%5A%4C%4C%5A%43%37%4C%5A%78%4C%5A%46%4C%5A%78%4C%5A%43%37%4C%5A%41%37%4C%5A%44%2D%4C%5A%42%6F%37%4C%5A%47%37%4C%5A%43%37%4C%5A%46%4C%5A%78%20}%20==%30=%30
1c00c513-67be-4618-82aa-b2d56a6a8e94,"irealb://%4E%6F%74%65%73%20%4E%6F%69%72%65%73%20%41%20%31=%4C%61%66%65%72%74%69%6E%20%46%61%70%79==%57%61%6C%74%7A=%41%2D==%31%72%33%34%4C%62%4B%63%75%37%4C%37%45%20%2D%38%41%2D%3C%41%58%37%45%5A%4C%37%42%20%2D%41%7C%51%79%58%45%37%5A%4C%37%42%20%3E%41%20%42%42%20%53%20%41%79%51%7C%53%41%36%54%41%2A[%7C%51%79%58%37%51%7C%41%37%58%20%2D%44%7C%51%79%58%37%42%5A%4C%46%20%43%4C%5A%47%20%2D%44%7C%7C%51%79%58%2D%44%7C%51%79%45%37%4C%5A%45%79%58%2D%41%5A%70%20%42%28%20%7C%41%37%58%79%20%53%20%41%41%3C%20%37%42%5A%4C%51,%46%43%20%5A%4C%47%20%2D%44%7C%51%79%58%2D%44%7C%51%42%42%20%41%20%51%79%58%2D%41%58%2D%41%5A%4C%37%4C%5A%41%2D%7C%51%79%58%2D%41%5A%4C%20%78%20%5A%4C%20%20%78%5A%4C%37%45%20%37%42%51[%59]%51%79%58%42%37%20%45%37%45%3E%29%32%67%79%51]%20==%30=%30"
1c23c8b2-5ffa-483d-adbf-3b3237135e81,irealb://%4F%6E%20%41%20%53%6C%6F%77%20%42%6F%61%74%20%54%6F%20%43%68%69%6E%61%20%28%42%65%6C%6F%66%66%20%41%72%72%2E%2A%29=%4C%6F%65%73%73%65%72%20%46%72%61%6E%6B==%53%6C%6F%77%6C%79%2C%20%57%69%74%68%20%41%20%42%65%61%74=%46==%31%72%33%34%4C%62%4B%63%75%37%4C%46%5A%4C%37%34%3C%2A%36%39%2D%47%3E%35%34%31%20%67%6E%69%77%53%20%6D%69%75%64%65%4D%2D%7A%7A%61%4A%20%79%72%54%20%20%37%4C%5A%45%62%34%54%69%2A%5B%2F%37%45%7C%51%47%37%4C%5A%43%7C%51%79%58%2C%23%46%2F%37%44%7C%51%79%58%5E%37%46%41%2A%5B%5D%20%37%43%5A%4C%46%5A%4C%37%47%2D%37%58%79%5A%4C%37%44%5A%79%58%37%2D%47%51%7C%46%5E%37%39%62%37%44%20%37%68%41%7C%51%79%58%37%5E%42%62%7C%51%79%58%39%62%37%41%7C%51%79%58%41%2F%20%5D%5B%2A%42%79%58%2C%62%41%5E%46%41%2A%5B%79%51%7C%46%5E%43%7C%51%79%58%37%2D%47%7C%51%79%58%70%7C%79%51%58%37%47%7C%51%79%58%37%44%7C%51%79%58%37%37%58%79%51%5D%58%37%45%7C%51%42%7C%51%79%58%44%37%2F%46%23%51%79%58%41%2F%37%5E%46%7C%51%79%58%2C%62%2F%41%37%45%7C%51%79%58%37%2D%47%7C%51%79%58%2C%7C%41%37%62%39%7C%51%79%58%37%33%31%62%37%44%51%7C%41%68%37%5E%46%7C%51%79%58%2C%31%31%23%37%62%45%7C%79%51%58%37%2D%47%43%2A%5B%5D%20%39%62%37%44%20%37%58%79%51%7C%79%58%37%5E%62%2C%58%79%51%7C%47%37%58%79%51%7C%47%2D%37%20%43%37%4C%5A%46%36%58%79%51%7C%47%2D%37%20%43%37%20%5A%20=%4A%61%7A%7A%2D%4D%65%64%69%75%6D%20%53%77%69%6E%67=%31%34%35=%31
1c05f9de-e612-4cf0-8f68-d3a528d7151d,irealb://%59%6F%75%20%41%72%65%20%4D%79%20%53%75%6E%73%68%69%6E%65%20%28%42%65%6C%6F%66%66%20%41%72%72%2E%29=%44%61%76%69%73%20%4A%69%6D%6D%69%65==%43%6F%75%6E%74%72%79=%43==%31%72%33%34%4C%62%4B%63%75%37%58%70%7C%51%79%34%3C%2A%36%39%58%37%47%7C%51%79%58%43%3E%30%38%31%20%79%74%72%6E%75%6F%43%2D%70%6F%50%20%79%72%54%20%20%79%51%7C%43%58%34%54%69%2A%5B%79%58%46%7C%51%41%43%58%79%51%79%58%43%7C%51%79%58%70%7C%51%79%58%46%7C%79%51%58%37%43%7C%51%79%58%43%7C%51%79%58%70%7C%51%7C%43%58%79%2A%5B%5D%51%79%51%79%58%70%7C%51%7C%43%58%79%2A%5B%5D%51%79%58%70%7C%51%79%58%43%7C%51%58%79%37%47%7C%51%79%58%43%7C%51%79%58%70%7C%51%42%43%58%79%51%79%58%70%7C%51%79%58%70%7C%51%7C%43%37%58%79%79%58%70%7C%51%79%58%46%7C%51%79%58%70%7C%79%51%58%43%7C%51%79%58%70%7C%51%79%58%46%7C%51%51%7C%43%58%79%51%79%58%70%7C%51%7C%43%58%79%51%7C%47%37%58%79%51%7C%43%58%79%51%7C%70%58%79%51%5D%5B%51%43%58%79%51%7C%47%37%58%79%51%7C%43%58%79%51%7C%70%58%79%51%5A%20=%50%6F%70%2D%43%6F%75%6E%74%72%79=%31%38%30=%33
1cfa8db3-a3ef-4ed2-bcc1-af59e8ed1b9f,irealb://%41%69%72%20%54%68%61%74%20%49%20%42%72%65%61%74%68%65%2C%20%54%68%65%20%31=%4D%63%43%6C%65%6E%64%6F%6E%20%4C%69%73%61==%52%6E%42=%43==%31%72%33%34%4C%62%4B%63%75%37%64%61%62%41%31%62%61%64%64%39%62%44%2F%37%2D%46%7C%51%79%58%39%64%64%61%41%62%7C%51%79%58%62%44%2F%37%2D%46%7C%51%79%58%58%79%51%7C%4E%41%34%34%54%7B%39%64%64%61%62%2F%47%4C%5A%46%51%79%58%5E%62%45%5A%4C%37%2D%46%20%31%31%37%23%5E%62%44%5A%4C%39%64%64%61%62%45%20%39%2D%7D%7B%4E%32%41%62%45%20%39%64%7C%51%79%58%5E%4C%5A%46%2D%39%78%33%3C%20%20%5E%62%45%5A%4C%37%2D%46%20%31%31%23%37%5E%62%44%5A%4C%39%64%64%61%62%45%20%3E%20%7D%5B%46%47%2F%62%45%20%62%42%2F%37%2D%5D%5B%58%79%51%39%64%64%61%46%7C%51%79%58%62%42%2F%37%2D%7C%44%51%79%58%39%64%64%61%46%7B%20%20%51%79%58%58%79%51%7C%44%51%79%58%5E%46%32%4E%7B%7D%51%31%46%61%64%64%4C%37%2D%44%20%31%31%23%37%5E%62%42%5A%4C%64%39%64%61%43%20%39%2D%44%5A%4C%45%2F%43%20%39%5A%43%5E%58%79%4E%7C%51%79%58%79%58%5E%44%5B%20%43%2F%45%4C%3C%20%20%5E%43%5A%4C%37%2D%44%20%31%31%23%5E%37%62%42%5A%4C%39%64%64%61%43%20%39%2D%44%5A%33%78%3E%20%7D%39%64%64%61%46%47%2F%37%2D%42%79%51%5D%58%79%64%64%61%44%7C%51%79%58%47%2F%37%2D%42%7C%79%51%58%39%64%64%61%44%7B%5A%4C%20%51%79%58%51%39%58%79%51%7C%58%5E%44%7C%51%64%61%44%32%4E%31%44%61%64%64%5E%41%5A%4C%37%2D%42%20%37%5E%47%5A%4C%39%64%64%61%41%20%39%2D%42%5A%4C%23%43%2F%41%20%39%58%79%51%7D%7B%4E%7C%51%79%58%39%41%7C%51%79%43%23%4C%5A%42%7D%20%3E%78%35%3C%20%20%5E%41%7C%51%79%58%31%31%23%37%5E%47%5A%4C%39%64%64%61%41%20%39%2D%7C%47%5E%39%58%2F%41%20%39%64%58%79%51%7B%47%5E%39%58%79%51%7C%66%41%31%33%20%20%3C%35%78%3E%20%7D%20==%39%33=%30
1ce9c9b8-95f8-4df4-acf3-d4344f1d2921,irealb://%4C%61%20%42%61%74%61%6C%6C%61=%57%69%63%6B%68%61%6D%20%50%68%69%6C==%57%6F%72%73%68%69%70=%47=%31=%31%72%33%34%4C%62%4B%63%75%37%39%64%64%61%43%34%47%58%79%51%44%20%20%7C%51%79%58%37%2D%45%7C%51%79%58%7C%78%51%79%58%39%64%64%61%43%7C%51%79%58%78%7C%35%4C%5A%4E%31%34%54%41%2A%7B%37%2D%45%20%44%32%47%4C%5A%78%64%64%61%43%3E%2E%2E%2E%65%65%6C%65%70%20%64%6F%6E%61%75%63%20%36%36%2A%3C%42%2A%5B%5D%20%39%20%47%4C%5A%4E%7D%51%79%58%37%2D%45%2C%44%64%39%20%47%4C%39%64%64%61%43%5A%4C%37%2D%45%20%44%5A%4C%20%47%39%64%64%61%43%7C%5A%4C%37%2D%45%20%44%5A%20%47%4C%5A%73%64%61%43%5A%4C%44%7C%51%79%58%47%2C%7C%47%2C%43%3E%2E%2E%2E%6F%73%6F%72%65%64%6F%70%20%6F%73%69%44%20%69%6D%20%39%36%2A%3C%43%2A%7B%5D%58%79%51%7C%47%6C%76%2A%5D%2C%61%6E%69%66%20%2D%37%20%44%20%36%36%2A%3C%5B%20%20%51%79%58%51%79%58%42%5D%2A%51%79%58%2C%44%7C%51%79%58%43%76%2A%7C%7D%20%72%65%70%65%45%7C%51%79%58%6C%3E%43%61%64%64%39%20%47%4C%5A%54%32%32%44%4C%5A%47%58%79%51%7C%47%58%79%51%7C%2C%66%2C%47%20%5A%20==%30=%30
1cf0d87d-2e14-4c4b-bf09-73cdef5f4373,irealb://%48%6F%6D%65%20%53%77%65%65%74%20%48%6F%6D%65%20%2D%20%50%41%52%4B%49%4E%47%20%4C%4F%54%20%50%49%43%4B%45%52%27%53%20%20=%50%61%79%6E%65%20%61%6E%64%20%42%69%73%68%6F%70==%43%6F%75%6E%74%72%79=%44==%31%72%33%34%4C%62%4B%63%75%37%70%61%43%20%20%44%65%66%61%75%20%47%20%5B%20%35%20%6F%70%61%43%20%20%51%58%79%2C%5D%20%44%20%5B%20%3A%79%65%4B%20%74%6C%5D%2C%58%79%51%38%31%2A%3C%20%79%58%51%79%58%20%41%20%5D%3E%42%78%69%44%2F%70%72%61%68%73%32%65%62%20%72%3A%72%41%30%36%2A%3C%20%20%51%79%58%51%79%58%72%75%63%65%3E%5B%20%37%20%6F%2A%3C%20%20%51%36%58%79%51%20%51%79%58%3E%37%56%20%2C%56%20%2C%56%49%20%49%2C%20%3A%64%65%73%55%20%73%64%72%6F%68%43%20%58%79%51%58%79%35%2A%3C%20%51%51%79%58%44%7C%6B%2D%75%70%20%7C%51%79%58%44%5A%4C%47%20%44%34%34%54%41%5B%2A%20%20%51%79%58%3E%32%20%3A%73%65%74%6F%6E%41%37%58%79%51%63%69%50%38%35%4C%41%20%44%7C%5A%44%58%79%51%51%79%58%37%41%7C%51%79%58%44%5A%4C%41%20%42%44%2A%5B%5D%51%79%58%44%7C%51%79%58%37%41%7C%7C%44%58%79%51%4C%47%20%44%7C%5A%4C%47%20%44%7C%41%37%58%79%5A%4C%37%41%20%44%3E%64%3A%73%75%72%6F%68%20%43%30%37%2A%3C%43%2A%5B%5D%51%79%58%44%7C%51%44%58%79%51%7C%51%79%58%44%5A%44%58%79%51%7C%41%37%58%79%51%7C%44%20%55%20%20%5A%58%79%51%58%79%51%58%79%51%58%79%51%58%79%51%58%79%51%58%79%51%58%79%51%3C%62%23%3E%20=%50%6F%70%2D%43%6F%75%6E%74%72%79=%31%31%30=%34
1c649501-677b-4781-a251-bc68aeb8db47,irealb://%48%6F%74%20%43%6F%72%6E%2C%20%43%6F%6C%64%20%43%6F%72%6E%20%2D%20%46%6C%69%6E%6E%65%72=%54%72%61%64%69%74%69%6F%6E%61%6C==%50%6F%70%20%2D%20%42%6C%75%65%67%72%61%73%73=%47==%31%72%33%34%4C%62%4B%63%75%37%79%58%44%34%32%58%79%51%4B%63%63%4B%51%79%58%44%5A%4C%20%6C%63%4B%51%79%47%58%5A%4C%20%6C%63%4B%51%79%58%44%5A%4C%20%6C%6C%20%4C%5A%54%47%34%34%54%5B%51%7C%54%34%34%47%58%79%51%4B%63%6C%20%20%5A%20==%30=%30
1cc5367a-58da-43c1-9f06-ddf6d3b0f5ab,irealb://%49%6E%20%74%68%65%20%42%6C%65%61%6B%20%4D%69%64%77%69%6E%74%65%72=%48%6F%6C%73%74%20%47%75%73%74%61%76==%42%61%6C%6C%61%64=%46==%31%72%33%34%4C%62%4B%63%75%37%7C%51%79%58%46%20%41%2D%4C%5A%42%7C%51%79%58%2D%44%5A%4C%2D%41%20%46%5A%43%4C%20%20%7C%51%79%58%2D%47%7C%51%79%58%2D%44%62%20%43%4C%5A%46%34%34%54%5B%42%62%58%79%51%7C%20%20%44%2D%4C%5A%46%20%42%62%4C%5A%43%58%79%51%7C%46%20%41%2D%4C%5A%44%2D%58%79%51%7C%42%62%20%43%4C%5A%46%58%79%51%5A%20=%4A%61%7A%7A%2D%42%61%6C%6C%61%64%20%53%77%69%6E%67=%36%30=%33
1c4250fb-ae3f-4ddf-96d1-a53cda395bd7,irealb://%48%75%6E%67%61%72%69%61%20%2D%20%46%6C%69%6E%6E%65%72=%44%6A%61%6E%67%6F%20%52%65%69%6E%68%61%72%64%74%2C%20%53%74%65%70%68%61%6E%65%20%47%72%61%70%70%65%6C%6C%69==%4D%65%64%69%75%6D%20%55%70%20%53%77%69%6E%67=%47==%31%72%33%34%4C%62%4B%63%75%37%6C%63%4B%51%79%44%37%2F%41%4C%54%41%2A%5B%59%5D%51%79%58%47%5A%4C%41%2F%44%37%20%42%2F%47%5A%4C%36%2D%43%20%42%2F%47%5A%34%34%47%36%58%20%47%69%2A%5B%44%5A%4C%20%6C%37%58%79%51%4B%37%41%5B%5D%20%20%6C%63%4B%51%79%58%37%45%4C%5A%20%6C%63%4B%51%79%58%36%47%5A%4C%20%6C%63%58%79%51%4B%63%62%41%5A%4C%20%4C%20%6C%63%4B%63%6C%20%4C%5A%42%2A%5B%5D%51%79%58%37%44%7C%51%79%58%37%41%2D%7C%51%79%58%37%2D%62%42%7C%51%79%58%36%47%47%36%58%79%51%4B%51%79%58%37%7C%51%79%58%37%79%51%4B%63%6C%58%37%5E%43%5B%5D%20%20%6C%63%4B%51%79%58%45%37%5A%4C%20%6C%63%4B%51%79%58%36%47%5A%4C%20%79%51%7C%43%2D%58%37%62%41%5A%47%36%58%79%51%7C%42%62%2D%37%58%79%51%7C%41%2D%37%58%79%51%7C%44%37%58%79%51%7C%47%36%2C%55%58%79%51%7C%44%37%2C%58%79%51%5A%20=%4A%61%7A%7A%2D%47%79%70%73%79%20%4A%61%7A%7A=%32%32%30=%33
1c33e581-8b4f-454c-be98-cf51efddac8f,"irealb://%42%61%79%6F%75%20%6E%6F%69%72=%43%6F%6D%70%6F%73%65%72%20%55%6E%6B%6E%6F%77%6E==%4D%65%64%69%75%6D%20%53%77%69%6E%67=%43==%31%72%33%34%4C%62%4B%63%75%37%59%7C%54%34%34%47,%70%70%70%7C%78%4C%5A%44,%70%70%70%7C%47,%70,%70,%70%20%7C%20=%50%6F%70%2D%43%6F%75%6E%74%72%79=%31%36%38=%33%30"
1c91756a-d51c-43ae-a7d0-149511476660,irealb://%46%65%65%6C%69%6E%27%20%53%74%72%6F%6E%67%65%72%20%45%76%65%72%79%20%44%61%79=%4A%61%6D%65%73%20%50%61%6E%6B%6F%77%2D%50%65%74%65%72%20%43%65%74%65%72%61==%52%6F%63%6B=%43==%31%72%33%34%4C%62%4B%63%75%37%58%29%43%28%6E%32%73%44%2D%2C%6C%7C%7D%20%78%5A%4C%46%7C%2C%46%2C%43%20%5A%47%4C%78%5A%4C%47%7C%2C%47%2C%46%2F%2D%44%20%43%58%79%51%7C%32%54%69%2A%7B%46%20%20%2C%62%43%29%78%20%4C%62%42%7C%51%79%58%62%45%5A%4C%20%6C%63%4B%79%51%58%43%41%2A%7B%5D%20%20%78%29%43%28%20%5A%58%79%51%7C%42%28%20%7C%51%79%4B%51%79%58%2D%51%7C%42%62%20%63%4B%51%79%58%2D%44%5A%4C%20%6C%63%4B%51%58%79%2D%41%42%2A%5B%7D%51%79%58%46%7C%2C%46%20%6C%20%4C%5A%41%79%58%46%7C%2C%46%2C%43%20%47%4E%31%73%44%2D%47%7C%2C%47%2C%46%2F%2D%44%20%2D%44%32%4E%7D%7B%20%78%5A%4C%47%7C%2C%47%2C%46%2F%2D%44%20%4C%5A%78%4C%5A%5B%20%20%6C%63%51%79%58%47%5A%78%20%7D%7C%6C%5A%4C%78%5A%4C%47%43%2A%5B%20%29%43%28%6E%4C%5A%29%43%28%6E%5A%4C%29%43%28%6E%5A%4C%2C%43%44%4C%5A%78%4C%5A%4C%46%7C%2C%42%2C%42%5A%4C%7B%73%41%2C%41%2C%45%2C%45%2C%45%5A%4C%20%6C%63%4B%41%2C%2C%41%41%2C%41%7B%7D%20%20%6C%63%4B%41%2C%41%2C%45%4B%63%6C%20%20%43%20%47%7C%7C%51%79%58%41%7C%46%23%2C%46%2C%42%2C%23%43%2C%23%43%7C%2C%23%43%2C%23%2C%43%23%43%2C%23%43%7C%2C%23%46%2C%23%46%2C%23%42%2C%7D%7B%6C%2C%42%2C%42%2C%45%58%79%51%7C%42%58%79%51%7C%3C%43%75%65%20%6F%75%74%3E%20%78%20%20%7D%20==%31%35%35=%30
1c081773-a454-47fd-8006-162e5b4a3cb7,irealb://%42%6C%75%65%73%2D%31%30=%43%6F%6D%70%6F%73%65%72%20%55%6E%6B%6E%6F%77%6E==%4D%65%64%69%75%6D%20%53%77%69%6E%67=%46==%31%72%33%34%4C%62%4B%63%75%37%41%7C%51%79%58%5E%37%58%79%51%79%58%37%62%42%5A%4C%37%46%20%37%2D%43%5A%37%4C%47%20%37%2D%44%5A%4C%37%41%20%37%2D%45%7C%51%7C%42%6F%37%46%34%34%54%5B%20%37%43%20%37%4C%5A%41%62%2D%44%20%37%46%5A%4C%37%62%47%20%37%2D%62%44%4C%5A%37%43%20%2C%37%2D%47%5A%4C%37%62%44%20%37%37%4C%5A%47%2D%37%44%20%37%2D%5A%20==%31%30%30=%33
1cefabbc-3fea-434d-9933-c407f4ea9f85,"irealb://%42%6F%6E%69%74%61=%4A%6F%62%69%6D%20%41%6E%74%6F%6E%69%6F%2D%43%61%72%6C%6F%73==%42%6F%73%73%61%20%4E%6F%76%61=%41%2D==%31%72%33%34%4C%62%4B%63%75%37%54%41%2A%5B%5D%34%41%2D%39%4C%31%23%37%5E%62%45%5A%4C%78%5A%4C%39%2D%41%4C%5A%78%5A%4C%31%31%23%37%5E%62%45%5A%4C%78%5A%31%4C%5A%78%20%34%54%69%2A%5B%2D%41%6C%7C,%5A%41%2D%5E%37%36%2D%41%7C,%37%2D%41,%37%5E%2D%41%7C%37,%2D%41,%36%2D%41%73%5A%4C%37%2D%41%5A%4C,%41%2D%62%36%4C%2D%41%34%34%2D%41,%36%2D%6E%4C%5A%6C%41%41,%37%5E%2D%41%73,%5A%4C,%37%2D%41%4C%5A,%36%2D%41%5A%4C%37%2D%41%5A%4C%37%5E%2D%2D%37,%7C%41%6C%7C%6E%73,,%37%2D%47,%41%2D%4C%5A%44,%37%2D%47,%36%2D%47%73%5A%4C%37%2D%47%4C%5A%37%5E%2D%47%6C%5A%4C%2D%47%5A%4C%39%62%37%7C%47%2D%5E%37%6C%7C,%36%62%2D%44%7C,%37%47%2D%62%36,%44%73%5A%4C%37%2D%44%5A%4C%37%5E%2D%44%6C%4C%5A%2D%44%5A%4C%39%62%37%41%5A%4C%2D%47%6C%7C%2D%36,%44%2D,%36%2D%47%7C%2D%41%5A%4C%78%37,%7C%44%2D%6C%42%2A%5B%5D,%35%23%37%45,%35%23%37%45%5E%73%5A%4C%2D%44%6C%7C,%36%62%2D%44,%36%43%5E%37%4C%5A%2D%44,%37%5E%78%5A%4C%39%44%5A%44%39%23%31%36%2D%62%42%5A%4C%78%5A%4C%39%2D%44%5A%4C%5A%78%4C%31%31%23%39%62%37%44%5A%4C%78%5A%4C%31%4C%5A%78%4C%5A%4C%78%5A%4C%39,%36%2D%46%6C%4C%5A%47%37%62%31%31%23%37%5E%46%5A%4C%31%31%23%37%5E%62%6C%47%5A%4C%78%5A%4C%78%5A%4C%37%2D%47%5A%4C%39%4C%5A%78%4C%5A%39%2D%44%5A%4C%6F%43%5A%4C%78,%4C%5A%43%5E%5A%4C%78%5A%4C%6F%43%5A%4C%31%31%23%39%62%5A%44%4C%31%31%23%39%44%5A%4C%37%2D%41%5A%4C%37%43%36%39%4C%5A%39%62%42%5A%4C%4C%5A%78%4C%5A%43%36%39%4C%5A%78%20%5A%20=%4A%61%7A%7A%2D%42%6F%73%73%61%20%4E%6F%76%61=%31%34%30=%33"
1c10a556-c1db-41c7-9fc3-679928434993,irealb://%53%63%61%6C%65%20%42%6F%73%73%61%20%28%43%79%63%6C%65%20%6F%66%20%34%74%68%73%29%2C%20%54%68%65=%43%6F%6D%70%6F%73%65%72%20%55%6E%6B%6E%6F%77%6E==%42%6F%73%73%61%20%4E%6F%76%61=%43==%31%72%33%34%4C%62%4B%63%75%37%78%5A%4C%78%5A%62%5E%37%4C%5A%5A%4C%78%5A%4C%37%5E%62%45%5A%4C%78%5A%4C%5A%78%4C%78%5A%4C%78%5A%4C%78%5A%4C%78%5A%4C%78%78%4C%5A%78%4C%42%34%34%54%5B%5A%4C%78%5A%4C%78%4C%5A%41%62%4C%37%5E%62%44%5A%4C%78%5A%4C%78%5A%4C%78%4C%5A%78%5A%4C%78%5A%4C%78%5A%4C%78%5A%4C%37%5E%5A%78%4C%5A%78%5A%4C%78%5A%4C%5A%4C%78%5A%4C%5A%78%4C%5A%78%42%5A%4C%78%5A%4C%78%5A%4C%78%5A%4C%78%5A%78%4C%5A%4C%78%5A%4C%78%5A%4C%37%5E%62%47%5A%4C%5E%37%4C%5A%78%4C%78%5A%4C%78%78%5A%4C%78%5A%5A%78%4C%5A%78%4C%78%5A%4C%78%5A%4C%78%5A%4C%78%5A%4C%78%4C%5A%78%5A%4C%78%5A%4C%37%5E%45%5A%4C%78%5A%4C%5A%41%5E%37%4C%4C%78%5A%4C%78%4C%78%5A%4C%37%78%4C%5A%78%4C%5A%4C%78%5A%4C%78%5A%4C%78%5A%4C%78%5A%4C%5A%78%4C%78%5A%4C%37%5E%44%5A%4C%78%5A%4C%78%5A%78%4C%5A%47%5E%5A%4C%78%5A%4C%5A%4C%37%5E%46%4C%5A%78%4C%5A%78%5A%4C%78%5A%4C%78%5A%4C%78%5A%4C%78%5A%78%4C%5A%4C%37%5E%43%5A%4C%78%5A%4C%78%5A%4C%78%4C%5A%78%4C%5A%78%5A%4C%78%5A%78%4C%5A%78%4C%5A%78%4C%5A%78%4C%5A%78%4C%5A%78%4C%5A%78%20%5A%20==%31%32%30=%31
1ce7470f-b14c-4d0c-8239-84ca7db62d0d,irealb://%4E%6F%20%4F%72%64%69%6E%61%72%79%20%4C%6F%76%65=%53%61%64%65==%4D%65%64%69%75%6D%20%50%6F%70=%42%2D==%31%72%33%34%4C%62%4B%63%75%37%5E%47%7C%51%79%61%73%6C%69%6A%46%7C%51%79%58%2D%42%34%34%54%7B%20%51%79%51%58%79%58%51%79%58%51%79%58%51%79%58%3E%3A%6E%23%2D%2F%42%58%42%30%33%2A%3C%3C%7C%7D%51%79%7C%78%58%79%51%51%79%58%2D%42%3E%78%78%20%36%36%2A%3C%30%7C%4E%51%79%58%42%2F%41%7C%51%79%58%42%2F%47%7C%7C%42%2D%37%58%51%79%58%42%2F%79%58%5A%20%51%74%5F%5F%5F%5F%58%42%66%7C%51%79%58%47%5A%4C%41%20%42%3E%5F%7C%5F%5F%5F%5F%5F%5F%5F%5F%5F%5F%5F%5F%5F%5F%79%51%7C%58%79%69%72%33%30%2A%58%51%79%58%51%79%51%58%79%51%51%79%58%51%79%58%51%79%58%51%79%58%51%79%51%58%79%58%51%79%58%51%79%58%51%79%58%51%79%58%58%79%51%58%79%58%51%79%58%51%51%79%58%51%79%58%79%51%58%79%79%58%51%79%58%51%79%58%51%79%58%51%79%58%79%51%58%51%79%58%51%79%58%51%79%58%51%79%58%51%51%58%79%51%58%51%79%58%51%79%58%79%51%58%79%51%58%79%51%58%79%51%20%4C%5A%58%79%51%4C%5A%58%79%51%4C%5A%58%79%51%4C%5A%58%79%51%4C%5A%58%79%51%4C%5A%58%79%51%4C%5A%58%79%51%20%7C==%30=%30
1ccfc7e3-c5d0-4cac-88f5-69c7c2ee2f58,irealb://%57%61%79%20%44%6F%77%6E%20%49%6E%20%4E%6F%72%74%68%20%43%61%72%6F%6C%69%6E%61%20%2D%20%46%6C%69%6E%6E%65%72=%54%72%61%64%69%74%69%6F%6E%61%6C==%50%6F%70%20%2D%20%42%6C%75%65%67%72%61%73%73=%47==%31%72%33%34%4C%62%4B%63%75%37%2C%5B%7D%51%79%54%34%34%47%58%58%44%5A%4C%20%6C%63%4B%51%79%58%47%7C%51%58%79%47%7C%51%79%58%43%5A%4C%20%6C%63%4B%51%79%79%51%7C%47%58%2C%41%2A%2C%7B%2A%42%2C%47%58%79%51%4B%63%6C%20%4C%5A%20%78%20%4C%5A%20%78%20%4C%5A%47%58%79%51%4B%63%6C%20%4C%5A%44%58%79%51%7C%47%58%79%51%5D%20==%31%37%36=%38
1c2ccca7-7bbe-48cf-8fe3-6f644222374c,irealb://%43%6D%69%6E%20%54%6F%20%67%20%54%68%69%6E%67=%73%68%6F%6F%73%74%65%72%20%4A%61%73%6F%6E==%4D%65%64%69%75%6D%20%53%77%69%6E%67=%43%2D==%31%72%33%34%4C%62%4B%63%75%37%58%51%79%58%5A%43%2D%4C%5A%78%47%5A%4C%78%5A%4C%78%5A%4C%37%47%7C%51%79%51%58%79%58%5A%4C%37%47%20%2D%43%5A%4C%78%5A%4C%37%20%43%2D%4C%2C%41%2A%2C%5B%79%58%5A%4C%43%2D%4C%5A%78%4C%37%62%41%5A%4C%2D%43%5A%4C%2D%46%7C%51%79%51%58%79%58%5A%4C%2D%46%20%37%43%5A%4C%37%43%5A%20%47%37%4C%5A%43%7C%7C%51%79%37%47%5A%4C%6F%2C%2A%42%2C%47%5A%4C%78%5A%4C%37%47%5A%4C%20%51%79%58%51%58%79%5A%4C%78%5A%4C%37%62%41%5A%4C%78%5A%4C%37%46%2D%20%46%23%7C%51%79%58%51%20%7C%20=%4A%61%7A%7A%2D%4C%61%74%69%6E=%32%33%30=%30
1cd92256-b459-4b1f-aa53-ec499d64536f,irealb://%43%6F%72%6B%20%6E%27%20%42%69%62=%4B%6F%6E%69%74%7A%20%4C%65%65==%4D%65%64%69%75%6D%20%53%77%69%6E%67=%42%62==%31%72%33%34%4C%62%4B%63%75%37%51%79%58%37%62%62%37%58%79%51%63%4B%51%79%58%37%62%45%7C%51%79%58%2D%62%7C%42%51%79%58%37%62%42%7C%51%79%58%37%62%45%7C%6C%20%4C%5A%42%42%34%34%54%7B%7C%44%2D%37%20%44%62%2D%37%4C%5A%43%2D%37%58%79%51%7C%43%2D%37%62%35%20%46%37%4C%5A%42%62%37%58%79%51%4B%63%6C%20%20%7D%20==%30=%30
1c23abd1-ea2f-4912-8522-a24f5a70005e,irealb://%4D%69%6E%6F%72%20(%34%20%42%61%72%73)=%4D%65%79%65%72%20%54%65%64==%4D%65%64%69%75%6D%20%53%77%69%6E%67=%43==%31%72%33%34%4C%62%4B%63%75%37%58%2D%43%5A%4C%62%2D%58%79%51%20%78%20%5A%4C%20%6C%63%4B%51%79%58%2D%42%4C%5A%20%78%20%5A%4C%20%78%20%5A%4C%20%6C%63%4B%4C%5A%20%78%20%42%34%34%54%5B%4C%20%6C%63%4B%20%4C%5A%20%78%5A%4C%20%78%20%5A%4C%20%78%20%5A%4C%20%6C%4B%63%51%79%58%2D%62%44%5A%4C%20%78%20%5A%4C%20%44%2D%58%79%51%6C%63%4B%51%79%20%5A%4C%20%78%5A%20%78%20%4C%63%4B%51%79%58%2D%45%5A%4C%20%78%20%5A%4C%78%20%20%5A%4C%20%6C%63%4B%51%79%58%2D%62%45%5A%6C%20%4C%5A%20%4C%20%78%20%5A%58%2D%47%5A%4C%2D%58%79%51%4B%20%78%20%5A%4C%20%6C%63%4B%51%79%58%2D%62%5A%47%4C%20%78%20%5A%4C%20%78%20%5A%4C%20%6C%63%4C%5A%20%78%20%46%5A%4C%20%78%4C%20%6C%63%4B%20%4C%5A%20%78%5A%4C%20%78%20%5A%4C%20%78%20%5A%4C%20%6C%4B%63%51%79%58%2D%62%41%5A%4C%20%78%20%5A%4C%20%41%2D%58%79%51%6C%63%4B%51%79%5A%20%78%20%4C%5A%20%78%20%20%5A%20=%4A%61%7A%7A%2D%4D%65%64%69%75%6D%20%53%77%69%6E%67=%31%30%30=%33%30
1cc5a5ca-8cf6-40f8-a9a3-b9788f2a7195,irealb://%44%69%6D%37=%50%65%6C%75%64%69%74%61%73%20%4F%6A%65%72%69%74%61%73==%4D%65%64%69%75%6D%20%53%77%69%6E%67=%43==%31%72%33%34%4C%62%4B%63%75%37%37%6F%62%42%20%20%4C%5A%20%78%5A%4C%20%78%20%5A%4C%20%78%20%5A%4C%20%37%46%6F%20%5A%4C%20%78%20%5A%4C%20%78%20%5A%4C%20%20%78%20%4C%5A%37%6F%43%20%5B%20%5A%4C%20%37%20%4C%5A%20%78%4C%20%78%20%5A%4C%20%78%20%5A%4C%20%78%20%4C%5A%20%37%6F%62%45%20%5A%4C%20%78%20%5A%4C%20%5A%20%41%62%6F%78%20%5A%4C%20%5A%4C%20%78%20%78%20%4C%5A%20%62%47%20%5A%4C%20%78%20%5A%4C%20%78%20%5A%20%4C%78%20%5A%4C%20%37%6F%62%44%20%5A%4C%20%78%6F%37%20%4C%5A%20%5A%4C%20%78%20%5A%4C%20%78%20%78%20%4C%5A%20%5A%4C%20%37%6F%45%20%5A%4C%20%78%20%5A%20%4C%78%20%5A%4C%20%78%20%5A%4C%20%37%6F%42%20%78%20%4C%5A%20%5A%4C%20%78%20%47%20%5A%4C%20%41%6F%37%20%4C%78%20%5A%4C%20%78%20%5A%4C%20%37%6F%44%20%4C%5A%20%78%20%5A%4C%20%78%20%5A%4C%20%78%20%5A%20%4C%5A%20%78%20%5A%4C%20%78%6F%37%20%4C%5A%20%78%20%4C%5A%20%78%20%4C%5A%20%78%20%20%5A%20==%30=%30
1c42df6d-01d3-4b47-ad38-cb8d659fc576,irealb://%50%72%6F%67%72%65%73%73%C3%A3%6F%20%49%49%6D%37%20%2D%20%53%75%62%56%37%20%2D%20%49%37%4D%20%2D%20%49%56%37%4D=%43%6F%6E%72%61%64%20%4D%2E==%4D%65%64%69%75%6D%20%53%77%69%6E%67=%43==%31%72%33%34%4C%62%4B%63%75%37%4C%51%79%58%5A%2D%37%58%79%51%4C%51%79%58%7D%20%3E%78%35%3C%20%20%37%5E%7C%43%51%79%58%37%5E%47%7C%51%79%58%37%62%41%7C%5A%58%79%51%4C%41%34%34%54%7B%4C%51%79%58%5A%5A%58%79%51%4C%4C%51%79%58%5A%4C%51%79%58%5A%4C%51%79%58%4C%5A%51%79%58%5A%4C%51%79%58%5A%4C%51%79%58%5A%5A%58%79%51%4C%4C%51%79%58%5A%4C%51%79%58%5A%5A%58%79%51%4C%4C%51%79%58%5A%4C%51%79%58%5A%4C%51%79%58%4C%5A%51%79%58%5A%4C%51%79%58%5A%4C%51%79%58%5A%5A%58%79%51%4C%4C%51%79%58%5A%4C%51%79%58%5A%5A%58%79%51%4C%4C%51%79%58%5A%4C%51%79%58%5A%4C%51%79%58%4C%5A%51%79%58%5A%4C%51%79%58%5A%4C%51%79%58%5A%5A%58%79%51%4C%4C%51%79%58%5A%4C%51%79%58%5A%5A%58%79%51%4C%4C%51%79%58%5A%4C%51%79%58%5A%4C%51%79%58%4C%5A%51%79%58%5A%4C%51%79%58%5A%4C%51%79%58%5A%5A%58%79%51%4C%4C%51%79%58%5A%5A%58%79%51%20%5A%20=%4A%61%7A%7A%2D%4D%65%64%69%75%6D%20%53%77%69%6E%67=%31%30%30=%33
1c3adcc5-aa8d-440e-98f0-4e8c4c7df430,irealb://%44%6F%78%6F%6C%6F%67%69%61%20%2D%20%45%64%20%52%69%76%65%72%61=%52%69%76%65%72%61%20%45%64%77%61%72%64==%57%6F%72%73%68%69%70=%45==%31%72%33%34%4C%62%4B%63%75%37%58%42%34%34%54%54%34%34%45%58%34%32%54%7C%51%79%58%45%7C%51%79%58%37%2D%43%23%34%34%54%7C%51%79%58%41%34%32%54%7C%51%79%41%58%79%51%7C%2C%41%2A%2C%7B%51%79%58%42%31%2D%37%58%79%51%41%7C%2C%51%79%58%37%2D%23%43%7C%51%79%58%34%41%34%54%7C%51%79%58%23%47%2F%45%34%32%54%7C%20%42%4C%5A%4E%23%43%7C%51%79%7D%59%7B%2C%2A%42%2C%3C%2A%36%36%20%49%6E%73%74%72%75%6D%65%6E%74%61%6C%3E%41%58%79%51%7C%45%58%79%51%7C%46%23%2D%37%58%79%51%7C%45%58%79%51%7D%20==%30=%30
1c0638a9-e091-45fc-818c-3634bf21cfdc,irealb://%45%6E%74%72%65%6C%61%7A%61%64%6F=%43%6F%6E%73%69%6C%65%20%4C%75%63%61%73==%50%6F%70=%47=%30=%31%72%33%34%4C%62%4B%63%75%37%5D%51%79%58%44%34%44%20%45%2D%7C%51%79%58%43%5A%4C%2D%45%20%44%7C%51%79%2D%58%41%5A%4C%2D%45%20%44%7C%51%79%58%43%5A%4C%47%58%79%51%7C%34%54%69%2A%5B%20%75%74%20%78%36%36%20%41%62%64%72%65%50%2E%72%6D%61%20%75%74%20%79%20%69%61%63%72%67%20%75%74%20%78%20%73%64%7A%61%72%6F%6E%64%73%20%2A%3C%41%2A%5B%72%62%69%6C%20%6E%6C%20%63%72%36%2A%3C%5A%4C%78%5A%4C%43%5A%4C%78%5A%4C%45%2D%5A%4C%78%5A%4C%43%5A%4C%78%5A%4C%47%3E%7A%36%53%6F%6D%73%20%61%72%62%6F%5A%4C%78%5A%4C%6E%6F%20%68%61%20%74%6E%69%66%6E%69%20%75%74%78%20%6D%72%73%66%6E%61%72%54%2E%63%6E%65%64%6E%6F%63%20%79%61%6D%72%3E%47%20%61%79%20%73%4C%37%2D%45%5A%5A%45%2D%4C%5A%2E%73%6F%6D%65%64%6F%70%20%6F%6E%20%59%20%36%36%2A%3C%43%2A%7B%5D%20%78%5A%4C%44%5A%4C%78%2E%2E%3E%43%4C%4C%78%5A%4C%43%72%6F%6D%61%20%4C%5A%43%4C%5A%75%63%6E%65%20%69%74%20%6E%45%20%36%36%2A%44%3C%2A%7B%7D%20%2D%41%5A%4C%44%5A%4C%37%2D%45%65%6E%74%72%6F%78%5A%4C%44%5A%2E%2E%2E%3E%41%2D%37%4C%5A%78%4C%5A%45%2D%37%4C%5A%78%4C%5A%47%4C%5A%78%4C%5A%44%4C%5A%78%20%7D%20==%30=%30
1cc4fb21-6c3f-4411-a812-af14135d7833,irealb://%4F%6C%64%20%44%61%6E%67%65%72%66%69%72%6C%64%20%2D%20%46%6C%69%6E%6E%65%72=%4D%6F%6E%72%6F%65%20%42%69%6C%6C==%50%6F%70%20%2D%20%42%6C%75%65%67%72%61%73%73=%41==%31%72%33%34%4C%62%4B%63%75%37%2C%7B%7D%20%41%54%34%34%41%58%58%41%7C%51%79%58%41%7C%51%79%58%41%5A%4C%20%41%45%7C%51%79%58%41%7C%51%79%58%41%7C%51%79%79%51%7C%45%20%2C%41%2A%2C%7B%79%58%51%79%58%79%51%7C%44%58%31%4E%7C%51%79%58%41%7C%51%79%58%44%7C%51%58%79%41%7C%51%79%58%45%7C%51%79%58%41%7C%51%79%45%20%41%20%7D%58%41%2C%42%2A%51%20%4C%5A%54%32%34%4E%32%45%58%79%51%7C%54%34%34%41%58%79%51%5D%20==%30=%36
1ca1a67d-2435-4f8c-b368-7bad3502d02e,irealb://%47%72%65%79%20%4F%77%6C=%54%72%61%64%2E==%50%6F%70%20%2D%20%42%6C%75%65%67%72%61%73%73=%44==%31%72%33%34%4C%62%4B%63%75%37%47%34%34%54%5A%34%44%58%79%51%54%5A%4C%2D%42%20%47%5A%4C%47%20%2D%45%5A%20%4C%6C%63%4B%51%79%58%2D%45%5A%4C%20%6C%63%4B%32%34%42%2D%4C%34%54%41%2A%7B%20%41%7C%51%79%44%20%7D%7B%2A%58%2D%42%7C%51%79%58%44%5A%4C%41%20%44%7C%79%51%58%47%7C%51%79%58%2D%42%7C%51%79%58%44%42%79%51%7C%47%58%5A%4C%2C%41%20%44%20%7D%20==%30=%30
1ca25ee0-bdaa-4482-ad96-ca2a72bfec52,irealb://%4D%C3%A1%73%20%59%20%4D%C3%A1%73=%49%73%72%61%65%6C%20%48%6F%75%67%68%74%6F%6E%2C%20%4A%65%73%C3%BA%73%20%45%73%20%45%6C%20%43%65%6E%74%72%6F==%42%61%6C%6C%61%64=%47=%34=%31%72%33%34%4C%62%4B%63%75%37%72%6F%50%20%39%34%43%2C%2A%41%7B%51%79%58%44%32%4E%7C%7D%51%79%58%2D%41%4E%31%7C%51%79%58%44%7C%51%79%58%47%7C%51%79%58%2A%42%3C%2A%36%34%54%69%2A%7B%2F%47%7C%51%79%62%75%65%6E%6F%58%23%46%2F%44%7C%5A%4C%47%20%2D%41%7C%51%58%79%42%2F%47%7C%51%79%58%43%3E%20%2E%2E%2E%2E%79%51%7C%43%58%20%65%75%71%20%20%73%C3%A1%6D%20%5A%41%2D%20%47%65%75%51%20%39%36%2A%3C%43%2A%7B%7D%20%20%41%3E%20%6F%54%39%36%2A%3C%20%23%46%2F%44%5A%4C%72%65%6D%6F%73%4C%2D%45%20%42%44%7C%51%79%58%2E%2E%2E%2E%20%43%7C%51%79%58%43%7C%51%79%58%2D%42%7C%7C%79%51%58%2D%42%7C%51%79%58%43%7C%51%79%58%43%3E%58%79%51%7C%47%69%74%20%65%64%58%79%51%7D%20=%4A%61%7A%7A%2D%4D%65%64%69%75%6D%20%53%77%69%6E%67=%31%30%30=%33
1cbfc723-167f-4ecd-b77f-0991961be7f9,irealb://%4E%65%70%74%75%6E%65%2D%52%65%76%20%4A%45=%42%65%72%67%20%42%6F%62==%55%70%20%54%65%6D%70%6F%20%53%77%69%6E%67=%41%2D==%31%72%33%34%4C%62%4B%63%75%37%79%58%37%5E%2D%5E%37%58%79%51%6C%63%4B%51%79%58%37%5E%2D%46%5A%4C%20%6C%4B%63%51%79%58%37%5E%2D%23%43%5A%4C%20%6C%63%4B%20%4C%5A%43%23%2D%46%41%2A%5B%41%7C%51%79%58%20%5D%5B%2A%42%79%58%5E%43%7C%51%79%58%37%47%7C%51%79%58%45%5E%7C%51%79%58%37%42%7C%51%79%58%37%2D%23%46%51%7C%45%62%37%20%6C%63%4B%51%62%5E%58%79%51%7C%47%68%20%43%37%61%6C%74%20%5A%20==%32%31%30=%33
1c45b611-41d4-4f7b-92d9-3a96793a61b9,irealb://%4E%65%76%65%72%20%54%6F%6F%20%4D%75%63%68=%56%61%6E%64%72%6F%73%73%20%4C%75%74%68%65%72==%52%6E%42=%44%62==%31%72%33%34%4C%62%4B%63%75%37%7C%51%79%58%7C%51%20%47%2F%41%41%34%34%54%41%2A%7B%2C%42%2F%41%20%62%42%62%2F%41%20%2C%41%2F%47%20%62%41%2F%62%47%20%2C%2F%42%58%79%51%79%58%51%79%58%2F%47%20%37%2D%5A%20%20%73%45%4E%5A%4C%20%37%5E%47%7C%51%79%58%7C%51%79%42%58%2F%41%7C%2C%42%2F%41%2C%41%2F%47%20%37%2D%31%20%20%73%45%4C%20%37%5E%47%20%51%79%58%51%2C%7D%7C%4E%32%45%20%37%2D%23%46%34%32%54%5A%4C%2C%41%6C%33%3E%20%20%3C%20%20%3E%29%20%32%20%2E%31%28%3C%2D%20%5D%58%79%42%2F%41%2C%41%42%2A%7C%59%7D%47%5E%37%2F%45%20%20%41%2F%2D%23%46%7C%51%79%58%37%5E%47%2C%7C%23%46%2F%57%2C%45%2F%57%20%20%7C%51%79%58%3C%78%36%3E%20%43%2A%7B%59%20%2F%47%20%20%3E%35%34%20%20%42%20%32%20%31%28%3C%34%34%54%20%5A%4C%20%6E%29%3E%20%33%20%32%20%31%28%3C%20%3E%6B%61%65%72%33%20%29%20%34%2A%3C%34%33%54%79%58%51%79%58%31%29%3E%20%3C%58%5D%2C%42%2F%41%2C%62%42%2F%62%41%73%20%41%2C%2F%47%3E%33%3C%20%62%41%2F%62%47%3E%32%20%79%51%58%79%51%28%3C%5A%4C%41%51%20%3C%2A%31%38%44%2E%43%2E%20%74%68%65%6E%20%76%61%6D%70%20%6F%6E%20%63%68%6F%72%75%73%3E%20==%30=%30
1c36b31a-415d-453f-a574-8961c777a822,irealb://%4F%64%64%20%43%6F%75%70%6C%65%20%70%61%72%61%66%72%C3%A1%7A%69%73%20%30%32=%53%69%6D%6F%6E%6F%76%69%74%73%20%49%73%74%76%61%6E==%4D%65%64%69%75%6D%20%53%77%69%6E%67=%43==%31%72%33%34%4C%62%4B%63%75%37%2C%37%41%20%2C%34%45%2D%2C%20%7D%20%37%41%20%2C%2D%45%5A%4C%2C%37%41%20%2D%2C%45%5A%4C%37%41%20%2C%2D%45%5A%4C%2C%37%41%7B%2A%41%45%2D%34%54%69%2A%7B%41%5A%4C%37%44%20%41%37%4C%5A%37%44%20%2D%41%5A%4C%37%44%20%2D%41%7C%7D%37%20%41%20%2C%2D%45%5A%4C%2C%37%41%20%2C%2D%45%4C%5A%41%2D%20%2C%2D%45%5A%4C%37%42%7C%51%79%5A%45%2D%2C%20%4C%37%41%20%2C%37%2D%45%5A%4C%2C%37%41%20%2D%2C%45%5A%4C%37%41%20%2C%2D%45%5A%4C%2C%37%41%5A%7B%43%39%58%4C%37%44%20%2D%79%58%37%5E%44%39%58%79%51%7C%79%58%7D%20%37%41%20%2C%2D%45%5A%4C%2C%37%20%41%2C%2D%45%7B%20%20%6E%20%5A%4C%6E%20%37%42%51%20%7B%2A%42%43%7D%20%6E%20%7B%7D%51%79%58%4C%5A%46%5E%37%79%58%37%5E%45%7C%51%79%58%37%2D%23%46%7C%79%51%58%37%5E%45%7B%7D%20%20%6C%63%4B%51%79%58%51%7C%46%5E%37%20%6C%63%4B%51%45%5A%4C%37%41%20%46%2D%4C%5A%5A%4C%2C%37%41%20%2C%2D%45%5A%4C%20%6E%20%51%7C%79%58%37%5E%44%7D%20%37%41%20%2C%37%2D%45%45%2D%37%2C%20%2C%37%2D%23%46%37%41%20%2C%2D%2C%4C%5A%45%2D%20%37%42%7C%51%79%58%39%43%7D%20%6E%20%37%7C%42%51%79%58%39%43%51%7B%5D%20%37%41%20%2C%37%6E%4C%5A%7B%45%37%41%20%2C%2D%2C%4C%5A%45%2D%2C%20%41%37%20%7D%45%2D%36%58%79%51%7C%45%2D%36%58%79%51%5A%20==%31%34%30=%31
1ca49a79-e8b6-44d2-ab60-e314782b768a,"irealb://%4F%6E%6C%79%20%57%61%6E%74%20%54%6F%20%42%65%20%57%69%74%68%20%59%6F%75=%48%6F%6F%74%69%65%20%41%6E%64%20%54%68%65%20%42%6C%6F%77%66%69%73%68==%4D%65%64%69%75%6D%20%52%6F%63%6B=%47%62==%31%72%33%34%4C%62%4B%63%75%37%46%20%23%46%7C%34%46%23%20%46%66,%23%43%5A%4C%73%75%73%23%46%20%23%46%4C%5A%73%75%73%23%46%20%23%46%5A%4C%73%75%73%23%43%23%20%20%5D%34%54%69%2A%5B%5A%4C%23%46%5A%5A%46%23%20%46%46%76%2A%7B%5A%4C%73%75%73%23%46%20%23%46%4C%5A%73%75%73%23%46%20%23%46%5A%4C%73%75%73%23%23%4C%5A%78%4C%4C%73%75%73%23%5A%4C,%23%46%4C%5A%78%4C%5A%66,%23%43%73%5A%4C%42%7D%20%78%5A%4C%23%5A%46%4C%42%5A%4C%2D%23%47%5A%4C%78%5A%4C%23%46%43%23,%7C%6C%23%46%5A%4C%78%58%42%5A%4C%78%46%23%4C%5A%78%4C%42%5A%4C%2D%23%47%5A%4C%78%5A%4C%23%46%4C%5A%78%5A%4C%23%46%5A%4C%78%5A%4C%23%46%5A%4C%5A%46%23%4C%5A%76%2A%5A%4C%78%74%75%6F%20%73%23,%58%79%51%4C%78%5A%4C%23%46%5A%4C%78%5A%4C%23%46%5A%78%4C%5A%4C%23%46%5A%4C%78%5A%4C%23%46%44%2A%7C%5A%3C%42%61%73%43%66%7C%51%79%79%58%23%46%7C%5A%42%4C%5A%46%7C%51%79%58,%23%46%6C%7C%5D%20%20%23%43,%66%23%43%73%7C%51%79%58%42%5A%4C%78%5A%4C%23%46%23%58%79%51%4C%2D%23%47%3E%4C%42%5A%4C%2D%79%51%5D%7C%2A%5A%4C%23%46%5A%4C%78%5A%4C%23%46%5A%4C%78%4C%5A%23%46%5A%4C%78%5A%4C%23%46%3E%20%20%3C%76%78%4C%5A%47%23%58%23%46%7C%51%4C%23%46%5A%4C%78%4C%5A%42%4C%7B%20%20%23%43%66,%23%43%73%7C%51%79%58%7C%42%5A%4C%78%5A%4C,%23%46%5A%4C,%23%43%5A%46%23%4C%5A%78%5A%4C%23%46%5A%5A%66%46%23%20%7D%20==%30=%30"
1c04bde6-cc13-45b7-a9d1-63104c92f0ab,"irealb://%50%61%6C%69%6E%75%72%75%73=%48%61%6D%6D%69%6C%6C%20%50%65%74%65%72==%42%61%6C%6C%61%64=%43==%31%72%33%34%4C%62%4B%63%75%37%51%79%58%2D%41%2F%44%58%79%51%41%7C%51%79%58%44%2F%2D%41%7C%51%79%58%2D%7C%41%51%79%58%44%2F%2D%41%7C%51%79%58%2D%41%7C%2D%20%44%4C%5A%2D%41%41%2A%7B%5A%4C%2D%45%20%2F%42%4C%5A%42%58%2D%42%5A%4C%42%2F%47%20%2D%42%7C%51%79%2D%58%41%5A%4C%36%2D%41%20%2D%41%7C%51%79%58%2D%79%51%7C%41%2D%47%20%2D%42%7C%7C%51%79%58%78%20%7D%58%79%51%2F%2D%41%7C%51%79%58%78%7C%51%79%58%37%2D%46%23%7C%51%79%58%78%7C%51%79%58%47%42%2A%5B%20%45%58%79%51%7C%51%20%20%2D%41%45%7B,%46%2F%3C%20%45%3E%20%2F%2D%45%7C,%47%2F%2D%45,%42%2F%2D%45%43%73%2A%7C%51%79%58%2D%45%5A%4C%20%3E%42%20%3C%46%23,%45%2D%6E%3E%42%20%3C%3E%61%64%6F%43%2D%2F%47,%7C%43%2E%44%3C%44%2F%2D%41%5A%4C%2D%41%5A%4C%2F%44%2D%41%7D,%46%2F%2D%45,%23%46%2F%2D%45%2E%20%61%6C%20%45,%45%2F%2D%7C%51%79%58%2D%5A%59%51%6C%42%44%2F%2D%41%7C%51%79%58%2D%41%5A%4C%2D%45%2D%20%41%7C%51%79%58%2D%42%5A%4C%42%2F%47%20%2D%58%79%51%7C%41%4C%2D%41%5A%4C%43%58%79%51%7C%78%58%79%51%7C%43%2D%2F%47%58%79%51%7C%78%58%79%51%7C%45%2D%20%42%2D%4C%5A%45%2D%20%20%3C%46%69%6E%65%3E%20%5A%20=%50%6F%70%2D%52%6F%63%6B=%31%31%30=%31"
1c788799-8d52-4239-9f9b-6aac2c1a1f2e,irealb://%50%65%6F%70%6C%65%20%47%65%74%20%52%65%61%64%79=%4D%61%79%66%69%65%6C%64%20%43%75%72%74%69%73==%52%6F%63%6B=%44%62==%31%72%33%34%4C%62%4B%63%75%37%3C%2C%76%2A%2C%34%44%62%20%42%20%62%41%2F%62%47%5A%4C%37%2D%62%42%20%62%5A%44%4C%62%44%20%62%41%2F%62%47%5A%4C%37%2D%62%44%62%20%5D%7B%34%54%69%2A%5B%41%2F%62%47%5A%56%73%20%31%20%20%62%44%5A%4C%2C%62%44%20%2C%62%41%2F%62%5A%47%4C%2C%37%2D%62%42%20%2C%62%44%3E%32%20%26%42%62%2D%37%4C%20%20%36%36%2A%36%36%2A%3C%5A%5A%7C%44%62%20%41%2F%62%47%5A%4C%37%2D%62%45%20%37%2D%46%4C%5A%2C%62%44%20%2C%62%47%5A%4C%2C%37%2D%62%42%62%20%44%62%4C%4C%62%44%20%62%6E%6F%69%74%61%72%20%69%6E%74%36%36%2A%3C%7D%20%62%44%20%62%41%2F%62%47%4C%5A%37%2D%62%42%20%62%44%3E%65%64%75%6C%72%65%4D%6F%64%75%6C%61%74%69%75%47%42%20%2C%44%5A%37%4C%5A%47%2F%47%5A%4C%37%2D%42%20%44%3E%33%20%73%56%20%36%20%36%2A%3C%2C%76%2A%2C%5B%59%5A%20%44%20%41%2F%41%20%44%4C%2D%42%20%44%3E%2A%3C%2C%43%2A%2F%41%20%44%4C%20%41%2F%47%5A%4C%37%2D%45%20%37%2D%23%46%4C%5A%44%20%41%2F%47%5A%4C%37%2D%42%20%2C%44%5A%44%20%5A%5B%2C%47%5A%4C%37%2D%2C%20%2C%41%2F%68%6F%3E%44%20%42%20%44%5A%4C%44%20%41%2F%47%5A%4C%37%2D%20%42%2C%44%5A%4C%44%20%41%2F%47%5A%4C%37%2D%42%2D%37%4C%5A%47%43%20%20%33%36%20%44%3E%6F%70%2D%37%20%66%45%36%36%2A%3C%5B%5D%20%44%66%20%41%2F%47%3E%65%73%63%69%6F%56%20%34%35%2A%3C%66%5A%4C%37%2D%41%20%74%65%6D%23%46%5A%4C%44%42%2D%37%4C%5A%3C%2A%36%33%52%69%74%2E%2E%2E%2E%2E%2E%2E%2E%2E%3E%47%2F%41%2C%70%2C%66%2C%44%20%5A%20=%50%6F%70%2D%52%6F%63%6B=%38%30=%39
1c13aa81-7d2e-425e-9ca4-72388ea7460c,"irealb://%52%65%76%65%6C%61%63%69%C3%B3%6E%20%31=%4D%6F%6E%74%65%72%6F%20%44%61%6E%69%6C%6F==%42%61%6C%6C%61%64%20%45%76%65%6E=%42=%32=%31%72%33%34%4C%62%4B%63%75%37%47%2F%45%73%20%34%42,%2A%41%7C%51%79%58%42%42%2A%7B%7D%51%79%58%45%7C%79%51%58%41%7C%51%79%58%37%2D%23%46%7C%51%79%58%46%23%2D%37%20%34%54%69%2A%7B%42%7C%51%79%58%58%79%51%7C%45%6F%6C%6F%73%20%20%32%37%2A%3C%43%2A%5B%7D%51%20%20%20%3E%2E%74%6E%49%20%6F%54%36%36%2A%3C%3E%43%23%2D%37%41%6C%7C,%23%2A%3C%44%2A%7B%51%7C%47%37%58%47%7C%51%79%58%23%47%2F%45%7C%51%79%58%23%2F%43%41%7C%51%79%58%42%7C%51%79%58%41%7C%51%79%37%20%41%20%5D%79%58%23%44%2F%78%20%20%39%36%76%61%6E%74%61%51%79%58%41%6C%7C,%23%47%2F%45%73%20%20%2D%37%23%46%7C%51%79%58%42%3E%2E%2E%2E%73%6F%6D%7C%45,%3C%2A%65%4C%20%39%36%20%2A%45%32%4E%42%3E%58%79%51%31%4E%7C%51%79%58%41%6C%7C,%23%47%2F%45%20%73%20%37%2D%23%46%7C%51%79%58%42%76%2A%7B%7D%45%58%79%51%7C%20%6F%54%20%32%20%2A,%44%23%2D,%43%23%2D%4C%5A%45,%44%23%2D,%43%23%2D%3C%2A%37%32%58%79%51%54%6F%20%42%3E%20%5D%5B%51%42%58%79%51%5A%20=%50%6F%70%2D%52%6F%63%6B=%37%30=%33"
1c3c195f-093d-49d7-b378-7f6842176975,irealb://%53%6F%6E%68%6F%20%4D%65%75=%4D%6F%73%6B%61%20%50%61%75%6C%69%6E%68%6F==%53%6C%6F%77%20%42%6F%73%73%61=%43=%39=%31%72%33%34%4C%62%4B%63%75%37%4C%37%47%20%2D%34%43%36%39%20%45%20%2D%45%51%79%58%7D%20%20%39%36%43%5A%37%4C%47%20%73%75%73%47%5A%4C%20%37%2D%44%5A%4C%62%6F%4C%5A%44%34%54%41%2A%7B%42%2A%5B%20%2C%43%36%39%4C%5A%36%43%5A%4C%2C%37%47%20%73%75%73%47%5A%4C%2D%36%46%20%2D%44%5A%4C%37%41%20%2D%45%51%79%58%39%20%42%62%6F%5A%4C%20%78%5A%47%20%2D%44%5A%4C%5A%43%20%41%45%5A%4C%37%42%20%2C%6F%23%46%70%2C%46%7B%37%20%43%20%2D%47%5A%4C%37%47%20%2D%44%5A%4C%37%2D%20%41%37%4C%37%47%20%2D%44%37%4C%5A%43%2C%43%37%7D%20==%30=%30
1ca408e6-e39b-431c-958c-0817dacd9988,irealb://%53%74%75%64%79%20%23%33%31%2D%33%32%41=%4C%65%61%76%69%74%74%20%57%69%6C%6C%69%61%6D==%4D%65%64%69%75%6D%20%53%77%69%6E%67=%44==%31%72%33%34%4C%62%4B%63%75%37%47%6C%7C%2C%35%20%45%62%6F%4C%2C%37%2D%41%2C%6F%62%42%2C%44%73%5A%4C%35%37%23%41%20%37%2D%45%5A%4C%37%41%20%37%2D%45%5A%44%37%62%39%23%44%34%34%54%7B%7D%2C%33%31%41%6F%4C%5A%44%2F%6F%62%45%2C%44%31%4E%7C%2C%39%62%37%41%2C%75%73%73%39%41%70%2C%2D%45%73%5A%4C%39%42%20%41%2C%45%2D%39%2C%62%41%20%2C%36%20%31%31%23%39%58%79%51%5B%47%42%20%41%2F%44%7C%51%79%58%2C%6F%62%41%6C%2C%7C%36%47%2C%6F%47%73%70%70%5A%4C%36%47%20%6F%62%6F%4C%5A%42%44%6C%32%4E%7C%37%2D%45%5A%4C%70%70%70%70%7C%45%5A%4C%6F%62%45%20%44%6C%5B%2C%39%62%37%70%41%70%2C%41%2F%37%2D%45%73%7C%51%79%58%39%45%2D%37%20%41%37%7C%70%2C%39%42%41%70%2C%37%2D%4C%5A%73%44%2C%42%20%41%2F%44%5A%4C%6F%62%41%20%36%47%6C%2C%7C%35%23%39%62%37%44%2C%37%2D%41%2C%6F%62%42%39%4C%5A%73%45%35%23%37%41%20%62%37%41%2C%73%41%39%2C%7C%6C%2C%37%2D%45%73%5A%4C%39%42%20%23%46%2F%44%4C%5A%6F%46%20%37%2D%45%5A%4C%39%42%20%33%31%43%70%41%39%73%75%2C%73%75%73%39%39%2C%7C%6C%44%2C%58%79%51%5A%20==%30=%30
1ce32c71-d9a7-4d04-b0d5-322efca66ae6,irealb://%53%74%75%64%79%20%23%33%34%41=%4C%65%61%76%69%74%74%20%57%69%6C%6C%69%61%6D==%4D%65%64%69%75%6D%20%53%77%69%6E%67=%45%62==%31%72%33%34%4C%62%4B%63%75%37%70%2C%37%2D%46%43%2D%2C%70%2C%70%2C%37%68%47%73%5A%4C%20%37%68%44%6C%7C%37%2C%68%41%2C%70%2C%62%42%2F%62%45%7C%2C%2B%42%2C%43%37%2C%7C%73%34%33%54%7B%4E%7C%7D%2C%37%7C%4C%5A%45%62%41%2C%37%68%41%31%4E%7C%2C%39%62%42%2C%70%39%2C%62%43%7C%2C%37%2D%43%2C%44%2F%37%2D%47%2C%62%5E%37%2C%47%35%23%37%45%2C%4C%20%37%68%41%20%5B%46%2D%37%62%45%6C%7C%2C%35%23%39%62%37%62%42%2C%70%37%2C%2D%46%73%5A%4C%20%39%62%42%5A%4C%5A%4C%20%5E%37%20%4C%5A%20%62%45%6C%32%62%42%2F%62%45%20%4C%5A%4C%5A%70%2C%2D%43%5B%2C%37%47%2C%70%2C%47%2F%37%44%68%7C%2C%39%62%37%62%41%73%2C%70%2C%39%62%41%2C%42%2B%2C%7C%39%62%37%44%5A%43%2C%44%2F%37%37%2C%7C%6C%44%7C%2C%35%23%37%45%2C%70%2C%37%2D%46%7C%2C%43%37%2C%70%2C%37%68%47%73%5A%4C%5A%4C%20%37%68%45%62%2C%47%2D%68%41%2C%70%2C%2D%37%2C%7C%42%39%2C%42%62%39%73%75%73%2C%45%39%2C%7C%45%62%36%39%20%20%5A%20==%30=%30
1c1d98d1-481f-479f-b9ff-deb44c18c60f,"irealb://%54%61%6B%65%20%49%74%20%54%6F%20%54%68%65%20%4C%69%6D%69%74=%45%61%67%6C%65%73%20%54%68%65==%52%6F%63%6B%20%42%61%6C%6C%61%64=%42==%31%72%33%34%4C%62%4B%63%75%37%2A%6D%2A%23%43%33%34%42,%20%44%73,%45%5A%4C%20%45%6C%7C,%2A%6D%2A%44%23,%2A%6D%2A%23%43%73,%2A%20%2A%42%5A%4C%23%2A%6D%2A,%54%53%69%2A%5B%2A%42%5A%4C%20%79%51%7C%73%46%51%79%58%51%79%58%5D%20%20%45%2F%23%46%5A%20%4C%23%46%6C%7C,%2A%6D%2A%23%44,%45,%23%20%7B%2A%41%42%58%42%6C%7C,,%2A%20%2A%42%23%2A%6D%2A,%42%6C%7C,%2A%6D%2A%23%43,%2A%6D%2A%23%73%44,%45%5A%4C%20%45%6C%7C,%2A%6D%2A%23%44%58%79%51%7C%7C%43%73,%2A%20%23%47%7C%51%79%2A,%44%23%2A%20%42%6C%7C,%2A%6D%2A%23%43,%2A%6D%2A%44%23%73,%45%31%4E%5A%4C%20%45%6C%7C,%2A%6D%4C%5A%44%23%58%6D%2A%23%43%73,%2A%6D%2A%23%5A%78%20%4C%5A%4E%7D%20%20%2A%6D%2A%23%43%7C%51%79%58%2A%2A%6D%23%44%5A%4C%20%45%2F%23%46%5A%4C%20%23%46%32%45%20%73%44%4C%20%2A%6D%2A%20%78%5A%4C%20%6D%2A%20%4C%5A%78%5A%4C%20%23%46%5A%4C%20%78%7C%51%79%58%6C%45%7C,%2A%6D%2A%23%44%73%20%2A%6D%2A%23%43%20%4C%5A%46%23%2A%23%43%6C%7C%2A%6D%2A%23%44%2A%42%45%4C%5A%43%73,%2A%20%2A%42%5A%4C%45%6C%7C,%2A%2A%6D%23%44,%2A%6D%2A%23%43%73,%2A%20%2A%42%23%2A%6D%2A,%7C%5D%20%51%20%6D%2A%23%44,%3C%44%2E%53%2E%73,%2A%20%2A%42%5A%4C%20%45%51%42%2A%7C%20%5D%20%23%46%5A%4C%3E%61%64%6F%43%20%6C%61%20%43%23%2A%6D%2A%20%45%6C%7C,%5A%4C%20%45%5A%4C%5A%42%2A%20%2A%6D%2A%23%47%5A%4C%23%46%5A%4C%20%45%6C,%7C%2A%6D%2A%23%44,%2A%6D%2A%23%43%73,%2A%20%4C%5A%78%4C%45%6C%7C,%2A%4C%23%46%5A%4C%4C%5A%46%23%4C%2A%6D%2A%23%44,%2A%6D%2A%23%43%73,%2A%2A%20%42%5A%4C%20%42%7B%20%20%23%46%5A%4C%45%5A,%7C%6C%45%20%45%5A%4C%23%46%20%20%42%6C%7C%23,%20%4C%5A%43,%2A%6D%2A%23%44%73%3E%2E%74%69%72%3C%45,%7C%7D%20%3E%78%35%3C%20%23%46%5A%4C%20%45%23%2A%6D%2A,%46%5A%4C%45%5A%3C%66%69%6E%65%3E%20%5A%20=%50%6F%70%2D%53%6D%6F%6F%74%68=%38%35=%31"
1c98bc5c-b543-46a5-b00b-6d65b2a9fc6e,irealb://%56%2D%49%20%69%6E%20%31%32%20%4D%61%6A%6F%72%20%4B%65%79%73=%45%78%65%72%63%69%73%65==%4D%65%64%69%75%6D%20%53%77%69%6E%67=%43==%31%72%33%34%4C%62%4B%63%75%37%5A%4C%20%6C%63%37%58%79%51%7C%5E%46%7C%51%79%58%78%7C%51%79%58%37%43%5A%20%4C%6C%63%4B%51%79%58%37%5E%43%7C%51%79%58%78%37%58%79%51%4B%47%34%34%54%5B%5A%4C%20%6C%63%51%7C%78%58%79%5E%62%45%7C%51%79%58%78%7C%51%79%58%37%62%5A%42%4C%20%6C%63%4B%51%79%58%37%5E%62%42%7C%51%37%58%79%51%4B%79%58%37%46%7C%5A%4C%20%6C%63%51%7C%78%58%79%5E%62%44%7C%51%79%58%78%7C%51%79%58%37%62%5A%41%4C%20%6C%63%4B%51%79%58%37%5E%62%41%7C%51%37%58%79%51%4B%79%58%37%62%45%5A%4C%20%6C%63%79%51%7C%78%58%5E%42%7C%51%79%58%78%7C%51%79%58%37%23%46%4C%5A%20%6C%63%4B%51%79%58%37%5E%62%47%7C%51%79%37%58%79%51%4B%58%37%62%44%7C%79%58%37%41%5A%7C%78%58%79%51%51%79%58%37%5E%41%7C%51%79%58%78%7C%51%79%37%58%45%5A%4C%20%6C%63%4B%51%79%58%37%5E%45%7C%4B%63%6C%20%4C%51%79%58%37%42%51%7C%78%58%79%51%7C%44%5E%37%58%79%51%4B%63%6C%20%4C%5A%44%37%58%79%51%7C%78%58%79%51%7C%47%5E%37%58%79%51%4B%63%6C%20%20%5A%20==%39%30=%30
1c3a9385-58ce-4518-8a6d-91c8e1e92df9,irealb://%57%68%65%6E%20%44%69%64%20%59%6F%75%20%4C%65%61%76%65%20%48%65%61%76%65%6E=%57%2E%20%42%75%6C%6C%6F%63%6B%20%61%6E%64%20%52%2E%20%57%68%69%74%69%6E%67==%4D%65%64%69%75%6D%20%53%77%69%6E%67=%41==%31%72%33%34%4C%62%4B%63%75%37%79%58%2A%37%6D%34%41%58%79%51%51%79%58%23%46%7C%51%79%58%41%7C%51%79%58%37%2A%6D%2A%44%7C%51%79%58%44%7C%51%79%58%41%7C%7C%4E%31%42%2A%34%54%41%2A%7B%58%44%7C%51%79%51%7D%58%79%51%58%37%41%7C%51%79%58%37%41%42%2A%5B%5D%51%58%79%41%7C%51%79%58%45%32%4E%5A%4C%20%51%79%58%79%51%7C%44%58%79%58%45%7C%51%79%58%2A%6D%2A%58%79%51%7C%42%44%7C%51%79%58%41%7C%51%79%58%2B%45%41%2A%5D%5B%51%79%58%45%7C%51%79%58%45%7C%51%79%58%37%58%79%51%7C%44%37%42%7C%51%79%51%7C%41%58%79%51%7C%46%23%58%79%51%7C%42%2A%6D%37%2A%20%20%45%2C%7C%41%58%79%51%5A%20==%30=%30
1cd6f4ef-0ab1-4417-a2e4-e7891cf8cc8e,irealb://%C3%81ngeles%20Cantando%20Est%C3%A1n%20CR%3DRocha%20Chris%3D%3DRock%20%3DD%3D2%3D1r34LbKcu7AZLG%20XyQ%7D*LA%20*4sus*A%7CQyX-7B%7CQyX7-E%7CQyXDiZD%2FF%23D44T%7B%20D%20A1*%20ALZ%23F%2FDZL-B%20AZLG%20F%23%2FDA*%7BQyXD%7CQyXD%20GLZN4sus*%7B%5D%20Q%202A%20%3C*XD44TZL%20%3EQyXB%20to%20zev%20adnugeS66yQ%5BD%20N42T%7D%20A%20*4Q%7CE-7ZLG%20%23F%2FDZLA%20*4uss*A%7CQyX7-B%7CQyXA*susyXDB*ZL7-E%3ED%20GL%7D%20%2CD%3EA%20oT36*%3C%20ZALG%20%23F%2FDZL-B%20AZ%7B*CD%20%20%3CS%7B%7D%2FD%7CQy*60XyXG%3Earratiug%20olSo36*%3C%5B%7D%20A%3E4X%20%20QyQ%7CAX%3C%207-B%20oT%20%20%7CGXyQA%7C%2CA%2C-B%20G%7CQyX%23%2FFD%7CQyXA%7CQyXB%2FG%7C%20%3C*60QyX%23F7-BZL%7BQB-9D%7CQyX-%23F%7CQyX*4uss*A%7CQyXB%2FG%7CQyX%2C%20E-7%7D%20%20%3EAQyXQy%2FF%23%20G%20%20*4sus*AZLG%20%23%2FFDZLA%20*4sus*AZL%3C*60XD%7D%20A%20XyQXyQXyQ%20To%20C%3ELZAXyQ%7D%20%3DPop-Rock%3D115%3D1
1c482af8-28ad-4730-b520-5864bc4adaba,irealb://%CE%9E%20Major%20chords%203rd%E2%86%91%20%20%284%20bars%29=Valentin%20Thorey==Medium%20Swing=C%20==1r34LbKcu7ZL%20bAC%20LZ%20%20ZL%20x%20ZL%20x%20ZL%20%20EZL%20x%20ZL%20x%20ZL%20xx%20LZ%20%20%5B44TL%20x%20Z%20x%20LZL%20F%20ZL%20x%20ZL%20x%20LZ%20x%20ZL%20bD%20ZL%20x%20Z%20x%20LZL%20x%20%20bG%20ZZ%20A%20LL%20x%20ZL%20x%20ZL%20D%20LZ%20x%20ZL%20x%20ZL%20x%20ZZ%20x%20LL%20x%20Z%20ZL%20xLZ%20x%20E%20ZL%20x%20ZL%20x%20ZLx%20%20ZL%20bB%20ZL%20x%20ZLb%20LZ%20%20x%20ZLx%20LZ%20x%20LZ%20G%20LZ%20x%20LZ%20x%20LZ%20x%20LZ%20B%20LZ%20x%20LZ%20x%20LZ%20x%20%20%5D==120=0
1ca033b3-fc95-4243-97ed-e8219aa9b891,irealb://%D0%92%D1%81%D1%91%20%D0%95%D1%89%D1%91%20%D0%91%D1%83%D0%B4%D0%B5%D1%82%3D%D0%9F%D1%83%D0%B3%D0%B0%D1%87%D1%91%D0%B2%D0%B0%3D%3DMedium%20Swing%3DC%3D0%3D1r34LbKcu7)*C*A44F%5E7*A(-D1NZL%20-Al%2CE-sZL%3E%E2%99%AAQyX66*%3C%20%20C*)%20(TSi*%7BDs2NZE*)%7CCQyX%7D-Es%3E%E2%99%AAQyX96%3C*%20%3E%E2%99%AAQyX96*%3C)G(%20XyQ%20L*D(%20G7C%20CZ%2CF%5E7L%20-AZLB%2FE%20CZLG%20ZCLG%20CA*%7B%5D%20QyXlZA-%2FGL7-E%2C-A%7CQyXQ%7CD%2FF%2FE%20CZLG%20CZLG%20CZ%7CLG%20sus7GZL7D%20%23BLZA-yXFZLB%7CQyXLZD-%20%20C%20C%2FbB%7CQyXC%7CQXyG%7CQyXsus7GZLQ%20%5B*BF-7A%20E%2F%20ZLS%20%7CEbXyXsusG%7CQyX7oD%7CQXy-FZL9b7C%207oE%7CQyQ%7CG%20QyX9byXsus(B)%20(sus7G%7CQyXsus7G%5BQ%7DQyX)G(G42T%7C)DXyQ%7CG%20x)G(Q%7CGXyQ%5D%7BC%20GLZC%20GLZC%20G%3C*57XyQ%D1%81%D1%82%D0%BE%D0%BF%202%D1%85%3ELZfC%20G%20%7D%20%3DJazz-Medium%20Swing%3D100%3D3
1c02f381-d260-4f02-bb97-ca9e5278b23f,irealb://%D0%9B%D1%8E%D0%B1%D0%BB%D1%8E%20%28%20%D0%92%D0%B4%D1%8B%D1%85%D0%B0%D1%8F%20%D0%A0%D0%BE%D0%B7%D1%8B%20%D0%90%D1%80%D0%BE%D0%BC%D0%B0%D1%82%20%29%3D%D0%A0%D0%BE%D0%B7%D0%B5%D0%BD%D1%84%D0%B5%D0%BB%D1%8C%D0%B4%20%D0%95.%3D%3DTango%3DG-%3D%3D1r34LbKcu7%7CQyX74D7XyyX-G%7CQyX-C%7CQyXC-%7CQyX7G%7CQyX-G%7CQQ%7CN1A4TA*%7B%7CQyX-%7DXyQX7GB*%5B%5DQyX-Gl%7C%2CD7%2C7As%20-C2NZL%20QyXyQ%7CCQyX7DQyX-G%7CC-XyDA*%5B%5DQyX7D%7CQyXA7%7CQyX-D%7CQyX7A%7CQ7XyQ%7CQyX7G%7CG7XyQ%7CC-XyQ%7CC-XyQ%7CG-XyQ%7CC-%20sA7%2CD7%2C%7ClG-XyQZ%20%3DLatin-Argentina:%20Tango%3D130%3D3
1cbe4d8b-767c-4cc5-af49-dbc0edf53b3b,irealb://%D0%A0%D0%BE%D0%B7%D0%BE%D0%B2%D1%8B%D0%B9%20%D0%A4%D0%BB%D0%B0%D0%BC%D0%B8%D0%BD%D0%B3%D0%BE%3D%D0%A1%D0%BE%D0%B4%D0%B0%20%D0%9A%D1%80%D0%B5%D0%BC%3D%3DMedium%20Swing%3DD-%3D5%3D1r34LbKcu7QyXbB4D-XyKQyX-DSA*%7B%5DQyXBb%7CQyX-D%7CQyXbB%7CQcl%20LZ4Ti*%5B%20%D0%B5%D0%BB%D1%81%D0%BEZG-Xy2%20%2096*%3CB*%7C%7DQyXA-%7CQyX-DZLF%20hE%7CQ%D1%85%20%D0%92%20%D0%BFL%20lcK%20lcKQ%3C*39%D0%BAL%20lcKQyX-GZL%20xZ%20L%20%3Epra%20%D0%BE%D1%82-%D0%B9%D0%BE%D0%BA%D0%B0ZBbXy%20bB%3ESGZL%20lyQ%7CA-bB%7B%20%20QyXQyX%5D%20Sl%20cKQyXbB%7C%5DQyX6bXyQKcX-GZL%D1%8B%D1%82%D0%BD%D0%B8%D1%81cl%20LZ6*%3CbBB*%7B%7D%20%20lcKyQX-GZL%20lcKQyX-D9%D0%BF%D0%BE%D0%B4%20KQyX-%3EXyQKcl%20LZG-XyQKcl%20LZBbXyQKcl%20LZG-XyQ%7CA-b6XyQ%7D%20%3DJazz-Medium%20Swing%3D100%3D3
1c5046ab-514e-4a68-90ef-3624dd42f57a,irealb://%D7%99%D7%A9%20%D7%9C%D7%99%20%D7%A1%D7%99%D7%9E%D7%A4%D7%98%D7%99%D7%94%3D%D7%92%D7%A8%D7%95%D7%A0%D7%99%D7%9A%3D%3D%D7%99%D7%A9%D7%A8%D7%90%D7%9C%D7%99%3DC%3D%3D1r34LbKcu77A%207h-%20E7L7bB%20A%2F-DZL7o%23G-%20GZL%23F%2F7D%20F%2F-DZLZN1BD44T%7BhB2NZD-%20Eb%7DQyXn%7CQyXn%7CQyX%7CnQyXnZL7A%207EZL7%7CXyQLZL%23C%2F%2FCs%2CEZF%20C%2FZL7C%20Fl%7C%2C7C%2C7bsD%207-Dl%7C%2CbE%2FCs%2CE%7CF%20C%2FL7C%2077C%207-D-7%20sG%207DZL7-A%2031bBQ%7CyX7hBl%7C%2C7C%2C7bD-7LZGl%7C%2CbEL-D%207%20Bb-7%2F-D%20-GZL7E%20-D%5ByQX7AZL%23G%2FE%20-AZLFLZEb7hBZLZD-%20E7LZsD-%2FF%2CD7%2FF%23%2ClG-LZBb7%20A7%20%5D%7CnXyQ%5D%20%3D%3D0%3D0
1c45ad4d-11ca-41c3-869c-5c1ea884b9fe,irealb://%E3%81%8B%E3%82%89%E3%81%9F%E3%81%A1%E6%97%A5%E8%A8%98%3D%E9%81%A0%E8%97%A4%E5%AE%9F%3D%3DWaltz%3DC%3D%3D1r34LbKcu7QyX-AXyQ%7CA%7CQyX-A%7CQyXC%7CQy-XA42T%7CQyXC%7CQyX-CXyQ%7CC43T%5BXx%7CQy-XyQ%7CT%7CQyX-D%7CQyXx%7CQXyx%7CQyXC42T%7CQyXx34D-XD43T%7CXC%7CQy4CXyQyXC42T%7CQyXC%7CQy7XGZL-A%20CZL-A%20C%7CQ%7CA-X4T%7CQyyQ%7CxXyQ%7CxXyQ%7CT34CXyQ%7CCXyQ%5D%20%3DJazz-Medium%20Swing%3D100%3D3
1cdf89b4-0a5d-4ebe-93ce-0de17ff15843,irealb://%E3%81%B5%E3%82%8B%E3%81%95%E3%81%A8%3DComposer%20Unknown%3D%3DPop%3DEb%3D%3D1r34LbKcu7QyX7bb%5E7Xy7bE%7CQyXbA%7CQyX7%7CCQyXbE%7CQyX7bB%7CQXyQ%7CBE43T%5BbB%207hQ%7CF-X-C%7CQyX7bE%7CQyXb%7CEQyXbA%7CQyX-C%7CQyXyQ%7CDyXbE%7C%2CLZEbXyQ%5D%20%3DPop-Rock%3D115%3D1
1c73c57a-9be4-4dcf-a580-9c6ef33d1753,irealb://%E3%82%8A%E3%82%93%E3%81%94%E3%81%AE%E5%94%84%202%3DComposer%20Unknown%3D%3DFolk%20Rock%3DC-%3D%3D1r34LbKcu7A*%7B%5D%204CXyQLG%20D%7CQyXG%7CQyXDQ%7CyXC%7CQyXF%7CQyXx%7CZC%20C-4Ti*%5ByX7G%7C%20G7LZ%7CQyX-F%7CQyX7G%7C%2CAb%2CbE%20%2C-C%7CQyX%2C-CC-XyQ-C44T%7CQyX7yQ%7CG7%2CbE%20%2C-C%7CQyXx%7CQXy-CZL7G%20bEZL-C%20F-%2C%7CGX-C%7CQG%2C-CZ%7CxXyQCZLG%20-CZL7G%20-C*v%5DQyX-CZL7G%20-F%7C-%20G7LQyX-C7%2CC-%20%7D%20%3DJazz-Gypsy%20Jazz%3D180%3D3
1c9fd328-730c-44bb-8429-bdda51620d2b,irealb://%E9%9D%92%E6%98%A5%E6%99%82%E4%BB%A3%3DComposer%20Unknown%3D%3DRock%3DC%3D%3D1r34LbKcu7%7CQyX7T44A--A%7CQyX-D%7CQyX-AQ%7CyX-D%7CQyX-E%7CQyXXyQ%7CB%2CA*%2C%5B-A%7CQy%7CA-XyyX-A%7CQyX-D%7CQyXA-%7CQyX-D%7CQyX-E%7CQQ%7CE7XQyX7EE%7CQyX%2C*B%2CDX-A%7CQyX-D%7CQyXxQ%7CyX-A%7CQyXx%7CQyX-yQ%7CB7ZL%2C%20%20QyX-AA-XyQE%7CQyXx%7CQyX-AZLE7%20C%7CQyX7G%7CQyXx%7C-XyQ%7C%7CQyX7%5D%20%3D%3D0%3D0
1cbbd23f-32a0-4727-9db8-ea96e3f76b85,irealb://Don't%20Give%20Up%20The%20Ship%3DAl%20Dubin%2C%20Harry%20Warren%20%281935%29%3D%3DMedium%20Swing%3DF%3D%3D1r34LbKcu7QyX-GXyQKcKQyX7CZL%20lcKQyFXZL%20x%20ZL%20x%20ZL%20lcl%20LZF44T%5B%20ZL%20lZ%20x%20LF%7C%7CQyX7C%7CQyXFZ%20LlcKQyX7CZL%20x%20ZXyQKcL%20lcKD%7CQyXx%20LZF-bB%7CQyXbBZL%20lcQKyXbBZL%20lcKQyX7XyQ%7CF%20ZL%20x7XyQ%7CG-XyQ%7CC7XyQ%7CFXyQKcl%20%20%5D%20%3DJazz-Medium%20Swing%3D100%3D3
1cbffc53-6d7b-4a18-a91e-8704f491c5a1,irealb://Girl%20I%20Loved%20In%20Sunny%20Tennessee%20(PLP-RBB)%2C%20The%3DStanley%20Carter%20(M)%20%7C%20Harry%20Braisted%20(W)%3D%3DFolk%3DG%3D7%3D1r34LbKcu7lareGarkinurB%20xiD%7CyaB%20le%7CMs'rekciP%20toL%20gce%20%26%20P06*%3CB%20998es%2F%2F%5B%20ZL9981%20BUP%20ts%201%5D75%20kcarT%7C1%20DCREC%201noJ%20d%2096*%3C%2FG.%20Hup%3Cn44T%5B%20QyXQyQXyXQyXQyX%3Enalra%3E%20%7B*v%2Fnory7DZLxG%2Cp%7CxLxZLx%7Cp%2CG%7Cp%2CGZxL%7Cp%2C7DZLx%7Cp%2CCZLZC%2Cp%7C%3EesrexZLx%7CZG%2Cp%7Curoh%2096*%3CC*%5B%20%20yQXQyXQyXQyX%5Dp%2CGs%3EG%2CpLx%7Cp%2Cp%2CGZLC%2Cp%7CxDZLxZL7AZLxZLxLZx%7Cp%2CGZLx%7Cp%2CGZL7%2Cp%7CxZLxZL%7D%20x%7CpLZxLZ%20x%7Cp%2CG1NZLx%7Cp%2CD7ZLx%7Cp%2CGZLx%7Cp%2CC%7DN2G%2CxZLx%7CN3G%2Cp%7Cx%20%7D%7CN0%3C*69%204.%3EG%2Cp%7Cx%20Z%20%3DPop-Country%3D180%3D1
1c7f3b84-c5bf-4c2d-bc97-ca70ecaad9f0,irealb://0%2E5bar%20%2D%20Random%20A%20%2D%20Dom7sus=JonBlanckMusic%2Ecom==Medium%20Swing=C==1r34LbKcu7B%20suss%20A7ssus7E%20sus7GZLssu7bA%20sus7bEZLsuLZF%237us7C%5BLsus7LZDb7s7bAZLsus7D%20su7s%23FZLsus7bB%20susus%20Gbsus7bF%20susus%20G7us7F%20sus7BZLsu7s%23C%20sus7bAZLsussLZD7s7bEZus7FZZE7subG%20sus7DZLsus7%20Csus7AZLsus7G%20s7susLLsus7s%20A7susLZE7sus%20B7sus%20%5D%20==0=0
1ca87df4-019a-4f51-83fb-1cb15c03cb20,irealb://Swing%20Gitan%20%28Gm%29%20%2D%20DJC%202s=Reinhardt%20Django==Gypsy%20Jazz=G%2D=10=1r34LbKcu7554553x233lcKQyX7A%3Ex565x%3C5ZL%20lcKQyX6%2DG%3E3%20LZY%3C%3CA%2A%5BYcKQyXyQKcl5664%3C%7CYZL%20lcKQXy6%2DG%3E3332x3%3CZL%206%3EAb6X7D%3E55455%3C3x233KQyX7A%3E55565x5Y%3CZL%20lcKQyX6%2DG%3E3cl%20LZ%3CZL%20lyX7A%3EXyQKc5%3CZL%20lcKQyX6%2DG3%3E332x3%3CB%2A%5BY%5D%20%20lx45557D%3E554%3CYZLLZY%3C5yX6%2DG%3E3332x3%3CZ%20LlcKQyX7D%3E55545QKcl%20%20lcKQyX7A%3EAb6Xy5%3CYZL%20lcKQyX6%2D%3EG3332x3%3CZL%20lcKQx565x%3E6566Q%7C%3C554555%3ED7XyQ%7C%3C3x2333%3EG%2D6XyQ%7C%3C555455%3ED7XyQZ%20=Jazz%2DGypsy%20Jazz=160=10
1c75697d-7534-4597-816b-f675faf123cf,irealb://011%20Major%20Chromatic%20Up%20%28half%20Bar%29%3DPatterns%20For%20Jazz%3D%3DJazz%3DC%3D%3D1r34LbKcu7XAQyXXyQDbXGQyXbG%7CQyXFQyEX%7CQyXbEQyXD%7CQyXyQ%7CAbC44T%5ByQ%7CBbXyQBXyQ%7CCXyQ%5D%7C%20%3DJazz-Ballad%20Swing%3D80%3D3
1c5427be-4527-4ca2-8cb2-d7d0ae50861a,irealb://Ii%20V%20I%20Practice%201=Charts%20Practice==Medium%20Swing=C==1r34LbKcu7x%7cQyX%2d7XyQyX7C%7cQyX7%2dG%7cQyxX%7cQyX7%5eC%7cQyX7G%7cQ%7cF%5e7D44T%5bX7%5ebEC%2d7XybB%7cQyX7%2dF%7cQyXxQ%7cyX7%5ebB%7cQyX7F%7cQ7XyQ%7c%7c%7cQyXQyX7byQ%7cBb7%2dbE%7cQyXx%7cQyX7b%5eA%7cQyX7bE%7cQyX7%2dXyQ%7cAXx%7cQyQyX7%2dXyQ%7cxXx%7cQyX7%5ebG%7cQyXb7D%7cQyX7%2dbA%7c%5dQyXyQ%7cC%237%5ebD%7cX7%2dB%7cyQ%7cB%5eQyX7%5eE%7cQyX7B%7cQXy7%2d%23F%7cQyXx%7cQyX7%7cxXyQX7%23F%7cX7%2dA%7cXyQ%7cAQyX7%5eD%7cQyX7A%7cQXy7%2dE%7cQyXx%7cQyX7%5e%7cxXyQ7E%7cQyyQ%7cD7XyQ%7cG%5e7XyQ%7cxXyQ%5d%20==0=0
1c8f5919-b9e1-424c-b81c-52db9544be09,irealb://Cantar%20Salmos%20A%20Tu%20Nombre%3DMarino%20Stanislao%3D%3DUp%20Tempo%20Swing%3DG%3D%3D1r34LbKcu7%20al%20r4G%2C*AicnunA96*%3C%7B%7D%20GD%20ZLD%20GZLG%20DZLD%20ar%20po4Ti*%7Bma%C3%B1ana...%20%3EC%20GLZD%20G%20%7D%7C%20%3DJazz-Up%20Tempo%20Swing%3D240%3D3
1c0da36e-077a-431c-93ac-4924ac066857,irealb://Me%20Gozare%3DComposer%20Unknown%3D%3DRock%3DD%3D%3D1r34LbKcu7QyXA%7C4D%2C*A%7CQyX-E%7C%7DQyXA%7CQXy-B%7CQyX%23C/A%7CQyXB-XyQ4Ti*%7ByXG%7CQ%5D%7B*BDQyXA%7CQyXD%7C%7DQyX%7CGQyX-E%7CQyXA%7CQyX%7CB-XyQyXG%7C3x17*Q%7CAXyQyX-B%7CQyXA%7CQyXCD*%7B%7CQyXG%7CQyXG%7CQ%7CG%20%20%3CyXD%7CQ%3E%20%7D%7CDXyQ%7CAXyQ%7CGXyQ%7CfAXyQ%5D%20%3D%3D0%3D0
1ccc5667-5ab3-44ea-8058-ce927c68604c,irealb://Amor%20Inexplicable=Hillsong==Rock=A==1r34LbKcu7yXx%7CQ4A%2CXyQyX%2CD%7CQyX%2C%2D%23F%7CyQXx%7CQyXx%7CQyXx%7CQ%7CA%2CXy4TA%2A%7BQyXx%7CE%2CXyQC%2A%7B%7D%20%3E2x12%2A%3C%20%20%7CxQyX%2CD%7CQyX%2C%2D%23F%7CA%2CXyQB%2A%7B%7DQyXx%7CQXyQ%7CxFD%2A%7B%7DQyXx%7CQyX%2C%7CAQyXx%7CQyX%2CD%7CQyX%23%2D%2CXy%2C%2D%23F%7C%3C0Ni%2AXyQ%7Cxx12%2A%3C%20%20%2CE%7CQyX%2C%7CAQyXx%7CQyX%2CD%7CQyX3%3E%20%7D%7B%2C%2DB%7CQ%2A66%20o%20final%3EF%23%2D%2CXyQ%7CD%2CXyQ%7CA%2CXyQ%7CxXyQ%7D%20==0=0
1c6a9ca8-d598-4799-9446-79e112f44aba,irealb://Atrae%20Mi%20Coraz%C3%B3n=Brunet%20Marcos==Ballad=C==1r34LbKcu7%29D%28%20%294C%28A%29%28G%7C%2C%29B%28%20%29A%28%20%20%29%28EF%7C%29G%28%20%29C%28%20%29B%28%20C%29%20%28G4Ti%2A%7Biuq%20a%7CA%2D%28A%20sE%20QyXQyXQyXQXy27%2A%3CC%7C%7D%2CB%2FG%20%20%29a%20Ti%20%2C%29E%28%20yXG%7CQhelo%2EyX%2DD%7CQyX%2DD%7CQyX%7CFQyXF%7B%20A%2A%20%20%3E%2E%2E%2EQ%7CFXyna%20neXF%3E%2E%2E%20G%2FB%2CroC%2036%2A%3CB%2A%7BQyXi%3Em%20eartA56%2A%3CC%7C%7Daz%C3%B3n%2E%20%2DA%7CQQyXQyyQ%7CD%2DC%7C%2CB%2FG%20%20%2DA%7CQyX%7CGQyXF%7CQyX%2DD%7CQyX%3C%2A60XXF%7CQy%2Esojo%20%20%3C%2A0ne%20n%C3%B3isiv%20ut%20oeriuq%20oY%20QyXQyX3%20mis%20%3EA%20oTp%20les%7D%7B%2AC%3C%20s%C3%BAseJ%20im%20ne%20u%20ty%20it%20ne%20oY%2096%2Aese%20e%20%3E%2E%2E%2Eacto%3EFXyQ%7CD%2DXyQ%7CA%2DXyQ%7CG%20%3C%2A69To%20B%3E%20%20%7D%20=Jazz%2DBallad%20Even=60=3
1cb7fbea-e52e-4b6e-908a-1d6fc19f609a,irealb://El%20Himno=Planetshakers==Rock%20Pop=Db=0=1r34LbKcu7l%20sus4GbXyyX27%2A%3CA%2A%7B%7DQyXb%7CAQyXbA%7CQyX%2DbB%7CQQPor%204Ti%2A%7B%2A%3C%7B%7DQ%20sanoL%2DbB%20bG%7CQyXbAZ%2DLbB%20bG%3E%2E%2E%2E%2Eyos%20ZAbXysagalbA1N%7C%20corobDZL%3E%2E%2E%2E%20sanedca%20saL96%2A%3C%20%20%2DbE%3E%2FFXyQerP96lelA%20b%20Ab%2FB%2A%7BQyXC%2FbA%7C%2CbBb%2FG%20%20bA2N%7C%7D%2CbD%2CC%3C%2A65%20A%7CQyXAZL%2Dba%20vic%7CQyXbDZLC%2FbA%20%2DBb%3Ene%20%C3%A1tse%20airotEb%2D%20Bl%20ayunev%20eBb%2D%20A%20aL36%2A%3C%20bAZL%2Db%20B%2DbE%7CQyXbDZLC%2Fbmuert%7CQyXbB%20bG%7Cest%C3%A1%2EZL%2DbB%20%2DbE%7CQyXbZAL%2DbB%20bGZL%20%3E%2E%2E%2EAbXyQ%20adicyXbG%3EbXyQ%7C6%2A%3C%7B%7D%20%20%3EA%20oT%20%2066%2A%3C%20bAZL%2DbB%20%2DbE9SoloAZL%2DbA%7CQyXyQ%7CGb%7CQyXbA%7CQyXbGC%2A%7D%7BQyXC%2FbA%7CQyXbB%2FGb%2FBbXbA%7CQ%7DQyXbQ%7D%7B%3C%2A%20%2DF%7CQyXbEZLD%2Fb%20B%2DC%3Eonot%20ebuS86C%2DLZByXC%2Fb%7BAb%20C%2DLZBbXyQ%7CF%2D%20C%2DLZBbXyQ%7DEb%20=Pop%2DRock=115=1
1ce199ad-7c9d-44c3-a180-acc9be67cc9f,irealb://Se%C3%B1or%20De%20Se%C3%B1ores=Barriento%20Marcos==Rock=C==1r34LbKcu7QyXF%7C4C%2C%2AAB%2A%7C%7DQyX%2CbB%2FC%7CQXyC%7CQyX%2CbB%2FC%7CQyXBbXyQ4Ti%2A%7B%7CQyXFQ%7CD%2D%20E%7C%7D%20G%20%2DA%7CQyXF%7CyQX%2DA%7CQyXCC%2A%7BZLG%2DXyQ%7CyXbB%7C%20%3Eort%7CDXyQ96%2A%3C%20G%7CQyXF%7CQyGX%7CQyX%2DE%7CQyX%2DD%7C%7CTo%20inQyX%2DE%20%7DXyQ%20%7BQCXyQ%7CC%2FBb%2CXyQ%7CCXyQ%7CC%2FBb%2CXyQ%7DCXyQZ%20=Pop%2DRock=115=1
1c56688c-1513-47d1-bb93-ea20a25351e2,irealb://Un%20Viaje%20Largo=Gandara%20Marcela==Ballad=G==1r34LbKcu7yX7%2DB4GXyQ%7CQyX7%2DE%7CQyX7%2DBQ%7CyXC%7CQyXG%7CQyXC%7CDXyQ%7C4TA%2A%5BXG%7CQyXyQ%7CDX7%2DE%7CQyXD%7CQyXG%2AB%5B%20QyX%5D%20D%20C%7CQyXyQ%7CCX7%2DE%7CQyQ%7CDXyQ%7CE%2D7XyQ%7CCXyQ%5D%20=Jazz%2DBallad%20Swing=60=3
1c4bf0cc-2bf1-4284-bca2-50bcdf33528a,irealb://Aguas%20Profundas=David%20Quinlan==Medium%20Swing=A%2D==1r34LbKcu7%2Am%2AA%7C4A%2Am%2A15%2A%3C%2A%2AG%20%2Am%2AE%7CQXy%2A%2AG%7CQyX%2A%2AF%7CQyXx3%3ELZ4TA%2A[%7CQyX%2A%2A%2AXyQX%2A%2AF%7CQyX%2Am%2AAB%2A][QyX%2A%2AG%7CQyX%2A%2AG%7CyQ%7CG%2AF%7CQyX%7CQyX%2AG%2A%2ALZ[]QyX%2A%2AG%7CQyX%2A%2A%7CGQyX%2A%2AF%7CQyX%2Am%2AA%2ACD%2Am%20%2Am%2AEF%2A%2AXyQ%7CG%2A%2AXyQ%7CG%2A%2A%20%20%3C%2A51x4%3E%20]%20==0=0
1c2b92c0-f0f6-48f2-bfc1-eaf3ac1b20e3,"irealb://Cristo,%20Te%20Exalto=Witt%20Marcos==Ballad=G==1r34LbKcu7%2AA%7CQy4G,Xy%2AEZL,G%20,G%2FCZL,%20D,%2A7m%2AA%7CQyX,C%7CQm7%2A,X4TA%2A[C%20,C%2FyQ%7CA%2A%2FG%20,GB%2A[]QyX,7ZDL,%23C%2F7A%20,%2A4susB,LZDX,%2A7mC1N%7CQA%2Am7%2AAZL,7E%20,susE%7CQXy,%2A7m%2AB%7CC%2FD,D%20,%2D7,Xy%7CB%2FG,%20,G%3ElD7,Xy6%2A%3C]QyX,GZL,7D,%20C2NZL%20QyXQyX}Q6Fina%7CQyX,XC%2FD%20,%20A%2Am7m%2AA%20,%2A7m%2AE%20,GyQXQyXQyX,7D%20,%2A7%2A,%20D,%2A7m%2AEyQXyQ%20B%2Am7%2A,%20E7,%20A%2Am7%2A,%20D7,%20G%20=Jazz%2DBallad%20Swing=60=3"
1c109fd7-476b-48ee-8a0d-fe20f8f8bc39,irealb://Christianshavns%20Kanal%3DLarsen%20Kim%3D%3DPop%3DA%3D%3D1r34LbKcu7L%20A%20A%20LZ%20GA%20ZL%20A%20ZLD%20GZLA%20%20ZL%20A%20ZL%20D%20ZL%20%20%20%7D%7C*A%20A*%7BZ%20G%20LZ%20D%20LZ%20A%20LZnXyQ%7C%20n%20LZ%20A%20LZG%20D%20%5D%20%3D%3D0%3D0
1ca0fca8-a572-4f43-bfad-ba48ce31747b,irealb://Shape%20Of%20My%20Heart%3DSting%3D%3DPop%3DE-%3D%3D1r34LbKcu7C%20%7C7BE-%20B-B%20-AZLD/-B%20E/C%2C%7C7B%2CsusB%20-AZLD/7sus%2C%2CA*%2C%5B%20LZG%20BLZC%20B7sus/F%23LZ%20E-%20%20%5D%20%3D%3D0%3D0
1c3edeed-1e89-4e16-a589-9c8bac15d0b1,irealb://12%20Bar%20Blues%20in%20E%20%28reggae%20style%29=Composer%20Unknown==Medium%20Swing=E==1r34LbKcu7%7CQyXx7XyQ%7CE%7CQyXx%7CQyX7A%7CQXy7E%7CQyX7E%7CQyX7A7XyQ%7CE44T%5BB7XyQ%7CA7XyQ%7CE7XyQ%7CxXyQZ%20=Pop%2DReggae=90=4
1c077bb8-cfee-4616-b695-c3db29fa882c,irealb://Miles%20Davis%2012%20Bar%20Blues%204%20%2D%20swingguitarguy=Davis%20Miles==Medium%20Swing=D%2D==1r34LbKcu7lcKQy%3C%2A74SQyX7D%7CQyX7%2DAZLl%20cKQyX7%5E%2DD%3Eralo%7CG%5E7X44T%5BY%20LZG%2D7XyQ%7CC7XyQ%7CF%5E7XyQ%7CF%2D7%20Bb7LZEb%5E7XyQ%7CEh7%20A7b9%20%5D%20=Jazz%2DMedium%20Swing=100=10
1c491ee3-b80f-4ab7-bcfc-10c35446c4a7,irealb://Born%20At%20The%20Right%20Time%3DSimon%20Paul%3D%3DSamba%3DF%3D%3D1r34LbKcu7XGZL%204%3C*06XFZL%20x%20ZL%20x%20ZLl%20cKQyXF%3EittuT%20%20yQKcl4Ti*%5BlcKQy%20LZBblcKQyXFA*%5B%5D%20%20lKcQyXFZLC%20bB%7CQyX%20LZGXlcKQyCl%7C%2CDXyQ%7CBbBl%7C%2CC%2FWs%20%20FB*%5D%7B%20%20lcKQyXFZLC%20b%20%20sW%2FbBZL%20yX%2CFAE%2C%7ClF%20x%20ZL%20x%20ZL%20lcKyQXFlC*%7C%7D%2CC%2FWs%20%20%20%5D%7BS*%2FWs%20%20C%2FWs%20LZG%2CX%7D%20%20lcKQyXFZLC%20Bb%7CQyXbBZL%20lcKQy%7B*BF%20%20lcKQKQyXF%20%20sW%2F%7D%2CC%2FWs%3Ex315*%3C%20F%20l%7C%2CE%2FWs%20%20Cl%7C%2CD%7C*C%2ClbBl%7C%2C%20lcKQ%20x%20LZmaV%3Ci*%7B%5D%20%20x%20%3EeinF%20la%20.S.D%20QyX%3Cp%3EFXyZL%20lcLZ%20x%20LZ%20x%3CXyQ%20Fine%3E%20%20%7D%20%3DLatin-Brazil%3A%20Samba%3D210%3D3
1c729f57-2e4a-411c-8eaa-381ae21cd3d2,irealb://Blue%20Moon%201%3DRodgers%20Richard%3D%3DMedium%20Swing%3DC%3D3%3D1r34LbKcu7G%207-D4C%5E7%20hEZL7G%207-DZL7A7%20%5ECZL7G%207-DZL7A%20A7LZ4TA*%7B%5B%5D%207-C%5E7%20AE%7CQyX7%5EC2NZL%20QXyQyX%7D%207G%207-DZL7-7%20Eb1NZL7-A%7CQy%20G7LZZL7bB%207-F%7CQyX6ZCL7G%207-DZL7A%206CEb%5E7X7-DB*%20hEZLZG7XyDZL7A%207%5ECZL7G%20-7DZL7A%207%5ECA*%5B%5DQ-7%20G7L7D%207A7LZD-7%20G7LZC%5E7%20A7LZD-7%20G7%20Z%20%3DJazz-Medium%20Swing%3D185%3D3
1cc1d6a8-3242-4a3d-b59c-c1cd63c705ed,irealb://Samba%20De%20Amore%3DComposer%20Unknown%3D%3DSamba%3DD%3D%3D1r34LbKcu7QyX7A4E-7L-ESA*%7B%5D%20%20%7Cr%20ZL%7C%20r%20ZL%20%7Cr%20ZL%2C7AZ7XyQ%7C4Ti*%7CC%7CQyX%7CXyQ%20yX%2C5b7bA%7CQyX7-%7CAQyX7A%7CQyX7-E%7C%5DQ%5D%7CG%5ErQyX%7C%20%20%3EenQ%7CB-7KQyX%5ED%7CQyX7A%7CQXy7-E%7C%5DQyX7E%7CQyXcl%3CFiyX5b7lcKQy-7XyQyX7C%7CQyX7-G%7CQy7XD%7CQyX%5EF%7CQyX7C%7CQ%7CF%5EXGB*%7C%7DQyX7-7XyQ%7C7E%7CQyX7-B%7C%5DQyXB7%7CQyX7-%23F%7CQyX7AXyQ%7CE-EZL%20%7C%3CD.S.%20al%20Fine%3EA7XyQ%5D%20%3DLatin-Brazil:%20Samba%3D200%3D3
1cf41d20-5074-4a6e-96b8-8a9ef2e6fbdd,irealb://Central%20Park%20West%3DColtrane%20John%3D%3DBallad%3DB%3D%3D1r34LbKcu7FZL7C%5E7XyQyX7%5EbAZL7bE%207-BbQyX7%5EDZL7A%207-EQG-7%20B44T%5ByX7%5EBC%23-7%20%207-%23CQyX7%5EDZL7%20A7-EQyX7%5EBZL7%23FF%237LZQyX7%5EQXyQLZC%23-7/BXyQXyQLZB%5E7XyQXyQLZC%23-7/BXyQC%23-7%20F%237%20Z%3D%3D0%3D0
1ca4f6d3-f9f1-42e9-b5c2-d8c040c68052,irealb://Yesterday%3DThe%20Beatles%20%28Lennon%2C%20McCartney%29%3D%3DRock%20Pop%3DF%3D%3D1r34LbKcu77-Dl%7C4FXyQ%20FZL7C%20bBl%7C%2CC/D-s%20%20-DZL7A%207-E%7C%20sE-%2C4TA*%7BZL7C%20Bb%20F%20%2CA/-D%2CbB%2CC%2C-DsLZ7A%207-EB*%5B%20QyX%7D%7ClG-7ZL7G%20%7CQyXFE-7%20AyXFZL7C%207-Gl%7C%2C/A-D%2CbB%2CC%2C-DsZL7Q%5D%5B*A%7CQyXFF%20bBZ7LZD--Dl%7C%2C-Es%20%20F%7CYZ7LC%20bBl%7C%2CC/-Ds%20%207%20G7LA%207-E%2CQ%20ZXyQ%20Y%5BQD-7%20G7LZBb%20F%20Z%20%3D%3D0%3D0
1cd4af2d-87b8-4c4b-99b5-d8d54d6891cf,irealb://My%20Guy%3DWells%20Mary%3D%3DPop%3DBb%3D%3D1r34LbKcu7QyXbB44sBbBA*%5BY%5D%2CF%2CbE%20bBQ%7CyXbB%7CQyXbB%7CQyXbXyQ%7CTi*%5BY%20-CZLQ%7CBbX*%5BY%5DQyX7D%7CQyX7%7CDQyXbB%7CQyXbB%7CQyBC-%20FyXbB%7C*bE%20b%20FLZCyX%2CQ%2CbBZLF%20-C0ZNL-G%20bB0N%7C%7CQyX-Q%7CN0B-CZLF7CZL-%7CY%5B*CL-D%20-G%7CQyXbBZL%20F-CZLF%20-CZLF%20-CZG-%20D%2CF%2C*%20B*%20A*7XyQ%5D*%20A*%20B*%20A*%20i*%20Q%20yXQyXQyXQyXQyXB%20*C%20F%7CQyX%20*i%20*A%20*BN0%3C*64%20%20x%203%20%3EXyQ%20LZ%2CQ%2CBb%3CEND%3E%20%3D%3D0%3D0
1c83d4d0-0dd1-4df5-9868-632085ff0442,irealb://You%20Really%20Got%20Me%3DKinks%3D%3DRock%3DG%3D%3D1r34LbKcu7%7D%20%20x%20T44G%2CZL%20lcKG%3E2%20x%20ffri%20ortnI47*%3C%2CF%2CG%20x%20LZA*%7BYY%2CDZL%20G%2CA%2CKx%20ZL%20lcKD%2CC%2CD%2CZDL%20x%20ZL%20x%20ZL%20lc%20LZ%20x%2CA%2CA%7CQyXQyKcl%20LyXQyX%5DQyXC%3Edneo%20t%20s'D%204%3CZL%20x%20ZQXyQXD%2CC%2CD...sg*70Xy%7D%20%20x%20ZL%20x%20ZL%20lKcG%2CF%2CG%2CG%3EoloS%20Q%3CShru%3CB*%7B%20TS%3C%20%20%20a%20guXQyXQyXQyXQyXQXyQyXQyXQyX%3EratiyQXyQdeen%20XGFGG%20GUITE%3C%20QyXQyXQyXQyQXyX%3ETRATS%20OT%20RAND%20-%20-%20TRAyQ%20GGFGXyQ%20GGFGXyQ%20%203%20HITS.%3E%20%3D%3D0%3D0
1cf67cba-b999-4b1f-8e71-d42bfece37b2,irealb://Groove%20Yard%3DPerkins%20Carl%3D%3DMedium%20Swing%3DF%3D%3D1r34LbKcu7%20x%20ZL4%20n%20L7C%207-G%7BYZL9%237D5%20%237AZL%20n%20ZL%20n%20ZLZ%20x%204Ti*%5BQyXQyLZC-77D%2011-A1N%7CQyX7AbZL7bE%207bBZL7F%20%239%20%7DX%20x%20ZL%207-CZQ%7CN2AL%20n%20ZL%20n%20ZL%20n%20%7Cl%7D7-G%2C9%237Ds%2011-Z%20n%20LyXQyXF7LZBb7%20Eb7%2CQ%20%5D%20n%20LZG-7%20D7%239%20ZY%5BQG7%20C13%20Z%20%3D%3D0%3D0
1c000d94-d1dd-48a4-83d5-2a4bf54dfd3e,irealb://Hi-Fly%3DWeston%20Randy%3D%3DMedium%20Swing%3DC%3D%3D1r34LbKcu7D%287-C4D-7X%2C7-D%2C7-A%2C7-EsZ7LF%207%5EC%7CQyX7G%7CQyG7%2C%7Cl4TA*%7B%20QyXQ%20%28Gb7X7B%7CQyX7bB1NZL7%29F%28%20%20%297-C%287FZL%29yQ%7DXy%20%297-bX9b7Gh7XyQ-D%7CQyX9b7F%7CQyXh7CB*%5BY%5DQyX9b7G%7C7XyQ%7CD2NZLX7G%7CQ7XyQ%7CA*%5BY%5D%207bA%207-bELZ7A%207-E%7CQyX9b7FD-7XyhC%7CQy%287FZL7%20F7L%20%20%297-bD%287-Cl%7C%2CG7%2C7-D%2C7-A%2C7-EsZ%28Gb7%29%5EC%7CQyC-7%29%20%20%28F7%29LZBb7XyQ%7CB7XyQZ%20%3D%3D0%3D0
1c4819a0-83c2-43da-92fc-f5ab6a4cc74d,irealb://Chord%20Types%20-%20Minor%206th%3DComposer%20Unknown%3D%3DMedium%20Swing%3DC%3D%3D1r34LbKcu7X*6m*4C%23*m*6m*E%7CQyX*6m*BQ%7CyX*6m*%23F%7CQyX*6XyQ%7CA4TA*%7BX*6m*m6*XyL%20QyXQyX%7DQyX*6*mC%7CQyX*6m*G1N%7CQZN2C%23*D%7CQyQyX*6m6*XyyX*6m*C%7CQyX*6mG*%7CQyX*6m*DB*%5B%5DQQ%7CF*m*C%7CQy*6m*%236*XyQQyX*6m*bD%7CQyX*m6*bA%7CQyX*6m*bE%7C%5D%5B*ACm*bB%7C%7CQyX*%23*m6*QyX*6m*A%7CQyX*6*mE%7CQyX*6m*B%7CQyX%7CD*m6F%7CQyXG*m6*XyQ%7CD*m6*XyQZ%20%3D%3D0%3D0
1c7f7888-8580-47be-9e08-41f428c09246,irealb://Call%20It%20Stormy%20Monday%20%28Alt.%20Version%29%3DWalker%20T-Bone%3D%3DBlues%3DG%3D%3D1r34LbKcu7BZL-A%2CXyQ%7CyX%2C9C%7CQyX9CZL7%20G%23G%7CQyX%2CG%7CQyX9CQ%7CG%2C%20G44T%5B-%2C%20Bb%2CLZD%2CXyQ%7CD%23%2C%20D%2CLZG%2C%20CLZG%2C%20D%20Z%20%3D%3D0%3D0
1c62f6cf-2b80-46d9-bf02-9ebcd909bd3d,irealb://Black%20Butterfly=Ellington%2DCarruthers%2DMills==Slow%20Swing=F==1r34LbKcu7%207Gl%7C4G%2D7%20bEs%207Dl%7C%2C7bE%2ChsE%207%5EF%7CQyX6FZL7C7%2CD7%2C4TA%2A%7BZL7D%20F7%20Bb%5B%7D%207o%23F%206Fl%7C%2C7%2CC7bD%2C7D%2C7bEsZL7%2ABAh7ZL7bGl%7C%2C7ALZsF77AZLFl%2CC%2F%2DbB%2CC6%2FFsZLB%2FbDl%2C7bB%2C%20sEh%2C7C%207GZL7bE%2D6LZByX7%5EFZL7C%207%2DGA%5B%2A%5D%20%20lcKQyXC%2F7%5EbQ%7CF7%20D%207%2DDD7b9XyQ%7CG7%20C7LZF7%20Bo7LZsA%2D7%2CD7%2CG%2D7%2CC7%2C%7ClF%5E7XyQZ%20==0=0
1cfcb8b9-9eed-4e7c-8e65-bd93abe0e581,irealb://Crisis=Hubbard%20Freddie==Medium%20Swing=B==1r34LbKcu7lcKQy4B7suBSA%2A%7BY%7D%20%3Ex4%3C%20xZ%20L%20x%20ZL%20lcKQyXs7susX4Ti%2A%7BKQyX77%2FBXy%20lcKQyX7BZL%20lcQKyXB%2F7%5ECZL%20lcKQLZ%7CBbbDZL%20yX9%237A7XyQQyX%2DB%7CQyX9%237%23FQ%7CyX%2DB%7CQyX9%237%23F%7C%7CN1F%23ZL%20lcZL9%237XyQXy%23C%7CQyX7GB%2A%5B%5DQy%2DXB%3EeniF%3C2N%7CQyXQh7%20F%23QyX%7DQ2%20la%207LZA%2DZL7D%207%2DbE%7CQyX7Db%7CQyX7%2DbAZL7D%207%3CD%2ES%2EE%207%2DB%237%23F%7Cd%2E%3EC%23%3EedaF%20dna%20taepRe%3CQ%7BY%5D%209%237%23F%207hB%2DXyQnE%20dn9XyQ%7D%20==0=0
1c079b84-59fe-45ab-9a40-074a5cb70118,irealb://Got%20A%20Match%3F=Corea%20Chick==Up%20Tempo%20Swing=D%2D==1r34LbKcu7X%23F%2F7%2D7XyQ7%2DG%7CQyXB%2F7G%7CQyCX%2F7%2DD%7CQyX%23C%2F7A%7CXyQ%7CDD44T%5BA%207%2DE7%2FFXy%5EbEZL7bB%207%2DFZLA7%207%2DE%7CQyXE%2F7C%7CQ7XyQ%7C%2DG%7CQy7LZD%2D7XyQ%7CEh7%20A7%239LZD%2D7XyQ%7CA7XyQZ%20==0=0
1cb059ad-cb87-49e0-9e16-dc5403c53172,irealb://Je%20Ne%20Sais%20Pas=Hampton%2DJones==Medium%20Swing=F==1r34LbKcu7BZL%2C74F%5E7%20ZL7C%207%2DGZL7bD%20%5E7bAl%7C%2C7bE%2C7%2DbBsF%5E7%20D4TA%2A%7BQyX7oo7%2CLZ6bBB%2A%5B%7DQyX6FZLC7%207%2DGZL9b7D%207%5EFXyQ%7CBB%207%5Eb%207%5EFAQ%7CF7XC%207%2DGZL7D%207%5EF%7CyQX7oB%7CQyX6bB%7CQy7%20%5D%5B%2AyX6F%7CZL%2C7o%2CEb7%2CBZL%2C7D%207%5EFZL7C7%20%2DGZL7bD%207%5EbAl%7Cb%5E7%20B7%2DbBsF%5E7%20D7b9LZG%2D7%20C7LZF6XyQZ%20==0=0
1c8344a4-7763-4e01-b078-bb9c1bb88c85,irealb://Milestones%20%28Old%29=Davis%20Miles==Medium%20Up%20Swing=Bb==1r34LbKcu77F%7CQy4F%5E7XL7bG%207%2DbD%7CQyX7b%5EAZL7bE%207%2DbB%7CQyZC%2D7X4T%5Bi%2AbAZL7b%5E7XybB%7CQyX7F%7CQyX7%2D%7BCA%2AY%5DQyX31b7G%7CQ%5E7%20EbB%7CQyXyX7%5EA7LZC%2DyX7%5EbBZL7F%207%2DCLZ7E%207%2DBZL7%2D%23C%207Q%7D%2AB%5BbD%207%2DZL7bE%20D7LZ%7CQyX7D%7CQyX7%2DAZ9Lb7E%207%2DB%7CQyX7%5EGBb%2D7%207%2DA%7CQ%23C%207%2D7%20%5D%2AAD%207%2DbAZL7bE%207%5EBb%7CQyX7F%7CQyX7%2DC%5Bb7LZCE%207%2DB%2D7LZB%2D7%20E7LZC%2D7%20%3Csolos%20on%20AABA%3EF7LZBb%5E7%20%20%20Z==0=0
1c04d86b-a01c-4663-a934-7908696c11ae,irealb://Misty=Garner%20Erroll==Ballad=Eb==1r34LbKcu77%2DC%2074Eb%5E77bD%207%2DbA%7CQyX7%5EAbZL7bE%207%2DbB%7CQyXLZEb%5E4TA%2A%7BlcKQy%20Bb7LNZL%20QyXQyX%7D%207b%20B7%2DFZL7C%207%2DG1NZ2Eb6X7%2DFZLZL7F%20BBb%2D7X7%2DAZL%20lcKQyX7b%5EA%7CQyX9b7bE%7CQyXyQ%7CD7%2A%5B%5D%20%207%2DbA%7C7LZF%2DbAZL7bE%207%2DbB%7CQXy7%5EbEA%2A%5B%5D%207bB%207%5E7XyQC%207%2DG%20Db7LZEb%5E7%20C%2D7LZF%2D7%20Bb7LZEb6XyQ%7CF%2D7%20Bb7%20Z%20==0=0
1c4d6799-b058-48dc-b781-9382046da602,irealb://Shiny%20Stockings=Foster%20Frank==Medium%20Swing=F==1r34LbKcu7%7CQyX74G%2D7XX7bB%7CQyX7%5EFZLQXy%7CrQyX%7CQyX7C%7CQyyQ%7CA%2D4T%5BA%2AE%7CQyXyQ%5D%2ABC%2F7D%207D%7CQyX7%2DALZ7bB%207C%7CQyX7%2DG%5BLZB%2D7X7obA7%5EFZLA6XyQQyX%7CQyX7C%7CQyX7G%2D%5BA%2A%5D%209b7D%207hA%7Cr%7CXyQ%7CQyX7QyX7%2Db7XyQB%207C%7CQyX7%2DG%5BC%2AQ%5DyX7obA%7CQyX7%2DA%7Cb7LZAB%7CQyX%7CD7XyQ%7CG%2D7XyQ%7CC7XyQ%7CF6XyQKcl%20%20Z==0=0
1c8a48ed-2bad-489a-b026-0daa3942d617,irealb://Strode%20Rode=Rollins%20Sonny==Medium%20Up%20Swing=F%2D==1r34LbKcu7X%7CrQyAF%2D7XX%7CrQyXZLQyX%7CrQXyZL31b7C%207hG%7CQyyQLZX%2A%7B44TXQyXQb%2D7Xy1b7C%207hG1N%7CQyX%2D7FZL31b7C%207bD%7CQ3%20%7DXyBZLQy31b7C%7CN2F%2DQyX7%2DbA%7CQyX7bEQ%7CyX7%2DbBB%2A%5B%5DQyX7%7CDb7%20QyXQyyX%7CrQF%2D7XyyX%7CrQyXZLQyX%7CryQXZL31b7C%207hG%7CQQLZXyA%2A%5B%5D%20QLZBb%2D7XyQ%7CDb7%20C7b13%2CLZF%2D7XyQ%7CGh7%20C7b13%20Z%20==0=0
1c87d9dd-b91d-4f3f-b606-88a51f04c2de,irealb://What%20Is%20This%20Thing%20Called%20Love=Porter%20Cole==Up%20Tempo%20Swing=C==1r34LbKcu7%5EC%7CQy4Gh7X%7CQyX7hDZL%20lcKQXy6%2DF%7CQyX9b7C%7CQyG7%235X4T%7BA%2AL%20lcKcl%20%20%7DAZL%20lcKQyX7%5EbBQ%7CyX7F%7CQyX7%2DC%5BB%2Ab7XyQKQyX7QyX7hyQ%7CG7cKQyX6%2DF%7CQyX9bC7%7CQyX7hG%5BA%2A%5DQyXl%20LZDX7hDZ%7CG7%235XyQ%7CC%5E7XyQKcl%20%20Z==0=0
1cc3130c-9f0b-4b1f-a3fc-ab7ce2181e24,irealb://You%20Must%20Believe%20In%20Spring=Legrand%20Michel==Ballad=C%2D==1r34LbKcu7L7%5ED%204C%23h7AZL7A%207%2DEZL7%2DBB%20%2F9b7%23FZL9b7%23F%207b9%2FD4TA%2A%5BF%28%20%297%20C%237b%237%23G%207%5EDZL7A%207E%2DZL9b7B%207h%23FZL95%28C%23h7h%23GZ7%5ED%20D%2ABC%23hZL7A%207%2DEZL7%2DB%20%2FB9b7%23FZL9b7%23F%207A7b9%2F%5B%5D%297%23G%28%20%2977%20C%2377A%207%5EbEZL7bB%207F%2DZL9b7C%207hGZL9b%235%28Dhh%23GZL7%5EbE%20CDh7%207bBZL7bB%207%2DFZL%2D7C%20C%2F9b7GZL9b7Gb9%2FEb%2A%5B%5D%297G%207hD%20D7b97%5EbA%207%5EbEZL7bB7%20%2DFZL9b7C%207hGZL%2311LZ7hAZL7b9LZC%2D6XyQZ%20==0=0
1c317d96-d2d1-4fdc-a93f-d952c3ad7dcf,irealb://Boca%20Sem%20Dente%20%20-%20AAB%20AB%201%3DFundo%20de%20Quintal%3D%3DSamba%3DD%3D2%3D1r34LbKcu77B%20D%7C44%3C*6L7A%20D%3Eetned%20me%20sacob%20aleuqA%20%208ZDXyQTA*%7BYZL7B%20B7LZE%23C%20D%7CZL%2C7A%20DZLA7%20-EZL7B%20x%7CQyX-LZF%23-%20-EZLZL%20QyLZA-%20%20%2C7A%20%20%7CrQyX1NZ7LB%20DZL7A%209EZL7B%7DXyQX7A%20-EZLQyXr%7C%20%20n%3Esiam%20euq%20o%20siMaQyX66*%3CB*%5BYY%5D%20XyQr%7CQyX2N%7D%20%2C7DLZGXyZL%2C7A%20-EZL)oF(B7%20-%23FZL%2C-G%20G%7B%7CQN1A-%207D%20-Aa%C3%ADal.QXyQXl%20a%C3%ADaL%20%20QyX86*Q%3C%7BY%5D%20%2C7A%20D2N%7CQya%C3%ADa..yXQyX%3EG%2C%20G-LZF%23-%20B7%2CLZE-%20A7%2CLZD%20D7%2C%20%7D%20%3DLatin-Brazil%3A%20Samba%3D200%3D3
1c96a430-ab20-4028-bea0-313aaa250490,irealb://AB%201bar%20%2D%20Random%2001%20%2D%20Dom13%20Rootless=JonBlanckMusic%2Ecom==Medium%20Swing=C==1r34LbKcu7bA%7CQy13XyQQyX31A%7CQyX31bBQ%7CyX31%23F%7CQyX31E%7C%7CD13XC44T%5B%7CQyX3%7CDb13yX31D%7CQyX31B%7CQXy31B%7CQyX31E%7CQyXQ%7CEb1QyX31yX31%23Q%7CF1331D%7CQyX31bA%7CQy3X1G%7CQyX31bB%7CQyXXyQ%7CFyX31CyX31BXyQ%7CA1G%7CQyX31bE%7CQyX13E%7CQyX31C%7CQyX313XyQ%7C31D%7CQQ%7CF13XyQZ%20==100=0
1c411d21-1350-4f74-a95f-9c24a989151b,irealb://Apare%C3%A7ida=Lins%20Ivan==Bossa%20Nova=B%2D==1r34LbKcu7%2DBA%2A%7B4B%2D7L7%2DBl%7C%2C7%23F%2C7%2DCsLZ7h%23GZL%20%7Cr%20ZLxZLZx%20%7D4Ti%2A%7B31b7BE%2D7%20AQyX7%2DBZL31b7%23F7%20%2D%23C%7CQyX9%5EDZL31%7CB13%20%7CQyX7%2C31b7yQKclGZLxZL9%237%23CZLxLZ31DZLxZL31AZL%207LZF%23X9EZLB%7CQyXB%2D9XyL31b7%23F%207%2D%23C%7CQXy9%5EDZL31A%209%2DE%7CQZF%23h7B%2A%5B%7D%20E%7CQyXQ%7CE%2D9yX9%5ED%7CQyX11%239CQ%7CyX7%2DGZL%20lcKQyXQ%7CB%2D9yX9b7L31A%20Kcl%20LyX7%2DBlC%2A%5B%5D%2031b%237F%2031%23F%7CQyX31AZQ%7CE%2D7QyX9%2D%2D%23C%7CQyQ%7CC%23ZL31A%207%2DEZL31F7%20%2DC%7BZL31b7%23F%207%2DD%5E9XyX9%5EDZ7%20F%237b13%20%7D%20==0=0
1c7fca86-ca5d-4140-ae32-1cf371d2042d,irealb://Silent%20Night%20(HLTRCB)%3DGruber-Mohr-Young%3D%3DSlowly%3DBb%3D%3D1r34LbKcu7%5EbB%7CQb%5E7XyQyX7-C%7CQyX9b7GQ%7CyX7-D%7CQyX7-C%7CQ%7CF7XyB43T%5BE%7CQyXBb9suyX7%5EbB%7CQyX7oE%7CyQX7%5EbEZL9b7bB%20sQ%7CBb7%7CQyX7GZL7ob%2FDLZ%7CQyX7-CZL%20lcKQXy7%5EbBZL5%239B%207-CF7%20F%23E%207%5Eb-7XyQ%7CC7XyQ%7CBb6%20G7b9LZC-7%20F7b9LZBb6XyQ%7CC-7%20F7%20%5D%20%3D%3D0%3D0
1c559b3a-f281-469f-827e-cca40a64f628,irealb://Journey%20Through%20The%20Past%3DYoung%20Neil%3D%3DPop%3DD%3D2%3D1r34LbKcu7%2CsusD12%3C*7%7CQyXD%3E)leef%20teplirt(%2048%20mpb%20%204AXyQ%7CTi*%5BY%2CA%2FW%2C%7ClG%2C%20%7C%2CGs%20%20%2CD%7CQyXAl%2C%7C2Ds%20%20%2CDl%7C%2C2Gs%20D%2CW%2FB%2CDs%20%20%2CD%7CQyY%7B*ASXD%7CQyXGl%7C%2CDs%20%20s%2CusD%7CQyXA%7CQyXDlyQ%7CAX%5D%2CD%2FW*%3C%5B%5D%20%7CN1D%2C2N%7CQyXQyXQyXQyYX%7D%2C%23F%2FW%2CA%2FW%2CB%2FWlD%20%20Q%2CGs%20%20QyXDlnstr.%20la%20.S.D%20%3C%7C%2CGs%20%20%2CD%7CQyXA%7CQyXD%3E)Coda%3Ei(%2047Dl%7C%2C2%3C*69(Gl%7C%2CDs%20%20%2CsusD%7CyQXA%7CQyX%3E).rtsni%2C%20%20sGDQ%5BY%5DyXG%7CQ2%2C%7ClA9D%7CQyXDB*%5BY%5DQy%2CXDl%7C%2CGs%20%20%2CD%7CQyXsusXyDs%20%20%2CXDl%3EgLZDXy*%3C%5BY%5Dp%2CD%2CD%2FG%2CD%2C%7C2Gs%20%20%2CG%7CQyXA%7CQ74%20ta%20lcKQ2G%2CGsyQ%7CG%20%20%20%E2%99%A9%20%2066*%3CZL%3E%E2%97%9D%20%C2%B3%20%20%20%E2%97%9CQyXQyX47*%3C%20%E2%99%A9%20%20%E2%99%A9%3EXA%7CQy%2CfD%2CpZ%20%3DPop-Rock%2012%2F8%3D84%3D1
1c09f1e5-5a61-4b15-877c-121350920097,irealb://Bambina%20%28%20Base%29=Daniele%20Pino==Medium%20Swing=E=7=1r34LbKcu7L%20ZL%20LZ%20LZ%20ZL%20ZL%20ZL%20ZL%20Z%20LZL%20ZL%20ZL%20ZL%2D%23FLZ%20LZE44T%5B%20ZL%20Z%23%2DLZ%20ZL%20ZLBZL%20ZL%2D%23FLZ%20ZLAZL%20ZL%2D%23CZL%20LZ%20LGZL%20ZZL%20%3ED%20LZ%20Lsab%20noC%3CZL%20ZL%20LZ%20ZL%20ZL%20ZL%20ZL%20Ze%20in%20ZL%20ZLL%20ZL%20Z%20LZ%20%20ZL%20ZL%20ZL%20ZL%20Z%20LZL%20ZL%20ZL%20ZL%20ZLLZ%20LZL%20ZL%20%20ZL%20ZLZ%20LZZL%20ZL%20ZL%20ZL%20ZLZ%20L%20ZL%20ZL%20ZL%20ZL%20%20LZ%20L%20ZL%20ZZL%20ZL%20LZ%20LL%20ZL%20ZL%20ZL%20ZL%20LZ%20ZL%20ZL%20ZL%20ZL%20ZZ%20LZ%20ZL%20ZL%20LZ%20LZ%20LZ%20LZ%20%20Z%20=Jazz%2DMedium%20Swing=100=3
1c94bb8d-ea99-41fb-ba02-f7d45902fb48,irealb://Wave%20%28hl101t%29=Jobim%20Antonio%2DCarlos==Bossa%20Nova=A=7=1r34LbKcu7C%7CQyX4A%5E9XyX7%5ED%7CQyX9b7A%7CyQX7%2DE%7CQyX7oF%7CQyQ%7CD%2D64TA%2A%7B7%2DAZL%237%235LZL7E%209FZL7B%20B%2F%2D7%23FZL9b7%23F%209%23FZA%2D7%20DC%2031%23bE%2F9F%5B%2ABD%2D%2F7%2DCZL%20lcKQyX7E%2D%7CQyXbE%2F9G%7CQyX7FXyQ%7C%7D%207D%20%7CQyX9%2DXyQ%7CyX7%2DE%7CQyX7oF%7CQXy9%5EAA%2A%5B%5DQyX5%237EQ%7CA7bD%7CQyX9FZL7Q%7CD%2D6%2D%23FZL9b7%23F%209%23FLZ5%237%23C%2031%23C%7CQyX7%2FB%20ByX7%5ED%20E7LZA%2D7%20DLZUA%2D7XyQZ%20=Jazz%2DBossa%20Nova=140=3
1cd2d705-f1c6-453d-a006-c96dbd830dc2,irealb://Quero%20Sambar%3DSambar%20Quero%3D%3DSamba%3DBb%3D%3D1r34LbKcu7uq%20%2Co4Bb%20FA*%7BY%7D%20%2C7F%207D%7CQXy7bEZL7D%207-GZL7%3CQuer4Ti*%7ByX7-GambarbA%7CQyX7D%7CQyX7-%7CGQyX7F%7CQyXbB%3E..%5EXyQ%7Cs%20oreQyX%5EbGXyQ%7C7D%7CQyX7-G%7CQyX7%7CFQyXbB%7CZL%2C7F%207DXyQ%7CA/7A%7CQGZL%2C7yQ%7CN1A2NZL%20QyXQyX%7D%207%2CF%207-GZL7D%20G/7A7/G%20DX7-G%7CLF/-G%5DY%5B*B%2C7D%20hA%7CQyXbB%7CQXy7F%7CQyX-C%7CQyX7GLZG-%20QyX7-L%2C7F%20Q%7CD7%20X7bEZL%2C7D%207-GZ%2CL7F%20bBQ%5BYY%5D%20%2C7FyQ%7CD7yX7AZZBb%20F7%2CLZG-7%20D7%2CLZEbLZAb%5E%20LZG-7%20%20Z%20%3D%3D0%3D0
1c439309-e3fa-46ac-8b1f-a5497b0f7ddb,irealb://Heartbreak%20Hotel=Elvis%20Presley%20%28Axton%2DDurden%2DPresley%29==Rock%27n%27Roll=E==1r34LbKcu7yX7Al4sE7%2C%2C%23C%2FW%2CD%2FW%2C7EsZ%20Ln%2C7EZL%20lcK7E%20nW%2FB%2C%7C4TA%2A%7B7Es%7C%2CLZsB7B%2FW%2C%23G%2FW%2C7Es%7C%2CF%23%2FW%2CQ%2C%23G%2FW%2CA%2FW%2C%2CW%2FG%23%20lcKQBsZL%20Kcl%20LX7Al%7C%2CB%2FW%2C%23C%2FWD%2C%2FW%2C7EsZL%20n%2C7EZyQKcl7E%20n%2CX7ElB%2CW%2FG%23G%2FW%3Ex345%2A%3C%2CB%2FW%23%2CG%2FW%2C7Es%7C%2C%23F%2FW%2C%23%2C%7D%5B%2AA%2FW%2C7%7CQyX7%20LZE7cKQyX7Al%7C%2CB%2FW%2CC%23%2FW%2CD%2FW%2C7Es%7CQyXl%20LZBlcKQy7E%2C7F%20al%20C%7C%2CC%2FW%2C%23C%2FW%2CD%2FW7%2CEsQ%5B%5DQyX7E%3EadoE7%2FB%2C%2EC%2ED%3C%20Z%20=Pop%2DShuffle=89=1
1c0f97aa-07e8-4ab4-8a44-6171c1321901,irealb://Hero=Mariah%20Carey%20%28Carey%2D%20Afanasieff%29==Pop%20Ballad=E==1r34LbKcu7usBs%204E%20%20s%7C%2C%23G%2FWs%20%20Al%7C%2CBW%2Fs%20%207%2D%23Cl%7C%2C%23D%2FWlF%23%2D74Ti%2A%5ByX%23F%2F%5B%2AAT4EZL7B%207%2D%23F%7CQyX%2D7%23C%7CQyXD%7CQyXEl4XyQ%7CD%5D%2CB%2Cs%2FWs%20%20Q%7CBsu%2FWs%20%207%2D%23Cl%7C%2C%23DW%2Fs%20%20ESB%2A%7B%5D%207B%20sB%2C%7ClAyXC%7CQFl%7C%2C%23F%23%2D7%20%20Al%7C%2CB%2FWs%20%207%2D%23lC%7C%2C%23D%2FWs%20%20EZL7B%20sW%2FGl%7C%2C%23GC%7CQyX7%2CQLZE%2CA%2A%2C%5B%20susB%207%2DC%231N%7C%2C%23D%2FW%20%20El%7CYXyQ%7CDB%207%2D%23C2N%2CCQ%7CBsuB%20susB%7CQyXC%7CQy%23XF%2FD%7CQyXEZL7B%20s7%20%7D%2C%2AyX7%2D%23a%20%2ES%2EZG%20DL%2FG%20CZLD%20GZLB%2FGC%20ZLD%20%2CGZLB%2FG%20CZBLZ%3CDLB%2FG%20%2D%23CZLa%3EB7s%207%2D%23FZL%23G%2FE%20AQ%20%5B%20QyXQyX%5D%207B%20suB7LZEdoC%20l7LZsA%2CB7%2C%7ClE%20Z%20=Pop%2DSlow%20Rock=66=1
1cde3fb1-2e79-4448-80b0-14eb87c724b3,irealb://Moon%20Over%20Bourbon%20Street=Sting==Medium%20Swing=F%2D==1r34LbKcu7E%2F%2DF%2C4Gh7L11%239b7CZL7hGZLZxL7%2DFZL11%239b7CZLZsF%2D4TA%2A%7Bl%7C%2CC%2F%2FEb%2CF7%2DF%7C%2CG%2FW%2C7%2DFsZ7LCZL7%5EbDl%7C%7C%2CD%2F%2D%2FAb%2CW7%2DF%7C%2CCZL7hG7LZDL7%2DFZL11%239b7CZ7LhGB%2A%5B%5D%207CZL7%5EbZxLZGZL7hDF%20%2C%2DF1LZsFZL7%5EbDl%7CY%7C%2CD%2F%2D%2CFbE%2F7%2DF%7C%2CE%2F%2DF%2C%2DC7%2CLZ1%239b77%2DbB%7CZF%2D7%2F%2C7%2DFs1NZLQ%2C7CZ7L%5EbDZL%2CD%2F%2DF%20%2CbEW%2FAb%2CL%2CE%2F%2DA%2FW%2C7F%2D7%2CWC%2C7%2DbB%7C%2CbA%2FW%2C7F%2D%7C%2C7C%2C7%2DbB%7C%2CbA%2F7%2C%7CF%2D%7C%2C7C%2C%2C7%2DbB%2D7%2CC7W%2C7%2DF%7C%2C7C%2C7%2DbB%2C%7CbA%2FW%2C7%2DF2N%7CY%7D%2C%2FAb%2C%7CbB%7C%2CbyXbDl%2D7%2CW%2F7C%2C7%2DbB%7C%2CbA%2FW%2C%2D7F%7C%2C7C%2C7%2DbB%7C%2CbA%2C%5D%5B%2ACF%7C%2C7CZLC%2F7F%2DLZGbAZLbBl%7C%2C%2DF%2C%2DCZsLG%2FW%20%2DCZLB%2FW%207%5E7LZG%20bE%7CQC%2F%2DFQb%2D%2FC%3C7CZLC%2FbBZL%3Eado%20Cla%20%2EC%2ED%20QyX26%2A%239%20%5D%5BBZL7CXyQ%7CC7sus%20C7LZF%2DXyQZ%20=Jazz%2DGypsy%20Jazz=118=1
1c0d9cd1-57e9-4620-93ae-a794127cb247,irealb://People%20Make%20The%20World%20Go%20Round=Stylistics%28Creed%2DBell%29%20The==Soul=E%2D==1r34LbKcu7%2DD43T4E%2DXyKQyX9%2DEA%2A%7B%5D%20%20lKcQyX11%2DEZL%20lcKQcl%20LZ4Ti%2A%5B%2DE44T%2CLZT4A%207%2DD43TZL%20lcKyQX9%2DE%7CZLxZL9%2DE4%2D7%2CLZ7%2DA%2077%2DA44%5D%5B%2ABA7%5EF42T%7CQyX7%5EF%7CyQX7%2DAl%7C%2C%2DBs%20%207%2DXyQ%7CT%20xZL9ZL9%2DE%2C%7ClA%2D%7CQyX7%2DA42TZL%20n7%2CB%7CQyX7h%23F%7CQyX7T44N1%2DBs%20%20TZL%20%3EE%2D9Xydna%20taepeR%20%20%3C%20%2D9E3N44T%7B%7D%20%20lcKQ%20Fade2N%7D%20x54A7%20%20sA%2D%7D%20=Pop%2DSoul=84=1
1c60bd4a-7742-4d81-a1e7-a94a3d7757b9,irealb://HAR%C4%B0KA%3DAjda%20-%20Kenan%3D%3DRock%20Pop%3DF-%3D%3D1r34LbKcu7xZLxZ44F-LZLxZL-FA*%5B%20%20QyQXyX%7D%20CZL-bBZLxZxLZxLTSi*%7BEZL-bLZxLZB*%5B%5D%20xZLCZLxZLb-BZLxZL-FZLxZLxF-LZB-bBZL-bBZLLZF-LZLCZL-bBZLxZL-CF*%7B%5D%20xZLCZL-bBZF-LZxbAZLbLZC%2CS%20%7D%20%3DPop-Rock%3D125%3D1
1c6f62c8-a752-482f-bbac-50e36ded8444,irealb://Seni%20Kimler%20Ald%C4%B1%3DS.Aksu%3D%3DNihavent%3DC-%3D%3D1r34LbKcu7ZL%20-C4%20C-/%20GZL7%5EbAZL%20bB/C-%20ZL%20D/-C%20ZL%20bE%5D%5B*A%204Ti*%5BC%20ZL%205%20LZ%20G%20ZL%20bE%20ZL%20bB%20LZ%20bA%20ZL%20x%20ZL%20-C%20LZ%20Gb7-D%20E/W%2CDD-7b5ZL%20G%20ZLbA/bB%20bZBL%20bA%20ZL%20-C%20ZL%20C-%20W/%20ZL%20-1N%5B%20%20%20F-%20LEZL-F%7C%2CbE/W%2CD/%20W-CZL%20G%20ZL%20-C%20ZbLZ%20GB*%7B%5Db%3EidolD%2CW/E7*%3C%5B%5D%20%3E%20%3C%20C%3Eja%20m%20QyX33*%3C%202N%7D%2Cb4A.Me/W%20-CW%20B/GZ%20x%20L%20G/GZL-DZL-AZLE-ZLF/G%20GZL%20-D%20ZW/ALZL%20-A%20G%20ZL%20%20%5B*C%20%20bB%20ZL%20bA%20ZL%20-%20CZL%205b7-D%20ZL%20-CLZ%20Eb%20%5D%20D/%20%20%5BXyQXyQXyQXyQXyQS%20%3DPop-Slow%20Rock%3D80%3D2
1c046769-b16f-4278-bf79-4e47cccfba1e,irealb://Dancing%20Days%20%3DFren%C3%A9ticas%20As%3D%3DPop%3DC%3D%3D1r34LbKcu7%20ZL%20x%2C%20E/G%20%7B%7D%20E%20*m*BZL%23CA/%20DZLE%20*m*%23FZL%23A%20LZ%20A44T%7BF*7M*%20LZ%20x%20%20%7D%7C%20D%20LZ%20x%20LZ%20A%20LZ%20x%20%20Z%20%3D%3D0%3D0
1c5758d1-e1b2-47b3-b76b-18caa3d60cbb,irealb://Cantare%2C%20Danzare%3DWitt%20Marcos%3D%3DRock%3DA-%3D%3D1r34LbKcu7QyXG%7C4A-%2C*QyXF%7CQyXF%7CQyXGQ%7CyXG%7CQyX-A%7CQyXA%7CGXyQ4Ti*%7B%7B%7CQyXyQ%7CA-QyXE%7CQyXF%7CQyX-%7CD%7CQyXG%7CQyXG%7CQyX%7CE/G%23X-A%7C%7DA%20oT9Q%7CEXy%7CQyXD%7CQyXG%7CQyX%7CA%7CQyXD%7CQyX-%23F%7CQE%20%3C*6yXAB*%3E%20%20%7D%3C*60La%20coda%20es%20el%20coro%3E%20%3D%3D0%3D0
1c5d8409-f6e6-4552-bbdc-9bdda39b3258,irealb://Gloria%20A%20DIOS%3DParker%20Lucia%3D%3DLatin%3DF%23-%3D%3D1r34LbKcu7X45*%3C4F%23-%20-%23FZL7%23C%207-%23G%3Eb5QyXQyX45*%3CZL-B%20B-LZ4Ti*%7B-%23FZLb9%3EG%23%23G%3E5bQyXQyX45*%7C%3CQyX7%23CZL7%23C%207--7%20C%23QyXQy%20-%23F%20XyQXy%23C%20-%23FA*%7B%5D%207%23C*%20%20%20*GZL7-%23D%3E5bQ7LZC%2315*%3C%20L-B%20--%20C%23L%2CC%2CD%2C%23C%2CD%2C%23CZLB-%20-%23FZL-%23F%207%23CZ%7B*CF%23BB*%7C%7D%23G%3E5bXyQXyX45*%3CZL-B%20-%23FD%5B*%7D%2C%23CS%207-%23G%3E5bQyQXyQ45*%3CZ*%3C%207-LZF%23-QyXQyX45*%3CZL7-D%23%3E5bQyXQyX45*%3C%20b5%3EG%23%23C%207-%237%23CZo%20A%3EC%23F%7D%20%3E3X27*%3C%20%20-F%23ZL-B%20-%23FS%7B%5D%207%23-%20B-LT%20%2066%23QyXQQ%7C%7B*v%3C%20%207-%23G%3E5bQyXQXy45*%3CZL-B%20%207-%23F*54XyyX5%2397-%23G%3E%2C%20%3C*7QyX45*%3CZL%20%2C-B%20%23-F%7C%7D%20%3Eeuc%20lliT1XyQb57%23C%3E5%3C7D%3E5D7%20%7BGyX45*%3C%20%207-A%3E5byQXQyX75*%3CZL-C%20-QXyQ%23%207%23C%20ZL7%23Cll%20cu7-A%3E5bQyXQyX15%3C*%20ZL-C%20-G%7C%7D%20%20%3Ee%20%20D%2C%20iT27*27*%3C%5B-LZ%3C*C%3E5%23QyXQyX45*%3C7%20-%23G%3E5bQyXQyX45%237%2C%20%20B%20-%23F*%3CZL%20vocesX%3EBF%20FF%20FF%20FF%20FFFF%20FF%20FF%3C%5BQyX%3EyQXyQ%20oloS21C%3E%20%3C*45C%3EXyQZF%23-%20U%20Z%20%3D%3D0%3D0
1c3e198f-76c6-44a8-9018-46412fcc8b29,irealb://Jes%C3%BAs%20Es%20El%20Centro%3DHoughton%20Israel%3D%3DBallad%20Even%3DA%3D%3D1r34LbKcu7%7C%2CE%2C-4A%2C*AZLA%20DZLE%20susEZAL%20DZL%23Cp%2CAZL-B%20E%2C%20F%234Ti*%7B%7CQyX-N1EXyD44TZL%23C/A%2C-B%2CBA*%7BQyXE2N22T%7C%7DQXyQ%7CB%7CQyXDD%7CQyXQ%7CT22S96*%3C%7BZLQ%20%20sus%7CEQyX-%23F2N%7C%7DQyXAolo%3EAyXA1ND%7C%7D%20%20To%20A%3E96*%3C%20E%7CQyXD%7CQy-X%23F%7CQyXEQC*%7B%7D%20%20To%20A%3E36*%3C%20XyQ%7CAXyQZ%20%3D%3D0%3D0
1c54ce6d-8aea-4d8d-9999-b04b8c9de215,irealb://Teu%20Amor%20N%C3%A3o%20Falha%3DSoares%20N%C3%ADvea%3D%3DMedium%20Swing%3DC%3D%3D1r34LbKcu7XG%20C%20T44A-A*%2C%5BYY%7D%20QyXG%20-%20AF%7B%5D%2CG%3Ex3%3C%20C%20F%20%2CA-%20F%2Ci*%2C%5BQyXG%20XyQ%5DYC*%2C%5BYY%5DQyXQyXQXy-D%20G%20C%20F%2CB*%2C%5BY%2CF%20A-QyXQyXyQXyQ%20%20%5D%20%3D%3D0%3D0
1c436b1f-c3c6-420c-914e-22499e4ebba8,irealb://Comtemplar%20Tua%20Beleza%3DUnited%20Hillsong%3D%3DMedium%20Swing%3DC%3D%3D1r34LbKcu7%5B%7DQyX8A-%20CFZL-A%20GZLC%20F%7CQXyGZLC%20-AZLF%20GZL%20CLZG6TA*%7B-A%2CC*Q%7CCXyXF%7CQyXG%7CQyXC%7CQXyFZLF%20-A%7CQyXG%7CQyQ%5D%5B%2CyXFB*%20GLZFXyQ%7CCXyQ%7CG%2FBXyQ%7CA-%20GLZFXyQ%7CCXyQKcl%20%20Z%20%3D%3D0%3D0
1c8142f9-4e00-4b60-9d40-6c3c35be43d0,irealb://Nosso%20Xote=Bicho%20de%20P%C3%A9==Xote=F==1r34LbKcu7bB%3EosyQ%7CEhZL7F%20%2C7%2DCl%7C%2C7%2DC%23%2C7%2DDs%207%2DDZL7A%20%3C%20VerXFi%2A%7B%20%2C7%2DCC7XyQ7%2DDZL7A%20hE%7CQyXAF%2A%7C%7DQyX7C%7CQyXF%7CXyQ%7Cl%7CQyX%5E%7CQyXxb%5EXyQ%2DD%7CQyXx%7CQyX7AZ%20LlcKQyXF%7CQyX7C%7C7XyQ%7CBZL7FE%7CQyXr%C3%A3o%3EB%7D%2C%2DG%2C%2DA%2CbB%2CCs%7CyQXF%7CQyX7C%7CQyX%5Eb%7B%2ABlFfeR%20%3Ch%20A7LZD%2D7XyQ%7ClC%2D7%2C%20F7LZBb%5EXyQ%7CC7XyQ%7CFXyQ%7CC7XyQ%7D%20==0=0
1cf126ac-734b-4724-8129-19993f60c29d,irealb://Space%20Oddity%202019%3DBowie%20David%3D%3DMedium%20Rock%3DC%3D%3D1r34LbKcu7-EZLC%5E7LZE-EZL7%5EFZL-EZL%2C%5E7FZL%2C-EZL7%5EFZL-%20%5D%5B*vFsi*%5BZLD%7C%2CE-LZA-AZL-EZLCZL-EZCLZL%23F%2FD%7C%2CG%2F-A%2C-%2CA-%2FGZLCZL7EZLCZx%20%5D%20%7C%2CC%2C-FZLF%7C%2CC%2C-ZFLFZL7EZLCSC*%5B%20F%2CQLZLxZLxbBZL-F-%2CC%2CFZL-EZL7%5EFB*%5B%20yQX%5B%20F%7C%2CC%2C-FZLF%7C%5E7LZEZLFZLL7AZLG%2CF%2CL7%5EF%5D%2CA%2CG%2CF%2CC%7C%2C%2CAG%2CF%2CC44T%5B%20%5D%20xZLZE-7%7C%2C-A%2C%2F-A%2C-LZE%3CD%2CGQ%5BYQyXQyXQyXyQX%5D%20%3EadoC%20la%20S.E7%2C%7CADZLCZ%2C-A%2CbF%23LZCZL7%5EFZL-EZL7%5EF*B%5BQyXQyX%5D%20GZLG%2FE-LZB%2FD%7C%2CGZLCZLLZx%20%5D-EZL7%5EF%5D%2CA%2CG%2CFC%2C%7C%2CA%2CG%2CF%2CC44T%5B%207LZA7%2CF%2CG%7CD%20%7B%3CRepeat%20and%20fade%3EE%20%7D%20%3DPop-Rock%3D68%3D1
1c3f8a9e-f07a-4eb7-b261-3e0481409b22,irealb://Lamentos%3DPichinguinha%3D%3DChoro%3DD%3D%3D1r34LbKcu7%23C/7-24%3C*3ZL%20ZLoFZL%20ZL%23F6/DZL%20s%3Eortni%20%202DLZF%23TSA*%7B%2C7%23Cs/CLZB%23GsZL%2C-Bs%7C%2C7%23F%2Cs5b7-%23CsZL-EZL7-7b5%2C7-AZL/DsZLsD%23-77A%297E%289Es%7C%2C7B%2C%237F%7C%2C7%23Cs%2C7%23Gs%7C%2C%2C%7CsD%2C%2C%23Fs%7C7A%289A/B%2CLZ%2CD1N%7C%2C7AQD/9E%7CD%2C%2CA/DsZLbB/6-GsLZsD%2CGZL%2CCL-Es%7CsDLZD%23G/-BZLA/-BZL57%23bBZL-Bs%7B%2C7%23Fs%2C%2CsB7%2C2N%7C%7D%29%23FZL75LZB-L%20ZL-BZL%23A/7%23FLZ7%23FZL%23C/-EZLA/ZGLZG%237bEZL5%237b7/A%23Ls%7C%2C7Bs%2C%23G/-BZL/A-BZL5%237bBZL-BZE-LZE%23FZL7F%2C%23G/LZE-/LGZL%2CA/7DZL-BZ%23LA/7%23FZL7%23FZL%23CZYsC%23D/-EZ%20QyXQ%7CN1sB%297A%289As%7C%2C7B%2C-BN2%7C%7D%2C7%23Fs%2C-BsZL-S%20ZXy%2C%23A/%23%20%7BQD%2CsD7%2C%7CsGLZsD/F%23%2CsB-7%2C%7C%2CsE9%2CsA7%2C%7D%7CsDLZD%20Z%20%3D%3D0%3D0
1cfe749f-1a50-4292-a111-97281646a1c1,irealb://Fire%20On%20The%20Mountain%3DTraditional%3D%3DBluegrass%3DA%3D%3D1r34LbKcu7B*%7B%7D%204AXyQ%20x%20ZL%20lcKQyXA%7CLZA%20EZL%20x%20ZL%20lcKLZE%20A4TA*%7BDXyQKcl%20LZ%20x%20LZA%20D%20%7D%7C*CAXyQ%7CE%2C%20A%20Z%20%3D%3D0%3D0
1c55fa27-f4de-4808-b2a5-a33a07b22bea,irealb://Salty%20Dog%20Blues%3DTraditional%3D%3DBluegrass%3DG%3D%3D1r34LbKcu7ZL%20lc4GXyQGZL%20lcKQyX7DZLl%20cKQyX7A%7CQyX7E%7C%2CXyQK4TA*%5B%5BGXyQ%7CE7XyQ%7CA7XyQKcl%20LZD7XyQKcl%20LZG%2CXyQKcl%20%20Z%20%3D%3D0%3D0
1cfdcc54-579b-4220-a1d1-2ce257ff464e,irealb://Good%20Day%20Sunshine%20%28Beatles%29%3DLennon-McCartney%3D%3DMedium%20Rock%3DB%3D%3D1r34LbKcu7ZL%23F44sELZ43T%5B%20%23F45TZL%2CB34TSA*%7B%5D%20EZLEZLEBLZT54Ti*%5B%2C7EZLLZT54F%2CAZLAZL7EZL7B%2C%7C%23F%2CA1N44TB*%5B%20E%23%2C%7CB7E43T%5B.S.D%3C%7D%5BT44L7E%7C%2C7B%2CDC*%5B%20ALZ7EZL7B%7C%2C%23F%2CA2NZA7LZ%20AQZLF45TZoda%3ED%5B%20%23F45TZLB43TQY%5BQyXQyXQyXQyX%5D%20T34BLC%20la%204TZLE4ELZT%23F45TZLB43T%5BZLF%2345TZLB43T%5B%20E44%20%5BT343T%5B%20%234E%20%5B*DT34FLZT54F%20%5BT34FLZT54F%20Z%20%3DPop-Rock%3D160%3D1
1cf8bac2-d8bc-49f8-85b9-711cd4987dce,irealb://Kiss%20Of%20Life%3DSade%3D%3DMedium%20Swing%3DC%3D%3D1r34LbKcu7-%23C%207%7B*AT4X11-%23F%7CQyX9-%23FLZ9%5EA%2031%5EAZL7%5EA4yQ%7CD%5E%20ni*%7C-%23F%7CQ7%20G%5E7B%7CQyX7-BC*%7B%7DQy9X6A%7CQyX7%5EAZL11%23-11Xy-BZL7U%2C%20%207F%23-111%237%5EG%2011-BZL11%23-C%2096D%7C%7D%20%3Ex3%3C%20%201LZA%5E%7CQyX7%2CLZA6XyQ%5D%20%3DLatin-Brazil%3A%20Bossa%20Electric%3D116%3D4
1c114409-2f95-41ea-bf8f-5805698a9a61,irealb://Runaway%20Baby%3DMars%20Bruno%3D%3DMedium%20Swing%3DC%3D%3D1r34LbKcu7%5BB7XyQ%7CBbXyQ%7CEb-XyQ%7CAbXyQ%5D%20%3DJazz-Medium%20Swing%3D100%3D3
1c018e4b-aa74-4e00-9c0e-2a1696517ad1,irealb://I%20Say%20A%20Little%20Prayer=Hal%20David%20Burt%20Bacharach==Pop=E%2D=7=1r34LbKcu7%2A7m%2A%234sF%23%2A%7B%5D%20%20x%20ZL%20x%20ZL%20clKQyX%2ApmaV%20%2D%207m%2AASlF4Ti%2A%5BX%7C%7DQy%2Am7%2AXQyXD%7CQyX7%5EA44TQ%7CyXE42TZL%20lcKQy%7CC%237XB%7CQyXDl%7C%2C7%2ABD%2C%20%20%2044TZL%2A7m%2A%23Fs%2C%20%2A7m%2A%23C43TZL7EsG%2FA%2CA%5BY%20Qy43TZLZT34sl%7C%2C7A%2CA%2FG%20%2044TLZ%2A7m%2A%23Fs%20%2A7m%2A%23CD%20sE7L7E%20%2C%2ED%3Clc%2A%2C%20sF%23CZL11E%20Dl%7C%2C7AA%2C%2FG%20%2044TZL%2A7m%2A%237XyQK7m%2A%23CX7%5EA%7B%5DY%5B%2ACQyXE%2FDZL%20lcKQy%2AX7m%2AB%7CQyX%2A7m%2A%23FKcl%20%20%20%20%3E%2ESyQ%7C%3COn%20Cue%20Go%20to%20B%3E%20%20E11%2C%20%7D%20=Pop%2DRock=115=1
1ca2b19a-2f56-4c6d-90e3-4610a82dff93,irealb://Street%20Life=Crusaders==Medium%20Swing=F%2D=7=1r34LbKcu7etlovIntroortS%3CZL%20ZL%20ZL%20LZ%20ZL%20ZL%20ZL%20ZL%20%3Efa%202%20%3C44T%5B%20ZL%2DFDLZEbL%2DbBZL%2DF%3EtiR%3CZ%20LZL%20ZL%20ZL%20ZLEZLZC%2DLZZLbD%3ELbEZL%20LZ%20L%20ZL%20ZL%20ZL%20ZL7%2DZFL7%2DCZLbEZL%2DbBZLZBb%2DZL%20ZL%20ZL%20ZZF%2D7LZL%2A%2B7%2A%23FZLbDZLb%2DAZL%20ZL%20ZL%20ZL%20Z%20LZ%20LL7%2DCZ%3EtiR%3C%3CStro%20ZL%20ZL%20ZL%20ZL%2A%2B%2A7bAZLbEZL%2DbB%3EafLZ%20LZZL%20ZLZL%20ZLZ%20LZ%20L%20ZL%20ZL%20%3Eegdir%3CBZL%20ZL%20ZL%20ZL%20ZLZ%20LZ%20L%20ZL%20ZL%20ZLZELZELCZL%2DDZL%29E%28FZLZFL7BZL%2D%23CZL%29bE%28ZBsusL%20ZL%20L%20%3EtiZ%20LZ%20forts%20us%20lossaa%20fortS%3CZL%20ZL%20ZLa%20e%20rL%20ZL%20Z%20LZ%20LZ%20LZ%3CBridge%20e%20chiude%20%3E%20LZ%20LZ%20LZ%20%20Z%20=Jazz%2DMedium%20Swing=100=3
1c1ec545-8401-44b8-a773-0c1e70da10cc,irealb://Sweet%20Baby%20James=Taylor%20James==Folk%20Ballad=C=0=1r34LbKcu7%23FZL%204G%20%20DZL%20DSA%2A%5B%20QyX%5DQXy7A%7CQyX7%2DE%7C%2C%23F%2FA%20LZG3Ti%2A%5BGZL%207F%23%2D9XyX9%2D%23FZL%207%2D%23FZ%20LDZL%20GZL%207%2DB%7CQyQ%7C%7CB%2DZL%207%2DB%2A%5BZLLZF%23%2D%207AZL%207%2DEZL%207%2DZELAZLD%7CQyXGZL%207LZA7%20%20DZL%20DZLDZZALZD%2DBZLDZLAZLGZLGLZAZLDZLGZL7%2DBZL7LZGLLGZLGZLGZLLZE7LDZLAZLGZLDC%2A%5B%20Q%20yXQyX%5D%207AZL7AZ%20%7BB%2D77%2DBZL%3EeniF%7D%7CB%2D7S%2ED%3CZLDZLAZLGZ7LAZLsus7AZL7EZL%2E%20al%20%20DZLDD%20%5D%20=Jazz%2DBallad%20Swing=125=1
1c065d2f-1098-4745-ac7c-179c9007d5a3,irealb://Doin'%20The%20Thing%3DSilver%20Horace%3D%3DMedium%20Swing%3DC%3D%3D1r34LbKcu7KQyXb-XyQKL%20lcKQyX-GZL%20lKcQyX%2CC%2F7-DZL%20lcZG%2B%2FDG44T%7Bcl%20LZA-7b5XyQ%7CA-7b5%2C%20D7%239LZG-XyQ%7CA-7b5%2C%20D%2B%20%7D%20%3D%3D0%3D0
1c898458-2215-4070-81cd-dc9b4ebc344e,irealb://I%20Wish%20You%20Love%3DTrenet%20Charles%3D%3DMedium%20Swing%3DEb%3D%3D1r34LbKcu7-bE1N4Eb-%201b7bB%7CQyX7hFZL-6bE%207-bEZL7%5E-bE3XyQ%7C4Tv*%7B%207hC%7C7LZEbbE2N%7C%7DQyX9b7bBQ%7CyX7hFZL6-bE%207-%5E7XyQ%5E-bE%20G%207-G-7XyQ%207%5EbE%7CQyX7bB%7CQXy7-FA*%7B%5DQyX7bB%7CAb7LZFZL7F2NZL%20F-7XyX%7D%207C%207-GZL7bA7%20%5EbE1N%7CQyX7bB%7CQyQXyQZL7obC%207-GyQ%7CEb%206bEZL7bD%207-bAQ%7CyX7%5EbAB*%5B%5DQyX7Ab7LZX7-bB%7CQyX77XyQ%7CX7-FA*%5B%5D%207C%207b%7CBQyX7-FZL7F%207-CyQ%7CBb-FZL77C%207-Ab7LZA%206bEU%7CQyX7bB%7CyQX7-FZL7obG%207-Gb7LZG%207%5EbE%20Z%20%3DJazz-Medium%20Swing%3D100%3D2
1cca0c48-9387-449f-9a3f-547dff1c2579,irealb://It's%20A%20Sin%20To%20Tell%20A%20Lie%201%3DTradJazz%20ARR:%20B.Sharp%3D%3DMedium%20Swing%3DC%3D%3D1r34LbKcu7yX-DZ4CXyQ%7CQyX7E%7CQyXCZL%20clKQyXC%7CQyX5%237G%7CF%20A7L4TA*%7B%5B%5DQyXXyQKcX-DZL%20lcKQyX7DQ%7CyXC%7CQyXobEZL%20lyQ%7CG77G%7C%7CQXF%7CQyQ%7CG7%237A%20F%7CQyX7E%7CQyXZCL%20lcKQyXC%7CQyX5LZD-XyXCB**%3C%5BY%7DXyQ%7CC%20lcKQyXC%7CQyX7GQ%7CyX7D%7CQyX7A%7CQyX%3C3x%3E%20-F%7CQyUn%2CCf%3EFXyQ%7CQyX7G%7CQyX7D%7CQXy7A%7CQyXC%7CQyX-F%7CCXyQ%7CGAT46%20%20Z%20%3D%3D0%3D0
1c9465df-225e-43b8-b09b-d361a678a530,irealb://Bess%20You%20Is%20My%20Woman%3DGershwin%20George%3D%3DBallad%3DBb%3D%3D1r34LbKcu7A*%7BZLT44G-bDZL7bA%20D/bBZLb7E%207hEZLF/7-G%207%5E7%20F7%2Ci*%2C%5B-G%20%2C7XyQ%7CF6-bE%20%2C7%5EbEZL%2C7Dh%20%2CD/bB%7CQyX%2CC/7%2CLZG-%2C7%5EbBQyX%2C7ZEh7%2C%5B%5D%207F%20%2C7%5EbDZL%2Cb7A%20%2CD/bBZL%2C7bE%20*BBb%5EL%2CF/7%2C7GZL%2CXyQ%7CB%20%2C7-BZLQ%20%20%2CE/A7ZL%2CD/7-G%20%2CD/bB-7/A%2CC/7F%7C%2C7%5E%23F%5E7%2CXyC%20%2C7B%7CQyX%2C%23A/6F%23ZL%2C7%23C%20%2C7h%23G%7CQ%237%2CLZD%7CQyX/6-BZ%23-7%2C%20A%20%2C%23F/9DZL%2C7A%20A%2C/DlQ%5BY%7D%2C7F%2C7Cs7/E%2CLF%7CQyXhGpp%7C7/C%23%2CDZL%2C7hGpp%7CQyX%2C%5E7DZL%2C7bB%20%2C7-BZL6%2CXyQ%23F%20%2CDL%2C7-E6%2C%20D9ZL%2C%23F/9D%20%2C7%5EDZ%2CL7-E%20%2C9%5EGZL%2C%23F/G%5E9%2C%20DZL%2C7ZD%5E7%2CXyQ%7CA7%2CXyQ%7CD-7%2CXyQKcl%20%20Z%20%3DJazz-Ballad%20Swing%3D60%3D2
1cfc6122-14bd-4961-bcc0-e6272a6d6831,irealb://I%20Can't%20Give%20You%20Anything%20But%20Love%20-%20jsb%3DMcHugh%20Jimmy%3D%3DMedium%20Swing%3DBb%3D%3D1r34LbKcu7%207-DZ4Bb%20E%20bB%7CQyX7F%7CQyX7C-ZL7bD%207-DZL7%5EbEb%5E7L4TA*%5B7CZL%20C-7XyX7%5EbE%7CQyX7bB%7CQXy7-FB*%5B%5DQyX7F%7CQyQKclZL7bD%7CQyX7l%20LZCbD%207-DZL7%5EbE%20bAB*%5B%5DQyX7F%7CQyX7-7LZC-cKQyXQyX7o%7CF-7X7%5EbEC*%5B%5D%20%20lcKQXy7%5EbE%7CQyX7bB%7CQyXyQ%7CEQyX7F%7CBb/FXyQ%7CG7XyQ%7CC-7XyQ%7CF7XyQ%7CUBbXyQ%7CC-7%20F7%20Z%20%3DJazz-Medium%20Swing%3D100%3D3
1c48973d-9e6c-47b4-8be9-f65e42fa3bb7,irealb://My%20Little%20Suede%20Shoes%3DParker%20Charlie%3D%3DLatin%3DEb%3D%3D1r34LbKcu7C%207-G4F-7%20%207-F%7CQyXbEZL7b%20B7-F%7CQyXbEZL7bBBb7LZ4TA*%7B%7CQyXb7%20Bb7B%207-FZL7C%207-G%7CyQXbAB*%5B%7DQyXbEZLb7LZE-FZL77-F%7CQ%7CG-7%20L7bB%207-FA*%5B%5DQybXEZL7bB%207-FZL7CZEbXyQyXbA%20Bb7LZEbXyQ%7CF-7%20Bb7LZG-7%20C7LZF-7%20Bb7LZEbXyQZ%20%3DJazz-Latin%3D180%3D3
1c2c80df-9936-4fd7-8638-a6b1f35efe90,irealb://Amor%20Prohibido%3DQuintanilla%20Selena%3D%3DCumbia%3DG%3D%3D1r34LbKcu7%2C-B%2CC4p%2Cp%2CyXGlA*%5BY%20QyX%7D7%2CDCs%20CZL-B%20G%7B%207DQ%7CC%20s4Ti*%5BQyX-BD7LZG-E%7CQyX-AlS%7C%2C-BC%2Cs%20C%7CQyXG%7CZL7D%20XyQ%7C%7C%20-Al%7CLQyX%7C-%2CA-77D%2CCs%20CZL-B%20Gl*B%5BY%20%20QyXQyX%5D7D%2C%7CXyQrB%2CCs%7C.C.D%3C-LZC%20D%7CQyX-Al%7C%2C-B%2CC%20sC%7CQyXCl%7C%2C-B%2CCs%20D7%20%5DB%20GlZ%3E%20%3D%3D0%3D0
1ccee99a-bd4a-45a4-a304-38c7c6792399,irealb://Tormento%20De%20Amor%3DMorelo%20Marcela%3D%3DPop%20Ballad%3DE%3D%3D1r34LbKcu7-%23FZL4E%20E%5EEZLC/7h%23F%207h%23FQ%7CyX7%5EA%7CQyX-BZL7%20E/G%234Ti*%5BE%7CQyXB6XyQyX7%5EAZLE/hC%20-BQ%7CyX7%5EESA*%7B%20QyX%5DQ%7CC%5E7%7CQyX7KQyX%2CLZF%23-N%7CQyXQyXQyXQyX%20%7DhC%20susB1N%7CQyX72Bsus7-%23C%20.S.D%20%7B*BEXQyXE%7C%7D%20Q%20%20B%7CQy7X-%23F%7CQyX7-%23C%7CQy%5D%3C*18%5D%20%20lc%7CQyX7nd%20EnyXEQB*%5BQyXQyXQXyQyX%3EadoC%20la%20.dQ%7CC%23-2%20la%207-%23FZyQ%7CBXus%23C%7CQyX-%23G%7CQyCX%7CQyX%23C/AC*%5B%5DQys%20C%23LX7-%23F%3C%20%20B%7CXyQ%7CE%23F%7CQyX7-%23C%7CQyXBE*%7B%5DQyXsusB%7CQyX-7XyQB%7CQyX*184x%3E%20%7D%7CAXyQ%7CE%5E7XyQZ%20%3DPop-Rock%3D115%3D1
1c4689a3-87b7-4c25-a18e-598351ca1c5b,irealb://Ai%20Ru%20Chao%20Shui%20%E7%88%B1%E5%A6%82%E6%BD%AE%E6%B0%B4%3DSongs%20Chinese%3D%3DPop%20Ballad%3DE%3D7%3D1r34LbKcu7L%23G%2FEW%2FG%23Lb7-bB%20B%2F-%23CZLCb%2FA%20-%23CZLC%2F-A%20AZ5LZA%20%20Ei*%5B%20E%7C%2CB%20B7suL%23G%2FW%20ESv*%7B%5D%20E-%2FA%20EZLE%2F-A%20EZLsZA%2Cpp7-%23FZZL-%23FZA%2CppC%2C-%23Gs%20A1NZLB%2F%20W-%23CZL%23D%2FB%20E%7C%2CB%23-%2C%7ClL%23G%2FW%5B%5D%20Q%20%20%7D%5BN2B44T%7CQyXC42TZLuss7B%20-%23FZL-%23G%20A7sus%20sus7B%23G%7CQyQ%7CG%23-oS%20ratiuG%3CZL7EE%20ZLsusB%20-%23F%7CQyXlo%3EAXyXAC*%20%2CAZLF%23-%20BE%7C%2CBpp%2CAZL%23G%2FWE%20%5B%5DQyX-AZLQ%2Csus%20W%2FG%23%7CQyX-%20dn2%20LZlC%23.D%20%20QyX%3C%20AZL%23A%23%2FF%20B%2F-%23CZLC%2FW%20-S.%20al%2CC%2FbA7E%20EZG%23-LZ%20-%23F%7CQyX-%23G%7CQyAXC*%7B%5D%20susB%207h%23FBsusL%3E.dnEC%20EZLQ%7CG%23-%20-%23F%3EortuO%20roft%20aepeR%20dr3%3C%7CQyXBsus%2CyXAZL%2C%3C3x%3EsB7sus%7D%20%3DPop-Slow%20Rock%3D70%3D1
1cf4d195-3bc1-43d2-a6c6-eb257ea76840,irealb://Darn%20That%20Dream%3DVan-Heusen%20Jimmy%3D%3DBallad%3DG%3D0%3D1r34LbKcu77-C%2C%234G6%20sD%2F-E%2C-EsZL11%237%20B7-Al%7C%2C7bE%2C7-bB%2CA7%2FC4T%7BA*-A%2C7b7%20E7Ls1NZL7D%207-AZL7b-B%207-BZL7F%207-AZB-7%2CBhBl%7C%2CFZL7-%7DXyQXEl%5BB*%5D%2C7bB%2C7-F%20s6G2Nl%7CQyXQyXQyb%5E7%20C%2C7D%2C7(%20)hA7LZG-7-C%207%5EbEZL7bB%20-7Fl%7C%2C7B%2C7-%23Fs%207LZG-(bB%207-E%2C7-bG-)LZl%5BA*%5D%2C7D%2C7-A%2C7Eb%2C7-bBsZL7D%207-AG6%20sB(%20)7DF%207-AA-7%20B7hBl%7C%2C7-C%2C%23C%2F7%2CAD%2F-E%2C-EsZL11%237%20E7LZl%7C%2C7b7LZB-7%20Bb-7LZA-7%20D7LZG6%20sA-7%2CD7%2CZ%3DJazz-Ballad%20Melodic%3D45%3D8
1c03f32a-eb59-49b6-befa-fc929af9acd5,irealb://Ain't%20No%20Way%3DWalkupmusic.com%20Arr.%20of%20Aretha%20Franklin%3D%3DSoul%20Ballad%3DEb%3D%3D1r34LbKcu7DZLD/2Eb%5E7E%7B%7CQyX7%5EbA%7CQyX%5E7bE%7CQyX7%5EbA%7CQyXb%20G-71TA*%7B7C%206bLZF-77-G%20*%20.*bE%7C%2CbB-%2CF%20%2CbEZLsus7bB%20/DLZD7C%206byX-bA13%20F7A%7CQyX7bE%7CQyXbEBS*%5B%7DQyXsus7bBZLbXyQ%7CF2NZL%20bEZLDb6LZC*%5B%5D%207bE%20bEQZLuss7bB%207-F%7CQyX7CAb%20Bb%20bE%7CQC%20la%20Ab%20Bb%7CQyXFZL-C%2C7G%2CbZELbB%20bA%7CQyXbEZL%3CD.S.ZL7-Coda%3EBb7susXyQZ%7CEb%5E7XyQ%7CAb%5E7XyQ%7CEb%5E7XyQ%7CAb%5E7XyQ%7C%20%3D%3D0%3D0
1c69e319-a29a-4991-b8e4-40efbb76f694,irealb://Darn%20That%20Dream%3DVan-Heusen%20Jimmy%3D%3DBallad%3DG%3D%3D1r34LbKcu77-C%2C%234G6%20sD/-E%2C-EsZL11%237%20B7-Al%7C%2C7bE%2C7-bB%2CA7/C4TA*%7B%7C%2CC/W7%20E7L7-A1NZL7-bB%207-lB%7C%2C7F%2C7-Cs%207-AZ%20sD7%2ChBl%7C%2C%5B%5D%2C7Eb7%2CA-%206GZL7bA%207-Al2ZNL%20QyXQyX%7D%2C7D%2C7sF-7%2CB%2C7-B-Fl%7C%2C7%2CW/D%23Fs%207-Gl%7C%2CbA/W7%2CbBs%207-FZL7-Cl%2C-7%2CB7%5EbEB*-G%28F/7%2CE7%2C%23F/W%29hA%287-G%7C%2C7Ab%2C7-C%2CD/W%2C7%5EbE%7C%28D7%29WbBs%207%7C%2C7bElA-7%20s%206GlA*%5B%5D%2C7D%2C7A-%2C7bE%2C7-bBsZL7DBb-7%2C%7C%2ChE%29%2C7-CsB7%2311L7E%207hBl%7C%2C7-C%2CC%23/7A%2CD/-E%2C-EsZLZA-7%20%207-Al%2C7Ds%20B-7%20B%5B%5D%2C7bA%2C7-As%206GLZ7bA%207-AZLQ%2C7-bQlA-7l%7C%2C7FW/C%2C%7ClBh%20E7altLZA7alt%20Ab7LZU%3CFINE%3EG%5EXyQZ%20%3DJazz-Ballad%20Swing%3D85%3D3
1cc15aa2-4fc7-4c21-a7bb-5b2321f00207,irealb://Little%20Lamb-Rev%20JE%202%3DStyne%20Jule%3D%3DBallad%3DF%3D%3D1r34LbKcu7lZL9b4F%5E%20AZL%5EbG%207-GZL9b3b1A%2011%2331bEZL11-F%5E%20D74TA*%7B%2C7-Gs1%20C7LN%7C%2C7bG%2C5%237G%2C7-Ab%2ChAsZL6-bB%20hBZ1lF%5E%201%239bDA%207-AQXyQXB%20%5EbBlB*%5B%5D%2C7F%2C-7Cs%20%5EFl2N%7CQyXQyb13LZyX%7D9CZL31A1LZG-%7C%2C7B%2C7-C%2CA/7-D7%2C-A%7C%2CbB/W%2C7Cs%207%2ClEh%201%2331b11-A%20/CLZs%5B%5D%2C7C%2ChG%2011%2331Db%7C%2C7D%2C7-A%2C7E%2ChB*AlF%5EW%207-DhBZL73%2311%209bDlZL9b7D%20%5EFZ%5ELbG%207-GZL9b31bA%2311%20C1bEZL%2ChBs%20LZsAh%5D%2C9C%2C7-Gs%20%5EFl%7C7%2CbGQ%2C5%237G%2C7-bA%2C%5BQlF%5E6-bB%20Bb-6%2C%7ClAh%2C%20Ab7%2CLZG7%235%2C%20Gb7%2CLZU%3CFINE%3EF%5EXyQZ%20%3DJazz-Ballad%20Melodic%3D100%3D3
1c915bb4-eef1-413b-8c5d-93a8ac762a77,irealb://Maria-Rev%20JE%3DBernstein%20Leonard%3D%3DLatin-Swing%3DC%3D%3D1r34LbKcu7-B%20%5EG%5EXyQKD-E-%23F36*%3C%7CQyXG%5E%3EG-%23F36*%3CZL%20lc-C-D%3EC44T%5B/W%20%5EC%3C*60FC%3EE%20%2006*%3CZL9b7%20G7-D%3EC-D-C-D-E-%5EXyQ%5DYZL%2C7A-B-C64F%23-L%23G/7E%20%5EG%3EG-B3*6%3CYZL7D%207-A%3EA-GZ%3C*66*%3CZLB%3ED%20%206A-7%20W11%2331F%20h%23F%3EC-BG--A-B-C66*%3CZLG/LZ%3C*6%3EB-G-%3EG-B6Q%7CYF1tla7B%2011%2331F%3EBC--D66*%3C%5BQyX11%233LZ%3C*6yX7-B-C-F9Q%7C%3C*6yX6D%3ED-A66*%3CYZ9Lb7A%20hE%3EG-A-bB6Q%7C%3C*6yX6-EQyXQyhXyQ%7Cn%2C9b7Gn%2ChDsYZL%20Q%20%5EC%7CQyXsus9b7GZXyQXD%3EF-DXyQY%5BQlC%5EXyQ%7CsEb13%2Cn%20LZDb13%2Cn%20LZlC%5EXyQZ%20%3DJazz-Latin/Swing%3D120%3D7
1c8cf569-3995-462d-972a-4997f4ad1456,irealb://Isfahan%3DStrayhorn-Ellington%3D%3DMedium%20Swing%3DDb%3D%3D1r34LbKcu7X9b314Db%5E7X7%5EAZL%20lcKQyX9EbZL7bB%207%5EbB%7CQyXyQ%7CAb4TA*%5BX7-GZ%5E7XyQ%207hA%7CQyX7-FZL97bC%207hGB*%5B%5D%20%20lcKD7b9LbD%7CQybB%7CQy7XyQ%7CA*%5B%5D%207%5ED%207%5EbEZ7L%5EE%207%5EF%7CQyX9b7CDb%5E7XhG%7CQy%20lcKQ7LZEb7bD%7CQyX9b31bA%7CyQX7%5EAZL%20lcKQyX9%2311XybB%207%5EbA%7CQyGb%5E7XlZL%20n%2C7bBs%7CQyX11%237F%7CQyX9%237C%7CQyEb13XC*%5B%5D%20bA%7CQyyQ%7CDbQyX%5EbDlQ%5B%5D%2C%5ED%2Cb%5EE%2C%5EE%2C%5EFsZLQ%20%206%7CEb7XX9b317XyQ%7C%2CU%2CDb%5E%3CFINE%3EXyQZ%20%3D%3D0%3D0
1c955cb1-79db-45ec-be80-9971d1aafcc7,irealb://Lullaby%20of%20the%20Leaves-Rev%20JE%3DPetkere%20Bernice%3D%3DMedium%20Swing%3DC-%3D%3D1r34LbKcu7G%7CQyX4C-%20AbE/W%207-FZL7C%207G-ZL31b7G%207bAZL7LZDh74TA*%7B6-Fn%2CyQ%7CN1L%20QyXQyX%7Dn%2C7bD%2Cn7bA%7Cn%2C7An%2C7bBsZN2C-X31b7L7C%20E6%2Cn%20C7-D%206CZL%20lcKQy%29X7-F%287bAlB*%5B%5D%2C7LZC6/-C%7Cn%2C7A%20-CF-7%29X31b7Gn%2C7bA%7Cn%2C7Ebn%2C7-EsZL%20lcKQy%2Cn%5D%5Bl%287bAZA*%5B%5DQ%20G7b17G%7CQyX7hDZLbE/%20W7-FZL7C%207-GZL3b13Xy7bAZLsC-6%2CnEb7%2Cn%7CAb7%2CnDb7%2Cn%5D%20%3DJazz-Swing%20Two/Four%3D130%3D5
1c091f58-7a08-4b1a-9693-c18f586096fa,irealb://C%2DJam%20Blues=Ellington%20Duke==Medium%20Swing=C==1r34LbKcu77%2DDZL7XyQKyX7CZL%20lcKQyX7ZFL%20x%20ZL%20x%20ZL%20lcQKcl%20C44T%5BXyQ%7CG7XyQ%7CC7XyQKcl%20%20Z%20==100=30
1c50ef54-6d05-4a45-8fdd-12412d5a384d,irealb://As%20We%20Speak%3DDavid%20Sanborn-Michael%20Sambello%3D%3DBossa%20Nova%3DG%3D7%3D1r34LbKcu796*%3C%2044%3C*7NZL%5EbBZLB%2F2GZL%2FC2bA%3E811%20mpb%20%2041A-7%2CTi*%7BYyX15*%3EB-7%2C%3E%E2%99%AA%E0%B8%AF%20%E2%99%AA%E0%B8%AF%20%20QyXQyX69*%3C2N%7D%20%3E%EF%B8%B6%20%2015*%3CA-7%20%3C%E2%99%AA%E0%B8%AF%20%E2%99%AA%E0%B8%AF-BZL9Z%3C*71%7CQyXsus9DSA*%7BY%20%5D%205b7bB%3E%E2%97%87QyXQyXC-7%20FL%3E%EF%B8%B6%20QL9b31E9sus%7CQyX7-GZL9D%20su9sD%7CQyX7-A%7C%7D%209E%20C13%20A%7CQyX7Y%20QyXyQ%7CN16B2N%7D%20%3E%EF%B8%B6%20%2015*%3C%2FA%23F%3E%E2%99%AA%E0%B8%AF%20%E2%99%AA%E0%B8%AF96*%3Cpp9XyQ%5DX96BZyX%7CQy7XyQ%7C%7CQyX9%5EGZLQyX%7CryQXZL5%239%237%23F%20h%23CF%23-7X-BB*%5BL7-B%3EQLZE-%2017*%3CC*%7BQyX%3E%E2%97%87QXy86*%3Csus9A%7CQyX7%20soloyX%7CrQ%5BY%5D%2C7633x%3EQyX15*%3C%2C9Es%3E%E2%99%AA%E0%B8%AF%E0%B8%AF%E2%99%AAQyX96*%3CZL7-B%7D%20%20%EF%B8%B6%3EB-*%3C9EZ%3E%E2%99%ABQyXinter%E2%99%A9%2027*%3C43TZL%20B%2FG2ZL%20C%2F2bAl%3Eedul.XyQ%E2%99%AA%2047*%3CD%20%3CZL54%20%EF%B8%B6%3E45*%3C%207-A%3E%E2%99%AA%E0%B8%AF%20%E2%99%AA%E0%B8%AF%2F%20%20%20%2F%2027*%3C44TZL%20XyQ%EF%B8%B6%3E*%3C%5EbB%5BYQyXl%203rdXQyX%5DQyX96B3N%7C%5DY%207E%205%237E%3E.dnE%20yQXyQa%20.S.36*%3C%20XyQ%7CC%7CQyX9%5EG%7B%5D%20QyX%7CQryXZL5%239%237%23F%20h%23F%23-7%207-BB*QyX7-E-7Xys%20%2017*%3CC*%7B%5DQyX%E2%97%87%3EQyX86*%3Csus9A%7CQolo%3EB%7D%20%3Ex4%7CE9XyQ%7CXyQr%7C%3CXyQ%20%20vamp%20out%3EXyQ%3C*638x%3E%20%7D%20%3DLatin-Brazil%3A%20Bossa%20Electric%3D118%3D1
1ce7f2e6-0a45-46c6-a214-713145f757b6,irealb://Frosty%20The%20Snowman%20(Jazz)%3DRollins-Nelson%3D%3DJazz%3DC%3D%3D1r34LbKcu7%2C7B%2C74C%5E7X6FZL7C%207%5ECZL7oF%23%206FZL7C%207%5EC%7CQy%20sF%23-4TA*%7B7%5EClA%20A7LZ1%239bD(9bD%2C%5EbA%2Cb7E%2C7-EsZL7G%207-D1)%5D%5B*7-El%7CL7A%207%5E7%20C77B%2C7-%23Fs%206FZL7%20C7%5ECZL7o%23F%206FZL%2C%7ClE-C%7CQyX9b7A%20sG7%2CG7-F%207h%23FlB*%5B%5D%2CC7s%20%206Cl%7C)9b7G(7LZE-7%207-DZ%20sus7%20G7%2CL%207-AZL9b7E%207-BQ%7CyX7%5EGZL6C%207%5ECZD9LZG7-DZL%2C7-%23F%2C*A%2CCL7C%207%5ECZL7o%23F%20F6ZL7C%207%5EC%7CQyX7%5EZF6%20s%5B%5D%207GL7-D%20E-7%20A*%2C%5B%7DQyX6Cl%7C)9bG7(7G%2C7Gs%207-DZL7C%2CC%5E7l%7C%2C7B7G%2C7GD-7LZZL%20x%20ZL7G%207-DZ7LG%207-DZL9b7A%206CD-7%20s%207-EZ(G7b9)%7ClC6%20sD-7%2CG7Z%20%3DJazz-Medium%20Swing%3D125%3D3
1c8f6847-d455-44a7-83ff-00a6f0d50aad,irealb://Speak%20Low%3DWeill%20Kurt%3D%3DMedium%20Swing%3DF%3D%3D1r34LbKcu7hAZL74G-7XZL7C%207-G%7CQyX7CQ%7CyX7-G%7CQyX7C%7CQyG-7%20C4T%7BA*ZL7G%20D7XyQyX7bE%7CQyX7-bBZQL%20%207bE%7CQyX7-bB%7CQ%7CD-7%7CQyX7F%5BB*%5D7LZN1QyX6F2NZL%20QyXQXy%7D%207D%207-A%7CQyX6FKcl%20%20C%207-G%20la%20.Kcl%20L%207bDZL%20lcKQyX7b%5EEZL%20lcKQyX7bDZ%20%3CD.CQyX7-U%7CQyXLZC7XX7-G%7CQyX7D%7CQyXh7AZLQ%20QyXQyX%5DQyyQ%7CC7%3EADOCF6XyQ%7CA-7%20D7%20Z%3D%3D0%3D0
1c59860c-d750-4fd8-99ce-447e8c103068,irealb://All%20My%20Tears%3DIglesia%3D%3DPop%3DC-%3D%3D1r34LbKcu7TZLA%204B-XyL-B%3EX496*%3CA*%7B%7DyQXx%7CQyXx%7CQyXx%7CQZxLZD4Ti*%7B42TZLT44B-QyXx%7CQyX-BZLA%20%7CDQyXDB*%7B%7D%20%20xZL%20%7C%7CD%20AZLA42%2CA%2CDZ4B-%20LBi*%7B%20QyX%3E%20A%20otk%20caB%20%2063*%3C%7D%20%20xZ-LZxL4TZLAA%20DZLLZT44%3EX4%20tfoS96*%3CA*Z%7BLxZL-B%5B%7D%20xZL-BB-LZxA42T%7CQyXx%7CALZT4ZLA%20D%7CQyXD%3EX49*6%3CB*%7B%7D%20%20xZL%20-B4B-XyQ42TZLDZL%20xLZT2444TZLA42TZLA%20D%7D%7C%20%20xZL%20-B44TZLAB-%20LZA%20D%7C%7C%20fALZfB-XyQZ%20%3DPop-Rock%3D115%3D1
1c0f8f30-df91-478d-a94d-28379752e2f6,irealb://All%20Of%20Me%20%28Ruth%20Etting%201931%29%20w%2DVERSE=Gerald%20Marks%2DSeymour%20Simons==Swing=F==1r34LbKcu7%20FZL%204GoXyX7CZLobE%20Fv%2A%5BY%20%20QyXQyX%5DQyX7C%7CQyQKcl4Ti%2A%5B7%2DD%7CQ%2D7%20C7ZL%2DF%20FZL7C%20%2C7%2DlG%7C%2C7%2DG%2CobAs%20FZLA%2D7XyGZL7DX7C%7CQC7%20G%2DZL%2C7Dl%20p%7C%2C7%2DG%2CboAs%20F%7CZL%2DbB%20pZLBb7XyZL7G%207%2DDZL%5B%2AAFLB%2A%5BY%5D%20xZL7%2DGZLZxL7DZLxZL7AZLxZA7LZxYY%5DQyZL7%2DGG7LZx7DZLxZL7AZLxZLAF%2A%5BY%5D%207CZL7%2DGZLLZxLZZLxZLx%20%5DY%5B%2ACBb%5ELZBb%2DLZFLZD7LZG%2D7LZBb%2DLZF%2CULZsG%2D7%2CC7%5D%20=Jazz%2DSlow%20Swing=100=2
1cc8bb3f-2682-453d-897c-e946cc59669d,irealb://Amanhecendo%3DMenescal%20Roberto%3D%3DBossa%20Nova%3DC%3D%3D1r34LbKcu7%5ED%7CQy7XyQ%7BQyX7%5ED%7CQyX9bE%7CyQX7%5ED%7CQyX7-A44T%7CA-7X%5EDi*%7CQyX9BEb9Xy7-%23FZL9C%207-G%7CQXy7h%23GZL9D%207-A%7CQXyQ%5D%7C%7CQyX7X7-A%7ByQ%7CxXD2N%7C%7DQyX7%5ED1N%7CyQX31A%7CQyX6-G%7CQy%5E7XyQX31E%7CyQ%5D%7CD%5E7XyQ%7D%7C%20%3DJazz-Bossa%20Nova%3D155%3D3
1c214577-32e0-415b-b608-20d707af07d7,irealb://Takie%20Ladne%20Oczy%201%3DCzerwone%20gitary%3D%3DPop%3DD%3D%3D1r34LbKcu7%7CQyX*%20%5BT44**D%20**G%7CQyX**DLZ**D%20**G%7CQyX**D%20%5D%7BD*ZLpZLXDZL7A7%20DLE%5D%20D%207AZLD%207AZDL%20G%7CQyXDZLD%207AZ*m*%20AZLD%20G%7D%20%2C7Am*%20A7A%20*m*EZL*m*B%20DLZ7A%20*m*E%7CQyXDZL7LZD%20*E%7CQy%5BD%2CLZG%20D%2CLZD%20%5D%7CG%2C%20D%2C%20%5DD%2CLZG%20D%2C%20%5D%7CD%2CLZG%20D%2C%20%5D%20%3DPop-Rock%3D95%3D1
1c9a3e12-6f7f-4c0d-ad98-bbddb25b2fab,irealb://Angel%20Eyes%20-%20Arr.%20Shu%3DDennis%20Matt%3D%3DBallad%3DC-%3D%3D1r34LbKcu7X-C%7CQ4C-XyQyX-CA*%7B%7CQyX7-%7CCQyX7-C%7CQyX-C%7CQ%7CC-Xy4Ti*%5B%5B%7D%297G7%20G7b%28%20%20-CZL9b7G%207b%7CAQyX-C%7CQyX-CZL9Dh%29%20%28hD%7CQy7%5EGZL7%20Eb7A%7CQyX7%5EbAZL7bE7%20-bBZL7F%207%5EbAZL-7%20D7-bBB*7G%207hC%23-7%20-C%7CQyX-C%7CQyX-C*A%5B%5D%207G%207-DZL7%23FXyQ%7CDZL%5EC%20b9LZC-XyQ%7CC-XyQ%7CAb7%20G7b9LZC-%20%20%28Dh%29%20%28G7%29Z%20%3DJazz-Ballad%20Swing%3D60%3D2
1cb1531b-1d43-41ab-ac92-61fd86e0ad29,irealb://Pilotwings%20-%20Light%20Plane%3DOka%20Soyo%3D%3DFunk%3DC-%3D3%3D1r34LbKcu7L7-D%207%20D-7%5B%5D%20C%2FF%207-CZL7-%20D7-CZLC%2FF%207-CZL*AC-7-Ci*%5BZLbB%2FF%2FCLZbBZL7-C%207-bBZL%2FCF%207-CZL7-D%207-C-7%20Eb%207-CZE%2C-CsC-7LZLbA%2F5b7-F%205b7-BA*%5B%5D%20bB%2FbE%207-bBZG-7%20%207-bBEl%7C%2CF%7ClA-77Gs%209b7DZL%2C-C%20-7GZLbA%2F5b7-F%205b%2CEb%2B%2FbB%2F7b5b7-A%2FEbLZl%2CbA%2CG%2F6bEsZL97bD%207-CZL7-G%207-DBb7%20%5B7F%207--Cs%2075%2FAbLA%2F5b7-F%205b7-Alb%7CB%2F7bE%2C-Cs%207-GZbLZG-b7-F%20KQyXDBb%2C%7ClobE%207-El%7C%2CF%2F5b-7D%2C7%5E-Fs%205b7-%23F7LZC%2F%2F7bE%2Ccl%20LZBsus%20B%20Z%20%3DPop-Rock%3D132%3D4
1ccafeda-f44c-4e5e-b4d7-3f8387bdaabd,irealb://Mon%20plus%20cher%20d%C3%A9sir%3DMorgan%20Reuben%3D%3DWorship%3DG%3D%3D1r34LbKcu7%5B%7D%20D%204GXyQ2F%7CQyXG%7CQyX-E%7CyQXDZLG%20C%7CQyX-E%7CXyQ%7CC4TA*%7BX%5EC%7BZQ%7CDXyQyX7-A%7CQyXD%7CQyGXZLD%20C%7CQyX7-A%7CQ%7CC%20DLyXGB*yQ%7CD/CXyQ%7CCXyQ%7CDXyQ%7D%20%3D%3D0%3D0
1cf256ee-5b96-44b1-93c4-b92819731807,irealb://Autumn%20Leaves%20%28g%20min%29%3DKosma%20Joseph%3D%3DMedium%20Swing%3DE-%3D10%3D1r34LbKcu77-E%7CQ4A-7XQyX7h%23F%7CQyX7%5ECQ%7CyX7%5EG%7CQyX7D%7CQy%7CB7Xy4TA*%7BQyX7Dl%20%20%7D%5B-A%7CZL%20lcKQyX7-%7CEQyXx%7CQyX7B%2CB*%2C7XyQ%7CcKQyX7h%23F%7CyQKclE%7CQyX7-E%7CQyX7BQ%7CyX7h%23F%2CC*%2C%5B%5D%20%20-7XyQX7%5EG%7CXyQ%7CB7XyQ%7CE-7XyQ%7CE7%2CXyQZ%20%3DJazz-Medium%20Swing%3D140%3D3
1c28733d-0690-49ec-9fb5-6e1f96d27702,irealb://Material%20Girl%20-%20Capo%203%3DComposer%20Unknown%3D%3DMedium%20Swing%3DC%3D%3D1r34LbKcu7%2CD%20CZyQ%7CGXDZL%2CD%20CB*%5B%7D%20%3Ex643*%3C%20%20G%7CQyXF%7CQy%20E-%2CLXGA*%7BLZGXyQ%5D%20%3D%3D0%3D0
1cc82a59-6d77-40aa-b30d-751620b48baa,irealb://What%20A%20Feeling%20CAPO%201%3DComposer%20Unknown%3D%3DMedium%20Swing%3DA%3D%3D1r34LbKcu7%2CEZL%2C4%3C*57%20QyXQyX%7C%5D%20%2C-%23FLZ%2C-BZL%2CEZL%2CA%3E%20%20%20%7B*AA4Ti*%5BZL%2CG2LZF%23-*4*EZL%2CG%3E.3.16*6%3C0NZL%2CAZL%2CDZL%2C%2CE%2C%7DN%2C-BZLZL%2CE%20%2CLZE%2CE%20%2C-%23FB*%7B%20QyXQXy%3EelcuoB63*%3C%20%7D%20%2CLZD%2CEZL%2CGoS72*XyQLZ%7DQyX%2CE%7CQyX%2CEZLD%2C%20%2C%23C%2FAZL%2C-B%20%2CAY%7C*A%3C%7CQyXrlo%3E%20LZ%20LZXyQXyQXyQXyQ*B%20%3DJazz-Medium%20Swing%3D100%3D3
1cc2a668-1233-431b-963a-7fe35c9f5445,irealb://God's%20Great%20Dance%20Floor%20%3DTomlin%20Chris%3D%3Ddisco%3DG%3D%3D1r34LbKcu7gnivo44%3C*7s%20reven%20ll'uoY%20%2047*%3Cv*%2CB%2FG%3E%2F%200top%20lTi*%7BYimoc%20..%3E%20C47*%3Cv*%5BYY%7DQyXDLZD%207%5EG%7CQyX9CZL9%20%20I'm.%20su%209C%20B%2Fck%20to%20em%20dnuof%20uoY%20reehw%20trats%20eht%20...%3EGab%20gn*%3C%7CY%7CyQ%7CG%5ELD%207%5EG%7CQyX9CZLC9%20B%2FG%7CQyXDZLD%207ZDXyQX9CZLEZL7-ake%20m%3E...%20gnirb%20nacI%20%20lla%20si%20siht%20eA-7%20ET%20%2047-7XyQ%7CGXyQ%7CCXyQ%5D%20%3D%3D0%3D0
1c644ce0-9809-440f-8e40-211cec3afa3e,irealb://Before%20I%20Let%20Go%3DBeverly%20Frankie%3D%3DBlues%20Funky%3DB-%3D%3D1r34LbKcu7QyX1124nLZLn42TZLpp%2C11EZpLp%2C11E%3E%2007*%3C43TZT34ETi*%5BYW%2CbD%2FF%2311%20l%3E%2007*%3C44T%7B%20QyQXyXQyX%5D%20n42TZLnB-7%2CW44T%7C%7CCs%2CD%2F%23-7%2C%7CW%2C7-Bl%7C%7D%20%3Ex303%3C*%20%2CbG%2FW%2CE%2F7-%23Cl%2FDb%2CWCs%2CD%2F%2CD%2FW%2ClC%23-77-Bl%3EesreV%2007*A%3C*%7BY%5D%20n%2CbG%2FW%2CE%2F%2CW%2FDb%7C%2C7-%23bD%2FW%2C%2C%7ClC%23%7D%20%3Ex333*%3CQyX%7CryQXZL%20%2CbG%2FW%2CE%2F7-%7ClB-77-%23CsFl%7C%2C7sC%23-7D%2FW%2CbD%2FW%2C7-BlZ%20LbG%2FW%2CE%2F7-%23Cl%7C%2C%2CsC%23-%2CD%2FW%2CBZL%20l%20%7DY%5B*%23C%2F2AZL%20lcKQyX%5E7D%3EegdirB%2007*%3CBXyQKcn%20%2C9%23%2F7-%23Fcl%20LZ%2F7-%23FZL%20lcKQyX%2FE7-%23F%3EsbatS75*%3CEXyQ%7CKQyX7%7D%20QyX%20%5DXyQ%7CQyX%2C7-%23C%7C%2C7-%23sC%20%207-BlA*%7B%20%20QyXXyQr%7C7%23F%20E%7C%7D%20%3Ex62%20%20G%20%207-%23C%7C%2C7-%23Cs%207%20-Bl%3EoloS%20ratiu%3C*363*%3CA*%7BpmaV%20%20sC%23-%7B%5D%20n%209%23Fl%3EoloSd%20nE%20%20QyX06*%3C%7C%2C7%3C*62%20%207-Bl%23Cs%20%20lB-7%20euC%20nO%20%2086*%3C%7C%7DyQX%2C7-%23C%7C%2C7-%23Cs%20%3ElB-7%3Etuo%20-7%2C%7ClF%239%20n%20Z%20%3DBlues-Funky%3D102%3D1
1c6b2aeb-24df-4fc0-a017-e224e99ed92a,irealb://Beliscando%3DPaulinho%20da%20Viola%3D%3DBossa%20Nova%3DD-%3D%3D1r34LbKcu7EpZL-44%3C*7ZL-DZL7As%3EACCABBAA%20:mroF%20%20QyX2D9LZGTSA*%7BZL7AZ-/F%2CDC/7FZL-DZL7AZLC%23/7AZLB/9b7E%7C%2C-LZBbLD%7C%2C7hZLFB*7b9/G2NZL%20QyXQyXQyXyQX%7D%20-D1N%7C%2C7AQ%2C%23D-%20%5D%7BEZL-DG/7C%2CZF%2CDb/7E%2CC/-A%7C%2C7hB%2CD-ZL7AZL-G%7C%2CbA/7B%2C%7CA-L6-bB1N%7C%2C7Bb-6L%7C%2C7-D%2CFZL6-bBZDL/bB%7C%2CbE/7F%2C7FZG-7%2CCZLF%7C%2C%20QyXQQXyQXQyX%5D%20F%3EadoC%20la.%20S.D%3C2NZL%20QyXQyXyQXyyX%7D%20F9E%7C%2C7%20%5D%7B*CZL7%23FZL-E%7C%2CoFp%2C%7CD%2C%23F/D%7C%2CE/7A%2CDB-%2CB--DQZL%7C%2C7B%2CZD%2CA77G%7C%2C7D%2CD%7C%2C7A%2C7E-ZLbEZL7bBZLD%7C%2CLZF%237L7AZL%20D%7C%2C37%2C%7CN1B%7C%2C7B%2CD2NZL%20%7D%20%7CD%2C31A%2C6-G%7C%2C7B%2CDb7%2CA1A%2C7-EZL%23C/7LZD-/9b7E%7C%2C-D%2CF/-D%2C%7C7hEpZL-GZL9DZLBLZA7AA*%5B%5DA7LZD-LZF7/CLZBbLZA7LZD-LZE7b9%2CA7%2C%7CD-%2CU%20Z%20%3DJazz-Bossa%20Nova%3D80%3D3
1cdb591d-a042-4bf0-90ac-12f54d010976,irealb://Super%20Smash%20Bros%20Melee%20Menu%201%3DAndo%20Hirokazu%3D%3DSon%20Cubano%3DB-%3D2%3D1r34LbKcu7yX9%5EC2B-Xy%2FE%7CQyX-B%7CQyXB%2F%7CAQyX-B%7CQyXB%2FE%7CQBXyQ%7C2TA*%5BcKQyXLZB-XyXE%7CQyX-B%7CQyX-F%23%7CQyX-B%7CQyXE%7CQyQ%7CC%5E9%20lcKQ-G%7CQy*BG%5E9yX7-GZLQyX%7CrQy%7CXQyXB%2F96A%7CQyXA%2FQ%7CA-X%5B%5D%20%20l6F%7CQyC%2FDXyZLQyX%7CrQyX%7CQyX%2FB96A%7CQyXA%2F9%5EG%7CQEb%5E7X%7CQyX9XyQ%7CB-%2FDXyQ%7CC%5E9%2311%2FF%23XyQZ%20%3DLatin-Cuba%3A%20Cha%20Cha%20Cha%3D150%3D3
1cc3ff49-2e10-496e-a432-541b6621292b,irealb://Bennie%20And%20The%20Jets%3DJohn%20Elton%3D%3DPop%3DG%3D%3D1r34LbKcu7Lh%23G%2044G%5E7%207-AA*%5BYY%7D%20%20lcQKyX7%5EFZL%20lcKQyXD7LZGTi*%7BY-A%7CQyD7LZE*%5BYY%20%20QyXQyX%5DQXyCZL-B%20-A%7C%7CQyX-BG%5E7X%207-AZX7%5EG%2CXyQ%7CGY%5D%207C%20C%7CQyX-EZDL%20C%7CQyX-A%7CQyX7%5EY%7B%2C*CC%7CQyXyQKcl%20LZF%5E7XyQKcl%20%20%7D%20%3DPop-Rock%3D115%3D1
1c3faee7-c6f2-4829-b1e6-7aa250807d55,irealb://I%20Guess%20That's%20Why%20They%20Call%20It%20The%20Blues%3DJohn%20Elton%3D%3DMedium%20Rock%20Ballad%3DC%3D%3D1r34LbKcu7X%2CGZL4C%2C%20GyX%2CCZL%2CF%20%2C-E%7CQXy%2CGSA*%5DQyX%2CFZL%2CQKcl%204Ti*%5BQyX%2CC%2C%20F%2CLG%20%2C-E%7CQyX%2C7B%7CQXy%2CG%5D%20%20lcKQyX%2CCZ/D%2CLZ-B%7CQy%5B%5D%20%2CFQ%7CA-%2C%2CG%20%2CCZL%2CFZL%2CG%20C%2CB*%5D%20xZL%2CGZL%2CF%20%20%5BT24yX%2CG%7CCZLG%20GLZG%20%2CQ%2CG%20F1NZL7D44%5DT%20F42T%5D%20F%20CZL-A%20%7DN2F%20C44TCU%7D%20G%3CD.S.E%20-AZLG%20C%3Ex3%3CQY%7BZQyXF%3EadoC%20la%20-LZF%20ZL-E%20XyQZ%20%3DPop-Rock%2012/8%3D75%3D1
1c254a60-9f55-4cdd-a0b6-3db56d639934,"irealb://Candle%20In%20The%20Wind=John-Taupin==Rock=G==1r34LbKcu7xZLGZT44sGZLxZLG%7CZLxZLCZxLZLGZLxZLCZLxZLCLZxL,A*,[xZL-Ex%20][,CZLxZLD%7C,G,CZLZGLCZLGZLxZLD,B*LZxLZZLCZLxZLG,CLZC%20yXQyX}7D,DZLG%7C-,A,G%20CZLG%7C,-A,GQ{,*AZLDZLLxZLDxLZGLZLGZLCZLGZLxZL,DB*,[}%20xZLCZLxZC,G,%7CZLCZL-EZLxLZE-L*,ZLxZLG%7C,-A,GC%20ZLCZLD,C*,[%20xZD,CLZxZLCZLZxLZDLZxLZCLZxLZC%20G,A-,%7CUG%20Z%20=Pop-Rock=115=1"
1c31484c-a42a-47b9-9fb6-14e60cc720a4,irealb://Beyond%20The%20Sea%20(La%20Mer)%3DTrenet%20Charles%3D%3DMedium%20Swing%3DC%3D0%3D1r34LbKcu7%20CZLQ44%3C*7yXZL7G%20F%2F7-DZL-7A%20C%3E421%20mpb%20%204Qr%7CXyTA*%7BYG%2F-EsZsA-%2Cl%2C%7CYZLE%2F7A%20FZL-7A%20E%2FCl%7C%2CF%2FW%2CGpD-%2Cp%2CLB%2F7E7G%207-%23%2C%7ClA%20QyXQyX%7D%20F%2F7G%20G6%7CQyX7D1NZL%5EF%20-LZN2DG%2F7E%2CsZL%23D7%20%5DY%5BLQyX%7CrQyXZL7B%20%2FA7-%23FZL7-%23C%20EB*ZE%20W%2FB%20CZLZLF%2FWpE7%2FByX%7CrQyXZL7D%20C%2F-7AZL7-E%20Gl%7C%2C7D%2CQLZG%20%2C7-%23C%2F7E%20CD-7%2CG%7CrQyXZL7G%20F%2F7-ZDL7-A%20ClA*%5BY%5D%2C7XyQLZp%2C-Es%7C%2C%23G%2F-%2CpG%2C-Ep%2C-DsZLE%2F7A%20ZFL7-A%20E%2FCl%7C%2CF%2FW%2FG%2CE7AsZLBlA-%20F%5ELZD-7%20G7LZC%20G7%2C%20Z%20%3DJazz-Medium%20Swing%3D124%3D1
1c3b0604-3b14-4028-a53e-eade63ce6394,irealb://Bird%20of%20paradise%3Dparker%20charly%3D%3DMedium%20Swing%3DEb%3D%3D1r34LbKcu7ZL7G%20-7XyQyX7%5EbD%7CQyX7%5EbAQ%7CyX7bE%7CQyX7-bB%7CQ%7CD-7F44T%5BQyX7%5EQ%7CC%5E7X7%5EbE%7CQyX7bB%7CQXy7-F%7CQyX7-C%7CQyXyQ%7CAbyX7%5EC7%5EG%7CQD9%235L%7CQyX5%237D%7CQyX7h%7CAQyX7%5EG%7CQyX7%5EGZG%5E7Xy%207hA%7C%7CQyX7bh7XyyX7-F%7CQyX9b7C%7CyQX7%5EE%7CQyX9b7B%7CQQ%7CBb-G%7CQyX7-bB%7CQ%7CAb%5EoB%7CQyX7-C%7CQyX6b-D%7CQyX7%5EbD%7CQyX77XyQ%7CyX7bEXyQ%7CEb7XyQ%7CAb%5E7XyQ%7CGh7%20C7b9%20%7D%20%3D%3D0%3D0
1c1d0fd2-897a-4ca6-b422-6e3edb668244,irealb://Jimmy%20Jazz%3DClash%3D%3DRock%3DC%3D%3D1r34LbKcu7%5BT44AXyQ%7CD%5E7XyQ%7CF%23-XyQ%7CDXyQ%7CAXyQ%7CEXyQ%7CA%20DLZA%20E%20Z%20%3D%3D0%3D0
1cf523a0-0a01-42ef-aa09-0c5b939c62a1,irealb://September%20In%20The%20Rain%3DWarren%20Harry%3D%3DMedium%20Swing%3DEb%3D%3D1r34LbKcu7bB%207-4Eb%5E77bDZL%20lcKQyX7%5EAbZL7bE%207-bB%7CQyXXyQ%7CF4T%7BA*bB%5BB*Eb6%20CKQyX6bE2NZL%20QyQXyX%7D%207bB%207-FZL7cl%20%20%5D1NZL77-FZL7LZBbCZL7F%207-CZL%20lcQKyX7%5EbAZL7bE%207--7%20F7bE%207-yX7bDb7XyQKQyX7%5EbAZL7bE%20-7bB%7CQyX7%5EbE%5BA*%5Dcl%20LZB%7CQyXQ%7CF-7%20Bb7LZEb6%20C7LZF-7%20Bb7%20Z%3D%3D0%3D0
1c7dd335-0a92-470a-90a6-a54a80d66c53,irealb://Blue%20Moon%20(Billy%20Holiday)%3DRichard%20Rodgers-Lorenz%20Hart%20(Billy%20Holiday)%3D%3DMedium%20Swing%3DAb%3D8%3D1r34LbKcu7ppp%7CQ44%3C*7B%7CQyXB%2F7%5EobA%7CQXy7-C%3E021%20mpb%20%204b-7XyTi*%5BY%3CZL7b%5DY%7B*AZL%2C7F%206bAZL7bE7%20-bBZL9b7F%206bAlBb7%20E%2C7bEsZL%3E%EF%B8%B6Q.XyQ%20%3C%2C9F%20%3E%EF%B8%B6QyX45*%3Cb9G%3E%E2%99%AA%20QyX.%E2%99%A9%20QyX%E2%99%AA*54Xy%E2%99%A9%2027*ZL7F%20%E2%99%A9.XyQZL7bE%20%3E%EF%B8%B6QyX45*9%3CE%3E%2F%20QyX%2F%20QyX%E2%99%AA%20N1Ab6%2027*%3C7-bBBEb13b%2C6bA%20%2C7bE%7CQyX6Ab2NZL%20QyXQyX%7D%209%20%5DY%5B*%207-bB9bB%7CQZAb%5E%20L7bG%207-bD%7CQyX%5EAbZL7bE%207-bBZL7FZB%5EXyL7bE%20ZL%2C7Fb7LZEL7bE%207-bBZL9b7%20F6bAA*%5BY%5DQyX%2C9bZAb6%20B%20sus%2C9F%20%3Eb7%2CLZ5*%3C9bG%3E%E2%99%AA%20QyX.%E2%99%A9Q%20yX%E2%99%AA%20QyX.%E2%99%A9%2027*%3C4XyQ%EF%B8%B6E%207bBLQ%2C7byQ%EF%B8%B6%3ELyX45*%3C9E%3E%2F%20%20%2F%20yQX%E2%99%AA%20QyX.%E2%99%A9%2027*%3CZQ%EF%B8%B6%3E%20EX45*%3C%20QyXQEb%2C%20E%2C9%237bE%2Csus9bEpb%2CE%2F7oBsZL%2Csus9b%5DYYXy%2F7oBZ%2C7-bBb6%2CXyX.%E2%99%A9%20QyX%2F%20%20QyX%2F9%206*%3CZL9F%20%2C9bG%7CQyQ%20%E2%99%AA%3EAlQZLQyXQy1XyQ%EF%B8%B6n%209b7bE%3E%E2%94%81QyXQy%E2%99%A9X%20%20QyX%E2%99%A9%2096*%3CZL%3E%3C*06X5*%3C%20%20)%5EbB(%E2%99%ABXyQ%20(%5EbDs%3E%E2%86%93%20QyX%E2%86%93%20QXy15*%3CZL%3E%E2%99%AA%20QyX.%E2%99%A9C%5E)B%5E%20QyX%E2%99%ABA%5E%2C%3C*06XyQ%E2%80%BF%3Ep%7CUflAb%5EXyQZ%20%3DJazz-Swing%20Two%2FFour%3D120%3D3
1cf81bdd-824e-4de8-a90e-2c6e11f5d2a6,irealb://Blue%20Skies%20dfb%201=Berlin%20Irving==Medium%20Up%20Swing=C=10=1r34LbKcu7ZL7A%204A%2DXyyX%23F%2F6%2DA%7CQyXG%2F%2D7A%7CQyX%23G%2F7%5E%2DA%7CQQ%7CN1C4TA%2A%7B%5D%20%20lc7LZCXZL7G%207%2DDZL7A%20CN2%7C%7D%209b7E%207hB%7CQyCXyQKG%207%2DD7hBZLyQ%7CF%2DZLC%206%2DF%7CQyXCZL%20C7GZLC%206%2DFZLC%206F%2D6%20CXCB%2A%5B7A%20C%7C%20%5D%5B%2AA%2F6%2DA%7CQyXG%2F7%2DA%7CyQX%23G%2F7%5E%2DA%7CQyX%2DAF%23XyQ5%237E%20LZD%2D7%20G7LZUCXyQ%7CBh7%20E7b9%20Z%20=Jazz%2DMedium%20Up%20Swing=160=3
1ca85f4a-4ebd-4dd3-8506-c86c9a15c2a0,irealb://Minor%20Walking%20Patterns%20%28Dm%29%3DJay%20Hungerford%2C%20%22Walking%20Jazz%20Lines%20for%20Bass%22%20%282002%29%20p.26%3D%3DSwing%3DC%3D%3D1r34LbKcu7ek%20reD-%3C%20%28of%20%22esopsnarT%22s%20'orP%20laeRi%20esUr%20oth44T%7BYys.%29%3EXyQKcl%20%20%7D%7BXyQr%7C%20%20%3C*51XyQ16x%3E%20%20%7D%20%3DJazz-Long%20Notes%3D100%3D1
1c782481-8fcf-406f-b110-8888dfdaac6f,irealb://Dorian%20Scales%20-%20Minor%203rds%20Pattern%3DJoe%20Riposo%2C%20%22bebop%20scales%22%20%282009%29%20p.20%3D%3DJazz%3DC%3D%3D1r34LbKcu7%5D%20QyX-7XyQZL%20lcKQyX7-bE%5B%20%5DQyX%7CrQyXZL%20lcKXyQr%7CC44T%5B%23C%5B%5D%20XyQKcQyXZL%20lcKQyX7-%5BA%5D%20QyX%7CrQyXZL%20lr%7CXyQ7-%23F%5ByX7-GKcl%20LX%7CrQyXZL%20lcKQy7X-E%5B%5D%20QyX%7CrQyXZyQ%20%5D%5BQyX7-cKQyXLZXyQ%20QyX%7CrQyXZL%20lcQKyX7-bB%5B%5D%20QyX%7Cr%5D%5BD-7%20lcKQL%20lcKyQr%7CXbA%5B%5D%20QyX%7CrQyXZ%20LlcKQyX7-F%5B%5D%20Qy-7XyQXZL%20lZXyQr%7CXyQ%20%5D%5BB-7XyQKcl%20LZXyQr%7CXyQ%20%5D%20%3DJazz-Long%20Notes%3D100%3D1
1c7713f0-183b-47e7-9cd0-39f4cfabd51f,irealb://Can't%20Let%20Go%3DMeyers-White-Willis%20(Earth%2C%20Wind%20%26%20Fire)%3D%3DDisco%20Funk%3DGb%3D6%3D1r34LbKcu7l%7C%2Csu44%3C*731bAs%209-bB%3E%E2%99%A9Qy%E1%8A%95XQyX%E2%99%AA%20%E0%B8%AF%20QyX%E2%99%A9%20%204%2CDb9sTi*%5BY%EF%B8%B645*%3C*71Xy%3E%2FQyX%2FQyX%2F%20QyX%20%E1%9A%A8.%E2%99%AA%2047*%3C%7CQyX%3E%E2%97%87QsC%5E9%2C%3C9%5EbGFn%3E62s%2Cpp%7C%20%2047*%3C%2CsusC%3E%E1%8A%95%20%E2%99%AC%20%E0%B8%AF%20QyX%E1%8A%95%20%20QyX%E2%99%A9%20%3Cbpm%201us9F%3EQyX.%E2%99%A9n%5DY%5B*ZL31bD%209-bA%7CQybXE%2FF%7CQyX9-bBlSA%3C*72%20%2Csus9bE%2F9b%20%2FXyQX9-bBZLsus9F%20%3EQ%EF%B8%B6yX45*%3C%2C9%5EbG%3E%2F%20yQ%7CF7QyX%E2%99%AA%20%2027*%3CbLZAb%2C11%237A%2C7-bB%2C%5Eb%2CC9%5EbGsZL31bD%209-%5DY%7B*BE%2F7F%20%E2%99%A9%2017*%E2%99%ABXyQ%E2%99%ABQyX45*%3C9bD%20%3E%EF%B8%B6QXy45*%3C9-bAl%3E%E2%99%ABQyX%EF%B8%B6%3ELZ%3CQyX%E2%99%AB%20N%7C%2C11%E2%99%A9XyQ%20QyX45*%3C%2C7-bB%2C%5ECb%2C9%5EbGs%3E%E2%99%AA%20.%E2%99%AA%20.%E2%99%AA%EF%B8%B6%3EA7%23%20%20QyXXQyX%7D*54Xy%E2%99%A9%20%20QyX%E2%99%A9%20%20QyX%E2%99%A9%20Q%20yX%E2%99%A9%20%2017*%3C%7Cr%3E%EF%B8%B6Q%3EXyQ%20%3CQyX1D%20%3CZLN2lAbX%2F%20QyX%E2%99%AA%20QyX.%E2%99%A9%20yQXQyX27*%3C9bD%209-yQ%20%2F%3EZL%20QyyX%E2%99%A9%20%20l%20Fin%2017*%3CC*%5BY%5D%209-F%3E%20%EF%B8%B6QyX45*%3C9%5EbG%3Ee%20%E2%99%A9XyQa%20.S.%2F-F%20syQ%20%20%E2%99%A9ZL%20x%20ZL%20x%20ZL%20xZ%20LbB%2F-G%20sus9bB%3EAb9suX%E2%99%A9%20%20Q9bD%209x%20LZ%20*%7B%5D%2C11%237A%2C7-bB%5E%2CbC%2Csus9bDsZL%20xBlAb-%20ZLbAbAl2N%5E9%2CCbXQyX%7D%20QyX%7CrQyXN1%7C%2C11%237A%2C7-bB%2C%5EyQ%20LZbGsZLsus9F9LZ%3C*X45*%3C9%5EbG%3E%2F%20Qy%2FX%20QyX%E2%99%AA%20QyX.%E2%99%A9%2027yQ%EF%B8%B6%3E%20bD%209-%5EbGl%7C*74%20%20bD%2C31bAs%209-bB%3EQ%E2%99%A9yX%E1%8A%95QyX%E2%99%AA%20%E0%B8%AF%20QyX%E2%99%A99sus%2C%3C%5BY%5D%209F%3E%EF%B8%B64XyQ%E2%97%87%3E%5ECs%3E%2FQyX%2FQyX%2F%20yQX%E1%9A%A8%20.%E2%99%AA%2047*%3C%7CQyX9%2C%3C*517*%3C9%5EbC%2C9p%7CsGbL9bD%209-bAl%7B%5D%2C1%2317A%2C7-bB%2C%5EbC%2C9%5EZsGb%5Ep%2CsusC%2C9%5Eb%2CA7%231bD%209-bAlB*%7B%7D%20%3E6x36*%3CQyX%7CrQyX%7C19LZsG7-bB%2Cb%5E%2CBb-7%2CA7%2311%7CXyQr%7C%3CXyQ%20%20vamp%20out%3EXyQ%3C*638x%3E%20%7D%20%3DPop-Glam%20Funk%3D126%3D1
1c1a9bd5-932e-40f8-9244-f72a86967f9f,irealb://Caravan%20Jg%3DDuke%20Ellintong-%20F.J.%20Gonzalez%3D%3DLatin%3DAb%3D%3D1r34LbKcu77bG%207Q%7CDb77bD%7CQyX7CZL7bD7%20bAZL7bE%207C%7CQyXXyQ%7CCyX7C%7BZL7bBG7%2FBLL7bG%207GZL7-bA%20C7%7CQyX7bD%7CQyX7CZZF-7%20%207FZLx%7CQyXb13LZyXr%7CQyXx%7CQyX9FQ%7DyX6-FZL7bG%209bDQ%7CBb9A%209bEQyX7br%20LZE7G%7CQyXx%7CQyX6bAQ%7CyXr%7CQyXx%7CQyX9bXyQ%7CD%20%7CQyX%7C%20%3DJazz-Latin%2FSwing%3D180%3D1
1ceb9f7d-3af7-4676-bd91-1ebe1c9d9d6f,irealb://Chovendo%20Na%20Roseira%3DJobim%20Antonio-Carlos%3D%3Dwaltz%3DA%3D%3D1r34LbKcu7yXsus4A6XyQyXsus7A%7CQyX%297A-%286A%7CQyXsus7A%7CQ%7D%7CF%2373TA*%7BD43T%7CQ%7CxXy42T%7CQyXx%7CQyX7-BE*%5BY%7CQyX9b7%23F%7CQA7XyQyXx%7CQ%7CQyX%2C%7CG/DX%7CQyXx%7CQyX7-D%7C%5DyQXD/G%7CQyX7%5ED%7CQyT24G7QyX7%5E%7CQyX17XyQ%7CZL%20QyXQyX%5DQyXCF/%7CQyX7%5EC%7CQyXC/FY*CB1%5EC43TyX%2C*%29B7%239X%7CQyX%2C7%5EB%7CQyXB%7CyQX9b7B%7CQyX9B%7CQyB*%28%236%7CQyXBE%7CQyXyQ%7CB*sus7E%7CQyXsus7BQ%7CyX%2C7B%7CQyX*%296b%28XyQ%7CxX6B%7CQ7b9XyQ%7CxXyQ%5D%20%3D%3D0%3D0
1c54f183-6bbd-4f39-9cca-54ee807194ad,irealb://Dinah%3DAkst%20Harry%3D%3DMedium%20Up%20Swing%3DG%3D%3D1r34LbKcu77D%7CQy4G%5E7%20L7-E%20B%2FGZL7%5EC%20%5E7GZL7D%207-AZL7-EZA-7X4T%7BA*%209b7B1G6%20B%7CQyX6G2NZL%20QyXyQX%7D%207D%207-AZL7obF%23h7%20N%7CQyXA%7CQyX-XyQ%7CX7-E%7CQyX%23C%2F7A%7CyQXD%2F-E%7CQyX%23D%2F-EyQ%7CA7E%5BB*%5DZL7-E%7CD7XyL7%5EC%207%5EGZL7D%207A-ZL7-E%207%5EG%5BA*%5DQZG%2FB%20QyX7-A-7XyQ%7CD7XyQ%7CG6XyQ%7CA-7%20D7%20Z%3D%3D0%3D0
1c7759a9-2ae1-40fc-92b6-909e99cc60d5,irealb://Dorian%3DMessenger%20Brian%3D%3DPractice%3DC-%3D%3D1r34LbKcu7%7CQyX7-7XyQ%20ZL%20lcKQyX7-C%7CyQX7FZL%20x%20ZL%20lcKx%20LZFC44T%5B7-C%5B%5DQKcl%20ZL%20x%20ZL%20lcKQyX-7C%7CQyX7FZL%20x%20ZLF7XyQyX7-CKQyX7l%20LZ%20X7FZL%20x%20ZL%20lcKyQX7-C%7CQyX7FZL%20xyQ%7CC-cKQyXcl%20LZ%20x%20LZF7XyQ%7CC-7XyQKcl%20LZ%20x%20LZF7XyQZ%20%3DJazz-Bossa%20Nova%3D132%3D8
1c5add83-eb24-4038-8b3e-7dcd64f878ac,irealb://Down%20With%20Love%3DArlen%20Harold%3D%3DMedium%20Swing%3DC%3D%3D1r34LbKcu7np%7CQy4D-7%20%20x%20ZL7G%207-DZL%20pn%7CQyXCZL%20x%20ZL7GLZC7X4TA*%5Bpp%7CQyXyQ%7CFyXsus7G%7CQyX7-DLZ%20lcKQyX6C%7CQyX7Q%7CC6X6FZL%20QyX7C%5D%5B*BDZL7G%207-DZL%20np%7CyQXCZL%20x%20ZL7G%207-%20x%20LZ%209b7AQyX6CZF6Xyus7G%7CQyX7-DZL%20clKQyX6C%7CQyX7F%7CQsXyQ%7CL%20np%7CX7D%7CQQ%7CF%5E7L-E%20-A%7CQyX9C%7CQXy6CZL7o%23Fpp%7CQyXZA-XyyX9C%7CZL7G%20XyQ%7CDX7-D%7CQyX7AZL7E7%20%5EFZL%20x%20ZL7G%207-yQ%7CD77G%7CQy%2CU%2CC6XyQKcl%20%20Z%20%3DJazz-New%20Orleans%20Swing%3D190%3D3
1c2b7b6e-d797-4831-afd0-5bade7549d52,irealb://Dream%20A%20Little%20Dream%20Of%20Me%3DSchwendt-Andre-Kahn%3D%3DBallad%3DG%3D7%3D1r34LbKcu7ZL9F%204G6XyyX%2C7-A%7CQyX9b7EQ%7CyX6GZL7D%207bE%7CQQ%7CC-64TA*%7B-Fs%206%20E-7LD%2C7bEs%207%5EG2NZLQ%20yXQyX%7D%207D%207-AZ7%2C%7ClG7%5EG1N6bEZL%2C%5D%5B*B-FZL7-C%206bEZL7Bb%207-FZL7-C%206bEl7%20Bb77bB%2C7GZL7DZF-7%20QyX6GA*%5B%5D%207D%207A-ZL7-C%206bEZL7bB%7CEb7%20L7-C%206XyQ%7CE7b9XyQ%7CA-7%2CXyQ%7CC-6%20F9LZG%5E7%20sEb7%2CD7%2C%7ClG6%20D7%20Z%20%3DJazz-Ballad%20Swing%3D60%3D0
1c792adb-60f4-4a6b-9c54-9ca61b5a7160,irealb://Etude%20%233=Niehaus%20Lennie==Medium%20Swing=C%2D==1r34LbKcu7yX%2DF%7C%2DXyQ%7C%7CQyX%2DF%7CQyX%2DF%7CQXy%2DC%7CQyX%2DC%7CQyX%2DCC%2DXyQC44T%5BXbEZLyQ%7CF%2D%5EbE%7CQyX7%5EbEZL7Bb%207%2DF%7CQyX%2DC%7CQyX7%20Bb7X%2DC%7CQ7G%205bXyQ%7CC%2DF%20%2DCZL7G%20bE%7CQXy7bB%7CQyX%2DC%7CQyX%2DLZD%2D77G%7CQyyXbE%7CyQ%7CD7B%7CQyX%2DF%7CQyX%2DF%7CyQX%2DF%7CQyX7CZL7G%20b7XyQX%2DCZLX%2DF%7CQb5XyQQyX%2DC%7CQyX%2DC%7CQy%2DXC%7CQyX%2DC%7CQyX7G%7C%7CF%2DXy7%2DD%7CQyQ%7CC%2DXyQ%7CF%2D7%20C%2D6%20%7C%20==0=0
1cf6cd90-6f00-47d2-abee-7152ed9c779e,irealb://Everything%20I%20Have%20Is%20Yours%2DRev%20JE=Lane%20Burton==Ballad=C==1r34LbKcu77%2DbE%7C4C%5EXy%7CQyX5%239b7G%7CQyX11%2DDZL9bA%207%2DbE%7CQC%5EXyQ4TA%2A%5BEZL6%2DZD%2D11ZLG%2F7C%207%2DAB%2A%5B%5Dt%20la7E%20hBZLC%2F9F%20F%23h%20FL9bA%20%2C7%2DBs%2D7%2CC7%20h%23CZLD%2F7G%207%2DELZtla7B%20h%23Fl%7C%2CG%2FC%2D6LZAs%207%2D%7CQyX17%2CD7%2C9bA%207%2DbE%7CQyX%5EC%2AA%5B%5D%205%237G%2011%2DDl%7CLZD%2D1%2DA%2C7E%20hBl%7C5XyQ%7C%2C7%2DD%2CE%2F7A%2C%5EFsZ3L1b7C%207%2DG%7CQyX%5ECF7%2FC%2C%239b7GF%20h%23F%20%5D%5B%2AC7C%2C7%2DAs%207%2DEZL6F%2D%20h%23FZLG%2F7C%207%2DA%2FG%2C%7Cltla7E7G%2C7%2D%2D7%20A%2DCZLQ%2C11%2331bD%201%2D1DZL9bA%207%2DbEZL769%20sDEZL6%2D%5DXyQXyQ%20%20%5BQlC69%20Db13%2311LZU%3CFINE%3EC%5EXyQZ%20==100=0
1c09e740-5e37-4df7-b79a-6770b0aefc83,irealb://Generic%20Bluegrass%20Improv%20Progression%2015%3DTraditional%3D%3DBluegrass%3DG%3D%3D1r34LbKcu7%20%2CGZL4G%20CLLC%20%2CGZLC%20G%7CZLC%2C%20GZLC%20%2CGZLC%20%2CGZZG%2C%20C4TA*%7BC%20Z%20%3DPop-Bluegrass%3D220%3D3
1c302e7b-27d6-41d3-b0e2-ff8e5dd75db8,irealb://Hasta%20La%20Raiz%3DVersion%20The%20Happy%20Band%3D%3DFusion%3DGb%3D%3D1r34LbKcu7bAZL-69IntA%20%20%2C-bBZL-bEZLb-BZL-bAZL-bB%3Eor-%2C%7CAb*%3CA*%5BLbGZLLZGbL-bE%3EoouO96*%3C%2CB%2C*%7CQyXQyXQyXQyXZLZEb-bGZL-ZGbLZBLZBLZGbLZGb%20%7C%20%3DJazz-Ballad%20Swing%3D76%3D3
1c85da83-c15c-4a63-bb78-505eca3c494a,irealb://It%27s%20You%20Or%20No%20One%20%28DGM%29%20222=Styne%2DCahn==Up%20Tempo%20Swing=F==1r34LbKcu7QyX7%5E%2D7XyQyX7C%7CQyX7%2DGZL%20clKQyX7%5EF%7CQyX7C%7CQ%7CN1FG44T%7B%2DG%7CQy%5D%5BBb%2DyX7%2DAZL%20lcKQyX%5E7bA%7CQyX7bE%7CQyX7Q%7CD7X%20%20lcK%2DbB%7CQC7XyQ%5B%5DQyX9b7D%7CQyX57b%2DA2NZL%20QyXQyX%7DG%2D7Xy%7CQyX7iF%3CU%7CLZF%5E7ZL7C%207%2DGZL7D%207A%2DZL7bD%207%2DbA%7CQyXF6XyQ7bE%207ne%3EF6XyQZ%20==178=1
1c61e6ac-fa9e-4d46-807a-1ee9582e1183,irealb://Hooray%20For%20Hollywood%20%28DGM%29%20327=Whitting%2DMercer==Medium%20Swing=F==1r34LbKcu7A%7CQyX4pC7%20AZLxZLxZLx%7CQyX%7BFQyXQyXQyXQyX%5D%207LZE74Ti%2A%7BAZLAZcl%20LZE%20A%7CQyX%2DDZL%2BF%20%7CFQyX%2DbB%7CQyXbB1N7LZALKQyX7CZL7CZCXyQG%7CQyX7%2DD%7CQyX7oC%23%7CQyX7o%23CZL%20lcK7XyQ%7CL7bA%20ZL7bEQXyQ%20XFZL%20lcKQyX%2DbBZ%7CL%20lcKQyXbB2NZLyQ%7CppyX%7D%207QyX7CKcl%20%20%2DG%7CQyX7D%7CQyXFZ6L%2DbBpp%7CQyX7%2DG%5B%5D7XyQ%7CQyX7D%7CFXyQ%7C%2CU%2C%3CFine%3EFXyQZ%20==210=1
1c96f255-18b2-4b87-a36b-10569cbfbb99,irealb://Anniversary%20Song%20%28DGM%29%20462=Jolson%2DChaplin==Waltz=E%2D==1r34LbKcu7QyX%7Cr4n%20F%23yX7B%7CQyX7%2D%23FS%7ByQXQyXQyXQyX%5D%207%2DQ%7CXyQ3Ti%2A%7BZL7F%20XyQ%7CCF%7CQyX7%2DA%7CQyX%2C97bE%7CQyXB%2F%2DE%7CQyX9%23%2D7b57%2DEZLXQyX%7DQ%7CC%23%2DN%7CQyX%2DE%7CQyX7B%7CyQX5b7%2D%23F%7CQyX5b71%20x%20%20yX7%2DE%7CQyXoXyQ%7CNXG%7CQyX%2C7D%7CQyX7A%2D%5B%5DQyX%2DE%3EeniF%3C2yQ%7CG%23QyXQy%20lcKQQ%7CD7%2CQyX7B%7CQyX5b7%2D%23%5BF%5D%20%20lcKQyXG%7CQyX%7CE%2DXyyX7%2DALZF%23%2D7b5XyQ%7CB7XyQ%7CE%2DXyQKcl%20%3CD%2ES%2E%20al%20Fine%3E%20%5D%20=Jazz%2DSlow%20Swing=116=1
1c947ad7-3f86-464f-941e-138d63fab59c,irealb://You%20Know%20I%20Care%20%28DGM%29%20604=Pearson%20Duke==Medium%20Swing=Bb==1r34LbKcu7EZL7F%20F7suCZL7A%207%2DE44TA%2AQ%7ByXQyXQyXQyX%5D%20s%2D7%2FF%20n44T%5BE%2FAsZLZC%2D7%23F%2FDZL7bA%207%5EbELZ7bB%207%2DFZL7F%20F%2F%20G%2FFL7A%207%2D%20%20QyX7b5%2CD%20tla7G%20%2CAl%7C%2C7E7%2C%2DB%2C7%23F%2C7%2D%23C%7C%2C7%5D%5BXyQ%2DbE%20%2CXF%2F7%2D7%2FFXy7%5EbB%20F%2FAZL7F%20F7%2F%2DC%7CQyXF%2F7%5EbB%7CQ%2FFLZC%2DCB%2A%5B7A%207%2Db%5E7%2FFQyXsus7F%7CQyX%2C7b%5EGl%7C%2C7bD%2C7%2DbA%20%2C%5D%5B%2ACEBs%7CQysZL7b%2FF%20F7EZL7bB%207%2DFZL7FF%20%2F7%2DCZL7A%207%2DEZLb%5E7%20A7%2DCZL1%237C%2C7alt%2C%2C7%2DDsQ%5B%7D%207bE%20%2Cb57%2DEl%7C%2C7F%2C11%237CG7altG%2C7%2DD%5EbB%5B%5D%7ClE%2D7%5EBlZL11%237C%2CtlaG7%2C7%2DDsZL7bE%20%2C5b7%2CXyQ%2C7F%2C17XyQZ%20==60=1
1c70661a-80d3-404a-95db-14d4c5ecdb54,irealb://Whisper%20Not%20%28DGM%29%20612=Golson%20Benny==Medium%20Swing=C%2D==1r34LbKcu79b7D%204n%20G7ZLbB%2F%2DC%20%2DCSA%2A%7ByQXQyXQyXQyX%5D%209bA%2D7b54Ti%2A%5B%207%2DDZG%2D%2FFL%205b7%2DE1NZLQ%20%207D%2DYZL9b7A%205b7%2DEZA7b9L%20%2DGZL7bB%207F%2D7%20G%2DE%207%2DDZL9b7A%2057b%2DE2NZLQyX%7D%209b77LZF%2DZL7%2DEyX9b7A%2D7b55b7%2DE%7CQyX7C%7CQy7X%2DG%7CQyX9b7D%7CQyXXyQ%7CAB%2A%5B%5D%20%20%3E%2ES%2Eb5XyQT%20soloS86%2A%3C5b7E%2D%3Ex8%3C%7B%5DQyX9b7G%7Chen%20D7%2DD%7CQb7%2DEQZD%2D7%20X%7D%20%3EadoC%20la%20%2ESD%2E%3C7G%207bAZLC%2F7%2DDyQ%20Y%5BL9b7AyX%2DGZ9LZD%2D%207%2DGZL7bA%20A%2FFZ6L%2DbB%20B%2FGZLC%2F%2DD%20A7b9Lb7A%205Q%7CfD%2D9XyQZ%20=Jazz%2DBlue%20Note=112=1
1c4308ec-d662-480e-ac8d-643fb6c6ff70,irealb://I%20Only%20Have%20Eyes%20For%20You%2DRev%20JE=Warren%20Harry==Ballad=C==1r34LbKcu711%23314D%2D11yX%5EC%7CQyX31G%7CQy1X1%2DD%7CQyX31G%7CQyXQ%7CN1F4TA%2A%7B9b7A%7C%2D9XyQE%7CQyX11%2331F2NZQLyX%7D%2031bA%209%2DbE%7C%2D9XyQE%7CQyX31G%7CQ%2ABD%2D9QyX11%2331bE%7CQyX%2D9EZL6%2DF%2031G%7CQyX%7CDhXy%5B%5DQyX%7CQyX1ZE%2D9XyX31G%7CQyX11%2DDC%5B%2A%5D%2031bA%209%2DbE%7CQyQ%7CD%2D1L6%2DF%20D%7CQyXQ%7CC%5EXyX9b7A%7CQyX11%233b1B%7CQyX11%2331F%7CQyQ%7CD%2D9yX31Gh%23F%3EG9%2CQLZyX07%2A%3CQ%5B%5D%209b7A1%201%2DEZL11%2331F%206CQ%20%20TAb7G%20h%20F%2D6LZE%2D%235%20Eb%2D6LZD%2D7%20Db%5ELZU%3CFINE%3EC%5EXyQZ%20==115=0
1c860fa1-ca96-460a-bb64-57c8075c0138,irealb://I%20Stand%20Amazed%3DIglesia%3D%3DPop%3DGb%3D3%3D1r34LbKcu7QyX-b4%3C*66%20bG%7CQyXbGZL%2CbC%2C%20-bE%7CQyX-bE%3EdaPDbLZE4Ti*%5BZLbD%20Cb%20%5B*bGZL%20bCZLbGZLb%20CbD%7CQyXx%7CQyXbGA%20LZGb%20-bE%7CA%7CQyX%7CxXyQyXbG%7CQyXx%7CQyXb%7CDQyXx%7CQyXbGB*%7C%5DQ%7CEb-QyXbGbC%20%2C--LZT2X-bEi*%5B%7D%20bD%20bGQ%7CyXbG44T%7CQyXbD4yQ%7CEbbE%20-bbE%20-b%5D%7C*BG-bE%7CQyXbG%7CQyXxQ%7CyXbD%7CQyXx%7CQyXbXyQ%7CA%20%3E%20%3C%2CXbGZL4DbXy-bE%7CQyX-bEi*%5B%20Db%20bG%7CQyXbG44T%7CQ%2C%20Cb%2C2TZL-yQ%7CGb%20DbLZEb-XyQ%7CEb-%20Cb%3C%20%3ELZfGbXyQZ%20%3DPop-Rock%3D115%3D1
1c7620aa-ac02-4a27-874a-37b62ccdddad,irealb://I'd%20Like%20to%20Teach%20the%20World%20to%20Sing%3DBacker%2C%20Davis%2C%20Cook%2C%20Greenaway%3D%3DMedium%20Swing%3DF%3D%3D1r34LbKcu7X7C%7CQ44FXyNZLQ%20lcKQyXCZLl%20cKQyX7GZL%20lcKQ1BbXyTSA*%7B%3EeniFQXyQ%20yXbB3NZL%20QyXQy%7DXQyXF%7CQyXbB2NZLQ%7CF%20%3CyX%7DQy%3C%20%20F%7CBFXyQBZL%20lcKQyX%2CCZLl%20cKQyX%2C7GZL%20lcKb%2CXyQ*%5BZ%20%20D.S.%20al%20Coda%3E%20%5DXyQXyQ%20LZQBbXyQ%7C%2CU%2CF%20C7%20Z%20%3D%3D0%3D0
1c7ccbc2-6953-4538-a7f5-ab9bb0d4a65f,irealb://Idaho%20AAK%3DGoodman%20Benny%3D%3DMedium%20Swing%3DC%3D5%3D1r34LbKcu76C1N%7C4C6Xy%7CQyX7-DZL7-bE%20-7EZL%2C%20x%20ZL%20lcKQG7XyQ4TA*%7BB%7CQyX7%20%3CFi%5B%5DQyX6C%7CQyX6C2ZNL%20QyXQyX%7D%20%20%3Een*BF-7G%7CQyXniF%20l%7CEb6XD%3C%7CQyX7-D%7CQyX7%7CDQyX7-AZL%20lcKQy.C.%20aQyX7be%3EG7XyQ%5D%20%3DJazz-Medium%20Swing%3D100%3D3
1ceb2062-5e98-4b68-a0ca-77a1a86a6b49,irealb://Indian%20Summer%20(Aebersold)%3DVictor-Aldubin-Herbert%20%3D%3DMedium%20Swing%3DG%3D%3D1r34LbKcu77-BZL4G%5E7X%207%5EG%7CQyX9%237D%7CQXy7%5EG%7CQyX9%237D%7CQyC7%23114TA*%7ByX7-ELZA-7%237B%7CQyX7h%23F%7CZLG%2C%2F7-A%207-A1N%7CQyX9XyQ%7C7obB%20s%7CQyXLZA7X7D%207-A2N%7C%7DQyX7%7CDQyX7-AZL%20lcKQyLZG%5E7%20lcKQ7D%207-7%239%2CE7E%207%5EGZL7bE%207-Bb%7CQyX7-bBlZL%2C7-%239LZAB%2Ch%23FZL%2C9%236XyQ%7CBZL%2C7D%207-AZL9%23E7%207%5EGQ%5D%20%2C7D%207-A-7%20E7GZLQ%2CA-7%20D7%2CLZfG%5E7XyQZ%20%3DJazz-Medium%20Swing%3D92%3D4
1cbb7164-f5ac-4896-91eb-2b593dadc5d4,irealb://Jingles%20%28theme-solo%29%3DMontgomery%20Wes%3D%3DMedium%20Up%20Swing%3DE-%3D%3D1r34LbKcu7%20nl%2C9QXyQX9-E%20%3EemehT36*%3CSn%7B%7CQyXn44Ti*%5BQy%2CLZsAyXQyXnl%2C7%5E-9%2CLZ1G%20nZL%20nl%2C9AsZ9L-E%20nlZL%20nl%2C9As3LZsCE%20nZLB%7C%2C7h-7%20%20snZL%20nl%2C7%5ECsZL3G1%20n%7CQyXnl%7C%2C7-%23G%20%20sF%23%23FZL%20bD%7CQyn%20LZnQyX9D%7CQyX9-A%5B%7DQ%20%20nl%2C6-EsZL9-E%20%7CG%5E9Xl%2C5%237%20%20nl%2CG-9Xy%3EadoC%20la%20.S.D%3CQ%7CyX%2C9%5EF%7CQyX9C%7CQsB7%235%7CQyX9L5%237EE-9%2CSpZL%2C9-WZLpZL6-ZWLp%3EsoloS66*%3CZLLZpLZQA*%7B%5D9-AB*LZW-6%3EeniF%3CZL9-EZLpLZ5%237BZLpZL9-WZLpU%20%7D%5B%2C9-AZLZD9LZG%5E9LZDb9LZG-9LZC9LZ%3CD.S.%20al%20Fine%3EF%5E9LZB7%235%20Z%20%3DJazz-Medium%20Up%20Swing%3D245%3D3
1c7e2bb1-6043-4a41-bd9f-e27875295567,irealb://Jitterbug%20Waltz%201%3DWaller%20Fats%3D%3DWaltz%3DEb%3D%3D1r34LbKcu7L%20x%20Z4Eb%5E7L%20lcKQyX7bAZL%20%20xZL%20x%20ZL%20lcKQyXZ%20x%20L3TA*%7B%5DQyX7XyQKc7-G%7CQyX7C%7CQyX7G-ZL%20x%20ZL%20x%20ZL%20lXyQ%7CC7%5EbEZ%20lcKQXyQKc%7CQyX%2C7bD%7CQyX7-AbZL%20x%20ZL%20x%20ZL%20lBb7Xy7FB*%5BbB%7CQyyQKclyX9b7C%7CQyX7-G1ZNL%20lcKQyX7bBZL%20Q%7CF7XX7FZLyX7F%7CEb%5E7X%7CQyX7-G%7CQyX7bDQ%7CyX7%5EbAZL%20lcKQyC7XyQ%7CQyX7yX7bAXyQ%7CEbE2NZL%20QyXQyX%7DyQXsus9bB%7CQyX96b6XyQ%7C7bB%7CQQ%7CsC7%2CB7%2CBb7LZlEb69XyQZ%20%3D%3D0%3D0
1cb33770-8f7e-46cb-b5e3-e83fa7bfd022,irealb://Price%20Tag%3DJesse%3D%3DFunk%3DF%3D%3D1r34LbKcu7%5BFXyQ%7CA-XyQ%7CD-XyQ%7CBbXyQ%7C%20%3D%3D0%3D0
1c9ae355-d735-45e5-93a9-388494226d73,irealb://Rolling%20In%20The%20Deep%3D(Atkins-Epworth)%20Adele%3D%3DPop%3DC-%3D2%3D1r34LbKcu7%20-G%7CQ4C-%2CnQyX-G%7CQyX-CA*%7B%20%20QyXQyX%7D%20%20x%20ZL%20%7CBbXy4Ti*%7ByX-G%7CSC-Xy%7CQyXbAB*%5B%7D%20bB%20G-%7CQyXbB%7CQyX-G%7CQBbXyQ%7B%7D%20bBQyXbB%20sBb%2CCC*%7B%5DQyX7G%7CQyXG-%7CQyXbB%7CQyXbAl%7C-XyQ%7C%20bA%7CQyX-C%7CQ%7C%3C%20%20%7CQyX%2CbAD*%5B%7D%20bBb%20A%3EeniF%20la%20.S.DBbXyQyXbA%7CQyX%7D%20yQ%7CAbn%20ZL%20n%2C-C%7B%5D%20%20lKcQyXbBZL%20lcKQyX%20%3C4x%3EXbB%7CQXyQ%20%20%7B*CC-XyQ%7CBbXyQ%7CAbXyQ%7CAb%20Bb%3C6x%3E%20%7D%7CfC-%20%20U%20Z%20%3D%3D0%3D0
1cb89959-b565-4d35-b2f4-56144f133186,irealb://Less%20Than%20Yesterday%3DRichard%20Ahlert-Larry%20Kusik%3D%3DLatin%3DAb%3D%3D1r34LbKcu77bE%2074Bb-77F%207-C%7CQyX%5EbAZ%2CL7bE%207-bBZL7bE%20LZBb-4TA*%5BEZL7b7%20Eb7ZL7bB%207-FB*%5B%5D%20C7%207-G%7CQyX%5EbAZL%2CF-7%20B-bBZLBA*%5B%5DKcl%20L-C%7CQyX%5EbDZL7bA7%20-bEZL7bA%207-bEZ7%20F7%20QyX%5Eb%207-bBb7LZB%207-bBZL7F%207-C%7CyQX%5EbAZL%2C7bE%207-bEb7LZE%207-bQyX7FZEb-7-C%7CQyX7bG%7CQyX%5EDbC*%5B%5DQyX7bA%7CQyX7XyQ%7CL%2C7bE%7CBb-7%20Eb7LZBb-7%20Eb7%2CLZAb%5EXyQ%7CU%3CFINE%3E%20x%20%20Z%20%3DLatin-Cuba:%20Cha%20Cha%20Cha%3D100%3D3
1cb9cb94-2891-4e9d-813d-70e5a0038023,irealb://Like%20A%20Lover%202=Dori%20Caymmi%2DNelson%20Motta==Bossa%20Nova=C=6=1r34LbKcu7sus7A4C%5E7X%207%2DB%7CQyXC%2FD%7CQy7X%5EC%7CQyXsus7G%7CQyE%2D7LZ4TA%2A%7B1N%7CQyD%5E7XyG%7CQyX7%5EC%7CQyXF%2F%7CGQyX7%5EF%7CQyX7G%7CQ7susXZL7A%20yX7%5ECQ%7CG7s%2DF%207%5ECB%2A%5B%7CQyX7%7CGQyX7%5EC2N%7DQyXsu6%2FCLZyX7%5EC7%2DE%7CQXyQKcB%7CQyX7h%23F%7CQyX7E%2DZL9b7B%207%2DBZL%20l7b9XyC%2FD%7CQXsus7%2D7%20G%2DF%20la%20%2EC%2ED%3C%7CQyXuss7G%7CQyX%23F%2FDZL7ine%3EGA%7CQyXyQZ%20=Jazz%2DBossa%20Nova=120=1
1c7ee2a6-bc4e-44f9-891d-5bdb89c5689e,irealb://Love%20Is%20The%20Way%20=Composer%20Andrea%20Pozza==Medium%20Swing=C==1r34LbKcu7L%20susb%5e7%20L%5ebA%7cQyXZL%207%5ebAQ%7cyXZL%207%5ebA%7cQyXZ7%20LZGA43T%5bZL%20su%5dC%5e7%20%207%5eC%7cQyXZL%207%5eCQ%7cyXZL%207%5eC%7cQyXZLLZBbs%20%207GZs%7cQyX%5dEb%5e7bAZL%20susbE%7cQyXLZ%205%237%5ebE%7cQyXZL%20%5e7%20LZ%20%207bBAb%5e7%235%20Ab6%7cEbsus%20%20Z%20==0=0
1ca426ae-9b6f-4ae7-97d1-2c70ee832f65,irealb://Love%20On%20The%20Brain%3DRihanna%3D%3DSoul%3DC%3D%3D1r34LbKcu7QyXD%7C2GXyQ%7CQyX-A%7CQyXG%7C%7DQXyD%7CQyX-E%7CQyX-A%7CE-XyQ1Tv*%7B%5D%5B*BF%20CLZGXyQ%7CF%20CLZDXyQ%5D%7B*CGXyQ%7CA-XyQ%7CE-XyQ%7CDXyQ%7D%20%3D%3D0%3D0
1c2ef05e-fe95-43c5-badf-1b1b35aa496d,irealb://Magic%3DOlivia%20Newton%20John%3D%3Dpop%20rock%3DD%3D%3D1r34LbKcu75b7D%20b5LZD7D%20DA*%7BZL5b7D%20ZDL5b7D%20DZL5b7D%20b5LZD7D%20D%7Cb7D%20D%20DLZF%2031A%7CQyX-E%7CQyX-7A%7CQyX-EZL-A%20-%23A9%20%7D%7CD/AZL7-D%7CQD7b5%20ZLbB/C%20bBZLbB/%20CbBZLD/G%207-DB*%5BD-7Xy%20DZL5yX7%5E-ZBb%20CX-G%7CQyX7D%7CQyX7A-ZLbB/C%20bBZLbB/yQ%7CBbLD/G%20b7-EZXyQ%7CDDZL5b7D%20D%7CQyX97bA%7CQyX5b7-E%7CQyX%20A/DLA/D%7CQ5XyQ%7CA7b9XyQ%7CD%20D7b5LZD%20D7b5LZD%20D7b5LZD%20D7b5%20%5D%20%3D%3D0%3D0
1c2ccacb-6fbc-4bde-97eb-badceb83d949,irealb://Man%20I%20Love%20(Billie%20Holiday)%2C%20The%3DGeorge%20Gershwin%20(Billie%20Holiday%20-%201939)%3D%3DBallad%3DG%3D7%3D1r34LbKcu7A%20bB%2F44%3C*76-C%209DZL9bE%209ELZ9F%20G%3E19%20mpb%20%204LZEb7Ti*%5BYQyX7D%20%5DY%5B*E%2F-C%7CQyX7E%7CQyX%2FF-D%7CQyX-G%7CQyXGAbXyQ%7C11%237bX7E%7CQ%2FBLZBD%7CQyX-G%7CQyX6Gl*A%5BY%5D%2C31D%2C7-As%20--%2FFXy-E%20G%7C*%5BY%5D%2C%2FEbXy5%237%23Fs%20GZL6-C%20lG%7C%2C7D%2C7-As%207D%7CQ%2CB7b9-C%7CQyEl%7C%2C7E-7LZ7Bs%20%23F%2F7BZL%2CG%2F%20W%2C-EZL%2C6-A%20%2C7oE%2311%2CB%20-ElBQyX6GLZEo7%209b7D%20C%2F7-AZL%2Cb97E%20%2C-EZL%2C6-A%20%2C%5DY%5B*A7-E%20-LC%20GlQ%7CD-%2F%2C7-As%207D%7CQyXbE-%2FC%7CQyX9b7E%7CQyXFQD7%2C%7CyX-G%7Clf%2C6b%2FB%2CA-31F%2C%5ECs%206GlQZLQ%20yXQyXYY%5D%2C31D%2C7%2C%7CG%2CAW%2CGsZG6%20Z%20%3DJazz-Ballad%20Swing%3D91%3D2
1c006063-7408-422e-8550-dddcb605395b,irealb://Never%20Too%20Much%201%3DVandross%20Luther%3D%3DFunk%3DB-%3D%3D1r34LbKcu7%5EGZL%204%3C*66XB%2F7-%23F%3EbB%20A%20b%20AA%20%3Affir%20ortnI%20yQKcl4Ti*%7B%7CQyX%5E%5E%20%3C4xcKQyXB%2F7-%23Fl%3E%20A%3C*%7BY%7D%2CA%2FG%2C7-Es%3El%20LZGG%7CQyX42TZLx%3EsE-%7CQyX%5EGZLxZLB%2F7%23-Fl%3E%20%20%3C%5B%7D%2CA%2FG%2C7G%5E%20A%2C3%3C%20%5EG%7CQyX7B%20%5D%7C%20F%2FW%2CE%2FW%20E%2F7%5EG%7CyQXE%2F7%5EG44Tv*%7BY%20%23%2C%7CG%5E%2FA%3E%20%3C%23F%7CQy%20A%2FB%3C%23F%2FW%2CE%2FW%20E%2F7%5EGQ%7CyXE%2F7%5EG%5B%7D%20%3Ex3%20%2C%7CG%5EXA%2F-%23F44Ti*%2C%20%3C%203QyXQyX%5DbB%2CA%2CbA%3Es%20%3C43TZLA%20nZL%3ExXyQY%7Bn%2CA%2F-XB%2F7-%2FBXyQ%3CA*%7BY%7D%2CA%2FG%2C7-E%20s%5EG%7CQyX%5EGZL%20lcK%20%3ElF%237-%23Fl%5EGZLx%20LZG%5E-%23Fl%3E%20%20%3C%5B%7D%2CA%2FG7%2C-Es%3Ex3%3C%20%5EG%7CQyX7%2FBLZlcKQy%3Etuo%20%5E%20A%2CL%20QyX75*%3C44TQv*Y%7B%20%20%5D%20B%2FA%3E%20%3C42TZ%20FadeG%7CQyXG%5E7%2FEXyQKcl%20LZG%5E7XyQ%7CF%23-%2FA%20A%2FB%20%7D%20%3DBlues-Funky%3D105%3D1
1c502ba7-5cda-4fe5-9e41-aaff00226de7,irealb://Night%20They%20Drove%20Old%20Dixie%20Down%2C%20The%3DRobertson%20Robbie%3D%3DCountry%20Rock%3DG%3D7%3D1r34LbKcu7E%7CQyX%20G%2FF%23X%2CG%7CQyX%2C-E%7CQyXG%2CZL7D%20CZLD%20-EZLyQ%7CC%2CG44T%5BQyX%2C-%7CG%2CXy%2CG%7CQyX%2CC%7CQyX%2C-%7CEQyX%2CC%7CQyX%2C-E%7CQXyQ%7CEQyX%2C-%7CQyX%2CQ%7CE-%2C7D%7CQyX%2C7AZL%20lcQKyX%2CG%7CQyX%2CC%7CQyXXyQ%7CGyX%2CC%7CyX%2C7G%7CG%2CXyGZL%20lcKQyX%2CG%7CQXy%2CCZL%20x%20ZL%20lcKQ%2CXyQ%7CQyX%2CCQ%7CA%2CXyQ%7CC-%2CXyQ%5D%7C%20%3DJazz-Medium%20Swing%3D110%3D3
1c21bfde-8957-42b5-8261-60b41296a364,irealb://Nivaldo%20no%20Choro%3DAraujo%20Severino%3D%3DChoro%3DF%3D5%3D1r34LbKcu7%7C%2C7-C4sF6%2C7-G%7C%2C7-bA%20%20%2C6F%2C%7C7C%2C7-G%7C%2C7-bA%20%20%2CC7%2C%7C4TA*%7B%2C7C%7C%2Cb%5E7%2C%7C7G%7C%2C7G%7C%2C7-D%7C%2C6%7CF%2C7bE%7C%2C7bE%7C%2C6bB%2C%7CG-7B%7C%2C7F7G%7C%2C7%20Ab-7C%7C%2C7C%2C7-G%7C%2C7-b%20A%20%2C6F%7C%2C7C%2C7-G%7C%2C-7%2C%7CF%20%2C6F%7C-D%2C6F%7CF6%2C%7C%23F%7C%2C7-G%7C%2C5%237F%7C6%2CF%7C%2CoB%7C%2C6bB%7C%2C7F7%239%2C%7C%2C7G%7C%2C7D%7C%2CoG-7%2CC-D%7C%2C7-D%7C%2C6-G%7C%2Cb57-EB*%7B%206F2N%7D%2C76%2C%7CEb1N%7C%2C7-E%7C%2C7%7CG-7%2C%7C%2C7-G%7C%2C7E%7C%2C7-D%2C%7C-D%7C%2C6bB%7C%2C7%5EbB%7CA7%2C%7CA%2C-G%7C%2CD%7C%2C7-G-6%2C%7CbB%7C%2C7-G%7C%2C-G%7C%2C7%7CD%2CobE%7C%2C6-D%7C%2C7-D%5E7%2C%7CG%7C%2C5b7bA%20%20%2C7%2FC%2C%7C%7C%2C7C%2C7-G2N%7C%7D%2C-1DN%7C%2C-D%7C%2C7A%7C%2C7bB*AsF6-D%7C%2C-%2C6bB%7C-7%2CC7%7C%2C7F%7C%2C7-C%7C%2C7C%2C-7G%7C%2C7-bA%20%20%2C6F%7C%2CBb%5E7%2CG%7C%2C7--G%7C%2C7%7CEb7%2C%2C6F%7C%2C7C%7C%2C7-G%7C%2CG7%7C%2C7G%7C%2C7-D%7C%2C6F%7C%20%20Ab-%2C7bE%7C%7C%2C7F%7C%7CF6%2C%207G%7C%2C7G%7C%2C7F%7C%2C7-%7CC%2C7C%2C7-G%7C%2C7-bA%20%2C%7CF6%2C%2C7C%2C7Bb6%2C%7CBo%2C%7CF6%2C%7CF7%235%2C%7CG-7%2C%7CG-7%2CC7%2C%7CF6%2C%7CUF6%20%20%3CFine%3E%20%5D%20%3DLatin-Brazil%3A%20Samba%3D200%3D1
1cf5f24c-f54a-4866-ab4d-f698042cc87b,irealb://Tiger%20Rag%20%28Dixieland%20Tunes%29%3DNick%20LaRocca%2C%20O%20D%20J%20B%2C%20Harry%20De%20Costa%20%281917%29%3D%3DMedium%20Swing%3DAb%3D%3D1r34LbKcu7bBZLx*74Ves%3E%29taeper%20lanotipo%20srab%208%28%20esrBb7LZ%3C44T%7Bpp%2C7CBbLZx%2CF%7C%2C7Cpp%2C7Cs%5BY%20%7DbB%7C%2C7F%2CbBZLxZLppF%2C%7C%7C%2C7F%2CBZLxZ%2Cppp%7Cppp%2CF%7C%2C7Cpp%2C7C%2C%7CFpp%2CF%7C%2C7Cpp%2C7C%7CBb%2CLF%7C%2C7C*%3CZLx%7CBbLZedulretnI47*%3C%5B%20%5Dx%7C%2C7F%2CbBZLxZLx%3EEbLZ%2C7F%2Cb%28%20ZL7%20Brk.rB%20%20QyX63*%3CZLxLZbEZL%29bE%28%20ZLbE%3Ek.%3EBbQyX33%3CZLxZZ%7B%3C*7xZLbEZLxZL7bB%3Eateper%20lanoitpO4LZF7LL%297bBZLxZLQ%20%20BrxZLbEZLxZL7bB%7C%20%7D%297bB%28%20ZL7bB%3E.kLZBb7yX63*F%2C-F%7CyQ%20BrAZLxZLbEZLxZL7BbZL%29bE%28%20ZLbE%3E.kb%2CC7%2CX33*%3CZL7bEb7LZExZLxZLxZLxZLbAs%3EurohC47*%3C%5BY%5D%20bLZxLZB%7C%2Co%23%7CZL%297b7LZxLbA%3E.krB%20QyX33%3C*ZLxZLxZLxZLxZLZ%20%28EbE%7CZLxL7bBZLZxLZLbAZL-bDZLbDZLZxLbDZLxZL7bAZLxZF7%2CLxZLbAZEb7LZAbLZx%20Z%20%3D%3D0%3D0
1c2f2caf-a1c6-4dbb-ab30-1c87ff4745e1,irealb://Toot%2C%20Toot%2C%20Tootsie%2C%20Goodbye!%3DKahn%2C%20Erdman%2C%20Fiorito%2C%20King%20%281922%29%3D%3DMedium%20Swing%3DC%3D%3D1r34LbKcu7QyXCZXyQKcQyXCZL%20lcKQyX7ZGL%20lcKQyX7DZL%20lKcl%20LC44T%5B%20lcKQyQ%7CG7QyX7G%7CQyXCZL%20lKcQyX7GZL%20lcKQyX%7C%7CCXyXobD%7CZL%20x%20yQKclKQyXFZL%20lcKQyXC7ZL%20lcKQyX7GZL%20cl%20LZX7DZL7GZL%20%7CCXyQX7DZL%20lcKQyXC%7CLZ%20x%20ZL%20x%20ZL%20lcKyQKclZL%20x%20XyQKcl%20LZCXyQKcl%20%20%5D%20%3D%3D0%3D0
1cce1dd5-1a26-4aba-9d3e-e8ae76d1ebfc,irealb://Paz%20En%20La%20Tormenta%3DCar%C3%ADas%20Ren%C3%A1n%3D%3DBallad%3DG%3D%3D1r34LbKcu7QyXG%7C4G%20CLGZLC%2CD%2C-EZLB%20CQ%7CyXDZLC%20G%7CQyXGZ%20C%2CD%2C4TA*%7BQyXA%7C%20DLZAAZLD%2CE%2C-%23FZL%23CD%20%7CQyXEZLD%20A%7CQyX%20D%2CE%2CAv*%7B%7D%7D%20%3D%3D0%3D0
1c7e1dba-5977-43f9-af33-0c1ec5088787,irealb://Resta%20Cu%20Me%3DDaniele%20Pino%3D%3DPop%20Ballad%3DG%3D7%3D1r34LbKcu77-E%7CQ4G%5EXyD%7CQyX%5EGA*%7BZLQy%7CXrQyX%7CQyX%23F%2FD%7CQ%2FF%23Xy4Ti*%5BZL%20Qy-7XyQQyX%23F%2FD%7CQyX%5EG1%7CNQyX7-C%7CQyX7-A%7C%7DXyQXB%7CQyX%5EG%7CQyyQ%7CD%2FQyX7%5EC%7CQyX7-B%7CyQX7%5ECB*%5B%5D%207B%20%23F%7CB-7XX%5EG2NF%2FD%20%5E-7XyQ7-A%7CQyX%5ED%7CQyX7A-%7CQyX7-E%7CQyX%5EG%7CXyQ%7CDE%7CQyX%23%20%5D%3C*36e%20poi%20ripete%20tutto%20dall'intro%20in%20poi%20%3E%20%3DPop-Slow%20Rock%3D70%3D1
1cbf87e2-d073-4ef3-a988-6f27d62a6071,irealb://Stakalee%3DDr.john%20%3D%3DBlues%20Shuffle%3DG%3D7%3D1r34LbKcu7W%2CG%2FW%2FB%2CW%2F7C%7C%2C%23F%2FW%2CB%2FW%2C%23%2FDW%2C%23F%2F7B%7C%2CG%2FW%2CD%2CW%2FE%2CW%2C7G%5BW%2CE%2FWb%2FBb%2C%23C%2FW%2CC%2FW%2CB%2FW%2C7%7CG%2CbB%2FW%2CbE%2FW%2CG%2FW%2C%7CD7%2CE%7C%2CC%2F%2FF%2CW%2FF%23%2C%7CG7%2CW%2FB%2CW%2FC%2CW%2FC%23%2C%7CD7%2CW%2FE%2CW%2FF%2CW%2FF%23%5D%20%3DBlues-Chicago%20Shuffle%3D150%3D12
1c78fef5-c33b-48ee-ad55-83fc7d9639a7,irealb://Spinning%20Wheel=Composer%20Unknown==Pop%20%2D%20Bluegrass=C==1r34LbKcu7QyXF%7CXyQKc%7CQyXC%7CQyX7GZL%20%20xZL%20lcKQyXGZL%20lCXyQ%7DC44T%7BlcKQyXyQ%7CCX7G%7CQyXG%7CQyX9bC7ZL%20x%20ZL%20lcKQyXyQ%7CCX9b7F%7C%20LZGXyQKcl%20LZ%20x%20LZG7XyQ%7CCXyQ%7CC%2CG%2CG%2FA%2CG%2FB%5D%20==230=6
1c990e3d-33ec-4b36-97b3-704b8f01b8fb,irealb://Say%20Something%3DA%20Great%20Big%20World%20%20Christina%20Aguilera%3D%3DPopballad%3DC%3D%3D1r34LbKcu7susA%204D9Xy%207-BA*%7BZLsusA%20D9ZL9G%207-BZLQyXQG9LZD4Ti*%7CZLsus%20G9LZ9G%207-BZLsusA%20DLZ9G%207-BZLsusA%20DLZD%20A7-BZLyX9G%7CyQ%7CD//D%7CQyXD1N%5BZLA%20ussA%7CQyX9G%7CQyX%23FF%23XyQXDB*%5B7-BZLsXyQ%7DDZL9G%207-BZLsus%20ADZL9G%207-B2NC*%7C%20AsususA%7CQ7-BZLD%20AsuDZL9G%207-BD*ZLssuA%20DZL9G%207-BZLs%20AsusZL9G%20XyQ%3CRET...%3EG9XyQ%7CDXyQ%7C%20%3DPop-Slow%20Rock%3D40%3D1
1c407601-1f40-4804-a166-c72ac5e42c32,irealb://Studio%20Accordi%20Maj7%20Per%20Terze%20Minori%3DComposer%20Unknown%3D%3DMedium%20Swing%3DC%3D%3D1r34LbKcu7ZL7%5E%23ZD%23%5E7%23GZL7%5EFZL7%5EDZL%5E7BZL7%5EAZL7%5E%23FZL%5E7LZAL7%5EC%7CL7%5EbBZE%5E7LDZL7%5EbEZL7%5EbGZ7L%5EAZL7%5EC%5B%5D%207%5EGZb%5E7LZL7%5E%23CZG%5E7LZE%5E7LZD%5E7LZB%5E7LZAb%5E7LZF%5E7%20%5D%20%3D%3D0%3D0
1c72bdc9-30d5-4a30-898c-8107e8127da1,irealb://Studio%20Triadi%20Diminuite%20Per%20Terze%20Minori%3DComposer%20Unknown%3D%3DMedium%20Swing%3DC%3D%3D1r34LbKcu7ZLoEZD%23oLZLo%23AZLo%23GZLoFZoLDZLoBZLoAZLo%23FZC%23oLZLoC%7CAZLoBCoLZALoEZLoGZLobBZLboDZLobEZLobGZLoZDoLZ%5B%5D%20oGboLZFo%20%5D%20%3D%3D0%3D0
1c8769e8-6760-4977-929f-f1974099f3c7,irealb://White%20Wedding%3DIdol%20Billy%3D%3DMedium%20Swing%3DC%3D%3D1r34LbKcu7yXEZL%3C*682yX%3Esdrohc%20tla%20%20wortni%20taeper%20xQ%7CXyQ-Bi*%5B-BA*%7B)XyQ%7CC%20ot%20x2%20%2066*%3CEQ%7CyXDZLQyX%7CQyX-B%3EXyQ%5DE(D%7CQQyX%7CQyQLZALQyX%7CQyXAZLQyXQ%7CyX-B%7C%7DQyXE%7CQyXZB-XyX%7CQyXXQyXQXyQ%7CE%3C%20%20-B%7CQyXD%7CQyX%7BE%20QyX%7CQyX-B%7CQyX*21XyAB*ZLQyX%3EA3x%20to147*%3C%20%3EnI%20ot%20XQ2yXQyX84*%3CZL%3ED%20x%20to%20QyXQy%3EA%20oTyQ%20%20%5B%20%7CQyX-B%7CQyXE%7CQXyAZLQyX%7CQyX-BC*%20%3C*74XQyX%7DQyX-BQXyQ%20%7CQyXE%7D%20%20%3Ex8QyX66*%3C%20%20%7CQyX-BD*%7B%20DXyQ%7CyX%7D%20%20%7CXyQLZDXyQ%7CEXyQ%7CB-XyQ%7CXyQ%20%7BEXyQ%7CDXyQB-XyQ%7CXyQ%20%7D%20%3D%3D0%3D0
1c7064c5-3bcb-4bcd-8713-b567c78e0321,irealb://Three%20and%20One%3DJones%20That%3D%3DMedium%20Up%20Swing%3DEb%3D%3D1r34LbKcu77-AZL4Eb69yX7-F%7CQyX7CZL7Db%20%2C7bEZL%20lcKQyXQKcl%204TA*%7BbB%207-7XyQ%7C%239F%20sus9FZL5%2397%23C%209C%7CQyX9b7G1N11LZFD%7CQyX9%237bB7XyQ%7CL5%239%237C%209-Gl%7C%2C%2359%237D%2C7-As%207%5EbAZF-9%20bEZL7%239%237bN2G7X31b9b7bB%7CQyX9bF7%7CQyX31b9b7C%7CQyXyQ%7CE%7C%7D%205%235XyQ%7CAb%5E7%20Db9LZG-9%20C9LZF-9%20Bb9%20Z%20%3DJazz-Medium%20Up%20Swing%3D200%3D3
1c2fa356-4c1a-4bf7-b346-2f00d67b181b,irealb://Trust%20In%20Me%20%20%28Etta%20James%29=Ned%20Wever%2DMilton%20Ager%2DJean%20Schwartz==Blues%2DMo%2Dslo=G==1r34LbKcu7E%20G1N2G%20A%2D%2DA%7CQyX%2DA%7CQyX7DQ%7CyX%2DAZLobB%20%2DBZL%20D7LZ1TA%2A%7BXGZL7%20D7%20%7DL7D%20CB%2A%5B%5D%207G%20GLZC%20G2NZL%20QyXQyXZA%2D%20D%2DAZL7obB%20%2DXyQ%5D%7C%20GA%2A%5B%207D%20%2DA%7CQy7XA%7CQyX7EZL7D%20%2DAA%2DLZB%2DE%7CQy7D%20%2DAyQ%7CD7GZLQ%2C7D%20%2DA%3E%20%20QXy86%2A%3C%7CQyX%2DA%7CQyX%20E7LZX%2DAZLQyX7EXyQ%20%20B%7CQyX%2DC%7CQyX%2DA%7CQ%7CyX7EZLF%2FG%20GQ%5BY%2DXyQ%7CQyX%5D%20%7CsA%2D%2CB%2D%2CC%2CCo%2C%7ClD7XyQ%7CsG%2CG%2FB%2CC%2CCo%2C%7ClD7%20fG%20Z%20=Blues%2DMo%2DSlo=50=0
1c66d139-ffa8-43aa-a705-7f39d49859a2,irealb://V-I%20%20Coltraneando%201%3DColtrane%20John%3D%3DPractice%3DF%3D%3D1r34LbKcu7%207%5EDZ%5E7%20AbbG%7B%7DQyX7%5EFZL7C7%20%5EAZL7E%207%5EbDZL7%5E%20A7LF44T%7BZL7D%20b%5E7%20D7%23F%207%5EbEZL7bB%20%5E7G%7B%7DQyX7%5EbGZL7bLZB%5E7BZL7FZL7C%20Q%7D%7BAbQyX%5EbAZL7bE%207%5EZCL7G%207%5EEZL7B%207%5E%7D%7BA%5E7yX7%5EGF%207%5EDb7LZD7%5EbGZL7bD%207%5EbB%7D%7BQyX7%5EAZL7E%207%5Eb%20A7LZA%207%5EF7%5EC%7B%7D%5E7XyQBZL7%23F%207%5EbEZL7Bb%207%5EGZL7D%207%5EB%7B%7D%5E7XyQbBZL7%5EFZL7ZAb%5E7ZL7E%207%5EbD%7B%7DQyX%5E7CZL7G%207%5EEZL7B%20A%5E7%20CL7bE%20%7DQyX7LZDb%5EA%207%5E%23FZL7%23C%207%5EBbZL7F%207%5ED%7B%7DQyX77LZD%5E7bA%207E%207%5EC%20F%237L7%5EE%7B%7DQyX7%5EbEZLb7B%207%5EGZL7D%207%5EBZ%20G7LZ7%5EbE%7Bb7LZAb%5E7%20B7LZE%5E7XyQ%7D%20%3DJazz-Medium%20Up%20Swing%202%3D160%3D3
1c441049-fc61-427c-afc8-8cf54257105a,irealb://Wanted%20Dead%20Or%20Alive%3DJovi%20Bon%3D%3DRock%20Ballad%3DD%3D2%3D1r34LbKcu7%20lcKQ4D-XyL%20lcKQyX-D%7BYZLl%20cKQyX-DZL%20lcKQZD-Xy4Ti*%5B%2CF%2CGsDXyQ%7CZLG%20C%7CQyXDlZLD%2ClF%2CGsZLG%20CZLG%20CC%20GLZA*%5BZLC%2FWZL%5B*BC%20%7C%2CD%2FW%2CF%2FW%2CD%2FW%2C%2FCWZLG%20CZLD%20FZLG%7CC%2C%20GYZLDl*%7BYZLW%2FF%2CWyX-DZL%20lcKQyX-iD*%5B%20%20QyXQyX%7D%2CD%2FQKcl%20%2CD%2FW%2CZLD%20F%20%20SolB*%5BY%7D%20Dl%2CF%2CGsZGL%20CZLG%20C%7CQyXD%3EoC%20GLZ06*%3CA%7D%20Dl%2CZT64%20LG%20CZLG%20C%7CQyXD*A%7BZLD%20%3E%E3%80%8B%E3%80%8B%E3%80%8B%E3%80%8B36*%3CZsG%2CFLGf%20CL%20lcK%20GLZF%2Ci*%2C%7C%2CD%2FW%2CF%2FW%2C%2FDW%2CC%2FWZLG%20CZLD%20D-XyQCB*%5BYZ%20x%20LZ%20x%20%20%5D%20%3DPop-Slow%20Rock%3D190%3D24
1cd498a5-f6d0-4053-a5dc-c16a80203afc,irealb://Pancho%20and%20Lefty%3DTownes%20Van%20Zandt%3D%3DCountry%3DD%3D%3D1r34LbKcu7%2CDZLG4A%2CppD44TA*%5B%20QyXQyX%20%5B*%23C%2C*Bspp%2C-B%7CpLZALZ4Ti*%5ByX%5D%20%2CZD%2CG%2CZL%2CG42TZL%2CA44TLZ%2CGp%2C-B43T%20QyX%7CT44B-LG%7C%2CAB44TZ*BT44TZL%2CA44TZL%2CG%2C-%2CB-B43TZL%2CG%2CDZLG24G%2CL%5BQyXQQyXQy%5B*CT4LDZLG%3EB%20ot%20ortIn%20oloS%20ratiuG%3C4ZD%20%5DX%20%5D%20%2C-XyQ%20Y%5BUQDZ%20%3D%3D0%3D0
1c7a1598-1724-49cb-bd8a-ddaf16d40feb,irealb://You%20Don't%20Remember%20Me%3DLane%20and%20Winzeler%3D%3DBallad%3DDb%3D%3D1r34LbKcu7L11%2334Db%5E%20C/W%2C%5EbDsZLsus97bbA%20%5EbDZLsus7bA%2ClBb14TA*%5BZL7A%201%20sAbL31B%20%5EbGZL7bD%20-7bAlB*%7C%2C7D%2Csus7ZBb-71%239AZZLsus%2CF-7%2C%20%5EbDZLsus7bA%20%5EDbl%2CA*%5B%7C%2C9bA%2C%5EbGAb7b97-bEsbGZL7W/C%2ClbAl%7C%2C7D%2Csus7bA%20s11%239AZL11%2331bB-7%20Db%2C%5EbDs%2Ctla7LZDb%5EEZL11%2331bB%207-F%7Cl%2CbG/W%2Csus7bAs%20b-7%20D31B%20%5EQLZDb%5E%20sEb-7%2CD7%5DXyQXyQ%20%20%5BUQlDb%5EXyQZ%20%3DJazz-Ballad%20Melodic%3D50%3D3
1c6791f5-6ea4-4074-a07f-e44b5713ae4d,irealb://Impressions%3DColtrane%20John%3D%3DUp%20Tempo%20Swing%3DD-%3D%3D1r34LbKcu7%20x%20ZL4D-11%20lcKQyX11-DZL%20%20xZL%20x%20ZL%20lcKQyXLZ%20x%204T%5BA*%20%20x%20ZD-11XL%20lcKQyX11-DZLx%20%20ZL%20x%20ZL%20lcKQyZ%20x%20L%5BA*%5D%20%20x%20ZLb-11X%20lcKQyX11-bEZLx%20%20ZL%20x%20ZL%20lcKQyLZ%20x%20E%5BB*%5D%20%5D*A%5BD-11XyQKcl%20LZ%20x%20LZ%20x%20LZD-11XyQKcl%20LZ%20x%20LZ%20x%20%20Z%3DJazz-Up%20Tempo%20Swing%3D200%3D8
1c574ee5-3af4-4820-8d69-640a018a6090,irealbook://Body%20%20Soul%20Cadence%20Type%203%20x%208%20-%20Downwinders%3DLego%20Cadences%3DMedium%20Swing%3DC%3Dn%3D%7BD-7%20D-%5E7/C%23%20%7CD-7/C%20D-6/B%20%7CC%5E7%20%20%20%7C%20x%20%3C8x%3E%20%7D%7BDb-7%20Db7/C%20%7CDb-7/B%20Db-6/Bb%20%7CB%5E7%20%20%20%7C%20x%20%3C8x%3E%20%7D%7BC-7%20C7/B%20%7CC-7/Bb%20C-6/A%20%7CBb%5E7%20%20%20%7C%20x%20%3C8x%3E%20%7D%7BB-7%20B7/A%23%20%7CB-7/A%20B-6/G%23%20%7CA%5E7%20%20%20%7C%20x%20%3C8x%3E%20%7D%7BBb-7%20Bb7/A%20%7CBb-7/Ab%20Bb-6/G%20%7CAb%5E7%20%20%20%7C%20x%20%3C8x%3E%20%7D%7BA-7%20A7/G%23%20%7CA-7/G%20A-6/F%23%20%7CG%5E7%20%20%20%7C%20x%20%3C8x%3E%20%7D%7BAb-7%20Ab7/G%20%7CAb-7/Gb%20Ab-6/F%20%7CGb%5E7%20%20%20%7C%20x%20%3C8x%3E%20%7D%7BG-7%20G7/F%23%20%7CG-7/F%20G-6/E%20%7CF%5E7%20%20%20%7C%20x%20%3C8x%3E%20%7D%7BF%23-7%20F%237/F%20%7CF%23-7/E%20F%23-6/D%23%20%7CE%5E7%20%20%20%7C%20x%20%3C8x%3E%20%7D%7BF-7%20F7/E%20%7CF-7/Eb%20F-6/D%20%7CEb%5E7%20%20%20%7C%20x%20%3C8x%3E%20%7D%7BE-7%20E7/D%23%20%7CE-7/D%20E-6/C%23%20%7CD%5E7%20%20%20%7C%20x%20%3C8x%3E%20%7D%7BEb-7%20Eb7/D%20%7CEb-7/Db%20Eb-6/C%20%7CDb%5E7%20%20%20%7C%20x%20%3C8x%3E%20%7D
1cf43889-a9ce-4fe1-b354-026d8e20b82e,irealbook://Stand%20By%20Me%3DBen%20E.%20King%3DPop%3DG%3Dn%3D%7B*AT44G%20%20%20%7CG%20%20%20%7CE-%20%20%20%7CE-%20%20%20%7C%3CStrings%20come%20in%20later....%20then%20do%20the%20solo%3EC%20%20%20%7CD%20%20%20%7CG%20%20%20%7CG%20%20%20%7D%20%20%20%3CFollow%20vocal%20for%20dynamic%20ques.%20%3E%20%20%20%20%20%20%20%20%20%20%20%20%20%3CS2%20001%20Rich%20Strings%3E
1c4559b9-6cd9-4126-9515-7e74d5330b6c,irealbook://This%20Love%3DMaroon5%3DPop%3DC%3Dn%3DY%7B*AT44%3C*72%20%20%20Verse%20Strum%20Triads%3EG/B%20%20%20%7CC-%20%20%20%7CF-7%20%20%20%7CDh%20%20%20%7DY%7B*BC-%20F-%20%7CBb%20Ebsus%20%7D%7CC-%20F-%20%7CAb%20G/B%20ZY%5B*CF-%20%20%20%7CEbsus%20%20%20%7CG7%20%20%20%7CC-%20%20%20%7CF-%20%20%20%7CEbsus%20%20%20%7CG7sus%20%20%3CC%20MInor%20Finish%3E%20%7CG7%20%20%20%5D%3CPiano%2C%20you%20know%20what%20to%20do%20!%3E%20%20%20%20%20%20%20%20%20%20%20%20%20%20%20%20%3CSTART%20-%20GUITAR%20SKANK%20LINE%3E%20%20%20%20%20%20%20%20%20%20%20%20%20%20%20%20%3CEND%20ON%20C-%20ON%201%20AFTER%20RIFF%3E
1c2ddfa2-8682-4dfe-8c66-7d88b0047878,irealbook://May%20You%20Always%3DWhoKnows%20ARR:%20B.Sharp%3DRock%20Pop%3DAb%3Dn%3D%5BT44Db%20Do%20%7CAb%20F7%20%7CBb7%20sBb-7%2CEb7%2C%7ClAb%20Eb7%20%5D%7B*AAb%20%20%20%7CC7%20%20%20%7CF-%20%20%20%7CAb7%20%20%20%7CDb%20Do%20%7CAb%20F-%20%7CBb7%20%20%20%7CsEb7%2CBb-7%2CEb7%20%7C%7ClAb%20%20%20%7CC7%20%20%20%7CF-%2C%20%20%20%7CAb7%20%20%20%7C%7CDb%20Do%20%7CAb%20F-%20%7CBb7%20%20%20%7CEb7%20Ab%20%7C%5B*BAb%20F-7%20%7CBb-7%20Eb7%20%7CAb%20F-7%20%7CBb-7%20F7%20%7C%7CBb%20G-7%20%7CC-7%20F7%20%7CBb%20F-7%20%7CBbo%20sBb-7%2CEb7%7C%7ClAb%20%20%20%7CC7%20%20%20%7CF-%2C%20%20%20%7CAb7%20%20%20%7CDb%20Do%20%7CAb%20F7%20%7CBb7%20sBb-7%2CEb7%2C%7ClAb%20%20%20%7D%5BDb%20Do%20%7CAb%20F7%20%7CBb7%20sBb-7%2CEb7%2C%7ClAb%20%20%20%5D
1cd52ff4-9819-4238-aed3-48d717b87372,irealbook://Mele%20Kalikimaka%3DAnderson%20Robert%3DPolka%202-Feel%3DF%3Dn%3D%7B*AT44F%5E7%20%20%20%7C%20x%20%20%7C%20x%20%20%7CC7%20%20%20%7CC7%20%20%20%7C%20x%20%20%7C%20x%20%20%7CF%5E7%20%20%20%5D%5B*BF7%20%20%20%7CBb%5E7%20%20%20%7CD7%20%20%20%7CG7%20C7%20%7CF%5E7%20%20%20%7CD7%20%20%20%7CG-7%20C7%20%7CF%5E7%20%20%20%7D
1cb0f099-f268-4065-a50f-af8ebe1d6b1c,irealbook://Awesome%20God%3DBaylor%20Helen%3DMedium%20Swing%3DAb%3Dn%3D%7BT44Ab%20%20%20%20%20%20%20%7CEb%20%20%20%20%20%20%20%7CBb/D%20%20%20%20%20%20%20%7CC-%20C-/Bb%20Eb9%20%20%20%7CAb%20%20%20%20%20%20%20%7CEb%20%20%20%20%20%20%20%7CDh7%20%20%20G9%235%20%20%20%7CC-9%20F9%20Bb-9%20Eb9%20%7D
1cc203a9-353f-45c4-a654-e92f3992b473,irealbook://Don't%20Wait%20Until%20The%20Battle%20Is%20Over%20Shout%20Now%3DHawkins%20Walter%3DMedium%20Swing%3DAb%3Dn%3D%7BT44Bb-7%20%20Db%20%20%20%20%7CAb/Eb%20C-7%20F-7%20%20%20%7D%7B*AAb%20%20%20%20%20%20%20%7CGb/Db%20Db%20Ab-7%20Db7%20%7CGb%20%20%20Db/F%20%20%20%7CN1Ab%20%20%20Gb%20Db/F%20%7D%5BN2Ab%20%20%20%20%20%20%20%5D%7CG-11%20C7%20%7CF-7%20Bb7%20%7CD-9%20%20%20G7alt%20%20%20%7CC-7%20F-7%20Bb-7%20Eb7%20%7CG-11%20%20%20C7%20%20%20%7CF-7%20%20%20Bb7%20%20%20%7C%7BAb11%20%20%20%20%20%20%20%7CAb9%20%20%20%20%20%20%20%7CAb11%20%20%20%20%20%20%20%7CGb%20Db/F%20Gb%20G%20%7D
1c522f33-cb8e-455b-bc26-2706e7ed3916,irealbook://Blues-4%3DComposer%20Unknown%3DMedium%20Swing%3DF%3Dn%3D%5BT44F7%20%20%20%7CBb7%20%20%20%7CF7%20%20%20%7Cx%20%20%20%7CBb7%20%20%20%7Cx%20%20%20%7CF7%20%20%20%7CD7%20%20%20%7CG7%20%20%20%7CC7%20%20%20%7CF7%20%20%20%7CC7%20%20%20Z
1c29cd4a-c4df-4286-bf8c-e89bb6afb4b8,irealbook://Blues-13%3DComposer%20Unknown%3DMedium%20Swing%3DF%3Dn%3D%5BT44F%5E7%20%20%20%7CBb%5E7%20%20%20%7CA-7%20G-7%20%7CGb-7%20Cb7%20%7CBb%5E7%20%20%20%7CBb-7%20Eb7%20%7CAb%5E7%20%20%20%7CAb-7%20Db7%20%7CGb%5E7%2C%20%20%20%7CG-7%20C7%20%7CA-7%20D7%20%7CDb-7%20Gb7%20Z
1ca724a8-9784-459c-98ad-8f3a7db40eed,irealbook://Boom%20Boom%3DHooker%20John%20Lee%3DShuffle%20%3DE-%3Dn%3D%7BT44nE5%2CG5%2CA5%2C%7CE5%2Cn%20%20%7DnA5%2CC5%2CD5%2C%7CA5%2Cn%20%20%7CnE5%2CG5%2CA5%2C%7CE5%2Cn%20%20%7CnB5%2CD5%2CE5%2C%7CB5%2Cn%20%20%7CnE5%2CG5%2CA5%2C%7CE5%2Cn%20%20%7C%20%20%20%20%7C%20%20%20%20Z%20
1c803258-4459-47b8-b7c8-e8c7d87748ed,irealbook://Changes%20Drill%3DComposer%20Unknown%3DSlow%20Swing%3DC%3Dn%3D%5BB69%20G7%20%7CC%23-%20D%237b9%20%20%7CG%23-7%20C%23-7%20%7C%20%20%20%7CD%23-7b5%20G%237%235%20%7CC%23-7%20A7%2311%20%20%7CB*maj*%20Bo%20%7C%20%20%20%7CC%23-7%20F%237%20%7CB*maj*%20%20%20%5D%20
1c7ca18a-10a6-45ab-afd8-20ab8ca03c25,irealbook://Fantasy%20Zone%20-%20Dreaming%20Tomorrow%3DComposer%20Unknown%3DPop%3DEb%3Dn%3D%7B*AT44Eb%20%20%20%7Cx%20%20%20%7CBb%20%20%20%7Cx%20%20%20%7CN1Ab%20%20%20%7Cx%20%20%20%7CF*m*%20%20%20%7CBb%20%20%20%7D%7CN2Ab%20%20%20%7CBb%20%20%20%7CEb%20%20%20%7Cx%20%20%20%5D%5B*BC*m*%20%20%20%7Cx%20%20%20%7CG*m*%20%20%20%7Cx%20%20%20%7CC*m*%20%20%20%7Cx%20%20%20%7CG*m*%20%20%20%7Cx%20%20%20%7C%7CAb%20%20%20%7CBb%20%20%20%7CG*m*%20%20%20%7CC7%20%20%20%7CAb%20%20%20%7CBb%20%20%20%7CEb%20%20%20%7Cx%20%20%20Z%20
1cbc3a69-41a5-464f-af7e-35c83ab07ca7,irealbook://Heard%20It%20Through%20The%20Grapevine%3DGaye%20Marvin%3DPop%3DB-%3Dn%3D%5B*iT44B-7%20%20%20%7Cx%20%20%20%7Cx%20%20%20%7Cx%20%20%20%7Cx%20%20%20%7Cx%20%20%20%7Cx%20%20%20%7Cx%20%20%20%5DY%7B*AB-7%20%20%20%7Cx%20%20%20%7CF%237%20%20%20%7CE7%20%20%20%7DY%5B*BG%23-7%20%20%20%7CE7%20%20%20%7CB-7%20%20%20%7CE7%20%20%20%5DY%5B*CB-7%20%20%20%7Cx%20%20%20%7CE7%20%20%20%7Cx%20%20%20%5D%20
1cf06f0f-5028-41fb-9373-d2aaf097d1f6,irealbook://To%20You%20Sweetheart%20Aloha%3DComposer%20Unknown%3DMedium%20Swing%3DC%3Dn%3D%5B*iT44C%2CpsC%23o7%2Cp%7CD-%2CpG%2B%2Cp%7CC%2CpAb7%2Cp%7CG7%2CppG%2B%2C%7C%5B*AlC%20%20%20%7ClC7%20%20%20%7ClF%20lA7%20%7CD7%20%20sD%2B%2C%7C%7ClG7%20%20%20%7CF%20G7%20%7CC%20Go%20%7CD-%20G7%20%7C*BC%20%20%20%7CEbo%20%20%20%7CD-%20A7%20%7CD7%20%20%20%7CD-%20%20%20%7CG7%20%20%20%7CC6%20%20%20%7CGadd9%20%20%20%7C*CC%20%20%20%7CC7%20%20%20%7CF%20A7%20%7CD7%20%20sD%2B%2C%7ClG7%20%20%20%7CF%20%20%20%7CE7%20%20%20%7CE7%20%20%20%7CA%2B%20%20%20%7CA7%20%20%20%7CDadd9%20%20%20%7CDadd9%20%20%20%7CG7%20%20%20%7CD-%20G7%20%7CC%20F-6%20%7CC%20%20%20Z
1c97aea8-e090-4e62-ba32-ffb3870fdae5,irealbook://Hjertet%20Ser=Busck%20Karen=Pop=Db=n=%5b%2aAT44lDbsus%20%20%20%7c%20%20%20%20%7cDb%2a%2a%20%20%20%7c%20%20%20%20%7cGb%2d7%20%20%20%7c%20%20%20%20%7cB%2a%2a%2fDb%20%20%20%7cDb%2a%2a%20%20%20%7cDbsus%20%20%20%7c%20%20%20%20%7cDb%2a%2a%20%20%20%7c%20%20%20%20%7cGb%2d7%20%20%20%7c%20%20%20%20%7cBb%2d7%20%20%20%7c%20%20%20%20%7cGb%2a%2a%20%20%20%7c%20%20%20%20%7cDb%2a%2a%20%20%20%7c%20%20%20%20%5dY%5b%2aBGb%2d7%20Gb2%2fAb%20%7cDb%2a%2a%20%20%20%7cGb%2d7%20Gb2%2fAb%20%7cBb%2d7%20%20%20%7cGb%2d7%20Gb2%2fAb%20%7cBb%2d7%20%20%20%7cEb%2d%20%20%20%7cGb%2a%2a%2fAb%20%20%20%7cDb%2a%2a%20%20%20%7c%20%20%20%20%7c%20%20%20%20%7c%20%20%20%20%5dY%5b%2aCE%5e%20%20%20%7cEb%2d7%20%20%20%7cDb%20%20%20%7c%20%20%20%20%7cE%5e%20%20%20%7cEb%2d7%20%20%20%7cF%2d7%20Db%2fBb%20%7cEb%2d7%20Gb%2fAb%20%5d%20
1ccd5069-4262-4882-b0b0-01f50612672a,irealbook://Ironic%20fa%C3%A7on%20Sandra%201%3DMorissette%20Alanis%3DPop%3DBb%3Dn%3D%5B*iT44%3C*68%20%20Intro%3EEb**%20%20%20%7CF**%20%20%20%7CEb**%20%20%20%7CEb**%2C%3CBb%20A%20F%3E%20%20Eb**%5D%7B*A%3C*69%20Verse%201%3EG*m*%20%20%20%7CEb**%20%20%3C*03x4%3E%20%7DA**%2C%20Bb**%2C%20%7CA**%2C%20G*m*%20%5D%7B*B%3C*69%20Chorus%201%3EF**%2C%20Bb**%2C%20%7CF**%2C%20G*m*%2C%20%7DAb**%2C%20Eb**%2C%20%7CF**%2C%20%20%20%5D%7B*A%3C*69%20verse%202%3EA**%20Bb**%20%7CA**%2C%20G*m*%3Cx5%3E%20%7D%20%20%20%20%20%20%20%20%7B*B%3C*69%20Chorus%202%3EF**%2C%20Bb**%2C%20%7CF**%2C%20G*m*%2C%3Cx3%3E%20%7D%7CAb**%2C%20Eb**%2C%20%7CF**%2C%20%20%20%5D%7B*C%3C*69%20Bridge%3EEb**%2C%20%20%20%7CF**%20%20%3C*03x3%3E%20%7DEb**%20%20%20%7CEb**%3CBb%20A%20F%3E%20%20Eb**%5D%7B*A%3C*69%20Verse%203%3EA**%2CBb**%2C%7CA**%2C%3C*03x4%3EG*m*%7D%7Cn%20%7BA**%2CBb**%7CA**%2C%3C*03x2%3EG*m*%7D%20%20%20%20%20%20%7B*B%3C*69%20Chorus%203%3EF%2C%20Bb%2C%20%7CF%2C%20G*m*%2C%3C*03x2%3E%20%7DAb%2C%20Eb%2C%20%7CF%2C%20%20%20%5D%7B*D%3C*69%20Outro%3EEb**%2C%20%20%20%7CF**%2C%20%20%20%7DEb**%2C%20%20%20%7CEb**%2C%3CBb%20A%20F%3E%20%20Eb**Z%20
1c1a57b3-e035-499a-a194-b9e03502942b,irealbook://Mercy%20Mercy%20Mercy%3DZawinul%20Joe%3DFunk%3DBb%3Dn%3D%5B*AT44Bb7%20%20%20%7CEb7%20%20%20%7CBb7%20%20%20%7CEb7%20%20%20%7CBb7%20%20%20%7CEb7%20%20%20%7CBb7%20%20%20%7CEb7%20%20%20%5D%5B*BBb%20Eb/Bb%20%7CBb7%20Eb/Bb%20%7CBb%20Eb/Bb%20%7CBb7%20Eb/Bb%20%7CBb%20sBb/D%2CEb%2C%7ClF7sus%20%20%20%7CBb%20sBb/D%2CEb%2C%7ClF7sus%20%20%20%7CC-7%20%20%20%7CD-7%20%20%20%7CsG-%2CF%2CG-%2CF%2C%7ClG-%20%20%20Z
1c61f276-06ee-4879-8cb6-51507b62e6e7,irealbook://Mademoiselle%20Chante%20Le%20Blues%20%28album%20version%29=Kaas%20Patricia=Blues=D%2d=n=%5b%2aiT44D%2d7%20%20%20%7cBb7%2c%20A7%2c%20%7cD%2d7%2c%20%20%20%7cBb7%2c%20A7%2c%20%7cG%2d7%2c%20%20%20%7cBb7%2c%20%20%20%7cA7%2c%20%20%20%7cfA7%20%20%20%5d%7b%2aASD%2d7%2c%3c%2a69%283rd%20time%20play%20Part%20A%20in%20Eb%29%3e%20%7cx%20%7cG%2d7%20%7cx%20%7cA7%20%7cA7%2c%20%28C%2a%2a%29%7cD%2d7%2c%20%7cx%20%7cD%2d7%2c%20%7cx%20%7cG%2d7%20%7cx%20%7cA7%20%7cA7%2c%20%28C%2a%2a%29%7cD%2d7%2c%20%7cx%20%7cG%2d7%2c%20%20%20%7cA7%2c%20%20%20%7cA7%20%20%20%7cD%2d7%20%20Q%20%7cN1Bb7%2c%20A7%2c%20%20%7cD%2d7%2c%20%20%20%20%7cBb7%2c%20%20A7%20%20%7d%7cN2G%2d7%2c%20%20%20%7cBb7%2c%20%20%20%7cA7%2c%20%20%20%7cA7%20%20%20%5d%5b%2aBF%2a%2a%2c%20F%2a%2a%2fA%2c%20%7cBb%2a%2a%2c%20Bo%20%7cF%2a%2a%2fC%2c%20D%2d7%2c%20%7cG7%2c%20C7%2c%20%7cD%2d7%2c%20D%2d7%2fC%2c%20%7cG%2a%2a%2fB%2c%20G%2d%2fBb%2c%20%7cA7%2c%20%20%20%7c%3c%2a69D%2eS%2eal%20Coda%3eA7%2c%20Bb7%20%5d%5bQAb%2d7%2c%20%20%20%7cB7%20%20%20%7cBb7%2c%20%20%20%7cBb7%20%20%20%7c%7b%3c%2a69Repeat%20and%20fade%3eEb%2d7%2c%20%20%20%7cB7%2c%20Bb7%2c%20%7d%20
1cee3268-08bd-4225-af7d-d84a81d927d8,irealbook://Nightfly%20%282%20.%202%29%20%2C%20The%3DFagen%20Donald%3DMedium%20Swing%3DG%3Dn%3D%7CEb7%239%20%20%20%7CE%5E7%20%20%20%7CE%5E7%20B%5E7%20%7CBb-11%20Eb7%239%20%7CAb-9%20%20%20%7CAb7%20%20%20%7CAb11%20Gb7sus%20%7CA%5E13%20%20%20%7CEb7%20%20%20%7CE69%20%20%20%7CAb-%20%20sEb%7C%20%20%20%20%7ClAb/B%20F7%2311%20%7CE%5E7%20A13%20%7CEb7%239%20F/Ab%20%7CDb11%20Gb11%20%7CF9sus%20%20%20%7C%3CA%20Solo%20to%20B%20%3EA-7%20D9%235%20%5D%20
1c494631-4171-4ef8-a512-5b49a0559cd2,irealbook://Seven%20Is%20Heaven%3DLindgren%20Magnus%3DGrooveSwing%3DC%3Dn%3D%7B*AT78D-7%20%20%20%7CG7%20%20%20%7CN1Eh%20A7%20%7CD-7%20%20%20%7D%7CN2Eh%20A7%20%7CD-7%20%20%20%5B*BT44C7sus%20%20%20%7CC13%2311%20%20%20%7CBb%5E7%20%20%20%7Cx%20%20%20%7CB-7%20%20%20%7CAb-7%20%20%20%7CA-7%20%20%20%7CA7%239%20%20%20%5DT78D-7%20%20%20%7CG7%20%20%20%7C%7CEh%20A7%20%7CD-7%20%20%2CQ%2C%20Z%20%20%20%20%20%20%20%20%7BQT44C13sus%20%20%20%7Cx%20%20%20%7CC13%2311%20%20%20%7Cx%20%20%20%7D%20
1c62a25e-3c0e-48bf-a2f9-2bd56af99cf7,irealbook://Simple%20Bolero%3DPatitucci%20John%3DLatin%20%20Cuba-Bolero%3DE-%3Dn%3D%5BT44E-7%20%20%20%7C%20x%20%20%7C%20x%20%20%7C%20x%20%20%7CA-7%20%20%20%7C%20x%20%20%7CE-7%20%20%20%7C%20x%20%20%7CC13%2311%20%20%20%7CB7%239%235%20%20%20%7CE-7%20%20%20%7C%20x%20%20Z%20
1c27c636-7bf7-4ef7-97da-1e5b7dfd699f,irealbook://Song%20For%20My%20Father%3DSilver%20Horace%3DLatin%3DF-%3Dn%3D%7B*AT44F-7%20%20%20%7C%20x%20%20%7CEb7%20%20%20%7C%20x%20%20%7CDb7%20%20%20%7CC7sus%20%20%20%7CF-7%20%20%20%7C%20x%20%20%7D%5B*BEb7%20%20%20%7C%20x%20%20%7CF-7%20%20%20%7C%20x%20%20%7CEb7%20Db7%20%7CC7%20%20%20%7CF-7%20%20%20%7C%20x%20%20Z%20
1c7312e4-be23-4468-9c80-053a7c0bfe5f,irealbook://Stars%20Fell%20On%20Alabama%201%3DPerkins%20Frank%3DBallad%3DF%3D44%3D%7B*A%3C%20AABA%3EF6%20F%23o7%20%7CG-7%20C7%20%7CF6%20%20%20%7CA-7%20Ab-7%20%7CG-7%20%20%20%7CC7%20%20%20%7C!F6%20F%23o7%20%7CG-7%20C7%20%7D%20%20%20%20%20%20%20%20%7C@F6%20Bb-7%20%7CF6%20%20%20%5D%5B*BG-7%20C7%20%7CF%5E7%20F%23o7%20%7CG-7%20C7%20%7CF6%20F%23o7%20%7CsG-%2CG-/F%2CE%C3%B8%2CA7%2C%7ClD-7%20D-7/C%20A%20E7%20%7CA%20%2ClC7%2C%20%5D%20
1c44b2ab-d34a-4836-9b44-d3c61e6b9362,irealbook://Superchops%204%20A-B%3DRoberts%20Howard%3DMedium%20Swing%3DAb%3Dn%3D%5B%2C*A%2CT44F-7%20%20%20%7CBb-7%20%20%20%7CEb13%20A9/C%23%20%7CC-7%20D7%239%2311%20%7CDb%5E7%20Db6%20%7CD-11%20Db7%2311%20%7CC%5E7%20D-7%20%7CE-7%20A-7%20%7CC-7%20%20%20%7CF-7%20%20%20%7CBb9%20D/Bb%20%7CEb%5E13%20A7b5%20%7CAb%5E7%20Ab69%20%7CA-11%20Ab7b5%20%7CG%5E7%20%20%20%7CBb13%20%20%20%5D%5B%2C*B%2CA-9%20%20%20%7CAb/D%20%20%20%7CG%5E7%20%20%20%7CE-7%20%20%20%7CF%23-11%20%20%20%7CB7%239b5%20%20%20%7CE%5E9%20%20%20%7CD7%2311/A%20%20%20%5D%5B%2C*C%2CF-7%20%20%20%7CBb-7%20%20%20%7CE-7%20A9%20%7CAb%5E7%20Ab13b9%20%7CDb%5E7%20%20%20%7CDb-9%20%20%20%7CC-7%20%20%20%7CB13%2311%20%20%20%7CBb-7%20%20%20%7CEb13%20%20%20%7CAb%5E7%20%20%20%7CG-7b5%20C7%235%20Z
1c6971fc-905a-4c0b-bc04-a9946df93545,irealbook://Thousand%20Years%2C%20A%3DPerri%20Christina%3DMedium%20Swing%3DBb%3Dn%3D%5B*CT44Bb%20%20%20%7CG-%20%20%20%7CEb%20%20%20%7CBb/F%20F%20%5DY%7B*AEb%20%20%20%7CBb/D%20%20%20%7CG-%20%20%20%7CF/A%20Bb%20%7D%5B*BC-%20%3Ctwice%20after%20instrumental%20into%20chorus%3E%20%20%7CG-%20F%20%5D%20%20%20%20%20%20%20%20%3CVERY%20SLOW!!!!%3E%20
1c219ae1-8599-44b4-a3c4-3fe4b4ef71c8,irealbook://Un%20Homme%20Heureux%3DSheller%20William%3DMedium%20Swing%3DC%3Dn%3D%7B*iT44%3C*09Intro%3EC-%20%20%20%7CF-6%2C%20%20%20%7DC-%20%20%20%7CF-6%20G7%20%7C%7B%2C*v%2C%3C*06Couplet%3EC-%20%20%20%7CF-6/Ab%20%20%20%7CF-7%20%20%20%7C%20x%20%20%7CEb/G%20%20%20%7CF-7%20F-6%20%7CE-7b5%20C/E%20%7CC-/Eb%20%20%20%7CD-7b5%20%20%20%7C%20x%20%20%7CGsus%20%20%20%7CG%20%20%20%7D%7B%2C*B%2C%3C*09Refrain%3EC-%20%20%20%7CBb/D%20%20%20%7CEb%20%20%20%7CAb%20%20%20%7CEb%20G-/D%20%7CC-%20G-/Bb%20%7CF7/A%20%20%20%7CD7%20G%2C%20%5DC-%20%20%20%7CF-6/C%20%20%20%7CN1C-%20%20%20%7CF-6/C%20G7/C%2C%20%7D%20%20%20%20%20%20%20%20N2C-%20%20%20%7CF-6/C%20%20%20%5D%7BC-%20%20%20%7CF-6/C%20G7/C%20%7CC-%20%20%20%7CF-6/C%20G7/C%20%7D%7CC-%20%20%20%7C%20%20%20fU%20%5D%20
1cc6a5c9-74a0-4f7e-99f7-a656e992664e,irealbook://Up%20The%20Scale:%20Chord%20Steps%20Pg2%3DSharp%20William%3DGypsy%20Jazz%20%20%20mm112%3DAb%3Dn%3D%5BT44%3C*64%20I%20Maj7%3EB%5E7%20%20%20%7C%3C*66ii%20min7%3EC%23-7%20%20%20%7C%3C*68iii%20min%207%3ED%23-7%20%20%20%7C%3C*70IV%20Maj%207%3EE%5E7%20%20%20%7C%3C*62%20V7%3EF%237%20%20%20%7C%3C*64%20iv%20min7%3EG%23-7%20%20%20%7C%3C*68%20vii%20half%20dim%3EA%23h%20%20%20%7CfB%2Cn%20%20%5D%5BT44%3C*64%20I%20Maj7%3EDb%5E7%20%20%20%7C%3C*66ii%20min7%3EEb-7%20%20%20%7C%3C*68iii%20min%207%3EF-7%20%20%20%7C%3C*70IV%20Maj%207%3EGb%5E7%20%20%20%7C%3C*62%20V7%3EAb7%20%20%20%7C%3C*64%20iv%20min7%3EBb-7%20%20%20%7C%3C*68%20vii%20half%20dim%3ECh%20%20%20%7CfDb%2Cn%20%20%5D%5BT44%3C*64%20I%20Maj7%3EEb%5E7%20%20%20%7C%3C*66ii%20min7%3EF-7%20%20%20%7C%3C*68iii%20min%207%3EG-7%20%20%20%7C%3C*70IV%20Maj%207%3EAb%5E7%20%20%20%7C%3C*62%20V7%3EBb7%20%20%20%7C%3C*64%20iv%20min7%3EC-7%20%20%20%7C%3C*68%20vii%20half%20dim%3EDh%20%20%20%7CfEb%2Cn%20%20%5D%5BT44%3C*64%20I%20Maj7%3EE%5E7%20%20%20%7C%3C*66ii%20min7%3EF%23-7%20%20%20%7C%3C*68iii%20min%207%3EG%23-7%20%20%20%7C%3C*68IV%20Maj7%3EA%5E7%20%20%20%7C%3C*62%20V7%3EB7%20%20%20%7C%3C*64%20iv%20min7%3EC%23-7%20%20%20%7C%3C*68%20vii%20half%20dim%3ED%23h%20%20%20%7CfE%2Cn%20%20%5D%5BT44%3C*64%20I%20Maj7%3EGb%5E7%20%20%20%7C%3C*66ii%20min7%3EAb-7%20%20%20%7C%3C*68iii%20min%207%3EBb-7%20%20%20%7C%3C*68IV%20Maj7%3EB%5E7%20%20%20%7C%3C*62%20V7%3EDb7%20%20%20%7C%3C*64%20iv%20min7%3EEb-7%20%20%20%7C%3C*68%20vii%20half%20dim%3EFh%20%20%20%7CfGb%2Cn%20%20%5D%5BT44%3C*64%20I%20Maj7%3EAb%5E7%20%20%20%7C%3C*66ii%20min7%3EBb-7%20%20%20%7C%3C*68iii%20min%207%3EC-7%20%20%20%7C%3C*68IV%20Maj7%3EDb%5E7%20%20%20%7C%3C*62%20V7%3EEb7%20%20%20%7C%3C*64%20iv%20min7%3EF-7%20%20%20%7C%3C*68%20vii%20half%20dim%3EGh%20%20%20%7C%2CU%2CfAb%2Cn%20%20%5D
