id,url
24c06d09-3725-4416-8e54-098f56b0af05,irealb://What%20A%20Wonderful%20World%20%2D%20tradjazz%2Dru=Weiss%2DThiele==Ballad=F==1r34LbKcu7FZL7C4F%20A%2DG%7CQyXbDZL%2DD%207ALZF%207%2DGZL%2DA%20bBZL%2D7%2FC%204TA%2A%5B%7CQyXbBb%5E7%20%207AZLF%207%2DGZL%2DAb%20BZL%2DA%20FA%2A%5B%5D%207CD%2DLZDZL%2BF%20A%20%2DD%7C%20C7LZQyX7C%7CQyXF%7CQyXC7B%2A%5B%5DQyXFZLbB%20F%7CFXyQC%2F7%2DGA%20bBZ%20A%2DLZlA%2A%5B%5D%2C7C%2C7%2DG%2CoF%23%2C7%2DGsZL7o%23F%20%2DDF%20A%2DL%2DDZL%2DG%7CQyX7%20FLZE%2F7hA%20FZL7C%20C%2F%2D7G%7CQyXbDZL%2DD%207AbLZD7%2DGZL%2D%2D7XyQ%7CG%2D7%2FC%20C7b9LZF%20Bb6LZFXyQZ%20==0=0
249800e7-6e41-41f7-a02d-43e02eac515b,irealb://Devil%20May%20Care%3DKirk%20T.P.%3D%3DMedium%20Up%20Swing%3DG-%3D%3D1r34LbKcu7%7CQyX-AG-%20E7D%209b7AZL7hE%20-ZGL9b7D%205b7AZL7hb9LZG*%5B44T7-G%20-Q%7CEb97D%209b7AZL7hE%20-%7CGQyX9b7D%7CQyX11%23b9LZGyX7hE7-CB*o7%20BbDpp%7CQyX-G%7CQyX59%23b7D%7CQyX7hAZL7ob9%20%5D%5BEZLF/%206bBZ7XyQ%7CbB%7CQyX7F%7CQyX7-%7CCQyX7obD%7CQyX6bB%20Bb%2BLF%7CQyXG%7CQyXZBb-7QyX7hAZL%20lcKQy7X%5EbA%7CQyX7bE%7CQyX%7CD7b9L7%5EbBD%209b7%7CEb7%20E%20-GZL9b7D%209b7ZAL7hE%20-GC*%5B%5D%207Dh7LZAQyX7%5Eb9%237DG-%20G-hAZL%20lcKQyX11%2313bE%7CQyX7hEZLF/77XyQ%7CZL9b75XyQ%7CG-%20%20%28Eh7%29LZ%20%28A7b9%29x%20%28D7b9%29%20Z%20%3D%3D0%3D0
2480c0e2-c7e0-40e9-bdf4-322831c1e739,irealb://%4C%65%74%20%4D%65%20%45%6E%74%65%72%74%61%69%6E%20%59%6F%75%20%28%47%69%67%29=%57%69%6C%6C%69%61%6D%73%20%52%6F%62%62%69%65==%46%75%6E%6B%20%52%6F%63%6B=%44==%31%72%33%34%4C%62%4B%63%75%37%33%36%2A%3C%69%2A%36%30%4A%75%4C%6E%5A%4C%6E%5A%4C%6E%3E%73%74%61%68%20%6E%64%61%20%65%6E%69%72%6F%62%6D%61%74%20%74%73%5A%6E%20%7B%2A%3C%34%34%54%5B%73%72%65%56%20%6F%20%70%69%61%2A%7B%7D%20%44%5A%4C%36%2D%44%5A%4C%37%2D%5A%44%4C%44%3E%70%75%20%64%6C%69%75%62%20%6F%6E%41%3C%2A%36%30%72%74%6E%49%20%20%36%36%2A%3C%6E%64%20%32%3E%44%5A%4C%36%2D%44%5A%4C%37%2D%44%5A%4C%44%4C%5A%44%5A%4C%36%2D%44%5A%4C%37%2D%44%5A%4C%44%20%5D%5B%2A%42%61%20%31%20%65%59%7D%20%44%6C%73%3E%44%4C%5A%45%28%43%2C%47%73%5A%4C%46%5A%4C%44%5A%4C%6C%44%7C%29%42%2F%2D%45%28%43%2C%47%73%5A%4C%46%2D%2F%42%29%7C%75%72%6F%68%43%6C%20%65%67%64%36%33%20%33%20%36%2A%3C%43%2A%7B%7D%20%44%5A%4C%36%2D%44%4C%5A%37%2D%44%5A%4C%44%3E%33%20%65%73%72%65%76%33%20%42%72%69%2A%3C%41%2A%7B%4C%44%3E%73%75%64%20%62%75%69%36%36%2A%3C%42%2A%7B%59%7D%20%44%5A%4C%44%47%2F%5A%4C%44%2F%46%5A%4C%44%3E%70%75%20%64%6C%20%43%68%6F%72%6E%61%20%77%6F%42%20%33%36%2A%47%2C%43%28%45%7D%20%44%6C%7C%29%42%2F%2D%45%28%43%2C%47%5A%73%4C%46%5A%4C%44%5A%4C%44%6C%7C%29%42%2F%2D%59%7B%2A%43%3C%73%5A%4C%46%5A%20%64%6C%69%75%20%32%3E%44%4C%69%70%20%6F%72%74%6E%49%20%33%36%2A%3C%69%7B%2A%7D%20%44%5A%4C%44%2F%47%5A%4C%44%2F%46%5A%61%6E%6F%20%62%65%67%64%69%72%4C%46%5A%4C%44%5A%44%2D%37%4C%73%20%64%6E%61%20%73%75%72%6F%68%43%20%32%2A%37%3C%42%2A%7B%59%7D%20%44%5A%4C%36%2D%44%5A%6F%6C%6F%73%3E%4C%44%3E%70%75%20%65%6D%6F%63%28%45%2D%2F%42%6D%6F%43%22%20%20%51%79%58%30%36%2A%3C%51%20%7D%44%6C%3E%65%75%63%20%6C%6C%69%54%3C%7C%29%65%20%6F%6E%20%43%2C%47%73%5A%75%72%6F%68%43%4C%5A%46%2F%44%42%2A%7B%20%44%5A%4C%42%2F%47%5A%4C%43%2F%5A%46%4C%44%7C%59%5A%4C%44%5A%4C%44%2F%47%5A%4C%3C%2A%37%32%20%44%3E%22%6E%6F%44%6C%3E%65%75%20%6D%6F%72%65%54%39%30%2A%3C%55%7C%29%42%2F%2D%45%28%43%47%2C%73%5A%4C%46%5A%4C%44%3E%73%6F%6C%6F%73%20%69%6C%6C%20%63%64%6E%61%20%73%20%7D%20=%50%6F%70%2D%53%6D%6F%6F%74%68=%31%34%30=%31
2405e109-ad03-4cf9-b8f3-ab49dec477a3,irealb://%52%75%70%65%72%74%61%20%28%50%65%72%75%20%47%69%67%29=%41%6E%67%65%6C%20%41%6E%69%62%61%6C%20%52%6F%73%61%64%6F==%41%66%72%6F=%46%2D==%31%72%33%34%4C%62%4B%63%75%37%20%2D%23%46%5A%32%46%23%2D%58%2D%23%46%32%4E%5B%7D%51%79%58%2D%23%46%31%5A%4E%4C%20%6C%63%4B%51%79%58%37%23%43%7C%51%79%20%43%23%37%4C%31%54%69%2A%7B%58%2D%23%46%3E%46%23%2D%20%43%74%73%45%20%39%36%2A%3C%41%2A%7B%51%79%58%23%2D%46%5A%4C%37%23%43%20%2D%23%46%5A%4C%37%23%72%6F%66%61%73%5A%4C%37%23%43%42%2A%5B%20%6E%37%58%79%51%4B%4C%20%6C%63%4B%51%79%58%37%23%43%7C%51%79%2D%58%23%46%7C%51%79%58%2D%23%46%5A%4C%20%6C%63%5A%46%23%2D%20%23%43%7C%51%79%79%58%2D%23%46%43%6F%72%6F%3E%23%43%7C%51%79%58%2D%23%46%7C%51%79%58%37%43%23%7C%51%79%58%2D%23%46%7C%51%79%58%37%23%43%37%58%79%51%7C%20%39%36%2A%3C%3E%65%75%63%20%58%79%51%7C%46%31%2A%3C%20%5A%4C%20%6E%20%3E%6E%6F%6A%61%20%43%20%32%37%2A%3C%43%2A%7B%7D%51%79%58%2D%23%32%54%69%6C%6C%37%23%43%7C%51%58%37%23%43%7C%58%79%51%20%7B%46%7C%51%79%58%37%23%43%3E%67%6E%69%64%6E%20%45%26%20%73%75%72%6F%68%43%39%36%2A%3C%42%2A%23%2D%58%79%51%7C%7D%20%20%6E%79%51%7C%46%23%2D%3C%2A%31%32%20%20%54%69%6C%6C%20%63%75%65%3E%58%79%51%7D%20=%4A%61%7A%7A%2D%41%66%72%6F%20%31%32%2F%38=%31%31%30=%33
2410cc75-37b3-4971-8037-e1a5f1f65dec,irealb://%52%69%70%74%69%64%65%20%28%47%69%67%29=%4A%6F%79%20%56%61%6E%63%65==%43%6F%75%6E%74%72%79=%41%2D==%31%72%33%34%4C%62%4B%63%75%37%47%5A%4C%2D%41%34%41%2D%4C%5A%20%6F%6E%20%73%6D%75%72%64%20%6F%6E%20%20%36%36%2A%3C%41%2A%7B%7D%20%78%5A%4C%43%5A%4C%47%62%61%73%73%3E%34%54%69%2A%7B%22%68%75%75%75%78%20%7D%7B%3C%75%22%30%36%2A%3C%7C%7D%20%78%5A%4C%43%5A%47%4C%5A%4C%2D%41%3E%6E%69%20%6C%6C%41%36%36%2A%75%75%75%68%20%5A%4C%43%5A%4C%73%75%72%6F%68%47%4C%5A%43%4C%3C%42%2A%7B%20%6E%5A%4C%43%3E%70%6F%74%73%31%32%2A%3C%5A%4C%47%5A%4C%2D%41%7C%5A%4C%78%5A%2A%36%38%20%43%5A%4C%2D%41%3E%6E%69%20%65%68%47%4C%5A%43%4C%6F%67%20%2C%6F%70%61%43%20%61%44%34%30%2A%5A%3C%4C%43%5A%4C%47%5A%4C%2D%41%7C%5A%4C%78%5A%20%74%6F%20%74%5A%4C%2D%41%3E%78%5A%4C%78%5A%20%7D%58%79%51%3E%66%66%69%72%20%72%61%74%69%75%67%20%2C%6F%70%74%73%20%38%36%2A%3C%5B%59%20%20%51%79%58%43%4C%5A%78%4C%78%3E%6F%72%74%5A%4C%78%5A%4C%2A%36%36%20%42%4C%47%5A%4C%78%5A%4C%2D%41%3E%22%61%6E%6E%77%61%20%74%73%75%6A%20%49%22%20%65%67%64%69%72%5A%78%4C%5A%43%3C%43%2A%5A%4C%59%20%20%51%79%5A%41%2D%4C%5A%20%6E%5A%4C%46%3E%70%6F%74%73%20%36%31%2A%5A%3C%4C%78%5A%4C%43%5A%4C%78%5A%4C%47%5A%4C%78%5D%58%79%51%58%4C%78%5A%4C%46%3C%5A%4C%43%5A%36%36%20%20%61%41%5A%4C%78%5A%4C%43%5A%4C%47%5A%4C%2D%41%73%3E%64%72%6F%68%63%20%6E%6F%20%74%6E%65%63%63%2D%4C%5A%47%4C%2A%3C%44%2A%5B%43%5A%4C%47%5A%69%74%3E%78%20%73%61%62%20%26%20%6D%75%72%64%20%6F%6E%20%75%73%72%6F%68%63%20%20%34%36%2A%3C%43%2A%7B%5D%73%3E%41%2D%4C%72%20%32%31%2A%20%6C%6C%61%20%7B%2A%43%3C%2A%43%2A%7B%7D%20%78%5A%4C%43%5A%4C%47%5A%4C%41%2D%3E%6B%63%69%6B%20%73%75%6C%70%20%20%36%36%3C%2A%36%38%20%7D%20%78%5A%4C%67%6E%69%64%6E%2D%4C%5A%47%4C%2A%3C%5B%7D%20%3E%78%34%30%31%2A%3C%78%5A%43%4C%5A%4C%47%5A%4C%2D%41%5A%4C%78%5A%4C%43%5A%36%32%20%20%65%41%3E%20%6E%69%3E%41%2D%4C%5A%47%4C%5A%2C%55%2C%66%43%20%5A%20==%30=%30
24dfb83a-891e-4200-84ed-2972d91b39c5,irealb://Agua%20De%20Beber=Jobim%20Antonio%2DCarlos==Bossa%20Nova=D%2D=0=1r34LbKcu7QyX7%2D4D%2D7Xb7A%209%237E%7CQyX7%2DZDL31b7A%209%237E%7CQy13LZD4Ti%2A%7BG%7CQyXXyQ%7CDyXtla7A%7CQyX9b7AE%2A%5BY%7D%20%20lcKQyX7%2DQ%7CD%2D77%5EbB%7C7FZL7G%2D7Xy%2DDZL7bE%207EZL%20lKcQyX7%5EF%7CQyX7C%7CQ7%20Dbo%7CQyX7%5BY%5DQy%7CE7%239%7CQyX7%2DD%7CQyXsusA7%7CQyX9b7E%7CQyXB%2FD7b9XQyXC%2F%7CQyX7yQ%7CG%2DX7%2DG%7CQyX7G%7CQyXb97D%7CQyX7%2DD%7CQyX7yQ%7CD%2DX7GB%2AL31b7XyQ%5DYE%7CQyX7%2DDZL31b7%20A9%237E%7CQyX7%2DDC%2A%5B7%239%20A31b7AZD%2D7XyQ%7CBb%5E7XyQ%7CD%2D7XyQKcl%20%20Z%20=Jazz%2DBossa%20Nova=140=3
241275cb-6f2f-40be-9f08-22770fa6e6de,irealb://Swing%2048%20%2D%20rn=Reinhardt%20Django==Medium%20Swing=G%2D==1r34LbKcu7GA%2A%5BY4G%2D6%207DZLbB%2F%2DG%206%2DGZ7LD%205b7%2DAZLbB%2F%2DG%2Cn%20%20%5D4Ti%2A%5BbEZL%2CKcl%20LKQyX6%2DGZL%20lcKQXy6%2DCZL%20x%20ZL%20x%20Zcl%20%2CQQyX6%2D%7CQyX7D7XyQ7bE%2CQ%2C%7BY%5D%207D%2057b%2DAZLbB%2F%2DG%206%2DG%7CXyQ%7CD%7CQyX7G%2D%5E7XyQKcl%2C%20%3C3x%3E%20%7D%20=Jazz%2DGypsy%20Jazz=240=3
2475bbc2-c27c-45d6-9408-6c8467bcca01,"irealb://%41%6E%63%68%6F%72%73%20%41%77%65%69%67%68%20(%4E%61%76%79%27%73%20%54%68%65%6D%65%20%53%6F%6E%67)%20%20%20%5B%23%5D=%62%65%32%73%68%61%72%70%20%41%52%52%3A==%5A%7A%20%45%78%70%65%72%69%6D%65%6E%74%20%57%69%74%68%20%53%74%79%6C%65%73=%47==%31%72%33%34%4C%62%4B%63%75%37%61%65%52%69%20%79%51%20%20%4D%64%6E%61%20%67%6E%6F%73%20%72%75%6F%79%20%6F%66%20%73%79%65%6B%20%65%68%74%20%68%63%74%61%20%74%68%69%73%58%34%35%2A%3C%66%6F%20)%79%3E%20%3C%2A%32%74(%20%64%72%6F%68%63%20%74%73%61%6C%20%68%65%74%20%65%6D%61%4E%20%2E%74%72%61%68%63%36%68%65%20%6B%65%6F%72%50%20%6C%6D%69%6D%20%6F%20%73%6F%6E%67%73%69%68%54%20%20%51%79%58%30%36%2A%3C%51%58%79%51%79%58%51%79%58%51%79%58%51%79%58%3E%2E%20%69%6E%74%72%72%75%6F%79%20%65%6D%20%74%61%65%61%73%75%72%6C%50%34%33%2A%3C%20%3E%2E%67%6E%6F%73%20%69%73%68%74%20%66%6F%20%32%33%2D%39%32%20%73%65%61%79%20%74%68%6D%20%73%63%69%58%51%79%58%51%20%6F%72%20%74%51%79%58%3E%2E%6E%65%74%73%69%6C%20%74%73%6A%75%20%72%6F%20,%73%64%72%6F%68%63%20%65%68%58%79%51%58%79,%79%64%6F%6C%47%5A%4C%37%44%58%79%51%20%20%78%5A%4C%2D%45%5A%4C%78%5A%4C%47%41%2A%5B%20%5D%47%5A%4C%47%5A%4C%37%44%5A%4C%47%69%2A%5B%4C%5A%47%4C%5A%51%79%58%51%79%4C%2D%45%5A%4C%7C%43%4C%5A%78%5A%4C%78%5A%4C%37%44%5A%4C%78%5A%4C%37%41%7C%6C,%47,%37%44%7C,%6F%47,%47%73%5A%4C%7C%47%4C%5A%78%5A%4C%78%5A%4C%5A%4C%47%6C%3E%4C%5A%44%37%4C%2A%3C%7C,%2D%45,%6F%62%45%7C,%2D%45%47,%73%5A%4C%78%5A%4C%43%5A%4C%78%5A%4C%47%5A%36%30%20%32%39%47%5A%4C%78%5A%6F%20%72%61%62%33%30%3E%44%37%2A%3C%43%51%5B%59%5D%20%78%3E%32%33%20%30%2A%36%3C%5A%4C%47%3E%31%33%20%32%36%2A%3C%5A%4C%37%34%20%38%2D%20%30%36%2A%3C%73%5A%4C%78%5A(%72%65%70%65%6E%6F%73%20%65%68%74%20%66%6F%20%73%72%61%20%62%38%20%74%73%61%6C%20%65%68%74%20%73%74%61%67)%2E%3E%4C%20%6F%72%74%75%20%61%20%68%74%7C%45%62%6F,%6C%50%20%20%51%79%58%32%33%2A%3C%5A%20%78%5A%55%4C%47%5A%4C%37%44%5A%4C%47%6C%7C,%2D%45%61%79%20%77%69,%2D%45,%47%61%4A%20,%65%74%65%64%20%74%65%20%72%6F%66%3C%20%3E%67%6E%69%73%75%20%30,%35%31%20%22%6D%70%62%22%20,%6F%70%6D%65%78%61%6D%70%6C%69%72%69%70%73%65%75%6C%42%2D%64%69%75%6D%20,%72%4F%38%33%2A%3C%20%51%79%58%51%79%58%79%51%58%51%79%58%51%79%58%3E%2E%67%6E%69%77%53%20%4A%61%7A%7A%65%4D%2D%7A%7A%34%37%2A%3C%51,%20%31%35%30%51%79%58%51%79%58%51%79%58%3E%2E%22%65%74%6E%75%69%6D%20%72%65%70%20%73%74%61%65%62%22%20%58%79%51%58%79%65%74%6F%4E%20%65%54%20%6C%61%41%6C%77%61%79%6C%62%61%74%72%6F%66%6D%6F%63%20%61%20%74%20%61%67%6E%6F%73%20%61%20%6E%72%61%65%6C%20%73%65%20%69%52%65%20%20%51%79%58%73%69%20%74%61%3E%20%3C%2A%34%68%74%20%72%65%77%6F%6C%73%20%73%74%61%65%20%62%30%33%2D%30%31%20%73%70%61%68%72%65%70%34%61%6E%20%77%68%20,%6F%70%6D%79%61%6C%70%20%6E%2E%3E%58%79%75%6F%79%20%6E%65%68%57%20%20%51%79%58%30%2A%36%3C%51%79%58%51%79%58%51%79%58%51%79%58%51%20%6A%75%73%74%65%76%69%67%20%6E%69%70%6D%6F%64%73,%20%77%6C%6C%61%63%34%33%2A%3C%20%3E%73%69%20%74%20%69,%79%64%6F%6C%65%6D%20%74%75%6F%68%74%69%65%64%20%22%63%72%6F%68%63%20%58%51%79%58%51%6F%75%20%63%61%51%79%58%3E%2E)%6F%72%74%75%6F%2F%6F%72%6E%74%69%20%65%68%74%20%22%70%6D%6F%63%22%20%6E%58%79%51%58%79%79(%20%22%67%79%51%3C%62%23%3E%20=%4A%61%7A%7A%2D%4D%65%64%69%75%6D%20%53%77%69%6E%67=%31%35%30=%33"
24884ce1-7374-4835-926e-83bc331e2fab,"irealb://%42%69%67%20%52%6F%63%6B%20%43%61%6E%64%79%20%4D%6F%75%6E%74%61%69%6E%20%20%20%20%20%20%20%20%20%20%20%20%20%20%5B%23%5D,%20%54%68%65=%62%65%32%73%68%61%72%70%20%41%52%52%3A==%5A%7A%20%53%65%74%20%61%20%53%74%79%6C%65%20%4F%66%20%59%6F%75%72%20%43%68%6F%69%63%65=%46==%31%72%33%34%4C%62%4B%63%75%37%6C%20%65%68%74%79%51%20%20%41%49%20%2E%74%72%61%68%63%20%73%69%68%74%20%6F%66%20%79%65%6B%20%65%68%74%20%74%73%75%6A%64%74%20%69%73%20%58%33%36%2A%3C%79%58%3E%2E%65%6F%74%65%3E%20%6E%6F%73%20%72%75%6F%79%20%6E%6F%20%64%72%68%6F%63%20%74%73%61%6C%20%64%6E%61%34%33%2A%3C%67%20%70%61%67%6E%20%74%73%61%2D%35%20%73%65%79%51%58%79%51%6D%20%73%63%69%6D%69%6D%20%6F%72%74%6E%69%65%20%68%54%20%20%51%79%58%36%36%2A%3C%51%79%58%65%61%73%75%72%58%51%79%58%51%61%64%6F%63%20%74%68%65%20%63%65%6F%64%20%6F%53%20%2E%67%6E%6F%73%20%65%74%68%20%66%6F%38%33%2A%3C%20%3E%73%75%72%6F%68%73%20%74%68%65%20%66%6F%20%38%2D%20%2D%20%6E)%2E%3E%58%79%64%6F%72%74%6E%49%20%34%37%2A%3C%34%34%54%2A%69%5B%51%79%58%51%79%58%51%79%58%51%79%58%51%75%63%74%69%6F%67%61%74(%20%5A%4C%46%20%62%20%70%6C%61%79%62%42%3E%2E%6E%65%74%73%69%6C%20%72%6F%20%73,%64%72%6F%68%63%20,%79%64%6F%6C%65%6D%20%20%46%4C%5A%42%74%73%75%6A%20%7C%7D%20,%46%5A%46%58%79%51%46%7C,%37%43,%46%7C,%37%43,%46%73%3A%3E%6E%69%61%72%66%65%52%20%38%36%2A%3C%7B%5D,%43%37,%7C%4C%37%43%20%46%3E%22%65%68%74%4C%5A%43%37%4C%4F%22%20%34%30%2A%3C%66%5B%20%46%5A%4C%37%5A%43%4C%78%7C,%62%42,%46%73%7C%5A%4C%46%5A%68%20%2E%20%2E%46%5A%4C%37%43%20%32%36%2A%3C%43%37%20%5B%58%62%42%5A%4C%78%5A%4C%46%3E%20%3A%73%75%72%68%6F%43%20%37%36%2A%3C,%41%2A,%5B%20%51%79%4C%5A%46%4C%5A%66%5A%4C%37%43%4C%78%5A%4C%46%46,%7C%3C%2A%38%20%32%36%2A%3C%7C,%37%43,%46%3E%37%30%20%36%2A%3C%7C,%46,%62%42%3E%36%20%30%36%3E%46%20%5D%5B,%62%42%3E%35%78%5A%4C%78%5A%46%4C%5A%42%62,%62%42%73%5A%4C%46%5A%4C%62%42%5A%4C%78%4C%5A%46%5A%4C%37%43%5A%4C%62%42%5A%4C%46%5A%4C%46,%7C%78%4C%5A%4C%62%42%5A%5A%4C%46%5A%4C%37,%7C%46%20%5A%4C%46%73%3E%3A%73%75%72%6F%68%43%20%30%2A%36%3C%5B%20%37%43%66%5A%4C%37%43%66%42%2A%5B%78%4C%5A%42%62%43,%46%5A%4C%51%5B%20%46%3E%35%3E%42%62,%3C%7C,%37%43,%46%3E%37%20%32%36%2A%3C,%7C%46,%62%42%3E%36%20%34%36%2A%3C%7C,%46%2A%36%34%20%38%20%34%36%2A%3C%63%20%72%65%67%36%38%54%61%67%20%20%51%79%58%38%33%2A%3C%5A%20%46%55%7C%37,%43,%46%7C,%46,%62%42%7C,%46%3E%3A%41%72%72%61%6E%2A%3C,%62%42%20%51%79%58%51%3A%20%4A%61%7A%51%79%58%51%79%58%3E%30%35%31%20%6D%70%62%2F%20%73%74%61%43%20%6F%6F%44%20%6F%6F%44%2D%7A%58%79%51%58%79%65%63%69%6F%68%3C%62%23%3E%20=%4A%61%7A%7A%2D%44%6F%6F%20%44%6F%6F%20%43%61%74%73=%31%35%30=%33"
249ef152-6b4e-4aac-bd9a-f2f54aff83b3,"irealb://%4A%69%6E%67%6C%65%20%42%65%6C%6C%20%52%6F%63%6B%20%20%20%20%20%20%5B%23%5D=%62%65%32%73%68%61%72%70%20%41%52%52%3A==%5A%7A%20%45%78%70%65%72%69%6D%65%6E%74%20%77%69%74%68%20%73%74%79%6C%65%73=%47==%31%72%33%34%4C%62%4B%63%75%37%74%20%73%69%20%79%51%20%20%4D%6E%6F%73%20%72%75%6F%79%20%6F%74%20%79%65%20%6B%6C%61%65%52%69%20%65%68%74%20%68%63%74%61%67%2E%20%49%74%58%32%36%2A%3C%67%6E%6F%73%20%73%74%20%3E%20%6E%6F%20%64%72%6F%68%63%20%74%73%61%6C%20%68%65%74%20%64%6E%61%20%65%74%6F%6E%34%33%2A%3C%20%79%6F%75%72%61%6C%20%65%68%74%20%65%6B%69%2E%3E%58%79%51%6F%72%74%6E%69%20%65%68%54%20%20%51%79%58%37%30%2A%3C%51%79%58%51%79%58%51%79%58%51%79%58%20%69%73%20%6C%65%67%61%70%20%6C%65%6D%20%74%73%74%20%34%20%61%6C%50%38%33%2A%3C%20%3E%2E%67%6E%6F%73%65%20%68%74%20%66%6F%20%73%65%72%75%73%61%65%6D%79%20%74%68%61%61%6C%20%65%68%79%58%51%79%58%6F%72%20%74%68%58%51%79%58%3E%2E%6E%65%74%73%69%6C%20%74%75%73%6A%20%72%6F%20,%73%64%72%6F%68%63%20%65%79%51%58%79%51%20,%79%64%6F%5A%4C%2D%41%5A%34%34%41%2D%4C%5A%4C%47%41%2A%5B%20%20%51%79%58%51%79%58%20%5D%47%6C%7C,%37%44,%37%41%73%5A%4C%43%5A%78%4C%5A%78%4C%54%69%2A%5B%51%37%41%7C,%37%37,%7C%78%4C,%37%44,%2D%41%73%5A%4C%2D%41%5A%4C%78%4C%5A%78%5A%4C%47%5A%4C%37%44%5A%4C%2D%41%6C%5A%7C%41%2D,%44%44,%2D%41%73%5A%4C%78%5A%4C%6C%47%20%5D%5B%2A%5B%5D%20%78%5A%4C%37%44%5A%4C%78%5A%4C%41%37%5A%4C%78%5A%4C%47%5A%4C%78%5A%4C%43%42%2A%43%47%4C%5A%78%7C,%37%44,%65%68%74%20%79%2D%4C%5A%43%4C%6F%79%20%72%65%74%66%41%20%20%51%79%58%34%2A%35%3C%5D%20%47%6C%7C,%37%44,%37%41%73%5A%75%20%70%6C%61%41%5A%4C%37%45%67%61%74%E2%80%9C%20,%20%61%64%64%6C%61%63%36%32%2A%3C%20%3E,%67%6E%69%64%65%6E%20%6C%61%69%63%65%70%73%20%73%69%68%74%20%6C%65%64%20%61%67%6E%6F%73%20%58%51%79%58%51%20%E2%80%9C%6F%75%74%3E%2E%6E%67%69%73%20%61%64%6F%63%20%61%20%74%68%69%77%20%64%65%6B%72%61%6D%20,%E2%80%9D%6F%72%58%79%51%58%79%72%6F%20,%E2%80%9D%62%3C%20%51%79%5B%51%41%37%20%79%58%51%79%58%51%79%58%5A%51%79%58%55,%66%47%5A%4C%20%78%20%5A%4C%20%78%20%5A%4C%37%44%51%58%79%51%58%51%79%58%51%79%23%3E%20=%42%6C%75%65%73%2D%4E%6F%6C%61=%31%32%30=%30"
24583c16-1417-46c9-b457-68fe81574de9,irealb://%47%6C%6F%72%69%61%20%41%20%44%69%6F%73=%52%61%6D%6F%73%20%4A%61%63%6F%62%6F==%52%6F%63%6B=%41==%31%72%33%34%4C%62%4B%63%75%37%2C%44%5A%4C%72%34%41%2C%4C%5A%4C%2C%41%43%2A%7B%59%20%20%51%79%58%51%79%7D%58%20%2C%47%5A%4C%2C%23%46%2F%44%5A%4C%2C%41%5A%41%2C%4C%5A%34%54%69%2A%7B%2C%45%5A%4C%2C%5A%41%2C%4C%5A%2C%47%5A%4C%2C%23%46%2F%44%31%4E%5A%4C%2C%5A%41%4C%2C%41%44%2A%7B%59%7D%20%72%5A%4C%2C%41%20%7D%4E%32%45%4C%2C%44%5A%4C%20%5B%58%79%51%20%59%7B%2A%76%41%2C%4C%5A%41%2C%4C%5A%44%2F%46%23%2C%4C%5A%47%2C%20%7D%20=%50%6F%70%2D%52%6F%63%6B=%31%31%35=%31
240ba30e-bc26-4c51-b72d-cfac2e3aae98,"irealb://%43%72%65%6F%20%45%6E%20%54%69%20%34=%4D%65%6C%67%61%72%20%4A%75%6C%69%6F==%42%61%6C%6C%61%64%20%45%76%65%6E=%43==%31%72%33%34%4C%62%4B%63%75%37%41%3E%6F%72%6F%34%41%2D%37,%39%36%2A%3C%7B%7D%51%79%58%39%64%64%61%47%51%7C%79%58%43%7C%51%79%58%46%7C%51%79%58%41%2A%50%72%65%20%63%34%54%69%2A%7B%47%7C%51%79%58%64%64%39%4C%5A%2A%43%5B%7D%51%79%58%2A%32%64%64%61%2A%46%4C%5A%39%64%64%61%47%20%37%2D%41%7C%51%79%58%46%6D%61%6A%37%2A%61%47%20%37%2D%46%7C%51%79%58%42%41%2D%37%58%41%7B%7D%20%20%3E%41%20%6F%54%39%36%2A%3C%47%20%7C%51%79%58%43%7C%51%79%58%36%46%7C%51%79%2D%37,%2A%43%2A%7B%51%79%58%61%64%64%39%58%79%51%7C%43%58%79%51%7C%47%61%64%64%39%20%3C%2A%36%39%54%6F%20%50%72%65%20%63%6F%72%6F%3E%20%20%7D%46%20%46%2D%4C%5A%43%58%79%51%5A%20=%4A%61%7A%7A%2D%42%61%6C%6C%61%64%20%45%76%65%6E=%36%30=%33"
240776d3-172d-4700-a9e8-2bcef7d9c359,"irealb://%45%73%70%69%72%69%74%75%20%53%61%6E%74%6F=%5A%6F%65%68==%42%61%6C%6C%61%64%20%45%76%65%6E=%44==%31%72%33%34%4C%62%4B%63%75%37%7B%2A%69%54%34%34%42%2D,%2A%41%20%2A%42%20%4C%5A%47%58%79%51%7C%44%58%79%51%7C%41%58%79%51%7D%20=%4A%61%7A%7A%2D%4D%65%64%69%75%6D%20%53%77%69%6E%67=%31%30%30=%33"
2445edf6-f244-426b-afd2-cdc79ef047eb,"irealb://%54%6F%64%61%73%20%4D%69%73%20%20%46%75%65%6E%74%65%73%20%2D%20%53%2E%47%6F%6C=%43%6F%6D%70%6F%73%65%72%20%55%6E%6B%6E%6F%77%6E==%4D%65%64%69%75%6D%20%53%77%69%6E%67=%45==%31%72%33%34%4C%62%4B%63%75%37%73%75%73%2A%42%34%45,%20%42%23%47%2F%45%20,%41%5A%4C,%2A%37%6D%2A%47%23%20,%2A%37%6D%2A%23%43%5A%4C,%23%44%2F,%4C%5A%4E%31%34%54%41%2A%7B%42%20,%23%43,%20%7D%58%79%42%20,%41%42%2A%5B%5D%20,%23%47%2F%45,%20%42%32%4E%7C%51%79%58%51%79%58%51%79%58%51,%4C%5A%41%2F%42%20,%2A%34%45,%45%2F%41%5A%45,%20%45%37%42,%42%2F%41%20,%2A%37%6D%2A%23%46%4C%5A,%23%44%2F%45%20,%41%5A%4C,%23%44%2F,%7C%45,%20%4C,%23%44%2F%6D%2A%42%5A%4C%58%79%51%20%20%79%58%72%7C,%45,%45%2F%41%20,%45%5A,%4C%23%44%2F%42,%23%43%2F%41,%42%43%2A%5B%51%7C%58%79%51%51%79%58%5D,,%42%2F%41%20,%45%2F%47%23%23%46%5A%4C,%2A%37%6D%2A%23%43%20,%42%45%2F%5A%4C,%62%42%2F%37%23%46%20,%41%7C,%2A%6D%37%2A,%45%20,%2A%37%42%2F%41,%7C%47%23%2A%6D%37%2A,%20%43%23%2A%6D%37%2A,%4C%5A%46%23%2A%6D%37%2A,%20%42,%4C%5A%45,%20%45%2A%73%75%73%34%2A,%20%5A%20=%4A%61%7A%7A%2D%4D%65%64%69%75%6D%20%53%77%69%6E%67=%31%30%30=%33"
2417779b-f7f8-4e3d-9de9-8259413c33e7,irealb://%38%38%20%43%6C%61%73%73%69%63%20%42%6C%75%65%73%20%28%52%6F%63%6B%29%20%43=%55%6E%6B%6E%6F%77%6E==%52%6F%63%6B=%43==%31%72%33%34%4C%62%4B%63%75%37%47%5A%4C%20%6C%37%58%79%51%7C%37%43%5A%4C%20%6C%63%4B%51%79%58%37%46%5A%20%4C%6C%63%4B%51%79%58%37%43%7C%51%79%58%37%46%58%79%51%4B%63%43%34%34%54%7C%37%58%79%51%7C%46%37%58%79%51%7C%43%37%58%79%51%7C%47%37%20%20%3C%38%78%3E%20%7D%20==%30=%31
24523494-e3b7-4c6b-b0ae-cf471800543e,irealb://%37%62%31%33%20%54%72%61%69%6E%69%6E%67=%43%65%6B%75%73%20%4D%69%63%68%61%C5%82==%45%76%65%6E%20%38%74%68%73=%43=%38=%31%72%33%34%4C%62%4B%63%75%37%5B%43%37%62%31%33%4C%5A%78%4C%5A%78%4C%5A%78%20%7C%20==%38%30=%33%30
24182dd7-9211-4fcd-affe-9914ec9b44a7,irealb://%50%72%6F%6E%74%61%20%45%6E%74%72%65%67%61%20%28%47%69%67%29=%56%69%72%75%73==%52%6F%63%6B%20%50%6F%70=%46==%31%72%33%34%4C%62%4B%63%75%37%4C%36%62%42%53%34%3C%2A%36%32%43%5A%4C%2D%47%5A%4C%37%44%5A%4C%2D%44%5A%45%4C%2F%2D%41%5A%4C%46%3E%31%6F%72%74%6E%69%20%20%7D%7B%2A%41%34%54%69%2A%7B%5A%4C%2D%47%5A%46%36%4C%5A%44%5A%4C%62%45%5A%4C%2D%44%32%4E%7D%20%78%5A%2D%4C%44%31%4E%5A%4C%43%5A%4C%36%62%42%5A%4C%2D%2A%42%42%62%4C%5A%4C%36%43%5A%E2%99%A9%E2%A7%BD%20%20%30%4C%5A%42%62%4C%43%5A%4C%62%42%5A%4C%2D%41%5A%4C%2D%44%43%5A%2A%4C%43%3E%E2%A7%BD%E2%A7%BD%E2%99%A9%E2%A7%BD%20%20%30%31%2A%3C%5A%4C%5A%3C%2A%31%78%5A%4C%2D%41%46%5A%4C%46%3E%4C%5A%41%2D%4C%69%20%32%36%2A%3C%69%2A%7B%20%51%79%58%5D%3E%20%2E%53%2E%44%32%31%2A%3C%43%5A%4C%62%42%5A%6E%74%72%6F%32%2D%44%3E%E2%A7%BD%E2%A7%BD%4C%2D%44%5A%4C%4C%5A%44%37%4C%4C%62%42%3E%68%74%6E%79%53%20%6F%6C%6F%53%36%20%36%2A%3C%41%2A%7B%7D%20%43%5A%4C%2D%47%5A%5A%43%4C%5A%46%2D%44%5A%4C%5E%3C%5A%4C%62%42%43%4C%5A%4E%31%2D%41%5A%4C%2D%47%5A%4C%62%42%42%2A%5A%4C%45%62%5A%4C%2D%44%32%4E%7B%7D%20%78%5A%4C%2D%44%4C%5A%78%4C%5A%5A%4C%62%42%5A%42%5A%4C%2D%41%E2%A7%BD%E2%99%A9%E2%A7%BD%E2%A7%BD%3E%E2%A7%BD%E2%A7%BD%E2%99%A9%E2%A7%BD%20%20%30%31%2A%3C%5A%4C%43%5A%62%4C%42%5A%4C%2D%41%5A%4C%2D%44%43%2A%5A%4C%43%3E%44%2D%4C%5A%20%20%32%31%2A%5A%4C%2D%41%5A%7B%46%4C%5A%46%E2%A7%BD%E2%99%A9%E2%A7%BD%51%79%58%32%31%2A%3C%51%7B%7D%20%5A%43%4C%2D%47%5A%4C%37%44%5A%4C%2D%44%5A%4C%5E%E2%A7%BD%3E%44%2D%4C%20%43%5A%4C%62%42%62%4C%5A%43%4C%5A%3C%2A%30%38%E2%A6%A2%E2%99%AA%E2%99%A9%E2%A7%BD%E2%A7%BD%3E%44%2D%4C%5A%41%2D%4C%5A%42%62%4C%5A%43%20%7D%3C%2A%33%32%20%20%46%61%64%65%20%6F%75%74%3E%20==%31%35%30=%30
24f1ad83-4200-4423-9744-919a295f9d2f,irealb://%48%61%76%65%20%59%6F%75%20%45%76%65%72%20%53%65%65%6E%20%74%68%65%20%52%61%69%6E%3F%20%28%42%65%6C%6F%66%66%20%61%72%72%2E%29=%46%6F%67%65%72%74%79%20%4A%6F%68%6E==%4D%65%64%69%75%6D%20%50%6F%70=%46==%31%72%33%34%4C%62%4B%63%75%37%43%7C%51%79%58%34%43%58%79%51%46%7C%51%79%58%70%7C%51%79%58%46%41%2A%7B%51%5D%79%58%46%7C%51%79%58%46%7C%51%79%58%70%7C%58%79%51%7C%70%34%54%69%2A%5B%46%7C%51%79%58%58%79%51%7C%46%43%7C%51%79%58%70%7C%51%79%58%46%7C%51%79%70%58%7C%51%79%58%46%7C%51%79%58%70%7C%51%79%58%58%79%51%7C%70%70%7C%51%79%58%7C%51%79%58%46%58%79%51%5D%5B%7C%51%79%58%62%42%7C%51%79%58%2D%44%7C%51%58%79%46%7C%51%79%58%43%7C%51%79%58%62%42%42%2A%43%58%79%51%7C%70%7C%51%79%58%46%5A%4C%43%5A%7C%42%62%58%79%4C%20%51%79%58%51%79%58%7D%51%79%58%70%7C%79%51%58%46%31%4E%7C%51%79%58%73%75%73%43%7C%51%5A%4E%32%46%4C%51%79%58%2D%44%58%79%51%5A%20=%50%6F%70%2D%53%6C%6F%77%20%52%6F%63%6B=%31%31%35=%30
24db08ed-895a-43ef-bad2-3ec2bd7f6e51,irealb://%43%68%69%6E%61%20%42%6F%79%20%2F%54%47%4A%43=%42%6F%75%74%65%6C%6A%65%2F%57%69%6E%66%72%65%65==%4D%65%64%69%75%6D%20%55%70%20%53%77%69%6E%67=%46==%31%72%33%34%4C%62%4B%63%75%37%58%37%47%5A%4C%34%46%58%79%51%79%58%37%44%5A%4C%20%78%20%5A%4C%20%78%20%4C%5A%20%78%20%5A%4C%20%78%20%5A%4C%20%6C%63%4B%51%4B%63%6C%20%34%54%41%2A%5B%51%79%58%62%41%20%4C%5A%20%78%58%37%62%45%7C%51%79%58%46%5A%4C%20%6C%63%51%4B%79%58%36%2D%62%42%5A%4C%20%78%20%5A%4C%20%79%51%7C%2A%42%6C%63%4B%51%79%6C%63%4B%51%79%79%51%7C%58%79%43%20%37%2D%47%5A%4C%37%44%20%62%41%5A%4C%79%51%58%7C%72%51%79%58%5A%4C%51%79%58%7C%72%51%37%4C%5A%46%58%58%37%62%45%7C%6E%69%74%72%61%58%79%51%4B%63%64%65%62%69%72%63%73%6E%61%72%74%28%20%6E%69%6F%73%72%65%76%20%35%33%39%31%3C%5A%4C%20%6C%20%62%79%20%4D%6F%46%5A%4C%20%20%47%69%6F%61%6E%69%29%3E%46%58%79%51%7C%43%37%58%79%51%7C%46%58%79%51%7C%43%37%58%79%51%5D%20=%4A%61%7A%7A%2D%4D%65%64%69%75%6D%20%55%70%20%53%77%69%6E%67=%31%36%30=%33
24a205b7-2479-4ab4-b9b1-30d31209dad4,irealb://%43%72%C3%A9%70%75%73%63%75%6C%65%20%2F%54%47%4A%43=%52%65%69%6E%68%61%72%64%74%20%44%6A%61%6E%67%6F==%4D%65%64%69%75%6D%20%53%77%69%6E%67=%46==%31%72%33%34%4C%62%4B%63%75%37%37%62%44%28%20%34%46%20%43%37%51%79%58%2D%62%42%7C%51%79%58%62%42%7C%51%58%79%37%46%5A%4C%20%78%20%5A%4C%20%78%20%5A%4C%7C%4E%31%46%20%34%54%41%2A%7B%5A%4C%37%62%44%58%79%51%7D%58%5B%5D%20%37%62%44%20%46%6C%7C%2C%37%43%2C%62%2D%42%73%20%46%32%4E%5A%4C%20%51%79%58%51%79%2A%42%47%62%20%37%43%5A%4C%29%20%78%20%5A%4C%20%78%20%4C%5A%2A%5B%5D%51%79%58%37%43%7C%51%79%58%2C%62%5A%47%4C%20%78%20%5A%4C%20%78%20%5A%4C%20%78%20%41%46%20%43%37%5A%4C%20%78%20%74%72%61%4D%20%4C%5A%46%37%58%62%69%72%63%73%6E%61%72%74%28%20%6E%6F%69%72%73%65%76%20%37%34%2F%31%34%39%31%3C%7C%51%79%65%64%20%62%79%20%78%20%5A%4C%69%6E%20%47%69%6F%61%6E%69%29%3E%42%62%58%79%51%7C%42%62%2D%58%79%51%7C%46%20%73%42%62%2D%2C%43%37%2C%7C%6C%46%58%79%51%5A%20=%4A%61%7A%7A%2D%4D%65%64%69%75%6D%20%53%77%69%6E%67=%31%30%30=%33
240a986c-5c6d-4f81-a6e5-62d4a0d1b102,irealb://%48%75%6E%67%61%72%69%61%20%2F%54%47%4A%43=%52%65%69%6E%68%61%72%64%74%20%44%6A%61%6E%67%6F==%4D%65%64%69%75%6D%20%53%77%69%6E%67=%47==%31%72%33%34%4C%62%4B%63%75%37%37%41%5A%4C%20%34%47%58%79%51%58%37%45%5A%4C%20%6C%63%4B%51%79%58%47%5A%20%4C%6C%63%4B%51%79%58%62%41%5A%4C%20%6C%63%4B%79%51%4B%63%6C%34%54%41%2A%5B%42%2A%5B%5D%51%6C%20%4C%5A%44%51%79%58%37%2D%41%7C%51%79%58%6F%62%42%7C%79%51%58%42%2F%47%5A%4C%20%6C%63%4B%51%79%58%37%7C%44%37%58%79%63%4B%51%79%58%2D%43%7C%51%79%63%6C%20%4C%5A%20%6C%63%4B%51%79%58%37%45%5A%4C%20%6C%63%51%4B%79%58%47%5A%4C%20%6C%63%4B%51%79%58%62%41%4C%5A%41%2D%58%4B%51%79%58%47%65%62%69%72%63%2F%42%58%79%51%28%20%73%6E%6F%69%73%72%65%76%20%31%34%2F%33%39%2F%39%33%39%31%3C%7C%51%79%58%6F%62%42%7C%74%72%61%6E%73%47%7C%51%79%58%64%20%62%79%20%4D%61%72%74%69%6E%20%47%69%6F%61%6E%69%29%3E%41%2D%37%58%79%51%7C%44%37%58%79%51%7C%47%58%79%51%7C%44%37%58%79%51%5D%20=%4A%61%7A%7A%2D%4D%65%64%69%75%6D%20%53%77%69%6E%67=%31%30%30=%33
2433cf33-f729-491f-a496-3f2d0768b016,irealb://%4D%61%6E%20%49%20%4C%6F%76%65%20%2F%54%47%4A%43%2C%20%54%68%65=%47%2E%20%47%65%72%73%68%77%69%6E%2F%20%49%2E%20%47%65%72%73%68%77%69%6E==%42%61%6C%6C%61%64=%45%62==%31%72%33%34%4C%62%4B%63%75%37%51%79%58%37%62%34%45%62%5E%58%2D%62%41%7C%51%79%58%47%2F%37%43%7C%51%79%37%58%2D%62%42%7C%51%79%58%37%2D%62%45%7C%51%79%58%79%51%7C%42%34%54%41%2A%7B%20%62%45%5A%4C%20%43%2D%37%28%45%32%4E%5A%4C%20%51%79%58%51%79%58%7D%20%45%37%20%29%37%62%42%28%37%2D%46%5A%4C%29%62%45%62%20%41%62%2D%62%45%31%4E%7C%37%44%7C%51%79%37%2C%5D%5B%2A%37%47%20%29%37%47%28%68%44%7C%51%79%58%2D%5A%43%4C%37%47%20%37%44%7C%51%79%58%2D%43%6C%42%4C%5A%43%2D%58%47%2C%68%44%73%47%2F%37%43%7C%43%2D%20%43%37%62%42%7C%51%79%58%37%2D%62%45%7C%51%79%58%62%5E%45%41%2A%5B%5D%20%37%45%20%37%2D%46%5A%4C%2D%37%58%79%51%5A%4C%37%47%20%6E%61%6F%69%47%31%39%33%39%2F%61%4D%20%79%62%20%64%65%62%69%72%63%73%6E%72%61%74%28%20%73%6E%6F%69%73%72%65%76%20%39%34%72%74%69%6E%20%3C%7C%51%79%58%69%29%3E%41%62%2D%58%79%51%7C%42%62%37%58%79%51%7C%45%62%20%41%62%2D%4C%5A%45%62%20%42%62%37%20%5D%20=%4A%61%7A%7A%2D%42%61%6C%6C%61%64%20%53%77%69%6E%67=%36%30=%33
24248f27-9627-46ce-bd21-9c160161be95,irealb://%4D%79%20%53%77%65%65%74%20%2F%54%47%4A%43=%43%61%72%6D%69%63%68%61%65%6C%2F%47%6F%72%72%65%6C%6C==%4D%65%64%69%75%6D%20%53%77%69%6E%67=%44==%31%72%33%34%4C%62%4B%63%75%37%46%5A%4C%20%6C%58%79%51%4B%63%44%5A%4C%20%6C%63%4B%51%79%58%37%41%5A%4C%6C%20%63%4B%51%79%58%29%37%47%28%47%5A%4C%20%6C%58%79%51%4B%63%44%34%34%54%5B%63%4B%51%79%58%4B%63%6C%20%4C%6C%63%4B%51%79%58%44%5A%4C%20%6C%63%4B%51%58%79%37%41%5A%4C%20%6C%63%4B%51%79%58%2D%45%5A%20%4C%5A%47%2D%51%79%58%2D%23%61%4D%20%79%62%58%79%51%4B%63%72%63%73%6E%61%72%74%28%20%73%6E%6F%69%73%65%72%76%20%38%33%2F%38%33%39%31%3C%5A%4C%20%6C%69%62%65%64%20%44%5A%4C%20%6C%72%74%69%6E%20%47%69%6F%61%6E%69%29%3E%47%2D%58%79%51%4B%63%6C%20%4C%5A%44%58%79%51%7C%41%37%58%79%51%5D%20=%4A%61%7A%7A%2D%4D%65%64%69%75%6D%20%53%77%69%6E%67=%31%30%30=%33
245cac02-6b3e-4630-bbbb-d78a6ab127d9,irealb://%52%32%36%20%28%52%20%56%69%6E%67%74%2D%53%69%78%29%20%2F%54%47%4A%43=%52%65%69%6E%68%61%72%64%74%20%44%6A%61%6E%67%6F==%4D%65%64%69%75%6D%20%53%77%69%6E%67=%44==%31%72%33%34%4C%62%4B%63%75%37%20%29%44%28%6E%34%44%20%42%2D%47%31%4E%5A%4C%37%44%20%44%5A%4C%51%79%58%72%7C%51%79%58%5A%4C%37%41%20%37%2D%45%5A%4C%37%20%41%37%4C%5A%34%54%41%2A%7B%51%79%58%44%5A%37%29%4C%5A%6E%5A%4C%29%37%41%28%2D%47%20%47%32%4E%5A%4C%79%51%58%7D%20%29%37%41%28%37%62%45%20%29%44%28%44%20%41%37%4C%41%28%37%2D%45%72%20%20%29%2D%62%28%47%29%20%4C%51%79%58%7C%72%20%20%29%44%28%20%5A%4C%46%37%20%29%6F%23%47%28%37%2D%43%5A%4C%37%2D%47%5A%20%28%46%23%42%42%2A%5B%5D%58%7C%72%51%79%29%58%79%51%7C%20%37%2D%45%5A%4C%37%2D%42%20%44%41%2A%7C%79%51%58%37%41%7C%51%79%58%29%37%2D%45%28%62%42%41%37%4C%5A%58%37%42%28%20%7C%6E%61%6F%69%47%31%39%34%37%2F%61%4D%20%79%62%20%64%65%62%69%72%63%73%6E%72%61%74%28%20%73%6E%6F%69%73%72%65%76%20%37%34%72%74%69%6E%20%3C%5A%4C%51%79%69%29%3E%44%20%44%37%4C%5A%47%20%47%2D%28%41%37%29%4C%5A%44%20%41%37%4C%5A%44%20%41%37%20%5D%20=%4A%61%7A%7A%2D%4D%65%64%69%75%6D%20%53%77%69%6E%67=%31%30%30=%33
24d0b6ee-36e2-4c2b-ac79-4646576275ab,irealb://%53%74%6F%6D%70%69%6E%27%20%41%74%20%44%65%63%63%61%20%2F%54%47%4A%43=%52%65%69%6E%68%61%72%64%74%2F%47%72%61%70%70%65%6C%6C%69==%4D%65%64%69%75%6D%20%53%77%69%6E%67=%47==%31%72%33%34%4C%62%4B%63%75%37%79%58%37%44%7C%34%47%58%79%51%4E%7C%51%79%58%37%44%7C%51%79%58%47%5A%4C%6C%20%63%4B%51%79%58%37%62%45%5A%4C%20%6C%63%4B%31%47%58%79%51%34%54%41%2A%7B%5A%4C%20%6C%63%58%79%51%20%4C%45%5A%4C%20%6C%63%4B%51%79%58%37%42%42%2A%5D%5B%51%79%58%2C%47%5A%4C%37%44%20%47%32%4E%5A%37%58%79%51%4B%51%79%58%7D%51%39%31%3C%5A%4C%4B%63%6C%20%4C%79%58%37%62%45%5A%4C%20%6C%63%4B%51%79%58%41%47%2A%5B%5D%20%20%6C%63%4B%51%79%58%37%44%5A%51%4B%63%6C%20%51%79%58%37%41%58%37%44%7C%51%72%73%69%6F%6E%69%6E%61%6F%69%47%20%6E%69%74%72%61%4D%20%62%79%20%64%65%62%69%72%63%73%6E%61%72%74%28%20%29%3E%47%58%79%65%76%20%38%33%79%51%7C%47%58%79%51%7C%44%37%58%79%51%5A%20=%4A%61%7A%7A%2D%4D%65%64%69%75%6D%20%53%77%69%6E%67=%31%30%30=%33
247b4554-16a3-4222-bbfa-631f7dfe6ae3,irealb://%57%69%6C%6C%6F%77%20%57%65%65%70%20%46%6F%72%20%4D%65%2D%52%65%76%20%4A%45=%52%6F%6E%65%6C%6C%20%41%6E%6E==%53%6C%6F%77%20%53%77%69%6E%67=%47==%31%72%33%34%4C%62%4B%63%75%37%37%62%44%2C%73%34%47%5E%37%20%37%2D%41%2C%37%2D%42%73%5A%4C%2C%37%2D%41%37%20%5E%47%5A%4C%37%43%20%37%5E%47%5A%4C%37%43%2C%47%37%73%75%34%54%41%2A%7B%46%2F%2A%2E%2A%20%20%73%57%2A%31%4E%7C%2C%62%41%2F%2A%2E%2A%57%2C%33%31%37%62%44%73%20%37%68%41%6C%7C%2C%62%42%2F%2A%2E%47%5E%37%2C%57%39%43%6C%7C%2C%32%4E%5A%4C%20%57%2A%2E%2A%2F%58%59%7D%2C%62%41%2F%2A%2E%2A%57%2C%37%44%62%2C%45%2F%2A%2E%2A%57%2C%37%2D%41%7C%2C%23%47%79%51%58%79%51%2C%37%45%2C%23%43%42%2A%5B%59%2A%2E%2A%2F%42%2C%44%2F%2A%2E%2A%57%2C%45%2F%2A%2E%2A%57%5E%2C%47%7C%2C%23%46%2F%2A%2E%2A%57%2C%37%43%2C%44%62%37%2C%5D%57%2C%37%5E%47%62%41%7C%2C%37%2E%2A%2F%42%62%62%42%2C%37%46%2C%37%2D%43%7C%2C%42%2F%2A%2A%2E%57%2C%37%47%73%20%68%44%5A%4C%68%41%6C%2C%2D%37%2C%45%62%2A%57%2C%37%2D%2F%2A%2E%2A%57%41%62%37%2C%47%37%62%41%5A%4C%68%41%6C%2C%62%42%2F%2A%2E%57%2A%2C%37%2D%43%73%7C%2C%37%47%2C%73%75%73%37%20%73%47%37%2C%2C%73%75%73%37%37%43%20%37%5E%37%2C%42%37%2C%59%7C%2C%74%6C%61%37%44%2C%37%2D%41%2C%37%45%62%2C%37%2D%62%42%73%7C%2C%37%45%2C%37%2D%46%5B%2A%41%6C%47%2D%43%7C%2C%42%2A%2E%2A%57%73%20%43%37%4C%5A%7C%2C%37%62%44%2C%73%75%73%37%47%2C%37%2D%2C%41%37%2D%42%73%5A%4C%2C%37%2D%41%20%37%5E%47%6C%43%39%20%20%37%5E%47%5A%4C%2C%23%47%2F%2A%6C%41%68%37%20%45%2C%23%46%2F%2A%2E%2A%57%2C%37%5E%47%7C%62%2C%41%2F%2A%2E%2A%57%51%2C%33%31%62%37%44%73%37%2C%57%2A%2E%7C%2C%62%42%2F%47%3E%45%4E%49%57%2A%2E%2A%2F%37%43%20%5E%47%5A%4C%37%43%20%5E%47%6C%51%5A%5B%2C%62%41%2F%2A%2E%2A%57%2C%37%44%2C%62%45%4C%5A%55%3C%46%2C%37%2D%41%7C%37%58%79%51%5A%20=%4A%61%7A%7A%2D%53%6C%6F%77%20%53%77%69%6E%67=%38%30=%33
24632def-88e7-4581-bc01-f1891af1c791,irealb://%57%69%6E%64%2C%20%54%68%65=%46%72%65%65%6D%61%6E%20%52%75%73%73==%42%61%6C%6C%61%64=%43==%31%72%33%34%4C%62%4B%63%75%37%20%7C%51%79%58%2D%58%79%51%7C%2D%46%59%7C%51%79%58%31%31%23%33%31%46%5A%37%4C%2D%43%20%36%2D%43%7C%51%79%58%35%23%2D%43%37%28%46%2D%29%43%34%34%54%7B%51%79%58%37%47%29%78%20%4C%5A%37%2D%41%31%4E%59%7C%51%79%58%39%36%62%45%4C%5A%39%62%37%62%42%20%29%37%2D%46%28%37%2D%46%20%44%37%4C%5A%37%5E%2D%46%28%68%41%28%20%20%51%7C%46%2D%37%31%31%23%33%31%62%44%20%68%44%59%5A%4C%29%2D%37%46%28%20%29%37%5E%2D%46%28%20%29%2D%46%28%4C%5A%43%2D%36%79%58%37%43%7C%4C%74%6C%61%37%31%33%23%31%31%51%79%58%37%47%5A%4C%37%44%20%37%2D%41%32%7C%4E%59%7D%51%79%58%74%6C%61%37%47%7C%51%79%58%7C%47%68%20%43%62%41%5A%4C%29%28%68%44%5A%4C%46%2D%29%20%28%20%36%2D%43%5A%4C%31%31%23%33%31%62%44%20%44%68%59%5A%4C%29%37%2D%46%28%20%29%37%5E%2D%46%20%28%41%68%29%28%37%2D%46%5A%41%62%31%33%23%31%31%29%20%47%37%2C%51%4C%5A%43%2D%36%20%47%37%61%6C%74%20%5D%59%5B%2C%55%2C%51%3C%46%49%4E%45%3E%43%2D%36%2C%58%79%51%5A%20=%4A%61%7A%7A%2D%42%61%6C%6C%61%64%20%44%6F%75%62%6C%65%20%54%69%6D%65%20%46%65%65%6C=%38%30=%33
24657482-df35-4946-8a33-bb2db60653a0,irealb://%54%69%20%50%61%72%6C%65%72%C3%B3%20%44%27%41%6D%6F%72%20(%41%6C%66%69%6E%61)=%6F%73%69%72%69%73%20%57%61%6E%64%61==%4D%65%64%69%75%6D%20%42%61%6C%6C%61%64=%46%2D==%31%72%33%34%4C%62%4B%63%75%37%3C%20%36%62%45%37%58%79%51%7C%62%42%7C%51%79%58%37%2D%46%7C%51%79%58%6F%47%62%7C%51%79%58%36%62%45%7C%51%79%58%37%62%42%37%58%79%51%7C%2D%46%41%2A%7B%51%79%58%2D%47%45%6F%4C%5A%4E%39%62%45%20%2D%47%32%4E%7C%51%79%58%51%79%51%58%79%58%51%79%58%7D%20%37%43%20%37%62%42%31%20%5D%5B%2A%42%3E%65%6E%69%46%62%45%5A%4C%37%62%37%4C%5A%47%46%5A%4C%37%46%20%37%2D%43%5A%4C%37%47%20%2D%37%44%5A%4C%2D%47%20%5E%62%42%7C%51%79%58%2D%2D%37%20%42%62%45%20%37%44%7C%7C%51%79%58%37%5B%2A%41%46%2D%58%37%2D%46%7C%51%79%58%6F%62%47%7C%51%79%36%58%62%45%7C%51%79%58%37%62%42%7C%51%79%58%37%79%51%7C%42%62%5D%20%37%43%20%45%62%36%58%79%51%7C%47%68%20%43%37%20%5D%20==%30=%30
246afb68-1c66-4674-b653-7a65c27e2ab3,"irealb://%50%65%6E%67%75%69%6E,%20%54%68%65=%53%63%6F%74%74%20%52%61%79%6D%6F%6E%64==%4D%65%64%69%75%6D%20%53%77%69%6E%67=%41%62==%31%72%33%34%4C%62%4B%63%75%37%42%2F%57%7C,%54%34%34%46%2D%2D%46,%41%2A,{]%20%20%7C%72%20%5A%20%4C%7C%72%20%5A%4C%20%7C%72%20%5A%4C%78%5A%4C,%57%2F%41%62,%69%2A,[%7C,%43%2F%57,%7C%57%2F%44%7C,%62%41%2F%57,%2D%46%7C,%62%42%2F%6C%57,%43%2F%2D%46%6C,%7C,%62%45%2F%57,%57%2F%42%62,%43%2F%57,%62%4E%5A%4C%20%7C%2F%45%62,%7C%7C%72%20%7C,%37%62%45,%2D%42%73,%5A%62%4C%41,%42%2A,{%59}%20,%2D%46%6C,%20%4C%5A%20%72%57,%44%2F%57,%43%2F%57,%4C%5A%78%20}%42,%43%2A,{]%20%20%7C%72%20%5A%4C%5A%78%4C%62%41%32%4E%5A%4C%20%51%79%58%51%79%58%62,%57%2F%44%62%41%6C,%31%6C%63%4B%46%2F%63%6C%20%4C%5A,%44%2F%57,%62%42%7C}%20%62%42%6C,%78%3E%33%3C,%46,%62%42%73,%5A%4C%20%78%20%57%2F%43,%57%4B,%46%2F%57}%20%3E%78%35%20%4C%5A,%73%44%6C,%3E%6F%6C%6F%73%20%33%36%2A%3C,%2A%44,{],%37%44,%62%42,%46,%62%42%37%4C%5A%20%3C%78%20%5A%4C%20%37%43%3E%6E%49%78%4C%5A%20%72%6E%49%20%44%43%41%42%41%41%20%6E%49%20%3A%72%6D%6F%46%3C%5A%4C%78%5A%4C%37%43%5A%4C%20%7C%20%41%42%41%20%5A%4C%62%44%7C%4C%5A%78%4C%5A%20%72%7C%20%20]%20==%30=%30"
24693e31-6449-4abc-94ab-b6f4b52ff990,irealb://%51%75%65%20%53%65%20%4C%6C%65%6E%65%20%54%75%20%43%61%73%61%20%28%20%41%6C%65%78%20%29=%52%6F%73%61%72%69%6F%20%49%6E%67%72%69%64==%52%6F%63%6B%20%50%6F%70=%45%62=%31=%31%72%33%34%4C%62%4B%63%75%37%43%28%20%51%79%20%28%43%2D%29%79%58%29%62%42%28%20%29%62%45%28%20%29%2D%28%46%20%20%29%62%45%28%20%29%44%2F%62%42%28%20%51%58%79%51%58%69%2A%51%79%58%2F%62%42%28%20%62%2F%44%29%20%2A%20%20%51%79%58%29%23%47%28%20%29%47%28%29%20%62%45%28%20%29%2D%46%28%20%20%29%62%45%28%76%4E%31%43%2D%42%28%20%29%2D%58%51%79%58%51%70%46%2D%20%28%38%31%2A%3C%23%47%29%47%28%20%70%2C%62%45%44%29%2F%62%42%28%20%2D%43%5A%4C%62%42%29%62%45%58%32%3E%58%79%2C%62%45%29%44%51%79%58%3E%64%58%79%51%58%79%47%70%2C%62%42%70%2C%62%45%5A%4C%23%47%70%2D%2C%43%70%2C%62%42%70%2C%62%45%31%4E%43%2A%51%23%2C%3C%45%6E%51%79%58%51%79%20%3E%37%30%36%65%61%64%20%43%2E%2E%2E%2E%2E%2E%2E%2E%2E%2E%38%20%20%39%2A%33%3C%20%51%79%58%3E%38%20%2E%73%75%72%6F%68%3E%20%20%3C%2A%4C%37%35%2A%3C%4C%62%42%29%62%3E%58%79%51%58%70%2C%62%45%29%44%2F%62%42%28%20%2D%43%32%76%4E%2A%20%29%62%45%28%20%20%3E%20%20%3C%51%79%46%2D%20%28%45%38%32%34%2A%3C%65%64%69%6C%53%42%62%2F%44%29%72%74%73%44%20%20%2E%6F%6C%6F%73%20%72%65%33%31%35%2A%3C%51%79%58%23%47%29%47%28%20%62%45%69%6E%67%2E%20%28%20%2D%43%5A%42%20%2E%67%6E%31%30%3E%58%79%20%20%2E%6F%6C%6F%53%20%2E%6F%64%32%34%37%3C%2A%20%51%79%58%51%79%58%51%79%58%51%79%58%51%42%73%74%72%69%51%79%58%2E%38%65%6E%64%2E%20%37%2E%20%38%2E%20%39%3E%20==%30=%30
24aa545b-fd08-4fa2-8756-44842345dd6c,irealb://%43%27%C3%A8%20%43%68%69%20%44%69%63%65%20%4E%6F=%52%6F%73%73%69%20%56%61%73%63%6F==%52%6F%63%6B=%42%2D==%31%72%33%34%4C%62%4B%63%75%37%58%2D%42%41%2A%34%73%42%2D%58%20%32%58%30%36%2A%3C%20%20%2D%42%5A%4C%2D%46%23%20%2D%45%7C%2C%2D%23%46%20%20%47%7C%51%79%3E%41%2C%7D%7B%34%54%69%2A%7B%4E%7C%51%79%58%79%51%7C%45%2D%20%44%5A%4C%41%20%47%42%2A%7B%7D%2C%41%3E%58%34%36%36%2A%3C%20%20%2D%42%5A%4C%2D%23%46%20%20%41%2C%7C%47%58%47%7C%51%79%2C%41%20%20%2D%79%51%7D%58%79%74%53%39%36%2A%3C%42%2A%7B%5D%51%79%58%78%51%7C%79%58%37%23%46%32%4E%5A%4C%20%51%79%58%51%72%75%6D%3E%42%58%37%23%46%31%2A%3C%20%20%2D%7C%45%2D%20%46%46%20%2D%45%7C%2C%51%79%58%47%7C%2C%41%20%2D%20%42%41%2A%7B%7D%51%79%58%2D%42%5A%4C%2D%23%23%2D%4C%5A%42%51%79%58%47%7C%7C%2C%41%20%20%41%2C%7D%7B%2A%3E%20%32%58%34%35%2A%3C%20%20%37%23%46%7C%79%51%58%47%7C%2C%41%20%20%44%5A%4C%41%20%47%42%20%7D%7B%42%2D%3E%34%58%33%36%47%58%79%51%2C%7C%45%2D%20%46%23%2D%4C%5A%3C%2A%36%39%46%69%6E%6F%20%65%6E%64%3E%42%2D%58%79%51%7D%20==%30=%30
24678c60-e704-459c-bcd4-0d1fc97c3158,irealb://%43%68%61%70%65%6C%20%6F%66%20%4C%6F%76%65%20%28%42%65%6C%6F%66%66%20%41%72%72%2E%29=%50%68%69%6C%20%53%70%65%63%74%6F%72%2C%20%45%6C%6C%69%65%20%47%72%65%65%6E%77%69%63%68%2C%20%4A%65%66%66%20%42%61%72%72%79==%4D%6F%64%65%72%61%74%65%6C%79=%47==%31%72%33%34%4C%62%4B%63%75%37%41%5A%4C%37%45%34%3C%2A%36%39%2C%47%6C%7C%2C%37%44%73%20%20%47%3E%30%34%20%31%6B%63%6F%52%2D%70%6F%50%20%79%72%54%20%20%4C%5A%70%4C%5A%34%54%69%2A%5B%4C%37%44%5A%4C%4C%5A%47%4C%5A%5A%4C%47%5A%4C%70%5A%4C%47%41%2A%7B%20%20%79%51%58%51%79%58%51%79%58%51%79%58%5D%20%37%44%70%4C%5A%41%2D%37%44%5A%4C%2D%20%47%5A%4C%47%44%37%4C%5A%47%20%47%42%2A%5B%5D%20%70%5A%4C%47%5A%4C%37%5A%44%4C%2D%41%5A%4C%70%5A%4C%47%5A%4C%70%5A%4C%20%44%37%2C%7C%5A%4C%2D%41%5A%44%7C%51%79%58%47%4C%5A%41%2D%58%37%45%5A%4C%70%5A%4C%47%7C%2C%37%44%20%47%20%5A%4C%37%44%5A%4C%2D%41%5A%4C%37%44%5A%4C%79%51%7C%41%2D%7C%2C%37%44%20%5A%4C%47%5A%4C%47%58%79%51%7C%41%5A%4C%37%44%5A%4C%2D%41%5A%4C%70%5A%4C%5A%47%4C%70%5A%4C%47%41%2A%5B%7D%51%79%58%37%44%2D%4C%5A%44%37%7C%51%79%58%37%70%4C%5A%47%4C%5A%70%4C%5A%41%2D%4C%5A%44%37%4C%5A%47%4C%5A%2C%55%2C%70%2C%20%5A%20=%50%6F%70%2D%52%6F%63%6B=%31%34%30=%31
2453b61c-afad-462d-98a2-c8b93f74bf7c,irealb://%52%75%6E%6E%69%6E%27%20%57%69%6C%64%20%28%42%65%6C%6F%66%66%20%41%72%72%2E%29=%41%2E%20%48%61%72%72%69%6E%67%74%6F%6E%20%47%69%62%62%73%2C%20%4A%6F%65%20%47%72%65%79%2C%20%4C%65%6F%20%57%6F%6F%64==%4D%6F%64%65%72%61%74%65%6C%79=%47==%31%72%33%34%4C%62%4B%63%75%37%7C%51%79%58%70%34%3C%2A%36%39%3E%30%34%32%20%67%6E%69%77%53%20%6F%70%6D%54%65%20%70%55%2D%7A%7A%61%4A%20%79%72%54%20%20%47%58%79%51%7C%34%54%69%2A%5B%58%70%7C%51%79%70%58%79%51%5D%58%70%7C%51%79%58%43%7C%51%79%58%70%7C%51%58%79%47%7C%51%79%58%70%7C%51%79%58%47%41%2A%5B%79%51%7C%47%58%7C%51%79%58%47%42%2A%5B%5D%51%58%79%51%7C%70%79%58%37%44%7C%51%79%58%37%41%7C%51%79%58%7C%44%51%79%58%70%7C%51%79%58%2D%45%7C%51%79%58%51%7C%70%58%79%37%44%7C%51%79%58%37%44%7C%51%70%58%79%51%7C%51%79%58%70%7C%51%79%58%37%42%7C%51%79%58%7C%70%51%79%58%43%7C%51%79%58%70%7C%51%79%58%47%7C%41%37%58%79%7C%51%79%58%47%79%51%7C%47%58%79%51%7C%70%58%79%51%7C%44%37%58%79%51%7C%70%58%79%51%7C%47%58%79%51%7C%70%58%79%51%5A%20=%4A%61%7A%7A%2D%55%70%20%54%65%6D%70%6F%20%53%77%69%6E%67=%32%34%30=%31
24c20913-62cf-431e-a7b4-100f9b8baea3,irealb://%4F%72%69%65%6E%74%61%6C%20%48%6F%72%61=%43%6F%6D%70%6F%73%65%72%20%55%6E%6B%6E%6F%77%6E==%4B%6C%65%7A%6D%65%72=%46==%31%72%33%34%4C%62%4B%63%75%37%2D%44%7C%51%79%34%44%2D%58%79%58%78%7C%51%79%58%78%7C%51%79%58%2D%44%7C%79%51%58%78%7C%51%79%58%78%7C%51%79%58%78%7C%51%79%51%7C%78%58%33%54%41%2A%7B%79%58%2D%44%42%58%79%51%7C%47%58%2D%44%7C%51%79%58%2D%44%7C%51%79%58%41%51%7C%79%58%2D%44%7C%51%79%58%78%7C%51%79%58%2D%79%51%7D%7B%2A%78%7C%51%79%58%58%78%7C%51%79%51%7C%78%58%79%58%2D%44%7C%51%79%58%78%7C%51%79%58%78%7C%79%51%58%78%7C%51%79%58%41%7C%51%79%58%78%7C%51%79%51%7C%78%58%79%58%78%7C%51%79%51%7C%78%58%79%51%7C%47%2D%58%79%51%7C%78%58%79%51%7C%44%2D%58%79%51%7C%41%58%79%51%7C%44%2D%58%79%51%7C%78%58%79%51%7D%7C%20=%4A%61%7A%7A%2D%42%6C%75%65%20%4E%6F%74%65=%37%35=%30
24b3aa79-7ed2-4f30-aedf-439dc0c3d210,irealb://%41%6C%20%51%75%65%20%45%73%74%61%20%53%65%6E%74%61%64%6F%20%28%42%72%75%6E%65%74%29=%42%72%75%6E%65%74%20%20%4D%61%72%63%6F%73==%42%61%6C%6C%61%64=%47=%34=%31%72%33%34%4C%62%4B%63%75%37%43%2F%44%20%2C%34%4E%31%47%2C%78%7C%51%79%58%2C%44%2F%47%7C%51%79%58%78%51%7C%79%58%2C%2D%45%7C%51%79%58%78%7C%51%79%58%58%79%51%7C%43%34%54%41%2A%5B%58%2C%44%7C%51%79%51%5D%5B%4E%79%58%2C%43%7C%51%79%58%78%7C%51%79%58%2C%2F%44%47%7C%51%79%58%78%7C%51%79%58%2C%2D%45%32%51%7C%78%58%79%58%78%5A%4C%2C%79%58%2C%44%2F%31%2C%58%79%51%58%78%7C%51%79%58%2C%2D%45%6C%7C%2C%23%46%44%2F%73%51%79%58%7C%51%79%58%2C%47%42%2A%5B%5D%79%51%7C%41%2D%31%44%7C%51%79%42%2F%47%5A%4C%2C%58%79%51%7C%43%7C%51%79%58%2C%47%5A%4C%2C%2D%45%20%2C%43%43%2A%5B%5A%51%79%58%2C%44%7C%51%79%58%2C%43%2C%20%45%2D%2C%42%2F%47%7C%51%2C%58%79%51%7C%43%2C%20%44%2F%43%2C%4C%5A%43%2C%20%44%2F%43%2C%4C%5A%43%2C%20%44%2F%43%2C%4C%5A%43%2C%20%44%2F%43%2C%20%5A%20=%4A%61%7A%7A%2D%4D%65%64%69%75%6D%20%53%77%69%6E%67=%31%30%30=%33
24b9156a-862f-42b5-974c-fb6b093b6be4,"irealb://%4E%6F%20%48%61%79%20%4E%61%64%69%65%20%43%6F%6D%6F%20%54%C3%BA=%57%69%6C%62%75%72%20%50%61%75%6C==%50%6F%70%20%42%61%6C%6C%61%64=%41%62=%30=%31%72%33%34%4C%62%4B%63%75%37%44%20%72%6F%C3%B1%34%46%2D,%58%2A%3C%41%2A%7B%7D%51%79%58%2D%62%42%7C%51%58%79%23%43%7C%51%79%58%23%44%2F%2D%46%7C%51%79%36%36%20%53%65%34%54%69%2A%7B%42%7C%51%79%58%6F%20%6D%65%20%58%23%44%2F%2D%46%7C%51%79%58%2D%46%3E%73%69%65%70%20%73%75%74%20%61%20%6F%72%74%73%6F%70%79%51%7C%43%2D%79%20%53%4F%49%39%36%2A%3C%42%36%36%58%79%51%23%44%7C%51%79%58%23%43%3E%72%65%76%20%6F%65%64%75%50%39%36%2A%3C%7C%7D%20%20%3E%33%58%20%58%79%51%7B%2A%2A%3C%20%2D%62%7C%51%79%58%2D%6F,%20%65%73%23%44%2F%2D%46%7C%51%79%58%2D%46%3E%61%69%6F%72%6C%67%20%65%64%20%53%4F%49%44%20%6C%65%20%58%79%51%7C%43%74%6E%61%53%20%20%20%3E%41%20%62)%20(%44%34%35%2A%3C%20,%2D%62%42%51%7D)%47()%20%62%41(%20%3E%51%79%58%37%35%2A%3C)%62%58%79%51%54%6F%42(%2D%62%42%75%6E%20%6E%6F%20%20%53%6F%6C%3C%43%2A%7C%7D%51%79%58%2D%62%42%7C%51%79%43%58%7C%51%79%58%23%47%7C%51%79%58%23%43%3E%6F%2A%36%39%20%43%33%36%2A%3C%7B%20%23%44%7C%51%73%20%76%6F%63%7D%51%79%58%2D%62%42%7C%51%79%58%43%7C%51%58%79%23%47%7C%51%79%58%23%43%3E%2E%2E%2E%73%65%7C%43%23%58%79%61%72%74%73%65%72%6F%6C%67%20%20%54%6F%20%42%39%36%2A%3C%7B%7D%20%20%3E%33%58%20%20%51%58%79%36%36%2A%3C%20%2D%62%42%51%7B%7D%20%20%3E%20%59%20%6C%61%20%31%35%2A%3C%69%61%20%64%65%6C%20%53%65%C3%B1%6F%72%20%6C%6C%65%6E%61%3E%43%23%58%79%51%7C%44%23%58%79%51%7C%46%2D%58%79%51%7C%46%2D%58%79%51%7D%20=%50%6F%70%2D%53%6C%6F%77%20%52%6F%63%6B=%37%30=%31"
24d58c8e-024c-42cd-bbdf-306212265d8b,irealb://%44%6F%69%6E%67%20%54%68%61%74%20%52%61%67=%47%61%72%63%69%61%20%4A%65%72%72%79==%4D%65%64%69%75%6D=%47==%31%72%33%34%4C%62%4B%63%75%37%47%5B%5D%20%20%5A%43%20%45%62%44%20%37%41%5A%4C%62%45%20%43%20%46%20%44%5A%7C%4C%20%6E%2C%47%5A%4C%37%44%20%37%41%5A%4C%37%20%47%2C%6E%4C%46%20%44%5B%79%58%2D%41%5B%20%44%2C%46%2C%7C%51%79%58%43%7C%2C%46%2C%44%20%47%5A%4C%20%43%47%5A%4C%37%44%20%37%41%7C%51%79%58%43%7C%43%20%47%20%5D%47%5A%4C%43%20%51%7C%45%2D%2C%58%79%51%7C%41%2D%58%79%51%7C%45%2D%2C%58%79%51%7C%42%2D%58%79%51%7C%41%2D%58%79%51%7C%43%58%79%51%7C%43%20%47%20%5D%20=%50%6F%70%2D%53%6F%75%6C=%37%38=%33
24fe9a21-9fa4-44c8-ac36-dbc25426ee5e,irealb://%41%6D%6F%72%20%53%69%6E%20%43%6F%6E%64%69%63%69%6F%6E=%54%77%69%63%65==%53%6C%6F%77%20%72%6F%63%6B=%44%2D=%36=%31%72%33%34%4C%62%4B%63%75%37%4C%43%20%2D%44%34%44%2D%20%43%42%5A%4C%43%20%2D%44%41%2A%7B%5D%20%46%20%42%62%5A%4C%43%20%2D%44%5A%4C%46%20%62%42%5A%4C%62%58%79%51%7C%34%54%69%2A%5B%44%5A%4C%46%20%51%7D%7B%2A%42%20%2D%44%43%2A%7B%7D%20%46%20%62%42%5A%4C%20%43%2D%44%5A%4C%46%20%62%42%5A%4C%43%20%2D%44%43%4C%5A%42%62%79%58%62%42%5A%2D%20%43%4C%5A%42%62%20%46%20%7D%20==%30=%30
248ee1c8-70c9-45ff-a2e4-3741bac25abc,irealb://%43%68%65%72%6F%6B%65%65%20%53%68%75%66%66%6C%65%20(%4A%6F%73%68)=%43%32%20%47%43%47%43%44==%43%6C%61%77%68%61%6D%6D%65%72=%43==%31%72%33%34%4C%62%4B%63%75%37%47%42%2A%7B%7D%34%44%58%79%51%51%79%58%41%7C%51%79%58%44%5A%4C%20%6C%63%51%4B%79%58%47%5A%4C%20%78%20%5A%4C%20%6C%63%4B%7C%44%58%79%51%34%54%41%2A%5B%58%79%51%7C%44%58%79%51%7C%47%58%79%51%7C%44%58%79%51%7C%47%58%79%51%7C%44%58%79%51%4B%63%6C%20%4C%5A%47%58%79%51%7C%44%20%41%4C%5A%44%58%79%51%7D%7C%20=%50%6F%70%2D%42%6C%75%65%67%72%61%73%73=%32%31%35=%34
247d24ac-1c38-43b5-b09f-a8afbdc5620e,irealb://%46%6C%61%74%20%46%6F%6F%74%20%46%6C%6F%6F%67%69%65%20%2D%20%46%6C%69%6E%6E%65%72=%53%6C%69%6D%20%47%61%69%6C%6C%61%72%64%2C%20%53%6C%61%6D%20%53%74%65%77%61%72%74==%4D%65%64%69%75%6D%20%53%77%69%6E%67=%44==%31%72%33%34%4C%62%4B%63%75%37%44%31%4E%5A%4C%34%44%20%44%37%47%5A%4C%37%44%20%44%5A%4C%37%41%20%37%47%4C%5A%37%44%20%44%5A%4C%37%6F%23%47%20%47%5A%4C%20%47%23%6F%37%34%54%41%2A%7B%36%47%5A%4C%20%44%36%58%79%51%58%37%44%42%2A%5B%5D%51%79%58%36%44%5A%4C%41%37%20%44%32%4E%5A%4C%20%51%79%58%51%79%58%7D%79%51%4B%63%6C%5A%4C%37%41%20%20%44%5A%4C%37%6C%20%4C%5A%45%5A%4C%37%44%20%44%41%2A%5B%5D%20%20%6C%63%51%4B%79%58%37%41%5A%4C%20%6C%63%4B%51%79%58%37%47%20%47%23%6F%63%4B%51%79%58%44%37%4C%5A%47%37%20%41%37%4C%5A%44%20%44%37%4C%5A%47%20%47%23%6F%37%4C%5A%44%20%41%37%4C%5A%44%36%58%79%51%5A%20==%30=%30
246fa2b0-da06-4254-a934-9e8334da7944,irealb://%57%61%6C%74%7A%69%6E%67%27%73%20%46%6F%72%20%44%72%65%61%6D%65%72%73%20%2D%20%46%6C%69%6E%6E%65%72=%54%68%6F%6D%70%73%6F%6E%20%52%69%63%68%61%72%64==%4D%65%64%69%75%6D%20%53%77%69%6E%67=%46==%31%72%33%34%4C%62%4B%63%75%37%42%2A%5B%7D%51%34%46%58%79%51%79%58%62%42%7C%51%79%58%46%7C%51%79%58%43%51%7C%79%58%46%7C%51%79%58%46%7C%51%79%58%46%7C%51%7C%46%58%79%33%54%41%2A%7B%51%79%58%46%43%43%58%79%51%7C%58%43%7C%51%79%58%43%7C%51%79%58%62%42%7C%79%51%58%62%42%7C%51%79%58%43%7C%51%79%58%2D%47%79%51%5D%7B%2A%7C%51%79%58%43%7C%42%62%58%79%51%7C%46%58%79%51%7C%42%62%58%79%51%7C%44%2D%58%79%51%7C%47%2D%58%79%51%7C%43%58%79%51%7C%46%58%79%51%7D%20=%50%6F%70%2D%42%6C%75%65%67%72%61%73%73=%39%35=%33
241d7301-b4ce-4d21-8244-1605187141bd,irealb://%4A%6F%68%6E%20%48%61%72%64%79%20%2D%20%46%6C%69%6E%6E%65%72=%54%72%61%64%69%74%69%6F%6E%61%6C==%42%6C%75%65%67%72%61%73%73=%47==%31%72%33%34%4C%62%4B%63%75%37%43%7C%7C%51%79%34%43%58%79%51%79%58%47%5A%4C%20%6C%63%4B%51%79%58%43%7C%79%51%58%37%47%7C%51%79%58%47%5A%4C%20%6C%63%4B%51%7C%47%37%58%34%54%41%2A%5B%4C%20%6C%63%4B%6C%20%4C%5A%47%7C%5A%4C%20%78%20%5A%4C%20%78%20%5A%4C%20%63%6C%4B%51%79%58%44%5A%4C%20%6C%63%4B%51%79%58%44%2C%58%79%51%63%4B%51%79%58%5A%47%58%79%51%4B%63%6C%20%20%5A%20==%30=%30
24c1265c-bc3b-4b95-97ce-8e2ee84b050b,irealb://%4E%6F%62%6F%64%79%27%73%20%44%69%72%74%79%20%42%75%73%69%6E%65%73%73%20%2D%20%46%6C%69%6E%6E%65%72=%54%72%61%64%69%74%69%6F%6E%61%6C==%50%6F%70%20%2D%20%42%6C%75%65%67%72%61%73%73=%43==%31%72%33%34%4C%62%4B%63%75%37%4B%51%79%58%43%58%79%51%4B%63%4B%51%79%58%43%5A%4C%20%6C%63%4B%51%79%58%47%37%5A%4C%20%6C%63%4B%51%79%58%46%5A%4C%20%6C%63%6C%20%4C%5A%43%34%34%54%5B%63%6C%20%4C%5A%46%58%79%51%4B%63%6C%20%4C%5A%47%37%58%79%51%4B%63%6C%20%4C%5A%43%58%79%51%4B%63%6C%20%20%5A%20==%30=%30
24a2fa68-7f68-439a-a68d-45679c1da6b8,irealb://%57%61%79%20%44%6F%77%6E%74%6F%77%6E%20%2D%20%46%6C%69%6E%6E%65%72=%54%72%61%64%69%74%69%6F%6E%61%6C==%50%6F%70%20%2D%20%42%6C%75%65%67%72%61%73%73=%47==%31%72%33%34%4C%62%4B%63%75%37%43%7C%51%79%58%58%79%51%7C%43%47%7C%51%79%58%47%7C%51%79%58%44%7C%51%79%44%58%7C%51%79%58%47%7C%51%79%58%47%7C%51%79%58%58%79%51%7C%43%43%34%34%54%5B%58%79%51%7C%47%58%79%51%7C%47%58%79%51%7C%44%58%79%51%7C%44%58%79%51%7C%47%58%79%51%7C%47%58%79%51%5D%20==%30=%38
24938fda-1173-4e52-aa69-e69250f35370,irealb://%42%6C%75%65%73%20%42%61%73%69%63%20%31=%45%78%65%72%63%69%73%65==%42%6C%75%65%73=%43=%35=%31%72%33%34%4C%62%4B%63%75%37%58%37%47%5A%4C%37%58%79%51%4B%79%58%37%43%5A%4C%20%6C%63%4B%51%79%58%37%5A%46%4C%20%78%20%5A%4C%20%78%20%5A%4C%20%6C%63%51%4B%63%6C%20%43%34%34%54%5B%79%51%7C%46%37%58%79%51%7C%43%37%58%79%51%7C%43%37%20%6E%20%5A%59%7C%55%51%43%39%58%79%51%5A%20=%50%6F%70%2D%53%68%75%66%66%6C%65=%39%30=%38
249cbc7d-1fc9-412f-99d8-0249dd5d69e6,"irealb://%42%72%6F%77%6E%20%53%75%67%61%72=%4A%61%67%67%65%72%2D%52%69%63%68%61%72%64%73==%52%6F%63%6B=%43==%31%72%33%34%4C%62%4B%63%75%37%7C%51%79%58,%34%47%37%73%75%32%62%45%76%2A%7B%7D%20%46%20%43%5A%4C%47%73%20%75%73%47%5A%4C%46%20,%43%5A%4C%47%20%73%58%79%51%7C%43%34%54%69%2A%7B%4C%20%6C%63%4B%42%62%4C%5A%43%4C%20%6C%63%4B%51%79%58%46%5A%4C%20%6C%63%51%4B%79%58%43,%53,%41%2A%5B%7D%51%79%58,%5A%43%58%79%51%20,%32%62%41,%43%7C%51%79%51%7C%43%58%79%4E%76%2A%5B%7D%20%20%6C%63%4B%51%79%58%43%4C%5A%20%6C%63%4B%51%79%58%37%47%42%2A%7B%5D%51%31%45%62%32%58%79%58%62%42%5A%79%58%32%62%45%62%32,%20%42%5D%51%79%58,%43%3E%2E%64%6E%45%20%64%6E%20%32%6C%61%20%2E%53%2E%44%39%36%2A%3C%5A%4C%62%7B%2A%76%4E%32%41%7C%51%79%58%63%4B%51%79%58%79%51%7C%41%62%63%4B%51%79%58%37%47%42%2A%7B%7D%20%3E%78%39%34%36%2A%3C%20%20,%43%5A%4C%62%42%20,%32%6C%20%4C%5A%43%58,%43%7C%51%2A%7B%5D%51%79%2A%41%43%58%79%58%62%42%5A%4C%20%6C%63%4B%51%79%58%43%5A%20%4C%6C%63%4B%51%79%58%46%5A%4C%20%6C%63%4B%51%79%51%7C%43%58%5B%7D%20%20%6C%42%47%37%58%79%51%4B%63%6C%20%4C%5A%43%58%79%51%4B%63%6C%20%3C%2A%36%36%38%78%3E%20%7D%20==%31%32%32=%31"
241559ba-3c78-44ab-9f17-bc8209be3d12,irealb://%54%72%69%6D%20%54%68%65%20%54%72%65%65%20%57%61%6C%74%7A%20%2D%20%46%6C%69%6E%6E%65%72=%42%6C%61%6B%65%20%4E%61%6E%63%79==%50%6F%70%20%2D%20%42%6C%75%65%67%72%61%73%73=%43==%31%72%33%34%4C%62%4B%63%75%37%2C%5B%7D%20%20%54%33%34%43%58%58%43%5A%4C%20%6C%63%4B%51%79%58%47%5A%4C%78%20%20%5A%4C%20%78%20%5A%4C%20%6C%63%4B%51%79%79%51%4B%63%6C%2C%41%2A%2C%7B%6C%63%4B%51%79%79%51%4B%63%6C%6C%63%4B%51%79%58%43%5A%4C%20%6C%63%4B%51%58%79%47%5A%4C%20%6C%63%4B%51%79%58%43%5A%4C%20%20%4C%5A%46%58%58%46%2C%42%2A%20%4C%5A%43%58%79%51%4B%63%6C%20%4C%5A%47%58%79%51%4B%63%6C%20%4C%5A%43%58%79%51%4B%63%6C%20%20%5A%20==%30=%30
248146ea-9939-4dfc-80ec-4422159163ab,irealb://%57%61%72%6D%20%55%70%20%53%65%74%20%32%2C%33=%43%6F%6D%70%6F%73%65%72%20%55%6E%6B%6E%6F%77%6E==%4D%65%64%69%75%6D%20%53%77%69%6E%67=%43==%31%72%33%34%4C%62%4B%63%75%37%47%5A%4C%37%5E%42%62%37%4C%5A%5A%4C%37%62%41%20%62%41%5A%4C%37%5E%41%20%5A%41%4C%37%41%20%41%5A%4C%37%5E%62%42%20%62%42%41%62%20%41%62%20%2C%62%42%5B%20%45%5A%4C%37%47%20%47%5E%37%37%5E%46%20%46%5A%4C%37%46%20%46%5A%4C%37%62%5E%47%20%62%47%5A%4C%37%62%47%20%62%47%5A%4C%4C%5A%45%20%45%5A%4C%37%47%20%45%5E%37%4C%5A%45%62%2C%6E%20%4C%5A%6E%20%6E%20%5A%20%55%20=%4A%61%7A%7A%2D%4C%61%74%69%6E=%30=%30
2461e3f1-a748-4d67-8b42-e6eeceb83fbc,irealb://%44%72%65%61%6D%20%4F%66%20%59%6F%75%20(%61%6C%74%20%63%68%6F%72%64%73%20%66%6F%72%20%68%65%61%64)=%4C%75%6E%63%65%66%6F%72%64==%4D%65%64%69%75%6D%20%53%77%69%6E%67=%45==%31%72%33%34%4C%62%4B%63%75%37%39%62%33%31%42%34%3C%20%41%41%5A%4C%37%42%20%37%2D%23%46%5A%4C%37%42%20%2D%37%23%46%5A%4C%37%42%20%37%2D%23%46%3E%41%42%46%23%2D%37%20%34%54%41%2A%7B%6F%23%44(%20%20%20(%45%6F(%20%20%39%36%45%31%4E%5A%4C)%39%36%45%37(%42%20)%6F%23%44(%37%2D%23%46%5A%4C)%45%6F)%4C%5A%39%36%45%5A%4C%65%6E%69%46%3C%36%39)%20%7D%20%78)%6F%23%44(%20%5A%4C)%6F%45(%20%20%39%36%45%32%4E%5A%4C%20%51%79%58%51%79%58(%45%36%39)%45(%20%78)%3C%5A%4C%37%43%42%41%2D%37%58%20%6C%63%4B%51%79%58%37%2D%41%5A%4C%20%6C%4B%63%51%79%58%39%36%45%5A%4C%20%6C%63%4B%51%79%4C%5A%42%37%20%2A%5B%5D%20%3E%44%2E%43%2E%20%61%6C%20%32%6E%64%20%45%6E%64%2E%3E%42%37%58%79%51%5D%20=%4A%61%7A%7A%2D%47%79%70%73%79%20%4A%61%7A%7A=%31%32%30=%33
243955a8-3dfd-40c7-a5e6-d2b4d6109f3c,irealb://%59%45%53%48%55%41%28%51%75%69%65%72%6F%20%43%6F%6E%6F%63%65%72%20%41%20%4A%65%73%C3%BA%73%29=%4C%6C%C3%A9%76%61%6D%65%20%44%65%20%56%75%65%6C%74%61==%57%6F%72%73%68%69%70=%42=%37=%31%72%33%34%4C%62%4B%63%75%37%4A%20%61%20%72%36%39%20%20%4D%63%20%6F%72%65%69%75%51%20%2F%2E%2E%2E%C3%B3%61%63%73%20%65%6D%20%6F%6C%6C%75%67%72%6F%20%69%6F%6E%6F%63%65%2A%3C%41%2A%7B%58%2F%20%61%75%2E%2E%3E%45%58%39%36%2A%3C%42%2A%5B%7D%51%79%58%23%46%7C%79%51%58%37%2D%23%47%7C%51%79%58%23%46%7C%51%79%20%59%65%73%68%2E%73%C3%BA%73%65%58%23%46%7C%51%20%54%75%79%6F%47%7C%2C%23%46%20%20%37%5E%45%43%2A%7C%51%58%79%45%3E%6F%6E%69%65%52%20%6C%65%20%73%65%20%23%2D%37%58%79%51%79%58%51%79%79%58%23%46%7C%2A%36%39%20%4D%42%7C%51%79%58%37%5E%45%7C%51%79%58%37%2D%47%23%3E%2E%2E%2E%73%65%20%6F%64%61%6D%61%20%69%5E%37%58%79%51%3C%7B%7D%51%79%51%7D%20==%30=%30
24cad12a-1c91-4bfa-848f-89cc38b81f2f,irealb://%45%78%65%72%63%69%73%65%20%32%39%20%2D%20%41%20%47%69%72%6C%20%46%72%6F%6D%20%49%70%61%6E%65%6D%61=%4A%6F%62%69%6D%20%41%6E%74%6F%6E%69%6F%2D%43%61%72%6C%6F%73==%42%6F%73%73%61%20%4E%6F%76%61=%46==%31%72%33%34%4C%62%4B%63%75%37%51%79%58%31%31%34%46%5E%37%20%51%79%58%37%2D%47%5A%4C%20%6C%63%4B%51%79%31%58%31%23%37%47%5A%4C%20%78%20%5A%4C%39%36%46%7C%47%62%37%23%34%54%41%2A%7B%23%46%42%2A%5B%37%58%79%51%7C%5A%4C%39%36%46%20%37%5E%46%32%4E%5A%4C%20%79%51%58%51%79%58%7D%51%79%58%31%31%23%37%62%47%20%78%20%20%5D%5E%46%31%4E%7C%47%5A%4C%20%6C%36%39%4C%5A%20%37%44%5A%4C%20%6C%63%4B%51%79%58%37%2D%23%5A%46%4C%20%6C%63%4B%51%79%58%37%42%5A%4C%20%78%58%79%51%4B%63%23%46%20%37%5E%37%43%7C%51%79%4B%63%6C%20%4C%51%79%58%33%31%62%39%62%37%44%7C%51%79%58%2D%37%41%5A%4C%20%6C%63%4B%51%79%58%37%62%45%5A%7C%47%2D%37%58%51%79%58%37%2D%31%31%23%37%62%5D%5B%2A%41%46%37%2D%47%5A%4C%20%6C%63%4B%51%79%58%31%31%37%23%47%5A%4C%20%78%20%5A%4C%39%36%46%20%37%5E%58%79%51%7C%47%51%79%58%39%62%58%79%51%7C%46%5E%37%58%79%51%7C%47%62%37%23%31%31%58%79%51%5A%20=%4A%61%7A%7A%2D%42%6F%73%73%61%20%4E%6F%76%61=%31%34%30=%31
2447de6d-ba37-41c1-a616-79a6cb661e69,irealb://%46%69%67%2E%20%31%33%20%2D%20%48%6F%6E%65%79%73%75%63%6B%6C%65%20%52%6F%73%65%20%77%69%74%68%20%61%20%54%77%69%73%74%20%45%78%65%72%63%69%73%65%20%2D%20%64%65%73%63%65%6E%64%69%6E%67=%52%69%63%68%69%65%56%69%74%61%6C%65%2E%63%6F%6D==%42%6F%6F%6B%20%31%20%2D%20%41%20%4C%79%72%69%63%61%6C%20%41%70%70%72%6F%61%63%68%20%42%6F%6F%6B=%43==%31%72%33%34%4C%62%4B%63%75%37%20%37%2D%44%5A%43%37%4C%5A%46%37%2D%62%45%7C%5A%4C%37%41%20%37%2D%45%5A%37%4C%62%42%20%37%2D%46%5A%4C%37%42%20%37%2D%23%20%41%62%37%4C%20%37%2D%47%5B%47%37%4C%5A%43%23%2D%37%20%46%23%37%4C%5A%43%2D%37%20%46%37%4C%5A%42%2D%37%20%45%37%4C%5A%42%62%2D%37%20%45%62%37%4C%5A%41%2D%37%20%44%37%20%5A%20==%30=%31
24415a2a-0f7e-4454-8f4f-1dd09c13e980,irealb://%46%69%67%2E%20%36%38%20%2D%20%57%68%6F%6C%65%20%54%6F%6E%65%20%45%78%65%72%63%69%73%65%73%20%28%32%62%29=%52%69%63%68%69%65%56%69%74%61%6C%65%2E%63%6F%6D==%42%6F%6F%6B%20%32%20%2D%20%41%20%4C%79%72%69%63%61%6C%20%41%70%70%72%6F%61%63%68%20%42%6F%6F%6B=%43==%31%72%33%34%4C%62%4B%63%75%37%7C%44%62%2B%20%42%2B%4C%5A%41%2B%20%47%2B%4C%5A%46%2B%20%45%62%2B%4C%5A%44%62%2B%20%42%2B%4C%5A%41%2B%20%47%2B%4C%5A%66%46%2B%58%79%51%5A%20==%31%30%30=%31
2409cba9-bf76-4dbe-be50-90b48a2f8f73,irealb://%47%6F%6F%64%20%4D%6F%72%6E%69%6E%67%20%48%65%61%72%74%61%63%68%65%20%28%42%69%6C%6C%69%65%20%48%6F%6C%69%64%61%79%20%31%39%34%36%29=%44%72%61%6B%65%2D%46%69%73%68%65%72%2D%48%69%67%67%69%6E%62%6F%74%68%61%6D==%42%61%6C%6C%61%64=%44%62==%31%72%33%34%4C%62%4B%63%75%37%2A%7B%5D%20%62%2D%58%79%51%7C%42%2F%36%62%47%5A%4C%62%41%2F%45%20%2C%39%62%2D%41%5A%4C%35%23%37%62%45%20%2C%37%68%62%42%62%20%45%2F%42%62%41%69%2A%5B%47%20%37%2D%62%62%2D%20%41%62%62%42%20%2C%37%68%46%7C%51%79%58%37%5E%62%7C%44%51%79%58%2C%36%62%2D%62%41%5A%4C%2C%36%2D%37%2C%4C%5A%45%41%34%34%54%41%7C%51%79%58%35%5A%46%2D%37%20%2C%42%2A%5B%7D%51%79%58%39%36%62%44%5A%4C%23%35%37%62%41%20%2C%37%2D%62%45%5A%4C%2C%37%45%53%2C%46%37%23%4C%2C%37%2D%62%2D%62%41%5A%4C%79%51%7C%46%37%41%7C%51%79%58%37%5E%62%41%7C%51%79%58%37%45%62%7C%51%79%58%37%5E%62%42%7C%51%79%58%35%23%2D%37%20%44%37%58%36%2D%62%42%5A%4C%2C%37%62%20%5D%5B%2A%41%46%7C%51%79%58%37%5E%62%44%7C%51%79%58%2C%62%36%2D%62%41%5A%4C%2C%36%2D%62%41%20%2D%62%41%68%37%2C%20%42%37%62%44%20%37%39%36%2A%3C%5B%2C%20%47%62%2D%5E%62%44%5A%4C%35%23%37%62%41%20%2C%37%2D%45%62%5A%4C%51%2C%37%45%20%37%2D%46%5A%4C%2C%37%37%58%79%51%5D%37%2D%62%45%6C%51%79%58%51%79%6C%75%64%65%3E%62%47%20%37%6F%41%3E%61%64%6F%43%20%6C%61%2E%20%53%2E%44%3C%5A%4C%39%62%41%20%37%2D%62%45%5E%37%20%5A%58%72%65%74%6E%49%20%4C%5A%59%51%45%62%2D%37%2C%58%79%51%7C%70%20%41%62%31%33%62%39%4C%5A%44%62%5E%37%58%79%51%7C%55%20%78%20%20%5A%20=%4A%61%7A%7A%2D%42%61%6C%6C%61%64%20%53%77%69%6E%67=%37%32=%31
24049104-8ee8-4743-b5ed-22c3becc6671,irealb://%47%79%70%73%79%20%53%77%69%6E%67=%53%63%68%6D%69%74%74%20%53%61%6D%73%6F%6E==%4D%65%64%69%75%6D%20%53%77%69%6E%67=%43==%31%72%33%34%4C%62%4B%63%75%37%7C%51%79%58%78%2D%36%58%79%51%2D%47%7C%51%79%58%78%7C%51%79%58%37%44%7C%79%51%58%78%7C%51%79%58%2D%43%7C%51%79%58%78%7C%36%58%79%51%7C%47%34%34%54%7B%37%44%20%2C%37%51%7C%78%58%79%20%2D%47%7C%51%79%58%78%7C%51%79%58%37%44%4E%31%7C%51%79%58%78%7C%51%79%58%36%2D%43%7C%51%46%4C%5A%45%62%79%58%36%62%45%20%7D%7C%4E%32%44%37%58%79%51%7C%78%58%79%51%7C%47%2D%36%58%79%51%7C%44%37%58%79%51%5A%20=%4A%61%7A%7A%2D%47%79%70%73%79%20%4A%61%7A%7A=%31%39%35=%36
242c9567-b7f1-4dce-b4c2-564b405958a5,irealb://%48%41%59%41%54%20%32%20%42%C4%B0%4C%45%54=%53%65%6B%69%20%44%65%6E%69%7A==%44%69%73%63%6F=%47%2D==%31%72%33%34%4C%62%4B%63%75%37%4C%20%78%20%5A%34%34%3C%2A%36%3E)%6B%6F%79%20%72%61%72%6B%65%74%20%65%C5%9F%74%C3%BC%6E%C3%B6%64%20%2E%32(%20%20%51%79%58%39%20%47%2D%20%4C%54%53%69%2A%7B%2D%44%20%5A%4C%5A%20%78%20%4C%20%2D%47%20%41%2A%7B%7D%20%51%20%78%20%5A%20%4C%78%20%5A%4C%20%78%20%5A%4C%20%2D%47%20%5A%4C%5A%20%78%20%4C%20%78%20%5A%4C%20%2D%44%20%20%4C%5A%20%45%5A%4C%20%2D%47%20%41%2A%51%7B%7D%20%20%2D%20%44%5A%4C%20%46%20%5A%4C%20%78%20%5A%4C%20%62%20%78%20%4C%5A%78%20%5A%4C%20%20%5A%4C%20%2D%5A%20%45%62%20%78%20%5A%4C%20%2D%47%20%42%2A%7B%7D%20%2D%20%44%2D%43%5A%4C%20%46%20%5A%4C%20%78%20%5A%4C%20%4C%5A%20%44%4C%20%78%20%5A%20%78%20%5A%4C%41%68%20%4C%5A%4C%20%78%20%5A%4C%20%2D%47%20%43%2A%7B%7D%20%20%78%20%5A%4C%20%2D%47%20%5A%4C%20%2D%44%20%5A%20%44%2D%20%20%5A%4C%20%78%4C%5A%20%41%68%20%4C%5A%20%44%2D%20%4C%5A%20%47%2D%20%4C%5A%3C%44%2E%53%2E%20%61%6C%20%43%6F%64%61%3E%20%78%20%20%7D%20=%50%6F%70%2D%44%69%73%63%6F=%31%32%30=%33
24deac62-a1da-40b5-94e1-c75790c036bf,irealb://%49%20%44%6F%6E%27%74%20%43%61%72%65%20%49%66%20%54%68%65%20%53%75%6E%20%44%6F%6E%27%74%20%53%68%69%6E%65=%44%61%76%69%64%20%4D%61%63%6B==%4D%65%64%69%75%6D%20%55%70%20%53%77%69%6E%67=%46=%30=%31%72%33%34%4C%62%4B%63%75%37%51%79%58%37%2D%34%46%58%79%51%62%41%20%41%2F%46%5A%4C%20%6C%63%4B%51%79%36%58%46%7C%51%79%58%37%5E%46%5A%4C%20%6C%63%4B%6F%37%4C%5A%47%34%54%41%2A%5B%4C%35%23%37%43%20%5D%5B%2A%42%51%79%58%37%43%7C%51%79%58%36%2D%47%5A%4C%6C%20%63%4B%51%79%58%37%2D%47%7C%51%79%58%2D%47%7C%47%2D%37%20%39%43%20%20%7C%44%7C%51%79%58%4B%63%6C%20%20%20%37%46%20%7C%37%2D%43%20%20%2C%37%46%7C%37%2C%2D%43%2C%37%46%20%2C%37%2D%43%43%2A%5B%5D%4C%5A%42%62%36%51%79%58%46%5A%58%2C%37%5E%46%2C%44%2D%37%7C%44%2A%5B%5A%20%35%23%39%43%20%31%31%43%5A%37%4C%43%2C%6F%43%2C%31%31%43%5A%4C%20%37%47%20%46%58%79%51%7C%37%47%20%37%2D%79%51%7C%46%37%58%79%51%7C%42%62%58%79%51%7C%47%37%2C%58%79%51%7C%47%2D%37%20%43%37%62%39%4C%5A%46%36%58%79%51%4B%63%6C%20%20%5A%20==%31%36%30=%30
24f2dcd1-836e-4d6f-8183-1eef84eaceb1,irealb://%49%20%57%61%73%20%54%68%65%20%4F%6E%65=%41%61%72%6F%6E%20%53%63%68%72%6F%65%64%65%72%20%42%69%6C%6C%20%50%65%70%70%65%72%73%20%43%61%6C%75%64%65%20%44%65%6D%65%74%72%69%75%73%20%48%61%6C%20%42%6C%61%69%72==%43%6F%75%6E%74%72%79%20%53%77%69%6E%67=%43==%31%72%33%34%4C%62%4B%63%75%37%4C%47%5A%4C%47%34%6C%43%2C%4C%4C%43%5A%4C%47%5A%4C%2D%44%5A%4C%2D%41%5A%43%4C%76%2A%7B%20%47%5A%4C%2D%44%5A%4C%2D%41%5A%5A%41%2D%4C%5A%32%54%69%2A%7C%46%42%2A%7C%5D%2B%4C%5A%46%4C%43%5A%4C%47%5A%4C%43%32%4E%7C%7D%20%47%5A%47%4C%5A%4C%43%5A%4C%43%31%4E%5A%4C%6F%23%46%5A%4C%5A%43%37%20%43%5A%4C%43%5A%47%5A%4C%20%5A%46%2D%4C%5A%46%4C%78%5A%4C%37%44%5A%4C%78%5A%4C%37%44%5A%43%4C%5A%4C%43%5A%4C%42%2F%47%5A%4C%43%5A%4C%2D%5A%66%44%2D%4C%5A%4C%46%5A%4C%5A%4C%6F%23%46%5B%2A%76%43%4C%2B%43%5A%4C%43%5A%4C%47%5A%4C%47%5A%4C%2D%5A%41%4C%43%5A%4C%47%5A%4C%2D%44%5A%4C%2D%41%5A%4C%5A%46%4C%5A%5D%20%47%5A%4C%66%47%4C%5A%20%4C%5A%20%73%43%2C%7C%43%2C%43%2C%7C%43%2C%20%43%23%2C%7C%66%43%58%79%51%5A%20=%50%6F%70%2D%52%6F%63%6B%20%31%32%2F%38=%30=%33%30
2441683e-810f-4ab4-b51a-406df673a793,irealb://%4A%61%63%6B%20%6F%66%20%53%70%65%65%64=%42%65%63%6B%65%72%2D%46%61%67%65%6E==%50%6F%70%2D%53%6D%6F%6F%74%68=%46%23%2D==%31%72%33%34%4C%62%4B%63%75%37%36%2A%3C%7C%51%34%3C%2A%36%38%23%46%2F%45%20%37%2D%23%46%6C%3E%65%6E%69%20%6C%6E%72%6F%68%20%3A%78%20%64%6E%32%51%79%58%4C%5A%78%58%79%34%54%69%2A%7B%20%37%2D%23%46%78%3A%20%67%75%6E%32%20%38%36%2A%3C%59%7C%51%79%58%78%7C%79%51%58%78%3E%73%72%65%74%6E%65%20%72%73%74%69%64%20%78%3A%3E%20%74%73%31%36%32%37%2A%3C%53%41%5E%39%29%4C%20%37%2D%23%46%20%39%5E%44%5A%4C%39%2D%42%37%20%2D%23%46%5A%4C%37%2D%23%46%20%39%5E%44%5A%7D%59%7B%2A%41%28%23%46%2F%45%2D%23%46%20%39%56%6F%63%61%6C%2D%42%20%37%2D%23%46%5A%4C%37%2D%23%46%20%5E%39%44%5A%4C%23%46%2F%45%20%37%2D%23%46%3E%73%39%4C%5A%44%5E%20%20%51%79%58%5A%4C%39%23%44%39%20%41%31%33%23%43%73%7C%51%79%58%78%5A%4C%23%46%2F%45%37%20%2D%23%46%5A%4C%33%31%47%20%39%2D%44%5A%4C%39%2C%44%39%2C%2D%45%5A%4C%37%28%23%46%2F%45%20%73%43%23%2D%3E%3A%29%78%20%74%73%31%28%38%36%2A%3C%5A%23%4C%46%2F%45%20%37%2D%23%46%6C%31%4E%7C%2C%37%46%23%2D%37%20%20%37%2D%42%73%20%39%5E%44%42%20%28%43%23%37%58%78%7C%51%79%58%78%7C%51%79%58%78%5A%4C%46%23%2F%45%20%37%2D%23%46%32%4E%7C%7D%29%39%23%79%51%5D%5B%2A%29%39%23%37%42%23%47%73%20%39%5A%42%5E%39%20%43%2F%42%20%39%5E%44%7C%51%79%58%78%5A%4C%2D%37%23%46%20%39%23%37%23%43%5A%4C%39%2D%23%46%23%4C%5A%42%2D%4C%37%2D%23%43%23%46%2F%45%20%23%37%62%39%2C%7C%2C%39%62%37%23%43%2C%39%23%37%23%43%73%39%20%5E%41%5A%4C%39%2D%42%20%37%2D%23%43%6C%7C%6C%46%23%2D%37%47%2C%39%23%37%23%46%2F%45%2C%51%7D%7B%4E%33%2C%23%46%2F%45%2C%37%2D%23%46%73%3E%65%6E%6C%69%20%6E%72%6F%68%20%20%51%79%58%36%36%2A%3C%7C%46%23%2D%37%79%58%78%5A%4C%37%2D%23%46%5A%37%2C%45%2F%46%20%39%5E%44%5A%4C%39%5E%41%20%37%2D%23%46%5B%6C%5D%2C%23%46%2F%45%2C%37%2D%23%46%7C%2C%23%46%23%2D%37%4C%2D%23%46%7C%2C%5E%44%5A%4C%39%5A%3C%44%2E%53%23%46%2C%51%2C%7B%5D%20%37%2D%23%46%20%39%44%5E%3E%2E%64%6E%45%20%64%6E%32%20%6C%61%20%2E%2D%37%20%41%5E%4C%39%2D%42%20%39%20%46%23%2D%37%4C%5A%46%23%2D%37%20%42%2D%39%4C%5A%44%5E%39%20%46%23%2D%37%3C%33%78%3E%20%7D%20=%50%6F%70%2D%53%6D%6F%6F%74%68=%38%39=%31
245ebdde-aad9-414a-9850-537a639a5732,irealb://%4C%75%61=%4A%61%63%6F%62%20%43%6F%6C%6C%69%65%72%2D%4D%61%72%69%61%6E%61%20%53%65%63%63%61==%42%6F%73%73%61%20%4E%6F%76%61=%44%62==%31%72%33%34%4C%62%4B%63%75%37%79%58%74%6C%61%34%44%62%5E%37%79%58%37%2D%62%45%5A%4C%20%6C%63%4B%51%79%31%58%31%23%37%62%45%5A%4C%20%6C%63%4B%51%79%58%51%7C%41%62%37%34%54%41%2A%5B%58%37%2D%62%45%37%58%79%51%4B%4B%51%79%58%31%31%23%37%62%45%7C%51%79%58%2D%37%62%42%7C%51%79%58%37%2D%46%5A%4C%20%6C%63%63%6C%20%4C%5A%5E%62%44%7C%51%58%31%31%23%37%20%4C%5A%41%62%6C%63%4B%51%79%58%37%5E%62%44%42%2A%5B%5D%79%51%58%74%6C%61%37%62%41%7C%51%79%58%73%75%73%20%4C%5A%45%62%6C%63%4B%51%79%37%2D%62%42%7C%20%4C%5A%45%62%46%5A%4C%20%6C%63%4B%51%79%58%37%5E%62%44%51%7C%79%58%74%6C%61%37%62%41%7C%51%79%58%37%2D%2D%37%58%79%51%6C%63%4B%51%79%58%79%51%7C%45%62%37%23%31%31%58%79%51%4B%63%6C%20%4C%5A%45%62%2D%37%58%79%51%4B%63%6C%20%4C%5A%41%62%73%75%73%20%44%37%4C%5A%44%62%5E%37%58%79%51%5A%20==%37%34=%30
24009773-e993-416f-944f-bd458e700ba5,irealb://%54%75%6D%62%61%73%20%41%20%4A%61%72%64%69%6E%65%73=%45%6C%65%76%61%74%69%6F%6E==%57%6F%72%73%68%69%70=%47==%31%72%33%34%4C%62%4B%63%75%37%5A%4C%2C%37%2D%54%36%38%47%58%4C%47%7C%2C%43%20%5A%4C%47%41%2A%7B%5D%20%20%43%20%7C%51%79%58%47%5A%4C%43%20%20%7C%51%79%5A%78%4C%5A%45%2C%69%2A%2C%5B%43%2A%7B%7D%2C%64%64%39%4C%5A%7B%20%78%5A%4C%39%64%64%61%43%5A%4C%78%5A%37%4C%2D%45%5A%4C%78%5A%4C%47%42%2A%5B%7D%20%78%47%4C%5A%20%43%61%43%5A%4C%44%47%4C%5A%20%43%2C%7C%47%4C%5A%20%43%2C%7C%47%4C%5A%78%4C%5A%73%45%2D%37%2C%43%2C%7C%6C%47%20%7D%20==%30=%30
24f8d50a-2714-4c3c-81b5-a3a3a03e2e4c,irealb://%4D%69%63%68%74%6F%20%6C%61%20%70%6F%6D%70%65%20%31=%53%61%6E%73%C3%A9%76%C3%A9%72%69%6E%6F==%47%79%70%73%79%20%53%77%69%6E%67=%46==%31%72%33%34%4C%62%4B%63%75%37%79%58%46%6C%53%5A%6E%4C%5A%43%5D%2C%37%45%2C%37%62%45%2C%37%44%2C%37%43%5A%73%4C%73%75%73%37%43%5A%4C%37%6F%43%5A%4C%37%20%20%7B%2A%41%4C%6E%69%2A%5B%37%47%7C%51%79%62%6F%37%4C%5A%79%58%39%23%37%44%7C%51%79%58%39%44%7C%51%58%79%37%41%7C%51%79%58%37%41%7C%51%79%58%2D%47%51%7C%47%37%58%45%20%46%7C%51%79%58%7D%20%20%39%58%79%51%4B%58%37%46%31%4E%5A%4C%20%6C%63%4B%51%79%58%31%33%62%42%42%2A%7B%20%51%79%58%7D%20%20%6C%63%79%51%4B%63%6C%43%7C%51%79%58%6C%43%2A%5B%7D%20%7B%4E%32%73%43%3E%65%6E%69%46%20%6C%61%20%2E%53%2E%44%2C%3C%47%7C%2C%62%41%2C%37%62%44%2C%62%41%2C%46%37%2C%46%2C%6E%20%51%79%58%51%42%5A%4C%78%5A%4C%5A%78%4C%5A%78%5A%4C%33%31%62%42%5A%4C%78%5A%4C%37%46%4C%5A%78%5A%4C%33%31%62%42%5A%4C%78%5A%4C%37%46%4C%5A%46%37%4C%2C%33%31%62%42%4C%37%46%5A%4C%3C%2A%31%35%46%31%62%42%6C%51%5B%59%5D%20%3E%20%3C%78%3E%6E%65%69%46%3C%5A%4C%37%46%5A%4C%78%3E%65%6E%69%33%2C%4C%5A%78%5A%4C%33%31%62%65%6E%69%46%35%62%31%33%4C%5A%33%31%62%42%5A%4C%78%5A%4C%37%46%5A%4C%78%4C%5A%33%31%62%42%5A%4C%78%5A%4C%37%46%5A%4C%78%4C%5A%3C%2A%31%42%5A%4C%78%5A%2C%74%6C%61%37%37%4C%5A%78%3C%66%7C%2C%6E%2C%46%2C%37%43%2C%47%7C%2C%62%2C%41%37%62%44%2C%62%41%2C%46%73%7C%5A%4C%3E%20%2C%55%2C%6C%46%46%5A%4C%78%3E%20%5A%20=%4A%61%7A%7A%2D%47%79%70%73%79%20%4A%61%7A%7A=%31%35%30=%32
24344e90-ab47-42bd-84c0-7a183f7b4faa,"irealb://%4D%69%73%64%69%72%65%63%74%65%64%20%42%6C%75%65%73=%46%6F%72%64%20%52%6F%62%62%65%6E==%4D%65%64%69%75%6D%20%53%68%75%66%66%6C%65=%43==%31%72%33%34%4C%62%4B%63%75%37%79%58%37%43%5A%34%43%35,%58%4C%20%6C%63%4B%51%79%58,%35%43%7C%5A%4C%78%20%20%5A%4C%20%78%20%5A%4C%20%6C%63%4B%51%79%5A%20%78%20%4C%34%54%69%2A%7C%51%79%58%37%47%58%79%51%7C%45%4B%51%79%58,%35%47%7C%51%79%58%37%43%7C%79%51%58,%35%43%5A%4C,%37%62%45%20,%35%62%63%6C%20%4C%5A,%35%46%7C%51%20%5A%4C%20%6C%79%51%4B%63%6C,%35%43%5A%4C%20%78%20%5A%4C%20%78%20%5A%20%4C%6C%63%4B%51%79%58,%35%43%41%2A%5A%4C%20%58%79%51%4B%63%58,%35%43%7C%20%6C%63%4B%51%37%58%79%51%7C%5A%4C%20%6C%63%4B%51%79%58,%35%43%5A%4C%37,%62%45%20,%35%62%45%7C%51%79%58,%35%46%47%35,%58%79%43%5A%4C%20%78%43%5A%4C%20%78%79%51%7C%43%35%63%4B%51%79%58,%35%43%42%2A%7B%20%20%51%58%79%51%79%58%7C%51%79%58%37%43%7C%51%79%58,%6C%20%4C%5A%20%58%37%47%5A%4C%43%7C%51%79%58%46%35,%58%79%79%58,%35%47%5A%4C%20%6C%63%4B%51%79%58%35,%43%5A%4C,%37%62%45%20,%35%62%45%7C%51%51%7C%46%35,%7C%51%79%58%37%35,%58%79%51%4B%63%6C%20%3C%33%78%3E%20%7D%20=%50%6F%70%2D%53%68%75%66%66%6C%65=%31%30%35=%32"
24a1f1e4-7c99-4eb7-930f-2bdfc0753716,irealb://%50%72%65%63%69%6F%75%73%20%4C%6F%76%65=%4D%6F%72%72%69%73%6F%6E%20%4A%61%6D%65%73==%4D%65%64%69%75%6D%20%53%77%69%6E%67=%43==%31%72%33%34%4C%62%4B%63%75%37%28%46%7C%29%41%38%43%28%45%29%20%29%45%28%20%2D%41%7C%51%79%58%29%43%28%41%2D%7C%51%79%58%29%44%28%42%2F%47%7C%51%79%58%28%47%29%20%28%36%54%69%2A%5B%5A%4C%2D%41%5A%7C%46%58%79%51%4C%43%73%53%76%2A%7B%5D%20%51%79%58%7C%29%28%47%43%29%41%28%20%29%47%28%20%29%41%28%46%7C%5A%47%2F%42%4C%51%79%58%29%41%4C%20%2D%45%5A%4C%5A%46%4C%5A%79%58%2D%41%7C%51%79%58%2D%44%7C%51%79%58%45%2D%7C%51%79%58%46%6C%7C%7D%20%20%7C%43%2C%46%51%7C%46%20%4C%46%5A%4C%2D%41%7C%7D%20%43%5A%5A%44%2D%20%4C%2D%45%5A%4C%46%5A%4C%43%5A%4C%2D%44%5A%4C%45%2D%5A%4C%46%43%2A%7B%59%5D%20%47%5A%4C%47%5A%4C%5A%44%2D%4C%4C%20%2D%44%5A%2E%44%3C%20%47%2D%4C%5A%44%2D%5A%4C%43%20%2D%44%5A%4C%2D%45%20%2C%46%6C%4C%5A%51%79%58%7C%2C%43%73%20%20%47%5A%4C%43%20%47%58%79%51%7C%45%20%46%31%4E%4C%20%37%44%5A%20%32%6E%64%20%4C%20%37%44%5A%4C%20%2D%41%42%2A%5A%4C%42%43%2F%20%43%32%4E%7C%59%5D%20%20%3E%2E%64%6E%45%5A%41%2D%20%4C%6C%61%20%2E%53%63%20%6F%74%20%4C%5A%45%37%4C%5A%4C%47%5A%4C%47%5A%4C%47%5A%4C%47%7C%7D%20%20%5A%4C%20%5A%4C%20%5A%4C%6E%7B%20%37%45%5A%3C%42%61%63%6B%46%5A%4C%46%5A%68%6F%72%75%73%20%31%20%74%61%67%20%31%73%74%20%65%6E%64%69%6E%67%20%33%78%3E%20==%30=%30
24cbb442-0d56-4514-a70e-efdcaf312c26,"irealb://%52%65%70%6C%61%79=%42%65%72%73%61%6E%69%20%53%61%6D%75%65%6C%65==%50%6F%70%20%42%61%6C%6C%61%64%20%31%36%20%42%65%61%74=%41%2D=%35=%31%72%33%34%4C%62%4B%63%75%37%79%58%5D%20%37%34%41%2D%20%47%4C%42%2F%47%20%2D%41%5A%4C%20%6C%63%4B%51%58%79%37%5E%46%5A%4C%37%2D%44%20%43%5A%4C%42%2F%5A%43%20%44%2D%34%54%69%2A%5B%37%2D%44%5A%4C%20%7B%2A%41%53%37%5E%46%5A%4C%78%5A%4C%39%2D%41%5A%4C%78%4C%5A%23%47%2F%39%62%37%45%5A%4C%78%5A%4C%36%47%4C%5A%43%2F%45%20%51%79%58%51%58%51%79%58%7D%36)%4C%5A%46%43%5A%4C%42%2F%47%5A%4C%37%2D%62%42%5A%4C%5A%78%4C%39%2D%41%5A%4C%78%5A%4C%62%41%2F%36%2D%39%4C%5A%78%20%47(%78%5A%4C,%37%2D%62%42%58%79%51%5B%2A%37%2D%47%5A%4C%37%2D%47%5A%4C%78%5A%4C%39%44%2D%5A%4C%78%5A%4C%62%42%5A%4C%78%5A%4C%46%42%2F%46%4C%5A%73%51%79%58%51%79%6F%47%20%39%36%44%62%5E%37,%2D%43,%37%2D%46%7C,%36%62%45,%37%5E%44%62%7C,%37%2D%43,%37%2D%46%7C,%36%62%45%37,%7C%3C%2A%7C,%37%2D%43%73%75%73%37%43%62%5E%37,%45%43%2F%37%5E%46%5A%4C%78%5A%4C%37%2D%62%42%4C%5A%37%2D%41%5A%4C%37%5E%46%6C%51%5D,%36%62%4C%5A%78%4C%5A%44%3E%6F%74%20%2D%44%5A%4C%78%36%39%44%2E%53%42%5A%4C%37%2D%41%5A%4C%37%5E%46%51%5B%59%51%20%79%58%5D%20%3E%61%64%6F%43%20%6C%61%20%2E%62%5E%37%4C%5A%2A%3C%78%5A%4C%36%62%45,%37%5A%47%4C%5A%20%37%2D%43,%37%2D%46%7C,%36%62%45,%37%62%5E%44%7C,%37%2D%43,%37%2D%62%42%73%5B%20,%7C%44%62%5E%4C%78%5A%4C%39%4C%78%5A%4C%43,%43%2D%37,%4C%78%5A%4C%37%2D%62%42%5A%4C%37%2D%41%5A%37%4C%5E%46%6C%5D,%36%62%45,%37%5E%62%44%7C%5A%46%5E%37%2F%37%2D%46%7C,%5A%43%37%73%75%73%4C%5A%78%20%5D%20=%4A%61%7A%7A%2D%42%61%6C%6C%61%64%20%44%6F%75%62%6C%65%20%54%69%6D%65%20%46%65%65%6C=%36%30=%31"
249bd9c5-4df2-4bbe-a0e4-8cbee631b143,irealb://%52%69%67%68%74%20%4E%65%78%74%20%44%6F%6F%72=%52%69%63%68%6D%6F%6E%64%20%44%6F%75%67==%57%61%6C%74%7A=%43==%31%72%33%34%4C%62%4B%63%75%37%51%79%58%33%31%34%43%36%39%58%58%39%36%43%7C%51%79%58%33%31%62%41%7C%51%58%79%39%36%43%7C%51%79%58%33%31%62%41%7C%51%79%79%51%7C%41%62%33%54%41%2A%7B%2D%44%42%2A%5B%39%58%79%51%7C%41%7C%51%79%58%39%36%43%32%4E%5A%4C%20%51%58%79%51%79%58%7D%20%33%31%62%41%20%33%31%62%42%37%58%79%51%5D%36%43%31%4E%7C%62%41%7C%51%79%47%37%58%79%51%51%79%58%37%47%7C%51%79%58%37%2D%44%7C%51%58%79%35%23%37%41%7C%51%79%58%74%6C%61%37%45%7C%7C%43%36%39%58%7C%51%79%58%37%33%31%62%41%7C%5D%5B%2A%41%43%43%7C%51%79%58%33%31%62%41%7C%51%79%58%39%43%36%7C%51%79%58%33%31%62%41%7C%51%79%58%39%36%36%39%58%79%51%51%79%58%33%31%58%79%51%7C%47%62%36%39%58%79%51%7C%42%62%31%33%20%41%62%31%33%20%5A%20=%4A%61%7A%7A%2D%4D%65%64%69%75%6D%20%53%77%69%6E%67=%31%31%30=%33
2461cd6d-33e2-46e1-bc87-3b02498c6dba,"irealb://%53%69%6E%74%65%72%6B%6C%61%61%73%20%4B%61%70%6F%65%6E%74%6A%65=%53%69%6E%74%20%45%6E%20%4B%61%72%65%6C==%4D%65%64%69%75%6D%20%53%77%69%6E%67=%44==%31%72%33%34%4C%62%4B%63%75%37%41%20%2D%45%7C%45%2D%58%79%51%7C%51%79%58%44%7C%51%79%58%44,%41%2A,%5D%7C%20%44%20%41%51%79%58%2D%45%5A%4C%51%79%58%45%2D%58%79%51,%69%2A,%5B%21%3C%7C%51%79%58%79%51%7C%44%79%58%44%7C%51%79%58%44,%42%2A,%7C,,%44%41%20%2D%45%7C%51%79%58%2D%45%7C%51%79%58%51%7C%45%2D%58%44%7C,%44,%20%20%21%20%20%21%20%20%21%20%20%21%58%79%51%20%20%34%65%3E%45%2D%20%41,%44%5D%20=%4A%61%7A%7A%2D%4D%65%64%69%75%6D%20%53%77%69%6E%67=%31%30%30=%33"
249b2a9b-ed0c-48bb-a9bc-9ad3c4817483,irealb://%53%74%75%64%79%20%23%33%35%41=%43%6F%6D%70%6F%73%65%72%20%55%6E%6B%6E%6F%77%6E==%4D%65%64%69%75%6D%20%53%77%69%6E%67=%47==%31%72%33%34%4C%62%4B%63%75%37%20%37%5E%43%5A%34%73%47%36%20%20%37%2D%44%5A%4C%6F%23%43%2C%36%43%2C%42%47%2F%5A%4C%6F%62%42%20%37%2D%41%5A%4C%6F%62%41%47%37%62%39%4C%33%54%41%2A%7B%20%37%2D%41%32%42%2D%37%20%45%79%58%51%79%58%7D%20%39%62%37%44%20%73%75%39%73%44%7C%51%79%58%39%41%31%4E%5A%4C%39%62%37%51%20%4C%5A%4E%5A%4C%37%2D%43%47%20%68%44%5A%5A%47%58%79%51%37%2D%43%2C%2D%43%5A%4C%39%62%37%47%2C%62%2F%41%36%2D%46%2C%62%42%2F%36%2D%46%42%2A%5B%5D%2C%43%2D%36%4C%4C%39%62%37%44%20%39%23%46%2C%43%2D%2C%43%2D%7C%51%79%58%39%43%5A%4C%37%2D%47%20%37%5E%42%62%7C%51%79%58%37%46%5A%4C%37%2D%43%2C%37%5E%46%39%73%75%73%5A%4C%39%62%37%43%20%37%5E%43%73%47%36%20%41%47%20%37%2D%44%5A%4C%6F%23%43%2C%36%43%2C%2F%42%47%5A%4C%6F%62%42%20%37%2D%41%5A%4C%6F%62%37%62%39%4C%5A%41%2A%5B%5D%20%4C%39%62%37%44%2D%37%20%45%37%5A%4C%39%62%37%45%20%68%42%5A%4C%39%62%37%46%23%2C%47%2F%37%2D%41%2C%37%2D%41%5A%4C%39%62%7C%41%2D%37%20%42%5A%4C%37%2D%5A%47%58%79%51%5A%20==%38%30=%30
24226501-6909-4e39-a180-8bfcd70e7eb6,irealb://%53%75%72%66%20%52%69%64%65%72%20%31=%56%65%6E%74%75%72%65%73==%46%6F%6C%6B%20%52%6F%63%6B=%41%2D==%31%72%33%34%4C%62%4B%63%75%37%5A%4C%37%45%5A%2D%4C%5A%78%4C%5A%4C%78%5A%4C%2D%41%41%2A%7C%5A%4C%78%5A%37%4C%45%5A%4C%78%5A%4C%46%5A%4C%78%5A%4C%47%5A%46%4C%5A%78%4C%41%34%34%54%5B%5A%4C%37%44%5A%4C%5A%78%4C%5A%42%2A%5A%4C%78%5A%4C%2D%41%5A%4C%78%5A%4C%45%37%5A%4C%78%5A%4C%46%5A%4C%78%5A%4C%2D%41%7C%41%4C%5A%78%4C%2D%41%5A%4C%78%4C%2D%41%43%2A%5A%78%4C%5A%43%4C%2D%41%5A%4C%78%5A%4C%37%45%5A%4C%78%5A%46%4C%5A%4C%78%5A%4C%2D%41%7C%5A%4C%37%45%5A%4C%5A%78%4C%5A%7C%4C%47%5A%4C%78%5A%4C%2D%41%5A%4C%5A%78%4C%5A%45%5A%4C%78%5A%4C%46%5A%4C%78%5A%4C%2D%41%2A%41%7C%5A%4C%78%5A%4C%37%45%5A%4C%78%5A%4C%46%37%4C%5A%78%4C%47%5A%4C%78%5A%78%5A%4C%37%45%41%4C%5A%78%4C%46%5A%4C%78%5A%4C%2D%41%7C%5A%4C%37%45%5A%43%4C%5A%4C%78%5A%4C%47%5A%4C%78%5A%4C%37%44%5A%4C%5A%78%4C%5A%42%2A%5A%4C%78%4C%5A%41%2D%4C%5A%78%4C%5A%7C%41%2D%58%79%51%7C%78%58%79%51%5A%20=%42%6C%75%65%73%2D%53%74%61%78=%31%33%30=%30
2463dd00-37a9-45bc-bc9f-4330226471da,"irealb://%56%65%6E%69%64%20%46%69%65%6C%65%73%20%54%6F%64%6F%73=%43%6F%6D%70%6F%73%65%72%20%55%6E%6B%6E%6F%77%6E==%4D%65%64%69%75%6D%20%53%77%69%6E%67=%45==%31%72%33%34%4C%62%4B%63%75%37(%2D%23%43%7C%34%45(%45))%45(%20)%42(%20)%42(%23%44%2F%7C%42)%42(%20)%23%43(%20)%23%44(%20%20(%44%23)%34%54%69%2A%7B%20)%23%43(%23)%20(%43%20)%45(%45%7C)%23%44(%20)%45()%20%42(%20)%42(%41%7C)%42(%20)%23(%44%23)%20%44(%20)%45%42(%42,%7C%2F%44%23(%42%23%43(%20)%23%44(%20)%45(%2D%23%7C%43)%23%44(%20)%45(%20)%42(%20))%20(%42)%42%7C)%42(%43%7C%51%79%58%42%58%79%51%7B%45%3E%2E%2E%2E%73%6F%64%6F%74%20%73%65%6C%69%65%66%20%64%69%6E%65%56%20%39%36%2A%3C%41%2A%58%79%51%7C%42%7C%51%79%58)%23%46%7C%51%79%7C%41,%20%42%58%45%7C%51%79%58%42%7C%51%79%58%23%46%7C%79%51%58,%42%7C%51%79%58,%2D%23%43%5A%4C,%79%51%7C%41%58%51%79%58%2D%23%23%43%7C%51%79%66%42%58%79%51%58%45%3E%2E%2E%2E%73%6F%6D%65%72%6F%64%61%79%20%20%64%69%6E%65%56%20%39%36%2A%3C%42%2A%5B%79%51%7C%45%58%7C%51%79%58%2D%2D%58%79%51%7C%42%58%79%51%7C%41%58%79%51%7C%43%23%2D%58%79%51%7C%41%20%42%4C%5A%45%58%79%51%7D%20=%4A%61%7A%7A%2D%4D%65%64%69%75%6D%20%53%77%69%6E%67=%31%30%30=%33"
242a4a20-8efa-4f14-af52-d84aa567a15b,irealb://%57%68%65%72%65%20%49%73%20%54%68%65%20%4C%6F%76%65%20%28%52%6F%62%65%72%74%61%20%46%6C%61%63%6B%2C%20%44%6F%6E%6E%79%20%48%61%74%68%61%77%61%79%29=%52%61%6C%70%68%20%4D%63%44%6F%6E%61%6C%64%2C%20%57%69%6C%6C%69%61%6D%20%53%61%6C%74%65%72==%50%6F%70%20%42%6F%73%73%61=%45%62==%31%72%33%34%4C%62%4B%63%75%37%39%62%45%7C%51%34%45%62%5E%37%45%41%2A%7B%7D%51%79%58%39%62%44%7C%51%79%37%58%5E%62%41%7C%51%79%58%39%62%45%7C%51%79%58%62%5E%37%58%79%34%54%69%2A%7B%20%20%6C%63%4B%62%5E%37%58%79%73%39%62%42%7C%51%79%58%37%5E%42%7C%51%79%37%58%5E%62%47%7C%51%79%58%35%62%39%62%44%7C%51%75%73%58%79%51%41%7C%51%79%58%36%62%47%7C%51%62%5E%37%58%79%45%7C%51%79%58%73%75%73%37%62%42%7C%51%79%37%58%5E%42%5A%4C%37%5E%57%20%2C%36%62%47%7C%51%62%5E%37%58%79%45%42%2A%5B%5D%7D%20%20%78%20%5A%4E%31%42%62%4B%51%79%58%73%75%73%39%62%42%32%4E%5A%4C%79%51%58%7D%20%20%6C%63%4B%51%79%58%73%75%73%39%63%6C%20%4C%5A%4C%37%5E%42%20%37%5E%62%41%7C%39%73%75%73%58%45%7C%51%79%58%37%5E%62%45%43%2A%7B%5D%20%78%20%20%5A%4C%20%78%20%5A%4C%20%6C%63%4B%51%79%62%39%58%79%51%62%42%33%4E%7C%3C%52%65%70%65%61%74%20%26%20%46%61%64%65%20%4F%75%74%3E%58%79%51%7C%44%62%39%20%20%3C%2A%31%35%35%78%3E%20%7D%20==%31%31%35=%31
2406c995-0b02-488b-9458-52136d0ce90c,irealb://%57%72%61%70%20%59%6F%75%72%20%54%72%6F%75%62%6C%65%73%20%49%6E%20%44%72%65%61%6D%73%20%52%42%33=%42%61%72%72%69%73%20%48%61%72%72%79==%4D%65%64%69%75%6D%20%53%77%69%6E%67=%43==%31%72%33%34%4C%62%4B%63%75%37(%20%7C%51%79%34%43%5E%20%47%79%58%37%2D%41%5A%4C%39%62%37%45%20%36%43%4C%5A%73%75%73%37%47%20%36%43%5A%4C%73%75%73%37%51%7C%44%37%58%34%54%41%2A%7B%20%36%43%32%4E%20(%44%37)%79%58%51%79%58%51%79%58%7D%20%47%2F%37%2D%20%44%5E%43%31%4E%5A%4C%37%47%20%37%2D%44%5A%4C%51%58%79%51%7C%78)%37%2D%41%42%20%37%2D%41%2A%42%41%2D%37(%20)%37%2D%42(%20%20%5E%43%5A%4C%37%20%47%37%44%5A%4C%37%41%20%37%45%5A%4C%37%42%20%42%62%37)%7C%5B%5D%20%37%45%4C%73%75%73%37%20%41%37%4C%5A%4C%73%75%73%37%47%20%37%5E%43%41%2A%5B%59%20%5D%35%23%37%47%20%5E%43%5A%4C%37%47%20%37%44%5A%43%36%20%47%37%45%5A%4C%37%51%79%58%36%43%37%62%39(%42%37%2D%44%5A%4C%20%6C%63%4B%51%79%58%37%44%51%7C%79%58%37%2D%41%7C)%37%45(%20)%37%2D%20%47%37%4C%5A%45%20%36%43%5A%5A%20==%30=%30
24f2beb3-a085-4698-86ff-b39cee262f14,irealb://%C3%87at%C4%B1%20Kat%C4%B1%3DG.T%C3%BCrkmen%3D%3DM.K%C3%BCrdi%3DD-%3D%3D1r34LbKcu7%5D%20xZL*74inxZL9bEZLxZL7-GLZxZL9bE%3Eonaip%20tLZG-7%3C44T%5BDZLfxMelodDZLbEZL7-CZLFZ7L-GZL7-CZL9bE%3Ei-%2CfLZ47*%3C%5BL-GZLQXyQXZLxZLbEZLxZLFZxLZL-GA*%5B%20%20QyXQyFLZD-yX%5B%20-xZLFZC-LZEbElSB*%5B%5D%2CF%2CsussFZL-CZLFZL-GZLb9LZxLZLbBZL7-CZLZxLZZL9bEZL7-CZLxZFLZLxZL9bEZLxZLFFLZxL9bEZL*%5B%20%20QZG-LZQyXQyX%5B%20-DZLxZ-LDZL9bEZL7-CZLFXyQXyL9bEZZL-GZxLZFL-CZLbBZL-GZLxZ-LDZL-CZLbEZL-DZLZEbLZL-GAFLZC-LZsFsus%2CF%5DXyQXyQXyQXyQXyQS%20%3DPop-Smooth%3D104%3D1
246b26ac-e907-41b9-8aee-9e82eb994108,irealb://%CE%9E%207%20chords%205thdim%E2%86%95%20%20%281%20bar%29=Valentin%20Thorey==Medium%20Swing=C%20==1r34LbKcu7ZL%207bC7%20LZ7bA%20ZL%207D%20ZL%207%20GZL%207bD%20ZL%207bG%20%20LZ%20E%20%5B44T%20A7%20LZ%20E7%20LZ%20Bb7%20LZ%20F7%20LZ%20B7%20%20%5D==120=0
24885746-e2fa-4993-a806-71c2eccc77f4,irealb://%CE%9E%207%20chords%20Random%205%20%281%20bar%29=Valentin%20Thorey==Medium%20Swing=C%20==1r34LbKcu7A%20ZL%20B7%20LZ%207bD%20ZL%207D%20ZL%20F7%20ZL%207bE%20ZL%207C%20LZ%20E7%20%5B44T7%20LZ%20Gb7%20LZ%20Ab7%20LZ%20G7%20LZ%20Bb7%20%20%5D==120=0
24dee7f8-94e6-4902-b2ff-31c3e85ca5dd,irealb://Nothing%20Else%20Matter%3DMetallica%3D%3DMedium%20Swing%3DE-%3D%3D1r34LbKcu7-B%207-8E-7%20%5EF%7CQyX9%237%23FZL%20%20xZL%20x%20ZL%20x%20ZL7AXyQ%7CE6TA*%5BQyX7DE-7%20A%20%5ECB*%7C%5DQyX%5EC2NQ%7CyXQyXQyXQyX%7D%207A-7LZ1NZL7%7CC%5E%20A-7LZD7XyQ%7CC%5E%20A-7%20LZT34D7%20LZE-7%20B-7LZ%20x%20%20%5D%20%3DJazz-Medium%20Swing%3D55%3D3
24658d40-f3dd-4490-b6fb-0f825a239584,irealb://%D0%9C%D0%B5%D1%87%D1%82%D0%B0%20%D1%81%D0%B1%D1%8B%D0%B2%D0%B0%D0%B5%D1%82%D1%81%D1%8F%3D%D0%90%D0%BD%D1%82%D0%BE%D0%BD%D0%BE%D0%B2%20%D0%AE%D1%80%D0%B8%D0%B9%3D%3DPop%20-%20Rock%3DD-%3D5%3D1r34LbKcu7ZLxZL%2CLZxLsreV%3CSA*%7B%20%20QyXyQX%7D%20%3Ex4%3CxZL%2C-GZe%3ED-%2C-Di*%7BQyXQyF%2CLZG%2C%23C%2FAs%2CCl%7C%2CB%2FG%2CsbBl1NZL%2C-DZL%2C-%7DXyQXZL%2CbB-G1NZG-%2ClC-DZLxZL%2C-G%3EsurhoC%3CB*%7B%5D%20nZL%2CF%7C%2C%2CLZxLs2NZLL%2C7AlLZA-%2C%2C7As42TZL%2C-G2NLZ%20QyXQyX%7D%20%2C-DZLn%7CT44%2CCZL%2CG%3CQC*%7BD-%2CLXQyX%7D%20%3EadoC%20la.%20S.D%3CxZL%2C-GZLxZyQ%20%20%7B%5D%20QxZ%2CCl%7C%2C%20SolobBZL-DZL-GZLF%7CC%2Cl%2C7bBsZLxZL-D%3E%2CsG%2FBratiusA%2FC%23%7D%7B*D%3CCoda%3ElD-%2CLZxLZG-%2CLZx%3C4x%3E%20%7DD-%20Z%20%3DPop-Rock%3D120%3D1
2440975a-5174-459f-8286-dc2d82f720cf,irealb://%E7%8B%82%E6%BD%AE%3D%E9%A1%A7%E5%AE%B6%E8%BC%9D%3D%3DPop%3DF%3D%3D1r34LbKcu7C%7CQyX4Bb%5E7%5D%20%23F/7D%20%2C7D%7CQy7X-A%7CQyX6-bB%7CQyX%7B*AG-4Ti*%5B%5DQyX7F%5E7Xy7%5EF%7CQyX7C%7CQyX7G-%7C%5D%20%23F/7D%20%2C7D%7CQXyQ%7CF%7CQyX7/bB%7CQ-7XyQQyXhD1N%7CQyX7-FQ%7CyX7%5EbA%7CQyX7bE%7C%7CG7XybBB*%5BGC*%5B%7DC%2Cn%2C%20/7D%7CQyX7%5EFZL7C7%20-bB%7CQyXbD2N%7C%7D%20F%23XyQ%7CQyXC-7XyQ%7CC7XyQ%7CF%5E7XyQ%7CxXyQ%5D%20%3DPop-Rock%3D90%3D3
24d9ccfd-d936-4896-93c8-5451d72c00b3,irealb://%E8%80%B6%E7%A8%A3%E5%B0%B1%E6%98%AF%E5%85%89%20E%3DComposer%20Unknown%3D%3DFR1%3DF%3D%3D1r34LbKcu7p%7Cppp4E%2C%3C*ppp%7Cppp%2CA%7Cppppp%7Cpp%3E1K%20.edilS36p%7C%5BB%2C4Ti*%5BuoC%20.E%2Cppp6*%3C%2CE%3E%E5%85%89%E7%9A%84%E4%B8%8A%E6%98%AF%E8%BF%99%E5%85%89%E6%98%AF%E5%B0%B1%E8%80%B6%E7%A8%A3%3Cv*%5BY%7Cpppp%2CQ%2C%7C3Chop%7C%2Cppp%7CppppR%3EpppA%3E%E9%AD%82%E7%81%B5%E7%9A%84%E6%88%91%E4%BA%AE%E7%85%A7%E6%B0%B8%E4%BB%96%3C%7Cpppp%7Cppp%2C-%23C%7Cpppp%7C%2Cppp%7C%20yrtnS%7B%7Cpp%7Cppppp%2C-%23C%7Cpppp%7CpppE%2C%3E%E5%85%89%E7%9A%84%E4%B8%8A%E6%98%AF%E8%BF%99%E5%85%89%E6%98%AF%E5%B0%B1%E7%A8%A3%E8%80%B6%3C%7C%7Cpp%7Cppppp%2CBQyX%7Cp%E6%88%91%E7%9A%84%E7%81%B5%E9%AD%82%3Eppp%2CE%7Cppp%2CB%7Cpp%3Eptaeb%202/175*%3C%2CA%7CB%2Cpp%E4%BA%AE%E7%85%A7%E6%B0%B8%E4%BB%96%3Cpohc%20QXyQ%7C*%3C%29G%28F%3E%E5%85%89%E7%9A%84%E4%B8%8A%E6%98%AF%E8%BF%99%E5%85%89%E6%98%AF%E7%A8%A3%E5%B0%B1%E8%80%B6%3C44Tv*%5B%7Cppp%2CC74FR2yXQyXbB%3E%E9%AD%82%E7%81%B5ntry%20%E4%BB%96%3C%7Cpppp%7Cppp%297-%28E7-D%7Cpppp%7Cppp%3ER%E6%B0%B8%E7%85%A7%E4%BA%AE%E6%88%91%E7%9A%84uoC%20.pp%29G%28p%7Cppp%E6%98%AF%E8%BF%99%E5%85%89%E6%98%AF%E5%B0%B1%E7%A8%A3%E8%80%B6%3C%7Cppp%297%28D7C%7Cppp%297-A%28C%7Cp%E4%B8%8A%E7%9A%84%E5%85%89%3EFpp%29C%28b%202/1p%7CD-7C%28bB%3E%E9%AD%82%E7%81%B5%E7%9A%84%E6%88%91%E4%BA%AE%E7%85%A7%E6%B0%B8%E4%BB%96%3C%7BS%7Cpppp%7Cppp%297-E%28%29%3C*54ppp%7Cp%2C-ES%7Bpp%7CC%28XQyXQyX%7Cppp%297DC%28%7Cppp%29G%28F%7Cppp%29DyQXyQp%3Etaeppp%7C%20%3D%3D0%3D0
24db42cf-e7f3-41e7-9a78-4710c1a8495e,irealb://%E9%AC%BC%E3%81%AE%E3%83%91%E3%83%B3%E3%83%84%3DSong%20Italian%3D%3DPop%3DC%3D%3D1r34LbKcu7-E%7CQy%20E-LZXC%7CQyX-AZL-E%20CQ%7CyXx%7CQyXC%7CQyX-AyQ%7CxXC44T%5BLG%20C%7CXyQ%7CBQyXx%7CQyX7B%7CQyX%7CxQyXG%7CQyXx%7CQyX7%7CGXyQx%7CQyXZGXyQ%7CCXyQ%7CE-%20ELZA-%20FLZD-%20CLZG%20C%20Z%20%3DPop-Shuffle%3D112%3D1
24fd1dd9-b274-42cf-bb4c-3433728cd921,irealb://Anytime%20You're%20Feeling%20Lonely%3DHerbert%20'Happy'%20Lawson%201921%3D%3DMedium%20Swing%3DF%3D%3D1r34LbKcu7%7CQyX74D7XyFZL%20lcKQyX7CZLl%20cKQyX7GZL%20lcKQXyQ%7CF4TA*%5B%2CB*%2CZ%7CBb-XQyX7CZL%20lcKQyXG7%7CQyX7D%7CQyXF%7CQyKcl%20LQyXbBKQyX7Kcl%20LcKQyX7AZL%20lcKQXy7CZL%20lcKQyX7GZl%20LZDQyX7Dcl%20LZG7XyQKcl%20LZC7XyQKcl%20LZFXyQKcl%20%20%5D%20%3DJazz-Medium%20Swing%3D100%3D3
24651423-692c-4d44-b031-8d935463e3b2,irealb://Miss%20Otis%20Regrets%3DCole%20Porter%20%281934%29%3D%3DMedium%20Swing%3DEb%3D%3D1r34LbKcu7F%7CQyXb%20C7LXbEZL7bB%207-FZL-7C%20bEZL7bB%207-FZyQ%7CC7E44T%5BZL7C%20%7CBb7XbB%20bEZLoA%20bAZLb7E%20-CZL7G%20bE%7CQy7LZEbQyX7-F-7%20Bb7LZEbXyQ%7CF-7%20Bb7%20%5D%20%3DJazz-Medium%20Swing%3D100%3D3
24807fca-cea2-4944-875f-2aeb7ba6228c,irealb://You%20Took%20Advantage%20Of%20Me%20nmn%3DRodgers-Hart%3D%3DMedium%20Swing%3DEb%3D%3D1r34LbKcu7ZL7bB*63%205%20%20QyX56%2036*%3CZLEo%20bE%3E%CC%876%CC%B86%20%20%CC%A37155%3EF-%20%3C44T%5B*%3CZL75565%20%3E%CC%872%C2%B7%20%207%CC%A37%201%2036%3C*ZLobG%20-G%3E%CC%871%CC%B84%20F-%20Bb%2036*%3C36*%3CZ11%20%20%C2%B7bA%3E_21%C2%B7%20%2044%205%2063*%3CZL7bE%20-bB%3E%CC%A35%20Db7L%202%2036*%3C2N%7DQ%20%2021El%3E1QyX36*%3C1N%7Cb7B%2C7F%2C7C%2C7Gs%3E_2b6%20E%20yX33%206*%3C%7C71%3EEb6%2C6-Cs%3E_67%CC%A37%20%20112%20%CC%871%2036*%3C%5D%207bD%20pAh%2CDQyX366*%3CZL6%CC%B86XyF%3E2%C2%B7QyX5%CC%B85%20%CC%B84%2063*%3CZL7C%207Gl%3E5%C2%B7Q7%20Bb7%20%CC%B85%203%2ChAp%2CQXyQ%20_67%CC%A37%20%20121%20%CC%871%2063*%3CZL7bD%206bE%3E7%C2%B7%3EsC-6yX3%203bB%207F63%205%CC%B8X5%CC%B85%20%CC%B84%2036*%3CZLC7%207Gl%3E5%C2%B7QyX6%CC%B86%20yQ%C2%B72%3E*%3C%7C7DEl3N%5D63%205%3EF%2C7bG%3E.dne%20dr3l%20a%20.C.D60*%3C%2C-Gs-%2CE7%2C*%3CZL7b6%20Z%20%3D%3D0%3D0
24649617-b3db-4327-8b0c-f35676b7ea80,irealb://Get%20On%20Board%2C%20Little%20Children%3Dbe2sharp%20ARR:%3D%3DZz%20Select%20An%20iReal%20Style%3DG%3D%3D1r34LbKcu7%20dnuoyQ%20%20Tgnos%20orP%20laeRis%20iht%20rof%20yek%20eh%20is%20fX45*%3ChT%20.eming%3Enos%20ruoy%20no%20etno%20tsal%20eht82*%3C%20g%20pagan%20yb%20ortn%20the%20T%20%20QyX06*%3CQyXQXyQyXQyXQyX%3E.yekhis%20isi%20tayalP4ke%20th.gnos%20eht%20fo%20sreusaem%202%20tsal%20e%3E%20%3C*3il%20siXQyXQdy%2C%20o%3E.netsil%20tsuj%20or%20%2Csdrohc%20eht%20rXyQXyolem%20a%20eva%3C*62Xrev%20eht%20dna%20ornti%20eht%20htoB%20%20Qyses%20hQyXQyeyalp-up%3E%20yeht%20erofeb%20tabe%20eno%20%2Ceton63*%3C%20are%20kcip%20*%3CA*%5BQXyQX%2CGZL7D%20G44Ti*%5B%20%20QyXQyXQyXQyXQyC%2CG%20%5DyX%3E.dW%2CGZLrses:QyXG%7CQyXC%7CQyXGQ%7CyXCZL%20lcKQyXG%3E%7CG%20D7eV%2007%20QyX2%5D%5B*B%3C%20lcKQyXGZL%20lcKyQXC%3E:surohC%2086*LZ%3C*0%2CW%2CW%2CQyXC%3E%20song%20ADOC%20a%20%2Cdne%20yerv%20eht%20ta%20%2Csah%20of%202%20sihT%20b%20lliZG%20D7hw%20%2Cserusaem%20%20yQX05*%3CZ%20G%2CC%2CGZLich%20wL%20lcKtfo%20seatedem%20artxe%20tsuj6*2%3C%20%3Eera%20sadoC%20.asureper%20eZL7D%20ded%20byXQyXQyXQyXQyXyQX%3E.sregnarra%20yQ%20%7BQGda%20ne%20opme%20%7DUXyiwS%20muideM-zza%20J:yrT%20QyX45*%3C%20Qng%2C%20TG%2CC%2CG146%3EXyQXyQXyQXyQXyQ%20%3Cb%23%3E%20%3DJazz-Medium%20Swing%3D146%3D3
24d324f4-219e-4bce-a3ce-48a601b18350,irealb://Go%20Tell%20It%20On%20The%20Mountain%3Dbe2sharp%20ARR:%3D%3DZz%20iReal%20Styles%20Offer%20Choices%3DD%3D%3D1r34LbKcu7sla%20syQ%20%20Ngnos%20ruoy%20fo%20eotn%20tsal%20eht%20ema.%20ThiX45*%3Csiht%20n%3E%20%3C*soohc%20uoy%20tahty%20ek%20eht%20seman82e%20foreht%20otni%20el%20sonm-4%20%20QyX46*%3CQyQXyXQyXQyXQyX%3E.geasuraeRi%20e%20ehttion.c%2883*%3C%20%3E%20yalp%20or%20%2Cnetsil%20tsuJ%20opy%29%20cudorQyX66%204%20baQyXQyXQyXQyX%3E.usrohc%20eht%20fo%20srXyQ%3C*gnidn*%3C%20%3Erintrohw%20enut%20a%20ot%20ddeda%20si%20adoc%20ro%20eneve%20nA%20%20QyXQy%20songyX%3E.os%20od%20ot%20sdeiced%20regnarra%20QXyQXeht83yXD%3E:iT44DV%20%2086*%3CA*%5B%5DQyXZDL7A%20DZL%20lcKQyXerses*%5BQyXC%20%2066LZA7X%5DQyX7A%7CQyX7EZLl%20cKQyXD%7CQyXD%7CQy%5B*B%3C*%20lcKQc%20%2Cgn:%3EDXyna%20ddA%20%20QyX%3C%7CQXyD%7CQyX7AZL%20lcKQ%20endisuroh*%3C%5DQy%20a%20%22tA%20DZL%20lcKQyXD%3Eh%20tiw%20nwohs%20%2C%22ga7LZDXdellafo%20yd%20%20a%20ceht%20syalper%20ga%20tsihT%20.ngis%20ado%20meloQyX84X%3E.se24the%20%2Cgnos%20eht%20fo%20esrusaem%202%20tsal%203%20tim*%3C%20%3E%20yX45*XyQXyZQyXU%2CDf%7D%20%3Ex3%3C%20%20%2CDZL7A%20DQ%7BQyXQXyQ%20%3CQyXQy%20revoter%20rref%20eht%20neht%20%2Cesmit%203%20gnitaepemata%20fA%20%20Qeton%208the%20eht%20%22dloh%22%20ot%20nsaem%20drohc%20tsal%20last2*%3C%20%3E:elytd.%3EXyJ%20elpmaS07*%3C%20%3Eb%23%3CQyXQyXQyXQyXQazz%20Srohc/%20New%20Orleans%20Swing/%20mm%20130%3E%20%3DJazz-New%20Orleans%20Swing%3D130%3D3
24d04c90-a6ed-4e50-901b-7a17e1afec05,irealb://When%20Irish%20Eyes%20Are%20Smiling%20%28Version%202%29%3Dbe2sharp%20ARR:%3D%3DZz%20Select%20A%20Playing%20Style%3DC%3D%3D1r34LbKcu7yek%20tyQ%20%20Tc%20eht%20ni%20yalp%20roP%20laeRi%20ekam%20oorrecX84*%3Ct%20si%20e%20%3E%20%3C.gnos%20ruoy%20fo%20teon%20tsal%20eht42*%20Thatman%20%2C%20a%20siy%20to%20%20%20QyX85*%3CQyXQyQXyXQyXQyX%3E%20.esuThis%20ek%20eh%20yalPal/rh%3E.ydolem%20on%20gnviah%20%2Cortni%20mhty%20%3C*34drohcyXQyX%2C%20or%20s%20ti%20yalp%20ppA%20roP%20laeR%20eht%20telolo.%3Egnolaton%20pyQXyQp%20elgnis%20eht%20ylaP%20%2086*%3C43Ti*%5B%20ick-uXQyXQ%2CC%7C%2CCthe%20l%2C7G%2C7G%2C7G%7C%2C7D%2CD7%2C7Ds%3E..rab%20tsa%7CC%2CC%2C%20ni%20eo%20deyQ%20%5B*Asdrohc%20detaepe%28r47*%3C%2CCl%3E%2007*%3CS%2C%20playX%5D%20nCZL%20Cry%20beL%20FZLQyXZL%207CZ%20LCZL%207GZL%20%3E.%29taZF%20LZeve%20nS.D%3CZQLZF%20L%207DZL%207DZLQyXLZ%207AZL%20CZL%20FZLQZG7%20LyXZL%20L%207GZCoda%3EL%207DZL%207AZL%20CZ%20Lo%23FQ%5B%20QyX%5D%20%207GZXyQL%20la%20.ideM-C%2CU%20%20:selytS%20elpmaS%20%20QyX84*%3CQyXQyXZ%20JazzZL%20CZB-poPing%2C%20%20opmeT/kcoR-po0P2*%3C%20%3E011%20opmeT116%20%20wS%20mu%20elihass/TyX85*%3CQyXQyXQyQXyXQyX%3E021%20opmeQ%20%20%28WrgeulQyXQying%20a.%29sopmeT%20rewol%20sesu%20%2Cgnos%20wen%20%3EXyQXnraelXyQXyQ%20%3Cb%23%3E%20%3DJazz-Medium%20Swing%3D110%3D3
247df9d0-b123-4293-8cad-f536adb61aad,irealb://089%20Dom7%20Up%20And%20Down%20Chromatic%3DComposer%20Unknown%3D%3DJazz%3DC%3D%3D1r34LbKcu77G%7CQy7XyQ%7CQyXF%7CQyX7E%7CQyXb7E%7CQyX7D%7CQyX7bD%7CF%237XC44T%5BA%7CQyXb7XyQyX7B%7CQyX7C%7CQyXB7%7CQyX7bB%7CQyX7A%7CQ%7CBb7A%7CQyX%7CQyX7Ab7Xy7bE%7CQyX7E%7CQyX7%7CFQyX7bG%7CQyX7G%7CQXyQ%7CD%7CQyX7Db7XyQ%7CC7XyQ%5D%20%3DJazz-Ballad%20Swing%3D85%3D6
24498e96-b41c-4335-8437-762d222c5624,irealb://55%20%28203%2D208%29%20i%20VII%20VI%20VII%20Aeolian%20Progression=GuruOfGuitar%2Ecom==Rock=A%2D=2=1r34LbKcu7%5BT44A%2DXyQ%7CGXyQ%7CFXyQ%7CG%20%20%3C8x%3E%20%7D%20=Pop%2DRock=80=16
2432c1e0-49aa-4453-add1-fa4d55be0be6,irealb://18%20%2871%2D76%29%20I%20V%20iii%20IV%20Major%20Progression=GuruOfGuitar%2Ecom==Rock=C=2=1r34LbKcu7%5BT44CXyQ%7CGXyQ%7CE%2DXyQ%7CF%20%20%3C8x%3E%20%7D%20=Pop%2DShuffle=90=16
24c9e0b4-059b-44cc-92c4-879e06560370,irealb://Don%27t%20Know%20Why%201=Norah%20Jones%20Jesse%20Harris==Ballad=Bb=9=1r34LbKcu7%5EbBA%2A4Bb%5E7B%20sus7FZL7C%207%2DZGL9D%209%5EbEZL7bB%20b%20%5DY%5B4Ti%2A%5BD%209%5EbLZEb%5EB%207%5EbBZLbB%20susF7ZL7C%207%2DGZL9D%209b7LZE7bB%207L7C%2077%20C7LD%209%5EbEZL7bB%207%5EBbA%2A%7B%7D%20bB%20sus7FZ9LZG%2D%2DG%7B%209%2A%5B%5D%20bs%20BbL7FZL7C%207%2DGZL9D9%20%5EbEZL7bB%207%5EbBZsus%20Bus7FZbBZLbyQ%7CC77F%7CQyX7C%7CQyX7%2DZGL%20lcKQyX7F%7CQyX%20F7%2FEX7%2DGBBZLbB%2FC%20%7D%7BFZL7C%207%2DGZL9D%20%5E9bEZL7bB%207%5EbBA%2A7sus%207F%20D%2Fsus7Fb7LZE7%2DG%7C%7D%20bB%20sus7FLZ7C%207%2DGZL9D%209%5Eb%20C7LZB%207%5Eb%20sBb%2CBb7%2FF%2C%7ClG%2D7%20C7LZF7sus%20Bb%20Z%20=Jazz%2DBallad%20Swing=60=3
24df5259-e6a6-4276-a7f8-1fa71074b25f,irealb://Completo%20En%20Ti%3DRomero%20Sheila%3D%3DRock%3DG%3D%3D1r34LbKcu7-EC*%7C4G%2C*AEZL%2C%23F/D%20%2CGZL%2CF%23/D%20%2C-EZL%2C%23F/D%20-%20C%20%7D4Ti*%7B/D1NZZE-%2C%20%20%2045*%3C%2C-A%3E%E2%80%A2%20%204*5%3C%2CG%3E%C2%B0%20%2015*%3CZLC%E2%80%A2%3EG%2CLL%2CC%20%2C%20oT9668To%20sE%3E%E2%80%A2%20%2045*%3C%2C%23F/%3ED%C2%B0%2015*%3C2N%7CQyX%3EBus%2C%3C**%3C%2C%23F*%3C%2CC%3E54%20%20%E2%80%A25*%3CZL%2C-E%20%2CGZLDC%20ZL%2C-E%20%2CGB*%7B%2CE%3E4%20%20%C2%B0%20*%3C%20%3ED%2CG%3E%20%E2%80%A2%3ED%2C%3C*%3CZL%2C%23F/D%20%2C-EZL*%2Cmid*%23D%3E%20%20%E2%80%A2%20%2075*54%20%20%E2%80%A2%20%2075susD%20%20%E2%80%A2%3EB-%7C%7DQyX%2CD%7CQyX1N%2CA-Q%7C%2CC%3E%C2%B0%20%2015*%3C%20%2CN2A-%2C%2045*%3CD%3E%C2%B0%204G%3C*63%2C-%23F%20AZLE%20DZL%2C%23-F%20D*%2CA%7B%20%20%3EA%20oTLZ%3C*5%7C%2CD%20%2C*%3C%2CA%3E%20%E2%80%A2%3EE%2C*%3CZL%2C%23G/E%20%2C-%23FLZ%2C*mid*F%3E%E2%80%A2%2075*%3C57%20%20%E2%80%A275*%3C%2CF%20%2C7%23%3EC%23-%2C%20%2C-BQ%7DQyX%2CE%7CQy%2CX-B%7C%2CD%3E%C2%B0%2015*%3CQ%20E%2CLZC%E2%80%A2%20%2075%23-%2CLZT24B-%2CXyQ%7CT44Esus%20E%2C%20%7BA%20G%2CLZD%20E%2C%20%7D%5BA%20U%20%5D%20%3DPop-Rock%3D115%3D1
24c2f6e1-cc6e-4c9d-bfd3-4553b0e89258,irealb://El%20No%20Pereci%C3%B3=Julissa==Slow%20Rock=D==1r34LbKcu7%2DB%20%23F%20%2CB%2D%20XGZL%2DB%20DA%2A%5B%5D%20AG%20ZL%2C%2DB%20DZLA%20G%7C%2CyQ%7CD%2FD44T%5BC%2FA%20%20D%2FF%23%2C%20A%20GZL%23F%2FD%207%2DELZA%20%23C%2FAZLD%207%2DE%7C%5D%7B%2ABD%20%20GZLoT%20%2007XyQ%28ZLC%207%2DE2N%7C%7D%20A%20%2D7E1NZL%23F%2FD%20G%7C%29AA%20%3C%2A6%2DB%7C%2C%23X7%2DB%7C%7DN3E%2D%20%20DC%2A%5B%5D%20%20%3EC%20oT%20%2075%2A%3C%20A42TZLC%207A%2FC%23%2C%20%20%3EA%207%2DB%7C%2C2G%2CG%2C%20D44T%7CQyXA%7C%2CA%2C%2CB%2D%23C%2CD%7C%2C%2DE%2C%23F%2FD%20A%2FC%232T%7CQyD%207%2D%23XyQ%7C%5B%2FE%20A%7CQyX7%2D%23C%7C%2CD%23%2FB%20%20E%3EebuS96%2A%3CG%23LZFG%7CQyX%20%5D%7CBXyQ%5BUA%20E%2FG%23LZA%20E%2FG%23LZF%23%2D%20D%2CB%2C%7CEXyQZ%20=Pop%2DSlow%20Rock=70=1
24abac1e-5cf4-49d7-8646-793182b2dfc9,irealb://Que%20Se%20Llene%20Tu%20Casa=Rosario%20Ingrid==Rock=C==1r34LbKcu7E%28%20%20%294A%2D%28C%29E%28C%20%29F%28%2DD%7CQyX2%29E%28CZL%29D%28B%2FG%20%2C%29LZG%28D4Ti%2A%7BB%2FG%20%2C%7CA%2D%28C%7DQyX%29F%28F%7C%29E%28Qy%29X2E%28CZL%29D%28B%2FG%20%29%7B%2AAA%2D%29D%28%20%29F%7CQyXQ%7CD%2D%20XFZLF%20%2C%2DE%7CQyXCLZB%2FG%20%2DA%7CQyXGZLCyQ%7D%7CFyXCZLXF%7CQyXyQ%7B%2AXG%7CQyXCQ%7CQyXF%7CyQX%2DA%7CQyXG%7CQyXCByQ%7CFXF%7CQyXyQ%7DCXyQZ%20=Pop%2DRock=115=1
24c421d6-2744-463c-a52c-8aa482be601a,irealb://Tuyo%20Soy%20%28Lay%20Me%20Down%29=Tomlin%20Chris==Folklore=A==1r34LbKcu7Xx%7CQy4%3C%2A63G%2FE%20%2D%23F%7CQyX%2D%23F%29%3Eemas%20ortni%28QyX%23LZAX4TA%2A%7B%2A%7B%5DQy%2DXyQ%7CXD2NZL%20QyXQyX%7DyQXx%7CQyXA1N%7CQyXEyQ%7CAX%23F%7CQyQyXsu%20CoroXA%7CQyXDZLE%20%2D%23FQ%7CyXE%7CQyXA%7CQyXD%3EyQ%7CEs66%2A%3CByXx%7CQ%7D%5B%3C%2A6%20%3E%29nahc%2Dakahc%2866%2A%3C%20x%7CQyXA%3EetP5LZAXyQyXE%7CLxZLxA%2CLZxAZL%23G%2FEZLAZLxZxLZLxZLxZLxZLxZLLZxLZC%2A%5B%5DQf%20oro%20%5D%5B%2ACZLxZLxZL%2D%23FZLxLZxZLxZLA%3E2%2066%2A%3CxLZ%3CCxZLxZlanifrepettni%20al%20a%20y%20aenli%20amitlu%20al%20adiro%20%26%20%20lanie%3EELZxLZDLZxLZALZxLZELZx%20%5D%20=Jazz%2DMedium%20Swing=100=3
24669b8a-51c7-4f43-ad2b-8d8011353112,"irealb://Aleluya%20%2D%20Cuando%20pienso=City%20Maverick==Worship=D==1r34LbKcu7%20GZLp8D,%2AA{]%20susGZLDZLpZGLZLpZL%23F%2FDZLpZL%2ABALZ6Ti%2A[EC%2A{]ZpLZGZLDZLpZLGZLpZLF%23%2FDZLpZLG%7C}%20DZLDsus%20LAZLDZLpZLLZD%2FFpZLDD%2A{}%20AZL%297B%2D%28DZLpZLGZLpZL%23LZB%2D7pZL7%2DALZpLZGLZp%20}%20==0=0"
24e02262-db3b-4b0f-a000-b7ad8330bee0,"irealb://Cante%20al%20Se%C3%B1or=Hillsong==Ballad=Bb=4=1r34LbKcu7G%20,F%2F4BbXyE%20,D%2FbB%7CQyXbEZ,LF%2F%2DG%20%2DG%7CQyXF%7CQbLZBb4TA%2A[yXbEZ%20Eb%2FGG%20,%2DG%7CQyX,F%7CQybXB%7CZL,F%20susFZL,%2D%2FF,L%23GZL%2DZL%2DG%20D,%20Eb]%20F%20susFZL,G%2Fb%20E%23GZL%2DG%20,F%2FbBZL[%2ABBb%2FbB%7CQX,A%2FFZBb%20GbE%20F%7CQyXbEZL,F%2D%2FG%20%2DGZL,F%20bEZL%2D%2FG,LZLF%20bEXbBZL%20G%2DLZZL,F%2F%2DG%20%2DGZL,Fb%20EZL%2DG%20bBZLF%20bEEb%20F,bB%7CQyyQ]%20==0=0"
246d78dd-7139-48bf-aeae-0b790218a927,irealb://Butterfly%3DHancock%20Herbie%3D%3DSlow%20Funk%20%28half-time%20feel%29%3DF-%3D%3D1r34LbKcu74%28%3C%7C%7D4F-7%3CAl%20%7CQyX%3Etuohguroht%20leef%20x%20flah-7%2C%20%204Ti*%7BY%7D%20%201yQXyQ%7CQyX7-FlZL%207-A%20l%7CQyX9-FA*S%7BY%20%20%20lD-1X%3E%29sxX%7CQyXit%20onkaerb%20murd%28%3CnZ7LbB%20n%3E3%20fo%20dna%20...%29%3Eh%3CB*%5B-bB%7C%7CBb7%20LbB%7CQyX7bB%7CQyX1%2317bB%7CQyXsus7bBZ13XyQ%20ZLQy%28%20eniXyQLZ%3C%20%20%7CQyXsus7bAZQLyX%7CQyX11%239%237bEXyQ%20f%7CQyX9%20%3Esx3%29%3EsC%2CQyX7-F%7BYZL%207-AZ%20L7-Fl%20n1N%7C%2CbEs%7C%3CXyQx%20dn2%20no%20%3C%20%28to%20%2C11-F%3Esolos%20neop%20%20%3C2NC*%7B%7D%20%20%3E%29AXyQ%7D%7B%20%3C7-A%28%20sx4b13%20%3C1%237%5EE%201N%7CQyX31Bb%7CY%7D%20%20%3E%29sx41%28%20%201%20%20%7B%3CB%3Eeuc%20ZL7-to%20C%297%5EE%7CYZL%2011%237%5EE2%20N%7C%7DQyX%2C11%237%5EE%3E%2311%20F%20kcabA-7%20%20%7BF-7%20%20%3CXyQ4xs%3ELZ%20%3C%28ds%20al%20fine%29%3EA-7%2C%20%20%7D%20%3D%3D0%3D0
2490b680-5ebd-42e0-ac7c-fc556239074c,irealb://72%20The%20Star%20Spangled%20Banner%20%28Country%29%20C=Key%20and%20Smith==Country%20Folk=C==1r34LbKcu7%2CG%20C%7C%20G%2CLZL%2CF%20G%7CQyXC%7CQyXZGL%2C7D%20%2DAZL%2CE%20%2DAZCXyQC43T%7BCZL%20l%2CLZA%2DC%7C%2CF%20%20G%7CQyXC%7CQXyGZL%2C7D%20%2DAZL%2CE%20XyQKcG%20CZLQyXC%7Cl%20LZGL%2C7D%2C%2DA%2CCZL%2CF%20%7CGQyXCZL%20lcKQyX7ZGXyQcKQyX%20%3Ex8%3C%2CLZD%2DL%2C7G%20CZL%2C%2DA%20CZ%2CL7G%20CZL%20G%2CC%7CQyXZC%2C%20%207A%20F%7C%7D%20=Pop%2DShuffle=50=0
24e160af-9a97-4904-b172-f0264c448dde,irealb://OM%20Drones%3A%20G%20Major%20Pt%2E%201=Composer%20Unknown==Medium%20Swing=G==1r34LbKcu7XG%7CQyXyQ%7CGXG%2FD%7CQyXG%2FD%7C%7CQXyG%2FC%7CQyXG%2FC%7CQyXyQ%7CGXG44T%7ByQ%7D%20=Pop%2DRock=110=4
2475988f-721a-486b-bd5b-1099642276af,irealb://5-5-7%20(p2)%3DPat%20Metheny-Lyle%20Mays%3D%3DAfro%3DG-%3D%3D1r34LbKcu7s9B(s64A9s%20%20%2Csus9Al44T%7C)uss9B(sus9Bs%20%20susB9suTi*%5BYT%7C)su64XyQus9Bs%20%20sus9Al4T6D*%5BY%5D%20QyX44T%7Crs(B9sT%7C)su)sus9sus%2C%209Bs%20%20%2Csus9Al46%7CT)sus9B(sus9Bs%20sus(B9Al44TZL%3E%EF%B8%B6lA9su*%3C%20%3E%E2%99%AA%20%E0%B8%AF%20%20QyX27%3C*%20sus9C45T%5B%5D%20%20s57XyQ42T%20%7C1-As%20d9%2FBX46T%5B%5DQyX11-%23F4T2%7CQyX11-E43T%7CQyG-11%20daG441-A(11)%7CT4%2011-Gl46T%7C)11-(A11-As%20%20%2C11-Gl4%20sA-11-A(1%2F%20%20%2FQ4lG-1QyX.%E2%99%A9%20%2086*%3C%7CQy1X1-G46TZL11-A%201%20%E2%99%A9.Xy2T%7C)1Xsus3-%5E9%2FE%7CQyX9%5ED43TB*%5B%20Q%20yXQyX%5D%2011%2331A%20T24D1G%3E%2F%20%20A%2CG%2F94E7%2FDGsZLG%2FA%209%5EG44TQ%7CyX5%237%5ED42T%7CQyX%2CAadd3T%7CQyE47TZp%7ClBbZL9-Cl45TA*%7BY%5Dpp%2C9-A%2CDsZLbB%2FC%20D-9%20L%2C9dda9-%23DZLZT54l45T%7B%7D%2096-G%209-lG47TZL9-DsZL9-CC%23-9L%2031%5Eb4T%7C%7D%204E%5E13%209-%23Gl47TZL9-%23sD1NZL9-%23C45TZL%20G%23-697TZL%20%3E%2F%20Qy-9XyQX%E2%99%AAQyX.%E2%99%A9%20%2096*%3C%5B%20%5D%20x%20ZL%20x%20ZL%20lcKyQ%20%2FX%23D2N49-%23G%3E1%3C*51%2F%20QyX%E2%99%AAQyX.%E2%99%A9%20%209*6%3CZL%20lcKQyX%3E%EF%B8%B6%20%20XyQ%20%2F1%239%5EAL%20%3E%EF%B8%B6%20%20%EF%B8%B6%3EXy-%23F%3E%2FQyX%2FQyX%E2%99%AAQXy.%E2%99%A9%2027*%3CZL%20lcKQ9%3C*54%2015*%3C*%3Cx%3E.%3C*72%20%3CZL%20%3E%EF%B8%B6%2045*%3C31%5E%3EE%2FQyX%2FQyX%E2%99%AAQyX.%E2%99%A9%20%20ritZL%20xZ72%E2%97%87%3E%20%20%5DfUEb-11XyQZ%20%3DJazz-Afro%2012%2F8%3D124%3D1
244a09a0-9220-4cec-9858-dba1c9626986,irealb://Michelle%3DThe%20Beatles%20%28Lennon%2C%20McCartney%29%3D%3DRock%20Pop%3DF%3D%3D1r34LbKcu7%7CQyXF4F-/CyXC%7CQyXF/-bBZL-6F%207-FZLC/7%5E-F%20Q%5D%5B*A4Ti*%5BB%7CQyXyQ%7CEb%20%20QyXQyX%5DQyXCZoLB%20C%7CQyXoD%7CQyX6%7B%2CS%2CFX7-bB%7CQyX7Q%7CEb6lcKQyX-F%5D%20Q%20%20CLZoB%20C%7CQyXoD%7CQyX%20LZAbyX7-b4%20%20%3CF%7CC%20F-L6-F%207-FZLC/7%5EF-%20C/-F%7CQyX-bBZLZBb-/QyXbD-FZLC%20then%20C/-FQ%5BY%7DQyXCZ%20L%3EadoC%20la%20.S.D%20F-%5E7/%20%3C%20%3Ex%20C%7CQyLZBb-yX6bE%7CQyX7-bB%7CyQXF%7B%7CQyXC%7CQyXF/Q%7CDoX6-F%207BoLZCXyQ%7D%20%3D%3D0%3D0
247cf123-7d8f-4d69-95d1-349a3a88ab99,irealb://Crazeology%3DPowell%20Bud%3D%3DMedium%20Swing%3DBb%3D%3D1r34LbKcu7XbGZL4BbXy-bAZL7F%20%2C7-CZLboB%20bBZL7F%207-C%7CQ7%20Db74TA*%7ByX7C%7C7%2C%20F7%7CQyX7-DZL%20lcKQXy7DB*%5BY%7DQyXbBZLG7XyQ-C%7CQy%2C7-CZLZC-7bBZL7F%207-C%7CQyXBbA*%7BY%7CQyX7F%7CQyX%20BboL%20lcKQ%20F7LZAb-7%20Db7LZGbXyQ%7CC-7%2C%20F7LZBbXyQ%7D%20%3D%3D0%3D0
24649b28-902d-4456-a4b2-dc31d81f76c7,irealb://Whitehouse%20Blues%3DTraditional%3D%3DBluegrass%3DG%3D%3D1r34LbKcu7yXG%7C%7C4GXyQL%20x%20ZL%20lcKQyXCLZ%20lcKQyXxZL%20lcKZGXyQ4TA*%5BZL%20lcQ%7CGXyZL%20lcKQyXxZL%20lKcQyXGB*%5B%5D%20%20lcKQCXyQKyXD%7CQ%20x%20LZGXyQ%7C%7CGXyQ%7CDXyQ%7CGXyQKcl%20%20Z%20%3D%3D0%3D0
240cc202-4608-4686-a67f-6edd16beef7d,irealb://Cant%20Get%20Enough%20Of%20Your%20Love%2C%20Babe%3DWhite%20Barry%3D%3DSoul%3DC%3D%3D1r34LbKcu7-G%207%5E%2CsA-7-D%2C7-As%2CFsA*%5B%7D%2C%207-G%207%5EbBZL7-D%2C7LZBbFsi*%7Bs%2C7%5EbsF%2CsA-D%2C7-As%2CFsZLC/-7G%207%5EbBZL7-D%2C7-7LZsBZLC/7%2C7-AsG-7%2CsC/7-G%207%5EbBZL7-%2CD7-As%2CFs%7C%2CC/7-GLZsF%2Cs%2C7-As%20%2C7%5EsBb%5E77-D%2C7-As%2CFs%7C%2CC7/-Gs%2C7-Gs%2C7-As%2CLZsBbZL7-Ds%7C%2CC/G-7/C7-Gs%2C7-As%2C7%5EbBZsL7-D%2C7-As%2CFs%7C%2C%2CsG-7s%2C7-GL7-DZ7%2CD-7LxZL7%5EbBB*%7C%2CC/-7Gs%2C7-Gs%207%5EbBZLZA-7L-As%2CFFsC*ZLZxLZZLxZLC/7%5EbBZLxLZ7%5EbBZL7-DZL7-AxLZxL7%5EbBZ%2CC/7-%2CD-7L7-D%2C7-As%2CFs%7C%2CC7/-Gs%2C7-Gs%207%5EbBZLZ%7CsG7-As%2C%2CFs%7C%2C%2CsBb/%2C7-G%207%5EbBZL7-D7%2C-As%2CFsD*%7B%2CCs%2CCG-7/CC/-As%5EbBZL%2CD-7L-As%2CFs%7C%2CC/7-G%2C-7Gs%2C7-As%2C7%5EbBsZ7%2CD-77-%23AsN%7C%7D%2CC7%2CGb-7-Gs%207%5EbBZL7-D7%2C-bAs%2CFs1N%7C%2CC/7%2CG-7/-Gs%207L7-D%2CA-7%2CDFs%7B%2CC/7-Gs%2C7-G%2Cs7-As%2C7%5EbBsZL7-%2CsA-7s%2CFs2ZsBb%5E7%2CA-7%2CsG-7%2CsG-7/C%7D%20%3D%3D0%3D0
24b41711-fc47-47cf-a2c8-ead7ded70954,irealb://Fine%20And%20Dandy=Swift%20Kay==Medium%20Up%20Swing=F==1r34LbKcu7X%2C7ob4F%5E7X%2C7%5EF%7CQyX7C%7CQyX7%2C%2DG%7CQyX%2C7obA%7CQyXyQ%7CA4TA%2A%5BQyX%2C77%2CXyQlcKQyX%2C7bBZL%20lKcQyX%2C7F%7C%7CQyX7C%7C%20LZEb%2DG%7CQyX7C%7CQZAb7%2CG%7CQyX%2C7obA%7CQyX%5E7FB%2A%5B%5DQyX7C%7CQyX%2D7%2CXyL%20lcK%7CQyX%2C7%2CXyQX%2C7%2DC%7C%7CQyX7C%7CQXy%2C7%2DG%7CQyX%2C7obA%7CyQ%7CF7%5EF%7CQy%207C%207XyQ%7CEX%2C6FZL%2C7C%20%2C7%2DGLZ7D%20%2C7%2DA%7CQyX%2C7byQ%7CG%2D%2C7%5EbBZ%20==0=0
2425d651-2573-4d2f-baae-40f368585e1a,irealb://Last%20Train%20Home=Metheny%20Pat==Even%208ths=Bb==1r34LbKcu7X%2DGZL4BbXyD%7CQyX%2CbB%7CQyXbBQ%7CyXbA%7CQyXbB%2FC%7CQ%2D%20D%2D74TA%2A%5BXF%2F%2DGXyQ%7C%7CF%2F7D%7CQyX%2DG%7CQyXF7ZL%20lcKQyXsus7F%23XyQ%7CbE%7CQybE%7CQy%5E7XyQZLQyX%7CrQyX%7CQyX%2D7G%7CQyX7%2DDZL%20lcKG%2D7%2CXbE%7CQys%20%207%2DyQKcl%2CbB%2FFl%7C%2CbB%2FFs%20b%20B%5DQyXFZL%20x%20ZL%20XyQ%7CGXbB%2F6G%2FFl%7ClF%2FG%2C%20%207%2DG%7CQyX%2CbB%2FF%7Cl%2CbB%2FFs%20%20bB%7CQyXsF%2FG%2C%7C%2CG%2FF%2CXyQZ%20==0=0
24c66728-c2fc-4144-9bf7-6c111e948607,irealb://Soultrane=Dameron%20Tadd==Ballad=Eb==1r34LbKcu7oD%2C7b4Eb%5E7bA%7CQyX7bD%7CQyX7F%2DZL9b7C%207hG%7CQyX%2D7%20sD4TA%2A%7BQyXQy%5E7%20sG7E%2C%2DF%2C7%23F%2C%2DGs1ZNL7bB%207Fl%7C%2C7C%2C7%7DXyQXbEl%7C%2C%207C%7CQ2lEb6ZL9b7D%207hA%7CQyX%2D7GlB%2A%5B%5D%2C7D%2ChAs%20G%2D7XyN%7CQyX%5D7E%2C7ZBb%5E7b7BZL7obB%20bB%2F7F%2DZL7F%207hCZL7%2DG%205%20sBbL9%237B%7C%2CoD%2Cb%5E7Xy7%2DbA%7CQyX7bD%7CQy7X%2DFZL9b7C%207hG%7CQ%20sDb7ElA%2A%5BlEb%5E7%20sG7%2CC7%2C%7ClF7%20Bb7LZUlEb6%2C%20F%2D7%2FBb%20Z%20==0=0
24f95ff8-9918-4e1c-ba62-76f3f94fe8bf,irealb://Strange%20Meeting=Frisell%20Bill==Even%208ths=C%2D==1r34LbKcu7%5EbA%7CQ4C%2D%2CX%2FD%7CQyX%2C%2DCA%2A%7B%7D%20x%20%20ZL%20x%20ZL%20lcKQyF%23%2CXy4Ti%2A%7B%2C7G%7CQKcl%20LB%2A%5B%7D%20%20lcKQyX%2C%2DZCL%20lcKQyX%2C6%2DbAZF%2D%2CXyQyX%2C7%2C%2DFC%2A%2D%2CXyQ%2C7G%7CQyX%2C%2DC%7CQyX7%2CG%7CQyX%2C%2DFZL%20lcKXyQ%5D%5BC%7CQyXlcKQy%2FF%23%2CXL%20lcKQyX%2C6%2DbAZ%20LlcKQyX%2C7%5EbA%7CQyZC%2D%2CXD%7CQyX%20Q%20ZY%7BQAb%2D6%2CXyQKcl%20LZC%2D%2CXyQKcl%20%20%7D%20==0=0
2425db73-097c-4420-963b-633ab644cea4,irealb://A%20Certain%20Sadness=Astrud%20Gilberto%20%28Lyra%2DCourt%29==Bossa%20Nova=G==1r34LbKcu7%5EFZL%204G%5E7XG%2F7%5EFZL%2C7%5EGA%2A%5B%20%20QyXQyX%5D%20%20lcKQyLZG%5E74Ti%2A%7BL%207%2DAZC%5E7LZL%207%2DE%7CQyX7%2DA2%7CNY%7D%209b7D%207%2DA1NZA7%20LZL%20G%2F7B%2F7oG%20%20%5D%7B%2A%2DA%7CQyX7D%7CQyX7%2D%7CAQyX7%2DE%7CQyX7%5EGB7XyQ%7C9b7DZX7%5EF%7CN1G%5E7A%7CQyXbB%2F7oG%7CQy7X%5EGZL7D%207%2DA%7CQyX%2D7XyQ%7CQyXb%7CQyX77%20F%5E7L%20QyXQyX%7DQyX9bD7%7CQyX7%2DAZL%20x%20ZLZN2G%5E%2DA%7CQyQyX7%2D%20%5D%5B%2ACCf%20D%2F%2DEZL%23D%2F%2DE%2D%20E%7CQyX7B%7CQyX7%5EC%23oLZA7G%20%2DDyX7%5EGXyQ%5B%2AD%207%2DA%7CQyX%2C7%5EC%7CyQXG%2F7%5EF%7CQyX7%5EGD7b9%20%7B9b7D%7CQKcl%20%20%7D%20==0=0
2485d8fb-92ea-411c-8841-d51eea326efb,irealb://So%20Tinha%20De%20Ser%20Com%20Vo%C3%A7e=Antonio%2DCarlos%20Jobim%20%2D%20Aloysio%20de%20Oliveira==Bossa%20Nova=F==1r34LbKcu77hB%7CQ4F%5E7XL%207%2DCZL%2011%237bGLZ%207%5EFZL%209%237C%7CQyZF7Xy4TA%2A%5B7%5EbG%7C%2D6%2C%20LF%7CQyX7CZL31b7G7%20GZL%209b7DZL%207AZ%5E7XyQbBZL%20L%207%2DC%2ABF%5E77CZL%207%5EFZLQyX%7CQryXZL%2C7C%207G%7CQyX%235%20LZ%5B%5DQyX%209b7CQ%7CBh77G%207GZL%209b7DZL%2C%209%237AZL%206%2DbBZL%20b13LZyX7FZ%2C7GsZyQ%7CBbC%2A%5B%5D%205%237C%205%237GLZ7bD%207bAZL7bE%207SF%5E7LX7FZL6%2DbBZF%5E7LZL7FZLsus7FZL9%23C7ZL7%2DFl%7C%2C7C%2C7GsZBh7Ll%7C%2C7C%3C%7C%2C7bLZAb7A%7C%2C7bE%2C7bBsZL7ZFL%2C5%237CZL7%5EbDZLb7%2CQD7%2DAZL7bB%7CQal%20Co%7BZL7C%207%2DGQ%5BY%20QXyQyXZ%20%209%237Cl%3EadB%2D7Xy%20%2ES%2ED%2C%20Eb7LZAb7%20Db7%2CLZG%2D7%20C7%3C8x%3E%20%7D%20==0=0
245d1fd2-c019-499d-9c9b-f178979fb176,irealb://My%20One%20And%20Only%20Love%20(RealBook%20I)%3DWood-Mellin%3D%3DBallad%3DC%3D0%3D1r34LbKcu7ZL7%5EF4sC%5E7ZL%2CF%2F7Gs%20%23F%2F7D%7Cl%2CG%2FW%2C7-A%2CB%2FWs%2ClC%2FE%204TA*%7BZL7G%20-7%2CA7ZL7D%207-Al%7C%2C%23G%2FE7)7hB(7Gs%207-D%7C%2CN1D-7Es%207GB*%5B%5D%2CA7%2CD-Fs%206CZL7G%207-D2%20N%20QyXQyXl%7D%2C7G%2C7%23h%2CB7%2C7-Es%2F-E%20-%20(C%23h%207-%23FZL)7h%23C(%20-%20EZL7B%207-%23FZL)7B7LZE%207-El%2FW%2C7--%2FD%20E%2C7%5ECsA*%5B%5D%207G%207D-ZL7A%207-DZL%23C%2F-W%2FB%2CAEZL%23D7hB(77%2FF%23%20Dl%7C%2C7A%2C7-Es%207GLZ7%5EF%20E%2FCZL%2CF%2F7G-7%20sGDl%7C%2CG)E7%2FG%23(E7)%7ClA-7%20D7LZD-7%20G7b9LZC6%20sD-7%2CG7Z%20%3DJazz-Ballad%20Swing%3D50%3D4
24da3d22-9c70-4bf3-9609-685414d3e1f2,"irealb://Softly,%20As%20In%20A%20Morning%20Sunrise%20%2D%20No%20Intro=SIGMUND%20R%20%20%201928==Medium%20Swing=C%2D==1r34LbKcu77hD%7CQ4C%2D7XZL9b7G%207hD%7CQyX%2D7CZL9b7G%207hD%7CQyC%2D7Xy4TA%2A{bB%207%2DLZN1C7%2DC2NZL%20QyXQyX%20}9b7G%207hD%7CQyX7%2DXyQ%7CF9b7G%20b7G%7CQBEb%5E7F%7CQyX7%2DFZL%20lcKyQX9b7CZL%20lcKQyX%23o7Xy%2A[]%2079b7G%20Dh7%20GyX7%2DCZL9b7G%207h%7CDQyX7%2DCA%2A[]%209b7Q%7CDh7%7CQyX9QyX7%2DXyQ%7CDQ,9b7G%207hD%7CQyX%2D7C%3E%60%3CZL,9b7G%207h%20Z%7CQC7%2DCZL%7CDh7%20G7b9LZUfC%2D7,%20%20f%20Z%7C%20==120=3"
245a880e-5c0e-480a-82e8-8f0cec3f45cb,irealb://This%20Weary%20Heart%20You%20Stole%20Away%20(RBB)%3DStanley%20Carter%3D%3DBluegrass%3DG%3D7%3D1r34LbKcu7%20ttaMhe%20Re%7CdranoeL%E2%80%A2laH%7CkooB%20ssargeulB%20laArr.%20T45*%3ClbuP%20er%2F%2F(ffucAQyXQyX359%201%20QyX)tsaF%20.deM-RosennilFZL%20x%20g%20%3EXyZL%20x%20ZLp%20G44Tv%5B*%20QyXQyXQyXQyXQC%20pLZnihsiZL%20x%20%20x%20LZZL%20x%20ZLp%20CZL%20xZ%20Lp%20GZL%20x%20ZLp%20GD%20pLZZLp%20Dx%20ZLp%20x%20%20%5Dx%20ZLp%20DZL%20x%20ZL%20pCZL%20x%20ZLp%20GC*%5B%20LZG%20ZLp%20G%20revopLZ%20x96*%3CG1NZL%20x%20ZL%20pDZL%20x%20ZLp%20CZL%20solo%20%20GZL%20verse%20%3E%20pLZ%20x%20%20%7D%7CN2G%20pLZ%20x%20%20%7DN3G%20pLZ%20x%20%20Z%20%3DPop-Country%3D180%3D1
245492bf-dd35-4307-a844-f0dc0fc5881c,irealb://Cuando%20Tu%20No%20Estas%20%20-%20%20T%3DC.%20Gardel%20%2F%20M.%20Lattes%20%2F%20M.%20Battistella%20%2F%20A.%20Le%20Pera%3D%3DTango%3DC%3D10%3D1r34LbKcu77-A%7CQ4C%20Co%2C7D%2C-As%20CZL7G%20%7CCQyX7G%7CQyX7-DZL%7ClGXy4TA*%5BE%2F-A%7CG7susL5%23G%20F%2F-D%7CQyX-ZDLo%23C%20CB*%5B%5D%207G%20ZCXyQZL7D%20yX-EZZD-%20GG%7CQyX7GZLo%23C%206ZCL7G%20C%7CQyX7GZL77%20B7LLo%23D%20Q%7CF%20F%23oLZC%20A7LZD-%20G7LZUCXyQZ%20%3DJazz-Even%2016ths%3D110%3D3
243fbb2b-767e-498f-b124-8fb186bc0ecd,irealb://Quiero%20Verte%20Una%20Vez%20Mas%20%20-%20%20T%3DM.%20Cantaro%20%2F%20J.%20M.%20Contursi%3D%3DTango%3DA-%3D10%3D1r34LbKcu7-AZL74A-XyQyX7B%7CQyX-A%7CQy-XAZL%20lcKQyX-D%7CQ%7CF7%20E4TA*%5ByX7E%7C-XyQ%7C%7CQyX7E%7CQyX-A%7CQXy-A%7CQyX7E%7CQyX-DF7XyQA%7CQyXA%7CQyXA-XyQx%20ZL%20lcKQyX7E%7CyQX7EZL%20x%20ZL%20lcK%20LZA-B*%5B%5DQ-XyQKcl%20LZA7XyQ%7CD-XyQ%7CD-XyQ%7CA-XyQ%7CE7XyQ%7CUA-XyQZ%20%3DJazz-Guitar%20Trio%3D120%3D3
24a03613-4c23-4953-816c-df2c01901a7b,irealb://A%20M%C3%A9rai%20Hegytet%C5%91n%3DN%C3%A9pdal%3D%3DBossa%20Nova%3DA-%3D%3D1r34LbKcu7-----4%3CBev-------------------------%C5%91teze-----4T%7CYYyX5b7------------------------------------%3EF%23------%2C9Cs%209%2CXyQ-D%207-Al44TYY%7CQXy9b7E%7CQyX5b7-B%7C7LZG7b7B%7CQ%209CZLA-9%20DAl%7C%2C7E%2C9Cs%207Gl%7C%7B%2C7D%2C-As%207EZL7--7%20G7l%7C%2C7EE7b9LZN1A-%20D7%20%7D%7CN2A-XyQ%5D%20%3D%3D0%3D0
246ea252-54c7-4643-970d-adb8bd10bb08,irealb://N%C3%A3o%20Deixe%20O%20Samba%20Morrer%3DAlcione%3D%3DSamba%3DG-%3D5%3D1r34LbKcu7ZL7D%20QuandX-C%7CQyX-G%3Erasi%20predup%20o%C3%A3n%20ue%20oyQ%7CAh%3C44T%5Bracif%7CEb%20FuE%3C%5BY%5DQyX-GZL7%20D%5EbEZL7bB%20bBZL7%20vou%20QyX-G%2ChA%20-eio%3EC7G%2ChDs%20bBZL7F%20C-ZLoB%20%5EbBZL7F%20-%2C%7C%7ClCm%20on%20bEZL%2C9%20G-%2CbBZL%2ChA%20-C%7CZL%2CG7%20hDZL%2C7D%207bEZL69%20G-6bBZLXQyX%5DZG-%2CXG%3Ererrom%20abmaso%20%20exied%20o%C3%A3N%3C%7CQy-%2Cn%20%20L7D%207XQyXQXyQY%7B7G%20-G1NZL%2C7D%20h%7CAQyX-GZL%2CoA%20-CQ%2C%20%7DXyQyXQyyQXyQ%7CN2G-%20D7%2C%20Z%20%3D%3D0%3D0
242fb01a-fd39-4b3f-9af2-5e7df676d401,irealb://Santeria=Nowell%29%20Sublime%28Bradley==Reggae=E==1r34LbKcu7X%2C7%2D%234EXyQbA%7CQyXEA%2A%7B%5DQyX%7CBQyX7%2D%23C%7CQyXbA%7CXyQ%7CC4Ti%2A%5B%2C7%2D%23DyQ%7CEXB%20%2CAB%2A%5B%5DQyXB%7CQXy%2C7%2D%23C%7CQyXbA%7CQyLZE%2CsXB%7CQy%2C7%2D%23C%2CLZA%2CDs%2CEZLB%20%2CAZL%2C7%23%2DCl%2C7%2D%23Ds%2CEZLB%20%23%2D7%2Cl7%2D%23ClLZA%2C%20B%3C4x%3E%20%7DXyQ%20%5BsE5%2CD%235%2CC%235%2CB5%2C%7CA5%2CB5%2CfE7%20Z%20=Pop%2DReggae=90=1
24e80614-e638-4f9f-bc55-1576e0f57fb5,irealb://Apare%C3%A7ida%3DLins%20Ivan%3D%3DSlow%20Bossa%3DD%3D%3D1r34LbKcu7xlZL14lB-9%2C9b7%23F%2C7-CsZL57b-%23GZLxZLxZLxZL%7ClB-14Ti*%7B%7CQyX7A%2CB-71b7%23F%207-%23C%7CQyX%5E9DZL31A%207-E%7CQyX3LZB-*%2C%7B%7D%20lZLxZ7b13LCZLxZL31DZLxZL13AlZL%20lcKQyX9EZ%237%239LB%2031BL31b7F%237b1%23C%7CQyX9%5EDZL31A9%20-E%7CQyX9-Bl%7C%7D%203-7%20F%23ZL31GyX9%5EDXyQ%7CB1%239C%7CQyX7-GZL%20clKQyX9-E%7CQyX9b71XyQ%7C7h%23FZ%7CQyX99XyQ%7C31b7%23F%2031%23F%7CQy3X1AZL%20lcKQyX9-ELZlB--Bl%7CQ9%5EDZL13LZD-EZL31F%209-C%7B%203b17%23F%207-%23C%7CQyX9%5E9%20A13A%209-EXyQ%7CC%23-7%20F%237b13%20%7D%20%3D%3D0%3D0
246ec35e-3265-4e9f-bf6c-8e0fc09bef3f,irealb://Aquele%20Um%3DDjavan%3D%3DSamba%3DG%3D%3D1r34LbKcu7%237E%7CQ4F7%231A*%7BY%7DQyX31D%7CQy9XA%7CQyX9%237E%7CQyX1G%5E7Xy4Ti*%7B%20%3Ex3%3CA9XyQ%7CQyX9A%7CQyX9%237EQ%7CyX7-B%7B%7DQyX31D%7CD13%20%20%7CQyX9yXsusXyQ%7CE7A%7CQyX7-EZL7B%20%23hF%7CQyX9A%7CQyX9%237XyQ%7CD7-B%7C%7DQ%7CD7XyQZ%20%3D%3D0%3D0
2422234a-898e-4e8c-82c0-0abe44ed90ed,irealb://Little%20Cabin%20Home%20On%20The%20Hill%3DMonroe%20Bill%3D%3DBluegrass%3DA%3D%3D1r34LbKcu7yXA%7CZ4AXyQQyXEZL%20x%20ZL%20lcQKyXA%7CQyXDZL%20lcKKcl%20L4TA*%5BZL%20lcLZDXyB*%5B%5D%20%20lcKQyXA%7CyQXE%7CQyXA%7CQyXA%7CQDXyQK%20lcKQQyXA%7Ccl%20LZL%20lcKQyXA%7CZL%20lKcQyXEZL%20x%20ZL%20x%20ZDXyQKQyXAKcl%20LZEXyQ%7CAXyQKcl%20%20%5D%20%3D%3D0%3D0
24b5553f-9cab-4158-9d48-96d5e1311714,irealb://Pete's%20Waltz%20%28Pg%201%29%3DMartin%20Peter%3D%3DWaltz%3DEb%3D%3D1r34LbKcu7bB%7CQy4EbXyyXbB%7CQyXbA%7CQyXBb%7CQyXbA%7CQyX-C%7CQQ%7CEbX3TA*%5B7G%7CQy%7CEbXyyXbB%7CQyXbA%7CQyXBb%7CQyXbA%7CQyX-C%7CQQ%7CEbX%7CQyX7X7bB%7CC-XyQ%7CQyXbB%7CQyX-F%7CQXyC%7CQyX-C%7CQyX7G%7CF-XyQ%5B%5DQyXyX7bEXyQ%7CCE%7CQyXbB%7CQyXbA%7CyQXbB%7CQyXbA%7CQyX-bXyQ%7CbE%7CQyQ%5D%20%3D%3D0%3D0
24249f72-7398-465b-a007-230fbe9a759c,irealb://Fool's%20Gold%3DWinehouse%20Amy%3D%3DPop%3DC%3D%3D1r34LbKcu7%5EAB*%7B-7%20G%23enif66*%3C%207-B%7CQXy7%5EE%7CQyX7-AZL7-%3EE7%20%7D%23FA*%7B7XyQ%7CA-7XyQ%7CG%23-7XyQ%7CC%239XyQ%7D%20%3DPop-Rock%3D115%3D1
24abad74-53c4-453a-a1b7-b6e228b8c721,irealb://Ganges%3DLuis%20Alberto%20Spinetta%3D%3DRock%3DF%23%3D%3D1r34LbKcu7XY%7DQy4F%23/AZLC/%23G%20%23A/%23F1NQ%7CyXD/bBZLC/%23G%20%23Bb/DX4Ti*%7BLsus7%20LZN244TA*%5BY%5DQyXD/b8B7TZLC/%23G%20%23A/%23FG-7%20CQyXQysus7CQ%7CG-7QyX-DZLsus7C%207G-%7CQyX-DZLsus7C%20%7CG-7%20yX-DZB%205b7yQ%5DY%5BX7-D%7CQyXsus9C%7CyQX7-A%7CQyX9%5EbBB*yQ%7CB-X7AZL7-%23FZA-7XyC%2011-%23GZL7-%23F%20-7%23CZL7%5EbB%207-G%7CQ%237%239LZL7%5Eb%20F%23-7/ELZG%23-11%20C%237%239LZF%23-7XyQ%7D%20%3D%3D0%3D0
24166268-3521-4e84-9b03-ca9dbe8b229b,irealb://Final%20Fantasy%20VII%20-%20Aerith's%20Theme%20%20(vgls)%3DUematsu%20Nobuo%3D%3DBallad%20Even%3DD%3D2%3D1r34LbKcu7B%7CQyXadd9XXD%7CQyXE%2F-A%7CQyXd9daD%7CQyXE%2F-A%7CQyyQ%7CA-D44T%5ByXG%7CQG-XyQ%23F%7CQyX-BA*%5B%20%20QXyQyX%5D%20%20lcKQyXD%7C-%2FAXy%7CQyXbGZL%20lXyQ%7C%7CA%2F-%23F%7CZL%20lcKQyGXZL%20lcKQyXA%2F-%23FXyQKcA%2FD%7CQ%23C%2FAsl%20%20%5D%5ByX-%23Fl%7C%2CG%2F-E%2C7B-s%209ddaG%7CQyXDB*Q%7CB-%20cKQyXaelgv%7ClA%2FE%2F%3Asptth%3C%7CQyX-EQ%7CyXG%7CQyXA%2FG%7CQyX%2Fwww.%2CD%2FG%2Cdsheets.com%3EDXyQ%7Cn%20LZn%20LZn%20LZn%20%20Z%20%3DJazz-Ballad%20Even%3D70%3D3
24fc60f4-4f39-4fef-9bb0-1788c5233f0d,irealb://Caminhando%3DCavaquinho%20Nelson%3D%3DChoro%3DF%3D5%3D1r34LbKcu7AZL-G4G-LZ%2CF%7C%2C-G%2C-AsZL7CLZ-GZLobAZLFZL7CD-%2C%7Cl2TA*%7BZLobALZE7L7CZL-GZL7CZLAl%2C%7C7E%2C-B%7C%2C7%23F%2CAsZLZFLZ-DZL7LF1NZ7%20(BbL-GZL7DZL%2CFZLoZBLbBZLxZL7Al%7C)7ZC7%2CLCZL-GG%7C%2C7D)Q%20%7DX7A%2C-DsB*%7B%5D%207AZFL2N%7CQyXQyXQyXQy%2C%7CD-%2C7F(xZZL7EZ%7ClG-L7%23FZLAZL7EZL-DLZ7AZL-DZLxZL7AZLZB-L%2C7D%2C-7DZL-A7LZ%7CL7AZL-Gl%7C%2C7D%2C-%7CG%2C7D%2C-D%7C%2C7A%2C-DsZxLZDZL6-GL-D1NLZA7(ZL)oB(7EZL)bB(ZxL)A%2FF(-DZL)obAA7%2CLZ-GZL%2CDZL%2CF%7DXyQXLbBQ%7B%5D%207Cl%7C%2C7b%2CD-Ds2N%7CQyXQyXQyZBoLZ%20%2C7AZ7LZG-LZC7%2CLZN1FLZF7%20%7DXyQXyQXyQXyQ%7CN2FLZUx%20Z%20%3DLatin-Brazil%3A%20Samba%3D200%3D3
2412e1e3-598e-458d-93e4-dc54484186c9,irealb://Someone%20To%20Watch%20Over%20Me%3DGershwin%20George%3D%3DBallad%3DEb%3D8%3D1r34LbKcu7L7oE%204Eb%5E7ZL7obG%20G/7%5EbEZ7LobA%207%5EbAZL7bE%20Bb7/F4TA*%7BFZL9C7%20sGo1NZL7bB%20%297-F%287Ahl%7C%297C%286bA%297-G%28G7%235%20-F%7CYZAZL%20l7%20%7DXy7%5EbAB*%5B%5DQyX7bEQ%7CyX6bE2NZL%20QyXQXyQKcbB%207-%5B%5D%207bQ%7CEb6%7CQyX7C%7CQyX9b7GLZ9b7D%207hA%7CQyXG/F-7%20ByX6-b7-FZL7%20Eb7/7bBZL7obG%20G/7b%5EEZL7obA%207%5EbAZLF%20Eo7%5EbEA*%20sGo%28G-7%29Ab6%28C7%29%7ClAh7%28F-7%29%20Bb7LZEb6XyQ%7CF-7%20Bb7%20Z%20%3DJazz-Ballad%20Swing%3D60%3D2
24b76f52-2692-46d4-abd8-03d2435e3dd6,irealb://Es%20Mejor%20Asi%3DCastro%20Cristian%3D%3DMedium%20Swing%3DC%3D%3D1r34LbKcu7QyX-B%20DLZCA%7C%2CD%2CB%20CZLD%20-E%7D%7C%20QyX%7CrQyX%7CD%2CB%20-XyQ%7C-EA*%7B%7B%5D%20%20lXyQ%7CDG%7CQyX-B%7CQyX-A%7CyQX-E%7C%2CD%20%20-E%7CQyXXyQKcCB*%5B%5D*CGXyQ%7CCXyQ%7CA-%2CXyQ%7CDXyQ%7D%5B*DEbXyQKcl%20LZCXyQKcl%20%20%5D%20%3DJazz-Medium%20Swing%3D100%3D3
24d0e05a-199a-4f8d-80bd-f5f3a4a50e6b,irealb://Best%20Tina%2C%20The=Turner%20Tina==Pop=F=5=1r34LbKcu7QyXF%7C4FXyQQyXF%7CQyXFSA%2A%7BYQ%7CyXF%7CQyXF%7CQyXF%7C%7CFXyQ4Ti%2A%5B%7CQyXbD%2DXyQ%2DD%7CQyX%2DD2N%7C%7DQybXB%7CQyXbB%7CQyX%2DD%7CXyQ%7CB1N%7CY%7D%20%2ES%2EDY%7B%2ABFQyX%2DD%7CQyX%2DD%7CQyFX%7CQyXF%7CQyXF%7CQyX%7CC%20%20%3C%5DQyXCiP%3C%7CQd%20EndQyX%2DD%7CQyXbB%7CQybXBC%2A%5BY%7DQyXCZL%3E%2E%7CD%2DXyn2%20laK%3C%7DQy%20StriXC%7CQyXbB%7CQyXbBs%3EevatcO%20%2E%2E%2E%20sgnyQ%7CDX%2F%20onaXQyXQANGE%20QyX%3E%3ADNE%20ROF%20SRUOHC%201%20DNA%20OLOSXyQXyHC%20YEyQLZY%7B%2ADG%2CLZG%2CLZG%2CLZG%2CLZE%2D%2CLZE%2D%2CLZD%2C%7C%3Cx4%3ED%2C%7DfG%20=Pop%2DRock=115=1
244f7977-604c-440c-b6db-2f541ba7ab20,irealb://L%2DO%2DV%2DE=Gabler%2DKaempfert==Medium%20Swing=G=9=1r34LbKcu7cKQyX4G69X%20lcKQyX7D%7CQyX7%7CDQyX7%2DAZL%20lcKQyLZG694TA%2A%5BB%2A%5B%5D%207XyQKyX7DZL%20lcKQyX7ZAL%20lcKQyXCZL%20lcQKcl%20GZL%20l7GZL%20QKcl%20X96GZL%20lcKQyX7%7CDQyX7D%7CQyX7%2DAZLyQKclyX96GQ%7BYZ%20l%20LZCA%7CQyXGZLQ%20%207D%7CyQXG%7CQyX7o%23C%7CQyX%2D7%20D7cKQyXG69XyQ%7CA%2D7%2C%20D7%20%7DGXyQZ%20=Jazz%2DMedium%20Swing=100=3
241a5060-6972-4939-83c6-01af09d09be9,irealb://Lulu's%20Back%20In%20Town%3DWarren%20Harry%3D%3DMedium%20Up%20Swing%3DF%3D%3D1r34LbKcu7L7oB%204D7%20G%7C%2C7A%2C%5EFs%20%2C7CZLG7%207DZL7%5EF%207CZL7lBb%5E74TA*%7B7oB%207D7LZG7F%20FZL7oB%207%5EbB*B%5BY%7DQyX6FZL7C%207LZBb%5E%207%5EFZZL7G%20F7LZBY%5D%207C%207G%7CQyX7GLZ7bA%20FZL9b7E%207h%5B*AD7%206FZL7C%207G7LZD77%5EFZL7oB%207%5EbBl%2C%7C7A%2C%5EFs%207CZL7G%20%20D7LZ%5EF%207CLZF6XyQZ%20%3D%3D0%3D0
247d268c-5388-415d-a39b-09fa69d8204f,irealb://Ain't%20Misbehavin'%3DWaller%20Fats%3D%3DMedium%20Swing%3DC%3D3%3D1r34LbKcu77-DZL4C6%20A6CZL6-F%206FZLE/C7%206CZL7G%207-DZL7/E%20A74T%7BA*%5BB*%5D%20N1E7%20ZL6-F%206C2NZL%20QXyQyX%7D%207G%207DZL7AC6%20E7ZL7G%20G%207DZ%7CF7XyGZL7D%207-AZL7E%20G6%7CQyX7A%7CQyX7D%7CQ6%20A7LQyX-A7-DZL%5BC6%20A6CZL6-F%206FZLE/C7%206CZL7G%207-DZL7/E%20A7A*%5D%207%20G7LZC6%20A-7LZD-7%20G7%20Z%3DJazz-Medium%20Swing%3D100%3D2
24afbffe-c3e8-42ef-8a49-a89491f5df0d,irealb://After%20You've%20Gone%20(Louis%20Armstrong)%3DHenry%20Creamer%20(Louis%20Armstrong)%3D%3DDixieland%3DG%3D7%3D1r34LbKcu7lcKQy44%3C*7L%20lcKQyX%5EC%3E)%222%20%22ni(%20291%20mpb%20%204ZC-%2CXTA*%5BYAB*%5BYXyQ%7CW%20B%2FWZLE%2FW%20%23G%2F7lE%7C%2CA%2FW%2CbB%2FWs%20B%2FW%2FE%20%5D6GZL%20%2CA*%2C%5Bcl%20LZn%7CQyXn%7CQyXnZL%20ln%2CGsZL%20lcKQyX7DXyQ%5DYKQyX7%20%23G%2F7Kcl%20L%2FW%2CbB%2FWs%20B%2FW%7CQXy6GZL%20lcKQyX-CZA%2C%7ClEQyX%5EC%7CQyXGW%2FB%20W-C%7CQyX-A%7CQyX7EQ%7CyX-A%2CC*%2C%5BY%5D%20E%2F%2CXyQ%7CZLE%2FW7DZL%20%2C%20W%2FBXGZL%23F%2FW%20%2C%23C%2F7F%23l%7C%2CD%2FWs%20%20%2C-EZLyQKcl%23F%2F7B%2FA%20W%2FDLZ%20x%20LZUsG%2Cln%20LZnXyQ%7CnXyQ%7CnXyQZ%20%3DJazz-Trad%20Jazz%3D192%3D3
24e0f683-56aa-431a-9dca-b75f9f76e82c,irealb://At%20a%20Georgia%20Camp%20Meeting%20-%20www.tradazz.ru%3DMills-1897%20Kerry%3D%3DDixieland%3DBb%3D%3D1r34LbKcu7QyX7FXyQ%7CBCZL%20lcKQyXbB%7CQXybB%7CQyXbE%7CQyX7b7XyQ%7CbBA*%7ByXbBZQ%7CBb7CZL%20n%20ZL%20n%2CbB%7CQ%7CyXbB%7CQyXbE%7CQyX7%20F7LyXbB%7CXbB%7CQF7XyQZL%20lcKQyX7F%7CQybXB%7CQyXobBZL%20lcKBboXyB*%7B%7DQZL7F%20XyQKcG%20bBZLoE%20bEZL7Bb%20bB%7CQyXobBZL%20l7LZC77F%7CQyUBbXyQ%7D%20%3DJazz-Medium%20Swing%3D100%3D3
24d10a4c-c9d8-45e7-9b9a-7953311befa0,irealb://Bluesette%20-%20jsb%3DJean%20Toots%20Thielemans%3D%3DWaltz%3DBb%3D%3D1r34LbKcu7%7CQyX7b%5E7XyX7C%7CQyX7-G%7CQyXD7%7CQyX7hAZL%20lcKQyQ%7CF-B43T%5B7-%23CZQ%7CEbXQyX7%5EbD%7CQyX7bAQ%7CyX7-bEZL%20lcKQyKcl%20LyX7bB%7CQyX7%237XyQX7-D%7CQyX7F%7CQyXh7CZL%20lcKQyX7%5EB%7CyQ%7CC%23F%7CQyXC-7XyQ%7CF7XyQZ%20%3DJazz-Medium%20Swing%3D100%3D3
24cd05f3-cd6c-4a1d-96df-7bb5e1efc23b,irealb://Falling%20In%20Love%20With%20Love%20%28%20Falling%20In%20Love%20With%20You%20%29%20-%20jsb%3DRodgers%20Richard%3D%3DWaltz%3DBb%3D%3D1r34LbKcu7L%20lcKBb%5E7XZL%20lcKQyX7-CZLx%20%20ZL%20x%20ZL%20lcKQyF7XyQ43T%2C%7BL7%5EbByQKclZL7-CZL7-GZL7%5EBbZL%20lcKQyX7FZL%20F7LZ%2CX7-CZX7CZLLZxLZyX7-GZL%20lcKQyXD7ZL%20lcKQyX7-A1NQKcl%20xZLxZ7bA%7CQ%20LZC-QyX7-A2N%7C%7D%20%20lcQKyX7FZL%20lcKQyX7%7CD7XylcKQy7-CZL7XyQ%7CyX7%5EbBUZL%20lcKQXy7FZL%20lcKQyX7-CQKcl%20G%7CQyXXyQ%7CF7XyQZ%20%3DJazz-Medium%20Swing%3D100%3D3
24a2180e-b3c7-4003-8e15-75e6ba4eff1a,irealb://Georgia%20On%20My%20Mind%3DCarmichael%20Hoagy%3D%3DSlow%20Swing%3DF%3D%3D1r34LbKcu7%207-Al4FXyQ%2C7-bBs%207hBZLC/D-%20-DZL9b7A%207hE%7CEb7%2C%7C4TA*%7BFZL7--7%20C7NZL%20QyXQyX%7D%207C7%20-GZL7D%207-A1NZL2F%20BbGZL7Ds%20-DZ%2CA7%239DZL%20x%20ZL%20x%20l%7C%2CA7%2C7hEs%20-DlB*%5B%5D%2C-%20G7L7hEs%20XFA*%5B7%2C%7CD-7-GZL7D%207-Al%7C%2CBb/-D%2CB/-D%2CC/-D%2C%20C7%20%5DA%2C7hE%207-GZ7%20A7b-Al%7C%2C7bE%2C7-bBs7%20hBZLC/-D%20-DZL97%20D7LhE%7CQyC7LZF%20Bb-7LZF%20sG-7%2CC7Z%20%3DJazz-Slow%20Swing%3D80%3D3
24a698d9-7f6f-4d96-8b46-430538842f63,irealb://Por%20que%20me%20enganou%3F=Abreu%20Zequinha==Choro=C%2D==1r34LbKcu7yX%2DC%7C%2DXyQ%7C%7CQyX7G%7CQyX%2DC%7CQXy%2DC%7CQyX7G%7CQyX%2DFG7XyQC22T%5B%2C7G%2C%2DyQ%7CF%2D7G%7CQyX%2DC%7CQyX%2DFQ%7CyX%2DC%7CQyX7G%7CQyXXyQ%7CCX%2DC%7CQQyXx%7Cb7XyQ%7CQyX7bB%7CQyX%2DF%7CyQXx%7CQyXbE%7CQyXx%7CEbXyQB%5D%20%2DCG%2CbE%20yQ%7CxXXbE%7CQyX7bB%7CQyXF%2D%7CQyXx%7CQyXbE%7CQyyQ%7CEbX7bB%7CyXC%7CQyQ%7CG7yX7G%7CQyX%2DDZL7AC%20%7CQyXC%7CQyXx%7CQyXQ%7CCXyXC%5D%2C7Q%7CG7XyQ%7CE7XyQ%7CA%2DXyQ%7CFXyQ%7CCXyQ%7CD7%20G7LZC%2CG7%2CU%2CC%20Z%20=Latin%2DBrazil%3A%20Samba=160=1
2428f04c-87cd-438f-adde-4d4e0ff11271,irealb://Get%20Lucky%3DPunk%20Daft%3D%3DMedium%20Swing%3DB-%3D3%3D1r34LbKcu7%5BT44B-XyQ%7CDXyQ%7CF%23-XyQ%7CEXyQ%7D%20%3D%3D0%3D0
242c0542-09cf-42d3-8255-dd02fba99666,irealb://Xiang%20Ni%20De%20Ye%20%E6%83%B3%E4%BD%A0%E7%9A%84%E5%A4%9C%3DSong%20Chinese%3D%3DPop%3DE%3D5%3D1r34LbKcu7%209-A%5B%20Pre%20ZLB%20-%23FZL-%23C%20-G%23ZL6-A%20A%3EsurohCEXyQ%7D%20%3Cv*%7BAC*%5B%5DyQ%7CF%23LA%20-%23FZL-%23C%20-%23%7CGQyXA%7CQyXEZLB%20-ZBXyQXEZLBB%20-%23F%23-XyQC%2Csus%23C%20-%23Gs%7CQXyA%7CQyXEZLB%20-%23F%7C%237%2C%7ClG%7CQyXit%20suC.%20algnitaepeR%20peeK%20%3C%5D%20%3E%20%3C%20%20E%3EeniF%20%20Chor.D%3CZLll%20fine%3E%20%3DPop-Rock%3D115%3D1
24215442-158b-483a-8338-f2e3d9622fe2,irealb://Ain't%20Misbehavin'%20%28G%29%3DRazaf%20-%20Waller%20-%20Brooks%3D%3DMedium%20Swing%3DG%3D%3D1r34LbKcu7ZL9E%204G%5E7%207-C%207%5ECZL7-E%207B-ZLo%23A%207-AZLo%23GLZB-74TA*%7BG%207%5EG9LZN17%5EG2NZL%20QyXQyX%20%7D7D%207-AZLoG%207%5EG%20C9LZD%207-A7DZL3BE-7XEZL7-B%206D%7CQyX7%7CEQyX7A%7CQyX7C%7CQy-9%20A1*%5B%5D%206C%207%5ECA-7%20D%207-BZLo%23A%207-AZoL%23G%207%5EGA*%5B%5D%209b7E-7LZZL7E%20-7LZB-7%20E9LZA-7%20D9LZlG%5E7%20sBb13%2CAb13%2C%7ClG%5E7XyQZ%20%3D%3D0%3D0
24343b85-504a-4833-9dcd-e6ae215bd9f2,irealb://Mood%20Indigo%3DEllington%20Duke%3D%3DBallad%3DAb%3D%3D1r34LbKcu7B%7CQyX4Ab%5E7QyX7%5EbAZL5%237bE7%20-bE%7CQyX7bB%7CQyX%7CAb%5E74T%5BA*bA%7CQy%7CE7XyQyX6bD%7CQyX7bA%7CyQX7%5EbA%7CQyX7bE%7CQ%7CGb7XQyX7byX7bB%7CBb7X7%5EbA%5BB*%5DQyX7%5EbZAL5%237bE%207-bE%7CQy%20F7LZQyX7%5EQyX7b7%20Eb77E%7CQyX7bBZL7F%20%5E7bAZL7bE%207%5EbAZLXyQ%7CE-bB%7CQ7-bB%7CXyQ%7CABZL7F%207%5EbA%7CQyXb7G%7CQyX6bD%7CQyX7bb7XyQ7%5EbA%7C%20Eb7LZAb6%20Eb7%20Z%3D%3D0%3D0
24de08eb-a1d4-438f-b6bc-0e9e45f33da3,irealb://Hot%20Fun%20in%20the%20Summertime%20(Tom's)%3DStone%20Sly%3D%3DSlow%20Shuffle%3DC%3D%3D1r34LbKcu7QyX9-4C%5E7X7%5ECA*%7B%5DQyX9-G%7CyQX7%5EC%7CQyX9-G%7CQyXyQ%7CG4Ti*%5BZL%20suyQ%7CAb-DZL%20x%20ZL%2C6bE%20%5E7bE%7C%2C7-F%2C7-G%207%5E7%2CD7sX7-D%7C%7CQyX7%7CD-7%2CX7-DB*%7BZL%20QyXQXy%7DQyX7GZL%20sus7DyQ%7CE-QyX7GD-7XyQ%7CG7XyQ%7D%20%3DPop-Shuffle%3D89%3D3
242ca01a-09e5-4066-909e-c2d2b7fcd975,irealb://Tenderly%3DGross%20Walter%3D%3DBallad%3DEb%3D%3D1r34LbKcu7D%7CQyX4Eb%5E7%2CbG/Ws%20%207bA%7CQy7X-bE%7CQyX7bA%7CQyX%7ClF-74TA*%5BZLbE/%7CEb%5E7%7CQyX7bB%7CQyX7hF*B%5B%5D%207bG%207hG%7CQyXFh7%20WQyX7byX7bALZC-7%5EbEA*%5B%5DQyX7E%7CQXy7-FZL7B%207F%7CQyX7XyQ%7C7G%20hDG%207hG7XyQ%7C%5EbE%7CQyX7bD%7CQyX-7Fl%7C%2CbG/Ws%20%207bA7XyQ%7C-bE%7CQL7bG%20*CFh77bA%20hAZLbB/W%207C-ZL7G%20hDZLbE/W%20LZG-7%5B%5D%207bZF-7%20E7%2CQLZEb6%20Gb7LZF-7%20E7%20Z%5BQB%5EXyQ%7CE%5EXyQ%7CUEb%5EXyQZ%20%3DJazz-Ballad%20Swing%3D80%3D3
240e900f-3a81-49e4-b699-b7f0ad892549,irealb://Man%20I%20Love%2C%20The%20Rev%3DGershwin%20George%3D%3DJazz%20-%20Swing%20Two-Four%3DEb%3D%3D1r34LbKcu7hF%7CQy4Eb6XZL%20%29bD/7hG%28%20bD7/-bB%7CQyX7-bE%7CQyC7b9X4TA*%7BE%207bBQ%7CN1ByX%7D%207E%205%237FZL7Gb%205%237GZLbA/W%207bQLZN2yXB/7CZL9b6%20Ab77DZL7hA%206-ClB*%5D%5B%2C7bD%2C7Ds%206bEZL%235%20G7bEZL7%207bB%20%7CG7b97bG%207-GZL7bD%2057%23DZL7hA%206-C%7CQyXLZF-7QyX6-7hF%7CQEb6XyCZL%20%29bD/7hG%28%20b/D7-bB%7CQyX7-bE%7CQ7b9XylA*%5B%5D%2CZL7b%7CBb7%20lQ%5BZ%2C7E%2C7Fs%206bZEL7bA%206bEZLQ%2C7EEb6%20AQyXB/U%2C%3CEnd%3EEb7XyQZ%20%3DJazz-Swing%20Two/Four%3D90%3D3
24d9cb6b-5cbe-4be8-808a-3b849967e4c0,irealb://Waltz%20For%20Debby%20in%203%20-%204%3DEvans%20Bill%3D%3DSwing%20Three-Four%3DF%3D%3D1r34LbKcu7E/7C%7C4sA-7%7C%2C%23F/7D%7C%2C7A%7C%2C%23/G7E%7C%2C7-G%7C%2C7-D%7C%2CG7/F%2C3Ti*%5BC%2C7C%7CEb%2C%7CB%2C7D%7C%2C7-A%7C%2CbB/W7%2CC%7C%2CbD/hG%7C%2CD/6b%7CG-7%2C/7F%7C%2C%2CbB/7%5BA-7%2C7G%7C%2CC/7D%7C%2C%23C/7%7CA%2C7C%7C%2C7-G%7C%2C7-D%7C/B%2C%7CC%5D%2CbB/C%7C%2C7-D7%2CW//%5EA%7C%2C%5EA%7C%2C7-B%7C%2CC%23/%5EA%7C%2C7E%7C%2C7B%7C%2CCG%23%2C%5BG%7C%2C7A%7C%7C%2C7-Db%2C%7CA-%2C%5EbB%7C%2C7-C%7C%2C7-D%2C%7C7A%7C%2C7-G%7C%2C7D%7C%2C7%7CA7%2C%7CB/C%2C7D%7C%2C7Ab%5E%2C%7CD7E%7C%2C7-G%7C%2C7-D%7C%2C-7A%5D%2C7C%7C%2C7-G%7C%2C%5Eb/G%23%2C%7CA%7C%2C7GA%7C%2CbB%7CG7/FZL%2CbD/hG%7C%2CD/6b%7CB%2CbE/7F%7C%2CE/7C%7C%2CC7%2CW/%2C%23F/7yX%5D%2C77%2CW/CD%7C%2C7A%7C%2C%5EbB%7C%2C7F%2C%7C7-A%7C%2C7E%7C%2C7-B%7C%2C-7%2C%7CGD%7C%2C7-h%23Gn%2CC%2CLZn4T%5B%20QyX%5D%20%2C7CnZ%2CLC/7-GnZL%2CC/h%23G4nF/C/Fn%5BQA%7C%2C7CG-7/C%2C7-D%2C7-AB*%7B%20Qy%5DX%2C7Cn%7Cn%2CF%7C%2C7Cn%2C%7CG-7%2Cn%7C%2CC/A2N%7C%7D%7CG7%2CC-G%7C%2C7D%2C7-A%7C%2C7Ch%2CG%7C%2C6bB%2C7F1N%5B%2C77%2CC7%2C%2C7D%2C77D%2C7-%2C%7CB-7%2C7-GC*%5B%5D%2CA/-B%2CA%5E%7C%2CA/-B%2C%5EA%7C%2C7E%2CC7%2C%7CA7-D%2C77C%2C7-%2CA7%2C%7CD%2C%5EbA%7C%2C7G%2C7-D%7C7%2CA%2C%5EbB%7C%2C7-C%2C7-Db%5E%2C%7CG7-G%7C%2CA%2C%5EbBF7%2CBb7-A%7C%2C7E%2C7-B%7C%2C7D-%2C7-A%7C%2C7C%2ChG%7C%2C6%2CF7%2C%7C3N%7C%7D%2C%7Cn%2C6F%7CD-7%2CCn%2CC/7-Gn%7C%2CC/hG%23n%2CC/Fn%5B%5D%2CB/7GQ7/C%2C%7C%2Ctla7/7-GnQnF/Cn%2CC/Fn%7D%2CC/o%23GnC%2C/7-Gn%7C%2CC/h%23Gn%2CG%23h%2C%7C%7B%2C7CnC%2CnC7%2C%7CGb%5E%2CnA%5E%2Cn%7CG%5E%2CnC7alt%2Cn%7CUF%5EZ%20%3DJazz-Swing%20Two/Four%3D170%3D4
243b969f-83a3-439a-9aa9-beb7ecf91891,irealb://De%20Flor%20Em%20Flor%20PP%3DDjavan%3D%3DSamba%3DD%3D2%3D1r34LbKcu7%23G%2F7%236%2FAXyA%2F6D%7CQyX6-G%7CQy6X-B%7BQyX%23G%2F7%23C%7CQXyQ%7CCD42T%5B%2F6D%7C%5D-6XyQA%7CQyXhE%7CQyX6-CQ%7CyXA%2F%5EF%7CQyX6-G%7C13XyQB%7CQyX6-B%7CQC%237%2FG7%23C%7CQyXA%2F6D%7CQy6X-G%7CQyX6-B%7CQyX%23%2FG%23Xy%7CQyXAC%7CQyX-6XyQQyX31A1N%7CQyXhEQ%7CyX6-C%7CQyXA%2F%5EF%7C%7CD6%2FAG%7CQyXXh%23GvXyQ%7DNQyXQyXQyX%5BQyX9%7CDQyX7-A%7CQyX31A2XyQ%7B*%23G%2F7%23yX9D%7CGXyQ%7CA1N%7CQyX6-G%7CQyX-6B%7CQyX9bB%7CQyX%5EF-7XyQ%2FA%7CQyQ%7DXyQXyQ%20LZN2D6%2FAXyQKcl%20%20%5D%20%3DLatin-Brazil%3A%20Samba%3D200%3D0
248f7384-f3a6-4096-928e-ccbe619ea820,"irealb://Swing%2039=Reinhardt%20Django==Medium%20Swing=G=7=1r34LbKcu77CZL%204%3C%20AAX6bBZL%20lcKQyX7ZCL%20lcKQyX6bB%3EAByQKcl4TA*{yX7DZl%20LZ%7CQyXbE1NZL%20lcKQXy7DZL%20lcKQyX6bBKcl%20LcKQyX%20lcKQ%20}%7CN2*[]%20%20%3EeniF%3ClcKyQXG%7CQyX7D%7CQyXbEBD7Xy%20lcKQ%20dn2%20XyQ%7C%20.D%3CZLnl,7D,7bEZsL%20lcKQyX7DZLx%20C.%20al7bEZLEnd.%3EsEb7,D7,ln%20]%20=Jazz-Medium%20Swing=200=3"
24be5713-3226-44e0-9d94-6bc1f3758272,irealb://Warehouse%20H.E.%3DRoyce%20Rose%3D%3DPop%3DD%3D%3D1r34LbKcu76*%3C%7CQ7XyQ%7CQyX7D%7CQyX7D%7C%7CQXy7D%7CQyX7D%7CQyX7D%7CD7XyDsi*%7CQyX7D%20lineevoorG%20ssaB66*7%3CD44TSA*%7B%5D%20QyX%3E%3EXyQ%7CssaB3yXD%7CQQ%7CD7XyXD%3Eenil%20ssab%20veatcO96*%3CB*%7C%7DQyQ%7CDXyyX7D%7CS.D63Q%5D%7CD7kaerb%20ssaB36*%3CQ%7CyX7D%7CQyX7D%7CQyX%3E%20%20%3C*yXD%7CQQyX7D%7B*AT4D%7CQyX7D%7CQyX%3EevoorG%20ssaB66*%3C7D47XyQ%7C%7D%20%20%3E.G%7CQyX%2CF%23%2CEE%2C%23F%2CG%7CQyX-EZLE-%2C%23F%2CG%7CQyX-EZL--LZE-GB*%5B%7Dnil%20syQLZ%7BvatcO27*%3CD%3EortOu%20QyXQyX54*%3CQB*e%20basX%5D%20A%20b%20ssa%7CDXyQ%7CQyX7D%7CQyX7D%7CQXy7D%7C%5DQyXD%7CQyXD%7C%3C*63BQyX%3Eereak%3E%20%20%3C*36D.S.%3E%20%20%7D%20%3D%3D0%3D0
24aca982-2734-4168-86e2-d8eb52a7f3d6,irealb://O%20Tannenbaum%20(Guaraldi)%3DGuaraldi%20Vince%3D%3DMedium%20Swing%3DF%3D5%3D1r34LbKcu7AZL7-9%20G-7A*%5B%5DQyX96FZL7C7%20-GZL9b7D%207hAZLF69%20G6FA*%7BC%207-Gb9LZG-GZL%23F%2F7D%207%5EFB%5B*%5DQyX96FZL7C%207-7XyQ%7C7D%207hL7C%207-7%2CD-b7D%207hAZL7-G%209F6l%2CA*%5B%5D7C%2C7-G%2C79LZG-AsZL7ZF69XyQ%7DY%5BQG-7%20Bb%2FCLZF69XyQ%7CG-7%20Bb%2FCLZfF69XyQ%5D%20%3DJazz-Medium%20Swing%3D120%3D3
241e2c68-2045-48e4-a09a-9c97641cc4b0,irealb://Rollin'%20Stone%20%28Catfish%20Blues%29%3DMuddy%20Waters%20%28McKinley%20Morganfield%29%3D%3DMedium%20Blues%3DE%3D%3D1r34LbKcu7yX7EZ7XyQKL%20x%20ZL%20lcKQyX7ZEL%20x%20ZL%20x%20ZL%20lcZ%20x%20LE44T%7BQKcl%20LZ%20x%20LZ%20x%20LZE7XyQKcl%20%20%7D%20%3DJazz-Slow%20Swing%3D77%3D1
24d11bf9-f939-46ee-9260-51d5f18a4698,irealb://Alma%20Brasilera%3DFreitas%20Zeca%3D%3DSamba%3DF%3D%3D1r34LbKcu7yXx%7CQ%5E7XyQQyXx%7CQyX7%5EF%7CQyxX%7CQyX7obA%7CQyXx%7C%7CD7XyF22T%7BQyX7%5E%20G-7/%207hB1N%5B%20S%2CC/7-%20D7-DZL7A%207hEZLFE7LZA7-G%7CQyX%7CQyE7LZAyXC/7%5EF%7CQyX7hBN2%7D%207C%207-G%7CQyX7%5EQ%7CC7X%207hB%7CF%7CQyX%5E7XyQyXx%7CQyX7%5EbB%7CQy7XF%7CQyX7-C%7CQyXF%7CQ%7CC-7bB%5B%20Q%7CQyX7Bb%5E7XXx%7CQyX7%5EC%7CQyX7%7CGQyX7-D%7CQyXx%7CQyyQ%7CD-%7CQyX7QyX7%5E%7CG-7XX7C%7CZQyXC/F%7CQy7XhB3N%7C%7DQyX7C%7CQyyQ%7CBbQyX7G%7CF%5E7XyQ%7CxXyQZ%20%3DLatin-Brazil:%20Bossa%20Electric%3D200%3D3
241cb030-1e3e-4282-9466-0f909958c0c8,irealb://Aon%3DHarold%20Mabern%20Jr.%3D%3DUp%20Tempo%20Swing%3DBb%3D10%3D1r34LbKcu77%5EbEZ7%20Eb77-F%7CQyXbBZL7F%20-7CZL9%237G%209%237DZL%20Bb7LbBA*%5BZLobDh7%20D7xZL11-CZLxZLxZxLZL11-G%7CQyX-GZLLZxLZA%7CQyXL11-A9%20Eb-QyXbBZL31B%209bGLZ9%2331bD%2031bAZL9%7CB-7%20%237DA*ZL%20x%20F-11LZL%20lcKQyX11-G%7CyQX-GZL7D%2031%5EbEZ%20x%20LZ%209%5EGZ%7CQyXFLZD7%20yXoE%7CQyXbEB*%7CQXybBZL31F%20-CZL7GQ%7CBb%2F7F%20-C%5EB%207-7LZG-9b7G%2011-D%7CQyX7D%5EZL7A%207hE%7CQyXF%2FLZ*ACD%207hA%5EbEZL%20Db137%5EGZL11-A%20-B%7CQXybBZL31B%207%5EbGZL%20F-11bBZL7%2C31F%2CLZG-XG%2C7D%7C%2C7F%2C-CsZLZxLxZLxZL11-G%7CQy7%2C%7CC-7D%2031%7CBb%20%5D%20%3DJazz-Up%20Tempo%20Swing%3D262%3D30
24956983-4c98-4f92-b8ba-2103b864cb45,irealb://April%20In%20Paris%3DDuke%20Vernon%3D%3DMedium%20Swing%3DC%3D10%3D1r34LbKcu7L%20lcK4G7b9C%7CQyX9b7G%7CQyX7Dh%7CQyX7%5EC%7CQyXsus%5E7XyQ4T%5BA*7h%23FZyQ%7CC7%20-AZL7E%207hBZL%20clKQyX7%5EF%5BB*%5DQyXA-%2FGLX7-GZobE%20E7b9XyoF%207h%23F%5BC*%5D%209bA7%207hEZL7E%207-B%7CQ7LZC%2FB%7CQyX7%5EEZL7%20G7b7h%23FZLG%2F-A%20-AZ7LE%207hB%7CQyX6CZL9%20B7b9hDZL7X7D%7CQ%2CG7%2C%5DA%7CQyX7hE%7CQyX7%5E%7CCQyXsus9b7Gl%5BD*7b9Xy7-Ds%20yQ%7CDh7%20G7LZC6XyQKcl%20%20Z%3DJazz-Medium%20Up%20Swing%3D91%3D3
24d1c36e-dade-46cb-b9be-76895b8010d0,irealb://Vamos%20acabar%20com%20o%20baile=Garoto==Choro=A%2D==1r34LbKcu7D%207B%7C2D%2D6%20QyX%2DDZL7A%20%2DAZLE7%206%2DD%7CQyX%2DAZL7E%7CCXyQ2TA%2A%7B%7CQyXC7XyQ%7CDZL7A%20%2DAZL7E%206D%2D%7CQyX%2DAZL7E%206%2DD%2DXyQ%7CEZL6%2DD%7CQyXLZ%3CFiX7A%7CQyX%2DA%7CQyX7BE%2A%7B%7D%20%2CQ%2C%20%20%2DA%3EenyQ%7CD%2D7E%207BX%2DD%7CQA%2DXyQQyX7A%7CQyX%2DA%7CQy7XE%7CQyX7E%7CQyX7B%7C%7CD%2DXy%7CQyX%2DyXA%7CQXyQ%7CB%2CC%2A%7B%7DQyX%2DA%3Eado%20Cla%20%2EC%2ED%3CZL7E%207Q%2CAXy%2DA%7CQy%7CQyXAXyQ%7CB%7CQyXAZL7E%206D%7CQXy7EZL7B%20%2DB%7CQyX%2DAXyQ%7C7%23F%7CQA%3EeniQ%7CB%2DX%2EC%2ED%3CZL7E%20%2DB%7CQXyAZLB%2F%2DD%20B%2FD%7CQy%20al%20FyX7%23FXyQ%7D%20=Latin%2DBrazil%3A%20Samba=115=1
24ab50f5-64b0-4a3b-aa20-3695c4d8b963,irealb://See-Saw%3DHaerle%20Dan%3D%3DSamba%3DC%3D%3D1r34LbKcu77bB%7CQT44B%5E%7CQyXsus7bB%7CQyXB%5E%7CQyXsus7bB%7CQyX%7CB%5EXy%2CA*%2C%7BX%5EG%7CQQ%7CB%5EXQyX%5EbG%7CQyX%5EE%2CB%2C*%5B%5DQyXsus7bB%7CQy%7CF%5EXyyXsus%7CQyX3%5EXyQ%7CyX%5EF%2CC*%2C%7B%7DQyX3b1G%7CQyX%5EA%7CQyX%5EbBQ%7CGb1bA%7CQyX%5EB%2CA%7CGb13yX31bG%7CQyX%5EF%7CQXy31bG%7CQyX%5EF%7CQyXQ%7D%5B%2C*QyX%5EFyX%5EB%7C7susXs7bB%7CQyX%5EB%7C%7CQysXus7bB%7CQyX%5EB%7CQyusXyQbB%7CQybA%7CQysusXyQyX%5EF%7CQyX%5EG%7CQy%5EXD%7CQyX%5EE%2CD*%2C%5B%5DQ%7CBb%5EX7bB%7CQ%20x%20ZLDb%5EXy%20x%20ZL%20x%20ZL%20x%20Z%20LlcKQyX11%237%5EC%7CQLZ%20x%20%7CQyX%5ELZ%20x%20%20Z%20%3D%3D0%3D0
247f96fb-bca8-4b71-a87b-d65179cb79b5,irealb://L'agneau%20sur%20son%20tr%C3%B4ne%2C%20A%3DSaillens%20Reuben%3D%3DWorship%3DD%3D%3D1r34LbKcu7%20E/A%7C4D%20B-D/E%2CEZL-B%2CA%2CD%7CyQXA%7CQyXD%7CQyXGZL%2CA%2CD%2C4TA*%7C%20GZLDyQ%7C%7C*%7C%2CD%2CG%20DZL7A%20A%7CyQX7E%7CQyXG%7CQyXDBE-%2CA%2CXAZLEALZDXyQZ%20%3D%3D0%3D0
245e90fc-e22e-4d46-a55c-e7257ecdd75c,irealb://Autumn%20Leaves%20Bm%3DKosma%20Joseph%3D%3DMedium%20Swing%3DB-%3D2%3D1r34LbKcu7X31b74E-7XX5b7-%23C%7CQyX7%5EGQ%7CyX7%5ED%7CQyX7A%7CQyyQ%7CF%234TA*%7B-EZL%20XyQKcX-B%7CQyX31b7%23F%7CyQX5b7-%23CB*%5B%7D%20%20lyQKcl-B%7CQy%207-B%7CA7XyQb7%23F%7CQyX5b7-%23C*C%5B%5D%20%20lcKQyX7%5ED%7C13XyQ%7CQyX7E7LZA-7%20D7LZC%23-7b5XyQ%7CF%237b13XyQ%7CB-XyQKcl%20%20Z%20%3DJazz-Medium%20Swing%3D120%3D6
24de5a43-a2f1-4518-82b9-df0e04e487c6,irealb://Azule%20Serape%3DFeldman%20Victor%3D%3DMedium%20Swing%3DF%3D%3D1r34LbKcu7L7G%20%2C4F7Xy7A%205b7-E%7CQyX7b%7CEQyX7F%7CQyX7bE%7CQLZD-74TA*%7BC%7CQyXyQ%7CN1%5BY%5DQyX7C2N%7CQyXyQXQyXQyX%7DQyX9bE*BG-7X7-GZ7C%7CQyF%5E7%2CX%7CQyX7G%7CQyX%2C7-DLZ9b7A%20%2C5b7-E%7CQyG-7%2CX%7CQyX7%20%2C7-DY%5B*AF5b7-E%7CQyX7bE%7CQXy7F%7CQyX7bE%7CQyX7%20A7LZ%5DQyX%2CG7LZG-7XyQ%7CC7XyQZ%20%3DJazz-Medium%20Swing%3D140%3D3
243287dd-be7a-41d4-ba29-ea848e098f71,irealb://Yesterdays%3DKern%20Jerome%3D%3DMedium%20Up%20Swing%3DD-%3D5%3D1r34LbKcu7-DZL%23-XyQ%7CD%20-DZL9b7A%207hEQ%7CyX-DZL9b7A%207hE-%5E7%2FCD44T%5B31F%7CQQ%7CBh7QyX31G%7CQyX9D%7CQXy5%237A%7CQyX7E%7CQyX%7CC9XyyXC%2F7XyQ%7CBb%5E7XyQ%7CEh7XyQ%7CA7b9%20%20%20Z%3DJazz-Medium%20Up%20Swing%3D100%3D3
24341450-866e-40cf-bb8d-a3d04a0b8eac,irealb://Branle%20Double%2043%3DAttaingnant%3D%3DDanse%20Renaissance%3DC%3D%3D1r34LbKcu7ZL%2CDZT24CLG%7C%2C-D%2CFZL%2CGZLCLZ%2CFZL%2CG%2F-EZL%2CDZLZC%2CL%2CA*%2C%7BL%2C-AZ%2CD-%2C%7CLxZLGZL-A%2CB*%2C%7B%20%7D%2CGZLD%7C%2CC%2CGZL%2CGZD-%2CLFZL%2CGZG%2CLZxLZD-LZD-%2CC%2C%7CGLZD-LZC%2CLZC%2CD%2C%7CG%2CD%2C%7CA-%2CD%2C%7CG%20%7D%20%3DLatin-Brazil%3A%20Samba%3D200%3D3
24af11ea-9b4f-4b78-805e-37b27a379156,irealb://Betcha%20By%20Golly%20Wow%3DCreed%20Bell%3D%3DBallad%3DEb%3D3%3D1r34LbKcu7%2011bD4Bb11%20%2C-Fs%20QyX%5EbEZL11bBZL%20bB%2F%5EbEZL%20G-%2C%7Cl4Ti*%5B%5EbEZLXyQ%7CDl44TA*%7C%2C%5EC%2C11G%20s%20%5EbG45T%7CQyX11bBb11%20%5EbGZLbB%7CQy11LZEQyX%5EbG%7CQyX11bD%7Cl%2C-G%20%2C-Fs%20QyX%5Eb%7CB11XbBZL%20EC*ZL%7C*BF-%5EbAZL7-G%207-Fl%7C-%2CG%20s%20%5EbAZL7-G%207%20Bb11QyX115TY%7C%2C7%2CLZT%20%20%5EbAZL%2CbB%2F-C%20C-44TZL7G%20%2C7-D42sBb11-D%20%5Eb4lEb%5E%20C-%2C%20LZT44Ab%5E%20%20Bb11%20LZEb%5EXyQ%20%5D%20%3DJazz-Ballad%20Even%3D75%3D3
24aec225-0c82-470e-b417-8b93bace741a,irealb://Blue%20Daniel-Rev%20JE%202%3DRosolino%20Frank%3D%3DWaltz%3DD%3D%3D1r34LbKcu7ZL6Dl4%3C*7031CsZL6DlZL11%2313CsZL6D%3EortnI%20%20%2311LZ3Ti*%5BL11%23311LZl6Dl%3EdaeH%20%2086*%3CY%7B%5D%20%2Csus31AsZL6DLZsC1%2331CsL31CZLZsE1L7EZL7-BlZL11%2313EsZL7-BlZL11%233ZG-9L7-BlZulretZsC137*%3C%5BY%20%20%7D%2031A%20ssu31AZL9-ElZL11%230%20%20InL7%5EDZsZL6DLZsC1%2331CsZL6DlZL113%231CsZL6DlZL11%23311LZl6D%3Eed7EZL7s%2C%20%5DYEZL7-BZL7CZL6D%3ElsoloS%20%2007*%3CB*%5B7LZB-us31A7*%3CQ%5BLZE7L%5D%20Q%2C7AZL7-EZL7ZCL7%5EDZL7CZL7-GZXyQ%20Y7-BZLCsZL6%20Inte1%2331CsZL6DlZL1%23131CsZL6D%3Eedulr1LZlD%20QyX0lZL11LZlD6ZL6Dl%3EdaeH%20%2007%3C*%7BY%5D%20%2Csus31AsZLsC13%2311%2331DZL31sE13%23GZL7EZL7-BlZL1%23131EsZL7-BlZL11-9LZCZL7-B%2331C%20C13%231T07*%3C%5BY%20%20%7D%2031As%20us31AZL9-ElZL1ag%3ED6sZL7%5EQyX11-7XyQQyX%5EDlZL%2C31A%20ssu31A%7CQyX11%2331E%7C%7CC13%23BZL11%7CD%5EXyQZ%20%3DJazz-Ballad%20Swing%3D130%3D3
24768777-e75a-4086-97db-508694a2daf8,irealb://Blues%20-%20Jazz%3DExercise%3D%3DMedium%20Up%20Swing%3DF%3D%3D1r34LbKcu7QyX7F7XyQ%7CoB%7CQyX7bBZL7F%20-7C%7CQyX7F%7CQyX7bB7XyQ%7CF44T%5B%7CA-7%20D7LZG-7XyQ%7CC7XyQ%7CF7%20D7LZG-7%20C7%20Z%20%3DJazz-Up%20Tempo%20Swing%202%3D240%3D20
24e9d912-439d-4d1d-89d7-7cb1248724b3,irealb://Bonita%3DSilver%20Horace%3D%3DLatin%3DC%3D0%3D1r34LbKcu7QyXx%7CXyQ%7CxE%7CQyXx%7CQyXC%2F%23FQ%7CyXx%7CQyXC%2FE%7CQyX%2FCXyQC%2FbE%5B%237AZLXyQ%7CDB%7CQyX9-C%7C%7DQyXxQ%7CyX9-CZL31bD%20317%20Bb79-C%7B%7C9b5XyQ%7CxXyQ%7CAb7XyQ%7CAb7%20G7LZC-9XyQ%7Cx%20%20U%20%7C%20%3DJazz-Latin%3D180%3D3
2440af25-ba1f-4de5-b246-9031fc3bdfa2,irealb://Brown%20Eyed%20Girl%20(G)%3DMorrison%20Van%3D%3DRock%3DG%3D%3D1r34LbKcu7yXC%7CQ4%3C1%20n%7BY%7DQyX7D%7CQyXG%7CyQXC%7CQyXG%3Essab%20o*AGXy4Ti*%7ByXG%7CQQ%7CD7XyXGA*%5B%5DQyX7D%7CQXyG%7CQyXC%7CQyXG%7CQyQ%7CCXyyXG%7CQ7E%7CQyyQ%7CGXX7D%7CQyXCB*%5B%5DQy7XD%7CQyXG%7CQyXC%7CQyyQ%7CGXX7D%7CQQyX%5D%20XyQ%7CD%20lcKQyX7D2N%7C%7DQXy7D1N%7CQyXG%7CQyX7LZ%20x%20C%7CQyXQ%5BYY%5DXyQ%7CCL%20x%20ZL%20lcKQyXG%7D%7CQyX7D%7CQyXG%7CQyXZ%20x%20%20GA*%7B%20GXyQ%7CCXyQ%7CGXyQ%7C%20%20%3CX%3EG%20Z%20%3D%3D0%3D0
248a8448-4624-41a0-b502-a8193d086694,irealb://C%20Newman%20Start%20Engines%20No%20Speed%20Limit%3DNewman%20Jeff%3D%3DRock%20Pop%3DC%3D%3D1r34LbKcu7%5B%7DQyX4CXyQC%7CQyX7G%7CQyXF%7CQXy-D%7CQyX-D%7CQyXx%7CXyQ%7CC4TA*%7BA*%7B%5DQ-XyQ%7CyXC%7CQyXF%7CQyX-DQ%7CyXF%7CQyXF%7CQyX-DQ%7CCXyD2NB*T44CXyQ%7CxXyQ%7CD-XyQ%7CD-XyQ%7CFXyQ%7CG7XyQ%7CCXyQ%7CCXyQ%5D%20%3DPop-Country%3D130%3D6
24a6e7ba-a12e-4a0d-b99f-9bcd5178be5f,irealb://Caf%C3%A9%20Com%20P%C3%A3o%3DJo%C3%A3o%20Donato%20e%20Lysias%20Enio%3D%3DBossa%20Nova%3DF%3D%3D1r34LbKcu7bEA*S4Bb-7B%207%5EFZL7bB%207%5EFLZ9bE%207-bBZL9bE%20b7%20%7D%7B4Ti*%7B-G%7C%5D%20cl%20LZyX96FZL%20lcKQyXb9E%7C%5D%20%20lcKQyX96FQKcl%20KQyX9KQyX7C7susXsus7C%7CQyX7-G%7CLZ%20lcKQyX7%5EF%7CQyXyQ%7CF%5E%7CQyX7QyX7%5E%5B*BEbcKQyX9bEZL%20lcKyQX96FZL%20lcKQyX9l%20LZFZL%20lc%5EFZL%20ZG-7XXsus7CZL%20lcKQy7X%5EF%7CQyXsus7C%7CQyyQKclL%20lcK%207bB%20cl%20S%207bB%207%5EFZL9bE%207b-BZL9bE%207-bBQ%7B%7DLZF%5E7KQyX7%7D%20%3DJazz-Bossa%20Nova%3D150%3D2
2486801a-adb3-443c-b4d4-4c11e045d040,irealb://Iracema%20Voou%3DBuarque%20Chico%3D%3DBallad%3DA%3D%3D1r34LbKcu7-bB%207A%5E7%20F%5EbB%207-BZL9%5EF%207A%5EZL31bB%207-BZL9%5E7%20%5DA%5Es44T%5B%2C7bD%207%20%20E7%206-C%20%2C%23C%2F7%5EAZLD%2C%2F31b9b7EA*%20%2C9%23LZB-7-BZL7ZL%2C7bb-7b5-bAZLQyX%2C6-C%2C6Db%20%2C7%5EbDZL11%237D%206%2FB%20BE%7C%2CoD-%23FZLA%20Ab77%5EAZL5%239E%207-bELZE%2F7A%207%5EbDZL31b%2FE%20Fo%2F6-%23F7%23F%205%2FFLZAZL5%237E%207-BZLoC%23%20C%2F7%5EAZL6-D%20E%2F6Db-7b6-D%206%207%5EA%7C7b5%20DXQyXQyX%5D%209bB%2057bBZL9%5EF%207%5ECZL6-yQXyQ-bEZLyX%7CQyB-7%20BQyX7%5EA%5D%207%5EbB%207B-ZL9%5EF%207%5EAZL31b%7CA%5E7XZL9%5EFyXZLQQLZXyyXZLQyXZLQyXZLyQXZLQyXZLQyXZLQQLZXyyXZLQQLZXyQLZXyQLZXyQLZXyQLZXyQLZXyQ%20%7C%20%3D%3D0%3D0
248f9514-8457-4895-8c35-1ed2b2c26d07,irealb://Chicago%20Breakdown%20%28%20Solo%20Changes%29=Jelly%20Roll%20Morton==Dixieland=Eb==1r34LbKcu77bE%7CQQ%7CBb7%7CQyX7bB%7CQyX7%2DFLZ%20lcKQyX6bE%7CQyXEb7XyyX7F%5ByX6bEAb6XybB%7CQyX7F%7CQyX7CLZD%2F7G%20bEZL%20lcKQ7XyQ%7C%7CQyX%2BQKcl%20%20%5D%20=Jazz%2DTrad%20Jazz=132=20
24f18bd2-fb6f-46d0-94bc-a9f00ea20ef4,irealb://Dmin%3DExcercise%3D%3DRock%20Ballad%3DC%3D0%3D1r34LbKcu7%5BT44D*min*%2CLZx%20LZx%20LZx%20%5D%20%3DPop-Smooth%3D85%3D30
2479a6a1-0ef1-4149-82fa-8f1648477c45,irealb://Compared%20To%20What-Short%20Version%201%3DMcCann%20Les%3D%3DPop%3DF%3D%3D1r34LbKcu7yX7F%7C7XyQ%7C%7CQyXx%7CQyXx%7CQyX%7CxQyXx%7CQyXx%7CQyXxxXyQ%7CF44T%7CQyX7FQ%7CF7/sus7C%7CQyXn%7CQyX%7CnQyXsus7CZLbB%20A%20BbLZyXx%7CQ%7C%7BF7XyQ%7CxXyQ%7CxXyQ%7CxXyQ%7CxXyQ%7CxXyQ%7CxXyQ%7CxXyQ%7D%20%3DPop-Rock%3D133%3D3
24cf1899-1cd0-4682-8d08-446708b79827,irealb://Congress%20Reel%3DComposer%20Unknown%3D%3DBluegrass%3DC%3D%3D1r34LbKcu7%20-EZLZA-%20GCZL%2CG%20-AZL%20-A%20Z%20L%2C-E%20GZL%20-AZL%2C%2C%20E-%2CL%20-A%7BL%2C-E%20%20%7BA-%20%20-AZL%20-A%20%20ZL%2CG-%20AZL%20GZL%2CG%20-AZLG%2CLZC%7D%20%2C-AZE-%20A-%2C%20%7D%20%3DPop-Bluegrass%3D220%3D1
2406bfa8-9888-4304-a958-ac6393250680,irealb://Crazy%20Arms%3DCharlie%20Seals%2C%20Ralph%20Mooney%3D%3DShuffle%3DE%3D4%3D1r34LbKcu7L%20lcK%2CXyQ%7CBZL%20x%20ZL%20lcKQy%2CXE%7CQyX%2CA%7CQyX%2C7E7%2CXyQE44T%5BZE%2CXyQ%7CE7%2CXyQ%7CA%2CXyQ%7CE%2CXyQ%7CE%2CXyQ%7CB7%2CXyQ%7CE%20ALZEXyQ%5D%20%3DPop-Shuffle%3D130%3D5
2471e5d3-ab60-44c5-ad95-b881948be8f0,irealb://D%20Major%20Static=Composer%20Unknown==Medium%20Swing=D==1r34LbKcu7XZLQyXyQ%7CDD%7CQyXD%7CQyXD%7CQyDX%7CQyXD%7CQyXD%7CQyXXyQ%7DXD44T%7BXZLQyyQLZXXZLQyXZLQyXZLQXyZLQyXZLQyXZLQyyQLZXXZLQyXZLQyyQLZXXZLQyXZLQyXZLQXyZLQyXZLQyXZLQyyQLZXXZLQyXZLQyyQLZXXZLQyXZLQyXZLQXyZLQyXZLQyXZLQyyQLZXXZLQyyQLZXyQLZXyQLZXyQLZXyQLZXyQLZXyQLZXyQLZXyQ%20Z%20=Pop%2DCountry=120=4
245f3966-d3cb-4cc6-b9ab-a2b10d435e89,irealb://Deja%20Vu%3DWarrick/Hayes%3D%3DSlow%20Rock%3DE%3D%3D1r34LbKcu7%2Csus94%3C*72s2N46T%7D%20%20x%201N%7CyQX11-%23F%3EortnI%20%20F%23-%2CB4Ti*%7B%237%23CpQ%20Y%7B*s%7CQyX7-%23G%7CQyXssu9A%7CQyX7%5EEl44TAC%23-7%2CyXZL%20QyX%7D%20D%5E7Xy%23C%2011-%23C1N%7CQyX%5E7CZL31G%20sus9G%7CQ-7/F%23lZL%2C9X%23C/7QXyQY%20lcKQyX7-%23FlB*%5D%5Bpp%2C%23C/B%2CB/A2N%7CLZG%23-yXQyXX7-%23G-7%2CXy7-%23C%7CQyX%23C/7-%23ZGL%20lcKQyX7-%23F%7CQ%2CXyQ%7C%23C%7CQyQyX11-7XyQZppp%2CB/7-%23F%7C%2CC7/-Gpp%2C%23C/7-%23Gs%7C%5BlF%23-%23F%7CQyyXsus%23-%2CpB%20lcKQyX7-%23F44TQ%7ByXQyX%7Cppp%2Csus9LZC%239F46T%7CQ%7CC%23-7%2CXyQ%7D%20%3DPop-Slow%20Rock%3D70%3D1
24c84777-8681-4674-bc0b-6ad20c1a1d80,irealb://Do%20you%20really%20want%20to%20hurt%20me%3Dclub%20culture%3D%3DMedium%20Swing%3DC%3D%3D1r34LbKcu7QyX7B4GXyQ%3E%20%3CA*%5BY%7D%20%20%3Ex4%3C-%20E%7CQyX-E%7CQyX7B%7CGXyQ%7C4Ti*%7BX-A%7CQQ%7CE-XyXC%7CQyX-E%7CQyX-%7CEQyX7B%7CQyXG%7C%7CQyQ%7CGXyyX-E%7CyXD%7CQXyQ%7CByXD%7CQyXCB*%5B%5DQyBX%7CQyXB%7CQyXB%7CQyXQ%7CCXy-A%7CQyQ%7CCXyQ%7CDXyQ%7CCXyQ%7CDXyQ%5D%20%3DJazz-Medium%20Swing%3D100%3D3
24864b11-fd5c-40bd-b574-0f6acafa75cc,irealb://V7-I7%20Practice%20chromatic%20cycle%20repeat%20twice%3Dchedeville%20jerome%3D%3DMedium%20Swing%3DC%3D0%3D1r34LbKcu7E%7B%7DQyQ%7CxXyX7bA%7CQyXx%7CQyX7Eb%7B%7DQyXx%7CQyX7G%7CQyQ%7CxXyX7D%7BX7%23F%7BxXyQ%7C%7CQyX7bB%7CQyXx%7CQXy7F%7B%7DQyXx%7CQyX7AxXyQ%7D%7CQyX7%7CQyX7yQ%7CB7yXx%7CQyX7C%7CQyXxQ%7CyX7G%7B%7DQyXx%7CQyXQ%7D%7BG%23Xx%7CQyXx%7CQyC%237Xy%7DQyXx%7CQyX7D%7CQyxX%7CQyX7A%7B%7DQyXx%7CQ%7BBb7X%7CQyXx%7CQyXx7XyQ%7CC%7B%7DQyXx%7CQyX7E%7CyQXx%7CQyX7B%7B%7DQyXx7XyQ%7CbE%7CQyF7XyQ%7CxXyQ%7D%7BC%237XyQ%7CxXyQ%7CF%237XyQ%7CxXyQ%7D%20%3DJazz-Medium%20Swing%3D100%3D3
240f6785-5aa3-42f1-b0e2-6b255cb5a9d3,irealb://Dreams=Barron%20Kenny==Jazz=E%2D==1r34LbKcu796%2DEA4Gb%5E7X5%237%5EbG%7CQyX31%5EGb%7CQyX5%237%5EbG%7CQyXyQ%7D%7B%2A4Ti%2A%7Bx%7CQyXXyQ%7CBbB%7CQyXx%7CQyX11%2D%7CEQyXx%7CQyX11%2331b13%2311x%7CQyXyX9b7b%2D7Xy7%5EC%7CQyX5%237B%7CQy7X%2DA%7CQyX11%239bE%7CQXyQ%7CBB%7CQyXobB%7CQE%2D69XyX11%2DE%7CQyXx%7CQy1X1%2331bB%7CQyXx%7CQyQ%7CxXyB%2A%7C%5DQ%7CQyX7xXyQ%7CyX31bD%7CQyX11%2DFQ%7CyXtlaC%7CQyX96%2DFQ%7CGb%5E%7CQyX7Gb%5E7%235XyQ%7CGb%5E13XyQ%7CGb%5E7%235XyQ%7D%20=Jazz%2DBallad%20Melodic=75=0
24df6dc3-f6c3-4b98-a6fa-a253a0387cd7,irealb://Ela%20e%20Eu%3DVeloso%20Caetano%3D%3DMedium%20Swing%3DE-%3D%3D1r34LbKcu7%207%5EGZ-%20B7Lus9DZL7-A%207%5E-ALZ7E%2011-B%7CQyX-EZs%20D9LE44T%5B-A%207%5E%23-11%20E%2011-B%7CQyX-EZLB7%20-EZL7B%20-EZL7B7LZA-FZL9C%3EtsnIsus%20D%5D%207B%20-EZL9b7B%2011-%23FZL6G%207%5EGZL9%5B%3C*749DZL7ZL7E%20%239LZEQyX-EZL7B%20-EA*Y%5B%20%20QyXQyX%5D%207B%20-%7CB-117B%20-E-EZL7A-7LZL7B%20-EZL7B%2011-F%23ZL9C%207%5EG%7CQyX9DZE-%20B%207%5E-A7B%2011-11%20E9%5EC%207%5EGZL9D%20su9sDZL7-A%207%5E-AZL7LZF%23-B%7CQyXLZE-%20B7%20%5D%5BE-%20B7%239LZE-%20B7%239%20Z%20%3D%3D0%3D0
24fa1475-fbfe-403a-8f2a-3d4196703565,irealb://Evergreenish=Gordon%20Dexter==Medium%20Up%20Swing=A==1r34LbKcu7X7hB[4A%2D7X%7CQyX7%2DAZL7E%207h%7CBQyX%5EG%7CQyX7D%7CQyD7XyQ4TA%2A{Xo%23C%7CXyQ]%7CC%7CZL%20lcKQyX%5EG[yQX7%2DC%7CQyX%5EC1NB%2A%2D7XyQ7E%7CQyyX7%2DAXyQKc9E%7CQyX%5EG%7CQyX7%2D%7CCQyX%5EC2NC%2A[ZL%20lXyQ%7C%7C7D%7CQyQ%7CEb%5E7%20A%2D7LZG%5E%20Ab7LZG%5EXyQZ%20==140=0
24c9850a-4c3f-488e-8d41-65ecb698ea99,irealb://Everything%20I%20Shouldn't%20Be%20Thinking%20About%3DSquare%20Thompson%3D%3DRock%3DDb%3D%3D1r34LbKcu7LbD%20b4%3C%20VebA%20bDZLbD%20bEZLAb%20bDZLbD%20bE%3EesrLZ*AE4Ti*%7BLbD%20bbLZEb%20bDZLbD%20%3Esuroh%3CCbEZLbA%20bDZLbD%20AbLZEA%20bDZbDZLbbLZ*CadoC%20oT%3CZLbA%20bZDLbA%20bEZLbA%20bDS%3EEb%20AA%20bDZbEZLbEb%20AbegdirB%20%3CZLQ%2CbAb%20EZLbA%20bDZL%29-F%28%3EDb%20AZLbA%20cKQyX%7D%7CXyQlcKQyXbD%3EoloS%20artiuG%20%3CD*ZL%20QyX%20LZEb%20%2CbA%20D%20bEZAEb%20DD%3Eadoc%20la%20SD%3CZbLD%20bEZLbA%20bDZLbb%20AbL*ZL%20l%20bEZL%20AbLZZLbA%20bEZLbA%20bD%7CQ%5D%20bA%20bDZLbD%20bEDb%20AbbDZLbbA%20bEDb%20AbbDZL%2CbA%20bEZLbAb%20DZL%29-F%28bA%20bEZL%20AbLZZL%2CbA%2C%20%5D%7C%20%3DPop-Rock%3D115%3D1
2473227f-67f7-45ba-8eba-bb98a1e6c834,irealb://From%20The%20Start=Laufey==Bossa%20Nova=Db==1r34LbKcu7QyXbEb%5E7%2FE%7B%5D%20%20n%2C7%5EbD%7CQyX%5E7bD%7CQyX7bA%7CQyXbGb%5E7%2FG44T%7CyXx%7CQyQ%7CDbD%7CQyX7bA%7CQyXbE7%2F%5EbG%7CQyXx%7CQyX7%5Eb%5E7XyX7bA%7CyX7bA7XyQ%7C%7CQyX7%2DbE%7CQyX7%2DBb%7CQyX7%2DF%7CQyX7bAxXyQ%7C%2DbE%7CQbA%7CQy%2Cn%20%20%7D%7CQyXx%7CQyX7%5EbD%7CyQX7bA%7CQyX7%2DbE%5BYEb%2D7X7bA%7CQbE%7CQyDb%5E7X%7CQyX7%2DF%7CQyX7bAQ%7CyX7%2DbE%7CQyXx%7CQyBb%2D7X%7CQyX7yX%2Cx2%7CAb7XyXQyXQyX%7D%20%20n%2C7b%5ED1N%7CQyX7%5EbD%7CQyQXyQNQyX7%2D%2F7obEb%2D7Xy7%2DbEf%7CQyX7%2DbBfQ%7CyX7%2DF%7CQyX7bA%7CQXyQ%7CfE%5BY%5DQAbXyQ%7CfDb%5E7%2CXyQ%7Cx%20%20U%20Z=Latin%2DBrazil%3A%20Samba=180=1
24e6453b-777d-4246-8409-bf184769ba74,irealb://Berimbau%20JB%3DPowell%20Baden%3D%3DBossa%20Nova%3DE-%3D%3D1r34LbKcu7%20lcKQ-7XyQZL%20lcKQyX7-DZLl%20cKQyX7-AZL%20lcKA-7XyD44T%5BZL%20lcXyQKc-AZL%20lcKQyX7-DLZ%20lcKQyX7-AZL%20l7XyQK7-DZL%20D/G%20QKcl%20D/G%207-DZLD/G%207D-ZL%20lcKQyX7-AZLLZD-7yX7-DlcKQyyQ%7CC7N%7CQyX7A%7CQyX7bBQ%7CyX7F%7CQyX%5EF%7CQyX1Eb%5EXX7-G%7B%20%20%7DN2D-7XyQKcl%20%20%5D%20%3D%3D0%3D0
242fd0a8-744c-4d7e-8393-27b2fb88e646,irealb://Grey%20Eagle%3D1876%20Traditional%3D%3DFiddle%20Tune%3DA%3D9%3D1r34LbKcu7yX%2CAZ%2CXyQKL%20x%20ZL%20lcKQyX%2CZALA%20EZL%20x%20ZL%20lcZE%20ALA44T%5B%20ZL%20DLZ%20x%20%2CAZLA%20EZL%20x%20ZLl%20cKQyX%2CAZLA%20EZLXyQ%7C%20%20lcKQL%20E%20ZE%20LZAL%20D%20%7CQyX%2CAZLA%20ZEL%20E%20ZL%20D%20%7CQyX%2CZ%20A%20L%20ZL%20AZA%2CXyQ%7C%20D%20LZ%20E%20LZE%20A%20%5D%20%3DJazz-Medium%20Swing%3D230%3D6
245dec18-c294-4dd0-959c-30bf9756d7dc,irealb://Unresolved%20ii%2DV%20Chord%20Progressions=Composer%20Unknown==Medium%20Swing=G==1r34LbKcu7yX7G%7C4A%2D7%20D%7B%7D%207D%207%2DAZL7D7%20%2DAZL7D%207%2DAZL7D%2D7XyQ4TA%2A%7BQ%7CD%2D7XyQ%7CG7XyQ%7D%7BE%2D7b5XyQ%7CE%2D7b5XyQ%7CA7b9XyQ%7CA7b9XyQ%7D%20==0=2
2491496c-449a-42e5-a92e-4cd6e7f51830,irealb://He%20Is%20Faithful%3DIglesia%3D%3DPop%3DG%3D%3D1r34LbKcu7ZLxZL4%3C*69%20xZLCZLxZLGZLxLZCZLxZLG%3EratiuG%7D%7B*AG4Ti*%7BLDB*%5BZGLZxCZLxZL-EZLxZLCLZxZL-E%5B%5D%20xZLCZLLZx%20%5DLxZLCLxZLCCLZxL-EZLxZLCZLxZLG*CZLxZLCZL-EZLDZLZxLZZL-EZZLCZLLZCLZLxZLCZLxZLGi*%5B%20%7DxZLCZLxZL-EZLxZGLZxxZLGZ/DZLGD%3C*69-EZL%23F/DZLGZLCLZ-E%3EX4%20laicepsELZCLZ*%7B%5D%20xF%23%20%7D%7CE-LZCLZGLZD/F%23LZE-LZCLZfG%20Z%20%3DPop-Rock%3D115%3D1
240af575-96ca-4f10-848f-316f0e141abb,irealb://Heigh%20Ho%20%28feat.%20Rhythm%20Changes%20at%20Bridge%29%3DChurchill%20Frank%3D%3DMedium%20Up%20Swing%3DC%3D%3D1r34LbKcu7l1N%7C%2C4G%20B7%2C7B%2CCsZLG%20C%7CQy7XD%7CQyX7AZLG%20CZLE-%2CC-4TA*%7B7B%7CQyD7XyQ%5B%5D%20%3EeniF%3C%20%20G%7CQXy7D2NZL%20QyXQyX%7D*BB7X%7CQyXG7D%3Een7XyQ%7C%20.C.D%3C%7CQyX7D%7CQXy7A%7CQyX7A%7CQyX7Eal%20FiE%7CQyXXyQ%5D%20%3DJazz-Second%20Line%3D180%3D2
2483ae81-744b-42d5-9d42-2b80e75e96d8,irealb://When%20I%20Fall%20In%20Love%20%28DGM%29%20089=Young%2DBergman==Ballad=F==1r34LbKcu7bEZL9%20D7b9L9b7C%207%2DGZL9b7%20DFZL4susC%207%2DGZLZF%20BbF44T%7BL9b7CZG%2D7%20L9b7D%20F1N%5B%5D%209bC7%20sus7CZL11%237bDZG%2D7%20L7D%207X7%2DGZEb7LZ%2011%237bEZL5b7%2DE7%20%2DGZL9b7D%205b7%2DAD7b9L%207%5EFZ7%2DGZL%2CXyQ%7D5b7%2DAZL9b7E%207%5EBbZL11%237B%207%5EF2N%7C%20D7b97C%7CQy%20Eb7LZF%20D7b9LZG%2D7%20C7b9LZF6XyQ%7C%2CU%2C%3CFine%3E%20x%20%20Z%20==76=1
2465bd1c-1277-44df-b498-5fc3abecd3cf,irealb://In%20Your%20Own%20Sweet%20Way%20%28DGM%29%20611=Brubeck%20Dave==Medium%20Swing=Bb==1r34LbKcu77%2DGZL4n%20Bb5b7%2DA44T%2CS%2CA%2A%7ByQXQyXQyXQyX%5D%207%5E%20D7b94Ti%2A%5BF%205b7C%2D7%20F%5EB%207%5EbGZL7bD%207b%2DAZL7%5EbE%206bBZL77LZC%2DZL7C%20DZL7ABb%5E7%23QyX7%5EDZL9b7A%2057b%2DEB%2A%5B%7D%20%2CQ%2C%20%2011%7CE%2D7%20ZL9b7%20%3Eado%7CD%2D7%20%2ES%2ED%3C%20%207GZL7bA7%20%2DbE%7CQyX7%5ECZL7G%20al%20CQyX7%5E%5D%7B%2CQ%2CAb7susXyQKcl%20LZ%20x%20LZ%20x%20%20%7D%20==114=1
24843338-a360-4269-aeea-0017a39680a8,irealb://Isotope%20%28DGM%29%20655=Henderson%20Joe==Medium%20Up%20Swing=C==1r34LbKcu7%297D%28%204n%20G7%28bE%7CQyX7C%2CS%2C%5BQXyQyXQyXQyX%5B%20susEb7%29%204Ti%2A%5Bs7bA%7C%20C7LZs7A%7CQyX7CZL7B%20b7E%7CQyX7F%7CQyX%2C7EusXyQ7bDZL%2C%5B%5D%20%3E%7CG7sula%20%2ES%2ED%3C%2CQ%2C7bE7%20bGZL7A%207C%7CQyXs%20CodaQyXsuQ%2CC7XyQ%5D%20==184=1
24cb5f21-f170-4fb3-9652-9d4786fa5250,irealb://I'll%20Always%20Love%20You%20%3DGeorge%20Jimmy%3D%3DMedium%20Swing%3DC%3D%3D1r34LbKcu77%5EbDZAb7su7bAZL%2C7%5EbBZL%2Cssu31FZL%2C7%5EbDZL%2Cssus%2CLs%2Ci*%5BF%2C7-Csus%2CL%2C7%5EbB%7C%2C7F%2C7-C%7C7%2C-G%2C7%5EbBA*%7B%5D%20xZG-7%2C%7C7FZL%2C-D%7C%2C7%5E7%2CG-ZL%2C7%5EbEZL%2C7bBZ%2CL7-F%7C%2C7F%2C7-C%7C%2C7C-7%2CFbB%7C%2C7%7D%2Csus-7%2CLZbG%7C%2C7G%2C7-D1N%7C%2CEb%2FF%2Csus7FZL%2C7-C%5E7%2CF7GZL%2C7bDZL%2C7%2CG7%2C%2C7-bEZL%2C7-bBZL7%2C%5EbD%5B%2C7bA%2C7-bE%7CLZAb7-D2N%7CbAZL%2CBb-7%2C%5BQyXQyXQyXQyX%5D%2C%20sus7FZL%2C7-CZLQQEb-7ZL%2C7%5EAZL%2C1%5E7%2CLZL7-%23CZL%2C7%5EEZL%2CB7ZL%2C7-%23FZL%2C7-%23CZEb-1EZL%2C77%5EbDZAb7su7bAZL%2C7%5EbBZL%2Cssu31FZL%2C7%5EbDZL%2Cssus%2CL%5D%20%2C7bLZC-7%2CLZF7sus%2CLZfUBb%5E7%2C%20Z%20%3DJazz-Medium%20Swing%3D128%3D4
24b4cac9-981d-4544-80e2-1fd884afdb25,irealb://II-V-I%20%20Coltraneando%204%3DColtrane%20John%3D%3DPractice%3DF%3D%3D1r34LbKcu77%5EF%7C%2CF%5E7LZGZL7%5EbD%7C%2C7bA%2C7b-EZL7%5EA%7C%2C7E%2C7-B-7%2CC7s44T%7BbG%7C%2C7%7BGb%5ELbAZL7%5ED%7C%2C7A%2C7-ZEL7%5EbB%7C%2C7F%2C7-CZ-7%2CDb%7D%20xZL%2C7D%2C7%20%7D%7BG%5E%5EbE%7C%2C7bB%2C7-FZL%5E7B%7C%2C7%23F%2C7-%23CZL77LZA-xZL7%5EbE%2C7-Zx%20%7D%7B%5EE%7C%2C7B%2C7-%23FZL7C%5E%7C%2C7G%2C7-DZL7%5EbA7LZBbL7%5EG%7C%2C7-BZ%5ELZx%20%2C7C%2C7-GZL7%5EbD%7C7%2CbA%2C7-bEZL7%5EA%7B%7D%7CF%5E7LbA%7C%2C7-CZL7%5E7LZx7%23C%2C7-%23GZL7%5ED%7C7%2CA%2C7-EZL7%5EbB%7B%7D%20%2C%7CF%23%5EA%7C%2C7ECZL7%5E%7CBb%5E7%2C7-AZL7%5EbE%7C%2C7b%2CB7-FZL7%5EB%7B%7D%20xZLD7%2C%7CG%2C7F%2C7%5EbA%7C%2C%237%2C%7CB-bBZL7%5EE%7C%2C7B%2C7%23-FZL7%5EC%7B%7D%20xZL7%5E7%2CEb7F%2C7-%237%5EA%7C%2C7%2CG7%2CBZL7%5EF%7C%2C7C%2C7-GLZ7%5EbD%7B%7D%20xZL7%5EC%7C-7%2CE7-DZL7%2C7F%2C77%2CAb7%5EbG%7C%2C7bD%2C7-bAZ7L%5ED%7B%7D%20xZL7%5EbD%7C%2C7LZC--bEZL%23F%2C7-LZE-7%5EG%7C%2C7D%2C7-AZL7%5EEb%7B%7D%20xZL7%5ED%7C%2C7A%2C7LZC%237%5EbB%7C-DZL77LZF-7bE%2C7-bBZL7%5EE%7B%20%7DxZL7%5EbE%7C%2C7bB%2C7%2C%7CAb%5E%5EB%7C%2C77%2CG7%2C%7CC%5E7LZF%23-7%2CB7%2C%7CE%5E7LZx%20%7D%20%3DLatin-Brazil:%20Bossa%20Acoustic%3D140%3D3
24aec748-ffcd-4835-907f-eaf1ea7a753c,irealb://Jazz%20Et%20La%20Java%20New%3DComposer%20Unknown%3D%3DMedium%20Swing%3DG%3D%3D1r34LbKcu7%5DQyX-4GXyQ-B%7CQyX-A%7CQyXG%7CyQXG%7CQyXG%7CQyX-A%7CXyQ%7CB3TA*%5B%7C%7CQyXF%23oLZG%7CQyX-A%7CQyXGZLl%20cKQyX-AZL-E%20-BXyQ%7Cx%20CB*%5B%7CQyXF%7CDXyQE%7CQyX-G%7CQyXD%7CQXy-G%7CQyXF%7CQyX-G%7CbXyQ%7CQyX-GBbXyQ%7CFXyQ%7CBbXyQ%7CAoXyQ%7CG-XyQ%7CDXyQ%7CG-XyQ%5D%20%3D%3D0%3D0
24de793c-3d46-4487-ad1b-a74d3f0453cd,irealb://La%20chanson%3DM.Legrand%20-%20%20C.Nougaro%3D%3DMedium%20Swing%3DC%3D%3D1r34LbKcu7bDZL7F%239su7-bAZL7%5EB%5Bn%2C5%23%7CFn%2C5%23F%7Cn%2C5%23FZLsLZDb-s43T%5BE/7-bLZB%5E7bBZL7-FZL7%5EbAZ7LbEZL11-bBZLxZL-7LZB%23F/7-xZL7%5E%5E7LZx7-DZL7-DZL7-AZ7L%5ECZL7GZL11-DZL/GLZCbAZLbAZL111LZE7ZL7%5EAZLE/7-BZL-7BZL7-%23FZL7%5EAZLxLZEb1-BZLL31bBb%5E7LZZLxZL7%5EbDZLbA/-7bEZL7-bEZL7-bBF-7LZDZL7b11-DZn%7CBb5%5EbEZLbB/7-FZL7F-ZL7-CZL7%5EbE%7Cn%2C7LZxL%2C5bBZ7%5EEZLZC%5E7L1-%23FZLxZL7%5ECZL/G7-DZL7-DZL7-AZ1LZB7L7GZLZLxZL7LZF%23L7bAZL7-bEZLxZ7L%5EEZLB/7-%23FZL7-ZC%23%5E7-bDZL7%5EFZLBb7LZ-GZL7-DZL7%5EFZLC7ZL7-GZLxZL7%5EbE7LZC7ZL7-FZLB/DLZG-7%7Cn%2Csus9DZLxZL7A-ZLxZL7%5EFZL7CZLG%5E7LZ7-DZLA-7LZD7LZUG69%20Z%20%3D%3D0%3D0
247013cd-9dbd-4b35-81b6-0233d50ba5e2,irealb://Lazy%20Bird%20with%20Intro%3DColtrane%20John%3D%3DUp%20Tempo%20Swing%3DG%3D%3D1r34LbKcu77-CZL4B-7XAA*%7B%7DQyX11%237D%7CyQX7-A%7CQyX%2C7E%7CQy-7%20D74Ti*%7BD%207-bF-7Xy7%5EG1NZL7D%207-A%7CyQX7%5EbE%7CQyX7bB%7CQXyQ%7CAZL7F%20%7CQyX7yQXyQX7E%7CQyX7-BB*%5B%5D%20%20lcKQyX7%5EG2NZL%20yQ%7CA%5EX%7D%207bL7D%207Eb7LZ%5D%207bD%207-bA%7CQyX%5E7G%7CQyX7D%7CQyX7-A%5B*AA-%207-bBlcKQyF7LZFLQ%2C7D%207-A%7CQyX7b%5EE%7CQyX7bB%7CQyX7-ZG%5E7X%207-CZyX9b7QF7%2317%5EG%7CQyX9b7D%7CQy7X-A%7CQyX7bE%7CQyX1XyQ%7CC%7CYZ%20%20Q%7CF%5E7XyQ%7CBb7b9XyQ%7CEb7XyQ%7CAb%5E7XyQ%7CDb7%2311XyQZ%20%3DJazz-Up%20Tempo%20Swing%3D240%3D3
24a5e2b1-1b1e-4b70-a44d-ddc3811da8bf,irealb://Let%20Em%20In%3DMcCartney%20Paul%3D%3DModerately%3DBb%3D10%3D1r34LbKcu7%206bBZ%20LZBbBZL%20bB%2F7F%7CQyXb%2FB7F%7CQyX%7Cr%20%20ZL%206b%5E7%20L7%5EbB%7BCZL%207-%20LZB-FZL%207bBZL%20-FZ%20L7bBZL%20-F%7CQyX7bXyQ%7CFFB*%7D%207%20LZF7%20%20%7C%20%3DPop-Country%3D92%3D3
2468b845-41a4-466a-991f-2a0c12e677a6,irealb://Let's%20Fall%20In%20Love%3DArlen%20Harold%3D%3DMedium%20Swing%3DC%3D3%3D1r34LbKcu77-A%2074C6%20A6-F(7G%207-DZL7-%20A6CZL7G%207-DZL7-)LZE-4T%7BA*E%207hB%20G7LZ7hB2NZL%20QyXQyX%20%7D7G%207DZL7A%207E1N%20E7LZ7-DZL-DZL7%5BA-%20AEZL7o%23D%207DZL7-%20A7D%7CQyX7-AZL7%5E--7%20A-B*%5D%207L7-A%20ZE-7%20G%207-DZL7-A%206C%5B*A%5D%207G%207-DZL9b7A7LZC6L7G%207ZD-7%20G7(F-6)LZE-7%20A-7LZD-7%20G7LZC6%20A-7LZD-7%20G7%20Z%3DJazz-Medium%20Swing%3D145%3D7
24190359-32e4-496d-898d-6dc12f9d12f9,irealb://Lets%20Go%20Round%20Again%3DAverage%20White%20Band%3D%3DFunk%3DD%3D%3D1r34LbKcu7QyXGZ%2C%3C*69%2C-E%7C%2CB%20%20GZL%2CbG%3E%20surohC%20%26%20ortnI%20Gb%2CL-EA*%5B*%3CDB*Gb%2CLZusAZL%2CsusAZL%2Cssu7BZLsus7B%7CQyXGs%2CLZ%7B%20%2C-E%7Cla%20.Cse%3ELZZLGZLsus7bGZLssubG%7C%2CD%2CAZL-BZLCG%2C%3CD.reV96GZL%2Cb%3E%20%7D%7C*%2CB%20%20GZL%2CbG%20%3EsuorhC%20gnoL17*%3C-EA%7CE-%20GeniF%20%7CQyXs-%20GbLyXsusA%7CQyXsus7%7CBQyXsus7B%7CQyXGZQ%7CAsuE%7CQyXreV%20lLZB7surtsnI66*%3CDB*%7BLZsusAZLsusAZLsumentasus7B*%3C-EAC%2CLZBGZL%2CGZL%2CsusbGZ%2CLsusbG%7C%2CD%2CAZL%2C-%2C%20%7D%7B*ZL%3Ees%2CB%20%20Gro%20Ch%20%3EsemiT%20dr3%20%26%20nd2%20ssaB%20oN%20suroGb%2CLZtuO968%3C%20%20sb%2CLZGFTR%3C%7CQyXsus7B%7CyQXGZL%2CbG%20-E%7CQyX%3EB7suG%20-E%7Cx%3E%20%7D%20%3DPop-Disco%3D124%3D1
2492bcbd-d1f2-4f73-87ef-8e957d805fa1,irealb://Ligia%3DAntonio%20Carlos%20Jobim%3D%3DBallad%3DB%3D11%3D1r34LbKcu71%23F%7CQ44%3C*7C%7CQyX5%239b7%23G%7CQXy9-%23C%3E46%20mpb%20%204%23-9XyTi*%5BYQyXD%2FY%7B*ACB%7CQyX9-%23Dl%7C%2CE%2FsW%20%205%239%23F%7CQyX9-%23b13b9%5DQyX3%5EE%7CQy1XyQ%7Cb7%23D%7CQyXsus9%23D%7Cl%2CE%2FW%20s%20sus31%23F9%2311X1-%23C%7C5%239bBFo7Xy1-Fl%7C%2C%23F%2FWs%20%209%23-G%7CQyX%23F%2F9-%23D%7CQ1XyQ%7C%7CQyX9yX5%239b%5E13%20%20%20lcKQyXsus9C1%7CNQyX9-%23CZL5%239%23G%7DN2F%23E%7CQyXXQyX%7D%20Y%7BN3NZL%20x%20ZL%20lcKQy%3EXortuo66*%3Csus9C1%20x%20%20QyX%7DQyQXyQXyQ%7CUN2%20fx%20%20Z%20%3DJazz-Ballad%20Even%3D64%3D1
245918cd-986e-4045-9dd1-f63892c16c2d,irealb://No%20Hay%20Nadie%20Como%20T%C3%BA%3DWilbur%20Paul%3D%3DPop%20Ballad%3DAb%3D0%3D1r34LbKcu7D%20ro%C3%B14F-%2CX*%3CA*%7B%7DQyX-bB%7CQXy%23C%7CQyX%23D/-F%7CQy66%20Se4Ti*%7BB%7CQyXo%20me%20X%23D/-F%7CQyX-F%3Esiep%20sut%20a%20ortsopyQ%7CC-y%20SOI96*%3CB66XyQ%23D%7CQyX%23C%3Erev%20oeduP96*%3C%7C%7D%20%20%3E3X%20XyQ%7B**%3C%20-b%7CQyX-o%2C%20es%23D/-F%7CQyX-F%3Eaiorlg%20ed%20SOID%20le%20XyQ%7CCtnaS%20%20%3EA%20o%29%20%28G%235*%3C%20%2C-bBQ%7D%2C%29%23G%20%28%29%23A%28%20%3EQyX75*%3C%294XyQTC%28-bBn%20noC3%20%20SoC*%7C%7DQyX-bB%7CQyX%7CCQyX%23G%7CQyX%23C%3Eol%3C*69%206*%3C%7B%20%23D%7CQyas%20voQyX-bB%7CQyXC%7CQy%23XG%7CQyX%23C%3E...sec%7D%7CC%23Xrtseuolg%20a%20%20To%206*%3C%7B%7D%20%20%3E3X%20%20Qy6X6*%3C%20-bBQ%7B%7D%20%20%3EB9%20Y%20l15*%3C%20ria%20del%20Se%C3%B1or%20llena%3EC%23XyQ%7CD%23XyQ%7CF-XyQ%7CF-XyQ%7D%20%3DPop-Slow%20Rock%3D70%3D1
24cb9654-4043-4742-b40f-7d0afa4e1083,irealb://Love%20of%20My%20Life%3DSantana%3D%3DRnb%20Funk%3DG-%3D%3D1r34LbKcu7L7-Gs4%3C*62QyXQyXZLnZLnZLZnLn%3Epukcip%20murD%20LZ*i4Ti*%5Bb7D%207G-7LZX7-GA*%7B%5D%207DZL7b%5EEZLbBZL7-CZL7DyQ%7CC-ZL7DZ%207-C%7C7XyQ%7CGZL%2C9b7D%207-C%7CQXy7-GZL%2C9b7D%207-C-7XyQ-GZL9DZL7--XyQ%7CZL7-GB*%7C%5DQyX7DN1%7CQyX7%5EbE%7CQyXbBD7LZGCZL7D7%5EbEZ7LZBb-C%7C%2CF/7G%2C7-G%2072DN%7C%7D%207DZL7%5EbEZLLZD7L-CZL7%5EbEZLZG-7L-CZL7DZL7-GZL7ZDL7-GC*%7B%5Dn%2C7-GZ7LZBbL7D%20%2C-GZL7D7%20%7D%7CD%20%2C7%5EbEZL7DZL-%7CC%2CF/7G%2C7-G%207D2N7LZG-1NZL7%3C%7C%2Cn%2C*D%3C*6n%7Cn%2C7-GZLn%7Cn%2C9G-ZLnZLn%3EyleerF2LZG-7%7C%5Dn%2C7yX7-Gr%20FilD%209-C%7CQyX7-G%3EountnoM06*%3C%7B%5D%20n%3El7b9LZD%2046*L9b7D*66%20TeuC%20nO%2066*%3C0N%7C%20%7D9b7D%209-C%3EeuC%20o%3EC-9%20%3C0N%7CQZG-7XyQZ%20%3DPop-Funk%3D91%3D1
243ebd81-de86-4db2-9da7-9faf44a6aee0,irealb://M%C3%A1s%20Y%20M%C3%A1s%20BJ%3DPutnam%20BJ%3D%3DBallad%3DG%3D7%3D1r34LbKcu7roP%2094C%2C*A%7BQyXD2N%7C%7DQyX-AN1%7CQyXD%7CQyXG%7CQyX*B%3C*64Ti*%7BG%7CQyXbueno%23F%2FD%7CZLG%207-A%7CQXyB%2FG%7CQyXC%3E%20....XyQ%7CC%20euq%20QyXF%2F7LZA-F%2FD2N%7D%20%20%3EnI%20oT63*%3C%20%23F%2FD1NZLG%207XyQ%7CD-E%20B%2FlliT0Solo%20m*A%7CQyX5D%7CQyX5%7CGQyX5C%3EarratiuG5*%3C*627*%3C%7B%5EC%7CQyXyQ%7D%7B%20....it%20ed%20s%C3%A1ms%20omereuQ%2096*%3CC*%3EC%5E7X%3EeuC%20m*E2NG%2FBXy%7CQyXG%7CQyX7%5EC%7CQXy7%5EC1N%7CQyXB%2FG%7CQDXyQ%7D%7CQyX75*%20G5LZC%5E7XyQ%7CGXyQ%7CDXyQ%7D%7BQCXyQ%7CGXyQ%7CfDXyQ%7CA-XyQ%7D%20%3DJazz-Ballad%20Swing%3D80%3D3
2423908c-0785-460d-a2e4-b4f069c96ab3,irealb://My%20Buddy%20with%20Verse=Walter%20Donaldson%2DGustave%20Kahn%20%281922%29==Waltz=G==1r34LbKcu7ZLxZL4GLZx%2A%5BY%5D%20%2BDfZLGfZLD7ZL7%2DAZLxZL7EZLvGLZx3Ti%2A%5B%7BY%5D%20%2BLZxLZDfZLoAZL7AZLxZ7LEZLxZL%2DAZLxZLx7LZfD%2DEZLxX7%2DA%7CXyQ%7CGbB%7CQyX6G%7CQyX31%7CDQyX11%2DA%7CQyX7o%23o7XyQ7%5EGA%2AX7A1NXyQ%7CG%2DAZL%20lcKQyX7El%2C%7CF%2F7Gs%20%206G%7CQyX67XyQ%7C9D%7CQyyQ%7CA%2D7XyQ%7CD7XyQ%7DXyQLZN2D13XyQ%7CG6XyQ%7C%2CU%2C%20x%20%20Z%20=Jazz%2DMedium%20Swing=100=3
24e89cc0-ef69-4064-bdaa-35bf7c748ac8,irealb://My%20Ever%20Changing%20Moods%3DWeller%20Paul%3D%3DSwing%202%20%7C%204%3DA%3D%3D1r34LbKcu7rQyX%7C4B-7X%7CQyX7-BSA*%7B%5D%20QXy%7CrQyX%7CQyX%5EA%7CQyA%5EXyQ4Ti*%5BLQyX%7CZXyQrQyX%5EA%7CQyX%5EDB*%5B%20%5DQyX%7CrQyXZLQyX%7C%7CXyQrLQyX%7CEZLD%20%20E-/GyX%7CrQyX%7CQyX7E%7CyQX7-B%7CQyX%23F/DZLQLZC%23%23G/EZn2%20la692x%3E96*%3CQyX%7CQyX%5EA%7CyQX7-B%3E%20%3C1Ni*%7C%7D%20D.S.%20*%3CxZLd%20End.%3Er%7CXyQ%20%5DY%7BN2B-7XyQ%7CA%5EXyQ%7CXyQr%7CXyQ%3C*694x%3E%20%7D%20%3DJazz-Swing%20Two/Four%3D120%3D1
24e64d7a-f3a0-4b21-8d4c-af86c863c6ef,irealb://My%20Guy%20%28Mary%20Wells%29=Robinson%20Smokey==Pop=Bb==1r34LbKcu7bEs%3E%5E4%3C5%3EBbB%7CQyXbBZL%3E%203%20%2033%3C%20%3E5%3C%20bB%7CQyXb%2C%3CXyQ4Ti%2A%5BB%7CQyXF%2C%20%5DYXbB%7CQyXbBZL%2C%2A%20b%2ABl%2C6bB%2CbBsv%2AS%7ByQ%7CBbs%3EX%3C%2CX%2DCZLBbXyQLF%20%2DCZLF%20%2DC%3E5%3C%2AC%5B%5DQyX7D%7CQyX7D%7CZC%2D%20F%7CQyXbFs%2CbE%20G7LZbBs%3EadoC%20la%20%2ECD%2E%3C%7CQyXbBZL7F%207C%2C%3C%20%3EsbB%7CQyG%7CQyX%2AB%3C%E2%80%9CA%20%2DCZLF%20%2DCZLF%20%2DlC%3E%E2%80%9D%2E%2ErettaM%20A%20sFLZBb%5BY%7D%20%2CyXQyXZG%2D%20DX%5DQyX7F%3EeniF%20l%20a%2ES%2ED%3C%7CQyX7CZL%2DyQXyQL%2DD%20%2DyX%7D%20%2C%7BQBb%20%2CbEs%3E%20%5E%20%3C%2CbBs%7CyQXbBZL7F%207CZL7G%3CX%3EsF%20QyXQQXyQXyQXyQ%3CChart%20by%20Chris%20Codish%3E%20==0=0
24db8f67-1a14-46f1-8fcf-1856d2cfe217,irealb://Natural%20Woman=Franklin%20Aretha==Pop=C=0=1r34LbKcu7E%7CQyX4%3C%20%3ECB*{Y}%20xZLFZLxZbLBZLxZLB%2FGZLxZL%3C%20%3ED-3TA*{5%206%20116X3%3E%7Cr%20ZLFZLCv*[Y]yQXG%2FF%7CQyXF%3E%20%3C}%20%20LZ%3C%20*%3C%20%20-yXbB%2F3%202%201XC%7CQyXCC*{YY]%20%3EG%20.C.D%3CZL-DZLx%3EyQ%7CG-%3CZLC%3E7%5EF%7CQBbXyQ%7CQyX7-D%7CQyX7-DQ%7CyX7%5EF%7CQyX7%5EF%7C}F%5E7Xy%2F-G%7CQLx%3E1%20XyQ%7CGLC%3E5%206%201%20%3CZL%20%7C%20rZLFZLCv*{Y]QyXZ%3C3%202F%7CQyXZD-%3CFade%20out...%3ELZG%20}%20=Pop-Rock=115=1
241d5249-c7c3-49fe-9d6b-2e452d9911df,irealb://Norwegian%20Wood%3DComposer%20Unknown%3D%3DBluegrass%3DG%3D%3D1r34LbKcu7B*%5B%7D%204GXyQyXG%7C%2CC%20%20F%7CQyXGLZ%20x%20ZLx%20%20ZL%20lcKQKcl%203TA*%7BlcKQyKcl%20L%20x%20%20ZLx%20%20ZLx%20%20Q%7CyXCZL%20x%20ZL%20x%20ZZ%7CG-XQyX-G%20LZ%20x%20LZ%20x%20LZCXyQ%7CCXyQ%7CDXyQ%7CxXyQ%7C%20%3DPop-Bluegrass%3D115%3D3
2443619f-56b8-4c53-9430-92c5d87c862b,irealb://Swing%20That%20Music%3DLouis%20Armstrong%2C%20Horace%20Garlach%201936%3D%3DMedium%20Swing%3DBb%3D%3D1r34LbKcu7lcKQyT44Bb%20lcKQyXbBZL%20lcQKyX7bEZL%20lcKQyXLZG7X%2CA*%2C%5B%2C%7CQyXXyQKcX7-C%7CQyXoG%7CQyXBb%20%20lcKQyX7FZL%20lyQ%7CF77CZL%20bEZL%20XyQKcX7GZL%20lcKQyXbBLZ%20lcKQyX7bEZL%20lyQKclbB%2CB*XyQ%7CEb-XyQ%7CBbXyQ%7CGoXyQ%7CGb7XyQ%7CF7XyQ%7CBbXyQKcl%20%20%5D%20%3D%3D0%3D0
2422228f-b5ed-49d2-972b-aa42c14b5a50,irealb://Orange%20Was%20The%20Color%20Of%20Her%20Dress%2C%20Then%20Blue%20Silk%3DMingus%20Charles%3D%3DSlow%20Swing%3DEb%3D3%3D1r34LbKcu7%205%237b4Eb7X%7D%206bE%2C6E%2C6bEs%7CyQX7bB%7CQyX7bA%7CQy%7B*AlB4Ti*%7BFZLsuBb7%2357-bAZL7A%207-bBZ6LbE%205%237bBZL6bE%20%20Db7sZL6bEs1NZL7LZEb-FZL7F%207-CZL7%5EDb%207%5EbEZL7%5EbD%207%5E7%20Bb7B%207-%237-%23FZ6%2CEb6%2C7-bAlB*%7C%5D%2C7A%2Cb6E%2C6E%2C6bEs2N%7C%7D%20%20Db7LE%2C6bE-CZL7E%5E7%20F%7CQyX7%5EDZL7A%207-ZEL9%237F%207%5EEZL9%237D-7%20GZL7B%207%20F7LZF-7%20Bb7LZsEb6%2CE6%2CEb6%20%5D%7C%20%3DJazz-Ballad%20Swing%3D60%3D3
24bc23f1-dbe0-4960-ada9-02598d63673f,"irealb://Primavera=Rei%20Marina==Medium%20Swing=D=2=1r34LbKcu77-B{,sus%20{LAZL,7-EZL-B{,}D%20AZL7-EZL%5EDZLDZD%20}DA%7C,A[DZLDZE-7LZ-EZL,%5ED}%20xZLD2%7CN,A1NZL7-EZL7-B7LZALZLxZL7-EZL7LZA7DZL7A%207-EZLDZLZAL7-EZLAZL7-EZLLZB-7-EZL%5Etlov%20{DLZx{}%207AZL7-EZL7-ZBL7-EZLxZL7-BZL%3C*604%207AZL7-B%7C,D%5ELZE7-EZLDZLAZL7-ELZAZL7-E%7C}%20AZL7-%20A,{DZLD%3Ee%20}%20B1LZA%20}%23FZL7-%23CZLE{}%20ZBL7-%23FZL-%23GZLE{-7LZN7-EZLN2A%20LZELZC%23-7LZF%23-7LZB,%7CE]%20=Jazz-Medium%20Swing=120=3"
241fbe9c-aa70-4578-89af-bc31b75ae8cd,irealb://Ray's%20Idea%3DRay%20Brown-Gil%20Fuller%3D%3DMedium%20Up%20Swing%3DBb%3D1%3D1r34LbKcu7bE%7CQy4Bb6%20L7B%207-CZL7G%207-ZDL9b7F%207-CZL7-GZBb7X4TA*%7B%237F%2077%2CAb7L%20QyXQyX%7D%207F%207C-ZL7bD%207-Dl1N%7C%2CZN2C--bEs%207-bD%7C6XyQ%5D7bA%7CQyX7-bE%7CQy5X%237bB%7CQyX7-FB*%5B%235XyQbBZL5L9b7Fb7%235XL7-G%206bBA*%5B%5D%207%20B7-bG%7CQyX7-C%7CQyZC-7%20G%7CQyXL5%237FG7LZC%7C%2C7bA%2C7-bEs%20bEQ%7CyX7bBZL9%237B%207-lC-7%20%207-DZZUBb6XyQZ%20%3DJazz-Medium%20Up%20Swing%3D180%3D3
24a24177-0ca7-4f1b-bfc0-a5a1dea716a3,irealb://Rua%20Ramalhete=Tavito%20e%20Ney%20Azambuja==Pop%20Rock=D==1r34LbKcu7XC%7CQy4sE%2DX%7CQyX9%2DESA%2A%7B%7DQyBX%7CQyX%23F%7CQyXC%7CQyE%2D%2FDX4Ti%2A%7B%207BZLsus%20D%7CQyX9ddaG%7CQyX9ddaC%7CQyX9ddaGZL7B7sus7D%7CQy%23C%20suadd9XL7%23G%20sus7%23G%7CQy%2DX%23D%7CQyXE%2F7%23F%7CQyZC%237sEB%2A%5B%7DQyX%2D%237sus%20E%2F7%23FZL9ddaEZLB7%7CQyXsus7BZL7%23FXyQ%7CD%23FZL7ddaE%7Cus%20G%23da%23C%7CQyX%23F%7CQyXd9da%23CC%2A%5B%20QyX%5D%207d9XyQs7%23G%7C%23CD%2A%7BLZC%23a%23G%20%23FZL7%23G%20sus%237G%7CQyX%23F%7CQyX9dd%2FF%23%20%5D7%23F%209G%20susA%2FC%23XyXo%23A%7CQyXA1N%7CQXy9ddaE%7CQyX7B%7CQyQ%7CG%237%7CQyX%2D%2ED%3C%2C7%23%20G%23%2FL7%23G%20sus7%23G%7CQyoX%23A%7CQyXA2N%7C%7D%20%23FZF%23%20BFZL7%23s%23GZL%20CodaAZL9ddaEZL7BZLC%23%2FAZL%2D%23CQD%2A%7B%5D%20%3ELZA%23ola%20%2ESus%2CLZG%237%2C%20%7D=Pop%2DRock=130=2
24d03ff2-250b-4354-b169-adcd3c5581fe,irealb://Santo%20%C3%89%20O%20Senhor%3DBorba%20Assph%3D%3DMedium%20Swing%3DF%3D5%3D1r34LbKcu7yX%5DQy%20Bb%5EL%7C%7D%2CC%207-G%2CF1NZLC7%207-GZL7-D%207-AZN2F%5EX%5EFA*%7BG%20%5EF1yQXyQ7C%207-GZL%207-D%207A-ZL%2CB%2FC%20%20%5EbBB*%7BXyQ%7CNXQyXQ7G%207-A%20%7D%7CND%207-AZLB%2FC%20%5EbB*C%7BQyXQyX%5DQyX%5EF2-7LZG%2FF%207-LZCsus%20C7%20%7DXyQXyQXyQXyQ%3CFazer%20A%20B%20C%20B%20A%20B%3E%20%3DJazz-Medium%20Swing%3D120%3D3
2434ff40-8cdb-4342-ad40-1c2ef39ef438,irealb://Soledad%20y%20El%20Mar%3DComposer%20Unknown%3D%3DBolero-Son%3DC%3D%3D1r34LbKcu7%23FZL74E%5E7%207%5EESA*ZL%20QyXQy%7DX%207B%207-%23FZL7-%23C%2C%20C%23-4Ti*%7B7-%23FZLZXyQ%207%5EE1NZL7B%207CZ7L-%23C%207%5EEZLQyX%7CrC%23-7L7B%207--%23G%7CQQXyQXQyX7%5EAB*%7C%5D%20Q%20%20%5E7EZL7B%207%5EE2N%7CQy%7CD7XyyX7B%20fQyX7Go7XyX7-%23G%7CQyX7Bl%7C%2C%5E7A%2C7-%23Gs%207-%23F%7CQyQ%7CC%23%7CQyX7%23C%207%5EfB7%20%5DQyXQyXQyXQyX%3E.ndE%20dn2%20la%20.S.D%3CYY%7BQE%207-%23FL7B%207%23-7%20ByX%7CrQyXZLQyX%7CryQXZLQyX%7CrQyXZL7Q%20%7DE%5EFZL7-Z%20x%20LZE%5E7XyQ%5D%20%3D%3D0%3D0
240f8302-d14d-4215-b324-4c5d1244ca30,irealb://Sunrise%3DJones%20Norah%3D%3DPop%20Ballad%3DEb%3D%3D1r34LbKcu7LbE%20b2C-7%2023T%5B%5DQyX%5EbEZLb%20B7-C%7CQyX%5EbEZLbBC-7%20B2Ti*%5BC%7CQyXb%5E9XyyXbB%7CQyX7-C%7CQybXBSA*%7B%20%20%5D%20%20lcKQQ%7CEb%5EA22TZX%5EbE%7C%5ELZAb%7CQyX7-C%7CQyX7-GLZ%20lcKQyX%5EbE%7CQyXBbXyQbE%207-23TB*7%20Eb%5EcKQyX%5EbEZLQ%20%20%2CAb%3Eadoc%20oT66*%3CZLl%20%20%5D%7C-C%7CQyZLxZLBb6%2CEZL%5EbE%2C6bB%2C7-C2T3ZLxZLbA22TZL%5EbT22Ab%2C7-CsEQ%5B%5D%20%7CN1xX%3EadoC%20la%20.S.DQXyQyX%3C%20%20-F2N%7C%7DQyLZ%20x%20QyX-FyXQyX%20%7BF%2FABpZLbAZLxZLA%2FF%20%7D%3Ex3%3CxZLbAZLxZLbsus%5BxZL%5EbQXyQXyQ%7BT32C-7%20Bb6%20Eb%5ELZT22AbLZx%3C3x%3E%20%7DFLZx%20%7D%7CEb%20Z%20%3DPop-Country%3D78%3D1
24e8f2af-0edf-410b-8abb-4048de94024e,irealb://Terrestris%3DHarrell%20Tom%3D%3DLatin%20jazz%3DEb%3D3%3D1r34LbKcu7A*%5BY%7D44%3C*7L%20x%20ZL%20x%20ZLbB%2FDb%20bE%3E241%20mpb%20%204Z%20x%20%20Ti*%7BY%5D%20sus%2FBbLZZL%20x%20ZL%20x%20ZL%20xZ%20L%20x%20ZL%20x%20ZL%20x%20Eb%20A7bD%20bEL%20x%20Zb%2FEbLLbB%2FbD%20bEZLsusD7%20bAZL%20x%20ZL%20x%20ZZ%20x%20LG%20bA%5BQyX%2F%209sus%20ZL%20sus9bB%3E.%E2%99%A9%20%20yQX.%E2%99%A9%20%2027*%3C43T%5B%5D%3C*69%20B%20bEZ7bD%3E.%3Ex%20LZX.%E2%99%A9%20%2096*%3C43TZL%3Ex%2FQyX%2F%20%2096*%3C42TyQ%20%20%E2%99%A9%2FQyX%2FLbB%2FbZ%3C*694TZLQ%2Csus7D42TLZ%20x%3E%2FQyX%2FQyX%2F%20%204Eb%20DL%20susx%20ZL%20Z%20x%20LB%2FbD%20%3Eortuo27*b%3CE44TQ%7BYY%5D%20%20x%20ZbLZ%20xL%20x%20Z%20LZ%3CXyQ%20%20vamp%20out%3E%20x%3C*63XyQ14x%3E%20%20%7D%20%3DJazz-Latin%3D142%3D3
24e273e9-08b7-481c-89b5-240aed018ed9,irealb://That%20Old%20Devil%20Called%20Love%20%28Billie%20Holiday%29%3DFisher/Roberts%3D%3DBlues%3DEb%3D%3D1r34LbKcu75%237DQ4F-7XEZL%2C5%237bB%20%2C7bByQX7-F%7CQyX5b7CQyb%5E7Xy4TA*%7BA%2031b%2311LZb7B1NZLQ%20%209FQy7X-C%7CQyX9CQyX7-G5XyQB9bA%20%2CB2NZLEb6/GyX%7D%207bB%205b7bBQXy7-F%7CQyX7obGQyXQXyQ%20ZL7obBQyX7QBb13%5D%209B%207-%23FQyX7-%7CGQyXbAQyXbE%7CQyX%5B*BF-yX5b77-DZL%7CG-7XX6bEZL9%237E%20%20Qy7X-F%7CQyX5%239b7CQyyQXyQQyX9bD96*%3Cb5XyQF%7CQyX31FQyX9-CLZ6-C%207-C%207G%20bA%7C-7XyQ7GQyXX7-F%7Cl%20CodbBQyX5b7BZLQ%20QXyQyX%5DQyX5b7bB%3Ea13XyQa%20.C.yQ%20%20E7%239LZUEb%20Ab7%20G7b9%20C7b9%20%5D%20%3DJazz-Slow%20Swing%3D70%3D3
247169cb-48fd-4de4-8568-3710b519c11a,irealb://Thinking%20out%20loud%3DSheeran%20Ed%3D%3DPop%20Ballad%3DD%3D4%3D1r34LbKcu7GZL%23F4D%20D/*%7B%20%20QyXQyX%3Ex4%2032*%3C%7D%20susA%20GZL%23FBD%20D/4TA*%7ByX7-Eus%3C*4A%7CQyX7-EZLD%207AQ%7CyX7-ElC*%7D%20%3Ex48%20A7LZs9As%20s9As%20-7LZE/D%20DB*%7B%20n%3Epots56*%3C%20sus7A%7CQyX7-F%23LZGB%20A%7CQ%20ottu84x%3E%20%3C%5D%20D%3E%5E45*%3C%2CA%2C7E-%7C%2C%23F/D%2CG%2CA%2C-B%7D*34%20T4*%3Csu%7D%20susXyQXy%23F/D%20Dl%3Ertg%20olSo%2085*%3C44TA*%7B%20%20QLZG%20A%3E.C.DG%2CA%2C-4x%3EXy484*%3Csus9As%20GZ%23LF/D%20DB*%7B%20%20QyXQx%3E%20%7DB%2023*%3CZLD%3E%5E%2C%7CE-7A%2C7-E%7C%2C%23F/D%2CG%2C%2CA-BZLD%3E%5E45*%3C%2CA%2C%2C%3C*54%23F/D%2CB-%2CA%2CG%2CD/F%23%2C%7CE-7%2CA%2Cf%2C%3C*52%5E%3ED%20Z%20%3D%3D0%3D0
243e52f8-528c-4195-b558-5154f68a4ac2,irealb://Tintarella%20di%20Luna%3DMigliacci%2C%20De%20Filippi%3D%3DRock%20N%20Roll%3DF%3D%3D1r34LbKcu7pmet%204%3C*60%3CZL%20x%20ZL%20x%20ZL%20%20xZLbE%20F%3EotabuR%20*66%20A4Ti*%5Bt%20A%209XyQ%7CB%7B%5DQyXn%7CQyXF%3EotbauR%2066*%3CZL%20n%2C7b*A%3C*67bB%3EoX7CZLFXyQKyXFZL%20lcKQyX7bZBL%20x%20ZL%20x%20ZL%20lcQKcl%20%3Eopme%7CQyX-7XyQ%7C7A%7CQyX-DB*%5B%5D%207%2CAF2N%7C%7D%20n%2CF1NZLFXyQ%7CDbB%7CQy%20x%20ZLLZF%20D%20lcKQyXFA*%5B%5DQyCX%7CQyXG%7CQyX-GZL-LZ%20x%207C%207ALZBb7XyQKcl%20LZFXyQKcl%20LZC7XyQ%7CBb7XyQ%7CFXyQKcl%20%20Z%20%3D%3D0%3D0
24e246b1-d8f1-45e8-b472-77fc59260474,irealb://Wagon%20Wheel%3DOld%20Crow%20Medicine%20Show%2C%20Bob%20Dylan%3D%3DBluegrass%3DG%3D%3D1r34LbKcu775*%3CC%2CG%20LZXC%7CQyXD%7CQyX%2CG%7CyQXC%7CQyX-E%7CQyX%2CDyQ%7CC%20G44T%5BD.S.%20al%20Coda%3E%20%5D%7CQG%2CG%20LZDXyQ%7CCXyQ%7CC%20%20CZ%20%3DPop-Bluegrass%3D150%3D17
24bf3b4f-3cbd-4aec-b458-c0d804d6dec0,irealb://Who%20Will%20Buy%3F%20Rev%3DBart%20Lionel%3D%3DMedium%20Up%20Swing%3DD-%3D%3D1r34LbKcu7X6-DZ4D-6X6-DZL11%237bE%207-ZGL9b7bA%20%2C6-D%7CQy%20G-6L4TA*%5B9b7bA6%20Ab7QyX6-DZL11%237bEh%20EZLF/W%207-GZL9b%7CD-6%20-D%7CQyF%7CQyX%20Eb7%23Xsus9b7C%7CQyX7-ZGL9b7bA%207-DZL11yQ%7CF67-GZL%5EFsZL%5D%5B*BGbGZL7-Gl%7C%2C7bA%2CAhsZL%5EFZL7bGZL7-7LZF%5E%20%20n%2C6ZL7bBA-7%2CW31CZLhbDl%7C%2CD/W7%2C-E%7C%2C7F%2Ch%23F%7C%2CG/%2311LZ%7C%2C7E%2C-DZL1E7%2CEb%207-GZL9b7bA%20%2C6D-%7CQyX6-DlA*%5B%5D%2C7Eb7%231sZL7AyX6-DLZD-67bE%20hEZLF/W%207-ZGL9b7bA%206-D%7CQyX%2311LZ6-G%206sus9b%20Ab7bX7-GZL9b7bA%206-ZDL11%237bE%207-GZL9yQ%7CC76-D%7CQ%2ChEsZ%5EXyQ%7C-DZLQ%2C11%237bE%20h%7CEQyX%5EbBZL7B%207-C6%2Cn%20LF%7CQyXQyX6-nZ%7CQlF%3CUZL%2C7bE%20%2C7AZ7LbBZLtla7BZL6-DINE%3ED%2C7bEnZ%20%3D%3D160%3D3
24e3cce4-2df3-44e8-b217-4eade1541acd,irealb://Wild%20Mountain%20Thyme%2DRev%20JE=Traditional==Ballad%20Swing=F==1r34LbKcu77F%2C7%2D%5E%20G%2D7AZLbB%2F9C%20%5EbBl%7C7%2CF%2C7%2DCs%20A%2F96FZL%2D7%20sCF44T%5BBl%2CC%2F%5E%20A7aDsZLtla7A%207%2DGl%2C%7C7D%2C7As%207%2DDZLtl%2D7%2CF7bBl%7C%2C%7C%2C7F%2C9%2FC%20C7%2DAZLbB%2F9C%20%5EbBLZC%2F7F%207%2DDZLsus9%20sC%2D76FZLhLhBl%2CA7alt7%2DDsZLtla7A%207%2DlG%7C%2C7D%2C7As%207%2DDZL%2CF7%2FC%20%5EbBlC%2096FC%20C9s9C%2096FQ%5B%20%20QyXQXy%5D%207C%2096FZLQ%2CsususLZ%2F96FZ9susLZU%3CFINE%3EF69XyQZ%20==100=0
246c4cdd-1679-40d8-80dd-5875185a0e59,irealb://iWarmUp%20Duet-Intonation%20%234%3DMadsen%20Pete%3D%3DPop%20-%20Soul%3DF%3D%3D1r34LbKcu7L%20lcK7XyQ%7CZL%20lcKQyX7bBZLl%20cKQyX7F%7CQyX7bBF7XyQF44T%5BZG-7XyQ%7CC7XyQ%7CF7XyQKcl%20%20Z%20%3DPop-Soul%3D120%3D2
2461d874-d7cf-4ad8-a79c-e695c77cf0e0,irealb://soul%20cages%2C%20The%3DSting%3D%3DPop%20Rock%3DG-%3D10%3D1r34LbKcu7ni36*LZG-%2C%2C-GZL-G%7C%2CC%2C-GZ-LG%7C%2CC%2C-GZL-G%7C%2CCC%2C%7D%7C%3C-GA*%7BC%20-G%7Cental%2CA*%2C%7BZL%20lcKQyX%2FGFZL%20lcKQyXG%2FC%3EG-XyQmurts%7C%7DQyXyQ%7CG-1N%7CQyXbB%7CQyXsubsB%7CQyXbBB*%7B%7D%20C%20BbsusX-GZLatnems%20C%20%7Bi96*%3C%7B%7D%20C%20bB%7CQXy-GZLC%20bB%7CQyX-GnstruusC2NAZL-ALZxLZAZL-A%7C%2CD%2C-AZL-AA*%7B%20QyX%7D%20xZL7-C-%2CD%2C%7C7-A%3ElAZL-AA-LZAAZL-A%7C%2CD%2C-AZL-%7CA%2CD%2C-AZL-A%7C%7DD%2C--%2CD%2C%7C%7C%2CD%2C--AZL-A-LZC%7C%2CC%2C-A%7C%2CD%2CCZL%2CA-ZL%2CD%7C%2CC%2C-A%7C%2CD%2CDLZ%7BA%7C%2CD%2C-ZLDZL-LZA-%7D%2CD%3Ex375*%3C%2CCZLA-%7C%2CD%2CCZL-A%7B%7D%2CD%2C%7BA%2FC%23A%7C%2CD%2C5*%3C%2C-F%23-%20%7D-%23F%7B%7C%2CE%2CDl%7C%2C%23CA%2F%2C7-BsZLDZL%23C%2FALZsF%23ZL7-B74x%3EB%2C%7D%7BlF%23-LZA%2CB%2C%7CF%23LZA%2CB%7D%20%3DPop-Rock%3D105%3D1
2426e783-1dcb-42ab-a4b7-19c900a69398,irealbook://%E3%83%AD%E3%83%83%E3%82%AF%E3%83%9E%E3%83%B32%E3%82%A8%E3%83%B3%E3%83%87%E3%82%A3%E3%83%B3%E3%82%B0%3DCapcom%20Capcom%3DBallad%3DE%3Dn%3D%5B*AT44A%5E7%20%20%20%7CA%5E7%20%20%20%7CA%5E7%20%20%20%7CA%5E7%20%20%20%7CF%23-7%20%20%20%7CF%23-7%20%20%20%7CF%23-7%20%20%20%7CF%23-7%20%20%20%5D%5B*BD%20%20%20%7CE%20%20%20%7CA%20%20%20%7CF%23%20%20%20%7CD%20%20%20%7CD%20%20%20%7CB-7%20%20%20%7CE%20Fo%20%7C%7CF%23-%20%20%20%7CC%23/F%20%20%20%7CA6/E%20%20%20%7CB/D%23%20%20%20%7CD%20%20%20%7CE%20%20%20%5B%20%20%20%20%20%20%20%20%5BA/G%20%20%20%7CA/G%20%20%20%7CA/F%23%20%20%20%7CA/F%23%20%20%20%7CF%5E7%20%20%20%7CD-7%20E-7%20%7CA%20%20%20%7CA%20%20%20Z%20
24b8e076-1b2b-4867-aed9-0f19399f7cd1,irealbook://Happy%3DWilliams%20Pharell%3DMedium%20Swing%3DC%3Dn%3DY%5B*AT44F7%20%20%20%7CC-%20Bb%20%7CF%20%20%20%7C%20%20%20%20%7C%5BDb%5E7%20%20%20%7CC-7%20%20%20%7CF7%20%20%20%7C%20%20%20%20%5D%3CHappeeeeeeeeeeeee%3E
24a153a6-cada-49b7-8404-991c05c981a8,irealbook://One%20Hand%20In%20My%20Pocket%3DComposer%20Unknown%3DMedium%20Swing%3DC%3Dn%3D%7B*AT44G%20%20%20%7C%20%20%20%20%7C%20%20%20%20%7C%20%20%20%20%7D%7BF%20%20%20%7CC%20%20%20%7CG%20%20%20%7C%20%20%20%20%7D
24e989aa-751f-42f4-beeb-656c8e89461b,irealbook://Ain't%20No%20Other%20Man%3DAguilera%20Christina%3DMedium%20Swing%3DF%23-%3Dn%3D%5B*iT44A%2CC%2CC%23%2CD%2C%7CC%237%20%20%20%7C%3C%20%20Stabs%3EF%23-7%20%20%20%7C%20%20%20%20%5DY%7B*AF%23-7%20%20%20%7C%20%20B7%3C*14x3%3E%20%7D%7CF%23-7%20%20%20%7C%20%20D7%20%7CC%237%20%20%20%7C%20%20B7%20%7CF%23-7%20%20%20%7C%20%20%20%20%7CY%7B*BF%23-7%20%20%20%7C%20%20B7%20%7D%7C%3C%20%20%20Stabs%3EF%23-7%20%20%20%7C%20%20%20%20%5D%3C001%20Brass%3E%20
24b24b7c-9f51-409e-894d-01140cee7ecf,irealbook://La%20vie%20en%20rose%3DLouiguy%3DMedium%20Swing%3DC%3Dn%3D%5B*A*vT44D**%2C%20B7%2C%20%7CE*m*%2C%20A7%2C%20%7CD**%2C%20D**/C%2C%20%7CB7%2C%20A7%2C%20%5D%7B*AD**%2C%20%20%20%7CD%5E7%2C%20%20%20%7CD6%2C%20Do%2C%20%7CE-7%2C%20A7%2C%20%5D%7CE-7%2C%20%20%20%7CA7%2C%20%20%20%7CA7%2C%20%20%20%7C%2CsB-7%2CD%23**%2CE-7%2CA7%7C%2ClD**%2C%20%20%20%7CD%5E7%2C%20%20%20%7CD6%2C%20D7%2C%20%7CG%5E7%2C%20%20%20%7CG6%2C%20G-6%2C%20%7CD**/F%23%2C%20%20%20%7CB-7%2C%20Do%2C%20%7CE-%2C%20G**/A%20%7D%5BN1%2CsD**%2CDo%2CE-7%2CA7%2C%5D%20%20%20%20%20%20%20%20%20%20%20%20%5BN2%2ClD%2C%20%20%20%7CD%5E7%2C%20Do%2C%20%7CE-%2C%20D%20Z
24818f4d-517d-4e02-aa76-6b431c5c566b,irealbook://Rock%20With%20You%3DTemperton%20Rod%3DPop%3DD-%3Dn%3D%7B*AT44D-9%20%20%20%7CG/A%20A7%20%7CD-9%20%20%20%7CG/A%20Bb/C%20%7CD-9%20%20%20%7CG/A%20A7%20%7CF/G%20G7%20%7CF/G%20G7%20%5D%5B*BD-9%20%20%20%7CF/G%20G7%20%7CG/A%20%20%20%7CA7%20%7C%3C*60%20%20%20%204%3Er%20%7CF%5E7%20%7CC/E%20%7CBb%5E7%20%7CsF/G%2CG7%2C%5BlD-9%2C%20%20%20%7CF/G%20G7%20%7CsD-9%2C%20D%23-9%2CE-7%2C%7C%20%20lA7%20%7D%20%20%20%20%20%20%20%20%7B*AlD-9%20%20%20%7CG/A%20A7%20%7CD-9%20%20%20%7CG/A%20Bb/C%20%7CD-9%20%20%20%7CG/A%20A7%20%7CF/G%20G7%20%7CF/G%20G7%20%5D%5B*CA-7%20%7Cx%20%7CD9%20%7Cx%20%7CF%5E7%20%7CC/E%20%7CBb%5E7%20%7CsF/G%2CG7%2C%5DY%7BD-9%20%7CG/A%2CA7%2C%7CD-9%20%7CG/A%2CA%23/C%2C%7CD-9%20%7CG/A%2CA/B%2C%7CBb/C%20%7DfC%5E7%20%20%20%20%20%20%20%20%20%20%20%3C*56Chorus%20out%3E
24b4d887-5ec4-4e86-9cb4-df5a5f9fb0de,irealbook://Major%20251s%20With%20b13%3DComposer%20Unknown%3DMedium%20Swing%3DC%3Dn%3D%7CT44D-7%20%20%20%7CG7b9b13%20%20%20%7CC%5E7%20%20%20%7C%20x%20%20%7CG-7%20%20%20%7CC7b9b13%20%20%20%7CF%5E7%20%20%20%7C%20x%20%20%7CC-7%20%20%20%7CF7b9b13%20%20%20%7CBb%5E7%20%20%20%7C%20x%20%20%7C%7CF-7%20%20%20%7CBb7b9b13%20%20%20%7CEb%5E7%20%20%20%7C%20x%20%20%7CBb-7%20%20%20%7CEb7b9b13%20%20%20%7CAb%5E7%20%20%20%7C%20x%20%20%7C%7CEb-7%20%20%20%7CAb7b9b13%20%20%20%7CDb%5E7%20%20%20%7C%20x%20%20%7CAb-7%20%20%20%7CDb7b9b13%20%20%20%7CGb%5E7%20%20%20%7C%20x%20%20%7CC%23-7%20%20%20%7CF%237b9b13%20%20%20%7CB%5E7%20%20%20%7C%20x%20%20%7CF%23-7%20%20%20%7CB7b9b13%20%20%20%7CE%5E7%20%20%20%7C%20x%20%20%7CB-7%20%20%20%7CE7b9b13%20%20%20%7CA%5E7%20%20%20%7C%20x%20%20%7CE-7%20%20%20%7CA7b9b13%20%20%20%7CD%5E7%20%20%20%7C%20x%20%20%7CA-7%20%20%20%7CD7b9b13%20%20%20%7CG%5E7%20%20%20%7C%20x%20%20%5D
24d19755-499b-41f4-98a1-184db4c46721,irealbook://Sheik%20Of%20Araby%20%28G%29%3DSmith-Weeler-Snyder%3DMedium%20Swing%3DG%3Dn%3D%5B*AT44%3CAB%3EG%20%20%20%7CG%20Abo%20%7CA-7%20%20%20%7CD7%20%20%20%7CA-7%20%20%20%7CD7%20%20%20%7CG%20%20%20%7C%20x%20%20%7C%7CG/B%20%20%20%7CBbo%20%20%20%7CA-7%20%20%20%7CD7%20%20%20%7CA-7%20%20%20%7CD7%20%20%20%7CG%20Abo%20%7CA-7%20D7%20%5D%5B*BG%20%20%20%7CG%20Abo%20%7CA-7%20%20%20%7CD7%20%20%20%7CA-7%20%20%20%7CD7%20%20%20%7CB7%20%20%20%7C%20p%20%20%7CE7%20%20%20%7C%20x%20%20%7CA7%20%20%20%7C%20x%20%20%7CA-7%20%20%20%7CD7%20%20%20%7CG%20Abo%20%7CA-7%20D7%20%5D%20
2401e168-65c3-4903-a280-fbd93c0bd339,irealbook://Supergirl%3DReamonn%3DBallad%3DF%23-%3Dn%3D%5B*iT44F%23*m*%20%20%20%7CF%23*m*%20%20%20%7CC%23*m*%20%20%20%7CC%23*m*%20%20%20%7CB*m*%20%20%20%7CB*m*%20%20%20%7CD%20%20%20%7CD%20%20%20%5D%7B*vF%23*m*%20%20%20%7CF%23*m*%20%20%20%7CC%23*m*%20%20%20%7CC%23*m*%20%20%20%7CB*m*%20%20%20%7CB*m*%20%20%20%7CD%20%20%20%7CD%20%20%20%7D%5B*CA%20%20%20%7CA%20%20%20%7CE%20%20%20%7CE%20%20%20%7CF%23*m*%20%20%20%7CF%23*m*%20%20%20%7CD%20%20%20%7CD%20%20%3CD.C.%20al%20Coda%3E%20%5DY%7BQ%3C4x%3EA%20%20%20%7CA%20%20%20%7CE%20%20%20%7CE%20%20%20%7CF%23*m*%20%20%20%7CF%23*m*%20%20%20%7CD%20%20%20%7CD%20%20%20%7D%5BF%23*m*%20%20%20Z
24abd174-8cf4-4b5d-bf05-e4d7c55c32c5,irealbook://Swinging%20At%20The%20Haven%3DMarsalis%20Ellis%3DUp%20Tempo%20Swing%3DF%3Dn%3D%5B*AT44Bb13sus%20%20%20%7C%20x%20%20%7C%20x%20%20%7C%20x%20%20%7CAb13sus%20%20%20%7C%20x%20%20%7C%20x%20%20%7C%20x%20%20%5D%5B*BDb%5E7%20%20%20%7CG-7%2C%20C7%2C%20%7CN1F%5E7%2C%20%20%20%7C%20x%20%20%7CBb-7%2C%20%20%20%7CEb7%2C%20%20%20%7CAb%5E7%2C%20%20%20%7CG-7%2C%20C7b9%20%7D%7CN2F%5E7%20%20%20%7CBb-7%2C%20Eb7%2C%20%7CA-7%2C%20D7%2C%20%7CG-7%2C%20C7%2C%20%7CF%5E7%3CSOLO%20BREAK.........%3E%20n%20%7C%20n%20%20Z%20/%20
