id,url
2ea59717-4980-42a7-b275-094cc387f985,irealb://Am%20I%20Blue=Harry%20Akst%2C%20Grant%20Drake%20%281929%29==Medium%20Swing=F==1r34LbKcu7X7C%7CQ4FXyQZL7C%207GZL7D%20FZ%20LlcKQyX7CZL%20lcKN1FXy4TA%2A%7BEZL%20lQXyQ%207EZL%20lcKQyX%2DAB%5B%2A%5D%20%20lcKQyXF2NZLXyQKcyX%7DQy7D%20FZcl%20LZQyX7CZL%20lcKQyXAF%2A%7C%5DQyX7C%7CQyX%2DAKcl%20LKQyX7LZG7%20C7%2CLZFXyQ%7C%20%28C7%29x%20%20%5D%20=Jazz%2DMedium%20Swing=100=3
2edf4088-f8b4-4a2f-9bd6-bcf900eb5517,irealb://Indiana%20%28Back%20Home%20Again%20In%29%20Dixie=Hanley%20James==Up%20Tempo%20Swing=F==1r34LbKcu7ZL%20lc4F%5E7%20CZL%20lcKQyX7G%7CQXy7Dl%2C%7C%2C7bE%2C7Es%2C7XyQK4TA%2A%5BKQyX7Q%7CF7X7D%7CQyX7%5EFZL7bE7%20%2DbB%7CQyX7%5EbB%7CQyXyQ%7CGyX7%5EFcKQyXG%2D7XyX7Dl%2C%7C%2C7bE%2C7Es%20%2C7%5EFB%2A%5B%5DQyX7C%7CQyQ%7CG7ZL%20lcD%20%2DD%7C7XyQ%7C%7CQyXC%2FF%7CQyX7bDQ%7CyX%2DDZLo%23C%209b7AA7XyQAZL%20l%2D7%2FCLZBo7XyQ%7CF%2FCXyQ%7CC7XyQ%7CF6XyQ%7CC7XyQZ%20==0=0
2e78432b-eeeb-4307-a27c-df681d06d599,irealb://Oh%2C%20Lady%20Be%20Good%20%2D%20tradjazz%2Dru=Gershwin%2D1924%20George==Medium%20Up%20Swing=F==1r34LbKcu7ZL7%2DD4FXyQL%20lcKQyX7CZLo%23%20FF%7CQyXF%7CQyX7bB%7CZN1F%204TA%2A%7ByXF%7CQ7%20%7DXyQyXbBB%2A%5B%5D%207F%20FLZ7bB%20F2NZL%20QyXQ%7CBoXyC%207%2DGXF%7CQy7LZD%2DQyXFA%2A%5B%5DQyX7C%7CyQX7%2DGZL%20lcKQyX7%7CBb7XA%20F%7CQyQ%7CF%20F%23oLZC7XyQKcl%20LZF%20Bb7LZFXyQZ%20==0=0
2e9cf4e9-3c04-4b00-a1ee-db97fd055d45,irealb://Besame%20Mucho%3DVelazques%20Consuelo%3D%3DBossa%20Nova%3DD-%3D0%3D1r34LbKcu7ZL9b74D-6XZL9b7D%206-GZL%20lKcQyX6-GZL%20lcKQyEh7%20A4T%5BA*7EZL7QKcl%20DZL%20lcKQyX6-G%7CyQX9b7D%7CQyX7hAZL-6%20BhyX6-D-DZL9b9LZDhE%7CQyX6-D%7CQyX6G-%5BB*%5D%20%20lcKQyX6-7%20A7b7A%209bKQyX69LZG-%5DQyX9b7AZL9b7b%20B7E%7CQyX6-D%7CQyX6*A%5BD-b7D%206AZL%20lG-6Xy6-DZL9b7A%207hEZ9Lb7D%206-GZL%20lcKQXyQKcZL%20lcX6-DZ%7CD7b9%209b7EZL7hB%206-DLZ%20lcKQyX6-G%7CQyXA7b9LQyX7hyQKcl%20%20Z%3D%3D0%3D0
2e603aee-b051-4ba9-85d9-53082193be8c,"irealb://%42%61%62%79%20%42%65%6C%75%67%61%20%20%20%20%20%20%20%20%20%20%20%5B%23%5D=%62%65%32%73%68%61%72%70%20%41%52%52%3A==%5A%7A%20%45%78%70%65%72%69%6D%65%6E%74%20%57%69%74%68%20%53%74%79%6C%65%73=%41==%31%72%33%34%4C%62%4B%63%75%37%61%6C%20%65%68%79%51%20%20%4D%74%49%20%2E%67%6E%6F%73%20%72%75%6F%79%20%6F%72%66%20%79%65%6B%20%65%68%74%20%68%63%74%61%20%69%73%20%74%58%34%35%2A%3C%61%70%20%67%6E%74%65%3E%20%3C%6F%79%20%6E%6F%20%64%72%6F%68%63%20%74%73%6C%61%20%65%68%74%20%72%6F%2F%64%6E%61%38%32%2A%75%72%20%73%6F%6F%6E%20%74%73%2A%5B%5D%6E%73%79%51%58%79%51%5A%4C%78%5A%4C%37%45%34%34%54%69%2A%5B%20%51%20%79%58%51%79%58%51%79%58%51%79%58%51%79%58%78%4C%5A%41,%58%3E%2E%65%67%45%5A%4C%78%5A%78%4C%5A%78%4C%78%5A%4C%41%5A%4C%78%5A%4C%44%7C%5A%4C%41%4C%5A%78%5A%4C%51%78%5A%4C%37%45%5A%4C%37%45%5A%4C%5A%42%37%4C%5A%4C%41%6C%41%51%79%58%31%35%5D%5B%51%45%37%41,%23%47%6E%7C,%37%45,%37%46,%37,%45%41%73%5B%20%6E%5A%4C%6E%5D%20,%41%5A%4C,%6E%5A%3C%2A%20%78%5A%4C%37%20%3E%73%65%72%20%32%2D%62%61%20%32%20%74%73%61%6C%20%65%68%74%20%64%6E%20%61%6B%61%65%72%62%20%6D%68%74%79%68%72%20%72%6D%65%61%73%75%65%68%54%20%20%79%58%3E%20%72%66%20%74%68%65%72%61%20%65%68%74%20%65%73%75%61%63%65%62%64%20%65%64%64%61%20%65%72%61%20%61%64%6F%43%20%72%61%6E%67%65%6F%32%32%2A%3C%65%6C%70%6D%61%79%51%58%79%51%20%3E%2E%6F%73%20%6F%64%20%6F%74%20%64%65%6E%74%61%77%20%20%51%79%58%38%36%2A%3C%51%79%58%3C%2A%32%38%53%58%51%79%58%51%51%79%58%51%79%65%73%3A%20%4A%79%58%51%79%58%3E%36%34%31%20%6D%6D%20%2F%6E%67%69%77%53%20%6D%75%69%64%65%4D%2D%7A%7A%61%51%58%79%51%58%6C%79%74%53%20%54%2D%7A%7A%61%79%51%20%20%4C%20%3E%30%33%31%20%6D%6D%20%2F%6F%67%6E%61%20%54%61%6E%69%74%6E%65%67%72%41%2D%6E%69%74%61%3C%2A%34%36%4A%58%32%37%2A%3C%65%20%6E%61%63%61%7A%7A%2F%20%20%51%79%58%38%35%2A%3C%51%79%58%51%79%58%79%51%58%51%79%58%51%79%58%3E%32%33%31%20%6D%6D%20%59%6F%75%20%4A%20%64%61%72%65%6D%69%74%20%6D%65%6E%74%20%32%2A%3C%20%3E%6F%70%6D%65%54%20%65%68%74%67%20%6E%69%73%61%65%72%63%6E%69%20%68%74%69%77%38%65%61%63%68%69%72%65%70%78%58%51%79%58%51%73%6F%6E%67%20%51%79%58%3E%20%6C%61%65%52%69%20%65%68%74%74%20%63%65%6C%65%53%20%2E%73%74%61%65%70%65%72%58%79%51%58%79%20%65%68%74%20%20%6F%74%20%6F%34%58%79%51%20%65%68%74%20%65%73%61%65%72%63%6E%49%20%2E%6E%22%6F%63%69%20%65%63%69%74%63%61%72%50%22%20%20%54%65%6D%70%37%2A%3C%51%79%61%68%20%74%61%3C%2A%34%34%61%73%20%6F%74%20%73%65%6C%79%74%73%20%65%68%20%74%66%6F%20%65%6E%6F%20%79%61%6C%70%20%64%6E%65%65%20%77%68%20%3E%30%31+%75%6F%79%20%6C%2E%3E%58%79%51%65%66%66%61%20%6C%6C%69%77%20%20%51%79%58%34%34%2A%3C%51%79%58%51%79%58%51%79%58%51%79%58%63%74%20%61%6C%73%6E%65%70%70%6E%69%20%6F%70%65%72%20%73%6F%68%74%20%65%76%6F%6D%65%72%20,%65%6E%6F%20%64%6E%65%68%57%32%37%2A%3C%20%3E%2E%73%67%6E%65%20%54%65%6D%68%74%6F%20%72%63%72%65%61%73%65,%20%6F%72%20%69%74%3E%58%79%51%58%79%51%58%79%51%58%79%51%58%79%51%3C%62%23%3E%20=%4A%61%7A%7A%2D%4D%65%64%69%75%6D%20%53%77%69%6E%67=%31%34%36=%33"
2e2f5c08-6070-467f-8055-ddcd2ce74ac6,"irealb://%42%6C%75%65%62%65%72%72%79%20%48%69%6C%6C%20(%49%20%46%6F%75%6E%64%20%4D%79%20%54%68%72%69%6C%6C)%20%20%20%20%20%5B%23%5D=%62%65%32%73%68%61%72%70%20%41%52%52%3A==%5A%7A%20%43%68%6F%6F%73%65%20%41%6E%20%69%52%65%61%6C%20%53%74%79%6C%65=%43==%31%72%33%34%4C%62%4B%63%75%37%20%2E%74%72%61%79%51%20%20%53%50%20%6C%61%65%52%69%20%73%69%68%74%20%72%66%6F%20%79%65%6B%20%65%68%74%20%74%63%65%6C%65%72%6F%20%63%68%58%30%36%2A%3C%72%75%6F%79%20%20%6E%61%6D%65%6F%68%63%20%74%73%61%6C%20%65%68%74%20%67%69%6E%6D%61%6E%20%79%62%30%33%2A%3C%20%3E%20%64%72%64%20%6F%6E%73%69%20%74%49,%6F%72%74%6E%20%70%61%67%65%20%72%6F%46%20%20%51%79%58%36%36%2A%3C%51%58%79%51%79%58%51%79%58%51%79%58%51%79%58%3E%2E%74%68%65%20%69%67%6E%6F%73%20%65%52%69%20%74%20%74%68%65%20%75%6A%30%34%2A%3C%20%3E%20%72%6F%20,%79%6F%64%6C%65%6D%20%72%6F%20,%73%64%72%6F%68%63%73%74%20%6C%65%79%61%6C%70%20%51%79%58%51%79%6F%20%73%6F%6C%79%58%3E%2E%41%20%72%65%74%74%65%6C%20%72%66%6F%20%70%65%72%70%20%6F%74%20,%74%69%20%6F%51%58%79%51%58%72%50%20%6C%61%69%64%6E%65%20%69%54%34%34%3C%68%74%20%6D%6F%72%66%20%65%72%61%20%79%64%6C%6F%65%6D%2F%73%64%72%6F%68%63(%20%32%37%2A%65%20%32%6E%64%2A%5B%51%79%58%73%22%20%65%68%43%20%46%4C%5A%3C%46%6C%3E%20%20%30%37%2A%3C%53%41%2A%7B%20%20%51%79%58%51%79%58%5D%57,%57%6E%73,%43%2A%36%36(%74%3E%2E)%67%6E%7D%20%20%6E,%3E%58%79%51%4B%58%43%31%4E%5A%4C%20%6C%63%4B%51%79%58%37%5A%47%4C%20%6C%63%4B%51%79%58%43%5A%4C%20%6C%63%79%51%7C%73%43)%22%6E%67%69%47%7C%51%79%58%20%46%4C%5A%3C%20%20%51%79%58%51%79%58%5A%57,%57%3E)%56%37(%30%36%2A%3C%6E%73,%43%3E%65%6E%69%46%5B%2A%42%6C%43%43%6C%32%4E%7C%2E%64%6E%45%20%43%58%79%51%7C%61%20%2E%53%2E%44%3C%7C%51%79%58%45%7C%51%58%79%37%42%7C%51%79%58%2D%45%5A%4C%37%42%20%43%6C%20%32%6E%64%7C%51%79%58%37%67%65%53%20%6C%6E%57,%57%5D%20%2D%20%67%6E%69%64%6E%65%20%64%6E%32%20%61%6C%20%2E%53%2E%44%20%20%51%79%58%34%35%2A%3C%2D%20%22%44%61,%37%47%73%3E%72%65%74%74%65%65%61%6E%73%3A)%6F%6E%67%65%53(%20%22%6E%67%69%73%20%68%65%74%20%6F%74%20%6F%67%22%38%32%2A%3C%20%3E%20%61%74%20%6C%6D%20%22%6F%6E%69%64%6E%65%20%68%65%6E%20%70%51%79%58%32%37%2A%3C%51%79%58%51%79%58%51%58%79%51%79%58%51%79%58%3E%65%68%74%20%79%61%6C%20%20%32%6E%64%74%20,%41%20%2A%3C%20%3E%20%6E%74%69%6C%20%42%20%65%72%6F%66%65%62%20,)%79%61%6E%65%2D%65%66(%20%22%65%6E%69%46%22%20%65%68%74%2E%58%79%51%20%75%20,%67%6E%79%58%51%79%58%74%20%6D%65%61%65%63%6E%6F%20%67%6E%6F%73%20%65%68%74%20%65%64%79%61%6C%70%20%65%76%27%75%6F%79%20%73%6E%2E%3E%58%79%51%61%68%54%34%34%20%70%55%20%6D%79%51%3C%2A%37%2D%7A%7A%61%4A%20%67%6E%69%73%75%20,%30%31%33%20%6D%6D%20%3A%79%72%54%20%20%51%79%58%34%4D%65%64%69%75%58%51%79%58%51%58%51%79%58%51%20%32%3E%20%3C%3E%30%36%31%20%6D%6D%20%74%61%20,%6F%63%69%73%44%2D%70%6F%50%20,%6F%73%6C%41%36%34%2A%58%79%51%58%79%67%6E%69%77%53%79%51%58%79%51%3C%62%23%3E%20=%50%6F%70%2D%44%69%73%63%6F=%31%34%30=%33"
2eac3f36-6e4a-4d4a-9eb7-e2922d8c7f14,"irealb://%49%27%76%65%20%42%65%65%6E%20%57%6F%72%6B%69%6E%67%20%4F%6E%20%54%68%65%20%52%61%69%6C%72%6F%61%64%20%20%20%20%20%5B%23%5D=%62%65%32%73%68%61%72%70%20%41%52%52%3A==%5A%7A%20%43%68%6F%6F%73%65%20%41%20%53%74%79%6C%65%20%59%6F%75%20%4C%69%6B%65=%47==%31%72%33%34%4C%62%4B%63%75%37%6C%20%65%68%74%79%51%20%20%41%49%20%2E%67%6E%6F%73%20%72%75%6F%79%20%72%66%6F%20%79%65%6B%20%65%68%74%20%74%73%75%6A%64%74%20%69%73%20%58%30%36%2A%3C%65%67%61%70%20%6F%74%65%3E%20%72%75%6F%79%20%6E%6F%20%64%72%6F%68%63%20%73%74%61%6C%20%65%68%74%20%64%6E%61%34%33%2A%3C%20%73%6F%6E%67%6E%20%74%73%61%65%72%61%20%65%58%79%51%58%79,%6F%72%74%6E%69%20%65%68%74%20%72%6F%46%20%20%51%79%58%33%34%2A%3C%51%79%58%51%79%58%51%20%74%68%65%72%51%79%58%3E%2E%58%3E%2E%73%74%6E%73%65%63%75%68%74%20%6E%6F%20%64%65%79%61%6C%70%34%31%3C%2A%20%3E,%73%64%72%6F%68%63%20%65%76%69%74%65%20%62%65%61%6F%63%20%35%20%47%6C%41%2A%5B%58%79%51%58%79%51%79%58%5D%57,%57%6E%73,%47%7C,%47%47,,%47,%47%34%34%54%69%2A%5B%51%79%58%51%58%79%51%20%20%51%79%58%51%79%44,%47%73%5A%43%4C%5A%47%4C%5A%4C%37%42%5A%4C%43%5A%4C%47%5A%4C%37%44%5A%7C%4C%37%44%5A%4C%37%41%5A%4C%78%5A%4C%47%5A%43%4C%5A%47%4C%5A%4C%78%5A%4C%4C%47%5A%4C%37%20%5D%5B%2A%42%4C%47%3E%2E%2E%2E%2E%20%75%6F%79%20%74%27%6F%6E%77%20,%68%61%6E%69%44%20%20%38%36%2A%3C%5A%43%4C%5A%44%47%6C%7C,%37%3E%2E%2E%6E%65%4C%5A%44%37%4C%20%65%68%74%20%6E%69%20%73%27%65%6E%6F%65%6F%6D%53%20%20%36%36%2A%3C%43%2A%5B%5D%20%47%5A%6B%69%74%63%68%43%5A%4C%47%5A%20%2E%20%2E%20%5A%78%4C%5A%44%20,%65%65%46%20%20%30%37%2A%3C%44%2A%5B%20%5D%47%5A%4C%37%44%5A%4C%43%5A%4C%47%5A%4C%37%46%69%65%20%2E%4C%78%5A%4C%47%6F%6F%6F%2D%69%4C%5A%78%4C%5A%64%69%66%2D%69%66%2D%65%65%66%3C%51%5B%5D%47%20%5A%4C%37%44%5A%4C%43%5A%4C%47%5A%4C%37%44%64%6C%65%65%2D%78%5A%4C%47%3E%65%4D%2D%7A%7A%3E%47%4C%5A%66%79%58%38%33%2A%3C%20%51%79%58%5A%20%55,%5A%47%4C%47%66%5A%4C%37%44%5A%4C%43%66%5A%4C%43%51%20%20%4A%61%6F%6F%6F%6F%63%79%58%51%79%58%53%77%69%6E%67%6D%20%2F%73%73%61%72%67%65%75%6C%42%2D%70%50%6F%36%30%2A%3C%20%3E%32%33%31%20%6D%6D%20%2F%6D%20%31%33%3E%20%6D%75%69%64%20%79%6C%65%73%79%51%58%79%51%20%73%69%20%61%74%61%6D%72%65%66%20%65%6C%75%62%6F%64%20%41(%20%20%51%79%58%31%34%2A%3C%70%75%72%70%6F%58%51%79%58%51%72%6F%77%20%63%20%74%6F%20%68%65%68%74%20%65%62%20%64%6C%75%6F%77%20%74%68%61%77%34%31%2A%3C%20%3E%74%75%6F%20%64%6C%6F%20%6C%79%72%69%64%65%64%64%61%64%20%22%6F%6F%6F%6F%6F%6F%22)%2E%3E%58%79%51%58%79%51%58%79%51%58%79%51%58%79%51%3C%62%23%3E%20=%42%6C%75%65%73%2D%4E%6F%6C%61=%31%32%30=%33"
2ed92ef4-a925-4e7b-97cc-3342b937dea0,"irealb://%50%75%66%66,%20%54%68%65%20%4D%61%67%69%63%20%44%72%61%67%6F%6E%20%20%20%5B%23%5D=%62%65%32%73%68%61%72%70%20%41%52%52%3A==%5A%7A%20%53%65%74%20%41%6E%20%69%52%65%61%6C%20%53%74%79%6C%65=%47==%31%72%33%34%4C%62%4B%63%75%37%79%20%66%6F%20%79%51%20%20%4D%68%74%20%68%74%69%77%20%79%65%6B%20%6F%72%20%50%6C%61%65%52%69%20%65%68%74%20%68%63%74%61%65%20%6B%65%79%58%38%35%2A%3C%65%74%6F%6E%20%6F%6E%67,%3E%73%27%67%6E%6F%73%20%65%68%74%20%73%27%74%20%69%79%6C%6C%61%72%65%6E%65%67%34%33%2A%3C%20%20%6C%61%73%74%73%20%72%75%6F%65%67%6E%61%72%6F%72%20%63%68%37%2A%3C%34%34%54%69%2A%5B%51%79%58%51%79%51%58%79%58%51%79%58%51%79%58%3E%20%2E%64%72%6F%34%20%20%41%72%2F%64%6E%61%20%5A%4C%37%44%20%68%6F%69%63%65%20%47%7C%51%79%58%43%3E%20%30%33%31%20%6D%20%6D%74%61%20,%6B%63%6F%52%2D%70%6F%50%20%3A%45%2D%4C%5A%41%63%20%73%27%72%51%79%58%37%44%5B%2A%41%47%58%5A%4C%2D%45%20%47%7C%51%79%58%43%7C%51%79%47%58%7C%51%79%58%43%7C%51%79%58%2D%42%7C%51%79%41%58%79%51%7C%5D%51%79%58%47%79%58%43%51%5B%7C%42%2D%58%79%47%5A%4C%37%44%20%41%5A%4C%2D%45%20%47%7C%79%51%58%43%7C%51%79%58%47%7C%51%79%58%43%7C%51%58%79%51%5D%59%51%79%58%47%7C%20%20%51%79%58%2D%4C%5A%66%41%79%58%55,%47%66%7C%51%79%58%47%7C,%57%57,,%57,%37%44%66%7C,%57,%57,%57,%51%5A%58%79%51%45%20%47%7C%51%61%65%6D%20%73%79%51%20%20%54%65%6D%20)%22%65%79%65%2D%73%27%64%72%69%22%62(%20%22%61%74%61%6D%72%65%66%22%20%65%68%61%73%75%72%65%58%30%34%2A%3C%20%64%6C%65%68%74%20%3E%20%3C%69%61%74%73%75%73%20%65%72%61%20%73%64%72%68%6F%63%2F%73%65%74%6F%6E%20%65%68%74%34%31%2A%6E%65%64%20(%61%68%74%20%6E%20%73%75%68%74%77%68%69%6C%65%64%6E%61%20%20%51%79%58%38%35%2A%3C%51%79%51%58%79%58%51%79%58%51%79%58%51%79%58%3E,)%20%61%72%65%20%61%20%72%6F%66%6A%20%3A%6F%72%72%20%74%68%61%68%74%20%22%70%6D%6F%43%22%3C%20%3E%2E%68%67%74%6E%65%6C%20%6E%69%20%6C%61%75%73%75%20%6E%65%20%69%6E%74%65%67%6E%6F%6C%79%58%34%34%2A%6C%61%79%20%63%79%58%51%79%58%51%79%58%51%79%58%3E%2E)%64%79%6F%6C%65%6D%20%6F%6E(%20%73%64%72%6F%68%51%58%79%51%3C%70%20%74%73%75%58%51%79%58%51%75%20%63%6F%75%3E%2E%6F%72%74%75%6F%2F%67%61%74%20%65%68%20%74%22%70%6D%6F%63%22%20%6F%73%6C%61%20%64%6C%58%79%51%58%79%6F%59%20%20%51%79%51%58%79%51%20%3C%62%23%3E%20=%50%6F%70%2D%52%6F%63%6B=%31%33%30=%36"
2eb3ea05-a364-4e76-8386-d5f6d20ae94c,irealb://%56%65%6E%69%64%20%41%64%6F%72%65%6D%6F%73%20%31=%43%6F%6D%70%6F%73%65%72%20%55%6E%6B%6E%6F%77%6E==%52%6F%63%6B=%46%23%2D==%31%72%33%34%4C%62%4B%63%75%37%51%79%58%51%79%34%46%23%2D%58%7C%51%79%58%2D%23%46%41%2A%5B%7D%51%79%58%42%37%7C%51%79%58%37%42%7C%51%79%58%41%7C%51%79%3C%2A%35%31%58%34%54%69%2A%7B%51%79%58%41%7C%46%23%2D%58%79%51%79%58%2D%42%7C%51%79%58%2D%42%7C%5D%51%58%79%36%2D%23%46%7C%51%79%58%37%2D%23%46%7C%51%7C%41%58%79%51%3E%37%6A%61%6D%2D%42%7C%51%79%7C%45%58%79%51%58%41%7C%51%79%58%2D%42%7C%51%79%58%2D%42%7C%7C%51%79%58%2D%23%46%7C%51%79%58%2D%23%46%7C%79%51%7C%41%58%51%79%58%44%7C%58%2D%23%46%7C%2D%58%79%51%7C%51%79%58%44%42%2A%7B%51%79%58%2D%23%46%7C%79%51%58%2D%23%46%7C%51%79%58%45%7C%51%79%58%44%7C%45%58%79%51%42%7C%51%79%58%79%51%7C%46%23%2D%58%79%51%7D%20=%50%6F%70%2D%52%6F%63%6B=%31%31%35=%31
2e8cb5fc-fbf9-474e-b31b-1660ee565382,irealb://%4C%61%20%41%6C%65%67%72%C3%AD%61%20%44%65%6C%20%53%45%C3%91%4F%52=%42%65%72%72%C3%AD%6F%73%20%44%61%6E%6E%79==%4D%65%64%69%75%6D%20%53%77%69%6E%67=%46==%31%72%33%34%4C%62%4B%63%75%37%36%2A%3C%46%7C%34%46%2C%2A%41%51%79%58%2D%47%7C%51%79%58%62%42%7C%51%79%46%58%7C%51%79%58%46%7C%51%79%58%46%7C%51%79%58%7C%46%58%79%51%34%54%69%2A%7B%61%72%65%63%72%79%51%20%54%6F%20%6E%65%20%65%63%61%68%20%65%73%20%6F%6C%53%6F%39%36%2A%3C%46%53%5B%7D%51%79%58%3E%42%20%6C%61%20%74%65%58%51%79%58%36%2F%43%28%20%2C%6F%66%61%2E%3E%62%42%7C%51%79%58%2D%44%42%2A%7B%5A%51%79%46%58%7C%51%79%58%46%7C%51%79%58%46%7C%51%79%58%58%79%51%7C%46%72%74%73%65%20%42%7C%51%79%58%29%20%28%43%2F%43%28%20%29%46%28%20%29%45%2F%43%28%20%2C%7C%46%51%79%58%62%42%7C%51%79%58%2D%44%7C%29%45%2F%45%29%7C%44%46%28%20%29%45%20%6F%54%32%37%46%2C%20%28%43%51%79%58%43%7C%51%79%58%62%42%7C%51%79%58%44%2D%7C%29%45%2F%43%28%20%29%46%28%20%29%45%2F%7C%43%20%3C%2A%7C%51%79%58%62%46%29%62%42%28%46%58%79%51%7C%41%28%46%29%62%44%28%46%20%46%3E%73%61%74%4E%6F%39%36%2A%3C%7C%51%79%58%46%7C%51%79%58%46%62%29%2C%7C%46%7D%20%20%3E%41%2A%73%75%73%34%2A%20%4C%5A%46%58%79%51%5A%20==%30=%30
2e8a75f5-3189-4d4a-9b73-bc6e654a7127,irealb://%41%6C%65%6C%75%79%61=%48%69%6C%6C%73%6F%6E%67==%42%61%6C%6C%61%64=%41=%30=%31%72%33%34%4C%62%4B%63%75%37%2C%73%75%73%41%34%41%2C%58%79%45%7C%51%79%58%2C%23%43%2F%41%7C%51%79%58%44%2C%7C%51%79%58%2C%44%7C%51%79%58%2C%41%7C%51%2C%58%79%51%7C%34%54%41%2A%5B%20%6C%65%69%66%2C%58%79%51%5D%4F%49%44%20%61%79%75%6C%65%6C%61%20%2C%61%75%79%6C%65%6C%61%20%2C%61%79%75%6C%65%6C%41%3C%53%20%65%73%20%41%7C%51%79%58%3E%20=%4A%61%7A%7A%2D%42%61%6C%6C%61%64%20%53%77%69%6E%67=%36%30=%33
2ed15616-8ebd-498c-a1d9-bb140b3fb1bf,irealb://%48%61%79%20%4C%69%62%65%72%74%61%64=%41%67%75%69%6C%65%72%61%20%41%72%74==%52%6F%63%6B=%44%2D==%31%72%33%34%4C%62%4B%63%75%37%2F%46%28%43%7C%34%44%2D%2C%2A%51%79%58%46%7C%7C%51%79%58%62%42%7C%51%79%62%58%42%7C%51%79%58%2D%44%5A%4C%20%42%2A%20%41%7C%46%58%79%51%34%54%69%2A%7B%29%41%28%46%5A%47%2F%44%29%4C%2F%73%75%73%47%20%29%46%28%37%2D%44%7B%7D%29%20%62%42%2F%44%28%20%20%29%46%2F%41%28%43%5A%45%28%47%29%4C%28%20%20%29%43%79%61%48%20%39%29%4C%5A%42%62%7B%7D%51%79%58%45%2F%43%7C%29%47%28%20%29%28%41%20%29%62%42%28%20%29%41%28%46%7C%51%79%58%2A%43%3C%2A%36%44%28%62%42%20%46%5A%4C%45%2F%72%74%61%64%2E%7C%51%79%58%62%42%7C%51%79%58%62%42%7C%51%58%79%46%5A%4C%45%2F%43%20%37%2D%44%3E%2E%2E%2E%44%2D%37%20%43%65%62%69%6C%20%58%79%51%7C%43%58%79%51%7C%43%58%79%51%7D%7C%42%62%58%79%51%5A%20=%50%6F%70%2D%52%6F%63%6B=%31%34%35=%30
2e8cff5d-f23b-45e5-9b9b-f50ab005d9a2,"irealb://%4C%6C%65%6E%61%6D%C3%A9=%59%61%6D%69%6C%6B%61==%42%61%6C%61%64%61=%43==%31%72%33%34%4C%62%4B%63%75%37%58)%44(%47),%20(%42)%43(%20)%42(%20)%45(%43%7C%51%58%79)%41(%46%7C)%47(%20)%43(%20)%20(%45)%7C%45(%2D%41%7B%79%51%7D%20=%4A%61%7A%7A%2D%4D%65%64%69%75%6D%20%53%77%69%6E%67=%31%30%30=%33"
2e317fb7-3b6b-444d-b6c3-8c01c0aaa569,irealb://%52%61%6D%6F%6E%61=%3F==%57%61%6C%74%7A=%47==%31%72%33%34%4C%62%4B%63%75%37%44%7C%51%79%58%34%47%58%79%51%2C%44%7C%51%79%58%2C%43%7C%51%79%58%2C%37%7C%47%51%79%58%2C%2D%45%7C%51%79%58%2C%37%42%7C%58%79%51%7C%47%33%54%41%2A%5B%51%79%58%47%7C%5B%2A%41%47%58%7C%51%79%58%2C%43%7C%51%79%58%2C%37%47%7C%79%51%58%2C%2D%45%7C%51%79%58%2C%37%42%7C%51%79%44%2C%58%79%51%5D%51%79%58%2C%51%79%58%2C%41%5D%5B%45%2D%2C%47%7C%51%79%58%2C%43%7C%51%79%58%2C%47%7C%79%51%58%2C%43%7C%51%79%58%2C%2D%42%7C%51%79%58%2C%58%79%51%7C%20%20%6C%63%4B%4B%51%79%58%47%51%7C%45%2D%2C%44%7C%51%79%58%2C%43%7C%51%79%58%2C%47%7C%79%51%58%2C%43%7C%51%79%58%2C%2D%42%7C%51%79%58%2C%58%79%51%7C%79%58%2C%44%7C%63%6C%20%20%5A%20=%4A%61%7A%7A%2D%4D%65%64%69%75%6D%20%53%77%69%6E%67=%31%30%30=%33
2e55a60a-7f25-4877-8e68-9a1883f171a5,irealb://%54%65%6E%6E%65%73%73%65%65%20%57%61%6C%74%7A%20%31=%54%72%61%64%69%74%69%6F%6E%61%6C==%42%6C%75%65%67%72%61%73%73=%44==%31%72%33%34%4C%62%4B%63%75%37%58%44%7C%5A%4C%34%44%58%79%51%79%58%41%5A%4C%20%6C%63%4B%51%79%58%44%7C%79%51%58%47%7C%51%79%58%37%44%5A%4C%20%6C%63%4B%51%4B%63%6C%20%33%54%41%2A%7B%37%23%46%7C%51%20%4C%5A%44%37%5B%5D%20%20%6C%63%4B%51%79%58%44%7C%51%79%41%58%7C%51%79%58%44%7C%51%79%58%47%7C%51%79%58%2A%42%44%58%79%6C%63%4B%51%79%51%79%58%37%44%58%79%51%7C%44%4B%51%79%58%44%7C%5A%4C%20%6C%63%4B%51%79%41%58%5A%4C%20%6C%63%4B%51%79%58%44%7C%51%79%58%63%6C%20%4C%5A%47%7C%51%79%58%7C%47%58%79%51%7C%44%58%79%51%7C%41%58%79%51%7C%44%58%79%51%4B%63%6C%20%20%5A%20==%39%30=%30
2e0edded-d75c-420d-9fb0-930679323f8b,irealb://%4C%69%76%65%20%41%6E%64%20%4C%65%74%20%44%69%65%20%28%47%69%67%29=%4D%63%43%61%72%74%6E%65%79%20%50%61%75%6C==%52%65%67%67%61%65=%46==%31%72%33%34%4C%62%4B%63%75%37%43%5A%4C%62%42%34%3C%2A%36%33%4C%46%5A%4C%43%5A%4C%62%42%5A%4C%2D%41%5A%46%4C%3E%65%63%69%6F%56%20%64%61%6C%6C%61%42%20%5A%41%2D%4C%5A%34%54%41%2A%5B%73%73%61%72%42%5A%41%2D%4C%5A%42%2A%5B%5D%20%78%5A%4C%43%2F%62%41%5A%4C%7C%43%29%2D%47%28%20%2C%43%5A%4C%47%5A%4C%62%42%3C%2A%36%36%20%4C%46%7C%5A%4C%72%4F%20%33%36%62%2F%46%4C%5A%59%20%20%5D%20%46%2F%37%62%42%5A%4C%46%2F%42%62%5A%4C%46%5A%4C%37%46%5A%4C%46%2F%37%62%42%7B%2A%43%3C%2A%42%5A%4C%46%3E%4C%78%5A%4C%78%6C%6F%64%79%3E%35%46%3E%63%63%61%20%73%6D%75%72%44%20%33%2A%36%3C%7D%20%78%5A%4C%78%5A%4C%78%5A%4C%2D%46%4C%5A%78%4C%5A%65%4D%20%68%63%41%7C%2C%46%2F%36%57%6F%6F%64%4C%2D%46%5A%4C%78%5A%4C%78%5A%4C%78%5A%4C%46%2D%3E%79%64%6F%6C%65%4D%20%65%72%61%52%20%73%5A%20%73%47%2D%36%2A%3C%7C%5A%20%65%61%67%67%62%2F%46%2C%7C%2A%3C%44%2A%5B%2C%46%2F%43%2C%46%2F%62%42%2C%7C%46%2F%62%41%2C%46%2F%2D%47%73%5A%4C%78%6C%36%33%20%52%65%42%2C%46%2F%62%30%2A%3C%5A%4C%3E%6C%42%62%4C%D0%9B%36%30%2A%3C%5A%4C%62%45%5A%4C%2D%44%5A%78%4C%5A%4C%37%43%5A%4C%78%5A%4C%46%5A%4C%78%5A%D0%9B%D0%9B%D0%9B%3E%78%65%63%69%6F%76%42%20%30%36%2A%3E%78%20%7B%2A%20%78%5A%4C%78%5A%4C%78%5A%4C%2D%46%3E%79%6F%64%6C%65%6D%20%68%63%72%4F%20%30%36%2A%3C%43%7D%5B%2A%41%3C%D0%9B%D0%9B%D0%9B%D0%9B%36%5A%4C%62%42%5A%20%73%74%72%69%46%3E%65%63%69%6F%56%20%37%35%2A%3C%5A%4C%5A%43%4C%62%42%5A%4C%2D%41%5A%4C%46%3E%73%67%6E%4C%5A%41%2D%4C%64%61%6C%6C%61%3E%73%73%61%72%5A%41%2D%4C%5A%3C%42%2A%5A%4C%78%5A%4C%43%2F%62%41%5A%4C%7C%43%29%2D%47%28%20%2C%43%5A%4C%47%5A%4C%62%42%2A%36%36%20%42%4C%46%5A%4C%43%4F%20%30%36%2A%5A%42%62%2F%46%20%5D%20%46%2F%37%62%42%5A%4C%46%2F%62%42%4C%5A%46%5A%4C%37%46%5A%4C%46%2F%37%62%42%5A%4C%20%7B%2A%43%3C%4C%2A%20%2A%46%76%61%74%63%6F%65%6C%6F%64%79%65%6D%20%68%63%72%4F%20%51%79%58%37%35%2A%51%3C%7D%20%78%5A%4C%78%5A%4C%78%5A%4C%2D%46%3E%6C%6F%64%79%20%6D%20%68%63%72%65%20%75%70%3E%46%2D%4C%5A%78%4C%5A%78%4C%5A%78%4C%5A%46%2D%4C%5A%78%4C%5A%78%4C%5A%73%42%62%2C%66%43%23%2D%2C%20%20%5A%20==%31%32%35=%30
2eed932e-cf29-464c-9436-2a0f95ef5394,irealb://%41%73%20%54%69%6D%65%20%47%6F%65%73%20%42%79%20%28%42%65%6C%6F%66%66%20%61%72%72%2E%29=%48%75%70%66%65%6C%64%20%48%65%72%6D%61%6E==%4C%69%6C%74%69%6E%67%6C%79=%47==%31%72%33%34%4C%62%4B%63%75%37%36%2D%44%5A%4C%34%41%37%58%79%41%2A%7B%5D%20%47%2C%39%46%2C%47%5A%4C%37%20%44%2D%41%6C%7C%2C%6F%23%47%73%20%20%47%7C%51%41%2D%20%44%37%34%54%69%2A%5B%79%58%70%7C%51%5A%47%2C%73%44%4E%7C%2C%37%44%2C%2D%41%73%20%37%44%7C%51%58%79%37%41%7C%51%79%58%70%5A%4C%36%47%6C%2C%2B%31%6C%47%58%79%4C%2C%37%44%20%58%6F%23%43%7C%58%79%51%20%4C%7C%51%79%58%37%45%7C%51%79%58%43%42%2A%5B%20%5D%37%47%20%47%5A%4C%37%2D%43%20%47%32%4E%5A%41%2D%58%79%51%51%79%58%7D%51%47%5A%4C%2C%37%58%79%51%7C%41%5A%4C%37%44%20%2D%41%6C%41%2A%5B%5D%51%79%37%58%44%5A%4C%6F%23%47%20%37%44%7C%51%79%58%37%44%2D%36%20%44%2D%45%7C%51%79%51%5B%5D%20%47%47%36%2C%4C%5A%5A%4C%37%44%20%2D%41%6C%7C%2C%6F%23%47%73%20%20%47%7C%51%79%58%37%41%7C%51%79%58%36%47%6C%47%2C%46%39%2C%2C%2B%44%73%2C%41%37%58%79%51%7C%47%20%20%73%47%23%6F%2C%7C%6C%41%2D%4C%5A%44%37%4C%5A%47%2C%73%46%39%2C%7C%66%6C%47%20%5A%20=%4A%61%7A%7A%2D%42%61%6C%6C%61%64%20%53%77%69%6E%67=%38%34=%31
2e06b1da-1cdd-4069-8492-c8b99832234a,irealb://%48%6F%6E%65%79%63%6F%6D%62%20%28%42%65%6C%6F%66%66%20%61%72%72%2E%29=%4D%65%72%72%69%6C%6C%20%42%6F%62==%4D%65%64%69%75%6D%20%53%77%69%6E%67=%43==%31%72%33%34%4C%62%4B%63%75%37%51%79%58%70%7C%34%47%37%58%79%51%79%58%70%7C%51%79%58%46%41%2A%5B%5D%20%43%37%20%70%7C%51%79%58%43%7C%51%79%58%70%7C%51%7C%43%58%79%51%34%54%69%2A%5B%70%7C%51%79%58%51%7C%70%58%79%58%70%7C%51%79%58%43%7C%51%79%58%70%7C%51%58%79%46%5A%4C%37%43%20%70%7C%51%79%58%43%7C%51%79%51%7C%47%37%79%58%37%47%7C%58%43%7C%51%79%58%79%51%7C%43%58%37%47%7C%51%79%58%70%7C%51%79%58%46%7C%79%51%58%70%7C%51%79%58%43%76%2A%5B%5D%51%79%58%79%51%7C%70%58%43%7C%51%79%58%5D%20%37%43%20%79%51%7C%43%58%43%7C%51%79%58%70%7C%51%79%58%37%47%7C%51%58%79%70%7C%51%79%58%46%7C%51%79%58%70%7C%51%79%58%79%51%7C%70%58%70%7C%51%79%5A%4C%70%5A%4C%4C%5A%70%4C%5A%5A%4C%43%5A%4C%70%5A%4C%46%7C%2C%37%43%70%4C%5A%43%5A%4C%70%5A%4C%37%47%5A%4C%70%5A%4C%43%70%4C%5A%47%37%46%51%41%2A%5B%43%4C%5A%43%20%5A%20=%4A%61%7A%7A%2D%42%6F%73%73%61%20%4E%6F%76%61=%30=%33
2ecc33ce-487d-4a89-b4f5-d41ecaeda30e,irealb://%47%65%6F%72%67%69%61%20%4F%6E%20%4D%79%20%4D%69%6E%64%20%2F%54%47%4A%43=%43%61%72%6D%69%63%68%61%65%6C%2F%47%6F%72%72%65%6C%6C==%4D%65%64%69%75%6D%20%53%77%69%6E%67=%45%62==%31%72%33%34%4C%62%4B%63%75%37%31%4E%5A%4C%37%34%45%62%58%79%46%5A%4C%6F%62%47%20%62%45%7C%51%79%58%2D%41%62%7C%51%79%58%2D%43%7C%51%79%58%37%47%7C%51%2D%37%20%42%62%34%54%41%2A%7B%7C%51%79%58%2D%7C%46%2D%37%20%20%37%47%20%62%45%5A%4C%2D%62%41%20%62%45%4E%32%5A%4C%20%51%79%58%51%79%58%7D%20%37%62%42%5D%5B%2A%42%43%51%79%58%62%45%5D%20%37%62%42%4C%5A%43%2D%58%4C%2D%62%47%20%2D%47%5A%4C%37%44%20%2D%43%51%7C%79%58%2D%43%7C%51%79%58%36%2D%43%7C%51%79%5A%46%2D%37%20%37%47%20%2D%43%72%63%73%6E%61%58%79%51%7C%47%6F%69%73%72%65%76%20%36%33%39%31%3C%7C%51%58%79%2D%62%41%7C%51%79%58%2D%43%7C%51%79%58%37%6E%20%28%74%72%62%45%41%2A%5B%62%45%5A%4C%2D%62%79%20%4D%61%5A%4C%37%62%42%20%37%2D%46%5A%4C%6F%62%47%62%20%45%3E%29%69%6E%61%6F%69%47%20%6E%69%74%72%45%62%20%41%62%20%64%65%62%69%20%42%62%37%20%5D%20=%4A%61%7A%7A%2D%4D%65%64%69%75%6D%20%53%77%69%6E%67=%31%30%30=%33
2ed13a41-6053-4e62-bcc7-bc960e72133f,irealb://%4D%61%62%65%6C%20%2F%54%47%4A%43=%52%65%69%6E%68%61%72%64%74%20%44%6A%61%6E%67%6F==%4D%65%64%69%75%6D%20%53%77%69%6E%67=%43==%31%72%33%34%4C%62%4B%63%75%37%44%28%37%62%44%34%43%20%43%6F%43%28%37%43%42%2A%7B%7D%20%3E%78%34%3C%20%43%20%7C%51%79%58%37%47%7C%51%79%58%6F%43%5A%4C%29%58%79%51%7C%34%54%41%2A%7B%65%72%42%3C%7C%7C%43%37%28%43%44%28%37%62%44%7C%51%79%58%29%43%28%37%43%51%7C%79%58%29%62%42%28%37%62%42%7C%51%79%58%29%62%29%58%79%51%51%79%58%29%62%69%72%63%73%6E%28%43%29%58%79%73%6E%6F%69%73%72%65%76%20%30%34%2F%37%33%37%2F%33%39%31%34%35%2A%3C%7D%20%20%6E%20%7C%51%20%28%74%72%61%37%43%3E%6B%61%62%65%64%20%62%79%20%4D%61%72%74%69%6E%20%47%69%6F%61%6E%69%29%3E%20=%4A%61%7A%7A%2D%4D%65%64%69%75%6D%20%53%77%69%6E%67=%31%30%30=%33
2ef4a25e-403b-4091-89cb-0e43092fa9c4,irealb://%46%6F%69%20%41%20%4D%C3%A3%6F%20%44%65%20%44%65%75%73=%2E==%4D%69%6E%69%73%74%C3%A9%72%69%6F%20%4C%69%76%72%65=%43==%31%72%33%34%4C%62%4B%63%75%37%43%7C%51%79%58%58%79%51%7C%41%58%73%75%73%47%7C%51%79%58%2D%44%7C%51%79%23%58%43%2F%41%7C%51%79%58%2D%44%7C%51%79%58%2D%79%51%7C%43%5E%43%34%32%54%7B%58%73%75%73%47%2D%58%79%51%7C%7C%51%79%58%47%7C%51%79%58%47%2F%43%7C%51%58%79%5E%46%7C%51%79%58%5E%46%7C%51%79%58%37%43%43%58%79%51%7C%47%7C%51%79%58%79%51%7D%20==%30=%30
2e09b32e-a49f-4bfb-87d6-0e5b6f9fbb95,irealb://%42%65%61%74%72%69%63%65%2D%52%65%76%20%4A%45=%52%69%76%65%72%73%20%53%61%6D==%4D%65%64%69%75%6D%20%53%77%69%6E%67=%46==%31%72%33%34%4C%62%4B%63%75%37%51%79%58%37%2D%54%34%34%46%5E%31%31%23%37%5E%62%45%7C%51%79%58%37%5E%46%51%7C%79%58%31%31%23%37%5E%62%47%7C%51%79%58%37%58%79%51%7C%44%2C%41%2A%2C%7B%45%7C%51%79%58%23%31%31%58%79%51%79%58%37%2D%41%2C%42%2A%2C%5B%5D%51%79%37%58%2D%62%42%5A%4C%43%2F%57%20%37%2D%44%7C%51%7C%42%62%5E%37%37%5E%62%45%7C%6E%2C%37%2D%46%62%39%4C%5A%44%47%6E%2C%5E%62%47%6E%7C%2C%37%2D%47%6E%2C%2D%37%47%6E%73%2C%41%2A%2C%5B%5D%51%79%58%37%2D%62%5E%2C%7C%6E%37%41%20%37%68%47%6E%73%51%5B%4E%31%6E%47%62%51%6E%2C%5E%62%47%6E%32%4E%7C%51%79%58%51%58%79%51%79%58%51%79%58%7D%2C%5E%62%47%6E%2C%5E%47%62%5E%2C%5D%7C%2C%37%2D%46%47%6E%2C%37%2D%2D%37%2C%7C%6E%5E%62%47%6E%2C%5E%62%47%6E%7C%2C%37%2D%46%2C%6E%37%2D%46%6E%7C%2C%5E%62%47%6E%2C%5E%62%47%5D%7C%73%6E%47%47%6E%2C%37%2D%2D%37%2C%7C%55%3C%46%49%4E%45%3E%6C%47%62%5E%58%79%51%5A%20=%4A%61%7A%7A%2D%53%77%69%6E%67%20%54%77%6F%2F%46%6F%75%72=%31%34%30=%35
2ef88322-1a84-438c-a739-5eac662ca44a,irealb://%42%75%74%20%4E%6F%74%20%46%6F%72%20%4D%65%2D%52%65%76%20%4A%45%20%31=%47%65%72%73%68%77%69%6E%20%47%65%6F%72%67%65==%4D%65%64%69%75%6D%20%55%70%20%53%77%69%6E%67=%45%62==%31%72%33%34%4C%62%4B%63%75%37%41%20%5E%62%45%34%46%37%28%45%57%73%29%37%62%42%28%20%20%29%37%2D%46%28%62%37%42%5A%4C%29%37%2D%43%28%20%20%29%37%5E%62%2F%45%2C%7C%6C%34%54%41%2A%5B%62%45%20%37%2D%2D%37%20%43%37%41%2F%57%73%20%20%37%2D%47%6C%7C%2C%62%41%57%2F%73%20%20%37%62%42%7C%51%79%58%37%46%5A%4C%2C%7C%6C%42%62%47%5A%4C%37%62%5A%4C%20%6C%63%62%5E%58%79%51%6C%61%37%46%7C%51%79%58%37%2D%43%7C%51%79%39%58%2D%47%7C%51%79%58%31%31%23%33%31%62%44%7C%74%58%79%51%4B%41%5B%5D%20%37%29%37%62%42%28%51%7C%73%42%62%46%28%37%62%42%5A%4C%29%37%2D%43%28%20%20%37%29%5E%62%45%28%37%46%6C%5B%5D%20%20%6E%2C%37%2D%37%29%20%20%79%58%37%2D%46%57%73%20%20%37%7C%6C%45%62%5E%62%41%2F%57%73%20%20%37%62%42%7C%51%79%58%46%37%5A%4C%37%43%20%37%2D%47%5A%4C%37%62%41%20%2C%7C%6C%47%2D%2C%45%2F%57%73%79%58%74%6C%61%42%62%2D%37%20%58%39%2D%47%7C%51%79%58%31%31%23%33%31%62%7C%44%51%79%58%5E%62%41%5B%5D%20%51%2C%37%62%45%79%51%7C%43%37%6C%7C%2C%41%2F%31%23%33%31%62%79%51%7C%42%62%5E%62%41%6C%51%42%2A%5B%5D%2C%37%43%20%20%5A%6E%4C%20%6E%2C%39%36%62%45%73%7C%51%79%58%37%58%79%51%7C%44%58%39%46%7C%51%79%58%37%43%7C%47%2D%39%58%79%6C%7C%2C%62%41%2F%57%73%20%20%37%62%42%7C%79%51%58%39%46%7C%51%79%58%74%6C%61%37%43%7C%51%47%68%58%79%51%7C%51%79%58%31%2C%37%45%6E%2C%37%2C%6E%20%4C%2C%37%2D%62%47%6E%2C%37%2D%47%7C%6E%2C%37%62%2D%41%6E%2C%68%41%5A%4C%20%6E%2C%37%62%42%5A%6E%7C%46%2D%37%2D%46%73%7C%51%6E%7C%55%3C%46%49%4E%45%3E%6C%45%62%5E%58%79%51%5A%20=%4A%61%7A%7A%2D%53%77%69%6E%67%20%54%77%6F%2F%46%6F%75%72=%31%36%30=%33
2e7cb13a-a48e-4350-8e48-d328d511b740,irealb://%4D%61%6D%61%27%20%47%6F%6E%6E%61%20%53%74%61%79%20%2D%20%46%6C%69%6E%6E%65%72=%47%65%72%72%61%72%64%20%41%6C%69%63%65==%50%6F%70%20%2D%20%42%6C%75%65%67%72%61%73%73=%47==%31%72%33%34%4C%62%4B%63%75%37%5A%4C%47%5A%4C%54%34%34%47%4C%4C%43%5A%4C%47%5A%4C%47%5A%4C%44%5A%4C%44%4C%5A%47%5A%4C%47%5A%4C%47%5A%4C%43%5A%4C%47%5A%5A%47%4C%5A%43%2C%76%2A%2C%5B%5A%4C%44%5A%4C%5A%43%4C%5A%47%4C%47%5A%4C%44%5A%4C%43%2C%43%2A%2C%5B%51%58%79%51%79%58%5D%20%47%5A%4C%47%5A%4C%44%5A%4C%5A%47%4C%5A%43%4C%47%5A%4C%43%7C%2C%44%2C%43%5A%43%4C%5A%44%6E%5A%4C%6E%5A%4C%43%5A%4C%47%5A%4C%43%5A%47%4C%5A%4C%43%5A%4C%47%5A%4C%47%5A%4C%47%5A%4C%4C%5A%47%4C%5A%4C%47%5A%4C%47%47%4C%5A%47%20%5A%20==%30=%30
2e1db4bd-f0ff-4cc7-bb54-419e52908709,irealb://%53%77%69%6E%67%20%64%6F%20%43%61%6D%70%6F%20%47%72%61%6E%64%65=%4F%73%20%4E%6F%76%6F%73%20%42%61%69%61%6E%6F%73==%53%61%6D%62%61=%44==%31%72%33%34%4C%62%4B%63%75%37%C3%A3%C3%A7%61%72%6F%34%34%3C%2A%37%20%2C%6C%61%76%61%6E%72%61%63%20%65%64%20%20%C3%A9%65%6E%72%61%63%20%61%68%6E%69%4D%20%20%34%6D%65%75%20%63%54%41%2A%7B%59%20%51%79%58%7C%61%6C%20%58%33%4C%51%79%58%7C%72%51%79%58%5A%4C%2C%6F%23%6C%47%20%5E%47%5A%4C%31%31%2D%23%46%20%2D%42%3E%5A%58%79%51%72%75%67%69%20%6F%20%2D%45%6C%3E%79%51%20%20%59%73%20%61%6D%75%20%6D%C3%AA%74%20%65%75%71%20%65%73%6C%65%75%71%41%20%20%39%36%2A%3C%42%2A%5B%65%74%61%2E%2E%58%51%79%58%5D%4C%37%41%20%2D%36%20%42%37%2C%20%36%44%5A%4C%37%41%20%2D%45%5A%4C%6F%44%2C%6C%44%2C%2D%42%73%5A%4C%37%41%20%2D%45%5A%4C%42%37%4C%5A%45%44%5A%4C%37%41%2C%61%63%6F%74%42%2D%2C%42%37%20%75%65%20%2C%61%63%6F%74%20%6F%63%72%61%20%6D%6F%C3%A3%6E%20%75%45%32%37%2A%3C%7B%59%5D%2C%76%69%72%6F%20%73%20%36%44%5A%37%41%20%2D%45%69%72%6F%20%6D%58%7C%72%51%79%58%5A%4C%37%42%20%36%44%5A%37%4C%41%20%2D%45%6C%3E%34%58%2E%2E%61%74%69%6F%79%51%20%7D%7C%76%20%75%65%20%4C%5A%46%23%37%58%79%51%5A%20=%4C%61%74%69%6E%2D%42%72%61%7A%69%6C%3A%20%53%61%6D%62%61=%31%32%36=%30
2eb6b1f7-6201-4785-aa64-38d56750caee,irealb://%49%6E%64%69%66%66%65%72%65%6E%63%65%20%31=%43%6F%6C%75%6D%62%6F%2D%4D%75%72%65%6E%61==%57%61%6C%74%7A=%45%2D==%31%72%33%34%4C%62%4B%63%75%37%5A%4C%20%6C%63%38%3C%41%28%41%42%7C%51%79%58%37%42%5A%4C%20%78%20%5A%4C%6C%20%63%4B%51%79%58%2D%45%3E%41%43%41%42%42%29%37%58%79%51%4B%36%54%41%2A%5B%23%46%7C%51%79%45%2D%58%79%51%37%46%20%2D%41%7C%51%79%58%2D%41%7C%51%79%37%58%45%5A%4C%20%6C%63%4B%51%79%58%2D%45%7C%7C%4C%5A%45%2D%58%5A%4C%20%78%20%2A%5B%7D%20%20%5A%45%2D%58%79%20%7C%72%51%79%58%7C%51%79%58%2D%45%7C%51%58%79%37%42%3E%6F%69%72%54%20%3C%42%2A%7B%5D%51%20%3C%38%78%3E%4C%37%42%20%37%7C%51%79%58%37%7C%42%37%58%79%37%23%46%7C%51%79%58%47%7C%51%79%58%37%44%4E%31%7C%51%79%58%2D%41%7C%51%79%58%37%45%7C%51%58%79%51%7C%42%51%79%58%47%43%4E%32%43%20%43%23%6F%4C%5A%47%20%45%37%4C%5A%41%37%20%44%37%4C%5A%47%20%42%37%20%5A%20==%30=%30
2ef2734c-eb9c-4aa7-907e-efda9385c7c9,irealb://%53%C3%B3%20%44%61%6E%C3%A7%6F%20%53%61%6D%62%61%20%31=%4A%6F%62%69%6D%20%41%6E%74%6F%6E%69%6F%2D%43%61%72%6C%6F%73==%42%6F%73%73%61%20%4E%6F%76%61=%43==%31%72%33%34%4C%62%4B%63%75%37%79%58%36%43%31%34%43%36%58%79%37%47%7C%51%79%58%37%2D%44%5A%4C%20%6C%63%51%4B%79%58%37%44%7C%51%79%58%35%23%37%41%7C%51%58%79%51%7C%4E%34%54%41%2A%7B%46%7C%51%79%58%75%73%58%79%51%58%37%2D%47%42%2A%5B%5D%20%20%6C%63%4B%51%58%79%36%43%32%4E%5A%4C%20%51%79%58%51%79%58%7D%79%51%7C%43%37%73%39%47%7C%51%79%58%37%46%7C%4B%63%6C%20%4C%41%2A%5B%5D%51%79%58%37%47%7C%51%79%58%37%44%2D%7C%51%79%58%37%44%7C%51%79%58%37%2D%41%5A%43%36%58%79%51%51%79%58%37%5E%51%7C%44%37%58%79%51%4B%63%6C%20%4C%5A%44%2D%37%58%79%51%7C%47%37%58%79%51%7C%55%43%36%58%79%51%7C%44%2D%37%20%47%37%23%35%20%5A%20==%30=%30
2e8146ae-f4f4-4d4a-8d36-9996665ae3be,irealb://%49%74%20%57%61%73%20%53%6F%20%42%65%61%75%74%69%66%75%6C%20%31=%42%61%72%72%69%73%2D%46%72%65%65%64==%4D%65%64%69%75%6D%20%53%77%69%6E%67=%46==%31%72%33%34%4C%62%4B%63%75%37%5A%4C%37%43%20%20%45%37%4C%5A%44%20%37%41%5A%4C%37%45%20%46%5A%4C%37%43%46%20%5A%4C%37%43%20%37%47%5A%4C%37%44%20%37%41%37%4C%5A%47%37%46%34%34%54[%4C%37%43%20%37%5A%7C%44%2D%58%20%37%41%5A%4C%37%45%20%46%7C%51%79%58%37%7C%43%51%79%58%37%47%7C%51%79%58%2D%47%7C%51%79%44%37%4C%5A%47%4C%37%41%20%46%5A%46%58%79%51%5A%20==%30=%30
2e926ee5-5cb3-4fd6-b205-c402955c7de5,"irealb://%50%6F%72%74%6F%20%43%61%62%65%6C%6C%6F%20%32=%52%65%69%6E%68%61%72%64%74%20%44%6A%61%6E%67%6F==%47%79%70%73%79%20%57%61%6C%74%7A=%41==%31%72%33%34%4C%62%4B%63%75%37%4C%36%41%41%2A%34%41%58%79%51%46%2F%2A%35%23%35%62%37%2A%45%7C%51%79%58%7C%41%51%79%58%46%2F%2A%35%23%35%62%37%2A%45%7C%58%79%51][%33%54%69%2A[%20%5A%4C%35%62%4C%5A%20%72%7C%41%7C%5A%4C%36%2D%47%5A%4C%36%41%6C%7C,%45%37%73,%36%62%42%6C%5A%4C%36%62%42%5A%4C%20%36%4C%5A%41%37%35%62%37%41%5A%5A%4C%36%44%5A%42%62%36%4C%5A%4C%36%44%5A%4C%37%62%44%5A%4C%36%44%5A%4C%41%37%5A%4C%36%41%6C%7C,%37%45%73,%36%62%42%5A%41%62%6F%4C%5A%4C%20%7C%72%5A%4C%36%41%6C%44%36%4C%5A%45,%36%62%42%5A%4C%36%62%42%5A%4C%20%7C%72%5A%20%4C%35%62%37%41%5A%4C%36%41%5A%4C%35%23%37%73%45%37,%7C%5A%4C%37%62%44%36%41%43%2A{%42%44%62%39%4C%29%39%62%45%28%39%45,%39%45%73%5A%4C%78%4C%5A%39%62%45%5A%4C%78%5A%4C%39%44%5A%4C%78%5A%7C%6C%78%4C%5A%2A[]%20%78%39%46%5A%4C%78%4C%5A%42%2D%37%4C%78%5A%4C%39%46%31%4E%5A%4C%78%5A%4C%36%5A%41%4C%37%45%5A%4C%37%2D%42%5A%4C%37%45%5A%4C%5A%41%36%4C%5A%37%23%46%5A%4C%4C%5A%78%4C%5A%42%2D%37%4C%5A%45%37%20}%7C%4E%32%46%39%4C%5A%78%4C%5A%41%36%4C%5A%46%23%37%4C%5A%42%2D%37%4C%5A%45%37%4C%5A%41%36%4C%5A%45%37%20%5A%20==%30=%30"
2eb3e80d-f219-45a5-9760-8b141ee9c446,irealb://%48%61%6C%66%2D%64%69%6D%69%6E%69%73%68%65%64%20%63%68%6F%72%64%73%20%63%68%72%6F%6D%61%74%69%63%2D%6C%6F%63%72%69%61%6E%20%73%63%61%6C%65=%72%61%6D%62%6F%6F%74==%4D%65%64%69%75%6D%20%53%77%69%6E%67=%43==%31%72%33%34%4C%62%4B%63%75%37%46%20%35%62%37%35%20%42%2D%37%35%62%37%2D%47%20%35%62%37%2D%62%41%5A%4C%62%35%37%2D%41%20%35%62%37%2D%62%42%5A%4C%35%62%4C%5A%46%23%2D%62%37%2D%43%7B%2D%44%5A%4C%35%5A%45%2D%37%62%20%35%62%37%2D%43%5A%4C%35%62%37%2D%23%43%35%20%62%37%2D%44%5A%4C%35%62%37%2D%62%45%20%35%43%23%2D%37%62%4C%35%62%37%2D%62%37%2D%41%20%62%2D%37%62%35%41%5A%4C%35%62%37%2D%47%20%35%62%37%2D%23%5A%46%4C%35%62%37%2D%46%20%35%62%37%2D%45%5A%4C%62%2D%37%62%35%45%20%35%62%37%35%4C%5A%42%62%2D%37%62%35%20%42%2D%37%62%35%20%7D%20==%30=%30
2efc0a75-a002-4316-b4e1-c3937ef4dfbb,irealb://%44%6F%6E%27%74%20%50%61%73%73%20%4D%65%20%42%79%20%2D%20%46%6C%69%6E%6E%65%72=%4D%63%43%61%72%74%6E%65%79%20%4C%65%6E%6E%6F%6E==%50%6F%70%20%52%6F%63%6B=%43==%31%72%33%34%4C%62%4B%63%75%37%58%47%5A%4C%20%54%34%34%43%58%78%20%5A%4C%20%6C%63%4B%51%79%58%46%5A%4C%78%20%20%5A%4C%20%78%20%5A%4C%20%6C%63%4B%51%79%20%4C%5A%20%78%2C%41%2A%2C%5B%78%20%5A%4C%20%20%4C%5A%20%78%58%43%7C%51%79%58%43%5A%4C%20%78%20%5A%4C%6C%20%63%4B%51%79%58%46%5A%4C%20%78%20%5A%4C%20%79%51%4B%63%6C%6C%63%4B%51%79%20%78%20%5A%4C%51%20%5B%2C%2A%20%6C%63%4B%51%79%58%46%5A%4C%20%78%20%5A%20%4C%78%20%5A%4C%20%6C%63%4B%51%79%58%43%2C%42%4C%5A%20%78%20%79%58%5D%20%20%6C%63%4B%51%79%51%4B%63%6C%20%20%78%20%5A%4C%20%78%20%5A%4C%20%6C%63%4B%79%51%58%47%5A%4C%20%78%20%5A%4C%20%78%20%5A%4C%4C%5A%46%37%58%79%58%43%5A%4C%20%4C%5A%20%78%20%4C%5A%20%78%20%20%5A%20==%30=%30
2e723db6-1581-4f41-ba76-1c8267f01b54,irealb://%41%64%64%69%63%74%65%64=%57%69%6E%65%68%6F%75%73%65%20%41%6D%79==%4D%6F%74%6F%77%6E=%45%62==%31%72%33%34%4C%62%4B%63%75%37%7C%51%79%58%37%34%45%62%58%79%58%37%2D%46%7C%51%79%58%62%45%41%2A%7B%5A%20%4C%78%20%5A%4C%20%78%20%5A%4C%20%6C%63%4B%51%79%51%7C%47%2D%34%54%69%2A%5B%58%37%2D%47%5A%51%7C%41%62%5E%51%79%58%73%75%73%62%44%5A%4C%20%6C%63%4B%79%51%58%37%2D%47%5A%4C%20%6C%63%4B%51%79%58%37%4B%63%6C%20%4C%79%58%37%2D%46%42%7C%51%79%58%58%79%51%7C%46%20%3E%78%34%3C%20%20%37%62%42%7C%51%79%58%62%5E%45%7C%51%79%58%37%62%42%7C%51%79%58%37%2D%7D%7C%46%2D%37%37%43%7C%51%79%73%75%72%6F%68%7C%2C%66%2C%3C%20%65%68%74%20%6E%6F%20%73%6F%6C%6F%53%3C%51%20%79%58%7C%51%79%58%5E%62%45%3E%65%6E%69%46%33%72%64%20%63%51%79%58%37%62%3E%20=%4A%61%7A%7A%2D%4D%65%64%69%75%6D%20%53%77%69%6E%67=%31%30%30=%33
2ea2b367-ce32-4c80-9211-2f7d3b5de7da,irealb://%54%6F%70%73%79%20%2D%20%50%61%72%74%20%32%20%20%64%66%62=%44%75%72%68%61%6D%20%28%61%6C%61%20%43%6F%6C%65%29==%53%77%69%6E%67%69%6E%67%20%4C%61%74%69%6E=%43%2D==%31%72%33%34%4C%62%4B%63%75%37%70%7C%51%79%58%34%43%2D%58%79%47%20%62%41%7C%51%79%58%2D%43%5A%4C%20%6C%4B%63%51%79%58%2D%43%5A%4C%37%47%20%62%41%7C%51%37%4C%5A%43%2D%34%54%41%2A%5B%58%2D%43%5A%4C%5B%2A%42%46%2D%7C%51%79%58%2D%43%5A%4C%37%47%70%70%7C%51%58%79%2D%46%5A%4C%37%43%20%37%62%44%7C%51%79%58%41%62%20%47%37%5D%20%37%43%70%51%79%58%62%45%20%20%5D%5B%2A%4B%51%79%58%37%62%42%5A%4C%20%6C%63%4B%51%58%79%37%46%5A%4C%20%6C%63%4B%51%79%58%37%43%43%63%6C%20%4C%5A%6C%63%4B%51%79%20%2D%43%5A%4C%51%5D%5B%2A%41%7C%51%79%58%2D%43%5A%4C%20%6C%63%4B%51%79%2D%58%43%5A%4C%37%47%20%62%41%7C%51%79%58%2D%43%41%62%20%47%37%79%58%37%47%7C%20%55%4C%5A%41%62%37%2C%20%47%37%20%5D%20==%30=%30
2e80dabc-7d4a-4354-9958-e59d2bb51b89,irealb://%47%6F%69%6E%67%20%55%70%20%43%61%6D%65%79%20%2D%20%46%6C%69%6E%6E%65%72=%54%72%61%64%69%74%69%6F%6E%61%6C==%50%6F%70%20%2D%20%42%6C%75%65%67%72%61%73%73=%47==%31%72%33%34%4C%62%4B%63%75%37%45%42%2A%7B%7D%34%47%58%79%51%4C%20%78%20%5A%4C%20%6C%63%4B%51%79%58%47%4C%5A%20%78%20%5A%4C%20%78%20%5A%4C%20%6C%63%4B%5A%44%20%47%20%34%54%41%2A%7B%2D%58%79%51%4B%63%6C%20%4C%5A%20%78%20%4C%5A%44%20%47%20%7D%20==%30=%36
2ed65fec-08a5-48fd-a54d-774be142fe7d,"irealb://%41%6D%6F%75%72%65%75%73%65=%44%65%65%20%4B%69%6B%69==%4D%65%64%69%75%6D%20%53%77%69%6E%67=%45%2D==%31%72%33%34%4C%62%4B%63%75%37%58%43%7C%51%79%34%45%2D%58%79%58%78%7C%51%79%58%78%7C%51%79%58%37%47%7C%79%51%58%78%7C%51%79%58%78%7C%51%79%58%78%7C%51%79%51%7C%78%58%34%54%41%2A%7B%7C%51%79%58%47%58%79%51%7C%45%79%58%78%7C%51%79%58%43%7C%51%79%58,%78%51%7C%79%58%2D%42%7C%51%79%58%78%7C%51%79%58%2D%51%7D%5B%2A%42,%78%7C%51%79%7C%51%79%58%2D%43%58%79%51%7C%47%7C%7C%51%79%58%37%44%7C%51%79%58%2D%41%51%7C%79%58%78%7C%51%79%58%47%7C%51%79%58%2D%43%58%79%51%7C%41%7C%51%79%58%78%58%43%7C%51%79%43%58%79%51%7C%58%2D%41%7C%51%79%58%47%7C%51%79%58%37%44%51%7C%79%58%2D%41%7C%51%79%58%78%7C%51%79%58%47%79%51%7C%47%58%7C%51%79%58%47%79%51%7C%47%58%79%51%7C%41%2D%58%79%51%7C%44%37%58%79%51%7C%47%58%79%51%5A%20=%4A%61%7A%7A%2D%4D%65%64%69%75%6D%20%53%77%69%6E%67=%31%30%30=%33"
2e625a04-d7d1-41cf-b069-7243bbc52897,"irealb://%49%66%20%54%68%69%73%20%57%6F%72%6C%64%20%57%65%72%65%20%4D%69%6E%65=%56%61%6E%64%72%6F%73%73%20%4C%75%74%68%65%72==%52%27%6E%27%42=%44==%31%72%33%34%4C%62%4B%63%75%37%79%58%37%5E%47%34%44%5E%37%58%46%5A%4C%37%2D%45%3E%2F%3C%20%3E%2F%3C%37%23%2D%46%20%3E%2F%2F%2F%3C,%37%5E%47%7C%51%79%23%2D%37%4C%5A%34%54%41%2A%7B%79%58%37%5E%47%58%79%51%7C%44%75%73%41%7C%51%79%58%37%5E%47%31%4E%42%2A%20%5B%20%51%79%58%51%79%58%7C%37%44%20%20%37%5E%73%58%79%51%7C%37%5E%44%7C%51%2F%3C%7C%51%79%3C%2F%2F%3E%41%51%79%58%37%5E%47%7C%51%79%58%37%5E%47%5A%35%4C%62%37%62%41%3E%2F%2F%2F%2F%3C%20%73%75%73%7C%44%5E%37%58%34%36%54%7C%51%75%73%41%3E%78%2A,%3C%2F%3E%58%73%75%73%41%5A%4C%37%42%20%41%2F%37%44%4C%5A%37%2D%46%20%37%5E%44%43%2A%7B%7D%20%20%41%79%51%7C%3C%32%20%2A%62%42%3E%42%20%78%20%3E%7B%42%73%75%73%79%58%73%75%73%41%3E%65%6D%69%74%20%64%6E%20%32%42%33%36%2A%3C%5A%4C%20%6C%63%4B%51%79%58%51%7C%3C%32%78%7D%51%79%58%73(%43%3E%2F%3C%45%5E%37%58%79%23%47%5A%4C%37%2D%23%46%3E%2F%3C%20%37%2D%47%23%3E%2F%3C%20%37%5E%41%3E%2F%2F%2F%3C%7C%51%2D%37%20%4C%5A%44%2A%7B%7D,%3E%2F%3C)%73%3C%2F%3E%42%3C%3E%2F%3C%7C%51%79%58%37%5E%45%7C%51%79%58%5E%37%41%7C%51%79%58%37%5E%45%7B%7D%20%3E%78%32%43(%42%73%75)%73%75%73%42%42,%3C%32%78%3E%20%20%7D%5B%47%23%2D%37%20%41%5E%37%4C%5A%47%23%2D%37%20%41%5E%37%20%5B%41%62%73%75%73%20%5D%20=%4A%61%7A%7A%2D%4D%65%64%69%75%6D%20%53%77%69%6E%67=%31%30%30=%33"
2e66535e-e6c4-453e-be51-12c334bcb5c5,irealb://%42%61%62%79%20%47%69%72%6C%20%2D%20%46%6C%69%6E%6E%65%72=%53%74%61%6E%6C%65%79%20%43%61%72%74%65%72==%50%6F%70%20%2D%20%42%6C%75%65%67%72%61%73%73=%47==%31%72%33%34%4C%62%4B%63%75%37%58%47%5A%4C%20%54%34%34%47%58%58%44%5A%4C%20%6C%63%4B%51%79%58%47%5A%4C%78%20%20%5A%4C%20%78%20%5A%4C%20%6C%63%4B%51%79%79%51%4B%63%6C%2C%41%2A%2C%5B%6C%63%4B%51%79%20%4C%5A%43%58%2C%5B%5D%20%20%6C%63%4B%51%79%58%47%7C%51%58%79%44%7C%51%79%58%47%5A%4C%20%6C%63%4B%51%79%2A%42%2C%43%58%6C%63%4B%51%79%6C%63%4B%51%79%79%51%4B%63%6C%6C%63%4B%51%79%58%47%5A%4C%20%6C%63%4B%51%58%79%44%5A%4C%20%6C%63%4B%51%79%58%47%5A%4C%20%20%4C%5A%43%58%58%47%5A%4C%20%20%4C%5A%44%58%79%51%4B%63%6C%20%4C%5A%47%58%79%51%4B%63%6C%20%20%5A%20==%30=%30
2e55678e-d3b4-43ca-80e8-51c775c8b848,irealb://%42%65%61%74%6C%65%73%20%53%6C%6F%77%20%4D%65%64%6C%65%79%20%43%61%66%65%20%43%72%65%6D%65%20%61=%4C%65%6E%6E%6F%6E%20%2D%20%4D%63%43%61%72%74%6E%65%79==%53%6C%6F%77%20%42%61%6C%6C%61%64=%46==%31%72%33%34%4C%62%4B%63%75%37%2D%47%2C%37%2D%46%2F%43%4C%5A%41%5A%4C%62%42%5A%4C%43%2F%46%7C%2C%43%2F%2D%37%47%2C%37%2D%47%5A%4C%37%2D%41%5A%4C%62%42%2D%37%4C%5A%47%73%34%32%54%7C%2D%47%2C%37%2D%54%34%34%44%2D%44%7C%2D%41%2C%62%42%7C%2C%41%2F%46%2C%62%7C%42%2C%37%46%2C%46%5A%4C%43%2F%62%42%5A%4C%37%2D%37%4C%5A%47%7C%2C%43%2F%37%2D%45%7C%2C%37%54%32%34%46%20%5B%20%62%45%5A%4C%37%2D%47%5A%4C%39%43%5A%39%4C%2D%47%5A%4C%37%2D%44%5A%4C%46%34%34%54%5B%44%2C%46%23%2D%7C%2C%43%2F%37%7C%2C%62%42%2C%7C%46%2C%41%2D%2D%47%2C%46%7C%2C%62%42%2C%37%2D%41%7C%2C%2D%37%47%2C%46%7C%2C%37%43%2C%37%2D%47%7C%2C%37%37%2C%7C%41%2D%2C%37%41%2C%37%37%2D%41%2C%37%37%2C%7C%45%2D%54%7B%2C%39%43%2C%37%43%5A%4C%62%42%34%32%7C%54%2C%37%2D%47%2C%37%2D%44%7C%2C%37%41%2C%37%34%34%42%62%5E%41%2C%37%2D%45%2D%44%2C%2D%44%2C%46%5E%37%2C%7C%7D%2C%39%43%2C%37%2D%47%5A%4C%37%2D%47%4E%31%34%32%54%7C%2C%37%2D%41%2C%37%5E%62%42%7C%54%34%34%4E%32%37%2D%47%7C%2C%43%2C%37%2D%41%36%2C%42%62%2F%2C%46%7C%2C%2D%62%42%2C%39%5E%62%42%5A%4C%5A%44%4C%39%2D%43%7C%2C%37%2D%44%2C%46%7C%2C%44%44%2D%37%2C%7C%2D%44%7C%2C%37%4C%46%5A%4C%37%5A%47%2D%37%2C%47%7C%2C%2D%62%41%2C%2D%41%5A%4C%46%5A%4C%3E%46%6E%65%74%73%69%6C%3C%34%32%54%7C%2C%39%43%2D%37%4C%5A%43%4C%46%7C%2C%37%2D%45%5A%4C%46%62%2D%2C%7C%54%39%43%2C%37%2D%47%5A%4C%46%5A%4C%37%43%5A%62%4C%42%5A%4C%2C%37%2D%44%5A%4C%37%2D%47%34%34%2C%7C%54%32%34%41%2C%2D%41%5A%2C%46%34%32%54%5A%41%37%4C%5A%37%2D%47%5A%4C%46%7C%2C%37%43%2C%39%2D%47%34%34%54%7C%2C%2D%41%2C%62%42%7C%2C%43%2C%2D%44%2C%43%39%2C%7C%4C%2C%35%62%37%2C%37%2D%47%5A%34%34%42%62%5E%31%4E%34%32%54%7C%2C%37%2D%41%2C%37%5E%62%7C%42%37%5E%46%2C%37%2D%47%7C%2C%37%2D%41%2C%37%47%2D%37%2C%4C%54%7B%2C%39%43%47%2F%43%2C%36%54%34%34%4E%32%37%5E%43%2C%43%7C%2C%37%47%2C%37%2D%44%7C%44%2C%2F%62%42%2C%36%2D%44%7C%2C%46%2C%37%2D%44%2F%42%2C%7C%43%7C%7D%2C%39%43%73%37%47%5A%4C%62%2C%7C%43%4C%54%5A%4C%37%2D%44%7C%2C%37%2D%41%2C%37%2D%5A%44%4C%37%2D%44%7C%2C%37%2D%41%2C%37%2D%44%5A%32%34%44%2D%37%42%2C%46%7C%2C%5A%4C%62%44%5A%2C%7C%54%34%34%4C%37%62%41%5A%4C%2D%43%5A%4C%62%41%5A%4C%47%37%5A%4C%35%62%37%2D%44%5A%4C%78%5A%4C%2D%43%5A%41%62%36%4C%37%47%2C%73%75%44%62%6F%4C%5A%3C%73%65%78%79%20%73%61%64%69%65%3E%46%2C%45%37%2C%7C%41%2D%2C%20%7C%20=%50%6F%70%2D%53%6C%6F%77%20%52%6F%63%6B=%38%34=%31
2e8aa3a3-b114-4a92-aa65-d824a5451c54,irealb://%42%65%74%68=%4B%69%73%73==%50%6F%70%20%42%61%6C%6C%61%64=%43==%31%72%33%34%4C%62%4B%63%75%37%32%26%31%72%65%69%6E%74%72%6F%20%43%2F%47%20%47%2F%2D%44%7C%51%79%58%43%4C%5A%43%2F%47%20%43%2F%2D%44%7C%51%79%58%43%3E%5D%59%7B%3C%76%3C%34%34%54%5B%46%5A%4C%47%20%2F%43%4C%5A%45%45%6C%2C%73%75%73%45%73%20%45%2F%43%5A%4C%2F%46%47%20%46%7C%2C%47%2C%2D%41%20%2C%43%2F%2D%2C%7C%5B%41%2D%2D%44%20%43%3E%6E%69%3C%5B%59%44%37%20%46%2C%58%51%79%58%51%79%58%7D%20%3E%78%32%3C%43%47%2C%2C%46%7C%2C%47%2C%2D%41%20%2D%41%7C%2C%47%79%51%58%79%51%5A%4C%2D%45%20%20%2D%41%5B%7C%65%6E%74%61%6C%75%73%45%73%20%47%2F%2D%44%7C%51%79%58%43%4C%5A%43%2F%47%20%43%2F%2D%44%7C%51%79%58%43%3E%73%2C%6C%45%2C%6D%75%72%74%73%65%76%3C%5B%59%45%2D%4C%5A%44%58%51%79%58%51%79%58%5D%20%43%2C%47%2C%46%2C%7C%47%2C%2D%41%20%2D%41%7C%2C%47%2C%46%20%37%79%51%58%79%51%20%46%5A%4C%47%43%3E%6F%72%74%3E%43%20%44%2D%54%5B%59%20%51%79%58%5A%4C%46%2F%47%20%46%2C%7C%47%2C%2D%41%20%2C%43%2F%2D%45%5A%4C%43%2F%34%34%3C%6F%75%33%20%65%73%72%58%79%51%7C%44%2D%2F%43%20%47%2F%43%4C%5A%43%58%79%51%7C%44%2D%2F%47%20%47%2F%43%20%5D%7C%43%2A%20%20%2A%58%79%51%7C%20=%50%6F%70%2D%53%6C%6F%77%20%52%6F%63%6B=%36%35=%31
2e891d9b-4299-4cf9-91f4-0275fcc18953,irealb://%42%72%69%6E%67%20%42%61%63%6B%20%4D%79%20%42%6C%75%65%20%45%79%65%64%20%42%6F%79%20%54%6F%20%4D%65%20%2D%20%46%6C%69%6E%6E%65%72=%54%72%61%64%69%74%69%6F%6E%61%6C==%50%6F%70%20%2D%20%42%6C%75%65%67%72%61%73%73=%44==%31%72%33%34%4C%62%4B%63%75%37%63%4B%51%79%58%58%79%51%4B%63%63%4B%51%79%58%44%5A%4C%20%6C%63%4B%51%79%41%58%5A%4C%20%6C%63%4B%51%79%58%41%5A%4C%20%6C%6C%20%4C%5A%44%44%34%34%54%5B%6C%20%4C%5A%47%58%79%51%4B%63%6C%20%4C%5A%41%58%79%51%4B%63%6C%20%4C%5A%44%58%79%51%4B%63%6C%20%20%5A%20==%31%36%30=%36
2e1fa952-5fbb-4cc7-92c1-547b5707a14b,irealb://%44%75%6B%65%27%73%20%50%6C%61%63%65=%4B%61%74%7A%2D%54%68%69%65%6C%65%2D%45%6C%6C%69%6E%67%74%6F%6E==%4D%65%64%69%75%6D%20%53%77%69%6E%67=%45%62==%31%72%33%34%4C%62%4B%63%75%37%37%2D%46%5A%4C%79%51%4B%63%6C%79%58%37%62%45%5A%4C%20%6C%63%4B%51%79%58%62%37%41%5A%4C%20%78%20%5A%4C%20%78%20%5A%4C%20%51%4B%63%6C%20%58%37%62%45%5B%20%67%6E%69%74%37%58%79%51%7C%6B%61%65%72%62%20%72%61%62%20%34%28%37%35%3C%2A%5D%51%79%58%37%62%42%7C%51%79%58%37%62%45%20%73%74%61%72%45%7C%51%79%58%65%61%63%68%20%73%6F%6C%6F%2C%20%74%68%65%6E%20%74%6F%70%20%6F%66%20%66%6F%72%6D%29%3E%20==%30=%30
2e2e4d17-7ff1-4039-b9bb-e9f07c3313cb,irealb://%4D%69%73%74%79%20%45%6C%6C%61=%47%61%72%6E%65%72%20%45%72%72%6F%6C%6C==%42%61%6C%6C%61%64=%42%62==%31%72%33%34%4C%62%4B%63%75%37%4C%37%2D%47%20%34%42%62%5E%37%4C%37%62%41%20%37%2D%62%45%7C%51%79%58%37%62%5E%45%5A%4C%37%62%42%20%37%2D%46%7C%51%79%58%5A%42%62%5E%37%34%54%41%2A%7B%37%5E%45%5A%4C%46%37%4C%5A%42%62%47%7C%51%79%58%37%5E%42%41%2A%5A%4C%37%47%62%20%37%2D%62%44%5A%4C%37%2D%43%20%37%5E%62%2D%37%20%42%37%20%37%2D%43%5A%2C%37%5E%42%6C%2D%37%20%41%37%37%2D%44%73%20%37%5E%42%5A%4C%37%62%47%20%2D%37%62%44%5A%4C%37%2D%62%41%20%37%5E%42%5A%4C%2C%47%37%2C%7C%45%7C%51%79%58%47%7C%51%79%58%2A%42%47%62%2D%79%58%37%2D%46%5A%4C%20%6C%63%4B%51%79%58%5E%37%45%7C%51%79%58%39%62%37%42%7C%51%79%58%37%51%7C%42%62%37%7C%7C%51%79%58%7C%51%79%58%37%7C%73%45%37%2C%42%20%37%2D%62%47%7C%51%79%58%37%5E%42%6C%2A%41%7C%7C%2C%37%62%47%2C%37%2D%62%44%2C%37%44%37%4C%5A%45%5E%51%79%58%37%62%45%51%5B%7D%20%37%4C%5A%42%5E%43%5A%4C%37%2D%62%44%20%37%5E%42%51%5A%4C%62%37%47%20%37%2D%62%44%5A%4C%37%2D%62%41%20%37%2D%37%20%46%37%41%20%37%2D%45%62%2D%37%58%79%51%7C%41%62%37%62%39%58%79%51%7C%66%44%62%2D%37%58%79%51%7C%66%43%5E%37%58%79%51%7C%42%5E%37%58%79%51%5A%20==%30=%30
2e612ff7-c4e1-455d-aa53-d9ad73319cea,irealb://%53%63%61%72%6C%65%74%20%42%65%67%6F%6E%69%61%73%20%2D%20%46%6C%69%6E%6E%65%72=%4A%65%72%72%79%20%47%61%72%63%69%61%2C%20%52%6F%62%65%72%74%20%48%75%6E%74%65%72==%50%6F%70%20%2D%20%42%6C%75%65%67%72%61%73%73=%41==%31%72%33%34%4C%62%4B%63%75%37%44%7C%51%79%58%58%79%51%7C%44%63%4B%51%79%58%41%5A%4C%41%20%44%7C%51%79%44%58%5A%4C%20%6C%63%4B%51%79%58%41%5A%4C%41%20%6C%20%4C%5A%47%44%34%34%54%7B%20%5A%4C%20%78%58%79%51%7C%44%63%4B%51%79%58%41%7C%51%79%58%44%7C%51%79%47%58%5A%4C%41%20%44%7C%51%79%58%47%7C%51%79%58%6C%20%4C%5A%20%47%5A%4C%41%20%45%5A%4C%20%78%2C%2A%42%2C%45%20%5A%4C%20%6C%63%4B%51%79%58%44%5A%4C%44%47%20%7C%51%79%58%41%5A%4C%20%6C%63%4B%51%79%58%78%20%4C%5A%20%5B%7D%20%20%78%4B%51%79%58%47%6C%20%4C%5A%41%4B%51%79%58%45%5A%4C%20%6C%63%4B%51%79%58%34%44%34%54%7C%51%79%58%47%34%32%54%7C%51%79%58%63%6C%20%4C%5A%63%4B%51%79%58%63%6C%20%4C%5A%41%58%79%51%4B%63%6C%20%4C%5A%41%58%79%51%4B%63%6C%20%20%5D%20==%30=%30
2e5cf6af-44e4-44f0-87f7-20b16d14a460,irealb://%42%75%72%79%20%6D%65%20%75%6E%64%65%72%20%74%68%65%20%57%65%65%70%69%6E%67%20%57%69%6C%6C%6F%77%20%54%72%65%65=%46%61%6D%69%6C%79%20%43%61%72%74%65%72==%46%6F%6C%6B=%43=%34=%31%72%33%34%4C%62%4B%63%75%37%63%4B%51%79%58%58%79%51%4B%63%63%4B%51%79%58%47%5A%4C%20%6C%63%4B%51%79%43%58%5A%4C%20%6C%63%4B%51%79%58%46%5A%4C%20%6C%6C%20%4C%5A%43%43%34%34%54%5B%6C%20%4C%5A%46%58%79%51%4B%63%6C%20%4C%5A%43%58%79%51%7C%47%58%79%51%7C%43%58%79%51%4B%63%6C%20%20%5A%20=%50%6F%70%2D%42%6C%75%65%67%72%61%73%73=%32%32%30=%38
2e63cdcb-f8d0-4e86-8ebe-29743ba0fd1b,irealb://%43%61%6E%63%6F%65%73%20%65%20%6D%6F%6D%65%6E%74%6F%73=%4D%69%6C%74%6F%6E%20%4E%61%73%63%69%6D%65%6E%74%6F%20%65%20%46%65%72%6E%61%6E%64%6F%20%42%72%61%6E%74==%4D%70%62=%41=%37=%31%72%33%34%4C%62%4B%63%75%37%41%5A%4C%2D%44%39%4C%5A%45%2F%37%41%20%2C%5E%41%5A%4C%37%2D%23%46%5A%4C%2F%45%41%41%2A%5B%20%2D%44%5A%4C%44%5A%4C%23%47%4C%5A%44%2C%20%41%34%34%54%5B%44%5A%4C%41%2F%2C%4C%5A%44%2D%4C%37%2D%23%46%5A%4C%46%2F%2D%44%5A%4C%23%2F%46%44%5A%4C%47%2F%37%41%5A%4C%41%5A%4C%41%2F%5A%41%4C%5A%44%41%2F%44%5A%4C%41%2F%45%7C%2C%44%2F%45%20%7B%42%2A%5A%4C%41%2F%2D%44%7C%2C%41%2F%44%2C%7C%41%2C%37%41%2C%41%2F%45%7C%2C%41%2F%44%2C%41%41%2C%44%2F%41%20%2C%41%2F%2D%2C%45%2F%2D%23%44%2C%44%2D%4C%5A%4C%23%46%2F%44%5A%4C%47%2F%37%41%5A%4C%5A%41%4C%41%2F%2D%44%5A%4C%41%2F%44%5A%4C%41%5A%46%23%2D%20%46%5A%4C%37%41%2C%2F%44%2C%41%5A%6F%4C%5A%41%4C%2C%41%2F%45%5A%4C%2C%41%2F%44%20%2C%41%7B%20%7D%45%2F%44%20%41%2F%2D%44%5A%4C%41%2F%44%5A%20%41%37%2C%4C%62%45%66%5A%4C%79%58%51%79%58%2F%41%20%41%20%44%79%65%6C%6C%72%61%46%20%79%42%3C%51%79%51%58%79%58%51%79%58%51%79%58%3E%78%34%3C%7C%7D%65%72%7A%65%3E%2D%44%7C%2C%41%75%6F%79%2F%2F%69%67%69%6E%61%68%20%6D%6F%72%46%3C%51%79%58%51%79%58%51%58%79%3E%41%20%3A%79%74%69%6C%61%6E%6F%74%20%6C%74%74%70%73%3A%72%4F%3C%20%51%74%75%2E%62%65%2F%57%58%66%34%42%34%39%58%56%78%59%3E%20==%30=%30
2e9e498c-1b52-4480-80c1-a3fff1966cab,irealb://%46%72%75%69%74%63%61%6B%65%73=%42%75%66%66%65%74==%50%6F%70%20%52%6F%63%6B=%47==%31%72%33%34%4C%62%4B%63%75%37%5B%54%34%34%43%20%44%4C%5A%47%58%79%51%5A%20=%50%6F%70%2D%52%6F%63%6B=%31%31%35=%31
2e2cad5b-f7c5-4138-b36c-00da0ec5ddae,irealb://%4E%65%77%20%43%75%74%20%52%6F%61%64%20%2D%20%46%6C%69%6E%6E%65%72=%43%6C%61%72%6B%20%47%75%79==%50%6F%70%20%2D%20%43%6F%75%6E%74%72%79=%41==%31%72%33%34%4C%62%4B%63%75%37%63%4B%51%79%58%58%79%51%4B%63%20%5A%4C%20%78%20%5A%4C%20%6C%63%4B%51%79%45%58%5A%4C%20%78%20%5A%4C%20%78%20%5A%4C%20%6C%78%20%4C%5A%45%41%34%34%54%5B%6C%20%4C%5A%20%78%20%4C%5A%20%78%20%4C%5A%41%58%79%51%4B%63%6C%20%4C%5A%20%78%20%4C%5A%20%78%20%20%5D%20==%30=%30
2eb28078-94b6-4734-828b-554b86e84e34,"irealb://%43%6F%74%74%6F%6E%74%61%69%6C=%45%6C%6C%69%6E%67%74%6F%6E%20%44%75%6B%65==%55%70%20%54%65%6D%70%6F%20%53%77%69%6E%67=%42%62==%31%72%33%34%4C%62%4B%63%75%37%5A%4C%44%2F%37%34%42%62%36%20%42%5A%4C%37%46%20%37%2D%43%5A%4C%37%47%20%2D%37%44%5A%4C%37%46%20%37%2D%43%5A%4C%37%2D%47%62%36%20%42%62%34%54%41%2A%7B%62%42%20%37%46%6F%37%4C%5A%42%58%51%79%58%51%79%58%51%79%58%7D%20%37%46%37%20%2D%43%31%4E%5A%4C%37%2D%47%20%46%2F%36%62%79%51%7C%4E%32%45%20%36%62%45%5D%20%20%6C%63%42%44%37%58%79%46%5A%4C%20%6C%63%4B%51%79%58%37%43%5A%4C%6C%20%63%4B%51%79%58%37%47%5A%4C%20%6C%63%4B%51%37%58%79%51%4B%2A%5B%5D%20%36%62%45%5A%4C%44%62%36%20%47%2D%36%62%42%5A%4C%37%46%20%37%2D%43%5A%4C%37%20%47%37%2D%44%5A%4C%37%46%20%37%2D%43%5A%4C%37%20%42%62%37%2F%42%41%2A%5B%59%42%55%5A%4C%37,%51%4C%5A%42%4C%37%2D%47%20%46%2F%36%62%42%51%7C%5A%20%62%36%42%20%37%46%5A%4C%37%2D%47%20%46%2F%36%62%5A%54%32%34%46%37%6F%45%20%36%62%36,%20%5A%20==%32%30%35=%31"
2e6bd341-ac9b-4922-8478-785b5832c0d2,irealb://%50%6C%61%79%69%6E%67%20%50%6F%6C%69%63%79%20%42%6C%75%65%73%20%2D%20%46%6C%69%6E%6E%65%72=%42%6C%61%6B%65%20%42%6C%69%6E%64==%4D%65%64%69%75%6D%20%53%77%69%6E%67=%47==%31%72%33%34%4C%62%4B%63%75%37%44%5A%4C%20%6C%37%58%79%51%7C%37%47%5A%4C%20%6C%63%4B%51%79%58%37%43%5A%20%4C%6C%63%4B%51%79%58%37%47%7C%51%79%58%37%43%58%79%51%4B%63%47%34%34%54%5B%37%58%79%51%4B%63%6C%20%4C%5A%47%37%20%43%37%4C%5A%47%37%20%44%37%20%5A%20==%30=%30
2e768bc1-6c48-4dbd-a348-ef412b1eed4c,irealb://%43%72%61%7A%79%20%28%53%65%61%6C%29=%53%65%61%6C==%50%6F%70=%45%2D==%31%72%33%34%4C%62%4B%63%75%37%7D%51%79%58%41%6E%74%72%6F%2D%75%73%41%7C%51%79%58%47%7C%51%79%58%2C%2D%3E%45%78%34%20%65%73%72%65%56%20%2C%70%6D%61%76%73%58%79%51%7C%49%3C%76%2A%7B%51%79%58%47%7C%53%2C%3C%43%68%20%64%6E%65%20%65%68%74%20%74%61%20%72%61%20%62%61%72%74%78%65%20%2C%78%32%20%73%75%72%6F%3E%43%58%79%51%2C%43%2A%7B%59%20%6D%75%72%64%7C%41%20%3C%58%66%20%2C%78%33%20%2D%32%20%73%75%72%6F%68%31%43%35%2A%3C%7D%20%20%3E%65%6E%69%46%20%51%79%75%6E%6B%79%20%51%79%58%44%7C%51%79%58%2D%42%20%74%68%65%6E%41%2C%42%2A%2C%7B%20%51%79%58%51%79%58%51%58%79%51%79%58%51%79%58%3E%65%67%64%69%72%62%20%2D%58%79%51%7C%6B%61%65%72%62%20%3E%78%32%3C%7C%44%73%75%73%79%58%2D%41%5A%4C%20%6C%63%4B%51%79%58%2D%3E%45%6B%6E%75%46%3C%7B%7D%20%3E%78%32%3C%20%20%51%4B%63%6C%20%51%79%58%43%7C%7D%7C%41%3C%44%2E%53%2E%20%61%6C%20%46%69%6E%65%20%28%76%61%6D%70%20%43%68%6F%72%75%73%20%6F%75%74%29%3E%58%79%51%5B%20==%30=%30
2e7bb0c4-bf31-45ef-9a74-670703c80d08,irealb://%43%72%69%73%74%6F%20%56%69%76%65%20%48%6F%79%20%28%56%69%76%6F%20%45%73%74%61%2C%20%4C%69%62%72%65%20%53%6F%79%29=%43%6F%6E%64%72%65%79%20%53%65%74%68==%52%6F%63%6B=%41==%31%72%33%34%4C%62%4B%63%75%37%2D%42%20%47%5A%34%41%2C%58%79%4C%44%20%41%5A%4C%44%20%2A%20%2A%41%7B%7C%79%51%58%78%7C%51%79%58%78%7C%51%79%58%78%7C%51%5A%41%20%44%4C%34%54%69%2A%5B%41%32%4E%7C%7D%41%58%79%51%7C%31%4E%5A%4C%44%20%41%5A%4C%44%5A%4C%47%7C%79%51%58%78%7C%51%79%58%37%2D%42%7C%51%79%58%78%41%20%44%2C%20%41%2A%7B%7D%20%2D%42%7C%51%79%2A%42%66%44%61%20%41%2F%44%43%2A%5B%5D%70%70%70%78%7C%70%70%70%2C%45%7C%51%79%58%78%7C%51%79%58%39%64%64%41%4C%5A%78%58%5B%5D%51%79%58%36%36%2A%3C%7B%78%58%79%51%7C%38%31%2A%3C%20%20%41%44%2A%7B%5D%51%79%58%7C%78%51%79%58%44%7C%51%79%58%78%7C%51%79%58%47%78%34%3E%20%7D%7C%51%79%58%37%78%7C%51%79%58%61%20%74%75%6D%44%7C%51%79%58%47%5A%4C%20%78%5A%4C%20%37%42%2D%5A%4C%20%78%5A%4C%20%41%3E%2E%2E%2E%61%62%58%79%51%7C%41%6C%20%65%64%20%20%70%5A%4C%20%2A%42%66%44%2C%5A%4C%70%2C%45%5A%4C%44%5A%4C%3E%2E%2E%2E%6F%79%68%20%73%6F%6D%65%74%6E%61%63%36%36%2A%3C%70%20%4C%5A%70%5B%7D%51%79%58%5A%4C%2C%35%44%3C%2A%36%38%20%2C%35%44%73%5A%4C%20%3E%36%78%31%32%2A%3C%6E%20%3E%2E%2E%2E%64%61%63%69%66%69%72%6F%6C%67%43%23%35%2C%6C%43%2A%7B%5D%20%46%35%2C%70%47%35%2C%70%2C%7C%3C%2A%36%36%20%65%6C%20%65%6E%65%6D%69%67%6F%2E%2E%2E%3E%41%3C%2A%32%34%2E%2E%2E%3E%58%79%51%7D%20=%50%6F%70%2D%52%6F%63%6B=%31%31%35=%31
2e0b9edf-8736-4737-999d-4232045b23a7,irealb://%44%65%76%69%6C%20%4D%61%79%20%43%61%72%65%20%2D%20%53%4D=%44%6F%72%6F%75%67%68%2D%4B%69%72%6B==%4D%65%64%69%75%6D%20%55%70%20%53%77%69%6E%67=%47%2D=%38=%31%72%33%34%4C%62%4B%63%75%37%7C%51%79%58%2D%34%47%2D%20%45%37%44%20%39%62%37%41%5A%4C%37%68%45%20%2D%5A%47%4C%39%62%37%44%20%39%62%37%41%5A%4C%37%68%62%39%4C%5A%47%34%54%41%2A%5B%37%2D%47%20%2D%51%7C%45%62%39%37%44%20%39%62%37%41%5A%4C%37%68%45%20%2D%7C%47%51%79%58%39%62%37%44%7C%51%79%58%31%31%23%62%39%4C%5A%47%79%58%37%68%45%37%2D%43%42%2A%6F%37%20%42%62%44%70%70%7C%51%79%58%2D%47%7C%51%79%58%35%39%23%62%37%44%7C%51%79%58%37%68%41%5A%4C%37%6F%62%39%20%5D%5B%45%5A%4C%46%2F%20%36%62%42%5A%39%58%79%51%7C%62%42%7C%51%79%58%39%46%7C%51%79%58%37%2D%7C%43%51%79%58%37%6F%62%44%7C%51%79%58%36%62%42%20%42%62%2B%4C%46%7C%51%79%58%7C%51%79%58%39%5A%42%62%2D%31%79%58%37%68%41%5A%4C%20%6C%63%4B%51%79%58%5E%37%62%41%7C%51%79%58%37%62%45%7C%51%79%58%31%51%7C%44%37%62%4C%37%5E%62%42%20%39%62%37%41%51%7C%45%62%37%20%2D%47%5A%4C%39%62%37%44%20%39%62%37%41%4C%5A%37%68%45%20%2D%47%43%2A%5B%5D%20%37%44%20%45%68%37%4C%5A%79%58%37%5E%47%39%23%37%44%7C%5A%47%2D%20%47%41%5A%4C%20%6C%63%4B%51%79%58%31%31%23%33%62%31%45%7C%51%79%58%37%68%45%5A%4C%46%2F%37%2D%68%37%58%79%51%4C%39%62%37%44%62%35%58%79%51%7C%55%2C%66%2C%47%2D%20%45%2D%37%62%35%4C%5A%41%37%62%39%20%44%37%62%39%20%5A%20==%31%35%33=%31
2e8ff665-d40d-45da-b325-1cd295c3977c,irealb://%48%6F%77%20%44%65%65%70%20%49%73%20%54%68%65%20%4F%63%65%61%6E%20%2D%20%46%6C%69%6E%6E%65%72=%42%65%72%6C%69%6E%20%49%72%76%69%6E==%4D%65%64%69%75%6D%20%53%77%69%6E%67=%43%2D==%31%72%33%34%4C%62%4B%63%75%37%37%44%20%37%68%54%34%34%43%2D%37%2D%47%5A%4C%37%44%20%37%68%41%7C%51%79%36%58%62%45%7C%51%79%58%37%6F%42%7C%51%79%58%37%58%79%51%7C%41%2C%41%2A%2C%5B%43%7C%51%79%58%20%44%37%4C%5A%79%58%37%2D%62%45%7C%51%79%58%37%62%45%7C%79%51%58%37%2D%62%42%5A%4C%37%62%42%20%37%2D%46%51%7C%41%62%37%36%2D%47%5A%4C%36%62%45%7C%51%7C%46%37%58%79%7C%51%79%58%37%2D%43%2C%42%2A%2C%5B%5D%20%47%37%20%37%68%44%5A%4C%37%62%42%20%37%42%7C%51%42%6F%37%58%79%51%79%58%37%68%62%41%20%37%2D%68%37%20%44%37%62%42%20%37%46%5A%4C%37%44%20%36%2D%47%5A%37%4C%44%20%37%68%41%7C%51%79%58%37%2D%47%5A%4C%37%4C%5A%42%62%41%7C%51%79%58%45%7C%51%79%58%68%37%20%43%37%37%46%20%37%2D%43%5A%4C%37%47%20%36%62%45%51%7C%79%58%37%62%44%7C%51%79%58%37%2D%46%5A%4C%4C%5A%42%62%37%47%5A%4C%37%2D%62%36%58%79%51%5A%20==%30=%30
2e8678b7-eeda-4e46-ba5d-87c925e9f0da,irealb://%49%6E%76%65%6E%63%69%62%6C%65=%4C%61%6B%65%77%6F%6F%64==%57%6F%72%73%68%69%70=%44==%31%72%33%34%4C%62%4B%63%75%37%5A%4C%23%46%2F%34%41%58%79%51%58%7C%51%79%58%47%7C%51%79%58%41%41%2A%7B%51%7D%79%58%44%5A%4C%51%79%58%7C%51%79%58%47%7C%79%51%4C%5A%44%34%54%69%2A%7B%79%58%37%2D%45%3C%2A%31%32%78%7B%7D%51%79%58%44%7C%51%79%58%37%2D%45%7C%79%51%58%47%7C%51%79%58%41%42%2A%7B%7D%20%3E%34%41%58%79%51%7C%41%2F%44%33%4E%51%79%58%37%2D%58%79%51%7C%44%58%47%66%7C%51%79%58%3E%64%61%70%2F%68%74%79%6E%73%39%36%2A%3C%41%66%69%2A%5B%7D%51%79%58%79%51%7C%66%45%37%2D%45%7C%51%7C%51%79%58%37%51%5D%7B%2A%41%58%41%7C%7D%20%3E%33%78%35%31%2A%3C%20%20%5A%44%4C%51%79%58%7C%51%79%58%47%7C%51%79%58%41%79%51%7C%42%2D%79%58%44%66%7C%79%58%47%66%7C%51%7C%44%58%79%42%2A%5B%7D%51%79%58%44%7C%51%79%58%47%7C%79%51%58%37%2D%45%7C%51%79%58%41%69%2A%7B%5D%51%66%41%58%79%51%79%58%37%2D%45%79%58%37%2D%45%79%51%7C%66%44%42%2A%5B%5D%70%70%70%2C%44%7C%70%70%70%70%70%7C%70%70%2C%47%7C%70%70%70%2C%41%7C%51%79%58%70%41%20%4C%5A%58%47%66%7C%51%51%7C%45%2D%39%58%79%51%7C%44%58%79%51%7B%41%58%79%51%7C%45%2D%37%58%79%51%7C%45%2D%39%58%79%51%7C%44%3C%2A%31%32%78%33%3E%20%7D%41%20%5A==%30=%30
2e6e0507-caae-45ff-b25d-8c0f876846ae,irealb://%45%76%65%72%79%20%59%65%61%72%20%45%76%65%72%79%20%43%68%72%69%73%74%6D%61%73%20%32=%56%61%6E%64%72%6F%73%73%20%4C%75%74%68%65%72==%50%6F%70%20%42%61%6C%6C%61%64=%41==%31%72%33%34%4C%62%4B%63%75%37%23%46%5A%4C%41%34%41%58%79%51%44%5A%4C%2D%23%46%5A%4C%41%76%2A%5B%5D%51%58%79%45%7C%51%79%58%44%7C%51%79%58%2D%23%46%7C%4C%5A%45%4C%5A%33%54%69%2A%5B%20%2C%41%6C%7C%5A%45%4C%5A%43%2C%41%73%5A%4C%45%5A%4C%44%5A%4C%2C%2D%23%5A%46%4C%2D%23%46%5A%4C%23%43%5A%4C%73%75%73%23%42%68%2F%41%2C%4C%44%5A%4C%2D%5A%4C%2D%23%46%41%41%4C%5A%46%4C%73%75%73%23%43%5A%4C%45%5A%4C%44%5A%4C%23%2D%46%5A%4C%41%5A%4C%45%5A%4C%44%5A%4C%2D%23%5A%43%23%4C%5A%2A%5B%59%59%5D%4C%23%46%5A%4C%4C%5A%44%4C%5A%4C%2D%44%5A%4C%78%5A%4C%44%42%2A%5B%59%5D%2C%20%41%6C%7C%2C%41%2F%68%42%2C%41%73%5A%4C%45%5A%78%4C%5A%41%51%2C%2D%23%46%44%6C%51%7B%59%5A%78%4C%5A%44%47%2F%45%73%5A%4C%2D%42%5A%4C%78%5A%4C%37%5A%42%4C%46%2F%2D%44%5A%4C%2D%44%5A%4C%78%5A%4C%23%2C%45%2C%5D%4C%2D%23%43%5A%58%79%51%7C%45%58%79%51%7C%41%20%42%68%2F%41%4C%5A%41%20%20%3C%33%78%3E%20%7D%20=%4A%61%7A%7A%2D%42%61%6C%6C%61%64%20%45%76%65%6E=%38%30=%33
2ed2edf5-56b1-4c8d-afd7-2c26f5d85874,"irealb://%45%78%65%72%63%69%73%65%20%32%33%20%2D%20%42%6C%75%65%73%20%69%6E%20%41%20%77%69%74%68%20%54%65%6E%73%69%6F%6E%20%4E%6F%74%65%73=%54%68%65%20%4A%61%7A%7A%20%43%68%6F%72%64%20%42%61%73%65==%4D%65%64%69%75%6D%20%53%77%69%6E%67=%41==%31%72%33%34%4C%62%4B%63%75%37%7C%51%79%58%33%31%33%58%79%51%58%39%44%7C%51%79%58%39%44%7C%51%79%58%33%41%31%7C%51%79%58%33%31%41%7C%51%79%58%39%44%7C%79%51%7C%41%31%41%34%34%54%5B%41%31%33,%58%79%51%7C%45%39%58%79%51%7C%44%39%58%79%51%7C%41%31%33%58%79%51%7C%45%39%58%79%51%5A%20=%4A%61%7A%7A%2D%4D%65%64%69%75%6D%20%53%77%69%6E%67=%31%30%30=%31"
2ee7942f-8eef-4d82-a4ae-b711d9368d76,irealb://%47%6C%6F%72%79%20%4F%66%20%4C%6F%76%65%2C%20%54%68%65=%42%69%67%20%42%69%6C%6C%20%42%72%6F%6F%6E%7A%79==%4D%65%64%69%75%6D%20%53%77%69%6E%67=%43==%31%72%33%34%4C%62%4B%63%75%37%79%58%7D%20%47%58%79%51%7C%47%20%47%7C%51%79%58%43%5A%4C%20%5A%4C%2D%46%2C%20%46%7C%51%79%58%43%2F%35%23%2D%45%5A%4C%37%4C%5A%43%4C%5A%43%34%34%54%7B%5A%4C%43%7C%2C%4C%5A%46%20%4C%44%5A%4C%43%2F%35%23%2D%45%5A%4C%2C%46%5A%43%4C%2F%35%23%2D%45%5A%4C%43%2F%35%23%2D%45%5A%37%4C%5A%44%37%20%46%5A%4C%51%47%37%4C%5A%45%2D%23%35%2F%43%4C%5A%46%20%46%2D%4C%5A%43%4C%5A%47%4C%5A%43%4C%5A%47%20%7C%20==%31%34%30=%30
2e4110ba-c9b6-471c-968c-f8f27becb54d,irealb://%48%6F%77%20%41%62%6F%75%74%20%59%6F%75?=%4C%61%6E%65%20%42%75%72%74%6F%6E==%4D%65%64%69%75%6D%20%53%77%69%6E%67=%45%62==%31%72%33%34%4C%62%4B%63%75%37%5A%4C%37%62%41%34%45%62%5E%37%7C%51%79%58%37%62%42%7C%51%79%58%37%2D%46%4C%5A%37%6F%23%46%20%37%2D%47%5A%4C%37%62%41%20%45%62%5E%37%20%34%54%41%2A%5B%37%2D%43%20%37%23%6F%37%4C%5A%62%44%20%36%2D%62%41%7C%51%79%58%37%2D%46%51%7C%79%58%33%31%62%37%43%7C%51%79%58%37%68%47%37%4C%5A%47%2D%46%20%37%2D%47%62%45%42%2A%5B%20%44%37%62%39%20%37%2D%46%7C%51%79%58%37%5E%47%5A%4C%37%20%44%37%2D%41%5A%4C%37%2D%45%20%37%5E%47%5A%4C%42%62%37%20%5D%37%68%41%5A%4C%5E%62%41%7C%51%37%4C%5A%47%2D%7C%51%79%58%37%2D%62%42%7C%51%79%58%37%62%7C%42%51%79%58%37%2D%46%5A%4C%37%6F%23%46%20%37%45%62%37%58%79%62%41%20%37%5E%5A%4C%37%46%20%44%62%37%58%79%39%62%37%47%20%37%68%44%7C%51%79%58%37%62%7C%41%51%79%58%42%7C%51%79%58%37%5E%62%45%7C%51%4C%5A%43%2D%37%7C%51%79%58%37%46%2D%37%20%42%62%37%4C%5A%45%62%36%58%79%51%7C%46%2D%37%20%42%62%37%20%5A%20==%30=%30
2e71c327-da23-4434-b681-0f88425fa271,irealb://%4C%6F%75%69%73%69%61%6E%61=%42%61%6C%64%61%75%66%20%41%6E%6A%61==%48%61%6E%64%6A%69%76%65=%43==%31%72%33%34%4C%62%4B%63%75%37%51%79%58%47%7C%34%43%58%79%51%51%79%58%43%7C%51%79%58%46%7C%51%79%58%46%51%7C%79%58%43%7C%51%79%58%43%7C%51%79%58%43%7C%7C%43%58%79%51%34%54%41%2A%7B%43%7C%51%79%58%7C%43%58%79%51%47%7C%51%79%58%43%7C%51%79%58%43%7C%51%79%46%58%7C%51%79%58%46%42%2A%5B%7D%51%79%58%43%7C%58%79%51%7C%47%51%79%58%47%7C%58%79%51%7C%43%58%79%51%5D%58%79%51%58%79%51%58%79%51%58%79%51%58%79%51%20%2A%41%20%2A%41%20%2A%42%20%2A%41%20==%30=%30
2e52b979-ef69-432d-8aec-d46aa116334a,irealb://%4C%75%63%69%61=%4A%20%4D%20%53%65%72%72%61%74==%42%61%6C%6C%61%64=%47%2D==%31%72%33%34%4C%62%4B%63%75%37%47%41%2A%5B%5A%34%47%2D%37%20%20%68%41%5A%4C%62%42%2F%2D%47%20%2D%47%5A%39%4C%62%37%44%20%68%41%5A%4C%2C%62%42%2F%2D%47%44%37%62%39%4C%34%54%69%2A%5B%47%5A%4C%2C%37%2F%42%62%2C%4C%2A%32%73%75%73%2A%43%5A%4C%46%2F%2A%32%73%73%75%2A%47%20%2D%47%5A%4C%2C%37%44%20%68%41%5A%2F%45%62%20%44%2D%47%20%37%2D%47%5A%4C%2C%37%2F%42%62%2C%4C%2A%32%73%75%73%2A%43%5A%4C%46%2F%2A%32%73%73%75%2A%47%20%2D%47%5A%4C%2C%37%44%20%68%41%5A%2F%45%62%20%44%2D%47%20%37%2D%41%7C%51%79%58%42%62%2C%4C%5A%5A%4C%37%44%20%68%41%5A%4C%2C%62%42%2F%2D%20%47%37%5E%62%42%5A%4C%2C%37%46%20%2D%43%42%2A%47%2D%2F%42%62%2F%2D%47%20%2D%2D%47%5A%4C%23%47%2D%58%79%51%37%2D%47%5A%4C%37%44%20%41%2F%2D%43%43%2A%4C%5A%44%20%2C%73%75%73%44%7C%51%79%58%37%41%7C%20%47%2D%2F%46%7C%51%79%58%62%20%41%2F%37%46%2F%45%4C%5A%7C%2F%2D%43%20%2D%43%5A%4C%2C%37%47%20%2D%47%4C%5A%2C%37%44%20%68%41%5A%4C%2C%37%44%20%68%41%42%62%2C%4C%5A%2D%47%20%46%2F%73%75%73%2A%43%62%20%44%37%4C%2D%47%20%2D%47%5A%4C%37%44%20%62%45%2F%2A%73%32%75%73%2A%43%5A%4C%46%2F%2D%47%20%2D%47%5A%2F%46%2C%4C%5A%42%5A%4C%37%46%46%2F%2A%32%73%20%44%37%2C%4C%2D%47%5A%4C%37%44%20%68%41%5A%4C%62%42%2F%47%2D%20%2C%2D%47%41%2A%5A%4C%37%44%20%68%41%5A%20%47%2A%73%75%62%45%2F%2A%32%2A%43%5A%4C%46%75%73%32%2A%2F%73%2A%47%20%2D%47%5A%4C%37%44%20%68%41%5A%62%4C%42%2F%2D%47%20%2D%47%5A%4C%37%44%20%62%45%75%73%32%2A%2F%73%2A%43%5A%4C%73%75%73%32%2A%20%44%37%4C%5A%47%2D%58%79%51%5D%20==%30=%30
2e7409c2-9563-4ebd-bac0-845c113e28fe,"irealb://%4E%69%67%68%74%20%41%6E%64%20%44%61%79%20%4A%48%20%4C%61%74%69%6E%2D%53%77%69%6E%67=%50%6F%72%74%65%72%20%43%6F%6C%65==%4C%61%74%69%6E%20%53%77%69%6E%67=%44==%31%72%33%34%4C%62%4B%63%75%37%53%20%20%3C%34%20%4C%61%74%69%7D%51%79%58%37%5E%43%7C%51%79%58%37%5E%44%51%7C%79%58%37%5E%43%7C%51%79%58%37%5E%44%3E%6E%7B%2A%42%54%34%20%3C%69%2A%7B%39%23%37%41%7C%42%62%5E%37%58%62%42%5A%4C%37%46%20%37%2D%43%7C%51%79%58%5E%37%44%7C%51%79%58%35%23%39%23%37%41%7C%51%79%5E%37%58%79%51%3E%67%6E%69%77%79%58%37%6F%46%7C%44%5E%37%58%2D%23%46%7C%51%79%58%37%2D%47%7C%51%79%58%68%37%23%47%5B%5D%20%37%41%20%37%2D%45%7C%51%79%37%58%79%51%7C%51%79%58%35%23%20%51%79%58%51%20%41%37%4C%5A%37%46,%37%2D%43%73%20%37%5E%44%5A%4C%37%20%41%37%5E%62%42%31%4E%5A%4C%37%46%20%37%2D%43,%7D%6C%58%79%37%2D%45%7C%51%51%79%58%37%5E%62%5E%37%20%41%63%4B%51%79%58%37%5E%46%3E%6E%69%74%61%4C%20%20%3C%41%2A%5B%5D%51%79%58%37%5E%44%5A%4C%37%6C%20%4C%5A%44%42%32%4E%5A%4C%7C%51%79%58%37%5A%46%5E%37%58%6E%69%77%53%20%20%3C%42%2A%5B%5D%20%20%6C%4B%63%51%79%58%37%5E%44%5A%4C%20%6C%63%4B%51%79%67%3E%47%23%68%4C%20%6C%63%4B%43%7C%51%79%58%51%7C%46%23%2D%51,%37%62%45%20%37%5E%62%42%5A%4C%37%41%37%20%2D%45%7C%51%79%58%37%6F%46%7C%51%79%58%37%4C%5A%44%5E%37%79%58%37%2D%47%2D%37%20%46%37%20%5A%59%7B%51%2A%41%3C%20%20%4C%61%74%69%6E%3E%44%5E%37%58%79%51%7C%43%5E%37%58%79%51%7C%44%5E%37%58%79%51%7C%43%5E%37%58%79%51%7D%20=%4A%61%7A%7A%2D%4C%61%74%69%6E%2F%53%77%69%6E%67=%32%32%30=%33"
2e31d234-cee9-4d16-8063-9fb7a140b151,irealb://%4F%6E%65%2C%20%54%68%65=%42%65%72%6E%69%65%20%54%61%75%70%69%6E%20%45%6C%74%6F%6E%20%4A%6F%68%6E==%4D%65%64%69%75%6D%20%42%61%6C%6C%61%64=%42%62==%31%72%33%34%4C%62%4B%63%75%37%51%79%58%43%2F%34%44%2F%43%2C%43%7C%51%79%58%43%2F%44%41%2A%7B%7D%20%51%58%79%7C%72%51%79%58%7C%51%79%58%43%7C%51%79%58%58%79%51%7C%44%34%54%69%2A%7B%2F%46%7C%51%79%79%51%7C%47%2D%45%7C%51%79%58%62%42%7C%51%79%58%46%5A%4C%6C%20%63%4B%51%79%58%62%45%7C%51%79%58%62%42%2F%62%2F%42%62%58%58%42%2F%47%7C%44%7C%51%79%58%42%62%58%79%51%5D%20%37%46%20%73%75%73%46%7C%51%79%58%37%43%2D%7C%51%79%58%37%47%7C%51%79%58%37%2D%46%7C%5B%2A%42%42%62%7C%51%79%58%41%62%42%73%20%20%7C%47%2D%58%79%62%42%20%37%2D%46%7C%51%79%58%46%2F%62%42%51%7C%79%58%62%47%7C%51%79%58%46%2F%62%42%7C%51%37%4C%5A%45%62%51%79%58%43%2F%43%2F%44%7C%51%46%73%75%73%2C%2C%62%42%2C%51%2C%7B%20%20%51%79%58%51%79%7C%58%7D%51%79%58%62%42%2C%51%2C%5A%4C%37%46%20%2A%43%2C%58%79%6C%7C%2C%44%2F%58%79%51%7C%45%62%20%20%42%62%2F%44%2C%7C%43%2D%37%20%46%37%20%7D%20==%30=%30
2e543b0e-cdae-4686-9389-a40fc4ee291d,irealb://%50%32%30%20%44%75%73%74%20%49%6E%20%54%68%65%20%57%69%6E%64%20%28%43%6F%75%6E%74%72%79%29%20%43=%4B%61%6E%73%61%73==%52%6F%63%6B%20%42%61%6C%6C%61%64=%43==%31%72%33%34%4C%62%4B%63%75%37%47%7C%51%79%58%2A%36%36%56%65%20%43%7C%51%79%58%2D%41%5A%4C%2D%44%20%47%51%7C%79%58%2D%41%5A%4C%47%20%43%3E%3A%65%73%72%47%4C%5A%41%2D%3C%34%34%54%7C%56%36%36%2A%3C%41%2D%58%79%51%41%5A%4C%47%20%44%7C%51%79%58%2D%41%5A%4C%20%47%44%3E%3A%73%75%72%6F%68%43%39%36%2A%3C%5D%2D%58%79%51%5D%5A%4C%2D%44%20%79%58%2D%41%5A%3E%43%20%47%4C%7C%51%79%58%2D%41%5A%4C%47%20%43%7C%51%79%2D%58%41%5A%4C%2D%44%20%47%7C%51%79%58%2D%41%5A%47%20%44%2D%4C%3A%65%73%72%65%43%3E%3A%65%73%36%36%43%68%6F%2A%3C%7C%5D%51%79%58%2D%41%5A%4C%47%20%44%51%7C%79%58%2D%41%5A%4C%47%20%44%3E%3A%73%75%72%36%36%56%65%72%2A%3C%7C%5D%51%36%36%2A%3C%7C%2D%58%79%51%7C%41%5A%4C%2D%44%20%47%7C%51%79%58%2D%41%5A%47%4C%20%43%7C%51%79%58%2D%41%5A%4C%2D%44%20%47%2D%58%79%51%5D%41%5A%4C%47%20%79%58%2D%41%5A%73%3A%3E%44%20%51%79%58%2D%41%5A%4C%47%20%44%7C%51%79%58%41%2D%5A%4C%47%20%44%7C%51%79%58%2D%41%5A%4C%47%7C%44%20%47%4C%75%72%6F%68%43%51%5A%7C%20=%50%6F%70%2D%43%6F%75%6E%74%72%79=%38%30=%31
2e71840c-9d67-4002-81b0-a2f8f7a9a05e,"irealb://%50%6C%65%61%73%65%20%53%65%74%20%41%20%44%61%74%65%20%59%6F%75%20%44%6F%6E%27%74%20%48%61%76%65%20%54%6F%20%47%6F=%46%6F%72%64%20%52%6F%62%62%65%6E==%4D%65%64%69%75%6D%20%42%6C%75%65%73=%45==%31%72%33%34%4C%62%4B%63%75%37%5A%4C%20%6C%63%34%45%37,%58%45%5A%4C%20%6C%63%4B%51%79%58%37%41%5A%4C%78%20%20%5A%4C%20%78%20%5A%4C%20%6C%63%4B%51%79%37%58%79%51%4B%34%54%41%2A%7B%42%37%58%79%51%7C%41%37%58%79%51%7C%45%37%58%79%51%4B%63%6C%20%20%7D%20=%4A%61%7A%7A%2D%4D%65%64%69%75%6D%20%53%77%69%6E%67=%31%30%35=%36"
2e595189-f942-4cf2-bb35-c2a8e9cd7adb,irealb://%53%6F%6D%65%74%68%69%6E%67%20%49%6E%20%42%6C%75%65=%4D%6F%6E%6B%20%54%68%65%6C%6F%6E%69%6F%75%73==%4D%65%64%69%75%6D%20%53%6C%6F%77%20%42%6C%75%65%73=%42%62==%31%72%33%34%4C%62%4B%63%75%37%31%23%33%31%57%34%3C%2A%37%32%57%73%2C%37%62%45%6C%7C%2C%37%57%2C%36%57%37%2C%57%73%2C%36%62%42%3E%62%69%6C%20%64%61%20%37%23%31%31%2C%34%54%69%2A%5B%62%42%2F%37%57%7C%6C%42%62%2C%45%2C%39%2D%62%42%73%5A%4C%31%31%23%37%62%20%42%37%2D%46%6C%7C%2C%37%57%2C%36%62%42%73%20%62%37%62%35%2C%2C%37%57%2C%31%75%73%39%46%5A%2F%42%62%2C%7C%2C%62%42%2C%39%62%37%46%73%7C%51%79%58%37%62%5E%42%5A%4C%41%2F%37%6F%47%20%37%2D%62%42%6C%6C%42%62%37%4C%35%62%37%57%2C%37%41%28%51%79%63%6C%20%4C%5A%51%79%58%29%36%62%42%28%37%62%42%41%2A%5B%5A%59%20%39%46%20%62%42%5A%4C%37%46%20%36%62%42%7C%45%62%37%58%4B%51%79%58%73%37%62%42%5A%4C%28%42%62%36%29%78%29%37%2D%62%42%28%20%5A%4C%29%37%2D%62%28%42%20%20%37%62%45%5A%4C%20%6C%63%4B%51%79%58%20%28%41%37%29%37%62%42%7C%29%37%46%28%20%78%20%28%42%62%5E%20%5A%4C%29%37%46%28%20%20%29%37%2D%43%28%46%37%5A%4C%20%78%20%5A%4C%29%37%46%28%20%29%37%28%43%2D%37%29%29%36%62%42%28%58%51%79%58%51%29%7C%73%42%62%5A%37%46%2C%37%2D%43%2C%37%62%44%2C%5E%62%7C%42%2C%37%62%41%51%2C%37%62%45%2C%37%62%42%2C%58%79%51%58%79%37%42%28%20%29%79%51%59%7C%51%3C%52%75%62%61%74%6F%3E%42%62%5E%37%2C%42%62%37%23%31%31%2C%66%20%42%62%39%5A%20=%4A%61%7A%7A%2D%4D%65%64%69%75%6D%20%53%77%69%6E%67=%37%37=%30
2e251a52-bad6-4f27-9d9a-7e2c04b01e1c,"irealb://%54%61%6B%65%20%74%68%65%20%42%6F%78=%57%69%6E%65%68%6F%75%73%65%20%41%6D%79==%52%27%6E%27%42=%43==%31%72%33%34%4C%62%4B%63%75%37%51%79%58%2D%62%62%2D%58%79%51%76%2A,%2D%62%44%7B%59%5D%51%79%58%2D%62%7C%41%51%79%58%2D%62%44%7C%51%79%58%2D%62%41%7C%58%79%51%7C%41%44%34%34%54%5B%37%62%42%6C%20%79%51%7C%45%62%7C%51%79%58%37%5E%44%7C%51%79%58%2D%62%41%51%7C%79%58%2D%62%44%5A%4C+%62%41%20%31%31%2D%73%46%2D%37,%58%37%5E%44%7C%43,%37%45,%62%2D%20%42%62%4C%2D%62%42%20%2D%62%45%6C%7C,%37%23%46%2D,%23%43,%37%45,%37%2D%42%73%5A%4C%37%2D%5A%73%42%2D%37%45%5A%4C%39%23%73%20%37%5E%42%37,%5D%59%7C%20%45%2F%44%7C%51%79%58%37%5E%42%5A%4C%36%20%45%45%2F%44%7C%51%79%58%43%2A,%37%5E%42%6C%45%36%4C%5A%59%23%46,%2D%23%5E%41%32%4E%7C,%7C%4E%31%41%39%23%37%23%47%5A%4C%20%37%2D%23%47%6C,%23%2D%47%73%5A%4C%23%46%2F%45%6C%20%6C,%37%5E%58%79%51%7D%59%62%42%73,%20%79%58%2D%23%47%42%5E%37%20%20%45%20%37%5E%41%6C%59%7C,%62%42%73%20%20%5E%37%42%7C%51%79%58%37%5E%41%6C%7C,%62%42%73%2F%46%23%4C%5A%7C%51%79%58%37%51%5A%20=%50%6F%70%2D%52%6E%42=%37%30=%36"
2e34b36a-4624-4f6d-be95-656d94bba395,irealb://%54%68%69%73%20%42%69%74%74%65%72%20%45%61%72%74%68%20%31=%4F%74%69%73%20%43%6C%79%64%65==%4D%65%64%69%75%6D%20%53%77%69%6E%67=%44%62==%31%72%33%34%4C%62%4B%63%75%37%79%58%37%2D%62%34%44%62%58%79%62%47%7C%51%79%58%62%47%7C%51%79%58%37%62%7C%44%51%79%58%62%44%7C%51%79%58%37%62%41%7C%51%58%79%51%7C%47%34%54%41%2A%5B%79%58%37%62%45%37%58%79%51%7C%2D%62%42%7C%51%79%58%37%2D%62%47%7C%51%79%62%58%47%7C%51%79%58%37%62%44%7C%51%79%58%62%44%37%58%79%51%7C%2D%62%47%7C%51%58%62%47%7C%51%37%58%79%51%7C%7C%51%79%58%62%44%7C%51%79%58%37%62%41%7C%79%51%58%62%44%42%2A%5B%59%5D%51%79%58%37%62%41%44%62%37%58%79%2D%62%45%7C%51%79%58%37%2D%62%58%79%51%7C%47%62%47%7C%51%79%58%37%62%44%7C%51%79%58%62%7C%44%51%79%58%37%2D%62%47%7C%51%79%58%37%2D%62%58%79%51%7C%47%62%47%7C%51%79%51%7C%42%62%2D%37%58%79%51%7C%45%62%58%79%51%7C%45%62%2D%37%20%41%62%37%4C%5A%44%62%5E%37%58%79%51%5A%20==%31%33%30=%30
2eb815c0-ef50-471b-a276-7ba056acdfa3,irealb://Camminando=Crescenzo%20De==Medium%20Swing=D=2=1r34LbKcu7ZL%2DBZIntroortS%3CZL%20ZL%20ZL%20LZ%20ZL%20ZL%20ZL%20ZL%20%3Efa%3EDL%3C44T%5BDZL%20ZLZF%23%2DZL%20ZLAZL%2DEZL%2DBLZDZLAZL%2DEZL%2DBZL%20LZ%20LAZL7GG%20ZL7ZE%2DLZ%20ZL%23FZL%20%7C%2DB%2C%2D%23ZFL%20ZL%20ZL%20ZL%20ZLAA%2D%2C%7CDL%2DBZLZLGZL%20LZ%3CRZL%20ZL%20ZL%20ZLAZLE%2DZLbBZL%2DBZLD%3EtiDLZB%2D%7C%2DG%20%7CZL%20ZLLZ%20LZL%20ZL%20ZL%20%3Eus%20onto%20nu%20tiR%3CZL%20ZL%20Z%20LZ%20AZL%2DE%20ZL%20ZZELZCZL%20ZL%20ZL%20ZL%20ZLZ%20LBZL%2D%23FZLAZL%2D%23%20LZ%20LL%20ZL%20ZL%20ZL%20LZ%20LL%20ZL%20ZL%20ZL%20ZL%20LZ%20ZL%20ZL%20ZL%20ZL%20ZZ%20LZ%20ZL%20ZL%20LZ%20%20Z%20=Jazz%2DMedium%20Swing=100=3
2e9a57fd-af90-4cd9-8f2e-01cf889004c4,irealb://%C3%89%20do%20que%20h%C3%A1=Americano%20L%2E==Choro=A%2D==1r34LbKcu7LoDZLA%2DLZxZLxZL%2DAZLxZL%2DALZxZLxZL7EZL%2DDZLB7LZx22TS%7BL%2DAZL7LZD%2DZLxZL7AZLxZLxZ7LEZL%2DDZLxZL%2DAZLD%2DLZxEZLxZAZLxZ7b9LZ%2DA%3EeniF%3C2N%7C%7D%20%2D1AN%7C%5D%20Q%2C%2DAZL9b7E%20%7BE7LBZLxZA1NZLZA7LZEZL7FZLxZL%2DAZLZxL7EZL%2DDZL%2DDZLx7LZA%2DLxZL%2DZLxZL%3CD%2ES%2EZLA%7B%5D%20%2DAQ%7CQyXQXy%7C%5D%20%2DA%3EadoC%20la%20xLZB72N%7D%20%2DN%7C%7D%20ALZALZl%7C%2C7E%2C7BsZLAZLD%2DZL7%2DBZLxZLxZLxALZN1xZL7E2%3CD%2ES%2E%20al%20Fine%3EA%20%5D%7C%20=Latin%2DBrazil%3A%20Samba=150=1
2e514489-5ba6-4775-817c-0c4b43ea25aa,irealb://%C3%96va%202%3DRobin%20C.O%20Karlsson%3D%3DMedium%20Swing%3DD%3D%3D1r34LbKcu7%7B*AT44Dadd9XyQ%7CE-6XyQ%7CA7altXyQ%7CA7susXyQ%7D%20%3DJazz-Medium%20Swing%3D150%3D3
2e17b43c-52b2-4514-a2e1-0a174413c37e,irealb://%D0%94%D0%BB%D1%8F%20%D0%BC%D0%B5%D0%BD%D1%8F%20%D0%BD%D0%B5%D1%82%20%D1%82%D0%B5%D0%B1%D1%8F%20%D0%BF%D1%80%D0%B5%D0%BA%D1%80%D0%B0%D1%81%D0%BD%D0%B5%D0%B9%20(%20%D0%9D%D0%B5%20%D1%83%D0%BC%D0%B8%D1%80%D0%B0%D0%B9%2C%20%D0%BB%D1%8E%D0%B1%D0%BE%D0%B2%D1%8C)%3DComposer%20Unknown%3D%3DMedium%20Swing%3DG-%3D%3D1r34LbKcu7ZL%2C-GZC-%2CD%2C7F%2C-C%7BQyXQyXZ%2CL7F%2C-CZL%2C-GZL%2C7LZBb%2CL%2C-G%5BD%2C-CZ%2CLZG-L%2CbEZL-G%2ChA%2CbBLZ%2CF%2CbE%5B%20%20QyX%7D%20%2CZD-%2CL7D%2C-C7%2CLZG-%2C%20%5D%20%3D%3D0%3D0
2e230fcb-b543-445d-a4cb-42c5b4a8f5d6,irealb://%D0%95%D1%89%D1%91%20%D0%9B%D1%8E%D0%B1%D0%BB%D1%8E%3D%D0%A1%D1%82%D1%83%D0%B4%D0%B8%D0%BE%20%D0%90%3D%3DMedium%20Swing%3DE-%3D%3D1r34LbKcu7A*%7BZLXyQ%7CAyX7BZL%20lcKQyX7%7CCQyXG%7CQyXD%7CQyX-QKcl%20-EB*%5BE-XyQ%7CE-7XyQ%7CAXyQ%7CA-7XyQ%7D%20%3D%3D0%3D0
2e77066b-5654-4626-ac80-d1131aa3d198,irealb://%E8%B5%9E%E7%BE%8E%E4%B9%8B%E6%B3%89%3DComposer%20Unknown%3D%3DFast%20R2%3DD%3D%3D1r34LbKcu7A/Dp%2C4%3C*63%23C/Ap%2CD%3Eane4an3en2n1QyXyeK%20D%20%20%2Cp%7CB-4Ti*%5B%7Cp%2C7Appp%7CA%2CA/Dp%2C-B%7Cp%2C%23C/pA%2CD44Ti*%5B%7Cppp%2C7p%7CG%2Cp%2CG%7Cp%2C%7Cp%2C%23C%7CXyQX%3E%E5%85%B8%E6%81%A9%E5%92%8C%E7%88%B1%E7%9A%84%E6%9D%A5%E4%BA%8C%E7%88%B6%E5%A4%A9%E4%BB%8E%3C44vT*%5B%20QyXQyXQyXQyD%2CpA/ppp%2CD%2C%23C/A/A%2Cp%7C%E9%9F%B3%E4%B8%AA%E6%AF%8F%E5%87%BA%E7%8C%AE%E4%BB%AC%E6%88%91%E8%AE%A9%3C%5B%7Cp%2C7pA%2C7-E%7Cp%2C%23F/Dp%2CG%E7%AC%A6%3ED%2CpDp%2C-B%E8%AE%A9%3CC*%5BpD/A%2CyXQyXQyXQyX%7C%2CAG/pp%2CD%7Cp%2C7Ap%2CG%7CpQXyQ%20%2C-B%7CpD%2CD/C%E4%B8%BE%E8%B5%B7%E6%89%8B%3ED%2CAp%2CG%7Cppp%2C7-%23Fp%7Cp%2Cp%3EteiuQ06*%3C%2Cp%7CD%2Cp%E5%8F%A3%E5%BC%80%E5%B1%95%E4%BB%AC%E6%88%91*%7Cp%2C7%E4%BD%BF%E8%B5%9E%E7%BE%8E%E4%B9%8B%E6%B3%89E%7Cp%2C-Bfp%2C7-%23F%7C%2Cp7Ap%2CG%3E%E9%97%B4%E5%BF%83%E7%9A%84%E4%BA%BA%E4%B8%AA%E6%AF%8F%E5%85%A5%E6%B5%81-7%2CpA%3CS%7C%2C7vN0D%2CppG/A%7CXyQXyQXyQXyQ%7CSN0D%2CpC/D%2CD7%2C%7C%20%3D%3D80%3D3
2eb41c72-4de1-4a5e-ac03-c9def5a62474,irealb://%E6%97%85%E3%81%AE%E5%AE%BF%3D%E5%90%89%E7%94%B0%E6%8B%93%E9%83%8E%3D%3DPop%3DG%3D%3D1r34LbKcu7QyX-E-XyQ%7CB%7CQyX-A%7CQyX-E%7CyQX7B%7CQyXG%7CQyX-A7XyQ%7CE44T%5B%7CA-XyQ%7CE-XyQ%7CA-XyQ%7CB7XyQ%7CB7XyQ%7CE-XyQ%5B%20%3DPop-Rock%3D115%3D1
2eaa4ebe-8670-4a05-a320-8d244bbba8f4,irealb://Crazy%20Rhythm%201%201%3DKahn%2C%20Meyer%2C%20Caesar%20%281928%29%3D%3DMedium%20Swing%3DF%3D%3D1r34LbKcu7%7DQyX74FXyQF1NZL%20lcKQyX7CLZ%20x%20ZL%20x%20ZL%20lcKXyQ%7CC4TA*%7BX-bBZQ%20LZNQyXbBZL%20lcKQyXF7B*%5B%5D%20%20lcKQyXF2Kcl%20LyXQyXX7CZL%20LZF%20yX7GZL%20lcKQyXFA%2C*%2C%5B%5D%207C%207GZL7DQKcl%20lcKQyyQKcl%20LZFXyQ%7CF%20C7%20%5D%20%3DJazz-Medium%20Swing%3D100%3D3
2e8e4b46-d766-466c-839d-8681772cea57,irealb://Flow%20Gently%20Sweet%20Afton%3DJonathan%20E%20Spilman%2C%20Robert%20Burns%20%281838%29%3D%3DWaltz%3DBb%3D%3D1r34LbKcu7B%7CQyXbXyQKx%20ZL%20lcKQyXbB%7CyQXbB%7CQyXbEZL%20lc%20LZF7B43T%5BXF%7CQycl%20LZ7F%20bBZL-C%20bB%7CQXybB%7CQyXbB%7CQyXbELZBbXKQyXbL%20lcK%20LZC7%7CQyXF%7CQyX7CZL%20clKQyXF%7CQyXF%7CQyXBbXyQlcKQyZEbXyQ%7CBbXyQ%7CBbXyQ%7CBb%20C-LZBb%20F7LZBbXyQ%5D%20%3DJazz-Medium%20Swing%3D100%3D3
2e9ca188-1b93-4524-a0a1-935e5e4e9ac7,irealb://Hard%20Hearted%20Hannah%3DAger%2C%20Bates%2C%20Bigelow%2C%20Yellen%20%281924%29%3D%3DMedium%20Swing%3DEb%3D%3D1r34LbKcu7bEZL-*74VeZL7bE%20bEZL%20x%20Z%20Lx%20ZL%2BbB%20bE%3EesrAb%20Ab%3C44T%5B%20-GZLZAb%20AZL%20x%20ZL%20x%20ZL%2Bb%20BbEZL7bB%20bEZL-bEb%20D7L7bE%20C%20-bB-XyQ%7C%20bE%3EsurohC47*%3CY%5B%5DQyX7bBZL7F%207CBb%2BLZGZL7D7B%7CQyXyQKcaerBQyXQyX03*%3CLZ%20lcKQyX7bBZL%20lk%3EEbX7FZL7BQyXQZEb%20B%3C%7CZL7bE%20-CZL7G7%20-FZL7C%20-bBZL%2Bb*30XyL7bB%20E%3EkaeAbXyQQyX03*%3C%7CQyXoA%3EakerBQyXQyX63*%3C%7CXyQBr%3Ekaer%20lcKQ%3C*30XQyX7bB%7CQyX7F%7CQXy7C%3EkaerB%20QyXQy%7CEbXy%7CQyXb%20%5D%20%3DJazz-Medium%20Swing%3D100%3D3
2ed388bf-380f-4c66-97a2-91a45e29dc61,irealb://Struttin'%20With%20Some%20Barbecue%3DArmstrong%20Lillian%3D%3DMedium%20Swing%3DF%3D%3D1r34LbKcu7%20lcKQ4F%5E7XL%20lcKQyX7%5EFZL%20clKQyX6FZL%20lcKQyZD7Xy4TA*%5BcKQyXXyQ%7CClcKQyX7GZL%20lcKyQX7-Dl%7C%2Co%23Cs%20%209%20LZC77-GZLQyX6b*BF%5E77F%7CQyX%2C9-CZL%20lKcQyX6FZL%20lcKQyXXyQ%7CB%5B%5D%20%20l%20U%2C6FZ%20x%20LC%7CQyX7-G%7CQyX9DQ%7CyX7%5EF%7CQyX6-bBZ7XyQ%7CL%20lcKDb7LZC7XyQZ%20%3DJazz-Medium%20Swing%3D145%3D3
2e233d42-ac22-496d-9f0d-fbbd4f0afb9f,irealb://Blue%20Moon%20nmn%201%3DRodgers%20Richard%3D%3DMedium%20Swing%3DE%3D%3D1r34LbKcu7%20%206544%3C*63%3C%7C%2C-%23C%2CE%3E5%20QyX63*%3CS%7B%20%2C7Fs%3E5%C2%B7%20%20*63%20%C2%B74TA*%7C%23F%20-%23lF%23-%203%20%20432%C2%B7%2036*%3CZL%23-C%20E%3E5%2036*%3CZL7F3%202%3EF%3E4%2055%3C1N%5B%2063%203%3EB%20-%23F%3E1%2011%20%2032%C2%B71%2036*%3CZL-%23C%20-%23Gsus%2CQ*%3CZLhE%3E1QyQ1%3EE62N%7D%207F%20-%23F%3E5%20QXyQyX%C2%B7%2036*%3CZLoG%20%3C*63XyX36*%20-%23F%3E%3C*63%20222%2036*%3CB*%5D%20-%23%20CE%3E111%C2%B7%20QyXQyX%C2%B72%20%2033ZLF%206L7F%20-*63%201%20%202222%2036*%3CZL-C%23%206E%3E111%C2%B7%20%20QyX133%3EF%23%3CZL7FbA%20-A%201XyQ666%CC%A36%20/m/36*%3CZ-L%23C%206E%3E111%C2%B7%20QyX%20%2077%3E36*%3CZG%2C-%23D63%2055%20%207777%20%5Cm%5C36*%3CLZ-E%20G%3E555%C2%B7%20%20QyX2%CC%872%3Es*%3CZL7%5D%207F%20-%2CF%237%20la%20.S.D%3C-%23Fl%3E%C2%B75%20QyXQyX5%2036*%3C%7CCoda%3E%23C%2C7%23Q%3C*63XyQ%201%3EE6%20Z%20%3D%3D0%3D0
2e5db221-03f2-491c-83d4-9eb764316337,irealb://Buffalo%20Gals%20Won't%20You%20Come%20Out%20Tonight%3Dbe2sharp%20ARR:%3D%3DZz%20Choose%20A%20Style%3DC%3D%3D1r34LbKcu7laeRiyQ%20%20M%20dna%20gnos%20ruoyf%20o%20yek%20eht%20hctathis%20X45*%3Cc/eto%3E%20%3C*2l%20s'gnos%20ruoy%20mean%20tsuj%20:gnos8ast%20n%20orP%20ht%20se%3EXyQXortni%20sihT%20%20Qy6X6*%3CQyXQyXQyXQy%20copi.droh%20%2Cydot%202%20malP83*%3C%20%3E.gnoss%20iht%20fo%20serusaey%20melsal%20e84*%3CQe%20choQyXQyXQyX%3E.netisl%20tsuj%20ro%20%2CsdrXyQXyht%20roXC%7CQyQXyQ2Ti*%5B%20%20QyXQyX%3E%20:%20ortni%20erusaem-44G7XyXQyX*%5B%5DQyACXyQX7GZL%20lcKQyXC%7CyQXC%7CQyX7GZL%20lcKyQ%7CCX*%5B%5DQyQyX45Kcl%20LXC%7CQyX7GZL%20lcKyQXC%7CQyXC%7CQyX7GZyQ%5D%3C*QyXCB%2Cgnider%20yoht%20dda%20%2Cgnos%20eirtne%20eht%20yalp%20uis%20entfA%20%20oc%20a%206calldekram%20%2C%E2%80%9Dortuo%20%E2%80%9Cro%20%2C%E2%80%9Dgat%E2%80%9C%20a%20de%20with2*%3C%20%3Egat%20egn.%3EXm-2QyXQyXQyX84%3C*QyXQyXQyXQyXQyeasuris%20ad%20:elyQXyQ%20P%20elpmaS%20%20QyX%3CQZyXU%2CC%7CQyX7GQ%5B%20op%20StyX%3E%20:%20nehWgrass83*%3C%20QyXQyXQyXyQXQyX%3E041%20mm%20/%22XyQ%20%20eulB%22eT80*ing%20aewols%20a%20ta%20trast%20syawla%20%2Cenut%20r%20%3E%20%3CnraelXQyXQ10-30detseggus%20eno%20het%20naht%20%29staeb%20.%20%3EXy%28%20opmyQXyQXyQ%3Cb%23%3E%20%3DPop-Bluegrass%3D140%3D3
2e3474be-43c8-4e95-9be2-1e48457596db,irealb://07%20DMaj7%3DSantiago%20Glauber%3D%3DMedium%20Swing%3DC%3D%3D1r34LbKcu7%7BT44%20D%5E7%20LZ%20x%20LZ%20x%20LZ%20x%20LZ%20x%20LZ%20x%20LZ%20x%20LZ%20x%20%20%7D%20%3D%3D0%3D0
2e50594c-7afa-4476-b230-30744911414b,irealb://14%20Branle%20Simple%3DAttaingnant%3D%3DDanse%20Renaissance%3DC%3D%3D1r34LbKcu7%3Ebbaa44%3C*7%3CA*%7B%20QyXQyXQyXyQXQyXZL-G%20ns%3E%202*69%20%20Ti*%5BYD%2C-C%2CC-%2CLZ%2C-D%2C-G%2CbBZLQyX%20%5DC%20%2C-DZLbE%2C-D%2CFF%2C%7CG-%2CF%2C-DD%2CC%2CFG%20G-%20%2CFB*%7B%20QyX%5D%20C%20GN2%7CQyXQyXQyXQyX%7DC%2CCLZ1NZL%2C%7CQyXQyQ%5DXyQyX%7D%20C%20%2CG1NZLD-%2CG%2CbBZL%2C-D%20CZLQXyQXyXCZL-UN2%3CFine%3EG%20G-%20%5D%20%3DPop-Bluegrass%3D240%3D3
2ee0defb-d02d-4af9-8a8b-1105ec6516ec,irealb://Prendila%20Cosi=Battisti==Medium%20Swing=E=4=1r34LbKcu7%28%2DBZL4ELZ%20E%28%2DBZL%2DAA%2AZL%20Z%20LZL%20ZL%20ZL%20ZL%20ZL%29LZA%2D4Ti%2A%5B%5ECB%2AZ%2DLZD7ZL%20ZL%20ZL%20ZL%20ZLZ%20L7BZL%2D%23FZL%5ECZL%20LZ%20LAZL%29EZL%20ZLZC%5ELZL%20ZL%20ZL7BZL%2D%23FLZ%5ECZL%5EGZL%5ECZL%5EGZ%20LZ%20L%5EGZLL%20ZL%20Z%20LZ%20%20ZL%20ZL%20ZL%20ZL%20Z%20LZL%20ZL%20ZL%20ZL%20ZLLZ%20LZL%20ZL%20%20ZL%20ZLZ%20LZZL%20ZL%20ZL%20ZL%20ZLZ%20L%20ZL%20ZL%20ZL%20ZL%20%20LZ%20L%20ZL%20ZZL%20ZL%20LZ%20LL%20ZL%20ZL%20ZL%20ZL%20LZ%20ZL%20ZL%20ZL%20ZL%20ZZ%20LZ%20ZL%20ZL%20LZ%20LZ%20LZ%20LZ%20LZ%20LZ%20LZ%20%20Z%20=Jazz%2DMedium%20Swing=120=3
2eaeae83-9706-4253-a7c9-431237539304,irealb://El%20Eco%20De%20Tu%20Voz%3DComposer%20Unknown%3D%3DGospel%20Ballad%3DD%3D%3D1r34LbKcu73x%20%20Q4D%2C*A%3C%20AZLD%20-E%7B%7DQyX%7CAQyX-B%7CQyXA%7CQyX*69Xy4Ti*%7BQyX-BGXyQ%7C%7C%7CQyXA%7CQyX-B%7CQXyA%7CQyXDB*%7B%7CQyXAGXyQ%7C%7C%7D%20%20%3E%7CAXyQ%7DQDXyQ%7CAXyQ%7CB-XyQ%7CA%20%3C*69XyQ%20%20x5%3E%20%20%7D%2Cf%2CDXyQZ%20%3DJazz-Ballad%20Even%3D60%3D3
2e10f230-db67-4ded-ab97-da57b350a297,irealb://Esp%C3%ADritu%20Santo%3DJosu%C3%A9%20Del%20Cid%3D%3DBallad%20Even%3DE%3D%3D1r34LbKcu7%7CQyX%234E%2C*AyXEB*%7B%7DQyXA%7CQy-X%23C%7CQyX%23D/B%7CQyXQ%7CB/D4Ti*%7BC%23-XyQ%7CAXyQ%7CEXyQ%7CF%23-XyQ%7CC%23-XyQ%7CA%20%3C*72To%20In%3E%20%20%7D%20%3DJazz-Medium%20Swing%3D100%3D3
2eca457a-1366-4cb6-9740-351a300c2748,irealb://Perfume%20A%20Tus%20Pies%20EV%3DEn%20Espiritu%20Y%20En%20Verdad%3D%3DBalada%3DE%3D%3D1r34LbKcu7%7CQyXA4AXyQ%7CQyXE%3E....odnaCu%2066*%3CA*%7B%7DQyXB%7CBXyQ%7C4Ti*%7BAZL%2CBB%2C%20%7D%7C...oreiuq%20em%20o%20N%29oroC%20erP%2896*%3C%3EC%23-%20%20susBAs%20AZC%23-%20BC%7CQyXB%7CQyXElB*%2C%7B%23D/B%2C%23C/As%20AZL%23-%20BL%7CQyX%2C/C%23%2CB/D%23%2C%7D%7B%3C*60%20%20%3ElA%2CXyQ%7CB%20%3C*66To%20A%3E%20%20%7D%20%3DJazz-Ballad%20Even%3D65%3D3
2ec0e3f8-2137-4c09-ab52-baeb26f2c61b,irealb://Manos%20Hacia%20El%20Cielo=Condrey%20Seth==Pop=G=0=1r34LbKcu7B%2A%2CC%3E69%201%3E%3CA%2AZLi%2Ax%3E1%2096%2AB%3C%2AZL%3E2%2096%2A%3CA%2A%2CG%2A69%203%2A%3CA%2A%7B6%2A%3CC%2A1%3ELZ%2A8x51%2A%3CxZLCZLxZ%2DLEZLi%2Ax%3E2%2096%2A%3CB%3E%20%7DY%5B%2096%2A%3C%2E2%20%209low%29SZLCZLsusCZLxZL%3EGolbeup%20ut%20somo%2AC%3C%2A6%28%2E1%209S%29hgiSomos96%2A%3CC%2AZLCZLFZLZxL%2DE%3Eolbeup%20ut%20%203%2E%28h%29dim%28c%202%20ltu%20puurD%28%2096%2A%3C%5B%5D%20xZFLZLxZLG%3E%2E%2E%2Eolbem%20fil%20somoyer%20les%29%3Ep%2A%3CZLG%3E%29wol%28%201%2069%2A%3CB%2A%5B%5Dpppp%7Cppp69%20%20Asapmo%3E%29dimroso%2E6%2A%3CB%2AZLxZLCZLxLZ%2DEZLxZLCZLx%3E%2E%2E9%202%20%28edop%20%2E%2E%2E%2Ec69%20%20P96%2A%3CZLCZLFZLx%3E%2E%2E%2Easnemni%20us%20ro%28Cres%2A%3CZLG%7Cp%7C%2CCh%20%26%2E%2Ei%2A%5B%5D%20CZLCZLxZLE%2D%3E%29tuc%2E%2E%2E%2E%2E%2E%2E%2E%2EG%2C%7Cp%7Cgih%2E%2EyXCl%3Ep%7C%3C%2A6a%20erpmeis%20osordeop%20yer%20lA%20QyX6labar%7C%2C%2DEsoleicyQ%20%5D%5Bicah%20sonam%20noC66%2A%3C%7Cp%7C%2CC%7Cp%7C%2CGi%2Aa%20el%20XxZLQosore%20a%20caer%20lA96%2A%3CZL%20QypXZL%20QyX%2C%2DE%3Eratny%20podsmav%20%20siempre%20alabar%20yeah%21%3ECXyQLZxXyQXyQ%5D%5BfGXyQZ%20=Jazz%2DMedium%20Swing=100=3
2e580595-fa13-4d36-b3ef-cfcad9423e89,irealb://Rindo%20Mi%20Coraz%C3%B3n%20%28Yield%20My%20Heart%29=Walker%2DSmith%20Kim==Ballad%20Even=E==1r34LbKcu7%7CQyX%2C4E%2C%2AA%20%29B%28%20%20%29%2D%23F%28%2D%23FQ%7CyXA%7CQyX%2D%23C%7CQyX%7D%7B%2ABA4Ti%2A%7B%2D%23CC%2AC%23%2DXy4X%20QyX45%2A%3C%20A%7CQXy%2D%23C%3E%20%3C%7B%7DQyXB%7CQ%3E%20%20%7D%7B%7CQyXEXyQ%7CAXyQ%7CEXyQ%7CB%20%3C%2A60%20%20To%20A%3E%20%20%7D%20=Jazz%2DBallad%20Even=60=3
2e9413be-5b03-4e6d-93f3-883177d0a5e5,irealb://Te%20Bendecire=Rosario%20Ingrid==Ballad%20Even=G==1r34LbKcu7%2C%2Am%2AE4G%2CXyGA%2A%7B%7CQyX%2CC%7CQyX%2A%2Cm%2AE%7CQyX%2C%23F%2FD%7CQ%2CXyQ%7C4Ti%2A%5ByX%2C%2AmE%2Am%2A%2CD%20%2CCZL%2CD%20%2C%2Am%2AEQ%7CyX%2CG%7CQyX%2CC%7CQyX%2CLZE%2AZL%2CD%207%2A%3C%20%20%20D%2CLZD%20%2C%2Am%2AE%7CQyX%2C%23FD%2F%7CQyX%2CGB%2A%7BQyX%2CG%2CLZC%2C%2CC%7C%7DQ%2C%2Am%2AE%7DC%2C%3C%2A%23F%2FD%7CQyX%2CG%3Eolo2S7%2A%3C%7CQyX%3EA%20oT27%2CXyQ%7C%20%3E2X2D%7CQyX%2CXyQ%7CQyX%2CCZL%2CD%20%2C%2Am%2A%7CEQyX%2C%23F%2FD%7CQyX%2CG%7B%2ACG%2CC%7CQyXQyXC%7CyQ%7CE%2Am%2AE%7CQyX%2C%23F%2FD%7CQXy%2CG%7CQyXC%7CQyX%2C%2Am%2A%2CXyQX%2C%23F%2F%7D%7CC%2CXyQ%7CC%2CXyQZ%3C%2A72To%20B%20Suave%3E%20=Jazz%2DBallad%20Even=60=3
2eda649d-03c7-4150-9ef0-a957864eaa42,irealb://Tu%20Nombre%20Es%20Cristo=Witt%20Marcos==Worship=F%23%2D==1r34LbKcu7B%7CQyX4F%23%2D7%2A%7B%7D%207%2D%23C%207%2DB%7CQXy7%5ED%7CQyX7%2DB%7CQyXAF%23%2D74Ti%2A%7B7%2D%23C%7C%7CD%5E7X%23F%7CQyX9%2DB%7CQyX7D%5EB%2A%7B%7DQyX7%2D%23C%7CQy%2D9XyQQyX7%2D%7D%2C7%2D%23%2ACF%235s%20%2C7%2D%23Cl%7C%2C7%5EDs%20%207%2DB%7CQyX7%5ED%7CQyXD%5E7%2CC%7B%7DQyX%7B%2ADlF%23%5E7%2CXyQ%7CB%2D9XyQ%7CC%23%2D9XyQ%7CE6XyQ%7D%20==0=0
2e5dcad4-d2a4-4757-84b8-dff265dbbab5,irealb://Born%20This%20Way%3DGaga%20Lady%3D%3DPop%3DE%3D9%3D1r34LbKcu7%7B%20E%20LZ%20D%20LZ%20A%20LZ%20E%20%20%7D%20%3D%3D0%3D0
2eba4bdb-a55a-409e-aa4e-bb8e60179bf0,irealb://Alt%20Hvad%20Hun%20Ville%20Var%20At%20Danse%3DTv2%3D%3DMedium%20Swing%3DF%3D%3D1r34LbKcu7B%20ZL%20%2CD-%20L%20-A%20ZL%20F%20A*%5B%7D%20b%20B%20ZL%20-D%20ZL%20F%20ZLZ%20C-%2044T%7B%20ZL7-Bb-%20LL7A%20FZLC%20bBB*%7C%20Z%20C%20ZL%20G%20ZL%20F%20ZZBb%20A%20ZL%20b%20%20x%20ZBb%20CLL%20x%20ZL%20F%20ZLC%20-ZGL7-A%20bBZL7A%20FZZ%20x%20LZL%20-D%7C%20%3D%3D0%3D0
2e2ab98c-7352-47ee-b28d-ad0ecf5a4ab2,irealb://Womanizer%3DSpears%20Britney%3D%3DPop%3DC%23-%3D%3D1r34LbKcu7XD%7CQyT44C%23yXE%7CQyX-%23FZL%20xZ%20L%20x%20ZL%20lcKQyX-Q%7CD%23Xv*%7BYYXD%7CQy%7B*CC%23yXE%7CQyX-%23FZL%20xZ%20L%20x%20ZL%20lcKQyX-Q%7CD%23XYY%7DQyyQ%7DXyQXyQXyQXyQXyQ%20A%5E9%20E%5E9%20A%5E9%20G%23*-%235*%20C%23-9%20%3D%3D0%3D0
2eafaccc-86a8-49ee-8a3a-3334429310a9,irealb://Yellow%3DColdplay%3D%3DPop%20Ballad%3DB%3D%3D1r34LbKcu7yXQyX%20FormXQyX%3E%20C%20nI%20nI%20%20BA%20nI%20B%20A%20nI%20%20%3AyQXyQ%2072*%3C6E(EZT44BX6%23F(%20%7CQyX)6%23F(F%23ZL%20x)susB(%20%7CQy9)x%20Li*%5B%20Q%23FZL%20%7C%20(EaXBA*%7BY%5D%20%20x)sus(B%20%7CQyXBZL%20x)9ddyQKclQyX)9F%20-%23Gl%20LZEB*%5BY%5D%20%20lcKQyXB%20%7D%3E3x90*%3C%20lcKQyXEXyQ%7CcKQyX-%23FZLQr%7CXyyXBC*%5BY%5D%20%20lcKQXyEZLQyX%7CrQyXZLQQKcl%20yXZL%23XyQ%7CEXyQ%5D%20%3D%3D0%3D0
2ef67fc3-79fb-438f-85a1-d3c4c9ba46d2,irealb://Bewitched%3DRodgers%20Richard%3D%3DBallad%3DC%3D%3D1r34LbKcu7%295%237E4C%5E7%20%20%29E/7%5EC%287%5ECZL7%20G7-DZL%297o%23C%287-AC7%235%284T%7BA*%2C7Gs%20%20F%23o7ZL%297obE%287-A%20%296%28CG/6CZL%2911%237bB%28N1D-77%5EFZL%207hE%7CD-7XyFl%7C%2C7C%2C7-Gs%207-2DNZLQyX%7DQyX7G%7CQ%5E7XyQl%7C%2C7AL%297-E%5D*B%5BD7%5EF%287-DZL%20lcKQXy7-AZL%20lcKQyX6-%29%20G7%28%209b7AG%207-DG7LZE%23C%287-A%207%5EC%5BA*%5D7%20G%207-DZL7obE%207-o7%29LZ%207-DZC%28G/67%28C%5E71%237bB%287o%23F%207%5EFLZ%295%237E%285%237C%20%29E/1%29LZC%5ECZL76%29%20A-7%28Ebo7%29LZD-7%20G7LZC6%20A-7LZD-7%20G7%20Z%3DJazz-Medium%20Swing%3D85%3D3
2e9f89d6-978e-41da-a7b5-725a86864f22,irealb://Django%3DLewis%20John%3D%3DMedium%20Swing%3DF-%3D%3D1r34LbKcu7%7CQyX-T44F-X9b7F%7CQyX-F%7CQy9Xb7C%7CQyX-bB%7CQyXyQ%7CBb%5B%2Cv*%2CyXE/3XyQ%7CAQyXF/9b7G%7CQyX7Gh%7CQyX7%5EbD%7CQyX6b%7CC7b19b7bE7C%209bXyQ%7CBhD%207-F%7BA*Y%7DQyXF-%7CQyX9b7C%7CQyX-b7LZG7-F%7B%5DQ%207bD27b9%20B9b7CZL9b7G%207bDN1ZL7bA%207bEZL7-bXyQ%7DNFZL9byXF/6ZF-6XyX9b7F%7CQyXF/6-Bb%7CQyX9b7F%5BB*%5DQyQ%7CBb-L9b7CG%207-b9XyQ%7CQyX9b7FZLF/7ob%20B9b7F%7CQyXF/6-bB%5D*C%5BBb7F%7CQZLxZL7b9%20FxZL7bGZL7bD%207bZAL7-bE%207bBZL9b7LZDb7CZL7hGb7LZxLZDb7LZC7b9%20Z%20%3DJazz-Medium%20Swing%3D100%3D2
2e6e0693-6698-40a8-b1db-492b4d8edc51,irealb://Come%20Back%20Darling%3DFlatt%20Lester%3D%3DBluegrass%3DG%3D%3D1r34LbKcu7yXG%7CZ4GXyQQyXDZL%20lcKQyXGLZ%20lcKQyXCZL%20lcKKcl%20L4TA*%5BZL%20lcLZCXyB*%5B%5D%20%20lcKQyXG%7CyQXD%7CQyXGZL%20lcKQGXyQK%20lcKQL%20lcKcl%20LZL%20lcKQyXG%7CZL%20lKcQyXDZL%20lcKQyXGZCXyQKQyXCZGXyQ%7CDXyQ%7CGXyQKcl%20%20Z%20%3D%3D0%3D0
2eaccbd7-11f0-4f9d-b63c-7d46b81c9c70,irealb://Jailhouse%20Rock%3DPresley%20Elvis%3D%3DPop%3DEb%3D%3D1r34LbKcu7yX%7CQy44%20%28D%5BY%7D%29D%28%20QyX%7CQyXEb%7C%29D%28%20QyXZL%20bE%29*AEbXTi*%7BYQyXbA%7CEbXy%7CQyXbE%7C%29D%28%20QyXQ%7CyXbE%7C%29D%28%20QyX%7CQXyQLZ%29D%28%20QXbAB*Q%7CEbXXbE%7CQyXbE%7CQyXb%7CAQyXbB%7CQyXbE%7CQyyQ%5DY%5ByXbA%7C%20300%3CXyQ%7CEE%7CQyXbE%7CQyXbA%7CyQXbB%7CQyXbE%7CQyXbbXyQ%5DbA%7CQyRock%20Organ%3E%20%3D%3D0%3D0
2e476f93-dd2c-44a9-9ec4-96f52afad5d2,irealb://And%20What%20If%20I%20Don%27t=Hancock%20Herbie==Medium%20Swing=Eb==1r34LbKcu71N%7CQy4Eb7%20QyX7bEZL%20lcKQy7X%2DC%7CQyX7bEZL7bB%7CAb7X4TA%2A%7BX7GB%2AQ%7CF%2D77bEZL7bB%207%2DF2NLZ%20QyXQyX%7DQyXbB%2FXyQ%5D%5ByX7%2DFB%207bE%20LZC7%20lcKQyX7bBZL%20lKcQyX7FZL%20lcKQyX%20%5D%5B%2AAlcKQybB%2F7%2Db7XyQ7%2DF%7CQyX7bA%7CQyXb7EZL%20lcKQyX7%2DC%7CXyQ%7CFEZL7bXyQZ%20==0=0
2ecd263b-0308-48ad-bb68-7e2a1ef38dbd,irealb://Dear%20Lord=Coltrane%20John==Medium%20Swing=D==1r34LbKcu7%2DBZLx4D%5E7LxZL7%5EDZLxZLxZLZxL7%2DEZLxZLxZLxZLZxLZ4T%5BA%2Aus7AZ7LZB%2D%2DEZL6%2DBZL7%2DBZL%5E7%2DBZL%2DBZL6%2DBZL77LZxL%5E%2DBZL7%5ED%5BBZA7suZL7%2DEZL7%2DBZL7%5EZDLxZL5%237AZLxZLsA7%20%5D%2ALxZLsZLxZLxLZxLGZLxZLxZLxZL7%5EZDLxZLxZLxZL7%2DEZ%5E7LZxZLxZLZL7%5EG7LZxLFZL7%2DEZLxZL7%5EGLZxZL7%2D%23FZLxZLxZ%23%2D7LZ%5EGZLxA7susLZBb%5E7LZxLZD%5E7LZx%20Z==0=0
2ef54cf3-d544-447b-a7f7-c4d4d836d9be,irealb://Down%20By%20The%20Riverside=Traditional==Medium%20Swing=F==1r34LbKcu7yXFZL4FXyQyXFZL%20lcKQyX7CLZ%20x%20ZL%20x%20ZL%20lcKQKcl%204TA%2A%5BKQyX%2CLZ%20x%20%5D%20%20lcKQyX%2CFZL%20clKQyX%2C7CZL%20x%20ZL%5B%2ABBb%20lcKQL%20lcKF%2CXyQB%7CQyX7F%7CQyX%2CFZ%20LlcKQyX7CZL%20lcKb%2CXyQZL%20lcZF%2CXyQKcl%20LZC7%2CXyQKcl%20LZF%2CXyQKcl%20%20Z%20==0=0
2e11a1c0-571e-4d29-ad72-b40b2331dd3c,irealb://It%27s%20Impossible=Manzanero%20Armando==Ballad=G==1r34LbKcu7ZLsus%20G6LZD%7CQyX7%2DE%7CQyX7BQ%7CyX7h%23FZL6G%207%5EG%2D7%20G7G44T%7B7A%7CQyQ%7CE7XQyX7E%7CQyX7%5EG%7CQXy9F%7CQyX7%2DA1N%7CQy%7CA%2D7XyX7hB7%2DA%7CQ7XyQ%7CQyX7%5EG%7CQyX9F%7CQXy7%2DA2N%7C%7D%207D%207%2DA%7CE7XyD%7CQyXXyQ%7CD9XyQ%7CG6XyQ%7CA%2D7%20D7%20Z%20==0=0
2ee6b683-8ace-48ff-a0b0-09d10b7cf25f,irealb://Jumpin%20With%20Symphony%20Sid=Young%20Lester==Medium%20Swing=Bb==1r34LbKcu7ZL%20lcb7XyQbBZL%20lcKQyX7bELZ%20x%20ZL%20x%20ZL%20lcK7XyQKB44T%5BF7XyQ%7CEb7XyQ%7CBb7XyQKcl%20%20Z%20==0=0
2ee1d7ce-03db-4c14-a99f-5e1cb7de3278,irealb://Strangers%20In%20The%20Night=Kaempfert%20Bert==Slow%20Swing=F==1r34LbKcu76%2DGZL%2AA%2CF%5EA%2FF%7CQyX7%5EFZL%20xZ%20L%20x%20ZL%20lcKQyX7%20Abo7%2C%5B44T7Cpp%7CLZ%20x%20GZL%20x%20ZL%20x%20ZL%20clKQyX7%2DG%2CB%2A%2C%5B%5D%20%2D7XyQG%2FbE%20X7%2DGZ%5E7XyQQyX9b7DZL%20lcKQXy7hA%2CC%2A%2C%5B%5D%20%20lcKKcl%20LFZL9bZL%20x%20%2D6XyQKQyX7%5EF%2CA%2A%2C%5B%5D%20C7%207%2DGZL7%2DD%20C%2FF%7Ccl%20LZbB%7CQyF%2FA%20Abo7LZG%2D7XyQ%7CC7b9XyQ%7CF6XyQKcl%20%20Z%20==0=0
2ea32bbe-bdec-4ee7-97ff-12c8f224cbd6,irealb://What%20Are%20You%20Doing%20The%20Rest%20Of%20Your%20Life%3F=Legrand%20Michel==Ballad=A%2D==1r34LbKcu7D%7CQyX4A%2D%20AZL%20lcKQyX7%5EFZLh7%23F%20G%2F7%2DAZL%23G%2F%2DN1D%2D74T%7BA%2AQyX7%5EyQ%7CB%2D7E%207hB%7CQyX7%2DD2%7CN%7DQyX31b7E%7CQyX7b9LZAXC%2F7%2D7bD%207%5D%2AB%5BByX7%5EAZL7E%207%2DBZ7L%2D%23F%207%5EAZL7E%207%2DQ%7CAb%2D%20%20lcK%23F%20G%2F7XyQ%7C%23G%2F%2DA%20%2DA%5BA%2A%5D%203b17E%207%5EFZL7C%207%2DGLZA%2D7%5EbGZL%5EF%7CQy%5E7XyQE%7CQyX7%2DB%7CQyXC%2F%2D7D%7CQyX7%2DDZL%20lcK7b13XFZL7hAZL31Bh7%20EhB%7CQyXE%2F7%2DA%7CQy1X1%237F%7CQyX7%5EFZL77%20E7b%7CQyX7%2DXyQ%7CBh7%20E7b9%20Z==0=0
2e2a3189-279b-4fe2-94e6-a2b99ed37766,irealb://You%20Don%27t%20Know%20What%20Love%20Is=Raye%2DDePaul==Ballad=F%2D==1r34LbKcu7ZL9b74F%2D7X%7CQyX7bDZL9b7C%20%2D7FZL9b7C%207bD%7CQyGh7%20C4T%7BA%2AbD2NZE7%2CEbQyX%7D%209b7C%207hG%7CyQX7bD1N%7Cl%2C7D%2C7%2DXyQ%20L%2C7%2DFs7%5EbAZ9LZF%2D7%2DbB%7CQyX7%5EbAZLb7E%207%2DbB%5BB%2A%5DQyX6%20Eb7Lb7C%2077C%207b%2D7%20G77%2DF%5BA%2A%5DQyX9b7CQ%7CyX7bD%7CQyX7%5ECZLXyQ%7CDD%7CQyXD%7Cl%2C7%2D7%20C7E%2C7E%2C7%2DFsZL9b7%20C7hG%7CQyX7bDZL9bb%2D7%2CDFZL9bb7%20C7b9LZF%2D6%20%20%20Z==0=0
2e3fdf04-226d-4edf-a56a-4ef352b4c5d9,irealb://AB%201bar%20%2D%20Random%2001%20%2D%20Maj9%20Rootless=JonBlanckMusic%2Ecom==Medium%20Swing=C==1r34LbKcu7%5EbD%7CQ%5E9XyQ%7CQyX9%5ED%7CQyX9%5Eb%7CEQyX9%5EB%7CQyX9%5EA%7CG%5E9XyF44T%5B%7CQyX9Gb%5E9XyX9%5EG%7CQyX9%5EbG%7CyQX9%5EE%7CQyX9%5EA%7CQyQ%7CAb%5E%7CQyX9yX9%5EBQ%7CBb%5E%5EG%7CQyX9%5EbD%7CQyX%5E9C%7CQyX9%5EbE%7CQyX99XyQ%7CyX9%5EFyX9%5EEXyQ%7CD%5EC%7CQyX9%5EbA%7CQyX%5E9A%7CQyX9%5EF%7CQyX9%5E9XyQ%7C9%5EG%7CQQ%7CBb%5E9XyQZ%20==0=0
2e830ee0-3d04-490f-bf32-d3a91902acf0,irealb://Serrado%3DDjavan%3D%3DSamba%3DA-%3D0%3D1r34LbKcu7A%7CQyX4A-9XyX9D%7CQyX9-AZLQXy%7CrQyX%7CQyX9D%7CQyQ%7CA-94TA*%7BXsus9-9LZGcKQyX7%5EFZLQyX%7CQryX%7CQyX9C%7CQyX9-l%20LZBbA%209-X9D%7CQ%20LZ%7CBB*%5B%20%20QyXQyX%7DQy5X%239%237E%7CQyX11%237bA-9XylcKQy%7CQyX9Qr%7CXy-bA%209-A%7CQyX9-AQ%7CyX9D%7CQyX9-AZLQ9LZG-yX%7CQy%209%237E%7CXyQrQyX11%237F%7CQyX9bB7%7CQyX7h%23FZLQyX%7C%7CBh7%20QyX9CX7hBZ-9XyQQyX7%5EF%7CQyX9C%7CQXy9-GZL9-bA%209-A%7CKcl%20LAC*%7B%5DyQ%7CE7b13%20%20%3C3x%3E%20%7D%7CA-9XyQKcl%20LZXyQr%7CXyQ%20Z%3DLatin-Brazil%3A%20Samba%3D200%3D0
2e55da62-40a2-44fc-9b5d-cc47280a1f42,irealb://Tudo%20Que%20Voce%20Podia%20Ser=Nascimento%20Milton==Bossa%20Nova=C==1r34LbKcu7yX7%2DA4D%2D7X%2DDSA%2A%7B%5DQyX7%2DG%7CyQX7%2DD%7CQyX7%2DG%7CQy7XyQ%7C4Ti%2A%5BZL%2C7%2DXyQ%7CAZL7%2DA%207%2DGZL7%2DA7%20%2DGl%7C%2C%2DbAsQ%20%207%2DG%2D7%20A7%2DD%7CQG%207%2DDXyQ%7CG%207%2DGZL%207%2DE2N%7D%207%20%2DGZL%207%2DD%7CQyX7%2D%20%5D%5B%2AB7%2DD1NG%7CQyX%2D7%20A%2D%20x%20ZL%20x%20ZL7%2DA%20%2D7GZLQyX%7CrQyXZL7LZE%2D7EZL7%2DA%207%2DG%7BD%2D7%20yX%7D%207%2DA%207%2DE%3EadCo%20la%20%2ES%2ED%3CZL7%2DGQ%20Y%7BQQyX7%2DQyX%7Cr%20LZx%207%2DA%207%2DEZL7%2DG%207D%2DZL%207%2DGZL%207%2DEZLLZXyQxZL7%2D%20%7D%20==0=0
2eb07f48-2e01-44e9-ab55-12f9c52d1e86,irealb://Vidro%20E%20Corte=Nascimento%20Milton==Pop%20Ballad=A%2D==1r34LbKcu7XB%2FG%7C4A%2D7XAl%7C%2C7bBs%20%207hB%7CyQX7%5EF%7CQyX96G%7CQy%2D7XyQ3TA%2A%5B%2DA%7CQyyQ%7CBhQyX7%5EF%7CQyX96G%7CyQX7%2DAl%7C%2C7bBs%20%207%7CBb7XXC%7CQyL%20lcKG%2FBXy%23FlB%2A%5B%5D%2C7Es%20%20ssu7Bl%7C%2C7bBs%20%20C%7CQh7XyQ%7CQyX7XC%2FF%7CyQ%7CE7C%7CQyXE%7CQyXD%7CQyCX%2F%2DAl%7C%2C7Es%20%20sus%5E7XyQX7%5EFZF%7CQyX6%2FD%20%20yX7%2DAl%7C%2C7bBs%20%20h7B%7CQyX96Cl%7C%2C7AsQ%7CD%2FA%2DG%7CQyQyX7%2D%7CD%2D7%20%20%20x%20ZL%20x%20ZL%20lcQKyX7%2DAl%7C%2C7bBsQ%20ZY%5BQAQyXC%2F%7CD%2FAXyQ%7CF%2FCXyQ%7CD%2D7%20%20sBb7%2C%7Cf%3CFine%3ElA%2D7%20%20U%20Z%20==0=0
2ea95ed0-a5fc-405b-b66d-9d47775fab9d,irealb://Ligia=Jobim%20Antonio%2DCarlos==Bossa%20Nova=B=11=1r34LbKcu7sus7%23%23%2D7Xy7h%23C%7CQyX7oD%7CQy7X%2D%23D%7CQyX5%237%23F%7CQXyQ%7CFC44T%5B%7CQyX7ZA%23%2D7yX7%5EB%7CQyX7oF%7CQXy7%5EE%7CQyX7%23D%7CQyXQ%7CG%23%2DL7%23F%20F%2D7XyQ%7CBb7XyQ%7CD%23%5E7%20G%237%235LZC%23%2D7XyQ%7CC7susXyQKcl%20%20Z=Jazz%2DBossa%20Nova=140=0
2e0385e2-fc3f-4971-b8a5-1b8215e6ce2d,irealb://Aviao%3DDjavan%3D%3DSamba%20Funk%3DE%3D4%3D1r34LbKcu7C%207-%2322%3C*79%5EA%7CQyX7-%23G%7CQy7X-%23F%3E871%20mpb%20%204XyQ%7CGTi*%7BY9b7%23C*728x%7CQyX9%5EA%7CQyX7-%23%7CGQyX7-%23FA*%7BY%7D%20%3EG%23-7%20%3C9b7%2331%5EEBx%3E%20%7D%7CyXsus9B%7CQyX9%5EAQ%7CyX7-%23G%7CQyX7-%23FQ%5DY%7B*327*%3ClcKQyls%20(W%7CQyX9b7%23C%7CQyX7%23-Gl%7C%2C)G%2FW(%20)%23F%2FF%2313XcKQyXC%2FW(%20-7XyQ%20%20%2C9B2N%7CQyXQyXyQXQyX%7DQyX%2C9B1N%7C(W%2FC)%23FZL%20QyX%3C%7C%7BQlF%23A%7CQyX7-%23G%7CQyX%3Eloos%20htnys47*%3C7-%5E9XyQYY%5D)%23%20%20vamp%20out%3EG%23-7%20C%237b9%3C*728x%3E%20%7D%20%3DBrazilian-Samba%3D178%3D3
2ee52f12-daac-4cd6-b97e-fb11705ca4af,irealb://On%20Broadway%20%28The%20Drifters%29=Mann%2DWeil%2DStoller%2DLeiber%20%28The%20Drifters%29==R%27n%27B=Gb==1r34LbKcu7ZLsus44%3C%2A7%EF%B8%B6QyX75%2A%3C%20%3Empb810%20%2F%20rojam%20bG%20%204%3E%20F%239Ti%2A%5BY36%2A%3C%20%20x%20LZus9%23F%20%23FA%2A%7BY%5D%20x%20%3E801%20mpb%2047%2A%3C%20sLZ%20xZL%20x%20l%7C%2C%23F%20x%20LZ%23Fs%20%23F%3E%E2%99%A9QyXQyX%E2%99%A9%2EQyXQyX%2E%E2%99%A9%20%2017%2A%3C9sus%2C%7D%20%3Ex3%20x%20ZLsusLZsus9%23F%20%23FZL%23C%20ZBLsus9B%20%2CBZL%20x%20LZ%20x%209B%20%2CB47%2A%3CA1%20%20%E2%99%A9%2E%23F%2Csus9%23Fs%20%2C%23F%E2%99%A9%3EQyXQyX%2E%E2%99%A9QyXQyX%2C%5DY%7B%2A7%2A%3CZL17%2A%3CZ%20chg%3A%20%3Ex336%2A%3C%20x%20ZLssu9G%20Gl%3E%E2%86%91pets%20%C2%BD%20%7D%20x%20Lyek%20%20x%20ZL%20yQXyQus9C%20%2CCl%7C%2CG%2Csu9sGs%20G%3E%E2%99%A9QyXQyX%2E%E2%99%A9sLZ%20xX%2E%E2%99%A9%20%20QyXQy%20DLZGXQyX%2E%E2%99%A9%20%2017%2A%3CZLx%20%20ZL%20x%20ZLsus9G%20yQ%E2%99%A9%2EX%2CCZL%20us9bAsG9suts%20%C2%BD%20%3Aghc%20yek4%2A7%3CbAlSA%2A%7BY%5D%2CG%2Csep%E2%86%91%3E%20%20%2CG%3E%E2%99%A9bAs%20b%20%3C%2A63XQyX%2E%E2%99%A9QyXQyX%2E%E2%99%A9%20%2017%2A%3CZL%20x%20%7D%20%3Ex3yQ%E2%99%A9%3EAx%20ZLsLsus9Ab%2C%7ClAZLbE%20bDZL%20x%20Z%20Lx%20ZLsus9bD%20%2CbDb%2C%20Ab%2Csus9ZL%20x%20Z%20x%20L9bA%20%2CbA%7BY%5D%20%20x%20e%3EniF%20la%20%2ES%2ED%20%3CZsusLZL%20x%20Z%20x%20LZ%3CXyQ%20%20vamp%20out%3E%20x%20%3C%2A633x%3E%20%7D%20=Pop%2DRock=108=1
2ec7b077-42ef-4b03-9314-9e19c8d1c641,irealb://You%20Are%20My%20Sunshine=Gene%20Autrey%20%28Jimmie%20Davis%29==Country=A==1r34LbKcu7%20%20lcK4%3C%2A66QyX7E%7CQyXA%3Empb0%2081%20%2F%20rojam%20A%20%20%7CAXyQ4Ti%2A%5BQyXDZXyQKc%7CQyXAZL%20lcKQyX%7CDQyX7A%7CQyXAZL%20lA%20A7LAA%2A%7B%5DKcl%20LZAXyQKcl%20LZAXyQ%7CE7XyQ%7CAXyQKcl%20%3C8x%3E%20%7D%20=Pop%2DCountry=180=1
2e5d9c7f-6bb2-44be-9551-6ddd7b898cab,irealb://Guardei%20Minha%20Viola%3DPaulinho%20da%20Viola%3D%3DSamba%3DE%3D5%3D1r34LbKcu72N%7CQy4E%20C%23yXQyX%7D%20%2C7B%20E1NQ%7CyX7B%7CQyX-%23FZL7QXyQX4TA*%7B%7CQyX7%20%5DYY%5BX7%23GZLn%20%20%7CrQyXLZoF%20EZL7B%20-%23FB*yQ%7CC%23%2CoF%20EF%23-%20B7LZE%20B7%20Z%20%3D%3D0%3D0
2e1e3e20-16f5-4d6f-ab65-b6525cde5f4f,irealb://Tatuagem%3DSargento%20Nelson%3D%3DSamba%3DC-%3D5%3D1r34LbKcu7%C3%BA%20uem4F-%20GY%5D%20%2C7G%20-CZL7G%20b%5EAZLbB/-C%20-CZL7Y%7B%3CO%204Ti*%5BX-F%7CQfraca%7D%20%2C7G%20-C%7CQyX7GQ%7CyX-F%7CQyX-C%3Eoss%7CC7Xy%20ocin%20%297bA7XyQ%7CZL7G%20%5EbAZL%20n%2C-ZCL7G%20-F%7B%7CQyX%5EbEC-%20%20%28bB%7CQy%28G7%29%7D%20%3D%3D0%3D0
2e0fd7ef-625c-40f4-a2b2-c990fa7229ee,irealb://For%20Once%20In%20My%20Life%201=Stevie%20Wonder%20%28Miller%2C%20Murden%29==Soul=F==1r34LbKcu7GZL%23F4FXyQ%206FZL%2BF%20FA%2A%7B%20%20yQXQyX%7D%20%3Ex3%3C%20lcKD7b9%2F4Ti%2A%7B%20FZL9%20D7LZ1NZL7C%207%2DGZL7%5EG%2D%20%2DGZL7D%20%297C%28%2DGF%20C7%23%29%2DG%28%2DC%2C%5EbB%2ABFLZ%2DGsZL7%2DDZL7%2DAZ6LbBZL7%5EbBZL5%237F%2CA%2D%2C%7C%5B%5D%207CL7%2DD%202lF%5E77GZL7%5EbBZL5%237FLZFC%2A%5BQyX7FZL6F%20LZF%2FCN%7C%7D%2C7G%20bGAC7LZF1bD%207%5EDZLE%206bGLZ31C%207%5EbDZLbE%2063%20%5D%7B%2A%207%2DGZA%20%2DbAb6%20Eb%20%297bE%28%2DbAZL7bE%29%20%2DbA%28%2DbAZLG%2F9b7Eb7LZGZL%2BbZL7%5EBZAb%2D7ZLbGB%2A%5BQyXbGZL%2397bD%20bG1NZL7bD%20Gb%2BLZL7%5E%2DbX7bGZb%2DLZE7%5EbGl2N%7C%7D%2C7bD%2CB%5E%7C%2C%2DbB%2C%2DbAsZL%2Db%20Gb6LBZL6BZL7bDCGbLZZL%2C%2DbE%20%2CbD%2FbGZ7LbAZL7%5EBZL5%237bGAb%2D%2C%20%2A%5B%5DQy%7BGb6%20ELZD%5E7%20Db13LZGb6%20ELZD%5E7%20Db13%20%7D%20=Pop%2DSoul=110=1
2e9ebe2d-fc4b-4389-a120-f72b84b16a41,irealb://ANOTHER%20SOMEBOY%20DONE%20SOMEBODY%20WRONG%20SONG%3DMoman%20Butler%2C%3D%3DMedium%20Swing%3DC%3D0%3D1r34LbKcu7X7AZLXyQ%7CDyXDZL%20lcKQyXGZ%20LlcKQyX7D%7CQyX7%5EQKcl%20D44T%5B%20lcKQ%20LZD%20L%20lcKQyX7%23FZL%20clKQyXD%7CQyX7AZLGZB7XylcKQyyX7E%7CyQKcl%7C%2CC%2FW%2C%23C%2FW%2CD%2FWD%2CZL%20lcKQyX7AZL%20B7XyQX7EZLQKcl%20LZA7XyQ%7CDXyQ%5D%20%3DJazz-Medium%20Up%20Swing%3D115%3D3
2eddee6e-79ee-4aeb-bc4c-a8d7676293d1,irealb://Lembra%20%28Nightmood%29%3DLins%20Ivan%3D%3DBallad%3DC%3D%3D1r34LbKcu7%20sus94C%5E7X7-EZL7B%207-%23F%7CQXy7-AZL7E%207-B%7CQyXyQ%7CA4TA*%7BZL5%239ZD9suyXsus9CB*%5BY%7D%2059%23G%20sus31GZL9D%20sQ%7CppCL5%239AQyX7%5EQ%7CBb9%239bA%20sus9bA%7CQy7X-bEZL5%239bB%20sus5LZDbyX7-FEZL7B5%20G7a%7CQyX7-AZL7E%207-%7CBQyX7%5ECC*%5BY%5D%20tlF%23-7%20b7-D%7CyX7%5EC%7CA9su%205%239G%20sus31GZLD9%20sus9DZL5%239A%20s%5DYY%7BQQyX7-Q%7CDb9%2311%20%20%3C*72x3%3E%20%7DC%5E7%20LZ%20%28Db9%2311%29%20LZfC%5E9%2311%20Z%20%3D%3D0%3D0
2e56b762-18fb-4d96-b679-083c69700ed4,irealb://Noturna%3DLins%20Ivan%3D%3DBrazilian%20Pop%3DE%3D%3D1r34LbKcu7%7CQyX%234lE%20Aa%23F%206A%207%5EAZL119%23bB%20B/7%5EE%20%23C/96dd9/A4Ti*%5BX9dda%20C%23-7ZL31B%209B%20C/6-A1%201-%23FZL31G%207-D%20Y%7B*AEB/7%5EE-%23A%7CQ7b13X%7CQyX9-B%7CQyXC/9dda%23G%7CQyX9-%23C%7CQyE13Xy%23G%7CQy5b7-%23Q%7CA-6E%209-%23FZL7G%2031GQ%7CyX%23G/9ddaE%7CQyX-9LZDyX5b77B2N%7C9b13L1b7B1N%7CQyX31B%7CyQX31%23F%7CQyX9-%23CZ3XyQ%7Db7%23G%20b13XyQ%7CE7%2311XyQKcl%20LZXyQ%20%7BE7%2311XyQ%7CE7%2311XyQ%7D%7C%20%3D%3D0%3D0
2e9c5e05-dc78-4581-9b7f-67dfeb809c70,irealb://Jesus%20At%20The%20Center%3DHoughton%20Israel%3D%3DMedium%20Swing%3DA%3D%3D1r34LbKcu7-%23F%2CE44A%20B%5EDZL%2CE%2011EZL%2CA%5E%20D%7CQyX%23C%2FAZL%2C7-%20A%2CLZTA*%7BYDZL%2C%23%7CDXyQZL%2CA%2FD%20A%7CQyX7-%7CBQyXDZL%2C%23C%2FA%20E%7CA%20A%2FC%2CE%20%2C7yXE%7CQ-7XyQyX7-%23F%7CQyXESB*Y%7B%7DQyXE%7CQyX7-%23F%7CQ%7CDXyB%7CQyXA%20%5ED%7CQ%7CF%23-%2FAZL%2C7-B%20AC*%5BY%20%7DQ%20%20E%7CQyXDZLA%207C%23XyQyXE%7CQD%7CQyX1%20E%2CLXD%7CQyXE%7CQyXD%7C%2C%20E7-%23F%2CEZL%2CA%20%5EDZyQ%7CE%2C1EZL%2CXyQ%7CEXyQ%7CDXyQ%7C%3CD.S.%20al%20Coda%3EEXyQ%5D%20%3DPop-Soul%3D95%3D3
2e22f78e-dd31-4151-98d6-3b25caa86033,irealb://Addicted=Winehouse%20Amy==Motown=Eb==1r34LbKcu7%7CQyX74EbXyX7%2DF%7CQyXbEA%2A%7BZ%20Lx%20ZL%20x%20ZL%20lcKQyQ%7CG%2D4Ti%2A%5BX7%2DGZQ%7CAb%5EQyXsusbDZL%20lcKyQX7%2DGZL%20lcKQyX7Kcl%20LyX7%2DFB%7CQyXXyQ%7CF%20%3Ex4%3C%20%207bB%7CQyXb%5EE%7CQyX7bB%7CQyX7%2D%7D%7CF%2D77C%7CQysuroh%7C%2Cf%2C%3C%20eht%20no%20soloS%3CQ%20yX%7CQyX%5EbE%3EeniF3rd%20cQyX7b%3E%20=Jazz%2DMedium%20Swing=100=3
2e7ef898-3138-47b9-9171-621b5723f8e4,irealb://Celeste%20-%20First%20Steps%20%20(vgls)%3DRaine%20Lena%3D%3DPop%3DE%3D4%3D1r34LbKcu7E%7CA%2CDsusLZA%2CDZLEA*%5B%20%20QyXyQX%7D%20xZLsusE%7B%7D%20x%2C%7CELZE44T%7BX7%5ECZ%2C%7CELZZL-E%20susEZL7%5ECG%20%7CQyX7%5ECS%5B%5D%2CA%2CDD%20E-LA%2CDZLot96*C%5E7LZEZL-EZLsus7Ev*%5D%7B%20-E%20DZL-E%20susE7sus%3C%20G%7CQy%3CZLG%7C%3ELZE-G%7CC%2CFZLG%7CC%2CFZLBG*%5B%20%20QyXQyX%7D%20Q%2CLZF%2CCadoc%20sus7Eal%20CoEZL%3EadoC96*%3Csu7sEQC*%5BY%5D%2CC%2CF%3Ead7%2FDLZ%20.S.D-EZL7DLZE7CZL96CZLD%2F7EZLuss7EZLD%2F7EZLsus2LZE-%2F7EZLeehsd69LZC.www%2F%2F%3Asptth%3CD%7B*%5D%2011-EZL7-EZL2vgleaCZL11ts.com%3EE-LZxLZxLZx%20%7DEsusLZx%20Z%20%3DPop-Slow%20Rock%3D90%3D3
2e15c456-33b2-42d2-8e77-1fdd75faa61f,irealb://Final%20Fantasy%20XIII%20-%20The%20Yaschas%20Massif%20%20(vgls)%3DHamauzu%20Masashi%3D%3DBossa%20Nova%3DG%3D7%3D1r34LbKcu7X7-AZ7XyQ%7CQyX7%5EGA*%7B%5DQyX6Ab%7CQyX7%5EG%7CQyX6bAKcl%20L%5EGi*%5BN%7CQyX%20LZ%20xXQyX%7DQyX7h%23F1NQ%7CyX7%5EG%7CQyX9DZL%20yQXyQlcKQyAZL%20lyQ%5D%5B*31AZL%20lcKQyX9-%7CEQyX7B%7CQyX7h%23FBXyQKcX7%5EG27-B%7CQ%7CAb13%7CQyX7%5EC%7CQyX7G%7CyQX7%5EGC*%5B%5DQyX11%23C-7XyQyX7-.stee9XyQ%7Clgv.www%2F%2F%3Asptt%3Ch%7CQyX31D%7CQyX9-AeadshE%7CQyXcom%3EG%5E9XyQ%7CAb%5E7XyQ%7CG%5E7XyQ%7CAb6XyQZ%20%3DJazz-Bossa%20Nova%3D160%3D4
2ecc604a-d0aa-4c26-ac28-2103d630a376,irealb://Super%20Mario%20Bros.%203%20-%20Athletic%20%20(vgls)%3DKondo%20Koji%3D%3DEven%208ths%3DC%3D0%3D1r34LbKcu7LG%20FZ4nXyQCZLG%20FZLE%2FC%20CA%5B*%20%20QyXQyX%5DQyXn%7C%20C%2FEL4Ti*%5B7C%2CbDLZF%20GTZL%2C7Gl%2C-Ds%207%5EZFLC%207GZL-D%20-AZL54lC%20-E%20CZ%7CQyXFXyQ%5B*%2C-Ds%20C%7CQyX-D%7CQXyE%2F7%5EC%7CQyXF44TBE-%2C%7ClQyX%5D%20steeh%20LZD-gv.www%2F%2F%3Asptth63*%3CZ%20%20xZL%205GZL%20leadsE%2F7%5EC.com%3E%20%3DJazz-Even%208ths%3D140%3D3
2e0749f9-c9c2-4b93-b81b-87fcc72d86f6,irealb://Flor%20Amorosa%3DCallado%20Joaquim%3D%3DChoro%3DC%3D0%3D1r34LbKcu7(%20%20CZXyQ%7CC7DZL7A%20CZL-F%20FLZ7C%20C%7CQyX7G%7CQyX%20G7%2CL7GA*%5B)5b7-%7B*BA-D%7CQyX-AZL7E%20-AQ%7CyX7E%7CQyX-D%7CQyX-%20%20(B%7D%20)7C%5D%20)7GsF%23o%2CA2N%7CQyXQyXQyXQXy%7D%207E%20-Al1N%7C%2C7E-%2Cn%20(%20-AZLl%7CQyXyQ%7CC7X-AZL)5b7-B(%20%20%7CFQyXF%7CQyX7C%7CQyXyQ%7CE7XFC*%7BL7F%20F)%20(G%23%7CQyX7C%7CQyX7C%7CQXyFl%7C)7C(%20)G(7C)FXyQ%7C-A(-AF%2CFs2b-LZsQyXQyXQyX%7D%207C%20lF1N%7C%2C7C%2C-G%2C7D%2CFXyQ%7CNB%20bBZ%237%2ClG7%20%5D%20%3DJazz-Medium%20Swing%3D100%3D0
2ed26e75-df5f-4d6d-af63-3556a241f197,irealb://Blind%3DFrizzera%20Lorenzo%3D%3DMedium%20Swing%3DC%3D%3D1r34LbKcu7BZL%2CC8snXybB%2F11-CZLB%2F7-CLZ%2C11-CSA*%7B%20QyXQLZFo%2F6Ti*%7CLG%2F7%5EC%2CLZB7%5EbAZL%2CbB%2F7%5EbELZ%2CbB%2F7%5EbBZLB%2F%5Eb%2CLZAb%2FsusbG2N%7D%20LZG-7ZL%2CG1NZL%2C31%5EbALZ%2C7%5EbA%7CY%7C%2C6b-G%2CG7%235%2C11-FZZLbE%2Fus%2CQ%3CF%2F-CB*%7B%20QyX%7D%20%3Ed.nE%20dn2%20la%20.S.D%2CLZC-s7GZLFZLbELZC-%2FL%2CD%2F11-CZLbE%2F9C-ZL%2CF%2F11-C%7D%20%2CbEZC-9%2F%2CD%2F-CY%5D%20xZ%2CLZxLusbBZLxZL%2CbB%2FssubAZLxZLA%2FsusGZs%2FC%2CLG%2FsusL%2CbED%2CLZxL6b-CZL%2C6-CZLxZ%2CL9-CZLxZL%2C11-CZ%20%7DY%7C*-CC*%7BZLbAZZF-LZCZL-C%7B%20%2CB%2FGZLbZBL-FZL%2CbAZLG%2FbE-%2FBbLLE%2FCZL%2CD%2F9ZF-LZE%2F9-CZLF%2F9-CQ%7B%7DY%20%2CbBZLbAZLG%2FbEbLZC-LG%2FbE7-C2NEbLZC%2F11-C%20D%2F11-C1NLZbE%2F11-CZLF%2F11-Eb%20%7D%7C%2F9-CZ%2FDLZUC-%2FEb%20Z%20%3DJazz-Even%208ths%3D140%3D3
2e249a21-cce2-4403-9d4b-6f4688f4710e,irealb://Affirmation%3DFeliciano%20Jose%3D%3DPop-Smooth%3DD%3D%3D1r34LbKcu7yXx%7CQ-7XyQ%7CQyXx%7CQyX7-E%7CQXyx%7CQyX7-B%7CQyXx%7CB-7XyE44T%5B%7CQyXxXyQ%7CAA%7CQyXx%7CQyX7E%7CQXyx%7CQyX%5EGZL7D%207-7XyQ%7C7-B%7CQ-B%7CQyQ%7CxXyX7-B%7CQyXx%7CQyX7E-%7CQyXx%7CQyX7-B%7CQyQ%7CxXyX7-Ex%7CQyXA-7%20DA%207-EZL7-F%207-%23%7CFQyX9C%7CQyX%5EGZL77LZD%5E%7CQyX7%5E%23D%20%5E%23%5EXyQX%5E%23AZL%5E%23D%20%5E%23A%7CyQX%5E%23AZL%5E%23D%20%5E%23A%7CyQ%7CA%23A%7CQyX%7CQyXxyQ%7CxX%7CQyXxZL%23F/7-B%20-7B%7CQyX7-BB*%7B%7DQyxXyQ%7CX7AZLxXyQ%7CxXyQ%7C%2CS%2CxXyQZ%20%3DPop-Smooth%3D105%3D2
2e86a5ad-cdee-4b9e-b142-a913688dbe21,irealb://Africa%3DPaitch%20David%3D%3DMid%20Tempo%20Pop%20Rock%3DA%3D%3D1r34LbKcu77-%23G%20/G%23%2CCL7-%23D%20B%2CS%2C%7B%7D%20QXy%7CrQyXZLQyX%7C7-%23ZG%23-7E%20As%7B7-%23D%20A/E%20E%23C%2C%23G/E%20As44T%7CLZ%207-%23G22TZL%20%23F/-7%7D%7CBZL%23F/LD%207-7LZsA%20AZLD%207-%23F%7CZL%20-7%23C%7C%2C7-%23C%2C%23G/E%2CELZF%23-%23GZLAs%5B%23GZ%7CF%23-%23F%20EZL7-%23C%20AZL%20D7-%23FZLE%20AZLD%207-7%2CE/LE%20AZ%20E/G%23%2CC%23-7%2C%7CC%23-7XyQ%7C%20%2CLZ%3CTo%20DS%3E%20%20%5D%20%3D%3D0%3D0
2e118fbf-8889-401a-b7e9-e3d60d1872ff,irealb://Noto%20Swing%20%2D%20rn%201=Reinhardt%20Lulu==Up%20Tempo%20Swing=A%2D==1r34LbKcu7NZL%20l4%3C%20AA7EZL%20lcKQyX96bZBL%20lcKQyX6%2DA%3EABXyQKc4TA%2A%7B6%2DA2N%201%2E%20%26XQyX%7D%20%20%3EeniF%3C%20E7ZL%20%2CU%2C%206%2DA%3E%2E3%20yQ%20LZ66%2A%3C0L%20lcKl%20%20%5D%5BZL%20lcKQyX96C%7CQXy9b31G%7CQyX7%2DDB%2AF7XyQcKQyXZE7XyQ%7C%3CD%2EC%2E%20al%20Fine%3E%20x%20%20%7D%20=Jazz%2DGypsy%20Jazz=240=3
2e885334-335f-4982-8b9c-63d47dd2fec3,irealb://Everything%20Happens%20To%20Me%3DDennis%20Matt%3D%3DBallad%3DBb%3D%3D1r34LbKcu7%2C7-bE4C-7%20ZL7G%207hDZL7F%207C-ZL7obD%207-DZL7FC-7%20s4TA*%7B6bB2NlD-7%20yXQyXQyX%7D%207G%207D-1NZL7F%207-CZL7GQXyQ%7C%7C%2C7bA-E%7CQy%5B*BF-ZL9b7bB%207-FZL7C-%207%5EbEZL9%237bB%207Eb%5E7XY%5DQyXobD%2079LZD%5EF%207-CA*%5BY%5D%207F%20-7CZL7C%207-G%7CQyX77LZD-%237A%207L7F%2077%20F7LG%207-Dl%7C%2C7bA%2C7-Ebs%207-CZL7G%207hDZ7LZC--CZL7ZBb6XyQZ%20%3D%3D0%3D0
2e453072-7de9-4381-9e5a-3d1c53f3a822,irealb://Godchild%3DWallington%20George%3D%3DMedium%20Swing%3DAb%3D%3D1r34LbKcu7-B%207-4Ab%5E7G%207-bDZL7bA%207-EbZL7oB%207-bB%7CQyXb7LZC4TA*%7BbA2N%7C-7%20EbXQyXQyX%7D%207bE%207b-B1N%7CQyX7%5EbAZL7yQXyQbBZL7yX7%5Eb%239%20%5DYB%207-F%7CQyX7%5ECZLG7%207-D%7CQyX7%5ECB*%5Bb7LZE7G%207%5EL7oB%20%20Bb7LQyX7%5EbAA*%5BY%5D%207Eb%207-bB%7CQyX7%5EbEZ%7CBb-77-F%7CQbB%7CQy%20Ab7LZL7bE%207-bBZL7-%20B7-CZL7bG%207-bDZAb%5E7X7-bEZ-7%20Eb7%20Z%20%3D%3D0%3D0
2e2caaf6-45b6-41b0-8dee-526c60f86234,irealb://Gone%20With%20The%20Wind%3DWrubel%20Allie%3D%3DMedium%20Swing%3DEb%3D%3D1r34LbKcu7GZL7D4F-7%20QyX7%5EbEZL7bB%207F-ZL7C%207%5EbEZL7bB%7CA-7%204TA*%5BE%7CQyXZA-7%20yX7-F%7CQyX7o%23F%7CyQX-G%7CQyX7%5EGZL7DQ%7CBb7L7E%206%5EbEZL7%235LZ-FB*%5BY%5DQyX7bB%7CyQX7-FZL9b7C%207bD7%20Bb7D%207%5EbX7%5EGZZF-7%20-AZL7E%206GZL7D%20-7A%7CQyX7%5EbEZL7bB7%20D7LL7C%207B%7CQyX7XyQ%7C9b7C%207hGZL7bB%207%29%5EbA%287-F%7CQyX7-CLZF-7-F%7CQyb7XyQ%7CUEb%5E7XyQ%7CGh7%20C7%20Z%20%3D%3D0%3D0
2e807071-4772-4ffc-8829-adef0fa6fe0a,irealb://Isfahan%3DStrayhorn-Ellington%3D%3DMedium%20Swing%3DDb%3D%3D1r34LbKcu7X9b314Db%5E7X7%5EAZL%20lcKQyX9EbZL7bB%207%5EbB%7CQyXyQ%7CAb4TA*%5B7-GZL%5E7XyQ7hA%7CQyX7-FZL9bC7%207hGB*%5BY%5D%20%20lcK%20D7b9bD%7CQy%7CQyX7h7XyQ%5BY%5D%207%5ED%207%5EbEZL%5E7E%207%5EF%7CQyX9b7C%7C*ADb%5EG%7CQyXcKQyXBb7LZD%7CQyX9b31bA%7CQy7X%5EAZL%20lcKQyX9bEb7%2311%207%5EbBbA%7CQy%5B*CGb%7CQyX7bB%7CQyX11%23F7%7CQyX9%237C%7CQyX7%5EEb13XY%5D%20%20l13b9XyQ%7CDb6XyQ%7CEb-7%20Ab7%20Z%20%3D%3D0%3D0
2efd37f2-05d9-476d-8a72-466483d7d9ce,irealb://Whispering%20-%20www.tradjazz.ru%3DRose%20Schonberger-Coburn-V.%3D%3DMedium%20Swing%3DEb%3D%3D1r34LbKcu7QyX%2C7bXyQK7bDZL%20lcKQyXbELZ%20lcKQyX7DZL%20lcXyQ%7CCE44T%7BbB%7CQyyQKclQyX%2C%2BbG%7CQyXbE1ZNL%20lcKQyX7bBZL%20%7CF-7XX7F%7C%7C7%2CXyQ%7DY%7CN2F-7XyQ%7CBb7%28F-7%29%20%20%28Ab-%29LZEbXyQKcl%20%20Z%20%3DJazz-Medium%20Swing%3D100%3D3
2efbef71-0dcf-4e3c-b7b6-a750e85a1e3d,irealb://Hymne%20%C3%A0%20l'amour%3DMonnot%20Marguerite%3D%3DChansons%20Fr%3DG%3D5%3D1r34LbKcu7%20GZL-En%20F%3E%2BG%20G%7CQyX7D%7CQyX-%2CA%7CQyX%2C-EZL7B%20GLZC%20C%3CSA*%5BQyXGZ7XyQ%7CZL%2BG%20G%7CQyX7D%7CQXy-A%7CQyX-EZL7B%20GC%20C-LDZL-AEZLG%2C7LZ%7CGL-E%2C7B%2C-EsB*%5BQXyQyXQyXQyX%5DQyX%2CZC%2CD7D%20-A%7CElZL7B7LZG-E%2C-EsZLB%20-%23ClLZB%2C-A%2C-EZLG%2C7D%2C%5E7%2CE-%2C7C%2Co-6%2C%20E-LZF%237%20BLZsA-%2CD7%2CG%2CC%2C%7CA-%2CB7%2CE-LZlA-%20D7%2CS%20Z%20%3DJazz-Medium%20Swing%3D100%3D3
2e163af3-0d57-40e8-a04d-5a99bbc3bab3,irealb://Another%20Romantic%20One%3DPetrucciani%20Michel%3D%3DLatin-Swing%3DD%3D%3D1r34LbKcu7yX%5EbG4D%5EXybD%7CQyX%5EbA%7CQyX7Eb%7CQyX%5EA%7CQyX7E%7CQ7XyQ%7C4TA*%5BZL%20lc%20E7LZC%7CQyX%5EbD%7CQyX%5Eb1EN%7CQyX7G%7CQyX7-D%5EXyQK7-B%7CQZL%20QyQ%7CDb%5EQyX7E%7CQyX7-BB*%5D%5B%20%20lcKQyX%5EC%7CQyX%7DXyQXyX%5EbE%20%3Ex4%3CXyQ%7CFQyX31AA*%7B%5DQyX7%7CEQyX7-BB*%5B%5DQyX7%7CG13%207-C2N%20%7D%20%3DJazz-Latin/Swing%3D126%3D5
2e810b82-3de4-4470-8e77-e22c8e1d7a58,irealb://Teach%20Me%20Tonight%20Rev%3DDePaul%20Gene%3D%3DSwing%20Two-Four%3DEb%3D%3D1r34LbKcu7-FZL74Eb%5E7l%7C%2CbA/W%2C7bBs%207F-ZL7C%207-GZL7bA%20Gh7%20C4TA*%7B7E%207bN1Bb7QyX%7D%207E%207-FZL7Gb%207-Gl%7C%2CbA/Ws%20%20LZN2B%7CQyX7-Gl%7C%2C%20Ab7%207bBs%207-FlB*%5B%5D%2C-7bG%2C7-Gs%206bEB*%5B%2CW/Ab6bEZLFZL7BLZF-7L7bG%207-GZL7bA%20h7A%7CQyX7%5EbEZL7E%20ZC-7%207bG%2077C%207h%20%5D%5B*AA/W%2C7bBs%207-FZLC7%207-GZL7bA%207%5EbEb%2C%7ClG7E%207-/W%207b%20%20QLZ7E%207-FZL7-Cl%2CDW/%2C6bEsZL%2C7E%207bB%20%5D%5BQB7-FZLAbLZG-7%20Gb7LZF-7%20E7LZU%3CFINE%3EEb%5EXyQZ%20%3DJazz-Swing%20Two/Four%3D110%3D3
2ee58485-c833-42cd-a11f-72176eeb22de,irealb://And%20I%20Love%20Her%3DLennon-McCartney%3D%3DRock%20Pop%3DE%3D%3D1r34LbKcu7%7CQyX74F%23-7yX7-%23FSA*%7B%7D%20%20lKcQyX6EZL%20lcKQyXQ%7CC%23-4Ti*%7BQyX%2CEyQ%7CC%237B%7CQyXA%7CQyX7-%23%7CCQyX7-%23F%7C%7CQyX7-%20%20QLZX7-%23F-%23C%7CQ%7DXyQXG%7CQyX7-%23C%7CQyX7%7CBQyX7-%23CB*%5B%20%20Qy%23-7Xy%20%20lcK%20%20lcKG%23-7X%5BY%5D%20%20x%20%3EadoC%20l%20a.S.D%3C%7CQyX7B%7CQyQEXyQ%7CQyX77C%7CQy7XyQ%7CyX-D%7CQyX7-G%7CQy-XD%7CQyX7-G%7CQyX-DQ%7CBbX-GC*%7B%20lcKQXyQKcZL%20lcKQyX6FZL%20clKQyX7-GD*%5B%7D%20%20lG-7XyF%7CQyXLZfD%2FAXyQZ%20%3DJazz-Medium%20Swing%3D100%3D3
2e1194cc-c725-41a7-ba77-e5b16d38b375,irealb://Witchcraft%3DColeman%20Cy%3D%3DMedium%20Swing%3DF%3D%3D1r34LbKcu7X7%5EF%7C4F6Xys7C%7CQyX7-GZL%20lKcQyX7o%23GZL%20lcKQusXyQ4T%5BA*C%7CQyXXyQ%7CBQyX6bAZL%20lcKQy7XbEZL%20lcKQyX7%5Eb%7CG7b97F%7CQyZL%20lccl%20%20%5D%5EFZL%20lcKQyX31bZBL%20lcKQyX7%5EF%5BB*7XyQKKQyX7QyX7-Q%7CE7b%20A%2FF%7CQyX6-A%7CQyAX%2FF%7CQyX7-A%7CQyX9A-LZGyX7hBGZL%20lXyQ%7CG7o%23GZL%20lcKQyX6%5BFC*%5DQyX7C%7CQyX7-XyQKcG%2FbE%7C-7XyQ%7CC7XyQ%7CF6XyQ%7CG-7%20C7%20Z%3DJazz-Medium%20Swing%3D100%3D3
2ecea81c-94d6-4c1e-ada0-3b0dd535adcc,irealb://Swing%2042%20%20%20%20%20DIJ%3DReinhardt%20Django%3D%3DSwing%3DC%3D%3D1r34LbKcu7L7G%2074%3C*63-A%206CZL7G%207-DZ7L-A%206C%3EABAA%20QyX7LZD-4TA*%7BZL%20Qy-7b5%29%207G%207-DZL7-A%2061CNZL7G%207-DZL7A%20%7DXyQXE%28hEZB%207-%23yQ%7CB7%23C%206EZL7B%207-%23FLZ7-%23C%206EB*%5B%5DQyX-7LZFX6C2NG%207-D6%20C%23-%206CA*%5B%5DQyX7G%7CQXy6EZL7B%207-%23FZL7A-7LZE%7CZL7L%29-A%28%20A-7LL7G%207-DZL7A%20%2957b-E%28hEZL7G%207-DZZC6%20%206CZL7Z%20%28D-7%29x%20%28G7%29%20%5D%20%3DJazz-Ballad%20Swing%3D60%3D3
2ee9b1fc-18d3-49df-9dde-ca0ef7d074d8,irealb://Meditation=Jobim%20Antonio-Carlos==Bossa%20Nova=C=0=1r34LbKcu7%7CQyX74C6XylcKQyX6C%7CQyX7BQ%7CyXsus7BZL%20lcKQ%20LZE-4TA*{1b7A%7CXyQ%7CDEZLQ%20x)7bB(%20%7CQXy6-FZL%20lcKQyX7--7XyQ31b7A%20x)7bD-7XyyX6-FZL%20lcKQyX%5E7FB*[}QyX5%237G%7CQQ%7C%20(B%7CQyX3EQ%7CY]XyQ%7CE7GZL%3EadoC%20la%20..CD%3C%20%207-D%7CQyX7ob%235XyQ7-EZL-7%20A7b13LZD-7%20G7LZC6XyQ%7CD-7%20G7%20Z%20=Jazz-Bossa%20Nova=140=0
2eff596b-3fad-4581-acd0-ea7006bce2f1,irealb://Alto%20Pre%C3%A7o%3DBorba%20Asaph%3D%3DBallad%3DD-%3D0%3D1r34LbKcu76bBZL7XyQ%7CC%2FAZLxZL%2C7-DA*Q%7ByXQyXQyX%7D%20%209-D%23%2CLZx-Di*%7B-DZL7ZN1D--DZL7-DZLsusCZbLB%2FC2N%7C%7D%209-DZL79LZD-LxZL%2CN%7C%7D%209Q%20%7BD--D1NZLxZL%2C6bBZxLZL%2C%23C%2FAZLxZL%2C77LZD-yX%5D%209L7-GZLZCsuB*%5B%20QyX%5D%209-DZL-7DZL9-DZL7-DZLsSBb6LbB%2FC2CZLxZxLZBbxZLoBZLxZL6bBZxLZLA%2FFZLbB%2FCZL6LZF%5ELZL%5EFZNQZL%2CxLZ%7BFL6bBZLA%2FFZL7-GLZA%2FFZL6bBZLCZL%5EZCsusZLsusyXQyX%2C%20%7DN2oC%20la%20.S.D%3C%2C9-ZDL7-DZL9-DZL7-Dda%3E%20%5DsusC1LxZL%5E7LZxLL7-B%7C%7D%20xZL%5EbBZxLZL7-BZLxZL%5EbBZZxLZD-BQ%7BQZG-7LZxLZfF%5E%20%20%5D%20%3DJazz-Medium%20Swing%3D100%3D3
2efb6061-1c4e-4d99-8354-7e8a85444de1,irealb://Always%20On%20My%20Mind-D%3DChristopher-James-Thompson%3D%3DRock%3DD%3D%3D1r34LbKcu7D%20-B%7CXyQ%7CA/A%7CQyXD%7C%2CA%20%20GZ%2CLA/D%20-B%7CQyX%2C%23C/C%23XyQD44T%7B%20%2C5A%7C7/G%23%20-E%20-EZL%23F/D%20G%7CyQXD%7CQyXGS%7C%7C%2C7E%20/DLZYEZLA/XQyXQ/C%23%2C%7C%7D%2CA%2CG%207A1NQZL7%20AGl%7C%2C-%23F%2C-Es%20DlXyQXyA%2C-BsZL%23F/D%20G%2CAA/D%20%2C-BZL%2C%23C/A%2C%20D%3EegdirB47*%3C%5D%2CLZG%20D2N%7CQyZL%2CA%20sus%2CA%7C%2C-E%2C%23F/D%20GZLAD/%20-BZL%23C/A%20D%7C%7C%2CA7sus7A%20-E*%3CZLAA/C%23X%7CQyX%23C/A%7CQyXD%7CA%2C%20%20GZLA/D%20-B%7CQyB-%20D/%7CQyXD/D%2C-E.%20al%20C/A%2C-B%20A%7CQyXDQ%20%5D%2C7E%20%23G/7E%3EadoC%23%2C%7CD%20S.D36F%23%2C%7CG%20fALZfDXyQZ%20%3DPop-Country%3D72%3D1
2ee0c9c0-1c22-47ac-97eb-5a66463fe86e,irealb://Lonesome%20Road%20Blues%3DComposer%20Unknown%3D%3DUp%20Tempo%20Swing%3DG%3D%3D1r34LbKcu7ZLx%20Z4%20G%2CLLx%20ZL%2CG%20ZLx%20ZLC%2C%20ZLx%20ZLx%20ZLx%20ZZ%20C%2CL4TC*%5BC%20ZLx%20xLZ%20ZLx%20ZL%2CG%20v*%5B%5D%20G%2C%20ZL%2CG%20ZL%2CD%20ZLx%20xLZ%20ZL%2CG%20G%20ZL%2CLZ%20G%2CD%20ZLx%20ZLx%20ZL%2CGZ%20Lx%20ZL%2CC%20ZLx%20ZL%2CLZ%20Gx%20ZL%2C%2C%20Z%20%3D%3D0%3D0
2eb3f129-e8a6-42ea-a9b5-d3dca5930fed,irealb://Chrono%20Trigger%20-%20Delightful%20Spekkio%3DMitsuda%20Yasunori%3D%3DNew%20Orleans%20Street%20Beat%3DF%3D5%3D1r34LbKcu7XFv*%7B06%20PeZL%20x%20ZL%20lcKQyX%3Enortni%20noissucr%20x%20%20%7D*%3Ci*%7BF%7CQyX%20LZBbF%7CQyXbB%7CQyXFA*%7D%7BQyXC%2FbB%7CQyXF%2F6XyQ%7CClcKQyXF%7CQybXyQ%7CXF%7CQyXbB%7CQyXFB%5B*%7Dpppp%7C%2CF%2CC%20C%2FFyQ%7CCXB%7CQyXyXF%7CQXyQ%7CFyXF%7CQyXbB%7CQyXF*A%7B%5Dpppp%7C%2CF%2CC%20C%2FQ%7CCXybB%7CQya%20eniyQ%7CF%2FB%2030*%3CC*%7B%7Dppppe%3EniF30*%3C%7C%2CF%2CC%20Cass%20lXbB%7CQnd%20percussion%3EnXyQKcl%20LZ%20x%20LZ%20x%20%20%7D%20%3DJazz-New%20Orleans%20Swing%3D190%3D4
2eda3e29-c9f0-43ba-895f-dd66cae7900b,irealb://That's%20All%20(Tom's)%3DHaymes-Brandt%3D%3DMedium%20Swing%3DC%3D0%3D1r34LbKcu7(7-EZ4C%5E7%20(7F%207%5ECl%7C)31G(G7%2C7-Ds%207-EZL7-DD-7)L4TA*%7BE%2F7%5EC)%20A7(B(%207-F%20)5b7-%23F7(h%23F%7C)7A(%20)5b7Ab13)%7C5b7-E7A)9-%20A7%239s1NZL)5%237A(7G%207)%5EC(7-DZL)5%237A(E-7(D)7-E(*%5B%5D)7G13b9)7-A(%20%206C2N%7CQyQXyXQyXQyXl%7D%2C7G)%20(Ab-(7-D%2CX7%5EFZC7(C17C%207-GZL)9%237D(-7D%20)7%5EF(7-AZL)1(C9)L%207-GB-DZL)7%20D7(D%207-AZL)9b7E(7E-%20)7%5EG(7-BZL)9D7(D11-A%7CQy%7C)7%5EbG11)%207-Ds)7bE(%207-EZ7L-D%207%5ECA*%5B%5D)9G(%2CG7(D(7G%2077-%23F(F7(D-L)5b7A(7A%20)5b7E-(7-E%7C)7h%23D(%20)7ZF%23h7%207%5ECl7G%207--7%20(BbA(%20)7-bE(9%237A)%207-E(E%2F7%5EC%7C)31b13)%7CDF%20)5bLZ%2CU%2CC6(C%5E7)%20(A-7)G7(D-7)%20(G7%235)Z%20%3D%3D0%3D0
2e159a1e-d2cf-4a2b-aee5-1262e5322d7c,irealb://Tu%20es%20puissant%3DMusseau%20Craig%3D%3DWorship%3DA-%3D%3D1r34LbKcu7-D%7CQy4A-XyQyX-A%7CQyX7-AZL-7E%207-D%7CQyX7%5EF%7CQ%7CF%5E7X4TA*%5BLD%20G%7CLZA-XLD%20G%7CQyXAZLD%20GQ%7CyXAZLD%20GB*%5B%5DQyZAXyQ7-E%207ZE7XyQ%7CEsus%20E%20%5D%20%3D%3D0%3D0
2e8d5126-ea34-4a49-a8b7-8b789fdb9241,irealb://Honeysuckle%20Bridge%20x%202%20%2d%20%20Up%20Half%20Step=Charts%20Practice==Medium%20Swing=C==1r34LbKcu7D%7c%2c7%2d%5e7%2c%7cxF%7c%2c7%5eF%7c%2c7C%7c%2c7%2dBG%2a%5b%20%7crZL%7crZL%7cr%7c%5e7%2c%7cACsA%2a%7b%23F%7c%2c7%2c%7cG7%2c7%2d%23GB%2a%5b%20%7crZL%7crLZ%7cr%7cx%7c%2c7%5e%23CA%2a%7b%7d%2c%7cC%23%2d7G%7c%2c7rZL%7cr%23%5e7%2c%7cx%7c%2c7%5eDA%2a%7b%7d%2c7%23G%2c%7c7%23G%7c%2c7%23D%7c%2c7%2d%23A%7cr%7cLZF%7c%2c7%5e%7c%2c7%5ebA%2d7%2c%7c%2c7A%7c%2c7A%7c%2c7E%7c%2c7B%2d%7c%2c7%5eG%7c%2c7%5eG%7c%2c7D%7d%7b%2aAEB%2a%5b%20%7cbB%7c%2c7Zr%7cLZC%7c%2c7%5ebA%7c%2c7%5ebA%7c7%2cbE%7c%2c7%2dbBB%2a%5b%20%7cr%2d7%2c%7cFL%7cr%7cx%2c7%5eA%7c7%2c%7d%7b%2a%2c7E%7c%2c7%2dBB%2a%5b%20%7crLZ%7crZL%7cr%7cx%7c%2c7%5eEA%7cA%5e7%2cbB%7c%2c77F%7c%2c7%2c%7cF%237%20%7crZL%7crZL%7cr%7cx%7c7%2cFA%2a%7b%7d%2c7B%7c%2c7B%7c%2c%5b%2aBC%2d7%2d%23C%7cZL%7crZ7%2c%7cBb%7c%2c7%5ebGA%2a%7b%7d%2c7C%7c7%2cC%7c%2c7G%7c%2c7%2dD%7c%2c7%5ex%7cr%7cL%5ebB%7c%2c%2a%7b%7d%2c7BDb%2d7bD%7c%2c7bA%7c%2c7%2dbE%7c7%2c%5eB%7c%2c7%5eB%7c%2c7bG%7c%2c7%2c%7cDb%2a%5b%20%7cr%7c%2c7A%7c%7cx%7cr%7c%2c7%5eC%7c%2c7%5eC%7c%2c7G%7c7%2c%2dDB%2a%5b%20%7crZL%7crZL%7cE%2d7%2c%2c7%5eGA%7c%2c7%5eb7%2c%7d%7b%2aA%7c%2c7%2dbEB%2a%5b%20%7crZ%7cLrZL%7cr%7cx%7c%2c7%5ebAAb7%2c%7cDD%7c%2c7DB%2a%5b%20%7c%7cF%2d7%2cZL%7cr%7cx%7c%2c7%5eAA%2a%7b%2c%7d7bE%7c%2c7bE%7c%2c7bB%7cr%7cLZr%2c7%5ebD%7cr%7cx%7cA7%2c%7cDA%2a%7b%7d%2c7E%7c%2c7E%7c%2c7%7cB%2c7%2d%23F%7c%2c7%5eD%7c%2c7%5eBb%5e7%2c%7c%2c7%2dE%2c7F%7c%2cZr%7c%20%5bC%7c%2c7%2dG%7c%2c7%5ebE%7c%2c%5e7bE%7c%2c7bB%7c%2c7%2dFB%2a7%2c%7cF7L%7crZL%2c7%2d%23G%5e7%2c%7cx%7c%2c7%5eE%7c%2c7B%7c%2c7%2d%23BF%2a%5b%20%7crZL%7crZL%7cr%7cE%5e7%2c%7cBA%2a%7b%7d%7cC%237%2c%7cF%237%2c%7cF%237%7d%20==0=0
2eaa366c-fb09-4de4-8d7b-56a3b8be42ff,irealb://Long%20Cadence%20x%201%20%2d%20Cherokees=Charts%20Practice==Medium%20Swing=C==1r34LbKcu7BZL7bA7LZDDZL7bA%207%2dbEZL%20clKQyX7%5eCZL7G%207%2db%2d7%20G%207%2dE%5bL7%23F%20Kcl%20LL%20lcKQyX7%5ebBZLF7%207%2dCZL7G%207%2dD%7cZZC%23%2d7QyX7%5e%20lcKQE7LZAAZL7bE%207%2dbBZL7%20F7%2dCZL%20lcKQyX7%5eb%5e7Xy%207%2dBZL7bD%20%20E7LZL7bE%207%2dbB%7cZL%20lKcQyX7%5eGZL7D%207%2dAZAb%2d77%2dBZL7%23C%207XyQKc%20lcKQyX7%5eFZL7C7%20%2dGZL7D%207%2dAZL%20lLZG%23%2d7%5ebGZlcKQy7%20B7LZL7bB%207%2dFZL7C%20%2d7GZL%20lcKQyX7%5eEZEb%5e7X%2d%23FZLL7bA%20%2d7%20B7L7bB%207%2dFZL%20lcKyQX7%5eDZL7A%207%2dEZLZEb%2d7%23FZL%20ZDb%5e7XyQKcl%20%20Z%20==0=0
2e1ccbff-56e3-47c1-90ba-05cc92302abf,irealb://Sad%20Cadence%20x%201%20%2d%20Bootstraps=Charts%20Practice==Medium%20Swing=C==1r34LbKcu79%237C%7cyQ%7cG7G%7cQyX96%2dC%7cQyX9%2d%5eCZL5%239b7G%205%239%23h7XyQX7hD%5bZL5%239b9%235L%239%237F%7cQyX7hC%7c%7cyQX96%2dF%7cQyX9%5e%2dFZ5%20F7b7C%205%23QyX9%5eXyQ%7cB5%239b7bB%205%239%237b%7cBQyX7hF%7cQyX96%2dbLZEb%2d9%5e%2dbBX96%2db9XyQ%7c9%5e%2dbAZL5%239b7bE5%20%239%237bE%7cQyX7hbBXyQ%7cA6%2dbE%7c7hbA%7ch7XyQ%2dbD%7cQyX9%5e%2dbDZL%2359b7bA%205%239%237bA%7c6XyQ%7cbE%7cQy7%23F%7cQb7%239%23C%7cQyX96%2dbG%7cQyX%5e7%2dbGZL5%239b7bD%205%23h7XyD%7cQyX%239b7BGb7b97B%7cQyX7h%23F%7cQyX69%2dB%7cQyX9%5e%2dBZL5b%239%235%20%205%239%23A%7cQyX%5e9XyQL5%239b7E%205b9%237EQ%7cyX7hB%7cQyX96%2dE%7cZA%2d%5e9%2dEZL5yX7hAQ%7cEh76%2dD%7cQyX9%5e%2dDZL59%23b7A%205%239%237A%7cQyX9XyQ%7cyX96%2dQ%7cD7%239%235%20D7b9%235LZG%2d%5e9XyQ%7cG%2d69XyQZ%20==0=0
2eac40d8-3879-46f9-b1c9-02ddcad759f0,irealb://Casualidad%3DStern%20Nano%3D%3DMedium%20Swing%3DC%3D6%3D1r34LbKcu7B%7CQyXT44A-%5D%20C/6G%20G/C%7CQyX%7CFQyXE/7-B%7CQyXB/%7BA-/B%2CA*%2C%5B%20G/C%7CyQ%7CFXQyXE/7-B%7CQyXB/A-%7CZLC/6G%20G/C%7CQy%7CFXyQXE/7-QyXE/%7D%7CA-/%5BZLC/6G%20G/C%7CQyFX%7CQyXE/7-B%7CQyXB*BB-7%20C/6G%7CFXyQ%7CC/G%20G6/CLZA-/BXyQ%7CB-7/EXyQXyQLZFXyQC/GXyQZ%20%3DJazz-Medium%20Swing%3D95%3D2
2e9f0321-91d5-449d-bc85-4c03b3cca3e5,irealb://Bein%27%20Green%20%2D%20lift%20from%20muppet%20show=Raposo%20Joe==Even%208ths=C==1r34LbKcu7%7CQyX74C%5E7Xb7A%20sus7A%7CQyXb%2FB7hE%7CQyX5%237B%7CQy9LZD%2D4TA%2A%7BQyXQy%20G7LZ%2CD%2F7G%2C%23D%2FbA%2CF%2FBbs%2C%5ECs1N%7CQyX7%5EC%7DXyQXsus7GQyX%2CBN2lC6QyX7%5EC%7CQyX7%5EbEQ%7CyX7%5EbBlB%2A%5B%5DQyX%7CC%5E7%2F%7CYQyXQyX5%237%2FG%23LX7%5ECA%2A%5B%5DQyX7G%7CyQX7%2DD%7CQyXD%2F9bAZyQ%7CB7E%20%2DA%7C7%2DDZLBbXyQZL7G%20sus7G%7CQyX%2D7DZL9b7A%20sus7A%7CC6%20U%20%2F7hE%7C%20G7%20Z%20=Jazz%2DBallad%20Even=68=3
2e1cc2f8-4fcb-4610-b35e-c1f1dd60c1b3,irealb://Best%20Thing%20For%20You-Rev%20JE%2C%20The%3DBerlin%20Irving%3D%3DSwing%20Two-Four%3DC%3D%3D1r34LbKcu7%2CB/W%2C4F%23hXL7G%207-DZLtla7A7%20-E%7CQyX31b7B%7CQyZsC%5E74TA*%7BZL%20QyZD-7%20n%2C7Gn%2C7-D%7Cn%2C7A%2Cn7-E1N%7C%2CF/W%2C7Gs%7DXyQXL7-AlXtla7%2C%20F-6/Ws%20%207%5EbAlB*%5B%5D7%2CbE%2C7-bBn%2C6CsZLG%2C%7ClF6Cl2NQyX7--7%20W/%2CbE/7-FZLE/W%207F-ZLtla7C%20hGZLbAXyQ%7CDbB%7CQy-DZLt7%2CnW/7-E%7CQyX31b7B%7CQXyh%23FlA*%5B%5D%2CG/W%2CA%20A7alGsC*%7CCD*%5B%5DZC%5E7%20-F%7CQyX7h%23FZLG/-7A%207-AZLB/tla7E6%20%20Q%20L7G%207L7A%20ELZD-7YZn%2C7Gn%2C7-D%7C%2C7%20An%2C6CsA*%5B%5D%20%2C7G%20%5BQlC/7A%20E/ENIF%3CG7%2CLZ11%2331bD%207-DZL6b-E%207-EZL6-F%20h%23FLZ%2CU%2C%207-DZ%3EC%5EXyQZ%20%3DJazz-Swing%20Two/Four%3D140%3D5
2e2720b2-3074-4549-8709-c8bf2bff5235,irealb://Blue%20Bossa=Dorham%20Kenny==Bossa%20Nova=C%2D==1r34LbKcu7KQyX7%2D7XyQX9b7G%7CQyX7hDZLl%20cKQyX7%2DFZL%20lcKyQ%7CC%2DC44T%5B%2DC%7CQyEb%2D7X%7CQyX7hDZL%20lcKQXy7%5EbD%7CQyX7bA%7CQyG7b9XZL%20lc7XyQ%7CDh7%20G7b9%20Z=Jazz%2DBossa%20Nova=140=3
2ec64013-a27f-4a16-8802-5d40fe587ae2,irealb://Lost%20Highway=Williams%20Hank==Slow%20Country=D==1r34LbKcu7L%20lcK4DXyQLG%207D%7CQyXDA%2A%7B%5D%20%20lcKQyXDZL7A%20D%7CZDXyQ4Ti%2A%5BA%20D%7CQKcl%20L%20lcKQyXDZL%20lcKyQXGZL%20lcKQyX7AZLZDXyQyXDZ7LZDXyQKcl%20%3C5x%3E%20%7D%20=Pop%2DCountry=115=1
2ed6edb7-9bf8-4b10-8bd8-3be2f02f6cf6,irealb://Born%20To%20Be%20Blue%20Chet%20%20bg%201%205=Wells%2DTorme==C%20%20%20Jazz%20Ballad%20Double%20Feel%2060%20bpm=C=5=1r34LbKcu7CZL5%234C13%20bAZL7bE%207FZL117%23bG%2031CZL11%237bD%5E7%20G74TA%2A%7BZL%20Qy7%2311L%207G%207hDZL5%239%237%20D7%2DF1NZL7F%209%2DCZ%7DXyQXbD%207%2D7%2DbAZ%20sAb79%2DbAZL9bD%209%2DbA%2AB%5B%5DQyX6%2DCl%7C%2C7G%2C%20Db9L9%2DF2Ns%207%5EbLZGb%5EB%209%2DFZL7%2D%23G%207%5EZBL7%23F%209%2D%23C%7CQyX7b7LZE9bD%20%2C5%237G%20%2C%5D%5B%2AAL7bE%207FZL11%237b%20G7CZL11%237bD%207ClZAb%5E77G%2ChDs%209%2DFtro%20a7%2DCZL11%237bD%209%2D%3EC4%20tsal%20%3Agat%20dn%20F7LZni%3CZLAb7%2CG7%2C%7CUlC%2D6%20Db7%2311%20Z%20=Jazz%2DBallad%20Double%20Time%20Feel=58=3
2ee5a576-2ccc-4278-af12-8e5b20f8d192,irealb://Brazilian%20Love%20Affair%3DDuke%20George%3D%3DFunk%3DD-%3D5%3D1r34LbKcu7%3C%20lcK44%3C*7sus31CZL%20lcKQy1X1-D%3E621%20mpb%20%204%2FDXyQTi*%7BY9DZL)%3E%20%7DY%7BA(%20lcKQyX9%5EbBZ%20LlcKQyXsus9DSA*7b9%235x436*sppp%7CQKcl%20%5EbEZL%20lcKQyX7-ZGL%20lcKQyX9%5EbBZL13XyQyXsusyXsus5%2C%7ClGQ%20%20%23C%2F9b7A%7CQyXuss9CZL%20lcKQyX7-%20%7D%7BD9%239%237DlcKQyLZBb%5EDQ%7BY%7D%20%20x%20%3EadoCl%20a%20.S.D%20%3C%7CQyXD%2F9susX%20lcKQC%2F%5EbB%5E%2FCXyKQyXsus9Dl%7C%7D%2C97bAs%3Ex336*%3Cppp%7CQcl%20LZbBZL%20*%7B%7D%20%3El%20%20%5D%7B%3CQyX%7CrQyX%7Cppppp%7C%2C9%5EG%2C%23F%2FW%2CAsB**634xcKQyXs%20sb%20F%23-%2FA%7B%7D%2CC%2F-G%3Ex436*%3CC%2C%2F-As%20nl%7C%2CA%2F-E%2C%3C*60%20s%20nlCA%2CD%2F-XyQr%7Colos%20rd%20%2066*%3C%7B%20%7D%20%3Ex02QyX36*%3C%20%20%3En%20sBl%3Eololos%20oln%20sD%20%3C%7BY%7D%20%3Ex636*%3CQXy%7CrQyX%7CF%2F-C%2CF%2F-%20e-pn%7C%2CD%2F-%3C%7CrQysus(AC(%20%20)sus9C(susC9ZL)9A(%20%20)sus319)LZX9Al%3EoXyQ%20%20vamp%20out%3E%20%20%3C*63XyQ12x%3E%20%20%7D%20%3DBlues-Funky%3D126%3D1
2ecf669f-f445-4256-aed4-28e3d7040651,irealb://Standard%20%2310%20-%20%22How%20High%22%20%26%20%22Ornithology%22%3DHungerford%2C%20%22Walking%20Jazz%20Lines%20for%20Bass%22%20pp.56%20%26%2077%3D%3DSwing%3DG%3D%3D1r34LbKcu7%20%3ErekG%5E7XyilrahC%20ZLsiweLn%20agroM%2047*%3ClcKQe%20Par44T%5BY%7CQyX7XyQ%7CCyX7bB%7CQyX7-FZLl%20cKQyX7%5EF%7CQyX%2C7Q%7CEb%5E7-GZL%5B%5DQyX7LZG-X7-A%7CQyX7E%7CQyX-7BZL7D%207-A%7CQyX7yQ%7CD7D%207-AyX7bBQKcl%20-FZL%20lcKQyX7%5EFQ%7CyX%2C7C%7CQyX7-GZL7XyQ%7CyX7%5EGGZL7D7XyQ%7CL7E%207-BZL7D%207-%7CAQyX7%5EGZL7D%207-AZA-7%20%5EbE%7CQ%5E7XyQ%7CA-7%20D7%20Z%20%3DJazz-Medium%20Swing%3D100%3D2
2e6713d8-85c9-4be3-b6b6-24920e9c800f,irealb://Locrian%20Scales%20-%20Major%203rds%20Pattern%3DJoe%20Riposo%2C%20%22bebop%20scales%22%20%282009%29%20p.34%3D%3DJazz%3DC%3D%3D1r34LbKcu7bA%5B%5D%20hXyQKQyXZL%20lcKQyXhE%5D%5B%20QyX%7CrQyXZL%20lcr%7CXyQC44T%5BKQyXhcl%20LZyX%7CrQyXZL%20lcKQXyh%23C%5B%5D%20QyX%7CrQyXQ%20%5D%5BFKQyXhXZL%20lXyQr%7ChD%5B%5D%20QyX%7CrQyXZ%20LlcKQyXhA%5B%5D%20QyXXyQKcZL%20lc%7CrQyXyQ%20%5D%5BKQyXhbB%5B%5D%20QyX%7CQryXZL%20lcKQyXh%23Fcl%20LZX%7CrQy%5D%20QyX%5BEbhXZL%20lcKQyXhG%5B%5D%20yQX%7CrQyXZL%20lcKQyXyQr%7C%5D%20QyX%5BBhXyQKcl%20LZXyQr%7CXyQ%20%5D%20%3DJazz-Long%20Notes%3D100%3D1
2e3fe85c-6d2c-4a69-a480-a95e14cbe527,irealb://FF4%20-%20Troian%20Beauty%3DUematsu%20Nobuo%3D%3DMedium%20Swing%3DC%3D%3D1r34LbKcu7yX7%5ECQ%20%20%5BGm*E%7CQyXF%7CQyXG8T6A*%7B%5D%20%20lcKQyX96*XyQ%7CyXQyXm*CZL7%2FD%23L%20*m*C%7CZL%20lcKQy7X%5ECZLF%2F7G%20*m*EZC*m6*B%20D%7CQm*C%20*m6*LZ%20lcKQyX7%5ECZLD%2FG7%20*m*EZL%23F%2F7B%20GLZC*m*C%20*7yXD%7CQ*m7*%20DZLbE%2F7hA%20bEZLEb%2F7F%20bEZL%2C*6m*CsusXyCZL*6Q%7D%20%3D%3D0%3D0
2e259b78-72be-4f24-a36d-a19901f968b1,irealb://Mega%20Man%20X2%20-%20Game%20Introduction%3DComposer%20Unknown%3D%3DMedium%20Swing%3DC%3D%3D1r34LbKcu7%7CQyX*4B*m*yXA%7CQyXG%7CQyXA%7CyQX*m*B%7CQyXA%7CQyXQ%7CB*m4TA*%5B%7CQyXG%7CAXyQ%7CQyX*m*BB*%5B%5DQyAX%7CQyXG%7CQyX*m*B%7CAXyQ%7C%7CQyXGF%23*m*XyQ%7CB*m*XyQ%7CAXyQ%7CGXyQ%7CF%23*m*%20F%23*m7*%2C%20Z%20%3D%3D0%3D0
2ef32392-b843-4b8a-af59-eb60f9b2aa4d,irealb://Close%20Up%20The%20Honky%20Tonks%3DSimpson%20Red%3D%3DCountry%3DG%3D7%3D1r34LbKcu7X%2CG%7CQ%2CXyQKQyXGZL%20lcKQyX7ZDL%20lcKQyXCZL%20lc%7CD7XyG44T%5ByQ%7CG7%2CXyQ%7CCXyQKcl%20LZD7XyQKcl%20LZ%20x%20LZGXyQ%5D%20%3DPop-Country%3D174%3D6
2e778312-2b95-45af-9d1f-f141b17c2834,irealb://Common%20Chord%20Progression%3A%20E%20Major=Composer%20Unknown==Medium%20Swing=E==1r34LbKcu7QyX%7C%7D4EXyQQyXE%7CQyXB%7CQyXBQ%7CyXA%7CQyXA%7CQyXE%7C%7CEXyQ4TA%2A%7BZLQyXLZXyQZLQyXZLQyXZLQyZXLQyXB%2A%5B%5D%20QyXZLXyQLZQyXZLyXZLQXyQ%20%5DyXZLQyXZLQyXZLyQXZLQyXZLQyXA%2A%5BQLZXyZLQyXQ%20Z%20=Latin%2DCuba%3A%20Cha%20Cha%20Cha=110=4
2e8fc41c-49c1-4aa3-ad99-5e46451784ba,irealb://Como%20Dijiste%202%3DD'Clario%20Christine%3D%3DBallad%20Even%3DE%3D7%3D1r34LbKcu7B%7CQyX4C%23*mC%7C%7DQyXE%7CQyXEZL%2C%20%20%2C%23D%2FB%7CQyXA*%2C*%23*m*%2C4Ti*%7ByX%2C*m%2C%20LZEyX%2C*m*%23F%7C%7CQyX%2Cm**%23F%7C%2C%20%2C%23D%2FB%2C%20%2CQ%7CG%23*%20%2C%23D%2F96*%3C%20Q%7B*BAQyX%2C*m*%23G1N%7CQy%2CX*m*%23C%7CQyXB%7CQyX%7D%7CN2EyXB%7CQXB%7CQy%20%20%7D%5B*X%2C*m*%23G%7CQyX%2C*m%23*C%7CQyXB%7CQyX%2CAQCyQ%7CAX%3EA%20oTyQ%7CC%23*m*%2CXyQ%7CBXyQ%7CF%23*m*%2CXyQZ%20%3DJazz-Medium%20Swing%3D100%3D3
2ee23a74-1dc6-48f8-b3a4-5093dfd0a1c5,irealb://Corcovado%202=Jobim%20Antonio%2DCarlos==Bossa%20Nova=C==1r34LbKcu77%5EF%7CQ4A%2D6X9C%7CQyX7%2DGZL%20lcQKyX7obAZL%20lcKQysusXy4TA%2A%5B1%237bB%5E7XyQ1b7A%7CQyX9b7E%7CQXy7bB%7CQyX7%2DFB%2A%5B%5D3XyQ%7CF%7CQyXZL%20lccl%20LZobAZL%20lcKQyX6%2DAA%2A%5B%5D%20%20lcKQyX6%2DA7XyQKKQyX17%2DE%7CQQ%7CC9s%7CQyX7%2DFC%2A%5B%5DQyX%5E7F%7CQyX7%5EF%7CQyXsuBb7XyyX7%2DG%7CQyX7%2D7XyQ7%2DD%7CQyX7A%7CQyX7E%2D%7CQyX7G%7CQyX7%2DD%7CXyQ%7CGA%7CQyXC6XyQKcl%20%20Z%20=Latin%2DBrazil%3A%20Bossa%20Acoustic=120=30
2e24abe8-3efd-4d91-b477-0fe1963bee91,irealb://Crying%20In%20The%20Rain%20-%20The%20Everly%20Brothers%3DKing-Greenfield%3D%3DRock%3DC%3D%3D1r34LbKcu77*%3C%7BQ*66In%5D%207G%7C%2C7-D%20%20-D%7C-%2CA%2C7E%7C%2CF%2CCs%3EortXyQXy%3C44T%5B%7C%2C-A%2Ce%28s%29%20%2CC%7C%2CC%2CG%7C%2CF%2CC%7C%2C%2CCG%7C%2CF%2CC%3E2%20dna%201F%2C%7CE7sreV0L7GZLLZA-%20%3EegdirB27*%3C%5B%20QXyQyXQyX%7D%20-A%7C%2CG%20FLZD-7GZLFreV07-LZFLQyXQyXQyXQyX%5D%20G7%7C%2CF%2C7G%2CA/F%2C7GZ%20%20%5B%3C*AZLCZ%3EortuC%2CF%2C%7C%7B%20F%7C%2C-A%2C7E%7C%2CF%2C%7CC%2CC%2CG%7C%2CF%2CC%7C%2CC%2CG%3C*72O%3E3%20esG7LZA-%20G%2C%3C*663x%3EA-%2C%7D%2CU%2CC%2C%20Z%20%3D%3D0%3D0
2ee28c1a-8fa6-4fb6-8f8e-302a6aa80ef4,irealb://Digno%20Es%20El%20Se%C3%B1or%201%3DAbel%20Zavala%20Marcela%20Gandara%3D%3DBallad%20Even%3DA%3D9%3D1r34LbKcu7%20%23F%2FEXyQ%7CAZLE%20D%7CQyX%23C%2FAZDL%2FE%20DA*%7B%7DQyX%23C%2FAXyQ%7CD44T%7ByXA%3E%3AZE%20DL*%7B%7D%20%3E%3AQyX63*%3CEs%20usEZL%23C%2FA%20B%2FDZB%3C*36L%23F%2FA%23C%2FA%20%23XyQ%7CZLD%20%23C%2FAZLD%2FE%20%7CEQyXDZL%23C%2FA%20B%2FDN1D%2FBG%2FE%7CQ%23C%2FA%20s%20E%20%7D%7C%2C%23C%2FA%20%20DZL%23C%2F%20AB%2FD%2CC*%2C%7BQyXE2NN1D%2FBusEZL%20%7DN2Esus%20%3C*66To%20B%3EE%20%7DAXyQZ%20%3DJazz-Ballad%20Even%3D60%3D3
2eba15db-64c9-4989-994c-5f7905e92fcf,irealb://Dominant%20Stamp2%3DComposer%20Unknown%3D%3DMedium%20Swing%3DAb%3D8%3D1r34LbKcu7X7bG%7B7XyQ%7C%7CQyXx%7CQyXx%7CQyX%7CxQyXx%7CQyXx%7CQyXxxXyQ%7DF44T%7B%7CQyXxyQ%7CxXG%7B%7DQyXx%7CQyXx%7CQXyx%7CQyXx%7CQyXx%7CQy7XyQ%7CXx%7CQyXx%7CQyxXyQ%7CXx%7CQyX7bA%7B%7DQyX%7CxQyXx%7CQyXx%7CQyXxyQ%7CxX%7CQyXx%7CQyXxyQ%7CxX%7CQyXx%7CQyXx%7CQyXA7%7B%7DQyXx%7CQyXx%7CQyxXyQ%7CXx%7CQyXx%7CQyxXyQ%7CXx%7CQyXx%7CQyXx%7CQXyx%7CQyX7bB%7B%7DQyXxyQ%7CxX%7CQyXxyQ%7CxXyQ%7D%20%3DJazz-Medium%20Swing%3D90%3D0
2ea7469a-82ce-4b2c-8b02-5e2b0a59a8ed,irealb://Down%20town%3D%E5%B1%B1%E4%B8%8B%E9%81%94%E9%83%8E%3D%3DPop%3DC%3D%3D1r34LbKcu7-D%7CQy4C%5E7XQyX7%5EC%7CQyX7%5EF%7CyQX7%5EC%7CQyX7%5EF%7CQy%7CF%5E7X4Ti*%7BZLG/FLZD-7QyX7-E%7CQyX7%5EF%7CyQX7%5ECSA*%7B%5D%207-E%20%7CD-7%207-E%207yX%7DQyQ%7CF%5E7QyX7-D%7C%2C7-E%2C7%5E%20F7-A%7CQyX7-E%7CQyX%7CF/GXyX7%5EC%7CQyX7%20%5B*BCB/7-C%20%20F/7-C%7CQXy7%5EF%7CQyX7C%7CQyX9b%2C%7CA-%20QyXQX7%5ECC%7CD-7%20QyXQyXQyX%5DQyXGF/ZL7-E%207-DZL7-EXyQ%5B*QyX9D7-DZL7XyQ%7C-D%7CQyX7-A%7CQyX7E-%7CQyX7%5EF%7CQyX7%5EC7%20E-7%5EF%7CQy%20E-7%3CD.S.%20al%20Coda%3E%20Z%20%3DPop-Rock%3D115%3D1
2e334bae-b7b2-4afd-b173-b78ce14d21c6,irealb://%E3%83%89%E3%83%A9%E3%82%B4%E3%83%B3%E3%82%B9%E3%83%AC%E3%82%A4%E3%83%A4%E3%83%BC4%20%20%20%20%E5%AE%B6%E3%81%AE%E3%83%86%E3%83%BC%E3%83%9E%3DComposer%20Unknown%3D%3DPop%3DC%3D%3D1r34LbKcu7bB%20bA4CXyQ%7CQyXbB%7CQyXCZLb%20BbA%7CQyXC%7CQyXbB%7CCXyQ%7C4TA*%5B%20%5D%5B*BAbXyQ%7CBbXyQ%7CCXyQ%7CCXyQ%7CAbXyQ%7CBbXyQ%7CCXyQ%7CCXyQZ%20%3DPop-Funk%3D140%3D3
2ef9d743-e0c0-4c88-aca3-98a0b9b907d6,irealb://Sing%20me%20Softly%20of%20the%20Blues=Bley%20Carla==Medium%20Swing=Bb==1r34LbKcu7D%7CQyX7%20Bb7Y%7Cp%2C7Epp%7CQyXsu7sEZL7F%209b7BZL9b%7B%2AAA7F44T%5BQyXsuA7%2CXy7F%209b7bB%7CQyX7FLZ7bG%207C%7CQyX7D%7CQLZE7s%7CQyX7QyX%7D%20XyQ%7CDZL7G%20%2C7AZL7bB%20E7ZL7F%207B%7CQyX9%237F7%20E79%237A%7CXyQ%20%20YY%5BQA7%20D7%2CLZsF7%2CE7%2CA7%20Z%20==0=0
2e3241c2-6f65-45be-abde-f78609091de4,irealb://Ev'rybody%20Wants%20To%20Be%20A%20Cat%3DHuddleson-Rinker%20(Charles%20Perry)%3D%3DMedium%20Swing%3DB-%3D2%3D1r34LbKcu7ni(%20044%3C*7b%2047*%3CQyX%5D%20nZLZnLnZLn%3E)onp(%20%204pm%2012Ti*%5BYA%2C-B%7C%3EXyQ%20pZL%5EGl%7C%2C%23G%2FW%2CA-%2FB%7C%2C%2B%23F%2C-BsA*%5B%20sF%237%2C)%222%22%20%2CD%2F-E-%2FA%2CW%2C-EsSB*%5BY%5D%20-Bl%2C%7C5%237%23F%2Ch%23C%7C%2C%23G%2FD%23%2B%2C%7CB%7C%2C%2B%23%20%2FQyX%7ClDLZ%3CZL-Bl%7C%2CE%2FW%2C%23CW%2F%7C%2C%23A%2FW%2C7%23FsZLx*72%E2%99%AB%E2%99%AB%2C%23C%2FW%2C7GsZ%2C%3C*57%2C%23G%2FW%2CA%2F-B%7C%2C%2B%23%2CA-BsA*%5B%5D7%23F%3E%20%CD%9D%CD%9D%7ClG%5EL7Gs%3E%2FS.D%3C1B-%2CF%23B%2CA%2C-B%7C%2C7%23Fpp%2CG%5E%7C%2C%23G%2FW%2CA%2F-B%7C%2C%2B-%2Cn%5DN%7C%2C7%23FbB%2F-C2nd%20E-Cs2NA*%5BY%20%20QyXyQX%5D%207%23F%207Gl%3E.dn%2CG%2B%2C%7C%20la%20.C%7C%2C%2BBkey%20c7G%2C7bAsZL%5EbAl%7CA%2C%2FW%3E%E2%AD%9Cpets%20%C2%BD%20%3Agh%2C%7CC-%2C47*%3C%2C27*%3CBW%2FA%2C%7CQyXQyXQyX%5Dn%2C-Cb%2CB%2C-C%7C%2C7Gpp%2C%5EbAXyQ%5B*%2CbB%2F-s%3E%E2%99%A9%20%20out%3EF%D2%9196*%3CZLxZLbEl%7CD%2C%2FW%2CbE%2F-F%7C%2C%2BE%2C-%20%E2%99%AB%20%20%E2%99%A9%20sb%20%20%20%CD%9D%CD%9D4554%CD%9D%CD%9DXW%3E%E2%99%A9%20%20%E2%99%A9%20%20%E2%99%A9%20%20%E2%99%A9%209*6%3C%7C%2CB%2FW%3E%20%CD%9DQyXQy%2FD%2C%3C**%3C%2C7GQyX66%7C%3C*69%2FW%3E%20%CD%9DQyX45*%3C%2Cb%2FE-C%3E%E2%99%A9%20%20%E2%99%A9%20%20%E2%99%A9%20%20%E2%99%A9%20G%2C%7C%3C*%2CF%2FW%3E%2F-%23C%7C%2CG7%2C%5D-%23C%3E%E2%AD%9Cpets%20%C2%BD%20%3Agch%20yek%20%2047*%3CA*%5BY%2CG%23%2B%2C7bA%3E%E2%94%81Gspp%2C%23%2C%7ClA%23A%2FW%2CB%2F-%23C%7C%2C%2BC-%2C%23C%7C%2C7%23G%2C7AsZL%5E%2C%7ClA%5EA%2FW%2CB%20nl43*69%20%20cKn%2C-%23C%3E%E2%94%81%20QyX3*6%3C%2CB%2C-%23C%3E%E2%99%AB%20QyX%E2%99%ABl%20LZT%3C%7C%2C7%23np%20Qy%E0%B8%AF%E2%99%AA%3E%20%5D)-%23C(n%3E%E2%99%AA%E0%B8%AF%20QyXQXy45*%3C44T%5BY%20%20QyX%3C*74X%2045*%3C96*%3C%2Cl%20timxZLxZL-%23CC*%7B%20xLZxZLxZL%3E)leef%20eLZsA7bd(%20o4x%3EG%237%2C%7D%5BnC%23-%2Cln%20Z%20%3DJazz-Swing%20Two%2FFour%3D120%3D1
2ef1041f-d2b0-47df-9d20-b4257584c93c,irealb://Retratos%3DSalles%3D%3DFusion%3DE-%3D7%3D1r34LbKcu7%7BT74E-7XyQKcl%20LZC7XyQ%7CD7%20F%23o7%20%7D%20%3DJazz-Slow%20Swing%3D150%3D30
2e22b7d3-3db0-4144-bb16-f67f5bc233bf,irealb://Fire%20In%20The%20Hole%20(Steely%20Dan)%3DBecker%20Fagen%3D%3D72%20Bpm%3DD-%3D%3D1r34LbKcu7ZLD%2FW4%3C*60ittuT%20%2006*%3C%7CQy7X-D%3Eylno%20syeK%20%20%3ED-7%202Ti*%5BfZL%2CE%2FE%2CLZEf%7CQyX7-DfZLD%2F%20W7-DZL%2CG%2FW%20%2C7-G7%2C%20W%2FW%20%2C7E7EZLxfA7%20%5DZL7-GZL7EZL7-De%3EsreV%20%2027*%3CA*%7BYD-7LZZL7-G%5EbAZLLZD-7%7C%2CC%2FbB%2CC%2FbAsZLb%2CBl%7C%2CG%2FbE%2CbAsZLlC-7%2C7-GZLsusGs7LZAbbB%3EsurohC%20%2096*B%3C*%5BY%5D%20bG%2FbAZL7%5E%2FAbLZ-GZL796*%3CCC-7%2CLbBl%7C%2CbA%2CbEsZLblEf%7C%2CF%2CbBsZLbAfZ%20%7DY%7B*l%7C%2CG%2CsZL7-s%20solGZL7EZLxZL7-DZ7L-GZL7EZL7-D%3E%20o-7LZDyeK%20%20L7%5EbA%2FG%2C%7ClZL7%5EbAZL%2C7-Cl%7CC%2C%2FbB%2CC%2FbAsZL%2CbBG-7LZbE%2CbAAfZL%2Cb%20%7DY%5B%2CG%2CsusGsZLbA%2Fb%3EBsurohC%20%2096*%3CB*%7ClC-7G%2FbAZs%20rtgb%2CF%2C%7CO%20%2096*%3CD*%7BY%5D%20blB%7C%2CbA%2CbEsZLbElfutro%20BsZLbolo%3ED-7LZE7LZG-7LZD-7%3C8x%3E%20%7D%3CCha-Cha%20ending%3E%20%3D%3D0%3D0
2e8abddf-d14f-4877-b56c-126b2971a65a,irealb://There%20Is%20A%20Light%20That%20Never%20Goes%20Out%3DSmiths%20The%3D%3DBrit%20Pop%3DD-%3D%3D1r34LbKcu7yX2FZ4D-7XZLG%20-AlSA*%7BY%20%20yQXQyX%7CGs%20%202F%7CQyA-%20GL4Ti*%5B%7CGs%20%20LZA-%20X7-D%7CY%7D%20%3E4x%3CG%20%7CCQyX2FZLG%20-AZLGyQ%7CF2G%20C%7CQD%7CQyXQ%20%20Y%7BC%7CQyXGZL%20lcKQyFX%7CQyX-A%7CQyXClB*XyQ%7CFyXQyXedaf%20D.%20S.peR%20QyX%3C%20%202FZL%20G-AZLG%20-A%7BY%7D%20%20%3Eeat%20%26%20%20%3C%20-%3ELZC%20G%20%7D%20%3DPop-Bluegrass%3D220%3D1
2e0369d3-d9f8-422f-8df1-6f12bb7533ed,irealb://HONOLULU%20BOUND%3DKing%20Bennie%20Nawahi%3D%3DDixieland%3DF%3D%3D1r34LbKcu7LpZL%2C%2CLZpLL%2CFZLpZL%2CCZLpZpLZLpZL%2CGZLpZLpZZpLZGF44T%5BZLpZLpLZF%2CpZL%2CF%5B%5D%20pZLpZLZpL%2CGZLpZLpZLpZLLZC%23%2CZL%2CCZCZL%2CGLZD%2CLL%2CFZL%2C%23CZL%2CFZLZpL%2CCZLpZL%2CGZLpZZD%2CLZpZL%2CF%2CLZpLZF%2CLZp%20Z%20%3DJazz-Trad%20Jazz%3D185%3D3
2ea81ea2-4a99-4fc0-a6f4-67cf42e5fa22,irealb://Hijo%20de%20DIOS=Witt%20Marcos==Ballad%20Even=F==1r34LbKcu7B%28QyX4F%2C%2AA7%5E%2DG%20%2DG%7CQyXbB%7CyQX7F%7CQyX7%5EF%7CQyXLZG%2D74Ti%2A%5BQyX%2DGyQ%7CF%20B%7CQyX%2DA%7CQyX%2DA%7CyQX%2DD%7CQyX%2DDZLE%2FCbXyQ%7CXC%7C%29b%7CQyX%2D%7CBbXyXbBZL7F%20%2DC%7CQyXA%2DB%2A%7BQyXF%7CQyXC%7CQyQ%7CBb%29A%2FF%28QyXQy%2FE%29D%2DFZL%2CC%20bB2N%7DQyX%7CFQyXC%7CQyXbB1NZL%3C%2A63XC%28%20%2CF%2CF%7CQy%3EXyQ%7DQyXFZLC%20bBZL%2DDE%29%2FC%28%20%2CF%7CQyX%2DbBQ%7CBb%2DXA%20oT%20%20%28C%2FE%29D%2DLZBb%20C%20%7BDb%20EbLZfF%2C%20%20%3C%2A69x3%3E%20%7D%20=Jazz%2DBallad%20Even=60=3
2e0ad796-5483-4105-8f6d-290471d551ef,irealb://How%20Am%20I%20Suppose%20To%20Live%20Without%20You%20Part%201%3DBolton%20Michael%3D%3DPop%20Ballad%3DC%3D%3D1r34LbKcu7bE%2FF%2CEb%2C%20B%20%2CbE%7CF%2FbB%2CG%2FF%207*m*D%7C%2CbE%2FF%2CbE%2FbBb%2FEbs%2Ci*%5B*m*bE7*%2C%20DE%7CQyXA%2FF%7CQyXbB*A%5B%5D%2CC%2F7D%2Csus9b7b%2FG%2C%20m*D%7C%2C*bE%20%2CZBb%2FFQyXA%2FF%7CQyXbB%7C*m7*C%2CD%2FbB%2CbE%2F7F%2C%7CEb%2FGL%2C%23F%2FC%7C%2CD%2F%2CBb%2FFE%7C%2CD%2FbB%20%20*7m*D%2C%7CbE%2F7F%2CF%20E%2F7C%7C%2Cb%20%20Bb%23F%2F*m%2FF%20*7G*m7*%2CbE%2FF%20%2CbEB*%5B%5DFF%2C%2FbE%20bE%7C%2C*7m*D%2CLZD*m%20*7m*m*DZL7*%7CEb%20%2CbE%7CD%2FbB%2CbB%2Fb%20A*7m*DZL%2CbE%2FF%20%2CF%2FEb%2Cm*G%2CG*C%7C*7m7*%2CF%2FF%20F%2FbE%7C%2CbE%2CD%2FBb%20%2C*7m*C%7C%2CbB%2CA%2FG%2CG*m*G%2C*7%2C*7m*b%2FD%2CE%2FF%2CbE%2FbB%20%2CbE44ZTLbB42T%7C%2CF%2FbE%2CbEb%2C%7CDB%2C*7m%20D7b9sus%2CD7%2FC%2C%5D%20%3DPop-Slow%20Rock%3D75%3D3
2e01682d-a232-4d62-bf22-9b861a5c0c79,irealb://For%20All%20We%20Know%20%28DGM%29%20048=Coots%2FLewis==Ballad=F==1r34LbKcu7FZL7C%20C7%20%5DQyX7C%7CQyX9G%7CQyFXS%5BQyXQyXQyXQyX%7CG%2D7%20n44T%5B%2DE%7CQy%7CD7XyQyX7obAZLQ%20%20A%2F%7CFQyX7C%7CQyX7%2DG%7CQ%7CG%2D7XQyX7%5EC%20la%207b9LZ7bG%207C%7CQyX7%2DGZ7LG%207%2DDZL7%5E%2DD%20%2DD%3CD%2ES%2EA%205b77C%7CQy%5D%5BQB%2DL7D%20sus7DZL11%23b7E%207AZL9b7E%205b7ZG%2D7X%20%3EadoXyQ%7CF6XyQ%7CU%3CFine%3EF6XyQZ%20==74=1
2efd5b32-8393-4a84-80b1-88969835144b,irealb://Second%20Time%20Around%20%28DGM%29%20051%2C%20The=Heusen%2FCahn%20Van==Medium%20Swing=C==1r34LbKcu7ZL7ob4n%20G7ZL31F%207%5EC44T%7BQXyQyXQyXQyX%5D%20susE%2D7%20E4Ti%2A%5BX7%2DA%5BQ%7CG7XE%205b7%2DB%7CQyX7%2DDQ%7CyX7A%7CQyX7%5EC%7CQy7b9%20%5DyX7%2DD7G%7CQy7%20CLZyX7%2DAl%7C%2CC%2FF%2C7b%20D%2C7%5EFs%7CQyX7%5EF1NQ%7CD7X%2DG%7CQy1bB%2047XyQ%7DQyX7G%7CQyX7%2DD%7CQXy9DZL9bE%207%5EF2N%7C%7CEsusG%7CQyX3LZA7XyQ%7CA%2D7%20D7LZG7susXyQ%7CCXyQ%7CU%3CFine%3ECXyQZ%20==110=1
2e8f9a92-5501-41ac-aded-a5bdc00c122b,irealb://Star%20Eyes%20%28DGM%29%20115=Gene%20DePaul%20Raye==Medium%20Swing=Eb==1r34LbKcu7QyX7%5E4Eb%5E7bA%207%2DbE%7CQyX7%5EbZEL7bB%207%2DFZL7%2DC%207LZDb4TA%2A%7BL%20lcK5%20C7bbAB%2A%5B%7D%20Q%2C9b7bB5%20b7%2DF%7CQyX7%5EFZL9%5E7XyQb7%2DG%7C%20la%20%2EXyQ%7CD%207bB%7CQyX7%2DFZL%20clKQyX7%5EbG%7CQyX7b%20%3CD%2EC7%2DbAZCoda%3E%20%5D%5BQG%2D7b5XyQ%7CDb7%20C7LZF%2D7%20BbsusLZEb6XyQZl%20==144=1
2eb8d40b-d87b-4249-a905-00a9d6d11461,irealb://Jingle%20Bell%20Rock%20%28DGM%29%20491=Booth%2DBeal==Medium%20Swing=C==1r34LbKcu77%2DDZL4C%20C%5EDZL7G%207%2DDl%7C%2C7oC%23s%20%206CZLC%206CZL7%2D7%20G74TA%2A%7B%2A%5B%5D%20%2CN1D%2D7ZL7G%207D2NZL%20QyQXyX%7DQyX5%237G%7CQyXC%20G%2D7ZL7G%20X7G%7CQ%7CF%23o7%7CQyX7D%7CQyX7%2DA%7CyQX7C%7CQyXG%2FC%7CQyXD%2D7XyQyXFB7G%207DCC%20C%5E%2DF%7CQyXF%7CQyX7AZ7LbB%206CZLC%206CZL76XyQ%7C%2A%5B%5DQy%2CQLZC%20%20%3CD%2EC%2E%20al%20Coda%3E%20%5D%5BQD7%20G7LZD7%20G7LZCXyQZ%20=Pop%2DRock=124=1
2ecc54d8-7e66-4433-bf25-58b0c30d9fc1,irealb://I'm%20An%20Old%20Cowhand%3DMercer%20Johnny%3D%3DMedium%20Swing%3DC%3D%3D1r34LbKcu77bB%7CQ4F-7XZL7-C%207-GZL7%5Eb%20A7%5EbE%7CQyX7bB%7CQyF-7Xy4TA*%7BG%7CQyXb%5E7%20A%5B%20QyXQyXQyXQyXyQXZQyX7%5EbEZL7%5Eb*BC-7E%7CQyX%207%5EbE%7CC-7X%207-FZL7-C%207-G%7CyQX7-C%7CQyX7-G%7CQyBb7LZQyX7-Eo7%20%5D%20%3D%3D0%3D10
2e25b71e-14fa-4e7d-88c5-cf2f4ce50e05,irealb://I've%20Got%20The%20Music%20In%20Me%3DKiki%20Dee%20Band%3D%3DPop%3DG%3D%3D1r34LbKcu7%7B%7DQyXXyQ%7CGG%7CQyXG%7CQyXG%2CA*%7B%2C%7CQyXG%7CQyXG%7CQyXXyQ%7CGG44T%5BXG%7B%7DQCXyQ%7CyXbB%7CQyXC%7CQyXGB%2C*%2C%7B%7DQyXG%7CQyXbBQ%7CGXy%7CQyXGyXbA%7CyQ%7CBbQyXbB%7CQyXC%7CQyX%7CG%7D%2CF%2CE%2C%23D%2CD%7CQyX%7CAXyQXC%7CQyQ%7CGXyQ%5D%20%3D%3D0%3D0
2e716abe-f8eb-448c-a326-3fc9d66ae87e,irealb://Go%20Your%20Own%20Way%3DMac%20Fleetwood%3D%3DPop%3DF%3D%3D1r34LbKcu7XC%7CQyT44FXXF%7CQyXF%2CA*%2C%7B%7CQXyF%7CQyXF%7CQyXF%7CQyyQ%7CFX%2Ci*%2C%5BbB%7CQyXyQ%7CB%2CB*%2C%7BZ%2CE/C%2CF2N%20%7DF1N%7CQyXbB%7CQyXbD*m*XbB%7CQye5%3C%20QXyQ%7CCQyXQyXQyX%3Eolos:%20A%20reek%20e3%3C%7DQyXXyQXyC%7CQyX%20keer%20B:%20solo%20tot%20einde%3E%20%3D%3D0%3D0
2e50b175-8bf9-4bed-87ac-60d4b5b710f0,irealb://If%20I%20Only%20Had%20A%20Brain%3DHamburg%2FArlen%3D%3DMedium%20Swing%3DF%3D%3D1r34LbKcu7G%7Cp%2C66%2Cppp7-G%7Cp%2C7%5EF%2CF%2FbBF%2C%7Cp%2CC%2F7-Gp%2C7-G%7C%2FF%2CpFF44T%7BF%2CF%2Fbp%7CC7%2C%7C%7Dp%2C7C%2Cp%2C5%237G%7C%2CpF%2CF%2FbB%2CF1N%7CpppN2F%2CBpp%2C7-Fp%2C7%5E%2CpC-7Cp%2C7-G%7Cp%2C7Dp%2C7A-%7Cp%2CoBp%2CbB%7C%2C7F%2C7%2Cp%7CF6F%7Cp%2C7-G%7Cph%2CpA7%7Cp%2CG%2F7Cp%2Co%23F%7Cppp%2C9G%7Cppp%2C7-D%7Cp%2CF6%2CppE%7Cp%2C6%7Cppp%2C%2FC%2Cp%7Cp%2C7-G%7Cp%2C6Fp%2CF%2F-7G%7Cp%2C7%5EF%2CF%2FbB%2CFpp%7CC77-Gp%2CF%2CBb%2FF%2CF%5E7%2Cp%7CF%2CpC7%2Cp%20%5D%20%3DJazz-Bossa%20Nova%3D120%3D3
2e945bcb-7679-4585-8ea8-7e1d2d5ee886,irealb://Inexplicable=Julissa==Up%20Tempo=D%2D==1r34LbKcu7QyXD%7C4E%2DXyQyXA%7CQyX%2DE%7CQyXB%2D%7CQyX%2D%23F%7CQyXA%7CQ%7CDXyQ4TA%2A%7B%7D%20=Jazz%2DUp%20Tempo%20Swing=240=3
2e1c82b1-d6c5-4aa8-8e0f-c257509e6731,irealb://Mixolydian%20Chordscale%20Vamp%3DGrantham%20Jim%3D%3DBossa%20Nova%3DC%3D%3D1r34LbKcu7%7BT44C7XyQ%7CBb%5E7XyQ%7D%20%3DJazz-Bossa%20Nova%3D120%3D20
2ea9960f-718c-4d83-86dc-d52862b41bc9,irealb://Jesus%20O%20Herdeiro%3DDaniel%20De%20Souza%3D%3DPop%20Ballad%3DG%3D5%3D1r34LbKcu7%7C%2CC%2FD%20LZC%5E%20B%2FGZL%20%5EGA*%5B%20QXy%7D%20%20DZL%20%5EGZL%20G%2FLZC%5E%20%5EGi*%7BD%20%5EGBB%2C%7CA-X7DZL%207-A%7B%5D%20G%2CZCLG%2CCZL%207D%7CQyX7yQ%7D%5B*%2FG%20%5ECZL%207-E-7%20DG%20%5EC%7C%2CB%2FG%207-AZ7LE%20hBZL%20%5EG%7C%2C%23F%2F%2FB%2C%7CA%7C%2C%23F%2F%3CD.C.%20al%20Fine%3ED7XyQLZ%3CFine%3EG%5E%20%20%5D%20%3DPop-Slow%20Rock%3D70%3D1
2e402ee6-67e0-4a63-8a15-de185b3455b8,irealb://Just%20Got%20Paid%20%28Johnny%20Kemp%29=Johnny%20Kemp%2C%20Teddy%20Riley%2C%20Gene%20Griffin%2C%20Aaron%20Hall==New%20Jack%20Swing=B%2D==1r34LbKcu7L%20lcK4%3C567G%7CQyX6%2DB%7CQyX6%2D%7CBQyX7%2DB%7CQyX7%2DB%3E%2FBXyQ4Ti%2A%5B%2DBSC%2ABXyQ%7CA%7CQyXGZL%20lcKQy7X%2DBA%2A%7B%5DQyXB%2Fo%23CXyQ%7D%7B%2F96AZ%2DEB%2A%5Bcl%20LZ%7CQyXGZL%20lcKQyX%2D7Bv%2A%7B%7DQyXA%7CQyXGAXyQ%7DKQyX7%2DB%7CQyAXyQ%7CyX7%2DEl%7C%2C%2DB%2CD%2F%2D%2CB%23C%2FA%2C%2DBs%7CQyX%2DBQ%7CA%2DX%7CQyX7QyXGZD%2ES%2E%20QyXS%2C7%2DBlSC%2A%7B%5D%2D%2C%23Fs%20%20A%3EeniF%20laKcl%20L%3C%7CQyXC%2A%7B%7D%20%7D%7B%2ADBnif%20lA%20%2ES%2ES%2ED%3CLZ%20x%20ZL%20lcKQyX7%2De%3E%20x%20QyXA%7CC%3C%7DQyh%20solXGZL%20lcKQyX7%2DB%2E%3E%2E%E2%80%A6pmav%20%2Ecte%20%2CoyQ%7CAXtnyS%3Chart%20by%20Chris%20Codish%2010%2D7%2D25%3E%20==0=0
2e92f9fa-0473-4397-ad90-d23cb0f8e867,irealb://Song%202%3DBlur%3D%3DMedium%20Swing%3DF%3D%3D1r34LbKcu7%5BF%2CLZEb%2CLZAb%2CBb%2CLZC%2C%20%5D%20%3D%3D0%3D0
2ead0f52-38df-4211-bdc5-4f0ab95c7209,irealb://Satin%20Doll%3DStrayhorn-Ellington%3D%3DMedium%20Swing%3DC%3D0%3D1r34LbKcu77-bAZ4D-7%20-AZL7A%207-EZL7A7%20-EZL7G%207-DZL7G7%20D7L4T%7BA*%5BB*%5D%20ZN1C%5EyX7%5EC2NZL%20QyXQXy%7D%207A%207-EZL7F%207QKcl%20L7bD%20KQyX77LZG-%207-AZL7D%207-AZLl%20cKQyX7%5EFZL7C%207D7LZGC%207-GbAZL7*A%5BD-ZL7A%207-EZL7A%207E-ZL7G%207-DZL7G%207A-7%20D%5D%20%20lc-7%20Db7LZUC%5E7%20F7LZE-7%20A7%20Z%3DJazz-Medium%20Swing%3D120%3D0
2e55fd9b-b079-4847-9cfc-d3950495f36d,irealb://Latin%20Fran%3DLa%20Evoluci%C3%B3n%20del%20Azahar%3D%3DLatin%3DEb%3D3%3D1r34LbKcu72N%7CQy9XyQ%7CyXQyX%7DQyX9%5EbD1%7CNQyX9-C%7CQyX9%5EbDQXyQX-Ci*%7B%2F7-G%20G-7%2FBN%7CQyXbA%2FhD%7CQyX-9F%7CQyX9-CA*%7BZLb1Db%5E9%209%5EbD7-bB%7CyQXyQ7F%7CQyX%5EbGB*ZL7G-%209%5EbD2N%7CQyXQyX%239XyQX%7D%20bBXyQ%7CDb9XyQ%7CGb%5EXyQ%7CGhXyQ%7CAb11XyQ%7CDb%5E9%20G-7%20%5D%20%3DJazz-Latin%2FSwing%3D120%3D3
2ef1c24a-a51c-48b9-b4a0-4869e8e3742f,irealb://Loie=Burrell%20Kenny==Bossa%20Nova=E%2D==1r34LbKcu7%2DEA%2A%7BXyQKcZL%20x%20ZL%20lcKQyXE%2DZL%20x%20ZL%20x%20ZL%20l%20x%20%20%5D%2DEi%2A%5BC%7CQyX%2D%2FDXyQyX%29C%2F%2DE%287%5EC%7CQXy%29%23C%2F%2DE%28%23C%2F9A%7CQ%7CE%2D%2FBE%7CQyX%7CQyX7ZE%2DXy7%2DA%7CQyX%2DAZL%20lcQKyX7EB%2A%5B%7D%20%20lcKQXyQ%7CDL7B%2077%5EC%7CQyQ%7CGX9A%7CQyXD%2F%2DE%7CQyXE%2DA%2A%7C%5D%207B%207%23F%7CQy%2FC%23XyX9b7DL%2C7B%20%2D%2FBXyXB%2F%2DEQ%5BY%5D%20%20lcKyQX%2DEZLQ%2C7B%207C%7CQyQ%7CC7E%7CQyXZE%2D%2FBXyQ%7CC7%20B7LZE%2DXyQKcl%20LZ%20x%20LZUE%2DXyQZ%20=Latin%2DBrazil%3A%20Bossa%20Acoustic=0=2
2ee13daa-4192-4d1b-9bb4-c6ae447eae54,irealb://Lost%20In%20The%20Ozone%20Again%3DBilly%20C.%20Farlow%3D%3DCountry%3DD%3D2%3D1r34LbKcu7x%20ZL%20%2CXyQKX%2CDZL%20x%20ZL%20x%20Z%20LlcKQyX%2C7AZL%20lcyQKclD44T%5BKQyX%2C%2CXyQ%7CcKQyX%2CDZL%20lcKQXy%2C7AZL%20lcKQyX%2CGl%20LZD7DZL%20%7CQyX%2C%20x%20LZX%2CDZL%20lcKQyX%2C7ZAL%20x%20ZL%20x%20ZL%20x%20yQ%7CD7ZL%20lcG%2CXyQKcl%20LZA7%2CXyQKcl%20LZD%2CXyQKcl%20%20%5D%20%3DPop-Bluegrass%3D235%3D5
2e6fa17b-5359-4ed8-ada0-0418589f90df,irealb://Meu%20Sofrer=Noel%20Rosa%2C%20Henrique%20Brito%201930==Choro%20Lento=C%2D==1r34LbKcu7A%2A%7BY%5D4%3C%2A74ZL7G%207bA%7CQyX%2DCQ%7CyX%2DF%3Empb%2028QyXC%2DXyQ4Ti%2A%5B%7CQyX7%2FBbLZX7G%7CQyX%2DC%7CQyX%2D%7CCQyX7G%7CQyXbA%2F%2DFyQ%7CAb%2DC%20%2DCyXbE%2F%7CC%2D%20CX%2DF%7CQyX7C%7CQyX7%7CGQyXbA%2F%2DFZLbB%2F%2DyQ%7CC%2DQyX7G%2F7D%7CQ%20G7LZC%7CQyX%2DC%7CQyXB%2F7%7CGQyX7GB%2A%5B%5DQyX%2DC%2D%2FGXy7bD%7CQ%7CQyXGF%2D%2FAbyX7bB%7CQyX7F%7CQyEX%2F7C%7CQyX%2DCZL7G%20Q%7CEb%2F%7CQyXA%2036%2A%3CyQ%7CC%2DQ%20%3E%20%3C%20%2DC2N%7C%7DQy%2DXC1NQyXB%2F7G%7CQyX%20%5DY%5BQXF%2FbD%3EF%2DXyQ%7CC%2DXyQ%7CAb7%20G7LZC%2DXyQZ%20=Jazz%2DLatin=84=1
2e17b2ed-29b3-4f33-8911-fb5082fa4710,irealb://Midnight%20Blue%3DBurrell%20Kenny%3D%3DMedium%20Swing%3DBb%3D%3D1r34LbKcu7C%2C7-G4%3C8x%3EL7-G%207-FZL%20C/7G-%2C7-bAZL7-G%207-FZAb%5E%2C4Ti*%7BG/9%237*ASF-AZL7-G%207-FZLG/%2397C%20%2C%5EbAZL7-G%207b%5E%2C%20C%7B%7D%20%2C%5Eb7-GB%20G-7L-G%207-FZL9%237C%20C7/-FZL9%237C%20%2C%5EbAZ7LZ%5B*7-FZL7C%7CQyC7%239b-bA%7CQyX9-bB%7CQy9XbB%7CQyX7-F%7CQyX59/DbX%7CQyX5%239%235%20%20QLZN1F-7%20C7%239%20%7DXyQXyQXyQXyQ%7CN2%20C7%239%20%20Z%20%3DJazz-Medium%20Swing%3D145%3D3
2e20ab1d-2df1-4548-b808-9e3424d2eb83,irealb://NG:%20Lord%20I%20Give%20You%20My%20Heart%3DComposer%20Unknown%3D%3DRock%20Pop%3DB%3D%3D1r34LbKcu7yX%7C%7D%204EXyQ%7CQyXE%7CQyX-%23C%7CQXyBZLE%20A%7CQyX-%23C%7CD%2CA%2CB4TA*%7B%7CZL%20%2CT44EX%7CQyXB%7CQyXEZLB%20%7CAQyX-%23F%7CQyXB%7CQyF%23-%2C%20A*%7B%20QA%20B%20%7D%20%3D%3D0%3D0
2ed31187-1623-4d2d-aabe-ed5d88eb6464,irealb://Vizinha%20do%20Lado%2C%20A%3DCaymmi%20Dorival%3D%3DSamba%3DC%3D%3D1r34LbKcu7QyXx%7C2C*7%2BsG%7CQyXx%7CQyX*7mD*%7CQyX*7m*A%7CQyX*usXyQ2TA*%5B*7m*DQ%7CxXy7m*A%7CQyX*7m*E%7CyQXF/G%7CQyX9%5EF%7B%7CQ*XyQ%7CyX6C%7C7m*E%7CboXyQ1E%7CQyXx%7CQyX*6mF*B*%7C%7DQyXx%7CQyXC%7C3%2CXyQA%7CQyXX*6m*LZD*mh%23F%7CQyX7C%7CQyX*m7*G%7CQyX7G%7CQyX*7XyQ%7CF7A%20%2C*FC*%7B%5Dm7*XyQyXC%7CQyX7G%7CQyX7*m*D%7CQyX*7m*A%7CQ%7CxXyQ*E%7CQyyXC%7CQ%7CG/FX%7CQyX*7m*D%7CQyX*m7*A%7CQyX*7m*E%7CQyAboXyQyX9%5EQ%7Cx%20%20U%20%7D%20%3D%3D0%3D0
2ed86e76-5c44-4eaf-a3c0-3d53c8b3fb92,irealb://Nearness%20Of%20You%20(hl101t)%2C%20The%3DCarmichael%20Hoagy%3D%3DBallad%3DG%3D5%3D1r34LbKcu7L7D%2074G%5E7XE%207-B%7CQyX7oC%7CQXy7%5ECZL7G%207-D%7CQy7LZA-4TA*%7B-AB*%5B7%20E7L%5EGZL7C%207%5EG2NZLQ%20yXQyX%7D%207D%207-AZ7XyQ%5D-B1NZL7E%207D7XyQ%23F%2C5b7-%23C%207%5ECZ7LG%207-DZL7G%207%5EG%7C7%2C%7CB-%7CQyX77-B3ND.C.%20XQyXY%5D%207D%207-AZ%20L%3Egnidne%20dr3%20layQ%20LZ%3C%207AZb5XyQ%7CE7XyQ%7CA-7XyQ%7CD7XyQ%7CG%5E7XyQ%7CA-7%20D7%20Z%20%3DJazz-Ballad%20Swing%3D65%3D1
2ec28e52-eba5-4db6-b60b-aea8e5e28d10,irealb://Out%20Of%20Nowhere%3DGreen%20Johnny%3D%3DMedium%20Swing%3DG%3D%3D1r34LbKcu7yX7-B4G%5E7XKQyX7%5EG%7CQyX7bEQ%7CyX7-bBZL%20lcKQycl%20LZ4T%5BA*%20lcKQ9XyQ%5DZL%20lcKQyX7-A%7CQXy9b7E%7CQyX7-A%5BB*Eb7Xyb7E%7CQyX7%5EGXyQ%7CDbE%7CQyX7-bBZL%20lKcQyX7%5EG%5BA*%5DQyX77XyQ%7C7-AZL6-C%7CQLZB-7%7CQyX9b7E%7CQyX7-%5BAC*%5DQyX9b7E%7CQyXA-7Xy%20lcKQXyQ%7CB-7%20Bbo7LZA-7%20D7LZG6XyQ%7CA-7%20D7%20Z%3D%3D0%3D0
2ec3dd5b-0c48-4c25-9934-ffe7818a7697,irealb://Weather%20Bird%20Rag%3D%281923%29%20Oliver%3D%3DMedium%20Swing%3DAb%3D%3D1r34LbKcu7%20QyXQ*74InA%7C%2C7bE%2C7bB%7C%2C7Fb%2CA%7C%2C-bD%2CbDs%3Eortb%20%5BXy%3C44T%5BA%7C%2C7bAbLZDL7GZL-F%7C%2CoE%2C7bZELxZLbA%7C%2C-bD%2C6bZC-%2CEA*%7BY%20%7BY%7D%20b6%2CDb-E%2C7bB%7C%2C7F%2CbA%7C%2CDo%2C-bBZL7FZLbA%7C%2Cb7%2C%7CAbDZLbxZLbALZ%3C*37bEZLbA%7C%2C7bE%2CbZAL7bE%3EkrB%20%20QyX8LZxLZ7bEB*%2C7bE%2CLZEb77F%2CbA%7C%2C-bD%2CbD%7C7%2CbA%2C-F%7C%2CoE%2CbAZL%2C%7CBb%2B7bEZL%20QyXQY%5B%3C*7bE%7C%2CoA%2C6bAZL%2BbZALbA%3EedulretnI47%20%5BXy%7D%20bA%7C2*%3C%7C%2CAbLZxE%7C%2C7bB%2CbAZLxZLb7E%7C%2CobA%2CbAZLxZLb7%2CAbC*%5BY%20%20bA%7C%2CBrk%3EAbB%7C%2C7F%2CbA%7C%2CoD%2CDbZL7bAZLxZLxZLb7%2CEb7%20QyX7%5DY%5BQAb%2C%3C*69Coda%3EFo%2C%7CEb7%2CAbZ%20%3D%3D0%3D0
2eb7b333-09b6-4c91-8bab-558d6f6cff9b,irealb://Patrus%20Swing%2053%3DRino%20Van%20Hooijdonk%3D%3DMedium%20Swing%3DC%3D%3D1r34LbKcu7ZL7-BXyQ%7CBA%207-EZL7-B%20D%7CQXy7bB%7CQyXD%7CQyX7b7LZD%20D44T%7ByXDZL7LZDXEZL7-B%20D%7CQyX7b%7CBQyXD%7CQyX7bB%7CQy-7%20A7A%207-EQyX7AyQ%7CGX%7CQyX9E%7CQyXDZL7%20A7-E%7CQyX7-%23F%7CQyxXyQ%7CX7D%7CQ%7CQyXD%7CDXyQ7-EZL7-B%20D%7CQyXb7B%7CQyXD%7CQyX7bB%7C%20A7LZQyXx%7CN1Bb7%20A7%20%7DXyQXyQXyQXyQ%7CN2D%20%20%2CU%2C%20%5D%20%3D%3D0%3D0
2e1cbb15-a439-406a-9992-f681bdf70220,irealb://Pee%20Wee%3DWilliams%20Tony%3D%3DWaltz%3DDb%3D1%3D1r34LbKcu7%7CQyX9b%5E7XyQyX)9-D(7-D%7CQybXD%2FF%7CQyXbD%2FbE%7CQ%7C%7CEbhD43T%5BXsus3Q%7CDb1X9b31G%7CQyXsus3G1%7CZL%20lcKQyXbG%2F3yQ%7CF1yX9hELF%2FbD%5E7%2311yX9b31G%7CQyXsus13G%7CQyX9%5EbG%7C%7CQyXQ%7CEb%20bD%7CQyZ%7CF%2FGbXyQ%7CDb13susXyQ%7CF%2FDbXyQKcl%20LZ%20x%20%20%5D%20%3DJazz-Ballad%20Swing%3D120%3D3
2e039a92-3b79-49b9-abfe-a77f19d08365,irealb://Recado%20Bossa%20Nova%3DDjalma%20Ferreira%20(Maysa)%3D%3DBossa%20Nova%3DBb-%3D1%3D1r34LbKcu7Y%7D%20%20x44%3C*7%20ZL%20x%20ZLF%2F6-bB7%20-bB%3E291%20mpb%20%204x%20LZ%20Ti*%7BYL%20lcK-XyQKEZL%20lcKQyX7bBZ7LBpp%7CQyX7FZL%20lcb-XyQbBA*%7BQyX7CyQKcl%20%20%3E%3Ax%20dr3%20%2096*%2C%3C-bBZL7F%206bDZL%20QLZN1X7bAZ%20%20lcKZCh%2FEB%7CQyX7F%7CQyX7B2%7CN%7DQyX%2C7FZLC%2FW%20bb-XyQL%20lcKL7C%20%2CAb-%20B7C%20hGZL%20lcKQyXb-EZL7bB%20%2C7BZL7bLZDb7B*%5BY%5DQyX-bQKcl%20C%20%2C-bE%7CQyX-bB%7CyQX7F%7CQyX7BQ%7CY%5D%20h%20%5D%5BByX7FZ%7CF5%20F7LZBb-%20GhLZUfBb-69XyQZ%20%3DLatin-Brazil%3A%20Bossa%20Electric%3D192%3D3
2eb947c8-1f25-4253-ac91-c5498f7bedcc,irealb://Red%20Door%3DGerry%20Milligan%20%26%20Zoot%20Sims%3D%3DMedium%20Swing%3DC%3D%3D1r34LbKcu77-G%7CQ4F%5E7XZL7bE%207-bB%7CQyX%5E7FZL7bE%207-bB%7CQyAb6Xy4TA*%7BbBB*%5BN1F%5E7%7CQyX7%5EF2NZL%20QyQXyX%7D%207C%207-G%7CQyXXyQ%20%5DZL7C%20bDZL7%7CF%237%20bE%7CQyX7%5EbDZL7F7%20%23F%7CQyX7-bBZL7F-7%20AbQyX7-L7bE%20%7CG-7%20QyX7%5EFZL7bE%207-Bb%7CQyX7%5EFA*%5B%5D%207C%7CBb-7QyX7%5EZAb6XyQ%7CG-7%20C7LZF%5E7XyQ%7CG-7%20C7%20Z%20%3D%3D0%3D0
2e055db7-6554-41da-924f-f41a9245efef,irealb://Rhinestone%20in%20the%20Rough%3DA.Caswell%3D%3DCountry%3DC%3D%3D1r34LbKcu7LbAZLbLZDbAZLbEZLbAS%7B%20%20QXyQyX%7C%5D%20bEZLbAZLbLZDbA44T%5BEZLbDLZEbLbAZLbEZLxZLbAZbLDZLbAZLbEZLbAZLZ%5B*CxZLxZ%2CbEZLLZDbLDZLbAZLbEZLbDZbLEZLbBZLbAZLbAZbLZAbbAZLbEZLbAAbLZDL%20ZL%20ZL%20ZL%20ZL%20LZ%20%7C%7D%20%2CbEZLbAZLbZ*iN21NZLQLbAZLLZDbL%20bAZLbA%3EadoC%20l%20a.S.D%3CZLbEZLbAZ%7D%7CQAbbAZLb%2CbAZL%7CEbLZbAZLbDZLbAZLbELZbAZLbDZLbDZLbA%2CLZEbn%2CbDZ%20ZL%20Zb%2CGb%2CZL%20ZL%20ZL%20ZL%20ZLZ%20L%20ZL%20%5D%20%2CbA%2Cf%2C%7C%20LZ%20LA%7C%2CbDLZ%20LZ%20LZ%20LZ%20LZ%20LZ%20LZ%20LZ%20LZ%20LZ%20LZ%20LZ%20LZ%20%20Z%20%3D%3D0%3D0
2e59d863-83c8-4a8a-9778-f3e5a0c82fe7,irealb://Ryland%3DLage%20Julian%3D%3DBlues%20Ballad%3DC%3D%3D1r34LbKcu7QyX7%238EXyQA%7CQyXA%7CQyX-%23C%7CyQX-%23C%7CQyX*%20%20*E%7CXyQ%7CF6TA*%5B%20%20%297-yQ%7CEX6A%7CQyXE%7CQyX7-%23%7CFQyXA%7CQyX-%23G%7CQy/B%28C%23X7%23F%7CB%7CQyX%29LZEXE%7CQyX*7mid*bB%7CyQX-BB*%5BZQyXE%7CQyXyQ%7CE11-B%28%20-E%20GBb*diF/-E%20-EZL%20D/A%20/CA%2CB/A%20A%7CQyX*7m%23%2CE-/%7CQyX-%20Z%20%3D%3D0%3D0
2e1e68a1-5e98-4ed5-be31-ac52b5ebd202,irealb://Seems%20Like%20Old%20Times%3DCarmen%20Lombardo%2C%20John%20J.%20Loeb%3D%3DMedium%20Swing%3DF%3D5%3D1r34LbKcu7%2C9G%7CQb%2B%2CXyQyX%2C9G%7CQyX%2C7D%7CyQX%2C%2BbB%7CQyX%2C7D%7CQ%7CG7XyB44T%5B%20lcKQ7%2CXyQ%7CQyX%2C9D%7CQyX%2C6FQ%7CyX%2C9C%7CQyX%2C7-G%7CG9%2CXyG%7CQyXQyX%2C9XyQ%7CC%2C7D%7CQyX%2C%2BbB%7CQy7XD%7CQyX%2BbB%7CQyX%2C%2BXyQ%7CG%2C9CZLyX%2C%2BbQ%7CG9%2C%2C6F%7CQyX%2C7oB%7CQy%2CX6bB%7CQyX%2C7G%7CQyXXyQ%7CByX7G%7CQ%7CG9%2CXyQ%7CC7%2CXyQ%7CF%20Bb6LZF%20D7%20%5D%20%3DJazz-Doo%20Doo%20Cats%3D117%3D3
2e730c61-8bb7-48c2-a34c-44be6d95e07c,irealb://Sing%20Sin%20Sing%3DPrima%20Louis%3D%3DUp%20Tempo%20Swing%3DG%3D%3D1r34LbKcu7-EZL74E-%20BL7B%2C6-A%2C-EZLo%23%20F6-EZL7B%206-EZL7ZE-%20B4TA*%5BF%206-EE-%20B7%206-EZL%2C7B%20-EA*%5D%5B%20%2C-E%2C7B%2C6-AZL%2CB7%2CLZZL7B%20E%2C7B%2CE-6%2CA%2C7B%20-EZL%2C7B%20-ELZ%2C7B%20-EZL%2C7B%2C6-LZA-6ZL%2Co%23ZL%2C7D*BGXyQyXG%7CQyXG%7CQyXGLZ%2C7D%207-A%7CQyXG%7CQ%7CA-7%20%5B%5D%20%2C-EZL%2C7%2C%5D%5B*A%2C-EZL%2Co%23F%206-EZ%2CL7B%206-EZL%2C7B%20-EA-6%2CB7B%20%20G-%20B7%2CLZE-%20B7%2CLZE-%20B7%2CLZA-6%2CB7%2CE-%2C%20Z%20%3DJazz-Up%20Tempo%20Swing%3D170%3D1
2eeae9ce-35ae-4134-86b9-fa83aee05edd,irealb://Soghati%3DHeydari%20Mohammad%3D%3DBallad%3DA-%3D%3D1r34LbKcu7%20EZL%208A-%20E7AZL%20-Ai*%7B%7CQyXA-ZLE%20-A%7CQyX-DZL%20LZD-6Ti*%7BQyXx%7CyQ%7CA-QyX-AA*%7B%5DQyXEZ5LE%205F%7CQyX5A%7DQyX%7CxXyQX-DZLyX-A%7CQ%7C%7CD-QyX-DC*%7C%5DQyXE%7C%20%7D%20-AZL%20xZL%20xZL%20%7CxXyQyX-D%7C%7CQyXxQ%7CD-X%7CQyXx%7CQyX-D%7CQyxX%7CQyX-A%7CQyXx%7CQyEXyQ%7CyXx%7CQyXE%7C%7DXyQ%7CCL%20-DZL%20-DZL%20bBQ%7CyX-D%7CQyX7A%7CQyXZA-%20%20-AB*%7BQZ%20%3DPop-Rock%2012/8%3D55%3D1
2e7b30a2-a300-44a9-8c0f-9d754a9b202a,irealb://Strasbourg%20St.%20Denis%202%3DHargrove%20Roy%3D%3DPop%3DBb%3D%3D1r34LbKcu7%2C7-bBb-7%2C%20X%7CrQyX%7CQyX7%5EbDLZ%2C7-C%3E%29001%2847*%3CyQLZ%7CB44T%7B%20C-7LZDb%5E7%20Db%5E7/EbLZAb%5E7XyQ%7CF7b9XyQ%7D%20%3DPop-Rock%3D100%3D1
2e15d8e7-703e-48c9-a6cc-8ccce50d303f,irealb://Studio.%20Accordi%20M6%20Per%20Terze%20Maggiori%3DComposer%20Unknown%3D%3DMedium%20Swing%3DC%3D%3D1r34LbKcu7L6-%23FZE-6LZL6-%23AZL6-GZL%2C-6%23DZL6-BZL6-%23GZD-6LZL6-C%7C6-FZLZC%23-66-bDZL*-6*EZL6b-AZL6-C%5B%5D%206-FZLLZA-6L6-AZLZD-6LZBb-6LZGb-6LZEb-6LZB-6LZG-6%20%5D%20%3D%3D0%3D0
2eac626c-11d2-436d-99de-9bbde8f8c945,irealb://Stumble%2C%20The%3DKing%20Freddie%3D%3DBlues%3DE%3D%3D1r34LbKcu7%2CE%7CQy7XyQ%7CX7B%7CQyXx%7CQyX7AQ%7CyXx%7CQyX7E%7CQyXxyQ%7CxXA44T%5B7A%207E7%2FG%23%2C7%23FZL7%23C%207E%7CQy7Xo%23AZL%20n%2C7AZL%20n%20B7LZEZL%20nLZE7%20B7%20%5D%20%3DPop-Shuffle%3D90%3D10
2e64326c-5f48-48bd-ad57-786915fa451a,irealb://Suicide%20Is%20Painless%20.%3DMandel%20Johnny%3D%3DMedium%20Swing%3DA-%3D%3D1r34LbKcu7yX7%5EC%20E-/A7-D%7CQyX7-DB*%5B%5D%20%20x%20ZL%20x%20ZL%20x%20ZL%20G7LZ-AA*%5B%5D%20%20lc%20A-7LA%7CQyX7C%7CQyX7%5ECLZ7G%207-D%7CQyX7-DZ7XyQK7%5EF%7CQ%5DQyXGQ%20%20%5B*-D%7CQyX7%5EF%7CQyX7C%5E%7CQyX7G%7CQyX7-DC7XyQ%7CyXQyXZL%20x%20Q%20%20Y%7BE%20-A%7C%7DQyX7G%7CQy7X-DZL%20lcKQyX-AQ-/ALZyXQyX%20x%20LZfUA-XyQZ%20%3DLatin-Brazil:%20Bossa%20Acoustic%3D100%3D3
2eca4248-1fc6-456a-b502-089e0442bb68,irealb://TANGO=Tananai==Pop=C==1r34LbKcu7A%207%2DB4%3C%2A68D%20DZLA%20susAZL%20%5E7G%3EVI%20no%20OPAC%20%20%2FC%23LZ4TA%2A%7BR47%2A%3C%3C%2A70MXQyXZL%2D%23FZL%2DBZALZL%2DE%3Eoid%20aro%20ayQ%20%20%5B%5B%20%20%7C%7DIT%3EE%2D7LZAsus%20A7LZD%5E7LZF%23%2D7%20%20%5D%20==0=0
2e3b7dbd-45ab-4099-ae57-5d33aabc73c7,irealb://Timeless=Abercrombie%20John==Medium%20Swing=C==1r34LbKcu7%5EC%7CQy%2D9XyQ4T%7B%7D%20%20QyX9%5EG%207A%2D46T%7CQyX11%237%5EC%7C4E%2D9XE44T%7B%20%20%3C%20%3EyQ%7CT6jamE%20%20no%20%20ortn%3CI%7D%20%20QyX9%5EG%207%2DA4XyQ%20%20X11%237%3E%20%20%3C%20%20%3E%20=Jazz%2DEven%208ths=90=0
2e166b89-4e8b-4230-9857-422ae400a639,irealb://Tu%20Amor%20%28Job%20Gonzalez%29=Gonzales%20Job==Pop%20%2D%20Rock=C=5=1r34LbKcu7ZLG%20%2D4A%2D%20GCZLG%20%2DAA%2A%7B%7D%20F%20%2FECZLG%20%2DAZLF%20CZL%20FLZA4Ti%2A%7BGZLFZ%20%7D%5B%2ABAZLGZLFC%2A%5B%5DQyX%7CxQyXG%7CQyXx%7CQyXF%2DLZGLF%20E%2FCpppZLZG%2FB%2CD%2A%7B%20QyX%5D%20GZLFZGLZL%2DAZLGZLF%7C%7C%2CCC%2FE%20FL%2DAZLp%7CG%20A%2DLZppC%20%7D%20==0=0
2ef59acc-1d95-4e44-b8d4-3a0b7a2687f3,irealb://Tu%20Est%C3%A0s%3DGosen%3D%3DPop%3DD%3D%3D1r34LbKcu7(%20)E(4%3C*66(66*%3C)%23C(D%7C)D(yQX%2CD%3E)2(%20.G.E%20%203)%3E%20%204Ti*%5B)1(96*69(2X)E(-BZL%3E)3(96%3C*)%23C(%20)D(%20%2C-B%3E)yQ%7C%3C*%3C%7C)%23FE(%20%2CDG)%20(F7*%3C%7C)%23C(%20)D(%20%20B)(AZL%3E)2(66*%3C)%231(3)%3E(%20%2CG%3EX%2CA%7CQ)LZD%2CyX%2C-B%7CQyX%2C-B%7CQXy%2CD%7CQyXDA*%7B%5DQyXQ%7CGXy%23F(%20)B%7CQyXXyQ%7CDA%20%2CD%7CQyXG%7CQyX%2CB-%7CQyX%2CAB*%5B%7DQyX%2C%2CLZA%2C%2CD%7CQyD%7CQyX%7CE-%20BQyXA%3EortnI%20oTQXy96*%3CZL%2CA%20%2CDZL-%5D*CD%2CQyX%2C-F%2FD)GB-%2CXyF(D%7CQyX%2CD%7CQyX%2C%7CAQyX%2CG%7CQyX%2C-B%7CQ%23)E-(%7CQyX%2CB%7CQyX(D)%7B*X%2CG%7CQyX%2CD%7CQyX%2CB-%7CQyXA%7CQyX)B(GDyQ%7CA%2C%20)A(%23X%2CD%7CQ%7CA%2FC%23%7CQyX%2CA%7CQyX%2CG%7C%7D%3E%203x%2027*%3C%23F%2FD%2CD%2CB-%2CXyQyX%2C-yQ%7CGXyQ%7CAXyQ%7CBXyQ%7CA%2FC%23%20%20%3C*69To%20Int%20%2F%20cap%3ED%7C%20%3D%3D0%3D0
2e8442b3-556e-4915-b41f-e02bd2cc039c,irealb://Unforgiven%202%2C%20The%3DMetallica%3D%3DBallad%3DA-%3D0%3D1r34LbKcu7yX2A%7C4A-%2CXQyXF%7CQyX-D%7C%7DQy7XE%7CQyXG%7CQyXC%7CQy%7CGXyQ4TA*%7BQ%7C%7B*BA-XyQ%7CGXyQ%7CC2XyQ%7CCXyQ%7D%20%3DJazz-Ballad%20Swing%3D133%3D3
2ed8e170-8801-4a9d-9659-af3c34297045,irealb://Walk%20Between%20Raindrops%3DFagen%20Donald%3D%3DShuffle%3DC%3D%3D1r34LbKcu711%237b44%3C*7L6C%20%5EC%3E)sht8%20ginws(%20541%20mpb%20%204ZBh%20BTi*%5BYX31Fl%2CC69%2C7C%2C7-G%2C11%237bA%2C-7A%7C%2C11%237bB%2C9%237E%239%2C%5D%5B%5ECsZL31F%206%20LZC6s31G%2031G%7CQyX9-ZDL5%239%237A%20hE%7CQyXusLZClcKQyZL%20lcA7%239%23CZL31G%20sus31G%7CyQX7-D%2CS%2CA*%7BY%5D%2056XyQK%20hEZLLsus9Q%7CC13%7CQyX7-EZL5%239b7pBp%7CQyX96F1N%7CQyXD-7%20GyX9-GA%209-bF%237%239%207-A%7CQyX9%5EFZL1%2319%237%23F%209-GZL11%23D9LZE%2096CZX31%5ECD-9%20n31bB%2096-F%7CQyX3%5E1F2NZL%20QyXQyX%7D%20%2311LZZL31b%20hEZLsus%20F9%5EC%7CQyX11%2331bBQ%7CyX9%5EFZL11%239%237%23%20Bb%5E99C%7CQyLQ%20%203ZD-7XX7-D%7CQyX5%239%237AQ%7CyXhE%7CQyX31G%7CQyyQ%7CG1L9b7A%5DQyXn9%20%20%E2%99%A9X%20la%20.S.D%2021*%3CZnL%206C%3E%E2%94%81%20%20QyX%E2%99%A9%20QyCoda%3E6*%3C%7CZ%E2%99%AA%20%E0%B8%AF%209XyQ%7CA5C%3E%E2%99%AA%E0%B8%AF96*%3Cpp%2C31sG%7CQyX7-D%7CQyX31b%2C%7C%3C*69-bEQ%E2%99%AA%E0%B8%AF%20%E2%99%A9%20yQ%20%20%E2%99%AB%2C6-bE%2CE%2FsusG%2C7F-%2C11%239%237%23F%3E%D2%91QyX%7C%3C*69X%E2%99%A9QyX%20%E0%B8%AF%E2%99%AA%3ED7%239%2C%3C*51XyQ%20%20%EF%B8%B6%3EDb%5E%2CfC%5E9%2311%20Z%3DBlues-Flat%20Tire%3D145%3D1
2e57f46d-3655-4841-9957-c9919293db5b,irealb://When%20It%20Rains%3DMehldau%20Brad%3D%3DFusion%3DB%3D11%3D1r34LbKcu7onp%2Bs44%3C*747*%3C%207-Bl%7Cp%2C7CE%2C%2C%2BEs%3E16%20mpb%20%204(hornTv*%5BY%2F2ddaZXyQr%2FD%2011%237bBZL11-%20B%23F%2F9ddaDZLQyX%7CALZsEL9E%3E)%2BEsZL%2FG%23%2CG1%237bBZL7-B%20%23F%2FZDL7E%20%23F%2FDl%7Cp%2C6-1%20D%2FA9E%2C%23GXbA%2Fh%2Cp%7ClBA%2FB%3E)ylno%20onp(%20%2047*%3Ci*%5BY%5DQyX7-XyQ%7CF7C%2CE%2CXA%2FB%3E%5E9%2FGX%2061(%20ni%20dnab%20%2074*%3CA*%5BY%5DQyXB%7CQybeat)-E%7CQy%20G%2F9%5E%2FAbXyXbA%2FhF%7CQyXA%2FB%7CyQXB%7CQyXG%2F9%5E-E%7CQyQ%7CE-hF%7CQyG%207-%23%20B7%20%5DB%7CQyX7G%7CQyX%5EE%7CyQX9%23C%7CQyX%5EEB*%5BYXyQ%7CGBZLQ%20%5DQyX%3EE-%5E9%2F6*%3CBQ%7CQyXQyXQyQXyXYY%5DQyXB%7CQyXG8XyQ%E2%97%87ZL6-%23yX%7CrQ4%20out%207-Bl%7Cp%2C7C%2CE%2C%2BsE%3E)ylno%20onp(%20orELZXy7*%3C%5BYs7E%20%23B-7LZp%2CG%2F7C%2CD%2F7E%2C5%23b9AsZLA%2F7D%205%237bB%7ClD%2FF%20DZLQusadd3LZD%20B-7LZBb7%235%20D7%2FALZsE%2B%2CE%2CC7%2Cp%7CUflB-7XyQZ%20%3DPop-Soul%3D61%3D5
2e2b6400-6550-4ffc-9322-97f8d81faf85,irealb://e%20penso%20a%20te%3DLucio%20Battisti%20(The%20True%20Colord%20Version)%3D%3DMedium%20Swing%3DG-%3D%3D1r34LbKcu77-C%7CQ4G-7XSA*%7BY%7D%2CA%2C7D%20bBQ%7CyX7F%7CQyX7-C%7CQyG-7Xy4Ti*%7BBB*%7BY7XyQ%7CXQyXQyX%5B%207F%207-2DN%7CY%7D%2CA%2C7D%20bB1NyQXyQF%7CQyXQyX%7C%5DA7%20D7%7CQyXbB2N%7CY%7D%20%2C7%20FbB1NZLbE%207-GZLF7XyQ%7CQyXb%7CQyX7Y%5B*CGXbEY%7CQyX7-D%7CQy7XF%7CQyX7-C%7CQyX7-yQ%7CC-%20%20QyXyX7-bEb%20F7Y%5D%20%2C7F2N42T%7C%7D%20%3E%20eniF%20la%20.S.D%3C%20%7BT44A1N46TQ%7CDb-7XyQ%7CGb7XyQ%7CB%20%3CFine%3EEb%2CBb%7D%20%3D%3D0%3D0
2e0440c6-c274-4e04-b778-ded64786a962,irealbook://Just%20A%20Girl%3DDoubt%20No%3DMedium%20Swing%3DB-%3Dn%3DY%5B*AT44D%3C*30RIFF%3E%20%20%20%7C%20%20%20%20%7CD%20%20%20%7C%20%20%20%20%7C%7BB-%20A%20%7CG%20A%20%7CB-%20A%20%7CG%20A%20%7D%7CG%20%20%20%7CC%20%20%20%7C%20%20%20%20%20%20%20%20%20%3CWeird%20Guitary%20effect%2C%20or%20guitar....%3E
2e0dc6ff-8f81-4ca5-a185-1f76386d23d2,irealbook://THE%20TIME%20OF%20YOUR%20LIFE%3DDay%20Alex%3DRock%20Pop%3DC%3Dn%3DY%7BT44%3C*74Verse%3EG%20%20%20%7CB*m*%20E%20%7CA*m*%20C%20%7CD%20%20%20%7DY%7B%3C*74Chorus%3EG%20%20%20%7CF%20%20%20%7CC%20%20%20%7CD%20%20%20%7DY%7B%3C*74Bridge%3EC%2C%20D%20%7CE*m*%20A*m*%20%7CC%2C%20D%20%7CE*m*%20A*m*%20%7D%7CE*m*%20A%20%5BE*m*%20%20%20%7CE*m*/Eb%20%20%20%7CE*m*/D%20%20%20%7CE*m*/C%23%20%20%20%7CC%20%20%20%7CD%20%20%20%5D
2eece78c-7125-482a-b3b7-45673d1585a6,irealbook://After%20You've%20Gone%3DCreamer%20Henry%3DUp%20Tempo%20Swing%3DBb%3Dn%3D%5B*vT44Bb%2C%20%20%20%7CC7%20F7%20%7CBb%20%20%20%7CC7%20F7%20%7CD7%20%20%20%7CsG-%2CD7%2ClG-%20%7CC7%20%20%20%7CF7%20%20%20%7CBb%20%20%20%7CC7%20F7%20%7CBb7%20%20%20%7CsEb%2CG7%2ClC-%20%7CEb%20Eb-%20%7CBb%20G7%20%7CC7%20F7%20%7CBb%20sF7%2CBb7%2C%5D%5B*ClEb%20%20%20%7CEb-%20%20%20%7CBb%20%20%20%7CG7%20%20%20%7CC7%20%20%20%7CF7%20%20%20%7CBb%20%20%20%7C%20%20Bb7%20%7CEb%20%20%20%7CEb-%20%20%20%7CBb%20%20%20%7CG7%20%20%20%7CC-%20G7%20%7CC-%20Eb-%20%7CBb%20D7%20%7CG-%20%20%20%7CBb%20%20%20%7CF7%20%20%20%7CBb%20%20%20%7C%20%20Bb7%20%5D%20
2e4ea980-5ab0-4a2d-819e-cf51382f3b13,irealbook://Vedrai%20Vedrai%3DComposer%20Unknown%3DMedium%20Swing%3DC-%3Dn%3D%5B%20%20%20%20%7C%20%20%20%20%7C%20%20%20%20%7CC*m*%20%20%20%7C%7BF*m*%20G7%20%7CC*m*%20%20%20%7CF*m*%20Bb7%20%7CEb%5E%20%20%20%7C%7CF*m*%20Bb%20%7CG*m*%20C*m*%20%7CF*m*%20Bb7%20%7CG7%20%20%20%7C%7CF*m*%20Bb7%20%7CEb%20%20%20%7CF*m*%20Bb7%20%7CEb%5E%2CG7%2CC*m7*%20%7CF*m7*%20%20%20%7CBb7%20%20%20%7CEb%5E%20%20%20%7C%20x%20%20%7CG*sus7*%20%20%20%7CG7%2311%20%20%20%7CC*m*%20%20%20%7C%20%20C7%20%7CF*m7*%20%20%20%7CBb7%20%20%20%7CEb%20%20%20%7C%20x%20%20%7CF*m*%20%20%20%7CG7%20%20%20%7CC*m*%20%20%20%7C%20x%20%20%7D
2e4fce97-cde4-4d1d-b0f7-c421b59d7545,irealbook://Lagrimas%20Negras%3DMatamoros%20Miguel%3DCuban%3DC-%3Dn%3D%5B*AT44C-%20%7Cx%20%7CF-%20%7Cx%20%7CBb%20%7Cx%20%7CEb%20%7CG7%20%5D%5B*BC-%20%7Cx%20%7CF-%20%7Cx%20%7CC-%20%7Cx%20%7CDh%20%7CG7%20%7CC-%20%7CG7%20%5D*CC-%20%7Cx%20%7CF-%20%7Cx%20%7CBb%20%7Cx%20%7CEb%20%7CDh%20G7%20%7CDh%20%7Cx%20%7CG7%20%7CF-%20%7CC-%20%7Cx%20%7CDh%20%7CG7%20%7C%3CD.C.%20al%20Fine%20%28solo%20on%20A%20%2B%20B%29%3EC-%20G7%20%5D%20%20%20%20%20%20%20%20%20%20%20%20%20%20%20%20%20%20%20%20%20%20%7B*D%3C%28Montuno%20open%20for%20guias%20and%20solos.%29%3EC-%20%7Cx%20%7CDh%20%7CG7%20%7CF-%20Bb%20%7CEb%20Ab%20%7CDh%20G7%20%7CC-%20%7D
2e3f77c9-ec2a-4dd8-b94d-32e29197a827,irealbook://Away%20In%20A%20Manger%20%28students%29%3DComposer%20Unknown%3DChristmas%3DF%3Dn%3D%5B*iT34Bb%20%20%20%7CF%20%20%20%7CC7%20%20%20%7CF%20%20%20%5D%5B*AF%20%20%20%7C%20x%20%20%7C%20x%20%20%7CBb%20%20%20%7CBb%20%20%20%7CF%20%20%20%7CG7%20%20%20%7CC7%20%20%20%7CF%20%20%20%7C%20x%20%20%7C%20x%20%20%7CBb%20%20%20%7CBb%20%20%20%7CF%20%20%20%7CC7%20%20%20%7CUF%20%20%20Z%20
2eb74a90-5d98-431f-a18a-25166f45806e,irealbook://Besame%20Mucho%20%28C-%29%3DVelazques%20Consuelo%3DCha%20Cha%20Cha%3DC-%3Dn%3D%5B*AT44%3C*68%20%20%5B%20Form:%20A-B-A%20%5D%3EC-6%20%20%20%7C%20x%20%20%7CC%2313%20%20%20%7C%20x%20%20%7CDh7%20%20%20%7CG7b9%20%20%20%7CC-6%20%20%20%7CDh7%20G7b9%20%7CGh7%20%20%20%7CC7b9%20%20%20%7CF-6%28F-%29%20%20%28F-b6%29%20%7CF-6%28F-6%29%20G7b9%28Fh7/G%29%20%7CC-6%20Ah7%20%7CD7b9%20G7b9%20%7CC-6%20%20%20%7CGh7%20C7%20%5D%5B*BF-6%20%20%20%7CC-6%20%20%20%7CDh7%20G7b9%20%7CC-6%20C7b9%20%7CF-7%20Bb7%20%7CEb%5E7%20Ab13%20%7CDh7%20%20%20%7CG7b9%20%20%20%5D%5B*AC-6%20%20%20%7C%20x%20%20%7CC%2313%20%20%20%7C%20x%20%20%7CDh7%20%20%20%7CG7b9%20%20%20%7CC-6%20%20%20%7CDh7%20G7b9%20%7CGh7%20%20%20%7CC7b9%20%20%20%7CF-6%28F-%29%20%20%28F-b6%29%20%7CF-6%28F-6%29%20G7b9%28Fh7/G%29%20%7CC-6%20Ah7%20%7CD7b9%20G7b9%2CQ%20%7CC-6%20%20%20%7CDh7%20G7b9%20ZY%7CQC-6%20Ah7%20%7CD7b9%20G7b9%20%7CC-6%20Ah7%20%7CD7b9%20G7b9%20%7CC-6%20%20%20%7CF-6%20%20%20%7CC-6%20%20%20%7CfC-6%2CU%20%20%20%5D%20
2e421a98-9809-4572-9e3b-ab16edc6f2b2,irealbook://Blues%2001%3DComposer%20Unknown%3DBlues%3DC%3Dn%3D%5BT44C7%20%20%20%7CC7%20%20%20%7CC7%20%20%20%7CC7%20%20%20%7CF7%20%20%20%7CF7%20%20%20%7CC7%20%20%20%7CC7%20%20%20%7CG7%20%20%20%7CG7%20%20%20%7CC7%20%20%20%7CG7%20%20%20Z%20
2e936ace-c3b7-4d87-b6aa-e18230e8329b,irealbook://Dj%20Got%20Us%20Falling%20In%20Love%20Again%3DUsher%3DMedium%20Swing%3DG%23-%3Dn%3DY%7B*AT44G%23-%3CSaw%2C%20take%20out%20treble%20for%20verses%3E%20%20B%2C%7CF%23%20%20B%2C%7CE%20%20B%2C%7CE%20%20B%2C%7DY%7B*BG%23-%3CPad%20sound%3E%20%20%20%7C%20%20%20%20%7D%7CF%23%20%20%20%7CE%20%20%20%5D%3CMod%20Delay%2046%3E%20
2e00d21f-c232-488e-84d5-aa63a58b2e8b,irealbook://Four=Davis%20Miles=Medium%20Swing=C=n=%7cT44Eb%5e7%2c%20%20%20%7cx%20%20%20%7cBb%2d7%20%20%20%7cEb7%20%20%20%7cAb%5e7%20%20%20%7cx%20%20%20%7cAb%2d7%20%20%20%7cDb7%20%20%20%7c%7cEb%5e7%20%20%20%7cF%23%2d7%20B7%20%7cF%2d7%20%20%20%7cBb7%20%20%20%7cN1Eb%5e7%20%20%20%7cF%23%2d7%20B7%20%7cF%2d7%20%20%20%7cBb7%20%20%20%7cN2G%2d7%20Gb%2d7%20%7cF%2d7%20Bb7%20%7cEb%5e7%20%20%20%7cx%20%20%20Z%20
2e855909-257d-45ca-8175-a83c1b2670b9,irealbook://Have%20You%20Met%20Miss%20Jones%20nmn%3DRichard%20Rodgers%20and%20Lorenz%20Hart%3DMedium%20Swing%3DF%3Dn%3D%5B%2AAT44%3C%2A63%2036%CC%A3%20%20%20%20%2056%3EF%20%20%20%7C%3C%2A63%205%3EF%23o%20%20%20%7C%3C%2A63%2067%20%20%20%20%201%CC%872%3EG-%20%20%20%7C%3C%2A63%2034%20%20%20%20%205%3EGo%20%20%20%7C%3C%2A63%2062%20%20%20%20%2012%3EA-%20D-%20%7C%3C%2A63%201%20%20%20%20%20%20%203%3EG7b5%20%20%20%5B%3C%2A63%20%20%204%3EN1G-%20%20%20%7C%3C%2A63%20%C2%B7%3EGb7%20%20%20%7D%3C%2A63%20%20%205%3EN2G-%20C7%20%7C%3C%2A63/4/%20%C2%B73%20%2033%3EC-%20B7%20%5D%2AB%3C%2A63%2021%20%20%20%20%205%CC%A36%3EBb%20Bb6%20%7C%3C%2A63%5C3%5C%202%CC%87222%3EAb-%20G7%20%7C%3C%2A63%2021%20%20%20%20%205%CC%A36%3EGb%20Gb6%20%7C%3C%2A63%5C3%5C%202%CC%872%20%2022%3EE-%20Eb7%20%7C%3C%2A63%2021%20%20%20%20%2035%3ED%20D6%20%7C%3C%2A63/3/%205%20%20%C2%B75%3EAb-%20G7%20%7C%3C%2A63%203%3EGb%20%20%20%7C%3C%2A63%5Ch%5C%20%C2%B7%3EG-%20Gb7%20%5D%2AA%3C%2A63%2036%CC%A3%20%20%20%20%2056%3EF%20%20%20%7C%3C%2A63%205%3EF%23o%20%20%20%7C%3C%2A63%2067%20%20%20%20%201%CC%872%3EG-%20%20%20%7C%3C%2A63%2034%20%20%20%20%2056%3EC7%20%20%20%7C%3C%2A63%207%3EBh%20Abo%20%7C%3C%2A63%20%C2%B76%20%20%20%20%2033%3EG-%20Gb7%20%7C%3C%2A63%201%3EF6%20%20%20%7C%3C%2A63%20%C2%B7%3Ex%20Z%20
2e922936-4ed9-46ab-91f1-b6f44bcec1a3,irealbook://I%20Only%20Have%20Eyes%20For%20You.%3DWarren%20Harry%3DBallad%3DBb%3Dn%3D%5B*iT44A-7%20%20%20%7CD9sus%20%20%20%7CG9sus%20%20%20%7CG9%20%20%20Z%7B*AT44C-7%20%20%20%7CF7%20%20%20%7CC-7%20%20%20%7CF7%20%20%20%7CBb%5E7%20%20%20%7CN1Bb%5E7%20Eb9%20%7CD-7%20%20%20%7CDb-7%20Gb9%20%7D%20%20%20%20%7CN2Bb%5E7%20D7b9%235%20%7CG7%20%20%20%7C%20x%20%20%5D%5B*BC-7%20%20%20%7CF9sus%20F7/Eb%20%7CD-7%20%20%20%7CDb9%20%20%20%7CCh7%20%20%20%7CF7b9%20Ebo%20%7CD-7%20%20%20%7CDb-7%20Gb9%20%5D%5B*CC-7%20%20%20%7CF7%20%20%20%7CC-7%20%20%20%7CF7%20%20%20%7CBb%5E7%20%20%20%7CEb7%2311%20%20%20%7CAb7%2311%20%20%20%7CG7b9%20%20%20%7CC-7%20%20%20%7CF7b9%20%20%20%7CUBb6%20%20%20%7CD-7%20G7b9%20Z%20
2eb50747-4393-4b20-9596-783263d97837,irealbook://I-VI-II-V7%20Progression%20E%3DComposer%20Unknown%3DMedium%20Swing%3DD%3Dn%3D%5B*AT44D%5E%2C%20B7%20%7CE*m7*%20A7%20%7CD%5E%2C%20B7%20%7CE*m7*%20A7%20%7D
2e63d3c2-9111-4c44-baa1-685be5032337,irealbook://Living%20Proof%2C%20The%3DBlige%20Mary%3DSlow%20Ballad%3DC%3Dn%3D%7B*iT44Bb%20%20%20%7CEb/Bb%20%20%20%7C%20r%20%20%7C%20r%20%20%7D%7B*vSBb%20%20%20%7CEb%20%20%20%7CBb%20%20%20%7CEb%20%20%20%7D%7CEb%20F%20%7CG-%20%20%20%7CEb%20F%20%7CC-%20Bb%20%7C%7CEb%20F%20%7CG-%20%20%20%7CC-%20Bb/C%20%7ClFsus%20F%20%5D%7CBb%20F/A%20%7CG-%20Eb%20%7CG-%20F%20%7CEb%20%20F%2C%7C%7CBb%20F-/Ab%20%7CG-%20Eb-/Gb%20%7CBb/F%20E-7b5%20%7CG-%20F/A%20%7CN1%3C*66%20%20%20%202.%3EBb%20%20%20%7CEb/Bb%3C*30D.S.%20to%20V%3E%20%20%20%5DN3C-11%20Bb%20%7CF/A%20D-7%20%7CG7%20F%20%7CEb9%20%20%20%7CC-11%20%20%20%7CBb/D%20%20%20%7CE-7b5%20%20%20%7CF%20%20%20%5BBb%20F/A%20%7CG-%20Eb%20%7CG-%20F%20%7CEb%20%20F%2C%7CBb%20F-/Ab%20%7CG-%20Eb-/Gb%20%7CBb/F%20E-7b5%20%7CG-%20F/A%20%7CBb%20%20%20%7CBb%20%20%20%7C%7BEb%20%20%20%7CBb%20%20%20%7CEb%20%20%20%7CBb%20%20%20%7D%20
2e8ba751-be3a-48b6-8d3c-687af5b65490,irealbook://Mabel%3DComposer%20Unknown%3DMedium%20Swing%3DC%3Dn%3D%5B*AT44C69%20Ebo%20%7CF%23o%20Ebo%20%7CG7%20%20%20%7CC69%20G7%20%7CC69%20Ebo%20%7CF%23o%20Ebo%20%7CG7%20%20%20%7CC69%20G7%20%7D%5B*BC7%20%20%20%7CDb7%20%20%20%7CC7%20%20%20%7CBb7%20%20%20%7CC7%20%20%20%7CDb7%20%20%20%7CC7%20%20%20%7Cx%20%20%20%7D%20
2ed6c456-45e4-415c-b88e-fa3e859c45f3,irealbook://Oye%20Como%20Va%3DPuente%20Tito%3DLatin%3DG%3Dn%3D%7B*iT44sA-7%20%20%20%7CD9%20%20%20%7C%20%20%20r%7C%20%20%20%20%7D%7BA-7%20%20%20%7CD9%20%20%20%7C%20%20%20r%7C%20%20%20%20%7D%7CA-%2CnA-%2CA-%2C%7CnA-%2CD%2CA-/E%2C%7CA-%2CA-%2CnD%2C%7CnA-/E%2CnA-/E%2C%5DY%7B*ASA-7%20%20%20%7CD9%20%20%20%7C%20%20%20r%7C%20%20%20Q%20%7D%7B*BA-7%20%20%20%7CD9%20%20%20%7C%20%20%20r%7C%20%20%20%20%7D%7BA-7%20%20%20%7CD9%20%20%20%7C%20%20%20r%7C%20%20%20%20%7D%7B*CA-7%20%20D9%2C%7Cn%20%20%3C*663x%3E%20%7D%7BA-7%20%20%20%7CD9%20%20%20%7D%7BA-%20A-%5E7%20%7CD9sus%20D9%3C*663x%3E%20%7DA-%20A-%5E7%20%7CA-7%20A-6%20%5D%7B*vA-7%20%20%20%7CD9%20%20%3C*668x%3E%20%7D%7BA-7%20%20%20%7C%3CD.S.%20al%20Coda%3ED9%20%20%3C*698x%3E%20%7DY%5BQA-%2CnA-%2CA-%2C%7CnA-%2CD%2CA-/E%2C%7CA-%2CA-%2CnD%2C%7CnA-/E%2CnA-Z%20
2e85e273-f162-4f2f-9d78-fd97e8aacddb,irealbook://Up%20The%20Scale:%20Chord%20Steps%20Pg1%3DSharp%20William%3DGypsy%20Jazz%20%20%20mm112%3DA%3Dn%3D%5BT44%3C*64%20I%20Maj7%3EC%5E7%20%20%20%7C%3C*66ii%20min7%3ED-7%20%20%20%7C%3C*68iii%20min%207%3EE-7%20%20%20%7C%3C*70IV%20Maj%207%3EF%5E7%20%20%20%7C%3C*62%20V7%3EG7%20%20%20%7C%3C*64%20iv%20min7%3EA-7%20%20%20%7C%3C*68%20vii%20half%20dim%3EBh%20%20%20%7CfC%2Cn%20%20%5D%5BT44%3C*64%20I%20Maj7%3ED%5E7%20%20%20%7C%3C*66ii%20min7%3EE-7%20%20%20%7C%3C*68iii%20min%207%3EF%23-7%20%20%20%7C%3C*70IV%20Maj%207%3EG%5E7%20%20%20%7C%3C*62%20V7%3EA7%20%20%20%7C%3C*64%20iv%20min7%3EB-7%20%20%20%7C%3C*68%20vii%20half%20dim%3EC%23h%20%20%20%7CfD%2Cn%20%20%5D%5BT44%3C*64%20I%20Maj7%3EE%5E7%20%20%20%7C%3C*66ii%20min7%3EF%23-7%20%20%20%7C%3C*68iii%20min%207%3EG%23-7%20%20%20%7C%3C*70IV%20Maj%207%3EA%5E7%20%20%20%7C%3C*62%20V7%3EB7%20%20%20%7C%3C*64%20iv%20min7%3EC%23-7%20%20%20%7C%3C*68%20vii%20half%20dim%3ED%23h%20%20%20%7CfE%2Cn%20%20%5D%5BT44%3C*64%20I%20Maj7%3EF%5E7%20%20%20%7C%3C*66ii%20min7%3EG-7%20%20%20%7C%3C*68iii%20min%207%3EA-7%20%20%20%7C%3C*68IV%20Maj7%3EBb%5E7%20%20%20%7C%3C*62%20V7%3EC7%20%20%20%7C%3C*64%20iv%20min7%3ED-7%20%20%20%7C%3C*68%20vii%20half%20dim%3EEh%20%20%20%7CfF%2Cn%20%20%5D%5BT44%3C*64%20I%20Maj7%3EG%5E7%20%20%20%7C%3C*66ii%20min7%3EA-7%20%20%20%7C%3C*68iii%20min%207%3EB-7%20%20%20%7C%3C*68IV%20Maj7%3EC%5E7%20%20%20%7C%3C*62%20V7%3ED7%20%20%20%7C%3C*64%20iv%20min7%3EE-7%20%20%20%7C%3C*68%20vii%20half%20dim%3EF%23h%20%20%20%7CfG%2Cn%20%20%5D%5BT44%3C*64%20I%20Maj7%3EA%5E7%20%20%20%7C%3C*66ii%20min7%3EB-7%20%20%20%7C%3C*68iii%20min%207%3EC%23-7%20%20%20%7C%3C*68IV%20Maj7%3ED%5E7%20%20%20%7C%3C*62%20V7%3EE7%20%20%20%7C%3C*64%20iv%20min7%3EF%23-7%20%20%20%7C%3C*68%20vii%20half%20dim%3EG%23h%20%20%20%7C%2CU%2CfA%2Cn%20%20%5D
2e24e274-856f-4873-bf40-7305aba16587,irealbook://What%20Kind%20of%20Fool%20Am%20I%3F%3Dby%20Anthony%20Newley%20and%20Leslie%20Bricusse%3DEasy%20Swing%3DEb%3Dn%3D%5BT44Eb%5E7%20%20%20%7CC-7%20%20%20%7CF-7%20%20%20%7CBb7%20%20%20%7CEb%5E7%20%20%20%7CC7%20%20%20%7CF-7%20%20%20%7CBb7%20%20%20%5D%5BEb%5E7%20%20%20%7CC-7%20%20%20%7CF7%20%20%20%7CF7/Eb%20%20%20%7CD-7%20G-7%20%7CC-7%20F7%20%7CF-7%20%20%20%7CBb7%20%20%20%5D%5BEb%5E7%20%20%20%7CC-7%20%20%20%7CF-7%20%20%20%7CBb7%20%20%20%7CEb%5E7%20%20%20%7C%20x%20%20%7CBb-7%20%20%20%7CEb7%20%20%20%5D%5BAb%5E7%20%20%20%7CDb7%20%20%20%7CC-7%20%20%20%7CF7%20%20%20%7CF-7%20%20%20%7CBb7sus%20%20%20%7CEb69%20%20%20%7C%20x%20%20Z%20
