id,url
45263462-69f6-4d62-9105-c56a5213cd20,irealb://Basin%20Street%20Blues%20%2D%20tradjazz%2Dru%201=Williams%20Spencer==Slow%20Swing=Bb==1r34LbKcu77%2DbD%2C4sBb%2C%2CD%2FbB%2Co%23C%2C7%2DC%2CBb%7C%2CD%2FbB%2Co%23C%2C7%2DC%7CBb%2FD4Ti%2A%7B%2F6%2DbEF7%2C%7CBEZLbA%2F7bB%20bBl%7C7%2CF%2C7%2DC%2C7%2DbD%2CD%2Fbb6%2FG%20%2C7%2DC%2CX7CZLb%2FFXyyX7GZL7D%207%2DA%7CQXybBA%2A%5BY%7DQyX7F%7CQQKcl%20BZLbGbA%7CQyXyQ%7CB7D%207%2DA%7CQyXbBZLF7%207%2DCZL7o%23C%20D%2FbLZG7X7F%7CQy7%2C%20G7LZC7XyQ%7CF7XyQ%7CBb%20Eb6LZBb%2FF%20F7%20Z%20=Jazz%2DSlow%20Swing=80=3
458cd3b1-e33e-4ab9-b3fd-38dd5b0aa6e6,irealb://Down%20In%20Honky%20Tonky%20Town%20%28with%20Verse%29=Chris%20Smith%2C%20Charles%20McCarron%201916==Medium%20Swing=Bb==1r34LbKcu7pmaV2%2A72InxZLbBZL7FZL7CZxLZLxZLxZL7F%3EortLZ%3C%2A7%3C44T%7C%3EesreZsDb7%5B%20%20QyXQyXl%7C%2C7C7%2CbDsZL7bDl%7C%2C7C%2C%3C%2A74VL7bD%3E7C%2C7bsDb7%2CC%2C7bDsZLbDl%7C%2C7%2CC7bDsZL7bDl%7C%2C7C7%2C%7CsDZL7bD7F%2C7b%2CLZGbbGl%7C%2C7F%2C7bGsZLb7Gl%7C%2C7F%2C7bGsZL77LZsG7Fl%7C%2CDsZLb7LZBbC%2C7bDsZL7bDl%7C%2CC7%2C7bDsZL7bDlZL%2D7%2C%7ClDbGl%7C%2CxZL7F%2C%7CsDb7CZLxZL7bGZLxZoLbDZL%2C7Fl%7C%2C7C%2C7LZxLZ7C%2C7bZLxZL72ChoZLxZLxZLxZL7CZxLZLxZLxZLbB%3EsurF7LZx%2A%3C%7B%5D%20bBZL7BbLZl2NZL%20QyXQyX%7C%7D%20F7%7C%2C7bG%2C7CsZL%2C7CC7LZF1NZLxLZx%20%7D%20=Jazz%2DMedium%20Swing=100=3
45f2e6cc-00a6-478a-9e2e-1c445e64c730,irealb://Squeeze%20Me=Waller==Medium%20Swing=F==1r34LbKcu7%7CQyXC4G7%20CFZL7C%207GZL7D%20FLZ7C%207GZL7D%20FZL7%20F%2DLZ4TA%2A%7B%7CQyX7LZG7%20XZLQyX%7C%7CQyX7FZ7LC%207GZL7D%20FZL7CyQLZG7C%207GQyXZL%7DXyQLQyXZLQyXZLQyX%7CLZQyXZLQyXZLQyXZLZXyQ%20F%207CLZXyQLZXyQ%20%7C%20==0=0
45a58da0-422e-4359-ad05-7767fd257137,irealb://%28%53%6F%6D%65%6F%6E%65%27%73%20%42%65%65%6E%29%20%54%65%6C%6C%69%6E%67%20%59%6F%75%20%53%74%6F%72%69%65%73=%46%6F%67%65%6C%62%65%72%67%20%44%61%6E==%53%6C%6F%77%20%42%6C%75%65%73=%43==%31%72%33%34%4C%62%4B%63%75%37%2C%43%7C%51%79%2C%58%79%51%7C%58%44%7C%51%79%58%47%7C%51%79%58%47%7C%51%58%79%2C%44%7C%51%79%58%2C%44%7C%51%79%58%2C%47%79%51%7C%44%58%47%34%34%54%7B%51%79%58%73%75%2C%20%47%4C%5A%79%58%44%7C%51%79%58%44%5A%4C%47%20%2C%43%4C%5A%47%20%2C%43%7C%51%79%58%44%7C%51%79%58%44%51%7C%41%37%73%43%5A%4C%47%20%73%75%73%37%41%7C%41%37%73%75%44%5A%4C%73%75%73%37%41%20%2C%47%7C%51%79%73%58%75%73%37%41%7C%51%79%58%47%7C%51%79%58%73%2C%20%47%4C%5A%51%79%58%47%7C%47%5A%4C%44%20%44%2C%20%47%4C%41%33%4E%7C%7D%20%44%20%2C%73%75%73%37%41%4E%32%7C%7D%20%44%20%2C%73%75%73%37%41%31%4E%5A%37%73%75%73%2C%5A%4C%44%20%2C%79%58%51%79%58%2F%41%2C%7C%47%58%5A%20%20%66%20%39%5E%47%5A%4C%39%5E%47%47%20%7C%2C%41%2F%44%2C%37%41%20%47%5A%4C%44%20%79%51%58%79%51%44%2C%37%41%20%58%51%79%58%51%79%51%58%79%51%3E%6D%70%62%30%38%3C%20%20%51%79%58%51%79%51%58%79%58%51%79%58%51%79%58%51%79%58%51%79%58%58%79%51%58%79%58%51%79%58%51%79%51%58%79%51%3C%4B%6C%6D%3E%20=%42%6C%75%65%73%2D%53%6C%6F%2D%4D%6F=%38%30=%31
45cff934-3c87-4092-a3ee-e21419fcacfe,irealb://This%20Masquerade%3DRussell%20Leon%3D%3DRock%20Pop%3DF-%3D1%3D1r34LbKcu7QyX314F-7Xc%20llit%20pmaV%3C%7CQXy7-F%7CQyX31bB%7CQyue%3EBb4T%7Bi*hG%7CQyF-%2CXyQyX-F%7CQyX31bB%7CyQX7-F%7CQyX7%5E-F%7CQ%7CDb7X%5BA*S%7DG%7CQyXC7%239XyX31bB%7CQyX7-F%7CyQX7%5E-F%7CQyX-F%7CQyQ%7CDb7%7CQyX7QyX9bb9%2CQLQyX7-bEl%5BB*%5D%2C7%2CA7-Es%20-F%7CQyX-FZ%7CAb137C%207hZL%20lcXyQ%7CB%5EbD%7CQyX9b31bA%7CyQX7-bE%7CQyX31b7b7XyQK7%5EbD%7C9CZL3Q%7CG1331G%7CQyX7-GZL%20lKcQyX7%5ECZL31b7G%20%20G7b1yX7-D1bB%7CQQ%7C%3CD.%3EnepO%3C%7BQYZQyX1%2317bG%3EadoC%20la%20.SF-7XyyXsus3XyQ%7CF-7XyQ%7C%3CD.C.%20on%20Cue%3EBb13XyQ%7D%20%3D%3D0%3D0
451bf28f-9d92-42d8-ad7c-ad550b2e0aa8,irealb://%2A09%20Bird%27s%20Ballad=Snidero%20Jim==Medium%20Swing=F==1r34LbKcu7D%2C7%2Db%2D7%20G7X7bB%7CQyX7F%7CQyXZxL7C%207%2DG%7CQyXxZLyQ%7CsAD44T%5BX7F%7CQ7%2CC7%2C7C%207%2DG%7CQyXxZL7%20G7%2DD%7C%2C7A%2ChE%20%5EF%7CLZxXy%2DG%2C7bL%5E%2DA%207XyQ%7C%2A%5B%5D%2C7A%2ChE%20%5EF%7C%2CC7%2C7%2DG%2C7bD%2C7%2DbAsBlA%2D7bB%7CQy7%5EF%7CQD7LZG7C%20%2C7%2DGl%7C%2C7D%2C7A%2D%2C7E%2C7%2DBsZL7C%20%5ELZxXy%207%2DAZbB%7CQyZEh%20AyXxZL7C%207%2DG%7CQyxXZL7G%207%2DDC%2A%5B%5D%207Q%7CF7XL7bB%207XyQ%7CsAb%2D7%2CDb7%2CG%2D7%2CC7%2C%7ClAh%20D7LZG%2D7%20C7LZfF%2D6XyQZ%20==63=1
45986a22-8269-4d88-807a-2b29de80cf09,irealb://%44%65%73%69%63%69%6F%6E%65%73%20%50%67%31%20%28%47%69%67%29=%42%6C%61%64%65%73%20%52%75%62%65%6E==%53%61%6C%73%61=%45%62==%31%72%33%34%4C%62%4B%63%75%37%3E%22%61%74%69%32%45%62%20%43%22%34%37%2A%3C%66%5B%59%51%79%58%51%79%58%20%5D%62%42%66%7C%7D%20%62%42%20%62%41%5A%4C%2D%73%65%6E%6F%72%31%54%69%2A%7B%67%20%65%64%20%41%62%4C%5A%66%22%34%36%2A%3C%34%34%54%5B%59%20%20%51%79%51%58%79%58%34%34%54%5D%20%37%47%66%5A%4C%62%45%63%6C%61%73%65%66%5A%4C%62%45%2A%3C%5A%4C%78%2D%4C%5A%43%2D%78%5A%4C%62%42%5A%4C%46%3E%22%61%69%6B%72%74%75%22%32%36%2A%3C%5A%4C%37%2D%43%5A%4C%37%5E%4C%5A%78%4C%5A%43%3E%22%6F%65%62%45%3E%22%6F%6C%65%6D%61%22%34%36%2A%3C%5B%20%62%42%3E%5A%4C%20%5A%4C%31%30%2A%3C%5A%4C%62%45%5A%4C%78%5A%4C%62%41%3E%22%6E%6F%76%69%69%64%22%34%36%79%22%34%36%2A%5A%45%62%4C%5A%6C%7C%2C%62%45%2C%2D%62%42%73%5A%4C%3E%22%64%6F%6E%61%75%63%22%34%36%2A%3C%2D%43%5A%4C%47%41%62%4C%5A%3C%4C%62%41%5A%4C%65%70%73%65%22%75%65%20%65%6C%45%5A%4C%36%2D%62%41%5A%4C%37%2D%62%41%5A%37%4C%5E%2D%62%41%5A%4C%2D%62%41%5A%4C%78%3E%22%62%3C%2A%36%36%71%6E%75%61%20%58%51%79%58%5D%4C%5A%73%42%62%22%65%6E%65%69%76%22%34%36%2A%3C%7C%2C%62%2C%42%2D%46%73%5A%4C%62%41%6C%7C%2C%62%45%2C%2D%3E%6C%45%62%20%3E%22%72%61%72%42%2C%2D%46%7C%42%3C%2A%36%38%47%7C%2C%62%44%2C%2D%62%41%73%5A%4C%2D%43%4C%5A%47%5A%4C%78%5A%4C%62%45%3E%6F%72%6F%43%20%2D%2C%43%37%2C%2A%5B%59%51%79%61%69%6E%61%64%62%20%5D%5B%45%22%32%36%2A%3C%2C%2D%47%7C%2C%62%44%2C%2D%41%62%73%5A%4C%2D%43%5A%4C%47%5A%4C%78%5A%4C%62%63%69%75%64%61%45%6C%7C%2C%62%5D%20%62%45%6C%7C%46%2D%2C%42%20%68%61%20%68%61%20%68%61%22%20%51%79%58%6F%70%74%73%32%30%2A%3C%66%55%5B%20%20%5D%2C%62%61%68%20%22%3E%2C%37%43%3E%22%67%61%70%20%74%51%58%79%51%58%6F%20%73%65%75%6E%69%74%6E%6F%63%2E%2E%2E%35%34%2A%3C%20%51%79%58%51%79%58%51%79%58%51%79%6E%20%6E%65%78%79%58%51%79%58%65%3E%20=%4C%61%74%69%6E%2D%43%75%62%61%3A%20%53%6F%6E%20%4D%6F%6E%74%75%6E%6F%20%32%E2%80%93%33=%32%33%30=%31
45549cc8-a84a-426d-9ca3-d7474893e365,irealb://%30%37%20%4D%69%6E%6F%72%20%4B%65%79%20%28%31%32%20%42%61%72%20%42%6C%75%65%73%31%29%20%28%69%6E%20%74%72%69%61%64%73%29%20%28%74%72%69%70%6C%65%29=%47%75%72%75%4F%66%47%75%69%74%61%72%2E%63%6F%6D==%52%6F%63%6B=%41%2D=%39=%31%72%33%34%4C%62%4B%63%75%37%58%2D%41%7C%51%2D%58%79%51%7C%51%79%58%2D%44%7C%51%79%58%2D%44%7C%7C%51%58%79%2D%41%7C%51%79%58%2D%41%7C%51%79%58%2D%41%7C%41%2D%58%79%41%34%34%54%5B%79%51%7C%7C%45%2D%58%79%51%7C%45%2D%58%79%51%7C%41%2D%58%79%51%7C%41%2D%20%20%3C%31%36%78%3E%20%7D%20=%50%6F%70%2D%53%68%75%66%66%6C%65=%31%31%35=%38
45f97670-f56f-4f13-aee8-2dbe55d70e8b,irealb://%31%34%20%4D%69%6E%6F%72%20%4B%65%79%20%28%68%61%72%6D%6F%6E%69%63%29%20%28%61%6C%6C%20%37%20%63%68%6F%72%64%73%20%69%6E%20%37%74%68%73%29%20%28%74%72%69%70%6C%65%29=%47%75%72%75%4F%66%47%75%69%74%61%72%2E%63%6F%6D==%52%6F%63%6B=%41%2D=%39=%31%72%33%34%4C%62%4B%63%75%37%4C%20%6C%63%4B%2D%37%58%79%51%5A%4C%20%6C%63%4B%51%79%58%37%5E%46%5A%4C%6C%20%63%4B%51%79%58%37%5E%43%5A%4C%20%6C%63%4B%42%68%58%79%51%41%34%34%54%5B%58%6F%23%47%5A%51%4B%63%6C%20%51%79%58%37%2D%44%5A%4C%20%6C%63%4B%51%79%37%58%2D%41%5A%4C%20%78%20%5A%4C%20%78%20%5A%4C%4B%63%6C%20%4C%79%58%37%45%5A%79%51%4B%63%6C%20%4C%5A%20%78%20%4C%5A%20%78%20%4C%5A%41%2D%37%58%79%51%4B%63%6C%20%3C%38%78%3E%20%7D%7C%20=%4A%61%7A%7A%2D%4D%65%64%69%75%6D%20%53%77%69%6E%67=%36%30=%36
4524cc64-5c5a-437e-887e-811fba552e8b,irealb://%4D%61%67%6E%C3%AD%66%69%63%6F=%44%27%43%6C%61%72%69%6F%20%43%68%72%69%73%74%69%6E%65==%42%61%6C%6C%61%64%20%45%76%65%6E=%44==%31%72%33%34%4C%62%4B%63%75%37%44%20%47%34%32%34%47%2A%20%2A%44%5A%4C%41%20%3E%2E%2E%2E%2E%73%65%20%6F%6F%73%69%64%6E%61%72%47%20%36%36%2A%3C%41%2A%2C%58%79%51%7C%54%34%54%69%2A%7B%44%20%47%3E%2E%42%2D%58%79%51%73%69%72%43%20%20%36%36%2A%3C%42%2A%7C%7D%79%51%58%41%34%34%54%5A%4C%44%20%47%34%32%54%7C%74%6F%2E%2E%2E%34%34%54%5A%4C%36%2A%3C%20%44%2D%2C%20%41%2C%41%2C%47%7B%7C%2C%41%20%2C%2D%42%2C%41%5A%44%4C%20%47%5A%4C%41%20%2D%42%5A%4C%44%20%47%7C%2C%42%2D%4C%5A%42%2C%41%5A%4C%58%47%3E%20%2E%6F%20%41%3E%47%69%63%20%6C%45%20%20%39%36%2A%3C%43%2A%7B%20%7D%41%20%44%7C%2C%41%20%2C%2D%42%2C%47%5D%20%65%6C%6F%2E%2E%54%51%79%58%39%79%51%7C%42%2D%20%41%3C%2A%37%32%58%33%3E%20%7D%7C%47%2C%42%2D%2C%20%41%2C%7C%44%20%41%3C%2A%37%32%58%32%3E%20%7D%20=%4A%61%7A%7A%2D%42%61%6C%6C%61%64%20%45%76%65%6E=%36%30=%33
45bf6cdc-3293-4d43-9045-fc55f9184109,irealb://%53%61%63%69%61%6D%65%20%53%65%C3%B1%6F%72=%43%6F%6D%70%6F%73%65%72%20%55%6E%6B%6E%6F%77%6E==%42%61%6C%6C%61%64=%45==%31%72%33%34%4C%62%4B%63%75%37%2D%23%47%20%45%34%45%20%47%23%2F%42%2C%23%43%2F%41%2C%41%5A%4C%2D%23%47%45%20%5A%4C%42%20%2A%32%73%75%73%2A%41%5A%4C%2D%44%23%2C%4C%5A%34%54%41%2A%7B%47%20%45%42%2A%75%73%32%2A%20%44%2F%42%2C%23%43%2F%41%2C%41%5A%4C%2D%23%20%47%37%2D%23%43%7C%2C%43%2F%23%47%2C%42%2F%41%23%2C%4C%5A%7B%73%2A%41%5A%4C%4C%2D%23%47%20%2C%41%2F%42%2C%20%2C%23%44%2F%42%2C%23%43%2F%41%2C%41%5A%2D%4C%23%47%20%2D%23%43%5A%4C%2A%6D%69%64%2A%43%7D%5B%2A%43%45%41%5A%4C%2D%23%2C%2D%23%47%2C%43%2C%43%23%2D%2C%2D%23%43%2C%41%2C%2D%23%46%7C%2C%41%20%37%2C%2D%23%47%2C%2D%23%46%2C%51%2C%5A%4C%31%31%4C%5A%46%23%2D%2F%42%2C%41%5A%41%2C%41%2F%42%2C%7C%45%58%79%51%7D%7C%20=%4A%61%7A%7A%2D%4D%65%64%69%75%6D%20%53%77%69%6E%67=%31%30%30=%33
45b7b686-1ffb-49b0-8e9e-d809988186fd,"irealb://%4D%65%20%52%69%6E%64%6F=%48%69%6C%6C%73%6F%6E%67==%4D%65%64%69%75%6D%20%53%77%69%6E%67=%46==%31%72%33%34%4C%62%4B%63%75%37%64%6E%69%72%20%34%46%58%79%51%20%41%20%32%37%2A%3C,%42%2A,%7B%7D%51%58%79%62%42%7C%51%79%58%43%7C%51%79%58%2D%44%7C%54%69%20%6D%65%34%54%41%2A%7B,%2D%44%5A%4C%46%58%79%51%7C%65%74%6E%65%75%50%39%36%2A%3C%7C%7D%20%43%62%20%42%5A%4C%2D%47%20%62%42%7C%51%79%58%2D%44%3E%42%62%20%46%3E%2E%2E%2E%6F%62%42%3E%2E%2E%62%20%46%4C%5A%20%6F%74%6E%65%69%6C%61%20%75%74%20%6E%6F%20%43%32%37%2A%3C,%43%2A,%7B%5D%51%79%58%43%44%49%4F%53%2E%42%5A%4C%43%20%20%46%4C%5A%44%2D,%43%2F%45,%46%4C%5A%42%62%20%46%4C%5A%43%58%79%51%7D%20=%4A%61%7A%7A%2D%4D%65%64%69%75%6D%20%53%77%69%6E%67=%31%30%30=%33"
454b96bf-43a9-4d0a-86dc-88441f47fd6b,"irealb://%43%69%6E%63%6F%20%50%61%6E%65%73%20%59%20%44%6F%73%20%50%65%63%65%73=%43%6F%6D%70%6F%73%65%72%20%55%6E%6B%6E%6F%77%6E==%4D%65%64%69%75%6D%20%53%77%69%6E%67=%46==%31%72%33%34%4C%62%4B%63%75%37%2D%44%7C%51%79%34%46%58%79%51%51%79%58%46%41%2A%7B%7C%51%79%58%62%42%7C%79%51%58%2D%44%7C,%41%2F%46%20%20%45%2F%43%7C%7C%43%2F%45%58%34%54%69%2A%5B%45%2F%43,%46%62%58%79%51%7D%42%7C%51%79%58%2D%44%5A%4C%43%20%62%42%7C%41,%2F%46%20%20%46%5A%4C%43%20%62%42%42%2A%7B%62%20%43%4C%5A%42%7C%51%79%58,%44%2D%4C%5A%54%32%34%44%2D%58%79%51%7C%54%34%34%42%62%20%43%4C%5A%46%20%3C%2A%36%36%20%20%54%6F%20%41%3E%20%46%2F%41,%7D%20=%4A%61%7A%7A%2D%4D%65%64%69%75%6D%20%53%77%69%6E%67=%31%30%30=%33"
45f845c4-e096-484e-908d-5140e8cde8f2,irealb://%32%32%20%4E%6F%6F%64%6C%65%20%69%6E%20%42%62=%42%6F%6F%72%65%72==%4D%65%64%69%75%6D%20%53%77%69%6E%67=%42%62==%31%72%33%34%4C%62%4B%63%75%37%37%62%41%20%37%62%5E%37%20%43%79%58%37%5E%62%45%5A%4C%37%2D%46%20%37%5E%45%62%5A%4C%37%2D%43%20%37%5E%62%42%5A%4C%37%2D%51%7C%45%62%2D%42%34%34%54%7B%42%5A%4C%37%62%37%20%41%62%37%44%5A%4C%37%62%47%20%37%2D%62%44%7C%51%79%62%58%41%2F%37%62%44%7C%51%79%58%37%62%44%5A%4C%62%2D%37%20%47%2D%62%45%5A%4C%37%2D%44%5A%4C%42%37%58%79%51%44%7C%51%79%58%37%41%7C%51%79%58%37%41%5A%37%4C%45%20%37%2D%42%5A%4C%37%45%20%37%2D%42%7C%2D%37%20%47%37%7C%51%79%58%37%51%79%58%37%5E%43%37%58%79%51%51%79%58%37%5E%62%42%5A%4C%37%46%20%37%2D%5A%43%4C%37%46%20%37%2D%43%7C%51%79%58%37%43%7C%7C%4E%31%42%62%5A%4C%37%47%20%7D%7B%4E%32%42%62%5E%37%58%79%51%20%5A%20=%50%6F%70%2D%46%75%6E%6B=%31%34%30=%31
45c2040a-2520-4bbd-a4cb-2368db5662ba,irealb://%47%6F%69%6E%27%20%50%6C%61%63%65%73=%45%64%64%69%65%20%4C%61%6E%67%20%2D%20%4A%6F%65%20%56%65%6E%75%74%69==%46%69%64%64%6C%65%20%54%75%6E%65=%46==%31%72%33%34%4C%62%4B%63%75%37%79%58%46%5A%4C%34%46%58%79%51%4C%37%44%20%46%7C%51%79%58%62%42%7C%51%79%37%58%41%7C%51%79%58%62%42%7C%51%79%58%37%41%7C%5A%47%20%43%37%34%54%41%2A%7B%2A%5B%5A%51%79%46%58%79%51%7C%79%58%43%7C%51%79%58%47%7C%51%79%58%47%7C%79%51%58%62%42%7C%51%79%58%62%42%7C%51%79%58%46%51%7C%43%37%58%42%2A%5B%7D%51%41%46%58%79%51%7C%41%37%58%79%51%7C%42%62%58%79%51%7C%41%37%58%79%51%7C%42%62%58%79%51%7C%46%20%44%37%4C%5A%47%20%43%37%4C%5A%46%58%79%51%5A%20=%4A%61%7A%7A%2D%4D%65%64%69%75%6D%20%53%77%69%6E%67=%31%30%30=%33
450f636e-0a0d-4a74-9616-af0260afd669,irealb://%44%72%65%61%6D%20%41%20%4C%69%74%74%6C%65%20%44%72%65%61%6D%20%28%67%69%67%29=%2E%20%2E==%4D%65%64%69%75%6D%20%20%53%77%69%6E%67=%43==%31%72%33%34%4C%62%4B%63%75%37%4C%37%47%20%2D%34%43%20%45%62%45%20%43%41%2A%7B%5D%20%37%47%20%2D%44%5A%6F%4C%62%45%20%43%5A%4C%37%47%20%2D%44%5A%4C%6F%62%6F%4C%5A%44%34%54%69%2A%5B%32%4E%5A%4C%20%7C%41%37%58%79%58%7D%51%79%58%37%47%5A%4C%62%41%20%43%31%7C%4E%51%79%58%37%2D%46%7C%51%79%58%2D%44%7C%51%79%51%58%79%51%51%79%58%43%5A%23%46%20%41%5A%2C%47%2C%7C%6C%42%5A%4C%2D%23%46%20%41%5A%4C%37%45%20%2D%5A%42%4C%2D%23%46%20%41%42%2A%5A%4C%37%45%20%43%2D%20%45%37%4C%62%41%73%20%43%44%7C%51%79%58%20%45%37%4C%5A%58%43%5A%4C%37%47%20%2D%44%5A%4C%6F%62%45%43%20%41%2A%7B%5A%4C%47%20%62%41%7C%51%79%58%41%79%51%7C%41%37%2D%42%5A%4C%2D%62%45%20%43%51%46%2D%37%58%79%61%64%6F%43%20%6C%61%20%2E%43%2E%44%3C%37%20%47%43%6C%7C%2C%47%51%2C%62%41%73%20%43%7C%51%3E%4C%5A%59%7C%7C%51%79%58%2D%6F%4C%5A%44%2D%20%47%37%4C%5A%43%20%45%62%6F%4C%5A%44%2D%20%47%37%4C%5A%66%43%20%66%45%62%6F%4C%5A%66%44%2D%20%66%47%37%20%5A%20==%30=%30
45610f36-85d0-4a75-8b1d-22407db6280b,irealb://%56%75%65%6C%61%20%75%6E%61%20%4C%61%67%72%69%6D%61%20%28%43%68%69%6C%65%20%47%69%67%29=%2E%20%4C%6F%73%2D%4E%6F%63%68%65%72%6F%73==%52%6E%42=%45%2D==%31%72%33%34%4C%62%4B%63%75%37%7C%51%79%58%2D%2D%58%79%51%4B%44%7C%51%79%58%45%2F%43%7C%51%79%58%2D%45%7A%3E%6F%56%20%30%36%2A%3C%41%2A%7B%20%20%6C%63%58%79%51%7C%45%45%34%34%54%5B%7C%51%79%58%2D%7C%43%2F%45%58%43%3E%6F%72%6F%43%65%72%50%20%32%36%2A%3C%2A%42%5B%51%79%58%2D%45%7C%51%79%58%44%7C%51%79%58%79%51%7C%42%51%79%58%2D%45%51%79%58%47%3E%7C%42%37%58%79%34%36%2A%3C%43%2A%5B%51%79%58%44%7C%51%79%2D%58%41%7C%51%79%58%2D%42%7C%51%79%58%43%7C%51%20%43%6F%72%6F%51%79%58%2D%41%7C%51%79%58%47%7C%44%20%43%4C%7C%51%79%58%2D%41%7C%51%79%58%43%7C%51%79%2D%58%45%6C%7C%2C%23%44%2F%42%73%2C%42%20%47%5A%44%58%79%51%5B%51%79%58%43%7C%38%35%2A%3C%31%44%20%43%4C%5A%47%5A%4C%44%20%2D%41%7C%51%79%58%43%7C%51%58%79%2D%45%6C%7C%2C%23%44%2F%42%73%2C%42%20%47%20%44%4C%5A%4E%7C%51%79%58%43%4E%7B%7D%20%2D%61%6E%66%6C%75%6F%74%6F%67%36%30%2A%3C%44%5A%4C%43%20%2D%5A%45%4C%2D%45%20%44%7C%51%79%58%2D%45%3E%65%74%20%41%3E%20%45%50%20%51%79%58%51%79%58%30%36%58%79%51%20%64%20%44%20%47%5A%4C%43%20%44%7C%51%79%58%43%51%7C%79%58%47%3E%7A%6F%76%20%79%20%73%6D%75%72%7D%7B%51%3C%2A%34%36%2A%3C%32%55%2C%7C%51%79%6C%20%69%6E%3E%3E%65%75%63%20%6C%6C%69%74%34%30%2A%3C%20%5A%47%4C%43%20%44%7C%51%79%58%43%7C%51%79%58%47%44%20%7D%47%58%6C%41%51%79%58%2C%66%2C%3C%E2%99%A9%3E%47%58%79%51%5A%20==%30=%30
4593e229-31d2-4ffa-af66-c40d2ea8e90a,irealb://%44%61%79%20%69%6E%20%74%68%65%20%4C%69%66%65%20%6F%66%20%61%20%46%6F%6F%6C%20%28%42%65%6C%6F%66%66%20%61%72%72%2E%29=%4C%75%69%7A%20%42%6F%6E%66%C3%A1%2C%20%43%61%72%6C%20%53%69%67%6D%61%6E==%42%6F%73%73%61%20%4E%6F%76%61=%41%2D==%31%72%33%34%4C%62%4B%63%75%37%20%35%62%37%2D%34%44%2D%37%20%2D%41%41%2A%5B%5D%51%79%58%70%5A%4C%2D%41%4C%5A%37%2D%45%20%37%2D%44%5A%4C%78%5A%4C%2D%41%58%79%51%7C%42%34%54%69%2A%5B%35%62%37%2D%45%5A%41%2D%58%79%5E%43%5A%4C%37%47%20%37%2D%44%7C%51%79%58%41%2D%5A%4C%39%62%37%45%20%35%62%37%2D%42%7C%51%37%58%79%51%7C%4C%39%62%37%45%51%79%58%39%62%4C%5A%44%2D%37%58%35%62%37%2D%42%7C%51%79%58%37%5E%46%7C%79%51%58%37%5E%43%7C%51%79%58%37%47%7C%51%79%58%79%51%7C%45%37%39%62%37%41%20%62%37%2D%42%7C%51%7C%42%2D%37%5A%4C%39%62%37%45%20%35%62%37%2D%42%7C%51%58%79%2D%41%42%2A%5B%5D%20%39%62%37%45%20%35%62%41%2D%58%79%51%79%58%2D%41%7C%20%35%62%37%2D%39%4C%5A%45%2D%37%2D%44%7C%51%79%58%70%7C%51%79%58%37%2D%7C%44%51%79%58%39%62%37%41%7C%51%79%58%35%62%37%58%79%51%7C%42%62%37%45%20%35%7C%5D%51%79%58%5A%41%2D%58%79%37%2D%44%20%2D%41%7C%51%79%58%37%45%7C%51%58%79%35%62%37%2D%42%7C%51%79%58%37%5E%46%7C%51%2C%4C%5A%41%2D%4C%39%62%37%45%58%37%2D%45%7C%2D%37%4C%5A%44%44%2C%51%2C%5B%5D%20%70%5A%4C%2D%41%66%5A%37%4C%2D%45%20%37%2D%44%5A%4C%37%2D%41%20%37%2D%2D%37%58%79%51%41%20%37%2D%44%79%51%7C%41%2D%58%79%51%7C%70%58%79%51%5A%20=%4A%61%7A%7A%2D%42%6F%73%73%61%20%4E%6F%76%61=%31%31%35=%31
45c0999e-63cd-4290-820d-b9a68c7c04db,irealb://%4D%2E%54%2E%41%2E%20%28%42%65%6C%6F%66%66%20%61%72%72%2E%29%2C%20%54%68%65=%4A%61%63%71%75%65%6C%69%6E%65%20%53%74%65%69%6E%65%72%2C%20%42%65%73%73%20%48%61%77%65%73==%46%61%73%74%20%54%65%6D%70%6F=%41==%31%72%33%34%4C%62%4B%63%75%37%51%79%58%44%7C%54%34%34%41%4C%51%79%58%41%41%2A%5B%5D%20%70%5A%4C%41%5A%37%4C%45%5A%4C%41%5A%4C%70%5A%4C%44%5A%4C%70%5A%7C%70%58%79%51%2C%69%2A%2C%5B%79%58%41%7C%51%7C%41%58%79%51%79%58%44%7C%51%79%58%70%7C%51%79%58%41%7C%79%51%58%70%7C%51%79%58%37%45%7C%51%79%58%70%7C%51%7C%70%58%79%51%79%58%70%7C%51%79%58%70%7C%79%51%7C%41%58%51%79%58%70%7C%51%79%58%44%7C%51%79%58%70%51%7C%79%58%41%42%2A%5B%5D%51%79%58%70%7C%51%79%7C%41%58%79%51%58%37%45%7C%51%58%70%7C%51%79%51%7C%70%58%79%58%37%45%7C%51%79%58%41%7C%51%79%58%70%7C%79%51%58%44%7C%51%79%58%70%7C%51%79%58%41%7C%51%79%51%7C%41%58%79%58%37%45%7C%79%51%5A%20==%30=%32
453e5df0-4107-4e16-8a65-c6a52ae75939,irealb://%4D%C3%A9%6C%6F%64%69%65%20%41%75%20%43%72%C3%A9%70%75%73%63%75%6C%65%20%28%4C%6F%76%65%27%73%20%4D%65%6C%6F%64%79%29%20%2F%54%47%4A%43=%52%65%69%6E%68%61%72%64%74%20%4A%6F%73%65%70%68==%4D%65%64%69%75%6D%20%53%77%69%6E%67=%44==%31%72%33%34%4C%62%4B%63%75%37%2D%62%42%5A%4C%34%45%2D%58%79%79%58%39%45%5A%4C%20%6C%63%4B%51%79%58%29%23%2D%46%28%23%46%2F%44%7C%51%79%58%6F%46%7C%51%51%4B%63%6C%20%34%54%69%2A%5B%28%37%41%5A%4C%37%58%79%51%5D%45%5A%4C%37%2D%42%20%44%7C%51%79%58%44%7C%79%51%58%37%41%5A%4C%37%2D%45%20%2D%45%41%2A%5B%2D%20%45%2D%37%41%7C%51%79%58%58%44%7C%51%79%20%20%28%41%37%37%2D%45%20%2D%45%42%2A%5B%5D%20%37%42%20%7C%44%29%23%43%28%20%29%43%28%20%20%44%5A%4C%29%4C%5A%41%37%58%29%36%2D%62%42%42%20%62%47%5A%44%62%37%4C%5A%62%47%5A%4C%37%62%44%20%29%37%62%44%28%37%62%2D%41%5A%4C%29%62%47%28%37%2D%62%45%20%62%47%20%44%62%37%4C%20%44%7C%51%79%43%7C%51%79%58%43%45%2D%58%79%58%37%2D%42%5A%4C%29%37%41%28%20%20%6F%62%7C%42%51%79%58%2D%45%5A%4C%37%42%20%37%43%7C%51%79%51%7C%45%37%2A%5B%5D%20%37%79%58%37%42%7C%42%62%29%58%79%46%7C%51%79%58%37%41%5A%4C%37%2D%45%20%2D%44%45%2A%5B%5D%51%79%58%29%37%42%28%37%41%7C%51%23%68%58%79%51%2F%68%45%28%37%45%3E%29%69%6E%34%33%2F%34%36%6E%69%74%72%61%4D%20%79%62%20%2E%72%74%28%73%20%6E%6F%69%73%72%65%76%20%37%34%2F%37%34%2F%20%47%69%6F%61%39%31%3C%7C%51%2D%37%58%79%51%7C%45%37%28%45%2D%37%29%20%41%37%4C%5A%44%20%47%2D%36%4C%5A%44%58%79%51%5D%20=%4A%61%7A%7A%2D%4D%65%64%69%75%6D%20%53%77%69%6E%67=%31%30%30=%33
4590d6f4-3fd6-41d3-88a7-77608dc0d918,irealb://%53%77%69%6E%67%20%34%32%20%2F%54%47%4A%43=%52%65%69%6E%68%61%72%64%74%20%44%6A%61%6E%67%6F==%4D%65%64%69%75%6D%20%53%77%69%6E%67=%43==%31%72%33%34%4C%62%4B%63%75%37%4E%5A%4C%37%47%34%43%20%41%2D%4C%37%41%20%62%42%2F%68%45%5A%4C%51%79%58%72%7C%51%79%58%5A%4C%37%47%20%37%2D%44%5A%4C%37%5A%44%2D%37%20%34%54%41%2A%7B%37%2D%23%46%7C%37%4C%5A%44%2D%2A%5B%5D%51%79%58%37%42%7C%51%79%58%43%32%5A%4E%4C%20%51%79%58%51%79%58%7D%20%37%47%20%37%42%45%58%79%51%2D%41%20%43%31%20%37%2D%44%5A%58%79%51%72%7C%43%41%2A%5B%5D%51%79%58%37%47%7C%51%79%58%5A%45%4C%51%79%58%7C%72%51%79%58%5A%4C%51%79%58%20%41%2D%37%4C%5A%4C%37%42%20%69%72%63%73%6E%79%51%72%7C%58%73%6E%6F%69%73%72%65%76%20%39%34%2F%31%34%31%39%51%79%58%51%79%58%51%79%58%3C%5A%4C%51%79%20%28%74%72%61%58%5A%4C%37%47%37%2D%44%5A%4C%79%20%4D%61%72%5A%4C%37%47%20%37%2D%44%5A%4C%37%41%20%62%2F%42%68%45%3E%29%69%6E%61%6F%69%47%20%6E%69%74%43%20%41%2D%37%62%20%64%65%62%20%47%37%20%5A%20=%4A%61%7A%7A%2D%4D%65%64%69%75%6D%20%53%77%69%6E%67=%31%30%30=%33
45d4541d-012c-40c2-87e7-fe337ccf03f9,irealb://%4E%69%6E%67%75%C3%A9%6D%20%45%78%70%6C%69%63%61%20%44%65%75%73=%2E==%4D%69%6E%69%73%74%C3%A9%72%69%6F%20%4C%69%76%72%65=%43==%31%72%33%34%4C%62%4B%63%75%37%41%7C%51%79%58%34%45%58%79%51%79%58%45%41%2A%5B%7D%51%79%58%2D%23%46%5A%62%4C%41%2F%45%20%5E%41%7C%51%79%58%2D%23%43%7C%51%7C%43%23%2D%34%54%69%2A%7B%20%5E%41%42%2A%62%4C%5A%46%23%2D%23%46%5A%4C%62%41%2F%45%20%5E%41%7C%51%58%79%2D%23%43%7C%51%79%58%45%7C%7C%51%79%58%2D%20%42%20%5D%5B%41%2F%45%20%5E%20%2D%23%43%7C%2D%58%79%51%7C%20%20%45%3E%4F%C3%83%52%46%45%52%36%36%2A%3C%5D%7B%20%23%44%2F%42%20%44%5A%4C%45%20%2D%23%46%42%2F%44%23%2C%23%43%5A%4C%42%20%45%3E%4C%41%5E%20%45%2F%41%2A%3C%5B%7D%20%42%20%2D%23%46%3E%6F%72%74%69%6E%20%61%74%6C%6F%56%20%51%79%58%3C%5A%4C%62%36%39%46%49%4E%41%7C%2C%42%20%2D%42%7C%51%79%2C%7C%43%23%2D%5A%4C%35%23%37%62%41%20%2D%23%46%3E%51%79%3C%58%5A%4C%62%41%2F%45%20%5E%41%7C%2C%42%20%20%43%23%2D%39%58%23%44%2F%42%20%37%20%45%73%75%73%4C%5A%41%5E%20%45%2F%41%62%4C%5A%46%23%2D%20%42%20%5D%5B%66%45%58%79%51%5A%20==%30=%30
455bfb9e-0b9b-411d-bd3e-220e74d16440,irealb://%4F%20%4D%61%69%6F%72%20%50%69%6E%74%6F%72%20%44%6F%20%4D%75%6E%64%6F=%2E==%4D%69%6E%69%73%74%C3%A9%72%69%6F%20%4C%69%76%72%65=%43==%31%72%33%34%4C%62%4B%63%75%37%73%75%73%47%7C%79%51%7C%41%2D%7C%51%79%58%2D%41%7C%51%79%58%43%41%2A%7B%51%7D%79%58%2D%46%7C%51%79%58%2D%44%7C%51%79%58%44%2D%58%79%51%58%43%69%2A%7B%51%79%58%43%5B%2A%42%43%58%79%75%73%47%3E%6F%72%74%6E%69%20%61%74%6C%6F%3C%56%7C%51%79%58%2D%44%7C%51%79%58%2D%41%7C%51%73%58%79%51%7D%7B%7D%51%79%58%51%79%58%78%7C%20%43%20%5D%58%51%79%58%78%7C%51%79%58%2D%41%7C%51%79%58%7C%78%51%79%58%43%43%2A%7B%20%20%51%79%58%51%79%7C%46%58%79%51%2A%34%2A%43%7C%7C%43%58%79%51%7C%3C%56%6F%6C%74%61%20%42%3E%47%58%79%51%7D%20==%30=%30
4529e729-2001-4519-9318-8822f69c5c14,irealb://%43%6F%72%63%6F%76%61%64%6F=%4A%6F%62%69%6D%20%41%6E%74%6F%6E%69%6F%2D%43%61%72%6C%6F%73==%4C%61%74%69%6E=%43==%31%72%33%34%4C%62%4B%63%75%37%5E%46%20%37%6F%34%41%2D%36%58%37%43%7C%51%79%58%37%2D%47%5A%4C%20%6C%63%51%4B%79%58%37%6F%62%41%5A%4C%20%6C%63%4B%51%79%58%79%51%7C%46%34%54%41%2A%5B%63%4B%51%79%58%37%58%79%51%5D%58%33%31%62%37%41%7C%51%79%58%37%2D%45%7C%79%51%58%37%62%42%7C%51%79%58%37%2D%46%42%2A%5B%79%51%7C%44%37%5E%46%5A%4C%37%37%2D%47%5A%4C%2D%37%58%79%51%79%58%37%6F%62%41%5A%4C%20%6C%63%4B%51%79%36%58%2D%41%41%2A%5B%5D%20%6F%23%47%20%37%47%7C%51%4B%63%6C%20%44%5A%4C%20%6C%7C%51%79%58%37%37%58%79%51%7C%58%37%62%42%7C%51%79%58%37%2D%46%43%2A%5B%51%5D%79%58%37%5E%46%5A%4C%37%5E%46%20%37%6F%46%79%51%7C%45%2D%43%7C%51%79%58%23%47%20%2C%37%51%7C%44%2D%37%20%37%2D%44%7C%51%79%58%37%41%7C%51%79%58%2D%37%45%5A%4C%46%2F%37%47%20%37%47%7C%51%79%58%20%51%4C%5A%47%79%58%37%2D%41%6F%20%5D%58%79%51%58%79%51%20%20%5B%51%47%37%58%79%51%7C%55%6C%43%36%58%79%51%5A%20==%31%34%30=%34
45eaf413-632f-4c14-bb06-3dc111d388ff,irealb://%53%6C%65%69%67%68%20%52%69%64%65%2D%52%65%76%20%4A%45%20%32=%50%61%72%69%73%68%2D%41%6E%64%65%72%73%6F%6E==%43%68%72%69%73%74%6D%61%73=%47==%31%72%33%34%4C%62%4B%63%75%37%2F%57%2C%37%44%34%34%3C%2A%37%4C%74%6C%61%37%45%2C%23%46%2F%57%2C%37%5E%73%47%3E%44%41%45%48%20%54%53%52%49%46%20%20%32%5A%41%2D%37%20%54%69%2A%7B%59%5E%62%42%7C%6E%37%2C%42%62%37%7C%2C%37%44%2C%37%2D%41%7C%2C%37%45%2C%37%42%2D%7C%2C%43%2F%57%2C%37%44%20%37%2D%41%7C%2C%4E%31%47%36%2C%2D%42%7C%2C%43%2D%23%43%7C%2C%6E%7D%7C%4E%32%2C%5E%42%7C%2C%5E%42%7C%2C%37%23%46%7C%2C%2D%37%23%43%5B%6E%2C%36%47%7C%2C%68%41%2C%36%47%7C%43%23%2D%37%2C%37%44%6E%2C%4C%20%78%7C%2C%2C%7C%42%5E%2C%6E%2C%44%2F%37%2D%41%6E%7C%2C%5E%41%7C%2C%41%5E%7C%2C%37%45%7C%2C%37%2D%42%5B%2C%5E%42%7C%41%2D%37%2F%44%37%23%46%2C%37%47%7C%2C%68%41%6E%41%62%37%2C%34%20%34%36%2A%3C%30%4E%7C%7D%6E%2C%37%44%2C%6E%5E%62%42%7C%6E%2C%36%47%33%4E%7C%7D%20%6E%2E%3E%47%36%2C%5A%4C%78%59%5A%5E%47%5A%4C%20%7B%3C%2A%37%34%4C%20%6E%2C%5E%47%5A%4C%78%7C%6E%2C%44%2F%47%36%6E%2C%5E%47%3E%45%44%55%4C%52%45%54%4E%49%5A%47%5E%2C%6E%59%5D%6E%2C%36%20%2C%37%2D%42%44%2C%6E%7C%78%2C%37%2D%41%7C%2C%23%47%2F%37%45%2C%5E%47%4C%5A%20%6E%2C%5E%47%5A%4C%20%6E%2C%5E%47%5A%4C%41%23%6F%2C%7C%2F%36%47%6E%2C%37%2D%41%7C%2C%37%2F%44%23%2C%7C%2C%37%23%46%2C%37%2D%23%43%7C%2C%37%23%2C%47%5E%42%7C%2C%37%23%46%2C%37%2D%45%31%4E%7C%42%5E%2C%45%37%42%2C%44%2F%57%5D%20%6E%2C%37%6E%7D%59%5B%4E%78%5A%4C%78%7C%2C%44%2F%37%2D%41%6E%2C%44%37%2F%2D%41%6E%7C%6E%2C%37%41%6E%2C%37%2D%45%32%4C%5A%6E%41%62%2C%37%44%6E%2C%5A%4C%74%6C%61%34%34%3C%2A%37%2F%57%2C%37%5E%47%73%3E%44%41%45%48%20%54%41%53%4C%20%64%6E%61%20%53%4F%4C%4F%53%20%20%34%46%23%2C%45%37%54%41%2A%7B%59%7C%2C%37%44%2C%37%2C%57%2F%43%2C%37%45%2C%37%2D%42%7C%2C%43%2F%57%2C%37%20%44%37%2D%41%7C%2C%37%62%42%2C%37%2D%42%7C%2C%7C%59%41%2D%37%44%20%37%2D%41%42%7C%2C%5E%42%6E%7C%42%62%5E%7C%2C%37%2D%23%43%42%2A%5B%6E%2C%36%47%7C%68%2C%41%2C%36%47%32%4E%7C%7D%6E%2C%37%44%6E%2C%46%23%37%2C%7C%2C%36%47%31%4E%37%2D%41%6E%7C%2D%37%2C%7C%43%5E%41%7C%2C%37%45%7C%2C%37%2D%42%43%2A%5B%5E%2C%42%7C%2C%5E%42%7C%2C%37%23%46%2C%37%2D%23%2C%7C%41%5E%2C%23%43%7C%2C%5E%2A%3C%30%4E%7C%2D%37%2F%44%2C%6E%2C%5E%62%42%7C%6E%2C%36%47%33%4E%7C%7D%6E%20%2C%37%62%41%6E%5A%4C%78%59%5A%4C%20%78%7C%44%37%2C%6E%7D%41%6E%2C%44%2F%36%34%20%34%2E%3E%47%36%2C%41%68%2C%7C%55%3C%46%49%4E%45%3E%47%36%2C%6E%5D%20==%30=%30
451c9944-4e69-4254-af3f-b6352c14cf30,irealb://%41%20%42%69%74%20%4F%66%20%48%65%61%76%65%6E=%46%75%6C%6C%65%72%20%43%75%72%74%69%73==%4D%65%64%69%75%6D%20%53%77%69%6E%67=%43==%31%72%33%34%4C%62%4B%63%75%37%45%5A%4C%37%2D%4C%5A%46%23%2D%46%20%68%23%43%5A%4C%37%5E%43%5A%4C%37%47%37%20%2D%44%5A%4C%20%37%2D%45%5A%4C%37%42%20%37%23%37%4C%5A%42%20%37%2D%45%5B%37%4C%5A%41%2D%37%4C%5A%46%23%2D%37%20%42%37%4C%5A%45%2D%37%4C%5A%78%4C%5A%41%2D%37%4C%5A%44%37%4C%5A%47%5E%37%4C%5A%78%20%5D%20==%30=%30
4597ab12-59a8-47f6-b9f4-3ef9815d8c75,irealb://%41%20%4D%6F%75%6E%74%61%69%6E%20%54%6F%70%20%48%69%67%68=%47%75%61%74%65%6D%61%6C%65%6E%20%54%72%61%64%69%74%69%6F%6E%61%6C==%43%6F%75%6E%74%72%79%20%46%6F%6C%6B=%46==%31%72%33%34%4C%62%4B%63%75%37%79%58%37%43%7C%7C%43%37%58%79%5A%4C%37%43%20%46%7C%51%79%58%62%42%7C%51%58%79%46%7C%51%79%58%46%7C%51%79%58%37%43%7C%51%46%58%79%51%7D%51%79%58%46%7B%51%7C%46%58%79%51%7C%43%37%58%79%51%7C%46%58%79%51%7C%43%37%58%79%51%7C%46%58%79%51%7C%43%37%58%79%51%7C%46%58%79%51%5A%20=%50%6F%70%2D%43%6F%75%6E%74%72%79=%31%38%30=%33
45bc5466-8f36-4dd4-aff2-38fd5f4ae45e,irealb://%41%6D%69%67%6F%73%20%41%6D%61%6E%74%65%73%20%2D%20%49%6E%20%41%42%42%E2%8A%99=%41%72%61%67%C3%A3%6F%20%4A%6F%72%67%65==%53%61%6D%62%61=%44==%31%72%33%34%4C%62%4B%63%75%37%45%20%2D%42%5A%34%34%3C%2A%37%68%23%43%7C%51%79%58%44%3E%2E%2E%65%72%70%65%6D%73%20%61%72%61%70%20%C3%A9%20%65%53%20%20%34%20%46%23%37%4C%54%41%2A%5B%59%44%7C%5D%20%37%20%42%37%23%35%51%79%58%37%45%7C%29%46%28%70%29%23%46%28%29%70%47%28%20%47%5A%4C%2D%23%46%20%2D%45%5A%4C%7C%45%2D%20%41%2D%41%5A%4C%39%42%2C%44%73%5A%23%2D%31%31%20%47%5A%4C%2D%23%46%20%2D%45%5A%4C%35%23%37%20%42%2D%41%5A%4C%39%45%20%2D%42%5A%4C%37%23%46%20%47%23%6F%4C%43%7C%51%79%58%3E%2E%2E%61%64%41%37%2C%7C%6C%6E%69%6D%20%61%20%75%6F%6D%72%6F%66%73%6E%72%61%54%20%20%3C%42%2A%7B%59%59%5D%51%79%58%44%68%61%20%76%69%2C%2D%45%2C%37%3C%69%2A%7C%5A%23%37%2C%4C%5A%37%23%46%20%5E%44%7C%51%79%58%37%41%7C%29%47%23%28%70%29%47%28%70%29%23%46%28%20%2C%2D%42%2F%43%23%2C%4C%46%20%68%23%43%6C%20%2D%23%46%49%6E%74%72%6F%45%5A%4C%20%2D%45%5A%4C%2C%37%42%20%37%41%4C%5A%20%6F%23%47%5A%4C%20%47%5A%4C%20%2D%42%3E%6F%58%79%51%7C%20%C3%A1%69%61%4C%45%7C%51%79%58%6C%45%2D%20%6C%2D%42%3E%2E%2E%C3%A1%69%61%4C%3C%51%59%5A%4C%23%2C%43%2F%37%23%46%20%5E%44%6C%5A%4C%2C%37%41%58%79%51%7C%47%5A%4C%2C%37%42%2C%37%42%20%46%41%37%20%42%37%2C%37%41%20%2D%45%5A%4C%2C%37%42%20%2D%23%7C%46%51%79%58%6F%45%7C%51%79%58%2D%45%5A%4C%2C%4C%5A%44%2D%2F%7C%51%79%58%37%79%58%5D%20%51%41%37%2C%4C%5A%46%20%2D%44%32%4E%7C%51%79%58%51%79%58%51%58%79%51%79%58%7D%20%2C%5E%44%20%2C%2D%44%31%4E%23%37%23%35%2C%20%2D%45%5A%4C%51%58%79%51%58%79%51%58%79%51%7C%4E%33%3C%44%2E%43%2E%20%61%6C%20%46%69%6E%65%3E%44%2D%20%44%5E%2C%20%5A%20=%4C%61%74%69%6E%2D%42%72%61%7A%69%6C%3A%20%53%61%6D%62%61=%32%30%30=%30
45f2f791-45a5-45b0-8833-e9be5c291d4b,irealb://%43%68%72%69%73%74%6D%61%73%20%53%77%69%6E%67%20%32=%52%65%69%6E%68%61%72%64%74%20%44%6A%61%6E%67%6F==%4D%65%64%69%75%6D%20%53%77%69%6E%67=%47==%31%72%33%34%4C%62%4B%63%75%37%7C%51%79%58%39%34%3C%20%41%41%39%36%47%5A%4C%20%6C%63%4B%51%79%58%39%62%5A%45%4C%20%6C%63%4B%51%79%58%39%36%47%3E%41%42%58%79%51%7C%44%34%54%41%2A%7B%51%79%58%37%41%51%7C%44%39%20%4B%51%79%58%37%45%5A%4C%20%6C%63%4B%51%79%37%58%42%42%2A%5B%59%7D%20%20%3E%65%6E%69%46%3C%63%6C%20%4C%5A%79%58%39%36%47%4B%63%6C%20%4C%5A%44%37%58%79%51%7C%3C%44%2E%43%2E%20%61%6C%20%46%69%6E%65%3E%20%78%20%20%5D%20==%30=%30
455397b2-5cc9-4708-a3f8-ded7b03fcf25,irealb://%4D%61%72%69%65%20%32=%42%65%72%6C%69%6E%20%49%72%76%69%6E%67==%4D%65%64%69%75%6D%20%53%77%69%6E%67=%42%62==%31%72%33%34%4C%62%4B%63%75%37%78%20%5A%4C%20%34%3C%20%41%42%58%43%2F%36%46%5A%4C%51%79%58%7C%72%51%79%5A%58%4C%20%6C%63%4B%51%79%58%36%62%42%3E%42%41%79%51%4B%63%6C%34%54%41%2A%5B%4B%51%79%58%39%2F%43%20%41%62%58%39%23%37%46%7C%51%79%58%37%43%5A%4C%20%63%6C%4B%51%79%58%37%2D%47%42%2A%5B%59%5D%20%6F%79%51%7C%46%36%36%46%5A%4C%20%51%79%58%51%79%5A%43%2D%37%58%51%79%58%39%23%37%42%3E%2E%64%6E%45%20%64%32%6E%20%6C%61%20%2E%43%2E%44%3C%31%4E%7C%51%79%5D%58%79%51%58%4C%51%20%6C%63%58%79%51%59%7C%4E%32%46%23%37%23%39%20%46%37%20%5D%58%79%51%58%79%51%20%20%5B%51%43%2D%37%20%73%46%23%2C%73%46%2C%7C%6C%42%62%36%58%79%51%5A%20==%30=%30
458c90cf-1329-4a4b-92e5-eca7c1af103d,irealb://%53%69%20%54%75%20%53%61%76%61%69%73%20%28%42%6D%29%20%31=%55%6C%6D%65%72%20%47%65%6F%72%67%65%73==%53%6C%6F%77%20%53%77%69%6E%67=%42%2D==%31%72%33%34%4C%62%4B%63%75%37%2D%42%59%5A%4C%34%3C%20%41%41%5A%4C%37%41%20%2D%42%5A%4C%37%47%20%2D%42%4C%5A%29%36%2D%45%28%6F%23%41%20%2D%42%3E%41%42%44%20%46%23%37%34%54%41%2A%7B%2D%42%32%4E%5A%45%2D%36%29%4C%51%79%58%7D%20%37%23%46%20%2C%2D%42%5A%4C%23%37%46%20%2D%42%31%4E%5A%4C%6F%42%20%2D%42%5A%58%79%51%20%4C%28%6F%23%41%20%4B%51%79%58%37%5A%42%2D%20%3C%2D%42%7C%51%79%58%2D%42%5A%4C%20%6C%63%4B%79%51%58%37%47%42%2A%5B%5D%20%20%3E%65%6E%69%46%58%79%51%7C%47%4C%37%23%46%20%63%6C%20%4C%5A%46%23%37%20%20%28%46%37%29%4C%5A%3C%44%2E%43%2E%20%61%6C%20%32%6E%64%20%45%6E%64%2E%3E%46%23%37%20%20%28%43%37%29%20%5D%20==%30=%30
45b925c2-4ecf-40cf-b9af-b40d3116062c,irealb://%4D%61%72%69%61%20%45%6C%65%6E%61%20%32=%43%6F%6D%70%6F%73%65%72%20%55%6E%6B%6E%6F%77%6E==%42%6F%6C%65%72%6F=%43==%31%72%33%34%4C%62%4B%63%75%37%43%5A%4C%20%6C%34%43%58%79%51%43%5A%4C%20%6C%63%4B%51%79%58%37%47%5A%4C%6C%20%63%4B%51%79%58%2D%44%7C%51%79%58%37%41%7C%58%79%51%4B%63%34%54%41%2A[%51%79%58%43%42%6C%20%4C%5A%41%58%43%5A%4C%20%6C%63%4B%51%79%58%37%47%7C%79%51%58%2D%44%7C%51%79%58%2D%44%7C%51%79%58%37%79%51][%2A%63%4B%51%79%58%79%58%2D%46%7C%51%7C%44%2D%58%51%79%58%37%43%7C%51%79%58%2D%41%5A%4C%20%63%6C%4B%51%79%58%37%45%5A%4C%20%6C%63%4B%51%79%7C%46%58%79%51%79%58%37%41%7C%51%7C%43%58%79%51%7C%43%20%41%37%4C%5A%44%2D%58%79%51%7C%47%37%58%79%51%7C%43%58%79%51%4B%63%6C%20%20%5A%20==%30=%30
4549cac5-4461-474b-8279-86bf7909c11e,irealb://%55%6C%74%72%61%66%6F%78%20%32=%52%65%69%6E%68%61%72%64%74%20%44%6A%61%6E%67%6F==%4D%65%64%69%75%6D%20%53%77%69%6E%67=%46==%31%72%33%34%4C%62%4B%63%75%37%47%5A%4C%2D%44%20%41%41%42%43%79%58%7C%72%51%79%58%5A%4C%62%44%2F%2D%62%20%42%44%2F%62%42%5A%4C%62%45%2F%37%46%20%46%3E%51%4C%5A%46%20%3C%34%34%54{%41%20%41%42%2A%4E%31%41%37%20%20%46%5A%4C%37%43%20%46%32%4E%5A%4C%20%51%58%79%51%79%58}%20%37%43%20%37%47%5A%4C%37%44%45%37%20][%5A%4C%43%20%2D%5A%4C%37%47%20%2D%20%43%6F%4C%6F%23%44%20%2D%44%5A%4C%6F%23%43%20%43%5A%37%4C%47%20%2D%42%5A%4C%6F%43%20%23%43%2F%41%5A%4C%5A%43%2F%45%42%5A%4C%6F%23%20%2D%47%5A%4C][%2A%43%46%4C%51%79%58%7C%72%51%79%58%5A%4C%62%44%2F%62%2D%42%20%44%2F%62%42%5A%4C%62%45%2F%37%46%20%5A%46%20%44%2D%51%79%58%37%43%43%37%4C%5A%46%20%42%62%4C%5A%46%58%79%51%5A%20==%30=%30
45a9bd4a-8a97-468b-9796-c6a73418b755,irealb://%42%6C%75%65%73%20%53%74%61%79%20%41%77%61%79%20%46%72%6F%6D%20%4D%65=%42%72%6F%74%68%65%72%73%20%44%65%6C%6D%6F%72%65==%42%6C%75%65%67%72%61%73%73=%45==%31%72%33%34%4C%62%4B%63%75%37%37%42%7C%5A%4C%34%45%58%79%51%79%58%45%5A%4C%51%79%58%7C%51%79%58%41%7C%79%51%58%37%45%5A%4C%51%79%58%5A%4C%51%79%58%7C%51%7C%58%79%51%34%54%41%2A%7B%58%79%51%7C%41%58%79%51%7C%45%58%79%51%7C%58%79%51%20%5A%20=%50%6F%70%2D%42%6C%75%65%67%72%61%73%73=%32%32%30=%33
45f5dffe-ba66-4055-9887-140cbfb492b5,irealb://%4B%61%6E%73%61%73%20%43%69%74%79%20%4B%69%74%74%79=%43%6F%6D%70%6F%73%65%72%20%55%6E%6B%6E%6F%77%6E==%4D%65%64%69%75%6D%20%53%77%69%6E%67=%47==%31%72%33%34%4C%62%4B%63%75%37%5A%4C%6F%23%47%34%47%36%58%79%79%58%37%44%7C%51%79%58%37%41%7C%51%79%58%45%37%7C%51%79%58%36%47%7C%51%79%58%6F%47%7C%51%51%7C%47%36%20%34%54%41%2A%5B%58%36%47%7C%51%37%20%5D%5B%2A%51%79%58%37%41%7C%51%79%58%37%45%7C%51%79%36%58%47%7C%51%79%58%6F%47%7C%51%79%58%36%47%41%7C%44%37%58%79%44%20%37%2D%41%4B%51%79%58%37%20%20%5D%7C%2A%63%4B%51%79%58%37%41%5A%4C%20%6C%63%4B%51%58%79%37%45%5A%4C%20%6C%63%4B%51%79%58%37%42%42%6C%20%4C%5A%44%6C%63%4B%51%79%4B%51%79%58%36%5B%2A%41%47%36%37%44%7C%51%79%58%37%41%7C%51%79%58%37%45%51%7C%79%58%36%47%7C%51%79%58%6F%47%7C%51%79%58%58%79%51%7C%47%5D%20%20%6C%63%63%6C%20%20%5A%20=%4A%61%7A%7A%2D%4D%65%64%69%75%6D%20%53%77%69%6E%67=%31%30%30=%33
457b1084-7c7b-42a9-ad2b-bab61d3d0e9f,irealb://%4C%6F%72%64%20%59%6F%75%72%20%48%6F%6C%6C%79%20%28%41%6C%65%78%29=%4A%61%6D%65%73%20%45%64%64%69%65==%42%61%6C%6C%61%64=%43%2D==%31%72%33%34%4C%62%4B%63%75%37%31%23%67%6E%69%28%43%2D%29%20%20%64%61%65%4C%35%34%2A%3C%20%3E%32%58%39%2A%36%3C%29%47%28%20%29%2D%46%28%20%29%23%47%28%67%20%73%74%72%20%69%2A%20%20%32%58%33%36%2A%31%36%2E%31%35%46%70%2C%23%47%70%2C%2D%43%31%4E%76%2A%20%79%51%58%29%47%28%51%79%58%51%79%58%3E%33%31%2E%2D%2C%70%47%3C%20%51%79%58%32%76%2A%20%20%2D%79%51%58%79%51%20%62%45%70%2C%23%47%70%2C%2D%43%7C%2C%47%2C%70%62%45%70%2C%23%47%70%2C%2D%43%31%4E%43%2A%28%47%2D%29%43%58%51%79%58%3E%43%3E%21%75%6F%70%47%23%2C%70%68%54%20%49%3C%33%4E%76%2A%51%79%58%51%79%51%58%79%58%3E%32%58%34%35%2A%3C%47%70%2C%2D%46%61%6E%6B%20%79%2C%2D%43%32%4E%51%79%58%51%79%2C%70%46%2D%2C%29%2D%46%28%20%29%23%47%28%20%29%2D%43%28%20%20%51%79%58%51%79%58%51%79%58%51%79%58%47%70%20%28%47%29%58%23%47%70%2C%2D%70%75%20%32%2F%32%43%2D%2C%70%20%47%70%2C%62%45%70%2C%2D%46%70%2C%45%2F%20%43%7C%2C%47%70%2C%62%45%29%62%42%28%20%23%47%3C%2A%36%36%31%4E%43%2A%20%20%2C%41%20%7C%42%70%41%20%28%42%3E%21%79%6C%6C%6F%48%39%33%2A%3C%31%4E%42%51%2A%79%58%51%79%58%51%79%58%23%47%70%2C%45%29%20%20%41%2C%70%2C%2D%23%43%3E%20%28%42%29%43%23%2D%20==%30=%30
45c9f14f-d9c5-4db2-b159-c6a187ce069d,irealb://%54%75%72%6E%21%20%54%75%72%6E%21%20%54%75%72%6E%21%20%28%42%65%6C%6F%66%66%20%41%72%72%2E%29=%50%65%74%65%20%53%65%65%67%65%72%2C%20%57%6F%72%64%73%20%46%72%6F%6D%20%45%63%63%6C%65%73%69%61%73%74%65%73==%4D%6F%64%65%72%61%74%65%6C%79=%47==%31%72%33%34%4C%62%4B%63%75%37%51%79%58%5D%20%34%3C%2A%36%39%4C%47%5A%4C%43%5A%4C%47%5A%4C%44%3E%30%39%6B%20%63%6F%52%20%77%6F%6C%53%20%79%72%54%20%20%5A%44%4C%5A%70%32%54%69%2A%5B%4C%47%5A%4C%44%4C%5A%43%4C%5A%47%20%43%34%34%54%5A%4C%70%5A%4C%44%5A%4C%5A%47%4C%43%5A%4C%47%5A%4C%70%5A%4C%44%5A%4C%47%4C%5A%41%2D%20%47%41%2A%5B%20%32%54%7C%51%79%2A%42%47%4C%5A%20%2D%41%5A%4C%37%2D%42%20%43%7C%51%79%58%5A%47%4C%44%5A%4C%47%5A%4C%44%5A%4C%47%5A%4C%44%44%4C%5A%47%58%5B%5D%20%70%5A%4C%47%20%43%34%20%5D%5B%51%47%58%70%7C%51%79%58%44%5A%4C%47%5A%4C%43%5A%47%4C%5A%4C%70%5A%4C%44%5A%4C%47%5A%4C%43%5A%4C%79%51%7C%54%34%70%5A%4C%47%34%5A%41%2D%20%44%4C%5A%47%58%79%51%7C%70%58%79%51%5A%20=%50%6F%70%2D%53%6C%6F%77%20%52%6F%63%6B=%39%30=%32
45100797-ff31-4d25-b590-533afe11fa95,irealb://%44%61%6E%73%65%20%4E%6F%72%77%65%67%69%65%6E%6E%65%20%20%64%66%62=%52%65%69%6E%68%61%72%64%74%20%44%6A%61%6E%67%6F==%42%61%6C%6C%61%64=%44==%31%72%33%34%4C%62%4B%63%75%37%20%37%2D%45%5A%20%47%2D%4C%5A%20%20%29%36%41%28%37%6F%62%45%5A%4C%37%41%37%20%2D%45%5A%4C%37%2D%42%20%44%5A%4C%20%78%20%28%42%37%29%4C%44%34%34%54%5B%44%2C%55%2C%37%79%51%72%7C%58%45%73%5A%4C%37%2D%42%20%41%2F%44%5A%4C%2D%20%47%47%5A%4C%37%44%20%37%2D%41%7C%5A%4C%51%79%2D%37%2C%73%41%58%5A%4C%37%41%2C%41%37%5A%20=%4A%61%7A%7A%2D%42%61%6C%6C%61%64%20%45%76%65%6E=%36%30=%33
45cacac0-ec78-4a3f-869a-767ed8e887fd,irealb://%48%65%72%65%2C%20%54%68%65%72%65%20%41%6E%64%20%45%76%65%72%79%77%68%65%72%65%20%2D%20%46%6C%69%6E%6E%65%72=%4D%63%43%61%72%74%6E%65%79%20%4C%65%6E%6E%6F%6E%2C==%50%6F%70=%47==%31%72%33%34%4C%62%4B%63%75%37%20%2D%45%5A%4C%54%34%34%47%20%5A%4C%37%42%20%2D%23%46%5A%4C%43%20%2D%42%4C%5A%2D%41%20%47%5A%4C%43%20%2D%42%5A%4C%2D%41%46%23%2D%20%42%2C%41%2A%2C%7B%46%20%2D%43%5A%31%41%20%44%20%42%2C%42%2A%2C%5B%5D%2C%46%2C%44%20%2D%41%4E%32%7C%51%79%58%51%79%58%51%79%58%51%79%58%7D%62%20%47%2D%4C%4E%5A%4C%2D%41%2D%23%46%5A%4C%79%51%7C%43%2D%46%5A%4C%43%20%2D%42%5A%4C%2D%41%20%47%5A%43%4C%20%2D%42%5A%4C%2D%41%20%47%5A%4C%37%44%20%23%2D%20%42%37%58%2D%47%5A%4C%20%42%4C%5A%45%2D%20%41%2D%4C%5A%41%2D%20%44%20%5A%20==%30=%30
45400a17-646e-47f1-9678-675e392504ac,irealb://%4C%6F%72%64%20%57%6F%6E%27%74%20%59%6F%75%20%48%65%6C%70%20%4D%65%20%2D%20%46%6C%69%6E%6E%65%72=%42%6C%61%6B%65%20%4E%6F%72%6D%61%6E==%50%6F%70%20%2D%20%42%6C%75%65%67%72%61%73%73=%44==%31%72%33%34%4C%62%4B%63%75%37%63%4B%51%79%58%58%79%51%4B%63%44%5A%4C%20%78%20%5A%4C%20%6C%63%4B%51%79%41%58%5A%4C%20%78%20%5A%4C%20%78%20%5A%4C%20%6C%58%79%51%7C%44%44%34%34%54%5B%6C%20%4C%5A%47%20%44%4C%5A%41%58%79%51%7C%44%58%79%51%4B%63%6C%20%20%5A%20==%30=%30
4500b009-9449-480f-88c7-03bc73592988,irealb://%42%65%72%73%68%69%72%65%20%42%6C%75%65%73%20%33%34=%57%65%73%74%6F%6E%20%52%61%6E%64%79==%4D%65%64%69%75%6D%20%53%77%69%6E%67=%43==%31%72%33%34%4C%62%4B%63%75%37%46%7C%51%79%58%34%43%5E%37%58%79%58%37%5E%43%41%2A%7B%7D%51%79%58%37%47%51%7C%79%58%37%5E%43%7C%51%79%58%37%46%7C%51%79%51%7C%47%62%37%33%54%69%2A%7B%4C%20%6C%63%4B%7C%42%62%37%58%7C%51%79%58%37%43%7C%51%79%58%37%2D%47%7C%79%51%58%37%62%41%7C%51%79%58%37%2D%41%7C%51%79%46%37%58%79%51%51%79%58%37%5E%62%41%7C%51%79%51%7C%42%62%37%7C%51%79%58%37%41%7C%51%79%58%37%2D%45%7C%79%51%58%37%46%7C%51%79%58%37%5E%43%7C%51%79%58%45%62%2D%37%58%79%58%37%46%5A%37%58%79%51%7C%44%2D%37%58%79%51%7C%47%37%58%79%51%7C%43%5E%37%58%79%51%7C%46%37%58%79%51%7C%43%5E%37%58%79%51%7C%47%37%58%79%51%7D%20==%36%35=%31%34
45fb7122-0871-4f49-9eb9-5bbaf5b0ec9a,irealb://%47%69%76%65%20%4D%65%20%52%6F%73%65%73%20%57%68%69%6C%65%20%49%20%4C%69%76%65%20%2D%20%46%6C%69%6E%6E%65%72=%54%72%61%64%69%74%69%6F%6E%61%6C==%50%6F%70%20%2D%20%42%6C%75%65%67%72%61%73%73=%47==%31%72%33%34%4C%62%4B%63%75%37%5A%4C%44%5A%4C%54%33%34%47%4C%4C%47%5A%4C%47%5A%4C%47%5A%4C%47%5A%4C%47%4C%5A%44%5A%4C%44%5A%4C%47%5A%4C%47%5A%4C%47%5A%5A%47%4C%5A%44%2C%41%2A%2C%5B%5A%4C%44%5A%4C%5D%5B%2C%2A%42%4C%47%5A%4C%47%5A%4C%44%5A%4C%44%5A%4C%47%4C%5A%47%5A%4C%47%5A%4C%47%5A%4C%43%5A%4C%43%2C%5A%47%4C%5A%47%20%47%5A%4C%47%44%4C%5A%47%2C%4C%5A%47%20%5A%20==%30=%30
45bed153-43ac-46b3-bf36-379b1def90c8,irealb://%42%69%67%20%46%6F%6F%74%20%2E=%50%61%72%6B%65%72%20%43%68%61%72%6C%69%65==%4D%65%64%69%75%6D%20%53%77%69%6E%67=%42%62==%31%72%33%34%4C%62%4B%63%75%37%36%36%2A%3C%37%34%42%62%5E%39%7B%59%5D%51%79%58%37%5E%62%45%7C%51%79%58%5E%39%62%42%7C%51%79%58%37%5E%62%45%7C%51%79%58%54%34%34%42%62%33%54%69%2A%5B%42%7C%51%79%58%58%79%51%7C%45%79%58%39%2D%43%5A%4C%47%20%68%44%7C%51%79%37%58%5E%62%42%5A%4C%20%6C%63%4B%51%79%58%37%62%51%7C%46%31%33%3E%64%61%65%48%79%58%37%62%45%5A%7C%42%62%58%73%6F%6C%6F%53%33%36%2A%3C%62%42%41%2A%5B%51%59%79%58%51%79%58%51%79%58%51%79%58%7D%51%79%3E%58%79%51%7C%4C%37%46%20%62%58%37%46%7C%51%58%79%51%7C%42%5A%4C%47%20%68%44%7C%51%79%58%62%42%5A%4C%6C%20%63%4B%51%79%58%37%62%45%7C%51%79%58%37%62%43%2D%37%58%79%37%62%42%7C%51%5A%4C%20%6C%63%58%79%51%7C%46%62%45%7C%51%79%58%3E%74%75%6F%20%64%61%65%36%48%36%2A%3C%37%62%42%51%7B%59%5D%51%79%58%37%37%58%79%51%4B%62%42%7C%51%79%42%62%5E%37%58%79%51%7C%44%68%20%47%4C%5A%43%2D%39%58%79%51%7C%46%31%33%58%79%51%7C%42%62%20%46%37%4C%5A%7C%42%62%58%79%51%7D%20=%4A%61%7A%7A%2D%4D%65%64%69%75%6D%20%55%70%20%53%77%69%6E%67=%30=%34
45d345ce-58e7-445f-af90-976d9a70c001,irealb://%53%69%6E%67%2C%20%53%69%6E%67%2C%20%53%69%6E%67%20%2D%20%46%6C%69%6E%6E%65%72=%50%72%69%6D%61%20%4C%6F%75%69%73==%4D%65%64%69%75%6D%20%53%77%69%6E%67=%44%2D==%31%72%33%34%4C%62%4B%63%75%37%31%4E%5A%4C%37%34%44%2D%20%41%4C%37%41%20%2D%44%5A%4C%37%41%20%2D%44%5A%37%4C%41%20%2D%44%5A%4C%37%41%20%2D%44%5A%4C%37%5A%44%2D%20%41%34%54%41%2A%7B%37%43%20%2C%46%7C%41%37%20%44%2C%37%43%2C%2D%44%73%20%37%41%7C%51%79%58%44%2D%32%4E%5A%4C%20%51%79%58%51%79%58%7D%20%2D%5D%5B%2A%42%6C%51%79%58%2D%44%20%2D%44%41%2A%37%4C%5A%46%20%20%46%5A%4C%37%43%20%46%5A%4C%37%43%20%46%4C%5A%37%43%20%46%5A%4C%37%43%20%46%5A%4C%37%43%41%37%20%5D%5B%43%20%46%5A%4C%2D%44%20%37%41%2D%20%41%37%4C%44%5A%4C%37%41%20%2D%44%5A%4C%37%41%20%2D%5A%44%4C%37%41%20%2D%44%5A%4C%37%41%20%2D%44%5A%2D%58%79%51%7C%44%5A%4C%37%41%20%5A%20==%30=%30
458f132b-0064-4281-84ac-d4bffcdc5f36,irealb://%43%65%6C%6F%73=%50%72%6F%6A%65%63%74%20%47%6F%74%61%6E==%53%6C%6F%77%20%53%77%69%6E%67=%46==%31%72%33%34%4C%62%4B%63%75%37%7C%51%79%58%37%2D%37%58%79%51%58%46%7C%51%79%58%37%2D%44%5A%4C%37%41%20%2D%37%45%7C%51%79%58%37%2D%47%7C%51%79%58%46%7C%79%51%7C%47%2D%44%34%34%54%5B%43%20%37%2D%47%37%4C%5A%41%2D%2D%41%7C%51%79%58%37%5E%62%42%7C%51%79%58%2D%37%41%7C%51%79%58%37%5E%62%42%7C%51%79%58%37%39%58%79%51%7C%41%20%37%2D%45%58%37%2D%44%5A%37%58%79%51%7C%68%45%7C%51%79%58%37%2D%47%7C%51%79%58%46%51%7C%79%58%37%2D%44%7B%5A%4C%37%41%20%37%68%45%37%20%41%37%4C%5E%46%5A%4C%37%58%37%5E%62%42%79%51%7C%47%2D%2D%41%7C%51%79%58%37%5E%62%42%7C%51%79%58%2D%39%41%5A%4C%37%41%20%37%68%45%7C%51%79%58%37%37%58%79%51%7C%58%46%7C%51%79%4C%20%78%20%5A%39%58%79%51%7C%51%79%58%37%2D%44%7C%7D%20%37%41%20%37%68%7C%45%51%79%58%37%5E%46%5A%4C%37%43%20%37%2D%47%4B%63%6C%20%4C%2D%41%7C%51%79%5A%20%78%20%4C%5A%20%78%20%4C%5A%20%78%20%4C%5A%20%78%20%4C%5A%20%78%20%20%5D%20==%38%35=%31
458d040c-c780-4f06-b9ad-46feebc570b8,irealb://%43%68%61%70%74%65%72%20%46%69%66%74%65%65%6E%20%2D%20%45%78%65%72%63%69%73%65%20%31%35=%50%61%74%69%74%75%63%63%69%20%4A%6F%68%6E==%4D%65%64%69%75%6D%20%53%77%69%6E%67=%44==%31%72%33%34%4C%62%4B%63%75%37%58%41%2F%62%45%62%2F%45%58%79%2F%62%42%34%34%54%7C%51%79%58%42%2F%46%7C%79%51%58%44%2F%45%7C%51%79%58%41%2F%62%45%7C%51%45%58%79%51%7C%42%34%34%54%7B%7C%51%79%58%42%44%58%79%51%7C%58%44%2F%45%7C%51%79%58%41%2F%62%45%7C%51%58%79%45%2F%62%42%34%34%54%7C%51%79%58%42%2F%46%79%51%7C%46%2F%2F%45%7C%51%79%54%34%34%42%62%2F%45%58%79%51%7C%45%62%2F%41%58%79%51%7C%45%2F%44%58%79%51%7C%46%2F%42%58%79%51%7D%20==%30=%34
4528bd54-1ea9-4fb4-8cd1-1b646062d138,irealb://%43%6C%75%63%6B%20%4F%6C%64%20%48%65%6E%20%2D%20%46%6C%69%6E%6E%65%72=%54%72%61%64%69%74%69%6F%6E%61%6C==%50%6F%70%20%2D%20%42%6C%75%65%67%72%61%73%73=%41==%31%72%33%34%4C%62%4B%63%75%37%41%42%2A%5B%5D%34%41%58%79%51%51%79%58%41%5A%4C%44%20%41%7C%51%79%58%41%4C%5A%41%20%45%7C%51%79%58%41%5A%4C%44%20%41%7C%7C%45%20%41%20%34%54%41%2A%5B%58%79%51%7C%41%20%47%4C%5A%41%58%79%51%7C%45%20%41%4C%5A%41%58%79%51%7C%41%20%47%4C%5A%41%58%79%51%7C%45%20%41%20%5D%20==%30=%30
45c533f6-9d22-4423-b33a-9a132038f611,"irealb://%4F%20%54%65%6D%70%6F%20%50%61%72%61=%43%61%6D%69%6C%6F%20%47%69%6C%6C%65%61%72%64%65==%52%6F%63%6B=%43==%31%72%33%34%4C%62%4B%63%75%37%5A%4C%45%20%73%34%46%23%2D%37%79%58%78%7C%51%79%58%41%41%2A%7C%7D%51%79%45%58%7C%51%79%58%41%7C%51%79%58%44%7C%51%79%58%51%7C%45%73%75%34%54%69%2A%7B%42%5A%4C%45%20%45%4C%5A%46%23%51%79%58%37%2D%42%42%2A%7C%5D%51%79%58%78%51%7C%79%58%45%7C%51%79%58%44%7C%51%79%58%37%2D%7C%46%23%2D%37%20%73%75%73%45%79%58%78%7C%51%7C%46%23%2D%37%46%43%2A%5A%4C%20%51%79%58%51%79%58%5D%20)%20%37%45(%20%78%7C%51%79%58%44%5A%4C%45%20%23%2D%37%58%79%51%79%58%37%2D%43%2A%7B%5D%51%51%7C%78%58%79%20%3E%41%20%6F%61%20%61%74%6C%6F%56%3C%20%7C%45%51%79%58%37%2D%23%46%7C%51%79%58%44%7C%51%4C%5A%78%58%79%79%58%45%7C%51%79%58%37%2D%23%79%51%56%61%72%44%7C%51%79%58%78%7C%51%79%58%45%7C%51%79%37%58%2D%23%46%7C%51%79%58%44%3E%6F%C3%A3%C3%A7%61%69%58%79%51%7C%46%58%38%36%2A%3C%72%62%6F%53%20%23%2D%37%20%20%79%58%36%33%2A%3C%7C%51%79%58%78%7C%51%79%45%58%32%4E%7C%7D%51%79%58%45%7C,%23%44%2F%42%51%53%6F%6C%6F%43%31%4E%7C%51%51%79%58%37%2D%65%66%72%C3%A3%6F%61%C3%A7%6E%65%73%65%72%50%20%61%75%54%20%20%36%36%2A%3C%76%2A%7B%20%20%51%79%58%51%79%58%3E%2E%2E%2E%3E%42%52%20%6F%20%65%7C%46%23%2D%37%58%79%51%7C%45%20%3C%56%6F%6C%74%61%20%61%6F%20%43%20%2D%20%50%69%61%6E%6F%3E%20%4C%5A%78%58%79%51%7D%20==%30=%30"
458b0e03-5e2b-4e40-b9ec-186530fda638,"irealb://%43%72%69%73%74%6F%20%54%65%20%45%6E%74%72%6F%6E%61%6D%6F%73=%42%72%69%6E%20%43%6C%61%75%64%69%6E%61==%52%6F%63%6B=%44=%34=%31%72%33%34%4C%62%4B%63%75%37%6D%2A%42%5A%4C%34%44,%2A%41%5A%4C,%44%5A%4C,%44%5A%4C,%47%5A%4C%47,%5A%4C,%45%5A%4C,%45%5A%4C,%44%5A%4C%42%2A%6D%2A,%34%54%69%2A%5B,%2A%6D%2A%23%23%2A%6D%2A,%42%2A%5A%4C,%41%5A%4C%43%5A%4C,%2A%6D%45%2A%5A%4C,%47%5A%4C,%2A%6D%2A%23%46%5A%4C%44,%4C%5A%46%46%5A%4C,%2A%41%20,%44%5A%5A%47,%4C%5A,%47%5A%4C,%2A%6D%2A%42%5A%4C,%23%43%41%2F%20,%44%5A%4C,%41%5A%4C,%2A%6D%2A%45%4C%5A%41,%4C%4C,%47%5A%4C,%41%5A%4C,%5A%42%2A%6D%2A%3E%41%20%6F%54%33%36%2A%3C%5B%20,%44%5A,%4C%44%5A%4C,%41%5A%4C,%47%5A%4C%41%20,%20%20%7B%51%47%4C,%23%43%2F%4C%5A%42%2A%6D%2A,%4C%5A%41,%20%7D%7C%47%4C%5A%41%4C%5A%44,%55%20%5A%20=%50%6F%70%2D%52%6F%63%6B=%31%31%35=%31"
45451c22-41eb-4b49-86a8-6c51f802ecc6,irealb://%45%6E%20%45%6C%20%54%72%6F%6E%6F%20%45%73%74%C3%A1=%44%27%43%6C%61%72%69%6F%20%43%68%72%69%73%74%69%6E%65==%50%6F%70%20%52%6F%63%6B=%46==%31%72%33%34%4C%62%4B%63%75%37%20%C3%A9%72%61%6E%34%44%2D%37%2C%36%36%2A%3C%41%2A%7B%5D%20%43%20%46%5A%4C%42%62%20%37%2D%44%5A%4C%43%20%46%5A%4C%62%42%20%20%43%61%6D%69%34%54%69%2A%5B%62%42%20%37%2D%2E%3E%44%2D%37%28%20%20%46%5A%4C%62%42%20%37%2D%44%5A%4C%43%29%28%20%20%46%5A%4C%39%64%64%61%62%42%20%2C%43%29%4C%5A%44%2E%2E%72%6F%70%75%70%20%6C%C3%89%5A%46%20%43%4C%20%73%65%20%53%4F%49%44%20%36%36%2A%3C%42%5B%2A%7D%51%79%58%46%5A%4C%62%42%20%37%2D%44%5A%66%69%65%6C%20%4C%39%64%64%61%7C%51%79%58%46%2E%20%3E%46%58%42%7C%51%79%58%37%2D%44%5A%4C%43%20%73%75%43%73%7C%51%79%58%46%7C%51%79%58%62%42%7C%51%79%62%58%79%51%7C%2E%2E%65%64%65%76%20%2C%6F%73%79%51%58%79%51%47%20%20%36%36%2A%3C%43%2A%7B%5D%20%51%2C%20%43%2C%73%75%73%43%3E%2C%6E%49%20%6F%54%20%20%6C%6F%72%69%6F%58%36%36%2A%3C%43%3E%42%20%6F%69%6F%73%6F%2E%2A%3C%20%73%75%73%43%7C%51%79%58%37%2D%44%51%7C%79%58%46%7C%51%79%58%37%2D%47%3E%2E%2E%2E%36%36%20%20%54%72%6F%74%63%69%20%7D%7B%51%44%2D%37%58%79%51%7C%42%62%58%79%51%7C%46%58%79%51%7C%43%2C%58%79%51%7D%7C%46%58%79%51%5A%20=%50%6F%70%2D%52%6F%63%6B=%31%31%35=%31
455d1585-2ba0-48dc-a176-de68b84903cf,irealb://%4E%6F%62%6F%64%79%27%73%20%44%61%72%6C%69%6E%67%20%42%75%74%20%4D%69%6E%65%20%2D%20%46%6C%69%6E%6E%65%72=%44%61%76%69%73%20%4A%69%6D%6D%69%65==%50%6F%70%20%2D%20%42%6C%75%65%67%72%61%73%73=%41==%31%72%33%34%4C%62%4B%63%75%37%41%5A%4C%41%5A%4C%5A%41%4C%5A%5A%4C%44%5A%4C%44%5A%4C%41%5A%4C%41%5A%4C%5A%41%4C%41%5A%4C%45%5A%4C%45%5A%4C%44%5A%4C%44%45%4C%5A%45%4C%41%34%33%54%5B%20%5A%20==%31%34%34=%34
458169e4-de33-44ed-9cf5-029ef643c926,irealb://%54%69%6E%20%46%6F%69%6C%20%41%6E%64%20%53%74%6F%6E%65%20%2D%20%46%6C%69%6E%6E%65%72=%42%6C%61%6B%65%20%4E%6F%72%6D%61%6E==%50%6F%70%20%2D%20%42%6C%75%65%67%72%61%73%73=%47==%31%72%33%34%4C%62%4B%63%75%37%58%47%7C%51%79%54%34%34%47%58%78%20%5A%4C%20%6C%63%4B%51%79%58%47%7C%51%58%79%47%7C%51%79%58%43%5A%4C%20%6C%63%4B%51%79%20%4C%5A%44%58%2C%41%2A%2C%5B%58%51%79%58%51%20%4C%5A%43%58%58%47%7C%51%79%58%47%7C%51%79%58%44%5A%4C%6C%20%63%4B%51%79%58%47%7C%51%79%58%47%7C%51%79%79%51%5D%58%79%6C%63%4B%51%79%7C%51%79%58%47%5B%2C%2A%42%2C%5A%4C%20%6C%63%4B%51%79%58%47%7C%51%79%58%7C%47%51%79%58%44%5A%4C%20%6C%63%4B%51%79%58%47%43%58%79%51%7C%51%79%58%51%79%47%58%79%51%5A%20==%31%37%30=%34
458de638-07d7-4e28-9a84-7dd99d004227,irealb://%44%75%63%6B%20%57%61%6C%6B=%47%61%67%67%69%6F%6C%69%20%44%61%6E%69%65%6C==%4D%65%64%69%75%6D%20%53%77%69%6E%67=%43==%31%72%33%34%4C%62%4B%63%75%37%62%41%20%37%2D%58%79%51%7C%44%39%62%37%41%20%37%2D%45%5A%4C%37%62%42%20%2D%37%46%7C%51%79%58%37%2D%45%7C%51%79%58%37%2D%2C%4C%5A%45%62%2C%43%41%2A%5B%5A%4C%37%62%42%44%2D%37%58%79%51%79%58%37%2D%45%7C%51%79%58%37%2D%44%7C%79%51%58%2C%43%41%2A%7C%51%79%58%37%62%44%7C%51%7C%46%2D%37%20%5A%4C%39%62%37%4B%51%79%58%31%37%62%39%2C%4C%42%2A%2C%7C%51%79%58%43%5A%4C%37%62%44%20%2D%37%44%5A%4C%39%62%37%62%41%20%37%2D%62%45%5A%2C%43%37%23%31%41%20%37%2D%45%41%2A%7C%51%79%20%78%20%4C%5A%62%44%7C%51%79%58%31%31%23%37%47%5A%4C%20%63%6C%4B%51%79%58%31%31%23%37%46%5A%4C%20%78%20%37%23%31%31%58%5A%4C%20%6C%63%39%62%37%62%41%7C%44%2D%37%58%5A%4C%2C%39%62%37%41%20%37%2D%45%5A%4C%37%42%62%20%37%2D%46%7C%51%79%58%37%2D%45%7C%51%79%45%62%2D%37%20%51%79%58%2C%43%4C%5A%44%2D%37%20%44%62%37%4C%5A%43%58%79%51%5A%20=%4A%61%7A%7A%2D%4D%65%64%69%75%6D%20%55%70%20%53%77%69%6E%67=%31%38%30=%30
45bc661e-cf8b-4e4e-b3ff-7dd0468346b3,irealb://%46%69%67%2E%20%37%35%20%2D%20%43%79%63%6C%65%20%6F%66%20%35%74%68%73%20%28%31%61%29=%52%69%63%68%69%65%56%69%74%61%6C%65%2E%63%6F%6D==%42%6F%6F%6B%20%32%20%2D%20%41%20%4C%79%72%69%63%61%6C%20%41%70%70%72%6F%61%63%68%20%42%6F%6F%6B=%43==%31%72%33%34%4C%62%4B%63%75%37%4C%37%47%20%37%37%4C%5A%42%62%20%37%45%7C%5A%4C%37%62%43%20%2C%37%62%47%4C%5A%37%62%44%20%37%62%41%5A%4C%37%62%45%20%37%41%37%4C%5A%44%46%20%37%43%5B%5A%43%37%20%46%37%20%42%62%37%20%45%62%37%20%5A%20==%31%30%30=%31
4544be3c-0a0b-44cd-b164-c558966c303a,irealb://%46%69%6E%64%65%72%27%73%20%4B%65%65%70%65%72%27%73=%42%72%6F%77%6E%20%43%6C%69%66%66%6F%72%64==%4D%65%64%69%75%6D%20%53%77%69%6E%67=%42%62==%31%72%33%34%4C%62%4B%63%75%37%5A%4C%37%6F%42%34%42%62%5E%20%4C%37%46%20%37%2D%43%5A%4C%37%2D%47%20%2C%62%5E%42%5A%4C%37%46%20%37%2D%43%5A%4C%37%2D%47%5A%42%62%37%20%34%54%41%2A%7B%2D%43%5A%4C%37%37%4C%5A%4E%31%42%32%4E%5A%4C%20%51%79%58%51%79%58%7D%20%46%37%20%37%2D%43%5A%4C%39%62%37%47%20%5E%62%42%62%5E%20%42%6F%46%20%37%2D%43%45%5A%4C%39%47%5D%5B%2A%42%47%4C%39%62%37%41%20%37%2D%45%7C%51%79%58%5E%5A%45%4C%37%42%20%37%2D%23%46%7C%51%79%58%5E%62%5A%44%2D%37%20%20%37%46%20%37%47%20%2C%5E%62%39%4C%5A%44%2D%20%37%2D%43%5A%4C%37%2D%47%20%5E%62%42%41%7B%2A%5D%20%37%46%20%37%2D%43%5A%4C%37%47%20%37%46%37%4C%5A%42%62%37%41%20%68%2A%5A%4C%37%46%2D%37%20%46%37%4C%39%62%37%47%20%5E%62%42%31%4E%5A%4C%37%20%46%37%2D%43%5A%4C%37%6F%42%20%37%62%42%5A%4C%5A%43%2D%37%20%43%5A%4C%37%2D%43%5A%4C%37%47%58%79%51%7C%45%5A%4C%37%62%47%20%37%2D%62%44%7C%51%79%58%31%31%23%37%5E%62%44%5A%4C%37%62%41%20%37%2D%62%42%62%2F%46%20%37%2D%62%42%43%2D%37%20%46%37%4C%5A%42%62%36%58%79%51%7C%43%2D%37%20%46%37%20%5A%20==%30=%30
455d6a6c-d80e-4466-916e-3f3855427d1b,irealb://%46%6F%72%20%4E%6F%20%4F%6E%65%20%31=%54%68%65%20%42%65%61%74%6C%65%73%20%28%4C%65%6E%6E%6F%6E%2C%20%4D%63%43%61%72%74%6E%65%79%29==%52%6F%63%6B%20%50%6F%70=%43==%31%72%33%34%4C%62%4B%63%75%37%79%58%43%7C%51%32%32%43%58%79%7C%51%79%58%37%5E%46%7C%51%79%58%47%2F%43%51%7C%79%58%2D%41%7C%51%79%58%42%2F%2D%45%7C%51%42%62%32%58%79%54%53%41%2A%7B%7C%51%79%58%37%20%7D%5B%2A%42%2D%44%7C%2C%37%41%20%20%2C%2D%44%6C%7C%51%58%79%2D%44%7C%51%79%58%37%41%7C%51%79%58%2D%44%58%79%51%7C%41%20%6C%63%4B%51%51%79%58%7D%20%4C%5A%44%2D%20%47%3E%61%64%6F%43%20%6C%61%20%2E%53%2E%44%7C%3C%51%79%58%2D%44%6C%30%4E%7C%2C%37%41%73%20%31%31%20%47%37%51%20%20%2D%44%58%79%51%20%4C%5A%59%51%44%2D%20%20%73%41%37%2C%7C%6C%44%2D%58%79%51%7C%47%31%31%20%66%47%37%20%20%5A%20=%50%6F%70%2D%52%6F%63%6B=%31%35%31=%31
45e6187e-cbe5-49c4-8496-ebead0d73e7c,irealb://%47%6F%6F%64%62%79%65%2C%20%4C%69%74%74%6C%65%20%44%72%65%61%6D%2D%52%65%76%20%4A%45=%50%6F%72%74%65%72%20%43%6F%6C%65==%42%61%6C%6C%61%64=%44%2D==%31%72%33%34%4C%62%4B%63%75%37%29%37%41%28%20%34%44%2D%37%58%28%37%41%20%29%68%42%28%36%2D%44%5A%4C%37%44%2D%20%2C%37%5E%2D%44%5A%4C%20%6C%63%4B%51%79%42%62%2D%36%29%34%54%41%2A%7B%42%2A%5B%5D%29%79%51%4B%63%6C%62%42%2F%68%47%28%37%43%20%29%68%42%28%36%44%2D%5A%4C%37%2D%44%20%2C%37%5E%2D%44%5A%4C%20%29%20%28%43%37%58%37%2D%44%7C%62%41%2F%33%31%7C%41%37%2F%45%47%20%37%44%5A%4C%37%41%20%5E%62%42%7C%51%58%79%37%2D%41%7C%51%79%58%37%2D%44%7C%51%79%58%37%4C%5A%42%62%51%79%58%5E%46%41%20%29%68%42%58%79%51%7C%41%4C%37%2D%44%20%2C%37%5E%2D%44%5A%4C%20%6C%4B%63%51%79%58%37%2D%44%41%2A%5B%5D%51%79%58%37%5A%44%2D%36%28%29%6F%23%47%28%73%37%43%43%2A%36%29%20%28%41%47%20%37%44%7C%51%79%58%37%2D%47%5A%4C%20%63%6C%4B%51%79%58%33%31%62%39%62%37%44%7C%29%37%2D%37%20%5D%7C%2D%62%42%28%37%51%2C%37%62%44%7C%43%37%58%79%4C%31%31%23%33%31%62%45%20%43%2F%5E%46%5A%36%4C%2D%62%42%20%68%47%7C%51%79%58%5E%46%7C%51%5A%44%37%20%73%51%79%58%73%75%46%3C%2C%55%2C%6C%46%36%39%20%36%46%51%5B%20%20%51%79%58%51%79%58%5D%51%58%79%37%41%5A%4C%29%62%42%2F%68%45%28%37%62%42%39%58%79%51%7C%7C%2C%33%31%43%49%4E%45%3E%46%5E%58%79%51%5A%20==%31%30%30=%30
45acbfbc-d2f6-4529-a02d-4ef982a3dfe1,irealb://%57%68%65%65%6C%73%20%2D%20%46%6C%69%6E%6E%65%72=%47%72%61%6D%20%50%61%72%73%6F%6E%73%2C%20%43%68%72%69%73%20%48%69%6C%6C%6D%61%6E==%50%6F%70%20%2D%20%43%6F%75%6E%74%72%79=%47==%31%72%33%34%4C%62%4B%63%75%37%47%7C%51%79%58%54%34%34%47%58%43%7C%51%79%58%44%7C%51%79%58%2D%45%7C%51%58%79%47%7C%51%79%58%43%5A%4C%20%6C%63%4B%51%79%58%79%51%7C%43%2C%41%2A%2C%5B%51%79%58%2D%45%37%58%79%51%7C%5D%51%79%58%47%7C%51%79%58%47%7C%51%79%58%7C%44%51%79%58%47%5A%4C%43%20%47%7C%51%79%58%43%5B%2C%2A%42%2C%47%7C%51%79%58%79%58%47%7C%51%7C%47%58%79%51%79%58%47%7C%51%79%58%43%7C%51%79%58%43%7C%79%51%58%44%7C%51%79%58%2D%45%7C%51%79%58%47%7C%51%7C%43%58%79%51%79%58%44%7C%51%7C%43%58%79%51%7C%47%58%79%51%7C%44%58%79%51%7C%47%58%79%51%7C%47%58%79%51%5A%20==%30=%30
455852d3-d64e-4101-96f7-6b0723d3ee08,irealb://%49%20%48%65%61%72%20%41%20%52%68%61%70%73%6F%64%79%20%28%43%61%6C%20%43%6F%6C%6C%69%6E%73%29=%46%72%61%67%6F%73%2D%42%61%6B%65%72%2D%47%61%73%70%61%72%72%65==%4A%61%7A%7A%20%57%61%6C%74%7A=%41%2D==%31%72%33%34%4C%62%4B%63%75%37%75%73%39%41%5A%34%41%2D%37%4C%2A%7B%5D%20%6E%5A%4C%2C%37%2D%41%5A%4C%20%72%7C%20%5A%4C%20%7C%72%20%5A%4C%35%23%37%45%5A%41%41%2D%37%4C%33%54%69%2A%5B%75%73%33%31%47%37%4C%5A%47%39%73%75%73%33%31%62%41%5A%4C%37%41%5A%4C%33%62%31%42%5A%4C%35%23%37%42%5A%4C%37%5E%43%5A%4C%4C%5A%78%4C%5A%2D%44%5A%4C%73%37%68%23%46%32%33%4C%5A%42%37%51%79%58%51%79%58%51%79%58%7D%20%39%62%37%5A%45%4C%37%68%42%31%4E%5A%4C%36%43%5A%4C%39%23%58%79%51%7C%4E%31%47%5A%4C%73%5A%4C%39%62%37%39%20%5D%5B%2A%41%5A%4C%78%5A%4C%37%2D%45%5A%4C%39%62%37%5A%42%4C%37%68%23%46%5A%4C%78%5A%4C%37%2D%45%42%2D%39%4C%5A%44%23%37%42%5A%4C%5A%4C%73%75%73%78%4C%5A%42%62%2D%41%41%2A%5B%5D%20%78%5A%4C%2C%39%45%5A%78%4C%5A%4C%73%75%73%39%45%5A%4C%39%41%5A%4C%39%37%4C%5A%41%39%5A%4C%37%5E%47%5A%4C%73%75%73%47%39%4C%5A%43%78%5A%4C%73%75%73%33%31%62%41%5A%4C%37%41%4C%5A%33%31%62%42%5A%4C%35%23%37%42%5A%4C%37%5E%4C%5A%47%31%33%5A%4C%37%2D%44%66%7D%20%78%5A%4C%5A%42%37%23%4C%36%43%5A%4C%39%23%37%42%51%7B%59%5A%20%62%39%37%45%5A%4C%37%68%42%5A%4C%36%43%5A%4C%39%5A%43%36%2C%4C%51%2C%33%31%47%42%37%23%39%20%4C%5A%55%66%43%36%20%20%5A%20=%4A%61%7A%7A%2D%42%61%6C%6C%61%64%20%53%77%69%6E%67=%32%30%30=%33
4540ba6e-2e23-417f-96c3-48460f2a1ebd,irealb://%49%20%57%61%73%20%54%65%6C%6C%69%6E%67%20%48%69%6D%20%41%62%6F%75%74%20%59%6F%75=%4D%6F%6F%73%65%20%43%68%61%72%6C%61%70%20%44%6F%6E%20%47%65%6F%72%67%65==%42%61%6C%6C%61%64=%45%62==%31%72%33%34%4C%62%4B%63%75%37%46%5A%4C%39%23%34%41%2D%37%62%37%2D%47%5A%4C%37%62%42%20%37%2D%46%5A%4C%23%39%37%43%20%37%2D%47%5A%4C%37%2D%62%41%20%35%62%35%20%43%37%34%54%41%2A%7B%79%58%37%2D%46%37%62%35%4C%5A%51%79%58%51%79%58%7D%51%79%58%37%62%42%7C%79%51%58%37%2D%46%31%4E%5A%4C%39%43%20%37%2D%47%20%4C%5A%4E%32%2D%46%20%37%2D%36%62%47%20%37%58%79%51%5D%5B%37%62%44%20%37%2D%62%41%5A%4C%37%62%45%20%5E%37%62%47%5A%4C%37%62%44%20%37%2D%62%41%42%2A%4C%5A%47%62%5E%37%62%42%7C%51%37%2D%62%41%20%20%46%37%4C%5A%41%2A%7C%5D%20%37%62%42%20%37%2D%46%5A%4C%46%37%20%37%2D%43%5A%4C%37%2D%47%20%37%5E%62%42%41%2D%37%62%35%37%2D%43%5A%4C%39%43%20%37%2D%20%43%37%23%39%37%2D%46%20%37%2D%46%5A%4C%39%23%37%43%20%62%35%37%2D%47%5A%4C%37%62%42%20%37%2D%46%5A%4C%62%35%4C%5A%47%37%2D%47%5A%4C%4C%5A%46%2D%37%20%42%62%37%4C%5A%45%62%5E%37%20%45%62%36%20%7C%20==%37%35=%30
4511d7a7-cd44-435f-89c8-f098086d6dec,irealb://%4D%69%6E%6F%72%20%69%69%2D%56%2D%49%20%32%20%42%61%72%20%4D%61%74%72%69%78%20%55%70%20%4D%69%6E%20%33%72%64%73=%4D%69%6E%67%6C%65%64%6F%72%66%66%20%4A%61%73%6F%6E==%4D%65%64%69%75%6D%20%53%77%69%6E%67=%43==%31%72%33%34%4C%62%4B%63%75%37%2D%62%47%5A%4C%47%37%62%39%4C%20%68%62%41%5B%5D%51%79%58%2D%62%45%5A%4C%62%39%37%62%42%20%37%68%46%5B%51%79%58%2D%43%5A%44%62%37%62%39%20%37%68%44%5B%39%62%37%23%46%68%37%20%45%37%5B%51%79%58%2D%62%41%5A%4C%39%62%37%62%45%37%20%68%62%42%5B%5D%51%79%58%2D%41%5A%4C%39%62%43%23%68%37%20%42%5B%51%79%58%62%37%42%20%37%79%51%5D%5B%45%51%79%58%2D%46%5A%4C%39%62%37%43%20%37%68%5B%47%51%79%58%2D%44%5A%4C%39%62%37%41%20%37%68%5D%5B%46%23%68%58%2D%42%5A%4C%62%41%20%37%68%58%79%51%5B%41%58%2D%62%42%5A%4C%39%62%37%46%20%37%68%43%5D%5B%51%79%58%2D%47%5A%4C%39%62%37%44%20%37%68%79%51%5B%45%62%2D%45%5A%4C%39%37%62%39%4C%5A%44%62%2D%58%79%51%5D%20=%4A%61%7A%7A%2D%4D%65%64%69%75%6D%20%53%77%69%6E%67=%31%30%30=%39
45132d23-920a-4dbb-a85f-8a8c1ac4730b,irealb://%49%66%20%49%20%68%61%64%20%41%20%42%6F%61%74=%4C%6F%76%65%74%74%20%4C%79%6C%65==%4D%65%64%69%75%6D%20%53%77%69%6E%67=%43==%31%72%33%34%4C%62%4B%63%75%37%36%36%2A%3C%5B%34%43%58%79%51%3E%70%72%61%68%73%32%65%62%20%3A%72%72%41%37%34%2A%3C%7C%51%79%58%43%7C%51%79%58%37%47%7C%43%58%79%51%5D%32%54%69%2A%5B%5A%4C%43%5A%4C%75%73%3E%43%2C%4C%78%5A%4C%43%5A%4C%37%47%5A%4C%2D%41%5A%78%4C%5A%4C%43%5A%4C%43%5A%4C%46%5A%4C%78%5A%4C%5A%46%4C%5A%43%72%6F%68%43%20%4C%37%47%5A%4C%4C%5A%78%20%5D%5A%4C%43%5A%4C%46%5A%4C%78%5A%4C%43%6C%3E%73%29%28%65%73%72%65%56%20%32%37%2A%3C%41%2A%7B%43%4C%5A%41%2D%43%5A%4C%37%47%4C%78%5A%4C%43%4C%5A%78%4C%5A%68%43%20%20%32%37%2A%3C%42%2A%5B%5D%20%43%4C%5A%37%47%5A%4C%78%5A%4C%43%5A%4C%43%5A%4C%46%6F%72%75%73%3E%43%5A%4C%78%5A%7D%20%3E%78%33%4C%5A%43%4C%5A%5A%4C%37%47%5A%4C%43%5A%4C%43%5A%4C%46%5A%78%4C%5A%4C%43%5A%4C%37%47%5A%4C%2D%41%5A%4C%78%43%4C%5A%78%3C%43%5A%4C%46%5A%5B%51%43%4C%5A%47%37%4C%5A%43%4C%5A%78%20%5A%20=%50%6F%70%2D%52%6F%63%6B=%31%30%32=%31
4514ce23-1886-4692-9809-a15f2b78cae7,irealb://%4A%6F%68%6E%27%73%20%41%62%62%65%79=%50%6F%77%65%6C%6C%20%42%75%64==%55%70%20%54%65%6D%70%6F%20%53%77%69%6E%67=%45%62==%31%72%33%34%4C%62%4B%63%75%37%37%62%45%20%37%34%45%62%5E%37%37%62%42%20%37%2D%46%5A%4C%37%62%47%20%37%47%2D%5A%4C%37%62%42%20%37%2D%46%5A%4C%37%43%20%4C%5A%42%62%2D%34%54%41%2A%7B%6C%63%4B%51%79%20%44%62%37%4C%4E%5A%4C%20%51%79%58%51%79%58%7D%20%37%62%20%42%37%2D%46%5A%4C%37%43%20%37%2D%47%31%4E%5A%32%45%62%36%58%37%62%41%5A%4C%79%58%37%62%43%2A%42%2C%45%62%46%7C%51%79%58%37%62%44%5A%4C%20%6C%63%4B%79%51%58%37%62%41%5A%4C%20%6C%63%4B%51%79%58%37%37%58%79%51%7C%2C%5B%5D%20%20%2D%62%42%5A%4C%58%79%51%5D%5B%2D%46%5A%4C%37%43%20%37%2D%47%5A%4C%37%62%20%42%37%2D%46%5A%4C%37%43%20%37%5E%62%45%41%2A%37%20%42%62%37%37%62%42%7C%51%37%20%45%62%37%4C%5A%41%62%37%20%44%62%37%4C%5A%46%2D%37%20%42%62%37%4C%5A%45%62%36%58%79%51%5A%20==%30=%30
4551be40-0fcb-408f-b899-2fb54534b21a,"irealb://%4D%6F%6E%65%79,%20%6D%6F%6E%65%79%20(%4C%69%7A%61%20%4D%69%6E%6E%65%6C%6C%69)=%4A%6F%68%6E%20%4B%61%6E%64%65%72%20%46%72%65%64%20%45%62%62==%4D%65%64%69%75%6D%20%53%77%69%6E%67=%45%62==%31%72%33%34%4C%62%4B%63%75%37%46%5A%4C%78%5A%34%6E%4C%5A%6E%5A%4C%78%5A%4C%78%5A%4C%62%45%73%41%2A%5B%20%20%51%79%58%51%79%58%5D%20%6E%5A%4C%6E%5A%4C%78%4C%5A%78%4C%34%54%69%2A%5B%4C%37%47%5A%4C%7C%43%2D%4C%5A%31%62%42,%2D%46%5A%4C%78%5A%4C%78%5A%4C%5A%78%4C%78%5A%4C%78%5A%4C%62%45%7C,%62%42%20%31,%7C%47%2D,+%47,%2D%4C%78%5A%4C%37%79%51%58%79%51%4C%2D%43%5A%4C%78%5A%4C%37%47%5A%4C%78%5A%2D%4C%43%5A%4C%78%5A%4C%43%42%2A%5B%20%51%79%58%5A%78%4C%5A%47%58%5D%20%43%5A%51%79%58%51%79%78%4C%5A%41%37%42,%37%46%7C,%6F%23%43,%2D%44%5A%4C%5A%78%4C%78%5A%4C%78%5A%4C%2D%44%5A%4C%78%5A%4C%62%37,%5B%58%5A%4C%2D%43%5A%62%45%7C,%37%45%62%4C%5A%78%46%7C,%37%43,%2D%47%7C,%37%62%42,%46%2D%5A%4C%78%5A%4C%78%5A%4C%78%5A%4C%78%5A%4C%2D%37,%42%62%41%2A%5B%20%20%2D%43%5A%4C%78%58%79%51%58%79%2A%5B%20%20%51%79%58%51%79%58%5D%20%78%5A%78%4C%5A%4C%78%5A%4C%2D%43%43%2A%5B%51%79%58%51%42%47%37%4C%5A%51%79%58%5B%20%4C%37%42%5B,%47%37%4C%5A%78%5A%4C%78%5A%4C%37%41%5A%4C%78%5A%4C%2D%44%4C%5A%78%5A%4C%37%41%5B%20%78%5A%4C%2D%43%5A%4C%44%2D,%41%37%5A%4C%78%5A%4C%5A%45%4C%5A%78%4C%5A%78%4C%5A%78%4C%5A%78%4C%5A%78%4C%5A%46%23%2D,%42%37%5A%20==%30=%30"
4561fcfa-f166-4a36-9fb3-4c32192d6689,irealb://%4D%79%20%4C%69%74%74%6C%65%20%47%69%72%6C=%4D%63%47%72%61%77%20%54%69%6D==%4D%65%64%69%75%6D%20%42%61%6C%6C%61%64=%45==%31%72%33%34%4C%62%4B%63%75%37%51%79%58%43%3E%34%3C%31%33%34%5A%4C%47%20%46%7C%51%79%58%2D%41%5A%4C%47%46%20%7C%51%79%58%2D%41%3E%33%31%33%34%34%34%34%7B%2A%76%3C%20%34%54%69%2A%5B%2C%2D%44%73%20%79%51%7C%44%2D%79%58%46%7C%51%79%58%2D%44%7C%51%79%58%42%47%2F%7C%51%79%58%43%7C%51%79%58%46%7C%51%79%58%51%7C%2A%43%43%58%42%2F%47%7C%7C%51%79%58%47%6C%46%20%73%43%58%46%7C%51%79%58%2D%41%5A%4C%47%20%73%75%47%73%7C%51%79%58%43%6C%7C%2C%2D%44%73%2C%45%2F%79%51%7C%43%2F%7C%2C%45%2F%43%41%7C%51%79%58%4C%5A%3C%31%33%20%73%75%73%47%7C%51%79%58%46%42%2A%7C%7D%47%20%20%46%7C%51%79%58%2D%41%3E%34%34%34%34%34%47%4C%5A%45%2D%6F%23%47%20%47%20%43%43%2A%5A%4C%5A%46%20%43%51%79%58%23%46%2F%44%5A%4C%47%20%2D%41%5A%47%4C%20%46%5A%4C%45%2F%43%20%2D%44%5A%4C%45%2F%7C%46%20%47%4C%47%2F%43%20%2D%47%2F%43%7C%51%2F%45%2C%7C%6C%79%58%2D%41%5A%4C%47%20%73%75%73%47%7C%51%58%79%43%6C%7C%2C%2D%44%73%2C%45%2F%43%73%20%46%51%7C%46%58%79%43%2C%2D%44%73%58%79%51%7C%47%20%47%23%6F%4C%5A%3C%31%33%34%34%34%34%34%3E%41%2D%58%79%51%7C%46%20%47%4C%5A%43%58%79%51%7C%46%20%47%4C%5A%59%66%43%58%79%51%5A%20==%30=%30
456e5e0f-bf77-4796-8f88-a7e81d3773b8,irealb://%50%69%6C%65%20%55%70%20%53%74%61%63%6B=%49%74%6F%20%4B%65%6E%6A%69==%4D%65%64%69%75%6D%20%53%77%69%6E%67=%41%2D==%31%72%33%34%4C%62%4B%63%75%37%46%5A%4C%2D%41%2D%2F%47%23%4C%4C%47%20%47%2F%2D%41%5A%4C%23%47%2F%2D%41%2D%20%41%5A%4C%23%46%2F%2D%41%20%47%2F%2D%41%5A%5A%41%2D%4C%5A%41%20%2D%41%5B%4C%37%5E%62%42%41%2D%4C%5A%41%4C%47%5A%4C%37%2D%44%5A%4C%47%5A%4C%37%2D%6C%44%7C%2C%37%2D%45%73%2C%47%5A%4C%46%5A%4C%2D%5A%42%62%4C%5A%5A%4C%47%5A%4C%2D%41%73%5A%4C%4C%5A%45%4C%5A%2D%44%6C%7C%2C%37%2D%45%2C%37%5E%46%73%5A%47%4C%2F%2D%41%5A%4C%23%47%2F%2D%41%5A%4C%2D%41%37%2C%4C%5A%45%73%75%73%45%5A%2C%41%2D%2F%47%2C%7C%6C%41%2D%2F%46%23%4C%5A%44%2D%20%44%2D%2F%43%23%4C%5A%44%2D%2F%43%20%44%2D%2F%42%4C%5A%45%73%75%73%4C%5A%45%20%5D%20=%50%6F%70%2D%44%69%73%63%6F=%31%35%30=%33
458dcf7a-8877-4fc9-aa8e-5545a5e40105,"irealb://%52%61%69%6E%62%6F%77%20%50%65%6F%70%6C%65,%20%54%68%65=%47%6F%72%64%6F%6E%20%44%65%78%74%65%72==%4D%65%64%69%75%6D%20%55%70%20%53%77%69%6E%67=%45%62==%31%72%33%34%4C%62%4B%63%75%37%7C%51%79%58%37%34%45%62%5E%37%42%20%37%2D%23%46%5A%4C%37%2D%46%20%37%2D%5A%47%4C%37%2D%46%20%37%2D%47%5A%4C%37%2D%46%20%37%4C%5A%46%2D%34%54%41%2A%7B%20%37%2D%43%5A%51%7C%4E%31%45%5E%62%45%32%4E%5A%4C%20%51%79%58%51%79%58%20%7D%37%62%42%20%37%2D%46%5A%4C%37%43%20%5E%62%20%44%62%37%4C%79%58%37%62%42%79%58,%37%43%5B%2A%42%42%62%47%7C%51%79%58%31%31%23%37%62%41%7C%51%79%68%58%41%7C%51%79%58%37%62%45%7C%51%79%58%37%2D%37%58%79%51%7C%5D%20%37%2D%42%2D%23%46%5A%4C%79%51%7C%42%62%2D%47%5A%4C%37%2D%46%20%37%2D%47%5A%4C%37%46%2D%20%37%5E%62%45%41%2A%7C%5D%51%79%58,%37%37%20%46%2D%37%58%37%46%7C%51%37%20%42%37%4C%5A%46%2D%37%58%79%51%7C%42%62%37%58%79%51%7C%45%62%5E%20%43%37%4C%5A%46%2D%37%20%42%62%37%20%5A%20=%4A%61%7A%7A%2D%4D%65%64%69%75%6D%20%55%70%20%53%77%69%6E%67=%31%31%32=%33"
458a1fc5-07ec-433d-bbed-f67594e514d0,"irealb://%52%61%70%74%75%72%65=%48%61%72%72%79%2D%53%74%65%69%6E==%46%75%6E%6B%79=%45%2D==%31%72%33%34%4C%62%4B%63%75%37%51%79%58%37%2D%34%20%6E%20%4C%37%2D%45%7C%51%79%58%37%2D%45,%53,%7B%20%5D%20%6E%20%5A%4C%20%6E%20%5A%4C%20%6E%20%5A%58%79%51%7C%45%34%54%69%2A%5B%20%20%38%36%2A%79%51%7D%59%7B%7D%51%79%58%37%2D%45%7C%51%79%58%37%2D%45%51%7C%79%58%37%2D%45%7C%51%79%58%37%2D%45%41%2A%59%5B%2A%76%3C%58%37%2D%45%7C%5A%4C%41%20%46%68%65%79%27%72%20%43%5A%4C%41%20%46%3E%2E%2E%2E%79%6C%74%67%68%69%6C%20%67%6E%69%70%2D%70%65%74%73%20%65%45%2D%37%4C%5A%74%20%64%6E%41%43%20%47,%53,%20%5A%20==%30=%30"
45ca1f7c-33ee-4c78-a0f9-5c96847376a4,"irealb://%53%65%73%61%6D%65%20%53%74%72%65%65%74%20%54%68%65%6D%65%20(%43%61%6E%20%59%6F%75%20%54%65%6C%6C%20%4D%65%20%48%6F%77%20%54%6F%20%47%65%74%20%54%6F%20%53%65%73%61%6D%65%20%53%74%72%65%65%74)=%52%61%70%6F%73%6F%20%4A%6F%65==%4D%65%64%69%75%6D%20%53%77%69%6E%67=%43==%31%72%33%34%4C%62%4B%63%75%37%37%46%5A%4C%20%34%43,%57%2F%53%41%2A%7B%5D%20%20%78%20%5A%4C%20%78%20%4C%5A%20%6C%63%4B%47%2F%57,%47%2F%2D%44,%43%43%37,%20,%34%54%69%2A%5B%7C,%37%47,%5A%43%37,%20%37%47%5A%4C%20,%20,%37%46%5A%4C%20,,%20%37%43%5A%4C%20,%20,%37%46%5A%4C%20,%20%73%41%2D%37%4C%20,%20,%4B%47%2F%57,%2D%37,%47%37%43%2F%57,%43%6C%7C,%37%46,%37%62%42,%6E%37%47%73%7C%51%79%58%37%46%6C%7C,%42%2F,%44%2D%2F%47%41,%37%47%6E%7C%51%79%58%41%58%79%51%72%7C%2F%44%7C%51%79%58%41%42%2A%5B%20%20%51%79%51%58%79%58%7D%20%3E%65%6E%69%46%3C%51%51%79%58%41%58%79%51%7C%5A%4C%20%6C%63%51%41%2A%5B%59%51%7C%41%20%44%20%20%6E,%41%3E%65%6E%69%46%20%6C%61%20%53%2E%2E%44%3C%5A%4C%45%2F%44%20%41%5A%4C%45%2F%5A%58%79%51%20%79%58%41%2F%44%47%6E%7C,%37%7C%46%37%58%79%73%20%37%47%7C%51%79%58%37%46%7C%51%79%58%43%37%7C%51%79%58%37%46%7C%51%79%58%37%43%7C%51%41%2D%37,%47%51%79%58%37%43%6C%63%4B%47%2F,%47%37%2F%42%44,%43%2F%57,%43%6C%7C,%37%46,%37%42%62%6E,%37%47%73%7C%51%79%58%37%46%6C%7C,%2D%2F%47,%57%37%2D%41,%37%20%4C%5A%58%79%51%72%7C%58%79%51%4C%5A%43,%57%2F%43,%44%2D%2F%47,%57%2F%47,%7C%55%43%58%79%51%5A%20=%50%6F%70%2D%53%6C%6F%77%20%52%6F%63%6B=%31%33%35=%33"
45c0ccfc-0a74-4494-a9b4-a425bdb57c74,irealb://%53%74%65%70%20%49%6E%74%6F%20%43%68%72%69%73%74%6D%61%73%20%31%2E=%4A%6F%68%6E%20%45%6C%74%6F%6E==%50%6F%70%20%52%6F%63%6B=%44==%31%72%33%34%4C%62%4B%63%75%37%4C%44%34%34%54%79%51%7C%41%58%32%54%20%5A%4C%20%47%5A%4C%78%5A%4C%20%44%2A%41%7B%7D%51%79%58%41%7C%51%79%58%44%7C%51%79%34%47%4C%5A%20%58%44%69%2A%7B%79%58%44%7C%51%20%4C%5A%78%4C%79%58%37%2D%41%42%2A%5B%5D%20%78%5A%4C%44%34%34%54%20%5A%4C%47%34%32%54%20%5A%4C%20%47%5A%51%7C%47%58%79%44%5A%4C%78%5A%51%79%58%47%5A%51%7C%41%2D%37%51%79%58%44%43%2A%5B%5D%20%78%5A%4C%20%37%5A%41%4C%78%5A%4C%20%37%45%5A%4C%20%47%5A%4C%20%4B%63%6C%20%4C%79%58%41%7C%51%2F%47%5A%4C%44%51%7C%44%20%4C%20%3E%61%64%6F%43%20%6F%54%3C%51%78%5A%4C%37%20%41%5A%4C%20%37%45%5A%4C%20%47%5A%4C%78%5A%7D%59%5B%2A%44%79%58%37%41%7C%20%6C%63%4B%51%44%4C%5A%44%4C%59%5D%20%78%3E%61%64%6F%43%20%6C%61%20%2E%2E%43%44%3C%5A%4C%37%41%5A%4C%45%5A%4C%2D%42%5A%7B%51%44%58%79%2F%41%5A%4C%44%4C%5A%47%58%79%51%7C%41%37%58%79%51%7C%44%20%4C%5A%78%4C%5A%47%20%4C%5A%45%37%20%4C%5A%41%37%20%4C%5A%78%20%7D%20=%50%6F%70%2D%52%6F%63%6B=%31%34%30=%30
45e9bf6a-12a2-4eda-bf90-c20de90ef5d1,irealb://%53%74%75%64%79%20%23%31%33=%43%6F%6D%70%6F%73%65%72%20%55%6E%6B%6E%6F%77%6E==%4D%65%64%69%75%6D%20%53%77%69%6E%67=%41==%31%72%33%34%4C%62%4B%63%75%37%42%2C%2B%23%46%41%36%20%41%6F%4C%20%6C%63%4B%51%79%58%39%42%7C%2C%37%2D%46%23%2C%39%62%37%23%43%20%36%41%7C%2C%36%41%2C%5A%42%2D%37%20%73%34%34%54%5B%37%2D%23%43%32%39%20%45%6F%2C%79%58%51%79%58%7D%20%37%45%20%37%2D%42%5A%6F%4C%43%20%23%43%2F%41%31%4E%7C%2C%44%2F%39%45%51%20%4C%5A%4E%45%7C%2C%37%2D%36%44%5A%4C%37%2D%37%2C%45%37%7C%51%79%58%41%7C%51%79%58%6F%62%45%7C%51%58%79%36%44%5B%5A%4C%37%41%20%36%41%7C%2C%39%62%45%2D%37%20%41%42%2C%6F%43%2C%39%62%37%23%43%62%6F%58%79%51%36%41%2C%6F%41%20%36%41%5B%5A%4C%37%45%20%42%39%7C%2C%39%62%37%23%46%2C%39%23%46%20%41%7C%2C%7C%41%36%20%45%7C%51%79%58%6F%43%2C%37%2D%2C%7C%42%39%58%2F%39%45%2C%6F%45%20%39%45%7C%2C%37%2D%42%2B%2C%23%46%20%37%2D%42%5A%4C%20%6C%63%4B%51%79%44%2C%7C%43%23%37%2D%23%46%2C%2C%42%2D%37%2C%45%37%62%39%2C%7C%41%36%58%79%51%5A%20==%30=%30
45fdd0a4-79a3-43b2-97f3-533eeaa51516,irealb://%53%74%75%64%79%20%23%31%34%41=%43%6F%6D%70%6F%73%65%72%20%55%6E%6B%6E%6F%77%6E==%4D%65%64%69%75%6D%20%53%77%69%6E%67=%46==%31%72%33%34%4C%62%4B%63%75%37%2C%37%2D%43%2C%46%5E%20%47%2D%41%5A%4C%37%2D%47%20%5E%46%7C%2C%35%62%37%2C%43%37%2D%47%2C%6F%62%41%2C%37%2D%41%5A%4C%37%2D%37%2C%42%6F%73%34%34%54%5B%20%46%31%4E%7C%7C%42%62%5E%20%2C%43%2F%37%2D%47%20%37%2D%47%5A%4C%39%62%44%37%20%37%2D%41%7C%2C%39%62%45%2C%37%2D%62%42%43%37%62%39%2C%2C%39%62%37%46%47%20%43%2F%46%37%7D%58%79%51%36%62%42%7C%51%79%58%36%62%42%5B%7C%2C%37%20%46%20%46%32%4E%7C%51%79%58%51%79%58%51%79%58%20%42%6F%4C%5A%43%2C%37%2D%47%5A%4C%37%43%20%2C%7C%46%20%46%6F%62%41%20%37%2D%41%7C%2C%39%62%37%45%2C%42%68%20%36%62%42%7C%51%79%58%36%62%42%5A%4C%37%4C%5A%47%2D%37%37%43%2C%37%2D%62%37%46%2C%37%47%2D%37%4C%5A%2C%37%2D%41%5A%4C%37%2D%47%20%5E%46%7C%2C%62%35%37%43%2C%37%2D%47%2C%6F%62%41%2C%37%2D%41%42%6F%2C%43%2D%20%5E%46%73%5B%39%2C%7C%42%62%5E%20%42%62%2D%37%2C%45%62%39%2C%7C%41%2D%37%20%44%37%62%39%4C%5A%47%2D%37%20%47%2D%37%2F%43%2C%43%37%62%39%2C%7C%46%58%79%51%5A%20==%37%30=%30
453685d0-2db6-436b-8c31-63bd4fa2ff7f,irealb://Amico%20Che%20Voli=Crescenzo%20De==Medium%20Swing=A=9=1r34LbKcu7%23CZL7%2A7%2B%2ALZL7EZL%2DBZL%2D%23FZ7LA%7C%2CE%2C%2DB%7C%2CE%2C%2DBZB%2DLZEA44T%5B%3EaforLZD%2A7LEZLAZL%2DDZL%2DBZ%2DL%23FZL%2D%23CZLEZL%2A%2BZ%3C2st7AZL%2D%2DBZLELZELZL%2A%2B7%2AAZLEZLAZLD%2DZL%2DBZL%2D%23FZL%2D%23CZB%2DLZ%2A%2B7%2AD%2ADZLEC%23%2DLZ%2DDZL%2DBZL%2D%23FZL%2DC%23ZLEZL%2A%2B7%2ADZL%23FLZALZZLEZLv%20ole%3CSolo%3CZL%2DDZL%2DBZL%2D%23FLZ%2D%23CZLE%3Eacisum%20Il%20ciZL%2A%2B7LGZL%2DpezziZLCZLCZLGZL%2DDZ%2DLAZLCZLCZLEZLA%3EA%2DLZD%20ni%20aZLFZLGLZE%2DZL%2DFZL%2DDZL%2DAZLE%2DZLGZLF%7C%2CA%2CbBZLCLZC7ZL%2DDZ%20ZL%20ZZE%2DLZZL%20ZL%20ZL%20ZLCZLZGLCZL%2DFZL%2DDZL%2DA%20LZ%20LLCZLGLZ%20LZ%20LZ%20LZ%20LZ%20LZ%20LZ%20%20Z%20=Jazz%2DMedium%20Swing=100=3
45779054-9542-47ed-ab38-fb3936326145,irealb://%C4%8Carda%C5%A1%3DComposer%20Unknown%3D%3DMedium%20Swing%3DD-%3D%3D1r34LbKcu7%28%20%29C%284D-XyX7Cl%7B%7D%2C-D%2C7As%20D-%7CQyX7A%7CQyX-G%7CQyQ%7CF%204Ti*%7B*%7B%7D%2C-%29%7CA7X%20-D%7CQyX7A%7CQyX-%7CDQyX-G%7CQyX-D%7CQysA7%2CDA%28%20%29FGZL%20lD-XyQ-GZL%20lcKQyX-DZ%20LlcKQyX-DZL%20lcKXyQKcl42TA7CB*%7Bcl%20LZDZL7A%20-DZL%20lcKyQX7AZL%20lcKQyX-D-XyQ%7DKQyX-%23C/AZLZC7/%20%23C/7AZLC/F%20A/ZFLC/F%20FZLE/7C%20GA7/ELE/7C%207AZL%20D-%20D-X-DZL%20lcKQyX-GLZA/-D%20bB/-DZLC/yQKclZL7A%20XyQKcl%20LZD-%20A7LZD-%2CXyQ%7D%20%3DJazz-Medium%20Swing%3D100%3D3
45a2bda1-4db6-402a-8b7a-82d45611e12c,irealb://%D0%A7%D1%82%D0%BE%20%D0%A2%D0%B0%D0%BA%20%D0%A1%D0%B5%D1%80%D0%B4%D1%86%D0%B5%20(%D0%92%D0%B5%D1%80%D0%BD%D1%8B%D0%B5%20%D0%94%D1%80%D1%83%D0%B7%D1%8C%D1%8F)%3D%D0%A5%D1%80%D0%B5%D0%BD%D0%BD%D0%B8%D0%BA%D0%BE%D0%B2%20%D0%A2%D0%B8%D1%85%D0%BE%D0%BD%3D%3DMedium%20Up%20Swing%3DC-%3D%3D1r34LbKcu77C%207-G7%235LD%2FbE%207%5EbEZL7%5Eb%20A7-CZL5%237G%207-CZbLZBb%207-C%5B%2F-CZL%20Dh7L-FZL7C%207-bB%7CQy7X-CZL5%237G%20G%2F-CZ7%20Dh77-FZLG%20G7%235LZC-7XyQ%5D%20%3D%3D0%3D0
45be0cc9-c2a2-4f75-96c0-443108ae11f5,irealb://%D0%A3%D1%82%D1%80%D0%BE%20%D0%98%20%D0%92%D0%B5%D1%87%D0%B5%D1%80%3D%D0%9C%D0%B0%D1%82%D0%B2%D0%B5%D0%B9%20%D0%91%D0%BB%D0%B0%D0%BD%D1%82%D0%B5%D1%80%20%D0%92%D0%B0%D1%81%D0%B8%D0%BB%D0%B8%D0%B9%20%D0%9B%D0%B5%D0%B1%D0%B5%D0%B4%D0%B5%D0%B2-%D0%9A%D1%83%D0%BC%D0%B0%D1%87%3D%3DMedium%20Swing%3DC-%3D%3D1r34LbKcu7LhD%2074C-7XbE%207-CZL7G%20hD%7CyQX7-CZL7G%20hD%7CQy7LZAb4TA*%7BX7-CZ7/G%20s-C2NZL%20QyXQyXYQ%7DyX7-Cl%7C%2C7G%2C7bA7%20G7L-C1NZGZL7bBC7XyL%20lcKQyXo%23FZL%20clKQyX7-FZL%20lcKQZG7%20A*%5B%5DQy%207bAZ%7CT44C7-CZL7G%20hD%7CQyX-7CZL7G%20hD%7CQyX7-%20Eb7L%5DQyX7DhLZC-7%20G7LZC-7XyQZ%20%3DJazz-Medium%20Swing%3D100%3D3
45ed8263-15e6-496c-a77d-7cb53b0969dc,irealb://%D7%92%D7%A2%D7%92%D7%95%D7%A2%3D%D7%A8%D7%99%D7%99%D7%9B%D7%9C%3D%3DPop%3DC%23-%3D4%3D1r34LbKcu7A%2Fh%23D-XyQ%7C%23CA*%7B%7CQyXA%2Fh%23DQ%7CyX-%23C%7CQyXA%2Fh%23D-XyQ%7C%23Ci*%5BB*%5B%7DQ%23-XyQB%20-%23C%7CQyX%23G%2F7%5E%7CEQyXE%7CQyXA%2Fh%23D%7CLZAXyC%7CQyXG%2FE%20AE%5E7%2FG%2F7%5EE%7CQyX-%23C%7BQy-X%23FZL%23G%2FE%20AQyX%23G%23XyQ%7CQyXEyXA%2Fh-%20%20%3C*X-%23C%7CQyXA%2Fh%23D%7CyQX-%23Ci*%5B%7D%20%3Ex390yQ%7CD%23%23FZL%23QyX%23G%23-XyQQyXE%7CQyXA%2Fh%23D%7CyQX-%23C%7CQyXA%2Fh%23D%7C%7CE%5E7%2FCA*%7CQyX-%23CBLZAX%23FZL%23G%2FE%20AQyX%23%2FG7%5EE%7CQyXEB*%5BZQy-XyQ%7B%20-%23C%7CQ%7CE%5E7%2FG%23XyQA%20E%2FG%23LZF%23-%20%20%3C*093x%3E%20%7D%20%3DPop-Rock%3D115%3D1
45710414-d4b4-49dd-a0ae-cbc6dc9346cf,irealb://%D7%9C%D7%A7%D7%97%D7%AA%20%D7%90%D7%AA%20%D7%99%D7%93%D7%99%20%D7%91%D7%99%D7%93%D7%9A%202%3D%D7%9B%D7%A1%D7%A4%D7%99%20%D7%9E%D7%AA%D7%99%3D%3DLatin%3DD-%3D5%3D1r34LbKcu7%7CQyX-%5E7XyQ%20QyX%5D%20%2C7A%20%2CbA%2Fb7BZL%2CF%2F-D%20%2ChEl%7C%5B*ClDbB2N%5BQyX7hyQ%7CBh7o%23D%7CQyX-D%7CQyXo7%23C%7CQyXC%2FF%7CQyX7XyQ%7CEX7%5EbBB%7CQyXXyQ%7ClQyXA%2F-D%7CQyX7o%23lG%7CQyX-G%7CQyX7o%23F%7CBb%5E7F%2F-D%7CG%7CQyX%7CF%2FCXQyXF%2F-D%7CQyXhE%7CyQX-D%5BQyX7o%23C%7CQy%7CF%23o7QyX7hX7o%23ClG%23o7%2FF%7CQyX7hB%7CQyX7b%5EB%7C%5DQyXA%2F-D%7CQyXCXyQ%7C%7CQyX-hEl%7CQXyQ%7Cl%7CQyX-DZL7A%20F%2F-%7CDQyX7hE%7CQyX7o%23DBb%5EXy-D%7CQyoC%20laF%2CLZB%3C%20%20-DlZL%2CsusD%20-%2CDlZL%2C7A%20%2CbA%2F7bD.C.%20%2F-D%20%2CX-DlZXyQ%20Y%2CbA%2F7bBZL%2CF%2F-D%2C%20hEl%7CQyX7%5EbBQ%7BY%20A7%2CLZ%20%3EadyQ%7D%20%3DJazz-Latin%3D180%3D3
45d9052a-4cb7-4fa0-8aa3-c689b4b6f4f6,irealb://%E3%83%AD%E3%83%83%E3%82%AF%E3%83%9E%E3%83%B3X%20%E3%82%A2%E3%83%BC%E3%83%9E%E3%83%BC%E3%83%BB%E3%82%A2%E3%83%AB%E3%83%9E%E3%83%BC%E3%82%B8%3DComposer%20Unknown%3D%3DRock%3DC%3D%3D1r34LbKcu7FZLG/7%20GLZZLG%207FZLG/-A%20-ZALG%207FZLG/-A%20-AA-%20A-F44T%7B%20-A%7CQA-%20A-G/-A%20-A%7CQyXFZL/G-A%20-A%7CQyXFZLG/LZFXyZLG%207yX7%5EFZFXyQA%20-A%7CQyX7-E%7CQyGX%7CQyX7%5EFZL-A%20G%7C-/GLZLG/-AA%20-A%7CQ%7CE-7FZLG/-A%20-A%7CQyX%5E7FZLG/-A%20-A%7CQyX%5E7XyQyXG%7CQ-/GLZF%5E7XyQ%7CA-%20A-/GLZF7%20GLZA-%20A-/G%20%7D%20%3DPop-Rock%3D136%3D1
45f26638-511a-4484-99c3-2bcfe81c7094,irealb://%E8%A6%8B%E4%B8%8A%E3%81%92%E3%81%A6%E3%81%94%E3%82%89%E3%82%93%E5%A4%9C%E3%81%AE%E6%98%9F%E3%82%92%3DComposer%20Unknown%3D%3DPop%20Ballad%3DD%3D%3D1r34LbKcu7%23F%20D%7C4DXyQ%7CQyXD%7CQyX7A%7CQyGXZL%2BG%20-E%7CQyX7B%7CA7XyQ4TA*%5BE%7CQyXB7LZEyX7E%7CQyX-%23FB*%7CQ%7DyXDZL7A%20D%7CQyX-Q%7CF%23-%20-BZL7XyQ%7CF%23-XyQ%7CE7XyQ%7CAXyQ%7CA7XyQZ%20%3DPop-Rock%3D115%3D1
45a59483-0a61-493b-a747-0414e23a9d5c,irealb://Cakewalkin'%20Babies%20From%20Home%3DChris%20Smith%2C%20Henry%20Troy%2C%20Clarence%20Williams%20%281924%29%3D%3DMedium%20Swing%3DBb%3D%3D1r34LbKcu7ZL-GZ*74Ve7FZL7CZLxZLxZLZxLxZLxZLbBs%3EesrLZD7L%3C44T%5BZL%20lc-7LZCFl%3EsurohC47*%3C%5B%5DY%207FZL7bGZLxZL77XyQKGZL7Dx%20ZL%20%20x%20LZlcKQyX7CZL%20lcKyQX7GZL%20lcKQyXbB%20LZ%20xZL%20x%20BZL%20xXyQKc%20ZL%20lcKQyX7F%7C%7CyQX7F%7CQyX7bGZL%20lx%20LZ%207CZL%20XbBZLD7XyQZL%20x%20ZL%20lcKQyXEb%7CQyX7bB%7CQyX-G%7CEb%20Eo%7CQyXbX7F%7CQ%20LZ%20xL%20x%20ZL%20x%20ZL%20lcQKyX7FZLoB%20bBZL%20ZC7XylcKQyyQ%7CBbXyQKcl%20%20Z%20%3DJazz-Medium%20Swing%3D100%3D3
450f9a83-ca13-4d18-8861-a78459137b89,irealb://Carry%20Me%20Back%20To%20Old%20Virginny%3DJames%20Allen%20Bland%3D%3DMedium%20Swing%3DF%3D%3D1r34LbKcu7X7C%7CQ4FXyQN%7CQyX7D%7CQyXF%7CQXyF%7CQyXbB%7CQyX7A%7C1G7Xy4TA*%7BZL%20lcQXyQ%20ZL%20lcKQyX7CB*%5BQ%5DyXFZL7C%207G2NZLFXyQKyX%7DQyyXF%7CQZD-7XQyX7A%7CQyXF%2CA*%2C%5D%5BQyX7C%7CQyX7G%7CQy%7CBbXyL7A%20FQ%7CFXyQ%7CD7XyQ%7CG7%20C7LZFXyQ%5D%20%3DJazz-Medium%20Swing%3D100%3D3
459faaed-7336-4876-aa9b-d0a08c3e4e21,irealb://Chimes%20Blues%20%28AKA%20Mournful%20Serenade%29%3DJoseph%20'King'%20Oliver%201923%3D%3DMedium%20Swing%3DBb%3D%3D1r34LbKcu7B%7CQyX44%3C*7X7bG%7CQyXbB%3EbB%20in%20seulb%20rab%20214yQ%7CBbT%5BYYYcKQyX%7CEbXyX7F%7CQyX7C%7CQyX7%7CGQyXbB%7CQyX7bG%7CQyQ%7CBbQyX7bl%20%20%5D%20%3DJazz-Medium%20Swing%3D100%3D3
45f7ea87-bc71-48f7-aff8-e328a3dc7a71,irealb://Bluebirds%20Are%20Singing%20For%20Me%20(PLP-RBB)%3DWiseman%20Mac%3D%3DFolk%3DC%3D0%3D1r34LbKcu7lareGarkinurB%20xiD%7CyaB%20le%7CMs'rekciP%20toL%20gce%20%26%20P06*%3CZLcises%2F%2F%5BiW%206691%20BUP%20ts%201%5D61%20kcarT%7C1%20DCse%20MunoJ%20dd%20ni%201963%2FohtuA%20ZLnemeltenG%20yrtnuoC%20ehT%2Frship%20CER%20%20pu%20ke%20%3EXy%3Eesre%2096*%3C44Tv%7B*%20QyXQyXQyXQyXQ%20%3CpictupsiZL%20x%20C%20pLZZLp%20CZL%20x%20ZLp%20ZGLp%20FZLp%20FZL%20x%20C%20pLZ%5B%20%20n%3EC*%5BQyF%20pLZyXQyX%5D%20p%20CZLp%20ZCL%20x%20ZLp%20GZLp%20FQXyQXZL%20x%20L%20x%20ZhorusL%20x%20ZLp%20GZL%20x%20LZp%20FZL%20x%20ZLp%20C%3EZC%20pL%2096*%3Cp%20C2NLZ%20x%20%20ZLp%20C1NZL%20x%20ZpL%20GZL%20x%20ZLp%20FZLx%20%20%7D%7Cp%20%2CCZLZ%20x%20%20%7DN3C%20pLZ%20x%20%20Z%20%3DPop-Country%3D180%3D1
45162b8f-e470-473b-a9c8-3960fa75427e,irealb://He's%20Got%20The%20Whole%20World%20%28variation%202%29%3Dbe2sharp%20ARR:%3D%3DZz%20Choose%20An%20iReal%20Style%3DC%3D%3D1r34LbKcu7I%20.gnyQ%20%20Sht%20rof%20yek%20orPl%20aeRi%20eht%20tceleis%20soX45*%3Cuoy%20nthe%20%3Ehc%20tsal%20eht%20dn%20aeton%20tsal03*%3C%20ord%20o%20si%20tsi%20org%20pagihT%20%20QyX46*%3CQyQXyXQyXQyXQyX%3E.es%20intnos%20r%2Cydol%20measlP83*%3C%20%3E.gnos%20het%20fo%208%20%2C7%20seruay%20meekil%205*%3CQyhe%20chyXQyXQyX%3E.netsli%20tsuj%20ro%20%2CsdroQXyQXt%20ro%20eht%20d%20If%20i%20erus%20eb%20%2Claco%20vro%20latnemurtsnto%20ad%20QyX6el%20dn*30pini%20eht%20erofeb%20stuj%20seton%20pu-kctro%20a%3C%20%3E3%20yXC%7C%2CA.%3EXy%2C7G44Ti*%5B%20%20QyXyQXQyXQyXQyXQyXQW%2CW%2CW%20rett%5DQyXC%3C%20%3ECXGZL%20lcKQyXCZL%20clKQyX7GZL%20lcKQy7XyQ%7CA*%5B%5DQ%20.%20.%20ole%20wnah%20QyXQyXsih%20yQXQyXni%20QyXdlrods%20.%20hW%3CQ%5Bn%20-%20-%20.%3EsG%202%20tsal%20eht%20tu%20ohctertS%2886*%3C%2C7bars%20.%20%20.%20aef%20Aand%20wZ%20%20U%20C%7Cn%20%20%2CC%7Cn%20%20%2C7G%7Cn%20%20%3E.%29sdro%20%3C*26%20setoQyX%3E%20of%20thot%20gninrael%20sip%20pA%20orP%20laeRi%20e%20show%20erut%20%2C%22noQXyQXN%20rebmuN%22%20yb%20srdohc%20%20QyX47*%3CQyotatiyXQyXtratser%20wanrael%20oT%20.sgno8s4*%3C%20%3Eyalp%20ot%20y%20it%2C%20htonaQyX47%20simpQyXQyXQyXQyX%3E.gsnos%20drohc-3%20elXyQ%3C*htiw%20poP84ple%20s11%20mm%20/gniwS%20ntiaL-zzaJ%20:selyt6%3E%20%3C*maS%20%20tnoC%20%2012/86*%3CQyXQyXQyXQyQXyX%3E211%20opmeT%20.2XyQ%20kcoR-les43he%20voyb%20skcilc%20ni-tunoc%20eht%20fo%20emul%20%3E%20%3C*t%20lorb%3CQyXg%20theXQyXQyX%3E.noci%20erxiM%20orP%20laeRi%20yQXyQnitce%23%3E%20%3DJazz-Latin/Swing%3D116%3D3
45d8e575-fb04-4de4-93b4-9cf5bafddccd,irealb://Mary%20Had%20A%20Little%20Lamb%20%28Version%201:%202-bar%20intro%29%3Dbe2sharp%20ARR:%3D%3DZz%20Select%20An%20iReal%20Style%3DD%3D%3D1r34LbKcu7os%20ruyQ%20%20Atam%20ot%20yek%20orPl%20aeRi%20eht%20tsujdch%20yoX25*%3C%29yek%20t%20is%20drohc%20tsal/eto%20ntsal%20eht82*%3C%20%3E%20%28theI%20.gn%20ortnour%20sT%20%20QyX46*%3CQyXQXyQyXQyXQyX%3E.gnohis%20iy%20fo%20uoy%20edes%20r*%3C%20%3Eot%20%2Cserusame%20owt%20rof%20mhtyh40givivorpQyXQya%20tim.%22A%22%20ta%20mrofre%20pot%20gniraperp%20e%3EXyQXrtxe%20suj%20-Q%20%3C*3C.N%22%20detaiverbab%20%2C%22sdrohC%20oN%228.%22%20-%20yXQyXni%20erthm.%3E-2QyXQyXQyX84*Q%3CyXQyXQyXQyXQyXmeasuyhr%20tZL%207A%20%3EXyQ%20ZL%20D%20A*%5B%5D%20%20n%20LZ%20n%2044Ti*%5B%20%20QyXD%20LZ%20%20:ortihwa%20%20D%20LZnO%20%20QyX64*%3CZ%20%20%2CUDf%20ZL%207A%20ZL%20D%20ce%20inZL%20D%20lddimu%20mig2*%3C%20%3E%20ni%20nettiwr%20sdrohc%20ees%20th2the%20oy%20elQyXQya%20meayX%3EppA%20orP%20laeiR%20eht%20tub%20%2CerusQXyQX%20fo%20em%20eht68XyQninnigeb%20eht%20mrof%20meht%20syalp%20%20g%20of%20*%3CQyXellace.%3E%20%3Crohc%20tsal%20eht%20ervo%20kram%20ehT82*d%20is%20rusaeat-hayQXyQ%28%20%22atamref%22QyXyQX47*%3CQyXQyXQyXfer-mX%3Ea%20d%20ot%20u-%20slalet%20tI%2084*%3C%20%3E.e%22ye%20s'drib%22%20:gnls%20yo%20%20-%20%2926*%3CQin%20%28hQyXQyXQyX%3E.droch/eton%20eht%20%29dloXyQXyatsusyX23*QStyl1%20opmeT%20%2CgniwSd%20allaB-zzaJ%20:se20%3E%20%3CyXQyXQyXQyyQXyQyX%3E231%20opmeT%20%2CiorT%20ratiuG-zzaJQXyQXXQyXQ011%20o*74Xy%2CahC%20ahC%20:abuCn-itaLQyXQyXQyXQ%20Temp%3C%20QyX%3C%20%20Qy6XyQXyXQyX%3E021%20opme%20T%2CeaggeR-poP%20QyQXyQX4*%3C%20%3Eb%23%3E%20%3DJazz-Ballad%20Swing%3D120%3D3
457a61dc-e4b6-42ca-b7a2-0b35446023f6,irealb://Minor%20Blues%20%28Gm%29%20%2D%20DJC%201=Reinhardt%20Django==Gypsy%20Jazz=G%2D=10=1r34LbKcu7%206%2DG%7C69%20%20IZL7bE%206%2DG%7CQyX7ZDL7bE%206%2DGl%3EortnD7XyQ%2A%3Ci%2A%5BQyX6%2DD7XyQeH%20%2047%2A%3CA%2A%5BY%5DQXy6%2DGZL6%2D%23F%206%2DG%7Cad%3ElGZL7bEX7D%7CQZ%20x%20LZL%20lcKQyX6%2DGZLl%20cKQyX6%2DCZL%20x%20ZEb7XyL%20lcK%7CQyX76XyQ%7CE%206%2DGl%3EortuO%20%20yQX27%2A%3CQ%5BY%5DQyX7Db7LZD%2DG%7CQyG%2D6%20Eb7LZD7XyQ%7CG%2D6%20Eb7LZD7XyQ%7CG%2D6%20F%23%2D6LZG%2D6XyQZ%20=Jazz%2DGypsy%20Jazz=160=20
45ca2266-a51c-4d86-877f-2f828bd80916,irealb://008.%20Si%20Maj%20-%20Lab%20Min%3DL.W.%3D%3DMedium%20Up%20Swing%3DB%3D%3D1r34LbKcu7%23F%7CQy4E-7XQyX7%5ED1N%7CQyX7AQ%7CyX7-E%7CQyX7A%7CQy%7CE-7X4TA*%7B%5B%5DQyX%7CB7b9X7%5ED%7CQyX11%237%5EGQ%7CyX7%5ED2N%7DQyX31byQ%7CD6QyX7-yX7A%7C7b5XyE%7CQyX7-B%7CQyX7%5EB-%7CQyX31b9b7%23F%7CQ-7XyQ-%23CB*-B%7CQyXyQ%7CD%7CQyX31b9b7%23F%7CQXy5b7-%23CA*%5B%5DQyX6B-%5E7X7%5ED%7CQ7XyQ%7CE-7XyQ%7CA7XyQ%7CF%23-7b5XyQ%7CB7altXyQZ%20%3DJazz-Ballad%20Swing%3D90%3D30
450db0fb-c829-46b4-aa86-9139104e6e34,irealb://14%204bar%20All%20%2D%20Random%20%2D%20Major%20Triad=JonBlanckMusic%2Ecom==Medium%20Swing=C==1r34LbKcu7L%20x%20ZZ%20x%20LL%20x%20ZL%20x%20ZL%20x%20LZ%20A%20ZL%20x%20ZL%20x%20ZZ%20G%20LL%20E%20%5B%20x%20ZLZ%20x%20L%20x%20ZL%20F%20ZL%20x%20Z%20Lx%20ZL%20x%20ZL%20bD%20ZLZ%20x%20L%20x%20ZZL%20bA%20LZ%20x%20ZL%20x%20ZL%20x%20ZL%20Eb%20ZL%20x%20ZL%20x%20ZL%20x%20LZ%20bB%20ZLL%20x%20Z%20x%20LZL%20bG%20ZL%20x%20ZL%20xZ%20L%20x%20ZL%20C%20ZL%20x%20Z%20x%20LZL%20x%20Z%20x%20LZ%20B%20LZ%20x%20LZ%20x%20LZ%20x%20LZ%20D%20LZ%20x%20LZ%20x%20LZ%20x%20%20%5D==0=0
45974182-0e33-4368-9657-6740e5bf6052,irealb://ii%20V%20by%20Whole%20Tones=Charts%20Practice==Medium%20Swing=C==1r34LbKcu7ZL7bE%2d7%2c%20GZL7%23C%207%2dbAZL7B7%20%2d%23FZL7A%207%2dEZL7Bb%2d7%20D44T%5b%207%2dAZ7LZC%23%2dGZL7bB%207%2dF%7cZLb7A%207%2dbEZL7%23F%207%2d7%20C7LF%207%2dCD7LZB%2d7%20E7%20%5d%20==0=0
457b7fe6-a054-49b5-9d64-4500bea488cc,irealb://10%2C000%20Razones%3DRedmand%20Matt%3D%3DRock%3DC%3D%3D1r34LbKcu7%28GZLD4C%2C*BE%2CD%2CCZLG%20C%7CQyXZDLG%20CZL-E%20DZLG%20-LZC%204Ti*%7BG%7CZLDG%29%20%7D%5B%20-E%7C%7D%20-E%3E3xQyXyQX96*%3C%20DZLG%20CA*CLZG%20%28%20%20%29C%20%3C*66%20%20To%20B%3E%20%20%5D%20%3DPop-Rock%3D115%3D1
4598965b-8c72-4b36-b2f3-2c71a82dcd08,irealb://Another%20Hallelujah%3DBrewster%20Lincoln%3D%3DWorship%3DC%3D%3D1r34LbKcu7XC%7CQy8CXyQ%7CQyXCv*%5B%7DQyX*mA*%7CQyXC%7CQyX*m*A%7CA*m*X6Ti*%7ByX*m*m*XyQF%7CQyXC%7CQyX*m*AQ%7CyXC%7CQyXG%7CQyXF%7C%20GLZA*A%7CQy*m*A%7CQ%7CGXyQyXFC*%5B%5DQyX*m*%7CAQyX*m*A%7CQyXE%7CQ%7CFXyQyXF%7CQ%7CQyXC*m*Xym*A%7CQyXC%7CQyXG%7CyQXC%7CQyXF%7CQyXF%7CQ*XyQ%7CA%7CQyXA*m*XyQ%5D%20%3DJazz-Medium%20Swing%3D100%3D3
450467dc-b7f0-445c-b706-a36344d5831a,irealb://Jehov%C3%A1%20Est%C3%A1%20Conmigo%3DComposer%20Unknown%3D%3DLatin%3DD-%3D%3D1r34LbKcu7.osor4D-%2C*omoc%20ogimnoc%20%C3%A1ste%20%C3%A1voheJ%2096*%3CA%20pode4Ti*%5BailepCLZBbuqroP%20%2096*%3CB*%7BQ%7DyX-DZLA%20-GZLA%20e%20%C3%89l%20%20%3E%20..FZLC%20s%20batX-D%7CQyX-G%7CQyX-%7CDQyX-G%3E...sallayQ%7CG-im%20%C3%A1r%20BbLZAXyQ%7CD-XyQ%7D%20%3DJazz-Latin%3D180%3D3
456dbc55-eb41-4165-82b0-d0ce05e15fce,irealb://Freedom%201=James%20Eddie==Rock%20=E==1r34LbKcu7yXE%7CQ4EXyQ4QyX06%2A%3CA%2A%7B%7DQyAX%7CQyX7%2D%23C%7CQyXB%7Cx%3EEXy4Ti%2A%5B66%2A%3C%7CLZC%23%2D%23C%7CQyXB%7CQyXE%3ExQ4yX06%2A%3CB%2A%7B%7D%20A%207%2D7XyQB%20E%7CQQyXEQ%20A%2FToA%7CQyX7%2D%23C%7CQyXBQ%7CyXEC%2A%7B%7DQyXA%3EC%20XyQ%7D%5BoTQyX%7CBXyQ%7CC%23%2D7%2C%20ALZE%20BLZC%23%2D7%20ALZ%20%20E%2FA%20Z%20=Pop%2DRock=115=1
451e3ba9-4f60-4f7f-81eb-f00aa78ebc6e,irealb://Tu%20Presencia%20Es%20El%20Cielo%201=Houghton%20Israel==Pop%20%2D%20Slow%20Rock=D=4=1r34LbKcu7%20ne%20u7%20GLZc%20neiuQ%2056%2A%3Cv%2A%5D%7B%20QyX%7CrQyX%7CQyXDomo%20t%2DBi%2A%5B%2056%2A%3Cerra%20X%7CrQyX%7CQyXDZLG7%20%2DB%3E%2E%2E%2Ero%C3%B1eS%20hoyQ%20%7D%7Bit%20alx%7CQyXresenG%7CQyXA%3Eim%20arapo%20leic%20le%20se%20aicXyQ%7CDp%20uT%20A%7CQyX%2AC%3C%2A6yXD%3E%2E%2E%2EotsirC%20Oh%20%2CotsirC%20hO%20%205Q%7CB%2D7%7B%7DQyXXyQ%7CGXyQ%7D%20=Pop%2DSlow%20Rock=70=1
453ce39e-6286-4cb5-9e5b-a4fc67e18b81,irealb://Grandmas%20Hamds%3DWithers%20Bill%3D%3DSoul%3DE-%3D%3D1r34LbKcu7%5B%20E-%20LZ%20x%20LZXyQr%7CXyQ%20%7C%20%3D%3D0%3D0
452564f4-ec3c-4929-9df9-c395ecbad9d4,irealb://Nefertiti%3DShorter%20Wayne%3D%3DSlow%20Swing%3DAb%3D%3D1r34LbKcu7%7CQyX7b%5E7XyX9b7C%7CQyX7hG%7CQXy%29sus7bD%287%5EbD%7CQyQ%7CB%5EA44T%5Bla7D%7C1XyQ%7Cs9A%7CQyX7%5EE%7CQyX11%239b7bE%7CQyX7hbBusXyQ1%237%5EB%237bE%7CyQ%7CGb-bB%7CQyX11%237bE%7CyQXsus9E%7CQyXsus9%5E7XyQXbB/t11%20%20%20Z%3D%3D0%3D0
45193432-e084-4dd8-a00c-814ac8f90169,irealb://Secretly%20Cruel%3DKiss%3D%3DRock%3DE%3D%3D1r34LbKcu7yXCB*yQ%7CAXA%7CQyXE%7CQyXA%7CQyEX%7C%7CQyXA%7CQyXE%7CQy%20GLZ%5BXEv*%5ByXE/DQ%7CDXyC*%5B%7CQyXD%7CQyXD%7CyQXC%7CQyXC%7CQyXD%7CQEXyQ%7CyXC%7CQQ%7CCXyQ%7CCXyQ%7CEXyQ%7CD/EXyQ%7CBXyQ%7CB%2CD%20%20%5D%20%3DPop-Rock%3D270%3D1
458281bd-8653-4005-a5f6-51770583958e,irealb://Capo%2DG2=Composer%20Unknown==Medium%20Swing=A==1r34LbKcu7yXA%7C%7C4AXyQQyXA%7CQyXD%7CQyXDQ%7CyXA%7CQyXA%7CQyXA%7C%7CAXyQ4TA%2A%7BQ%7CAXyQ%7CF%23%2DXyQ%7CF%23%2DXyQ%7C%7CAXyQ%7CEXyQ%7CAXyQ%7CAXyQ%7D%20=Pop%2DCountry=130=2
45ec2981-38ab-4213-9b8c-8c0d92e114a7,irealb://Milano%3DLewis%20John%3D%3DSlow%20Swing%3DC%3D%3D1r34LbKcu77G%2C7-4D-7%20FZL7%23F%207CZL7G%20-7DZL7-A%207%5ECZL7G%5E7%20sD4TA*%7B-G2N%7C7%20A7bXQyXQyX%7D%209b7A%20%5E7C1NZL7G%207-DZL9yQXyQ-El%7C%2Cl%7C%2C5%23%5D%5B*BFGs%207CZL7G%207-DZ7L-A%207-EZL7-F%207%5E-7%2CC7%207C%207CZL7G-7LZE*%5B%5D%209b7A%207-EZLb97B%207hFZL7-A%207-AD-7%20F%207%5EF-DZL97LZD--El%7C%2C7G%2C7-Ds%207F%5EZL7%23F%207CZL7G%2077%20A7b-A%207%5E7%20G7b9%2CQLZC6%20A7%235%20ZY%5BQE-7%20lA7%235LZD-7%20G7b9LZC6%2CXyQZ%20%3DJazz-Slow%20Swing%3D80%3D3
453e3b29-299b-467a-bb0d-05a555f383c4,irealb://Don't%20Stop%20Me%20Now%3DQueen%3D%3DMedium%20Swing%3DEb%3D%3D1r34LbKcu7%2C-FsZ4EbLZFZLbAZL7bEZLbELZbBZL-FZL-CZL-G-LZCL4Ti*%5BL-GZLb%2CF-%2CA*%7BY%5D%20bBlZL-Fl%2C%7C-F%2CbB%7C%2CbE%2C-Fs%7CT44EbB%7C%2CbE3*%3CZLF-LZBZL%2C-FZLCZL9-F%7CLZbAZL7bEZLbE%7D%20bCLZF-ZL-CZG%2C-F%2C%20LZBbXbB%7CQyX-F%7CQyX-ZCL-G%2C-F%2CbE%5B%20%20%5B%20yQ%7CEb%3ENUR2%2C-F%2CbXyQ%7CF%2C-Fs%7C%2C-F%2CbB%7C%2Cb%2CE-Fs%7C%7CQyXC%7CQyX-Eb%2C%7CB-CZL-%7CBbLZlEb-7/Ab%20%3CBack%20to%20A%3E%20%20%5B%20%3D%3D0%3D0
45c00a69-66da-48c5-a441-37b548f84a37,irealb://I%20Dreamed%20Of%20An%20Old%20Love%20Affair%3DJimmie%20Davis%20-%20Bonnie%20Dodd%20-%20Charles%20Mitchell%3D%3DBluegrass%3DE%3D%3D1r34LbKcu7XE%7CZL4EXyQyXEZL%20lcKQyX%2CBLZ%20lcKQyXBZL%20lcKQKcl%204TA*%5B%20lcKQ%20LZBX%5B%5D%20%20lcKQyXEZL%20clKQyX%2CBZL%20lcKQy*BAXylcKQyKQyXBQKcl%20KQyXE%7CZL%20lcKQyBXZL%20lcKQyX7%23FZLcl%20LZyXEZLcl%20LZB%2CXyQKcl%20LZEXyQKcl%20%20Z%20%3D%3D0%3D0
45bec9bd-ced2-4b15-8a41-7793230eb89d,irealb://Peacock%20Rag%3DTraditional%3D%3DOld-Time%3DD%3D%3D1r34LbKcu7QyX7A4DXyQ1NZL%20lcKQyX7A%7CyQX7E%7CQyXGZL%20lcKD%20GLZ4TA*%7B7AZL%20yQ%20LZX7EZL%20lcKQyX7B*B%7B%5DQyXDZL7A%20D2NyQKclXQyX%7DXyQKcl%20LZN1D%20GLZAXyQ%7DXyQXyQ%20LZN2D%20ALZDXyQZ%20%3D%3D0%3D0
450037ae-0882-41bf-b469-e64866fd56cf,irealb://Brazil%20%28Aquarela%20Do%20Brasil%29=Barroso%20Ary==Samba=D==1r34LbKcu71b7BZ4D6LZZLxZL6DZLxZLxZxLZL6%2DDZLxZLxZLxxLZxL4Tv%2A%5BLxZL7LZE%2D7AZL7%2DEZL7AZL7%2DZEL7AZL7%2DEZL7AZL7LZD%5ExZL%2C3%2DEZLxZA7LZxZL7%5EDA%2A%5B%20QyX%5D7%20AZL7%2DEZLxZL7%5EDLZxLZL7%2DEZ7D%207%5EZxLZxZL7%2DEZLxZL7%5EDZxLZL7AZLxZL7%2DEZLA7LZDLxZL7xZLxZ%20C7%20%5BZLxZLxZL9b7BZLZxLxZLxZL%2C9b7BB%2AxLZxL7bDZLFZLxZE%2D%2CLZxZL%296%2DG%287%2DEC%2A%5B6%20b%2DEZL6%2DEZL6b%2DELZC7LZLxZL7AZL7xLZB%2DZL7%5EDD%2A%5B%5D%207AZL%2D7EZLxZL7EZLxZL7xLZE%2DZL7%2D%23LZD%5E7LZxLZE%2D7LZA7LZD%5E7LZxLZE%2D7LZA7%20Z%20==0=0
45bbc8d7-4137-4e0e-85f3-7712e3688f57,irealb://I%27ll%20Be%20Around=Wilder%20Alec==Ballad=C==1r34LbKcu77%2DA%2074C%5E7%20%2F7G%20A%2FFZL7o%23G%20G7ZL7%5EF%207%2DEZL7%2DDBLZC%5E4TA%2A%7B%2DD%206C%20G7LZ%20QyXQyX%7D7G%2C7%2DD%20s7%5EbAZL7bE%206C1NLZN2l7%2DDZL%2C7Cl%2Co7%20C%2FA%2F7bDs%7CQyX7CZL%2D7G%20bA%2F7bDB%2A%5B%5D%20Eb%2CG%2D7bEZL7CA%2A%5B%5DXyQ%7CA%2DDZL7%2DA%207%5ECZL7%20G7%2DDZL7%2DD%20bE%2F7b7%20G7%207%5EFZL7%2DDZL7LZE%2D%5ECZLB%2F7G%20A%2F7%2DDLZ7o%23G%207GZL7%5EF%2077%20A%2D7%2DD%207%5E%20G7LZC6%20Eb7LZAb%5E7%20sD%2D7%2CG7Z%20==0=0
454d1e4d-5d42-42b6-883f-6cc179f90271,irealb://Social%20Call=Gryce%20Gigi==Medium%20Swing=Db==1r34LbKcu7F%7CQyX4B7%231Ltla7bA%207%2DbE%7CQXy7%2DbEZL31b7bB%201ZDb%5E74TA%2A%7BG%7CQyX7LZEbyX7bAB%2A%5B%7DQyX7%5EDbZL7D%207bE%7CQyX7%2DQ%7CDb7%2DE%207%2D7BA%2A%5BQKcl%20bA%207%2DbE%7CQyX7%5EEQ%7CyX7B%7CQyX7%2D%23FZL7%235%20%5DyX7%5EbZL7%2DEb7b13QyX7%5EbDZLtla7b%20A7%2DbE%7CQyX7%2DbEZL%7CF%2D7%20B%2011%23X6bDlyQ%7CEb%2C7%2DbE%2C7bB%2C7%2DFsLZ7bG%207%5EbDZL7D%207Ab7%2C%7CX7%2DbEyQZ%20==0=0
4593c34f-7a6b-4db6-ad9e-15190b9b524d,irealb://Spain=Corea%20Chick==Latin=B%2D==1r34LbKcu7%20ZL%20x%5E7%2311cKQyX31b7%23FZL%20%20xZL%20x%20ZL%20lcKQyXl%20LZ%20G44T%5BcKQyX%2D7XyQGZL%20lcKQyX7%5EDZ%20LlcKQyX7AZL%20lcK%5E7%2311EZL%20xyX7BZ%237altQyX7%2DBZL%20lcKQy3X1b7%23FZL%20lcKQyXKcl%20LCZL%20lQKcl%20%20Z%20==0=0
45f69032-1922-45ba-a30a-3df183b68d78,irealb://Wow=Tristano%20Lennie==Up%20Tempo%20Swing=F==1r34LbKcu7yX7%2Db4G%2D7X7%5EGZL7%5EbA%207%2DAZ7L%2DG%206F%7CQyX7C%7CQyXyQ%7CG4TA%2A%5BGZL7%5EXyQ%7CFA%7CQyX6F%7CQyX7C%7CyQX7%2DGB%2A%5B%5DQyX7o%23%2D7%20Ab7%5EF%7CQKQyX7%7CGb%2D7yX7F%7CQyX7%2DCC%2A%5B%20%5D%20lcKQyX7%5EF%7CQyXQ%7CBb%5EQyX7%5EF%7CQyXG7%2311X7%2DGA%2A%5B%5D%20%20lcKQXy11%237CZL%20lcKQyXyQ%7CC7ZL%20lc6%20G%2D7LZA%2D7%20Ab%5E7LZG%5E7XyQ%7CGb%2D7XyQ%7CUF%5E7XyQ%7CF%23o7XyQZ%20==0=0
45150973-c57f-4b58-abc1-444bb58dea2e,irealb://AB%202bar%20%2D%20Random%2002%20%2D%20Min7b5%20Rootless=JonBlanckMusic%2Ecom==Medium%20Swing=C==1r34LbKcu77%2DbBZ%2D7b5XQyX5b7%2DEZL%20lcKyQX5b7%2DCZL%20lcKQyKcl%20LA44T%5BcKQyXKcl%20LZL%20lcKQyX5b7%2DDLZ%20lcKQyX5b7%2D%23FZB%2D7b5QyX5b%23GZL%20%23%2D7b5X5b7%2DGZL%20lcKQy5Xb7%2D%23DZL%20lcKQyXyQKclCZL%20lyX5b7yQKcl%20lcKQyX5b7%2DFZLl%20cKQyX5b7%2D%23GZL%20LZD%23%2DX5b7%2DQKcl%20%20Z%20==0=0
453f4dfa-a311-47c3-a1fb-5bd627417b54,irealb://Someday%20My%20Prince%20Will%20Come%20%28Snow%20White%29%3DChurchill%20Frank%3D%3DWaltz%3DBb%3D%3D1r34LbKcu7X9b7G4Bb%5E7-C%7CQyX9b7G%7CQyX%5E7bE%7CQyX5%237D%7CQyX7XyQ%7C3TA*%5B7-D%7CQ7XyQ%7CQyX7-C%7CQyX7o%23CQ%7CyX7-DB*%5B%5DQyX7F%7CF7Xy-C%7CQyyX7%5Eb%23o7Xy5%237D%7CQyX7%5EbBA*%5D%5BQyX7F%7CQyX7-C%7CQXyQ%7CEC%7CQyXbB%7CQy9XyQ%7C*%5B%5DQyX7F%7CQyX7-%7CCQyX9b7G%7CQyX7-CCF-7Xb7G%7CQ7XyQ%7CEb%5E7XyQ%7CEo7XyQ%7CBb%5E7/FXyQ%7CG7XyQ%7CC-7XyQ%7CF7XyQZ%20%3D%3D0%3D0
45590ce6-42dd-464e-8a81-c08b3841ea7b,irealb://Floraux%20(In%20AA%20B%20CC%20B%20D%20In)%3DNazareth%20Ernesto%3D%3DTango%20Brasileiro%3DB-%3D2%3D1r34LbKcu77%23CZL4sC%237b7-%23CZL-El%7C%2C7B7%2C%23FsZL-Bl%7C%2C7%23F%2C5LZB-2Ti*%5BsZL-B7LZsC-%23CZL-El%7C%2C7B%2C7F%23sZL-Bl%7C%2C7%23F%2C7%237b5LZ%23FfZLL-El%7C7%2C%7C%3CFB%2CG%2F-E%2CA%2FB%2C%23A%2F%237FsA*%7B%5D%20-Bl%3Eeni7%2FF%23%2C%23F%2C-EC%2F7%23FG%23%2CA%2F%2CE%2F7%23F%2CF%2F7%23CsZDLl%7C%2CE%2F7A%2C%23F%2FD%2CGB-%2FD%2C%2F7EsZS%5B%20QylB-LZ%7C%2C7A%2C%23F%2FD%7C%2CG%2C-sB2N%7D%207%23FZL%2CG%2F-ElD%20%5DX1N%7C%2C%23ZL7BZZxLZGGl%7C%2CoG%2CGsZL7DZ-LAl%7C%2CobB%2CB%2FGsZLLZA-LL7DB*D%2F7G%7C%23oLZsE%2FCsC*%7B%5D%20Q%2CGZLD7l%7C%2CoGf%2CG%7C%2CoG%2CG%2CEbo%2CCZL-EF%2C-D%7CZG7LZ7A%7C%2CbB%2F6-G%2C-E%7C7%2CB%2C-E%7C%2C%23F%2F7B%2CCs%2CA%2FG%2CLClZL%2CF%2FbD7%2FF%2CGbA%2CG%2FC%7C%2CbA%2F-F%2C%2FAF%7C%2CbB%2FC%2CC%7C%2CD%2F7%2FGb%2C%7CG%7C%2C6-F%2F7%23CD.S.%20-BZL7%23FlD*Q%5BY%7D%2C%207GZLCl%3EadoC%20la%2FF%23LZ%3C%7C%2C7G%23LZF%237LZF%237LZB-%2FF%23LZ%3CD.C.%20al%20Fine%3EC%237%2FF%23LZfF%237%20Z%20%3DLatin-Argentina%3A%20Tango%3D130%3D1
45e9ae1a-6a0c-4700-b674-1471bce345e1,irealb://Cora%C3%A7%C3%A3o%20Vulgar%3DPaulinho%20da%20Viola%3D%3DSamba%3DE-%3D%3D1r34LbKcu7%20%2Crag4%3C*69%C3%A3%C3%A7aroc%20o%C3%A3n%20rom%20amu%20siam%20erroM%20o%20vul4TA*%5Bp%20o%C3%A3syQ%7CA-d%20axieD47*%3C%7CQy7XBZL7%23F%20oE%7CQyX7esiluX7-E%3E%2C7B%20-em%20n%C3%A35%237B%7CQyX9b7B%7CQXy-A%3Erama%20ebas%20oXyQ%7CEuq%20araredo9XyQ%7C%20euqroP%3C%5B%20QyX%7C%20%5D%2C7B%20-EZLo%23D%207Dn%C3%A3o%20p-E%5BZLoma%20OrendeY%20QyX%5DQyX-EZLoD%23%207D%7CQyX9-E%3E..r%7BQ*B%3Cpmoc%20X-E%3E.%20morr%C3%A9%20o%C3%A3suli%20amu%20e%2C%20o%C3%A3suli%20amu%20%C3%A9%20e%20de..euq%20rC%209C%7C7XyQ%7CZL%2CA/7D%20-EC*%5BY%20%7D%2C7B%20-E%7CQyX9b7BG%5EXyQ%23F%7CQy%7CQyX-7XyQ%7C%20-EZL%2C7B%20-E%7CQyoX%23D%7CQyX7D%7CQyX-ED7LZEBZL%2C7F%237XyQ%7CB7XyQZ%20%3DPop-Soul%3D95%3D3
458aab54-7da9-48db-a2f8-f6f186aafb6f,irealb://And%20I%20Love%20Her=The%20Beatles%20%28Lennon%2C%20McCartney%29==Rock%20Pop=E==1r34LbKcu7%7CQyX%2D4F%23%2DXX%2D%23FSA%2A%7B%5D%20%20lcKyQXE%2F%2D%23CZL%20lcKQyyQ%7CC%234Ti%2A%5B%20Q%20lcQ%7CC%23%2DE%7CQyXB%7CQyXA%7CQy%2DX%23C%7CQyX%2D%23F%7C%7CQyX%2CXyQKyX%2D%23FyX%2D%23GyQ%20%20%5B%23C%7CQyX%2D%23G%7CQyX%2DC%23%7CQyXB%7CQyX%2D%23CB%2A%2DXyQ%7CXQyX%7DyX%2DG%7CQ%7C%3CD%2E%7CQyX%2DG%2CQ%2CC%2A%7BY%5DyQX7B%3EadoC%20la%20%2ESD%2DXyQyXB%7CQcKQyXyQ%7CG%2D%20%20lcKQyXF%7CQyXCQ%7CyXbB%7CQyX%2DD%7CQyX%7D%2ADG%2DX%2DD%7CQl%20LZD%2D%2FF%20LZx%20LZG%2D%20LZx%20LZfD%2DXyQZ%20=Pop%2DRock=115=1
45d051d2-34c1-40ae-8333-281c2d7e357c,irealb://Color%20My%20World=Chicago%20%28James%20Pankow%29==Rock%20Ballad=F==1r34LbKcu7%5EbE%7CQ2F%5E7XQyX%2DA%7CQyX7%5EFA%2AQ%7ByXQyXQyXQyX%5DQy%7CBbXy1Ti%2A%5BlcKQyAb%5E7XyX9bE%7CQyX7%5EGZLD7%209D%7CQyX7%5EbG%7CQyQ%7CC7X%7CQyX9%20LZF%5E7%20sBb%2C%3C3x%3EC7%2C%7D%7ClF%5E7XyQZ%20=Pop%2DRock%2012%2F8=54=1
452f6095-d504-4f7b-8692-66dfcad5b30f,irealb://Daniel=Elton%20John%20%28John%2C%20Taupin%29==Pop=C==1r34LbKcu7%20lcKQ4CLZxA%2A%7B%5D%20x%7C%2CsusC%2CCZsLxZL7GZLxZLFZLSlCXy4Ti%2A%5BQyX7GXyQKc%7CQyX%2DA%7CQyX7E%7CQXy%2C7GZL9G%207GZL%20lFXyQ%7C7%2DDZL7G1NZQKcl%20KQyXC%7CQyXG%2FF%7CQXy7GZL%20lcKQyXFZLcl%20QLyX%2DA%7CbAZLFl%20%20%7D%5B%2DAZLxZLCZLxZLFLZxZLCZLxZLF2NB%2ALZxLZcKQyXZL%2DAZA7LZDZLxZLFZLxZLCZLZxLF3NB%2A%5B%7D%207GZL%2DCLZxLZLCZLL7GZLZAbLZ%5B%5D%207GZL%2DD%3EadoCl%20a%20%2ES%2ED%3CZL7AZLCQFLZxLFZLxZF%2FGLZCLZxLZFLZxLZG7XyQKcl%20LZC%20CsusLZCXyQZ%20=Pop%2DRock=129=1
4575b7cc-ddc9-4312-9b8b-3da695d98bdf,irealb://In%20The%20Midnight%20Hour=Wilson%20Pickett%20%28Pickett%2C%20Cropper%29==Soul=E==1r34LbKcu7QyXQy4D7Xy%207EZL7A%207E%7CQyXG7%7CQyX7A%7CQyX7B%7CQA7%20%5DX4Ti%2A%5B7EZL%2CSE7%20AEZL%2C7A%20%2C7EZL%2C7%20A%2C7EZL%2C7A%207EZL77%2C%20A7A%2A%7B%20%207A%7CQyLZE7%2CQyX%2C7A%7CQyX%2C7BB%5B%2A%5D%207A%20%2C7EZL%2C7A%20%7CB7%2CX%2C7A%20%2CL7A%207E7%2C%20A%20%2C7BZL%2C7DZL%2C7A%2C%207EZL%2C7A%20%2C7EZL7%7D%5B%2ACE%7CQyX%2C%7B%5DQyX7LZE7A%207EZL7A%207EZL7%20A7E%7C%7CQyX7BZL7D%207LZB7A%207EZ%2ADE7%2C%20A7%2CLZ%3CVamp%20and%20Fade%3EE7%2C%20A7%2C%20%7D%20=Pop%2DRock=114=1
45514b86-c651-44f5-a683-d9def017e2dd,irealb://Living%20For%20The%20City%20Page%202=Wonder%20Stevie==Funk=Gb==1r34LbKcu7%2DbGZL4Gb%2C%20bA%20%2CbGZL%2CbG%2F%2Db%20A%2C7%2DbGZL%2CbG%2F%2DbA%2D%2FGb%2C4TA%2A%7BbG%2F%2Db%2D%2FGb%2CZL%2CbG%2F%2DbA%20%2C7%2DbZGL%2CbG%2F%2DbA%20%2CbGZLGb%2C%20AbA%20%2C7bGZL%2C%2D7%2C%20AA%20%2CbG1N%7CQyX31b%7CDQyX31BZL%2CbG%2F%2Dbb%2D%2FGbbGZL%2CX%2CE%2Fbb%2D%2FGb%2A%7B%5DQyXn%7CQyXn%7CQXynZL%20n%2CbG1N%7C%7D%20%2CBT34GA%20%2C7%2DyX%2CG4h7%2CXyX%2CA%7CQyX%2CbB%2FC%7CQXy%2CC%7C%2CD%20%20%2CsusD%7CQyQ%7CT2bE%7CQyX%2CC%7C%2CGb%2CLZusD%7CQyX%2C7hbE%7CQXy%2CE%2FbG43TD%2A%5B%7D%20xs%2C%20%20D44T%7CQ%2CD%2FW%2CBb%2CXy%7C%2CE%2FWs%20%20F%2FGl%7C%2CF%23%2FWs%20%20G%7CQyX%2CA%7CQlG%2FEb%2FC%7CQypLZGXyQ%7CG%2FD%2CG%20LZ%20x%20LZGXyQZ%20=Pop%2DSoul=99=1
4527cefa-fc6a-4c73-81a7-feca51fbd8d6,irealb://Three%20Hours=Drake%20Nick==Folk%20Rock=D%2D==1r34LbKcu7Ds1NZ4D5%20sG%20sus9DZL%2C%2DDl%2CussD%2C%2DD%7C%2C5D%2CsusD%2D6%2FDL4Ti%2A%7BDs%205D%2ClD5%205C%205D%7CQyX5DZLD5%2FC%205D%7CQyX5D2N%7B%7D%2FD%20%7D%5BsusD%2C%2C5Dl45%2C%7CD%2D%2F6%2DG42TZLsus9D8s6TZL%2C%2DDl%2CsusD%2CDLZT4D%2Csus%2F5C%205s%2CD5%2C%7B%20D%2F6%2DG%20sus9D4T4ZL%2C%2DD42TZL5Dl%7CD5LZDusDs%20yXC%2F%2D%20%5D%7B%2AA7%2DDZLxZL7%2DD%7CQyCX%2F%2DDZL%20lcKQyX5DXyQ%7CD5D%7D%20DB%2A%5B%5D%20XyQ%7CDD%7CQyX7%2DB%7CQyXC%2FD%2D%7CQyX7%2DDZLxZL7%2D%2D7LZx7%2DB%7CQxZLxZQKcl%20ZLxZLxZL7%2DD1NZxLZLxZL7%2DDZL7CZLxLZxLyX7%2DDx%20ZL%20%7BN2D7lcKQyX7D%7B%7DQyX7%7CDQyX7CZL%20lcKQyX%20LZ%20x%7D%20xZL%20%3C3x%3E%20%7D%20==0=0
457f8c29-23c5-4d8b-94c9-b0fa4c1a82dc,irealb://Etek%20Sar%C4%B1%3Dvers.%20%C4%B0.Tatl%C4%B1ses%3D%3DHicaz%3DD%3D%3D1r34LbKcu7%20ZL%20-%3C*66XD%20ZL%20-C%20ZL%20D%20Z%20L-G%20%3EidoleM%20%20Qy%20LZ%20G44TS%5BbE%20ZLC-%20LZ%20-G%20A*%7BQyXQyXQXyQyX%5B%20%20D%20%5B%7D%20%20D%20LZ%20x%20%20ZL%20DQyXQy-%20%20%7D%7ByX%5B%20%20D%20%5B%7D%20%20D%20Z%20L-C%20ZL%20D%20ZL%20-G%20QXyQXC%20ZL%20yX%7D%20%20-%20LZ%20-C%20ZL%20D%20ZL%20-G%20LZ%20-C%20ZL%20bE%20ZL%20x%20LZ%20DG%20B*%7BQXyQXyQXyQXyQ%2CS%2C%20%3DPop-Smooth%3D108%3D2
458d8496-b2cb-4e9c-881f-c1f991a96e6a,irealb://Can't%20Give%20Up%3DMary%20Mary%3D%3DTraditional%20Gospel%3DAb%3D%3D1r34LbKcu77-F%2CG4F-7XAA*%7B%7D%20bB%20bAQyXuss7bE%7CQyX7-bBQyb%2CEb/4Ti*%7BBZL7-EbLZAB%7C%29A/F%28%20bE%20bD%7Cb%29E%28%207-F%29G/bE%28%20bb-7%20F%20bDZLZLbA%29-7LZGD%7C%297bA%28%207-bE%20bBA*%5D%20bE%297-F%28%207%5Ebb%20%28EbF%207-bA%28%207-Ab/C%20C%28%207-F%7C%29E/C%28%201b1E%20sus7bB%7C%297-F%28-7%29Eb%207%5EbD%20bE%2Cbb%5E7%20%28E1N%7C%2911bE%28%207bB7%20-F%7C%297C%28%207hG%29bAb/G%2CAD%7C%297b%28%207-b/G%2CAbbD%297bA%28%207-bEZL-7C%207-FC*%5B%5D%20E/C%2C%5E7LZDbE2N%7DGb7%29B%5E7LZEb11%20Eb/G%20Z%20%3D%3D0%3D0
45818cb4-e2c3-45e8-8e12-183362cce9e8,irealb://Holy%2C%20Holy%2C%20Holy%3DMcClurkin%20Donnie%3D%3DWorship%3DDb%3D%3D1r34LbKcu7/bG%20bb%20Ab/L-bA%20F/bD%20bG/b%20AbA%7CQyX%2C7-bB%20%2CCZGb%20AD44T%7BbD%20bA/CLZD%207-bB%7CQyXC/bA%20Db%20C/bAZLQyXQyXbEb/G%20bA%20bB-bB%20%2Cb7susbDZLQyXQyXsus7AbZLG/bE%207-F%20bE%20%20Ab/CEZLF/LbD%207%7CEb-7XF/bDZLQyXQyXbZGLF/bD%20bD%20C/bA%20yQEb-QyX%2C7QyX7bXyQDbbE%207-bEZLD/bB%20-9bB%20bA%20bG%7CQyXF//G%2C%20A7-bBZ%7CDb%28Bb-7%29%20%28Ab%29%20%28Gb%29%20%28Db/F%29%20%28Gb%29%20%28Bb7%29%20%28Eb-7%29%20Z%20%3D%3D0%3D0
458bd7d7-e35c-4580-89c2-6b0755f6c345,irealb://Take%20Me%20To%20The%20King%3DMann%20Tamela%3D%3DSoul%20Ballad%3DDb%3D%3D1r34LbKcu7yX-bBXyQ%7CAD%7CQyX-bBv*%5B%5DQybXG%7CQyX-bB%7CQyX-bbXyQ%7CbDi*%5B%7CQyXbGbLZBQyXbG%7C%2CbD%2CbA%2Cb%2CDbA%7CQyXbD%7CQyX-b%7D%7B*CD%20bA%7CQ*%5B%7DQyyQ%7CBbyX-bB%7CQyX31%5EB%7CyQXbD%7CQyXbG%7CQyX-Q%7CGbXX31%5EBBEb7/B%20Db/BbLZE-b6/A%20Eb-/AbLZAadd9/AbXyQ%7CGb/AbXyQZ%20%3DPop-Soul%3D60%3D3
45d6d298-c3a9-453f-83be-e0cac8a3ce9a,irealb://Un%20Encuentro%20Sobrenatural%3DWine%20New%3D%3DBallad%20Even%3DD-%3D%3D1r34LbKcu7ot%204x4D-%2C*i%20oTQyXQyX96*%3C7%20-G%7CQyX7bB%7CQyXAntro%204Ti*%7B%20B%3EA-7LZD-XyQ%7D%7B*BD-XyQ%7CBbXyQ%7CG-7XyQ%7CE-7b5%20%20A%7D%20%3D%3D0%3D0
45c406c7-0321-40f4-9547-31a43920ee6f,irealb://Surur%C3%BA%20na%20Cidade%3DAbreu%20Zequinha%3D%3DChoro%3DE-%3D%3D1r34LbKcu7L7BZLLZnLZ-EZL-AZL-EZL7BLZ-AZL-ES%7C%5D%20nZLnLZF%237n44T%5BZL7DZA-LZB-E%3EeniF%3C%7C%5D%20Q%2C7ZBL-EZL-AZL-EZL7%20%7BD7LZL-EZ%7C%2C7D%2CZD7LZLGZL-AZLGZLGZLD7ZL7DZLGZLGZL7DZ%2CsA7LGZLGL7BZL%20al%20CBZLEZLEZLE%7B%20-E%5BQ%20QyX%7C%7D%20Gl%2C%3Eado7LZB7.S.D%3CE%3EeniELZEL.S.D%3CZL7BZLEZL%23-FZL-%23FZL%2CEZLEZ%20al%20FZL7BZ%20%7D%20%3DLatin-Brazil:%20Samba%3D150%3D1
4559e11f-5b2c-4f61-94f7-735ab3fc7a4f,irealb://Mega%20Man%20X2%20-%20Bubble%20Crab%20%20(vgls)%3DTanaka%20Naoto%3D%3DRock%3DB-%3D2%3D1r34LbKcu7%5D%20pp8-%20LZTG%2F7E86TZL%20A%2FD2T1ZLpp87TZL%2B%23A86%23LZT7B21T%5BcKQyXLZxLZcKQyX-BA*%5B%5D%20xZ%23LFZLxZLGZLxZL%23Fl%20LZAG44T%5BQyXGZXyQ%7CAQyX-B%7CQyXA%7CQyXZGL%20lcKQyX-B%7CQyXKcl%20LGZL%20l-B%7CQyQ%7CB-XQyX7-B%7CQyXB%2FE%7CyQX-BB*%5B%5D%20%20lcKQy%7CE%2FBXyX%23F%7CXyQ%7CE%2FBXyQ%7CB-7XyQ%7CE%2FBXyQZ%20%3DPop-Rock%3D197%3D1
45730492-b612-4fff-8488-444452bf681a,irealb://Chicken%2C%20The%201=Ellis%20Pee%2DWee==Funk=Bb=10=1r34LbKcu7A%2A%5BY%7D4%3CVamL%20x%20ZL%20x%20ZL7bE7%20bB%3Eortni%20rof%20pZ%20x%20%204Ti%2A%7ByX7C%7CQKcl%20%7CQyX7DZL%20lcKQy7XbEZL%20x%20ZL%20x%20ZLG7XyQyX7bBx%20ZL%20LZ%20x%20bE%207bBZL%20%3EeniFyQX%3Cn%20%3E%29ffiR%28%3CZL7LZ%20x%20lcKQ%20LZ%20x%20%20Z%20=Pop%2DFunk=140=1
45b882de-122e-4a8e-9ee3-ba6390b28fe4,irealb://Maggie%20May%201%201=Rod%20Stewart%20%28Stewart%2C%20Quittenton%29==Pop=D=2=1r34LbKcu7B%2C%2DBs4DXyQXG%7CQyX%2DE%7CQyXD%7CyQXD%7CQyXG%7CQyX%2DE%7CyQ%7CD%204Ti%2A%5BY%5D%20%20lAlA7XD%7CQyXG%7CQyX7AZLl%20cKQyXD%7CQyXG%7CQyXyQKc%2A%5B%5D%2C%2D%2DEZL%20yQ%7CDXX%2DE%7CQyX%2DbG%7CQyXE%2D%7CQyX7A%7CQyXG%7CQyyQKclXGB%2A%5BXyQ%7CA7XyQ%7CE%2DXyQ%7CA7XyQ%7CE%2DXyQ%7CA7XyQ%7CDXyQKcl%20%20Z%20=Pop%2DRock=115=1
45263caa-46eb-468a-8b97-20dd745b5def,irealb://You%20can%20leave%20your%20hat%20on=Cocker%20Joe==Funk%20Rock=C=0=1r34LbKcu7XZLQyT44EbX%7CQyXC%2CA%2A%2C%7CQyXBbZL%20x%20ZL%20lcKQyXyQLZX%2Ci%2A%2C%5BQyXF%7CCXyQ%7C%2CB%2A%2C%7C%7D%20%3Ex430%2A%3C%20%20G%7CQyXF%7CQyXE%2F7CBbXyQ%7C%7D%20Qy%7CCXyQ%7CXyQ%2C%20%7D%20=Pop%2DFunk=140=1
45060d23-a3d6-4aa8-b7d6-327ef4a1aedf,irealb://I'll%20Close%20My%20Eyes%3DReid%20Billy%3D%3DJazz%3DF%3D%3D1r34LbKcu77F%7CQy%5EXyQKQyX7G%7CQyX7-D%7CQXy7A%7CQyX7-EZL%20lc%7CC-7XF%7B44T-A%7CQyBb%5EXyE%7CQyX7hBZL%20lcKyQX%5EF1N%7CQyX7bE%7CQb7b9X%7C%7CQyXQyX7G7LZG-b7D%7CQyX7hA2NZLQ%20yXQyX%7D%20C/7bG%2079XyQ%7CobA%207%7CG-7%20C7LZF69XyQKcl%20%20%5D%20%3D%3D0%3D0
45d81fd6-dd7b-413f-ab0f-f5bc077b3c85,irealb://Sweet%20Georgia%20Brown%20-%20www.tradjazz.ru%3DPinkard-Casey-Bernie%3D%3DUp%20Tempo%20Swing%3DAb%3D%3D1r34LbKcu7NZL%20x4F7Xy%20ZL%20lcKQyX7bBZ%20Lx%20ZL%20x%20ZL%20lcKQx%20LZ%204TA*%7B-F2N%7CyQKclKQyX7CZL%20lcKQybXAZL%20x%20ZL%20x%20ZL%20cl%20%20%7DX7bE1L7bE%207b9Xy7F%207bGZL7G%207bAQ%7CyX9b7C%7CQyX-F%7CQLZBb9C%7CQyXZAb6XyQZ%20%3D%3D0%3D0
451d8825-9028-4f87-be14-3d9784ffed12,irealb://Alcohoic%20Blues%20-%20www.tradjazz.ru%3DAlbert%20von%20Tilzer-1919%3D%3DMedium%20Swing%3DF%3D%3D1r34LbKcu7ZL%20lc4FXyQ%7CQyX-bB%7CQyXbB%7CyQX7FZL%20x%20ZL%20lcKFXyQK4TA*%5BX7C%7CQKcl%20LpmaV%2096*%3CB*%5B%5D%20lF%2C7C%2C7bDs%7CQyXFZ.%3EFXyQyX7CZL7C%20yQ%7CC7x%20ZL%20lcKQyXF%3EerseV%2066*%3CC*%5B%5DQyX%20LZG7XF%7CQyQyX7GKcl%20LC%7CQyXF%7CQyX7C%7CQXyF%7CQyX7C%7CQyX7GZ7XyQ%7CQyX-GFZL%20xQ%7CG7XcKQyXF%3EsurohC%2069*%3CD*%7B%5DQyX7C%7CQyl%20LZ%20yX7C%7CsoloSBbXyQFZL%20lcKQyX7CZLl%20cKQyXF%7CQyX-bB%7CXyQ%7C%3C%7CQyX7%20at%20%22D%22%3EsDb7%2CC7%2ClF%20%7D%20%3DJazz-Medium%20Swing%3D100%3D3
454b9e58-4b55-447b-b9e3-de0a2bcf7b37,irealb://Basin%20Street%20Blues%3DWilliams%20Spencer%3D%3DSlow%20Swing%3DBb%3D%3D1r34LbKcu7B%7BZL%2CXyQ%7CF-G%2CF%2FbB%7C%2CoE%2CbED%2C%2F7bB%2CbBs%7CQyX317%2ClF79Ci*%5BC%2CD%2Fb%20LZsBn%2C7%5EbBl%3EkaerB%3C%2C%7CD%2FbB%2Co%23C%2C7-C%2Cb%20LZsBn%2C7%5EbrB%3CZL-7%2CF7bB%3EkaerB%3CZL7oEb%20EZLD%2F7bB%20bBl%7C%2C%5E7%2Cn%20C%2C7-%23X9CZL%20%20sF7h%23C%7CQyX7G%7CQyX7%7CDQyX7%5EbBlA*%5BY%7D%2C7%20Ch7n%3EkaeZL7F%203XyQ%7CaerB%3CZL7o%23C%207-%3ED)II%20ad(%20kaerB%3Ck%3EC-71F%7CQyB%2CbBsyQ%7CD71F%7CQyX9CZL31b7%20G31bA%7CQyX7G%7CQyX3XyQ%7CX7%5EbBb7%2FD%2CEb%2CEo%2C%7CBb%2FF%2CG-7%2ClF7%2C%20Z%20%3DJazz-Slow%20Swing%3D90%3D3
45191764-6cb1-43fc-a300-538cab8707dc,irealb://These%20Foolish%20Things%3DStrachey-Link%3D%3DBallad%3DEb%3D%3D1r34LbKcu7%2C7bB%2CT44BbbEZL7bB%207F%7C%2C7C7%2CG%207%5EbAZL7bE%207-6%20F-7%2Ci*%2C%5B7bE%207b%5E7%20C7bB%207-FZL7-C%207b%5EEZL7bB%207-FZL7-LZBb-EA*%7B%7C7bB%2077%20sG7%20QyXQyX%7D%207bB%207F-%7CQyX7Fl1N%7C%2C7C%2CLZN2F%5EbAZLL7F%207%20sAh%2C7-GZL9b7D%207hAZ7LhE%207-GlB*%5B%5D%2C7DXyQ%7CC6bEZLZL7-C%20G-7LA*%5B%5D%207bB%207-FZLo7E%207bBZL7F%207-CZEb%5E7%207%5EbBZ%2C7C%2C7b7LZEbAZL7bE%207-bBZLb7B%207-FZL7-C%207%5Eb%5E7%20sGB%207-F%7ClF7%20Bb7LZEb6%20sF-7%2CBb7%2CZl%20%3DJazz-Ballad%20Swing%3D60%3D2
4570c4ab-e513-415c-a8eb-239e65203c2a,irealb://Afternoon%20In%20Paris%20-%20jsb%3DLewis%20John%3D%3DMedium%20Swing%3DC%3D%3D1r34LbKcu77-D%7CQ4C%5E7XAZL7bE%207-bB%7CQy7X%5EbBZL7F%207-C%7CQyb%5E7Xy4TA*%7B%5B%5D%20%20lLZN1C7%5EC2NZL%20QyXQyX%20%7D7G%207-DZL7-A%207%5EXyQKc9b7G%20DZL7%23XyQ%7CGC%7CQyX7G%7CQyX7-DQ%7CyX7A%7CQyXC%7CQyX7%23-7%20F7-DB*QyX7%5E%20%5D%5B*AbE%207-bB%7CQyX7%5EbZBL7F%207-C%7CQyX7%5EC7LZAb7G%207-%7CD-7%20G7b9LZC%5E7%20A-7LZD-7%20G7%20Z%20%3DJazz-Medium%20Swing%3D115%3D30
45e0959f-9545-40dd-aec7-f747047aa020,irealb://I%20Could%20Write%20A%20Book%20-%20jsb%3DRodgers%20Richard%3D%3DMedium%20Swing%3DEb%3D%3D1r34LbKcu77C%7CQy4Eb%20CZL7bB%207-FZL7C%20-7GZL7bB%207-FZL7-Eb%5E7X4TA*%5B9b7F%20-7XyQ7bB%207-FZL%23F%2F7BG%20%2FbEB*%5B%5DQyX7bB%7CLZC-7F%7CQyX-C%20bE7%20%20sDyX7bB%7CQyX7-FZLF7%207-C%7CQyX-Gl%7C%2C7Q%5D%5B*A%5EbBZL%7CQyX77%20Bb7X7C%7CQyX7%5EbEZL7Bb%207-FZL7C%207-GZLyQ%7CF--FZL7-GZL7Q%5D%5B*CbAZL7bE%207-bBZL-6C%207-CZL7%5E-C%20-C%5E7%20DbyX7bB7%20C7LZF-7%20Bb7LZEb6XyQ%7CF-7%20Bb7%20Z%20%3DJazz-Medium%20Swing%3D100%3D3
45a1eb81-ea55-446e-8fa3-923086a5931d,irealb://Against%20All%20Odds%3DPhil%20Collins%20(Mariah%20Carey)%3D%3DPop%20Ballad%3DC%3D0%3D1r34LbKcu7A*%7BY%2044%3C*7yX%5D%20%20lcKG%2Csus9sG%207-D%3E95%20mpb%20%204QXyQ%20Ti*%5BYX%7D%20G%20G%2FBLZZLF%207-DZL7-A%207E-ZLF%2FG%20FZL7-D%20CG9sus%207-Al%7CY%7D%2CG%20%20Y%7B*Gs%207-D1NZLF%207-%7CAQyXG%2FD%7CQyXG%2FCB9sus%2CQyXQyni%20rdlD-7X*%3CA*%5BY%20QyX%5DQyX%7CGQyXsus9G44T%7CQy72%20%20(2N42T%20G%20su7%20G%2FBF%207-DZL7-A%207-ELZF%2FG%20FZL7-D%20CZLLZG9s-Al%3E)%7D%2CG%2CsyQ%20%20Y%207-D1NZLF%207-A%7CyQXG%2FD%7CQyXG%2FCB*%7BsG9suXQyX%5DY%5DQyXD-7%20ssus9G44TZL%207-D24T%20l3N%7D%2CG%2Csus9GXyQ%7CGl2N%7CYB%2FW%2CC%20outr.tir%3C%2C7-DlZL%20lKcG%2Csus9Gs%207-D%3Eo%3E%20sG%2F47*%3C%5B%2C%7CF%2CflG%20%20Z%20%3DPop-Slow%20Rock%3D59%3D0
450757c6-f944-4e27-b9a2-213f0ee1d0fb,irealb://Agnus%20Dei%202%3DMichael%20W.%20Smith%3D%3DGospel%20Ballad%3DA%3D2%3D1r34LbKcu7A%20%2CA14%3C*66DZLD%20A%7CQyXA%7CQy%2CXA%3E....ayulelA%20XyQ%7CN4TA*%7BXE%7CQyAXyQ%7DQyX%2C-%23F%7CQyX%2CA%3E...otnaS%2096*%3CB*%7B%7C%7CD%2CXZLsusmA27*72%20DiF(%20)E(%20%20D%7CQyX%2CB-%3E..ut%20sere%20ong%23)%7D%7C%3C*%3C%7BQyQyXE%7C.%3EA%2C%20G%7CQyXBS%7B%20%20%3EA%20oQTyX66*%3C%20AZLsusA%23-XyQ...n%C3%A8%7CF%23XyQ%7D%7BC%23-XyQ%7CEXyQ%7CBXyQZ%20%3DJazz-Ballad%20Double%20Time%20Feel%3D60%3D3
45fde048-8090-42ce-b9fe-d2095ccd8991,irealb://Europa%3DSantana%20Carlos%3D%3DLatin%3DC-%3D%3D1r34LbKcu7%20lcKQ4nXyQ%7CQyX%2C-C%7CQyX%2CbEQ%7CyX%2C7bB%7CQyX%2C-F%7CBh%2CXy4TA*%5BQyX%2C-n%20%5D%7Cn%2C-C%7CQyX%2CbE%7CQyXb%2CB%7CQyX%2ChDB*%5BQyXXyQ%7CD%20-CZL%2CG%7CQyZC-%2CXQyX%2CbE%7CQyX%2CbB%7CyQX%2C-FC*%5BQyXn%7CQy%7CAb%2CXL%20lcK-D%20hDl%20LZCA%7CQyX%2CbEZL%20lcKyQXbB%7BQyXn%7C%5DQyX-bXyQ%7CcKQyXQyXG%7C-LZC%20A%7CQyXbE%7CQyX%2CbBQ%7CyX%2C-F%7D%20%20n%20ZLhCb%2CXyQD%20GZLC%7CQyXQ%5DXyQX-CZLQyX%7Cr%20%20%2C%20Q%7CyXbA%7CQyX-CD*%7B%20yQ%7CAbyXhB%7C-XyQ%7CF-%20%20%3C*216x%3E%20%7D%7C%20%3DJazz-Latin%3D180%3D3
450a3992-ea28-45b7-b252-f714398a32db,irealb://Yo%20No%20Se%20Ma%C3%B1ana%3DEnrique%20Luis%3D%3DPop%3DE-%3D5%3D1r34LbKcu7-B%7CQy4E-XyXG%7CQyX-EA*%7B%7DQy7X-B%7CQyXD%7CQyXG%7CQyQ%7CDX4Ti*%7BB%7CQyXE-XyQG%7CQyX-ESB*%7B%7D%20As%20usA%7CQyXA%7CQyXG%7CXyQ%7CD%7CQyX7B%7CQyX%7D%7CE-XyXG%7CQyX-EA*%7B%5D%20l%20cKQyXD%7CQyXG%7CQyQ%7CN1DQyX7-X-EC*%7DXyQXsusA%3EeniF%20la%20..SD%3C%7CQyXA2NZL%20Qy%20A%20%5D%7BQyX7-X-E%7B%20yQ%7CN1sA%7CQyXA2NZL%20QyQXyX%7DQyX7-B%7CQyXDus%20A%2CXG%7CQy%207-BZyQ%7CDXh%23CZL-E%20BZL-%23F-%20ED*%5B%7DQyX7-B%7CQy%20F%23-LXG%7CQyE-LZC%23h%20F%23-LZB-7%20E-LZXyQr%7CXyQ%20%5D%20%3DPop-Rock%3D115%3D1
45826a21-8e03-4d37-8b32-bd673c09666f,irealb://Bicho%20carpinteiro=Reale%20A%2E==Choro=G==1r34LbKcu7xZL%2DEE%2DLZB%3C2N%7D%20%2DE1NZLQxZ7LBZLxZL%2DEZLxZL7Fine%3E22TS%5B%23F1NZCLZGLxZL%2DEZLxZL%2DAZLZxL%2DEZLxZL7BZLxZLZF%23LZLG%7B%20ZL%2DEQx%20%7D%7CNyX%7C%5D%20%2DE%3EadoC%20l%20a%2ES%2ED%3CZL%2DEZL7B2QXyQ%7CZLBZLD%3Cf%7C%2CLZxLZxZL7DZL%20%7Cr%20ZLrLZxZLGZLxZL7DZLrLZG%2CBG%7C%5D%20x%2ES%2E%20al%20Fine%3EB%20Z%7C%20=Latin%2DBrazil%3A%20Samba=110=1
450fc1db-83c6-43ef-b438-b745460aaf7f,irealb://Machuca=Gonzaga%20Francisca==Choro=C==1r34LbKcu7niF%3C%2C%2D%20G7LG%7CQyXCZL7G%20%2DD%7CyQXC%7CQyX7G%7CQyXCZ7XyQ%7CD22T%5B7G%7CQy%2CXyQ%7CLo%23F%20F%7CQyX%2DA%7CQXy7E%7CQyXC%7CQyX7G%5BZC%2FGXU%2CC%3EeyX7G%7CXyQ%7CGCZLo%23F%20F%7CQyX%2DAQ%7CyX7E%7CQyXC%7CQyX7%2FGXyQC%7CQyX%2DD%7CQyQ%7CD%2D%20yXCZL7G%20%2DD%7CQyX%7CCQyX7G%7CQyXCZL7GQ%7CA7XyXC%7CQ%20G7LZ%3CD%2EC%2E%20al%20Fine%3ECXyQ%5D%7C%20=Latin%2DBrazil%3A%20Samba=155=1
45ff9c59-ae80-4a5d-ba92-5c5e1d95ea13,irealb://bir%20tek%20ben%20anlarim%20KOD%3DComposer%20Unknown%3D%3DMedium%20Swing%3DE-%3D3%3D1r34LbKcu7QyX7%5E4C%5E7X7%5EG%7CQyX7%5ECZLQy%7CXrQyX%7CQyX7%5EG%7CQyXyQ%7CC4TA*%5BX%7CrQyQ%5D%7B*B-B%7CQyX-AZLQyX%7CQryXZL-B%20CZLD%20-EXyQ%7CXyX-B%7CZLQyX*iA-XZLQyXZLQyX%7DQyXZCLD%20-E%7CQyX-B%7CQyXyQLZ%7B%7D%20QyZLQyXXyQLZZLQyXZLQyXZLQyZXLQyXZLQyXZLQyXXyQLZZLQyXZLQyXXyQLZZLQyXZLQyXZLQyZXLQyXZLQyXZLQyXXyQLZZLQyXXyQLZXyQLZXyQLZXyQ%20Z%20%3D%3D0%3D0
4537a2ba-d5bf-4c8a-8386-254f89829910,irealb://Pao%20Wu%20Xian%20%E6%8A%9B%E7%89%A9%E7%BA%BF%3DSongs%20Chinese%3D%3DPop%3DBb%3D%3D1r34LbKcu7%3E)n(%20%3C*60XyX06*%3C-C%7CQyXbELZ-D%20%3E)n(%202QyXQyQXyQ2-Ci*%5BbEZL-EbXyQQyXbEZL-D%20%3E)n(2%20QyXQyX06*%3C-CS%7C%7CC-%20DZL-D%20yXbB%7C*vC-X%7CQyXF%7CQyX-C%7CQyxX%7CQyXbB%7CQyXF%7CQyBbXyQ%5B%5DQyX%7CQyX-63%20Pr-G%7CQyXbE%7CQyX-DQ%7CyX-Cl%3EsurohC%20eXyQ%7CC*%3C%5B%5DQyX-G%7CZBb%2CX%7CQyXF%7CQyX-ClC*%5D%5B%2C-D%2C-Cs%20bBQ%7CQyBbXyQLQ%20%20FQyXF%7CyQ%7CFX%7C)-D(%20)-C(%20)bB%20()bB(x%7CQyXbB%7CQyC-XyQX-C%7CQ%20taepQ%7CG-X%3C%5D%20Q%20%20F%3EadoC%20l%20a.S.D%3C%7CQyX-C%7CQy%20%20(ReyXbB%7Cb%202(%20Choru%5B%20QyX%5D-D%2C-Cs%20b%3EB)adoC%20dn2%20ot%20s%3C*60%20%20morfC%7CQyXick)%3ED%20-C%7C%5DQyXF%7CQyXC-%7CQyXbEZL-D%20-Cl-LZEbL%20sra-%20fD-LZEbXyQZ%20%3DPop-Rock%3D115%3D1
454b1472-0a87-4f41-9f77-9ad89cfb009e,irealb://Bein%20Green%20%20SukiW=Raposo%20Joe==Even%208ths=C=0=1r34LbKcu7E%7CQyX7XyQ%7CTA%2A%7B%5DQyXG%2F7C%7CQXybA%2FbD%7CQyXbB%2FbE44F%5E7%5EFi%2A%5B%5EF1NZQ%7CAo7us7C%7CQyX7%2DGZL97bD%20sus7D%7CQyXbE%2Fs%20C7LyX5%237%5B%5DQyXF%5E7%2CE7%5EF2NZL%20QyXQyXG%7D%2F7C%2CbA%2FbD%2CbB%2FbXyQ%7Cx%7CQyX7%2FG%20C%2F7XyQ%7C%23C%2F7%5E%2DD%20%2DD%7CQyX%7CxQyX7%5EF%7CQyX7%5EbALZD%2D7%5EbEB%2A%20sus77XyQ%7CbE%2F7oA%7CQyX5%237EQ%7CyX7%5EFA%2A%5B%5DQyX7CXyQ%7CD%2DGZLBX7%5EF%7CZG%2D7XFQ%5B%5DQyX7%5EF%7CQyX%5E7FZL7C%20sus7C%7CQy%5E7XyQL9b7DyQ%7CF%5E7%2CEb%2FBb%2CDb%2FAb%2CC7%2FG%2C%7C%2CU%2CF6XyQ%5D%20=Jazz%2DEven%208ths=70=3
45620c6b-fc07-4934-b70b-700eab39cd7a,irealb://Desafinado%20%20%20%20SukiW=Jobim%20Antonio%2DCarlos==Bossa%20Nova=F=5=1r34LbKcu7L7%2DGZ4F%5E7LZL5b7%2DAZL7CZL7G%2DZLxZL11%237GZLxZD7b9L4TA%2A%5B1%237GZLZD7L%5EFA%2A%5B%5D%20xZL7%5EbGLZxZL9b7GZL9b7DZ7LZxL9b7AZZL9%237ZG%2D7LAZL6%2DbBZL7%2DGZLb97DZL5b7%2DAZL7CZ%2D7LZELxZL1%23FZL7Bbo7LEZL7%2DBZL7obBZL%5E7AB%2A%5B%5D%207EZL7%2DBZ7LZA%5EZL7%5EA%7C%2C9b7%2D7LZE%2DAZL7%2DGZL7GZL7D%2DZL7o%23CZL7%5ECZL77b5%2CDBZL7%2DDZL5bC7%23117CZL7%2DGZLxZL117%23GZLxZL7%5EFA%2A%5B%5D%20LZA%2D7ZL7%2DGsZL7GG%2D7LZZL7%2DbBZLxZL7GZ7LobAZL7%2DAZL6%2DbBEb7LZZL9b7G%2D7%2CC7%2C%7CUlF6LZx%20Z%20=Jazz%2DBossa%20Nova=125=2
4521d07b-af2c-4ee2-86fd-4e35135612a1,irealb://Cry%20Me%20A%20River=Hamilton%20Arthur==Ballad=Eb=3=1r34LbKcu77C%207h4C%2D%20C7G%207%5EbEZL7bB%207F%2DZL7%2DC%206%2DCZL6b%2Db9LZG4T%7BA%2A2N%7CQy9XyQ%7CyXQyX%7D%2031b7G%206Eb1NZLsus7bB%207%2DFQXyQXFZL9bb7D%201Ah%2CD7ZL7hE%20%2DGZL9b7D6%20%2DC%7CQyX%2DGl%5BB%2A%5D%2CEb7%231s%206bE%2DCZL6%20Eh7LC%5BA%2A%5D%207G%207%2DD%7CQXy7%5EGZL9b7D%207hAZ%2D%20C%2Db%2DGZL97bB%207LZF%2D7X9FZL9b7C%207hGZ9Lb7G%207%5EbEZL7bB%20yQ%7CF%2D7%2DC%206susLZUEb6%20G7b13%20Z=Pop%2DRock%2012%2F8=86=9
45848992-51b5-433d-ba4e-ca8c64dcd39a,irealb://This%20Masquerade=Russell%20Leon==Rock%20Pop=F%2D=8=1r34LbKcu7QyX314F%2D7Xc%20llit%20pmaV%3C%7CQXy7%2DF%7CQyX31bB%7CQyue%3EBb4T%7Bi%2AhG%7CQyF%2D%2CXyQyX%2DF%7CQyX31bB%7CyQX7%2DF%7CQyX7%5E%2DF%7CQ%7CDb7X%5BA%2AS%7DG%7CQyXC7%239XyX31bB%7CQyX7%2DF%7CyQX7%5E%2DF%7CQyX%2DF%7CQyQ%7CDb7%7CQyX7QyX9bb9%2CQLQyX7%2DbEl%5BB%2A%5D%2C7%2CA7%2DEs%20%2DF%7CQyX%2DFZ%7CAb137C%207hZL%20lcXyQ%7CB%5EbD%7CQyX9b31bA%7CyQX7%2DbE%7CQyX31b7b7XyQK7%5EbD%7C9CZL3Q%7CG1331G%7CQyX7%2DGZL%20lKcQyX7%5ECZL31b7G%20%20G7b1yX7%2DD1bB%7CQQ%7C%3CD%2E%3EnepO%3C%7BQYZQyX1%2317bG%3EadoC%20la%20%2ESF%2D7XyyXsus3XyQ%7CF%2D7XyQ%7C%3CD%2EC%2E%20on%20Cue%3EBb13XyQ%7D%20=Jazz%2DMedium%20Swing=100=7
45170d2a-8016-41f0-8478-4d20ca34775e,irealb://Crystal%20Ship%2C%20The%3DMorrison/Manzarek%3D%3DSlow%20Blues%3DC%3D%3D1r34LbKcu7%7Cp%2CbE-%2CLZC%2CbBp%2CCZL%2C7bBZLF%2CZL%2CbDZL%2CbBZL%2C-p%7CF%2CpFA*S%7BF%2CpEb%2Cp%7CF%2CpDb%2Cp%7CAb%2CpEb%2Cp%7CC%2CLZC7%2C%3CD.S.%20al%20Fine%3E%20%7D%20%3DPop-Slow%20Rock%3D70%3D3
45dc893d-c7ad-491f-813a-9116cb8c1043,irealb://OLMAZSAN%20OLMAZ%3DG%C3%9CL%C4%B0Z%20AYLA%20%3D%3Dgrek%20:%29%3DE-%3D2%3D1r34LbKcu7%20-A%20iT44A-E%2C7B%2C5b7-%23FsZL%20G-AZL-E%20-AZL-E%20-LZ%7B*%2Cv*%2C%5BL%20-E%20%20LZA-%20ZL%20-El%20A*%7C%7D%20-%2CE7B%2C5b7-%23FsZLG%20B-%20LZ-E%20ZLL-B%20-ZA-%20B%20ZL%20-E%20ZL-B%20-EQ%7CyXQyXQyXQyXZL-x%20LZAL%20x%20Z3%20%2086LZXyQ-A%20ZL%20B%20ZL%20-A%20LZ%20C%20B*QyXQyXQyX%20LZ%3C*%20-E%20Z%20-AZLsenkoL%20-A%20C*%7B%20QyXZLyQXZL%20B%20ZL%20C%20%3E%20pZ%20E-%20%20et%20.yXZLQ%23-7b5LQyXZLQyXZLQyXLZQyXi*%7C%7D%20-E%2C7B%2CZ*AXyFsZLGLQyXZQLZXyLQyXZLQyX%2Cv*%2CZQLyXC*ZLQyXB*ZLQZXyQLyXZLQZXyQ%20%7C%20%3D%3D0%3D0
45896e3b-0fd1-4c9a-9850-242e298c5c65,irealb://Alison%20(Tom's)%3DCostello%20Elvis%3D%3DMedium%20Swing%3DE%3D%3D1r34LbKcu7yXAA*4B7su%2C-bA%2C-%23FZL%2CB%20-C%23ZL%2CA%20-bAZL%2CB%20sB%2CLZ%7B4Ti*%5Bsus7BQ%7CAXyXDZL%2C-%23C%20-bA%7CQXyA%7C%2CB%2C-%23C%20-bA%7CQyQ%7CB%2CyXE%7CQ%2CB%2CA%2C%7C*BAXE%7CQyXAZL%2C-%23C%20-AbZL%2CB%20A%7CQyXE%7CQyXyQ%7CA%7D%20%2CB%2CAb-%2C%7CEXyQZ%20%3DJazz-Slow%20Swing%3D80%3D20
45cd826c-3d07-4ece-aab7-55d701271d16,irealb://Take%20The%20%27A%27%20Train=Strayhorn%20Billy==Medium%20Up%20Swing=C==1r34LbKcu7yX6C14C6Xy7G%7CQyX7%2DDZL%20lcQKyX11%237DZL%20lcKQXyQ%7CN4TA%2A%7BZL%20lc%20G7%20%7D%5EFB%2A%5B%5D%207C%207%2DG%7CyQX6C2NZL%20QyXQyX7XyQK7%2DD%7CQL%20lcK%20x%20LZA%2A%5B%5D%209b7G%207G%7CQXy7%2DDZL%20lcKQyX7DC6XyQZL%20x%20ZD7%2311XyQKcl%20LZD%2D7XyQ%7CG7XyQ%7CC6XyQ%7CD%2D7%20G7%20Z%20==160=5
458d2d8e-6b46-4441-8eca-c9e1f53aaafe,irealb://Chameleon=Hancock%20Herbie==Funk=Bb%2D==1r34LbKcu7yX7bE4%3C%2A66%2DbB%7CQyX7bE%7CQyX%2D7bB%3EortnI%20ssaB%207XyQ%7C4Ti%2A%5BX7%2DbBBb%2D7X%3Ex426%2A%3C%20%207bE%7CQXy7%2DbB%7CQyX7bE%7CQy%20%7D%7B%2ABA%2A%7B%5DQyQ%7CEb7XyQ%7CBb%2D7XyQ%7CEb7%20%20%3C%2A624x%3E%20%7D%20=Pop%2DVirtual%20Funk=0=30
455da6f2-0a3b-44b3-ae52-577903719468,irealb://It%20Came%20Upon%20The%20Midnight%20Clear%3DWillis%20Richard%3D%3DBallad%3DBb%3D%3D1r34LbKcu7F%20bE%7C4Bb%20EZLbE%20bB%7C%7CQyX7FLZ7C%20bE%7CQyXbBZLbBbXyQ6TA*%5BE%7CQyXXyQ%5D%5BE%20bB%7C%7CQyXFZL7CF%20%7CQyX-G%7CQyX7DB*bLZBbbBZL7b%20F7LZBbXyQZ%20%3D%3D0%3D0
456e0e04-6a8d-4744-aad4-15e4bebbc542,irealb://It%20Came%20Upon%20The%20Midnight%20Clear%20%28Jazz%29%3DWillis%20Richard%3D%3DJazz%20Waltz%3DBb%3D%3D1r34LbKcu7D%20%2C7-4Bb%5E7sZL%20lcKQyX7%5EbBQ%7CyX6bEl%7C%2C%2BbBs%20%20Eb%5E%2CD3TA*%5BEl%7C%2C%2BC7XyQ%2C7%5EbBl%7C%295b7B%287sB%20%207F%7CQyXsus7F%7C%20%20sBbl%7C%2C9b%20%20lcK%7CBb%5E7B%7CQyX7Fl%7C%2C7-Cs%20%207%5EbElZL%20lcKQyXb6XyQQyX6b%2C9bE%2CA-7XyQyX7-Gl%7C%299b7D%28D7s%20%207-G%7CQyX7D%7CQ%7CsF%5E9lB*%5B%5D%2BbBs%20G-7%2CllC*%5B%5D%295b7B%287Bs%20%207F%7CQyX7-CZL%209CBb%5E7%20%7C%2C9D%20B%7CQyX6XyQ%7CyX7Fl%7C%2C7-Cs%20%207b%5EEZL%20lcKQyX7%5EbBQ%7CBb6bEl%7C%2Cb6%20%20sB7%28B7b5%29Z%20%3DJazz-Ballad%20Swing%3D80%3D3
453d3283-b813-444f-b659-7ea3b8328ea7,irealb://My%20One%20And%20Only%20Love%3DWood-Mellin%3D%3DBallad%3DC%3D%3D1r34LbKcu7%207-DZ4C%5E7%20-EZL7%5EF%207-A%7Cl%2C%23oG%2C7Gs%207-DZL7-A7%20A7L4T%7BA*G%2C7-Dh7)%2CG-Es1NZL7G%207-DZ7LD%207-A%7Cl%2C)7E(o%237%2CA7%2CB(7Gs%23FZL)yQXyQ%20%207-E%5BB*%5Dl%2C7B%2C%23hFs%206C2N%7CQyXQyX(C%23h7X%7Dl%2C7ZL7A%20b9LZE7%5E-E%20-EZL9b7B%20h7%23FZL)7h%23C(%20%207-LZE-77B%207hL7%5EF%207LZD-%2Co%23G%2C7Gs%207-DZL-7A%207%5EC%5BA*%5D%207G%207l%7CA-7A%207-D6CZL7A7LZDZL7D%207-A%7Cl%2C)7Eo(%23G%2C)7hB(7Gs%207-D-7%20G%207-EZ%20G7%20Z%3D%3D0%3D0
45569dc6-a048-4ae2-a543-fb897813597e,irealb://All%20Of%20Me%20%2D%20jsb=Marks%20Gerald==Medium%20Swing=C==1r34LbKcu7[]%20%20l4CXyQ%2DDZL%20lcKQyX7AZ%20LlcKQyX7EZL%20lcKXyQKc4TA%2A[%2A[]QyyQKclyX7%2DDZL%20lcKQyXD7ZL%20lcKQyX%2DAZL%20Q%7CG7XX7EB%2AyXFC%2AKcl%20LcKQyX%2DDZL%20lcKQXy7AZL%20lcKQyX7EZl%20%20][QyXCAQ%7CF%2DXyQ%7CC%5E7XyQ%7CA7XyQ%7CDh7XyQ%7CG7XyQ%7CCXyQ%7CD%2D7%20G7%20Z%20=Jazz%2DMedium%20Swing=160=3
453ae90d-f7f2-468c-92bf-07fdd3dbe096,irealb://Sweet%20Georgia%20Brown%20%20dfb%202=Pinkard%2DCasey%2DBernie==Gypsy%20Swing=F==1r34LbKcu77CZL%204D7Xyx%20ZL%20lcKQyX7GZ%20Lx%20ZL%20x%20ZL%20lcKQ%20LZ%20x4TA%2A%5BX7D%2CBl%20LZ%20QyX7A%7CQyXF%7CQyXC7%7CQyXFZL%20x%20ZL%20x%5DY%5B%2C%2AcKQyXQyX7A%20LZ%20xDZL%20x%20ZL%20x%20ZL%20clKQyX7GZL%20x%20ZL%20%2DXyQ%7ClcKQy%7CD%2DXyQ%7CA7XyQ%7CFXyQ%7CD7XyQ%7CG7%20C7LZFXyQZ%20=Jazz%2DGypsy%20Jazz=200=9
45008bec-7df4-4fd5-aa08-e63035720f7c,irealb://She%20Thinks%20I%20Still%20Care=Lee%2FDuffy==Country=G==1r34LbKcu7L7DZL4GLZCLCZL7GZLxZLxZLZGL7DZLxZLxZLGZLZxLZG4TA%2A%5BDZLGZLZ%7CxLZL7GZLxZLxZLGZ7LDZLxZLxZLGZLCZCLZxLxZLGZAZLxZZG7LZZLCZL7GZLGZL7DLZxZLxZLGZLxZLC%7CxLZGLLGZL7LxZLCZD7LZLxZLxZLGZL7DZLZxLxZLGZLCZLGZLxZG7LZLxZL7ZGLZD7LZGLZx%20%5D%20=Pop%2DCountry=110=2
454ad7bf-a49e-4c9f-90b5-cd52a784ed4b,irealb://Unos%20Ojos%2C%20A%201%3DComposer%20Unknown%3D%3DVals%3DA-%3D%3D1r34LbKcu7X-A%7CQ4%3CIntQyX-A%7CQyX7E%7CQy-XA%3Eoroc%20omoc%20or%7CA-Xy3TA*%5ByX7E%7BXyQ%7CDA%7CQyX-A%7CQyX-D%7CyQX-D%7CQyX-D%7CQyX--XyQ%7C-A%7CQyyX7E%7ByQ%7CA-%7CQyXC%7CQyX7G%7CQy7XGv*%7B%7DQyX-A%7CQyXCXyQ%7DX7E%7CQQyXQyyQ%7CA-yXQyXQyXQyXQyXyQXQyX%7DQyX-A%7CQyXQXyQXX7E%7CQyXQyXQXyQXXQyXQyXQyXQyXQXyQyXQyXQyXQyXQyyQXyQyXQyXQXyQXyQXyQXyQXyQE7%20%3DJazz-Medium%20Swing%3D100%3D3
45fe5d51-57d7-4a84-92b5-a556bffb7050,irealb://Waltz%20In%20A%3DShore%20Howard%3D%3DMedium%20Swing%3DC%3D%3D1r34LbKcu7%20no%20d8AXyQ%20NO%3CQyX%7CQyX7DZQLyX%7CQyX7EZLQyX%7CDC%20en6TA*%5BQyX7-rd%3ELZyX%7CQyX%23CZLQyX%7CyQXA%5B%5DQyX7E%7CQyXAQLZF%23ohc%20AyXAZLXyQ%7CDE%7CQyXD%7CQyX%23C%7CQXyA%7C%7CQyX%2CE/D%7CQyXbo%20B7E/7A%7C-B%7CQyyQ%7CAXX7B%7CQyXobEZLQy%7CXQyXD%7B%5DQyX7A%7CQyyQ%7CAXX7D%7CQC%20la%20N1DXyZLE/A%20E%7CQyXE/DQ%7CyXD2N%7C%7DQyX7E%7CQ%3CD.C.%7CQyX7oda%3EE7XyQ%5D%20%3DJazz-Medium%20Swing%3D100%3D3
45ee7664-6930-47ed-89c9-27ef962459c4,irealb://I%27ll%20Remember%20April=Raye%2DDePaul==Medium%20Swing=G=0=1r34LbKcu7X7%2DG%7C4G%5E7XG%7CQyX7%2DG%7CQyX6GQ%7CyX7%5EG%7CQyX6G%7CQy%2D6XyQ4T%5BA%2AX7D%7CQ6XyQ%7C%7CQyX9b7E%7CQyX7h%7CBQyX9b7D%7CQyX7hAA%2D7Xy%2DG%7CQyyX7%2DG7XyQK%5EbB%7CQyX7F%7CQyX7C%2D%5BB%2A%5D%20%20%3EeniF%3Clc7XyQ%7C%5EG%7CQylcKQyXyQ%7CFQyX7D%7CQyX7%2DAZLl%20cKQyX7%5EbB%7CQyX7%7CG%5E7X7%2DC%7CQ%20LZF%23%2D7XyQ%7CB7XyQ%7CE%5E7XyQ%3CD%2EC%2E%20al%20Fine%3E%7CA%2D7%20D7%20Z=Jazz%2DMedium%20Swing=120=4
45087b6e-dc31-405e-bbae-f7de8308a357,irealb://Amor%20Eterno%3DGabriel%20Juan%3D%3DPop%20Ballad%3DBb%3D10%3D1r34LbKcu7F%207-CXyQ%7CC7-C%7CQyXbB%7CQyXbZBL7F%207-CZL7F%207-%20F7LZbBA*%5B7F%207-XyQ%7CB%2CbB%7CQyXbBZL7F%20-7CZL7F%207-C%7CQyXbXyQ%7CCbBZL7bE%7CQy%20F7LZQyXW%7CQyXbB%7CQyX%7CWQyX7FB*%7B%5DQyXbB%7CC-7X7-CZLXyQ%7CF7XyQ%7CBbXyQ%7D%20%3DPop-Slow%20Rock%3D70%3D1
454df268-c929-4caf-ad7d-2ed25c40313c,irealb://Nine%20Pound%20Hammer%3DComposer%20Unknown%3D%3DMedium%20Up%20Swing%3DG%3D%3D1r34LbKcu7QyXQy4%20G%2CL%20ZL%2CG%20ZL%2CD%20ZL%2C%20GZLx%20ZL%2CC%20ZLx%20ZG%2C%20%5DX4Tv*%5B%20%20%5B*C%20G%2CLZ%20xLZ%20C%2CLZ%20xLZ%20G%2CLZ%20D%2CLZ%20G%2CLZ%20G%2C%20Z%20%3DPop-Bluegrass%3D175%3D3
45d951f9-7417-4284-9325-9d6bfe9bb404,irealb://Anomalous%20Composer%3DGubbiotti%20Simone%3D%3DEven%208ths%3DA%3D%3D1r34LbKcu7QyX*4*7susAZLZLQyXQyXE/*s4us7*D%7CQyXQyX*4*7susA47T%7BQyX117b9XyLQyXQyXD/bA%7CQyQXyX11-BZLZLQyXQZLZC-A%7CQyXAZL%7CQb7%239XDQyXD/7bB%7CQyXQXyD/7bBZLZLQyXQyb-7XyD%7CQyX*7sus4*%20%20C7XyQ%7CF7XyQE7XyQ%7D%20%3DJazz-Even%208ths%3D109%3D3
456bafd2-c445-4a20-9219-2312444aedca,irealb://Golden%20Lady%3DWonder%20Stevie%3D%3DRock%20Pop%3DEb%3D%3D1r34LbKcu77%5EbEA4Eb%5E7Y%7D%20sus7D%207-A%7CQXy7-G%7CQyX7-F%7CQyX%7B%2CS%2C*4Ti*%7BQyX7--7XyQ7-F%7CQyX7%5EbEZLssu7D%207-A%7CQyX7-G%7CXyQ%7CGF%7CQyX-%23F%7CQD7susGZL31bD%207-bA%7CQXy7%5EbB%7CQyX7%5EbEZLb%5E7Xy%207-A%7CL6-G%20B7sus7%5E-G%207-GZLQ%20%20ssu7D%7CQyX9-AZL7B%20LZG-7%7CQyX7X7%5EGZXyQKcQyX7%5EbAZL6-G%207G-ZL7%5E-G%207-GZL%20lKcl%20L7%5EbAZXsus7%20LZ%3CAX7-F%3EadoC%20la%20..SD%20%2Ctaeper%20retfyQ%7CBblcKQyZL7%5E-QAb-%20%7D%20%20lcKQyX7%5EAZL-6bA%207-bAZL7%5E-bA%7BA-%20A%7BY%7DQyA-7%20A-6LZBb%5E7%20%20%3Crepeat%20and%20fade%3ELZU%20x%20%20%7D%20%3D%3D0%3D0
45c7de85-20a1-4620-982f-9c53a61d202e,irealb://It's%20The%20Same%20Old%20Dream%3DSammy%20Cahn%20%26%20Jule%20Styne%3D%3DBallad%3DG%3D%3D1r34LbKcu77A1NZ4G%20E-ZL-C%20-A%7CQyX9EZ7L-B%20-EZL7B%20-AZLG%20E-L4TA*%7B%207-DZ9XyQ%7D-DB*%5B%5DQyXGZL9bD7%20-A2NZL%20QyXQyX7%20G7LD%7CQyX-E%20GAXyQ%7CCX7-A%7CQyX7AZL7E7%20-BZL7E%207-B%7CQyXyQ%5D%5B*CZL7GLZA-%20B7LZE-%20B-7LZE9XyQ%7CA-%20G-LZG%20E-LZA7%20D7b9LZGXyQZ%20%3DJazz-Ballad%20Swing%3D85%3D3
45df5bab-4ad9-49b6-9c84-6ef51ed1d47c,irealb://Trubbel%3DAdolphson%20Olle%3D%3DBossa%20Nova%3DF-%3D%3D1r34LbKcu7yX9b7-XyQ%7CbB%20%5EbD%7C%2C5b7D%2Cb/E7-F%2CE/5%237C%2C7-F-7LZCF44T%5BbA%7CQyXyQ%7CFQyXsus9bE%7CQyX7b-B%7CQyX7-bB%7CQyX-%7CEb9X-F%7B%7CQG%7CQyXAb7XyX7-F%7CQyX7-CZL7Bo%207-bB%7CQyX%5EbD%7CQyQ%7CG7%7CQyX%5EB%7CQyXQ%7CG-7L7-F%20*%5Em*F%7CQyXF-%7CQyX5%237C%7CQyX5bZBb-7yX9b7%207-bBQ%7CEb9bD%7CQyX7bA%7CQyX%5EAb%7CQyX7bE%7CQyXsus%5EXyQ%7CyX7-b%7CQyX-C-7Xy7C%2Csus7C%209b7G1%7CNQyX7G%7CQyX7-F%7CQb9%2C%7CFZL7oBC7%235XyQ%7D%20%3DJazz-Bossa%20Nova%3D140%3D3
45c66072-9ca0-4295-963b-369e75dc34f0,irealb://V%C3%A5ga%20En%20G%C3%A5ng%20Till%3DButler%20Artie%3D%3DMedium%20Ballad%3DD-%3D%3D1r34LbKcu7%20sus9-9XyQ9-G%7B%7CQyXC/9-D%7CyQX9-D%7CQyXC/9-D%7CXyQ%7CCD44T%5BG%7CQyX%5EXyQ%7CyX9-D%7CQyX9b7A%7CyQX5b7-E%7CQyX9%5EbBQ%7CD-9FZL9C%5ED%7CQy%7CC9XyyX9b7A%7CQyX5b7-%7CEQyX%5EbB%7CQyX%5EF%7CQQ%7CD%5EXQyX9-%20sus7-9XyQ9-G%7CQyX9-D%7CQyX-9DZL9b7A%205b7-E%7CXyQ%7CAG%7CQyXX%5EbB%7C9susXCZL9b7A%205b7-E%7CyQX9-G%7C%7DQyX9D%7CQy%23oXyQDZL7A7-E%7CQ7b5XyZL9b7F%207-CZL7-%20G9-D%7CQyXsus7A%7CQBb%5EXy-E%7CQy-C%209-b9LZCsus9A%7CQyX%5EbB%7C%2CF7%2C7-C%207-D%7CQyXo%23XyQ%7CD7A%205b7%2CF7%2C%7CBb%5EXyQ%7CA7susXyQ%7CD-9XyQ%7CD-9/CXyQZ%20%3DJazz-Ballad%20Double%20Time%20Feel%3D70%3D3
4589d4be-3e4d-47a6-91b9-9b0678716499,irealb://Mon%20Seigneur%20et%20Mon%20Dieu%20%3DLafitte%20Corinne%3D%3DWorship%3DD%3D%3D1r34LbKcu7*%7B%5DQy4DXyQXG%7CQyX-B%7CQyXD%7CyQXA%7CQyXG%7CQyX-B%7CyQ%7CAX4TA*%5BQyXD%7CQ%7CB-XL7A%20sus9A%7CQyXGQ%7CyXD%7CQyX%23C/A%7CQyZDXyQyX%23FB%7D%20%3D%3D0%3D0
458f8171-a676-443b-8e08-7b1222996884,irealb://Stablemates%20Cadence%20x%201%20%2d%20Homers=Charts%20Practice==Medium%20Swing=C==1r34LbKcu7%5eBZL7%20Ab7L%23CZL7G%207%2dDZL%20lKcQyX%5eCZL7G%207%2dDZ%2d7%20F%237%2dbE%7c%2dBZL7l%20LZ%7cZL%20lcKQyX%5ebBZLF7%207%2dCZL7bG%207%2dbDC%2d7%20FcKQyXbB%7cZLZA%5eXyyX%5ebAZL7bE%207%2dbZBL7E%207%2dBZL%20lcKQQKcl%20L7E%207yX%5e%23F7LZA%2d%207%2d%23GZL7D%207%2dAZ%20LlcKQyX%5eGZL7D%207C%237LZbE%207%2dB%207%2d%23LZAb%2d%207%2dGZL%20lcKQyX%5eZFL7C%207%2dGZL7bD%207C7LZF%20lcKQB%207%2dFXyQKcKQyX%5ebEZL7bB%207F%2dZL7bC%207%2dbGZL%20lcl%20LZ%5eEZL7lcKQy%2d7%20A7L7bA%207%2dbEZL7A%20%2d7EZL%20lcKQyX%5eDZLZDb%5eXEZL7b%20%20%7c%20==0=0
45d5856e-53e3-417a-9fe6-207a23b5ce18,irealb://Cleopatra%27s%20Dream=Powell%20Bud==Medium%20Swing=G%23-=11=1r34LbKcu7A%7CQyX4Bbh7yX7hbBZL%20lcKQy6X-bA%7CQyX7bE%7CQyXQ%7CEb74TA*{7bEZLQ%7CU%20xyX6-bAZL%20lcKQy7XbEB*[}%20%20%3EeniF%3CQKcl%20yX6-bXyQKcl%20LZAb-6XyQ%7C%3CD.C.%20al%20Fine%3E%20x%20%20]%20=Jazz-Medium%20Swing=120=0
45771b04-888f-4adb-b841-989f17cd5a48,irealb://Forget%20You%3DCee%20Lo%20Green%20%28Glee%20Version%29%3D%3DRock%20Pop%3DD%3D%3D1r34LbKcu7E%7CQyX%7CEXyQvird%20uoy%20ees%20I%3C%20A*%7B%7CQyXD%7CQyXG%7Cin'%3EDQyXD%5Bos%20m'XyQ%7CDY%20%3CB*%7B%20%3Ex4%3CQyXyQXQyXQyXQyX%7DQyXeah%20IG%7CQyXvird%20.%3EDXyes%20I%20%3CA*%7B%7D%20%3Ex4%20%3C%20D%7CQyXG%7CQyXE%7CQe%20you..yrrwoN%3CC.%3EDXyXQyXQyXQyXQyX%7DyQXD%7CQyXG%7CQyXE%7CQyQ%20%5B*..'ni%7CQyX7%20baby*m*E%7CQyX*m*B%7CQXy*m*%23F%3E...ybab%20XyQ%7CAybab%20%7CQyX7%2C%20F%23%2C7EZL%23D/B%20%2CD/*mB*%20%2C%23C/A%20%2C*m*BZLXyQ%7CA*m*%23F%7CQyX7%7CGXyQ/B%20D/*m*B%20%23C/A*%207m*B%7CQyXA/7%5EG%7CD%23LZEQyX7EG%5E7XyQ%7C%3C%20%20%282nd%20A%29%3EAXyQ%7CG/AXyQ%7CXyQXyQ%20%20*A%20%3DJazz-Medium%20Swing%3D100%3D3
4536f36b-78a7-4804-829c-eb107dab49c2,irealb://Blues%2009%3DComposer%20Unknown%3D%3DBlues%3DC%3D%3D1r34LbKcu7X7C%7CQ7XyQ%7Cd*%23F%7CQyX7FZL7C7%20-G%7CQyX7C%7CQyX7Fim*XyC44T%5ByQ%7CA7XyQ%7CD-7XyQ%7CG7XyQ%7CC7%20A7LZD-7%20G7%20Z%20%3DBlues-Chicago%20Shuffle%3D125%3D3
4555269d-f637-4609-b5ae-c3d30c36b98a,irealb://Riscaldamento%20In%20Sol%3DComposer%20Unknown%3D%3DMedium%20Swing%3DF%3D5%3D1r34LbKcu7G%7CQyX%5E7XyQXsus7C%7CQyX7-bBQ%7CyX7%5EbB%7CQyX7-F%7CyQ%7CBoF44T%5B-7XyQ%7CA-7XyQ%7CAb13%2CXyQ%7CG-7XyQ%7CGb%5E7XyQ%7CF%5E7XyQZ%20%3DJazz-Ballad%20Swing%3D70%3D12
453f03e3-dc61-405d-8915-2969daf6081f,irealb://Paint%20it%20black%3Dstones%20rolling%3D%3DRock%3DC%3D%3D1r34LbKcu7D%7CQyX-XyQ%7C7B%7CQyXx%7CQyX-E%7CQ%7CyXx%7CQyX7B%7CQyXxXyQ%7CxE44T%5B%20GLZD%20E-LZD%2CG%2CD%2CA%2C%7CB7XyQZ%20%3DPop-Rock%3D135%3D4
455c3d06-05da-4552-9562-c12ceb0070bd,irealb://Standard%20%237%20-%20%22Night%20and%20Day%22%3DHungerford%2C%20%22Walking%20Jazz%20Lines%20for%20Bass%22%20pp.53%20%26%2074%3D%3DSwing%3DC%3D%3D1r34LbKcu7retroD-7b5C%20%20QyXQyXQyX47%3C*%207%5EC%7CQyX7G%7CQyXole%20P44T%7BYX7-F%7Cx%20LZD7-%23FZL%20lcKQyX7C%5E%7CQyX7G%7CQyX5b7-b5XyQ%20ZL%20%3EZL7bB7XyQ%7C1N%7CQyX7%5EC%7CQyX7%7CGQyX7-D%7CQyX7obEx%20%7DN2-E%7CQyZL%20lcyQKcl%5ECZL%20lcKQyX7%5EbZEL%20lcKQyX7%5ECZL%207XyQKX7%5EbE7%5EC%7CQ5XyQ%7CQyX5b7-D%7CQyX7oEb%7CQyX7-E%7CQyX7-F%7CG7Xyb7-%23FXyQKcl%20%20Z%20%3DJazz-Medium%20Swing%3D100%3D2
45aa519a-983d-4970-9e17-40df8ad79d7a,irealb://FF6%20-%20Kids%20Run%20Through%20The%20City%20Corner%3DUematsu%20Nobuo%3D%3DWaltz%3DC%3D%3D1r34LbKcu7QyX*mT34D%2CXGSA*%7B%5D%20%2CD%2FGQyDXZL%2C%23F%2F7D%20%2CE%2FC%20yQ%7CE*%5B%20QyXQyX*mQ%7CB*mXG%7CQyXD%7CQyXF%7CQXy*m*A%7CQyXC%7CQyX*yQ%7CE*yX%2CG%7C%7CQyXGXyQ%7CGXQyX%7DQyXG%7CQyXo%7CCQyXD%7CQyXC%7CQyX7yQ%20LZ*m*B%7CGZL%2CDyQ%5D%5B*%7CQyXC%7CQyX7G%7CQy*Xm*B%7CQyXD%7CQyXCBA*m*%20XF%2F7GQyXD%7C*m*%2FFQyXF%7CQyX*m*E%7CQXyA%7CQyX*m*E%7CQyX%23%7CCXyQB%7CQyX%7CCoXyQ%7CGXyQ%7CGXyQ%7CAh7%2FG%20%3CD.S.%20al%20Fine%3E%20%20Z%20%3DJazz-Even%208ths%3D90%3D3
456ddfd1-4b0e-43b3-bc81-0845b085b5be,"irealb://Buenos%20Aires=Peluso%20Nathy==Soul=F-=10=1r34LbKcu7%2011-F4Bb-9C%205%237%5EbD%7C,7bA,-9bE%2011-FZL9b7C%207b9LZ4Ti*{Bv*[]11%20}%7C%5EBZL%5EbD%207bE%7CQy1X1-FZL9b7C%209-bB13XyQ%2331bB11%23317b9LZ-FZL9b7C%205%237%5Eb%7CD,7bA,9-bE%2011-F11%20BbC%209-b%20lcKQ9%20C7bF%7C]QyX31%5EBZL%5Eb%20D7bE%7CQyX11-FZL9-11Xy-bBZL1-bB%7CXyQ%7CC7C%7CQyX%5EbDZL%20lcQKyX11-F%7C%7CQyX9b7b9XyQ%5EbDZLQyX11C-11XX11-bB%7C,9%237F%20%2011-C%7CQyX11-bB%7CQyyQ%7CC-%7CQyX1D%7C,7bDoLZEE%2011-FZL9b7C%209b-Bv*{%7CQyXsus31bb-9,A%20%5EbD%7C7bE%7CQ%20C7b9F1NZL9b7C%209-bBLZ11%2331bB%2011-FZL-11Xy5%237%5Eb%20Db%5ELZB%5E13XyQ}%7CN2Db%5EXyQ%7CDo%20Eb13susLZC7XyQKcl%20%20]%20=Pop-Soul=80=1"
45e3cbdd-c811-49cb-b289-a303e5b7ca97,irealb://Can't%20We%20Be%20Friends%3DSwift%20Kay%20%3D%3DMedium%20Swing%3DBb%3D10%3D1r34LbKcu7%207-C%7C4C7%2CXZL%2C7bD%207-DZL%2C7F%23%20%2CbB%7CQyX%2C7F%7CQyC7XyQ4TA*%7BEB*%5BQBb%20EbQyXQyX%5DQyX7bB2%7DN%20%2C7G%207-D1NZL%2C7XyQXyZL%2C7FCA*%7C%5DEo7XyQyX7GZL%20lcKQyXb7AZL%20lcKQyXbB%7CQKcl%20%20%7CQyXbbE%20bBF7XyQ%207-C%7CQyX7CZL%2C7Db%207-DZL%2C7%23F%20bB%7CF7%2CLZ%7CQyX77%2CLZBb%20B7b9%2C%20%5D%20%3DJazz-Medium%20Swing%3D100%3D3
452ca82f-fa11-4e46-b101-93e7412c0855,irealb://Chantilly%20Lace=J%2E%20P%2E%20Richardson==Medium%20Swing=C==1r34LbKcu7QyX7FT22C7ZL%20lcKQyX7C%7CQyxX%7CQyXFZL%20lcKQyXFXyQ%7C%2CA%2A%2C%7B7C%2CB%2AQKcl%20lcKQyXFZL%20lcKQXy7CZL%20lcKQyXFZL%20%20%5D%7C%2CyXbB%7C%20lcKQl%20LZFQyX7F%7CQyXFZL%20lKcQyX7CZL%20lcKQyX%7CBbXycKQyXLZFXyQKcl%20LZC7XyQKcl%20LZFXyQKcl%20%20%7D%20==0=0
451c8ced-bfcd-4fc0-9bbc-9a7e5e55133d,irealb://Tisra%20j5=Fuchs%20Kristina==Even%208ths=C==1r34LbKcu77bDZLb7%20LZL%207bD%7CQyX7bBZL7%20bBZL%207bBZL%207bBZDb7%20B86T%5B%20LZDb7%20LZDb7XyQ%7D%20==0=0
45951370-fcc3-4270-ae05-d3b11f55d579,irealb://Dark%20Eyes%20(w%20intro)%20dfb%3DTrad.%3D%3DMedium%20Swing%3DD-%3D5%3D1r34LbKcu76-DZL4D-69l%2C-bE%7C%2C-D%2C-%23CsppZL%20x%20ZL%20lcKQyXD-69%204Ti*%5BZL%2096D-%5E9XbE%7C%2C-D%2C-%23Cspp%7CyQX96-D%7C%7CQyXn%7CQy-%2ClD-%7CQyX97A44T%2CD-%2C%7CQyXnlZL%20np%7CQyX69-DZL%2096-Dl%2C-bE%5DY%7B*A-CsppcKQyXl%20LZD%20lcKQyXbBZL%20lcQKyX7AZL%20lcKQyX-LZG-6cKQyXl%20LZD-XyQKcl%20LZA7XyQKcl%20LZD-XyQKcl%20%20%7D%20%3DJazz-Medium%20Swing%3D138%3D3
45be23a3-840e-4098-9872-c55646d5c2a3,irealb://Do%20You%20Know%20What%20It%20Means%3F%20(Dixieland%20Tunes)%3DLouis%20Alter%2C%20Eddie%20De%20Lange%20(1946)%3D%3DMedium%20Swing%3DC%3D%3D1r34LbKcu7-D1NZ4C%20G%2B%2FCZLo%23F%20F%7CQyX9ZDL-A%20-EZL-A%20CZLG%20A7L4TA*%7BAZL7bG7%20G%2BBB*%5B%5DQyXCZL7G%20-7D2NZL%20QyXQyX%7D%20b-7%20E%7CQyX7%5B%5D%20%2BGBb-7%207D%207-A%7CQyXGZL7%20D7-A%7CQyXbAZL7bELZG7%20%7CQyXbZL7G%20%2BLZC%207A%20G%2FCZLo%23F%20F%7CyQX9DZL-A%20-EZL-ALZD-7G%20CA*CXyQZ%20%3D%3D0%3D0
45b64995-5476-422e-9253-ca52232332bb,irealb://Dominant%20Root%20Progression%20%235%3DSteinel%20Mike%3D%3DMedium%20Swing%3DBb%3D10%3D1r34LbKcu7%7CQyX7b7XyQX7F%7CQyX7%23C%7CQyXA7%7CQyX7%23F%7CQyX7D%7CyQ%7CAbB44T%5BC7XyQ%7CE7XyQ%7CG7XyQ%7CB7XyQ%7CEb7XyQ%5D%20%3DJazz-Medium%20Swing%3D120%3D3
45590af7-25cf-46b5-83f1-35b465971b53,irealb://Rhythm%20Changes%201%3DVarious%3D%3DUp%20Tempo%20Swing%3DBb%3D10%3D1r34LbKcu7bEZL74Bb%20GBZL7F%207-CZL7-G6%20bBZL7F%207-CZL7-b6%20Bb4TA*%7BlcKQy7LZBb%5B%20QyXQyXQyXQyXyQX%7DQyX6bBZL7F%206*BD7X-bE%207-CZL7XyQKcBA*%5B%5D%20%20lcKQyX7ZFL%20lcKQyX7CZL%20lb%5E7%20G7GZL%20bBZL7ZD-7%20ZL7bA%207bEZL7bB7%20-FZL7F%207-CZL7GC-7%20FL7F%2076XyQZ%20%3DJazz-Up%20Tempo%20Swing%3D240%3D3
45958762-3a83-45d1-9cf8-bec3f4cb07c6,irealb://Rene%20og%20Store%3DThunemyrberget%20Lage%3D%3DMedium%20Ballad%3DC%3D%3D1r34LbKcu7C/F%2C%23XyQ%7CCD%7C%2CG%2CG/C%207-DZL/EC%20FZLE/7C%2C7-D%2C-%2CA/CC44T%5B%2CC/Bb%2C%7CF/A%2CC7/G%2CFLZG%2CF/G%2CG%2CC/E%2C%7CD-7%2CF/G%2CC%20%5D%20%3DJazz-Even%208ths%3D85%3D4
455da45c-df3f-4d71-ab1f-91530654aed5,irealb://La%20Pasionaria%3DHaden%20Charlie%3D%3DWaltz%3DC%3D%3D1r34LbKcu7b7A%207-%2C%20A77%5ED%20ZL9b7A%207%5EbZEL%207-D%20ZLE%2F5%239b%20LZC-D86T%7BZL7C%20-7%20LZ%207%5EG%20ZL%20sus7D%20%7D%7C%20%207-D%20ZL%205b7A%20LZG-7D%20ZL9-DZL%20LZEb%5EL%23C%2F9b7A%207-CZL7%20%5ED%20ZL%23C%2F9b7A%207Z%20D-7%207%5EF%20%5EbBZLZC%5E7%20%5ECZL7G%207-DZL%207%20AZLhE%207%5EbBZL7%5EF7%20F%5E7L7G%2077%20EhLZA7LZx%20%5D%20%3DJazz-Ballad%20Even%3D80%3D4
45660daa-892d-4aba-9157-381912811d0e,irealb://Jealous%20Guy%3DLennon%20John%3D%3DPop%3DG%3D7%3D1r34LbKcu7Ws%20%20%2C4G%20E-XDZL-E%20GA*%7B%5DQy-XE%7CQyX7D%7CQyXDZLyQ%7CD74Ti*%5B%20CZLFlE-XyB*%5B%5DQyXC%7CQyX-EQ%7CyX7D%7CQyX6-E%7C%7CQG%20G7%2F%7C%2C%23D%2FC42TZLZG%20G-EZL%23F%2FW%20Gl%7C%7C%2C%2FAWs%20%20%2CbBZLF%2Fsus%20W%2FDLsus7DX6-E%7C44GXyEl%7C%2C%23D%2FWs%20%20%2C7DQ%7CyXDZL-E%20GA*%7B%7DQ-XyQ%7CT%7CQyXZLF%2FsXyQ%7CEZLsus7D%20CZLF%2F7%20GGB*%5B%5DQyXC%7CQyX-G%20Gsu7D%7CQyT%5BY%7DQsW%2FA%2C44T%7CQyXC42TZLDW%2F%20-EZL%23F%2FW%20Gl%7C%7CN1GXy%20%20%2CbB44N2G%20CLZG%20CLZGXyQZ%20%3DPop-Rock%3D68%3D1
45eecfa5-3543-4688-b0dc-81de2b79b64e,irealb://Francy%20dance%3DZeppetella%20Fabio%3D%3DMedium%20Swing%3DC%3D%3D1r34LbKcu7us9b769XyQcKQyX96AZL%20lcKyQXsus9b7AZL%20lcKl%20LZAA42T%7B9E%7CQycl%20U%20QyX7%23F%7CQyX7h%23CQ%7CyX7-B%7CQyX7%5ED%5BZ%7CB-7XKQyXs1NZL%2C-9XyQh%23G%7CQyX7%5EG%7CQyXD9%7CQyX7-A%7CQyX7A%7C7%20C%237E%7CQyXQyX7-yQ%7CB7QyX7A%7CQyX9E%7CQy7XB%7CQyX7-E%7CQyX9b%7DN2F%23X7%5E%23F%7CB7%239XyQ%7CE-7XyQ%7CA7XyQ%5D%20%3DJazz-Ballad%20Even%3D55%3D4
45d41806-9d9f-4b03-8b23-66d491295459,irealb://Taj%20Mahal%20Giulio%3DComposer%20Unknown%3D%3DBossa%20Nova%3DC%3D%3D1r34LbKcu7%5B*AT44B-7XyQ%7CC%23-7XyQ%7CF%23-7XyQ%7CxXyQ%5D%20%3D%3D0%3D0
45f09ff4-1fa3-4ba8-835f-6c60ef9af74e,irealb://Guitarra%201%20-%20Ciclo%20de%204as%20-%20Arpegios%20em%20Tr%C3%ADades%3DComposer%20Unknown%3D%3DMedium%20Swing%3DC%3D%3D1r34LbKcu7B%7CQyXXyQ%7CFyX-bD%7CQyXbA%7CQyoXbA%7CQyX%2BbB%7CQyX-Q%7CGb%2BC44T%5BXbE%7CQEXyQ%7C%7CQyX%2BF%7CQyX-C%7CQXyoG%7CQyX%2BD%7CQyX-ABboXy%7CQyXoyXG%7CQ-XyQ%7CQyX%2BA%7CQyX-E%7CQyBX%7CQyXobG%7CQyX%2BbD%7CDoXybA%7CQyX-B%7CQyQ%7CFoQyXobD%7CQyX%2BbA%7CyQX-bE%7CQyXbB%7CQyX%7CGbXyX%2BC%7CQQyX%2BbXyQ%7CA-bB%7CQyXF%7CQyXoCQ%7CyX-G%7CQyXD%7CQyXoXyQ%7CE%2BE%7CQy%7CAboXyQ%7CDbXyQ%7CGb-XyQ%7CB%2BXyQ%7CEoXyQ%7CAXyQ%7CD-XyQ%7CG%2BXyQZ%20%3DJazz-Medium%20Swing%3D40%3D3
45e01b58-1734-4586-94c6-5e5b9b69a603,irealb://I%20Cover%20The%20Waterfront%20with%20Intro%20and%20Verse%3DGreen%20Johnny%3D%3DBallad%3DEb%3D%3D1r34LbKcu7bB%20bE4Eb7%2CQyXbEZL7-bB%20bELZ7-bB%20bEZL7-bB%20%5DY%7B*v4Ti*%5B%20QyXQb%20Bb-XbEZLbB%20bE%7CQyX-7bBZL7-bB%20bEZL7yQ%7DXyEZL7-%7CQyX7C-7%20FobG%207-GZL7%5EbA%20%5E7bEZL7bB%207-FZL77LZF-A*%7BY%20ZL7C%20s%20Bb77bB%207-FB*%5B%7D%209bC7%207hG%7CQyX7%5EbEZLLZG-7us7bB%207bB%20b7LZE7C%207-GZL7-D%207%5EZFL7C%207-G%7CQyX7%5EbLZF-7B%207-FB%7CQyX-7%20F77obG%207-GZL7%5EbA7%20%5EbEZL7bB%207-FZLLZF-7CA*%5B%5Db7sus%20Bb7LZUEb%5E7XyQ%7CGh7%20C7b9%20Z%20%3DJazz-Ballad%20Swing%3D69%3D3
45b3669f-2b28-44d3-8621-921324616616,irealb://Willow%20Weep%20For%20Me%20%28DGM%29%20030=Ronell%20Ann==Slow%20Swing=G==1r34LbKcu7L6FZL4snA%2D%20%2C9bEZL9bBZL7FLZ9CZL31GZL9D%7C%2C7C7%235%2C4Ti%2A%5B7%2DAZLB7%2C%20%5D5%237D%20%2C9FZL7CZL13GZL9DZL7AZL9E%5B%2CLZG6%20%2C7CZ%20%2CB%2FG%20%5DXyQ%2C7%2DA%2Co%23G%2CGZL7C%2C%20GZL7C%20GSA%2A%7BQyXBbo%2C%7C%2C7D%20%2C%7D%20%2BD%20ZYC7siF%3C1NUZL9C%207%5EGLZ9bA%209%2DCZL9C%20sune%3EG7L%2C7bDB%2C7F%2CQXyQX7G%207%2DGZL9bA%20%2DC%2AB%5B%5D%207bD%20G2N%7CYQyLZC%2D7yXQyX%207bA%7C7%2C%7CAb7bB%2C7F%2C%2DCZL7G%20G%2DZL9bA%20%2DCZL7G%207%2CEb7%2CbE%2C7bA%2D7%2C%3CD%2ES%2E%20al%20Fine%3EAb7%2C%5D%20==0=1
45e2b759-b11a-44f5-bfd5-1ee41588a2cf,irealb://Cheek%20To%20Cheek%20%28DGM%29%20128=Berlin%20Irving==Medium%20Up%20Swing=C==1r34LbKcu7bEZL%2C4C%2C%20A7%5ECZLQyX%7CrQyXZ%2CL9b7G%20%2C7%2DDZL9b7%2C%20D%2D74TA%2A%7BX7A%7CQELZBbL%2C7%2DD%207GZL%2C7%2DD7%20G%7CZL7D%207A%7CQyX7ZE7Xy%2FC%207oyXQyX7XyQ%7CG%20%2C7%2DD1NZL9b7A%2C%20C%3EeniF%3CU%7CQyX7G7b9%20%7D%2DD%7CQyC%7CQyXyQ%7CN2QyX%7CrQyX%7CQyX%2CCQ%7CyX%2C7GB%2A%7B%5DQyX%2CCLZG7%2CXQyXQ%7CQyX%2D%2D7%2C%20GQyX%2CC2N%5BQyXQyXyQXQyX%7DQyXC1NZL7%5D%7C%2ACCD%7CQyX%207%2DDZXyQ%7CA%2DAZL7E%205b7%2DB%7CQXy7%2DDZL%20lcKQyX9b7%20D7LbB%2F%2DCG7%3CD%2EC%2E%20al%20Fine%3E%20%5D%20==0=1
4542f0c0-7048-4a7e-a60d-cd73a19881cd,irealb://Song%20Is%20You%20%28DGM%29%20231%2C%20The=Kern%2DHammerstein==Up%20Tempo%20Swing=C==1r34LbKcu7yX7G%7C4C%5E7LD%7CQyX7A%7CQyX7%5ECLZ7GZL7%2DDZL7obEZ%2D7XyQ4TA%2A%7B7A%207%2D%2D7XyQ7bB%7CQyX7%2DF%7CQyXG7%7CQyX7%2DD%7CQyX7A%7CXyQ%7CEE1N%7CQL6CZL%20G7%20%7DL6CZL7G%7CQyX7%2DDQ%7CyX7A%7CQyX7%2DE2N%7CZBb137%2DDZLX7%2D%23Cb5%20B7%5EEZL7BZL7%2D%23FZL%2D7%23CZL7%5EEB%2A%5B%5D%209b7XyQ%7C7%2D%23FZLx%7CQy%2D7b5XZLxZL7%23CZLx%7CQy7X%2D%23G%5B%5DQyX7%23D%7CQyF%2313X%23A%7CQy%207%2DGZyQ%7CG7L7GZL7%2DD%7CQyX7oEb%7CQyX7%5ECA%2A%5B%5DQyXZC%5E7LX31BZB%7CQyX%5E7LZBX7G%7CQyX7%2DD%7CQyXA7%7CQyX7%2DE%5B%5DQyX9byQ%7CC6FZL7Cb13XyQ%7CC6XyQ%7CU%3CFine%3EC6XyQZ%20==186=1
45ca7cc5-f8fe-4721-b002-acda12544661,irealb://Jazz%20Samba%20%28S%C3%B3%20Dan%C3%A7o%20Samba%29%20%28DGM%29%20537=Jobim%20Antonio%2DCarlos==Bossa%20Nova=Eb==1r34LbKcu77bA%2064EbXySA%2A%7B%5DQyX5%237bB%7CyQXbE%7CQyX5%237bB%7CQT44Eb4Ti%2A%5BB1NZL%20C%2D7LE%7CQyX9bB%7CQyX7%2DZFL7F%207%2DC%7CQyX9FZb6%20%20Q7%2DGZLbA%7CQy%7DXyQXQyX7%2DbBB%2A%5B%5DQyX%2357bE2N%7CQyXQyXQy%7CEb9XQyX9bdoC%20l%7CAb6XD%3C%20%209bB%7CQyX7%2DFQ%7CyX9F%7CQyX7%2DC%7CQy%2ES%2E%20aQyX7%5Ea%3E%20%5D%5BQEb6XyQKcl%20LZF9XyQ%7CF%2D7%20Bb9LZEb6XyQZ%20=Latin%2DBrazil%3A%20Bossa%20Acoustic=164=1
4543cf29-0448-4294-a082-5db983c27c4b,irealb://It%20Ain't%20Me%20Babe%20(Cash)%3D(Cash)%20Dylan%3D%3D213%20bpm%3DG%3D%3D1r34LbKcu7ZLxZL4%3C%20%20TL%20%7Cr%20ZL%2CGZL%2CCZxLZLxZLxZLG%3EittuZGLZx4Ti*%5BLxZLGQXyQ%20L%2CGZLxZL-AZLxZGL%3EesreV%20%20%3CA*%7BY%20ZD%2CLZyX%5D%20xxZLG%3ELZA-Lc-erP%20%20%3CSB*%5B%5D%20ZxLGZL%2CDZL%2CGZLxZhorusxZLGZLCZLxZxLZGLxZLGZLxZL-AZLZxLGZLxZL-AZLxZLZA-LZL-AZLLxZLGLZx%20%5DL%2CCZLxZLG%3EsuroCh%20%20%3CC*%5B%20%20QyXQyXZD%2CLZDZLxZS.D%3CZLZG%2CLQ%2CxZLGZL%20%7Cr%20ZLZGLC%3EsnroH%20%3CZLxZ%2CLZGLDZLCZniF%20QCoda%3ED%2FW%2CGsZLD%2FW%20GQ%20%5BQyXQyXQyX%7DQyXG%2Cf%3CXy%20la%20.e%3ElG%20Z%20%3DPop-Country%3D213%3D1
459e9019-b142-46fa-b8c7-3d80dc4c7a0b,irealb://I'm%20Available%20To%20You%20pt.1%3DMoody%20Carlis%3D%3DGospel%20Ballad%3DBb%3D%3D1r34LbKcu7sbB%2CFBb%20BbB%2CF%2CbEZLD%2FbB%209G-ZL%2CF%2FbE%20bEZLD%2Fbsus%2Fs44T%5BLD%2FbB%5D%7BF%2FBF%2F-C%20bA%2FbBZL-CC%20%2F-G%7C%2CB%2FG%2CbB%20%2CbLZBb%20%2CG%2FsuG%2FbE%20b%2FDLZyXF%2FbEZLE%2F9C%20Cb%2FBZL-G%2C%23F%2F7D%2C7DQ%7CN1%20B%20bEZ-D%20bBLZT24QyXQyX%5D%2CA%2FF%2CF%2FEb3N%7D%2CA%2FF%2CF%2FbE2N%20%5BT44%7DA%2FF%2C%2CE%2FC%2CGLZCs%20-G%7C%2CbG%2FD%2CF%2FbE9%20%5EbEZL7-D%2C-C%2CsuC7sus%20bEZL%2FbB%20bEb%2CD-2bEZLD%2F2bB%2C-C%2CussCZLG%20bE%7C%2CbB%2C7XyQ%7CB%2FF%2CF%7CC%20bA%2F%20Eb%2FGC%20C%2F-G%7C%2CB%2FG%2CbB%2C%20bB%2FF%7B%20QyX%5BA%2FF%2C-LZBbbEZLGyXF%2FbBb%20BbC%2FbBZL-G%2C%23F%2F7D7%2CDZLD%2FbB%20bEZLD%2FXyQ%7CEZLF%2F-Q%7C%7CT24Eb%2FF%2CF%2FA%2C%5D%20%3D%3D0%3D0
45075773-5461-4490-a202-dfa0f42b8aa0,irealb://IV-iv-I%3DMcMillan%20Marcus%3D%3DMedium%20Swing%3DC%3D%3D1r34LbKcu7%7BF%20LZF-%20LZC%20LZ%20x%20%20%7D%20%3D%3D0%3D0
4507d8c5-732c-43fb-b914-83d977619308,irealb://IV7-%23IVdim7%3DMcMillan%20Marcus%3D%3DMedium%20Swing%3DC%3D%3D1r34LbKcu7%7BF7%20LZF%23o7XyQ%7D%20%3D%3D0%3D0
45215b88-da72-4ed8-8963-c0beebd22df6,irealb://It%20Might%20As%20Well%20Be%20Spring%20-%20Verse%3DRodgers%20Richard%3D%3DBallad%3DG%3D%3D1r34LbKcu7ZL7D%207LZG6yXD%2FGZL7hA%20CZLG7%206GZL7%5EG%20GZLG%20Q%7CA-7%5EG%20G%5BG6%20GLZC%20Ah7LZG%2FDXyQ%7CA-7%20D7LZG6XyQ%5D%20%3D%3D0%3D0
4581e585-a3b4-4d8c-9239-20b98431bb19,irealb://Jesus%20A%20Rocha%20Eterna%3DBorba%20Asaph%3D%3DRock%20Ballad%3DBb%3D7%3D1r34LbKcu7QyX%5D%207%20D-7sF%7CQyX%5EbEZLQyXZCL7-D%207-GZL%20CZLus%20F7-Gi*%5B42TZL%7B*ASBZL7-D%207-GZL%2C%5Eb%20BbB%2FFZLbB%2FbE%20%5EbEb%5E%20F%20%20QyX%207-G%7CXyQXybB%2CF%2CbEZL7-D%207G-44TB*%5B%20QyXQyXQ%2CF%2FA%2C%7C%7D%20%20FZLD%2FbEb%5E%20FZLbB%2CF%2CbEZL7-Go%20A44T%7BQyXF42TZLEb%5E%20BZL7-D%7B%5D%20%3EaXyQ%7CTa%20.S.D%3CQ%20%20F%7CQy7X-C2N44T%7DQyXF42l%20Cod7-C1NF%7CQyXb%20FLZXbBZLF%20bEZLQyX-7G%7C%2CF%20bE%7CQyX%5EbByQ%7CEbE42TQXyQ%7D%7CBb%5EXyQ%5D%20%3DPop-Slow%20Rock%3D70%3D1
4521d616-3782-4267-bb88-b2c51db0fcb1,irealb://Killing%20Me%20Softly%20With%20His%20Song%20%28Lori%20Lieberman%29=Fox%2DGimbel%20%28Lori%20Lieberman%20%2D%201972%29==Pop=Ab=8=1r34LbKcu7X%2DF%5B%2044%3C%2A7yX%5D%20%20x%20ZL9dda%2D%20F%2DF%3E501%7E%20mpb%20%204QXyQ%20Ti%2A%5BYA%2FWs%20%2Dadd9l%7C%2CC%2FbAs%20%202ddaDbZLbA%20susbA%7CQyXBb%2D7%20bE%7CQyA%2A%5BY%5Db%2FG%20L%E2%97%87%20QyX36%2A%3C%7C%2CsussF%20%20%2CFZL%202ddabAZ%3ElF%2C%20El%7C%2CbQyX7%2DXyQ%7CEC%2F4ddabAs%20%20bD%7CyQX2ddabA%7CQyXG%2Fb%2C%7ClBb7%2DbBS%2F2Cs%20XyQ%7CF2ddabA%7CQyXbE%7CQXy7%2DbBZL%20lcKQyX%2DXyQ%7CCG%2FbE%7CbElZL%2C%5DY%5B%2AZL%2DFZL2ddabAZLEbZL2ddabDZL%2DFlBsBb%2FDE%2FC%2CDD%3CZL%3EZAbadQyXQyX75%2A%3CFZLxLZ2ddabGZLbDZL2dXyQ%20%E2%97%87LbDZL%20edull%20Fin%2047%2A%3C%5BY%20QyX%3E%5DA%20%5Bot%E2%86%92%2063%2A%3C%5D%20Qx%3Eeintera%20%2ES%2EX7%2DbBr%2E%29%3EB4ddabAs%20%20bD%7CQybXA%7CQyXbG%7CQyX7%2Db%2FC%2C%7Cltsni%28tuo47XyQ%7CABQ%7BYY%5DQyXF%3Eado%20Cla%20%2ES%2ED%20%3C%7CQyXbb%2D7%3C%2AbE%7CQyA%7CQyXQ%7CGbXX7%2DbBl%7C%2CC%2F4ddaAbs%20%20bD%7CQyXbA%7CQyyQ%7CEbyX%3EorbXyQ%7C%3CXyQXyQfade%20out%3EFXyQ%7D%20=Pop%2DRock=105=1
45c64ff0-dd9f-4c9a-84c6-5d7c404709b0,irealb://Lament%20For%20Booker%3DHubbard%20Freddie%3D%3DBallad%3DBb%3D10%3D1r34LbKcu71%237%5Eb4C-7%20bA%207%5E-Gl%7C%2C9%237D7%2ChAs%207%5EbEZL9b7D%2FALZD4TA*%7B%7C%2C9%2377%2CBb7s%207%5EBZL9b7bG%207b-DZL9%237A%207hEl%7C%2CCh7%2CF-Fs%201*%5B%5D%2C7%5E7%20sDs%207%5EbBl2N%7CQyXQXyQyXQyX%7D9%237G%2C7hA-7%2CDbBl1N%5EbEZLbXyQK-FZL9b7A%207hEZLl%20cKQyXbE%2FDZL%20lc7%20Bb7A%2FGlBbA%207%5ED-7%20G9%237D%2C7hAs%207%5EbELZ9b7D%207-CA*%5B%5D%207%2C%7ClG-%7CQyX7s%207%5EBb%5E7%231bG%207-bDZL9%237A%20h7El%7C%2C7bB%2C7-Fs%2017b9LZDZLA%2FCh7%2CF7%239%2C%7ClBb%5E7XyQZ%20%3DJazz-Ballad%20Swing%3D47%3D2
45d8fceb-0a14-4ec3-ba77-cc6c4c42f5ae,irealb://Little%20Brown%20Jug%20Solo%20Section%20(Rehearsal%20Letter%20F)%3DComposer%20Unknown%3D%3DMedium%20Swing%3DC%3D0%3D1r34LbKcu77-bE%20b%2CXyQX%2CbD%5B%20%20QyXbDZLyQX7bAZL7-bE%20bG%7CyQ%7CGbD44T%5BLZAb7XyQLZDbXyQ%20%7C%20%3DLatin-Brazil%3A%20Bossa%20Electric%3D120%3D6
45bd0c10-eb7c-41db-a16a-762f98f6ed8e,irealb://Love%20Is%20A%20Losing%20Game%201=Winehouse%20Amy==Rock%20Balland=C==1r34LbKcu77%5EC%7CQQXyQXQyX9G%7CQyX7%5ECA%2AQ%7CyX7oFi%2A%7B%20QyXQy%7CF%2DXyyXQyX%7CQyX%2Dl%20LZG7%2DD%7CQyX7%2DAB%2A%7CQXy7%5EC%7CQyX%2DF%7CQyX9XyQ%7CFcKQyXyXQyXQ%5D%2AAC%3Ex4%3C%20%207%5EC%2Cf%2C%7CQXy%2DF%7CQyX9G%7CQyX7%5E%20%7DXyQyX7%5ECQXyQXyQXyQXyQXyQXyQ%20%3CSolos%20on%203rd%20Chorus%3E%20=Pop%2DRock=115=1
45123b49-0a5b-430a-9309-05984a240280,irealb://Loving%20You%3DJohny%20Guitar%20Watson%3D%3DBallad%3DC%3D%3D1r34LbKcu7%7CQyX7T44A-7-AA*%7B%7DQyXA%7CQy7X%5EbB%7CQyX7B%7CQyX7XyQ%7CB%2Ci*%2C%7Bs%20A%3EAyQ%7CAXG%3C%7CQyXDl%7C%2C%23C%2CC%20sA%3EA%20%23G%20%2CG%3C%7C%7DQy%2C%20G%23%20X7%5EbByXFZL%7ClD%20%3CBZL9%237F%20A%3EA%20%23G%2C%20G%3CB*%5BYZL%20%3EC%20oT*%20*%20E%2C%23C%2CC%7CQyXAo%20A%20%26ZLE%20BZL9%237F%20A%3E%20A%23G%20%2CG%3C%5B%7CQyX%3EC%20DXyQ%7CT%3CE%7CQ%20oloSDesc.cKQyXEC*%5B%20%20lcKyQXE%3E%29D%26F%28%20eniL%20l%20LZ%3C%3CC*%5BYon%20A%20%28Vamp%29%20then%20A%20%26%20B%3EXyQLZXyQLZXyQLZXyQ%20Z%20%3D%3D0%3D0
45b31f07-fe8d-4e4f-a29d-33e6cd82b72c,irealb://Meditation%20(Astrud%20Gilberto)%3DAntonio%20Carlos%20Jobim%20(Astrud%20Gilberto)%3D%3DBossa%20Nova%3DG%3D7%3D1r34LbKcu77DZLh44%3C*7ZLhBZL%2C5%239b7%23FLZh%23C%3E431%20mpb%20%204E7LZATi*%5BY7-BZLG%5E%2CLZZL%2C7%23FZLh%23CZLxLZ%2C%5EGA*%7BY%5D%20%2C5%239DG%5ELZxZL%2C9bDZL7-5LZA-9b7EZL7-Bl%7C%2C9FF%2C%2FWsZL7-CZLxZL7%235LZA%237EZL%5D%205%239Y%5B*BCAZLbB%2F7%5EoGZL7-ZBLxZL6-CZLxZL96-7LZD%7D%205%239L5%239b6LZG%5E-BZLxZL%5EGl%7C%2C7%23%2CF5%237%23FsZLh%23CZL%2C7LZE7GA*%5BY*%5BY%20QZxLZCb31D%2C7-A%7C%2C5%239bE7%2C7-BsZL%2C9FZL7-9%2C%5DXyL7-AZLxZL%5E%20%20(in%23F%2C5%237%23FsZLh%23CLZ%2C%5EGZL6Gl%3E).rts7%2C%7ClG47*%3CAfQyXQZE7LZ%3C%2C9FZL7-CZLxZL-7A%3E)ni%20cov(27*%3C*69XyL7-BZ%2C7-A%7C%20(rit%2C31A%7C%2C5%239%237E%2C7B-s%3Ekaerb%20%3CZL%3E).A7%235%2CyleerD13b9%5D%20%20%5B%3Ca%20tempo%20(slower)%3ElG-7LZxLZfUBb%5E%20Z%20%3DLatin-Brazil%3A%20Bossa%20Electric%3D134%3D1
455f75c6-21e8-4e4c-ad0a-77ca5a30a9f9,irealb://Memory%3DCats%3D%3DMedium%20Swing%3DC%3D%3D1r34LbKcu7*%7C%7D%20%2C2C%2CLZL%2C7GZL%2C7-AZL%2C7D-ZL%2C-EZL%2CFZL%2C-AZT68C1TA*%5BZL%2C7A-%20E-%2F%20%2CG%7C%2CD%2CC%20-EZL%2C%2FF-E%20-EZL%2CF%2F-D%2CFLZE-%20E21TB7-AZL%2CLZE-L%2C-EZL%2CFZL%2C-AZ%2CLCA*%7CZL%2CDZL%2C7A%20ZD-7%2CG%207%5EDbD%2F-C%2CLZT6ZL%2CbA86TZL%2CbDZ%2CL-FZL%2CbAC*ZL%2CC8*BC-%207GZL%2C-CZL%2CDb%2CLZbBZL%2C7F%20-CZL%2CbZEL%2C7bB%2CbA%20-CZLx%5E7%20Eb%2F-bB%2C-CZL%2CZBb%2CB-FZL%2C7-GZL%2CbAZ%2CL-CZL%2CbEA*ZL%2C7b7%2C%20F-L%2C7F%2C%2CLZBb9sus%2CLZEb%2C%20%5D%20%3D%3D0%3D0
4596e069-fe52-449f-8542-e9c720f5d7ae,irealb://Miyako%3DShorter%20Wayne%3D%3DJazz%20Waltz%3DA%3D9%3D1r34LbKcu7X9-EZ34%3C*7QyXsus7%23FZL%20lcQKyX9A%3E86%20mpb%20%204Kcl%20LTA*%5BY%7CQyX9-9XyQX9-A%7CQyX31%5EC%7CQXy11%2331G%7CQyX9-D%7CyQ%7CG-bE%7CQy%2331GZsE7%239l%2C7%5E-%23G%2C-%23Gs%7CQXy9-A%7CQyX31%5EAl%7C%2CG%23-7Lp%20%2C%5EF9-C%7CQ%7CF%23hX%7CQyX5%239b7A%7CQyXh9E%7CQyX5%239b7B%7CQyD-9XyQyX11%5DQyX7-7(Bh%207-B%7CQyX7bE%7CQy7X-bB%7CQyX7E%7CQyX)%20QLZEB%7CQyXYYXyQXyQXyQXyQ%7CQUE13b9%20f%20%20Z%20%3DJazz-Ballad%20Swing%3D68%3D3
457b8537-d34a-4478-bff3-bbf349b81f31,irealb://My%20Favorite%20Things%20%28Lauren%20Henderson%29=Rogers%20R%2E==Even%2016ths=Bb%2D==1r34LbKcu7%7CQyX9b%2D9XyLtla7F%209hC%7CQyX%2D9bB%7CQyX%2C6b%2DbB%7CQZ%7BBb%2DB44T%5BbDZLsyQ%7CGbG%209%5EbDZL9b31bA9%20%2DbE%7CQyXx%7CQyX9%5Eb13suX%5E%2DbBL%20x%20Z13susL%20x%20ZLbB%2FbE%20%5Eb%5BB%7D%20%2Ctla7F%209hCZLZ%20x%20LbG%209%5Es31bGXyQKcZL9b31bA%209%2DbEZ%20LlcKQyX9%5EbEZL%20lDb%5E9%209%5EbBZF%209%233b%5E9%20G9%237bDs%20%20%2DbB%5B%20tal7F%209hCZLsus31b%2C%7ClC1DZLsuhG%20%5EbZBb%2D9F%209%2DbE%7CQyX9%5EbG%7Cl%2C9b31bD%2C7%2DbAs%20%2D9LZGLtla7a%3C%5D%20t13sus9hC%7CQyX%5EbDZL9b13bA%20sus31bA%7CQyX%20F7albAZL9rr%2E%20Lauren%20Henderson%20%20and%20Sullivan%20Fortner%3E%20=Jazz%2DEven%2016ths=85=3
4569f51d-beb5-4d22-a8a6-a43c67ed9cb4,irealb://One%20For%20My%20Baby%3DArlen%20Harold%3D%3DBallad%3DEb%3D0%3D1r34LbKcu7%20x%20ZL4Eb%5E7F%207%5EbEZL%20x%20ZL%20%20xZL%20x%20ZLbB%2F7-F%20-7%2FBb4TA*%5BL7-F%207%20Bb-L7bD%207%5EbA%7CQyX7b%5EAZL7bE%207-bBZL7ZEb%5E7%5EbEZLQyX6bC7%239%2C%2FbA%2CbA%2C7-G%2C7-FZsL%2C9%237C%20%2C5%237GZLBb%7ClE%207-GZLD%2F7-D7b9%20ZL%20x%20ZL%20x%20ZL%20xZ%20LD%2F7-A%207%5EGB*%7B%5DG%5E7%20A%207hA%7C7-BZLZG%5E7%20%5EGZL7F%207%5EC%7CQyX%5E7CZL7G%207-DZL7-D7%20A-7L%20x%20ZG%207-D%2CLZB7Gl1N%7CD%2FC%2CC%2C7-B7%2C-AsZL%2C9%237E%20%2C5%236XyQ%7C9%237E%20%20ZL7CCG-7%20L7G%206Gl%7CD%2FC%2C7A7%2CE%2C7BsZL%20x%20ZL7CZG-7%20*%5B%5D%207yX7D%7C7%20Eb7AlZL%2C9b7E%207B2NLZQyX%7DQyX%2C5%237DZL-7XyQAZL%20xQ%7CG6%20G7%2FB%2CLZC7%20C%23o7LZA-7%20D7LZfG6XyQZ%20%3DJazz-Ballad%20Swing%3D55%3D3
454d5903-caef-4503-8d16-72b20b030367,irealb://Smile%20Darn%20Ya%20Smile%3DRich%2C%20O'Flynn%2C%20Meskill%20%281931%29%3D%3DMedium%20Swing%3DBb%3D%3D1r34LbKcu7L-CZL*74Ve%7C%2C7G%2CbBZLxZLxZbLBZL7FZLbBs%3EesrC-LZx%3C44T%5BKQyXbC-LZxrohC47*%3C%5BY%5D%207FLZ-bEZL7CZL7-GZLus%3ElBZL7GZ%20ZL%20l%20x%20LZ-CZL%20lcKQyX7F%7CyQXoB%7CQyXbBZL%20x%20XyQKcZL%20lcKQyXbx%20LZFcKQyX7bBZL%20lcKyQXbB%7CQyX%2BF%7CQyX7l%20LZE%20ZL%20xQyX7GC7XyQZL%20lcKQyXbB%7CQy7XF%7CQyX-bEZL%20lcK%20x%20LZZL%20lc%7CC-XyQ%7CEb-%20F7LZBbXyQKcl%20%20Z%20%3D%3D0%3D0
45ef21a1-0473-46f8-8835-6c03db25bb5f,irealb://One%20and%20Only%3DAdele%3D%3DPop%20Rock%3DF%3D%3D1r34LbKcu7lnO%20o8lF/Cx%20ts1%20%3Cv*%7B%5D%20%20lKcQyX7CZL%20lcKQyX%20Pian6Ti*%5BL-GZLZxLZCZLxZLF%7CCs%2C-DsZ-LDZLxZL-GZLxZL7C7LZxLFs%3EyZLbEZ-LZsCD%7C%2CC%2CbBZLbB%3Ert/GssaB%3C%5B%5D%2CCs%2Csus-LZxLDZLxZZL-AsLZxLZ-DZLxZLF%3EdnaB%20lluF%3CC*%5D%20CZLsusCLZxLZbBZLx%2C-G%7C%2C%2CA-%2C%7C*bBZLxZL-AZLxZ-LDZLxZLF%7C%2C7C%2C-G%20*%2CA-bBZLxG%7C%2CG/B%3CPn.2bE%7C%2CbE/bB%2CbE/ussF%7C%2CbE/bB%2C2bE%3E/G%2CBb*%7B%7D%2CC%3C%7B%7DbB/G%2C%7CF%2CbB%2CsusbBY%7C%2CF/Bb%2CsusF%7C%2CF/bB%2C11%7CBb2%2CbB%2C11/bB%2C1Eb2%2CB/bB%2CG/2bE%7C%2CbE/Bb%2CbE/susF%7C%2CbE/bG%2C%7CG1%3E.dnB2bE2N1%2CBb/2bB%7C%2CbB%2CsusbB1YN%7C%2CF/bB%2CsusF%7C%2CF%2CBb%2C%7D1F%7C%2CG7-G%7C%2C/G%2C%7CCZLxZL-AZLxZL-DLZxZL%2CFC*%7B%20xsZL7Bb%2CA-bB%2CG/%2CC%2C%7DF%2CLZxLZD-LZxLZA-LZxLZBb%2CA-%2C%7C%3Crit.%3EG-7%2CC7%2C%7CfF%20%5B%20%3DPop-Rock%3D115%3D1
4509fe7c-7700-442a-91cc-0ae861f42688,irealb://Our%20House%3DGraham%20Nash%20(Crosby%2C%20Stills%2C%20Nash%20%26%20Young)%3D%3DPop%20Folk%3DA%3D%3D1r34LbKcu7Dl1NZ44%3C*7%20DZLE%2FW%207-%23FZLG%23%2FW%20A%3E17%20mpb%20%204A%2FC%23LTA*%7BY%7D%2C%23C%2FW%2FF%23%2C%2C%23C%2FW%2CB%2FD2N%7BQyQXyXQyXQyXY%7D%2CE%2FWW%2FE%2CWsp%2CB%2FyX%5D%20CA%20W%2FGeniF%20la%20.C.D%206*6%3CZLE%2FW%207-%23FZL%23%3ED%20F%2FlB*%5BYal30*CSA%20W%20YZL%20x%20ZL%23C%2FA%20ZDLE%2FW%207-%23FZL%23G%2Fx%20LZ%3C*%5BY%20Q-%23FZL%20rit.AD*%7BY%20QyX%5D%20Q%2CD7%20-Bl%7C%2CA%2FWspp%2CD%3E%20W%2FG%23%3Ax%20ts96*%3C2LZN1DyXQyXY%7D%2CE%2FW%2C%23FW%2Fs%2Cp%2CB%2FDZL%23C%2FA%20Q%20LZNE%2FW%207(%20ortD.S.%20QyX27*%3CQ%5BY%20QyX%20%5DC%2FF%20Dl%3EadoC%20laXyQou%20%20QyXXAUf%5Doc)%3El%3E.tir%20%2030*%3CDZL%2FEW%207-%23FZL%23G%2FW%20A%20F%2FC%20v%2FonpyQZ%20%3DPop-Rock%3D71%3D1
45051ec0-708c-49ca-8922-b0ff1716337d,irealb://Paradis%2C%20Bergen%3DLie%20Eirik%3D%3DBallad%3DA-%3D%3D1r34LbKcu7yX6F%7C4%3C*66%7CQyXsusG%7CQyX9-%7CDQyX7-A%3EotabuR%20C6XyQ4TA*%5BF%7CQyX%20G/DL9G%7CQyX7-D%7CQyX9A-%5B%5DQyX7E%7CQyX-BZXyQ%7CCE/C%7CQ6XyQ%7CE7XyQ%7CA-XyQ%7CxXyQZ%20%3DJazz-Even%208ths%20Open%3D80%3D3
45893ebf-590b-4c02-992d-f25168aeeead,irealb://Rhythms%20Complete%20%2D%2032%20%2D%20Combined%20Rhythms%20Nos%2E%203%20%26%204=Dr%2E%20Charles%20Colin%20%26%20Bugs%20Bower==Medium%20Swing=F==1r34LbKcu7ZL7%2DGXyQ%7CCZL7C%207%23C%7CQyXF%7CyQX7C%7CQyX7C%7CQyX7G%23o7%20F44T%5BC7%20F7%20Z%20==150=0
45c6a341-dd8c-4af2-afa7-fefa9df182a8,irealb://Right%20Or%20Wrong%202%3DJackson%20Wanda%3D%3DBallad%3DC%3D0%3D1r34LbKcu7%2CCZL%20%2CXyQKF%20CZL%20x%20ZL%20x%20Z%20LlcKQyX%2C7GZL%20lcLZC%2CnC44T%5BcKQyXl%20LZGX%2C7CZLF%20CZL%20x%20LZ%20x%20ZL%20lcKQyX%2C7yQ%7CF%2CcKQyX%20lcKQ%20G7LZL%20x%20ZL%20n%2C7GZL%20clKQyX%2C7DZLo%23C%20CZC%2CXyCZL%20lLZG7%2CXyQKcl%20LZ%20x%20LZ%20x%20LZC%20FLZC%2CXyQ%5D%20%3DPop-Rock%2012%2F8%3D84%3D3
4587a509-98b3-4e26-b53a-892abad560de,irealb://Rio%20De%20Janeiro%20Blue%3Dsample%20Crawford%2C%3D%3DBrazilian%20Bossa%20Electric%3DC-%3D%3D1r34LbKcu7%2BG%207%5EZxLZx7-G%207-F%7CZLxZL7C-ZLxZL7-F%7C%7D%20xZL%2CLZAbL7-C%7ByX5b77XyQKX7F%7CQyX7-C%7CQyXG7%7CQyX5b7-DZL%20lcyQ%7CD--CZL%2CX%7C%5D%20%20yQ%7CC-oC%20la%20.C.D75*%3CLZ%20x%20ZL%20x%20ZLQ%20%207da%3E%20xX7G%7CQGZL%2C5%20%20%5BQF-C%7CQyXxZLxZLxZ7L-CZL7GZL7bAZL77%20D7bQyXQy9-BZL*60SoZL%2C7bBZL%2C7-F%7C%7Dx%20ZLxZLxZL7-C%3EolEb%5E9%2C%3C%7B%5D%207%3Eesre%5E9%2CLZ%7B%5D%2C7-D%2CpZL%2C9-b%2CA9-E%2C9-G%7C%2C7-Dsp%3C*60VbBZL%2CZL%2C7-%2CLZxL%23FZLxZL%2C7-%23CZLZxL%2C7-%23F%7C%7D%20xZLxZ-7%20G%237-%23Cl7A%7D%20%2C%237%2CLZ%2C7-%23CZL%2C7%23GZL%2Cb57-%23D%7B%20xZL%2C7-%23CLZF%237G%20%2C7A7%23FZL7%2CLZCZL7%23FZL%2C7-%23C%7B%20yQX%7C%5D%20%2C7%23FZL%2C7-%23C%23-7%2C%23GZL%2C%2C%3C*364x%3E%20%7DC%23-7%2CU%20Z%20%3DLatin-Brazil%3A%20Samba%3D110%3D1
45650b27-f8e0-47e4-a017-1b9d7ef40df2,irealb://Sex%20Bomb%3DJones%20Tom%3D%3Dpop%20rock%3DG%23-%3D%3D1r34LbKcu7%5D%20%2C7b-XyQKZL%20x%20ZL%20x%20ZL%20xZ%20L%20x%20ZL%20x%20ZL%20lcAb-%20EbAi*%5ByX-bA*66XybD%7CQyX-bA%3EsuroCh%20dnA%20esreVQyXQ-XyQ%7C%3CA*S%7BB*%5B%7D%20XyQ%7CA*%3C%20%20-bAZL%2C7bE%20b-A%7CQyX-bD%7CQyX-b333x%3E7bE%7CQ*%3CQ%7C%5DQLZAb%20-bA%3EadoC%20la%20..SD%3C%7CQyX-bA%7CQyX-Eb7%2C%20%20%20-bADZL%2C-XyQ%20E7bEZL%2C-bAZL%2C-b%3EDsurohC%20dednetx%2CLZAbQyX96bA%7C%7D%2CsAb-%2C06*%3C%20%20nZL%20%2Cn%2C-Ab%7B%5DQyX%2C-bA%7C%2C7bE3x%3EGbZL%2C-bA%7CQyX%2CLZAbyX-bA%3EesreV%20tsIn36*%3C%5BZ%20%2C7bE%20%2C-Q%7CDb-bG%20%2C-%5B%5D%2CB%2C%7CEb7X-bAZL%2C7bE%20-bA%7CyQX-bD%7CQyX-bA%7CQy%2CA%2CBbQyX-b%20-C%7CQhorusQyX-C%7CQyX7G%7CQy-XC%7CQyX-F%7CQyX-C%3E%7CF-XyC06*%3CG7%2CLZC-XyQ%5D%7B%3C*60Outro%3EC-%20G7%2CLZC-%20%20%3C*368x%3E%20%7D%7CC-%20U%20Z%20%3DPop-Rock%3D125%3D1
451a02d6-40ca-41d3-acc8-c2b61801c1e6,irealb://Silver%20Wings%3DHaggard%20Merle%3D%3DCountry%20Ballad%3DC%3D0%3D1r34LbKcu7CZL%20l%2CXyQK%2C7GZL%20lcKQyX%2C-ZDL%20x%20ZL%20x%20ZL%20lcXyQKcC44T%5ByX%2CF%7Ccl%20LZCZLF%20C%7CQyX%2C7G%7CyQX%2C-DZL%20x%20ZL%20x%207%2CXyQKQyX%2CyX%2CC%7CXyQ%7CCGZL%20x%20ZL%20lcKQy%2CX7D%7CQyX%2C-A%7CQyX%2C7%2CXyQ%2C7G%7CQ%20lcKQLZ%20x%20L%20lcKQyX%2C7GZL%20clKQyX%2C-DZL%20x%20ZLZC%2CXy%20lcKQLZ%20x%20LZ%20x%20LZD-%2CXyQ%7CG7%2CXyQ%7CC%20FLZCXyQ%5D%20%3DPop-Country%3D106%3D3
45ce039c-ff29-4f72-a5b0-d042b9e22cfc,irealb://Smile%20Please%3DWonder%20Stevie%3D%3DSoul%3DE%3D%3D1r34LbKcu7%5EESA*44%3C*7yXQyX%5DQyXE%2F-A%7CyQX%5EE%3E711%20mpb%20%204Q%20%20Y%7BTi*%5BY1%23FZL-%2FE%20E%23C%2F7-D%7CQyX7-%23CLZ%20lcKQyX7-%23DZL%5E%20C%23-7A%7CQyXp%2CG%2Cscl%20LZQyX7-%23C%7CQyX7-%23%7CGQyX9D%7CQyX9ddaA%7CsGsuKQyX3%7Cpp%2CD%E2%99%AA%3Ep%7C%3C5*%3C%2CsusD%3E%2F%20%20Qy%2FX%20%20QyX%E2%99%A9QyX%E2%99%AA%E0%B8%AF96*1%20%20%EF%B8%B6%3E%E0%B8%AF96*%3CB%2FF%3E%EF%B8%B6-7XyQ%3C%2CB%2FGs%3E%2F%20%20QyX%2F%20%20QyX%E2%99%A9QyX%E2%99%AA%E0%B8%AF27*%3C%7C*54%20%20%23Fl1N%7CQyX3yQXyQyX7-%23GB*%7BY%5D%20%20lKcQyX9ddaEl2NZL%20Q%7CC%231X%7Dpp%2Cpmav%20XyQLZal%20QyX27*%3C%209%5EAQ%7CyX31%23D%7CQyX7-%23Ast%20x%3A%7CrQyX%20out%3E%20LZ%3C%20D.S.%20al%20Fine%3E%20x%20%20%7D%20%3DBlues-Texas%20Rock%3D117%3D1
453146a8-4c92-4148-b756-817561e3dd25,irealb://Triste%202%202=Jobim%20Antonio%2DCarlos==Latin=Bb==1r34LbKcu7ZL7bE68%20%20BZL7bE%207%2DbBZL7b%20E7%2DbB%3EavoN%20assoBb%2D7%20%2A%3Ci%2A%5BQyX%5EbEb7%20ZcKQyX11%237%5EbGZLl%20cKQyX%5EbB44TA%2A%5Bl%20LZB%207%2DbBX9%237AZD%2D7X%2DGZL9b7D%207hA%7CQXy7%2DC%7CQyX9b7G%7CQy7XyQ%7CL%20lcKBlA%2A%5BBsD%5E%2Cn%2C7%2DC%7Cn%2C7Gn%2C%5EDn%7C%2C7An%2C7%2DE%7Cn%2C%5EDnF7%2Cn%5D%2A%5B%5DQyyX7bBKcl%20L%2DFZL%20lcKQyX%5EbBQ%7CyX7bE%7CQyX7%2DbBZ7XyQ%7CQyX%5EbBA%2A%5B%5DEb%5EXy%7CQyX7%2DC%7CQyXobDQ%7CyX7%2DD%7CQyX7bA%7CQF7XyQB%2A%5B%5DQZL%20Qyb7LZB%20Q%2C7bE%207%2DbBZL7Eb%207%2DbBZL7bE%207%2Db%5DXyQXE%207%2DbL%20n%2C%5E7%20Eb77bE%207%2DbBZL7bE%20%2D7bBZL7bE%207%2DbBZLLZsBb%2DbBQ%5BZlnXyQ%7CU%3CFINE%3EGb%5E7%2311%2CXyQZ%20=Jazz%2DBossa%20Nova=140=21
45fd8632-c8fc-4089-b2c9-1d20a0be2a2d,irealb://Too%20Close%20For%20Comfort-Rev%20JE%3DBock-Weiss-Holofcener%3D%3DMedium%20Up%20Swing%3DC%3D%3D1r34LbKcu7G%7CQyX4C%5E%2CXQyX%2C9b7A%7CQyX%2C7Eh%7CQyX%2C11%2331F%7CQy%7CDh7%2C4TA*%7B-GZLo%7CN1C%5EC2NZL%20QyXQyX%7D%20lta7G%20%2ChDZL7bE%20%2C%5E%2C%20AbQyX%2C77C%20%2C7%235%2C%20%5DbA%20%2C%5ECZLtla7G%20h%2CDZLbE/W%20%2C7FB*%5BoLZG-7C%20%2C7A*%5B%5D%20F7%2C%20W%20%2CG/hD%7CQyX%2C7bALZtla7G%20%2ChDZLbE/G7altZL%2C5%23%7CQyX%2CQ%7CF13X%2C7hD%7CQyX%2C9b7AQ%7CyX%2C7hE%7CQyX%2C11%23yQ%7CG7yX%2C%5ECX%2C7hAboLZG7G%20%2ChDZLbE/W%20%2CF7D*%5BZL%2C5%237C%20%2C7-altLZA%20%2C%5EC%5D%20tlab9%2CXyZL7bE%20%2C6-CZLQ%20%2C%20tla7G%7CQyX%2ChD%7CQDh%20G77D%7CQy%5BQAb13%2311%20Db13%2311LZ%2CU%2C%3CFINE%3EC-%5E7XyQZ%20%3D%3D0%3D0
458a51e3-d859-4ed1-817d-0ec9fd3adecb,irealb://Unchain%20My%20Heart=Bobby%20Sharp%2f%20Teddy%20Powell==Medium%20Swing=C==1r34LbKcu7%2cp%7cp%2c4A%2d7%2c%2dAZL%20n%2cp%7cp%2cp%2cpp%2c%7cp%2cp%2cp%2cp%7cp%2cp%2cp7%2cp%2cp4TA%2a%5bp%2cp%2c7%7cp%2cp%2cp%2cp%2cp%7cp%2cp%2cp%2c7%2dBD%2a%5b%5dp%2cp%2cp%2cp%7cp%2cp%2cp%7cA%2dp%2cp%2cpp%2cp%2cpp%2cp%2cpp%2cp%2cp%2c7%2dD%7cp%2cp%2c%2cp7%2dA%7cp%2cp%2cp%2c7%2dD%7c%7cA%2d7%2c%2cp%7cp%2cn%2cp2Np%2cp%2cpn%2cp1N%7c%2cp%2cp%2cp%2c7A%2d%7c%2cp%2cp%2cp%2c9%237E%7c%2c%2c%20%20%7d%7c%2c9F%7c%5d%2cp%2c7%2d%2d7%2cp%2cp%2cp%2cp%7c%2cp%2cp%2cp%2c7A%2d%7c%2cp%2cp%2cp%2cp%7c%2cp%2cp%2cp%2c%7cDD%5b%20%20%2c%2cp%2cp%2cp%2cp%2cpp%2cp%2cp%2c7%2dA%5b%20%20%2cnp%2c%7c%2cp%2cp%2cp%2c7E%7c%2cp%2c%2c%7cp%2cp%7c%2cp%2cp%7c%2cp%2cpp%2cp%2c%7cA%7c%2cp%2cp%2cp%2cp%7c%2cp%2c%2cpp%2c7%2dD%7c%2cp%2cp%2cp%2cp%2d7%2cp%2c%2cp%2cp%7c%2cp%2cp%2c%2cp%2c%7cDp%2cp%2cp%2c7%2dD%7c%2cp%2cpp%2c%2c7%2dA%7c%2cp%2cp%2cp%2c7%2d%2c%7cA%2d7p%2cp%2cpp%2c%7cF9%2cp%2cp%2cp%2c%7cE7%239%2cp%2cp%2cp%2c%7cA%2d7%2cp%2cp%2cp%2c%7cp%2cn%2c%20%20Z%20==0=0
458aae07-2fa2-40aa-82a8-5dcae3e34029,irealb://We%20Three%20Kings%3DJohn%20Henry%20Hopkins%2C%201857%3D%3DWaltz%3DE-%3D%3D1r34LbKcu7-Es434sE-7QyXQyXQyX%7Dp%3Ex4p%3C%2Csus9b7B%7Cpp%2CB%2F%20%7B*AT3Ti*%7Bp%2C7-Ex%20LZsb7BZL%20xZLpp%2C7-%7CEpp%2C7-E%7Cpp%2C9b7B9%2Cpp%7C%7Cpp%2C7%20QyX%5Dpp%7CD7a7B%7Cpp%2C7h%23F%7Cpp7%2C%5EC%7Cpp%2C7%5EGZLpp%2Clt%2Cpp%2C6G%5Bp7-E%20Q7%2FB%2Cp%2Csus9b7B%7Cpp%2CB%2F-7E%7Cpp%2Csus9b7B%7Cppp%7CXy-EB*%5B%7Cpp%2C6%7CB7b9QyX%7Dpp%2Csus9b7Bp%7Cp%2CB%2F7-E%7Cpp%2Csus%20%7B*CGpp%2CB%2FB%7Cpp%2C-7%2FD%2Cpp%2CD%2F7-A%7Cpp%2C6G*D%5B%20QyX%7Dpp%2C6G%7Cpp%7CF%23h7AZL%20xEB*%5B%20pp%7CE-X%5Bpp%2Ctla7B%7Cpp%2C%5E7C%7Cpp%2C7-DZLpp%2C7yQXyQ%2Ctla7p%2CB%2F7pp%7CB7X%7Cpp%2Csus9b7B%7Cp%2CpB%2F7-E%7Cpp%2Csus9byQ%20E-%2CB%2F7-p%7CB7b9sus%2Cpp%7CE-7%2FB%2Cpp%7CB7b9sus%2CpQp%2CZQE%5E9%2311%2CpfpZ%20%3DJazz-Slow%20Swing%3D126%3D3
45d641d6-a1c3-4a76-a1b2-af87c235a148,irealb://Why%20Try%20To%20Change%20Me%20Now%3DColeman%20Cy%3D%3DMedium%20Swing%3DEb%3D%3D1r34LbKcu79bD%2074F-7%20%237C%20hGZL9b7bB%20-7FZL9C%20%5EbEZL7bB5LZF-4TA*%7BbE2N%7C%20F%23oLXQyXQyX%7D%2031b7C7%20-G1NZL9bB%207-FZyQXyQ7-GZL6bAZL7%2CB-7-bBZL5%239F%20%5EbAZ3L1bE%207-bBlB*%5B%5D%2C7%20Eb7-Cs%2067-FlAC-7%20F-E%2C7bBs%207-FZL7%20F7-CZL7G%20%5EbBZL77%2C%5D%5B*%7CQyX9o%23F%207ZEb%5E%20bD%207-FZL5%237C%20hZGL9b7bB%207-FZL9C9LZG-L7bB%20LZF-7%20Bb9LZUEb%5E%20C7b13%20Z%20%3DJazz-Swing%20Two/Four%3D90%3D3
45692071-6004-4f9a-93be-02fb209f5f38,irealb://Wild%20Is%20the%20Wind-Rev%20JE%3DTiomkin%20D.%3D%3DBallad%3DG-%3D%3D1r34LbKcu731Cl%2Cb7/G%2C/7bDsZL9b7D%209b13AZL11%2331Cl%2C7-GG%2CG-7DsA*%7BbA%2C9bF13su11-GZLA/7Dl%2C%5Eb%2CBbB/7BsZL5%237F%20s%20sA13ZL11%23%20%2C7-C-7%20C1XQyXQyXQyX%7D%209bD7%209b31A1NZL11%233yQ%7CN2Gl%7C%2C9obD%207%20%5D%5B*BbE/W%2C7Fs%207-CZLboD%207-DZL7-C%20%5EbB%2C%7ClD-%2C5%237FL11%233%20W/BbD/W%2ChEsZLF/W%207G-ZL9b7D%209b31AZL%2ClDb17-CZLsus9bsF7%2CWbE/W%2C7Fs%207-CZL11%239bD%207-Dl%7C%2CbE/%2C%7ClD7%207-CZG%2CG/7%20%5D%5B*A9b7D%209b31AZL113%231Cl%2C7-G%2CG/7bDsLZsDb9b7D%20As%201113%2311/7Dl%2C%5EbB%2CbB/7BZsL5%237F%20sus31FZLALZG-Cl%2C7-%2ChAs%20Ab9%2C%7CQ%2Ctla7D%20hAYZL6b-E%20hEZLF/W%207-GlLZG-6%2C9b31D7b9%5DXyQXyQ%20%20%5BUQ%3CFINE%3ElG%5EXyQZ%20%3DJazz-Ballad%20Double%20Time%20Feel%3D75%3D3
45aca044-3d67-4b00-ab76-c61350fdcf7e,irealb://Winter's%20Here%3DRyo%20Kawasaki%2C%20Radha%20Thomas%3D%3DMed%20Up%20Latin%3DC%3D%3D1r34LbKcu7QyXx%7C4C9Xy%7CQyXx%7CQyX%5EbE%7CQXyx%7CQyX9D%7CQyXx%7CQD9XyQ4TA*%7B1F%7CQyQ%7CxXyyX31F%7CQyX%5EE%7CQy5Xb7F%7CQyX11-%23F%7CQQ%7CE%5EXyX%5EG%7C%7CQyXxE-9XybAB*%7C%7DQyX5%23-E%7CyQX9-E%7CQyX5%23-E%7CQ%5EXyQ%7C%7CQyX3-bE%7C%2C%7CxXyQ%2C9%237bB%20%20%7CQyX9bb7B%7CQyXx%7CQyX%5EbA%7CBb7b9QyX7E%7CQyX-Ab13XXA/-bB%7CQyX-bB%7CyQX9D%7CQyX9%5EbD%7CQyyQ%7CBb%7CQyX7Bb-6XyQ%7CGb%5EXyQ%7CF-7XyQ%7CE7b5XyQ%7CAb13%20D9%20%5D%20%3DJazz-Latin/Swing%3D180%3D3
45ac9924-7136-4623-a15c-fa9104be9a42,irealb://Wish%20You%20Were%20Here=Waters%2DGilmour%20%28Pink%20Floyd%29==Rock%20Ballad=G=7=1r34LbKcu7%2DE%7B%5D%2044%3C%2A7QyXZLG%2FW%20D%2FG%7CQXy%2C7%2DE%3E06%20mpb%20%204r%7CXyQTi%2A%5BYXZLG%2FA7sus%7CQyX7%2DESA%2A%5BY%5D%20l%20cKQyXG%7DQyX3ddaG%2FD%20W%7CQyX7%2027%2A%3CyQLZE%20Q%20%20G%7CQyX%7Cr%20%20Z%20L3ddasus7AZL%207%2D%5DY%7B%2ABX%7CrQyQyX96in%3ECXA%7CQyXC%7CQyXD%7CQyGX%7CQyX%2DA%7CQyXD%7CQy%2D%20%20%3C%2A%20cov%20yXQyXr%2Bbs%20B%2A%5BYY%7DQyXG%3Eado%20Cla%20%2ES%2ED%20%3CZL%3EniQ%3C%2A72d%20QyX%5DQyXGin%3ECXA%7CQyXC%7CQyXD%7CQyGX%7CQyX%2DA%7CQyXD%7CQy%2DXyQ%7C%20covQ%7CQyX3%2D7XyQs7A%7CQyX7%2DEZLQy%7CXrQyXZLG%2FW%20D%2FG%7CusaddEA%2A%7BYXyQr%7CXyQLZGXyQ%7C%3CXyQ%20%20vamp%20out%3E%20x%20%20%7D%20=Pop%2DSlow%20Rock=60=1
450558d4-eefc-40b7-911a-775df69d73ef,irealb://black%20orpheus%3Dbonfi%20louis%3D%3DBossa%20Nova%3DA-%3D%3D1r34LbKcu7ZL%207G-%20LZBL%20-AZL%209b7E%207hZBL%20-AZL%209b7E%207hZD-7%20A44T%5BZL%207hZC%23o7X7%5EFZL%206CZLQyXG7ZL%207-DZL%209b7A%20yQLZBL%207%5EC%207hBZyQLZAL%209b7E%207hBZL%20-ZAL%209b7E%207hBZL%20-ZA-%20LX9b7E7E%207hLZEh77-D%20%2C-DZLQyXxZ%20L-DZLQyX9b7AZL%20/CLZB%209b7E%20%209b7A-%20A-%7CQyX-A%7CQyX9b7ELZ%207hBZL%20%5EFZLG/7QBh%20EZL%209bZ%7CQA-%20LZD-7%20A-7LZD-7%20A-7LZD-7%20E-7%20LZA-%20LZxXyQ%5D%20%3DJazz-Bossa%20Nova%3D125%3D3
456201d4-eb75-4be3-96d0-062a5d1eabec,irealb://ii%20V%20I%20Minor%20(Maj%203rds%20Up)%3DComposer%20Unknown%3D%3DMedium%20Swing%3DC%3D%3D1r34LbKcu7QyX7-yQ%7CG79b7B%7CQyX7h%23F%7CQXyx%7CQyX7-C%7CQyX9bXyQ%7CEX7hD%5BQyX9b%7CBbh7X7hB%7CQyXx%7CQyX7b-A%7CQyX9b7bE%7CQyXyQ%7CE7QyXx%7C%7CQyX7yQ%7CxXXx%7CQyX7-%23C%7CQyXb97%23G%7CQyX7h%23D%7CQyyQ%7CGhX7-A%7C%7CQyXxyQ%7CF--%23F%7CQyX9b7%23C%7CQXy7h%23G%7CQyXx%7CQyX77XyQ%7CX9b7C%7CQyX7Q%7CF7bX9b7A%7CQyX7hE%7CQXyx%7CQyX7-bB%7CQyX9yQ%7CD-yX7hC%7CQyX9%7CFh7XyX7hA%7CQyXx%7CQyX-7bE%7CQyX9b7bB%7CQyQ%7CD7b%5DQyXxG-7XyQ%7CxXyQ%7CC%23h7XyQ%7CF%237b9XyQ%7CB-7XyQ%7CxXyQ%5D%20%3D%3D0%3D0
45deb4e6-18ed-4f9a-888d-717472a56f51,irealb://lydian%20major%20workout%3DRicfree%3D%3DMedium%20Swing%3DC%3D%3D1r34LbKcu7%7CQyX74C%5E9XZLQyX%7CrQyXZLQy%7CXrQyX%7CQyX31D%7CQyN1F%23h4TA*%7B7h%23FBQ%7DXyQX9%5EG%7C%2C%23F/W%2CE/WD%2C/W%2C9%5EC2NZL%20QyXyQ%5D%5B*yX31AyX9%5EC%5E9XyQ%20QyX%7CrQyXZLQyXr%7CQyXZLQyX%7CrQyX%7C%5D%5B*AlG%7CQyX11%239%5EXyQ%7CX%7C%5D%20QyX%7CrQyXZLQXy%7CrQyXZLQyX%7CrQyQC%23%20C31D%7CQ%20Z%20%3DJazz-Medium%20Swing%3D88%3D2
454cae53-7b2b-4f6d-9d34-2bb8ee0f010c,irealb://someday%20after%20awhile%20you'll%20be%20sorry%3DThompson%20King.%3D%3DMedium%20Swing%3DC%3D%3D1r34LbKcu7%7CQyX74DXyQE%7CQyX7B%7CQyX7D%7CyQXG%7CQyXG%7CQyX7D%7CXyQ%7CA4TA*%7B7E%7CQy%7CG7XyX%2CDZL%20lcKQyXGB%5B*%7DQyX7A%7CQyX7D%7CQyQ%7CDXQyX7D%7CQyX7l%20LZ%20G%7CQyXG%7CQyX7D%7CQXyDA*%5B%5DQyX7AZL%20xXyQ%7CDcKQyXB7XyQ%7CE7XyQ%7CA7XyQ%7CD7XyQ%7CGXyQ%7CD7XyQ%7CA7XyQ%7C%20%3D%3D0%3D0
458c9e3f-3ef5-46b8-a06c-59e56aef48ed,irealbook://POT%20%28minor%29%20x%201%20-%20Down%20Half%20Step%3DLego%20Turnarounds%3DMedium%20Swing%3DC%3Dn%3D%7BC-%5E7%20Ah7%20%7CDh7%20G7b9%235%3C3x%3E%20%7D%7CC-%5E7%20%20%20%7C%20x%20%20%7C%7BB-%5E7%20G%23h7%20%7CC%23h7%20F%237b9%235%3C3x%3E%20%7D%7CB-%5E7%20%20%20%7C%20x%20%20%7C%7BBb-%5E7%20Gh7%20%7CCh7%20F7b9%235%3C3x%3E%20%7D%7CBb-%5E7%20%20%20%7C%20x%20%20%7C%7BA-%5E7%20F%23h7%20%7CBh7%20E7b9%235%3C3x%3E%20%7D%7CA-%5E7%20%20%20%7C%20x%20%20%7C%7BAb-%5E7%20Fh7%20%7CBbh7%20Eb7b9%235%3C3x%3E%20%7D%7CAb-%5E7%20%20%20%7C%20x%20%20%7C%7BG-%5E7%20Eh7%20%7CAh7%20D7b9%235%3C3x%3E%20%7D%7CG-%5E7%20%20%20%7C%20x%20%20%7C%7BGb-%5E7%20Ebh7%20%7CAbh7%20Db7b9%235%3C3x%3E%20%7D%7CGb-%5E7%20%20%20%7C%20x%20%20%7C%7BF-%5E7%20Dh7%20%7CGh7%20C7b9%239%3C3x%3E%20%7D%7CF-%5E7%20%20%20%7C%20x%20%20%7C%7BE-%5E7%20C%23h7%20%7CF%23h7%20B7b9%235%3C3x%3E%20%7D%7CE-%5E7%20%20%20%7C%20x%20%20%7C%7BEb-%5E7%20Ch7%20%7CFh7%20Bb7b9%235%3C3x%3E%20%7D%7CEb-%5E7%20%20%20%7C%20x%20%20%7C%7BD-%5E7%20Bh7%20%7CEh7%20A7b9%235%3C3x%3E%20%7D%7CD-%5E7%20%20%20%7C%20x%20%20%7C%7BDb-%5E7%20Bbh7%20%7CEbh7%20Ab7b9%235%3C3x%3E%20%7D%7CDb-%5E7%20%20%20%7C%20x%20%20Z
4551955b-5fb1-4c3e-b8d0-9b271e1f521e,irealbook://Don't%20Speak%3DDoubt%20No%3DMedium%20Swing%3DF-%3Dn%3DY%5B*AC-%20%20%20%7CBb%20F-%20%7CBb%20%3CGm%202x%3EC-%20%7CF-%20Bb%20%7C%3CMiss%20this%20line%20on%20coming%20back%3EC-%20G-%20%7CF-%20Bb%20%7CG-%20C-%20%7CF-%20Bb%20%7CC-%20G-%20%7CF-%20Bb%20%7CEb%20Bb%20%7CC%20%20%20%5DY%5B*B%3C*64%20Chorus%3EF-%20Bb-%20%7CEb%20C%20%7CBb-%20C%20%7CsF-%2C%20Bb-%2CC%2C%7ClF-%20Bb-%20%7CEb%20C%20%7CBb-%20C%20%7C%3CBack%20to%20A%3EsF-%2C%20Bb-%2CEb%5D%20%20%20%20%20%20%20%20%3C%20%20%20%20%20%20%20%20%20%20%20%20%20%20%20%20%20%20%20Ending%20into%20C%3E%20%20%20%20%7CF%2CEb%2CC%2CAb%2C%5D%5B*ClC%23%3C*68Pretending%3E%20%20%20%7CB%20%20%20%7CA%20%20%20%7CA%20Ab%20%7C%7B%3C*64%20GEET%20SOLO%3EC-%20G-%20%7CF-%20Bb%3C*16x3%3E%20%7DG-%20C-%20%7CF-%20%20%20%5D%7CC-%20G-%20%7CF-%20Bb%20%7C%3C%20%20To%20Chorus%3EF-%20Bb%20%5B
456485fb-da9c-4eb5-9847-e5aa68cc3aa6,irealbook://After%20You've%20Gone%3DCreamer-Layton%20ARR.%20B.%20Sharp%3DGypsy%20Jazz%20%20mm106%3DBb%3Dn%3D%5B*iT44sC-%2CG7%2C%7CC-%2CEb-6%2C%7CBb%2CD7%2C%7CG-%2CBbo%2C%7CBb%20%7CF7%20%7CBb%2CEb%2C%7CBb%2CBb7%2C%5D%7B*AlEb%20%20%20%7CEb-6%20%20%20%7CBb6%20%20%20%7CD-7%20G7%20%5D%7CC7%20%20%20%7CF7%20%20%20%7CBb%20%20%20%7CBb7%20%20%20%7CEb%20%20%20%7CEb-6%20%20%20%7CBb6%20%20%20%7CD-7%20G7%20%7CC-%20G7%20%7CC-%20Eb-6%20%7CBb%20D7%20%7CG-%20Bbo%20%7CBb%20G7%20%7CC-7%20F7%20%7CBb%20%20%20%7CN1Bb%20Bb7%20%7D%7CN2Bb%20Bb7%20%7DN3Bb%20G7%20%5D%20%20%20%20%20%20%20%20%5B%3C*68TAG%3EC-%20G7%20%7CC-%20Eb-6%20%7CBb%20D7%20%7CG-%20Bbo%20%7CBb%20G7%20%7CC-7%20F7%20%7CBb%20Bb7%20%7CEb%20Eb-%20%7CBb%20F7%20%7CUBb%20%20%20%5D
45cd51fe-1efe-488f-8174-d6dbf3e24f8f,irealbook://Ain't%20No%20Sunshine%3DWithers%20Bill%3DPop%3DA-%3Dn%3D%7B*AT44sA-%20sE-%2CsG%2C%7CA-%20%20%20%7CA-%20E-%2CG%2C%7CA-%20%20%20%7CE-%20%20%20%7CD-%20%20%20%7CA-%20E-%2CG%2C%7CN1A-%20%20%20%7DY%7C*BN2A-%3CAnd%20I%20know%20....%3E%20%20%20%7C%20%20%20%20%7C%20%20%20%20%7C%20%20%20%20%7C%20%20%20%20%7C%20%20%20%20%7C%3CAin't%20no%20...%3E%20%20%20%20%7CA-%20E-%2CG%2C%7CA-%20%20%20%5D%20%20%20%20%20%20%20%20%20%20%20%20Y%5B*AA-%20E-%2CG%2C%7CA-%20%20%20%7CA-%20E-%2CG%2C%7CA-%20%20%20%7CE-%20%20%20%7CD-%20%20%20%7CA-%20E-%2CG%2C%7CA-%20%20%20%5DY%7B*CA-%20E-%2CG%2C%7CA-%20%20%20%7CA-%20E-%2CG%2C%7CA-%20%20%20%7D%20
45f70437-61db-4305-8c8c-9eb9500fe5c5,irealbook://House%20Of%20The%20Rising%20Sun%2C%20The%3DPrice%20Alan%3DRock%3DA-%3D44%3D%7C*iA-%20C%20%7CD%20F%20%7CA%20E%2CQ%20%7CA-%20%20%20%5D%7B*AA-%20C%20%7CD%20F%20%7CA-%2C%20C%20%7CE%20%20%20%7CA-%20C%20%7CD%2C%20F%20%7CA-%2C%20E%20%7CA-%20E%20%7D%7CQA-%20D-%20%7C%20x%20%20%7C%20x%20%20%7CA-%20%20%20%C2%AB
45bf8465-c27c-424e-9b38-5a70953d9c34,irealbook://Do%20You%20Hear%20What%20I%20Hear%3F%20%28Jazz%29%3DRegney-Baker%3DJazz%3DC%3Dn%3D%7B*AST44sC%5E7%2CE-7%2CA-7%2CG-7%2C%7ClC%5E7%20%20%20%7CsC6%2CE-7%2CA-7%2CE-7%2C%7ClE-7%20sD-7%2CG7%2C%7CC%5E7%2CE-7%2CA-7%2CG-7%2C%7ClC%5E7%20%20%20%7CsC6%2CE-7%2CA-7%2CE-7%2C%7ClE-7%20%20sE7%239%2C%7C%5B*BlA-7%20%20%20%7CE-7%20%20%20%7CD-7%20G7%20%7CB-11%20Bb7b5%2CQ%20%7ClA-7%20sD-7%2CG7%2C%7ClC6%20%20sG-7%2C%7CN1lC6%20%20%20%7D%7CN2C6%20%20%20%7DN3%3CD.S.%20al%20Coda%3ElC6%20%20%20%5D%20%20%20%20%20%20%20%20%20%20%20%20Y%5BQlA-7%20%20%20%7CD-7%20G7%20%7CC6%20G-7%20%7C%20x%20%20%7C%20x%20%20%7CC6%20%20%20Z
451eac20-f5f8-4dd5-85f8-820dd58c67ec,irealbook://Blue%20Turning%20Grey%20Over%20You%201%3DF.Waller%20ARR:%20B.Sharp%20%5BC%5D%3DMedium%20Swing%3DC%3Dn%3D%5B*iT44C6%20E-7b5%20%7CA%20A7%20%7CD9%20G7%20%7CC6%20G%2B%20%5D%7B*AC6%20%20%20%7CB7%20%20%20%7CE-7b5%20%20%20%7CA7%20%20%20%7CD7%20%20%20%7CG7%20G%2B%20%7CN1C6%20C%23o%20%7CD-7%20G7%235%20%7D%20%20%20%20%20%20%20%20%7CN2C6%20F-6%20%7CC6%20%20%20%5D%5B*BC6%20C7%20%7CF6%20%20%20%7CC%20G7%20%7CC%20%20%20%7CA-%20%20%20%7CD7%20%20%20%7CG7%20Go%20%7CG7%20%20%20%5D%5B*AC6%20%20%20%7CB7%20%20%20%7CE-7b5%20%20%20%7CA7%20%20%20%7CD9%20D7%20%7CG7%20G%2B%20%7CC6%20F-6%20%7C%2CU%2CC6%20G%2B%20Z
45f67fe9-31f3-4da0-a74b-ecd3d99127ed,irealbook://New%20Bicycle%20Hornpipe%3DBlake%20Norman%3DFiddle%20Tune%3DF%3Dn%3D%7B*AT44F**%20Bb**%20%7CF**%20%20%20%7CBb**%20F**%20%7CG**%20C**%20%7CF**%20Bb**%20%7CF**%20%20%20%7CBb**%20F**%20%7CC**%20F**%20%7DY%7B*BF**%20Bb**%20%7CD-%20%20%20%7CF**%20%3C*72decrescendo%3E%20%20%7CF**%20fC**%2C%20%7CF**%20Bb**%20%7CD-%20%20%20%7CBb**%20F**%20%7CC**%20F**%20%7D
453c157d-738c-4fa0-8071-9ff75ee03910,irealbook://Clinch%20Mountain%20Backstep%3DComposer%20Unknown%3DBluegrass%3DA%3Dn%3D%7B*AT44A%20%20%20%7Cx%20%20%20%7Cx%20%20%20%7CE%20%20%20%7CA%20%20%20%7Cx%20%20%20%7Cx%20%20%20%7CE%20A%20%7D%7B*BA%20%20%20%7Cx%20%20%20%7Cx%20%20%20%7CT22x%20%7CT44E%2CnE%2Cn%7CA%20%20%20%7CA%20%20%20%7CA%20E%20%7CA%20%20U%20%7D%20
4528d475-13a6-4103-83c7-64dddb612bc8,irealbook://Femme%20Fatale%3DLou%20Reed%3DRock%3DC%3D44%3D%5B*iC%20%20%20%7CF%5E7%20%20%20%7CC%20%20%20%7CF%5E7%20%20%20%5D%7B*ASC%20%20%20%7CF%5E7%20%20%20%7CC%20%20%20%7CF%5E7%20%20%20%7C%7CC%20%20%20%7CF%20%20%20%7CD-%20%20%20%7CG%20%20%20%7D%5B*BC%20%20%20%7CF%20%20%20%7CC%20%20%20%7CF%20%20%20%7CC%20%20%20%7CF%20%20%20%7CD-%20%20%20%7C%20x%20%20%7CBb%20%20%20%7CG%20%20%3CD.S.%3E%20%5DQC%20%20%20%7CF%20%20%20%7CC%20%20%20%7CF%20%20%20%7CC%20%20%20%7CF%20%20%20%7C%3CFade%3EC%20%20%20%7CF%20%20%20%7CC%20%20%20%7CF%20%20%20%5D%20
45b19a54-b844-46ed-92f6-c16cb21dbdeb,irealbook://I%20Want%20You%20Back%3D5%20Jackson%3DPop%3DAb%3Dn%3DY%7B*i%3COctave%20skank%3EsAb%20%20%20%7C%20%20%20%20%7C%20%20%20%20%7C%20%20%20%20%7D%7CAb%20%20%20%7CDb%20%20%20%7CF-%2CC-%2CDb%2CAb%2C%7CBb-%2CEb%2CAb%20ZY%7B*AAb%20%20%20%7CDb%20%20%20%7CF-%2CC-%2CDb%2CAb%2C%7CBb-%2CEb%2CAb%20%7DY%7B*BAb%2CG%2CF%2CEb%2C%7CDb%20%20%20%7CF-%2CC-%2CDb%2CAb%2C%7CBb-%2CEb%2CAb%20%7DY%7B*CF-%2CC-%2CDb%2CAb%2C%7CF-%2CC-%2CDb%2CAb%2C%7CF-%2CC-%2CDb%2CAb%2C%7CF-%2CC-%2CDb%2CAb%7D%3CTell%20you%20that%20I%20love%20you%2C%20Back%20in%20your%20heart%3E%20%20%20%20%20%20%20%20%20%20%20%20%20%20%20%20%3CLet%20you%20know%20baby%2C%20I%20want%20you%20back%3E%20%20%20%20%20%20%20%20%20%20%20%20%20%20%20%20%3COOOo%20it's%20one%20more%20chance%20to%20show%20that%20I%20love%20you%3E%20%20%20%20%20%20%20%20%20%20%20%20%20%20%20%20%3Cbaby%20x%203%20%3E%20
45aaef96-9d64-47f5-8e38-33fbcf476b00,irealbook://Aeolian%20Mode%20%28Cycle%20Of%204Ths%29%3DJohannes%20Shaun%3DMedium%20Swing%3DC%3Dn%3D%7B*AT44E-7%20%20%20%7C%20x%20%20%7CA-7%20%20%20%7C%20x%20%20%7CD-7%20%20%20%7C%20x%20%20%7CG-7%20%20%20%7C%20x%20%20%7CC-7%20%20%20%7C%20x%20%20%7CF-7%20%20%20%7C%20x%20%20%5D%7C*BBb-7%20%20%20%7C%20x%20%20%7CEb-7%20%20%20%7C%20x%20%20%7CAb-7%20%20%20%7C%20x%20%20%7CDb-7%20%20%20%7C%20x%20%20%7CGb-7%20%20%20%7C%20x%20%20%7CB-7%20%20%20%7C%20x%20%20%7D
45c46ce0-d8a2-4593-8a69-c297540cff7a,irealbook://Lydian%20B7%20%28Mm4%29%3DJohannes%20Shaun%3DMedium%20Swing%3DC%3Dn%3D%7B*AT44E7%2311%20%20%20%7C%20x%20%20%7CA7%2311%20%20%20%7C%20x%20%20%7CD7%2311%20%20%20%7C%20x%20%20%7CG7%2311%20%20%20%7C%20x%20%20%7CC7%2311%20%20%20%7C%20x%20%20%7CF7%2311%20%20%20%7C%20x%20%20%5D%7C*BBb7%2311%20%20%20%7C%20x%20%20%7CEb7%2311%20%20%20%7C%20x%20%20%7CAb7%2311%20%20%20%7C%20x%20%20%7CDb7%2311%20%20%20%7C%20x%20%20%7CGb7%2311%20%20%20%7C%20x%20%20%7CB7%2311%20%20%20%7C%20x%20%20%7D
4554e7fd-d31f-486a-80aa-6472832b7100,irealbook://Lullaby%20Of%20Birdland%3DShearing%20George%3DMedium%20Swing%3DAb%3Dn%3D%7B*AT44F-%20Dh7%20%7CG7%20C7%20%7CF-%20%20%20%7CBb-7%20Eb7%20%7CC-7%20F-7%20%7CBb-7%20Eb7%20%7CN1Ab%5E7%20%20%20%7CGh7%20C7b9%20%7D%20%20%20%20%20%20%20%20%7CN2Ab%5E7%20Eb7%20%7CAb%5E7%20%20%20%5D%5B*BCh7%20F7b9%20%7CBb-7%20%20%20%7CBb-7%20Eb7b9%20%7CAb%5E7%20%20%20%7CCh7%20F7b9%20%7CBb-7%20%20%20%7CBb-7%20Eb7b9%20%7CAb%5E7%20C7b9%20%5D%5B*AF-%20Dh7%20%7CG7%20C7%20%7CF-%20%20%20%7CBb-7%20Eb7%20%7CC-7%20F-7%20%7CBb-7%20Eb7%20%7CAb%5E7%20Eb7%20%7CUAb%5E7%20sGh%2CC7%2CZ
45ed4410-c5ae-4520-85f5-04b7387c94b8,irealbook://Whole%20tone%20pag%2046%3DComposer%20Unknown%3DMedium%20Swing%3DC%3Dn%3D%7BE7%235%20%20%20%7C%20x%20%20%7C%20x%20%20%7C%20x%20%20%7C%7C%20x%20%20%7C%20x%20%20%7C%20x%20%20%7C%20x%20%20%7D%7BGb7%235%20%20%20%7C%20x%20%20%7C%20x%20%20%7C%20x%20%20%7C%7C%20x%20%20%7C%20x%20%20%7C%20x%20%20%7C%20x%20%20%7D%7BAb7%235%20%20%20%7C%20x%20%20%7C%20x%20%20%7C%20x%20%20%7C%7C%20x%20%20%7C%20x%20%20%7C%20x%20%20%7C%20x%20%20%7D%7BBb7%235%20%20%20%7C%20x%20%20%7C%20x%20%20%7C%20x%20%20%7C%7C%20x%20%20%7C%20x%20%20%7C%20x%20%20%7C%20x%20%20%7D%7BC7%235%20%20%20%7C%20x%20%20%7C%20x%20%20%7C%20x%20%20%7C%7C%20x%20%20%7C%20x%20%20%7C%20x%20%20%7C%20x%20%20%7D%7BD7%235%20%20%20%7C%20x%20%20%7C%20x%20%20%7C%20x%20%20%7C%7C%20x%20%20%7C%20x%20%20%7C%20x%20%20%7C%20x%20%20%7D
4506711a-93dd-4359-b792-654aaf267b70,irealbook://Ma%20Premiere%20Guitare%3DBrousolle-Distel%3DMedium%20Swing%3DA-%3Dn%3D%7B*AT44%3C%20AABA%3EA-%20%20%20%7C%20x%20%20%7CA-%20A7%20%7CD-%20%20%20%7CE7%20%20%20%7C%20x%20%20%7CN1E7%20%20%20%7CA-%20E7%20%7D%20%20%20%20%20%20%20%20%7CN2E7%20%20%20%7CA-%20%20%20%5D%5B*BA7%20%20%20%7C%20x%20%20%7C%20%3C%28Stop%3F%29%3Ex%20%20%7CD-%20%20%20%7CB7%20%20%20%7C%20x%20%20%7CF%23h%28E7%29%20B7%20%7CBh%20E7%20%5D%20
4597e9d2-81fd-47f4-8e96-b2d756aa1188,irealbook://Manha%20De%20Carnaval%20%28Black%20Orpheus%29%3DBonfa%20Luiz%3DBossa%20Nova%3DA-%3Dn%3D%5B*AT44A-%20%20%20%7CBh7%20E7b9%20%7CA-%20%20%20%7CBh7%20E7b9%20%7CA-%20%20%20%7CD-7%20G7%20%7CC%5E7%20%20%20%7CA7b9%20%20%20%7CD-7%20%20%20%7CG7%20%20%20%7CC%5E7%20%20%20%7CF%5E7%20%20%20%7CBh7%20%20%20%7CE7b9%20%20%20%7CA-%20%20%20%7CBh7%20E7b9%20%5D%5B*BA-%20%20%20%7CBh7%20E7b9%20%7CA-%20%20%20%7C%20x%20%20%7CEh7%20%20%20%7CA7b9%20%20%20%7CD-%20%20%20%7C%20x%20%20%7CD-7%20%20%20%7CBh7%20E7b9%20%7CA-%20A-7/G%20%7CF%5E7%20%20%20%7CBh7%20%20%20%7CE7b9%20%20%20%7CA-%20%20Q%20%7CBh7%20E7b9%20ZY%7CQA-%20%7CD-7%20A-7%20%7CD-7%20A-7%20%7CD-7%20E-7%20%7CfA-%20Z%20
4514f53c-b712-445e-a0b6-f7a5c98ffb92,irealbook://Melt%20my%20heart%20to%20stone=Adele=Pop=D=n=%7b%2avT44E%2am%2a%2c%20A7%2c%20%7cD%2a%2a%2c%20B%2am%2a%2c%20%7c%20%20%20r%7c%20%20%20%20%7c%20%20%20r%7c%20%20%20%20%7cE%2am%2a%2c%20A7%2c%20%7cD%2a%2a%2c%20%20%20%7cD7%2fC%2c%20%20%20%7cG%2a%2a%2c%20%20%20%7cF%23%2a%2a%2c%20F%23%2a%2a%2fE%2c%20%7cB%2am%2a%2c%20B%2am%2a%2fA%2c%20%7cE%2am%2a%2c%20A7%2c%20%7cD%2a%2a%2cn%20%20%5d%7c%20%20%20%20%20%20%20%20%5b%2aCB%2am%2a%2c%20E%2am%2a%2c%20%7cF%23%2am%2a%2c%20%20%20%7c%20%20%20r%7c%20%20%20%20%7c%7cB%2am%2a%2c%20E%2am%2a%2c%20%7cF%23%2am%2a%2c%20%2cD7%2fA%2c%20%7cE%2am%2a%2c%20%20%20%7cA7b9%2fBb%2c%20%20%20%7d%7c%2aBB%5e%2c%20%20%20%7cA%5e%2c%20%20%20%7cB%5e%2c%20%20%20%7cA%5e%2c%20%20%20%7c%7cG%2a%2a%2c%20%20%20%7cDsus%2c%20%20%20%7cC%23%2am%2a%2c%20%20%20%7cF%237%2c%20%20%20%5d%20
45362a26-ee2e-4586-8ce1-998dad0b30fb,irealbook://Reet%20Petite%3DWilson%20Jackie%3DMedium%20Swing%3DF%3Dn%3DY%5B*vT44F%20%3CBRASS%20RIFF%20FIRST%20starts%20on%20a%3E%20%20%7C%20%20%20%20%7C%20%20%20%20%7C%20%20%20%20%7CBb%20%20%20%7C%20%20%20%20%7CF%20%20%20%7C%20%20%20%20%7CC%20%20%20%7CBb%20%20%20%7CF%20%20%20%7C%20%20%20%20%5DY%5B*CBb%3COnly%20half%20of%20this%20for%20brass%20instrumental%3E%20%20%20%7C%20%20%20%20%7CF%20%20%20%7C%20%20%20%20%5D%5BC%20%20%20%7CBb%20%20%20%7CF%20%20%20%7C%20%20%20%20%5D%20%20%20%20%20%20%20%20%20%20%20%20%20%20%20%20%5B*i%20*v%20*v%20*C%20*v%20*v%20*C%20*C%20*v%20*v%20*C%20Z%20
45a49eb9-d25d-44dd-8f44-e85a0bc058a2,irealbook://Sally%20Goodin'%3DComposer%20Unknown%3DHoedown%3DA%3Dn%3D%7B*AT24A%20A/C%23%20%7CD%20F%23o7%20%7CA%20%3C%28c%23-c%29%3EA%20%7CE/B%20E/G%23%20%7CA%20A/C%23%20%7CD%20%3C%28D-D%23%29%3ED%20%7CE/E%20E/B%20%7C%3C%28F%23-G%23%29%3EE%20A%20%7D%5B*iA%20%3C%28E-F%29%3EA%20%7CF%23*m*/F%23%20F%23*m*/F%20%7CE%20E%20%7C%3C%28F%23-G%23%29%3EE%20A%20%7CA%20%3C%28E-F%29%3EA%20%7CF%23*m*/F%23%20F%23*m*/F%20%7CE%20E%20%7C%3C%28F%23-G%23%29%3EE%20A%20%5D%7B*BF%23*m*%20F%23*m*%20%7CF%23*m*%20A%20%7CF%23*m*%20F%23*m*%20%7CA%20A%20%7CF%23*m*%20F%23*m*%20%7CF%23*m*%20A%20%7C%3C%28D-D%23%29%3EE%20E/E%20%7C%3C%28F%23-G%23%29%3EE%20A%20%7D%20
45cfb5f2-a377-4ecc-a8d8-d42be76eb006,irealbook://Smile%20Please%3DWonder%20Stevie%3DPop%3DE%3Dn%3D%5B*iT44E%5E7%20%20%20%7CC%5E7/E%20%20%20%5D%20%20%20%20%20%20%20%20%7B*AE%5E7%20%20%20%7C%20x%20%20%7CEb-7%20%20%20%7C%20x%20%20%7CDb-9%20%20%20%7C%20x%20%20%5D%7CGb7%20%20%20%7C%20x%20%20%7CA%20%20%20%7CD7%20%20%20%7CAb-7%20%20%20%7CDb-7%20%20%20%7CsGsus%2CG%20%20%7CDsus%2CD%20%20%7CN1lGb-7%20%20%20%7CB7b9%20%20%20%7D%7CN2E69%20%20%20%7C%20x%20%20%7C%7B*BAb-7%20%20%20%7CDb7%20%20%20%7CAb-7%20%20%20%7CDb7%20%20%20%7CBb-7%20%20%20%7CEb7%20%20%20%7CA%5E7%20%20%20%7C%20x%20%20%7D%20
