id,url
57f0e612-9c88-481e-b25a-4e476d06d663,irealb://I%20Want%20You%20Back%3D5%20Jackson%3D%3DPop%3DAb%3D10%3D1r34LbKcu7/W%2CbA4AbXy%2C7bE%2C-bB%7C%2CbA%2Cb%2CD-C%2C-Fs%7CQyXbD%7CQAb%20%7D%7C4Ti*%7B%20bA%2C7W/Eb%2CB%7C%2CbA%2CbD%2C-C%2C-F%2C%7C7bE%2C-bB%2C-C%2CbD%7Cb-%2CEb%2C-F%2CG*%5B%7D%20bST44l%2C-bB%7C%2CbA%2CbD%2C-C-%2CFs%7CQyXbD%7CQyXbAEb7%2CAA*%7BY%5D%2C-bB%7CW/G%2CFD%2C-C%2C-F%7C%2C7bE%2C-Bb%2C-C%2CbD%7C%2CbE/W%2C-b%2CAb%2C%2CbAsBAQ%2CbDbLZAbF%7C%2C7bE%2C-bB%2C-C%2CDb%7C%2CbE/W%2C-F%2CG/W%2C-%2CC-%2CA%2C7bEA%3Eado-%2CEb7.S.D%3C42TZL%20x%20Z%20LlcKQyXbAlZLbA%2C%20al%20CbB%7C%2CbbE/W%2C%5DY%7BQlW%2CbAs44T%7B%7D%20%20x%20LZ%20x%20ZL%20lcKQyXbA/G%2CF-QyX%2CbT%7CQyXC-%2CBbbA%2C7bE%2C-bB%7C%2CbAb%2CD%2C-C%2C-F%7C%2C7bE%2C-LZlAb%2CbD%7C%2C24Ab%20%20%3C3x%3E%20%7D%20%3D%3D0%3D0
57db4af9-9309-48ef-9df2-928e2c93e0f3,irealb://%51%75%65%20%53%65%20%56%61%79%61%20%28%47%69%67%29=%54%61%6E%6F%6E%20%4F%6C%67%61==%44%61%6E%63%65=%43%2D==%31%72%33%34%4C%62%4B%63%75%37%41%2A%5B%20%2D%34%3C%E2%99%A9%E2%99%A9%E2%99%A9%47%5A%4C%62%45%5A%4C%62%42%5A%4C%2D%43%5A%47%4C%5A%4C%62%45%5A%4C%62%42%5A%4C%2D%43%3E%E2%99%A9%4C%5A%59%7C%43%34%54%69%2A%5B%62%41%2C%62%45%46%2D%2C%47%2C%2D%46%73%5A%4C%2D%43%5A%4C%37%47%5A%4C%2D%5A%43%4C%37%47%42%2A%7B%20%2D%43%5A%4C%47%6C%7C%2C%42%62%2C%7C%73%5A%4C%2D%43%5A%4C%62%42%5A%47%37%2C%7C%47%37%47%5A%4C%2D%43%5A%4C%37%47%6C%43%2A%53%59%7B%51%79%58%51%79%58%7D%2D%43%3E%78%33%3C%2C%4C%5A%43%2D%4C%2C%68%44%7C%2C%3E%78%61%73%20%62%4C%5A%73%41%44%2A%7B%59%20%20%51%79%58%51%79%58%51%79%51%58%79%58%5D%20%2D%43%6C%7C%7D%2C%37%47%2C%62%3C%2A%36%36%20%41%5A%4C%62%45%5A%4C%62%45%6C%62%2C%7C%6C%45%62%41%73%3E%73%73%61%72%62%20%32%36%2A%3C%4C%5A%62%45%6C%7C%2C%62%42%2C%62%41%73%5A%4C%62%2C%42%62%2C%7C%42%2C%62%41%73%61%73%20%32%20%62%2C%7C%6C%45%2A%7D%20%62%45%6C%7C%2C%62%42%2C%62%41%73%4C%5A%62%45%6C%7C%2C%62%42%2C%62%41%73%5A%4C%62%44%3C%2A%36%34%42%2C%62%41%73%42%6C%7C%2C%2D%5A%43%2D%4C%5A%5A%4C%62%42%5A%4C%62%45%3E%32%20%73%73%61%62%72%20%32%36%2A%3C%76%2A%5B%20%20%5D%20%37%47%73%41%62%2C%46%4C%37%47%3E%78%61%51%79%58%32%4C%5A%42%62%4C%79%58%2D%43%3E%E2%99%A9%20%E2%95%95%E1%84%87%E2%95%95%20%20%E2%99%AC%E2%99%AA%55%3C%5A%4C%62%42%6C%7C%2C%2D%46%2C%62%41%73%5A%51%5A%3C%2A%33%62%45%5A%4C%62%6C%20%73%69%67%6E%6F%20%28%74%77%6F%20%74%69%6D%65%73%29%3E%20=%50%6F%70%2D%44%69%73%63%6F=%31%34%30=%31
57af5b37-57e3-40eb-ada8-195eb263c13b,"irealb://%49%27%6D%20%41%20%59%61%6E%6B%65%65%20%44%6F%6F%64%6C%65%20%42%6F%79%20(%44%61%6E%64%79)%20%38%2D%62%61%72%20%69%6E%74%72%6F%20%20%20%5B%23%5D=%62%65%32%73%68%61%72%70%20%41%52%52%3A==%5A%7A%20%43%68%6F%6F%73%65%20%41%20%53%74%79%6C%65=%42%62==%31%72%33%34%4C%62%4B%63%75%37%6C%20%65%68%74%79%51%20%20%41%49%20%2E%67%6E%6F%73%20%72%75%6F%79%20%72%66%6F%20%79%65%6B%20%65%68%74%20%74%73%75%6A%64%74%20%69%73%20%58%30%36%2A%3C%65%67%61%70%20%6F%74%65%3E%20%72%75%6F%79%20%6E%6F%20%64%72%6F%68%63%20%73%74%61%6C%20%65%68%74%20%64%6E%61%34%33%2A%3C%20%73%6F%6E%67%6E%20%74%73%61%61%6C%20%65%68%58%79%51%58%79%6C%20%73%69%20%6F%72%74%6E%69%20%65%68%54%20%20%51%79%58%36%36%2A%3C%51%79%58%51%79%58%51%69%6B%65%20%74%51%79%58%3E%2E%74%65%6C%20%72%6D%65%61%73%75%6F%6C%61%20%79%61%6C%50%38%33%2A%3C%20%3E%67%2E%6E%6F%73%20%65%68%74%20%66%6F%20%73%65%72%6E%67,%20%6F%20%38%20%74%73%69%2A%5B%51%79%69%52%65%61%6C%79%58%51%79%58%51%79%58%3E%2E%6F%6C%6F%73%61%20%20%65%76%61%68%20%6D%61%72%67%6F%72%70%20%51%58%79%51%58%20%65%68%74%20%5A%4C%62%42%41%4C%5A%73%42%62%5A%4C%62%42%5A%4C%37%46%5A%4C%37%43%6C,,%7C%37%46,%62%42%5A%4C%62%42%7C,%37%46,%78%20%5D%5B%2A%62%42%34%32%54%5A%4C%37%46%5A%4C%5A%78%4C%5A%43%5A%4C%78%5A%4C%2D%43%5A%4C%78%5A%4C%37%7C%47%5A%4C%78%5A%4C%62%42%5A%4C%78%5A%4C%37%46%37%4C%5A%78%4C%37%43%5A%4C%78%62%42%5A%4C%62%62%4C%5A%78%4C,%62%42%73%5A%4C%62%42%5A%4C%78%5A%4C%62%5A%42%4C%78%5A%4C%37%46%5A%4C%78%5A%4C%37%43%5A%46%37,%7C%42%42%7C%5A%4C%78%64%65%64%6E%65,%6C%43%37%4C%61%20%73%69%20%73%69%68%54%20%20%51%79%58%35%31%2A%3C%5D%20%78%5A%4C%62%42%5A%4C%37%46%5A%6E%20%65%78%74%7C,%37%46,%62%22(%20%2E%3A%20%38%20%62%70%65%72%20%65%72%61%34%32%2A%3C%20%3E%20%72%73%61%62%20%34%20%6E%65%68%74%20,%73%72%61%65%61%74%65%64%61%64%6F%63%20%42%73%5A%4C%62%20%6D%65%61%6E%58%51%79%58%51%79%58%51%79%58%51%79%58%3E)%2E%22%73%65%72%75%73%61%65%6D%22%20%67%6E%69%79%51%5B%51%42,%22%73%72%61%20%78%55%5A%4C%7C%42%62%4C%5A%46%5A%4C%37%43%7C%5A%4C%78%5A%4C%62%42%5A%37%4C%46%5A%4C%37%43%6C,%7C,%37%46,%62%42%37%4C%5A%42%62,%37%46,%62%2D%7A%7A%61%4A%79%51%20%20%3C%3E%36%30%31%6D%6D%2F%7A%7A%61%4A%20%79%73%79%70%47%2D%7A%7A%61%4A%20%20%51%79%58%36%35%2A%20%3C%2A%33%30%58%51%79%58%5A%31%2F%65%74%6F%64%20%45%76%65%42%2D%7A%7A%61%4A%20%51%79%58%51%79%58%38%2A%35%3C%20%51%79%58%51%79%58%3E%34%31%31%2F%6E%6C%75%65%20%4E%61%6C%6C%61%42%31%30%3E%20%3C%2A%33%32%4C%61%74%69%6E%2D%43%75%62%61%3A%20%42%6F%6C%65%72%6F%2F%31%30%38%3E%58%79%51%58%79%51%20%3C%62%23%3E%20=%4A%61%7A%7A%2D%47%79%70%73%79%20%4A%61%7A%7A=%31%30%36=%33"
57c6d004-3e19-4863-a07f-0cad87de9d45,irealb://%44%65%73%64%65%20%4D%69%20%49%6E%74%65%72%69%6F%72=%48%69%6C%6C%73%6F%6E%67==%42%61%6C%6C%61%64%20%45%76%65%6E=%43==%31%72%33%34%4C%62%4B%63%75%37%66%20%65%74%73%34%46%2C%2A%41%74%20%73%61%6D%20%2C%C3%A9%6C%6C%61%66%20%65%20%74%73%65%63%65%76%20%6C%69%4D%20%36%36%2A%3C%75%20%66%75%69%34%54%69%2A%7B%3E%2E%2E%2E%6F%2E%3E%58%79%51%20%53%4F%49%44%39%36%2A%3C%7B%7D%20%47%20%43%2C%7C%51%79%58%2C%46%5A%4C%2C%47%20%2C%43%7C%65%74%65%72%6E%2E%2E%6C%65%69%69%6D%20%65%44%46%2C%4C%5A%43%42%2A%2C%46%69%2A%7B%7D%20%2C%47%20%3E%20%54%6F%51%79%58%51%79%58%51%79%58%36%36%2A%3C%2C%3C%2A%36%36%20%20%2C%41%2F%43%6F%64%6F%74%20%7A%C3%B3%6E%20%74%6F%43%39%36%2A%3C%20%2C%41%2F%43%7C%51%79%2C%58%43%7C%51%79%58%3E%2E%2E%2E%79%6F%64%20%65%6E%73%75%6D%65%61%72%6F%63%20%7C%51%79%58%2C%6E%74%65%72%69%2C%41%2F%43%7C%51%79%58%2C%46%7C%51%79%58%47%2C%5A%4C%20%3E%2E%2E%2E%53%4F%49%44%20%72%6F%58%79%51%7C%47%69%20%69%6D%20%2E%2E%53%4F%49%58%79%51%7C%4E%3C%43%2A%2C%2D%41%69%2A%7B%7D%20%20%3E%6F%20%54%51%79%58%36%36%2A%3C%20%2C%2A%6D%2A%44%31%2A%36%36%20%44%2C%2A%6D%2A%44%2C%46%51%7B%20%5A%43%2C%20%47%20%2C%47%5A%4C%2C%46%20%2C%43%5A%4C%2C%47%2C%20%43%5A%4C%2C%46%20%2C%2A%6D%2A%41%5A%4C%2C%41%2A%6D%2A%2C%4C%46%20%3E%2E%46%7C%51%79%58%46%2C%20%47%20%58%2C%2A%6D%2A%41%7C%51%79%58%2C%43%7C%51%58%79%46%3E%6F%6C%6F%53%32%37%2A%3C%44%2A%7C%7D%79%51%7C%47%2C%5A%4C%2C%47%20%2C%58%79%51%7C%41%2A%6D%2A%2C%58%79%51%7C%47%2C%58%79%51%7C%44%2A%6D%2A%2C%20%20%55%3C%2A%36%36%54%6F%20%42%3E%20%5A%20=%4A%61%7A%7A%2D%42%61%6C%6C%61%64%20%45%76%65%6E=%36%30=%33
578cb32f-7bd9-436c-b11f-b26fd3e3d26f,irealb://%4D%C3%A1%73%20%59%20%4D%C3%A1%73%20%33=%48%6F%75%67%68%74%6F%6E%20%49%73%72%61%65%6C==%42%61%6C%6C%61%64=%47==%31%72%33%34%4C%62%4B%63%75%37%72%6F%50%20%39%34%43%2C%2A%41%7B%51%79%58%44%32%4E%7C%7D%51%79%58%2D%41%4E%31%7C%51%79%58%44%7C%51%79%58%47%7C%51%79%58%2A%42%3C%2A%36%34%54%69%2A%7B%2D%42%7C%51%79%62%75%65%6E%6F%58%23%46%2F%44%7C%5A%4C%47%20%2D%41%7C%51%58%79%42%2F%47%7C%51%79%58%43%3E%20%2E%2E%2E%2E%79%51%7C%43%58%20%65%75%71%20%64%20%73%C3%A1%6D%41%2D%20%47%4C%72%65%75%51%20%39%36%2A%3C%43%2A%7C%7D%20%3E%20%41%20%6F%54%39%36%2A%3C%20%23%46%2F%44%5A%65%6D%6F%73%20%5A%4C%2D%45%20%58%44%7C%51%79%2E%2E%2E%20%3E%58%43%7C%51%79%58%43%7C%51%79%58%2D%42%7C%51%7C%79%58%2D%42%7C%51%79%58%43%7C%51%79%58%43%79%51%7C%47%58%2E%69%74%20%65%79%51%7D%20=%4A%61%7A%7A%2D%4D%65%64%69%75%6D%20%53%77%69%6E%67=%38%30=%33
5762b3fc-5539-411a-be5d-de9c1e427230,irealb://%54%65%20%41%6D%6F=%52%6F%64%72%69%67%75%65%7A%20%4D%69%63%68%61%65%6C==%50%6F%70%20%53%6F%75%6C=%46==%31%72%33%34%4C%62%4B%63%75%37%20%6F%74%6E%61%34%46%58%79%51%79%6F%48%20%39%36%2A%3C%41%2A%7B%7C%51%79%46%58%5A%4C%62%45%20%2D%44%7C%51%79%58%62%45%7C%20%74%65%20%63%34%54%69%2A%5B%44%7C%51%79%58%61%6E%63%69%C3%B3%58%46%3E%2E%2E%2E%61%6C%6C%69%63%6E%65%73%6F%20%67%6C%61%20%7A%65%76%20%6C%61%74%20%2C%6E%79%51%7C%45%62%63%20%61%6E%75%3C%42%2A%7B%51%5A%46%58%79%51%62%45%20%62%42%7C%51%79%58%43%7C%51%79%58%44%62%7C%51%79%58%2D%44%7C%51%79%58%62%45%7C%7D%4C%5A%46%58%79%4C%62%45%20%2D%36%2A%3C%20%46%75%65%20%74%65%2D%44%7C%51%79%58%62%45%7C%51%79%58%46%3E%2E%2E%2E%2E%6F%6D%61%20%65%74%20%2C%6F%6D%61%20%20%45%62%4C%5A%51%20%32%37%2A%62%42%7C%51%79%3E%20%20%7D%51%45%20%62%42%7C%51%79%58%46%5A%4C%62%45%20%44%2D%7C%51%79%58%62%45%7C%51%79%58%46%3E%20%3C%62%4C%5A%46%58%41%20%6F%54%36%20%45%4C%5A%46%58%79%51%5A%20==%30=%30
5746da97-a540-4990-a8ad-83811f61595e,irealb://%59%6F%20%4D%65%20%52%69%6E%64%6F%20%41%20%C3%89%6C=%4A%65%73%C3%BA%73%20%41%64%72%69%C3%A1%6E%20%52%6F%6D%65%72%6F==%42%61%6C%61%64%61=%47==%31%72%33%34%4C%62%4B%63%75%37%2C%2D%41%32%4E%34%47%20%43%2F%2C%2D%41%31%4E%5A%4C%43%20%2D%45%7C%2C%23%2F%44%42%2C%42%20%2C%23%46%2F%44%7C%2C%47%2C%47%20%44%20%7D%7C%34%54%41%2A%7B%2F%47%20%47%5A%54%32%34%47%58%20%47%7C%51%79%58%44%7C%51%79%58%2D%41%5A%23%4C%47%2F%47%20%47%34%34%54%42%2A%7B%7D%51%79%47%73%75%73%4C%5A%4C%47%2C%44%42%4C%5A%43%20%43%2D%4C%5A%47%20%44%4C%5A%47%58%79%51%7D%20=%4A%61%7A%7A%2D%4D%65%64%69%75%6D%20%53%77%69%6E%67=%31%30%30=%33
57af5cd6-03eb-4051-9db0-f2e3dc76c9b2,irealb://%43%61%6E%74%61%72%65%20%41%6C%20%53%65%C3%B1%6F%72%20%50%6F%72%20%53%69%65%6D%70%72%65=%4A%75%61%6E%20%43%61%72%6C%6F%73%20%41%6C%76%61%72%61%64%6F==%55%70%20%54%65%6D%70%6F%20%53%77%69%6E%67=%41%2D==%31%72%33%34%4C%62%4B%63%75%37%58%2C%2A%6D%2A%34%41%2A%6D%2A%47%42%2A%7B%7D%51%79%58%2C%2A%6D%2A%41%5A%45%4C%20%46%7C%51%79%58%47%7C%51%79%58%41%2A%2C%58%79%51%7C%41%34%54%69%2A%7B%58%2C%2A%6D%2A%79%51%7C%41%2A%43%7C%51%79%58%47%3E%6E%C3%B3%69%63%61%69%72%56%61%39%36%2A%3C%43%2A%5B%7D%51%79%58%2C%2A%6D%58%79%51%7C%44%58%47%7C%51%79%3E%41%20%6F%54%79%51%7C%45%58%2C%2A%6D%2A%41%7C%7D%20%45%20%46%7C%51%79%47%58%7C%51%79%58%2C%2A%6D%2A%41%44%2A%5B%51%79%20%3C%2A%36%39%58%45%7C%51%79%20%20%7D%7B%51%41%2A%6D%2A%2C%58%79%51%7C%47%58%79%51%7C%46%20%3C%2A%37%32%54%69%6C%6C%20%43%75%65%3E%45%2C%20%7D%20=%4A%61%7A%7A%2D%55%70%20%54%65%6D%70%6F%20%53%77%69%6E%67=%32%34%30=%33
5705fde7-003c-4f3a-99ce-f3826938869c,irealb://%50%72%6F%6E%74%6F%20%41%75%78%69%6C%69%6F=%47%75%69%64%69%6E%69%20%59%61%73%68%69%72%61==%57%6F%72%73%68%69%70=%44%62==%31%72%33%34%4C%62%4B%63%75%37%5A%4C%62%47%5A%38%3C%2A%36%36%2E%2E%2E%72%61%6E%69%6D%61%63%20%69%6D%20%65%73%63%6F%6E%6F%63%20%75%54%20%6F%6C%6F%53%20%20%3E%47%62%4C%36%54%41%2A%7B%6E%6F%72%70%20%5A%42%62%2D%37%2A%3C%42%2A%5B%7D%2C%46%2F%62%44%2C%62%44%4C%5A%62%44%5A%4C%43%2F%62%41%5A%4C%62%47%5A%4C%36%39%20%4D%69%4C%37%2D%62%42%4C%62%44%7C%2C%78%69%6C%69%6F%45%7C%2C%46%2F%62%44%2C%62%47%3E%20%2E%2E%61%2E%74%6E%65%6D%72%6F%74%20%61%6C%20%6E%65%20%62%2D%2C%41%62%75%61%20%6F%74%47%7C%2C%62%47%62%2F%46%2C%7C%47%5A%4C%37%2D%62%42%5A%4C%37%2D%62%42%7C%62%2C%41%2C%2D%62%45%7C%2C%46%2F%62%44%2C%62%47%62%2C%41%62%2F%44%2C%62%44%5A%2C%41%20%6F%54%2F%46%4C%5A%44%41%3E%34%2C%36%20%20%51%79%58%31%32%2A%3C%7C%66%2C%46%2F%62%44%2C%2D%62%45%5A%4C%46%2F%62%62%3C%2A%36%39%62%44%5A%4C%62%61%64%69%6E%75%5D%7C%58%79%51%20%61%72%74%6F%20%65%64%20%53%4F%49%44%20%6D%69%20%73%65%72%45%20%33%36%2A%3C%43%2A%7B%20%6F%70%6F%72%74%20%3E%44%2C%43%5B%7D%20%62%41%5A%47%62%4C%5A%6F%54%39%36%2A%3C%5A%4C%62%41%5A%4C%37%2D%42%62%5A%4C%37%2D%62%42%5A%4C%62%41%5A%4C%62%41%20%42%2C%44%3E%4C%62%47%3E%64%42%5A%4C%37%2D%42%62%2D%37%4C%2F%46%2C%62%47%7C%2C%46%2F%62%44%2C%2D%62%5A%45%4C%62%44%5A%4C%62%44%5A%4C%37%2D%62%42%5A%41%2C%7C%42%62%3E%20%3C%44%2A%51%79%58%38%31%47%62%2C%41%62%2F%62%44%2C%2D%62%45%5A%4C%31%31%2D%62%42%4C%5A%31%31%2D%62%42%5A%4C%62%47%7C%2C%62%47%2F%46%2C%7C%3C%2A%5A%4C%37%2D%62%76%6F%68%65%4A%3E%41%62%20%5D%61%69%66%6E%6F%63%20%65%75%71%20%73%6F%4C%33%20%36%2A%3C%34%34%54%76%2A%5B%20%51%79%58%7C%6E%20%65%6E%20%34%20%51%79%58%62%44%5A%4C%62%3E%44%62%4C%5A%2F%62%47%5A%4C%62%44%2F%62%47%5A%4C%62%44%2D%2F%62%45%5A%4C%62%44%2F%2D%62%45%5A%4C%62%44%44%62%4C%5A%44%2E%2E%2E%2E%C3%A1%31%4E%5A%4C%62%4C%5A%44%62%37%43%20%6F%54%20%20%39%36%2A%3C%5A%4C%62%44%4C%5A%62%44%2F%62%47%5A%4C%62%44%2F%62%47%5A%4C%3E%41%62%2F%44%62%44%7B%5A%4C%47%62%2F%44%62%4C%5A%44%62%20%7D%20==%30=%33
570f53e8-42ef-4cd6-b9e8-17e4d472af16,"irealb://%51%75%65%20%53%65%61%73%20%4D%69%20%55%6E%69%76%65%72%73%6F%20%31=%4A%65%73%C3%BA%73%20%41%64%72%69%61%6E%20%52%6F%6D%65%72%6F==%42%61%6C%6C%61%64%20%45%76%65%6E=%43==%31%72%33%34%4C%62%4B%63%75%37%58%43%5A%4C%47%34%43,%2A%41%58%43%42%2A%7B%7D%20%47%20%2D%44%7C%51%79%46%58%7C%51%79%58%43%7C%51%79%58%46%7C%51%79%58%79%51%7C%46%20%34%54%69%2A%7B%79%51%7C%46%58%79%51%7C%44%2D%58%79%51%7C%47%58%79%51%7D%20=%4A%61%7A%7A%2D%42%61%6C%6C%61%64%20%45%76%65%6E=%36%30=%33"
5731f19a-bdd6-43ee-9c60-aeaf31b9e1ad,"irealb://%50%6F%64%65%72%20%44%65%20%54%75%20%56%69%63%74%6F%72%69%61%20%31=%48%6F%75%67%68%74%6F%6E%20%49%73%72%61%65%6C==%52%6F%63%6B=%43==%31%72%33%34%4C%62%4B%63%75%37%46%20%2D%23%47%34%42,%2A%42%42%7C%51%79%58%2D%23%47%5A%4C%23%44%20%3E%2E%2E%2E%6E%61%64%75%61%6C%70%41%20%39%36%2A%3C%20%44%23%4C%5A%34%54%69%2A%7B%74%63%69%76%20%2A%36%36%47%72%76%20%6E%6F%43%32%37%2A%3C%7C%51%79%58%23%7C%46%51%79%58%42%7C%51%79%58%45%3E%64%61%74%69%6F%7A%20%64%65%3C%7C%7D%20%23%3C%41%2A%7C%7D%43%23%2D%58%79%79%58%39%36%2A%3C%53%20%2D%23%43%7C%51%79%23%58%46%7C%51%79%58%42%7C%51%79%58%45%7B%7C%51%51%3E%20%51%20%3E%61%69%72%6F%79%58%23%46%7C%54%75%20%65%72%51%79%58%42%7C%51%79%58%45%7C%51%79%58%45%2E%3E%2E%2E%6F%6E%72%65%74%65%20%6C%65%20%73%65%7C%42%58%79%51%20%20%36%36%2A%79%58,%45%3E%79%51%7C%43%23%74%73%69%64%20%73%6F%4E%20%20%51%79%58%39%2A%36%3C%53%7C%51%79%58%2D%23%43%7C%51%79%58%2D%65%2E%2E%2E%2E%58%23%46%7C%51%6E%61%43%31%37%51%7C%42%58%79%58%2D%23%43%7C%51%79%58%2D%23%43%7C%51%79%23%58%46%7C%51%79%58%23%46%7C%51%79%58%42%7C%51%79%51%5B%3C%2A%79%58%45%7C%51%54%20%20%39%36%20%61%6C%65%6C%31%4E%7C%51%79%58%42%7C%51%79%58%45%7C%51%58%79%2D%23%47%7C%51%79%58%2D%23%43%3E%61%79%75%46%23%20%3C%2A%73%6F%6D%61%74%45%51%7B%7D%20%20%7D%4E%32%46%54%20%20%32%37%2A%3C%20%23%41%2F%23%46%7C%79%51%58%23%46%7C%51%79%58%23%46%7C%51%79%58%23%6F%20%41%3E%20%20%3E%41%20%6F%42%7C%51%79%58%68,%20%6F%68%76%69%76%20,%6F%79%20%6F%76%69%56%39%36%3C%2A%7C%51%79%58%45%7C%51%79%58%3E%68%6F%20,%6F%2E%2E%3E%42%4F%31%37%2A%3C%20%39%36%2A%3C%23%58%79%51%7C%20%20%3E%42%20%6F%54%20%20%32%37%2A%3C%20%23%2D%43%7C%51%79%58%2D%23%43%7C%51%79%58%23%46%7D%43%23%2D%20%46%7C%51%79%58%20%54%6F%20%42%3E%20%20%7D%20=%50%6F%70%2D%52%6F%63%6B=%31%31%35=%31"
57223df0-ba85-4f61-a0e4-9ae59cba2c0b,"irealb://%59%C3%9C%52%45%4B%20=%20%44%55%4D%41%4E==%50%4F%50%20%52%4F%43%4B%20%46%41%4B%20=%45%2D==%31%72%33%34%4C%62%4B%63%75%37%79%58%7D%20%20%2D%20%4C%5A%20%20%78%20%5A%4C%20%78%20%31%4E%5A%4C%20%78%5A%20%4C%20%2D%41%20%5A%4C%20%78%20%5A%4C%20%78%4C%5A%20%45%2D%45%20%41%2A%7B%79%58%3E%20%41%20%47%20%4C%5A%44%20%31%20%58%20%49%44%4F%4C%45%4D%20%52%54%41%49%47%3C%7D%20%20%2D%45%20%5A%4C%20%42%20%41%52%42%55%4B%32%4E%7B%20%51%42,%47%5A%4C%51%4C%5A%58%79%4C%20%2D%45%20%5A%4C%42%20%47%5A%4C%2D%41%47%20%5A%4C%20%2D%45%20%5A%4C%51%79%58%5A%4C%51%5A%47%20%41%2D%79%58%5A%4C%51%51%79%58%5A%4C%58%79%51%4C%5A%74%70%61%6C%6F%64%20%69%63%6E%69%6B%69%20%65%6B%72%69%64%38%33%2A%3C%41%2A%5A%4C%51%79%58%61%3E%58%79%51%5A%4C%2D%45,%58%36%36%2A%3C%4C%5A%58%79%51%3E%49%49%20%20%36%36%2A%3C%5A%4C%20%2D%45%3E%20%20%70%61%72%61%20%30%37%2A%3C%42%2A%7B%20%45%2D%4C%5A%20%51%79%58%5A%4C%45%20%5A%4C%42%49%49%49%49%3E%47%20%5A%4C%20%2D%41%20%3E%70%6F%70%20%34%2A%37%3C%7B%20%51%79%58%7C%7D%51%79%58%2D%45%20%20%4C%5A%43%20%51%79%58%51%79%79%58%3E%20%70%2A%34%32%47%69%2E%32%20%65%76%20%31%32%34%2A%3C%41%2A%5A%51%4C%79%58%3E%20%69%64%6F%6C%65%6D%20%72%61%74%20%64%6F%6C%61%3C%7D%20%20%2D%51%4C%5A,%2A%42,%58%79%51%4C%5A%3C%2A%34%30%67%69%74%61%72%20%6D%65%6C%6F%64%69%20%3E%58%79%51%20%5A%20==%30=%30"
57d689da-97cf-47e2-a95c-5ea57f3d8dd1,irealb://%42%61%6E%6C%69%65%75%65%20%72%6F%75%67%65=%53%65%63%68%61%6E%20%52%65%6E%61%75%64==%50%6F%70%20%52%6F%63%6B=%45==%31%72%33%34%4C%62%4B%63%75%37%4C%2D%23%46%20%34%45%20%46%23%2D%23%46%20%45%41%2A%5B%5D%20%51%79%58%7C%51%72%79%58%5A%4C%2D%23%46%20%2D%23%47%5A%4C%2D%4C%5A%47%23%2D%34%54%69%2A%5B%34%34%54%42%2A%7C%58%79%51%4C%45%70%2C%2D%23%46%70%2C%45%34%35%54%5A%4C%23%2D%46%20%2D%23%47%5A%4C%2D%23%46%20%45%7C%5A%5D%58%79%51%5B%72%51%79%58%5A%45%20%46%23%2D%4C%5A%47%23%2D%20%46%23%2D%4C%5A%45%20%46%23%2D%4C%5A%47%23%2D%20%42%20%5A%20==%31%32%35=%30
574d07ce-470f-444a-a04b-3205560a2ce7,irealb://%50%69%65%6E%73%6F%20%65%6E%20%54%69%20%28%43%68%69%6C%65%20%47%69%67%29=%55%72%62%69%65%67%6F%20%4A%6F%72%67%65==%46%75%6E%6B=%41%2D==%31%72%33%34%4C%62%4B%63%75%37%5A%4C%20%6C%63%2D%58%79%51%4B%41%5A%4C%20%6C%63%4B%51%79%58%2D%45%5A%4C%6C%20%63%4B%51%79%58%2D%41%41%2A%7B%20%20%6C%63%2D%58%79%51%4B%41%34%34%54%5B%79%58%2D%42%7C%4B%63%6C%20%4C%6F%72%6F%63%51%79%58%38%35%2A%3C%32%4E%42%7B%2A%7D%20%20%6C%63%4B%51%79%58%2D%41%31%4E%5A%3E%47%58%79%51%51%79%58%2D%45%62%4F%38%36%2A%79%51%7C%42%2D%3E%2F%51%79%58%E2%99%A9%20%2E%E2%99%AA%E2%95%95%E2%99%AA%E0%B8%AF%34%30%3C%2A%7D%51%79%58%44%7C%51%79%58%43%7C%51%79%58%73%44%35%2C%3C%58%2D%45%7C%51%35%23%43%2C%35%4D%6F%64%2E%31%79%58%E2%99%A9%20%2E%E2%99%AA%E2%95%95%E2%99%AA%E0%B8%AF%34%30%2A%3C%5A%2D%4C%42%6C%2C%35%23%43%3E%29%70%75%20%79%65%6B%51%2F%3E%73%44%28%20%67%69%6C%51%79%58%2D%23%5D%5B%2A%43%6C%63%4B%51%79%58%2D%42%5A%4C%20%6C%63%4B%51%58%79%2D%23%46%5A%4C%20%6C%63%4B%51%79%58%2D%42%6C%20%4C%5A%46%20%2D%42%6C%2C%79%58%44%7C%51%5D%7B%2A%42%3C%7C%51%79%58%2D%23%46%7C%51%79%58%2D%23%43%51%7C%79%58%41%3E%32%6F%72%6F%63%20%20%34%36%2A%43%23%2D%58%79%20%20%6C%63%4B%51%79%58%44%7C%51%7D%7B%2A%44%43%7C%51%79%58%2D%23%46%7C%51%79%58%2D%23%7C%43%51%79%58%41%3E%6F%6C%6F%73%20%36%36%2A%3C%23%2D%58%79%51%79%58%45%7C%51%44%7C%51%79%58%7D%7B%51%3C%2A%79%58%2D%23%46%7C%51%79%58%2D%23%43%7C%51%58%79%41%3E%73%6F%72%6F%63%20%20%51%79%58%34%36%51%7C%43%23%2D%51%79%58%45%7C%58%79%51%7C%45%58%79%51%7D%7C%55%41%58%79%51%5A%20==%30=%30
57ba8a31-0d94-412a-bf22-b7dee0bd7631,"irealb://%54%6F%75%74%20%4C%27%41%6D%6F%75%72%20(%71%75%65%20%6A%27%61%69%20%70%6F%75%72%20%74%6F%69)=%43%6F%6D%70%6F%73%65%72%20%55%6E%6B%6E%6F%77%6E==%4D%65%64%69%75%6D%20%53%77%69%6E%67=%43==%31%72%33%34%4C%62%4B%63%75%37%79%58%2D%62%42%58%79%51%7C%46%7C%51%79%58%2D%62%42%34%34%54%41%2A%7B%7D%20%20%6E,%46%7C%51%79%58%2D%62%42%7C%51%79%58%46%58%79%51%7C%62%44%69%2A%7B%42%7C%51%79%58,%6E%20%20%7D%2D%62%42%5A%4C%20%6E,%46%7C%51%79%58%2D%42%62%7C%51%79%58%46%7C%51%79%58%62%44%42%2A%5B%58%79%51%7C%46%2D%62%42%7C%51%62%2D%58%79%51%7C%55%42%62%2D,%6E%20%20%5A%20=%50%6F%70%2D%53%6F%75%6C=%31%31%35=%33"
57b7b2bc-e664-43fc-aa60-ebdeacdbfa27,irealb://%54%72%61%63%65%73%20%28%42%65%6C%6F%66%66%20%61%72%72%2E%29=%4A%2E%52%2E%20%43%6F%62%62%2C%20%42%75%64%64%79%20%42%75%69%65==%4D%6F%64%65%72%61%74%65%6C%79=%43==%31%72%33%34%4C%62%4B%63%75%37%2D%45%7C%51%79%34%41%2D%4C%5A%5D%70%5A%4C%2C%37%47%7C%2C%46%5A%4C%2D%45%4C%5A%2D%41%5A%4C%2D%45%5A%4C%2D%41%5A%4C%2D%45%7B%2A%41%43%58%34%54%69%2A%5B%79%58%37%2D%41%2D%58%79%51%7C%41%7C%51%79%58%37%45%7C%51%79%58%2D%44%7C%79%51%58%62%42%7C%51%79%58%2D%44%7C%51%79%58%41%2D%58%79%51%7C%47%7C%51%79%58%4C%51%79%58%7D%37%62%35%58%79%7C%51%79%58%2D%44%31%4E%7C%51%79%58%37%23%7C%43%51%79%58%37%5E%62%41%7C%51%79%58%46%7C%51%47%37%58%79%51%2D%23%46%7C%51%2D%41%7C%51%79%58%79%51%7C%47%79%58%2D%41%7C%51%79%58%2D%45%7C%51%79%58%41%2D%42%2A%5B%5D%20%70%5A%4C%43%7C%51%79%58%37%51%7C%45%2D%58%2D%44%32%4E%5A%58%79%51%7C%45%2D%58%79%51%7C%46%58%79%51%7C%47%37%4C%5A%70%20%7D%7B%4E%33%44%2D%58%79%51%7C%47%37%58%79%51%7C%43%58%79%51%7C%43%20%20%7D%20%5A%20=%50%6F%70%2D%53%6C%6F%77%20%52%6F%63%6B=%37%30=%31
5767c313-fc5d-4b93-921e-2495b9f93f65,irealb://%49%20%4C%6F%76%65%20%59%6F%75%20%2F%54%47%4A%43=%41%72%63%68%65%72%20%48%61%72%72%79==%4D%65%64%69%75%6D%20%53%77%69%6E%67=%46==%31%72%33%34%4C%62%4B%63%75%37%51%79%58%2D%47%34%46%58%79%51%62%41%7C%51%79%58%41%2F%46%7C%51%79%58%46%51%7C%79%58%29%6F%46%28%37%43%5A%4C%20%6C%63%4B%6F%58%79%51%7C%34%54%41%2A%5B%47%5A%4C%37%44%51%7C%47%2D%58%58%37%43%7C%51%79%58%37%2D%47%7C%51%79%58%47%2D%7C%51%79%58%37%44%5A%4C%20%6C%63%4B%51%79%79%51%7C%46%20%79%58%37%44%7C%51%79%58%62%42%4C%5A%2A%42%46%4B%51%79%58%37%46%7C%51%79%58%46%7C%51%79%29%58%6F%46%28%37%43%5A%4C%20%6C%63%4B%51%79%58%63%6C%20%4C%5A%37%43%20%37%2D%76%6F%6E%20%6D%5A%42%62%58%79%65%62%69%72%63%73%6E%61%72%74%3C%7C%51%79%37%58%44%7C%51%79%58%46%7C%51%79%58%6F%42%7C%51%64%20%66%72%6F%4C%20%6C%63%4B%7C%51%79%58%46%37%20%76%65%72%43%7C%51%79%58%37%2D%47%3E%69%6E%61%6F%69%20%47%6E%69%74%72%61%4D%20%79%62%20%6E%6F%69%73%37%58%79%51%7C%34%39%31%20%2E%43%37%58%79%51%5D%20=%4A%61%7A%7A%2D%4D%65%64%69%75%6D%20%53%77%69%6E%67=%31%30%30=%33
57c99cf7-7f9b-4da5-8266-f03e7bf4cbee,irealb://%45%75%20%54%65%20%42%75%73%63%6F%20%32=%2E==%4D%69%6E%69%73%74%C3%A9%72%69%6F%20%4C%69%76%72%65=%43=%32=%31%72%33%34%4C%62%4B%63%75%37%79%58%78%7C%51%54%34%34%45%2D%51%79%58%44%7C%51%79%58%2D%45%7C%51%79%58%7C%78%51%79%58%5E%43%7C%51%79%58%78%7C%51%79%58%7C%43%5E%58%79%2C%41%2A%2C%7B%51%7D%7B%2C%2A%42%2C%47%58%79%51%7C%44%58%79%51%7C%45%2D%58%79%51%7C%43%58%79%51%7C%47%58%79%51%7C%44%58%79%51%7C%43%58%79%51%7C%78%58%79%51%7D%20==%30=%30
5793f1f1-8efb-420c-837b-6ae456a02811,irealb://%53%6F%6E%67%20%46%6F%72%20%4D%79%20%46%61%74%68%65%72%2D%52%65%76%20%4A%45=%53%69%6C%76%65%72%20%48%6F%72%61%63%65==%4C%61%74%69%6E%2D%53%77%69%6E%67=%46%2D==%31%72%33%34%4C%62%4B%63%75%37%5A%4C%20%6C%63%34%3C%2A%37%30%62%45%5A%4C%20%6C%63%4B%51%79%58%37%2D%46%4E%3E%49%54%41%4C%20%2D%20%44%41%45%48%51%79%58%37%58%79%51%4B%34%54%69%2A%7B%46%5A%4C%20%6C%51%7C%73%43%37%37%62%45%5B%7D%20%20%6C%63%4B%51%79%58%37%46%2D%6C%7C%2C%73%75%73%37%43%20%6E%2C%73%75%73%58%79%51%4B%63%79%58%37%62%44%2A%3C%42%2A%7B%4B%63%6C%20%4C%4B%51%79%58%37%2D%46%6C%7C%2C%37%43%20%6E%37%2C%43%7C%6E%2C%37%62%44%6E%2C%37%62%45%73%5A%63%6C%20%20%7D%51%79%58%37%2D%37%2D%46%5A%4C%53%4F%4C%4F%53%5A%4C%37%62%44%5A%4C%78%5A%4C%37%62%45%5A%78%4C%5A%4C%37%2D%46%3E%47%4E%49%57%53%20%2D%20%43%37%73%75%73%51%79%58%30%37%3C%51%41%2A%7B%5B%45%62%37%4C%37%2D%46%5A%4C%37%43%6C%7C%2C%37%62%44%2C%62%37%45%73%5A%4C%78%5A%4C%37%2D%46%5A%4C%78%5A%4C%5A%78%20%5D%7D%20%78%5A%4C%79%58%37%62%44%51%20%20%48%45%4B%51%79%58%37%62%45%5A%4C%20%6C%63%4B%51%58%79%37%2D%46%3E%4E%49%54%41%4C%20%2D%20%44%41%63%6C%20%4C%5A%79%58%30%37%2A%51%79%58%37%2D%73%75%73%2C%6E%63%4B%51%79%58%37%62%45%5B%7D%20%20%6C%63%51%4B%79%58%37%2D%46%6C%7C%2C%73%75%73%37%43%20%6C%20%4C%5A%46%37%43%73%7C%51%79%58%37%2D%46%5A%73%45%62%37%20%6C%63%4B%51%79%58%37%2D%46%6C%31%4E%7C%37%2C%43%20%6E%2C%37%43%7C%6E%2C%37%62%44%6E%2C%20%7D%5B%4E%32%4C%20%6C%63%4B%51%7C%3C%2A%37%30%20%54%41%47%3E%44%62%37%20%43%37%4C%5A%46%2D%37%58%79%51%7C%44%62%37%20%43%37%4C%5A%55%3C%46%49%4E%45%3E%46%2D%36%58%79%51%5A%20=%4A%61%7A%7A%2D%4C%61%74%69%6E%2F%53%77%69%6E%67=%31%35%30=%35
57807cd6-ab1a-432d-b965-5b1db0a72d11,"irealb://%47%72%61%6E%64%65%20%47%72%61%6E%64%65%20%47%72%61%6E%64%65=%52%65%6E%69%73%20%54%6F%6E%79==%42%6F%73%73%61%20%4E%6F%76%61=%43==%31%72%33%34%4C%62%4B%63%75%37%44%5A%4C%37%47%34%43%5E%37%20%44%5A%4C%37%47%20%2A%37%6D%2A%44%5A%4C%37%43%5E%20%36%43%5A%4C%37%5E%43%20%43%7D%20%37%43%2A%6D%37%2A%20%34%54%41%2A%5B%43%20%2A%37%6D%79%51%7C%47%37%43%20%37%5E%43%32%4E%7C%51%79%58%73%75%73%31%47%4E%7C%5A%4C%36%43%20%37%5E%43%7C%51%79%58%36%4C%5A%47%2A%58%2A%37%6D%2A%43%5A%4C%20%6C%20%4C%5A%46%5E%47%5A%4C%37%5E%43%20%36%43%5A%4C%37%5E%43%43%20%7C%51%79%58%2A%37%6D%2A%46%7C%51%79%58%37%58%79%51%4B%63%78%20%5A%4C%37%5A%4C%20%78%20%62%37%58%79%51%20%2A%37%6D%2A%62%45%5A%4C%37%5E%62%44%20%62%36%44%5A%4C%37%5E%62%44%20,%62%44%42%2A%7C%41%62%37%4C%5A%41%7C%51%79%58%47%5A%4C%20%78%2A%58%79%51%7C%44%20%2A%37%6D%2A%62%41%5A%4C%20%78%20%5A%37%4C%5E%62%44%20,%62%44%7C%51%79%58%37%62%41%62%37%4C%5A%20%37%6D%2A%62%45%44%5A%4C%20%6C%51%7C%47%62%2A%37%62%41%5A%4C%37%5E%62%44%20,%62%44%5A%37%4C%5E%62%44%20,%62%44%7C%51%79%58%2A%37%6D%58%79%51%4B%63%79%58%37%5E%62%58%2A%37%6D%2A%41%37%58%79%51%20%5A%4C%37%41%20%2A%37%6D%2A%45%5A%4C,%5E%37%44%20%36%44%5A%4C%37%5E%44%20%44%43%2A%7C%78%20%4C%5A%45%7C%51%79%58%62%51%79%58%7C%51%58%79%51%7C%7C%61%6E%69%67%61%70%20%65%75%67%65%73%3C%20%4C%5A,%37%5E%44%20%36%44%5A%4C%37%5E%44%20%44%20%32%3E%58%79%37%41%7C%51%79%20%7C%20==%30=%30"
577b9497-18e9-423a-8d13-8fe8056964ea,irealb://%41%72%C3%AA%72%C3%AA=%53%61%6E%67%61%6C%6F%20%49%76%65%74%65==%41%66%72%6F%2D%53%61%6D%62%61=%45=%32=%31%72%33%34%4C%62%4B%63%75%37%7C%72%51%79%58%20%47%23%2D%2F%42%7C%51%79%58%41%42%2A%5B%59%59%7D%20%51%58%79%7C%72%51%79%58%5A%4C%37%42%20%41%5A%4C%42%37%58%79%51%7C%45%41%2A%7B%59%72%51%79%58%5A%58%79%51%72%7C%5A%4C%42%2F%2D%23%47%20%45%7B%59%59%20%51%58%79%5D%20%6E%70%29%37%42%28%70%5A%4C%51%79%58%41%20%42%37%4C%5A%4C%51%79%58%37%42%28%70%7C%7D%59%59%5B%41%5A%4C%51%79%58%7C%72%51%79%58%5A%4C%51%79%7C%58%72%51%79%58%7C%51%79%58%37%42%7C%51%79%58%42%37%58%79%51%20%51%79%58%7C%29%70%6E%20%5A%20=%4A%61%7A%7A%2D%41%66%72%6F%20%31%32%2F%38=%31%31%30=%33
572a5c60-08b9-4675-a7bd-0949be653005,irealb://%43%61%6E%74%6F%20%64%65%20%4F%73%73%61%6E%68%61=%42%61%64%65%6E%20%50%6F%77%65%6C%6C%20%2D%20%56%69%6E%69%63%69%75%73%20%64%65%20%4D%6F%72%61%65%73==%53%61%6D%62%61=%44%2D==%31%72%33%34%4C%62%4B%63%75%37%4C%5E%62%45%20%34%34%3C%2A%36%46%20%2D%44%3E%2E%2E%75%6F%44%20%3A%7A%69%20%64%65%75%71%20%6D%65%6D%6F%68%20%4F%20%20%38%36%4C%5A%45%37%54%41%2A%7B%59%75%71%20%6F%C3%A3%7C%58%79%51%4C%2E%2E%69%61%76%20%6F%C3%A3%6E%20%2E%2E%7A%69%20%64%6F%C3%A3%6E%20%2E%2E%C3%A1%64%20%6F%C3%A3%4E%3C%5A%20%6A%C3%A1%20%6E%72%51%79%58%5A%6F%C3%A3%4E%35%34%51%72%7C%58%79%5E%62%45%28%20%20%29%39%23%37%45%28%20%7C%29%72%5E%46%28%20%20%29%39%2D%44%28%20%5A%4C%51%29%20%7D%3C%2A%79%58%3E%73%69%51%79%58%51%79%6E%C3%A3%6F%20%73%2E%2E%72%65%75%71%20%6F%64%6E%61%75%71%20%74%61%20%2E%2E%C3%A1%74%20%6F%C3%A3%6E%20%2E%2E%75%6F%3E%58%79%51%58%20%2E%2E%C3%A9%20%20%6D%C3%A9%75%67%51%20%59%59%5B%6F%73%20%6F%C3%A3%6E%20%75%65%20%65%75%51%20%75%21%6F%76%20%6F%C3%A3%4E%20%20%38%36%2A%3C%42%2A%75%20%6E%69%6E%79%58%51%79%58%39%36%47%73%7C%2E%2E%3E%44%58%7C%51%79%58%44%5A%4C%33%31%41%20%39%45%5A%36%4C%47%20%39%36%47%7C%51%79%58%36%44%7C%51%79%44%36%58%79%51%72%69%20%65%64%61%56%20%21%69%39%2C%41%31%33%3C%51%79%58%51%79%58%51%79%58%51%79%58%5A%79%51%58%36%2D%41%5A%4C%20%6E%2C%35%44%6C%7C%2C%2A%32%34%56%61%45%2C%36%47%2C%69%21%20%56%61%69%21%20%56%61%69%21%20%41%6D%61%72%2E%2E%20%20%73%6F%66%72%65%72%2E%2E%20%20%63%68%6F%72%61%72%2E%2E%20%20%64%69%7A%65%72%2E%2E%3E%20=%4C%61%74%69%6E%2D%42%72%61%7A%69%6C%3A%20%53%61%6D%62%61=%32%30%30=%30
578c3037-42f1-4dfa-8955-ebf36403c94a,irealb://%44%69%7A%20%71%75%65%20%66%75%69%20%70%6F%72%20%61%C3%AD=%4B%C3%A9%74%69%20%5A%C3%A9==%53%61%6D%62%61=%45=%32=%31%72%33%34%4C%62%4B%63%75%37%7C%7D%20%2C%39%39%58%79%51%7C%45%5A%4C%2C%39%62%37%42%20%2D%23%46%6C%7C%37%2C%23%43%2C%68%23%47%2C%68%23%44%2C%68%45%73%5E%39%20%46%5E%5E%45%69%2A%7B%6D%C3%A9%75%67%6C%42%73%75%73%2C%79%58%38%36%2A%3C%34%34%54%41%2A%7B%59%59%79%51%58%51%79%58%51%79%58%51%79%58%5B%2C%37%42%51%53%65%20%61%73%20%39%5E%45%37%45%20%2D%42%75%6E%74%61%72%23%43%5A%4C%37%23%47%20%68%23%44%7C%51%79%39%58%5E%45%6C%3E%2E%2E%6D%69%6D%20%72%6F%70%20%2D%58%79%51%7C%67%65%72%70%20%23%47%5A%4C%2C%44%23%37%2F%41%46%5A%4C%2C%37%23%43%20%2D%42%5A%4C%37%42%2D%20%23%46%5A%4C%37%23%43%20%68%23%47%5A%4C%23%23%2D%20%41%2D%20%5E%41%5A%4C%64%75%61%73%20%4C%5A%46%23%2D%20%73%69%6F%70%65%64%20%C3%B3%73%20%73%61%4D%5A%3C%4C%2C%37%23%43%20%68%23%47%5A%4C%37%42%20%71%75%65%20%61%37%23%43%20%6F%51%79%58%51%79%65%20%61%66%61%2C%2D%23%47%73%20%45%5A%4C%37%42%20%2D%23%3E%46%32%78%20%6D%69%6D%20%65%64%20%72%61%74%73%47%2D%2C%5B%58%73%20%65%64%61%6F%47%20%23%47%7B%2A%42%3C%2A%42%20%2D%23%46%6C%3E%2E%2E%6F%C3%A3%6C%6F%69%20%76%6D%75%20%6F%68%6E%65%54%20%51%79%58%38%36%37%4C%5A%45%2F%59%59%59%20%20%4C%5A%46%23%2D%20%42%37%4C%5A%4E%31%47%23%68%20%43%23%37%2C%20%7D%58%79%51%58%79%51%58%79%51%20%20%5B%4E%32%45%2D%20%4C%5A%41%2D%20%5A%20=%4A%61%7A%7A%2D%4D%65%64%69%75%6D%20%53%77%69%6E%67=%31%30%30=%33
57e02429-2f02-4412-ad56-1ea113f10e3a,irealb://%49%27%6D%20%42%65%67%69%6E%6E%69%6E%67%20%54%6F%20%53%65%65%20%54%68%65%20%4C%69%67%68%74%20%31=%48%6F%64%67%65%73%2D%4A%61%6D%65%73%2D%45%6C%6C%69%6E%67%74%6F%6E==%4D%65%64%69%75%6D%20%53%77%69%6E%67=%42%62==%31%72%33%34%4C%62%4B%63%75%37%37%2D%43%5A%4C%34%42%62%36%58%44%5A%4C%37%2D%43%20%36%62%42%7C%51%79%58%62%37%47%5A%4C%20%78%20%5A%4C%20%6C%63%4B%51%79%2D%37%20%47%37%34%54%41%2A%7B%47%5A%4C%20%6C%42%62%36%58%79%37%43%5A%4C%20%6C%63%4B%51%79%58%37%62%44%4C%5A%20%6C%63%4B%51%79%58%37%44%42%2A%5B%7D%51%58%79%51%4B%63%5A%4C%37%46%20%2D%44%5A%4C%37%7C%46%37%58%79%42%7C%51%79%58%37%62%47%5A%4C%20%78%20%5A%20%4C%6C%63%4B%51%79%58%36%62%42%41%2A%5B%5D%51%62%36%20%43%2D%51%79%58%37%62%37%20%47%37%4C%5A%43%2D%37%20%46%37%4C%5A%42%62%36%58%79%51%5A%20==%30=%30
5762bf7e-8580-4765-8f7d-47ac74c2936a,irealb://%46%6F%72%20%42%61%62%73=%57%69%6E%74%65%72%73%74%65%69%6E%20%5A==%4D%65%64%69%75%6D%20%53%77%69%6E%67=%43%2D==%31%72%33%34%4C%62%4B%63%75%37%43%31%4E%5A%4C%34%3C%20%41%41%51%79%58%5A%4C%51%79%58%7C%72%51%79%58%5A%37%4C%47%20%37%62%41%7C%51%79%58%2D%43%3E%41%42%72%7C%58%79%51%34%54%41%2A%7B%46%7C%51%79%58%43%2D%20%3C%46%5D%20%20%6C%63%4B%51%79%58%2D%43%32%4E%5A%20%4C%51%79%58%51%79%58%7D%20%37%47%3E%65%6E%69%5B%2A%42%43%37%7C%51%79%58%2D%65%6E%69%46%20%42%62%37%58%79%2E%44%3C%7C%51%79%58%37%62%41%7C%51%79%58%43%2D%7C%51%79%58%2D%46%7C%51%79%58%62%45%7C%51%43%2E%20%61%6C%7C%51%79%58%2D%3E%47%37%58%79%51%5D%20==%30=%30
57142984-79f1-4e6a-89e1-c083aaee7500,irealb://%4E%6F%20%4C%6F%6E%67%65%72%20%53%6C%61%76%65%73%20%28%41%6C%65%78%29=%4D%65%6C%67%61%72%20%4A%75%6C%69%6F==%42%61%6C%6C%61%64=%42%62==%31%72%33%34%4C%62%4B%63%75%37%31%4E%76%2A%51%2A%34%32%43%61%51%79%58%51%79%58%51%79%58%3E%73%64%72%6F%63%68%41%20%2F%20%2E%74%73%31%20%6E%6F%20%6F%70%58%79%51%58%79%3C%69%2A%20%20%28%20%44%31%4E%20%28%45%29%41%79%58%51%79%58%51%79%58%51%79%58%51%79%58%79%51%58%51%79%58%51%79%58%3E%32%58%37%35%2A%3C%51%20%20%2A%43%44%20%78%2C%41%58%3E%32%58%36%46%23%2D%20%28%28%20%29%41%28%20%29%45%28%20%29%2D%23%46%20%28%69%2A%20%20%3E%32%58%31%35%2A%3C%41%29%45%44%29%3C%2A%36%70%2C%41%29%45%38%36%30%2A%3C%58%79%51%58%79%36%30%2A%3C%2C%2D%23%43%70%2C%41%3E%30%31%30%36%2A%3C%32%4E%76%2A%20%51%79%58%51%79%58%51%31%30%3E%70%44%51%79%58%51%79%35%2A%3C%20%20%41%3C%2A%37%34%2A%3C%20%3E%30%31%30%36%2A%3C%20%51%79%58%30%3E%31%3C%51%79%58%3E%30%31%3C%20%20%3E%32%58%37%32%31%31%3E%29%45%28%20%3E%20%44%32%4E%43%20%3C%2A%34%38%31%31%37%35%2A%3C%20%3E%30%31%32%34%2A%3C%79%51%58%3E%30%31%32%34%2A%3C%20%51%79%58%3E%38%3E%58%79%51%2A%20%3E%30%31%34%2A%3C%20%3E%38%70%46%23%2D%20%79%58%3E%32%31%36%33%2A%3C%20%3E%31%31%39%2A%36%3C%51%79%58%51%79%58%51%79%58%41%29%45%28%51%3C%2A%37%34%2C%41%29%45%28%3C%20%51%79%58%20%20%3C%2A%37%2A%3C%20%3E%31%31%31%35%2A%3C%20%3E%30%31%37%34%2A%3C%20%20%3E%37%32%34%2A%3C%20%3E%36%34%32%34%31%32%3E%3E%30%31%36%33%51%79%58%51%79%58%79%51%20%3C%30%31%34%37%2A%3C%51%79%58%51%79%58%51%79%51%58%79%58%3E%37%35%31%2A%3C%20%3E%36%38%34%2A%3E%58%79%51%58%3E%38%32%34%2A%45%28%20%29%44%51%2A%42%4E%31%43%28%20%29%41%28%20%29%45%28%20%29%2D%23%28%46%20%20%44%70%2C%41%70%2C%45%70%2C%2D%23%46%23%2D%29%20%28%79%58%51%79%58%29%20%28%41%29%20==%30=%30
57a4995f-6160-4980-8090-2ce1a124c985,irealb://%45%2E%2E%2E%2E%20%31=%52%6F%73%73%69%20%56%61%73%63%6F==%4C%65%6E%74%6F=%45%2D==%31%72%33%34%4C%62%4B%63%75%37%2A%7B%20%20%51%34%3C%2A%36%33%5D%44%2C%73%75%73%44%5A%4C%47%5A%4C%39%5E%5A%43%4C%2C%39%2D%45%73%3E%20%20%6F%6E%61%69%50%58%79%51%58%79%34%54%69%2A%5B%5E%43%31%4E%5A%53%74%72%6F%66%4C%47%5A%4C%39%5E%43%5A%4C%39%2D%45%5A%4C%5E%39%43%5A%4C%39%2D%45%3E%6F%74%6E%61%63%20%61%5A%41%2D%37%4C%36%36%2A%3C%41%74%69%52%20%49%51%58%79%51%58%54%4E%45%30%36%2A%3C%42%2A%5B%20%20%5D%2C%44%39%2C%39%5E%43%32%4E%5A%4C%20%51%79%58%51%79%52%41%20%51%55%79%58%7D%20%39%2D%41%5A%4C%37%6C%6F%20%3E%47%5E%43%5A%4C%37%2D%42%5A%4C%47%5A%4C%43%5A%37%4C%2D%42%5A%4C%3E%4F%53%53%41%42%34%37%2A%3C%39%4C%5A%42%2D%6C%65%6E%72%6F%51%79%58%51%79%31%3C%2A%33%39%20%3E%20%51%79%58%36%36%2A%3C%43%3E%41%2E%64%61%20%20%51%79%58%51%79%58%51%79%58%51%79%58%7D%58%79%51%58%4E%7C%2C%44%2C%6F%43%32%37%2A%5B%4E%32%47%4C%2C%44%2C%2D%41%5A%4C%37%2D%42%5A%4C%43%5A%37%4C%2D%42%5A%4C%47%5A%4C%43%5A%4C%37%2D%42%5A%5D%5B%2A%43%3C%20%20%51%79%58%64%61%3E%43%4C%5A%78%4C%5A%78%4C%5A%78%20%5D%45%2D%37%4C%5A%43%4C%5A%66%45%2D%39%20%5A%20==%30=%30
5762128f-6afd-4bc6-87f8-7c28b9ac3546,irealb://%52%6F%63%6B%20%41%72%6F%75%6E%64%20%54%68%65%20%43%6C%6F%63%6B%20%28%42%65%6C%6F%66%66%20%41%72%72%2E%29=%4D%61%78%20%43%2E%20%46%72%65%65%64%6D%61%6E%2C%20%4A%69%6D%6D%79%20%44%65%4B%6E%69%67%68%74==%52%6F%63%6B%20%53%68%75%66%66%6C%65=%44==%31%72%33%34%4C%62%4B%63%75%37%44%7C%51%79%58%34%3C%2A%37%32%70%7C%51%79%58%44%5B%51%79%58%6E%3E%30%34%20%31%6B%63%6F%52%2D%70%6F%50%20%79%72%54%20%20%20%6E%4C%5A%44%34%54%69%2A%5B%2A%5B%5D%20%3E%58%79%51%7C%70%44%7C%51%79%58%44%7C%51%79%58%70%7C%51%79%44%58%41%2A%5B%5D%20%70%5A%4C%37%41%7C%51%79%58%37%20%20%3C%20%44%5A%4C%6E%20%58%44%51%41%2A%51%7C%70%58%79%6E%5A%4C%6E%20%44%7C%51%79%58%37%47%7C%51%58%79%37%41%7C%51%79%58%70%7C%51%79%58%44%7C%51%58%79%51%5D%5B%79%58%37%47%42%47%7C%51%79%58%79%51%7C%44%58%58%70%7C%51%79%58%44%7C%51%79%58%70%7C%51%58%79%37%47%42%2A%5B%5D%51%79%58%37%44%7C%51%79%79%51%7C%41%37%58%70%7C%51%79%37%58%79%51%5B%2C%2A%43%2C%44%20%44%37%4C%5A%47%37%20%42%62%37%4C%5A%41%37%58%79%51%7C%6E%58%79%51%7C%44%2C%55%58%79%51%5A%20=%50%6F%70%2D%53%68%75%66%66%6C%65=%31%34%30=%34
57b7f625-456e-41ba-9ff4-98ba1f56cd35,irealb://%4A%65%73%75%73%2C%20%45%74%63%2E=%57%69%6C%63%6F==%52%6F%63%6B%2D%46%6F%6C%6B=%43==%31%72%33%34%4C%62%4B%63%75%37%2A%6D%2A%41%5A%2A%6D%2A%4C%5A%5A%4C%2A%6D%2A%41%5A%4C%2A%6D%2A%44%5A%4C%6D%2A%2A%41%5A%4C%2A%6D%2A%44%5A%4C%2A%6D%2A%41%44%2A%6D%2A%4C%44%34%34%54%5B%4C%2A%6D%2A%41%44%2A%6D%2A%4C%44%5A%4C%43%5A%4C%2A%6D%2A%47%5A%4C%46%5A%62%4C%42%5A%4C%2A%6D%2A%44%5A%4C%2A%6D%2A%41%5A%2A%6D%2A%4C%5A%41%2A%7B%5A%4C%5A%4C%23%43%2F%4C%5A%42%62%4C%44%5A%4C%45%2F%43%20%46%42%2A%5B%7C%51%79%62%58%42%5A%4C%43%5A%4C%2A%6D%2A%47%5A%4C%46%5A%2A%6D%2A%20%41%2A%6D%2A%44%5A%42%5A%4C%46%5A%7C%46%20%43%4C%20%2C%43%20%46%7C%51%79%58%62%42%5A%4C%23%2F%43%41%20%2A%6D%2A%44%5A%4C%45%2F%43%20%46%5A%7D%5B%42%62%4C%51%79%58%62%42%2A%41%5A%4C%2A%43%2C%7C%42%62%5B%5A%20%43%20%46%5A%4C%62%42%5A%4C%23%43%41%2F%20%2A%6D%2A%44%5A%4C%45%2F%43%20%46%5A%4C%2A%41%44%2A%6D%2C%46%5A%4C%62%4C%46%5A%4C%62%2A%6D%2A%4C%5A%2A%44%5A%4C%2A%6D%2A%41%5A%4C%2A%6D%2A%44%4C%5A%43%5A%4C%2A%6D%2A%47%5A%4C%46%5A%4C%62%42%6D%2A%4C%5A%42%44%5A%4C%2A%6D%5A%4C%45%2F%43%4C%5A%43%4C%5A%20%46%5A%4C%62%42%5A%4C%23%43%2F%41%20%2A%2A%6D%44%5A%4C%45%2F%43%20%46%42%2A%5B%20%62%42%43%4C%5A%46%20%2A%6D%2A%47%5A%2A%44%7C%2C%45%41%2F%43%23%4C%4C%62%42%7C%2C%43%2C%46%5A%4C%62%42%5A%4C%5A%46%4C%62%42%5B%7C%2C%43%2C%46%5A%4C%62%42%5A%5A%46%2C%43%2F%20%2A%6D%2A%44%2C%41%2F%46%7C%43%23%2C%7C%42%45%2F%43%2C%46%5A%4C%62%42%7C%2C%45%2F%43%46%2C%5A%4C%62%42%7C%2C%45%2F%43%2C%46%5A%4C%62%2C%7C%42%62%2C%2F%41%2C%2A%6D%7C%42%62%4C%5A%55%46%2C%20%5A%20=%50%6F%70%2D%52%6F%63%6B=%31%31%31=%31
5772809c-6042-4682-923c-0902a5e58f23,irealb://%49%20%57%69%73%68=%57%6F%6E%64%65%72%20%53%74%65%76%69%65==%46%75%6E%6B=%45%62%2D==%31%72%33%34%4C%62%4B%63%75%37%20%78%20%5A%4C%34%45%62%2D%37%62%45%53%41%2A%7B%7D%20%20%78%20%5A%4C%62%20%41%37%2D%62%45%5A%4C%20%78%20%5A%4C%62%41%20%2D%37%20%41%62%34%54%69%2A%7B%62%42%42%2A%5B%37%20%41%62%4C%5A%4C%62%41%20%37%2D%62%45%5A%4C%20%78%20%4C%5A%62%41%20%37%2D%62%45%7C%5A%4C%20%78%20%5A%20%78%20%20%5D%2D%62%45%5A%4C%5A%4C%20%78%20%5A%46%2D%37%20%37%2D%62%45%43%2A%5B%7D%20%37%62%42%20%37%46%2D%5A%4C%37%43%20%37%62%42%5A%4C%36%2D%62%41%20%41%62%4C%5A%4C%37%43%20%37%58%37%2D%62%45%41%62%4C%5A%20%78%20%5A%4C%62%41%20%37%2D%62%45%5A%4C%20%20%78%5A%4C%62%41%20%37%2D%62%45%7C%5A%4C%20%78%20%51%4C%5A%7C%20%37%2D%62%45%4C%20%78%20%5A%20%4C%5A%45%62%2D%62%45%51%7B%5D%20%20%78%20%3E%61%64%6F%20%43%6C%61%20%2E%53%2E%44%3C%7C%51%79%58%37%2D%37%20%41%62%4C%6C%63%4B%51%79%5A%45%62%2D%37%20%41%62%3C%56%61%6D%70%20%61%6E%64%20%46%61%64%65%3E%4C%5A%20%78%20%20%7D%20=%50%6F%70%2D%52%6E%42=%39%37=%31
57758848-1d57-4712-8d8f-ad1fe928bcfb,irealb://%42%6F%78%20%6F%66%20%52%61%69%6E%20%31=%48%75%6E%74%65%72%20%52%6F%62%65%72%74==%52%6F%63%6B=%41==%31%72%33%34%4C%62%4B%63%75%37%4C%20%6C%63%4B%58%79%51%4B%63%4C%43%5A%4C%2D%45%5A%4C%2D%41%5A%4C%44%41%7B%2A%7D%20%20%78%20%5A%4C%20%78%20%5A%4C%20%6C%5A%47%58%79%51%32%41%69%2A%7B%51%79%58%44%34%2D%4C%5A%45%2D%45%34%32%54%5A%4C%2D%41%5A%4C%47%5A%4C%44%4C%5A%20%6C%63%4B%51%79%58%32%41%5A%4C%47%5A%4C%2D%4C%5A%54%34%41%5A%4C%44%5A%2C%7C%5A%4C%78%4C%5A%4E%31%43%47%7C%2C%43%5A%4C%2C%2D%41%32%4E%5A%4C%20%20%7D%78%7C%2C%47%5A%4C%2C%2D%41%7C%2C%44%7C%2C%2C%7C%44%2C%7C%51%20%6C%63%4B%45%7C%2C%44%7C%7C%78%4C%5A%41%45%5A%4C%2D%41%5A%4C%78%5A%4C%47%5A%4C%78%2C%7C%44%7C%2C%41%7C%2C%43%5A%4C%2D%45%5A%4C%2D%2D%4C%5A%47%2C%2C%47%2C%42%2A%2C%2D%41%30%4E%2C%4C%5A%78%4C%5A%4C%47%7C%51%79%58%2D%41%7C%51%79%58%2D%7C%45%51%79%58%43%33%4E%7C%7D%20%78%5A%4C%78%5A%78%20%5D%7C%51%32%41%5A%4C%2D%4C%2D%42%5A%4C%34%29%3E%20%4C%4C%47%5A%4C%2D%45%5A%4C%44%5A%4C%20%78%20%4C%5A%20%2C%44%5A%4C%20%2C%47%5A%4C%20%2C%43%5A%5A%44%4C%5A%78%28%33%36%2A%3C%5A%47%4C%5A%41%4C%5A%44%2C%7C%45%2D%4C%5A%47%2C%7C%44%2C%7C%45%2D%4C%5A%78%4C%5A%47%4C%5A%44%2C%43%2C%7C%47%2C%44%2C%7C%66%41%5A%20=%50%6F%70%2D%52%6F%63%6B=%31%31%35=%32
57d416be-24b4-4983-b962-2f83433c2a96,irealb://%41%6D%65%72%69%63%61%6E%20%54%75%6E%65=%53%69%6D%6F%6E%20%50%61%75%6C==%50%6F%70%20%42%61%6C%6C%61%64=%44==%31%72%33%34%4C%62%4B%63%75%37%2C%47%73%7C%2C%34%34%73%47%2C%42%5A%4C%23%46%20%2C%2D%42%6C%7C%2C%6F%62%2C%42%23%46%73%20%2C%41%6C%7C%2C%44%2C%41%2C%44%2D%2C%20%20%44%54%2C%53%2C%7B%2C%47%73%5A%4C%2C%7C%6C%41%2C%41%20%47%5B%5D%20%39%44%20%2D%42%5A%4C%23%20%46%2C%2D%42%6C%7C%2C%23%43%2F%44%2C%44%73%20%4C%5A%47%20%44%44%2C%41%2C%44%2C%44%2C%51%2C%62%6F%2C%7C%6C%34%54%7C%2C%41%2C%44%6C%34%32%54%7C%2C%23%2F%43%41%2C%41%73%20%45%5A%4C%37%42%20%2C%2D%42%34%45%20%73%41%42%2C%41%2C%44%51%79%58%44%7B%6C%41%2C%4C%5A%4B%51%79%58%44%5A%4C%36%41%20%2C%44%6C%7C%47%2C%2C%2D%42%2C%6F%62%42%2C%23%46%73%5A%4C%20%63%6C%20%20%7D%2C%44%2C%47%7C%51%2C%5B%5D%20%5A%41%58%79%51%58%44%34%34%54%7C%7D%51%79%58%41%2C%44%34%54%35%5A%4C%47%20%41%5A%4C%37%6F%46%20%2D%42%7C%79%51%4B%63%6C%4C%20%6C%63%4B%41%2C%44%6C%34%5A%47%20%44%4C%43%2F%41%73%2C%41%20%45%5A%4C%37%42%20%2C%42%2D%6C%7C%2C%6F%62%42%2C%41%2C%44%2C%47%73%5A%23%2C%7C%54%32%4C%41%20%47%2C%47%20%44%5A%4C%45%20%73%41%2C%6C%7C%2C%47%2C%2D%42%2C%6F%62%42%2C%23%46%5A%73%4C%20%5A%4C%2C%41%6C%2C%44%2C%47%7C%2C%44%44%2C%20%41%36%34%34%54%7C%2C%4C%5A%44%20%41%4C%5A%47%20%44%4C%5A%54%32%34%41%4C%5A%2C%66%2C%54%34%34%44%58%79%51%5A%20==%38%35=%30
5777c862-6ee7-4746-a456-f7f353a5b288,irealb://%4C%6F%76%65%2C%20%50%6C%65%61%73%65%20%43%6F%6D%65%20%48%6F%6D%65%20%2D%20%46%6C%69%6E%6E%65%72=%4A%61%63%6B%73%6F%6E%20%4C%65%6F%6E==%50%6F%70%20%2D%20%42%6C%75%65%67%72%61%73%73=%41==%31%72%33%34%4C%62%4B%63%75%37%44%7C%51%79%58%58%79%51%7C%41%41%7C%51%79%58%41%7C%51%79%58%44%7C%51%79%44%58%7C%51%79%58%47%7C%51%79%58%41%7C%51%79%58%58%79%51%7C%44%41%34%34%54%5B%58%79%51%7C%41%58%79%51%7C%41%58%79%51%7C%41%58%79%51%7C%45%58%79%51%7C%41%58%79%51%7C%41%58%79%51%5D%20==%30=%34
57082c56-0f65-485c-8377-c2e8c3583d47,irealb://%49%6E%63%72%65%C3%AD%62%6C%65=%4D%69%65%6C%20%53%61%6E%20%4D%61%72%63%6F%73==%52%6F%63%6B=%43==%31%72%33%34%4C%62%4B%63%75%37%2A%7B%51%79%58%34%3C%2A%36%36%79%58%2D%41%7C%51%79%58%47%7C%51%79%58%43%51%7C%79%58%46%3E%31%20%61%66%6F%72%74%73%45%20%51%7D%7C%41%2D%34%54%41%2A%5B%7D%20%2D%45%20%7C%43%58%79%51%58%47%7C%51%79%58%43%7C%51%79%58%46%7B%7D%51%20)%2D%45(%20%20%2D%41%7C%51%79%58%47%7C%79%51%7C%41%2D%51%79%58%46%42%54%33%36%2A%3C%45%73%74%72%6F%7C%7D%20%2D%45%20%2D%41%31%4E%7C%51%79%58%7C%47%51%79%58%43%7C%51%79%58%46%3E%32%20%61%66%4E%32%41%2D%20%33%36%2A%3C%7B%36%2A%3C%44%2A%20%7B%2A%43%3C%20%2D%41%7C%51%79%58%47%7C%51%79%58%43%7C%79%51%58%46%3E%65%74%6E%65%75%50%20%20%33%36%2A%45%2D%20%7D%7C%20%3E%42%20%6F%2D%41%7C%51%79%65%72%6C%75%64%51%79%58%43%7C%51%79%58%46%7C%51%79%58%2D%3E%41%6F%6C%6F%73%20%72%61%74%69%75%67%20%6F%69%7C%47%2F%42%58%74%6E%49%20%33%58%79%51%7C%46%58%79%51%7C%47%58%79%51%7C%45%2D%20%3C%2A%36%33%54%6F%20%42%3E%20%20%5B%51%46%20%20%55%20%5A%20=%4A%61%7A%7A%2D%4D%65%64%69%75%6D%20%53%77%69%6E%67=%31%30%30=%33
572636b0-7f75-431d-9272-38dac80888dc,irealb://%42%65%77%69%74%63%68%65%64%20%28%54%56%20%74%68%65%6D%65%29=%4B%65%6C%6C%65%72%20%61%6E%64%20%47%72%65%65%6E%66%69%65%6C%64==%4D%65%64%69%75%6D%20%53%77%69%6E%67=%43==%31%72%33%34%4C%62%4B%63%75%37%41%7C%51%79%58%37%58%79%51%7C%79%58%37%41%7C%51%79%58%37%2D%45%7C%51%79%37%58%47%7C%51%79%58%37%2D%44%7C%51%79%58%37%47%51%7C%45%2D%37%2D%44%41%2A%5B%44%7C%51%79%58%5B%2A%42%46%58%58%37%2D%41%7C%51%79%58%2D%41%5A%4C%37%45%73%20%75%73%37%45%7C%51%79%58%37%62%42%7C%51%79%79%51%7C%44%37%5D%51%79%58%37%58%37%47%7C%51%6F%37%4C%5A%44%7C%51%79%58%37%47%7C%51%79%58%37%2D%44%6C%2A%41%5B%5D%2C%37%6F%23%43%2C%37%47%73%20%37%2D%44%2D%37%58%79%23%43%20%37%2D%37%62%42%20%43%37%58%79%51%7C%6F%23%46%7C%51%79%58%46%43%2A%5B%5D%51%79%37%58%41%7C%51%79%58%37%2D%45%7C%51%79%58%37%41%37%58%79%51%7C%2D%45%7C%51%79%79%58%37%2D%44%41%37%2C%58%79%37%45%5A%4C%37%42%20%37%2D%45%5A%4C%37%6F%44%23%20%37%2D%44%5A%4C%37%41%20%37%2D%44%7C%51%20%41%2D%4C%5A%5A%4C%31%31%23%6F%62%45%20%45%75%73%20%47%37%2D%46%20%2C%37%68%23%46%51%5B%59%5D%20%2C%6F%37%23%43%2C%70%70%7C%51%79%58%43%5A%4C%51%2C%37%4C%5A%43%2F%73%37%47%7C%51%37%4C%5A%44%2D%37%20%47%37%4C%5A%43%58%79%51%7C%55%20%78%20%20%5D%20=%4A%61%7A%7A%2D%44%6F%6F%20%44%6F%6F%20%43%61%74%73=%31%35%30=%33
57749394-ef30-4870-b3d9-9a8502e9f435,irealb://%42%65%79%6F%6E%64%20%54%68%65%20%52%69%76%65%72%20%42%65%6E%64%20%2D%20%46%6C%69%6E%6E%65%72=%44%69%63%6B%65%6E%73%20%48%61%7A%65%6C==%50%6F%70%20%2D%20%42%6C%75%65%67%72%61%73%73=%47==%31%72%33%34%4C%62%4B%63%75%37%58%47%5A%4C%20%54%34%34%47%58%58%44%5A%4C%20%6C%63%4B%51%79%58%47%5A%4C%78%20%20%5A%4C%20%78%20%5A%4C%20%6C%63%4B%51%79%79%51%4B%63%6C%2C%41%2A%2C%5B%63%4B%51%79%58%20%4C%5A%20%78%5B%5D%20%20%78%20%2C%7C%51%79%58%47%7C%51%58%79%44%7C%51%79%58%47%5A%4C%20%78%20%5A%4C%20%2C%2A%42%2C%47%6C%63%4B%51%79%20%5A%4C%20%78%78%20%4C%5A%20%63%4B%51%79%58%47%5A%4C%20%78%20%5A%4C%20%20%78%5A%4C%20%6C%63%4B%51%79%58%47%5A%4C%20%78%6C%20%4C%5A%20%20%5A%4C%20%6C%78%20%4C%5A%47%58%79%51%7C%44%58%79%51%7C%47%58%79%51%4B%63%6C%20%20%5A%20==%30=%30
57d79339-19c6-42b9-80d8-3373fcdb507b,irealb://%43%68%69%6C%64%69%73%68%20%4C%6F%76%65%20%2D%20%46%6C%69%6E%6E%65%72=%49%72%61%20%41%6E%64%20%43%68%61%72%6C%69%65%20%4C%6F%75%76%69%6E==%50%6F%70%20%2D%20%42%6C%75%65%67%72%61%73%73=%45=%32=%31%72%33%34%4C%62%4B%63%75%37%51%79%58%42%5A%34%41%58%79%51%4C%20%78%20%5A%4C%20%6C%63%4B%51%79%58%45%4C%5A%20%78%20%5A%4C%20%78%20%5A%4C%20%6C%63%4B%5A%20%78%20%4C%34%54%41%2A%5B%4C%20%6C%63%4B%5A%47%58%79%51%42%2A%2C%5B%5D%20%20%6C%63%4B%51%79%58%45%4C%5A%20%6C%63%4B%51%79%58%42%5A%4C%20%6C%63%4B%2C%45%58%79%51%4C%20%6C%63%4B%4C%20%6C%63%4B%5A%20%78%20%4C%4C%20%6C%63%4B%51%79%58%41%5A%4C%20%6C%63%51%4B%79%58%45%5A%4C%20%6C%63%4B%51%79%58%42%5A%5A%45%58%79%51%4C%20%78%20%5A%5A%42%58%79%51%4B%63%6C%20%4C%5A%45%58%79%51%4B%63%6C%20%20%5A%20==%30=%30
5707fe98-7fa3-4126-b131-ceaa65c424d4,irealb://%57%68%65%6E%20%59%6F%75%27%72%65%20%4C%6F%6E%65%6C%79%20%2D%20%46%6C%69%6E%6E%65%72=%42%69%6C%6C%20%4D%6F%6E%72%6F%65%2C%20%4C%65%73%74%65%72%20%46%6C%61%74%74==%50%6F%70%20%2D%20%42%6C%75%65%67%72%61%73%73=%47==%31%72%33%34%4C%62%4B%63%75%37%51%79%58%47%5A%34%47%58%79%51%51%79%58%44%5A%4C%20%6C%63%4B%51%79%58%47%4C%5A%20%78%20%5A%4C%20%78%20%5A%4C%20%6C%63%4B%4B%63%6C%20%4C%34%54%41%2A%5B%47%5A%4C%20%6C%5A%20%78%20%4C%43%42%2A%5B%5D%20%20%6C%63%4B%51%79%58%47%4C%5A%20%6C%63%4B%51%79%58%44%5A%4C%20%78%20%5A%58%79%51%4B%63%4C%20%6C%63%4B%44%5A%4C%20%78%6C%20%4C%5A%47%20%5A%4C%20%6C%63%4B%51%79%58%47%5A%4C%20%63%6C%4B%51%79%58%44%5A%4C%20%6C%63%4B%51%79%58%78%20%4C%5A%20%63%4B%51%79%58%58%79%51%4B%63%6C%20%4C%5A%47%58%79%51%4B%63%6C%20%20%5A%20==%30=%30
57f1f4c6-8c84-4663-92a8-5f987bb482ca,"irealb://%42%6C%75%65%20%53%69%6C%76%65%72%20(%42%6C%75%65%20%4D%69%74%63%68%65%6C%6C)=%4D%69%74%63%68%65%6C%6C%20%42%6C%75%65==%4D%65%64%69%75%6D%20%53%77%69%6E%67=%42%62==%31%72%33%34%4C%62%4B%63%75%37%43%5A%4C%37%2D%34%3C%2A%37%32%5A%4C%35%62%37%2D%41%3E)%6F%72%74%6E%69%73%20%61(%20%65%6D%65%68%54%51%79%58%51%79%58%44%37%4C%5A%47%34%54%69%2A%7B%45%5A%4C%37%2D%37%4C%5A%73%43%5E%41%5A%4C%37%45%5A%4C%37%2D%42%5A%4C%78%4C%5A%37%5E%62%42%6C%7C,%37%46,%35%62%37%2D%37%4C%5A%46%23%5E%42%5A%4C%37%63%4B%51%79%58%4C%5A%41%62%37%51%79%58%74%6C%61%37%46%7C%51%79%58%35%62%2D%37%43%5A%4C%78%5A%4C%37%5E%62%44%5A%4C%39%62%7C%42%62%5E%37%35%62%37%2D%62%79%58%37%43%7C%2A%41%3C%2A%37%47%7C%51%79%58%37%44%7C%51%79%58%35%62%37%41%2D%3E%53%4F%4C%4F%53%20%51%79%58%51%79%58%30%2D%37%58%79%51%5B%7D%20%20%6C%79%58%37%5E%41%58%79%51%7C%43%45%7C%51%79%58%37%2D%42%5A%4C%20%6C%63%4B%79%51%58%37%5E%62%42%5A%4C%37%46%20%35%62%37%2D%37%58%79%51%7C%37%5E%42%7C%51%51%79%58%35%62%37%58%79%51%7C%20%6C%63%4B%51%79%58%37%5E%62%44%7C%51%79%39%58%62%37%62%41%7C%51%79%58%35%62%37%2D%62%45%4C%5A%43%2D%37%2D%23%46%7C%51)%61%64%6F%63%74%58%79%51%7C%65%6D%65%68%54%51%79%58%51%79%58%32%37%2A%51%3C%7B%5D%20%20%6C%63%4B%51%79%58%37%5E%62%42%20(%61%73%20%6C%61%37%46%7C%37%2D%42%5A%4C%35%4C%5A%44%37%62%42%6C%7C,%37%46,%35%62%37%2D%43%73%4C%5A%37%5E%42%5A%4C%37%43%5A%4C%37%2D%47%5A%4C%5E%37%4C%5A%78%62%37%2D%41%3E%37%46%5A%4C%35%5A%41%5E%37%4C%4C%78%5A%4C%37%5E%62%44%5A%4C%39%62%37%62%5A%41%4C%35%62%37%2D%62%45%5A%4C%37%2D%23%46%5A%5A%43%2D%37%62%4C%37%45%5A%4C%61%6C%74%4C%5A%4E%31%42%62%5E%37%4C%5A%78%20%7D%54%32%34%4E%32%73%42%62%5E%39,%6E%7C%55%42%62%5E%37%20%5A%20==%31%32%30=%30"
575174ee-698c-4219-ac7d-60ed9b8f91b8,irealb://%49%20%57%69%73%68%20%2D%20%46%6C%69%6E%6E%65%72=%57%6F%6E%64%65%72%20%53%74%65%76%69%65==%52%6E%42=%41%2D==%31%72%33%34%4C%62%4B%63%75%37%79%58%37%2D%41%34%41%2D%37%58%44%7C%51%79%58%37%2D%41%7C%51%79%58%37%44%51%7C%79%58%37%2D%41%7C%51%79%58%37%44%7C%51%79%37%58%79%51%7C%34%54%41%2A%7B%79%58%44%7C%51%79%51%7D%5B%45%7C%51%79%58%37%45%7C%51%79%58%2D%44%7C%51%58%79%2D%42%7C%51%79%58%37%23%46%7C%51%79%58%37%46%23%37%58%79%58%37%44%7C%51%7C%51%79%58%37%79%51%5D%7B%2A%37%2D%41%7C%51%79%58%37%44%7C%51%79%58%37%41%2D%7C%51%79%58%37%44%7C%51%79%58%37%2D%41%42%58%79%51%7C%44%58%37%45%7C%51%41%2D%37%58%79%51%7C%44%37%58%79%51%7D%20==%30=%30
5763286e-f8cc-4134-96b1-aa006ef5ac20,irealb://%42%75%74%74%65%72%66%6C%79%20%28%66%6F%72%20%70%6C%61%79%65%72%29=%48%61%6E%63%6F%63%6B%20%48%65%72%62%69%65==%46%75%6E%6B=%46%2D==%31%72%33%34%4C%62%4B%63%75%37%7D%2C%2A%31%2A%34%6C%46%2D%37%41%73%70%7C%51%79%58%2C%37%2D%46%6C%7C%2C%31%2A%2A%43%6E%2C%37%2D%41%73%70%7C%51%79%58%2C%2D%37%2C%6E%43%34%54%69%2A%7B%46%2C%2A%31%2A%46%2D%31%31%2C%5B%7D%20%20%31%31%2D%44%70%7C%51%79%58%2C%31%31%2D%46%5A%4C%20%31%31%2D%41%70%7C%51%79%58%2A%42%73%42%62%6C%41%2A%53%7B%2F%37%5E%62%41%37%2F%42%62%2C%28%42%2F%5E%62%41%2C%43%2F%57%2C%46%2F%37%6E%47%73%5A%4C%20%6E%20%5A%4C%20%6E%20%6C%7C%6E%42%37%29%7C%6C%43%2C%2A%31%2A%58%62%42%2F%73%51%7C%41%62%5E%45%7C%51%79%58%33%31%62%42%7C%51%79%58%62%2F%42%37%5E%62%41%7C%51%79%58%62%42%2F%35%23%37%62%31%33%73%75%79%58%2C%62%42%58%35%31%2A%3C%20%4C%5A%45%62%2D%46%73%20%70%7C%51%79%58%73%75%73%33%31%41%62%5A%4C%20%6C%63%4B%51%79%58%35%23%39%23%37%39%2F%43%2C%51%6C%63%4B%51%79%6C%7B%2C%2A%31%46%69%6E%65%3E%2D%41%73%70%5A%4C%37%2D%46%20%6E%6C%5B%20%51%20%79%58%51%79%58%5D%2C%62%45%2F%39%2D%62%41%37%2C%6E%43%2A%51%79%58%51%79%2A%51%7B%59%7D%79%51%7C%3C%2A%3E%78%33%33%36%2A%3C%6E%2C%37%2D%41%73%70%61%3E%64%6F%43%20%6C%61%20%2E%53%2E%44%20%36%30%43%2A%31%2A%2C%58%2C%37%2D%46%20%6C%6C%69%74%58%79%51%20%20%65%52%36%30%2A%3C%20%78%20%5A%4C%20%6C%63%51%4B%79%58%2C%31%31%2D%46%6C%3E%73%6F%6C%6F%53%70%65%61%74%20%32%37%2A%3C%43%47%20%29%62%42%5A%20%78%20%20%28%43%2F%39%2D%47%6E%73%5A%4C%20%78%20%5A%20%4C%6C%63%4B%51%79%58%2C%31%31%2D%46%7C%59%7D%45%62%5E%37%2F%4C%3E%65%75%63%7D%20%3E%78%33%42%28%45%62%5E%78%20%5A%4C%20%78%20%5A%4C%20%6C%63%4B%51%58%79%73%75%73%33%31%62%42%6C%7B%5D%29%43%2F%37%20%3C%2A%31%35%2F%37%5E%2D%62%3C%5A%4C%37%2D%73%75%73%58%79%5D%20%20%31%31%23%37%5E%41%6C%66%2C%2A%31%62%2A%42%73%5A%4C%20%78%20%5A%4C%20%6C%63%4B%51%5B%6C%6E%20%46%33%31%62%42%7C%2A%30%39%44%2E%43%2E%20%61%6C%20%46%69%6E%65%3E%70%73%41%2D%37%2C%6C%6E%20%5A%20=%4A%61%7A%7A%2D%4C%6F%6E%67%20%4E%6F%74%65%73=%31%32%30=%31
57fa9e49-01bb-4727-a411-08c42f9adac4,irealb://%48%6F%74%20%42%75%74%74%65%72%65%64%20%52%75%6D%20%2D%20%46%6C%69%6E%6E%65%72=%54%68%6F%6D%70%73%6F%6E%20%54%6F%6D%6D%79==%50%6F%70%20%2D%20%42%6C%75%65%67%72%61%73%73=%47==%31%72%33%34%4C%62%4B%63%75%37%63%4B%51%79%58%58%79%51%4B%63%63%4B%51%79%58%44%5A%4C%20%6C%63%4B%51%79%47%58%5A%4C%20%6C%63%4B%51%79%58%43%5A%4C%20%6C%6C%20%4C%5A%47%47%34%34%54%5B%6C%20%4C%5A%43%58%79%51%4B%63%6C%20%4C%5A%47%58%79%51%4B%63%6C%20%4C%5A%44%58%79%51%7C%47%58%79%51%5A%20==%30=%30
577db62e-986e-40bb-ae01-012794c523ff,irealb://%43%68%61%6C%6C%65%6E%67%65%20%28%52%6F%79%20%48%61%72%67%72%6F%76%65%29%2C%20%54%68%65=%53%63%6F%74%74%20%53%74%65%70%68%65%6E==%55%70%20%54%65%6D%70%6F%20%53%77%69%6E%67=%41%2D==%31%72%33%34%4C%62%4B%63%75%37%51%79%58%78%5A%34%47%5E%37%20%37%45%20%37%5E%46%7C%51%79%58%78%7C%51%79%78%58%7C%51%79%58%78%5A%4C%35%23%39%23%37%23%46%23%39%23%35%4C%35%54%69%2A%5B%51%79%58%78%7C%7C%78%58%79%51%47%7C%51%79%58%78%7C%51%79%58%78%7C%51%79%78%58%7C%51%79%58%37%2D%41%34%34%54%41%2A%5B%7D%2D%37%58%79%51%51%79%58%78%7C%51%79%58%37%5E%7C%46%37%62%39%7C%51%79%58%35%23%39%23%37%41%34%32%54%7C%79%51%58%37%5E%62%42%34%34%54%42%2A%7C%51%79%58%54%34%34%41%62%51%79%58%78%7C%23%39%23%37%45%37%23%39%23%35%5E%46%34%34%54%7C%51%79%58%37%2D%47%34%32%7C%54%51%79%58%37%5E%23%46%34%34%54%7C%51%79%58%37%58%79%51%7C%47%34%32%54%7C%6F%73%20%67%6E%3C%49%67%6E%6F%73%65%72%75%74%61%6E%67%69%73%20%65%6D%69%20%74%67%6E%69%74%61%6E%72%65%74%6C%61%20%65%72%20%64%75%72%69%5D%51%79%58%35%6C%6F%73%2E%20%3E%20==%32%32%30=%32%31
574dcab6-0236-42f8-8761-84e8fa18fbc1,"irealb://%43%68%61%6E%67%65%73=%42%6F%77%69%65%20%44%61%76%69%64==%52%6F%63%6B%20%42%61%6C%6C%61%64=%43==%31%72%33%34%4C%62%4B%63%75%37%5A%4C%43%41%2A%34%34%43%5E%4C%7C%72%20%5A%4C%37%44%5A%4C%46%53%5B%20%37%45%62%66%5A%4C%2D%44%66%5A%4C%37%6F%62%44%66%5A%20%20%5D%59%7B%54%66%69%2A%5B%47%31%4E%5A%4C%4C%5A%4E%31%47%6F%62%45,%2D%45%7C,%2D%44,%5E%43%73%20%7B%51%79%58%5D%20%47%32%4E%5A%4C%20%7D%46,,%7C%6C%44%2D%46%5A%4C%2D%45%5A%4C%2D%44%5A%4E%32%47,%46%4C%46%5A%4C%47%5A%4C%2D%41%5A%4C%42%2F%43%4C%5A%43%34%32%54%42%2A%7B%59%20%51%79%58%5D,%5A%43%2F%45%4C%5A%4C%20%7D%20%43%2F%46%6C%7C%47%4C%5A%46,,%44%2F%47,%45%2F%2D%41%73%32%4E%34%33%5B%54%51%79%58%51%79%58%51%79%58%51%79%58%7D%20%42%62%2F%46,%31%4E%5A%4C%20%51%5B%59%51%79%2F%45,%44%2D%79%58%51%79%58%5D%20%20%43%3E%61%64%6F%43%6C%20%61%20%2E%53%2E%44%3C%7C,%41%2F%46%51,%51%58%79%51%58%43%73%5A%4C%20%5D,%46,%47%20%73%43%2F%44%78%5A%4C%46%5A%4C%78%5A%4C%43%5A%4C%78%5A%46%4C%6C%43%2A%5B%59%20%51%79%58%5D%45%2F%43,%4C%5A%47%4C%5A%43%6C%34%34%54%20%65%6B%61%74%65%74%75%72%6E%77%74%20%6E%6F%69%74%63%65%73%20%34%2F%33%65%20%68%74%20%79%61%6C%70%20,%42%20%6F%74%20%69%63%65,%20%52%39%33%2A%3C%44%66%5A%4C%37%2E%20%3E%58%79%4C%37%2D%45%66%5A%4C%37%2D%44%66%5A%4C%43%5B%66%20%51%79%58%51%79%58%51%79%58%51%79%58%51%5A%66%45%62%6F%6F%72%74%75%6F%2D%37%4C%5A%66%44%62%6F%37%4C%5A%66%43%58%79%51%5D%20=%50%6F%70%2D%53%6C%6F%77%20%52%6F%63%6B=%31%31%35=%31"
577b686c-77f7-494b-8e04-374fd1b14419,irealb://%43%68%61%6E%73%6F%6E%20%70%6F%75%72%20%6C%27%41%75%76%65%72%67%6E%61%74%20%28%69%6E%20%34%29=%42%72%61%73%73%65%6E%73%20%47%65%6F%72%67%65%73==%56%61%6C%73%65=%42%2D=%38=%31%72%33%34%4C%62%4B%63%75%37%4E%5A%4C%37%41%34%42%2D%58%79%58%37%23%46%7C%51%79%58%2D%42%7C%51%79%58%42%2D%5A%4C%20%6C%63%4B%51%79%58%37%23%46%7C%51%79%51%7C%47%20%34%54%41%2A%7B%5A%4C%2D%45%20%37%20%7D%58%79%20%37%41%5A%4C%47%20%37%44%42%2A%5B%5D%51%58%79%44%32%4E%7C%51%79%58%51%79%58%51%79%58%51%44%4C%5A%42%2D%23%46%20%44%31%51%79%58%37%23%2D%37%4C%5A%46%2D%42%43%2A%5B%5D%51%79%58%37%23%46%7C%51%58%79%37%47%7C%51%79%58%2D%42%7C%51%79%58%37%23%58%79%51%7C%46%42%20%37%23%46%7C%78%58%79%51%7C%42%2D%58%79%51%7C%42%2D%58%79%51%7C%45%2D%20%41%4C%5A%47%2C%20%46%23%37%4C%5A%42%2D%58%79%51%5D%20=%4A%61%7A%7A%2D%47%79%70%73%79%20%4A%61%7A%7A=%31%38%30=%31%33
5779f7e5-8e22-4ed3-94a5-a6759b6bedb6,irealb://%43%68%69%65%66%20%53%69%74%74%69%6E%67%20%42%75%6C%6C=%47%65%6F%72%67%69%61%20%53%6C%69%6D%20%52%75%74%6C%61%6E%64==%42%6C%75%65%67%72%61%73%73=%43==%31%72%33%34%4C%62%4B%63%75%37%47%7C%51%79%58%34%43%58%79%51%5A%4C%20%6C%63%4B%51%79%58%43%7C%51%79%58%7C%47%51%79%58%29%2D%44%28%46%5A%4C%20%6C%63%4B%46%28%44%2D%29%34%54%41%2A%7B%47%5A%4C%20%78%2A%42%43%2D%58%63%4B%51%79%58%2D%43%43%2A%7B%7D%51%79%58%7C%47%51%79%58%2D%43%7C%51%79%58%62%42%7C%51%79%6C%20%4C%5A%20%7B%7D%20%43%20%20%43%2D%20%7D%7B%2A%44%47%58%79%51%7C%41%58%79%51%7C%43%58%79%51%7C%47%58%79%51%7C%47%58%79%51%7C%41%58%79%51%7C%43%58%79%51%7C%44%20%47%20%7D%20==%30=%33
57c51d96-644c-4ef1-8af5-b23e55139733,irealb://%44%65%76%69%6F%75%73=%50%68%69%6C%6C%69%70%73%20%53%61%62%69%65%6E==%4C%61%74%69%6E=%43==%31%72%33%34%4C%62%4B%63%75%37%4C%37%5E%46%5A%5A%44%2D%37%4C%4C%37%2D%41%5A%4C%37%2D%41%5A%4C%37%2D%44%4C%5A%37%2D%44%5A%4C%37%2D%41%5A%4C%37%2D%41%5A%5A%46%5E%37%4C%4C%37%2D%44%5B%5A%45%2D%37%4C%5A%45%2D%37%4C%5A%46%5E%37%4C%5A%46%5E%37%4C%5A%43%4C%5A%41%37%20%5A%20=%4C%61%74%69%6E%2D%42%72%61%7A%69%6C%3A%20%42%6F%73%73%61%20%45%6C%65%63%74%72%69%63=%31%31%30=%32
576b4669-74e8-464b-bf1c-d210b8218546,irealb://%53%74%2E%20%52%65%67%69%6F%75%73%20%47%69%72%6C%20%2D%20%46%6C%69%6E%6E%65%72=%54%72%61%64%69%74%69%6F%6E%61%6C==%50%6F%70%20%2D%20%42%6C%75%65%67%72%61%73%73=%47==%31%72%33%34%4C%62%4B%63%75%37%47%5A%4C%47%5A%4C%5A%47%4C%5A%5A%4C%47%5A%4C%47%5A%4C%43%5A%4C%43%5A%4C%5A%47%4C%47%5A%4C%44%5A%4C%44%5A%4C%44%5A%4C%44%44%4C%5A%44%4C%47%34%33%54%5B%20%5A%20==%30=%30
571f08e7-1047-475c-9cf3-ca1efd5b0030,irealb://%45%6E%61%6D%C3%B3%72%61%6D%65=%5A%61%76%61%6C%61%20%41%62%65%6C==%42%61%6C%6C%61%64%20%45%76%65%6E=%46=%30=%31%72%33%34%4C%62%4B%63%75%37%20%37%2D%44%5A%34%46%2C%2A%41%62%42%7C%51%79%58%37%2D%44%5A%4C%43%20%62%7C%42%51%79%58%46%5A%4C%43%20%62%42%7C%51%79%58%20%41%2D%37%4C%34%54%69%2A%7B%47%5A%4C%2D%44%20%43%2C%4C%5A%51%79%58%62%42%42%2A%7B%20%46%20%2D%43%7C%79%51%58%46%32%4E%7D%51%79%58%43%31%4E%34%32%54%7C%7C%41%2D%20%62%42%5A%4C%43%42%7C%5A%4C%2D%43%2C%7C%43%2D%51%79%58%62%42%5A%4C%2D%41%20%2D%47%51%5A%2D%4C%44%20%2D%41%7C%51%79%58%62%42%5A%4C%46%20%7C%47%2D%20%41%2C%46%20%2C%2D%62%20%43%4C%5A%46%58%79%51%7C%43%2D%20%46%20%7D%7B%51%47%2D%20%41%2D%4C%5A%4E%31%42%62%58%79%51%7D%4E%32%42%62%20%43%4C%5A%46%58%79%51%5A%20=%4A%61%7A%7A%2D%4D%65%64%69%75%6D%20%53%77%69%6E%67=%31%30%30=%33
57258ab8-bbba-4442-b12d-01d12a41d3e2,irealb://%46%69%67%2E%20%37%37%20%2D%20%45%76%65%6E%20%4D%6F%72%65%20%43%79%63%6C%65%20%6F%66%20%35%74%68%73%20%28%31%62%29=%52%69%63%68%69%65%56%69%74%61%6C%65%2E%63%6F%6D==%42%6F%6F%6B%20%32%20%2D%20%41%20%4C%79%72%69%63%61%6C%20%41%70%70%72%6F%61%63%68%20%42%6F%6F%6B=%43==%31%72%33%34%4C%62%4B%63%75%37%43%5A%4C%37%62%46%23%37%4C%5A%5A%4C%37%62%42%20%37%46%5A%4C%37%43%20%2C%47%37%5A%4C%37%44%20%37%41%5A%4C%37%45%20%37%42%45%62%37%20%41%20%37%23%43%5B%23%37%20%46%23%37%4C%5A%42%37%20%45%37%4C%5A%41%37%20%44%37%4C%5A%47%37%58%79%51%5A%20==%31%30%30=%31
5772e9ea-89d5-478d-af3c-ea65edcecaae,irealb://%47%72%6F%75%70%20%33%43%20%49%27%6D%20%47%6F%6E%6E%61%20%53%69%74%20%52%69%67%68%74%20%44%6F%77%6E=%46%72%65%64%20%45%2E%20%41%6C%68%65%72%74%20%61%6E%64%20%4A%6F%65%20%59%6F%75%6E%67%20%31%39%33%35==%54%72%61%64=%43==%31%72%33%34%4C%62%4B%63%75%37%44%7C%51%79%58%34%43%58%79%51%41%20%46%7C%51%79%58%37%45%7C%51%79%58%43%4C%5A%20%78%20%5A%4C%20%78%20%5A%4C%20%6C%63%4B%37%4C%5A%44%2D%34%54%41%2A%7C%59%5D%20%20%6C%7C%44%2D%37%20%37%47%5A%4C%20%6C%63%4B%51%79%58%37%44%7C%79%51%58%37%41%5A%4C%36%2D%47%20%43%5A%4C%37%47%58%79%51%4B%63%51%79%58%37%2D%51%79%58%46%7C%79%51%4B%63%6C%5A%4C%37%41%20%46%7C%51%79%58%37%45%7C%51%58%79%43%5A%4C%20%78%20%5A%4C%20%78%20%5A%4C%20%44%2D%58%79%51%58%43%42%2A%5B%7C%46%2D%58%79%51%7C%43%20%47%2D%36%4C%5A%41%37%58%79%51%7C%44%37%58%79%51%7C%44%2D%37%20%47%37%4C%5A%43%58%79%51%4B%63%6C%20%20%5A%20=%4A%61%7A%7A%2D%4D%65%64%69%75%6D%20%53%77%69%6E%67=%31%36%33=%33
57a7ccb7-c781-4f3b-afd2-28abdfaba61a,irealb://%4D%65%6D%6F%72%69%65%73%20%4F%66%20%4D%6F%74%68%65%72%20%2D%20%46%6C%69%6E%6E%65%72=%53%74%61%6E%6C%65%79%20%52%61%6C%70%68==%50%6F%70%20%2D%20%42%6C%75%65%67%72%61%73%73=%47==%31%72%33%34%4C%62%4B%63%75%37%47%5A%4C%47%5A%34%47%4C%5A%47%5A%4C%47%5A%4C%43%5A%4C%47%5A%4C%47%5A%4C%5B%47%51%79%58%51%79%58%51%79%58%51%79%58%5D%20%47%4C%5A%47%4C%33%54%69%2A%5B%5A%4C%47%5A%4C%47%4C%5A%47%4C%4C%47%5A%4C%47%5A%4C%43%5A%4C%47%5A%4C%47%4C%5A%47%5A%4C%44%5A%4C%44%5A%4C%44%5A%4C%44%5A%5A%47%4C%5A%47%5A%4C%47%5A%4C%47%4C%5A%47%4C%5A%44%4C%5A%47%4C%5A%47%4C%5A%47%20%5A%20==%30=%30
57344fa4-87a1-485a-9214-e870e4cc1edd,irealb://%49%20%4C%6F%76%65%20%59%6F%75%20%2D%20%43%6F%6C%62%75%72%6E=%50%6F%72%74%65%72%20%43%6F%6C%65==%4D%65%64%69%75%6D%20%55%70%20%53%77%69%6E%67=%46==%31%72%33%34%4C%62%4B%63%75%37%62%37%44%20%37%34%3C%2A%36%36%37%5E%46%28%20%20%29%37%6F%46%28%37%5E%46%51%7C%79%58%37%43%7C%51%79%58%37%68%47%3E%31%20%29%4C%5A%41%2D%34%54%41%2A%5B%43%7C%51%79%58%37%58%79%51%7C%20%36%36%2A%3C%2C%41%2A%2C%5A%4C%37%44%20%36%39%46%7C%51%79%58%39%36%46%7C%51%79%58%37%43%32%3E%47%68%37%2D%47%5A%4C%39%79%58%37%5E%41%46%5E%37%28%46%37%2D%42%7C%51%79%58%37%5E%41%5A%4C%37%45%37%20%2D%42%5A%4C%29%37%5E%46%28%20%20%29%37%6F%20%45%37%4C%5A%7C%51%79%58%37%7C%51%79%58%39%20%5D%5B%2A%42%79%58%37%68%41%5A%4C%20%6C%63%4B%51%79%58%5E%37%46%7C%51%79%58%37%43%7C%51%79%58%37%2D%47%51%7C%44%37%62%20%6C%63%4B%51%62%42%20%29%37%51%7C%43%37%58%46%7C%51%79%58%39%62%37%43%7C%51%79%58%37%47%68%3E%33%20%36%36%2A%3C%2C%41%2A%2C%7C%51%79%5E%37%28%46%6F%79%58%37%2D%47%37%28%46%5E%37%29%4C%5A%41%68%37%20%44%37%4C%5A%47%37%58%79%51%7C%47%2D%37%20%43%37%4C%5A%46%36%58%79%51%7C%46%36%20%44%37%20%5A%20==%32%31%35=%33%30
573beabd-20b5-4e0c-b3a1-7a7011306633,irealb://%49%6E%74%6F%20%54%68%65%20%4D%79%73%74%69%63=%4D%6F%72%72%69%73%6F%6E%20%56%61%6E==%46%6F%6C%6B=%45%62==%31%72%33%34%4C%62%4B%63%75%37%4C%20%78%20%5A%34%45%62%58%79%4C%20%6C%63%4B%51%79%58%62%45%41%2A%7B%5A%20%4C%78%20%5A%4C%20%78%20%5A%4C%20%6C%63%4B%51%5A%20%78%20%4C%34%54%69%2A%7C%5A%4C%20%6C%63%51%4B%63%6C%20%45%7C%51%79%58%62%41%7C%51%79%58%2D%47%53%2A%42%5B%7D%20%20%6C%63%4B%51%79%58%62%45%5A%4C%62%58%79%51%4B%79%58%62%42%5A%62%42%5A%4C%20%7C%41%62%58%79%78%20%5A%4C%20%6C%63%4B%51%79%58%62%45%43%7C%2A%51%79%58%37%62%42%7C%51%79%58%62%42%7C%51%20%4C%5A%20%78%51%79%58%2D%47%63%4B%51%79%58%6C%20%4C%5A%45%78%20%5A%4C%20%78%20%5A%4C%20%6C%63%4B%51%58%79%62%45%69%2A%5B%20%20%6C%63%4B%51%79%58%62%20%4C%5A%42%62%63%4B%51%79%58%6C%20%4C%5A%3C%46%69%6E%65%3E%45%62%58%79%51%7C%3C%44%2E%53%2E%20%61%6C%20%66%69%6E%65%3E%20%78%20%20%5D%20=%50%6F%70%2D%52%6F%63%6B=%38%30=%30
57156b7b-6308-4371-92e2-d36c1c4ef248,irealb://%4A%6F%68%6E%73%62%75%72%67%2C%20%49%6C%6C%69%6E%6F%69%73=%57%61%69%74%73%20%54%6F%6D==%42%61%6C%6C%61%64%20%45%76%65%6E=%44==%31%72%33%34%4C%62%4B%63%75%37%23%43%51%79%58%61%64%64%39%2F%37%42%20%39%62%37%42%20%70%20%44%5B%59%20%51%20%79%58%51%79%58%5B%20%51%79%58%51%79%58%41%4C%5A%45%2D%37%44%34%34%54%5B%23%43%51%79%58%46%23%2D%58%79%37%42%20%39%62%37%42%20%70%20%44%7C%51%79%37%58%41%51%79%58%37%2D%45%7C%51%79%58%37%42%51%4C%5A%45%2D%37%7C%51%79%58%37%51%79%58%47%2F%51%7C%46%23%2D%58%23%47%2F%37%45%5A%4C%37%41%20%73%75%73%41%37%51%79%58%2D%45%7C%51%79%58%37%42%51%79%58%79%51%45%2D%36%79%58%46%2F%37%45%51%79%58%23%58%79%51%45%2D%51%79%58%37%44%51%79%58%2D%42%7C%51%79%58%6F%37%23%41%51%79%58%41%2F%44%7C%51%79%58%47%2F%7C%45%37%2F%47%23%46%2F%44%7C%44%7C%59%51%79%79%51%7C%44%2F%79%58%41%2F%44%7C%51%79%58%37%41%51%79%58%2F%41%44%7C%51%79%58%47%2F%2D%45%51%79%58%23%46%51%47%2F%41%58%58%47%2F%36%2D%61%64%64%39%2F%41%58%79%51%47%2D%2F%41%58%79%51%7C%2C%66%2C%41%31%33%62%39%58%79%51%7C%2C%66%2C%57%2F%44%58%79%51%5A%20=%4A%61%7A%7A%2D%42%61%6C%6C%61%64%20%45%76%65%6E=%36%30=%33
5749c443-52af-43a1-9b3c-980770423025,irealb://%4D%69%6E%6F%72%20%36%74%68%20%28%4D%69%6E%6F%72%2F%4D%61%6A%6F%72%20%37%29=%43%6F%6D%70%6F%73%65%72%20%55%6E%6B%6E%6F%77%6E==%4D%65%64%69%75%6D%20%53%77%69%6E%67=%43=%31%30=%31%72%33%34%4C%62%4B%63%75%37%7B%43%2D%5E%37%58%79%51%4B%63%6C%20%4C%5A%20%78%20%4C%5A%20%78%20%4C%5A%41%62%2D%5E%37%58%79%51%4B%63%6C%20%4C%5A%20%78%20%4C%5A%20%78%20%20%7D%20==%31%32%30=%31%35
5756bc4f-9402-435e-8bf5-0c33b7af3f14,irealb://%4E%6F%20%4F%72%64%69%6E%61%72%79%20%4C%6F%76%65=%53%61%64%65==%52%20%4E%20%42=%44%2D==%31%72%33%34%4C%62%4B%63%75%37%51%79%58%2D%44%51%7C%43%2F%44%2F%43%7C%51%79%58%37%5E%62%42%7C%51%79%58%42%62%2F%43%7C%51%79%58%37%5E%62%42%7C%51%79%58%44%58%79%51%7C%79%58%2D%44%5B%44%2F%43%7C%51%79%51%7B%44%2D%42%7C%7C%51%79%58%62%42%2F%43%7C%51%79%58%5E%37%62%42%7C%51%79%58%44%2F%44%7C%51%79%58%37%62%5E%37%58%79%58%37%2D%44%7C%58%79%51%7C%44%2D%58%79%51%7C%44%2D%37%58%79%51%7D%20=%4A%61%7A%7A%2D%4D%65%64%69%75%6D%20%53%77%69%6E%67=%31%30%30=%33
57f2587e-b39a-4492-88de-c9eef6fe3db3,irealb://%4F%27%20%53%75%72%64%61%74%20%27%6E%6E%61%6D%6D%75%72%61%74%27=%54%72%61%64==%50%6F%70%6F%6C%61%72%65=%43=%31%30=%31%72%33%34%4C%62%4B%63%75%37%4C%20%2D%44%20%46%4C%5A%20%78%2D%44%5A%4C%20%43%20%5A%4C%46%20%43%41%2A%5D%5B%20%20%37%47%20%5A%4C%20%37%45%20%5A%4C%20%20%41%37%4C%5A%20%43%69%2A%5B%4C%47%20%2D%41%72%69%64%67%65%5A%4C%20%46%20%5B%5D%20%20%43%20%5A%4C%37%20%47%2D%44%5A%4C%2D%41%20%43%5A%4C%46%20%47%3E%20%45%20%4C%5A%42%20%20%3C%5A%4C%37%47%20%2D%20%47%20%5D%7B%44%20%5A%4C%20%37%41%20%5A%4C%20%43%20%5A%20%4C%78%20%5A%4C%20%47%20%5A%4C%20%43%20%42%2A%2D%20%4C%5A%44%47%2F%37%45%5A%5A%20%43%20%20%7D%20==%30=%30
57c8eb39-ff33-4d03-a9d3-392a41d83b78,"irealb://%4F%27%4E%41%20%53%C3%96%59%4C%45=%54%61%6E==%52%6F%63%6B%20%50%6F%70=%45%2D==%31%72%33%34%4C%62%4B%63%75%37)%49(%20%51%34%3C%2A%34%38%3C%20%3E)%72%61%74%69%75%67%2E%63%41(%37%32%2A%3C%2D%45%3E)%49%49%49(%20%51%79%58%2A%34%38%58%79%34%54%69%2A%5B%78%20%5A%4C%20%3C%2A%36%36%20%6B%61%65%72%42(%20%20%51%79%58%39%36%2A%53%3C%5A%4C%20%78%3E)%6E%69%20%73%73%61%42()%3E%20%45%2D%20%5A%4C%46%3E%2A%3C%5A%4C%46%36%33%20(%49%20%2D%45%20%5A%4C%20%46%20%5A%4C%44%2F%46)%3E%49(%20%33%36%2A%3C%20%2D%44%3E)%49%49%4C%5A%41%2D%20%2A%3C%5A%4C%20%47%5A%4C%2D%45%49)%3E%73%45%20%2D%45%6C%20%7C%2D%44%3E)%49(%20%30%2A%36%3C,%46%3E)%49(%20%30%36%2A%3C%20%2D%20%5D%5B%2A%41%49(%20%30%36%39%36%2A%3C%5A%5A%44%2D%4C%5A%2D%44%7C,%41%3E)%49(%20%36%36%2A%3C%43,%3E)%49%49%49(%36%36%2A%3C%5A%4C%2D%45%4C%5A%42%6F%4C%4C%2D%41%5A%4C%3E)%49%49%49)%3E%20%45%2D%3C%5A%4C%20%2D%45%20%5A%4C%20%46%20%3E)%61%6B%65%72%42(%20%32%37%2A%3C%43%2A%5B%20%20%2A%36%33%20(%63%61%74%41(%46%20%2D%45%3E%36%33%20(%49%42(%36%36%2A%3C%5A%4C%46%20%2D%41%5A%4C%2D%20%45%20%5A%4C%20%46%20%5A%4C%44%2F%46%3E)%72%65%61%6B)%2A%3C%20%2D%44%20%33%36%2A%3C%20%4C%5A%3C%2A%49%49%49(%20%33%36%2A%3C%5A%4C%20%2D%45%5A%20%4C%20%78%20%3E)%6B%61%65%72%42(%39%36)%3E%44%2D%20%2D%45%20%5A%4C(%20%30%36%2A%2F%44%4C%5A%20%3E)%73%73%61%42%20%6F%4E()%6E%61%79%4D%65(%3C%2D%41%5A%4C%20%2D%45%20%5A%4C%20%46%20%46%4C%5A%3C%46%3E)%49(%43%20%6C%61%20%45%2D%20%3C%2A%3C%5D%20,%51,%20%2D%45%6C%20%7C%2D%44)%3E%49(%30%36%2A%3C,%46%3E)%49(%30%36%20%44%2E%53%2E%73%3E)%49%49%78%7C,%46%3E%45%2D,%46,%37%35%2A%3C,%2D%45%73%3E)%C4%B1%C4%B1%C4%B1(%20%20%37%35%2A%3C,%51,%5B%5D%20%2D%45%6C%7C%20%20(%C4%B1)%73%3E%61%64%6F)%6B%61%65%72%78%4C%5A%3C%2A%2A%3C,%43%2A,%5B%20%20%5D%20%78%5A%4C%5A%78%4C%78%3E)%6E%69%20%73%73%61%42(%32%37%36%39%20(%42%5A%4C%78%5A%4C%20%2D%45%20%5A%20%4C%5A%20%78%4C%44%2F%46%3E)%49(%20%30%36%2A%3C%20%44%2D%3E)%49%49%49(%20%30%36%2A%3C%5A%4C%20%5A%20%46%20%4C%2D%45%20%6C%3E%3E%65%6E%69%46%46%4C%5A%45%2D%5A%4C%2D%44%20%2D%45%3E)%6B%61%65%72%42%39(%36%2A%3C%5A%4C%20%2D%45%20%5A%4C%2D%44%20%20%45%2D%20%3C%20%2D%41%5A%4C%20%5A%20=%50%6F%70%2D%52%6F%63%6B=%39%35=%31"
576b69f2-cb61-4577-b4ea-7ac2bc82690c,irealb://%52%65%76%65%6C%61%74%69%6F%6E=%46%6F%72%64%20%52%6F%62%62%65%6E==%53%68%75%66%66%6C%65=%43==%31%72%33%34%4C%62%4B%63%75%37%20%70%7C%51%79%34%46%2F%47%58%7D%2C%23%46%2F%57%2C%46%2F%57%2C%45%2F%57%37%2C%47%7C%51%79%58%43%5A%4C%47%20%70%7C%51%79%7B%2A%41%47%58%34%54%69%2A%7B%51%79%58%47%5A%5A%43%58%79%51%2F%47%31%4E%7C%2C%23%43%2F%57%2C%37%43%20%2F%43%46%7C%5A%4C%37%42%20%42%2F%37%68%23%46%7C%44%20%44%37%4C%4C%42%2F%37%47%43%20%44%2F%37%43%2F%45%2C%7D%58%6F%62%45%7C%51%79%58%37%2D%45%5A%4C%2C%6F%37%23%44%20%44%2F%47%32%4E%7C%59%20%51%79%58%79%51%7C%45%2D%2C%46%20%70%7C%2C%46%20%70%7C%43%37%20%47%2F%4C%44%2C%42%2F%57%2C%37%2D%41%7C%2C%62%41%57%2F%2C%37%45%20%44%2F%57%7C%2C%43%2F%57%2C%42%5A%47%58%79%51%5A%4C%2C%68%23%2C%47%20%43%2F%79%51%58%79%51%79%58%37%2D%45%5A%4C%6F%23%44%20%44%2F%57%2C%7C%43%2F%57%20%20%42%2F%47%42%2A%7B%59%20%20%51%7C%41%68%37%58%5D%45%2F%43%44%2F%57%32%4E%47%2F%42%20%20%7D%41%2F%57%2C%47%20%20%7C%51%79%58%47%5A%43%4C%2F%37%44%20%44%2F%57%31%4E%7C%2C%43%2F%57%58%79%51%4C%5A%7C%2C%41%2F%57%2C%41%2D%37%2C%20%44%37%2C%7C%47%58%79%51%7C%70%20%46%2C%43%2F%45%5D%20=%4A%61%7A%7A%2D%4D%65%64%69%75%6D%20%55%70%20%53%77%69%6E%67=%31%33%35=%34
57de78d2-7a03-4e01-b64d-1a87f75f07ae,"irealb://%50%72%61%6E%74%6F%20%64%65%20%70%6F%65%74%61=%43%61%76%61%71%75%69%6E%68%6F%20%4E%65%6C%73%6F%6E==%53%61%6D%62%61=%44==%31%72%33%34%4C%62%4B%63%75%37%47%5A%4C%37%2D%34%45%2D%37%4C%62%37%41%5A%4C%37%2D%45%5A%4C%78%5A%4C%37%5A%45%4C%37%42%5A%4C%37%5E%44%5A%4C%36%2D%47%5A%31%33%4C%5A%45%34%54%69%2A%5B%6F%46%5A%4C%78%5E%37%4C%5A%42%41%2A%7B%5D%20%33%31%62%37%41%5A%4C%37%5E%5A%44%4C%33%31%62%37%41%5A%4C%37%2D%45%5A%4C%37%44%5E%37%4C%5A%44%5A%4C%36%2D%5A%4C%37%45%5A%5A%45%2D%37%4C%37%5E%44%5A%4C%36%2D%47%5A%4C%37%2D%45%5A%37%4C%42%5A%4C%43%2F%36%2D%41%5A%4C%37%23%46%5A%4C%5A%42%37%4C%4C%78%5A%4C%37%5A%4C%37%5E%44%37%4C%5A%41%37%4C%37%5E%44%5A%4C%37%41%5A%4C%37%2D%45%5A%37%4C%41%5A%4C%37%2D%45%42%2A%5B%7D%20%33%31%62%5A%47%37%4C%5A%2D%45%5A%4C%78%5B%5D%20%51,%2D%36%2F%44%4C%2D%45%5A%4C%46%2F%37%23%43%5A%4C%37%68%23%5A%47%4C%78%5A%4C%37%2D%23%46%5A%4C%37%23%43%5A%37%4C%5A%41%37%42%5A%4C%36%44%44%5A%4C%36%2D%5A%47%2D%36%4C%45%5A%4C%33%31%62%37%41%5A%4C%37%2D%45%5A%78%4C%5A%4C%37%45%5A%4C%37%42%5A%4C%37%5E%44%5A%2D%37%4C%5A%47%4C%37%2D%45%51%5E%37%4C%5A%42%37%4C%5A%45%2D%37%4C%5A%41%37%62%31%33%4C%5A%44%5E%37%20%5A%20=%4C%61%74%69%6E%2D%42%72%61%7A%69%6C%3A%20%53%61%6D%62%61=%32%30%30=%31"
575918b8-bc7c-4e14-b05d-01ad20f5ae66,irealb://%52%61%69%6E%6F%72%61%6D%61=%4C%6F%72%64%20%4B%69%74%63%68%6E%65%72%20==%4C%61%74%69%6E=%44==%31%72%33%34%4C%62%4B%63%75%37%5A%4C%20%6C%63%79%51%4B%63%6C%7C%51%79%58%37%41%5A%4C%20%78%20%5A%4C%20%63%6C%4B%51%79%58%2D%45%5A%4C%20%78%20%5A%4C%20%44%58%79%51%4B%58%44%41%2A%5B%4B%51%79%58%47%44%37%58%79%51%58%44%5A%4C%37%41%20%2D%45%5A%4C%37%2D%42%37%20%44%5A%4C%6F%23%47%20%47%7C%51%79%58%47%7C%79%51%7C%2A%42%5A%4C%20%78%20%44%7C%51%79%58%44%58%79%51%4B%58%47%7C%51%79%58%37%44%7C%51%79%58%44%7C%79%51%58%37%41%7C%51%79%58%2D%45%5A%4C%20%6C%63%79%51%7C%47%2D%5A%4C%20%6C%63%51%79%58%44%5A%42%2D%58%79%51%51%79%58%37%41%5A%4C%20%78%20%43%2A%7C%51%58%79%41%7C%51%79%58%37%45%7C%51%79%58%2D%45%7C%4B%63%6C%20%4C%7C%51%79%58%37%2D%42%7C%51%79%5A%41%37%58%79%58%36%2D%47%7C%51%79%58%36%47%7C%51%79%58%42%2D%7C%51%79%58%37%23%46%5A%4C%20%6C%63%4B%51%79%51%7C%44%58%4C%20%6C%63%4B%37%58%79%51%7C%45%2D%37%58%79%51%7C%41%37%58%79%51%7C%44%58%79%51%5A%20==%30=%30
575ae298-0bfd-4073-a65c-ae6289e96c02,irealb://%54%65%6D%70%72%61%6E%6F%20%59%6F%20%54%65%20%42%75%73%63%61%72%65%20%28%50%61%75%6C%29=%57%69%74%74%20%4D%61%72%63%6F%73==%57%6F%72%73%68%69%70=%47=%34=%31%72%33%34%4C%62%4B%63%75%37%73%75%73%44%7C%34%47%58%79%51%41%7C%51%79%58%44%5A%4C%43%20%47%41%2A%5B%51%5D%79%58%43%7C%51%79%58%47%7C%51%79%58%43%7C%2D%37%58%79%51%34%54%69%2A%5B%23%46%2F%44%20%20%43%4C%5A%44%23%46%2F%44%20%47%42%2A%7B%5D%20%44%2F%43%43%20%5A%4C%42%2F%47%20%2C%37%2D%41%7C%51%79%58%4C%5A%45%2D%37%47%5A%4C%44%20%20%44%5A%4C%20%2F%46%23%4C%5A%7C%51%79%58%43%31%4E%5A%4C%44%2F%47%20%37%45%2D%5A%4C%23%46%2F%44%20%47%5A%4C%2C%44%20%43%44%2F%43%2C%43%44%20%47%5A%4C%37%2D%45%73%20%2C%7C%6C%41%2D%43%2C%43%2F%44%7C%51%79%58%37%5E%43%32%4E%7D%7C%20%44%20%37%5E%43%5A%4C%42%2F%47%20%2C%37%20%4C%5A%44%20%37%2D%45%73%20%2C%7C%6C%41%2D%37%2C%20%47%2F%42%4C%5A%47%2F%43%20%44%20%7D%7B%2A%76%47%58%79%51%7C%43%58%79%51%7C%47%58%79%51%7C%43%20%7D%66%47%20%5A%20==%30=%30
571e9bf3-ae7b-418b-a055-e480acf9c2ea,irealb://%54%65%6E%67%6F%20%48%61%6D%62%72%65%20%44%65%20%54%69=%2D%2D==%42%61%6C%6C%61%64=%43==%31%72%33%34%4C%62%4B%63%75%37%2D%41%7C%51%79%34%46%5E%20%45%7C%51%79%58%73%75%73%45%7C%7D%51%79%58%78%51%7C%79%58%43%5A%4C%47%20%44%2F%46%5A%4C%37%2D%45%2F%47%23%58%34%54%41%2A%7B%79%58%78%7C%51%2F%41%20%41%2D%2A%2C%7B%5D%51%79%58%47%7C%51%79%58%44%2F%7C%46%51%79%58%44%7C%51%79%58%73%75%73%44%5A%4C%42%2C%43%58%79%47%7C%51%79%58%51%79%58%51%79%58%79%51%7C%78%20%47%20%46%7C%51%79%58%45%2F%43%7C%51%79%42%58%2F%47%5A%4C%43%2F%46%20%2D%44%7C%51%79%58%7D%58%79%51%58%43%2F%44%7C%51%62%45%7C%51%79%2A%36%36%20%4D%58%62%44%2F%62%45%7C%51%79%58%78%7C%51%79%62%58%44%42%2A%7B%5D%20%62%41%20%62%47%3E%64%6F%79%51%7C%78%58%3C%7C%51%79%58%36%2A%3C%7C%51%44%62%4C%5A%41%51%79%58%51%79%58%7D%20%62%41%20%62%47%7C%79%51%58%62%45%2F%62%44%7C%51%79%58%62%42%2F%62%58%79%51%58%79%2F%62%47%20%2D%36%20%4C%6F%6F%70%20%65%6E%64%3E%42%62%2D%58%79%51%5A%20=%4A%61%7A%7A%2D%4D%65%64%69%75%6D%20%53%77%69%6E%67=%31%30%30=%33
57dca0b6-0346-49ba-8590-efc06f2b88e5,irealb://%53%69%6C%6C%79%20%47%61%6D%65%73=%4B%61%79%20%4A%61%6E%65%74==%52%65%67%67%61%65=%46==%31%72%33%34%4C%62%4B%63%75%37%5D%51%79%58%37%79%51%7C%41%2D%37%43%7C%51%79%58%46%7C%51%79%58%2D%62%42%51%7C%79%58%62%42%7C%51%79%58%2D%41%7C%51%79%58%58%79%51%7C%43%58%46%69%2A%5B%58%46%7C%2C%2D%79%51%7C%41%2D%62%42%7C%51%79%58%46%7C%51%79%58%2D%62%42%51%7C%79%58%62%42%7C%51%79%58%2D%41%7C%51%79%58%20%41%2D%2C%47%58%46%41%2A%5B%51%79%58%43%7C%41%46%58%79%51%51%79%58%46%7C%51%79%58%2D%62%42%7C%51%79%62%58%42%7C%51%79%58%2D%41%7C%51%79%58%2D%41%7C%7C%43%58%79%51%2A%7B%5D%51%79%79%58%43%5A%4C%62%58%79%51%7C%4C%2C%2D%44%20%46%5A%4C%2C%43%20%62%42%7C%79%51%58%2D%44%7C%51%79%58%43%7C%51%79%58%2D%43%5A%42%62%20%43%41%42%2A%5B%5D%41%2F%57%20%62%46%2D%58%79%51%2D%46%43%2A%7B%7D%20%62%41%2F%57%20%62%42%51%7C%79%58%2D%46%5A%4C%62%41%2F%57%20%62%42%7C%58%79%51%7C%42%43%2A%5B%7C%51%62%4C%5A%46%2D%58%79%51%7C%3C%2A%35%37%20%20%52%70%74%20%74%69%6C%6C%20%65%6E%64%3E%42%62%20%57%2F%41%62%20%7D%20==%30=%30
5704da1a-4d46-45fb-8df8-afcd47b043c5,irealb://%56%69%76%6F%20%54%75%20%53%75%65%C3%B1%6F=%4B%69%64%73%20%43%46%43==%57%6F%72%73%68%69%70=%47==%31%72%33%34%4C%62%4B%63%75%37%58%2D%45%7C%51%54%34%34%47%4C%79%58%43%2C%42%2A%2C%5B%7D%20%78%5A%4C%43%4C%5A%78%5A%4C%44%5A%4C%78%5A%4C%43%5A%4C%78%5A%51%7C%44%58%79%2C%41%2A%2C%7B%79%51%7C%46%4C%5A%78%20%5D%7B%2C%2A%43%2C%47%4C%5A%78%4C%5A%43%4C%5A%78%4C%5A%45%2D%4C%5A%78%4C%5A%43%20%7C%78%20==%30=%30
5771237f-dc6b-43d9-b112-2eb01bc665fc,irealb://%53%6F%75%6E%64%20%6F%66%20%53%69%6C%65%6E%63%65%2C%20%54%68%65%20%31=%53%69%6D%6F%6E%20%50%61%75%6C==%50%6F%70=%45%2D==%31%72%33%34%4C%62%4B%63%75%37%3C%41%2A%5B%59%34%45%2D%58%79%51%79%58%7C%51%79%58%3E%2E%2E%2E%73%73%65%6B%6E%72%61%64%20%6F%6C%6C%65%48%3C%2D%45%7C%51%58%79%51%20%20%34%54%69%2A%5B%54%7C%51%79%58%51%4B%63%6C%20%32%54%5A%4C%47%20%43%7C%51%79%58%47%5A%4C%20%47%43%5A%4C%47%20%70%7C%51%79%58%2D%45%5A%4C%34%3C%20%3E%47%79%58%44%3E%20%65%63%6E%65%6C%51%4B%63%6C%20%66%6F%3C%20%20%44%34%34%54%7C%51%79%58%47%32%34%54%5A%4C%2D%45%20%70%7C%51%79%58%47%5A%4C%58%79%51%73%69%79%58%43%34%34%3E%4C%5A%45%2D%58%79%51%4B%63%6C%20%20%5D%20=%50%6F%70%2D%52%6F%63%6B=%31%31%30=%35
5768d8c1-3c59-430d-96f5-827e83b7d00e,irealb://%53%74%61%63%63%61%74%6F%20%53%77%69%6E%67=%47%6F%6C%73%6F%6E%20%42%65%6E%6E%79==%4D%65%64%69%75%6D%20%55%70%20%53%77%69%6E%67=%45%62%2D==%31%72%33%34%4C%62%4B%63%75%37%5E%62%47%7C%51%58%79%51%7C%46%7C%51%79%58%37%2D%62%45%7C%7C%51%79%58%37%46%2D%7C%51%79%58%37%5E%62%47%7C%51%79%58%37%2D%46%2D%37%58%79%37%2D%62%45%7B%79%58%35%62%37%46%2D%37%58%79%58%78%7C%51%79%58%37%2D%62%42%7C%51%79%58%62%39%37%46%7C%51%79%58%35%62%37%2D%43%7C%7D%51%79%51%7C%41%2D%7C%51%79%58%37%51%79%58%37%5E%39%58%79%51%7C%58%37%2D%46%7C%51%79%58%37%2D%62%45%7B%5A%37%4C%45%20%37%2D%46%5A%4C%37%62%47%20%37%2D%47%79%51%7C%47%62%62%37%44%7C%51%7C%46%2D%37%58%79%51%7D%20=%4A%61%7A%7A%2D%4D%65%64%69%75%6D%20%53%77%69%6E%67=%31%30%30=%37
57e0195b-909e-4360-ac5e-a78f11276658,irealb://%53%74%75%64%79%20%23%34%30%43=%43%6F%6D%70%6F%73%65%72%20%55%6E%6B%6E%6F%77%6E==%4D%65%64%69%75%6D%20%53%77%69%6E%67=%43==%31%72%33%34%4C%62%4B%63%75%37%6F%62%45%20%37%43%5E%58%79%51%2D%44%20%20%5E%43%5A%4C%37%47%20%37%2D%44%51%7C%79%58%2D%44%5A%4C%6F%23%43%20%2C%5E%43%7C%37%2C%7C%45%2D%73%34%34%54%5B%5A%4C%37%47%20%20%41%37%62%39%79%58%2D%44%5A%4C%6F%23%43%20%5E%43%7C%51%58%79%5E%43%5A%4C%37%47%20%37%2D%44%5A%4C%35%23%51%7C%44%2D%37%37%2D%44%5A%4C%42%5A%4C%37%2D%2D%37%2C%7C%45%5B%5D%51%79%58%43%7C%2C%39%62%37%47%2C%73%73%75%37%47%20%37%2D%44%5A%4C%6F%62%45%20%37%2D%41%62%5E%20%46%44%20%20%5E%43%58%73%75%73%37%62%37%62%39%4C%37%44%20%73%75%73%39%44%7C%51%79%58%37%2D%7C%41%51%79%58%36%62%41%7C%51%79%58%5E%62%41%5A%62%39%4C%5A%47%45%20%37%2D%62%2D%44%20%20%5E%73%75%73%20%20%20%37%2D%44%7C%51%79%58%2D%44%5A%4C%6F%23%20%43%5E%43%7C%51%79%58%5E%43%7C%2C%39%62%37%47%47%37%4C%5A%43%37%47%7C%51%79%37%2C%7C%45%2D%37%20%45%62%6F%4C%5A%44%68%2C%44%2D%37%2C%47%39%73%75%73%2C%47%37%62%39%2C%7C%43%58%79%51%5A%20==%30=%30
5731bbe3-71fd-4533-8c21-2d93f1d1e5e5,irealb://%54%65%73%62%69%68%20%31=%6B%75%72%64%69%20%44%6D==%4D%65%64%69%75%6D%20%53%77%69%6E%67=%44%2D=%31%30=%31%72%33%34%4C%62%4B%63%75%37%43%7C%51%79%58%34%3C%2A%36%38%62%42%7C%51%79%58%62%42%5A%4C%62%42%20%2D%7C%41%51%79%58%2D%41%3E%62%45%46%62%45%44%20%20%20%43%4C%5A%43%34%54%41%2A{%20%44%2D%20{%44%2D%20%43%4C%5A%42%62%20%41%2D%20}%20=%4A%61%7A%7A%2D%4D%65%64%69%75%6D%20%53%77%69%6E%67=%31%30%30=%33
57490185-b1c7-4901-b011-327644ff18e7,irealb://%54%6F%20%54%68%65%20%45%6E%64%20%6F%66%20%54%68%65%20%57%6F%72%6C%64=%45%6C%6C%69%73%20%44%79%73%6F%6E%2C%20%54%68%65%20%53%68%61%6D%62%6C%65%73==%4D%65%64%69%75%6D%20%53%77%69%6E%67=%42%62==%31%72%33%34%4C%62%4B%63%75%37%6B%63%69%6C%20%58%79%51%4B%63%46%20%62%42%5A%4C%20%6C%63%4B%51%79%58%37%5A%46%4C%20%6C%63%4B%51%79%58%37%41%5A%4C%20%6C%4C%5A%3C%42%62%62%42%41%2A%7B%63%69%4C%20%62%79%51%7C%42%62%58%3C%6C%63%4B%51%79%58%37%46%5A%4C%20%6C%4B%63%51%79%58%37%41%5A%4C%20%6C%63%4B%51%79%58%79%51%20%20%42%58%62%42%3E%20%4B%51%79%58%62%74%6F%20%34%20%79%58%62%42%5A%4C%46%20%62%42%5A%4C%20%3E%73%65%61%72%68%70%20%6F%72%74%6E%69%20%72%61%62%51%7D%2A%42%42%6E%69%20%2C%6B%5A%4C%20%6C%63%41%37%58%79%51%62%42%5A%4C%20%6C%63%4B%51%79%58%62%42%5A%20%4C%6C%63%4B%51%79%58%37%46%5A%4C%20%6C%63%4B%2D%58%79%51%4B%5A%4C%20%6C%63%46%20%62%42%5A%4B%63%6C%20%4C%51%79%58%37%46%5A%4C%20%6C%63%4B%51%79%58%41%37%5A%4C%20%6C%63%4B%51%79%58%62%42%41%2A%5A%4B%63%6C%20%4C%51%79%58%37%46%42%3C%20%6C%63%20%6C%69%63%6B%46%5A%4C%20%6C%63%4B%51%79%58%37%41%5A%4C%6C%20%63%4B%51%79%58%62%42%7C%51%79%58%62%42%3E%37%58%79%51%4B%62%42%3C%5A%4C%62%20%4C%69%63%6B%2C%20%69%6E%74%6F%20%34%20%62%61%72%20%69%6E%74%72%6F%20%70%68%72%61%73%65%3E%4C%5A%42%62%20%46%4C%5A%42%62%58%79%51%5D%20==%30=%30
5747f9b6-bc1c-4a94-963a-23584c60ff0f,irealb://%56%6F%75%73%20%45%74%20%4D%6F%69=%42%6F%73%6D%61%6E%73==%42%61%6C%6C%61%64=%46==%31%72%33%34%4C%62%4B%63%75%37%51%79%58%37%44%34%3C%41%41%42%20%2D%43%7C%51%79%58%46%7C%51%79%58%39%23%7C%43%51%79%58%46%5A%4C%37%43%20%2D%62%42%3E%41%45%62%37%4C%5A%34%54%41%2A%7B%43%5A%4C%37%47%43%37%4C%5A%46%79%58%2D%41%5A%4C%37%45%20%2D%44%7C%51%79%2D%58%41%42%2A%5B%7D%20%20%3E%65%6E%69%46%3C%20%51%7C%44%2D%20%20%37%62%44%7C%58%79%51%7C%44%2D%20%47%37%4C%5A%41%2D%20%41%62%6F%4C%5A%3C%44%2E%43%2E%20%61%6C%20%46%69%6E%65%3E%47%2D%20%43%37%20%5D%20=%4A%61%7A%7A%2D%42%61%6C%6C%61%64%20%53%77%69%6E%67=%36%30=%33
574faa68-908a-422c-a006-89a59894f03e,"irealb://%57%69%6E%74%65%72%20%57%6F%6E%64%65%72%6C%61%6E%64=%42%65%72%6E%61%72%64%20%46%65%6C%69%78==%53%74%72%69%64%65%20%50%69%61%6E%6F=%45%62==%31%72%33%34%4C%62%4B%63%75%37%37%2D%47%5A%4C%36%20%42%62%37%41%5A%4C%37%62%42%20%37%2D%46%5A%4C%37%62%20%42%37%2D%46%5A%4C%6F%23%46%20%36%62%45%5A%4C%2D%37%20%44%37%62%45%41%2A%7B%5B%5D%20%37%44%4C%5A%46%37%20%4E%7C%51%79%58%51%79%58%51%79%58%51%79%58%20%7D%37%62%42%20%36%62%45%31%4E%5A%4C%37%62%42%32%45%62%36%20%39%62%37%43%20%47%20%44%2F%36%41%2D%37%4C%5A%2D%43%20%36%62%42%5A%4C,%37%46%20,%36%5A%47%4C%37%2D%41%20%36%47%5A%4C%37%44%20%36%47%37%4C%5A%42%62%20%36%47%42%2A%5A%4C%37%62%42%37%20%46%37%4C%4C%6F%23%46%20%36%62%45%5A%4C%37%62%42%20%62%36%45%41%2A%5B%5D%20%37%62%42%20%37%2D%46%5A%5A%46%2D%37%20%43%5A%4C%37%2D%46%2D%37%20%42%62%37%4C%5A%41%2D%37%20%44%37%4C%5A%47%2D%37%20%43%37%62%39%4C%5A%46%37%20%42%62%37%4C%5A%45%62%36%58%79%51%5D%20=%4A%61%7A%7A%2D%4D%65%64%69%75%6D%20%53%77%69%6E%67=%31%30%30=%33"
57a6cb19-535a-48a0-a7e5-1ffc795946ec,irealb://%57%6F%6E%27%74%20%47%6F%20%48%6F%6D%65%20%57%69%74%68%6F%75%74%20%59%6F%75=%35%20%4D%61%72%6F%6F%6E==%4D%65%64%69%75%6D%20%50%6F%70=%45%62==%31%72%33%34%4C%62%4B%63%75%37%46%5A%4C%78%5A%35%37%38%37%38%44%2F%62%45%5A%4C%62%45%5A%4C%78%5A%4C%62%5A%42%4C%78%5A%4C%2D%46%5A%4C%78%5A%4C%62%45%3E%4C%5A%43%2D%4C%3C%34%34%54%5B%5A%4C%62%41%5A%4C%5A%41%62%4C%41%5A%4C%78%5A%4C%2D%43%5A%4C%78%5A%4C%62%42%45%2A%7B%5A%4C%78%5A%4C%62%45%5A%4C%62%42%5A%68%4C%5A%78%4C%78%5A%4C%37%2D%37%2D%46%5A%4C%43%45%62%4C%5A%76%2A%7C%5D%20%51%78%5A%4C%62%45%5A%4C%62%5A%42%4C%62%41%5A%4C%78%5A%4C%37%2D%46%5A%4C%78%43%2D%4C%5A%78%2A%5A%4C%62%42%6C%5A%4C%62%45%42%62%4C%5A%78%4C%62%41%5A%4C%78%5A%4C%37%2D%46%5A%4C%78%4C%5A%2D%43%5A%4C%44%2F%62%45%5A%4C%62%45%5A%4C%5A%42%62%4C%5A%5A%4C%78%5A%4C%45%5A%4C%62%41%2A%43%51%45%62%2A%5B%5D%20%78%5A%4C%62%45%5A%4C%62%42%5A%62%4C%41%5A%4C%78%5A%4C%37%2D%46%5A%4C%78%5A%4C%44%44%62%4C%5A%5B%59%7D%20%78%42%5A%4C%62%41%4C%5A%47%62%4C%37%2D%46%5A%4C%78%5A%4C%62%45%6C%43%2A%7B%6E%5D%7C%2C%62%42%73%5A%4C%62%41%5A%4C%62%44%5A%4C%5A%78%4C%5A%62%42%5A%4C%62%62%4C%5A%45%62%4C%5A%78%20%7D%7C%45%62%4C%5A%78%4C%5A%43%2D%4C%5A%41%62%4C%5A%66%45%62%20%5A%20==%30=%30
57b90d5d-b661-4dac-bab3-6857a2e09b0f,irealb://%CE%9E%20Minor%20chords%203rd%2D%E2%86%93%20%20%288%20bars%29=Valentin%20Thorey==Medium%20Swing=C%20==1r34LbKcu7L%20%2DA%20C%2D%20LZZL%20x%20ZL%20x%20ZL%20xZ%20L%20x%20ZL%20x%20ZL%20x%20%20x%20LZ%20%5B44Tx%20ZL%20Z%20x%20L%2D%23F%20ZL%20x%20ZL%20x%20LZ%20x%20ZL%20x%20ZL%20x%20Z%20LZ%20xL%20x%20ZZL%20x%20%20LZ%20xZL%20x%20ZL%20%2DbE%20ZLx%20%20ZL%20x%20ZL%20x%20ZL%20%20x%20LZx%20ZL%20L%20x%20Z%20x%20LZL%20x%20ZL%20x%20ZL%20x%20LZ%20%2DB%20ZL%20x%20ZL%20x%20Z%20x%20LZL%20x%20x%20ZL%20Z%20x%20Lx%20ZL%20x%20ZL%20x%20ZLx%20%20ZL%20x%20ZL%20%2DbA%20Z%20LZ%20xL%20x%20ZZL%20%2DD%2D%20LZ%20%20ZL%20x%20ZL%20x%20ZL%20%20xZL%20x%20ZL%20x%20ZL%20xx%20LZ%20F%20ZL%20%20x%20ZL%20x%20LZ%20%2DbB%20ZL%20x%20ZL%20xZ%20L%20x%20ZL%20x%20ZL%20x%20LZ%20x%20ZL%20x%20x%20ZL%20LZ%20x%20x%20ZL%20x%20ZL%20%2DG%20Z%20Lx%20ZL%20x%20ZL%20x%20ZL%20LZ%20x%20x%20ZL%20ZL%20x%20LZ%20x%20ZL%20x%20ZL%20x%20ZL%20%20xZL%20%2DE%20ZL%20x%20ZL%20x%20LZ%20x%20ZL%20x%20LZ%20x%20LZ%20C%23%2D%20LZ%20x%20LZ%20x%20LZ%20x%20LZ%20x%20LZ%20x%20LZ%20x%20LZ%20x%20%20%5D==120=0
57b990a4-20a0-444b-91f1-901de046f488,irealb://%CE%9E%20Minor%20chords%204th%E2%86%91%20%20%288%20bars%29=Valentin%20Thorey==Medium%20Swing=C%20==1r34LbKcu7L%20%2DF%20C%2D%20LZZL%20x%20ZL%20x%20ZL%20xZ%20L%20x%20ZL%20x%20ZL%20x%20%20x%20LZ%20%5B44Tx%20ZL%20Z%20x%20L%2DbB%20ZL%20x%20ZL%20x%20LZ%20x%20ZL%20x%20ZL%20x%20Z%20LZ%20xL%20x%20ZZL%20x%20%20LZ%20xZL%20x%20ZL%20%2DbE%20ZLx%20%20ZL%20x%20ZL%20x%20ZL%20%20x%20LZx%20ZL%20%20x%20ZL%20x%20LZ%20x%20ZL%20x%20ZL%20x%20Z%20L%2DbA%20ZL%20x%20ZL%20x%20LZ%20x%20ZL%20x%20%20ZL%20xLZ%20x%20%20ZL%20x%20ZL%20x%20ZL%20%20xZL%20x%20ZL%20%2D%23C%20ZLx%20LZ%20%20x%20ZL%20%2DB%20ZF%23%2D%20LL%20x%20ZL%20x%20ZL%20x%20LZ%20x%20ZL%20x%20ZL%20x%20ZZ%20x%20L%20ZL%20xx%20ZL%20LZ%20x%20%2DE%20ZL%20x%20ZL%20x%20Z%20Lx%20ZL%20x%20ZL%20x%20ZL%20LZ%20x%20x%20ZL%20ZL%20x%20LZ%20x%20ZL%20x%20ZL%20%2DA%20ZLx%20%20ZL%20x%20ZL%20x%20ZL%20x%20LZ%20x%20ZL%20ZL%20x%20x%20LZ%20ZL%20x%20ZL%20x%20ZL%20xZ%20L%20%2DD%20ZL%20x%20ZL%20x%20x%20LZ%20ZL%20x%20x%20LZ%20x%20LZ%20G%2D%20LZ%20x%20LZ%20x%20LZ%20x%20LZ%20x%20LZ%20x%20LZ%20x%20LZ%20x%20%20%5D==120=0
575ad19e-7d9d-4148-89a0-bf92b18d5043,irealb://%E8%AA%B2%E9%95%B7%E3%81%93%E3%82%8F%E3%82%8C%E3%82%8B=%53%75%7A%75%6B%69%20%59%75%75%74%61==%52%61%79%20%4E%6F%20%41%72%65=%42%62==%31%72%33%34%4C%62%4B%63%75%37%58%62%41%2F%2D%51%7C%45%62%2D%41%2F%46%7C%51%79%58%62%42%7B%7D%20%62%41%62%20%47%7C%51%79%58%62%42%7C%51%79%58%62%42%2F%58%79%51%7C%46%79%58%62%42%7B%51%79%58%2D%43%75%73%20%47%4C%46%20%73%75%73%46%7C%51%79%58%62%42%2F%2D%7C%47%51%79%58%2B%42%7C%51%79%58%2D%43%31%4E%5A%20%7D%7C%4E%32%73%47%7C%51%79%79%58%37%2D%44%20%46%4C%5A%42%45%2F%37%46%7C%51%79%58%37%5E%62%45%5A%4C%42%62%2F%2D%46%20%62%42%2F%62%41%7C%51%79%58%62%62%58%79%51%7C%73%75%73%46%7C%37%46%7C%51%79%73%20%47%4C%5A%5A%4C%62%42%2F%2D%46%20%62%42%2F%62%41%7C%79%51%58%62%42%7C%51%79%58%46%7C%51%79%58%2D%43%45%62%5E%37%58%75%73%47%7C%51%2F%46%5A%4C%62%51%7C%44%2D%37%5A%4C%46%5A%4C%73%75%73%46%5A%4C%37%43%5A%2D%4C%43%5A%4C%2D%47%20%23%46%2F%44%7C%51%79%58%46%20%46%2F%45%79%58%62%45%2F%42%2F%2D%46%2C%4C%5A%7B%42%62%62%47%2C%2D%47%7C%2C%37%6F%62%47%2C%46%20%45%62%2F%2D%43%7C%51%79%58%37%2D%44%7C%51%79%58%2B%2C%46%2D%37%43%2F%46%20%44%42%2F%2D%62%45%20%45%62%2D%36%42%7B%7D%20%46%20%73%75%73%46%7C%51%79%58%2D%37%43%5A%4C%37%5E%62%44%20%44%2F%62%42%5A%4C%62%58%79%51%7C%68%45%7C%2C%62%62%58%79%51%7C%42%62%58%79%51%7C%47%62%20%41%62%20%7D%7C%42%62%58%79%51%4B%63%6C%20%20%5D%20=%50%6F%70%2D%52%6F%63%6B=%32%34%30=%31
57c8faca-4f2d-4f55-bcdc-41648539d86c,irealb://Down%20In%20Honky%20Tonk%20Town%20%28Chorus%29%3DChris%20Smith%2C%20Charles%20McCarron%20%281916%29%3D%3DMedium%20Swing%3DBb%3D%3D1r34LbKcu7yX7FZbXyQKL%20x%20ZL%20lcKQyX7ZCL%20x%20ZL%20x%20ZL%20lcZ%20x%20LB44T%5BlcKQyLZ%20x%20QyX7F%7CQyX7C%7CQy7XG%7CQyXbBZL%20x%20ZL%7C%7CBbX%20lcKQZL%20x%20%20LZ%20xKQyX7FZL%20x%20ZL%20%20xZL%20lcKQyX7CZL%20cl%20LZx%20ZL%20%20x%20LZC7XyQ%7CF7XyQ%7CBbXyQKcl%20%20%5D%20%3DJazz-Medium%20Swing%3D140%3D3
57511dfe-e41d-4739-a7b2-de268246028c,irealb://I've%20Got%20A%20Feeling%20I'm%20Falling%3DFats%20Waller%2C%20Harry%20Link%2C%20Billy%20Rose%20%281929%29%3D%3DMedium%20Swing%3DEb%3D%3D1r34LbKcu7-FZLb*74VeBZL7-FZL7bBZL7F-ZLobGZLbEs%3Eesrb7LZE%3C44T%5B%2C%2BbB%2C%7CEbLZ7-FZL7FZL7-C%7C%2CG7%2C7bBZL7-FZLobGLZBb7%7CbB%2C77bB%7CQ74ChoQyX7C%7CQyX6-bB%7CyQX7D%7CQyXbEl%3Esur%7CF7Xy*%3C%5BY%7CF%7CQyXZEb%20EX6-bB%7CQyX7D%7CQybXE%7CZL7bB%207-FZLoyQ%7CC7L%2BbB%20-FZL7Bb7XyQyX7bE%7CQyX7-bBLZ7bE%20bE%7CQyXbE%7CQ%7CAb%20C%7CQyX76-bB%7C7%20Gb9%7CQyXbEZL%2BbB%207b%7CBQyX7bB%7CQyX7FZLD7XyQG%7CQyXXyQ%7CC7XyQ%7CF7XyQ%7CBb7XyQ%7CEb%20F-LZEbXyQ%5D%20%3DJazz-Medium%20Swing%3D100%3D3
57a6811d-ca2c-4a2a-82dd-5dd01437b150,irealb://Over%20The%20Hills%20To%20The%20Poorhouse%20(PLP-RBB)%3DDave%20Braham%20%7C%20George%20L.%20Catlin%3D%3DWaltz%3DG%3D7%3D1r34LbKcu7lareGarkinurB%20xiD%7CyaB%20le%7CMs'rekciP%20toL%20gce%20%26%20P06*%3CE%20829es%2F%2F%5B%20ZL4781%20BUP%20ts%201%5D53%20kcarT%7C2%20DCREC%201noJ%20dZL%20x%20ce%3EXy%3Eesre%2096*%3C43Tv%7B*%20QyXQyXQyXQyXQG%20pLZiR%20ddZL%20x%20%20x%20LZZL%20x%20ZLp%20GZL%20xZ%20Lp%20GZL%20x%20ZLp%20DC%20pLZZLp%20C%20ZL%20x%20x%20LZ%20ZLp%20G%3Esuroh%209*6%3CC*%5B%5D%20%20x%20ZLp%20Gx%20LZ%20ZLp%20D%20ZLp%20%20pLZ%20%20ZLp%20CZL%20x%20ZLpG%20ZL%20x%20ZL%20x%20ZL%20xx%20LZDDZL%20x4%2096*1G%20pL%20%20x%20ZLp%20G3N%7D%20%20%20xZLp%20G2N%7C%7D%20%20x%20Z%7D%7CN0%3CNZL%20x.%3EG%20pLZ%20x%20%20%7DN0%3C*69%205.%3EG%20pLZ%20x%20%20Z%20%3DPop-Country%3D180%3D1
577f47f5-ca12-4a99-8918-90064474b76a,irealb://Come%20Rain%20Or%20Come%20Shine%20nmn%3DHarold%20Arlen%20and%20Johnny%20Mercer%3D%3DMedium%20Swing%3DGb%3D%3D1r34LbKcu7ZL7bB*63%203%2033%20%20_333%2036*%3CLZB%20bG%3E3%2033%20%2033%203%3EF-%20%3C44T%5B3%2033%20311_%20%2036*%3C%7CQyX7-bE%3E%20%C2%B736*%3C%7CQyX-bE%3E1%203%2033%20%2036*%3CbD%3E1%20Ab7LZ%2036*%3CZL7bD%20-bA3%3E%2033%20%20_335%2036*%3C311_%20%20-bE%3E%3CZL7ELZ%3C*6%CC%B82%20%C2%B7%20QyXQyX4%203*6%3CZL7bG%20-bD%3E%C2%B7%2034%3EB-%207bG%20-%3CZL-A1%C2%B7XyQ%CC%B82%20%C2%B7%20QyXQyX4%203*6%3CZL7B%20-bG%3E11%20%C2%B74%3EB-%205%2036*QyX%CC%B86%3EAb-%20ZL7F%20hC%3E65%20%C2%B7%20QXyQyX6%2036*%3CZL7bD%3C*63%205%2036*6*%3C%7C7%2056%3EB7bD%2C7Ds%3E24%205%206%CC%B856%2036*%3CZL7bE%20hb%2CC7%2CB%C2%B7%20QyX%2036*%3C%3EsBb7Gl%3E3%2033%20%2033%203%2063*%3C%5D%2C7G%2C7bA%2C7A%2Cb%20BLZ%C2%B723%203%5E-bE%3E%2033%203%3C%7CQyX-bE%3E1%20%20_131%2036*%3CZL7bB%20-F%3E*63%20%C2%B7%20_333%20_%CC%B84%CC%B8LZ%3C*66*%3C%7CQyX7bA%3E%CC%B84%204%CC%B8%CC%B84QyX%CC%B84%CC%B84%20%CC%B84%2033%204%CC%B84-bE%207%7CQyX7%204%CC%B8%3EG36*%3C%7CQyX-F%3E3%20%203_3%CC%B85%2036*%3CZL7C%20-%20%C2%B7%3EBb%CC%B84%CC%B84%20%2036*%3C6%2066%20%20obG%3E_6%CC%A366%2036*Z%3CL-bB%207bE%3E6%2066%20Eb7LZ%2036*%3C3%203%203XyQ667bA%20oB%3E_%CC%871%CC%A366%2063*%3CZL-bE%207bA%3E6%20LZ%3C*666%20%CC%876%3E6%20366%C2%B7%3EEbusbB%207B%3E_767%20%2076%207%2036*%3CZL7bA%20-sLZ%3C*%CC%B84%20%204Eb7XyQ%7C%3C*63%20%C2%B7%3ExXyQZ%20%3D%3D0%3D0
5788651e-5ae8-4f00-b29d-a880b349fe69,irealb://Take%20Five%20nmn%201%3DDesmond%20Paul%3D%3DMedium%20Swing%3DGb%3D%3D1r34LbKcu71%20%C2%B7%20Q4%3C*636%2036*%3CZL-bB%20-b%3EE5%CC%A33%20%20_12%CC%B823%CC%B82%20XyQXy5TA*%5B6*%3CZL_%3EEb-bE%3E_23%CC%B845%20%C2%B7%20QyQXyX6%2036*%3CZL-bB%20-%20Bb-56%CC%A37%CC%87%20-bE%3EQXyQ%20_12%CC%B823%CC%B82%2036*%3CZ-LbB%20-bE%3E2%CC%87163%20%C2%B7%20%203%CC%A35yX3%203%CC%A37%CC%871%20%3C*63%20X3%2036*%3CZL-bB%20-Eb%3E_2345%20QyXQyX6yQXyQZL-bB%20%CC%871%CC%876b-%20BbB*%5D%20-bB%20%3EeniF6*0%3C-bE%3E6%2036*%3CZL-%3C*63%20E%3E_5636*%3CZ%202344-bB%3E3%CC%B8221%20%20_357%205%2036*%3CZLhF%20B%3E%CC%B8%20Eb-L%20_4%CC%A36XbG%3E%CC%B82_%20%207%20%20_543%CC%B823%2036*%3CLZ7bD%20-bA%3E%CC%B822%CC%871%CC%A354%CC%B8554%2064%20B%3E3%CC%B8263%206135%2075%2036*%3CZLhFB%20%3E%CC%B84432%20%20_4%CC%A36%20%CC%87_%20%2012*%3C%7CQy%20QyXQ-LZ%3C*6*%3CZL7bD%20-bA%3E4%CC%8752%CC%A37%20%20_24%2064%20363%203XybE%20-b3%CC%A36%201%CC%872%3EFh%3C*06D.C.%20al%20Fine%3E%20Bb7%20%5D%20%3D%3D0%3D0
57c7f315-66b3-4e2a-a57e-3c1012b696d0,irealb://Beautiful%20Brown%20Eyes%3Dbe2sharp%20ARR:%3D%3DZz%20Choose%20An%20iReal%20Style%3DF%3D%3D1r34LbKcu7ctam%20yQ%20%20Fedeen%20fi%20%2Cyek%20roP%20laeRi%20eht%20xid%2C%20toX45*%3Cno%20et%20key%3Eal%20eht%20s'tI%20.gons%20ruoy%20fo82*%3C%20st%20noeht%20hrtni%20%20song%20QyX26*%3CQyXQyXyQXQyXQyX%3E.egap%20%20Thisruoy%20oS%20.gies%20t*%3C%20%3E%20eht%20fo%20seursaem%204%20tsal%20eh36sonpoc%20oQyXQy%20the%20yX%3E.dne%20eht%20ta%2C%20adoc%20erusaem%204QXyQXseod%20zzaJ%2060XyQzzaJ%20:elytS%20or%20PlaeRi%20elpmaS%20%20-Trad*%3CQyX%22ssaJ130%3E%20leps%20yllanigir%20osaw%20%22zzaJ%2203*%3Cled%20%22%20mm%20/yXFA*XyQXycKQyXFZL%20lcKQy7XC43Ti*%5BQyXQyXQl%20%20%5D%5BQyX%3E.BZL%20lLZBbXF%7CQyX7C%7CQyXCZLl%20cKQyXFZL%20lcKQyXyQKc%20lcKQht%20sicl%20LZ%20%20QyX81*%3C%5D%20%20lcQKyXF%7CQyX7C%7CQyXCHere%20KQyXbyXF%7CQeasurQyXCQ%5B%20QyXQyXQXyQyXQyX%3E:adoc%20e%7CC7Xym%204%20eQKclU%20%20ZXyQXyQXyQXyQXyQ%20%3Cb%23%3E%20%3DJazz-Trad%20Jazz%3D130%3D3
57d2abe9-f4b9-466a-9b98-2a6fb855035e,irealb://ii%20V%20I%20by%20Whole%20Tones%2c%20Doubled=Charts%20Practice==Medium%20Swing=C==1r34LbKcu77A%207%2d%2d7%2c%20GDZL7A%207%2dE%7cQyXCLZ7G%207%2dD%7cQyXCZL7XyQ%7cED44T%5bQyX%23FQ%7cF%23%2d%207%2dbA%7cQyXEZL7B7%20%2d%23F%7cQyXEZL7B%207C%237LZyXDZLC%7cQyX%20C%237LbE%207%2dbB%7cQyXbAZ7LbE%207%2dbB%7cQyX%23FZ7LZAb7%2dbA%7c%23F%207%2dLZBbXXBZL7%23F%207%2d%23C%7c%7cyQXbBZL7F%207%2dC%7cQyyQ%7cC%237F%207%2dEZL7byQ%7cEb%7cQyX%23CZL7bA%207%2dEb%7cQyX%23CZL7bA%207%2dF%2d7%20BXBZL7%207%2dA%7cF%2d7%20BL7C%207%2dG%7cQyXFZLC7%207%2dG%7cQyXbEZL7bZFXyQ%7cQyXbD7LZGXyQ%7cA%2d7%20D7LZGXyQ%7c%7cB%2d7%20E7LZAXyQ%7cB%2d7%20E7LZAXyQ%5d%20==0=0
57fcd961-5be1-4928-81bc-ead3943c2882,irealb://O%20Sole%20Mio%202=Composer%20Unknown==Medium%20Swing=E=0=1r34LbKcu7%7CQyXEXyQ%7C%20ZLQyXZLQyXZLQyZXLQyXZL%20B%20ZL%20%23FXyQLZE44T%5BXB%7CQy%7CBXyQQyXEZLQyXZLQyXLZQyXZLQyX%7CQyXE%7C%7CF%23%2DXQyX%23FQyXZLE7LZAQyXZLQyX%7CE%20%20B%7CyQX%2D%23F%7CQyXE%7CQyX%2DLZXyQ%20E%7CQyQyXZLLZXyQQyXZLQyXZLQyXZQLyXZLQyXZLQyXZLLZXyQQyXZLQyXZLLZXyQQyXZLQyXZLQyXZQLyXZLQyXZLQyXZLLZXyQQyXZL%20Z%20=Jazz%2DMedium%20Swing=100=3
578a910a-71bd-436a-8e13-d5ac3d1498da,irealb://Sea%20La%20Gloria%3DBrin%20Claudina%3D%3DRock%3DD%3D%3D1r34LbKcu7XD%7CQy4D%2C*AXB/G%7CQyXB/G%7CQyCX%7CQyXC%7CQyXD%7CQyXyQ%7CDX4Ti*%7BGB*%7B%7CCAXyQQyXA%7CQyXG%7CQyXAQ%7CyXD%7CQyXD%7CQyXG%7C%7CAXyQ*%5B%7DQy%20%3EA%20oXyQ%7CB*%3C%20D%7CQyXD%7CQyXGQ%7CyXG%7CQyX-B%7CQyX-71%20%20TG%7CQyX%7CQyXD72sol%7CQyXGQ%5B%7DQyXG%7CQXyG%7CQyXA%7CQyX-B%3EoGXyQ%7C*%3C%7B%7D%20D%20%3C*66XyQ%20%20X3%3E%20LZ%7BGXyQ%7CGXyQ%7D%7CG%20A/C%23LZDXyQZ%20%3DPop-Rock%3D115%3D1
57cf1466-1fac-4ab5-86c3-38b019e39863,irealb://Abre%20Los%20Cielos%3DJes%C3%BAs%20Adrian%20Romero%3D%3DRock%3DE%3D%3D1r34LbKcu7XA%7CQy4E%2C*BQyXEA*%7B%7DQyXA%7CQXy-%23C%7CQyX%23GZL%20Q%20%7CG%23-X4Ti*%7ByQ%7CE%28B%29XyQ%7D%20%3DPop-Rock%3D115%3D1
574d7a15-14a5-494d-9e83-6498e71f0c49,irealb://Es%20Tiempo=%2E%20Hillsong==Rock=C==1r34LbKcu7XC%7CQyT44CXXC%7CQyXC%2CA%2A%2C%7B%7CQXyC%7CQyXC%7CQyXC%7CQyyQ%7CCX%2Ci%2A%2C%7C%2DA%7CQy%2DXyQ%7C%20opmeit%20sE27%2A%3C%7D%7BQyXC%7CQyXC%7CQyXFde%3EGXA%7C%7CQy%7CQyXFXyQ%7CF%7CQyXA%7CQyX%2DA%7CQyCX%7CQyXC%2CB%2A%2C%7B%7DQyXFXyQ%7CF%7CQyXX%2DA%7CQC%20%3C%2A7%2Etab%20y%20ojaB%2096%3C%2A%2CC%2A%2C%7B%7D%20%20%3EA%20oT1%3EA%2DXy%7CQyXC%7CQyX%2DXyQ%7CD%2DD%7CQyX%2DA%7CQyX%2DAs%3Eecov27%2A%3C%7B%7DQyX%2DXyQ%7CD%2DD%7CQyQyXF%7CFXyQ%7C%2CQ%2CZL%2C%20%20G%3Eadocy%20%20B%20oT96%2A%3C%7CQyXCA%2DXyQ%7CQyXF%7CCXyQ%7CCXyQ%7CA%2DXyQ%7CFXyQ%7CCXyQZ%20=Pop%2DRock=115=1
577f26f8-7cd4-4079-905a-56a4d3215eef,irealb://Hoy%20Quiero%20Adorarte=Marcos==Ballad=F==1r34LbKcu7l%7CbB%2F4FXyQ%20C%2FbBZLF%2F%2A7m%2AG%2A%207m%2AGZL7D%20%2Am%2AA%7CsC7%2CC4TA%2A%5B%7CbB%2FCXyQ%7Cs%2FbBZLF%2F%2A7m%2AG%20%2Am7%2AGZL7D%20%2A4sus%2ADC%20C7%2C%2A7m%2AAl%7CbB%2FXyQ%7CDC%2FbBZLF%2F%2A7m%2AG%207%2Am%2AGZL7D%20%2A4sus%2A%20C7%2CC%2A7m%2AAQyXbBXyQ%7CDC%2FbBZLF%2F%2A7m%2AG%207%2Am%2AGZL7D%20%2A4sus%2A%20C7LZ%2A7m%2AA%7CFXyQ%5D%20=Jazz%2DBallad%20Swing=60=3
574c5c15-a577-44e7-a0b2-6a22330fbfc1,irealb://Jehov%C3%A1%20Est%C3%A1%20Conmigo=CDDM==Latin=D%2D==1r34LbKcu7%2Eosor4D%2D%2C%2Aomoc%20ogimnoc%20%C3%A1ste%20%C3%A1voheJ%2096%2A%3CA%20pode4Ti%2A%5BailepCLZBbuqroP%20%2096%2A%3CB%2A%7BQ%7DyX%2DDZLA%20%2DGZLA%20e%20%C3%89l%20%20%3E%20%2E%2EFZLC%20s%20batX%2DD%7CQyX%2DG%7CQyX%2D%7CDQyX%2DG%3E%2E%2E%2EsallayQ%7CG%2Dim%20%C3%A1r%20BbLZAXyQ%7CD%2DXyQ%7D%20=Jazz%2DLatin=180=3
576bafd0-08fb-496a-900e-884b969f2214,irealb://Levantate=D%27Clario%20Christine==Rock=G==1r34LbKcu7X%2DEZL4D%2C%20E%7CQyXGA%2A%7BQyXF%7C%7D%3E%203X96%2A%3C%20%20C1NZL%2DD%2CpF%234Ti%2A%7BQyXGB%20%3C%2A69F2N%7C%7D%20%3E3X96%2A%3C%20C%201NZL%2DE%20D%7B%7D%20%3E4XXyQ%7B%2A%20C%7CQyZL%2DE%20%7CD%2CpF%20%20C%7CQyXC%7CQyX%2DEQ%7CyX%2DEZL%23Fp%2CDZL%23Q%20%7D%7BDQyXG%7CZL%2DE%20yQ%20%20TuS%20%2066%2A%3CC%2A%7B%7D%20%20%20%3E96%2A%3C%20C%3EC%2CB%2CA%20oave%3EDX27%2A%3C%20%20QyX72X3%3E%2A%3C%7CQyXFZLC%20D2N%7D%7CQyXC%7CQyXD1N%7C%7D%2066XyQ%2A%3C%20%20CB%7CQyXC%3EFXyXG%7CQyXG%3EetatnaevL%20%20QyX96%2A%3CQ%7B%7DQyQ%7CB%2D%2CB%20oT%2DXyQ%7CCXyQ%7CCXyQ%7CDXyQ%7CDXyQ%7DD%2C%20E%2DLZCXyQZ%20=Pop%2DRock=115=1
57747db2-805e-4f9e-ba0f-6338363eea86,irealb://Historia%20de%20un%20amor=Luis%20Miguel%20%28Carlos%20Eleta%2DAlmaran%29==Latin=A%2D==1r34LbKcu7%2A%5B%7D%20%294D%2D7%2C7%2DAZL7%2DbA%20%2C7%2DBLZ7%2DA%20%2C7%5ECZL7%2DB%20%20%20%28A74Ti%2A%7ByX%2CsuyQ%7CE77B%20%2C7F%7CQyX7GZLl%20cKQyX7%2DA%7CQyX9b%2CLZEsX7hBAQyX7G%2C%20F%5E%2C%5EF%7CQyX7%2DA%7CQyX97bE%7CQyX7hBSA%2A%5B%5D%207XyQ%7C7%5EC%7CQX7%5EC%7CE7%2CLZ7E%7CQyX7hBB%2A%5B%5DQXy%2C%2DAZL%2C6b%2DA%20%2C%2DAb9XyQ%20%2C7F%7CF%20%2C7%2D7XyQ%7C7%2DD%7CQyX7%5EF%7CQyX%5E7C%7CQyX7G%7CQyX7%2DDXyQ%7CB%5EF%7CQy7%5EF%7CQsusXy%7CQyX9b7E%7CQyX7hAB%2A%5B%5D%207%5EF%20%2C7%5EC%7CQA%2D7XyEZL%2C7%20%207%2DA7XyQ%7C%20la%20%2ES%2ED%3CZL%2CsuEs%20%2C7%2DAZL%2C7E%20%2C7FCoda%3EG%7CQyXsA%2Cf%2CY%5BQE7%2DbA%20%2C7%2DBZL7%2DA%207%2C%5ECZL7%2DB%20%2C7%2DDZL7LZ%2CUZ%20%2CQ%2Cus%2C%20Z%20=Jazz%2DLatin=80=1
57a0828e-939d-4520-af29-cef19e70133e,irealb://Conference%20Of%20The%20Birds%3DHolland%20Dave%3D%3DEven%208th's%3DF%3D%3D1r34LbKcu7Epp%2Cb4D-%2Cppp%2C-DA*%7BYQyXQy%7DXp%2CbEpp%2CbB%7Cp%2CFpF%2Cp%7CB5Ti*%7BDsp%2C--%2CppFbEpp%2CbB%7Cp%2CFpp%2CD-%7Cp%2CbEpp%2CbBZLp%2C%2CpLZDD%7Cp%2Cb-/C%2ClG/B%2Cp%7CG/BXyQ%20%5BT24n%20%7D%20%3D%3D0%3D0
57a9937f-e0ec-4eb1-bb2a-af3cf74934f8,irealb://Naima%3DColtrane%20John%3D%3DBallad%3DAb%3D%3D1r34LbKcu7E/7%5Eb4Bb-7/11%237A%20bE/11%237%7CBQyX7-bE%7CQyXbE/EbLZA4TA*%7B%237E%7CQY%5B*BBbB%7CQyXbB/7%5EB%7CQXy9b7bB%7CQyXbB/7%5E7b9Xy%7DQyXb/7-bBXyQ%7CBQyXbB/31bG%7CQyXBb/7%5EbA%7CQyXbB/7%5E%5DY%5B*AbB/11BQ%7CYY%7CEb-7bE/7%5EbAZLbE/117%23A%20bE/11%237B%7CQyX%20%20Q%20ZQyXbEbAZLbEb%20A77A%20bE/11%237B%7CQybXE/7%5EbAZLbE/11%23%2311/E/11%237ZL7%5EbXyQ%7CBAZL7%5EbD%207%5EbAZLEb/11%237A%20bE/11%237b%5E7%20DbE/7%5EAb%5E7%20Db%5E7LZfAb%5E7XyQZ%20%3D%3D0%3D0
575e3fc1-a24e-4b33-aa6e-179f0e7099d9,irealb://Vashkar%3DBley%20Carla%3D%3DMedium%20Swing%3DB%3D%3D1r34LbKcu7DZLB/XyQ%7CCl%7C%2Csus7Bs%20%20-%23GLZB/C%207BZLo%23C%20B/B-%20G-B44T%7B%5E7%20%20sBb-%2C%7ClB/Bb%20Db/BLZBb7altXyQ%7D%5BBbXyQZ%20%3D%3D0%3D0
576a44c4-f83d-468d-b3fc-f87e7e947f0e,irealb://Livin'%20In%20The%20Country%3DComposer%20Unknown%3D%3DPop%20Rock%3DE%3D%3D1r34LbKcu7%7CQyXx4E%2Cn%20%7CQyXx%7CQyXEZL%20nA%2CZL%20n%2CEZL%20n%2CAZLAXyQ%7C4TA*%7ByXE%7CQQ%7CxXyyXC%7CQyXx%7CQyX7%5E%7CA%7CQyXx%7CQyX7bG%7CQQ%7CxXyyX-bA%7CQyXEQ%7CEXyC%7CQyX7%5EA%7CQyX7b%7CGQyX-bA%7C%7CQyXA%7CQXyQ%7D%5ByXA%7CQAXyQ%7CEXyQ%7C%3CFade%20out%3EAXyQZ%20%3DPop-Rock%3D115%3D1
578c4fd7-492d-4155-beb0-2eb051b0ce27,irealb://These%20Things%20Called%20Changes%3DEvans%20Bill%3D%3DMedium%20Swing%3DC%3D%3D1r34LbKcu77%5EbG%204D-7bL31bA%2096-FZL9%23C7%205b7-GZL9%237G%205ZDb%5E74TA*%5B%205b7-7%20Eb7%5EA%207%5EbBZL7%5EF%207C%5EZL9b7G%205b7-DZL7%20%5D%5BD-bBZL-DZL7-7b5%20bBZL7%5EbG%207%5EbDZ3L1bA%2096-FZL9%237C-7%20EbGZL7G9-bB%207LZC%5E*%5BY%5D%2C7-%23C%2C7-D%2C-7bE%2C7-EsZL7%5EF%207BlC-9G%205b77-bEZb5%20D7E%207-FZL5b7bG%209b6EZL%2BbB%206-GZL9b9%2311L7-AZLb7-GZ1LZDbb7-DA*%5BY%5D%209b7A5%20b7-EZL%2BbE%205b7-5%20G7L1%239D%20ZL9b7ZF-69ZL7bE%207-bBZLQ%2C%5E7bG%207%5EbDZL31bA%20D-7%20GL7C%205F%207%5EC%5E7LZBG%205b7-DZL9bE%207b-BQ%5BY%5D%209b7A%207%5Eb7%239LZF%207%5EC7%5EDZLb%5E7%20A%5EEZL7%5EB%2011%237%5ECLZ7%5EG%2011%237%5EDZL7%5E7%20A%5E7BZL7%5E%2311%20Db%5E7LZC%5E9%2311%20F%23-9LZfF%23-9XyQZ%20%3D%3D0%3D0
5721a726-5f05-435d-af87-bed7246e9fa4,irealb://Fakin'%20It%3DSimon%20Paul%3D%3DFolk%20Rock%3DE%3D%3D1r34LbKcu77ESA*4E7Xy%20%3Eeuc%20lit%20pmaV03*%3CZL%20x%20ZL%20lcKQx%20%20%7D%7B4Ti*%7BlcKQyl%20LZ%3CL%20x%20ZL7%23G%20A%3ESDn%20o%20srd%20%2Cssab%20oNZQC%23XcKQyX%23G%2FW%2C%20C%23LZ%20%2CElQ%7C%2C%23F%2FW%2C%23GW%2Fs%20%2CAB*ZL-%23F%20%23CsW%2FF%23%23FZL%20%7D%20%20lc%20sW%2FGE%7CQyX7El%3E.2%20%2CQXy96*%3C1N%7C%2C%23F%2FW%2C%237XyQK%2CAl%7C%2CLQyX%7CQ%20%20%5BN%2C%23F%2FW%2C%23G%2FWs%20Al%2C%7C%23G%2FW%2C%23F%2FWs%20El3%7CXyQryXQyXXQyX3yQ%7C%3C*%20%20QyXQyX%5D%20%20x%20%3EdaoC%20la%20.S.D%20%2030%5BQ%3C*0X7ElZA%3Eitt%2C%20vox*%3CZL-%23F%20%23CZL%23C%23%20FZLxZL%23C%3Eylno%2006%20TurtGQyQyX%7C%2CG%23%2CW%2F%23F%2FWs%20%2CEl%7C%2C%23F%2F%2CW%23G%2FWs%20%2CAl%7B%5D%2C%23F%2CW%2FG%23%2FWs%20%2Cr%7C%3C*06XyQ%20Vamp%3EXyQ%20%7D%7BlE7XyQKcl%20%20%7DfE7b9%2311XyQZ%20%3D%3D0%3D0
57887607-a59c-4f60-b5e5-82ac99d34446,irealb://My%20Favorite%20Things%201%3DRodgers%20Richard%3D%3DWaltz%3DE-%3D%3D1r34LbKcu7L7%5EGZ4E-7L7-AZLxZLxZLxZL%5E7CZL%20%7Cr%20ZL7-%23FZLZD7L3TA*%7B%5EAZL%20ZG%5E7L7-%23FZL7%5EEB*%5B%7D%20b97BZL7h%23FZL7%5ECZLZ%20r%7CL7%5ECZb7BZLZxLZxL7%5ECZL7%5EGZL7%5ECLZ7%5EGZL7DZL7-AZLZF%23h7LxZL7CZL%20lCE-7X7-E%7CQyX9b7B%7CQy7Xh%23F%7CQyX%2Ch%23C%7CQyXyQKc*%5B%5D%209-A%7CQyKcl%20LQyX7%5EGZL%20lcKQy7XAZL%20lcKQyX7%5ECZ%7CC%5E7XQyX7%5E%5EC%7CQy%7CD7XyQyX7%5EC%7CQyX6G%7CQXy7%5EC%7CQyX6GC*%5B%5DQ%7CG%5E7XQyX%2C77XyQ%7CF%23h7XyQ%7CB7b9XyQZ%20%3DJazz-Medium%20Swing%3D100%3D3
5753df09-d3af-499b-96d6-1c2194f82ee6,irealb://Interplay%3DEvans%20Bill%3D%3DMedium%20Swing%3DF-%3D%3D1r34LbKcu7cKQyX-6XyQ%20lcKQyX7-bBZL97bFppZL%20x%20ZL%20lcKLZF-6F44T%5Bl%20LZDb7XyQ%7CC7b9XyQ%7CF-6XyQ%7CGh7%20C7b9%20Z%3DJazz-Medium%20Swing%3D100%3D2
577b6503-d889-45d8-ac82-0131f3144e67,irealb://On%20Green%20Dolphin%20Street%3DKaper%20Bronislau%3D%3DUp%20Tempo%20Swing%3DEb%3D%3D1r34LbKcu7QyXbE4Eb%5E7QyXbE/7FZL%20lcKyQX7-bEZL%20lcKQyX%7CE%5E7/4T%5BA*bAZL%20XyQ%7CCX7%5EbE%7CQyXtla7b%7CBQyX7-F%5BB*%5DQyX7yQKcl7%5EbE%7CEZL%20l%7CDb7a7%5EbE%5BA*%5D%207bB%207F-%7CQyX7%5EbG%7CQyXtlXyQKcQyX7--F%5BC*QKcl%20C%7CQyX7%5EbE%7CQyXb/E7%5EE%7CQyXbE/7FZL7XyQ%5DyX7-bZL7C%20/EbLZ9b7D%207hAZLbB/7C-%207-CZL9b7G%207hDLZG-77-F%207F-7%20Bb7LZEb6XyQ%7CF-7%20Bb7%20Z%3DJazz-Up%20Tempo%20Swing%3D240%3D2
57e535c6-9538-4522-934a-fb80374841cd,irealb://Wave%3DJobim%20Antonio-Carlos%3D%3DBossa%20Nova%3DD%3D%3D1r34LbKcu7%7CQyX64D%5E7XX7%5EG%7CQyX9b7D%7CQXy7-A%7CQyX7obB%7CQyyQ%7CG-4T%7BA*7G%207-F%237b1%207-DZL7A%207bB%7CQXy9EZL9b7B%209BZL3G7LZD%2031%23FbB%7CQyG-7/B-FZL%20lcKQyXA/7F%5E%7CQyXbB/7C%7CQyXb7/AbX%5BB*%7D%20QyX7-yQ%7CEb7obB%7CQyX7%5ED%5BA*Q%5DyX9b7A%7CQyXG/7%5EXyQ%7CAXbA/7QyX9EXyQ%7CGB%209BZL31b7%23F%203%231F%7CQyX6-G%7CQyX7%5E7b9LZ9b7D%7C%7CBb7%20A7LZD-7%20G7LZUD-7%20G7%20Z%3DJazz-Bossa%20Nova%3D140%3D2
5752af07-f8b5-4ca0-86b3-bca719a1784b,irealb://Sweet%20About%20Me%3DCillme%20Gabriella%3D%3DMedium%20Swing%3DC%3D%3D1r34LbKcu7ciov%20Q%7CEXymrah%20.....%20esnri%3C%5DQyX%23C%7CQyXB%7CQoniseyX%23C%5Be%20on%20learned%20E%20Eb%20Db%3E%20%3D%3D0%3D0
57a3e0e0-dd1d-4655-b8d4-f56cc84e5f33,irealb://Afternoon%20In%20Paris=Lewis%20John==Medium%20Swing=C==1r34LbKcu77%2DD%7CQ4C%5E7XAZL7bE%207%2DbB%7CQy7X%5EbBZL7F%207%2DC%7CQyb%5E7Xy4T%7BA%2A%5BB%2A%5D%20LZN1CyX7%5EC2NZL%20QyXQXy%7D%207G%207%2DD%7CQyX7%5EQKcl%209%237G%20%2D%23C%287Q%7CG7XX7G%7CQyX7%2DD%7CY%7CQXy7A%7CQyXE%2F7%5EC%7CQyyQ%7CC%5EyX7%2DD%207%2DbBF%237%29L%5EbBZL7F%207%2DC%7CQy7X%5EC%5BA%2A%5D%207G%207%2DDZ7XyQ%7C%28%20%20%297Eb7LZAb%5E7XyQ%7CD%2D7%20G7%239LZC%5E7XyQ%7CD%2D7%20G7%20Z==0=0
5711ffb6-19f8-474a-8f9d-d6b381c507e6,irealb://For%20You%2C%20For%20Me%2C%20For%20Evermore=Gershwin%20George==Slow%20Swing=Eb==1r34LbKcu7%2DF%7CQyAEb%5E7yX7%5EbEZL%20x%20ZL7Bb%207%2DF%7CQyX7F%7CQyXQ%7CF7X%2A%5B44TyX7%2DCLZ%20x%20bAZL7bE%207%2DbB%7CQXy7bE%7CQyX7%2DbB%7CZL6XyQ%7C7bB%2077bB%207yQ%7CB7X7F%7CQyX7%5EbEB%2A%5B%20%5D7bB%20%2C5%237bB%7CQyXyQ%7CF%2DX7F%7CQ%7C7C%2C7%20LZBb%5EbE%7CQyX7bD%7CQyXb6A%7CQyX7bE%7CQyX7%2D7%20sG%2D%2Cx%20ZLyX6bEBb7LZ%20bB%2F6bE%7CQyX7%2DFQ%7CyX7FZL7%2DC%207%5EbEBb7LZ%207%2DFlQ%7CF7%20Bb7%20Z%20==0=0
571f3548-42d9-452e-886d-b577a8e7c0b3,irealb://Sippin%27%20At%20Bells=Davis%20Miles==Medium%20Up%20Swing=F==1r34LbKcu77%2DbB%7C%5E7XyQbBZL7B%207%2D%23FZL7G%2D%207%2DAZL7bB%207%2DF%7C%5E7XyQF44T%5B7bA%207ZA%2D7X%2C7%23F%207%2D%23CZL7C%20%2D7GZL7bD%207%2DbA%7CQyQLZA%2DL7bE%20F%20sol7%20Gb7QyXQyXZ%20%20lcKQy6XFQ%5BY%20%20QyXQyXZ%20%20%20%3CSo%5EbDZL%20Blues%3E%20==0=0
57bb1ba2-b814-4c7b-8d1a-f92755cf9aa8,irealb://Yes%20And%20No=Shorter%20Wayne==Up%20Tempo%20Swing=D==1r34LbKcu7%20x%20ZL4D7su%20lcKQyX7%5EDZL%20xZ%20L%20x%20ZL%20lcKQyXsLZ%20x%204T%7BA%2AX%7D%20%20%3E%20D7LZlcKQyX7%2DEZL%20lcQKyX7%5EbBZL7F%207%5EG%3CFine7%2DAZLX7CZL%20%20%2AB%5ByX7%2DGZL%20lcKQyXb97DZL%20lcKQyX7hAQKcl%20QyXQy%20%207%2DA%20LZF%2DKQyX7%5EbEZL%20lcKyQX7bBZL%20lcKQyX7cl%20LZlcKQy%3CD%2EC%2E%20al%20Fine%3ELZD7%20%20%20Z==0=0
57d0e7df-87a2-472e-beb7-dd17c97d4dee,irealb://Este%20Seu%20Olhar%20%23%3DJobim%20Antonio-Carlos%3D%3DBossa%20Nova%3DE%3D3%3D1r34LbKcu7%23F%203124BbhXoG%7CQyX%23G%2F%5EE%7CQXy6-A%7CQyX%3E6b96*%3CyQ%7CF%23Ti*%5BY7%23C(oZF%23-7%5EESA*%7BYY%5DQyX9%5E%7CFQyX9%5EEZL9b7B%20%2CXyQ%7CFL31b76-A%7CQF%23-7XQyX5%237%23G%7CQyX7-G%23%7CQyX)7%23D(oG%7CQy%7CA%5EXy%7CQyX)9%23C%7CQN1E%5E%2F%5EE%7CQyXA%2F7B%7CQyX-7%23F%7CQyXoG%7CQyX%23G%2FG%23XyY%7CQyX%7CQyX%23%23-7Xy%7CQyXoG%7CQyX7-%23GN2%7CYY%7DQyX31b7B%7CQB-7%2FFF%7CQyX1%23FQ%7BQ%7CQF%23%5EF%7CQyX%5EEZL9b7B7%20-%23FZL31b7%23F%2031XyQZYyX7oF3%20F%237b13LZF%23-7%20fB7b9LZfE%5EXyQZC%237XyQ%7D%20%3DJazz-Bossa%20Nova%3D70%3D10
578aeb3a-cd50-4667-8b62-2b1fd18e3215,irealb://Hino%20ao%20Pavilh%C3%A3o%3DGRES%20Mocidade%20Alegre%202016%3D%3DSamba%20Enredo%3DD-%3D5%3D1r34LbKcu7%5EF%7CQy%3C*71%20yX-G%7CQyX-D%3E..oh%C3%A3livap%20ueM%20!hO%20Q%7CC7X44T%7BY%3Ex527Ah%20D7%20-DZL7A%2031bBZL-)G(%20%20)7%5E-G(-GZLA7%2C%3C*ZL6F%20XQyXQ-XyQ%7CQyX06*%3CQ%5BY%5D%207A-%20DZL7A%20hE%7CQyX-G%20%201XyD%5BY%7D%20yX7A%7CXyQXy%3E3%20%20QyXQyXQyXQXyQyXQyXQyX5QyXQD-XyQQyXQy%20uem%20XyQZX%20%2Co%C3%A3hlivap%20ueM!%20hO%20%20QyX45*%3C%20Qyenche%5EDf%7CQ%20em%20%2C%20de%20ednil%20%C3%A9%20%2Crarig%20xeieD72*%3C%20%3Eo%C3%A3%C3%A7omo%20verotiepQyXQyho%20deQyXQyXQyXQyXQy%3EX)2X%20(%20QyX%C3%AAcov%20%3C*54XlugroetrA3-se%20ara%C3%A7nemoc%20iav%20whos%20o%20sanitroc%20s%3E%20%3C*3merbA6*%3CQyfasciyXQyXQyX%3Era%C3%A7na%20ded%20ota%20o%20%C3%A9%20%2CanQXyQX%20euq%20%20%3Eo%C3%A3%C3%A7yQDup%2Cainomrah%20%2Co%C3%A3hunmoc%20me%20ecaf%20al%20seduXQyX0QyXQyoniv%C3%AAiab%20on%20azeleb%20%20%C3%A9%2Crahlo%20on%20aicnlar%3EXC63*%3CodnajQXyQ%3C%20%2Caiseop%20etnemeslpmiSQyXQyX75*esbanyXQyX%3Eo%C3%A3xiatia%3Enim%20%2Co%C3%A3%C3%A7aroc%20or%20aslup%20zaF03*%3C%20ha%20papmis%20dadicQXyQXetnemasotiepseQRyXQyX47*%3CQyXQy%20%C3%A9%20MoyXQyXe%20o%20meu%20pavilh%C3%A3o%3E%20%3DLatin-Brazil%3A%20Samba%3D200%3D3
575e5ce4-f4f5-4127-8dc2-332959de9266,irealb://A%202bar%20%2D%20B%20%2D%20MixedMin251%20Rootless=JonBlanckMusic%2Ecom==Medium%20Swing=C==1r34LbKcu7%209b7GG%2D7b5%20ZL%209b7B%20ZL%20x%20LZ%2096%2DD%20ZL%20x%20ZL%20x%20LZ%20%2044T%5BE%20ZL%20LZ%20F%2D9b7A%20ZL%20x%20ZL%209%2D6bE%20ZL%20x%20ZL%205b7%20LZ%20x%20x%20ZLx%20ZL%20Z%20x%20L%20ZL%20x%20ZL%205b7%2DDZ%20L%20x%20ZL%205b7%2DE%20ZC%23%2D69L%2096%2D9b7C%20b7b9%20ZL%2096%2DC%20ZL%20x%20Z%20L5b7%2D%23F%20ZL%20x%20ZL%20x%20LZB%20ZL%20%20LZ%20x%20LZ%20F%2D69%20LZ%20x%20LZ%20Eb%2D7b5%20LZ%20x%20LZ%20Ab7b9%20LZ%20x%20%20Z%20==0=0
57b35e51-0304-482b-94fa-8c0af2abd4e3,irealb://Me%20Deixa%20Em%20Paz%20(Nascimento)%3DNascimento%20Milton%3D%3DSamba%3DE-%3D7%3D1r34LbKcu7rQyXZ4G%2B%2FEQyX7-EA*%7BY%7D%20Qy%7CXrQyXZL%20lcKQyX%2CKcl%20L4Ti*%7B%7CQyX7ZE-7XyX7-A%7CQyX7-EZLyQX%7CrQyXZL%20lcKQyQ%7CG%23-LQyX%7CyXQyX%7CF%23-7KQyX7-E%7C%7DQyXx%7CyQX7-E%7CQyX7B%7CQyXcl%20%20%5DQyX7GCZL7-BA-7L%7D%20%2C7-EZLxZLxZL%5E7G1NZLxZL7DZLxZ%7CN2G%23*%7B%20%20Q-AZL%20%23-7LZxZL7-AA*%5B%5D%20%2C7DLZ7AZLxZL7-EZL7BLZ%20r%7CFZL7%23x3%3CxZ%5DXyQ%20L7EZL7-BZL7%23FZ7L-%23CZL7-DZL7-A%7BZA-7L%20xZL7%3E%20%7D%20%3DLatin-Brazil%3A%20Samba%3D200%3D0
579adedb-714c-45c9-aae9-a9d30fccd26b,irealb://Blue%20Train%20(RBB)%3DAllen%20Dave%3D%3DBluegrass%3DF%23-%3D9%3D1r34LbKcu7%20ttaMhe%20Re%7CdranoeL%E2%80%A2laH%7CkooB%20ssargeulB%20laArr.%20T45*%3CP%20ciser%2F%2F(A%2FynoS%20%20QyX099%201%20QyX)tsaF%20.deMTV%20MunnilF7%23CZLLC%20%3EXZLx%7Cp%2C-%23F44Ti*%20%5BQyXQyXQyXQyXQyD%2Cp%7CxL%20.bup%2CEZLZF%23-%2CZLx%7Cp%2CEZLx%7Cp%2CDLZx%7Cp%2CESv*%7B%5D%20x%7CpD%2Cp%7CxLx%7Cp%2CZLxZL%2Cp%7CxLZL7%23CZLxZL-%23FC%5B*%7D%20xZLxZLx%7Cp%2CAZxLZB-DZLx%7C%3EolosxLZF%23%5D%20xZL-%23FZLxZL7C%23ZLQxZL7DZLxZL-%7B%3C*72ZL7%23CF%7D%20x%7CLZD%2Cpx%7Cp%2CDZLx%7Cp%2CEZL%7Cxp%2CDZLx%7Cp%2CEZLx%7CLZA%2Cpx%7Cp%2CEp%2C7DZxLZC%23%2C7-%23FsZLx%7Cp%2C7%23ZCLx%7Cp%2C-BZLx%7Cp%2C7lp%7CxL%7Cp%2C-%23%2C7%23C%7C%237%2Cp%7CQ%5B%20%20%5D%20%3EadoC%20la.%20S.D%3Cx%7Cp%2C-%23FZLxC%237%2CpCZLx%7CDZLx%7C%2Cp%7CxL%7Cp%2C7%23C%7Cp%2C7%23CZL%7Cxp%2C-BZLx%7Cp%2C7%23CZF%23-%2Cp-%23F%7Cp7%2Cp%7CxLZC%237LZxLZF%23-%2Cp%7CF%23-7LZxLZxLZxLZxLZxLZx%20Z%20%3DPop-Country%3D180%3D1
578e58cb-f4f0-46f3-b4e1-74f2cca5eb95,irealb://I've%20Endured%20(RBB)%3DDavid%20Reed%20%7C%20Ola%20Belle%20Reed%3D%3DBluegrass%3DG%3D7%3D1r34LbKcu7%20ttaMhe%20Re%7CdranoeL%E2%80%A2laH%7CkooB%20ssargeulB%20laArr.%20T45*%3CilbuPer%2F%2F(M%20maertsdiM%20%20QXy4791%20%20QyX).deMusic%20nnilFCZLp%20%20%3EXyQ%20ZL%20x%20ZLp%20G44T*v%7B%20QyXQyXQyXQyXx%20LZCsrehs%20ZLp%20x%20LZ%20CZL%20x%20ZLp%20CZL%20%20xZLp%20GZL%20x%20ZL%20x%20pLZG%20ZLp%20os96*yQ%20%5B*Lp%20DZLp%20CZL%20x%20LZp%20GZL%20x%20ZLp%20CCZN1G%3CX%5D%20%20x%3C%5B%5D%20%20er%20fo%20G3N%7D%20%20x%20ZLp%20GN2%7C%7D%20%20x%20ZLp%20%3E%20mrpLZ%20xvo%20ol*69Tag%3A%3EC%20pLZ%20x%20LZG%20pLZ%20x%20LZC%20pLZD%20xLZG%20pLZ%20x%20%20Z%20%3DPop-Country%3D180%3D1
57d75cad-a771-43b2-bca3-f26592d7c2b4,irealb://Caminito%20%20-%20%20T%3DJ.%20de%20Dios%20Filiberto%20%2F%20C.%20C.%20Pe%C3%B1aloza%3D%3DTango%3DE-%3D5%3D1r34LbKcu77C%207%234E-%20B7BZL7C%20-A%7CQyX-%7CAQyX7E%7CQyX-EZL7XyQ%7CF4TA*%5B%207h%23FyQ%7CE-E%7CQyX-A%7CQyX-A%7CyQX7E%7CQyX-EZL7B%20-XyQ%7CX7BZLyX7BB-%20C%237XEZL7B%207-%23FZL7C%23%20EZL7B%207-%23F%5B%5D%20yQ%5D%5B*EZL7BcKQyXLZEXylcKQyXE%7CQyX7B%7CyQX7-%23FZL7%23C%20E%7CQ%20LZB7%20lcKQl%20LZEXyQ%7CE%20C%237LZF%23-XyQ%7CB7XyQ%7CUEXyQZ%20%3DPop-Slow%20Rock%3D45%3D3
57bee212-fbb7-4ae0-a75e-8bd1d31ce890,irealb://Cancion%20Desesperada%20%20-%20%20T%3DE.%20Santos%20Discepolo%3D%3DTango%3DB-%3D0%3D1r34LbKcu7%23FZL74B-XyQyXDZL7A%20-E%7CQy-XB%7CQyX7GZL%20lcKQ%7CE-%20G4TA*%5B7%23F%207B7XyQo%23GZLA%2F-B%20-B%7CQXyD%7CQyX7A%7CQyX-E%7CXyQ%7CG%7CQyX7KQyX7yQ%5D%5B*lcKQyX-EZL%20x%20Z%20Lx%20ZL%20lcKQyX-BB%20LZF%23X-BZL%20ZL%20lF%237Xy7B%7CQyX-B%7CQyX7%23%7CFQyX7h%23CZL%20lcKQXyQKcZL%20lcx%20LZE-XyQKcl%20LZB-XyQKcl%20LZC%237%20F%237LZUB-XyQZ%20%3DLatin-Brazil%3A%20Samba%3D110%3D3
577b1f31-ae25-4059-8e90-0b92452d475d,irealb://Flor%20De%20Lino%20%20-%20%20T%3DH.%20Stamponi%20%2F%20H.%20Exposito%3D%3DTango%3DG-%3D8%3D1r34LbKcu7ZL7FZ4%2ClAhLxZL-CZL7GZL7hZDLxZL7-GZL7DZL7ZC-7L3TA*%5BGZL7hEb%5ELZL7-GZL7DZL7hAZxLZL7DZL7bEZL7hAZxLZDZL%5EbBL7EZLLZxLZ%20nZL-GZL7DZL7hZALxZL-GZL7DZL-C%5D%5B*BG-CZL7GZLxZxLZD7ZL7DZLxZL-AZLoBbZLGZLxZLGZLxZLxLZGLZL-AZ7-AZLZA-LZZL-CZLCZLD%2F-EZ-LEZL7BZL7h%23FZLxGLZE7L7EZLLZD7LZU%3CFin%3EGLZn%20Z%20%3DJazz-New%20Orleans%20Swing%3D110%3D3
5700bae9-ad1a-4208-ade4-6e0d0a65284b,irealb://A%20Little%20Respect%3DErasure%3D%3DPop%3DC%3D0%3D1r34LbKcu7A*%7B%5D%20*66%20iCZLsusC%20CZLsus%20CCZLsusC%20C%3Eortn%20Csus%3C44T%5BusE%20E%20VersG%20GZLsusG%20GZLssuC%20CZLsusC%20C%3E%20esusLZ%2017*%3CC%3EsurEsusLrP%20%20QyX17*%3CS%5BZsLusF%20FZLsusF%20FZe%20cho%20EZLsZLG%20sLZC%20CyX-A%7CQyXFZLsus%20GGZLsusG%20GZLsusQ%7CGsususC%20cKQyX%20%5D%5B*BcKQyX7-AZL%20lcKyQXC%3EsurohC%2047*%3Cl%20LZFG%20G%2FC%7D%20sus-XyQ%7CsusC%20CZLsusC%20CLZsusC%20C%5B%5D%20Q%2CG%20FLZC%20CEZL%20lC%20%20QyQKcl%20B*Q%5B%5D%20%3EadoC%20la.%20S.D%3C%20lcKQyXGZL%3C*71XyXbB%5BZ%20G%20F%20%3ECXyEZL%20lcKQyXFZL%20clKQyX7-AZL%20lcKQ-XyQ%7Csuroh%2CC%7B%2C2Outro2C%2CC%7C%2C2C%2CC%7C%2C2CC%2C%3Etuo%20edaf%20dna%20%2C%7CC%2CC17*%3C%7CCsus%2C%7CC%2CCsus%2C%7CC%2CCsus%2C%7CC%2C%3C3x%3ECsus%7D%20%3DPop-Rock%3D114%3D1
57252a35-8e33-4c83-8fae-a3753c798bfd,irealb://Maggio%20Se%20Ne%20Va=Daniele%20Pino==Medium%20Swing=A%2D=3=1r34LbKcu7%207A%20ZA%2D%20LZZL%20bB%20ZL%207E%20ZL%2D%20A%20ZL%20bB%20ZL%20%2DD%20%20D%2D%20L%2044T%5B%20F%20ZL%20LZD7%20%2DA%20ZL%207E%20ZL%20%2D%20GZLQyXZLQyX%7CQyXLZXyQbB%20ZLXZLQy%20LZ%20EE%20%7CQyX%2DAZL%20bB%20LZ%20%2DC%20ZL%20%2DA%20ZL%2077%20LZXbB%20ZLXZLQyyQLZXXZLQyXZLQyXZLQXyZLQyXZLQyXZLQyyQLZXXZLQyXZLQyyQLZXXZLQyXZLQyXZLQXyZLQyXZLQyXZLQyyQLZXXZLQyyQLZXyQLZXyQ%20Z%20=Jazz%2DMedium%20Swing=100=3
570b08ce-24f5-4bca-bc80-1bdf9250f9ba,irealb://G%C3%B6zlerinin%20%C4%B0%C3%A7ine%20%28Beklenen%20%C5%9Eark%C4%B1%29%20-2-%3DZ.M%C3%BCren%3D%3DNihavent%3DC-%3D%3D1r34LbKcu7n%20---68C-%20yX%3C-Cf%20bAZLG%20-ZCL-C%20GZL-C%20GZLGQXyQ-TQD*%5BS%3Cf%2C---%3ELZGs%3Elll%20%20QyXl%20%20yQXl%20%20QyXl%20%2096*%3C%2CAb%2CA--%203orirevt%3EBb%7CyXQyX%3C%20bBl%3E%20%20...l%C4%B1san%20QyXQyX%3C%20QXyQ%20sebreg%3C%20-G%20x%20LZ...ribQyX%3CZL%20b%20B%3E.....inesQyX%3CXyQ%3E%20ZL%3EmibA%3Eza%3ELZ%20x6*%3C%5B%5D%20%20-G%3E...eel%3C%20ZL%20%3E%C4%B1cnabay%3C0%20A.S...n%C3%BC-C%20-FXyQXy-FZLE/C%20-CZLG%20C-ZLG%20-C%5BQyXQyXQ%20C-LZ%5B%20-C%20L%20-F%20C-LZ%20-FZL-C%20-FZL%20-C%3E%20%20%3CB*%5B%20QyX%5B%20%20-C%20C-LZ%20bAZLLbAf%20LZG%20C-C%20G%3ElaniF66*%3CLZ-C%20GZL-F%20bAZL-LZfF--C%20GZZfG%20fUC-%20Z%20%3DPop-Rock%2012/8%3D58%3D1
5743c3b1-f5de-4bce-8b09-07cfd762ba1e,irealb://Extraordinario%3DSheila%20Romero%20%28Jotta%20A%29%3D%3DBallad%3DG-%3D%3D1r34LbKcu7bE%7C%2CFCBbAFF%7C%2CE/C%20bEZL%2CD/Bb%20%2C-G44TA*%7BQyX%3Esus%2C%20D60*%3CC1N42susLZ/G%20-EZL-C%2CGZLG-/C%20GA*%7B%7D%20%2CD/C%2CGB%2CLZTG%7C%2CD%20QyXD444DsuusD%20E/C%7C%2CD%20CZL/BG%207-A2N%7C%7D%2CD%20%2CssLZT2TZL%2C-F%20%29A/Pre%20cF%7C%2CE/C%20%20%29G/bE%28EbZL%2CD/bB%20-G%3Eorosus%28F96*%3C%7BbE%28bE-%20DsuB%2CbB%2CA/F%29-G%28-G*B%7B%20D%20susD2N%7C%7D%20sb/D%2C%7CC1NZL-bAZL%2CBb%2C%7C/bA%3EoidemretnI69*%3C%7D%2CD%20susDZL%20FC%20Db--G%2CF%29bEEQyEbsus%20%2C%23G/%23F%7CQyX%23G/ZEL%20-%23GC*%5BZL%2CbE%20%3C*03X%20%2CbE/-%23CZLBbAbGL%20%2CEZL%20-%23GZL%2C%23%2CA%23D%2C%23A%20%2C%23CZL%3EbEZF%23%2C%20BbDbDL%20E%7C%2C%20:AbG%23G%3E2%2096*%3CB*%5BZL%23%20DZL%2C%23D%3E:bBBbEE-%20%20D%23QyX%3C%20%20%2CsusZD%23su%2C%23A%20%23FZL-%23G%2C%23F-%20%23G%7C%2CB%20-C%7C%2C%23D%20s%20LZD%23L%20%23FZ/GZL%2071Sub%20%3C%2CA/FZL%20-A%3E3%2069*%3CB*%7B%2CE%20susE%3Ee%20ABC%3E*%3C%7C%2CD/-D%7C%2C%29%3CGAB-D2N%7DQyXE1NZL%29/EG%28%20%3EbAEDFEDFGA%2C%20F/CF/G%28BB%2C%20E%2C%7CF%20LZGLZAsus%2C%20LZA%20Z%20%3DJazz-Medium%20Swing%3D100%3D3
57a4d4c9-8c3c-4215-9c0b-4d47802968de,irealb://De%20Todas%20As%20Tribos%3DVencedores%20Por%20Cristo%3D%3DMedium%20Swing%3DD%3D%3D1r34LbKcu7X%2CD%2FG4DXyQD%2FAQyXD%7CQyX%2CD%2FQAyX%2CD%2FG%7CQyX%2CD%2FA%2CXyQ%7C4TA*%5B%7CQyX%2C%2CXyQ%7C-E%7CQyX%2CD%2FAQyX%2C%2FDG%7CQyX%2CD%2FAQyX%2CD%2CXyQCD%2FAQyyX%2CAQA%2CXyQ4TB*%7BYY%5D%20QyXxQXy42TZLQyXQyX%2CA%7C4D%2CXyQyX%2CGQ%7CG%2CXyQXyQLZB-%2CXyQF%23-%2CXyQ%7CG%2CXyQA%2CXyQ%7D%20%3DPop-Rock%3D315%3D3
57f474ed-c872-4913-98b4-571be70c747b,irealb://Ele%20Tem%20Ciumes%20De%20Mim%3DCulture%20Jesus%3D%3DMedium%20Swing%3DC%3D%3D1r34LbKcu7CXyQ%7CA-XyQ%7CGXyQ%7CF%5E9XyQ%5D%20%3D%3D0%3D0
57be835d-fb31-447f-b89a-d4cc5ee59a7c,irealb://O%20Xote%20Das%20Meninas=Gonzaga%20Luiz==Xote=E%2D==1r34LbKcu7QyX7D24%3C%2A7E%7CQyX7B%7CQyX%2DE%7CyQX%2DA%3E861%20mpb%20%201%2DXyQ%7CTi%2A%5BYQyXC%7C%7CA7%20DQyX7GZL%20lcKQyXG6SA%2A%5BY%5DQyX6GZL7%7CCXyQQyXG%7C7B%20%2DA%7CA7%20D%20%20n%2CGZL7D%207A%7CQXyG%7CQyXC%7CQyXGZL7%5DY%7B%2ABQyXG%7CL7B%20%2CyQ%7CXyn%2C%2DE%7CQyX7B%7CQyXZGL7D%20%2DEZLQyX%7CrQ%20LZA%2DX%2DEZL7%2A%3C%5BYQ%7CA%2D%20%7CrQyX%7CQyX%2DEZL7%20B%2DA%5B%7D%20%20n%2C%2DEZL7BXyQ%20%5DyX%2DEZQyX%2DEerludA%3E%2D%20ortni%20sa%20eams%20%2D%20%29%2Ertsni%28%20e%2DXyQ%7Ctni%2046G%3EadQ%7CE%2DX%20%2ES%2ED%20%3CZLQ%2C7D%20A7%7CQyXG%7CQyX7D%7CQyal%20CoyX7B%7CXyQ%5DYXyQXyQXyQXyQ%7CQT24GLZfUG6%20Z=Latin%2DBrazil%3A%20Bossa%20Electric=168=1
57a6c087-738c-46fd-a556-019d9beae2cb,irealb://Rock%20'n'%20Roll%20Suicide%3DBowie%20David%3D%3DRock%3DC%3D%3D1r34LbKcu7%7CrQyX44%3C*7%7CQyXC%3E)leef%20teplirt(%2046%20mpb%20%204GXyQ%7CTi*%5BYG%20CZLY%7B*ACLG%20-AZLG%20FZLG%20A-ZLG%20F%7CQyXE%7CQyXZF%2Cn%20%5D%20QyXB*%5BY%5DyQ%7CEXZLD%20FZL-A%20EZLGF%20ZLG%20-AZLG%20F%7CQyG%2Cn%20%20XC%5B%7D%20L-%23D%20AXyQ%7C%20-%23AZL-%23D%20BZL-G%23%20-%23CZLQyX%7CrQyXC%23LZB%7CQyXCX%7CrQyC%23LZT%23C%7CQyX%23A44TC*%7B%20Y%20QyXQyX%5D%20%20np42XyQ%7CX%20-%23AZyQ%20%7DY%5B%3C*74%20outro%3EA%23XyQ%7CC%23%20F-LZC%20F%23LZUC%23%20f%20%20Z%20%3DBlues-Slo-Mo%3D64%3D1
57a02641-b43c-41c3-83d0-2db69a575bf6,irealb://Naquele%20Tempo%3DPixinguinha%20E%20Benedito%20Lacerda%3D%3DChoro%3DC%3D%3D1r34LbKcu7%2C7AZL7%2C%20LZL%20%2C-G%7CQyX%2C7DZL%2C%20-DZL%20%2C7AZL%20%2C-DZE7%2C%20A42T%7B%7D%20-D1%2C%20LZD7E%20-DZL5b7-E%20-ZGL7DZL-DZL7AZL-%2CQLZN7AZL%20%2C7G%7CQLZ%7B*BZL%20%2C7AZL%20%2CFZL%207%2CCZL%20%2C-GZL7D%20%2CFD-%2CXy-D2N%7CZL7C%20%2C%20LZFD%20%2CFZLbD%20-bBZLD-ZL7AZL-GZL7D%20%2C7LZG-7CZL%20%20DC*%7B%7CN2F%2C%20%2C-D%5BQyXQyX%7C%5D%20a%3EdoC%20la%20.C.D%3C%20%20Ab7%2C%20%7D%20F1NZL%20%2CD%2CLZD%2CZL7A%20DZLDZL7AZ7LAZL7EZL7EZL7B%20D%2C%20LZDZL7A%20%5D%20%3Ea6LZD%2Ca%20.C.D%3C%20%2CD2N%7D%201DNZL7A%20%2C7EZL7B%20l%20Cod-GZLG%5BD-%20Z%20%3D%3D0%3D0
57240100-bc43-483e-a1cb-af526d565428,irealb://Samba%20Dobrado%3DDjavan%3D%3DBossa%20Nova%3DDb%3D%3D1r34LbKcu7QyX7-4Db%5E7x%7CQyX6bD%7CQyXx%7CyQX7%5EbG%7CQyXx%7CQyXXyQ%7CF4TA*%7BX7bE%7C9XyQ%7CB%7CQyX7-F%7CQyX9bb7C%7CQyX5b7-GB*%7BYb7XyQb7bB%7CbC/A%7C7XyQ%7C/A2NZL%20QyXQyX%7DyQX9bD%7CQyX7-bA1NCbXyQbA%7CQyb7bB%7CEb%3C*6bD3NZL%20QyXQyXYLZ%3EeniF%20la%20.C.D2%5E7XyQ/bB%20%2Cb7-Gl*CEb7-bBl%7CQyX9%237Cl%7C9%2C%5EbDs%20%209%237D%7CQyX9XyQ%7C%7CQyX57-%23D%7CC7b9X%23C%7CQyX7%5EED*%7BY%7CyQX9B%7CQyX7%5E%23F%7CQy-7XyQ%7CQyX5%7DQyX9%7CG%237b%7CQyX5b7-C%7CQyX7b-B%7CQyX7%5EbD%7CQyX9N1F7bQyX5bXyQXyQXyQXyQ%7CN2F7b9%20G%237%20Z%20%3D%3D0%3D0
57219b7c-31aa-4d10-87f2-9cc8d4696dee,irealb://Actual%20Proof=Hancock%20Herbie==Funk%20Jazz=C%2D=3=1r34LbKcu7%E2%82%86%E2%99%ADQyX44%3C%2A7%2A%3C%20bB%2F9%2DC%3E%E2%99%AAQyXQ%E2%99%A9yX%E2%99%A9QyX%E2%99%A9QyX%E2%99%AA%20%20163XyQTi%2A%7BYB%2FWs%3E%E2%99%AE%E2%82%86XyQ%20QyX%E2%99%A9%20QyX%E2%99%AB%20%2017%3C%2AZL%3E%EF%B8%B6QyX45%2A%3C%20%3E%E2%82%86%E1%8A%95%2E%20%20%E2%99%AA%20%20QyXyX%3C%7Cpp%3C%2A54%20%20QyX%E2%99%ABQyX%E2%99%AB%2017%2A%7C%3Cp%3E%E2%81%B6%C2%B3%20%20%E2%81%B6%E2%81%B6%20QyX%C2%B3%20%E2%94%81%3Eppp%2CC%2FW%2C%3E%E2%86%92daem%2025296%2A%3CA%2A%5BY%7Dp%3Ex83%2A6%3Cpp%3E%E2%94%81QyX96%2A%3Cp%3EXyQ%20hpb%20%20Q%20%20QyXBb%2C%20%3CX%E2%99%A9%2017%2A%3CZL%3E%E2%99%A9%2017%3C%2A%20%3E%EF%B8%B6%20%20QyXQyX45%2AyQ%20%20%E2%99%A9%2F9%2DCl%3Cp%7Cp%3EB%2CW%2FC5%2A%3Cp%3E%E2%99%AA%20%E0%B8%AF%20%E2%99%AB%2017%2Ap%3Cp%7Cpp%3E%EF%B8%B6QyX45%2A%3C%2C4XyQ%EF%B8%B6%2FWs%3E%E2%99%A9KQyXbck%E2%86%92%3EpbEl%7C%2Cp%3E%E2%99%A9%20%2096%2A%3C%3Ep%EF%B8%B6QyXQyXQyX15%2A%3C%2D11%2FBik96%2A%E2%99%A9%2017%2AA7%239%23%20QyXQyX45%2A%3C%20su3s1A%7CQyX31A%7CQyX5%20%EF%B8%B6%3E%20%3CZL%20lc%20%3E%E2%99%AA%20%E0%B8%AF71%20%E2%99%A9X%2A%3Cx%20ZL%20%3E%EF%B8%B6QyX45%3C%2Ax%20%3E%E2%99%A9%20%20QyX%E2%99%A9%20%20Qy71%20%E2%99%AB%20%2A%3CZL%3EEZL%3E%E2%99%A9yQ%EF%B8%B6%3EL%3C%20%3E%EF%B8%B6QyXQyXQyX1%2A5%3Cx%3E%E2%86%92kcik96%2A%3C%20Z%2A69%20%20X45%2A%3Cp%20p42%2A71%20%E2%99%A9%EF%B8%B6%20%2045%2A%3Cx%20%3E%E2%99%A9%20Qy%E2%99%AAX%20QyX%2E%E2%99%A9%2017%2A%3CZL%3E%3E%20LZT%3C%20%20hb9G%2C%23A%3C%2A72%20%23C%2Csus9Bs%3E%2E%E2%99%A9%20QXy%2E%E2%99%A9%20QyX%2E%E2%99%A9%20QyX%2E%E2%99%A99sus%2F46TZL%20QyX%2F%2CA9su%3CZL%20x%20ZL%20lcKQysXus31Bl44T%7C%2CE%2Fs%2A60%20%20D%2Fsusn%3E%E2%99%A9%20Q%20%20%E0%B8%AF%20%E2%99%AAX%E2%99%AB%20%20%E2%99%AA%20%E0%B8%AF%2086%2A%3CZLn%20l%2CD%2F31FsZL%20x%20%3EyQ%E2%99%A9Xy%E2%99%ABQyX%2Fu%20%3C%20n1XyQXQyX%2E%E2%99%A9%20%20QyX%E2%99%A9%20%20QXy%E2%99%A9%2086%2A%3CZL%3E%EF%B8%B6%20%20Qy%20%E2%99%AA%20%20%3E5%2A%3C%20%20%7CQyX%3E%E2%86%92%3E%20LZ15%2A%3Cn%3E%20%E2%99%AB%20QyX%E2%99%A9%20Q%20yX%E2%99%A9%20QyX%E1%8A%95%20%2086%2A%3CXyQ%20%EF%B8%B6nosin4%2A%3Cn%3E%E2%99%ABXyQ%20%E1%8A%95%2066%2A%3C%7CQyXn%3EQyQXyX%E2%99%AA%20QyX%2E%E2%99%A9%20QyX%E1%8A%95XyQ%E2%99%A9%20%2066%2A%3CQyX%E2%94%81%20%20Q%20%5DX%2A%3CZL%20%3E%E2%86%92bk%20%2027%2A%20%3CbB%2F9%2DC%7B%20%20QyXQy71XyQ%20%3E%EF%B8%B6%208er%20on%20%20%E2%99%A9%3Esos%20gnirud%20%20QyXyQXQyX%3Cp%2CC%2FW%2CB%2FWlos%3A%20%E2%99%AA%20%E0%B8%AF%20%20yX%E2%99%AA%201%2FXyQX%3Esemit%204%20taepe%20r%3Asolos%20retfaQyp%7C%3C%2A7%2FtaepQ%7BYY%7D%E2%99%AAXyQ%20%E2%99%AAQyX%E2%99%A9QyX%E2%99%AAQyX%E2%99%A9%20%E2%99%AA%20%20%E0%B8%AF17%2A%3C%7Cpppp%3E%20%E2%94%81%3EppppQyX%E2%99%A9Q%3C42T%5BBbXyQx61QyX36%2A%3Cpp%7Cpppp%7Cpp%2CC%2FW%2CB%2FWs%7C%3Epp%7DY%2F9%2DClyX%2E%E2%99%A9%20XyQ%20%20%2017%2A%3C46TZL%20nl%2C%2FA4dda%2DD%3E%E2%94%81%20%20QyX%E1%8A%95%E2%99%A9%2EXyQ%E2%99%A9%2096%2A%7CQyXnyQ%20%E2%99%A9%2EZL%20n44T%20l%7C%2CD%2FGE%2C%2FF%2C96A%2Csus9Bs%3EnXyQ%7CX%2E%E2%99%A9%20Q%3C%2A60%20%20%2FXyQ%20%2FXyQ%E2%99%AB%20%E0%B8%AF%20%E2%99%AA%3En%20%20sF13%2FDZ%20=Jazz%2DEven%208ths=252=3
57d4b752-fcf2-42b1-81f8-23c29f54a623,irealb://Adoremos%201=Jesus%20Worship%20Center==Worship=E==1r34LbKcu7ometn4C%23%2D%2096%2A%3CA%2A%7B%5D%20susE%20ZELB%20%2D%23FZLE%20AZLB%20Leva4Ti%2A%5BLE%20AZstrasC%7CQyXB%7CQyX%2D%23C%7CyQXB%7CQyXE%3Esonam%20%23%2D%20BLeun%20sQyXA%3EBLZEXomerodA%20%2E%2E%2EsomreodA%2096%2A%3CB%2A%7B%7DQys%2E%2E%2E%2E%20%2D%23FZ%3C%20BZLyQ%7CEX%3E%2E%2E%2Eadiv%20us%20neuiQ96%2A%3C%7B%7DQyXB%7CQyF%23%2D%20AX%2D%23C%7CC%2A%7B%7D%20To%20C%3ET%20%2096%2A%3C%20%3E%20%20QyX69%2A%3CEZLsusE%20E%7D%20%20o%20A%3E%20%20%2096%2AC%7CQyXRey%20d%23G%2FE%7CQyXA%3E%2E%2E%2Eoanrebos%20%2Cseyer%20eXyQ%7CA%2096%2A%3C%23%2DXyQ%7D%7CUEXyQZ%7C%20=Jazz%2DMedium%20Swing=100=3
57399c34-6bc2-4e99-8e50-2440e16d6fa5,irealb://Aebersold%20Vol%201%20Faixa%204%3DJamey%20%20Aebersold%3D%3DMedium%20Swing%3DC-%3D%3D1r34LbKcu7%7CZL%20xC-7%20L%20ZL%20x%20ZL%207-D%20%7CLZ%20x%20ZL%20x%20ZL%20x%20Zx%20LZ%20%2044T%5B-G%20%7CZ%20LZ%20xL%20x%20ZL%20x%20ZL%207-%20F%7CZL%20x%20ZL%20x%20ZL%20Z%20x%20L7-bE%20L%207-bx%20LZ%20%20x%20ZL%20x%20ZL%20x%20Z%20L7-A%20%7CZL%20x%20ZL%20xLZ%7C%20B%20ZL%207Z%20x%20LZ%20x%20LZ%20x%20%20%7D%7C%20fC-7%20%20%5D%20%3D%3D0%3D0
57c652b7-b9b1-4c7e-ab42-29785850bfaa,irealb://Scott%20Pilgrim%20vs.%20the%20World%20-%20Cheap%20Shop%20%20(vgls)%3DAnamanaguchi%3D%3DSamba%3DGb%3D6%3D1r34LbKcu7AZL%20x%5E7XyQ.steehsdaelgv.www%2F%2F%3Asptth47*%3C%7Ccom%3E%20bGA*%7B7oD%207Q%7CDb7%20%207bD1NZL%207-bALZ%20xZL%207%5EbG%7C%7CQyX%7DN2DbyX7-b7%5EbG%7CEb-7XD%7CQyX7-bA%7CQyXxQ%7CyX7%5EbC%7CQyXx%7CQyb7XyQB*%5B%5D%20QyX7%5EDb7%2C%20Xx%7CQyX7%5EbC%7CQyX%7CxQyX7-bElZL%2C7oDyQ%7CCbs%7CQyX7%5EbCZyQ%7CGbZL7bDZL7-bAlC*%5D%7B%20%20n%2C7bD%7CQyXbD%2FGb%5E7LX7hC%7CNZL7%5ELZBb7%5EbGZL7bDZL7-bA%7Cl%2CbE%2CEsZL7%5EbGZL7LZCb7hFZL%5EbGZLLZCh77hFl2N%20%20QyXQyXn%7D%2C7bDsZLbD%2FbGZLLZBb77%5EbC1L%20lcKEb%2C%5D%5BbGZL%20lcKQyX6-bZCL%20lcKQyX7%5EbCD*%5E7XyQ%2CEZL7bA%7CQyyQ%7CEbbD%2FE%20bD%2FbG%7CQyXh7C%7CQyX7%5EbC%7CQyX7LZEbXX7%5EEZ-7%20%20sDb9%2C%7Cln%20%20sGb%5E7%2C%7ClnXyQ%7CG%20%20%20Z%3DLatin-Brazil%3A%20Samba%3D200%3D3
579267f1-4fa3-457b-b8a5-6c00f762d0f6,irealb://Sonic%20Mania%20-%20Stardust%20Speedway%20(Act%201)%20%20(vgls)%3DLopes%20Tee%3D%3DSwing%2016ths%3DG%23-%3D11%3D1r34LbKcu7QyX-%23%23-XyQ%209%239b7%23D%206-%23G%7CyQX7-%23G%7CQyX6-%23G%7C%7D%7B*AGG44T%7B%23G%7CQyXyQ%7CGQyX-%23GB*%7B%7D%209%2397b%23D%206-%23G%7CQyX7-%23%7CC%237X6-%23G%7CGZL7%23%7CG%23-6%7CQyX9-%23GZL7%23D%20%5E7EC*%5B%7D%209%239b7%23D%20E%5E7%20DQyX7-%206A%209sF%23-79%237%23D%207%5EE%7CQyX9%23-GZL7%23D%207%5EEl%7C5bLZG%23-%20%209-%23Z%20%3DPop-House%3D100%3D3
572ed665-0df5-4b12-a91c-1b146b5fa2a3,irealb://Lamentos%3DPixinguinha%3D%3DChoro%3DD%3D2%3D1r34LbKcu7DZLxZ%2CLZBoxZLDA*%7B%20%20QyXQyZXL7Al%7C%2C-E%2C7AsZLLZDoL7Ai*%5B%2C-%23D%2C-%2FC%23)%2C7%23CZL%2C-BZL%2C7%23ZFL-EZL7BZL6-AZLLZsF%23F(xZLDsZL)C%237%2C%7CCZL%2CGZL%2C7DZL%2CD%7Cl%2C7A%2C7E%7C%2C7B%2C7%23F7(G-6%2C-%23G%7C*%7B%7C%2C7E7%2CQALD2N%7CQyXQyXQyXyQX%7D%20xZL%2CDl1N%7C%2C7ZpsF%23%7C%2C7B%2CZL6-ELZB-%5EEZL7%5E-EZL%2C-El%7C7%2CB%2C6-BsZL7-BZL7-7%2CLZ%2C-BlBL7-BZZxLZBZL%2C-BlZLxZL7%23FLZo%23GZL%2C7GZLxZL-B-%5E7LL7%23FlGZLxZ%2CB7%2C%7CxZL7%23FlZL6-EZL7%2C-EZL7%5E-EZL%2C-ElLZB-L6-BsZ7bB(oG%23o%2CF2N%7CQyXQyXQyXQy%7DX7%23FpZL-B1N%7C%2C7%23sB-%2CCsZL%2C7yX%7D%2C7LZ%7CQs1N%2Cf%2C%7C%2C7A%2C7E%7C%2CB7%2C7%23FZL%2CG%7B%2C7D%2CDA-7%2CD7Al%7C)QXyQXyQXyQ%20LZN2D%20Z%20%3DJazz-Medium%20Swing%3D100%3D0
57a59cf6-e1a8-4e10-847a-e4ca7a3645a5,irealb://Ask%20Me%20Now%3DMonk%20Thelonious%3D%3DBallad%3DDb%3D%3D1r34LbKcu75%237bA4sG-7l%7C%2C7A%2C7-E%2C7bB%2C-7F%7C%2C7B%2C7-%23F%2C7C%2CEb-7%204T%7BA*7bB%2C711%20BbL7bA%207-bEZL7bE7%20%5EbDZL7D%207bEZL7ZN1sB%237BZL7%5EbDZb7%2C%7DX7-bE%5BB*%5DQyX7%5EblD2N%7CQyXQyXQyXQy%20Ab7LA%2C7A%2C%237bGZb-7%20D7-bEZL%20lcKQyX7Eb%7CQyX7%5EbDZL11%237%20Ab7LE%7CQyXbA%207-%5D*A%5Bs7A%2C7-E%2C7bB%2C7-F%2C%7C7B%2C7-%23F%2C7C%2C7-G%2C%7ClEbQyX117%5EbDZB7%2311A%207-bEZL7bE%207%5EDbZL7D%207bEZL7bB%20b7%235LZL5%237%20%20%20Z%3D%3D0%3D0
5717619b-a267-44ef-9ad3-a137c6b4b75c,irealb://Strollin'%3DSilver%20Horace%3D%3DMedium%20Swing%3DDb%3D%3D1r34LbKcu7ZL%20lc4Db%5E7%5EbDZL7bA%207-bEZ7LA%207-EZL%20lcKQyX7XyQK4T%7BA*X7bA%7CDb7LZbE%7CQyX7-bB%7CQyX-7F1N%5BB*%5D%207C%207-G-7XyQ%207-bA7-F2N%5E7XyQyX%299%237D%287bA%7CQy1X1%237bE%7CQyX7-bB%7CQ%7D*C%5BbD%7CQyQ%2C7bAb-7XyZL7bB%207-FZL7B%20-7%23F%7CQyX11%237bE%7CQEb-7%20B%7CQyX%207-bE7%20Bb-%207-FZL7bG%207%5EbDQ%7CYZ%207bA%207-bEZL7Bb7LZ%5EbDZLAb7LZDb%5E7%2311XyQZ%20%3D%3D0%3D0
57343a39-ad58-480e-bc29-9813a5d880a5,irealb://Purple%20Rain%201=Prince==Rock%20Ballad=Bb=9=1r34LbKcu7ddabB4Bbad%5B%7CQyX9ddabE%7CQyFX%7CQyX11%2DG%7CQyX9d%2AiT444Ti%2A%5ByXF%7CQG%2D11XG%7CQyX9ddabB%7C%7CQXy9ddabE%7CQyXF%7CQy%2D11Xy%7CQyX9cKQyXF5XyQEB%2A%5BQyXQyXQyXQXy%7C%5D%20%20n%2C5bB44T%7C%7Cbadd942T%7CQ44T%7CQbadd92TZL%20x%20ZL%20lcKQXyF%7C%7CQyX11%2DG%7CQyX4F5XyBZL%20lBb5%2Cn%20%20%5D%20=Pop%2DRnB=60=6
574898b2-597d-44e5-9e7b-7da5cf2ecffc,irealb://What%27s%20Up%3F%201=Blondes%204%20Non==Pop=G=7=1r34LbKcu7tuO%20r4GXyQ%3CC%7CQyX%2DA%7CQyXG%7CyQXG%7CQyXC%7CQyX%2DA%7CFuita4T%7BYYLLA%20%2DyQ%7CGXS%3C%20QyXQyXQyXQyQXyX%3E%3F%20onaiP%3C%7DQyTART%20X%3E%20orUG%2FXOXyQXyW%20ESREV%20FLAH%20%2DD%20NE%3C%20QyXQyXQyXQITH%20V%3E%20NI%20ITAR%3E%20=Pop%2DRock=115=1
572fdef9-05ab-48c8-8ca3-4bf68ffe398e,"irealb://Afro%20Blue%203=Santamaria%20Mongo==Afro=D%2D=5=1r34LbKcu7b%28%20%3C{68%3C%2A7ZLnZL%3E%29sagnoc%2803%2A%3Cn%3E621%20mpb%20%204nLZn%20Ti%2A[YQyX7%2D%3ED%2DLZ,%2DG%7CQyX%2DDSA%2A{Y%20}%3Ex636%2A%3CxZLxZLxXyQ%7CA%29ni%20slos%204Q}{%2AB}%20%3EeniF%3C%20%20%2DDZL%2FEC%20bBZL%20lcKQyXCY{%3C%2A7yX%2DD%7CxZLxZinor%20xZLxZLxZLxZLxZxLZLxZL%2DD%3E%29seulbLZG%2DLm%28%20sola%20%2ESD%2DLZxxZLxZL%2DDZLxZL7ZALxZLbBZLxZLxZLLZ%3CD%2EZLxZL%20Fine%3Ex%3C%2A634x%3E%20}%20=Jazz%2DAfro%2012%2F8=126=1"
57cb3e08-8d8c-4260-9449-f1301fcd2e44,irealb://Swing%20Dentz%20Swing%3DCorea%20Chick%3D%3DMedium%20Swing%3DC%3D%3D1r34LbKcu7KQyX7-7XyQX7E%7CQyX7-D%7CZL%20clKQyX7-A%7CQyX7E%7CyQ%7CA-D44T%7B-F%7CQyA7XyQ%23F%7CQyX7-A%7CQyX7b%5EB%7CQyX7-DZL%20lcK-7b5XZL%20lc7B%7CQyE7XyQF%7CQyX7bD%7CQyX7-AbZL%20lcKQyX7-G%5B%7D%237b9X%7CQyX7KQyX7%7CE-7XcKQyX7bAZL%20lcKyQX7-B%5B%5DQyX7C%7CQyl%20LZGQyX9bQ%5BY%5D%20QC%5E7XyX7-E%7CQyX7B%7CQy1X1%237%5EC%7CQyX7F%7CQyQKcl%20ZL%20lcC%5E7XyQ%7CF7XyQ%7CC7XyQ%7CB7XyQ%7CE-XyQZ%20%3D%3D0%3D0
57663a9a-9f75-4948-9f43-cfd959df6b56,irealb://Sweet%20Lorraine%3DBurwell%20Cliff%3D%3DMedium%20Swing%3DG%3D0%3D1r34LbKcu7C%7Cl%2C74sG6%2C%2C7bE%2C7-Es%7Cl%2C7B7%2CDs%207-AZL7El%2C7FD-7%2CG4T%7BA*%20QyXQ9LZE7%237D%207-AZL7E%207-1BNZL7D%207-AZL7A%205%20%7DXyb7B%2077bA%2C76%20sC77E%206C%5BB*%5Dl%2C7G%2C-7Ds%20D/6G%7Cl%2Co%23C%2CLZsA-G2NZL11%237bC7%2Cl%7C%207%5EF%7Cl%2C7C%2C7-G%2Cb7A%2C7-AsZL7E%207%5EFE7LZE%2C7-G%2C%2C7B%2C7F%5E7%20EAZL7El%2C7F%2C6Gs%5B*A%5D%207D%2011%237bEZL7-7%20sDZL7D%207Cs%2067%2CEb7%207-AZL7A%207EZL97bB%207C%7Cl%2C7G%2C7-D%2CD7LZG-Es%7Cl%2CC%23o%2Cl%7CG6/D%20D7%20Z%3D%3D0%3D0
571d29f9-0aa3-4ed1-9032-e048e2f3fd80,irealb://Tea%20For%20Two%3DYoumans%20Vincent%3D%3DMedium%20Swing%3DAb%3D%3D1r34LbKcu7%20ZL7b4Bb-7BZL7F%207-CZL7bD7%20%5EbAZL%20x%20ZL7bE%20b-7%20E4T%5BA*DZL7Ab%5E7XyL7F%207%5ECZL%20x%20ZLG7%207-D%5BB*%5D%20%20lcKQZE-7%20AZL%20xD%207%5EbLZ%20x%20%20ZL7bE%207-bB%5BA*Q%5DyX7bE%7CQyX7%5ECZLx%20LZA7G%207-%207-bB-7%20F7yX9b7F%7CQyX7hCZ%20Lx%20ZL7bE%207-bBZLQ%5D*C%5BCZL7b%207-bBDb%5E7%20%207-C%7CQyX7bGZLb/A7-bB%207-bBZL7oCBo7LZZL7oCEb7LZUAb6XyQ%7CCh7%20F7b9%20Z%3DJazz-Medium%20Swing%3D100%3D2
579c172c-4e30-4598-afd7-fcfac448db2a,irealb://Could%20It%20Be%20You%3DPorter%20Cole%3D%3DBallad%3DBb%3D%3D1r34LbKcu7%207-C%7CT44G-bBA*%7BZL7F%207-C%7CyQX7F%7CQyX7C%7CQyX7%5E7XyQ%2Ci*%2C%5BEZL7bb%5E7Xy%7CQyX7%5EbEl%7C%2C7bB7%2C-F%2C7-bG%2C7-Gs%7CQF-7%20BBZL7FZL9b7Q%7CG-7ZL7G%207-D%7CQyX9bA7%7CQyX7%5EF1NZL7C%20Ah7%20DyX7%5EbyX7%5EbQ%7CC7X7D%7CQyX7%5EbB2N%7C%7D7%20F%207-C%7CQyX7F%7CQyXyQ%7CEyX7-GQ%7CEb-7%20Ab7LZBb%5E7XyQ%7CC7%20F7LZBb6XyQ%7CC-7%20F7%20Z%20%3DJazz-Ballad%20Swing%3D60%3D2
5774e508-2485-4664-af75-71719b312d7d,irealb://Our%20Love%20is%20Here%20to%20Stay%3DGershwin%20George%3D%3DMedium%20Swing%3DF%3D%3D1r34LbKcu7L7C%2074A-7%20X7GA*%5B%7CQyX7D%7CQXy6FZL7C%207-GZL7DyQ%7CG-4Ti*%5BB*%5B%5D%20b7LZABZL7D%207bEZL7C%20-7G%7CQyX7GZL7D%207--7%20E7B%206FZ7-G%7CQ7LZG-QyX7-DZL7A%207hELZ7%5EbB%207%5EFZL7C%207%7CG7XyD%207-A%7CQyX77%20D7%20%207-AZL7bB%206FZLC7%207-G%7CQyX7GA*%5B%5DD7LZGC%7CQyXL7D%2077LZEbC%207-GZL7D%207-AC%5B*%5D%207E%207-BZL7D%2077LZEbC%207-GZG-7%20G%23o7LZA-7%20D7LZG-7%20C7LZF6XyQ%7CF6XyQZ%20%3DJazz-Medium%20Swing%3D100%3D2
57240502-ca07-4a15-ae00-69a595dd7ef5,irealb://Colgando%20en%20tus%20manos%3DDuarte%20Carlos%3D%3DPop%3DGb%3D5%3D1r34LbKcu7yXF/b4GbXybGA*%7B%5D%207bD%20bC%7CyQX-bE%7CQyXF/bD%7CQXyQ%7CD4Ti*%5BB*%7BZ%20XyQ%7CCC%7CQyX-bE%7CQyXF/Db%7CQyXbG%5B%7D%207bD%20bb%20Db7-bE%7CQX7bD%7CQ%7CDbX2NZL%20QyXQyX%7D%20Fb/G%20bG1N%7CQyXB%7CQyGbXyQyX-bEQyX-bCGbXybD%7CQyXbG%7B%7DQyXb%7CCQyX-bA%7CQyXbD%7CQXyQ%7CA*%7B%5DQy%7CCb%20Db7%20%7D%20%3DPop-Rock%3D115%3D1
57f76aed-3527-424a-bca8-1db0412e3627,irealb://Idilio%3DColon%20Willie%3D%3DLatin%3DF-%3D7%3D1r34LbKcu7yXQyX4F7LZ-FZL-FZLxZL%2CCZbLDZLbAZLbEZL-bB%20%5DXyQ4Ti*%5BFZL%2CC%20%5B*AsGZL-FZLCZL-bBZ7LFZL-Fl%7C%2CG/C%2C-FLZCLZ%20QyXQ*%3C-FZQXyQXZL%2CbDZLbAZLbEZ-LbBZL7FB*%7BQyXQyCLZxLyX%5D%20-%20-F%20C%20%7D%7CC%20%20-FC*%7BY%20QyXQyXyQX%5D%20-Fl%7C%2C7C%2C-GsBb-LZ%3Ex490%20%3Ex49yQ%20%20%7B%207CZLG/-bB%20bDZbLA%20bEZL-bB%20-FD*F-%3C*0XQyX%7D%20QyXQ-%20Bb-2%20stnecca%20%2041*%7D%3C%20%3Ex490*%3C-F%20CZLx%20%3EXyFC*%7B%7DF%20CZL-%20Bb-FC*%7B%7D%20-F%207CZLG-/bB%20bDZLbA%20bEZL-%20Bb-FD*%7B%20-%20%7DU%3C*16accents%204x%3E%20%3DJazz-Latin%3D180%3D3
5701a7ce-2348-4c41-b0f9-5eeb17430101,irealb://Bei%20Dong%3DSongs%20Chinese%3D%3DShuffle%3DE%3D%3D1r34LbKcu7ZLB%20E66XyQ%5DQyXAZLB%20E%7CQyXZALB%20E%3EeniL%20rtG%20Y%5B*vS*%3Ci*%5BXEC*%7BF%23-%20CLAZL-%23C%20-%23FZLEA%20ZLB%20EZLB%20AZL-%23ZB%20%5DYZLE%20A%2066*%3C-%20G%23-%20Q%20BZL-%23F%20A2N%7C%20%7DB%20-%23F1NZLE%20AZL%20%5D%7B*i%23C%7CQy-%23C%7CQLine%3E*%7BY%7D%20)B(%20%20A%3EadCo%20la%20.S.D%3CZLB%20ECQEXy%20rtG%20B%3E...ZA%20ELQyXQyXQyX%3CZL-%23%20FA2N%7C%7D%20B%20-%23F1NZ%20Rit.L-%23G%20XyQ%5D%20%3DPop-Shuffle%3D130%3D3
5746dd20-b405-42bc-9cf2-00eaae3ed9d2,irealb://Is%20You%20Is%20Or%20Is%20You%20Ain%27t%20%28Ma%27%20Baby%29=Austin%2DJordan==Medium%20Swing=Ab=0=1r34LbKcu7N%7CQyX4F%2D7%2CQyX%2C7bBZL%20lcKQXy7%2DFZL%20x%20ZL%2C7C%20%7CEb7%2C4TA%2A%7B%20%2C5%237yQ%7CDb%237bE%7CQyX%2CbA2NZ%20LQyXQyX%7D%20%2C7C%20%2C75%2C%20AbX%2CbA1X%2CbG%7Cb%2CXyQDZL%2C5%237bA%20%2C7bAQ%7CyX%2CbA%7CQyX%2C%2DbD%7Cb%2CXyQDB%2A%5B%5DyX%2C%2DF7%2C%20F7ZL%2C7C%20%2C7%2DFlA%2A%7B7%5DC%2C7%2DGs%20%2C%2DbBZL%2C%20x%20LZbG%7CQy%2C7bE1LZBb7%2C7bB%7CQyX7F%7CQyX7%2CbG%7CQyX7bE%7CQyX%2CXyQ%7CN%20lcKQXyQ%7CAb%2CXyQ%7CDb7%2C%20C7%20%7DXyQLZN2Eb7%2CXyQ%7CAb%2CXyQKcl%20%20Z%20=Jazz%2DMedium%20Swing=100=3
5794016c-5104-477d-88d1-cb653ea05421,irealb://I'm%20Beginning%20To%20See%20The%20Light%201%3DHodges-James-Ellington%3D%3DMedium%20Swing%3DF%3D%3D1r34LbKcu7%2C7bE%2C4G7%20CC%207G%7CQyX7bDZL7%20C7GZL5b9D%206FZL77LZF74TA*%7BcKQyX7%20C7LlcKQyX7bAZL%20lcQKyX7AB*%5B%7DQyX6FZ%20LZG7GZL7D%7CQyX7b7XyQC%207GZL5b9D%206FZ7LC%207GA*%5B%5DQyX7C%7C7LZDbDZL%20lG7%20C7LZF7%2CEb7%2CD7LZG7%20C7LZF6%20D9b5%20Z%20%3D%3D0%3D0
57bb0424-0932-423d-b9af-70d77f7096d7,irealb://It's%20Only%20a%20Paper%20Moon%201%3DArlen%20Harold%3D%3DMedium%20Swing%3DC%3D%3D1r34LbKcu7F%207%5EF4C%5E7%20Cl%7CQyX6CZL7G%207D-ZL7G%207-DZL7o%23C7XyQ%7C4TA*%7B%23F%206FG7XyQ7C%206C2N%7CQyXQyXyQXQyXl%7DQyX6C1N%7C%20%5D%5B*BZL7o%23yX7-D7/GXyG/7CZL7o%23F%206FZ7LC%206CZL7G%207-D%7CQ%20A7LZCZL7o%7CQyX7yQ%5D%5B*X6CZL7G%207-DZL7%20G7-DZL7o%23C%207%5ECAyQ%7ClCX7G%7CQF6%20F%23o7LZG7XyQ%7CC6%20sD-7%2CG7%2CZl%20%3D%3D0%3D0
57e8617d-1b38-4fc5-84bf-f0eb705584b8,irealb://Sidewinder%3DMorgan%20Lee%3D%3DFunk%3DEb%3D%3D1r34LbKcu7QyXZLnD7%2Cl7bEl%2C7Dns%7CZLQy%7CXrQyXZL%20x%20ZL7bELZ%20x%20s44T%5BZL%20x%20LZ%7Csnl%2C7DnsZLQyX%7CrQXyZL%20x%20ZL7bAl%2C7GEb7LZQyX%7Crl%2C7DnsnGh%2CX%7CrQyXZL%20x%20ZL7Bbl%2C7-FnsZL9b7ClyQLZsZL%20x%20Eb7LZ%20x%20LZEb7%2Cn%20LZ%20n%20%20Z%20%3D%3D0%3D0
57cfdfc1-0e21-4fc3-b284-f44fb666392d,irealb://Don't%20Get%20Around%20Much%20Anymore%3DEllington%20Duke%3D%3DMedium%20Swing%3DC%3D5%3D1r34LbKcu7-D%7CQy4C%5E7%20%2C7bB%2C7Bs%207%5EC%7CQXy7-E%7Cl%2CobE%2C7-Dsl%7CA7X4T%7BA*%5D%207C%20G7XyQyX6C2NZL%20QyXQy%7DXQyX7G%7CQyX6C1N%7CQ%7CG-7%7CQyX7-EZL97XyQ%7Ch%23F%7CQyX7%5EF%7CQyXC7%7CQyX7%5EC%7CQyX7bB7%20B7b%5EF%5BB*B%2C7Bs7LZD-QyX7-E%7Cl%2CobE%2C7D-s%207%5EC%5BA*%5D%207G%207%7CC%5E7%20obE%207b7%2Cl%7CA7XyQ%7CD-7XyQ%7CG7XyQ%7CC6XyQ%7CG7%20%20%20Z%3DJazz-Up%20Tempo%20Swing%3D240%3D8
573024b9-aa6d-4a7b-b6a6-44803182057b,irealb://So%20Nice%20(Summer%20Samba)%3DValles%20Marco%3D%3DBossa%20Nova%3DF%3D10%3D1r34LbKcu7E%7CQyX4F%5E7XyX7%5EbB%7CQyX31b7%7CEQyX7-BZL%20lcKQyQ%7CBb64T%7BA*DZL31Kcl%20%20hE%7CQyX7-G%7CQyX97bD%7CQyX7-A1N%5BB*%5D7%20A7bQyX7b7-G%7CQ%7CG7XyD%7CQyX7-A%5B2NC*%7D7%20C%207bD%7CQyX7-G%7CQ7b9XyQyX7-XyQ%7CC7b9XyQ%7CF%5E7XyQ%7CBb7XyQ%7CF6XyQ%7CG-7%20C7%20Z%3DJazz-Bossa%20Nova%3D140%3D12
575daffb-0bdc-400a-a757-277e58faea62,irealb://Jelly%20Jelly%20%28Allman%20Brothers%29%3DEckstine-Hines%3D%3DSlow%20Blues%3DC%3D%3D1r34LbKcu7%7CQyXC2C%20EbF%7CQyXCA*%7BY%20%20QyQXyX%5B%207bD%207bAZL77XyQ%7C1Ti*%5B%7C%2C%23F/%7CF7Xy%2CE/Ws%2C-DZL7A%207BbZL7B%207CZL%20lcKQW/F%2CWQyX7CbE%20ns/A%2CW/Y%7D%20%3Ex4%3C7bD%207bALZ7bE%20Cl%7C%2CB/W%2CbB%5BQlC%2CWs%2CGl7B%207Csn%20D-KQyX%2C7FlZL%20ns%2ClC%7C%2C7-D%20ns%2CCl%7C%2C7cl%20LZ%2CCl%7C%2CE%20Cl%7C%20A7LZbB/W%2CA/Ws%2CGl%7C%2CF%23/W%2CF/W%2CE/Ws%2C-D%2CW/B%2C7bBZLb7LZAb7%20Db7LZ%5BUC7XyQZ%20%3DPop-Rock%2012/8%3D65%3D1
5781a735-1bc9-45aa-8c76-0def5e9b87dc,irealb://Slow%20Hot%20Wind-Rev%20JE%3DMancini%20Henry%3D%3DLatin%3DF-%3D%3D1r34LbKcu71%239bD-9%2CLZ-Fl44TA*%7B%5D%20xZLZxLxZLxZLxZLxZLx9XyQ%7CFli*%5B1NZL7ltLZFGl%7C%2CbA/Ws%20%209-bZBL11%239Bpp%7CQyX9-h7%2C%20Ca7C%2017%5EbDBQ%7CGh71%239Dpp%7CQyX9-F2ZNL%20QyXQyX%7D%207C%20%2C1%20%5D%5B*yX9-FyX7%5EbQ%7C%20%20C7%5EAZLsus9E%209-BLZ%20lcKQyX7%5EBZL7%5EXyQ%7CAyX11%2311%239B%20C7b9X9-FZLtla7C%20119%23bD%7CQyX9-FA*%5B%5D%20yQ%7Cpp7-G%7CQ-FQ%7B%5D9%20%20sW9%237C%207hG%7CQyX9-ZFL7C%20%2C7hGl%7C%2CbA/%235%2CQ%20-bBZLbB%3EENcl%20LZL%20x%202N43TZL%20QyQXyX%7D%20%20x%201NZL%20x%20ZU%3CFIKQyX913%2311XyQZ%20%3DJazz-Latin%3D120%3D3
571a35f5-8f3f-4673-a49c-71b236976f74,irealb://Digno%20%28Me%20Inclino%20Ante%20Ti%29%201%3DBrunet%20Marcos%3D%3DGospel%20Ballad%3DA%3D%3D1r34LbKcu7-%23C%7C%294E%28A%29%29A%287-%23C%7C%29E%28%20%29%23%28F%20%20%29%23G%28E%7C%29B%28QyXXyQ%28B4Ti*%5ByX%29E%28%20%20%28F%23yX%29%23F%28B%7C%29A%28QyX%23%29G%28B/7-%23C%7C%29E%28%20%29Q%7CN1A%29%23G%287%3Eafor%28A%29Xy*%3CA*%7BQyX%29F%287-DQ%7CyX*2dda*D2N%7C%7DQ66Est7-A%7CQ%7CQyX*AXyQ%7CE%7CQyX7-%23F%7CQyXDQ%7CyX7-%23F%7CQyX7-%23F*sus4%7CQyXAQyXE%7C%7B%3C*66N%7CQyX-D%7CQyXD%3Ex%203....onilcni%20eM1AXyQ%7DQyXEyX7-%232%3C*607-%23F%7CQyXAZLA%20*s4us*A%3EongiD%20QyXXyQ%7CFNB*%7B%7DQ%7CA/E%20ELZEXyQ%7CDXyQ%7CD-XyQ%7D%20%3DJazz-Ballad%20Even%3D60%3D3
578b0fcd-c224-4ec6-88b2-a4f0153194e0,irealb://Margie%20-%20Jambook%3DCon%20Conrad%20-%20J.%20Russell%20Robinson-1920%3D%3DDixieland%3DF%3D5%3D1r34LbKcu7%7CQyX-4FXyQx%20ZL%20lcKQyXbB%7CyQX7FZL%20x%20ZL%20lcK%20LZBb4TA*%5BQyXFBcl%20LZlcKQyX7CZL%20lcKyQX7GZL%20lcKQyX7D%20%20%5D%5B*KQyXF%20ZL%20lZ%20x%20LFZL%20lcKQyX7AZLl%20cKQyXbB%7CQyX7FZXyQKcL%20lcK%2Cx%20LZD7XyQ%7CG-7XyQ%7CC7XyQ%7CFXyQ%7CU%20x%20%20Z%20%3DJazz-Medium%20Swing%3D140%3D3
579a0435-97a9-4206-a28d-9536698b639e,irealb://Donna%20Lee%3DParker%20Charlie%3D%3DUp%20Tempo%20Swing%3DAb%3D8%3D1r34LbKcu7%5EbA%7CQ4Ab%5E7%7CQyX7-bBZL%20lcKyQX7bB%7CQyX7F%7CQyXEb7Xy4T%5BA*QyX7bEb-7%207F%7CQyX7%5EbA%7CQyXb7G%7CQyX7%5EbDZL7bAXyQ%7CB%7CQyX7ZL%20lcZBb-7bB%7CQyX7F%7CQyX7%5EAb%5BB*%5DQyX7bE%7CQyX7XyQKL%20lcKB%7CQyXQ%7CC7bX9b7C%7CQyX-F%7CQy9Xb7C%7CQyX-F%7CQyX9yQ%7CF-yX7hGo7XyQ%7CC-7%20F7LZBb-7%20Eb7LZAb%5E7XyQ%7CBb-7%20Eb7%20Z%3DJazz-Guitar%20Trio%3D143%3D4
57e5b4b9-b8d4-4a1d-8113-caa12d13314d,irealb://Sanie%20Cu%20Zurgalai=Composer%20Unknown==Medium%20Swing=D-=0=1r34LbKcu7yX7D%7CQ%7CG-X%7CQyXx%7CQyXx%7CQyXE7%7CQyXx%7CQyX-D%7CQyA-XyQyX-D[XF%7CQyXyQXyyXF%7CQyXx%7CQyX7CQ%7CyXx%7CQyX-G[QyXQQ%7CC7XQyX[Q%7CQyX-XyQ%7CG7A%7CQyX7bB%7CQyXxQ%7CyX7C%7CQyXx%7CQyX-XyQ%7CD7D%7CQyA7XyQZ%20=Jazz-Up%20Tempo%20Swing%202=276=3
57c600bd-727f-4606-ab31-8559351483ec,irealb://Recordame%3DHenderson%20Joe%3D%3DBossa%20Nova%3DA-%3D%3D1r34LbKcu7%5B%5D%207F-XyQKL%20x%20ZL%20lcKQyX-ZCL%20x%20ZL%20x%20ZL%20lcZC-7%20A44T%5B7C%207-yQ%7CBb7%5EbGZL7bD%207-bAQ%7CyX7%5EbAZL7bE%207-XyQ%7CGX7%5EbBLZF%5E7XyQ%7CE7%239XyQZ%20%3DJazz-Bossa%20Nova%3D175%3D9
576eb613-8b3f-40a3-9e8d-62c734de0d43,irealb://O%20Christmas%20Tree%20(Alt)%3DTraditional%3D%3DWaltz%3DF%3D%3D1r34LbKcu7C%7CQyX4F%20%20C%7D%20%2CFl%20%2C7Cl%7C%2C7C%20s%2C-Gl%2CbB%7CQyXF%7C%2C%5B*BF%2C3TA*%7B7XyQKcl%20LZF%20%20C%2C%7CF%20%20C%2C%7CD-%2CXyQ%7CBb%2ClG-%2C%20sC7%2C%7ClC7%20F%20Z%20%3DJazz-Ballad%20Even%3D60%3D3
57e85503-734e-4e86-84b2-ed4e8ac11382,irealb://Let%20There%20Be%20Love=Rand-Grant==Medium%20Swing=Eb=3=1r34LbKcu7E%7CQyX4Eb%5E7yX7hF%7CQyX7C%7CQy7XhG%7CQyX7%5EbA%7CQyXQ%7CBb74TA*[%207-GZb7LZG7%5EbE%7CQyX7bB%7CQy7X-FB*[]%207o%23F%207-%20Ab7LA%207%5Eb%7CQyX7ZF-7X[]%207bB%207-FZL9bC7%207-G%7CQyX7bB%7CQy*AEb%5EL7o%23F7bB%207yQ%7CGhX7%5EbE%7CQyX7bB%7CQXy7hF%7CQyX7C%7CQyX7yQ%7CF-X7%5EbAyX6bEEb%5E7XbB%7CQyX7-FZL%20lcQKyX9C%7CQyX7-G%7CQy7XyQ%7CC*[]%20Q%7CF-7%20Bb7%20Z%20=Jazz-Medium%20Swing=120=0
5797be2c-321a-4eaa-8727-60cb2c10da37,irealb://It%20Could%20Happen%20To%20You%3DVan-Heusen%20Jimmy%3D%3DMedium%20Swing%3DEb%3D3%3D1r34LbKcu7%20%20)7h4Eb%5E7F%7CQyX7-FZL)9b7(C%20%20)7hG(7oE%7CQyX%23o7(A4T%5BA*B%7CQyX)LZEb*%5DQyX9b7C%7CQyX7Gh%7CQyX7%5EbA%7CQyX7%5EB%5BF-79b7D(7-%23F(7)XyQyX7F%7CQyX7-CZL97bG%207hD%7CQyX7%5EbE%7CQ%7CF-7bD(7bC(%20%20)7)LZBoE%7C%7CQyX7%5EbE%5BA*%20%5D)7bB(%20%20)7-F(7b7(Gh7B(%20%20)hG%7CQyZF-7X%7CQyX7%5EbEZL)9b7(D%20%20)7hA(7o%23F%7CQyAb%5E7XL)9b7C%207hGC7b9X%207%5EbE%7CQyX)7bD(b7B%7CQyX7-F%5BC*%5DQyAb7LZ%7CQyX77b9LZF-7XyQ%7CBb7XyQ%7CEb%5E7%20C-7LZF-7%20Bb7%20Z%3DJazz-Medium%20Swing%3D120%3D3
578a1779-217b-4445-9ff2-2a7da5a12a4d,irealb://Cosas%20Como%20Tu%3DLuchy%3D%3DBolero%3DA-%3D%3D1r34LbKcu7QyXQy4A-Xyim%20al%20ne%20y%20oip%20poloS%3C%5D%20%20n%2C7E%7CQtad%3EX4Ti*%5BX-A%7CQA-XyQQyX7E%7CQyX7E%7CQy-XD%7CQyX-D%7CQyX7A%7C%7CA-XyA*%5B%20%20E%7CQyXXyQ%7CFXC%7CQyX7G%7CQyX-AQ%7CyX-A%7CQyX7E%7CQyXyQ%7CB7-A%7CQyXAB*%7C-XyQ%7C%7CQyX-A%7CQyX7E%7CQXy-A%7CQyX7E%7CQyX-AE7XyQD%7CQyX7E%20AZXyQ%7CA%7CQyX7%23F%7CQyXA%7CQXy7E%7CQyX-BZL7%23F%20B-%20DL7E%7CQyLZAXyQ%7CE7%2Cn%20%20%5D%3CFinal%20a-%20d%3E%20%3DJazz-Medium%20Swing%3D90%3D3
577d25d7-6c26-4e4d-b75c-b8f51ac85132,irealb://Pentatonic%20Chord%20Progression%20Bb=Composer%20Unknown==Medium%20Swing=A=10=1r34LbKcu7%7B%2AAT44AXyQ%7CGXyQ%7CCXyQ%7CDXyQ%7CAXyQ%7CGXyQ%7CD%20CLZAXyQ%7D%20=Jazz%2DBlue%20Note=120=3
573f6b19-51bf-46f6-8664-f1a994190f68,irealb://Rose%20Rosse=Ranieri%20Massimo==Medium%20Swing=C=0=1r34LbKcu77%2DD%7CQ4C%2C%20C7%2AC%7CQyX%2CC%7CQyX%2C%7CGQyX%2C7%2DDZL%2C%2A%2B7%2A%2B%2A%2CXy4TA%2A%5BQyX%2C%2DG7%2CXy%2C%2DA%7CQyX%2C%2A%2B7%2AC%7CyQX%2CCB%2A%5B%5DQyX%2CC%7CQXyQ%7CD%7CQyX%2CyX%2CF%7CZG7%2CXA%7CQyX%2C%2A%2B7%2ACZL%20clKQyX%2CCZL%20lcKQy%2D%2CXyQL%20lcKX%2C%2DDZLZC%2CXL%20lcKQyX%2CCC%2A%5BZyQX%2CCZL%2C7G%20%2CG%7CQyZ%20x%20L%20lcKQyQKcl%20LZG7%2CXyQKcl%20LZCXyQZ%3C%2A72CHIUDERE%20CON%20A%3E%20=Jazz%2DMedium%20Swing=120=0
5745a714-c5c8-4ace-92ee-fa00098f1fd6,irealb://Kid%20Charlemagne%20%3DSteely%20Dan%20%28Becker%2C%20Fagen%29%3D%3DFunk%20Rock%3DC%3D%3D1r34LbKcu7B%7CQyX4C7%239G%7CQyX-ASA*%7BZL%20%20xZL%20x%20ZL%20lcKQyXXyQ%7CF4Ti*%7CLG%20-A1XyQ%7CB*%5B%5DQyX11%2331bBQ%7CyXF%7CQyXG%7CQyX-AF%20GLZ1%2331b7G%20%2C7F6LZEE%207-DZL7-E%207-DLZ7-E%207-DZL6F%207--7LZF%207-AZ-D%207-C7%239X%207-EC*ZL%20lcKQy9X%237C2N%7C%7D%20%20lcKQyA7LZD1NZL%2CLDZL7ZB-7bZL7hBs%20-D42TZLE-%20FZLG%20-AZL7E%205T44E-L%2CC/7-DZLG-7%2CD/G%20FZL11%2331bBZLF6ZL6GZL*m*A%7C%7C%2CELZA-%20EZLCZoS%3C%7B%20LZE-7yX9%237Cl3N%7C%7D%20xZxLZLxZL9%237CZL6F%20QKcl%20%2C6F%207lo%20Vamp%20and%20Fade%20out%3EF%5E7%20E-7LZD-7%20C%5E7%20%7D%20%3DPop-Funk%3D105%3D1
57de72e0-a3b0-49da-9642-bea654e77b82,irealb://I%20knew%20you%20were%20trouble=Swift%20Taylor==Pop=F%23%2D==1r34LbKcu7xZL%2Am44GbLxZLbDZLx%3Eesuap%2C%20dnuor%20og%20dn2%3CZLZEb%2ATSv%2A%7B%2AbE%7D%2Cx%3C%2A1280%2A%3C%2CbGZLbDZLBLZ%2Am%2AbEB%2A%7BY%7D%20%3Ex33x%3EDbZLBZLQ%7D%2CbDLZDbLbDZLBZL%2Am%2AbEC%2AY%7B%5D%20%20%3Epots%2061%2A%3CZLZGb%2CBZL%2Am%2Am%2AbE%20al%20CB%3E%20tuo%20ssaB%3CQD%5B%2AYY%20%20QyXQyX%3EadoLZxLZ%2ES%2ED%3CC%3C%7D%2CbBLZxLLbDZLBZL%2Am%2AbEC%7B%2A%20n42TYZLxZLbDZZGb%2CDZLxZLue%20out%3E%20==0=0
57917b2c-3479-444d-ba82-2c3926e8087c,irealb://Auld%20Lang%20Syne%20%28Canci%C3%B3n%20A%C3%B1o%20Nuevo%29=Burns%20Robert==Holiday=G=0=1r34LbKcu7%2A%7B%7DQy4GXyQ%20%2DE%7CQyXD%7CQyXG%7CyQXC%7CQyX%2DE%7CQyXD%7CCLZGX4TA%2A%7BBGXyQ%7CDXyQ%7CGXyQ%7CCXyQ%7CGXyQ%7CDXyQ%7CE%2D%20CLZGXyQ%7D%20==0=0
578ae67a-ba57-4f87-9f34-a4db66acd0d5,irealb://Autumnal%20Cadence%20Type%201%20x%201%20%2d%20Baubles=Charts%20Practice==Medium%20Swing=C==1r34LbKcu77F%207hyQ%7cBh7%2dbE%7cZL%20lcKQyX7%2c%5e%2dAZL%2c5%239b7E%207XyQ%7cCX7%2dD%7c%2c7%5e%2dBLZBb%2d9b7bG%207hbD%7cQyX%2d7E%7cZL%20lcKQyX%2c7%5e%235%2cLZ%2c5%239bX7%2dbGl%20LZ%7ccKQyX%2c7%5e%2dCZL%2c59%23b7G%207hD%7cQyX7%2dFl%20LZ%7ccKQyX%239b7Ah7%20AbQyX7%2dG%7cZL%20lcKQXy%2c7%5e%2dbDZL%2c5%239b7%7cEh7%20bE%7cQyQyX%2c7%2d%5e7%2cXL%2c5%239b7bB%207hF%7cyQX7%2dbA%7cZL%20lcKQyZEb%2d%5eDZL%2c5QyX7%2dZ%7cA%2d7%20lcKQyX%2c7%5e%2dEZL5%2c%239b7B%207hbG%7cQyXLZ%7cBbL%20lcKL%2c5%239C7b9%237hbA%7cQyX7%2dB%7cZLl%20cKQyX%2c7%5e%2dFZL%2c5%20Db7b%207hG%7cL%20lcK7%2cXyQ%5e%2dGZL%2c5%239b7D%207Ah%7cQyX7%2dC%7cZL%20lcK7%2cXyQ%5e%2dbGZZ%7cDb%2d7XyQ%7cBbh7%20Eb7b9%235%2cLZAb%2d%5e7%2cXyQKcl%20%20%7c%20==0=0
5730c8cf-5278-4b2c-8f43-675b34e993f5,irealb://Billie%27s%20Bounce=Parker%20Charlie==Medium%20Up%20Swing=F=5=1r34LbKcu7%7CQyX7tpDCDF%207-C%7CQyX7F%7CQy7XbB%7CQyX7F%3EEGBAG7LZBb%3C44T[Bo7XyQ%7CF7XyQ%7CA-7%20D7LZG-7XyQ%7CC7XyQ%7CF7%20D7LZG-7%20C7%20Z%20=Jazz-Medium%20Up%20Swing=160=0
57f42a45-a161-4fd8-850c-2dfa81ddb926,irealb://Knock%20On%20Wood%3DEddie%20Floyd%20%28Floyd%2C%20Cropper%29%3D%3DRock%3DE%3D%3D1r34LbKcu7lcKQy44E7%20S%5B%5DQyX%2C7Bl%7C%2CDs%20%207B%7CQyX7Al%7C%2CGs%20*AA7XTi*%7BYZL%20x%20%20LZ%20xKQyX7AZL%20x%20ZL%20%20xZL%20lcKQyX7EZL%20cl%20LZx%20ZL%20yX%5DQyE7XyQ%7D%20Q%20%20%2C7El1N%7CQy7XA%7CQyX7E%7CQyX7A%7CN2E7XZL%20x%20%23G%7CQy%20%5B*BE%7CQyX%2C7Bl%7C%2CDs%20%20B7%7CQyX7Al%7C%2CGs%20%207lF%23-X%20QyXQQyX7AA-XyQ%20%207EQ%5BY%5D%20%2C7B%20%2C%3ECadoC%20la%20.S.D%3C%7CsG%2C%7Cl%7CQyX-%7CB7%20%20sD%2C%7ClB7%2CXyQ%5D%7BE7XyQ%7CA7XyQ%7CE7XyQ%7CA7XyQ%7D%20%3D%3D0%3D0
571c70a7-b23e-4eaf-9c9d-2f61f4f5270f,irealb://Wake%20Me%20Up%3DAvicii%3D%3DRock%20Pop%3DB-%3D%3D1r34LbKcu7XDZLGx%3EB*mA*%7B%20%23F/A%20%2CDZLG*%20m*B%7C%2CA%20%20DZLG%20*B*m*%204%20%20%3C%5B%2CA%20%20Dm*%20GLm*B%3E...pu%20em%20eakw%20oS%3CB*%7B%7DQyXDZ*%20GLZ*B%7CQy%20*m*B%20GLZDot%20x3%20:latnemutrsnI%28%20%20%3CZL%23F/A%20tal%29%3E*m*B%7Crohc%20%20A%2C%7CBil%20tsal%20gaT%28%20%20%20%3CB*%7DQyXDZLG%20*m*ne%20of%20DZLGt%20latyQXyQ%20:latnemurtsnIQ%28yX%3CA*QyXQyXQyX3x%20toX%3E%29suhen%20end%20on%20Bm%29%3E%20*BXyQXyQXyQXyQXyQ*B%20%3DJazz-Medium%20Swing%3D100%3D3
5789e913-380b-4738-ba89-90cd72027db7,irealb://Tu%20Misericordia=Ramos%20Jacobo==Ballad%20Even=Bb==1r34LbKcu7yXCZL4Eb%2C%2A%7CQyXbE%7CQyXbBZL%20F%2DCZL%2DG%20%2DD%7CQyXAD%2D%20G%2D4Ti%2A%5B%7CQyXbFLZBbbBZLF%2FbE%20bEZL%2D%20G%2DD%7CQyXbEB%2A%7BQyXXyQ%7CE%20%2DC%7CQQyXbBLZCXyC%7CQyXCZLF%20%2DGQ%7BQ%7DyXbBZLQ%2CF%20%2DC%7CQ%2D%20F%20%7D%2DG%20%2DDZ%7C%20=Jazz%2DMedium%20Swing=100=3
57eb2cfe-409c-4fc5-b82d-eaf91a6af7b2,irealb://Black%20Fire%3DHill%20Andrew%3D%3DWaltz%3DEb%3D3%3D1r34LbKcu7bE%7CQyb7XyQQyX7bE%7CQyX5b7b%7CAQyX7bE%7CQyX7bA%7C%7CAb7XE43T%7B1b9b7Ab7b59b7E%7CQyX7bE%7CQy9X%237D%7CQyX7bD%7CQyXXyQ%7CG%7CQyX7ZL%20x%20cl%20LZZL%20lcKQyX7%5EbG%5B%20%7D%3EeniF%3C%20x%20ZL%20x%20%20x%20LZKQyX3%20x%20ZL%20x%20LZ%20x%20ZL%20x%20ZL%20lcKyQX7%5EGZL%20x%20ZL%20x%20LZ%20x%20ZL%20x%20LZ%20x%20LZ%20x%20%3CD.C.%20al%20Fine%3E%20%5D%20%3DJazz-Medium%20Up%20Swing%3D175%3D3
57cba158-fb19-420d-b364-000722bd73bb,irealb://Sweet%20dreams%3DEurythmics%3D%3DMedium%20Swing%3DEb%3D%3D1r34LbKcu7*CZLG4C*m*yX*m*CZLG%20bA%7CQXy*m*CZLG%20bA%7CQyXQ%7CAb%204TA*%7BXG%7CQy%7CAb%20GyX*m*F%7CQyX*m*CQ%7CyXG%7CQyXbAB*%7C%7D%20Q%7CAbXQyX*mF%7CQyXyQXyQQyXF%7CQyX*m*C%7CQXyF%7CQyX*m*CC*ZL%20%7CC*m*X%7C%7DQyXyQ%7D%7C%20%3D%3D0%3D0
57b7cf57-58ff-4f26-b96f-da1229fa14eb,irealb://Blue%20Moon%201%3DRodgers%20Richard%3D%3DMedium%20Swing%3DEb%3D5%3D1r34LbKcu77%5EbEAT44DbbB%207-FZL7-C%207%5EEbZL7bB%207BZL7C%2077LZ%7B*%2Ci*%2C%5BZL7bBZF-7%207C%207bDZL7bB%207-ZFL7-C%207%5EbEZL7bBLZB7%20L7-C%209b7C%207%20C-77bA%207%5EbE2NZL%20QXyQyX%7D%207bB%207-FZLLZGh7%5EbE1NbD%207-F-7%20B1%237A%206bEZL7bB%20-7FZL7-C%206bEZL7b1LZAbB*%5B%5D%20L7bB%20%5E7XyQ7-C%207%5EbEA*%5B%5D%207Bb%207-FZL7F%20F%2FbB%7CLZF-7bGZL7%207-FZ%20C-7L7%5EbEZL7bB%207BZLC7%207bDZL7bB%207-FZ%20C-7L7%5EbEZBb7%20Z%20%3DJazz-Medium%20Swing%3D100%3D2
570116f8-fa45-43b9-a5e7-997e09c1e3f7,irealb://Bluesette%20ending=Thielemans%20Toots==Waltz=Bb==1r34LbKcu7%7BT34D%2D7XyQ%7CG7XyQ%7CC%2D7XyQ%7CF7%20=Jazz%2DMedium%20Swing=120=4
57fb1624-76ae-4702-b773-621ba5d52cd2,irealb://FF6%20-%20Epitaph%3DUematsu%20Nobuo%3D%3DMedium%20Swing%3DC%3D%3D1r34LbKcu7D%20A%7CQ%7CE*m7*E%7CQyXAA*%7C%5DQyX7*m*E%7CQyX%2CA%7CQyX*m7*XyQyXA%5BZL7G%20AXyQ%7CB*%7C%5DQyXAZL*7m*%20EA%7CQyX*m*G%7CQyXAD*m7*ZL*m*yX7C%7CQ%7CE*mm*G%7CQyX7hE%7CQyXBb%7CQyX7%5EDZL7A%20*77*XyQyX7%5ECQ%7CAsusXyQ%7CAXyQ%7CDsusXyQ%7CDXyQZ%20%3D%3D0%3D0
570c9830-d0c7-401d-ae86-c9b9ee25da0e,irealb://Zelda%203%20-%20Dark%20World%3DKondo%20Koji%3D%3DMedium%20Swing%3DC%3D%3D1r34LbKcu7F%7CQyX*m*Xy*%7B%5DQyX*7m*C%7CQy*Xm*C%7CQyX*7m*C%7CQAC*m*C44T%5BXbEB*b%5E7XyXQyX%7DQyX*9m*C%7CyQX*m*C%7C%7CQyXbB%7CQyQ%20%20%5BA%7CQyXm*G%7CQyQ%7CAbyX*7m*C%7CQyXF%7CQXybE%7CQyXbB%7CQyX7%5EQ%7CDXyXF%7CQyX7%5EbG*%2FGLZbB%7CQyX7%5EbAC*%5B%20Q%20yXQyX%5DQyX*7m*G6XyQ%7Cm*C%20*yQ%7CF*m*XyQ%7CE*m7*XyQ%7CC*m*%2FEbXyQ%7CD7XyQ%7CGsus%20G%2C%20Z%20%3D%3D0%3D0
577298e4-1261-4305-8654-72bf8b9f9fa1,irealb://Need%20Your%20Love%20So%20Bad%3DJohn%20Mertis%3D%3DRock%3DA%3D%3D1r34LbKcu7L7D%20AXyQ%7CA7-BZL7-%23F%20A%7CQy7Xh%23D%7CQyX7D%7CQyX7%20E7LZA21T%5B%7CQyX7E7%20%7D%7C%20AZL7E%20A%7CQyX7hD%23%7CQyXDZL%2C7A%20A2NA7LZB%20A1NZL7-%23F%7CE7%20FXh%23D%7CQyX7D%7CQyXA7%7CQyXA%7CQyX7EZL7yQ%7CA%20QyX7BZB-7%20E7LZA%20D7LZA%20E7LZA%3C*33Instr.%3EXyQZ%20%3DPop-Rock%2012/8%3D75%3D1
57c8dc24-9024-4d2d-9434-7f2496847219,irealb://Cara=Dalla%20Lucio==Medium%20Pop=C==1r34LbKcu7%3EX2%20O4C%5E9XattutQyXQyX66%2A%20%3CC%7B%20B%2F9G%207%2DD%7CQy%20INTR4Ti%2A%5B7%2DD%7CQCXyQ%7D%7CQyXB%2F7G%7CQyXC%2F%7CFQyX7%5EC%7CQyXCA%2A%5BE%2D7Xy%2FFZL%20%2A%5B%5DQyXyQ%7CFQyXCZLB%2F9G%207%2DDQ%7CyX9%5ECi%2A%5B%5DQyXC%2F%7CF%2FCXC%7CQyX%2F6F%7CQ%7CC%5E7XyX7%2DD%7CQyX7%2DE%7CQXyB%2F7G%7CQyXC%2FF%7CQyQ%7CCXyQyXCAQyX7GB%20%5D%5B%2A%2FF%7CQyXG%2F7%5EC%7CQyCX%3Eni%20dnab%2036%2A%3CACXyQ%7C%2F7G%20CyXC%2FFyQ%7CF%2F%2F7%5EC%7CQyXCA%2A%5B%5D%20G7%20G%2FF%7CQyXC%7CQyXGGXyQ%7CX7%2DE%7C7%5EF%7CQyQ%7CE%2D%7CQyX7%2DD%7CQyX7%5ECLZsus9G%207%2DD%7CQyX7E%2D7XyX7G%7CQXyQ%5D%20%3C%2A33Segue%20pag%2E%202%3E%20==0=0
57aea5e7-dd3e-4648-9d03-627e3d18878b,irealb://Caravan%20-%20rn%3DEllington%20Duke%3D%3DLatin%3DF-%3D%3D1r34LbKcu7QyX9C4%3C%20%28AKZL%20x%20ZL%20x%20ZL%20%20xZL%2C9%23C%209C%3E%29ABAcl%20LZ4TA*%7B%20lcKQQKcl%20%7CZL%20lcKQyX%2C7bBLZ%20lcKQyX7FB*%5B%7D%20Eb7XyyX-F%7CyX9CZXyQ%7CGL%20x%20ZL%20x%20ZL%20x%20LZ9%23C%209CA*%5B%5DQyX7Z%20x%20L7bAZLQ%7CF-XyQKcl%20%20Z%20%3DJazz-Latin/Swing%3D130%3D4
57f7d47e-bb0c-4dce-ae41-74b73833833e,irealb://Chororo%3DGil%20Gilberto%3D%3DMedium%20Swing%3DD%3D7%3D1r34LbKcu7%207-%23F4C%237bb7%23CZL%207-%23FZL%20b97%23CZL%207-%23FZL%2099%20LZ%202TA*%7BZL9b3%20LZN1%5D%20%209b31AZL9b31ZAL9b31A2N%7D%20%207%5ED%7B*BA17-EZL%7C%23D%2FB%2FF%23LZ%20B%7C%2C%23C%2FA%2C%23D%2FB%20E%2CZL7AZL%23G%2F7E%20%2CGA%2FC%23%2CD%20%2C%5EDZL%207ED%23%2CA%2FZL%207%23FZL%2CF%20%2CE%7C%23%2CD%2FB%2C%23C%2FA%20B%7C%2C%23CB7%20LZ%2FB%20%2CELGZL%23LZA13DC*%5B%209b31A%3Eeuqreb%3C%7D%20%209b31AZL9b%2C%20D%2FF9b31AL%207D%7CD%20%5BD77AZLo%23G%20GZL%23F%2F%20DD%5B%20DZL7AZL%2CGZLLZDLZZL7AZ%C3%B3s%3CZL7LZXy%20%3Ex4%3C%20xZL%20%5EbEZ%20LxZL%207E%7BQyXQyXQ%7DXyQ%20AZLGZ%20percussao%3EDLZ%3C*33NC%3EXyQ%7C%20LZ%20%20%7C%20%3DJazz-Medium%20Swing%3D120%3D3
57a45101-3a1a-4858-8f3c-149d98b61d05,irealb://Custard%20Puff%3DBrown%20Ray%3D%3DMedium%20Swing%3DG%3D%3D1r34LbKcu77E%207-%7CCXyQGl%7C%2Co%23Cs%20%207C%7CQXy7C%7CQyX7G%7CQyXG%7C%20CLZBQyXG%5B%239LZA-7XyQ%7CD7XyQ%7CsG%2CG7%2CC%2CC%23o%2C%7ClG/D%20D7%20%5D%20%3DJazz-Medium%20Swing%3D126%3D3
571d4865-c022-4cfe-84f4-e58d0a608c10,irealb://Day%20Dream%20-%20Verse%3DStrayhorn-Ellington%3D%3DBallad%3DF%3D%3D1r34LbKcu7EZL9FyQ%7CEbyX11-FZL7C%20C%2F7G-%7CQyX7%5EbD%7CQyX7%5EQ%7CG7%20X6-F%5B7%20sEb-6%2CDb7%2C%7ClC7XyQ%5D%20%3D%3D0%3D0
5770cfad-b1bb-4e67-a4f0-d4cde886ed25,irealb://Deep%20Waters%3DIncognito%3D%3DR'n'B%3DB%3D%3D1r34LbKcu7yX6-b%2CXyQ%7C%2C9-bA%7B%7DQyX6-bAQ%7CyX9-bA%7CQyX6-bAXyQ%7CA9-bA%7B%7DQyX99XyQ%7CQyX%23F/E%7CQyX7bDQ%7CyX11bD%7CQyX6-bA%7CEb7%23-bA%7CQD%7CQyXyQ%7CEb%7CQyX7%5EE%7C%7CQyX9-Db%7CQyX9-D%7CQyX11-Eb-11X7%5EE%7C-bD%7CQ%7CDb7%20%7CQyX7-bA%3Esuroh%3CC%5DQyX9%237bEZL9bGE%5E7XyQyX9-bD%7CQyDb-7%20%7CQyX7%5EE%7CQyX7-b%3EAsurohC%3CZL9%237bEDb-7X%7CQyX7-7%20Eb7%239%20%5BA/BXyQ%7D%7BA/BXyQ%7CA/BXyQ%7CA/BXyQ%7CBb/CXyQ%7D%20%3D%3D0%3D0
5742f7be-eecf-413d-8d3b-1488a82797f4,irealb://Tu%20Mirada%201=Witt%20Marcos==Slow%20Rock=G=5=1r34LbKcu7yXQyX4G%2C%2AAD%2CC%2FD%20D1NZL%2DA%20%7CC%2CD%20%20%2DE%7C%2C%23F%2FD%20%20%2C%7DXyQ4Ti%2A%7BB%2A%7B%20DN2D%20%20s%2ADZL%2DA%20C%7C%2CB%2FG%20%20C%7C%2CB%2FG%20%20C%7C%2CB%2FGus4%2A%20%7CQyXQGZLD%20%23LZE%2D%20QyXQyX%7D%2CD%2CC%2FDD%20ZL%2DA%20C1NZLQ%2CD%20LZN2CF%2FD%20GGZL%2DCXyQTo%20C%7D%20D%20%2DEZLD%20C%3E%3C%20Q%7BZL%2A4sus%2AG%3EA%20DLZC%2036%2A%3C%20XyQZ%20=Pop%2DSlow%20Rock=70=1
5709a6eb-7aca-4ffc-a7cb-39f114020756,irealb://Dominant%207=Composer%20Unknown==Rock=C==1r34LbKcu7QyX7b7XyQ%7C7bD%7CQyX7bA%7CQyXb7E%7CQyX7bB%7CQyX7FXyQ%7CGC44T%7B4T%7B%20QQ%7CE7XQyXQyXQyX%7DQyX7%7CGQyX7D%7CQyX7A%7CQyXyQXyyX7B%7CL%20lcKQKcl%2044T%7BQyXQyXQyXQXyQyXQyXQyXQyX%7D%20C7XyQyX7C4Z%20x%20LZ%20x%20%20%7D%20=Jazz%2DGypsy%20Jazz=140=8
5787d3cf-0e8d-4b69-a795-767dd4187982,irealb://%E3%82%B9%E3%83%BC%E3%83%91%E3%83%BC%E3%83%9E%E3%83%AA%E3%82%AA%E3%80%80%E7%84%A1%E6%95%B5%3DComposer%20Unknown%3D%3DMedium%20Swing%3DC%3D%3D1r34LbKcu7%7BT44D-7LZxLZC%5E7LZxLZD-7LZxLZC%5E7LZx%2C%20%7D%20%3DLatin-Brazil%3A%20Samba%3D200%3D10
57e35aa0-49e4-4017-9cb0-8485c47a2ddf,irealb://Entra%20En%20La%20Presencia%3DComposer%20Unknown%3D%3DBallad%20Even%3DD%3D%3D1r34LbKcu7F%207%23F4D%2C*AB*%7B%7DQyXA%7C%2CG%20%20-ZELA%2FD%20-BZL%23C%2FA%20GXyQ%7C4TA*%7B-B%20DQZB-%20BZLQ%2CA%20-EZL-B%20D%7C%7C%2CA%2CG%20%23G%2FEZLA%2F-DXyQ%7DL%23A%2F%23LZ%7BE-%20ALZB-%2C%20E7%2C%20%7D%7CE-%2C%20ALZG%20G-LZDXyQZ%20%3DJazz-Ballad%20Even%3D60%3D3
57e8a396-e2c5-4386-9448-5f5608b72728,irealb://Etude%3DS.Suzuki%3D%3DUp%20Be-Bop%3DG%3D7%3D1r34LbKcu77GZLG%20GLZGD%20DZLD%207GZLG%20GLZG%207DZLD%20DZLD%207LZD7%20G44T%5B%20CLZD%20DLZD7%20GLZG%20GLZG7%20DLZD7%20G%20%5D%7C%20%3DPop-Reggae%3D90%3D4
5797c8b2-ccf1-4374-be67-ea50e1f9ef14,irealb://Last%20Of%20The%20Famous%20International%20Playboys%2C%20The%3DMorrissey%3D%3DBrit%20Pop%3DG%3D%3D1r34LbKcu7ZLC%20D44D%20C%3EzoV%20%2096*%3CA*YZ%20Lx%20ZL%20x%20ZL%20x%20ZLD%20CLZTi*%5BY%7CQyXCD%20CLZ%7CQyXC%7CQyXG%7CQyX%7CCQyXA%7CQyXC%7CQyXGAXyQ%7CZLC%20D66*%3CC%3C*66XC%20DZLC%20DZLC%20DZCL%20D%3EafortsE%20%20Qy%20%7DY%7B*SB*%7BYC%20%2066o%3EGXy%2C%7BY%7DQyXC%3E3x%20.SD.%3C%7CQyX-A%7CQyXC%7CQ*C%2C%3C*roC%20%20oro%3EGXyQ%7CCXyQ%7CA-XyQ%7CCXyQ%7D%20%3DPop-Bluegrass%3D220%3D1
57f786b6-17b5-4e5d-9774-6a4bd0562a12,irealb://Wind%20That%20Shakes%20The%20Barley=Composer%20Unknown==Medium%20Swing=D==1r34LbKcu7%2A%2CZLAT44DXXD%7CQyXG%7CQyXDZL%20AG%7CQyXD%7CQyXG%7CQyyQ%7CG%20%2CA%2A%2C%5BB%2CD%20GLZD%20ALZD%20GLZD%20ALZD%20GLZD%20ALZD%20B%2DLZG%20A%20Z%20=Pop%2DCountry=120=4
574d66cf-74e2-4a70-9cf1-d0bf16275214,irealb://Rock%20With%20%20You%3DMichael%20Jackson%20(Rod%20Temperton)%3D%3DDisco%3DEb-%3D6%3D1r34LbKcu7yX9-b4Eb-9%2FB%20bB%2FbA%7CQyX9-EbZLbB%20bB%2FbA%7CQyXC%23LZE4TA*%5ByXbA%2FBb%20BbX9-bEB*%7B%5D%20bA%20b%2FAbGZLbA%20bA%2FbGZLyQ%7CGb%2FbA%7CQ*%5B%5DQyBbXyQG%7CQyX7%5EB%7CQyX7-%7CFQyX7%5EbG%7C%7D%20%20lcKb%2FAbX%2FbA%7CQa%20.C.7%2CF-7%2FbE%2C7%5EbG%2C7-F%2C7b-E%7CQyXnZL%2C7%5EbG%2CG%2C%7C%3CD-bEsCbB%2FbAa%3ElAb-bEZLbB%20bB%2FbA%7CyQX9-bEQA*%5B%5D%20Q%20%209XyQ%7CdoC%20lbBC*%5BLZEb-bA%2FbGZLbA%20bA%2FbZGLbB%20bB%2FbA%7CQyX9%20Ab%20%5D%23C%2FB%20%2FbA%7CQLZEb9E%5B%5D%20bA%2FbGZL7%5EBLZ7-FZL7%5EbGZLxZLb-9XyxZL7-%2FbBs%20b%2CLZEA%7CQyX9-bEZL%2C%23CB%2F%20%2CbB%2FbA%7CQyX9-bb%2FBb%2CB%20%2CbB9-ElZ%23%2C%7ClBB%2FAl%7CQyX9-ED*%7Bp%5D%2CD%2FCpp%7CQyX%2C%23C%2F%2C%20B%2CLC%2FB%2CCepeRQ%2FB%2C%20C%3C%20%2CA%2FG%3E%5C%3CZL%2CB%20B%2C%2FA%7CQyX9-EZL%2CD%2F*60XyA%7CQyXQyXQyd%20fadyXQyXQyXQyXQyXyQXQyXQyX%3CZL%2CA%3EeQXyQXna%20taXyQ%3EG%2FA%2C%20A%20%7D%20%3DPop-Soul%3D113%3D1
57d355b3-bead-4c22-b9c8-4d120e5b3c7b,irealb://Georgia%20On%20My%20Mind%20%20%28JCHO%20vers%29%3DCarmichael%20Hoagy%3D%3DLatin-Cuba:%20Cha%20Cha%20Cha%3DF%3D%3D1r34LbKcu7%7C%2C7bE4F%5E7Xs%20B/9GZLC/7-D%20-7DZL9b7A%207hE%7CQyBb-7%2C4TA*%7B%207-G2D7LZNX%7D%205%239b7C%207-GZ7LD%207-AZL7C%207-G1yQLZN%207-Al6-G%207ZF6XybB%207-DZL6-G%207-BD*%5B%5D%209b7A%207hE%7CQ9LZD-L9b7CG%207-G%20G9LZ7-Al%7C%2C9b7E%2C7hB%20sC/-DZL%23C/-D%20-D%20D7LZ7-DZL%2C7bE%2C*AF%5E7%20B/9GZLC/7-D%207D-ZL9b7A%207hE%7CQyXsBb-7%5B%5D%209b%7ClA-7%20D7LZG-7%20C13b9LZF6%20D-7LZG-7%20C13b9%20Z%20%3DLatin-Cuba:%20Cha%20Cha%20Cha%3D95%3D4
57002693-e428-4716-b8b1-6196ec40f88a,irealb://Guitar%20Lesson%20Companion%2C%20Vol.%201:%20Track%20054%3DSusan%20Palmer%20of%20LeadCatPress.com%3D%3DSecond%20Edition%3DA%3D%3D1r34LbKcu7EZL%20l7XyQ%7C7AZL%20lcKQyX7DZ%20LlcKQyX7A%7CQyX7DXyQKcA44T%7BratiuD7XyQ%20noitacudE%20cisMu%3C%7DQyX7E%7CQyX7A%7Cfor%20G%7CQyX7ists:%20LeadCatPress.com%3E%20%3DJazz-Medium%20Swing%3D75%3D17
5701ca83-194f-40d1-b006-1fb5fd7af3f6,irealb://Haven't%20We%20Met%3DRankin%20Kenny%3D%3DMedium%20Swing%3DA%3D%3D1r34LbKcu7yX9%5EC4sA%5E7CZL%2C7%5ED%7C%7D%20%3Ex33*6%3CxZLsus7EZLxZL%23-7LZ3Ti*%5BZL7-%23%20E7suL%2C7%5EDZL7-%23FZL7A%5ESA*%7BQyXQyX%7Cp%2CsZxLZC7-B%7CQL7-BZZB-7L9%5ECZL9GZL7%5EDZL13AZL7-EZLsus7EZLZF7LL9-%23Fx475*s%2CQLZL7%5EA%7B%7D%20sus7EZL-7BZL9%5ECZL7-%23C1NZD%5E7%3Cus7EZFZL7ABA-7LZLxZL7%5EFZL9CZL-7GZLxZL7%5EGZL9DZE-7LZ*%20%7D%20%3E%3C%2C7EZB-7LZL7%5ECZL7-%23CZL7ELZ7-BZL7%23FZL7-%23CZB-7LZL7-%23%5ECZL7al%20CoBZL7%23FZL7-%23CQCZ*L%20QyXQyX%7CZ%20%3Ead-7LZE%20.S.D9LZF7LZB-7LZE7LZC%5E7LZxLZB7LZxLZBb%5E7LZxLZfA%5E7%2CU%20%7C%20%3D%3D150%3D1
5738ae19-394d-4d98-a073-32132e0f9d8f,irealb://Human%20Nature%3DJackson%20Michael%3D%3DMedium%20Pop%3DA%3D%3D1r34LbKcu7GZL%20x4G/A%20%20%2CGZLxZLxZLx%7C%2C%2CAGA*%7D%207-E%20%5EFZLAA%2CLZ%204Ti*%5B-EZL7LZE-7ZLx%7C%2CA%2CGZLxZLxLZx%7C%2CA%2CGA*S%7BZLA%20G%20F%23-7-%23F%20%2CDsZL*BG%20A-B%207-EZL-%23F%20Gl%2C%7CA%2C-B%2C%23C/D%2CDsZLLZG%20A%5D%20A%207-EZL-B-%2CA%2CZL-B%207-E2N%7D%20Q%2C%20A7-E1NZL-%23F%20Gl%7CE-7%20B%2C%23C/D%7D%207-E%5D%7C*CEdoC%20la%20.S.D%3CZL%20AA/Gi*%7B%20%2C%5EGZL%2C-a%3EF%5E%20%20-B%207%20-B%20744G%2CA-B%207-EZL-%23F%20Gl%2C%7CA%2C-B%2C%23C/D%2CDs%7C%2C%20%7D%7CE-TQ%7B%20%20%2CBZL7A%2C%7CF%5EZL7-A%20%5EbBZL7-E%5E%20F%7C%2CA%2CA/GZL7-E%20F%5E%20E-%2CA/G%5D%20LZxLZxLZxLZfUA%2C%20%20Z%20%3DPop-Soul%3D90%3D1
5733a121-6964-4d5f-af44-702ea566c2fe,irealb://I%20Fall%20In%20Love%20Too%20Easily%20%28DGM%29%20037=Cahn%2FStyne==Ballad=Eb==1r34LbKcu7%2F5b7%2D%2D7%20Bb%2F%2DC%20%2DCZL9b7G%2057bDZL7%2DC%207%5EbEZL7BbLZDF44T%5B7%2DCs%5Bb9LZCG%205b7%2DDZL9b7D%20b57%2DAZLbB%2F7%2DC%207%2D7b9%20%5D7G%20bA%2DGZL%2C5%2C%20D7%2DFZL7%5E%2DF%20%2DFZL7%20C%2C6C%7CQyX7Gl%7C%2C9b7%20Bb7b7%2DA%2C7%20C7LZF%2D7%20Bb7b9LZUEb6%20%20%28C7b9%29%20Z%20==70=1
5790dd16-5efd-45d1-af1f-a5cd68774d6f,irealb://Donna%20Lee%20%28DGM%29%20642=Parker%20Charlie==Up%20Tempo%20Swing=Ab==1r34LbKcu7A%7CQyXb%28Ab%5EyX7%2DbBZL%20lcKQy7XbB%7CQyX7F%7CQyX%297Q%7CEb7A44T%5BbA%28bA7%29XyQ7bG%287%2DbD%7CQyX%297b%5ED%28bDZL7D%207%2DbE%7C%29XyQ%7C%5EbA%28bX%297%5EbQ%7CF7X%5DQyX7bE%7CQyX7%2DbZBL%20lcKQyX7bB%7CQy%5BAb%28AyX%297%5EC%7CQyXXyQ%7CBx%299b7C%28%20%7CQyX%297Gh%287CZL%20lcKQyX7b%20LZF%2D7F%7CQy7%2DbBZQ%7CF%2DXA%7CQyX7obA%7CQyX%2D%7CFQyX%299b7C%287C%7CQyb%20F7LyX9%237%20Eb7LZAbXyQ%7C%2CU%2CAb%28Bb%2D7%29%20%20%28Eb7%29%20Z%20==240=1
57f10b3f-7dee-4c70-8de3-beca0e4d82fd,irealb://I%20Thought%20About%20You%20Real%20Book%3DVan-Heusen%20Jimmy%3D%3DBallad%3DF%3D%3D1r34LbKcu77GZLs4Bh7(%20sus7GZL31b7D%20-7AZL11%237bB%20)7%5EFAb7su4TA*%5B*%5B%5D%2077LZG-ZL7bD%207-DZL7A%20-7E%7C)7-F(%207-%23F%207C-7%20FG%20susL%20x%20ZXyQ%7CBhBZL7%5EbB%207-AZL-7G%207%5EFZL7bE%207-b7%20E7L7%5EbBBGZL31Ab7LZ-AZL11%237bB%20)7%5E(F7hBA*%5B%5D%207C%207-G7%20D7b%207-AZ7A%20)7Ab7suE%7C)7-F(%207-%23F%207G-ZL7G%20%2Csus7GZLsh7(E-%20sus7%2FF%2CFZ)LZD-7-bB%7CQyX7%5EbBC*%5D%5B%207F%207-CZL7bD%207%20Eb7L7A(9b-C%207b%2CF%2FC%2CD%206FZL7C%207-GZLb7A%207-AZL7E%207-B%7C-7LZDD%2FF%2CE7%20Z%20%3D%3D0%3D0
57f14ebe-4dd1-4c54-a3f0-5075436fca62,irealb://Englishman%20In%20New%20York%3DSting%20%28Gordon%20Sumner%29%3D%3DRock%20Ballad%3DB-%3D%3D1r34LbKcu7E%7C%2CA%204E-%20AA%20-EA*S%5B%7D%2CA%20%20-ZBLA%20-E%7C%2CA%20%20-BZLLZB-%204Ti*%7ByX-BZB-%20%20AE%7B%7CQyX-BZLA%20-E%2C%7CA%20%20-BZLA%20-E%7C%7C%2C-%20A%2CLZLA%20-LA%20-EALZB-%20-BZLA%20-E%7C%2CA%20%20B-ZLQ%2CA%20-E%7C%7C%2CA%20%20%20A%2C%7C%7C%20-E%7CQB2N%7C%7DQ%7CE-%20B1NZLA%20-E%7CQyX-ZBLA%20-E%7CQyX-BZLA-%20%20A%2CyX-BZ%23A/%23FC%23%2C%5B%2C%7CQyXG%7CQyX%23F%7CQy-XB%7CQyXA%7CQyXD%2CB*AXyQ%7C/A%20%20-*%3C89T%7CB-%20%20%3C%20%20%2C-BZLA%20-E%3E%29ngiwS%28%20oloS27*%3C%7B4x%3E%20%7DY%7CQyXBQ%7B%7D%20Hop%20B*%3C%20%20n%3EadoC%20la%20S..D%3C%7B%20%3Enwodkaer184x%3EpiH96-XyQ%7CE-%20ALZ%3CXyQXyQ%20%20Repeat%20and%20Fade%3EB-XyQ%7CE-%20A%20%7D%20%3D%3D0%3D0
57da9834-a195-4fc5-a421-35ca4f8922c6,irealb://Is%20A%20Good%20Man%20Real=Bolles%20Vilray==Medium%20Swing=Db==1r34LbKcu7yX7%2DF4Db69%2011%2331A%7CQyX7%2Db%7CEQyX11%2331G%7CQyX%2CAb7LZ4TA%2A%5B9bB%7CQXyQ%7CE%7CQyX9b7F%7CQyX9bF7%7CQyX7bA%7CQyX7%2DbBb9Xy9bB%7CQyX7bA1Eb9X%2DbE2N%7C%7DQyX7bA%7CyQX7bA%7CQyX9bE%7CQy7XyQ%7CN%7CQyXX96bD9%20Gb71%2331bG%7CQyX11%233b1GB%2A%7C%5DQyX96bDZL1XyQ%7C6bD%7CQyX96b69XyQQyX31bA%7CQyX7%2Db%7CEQyX9bE%7CQyX9bE%7C%5D%7C%2AADbD%7CQy7%2DbE%7C%2311XyB%7CQyX7%2DFZL7bA%2011%2331A%7CQyX7%2DbE%7CQb9XyQ31G%7CQA%7CQyXb7XyQQyX9bB%7CQyX9bB%7CyQX9b7F%7CQyX9b7F%7C%7CEb%2D7A%7CQyXb7XyQ%7CDb69%20Gb7LZDb69XyQ%5D%20==123=0
57e68bbb-da71-40a5-8351-7af83bd16366,irealb://It's%20All%20In%20The%20Game%3DEdwards%20Tommy%3D%3DModerately%20Slow%3DF%3D%3D1r34LbKcu7G%7CQyX4F%5E7XyX7%5EFZLC/7-G%207F%5EZLC/7-G%207-G%7CQyQ%7CF%5E74TA*%7BL7G%2077/CLZX7-D%7CQyX6F1N%7CQXy7%5EFZLC/7-G%207%5EFyQ%7CF%5E-G%207-6F2NBD-%2CF-X7C%7CQyXC/7-GZLG7%207-D%7CQyX7%5EC%7C%5D%2CyQ%7D%5B*%207%5ECZ/7-G%20-7XyQC/7-G%207-G%7CQyX7F%5E%7CQyX7G%7CQyX7%5EF%7CLZF%5E7D%7CQyXCLZF%5E7XyQ%7D%20%3D%3D0%3D0
57164017-87cf-400f-ba98-d48bc374f2cc,irealb://La%20Peregrinaci%C3%B3n%3DRamirez%20Ariel%3D%3DHuella%3DF%23-%3D9%3D1r34LbKcu7QyX7%238F%23-X-B1N%7CQyX-%23F%7CQyAX%7CQyXE%7CQyX-B%7CQyXyQ%7CC6TA*%7B%7CQyX-yQ%7DXy-%23FB*%7B%5DQyX-%23F%7CyQX7%23C%7CQyXG2NZLQXyQ%7CBX-%23F%7CE%7CQyXAXyQ%7CX%23F%7CQyX-%23F%7CQyX%237C%7CQyX-B%7CQyX-%23FyQ%7CB-%7CQyXEC%7CQyXXyQ%7CND2N%7DQyX-%23F%7CQyX%237C%7CQyXG%7CQyX-%23F1XyQ%7CGA%7CQyXC%7CQyX%7CF%23-XX-%23F%7CQyXA%7CQyXEQ%7CyX-B%7CQyX-%23F%7CQyyQ%7CB-QyX7%23%237XyQ%5DXyQLZ%2CQ%2CF%23-XyQ%5D%20%3DLatin-Cuba%3A%20Bolero%3D120%3D2
572e878b-d5e1-4109-ba89-393187cbd168,irealb://Lamentos%3DPixinguinha%3D%3DChoro%3DG%3D%3D1r34LbKcu7oGZLo2GLZCLGA*S%7B%5D%20Gl%3Eeni%3CF%7C%7D%2C7D%2C7AsZLGZLZGLZG2Ti*%5BA%7C%2C7EGLZFL%23F%2C%23CsZLBZL-EZ-LEZL7BZL-AZL7EZ7%2C%7CB%2CZLGZLZL-EB%7ClGLZZLGl%7C%2C7D%2C7-As%7C%20%5DQ%2CGZL-CZLCZL7GG%20%7D%7C*%2C7D%2C-%2CCZL--LZE-ZL-EZL7BZL7BZLA-ZL-AZL-AZL-AZLE-LZAEZL-E%2C-A%3Ee%2CC-%2C%7Ca%20.C.D%3CQ%5B%20%20%7C%5D%20D7%3EadoC%20la%20.S.D%3Cl%20FinE%7C%2C7BD7%5D%7C%20%3D%3D0%3D0
579f469c-ad50-4ebd-9ef1-1384099d56ac,irealb://Last%20Tango%20in%20Paris%3DComposer%20Unknown%3D%3DWaltz%3DC%3D%3D1r34LbKcu7%20x%20ZL4G-7X%20lcKQyX7-bB%7CZLx%20%20ZL%20x%20ZL%20lcKQyLZ%20x%203Ti*%5BL%20lcK7XyQKCZL%20lcKQyX7-CZ%20LlcKQyX6-GZL%20lc-6XyQ-G%7B%5D%20ZL%20lcXyQKc-CZL%20lcKQyX7-CLZ%20lcKQyX6-GZL%20l6XyQK7-G%7CZL%20lcKyQKclbBZL%20lcKQyX7-bZBL%20lcKQyX6-FZL%20-6XyQX7-F%7CX7D%7CQyQKcl%7CQyX7-B%7CQyX7-bZBL%20lcKQyX7-CZL%20A-7XyX7-FZyQ%7D%20%3DJazz-Ballad%20Swing%3D160%3D6
577a7a4f-fed6-47ba-aaab-365c51ba9fd4,irealb://Life%20could%20be%20a%20Dream%20%28Sh-Boom%29%3DKeyes%2C%20Feaster%2C%20Feaster%2C%20McRae%20and%20Edwards%3D%3DShuffle%3DC%3D%3D1r34LbKcu7A%20C1N4C%20A--DZL-A%20CZL7G%20-ZDL-A%20CZL7G%20-DZL%20G7LZ4TA*%7BQyX-AG7%20%7DX%7CQyX7EB*%5B%5D%207B%20ZCLF%20C2NZL%20QyXQyxXyQ%7C%20FZL--A%20CZ%7CD7XyDZL-A%20CA*%5B%5D%20n%20G7%7CQyX7-D%7CQyXx%7CQ-%20G7LQyXx%7CLZD-%20G7LZC%20A-LZD-%20G7LZC%20FLZCXyQZ%20%3DPop-Shuffle%3D145%3D3
57308dda-fea7-4316-9a7e-ad5ea3aeb849,irealb://Half%20dim%203=Exersice==Medium%20Swing=C==1r34LbKcu7b7B%7CQBbh7XF%7CQyX9b7bD%7CQyXh7bA%7CQyX9b7bE%7CQy%23h7Xy44T%7BYb7B%7CQE%5E7%231F%7CQyX9b7bD%7CQyXh7bA%7BY%7D%20%20lcKQyX1%23h7Xy%7CQyX99XyQ%7CEh7XyQ%7CA7b9XyQ%7CD%5E7%2311XyQKcl%20%20%7D%20=Jazz%2DMedium%20Swing=110=1
57da2426-c6ee-489a-943a-6cdce7f0eda7,irealb://Modesty%20Blues%20RB%20II%3DTjader%20Cal%3D%3DLatin%3DF%3D%3D1r34LbKcu7QyX7b4F7Xy7bA%7CQyX7bBZL%20lKcQyX7F%7CQyX7bE%7CQXyQ%7CB4TA*%7B7FB*%7CZG-7XKQyX7F2N%7C%7D%20%20lcQKyX7C1NZL%20lcKQycl%20%20%5DL%20lcKFA*%7C%5Dl%20LZB%7CQyX7bDZL%20lcKQXy7bAZL%20lcKQyX7bC7XyQcKQyXGZL%20lEb7Xy7bB%7CQyX7bA%7CQyXb7BZL%20lcKQyX7F%7CQXyQKc%7CQyX77Fs%3E:Kcl%20L%3C%5B%20%20QyXQyXZ%20%20x%3E%20eniF%3C%7CQyX7FfUZSolosQyX7-ZL7FZLZF7LL7F%5B%5D%207bAZL7bBLZ7bAZL7bBZL7bEZZEb7L7bEZLAZL7bBb7LZEZL7FZL7bEZL7F%5D%5B%207bAZL7bBZL7bAb7LZBZL7bEb7LZ%3CD.C.%20al%20Fine%3EBb7LZAb7%2C%20%5D%20%3DJazz-Latin%3D160%3D1
57fc4699-4079-4fe7-bde1-d291d375375d,irealb://In%20The%20Midnight%20Hour%3DWilson%20Pickett%20%28Pickett%2C%20Cropper%29%3D%3DRock%3DE%3D%3D1r34LbKcu7yXQyX44D7X7EZL7A%207E%7CQyX7%7CGQyX7A%7CQyX7B%7CQy%20A7%20%5DTi*%5BYZL%2C7A*ASE7L%2C7A%20%2C7EZL%2C7A%207%2CEZL%2C7A%207EZL7A%20ZE7%2C%20%7BY%20%20Q%7CQyX%2C7%2CLZEX%2C7A%7CQyX%2C7BB*%5B%20%5D7A%20%2C7EZL%2C7A%20%2C7yQ%7CB7A%20%2C7EC%20la%20Q%7CE7%2C%7CQyX%2C7DZL%2C7A%20%2CE7ZL%2C7A%20%2C7EZL7A%20%3CD.S.yX%2C7Aoda%3EB7%2C%20%20Q%20%7DXyQXyQXyQXyQY%7BQE7%2C%20A7%2CLZE7%2C%20A7%2C%3C8x%3E%20%7D%20%3DPop-Rock%3D115%3D1
57f52b71-ab1d-4ff7-9c17-2af4a962137e,irealb://My%20Attorney%20Bernie%20rh%20Gm%3DFrishberg%20Dave%3D%3DMedium%20Samba%3DG-%3D%3D1r34LbKcu7%2C-FsZ4G-LZ%5BYZL%20QyXQyXZL97%23DZLbEl%7C%2CbB%2C-Fs*AG-L4Ti*%5ByX%7C%5DnEbLZD/%20/%20%2060*%3CZLG%3E//%20%20/%20/%2060*%3CZL9%237%20/%3Epsl%7C%2CbB-bEZLlDh%2CW7-Fl%7CnpsZLCZL%20r%7C%20ZL%20%7Cr%20ZLx%7C%2CG/LZBb9B*%7B%20QQyX%7C%7D9LZDbZL11%239bAlZL9b7ZFL7-CZL9%5EbGZL7%5EsG9%2CnbAZL7%5EbB%28EQXyQ%5BEs%7Cnp%7Cp%2C9D%7Cn%2CF%29%7C%5EbB%28E%299F%28bEsC*b%28F9%29yXQyXyXQyX%7CD%2Cn%7CX%7C%5D%209%237DZLbEl%7Cb%2CBQ%2C-FsZL-GlZLnyQXyQn%2CF%7C%29Q%7CQEb%2CsD7%2C%7ClnLZnLZG%2C%20Z%20%3DJazz-Latin%3D180%3D3
5742d6a9-328f-4fe6-bf71-a111b657f2d6,irealb://My%20Girl%27s%20Pussy=Roy%20Harry==Medium%20Up%20Swing=G==1r34LbKcu7GZL7D4GXyQZL7E%207G%7CQyXCZLE7%20G%7CQyXC%7CQyX7B%7CN1A7%204TA%2A{7C%7CQyXyQXyX7G%7CQyXGB%2A[]%207%20DGZL7D%207A2NZL%20QyQ%7CCX}%207D%20E%20G%7CQ7XyQ%7CyX7B%7CQyXGA%2A[]QXy7D%7CQyX7D%7CQyX7AQ%7CCXyA%7CQyX7LZCXyQ%7CG7%20E7LZA7%20D7LZG%20D7%20Z%20=Jazz%2DMedium%20Up%20Swing=185=10
57416ce7-5ea3-40da-9418-952cd992d8ac,irealb://Old%20Folks%3DRobison%20Willard%3D%3DBallad%3DF%3D5%3D1r34LbKcu7D%207hA4Eh7%20%207%5EbBl%7C%2C7F%2C7-C7%2CbD%2C7-DsZL31b7AEb7LZ4TA*%7ByX%7D%2C7G-7%20CF%2C7C%2C7-Gs%7CQyX71GNZL9b7D%207hAZL7-7%2CBbZL9b7yX7%5EbLZN2l%207-CZL5%237C%207%5EF*B%5B%5DQyX6FZL7C%207GF7LZB%20QyXQ7bB%2C7XyQ%7CF%2C7-Gs%7CQyX7G%7CQy7X-Dl%7C%2C7A%2ChEs%207%5EC7%2CF-7bE%7CQD%207hAlEh7%20%207%5EbBl%7C%2C7F%2C7-C7%2CbD%2C7-DsZL31b7AEb7LZA*%5B%5D%2C7b9LZG-7%20C7LZAh7%20D7b9LZG7%20C7LZF6XyQZ%20%3DJazz-Ballad%20Swing%3D60%3D0
576dbece-3602-4ba6-9cfe-e865af7eaaf2,irealb://You%20And%20The%20Night%20And%20The%20Music%3DSchwartz%20Arthur%3D%3DMedium%20Up%20Swing%3DC-%3D3%3D1r34LbKcu7X9b7G4C-XyhD%7CQyX7-FZL9b7%20C-CZL9b7G%207hD%7CQ7XyQ%7C4T%7BA*lcKQy7XyQKL%20lcKQyX7GZL%20lKcQyX7bA%5BB*%7D%20%20lcZAb7X%5EC%7CQyyX7-F%20Ab7LC%20-CZL9b7G%207hDQ%7CyX-C%5BA*%5DQyX7GZ7b9LZ7GZL%20Q%7CDh7%20G7b9LZC-%20Ah7LZDh7%20G7b9LZC-%20%20%20Z%3DJazz-Medium%20Up%20Swing%3D160%3D0
5719c18e-3a78-4cd7-a7a0-22384bef2d1c,irealb://Pagan%20Love%20Song%3DNacio%20H%20Brown%2C%20Arthue%20Freed%20%281929%29%3D%3DMedium%20Swing%3DBb%3D%3D1r34LbKcu7QyX%2BF*74VeFZL%20lcKQyX7F%7CQXy7bG%7CQyX-bB%3Eesr7XyQ%7C%3C44T%7BXbBZLyQKcl%20x%20ZL%20lcKQyXbBs%3EurohC47*%3C%5BY%7D%20%20LZ%20x%20X-bB%7CcKQyX7XyQ%7ClcKQyXbBZL%20lcKyQX7FZL%20lcKQyXbB%20LZF7bE%7CQy%7CQyX7bXyQKXbBZL%20x%20ZL%20x%20Z%20LlcKQyXbB%7CZL%20lcyQ%7CGbBZL%20lXbB%7CQKcl%20LL7bG%207FZL%20lcKQXybBZL%20lcKQyX7FZZF9XyQyXbByQKcl%20%20%5D%20%3D%3D0%3D0
571faa58-312d-425a-aefc-6b34ed04dab0,irealb://Swing%20Low%2C%20Sweet%20Chariot%3DHarry%20Thacker%20Burleigh%20%281917%29%3D%3DSpiritual%3DG%3D%3D1r34LbKcu7G%20G%7CQXyQ%7CC7D%20GZLG%20CZL7G%20%7CGQyX7D%7CQyXGZLG%20LZGXyG44T%5B7LZC%20GLZGXyQ%7CD7XyQ%7CG%20G7LZC%20GLZG%20D7LZGXyQ%5D%20%3D%3D0%3D0
57ac5d96-f509-4bca-a426-e0a2890f74c7,irealb://That's%20My%20Home%20%28Dixieland%20Tunes%29%3DRene%2C%20Rene%2C%20Ellison%201932%3D%3DMedium%20Swing%3DF%3D%3D1r34LbKcu7yXF1NT44BbC%7CQyX7-G%7CQyX7GQ%7CyXF%7CQyX-bB%7CQyX7XyQ%7C%2CA*%2C%7BQyXFZyQ%7DXyQyX-bB%2CB*%2C%7CQyXZFLbB%20F2NZL%20QyXQKcl%20LX%2BF%7CQQyXF%7CZG-XyB%7CQyXbB%2CA*%2C%7CQy7XC%7CQyX7GZL%20lcKQb-XyQL%20lcK%7CG7XyQ%7CG-7XyQ%7CC7XyQ%7CF%20BbLZFXyQZ%20%3D%3D0%3D0
57176513-a42e-4fb9-8abb-c0abf08836af,irealb://When%20I'm%20Cleaning%20Windows%3DFormby%2C%20Gifford%2C%20Cliffe%20%281936%29%3D%3DMedium%20Swing%3DF%3D%3D1r34LbKcu7*%2C%5BY%5DXyQKcL%20x%20ZL%20lcKQyX7ZCL%20lcKQyX7GZL%20lZFXyQF44T%5B7bD%7CQ4ChorQyXF%7CQyXoB%7CQyXBb%7CQyX7F%7CQyXF%3Esu%7CD7Xy7*%3C%2CA7C%207bFXyQ%7C7D%7CQyXF%7CQyXoB%7CyQXbB%7CQyX7F%7CQyXFXyQ%7CDZL7C%20QyX7CQ%5D%5B%2C*KQyX7GZL%20lcKQy7XDZL%20lcKQyX7A%2CBcl%20LZyXFZLC%207bD%5D%5B%2C*AD%7CQyXF%7CQyXoB%7CQXybB%7CQyX7F%7CQyXF%2C7XyQ%7C%20%20lcK7LZFXyQ%5D%20%3D%3D0%3D0
57f4d104-60a9-44ab-b20c-599532357be0,irealb://Open%20Arms%3DJourney%3D%3DMedium%20Swing%3DC%3D%3D1r34LbKcu7-AZL%2C4CLZxxZLCA*%7B%5D%20xZLFZGLZL-AZLFZLB/GZLLZG/B3Ti*%5B/GZLFZGLZFCl%7C%2CB/W%2C-AsZL-ZALxZL-DB*%5B%7D%20xZLLZGLZL-AZLxZLbBZG/F%20FZLxZL-EZLxZLC*C%7BQyXQyXQyXQyX%5DLZxLZLFZLF%3C2x%3E%20%7D%5B%2C*D%2CCLZxLZG/BLZG/BbLZA-LZBbLZCLZn%20%5D%20%3DJazz-Medium%20Swing%3D105%3D3
574f0ac5-24d2-4b63-a3ca-0b8e3d91e7e1,irealb://We%20Gather%20Together%20to%20Ask%20the%20Lord's%20Blessing%20%3DValerius%20Adrianus%3D%3DMedium%20Waltz%3DD%3D%3D1r34LbKcu7Es%20-B%2CG%2CD%2C7Es%2C-BZL%20%2CAZLQXyZL%20DZL%207AZL%20D%7C%2ClA%2C%7CD43T%5B%2C-EZL%20LZXyGlZLQyX%7C7Ds%20DZ%20L7AZL%20DZL%207AZLQ%20LZD%20Al%7C%2C7A7LZD%20%20%5B%20%3D%3D0%3D0
574dcc62-4644-4b26-aa7d-3c8a859a87f4,irealb://Rey%20De%20Reyes%3DBarrientos%20Marco%3D%3DRock%20%3DD%3D%3D1r34LbKcu7G%7CQyX4D%2C*AyX7-E%7CQyXA%7CQyX4*sus*A%7CQyXD%7CQyXQ%7CE-74Ti*%5B%7C%7DQyXXyQ%7D%7B7-E1N%7CQyXA%7CQyX-7B%3Eoroc-erP66*%3CXyQ%7CDG%7CQyXXA%7CQyQ%7CAXyQyX7-B%7CQyXD%7CQyDX%7CQyXG%7CQyXGB*%7BQ%7CB-7XyXG2NQyX7-66To%207-E%7CQyXC*%2C7-E%7BQ%7DyXA%3EC%20ot/ortniXyQ%7CB*%3C%7CQy%7CB-7XyQ%7CDXyQ%7CDXyQ%7CAXyQ%7CAXyQ%7D%7CfG%20%20%2CU%2C%20Z%20%3DPop-Rock%3D115%3D1
57592a42-8511-4a00-99eb-5bf494bd346a,irealb://Rhythm%20Changes%20AcAcBbAd%3DExercise%20Trent%20Kynaston%3D%3DMedium%20Swing%3DBb%3D10%3D1r34LbKcu7X%2CbEZ4Bb7X%2C7-FZL7F%207-C%7CQXy7bBZL7F%207-C%7CQy%20Bb7L4TA*%7B*%5B%5DQyBb%2CXyL7F%20%2C7-C2NZL%20QXyQyX%7D%207F%20%2C7-C%7CQZBb%2CX1N%7CQyA*%5B%5D%20QKcl%20yX%2C7BZL%20lcKQyXC7ZL%20lcKQyX7bDZLQKcl%20yX7DB%2CbBZL7LZC-EZL7bB%20bBZL7F%20-7CZL7G%20%2CbBZL7F%20b%20Eo7-G%20bB%20G-7LZC-7%20F7%20Z%20%3DJazz-Medium%20Swing%3D100%3D12
57490b93-0ba5-4909-99ac-f55042e40b26,irealb://Rocky%20Top=Get%20Rhythm%20Pt%2E1==Bluegrass=G==1r34LbKcu7%7C%7CQyX4GXyQG%7CQyXD%7CQyX%2Am%2AEQ%7CyXG%7CQyXC%7CQyXG%7CXyQ%7CG4TA%2A%5B%2Am%2AE%7DGXyQ%7CQyXG%7CQyXD%7CQyX%2A%2AmEB%2A%5B%5DQyXG%7CQyXC%7CGXyQ%7CQyXG%7CQyXC%2Am%2AXy%7CQyXC%7CQyXF%7CQyXAF%2A%5B%5DQyXD%7CQyXD%7CQCXyQ%7CE%7CQyXQyXG%7CGXyQ%7CQyXG%7CQyXG%7CQyXGQ%7CyXF%7CQyXG%7CZQyXG%7CDXyQ%7CQyXC%7CGXyQZ%20=Pop%2DBluegrass=220=3
57a5e517-a50c-44be-9b13-bc47136868b0,irealb://Song%20For%20You%2C%20A%3DRussell%20Leon%3D%3DBallad%3DD-%3D%3D1r34LbKcu7A%207-G4D-Xy%20bB%7CY%7CQyX7hB%7CQXyC/F%7CQyX%23C/7A%7CQA-7LZ4TA*%7B/bBZL1Bb%20ABl%2C2NZL%20QyXQyXE%7D/Ws%2CF%20C/bBZL7-b%20A-7NZL7-%2CF%20F/%5B*BD-7Cs%2CC/F%20bBZL7h%20BC/6FZL%23C/5%237A%20%2C%7ClBb%5D%20F%20C7Cs%2CC%7C%2ClD-GZL11-A%20bBZL7h%20BC/6FZL%23C/5%237A%207%20Bb/%7CE/WsA%207-G44lD-%20bB%7CQyX7hB%7CQyX/CF%7CQyX%23C/7A%7CQyXA-7LZTA*%7B%5DZ%20%2CF%20Solo%20%3EadoC%20la%20.C.D%3CZQL7-A%20bB%3EABA%20nolBb/C%3CZL7-yXF%7CQ%20A-/CB%7CQyXbB%7CQyXbEZ-LA%20bBZLF%20C/bBZLb/FXybBQ%5BYQ%7CCXyQZ%20%3DJazz-Ballad%20Swing%3D60%3D3
574e1a08-be6e-4c9a-b491-df2ec65d64cb,irealb://Soul%20Eyes%3DMal%20Waldron%20(John%20Coltrane)%3D%3DBallad%3DEb%3D3%3D1r34LbKcu7%7CQyX944%3C*75%239b7G%209b31G%7CQXy9%5E-C%3E37%20mpb%20%204LZC-%5ETA*%7BYG(%205b1XyQ%7CQyXhGZL%20)bB%2FbG%20(5%239%237bB%7CQyX9-F%7CC7b91%2331FbG%7CQy%20%5DY%5B*%7CQyX9%5EGZL11%239bD7%20hA%7CQyX9%5EbA1NBDb13X%20)C%2FbNC*%5BY%7CF-9%209b7G%20hDZL)9-C(%20%209%5EbEZL11%239b7bB%235%2C%20%7DQyX9%5E7bB%7CQXyQ%7CAZL9b7C%2011%2331bDQ%7CyXhGZL5%239%237D%20hF-9Xy9%5EbA2%3C43TQ(Gb%2FBQyXQyX%5D%20%2C9b7G%20Dh%7CQyX9%5EbEZLQ%20)b%20%20YY%7C%205%239%23L%20lcKQ%20(fr%5EB44Tf%7CQyX%3Ekaebr27*%3C9%5EbE%3E)ylee9%2CXyQyXQyXZ%20x%20LZUfEb%5E13XyQZ%20%3DJazz-Ballad%20Double%20Time%20Feel%3D73%3D3
57f85538-ff79-4ce2-bd8a-c0f8a1d1565d,irealb://Sunshine%20Song%3DJarrett%20Keith%3D%3DEven%208ths%3DC%3D%3D1r34LbKcu7ZL7D%20-7XyQyXtla7E%7CQyX5b7B-%7CQyX7%5EF%7CQyX7C%7CQ%7CD11G44T%5BX7%23C%7CXyQ%7CG7-%23G%7CQyX7DZL7b%20E7-BZL9b7C%205b7-b5XyQbD%2FbE-A%207%5E-7b5Xb7bE%2011bE%7CQyXssu9b7bB%7CQyX7B%7CQy9LZAb%23F%7CQyXbB%2FDD7XyQb-B%7CQyX9b7%23F%7CQXy5b7-%23C%7CQyX7%5EG%7C6XyQ%7CZL5b7yQ%7CB-b6%20C-7b5%20Z%20%3D%3D0%3D0
57952024-f03d-4fe1-aca9-b4dc48e3aa63,irealb://Superstar%203%3DThe%20Carpenters%20%28Russell%2C%20Bramlett%29%3D%3DPop%3DDb%3D%3D1r34LbKcu7LbD%2064F-9XX7bB%7CQyXC/bA%7CQXybD%7CQyXbE/-F%7CQyyQ%7CDb4Ti*%5B%7CQyXC%20C-LZyXbD%7CQyXbE/-F%7CyQX9-FA*%7B%5D%20xZL-FQ%7CAb/11-CZ%20bD%7CQQ%7CDbX%7C%2C-bB%2C-Cs%20bDB*%7D%5B%20%20lcKQyX7-C%7CQylAbXyyX7bBla%20.Cb-%2C%7ClQ%20%20bG%7CQyXbAl%7C%2Cb-B%2C-Cs%20bD%7CQyXbALZ%3CD.B%2C-Cs%20bD%7CQ%3EDb%5E7%7C-bB%2C-Cs%20bDC*%5B%20%20lcKQyXbAQ%5B%5DQyXlAbXyadoC%20ZL%20f%20b-%2C%7ClQyXbG%7CQyXbAl%7C%2Cb-B%2C-Cs%20bD%7CQyXbA%7CDb%5E7B%2C-CsC-7XyQZ%20%3DPop-Rock%3D89%3D1
571238f6-ce47-438c-83ff-c0d63eace1c4,irealb://Talkin%27%20to%20Myself=Eeg%20Sinne==Medium%20Swing=Ab==1r34LbKcu7%207bD%5D7%20%20%5DFAA%2A%5B%20QyX%7D%20%207bE%20%5D%20%2A7m%2AbB%5D%20%20%2A7m%2Ab7XyQbAi%2A%7B%5D%207bABb7XyQyX7bA%5DQyX7bE%5DyQX7bB%5B%5DQyX7bE%5DQ%5DEb7%20%5D%207bAE%207bByQ%5DEb7bE%5B%5DQyX7bD%5DQy%2AX7jam%2AbD%5D%207bA%207%20F7%20%5DX7bA%5B%207bE%20b7%20Bb7bB%5D%207bA%207bE%5DQXy7bA%5B%5DQyX7bE%5D%207XyQ%5D%20A%5D%207b%20%5DQyXXyQ%5D%207bA%207bE%5DQyXbA%5B%20%5D%20x%20%5DQyX7bA%5D%20%20x%20%5DDb77bE%5B%5D7bA%5D%20F7XyQyX7bDB%2A%5B%5D%20%20x%20%5DyQX7bA%5D%207bE%207bB%5DQ%5D%20x%20%5B%5D%20%20xniF%20lx%20%20%5D%5BD%3C%5DQyX7bA%5DQyX7Eb%5DQyX7bB%5DQyX7bD%2ES%2E%20a%20%5DQyXe%3E%20==0=0
57491ac3-dea3-487d-83cc-f33d410fcfd4,irealb://Tarde%20De%20Chuva%3DMoura%20Paulo%3D%3DChoro%3DC-%3D%3D1r34LbKcu7%2C7G%20%2C4C-%2C%7C%7D%20%207G1NZL%2C-CZLG7ZLhDZLx%7C%2CoCZLx%20N2Dh2Ti*%5BhGZL%5E-%2CLZxFZL%2C7%5E-C%2C-CZL7ZGLhDZLxZL%2CC%2FDZL-7%20EbCA*%7B%20%7D%207G1ZF-7LCZL7GZL7bAZLbB-%2FCZL%2C-CZL7G%2ChDZ-LZQNL7CZLZL7DZD7LZ%7BbEZL%20oAZLhAZLxLZ7DZL6-GZL7-GB*7%239%20L%20hA2N%207G%20hAh%20D7%207D%20hA1NZL%2C7DZ7LbEZLF%2F-GZL-GZL%7D%7CN2DZL7-C6CZL7yQ%20%20YZL7-FZLG%2FCZL%5EbZALbB%2F-CZL-C42TQG7%20G-XQyXZ9%20Z%20%3DLatin-Brazil%3A%20Bossa%20Acoustic%3D140%3D3
571bb57e-c0db-4723-a5cb-b3c8229466b1,irealb://They%20Can't%20Take%20That%20Away%20from%20Me-Rev%20JE%3DGershwin%20George%3D%3DJazz%20-%20Swing%20Two-Four%3DEb%3D%3D1r34LbKcu77-Gl%7C4Eb%5E%20W%20n%2C7bBs%7CQyX7-ZFL7obG%207-GZL7-F/Ab%2C%7C4TA*%7B%20n%2C7FA%2C%5D%5B*%2CG/7Cn%2C%5EbAs1N%7C%20%5D11%2331bE%207-bBlBn%5D%5B*A/Ws%20%20lB*%5B%5DyQXyQAn%2C6bE%7C%2C7E%2C7-FG%2C/7C%2C%5EbA2NA*%5B%20%20h%2CD7%2CX%7D7bBGl%7C%2C7Ah%2CD7%207-GZL7D%20sus7DLZ7A%207-GlZL%20lcK%2CsAh%2CDs%207-GL7obGLZsF7L7-F%20%5EbElA*%5B%5D%2Cb7B%20n%2C7bB%7Cn%2C7Bn%2CZG-7%207C%207-11%2331yQ%7CsBbBlB*%5B%5D%2CA/Ws%20%20-7Gl%7C%7C%2CbA/W%20n%2C7b-7%20EbX7-FZZL7E%20%20G7al7bG%207-Gl%7C%2C7bDn7%2C-bA%2C7-CsA*%5B%5D%20tLZF-7%5EbAZLsEb%5E%2Cn%20C7%2C%7CF-7%2Cn%20Bb7%5D%20%3DJazz-Swing%20Two/Four%3D110%3D3
57b1c410-3d36-4498-b1cf-35131ec528b6,irealb://Time%20Was-Rev%20JE%3DKeith%20and%20Prado%3D%3DLatin-Swing%3DG%3D%3D1r34LbKcu7/7-EZ4B-7%20h%23CZLD/7-E%207-ELZtla7B%207-AZL7bB%20C-6L4TA*%7ByXQyX6LZA-7Ds%207-AZL7bB%207B-l1N%7C%2CC/W%2C7Ds%207%2CW/C%7D-bB%20B%23Fs%2072lG697-%23G%20%5EBB*%5B%5D%20tl7a%23F%20h%23CZL11%237C%20LZC%23-NZL%20Q5%237F%20%2C%7ClEbL7-E%20%5EDl%7C%2C7A%2C7E-s%207-%23CZL7bA%207-ZF%23-7E/W%2C7la7B%20%20E7al7bB%207-BlA*%5B%5D%2CCW/%2C7Ds%2011%237bEZLtLZA-77-BZLGZLQ%2C7%20E-7A%207-AZL6-bB%20B/-7EZL6-C%20h%23CZLD/b7alt-EZLt69%20Bb7LZA-7%20sD7%2CW/C%2C%5DY%5BQlG69%20C7%2311LZUG69XyQZ%20%3DJazz-Latin/Swing%3D140%3D3
577b487e-5c1f-42a4-bcf7-8722c64aaa34,irealb://Wabash%3DAdderley%20Cannonball%3D%3DUp%20Tempo%20Swing%3DD%3D2%3D1r34LbKcu7B%7CQyX4DXyQL%20lcKQyXD%7CQyX7%7CCQyX7GZL5%237D%20%20%7CZF%23-74TA*%7C%207-F%7CE-7Xy%7CQyX7-B%7CQyX6DZ9Lb7A%206D%7CQyX7A%7CQE7XyQ%7CQyX7ZL%20lcE-7%20AD%7CQyX7C%7CQyX7GZ%20LlcKQyX7DB*%5BZ%2076XyQKZL7bBB%207-%23yQ%7CB7%207-%23FZL7C%207-G%7CyQX7A%7CQyX7-E%7CQyXB7LZFX7-%23Fb7LZE-7%20A7LZDXyQ%7CE-7%20A7%20%5D%20%3DJazz-Up%20Tempo%20Swing%3D240%3D0
57789a4f-997d-49a0-bbd4-d1bc2468e19c,irealb://Waltz%20For%20A%20Lovely%20Wife%3DGetz%20Stan%3D%3DWaltz%3DC%3D%3D1r34LbKcu7EZL%2C7%5E7LZFb7-%23FZLF%2FCZLE%2FZCL6-FZL7h%23FZL7%5E5%2C%20GoC43T%7C%207-bAZA-7L7-AZL7E%20%2C7-bBZ7LEZL5b7-BZL7%5EFZ%20D7LZL%23G%2F7Db7LZD-7%20G7%2C%20%5B%20%3D%3D0%3D0
5763c1cf-bfd5-4d5f-a629-a88637d5a8c2,irealb://What%20Are%20You%20Doing%20The%20Rest%20Of%20Your%20Life%3F%3DLegrand%20Michel%3D%3DBallad%3DA-%3D3%3D1r34LbKcu7D%7CQyX4A-%20AZL%20lcKQyX7%5EFZLh7%23F%20G/7-AZL%23G/-N1D-74T%7BA*QyX7%5EyQ%7CB-7E%207hB%7CQyX7-D2%7CN%7DQyX31b7E%7CQyX7b9LZAXC/7-7bD%207%5D*B%5BByX7%5EAZL7E%207-BZ7L-%23F%207%5EAZL7E%207-Q%7CAb-%20%20lcK%23F%20G/7XyQ%7C%23G/-A%20-A%5BA*%5D%203b17E%207%5EFZL7C%207-GLZA-7%5EbGZL%5EF%7CQy%5E7XyQE%7CQyX7-B%7CQyXC/-7D%7CQyX7-DZL%20lcK7b13XFZL7hAZL31Bh7%20EhB%7CQyXE/7-A%7CQy1X1%237F%7CQyX7%5EFZL77%20E7b%7CQyX7-XyQ%7CBh7%20E7b9%20Z%3DJazz-Ballad%20Swing%3D60%3D3
57a6d2be-8ce2-4b8b-b082-a94c719db469,irealb://White%20Horse%201=Chris%20Stapleton%2DDan%20Wilson==Country=C==1r34LbKcu7cKQyX4%3C%2A69C%7CQyXF%7CQyX%2DA%7CQXyG%7CQyXC%3EesreV%20%20XyQ%7CG4TA%2A%5BZL%20lcXyQ%7CC%7CQyXC%7CQyXF%7CQyXA%2DZL%20lcKQyXG%7CQyXGXyQKFZL%20lyXCZLKcl%20%20QyXG%3EsurohC%20%206%2A6%3CB%2A%5BY%20%20QyXQyX%5D%7CA%2D%20FQyX%2DAZL%20lc%20LZGXZLG%20C%7CQyXCZLF%20A%2D%7CQyXCZLF%20%2DA%7CQyGXyQKG%2CC%7CQ%20x%20LZA%2DXyQZ%20==0=0
57b85616-011d-4b81-99f8-5b9b2e939b2c,irealb://Yes%20I%20Know%20My%20Way%201%3DDaniele/versioneBuglione%20Pino%3D%3DFusion%3DC%3D%3D1r34LbKcu7-BA*%7B4B-7%20XQyX%7D%20%3Ex4%20%3C%2CB/-7%23C%207-BZLB/7-%23CyQ%20%20Y4Ti*%7B%207%5EGZ7/BLZ%23C%207-BZLB/7-%23C7%20-BZLB/7-%23C%207-B-7/BL-%23C%2077-%23C%20x%20LZFZL7%23F%207G%7CQyX7-ZEL%20x%20ZL6-%23F%207-%23N1B-7%20ZL6GQyX6Gx%20%20%7DX-%23C%207-BZLB/7-%23%20C7-B2N%7CY%20%20QyXQy7/BLZ%20ZLB/%23F%207-XyQ%7CF7%5EF%7CQyX7-%23F%7CQy6XG%7CQyX7-E%7CQyX7%5EXyQ%7CE7-%23F%7C7%20%5D%20%3DJazz-Medium%20Swing%3D100%3D3
57981b3c-b98d-4434-9f5b-c734f469c4dd,irealb://You%20Don't%20Know%20Me%20%5BBubl%C3%A9%5D%3DWalker%20Cindy%3D%3DMedium%20Swing%3DA%3D%3D1r34LbKcu7ZL7A%202A/EX%5EA%20ASA*%7B%5D%20%20n%2C7%7CEQyX6A%7CQyX7E%7CQyLZA-61Ti*%5B-BsZLZA6%20D%20h%23C1NZL%2C31E%207B-ZL7%23F%20E/A%7CZLo%23F%237b9L%5ED%20D%5D%2C*7%2Bus%2CE7Es%20%5EFZL31%5EG%2096lA2NZL%20QyXQyX%7D5%23-9%2CA*s7E%207Dl%7C%2C9%20D%23oL7-Es%206AZL9E%207-ZBL5%237%23F%20E/7-%23FZ%2CEb7bDlB*%5BAlA*%5BLZC%23-*E%2C31Es%20sus7EZQL%20%209BZL11%237%23F%207%2B7*%2C%5D6-D%207L%2C31EA6%20A7ZL*7%2B*%23F%20E/AZL%23oD%206DZL%5ED%2096DZLB-11%20ZL%5EA%20QyX%5D%20Z%3C*66%20sus7EQZL%5D%2031E6%20A%3EadoC%20la%20.S.DF7susLG%20AZE%20bEZQ%20%20%5B*b7bB%20%2CbE/7bB%20%2Cuss31bBZL%5EbB%20bBC5%2C%20pLyXQyX%20%2C7-Gb6%20EoZL%20n%2C9FZL31F%209C-ZL*7%2B*G%2096bBZLBb%5E%2C%20EZL%5EbEb%5E%2C%20B7b9%2CLZBb69XyQZ%20%3DPop-Rock%2012/8%3D75%3D1
577aba4a-933f-49f5-9216-06a44268d62e,irealb://ii%20bII%20I%20Min%20to%20Maj%20(Maj%203rds%20Up)%3DComposer%20Unknown%3D%3DMedium%20Swing%3DC%3D%3D1r34LbKcu7yX7%5EEyQ%7CC%23b7F%7CQyX7h%23F%7CQyxX%7CQyX7%5EC%7CQyX9b79XyQ%7CX7hD%5ByX9b7Q%7CBbhX7hB%7CQyXx%7CQyX7b%5EA%7CQyX9b7A%7CQyX7yQ%7CBbyXx%7CQ%7CQyX7XyQ%7CxXx%7CQyX7%5E%23C%7CQyXb97D%7CQyX7h%23D%7CQyXyQ%7CGh7%5EA%7CQ%7CQyXxXyQ%7CF%5E%23F%7CQyX9b7F%7CQy7Xh%23G%7CQyXx%7CQyX7%5E7XyQ%7C9b7%23FQyX7%5EQ%7CB7b9b7bE%7CQyX7hE%7CQXyx%7CQyX7%5EbB%7CQyX9XyQ%7CDyX7hCQyX9b%5D%7CFh7yX7hA%7CQyXx%7CQyX%5E7bE%7CQyX9b7E%7CQyXQ%7CAb7QyXx%7C%7CG%5E7XyQ%7CxXyQ%7CC%23h7XyQ%7CC7b9XyQ%7CB%5E7XyQ%7CxXyQ%5D%20%3D%3D0%3D0
57bc77bc-fed9-4a0c-b322-707a60f91d83,irealbook://%287-chord%29%20Dropback%20x%201%20-%20Bootstraps%3DLego%20Dropbacks%3DMedium%20Swing%3DC%3Dn%3D%7BD-7%20G7%20%7CC%5E7%20A7%20%7CD-7%20G7%20%7CC%5E7%20%20%20%7C%7BG-7%20C7%20%7CF%5E7%20D7%20%7CG-7%20C7%20%7CF%5E7%20%20%20%7C%7BC-7%20F7%20%7CBb%5E7%20G7%20%7CC-7%20F7%20%7CBb%5E7%2C%20%20%20%7C%7BF-7%20Bb7%20%7CEb%5E7%20C7%20%7CF-7%20Bb7%20%7CEb%5E7%20%20%20%7C%7BBb-7%20Eb7%20%7CAb%5E7%20F7%20%7CBb-7%20Eb7%20%7CAb%5E7%20%20%20%7C%7BEb-7%20Ab7%20%7CDb%5E7%20Bb7%20%7CEb-7%20Ab7%20%7CDb%5E7%20%20%20%7C%7BAb-7%20Db7%20%7CGb%5E7%20Eb7%20%7CAb-7%20Db7%20%7CGb%5E7%2C%20%20%20%7C%7BC%23-7%20F%237%20%7CB%5E7%20G%237%20%7CC%23-7%20F%237%20%7CB%5E7%20%20%20%7C%7BF%23-7%20B7%20%7CE%5E7%20C%237%20%7CF%23-7%20B7%20%7CE%5E7%20%20%20%7C%7BB-7%20E7%20%7CA%5E7%20F%237%20%7CB-7%20E7%20%7CA%5E7%20%20%20%7C%7BE-7%20A7%20%7CD%5E7%20B7%20%7CE-7%20A7%20%7CD%5E7%20%20%20%7C%7BA-7%20D7%20%7CG%5E7%20E7%20%7CA-7%20D7%20%7CG%5E7%20%20%20Z
57259b44-873a-4d6c-8efd-af42bc44a84a,irealbook://%D7%A0%D7%99%D7%92%D7%95%D7%9F%20%D7%9C%D7%A2%D7%AA%D7%99%D7%93%20%D7%9C%D7%91%D7%95%D7%90%3DComposer%20Unknown%3D%D7%97%D7%A1%D7%99%D7%93%D7%99%3DC-%3Dn%3D%7BT44C-%20%20%20%7CC-%20Bb%20%7CG-%20%20%20%7CN1G-%20Ab%20%7D%20%20%20%20%20%20%20%20%20%20%20%20%7CN2%2CsAb%2CBb%2CC-%20%5D
574f1cc4-2dae-4e38-8da5-89f2f86dc544,irealbook://%E5%8C%97%E6%B5%B7%E9%81%93%E9%80%A3%E9%8E%96%E6%AE%BA%E4%BA%BA%20%E3%82%AA%E3%83%9B%E3%83%BC%E3%83%84%E3%82%AF%E3%81%AB%E6%B6%88%E3%82%86%20%20%E3%83%BC%E3%83%8D%E3%83%BC%E3%83%A0%E3%82%A8%E3%83%B3%E3%83%88%E3%83%AA%E3%83%BC%3DComposer%20Unknown%3DLatin%3DD%3Dn%3D%7C*AT44D%5E7%20%20%20%7Cx%20%20%20%7CB*m7*%20%20%20%7Cx%20%20%20%7CD%5E7%20%20%20%7Cx%20%20%20%7CB*m7*%20%20%20%7Cx%20%20%20%5D%5B*BG%5E7%20%20%20%7CF%23-7%20%20%20%7CG%5E7%20%20%20%7CF%23-7%20%20%20%7CG%5E7%20F%23-7%20%7CE-7%20D%5E7%20%7CE-7%20%20%20%7CF%23%20A7%20%7C%5B*CD%5E7%20%20%20%7Cx%20%20%20%7CB*m7*%20%20%20%7Cx%20%20%20%7CD%5E7%20%20%20%7Cx%20%20%20%7CB*m7*%20%20%20%7Cx%20%20%20Z%20
57d07662-17ea-4184-8d57-c5941ddea9d4,irealbook://Ain't%20No%20Other%20Man%3DAguilera%20Christina%3DMedium%20Swing%3DF%23-%3Dn%3D%5B*iT44A%2CC%2CC%23%2CD%2C%7CC%237%20%20%20%7C%3C%20%20Stabs%3EF%23-7%20%20%20%7C%20%20%20%20%5DY%7B*AF%23-7%20%20%20%7C%20%20B7%3C*14x3%3E%20%7D%7CF%23-7%20%20%20%7C%20%20D7%20%7CC%237%20%20%20%7C%20%20B7%20%7CF%23-7%20%20%20%7C%20%20%20%20%7CY%7B*BF%23-7%20%20%20%7C%20%20B7%20%7D%7C%3C%20%20%20Stabs%3EF%23-7%20%20%20%7C%20%20%20%20%5D%3C001%20Brass%3E
577b46c9-945c-4e6c-83b3-f63ea7958850,irealbook://I'm%20With%20You%3DLavigne%20Avril%3DMedium%20Swing%3DE%3Dn%3D%7B*iT44E%20F%23-%20%7CA%20%20%20%7D%7C%20%20%20%20%7C%20%20%20%20%7CY%7B*AC%23-7%20%20%20%7CA%5E7%20%20%20%7CC%23-7%20%20%20%7CA%5E7%20%20%20%7D%7CB%20%20%20%7CF%23-7%20%20%20%7CB%20%20%20%7CA%20%20%20%5DY%7B*CE%20F%23-%20%7CA%20%20%20%7CE%20F%23-%20%7CA%20%20%20%7CE%20F%23-%20%7CA%20%20%20%7CC%23-7%20B%20%7CA%20%20%20%7DY%5B*BC%23-7%20%20%20%7CA%5E7%20%20%20%7CC%23-7%20%20%20%7CA%5E7%20%20%20%7C%7CB%20%20%20%7CF%23-7%20%20%20%7CB%20%20%20%7CF%23-7%20%20%20%7CB%20%20%20%7CA%20%20%20%7CE/G%23%20%20%20%7CB%20%20%20%5D
5741cc47-2017-4b85-ad15-7af96b2361f2,irealbook://Can't%20Take%20Sagi%3DComposer%20Unknown%3DMedium%20Ballad%3DC%3Dn%3D%5B*iT44D/C%20F*min6*/C%20%7CC%5E%20%20%20%7CD/C%20F*min6*/C%20%7CC%5E%20%20%20%7CD*min7*%20G7%20%7CC%20%20%20%7CD*min7*%20G7%20%7CC%2CBb7%2CA*min*%2CA*alt*%2C%7C%5B*BQD*m7*%20F/G%2CG/F%2C%7CE*min*%20Asus%2CA/G%2C%7CD*min*%20Gsus%20%7CE*min*%20Asus%20%7CF6%20Bb7%2311%20%7CC/G%20A%20%7CD*min*%20%20S%20%7CGsus%20G%20%5D%7B*AC%20%20%20%7CC%5E%20%20%20%7CC7%20%20%20%7CF%5E%20%20%20%7CF*m6*%20%20%20%7CC/E%20%20%20%7CF%23h%20F*m6*/Ab%20%7CC%20%20F/G%7D%3CDal%20segno%20al%20segno%20quindi%20segue%3E%20%20%20%20%20%20%20%20%20%20%20%20%7CSBb7%20%20%20%7C%7BEb%20%20%20%7CEb%5E%20%20%20%7CBb*m7*%20Eb7%20%7CAb%5E%20%20%20%7CB%5E%20%20%20%7CEb%5E/Bb%20%20%20%7CAh%20Ab*m6*%20%7CEb/G%20Eb%20%7DF%23h%20F*m6*%20%7CC/E%20Asus%20%7CD*m7*%20%20%20%7CF*m6*%20%20%20%7CD*m*%2CE*m*%2CF%2CG%2C%7Cn%20%20%20%7CD*m*%2CE*m*%2CF%2CG%2C%7CA%5E
577991d5-7b1e-48d6-8187-7de29006062b,irealbook://All%C3%AD%3DFlores%20C%C3%B3rdova%20Don%20Pedro%3DCuban%3DF%3Dn%3D%7B*AT44F%20D7%20%7CG-%20C7%20%7CF%20%7CEh%20A7%20%7CD-%20%7CEh%20A7%20%7CD-%20%7CC-%20F7%20%5DBb%5E7%20%7CBh%20E7%20%7CA-%20%7CAh%20D7%20%7CN1G-%20%7CG7%20%7CC%20%7CC7%20%7DN2G-%20%7CG7%20C7%2CQ%20%7CF%20D7%20%7C%3CD.C.%20al%20Coda%3EG-%20C7%20%7D%20%20%20%20%20%20%20%20%20%20%20%20%20%20%20%20%20%20%20%20%5BQF%20%7CC%23%20%7CF%20%7C%20fF%20%5DU
5728fb68-b376-44cf-8518-3a5f7e4e5929,irealbook://La%20Vida%20Es%20Un%20Sue%C3%B1o%3DRodriguez%20Arsenio%3DCuban%3DG%3Dn%3D%5B*iT44G%5E7%20%7CAh7%20%7CG/A%20%7CA7/G%20%7CA-7%20%7CD7%20%7CB-7%20E7%20Bb-7%20Eb7%20%7CA-7%20D7b5%20%20%5D%20%20%20%20%20%20%20%20%20%20%20%20%20%20%20%20%20%20%20%20%20%20%20%5B*ASG%5E7%20A-7%20%7CB-7%20Bbh%20%7CA-9%20%7CB-7%20E7%235%20%7CA-7%20B-7%20%7CC%5E7%20C%23h%20F%237%20%7CB-7%20E7%235%20%7CA7b9%20D7b5%20%7CG%5E7%20E-7%20%7CF%23h%20B7%20%7CE-9%20%7Cx%20D-7%20G7%20%5D%20%20%20%20%20%20%20%20%20%20%20%20%20%20%20%20%7B*BC%5E7%20%7Cx%20%7CG%5E7%20%7CE7%235%20%7CA-7%20A-%5E7%20%7CA-7%20A-6%20%7CN1A13%20%7Cx%20%7CA-7%20D7%20%7CD-9%20G7%20%7DN2%3CD.S.%20al%20Fine%3EA7%20%7CD7%20%7D
574b7fb1-887b-4897-ba68-867c182a947c,irealbook://Bear%20Necessities%2C%20The%3DGilkyson%20Terry%3DMedium%20Swing%3DC%3Dn%3D%5B*AT24C%20%20%20%7CC7%20%20%20%7CF%20%20%20%7CF7%20%20%20%7CC%20%20%20%7CA7%20%20%20%7CD7%20%20%20%7CG7%20%20%20%7CC%20%20%20%7CC7%20%20%20%7CF%20%20%20%7CF7%20%20%20%7CC%20A7%20%7CD7%20G7%20%7CC%20%20%20%7Cx%20%20%20%7C%7C*BG7%20%20%20%7Cx%20%20%20%7CC%20%20%20%7Cx%20%20%20%7CG7%20%20%20%7Cx%20%20%20%7CC%20%20%20%7CC7%20%20%20%7CF%20%20%20%7CF-%20%20%20%7CC%20%20%20%7CD7%20%20%20%7CA7%20%20%20%7Cx%20%20%20%7CD-7%20%20%20%7CD-7%20G7%20%7CC%20C7/E%20%7CA7%20%20%20%7Cx%20%20%20%7Cx%20%20%20%7Cx%20%20%20%7Cx%20%20%20%7CD7%20%20%20%7CG7%20%20%20%7CC%20A7%20%7CD7%20G7%20%7CC%20G7%20%7CC%20%20%20%5D%20
575b8f41-4929-43d7-9699-8c08deb17100,irealbook://Betcha%20By%20Golly%20Wow%3DDelfonics%3DR'n'B%3DD%3Dn%3D%5B*iT44A11%20%20%20%7CD%5E7%20%20%20%7CA11%20%20%20%7CD%5E7%20%20%20%7CC11%20%20%20%7CF%5E7%20%20%20%7CC11%20%20%20%7CF%5E7%20sE-7%2CB11%2C%7ClA11%20%20%20%5D%7C%20%20%20%20%20%20%20%20%20%20%20%20%5BS*AD%5E7%20%20%20%7CA11%20%20%20%7CD%5E7%20sE-%2CF%23-%2C%7ClC11%20%20%20%7CF%5E7%20%20%20%7CBb11%20%20%20%7CA11%20%20%20%5D%20%20%20%20%5B*BE-7%20F%23-7%20%7CG%5E7%20%20sF%23*-7*%2C%7ClE-7%20F%23-7%20%7CG%5E7%20%20sA11%2C%7C*ClD%2CDsus%2CsDb-7%2C%20%7C%20%20%20F%237%2C%7CB-7%20B-7/A%20%7CG%5E7%20A11%20%7CD%20A%2CB*m*%7C%20%20%20B*m*/A%2C%7CG%20%20%20%7CD%5E7%20%20%20%7C%3CD.S.%20al%20Coda%3ElA11%20%20%20%5D%7B*D%2CQ%2ClD%20sDsus%2CDb-7%2C%7C%20%20%20F%237%2C%7CB-7%20B-7/A%20%7CG%5E7%20A11%20%7CD%20A%2CB*m*%7C%20%20%20B*m*/A%2C%7CG%20%20%20%7CD%5E7%20%20%20%7D%7C%20
57e08349-352d-4f93-abe2-c922bc22951d,irealbook://Build%20Me%20Up%20Buttercup%3DComposer%20Unknown%3DMedium%20Swing%3DC%3Dn%3D%7C*iC%2C%20%20%20%7CE%2C%20%20%20%7CF%2C%20%20%20%7CG%2C%20%20%20%7CCsus%2CC%2C%20%20%7CGb*dim*%2C%20%20%20%7CF6%2CF%2C%20%20%7CG%2C%20%20%20%7C%7B*AT44C%2C%20%20%20%7CE%2C%20%20%20%7CF6%2CF%2C%20%20%7CN1G%2C%20%20%20%7D%7CN2G%2C%20%20%20%7CC%2C%20%20%20%7CC%2FBb%2C%20%20%20%7CN0F%2FA%2C%20%20%20%7CF*m*%2FAb%2C%20%20%20%7CC%2C%20%20%20%7CG%2C%20%20%20%7C%20F%2CC%2FE%2CD*m*%2C%7CC%2CG%2C%20%20%5B*B%20C%2C%20G%2C%7C%20Bb%2C%20F%2C%7C%20C%2C%20C%2C%7CN1%20F%2C%20F%2C%7CN2%20F%2CA*m*%2CG%2C%7CF%2C%20%20%20%7CG%2C%20G%2CF%2C%7CE*m*%2C%20%20%20%7CA%2C%20A*m*%2CG%2C%7CF%2C%20%20%20%7CD%2C%20%20%20%7CG%2C%20%20%20%5D%5B*A%20%20%20%20%7C%20%20%20%20%7C%20%20%20%20%7C%20%20%20%20%7C%20%20%20%20%7C%20%20%20%20%7C%20%20%20%20%7C%20%20%20%20Z%20
5728e5cd-e420-47cb-be0a-7f26e7ee7807,irealbook://Campfire%20Song%3DComposer%20Unknown%3DMedium%20Swing%3DC%3Dn%3D%7B*AT44D%20B-%20%7CAsus%20A7%20%7CG%5E7%20F%23-7%20%7CsB-7%2CE7%2CAsus%2CA7%2C%7ClG%5E7%20F%23-%20%7CsG%2CA%2CD%2Cp%7ClB-7%20E7%20%7CA7sus%20A7%20%5D%7CB-%20%20%20%7CF%23-%20%20%20%7CG%5E7%20%20%20%7CDsus%20D%20%7CG%5E7%20A7%20%7CF%23-7%20B-7%20%7CN1Esus%20E%20%7CAsus%20A%20%7D%20%20%20%20%20%20%20%20%7CEsus%20A7%20%7CD%20%20%20Z%20
57a86831-d8d2-4267-a655-59e72c50fa96,irealbook://Cinnamon%20And%20Clove%3DMandel%20Johnny%3DSamba%3DA-%3Dn%3D%5BA-%20%7CA-b6%20%7CA-6%20%7CA-b6%20%7CA-%20%7CA-b6%20%7CA-6%20%7CA-b6%20%5DA-%20n%20%7Cn%20%20%5D%7B*AlG-7%2C%20%7ClC9%2C%20%7ClF13%20%7CBh/E%20%20%7CA%5E%20%7CB-7%20%7CC%23-7%20%7CC13%20%5BlG-7%2C%20%7ClC9%2C%20%7ClF13%20%7CBh/E%20%7CA-%20%7CA-b6%20%7CA-6%20%7CA-b6%20%5B*BEh%20%7CA7b9%20%7CEh%20%7CA7b9%20%7CD-6%20%7CD-7/C%20%7CB7b9%20%7CF9%2311%20%7CE7%20%7CF13%20%7CBh/E%20%7Cx%20%7CA-%20%7CA-b6%20%7CA-6%20%7CA-b6%20%7CA-%20%7CA-b6%20%7CA-6%20%7CA-b6%20%5D%5B*CD-7%20%7CG9%20%7CC%5E%20%7CF%5E%20%7CBh%20%7CE7%235%20%7CA-7%20%7CA-6%20%5D%5BD-7%20%7CG9%20%7CC%5E%20%7CF%5E%20%7CF%23h%20%7CF13%20%7CE7b9%20%7CBh%20%7ClBh/E%2Csn%7Csn%20%5B*AlG-7%2C%20%7ClC9%2C%20%7ClF13%20%7CBh/E%20%7CA%5E%20%7CB-7%20%7CC%23-7%20%7CC13%20%5BG-7%2C%20%7ClC9%2C%20%7ClF13%20%7CBh/E%20%7CA-%20%7CA-b6%20%7CA-6%20%7CA-b6%20%7CA-7%20%7CA-b6%20%7CA-7%20%7CA-b6%20%7D%20
57d33363-2e70-4c2e-ba18-ba77ecac72a6,irealbook://Do%20You%20Love%20Me%3DContours%20The%3DMedium%20Swing%3DF%3Dn%3DY%5B*iT44F%20%20%20%7CBb%20%20%20%7CC%20%20%20%7CD-%20%20C%2C%5DY%7B*CF%20F/A%20%7CBb%20C%20%7D%7CBb%20%20%20%7CBb-%20%20%20%7CC%20%20%20%7CC7%20%20%20%7CC7%20%20%20%7C%20%20%20%20%5DY%7B*vF%20F/A%20%7CBb%20C%20%7D%7CF%2Cppp%7CC%2Cppp%5D%20%20%20%20%20%20%20%20%7CC7%20%20%20%7C%20%20%20%20%5D%5B*i%20*C%20*v%20*v%20*C%20*v%20*v%20*C%20Z*C%20
57af3e3a-e7ee-4246-b3e7-3a55aa802361,irealbook://Jockey%20Full%20Of%20Bourbon%3DWaits%20Tom%3DRock%3DE-%3Dn%3D%5B*iT44E-%20%20%20%7CB7%20%20%20%7C%20x%20%20%7CE-%20%20%20%7C%20x%20%20%7CB7%20%20%20%7C%20x%20%20%7CE-%20%20%20%5D%7B*AE-%20%20%20%7C%20x%20%20%7C%20x%20%20%7CB7%20%20%20%7C%20x%20%20%7C%20x%20%20%7C%20x%20%20%7CE-%20%20%20%5D%5BE-%20%20%20%7C%20x%20%20%7C%20x%20%20%7CB7%20%20%20%7C%20x%20%20%7C%20x%20%20%7C%20x%20%20%7CE-%20%20%20%5D%5B*BA-%20%20%20%7CE-%20%20%20%7CB7%20%20%20%7CE-%20%20%20%7CA-%20%20%20%7CE-%20%20%20%7CB7%20%20%20%7CE-%20%20%20%7D%20
57993e0e-9902-4125-ab0e-aab55a65544d,irealbook://Fields%20Of%20Gold%3DSting%3DEven%208th's%3DAb%3Dn%3D%7B*AT44F-7%20%20%20%7CDb%5E7%20%20%20%7C%20x%20%20%7CAb%5E7%20%20%20%7CF-7%20%20%20%7CDb%5E9%20Ab%5E9%20%7CDb/F%20Eb7%20%7CF-7%20%20%20%7CppDb%2Cp%7CAb%5E7%20%20%20%7C%20x%20%20%5B*BF-7%20%20%20%7CDb%5E7%20%20%20%7C%20x%20%20%7CAb%5E7%20%20%20%7CF-7%20%20%20%7CDb%5E7%20Ab%5E9%20%7CDb/F%20Eb7%20%7CAb%5E7%20%20%20%7D*CDb%5E7%20%20%20%7CAb%5E7%20%20%20%7CDb%5E9%20%20%20%7CAb%5E7%20%20%20%7CDb%5E7%20%20%20%7CAb%5E7%20%20%20%7CDb/F%20Eb7%20%7CAb%5E7%20%20%20%7CDb/F%20Eb7%20%7CAb%5E7%20%20%20%7C%20x%20%20Z
572f9e69-d0b5-40cb-a5a7-479c7654b326,irealbook://Rehab%3DWinehouse%20Amy%3DRock%3DC%3Dn%3D%5B*AT44C7%3CStrings%20or%20Piano%2C%20see%20what%20works%3E%20%20%20%7C%20x%20%20%7C%20x%20%20%7C%20x%20%20%7CG7%20%20%20%7C%20x%20%20%7CF7%20%20%20%7C%20x%20%20%5D%5B*BC7%20%20%20%7CF7%20%20%20%7CC7%20%20%20%7C%20x%20%20%7C%7B*C%3C%20%20Piano%3EE-7%20%20%20%7C%20x%20%20%7CA-7%20%20%20%7C%20x%20%20%7CF%20%20%20%7C%20x%20%20%7CAb%20%20%20%7C%20x%20%20%7D%3C%20%20Strings%3EG7%20%20%20%7C%20x%20%20%7C%20x%20%20%7C%20x%20%20%7C%3CA%2CB%2CC%2C%20%20A%2CB%2CC%2C%20%20A%2CC%2C%20%20A%2CB.%3EF7%20%20%20%7C%20x%20%20%7C%20x%20%20%7C%20x%20%20Z%3CBrass...%20Low%20like%20the%20bari%20sax....%20%3E%20%20%20%20%20%20%20%20%20%20%20%20%20%20%20%20%3CStrings%20are%20good%20for%20padding%3E%20%20%20%20%20%20%20%20%20%20%20%20%20%20%20%20%3CSTART%20-%20ALL%20IN%3E%20%20%20%20%20%20%20%20%20%20%20%20%20%20%20%20%3CEND%20-%20DEAD%20ON%201%2C%20%22NO%20NO%20NO%22%20%3E%20
57474fe1-5522-4015-8565-ff5d4e7f1900,irealbook://Summer%20Of%2069'%3DAdams%20Bryan%3DRock%3DD%3Dn%3DY%7B*iT44%3CPalm%20mute%20guitar%20intro%3ED%20%20%20%7CD%20%20%20%7D%7C%20%20%20%20%20%20%20%20Y%5B*AD%20%20%20%7CD%20%20%20%7CA%20%20%20%7CA%20%20%20%7C%7CD%20%20%20%7CD%20%20%20%7CA%20%20%20%7CA%20%20%20ZY%7B*BB-%20%20%20%7CA%20%20%20%7CD%20%20%20%7CG%20%20%20%7D%7CB-%20%20%20%7C%3CRing%20out%3EA%20%20%20%5D%20%20%20%20%20%20%20%20Y%5B*CF%20%20%20%7CBb%20%20%20%7CC%20%20%20%7CBb%20%20%20%7C%3CPiano%20and%20Saw%3EF%20%20%20%7CBb%20%20%20%7CC%20%20%20%7CC%20%20%20%5D%20%20%20%20%20%20%20%20%20%20%20%20%20%20%20%20%3CSTART%20-%20SNARE%20%284%29%20GUITAR%20ON%201%3E%20*i%20*A%20*A%20*A%20*A%20*A%20*B%20*A%20*C%20*A%20*A%20*B%20*A%20*A%20*A%20%3C*20END%20-%20ON%201%20AFTER%20LOOPED%20CHORUS%3E%20
577ba131-5168-40bd-aefe-755cf0d73e2e,irealbook://Water%20Is%20Wide%3DUnknown%3DMedium%20Swing%3DG%3Dn%3D%5B*iT44G%20%20D%2C%7CG%2CD%2C%20%20%7CG%20%20%20%7C%20%20D%20%5D%5B*AG%20D/G%20%7CC/G%20G/B%2CC/D%2C%7CG%20C/G%20%7CG%20%20B-%2C%7CE-%20D%2C%20%7CC%20G%20%7CG/D%20D%20%7CD%2CD/C%2CD/B%2CD/A%2C%7CG%2C%20A-%20%7CG/B%20G/B%2CC%2C%7CG%20D/F%23%20%7CG%2CA-%2CG-/B%2CC%2C%7CC/D%20%20%20%7CD%20C%20%7CG%20C/G%20%7CG%20%20%20%7CY%5BG%20C/G%20%7CG%20%20%20%7CG%20C/G%20%7CG%20%20%20%7CE-%20%20%20%7C%20%20%20%20%7CA-%20%20%20%7CD%20%20%20%7CB-%20%20%20%7CC%20%20%20%7CG%20C/G%20%7CG%20%20%20%7CG%20%20%20%7CD/F%23%20%20%20%7CG%20C/G%20%7CG%20%20%20%5D%20
57654458-5b07-4d0a-b092-c7c2f7bc0a9e,irealbook://We%20Can%20Work%20It%20Out%3DBeatles%3DRock%20Pop%3DD%3Dn%3DY%7B*AT44lD%20sDsus%2CsD%2C%7C%20x%20%20%7ClC%20lD%20%7C%20%20%20%20%20%20%20r%7C%20%20%20r%7C%20%20%20%20%7C%20%20%20%20%5B*BG%20D%20%7CG%20A%20%5B%20%20%20%20%20%20%20%20YY%7B*CB-%20%20%20%7CB-%20B-/A%20%7CG%20%20%20%7CF%23sus%20F%237%20%7C%7C%3CTriplets%3EB-%20B-/A%20%7CB-/G%20B-/F%23%20%7D%7C%20%7C%3CEnding%20%20%20%20%20%20triplet%20feel%3ED%20lG6/D%20%7CfD%20%20%20%20%20%20%20%20%20%20%20%20%20%20%20%20%20%20A*%20*%2CB%20A%2CB%20C%20A%2CB%20C%20A%2CB%20
