id,url
59889abe-1a16-4e30-8ba2-0bb0ef686272,irealb://Cabaret=John%20Kander%2C%20Fred%20Ebb%20%281966%29==Medium%20Swing=Eb==1r34LbKcu7KQyX74EbXyX%2BbB%7CQyXbE%7CZLQXy%7CrQyX%7CQyX%2BbB%7CQyQ%7CEb4TA%2A%7BbE1N%7CF%2DXyQB%7CQyX7%2DF%7C%5DQyX7%7CCQyX7%2DG%7CQyXo%23F%7Cb7XyQZL%20lcL%20lcKBbXyQAB%2A%5B%5D%207bE%20bE%7CQXybE2NZL%20QyXQyX%7Db%2DXyQZLoE%20B%7CQyXQKcl%20ZQyX7bB%7CQyX7F%7CyQX6bEZL%2BbE%20%2DCZL%5B%2AAEbyXbEZ%23F%7CQy%7CXyQr%20lcKQyX7bE%7CQyXb%2BB%7CQyXbE%7CZLQyX%7CLZF%2DXQyX%2BboXyQ%7CG%2D7XyQ%7CC7XyQ%7C%7CF%2D7XyQ%7CBb7XyQ%7CEbXyQ%7CBb7XyQ%5D%20=Jazz%2DMedium%20Swing=100=3
59b89567-513f-4dca-b5cf-6c5ae41bc1e7,irealb://Do%20What%20Ory%20Say=Edward%20%27Kid%27%20Ory%201945==Medium%20Swing=Bb==1r34LbKcu7%3Ekaer7XyQK%20bBZL%20lcKQyX7FLZ%20lcKQyXbBZL%20lc%3C%2A36BF44T%5BBZLoE%2A36BryX7bB%7CQyXbBZL%20clKQyX7F%7CQyX%3EkaeQ%7CEb%20%3C%20ZL%20b%20G7LZC7%20F7LZBbXyQZ%20=Jazz%2DMedium%20Swing=100=3
59acc544-d51c-4980-834b-26ef395e6734,irealb://Nobody%20Knows%20You%20When%20You%27re%20Down%20and%20Out=Jimmie%20Cox%20%281923%29==Medium%20Blues=Eb=5=1r34LbKcu7%2DFl%2C744%3C%2A7ZL7C%20%2DF%7CQyX%2C7CLZ7G%20bE%3EesreV%20%204sF%2D%2CCTA%2A%7BYohC%20%20AoLZs%2A%7BY%7D%207bB%20%2C9F%7CQXy9FZL7Cl%2C7bD%2CbEB%3C%2A74%20bAZLD%2CbEsb%20G7LbA%7CZL%2DFl%2C7C%2C%2DFZsL7C%20%2DF%7CQyX%2C7CZ%20AoLZE%3Esur7C%2C%2DF7LZF9%20%2DF%7CQyX%2C7CZL7Gb%20EZL7bB%20%2C9F%7CQyXC7LZsCl%2C7b66%2A%3C0Z%7CAb%20E%207bB%7CQyX9F1NZ7LCl%2C7bD%2CbEsZLoAb%20%7D%7CNL%2DFl%2C%20%20Tag%3EF9%2C%20Bb7LZsEb%2CDb7%2ClC7LZF7%20Bb7LZEbXyQ%7D%20=Jazz%2DMedium%20Swing=100=3
59f5b319-9244-43c5-8e7b-7dbda4294c61,"irealb://%41%6C%6F%68%61%20%4F%65%20(%46%61%72%65%77%65%6C%6C%20%54%6F%20%54%68%65%65)%20%20%20%20%20%20%20%20%5B%23%5D=%62%65%32%73%68%61%72%70%20%41%52%52%3A==%5A%7A%20%53%65%74%20%54%68%65%20%53%74%79%6C%65%20%59%6F%75%20%57%61%6E%74=%47==%31%72%33%34%4C%62%4B%63%75%37%20%65%68%74%20%79%51%20%20%41%20%2E%74%72%61%68%63%20%73%69%68%74%20%72%66%6F%20%79%65%6B%20%65%68%74%20%74%73%75%6A%64%49%74%20%69%73%58%30%37%2A%3C%58%3E%2E%65%67%20%3C%2A%34%39%6F%73%20%72%75%6F%79%20%6E%6F%20%64%72%6F%63%68%20%74%73%61%6C%20%64%6E%61%20%65%74%6F%6E%6E%67%20%70%61%3E%74%73%61%6C%74%63%75%64%6F%58%79%51%58%79%65%68%74%20%66%6F%20%79%64%6F%6C%65%6D%20%68%65%54%20%20%51%79%58%34%37%2A%3C%51%79%58%51%20%69%6E%74%72%51%79%58%51%79%20%66%6F%20%73%73%20%74%68%65%65%6D%20%34%20%74%73%61%6C%20%65%68%74%20%6F%66%31%35%2A%3C%20%3E%20%79%64%6F%6C%65%6D%20%61%73%75%72%65%69%20%6E%6F%69%74%6E%69%20%65%6F%6E%67%2E%3E%6D%20%34%20%20%34%37%2A%3C%34%34%54%69%2A%51%5B%79%58%51%79%58%51%79%58%51%79%58%51%79%58%65%61%73%75%72%73%20%65%68%74%7C%51%79%58%47%75%73%74%20%6C%3E%2E%73%64%72%6F%68%63%20%72%6F%20%79%64%6C%6F%65%6D%20%79%61%6C%70%20,%6E%65%74%73%69%43%58%79%51%7C%4A%20%2E%6F%72%20%47%7C%51%79%7C%47%58%79%51%79%58%37%44%7C%51%79%58%47%5A%4C%43%20%47%3A%3E%65%73%72%65%56%20%38%36%2A%3C%41%2A%5B%5D%51%7C%44%37%58%51%79%58%37%44%79%58%37%44%7C%79%51%7C%43%20%51%79%58%43%3E%3A%73%75%72%6F%68%43%20%20%36%38%2A%3C%42%2A%5B%5D%51%79%58%47%5A%4C%37%44%7C%47%58%79%51%58%47%5A%4C%43%68%74%20%79%61%37%4C%5A%43%58%79%20%72%65%74%66%41%34%32%2A%3C%5D%51%79%47%58%7C%51%79%58%37%44%7C%51%79%58%47%7C%51%79%6F%75%20%70%6C%47%20%47%7C%51%74%E2%80%9C%20%61%20%69%72%65%20%73%63%3C%20%3E,%67%6E%69%64%6E%65%20%6C%61%63%69%65%70%73%20%61%20%64%64%61%20,%67%6E%6F%61%6C%6C%65%64%74%6E%65%20%65%51%79%58%51%79%6F%72%20%E2%80%9C%6F%2E%6C%6F%62%6D%79%73%20%61%64%6F%63%20%61%79%20%62%20%6E%77%6F%68%73%20,%E2%80%9D%6F%72%74%75%3E%58%79%51%58%20,%E2%80%9D%67%61%20%79%64%6F%6C%51%5B%51%43%58%54%20%20%51%79%58%36%35%2A%3C%5A%51%79%58%55%47%7C%51%79%58%37%44%7C%51%79%58%47%7C%51%79%68%65%20%6D%65%79%58%51%79%58%68%74%20%66%6F%65%20%63%6F%64%3E%20%79%64%6F%6C%65%6D%20%65%68%74%20%6F%6C%73%61%20%73%69%20%6E%6F%69%74%63%65%73%20%61%20%3C%2A%33%36%68%74%20%66%6F%36%35%2A%3C%51%74%20%34%20%6D%51%79%58%51%79%58%51%79%58%3E%2E%67%6E%6F%20%73%65%68%74%20%66%6F%20%73%65%72%75%73%61%65%58%79%51%58%79%73%61%6C%20%65%65%6E%6F%20%73%54%68%65%72%65%72%65%67%6E%61%72%72%61%20%6E%61%20%66%69%79%20%6C%6E%6F%20%61%64%6F%63%20%61%20%73%69%20%20%77%61%6E%74%20%20%51%79%58%3E%20%34%30%31%32%32%54%72%79%61%62%6D%61%53%20%3A%6C%69%7A%61%72%42%20%74,%61%65%62%20%6E%69%74%61%4C%20%65%68%74%20%2F%20%6D%6D%20%2A%3C%20%3E%2E%58%79%51%58%79%51%58%79%51%58%79%51%58%79%51%3C%62%23%3E%20=%4C%61%74%69%6E%2D%42%72%61%7A%69%6C%3A%20%53%61%6D%62%61=%31%30%34=%33"
59b1aed8-89b2-49f8-99eb-361c7b562d06,"irealb://%4F%6C%64%20%43%68%69%73%68%6F%6C%6D%20%54%72%61%69%6C,%20%54%68%65%20%20%20%5B%23%5D=%62%65%32%73%68%61%72%70%20%41%52%52%3A==%5A%7A%20%50%69%63%6B%20%41%20%53%74%79%6C%65%20%59%6F%75%20%4C%69%6B%65=%47==%31%72%33%34%4C%62%4B%63%75%37%6D%61%6E%20%73%79%51%20%20%4E%67%6E%6F%73%20%72%75%6F%79%20%66%6F%20%65%6F%74%6E%20%74%73%61%6C%20%65%68%74%20%65%6D%61,%20%74%68%75%58%37%35%2A%3C%20%6C%61%65%52%3C%2A%32%36%74%74%20%72%6F%66%20%74%65%73%20%74%73%75%6D%75%20%6F%79%20%74%61%68%74%20%79%65%6B%20%65%68%68%69%73%20%69%20%3E%67%6E%69%79%6C%6E%6F%20%68%61%72%74%2E%20%73%69%68%54%20%20%51%79%58%32%36%2A%3C%79%51%58%51%79%58%51%79%58%51%79%58%51%79%58%3E%69%6E%74%72%6F%63%20%6F%72%50%61%63%20%75%6F%69%64%65%73%20%32%2A%3C%20%3E,%73%64%72%6F%68%63%20%6F%20%6E%73%61%68%20%74%49%20%2E%6D%68%74%79%68%72%36%73%6F%20%79%76%6F%72%70%20%58%51%79%58%51%20%72%65%61%64%3E%2E%41%20%72%65%74%74%65%6C%20%65%72%6F%65%66%62%20%6E%69%20%65%6D%6F%63%20%6F%74%20%79%58%79%51%58%79%74%65%67%20%6E%75%6A%20,%73%20%3C%2A%37%30%20%6C%6C%61%20%72%6F%66%20,%65%74%6F%6E%70%20%75%2D%6B%63%69%70%20%65%68%74%20%6F%44(%76%65%72%73%65%51%79%58%51%79%41%2A%5B%5D%20%66%6F%72%65%20%20%6E%20%3E%3A%6F%72%74%6E%49%20%32%35%2A%34%3C%34%54%5B%20%51%79%58%51%79%58%3E%2E)%41%4C%5A%20%6E%20%65%62%20%74%73%47%5A%4C%37%44%56%65%72%73%65%37%44%3E%3A%73%75%72%6F%68%43%20%36%36%2A%5B%3C%20%47%5A%4C%37%44%5A%4C%78%5A%4C%47%3E%3A%4C%5A%47%4C%5A%20%30%37%2A%3C%2E%64%65%79%61%3C%2A%34%36%22%61%20%22%73%64%72%6F%68%43%20%6F%4E%22%20%61%74%68%74%20%73%6E%61%65%6D%20%22%2E%43%2E%4E%72%65%20%70%6C%20%5A%20%55,%65%72%61%20%22%79%51%58%79%51%61%65%6D%20%2E%43%2E%4E%22%20%32%20%65%68%20%54%20%51%79%58%32%37%2A%3C%51%79%58%51%79%58%73%75%72%65%73%58%51%79%58%3E%62%22%20%61%20%75%64%65%64%20%74%61%65%70%65%72%20%67%6E%6F%73%30%33%2A%20%3C%3E%65%68%74%20%65%6D%69%74%20%68%63%61%65%73,%20%61%73%6C%63%6E%69%20%46%20%20%51%79%70%65%72%66%6F%51%79%58%51%79%58%51%79%58%51%79%58%51%79%3E%58%2E%22%6B%61%65%72%62%20%65%63%6E%61%6D%72%3C%2A%36%36%58%20%66%65%69%72%3C%20%3E%68%74%79%20%69%52%65%65%6D%69%72%65%70%78%65%20%6E%61%63%20%75%79%6F%20,%74%72%61%68%63%20%6F%72%50%20%6C%61%6E%74%20%77%69%6E%61%20%72%6F%51%79%58%3E%73%72%69%6F%75%73%73%6F%70%6D%65%54%20%73%75%6C%70%20,%73%6C%65%79%74%53%20%6F%72%50%20%6C%61%65%52%69%20,%20%70%6C%75%61%76%32%33%2A%20%65%68%74%20%51%58%79%51%58%74%61%76%69%74%63%61%20%73%74%6E%65%6D%75%74%72%73%6E%69%20%20%51%79%58%34%37%2A%3C%51%79%65%64%20%69%6E%79%58%51%79%58%20%6E%69%20%73%20%50%72%6F%20%65%73%20%6C%61%6E%6F%69%74%69%64%64%61%20%6E%64%69%46%32%33%2A%3C%20%3E%2E%72%65%78%69%4D%74%74%69%6E%67%6C%61%65%52%69%6F%63%69%20%20%52%65%61%6C%20%2A%3C%51%79%58%51%79%58%51%79%58%51%79%58%79%51%58%3E%65%63%69%74%63%61%72%50%20%6F%72%50%37%34%58%79%51%69%20%65%68%74%36%34%2A%3C%20%65%72%65%20%79%72%63%6E%69%20%72%6F%20,%79%65%6B%20%65%74%68%20%65%67%6E%61%68%63%20%6E%61%63%20%75%6F%65%61%73%65%3E%68%77%20,%6E%3E%2E%73%74%61%65%6D%70%6F,%74%72%61%68%63%20%65%68%74%20%65%6D%69%74%79%20%72%65%76%65%20%64%6E%61%20%68%63%61%65%20%20%72%65%70%65%74%20%65%68%74%74%63%61%72%50%51%58%79%51%58%20%65%76%6F%6D%65%52%20%3A%67%6E%69%6E%72%57%61%20%20%51%79%58%34%37%2A%3C%51%79%58%51%79%74%68%65%20%22%79%58%51%79%58%20%79%6C%70%70%73%65%74%74%69%77%20%79%65%68%74%20%72%6F%20,%65%6E%6F%38%64%33%2A%3C%20%3E%20%6E%65%68%77%20%73%67%6E%69%6C%6C%20%61%20%22%65%63%69%51%79%58%36%35%6C%20%74%68%65%51%79%58%51%79%58%51%79%58%51%79%58%3E%2E%61%79%6C%70%20%75%6F%79%20%73%74%72%61%68%63%20%58%79%51%3C%2A%6C%61%20%6F%74%20%6E%61%63%20%79%6F%75%20%70%65%68%74%20,%74%6E%65%6D%75%72%74%73%6E%20%69%62%45%20%72%6F%20%62%42%20%61%20%79%61%6C%6E%20%79%6F%75%20%66%49%20%20%6E%6F%20%22%73%30%74%72%61%6E%65%66%65%72%50%22%20%67%6E%69%73%75%20,%64%73%72%6F%68%63%20%65%68%74%20%65%73%6F%70%73%72%65%6E%63%65%33%2A%3C%20%3E%72%65%74%75%70%58%79%51%20%3E%6F%74%6B%73%65%64%20%20%51%79%58%34%37%2A%51%3C%79%58%51%79%58%51%79%58%51%79%58%51%79%58%70%20%63%6F%6D%51%79%58%61%20%63%74%69%70%20%20%74%68%65%20%6F%63%36%34%2A%3C%20%3E%20%65%68%54%20%2E%61%64%70%20%61%20%6E%6F%20,%22%72%61%65%67%22%6E%63%65%72%74%64%6E%61%20,%68%2F%6B%65%79%20%64%6F%65%73%20%6E%6F%74%20%63%68%61%6E%67%65%2E%3E%58%79%51%58%79%51%58%79%51%58%79%51%20%20%3C%62%23%3E%20==%30=%30"
59839f4c-87d4-40b7-941b-dd5edc22bb7b,irealb://%45%78%C3%A1%6C%74%61%74%65%20%53%65%C3%B1%6F%72%20%59%20%56%69%76%6F%20%50%61%72%61%20%41%64%6F%72%61%72%74%65=%4D%69%65%6C%20%53%61%6E%20%4D%61%72%63%6F%73==%47%6F%73%70%65%6C%20%42%61%6C%6C%61%64=%46=%32=%31%72%33%34%4C%62%4B%63%75%37%69%6D%20%69%74%34%44%2D%20%43%20%6F%72%74%73%6F%70%20%65%4D%20%39%36%2A%41%3C%2A%7B%7D%51%79%58%62%42%7C%2C%46%2C%45%2F%61%6E%74%65%20%34%54%69%2A%7B%6D%20%75%74%20%3E%46%20%47%2D%6C%20%6F%68%63%75%6D%20%73%45%36%36%2A%3C%7C%59%2C%41%2F%46%20%20%62%42%7C%2C%41%2F%46%2C%6F%20%71%75%65%53%4F%49%44%20%20%2D%47%5A%4C%20%70%65%72%64%42%7C%2C%41%2F%46%2C%73%75%73%43%20%2C%2D%5A%44%4C%43%20%2D%47%3E%2E%2E%2E%6F%64%61%6E%6F%62%20%46%2F%41%73%61%68%20%65%2A%2C%46%3E%2E%7C%59%42%62%58%65%73%20%65%74%61%74%6C%C3%A1%78%45%51%79%58%79%51%58%33%36%2A%3C%7B%7D%51%79%58%43%7C%51%79%C3%B1%6F%72%2E%2E%2C%41%2F%46%20%2F%46%20%20%62%41%2C%7C%42%62%46%20%20%46%7C%2C%43%2C%62%42%20%2C%2D%44%4C%5A%43%20%37%2D%47%7C%59%7C%2C%41%2F%46%20%20%2F%41%2C%7C%42%2F%46%20%20%42%79%58%62%42%7D%2D%20%43%2C%51%7C%59%7C%2C%46%2C%45%2F%43%20%2D%44%51%7B%51%7D%79%58%46%32%4E%7D%20%43%20%46%31%4E%5A%4C%42%62%58%79%51%47%59%7C%2C%41%79%58%46%59%7C%2A%36%39%20%56%20%62%42%7C%51%79%58%62%42%3E%2E%2E%2E%65%72%74%61%72%6F%64%61%20%61%72%61%70%20%6F%76%69%20%43%2F%45%2C%3C%41%2A%7B%51%51%7C%43%2F%46%58%79%51%7D%42%62%58%79%51%5A%20=%4A%61%7A%7A%2D%42%61%6C%6C%61%64%20%45%76%65%6E=%36%30=%33
599355ef-49cb-4aa4-b3d9-bd5572f35b79,irealb://%48%65%6D%65%20%41%71%75%C3%AD=%4A%65%73%C3%BA%73%20%41%64%72%69%C3%A1%6E%20%52%6F%6D%65%72%6F==%42%61%6C%6C%61%64=%47==%31%72%33%34%4C%62%4B%63%75%37%34%54%7C%51%79%34%47%2C%2A%41%54%5A%4C%44%20%47%42%2A%7B%7D%51%79%58%44%4C%5A%47%20%43%5A%4C%2D%42%20%2D%45%5A%4C%44%20%32%34%45%2D%58%34%54%69%2A%7B%2A%3C%20%47%7C%44%2C%7C%47%20%7D%51%79%58%44%7C%51%79%58%47%7C%51%79%58%34%43%34%54%7C%51%79%58%2D%45%34%32%54%5A%4C%44%7C%43%58%79%51%2C%43%20%43%34%36%39%58%79%51%54%6F%20%41%3E%20%4C%5A%51%43%58%79%51%7C%47%58%79%51%7C%43%58%79%51%7C%47%58%79%51%5A%7C%20=%4A%61%7A%7A%2D%4D%65%64%69%75%6D%20%53%77%69%6E%67=%31%30%30=%33
598afffd-7bb3-499c-9b21-2d8fbbd6e492,irealb://%4D%61%6E%64%61%20%4C%61%20%4C%6C%75%76%69%61=%42%61%72%72%69%65%6E%74%6F%73%20%4D%61%72%63%6F%73==%4D%65%64%69%75%6D%20%53%77%69%6E%67=%43==%31%72%33%34%4C%62%4B%63%75%37%2D%42%7C%51%79%34%3C%2A%37%32%58%47%7C%51%79%58%44%7C%51%79%58%44%3E%2E%2E%2E%69%74%20%65%74%6E%61%20%6F%67%6E%65%56%20%79%51%7C%47%58%34%54%41%2A%7B%23%46%70%2C%44%2D%58%79%51%7C%3E%20%2E%2E%2E%2E%65%64%6E%65%69%63%73%65%39%44%36%2A%3C%7B%7D%51%79%58%41%7C%51%79%58%41%47%58%79%51%7C%42%7C%51%79%58%76%75%6C%6C%20%79%51%7C%41%20%6E%61%4D%20%39%36%2A%3C%42%2A%7B%51%79%58%7C%41%7D%20%20%3E%41%20%6F%54%20%20%39%36%2A%3C%64%61%20%6C%61%58%2D%45%5A%4C%34%37%2A%3C%20%3E%44%58%79%51%58%41%7C%51%79%58%2D%42%7C%51%79%58%2D%42%51%7C%79%58%47%7C%51%79%58%47%7C%51%79%58%44%7C%79%51%7C%7C%41%2E%2E%2E%61%69%20%20%54%6F%20%41%3E%20%20%7D%7C%44%58%79%51%5A%20=%4A%61%7A%7A%2D%4D%65%64%69%75%6D%20%53%77%69%6E%67=%31%30%30=%33
59419414-caf6-4c57-a906-c3839ba88642,irealb://%4C%61%20%52%75%65%6C%6C%65%20%64%65%73%20%4D%6F%72%74%73=%54%68%69%C3%A9%66%61%69%6E%65%20%4C%61%20%43%61%73%61==%52%6F%63%6B%20%50%6F%70=%44%2D==%31%72%33%34%4C%62%4B%63%75%37%5A%4C%78%5A%4C%34%44%2D%4C%5A%5A%4C%2D%44%41%2A%7B%7D%20%78%5A%4C%2D%47%4C%5A%78%5A%4C%43%5A%4C%78%5A%4C%2D%41%5A%4C%78%78%4C%5A%41%2D%34%54%69%2A%7B%41%5A%4C%78%5A%5A%47%2D%4C%5A%5A%4C%78%5A%4C%2D%47%5A%4C%78%5A%4C%43%5A%78%4C%5A%4C%2D%41%5A%4C%78%5A%4C%2D%44%5A%4C%78%4E%31%44%2D%4C%4C%78%5A%4C%43%2A%5A%4C%78%5A%5A%43%4C%5A%78%78%5A%4C%43%5A%4C%78%5A%4C%2D%41%5A%4C%78%4C%5A%2D%44%32%4E%7C%7D%20%78%5A%4C%2D%47%5A%4C%4C%5A%47%2D%4C%4C%78%5A%4C%2D%5A%4C%62%42%5A%4C%5A%43%4C%5A%47%5A%4C%78%5A%4C%43%5A%4C%78%5A%4C%46%5A%78%4C%5A%4C%2D%44%5A%4C%78%5A%4C%2D%47%5A%4C%78%2D%4C%5A%78%4C%78%5A%4C%46%42%5A%4C%43%5A%4C%4C%5A%78%4C%5A%5A%4C%78%5A%4C%2D%44%33%4E%7B%7D%20%78%5A%2D%4C%47%5A%4C%78%5A%4C%43%5A%4C%78%5A%4C%2D%41%41%2D%4C%5A%78%2D%44%5A%4C%78%4C%78%5A%4C%43%4C%5A%78%20%7D%46%5A%4C%78%5A%4C%2D%44%5A%4C%78%5A%4C%2D%5A%47%4C%78%5A%4C%43%5A%4C%78%5A%4C%46%42%2A%7C%4C%5A%78%4C%5A%2D%47%5A%4C%78%4C%78%7C%2C%43%78%4C%5A%42%62%2D%41%5A%4C%78%5A%4C%2D%44%3E%29%73%69%6F%20%66%78%28%20%30%37%2A%3C%69%2A%7B%20%78%5A%4C%4C%5A%78%4C%5A%5A%4C%2D%47%5A%5A%47%2D%4C%5A%78%20%7D%55%44%2D%20=%50%6F%70%2D%43%6F%75%6E%74%72%79=%32%30%30=%31
59e915de-98d3-47f2-a487-4703c869a879,irealb://%39%20%54%68%65%20%54%75%6E%65%20%44=%41%72%62%61%6E%20%20%4C%65%65==%42%61%6C%6C%61%64=%44==%31%72%33%34%4C%62%4B%63%75%37%5A%4C%39%64%64%20%45%2D%37%4C%44%5A%4C%73%75%73%37%41%20%37%2D%42%5A%4C%41%37%20%37%2D%45%5A%4C%37%5E%47%20%37%5E%44%5A%5E%37%20%47%61%44%34%34%54%5B%47%5E%37%20%41%37%4C%5A%47%5E%37%20%45%2D%37%4C%5A%54%34%34%41%37%20%44%5E%37%2C%66%45%62%5A%20=%4A%61%7A%7A%2D%42%61%6C%6C%61%64%20%45%76%65%6E=%38%30=%31
5988e452-bc30-44e1-8eaf-619d82455572,irealb://%36%78%36%20%53%6F%6C%6F=%43%6F%6D%70%6F%73%65%72%20%55%6E%6B%6E%6F%77%6E==%4D%65%64%69%75%6D%20%53%77%69%6E%67=%43==%31%72%33%34%4C%62%4B%63%75%37%39%62%37%47%7C%79%51%7C%45%62%42%7C%51%79%58%78%7C%51%79%58%39%62%45%7C%79%51%58%78%7C%51%79%58%39%62%42%7C%51%79%58%39%62%39%58%79%51%58%39%62%42%5B%23%35%58%79%51%7C%43%2D%37%58%79%51%7C%46%37%62%39%23%35%58%79%51%7C%42%62%39%20%47%37%62%39%23%35%4C%5A%43%2D%37%20%46%37%20%7C%20=%4A%61%7A%7A%2D%4D%65%64%69%75%6D%20%53%77%69%6E%67=%31%30%30=%34
59fdf7d0-0c3f-41a7-a158-abf3a896b3ef,irealb://%4D%69%73%73%69%73%73%69%70%70%69%20%53%61%77%79%65%72=%54%72%61%64%69%74%69%6F%6E%61%6C==%46%69%64%64%6C%65%20%54%75%6E%65=%44==%31%72%33%34%4C%62%4B%63%75%37%58%44%7B%59%7D%32%44%58%79%51%51%79%58%41%7C%51%79%58%44%7C%51%79%58%44%51%7C%79%58%47%7C%51%79%58%47%7C%51%79%58%44%7C%7C%44%58%79%51%32%54%41%2A%7B%79%51%7C%44%58%79%51%7C%41%37%58%79%51%7C%41%37%58%79%51%7C%44%58%79%51%7C%44%58%79%51%7C%41%37%58%79%51%7C%44%58%79%51%7D%20%0A%0A%0A=%4A%61%7A%7A%2D%4D%65%64%69%75%6D%20%53%77%69%6E%67=%31%30%30=%33
59e2cda4-b0c7-4b9c-8091-cf6f60dea85f,irealb://%4E%65%77%20%42%72%6F%6F%6D=%54%72%61%64%69%74%69%6F%6E%61%6C==%46%69%64%64%6C%65%20%54%75%6E%65=%47==%31%72%33%34%4C%62%4B%63%75%37%7B%59%7D%51%79%32%47%58%79%51%58%37%44%7C%51%79%58%43%7C%51%79%58%47%7C%79%51%58%37%44%7C%51%79%58%47%7C%51%79%58%47%7C%79%51%7C%47%58%32%54%41%2A%7B%2A%42%47%58%79%51%7C%43%58%79%51%7C%47%58%79%51%7C%44%37%58%79%51%7C%47%58%79%51%7C%43%58%79%51%7C%44%37%58%79%51%7C%47%58%79%51%7D%20==%30=%30
5983024c-5655-4c78-918a-5f0f59f4ccc1,irealb://%4F%76%65%72%20%54%68%65%20%57%61%74%65%72%66%61%6C%6C=%54%72%61%64%69%74%69%6F%6E%61%6C==%42%6C%75%65%67%72%61%73%73=%44==%31%72%33%34%4C%62%4B%63%75%37%44%42%2A%7B%7D%34%44%20%41%4C%51%79%58%43%7C%51%79%58%44%5A%4C%41%20%44%51%7C%79%58%44%5A%4C%41%20%44%7C%51%79%58%44%5A%7C%47%58%79%51%34%54%41%2A%7B%20%47%4C%5A%44%58%79%51%7C%44%20%41%4C%5A%44%58%79%51%7C%44%20%47%4C%5A%44%58%79%51%7C%44%20%41%4C%5A%44%58%79%51%7D%20==%30=%31
598f2be9-3e03-470a-ad74-a014ca3a9711,irealb://%59%6F%20%54%65%20%53%65%67%75%69%72%65%20%28%43%68%69%6C%65%20%47%69%67%29=%50%6C%61%7A%61%20%41%6C%62%65%72%74%6F==%52%6E%42=%45==%31%72%33%34%4C%62%4B%63%75%37%56%20%20%32%36%34%45%36%20%45%59%5D%51%79%58%42%5A%4C%23%44%2F%42%20%45%41%2F%5A%4C%42%20%23%46%2F%36%42%5A%4C%23%47%2F%7B%2A%41%3C%2A%34%54%69%2A%5B%2F%2D%23%46%20%5A%42%28%42%2D%37%23%43%20%73%75%73%23%43%5A%4C%23%46%2F%23%2D%47%20%2D%23%47%5A%4C%23%44%20%41%5A%4C%29%4C%5A%46%23%2D%4C%45%3E%7A%6F%2D%23%47%5A%4C%75%73%20%42%37%4C%29%2D%42%28%42%5A%4C%45%3E%7A%6F%56%20%32%20%36%2A%3C%41%2A%5A%4C%2C%42%20%2C%45%5A%4C%5A%41%20%44%23%73%42%5A%4C%45%3C%42%2A%5B%20%46%23%4C%5A%43%5A%4C%37%42%20%73%75%73%42%5A%4C%45%2F%2D%46%23%20%2D%23%46%5A%4C%37%23%43%20%73%75%73%23%45%2C%20%42%2C%2F%2D%23%47%20%37%42%20%2C%41%72%65%63%6F%72%43%5A%4C%45%7C%2C%42%20%20%45%5A%4C%2C%37%20%42%2C%41%5A%4C%37%2D%23%43%5A%4C%45%6C%3E%6F%23%2D%37%4C%5A%50%20%30%36%2A%45%73%20%20%45%20%73%45%2F%44%20%2C%41%5A%4C%2D%23%47%5A%4C%2D%23%43%6C%6F%3E%72%6F%43%20%36%36%2A%3C%43%2A%5B%5D%2C%23%42%37%2C%4C%5A%20%45%5A%4C%2C%34%54%7D%20%20%6C%43%23%2D%58%6F%67%38%30%2A%3C%20%42%34%32%54%66%5A%4C%42%37%20%41%31%4E%7C%51%79%58%2D%23%47%7C%51%79%74%6F%20%41%3E%7C%2C%23%44%2F%5A%4C%23%41%2F%2D%2F%41%20%47%4C%2D%23%43%5A%4C%2D%23%47%3E%6F%6C%6F%73%38%20%36%2A%3C%44%2A%5B%51%79%58%41%5A%4C%2D%23%5A%41%20%46%23%23%46%32%4E%34%47%5A%4C%37%23%73%42%37%2C%41%4C%42%2F%2D%23%43%20%2D%23%43%6C%3E%65%74%65%6E%75%50%20%32%36%2A%3C%76%2A%7C%2C%43%2F%6F%5A%41%4C%5A%44%20%73%75%73%42%2C%23%44%2F%45%2D%2F%46%23%4C%4C%2C%37%42%20%2C%41%5A%4C%45%2F%2D%23%46%2D%20%23%46%5A%4C%37%23%43%20%73%75%73%23%43%5A%5A%45%20%20%73%23%47%20%2D%23%5A%4C%2D%23%43%36%34%20%43%6F%2C%42%2C%41%73%3E%6E%69%20%6C%6C%41%30%36%3C%2A%5A%4C%2D%23%47%5A%4C%2D%23%43%6C%3E%6F%72%7C%6C%45%4C%5A%2A%3C%43%2A%7B%47%23%2D%4C%5A%73%41%2C%42%2C%7C%4E%31%6C%45%20%20%73%45%2F%44%23%2C%7D%55%4E%32%3C%E2%99%A9%3E%6C%42%20%5A%20==%31%30%31=%31
598ef193-c5a9-4ea6-bcd9-396cf1294961,irealb://%4D%61%67%69%63%20%49%73%6C%61%6E%64%73%20%28%42%65%6C%6F%66%66%20%61%72%72%2E%29%2C%20%54%68%65=%54%72%61%64%69%74%69%6F%6E%61%6C%20%50%6F%6C%79%6E%65%73%69%61%6E%20%4D%65%6C%6F%64%79%2C%20%41%64%61%70%74%65%64%20%42%79%20%4B%65%6E%20%44%61%72%62%79%20%28%4C%79%72%69%63%73%29==%4A%61%7A%7A%2D%42%61%6C%6C%61%64%20%4D%65%6C%6F%64%69%63%20%31%30%30%42%70%6D=%41==%31%72%33%34%4C%62%4B%63%75%37%51%79%58%70%7C%34%45%37%58%79%7C%51%79%58%70%7C%51%79%58%41%41%2A%5B%5D%79%51%58%70%7C%51%79%58%41%7C%51%79%58%70%7C%51%45%37%58%79%51%34%54%69%2A%5B%70%7C%51%79%58%51%7C%70%58%79%58%70%7C%51%79%58%37%45%7C%51%79%58%70%7C%79%51%58%41%7C%51%79%58%70%7C%51%79%58%41%7C%51%79%51%7C%45%37%79%58%37%45%7C%58%41%7C%51%79%58%79%51%7C%70%79%58%41%7C%51%79%58%70%7C%51%79%58%44%7C%79%51%58%70%7C%51%79%58%41%42%2A%5B%5D%51%79%58%51%7C%45%37%58%41%7C%51%79%58%79%51%7C%70%58%79%51%7C%41%58%79%51%7C%70%58%79%51%7C%44%58%79%51%7C%70%58%79%51%7C%45%37%58%79%51%7C%70%58%79%51%7C%41%58%79%51%7C%70%58%79%51%5A%20==%30=%32
59ec5575-e30f-4c5b-8bfa-d7dc9636efbe,irealb://%4D%61%6D%65%20%28%42%65%6C%6F%66%66%20%61%72%72%2E%29=%4A%65%72%72%79%20%48%65%72%6D%61%6E%20%28%31%39%36%36%29==%4D%65%64%69%75%6D%20%53%77%69%6E%67=%43==%31%72%33%34%4C%62%4B%63%75%37%43%20%36%43%5A%54%34%34%44%37%43%41%2A%7B%5D%20%37%47%20%37%2D%44%5A%4C%43%6F%20%43%5A%4C%37%47%20%37%2D%44%7C%51%79%58%20%43%6F%37%4C%2C%69%2A%2C%5B%41%2C%42%2A%2C%2D%37%58%79%51%37%5E%43%7C%51%79%58%43%5A%4C%37%47%20%37%44%2D%5A%4C%2B%41%20%2D%44%7C%51%79%58%37%47%7C%58%79%51%5D%5B%44%5A%4C%6F%23%23%43%20%43%5A%37%4C%5A%41%2D%2D%44%5A%4C%2B%41%20%2D%44%2C%7C%7C%51%79%39%58%41%7C%51%79%58%2D%45%5A%4C%36%2D%41%20%37%37%20%47%37%4C%5E%2D%41%20%2D%41%20%2D%44%2C%37%20%47%37%20%37%47%7C%51%79%58%37%2D%44%5A%4C%6F%23%43%36%20%43%5A%4C%37%5E%43%20%43%2C%43%2A%2C%5B%5D%58%79%51%7C%7C%2D%44%5A%4C%6F%4C%36%2D%41%20%37%20%47%37%4C%37%5E%2D%41%20%2D%41%6C%2C%42%2A%2C%5B%5D%20%20%37%45%2C%36%2D%44%73%7C%51%79%58%37%45%5A%4C%5A%41%2D%37%2D%44%5A%4C%2B%7C%51%79%58%2C%51%7C%41%39%58%37%2D%45%2C%37%5E%2D%45%73%20%2D%45%5A%4C%47%37%20%37%2D%44%5A%4C%2B%41%20%2D%44%7C%51%79%2C%7C%6C%41%39%79%58%2D%45%5A%44%37%58%79%51%7C%44%2D%37%20%47%37%4C%5A%4E%31%43%20%43%6F%4C%5A%44%2D%37%20%47%37%20%7D%7C%4E%32%43%58%79%51%7C%43%58%79%51%5A%20=%4A%61%7A%7A%2D%4D%65%64%69%75%6D%20%53%77%69%6E%67=%31%30%30=%31
59071f39-db9d-49db-9127-43eaa89ba4ee,irealb://%53%75%6B%69%79%61%6B%69%20%28%42%65%6C%6F%66%66%20%61%72%72%2E%29=%48%61%63%68%69%64%61%69%20%4E%61%6B%61%6D%75%72%61%2C%20%52%6F%6B%75%73%75%6B%65%20%45%69%20%28%45%6E%67%6C%69%73%68%20%4C%79%72%69%63%73%20%42%79%20%54%6F%6D%20%4C%65%73%6C%69%65==%4D%65%64%69%75%6D%20%52%6F%63%6B%20%42%61%6C%6C%61%64=%46==%31%72%33%34%4C%62%4B%63%75%37%42%20%46%5A%4C%34%44%2D%20%42%41%2A%7B%5D%20%37%2D%47%20%37%2D%41%7C%51%58%79%46%5A%4C%37%2D%47%20%37%2D%41%5A%4C%36%62%46%20%42%62%36%34%54%69%2A%5B%79%58%2D%44%5A%20%42%62%36%4C%43%7C%51%79%58%37%2D%47%5A%4C%37%44%20%2D%5A%41%4C%36%62%42%20%46%5A%4C%36%62%42%20%46%5A%37%20%41%37%4C%46%5A%4C%36%62%20%37%2D%41%7C%58%79%51%7C%45%4E%5A%4C%37%2D%47%20%37%2D%41%5A%4C%36%62%20%42%2D%44%7C%51%79%58%37%41%7C%51%79%58%37%2D%31%46%58%79%51%37%2D%47%7C%51%79%58%37%2D%62%7C%4E%32%46%58%37%46%7C%51%79%58%46%7C%51%79%58%70%7C%51%58%79%36%62%42%42%2A%5B%51%79%58%37%46%7C%51%79%58%79%51%7C%42%7D%20%37%2D%47%42%20%37%2D%41%36%58%79%51%7C%20%2D%44%5B%5D%51%79%58%46%7C%51%79%58%46%4E%33%7C%7D%51%79%58%37%43%5A%4C%39%47%20%36%46%47%2D%37%4C%5A%2D%62%42%7C%51%62%36%4C%5A%46%58%79%51%7C%46%58%79%51%5D%5B%51%44%2D%20%47%2D%37%4C%5A%41%2D%37%20%42%62%36%4C%5A%46%58%79%51%7C%46%58%79%51%5A%20=%50%6F%70%2D%52%6F%63%6B=%31%31%35=%31
593cdb89-17ea-4f35-b29e-7b44a403a596,irealb://%54%68%65%72%65%27%6C%6C%20%42%65%20%53%6F%6D%65%20%43%68%61%6E%67%65%73%20%4D%61%64%65%20%28%42%65%6C%6F%66%66%20%61%72%72%2E%29=%57%2E%20%42%65%6E%74%6F%6E%20%4F%76%65%72%73%74%72%65%65%74%2C%20%42%69%6C%6C%79%20%48%69%67%67%69%6E%73==%4D%65%64%69%75%6D%20%53%77%69%6E%67=%47==%31%72%33%34%4C%62%4B%63%75%37%51%79%58%37%41%34%41%37%20%44%7C%51%79%58%37%45%41%2A%5B%5D%51%79%58%47%4C%5A%37%44%20%37%41%5A%4C%37%45%20%47%5A%4C%37%70%58%79%51%7C%34%54%69%2A%5B%7C%51%79%58%37%7C%42%37%58%79%70%7C%51%79%58%37%45%42%2A%5B%5D%51%79%58%44%37%7C%51%79%58%37%41%7C%51%79%58%37%45%7C%51%58%79%51%7C%41%51%79%58%70%7C%79%58%5D%37%46%42%37%58%79%51%20%36%47%5A%4C%37%44%20%37%41%5A%4C%37%45%47%20%5A%4C%37%44%20%37%41%7C%51%79%58%37%45%7C%73%46%23%37%2C%7C%51%79%58%70%51%58%79%51%20%20%5B%51%6C%41%37%20%44%37%4C%5A%47%20%45%37%4C%5A%41%37%20%44%37%4C%5A%47%58%79%51%5A%20=%4A%61%7A%7A%2D%4D%65%64%69%75%6D%20%53%77%69%6E%67=%31%30%30=%31
59548e60-c11e-478e-b656-423c3f9a91ad,irealb://%54%68%65%73%65%20%46%6F%6F%6C%69%73%68%20%54%68%69%6E%67%73%20%28%42%65%6C%6F%66%66%20%61%72%72%2E%29=%4A%61%63%6B%20%53%74%72%61%63%68%65%79%2C%20%48%6F%6C%74%20%4D%61%72%76%65%6C%6C==%42%61%6C%6C%61%64=%43==%31%72%33%34%4C%62%4B%63%75%37%4C%37%47%20%37%34%43%37%58%79%41%20%37%5E%43%41%2A%7B%5D%20%37%47%20%37%44%2D%7C%51%79%58%37%44%5A%4C%37%41%20%46%7C%51%2D%4C%5A%44%2D%34%54%69%2A%5B%58%7D%20%37%47%41%2D%4C%5A%44%51%79%58%37%44%6C%31%4E%5A%4C%2C%37%41%20%5E%37%46%7C%51%79%58%37%43%5A%4C%37%47%20%37%2D%7C%44%2D%37%20%20%37%5E%43%5A%41%7C%51%79%58%20%4C%5A%4E%32%37%42%20%2D%41%7C%51%79%58%37%2D%45%42%2A%5D%5B%20%2C%37%42%20%43%5A%4C%37%47%20%37%2D%44%4C%5A%45%2D%37%51%79%58%51%79%47%20%37%2D%44%47%20%45%2D%37%37%5E%43%41%2A%7B%5D%20%37%47%20%37%2D%44%4C%5A%6F%47%20%37%47%5A%4C%37%44%20%2D%41%5A%4C%20%41%2D%4C%5A%7C%51%79%58%37%37%4C%5A%43%5E%37%20%41%2D%4C%5A%44%2D%37%20%47%37%4C%5A%43%37%58%79%51%7C%46%20%41%37%4C%5A%44%37%20%47%37%4C%5A%43%20%20%7D%20%5A%20=%4A%61%7A%7A%2D%42%61%6C%6C%61%64%20%53%77%69%6E%67=%38%30=%31
591aef4e-634c-47cf-b3b1-1869b642e1db,irealb://%4A%27%61%74%74%65%6E%64%72%61%69%20%2F%54%47%4A%43=%4F%6C%69%76%69%65%72%69%2F%52%61%73%74%65%6C%6C%69==%4D%65%64%69%75%6D%20%53%77%69%6E%67=%43==%31%72%33%34%4C%62%4B%63%75%37%7C%51%79%58%37%34%43%20%41%2D%20%5A%4C%20%6C%63%4B%51%79%58%43%41%2A%5B%20%5D%51%79%58%7C%72%51%79%58%5A%4C%47%20%46%20%78%20%4C%5A%42%34%54%69%2A%5B%7C%51%79%58%37%43%2F%45%20%45%37%2D%44%5A%4C%20%6C%63%4B%51%79%58%2D%44%51%7C%79%58%37%41%7C%51%79%58%2D%44%5A%4C%6F%62%58%79%51%7C%47%7C%51%79%58%43%79%58%43%7C%51%51%7C%47%37%58%51%79%58%46%5A%4C%20%6C%63%4B%51%79%58%37%42%43%2A%5A%4C%20%6C%63%4B%51%79%58%43%7C%51%79%7C%46%2D%58%79%79%58%37%2D%44%69%72%63%73%6E%4C%5A%47%37%20%6E%6F%69%73%72%65%76%20%38%33%39%31%3C%5A%20%4C%78%29%37%47%28%20%5A%4C%29%37%23%46%28%20%20%28%74%72%61%20%6C%63%4B%51%62%65%64%20%62%79%20%4D%61%72%74%69%6E%20%47%69%6F%61%6E%69%29%3E%43%58%79%51%7C%47%37%28%44%2D%37%29%20%20%28%47%37%29%20%5D%7C%20=%4A%61%7A%7A%2D%4D%65%64%69%75%6D%20%53%77%69%6E%67=%31%30%30=%33
59932c26-1842-4c6f-b937-658b919f3209,irealb://%53%77%69%6E%67%20%47%75%69%74%61%72%73%20%2F%54%47%4A%43=%52%65%69%6E%68%61%72%64%74%2F%47%72%61%70%70%65%6C%6C%69==%4D%65%64%69%75%6D%20%53%77%69%6E%67=%43==%31%72%33%34%4C%62%4B%63%75%37%20%43%5A%4C%2D%34%43%20%41%2D%37%43%20%43%5A%4C%51%79%58%7C%78%51%79%58%4C%5A%37%47%20%37%2D%44%5A%4C%29%6F%62%45%28%37%4C%5A%46%20%46%34%54%41%2A%7B%79%58%43%7C%51%31%43%20%47%37%7C%51%79%58%46%42%2A%5B%5D%51%79%58%43%32%7C%4E%51%79%58%51%79%58%51%79%58%51%79%58%7D%20%46%23%6F%58%79%4E%5A%4C%37%47%20%37%2D%44%5A%4C%5A%44%37%58%28%37%2D%41%20%43%5B%5D%51%79%58%37%47%5A%20%4C%78%29%37%47%28%20%5A%4C%20%6C%63%4B%51%79%45%62%6F%29%4C%20%6C%63%4B%51%61%4D%20%79%62%79%51%78%7C%58%20%73%6E%6F%69%73%72%65%76%20%39%34%37%34%35%2F%34%2F%37%33%2F%36%33%39%31%3C%5A%4C%51%79%28%74%72%2E%20%58%5A%4C%37%47%72%74%69%6E%20%47%69%6F%61%6E%69%29%3E%43%20%43%37%4C%5A%46%20%46%2D%4C%5A%43%20%47%37%4C%5A%43%20%47%37%20%5A%20=%4A%61%7A%7A%2D%4D%65%64%69%75%6D%20%53%77%69%6E%67=%31%30%30=%33
59b0c39d-65ee-420d-a833-d6d9caa8600c,irealb://%56%6F%61%72%20%43%6F%6D%6F%20%41%67%75%69%61=%2E==%4D%69%6E%69%73%74%C3%A9%72%69%6F%20%4C%69%76%72%65=%43=%34=%31%72%33%34%4C%62%4B%63%75%37%2D%46%7C%51%79%34%43%58%79%51%58%43%2F%2D%46%7C%51%79%58%43%41%2A%5B%20%51%20%79%58%51%79%58%7D%51%79%58%43%2F%2D%46%7C%79%51%7C%43%58%34%54%69%2A%7B%20%2D%45%7C%51%7C%44%2D%58%79%79%58%43%2F%2D%46%7C%51%79%58%43%5B%20%20%79%51%58%51%79%58%5D%20%47%20%73%75%73%47%7C%51%51%7C%43%58%79%51%79%58%43%2F%46%7C%2C%47%20%2D%20%41%2D%4C%42%2F%47%20%20%43%42%2A%7B%20%51%79%58%5D%47%20%20%73%75%73%47%5A%4C%41%2F%46%20%62%42%5A%2C%7C%41%2D%20%45%5A%4C%2D%41%5A%4C%2D%46%20%5A%47%73%75%73%5B%20%20%51%79%58%51%79%58%5D%51%79%58%43%4C%5A%2D%46%20%2D%44%7C%7D%29%2D%41%28%20%47%20%2A%43%47%23%5E%4C%2D%44%20%5E%20%23%43%42%2A%51%7C%47%23%5E%79%58%51%79%58%51%79%58%5D%51%79%58%73%75%23%73%47%5A%4C%47%20%73%75%73%47%5A%4C%2D%46%20%51%58%79%51%7B%79%58%47%2F%43%43%5A%4C%2D%23%2C%7C%41%23%2D%7C%7D%29%2D%23%41%28%20%23%47%20%73%75%73%47%23%5A%4C%2D%23%44%20%23%46%7C%2C%23%47%20%20%44%23%2D%20%46%43%2F%23%47%20%23%58%79%51%5D%20==%30=%30
59f588b9-8a7b-45fe-8681-c7d83ab3bb3d,irealb://%42%6C%61%63%6B%20%4F%72%70%68%65%75%73%2D%52%65%76%20%4A%45=%42%6F%6E%66%61%20%4C%75%69%7A==%4C%61%74%69%6E=%41%2D==%31%72%33%34%4C%62%4B%63%75%37%37%45%6E%2C%2D%34%73%42%68%2C%45%6E%2C%68%42%7C%2C%68%23%46%2C%2D%41%2C%45%37%2C%68%42%7C%2C%68%23%46%2C%2D%41%2C%37%45%37%2C%6E%7C%41%34%54%69%2A%5B%44%7C%2C%37%41%34%34%41%2D%2C%2C%37%47%2C%37%2D%44%7C%2C%2D%41%7C%2C%37%2C%45%68%42%7C%2C%2D%41%7C%2C%37%45%2C%68%42%7C%7C%43%5E%2C%7C%54%5B%5D%6E%2C%2C%37%45%2C%68%37%2C%7C%43%5E%5B%6E%2C%37%45%6E%2C%68%42%5A%4C%20%6E%2C%41%2D%7C%2C%37%45%7C%2C%68%42%7C%2C%5E%46%7C%2C%41%2D%2C%7C%42%47%7C%2C%37%2D%37%45%7C%2C%68%42%68%2C%45%37%7C%2C%2D%41%7C%2C%37%45%7C%2C%68%42%7C%2C%44%2D%7C%2C%2D%44%7C%2C%37%41%7C%2C%68%45%7C%2C%46%5E%2C%7C%42%7C%2C%2D%41%7C%2C%2D%41%7C%6E%58%79%51%20%5B%68%42%7C%2C%68%23%46%2C%2D%41%2C%37%45%2C%42%68%7C%2C%68%23%46%2C%2D%41%2C%37%45%2C%68%42%2C%6E%45%37%2C%5D%20%20%6E%2C%2C%37%41%7C%2C%5D%5B%2A%42%41%47%2C%37%2D%44%7C%2C%2D%41%7C%2C%37%45%2C%42%68%7C%2C%2D%41%7C%2C%37%45%2C%68%42%7C%2C%2D%37%2C%7C%43%5E%6E%2C%37%45%6E%7C%2C%37%45%2C%7C%47%37%2C%7C%41%5B%6E%2C%37%45%6E%2C%68%42%7C%2C%2D%41%2C%7C%37%45%7C%2C%68%42%7C%2C%5E%46%7C%2C%5E%43%2D%2C%7C%42%68%2C%37%2D%44%7C%2C%37%45%7C%2C%68%2C%45%37%2C%46%7C%2C%2D%41%7C%2C%37%45%7C%2C%68%42%7C%2D%2C%44%7C%2C%2D%44%7C%2C%37%41%7C%2C%68%45%7C%5E%2C%7C%42%68%42%7C%2C%2D%41%7C%2C%2D%41%7C%20%4C%5A%42%68%42%7C%2C%2D%41%7C%2C%37%45%2C%68%42%7C%2C%41%2D%41%2A%51%5B%20%20%5A%6E%51%2C%37%45%6E%2C%68%2C%45%37%2C%6E%2C%2D%41%7C%68%42%5A%4C%20%37%2C%7C%43%5E%2C%37%45%7C%2C%68%42%7C%2C%5E%46%7C%2C%5E%7C%43%2C%37%47%7C%2C%37%2D%44%7C%2C%37%41%7C%2C%7C%41%2D%2C%6E%47%2C%37%2D%44%7C%2C%68%42%7C%6E%5D%5B%41%2D%2D%44%7C%2C%37%41%7C%2C%68%45%7C%2C%37%45%68%2C%42%7C%2C%2D%41%7C%2C%37%45%2C%68%42%7C%2C%2C%7C%44%2D%2C%2C%37%45%6E%2C%2C%37%2D%44%7C%2D%2C%7C%46%5E%37%2D%44%7C%2C%37%2D%41%2C%2D%44%5B%20%2C%41%2D%7C%2C%2D%41%7C%2C%37%45%7C%2C%68%42%7C%2C%2C%41%2D%37%2C%41%7C%2C%37%45%41%3E%45%4E%49%42%68%2C%45%37%2C%37%45%6E%2C%68%42%7C%2C%68%23%46%2C%2D%2C%41%37%45%2C%68%42%7C%2C%68%23%46%2C%2D%41%2C%6E%7C%55%3C%46%5B%5D%2C%37%45%2D%2C%20%5A%20=%4A%61%7A%7A%2D%4C%61%74%69%6E%2F%53%77%69%6E%67=%31%36%30=%32
5982265e-8500-46d5-8178-f039d6185fc4,irealb://%43%72%79%20%4D%65%20%41%20%52%69%76%65%72%2D%52%65%76%20%4A%45=%48%61%6D%69%6C%74%6F%6E%20%41%72%74%68%75%72==%42%61%6C%6C%61%64=%45%62==%31%72%33%34%4C%62%4B%63%75%37%37%43%20%37%68%34%43%2D%39%20%37%47%20%5E%62%45%5A%4C%37%62%42%20%37%2D%5A%46%4C%37%2D%43%20%36%2D%43%5A%4C%35%23%2D%43%23%35%4C%5A%47%34%54%41%2A%7B%32%4E%7C%51%79%39%58%79%51%7C%79%58%51%79%58%7D%20%33%31%62%37%47%20%36%45%62%31%4E%5A%4C%73%75%73%37%62%42%20%37%2D%46%51%58%79%51%58%46%5A%4C%39%62%44%20%31%31%23%41%68%2C%44%37%37%68%45%20%36%2D%47%5A%4C%39%62%37%44%20%41%68%5A%4C%68%45%20%36%2D%47%6C%42%2A%5B%5D%2C%4C%5A%45%62%37%73%20%36%62%45%5A%4C%35%23%2D%47%2D%36%20%45%41%2A%5B%5D%20%37%47%20%37%2D%44%7C%51%79%39%58%5E%47%5A%4C%39%62%37%44%20%68%41%5A%4C%68%43%2D%39%20%43%5A%4C%39%62%37%42%20%37%2D%46%2D%37%4C%5A%46%46%5A%4C%39%62%37%43%20%37%68%47%5A%4C%39%37%62%47%20%37%5E%62%45%5A%4C%37%62%42%20%37%2D%39%58%79%51%7C%43%20%36%2D%43%62%37%73%75%73%4C%5A%55%3C%46%49%4E%45%3E%45%62%36%20%47%37%62%31%33%20%5A%20=%4A%61%7A%7A%2D%42%61%6C%6C%61%64%20%53%77%69%6E%67=%39%30=%33
5924f4ca-15bc-48d0-a4f3-409fdd9bff1e,irealb://%48%65%72%65%27%73%20%54%6F%20%4C%69%66%65%2D%52%65%76%20%4A%45%20%31=%42%75%74%6C%65%72%20%41%72%74%69%65==%42%61%6C%6C%61%64=%45%62==%31%72%33%34%4C%62%4B%63%75%37%6C%61%37%47%7C%39%58%79%51%7C%44%7C%51%79%58%39%5E%62%41%7C%51%79%58%39%62%5E%45%5A%4C%39%62%42%20%73%75%73%33%31%62%42%68%37%58%79%51%2D%46%41%2A%7B%73%39%43%20%39%4E%31%43%2D%39%79%58%39%36%43%32%4E%5A%4C%20%51%79%58%51%58%79%7D%20%33%31%62%47%20%37%2D%47%7C%51%79%58%51%7C%44%62%5E%7C%51%79%58%74%20%39%5E%62%41%2A%42%46%2D%39%42%2F%57%73%20%20%39%43%7C%51%79%58%73%75%39%73%43%7C%51%79%58%74%6C%61%37%47%7C%51%79%58%62%2C%7C%59%6C%5B%5D%20%73%75%39%5E%62%41%51%2C%7C%6C%46%2D%2C%31%31%23%33%31%62%47%20%39%2D%47%7C%51%58%79%73%75%73%39%43%5A%4C%74%6C%61%37%47%20%39%51%20%5D%59%5B%47%2F%57%73%20%4C%74%6C%61%37%68%20%47%37%61%4C%6E%20%39%5E%62%41%7C%5A%4C%68%41%20%39%43%2D%5A%4C%42%2F%2D%43%20%39%2D%43%5A%4C%74%6C%5A%44%68%20%47%44%7C%51%79%58%5A%20%6E%20%73%73%42%62%2D%37%3E%45%4E%49%46%3C%55%7C%2C%74%6C%61%37%47%68%2C%44%73%20%39%5E%62%41%6C%7C%2C%37%62%45%2C%6C%43%39%73%75%20%36%2D%43%5A%3C%2A%33%36%58%79%51%20%41%73%20%73%75%6E%67%20%62%79%20%53%68%69%72%6C%65%79%20%48%6F%72%6E%3E%20=%4A%61%7A%7A%2D%42%61%6C%6C%61%64%20%45%76%65%6E=%37%30=%33
59549b46-1762-4217-bb3f-be24b0e5ecac,irealb://%49%20%4C%6F%76%65%20%4D%79%20%57%69%66%65%2D%52%65%76%20%4A%45%20%33=%43%6F%6C%65%6D%61%6E%20%43%79==%42%61%6C%6C%61%64=%43==%31%72%33%34%4C%62%4B%63%75%37%46%2C%37%2D%43%34%73%45%62%5E%57%2C%39%5E%62%45%7C%2C%62%42%2F%39%2D%46%2C%7C%39%5E%62%45%7C%2C%62%42%2F%39%2D%46%7C%2C%2F%44%2C%7C%73%33%54%69%2A%7B%37%2D%43%7C%2C%2C%57%2F%41%62%37%62%44%2C%37%2D%62%41%7C%2C%47%2F%57%2C%2D%39%46%7C%2C%39%62%37%43%7C%2C%37%2D%47%7C%2C%2C%7C%47%2D%37%62%42%2F%37%2D%2C%39%2D%46%7C%31%33%23%31%31%31%46%32%4E%7C%7D%2C%62%42%2F%39%2D%46%7C%5E%2C%62%45%7C%2C%33%31%62%42%2C%39%2D%46%7C%2C%33%23%31%31%2C%46%31%4E%7C%2C%2F%57%2C%43%2F%7C%45%62%5E%2C%2C%44%2F%57%2C%62%45%2F%57%2C%31%31%23%37%62%5E%41%73%7B%5D%2C%37%62%45%2C%37%2D%62%42%7C%7C%41%62%31%33%2C%33%31%62%42%2C%62%45%2F%57%41%62%2C%7C%47%5E%62%41%7C%7D%2C%47%2F%57%2C%37%62%45%2C%2D%37%62%42%7C%2C%68%41%2C%62%45%2F%57%2C%37%2D%37%23%31%31%2C%2F%57%2C%62%42%45%2F%57%2C%47%41%62%31%33%2F%61%37%43%7C%2C%42%2F%57%2C%62%42%2F%57%2C%2D%37%47%7C%2C%62%41%2F%57%2C%62%42%2F%57%2C%43%6C%74%2C%57%2F%7C%2C%44%2F%57%75%73%33%31%62%23%31%31%2C%6E%64%6E%65%20%64%72%33%20%6C%61%20%2E%43%2E%3C%44%7C%2C%46%2F%57%6E%2C%37%46%7C%2C%46%2F%57%69%6E%67%3E%42%33%31%46%7C%2C%37%2D%46%7C%2C%42%2C%7C%42%62%33%31%62%42%2C%39%2D%46%5A%4C%2C%31%31%23%31%33%46%33%4E%5B%5D%2C%44%2F%57%20%39%62%33%31%2C%7C%45%62%5E%2F%57%6E%2C%73%57%20%2C%39%2D%5D%7B%53%2A%42%57%20%2C%39%5E%62%45%7C%2C%62%42%2F%57%20%39%2C%2D%46%7C%2C%62%42%2F%57%20%2C%5E%62%45%73%2F%43%2C%7C%46%2C%37%62%42%2C%42%2F%57%2C%62%45%62%5E%39%2C%2D%47%7C%2C%62%41%2F%57%2C%62%42%2F%37%2D%2C%46%37%2D%43%73%7C%2C%44%2F%57%2C%62%42%2F%57%37%2C%57%2F%42%7C%2C%62%42%2F%2F%57%2C%37%2D%39%2C%57%2F%44%44%2C%42%2F%57%2C%37%2D%62%41%7C%2C%47%2F%2C%57%43%2F%57%2C%39%2D%46%5A%4C%2C%45%2F%57%2C%62%37%4C%5A%47%62%37%43%7C%2C%62%42%2C%62%41%2C%7C%43%2D%37%46%7C%2C%45%2F%57%2C%47%2F%57%2C%31%31%23%31%33%46%31%4E%7C%2C%62%45%2F%57%2C%47%2F%57%2C%2D%39%2C%57%2F%44%2F%57%2C%46%2D%46%7C%2C%45%5E%2C%57%2F%47%31%23%33%31%46%32%4E%7C%7D%2C%62%42%2F%57%62%2C%41%2F%57%2C%39%2D%46%7C%2C%62%42%2F%57%2C%31%2C%20%57%2F%62%45%7C%2C%37%2F%57%2C%62%45%37%2C%4C%5A%45%23%37%5E%62%41%73%43%2A%7B%5D%2C%37%62%45%2C%20%37%2D%62%42%7C%2C%62%41%2F%57%20%2C%5E%62%31%31%2C%57%2F%62%42%20%2C%39%7C%7D%2C%47%2F%31%33%2F%43%2C%2C%37%2D%62%42%5A%4C%2C%68%41%2C%62%45%2F%2C%57%37%2D%47%7C%2C%62%41%2F%57%2C%62%42%2F%57%45%62%37%2C%57%62%41%7C%2C%44%7C%2C%42%2F%57%31%31%2C%57%2F%2C%37%2D%47%7C%2C%62%41%2F%57%2C%62%42%2F%2C%57%43%2F%33%31%62%41%7C%2C%44%2F%57%2C%62%45%57%2F%42%62%2C%23%37%5E%62%41%64%72%33%20%6C%2C%57%2F%47%2C%44%3C%7C%2C%46%2F%57%6E%2C%37%46%7C%2C%46%57%2F%6E%2C%31%31%23%33%31%46%5A%4C%2C%45%2F%57%2E%53%2E%20%61%74%6C%61%37%43%2C%39%2D%46%5A%6E%67%3E%42%62%33%31%46%33%4E%7C%5D%2C%44%2F%57%20%39%62%31%33%62%42%7C%2C%42%2F%57%6E%2C%73%75%73%33%31%23%31%31%2C%4C%69%64%6E%65%20%62%45%5A%4C%37%2C%7C%45%62%5E%37%2D%46%5A%4C%37%46%5A%4C%37%43%5A%4C%37%47%2D%51%5B%5D%2C%37%62%42%2C%37%2D%46%5A%4C%2C%2C%4C%5A%42%62%33%31%62%42%51%2D%36%20%5A%20=%4A%61%7A%7A%2D%42%61%6C%6C%61%64%20%53%77%69%6E%67=%31%30%30=%32
59fd4fa8-cdbc-4316-9cc7-bb4a9c7b51e6,irealb://%59%6F%75%20%4B%65%65%70%20%43%6F%6D%69%6E%67%20%42%61%63%6B%20%4C%69%6B%65%20%41%20%53%6F%6E%67%2D%52%65%76%20%4A%45=%42%65%72%6C%69%6E%20%49%72%76%69%6E%67==%4D%65%64%69%75%6D%20%53%77%69%6E%67=%42%62==%31%72%33%34%4C%62%4B%63%75%37%37%2D%43%5A%4C%34%73%42%62%5E%20%37%2D%44%6C%7C%2C%62%45%2F%57%2C%37%46%20%73%37%2D%43%5A%4C%37%2D%47%6C%2C%41%2F%44%2C%47%37%23%35%2C%34%54%41%2A%5B%62%45%2F%57%2C%4C%5A%42%62%5E%5D%20%37%62%42%20%37%2D%46%7C%51%79%58%2C%62%5E%42%5A%4C%37%46%20%37%2D%43%5A%4C%6F%42%20%7C%73%45%62%5E%35%23%37%46%20%62%42%7C%2C%46%2F%45%2C%7C%42%37%46%2C%47%2F%57%2C%37%2D%43%7C%2C%62%42%57%2F%2C%37%2D%47%2C%23%46%2F%57%2C%46%2F%5E%62%2F%43%2C%57%2F%57%2C%6F%45%2C%7C%2C%45%2F%57%2C%57%2F%47%2C%43%2F%57%2C%37%43%7C%2C%62%42%2F%57%2C%41%57%2F%2C%47%2F%57%2C%37%2D%47%7C%2C%23%46%2F%44%2C%57%2F%44%2C%41%2F%57%2C%5E%2F%57%2C%37%46%2D%37%2C%41%62%5A%4C%37%2D%47%6C%2C%41%2F%44%2C%5E%62%42%59%5B%5D%6E%2C%37%46%6E%2C%41%2F%37%46%7C%2C%6F%43%2D%37%20%73%47%6E%2C%37%46%44%6C%7C%2C%62%44%2D%37%20%47%46%73%20%37%2D%43%5A%4C%6F%42%20%5E%62%42%4C%5A%35%23%37%46%20%37%2D%43%5A%4C%2C%35%23%37%37%2C%57%2F%45%6C%7C%2C%62%45%46%2F%57%2C%46%79%51%7C%45%62%2C%45%2F%57%2C%6F%45%2C%62%45%2F%57%2C%5E%45%62%73%7C%5A%4C%39%62%37%44%20%31%31%23%33%31%7C%42%62%5E%2F%58%2C%39%62%37%4C%6F%62%44%20%2C%47%62%37%2C%42%5A%4C%36%2D%62%45%20%2C%68%45%6C%7C%2C%2F%46%57%2C%37%62%42%2C%43%2F%57%2C%39%2D%46%7C%62%5E%2F%44%2C%37%2D%47%2C%23%44%7C%6E%2C%37%46%37%62%39%2C%68%45%51%5B%5D%6E%2C%37%42%6E%2C%37%2D%43%6E%7C%2C%37%62%44%6E%2C%39%36%62%42%73%5A%4C%51%2C%6E%45%62%2D%20%37%2D%43%5A%2D%37%2C%6E%44%62%37%2C%6E%7C%43%2D%37%2C%6E%42%5E%2C%6E%7C%55%3C%46%69%6E%65%3E%6C%42%62%5E%58%79%51%5A%20=%4A%61%7A%7A%2D%53%77%69%6E%67%20%54%77%6F%2F%46%6F%75%72=%31%32%30=%33
59d0d847-8515-4517-b002-e732e78bdc65,"irealb://%65%20%70%65%6E%73%6F%20%61%20%74%65%20%31=%42%61%74%74%69%73%74%69%20%4C%75%63%69%6F==%4D%65%64%69%75%6D%20%53%77%69%6E%67=%41%2D==%31%72%33%34%4C%62%4B%63%75%37%7C%51%79%58%37%34%41%2D%37%58%58%37%2D%41%53%41%2A%7B%59%7D%51%79%58%43%51%7C%79%58%37%47%7C%51%79%58%37%2D%44%7C%51%79%79%51%7C%44%2D%34%54%69%2A%7B%37%45%20%37%42%7C%4E%31%43%58%42%2A%7B%59%5D%20,%37%47%20%43%32%4E%7C%51%59%79%58%51%79%58%51%79%58%51%79%58%7D%51%79%43%58%79%51%7C%51%79%58%37%47%79%58%37%2D%41%47,%46%4C%5A%20,%47%20%43%32%4E%7B%59%51%79%58%51%79%51%58%79%58%51%79%58%7D%20,%37%47%20%43%31%4E%7D%59%5B%2A%43,%2D%41%5A%4C%54%7C%7D%20%20%58%79%51%7C%47%31%4E%34%36%54%7C%51%79%58%37%2D%44%7C%51%58%79%46%59%7C%51%79%58%37%2D%45%7C%51%79%58%37%47%37%58%79%51%37%2D%44%7C%51%32%34%4E%32%47%37,%20%5D%7B%54%34%34%41%2D%37%58%79%51%7C%44%2D%37%58%79%51%7C%47%37%58%79%51%7C%43%58%79%51%7D%20==%30=%30"
599136f2-565c-421b-87fc-ae3f7bcf15ad,"irealb://%4C%E2%80%99%41%6D%6F%72%65%20%65%CC%80%20%75%6E%E2%80%99%61%6C%74%72%61%20%63%6F%73%61=%41%72%69%73%61==%50%6F%70=%42%2D==%31%72%33%34%4C%62%4B%63%75%37%33%30%34%2A%3C%34%42%2D%20%45%20%47%5A%4C%2D%45%20%2D%42%41%2A%7B%20%20%79%51%58%51%79%58%7D%20,%23%46%20%47%5A%4C%2D%46%23,%20%7D%34%54%69%2A%7B%7C%51%79%58%36%65%20%31%78%20%37%5E%47%53%42%2A%7B%20%20%51%79%58%51%79%3E%58%20%69%74%74%75%74%20%78%34%20%73%73%61%62%58%79%51%7C%41%63%6F%56%20%78%7C%51%79%58%37%7C%45(%47%23%79%58%23%46%7C%51%79%58%37%5E%47%7C%7D%51%58%79%3E%61%74%6C%6F%76%20%49%49%36%36%2A%3C)%51%20%5D%45%2D%51%79%58%2D%42%2D%42%41%2A%7B%2F%45%20%46%23%51%79%58%7D%20%3E%65%6E%69%46%3C,%23%46%47%20%5A%4C%2D%45%20%2D%42%43%2A%7B%5D%20%45%2F%58%79%51%20%20%73%75%73%23%46%79%58%45%7C%51%47%20%46%23,%51%79%58%36%41%7C%51%79%58%37%5E%47%42%2A%5A%7B%4C%20%51%79%58%51%79%58%3E%78%34%3C%7D%20%7C%42%2D%58%79%5A%4C%2D%45%20%2F%45%7C%51%79%37%58%79%51%7C%58%36%41%7C%51%79%58%37%5E%47%7C%51%79%58%47%23%2F%45%7C%51%79%58%2D%42%7C%51%79%58%23%46%79%51%7C%44%58%5E%47%7C%7D%51%79%58%37%5E%47%7C%47%5E%37%58%4B%51%79%58%23%46%2F%44%5A%4C%20%6C%63%4B%79%51%58%37%2D%45%5D%20%51%79%58%23%46%7C%51%79%63%6C%20%4C%5A%51%79%58%23%47%51%7C%3C%44%2E%53%2E%20%61%6C%20%46%69%6E%65%3E%46%23%58%79%51%20%5D%20==%30=%30"
59ff439b-00c4-4baf-a0bc-925c02b5093c,"irealb://%41%20%4D%69%6C%6C%69%6F%6E%20%59%65%61%72%73%20%41%67%6F=%41%64%65%6C%65%20%41%64%6B%69%6E%73,%20%47%61%72%79%20%4B%75%72%73%74%69%6E==%42%6F%73%73%61%20%4E%6F%76%61=%43%23%2D==%31%72%33%34%4C%62%4B%63%75%37%79%58%37%23%43%49%6E%74%72%6F%5A%4C,%37%2D%23%47%3E%20%3C%7C)%2D%23(%46%41%7C)%2D%23%47(%42%5A%4C%2D%23%43%3E%43%23%2D%4C%5A%3C%34%34%54%5B%23%43%5A%4C%37%7B%3C%56%65%72%2D%23%46%5A%4C%39%64%64%61%41%5A%4C%37%5E%5A%45%4C%37%42%5A%4C%37%2D%23%46%3E%31%20%65%73%37%4C%5A%47%23%20%51%79%58%51%58%51%79%58%51%23%37%20%7D%7B%7D%20%3E%78%33%3C%37%2D%23%43%20,%39%64%61%64%41%5A%4C,%37%42%3E%65%67%64%69%72%42%3C%47%23%37%58%79%43%5A%4C%37%2D%4C%37%2D%23%43%65%72%73%65%20%5A%4C%37%2D%23%46%5A%4C%39%64%64%61%41%5A%37%4C%5E%45%5A%4C%37%42%5A%4C%37%2D%23%46%3E%32%47%23%37%4C%5A%56%3C%7B%51%79%20%51%79%58%37%7D%7C%3C%43%68%2D%23%46%5A%4C%39%64%64%61%41%5A%4C%37%5E%5A%45%4C%37%42%5A%4C%37%2D%23%46%3E%73%75%72%6F%37%4C%5A%47%23%20%37%23%43%5A%2D%23%43%5A%20%37%20%42%37%20%58%37%2D%23%43%3E%65%6E%69%46%20%6C%61%20%43%2E%2E%44%3C%5A%4C%37%23%47%20%39%64%64%61%41%79%51%58%79%51%2D%23%43%5A%4C%37%20%42%37%20%41%61%64%64%39%20%47%23%37%4C%5A%43%23%2D%37%20=%4A%61%7A%7A%2D%42%6F%73%73%61%20%4E%6F%76%61=%31%31%35=%31"
59f5a838-584c-4cb3-aac0-10b206dc4140,irealb://%41%20%50%61%72%69%73%20%44%61%6E%73%20%43%68%61%71%75%65%20%46%61%75%62%6F%75%72%67=%42%72%61%73%73%65%6E%73%20%47%65%6F%72%67%65%73==%4D%65%64%69%75%6D%20%53%77%69%6E%67=%44==%31%72%33%34%4C%62%4B%63%75%37%63%4B%51%79%58%58%79%51%7C%44%58%37%42%7C%51%79%58%44%7C%51%79%58%23%43%44%2F%7C%51%79%58%42%2F%44%7C%51%79%58%23%43%2F%79%51%7C%45%2D%44%34%33%54%5B%51%79%58%2D%42%58%79%51%7C%78%4B%51%79%58%44%7C%51%79%58%41%7C%51%79%58%45%2D%7C%51%79%58%78%7C%51%79%58%41%7C%51%79%58%63%6C%20%4C%5A%78%5A%4C%20%6C%23%46%5A%4C%20%4C%5A%78%20%4C%42%5A%4C%20%2D%45%5A%4C%20%44%5A%4C%20%37%5A%41%4C%20%2D%45%5A%4C%20%78%5A%4C%20%2D%42%5A%2D%20%4C%5A%78%46%20%20%78%7C%37%20%4C%5A%42%2D%20%20%5D%20==%30=%30
5943a88f-a13e-4237-abb1-acdcf1905529,irealb://%4F%20%43%61%6E%74%6F%20%64%61%20%52%61%7A%C3%A3%6F=%50%6F%70%75%6C%61%72%20%41%72%74==%53%61%6D%62%61=%46%2D==%31%72%33%34%4C%62%4B%63%75%37%58%7C%72%51%79%3C%2A%37%30%20%20%2D%46%5A%4C%37%43%20%2D%62%42%3E%2E%2E%61%2E%69%61%6C%61%6C%20%2C%61%69%61%6C%61%4C%20%46%37%4C%5A%58%34%34%54%5B%59%6C%61%6D%20%73%79%51%72%7C%58%51%20%51%79%58%38%36%2A%3C%2C%41%2A%2C%5B%5D%59%20%37%43%20%20%7C%72%51%79%58%5A%4C%51%79%75%61%6E%74%61%58%5A%4C%51%79%79%58%62%44%7C%69%64%61%73%3E%7C%51%79%58%2D%46%7C%51%79%58%37%43%7C%51%58%79%62%44%7C%51%79%58%62%45%7C%51%79%58%2D%46%45%62%58%79%51%6D%72%6F%64%20%20%62%41%5A%4C%46%37%2C%4C%5A%42%3E%61%64%69%72%66%6F%73%20%61%6F%67%C3%A1%20%6D%41%51%79%58%32%37%2A%3C%2C%42%2A%2C%7B%59%62%2D%20%45%62%20%37%43%7C%51%73%6E%61%74%6E%68%20%43%37%4C%64%20%6D%6F%73%20%6F%20%6F%64%6E%69%76%75%34%4F%37%2A%3C%7B%59%7D%20%2C%37%46%20%2D%46%5A%6F%73%20%74%61%47%5A%4C%62%44%3E%42%62%2D%20%43%37%4C%5A%46%2D%20%46%37%4C%5A%58%79%51%72%7C%58%79%51%20%7D%20=%4C%61%74%69%6E%2D%42%72%61%7A%69%6C%3A%20%53%61%6D%62%61=%32%30%30=%30
590ea916-331b-44d1-839d-84c0000c0024,irealb://%4D%72%2E%20%53%61%6E%64%6D%61%6E%20%33=%42%61%6C%6C%61%72%64%20%50%61%74==%55%70%20%54%65%6D%70%6F%20%53%77%69%6E%67=%42%62==%31%72%33%34%4C%62%4B%63%75%37%5A%4C%20%6C%63%34%3C%20%20%41%42%41%2A[}%51%79%58%37%46%7C%51%79%58%2D%37%43%5A%4C%20%6C%63%4B%51%79%58%62%42%3E%42%62%58%79%51%4B%34%54%69%2A{%51%79%58%37%46%4B%63%6C%20%4C%4B%51%79%58%37%43%5A%4C%20%6C%63%4B%51%79%37%58%47%5A%4C%20%6C%63%4B%51%79%58%37%44%7C%5A%63%6C%20%4C%5A%51%79%58%37%41%4B%51%79%58%37%5A%42%62%58%79%63%4B%51%79%58%62%42%42%2A[]%51%79%58%46%37%7C%51%79%58%37%62%47%5A%4C%20%6C%63%4B%51%6C%20%4C%5A%41%4C%20%6C%63%4B%20%6C%63%4B%51%44%37%58%79%51%45%5A%4C%20%6C%63%4B%51%79%58%37%2D%43%5A%20%4C%6C%63%4B%51%79%58%37%47%5A%4C%20%6C%63%4B%62%2D%36%58%79%5A%4C%20%6C%63%4C%5A%42%62%58%79%51%7C%43%2D%37%20%46%37%4C%5A%42%62%58%79%51%4B%63%6C%20%20%5A%20==%30=%30
59578ac0-4197-470a-8d71-d080aa5149bd,"irealb://%56%6F%75%73%20%51%75%69%20%50%61%73%73%65%7A%20%53%61%6E%73%20%4D%65%20%56%6F%69%72=%54%72%65%6E%65%74%2D%48%65%73%73%2D%4D%69%73%72%61%6B%69==%4D%65%64%69%75%6D%20%53%77%69%6E%67=%47==%31%72%33%34%4C%62%4B%63%75%37%4C%37%47%20%39%36%39%20%45%2D%44%20%37%2D%41%6C%7C,%6F%62%42,%2D%42%20%73%39%36%47%5A%4C%39%44%20%37%2D%41%5A%4C%39%39%4C%5A%47%36%47%34%34%54[%2D%42%73%20%39%2D%36%4C%5A%47%44%20%37%2D%41%5A%4C%39%2D%45%20%39%36%47%5A%7C%4C%39%44%20%37%2D%41%5A%4C%6F%62%42%6C%20%39%4C%5A%47%36%43%20%36%43%5A%47%6C,%62%42%7C%6C%41%37%20%62%42,%37%44%73%20%39%36%47%5A%4C%36%2D%20%43%36%43%5A%4C%37%47%20%39%36%47%5A%4C%39%44%6F,%7C%47,,%6F%62%42,%4C%6F%62%42%20%39%58%79%51%7C%37%23%46%7C%51%79%58%2D%42%7C%51%79%58%6F%43%23%7C%51%79%58%39%36%43%7C%51%79%58%36%2D%43%58%79%51%7C%47%36%43%5A%4C%37%36%47%5A%4C%39%44%39%4C%5A%47%6C%7C,%6F%62%42,%2D%42%73%20%39%36%47%4C%5A%39%44%20%37%2D%41%5A%4C%37%2D%45%20%39%36%41%2D%37%20%44%20%36%2D%41%5A%39%20%47%37%4C%5A%43%36%20%43%2D%36%4C%5A%47%36%39%20%44%39%4C%5A%47%36%39%20%44%37%20%5A%20==%30=%30"
59019010-7175-4972-a657-942561bc6b1d,"irealb://%44%65%65%70%20%57%61%74%65%72=%43%6F%6D%70%6F%73%65%72%20%55%6E%6B%6E%6F%77%6E==%57%65%73%74%65%72%6E%20%53%77%69%6E%67=%43==%31%72%33%34%4C%62%4B%63%75%37%4B%51%79%58,%34%43%36%58%79%78%20%5A%4C%20%6C%63%4B%51%79%58,%36%43%51%7C%79%58,%36%46%7C%51%79%58,%37%43%7C%51%20%4C%5A%47%37%34%54%41%2A%5B%58,%36%43%7C%7C%43%36,%58%47%5A%4C%20%6C%63%4B%51%79%58,%36%43%7C%79%51%58,%36%46%7C%51%79%58,%37%43%7C%51%79%37,%58%79%51%5D%20%20%6C%63%79%58,%37%44%20%20%5D%5B%47%36%47%7C%7C%51%79%58,%37%44%7C%51%79%58%36,%47%7C%51%79%58,%37%44%7C%51%79%58,%36,%58%79%51%7C%6C%63%4B%51%79%5A%4C%20%6C%63%58%79%51%7C%47%36%43%7C%51%79%58,%36%46%7C%51%79%58,%43%37%7C%51%79%58,%36%43%7C%5D%51%79%58,%37,%58%79%51%4B,%36%47%7C%51%47%37,%58%79%51%7C%43%36,%58%79%51%4B%63%6C%20%20%5D%20=%4A%61%7A%7A%2D%42%61%6C%6C%61%64%20%53%77%69%6E%67=%36%30=%33"
59be882d-bf4e-499a-85ad-8d9c140549e5,irealb://%42%61%62%79%27%73%20%49%6E%20%42%6C%61%63%6B%20%2D%20%46%6C%69%6E%6E%65%72=%4D%63%43%61%72%74%6E%65%79%20%4C%65%6E%6E%6F%6E%2C==%50%6F%70%20%52%6F%63%6B=%41==%31%72%33%34%4C%62%4B%63%75%37%5D%20%41%5A%4C%54%33%34%41%4C%4C%41%5A%4C%37%45%5A%4C%37%45%5A%4C%37%44%4C%5A%37%44%5A%4C%37%45%5A%4C%37%45%5A%4C%41%5A%5A%44%4C%5A%41%2C%41%2A%2C%5B%4C%45%5A%4C%41%51%20%20%5B%2C%44%5A%4C%44%5A%4C%44%5A%4C%37%41%5A%4C%37%5A%41%4C%41%5A%4C%41%5A%4C%41%5A%4C%41%2C%42%2A%4C%5A%44%4C%5A%79%58%51%79%58%5A%41%4C%5A%41%20%5D%58%79%51%20%5B%2C%2A%43%2C%46%23%2D%4C%5A%46%23%2D%4C%5A%42%37%4C%5A%42%37%4C%5A%44%4C%5A%44%4C%5A%45%37%4C%5A%45%37%20%5D%20==%30=%30
59a9d686-a362-4902-98f2-db22302cafe3,irealb://%41%6C%62%61%63%68%69%61%72%61=%52%6F%73%73%69%20%56%61%73%63%6F==%50%6F%70%20%52%6F%63%6B=%41==%31%72%33%34%4C%62%4B%63%75%37%45%20%2C%41%41%34%3C%2A%37%32%58%78%7C%51%79%58%78%7C%51%79%58%78%7C%51%58%79%6E%73%3E%20%65%74%72%6F%66%6F%6E%61%69%50%79%51%5D%7B%2A%34%54%69%2A%5B%2C%45%2F%41%6E%46%23%2D%20%45%2C%6E%2C%23%47%2F%45%6E%76%2A%5B%7D%20%45%2D%20%42%5A%4C%41%20%44%7C%2C%23%43%2F%37%41%2C%46%23%2D%2C%7C%5A%4C%23%47%2F%6E%44%2C%7C%6E%41%2C%6E%42%2C%7C%6E%20%45%20%5D%5B%41%20%45%2F%47%23%4C%5A%46%23%2D%20%41%2F%45%4C%5A%44%20%41%4C%5A%42%20%45%4C%5A%66%41%58%79%51%5A%20==%30=%31
596bcde2-47fc-42ae-903b-d7bb8c003867,irealb://%4F%68%2C%20%57%68%61%74%20%41%20%42%65%61%75%74%69%66%75%6C%20%4D%6F%72%6E%69%6E%27%20%28%42%65%6C%6F%66%66%20%41%72%72%2E%29=%52%69%63%68%61%72%64%20%52%6F%64%67%65%72%73%2C%20%4F%73%63%61%72%20%48%61%6D%6D%65%72%73%74%65%69%6E%20%49%49==%42%72%69%67%68%74%20%57%61%6C%74%7A=%43==%31%72%33%34%4C%62%4B%63%75%37%5A%4C%6F%23%46%34%3C%2A%37%32%70%5A%4C%43%3E%30%34%31%20%61%76%6F%4E%20%73%61%73%6F%42%2D%7A%7A%61%4A%20%79%72%54%20%20%4C%5A%46%4C%5A%33%54%69%2A%5B%7C%51%79%58%37%4C%5A%43%4C%5A%43%7C%51%79%58%37%47%7C%51%79%58%43%7C%51%58%79%37%47%7C%51%79%58%43%41%2A%7B%5D%20%37%47%58%79%51%7C%47%37%47%5A%4C%43%7C%51%79%58%6F%7C%46%2D%58%79%70%7C%51%79%58%43%7C%51%79%58%46%7C%51%79%43%58%7C%51%79%58%2C%37%47%7C%51%79%58%43%7C%51%58%79%51%7C%47%51%79%58%2D%41%58%70%7C%51%79%5D%5B%2A%42%43%79%58%70%7C%51%79%58%43%7C%51%79%58%46%7C%79%51%58%73%75%73%46%7C%51%79%58%70%7C%51%79%58%51%7C%47%37%58%51%79%58%37%47%58%7D%51%79%58%79%51%7C%70%58%58%43%31%4E%7C%51%79%58%37%47%7C%51%79%58%7C%43%51%79%58%6F%23%46%7C%51%79%58%46%7C%51%79%79%51%7C%47%37%58%43%7C%51%79%79%58%43%7C%51%20%4C%5A%4E%32%51%79%58%43%7C%51%79%58%37%44%7C%51%79%58%41%2D%33%4E%5B%7D%51%79%58%37%47%7C%51%79%58%43%7C%47%37%58%79%51%79%58%51%79%51%7C%43%58%79%51%5D%5B%51%43%58%79%51%7C%47%37%58%79%51%7C%43%58%79%51%7C%43%58%79%51%5A%20=%4A%61%7A%7A%2D%42%6F%73%73%61%20%4E%6F%76%61=%30=%31
598e7584-5c56-4c56-91ab-5482c9ba4d1c,irealb://%54%68%69%73%20%4C%61%6E%64%20%49%73%20%59%6F%75%72%20%4C%61%6E%64%20%28%42%65%6C%6F%66%66%20%41%72%72%2E%29=%47%75%74%68%72%69%65%20%57%6F%6F%64%79==%4D%6F%64%65%72%61%74%65%6C%79=%43==%31%72%33%34%4C%62%4B%63%75%37%5D%51%79%58%70%34%47%37%2C%3C%43%7C%51%79%58%70%7C%51%79%58%3E%30%38%31%79%20%72%74%6E%75%6F%43%2D%70%6F%50%20%38%36%2A%2C%58%79%51%7C%34%54%69%2A%5B%5A%4C%37%47%5A%4C%5A%70%4C%5A%43%5A%4C%70%5A%4C%2C%46%5A%4C%70%5A%4C%2C%5A%43%4C%70%5A%4C%2C%37%47%5A%4C%70%5A%4C%2C%43%2C%4C%5A%70%4C%2C%46%41%2A%5B%43%5A%4C%70%5A%4C%5A%70%20%5D%70%5A%4C%2C%43%5A%4C%70%5A%4C%2C%37%47%5A%70%4C%5A%4C%2C%43%5A%4C%70%5A%4C%2C%46%42%2A%5B%4C%5A%46%2C%4C%2C%43%5A%4C%70%2C%4C%5A%70%4C%5A%47%37%4C%5A%70%4C%5A%43%2C%4C%5A%70%20%5D%7B%51%47%37%2C%58%79%51%7C%70%58%79%51%7C%43%2C%58%79%51%7C%70%58%79%51%7D%20=%50%6F%70%2D%43%6F%75%6E%74%72%79=%30=%32
5981de34-a180-483d-a619-b410dbb2281f,irealb://%42%72%61%7A%69%6C%20%64%66%62=%42%61%72%72%6F%73%6F%20%41%72%79==%42%6F%6C%65%72%6F%20%6F%72%20%53%77%69%6E%67=%47==%31%72%33%34%4C%62%4B%63%75%37%5A%4C%47%5A%4C%34%47%4C%5A%78%5A%4C%78%5A%4C%2D%43%5A%4C%78%5A%4C%37%44%4C%5A%78%5A%4C%37%2D%41%5A%4C%78%5A%4C%78%5A%4C%44%37%4C%5A%78%34%54%41%2A%5B%37%46%5A%4C%37%37%4C%5A%44%37%51%79%58%51%79%58%51%79%58%51%79%58%5D%2C%46%37%2C%37%62%47%7C%2C%37%47%2C%47%73%7C%5A%4C%5B%2A%42%6C%45%2D%41%5A%4C%78%41%5A%4C%41%2F%5A%78%4C%5A%45%41%5A%4C%78%5A%4C%37%45%5A%4C%37%46%5A%4C%45%37%5A%4C%78%5A%4C%37%45%5A%4C%37%46%5A%4C%37%2D%37%4C%5A%46%4C%37%45%5A%4C%5A%4C%78%5A%4C%46%2F%41%2C%41%78%5A%4C%78%5A%4C%78%5A%4C%47%5A%4C%78%5A%78%4C%5A%4C%78%5A%4C%2D%43%6C%43%2A%5B%5D%2C%2D%4C%5A%41%2D%37%73%5A%4C%36%2D%44%37%4C%5A%78%20%7B%47%4C%5A%78%4C%5A%41%2D%37%4C%5A%44%37%20%7D%20=%4C%61%74%69%6E%2D%43%75%62%61%3A%20%42%6F%6C%65%72%6F=%31%39%30=%33
59e7ecd2-bbd4-41e6-bb44-b35581fb2009,irealb://%4D%61%6E%6F%69%72%20%44%65%20%4D%65%73%20%52%C3%AA%76%65%73%20%28%44%6A%61%6E%67%6F%27%73%20%43%61%73%74%6C%65%29%20%64%66%62=%44%6A%61%6E%67%6F==%42%61%6C%6C%61%64%20%6F%72%20%42%6F%73%73%61=%44==%31%72%33%34%4C%62%4B%63%75%37%44%5A%4C%62%42%34%41%37%2F%42%7C%51%79%58%2C%44%34%34%54%41%2A%5B%20%20%79%51%58%51%79%58%51%79%58%51%79%58%5D%20%2C%62%70%70%41%37%2F%32%54%69%2A%5B%70%7C%51%79%58%70%41%37%2F%42%2F%37%44%20%37%44%7C%51%79%58%37%2D%41%5A%62%4C%42%2F%37%41%70%70%7C%51%79%58%44%5A%4C%62%45%62%4C%5A%47%70%7C%51%79%58%79%58%44%42%2A%44%58%79%51%7C%37%41%20%37%41%7C%51%79%58%39%62%45%5A%4C%6C%20%63%4B%51%79%58%39%45%5A%4C%37%2D%42%70%70%2F%42%20%5D%5B%5A%4C%37%41%70%44%20%37%44%7C%37%2F%42%62%4C%41%5A%4C%62%42%2F%37%41%70%70%7C%51%79%58%5A%44%4C%62%42%2F%37%41%70%70%7C%51%79%58%44%5A%2D%37%58%79%51%41%70%70%7C%51%2C%2D%47%73%20%5A%47%58%79%51%20%37%2D%45%5A%4C%37%62%42%20%37%2D%46%5A%20%4C%6C%63%4B%51%79%58%39%45%5A%4C%20%6C%63%4B%41%37%4C%5A%44%4C%62%45%2F%37%47%23%6F%2C%7C%6C%44%2C%55%20%41%37%20%5A%20=%4A%61%7A%7A%2D%42%61%6C%6C%61%64%20%45%76%65%6E=%38%30=%33
5991fa51-1da6-40d4-90e6-2af96046613d,irealb://%57%68%69%73%70%65%72%69%6E%67%20%20%64%66%62=%53%63%68%6F%65%6E%62%65%72%67%65%72%20%65%2E%6F%2E%20%28%31%39%32%39%29==%4D%65%64%69%75%6D%20%53%77%69%6E%67=%45%62==%31%72%33%34%4C%62%4B%63%75%37%79%58%2C%43%7C%34%45%62%58%79%44%5A%4C%20%6C%63%4B%51%79%58%62%45%5A%4C%6C%20%63%4B%51%79%58%37%44%5A%4C%20%6C%63%4B%51%62%37%58%79%51%34%54%41%2A%5B%7C%51%79%58%37%79%51%4B%63%6C%6F%62%47%20%2C%47%2F%62%45%7C%51%79%58%62%5A%45%4C%20%6C%63%4B%51%79%58%37%62%42%5A%4C%20%37%4C%5A%46%2D%58%37%46%7C%51%58%37%62%44%5A%79%51%5D%5B%2C%51%79%58%62%45%5A%4C%20%6C%63%4B%51%79%58%44%37%5A%4C%20%6C%63%4B%51%79%58%62%45%2C%42%2A%4B%63%6C%20%4C%58%2C%37%62%42%2C%62%45%7C%51%58%79%51%7C%46%41%7C%51%79%58%37%2D%46%5A%4C%20%6C%63%4B%79%51%58%37%62%42%5A%4C%20%6C%63%4B%51%79%58%37%62%2D%36%58%79%2C%43%7C%51%79%55%2C%20%45%6F%37%4C%5A%46%2D%37%20%42%62%37%20%5A%20=%4A%61%7A%7A%2D%47%79%70%73%79%20%4A%61%7A%7A=%31%38%30=%33
59793854-5094-40f6-b87f-d13167cbe9d9,irealb://%41%6A%64%65%20%4A%61%6E%6F=%43%6F%6D%70%6F%73%65%72%20%55%6E%6B%6E%6F%77%6E==%42%61%6C%6B%61%6E=%43==%31%72%33%34%4C%62%4B%63%75%37%4C%78%34%34%54%2D%4C%5A%54%34%54%5A%4C%78%34%34%54%5A%4C%43%34%33%54%5A%78%4C%34%34%54%5A%4C%2D%44%34%33%54%5A%4C%78%34%33%34%43%4C%5A%44%34%33%54%5B%34%34%54%5A%4C%2D%4C%5A%54%34%5A%4C%78%34%34%54%5A%4C%2D%47%34%33%54%5A%78%4C%34%34%54%5A%4C%2D%44%34%33%54%5A%4C%78%34%54%33%34%44%2D%44%34%33%54%5A%54%5A%4C%2D%44%34%44%2D%4C%5A%78%34%34%54%5A%4C%2D%44%34%33%54%5A%4C%78%34%34%54%5A%4C%2D%44%34%33%54%5A%4C%78%34%34%54%4C%5A%54%33%34%33%54%5A%4C%78%4C%2D%44%34%33%54%33%34%47%2D%34%54%5A%4C%2D%44%34%33%54%5A%4C%78%34%34%5A%54%4C%2D%44%34%33%54%5A%4C%78%34%34%54%5A%4C%34%78%4C%5A%54%5A%4C%78%34%34%5A%54%34%34%78%20%5A%20=%4C%61%74%69%6E%2D%42%72%61%7A%69%6C%3A%20%42%6F%73%73%61%20%41%63%6F%75%73%74%69%63=%39%30=%30
59c1094b-81c9-4745-aaf4-82b7d508b0ec,irealb://%49%27%6C%6C%20%4A%75%73%74%20%47%6F%20%41%77%61%79%20%2D%20%46%6C%69%6E%6E%65%72=%53%74%61%6E%6C%65%79%20%43%61%72%74%65%72==%50%6F%70%20%2D%20%42%6C%75%65%67%72%61%73%73=%46==%31%72%33%34%4C%62%4B%63%75%37%63%4B%51%79%58%58%79%51%4B%63%63%4B%51%79%58%46%5A%4C%20%6C%63%4B%51%79%43%58%5A%4C%20%6C%63%4B%51%79%58%43%5A%4C%20%6C%6C%20%4C%5A%46%46%34%34%54%5B%6C%20%4C%5A%43%58%79%51%4B%63%6C%20%4C%5A%43%58%79%51%4B%63%6C%20%4C%5A%46%58%79%51%4B%63%6C%20%20%5A%20==%31%38%34=%34
59e78b85-1f14-42c6-a4f3-7e8542c3807c,irealb://%47%72%65%61%74%20%53%70%65%63%6B%6C%65%64%20%42%69%72%64%20%2D%20%50%41%52%4B%49%4E%47%20%4C%4F%54%20%50%49%43%4B%45%52%27%53%20=%54%72%61%64%69%74%69%6F%6E%61%6C==%42%6C%75%65%67%72%61%73%73=%47==%31%72%33%34%4C%62%4B%63%75%37%70%61%43%20%20%44%65%66%61%75%20%43%20%5B%20%35%20%6F%70%61%43%20%20%51%58%79%2C%5D%20%47%20%5B%20%3A%79%65%4B%20%74%6C%5D%2C%58%79%51%38%31%2A%3C%20%79%58%51%79%58%20%44%20%5D%3E%42%78%69%44%2F%70%72%61%68%73%32%65%62%20%72%3A%72%41%36%35%2A%3C%20%20%51%79%58%51%79%58%72%75%63%65%3E%5B%20%37%20%6F%69%50%38%35%2A%36%58%79%51%20%58%51%79%58%51%79%58%3E%56%20%2C%56%49%20%49%2C%20%3A%64%65%73%55%20%73%64%72%6F%68%43%20%79%51%20%20%3C%35%2A%3C%20%51%5A%4C%20%6C%63%20%6E%6F%74%65%34%34%54%5B%51%79%58%51%79%58%51%79%58%51%58%79%51%79%58%51%79%58%51%79%58%3E%32%20%3A%73%47%58%79%51%4B%70%75%2D%6B%63%5A%4C%20%6C%63%63%6C%20%4C%5A%5A%4C%20%6C%63%4B%51%79%58%47%5A%4C%20%6C%4B%63%51%79%58%47%5A%4C%20%6C%63%4B%51%79%58%44%43%58%79%51%4B%4B%51%79%58%43%44%58%79%51%4B%63%6C%20%4C%5A%47%58%79%51%4B%63%6C%55%20%20%5A%58%79%51%58%79%51%58%79%51%58%79%51%58%79%51%20%3C%62%23%3E%20=%50%6F%70%2D%42%6C%75%65%67%72%61%73%73=%31%35%32=%37
59fdcf1a-5132-4045-aec9-ac94bc590bb0,irealb://%49%20%53%68%61%6C%6C%20%4E%6F%74%20%42%65%20%4D%6F%76%65%64%20%2D%20%50%41%52%4B%49%4E%47%20%4C%4F%54%20%50%49%43%4B%45%52%27%53%20%20=%54%72%61%64%69%74%69%6F%6E%61%6C==%50%6F%70%20%2D%20%53%68%75%66%66%6C%65=%47==%31%72%33%34%4C%62%4B%63%75%37%70%61%43%20%20%44%65%66%61%75%20%43%20%5B%20%35%20%6F%70%61%43%20%20%51%58%79%2C%5D%20%47%20%5B%20%3A%79%65%4B%20%74%6C%5D%2C%58%79%51%38%31%2A%3C%20%79%58%51%79%58%20%44%20%5D%3E%42%78%69%44%2F%70%72%61%68%73%32%65%62%20%72%3A%72%41%30%36%2A%3C%20%20%51%79%58%51%79%58%72%75%63%65%3E%5B%20%37%20%6F%69%50%30%36%2A%36%58%79%51%20%58%51%79%58%51%79%58%3E%56%20%2C%56%49%20%49%2C%20%3A%64%65%73%55%20%73%64%72%6F%68%43%20%79%51%20%20%3C%35%2A%3C%20%51%51%79%58%44%7C%20%6E%6F%74%65%51%79%58%44%7C%51%79%58%47%7C%51%79%58%47%34%34%54%41%2A%5B%20%20%51%79%58%3E%30%20%3A%73%7C%44%58%79%51%70%75%2D%6B%63%51%79%58%47%7C%7C%47%58%79%51%51%79%58%47%7C%51%79%58%47%7C%51%79%58%47%51%7C%79%58%43%7C%51%79%58%43%7C%51%79%58%47%7C%7C%44%58%79%51%51%79%58%44%7C%7C%47%20%55%20%20%5A%58%79%51%58%79%51%58%79%51%58%79%51%58%79%51%20%3C%62%23%3E%20=%50%6F%70%2D%53%68%75%66%66%6C%65=%31%33%30=%34
591a0168-e1b6-4003-a8b6-8e4b678349de,irealb://%50%61%73%73%20%4D%65%20%4E%6F%74%20%2D%20%50%41%52%4B%49%4E%47%20%4C%4F%54%20%50%49%43%4B%45%52%27%53%20=%43%72%6F%73%62%79%20%61%6E%64%20%44%6F%61%6E%2C%31%38%37%30==%43%6F%75%6E%74%72%79=%47==%31%72%33%34%4C%62%4B%63%75%37%70%61%43%20%20%44%65%66%61%75%20%43%20%5B%20%35%20%6F%70%61%43%20%20%51%58%79%2C%5D%20%47%20%5B%20%3A%79%65%4B%20%74%6C%5D%2C%58%79%51%38%31%2A%3C%20%79%58%51%79%58%20%44%20%5D%3E%42%78%69%44%2F%70%72%61%68%73%32%65%62%20%72%3A%72%41%30%36%2A%3C%20%20%51%79%58%51%79%58%72%75%63%65%3E%5B%20%37%20%6F%63%69%50%38%35%36%58%79%51%20%58%51%79%58%51%79%58%3E%56%20%2C%56%49%20%49%2C%20%3A%64%65%73%55%20%73%64%72%6F%68%43%20%79%51%20%3C%2A%35%2A%3C%20%51%44%7C%51%79%58%6E%6F%74%65%73%47%3E%3A%73%65%73%72%65%56%20%30%37%2A%3C%34%34%54%41%2A%5B%51%79%58%51%79%58%3E%30%20%3A%20%43%4C%5A%47%20%70%75%2D%6B%4C%43%20%2C%47%58%79%51%7C%47%6F%68%43%20%32%37%2A%3C%42%2A%5B%5D%51%79%47%58%7C%51%79%58%44%7C%51%79%58%47%5A%4C%43%20%72%75%73%3A%3E%47%7C%51%79%58%58%51%79%58%51%7C%47%58%79%51%51%79%58%5A%20%20%55%20%47%7C%51%79%58%44%51%7C%79%58%47%5A%4C%43%20%47%7C%51%79%58%44%7C%58%79%51%58%79%51%79%58%43%5A%79%51%20%3C%62%23%3E%20=%50%6F%70%2D%43%6F%75%6E%74%72%79=%31%31%30=%34
598c77d1-821e-4235-ba32-d42353866a5b,"irealb://%50%72%65%74%74%79%20%4C%69%74%74%6C%65%20%47%69%72%6C=%43%32%20%47%44%47%42%44==%43%6C%61%77%68%61%6D%6D%65%72=%41==%31%72%33%34%4C%62%4B%63%75%37%4C%20%78%20%5A%34%3C%20%3E%41%41%7C%51%79%58%41%5A%4C,%41%20,%45%5A%20%4C%78%20%5A%4C,%44%20,%41%7C%51%79%58,,%20%44,%4C%34%54%41%2A%5B%20%78%20%5A%4C,%20%5D%5B%2A%20%78%20%5A%4C,%41%20,%45%5A%4C%20%78%5A%20%4C%20%6C%63%4B%51%79%58,%41%34%34%54%42%4C%5A%20%78%20%41%20,%45%5A%58,%41%3E%65%41,%3C%44%2E%6E%6F%69%74%61%69%72%61%56%20%3C%34%34%54%2A%41%7B%5D%20%3E%65%6E%69%46%20%6C%61%20%2E%43%20%62%61%73%73%20,%45%5A%4C%54%42%2A%5B%7D%20%44,%4C%5A%45%5A%4C%20%78%20%5A%4C,%44%20,%41%7C%79%51%58%41%5A%4C,%41%20,%45%5A%4C%20%78%20,%20%41,%20,%41%7C%51%79%54%51%5B%5D%20%79%51%4B%63%6C%5A%4C%20%78%20%5A%4C%20%78%20%5A%4C%20%78%5A%20%4C,%41%20,%45%5A%4C%20%78%20%5A%4C%20%45,%20%41,%58,%41%34%34%34%34%41,%58%79%51%4B%63%6C%20%4C%5A%20%78%20%4C%5A%45,%20%41,%4C%5A%20%78%20%4C%5A%20%78%20%4C%5A%20%78%20%4C%5A%45,%20%41,%20%5A%20=%50%6F%70%2D%42%6C%75%65%67%72%61%73%73=%32%33%36=%34"
59738f53-8f61-4d9d-a4a1-36b42ccf8d44,irealb://%43%6F%6D%65%73%20%41%20%54%69%6D%65%20%2D%20%46%6C%69%6E%6E%65%72=%59%6F%75%6E%67%20%4E%65%69%6C==%50%6F%70%20%52%6F%63%6B=%47==%31%72%33%34%4C%62%4B%63%75%37%7C%51%79%58%43%54%34%34%47%58%41%5A%4C%20%6C%63%4B%51%79%58%44%5A%4C%20%63%6C%4B%51%79%58%2D%42%5A%4C%20%6C%63%4B%51%79%2D%58%79%51%7C%2C%76%2A%2C%5B%79%58%47%2C%43%63%6C%20%4C%5A%79%58%43%7C%51%79%58%2D%41%5A%4C%20%6C%63%51%4B%79%58%44%5A%4C%20%6C%63%4B%51%79%58%2D%42%51%5D%5B%2C%2A%4B%51%79%58%47%58%2D%44%5A%4C%4C%5A%46%58%79%79%58%47%7C%51%79%58%43%7C%51%79%58%46%5A%20%4C%6C%63%4B%51%79%58%47%7C%51%79%58%43%7C%51%51%4B%63%6C%20%20%6C%63%4B%51%79%51%4B%63%6C%20%4C%5A%47%58%79%51%4B%63%6C%20%20%5A%20==%30=%30
592fdb66-0077-4e17-b7a2-73cb9d4db9c0,irealb://%4F%20%43%6F%6D%65%2C%20%41%6C%6C%20%59%65%20%46%61%69%74%68%66%75%6C%20%28%42%65%6C%6F%66%66%20%41%72%72%2E%29=%4A%6F%68%6E%20%46%72%61%6E%63%69%73%20%57%61%64%65%2C%20%46%72%65%64%65%72%69%63%6B%20%4F%61%6B%65%6C%65%79==%57%69%74%68%20%47%72%65%61%74%20%4A%6F%79=%47==%31%72%33%34%4C%62%4B%63%75%37%31%20%6B%63%6F%34%3C%2A%36%39%20%72%6F%20%30%31%31%20%6E%65%76%45%20%64%6C%61%6C%61%42%2D%7A%7A%61%4A%20%79%72%54%20%20%50%6F%70%2D%52%34%54%69%2A%5B%58%47%41%2A%5B%31%32%3E%6E%20%2C%37%44%73%2C%47%7C%2C%43%2C%47%20%44%6C%2C%7C%37%41%2C%44%2C%47%2C%37%44%73%7C%2C%47%20%7C%6C%47%20%5D%31%20%38%2F%32%79%58%47%42%2A%79%51%7C%47%2C%44%5A%4C%37%41%20%44%7C%51%79%58%44%7C%51%58%79%2D%45%5A%4C%44%20%47%7C%2C%43%2C%47%2C%44%58%79%51%5D%5B%58%44%7C%51%79%47%2C%44%20%47%47%4C%5A%44%20%2C%47%2C%44%2C%47%73%7C%51%79%58%47%6C%7C%37%2C%44%73%20%20%47%7C%51%79%58%44%5A%4C%2D%45%44%37%2C%7C%6C%20%37%44%7C%51%44%6C%7C%2C%37%2C%47%2C%44%2C%2C%37%44%73%51%5B%5D%51%79%58%47%5A%4C%37%20%44%47%7C%2C%43%2C%47%20%2C%44%6C%7C%2C%37%41%47%2C%44%2C%41%37%44%73%7C%2C%20%47%2C%43%2C%7C%47%2C%20%44%37%2C%4C%5A%47%58%79%51%5A%20=%50%6F%70%2D%52%6F%63%6B%20%31%32%2F%38=%31%31%32=%31
59607873-fc2c-4924-8692-9da9c488bc65,irealb://%42%65%20%4D%79%20%42%61%62%79=%42%61%72%72%79%2C%20%47%72%65%65%6E%77%69%63%68%2C%20%53%70%65%63%74%6F%72==%50%6F%70%20%52%6F%63%6B=%45==%31%72%33%34%4C%62%4B%63%75%37%5A%4C%78%5A%4C%34%6E%58%79%51%5A%4C%2D%23%46%5A%4C%78%5A%4C%45%41%2A%7B%20%5D%20%6C%63%4B%51%79%58%45%5A%4C%20%6C%63%4B%42%37%4C%5A%45%34%54%69%2A%5B%78%5A%4C%45%43%42%37%20%5D%5B%5A%4C%37%42%5A%4C%78%5A%4C%37%23%46%5A%4C%5A%78%4C%37%23%43%5A%4C%78%5A%4C%37%23%47%42%2A%78%20%5D%5B%2A%5A%4C%2D%23%46%2D%23%46%5A%4C%4C%5A%78%4C%5A%4C%37%42%5A%4C%2D%23%46%5A%4C%78%5A%4C%45%2A%41%5B%7D%20%78%5A%4C%37%42%5A%4C%78%5A%4C%41%5A%45%4C%5A%78%2D%23%43%5A%4C%51%79%58%5D%20%5D%5B%2A%43%45%79%58%6E%5B%5D%20%78%5A%4C%37%42%5A%4C%78%4C%5A%41%5A%4C%78%5A%4C%2D%23%43%5A%4C%78%5A%4C%51%4B%63%6C%20%20%37%42%5A%4C%58%79%51%20%20%7B%2A%43%45%4C%5A%78%4C%5A%43%23%2D%4C%5A%78%4C%5A%41%4C%5A%78%4C%5A%42%37%4C%5A%78%20%7D%7C%55%66%45%58%79%51%5A%20=%50%6F%70%2D%52%6F%63%6B=%31%31%35=%31
59c052c0-e25c-433d-9f73-ec0ebf729bc5,irealb://%47%72%6F%77%6C%69%6E%67%20%4F%6C%64%20%4D%61%6E%20%41%6E%64%20%47%72%75%6D%62%6C%69%6E%67%20%4F%6C%64%20%57%6F%6D%61%6E%20%2D%20%46%6C%69%6E%6E%65%72%2C%20%54%68%65=%54%72%61%64%69%74%69%6F%6E%61%6C==%50%6F%70%20%2D%20%42%6C%75%65%67%72%61%73%73=%41==%31%72%33%34%4C%62%4B%63%75%37%7D%20%2D%41%20%54%34%34%41%58%2D%41%7C%51%79%58%47%7C%51%79%58%41%5A%4C%6C%20%63%4B%51%79%58%41%7C%51%79%58%47%7C%51%79%58%79%51%7C%45%2C%41%2A%2C%7B%7B%2C%2A%42%2C%41%2D%58%79%51%7C%47%58%79%51%7C%41%2D%58%79%51%4B%63%6C%20%4C%5A%41%2D%58%79%51%7C%47%58%79%51%7C%41%2D%58%79%51%7C%45%20%41%2D%20%7D%20==%30=%30
5915fb9b-62da-4600-bc33-5bd4c7578eb3,irealb://%57%65%73%74%70%68%61%6C%69%61%20%57%61%6C%74%7A%20%2D%20%46%6C%69%6E%6E%65%72=%43%6F%6C%6C%69%6E%73%20%43%6F%74%74%6F%6E==%50%6F%70%20%2D%20%42%6C%75%65%67%72%61%73%73=%47==%31%72%33%34%4C%62%4B%63%75%37%5A%4C%44%5A%4C%54%33%34%47%4C%4C%44%5A%4C%44%5A%4C%44%5A%4C%44%5A%4C%44%4C%5A%47%5A%4C%47%5A%4C%47%5A%4C%47%5A%4C%47%5A%5A%44%4C%5A%44%2C%41%2A%2C%7B%47%2F%2D%41%5A%7D%7B%2C%2A%42%44%5A%4C%44%5A%4C%47%5A%4C%47%5A%4C%44%2F%5A%47%4C%45%2F%47%5A%4C%23%46%2F%47%5A%4C%47%2C%4C%5A%41%2D%4C%20%47%5A%4C%47%23%4C%5A%41%2D%2F%47%4C%5A%44%4C%5A%44%4C%5A%44%4C%5A%47%4C%5A%47%20%7D%20==%30=%30
59ac8790-966f-4a4e-b2ee-4e761fbf88dd,irealb://%43%20%4D%69%6E%6F%72%20%42%6C%75%65%73=%57%69%73%65%20%4A%61%63%6F%62==%4D%65%64%69%75%6D%20%53%77%69%6E%67=%43==%31%72%33%34%4C%62%4B%63%75%37%4C%78%5A%4C%37%2D%37%4C%5A%78%47%5A%4C%37%62%41%5A%4C%78%5A%4C%37%2D%43%4C%5A%78%5A%4C%37%2D%46%5A%4C%78%5A%4C%78%5A%4C%37%4C%5A%43%2D%43%34%34%54%5B%2D%43%5A%4C%78%5A%78%4C%5A%78%5A%4C%37%47%5A%4C%37%62%41%5A%4C%78%5A%4C%2D%37%43%5A%4C%78%5A%4C%37%2D%46%5A%4C%78%5A%4C%43%2D%37%4C%5A%4C%37%2D%43%5A%58%51%79%58%5A%5A%78%4C%5A%78%37%2D%43%5A%4C%37%47%5A%4C%37%62%41%5A%4C%5A%78%4C%37%2D%43%5A%4C%78%5A%4C%37%2D%46%5A%4C%4C%5A%78%20%20%4C%78%5A%4C%37%4C%78%5A%4C%37%2D%37%4C%5A%78%47%5A%4C%37%62%41%5A%4C%78%5A%4C%37%2D%43%4C%5A%78%5A%4C%37%2D%46%5A%4C%78%5A%4C%78%5A%4C%37%4C%5A%43%2D%43%5A%4C%51%79%2D%43%5A%4C%78%5A%78%4C%5A%78%5A%4C%37%47%5A%4C%37%62%41%5A%4C%78%5A%4C%2D%37%43%5A%4C%78%5A%4C%37%2D%46%5A%4C%78%5A%4C%43%2D%37%4C%5A%4C%37%2D%43%5A%37%4C%5A%78%4C%5A%78%4C%5A%78%4C%5A%46%2D%37%4C%5A%78%4C%5A%43%2D%37%4C%5A%78%4C%5A%41%62%37%4C%5A%47%37%4C%5A%43%2D%37%4C%5A%78%20%20%5A%20=%4A%61%7A%7A%2D%4D%65%64%69%75%6D%20%53%77%69%6E%67=%36%30=%33
59878457-61bf-4b14-aa20-4dfb71ef72d8,irealb://%56%6F%79%20%44%65%20%54%75%20%4D%61%6E%6F=%4B%69%64%73%20%43%46%43==%57%6F%72%73%68%69%70=%45==%31%72%33%34%4C%62%4B%63%75%37%58%41%7C%51%79%34%3C%2A%36%39%2C%73%75%73%45%20%45%3E%6F%69%64%65%6D%20%65%6E%20%72%61%74%73%65%20%6F%64%65%75%70%20%20%4C%5A%45%2C%58%34%54%41%2A%7B%37%2D%23%46%7C%42%4C%5A%3C%2A%4C%73%75%73%45%20%45%3E%2E%2E%2E%61%69%64%6E%20%75%20%72%65%73%20%65%64%65%75%70%20%39%36%5A%41%58%79%51%20%20%7C%51%79%2A%7B%20%20%51%20%42%4C%5A%3C%5D%51%79%58%42%5A%4C%41%20%2D%23%46%3E%2E%2E%2E%61%72%62%61%6C%61%70%20%75%74%20%39%36%2A%58%79%51%58%79%41%7C%51%79%58%7C%2C%23%47%2F%20%76%6F%79%20%41%7C%2C%42%70%20%2C%37%2D%23%43%7C%51%79%45%58%3E%2E%2E%2E%6F%6E%61%6D%20%75%74%20%65%64%2C%20%20%73%45%39%36%2A%3C%42%5A%4C%37%2D%23%2C%20%41%20%7D%79%58%42%7C%51%79%58%45%3E%2E%2E%2E%6F%67%65%6E%74%20%6F%6E%20%79%20%39%36%2A%3C%43%2A%7B%51%7C%41%20%46%37%2D%23%46%6C%41%20%46%23%2D%37%4C%5A%45%20%43%23%2D%37%4C%5A%42%2F%44%23%58%79%51%7C%41%20%46%23%2D%37%4C%5A%41%20%42%37%20%7D%20==%30=%30
599bc1db-78a7-453c-badc-e6c4fcc54a7c,irealb://%43%68%61%6C%6C%65%6E%67%65%2C%20%54%68%65=%48%61%72%67%6F%76%65%20%52%6F%79==%55%70%20%54%65%6D%70%6F%20%53%77%69%6E%67=%43==%31%72%33%34%4C%62%4B%63%75%37%51%79%58%78%5A%34%47%5E%37%20%37%45%20%37%5E%46%7C%51%79%58%78%7C%51%79%78%58%7C%51%79%58%78%5A%4C%35%23%39%23%37%23%46%23%39%23%35%4C%35%54%69%2A%5B%51%79%58%78%7C%7C%78%58%79%51%47%7C%51%79%58%78%7C%51%79%58%78%7C%51%79%78%58%7C%51%79%58%37%2D%41%34%34%54%41%2A%5B%7D%2D%37%58%79%51%51%79%58%78%7C%58%37%5E%62%41%7C%46%37%62%39%79%58%35%23%39%23%37%41%34%32%54%7C%51%79%37%58%5E%62%42%34%34%54%2C%42%2A%2C%7C%51%79%58%51%7C%54%34%34%51%79%58%78%7C%39%23%37%45%7C%34%47%37%23%39%46%34%34%54%7C%51%79%58%37%47%34%32%54%7C%79%51%58%37%5E%23%46%34%34%54%7C%51%79%58%35%23%5E%37%58%79%51%32%54%7C%51%79%73%20%67%6E%69%5D%3C%49%67%6E%65%72%75%74%61%6E%67%69%73%20%65%6D%69%74%67%20%6E%69%74%61%6E%72%65%74%6C%61%20%65%72%6F%73%20%64%75%72%51%79%58%35%23%6F%6C%6F%73%2E%20%3E%20==%32%32%30=%31%37
59c33de8-bad5-45b2-a8fa-90b397ecf58a,irealb://%43%75%61%6E%64%6F%20%45%6C%20%50%75%65%62%6C%6F%20%44%65%6C%20%53%65%C3%B1%6F%72=%43%6F%6D%70%6F%73%65%72%20%55%6E%6B%6E%6F%77%6E==%4D%65%64%69%75%6D%20%53%77%69%6E%67=%43%2D==%31%72%33%34%4C%62%4B%63%75%37%51%79%58%2D%43%51%7C%43%2D%20%7C%51%79%58%2D%43%5A%4C%62%42%20%2D%46%42%7B%2A%7D%51%79%58%2D%43%7C%51%79%58%47%5A%4C%47%47%58%79%51%7C%79%58%2D%43%7B%7D%20=%4A%61%7A%7A%2D%4D%65%64%69%75%6D%20%53%77%69%6E%67=%31%30%30=%33
592efbe8-bbd3-4874-9dd2-9e49c93db204,irealb://%44%6F%72%69%61%6E%20%43%68%6F%72%64%73%63%61%6C%65%20%56%61%6D%70=%45%78%65%72%63%69%73%65==%4C%61%74%69%6E=%43==%31%72%33%34%4C%62%4B%63%75%37%39%2D%43%7C%51%2D%39%58%79%51%7C%51%79%58%39%2D%43%7C%51%79%58%2C%37%2D%7C%44%51%79%58%39%2D%43%7C%51%79%58%37%2D%44%7C%44%2D%37%58%79%43%34%34%54%5B%58%79%51%7C%44%2D%37%58%79%51%5A%20=%4A%61%7A%7A%2D%45%76%65%6E%20%38%74%68%73%20%4F%70%65%6E=%31%34%30=%31%32
59470c56-9aea-4866-8a70-cd319585973c,irealb://%4A%27%6D%65%20%53%75%69%73%20%46%61%69%74%20%54%6F%75%74%20%50%65%74%69%74=%42%72%61%73%73%65%6E%73%20%47%65%6F%72%67%65%73==%4D%65%64%69%75%6D%20%53%77%69%6E%67=%44%2D==%31%72%33%34%4C%62%4B%63%75%37%37%2D%47%7C%51%34%44%2D%58%79%51%79%58%2D%44%42%2A%5B%5D%20%37%41%20%62%7C%42%51%79%58%2D%44%5A%4C%37%41%20%62%42%7C%51%7C%47%2D%58%79%34%54%41%2A%5B%7C%51%79%58%2D%44%2D%58%79%51%20%2D%44%7C%51%79%58%2D%44%5A%4C%37%41%20%42%62%5A%4C%37%41%20%2D%47%7C%51%79%58%2D%44%7C%44%37%4C%5A%47%5A%4C%37%41%20%45%7C%51%79%58%37%4C%5A%44%2D%5D%51%79%58%2D%44%5A%4C%37%41%20%62%42%5A%37%4C%41%20%2D%47%7C%51%79%58%2D%44%7C%51%79%58%5B%2A%43%44%2D%41%20%37%2D%47%37%20%41%37%4C%5A%44%2D%20%43%4C%5A%46%20%41%37%4C%5A%44%2D%58%79%51%7C%45%37%20%41%37%4C%5A%44%2D%20%46%4C%5A%42%62%20%41%37%20%5D%20=%4A%61%7A%7A%2D%4D%65%64%69%75%6D%20%53%77%69%6E%67=%31%30%30=%31%34
59de6350-6b4d-45a6-9bbe-1e9c78d2606b,irealb://%46%69%67%2E%20%36%33%20%2D%20%44%69%6D%69%6E%69%73%68%65%64%2D%45%78%65%72%63%69%73%65%73%20%28%32%62%29=%52%69%63%68%69%65%56%69%74%61%6C%65%2E%63%6F%6D==%42%6F%6F%6B%20%32%20%2D%20%41%20%4C%79%72%69%63%61%6C%20%41%70%70%72%6F%61%63%68%20%42%6F%6F%6B=%43==%31%72%33%34%4C%62%4B%63%75%37%79%58%2D%44%7C%51%7C%41%62%2D%7C%51%79%58%2D%62%41%7C%51%79%58%2D%46%7C%51%7C%79%58%2D%44%7C%51%79%58%2D%42%7C%51%79%58%42%2D%58%79%51%79%58%2D%46%7C%51%5A%20==%31%30%30=%31
59284c2e-f8f6-4070-a1fc-a3cf65741d7f,irealb://%47%72%61%63%69%61%73%20%33=%4D%61%76%65%72%69%63%6B%20%43%69%74%79%20%4D%75%73%69%63==%57%6F%72%73%68%69%70=%44==%31%72%33%34%4C%62%4B%63%75%37%42%7C%51%79%58%38%44%58%79%51%44%7C%51%79%58%47%7C%51%79%58%44%41%2A%7B%51%5D%79%58%47%7C%51%79%58%44%7C%51%79%58%47%7C%58%79%51%7C%47%36%54%69%2A%5B%4E%7C%51%79%58%4E%31%47%58%79%2D%42%7C%51%79%58%41%42%2A%7B%7D%51%79%58%7C%44%51%79%58%44%5A%4C%2D%45%20%47%32%4E%7D%51%58%79%51%7C%47%7C%51%79%58%2D%47%7D%51%79%58%7D%4E%32%47%20%47%7C%51%79%58%44%7C%51%79%58%37%2D%45%43%7B%2A%7D%20%20%3E%20%6E%49%20%6F%54%38%36%2A%3C%58%79%51%7C%41%51%79%58%44%31%20%45%2D%4C%5A%44%3C%2A%36%39%58%79%51%58%79%51%20%54%6F%20%42%3E%58%79%51%7D%20=%4A%61%7A%7A%2D%42%61%6C%6C%61%64%20%45%76%65%6E=%37%35=%33
59d41d81-16e6-4873-a5d0-213bea1bb2b5,irealb://%47%72%6F%75%70%20%33%41%20%57%68%65%6E%20%59%6F%75%27%72%65%20%53%6D%69%6C%69%6E%27=%53%68%61%79%2C%20%46%69%73%68%65%72%2C%20%47%6F%6F%64%77%69%6E%20%31%39%32%38==%54%72%61%64=%42%62==%31%72%33%34%4C%62%4B%63%75%37%5A%4C%20%6C%63%34%42%62%58%79%43%5A%4C%20%6C%63%4B%51%79%58%37%47%5A%4C%6C%20%63%4B%51%79%58%2D%44%5A%4C%20%6C%63%4B%51%2D%58%79%51%4B%34%54%41%2A%7C%42%2A%5B%59%5D%4B%63%6C%20%4C%51%79%58%62%42%7C%51%79%58%2B%46%7C%51%79%37%58%46%5A%4C%20%6C%63%4B%51%79%58%37%2D%43%5A%4B%63%6C%20%20%51%79%58%2D%43%51%79%58%62%42%51%4B%63%6C%20%4B%51%79%58%37%46%5A%4C%20%6C%63%4B%51%79%37%58%43%5A%4C%20%6C%63%4B%51%79%58%62%45%5A%4C%63%6C%20%4C%5A%79%58%37%62%42%4B%63%6C%20%4C%5A%47%37%58%79%51%4B%63%6C%20%4C%5A%43%2D%20%45%62%2D%4C%5A%46%37%58%79%51%7C%42%62%58%79%51%4B%63%6C%20%20%5A%20=%4A%61%7A%7A%2D%4D%65%64%69%75%6D%20%53%77%69%6E%67=%31%36%33=%33
59110fbf-9501-4067-8b13-1542040feb56,"irealb://%48%6F%6E%65%73%74%79%20(%20%66%72%6F%6D%20%66%61%63%65%62%6F%6F%6B)=%4F%72%69%67%69%6E%61%6C,%20%44%75%74%63%68%20%43%6F%6D%70%6F%73%65%72==%53%61%6D%62%61=%41%62==%31%72%33%34%4C%62%4B%63%75%37%44%31%4E%5A%4C%34%41%62%5E%58%7C%51%79%58%37%2D%44%5A%4C%37%41%20%68%45%51%7C%79%58%5E%46%5A%4C%37%43%20%68%47%7C%51%79%45%68%20%41%37%34%54%41%2A%7B%68%47%7C%51%79%7C%44%68%20%47%2A%5B%5D%20%37%44%20%68%41%7C%51%79%58%37%44%2D%32%4E%5A%4C%20%51%79%58%51%79%58%7D%20%37%42%47%2D%37%58%51%79%58%37%2D%2A%5B%5D%20%37%46%20%47%2D%4C%4C%37%41%20%68%45%7C%51%79%58%2A%37+%2A%7C%45%51%79%58%37%2D%46%5A%4C%2D%47%20%2D%41%5A%5A%44%68%20%47%5A%4C%37%43%20%45%7C%51%79%58%79%51%7C%47%68%43%20%37%2D%47%7C%51%79%58%37%2D%44%5A%4C%41%37%20%68%45%7C%51%79%58%5E%46%5A%4C%37%43%20%37%4C%5A%46%5E%58%5E%62%41%41%68%20%41%37%20%5A%20=%4C%61%74%69%6E%2D%42%72%61%7A%69%6C%3A%20%53%61%6D%62%61=%31%35%30=%33%30"
59336fa1-ca8d-4e36-b061-38b12c3c748d,irealb://%54%61%6E%67%6C%65%64%20%55%70%20%49%6E%20%42%6C%75%65=%44%79%6C%61%6E%20%42%6F%62==%4D%65%64%69%75%6D%20%53%77%69%6E%67=%41==%31%72%33%34%4C%62%4B%63%75%37%79%58%41%76%2A%58%79%51%7C%44%44%7C%51%79%58%41%7C%51%79%58%44%7C%51%79%41%58%7C%51%79%58%44%7C%51%79%58%41%7C%51%79%58%58%79%51%5D%5B%41%34%34%54%7C%79%58%41%7C%51%51%7C%41%58%79%79%58%41%5A%4C%20%6C%63%4B%51%79%58%44%7C%79%51%58%47%7C%51%79%58%41%7C%51%79%58%47%7C%51%51%7C%47%58%79%79%58%47%7C%51%45%7C%51%79%58%51%7C%41%58%79%41%7C%51%79%58%2D%23%46%7C%51%79%58%45%5A%20%4C%6C%63%4B%51%79%58%44%7C%51%79%58%47%7C%51%58%79%51%7C%44%79%58%47%7C%51%58%79%51%7C%46%23%2D%58%79%51%7C%41%58%79%51%7C%44%58%79%51%7C%45%58%79%51%7C%45%58%79%51%7C%47%20%44%20%5D%7C%20==%30=%30
590498cd-7496-4fc3-b472-784c19cf2c81,irealb://%49%20%46%65%65%6C%20%4C%69%6B%65%20%49%27%6D%20%46%69%78%69%6E%27%20%54%6F%20%44%69%65%20%52%61%67=%43%6F%75%6E%74%72%79%20%4A%6F%65%20%4D%61%63%44%6F%6E%61%6C%64==%42%6C%75%65%67%72%61%73%73=%42%62==%31%72%33%34%4C%62%4B%63%75%37%46%20%5A%4C%37%51%58%79%51%58%2E%20%75%6F%79%20%6C%6C%61%20%6E%6F%6D%27%3C%43%41%2A%7B%20%32%32%54%20%20%51%79%58%51%79%2E%2E%3E%20%46%79%58%51%79%58%4C%37%43%20%5A%62%4C%5A%20%42%4C%51%79%58%5A%4C%62%42%20%5A%4C%62%42%20%4C%5A%46%20%5A%4C%46%20%5A%4C%51%79%58%5A%4C%62%5A%20%47%37%4C%42%20%5A%4C%37%5A%4C%2C%37%6F%20%42%62%4C%5A%73%3E%2E%2E%2E%20%33%20%2C%32%20%2C%31%20%27%73%74%69%20%64%6E%41%3C%42%2A%5A%4C%51%79%58%43%37%20%43%23%5A%4C%46%20%5A%43%20%2C%37%43%42%62%4C%5A%20%58%5A%4C%62%42%20%5A%4C%62%42%20%5A%4C%37%20%46%5A%4C%37%46%20%5A%4C%51%79%58%5A%4C%62%42%79%51%4C%5A%73%20%5A%4C%46%6C%79%58%51%79%58%6C%46%37%4C%5A%20%5A%4C%46%20%5A%4C%37%43%20%5A%4C%37%47%5A%20%4C%51%79%58%5A%4C%62%42%20%5A%4C%62%42%20%42%62%20%7D%7C%5A%4C%37%6F%23%58%51%79%58%51%79%51%58%79%51%51%79%58%51%79%58%51%79%58%51%79%58%51%79%51%58%79%58%51%79%58%51%79%58%51%79%58%51%79%58%58%79%51%58%79%58%51%79%58%51%79%51%58%79%51%58%79%51%58%79%51%58%79%51%58%79%51%20%20%3C%2A%32%32%31%39%36%35%3E%20==%30=%30
59881657-006a-416a-9664-c56492ba2ebd,irealb://%49%20%57%69%73%68%20%49%20%44%69%64%6E%27%74%20%4C%6F%76%65%20%59%6F%75%20%53%6F=%4C%6F%65%73%73%65%72%20%46%72%61%6E%6B==%42%61%6C%6C%61%64=%45%62==%31%72%33%34%4C%62%4B%63%75%37%5A%4C%37%62%44%34%45%62%5E%37%7C%2C%37%62%45%2C%37%2D%62%42%20%37%5E%62%5A%45%4C%37%62%42%20%37%2D%46%5A%4C%37%2D%43%20%41%62%5E%37%20%34%54%41%2A%7B%4E%5A%4C%20%51%43%2D%37%4C%5A%7D%20%37%62%42%20%37%2D%46%5A%4C%37%2D%43%37%20%5E%62%45%31%4E%5A%4C%37%62%42%20%37%2D%46%58%79%51%58%79%20%37%5E%62%45%37%62%44%5A%4C%20%41%62%37%4C%79%58%37%2D%46%7C%51%79%58%37%43%7C%51%79%37%58%68%47%42%2A%5B%5D%51%79%58%37%5E%62%45%5A%51%4B%63%6C%20%37%5E%62%45%32%45%5A%4C%37%62%37%58%79%51%7C%5A%4C%37%2D%43%20%37%5E%62%45%41%2A%5B%5D%37%20%62%42%20%37%2D%46%5A%4C%37%46%20%37%2D%43%46%2D%37%20%42%43%7C%51%79%58%2D%43%20%37%5E%62%2D%37%2C%45%62%42%20%37%2D%46%5A%4C%37%2D%43%20%37%5E%45%62%5A%4C%37%62%44%20%37%5E%62%41%7C%2C%37%62%37%4C%5A%45%62%42%20%37%5E%62%37%4C%5A%46%2D%37%20%42%62%37%20%5A%20==%30=%30
595dea14-0da0-45cb-9fd3-669c662944c6,irealb://%69%2D%56%49%37%2D%69%69%2D%56%37=%43%6F%6D%70%6F%73%65%72%20%55%6E%6B%6E%6F%77%6E==%4D%65%64%69%75%6D%20%53%77%69%6E%67=%43==%31%72%33%34%4C%62%4B%63%75%37%7B%46%2D%37%20%44%37%62%39%4C%5A%47%68%37%20%43%37%62%39%20%7D%7C%20==%30=%33%30
593cb4a2-e2f1-4136-ba3e-822759c40aea,"irealb://%4C%65%74%27%73%20%44%61%6E%63%65=%42%6F%77%69%65%20%44%61%76%69%64==%52%6F%63%6B%20%50%6F%70=%42%62==%31%72%33%34%4C%62%4B%63%75%37%2D%62%42%5A%4C%37%58%79%51%4B%79%58%2A%34%73%75%73%37%2A%62%42%53%41%2A%5D%7B%20%20%78%20%5A%4C%20%78%20%5A%4C%20%6C%63%51%4B%63%6C%20%62%45%69%2A%5B%6C%63%4B%51%79%63%6C%20%4C%5A%7B%7D%20%3E%33%58%3C%20%6C%63%4B%51%79%58%2D%37%62%42%5A%4C%20%6C%63%4B%51%79%58%36%62%47%2A%42%41%62%58%4B%51%79%58%37%7C%51%79%58%62%44%62%20%45%62%20%20%6C%63%4B%51%79%58%62%45%2F%62%44%32%20%4E%20%51%79%58%51%79%58%7D%20%20%78%20%5A%4C%5D%5B%2A%43%41%31%4E%5A%4C%20%73%75%73%37%2A%7C%3C%44%2E%53,%7B%7D%20%3E%34%58%3C%51%20%20%37%62%45%51%7B%79%58%62%44%3E%61%64%6F%43%20%6C%61%20%2E%2A%44,%42%62%51%79%58%2D%46%20%65%64%61%46%4B%63%6C%20%4C%37%2D%62%42%5A%4C%20%6C%63%4B%51%79%58%36%47%62%5A%4C%20%6C%63%4B%51%79%58%37%2D%62%42%5A%58%79%51%7C%3C%51%79%58%2A%34%6F%75%74%3E%20%78%20%3C%58%34%3E%20%7D%20=%50%6F%70%2D%52%6F%63%6B=%31%31%35=%31"
5961f2b0-41dc-4c41-8b57-634021ced5ff,irealb://%4D%6F%64%61%6C%20%2D%20%37%2E%34%20%4C%6F%6B%72%69%61%6E%20%28%42%62%C3%B8%20%42%62%C3%B8%37%29=%46%75%73%73%65%6E%65%67%67%65%72%20%47%72%65%67%6F%72==%4D%65%64%69%75%6D%20%53%77%69%6E%67=%43==%31%72%33%34%4C%62%4B%63%75%37%7B%54%34%34%42%62%68%4C%5A%42%62%68%37%20%7D%20=%50%6F%70%2D%53%6F%75%6C=%34%35=%33%30
59d5a8f6-4d97-4610-bf99-03f466be580c,irealb://%50%75%70%76%69%6C%6C%65=%47%72%69%73%6D%61%6E%20%44%61%76%69%64==%4A%61%7A%7A=%41%2D==%31%72%33%34%4C%62%4B%63%75%37%7B%7D%51%79%58%34%41%2D%58%79%2D%41%7C%51%79%58%78%7C%51%79%58%37%45%7C%79%51%58%78%7C%51%79%58%46%7C%51%79%58%78%7C%51%58%79%51%7C%78%34%54%41%2A%7B%58%51%79%58%7D%51%7C%78%58%79%51%79%58%2D%41%31%4E%7C%51%79%58%78%7C%51%58%79%37%45%7C%51%79%58%78%7C%51%79%58%43%7C%51%7C%78%58%79%51%79%58%46%42%2A%79%51%20%4C%5A%4E%32%45%37%58%79%51%7C%78%58%79%51%5D%20==%31%38%30=%33%30
599a958b-d7a4-48cc-9ca4-674171026aae,irealb://%53%20%30%36%36%2E%36%37%20%4F%75%72%20%46%69%72%73%74%20%57%61%6C%74%7A=%4E%69%65%68%61%75%73%20%4C%65%6E%6E%69%65==%4D%65%64%69%75%6D%20%53%77%69%6E%67=%45%62==%31%72%33%34%4C%62%4B%63%75%37%42%5A%4C%37%46%62%2C%42%62%37%4C%5E%62%45%5A%4C%62%41%7C%2C%37%62%45%2C%41%62%5A%4C%78%5A%4C%37%62%45%5A%4C%62%45%7C%2C%5A%43%37%4C%5A%45%34%33%54%7B%37%42%5A%4C%78%62%4C%5A%42%62%5A%4C%78%5A%4C%37%46%5A%4C%78%5A%4C%62%41%4C%5A%78%5A%4C%37%62%45%3E%66%6D%3C%7C%7D%20%37%42%62%37%4C%5A%45%5A%4C%37%62%5A%4C%5E%62%45%4C%5A%78%4C%5A%2C%37%62%45%2C%62%41%5A%4C%78%5A%4C%37%62%5A%45%4C%62%45%7C%2C%37%62%42%2C%62%45%5A%4C%78%7C%41%62%4C%5A%37%62%42%5A%4C%4C%62%45%5A%4C%4C%5A%42%62%37%37%2D%46%5A%4C%78%5A%4C%2D%46%5A%4C%37%43%4C%5A%62%41%5A%4C%37%62%45%5A%4C%2C%62%45%5A%4C%4C%5A%42%62%37%37%46%5A%4C%78%42%2C%62%45%5A%5A%41%62%4C%5A%4C%37%2D%46%5A%4C%37%62%42%5A%4C%37%2D%46%37%3E%36%53%3C%5A%4C%78%5A%4C%2D%46%5A%4C%37%43%5A%42%62%37%4C%4C%37%62%45%5A%4C%62%45%5A%4C%62%4C%5A%45%62%2C%37%46%5A%4C%37%43%5A%4C%5E%62%45%5A%4C%41%62%7C%2C%37%62%45%2C%62%41%5A%4C%78%5A%4C%37%4C%5A%42%62%37%45%7C%2C%37%62%4C%62%45%3E%66%5A%45%62%4C%5A%5A%4C%37%62%42%5A%4C%62%45%5A%4C%37%2D%46%4C%5A%62%45%7C%2C%37%62%42%2C%37%2D%46%5A%4C%78%45%62%4C%5A%3C%4C%37%62%42%5A%62%45%5A%4C%37%46%2D%37%2C%42%46%3E%66%66%3C%5A%4C%62%45%5A%4C%37%62%42%4C%5A%62%45%5A%4C%2D%46%5A%4C%62%45%7C%2C%37%62%37%4C%5A%42%62%5A%4C%62%45%5A%4C%5A%45%62%4C%5A%46%37%4C%5A%42%62%37%4C%5A%45%62%2C%42%62%37%2C%7C%45%62%20%5A%20=%4A%61%7A%7A%2D%54%72%61%64%20%4A%61%7A%7A=%31%30%30=%30
594d2a61-0ca3-4885-ad83-c812500a9564,irealb://%53%74%75%64%79%20%23%33%34=%43%6F%6D%70%6F%73%65%72%20%55%6E%6B%6E%6F%77%6E==%4D%65%64%69%75%6D%20%53%77%69%6E%67=%46==%31%72%33%34%4C%62%4B%63%75%37%62%37%43%20%73%34%73%46%58%79%4C%37%5E%2D%47%20%2D%47%7C%51%79%58%6F%23%7C%46%51%79%58%36%46%7C%51%79%58%37%5E%46%7C%51%5A%43%39%73%75%33%54%41%2A%7B%36%62%42%2C%37%46%36%20%41%62%62%41%2C%37%2D%47%2C%46%32%4E%5A%4C%20%51%58%79%51%79%58%7D%20%37%43%20%37%2D%47%5A%4C%6F%6F%4C%5A%41%2D%31%4E%5A%4C%39%58%39%47%7C%51%5B%2A%42%43%2D%7C%51%79%58%37%5E%62%42%5A%4C%46%2F%2D%62%20%45%37%2D%43%7C%51%79%58%39%46%7C%51%79%58%37%44%2D%37%58%79%5D%20%6F%42%2C%6F%23%46%7C%51%37%58%79%51%7C%51%79%58%37%5E%46%7C%51%79%58%46%73%34%33%41%54%2A%7B%5D%20%35%23%39%43%20%73%75%73%39%43%7C%46%36%58%79%2D%47%7C%51%79%4C%37%5E%2D%47%2D%20%47%2D%5E%39%62%37%44%20%39%44%7C%51%79%58%31%31%23%62%39%45%5A%4C%39%43%20%73%75%73%39%43%5A%4C%37%4C%5A%47%2D%20%47%7C%51%79%58%5A%43%39%73%75%73%20%43%37%62%39%4C%5A%46%58%79%51%4B%63%6C%20%20%5A%20==%30=%30
59eef163-8ef2-413c-acad-6a7e37c0a51e,irealb://%53%74%79%6C%65=%53%77%69%66%74%20%54%61%79%6C%6F%72==%50%6F%70=%44==%31%72%33%34%4C%62%4B%63%75%37%2A%42%7C%7D%20%2A%6D%2A%58%79%4C%78%5A%4C%2A%6D%2A%42%2C%41%2A%2C%7B%7D%79%51%58%78%7C%51%79%58%47%7C%51%79%58%78%7C%51%5A%47%4C%5A%78%42%34%34%54%7B%44%2C%43%2A%2C%4C%5A%47%4C%5A%78%7C%51%79%58%2A%6D%2A%42%7C%51%79%58%41%51%7C%79%58%2A%6D%2A%45%2C%42%2A%2C%5B%5D%20%78%58%79%51%5D%7B%78%5A%4C%2A%6D%2A%2C%7B%7C%51%47%4C%5A%78%20%79%58%47%7C%51%79%58%78%7C%51%79%58%2A%6D%42%2A%5A%4C%78%5A%4C%47%5A%4C%78%5A%4C%44%7C%7D%51%7C%78%58%79%5A%4C%78%5A%4C%51%79%58%41%7C%2A%4C%5A%78%4C%2A%45%2C%42%2A%2C%7C%5A%4C%78%5A%4C%47%5A%78%4C%5A%4C%2A%6D%2A%42%7C%7D%20%78%5A%4C%47%5A%6D%2A%58%79%51%6D%2A%42%2C%41%79%58%2A%6D%2A%58%79%51%7C%78%4C%47%5A%4C%78%5A%4C%44%7C%7D%20%78%5A%4C%5A%47%4C%78%5A%4C%44%2C%43%2A%2C%7B%7C%51%79%58%5A%78%4C%5A%42%2A%6D%2A%42%7C%79%58%44%2C%43%51%7C%47%58%79%79%58%78%7C%51%79%58%47%7C%51%79%58%78%7C%79%51%58%44%2C%44%2A%2C%7B%7C%51%79%58%78%7C%51%51%7D%7C%2C%2A%79%58%78%7C%51%51%7C%78%58%79%51%7C%47%58%79%51%7C%78%58%79%51%7C%42%2A%6D%2A%58%79%51%7C%78%58%79%51%7C%47%58%79%51%7C%78%58%79%51%5D%20=%50%6F%70%2D%47%6C%61%6D%20%46%75%6E%6B=%39%37=%31
59993c6c-6846-4da1-afe8-a21957ee15b0,irealb://%54%6F%64%6F%20%4C%6F%20%51%75%65%20%52%65%73%70%69%72%65%20%28%45%7A%65%29=%52%6F%73%73%69%6E%69%20%45%7A%65%71%75%69%65%6C==%42%61%6C%61%64%61=%47=%39=%31%72%33%34%4C%62%4B%63%75%37%44%5A%4C%78%5A%34%46%58%79%51%5A%4C%2D%45%5A%4C%78%5A%4C%2D%41%41%2A%5B%51%7D%79%58%78%7C%51%79%58%47%7C%51%79%58%43%7C%78%4C%5A%47%4C%34%54%69%2A%7B%20%6F%59%20%36%5A%78%4C%5A%41%7B%5D%20%78%5A%4C%39%64%64%61%44%5A%4C%78%4C%5A%47%5A%4C%78%5A%4C%2D%45%5A%4C%78%5A%4C%2D%2A%42%3C%2A%36%4C%39%64%64%61%51%20%36%36%2A%6F%20%65%6E%20%51%79%58%78%7C%51%79%58%39%64%64%61%44%7C%79%51%58%2D%45%7C%51%79%58%43%3E%2E%2E%2E%69%74%7D%7B%2A%43%3C%69%66%6E%6F%63%34%58%35%31%2A%64%6F%20%6C%6F%51%79%58%46%7C%51%79%58%78%7C%51%79%58%47%2E%3E%2E%2E%61%72%69%70%73%65%72%20%65%75%71%20%7C%43%20%20%3C%6F%74%20%65%75%3E%20%7D%7C%3C%2A%36%36%20%28%61%20%6C%61%20%69%6E%74%72%6F%2E%2E%2E%29%3E%47%58%79%51%7C%78%58%79%51%5D%20=%42%61%6C%61%64%61=%30=%30
59d1f178-27d4-4d5e-9fa9-c67bb11e6b71,irealb://%54%75%20%53%69%20%53%61%62%65%73%20%51%75%65%72%65%72%6D%65=%4C%61%66%6F%75%72%63%61%64%65%20%4E%61%74%61%6C%69%61==%42%6F%6C%65%72%6F=%43%23%2D==%31%72%33%34%4C%62%4B%63%75%37%51%79%58%2D%23%32%43%23%2D%58%54%2C%53%2C%41%2A%7B%7D%51%79%58%2C%2D%23%7C%43%51%79%58%42%7C%51%79%58%2D%23%46%7C%51%79%32%32%4E%31%43%32%54%69%2A%7B%79%58%2C%2D%23%79%51%7C%42%58%42%31%4E%7C%51%79%58%2D%23%46%7C%51%79%58%23%2D%43%7C%7C%2C%36%42%20%20%2D%23%43%7C%51%79%58%79%51%7C%43%58%2D%23%46%7C%7C%51%79%58%42%58%79%51%20%4C%23%46%7C%51%79%58%2D%23%43%42%2A%7B%5A%51%58%79%2C%2D%23%43%7C%2C%23%47%20%20%42%32%4E%5A%2D%58%79%51%7C%51%79%58%7D%51%43%5A%4C%23%47%41%58%79%51%7C%4C%20%51%79%58%51%79%58%7D%51%79%58%2D%23%7C%43%51%79%58%23%47%31%4E%7C%51%79%58%2D%23%46%5A%4E%32%41%20%7C%51%79%58%45%51%5B%7D%51%79%5A%7B%43%23%2D%3E%61%64%6F%43%20%6C%61%20%2E%43%2E%44%3C%51%7C%79%58%42%7C%51%79%58%2D%23%46%7C%51%79%58%43%23%2D%2C%58%51%79%58%2D%23%45%7C%2C%36%42%51%7C%78%58%79%7C%51%79%58%42%7C%51%79%58%41%7C%51%79%58%43%45%2A%5B%7C%51%79%58%6E%7C%51%79%58%78%7C%51%43%23%2D%20%20%79%58%2D%23%43%58%79%51%7C%41%58%79%51%7C%42%58%79%51%7C%43%23%2D%20%20%55%20%5D%20=%4C%61%74%69%6E%2D%43%75%62%61%3A%20%43%68%61%20%43%68%61%20%43%68%61=%31%34%30=%32
595844f4-1f5d-4994-8c30-646b1f494e7c,irealb://%55%6E%61%20%52%61%67%69%6F%6E%65%20%44%69%20%50%69%75=%56%61%6E%6F%6E%69%20%4F%72%6E%65%6C%6C%61==%4D%65%64%69%75%6D%20%50%6F%70=%44==%31%72%33%34%4C%62%4B%63%75%37%5A%4C%78%5A%4C%4C%5A%78%4C%5A%4C%44%41%2A%7B%7D%20%3E%32%58%37%35%2A%3C%5A%78%4C%44%5A%4C%78%5A%4C%47%5A%4C%78%5A%4C%43%5A%78%4C%5A%43%44%73%69%2A%7B%2A%3C%78%5A%4C%5A%44%4C%5A%78%4C%78%5A%4C%43%5A%4C%78%5A%4C%46%5A%4C%78%4C%5A%2D%47%42%2A%7B%7D%20%3E%32%58%34%35%2A%3C%5A%4E%31%44%37%4C%78%5A%4C%47%20%61%64%6F%43%20%7D%7C%4E%32%51%79%58%51%79%58%3E%41%20%61%44%36%33%2A%5A%3C%4C%78%5A%4C%44%5A%4C%47%5A%4C%43%5A%4C%44%7B%3C%2A%37%31%3E%32%58%33%36%3E%44%4C%5A%43%4C%5A%47%4C%5A%44%3C%2A%35%37%58%33%3E%20%7D%7C%66%44%20%5A%7C%20=%4A%61%7A%7A%2D%4D%65%64%69%75%6D%20%53%77%69%6E%67=%31%30%30=%31
59b95b8c-a3c2-4181-91b9-6db79e324569,irealb://%C4%B0LT%C4%B0MAS%3DG%C3%BCl%C5%9Fen%20-%20Murat%20Boz%3D%3DRock%20Pop%3DA-%3D%3D1r34LbKcu7l%7C%2CG%2CLZD-L-AA*%7B%7D%2CG%2CFZLFZ-LDZL-A%7C%2CG%2CFZLFZLZsA--Ai*%7B%5D%20FZLD-%2CG%7DEZL-AZLxZLFZLxLZ-DlB*%5B%20%20QyXQyX-LZD-sZL-D%7B*CA-LZD-LZFLZF%2CG%2C%7CA-LZD-LZFLZF%2CG%7D%20%3DPop-Disco%3D120%3D1
594704fc-5e5e-416b-a2d4-548236c6e75a,irealb://%CE%9E%20Minor%20chords%20Random%201%20%281%20bar%29=Valentin%20Thorey==Medium%20Swing=C%20==1r34LbKcu7ZL%20%2D%23D%2D%20LZ%2DbE%20ZL%20%2DbB%20ZL%20B%2D%20ZL%20%2DA%20ZL%20%2DbA%20%20LZ%20F%20%5B44T%20C%23%2D%20LZ%20E%2D%20LZ%20G%2D%20LZ%20C%2D%20LZ%20F%2D%20%20%5D==120=0
5998625c-639a-4819-bf44-d8546a3346f9,irealb://%CE%9E%20Major%20chords%205thdim%E2%86%95%20%20%281%20bar%29=Valentin%20Thorey==Medium%20Swing=C%20==1r34LbKcu7E%20ZL%20C%20LZ%20bE%20ZL%20bA%20ZL%20D%20LZ%20G%20ZL%20bD%20ZL%20bG%20LZ%20A%20%5B44T%20LZ%20Bb%20LZ%20F%20LZ%20B%20%20%5D==120=0
59b6ccae-8e93-4a46-873f-ac9f1a155068,irealb://%CE%9E%20Major%20chords%202nd%2D%E2%86%91%20%20%284%20bars%29=Valentin%20Thorey==Medium%20Swing=C%20==1r34LbKcu7ZL%20D%20C%20LZ%20ZL%20x%20ZL%20x%20ZL%20b%20DZL%20x%20ZL%20x%20ZL%20x%20x%20LZ%20%5B44TL%20x%20Z%20x%20LZL%20E%20ZL%20x%20ZL%20x%20LZ%20x%20ZL%20bE%20ZL%20x%20Z%20x%20LZL%20x%20%20G%20ZLZ%20F%20L%20x%20ZL%20x%20ZL%20bG%20LZ%20x%20ZL%20x%20ZL%20x%20ZLZ%20x%20L%20x%20Zx%20ZL%20LZ%20x%20A%20ZL%20x%20ZL%20x%20ZLx%20%20ZL%20bA%20ZL%20x%20ZL%20LZ%20x%20x%20ZL%20LZ%20x%20LZ%20Bb%20LZ%20x%20LZ%20x%20LZ%20x%20LZ%20B%20LZ%20x%20LZ%20x%20LZ%20x%20%20%5D==120=0
59939c5e-8280-41a7-a3d3-4c92c26a27ae,irealb://%D0%92%D0%B5%D1%80%D0%BD%D0%B8%20%D0%BC%D0%BD%D0%B5%20%D0%BC%D1%83%D0%B7%D1%8B%D0%BA%D1%83%3D%D0%BC%D1%83%D0%B7.%20%D0%90%D1%80%D0%BD%D0%BE%20%D0%91%D0%B0%D0%B1%D0%B0%D0%B4%D0%B6%D0%B0%D0%BD%D1%8F%D0%BD%2C%20%D1%81%D0%BB.%20%D0%90%D0%BD%D0%B4%D1%80%D0%B5%D0%B9%20%D0%92%D0%BE%D0%B7%D0%BD%D0%B5%D1%81%D0%B5%D0%BD%D1%81%D0%BA%D0%B8%D0%B9%3D%3DPop%3DAb%3D%3D1r34LbKcu7%2FbD%7CQXyQ%7CEE%7CQyXbAA*%7B%5D%20Qy%7CXxQyX%7CQyXbA%2F7-bb%2FGXy%5EbAS%5B*%7B%7D%20QAb%2FEbZL7bB%207-F%7CQyXCb%2FAZLbD%20D%2FbB%7CQyXEb7%20%20%7CQyXFE%2F%23C%20yQ%7CGhZL7C%206bDZL7bA%20-7bE%7CQyX7-FZL7C%20N1F-7X%5EbABQyXZ%20Eb%20Bb%20bE%2FbAZLE%2F-%23C%20-7F2N%5B%7DQyX7bEZL7Eb7%2CS%2FbAZL-FZL7%5BQ*BAZL7bA%207-bE%7CQyX-7FZL7C%20hG%7CQyX%5EbDb6%20C%20%20QyXyX7-%23%2FELZAC%20h%23G%7CQyX%5EAB*Z7LE%20bAZL7bE%20bE%2Fb%237LZF-%23C%207%7CQyXA%20A7LZX%5EAZL7E%20E%2FAZLF-%2FD%207-%23FZL7%23C%206DyQ%7CD%2F7-E%7CQA%5EXyQKcl%20LZ%20x%20%20Z%20%3DPop-Rock%3D80%3D1
595bc047-2159-427a-92d0-d8afaaf6c091,irealb://%D0%9E%D1%80%D0%B0%D0%BD%D0%B6%D0%B5%D0%B2%D1%8B%D0%B9%20%D0%93%D0%B0%D0%BB%D1%81%D1%82%D1%83%D0%BA%3D%D0%91%D1%80%D0%B0%D0%B2%D0%BE%3D%3DMedium%20Swing%3DC%3D%3D%5B%20%3D%3D0%3D0
59ebee25-7858-4127-b122-1a5d490ba085,irealb://%D0%A1%D1%87%D0%B0%D1%81%D1%82%D1%8C%D0%B5%3D%D0%A7%D1%83%D0%BC%D0%B0%D0%BA%D0%BE%D0%B2%20%D0%90%D0%BB%D0%B5%D0%BA%D1%81%D0%B5%D0%B9%3D%3DSamba%3DBb-%3D%3D1r34LbKcu7yX7bAyQ%7CEb-bE%7CQyX%5EbG%7CQyXb%5ED%7CQyX7bA%7CQyX7-7XyQ%7CX-bB%5BX7-bEXyQ%7C%7B7-bB%7CQyX7-bB%7CQXy7-bB%7CQyX7-bBA*XyQ%7D%7C%5EbD%7CQX7bA%7C7XyQ%7CA%7CQyX7-bE%7CQyX%5EGbZL7F%20hC%7CQyX%5EbDb7XyQbA%7CQy-bE%7CQBBb-7%7C%2C7F%2ChC%20%5EbD%7CQy7XbA%7CQyX7-bE%7CQyXGb%5EXy*%7B%5DQy7XyQ%7CAb7XyQ%7CDb%5E%20Ch%2CF7%2C%7D%20%3D%3D0%3D0
593f8999-80f9-4633-9a5d-c857968435ba,irealb://%D0%AD%D1%82%D0%BE%20%D0%97%D0%B4%D0%BE%D1%80%D0%BE%D0%B2%D0%BE%3D%D0%9D%D0%BE%D1%81%D0%BA%D0%BE%D0%B2%20%D0%9D%D0%B8%D0%BA%D0%BE%D0%BB%D0%B0%D0%B9%3D%3DMedium%20Swing%3DC%23-%3D4%3D1r34LbKcu7C(%20)C4C%23-%20)%23G(A%2F-%23C%7C)*G*(B%20)*B*%23D(B%2FW)E(%20G%237(4Ti*%5B)%23D(%20C%23)%20(C(%20)%23C(%20%7C)*B*%23(Dr)*D*%23F(%20)*E*E*Cb*)(%20%7C)%23%20%7C)%23C%20(E)W7%23G%20)%23G(A%2F-%23C%7C*)G*B(%20)*B*%23D(B%2F(C)%20(-%23CZL*%7B%5D)%23*)%20(ED(%20%20)%23C(%20%7C)*B*D%23(r)*D*%23F(%20)*E*%23)%20(GD*%23C(-%23CZL%20W%2FELL-%23F%20-%23CZL%23G%20ALZE%2FW%20-%23CZL%23G%20AZZA%20G%23-%23CSA%23C%7D%20QZA%20G%23A%2F-%23CZLB%2FW%20-%23Co%3Elos%20%2027*%3CB*%7B%7D%20%20G%237%2CLB%2FW%20%20S)B()%3C*15)%23C(%20)%23D(Al%7C)E%20()%23D(6-%23Fs%3E%D0%BF%D0%BE%D1%82%D1%81G%237b9%23C(%20-(%23D%2F7%7BQC%23-G(E%2F-%23C%7C)*G*B()%20*B*%23D(6-%23F)E(%20%23)%20G%23Y%5D)A(F%2FW%20-%23)%7CC%237A(%23G%20%3E%D1%852%2066*%3C%2FA-%23CZLB%2FW%20)%23C(-)%20%7D%7BDC(%20)CW%20-D%7BALZXyBZLC%2FW%20-DZLA%20bZBL-G%20-DZLQyX%7CrQb%20A%20%7D%20bBZL%2FCLZBb%20ALZXyQr%7CXyQ%20%7D%20%3DJazz-Medium%20Swing%3D100%3D3
599b8df8-8205-4f35-a5b6-34e511bb8041,irealb://%E3%81%95%E3%81%8F%E3%82%89%20%282%29%3D%E7%AE%8F%E6%9B%B2%3D%3DRock%3DA-%3D%3D1r34LbKcu7yXF%7CQ-%20E7LQyX7E%7CQyX-A%7CQyFX%7CQyX-AZL7E%20-AZ%7CA-XyA44T%5BQ%7CA-XyQ%7CE7XyQ%7CA-%20E7LZA-%20E7LZA-XyQ%7CE7XyQ%5D%20%3DPop-Rock%3D115%3D1
596bd071-6311-4810-a3e4-394a8c13b8ba,irealb://%E3%82%AF%E3%83%AD%E3%83%8E%E3%83%BB%E3%83%88%E3%83%AA%E3%82%AC%E3%83%BC%20%E3%83%AD%E3%83%9C%E3%81%AE%E3%83%86%E3%83%BC%E3%83%9E%3DComposer%20Unknown%3D%3DPop%20Rock%3DD%3D%3D1r34LbKcu7%7CQyXDXyQ%7CD%7C%2CA%2C-B%20B/AZLA%20%7BG%7CQyXD%7CQyXD%7CQyXG%20ALZD44T%5BZLA%20GA/B%20BD%20DZLA%20GZL-%23F%20%7CDQyXBZLA%20G%7C%2CA%2C-/F%23LZZLA%20GB-%20F%23-LZG%20ALZB*sus4*XyQ%7CBXyQ%7D%20%3DPop-Rock%3D120%3D1
59016738-776c-4433-9448-48c010575245,irealb://Climax%20Rag%3DJames%20Scott%20%281914%29%3D%3DMedium%20Swing%3DF%3D%3D1r34LbKcu7solos%3C*74IB%20%2CB%20%2CA%20%2CA47*%3C%2C%7Cp%2CoF%7Cp%2CFs%3Eortn%2C%20A%2C%2044T%5BYxZL7C%3EG7%2CCF%7Cp%2CoF%7Cp%2CFA*%7BY%20%20QyXQyX%7C%5Dp%2CF%7C%2C7LZxLZC%20no%20Y%7D%20F%7CxLZ%7CFG%7C%2C7D%2CF%7C%2C-bB%2CbZBL7FZLF%7Cp%2CoF%7Cp%2C7%2CC7%2CZLFZLB%2CbBZLZxLZFZLxZL7CZL7CZLA-ZL7EZL-AZLxZLFLZF7L7CB*%7BLbBZL%2CD7%2C%7CZLbB%3EsoloS%20%2047%3C*C*%7BY%7D%20F%7C%2C7C%2C7GxLZF7F%7C%2C-b7G%2CbBLZA7LbE%7C%2C7bB%2CbBZL7FLZxZLbB%7C%7C%2C7F%2C-DZ%2CEo%2C%7CxZLxZ%2C%7CC7%2CF7%2C%7CBb%20%7D%20%3DJazz-Medium%20Swing%3D100%3D3
5995bafe-7600-4886-bf8c-3020da22563b,irealb://Dixie%3DDaniel%20Decatur%20Emmett%20%281859%29%3D%3DMedium%20Swing%3DBb%3D%3D1r34LbKcu7yX%2CbB4BbXyFZL%20lcKQyXbBZLl%20cKQyXbEZL%20lcKQ7XyQ%7C4TA*%7BX7F%7CQBbXyQQyXbE%7CQyXbB%7CQy7XF%7CQyX7C%7CQyXbE%7C%7CBbXyB*%7C%7DQQyXbBABbXyFZL%20lcKQyXbBZLl%20cKQyXbEZL%20lcKQ7XyQ%7C*%5B%7CQy%5D%20%3DJazz-Medium%20Swing%3D100%3D3
59bbf806-cd2f-481b-97b8-4a71de2890a0,irealb://Please%20%28Lend%20Your%20Little%20Ear%29%3DRainger%2C%20Robin%20%281932%29%3D%3DMedium%20Swing%3DC%3D%3D1r34LbKcu7QyXClXyQ%7CC-Es%20-F%7CQyX-DZLA7%207E%7CQyX%2BEZL7B%20%2CG%2B%2C%7CC44T%5BQyXCZG7LZCF%7CQyX-DZL7A%207EQ%7CyX%2BEZL7B%20C%7CQyX-%20G7L%20o%23C%7C%20GZL-oLZG7yX7GZLo%23C%20CZL7%20G7-DZLo%23C%20C%7CQyXQ%7CC%20C%23C%20C%7CXCZL77%20G%2BLQyX-DZL7A%207E%7CQXy%2BEZL7B%20C%7CQyXCZ%7CF-%20GGZL7DyQKcl%20%20Z%20%3DJazz-Medium%20Swing%3D100%3D3
596acaec-49ee-41b0-bec1-c2a4530717d1,irealb://Saturday%20Night%20Function%3DDuke%20Ellington%2C%20Barney%20Bigardn%281929%29%3D%3DMedium%20Swing%3DEb%3D%3D1r34LbKcu7L%20lcKb%20AbLB%7CQyX7F%7CQyXbE%7CyQXbEZL%20x%20ZL%20x%20Zb7XyQE44T%5B%3C%5DQyXbLZEbx%20ZL%20x%20ZLbA%20bEQ%7CyXoA%7CQyXbA%7CQyX%20LZEbA%20bEZ*27Solo%20on%2012%20bar%20blues%3E%20%3DJazz-Medium%20Swing%3D100%3D3
59f4304f-739c-4c80-abea-9c44b5108881,irealb://Whistling%20Rufus%20%28Page%202%29%3DFrederick%20Allen%20'Kerry'%20Mills%20%281899%29%3D%3DMedium%20Swing%3DEb%3D%3D1r34LbKcu7cKQyXT44AblcKQyX7bEZL%20lcQKyX7bEZL%20lcKQyX%20LZAbD*%5BYYQyXbAbXyQ%7C%207bB%7CQyXbA%7CQyXb-D%7CQyXbD%7CQyX7bAEb7LZAZL%20l%7C%20%28Eb7%29x%20%20%5D%20%3D%3D0%3D0
59cdab70-3294-4469-a98f-ce0e5d1095ea,irealb://Lover%20Man%20nmn%201%3DDavis-Ramirez-Sherman%3D%3DMedium%20Swing%3DDb%3D%3D1r34LbKcu7-bB%3E2*63%20%C2%B7%CC%A36%CC%871%2036*%3CZL7bE-%20bB%3E7%CC%A36%20%CC%872%20%206762%CC%87_%20%20%3C44T%5BbA%20-bZ%3C*63_524%2036*%3CZL7bA-%20bE%3E32%205%20%20232%C2%B7%20%20%205%3EEL7bE%20yX7bG%3C*63%20%20121%CC%B82%2036*%3C%7CQy7XbD%3E%C2%B71%CC%B82%20%20121%CC%B82%2051%C2%B7%3E%5D%20Q%2C76bD%2Cb3%20%C2%B75%CC%A3QyX36*%3C1NZL7bA7%20A%3E%CC%A3612%CC%B82%20%202%CC%871%CC%B81%CC%87%3EsD6*%3C%7CQ%5E-F%20-7%7DN2%3C4%20%2032%204%20/1/36*%7C%3CQyXbDl%3E1QyX36*%2023%3EFF%2C-C%2C%3CZL-F63%204%20123%20%2021%203%2036*%3CLZ7E%20-F%3E_454%20%2032_%3EEb%20*%3CZL724%2036%3EG-%20F%5E-bE%20-bE%3E32%204%203%202%204%20%5C1%5C36*%3CZL-7LZ%3C*3%2036*C%3E3%20354_%3EEbG%20bD%3E_123%20QyXyQX3%2036*%3CZL7D%20-bLZ%3C*64%20%20_3%5D%20%3E%C2%B71D.C.%2021%CC%B82%20QyX36*%3CQ%20yQX%5D%207F%20%3EadoC%20la1%20%202%CC%B860*%3Ch%3E%CC%A3612Z%3C*63%CC%871%CC%B8%CC%A35%C2%B7%2036*%3C%7CQy7XbG%3E%C2%B715%20%20121%CC%B82%202%20%202%CC%B8L%207bDsA7pEb7%2CD7%7C%3C*63%201%CC%87%3ElDb7%20Z%20%3D%3D0%3D0
5969773e-fb22-4344-9906-12254dd25e81,irealb://Over%20The%20Rainbow%20%28Somewhere%29%20nmn%3DArlen%20Harold%3D%3DBallad%3DEb%3D%3D1r34LbKcu7%20-G%3E%CC%874%3C*6365%20%CC%A37%2036*%3CZL-C6%20bE%3E%CC%871%20QyXQyX1%20XyQ714TA*%5ByX%CC%A36%20*63%201L7C%20-G%3E5%2036*%3CZoLA%20bA%3E6%20QyXQyX%CC%A3Z%3C*63%3CZL-C%20%20%CC%871%CC%A34%CC%87%3EF-6*%3CZL7C%20-G%3E43%202%201%203%2036*%3CZL7bD%203%202%207%20QyXQQyX6b%20Bb7L35353%2036*%3CB*%5B%7D7%20bB%206bE%3E1%2036*%3CZ535%3EE-F%3E32%2036*%3C%204545-G%3E6%20QyXQyX6%203*6%3CZL7bB%20-F%3E5454%20C7LZ36*%3C%7ChA%3E65Bb7LZ46%CC%B84%2036*%3C%7CQyX6Eb%3E53535353%2036*%3C%CC%B864%CC%B86%20-F%3E_-F%3E%CC%A35%3C*63%20yX2%2036*%3CZLo%23F%20G-%3E%CC%8717%206%20QyXQyX7QXyQ%20ZL7D%20G%3E%CC%8717%5D%5B*A%3C%20%CC%A37%2036*%3CZL7D%20h%3EA%CC%871%20QyXQyX1%2036*56XyQ%207bB%206%2036*Z%3C*63%207-G%3E5%2036*%3CZLo%20AbA%3E6%20QyXQyX%CC%A31%20C7LZ%3CL-C%20-1%CC%A37%202yQ%204%CC%87ZL7C%20-G%3E43%20%20213%20%2036*%3CZL7bD%20-F%3E%3C*63%20XQyX%CC%A3%CC%87%20%2023%3EF-%20Bb7LZ%3C*63%201%3EEb6%20p%20Z%3D%3D0%3D0
59ebb326-2ee9-4788-ac59-534f19be7a9a,irealb://Santa%20Claus%20is%20Coming%20to%20Town%20nmn%3DFred%20Coots%20%26%20Haven%20Gillespie%3D%3DMedium%20Swing%3DF%3D%3D1r34LbKcu736*%3C%7C4%3C*63%3E1%20%20_%CC%87176%2036*%3CQ%7CyXF%3E5%C2%B75%20%20_543%20G-XyQ4TA*%5B31%20%20Q_%20%205536*%3C%7CQyXbB%3E4%20%204_56%2036*%3C%7CQyX-A%3E%2035Xy54%CC%A33%20*%3C%7CQy-LZ%3C*%CC%871QyX36*%3C%5B%207C%20G-%3E%CC%A37%C2%B7%20%20QyX42%2036%3EN1FXD%20-A%3E%20QyXQyQXyQ6*%3C%7CQyXF2N%3E1Qy3X6*%3C%7D%207C%20-G%3E5%C2%B7%203%20%C2%B7XyX%C2%B7%20363%2036*x%3C*06%20-C%3E5%CC%B84%20%205%CC%A36%20//436*%3CB*%5B%20%20%3EeniFF7LZ%3C%20%3E%CC%871%C2%B7XQyX3%20%C2%B75%3EBZL7F%20-C%3E5%CC%B84%20%20QXy56%2036*%3CZL6bB%20b%3C*63%20%20QyX33%20%20Qy%3EBb%20B6*%3CZL7G%20-D%3E5%CC%B84%20%2056%20/1/36*%3CZL6b3%2033X6%C2%B7%20Qy7C%3E1%C2%B7%20C6LZyX1%2036*%3CZL7G%20-%3ED23%20%20QyX45%2036*%3CQXyQ%20C%3E43%20%2C%3C*06D.C.%20al%202nd%20end.%3E%20%20%20Z%3D%3D0%3D0
59a1ee06-f7ae-4c75-8529-9daf860f9a13,irealb://087%20Dom7%20Circle%20Of%20Fifth%3DPatterns%20For%20Jazz%3D%3DJazz%3DC%3D%3D1r34LbKcu7QyX7%237XyQ%7C7bD%7CQyX7bA%7CQyXb7E%7CQyX7bB%7CQyX7FXyQ%7CFC44T%5B%7CB7XyQ%7CE7XyQ%7CA7XyQ%7CD7XyQ%7CG7XyQ%5D%20%3DJazz-Ballad%20Swing%3D125%3D3
59aee7fd-1911-4330-af60-fdc07db98571,irealb://042.%20Sib%20Maj%20Harm%3DL.W.%3D%3DMedium%20Swing%3DDb%3D%3D1r34LbKcu7ZL9b74Db%5E7/5b7-bE%7CQyX7-FLZ6-bG%207%5E-bG%7CQyXAb%20Ab4TA*%7B%237%5EG%20yQ%7CGb-bG%7CQyXbA/7%5EbDLZA/5b7-bE%20A/7%5E-%5E7/AbX7%5EbDF%7CQyX*BN1G%7CQyXbA/5b7-bE%7CyQXA/7oC%7CQyX7%5E-bAb7b9%5B%5D%20112NC*%5BXyQ%7CAbA%20bA/7%5E-bG%7CQybXA/7%5EbD%7CQyX9b7b7b9%20%7DbA/7-bE%7CQyXyQ%7CC%7CQyX9b7bA%7CQyXb/A5b7-bE%7CQyXA/7oDb%5E7X7%5E-bG-7b5%20Ab7b9LZDb%5E7XyQ%7CGb-%5E7/Ab%20Ab7b9%20Z%20%3DJazz-Medium%20Swing%3D100%3D3
597e12c7-813d-4bf1-99b1-5af52d1c045f,irealb://03-%20Smooth%20Criminal%20-%20PG%202%3DJackson%20Michael%3D%3DMedium%20Swing%3DB-%3D%3D1r34LbKcu7%207%5EGZ4B-7%2C-B%7CZL7%23F%207%5EGZL%20A7-BZLA%207%5EGZLA%207%2C%20AL4Ti*%7CL7%23F%207%20ALZA%207-BZLA%207%5EGZL%20A%2C7-B%7CZL7%23F%207%5EGLZG%5E7-BZLA7-%23C%20%2C%20ALZ7-%23C%207-B%7CZ%20%20lcQKyX9%237%23FZLA%207%5EGLZD%5E77-B%7CZ7-%23C%20%20C%23-77-%23C%207%5EDZL7-%23C7%20-BZL7-%23C%207%5EDZLLZB-77-BZLA%207%5EGXyQZ%7C%5EGZLA%207%5EG%7CQyX7G%5EZLA%207%5EG%7CQyX7%5EG7XyQ%7C7%5EDZLDZL7-XyQ%7CFBZL7-%23C%207%5EDZL7%23-C%207-B%7CZQyX9%237%23-7%20C%237%5EGZLKQyX7%7CB-7%20X7%5EDZL7-%23C%207-BLZ7-%23C%207%5EDZL7-%23CyQ%7CG%5EQyX7%5Ecl%20LZC%23-7b5%2CXyQ%7CF%237b9XyQ%7CB-7%2CXyQZ%20%3DPop-Shuffle%3D130%3D3
59f7ed63-9e83-4067-8b3e-8d7dd09b9ae5,irealb://10%20Ragazze=Battisti==Medium%20Swing=C=0=1r34LbKcu7ZL%20ZL%2DLZGLL%20ZL%20%7C%2DC%2CGZL%2DCLZbAZLFZLbEZL%2DCZZ%20LZ%20C44T%5BCZLbBZ%20LZCL%2DCZL%20ZL%20ZL%20ZLZ%20L%2DCZLbBZLbAZL%2DZAbLZL%20ZL%20L%20ZL%20Z%20LZ%20GZLbAZL%2DCZLbBZ%2DLCZLbBZL%2DCZL%20ZLLZCLZLGZL%2D%20ZL%20ZLZ%20LZZL%20ZL%20ZL%20ZL%20ZLZ%20L%20ZL%20ZL%20ZL%20ZL%20%20LZ%20L%20ZL%20ZZL%20ZL%20LZ%20LL%20ZL%20ZL%20ZL%20ZL%20LZ%20ZL%20ZL%20ZL%20ZL%20ZZ%20LZ%20ZL%20ZLL%20ZL%20Z%20LZ%20%20ZL%20ZL%20ZL%20ZL%20Z%20LZL%20ZL%20ZL%20ZL%20ZLLZ%20LZL%20ZL%20Z%20LZ%20LZ%20LZ%20%20Z%20=Jazz%2DMedium%20Swing=120=0
5917c81e-f44f-4b74-a949-341cb09caf2a,irealb://Simply%20The%20Best%20%2D%20Fmaj=Tina%20Turner==Pop=F=5=1r34LbKcu7yXF%7CQ4F%3CS2yX%3EF%20mottoB%20%2E%2Es%2Eeton%20ralugnis%20Q%7CFXy4Ti%2A%5BXbB%7CQQ%7CY%7B%2AQyX%2DD1N%7CY%7DQyXFQ%7CyXF%7CQyXF%7CQyXFA%7CD%2DXyyXF%7CQF%7CQyXXyQ%7D%7CFB%2A%5BY%5DQyXC%7CQyXBb%7CQyX%2DD%7CQyX%2DD2NXyQ%7CFbB%7CQyX%2DD%7CQXyQ%7CDQyXbBC%2A%5BY%5DQyXCQ%7CyXC%7CQyX%2DD%7CQyX%2D%7CBbXyF%7CQyX%7CQyXbXyQ%7C%3CbB%3EsevatcO%20%2E%2E%2Es%20gnirtS%20%2F%20onaiPXyQ%7CBbB%7CQydna%20oC%20D%20%7Dof%20enot%20pu%20surhoC%208%20diM%20retfA%3Cr%20sol%7CQyXC%20then%20repeat%20%3EXyQXyQXyQXyQXyQ%20%3C%2A44till%20finish%2E%20%3E%20=Pop%2DRock=115=1
59bc7d2f-3784-4242-846e-cc019236887a,irealb://Jehova%3DJulissa%3D%3DBallad%20Even%3DC%3D%3D1r34LbKcu7%7C%7CQyX4GXyQC%7CQyXF%7CQyXCA*%5BQ%7DyXF%7CQyXG%7CQyXF%7CXyQ%7CF4Ti*%7BQyX96FXyQ%7CZLG%20-A%7CQyXG%7CQyFXB*%7B%7CQyXG%7CQyX-AD-%20%3C*%7CQyXC%20X3%3E%20%20%7D%7B*CFXyQ%7CGXyQ%7CA-XyQ%7CGXyQ%7D%20%3DJazz-Medium%20Swing%3D100%3D3
5917345d-9d50-40e2-865f-f3a050847c96,irealb://Por%20Un%20Momento=Jes%C3%BAs%20Adri%C3%A1n%20Romero==Ballad%20Even=C==1r34LbKcu7X%2DD%7CQ4C%2C%2AA%7CQyXC%7C%7DQyXFZLG%2D%20A%7C%2C%23G%2FE%20%20G%7CQyXG%2FBXy4Ti%2A%7B7%2DB%7CQGLZF%20yXFZLG%20%2DAZL7E%20b57%2DB%7CQyXCB%2A%7B%7D%20GQ%7CCXy%20F%7CQyb5%20E7LZA%2D%20GLZN1F%20G%20%7DN2F%20F%2DLZCXyQZ%20=Jazz%2DMedium%20Swing=100=3
5908a38f-72b8-4427-8cd5-16ee755dc4ad,irealb://Quien%20Es%20El%20Rey%20De%20Gloria%201=Day%20%20Third==Pop%20%2D%20Rock=E==1r34LbKcu7LxZL%2CZxLZAL%2CAZLxZL%2CEA%2A%5B%5Dx%20ZLAZLxZLEZLxZLZxLZELEi%2A%5BZLxZLLZALZEl%7C%2CsusEs%2CEZLALZ%2CBZLxZL7%2D%23CZLx%20%5D%5BA%2CxZLAZLxZL%2CZxLZBxZL%2CAB%2A%5B%5D%20El%7C%2CussEs%2CEZL%2CAZLsusLZC%23%2DL%2C%2D%23CZB%2CLZA%2CLZE%2CLZxLZALZxLZC%23%2D%2CLZxLZB%2CLZA%2CLZE%2CLZx%20%5D%20==0=3
593c28c5-570c-4a02-8a7d-5238dfec5502,irealb://Footprints%3DShorter%20Wayne%3D%3DWaltz%3DC-%3D%3D1r34LbKcu7ZL%20x%20-11XyZL%20lcKQyX11-CZ%20Lx%20ZL%20x%20ZL%20lcKQ%20x%20LZC43T%5B7h%23FZyQKclL%20x%20ZL%20lcKQyX1-1CZL%20x%20ZL%20x%20ZL%20Z%20x%20LX11-F%20ZL%20x7%2311XcKQyX11-C%7CQyXtal7A%7CQyXtla7E%7CQyl%20LZ%20F%7CQyXx%20%20Z%3D%3D0%3D0
59a64b26-25be-4a31-8635-1ab0b36f56b2,irealb://Four%3DDavis%20Miles%3D%3DUp%20Tempo%20Swing%3DEb%3D%3D1r34LbKcu7-bAZL4Eb%5E7yX7%5EbA%7CQyX7bE%7CyQX7-bBZL%20lcKQyXQKcl%204TA*%7BE%7CQyXDb7XyyX7-FZL7B%207-%23FQ%7CyX7%5EbE1NB*%5BY%5DQQ%7CBb7%7CQyX7ZL7B%20Q%7CF%23-QyX7%5EbE2N%5B%7DQyXb7B%7CQyX7-FZL7B%207%7CF%23-7yX7%5EbF-7XyQ%7CBb7XyQ%7CG-7%20Gb-7LZF-7%20Bb7LZEb%5E7XyQKcl%20%20Z%20%3D%3D0%3D0
5921cdf0-883b-4239-b89d-5bc487a7f2aa,irealb://24%3DLittera%20Gianluca%3D%3DLatin-Brazil%3A%20Bossa%20Electric%3DC%3D0%3D1r34LbKcu7oEZL5%20EoLZ%5EbDZL5%23-F%207-F%7C%2Cn7C%207-FZL7-F%20oE7%20C7%23n44T%5B%7Cn%20%207ZF-%235-F%207-FZL7C%207%5Eb%7CDQyX5%237%5EbAZL7C%20%235LZGL7-F%207-D%7CQ%7CF-7%2F%7Cn%20%207CZLbD%2F7-Fb%20E%2F7-FZLE%2F2bA%20FF%5E7Xyn%20%207CZL%20n%2CDb7XyyXoEZLoG%20%2C6-bGQ%7CyXhGZL7C%207bD%7CQQ%7CF-7ZL7G%20-bD%20%23o%2Cn%7CnQyXF%2F5%237%5EbAZLF5%2F%237%5EbA%207CZLo%23C%20%7CF2%2FCE%207-F5%237C%20%20Db%5E7L5%23-F%207-F%7Cn%2C7C6%20-bDZL6-bD%207CZLZDb%5E7oGZL6%7C%2C7C%20F-7LZ%7Cn%2C7Cn%2C7%5EbD%7CQy5X%237%5EbAZL7C%205%23-FF-7%2Cn%20oEZL%5EFn%2Cb-7%2FEbZLbA%2F7-bB%207-bBLZC%2F7-F%20bD%2F7-FZLB%5E9%2FGF%207-F7%2C%20%5D%5B%20%3DLatin-Brazil%3A%20Bossa%20Electric%3D118%3D1
599eb602-bf58-4747-b51d-a5f279646ab3,irealb://Don't%20Know%20Why%3DNorah%20Jones%20Jesse%20Harris%3D%3DBallad%3DBb%3D%3D1r34LbKcu7%5EbBA*4Bb%5E7B%20sus7FZL7C%207-ZGL9D%209%5EbEZL7bB%20b%20%5DY%5B4Ti*%5BD%209%5EbLZEb%5EB%207%5EbBZLbB%20susF7ZL7C%207-GZL9D%209b7LZE7bB%207L7C%2077%20C7LD%209%5EbEZL7bB%207%5EBbA*%7B%7D%20bB%20sus7FZ9LZG--G%7B%209*%5B%5D%20bs%20BbL7FZL7C%207-GZL9D9%20%5EbEZL7bB%207%5EbBZsus%20Bus7FZbBZLbyQ%7CC77F%7CQyX7C%7CQyX7-ZGL%20lcKQyX7F%7CQyX%20F7%2FEX7-GBBZLbB%2FC%20%7D%7BFZL7C%207-GZL9D%20%5E9bEZL7bB%207%5EbBA*7sus%207F%20D%2Fsus7Fb7LZE7-G%7C%7D%20bB%20sus7FLZ7C%207-GZL9D%209%5Eb%20C7LZB%207%5Eb%20sBb%2CBb7%2FF%2C%7ClG-7%20C7LZF7sus%20Bb%20Z%20%3D%3D0%3D0
59eb4c37-4632-4c4c-a6b5-5f92843a4bf0,irealb://Slip%20Sliding%20Away%3DSimon%20Paul%3D%3DMedium%20Swing%3DG%3D%3D1r34LbKcu7D%20%2CCZ%2CT44%3CL%20lcKQyX-EZL%20lKcQyXG%3Esuroh%2096*ZG%20DLC*%2C%5BYE%3EsesQ%7CF%20C*%3C%2Cv*%2C%5BYY%20%20QyXyQX%5DQyXn%7CQyXG%7CZL68%20eryXGZLyX-EZcl%20LZQyXG%7CQyX-C%7CQyXZCLD%20GZL%20lcKQyXGKcl%20LKQyX-QKcl%20LZG%20DLZC%20DLZGXyQ%7CnXyQ%5D%20%3D%3D0%3D0
59485070-4520-4b5f-99e8-14a969c5197a,irealb://I%20Do%20It%20For%20Your%20Love%3DSimon%20Paul%3D%3DPop%20Ballad%3DG%3D%3D1r34LbKcu7-A%2Cob4%3C%20%20T-EZLo%23DZL7%5EDZL13AZLB%2FEZLE%3Eittu7LZsB4Ti*%5B7-E%7CQh%2FD%20%5D%7CQyX7%5ED%7CQyX31AQ%7CyXB%2FE%7CQyXElA*%7BD%23oXy%23F%7C%2C7QyXQy1Bbo%20A%20bAZL7bE%20obB2%7CN%7DQyXD%2Fh%23FZL7-Ab%2B%20%5DXN%7CQyX%20oC%7CQSC%23-X%7CQyX-bB%7CQyX%23F%7CyQX%5E%23C%7CQyXo%23D%7CQyF%23oXyB*%5B%20%20ZLDZLLZBb7ZLxZL-BZLxZLEC%5B*%5D%20Q%20%20%3EadoC%20ot%3CA7LZx11%237BdoC%20loXyQKD%3C%20bAZL7bE%20obBLZ%20lcKQyX-EZL%20lc.S.%20a%23DZLxyXo%23D%20%5DXyQ%5ED%7CQyX31A%7CQyXBE%2F%7CQyXED*Q%5B%20%20QyX7XyQ%7C%2BbA%3EaQ%7CE-7XyQ%7CBboXyQ%7CA-7XyQ%7CD13XyQ%7CGXyQKcl%20LZfG%20%20U%20Z%20%3D%3D0%3D0
593d1abc-6447-42c6-beca-d9374d7c4f6f,irealb://Ain't%20Misbehavin'%3DWaller%20Fats%3D%3DMedium%20Swing%3DC%3D3%3D1r34LbKcu77-DZL4C6%20A6CZL6-F%206FZLE/C7%206CZL7G%207-DZL7/E%20A74T%7BA*%5BB*%5D%20N1E7%20ZL6-F%206C2NZL%20QXyQyX%7D%207G%207DZL7AC6%20E7ZL7G%20G%207DZ%7CF7XyGZL7D%207-AZL7E%20G6%7CQyX7A%7CQyX7D%7CQ6%20A7LQyX-A7-DZL%5BC6%20A6CZL6-F%206FZLE/C7%206CZL7G%207-DZL7/E%20A7A*%5D%207%20G7LZC6%20A-7LZD-7%20G7%20Z%3DJazz-Medium%20Swing%3D76%3D3
5947254e-7b0e-4a71-9bde-f5460a3cdb83,irealb://Bluesette%201%3DThielemans%20Toots%3D%3DWaltz%3DBb%3D%3D1r34LbKcu77-F%7CQb%5E7XyC%7CQyX7-G%7CQyX9bD7%7CQyX7hAZL%20lcKQ7b9XyB43T%5B%20lcKQb7XyQD%7CQyX7bA%7CQyX7-EbZL%20lcKQyX7%5EbE%7Cb%5E7XyB%7CQyXG%7CQyX7XyQ%7CyX7F%7CQyX7-CZL%20clKQyX7%5EB%7CQyX7%23FQ%7CD-7-bDZL7XyQ%7CC-7XyQ%7CF7XyQZ%20%3DJazz-Medium%20Swing%3D110%3D3
5922a4ff-357a-469c-9967-3e401bafe5c1,irealb://It%20Don't%20Mean%20A%20Thing%201%3DEllington%20Duke%3D%3DMedium%20Up%20Swing%3DBb%3D%3D1r34LbKcu7X96bB4G-XyX7F%7CQyX7C%7CQyX-ZGL7D%207bEZL%20lcKQyQ%7CN14TA*%7BQyX7b%20D7%20%7D7-FB*%5B%5D%20%20lcKQy9X6bB2NZL%20QyXQyXXyQ%7CBhA%7CQylcKQyXyQKc%5B%5DQyX7D%7CQyXhA%7CyQX7C%7CQyX7-GZL%20l*AG-X96bE%7C%20LZEb7%20D7LZG-XyQ%7CC7XyQ%7CF7XyQ%7CBb69XyQ%7CAh%20D7%20Z%20%3DJazz-Medium%20Swing%3D100%3D3
5996de04-efb4-488d-ae1c-16ac6da298cc,irealb://West%20Coast%20Blues%3DMontgomery%20Wes%3D%3DWaltz%3DBb%3D%3D1r34LbKcu77bBZL4Bb7XyX7bEZL7E%207-B%7CyQX7bB%7CQyX7bA%7CQyQKcl%206T%7Bi*bB%5BA*l%20LZFsoloS%3C%7D%20%20lcKQy7XbB%7CQyX7bE%7CQyX7:%3EYYYcKQyX7G%207-Ab7XyA%207-bE%7CQyX7bEZ7LE%207-B%7CQyX7bB%7CQb7LZD%7CQyX7LZC%23-7%20F%237LZC-7XyQ%7CC-7%20F7LZBb%5E7%20Db7LZGb%5E7%20F7%20Z%3DJazz-Medium%20Swing%3D100%3D3
595d47c2-0b08-41c5-af5e-9570b91e4615,irealb://Played%20Twice%3DMonk%20Thelonious%3D%3DMedium%20Swing%3DC%3D%3D1r34LbKcu7yX7-G4C%5E7XbD%7CQyX7%5EC%7CQyX7ZAL%20lcKQyX7bD%7CQy7XyQ%7C4TA*%5ByX7bDyQ%5D%5B*%5ECC*%5B%5D%20QyX%7CrQyZXL%20lcKQyXsus7FB7XyQ%7CX7C%7CQQ%7CDb13%20C13LZsA7%2ClD%5E7%20%20Z%20%3D%3D0%3D0
59372cd8-3c26-463b-acc1-66d78ae19ab3,irealb://E.K.'s%20Blues%3DKaiser%20Ed%3D%3DMedium%20Swing%3DF%3D%3D1r34LbKcu7%7CQyX%297XyQ%7C%7CQyX7bBZL7F%20%2C7C-%7CQyX7FZLoB%207bBG7%28BoF44T%7BF7XyQ%7CA-7%2C%20Ab7LZG-7XyQ%7CF%237XyQ%7CF7%20D7LZG-7%2C%20C7%20%7D%20%3D%3D0%3D0
592f1c7d-ecf1-4930-a38c-7243d3bd192b,irealb://First%20Moves%3DRollins%20Sonny%3D%3DMedium%20Swing%3DD-%3D%3D1r34LbKcu7L%20x%20Z4D-7%2CL%20lcKQyX7-DZL%20%20xZL%20x%20ZL%20lcKQyXZ%20x%20L4TA*%7BQyX7GyQKclZL%20x%20ZL%20lcKQyXG7B*%5B%20%20QyXQyX%7D%20%20%20x%20LZX7-DZcKQyXZ%20x%20L%20x%20ZL%20x%20ZL%20lcKyQX%2C7-DA*%5BZL%20x%20ZLZD-7L%20lcKl%20LZ%20x%20LZ%20x%20LZD-7XyQKcl%20%20%5D%20%3D%3D0%3D0
599850ba-f435-4135-bafe-84eb3507332a,irealb://Smooth%20Blues%20in%20G%20(Tom's)%3DComposer%20Unknown%3D%3DBlues%20Ballad%3DG%3D%3D1r34LbKcu77GZL%20%2C%20G9%2C9C%20%2C7CZL%20x%20ZL%2CG9%2C%20%2CGZL%2C9C%20%2CCZL%2CLZ%20xG44T%7BD%209bELZA-9%20%2C7GZL%2C9C%20%2C7CZ%2CL9D%20%2C7DZL%2C9-bA%20G9%2CLZ%2C9G%20%2C9%2C%20%7D%20%3DJazz-Slow%20Swing%3D80%3D20
59990402-1c63-45f4-967e-6363cbb02f09,irealb://8%20Bar%20Blues%20Vers.%207%3DRomenti%20Alessandro%3D%3DMedium%20Swing%3DC%3D%3D1r34LbKcu7A%207E%7C7XyQ%7C%7CQyX7D%7CQyX7E%7CQXy7A%7CQyX7A%7CQyX7DA7XyQD44T%5B7%20Z%20%3D%3D0%3D0
59da2c4b-df46-4e4c-bc19-ae7cd8a86bf7,irealb://Dixie%20Hoedown%3DMcReynolds%20Jesse%3D%3DBluegrass%3DG%3D%3D1r34LbKcu7GB*%7B%7D4GXyQLD%20G%7CQyXC%7CQyXGQ%7CyXD%7CQyXG%7CQyXC%7CZGXyQ4TA*%7BXyQ%7CB-XyQ%7CA-XyQ%7CGXyQ%7CDXyQKcl%20LZGXyQKcl%20%20%7D%20%3D%3D0%3D1
59da933c-52e2-4ce1-9abf-5bf64ca237a8,irealb://A%20Shade%20Of%20Jade=Henderson%20Joe==Up%20Tempo%20Swing=C%2D==1r34LbKcu71%237%5Eb4C%2D7XcKQyX11%237%5EbDZLx%20%20ZL%20x%20ZL%20lcKQyl%20LZE4TA%2A%7BGB%2A%5B%7D%2311LZL%20x%20ZL%20lcKQyX1%2317%5EbD%7CQyX11%237%5EDZ%20x%20%207%5EE%201%237C%7CQQKcl%20ZL%20lcKQyX7%5E%2DbBLZ%20lcKQyX9b31FZLGh7XyyX7%5EbD%2011%23%7CF%5E7%20QyX7%5EbEZL7%5EbE%20%2D7bB%7CQyX7%2DDZL7%2DD%7CGb%5E7%7CQyX9QyX7%2D1LZDb%20%2C9b7G%207%5EbAZL7b%5EA%207hD%7CQyX11%237%5E%5D%5B%2AAC1%237%5Eb%5EDZL1Z%20x%20L%2011%237%5EbEZL%20lcKyQX11%237%5EbDZL%20x%20ZE%5E7%231L%20lcK7%2311XyQ%7CDb%5E7%2311XyQKcl%20LZ%20x%20LZ%20x%20%20Z%20==0=0
5927b60e-66a4-4914-adcd-8a4657e82d24,irealb://Caravan=Ellington%20Duke==Latin=F%2D==1r34LbKcu7%20x%20ZL4C7b9%20lcKQyX9b7CZL%20%20xZL%20x%20ZL%20lcKQyXLZ%20x%204T%7BA%2A%20%3Eeni9XyQKL%20x%20ZL%20lcKQyX%2DZFL%20x%20ZL%20x%20ZL%20lcZ%20x%3CFb7CZLEZL%20x%5BF7Xy%20ZL%20lcKQyX7bBZ%20Lx%20ZL%20x%20ZL%20lcKQx%20LZ%20B%2AY%7D%20niF%20lKcl%20LD%3CQyX7GZL%20lcKQXy6bAZL%20x%20ZL%20x%20Z%2EC%2E%20aQyX7be%3E%7CDb7%20%20%20Z==0=0
59db1d8a-0e8b-4efa-910b-c6a2d4d2a977,irealb://Every%20Time%20We%20Say%20Goodbye=Porter%20Cole==Ballad=Eb==1r34LbKcu7bG%207%2D4Eb%5E7B%207%2DFZL7C%207%2DGZ7L%5EbA%20%2C7%2DGZL7%2DF%20b7LZG4TA%2A%5BL7obG7%20E%5E7bEB%2A%5B%5D%207bD%207%2DbZAL7bE%207%2DbBZL11%23%5E7%2FG%20%5EBZL7%237bGZBb7LZ%2DGZL7bD%207%2DbA%7CQXy7%5EbAZL7bE%207%2DbB7%20C7L%207%2DFZ7%2DFZL%7CF%2D7%20GZL7%5EbA%20%2C7%2DGZL%2D7F%207%5EbEA%2A%5B%5D%207bB%2D7%20C7QyX11C%2A%5B%5D%20ZG%2D7%20%2DbAZL7bE%207%2DbBZ1L1%237%5EE%207%5EBZL7bG7%20Db7L7bB%207%2DFZLbo7LZZL6%2DbA%207%5EbAZL7Eb%207%2DbBZL7bB%207%2DFG7%20C7G%207%2DG%20Bb7LZEb6%20Eb6%2FBbLZUEb6%20Eb6%2FBb%20Z%20==0=0
5979d842-0373-423f-b657-21f0742f57aa,irealb://Feels%20So%20Good=Mangione%20Chuck==Funk=F==1r34LbKcu7yX7%2DD%20%20sC%2F%2DAZLbB%2F7C%207C%7CQXy7%2DG%7CQyX7%2DDl%7C%2CE7XyQ%7CF44T%5BF%7CQyXXyQ%7CEQyX7%2DD%7CQyX9%5EbEQ%7CyX7%2DDZL9%237A%207h%7CEb%5E97%2DG%7CQA%2C%2DGsb%5E9Xy%2DGl%7C%2CA%2FFs%20%207%5EblB%7C%2CC%2F%2DDs%20%207%2DD%7CQ7XyQ%7CE%7CQyX7D%7CQyBo%2C%7ClX7C%7CQyX7%2DG%7CQyXD7%7CQyXF%7CQyXsus7CyQ%7CFX%2CbB%2C%2DXyQ%7CG%2D7XyQ%7CC9susXyQZ%20==0=0
593a10a3-8f69-4382-978e-048a94bc3f20,irealb://I%20Cover%20The%20Waterfront=Green%20Johnny==Ballad=G==1r34LbKcu77D%7CQy4E%2D7%20L7obB%207%2DBZL7%5EC7%20%5EGZL7D%207%2DAZL7AZA%2D7X4T%7BA%2A7D%207%2D7LZG%5E%207%2DBZL7D%207%2DA%5BB%7D%2A%209b7E%207hB%7CQyX7E7LZAD%20sus%207%2DE%5BXyQ%7CBD%207%2DAZL7E%207%2DBZ7L%2D%23F%207%5EAZL7E%207%2D7%20%5D%2AA7%5EGZLGUZL7%2D7%20D77D%7CQyX7%2DAZL7ob%20B7%2DBZL7%5EC%207%5EGZLsus%20DAZL7A%5E7XyQ%7CBh7%20E7b9%20Z==0=0
59dcb2d3-c5b2-4769-bdd3-223bddf3cb3f,irealb://S%C3%B3%20Dan%C3%A7o%20Samba=Jobim%20Antonio%2DCarlos==Bossa%20Nova=C==1r34LbKcu7%7CQyX64C6XyyX7G%7CQyX7%2DDZL%20clKQyX7D%7CQyX7F%7CQQ%7CN1C4TA%2A%7BQyX7%5E%7DXyQX7C%7CQyX7%2DGB%2A%5B%5D%20l%20cKQyX6C2NZL%20QyXyQ%7CFQyX7FQyX7DZA%2D7XF%7CQyX6CA%2A%5B%5D%20%20lKcQyX7G%7CQyX7D%7CQy7XyQ%7CL%20lcKKcl%20LZD%2D7XyQ%7CG7XyQ%7CUC6XyQ%7CF7XyQZ%20==0=0
598815f1-8363-478c-8497-f197d2a0e621,irealb://Ex-Amor%201%3DMartinho%20da%20Vila%3D%3DSamba%3DG-%3D10%3D1r34LbKcu7A%7CQyX%2CT44%3CG%20-G%3E...airatsgo%20%2Croma-xE%20%2027*7LZC-A*%2C%7BYQyXQyZG-Xy%20%2C7D%20-G1NZL7D%20Ah%7CQyX-CZL7G%20G%7CQ%7DXyQXL7D%20hB%2F-C%202G-%20Gmahnos%20erpmeSQXy66*%3C%2CB*%2C%7BY%5D%20%2C7os%3EC-N%7CQyXedaduh%20D7%2CodnauQ96*%3C%7CY%7D%207%2CG%20-GZL%2C7D%20-GZL%20a%20saAZL%2CbD%20hAZ-%2FBb%2CbBZL7F%20-C%7CQyX7ZGL%20x%20ZL%2C7D%20hAZL%20G-%2CLC%20-C%3Eotnem%20D7%2C%20leuqan%20apluc%20anhim%20a%20moC%3CQ%7CYY%5Des%20mo-GZL7s%20quentes%3EC-%20F7%2CLZBb%20G-%2CLZAh%20D7%2CLZG-%20G7%2C%20Z%20%3DJazz-Bossa%20Nova%3D140%3D3
59e0c26d-74b7-4e72-9c0a-9b4f04a39606,irealb://AB%202bar%20%2D%20C%20%2D%20MmD%20Rootless=JonBlanckMusic%2Ecom==Medium%20Swing=C==1r34LbKcu7x%20ZL%20B%2D9%20LZL%20x%20ZL%2031A%20ZLx%20%20ZL%209%2DF%20ZL%20x%20Z%20Eb13%2044T%5B%20x%20ZLb%5E9%20LZL%20x%20ZL%2031B%20ZLx%20%20ZL%2031E%20ZL%20x%20Z%20D%5E9%20E%20ZL%20x%20ZL%20%5E9%20LZZL%20x%20ZL%209%2DbB%20Z%20Lx%20ZL%209%5EB%20ZL%20x%20%20F%23%2D9bA%20ZL%20ZL%209b13%20LL%20x%20ZL%2031%23F%20ZLx%20%20ZL%209%5EA%20ZL%20x%20ZZ%20Eb%2DA%20ZL%20x%20LZ%20F%5E9%20LZ%20x%20LZ%20C%23%2D9%20LZ%20x%20%20Z%20==0=0
59055670-4a4a-44c7-aec6-629cdacbfb05,irealb://B%201bar%20%2D%20HS%20%2D%20Maj9%20Rootless=JonBlanckMusic%2Ecom==Medium%20Swing=C==1r34LbKcu7%5EbB%7CQXyQ%7CG%7CQyX9%5EbB%7CQyX9%5E%7CAQyX9%5EbA%7CQyX%2C9%5EB%5E9Xy9%5EbG%5B9XyQ%7CA%5E9XyQ%7CAb%5E9XyQ%7CG%5E9XyQ%7CGb%5E9XyQKcl%20%20%5D%20==0=0
59d0d60c-59b6-4290-8c40-448f399ab0f9,irealb://Raised%20By%20The%20Railroad%20Line%20(RBB)%3DCraft%20Paul%3D%3DBluegrass%3DF%3D5%3D1r34LbKcu7%20ttaMhe%20Re%7CdranoeL%E2%80%A2laH%7CkooB%20ssargeulB%20laArr.%20T45*%3CL%20.buer%2F%2F(uM%20VTA%2FynoS%20%20QXy2791%20%20QyX).deMsic%20PnnilFsp%7Cp%2CyQXyQ%20%5D%20xZLxZLx%7Cp%2CF44Ti*%5B%20QyXQyXQyX%20%7B*vFX%3E%20CL%2CC%7Cp%2CF%2Cp%7CF-D%7Cp%2C-DZLx%7Cp%2CFLZx%7Cp%2CCZLxZLx%7Cp%2C%2Cp%7CA-l%7C%2CbBBsZLx%2Cp%7Cx%20%7C%2CC%2C-G%7C%2C-A%2CbBsCS*%5B%20%20%5D%20x%7Cp%2CF2N%7DlF%2Cp%7CF1N%7Cpx%7Cp%2CC%7CG-%2CFxZLx%7Cp%2CFl%7C%2CbBs%7Cpp%2CF%5B%5D%20x%7Cp%2CCl%7C%2CLZxLZ%2C-A%2Cb%2CFl%7C%2C%7CxLZDp%2CFv*%5B%5D%20x%7Cp%2CF%7CQp%2CC%7Cp%2C-AZLx%7Cp%2C-%7CpsBbp%2CFZLD%3Cx%7CpF%2Cp%7CxC%7Cp%2C-AZLx%7Cp%2C-DLZx%7Cp%2CFZLx%7Cp%2CCZL%2Cp%7CF%2CZLx%7Cp.S.%20al%20Coda%3E%20%5D%5BQF%2Cp%7CxLZA-%2Cp%7CC%2Cp%7CF%2Cp%7Cx%20Z%20%3DPop-Country%3D180%3D1
592caac1-077c-42b2-ba8e-3185dd3fc6eb,irealb://Sin%20Lagrimas%20%20-%20%20T%3DCharlo%20%2F%20P.%20Contursi%3D%3DTango%3DG-%3D8%3D1r34LbKcu7AZL-G4G-Xy7F%20-C%7CQyX-CZL7%20G5b7DZL7D%207bE%7CQLZBb%204TA*%5BX-GZL%7CD7Xy%7CQyX-CZL7G%207hDLZ7D%207bE%7CQyX-G%7CQC-%20D7QyX7h7bE%7CQ7%20D7LQyX7DZL7bE%20-G%7CyQX-GB*%5B%5D%207D%20-GZ%7CA7XyhA%7CQyL7bE%20G-XyQyX-GZL%20lcKQyX-%7CCQyX7GZL7G%207hD%7CQ%7CAh7ZL7D%20X7G%7CQQ%7CG-XL7D%207bE%7CQyX7A%7CyQX7DZL7bE%20-G%7CQyZG-XyyX7DZyQ%7CDh7%20G7LZC-XyQ%7CC-%20F7LZBb7%20Eb7LZAh7%20D7LZUG-XyQZ%20%3DPop-House%3D110%3D3
59a77409-2b27-4b98-83b1-d58122be78c7,irealb://Chacarera%20Para%20Mi%20Vuelta%20%20-%20%20F%3DOnofre%20Paz%2C%20Marcelo%20Ferreyra%3D%3DChacarera%3DA-%3D10%3D1r34LbKcu7%20QyXQ7XyQ%7CX7-A%7CQyX7E%7CQyX-7A%7CQyX7E%7CQyX7-AyQ%5DXyE43T%7BY%7DQyXXyQKcyX7EZL%20lcKQyX7ZGL%20lcKQyX%5EFZL%20lQ%7CA-77-A%5B%20A%3EniFyQKclQyX7EZL%20lcKQyXG7ZL%20lcKQyX%5EFZL%20%7C%2CU%2C%3CX7-A%5B-7XyQZ%20%3DLatin-Argentina%3A%20Tango%3D90%3D3
59aaaaa8-3ac8-46e4-8470-feed3e30ba5e,irealb://Moon%20River%20%28Andy%20Williams%29=Mancini%20Henry==Waltz=C==1r34LbKcu7F%7CQyX34%3C%2A6yX7%5EC%3Empb%20021%20%20%2Frojam%20CQyXQyX6Q%7CA%2D7TSA%2A%7ByX9b7XyQ%7CC7hB%7CQyXE%2F7%5EC%7CQXy11%237%5EF%7CQyXE%2F7%5EXyQ%7CE11%237%5E7h%23FZA%2DXyQ%20%2DA%7CQyX11%237bB%7CyQX7%5EF%7CQyXG%2F7%2DA%7CA%2D%2FGL1N%5B%5DQ%7CQyX7LZE%2D7yXG%2F7%2DA%7CQyX7%2DAN2%5B%7D%207G%207%2DDZL7A%20Q%7CF%23h9b7B%207E%287%2D1XyQ%7C7F%7CQyXE%2F7%5EC%7CQy1X1%237%5EF%7CQyXE%2F7%5ECXyQ%7CE1%237%5EFZL%20lcQ%7CA%2D7G%7CQyX6C%7CQyX7G%7CyQX7%2DD%7CQyX%299%237A%287XyQKyX%299%23F7%20U%20%3C%2A63D%2ES%2E%20al%20Fine%3E%20Z%20==0=1
598ff0bd-58d3-4aa4-b3e3-fe9bb2a20da0,irealb://It%27s%20A%20Man%27s%20World=James%20Brown%20%28Brown%2DNewsome%29==Soul%20Ballad=Eb%2D==1r34LbKcu7X%2DbEB8Eb%2D%2C%20%20bDZLf%20%207bBZLb%2CA%2FW%20%2CbGZL%2CF%2FW%20f%20%5D%5B%2A6Ti%2A%5B%29sus7%2D7XyQBZL%20lcKQyX7%2DbAQ%7CyX7%2DbB%7CQyX%2DbE%7Cb7%28BbbB%7CQy%2DbEA%2A%28Bb7%297%2DbB%7CQyX%2DbE%7CQy7X%2DbB%7CQyX%2DbEZL%20xXyQ%5D%7B%20%7CQyXB%7CQyXb%2D7XyyX7%2DbB%7CQyX%2DbE%7CyQX7%2DbB%7CQyX%2DbE%7CQQ%7CEb%2DB%7CQyXyX7%2DbQ%7CEb%2D%2DbE%7CQyX7%2DbB%7CQy%2DXbE%7CQyX7%2DbB%7CQyXXyQ%7CByX7%2DbX%29susXyQ%7CBbBZL%20lcKQyX7%2DbCA%2A%5B%5D%297%2DA%28QyX7%2Db7%28Bb7%2DbE%7CQaepeRBb7%29xX7%2DbB%7CQyX%2DbE%7CQXy7%2DbB%7CQyX%2DbEZL%20yQ%7D%7B%3C%28%20%7CQyt%20and%20fade%20out%3EEb%2D7XyQ%7CBb%2D7XyQ%7CEb%2D7XyQ%7CBb%2D7XyQ%7D%20=Pop%2DRock%2012%2F8=58=1
598208b5-5e62-40ce-8b16-6a037ecbdcdb,irealb://Na%20Na%20Hey%20Hey%20Kiss%20Him%20Goodbye=%28Leka%2DFrashuer%2DDeCarlo%29%20Steam==Pop=C==1r34LbKcu7XC%7CQy4CXyQyXbE%7CQyXCB%2A%7B%5DQXyC%7CQyXbB%7CQyXbE%7CQ%7CBbX4Ti%2A%5BQyX7%2DACXyQ7%2DA%7CQyXCZL7G%207D%2D%7CQyXCZL7G%207%2DD%7CXyQ%7CD%2A%5B%5DQyC%2F%2DF%7CQ%5D%5B%2ACF%7CQyXC%7CQyX7D%7CQXy7%2DA%7CQyX7E%7CQyXF%2FCXyQyX7G%7ClcKQyyQ%20%5B%2ApOQyX%3C%7B%7DQyXC%7CQXybB%7CQyXbE%7CQyXCBen%3EnXX%5DQyXdna%20tyQKcl%20%20QyXQyX%3CbB%7CQybXE%7CQyXC%2CB%2A%2C%7B%7D%20%20RepeaXnZL%20%20Fade%3EXyQ%7CCXyQ%7D%20==0=0
593b455c-9c80-4489-b23e-338aede85922,irealb://Anlamazd%C4%B1n%3DA.Dikmen%3D%3DNihavent%3DD-%3D%3D1r34LbKcu7%20bB%20Z*66MeL%20C%20ZL%20-G%20%7CD/WA%2C/W%2CD/W%2C-D%3EidolZ%20F%20L%3C44T%5B-DZL%207b5%20L%20-G%20ZL%20-D%20%2CS%2CA%2C*%7B%5D%20%20-D%20ZL%207A%20ZLZ%20A7-E%20ZLL%20-G%20%2C%7C%20B-%20%2CB*%2C%5B%7D%20%20-D%20ZL7%20A%20ZL%207E%20ZL%205b7D-%20LZC/W%20%20doleMZ%20F%20L%3C%5B%5D%20%20-D%20ZL%207A%20LZ%205b7-E%20ZL%20bB%20Z*66A.L%20C%20ZL%20-D%20%20LZ%20G%20ZL%205b7-E%20ZL%20b%20BZL%20F%20ZL%20C%20ZL%20-A7%20LZ-D%20%3EiD%20ZL%20LZ%20G-%207E%20ZL%205b7-B%20%7C/CW%20%20-DZL%207A%20ZL%20LZ%20A7%20-D%20Z-%20%20%5DXyQXyQXyQXyQXyQ%2CS%2C%20%3DJazz-Medium%20Swing%3D100%3D3
59e651d4-f74b-40b8-8271-617d4f0f83df,irealb://Abri%20A%20Porta=Dominguinhos==Xote=G==1r34LbKcu7EZL%2DE4G%5E7%207%5EGA%2A%7B%20QyX%7D%207%5EZGL7D%20%2CCZL%2DEZL%2CF%20F%2CLZ2TC%2A%7BZL7G%20LZC%5E7%2DEZL%2DEZL%2CF%207%5EGLZ7D%207%2DAZLxZLxZLLZD%2D77DZL%2DL%2DE1NLZxLZL%2CF%207%5EGB%2A%7B%20QyXLZxZL7%5EC2N%7D%20xZLxZE%2DLZ7%5EC1NGA%2AZLLZxLZZL7%5ECZL7GZLGZLD7ZL7A2N%7D%207DZL7AD7LZ%20xZLxZZL%2DEZLZE%2DL%5EGZL7D%207%2DAZLxZxLZL7%5ECZL7DZL%2DEZ7%20F%2CL%2CF%207%5EE%2DLZD%2D7%20G7LZC%5E7LZx%20%5D%20=Latin%2DCuba%3A%20Bolero=60=0
59ec3c82-4a92-4efc-8844-2ad68a1e0d7d,irealb://Chorando%20Baixinho%3DFerreira%20Abel%3D%3DChoro%3DF%3D%3D1r34LbKcu7A%2CG/724sD-A/7bB%7C%2CA/7F%2CbB%2C%7CC/7F%2C-D%7C%2C9b7A%2Cb%2CLZATSA*%7BF%2CbB%7C%2CBh7%2C%2C-D%7C%2C9b7A%2C-D%7C%2CC%23/W%2C7A%7C%2C7E%2CE/A%7CF7/C%2C-D%7C%2C7NB*%5B%5DBb/AbniF%3C%7C%2C7A%2CbE%7C%2C6Bb%2C-D%7C%2C7A%2CG/AZL%2Ce%3ED-%20%7C%2CA/7b7El%7C9LZA-/7hBsZL7BZL-AZ6L-DZL-DZL9b7AZLF%2CE7%2Cb7El17A%2CDsLZA7b%7D%20%2C-Al%7C%2C7E%2C7FsLZ-AZL6-DZL-DZL9%5B*CN2-AZL97A%2C6--%2C%7CB-%7C%2C7-B%2CD%7C%2C6-G%2C-%7CE%2C9b7B%2C7B%7C%2C7%23F%2CE7LZGG%2CD%7C%2C7E%7C%2C7A7%2C%7CD%2C6-G%2C-E%7C%2C9b7B%2CB7%7C%2C7%23F%2C-B%7C%2C6-G%2C%7CD%2CB-%2CD%7C%7C%2C%2CA7%2C%7CD%3CD.C.%20al%20Fine%3E%20Z%20%3D%3D0%3D0
59319205-bcca-4ba6-a514-5591bccce1bb,irealb://Salve%20Copinha%3DPascoal%20Hermeto%3D%3DChoro%3DG-%3D%3D1r34LbKcu7L9b7AEh7%20A%7CQyX*%2B7*FZL7C%20G-ZLC/-D%20-DZL9b7%7CEh7%2042TS%5BQyX9b-/CLZX9b7EZLC/-D%20-DQ%7CyX9b7A%7CQyX9b7EyQ%7CA7D%20-DZL9b7AA7b9LLG/6-C%20G/bE%7CQybXA/bBZLC/-D%20-DZZEh7%20%207hE%7CbBZL3%20%20S%20%7DhCZL9b7G%20hDZL97bA%207hE%7BQyX-G2N%7C%20F7b1-G1NZD%20-bB%2CEb-%2CF%2ChC%20*%2B7*bD%7C%2C7Ab%2C7-bE%207bD%7C%2C7bA7b9%2C%7C7bD%2C-QyX9bZGb*7XF/-D2N%7C%7D%209b7A-%20bB1NZL31b7F%20*%2ByQ%7CA7LbA/b-D%7CQyb13Xy7E%20hBZLC/-D%20-DLZ7A%207-E%7CQyX-G%7CQLZA7X9b7D%7CZLbA/LZG-XFZLbB/C%20hBZLtl7aA%207A%7CQyX7hE%7CQy/A%20BbC/-D%20G/7A%20A7/GLLbA/bB%20A/FZLbBC/%20hBZLC/D%20F/-DZZEb/G%20G/bELZD-/F%20D/C%2CS%20%5D%7C%20%3DJazz-Medium%20Swing%3D100%3D3
5999bcdd-2fb6-4c0a-8891-2f0e25cd2252,irealb://Tom%20And%20Jerry%3DComposer%20Unknown%3D%3DOld-Time%3DA%3D%3D1r34LbKcu7B*%7B%7D%2022AXyyXA%7CQyXA%7CQyXA%7CyQXE%7CQyXA%7CQyXA%7CQQ%7CE%20ATSA*%7BeniF%20%7CD%2CXy.D%3C%7CQyXE%7CQyXD%7CyQXA%7CQyXA%7CQyXE%7CQS.%20alQyX%2CA%20%2CA%20E%7D%7B*CA%7CQyXA%7CQyXA%7CQyXA%2C%7CQyXA%7CQyXA%7CQyXAXyQ%7C%20A%20%20%3E%7D%7C%3CFine%3E%20%3DPop-Country%3D230%3D1
59359291-9f02-4cc4-9c21-a8be4002f0de,irealb://I%20%C3%B8sten%20stiger%20solen%20op%20Kubys%20arrang=1837%20weyse==Medium%20Swing=G=0=1r34LbKcu7D%20%2C%2DA%C3%B8%2D%20st%2Dos%3CZL%2DE%20%2CG%3E%20rge%2Dits%3C%20%2CD%20%2CG%3Enelen%20%3E%3C44T%5B%20%2C%23F%2FDLZG%20%20D%3Esabmiced30%2AZ%3CL%23C%2F7A%20%2DE%20%23F%2FDE%2D7%20D%20%2CG%20%2C%20n%20G%20G%20C%20DZL7D%20D%2FG%20C%20GZLF%23%2FD%20D%20G%20B%2FGZLC%2FG%20C%2FG%20CZLnZ%20=Jazz%2DBallad%20Swing=60=3
592ad455-f081-496d-a560-22b1920c3e9f,irealb://Red%20Haired%20Boy%3DTraditional%3D%3DFiddle%20Tune%3DG%3D9%3D1r34LbKcu7B*%7B%7D%204GXyQQyXGZLC%20G%7CQyXGQ%7CyXF%7CQyXGZLC%20G%7C%7CD7%20G4TA*%7BD-XyQ%7CCXyQ%7CGXyQ%7CFXyQ%7CGXyQ%7CG%20CLZGXyQ%7CD7%20G%20%7D%20%3D%3D0%3D0
59f97d44-129c-4139-b294-2aecf6ecd37d,irealb://Blackbird%3DThe%20Beatles%20%28Lennon%2C%20McCartney%29%3D%3DFolk%20Rock%3DG%3D%3D1r34LbKcu7B/G%2C-4sG%2CA3TA*S%7B%20%20QyXQyXQ%5DyXGl44TZLB/G%2C-4sG%2CA3Ti*%5BA%20Dl4lGXyQL%23D/-E%20-El%7C%2C%23D7/Bs%2CD%2C%23C/7A%2CCs%7CZY%7CT244TZLp%2C7AsZT44l%2CCs1N%7CYZLQ%2CG%207ZDL7A%20B/GlZL-C%20CsG/B%2CL%23C/7%206bBlG%20%7DN2D%2CE/C%2CFs%7CZLC%206Bbl%7C%2CC%2C-D%2CE/C%2CFs-%2CC%2C%7C%207Dl%7C%2C-D%2CE24lD744TB*Q%5BY%20QyX%5DQXy%3EadoC%20la%20.S.D%3CsF%2CC/TZL7AA%2CGs4b6%20CLX7Dl42TZL7A%206blB%7C%2CC%2C-D%2CE/C%2CFsZyQ%7CT3Bl%7C%2CCTA*%5B%20%20%7BT44A%2CB/G%7C%2CC%2CB/G%2C-%2CAGs%7C%7D%20%20lcKQyXGl7%2CD7%2CB/G%2C-%23D/-EA-%2CG/%2C%23D/7Bs%2CD%2C%23C/7%2CACs%7CQyXGl44TZLB%7ClE-%20%2CGs437A%2CB/lD%20A7%20%2CG%207DZL7A%20B/GZlL-C%20Cl44TZL%23C/%7BsC%2CG42TZLLZlD7%20G%20%7D%20%3DPop-Rock%3D90%3D1
596cbb34-ec01-472e-b906-be013bd10547,irealb://Let%20It%20Be%3DThe%20Beatles%20%28Lennon%2C%20McCartney%29%3D%3DRock%20Pop%3DC%3D%3D1r34LbKcu7%2C7%5EFs4C%20GLG%20CA*%7B%5D%20C%20FZLGC%20l%7C%2C6F%2C7%5EFs%20-AZLZA-%204Ti*%5B-AB*%5BC%20GLZZLG%20Cl%7C%2C6F%2C7%5EF%20s-AZLG%20C%7CZLC%20%2CFF%20C%20%5Dl%7C%2C6FFZLG%20ZF%20CLF%2C7%5EFs%20-AZLG%20C*A%5B%5D%20%2CC%20FZL7G%20CZ6%2C%7ClCLG/C%20ZLC%20F%7CC%20GL%20-AB*%5B%5D%20C%20FZLGC%20l%7C%2C6F%2C7%5EFs%20-AZC/GLZZLC%20%2CLC%2CF%2CZF%20C%2CF1NZL%2CC%20FZL7G%20ZCLC%20FZLG/C%20-AZL%20CLZGL7G%20C%2CF%2CGZZG%2CF%2CZLC%20FZL7G%20CZLCF%20ZLG/C%20-A2N%5B%7D%20C%7CF%20CLLC%20FZC%20Z%20%3DPop-Rock%3D72%3D1
590f0ae0-1d69-44a5-96ce-fcbfd5dfb331,irealb://Super%20Mario%20Bros.%203%20-%20Ending%20(Part%201)%C2%A0%20(vgls)%3DKondo%20Koji%3D%3DMarch%3DC%3D0%3D1r34LbKcu7%2C-A%2CC4n%20%20so%23D%2C-Ds%20ClA*%5BQXyQyXQyXQyX%5DB%2F7G%2C%7CE-%2C4Ti*%5B-E%7C%2Co%7CD-%2FFs%20ClA*%7CB%2FG%2CCs%20G7l%7C%2CF%2F7G%2C-D%2C-E%2CD-%2CD%23%2CG%2F-EyX7El%2CE-%2FGB%2F7E%2CCs%207Gl%7C%2CF7%2FG%2C-D%2C-E%2CF%2F-D%7C%2C%2C%5D%5B*B-A%2CC%2C*%5B%5DB%2Fus%2CE%2F%20G%2FCl%7C%2C-F%2CbA%2F-%2CF7G%2CF%7C%2C7G%2C-A%2C%23GG%2FF%2CGsAs%7CQCs%207GD-%2CD%237G%2C-D%2C-E%2CF%2F-D%7CG%2C%2F-E%2C-A%2CC%2C-E%7C%2Co%2FF%2C%7Cls%20ClA%2CG%2FB%2CZ%20%3DJazz-Even%208ths%3D114%3D4
59bb7c3a-6e49-4d6e-b14a-696d9544cb67,irealb://All%20God's%20Chillun%20Got%20Rhythm%3DKahn-Kaper%3D%3DMedium%20Up%20Swing%3DF%3D%3D1r34LbKcu7ZL7-DAF%5E7%20L7C%207-GZL9b7D%20-7AZL7C%207-GZL7-DZF%5E7%20*%5B44TZL7C%207LZAh7D%207-AZL7E%207hB*B%5B%5DQyX9b7D%7CQyX7LZG-7C%207-G7C%207-Q%7CA7XD%207%5EFA*%5B%5DQyX7CQ%7CyX7G%7CQyX7-D%7CQy-7LZGyX7%5EFyX9b7%20D7b97hAZL7C%207-GZL7D-%207%5EFZL7C%207-GZLXyQ%7CD7-AZL%7CQyX7Bh7%20E7-GZL7D%207bEZL7%20C7-GZL7D%207-AZL7XyQ%7CCC*%5B%5DQF6%20%20%28D7%29LZ%20%28G-7%29x%20%28C7%29%20Z%20%3D%3D0%3D2
596a60c3-c95f-48ad-911c-1d7770058441,irealb://Indiana%20%28Back%20Home%20Again%20In%29%3DHanley%20James%3D%3DUp%20Tempo%20Swing%3DF%3D%3D1r34LbKcu7yX7%5EF4F%5E7%20C%7CQyX7-GZL%20lcKyQX7G%7CQyX7DZL7bE7XyQ%7C4T%5BA*%20lcKQ%20F7LZQyX7D%7CQyX7%5EFZLb7E%207-bB%7CQyX7%5EbB%7CG7Xy7-C%7CQQyX7hXyQ%7CCcKQyX7G%7CQyX7DZ7LbE%207%5EF%5BB*%5DQyX7l%20LZE7-GZLBZLC/XyQ%7CDDZL7A%207hE%7CQyX-ZDL9b7A%207hE%7CQyX--%20D-79b7A%7Co7XyQ%7CA-7%20D7LZG-7%20C7LZF6%20F%23o7LZG-7%20C7%20Z%3D%3D0%3D2
597a3180-d490-4c39-8501-958d0b0c6eb6,irealb://After%20Hours%201%3DRonny%20Jordan%20Chart%20By%20Teddy%20Diaz%3D%3DR'n'B%3DB%3D%3D1r34LbKcu7%23G/%23F%20F%23/GZL%2C%23G/%23F%209-%23CZ%2CL%23G/%23F%209-%23CZL%2C%23C%23-9%209-%23C%7B%20%2C%23G/7%20G%23-%23CZL%2C%23G/%23F%209-%23ZCL%2C7-%23F%207%5EGZL%2C7-9%20F%23%5EAZL%2C%7D%2C%20%3DPop-RnB%3D89%3D1
59936cea-4977-4e71-a258-085e571da7dc,irealb://Here%20There%20And%20Everywhere%3DBeatles%20The%3D%3DMedium%20Swing%3DC%3D%3D1r34LbKcu76*%3CA**69InX%7CrQyXZL%2C%5EF%20*mE*ZL%2C*m*D%20%2CC%3EortyQ%20%5D%7B%3C44T%5BD%2FW%20*%3EC%20D*xZL%2C7E%20hBZL%20%7CrZ%20L%2C%5EF%20*m*EZL%2C*mLZA*m2%2C1%209*m*FZ%2C%20%7DXyCZL%2C7G%20*m*FZL%2Cm**C%20bEB*%5B%20%20QyXQ*m*%2CL7GZL%2CL%2C7E%20%5D%20%20%5B*%7Cr%20ZL%2C%5EF%20*m*EZ%2CL*m*D%20C%3E3%2096*%3CA%20LZBh%20%2C7G%20r%20ZL%2C*m*%2CL*EZL%2C*m*D%20CC*%5BQ%20yXQyXQyX%5D%20%2C7GZm*%20F%5EAZLxZV96*%3CyQ%20%3C*yXQyXQyX%3E2%2096*A%3C*YYQyX%3EONAIP90QXyQ%20X%5D%20%20%7C%20A*%20%20XyQ*B%20QyXQyXQyX-%20%203%20%20QyXQyX-QyX96*%3CCoda%3E%3ELACO%20*C%20%3D%3D0%3D0
59888e25-89fb-4379-acb8-52be2d960e82,irealb://Nobody%20Else%20But%20Me%3DKern%20Jerome%3D%3DMedium%20Swing%3DEb%3D%3D1r34LbKcu77-EZL4Eb%5E7-F%7CQyX7bB%7CQyX7F-ZL7C%207-GZL7bA%207%20Bb74TA*%5B7%5ED%7CQD%5E7XyA%7CQyX7%5EGB*%5BY%5D%20D7%20%2911%237bA%287-A%7CQbo7XyZL7A%20%5EbEA*%7CGb7/X7bB%7CQyX7-F%7CQy7XF%7CQyX7-C%7CQyXbByQ%5DY%5BQyXA/X7-bBLZG-77-CZL7G%207-F%7CQy7XbB%7CQyX7-FZL7C%20%20B7LZ7bA%207ZL7C%207%28E-7L7bD%207-bA%7CQyX7b%5EAC*%5BY%5D%20%297A%28%20%20%29ZEb%5E7bE%7CQy7bB%207LZEb%5E7-F%7CQyX7obG%7CQy7X-F%7CQyX7oE%7CQyX7XyQ%7CB7E%207FLZEb6%20%20%28Gb%5E7%29LZ%20%28B%5E7%29x%20%28E%5E7%29%20Z%20%3D%3D0%3D0
59ef7922-a640-489b-baaf-575b15c9069d,irealb://Hello%20Dolly%20-%20www.tradjazz.ru%3DHerman%20Jerry%3D%3DMedium%20Swing%3DBb%3D%3D1r34LbKcu7%7CQyX74BbXyXobD%7CQyXD/bBZLl%20cKQyX-GZL%20lcKQyQ%7CC-4TA*%5BLobD%20%7CC-7XyX7F%7CQyX7-CZL%20clKQyXbAZL%20lcKQyQ%7CD-7QyX7FbE%7CQyF7%20%5D%5BQyX7-FZL%20lcKQy-XGZL%20lcKQyXbBB*%7CBb7X%207-CZBZLQ%207XyQ%7CyX7C%7CQyX7-D%7CQy-XG%7CQyX7-D%7CQyX-GQ%7CF7%20D%7CQyX%2CoE%2CboLZC-B%2CbBsZL7FZL7CZ7LFZL7CQ%7CYZ%207F%207b/D%2CEbD%206b%7CBb/F%2CF7%2CU%2ClBb6%20Z%20%3D%3D0%3D0
59bb32c5-7139-480d-8aa3-5e2eb494c012,irealb://Indiana%20%28Back%20Home%20Again%20In%29%20-%20www.tradjazz.ru%3DHanley%20James%3D%3DUp%20Tempo%20Swing%3DF%3D%3D1r34LbKcu7yX7F%7C4FXyQQyX7C%7CQyX7-GZLl%20cKQyX7G%7CQyX7D%7C%7CFXyQ4TA*%5B%5DQyX7yQ%7CBb7-GZL%20lcKQyX7GQ%7CyX7D%7CQyXF%7CQyX-XyQ%7CCXbB%7CQF%7CQyXyQ%7CD7yX-DZL%20lcKQyX7ZAL%20lcKQyX7G%7CQyXQ%7CDb7XFB*%5B7C%207-%7CA7XyF%20F%7CQyX7C%7CQyXCF/%7CQyXoB%7CQyX-D%7CQ%23oLZGQyXC/%20Z%20%3D%3D0%3D0
59d530fe-bb3c-4af2-a0f5-8dafd520a212,irealb://Emily%3DMandel%20Johnny%3D%3DWaltz%3DG%3D0%3D1r34LbKcu7QyX7-T34A-7%5EGA*%5B%7CQyX7D%7CQXy7%5EG%7CQyX7D%7CQyX7XyQ%7CE%2Ci*%2C%5B%7CQyX7yQ%7CD7%5DQyX7F%7CQyX7%5EC%7CyQX7G%7CQyX7%5EG%7CQyX%5B*BE%5EX7-A%7CyX5%237yQ%7CF%237-A%7CQyX7A%7CQyX7E-%7CQyX9b7B%7CQyX7-XyQ%7CDX7-%23CyX7%5ECG%5E7XyG%7CQyX7%5EG%7CQyX7DQ%7CyX7-A%7CQyX7-E%7CQ7XyQ%7CA*%5B%5DQ7D%7CQyyQ%5D%5B*QyX7E%7CQyX7-B%7CQXy31b7%23F%7CQyX7-EC%7CA-7XX7B%7CQA%7CQyXh7XyQQyX7-B%7CQyX6-C%7CyQX7h%23C%7CQyX9b7E%7C%7CE7b9B%7CQyX-7XyQ%7CD7XyQ%7CG%5E7XyQ%7CD7XyQZ%20%3DJazz-Medium%20Swing%3D100%3D2
599458f8-d6f3-44a2-b0d5-cb0f5bad1ee5,irealb://Who%20Can%20I%20Turn%20To%3DNewley-Bricusse%3D%3DMedium%20Swing%3DEb%3D%3D1r34LbKcu76bEA*T44EbB%207-F%7CQyX6bEZLb7B%207-FZL7o%23F%20G/b7LZ%5B%2Ci*%2C%5BQyX7-l%20LZF%5EbA%207-GZL7-F%207b%5EE%7CQyX7bB%7CQyX7-7LZBbcKQyXhD%207%5EyQ%5D%5B*X7-C%7CQyX7-GZL97%23D%207-F%7CQyX7%5EbAByQ%7CAbX7bE%7C7bB%7CQ7%20C7LZL%20lcKQyX6bEA*%5D%5BQyX7bB%7CQyX7-FZF-7Xy-GZL7%7CQyX7b%5E7%20F%5B%5DQyX7bE%7CQyX7-BbZL7%5EbA%207-GZL7-*CAb%5EE%7CQyXX6bEZ7b9LZ7-FZL7o%23F%20G/bELZ7o%23F%207F%7CQyX7-C%20Bb7LG%207hDyQ%7CF-7%20Bb7%20Z%20%3DJazz-Medium%20Swing%3D100%3D2
59b25112-15b0-4b2f-b841-bf2b8a466f92,irealb://When%20Sunny%20Gets%20Blue%20-%20jsb%3DFisher%20Marvin%3D%3DBallad%3DF%3D%3D1r34LbKcu77-bBs4G-7%20L7D%207-AZL7-G%207F%5EZL7bE%207-bBZL7CZBh7%204TA*%7BX%7D%209b%7ClF/AAl1N%7C%2C7bB%2C7Cs%20-7Gl%7C%2C7bD%2C7-bAs%20-7%20D7%2C7bE%2CA%207-EXyQXy7-%23FZL7-E%207%5EDB%5B*%5D%209b7A%207-E2N%7CQ%20B7LZQyXQy%5B%5D%207C7XyQ%7C%7C%2C7G%2C7-Ds%207%5EFZ7L-A%207%5ECZL7G%207-DlG-7%20%5EDZL77bE%2C7%20C7LZ7hBZL7D%207-AZL7G-%207%5EFZL7bE%207-bB%20sBb-7-GA*%2C%7ClF/A%20sAb-7%2CDb7%2C%7ClG-7%20C7%239LZF%5E7%20sA-7%2CD7Z%20%3DJazz-Ballad%20Swing%3D60%3D3
594c785d-4a4e-4a5f-a0d0-fa3920108a3c,irealb://Agneau%20De%20Dieu%20-%20Messe%20Du%20Frat%20D%2041-57%3DGrzybowski%20Laurent%3D%3DMedium%20Swing%3DF%3D%3D1r34LbKcu7*D%207A4%3C92%20G%20bBZL*m*D%207AZbLB%20F%3Eerion%20al%20%C3%A0*m*LZ4T%7BYYm*%2C%3C6x%3E%20%7D%20%3DPop-Rock%3D115%3D3
593d1b0d-31e3-4ebe-a223-60709ac529c1,irealb://Amamos%20Tu%20Presencia%201%3DMiel%20San%20Marcos%3D%3DGospel%20Ballad%3DC%3D0%3D1r34LbKcu7eucnE4B%20sCA*%7B%7D%20%20%3E4X%20QyX8*4%3C%20Al%7C%2C%23G%2FEs%2C-%23%3C*66%204Ti*%7Brerrosanid%7B%7D%20S%20%20A%7CQyXB%7CQXy-%23C%7CQyXE%3E...da%3C*66C%20ortnsomamhacia%3CB*%7B%7DQyXAl%7C%2C%23GE%2F%2C-%23Cs%20B%3E...it%20*69%20A%20some*%3C%7CQyresenXA%7CQyXBZL-%23C%20E.%3E...SOID%20ho%20aicyQ%7CEXp%20ut%20B%20A%7CQamos%20-%23C%20E%3E....SOIDh%20o%20aicneserp%20utLZBXymA%2096LZN1E%20%3C*51%20%20To%20A%3E%20%20%7D%7CN2F%23-%20%20%3C*66%20To%3E%20ZS%20%3DJazz-Ballad%20Double%20Time%20Feel%3D60%3D3
591e9eb9-914d-4505-8efe-7fd0a774820f,irealb://Conv%C3%A9nceme%202-2%20%28balada%29%3DMontaner%20Ricardo%3D%3DPop%20Ballad%3DEb%3D1%3D1r34LbKcu7bE%3Ela-7XyQrtsnI66*%3C%5B%5DQyXBb%7CQyXbA%7CQyX7-G%7CumentF44T%5BZL%20lc-XyQ%7C-GZL%20lcKQyXbEA%5B*%5DQyXbB%7CQyX7%5EbA7XyQKC%7CQyXZLB/%2ByQKclL7G%20G%7CQyX7-F%5B%5DC%20%20%2BCZLC%20susCZL%20ZC-%20GX7-bB5%237G%7C%20Ah7LSB*%5B%5DQyXbB%7CQyXAb/-FZL%20lcKQyXFZEbXyQbB/bEX-CZLQ%7CC-7%7CQyXsusbBZL%20lcQKyX7-FZL%20lcKQyXBb%20BoyXbE/XbB%7CQ/BXyQQyX7-G%7CQyX7-F%7CyQX7hA%7CQyXbB/bE%7C%7CAbXy%2BG%7CQyyXE%7CQ*66BrQyX7-A%7CQyXC%7CQy-XG%7CQyX%2C7-D%3Eegdi%7CBbXy%3C%5B%5DQyQ%7CAXyQ%7C%3CD.S.%20al%20Fine%3EBbXyQ%5D%20%3DPop-Rock%3D115%3D1
594cfc14-6cff-4915-8ca1-0649c9b3731e,irealb://Locos%20Los%20Dos%3DEnrique%20Luis%3D%3DMedium%20Swing%3DF%23-%3D%3D1r34LbKcu7%20lcKQ4W%2CW%2CFA*%7B%5DQyX7-%23FZLl%20cKQyXEl%7C%2C7Bs%2CW%23-7Xy4Ti*%5BCs%20%20%237XyQ%7C7%23C%7CQyX%23G/sus7C%23l%7C%2C%23Cs%20%20sus7%23Csus/Gh%23GZLF%7CQyX%237susZL%20QyXQyX%7DQyX7%23-Fl1N%7C%2C%23Cs%20%20%23G/N2B-6Cl%7C%2C%23Fl%7C%2C7%5D%7B*BSD1N%7CQyXEZL%20lcKyQX-%23FZL%20lcKQyXE%20%20sC%23QyX-%23D%7CQyXKcl%20%20*%7B%5D%20Q%20lcKQyX-%23ZFL7%23C%20D2NZLQyX%7DAF%23-7QyX-%237h%23G%7C%7CG%23h7s7%23C%7CQyX7h%23Gl%7C%23%2CCs%20%20sus7%23C%7CQyXusXyQQyX7%5EoC%20laZN1F%23%3C%20%20-%23F%7CQyX6-B2ZNL%20QyXQyX%7DQyX9-D.S.%20L7%23C%20da%3E%20%5D%7B*CQEhXyQKcl%20LZF%23-XyQKcl%20%20%7D%20%3DJazz-Medium%20Swing%3D100%3D3
590b8da0-68fc-4335-bed0-66a2e2c330e8,irealb://Ser%C3%A1%3DGilberto%20Santa%20Rosa%3D%3DBolero%20Pop%3DG%3D%3D1r34LbKcu7*%5B%5D%20D4G%20D/-CZLC/7-A%20%23C/7ZALD/7-E%20-EZL%2C%23F6/Eb%204Ti*%5B7-A%207%7CD/F%23E%20-BZLC/D%20C%7CQy7XAZLD/-B%20-E%7CQyX-LZA-QyXGAC%7C%7CQy/F%23%2C%20D/-B%20-E%7CQyX%23F/%7CDQyXGl%5B%5D%20%2C9b7DlLZA7XDZLG/%20-EZL/BXyQGlB*%7B%5D%2C%23F/D%2CE/sC%20%2CDZLG/-E%207-A%7C%20D/F%23G%7CQyXA%20%2C7-LZC%20G-EZL7Bl%2CF%2C7h%23F%2C%7CG/7-As%20%20-AZLB/XyQ%7CAD/7-EC/AZLZDXyQ-EZL%23F/D%20Gl%3ElantemurtsnI36*%3C%5B%7D%20B-/DLG/7-/bA%20bsC7%2CF/W%207-FZLG/bE%20blAD*%7B%5D%2CbE%2C7-bB%2C7EbLZDZLC%20%23%7D%20bE%20-XyQ%7C1NZLbA/bD%207-bBQ%7CyX7-FZL7C%20%2C7hGDb/EbbBZLCiF%3C%20lQXyQXbA%7CQyXbA/bD%7CQybXAZLE/W%20bE2N%7CQyXyQKcyXQyXne%3E%20Z%20%3D%3D0%3D0
59fe9860-e27a-4886-abbb-2b141564d73b,irealb://Aguinaldo%20Bairoa%3DComposer%20Unknown%3D%3DMedium%20Swing%3DC%3D0%3D1r34LbKcu7%20%7C%2CC%20G7%20C%7CC%207G%20%7CC%20F%7C%2CC%207%20G%7C%2CC%207G%20%7CC%20%2C7G%20%2C%7C%20F%2C%2044T%5B7G%20%7C%2C%20%7BF%20C%7CC%207G%20%7CC%207G%20%7DC7%20G%20%7CC%20F%20%7CC%207G%20%7C%20G7%20C%7CC%207G%20C%7C%20F%20C%7C%20G7%20C%7C%20F%20C%7C%20G7%20C%5D%20%3DLatin-Cuba%3A%20Bolero%3D194%3D3
59eb75f1-2187-4868-a5ab-e68b91484a18,irealb://Ni%20De%20Bei%20Bao%20%E4%BD%A0%E7%9A%84%E8%83%8C%E5%8C%85%3DSongs%20Chinese%3D%3DPop%3DE%3D9%3D1r34LbKcu7%7CQyXEyQ%7CF%23%7CQyX7%23F%7CQyXEv*%5D%7BQyXE%7CQyXA%7CQyX7AXyQ%7CXEi*%5BB%20-%23F%2FBLZF%20-%23G%7CQyXAC*%5B%5DQXyB%7CQyXAZL-%23C%207%23C%23-LZW%20-%23CyXE2NQ%7CAXy7%23F%7CQyXE1Ni*%5D%20%20B-%23FZL-%23C%20-%23G%7CQXyQ%7D%7CyXEZLXAC*%5B4Brid%7CQyXx%7CQyXD%7CQyX%7CAQyXx%7CQyX-%23C%3EegxXyQ%5D7*%3C%5DQ%5DQyXE-%20C%23-%23FZL-%23C%20-%23G%7CQyAX%7CQyXEZLB%20-%23FZL-%20BLZ%23G%7CQyL%20E%3Eo(Rit.6*%3C%5B%20%20QyXQyX%5DQXynZLBf%20-%23F%3E)...9Outr47*%3C%5BZF%237%20LZC%23-%20LZF%237%20LZfA-XyQZ%20%3DPop-Rock%3D115%3D1
59f48425-5ab9-4315-a1e2-49513384bf60,irealb://Letter%2C%20The%201=The%20Box%20Tops%20%28Wayne%20Carson%20Thompson%29==Rock%20Pop=C=0=1r34LbKcu7QyX%2DA4AXyQ%237E%7CQyXF%7CQyX%2DAQ%7CyXD%7CQyXG%7CQyXF%7C9XyQ%7C4TA%2A%7B%7DY%7B%2ABC%20GLZF%20CLZGXyQ%7CN1%20x%20%20%7DXyQXyQXyQXyQ%7CN2E7%239XyQ%5D%20=Pop%2DRock%2012%2F8=75=9
59019fef-4adf-4cb9-931e-9a1394115e96,irealb://Ain't%20That%20A%20Kick%20In%20The%20Head%201%3DHeusen-Cahn%20Van%3D%3DMedium%20Swing%3DF%3D%3D1r34LbKcu7%5D%2C7C%2C4F%5E7%2CL%2C6FZL%2CsusCZL%2C-7GZLxZL%2C7DZLxZLZsG-74Ti*%5B7C%7CQyF%5E7XyL7obGpp%7CQyX6F%7CyQXx%7CQyXx%7CQyXx%7CQZG-7XlSA*%5B7%5EFZL*BG-77C%7CQyXx%7CQyX7C%7CyQX7-G%7CQyX7C%7CQyX%20C7%235%5B%5DQyXX7-G%7CXyQ%5D%5BQyX7G%7CQyXx%7CQyX-7D%7CQyXx%7CQyX7AC*%7CxXyQx%7CQyXXsusCb9XyQ-GZLQ%20%20x%7CQyX7DQ%7CyXx%7CQyX7%5EFD*%5B%5D7XyQ%7C7C%7CQyC%207C%7CXyQ%7C%3C%7CQyX7DQ%5BY%5D%207C%20-7G%3EadoC%20la%20.S.DG7XyQ6F%7CQy7/BbLZA-7b5XyQ%7CD7XyQ%7CG-7XyQ%7CC7susXyQ%7CF6XyQZ%20%3D%3D0%3D0
59755782-aea9-413e-9dbc-41e10ae97828,irealb://Who%20Can%20I%20Turn%20To-Rev%20JE%3DNewley-Bricusse%3D%3DMedium%20Swing%3DEb%3D%3D1r34LbKcu7ZL%5EbA4Eb6XL7-F%20%5EbE%7CQyX7b%7CBQyX7-FZL%20lcKQyZG-7%204TA*%5BL%20lcKyQ%7CA7CZL9b31G%20G/hD%7CyQX%5EbAB*%5B%5DQyXtla-7XyQX7-bB7-FZLF%23oLZyX6bEA*%5B%5DQyX7b%7CBQyX7-FZL7C%207-GQKcl%20%207-FZC*%5B%5DQb7XyQ7A%7CQyX7-bBZL7%5EAb%207-GZL7-F%20%5EbE%7CaltXyB%7CQyX7bB%207Q%7CDh%20%2Co%23F%20G/bEZLo%23F7%20F%7CQyX7-CZL9b7GQLZF-yX%5EbAXtla7XyQ%7CF7-Gl%7C%2CbA/W%2C7bB%20s7-FQ%5BY%5D%207bB%207-XyQ%7CC6bEZLyQ%7CF-7XyQ%7CE7XyQ%7CU%3CFINE%3EEb%5EXyQZ%20%3DJazz-Medium%20Swing%3D100%3D5
59ef03e4-bf5c-4fa7-a76d-318c23402614,irealb://Al%20Que%20Est%C3%A1%20Sentado=Brunet%20Marcos==Ballad%20Even=C=2=1r34LbKcu7conoc4F%20A%2DuQ%20%2096%2A%3CA%2A%7B%5DQybXB%7CQyXbB%7DQyXCZLiero%204Ti%2A%7B%2FG%20F%7C%2E%2E%3EC%2CQyXG%2FC%7CQyX%2DA%7CQXy%2DA%7C%2CB%2FG%20%20C%7CQyX%7CGXyQ%2EetreyX%2DA%7C%2FF%20G%2F%3E%2E%2E%2Eairolg%20ut%20osnaleveR36%2A%3CZLBA%2DXyQ%2DAZLF%20euq%20XyQ%7CG6%2A%3CB%2A%7B%5DQyXG%7CQyGX%7CQyXF%7CQyXF%7CQyX9%20%20AlG%2FC%7CQyX7%2DEsenta%2DD%7CQyX%2DA%7CQyX%2DAQ%7CyXC%7CQyXC%3E%2E%2E%2Eod7XyQ%7C%20%C3%A1tseotnasyQ%7CG%3C%20uT%20%2066%2A%3CC%2A%7B%7D%20Q%20%20%3EnI%20oT%20QyX44%2Aeres%20X7F%7CQ%2E%2E%2E%3ED%2D7XyQ%7CE%2D7XyQ%7CF7XyQ%7CGXyQ%7D%7CQF%20F%2DLZCXyQZ%20=Jazz%2DMedium%20Swing=100=3
59d029fc-e3cf-4445-b780-065ab09ec752,irealb://Indifference=Columbo-Murena==Waltz=E-=7=1r34LbKcu7ZL%20lc8%3CA(AB%7CQyX7BZL%20x%20ZLl%20cKQyX-E%3EACABB)7XyQK6TA*[%23F%7CQyE-XyQ7F%20-A%7CQyX-A%7CQy7XEZL%20lcKQyX-E%7C%7CLZE-XZL%20x%20*[}%20%20ZE-Xy%20%7CrQyX%7CQyX-E%7CQXy7B%3EoirT%20%3CB*{]Q%20%3C8x%3EL7B%207%7CQyX7%7CB7Xy7%23F%7CQyXG%7CQyX7DN1%7CQyX-A%7CQyX7E%7CQXyQ%7CBQyXGCN2C%20C%23oLZG%20E7LZA7%20D7LZG%20B7%20Z%20=Jazz-Medium%20Swing=100=3
590e8443-f5cd-4752-8714-6fed5a1e4ed6,irealb://White%20Christmas%3DBerlin%20Irving%3D%3DBallad%3DC%3D0%3D1r34LbKcu7%20F%7CQy4CXyQ%2C7Gl%2C7%23Fs%7CQyX7D-%7C%2CC%2CB%2CCl%2C7-Ds%7C%20LZFX4TA*%7BC%2CF%7CQXyQ%7CDyX-F%7CQyXF%7CQyX7%7CCQyXCl%7C%2C7Gs%20%207-Q%7CCXyCZL7Gs%2C%7CQyZD-7X%2CC%2CB%2CCl%2C7-Ds%2C%7CyQXCB*%5B%5DQyX7G%7CQy%7CD-7XL%2C7D%2CQyX7CG7%2C%20Ll%2C%7C%2C7Gs%2C%20%207-D%7CyQXCZL7G%20F%7CQyXFZCXyQ%7Cl%2C7%23FZL%20Qy%7CF-Xy%207G%207-D%7CQyXC1NLZ7G%207-DZLoG%20C%7CQ%7DXyQXQyXF%7CN2C%20D-7LZCXyQZ%20%3DJazz-Ballad%20Even%3D75%3D3
59118ab6-ba27-4f41-8bcc-a613ebb18a40,irealb://First%20No%C3%ABl%2C%20The%20%28Tom's%29%3DTraditional%3D%3DWaltz%3DD%3D%3D1r34LbKcu7%28%20%20A%7C4nF%23--%23F%28%20%20D43TA*%5BQXyQyXQyXQyXZL-E%2C%29%20%28G%293Ti*%5B-B%2CAZC%23-%29%7C%23C%2CD%7C%29-%23C%28%20%29-B7%28A%20%2CA%7C%2C-B%20-%23C%2CD-%2CB-L%28%20%29-B%23C%28%20%29ZD%2CA%2C7A%7C%2CG%20%20DB*%5B%5D%29-%28E%20%29-%23F%28%20%20-%23FZLG%20%20%28B-L-%23C%2C%28%20%29-BC%23-%20G%7C%2C-B%20-%23C%2CD%7C%29-%23%28C%20%29-B%287A%20A%7C%29-B%28A%20A7%28%2CD%7C%29-D%28%20%20AD%20A7%2C%29-%23F%28%20%20DC*%7B%5D%29E%20%28%29-%23F%28%20%20%2C-%23F%7C%2CG%20%28G%29%7C%7C%29-%23C-%23F%7C%2C-%29%7CB-%7C%2C-%23C%20-B%2CA%7C%2C-B-%20%23C%2CD%7CQyXA%7CQyX%2CD%2CA%20G%23C%28%20%29%20%20%28F%23-%29%20%28E%29%7D%20%3DJazz-Medium%20Swing%3D100%3D3
594273e8-057e-4eaf-a564-e784f92ac59f,irealb://Battle%20Is%20Not%20Yours%2C%20The%3DAdams%20Yolanda%3D%3DTraditional%20Gospel%3DD%3D1%3D1r34LbKcu7L7-B%20T68D%20QyXGZL7D%207-A%7CQXy%23F%2FD%7CQyX7AZL7E%7CD%2FF%23%2CA*%2C%5ByXA%2FDQ%7CA-7%207BZL7bG%20A%2FD%7CQXy7o%23G%7CQyXGZL7D%20Eh7LZyX7AZLD%2FG%20XyQ%7CF7AZL7-B%20A%2FDZL7Eh%207-EZL9b7B%207h%23XyQ%7CDG%2FA%7CQ%7CQyXG%7D%5B%2C*BXAZL7E%20DZL7A%20AD%2F%7CQyX7o%23G%7CQyXG%2CyQ%7CA%2FQyXDZ%7CQyXAQ%7CD7XhE%207BZL7bG%20A%2FDQ%7CyX7o%23G%7CQyXG%7CQy7LZD%2FyX7-AQyXZLQ%7CF%23hQyXZLQyXZLQyXZ7LhE%207-EZL9b7B%207LZXyQyXG%2FAQyXZLLZXyQQyXZLQyXZLQyXZQLyXZLQyXZLQyXZLLZXyQQyXZLLZXyQ%20%7C%3D%3D0%3D0
597304eb-121c-477e-adf7-d115afce11e5,irealb://Emmanuel%3DHutchins%20Norman%3D%3DBossa%20Nova%3DC%3D%3D1r34LbKcu7%7CQyX7%5E7XyQla7C%20%20%7CQyXbD%7B%7DQ%20yXQyX7%5EbDZLQyXtLZF-B44T%7BQyX7htXyQ%7Ca7F%2C7C%2CbA%7CQyX7B%5EZLbD%20%20%7CQyX7-bEltLZGla7bB11bE%20XyQ%7CFAZLQyX%7CQyX7-bEQ%7CyXtla7bB%7CQyX7-b7sus9%237C%7CLD%2FbBXyQ%7D%7BZL7-F%207-bBZLtl7aF%20bDZLbA%2FbG%20bDBb-7%207bAZLZEb-7%20Bb-7LZEb-7XyQ%7CAb11XyQ%7CAb7XyQ%7D%20%3D%3D0%3D0
590198df-d5ad-4ca5-aa32-332fb3d79d73,irealb://American%20Bandstand%20TV%20Show%20Theme%20p2=Albertine%2C%20Sussman%20and%20Manilow==Medium%20Swing=Bb==1r34LbKcu7lcKQyBar%204ZL%20lcKQyXbB%2FCZ%20Ln%20ZL9%5EG%209%237C%3E1C%2FBbX%3C44T%7CbEZL%20%20LZ%20xX9bBZL%20x%20ZL%20x%20LZ%20lcKQyXbB%2FCZL%20yQKclx%20ZL%209%23ddacl%20LZL%20%2A11%23dda9%2AbD%20%2A%209%23dda7%2AD%20%2C9bEsZlC%2A7KQyX9cKQyXB%5E9%20B%20lcKQyX9bB%7CQyX%2FF7%2DC%7CQyX9bBZL9bLZEb9lQyX%2Aa%20%2ES%2EC%2A7adQyX9bBZL%20lcKQy%2AX6dda7%2AFQyX%2A9%23dKcl%3CDlZL%20lL%20lcKa%3E%20%20%5BbBZL%20nl%20%7C9%5EB%20%209%2A%23dda7%2ACsQZLQyX69XyQdoC%20ln%5B%20%20nyQKclB%20%20%2A9%23dda7%2AClZ%20LlcKQyXF%2F7%2DCZL%20%5E9%2CLZX9bEZ%2C9%5EB%2CnLZnLs%20%2A11%23dda9%2AbD%20%2A%209%23dda7%2AD%2C9bEsZLZlC9ZLnZLLZlnLZlBb%2A9add%2311%2A%20%20%20Z=Jazz%2DUp%20Tempo%20Swing=176=0
59cd7e90-a933-4968-b521-de2225365d37,irealb://Ralph's%20Piano%20Waltz%3DAbercrombie%20John%3D%3DUp%20Waltz%20%28One%20Feel%29%3DA-%3D%3D1r34LbKcu7if%20sso%20gui%237%5EFZL%207-A43Ti%7B*QyXn%3Eortni%20rat5%20%3Cbalos%3C%5B/GA*%7BZ%20xLZ/F%7CQyX-A%7CQyXA/%7CFQyX-A%7B%7D%20%3Ex6%3Cx%20AXyQ%7DL%3EsllDZL%20xcl%20LZ%20ZL%20lcKQyX11%237b%5EEZL%20lcKQyXE/bBx%20LZ%20KQyXFZL%20x%20XyQKcZL%20lcKQyX%2CC/7%5EDbZL%20x%20ZL%20x%20ZL%20l%20x%20LZC/7%5Eb/F%7CQyQKcl%20yXA/F%7CQyX-AB*%5B%20%5D%20lcKQyX5%237%5EFZLQ%7CA-XyX9-Aav%3C%20-A-%20%3CXA/FZL%20%3E%20B%20dna%20%20Ano%20QyXsolos%20QyXyQ%7CA%7CQyXAmp%20BXyQ%20to%20end%3E%20LZF/AXyQ%7D%20%3D%3D0%3D0
59387e15-8df7-4077-ae28-d7409600cb21,irealb://Yakuza%205%20-%20Baka%20Mitai%3DMitsuharu%20Fukuyama%20%2F%20Ryosuke%20Horii%3D%3DBallad%3DG-%3D10%3D1r34LbKcu77-D%7CQb%5E7XyA*%5B%5D%205b7D%20D%2FC%7CyQX7-C%7CQyXD%2FbB%7CQG-7XyE44T%5BG%2FFZL-7%20F7CZL7-G%207-DZL7F7%20-C%7CZL7D%207%5EbBZL-7%20D7C%7CQyX%5EbEZLLZEb%5E7-GZL7D%207-Cl%7C7G-%2CG%2FFs%207-D%7CQyX7%20Bb%2FF7-G%20%2C%2FD%207%5EbLZD-%5Dn%2C7Ds%20D%2FC%7CQyX-7Cl%7C%2C7G%2C5b7Gs%207%5B*BlCE%2FF%207Cl%7C%2C77%20E-77Gs%207-El%7C%2C%23F%2F7%2CB5b7Bs%205b7-%23FZLsus%2CG-BZLC%20.C.D%20sC-%5E7D%20sus7DZL7-AZ7L-E%207-Bl%7C%2C6-C%2C7%2CQLZ%3C5b7-%23LG%207%5Eda%3EG%20C%2F-E%2C%23C%2F7Bs%20D%2F-7EZLbE%2F7B%20-EQ%5B%5D%23%2C%7ClCoC%20la%5DQyXs%20BbLZL7%5EbA%207%5EbEl%7C%2C%23%2FCA%2CB%2F9ddaGs%207-AZD9su7%5EbEZ-El%7C%2C%7B*BlC%2C5b7Bs%205b7-%23FZ7L-E%207-BZLC%2FD%207%5EB7%2FF%23%20QyX%7Cus7DZsus%2CG%2C7-E%2C7-B%7C%2C6-C%2C%5E7-Cs%205b7-%23Cl%7C%2C7%7CA-7L7Gs%207L5b7DZN1lGL7-CZLD%2FbBZL7%5EEbZLG2N%5B%7D%20%23C%2F7G%20ZC%2FD%20L7D%20sZf%3CFine%3EGXyQZ%20%3DJazz-Ballad%20Even%3D74%3D1
593bc27e-eeea-4212-8fc8-4ac85486bbd5,irealb://She%20Loves%20Me%20Back%3DVandross%20Luther%3D%3DPop%3DG%3D%3D1r34LbKcu7%3CZLD%3EG%2C%3C*7%3E//%3CZL%2CC%3E/%3C%20%3Eseam8%20ortni%20ssaB2C%2C%20%3C/%3E/%20%3C%7BD46TZ%20CLZ%3CxZLh%23DZLxZLDZLZxLC%7C%7D%20D%3E/%3C%20C%3E//LZE-LG%3E///11D42%7B*CEbDZL11DZL%207FZL7A-%7C%7D%207%5EG%3Ex3%3CZL7%5E11LZTZLsusretfa*45BRkaerB75*%3C%20QyXQXy%3Ehc%20dn2%20retfa%20down%20%3C%20%20%5B%20%20BR%3E%20%3DPop-Rock%3D115%3D1
59ca4743-cf0d-4a39-b785-48d9cc5e58fd,irealb://Ostinato%3DHaerle%20Dan%3D%3DMedium%20Swing%3DF%3D%3D1r34LbKcu7QyX7b%5EXyQ%7C7-A%7CQyXtla7E%7CQXy%5EbE%7CQyX11%237%5EbGXyQ%7CBF44T%5B%7CQyXttXyQ%7CQyXtla7D%7CQyX117%23%5EbD%7CQyX11%237%5EbA%7CB7alla7G%7CC7altXyQZ%20%3D%3D0%3D0
59ca4665-b730-46c1-9fab-23117f4390eb,irealb://J'ai%20soif%20de%20ta%20pr%C3%A9sence%20%28Ab%29%3DComposer%20Unknown%3D%3DMedium%20Swing%3DAb%3D%3D1r34LbKcu7yXbE%7CbXyQ%7C%7CQyXbA%7CQyXbE%7CQXybA%7CQyXbD%7CQyXbABbXyQA43T%5BE%20%20bAbXyQ%7C%20bA%7CQyX7-bB%7CQy-XF%7CQyXbE%7CQyX-bBDb6LZAB*%7CQb%2C%7CAbXyQ%7CAbXyQ%5D%20%3D%3D0%3D0
599e0434-ea1d-44e6-a92d-5958aae10ab5,irealb://Barbados%20Workman%20Jazz%3DParker%20Charlie%3D%3DMedium%20Up%20Swing%3DF%3D%3D1r34LbKcu7yX7F%7C7XyQ%7CB%7CQyX7bBZL7F%207C-%7CQyX7FZL7C%207-Gb7XyQF44T%5BQ%7CF7XyQ%7CG-7XyQ%7CC7XyQ%7CF7XyQ%7CG-7%20C7%20Z%20%3DJazz-Medium%20Up%20Swing%3D160%3D3
59edd151-827f-4c46-b477-4778fac28a29,irealb://Blackbird%3DLennon-McCartney%20(The%20Beatles)%3D%3DFolk%20Rock%3DG%3D7%3D1r34LbKcu7yXQyX34%3C*744TZLB%2FGl%2CA%2Fsu7sD%2CGs%3E39%20mpb%20%204GXyQ%5DTi*%5BY7Bs%2CDS*AT3A%2CCs%7CQyXG44TZL%2FBGl%2CA%2Fsus7D%2CGs47%2FC%23%2C%7BY%20%20QQ%2CG%20slE-%20EL7A%20B%2FGZL-C%20C4T4ZLh%23C%20D42T%7CZLbZD7su%7C%2C%23D%2F%2CE%2FC%2CsC%2CsG*%5BY%20%20QyXQyX%7D%20Gs%20us7Dl%7Cp%2C7As%2CB%2FBN2sF1N%7CZLa%20.S.%7ClG-%2FZL7A%20bB%2F-Gl%7C%2CC-%2CD%2CE%2FC%2CFsZLC%20bBT24%3CD%2CC%2C-Dl%2CA%2Fs%20End.Gs43T%5BY%20%20QyXQyQXyXQyX%5D%20%2Csus7D%3E%2CD7sudn2%20l%2F%2F%2090T44lG%2CB%2FG%2CA%2Fsus7D%2CG%5Bs%20QyX%7D%20%20flcKQyXC%2C%7C%3C*%7B%20B%2FGt27*%3C%20al%20CYYY%20%20QyXQyX%5Dp%2Cuss7D%2C7A%2CB%2FG%3Eado%7BQsC%2C.S.D%20ag%3EsG%2FB%2CsA7%2Cp%7ClD7sus%20fG%20%7D%20%3DPop-Slow%20Rock%3D93%3D1
5900a1be-17e4-4d55-8af9-6b48065c626f,irealb://Stand%20By%20Me%3DBen%20E.%20King%20%28King%2C%20Leiber%2C%20Stoller%29%3D%3DRock%20Ballad%3DA%3D%3D1r34LbKcu7%7BAXyQKcl%20LZF%23-XyQKcl%20LZDXyQ%7CE7XyQ%7CAXyQKcl%20%20%7D%20%3D%3D0%3D0
59d6da0a-371e-4bb6-a8da-ad93d84480ca,"irealb://Everything%20Happens%20To%20Me=Dennis%20Matt==Ballad=Bb=10=1r34LbKcu7E,7-C4C-7%20ZL7G%207hDZL7F%207C-ZL7obD%207-DZL7FsBo7,4TA*{%7CQyXQb7,%7C,QyX}%207G%207-D1NZ7LF%207-CZL7G%207-DlXyQXyA,7-byX7%5EbXyQ][7bB%207-FZL7-C%207b%5EEZL9%237bB%207-FB*b9LZE6bB2N%207-DZ%20A7%239-CA*[]%207F%207-CZ7LC%207-G%7CQyX7%5EDZL7%20F7L7-E%7CQZL7G%20ZC-7%20,7bA,7-bE,7-C,o7BsZL7G%207hDZL7F%7ClD-7L7obDC-7%20F7LZBb6XyQZ%20=Jazz-Ballad%20Swing=60=0"
5951ad07-3c9c-4b5f-9055-9496f9e16b56,irealb://Brown%20Eyed%20Handsome%20Man%3DBerry%20Chuck%3D%3DRock%3DE%3D4%3D1r34LbKcu7A%7CQyX7%2CXyQX7B%7CQyX7AZL%20x%20LZ%20x%20ZL%20x%20ZL%20lcKyQ%7CE7E44T%5B%20B7LZE7XyQ%5D%7C%20%3DPop-Rock%3D148%3D6
59367353-8004-489e-bf77-956335b8be4f,irealb://Mega%20Man%20X%20-%20Storm%20Eagle%3DComposer%20Unknown%3D%3DMedium%20Swing%3DC%3D%3D1r34LbKcu7%7CQyX**m*XyQyX*m*BA*%7B%5DQyX%7CAQyX*m*B%7CQyXA%7CQ%7CF%23*mB44T%5ByXGZLA%20A%23o%20DZL7h%23C%20*m*B%7CyQX%23F%7CQyXGB*%5B%7D%20%2CF%23*m*%7CQyXGQ%7CF%23*m*XyQ%7CB*m*XyQKcl%20LZ%20x%20LZ%20x%20%20Z%20%3D%3D0%3D0
59122f9a-0caa-425a-9b0b-1101d060f262,irealb://C'est%20Si%20Bon%20(Jacques%20Helian)%3DHenri%20Betti%20(Jacques%20Helian%20-%201948)%3D%3DMedium%20Up%20Swing%3DAb%3D8%3D1r34LbKcu7%5D%20QyX44%3C*7ZL%2C7bE%20%2C7-bB%7CQXy6bA%3E771%20mpb%20%204XyQr%7CTi*%5BY%2FW%20bBAb6%20ELbE%2FW%20bB%2F7bEZLo7App%7CQyX6bAZL%2BbZEb7%2FSv*%5BYE%207bEx%20LZBbGs%209EZL7bG%207blA%7Cns%20%207bE%7CQyX7b7%2Cn%7Cl%20ZLbE1NZL7Eb7Xy-bBZL6bAZL%5EbAZ7LbEZL7-bBA*%7BY%5DQ7LZEbZL7obElB*%5BAb6%2C%20bAl%7C%2C6-bD%2C6bAsN2%7CQyXQyXQyXQyX%7D6%2C%20%5DYZL%5EbA%E2%99%A9%20%E2%99%A9%20%E2%99%A9B%2C%7ClE%3CZL%3E%E2%97%9E%E2%82%83%E2%97%9F%E2%97%9E%E2%82%83%E2%97%9F%20%20Qy6X6*%3CxZL7bBZLxZL*74%E2%99%A9%20%2CAsZLZL7bExLZEbBZL6bAZL%5EbAZL7EbZL7-bBC*%5BY%5D%20%2C7b-7LZ%3E%E2%99%A9%20%E2%99%A9%20ZLQ%2C6F7%20%5DYbA%2FW%2CbE%2FbA%7C%2CE%2F%2CW6-bDsZL7-bBD*%5B%2C%7ClAbZL6bGdoC%20lb7LZsD%3C%7C%2C7-F%2C6bA%5B%5D%2Cb7E%2C7-bB%7C%2C7-F%2CbA.S.%20aEZL9E9ElQZ7%2CEb%2BQyXYQyXQyXQyXQXy%3E%5DV%5B%20ot%E2%86%92%2063*%3C%5DXyQ%20L-bB%3Eanl%2CF%2F7%2FBb%2CQyX%2C6bAl%7C%2C7bE%2Cb7BsZL6bAl%7C%2CbE%2FW%7CsBb7bEsZL%20LZsnBb7%2CnEb7%2C%7CnflAb6%20%20Z%20%3DJazz-Medium%20Up%20Swing%3D177%3D1
5966d5c4-aec8-4a2f-9525-69c8a26c824b,irealb://Helplessly%20Hoping%201%3DStills%20Steven%3D%3DFolk%20Ballad%3DC%3D%3D1r34LbKcu7QyXDZ*69VeQyXGZL%20lcKQyXCLZ%20lcKQyX7-A%3EesrKcl%20L%3C44T%7B7-A2NX2%3E%20%7DKQyXDZL%20lcKQyX%7CGQyXC%7CQyX7-A1N%5Bcl%20%20%5D%3C%20lcKL%20x%20ZXyQ%7CGL%20lcKQyXG%3EsuroCh66*%3C%5B%5D%20%20lcKQyXZ%20x%20LC%7CQyXnigebKcl%20LruteR%3CZL%20lcKQyCX%7CQyXF/-DZL%20x%20Zn%20to%20QyXGZning%20and%20take%20the%20second%20ending%20%3EGXyQKcl%20%20Z%20%3DJazz-Ballad%20Double%20Time%20Feel%3D60%3D3
59c4d817-acee-4fba-9cc5-681e15e1769d,irealb://Woodstock%20%28CSNY%20version%29%3DJoni%20Mitchell%20%28Crosby%2C%20Stills%2C%20Nash%20%26%20Young%29%3D%3DFolk%20Rock%3DG%3D%3D1r34LbKcu7QyX%3E%2944%3C*7%28%2030*%3C%7CQyX%2CG/FQ%7CyXG%3E711%20mpb%20%204bs%20inTi*%7BY%28%3C%20%20%7C%20%7DY%7B*F%20%2CC/-GZLC/F%20%2C%7CCQyX%2CG/F%7CQyXGSA/CLZYQyX%7CryXG/Fpeat%20XGZLQyX%7Cr%20%3E%29olso%20ratiug%20gnirudyQ%7CN1er%20onQyX%2CGXyQXyusCB*%5BY%5D%20np%3E%E2%99%A96*6%3C%2CG/Fl2N%7CYQyXQsXyQ%7CQyX%7DQa%20.S.XyQKc%3CG/FZLQ%20%20G%7CQyX%7CCQyXF%7CQyXbBZL%20lXyQ%20DsusC%7CY%20QyXa%3EXyQKQyXG/F%7CQyXGQ%7CYY%7CQyXQyXQyXQyX%5Dcl%20%20%5DdoC%20l%20QyX%3E%20outrmav%20QyX60*%3C%7CrQXy%7CQyXG/F%7CQyXG%3Eop%20out27*%3C%7B%7D%20%3DPop-Rock%3D117%3D1
593e0296-27ef-4224-be2b-bec8d64d7225,irealb://Chitlins%20Con%20Carne%3DBurrell%20Kenny%3D%3DLatin%3DC%3D0%3D1r34LbKcu7ZL%20x%20*66StKQyX9%237C%3E031%20ntiaL%2Csht8%20thgiarcl%20LZ%3C44T%5BcKQyXF7XyQQyX7F%7CQyX7GZL%20clKQyX9%237CZL%20lcK%7CC7%239ZL%20x%20l%20%20Z%20%3DJazz-Latin%3D120%3D6
598c30fc-58ba-4a86-9162-26bd4c897dd7,irealb://Ojal%C3%A1%3DRodr%C3%ADguez%20Silvio%3D%3DMedium%20Swing%3DC%3D%3D1r34LbKcu7%20)%23C(8D-%20%3CAZL%20-EA*%5B%20QyXQXy%5D%20%20-DZL%20C%7D%20%3Ex8%20LZD%206Ti*%5BZL%207%5EA)%7CA%20C(%20-D%7CQyX7EZL)(A%20-BZL%20%23FZL%20GZL)LZBb(%20)B(QyXC%7BIntro%20-FZL%20CZL%20-DB*%20%5BQyXQyXQyX%5BQyX%3ELZG%20%20%3CZL%20ADZL%20GLZA-%20ZL%20CZL%20-D%7C%7DQyX1GNZL%20FZL%20G%2F-AZLF-%20LZ%207E%7C%7C-XyQZ%20%3D%3D0%3D0
592ba523-2399-4380-958a-c0859cd17f1b,irealb://DIOS%20Imparable=Witt%20Marcos==Pop%20Soul=A==1r34LbKcu7QyX%23C8A%2FC%23%7B%7D%29D%2FsusA%28QyXEQ%7CyX%2D%23F%7CQyXD%7CQyX%2AAA2%2F6Ti%2A%7Broc%20e%7CA%2FF%23%3C%5B%7D%29D%2FsusA%28%20%29%23%28G%20%29%23F%28%20%29E%28E%7CQyX%2A63PrQyXD%7CA%20E%7CQLZF%23%2DE%7CQyX%2D%23FZLE%20%2CDQ%7CyX%2D%23FZLE%20D%7CQyXsusXyE%20D%3Eoni%20se%7B%2AB%3C%2Apmi%20ed%20SOID%20%2Ceblarapmi%20SOID%2017osibl%5D%20%23C%2Fnet%20oable%2E%7B%7DQyX%23F%2FAZL%23G%2F%20EA%7CQyXE%7CQyXD%3E%2E%2E%3C%2A69Nlaugif%20em%20mor%2E%2E%3C%7B%7DQyX%23F%2FA%7CQyXF%23%2FA%7CQyXE%7CQyXD%3E%2E%2A69Noet%20og%23F%2FA%7Cnada%2E%2FASZL%20%3Eni%20oTQy9X6%2A%3C%20E%7CQyX%2DB%3E%2E%2EF%23XyQ%20atlayXB%2FDS%3C%2A66%23C%2FE%29%23C%28%20A%7C%29B%28%23%20G%2FE%29A%28%20%2D%23F%3EQyX%20%28E%29%7C%7B%7DQyXD%7CQyX%20%20%28A%2F%23C%2FE%20AZL%23G%2FE%20%2DF%23C%2A%7B%7D%29B%2F%23G%28%20%29%23CLZD%2FBB%2FD%7CQ%2FB%20%3C%2A69%20%20To%20B%3E%20%20%7D%20==0=0
59076024-17dd-4f52-9ba3-8f6ed2d7d667,irealb://Phrygian%20Stamp%20C7sus4b9%3DComposer%20Unknown%3D%3DMedium%20Swing%3DBb%3D10%3D1r34LbKcu7Xx%7CQyb7b9sXsus9b7B%7B%7DQyXxQ%7CyXx%7CQyXx%7CQyXsuyQ%7CxXB44T%7ByXx%7CQyQ%7D%7BA9b7C%7B%7DQyXx%7CQyX%7CxQyXx%7CQyXsus9b7susXyXx%7CQyXsus9Q%7CxXy%7DQyXx%7CQyXx%7CQyX%7CxQyXsus9b7bA%7B%7DQ%7BDb7byXx%7CQ9b7D%7ByQ%7CxX%7CQyXx%7CQyXx%7CQyXuss9b7G%7B%7DQyXx%7CQyxXyQ%7DXx%7CQy%7DQyXxQ%7CxXy%7CQyXx%7CQyXsus9bb7G%7B%7DQyXx%7CQyXx%7CQxXyQ%7CyXsus%7CQyXx9susX%7CQyXsus9b7F%7B%7DQXyx%7CQyXx%7CQyXx%7CQyxXyQ%7Cb7bE%7BxXyQ%7D%7BE7b9sus%2CXyQ%7CxXyQ%7CxXyQ%7CxXyQ%7D%20%3DJazz-Medium%20Swing%3D80%3D0
59e1f3cf-8417-4394-ab71-b7767b660cf5,irealb://Dont%20Wait%20Too%20Long%3DPeyroux%20Madeleine%3D%3DMedium%20Swing%3DD%3D2%3D1r34LbKcu7%7CQyX74DXyQG%7CQyXDA*%7B%7DQyXssu7A%7CQyX7E%7CQyXG%7CXyQ%7CE2Ti*%7BQyX7%23XyQ%7CDG%7CQyXD%7CQyXsus7%7CAQyX7E%7CQyXG%7CQyXXyQ%7CFsus7AFZL%20lQ%7CE7XGB*%7B%7DQyX7A%3ED%3C%7CyQXD%7CQyXsus7A%7CQyXyQKcyX-B%7CyXQyX%7CB-XyX%7DQyXD1N%7CQyXsu7sAZL%20lcKQyX7E%7CQyQXyQQyX7%23Q%7CN2A7susXyQ%5D%20%3DJazz-Medium%20Swing%3D100%3D3
59aff2e2-7ce3-4bb2-ba0a-2011eeddb556,irealb://Down%20With%20Love%20%20%20LD%3DArlen%20Harold%3D%3DMedium%20Swing%3DEb%3D%3D1r34LbKcu7oAZL64EbLZbEZL7bEZL6bEZLEbZL6bEZLbEZL6bE9LZAb4TA*%5BQyXbE6LZsC9bBZL6bEZLsus7BbZL7-Fl%7C%2C9b7C%2C9%20%5D%5B*BbEZL7X6bA%7CyQ%7CEb%7CQyX7G%7CQyX6bE%7CyQXbE%7CQyX6bE%7CQyXG9XyQX6bE%7C%7C%2C7-F7XyQ%7C7%5E-F%2C-Fs%2CC*%2C%5B%5D9%20b7C%20%2C9C%7CQyX6bE%2CF-6%2CoA%7CQy9bE%7CQusXyQ%7CQyX7oA%7CQyX7%5Eb%7CAQyX9bE%7CQyX6bE%7CEb6Xys7bBlyX7oA-%2C%20C-bA%7CQyX7bB%7CQyX7ZFL7-C%206-ClZL%2C7%5E6XyQ%7CC%7CQyXXQyX%5DXyQ%7CGLQ%20%206bE%7CQyX7bBQ%7CyX7-FZL9b7C%20%2C7Z%20x%20%206bE%7CQyQXyQXyQ%7CQG7%2C%20C7b9LZF-7XyQ%7CBb7XyQ%7CUEb6XyQZ%20%3DJazz-New%20Orleans%20Swing%3D190%3D3
591e4abf-f9e6-465c-be5f-674a323d7ed2,irealb://%E3%83%AD%E3%83%83%E3%82%AF%E3%83%9E%E3%83%B31%E3%83%95%E3%82%A1%E3%82%A4%E3%83%A4%E3%83%BC%E3%83%9E%E3%83%B3%3DCapcom%20Capcom%3D%3DRock%20Pop%3DF%23-%3D%3D1r34LbKcu7-%23F%7CQ4F%23-X%2CS%2CA*%5B%5DQyX-%23F%7CyQX-%23F%7CQyX-%23F%7CQyF%23-Xy4Ti*%5BBB*%5B%5D%23-XyQF%7CQyX-%23F%7CQyX-%23%7CFQyX-%23F%7CQyX-%23F%7C%23-XyQF%7CQyX.D%3C%20%23A%20DLZobAZLD%20AZLE%20-BLZ%23F%20-%23FZL%23C%20obAXyQ%7CCZLE%20-S.%3E%20%20Z%20%3D%3D0%3D0
595b5801-9606-471d-b8e4-019afe06da76,irealb://Easy%20Lovin'%3DHart%20Freddie%3D%3DCountry%20Ballad%3DG%3D7%3D1r34LbKcu7yXG%7CQXyQ%7CGQyX7A%7CQyXG%7CQyX%7CCQyXG%7CQyXC%7CQyX7%7CD7XyG44T%5BZL%20lcyQ%7CCXZL7G%20G%7CQyX7D%7CQXyG%7CQyXC%7CQyXG%7CQyCXyQKX7G%7CQXG%7CQyG7XyQX7G%7CQyXG%7CQyX7DQ%7CyXGZL%20lcKQyXC%7CyQ%7CCX%7CQyXGyQ%7CCXyQ%7CGXyQ%7CD7XyQ%7CGXyQ%5D%20%3DPop-Country%3D94%3D3
59e689b1-c407-4b3f-87af-d066414bcefb,irealb://El%20Gran%20Yo%20Soy%3DEn%20Espiritu%20Y%20En%20Verdad%3D%3DRock%3DC%3D4%3D1r34LbKcu7D%7CQyX4CXyQv%20ar3%28%2066*%3C%297-%28ACA*%7B%7D%20B/G%207-D%7Cez%29%20%3E4Ti*%7BF%7CQyX69XyQ..ayulellA%20QyX66*%3CQ%7B%7D%20B/G%3E4x%20%20.%3EA-7*%3C%207-%7D%20%20%3E%2069XyQ4*%3C%20susGZLS%20%20CLZ%3Eot%20ad2%20QyXQyX5XyQ%20*%3C%20%202albme66%20%20T%3C%7C%7D%20%3E4x96*%3C%20%202ZFL7-A%20GS%7B%20%20%3EA%20o*69Ti*%3C%20G%7CQyXQy-XyQ%7C%20G%7CQyXC%7CQyXC%7CQXy2F%7CQyX2F%7CQyX-A%3C*72XA%3E...XyQ%20El%20Gran%20Yo...%3E%20LZGXyQ%7B*BA-XyQ%7CFXyQ%7CCXyQ%7CG%20%20Q%20%7D%20%3DPop-Rock%3D115%3D1
5970c337-bc9b-4208-8675-23ae0bde20ad,irealb://Hijo%20de%20DIOS%206%3DTraditional%3D%3DBallad%20Even%3DF%3D0%3D1r34LbKcu7B(QyX4F%2C*A7%5E-G%20-G%7CQyXbB%7CyQX7F%7CQyX7%5EF%7CQyXLZG-74Ti*%5BQyX-GyQ%7CF%20B%7CQyX-A%7CQyX-A%7CyQX-D%7CQyX-DZLE%2FCbXyQ%7CXC%7C)b%7CQyX-%7CBbXyXbBZL7F%20-C%7CQyXA-B*%7BQyXF%7CQyXC%7CQyQ%7CBb)A%2FF(QyXQy%2FE)D-FZL%2CC%20bB2N%7DQyX%7CFQyXC%7CQyXbB1NZL%3C*63XC(%20%2CF%2CF%7CQy%3EXyQ%7DQyXFZLC%20bBZL-DE)%2FC(%20%2CF%7CQyX-bBQ%7CBb-XA%20oT%20%20(C%2FE)D-LZBb%20C%20%7BDb%20EbLZfF%2C%20%20%3C*69x3%3E%20%7D%20%3DJazz-Ballad%20Even%3D60%3D3
59cb7ec8-754d-45b5-ab85-4a5fbb7db227,irealb://Screenager%20Piano%3DMuse%3D%3DRock%3DG-%3D%3D1r34LbKcu7QyXx%7C4G-XyQyXx%7CQyX-GSA*%7CyQXx%7CQyXx%7CQyXx%7CQ%7CxXyQ4Ti*%5BD%7CQyXQ%7CA7byXbEB*%7CQyXx%7CQy-XGl%7C%2C7D%2C9b7Ds%209Q%7CEboyX-G%7C%2B%23D%7CQZG%2FB%20yX-E%7CQyX-E%7CQyX%23%2BD%7CQyXGC*ZLA%2F7DQ%7CGXyLC%2FD%20B%7CQyXLZE-X-E%7CQyX-E%7CQyX%23DB%2F%7CQyXG%7CQyX-E%7CQyXyQ%7CG%23D%2FB%20%20x%7CQyQ%7CE-XXx%7CQyX-G1N%7CQyXC7%3EodnassilG%3C%7CQyyQ%7CxXyX%23D%2F%2C9b7D.%20al%20A%7CQyXx%7CQyXx%7CQy-XG2NZL%3E.dnE%20dn27b9%20sS.D%3C%20D7%2C%7CflG-%2CXyQ%7C%20%3D%3D0%3D0
59c759b9-e19c-4164-ba22-b31cdfdf7257,irealb://Felicidade%20Giulio%204.1%20AB%2C%20A%3DAntonios%20Carlos%20Jobim%3D%3DBossa%20Nova%3DA-%3D%3D1r34LbKcu7QyXQy*36%20%20yX%3Earratihc%20e%20ceov%20orebil%20ameTQXyQX%3C44T%5BTTUT1*i%3C*6%20lcKQyX9-A%3Ealo%20sad%20arratihC%20%206LZ%3C*7%5B%20QyXL%20x%20ZLZ%20x%20L%20lcKQyX9-A%3Eetolv%202%20%2066*%3CA*%5B%5D%20Z%20x%20L%20x%20%3EI9%237B2yQ%7CB7QyXQyXQyX%5D%207E%20h%2CB1N%7CQyX7-E%7CQyXXyQ%7CNX7-EZ7-G%7CQ*BC%5E7-A%7CQyX-A%7CQyX7EQ%7CyX7hBZL%20lcKQyX7/GXy%5B%5DQyXyX5%2377b9Xy7-A%7CQyX7hB%7CQyX-7A%7CQyX7E%7CQyXF%7CQXyQ%7CEC%7CQyXc%20oloXyQKcop%20etlov%202%20gnindE%20%2066*%3C0N%7B%5D%20%20li%201%20s7-A%7CQ%7CQyX7ra%20e%207-EZL%20x%20ZL%20x%20Z%20LlcKQyX9-A%3EecovXyQ%7CBratihE-7XyQKcl%20%20%7D%20%3DJazz-Bossa%20Nova%3D140%3D3
5907478f-4b76-43e7-a315-8bf1a977b253,irealb://Irish%20Blood%20English%20Heart%3DMorrissey%3D%3DRock%3DA-%3D%3D1r34LbKcu7xZL-A4A-Xy%5EFZLxZL-AA*%7B%7D%20l%20cKQyX5FZL%20lcKQLZxLZ4Ti*%7BLF/5GZxLZAB*YZLxZL-AZLxZ-LAZLxZL%5EFZLxZL-SF5LZL%5EFZLB%7CQyXE5/F%20QyXF/5G%7CQyX5F1ZNL%20xZL%20-AZLF/5D%7CA5/FZL5FZ%2C*5%2Bm5/FLZ-AZL7-A%20-AZL*5m%2B*A%206-AZL7-A%20-A6%20sA*C%20F/5L7-A%202lA-%20/5C%20F/5BZLF/5ALZF/5GZL5FZL%20xZLFLZA-N%7C%7D%20QD%3C%7CQyA*m%2B5%2075*%3CZL%2C*5%2Bm*A%20s6-AZL7-A%20-AZL*%3ElF5X%206-AZ%206-AZl%20Cod-AQYZL%20QyXQyX%5Dn%20%20%20%3E%29a1%20omoc%28%20a%20A-7La%20.S.sA*m%2B5*LZlA-%20A-7LZA-6%20sA*m%2B5*LZ%7ClA-%20n%20Z%20%3DPop-Rock%3D115%3D1
59fe3888-0ccf-4564-b173-c5c136a3bedd,irealb://Insensatez%20Giulio%3DJobim%20Antonio-Carlos%3D%3DBossa%20Nova%3DB-%3D0%3D1r34LbKcu7%20ZL%20xT44%3C*cKQyX7-B%3Earrathic%20otaiggeprA66l%20LZ%20%2Ci*%2C%5BG/7EZ*AB-7QyX6-AZL%20lcKQy%23XA/7%23FZL%20lcKQyXKcl%20L%5BZL%20x%7CQyX9cl%20LZQyX7h%23CZL%20lcKQXy7%5ECZL%20lcKQyX6G%7CF%237bKQyX%23%7CQyX7QKcl%20X7%5EGZL%20lcKQyX7%23oGZL%20lcKQyX7DZLyQ%7CE-yX7-BX9b7%23QKcl%20G/7-EZL%20lcKQyXb7DZL%20lcKQyX7DZLXyQ%7CFyX7-ByQ%7CB-7XyQ%7CF%237b9%2CXyQZ%20%3DJazz-Bossa%20Nova%3D140%3D3
59f42b24-633b-4c63-ab3e-0fed881fe284,irealb://Gone%20With%20The%20Wind%20Rev%3DWrubel%20Allie%3D%3DJazz%20-%20Swing%20Two-Four%3DEb%3D%3D1r34LbKcu7GZL7b4F-7%20%7CQyX7%5EbEZL7E%207F-ZL7bG%207%5EbEZL7EA-7%20A4TA*%5BbB%7CQyLZA-7QyX7o%23F%7CQyX7-G*B%5B%7CQyX7%5EGZL7bA%20%7CF-7X7bB%206FlA*%5BZEb%5E7n%2C7bBs%7CQyX7-FZ9Lb7C%207bDZL5%237D%20%20E7%2C%5DL7E%207ZL7bBLZEb%5E7bA%207-A%7CQyX7%5EbZEL7E%207-FZL7bG%207LZG6%207E%207-%2CbA/Wb7LZG%207-FZLtla7C%207b%7CDQyXhDC*%5B%5DQyX7%5EsBb7%2CA%207-A%2C7-FZ%20C7b9%5EbEsZLQ%2Ctla7E%20-7FZLtla7C%207-FZL7%2Cn%20L7hGl%7C%5EbEl%3E%5D%5BQAhU%7Cn%2C7En%2C7-F%7Cn%2Cb7Gn%2C7-G%7Cn%2C7bAn%2C%3CFINE%2C7E%20nXyQZ%20%3DJazz-Swing%20Two/Four%3D120%3D3
59387e73-e692-46dd-8e29-929756bf81f1,irealb://Orange%20Colored%20Sky%3DDeLugg-Stein%3D%3DMedium%20Swing%3DBb%3D%3D1r34LbKcu7C%20%2C7-4Bb6%209GZL11%237bA%20D%2FbZBL7o%23C%207-CZL7oBXyQ%7CC4TA*%7BQyXQyZBb%2FD7F%2C-C%2C7G%2C-Ds1NLZ7F%207-CZL31b7G%20%7DXyQXL%2C7o%23GZL9b2lBb%5EA%7CQyX5%239%237bB%7CQXy7%5EbEB*%5B%5D%207bB%207h7%20D7N%7CQyXCZL7oG-%20G-A*%5B%5D%207F%207-C%7CQy7XFZL7-G%206-GZL6bBb6%20B%7CQyX-31b7Go7LZBZL%2C7o%23C%20%2C7-C%7CQXy9GZL11%237bA%20D%2FbBb%2FD%20%23C%207-LZC-7%20F7LZBb%5E7XyQZ%20%3D%3D0%3D0
5981ed69-8207-4875-bd42-e1e823aac29a,irealb://Thanks%20For%20The%20Memory%20%28DGM%29%20068=Rainger%2FRobin==Medium%20Swing=F==1r34LbKcu77%2DE%207%2D7%20C7A%2FF%20%2CG%2F7CZL7o%23%20F%2C6FZL5%237C%206FZLLZEboG44T%7BAZL7b%23o7%20GB%7CQyXbA%5B%7D%207C%20ssu7C%7CQyX7GZLQ%2C7%2Db%2D7%20EFZL5ba%20%2EC%2ED7b9X%237C%7CQyX7%2DGZL7G7%20%2DDZL7%2DA%20G%2FC%7CQy5%20%20%3CD%7CQyXbl%20Coda%3E%20%5DY%5BQG%2D7%20C7LZFXyQZ%20=Jazz%2DBallad%20Melodic=98=1
59cc7068-49db-4603-9df5-42d9643fb983,irealb://Stompin%27%20At%20The%20Savoy%20%28DGM%29%20217=Goodman==Medium%20Swing=F==1r34LbKcu77o%23Fp4n%20C7FZL7Cpp%7CQyXFSA%7B%2AQyXQyXQyXQyX%5D%20XyQ%7Cp4Ti%2A%5BQyX7bXyQ%7CC%207bBB%2A%5B%7D%207Cpp%7CyQXF%3EeniF%3CU%7CQyX7B7LZB7%2DGZL%20%2ES%2EDBb%2D7L%7CQyX7bD%7CQyX7bALZ7A%207bA%7CQyX7bEZC7%20%20%3C%207bE%7Cal%20Fine%3E%20%5D%20==144=1
59db9afb-b982-4a76-bf28-f9f204d2de20,irealb://What%27ll%20I%20Do%20%28DGM%29%20415=Berlin%20Irving==Waltz=Eb==1r34LbKcu7XG%2FbE4n%20Bb%2DbA%7CQyX7%5EbESA%2AQ%7ByXQyXQyXQyX%5D%2076XyQ%7C3Ti%2A%5Bus7bB7b5XyX6bEZL7bB%20sus7BbZL%297C%28%20%207%5EbE%7CQyQ%7CN1%2DF%7CQy7%2DF%7CQXyQXyB%2A%5B%5DQyX%2CU%2C7bE%3EneiF%3C2N%7CYQyXQyXQAb6Xy%7DQyXs%2ES%2ED%3Cb6XyQ%7CQyX7F%7CQyX7CZLb7D%207%5EbE%7CQyX9bD%7CBb7%20%20A%7CQyX%20al%202nd%20End%2E%3E%20%5D%20==72=1
59f78600-7e53-4e9b-b858-63f011ae4ba1,irealb://Lazy%20Bird%20%E2%80%94%2D%20Half%20Nelson%20%28DGM%29%20633=Todd%20Dameron%2C%20Miles%20Davis==Medium%20Swing=C==1r34LbKcu77%2DB%289%5E7XyQ%20lcKQyX7%5EC%7CQyXb7B%7CQyX7%2DFZL%20lcKLZBb%2DC44T%5BX7D%7CQ7%29LZEZL%20lcKQyX7%5EbAZ%29L7bE%28%20%20%297%2DbB%289bA%2D7XyE%28%20%20%29%5D%20%3Ead7%20%20QL%20%2EC%2ED%3C7bD%207%5EbALZ7bE%207%5EC%7CQyX7GZal%20Co%2DD%7CQyY%5BQG7XyQ%7CC6%20F9LZsE%2D7%2CEb7%2CD%2D7%2CDb7%2C%7ClC%5E7%28F%237%239%29XyQZ%20=Jazz%2DUp%20Tempo%20Swing=208=1
59c6c446-ebf4-41e1-a1a4-1fb1901a0081,irealb://I%20don't%20know%20why%20I%20love%20you%20%28but%20I%20love%20you%29%3DWonder%20Stevie%3D%3DMedium%20Swing%3DF%3D%3D1r34LbKcu7%5BA%20%20G%2C%7CFXyQ%7CCXyQ%7CDXyQ%7CF%20G%2CLZF%20G%2CLZAXyQ%7CA%20D%20%5D%20%3DPop-Rock%3D115%3D3
5977a2bd-32bc-4ea9-9666-cc29e0dcb85d,irealb://Minor%20Two%2DFive%2DOne%20in%20Six%20Keys=Composer%20Unknown==Medium%20Swing=B%2D==1r34LbKcu7G%7CQyX%2D7b5XX5b7%2DA%7B%7DQyX7%2DAQ%7CyX7%2DA%7CQyX7E%7CQyyQ%7CD7B44T%7BX5b7%2D%7CG%2D7XX7%2DF%7CQyX7%2DF%7CQy7XC%7CQyX5b7%2DG%7B%7DQyyQ%7D%7BFQyX7%2DD%7CQyX7XyQ%7CyX7bA%7CQyX5b7%2Db%7BE%7DQyX%2DbE%7CQyX%2DbEQ%7CDb%2DbB%7CQyLQyXZ%7D%7BC%23%2DLQyX%7DQyX%2DB%7CQyXB%2D%7CQyX7%23F%7CQyX5b7ZXyQLQyX%2DbLQyXZZXyQLLQyXZLQyXZLQyXLZQyXZLQyXZLQyXZZXyQLLQyXZLQyXZZXyQLLQyXZLQyXZLQyXLZQyXZLQyXZLQyXZZXyQLLQyXZZXyQ%20Z%20=Jazz%2DBallad%20Swing=80=0
592bdf2c-87f2-4a23-9600-c0259b102ad0,irealb://I'm%20Sorry%20(John%20Denver)%3DDenver%20John%3D%3DMedium%20Rock%20Ballad%3DE%3D4%3D1r34LbKcu77B%7CQy6%2CXyQFZL%20lcKQyX%2C6E%7CyQX%2C7B%7CQyX%2C7-%23F%7C%23-7%2CXE44T%5B7-%23C%20E7%2CXyB%20AZL7E%20EZL7B%20ZAL7E%206EZL7B%20A%7CQ7LZE6%7CQyX%2CLZF%23-%20B7LZ%20E6%20%20%5D%20%3DPop-Country%3D90%3D4
59d78de9-627f-49cf-bf6c-eca6b3d861f3,irealb://Ii7-V7-I7%20%3DMcMillan%20Marcus%3D%3DMedium%20Swing%3DC%3D%3D1r34LbKcu7%7BD*m7*%20LZG7%20LZC%5E7%20LZ%20x%20%20%7D%20%3D%3D0%3D0
5930b8af-6f6b-41b4-833d-b9a1d2282ac0,irealb://II-V-I%20in%2012%20Major%20Keys%3DExercise%3D%3DMedium%20Swing%3DC%3D3%3D1r34LbKcu7cKQyX-7XyQyX7C%7CQyX7-GZL%20clKQyX7%5EC%7CQyX7G%7CQ%7CF%5E7D44T%5BX7%5EbEC-7XybB%7CQyX7-FZL%20lcQKyX7%5EbB%7CQyX7F%7CQ7XyQ%7C%7CZL%20lQyX7b%20LZBb7-bEZL%20lcKQyX7b%5EA%7CQyX7bE%7CQyX7-XyQ%7CAlcKQyQyX7-XyQKclcKQyX7%5EbG%7CQyXb7D%7CQyX7-bA%7CZL%20l%20LZC%237%5EbD%7CX7-BZyQ%7CB%5EQyX7%5EE%7CQyX7B%7CQXy7-%23FZL%20lcKQyX7Kcl%20LX7%23F%7CX7-AZXyQ%7CAQyX7%5ED%7CQyX7A%7CQXy7-EZL%20lcKQyX7%5EKcl%20L7E%7CQyyQ%7CD7XyQ%7CG%5E7XyQKcl%20%20Z%20%3DJazz-Medium%20Up%20Swing%3D85%3D15
599066a8-db8d-4625-bff9-b71821ab6004,irealb://It%20Could%20Happen%20To%20You%20%3DVan-Heusen%20Jimmy%3D%3DMedium%20Swing%3DF%3D%3D1r34LbKcu731bE%7C4lF%5E7FZL7E%207hB%7CQyX7G-ZL7D%207hAZL7bB%20%5E7XyQ4TA*%5B7A%207hQ%7CAh77%5EF%7CQyX7bE%7CQyX-7G%5B%5DQyX9b7D%7CQyXXyQ%7CEyX11%237bD%207-7XyQ%5B%5D%209b7bE%207-bBZ7LbD%209-bA%7CQyX7G%7C*AAb%5EDZL9byX7hC%20F7LZ1%2331bG%7CQyX7%5EbALZ7G%207hD%7CQyX7-bB1XyQ%7C7hCZLZL9b79XyQ%5DZL7bD%207%5EbA%7CQyX11%2331bG%7CQyX7-bB%5BCh7%20Fb7F%7CQ11%2331yQ%7CEbX7-bAQ%5BZ%207C%207-ZGL7D%2096bAZLQ%20%207yQ%7CDbX7-bBfZL7%5E-7XyQZL11%2331bA%20A%2FFZ7L-bB%207hB%7CQyX7C%7CG7%20GbG%7CQyXUF%5E7XyQZ%20%3DJazz-Medium%20Swing%3D130%3D4
59608b84-924b-4d08-aa80-72d7a683a2a7,irealb://It%20Happens%20Every%20Day%3DSample%20Joe%3D%3DMedium%20Swing%3DC%3D%3D1r34LbKcu7A%7CQyX4Bb-7yX7-bBZL%20lcKQy7X-bA%7CQyX7-F%7CQyXQ%7CC-74TA*%5BD%7CQyXQ%7CD/EbA%7CQyX7-bE%7CQyXlta7bB%7CQyX%5EB%7CQyX13%2311yX7-b%5EbG2NXyQ%7CGXQyX%7DQyX9b31F%7CyQX%5EbG1N%7CQyX11%239yQ%20%20%5Bsus9b7-%23C%20Db7/FQyX%5ECZL%5EbB%20%5EbA*B%7B%5D%20A/%5EG%207-El%7C%2C%7CF%23-7%2CbGs%20ZL%20QyyQ%7CGbQyX%5ECZL7-B%207-EN1%7CQyX%5EbBZL%5EbA%20%5E%7DXyQXX%5EDZLn%7CQyX7%20C%23-E%7CQyXsus9D%7CQyX-7EZL7-B%207-%23FZL7b9sus-%23G2NXyQ%7CBb-7XyQ%7CF-7XyQ%7CAb-7XyQ%7CEb/DbXyQ%5D%20%3D%3D0%3D0
597d41a4-7aa9-4b7c-9d22-6ed55f38e0aa,irealb://Layla%20Outro%20-%20Eric%20Clapton%3DClapton%20Eric%3D%3DPop%20Rock%3DC%3D%3D1r34LbKcu7%20lcKQ60Jus%7D%20%20lcKQyXF%7CQyXE%2C%2FC%7CQyXC%3Esyek%20t%7CBbXy*%3CA*%7ByXbBZQKcl%20QyXF%7CQyXE%2FC%7CQyCX%3Eni%20llA36*%3C%7BZLKcl%20LyXCZLQyX-ALZCXy-B%2CC%20C2N%7CQyXQyQXyXQyX%7D%20%20x%201N%7CQ%2C%5D%5B*B%20lcKQF%20la%20Q%7CGXy1*%3C%7CQyXG%7CQyX-DQ%7CyX-A%7C%2C-B%2CC%20C%7CQ2D.C.yX-D%7CZLCZLx%20%20%5D%5BZLxZLFZLE%2FCZLCLZxZLFZLE%2FCZLCA*BbLZx%20%3Eenix%20%7BCLZC%2FELZF%2CLZx%3C*575x%3E%20%7D%7CBbLZxLZC%2CLZx%20Z%20%3D%3D121%3D0
59eb8758-26db-4902-bbb7-80ca8afcba9b,irealb://Le%20Blues%20Du%20Blanc%20-CM-6%3DPapadiamandis%20Pierre%3D%3DBallad%3DG%3D%3D1r34LbKcu79-AlA7%20Bb7yXQyX%5Btla7E%3Etl6a0*%3C%2C7bAs%207-AZLQ%20%20%7B*-Bi*%5B-B1NZ11%20F9%20D%2F7%5EC%7CQyX7-AZ7LE%20E%2FD%7CQyX7-BZLD7b9LF%7CQyX1-BB*LZA-7Gl%7C%2C7F%2C7-Cs%20G2ZNL%20QyXQyX%7D%207bA%20XyQ%5D%5B7bB%20711-AZLZA-1bB%207-Bl%7C%2C9b7D%3Eb9%2060*%3C%2CD%2F7%5ECs%2017susL7bB%201E%3E9b%20%2FD%2C%3C*G%2FCs%209%5EGZLG%2FC%20%5E9Gl%7C%2C9b7D%3E9b%2060%2C%3C*097%5ECs%207-AZLyQXyQD%7CQyX7-BZL9F%201F1%7CQyX9-AlSA*%5B%20%20%2FE%20E7X%5D9b7-AZL7%5E7%2FD%20-BB*%5B%5DQyXGl%7C%2C7%2CF7-Cs%20G%5D%20Q%2C9b7D11%20BbC%7CQyX%3C%2CD%2F7%5E7%2FD%2C1-AZLsus7bB%207-lB%7C%2C9b7D%3E9b%2090*%3C1%20sC%5ECs%2011E%3Eado9%3ED7b.S.D66*%3C%2CG%2FCs%20%5E9GZLG%2FC%209%5EGl%7C%2C9%20al%20Cb%2060*l%7C%2C7F*09b9%209%5EGl%7C%2C7F%2C7-Cs9%20%5EGlQ%5B%20%20QyXQyX%3EsC-7%2C%3C%5D9b7G%5E9%20sC-7%2CF7%2C%7ClG%5E9%20sC-7%2CF7%2C%7CUlG%5E9XyQZ%20%3DJazz-Ballad%20Swing%3D61%3D1
59fde1a6-ae84-4746-a32c-926d300bab6d,irealb://Fly%20Like%20An%20Eagle%3DSteve%20Miller%20Band%3D%3DRock%3DG%3D%3D1r34LbKcu7%7BT44%20%2CG%20x%20%20x%20x%20%20%7D%20%3D%3D0%3D0
5987e01e-cd2f-4377-b80a-0b28c8ed5ca6,irealb://Midnight%20Rider=Allman%20Greg==Medium%20Rock=D==1r34LbKcu7yXD%7CQXyQ%7CxyXx%7CQyXx%7CQyXDA%7C%2A%7DQyXx%7CQyXD%7BQyXQ%7CxXyD44T%7CB%2AS%7CQQ%7CG%2D7susD%20%20D%7CQyXD%7C%2CussD%20%20D%7CQyXC%7CQyX%2C%7CDXyyXx%7CQ%7CQyX7us%2C%7CD%20%20D%7C%2CsusD%20%20D%7CQXyD%7C%2CsusD%20%20D%7CQyXQLZG%2DsD%20%20DD%7CQyXD%20%20DssD%20%20DC%2A%7CQyXD%7C%2CussD%20%20D%7CQyXD%7C%2Csuus%2C%7CD%7CQyXCyXbB%7Cs%2C%7CDX%7CQyXC%7CQyXbB%7CQyCX%7CQyXbB%7CQyXC%7CQyBbXyQusD%20%20%7B%5DQyX%20%5BD%20%20C%20la%20%2ES%2ED%3C%7C%2CsuDs%20%20D%7CQyXD%7C%2CsusDoda%3EDQyX%5DQQG%2D7XyQ%7CCXyQ%7CD%20%20Dsus%2C%7CD%20%20%3C4x%3E%20%7D=Pop%2DSlow%20Rock=88=0
5991fba6-ebac-45dd-b3a9-5d68761d5186,irealb://My%20Honey's%20Lovin'%20Arms%3DHerman%20Ruby%2C%20Joseph%20Meyer%3D%3DDixieland%3DF%3D5%3D1r34LbKcu7L%20lcK%2CXyQKDZL%20lcKQyX%2CFZLl%20cKQyX%2C7bBZL%20lc7%2CXyQF44T%5BFZL%20lyQKcl%2C7CZL%20lcKQyX%2C9ZGL%20lcKQyX%2C7CZL%20XyQKcX%2C7GZX%2C9GZcl%20LZQyX%2C7DZL%20lcKQy%2CXFZL%20lcKQyX%2C7bBKcl%20LKQyX%2CyQ%7CC7%2CXyQ%7CF%2CXyQ%7CD7%2CXyQ%7CG7%2CXyQ%7CC7%2CXyQ%7CF%2CXyQ%7CC7XyQ%5D%20%3DPop-Shuffle%3D165%3D3
5938d4d2-dc8b-4806-95f1-b873bfac1d19,irealb://NG:%20Hallelujah%3DNG%3D%3DRock%20Pop%3DC%3D%3D1r34LbKcu7%7CQyX%2CBb-XyX-bB%7CQyX%23F%2CB*%2CY%7CQyXQyXQyXQyX%7CQyQ%7CF%23%2CA*%2C%7CC%23%2C%20G%23%20%5D%20%3D%3D0%3D0
59897188-b2b5-496f-b249-a291c09209e1,irealb://Ofrenda=Majo%20y%20Dan==Worship=B=9=1r34LbKcu7yXE%7CQ4B%2C%2AAB%7CQyX%3E%2E%2E%2Eeugap%20aes%20on%20euq%2066%2A%3C%2FD%23Xy4Ti%2A%7BXEZLBXyQ%7D%7B%7CQyX%23F%3E%2E%2E%2Enoc%20loos%20seup%2066%2A%3CB%2AG%23%2D7%207%5EE%7CQyX%23D%2F7XyQ%7DB%3E%2E%2E%2Eho%20ho%20ho%20%20%2Foma%20et%2066%2A%3CC%2A%7BXyQ%7CB%5EE%7CQy%23D%2FB%7CQ%7CC%23%2D%2D%23G%3E%29tla%28%20oma%20te%2066%2A%3CC%2A%7BY%7DQyX77XyQ%2CyXE%7CQ%2CXyQ%7CEXyQ%7CC%23%2D7XyQ%7D%20==0=0
59ff69f0-cf7d-4579-9cf3-3ddb5a646acc,irealb://Oh%20To%20Be%20In%20Love%3DBush%20Kate%3D%3DPop%3DGb%3D6%3D1r34LbKcu7QyXbD*68in-bB%20bCZL-bB%20bCm%3Epb49%20QyXQyXortLZT24%3C44T%5BE%20bG%7C%5B*A%3C*%7CQyXbG%7CQyXbA%7CQXybG%3E1%20esrev%20%2017CbXyQ%20QyX%7C44TA*yQ%7CGb%7C%5DQyX-bB%7CQyXbCLZE%20bG%7CQyXbDZLE%20XyQ%20%7BXbDZLC%7CQyX%20ver2XbA%7CQyXbG%3E3rev%2C%20latnemurtsni%20%2CyQ%7CGb%2047*%3CyX)bBGb%20ELQyXbCZLE%20bG%7CQybXDZLE%20bG%7CQyXbDZ%7CBb-(%7CQyXbbD%20-bQ%20%5B*B%20bAZLbD%20-bE%3E3%26%2C21%20surohc%20%2017*%3CGbLZEyX%7C%5DQZL-bBGbLZE-bB%20bC%7CQyX-bEZ%2CLbG%207-bAZLbD%20-bLZCb%20%20bAZLT24Db%20%20%3C3x%3E%20%7D%7CT44GbXyQZ%20%3DPop-Rock%3D94%3D1
59f279e0-980f-44aa-82f7-c689de0ba680,irealb://Oleo%3DRollins%20Sonny%3D%3DUp%20Tempo%20Swing%3DBb%3D%3D1r34LbKcu7B1NZL4Bb%20LbEZL%207bBZL7F%207C-ZL%20bBZL7F%207-CZ7%20Eo74TA*%7B7GZL%20-7%20F7X7DB*%5B%5DQyXbBZLb%20B2NZL%20QyXQyX%7D%20yQKclCZL%20b%20bBZLl%20LZCCZL%20bBA*%5B%5D%20%20lcQKyX7FZL%20lcKQyX7-7%20F7cKQyXLZC-7%20F7LZBb7%20LZEb7%20Eo7LZBb%20LZBbXyQZ%20%3D%3D0%3D0
595f6d20-7981-4699-bb13-8e511f9247d5,irealb://Overkill%20%2D%20revised%20%7Borig%2E%20key%20of%20E%20maj%29=Hays%20Colin==Rock%20Pop=E==1r34LbKcu7Y%7DQyX4%3C%2A66Xsus7BZL%20lcKQy%23XC%2F9%2D%23F%3EkaerB%20%20yQ%7CB74Ti%2A%7B%3Ex415%2A63XyC%2FA%7CQyXD%7CQyX%23DB%2F%7CQyXE%3ElacoV%20%20Q%23%20%20%3C%2A%3CSA%2A%7B%7CQyX%23%2D9%2FC%23sus%23G%7C%7DQyX7B%7CQXysus7BZL%20lcKQyXXyQ%7CG%23F%7B%7D%20B2N%5DQcl%20QLdnE%20dn2%20la%20%2ES%2E6D0%2A%3C%7CQyXsusB1NZ%2E%3EBXyKQyXA%7CQyX%29Q%7CBXyB%7CQyXE%3EoloS%20raituG%20%2066%2A%3CB%2A%7BY%5DQ%2FD%23%28ByXsus%23G%7C%7CQA%2FC%23%20yXsusBZL%20lcKQy7X%2D%23C%5B%7D%20%3Ex490%2A%3C%20Q%7CBXy%7CQyXDadoC%20Q%7CG%23X%2ED21%2A%3C%20x%3EoloS%20ndE36%2A%3C%20%7CQyXA%7CQyS%2E%20alyXsusyX%23G%7CG%23suss%23G%3EkaerB%3CZL%20lKcQyXA%7CQyX%23G%7CQyXusXyQQ%5BZ%20%3EQ%7CAXyQ%7CUAZ%20==134=0
59a70290-0e8b-4118-98f3-0da9c242c593,irealb://Pasa%20la%20vida%3DNegra%20Pata%3D%3DMedium%20Swing%3DC%3D0%3D1r34LbKcu71b7G%7CT44C%5EC%7C%7DQyX31b7G%7CQy7X%5EC%7CQyX7-D%7CQyX7%5E7XyQ%2CA*%2C%7BD%7CQyXC%5E7XyyX7%5EC%7BQyX31b7GQ%7CyX7%5EC%7CQyX7-D%7CQQ%7CC%5E7%7CQyX3yX7G%7C7LZAb%7CQyX7-A%7CQyX9b7%7CEQyX7oDZL7oB%207oF7XyQoF%207oQyX7%5E13XyQQyX31b7G%7CQyX7%5E%7CCQyX7-D%7CQyX7%5EC%7C%7D%5B*BCb7G%7CQ1b7G%7CyQ%7CF7%7CQyX7-D%7CQyX7A%7CyQX7%5EC%7CQyX7G%7CQyXG7XyQX7%5EC%7C3XyQ%5D%7C%20%3DJazz-Medium%20Up%20Swing%202%3D180%3D3
59e29bd2-e008-4d9d-8181-631d150ccae1,irealb://Perdido%20de%20Amor=Bonfa%20Luiz==Bossa%20Nova=G=4=1r34LbKcu7L9b7D4A%2DXyyX7%2DAZL7G%207%2DBZ7L%2DA%20%5EG%7CQyX6%2DC%7CQQ%7CD7%204Ti%2A%5B%2DAZL7%23o7LZA%7CQyX7obB%7CQyX%5EAG%2A%7B%5D%209%237%23Gf%207%2DA%2D6%20A%2DG%20%5EGZQyX7oLZA%2D7X7%2DEZL%5EG%207%2DBZL%2D7A%20%5EG%7CQyX9D%7CQyXyQ%7CBb6%2DA%207%23Gf%209yQ%7CA%2Db7E%20%5EGZL9b7D%207A%2D%7CQyX11DZL9%2DA%2079LZA%2DX7%2DA%7CX7B%7CQ%5B%2ABG%5EZL6%2DA%207%2DAZL6%2DA7%20%2DA%7CQyX7obB%7CQyXA%2D7XyZL9%2377%2DAZLb9XyQZL6G%20%5EG%7CQyX6%2DCQ%7CyX7%2DA%7CQyX9b7E%7CG%5E%20G67E%7CQy%2DC%2C117b9%20%20%2DCsQ%5BY%7D%209b31D%20%2D7AZL7%2DE%20%5EGZL%2CQ%2C7%2C%20C%2DD%7CQyX7%2C%7CF13%2CF7%235%2CF7%2CF7%235%2C%7CfUG%5EXyQZ%20==104=2
59affa03-2eb8-46da-9ab5-9561aca01ce9,irealb://Random%20II%20V7%20Progressions%3DComposer%20Unknown%3D%3DMedium%20Swing%3DC%3D%3D1r34LbKcu7E%7CQyX-XyQ%7CyX7bE%7CQyX-bB%7CQXy7F%7CQyX-C%7CQyX7FQ%7CBb-C44T%5B7G%7CQy%7CE-XyyX7G%7CQyX-D%7CQyXA7%7CQyX-E%7CQyX7A%7CQQ%7CD-XQyX7b%7CQyX-b-XyQ7E%7CQyX-B%7CQyX7b%7CDQyX-bA%7CQyX7bD%7CXyQ%7CBA%7CQyX7C%7CQy%7CA-XyyX7C%7CQyX-G%7CQyXD7%7CQyX-A%7CQyX7D%7CQQ%7CG-XQyX7EyX-%23Fb-XyQB%7CQyX-%23F%7CQyX7b%7CAQyX-bE%7CQyX7bA%7C7XyQ%7CE%7CQyX%23C%7CQyyQ%7CF-QyX-%23C%7CQyX7bB%7CyQX-F%7CQyX7bB%7CQyX%7CF%237XX7B%7CQ-XyQ%7CF%237XyQZ%20%3DJazz-Medium%20Swing%3D130%3D3
59edb046-262d-4856-b3db-d388b90e2225,irealb://Recado%20Bossa%20Nova%3DFerreira%20Djalma%3D%3DBossa%20Nova%3DD-%3D5%3D1r34LbKcu7%7CQyXx4D-XyG%7CQyXx%7CQyX7D%7CQXyx%7CQyX7A%7CQyXx%7CQ-XyQ%7C4TA*%7BXx%7CQy%7CG-6%2FyXx%7CQyX7E%7CQyX7D-1N%7CQyX-DZL7A%20EQ%7CA7XQyX-Gx%3EeniQXyQXX-D%7CQyX7A%7CQyX7C-%7CQyX-D2N%7CQyXQyyQ%7C%3CFyX%7DQyC.D%3C%7C*BD7X%7CQyXx%7CQyX7E%7CQyxX%7CQyX-G%7CQyXx%7CQyA-XyQ%5B%5DQyX.%20al%202nd%20End.%3EA7XyQ%5D%20%3DJazz-Bossa%20Nova%3D290%3D1
59e44c80-2f6a-4058-9d6b-7848cf36c58a,irealb://Whisper%20Not%3DGolson%20Benny%3D%3DMedium%20Swing%3DC-%3D%3D1r34LbKcu7DZL9b4C-7%20EZLF/7-G%207-GZLb97D%207hAZLbB/7-Ch7%20A74T%7BA*yXQyX7LZEhX%7D%209b7G%207-F1NZ7L-E%207-DZL9b7A%207yQXyQhB%207-7hE%7CQ-7%20Bb-G%7CQyX7-G%7CQyX97bD%7CQyX7hA%5BB*%5D%2077/FXyF2N%7CQ9b7D%207b9XybB/7-C%207-C%5BA*%5DyQX9b7G%7CQyX7hD%7CQLZAh7A%7CQyXL7-E%20%20G-7/9b7A%207hEZL7hB%20-7DZL9b7A%207hEZLFLZD-77-GZLZF-7%20G7b9%20Z%3D%3D0%3D0
598de0b7-9722-468f-a21f-f9e853f89ea6,irealb://Saguin%3Dhorta%20toninho%3D%3DPop%3DC%3D%3D1r34LbKcu7sus9b-7b5X-F%20bG%2FbA%7CQyX5%23G-%7CQyX11%237%5EbA%7CQy%5E7LZBA44T%5B11%237%5EZE7%239XhAZL6bA%207%5EbAZ9LbE%207-bB%7CQyX11%23yQ%7CAbL9bB%20-FsZL-%235Xy5%23-GZL11%237%5EbA%20AhZL9bB%20sus9bB%7CQ%20Gbo7G%7CQyXus9bBsus%2CBFZL11%239b7C%205%23-ZGL11-%23G%20hAl%7C%2C9bhXyQ%7C7bB%2097-AZLLZA-7us9bB%7CQyX5%23-G%7CyQX11%237%5EbA%7CQyX5bs%20Bb99bB%20s-%23G%20h%5E7%2311%23-C%2ChD%2CbE%2F9-F%2C-9FsZLobG%205%23-GZL5%2C%7ClAbA%205b%237%5EbA-%235%20CAZL9bB%20sus9bB%7CyQX5b7-FZL11%239b7hXyQ%7CGZL1111XyQ%7CG-%235XyQ%5B%20%3DPop-Slow%20Rock%3D70%3D3
59d5daa7-535f-47b9-acfa-5396f3f79384,irealb://Secret%20Agent%20Man%3DRivers%20Johnny%3D%3DCountry%3DC%3D%3D1r34LbKcu7QyXx%7C4nXyQ%7CQyXx%7CQyX-E%7CQy-XA%7CQyX-E%7B%7DQyXn%7CE-XyQ4TA*%7BX-E%7CQQ%7CB7XQyX-E%7CQyXx%7CQyXA-%7CQyXx%7CQyX-E%7CQy%7CA-XyyX7B%7CQyX-EXyQXyB%7CQyX-E%7CQyX-B%3EusrohC%3C%7CYZL%20QyXQ-XyQ%7Cnf%7CQy%7CCXyQ%7CB7XyQ%7CB7XyQ%7CE-XyQ%7CxXyQ%7CxXyQ%7CxXyQ%7D%20%3D%3D150%3D2
599beaba-588d-4e60-a4e6-c45ed6f42092,irealb://She%27s%20a%20Woman%201=Lennon%2FMcCartney==Fast%20And%20Spirited=D==1r34LbKcu7T%5B%5D7D4%3CBren42T%7C%2C7Dn%2C7DnZxL%7C%2C7En%2C7Ens%3E%20kaD7%2C%5Dn4Tv%2A%5BD%7Cx%7Cx%7CD7%2C%7C%2C7D%7C%2C7AA%2A%7B%20%20QyQXyXQyXQyX%5Dx%7C%2C7A%7CA7%2C%7C%2C7A44D%7C%2C7A%2C%7Cx%7CDD%7Cx%7C%2C7E%7Cx%7C%2C7A%7C7%2CD%7C%2C7AZL%7Cr%7Cx%7C%2C77%2C%7Cx%7C7A%7C%2C7%2A%5B%2CE%2CA7%2C%7CECZL%23FZL%2D%23CB%2A%5B%20yQX%5D%20xZL7A2N%7C%7D%2C7%23%2DLZD1N%7C%2C7x%7C%2C7AD7%2C%7CA%2C7AZL%7Cr%7Cx%7C%2C7D%7C%7Cx%2C7A%7C%2C7D%7Cx%7Cx%7C%2C7%7CD7%2C%7C%7C%2C7AAZLxZLx%7CD7%2CZLrZLxZL7AC%2A%5B%5D%7Cx%2C7A%7C%2C7D%7C%2C7A%7Cx%7C%20LZD7%7C%2C7E%7C7D%7C%2C7LZE7L%2CE%2CDZL%2D%23CZL%23FZ%2DL%23C%5B%20xZL7AZL7DZ%5D%5B%2ABAxZL7AZL7E%5B%7Cx%7Cx%7CA%7C%2C7D%7C%2C7AZL%7Cr%7C%7Cx%2C7D%5B%5Dx%7C%2C7A%7C%2C7D7%2C%7Cx%5D%2C7A%7C%2C7AZLxLZxLZL%20ZLrZLxZL7AD%2A%5D%7B%20xZL7AZL7DZL7AZD7LZ7DZLxLZxLZE7LZD7LZN1A7LZA7%2CE7%2C%7DN2A7%20%5D%5BUA7%20Z%20=Pop%2DCountry=185=1
590ef452-731a-4f73-b0f4-4770bac635c2,irealb://Shenandoah=Traditional==Ballad=F==1r34LbKcu7ZLsus69XyQGZLA%2FbB%20bBZL%20lKcQyX%5EFl%7CQyX%5EbB%7C%2D7%20C7F44T%5B%5EF%7CQyQ%7CC%2D7QyX7%2DDZL7A%207%2DGLZA%2FbB%20%2C%5EbBZL7F%20%7CEb7XyX%2C%5EF%2CU%2C%20Fb%5EXyQsus7CZL7G%20sus7%7CGQyX7%2DD%7CQyX7%2DA%7C%20C7LZB%7CQyX%20LZC7XyQZ%20=Jazz%2DBallad%20Even=60=6
597b682c-6ff6-4abc-bdaf-e7f2ab039c7e,irealb://Sicilienne%3DFaur%C3%A9%20Gabriel%3D%3DMedium%20Swing%3DG-%3D10%3D1r34LbKcu77-GZL4G-7LZLbB%2F9CZL7%5EbBZ6LFZL7hEZLF%2F6bBZD6LZx3TA*%7BEZL7-%2FFLZA%20xZL7-GZL5%237DZ7LCZLD%2F7GZLbE%2F7b%7D%7B*BE6bBZLb7AZL7LZBb9FC*%7B%7D%206-GZL%2C57%23DZL6bEZL7hEZL6LZG-6FZL6bE%2FW%2C7LZF9L%7CQyXQyXQyXQyX%7D7%20DZL7hA1NZL6-GZN2sF-7DZL9xZL6D7%20%5D%5B*9CZL7%5EbBZL6FZLh7EZLF%2F6bBZL7-GA%2FBbLZDl%7C%2CbLZG-7LZBb6%2FFLZAb7%2FEbLZG7%2FDLZC7LZD7%235LZG-7LZ%2CU%2Cx%20Z%20%3DJazz-Ballad%20Swing%3D140%3D3
59eaa970-8033-4b62-9be3-90bdfc27e8ee,irealb://Smooth%20operato%20%3DSade%3D%3DSamba%3DD-%3D%3D1r34LbKcu7A%207-D4D-7%207-A%207-GZL7-A%207D-ZL7-A%207-GZL7-A%20%7D%5B*A4Ti*%5ByX7-A-7%20A--GB*%5B%7D%20%3Ex4%3C7-A7%20-GZL7-A%207-DZL77XyQ%7CGZL7-A%20olgD-/C%23-D%7CQyX7-A%7CQyX7G-%5B%7D%20B/-D%20C/-DZL9%3Care%20-D%7CQ-A%207-XyQ%7CXA%207-DZL7-A%207-GLZ7-A%207-DA*%5BZ%20Qy-7LZG%3ED%20C%20X7-G%5B%20%7D%5B*BD%20C/-DZL%23C/-D%20D-%7CQyX7-A%7CQyX7-G-/B%20%7D%3Ex4%3C7yQ%7CA-7XyQ%7CD-9%3Careglo%20A%20C%20D%3EXyQ%7CXyQ%20Z%20%3DJazz-Medium%20Up%20Swing%3D120%3D3
59d071c5-9121-4ac9-94d3-22c5ee59518b,irealb://I%20Should%20Care%3DCahn-Stordahl-Weston%3D%3DMedium%20Swing%3DC%3D%3D1r34LbKcu7%7CQyX74D-7%207hE%7CQyX7%5ECZL7G7%20-DZL7A%207-EZL7GXyQ%7CA4T%5BA*QyX7%5EQ%7CF-7%207-GZL9b7E%207hBQ%7CyX7%5EC%5BB*%5D%207bB%20C7LZFyX7-D-EZL9E7b9Lh%23F%5BA*%5D%207G%207-DLZ7D%207-A%7CQyX7-AZ7%20B7b%207hB%7C%5D%207bBZD-7%20QyX7-D%7CQyX7A%7CQXy7hE%7CQyX7%5ECZL7G%7CF-7%20L7A%207%206CU%7C7XyQ%7C%7CQyX7-D%7CQyX7D%7CyQX7-AZL9b7E%207hBG7XyQ%5EC%5BC*F7LZE-7%20A7%20Z%3DJazz-Medium%20Swing%3D100%3D3
5973620c-8688-4985-857a-4e099d12ff80,irealb://Song%20For%20My%20Father%20rev%3DSilver%20Horace%3D%3DLatin%3DF-%3D%3D1r34LbKcu7X9-F%7C4F-9Xs7C%7CQyX9bDZL%20lKcQyX9bEZL%20lcKQyusXyQ4TA*%7B%7CQyX9%20%20%7D%5B*D%209bEZL%20lcKQyX-9FZL%20lcKQyX9bEBb9LZClcKQyF-9XyQKcl%20%20Z%20%3DJazz-Latin%3D115%3D3
595fad9d-eec9-4009-b9c6-7791b84c9e9b,irealb://Te%20Bendecire%3DRosario%20Ingrid%3D%3DBallad%20Even%3DG%3D%3D1r34LbKcu7%2C*m*E4G%2CXyGA*%7B%7CQyX%2CC%7CQyX*%2Cm*E%7CQyX%2C%23F/D%7CQ%2CXyQ%7C4Ti*%5ByX%2C*mE*m*%2CD%20%2CCZL%2CD%20%2C*m*EQ%7CyX%2CG%7CQyX%2CC%7CQyX%2CLZE*ZL%2CD%207*%3C%20%20%20D%2CLZD%20%2C*m*E%7CQyX%2C%23FD/%7CQyX%2CGB*%7BQyX%2CG%2CLZC%2C%2CC%7C%7DQ%2C*m*E%7DC%2C%3C*%23F/D%7CQyX%2CG%3Eolo2S7*%3C%7CQyX%3EA%20oT27%2CXyQ%7C%20%3E2X2D%7CQyX%2CXyQ%7CQyX%2CCZL%2CD%20%2C*m*%7CEQyX%2C%23F/D%7CQyX%2CG%7B*CG%2CC%7CQyXQyXC%7CyQ%7CE*m*E%7CQyX%2C%23F/D%7CQXy%2CG%7CQyXC%7CQyX%2C*m*%2CXyQX%2C%23F/%7D%7CC%2CXyQ%7CC%2CXyQZ%3C*72To%20B%20Suave%3E%20%3DJazz-Medium%20Swing%3D100%3D3
594bb7f0-1285-4d7b-8c9f-27135ae44068,irealb://This%20Flight%20Tonight%3DJoni%20Mitchell%20Arr.%20Paul%20Rumbol%3D%3DMedium%20Swing%3DA%3D%3D1r34LbKcu7X6-G%7CyQ%7CC%23A44TSA*%7B%7DQyX9AQ%7CyXA/G%7CQyX%2CA/7--7XyQXAi*%7BQyX%5EG7/CXy7-BZL%23C/9ddaA%20D%5EZL11-B%20C/7-G%7CQ%20A%5ELZ-G%7CQyyX%3E%29.ZAXyQo%20x2%20ylno%2836*%3C%7D%7C%20%3Ex436*%3C%20%2096A%7Cn%20D.SL%20lcKA/7-%23%20%7B*BAyX%5EAZLA/7-%23C%20ALZA%20A/GZLA/7-%23C%20Q%7CA%20C%20QyXQ.S.DQ%20A9LZ84*%3C%20%2096A%7CQyXAQ%7CyX7-B%7CQyXG/7-BXyQXyA/GZLX7-B%7Coda%3E%207-B%3EadoC%20QyXQy9X5*%3CQ%7B%20%20QyXQyX%7D/GXyQC%20la%20yQ%7CAXyQ%7CA69XyQ%7D%20%3DPop-Soul%3D106%3D3
599ec1c6-5c8d-4816-9fec-2456bd0a4e6b,irealb://Ukulele%20Lady%3DGus%20Kahn%2C%20Richard%20Whiting%3D%3DMedium%20Swing%3DF%3D5%3D1r34LbKcu7-DZLxLZDb7-D%7C%2C7A%2C6FZL9CZ7LbDZLFZLFZL9CZL%2CA7%2C%7CF44T%5BxZL6FD-%2CA7xZL7CZLxZLxZLxLZFZL%2BCZL7GZLx%7C%2CLZxLZZLxZLC%2C9CZxLZxLGZLxZLFZLxZL6bZBL7FZLxZLxZL7CZ7LZxLZLxZL%239%2C%7CC%2BLZF6LZxLZxLZxLZC7LZxLZxLZF6%20%5D%20%3DJazz-Medium%20Swing%3D116%3D3
598d51c4-6a75-4ce3-8ca6-29b535b2a014,irealb://It%20Could%20Happen%20To%20You%3DVan-Heusen%20Jimmy%3D%3DMedium%20Swing%3DEb%3D%3D1r34LbKcu7%20%20%297h4Eb%5E7F%7CQyX7-FZL%299b7%28C%20%20%297hG%287oE%7CQyX%23o7%28A4T%5BA*B%7CQyX%29LZEb*%5DQyX9b7C%7CQyX7Gh%7CQyX7%5EbA%7CQyX7%5EB%5BF-79b7D%287-%23F%287%29XyQyX7F%7CQyX7-CZL97bG%207hD%7CQyX7%5EbE%7CQ%7CF-7bD%287bC%28%20%20%297%29LZBoE%7C%7CQyX7%5EbE%5BA*%20%5D%297bB%28%20%20%297-F%287b7%28Gh7B%28%20%20%29hG%7CQyZF-7X%7CQyX7%5EbEZL%299b7%28D%20%20%297hA%287o%23F%7CQyAb%5E7XL%299b7C%207hGC7b9X%207%5EbE%7CQyX%297bD%28b7B%7CQyX7-F%5BC*%5DQyAb7LZ%7CQyX77b9LZF-7XyQ%7CBb7XyQ%7CEb%5E7%20C-7LZF-7%20Bb7%20Z%3D%3D0%3D0
5928b037-a90b-4879-8dbc-55c625db564c,irealb://Waiting%20On%20The%20World%20To%20Change%3DMayer%20John%3D%3DPop%20Rock%3DD%3D2%3D1r34LbKcu7Xn%7CQy44%3C*7Xn%7CQyXn%3E)ht61%20ngiws(%2088%20mpb%20%204yQ%7CnXTi*%5BYis(%202*72%20%20%2C-B%3E%EF%B8%B6%2045*%3C%20D%3E%E2%99%A9yQXQyX.%E2%99%A9QyXQyX.%E2%99%A9LZ%3C*7%3C%5B%5DQyi%20%5DA%5B%3EG%2C%20Dsal47*%3CDA*S%7BY%5DD%20%20%2CGZL%2C-B%20%2CAZL%2Ct%20x%3A%20).limL%2CD%20%2C%3E%20B-%2CB%20DB*%5BY%7D%20D%20%2CGZ%2CL-B%20%2CAZL%2CD%20%2CGZL-%2CLZG.rtsna%20.S.-%2CLZG%2C-B%20%2CAZL7-E%20%2C7B-ZL%2C7-E%20%2CDZLD%20%2CLZ%3C%20DB%20%2CAZX%2CG%2F-e%3EG%2C%20G%2FCl%7C%2CG%2FCsppp%7CyQXG%2F-DC*%5BY%5D%20Q%2CDXyQ%7CDniF%20l7%5E-G%3E%2FGXyQla%20.S.D%20%3C%7CQyXG-%2FDl%7C%2Csus7Gsppp%7C%20Coda-D%7CQy%2CGZL%2CXyQ%20%E2%99%ABat27*%3C%2CAlQ%5BYY%5DA)%2FW(%20)G%2FW(%20%3E%E2%99%AB%20%20g%3E%20B-63*%3C%20%20D%2CLZXyQr%7CXyQLZG%2C%20D%2CLZ%20x%20LZT24G%2CXyQ%7CfUT44DXyQZ%20%3DPop-Smooth%3D88%3D1
59db9778-7ca0-4660-bebc-1ea76b194a88,irealb://Will%20It%20Go%20Round%20In%20Circles%3DPreston%20Billy%3D%3DSoul%3DAb%3D8%3D1r34LbKcu77bA%7CQ4sAb7%7C)sus7bE(susbE7)bB(7bB%207bA%7CQyXAb7Xy4TA*%5BbA%7C)sEbsus(susbE%2C7bB%207bAQ%7CyX7bA%7C)sus7bE(Eb7su%2C7bB%20L%2C7bDAb7%2C%3C*%5B%5D%2CG%2CbG%2C-F%3E)3t%20aeb%20no%20-F(%2066*BAb7%20%7CQyX7ZL7bDDb7%2CLL%2C7bD%207bAZL%2C7b%20D7bAZL%2C7bD%207bAZZAb7%20%207bAZllautb7LZXkaerb%20draobyek%20%2066*%3C22Ti*ZL%20Qy...acD%207bA%2FB%7C%2CD%20measD%2FB%2CC%2FbD%2CbA%2F-b%3EAshthgie%20fo%20erub%2CDb%2Feno%20yEb%2CBb-%2FF%2CAb-%2FB%2CBb-%2FEb%7C%20%3DPop-Soul%3D110%3D3
59a44da8-c322-4acc-b8dd-4d5da6cfae27,irealb://With%20Or%20Without%20You%3DU2%3D%3DPop%20Rock%3DD%3D2%3D1r34LbKcu7sAZL%2C44%3C*7sb%2096*%3C%5B%20xZLxZxLZLD%3E011%20mpb%20%204%20in%3EDTi*%5BYDB*%7D%20-7%2CLZ%20QyX66*%3CZL7-BZsLusAZLDA*%7BY%5D%202G4x%3EG2BZLsuZLsussLZB-*%7B%7D%202GZL7-BZLssuAZLDA*%7B%5D%202GZL7BDLZAusAZLLDC*%7BG2%20%7DY7-BZLsusAZLD%3E)r.tsni(%20%2027*%3Ci*%5BLZG2%20ZL7-BZLsusLZB-7*%7B%7D%202GZL7-BZLssuAZLDA*%7BY%7D%202GZLCDLZAsusAZ%202GZLG2%20%7D%7BsusAZLDD*%7B%7D%202GLZ7-BZLsusAZLDB*LZB-7ZL7-B6*%3CxZLZAsuZLD%3E).rtsni(%209*6%3C%7B%7D%202GZL7-BZLsxLZxLDB*%7B%7Duo%20pm%7DY%7B%3C*yX%3CZLsusAZLD%3E)r.tsni(%20ortuo%2027Q%20%20va%20%3Ex33t%3EB-7LZG2%3C*636x%3E%20%7D%20%3DPop-Rock%3D110%3D16
5943bf65-6ea9-40e3-834e-e6d465c3d4ac,irealb://Wrapper%20Around%20Your%20Singer%20(127)%3DSting%3D%3DStyle077%20-%20Bank18.2%3DA-%3D0%3D1r34LbKcu7*%7BY%20%204sA-LZL-A%7B%7D%207-E%20%2CA%2FZGL-A%7B%7D%20%3Ex4%3C7-EZE-7%20%7D4Ti*%7BX%7D%20%3Ex%20You%20ZL-AZL7-E%20%2CA%2FGLZ-A%3E...redisnocE-7%3C827*%3CA%2C-E%7D%20Y%7B*v%3CFZLxZLG%3E...depaprw%20eb%20ll'I%2027*%5E7LZxQyXQyA%3E...%20%7BA-LpotsihpeM%2027*%3CB%2C*%2C%7BY%7D%20%3Ex4%3C7-EZheles7-DZLw%20eb%20A%2C%20E-27*%3Cv*%7BYQyXQyX%20%7D%3Ex4%3C7-EZL-AZL7%20I'll%2FGZL-*%2C%7BY%7Dd...%3E7-EZL-A%7B%207-DZLE-%7D%20xZL7%5EFZLxZLG%3C4x%3E%20eppar7%5EFZL9%20Dev9-DZLxZL7%5EFZL7E-ZL-A%3E...dna%20liLZE-76*%3C%2CC%20%3Ex3%3CY%7B*v%3CFZLxZLG%3E...depaprw%20eb%20ll'I%2027*%5E7LZx%7D%20xZL%7DE-LZD-7%20%7BA-LZE-7%3C6x%20%2B%3E%20%7D%20%3DLatin-Cuba%3A%20Cha%20Cha%20Cha%3D127%3D3
59203d7c-88b1-4e9d-ae9e-0e22b009e52d,irealb://You%20Are%20Too%20Beautiful%20(hl101t)%3DRodgers%20Richard%3D%3DBallad%3DC%3D10%3D1r34LbKcu7-D%7C%2C74D-7%20Es%207%5ECZL9b7G%207D-ZL9b7A%207-EZL7G-7%2CEb4TA*%7BQyX%7D%20%3ED-7%2CEZL9b7G%207-D1NZ7L-A%206Cl%7C%2C7G%3E9b%3C-7%20A75b%3C%2079b7A%20ZN2D77o%23F%20FlB*%5B%5DQyXC6%7C%2C7G%3E9b%3C%2C7-Ds%20LZC%2FGL%20QyXZL7D%20%20G7LZ-A%3E)7jam(%3C%20-AZ7LE%205b7-B%7CQyX9%5ECLZA-77-DZLE%2C7-E7%20%5D%5B*ZL9b7G%207-DZL9bA7%207-EZL7G%207-DlAC%5E7%20sG%207-DN%7C%2C7G-7%20%3Cb7-Ds%207DZL7-A%206lC%7C%2C7G%3E9b%3C%2C7-D%3E5%2C%3Cb9%3ED%7C%2C7b1C6%20E-7%2CA7%2C%7DXyQXyQXyQXyQ%7CN2C6XyQ%5D%20%3DJazz-Ballad%20Swing%3D60%3D1
59b16ff4-ba7e-49ca-b984-9c780715a73f,irealb://Black%20Coffee%3DBurke-Webster%3D%3DSlow%20Swing%3DC%3D%3D1r34LbKcu7L%20lcKAC7%239ZL%20x%20ZL%20x%20ZL9%23b7D%209%237CZL9%237bD%20F7XyQ*%7B44T%209%237C%20Db7%23X5%239b7G%7CQyX7-DLZ5b9b7A%209%237CZL9yQ%7CN19%237CZ-FB*%5BLZ%20x%20%209%237CZL9%237bD%2097%23C2NZL%20QyXQyX%7D%20Gb7%20%5D9%237bD-bE%7CQC-7XyDZL7bA%207-bE%7CQy7X%5ECZLtla7G%207D%7CQb%5E7Xy%7CQyX7%20ZL%20xLZD-77bD%209%237CZL9%237b%20D9%237CA*%5B%5D%209b7G%20%239LZ%207bA%207b7G%7CQ7XyQKZL5b9b7A%209%237CZ9L%237bD%209%237CZL%20lcD-7XyFZL%20x9%235XyQ%7CC7%239%20Db7%239LZ%20x%20%20Z%20%3D%3D0%3D0
59c5df75-64be-4da6-bd4d-016e4d7ca7e2,irealbook://Alexander's%20Ragtime%20Band%3DBerlin%20Irving%3DMedium%20Swing%3DF%3Dn%3D%5B*vT44C%20%20%20%7C%20%20C7%20%7CF%20%20%20%7CG7%20%20%20%7CC%20%20%20%7C%20x%20%20%7CD7%2C%20%20%20%7CG7%20%20%20%7C%7CC%20%20%20%7C%20%20C7%20%7CF%2C%20%20%20%7CG7%2C%20%20%20%7CC%20C7%20%7CF%2C%20Ebo%20%7CG7%20%20%20%7CC%20C7%20%7D%7B*CF%20%20%20%7C%20x%20%20%7CC7%20%20%20%7CF%20%20%20%7CBb%20%20%20%7C%20x%20%20%7C%20x%20%20%7C%20x%20%20%7C%7CN1F%20%20%20%7C%20x%20%20%7C%20x%20%20%7Cx%20%20%20%7CC%20%20%20%7CG7%20%20%20%7CC%20%20%20%7CC7%20%20%20%7D%5BN2F7%20%20%20%7C%20x%20%20%7CBb%20%20%20%7CBo%20%20%20%7CF%20%20%20%7C%20x%20%20%7CC7%20%20%20%7CF%20%20%20Z%20
5903a867-c3af-4028-b96b-46b52375d02a,irealbook://Idioteque%3DRadiohead%3DMedium%20Swing%3DC%3Dn%3D%20%20%20%20%20%20%20%20%20%20%20%20%20%20%20%20%7BG*m*%20%20%7CBb*Maj7*%20%20%7CG*m*%20%20%7CEb*Maj7*%20%20%7Cx%20%20%7D
5933026d-422c-4a26-a9ec-f5a92a5d5897,irealbook://Big%20Rock%20Candy%20Mountain%3DComposer%20Unknown%3DBluegrass%3DD%3Dn%3D%5B%3C*74Intro%3ED%2C%20A7%2C%20%7C%20x%20%20%7C%20x%20%20%7CD%2C%20%20%20%7CD%2C%20A7%2C%20%7C%20x%20%20%7C%20x%20%20%7CD%20%20%20%7CG%2C%20D%2C%20%7C%20x%20%20%7CG%20%20%20%7CA%20%20%20%7CD%2C%20A7%2C%20%7C%20x%20%20%7CD%20A7%20%7CD%20%20%20%7CYY%7BD%20%7CD%20%7CG%20%7CD%20%7CG%20%7CD%20%7CG%20%7CA%20%7CD%20%20%20%7CD%20%20%20%7CG%20%20%20%7CD%20%20%20%7CG%20D%20%7C%20x%20%20%7C%20x%20%20%7C%20x%20%20%7CA7%20%20%20%7CfD%2C%20%20%20%7D
59a9e13f-a21a-42dd-92ec-0522fdc1a8ca,irealbook://Blues%2005%3DComposer%20Unknown%3DBlues%3DC%3Dn%3D%5BT44C7%20%20%20%7CF7%20%20%20%7CC7%20%20%20%7CC7%20%20%20%7CF7%20%20%20%7CF7%20%20%20%7CC7%20%20%20%7CA7%20%20%20%7CD-7%20%20%20%7CG7%20%20%20%7CC7%20%20%20%7CD-7%20G7%20Z%20
59a74a18-292b-4ffc-996a-8575e753e9ef,irealbook://Blues%20Variation%2002=LRS=Medium%20Swing=F=n=%5bT44F7%2c%20%20%20%7c%20x%2c%20%20%7c%20x%2c%20%20%7c%20x%2c%20%20%7cBb7%2c%20%20%20%7c%20x%2c%20%20%7cF7%2c%20%20%20%7c%20x%2c%20%20%7cC7%2c%20%20%20%7cBb7%2c%20%20%20%7cF7%2c%20%20%20%7c%20%28C7%29x%20%20Z
59881c69-0366-43ab-b5d3-802145e1ed51,irealbook://Cacador%20de%20Mim%3DNascimento%20Milton%3DBallad%3DC%3Dn%3D%7B*AT64G%5E7%20%20%20%7CD/F%23%20%20%20%7CD7sus%20%20%20%7CE-7%20E-7/D%20%7CC%5E7%20%20%20%7CG/B%20%20%20%7CD7sus%20%20%20%7CG%20C/G%20%7CN1G%20D7sus%20%7D%7CN2G%20Ebo7%20%5D%7B*BE-7%20%20%20%7CE-7/D%20%20%20%7CC%5E7%20%20%20%7Cx%20%20%20%7CA-7%20%20%20%7CD7sus%20%20%20%7CG%20C/G%20%7CG%20Ebo7%20%5BE-7%20%20%20%7CE-7/D%20%20%20%7CC%23-7b5%20%20%20%7CC%5E7%20%20%20%7CA-7%20%20%20%7CD7sus%20%20%20%7CG%20C/G%20%7CG%20D7sus%20%5B*CG%5E7%20%20%20%7CD/F%23%20%20%20%7CD7sus%20%20%20%7CE-7%20E-7/D%20%7CC%5E7%20%20%20%7CG/B%20%20%20%7CD7sus%20%20%20%7CG%20C/G%20%7CG%20D7sus%20Z%20
59f97eff-64bf-4f01-afb0-a91c47f53b83,irealbook://Can't%20Buy%20Me%20Love%3DLennon-McCartney%3DRock%20Pop%3DC%3Dn%3DY%5B*iT44E-%20%20%20%7CA-%20%20%20%7CE-%20%20%20%7CA-%20%20%20%7CD-%20%20%20%7CG7%20%20%20%5B%20%20%20%20%20%20%20%20Y%7B*ASC7%20%20%20%7C%20x%20%20%7C%20x%20%20%7C%20x%20%20%7CF7%20%20%20%7C%20x%20%20%7CC7%20%20%20%7C%20x%20%20%7CG7%20%20%20%7CF7%20%20%20%7C%20x%20%20%7CC%20%20Q%20%7D%5B*BE-%20%20%20%7CA-%20%20%20%7CC%20%20%20%7C%20x%20%20%7CE-%20%20%20%7CA-%20%20%20%7CD-%20%20%20%7C%3CD.S.%20al%20Coda%3EG7%20%20%20%5D%5BQC%20%20%20Z%20
59cb3f1c-f860-4bc3-b029-5ac39fb758e3,irealbook://Don't%20It%20Make%20My%20Brown%20Eyes%20Blue%3DLeigh%20Richard%20%3DMedium%20Swing%3DC%3Dn%3D%7B*AT44C%20A-%20%7CD-7%20G7%20%7CC%20A-7%20%7CBh%20E7%20%7CA-%20C%2FG%20%7CD7%2FF%23%20D7%20%7CN1F6%20E*m7*%20%7CF6%20G7%20%7D%20%20%20%20%20%20%20%20%7CN2F6%20D*m7*%2FG%20%7CC6%20%20%20%5D%5B*BA*m*%20E*m7*%20%7CF%20C%20%7CA*m*%20E*m7*%20%7CF%20C%20%7CA*m*%20E*m7*%20%7CF%20C%2C%20%7CD*m7*%20E*m*%20%7CF%20G%20%5D%5B*AC%20A*m*%20%7CD*m7*%20G7%20%7CC%20A*m7*%20%7CBh%20E7%20%7CA*m*%20C%2FG%20%7CD7%2FF%23%20D7%20%7CF%20E*m7*%2C%20%7CC%20sG*m7*%2CsC7%2C%7C%7C%2CQ%2CF%20E*m7*%20%7CF%20E*m7*%20%7CF%20D*m7*%2FG%20%7CC6%20%20%20Z%20
59a7a2aa-2651-4fe7-a702-89556351e52a,irealbook://Durang%27s%20Hornpipe=Traditional=Fiddle%20Tune=A%2d=n=%7b%2aAT24D%20%20%20%7cG%20D%20%7cD%20%20%20%7cA%20%20%20%7cD%20%20%20%7cG%20D%20%7cA%20%20%20%7cD%20%20%20%7dY%7b%2aBD%20%20%20%7cD%20G%20%7cE%20%20%20%7cA%20E%20%7cA%20%20%20%7cA%20%20%20%7cD%20A%20%7cD%20%20%20%7d%20%0a%0a%0a
59c92bc6-735a-4868-8e3e-6c6ea1d0a87c,irealbook://Ezz-Thetic%3DRussell%20George%3DUp%20Tempo%20Swing%3DC-%3Dn%3D%5B*iT44sC-9%2C%20%7Cn%20%7CT24n%20%7CT44C-9%20%7Cx%20%7Cx%20%7Cx%20%7Cx%20%7Cx%20%7Cx%20%7CT24x%20%5D%20%20%20%20%20%20%20%20%20%20%7B*AT44C-%20%7CC-%5E7%20%7CC-7%20%7CC-6%20%7CC-%20%7CC6%20%7CC-b6%20%7CC-%20%7C*BF-7%20%7CBb7%20%7CEb-7%28Bb-7%29%20%28Eb7%29%7CAb7%28Ab-7%29%20%28Db7%29%7CDh7%20%7CG7%20%7CC-%20%7Cx%20%7D%5B*CF-7%20%7CBb7%20%7CEb%5E7%20%7Cx%20%7CF-7%20%7CBb7%20%7CEb%5E7%20%7Cx%20%7C*DGh7%20%7CC7b5%20%7CF-7%20%7Cx%20%7CD7%2311%20%28Ah7%29%7Cx%28D7%29%20%7CDb/G%20%28Gh7%29%7Cx%28C7%29%20%5D%5B*AC-%20%7CC-%5E7%20%7CC-7%20%7CC-6%20%7CC-%20%7CC6%20%7CC-b6%20%7CC-%20%7C*BF-7%20%7CBb7%20%7CEb-7%28Bb-7%29%20%28Eb7%29%7CAb7%28Ab-7%29%20%28Db7%29%7CDh7%20%7CG7%20%7CC-%20%7Cx%20Z%20
59cd7f71-b099-4b74-b64c-05045479e374,irealbook://Gamme%20Majeure%20En%20C%3DGniolf%3DPractice%3DC%3Dn%3D%5BT44C%5E7%2C%20%20%20%7CD-7%20%20%20%7CE-7%20%20%20%7CF7%2311%20%20%20%7CG7%20%20%20%7CA-7%20%20%20%7CB-7b5%20%20%20%7CC9%20%20%20%7C%7CD-9%20%20%20%7CE-9%20%20%20%7CF7%2311%20%20%20%7CG7%20%20%20%7CA-9%20%20%20%7CB-7b5%20%20%20%7CC%20%20%20%7CB-7b5%20%20%20%7C%7CA-9%20%20%20%7CG7%20%20%20%7CF7%2311%20%20%20%7CE-9%20%20%20%7CD-9%20%20%20%7CC9%20%20%20%7CB-7b5%20%20%20%7CA-7%20%20%20%7CG7%20%20%20%7CF7%2311%20%20%20%7CE-7%20%20%20%7CD-7%20%20%20%5D
59864fad-992b-4e21-ad15-f4a07f363d1d,irealbook://Girl%20From%20Ipanema%202%2C%20The%201%3DFrasier%20Bob%3DBossa%20Nova%3DC%3Dn%3D%5BT44B7%239%20%20%20%7CC%5E7%20C%237%20%7CD7%20C/D%20%7CE/D%20A-/D%20%7CD-7%20%20%20%7CDb7%20%20%20%7CC%5E7%20%20%20%7CDb7%20%20%20%7CB7%239%20%20%20%7CC%5E7%20C%237%20%7CD7%20C/D%20%7CE/D%20A-/D%20%7CD-7%20%20%20%7CDb7%20%20%20%7CC%5E7%235%20%20%20%7CC%5E7%20B7%20%7CBb-7%20%20%20%7CBb-7%20%20%20%7CGb13%20%20%20%7CGb13%20%20%20%7CC%23%5E7%20%20%20%7CC%23%5E7%20%20%20%7CA13%20%20%20%7CA13%20%20%20%7CD-%5E7%20%20%20%7CD-7%20%20%20%7CBb13%20%20%20%7CBb13%20%20%20%7CE-7%20%20%20%7CA7b5%20%20%20%7CD-7%20%20%20%7CG7b5%20%20%20%7CG-7b5%20%20%20%20Z%20
5982d292-4a5f-4a69-9da2-39d055a02207,irealbook://Like%20A%20Star%3DBailey-Rae%20Corinne%3DBallad%3DA-%3Dn%3D%7B*AT44D-7%20%20%20%7CE7b9%20%20%20%7CA-7%20%20%20%7CA-6%20%20%20%7CD-7%20%20%20%7CE7b9%28E11%29%20%20%28E9%29%20%7CA-7%20%20%20%7CG-9%20C9%20%5D%5B*BF%5E7%20%20%20%7CE7b9%20%20%20%7CA-7%20%20%20%7CG-7%20C9%20%7CN1F%5E7%20%20%20%7CE7b9%20%20%20%7DN2F%5E7%20%20%20%7CE7b9%20Eb9%20%7C%5B*CT44D-7%20%20%20%7CE7b9%20%20%20%7CA-7%20%20%20%7CA-6%20%20%20%5D%5B%2C*A%2CD-7%20%20%20%7CE7b9%20%20%20%7CA-9%20%20%20%7CG-11%20%20%20%7C%7CD-7%20%20%20%7CE7b9%20%20%20%7CA-9%20%20%20%7CG-11%20C11%20%7CD-7%20%20%20%7CE7b9%20%20%20%7CA-7%20%20%20%7CG-11%20C11%20%7C%5B*BF%5E7%20%20%20%7CE7b9%20%20%20%7CA-7%20%20%20%7CG-7%20C9%20%7C%7CF%5E7%20%20%20%7CE7b9%20%20%20%7CsA-7%2CppsAb-7%2C%7ClG-7%20C9%20%7CF%5E7%20%20%20%7CE7b9%20%20%20%5BD-7%20%20%20%7CE7%20%20%20%7CA-9%20%20%20%7CA-6%20%20%20%7CD-7%20%20%20%7CfE7b9%20%20%20Z%20
5954cbab-0696-420f-8d40-c5d0fff50dec,irealbook://More%20Human%3DJansson%20Lars%3DEven%208th's%3DC%3Dn%3D%7B*AT44G%5E7%20D/F%23%20%7CE-7%20G/B%20%7CC%5E7%20C%23h7%20%7CD11%20%20%20%7CG%5E7%20D/F%23%20%7CE-7%20G/B%20%7CC%5E7%20%20%20%7CF%23-11%20B7b9%20%7CE-7%20E-7/D%20%7CA/C%23%20C-7%20%7CB-7%20%20%20%7CE-7%20Bb7%2311%20%7C%7CA-7%20G/B%20%7CC%5E7%20C/D%20%7CEb%5E7/G%20%20%20%7CG%20C/D%20Z%20
597f7487-fef3-4b36-8c26-c8c0f61e0aa6,irealbook://No%20Moon%20at%20All%20nmn%3DDavid%20Mann%20%26%20Redd%20Evans%3DSlow%20Swing%3DD-%3Dn%3D%5B%2AAT44%3C%2A63%20312_%20%203%3ED-6%20%20%20%7C%3C%2A63%2037%CC%A3%20%20%20%20%203%CC%87%3EA7%20%20%20%7C%3C%2A63%20%C2%B7%2031%CC%B8%20%20321%CC%B83%3ECo%20%20%20%7C%3C%2A63%2026%CC%A3%20%20%20%20%202%CC%87%3EE-%20%20%20%7C%3C%2A63%20%C2%B7%2027%CC%A3%20%202%CC%8717%CC%A32%CC%87%3EEh%20%20%20%7C%3C%2A63%2015%CC%A3%CC%B86_%20%201%CC%876%CC%A37_%3EBh%20A%2B%20%5BN1%3C%2A63%20%20%206%3ED-6%20F7%20%7C%3C%2A63%20%C2%B7%3EBb7%20A7%20%7D%5BN2%3C%2A63%20%20%206%3ED-6%20%20%20%7C%3C%2A63%20%C2%B7%3E%20%3C%2A06%20Fine%3Ex%20%20%5B%2AB%3C%2A63%5Cm%5C%20%C2%B71%CC%87%20%2035%C2%B7%3ED7%20%20%20%7C%3C%2A63%2013%20%20%20%20%205%3E%20x%20%20%7C%3C%2A63/4/%20%C2%B71%20%2035%C2%B7%3EG7%20%20%20%7C%3C%2A63%2013%20%20%20%20%205%3E%20x%20%20%7C%3C%2A63/4/%20%C2%B71%20%206%CC%A3%CC%B85%C2%B7%3EC7%20%20%20%7C%3C%2A63%201%CC%876%CC%A3%CC%B8%20%20%20%20%205%2045%3E%20x%20%20%7C%3C%2A63/4/%2033%20%2033%3EF%20%20%20%7C%3C%2A63%20%C2%B754_%20%203%3EEh%3C%2A06D.C.%20al%202nd%20end.%3E%20Eb7%20Z%20
593799fb-26d3-44b1-ac20-7dedc73ab511,irealbook://What%20I%20Did%20For%20Love%20Part%202%3DLine%20A%20Chorus%3DMedium%20Swing%3DB%3Dn%3D%5B*DB%20%20%20%7CEb-7/Ab%20Ab7b9%20%7CC%23-7%20%20%20%7CE-6%20%20%20%7CB%20Eb-7/Bb%20%7CAb-%20Ab-/F%23%20%7CsAb-/F%2CAb-/Eb%2ClAb-6/Db%20%7ClE%20B/D%23%20%7CE/C%23%20F%237b9%20%7CB%20B/A%20%7CB/G%20p%20%7CB%20B/A%20%7CB/G%20p%20%7CB%20%20%20Z%20
