id,url
640e9606-ff71-4887-be6d-62dbdd77e004,irealb://%2348%20%28A%20major%2C%20Pop%2DRock%29=MasterTheGuitar%2Enet==Rock=A==1r34LbKcu7%5BT44AXyQKcl%20LZDXyQKcl%20LZ%7CE7XyQKcl%20LZAXyQKcl%20%3C8x%3E%20%7D%20=Pop%2DRock=55=16
648f4345-f1bd-49f1-ab34-4fca6e73a1aa,irealb://Back%20In%20Your%20Own%20Backyard=Dave%20Dreyer%2C%20Billy%20Rose%2C%20Al%20Jolson%201928==Medium%20Swing=F==1r34LbKcu7%7CQyXFT44FXlcKQyX7CZL%20lcKyQX7%2DG%7CQyXobG%7CQy%20LZN1%2CA%2A%2C%7BcKQyX%7DXyQXlcKQyX%2DA%2CB%2A%2C%7CQXyFZLbB%20F2NZL%20Qy%20LZD7QyX7CcKQyX7XyQKyXobG%7CQyXF%2CA%2A%2CLZ%20lcKQyX7CZL%20lcQ%7CG%2D7GZL%20ll%20LZC7XyQKcl%20LZFXyQKcl%20%20%5D%20=Jazz%2DMedium%20Swing=100=3
64908c2b-5a82-4b59-8440-c91517ac880e,irealb://Gatemouth=Lillian%20Hardin%20Armstrong%20%281926%29==Medium%20Swing=Eb==1r34LbKcu7%3E%29A%20n44Bb7os%20dna%20skaerB%28%29%20B%28%20%29B%28%20%29A%2847%2A%3Clos%20oTA%2A%5BYbB%7CQyb7%2C%3C%2ArB%20%2033%2A%3CbE%7CQyXEb%7CQyX%3EkaerB%20%2033eak%3EXB%7CQyXyX%29bEBb7%2C%3CX%3EkaerB%20%2033%2A%3Cb%7CEQyX%3EkaerB%20%2033%2AyQ%7C%20%28%7CQyX7kaerBXyQ%7CB%2A%3C7bE%7CQyXbE%7CQy%3EXkaerB%20%2033%2A%3C%2C7b30XyQ7bB%7CQx%20ZL%20Ab%20AoXbEB%2A%7BY%5DQyXbEZ7LbB%207FZL7C%20bEZLyQKcl%7CQyX%3EZL%20x%20%20LZG7KQyXbE%7CQyX7bB%7CyQX7F%7CQyX7%2DC%7CQyXcl%20LZx%20ZL%20%20x%20LZAb%20AoLZEb%20C7LZF7%20Bb7LZEbXyQ%7D%20=Jazz%2DMedium%20Swing=100=3
64d3c8db-c0e8-4bd1-990d-bee7da8c85af,irealb://Petit%20Fleur%20%2D%20tradjazz%2Dru=Bechet%20Sidney==Medium%20Swing=G%2D==1r34LbKcu7%2DGZL%20%2CG%2D6XX7D44TA%2A%5B%20QyX%5D%20%20n%2C7D%7CQyX7Af%7CQyyQKcli%2A%2Cf%5BQyXbBl%20LZAKQyX7DB%2A%5B%5D%20%20lcQKyX7DZL%20lcKQyX7cl%20LZcKQyX%2DG%7CQyyQ%7CC%2DyXhA%7CQyX%2C%2DGZL7%20DbB%7CQyX%2C7F%7CQyX7Q%7CD7XX%2CoB%7CcKQyXLZEh%2C%5D%20%20n%2C7DZL7bE%207ZDL%20lcKQyX7A%7CQyX%5B%2ACD7F%2F%2DG%207%2DD%207%2DXyQK%207G%20%2DGZL%2DC%20%2DG%7CyQX7D%7CQyX7AZL%20lc%5D%5B%2ADGGZL%20lX9b7DXyQ%7CChA%7CQyX6bBZL%20lcQKyX7FZL%20lcKQyX%2D7XyQ%7C%2C7GZLyQKcl%20LZG%2DXyQKcl%20LZA7%239XyQ%7CD7b9XyQ%7CG%2D%20D7b9LZG%2DXyQZ%20=Jazz%2DMedium%20Swing=100=3
64b27164-fc83-4b6f-9396-e739c6189301,"irealb://%4C%69%67%68%74%6C%79%20%52%6F%77%20%20%20%20%20%20%20%20%5B%23%5D=%62%65%32%73%68%61%72%70%20%41%52%52%3A==%5A%7A%20%50%69%63%6B%20%41%20%53%74%79%6C%65%20%59%6F%75%20%4C%69%6B%65=%43==%31%72%33%34%4C%62%4B%63%75%37%68%74%20%73%69%79%51%20%20%4E%67%6E%6F%73%20%72%75%6F%79%20%6E%6F%20%65%6F%74%6E%20%74%73%61%6C%20%65%68%74%20%65%6D%61%2E%20%49%74%20%58%36%35%2A%3C%3E%2E%74%72%61%2A%32%36%6B%65%65%52%69%20%65%68%74%20%6E%6F%20%74%65%73%74%20%73%75%6D%20%75%6F%79%20%74%61%68%74%20%79%61%6C%20%63%68%3C%20%3E%20%65%20%79%6C%6E%6F%51%58%79%51%58%65%73%20%73%69%20%6F%72%74%6E%69%20%73%69%54%68%20%20%51%79%58%32%36%2A%3C%51%79%58%51%79%74%20%75%70%20%79%58%51%79%58%74%74%65%6C%20%6F%76%69%64%65%68%63%20%6F%6E%20%73%61%68%34%32%2A%3C%20%74%3E%69%20%74%75%62%20,%6D%68%74%79%68%72%20%6F%72%64%73,%72%70%20%6F%74%4E%32%35%2A%3C%6F%75%20%67%65%58%51%79%58%51%79%58%51%79%58%3E%2E%6D%72%66%6F%72%65%70%20%6F%74%20%79%64%61%65%72%20%74%79%51%58%79%51%79%20%67%6E%69%58%43%41%2A%5B%65%61%6E%73%20%5A%4C%20%6E%20%34%34%54%69%2A%5B%20%20%51%58%79%51%79%58%3E%2E%73%64%72%6F%68%43%20%6F%4E%20%6E%20%20%5D%6D%20%2E%43%2E%79%58%37%47%42%58%79%51%7C%43%58%43%5A%4C%37%47%20%43%7C%51%79%58%37%47%51%7C%79%58%43%41%2A%5A%4C%20%6C%63%4B%51%79%58%79%51%5D%5B%2A%37%47%7C%51%79%6F%46%2F%6F%77%4C%5A%43%58%79%77%53%2D%7A%7A%61%4A%20%3A%65%6C%79%74%53%2E%20%78%45%3C%43%41%2A%7C%5A%4C%20%6C%63%4B%51%69%6E%67%20%54%20%6C%63%4B%51%6E%69%74%61%4C%65%6D%70%6F%20%34%34%2A%3C%5A%20%55%20%20%43%5A%4C%37%47%43%20%7C%51%79%58%37%47%7C%51%79%58%3E%30%32%31%58%79%51%20%20%54%20,%72%75%20%65%6D%6F%73%69%6C%3A%20%42%20%6F%54%3C%20%3E%30%32%31%20%6F%70%6D%65%20%54,%63%69%74%73%75%6F%63%41%20%61%73%73%6F%68%61%76%65%20%7A%61%72%42%2D%79%58%51%79%58%72%61%63%74%69%58%51%79%58%3E%20%6E%6F%20%6B%63%69%6C%43%3A%20%73%69%68%74%20%79%72%74%20,%67%6E%69%63%79%51%58%79%51%70%20%6E%75%66%6D%65%54%20%65%58%79%51%58%79%6E%61%68%63%20%64%6E%61%20,%6E%6F%63%69%22%20%65%63%69%74%63%61%72%50%22%20%65%68%74%51%67%65%20%74%68%36%34%2A%3C%51%3E%20%2E%36%20%2A%32%32%20%74%61%65%70%65%52%20%66%6F%20%72%65%62%6D%75%20%6E%65%68%74%20%74%65%53%20%2E%30%31+%20%6F%74%73%20%74%6F%3C%20%3E%6F%70%6C%53%2D%7A%7A%51%58%79%51%58%6C%79%74%53%20%65%68%74%20%74%63%65%6C%65%51%53%79%58%51%79%58%38%36%2A%3C%51%79%58%51%79%65%3A%20%4A%61%79%58%51%79%58%74%61%68%77%20%69%6E%67%2F%20%64%6E%61%20%67%6E%6F%73%20%65%68%74%20%79%6C%61%50%20%32%34%2A%3C%20%3E%2E%30%38%20%6D%6D%20%68%65%61%72%77%53%20%77%6F%73%65%72%20,%65%6E%73%2E%2E%6E%65%68%57%20%20%51%79%58%38%36%2A%3C%51%58%79%51%79%58%51%79%58%51%79%58%51%79%58%3E%2E%20%64%6F%6E%65%70%70%61%68%20%6F%20%6C%6C%61%65%20%54%65%6D%66%61%35%33%2A%3C%20%3E%6C%6C%69%77%20%74%20%69%72%6F%20,%6F%72%65%7A%20%6F%74%20%6F%70%66%65%63%74%20%68%74%20%74%65%74%68%65%72%20%74%75%6E%65%73%20%79%6F%75%20%70%6C%61%79%2E%3E%58%79%51%58%79%51%58%79%51%58%79%51%58%79%51%3C%62%23%3E%20=%4A%61%7A%7A%2D%53%77%69%6E%67%20%54%77%6F%2F%46%6F%75%72=%31%32%30=%33"
64ada663-2ea2-4295-9a4f-631230d029da,irealb://%43%61%6E%74%61%6D%6F%73%20%41%6C%20%52%65%79=%43%6F%61%6C%6F==%4D%65%64%69%75%6D%20%53%77%69%6E%67=%43==%31%72%33%34%4C%62%4B%63%75%37%39%5E%46%7C%5E%34%46%5E%39%20%47%20%7C%2A%6D%2A%41%2C%2A%2A%47%20%39%5E%7C%46%5E%43%51%79%58%7C%2A%6D%2A%41%2C%2A%2A%47%2A%6D%2A%20%43%34%54%41%2A%7B%2A%44%32%4E%5A%41%2A%6D%2A%7C%51%79%58%7D%20%39%23%37%45%20%73%75%73%37%7C%45%51%79%58%2A%6D%2A%44%31%4E%5A%4C%51%79%58%58%79%51%20%4C%2C%2A%2A%47%20%42%7C%2A%2A%43%2A%2C%46%5E%7C%39%5E%46%5A%4C%51%79%58%7C%2A%6D%2A%41%2C%2A%2A%47%20%39%5E%46%42%2A%5B%5D%20%5E%43%20%20%20%47%2A%2A%2C%2A%43%20%2A%6D%70%2C%70%2C%70%2A%6D%2A%2C%47%20%2A%6D%2A%47%31%4E%5A%4C%51%79%58%7C%2A%2A%6D%41%2C%2A%2A%47%20%39%5E%46%5A%4C%2A%6D%2A%46%23%68%4C%5A%41%2C%2A%2A%62%45%36%36%2A%3C%32%42%62%5E%58%6D%2A%44%51%79%58%3E%6C%61%6E%69%46%20%36%2A%36%3C%30%4E%5D%70%2C%70%2C%70%2C%70%7C%51%79%2A%7C%58%79%51%4E%7C%7D%70%2C%6D%2A%47%20%20%5A%70%2C%70%2C%2A%5B%5A%51%79%58%5E%62%42%7C%2C%70%2C%70%70%2C%2C%70%7C%39%44%20%20%5E%46%7C%2C%70%2C%70%43%41%2A%6D%2A%4C%3E%39%23%37%6D%2A%47%20%20%4C%5A%46%5E%20%2E%34%20%39%36%2A%3C%30%4E%5A%4C%3E%33%78%35%31%2A%3C%37%45%20%20%7C%2A%2A%44%2C%2A%2A%43%3E%41%2A%6D%2A%51%79%58%7C%2A%2A%7C%43%2A%2A%2C%41%62%2A%2A%2C%45%62%2A%2A%2C%44%2A%6D%2A%7C%20%43%2A%2A%20%46%5E%7C%20%20%43%5E%20%5D%20=%4A%61%7A%7A%2D%4D%65%64%69%75%6D%20%53%77%69%6E%67=%31%30%30=%33
64a3ea7f-71cd-446c-972d-b803f6c149e1,irealb://%4C%6F%20%53%6F%62%72%65%6E%61%74%75%72%61%6C=%4D%61%63%68%69%6E%20%44%6F%72%69%73==%50%6F%70%20%2D%20%52%6F%63%6B=%44%2D==%31%72%33%34%4C%62%4B%63%75%37%41%2A%7B%7D%51%34%44%2D%20%43%79%58%41%7D%20%2D%41%3E%33%78%20%20%51%79%39%58%36%2A%3C%20%2D%47%5A%4C%46%20%2D%41%5A%4C%51%7C%41%58%79%34%54%69%2A%7B%51%79%58%46%7C%53%6F%6D%6F%73%7C%51%79%58%2D%44%3E%2E%2E%2E%61%63%73%75%20%62%65%75%71%20%6F%6C%62%65%75%70%20%6E%75%20%44%2D%58%79%51%20%39%36%2A%3C%20%64%69%64%65%7C%47%2D%58%79%6F%63%20%65%72%50%28%31%37%2A%3C%7B%7D%51%58%79%41%7C%51%79%58%41%7C%51%79%58%2D%47%7C%51%72%6F%29%20%50%51%79%58%46%7C%4E%7C%51%79%58%64%61%72%C3%A1%2E%58%2D%47%7C%51%79%58%2D%44%7C%51%79%58%2D%7C%44%51%79%58%2D%47%7C%51%79%58%2D%47%3E%2E%2E%79%51%7C%47%2D%20%73%6F%20%79%64%65%70%20%61%7C%41%58%79%51%20%32%37%2A%3C%42%2A%7B%51%79%58%41%7C%51%58%79%41%7C%51%79%58%43%7C%51%79%58%43%32%4E%7D%56%69%6E%65%20%51%79%58%41%31%43%7C%51%79%58%69%6E%65%20%61%20%46%7C%51%79%58%62%42%7C%51%79%58%43%7C%79%51%58%2D%44%3E%2E%2E%2E%72%61%63%73%75%62%20%43%4C%5A%42%62%76%20%2C%72%69%20%29%45%28%20%2D%20%20%51%4C%7D%20%53%20%3E%51%79%58%36%36%2A%3C%20%3E%54%6F%20%51%79%58%51%79%58%36%36%2A%3C%2D%44%5A%7C%20%28%44%29%44%7C%51%79%58%20%6F%6C%20%65%46%29%7C%20%28%58%39%36%2A%3C%53%7B%7D%20%29%44%28%20%3E%20%41%6F%54%20%20%35%34%2A%3C%29%45%28%20%29%44%79%51%20%20%44%28%20%29%44%28%72%65%70%20%6F%44%2D%58%79%51%58%31%37%2A%3C%20%2D%44%7C%51%79%58%62%42%51%7C%79%58%43%3E%65%6C%62%69%53%32%37%2A%3C%7C%79%51%53%6F%6C%3E%6F%70%6D%69%69%74%20%38%20%6D%6F%73%3E%20%2A%3C%7C%7C%51%79%58%2D%47%3E%73%6F%70%6D%69%65%74%20%38%20%51%79%58%34%35%2A%3C%7C%7D%20%35%37%58%79%51%69%75%67%65%73%6F%70%6D%65%69%3E%44%2D%58%79%37%35%2A%3C%7C%51%79%58%2D%47%3E%73%6F%70%65%6D%69%74%20%38%20%51%79%58%37%35%2A%3C%7C%51%20%31%32%20%74%73%6F%70%6D%65%44%7C%51%79%58%51%7C%3C%2A%35%79%58%3E%42%20%6F%54%20%51%79%58%51%79%58%33%36%2A%3C%41%3E%73%6F%70%6D%65%69%74%20%38%37%51%7D%7B%51%43%79%58%43%3E%73%2D%28%46%29%20%28%45%29%3C%2A%34%38%58%79%51%20%20%78%35%3E%20%28%44%29%20%28%43%29%7D%44%2D%28%42%62%29%20%28%41%29%20%28%44%29%20%5A%20=%50%6F%70%2D%52%6F%63%6B=%31%36%30=%31
64a95578-d9f1-48b3-85f0-29106d2db775,irealb://%45%6D%61%6E%75%65%6C=%43%72%61%66%74%20%45%76%61%6E==%48%6F%6C%69%64%61%79=%41==%31%72%33%34%4C%62%4B%63%75%37%41%5A%4C%44%20%34%41%20%44%4C%23%43%2F%41%5A%4C%44%20%41%41%2A%7B%5A%4C%20%44%2D%42%5A%4C%44%20%41%5A%4C%44%20%2D%42%5A%20%44%4C%5A%41%34%54%69%2A%7C%20%44%42%2A%7B%2A%36%39%58%79%4E%34%34%54%5A%4C%20%3E%42%20%6F%54%39%36%3C%2A%20%44%34%32%54%7C%7D%20%44%3E%34%78%20%51%31%44%58%79%51%3C%20%23%43%2F%33%2A%3C%51%20%2D%20%45%4C%5A%2F%41%20%2D%42%5A%4C%45%20%44%5A%4C%2D%23%20%46%2D%42%5A%4C%45%20%2D%23%46%5A%4C%41%20%44%43%23%4C%5A%44%23%46%5A%4C%41%32%4E%7D%20%20%6E%3E%20%20%7D%79%58%30%36%2A%3C%20%2D%23%46%31%4E%7C%51%58%79%41%7C%51%79%58%45%7C%51%79%58%44%43%2A%7B%51%20%58%33%3E%69%20%6F%54%39%44%58%79%51%7C%44%20%3C%2A%37%32%54%6F%20%42%3E%20%20%7D%7B%51%42%2D%20%41%4C%5A%44%58%79%51%7D%20==%30=%30
64418680-dae3-4139-b55d-3552b6539fde,irealb://%43%72%65%65%72%C3%A9=%43%69%65%6C%6F%20%54%65%72%63%65%72==%52%6F%63%6B%20=%45%62%2D==%31%72%33%34%4C%62%4B%63%75%37%58%23%43%7C%51%34%44%23%2D%2C%51%79%58%23%46%7C%51%79%58%42%7C%51%79%58%7C%42%51%79%58%2D%23%44%5A%4C%20%42%2A%20%41%2A%7C%46%23%58%79%34%54%69%2A%7B%23%46%7C%51%79%58%79%51%7D%5B%79%58%42%7C%51%79%58%2D%23%44%7C%51%79%58%23%2D%44%7C%51%79%58%23%43%7C%51%79%58%42%43%2A%51%7C%43%23%58%23%43%7C%51%79%20%20%3E%42%20%4C%5A%44%23%2D%36%2A%3C%20%23%43%7C%51%79%58%23%43%7C%51%58%79%2D%23%47%7C%51%79%58%2D%23%47%7C%51%79%58%33%20%20%54%6F%46%2F%23%43%20%58%43%66%7C%7D%2D%58%79%51%7C%51%79%58%44%7C%51%79%58%47%7C%51%79%58%47%51%7C%79%58%43%7C%51%79%58%43%7C%51%79%58%2D%45%7C%44%58%79%51%45%44%2A%7B%5D%79%51%7C%47%58%79%51%5A%20=%50%6F%70%2D%52%6F%63%6B=%31%31%35=%31
643603d6-3e0c-4f78-bc52-37e03640267f,"irealb://%41%6C%65%6C%75%79%61=%48%69%6C%6C%73%6F%6E%67==%42%61%6C%6C%61%64=%41=%32=%31%72%33%34%4C%62%4B%63%75%37,%73%75%73%41%34%41,%58%79%45%7C%51%79%58,%23%43%2F%41%7C%51%79%58%44,%7C%51%79%58,%44%7C%51%79%58,%41%7C%51,%58%79%51%7C%34%54%41%2A%5B%20%6C%65%69%66,%58%79%51%5D%4F%49%44%20%61%79%75%6C%65%6C%61%20,%61%75%79%6C%65%6C%61%20,%61%79%75%6C%65%6C%41%3C%53%20%65%73%20%41%7C%51%79%58%3E%20=%4A%61%7A%7A%2D%42%61%6C%6C%61%64%20%53%77%69%6E%67=%36%30=%33"
6409c21d-248c-45e0-b2cd-1cb7aefd3ec3,"irealb://%45%6E%20%54%75%20%50%72%65%73%65%6E%63%69%61=%43%6F%6D%70%6F%73%65%72%20%55%6E%6B%6E%6F%77%6E==%42%61%6C%6C%61%64%20%45%76%65%6E=%45=%30=%31%72%33%34%4C%62%4B%63%75%37%2A%7B%51%79%58%34%47%23%2D,%46%20%41%5A%4C%2D%23%43%20%2D%23%47%7C%51%58%79%45%5A%4C%42%20%41%5A%4C%2D%23%43%20%41%2A%23%2D%4C%5A%42%34%54%69%2A%5B%7C%7D%51%79%58%5A%45%58%79%51%46%20%41%31%4E%5A%4C%2D%23%43%20%23%47%5A%42%4C%20%41%7C%51%79%58%45%5A%4C%42%20%41%7C%7C%23%2D%4C%5A%42%4C%42%20%41%42%58%45%5A%4C%42%4C%5A%45%20%3C%23%43%20%45%5A%4C%42%20%41%5A%4C%2D%23%43%45%20%51%5B%5A%4C%20%3E%41%20%6F%54%20%36%36%2A%2D%4C%5A%41%20%42%20%41%32%4E%79%51%7C%45%58%79%51%5A%20=%4A%61%7A%7A%2D%42%61%6C%6C%61%64%20%45%76%65%6E=%36%30=%33"
64649004-ce0c-4f50-8879-1bbae9763e64,"irealb://%4C%61%20%55%6E%63%69%C3%B3%6E=%4A%75%61%6E%20%43%61%72%6C%6F%73%20%41%6C%76%61%72%61%64%6F==%4D%65%64%69%75%6D%20%53%77%69%6E%67=%43==%31%72%33%34%4C%62%4B%63%75%37%79%58%51%79%58%54%34%34%3C%2A%6E%65%20%6F%64%6E%61%72%62%6F%20%C3%A1%74%73%20%65%6E%C3%B3%69%63%6E%75%20%61%4C%2F%2F%20%32%37%20%6D%69%2F%2F,%41%2A,%7B%2E%2E%2E%65%72%65%6E%64%6F%6D%20%31%37%2A%3C,%42%2A,%7B%51%79%58%51%58%79%51%79%58%7D%20%20%46%5A%4C%47%20%43%3E%65%2F%2F%4C%69%62%69%63%61%48%51%2A,%7B%51%79%20%47%4C%5A%3C%79%58%7D%20%20%46%3E%2F%2F%65%6D%6F%64%6E%69%65%63%61%48%20%20%51%79%58%51%79%58%32%37%2A%51%58%79%51%58%43%3E%20%2E%2E%20%51%79%58%7D%32%20%2F%2F%45%47%20%43%3E%2F%2F%72%6F%6C%6F%64%20%6F%64%74%6F%20%65%64%20%61%72%62%69%6C%20%65%6D%20%6C%4C%5A%46%20%20%37%2A%3C,%43%20%43%3E%20%2E%6E%20%65%6C%20%73%65%4A%2F%2F%20%39%36%2A%3C,%44%2A,%20%7B%20%51%79%58%3E%65%64%20%65%72%62%6D%6F%6E%C3%BA%73%2E%2E%2E%45%32%37%2A%3C%47%4C%5A%3C%2A%37%32%58%79%51%58%79%51%20%20%45%6E%20%65%6C%20%6E%6F%6D%62%72%65%20%64%65%2F%2F%3E%46%20%20%7D%20=%4A%61%7A%7A%2D%4D%65%64%69%75%6D%20%53%77%69%6E%67=%31%30%30=%33"
64e95e3c-89cb-4da9-a4c7-c477bd8df484,"irealb://%C4%B0%4C%54%C4%B0%4D%41%53=%47%55%4C%53%45%4E%20%4D%55%52%41%54%20%42%4F%5A==%50%4F%50=%41%2D==%31%72%33%34%4C%62%4B%63%75%37%5A%4C%51%79%58%34%20%41%2D%20%5A%4C%51%79%58%5A%4C%51%79%58%69%2A%7D%20%20%47%46%5A%4C%20%46%20%5A%4C%20%2D%44%20%5A%4C%58%79%51%4C%5A%34%54%69%2A%7B%5A%4C%20%78%20%2D%20%4C%5A%41%5A%4C%20%78%20%5A%4C%20%2D%44%20%42%2A%7D%47%20%20%2D%44%5A%4C%20%2D%44%20%5A%4C%47%20%2D%20%46%20%4C%5A%41%20%41%2A%7B%74%20%34%20%2F%5A%20%45%2D%20%20%36%31%20%34%37%2A%3C%43%2A%7B%5A%4C%20%20%46%3E%73%65%36%36%2A%3C%5A%4C%20%46%20%5A%4C%6F%6C%63%75%20%4C%20%2D%41%20%79%58%5A%4C%51%20%3E%20%41%2D%79%58%5A%4C%51%79%58,%69%2A,%7D%20%47%46%20%5A%4C%20%46%20%5A%4C%20%2D%44%20%5A%4C%20%51%4C%5A%58%79%72%61%72%6B%65%3C,%5A%4C%51%41,%3C%2A%33%79%58,%43%2A,%5A%4C%51%79%58,%42%2A%5A,%4C%51%79%58%3E%20%6B%C3%BC%C5%9F%C3%BC%64%20%20%34%51%4C%5A%58%79%2A,%5A%4C%51%20%75%63%6C%6F%73%75%6B%20%61%61%6C%72%6F%6B%61%20%74%61%72%61%6B%61%6E%69%20%64%6F%6C%65%6D%20%68%74%6E%79%73%20%61%72%72%C4%B1%20%38%20%75%64%34%33%2A%5A%4C%51%79%58%4C%5A%58%79%51%5A%4C%51%79%58,%43%2A,%5A%4C%51%79%58%69,%2A,%5A%4C%51%79%58%5A%4C%51%79%58%5A%4C%58%79%51%4C%5A%51%79%58%3E%20,%2A%69,%58%79%51%4C%5A%58%79%51%4C%5A%58%79%51%4C%5A%58%79%51%4C%5A%58%79%51%4C%5A%58%79%51%4C%5A%58%79%51%4C%5A%58%79%51%20%5A%20==%30=%30"
647db34c-b4a4-4f9f-8b0c-c6b633afacb3,"irealb://%4B%61%C3%A7%20%6B%61%64%65%68%20%6B%C4%B1%72%C4%B1%6C%64%C4%B1=%20%4B%69%62%61%72%69%79%65==%61%72%61%62%65%73%6B%20=%43==%31%72%33%34%4C%62%4B%63%75%37%5A%4C%46%20%47%34%20%45%2D%20%45%5A%4C%2D%44%20%2D%41%5A%4C%47%20%2D%44%4C%5A%20%2D%45%20%7C%2D%45,%46%20%2D%44%5A%4C%2D%20%43%4C%5A%34%54%69%2A%5B%20%47%5A%4C%2D%37%62%35%4C%5A%4C%20%43%20%41%2A%7B%5A%4C%20%78%20%5A%4C%78%20%20%5A%4C%2D%45%20%2D%44%5A%4C%46%20%2D%45%5A%44%2D%20%45%2D%42%20%2D%44%4C%2D%45%20%35%20%45%2D%20%7D%4C%46%20%43%5A%4C%2D%45%20%2D%44%7C,%46%43,%20%47%5A%4C%47%20%2D%44%5A%4C%20%2D%45%20%5A%42%2D%37%62%46%5A%4C%2D%44%51%79%58%5A%4C%5A%58%79%51%4C%2D%45%20%2D%44%5A%4C%46%20%2D%45%3E%2D%65%69%20%64%6F%6C%65%6D%20%61%72%61%30%37%2A%3C%5A%4C%5A%58%79%51%4C%51%79%58%5A%4C%46%20%41%5A%41%2D%20%4C%5A%42%20%2D%43%5A%4C%62%44%2F%41%20%2D%44%5A%46%4C%20%43%5A%4C%20%47%20%5A%4C%2D%45%20%2D%44%2D%37%62%35%4C%20%42%2A%5A%4C%5A%4C%51%79%58%2D%4C%5A%44%2D%5A%4C%51%79%58%5A%4C%51%79%58%5A%4C%51%79%5A%58%4C%2D%45%20%2D%44%7C,%46,%43,%47,%58%79%51%4C%5A%45%20%2D%44%5A%58%79%51%4C%5A%58%79%51%4C%5A%58%79%51%4C%5A%58%79%51%4C%5A%58%79%51%20%5A%20==%30=%30"
64746631-b873-4e33-b91d-c7bd11feb36b,irealb://%34%32%20%44%2D%4C%69%74%65%20%28%52%6F%63%6B%29%20%44=%43%6F%6D%70%6F%73%65%72%20%55%6E%6B%6E%6F%77%6E==%52%6F%63%6B=%44==%31%72%33%34%4C%62%4B%63%75%37%32%4E%7C%7D%51%20%41%4C%5A%47%41%20%47%31%4E%5A%4C%44%20%41%5A%4C%2D%45%44%20%5A%4C%41%20%44%5A%4C%41%20%47%5A%4C%44%20%4C%5A%44%58%79%44%34%34%54%5B%47%20%41%4C%5A%44%58%79%51%5A%20==%30=%30
644c61c5-21e1-4557-a22b-01616e0d8792,irealb://%42%69%74%74%65%72%20%43%72%65%65%6B=%54%72%61%64%69%74%69%6F%6E%61%6C==%46%69%64%64%6C%65%20%54%75%6E%65=%47==%31%72%33%34%4C%62%4B%63%75%37%5A%4C%6F%23%43%34%47%20%47%2F%2F%47%20%47%5A%4C%37%44%20%41%2F%37%44%5A%6F%4C%23%47%20%47%5A%4C%6F%23%43%20%43%5A%4C%42%42%4C%5A%43%20%32%54%41%2A%7B%47%5A%4C%37%44%2F%46%23%4C%5A%5A%4C%6F%23%47%20%47%5A%4C%6F%23%43%20%43%4C%5A%42%2F%47%20%47%41%2A%7B%7D%20%47%20%37%44%44%37%2F%41%20%37%44%20%37%44%20%47%2F%42%4C%5A%43%20%43%23%6F%4C%5A%44%37%20%44%37%2F%46%23%4C%5A%44%37%20%47%20%7D%20=%4A%61%7A%7A%2D%4D%65%64%69%75%6D%20%53%77%69%6E%67=%31%30%30=%33
64036c7c-96d3-4baa-ae93-a72e5469aeba,irealb://%44%6F%6E%27%74%20%4C%65%74%20%59%6F%75%72%20%44%65%61%6C%20%47%6F%20%44%6F%77%6E=%54%72%61%64%69%74%69%6F%6E%61%6C==%42%6C%75%65%67%72%61%73%73=%47==%31%72%33%34%4C%62%4B%63%75%37%7C%5A%4C%20%6C%34%45%37%58%79%47%5A%4C%20%6C%63%4B%51%79%58%37%44%5A%4C%6C%20%63%4B%51%79%58%37%41%5A%4C%20%6C%63%4B%51%58%79%51%4B%63%34%54%41%2A%5B%4B%51%79%58%37%4B%63%6C%20%4C%6C%63%4B%51%79%58%47%5A%4C%20%6C%63%4B%51%58%79%37%44%5A%4C%20%6C%63%4B%51%79%58%37%41%5A%20%20%5D%5B%45%51%79%58%37%45%41%5A%4C%20%6C%41%37%58%79%51%37%45%7C%5A%4C%20%6C%63%4B%51%79%58%47%5A%20%4C%6C%63%4B%51%79%58%37%44%5A%4C%20%6C%63%4B%58%79%51%4B%63%5A%4C%20%6C%63%37%58%79%51%4B%63%6C%20%4C%5A%44%37%58%79%51%4B%63%6C%20%4C%5A%47%58%79%51%4B%63%6C%20%20%5A%20==%32%32%30=%33
64b6d533-0110-444b-aba6-b985a2bd9f88,irealb://%53%65%6E%65%63%61%20%53%71%75%61%72%65%20%44%61%6E%63%65=%54%72%61%64%69%74%69%6F%6E%61%6C==%42%6C%75%65%67%72%61%73%73=%47==%31%72%33%34%4C%62%4B%63%75%37%79%58%2C%47%5A%34%47%58%79%51%5A%4C%20%6C%63%4B%51%79%58%2C%47%7C%51%79%2C%58%43%7C%51%79%58%2C%2D%45%5A%4C%20%6C%63%4B%43%2C%20%44%4C%34%54%41%2A%7B%51%7D%7B%47%2C%58%79%51%4B%63%6C%20%4C%5A%20%78%20%4C%5A%45%2D%2C%58%79%51%7C%43%2C%58%79%51%7C%47%2C%58%79%51%7C%43%2C%20%44%4C%5A%47%2C%58%79%51%7D%20=%50%6F%70%2D%42%6C%75%65%67%72%61%73%73=%32%32%30=%33
64be7739-17e1-4a4f-a44d-194a4ddf1e84,irealb://%52%69%6F%62%61%6D%62%65%6E%69%74%61%20%28%47%69%67%29=%45%63%75%61%64%6F%72%20%50%61%73%61%63%61%6C%6C%65==%50%6F%6C%6B%61%20%32%2D%46%65%65%6C=%43%2D==%31%72%33%34%4C%62%4B%63%75%37%79%58%2D%43%7C%58%79%51%7C%43%7C%51%79%58%47%7C%51%79%58%2D%43%41%2A%5B%51%7D%79%58%2D%43%7C%51%79%58%47%7C%51%79%58%2D%47%37%58%79%51%47%34%34%54%7B%51%79%58%2D%43%79%51%7C%47%58%47%5A%4C%20%6C%63%4B%51%79%58%62%45%42%2A%5D%5B%51%79%58%2D%43%7C%51%79%58%37%47%7C%51%79%37%58%79%51%7C%58%2D%43%7C%51%7C%51%79%58%2D%51%4B%63%6C%20%37%47%7C%51%79%58%2D%43%7C%51%79%58%47%69%5B%2A%5D%51%79%58%2D%43%7C%51%79%58%37%47%5A%4C%58%79%51%7C%43%79%58%62%45%7C%7C%51%79%58%62%43%2D%58%79%51%20%62%41%5A%4C%20%6C%63%4B%51%79%58%62%41%2A%43%5B%5D%51%79%58%2D%43%7C%51%79%58%37%47%7C%42%62%4C%5A%45%7C%51%79%58%47%7C%51%79%58%2D%4B%63%6C%20%4C%37%47%5A%4C%20%6C%63%4B%51%79%58%62%45%44%5B%2A%5D%51%79%58%62%45%5A%4C%62%42%20%62%41%5A%58%79%51%7C%43%51%79%58%62%41%2D%43%7C%51%79%4B%63%6C%20%4C%5D%51%79%58%2D%43%3E%61%64%6F%43%20%6C%61%2E%20%43%2E%44%34%30%2A%3C%7C%51%79%58%37%47%5A%59%7B%51%47%58%51%79%58%62%45%58%79%51%7C%47%37%4C%5A%4E%31%43%2D%20%7D%4E%32%3C%E2%99%A9%E0%B8%AF%20%E2%99%AA%20%20%E2%99%A9%3E%73%43%2D%2C%73%47%2C%55%2C%6C%43%2D%20%5A%20=%50%6F%70%2D%44%69%73%63%6F=%31%33%35=%31
64486600-b9af-43b5-8510-6ebda32699c3,"irealb://%4D%61%20%50%6C%75%73%20%42%65%6C%6C%65%20%48%69%73%74%6F%69%72%65%20%44%27%41%6D%6F%75%72=(%72%68%6F%64%65%73%20%32%20%2D%20%42%70%6D%31%34%30%20%2D%20%58%31)==%42%61%6C%6C%61%64%20%45%76%65%6E=%43==%31%72%33%34%4C%62%4B%63%75%37%44%2F%47%7C,%34%73%47,%7C%7C,%2D%41%7C,%2D%41%7C,%2D%45%7C,%47%62%2F%37%5E%47%7C,%47%53%41%2A%7B%7D,%44%44%37,%7C%47%33%54%69%2A%7B%7C,%44%7C,%7C%41%2D,%7C%45%7C,%37%44%7C,%37%44%7C,%37%41%7C%2D,%45%7C,%62%47%2F%37%42,%47%7C,%37%44%2D,%7C%41%2D,%43%5B%7D,%37%62%45%7C,,%7C%44%37,%2D%62%42%7C,%2D%46%7C,%47%2F%37%5E%62%7C%41,%62%41%42%2A%7B,%37%62%45%7C,%47%7C,%7C%42%62%2D%2D%41%7C,%47%62%45%7C,%37%7C%41%62,%7D%62%42%7C,%2D%46%7C,%47%2F%37%43,%62%7C%41,%37%62%45%7C,%2D%62%42%7C,%62%44%7C%37,%7C%45%62,%62%41%7C,%7C,%41%43%2A,%7C%46%2D%2F,%62%41%7C,%37%62%45%7C,%2D%62%42%7C%62,%41%7C,%62%42%2F%57,%37%62%45%7C,%43%7C%41%62,%5B%2D%46%7C,%37%3C%7C,%37%62,%7C%45,%7C,%41%31%4E%7C,%45%7C,%37%42%7C,%45,%7C%41%7C,%45%7C,%37%42%7C,%45%7C,%41%7C%45,%7C%45%37%42%7C,%45%5D%6E%7C,%37%61%6C%20%32%6E%62%45%7C,%37%62%45%7C,%45%7C,%41%32%5A%4E%4C%5D,%37%5E%62%41%3E%2E%64%6E%45%20%64%37,%7C%45%62%20%2E%53%2E%44%42%7C,%62%44%62,%7C%41%62%7C,%62%41%7C,%37%62%45%7C,%37%2D%62%7C%42,%2D%62%42%7C,%2D%46%7C,%47%2F%37%5E%41%62,%7D%7C%41%42%2A%7B%20%37%62%45%7C,%62%37,%7C%41,%2D%46%7C,%37%62%45%7C,%37%62%45%7C%37,%62%42%7C,%2D%46%7C,%47%2F%37%43,%62%7C%46%2D%2F%43%45%7C,%2D%62%66%55%7C,%62,%7C%41%62,%45%7C,%2D%62%42%7C,%62%44%7C,%37%62%7C%41,%62%41%7C,%37%62%45%7C,%2D%62%42%7C%62%37,%7C%41%62%42%2F%57,%42%62%2D%31%31,%7C%6C%6E%73%4C%5A%41%62%5E%37%20%5A%20=%4A%61%7A%7A%2D%42%61%6C%6C%61%64%20%4D%65%6C%6F%64%69%63=%31%33%30=%31"
64ecc905-41f2-4cd1-922d-1c3a0fa8f21d,irealb://%49%6E%20%54%68%65%20%53%74%69%6C%6C%20%4F%66%20%54%68%65%20%4E%69%74%65%20%28%49%27%6C%6C%20%52%65%6D%65%6D%62%65%72%29%20%28%42%65%6C%6F%66%66%20%61%72%72%2E%29=%50%61%72%72%69%73%20%46%72%65%64==%53%6C%6F%77%20%42%61%6C%6C%61%64=%43==%31%72%33%34%4C%62%4B%63%75%37%47%20%2D%44%7C%34%43%20%46%4C%51%79%58%2D%41%7C%51%79%58%43%41%2A%5B%5D%79%51%58%43%5A%4C%46%20%43%5A%4C%37%47%20%43%5A%7C%46%58%79%51%34%54%69%2A%5B%42%2A%5B%5D%51%79%51%7C%41%2D%79%58%46%5A%4C%37%43%20%43%5A%4C%46%20%43%4C%5A%37%47%20%2D%44%7C%51%79%58%46%7C%51%79%58%51%7C%70%58%79%58%43%5A%4C%37%2D%44%7C%51%79%70%20%43%37%4C%58%2D%41%7C%51%79%58%43%7C%51%79%58%70%7C%79%51%58%37%47%7C%51%79%58%70%7C%51%79%58%46%5A%79%51%7C%46%58%7C%51%79%58%43%37%20%47%37%4C%5A%43%20%46%4C%5A%43%20%47%37%4C%5A%43%20%46%4C%5A%43%58%79%51%5A%20=%4A%61%7A%7A%2D%53%6C%6F%77%20%53%77%69%6E%67=%30=%31
64e9529b-0b0a-4f89-9a29-f08d2a9583f9,irealb://%54%6F%6D%6F%72%72%6F%77%20%28%42%65%6C%6F%66%66%20%61%72%72%2E%29=%43%68%61%72%6C%65%73%20%53%74%72%6F%75%73%65%2C%20%4D%61%72%74%69%6E%20%43%68%61%72%6E%69%6E==%4D%6F%64%65%72%61%74%65%6C%79=%44=%30=%31%72%33%34%4C%62%4B%63%75%37%4C%37%5E%44%20%34%44%20%44%5E%5D%20%37%41%20%37%5E%47%7C%2C%20%2C%20%20%2D%37%42%5A%4C%2D%23%46%20%2C%37%5E%47%5A%4C%37%5B%2A%41%44%2C%34%54%69%2A%5B%51%79%58%37%2D%46%23%2D%2C%4C%46%20%37%5E%47%5A%4C%37%5E%44%20%44%5A%4C%41%37%20%2C%37%5E%47%7C%51%79%58%2C%37%2D%42%5A%23%2D%4C%5A%42%20%37%5E%47%5A%41%5A%4C%73%75%2C%41%37%73%75%37%5E%46%20%46%5A%4C%43%20%62%42%5A%4C%37%44%2D%20%2C%2D%44%6C%42%2A%5B%5D%2C%37%41%20%73%4C%5A%41%37%73%37%5E%47%73%7C%20%44%6C%7C%2C%41%44%20%44%5E%73%37%41%73%20%2C%36%62%45%7C%51%79%58%2C%2D%37%42%5A%4C%2C%2D%23%46%20%37%5E%47%5A%4C%37%75%73%2C%41%37%2A%5B%5D%20%37%44%5A%4C%47%20%44%37%2C%20%47%37%5E%44%20%44%6C%51%5B%5A%20%44%5A%4C%44%7C%6C%2C%37%41%2C%73%75%73%37%41%73%20%44%5A%4C%4C%5A%44%37%2C%5A%4C%37%5E%44%20%73%41%37%73%75%73%2C%41%37%2C%7C%6C%44%4C%5A%44%20%5A%20=%4A%61%7A%7A%2D%42%61%6C%6C%61%64%20%53%77%69%6E%67=%31%31%30=%31
643b01a0-5236-43da-88b0-7b3af6e50965,irealb://%48%43%51%20%53%74%72%75%74%20%2F%54%47%4A%43=%52%65%69%6E%68%61%72%64%74%20%44%6A%61%6E%67%6F==%4D%65%64%69%75%6D%20%53%77%69%6E%67=%47==%31%72%33%34%4C%62%4B%63%75%37%41%5A%4C%37%45%34%43%23%68%20%4C%36%2D%43%20%68%23%43%5A%4C%51%79%58%7C%51%72%79%58%7C%51%79%58%42%2F%47%5A%4C%36%2D%43%5A%47%2F%42%20%34%54%41%2A%7B%47%7C%51%79%58%5A%47%58%79%51%79%58%43%7C%51%79%58%37%47%7C%51%79%58%47%51%7C%79%58%6F%23%43%7C%51%79%58%43%42%2A%5B%7D%51%7C%43%23%6F%4C%37%44%20%37%2F%47%5A%4C%36%37%58%79%51%5D%43%5A%4C%51%79%58%7C%72%51%79%58%7C%51%79%42%58%2F%47%5A%4C%36%2D%43%20%68%23%43%41%2A%5B%23%68%20%43%2D%44%7C%51%79%58%4D%20%79%62%20%5A%41%37%20%44%63%73%6E%61%72%74%28%20%6E%6F%69%73%72%65%20%76%39%33%39%31%3C%5A%4C%37%45%20%47%5A%4C%37%72%69%62%65%64%4C%37%45%20%42%61%72%74%69%6E%20%47%69%6F%61%6E%69%29%3E%41%37%20%44%37%4C%5A%47%58%79%51%5D%7C%20=%4A%61%7A%7A%2D%4D%65%64%69%75%6D%20%53%77%69%6E%67=%31%30%30=%33
64d47d36-b41f-4195-84aa-f3684cbe3f0f,irealb://%47%72%61%6E%64%65%20%53%65%6E%68%6F%72=%2E==%4D%69%6E%69%73%74%C3%A9%72%69%6F%20%4C%69%76%72%65=%43==%31%72%33%34%4C%62%4B%63%75%37%79%58%78%7C%51%54%36%38%43%58%79%58%78%7C%51%79%58%47%38%36%54%7B%7D%51%58%79%78%7C%51%79%58%44%7C%51%79%58%78%7C%51%79%51%7C%46%58%79%2C%69%2A%2C%7B%7C%51%79%58%47%79%51%7C%78%58%3E%6F%C3%A3%72%66%65%52%36%36%2A%3C%7B%51%79%47%58%7C%7D%51%79%58%44%7C%51%79%58%43%7C%51%79%43%20%44%4C%5A%58%2D%45%7C%51%43%20%44%4C%5A%45%2D%20%43%4C%5A%44%58%79%51%7C%78%58%79%51%7D%3C%2A%33%39%56%6F%6C%74%61%20%69%6E%74%72%6F%3E%20==%30=%30
64bf8030-6bac-48eb-a4d4-c48fc0bc331f,irealb://%4E%C3%A3%6F%20%53%65%72%65%6D%6F%73%20%41%62%61%6C%61%64%6F%73=%2E==%4D%69%6E%69%73%74%C3%A9%72%69%6F%20%4C%69%76%72%65=%43==%31%72%33%34%4C%62%4B%63%75%37%5E%41%5A%4C%2D%34%41%4C%5A%78%5A%4C%5E%44%5A%4C%78%5A%4C%41%41%2A%7B%20%51%20%79%58%51%79%58%5B%20%78%5A%4C%5E%44%5A%4C%78%4C%5A%46%23%34%54%69%2A%5B%4C%78%5A%4C%41%5A%78%20%7D%5B%78%5A%4C%5E%44%5A%4C%5E%41%5A%4C%2D%23%46%4C%5A%2D%42%5A%4C%5E%44%5A%4C%78%5A%4C%41%69%2A%20%5D%5B%2A%41%4C%5E%44%5A%4C%5E%41%5A%4C%5E%78%4C%5A%46%23%5A%4C%41%5A%4C%2D%23%46%5A%4C%5E%44%5A%4C%42%2D%5A%4C%78%5A%4C%5E%44%5A%4C%5E%41%5A%4C%2D%42%2D%4C%5A%44%5A%4C%5E%44%5A%5A%4C%78%5A%4C%7C%45%20%5D%7C%5A%4C%41%3E%20%6F%C3%A3%72%66%65%52%39%36%2A%7B%3C%20%20%51%79%58%51%79%58%51%79%58%51%79%58%78%4C%5A%44%5E%5A%4C%45%5A%4C%46%23%2D%4C%5A%41%5E%4C%5A%44%5E%4C%5A%78%20%7D%7C%41%4C%5A%78%4C%5A%58%79%51%20%7B%46%23%2D%4C%5A%44%5E%4C%5A%41%4C%5A%45%20%7D%20==%30=%30
64823f6e-ebdf-4312-a1ff-4468061063ea,irealb://%43%6F%6E%20%41%6C%6D%61%2D%52%65%76%20%4A%45=%47%69%6C%6C%65%73%70%69%65%20%44%69%7A%7A%79==%4C%61%74%69%6E%20%2D%20%53%77%69%6E%67=%43==%31%72%33%34%4C%62%4B%63%75%37%20%5E%45%41%2A%34%34%3C%2A%37%58%7C%72%51%79%58%7C%51%79%58%39%43%7C%51%58%79%39%62%44%3E%30%33%31%20%6D%70%62%20%20%34%79%51%20%7D%7B%54%69%2A%7B%59%46%20%5E%62%44%23%4C%5A%43%23%2C%37%2D%62%45%73%20%62%45%5A%4C%35%62%37%20%45%39%62%37%62%42%5A%4C%42%2F%2D%23%47%20%2D%44%37%2C%7C%6C%44%2F%37%23%47%2C%74%6C%61%37%42%62%2D%20%46%68%43%42%2A%5B%7D%51%79%58%5E%43%5A%4C%35%37%62%62%44%20%31%31%23%37%47%5A%4C%62%41%2F%2D%58%79%51%7C%46%5A%4C%43%2F%37%5D%20%35%23%37%23%68%58%79%51%42%7C%51%79%58%31%31%2D%46%5A%4C%20%6C%63%51%4B%79%58%5E%45%7C%51%79%58%39%62%33%31%42%7C%62%31%33%20%42%46%7C%51%79%58%7C%2C%37%44%2C%20%47%23%37%2F%20%62%45%5A%4C%35%62%37%45%20%39%62%37%62%5A%42%4C%42%2F%2D%23%47%20%2D%23%43%5A%4C%23%44%73%45%62%2D%37%5E%45%41%2A%5B%43%2C%43%2A%2C%46%37%2F%43%4C%51%20%20%5E%43%5A%4C%35%62%37%62%44%20%31%23%31%37%47%5A%4C%62%41%2F%2D%46%20%2D%62%42%5A%20%5D%59%5B%51%20%5E%62%44%6C%20%20%6E%55%70%37%32%6F%75%74%5A%4C%20%78%20%5A%4C%20%6C%63%4B%51%79%58%5E%37%2D%46%5A%4C%20%6C%63%4B%51%79%58%3E%6F%72%20%78%20%4C%5A%2A%3C%39%23%37%5A%20==%31%33%30=%33
64b6ed7f-8534-4ba9-986a-42f8b6da0895,irealb://%57%68%61%74%20%41%20%57%6F%6E%64%65%72%66%75%6C%20%57%6F%72%6C%64%2D%52%65%76%20%4A%45%20%31=%57%65%69%73%73%2D%54%68%69%65%6C%65==%4A%61%7A%7A%20%2D%20%53%77%69%6E%67%20%54%77%6F%2D%46%6F%75%72=%46==%31%72%33%34%4C%62%4B%63%75%37%79%58%31%31%23%34%46%5E%20%41%4C%37%2D%44%20%45%2F%37%41%5A%4C%5E%46%20%2D%37%47%5A%4C%37%2D%41%20%5E%62%42%5A%4C%37%2D%5A%44%62%31%33%34%54%41%2A%7B%20%37%2D%47%32%2D%37%20%73%43%58%7D%20%37%43%20%37%62%44%5A%4C%37%62%41%37%20%2D%41%6C%7C%2C%62%42%2F%2A%2E%2A%57%2C%37%79%51%4C%5A%4E%47%31%4E%7C%51%5A%4C%37%62%47%46%5E%20%42%62%4C%37%62%41%20%5E%46%5A%4C%37%62%47%20%37%47%2D%42%2A%5B%5D%20%37%62%41%20%5E%46%5A%4C%37%5A%47%2D%37%20%5A%4C%37%62%47%2C%37%45%2C%37%4C%5A%44%2D%37%6E%69%64%6E%45%20%64%72%33%20%2E%43%2E%44%5A%3C%4C%37%2D%41%20%37%2D%44%5A%4C%37%2D%41%20%67%3E%73%44%2D%37%41%20%5E%46%2C%62%42%2F%2A%62%37%2C%7C%47%43%73%20%37%2D%47%6C%33%4E%5A%4C%51%79%58%7D%59%2C%37%62%47%2C%37%2D%47%2C%37%62%44%2C%37%37%2C%57%2A%2E%41%2C%37%2D%41%37%43%20%37%62%79%51%7C%41%62%41%20%5E%46%5A%4C%51%2C%37%62%47%20%37%2D%5A%47%4C%37%62%44%20%37%2D%47%59%7C%51%79%58%37%62%37%4C%5A%44%58%37%41%6C%7C%20%5D%59%5B%51%46%5E%20%42%62%37%4C%5A%55%46%5E%58%79%51%5A%20=%4A%61%7A%7A%2D%53%77%69%6E%67%20%54%77%6F%2F%46%6F%75%72=%38%35=%33
6493ce9e-95ac-4731-bccd-38a95131c54c,irealb://%47%72%61%6E%6E%79%20%57%6F%6E%27%74%20%59%6F%75%20%53%6D%6F%6B%65%20%53%6F%6D%65%20%4D%61%72%69%6A%75%61%6E%61%20%2D%20%46%6C%69%6E%6E%65%72=%48%61%72%74%66%6F%72%64%20%4A%6F%68%6E==%50%6F%70%20%2D%20%42%6C%75%65%67%72%61%73%73=%47==%31%72%33%34%4C%62%4B%63%75%37%7B%7D%20%47%20%34%47%58%79%51%47%7C%51%79%58%44%7C%51%79%58%47%42%2A%7B%20%7D%47%20%44%7C%51%79%58%47%7C%51%79%58%44%7C%58%79%51%7C%44%34%54%41%2A%7B%2A%43%44%58%79%51%4B%63%6C%20%4C%5A%20%78%20%4C%5A%47%58%79%51%7D%20==%30=%30
644bd1b2-5f73-4c4e-a185-9a13e11f3ad4,"irealb://%41%20%72%6F%6F%6D%20%77%69%74%68%20%61%20%76%69%65%77=%43%6F%77%61%72%64%20%4E%6F%65%6C==%4D%65%64%69%75%6D%20%53%77%69%6E%67=%43==%31%72%33%34%4C%62%4B%63%75%37,%2D%45%73%3E%2D%31%31%20%41%30%2A%3C%7C%7C,%37%41,%2D%45%73%20%44%4C%5A%41%20%44%5A%4C,%37%41%20,%44%5A%4C%37%36%73%75%63%68%45%73%76%2A%5B%20,%37%2D%45%5A%44,%20%41%6F%57%32%30%2A%3C%7C%5D%20%37%41%6C%20%31%2D%31%45%5A%4C,%37%45%20,%2D%42%5A%4C,%37%6E%27%74%3E%73%4C,%37%41%20%73%61%65%6C%50%3C%64%72%69%76%5A%4C%37%41%20,%2D%45%5A%4C,%37%45%20%2D,%42%7C%51%79%58%36%44%3E%74%61%20%27%6E%69%3C%2A%30%36%20%5A%4C,%37%41%59%5D%20%39%41%41%37%4C%5A%44%72%20%61%34%30%2A%3C%66%20%44%5A%4C%36%41%74%3E%68%67%69%6D%36%30%2A%3C%20%44%5A%4C%41%20%6F%6F%6D%3E%6C%20%2D%45%3E%65%7D%37%41,%2D%2E%76%69%65%77%31%4E%5A%4C%36%41%20%37%2D%45%5A%4C%37%45%5E%20%44%5A%4C%37%41%3E%75%6F%79&%3C%20%44%3E%44%5E%20%73%45%2E%3C%41%2A%7B%37%41%20%37%2D%79%51%58%79%51%61%68%34%30%2A%3C%42%2A%5A%4C%73%75%73%42%44%20%3E%64%6E%75%6F%72%27%3C%32%4E%7C%51%79%58%70%70%79%3E%45%58%51%79%58%6C%37%41%20%44%3E%3C%2A%30%34%74%2A%3C%5A%4C%37%41%20%2D%45%3E%61%65%73%3C%4C%5A%37%45%20%37%2D%42%5A%4C%37%44%3E%65%65%72%30%36%63%6F%6F%20%5E%44%5A%4C%4C%5A%44%5E%20%45%37%4C%5A%3C%2A%30%34%20%74%72%75%65%3E%45%2D%20%41%37%4C%5A%44%36%58%79%51%5A%20=%4A%61%7A%7A%2D%4C%6F%6E%67%20%4E%6F%74%65%73=%38%30=%31"
648c35b9-5b02-45f0-abb3-a7f44194bcb4,irealb://%43%61%6E%74%6F%20%64%65%20%52%61%69%6E%68%61%20%2D%20%69%41%41%27%42%43%43=%53%6F%6D%62%72%69%6E%68%61%20%65%20%41%72%6C%69%6E%64%6F%20%43%72%75%7A==%53%61%6D%62%61=%46==%31%72%33%34%4C%62%4B%63%75%37%2D%62%42%2C%68%34%34%73%46%5E%69%61%6C%61%6C%20%61%69%61%6C%61%6C%20%61%61%69%6C%20%61%4C%30%37%2A%3C%5A%4C%2C%37%46%2C%61%2E%2E%3E%42%54%69%2A%5B%59%71%73%65%20%6F%2C%44%37%2C%4C%65%54%20%20%38%36%2A%3C%41%2A%7B%59%5D%20%37%2C%43%20%46%6C%7C%2C%37%43%73%20%37%47%6C%5A%6E%74%61%6E%64%2D%41%5A%4C%2C%4C%37%44%20%68%20%6F%73%20%61%2D%44%7C%51%79%58%37%41%7C%51%79%58%2D%47%4C%5A%37%44%20%5E%46%3E%2E%2E%73%6F%67%72%61%6D%58%79%51%7C%41%72%65%63%65%75%2C%2E%2E%72%61%51%7C%45%37%58%2C%65%6E%6F%76%49%20%69%76%75%6F%20%6F%64%61%6E%75%51%3C%7B%5A%4C%37%44%20%2D%41%7C%51%79%20%63%61%6E%74%79%58%37%47%5A%61%64%6F%74%20%37%4C%5A%41%68%35%2A%3C%7D%20%29%37%43%28%37%44%20%32%4E%46%2C%31%4E%5A%4C%37%43%20%39%47%5A%4C%37%44%20%31%45%20%76%69%43%20%39%47%3E%2A%5B%59%5D%20%69%61%2C%20%70%43%20%46%33%4E%7C%51%79%58%51%79%58%51%79%51%58%79%58%3E%72%61%20%6F%6E%20%72%61%72%69%61%37%61%6C%74%2C%73%65%6F%70%20%79%58%37%47%5A%20%20%53%65%75%3E%2E%2E%61%64%69%76%20%61%68%6E%69%6D%20%6E%61%20%75%6F%72%74%6E%65%20%6F%74%6E%61%63%20%46%20%44%37%4C%30%37%2A%3C%42%44%20%68%41%5A%43%37%4C%5A%46%20%2D%47%7C%51%79%58%37%47%5A%4C%37%44%20%41%2D%5A%4C%2D%62%42%20%5E%62%42%5A%4C%37%46%20%43%37%62%39%4C%20%2D%47%7C%51%2A%7B%59%20%20%20%42%62%2D%4C%58%5B%20%2C%37%43%20%46%5A%4C%37%43%20%2D%5A%47%4C%37%44%20%68%41%5A%4C%2D%47%20%5E%46%5A%79%51%58%79%51%37%47%5A%4C%37%2C%2D%47%73%20%20%20%4F%6C%68%44%20%46%3E%2E%2E%65%64%6E%65%63%73%61%20%73%65%20%72%6F%6C%66%20%61%20%6F%6D%6F%63%20%61%37%4C%5A%47%37%32%37%2A%3C%43%3E%2E%2E%C3%A1%78%2C%44%37%2C%47%61%68%6C%6F%20%2C%C3%AA%69%54%20%2C%C3%AA%69%54%36%36%2A%3C%7C%51%79%58%46%6C%7C%2C%37%43%2C%2D%20%6C%C3%A1%20%6F%46%7C%2C%39%43%6F%C3%A3%6E%20%75%4C%5A%41%68%20%74%69%64%65%72%63%41%38%36%2A%3C%5A%4C%2C%43%37%20%46%5A%4C%2C%37%44%20%37%47%5A%4C%37%44%61%72%2C%20%65%37%43%20%2D%47%2E%2E%3E%6C%46%20%43%37%2C%4C%5A%46%20%44%37%2C%4C%5A%47%37%20%43%37%2C%4C%5A%46%20%43%37%2C%20%7D=%4C%61%74%69%6E%2D%42%72%61%7A%69%6C%3A%20%53%61%6D%62%61=%32%30%30=%30
64d05133-5833-4964-b721-d4278938d3ef,irealb://%43%6F%72%61%C3%A7%C3%A3%6F%20%52%61%64%69%61%6E%74%65=%52%65%76%65%6C%61%C3%A7%C3%A3%6F==%53%61%6D%62%61=%43==%31%72%33%34%4C%62%4B%63%75%37%30%37%2A%3C%41%34%34%43%3C%2A%37%47%20%46%7C%51%79%58%43%7C%51%79%58%46%51%7C%79%58%3E%2E%2E%35%36%31%31%36%35%C2%A5%36%36%4C%5A%59%7B%2A%54%69%2A%5B%59%73%75%73%37%47%20%63%6F%72%61%41%5A%4C%37%47%20%47%7C%51%79%58%43%3E%65%6E%74%61%69%64%61%72%20%C3%A1%74%73%65%20%6F%C3%A3%C3%A7%2D%58%79%51%7C%75%65%4D%20%20%79%58%43%3E%6F%7D%7B%3C%2A%37%6D%75%20%72%61%64%20%65%74%20%C3%A9%20%6F%72%75%65%71%20%73%69%61%6D%20%65%75%71%20%4F%20%30%20%62%65%69%6A%20%2C%37%47%20%6D%20%61%72%70%37%4C%5A%41%2D%72%65%75%71%20%65%74%20%75%45%20%20%30%37%3C%2A%42%2A%7B%59%7D%20%2C%47%20%46%7C%51%79%58%6F%20%73%C3%B3%20%47%20%47%7C%51%73%61%20%72%65%6F%6D%6F%20%61%72%70%20%C3%A1%64%20%6F%C3%A3%4E%3C%43%3E%72%61%20%6D%6F%64%20%6F%C3%A3%73%20%73%61%64%6E%6F%20%73%61%20%76%69%76%63%20%2C%6D%69%6D%65%73%20%72%79%51%7C%46%20%20%20%51%79%58%38%34%2A%3C%7D%20%2C%37%47%46%20%5A%4C%2C%62%42%2F%37%43%20%43%5A%4C%2C%47%51%75%65%72%65%58%3E%6D%69%73%3E%2E%2E%35%36%72%20%74%65%20%30%37%2A%3C%43%69%2A%5B%20%51%79%58%51%79%51%58%79%58%51%79%58%51%79%58%3E%72%61%63%6F%74%C2%A5%35%36%31%31%65%64%6F%70%20%69%6D%20%61%72%58%79%51%7C%43%6F%72%65%75%71%20%65%74%20%75%45%34%37%2A%7B%3C%59%59%5D%20%2C%37%23%47%20%46%7C%51%79%58%20%73%C3%B3%20%70%46%7C%51%79%58%6D%2E%2E%3E%43%23%58%79%51%7C%46%23%20%47%23%2C%4C%5A%43%23%20%43%23%37%2C%4C%5A%46%23%20%47%23%37%2C%20%7D%20=%4C%61%74%69%6E%2D%42%72%61%7A%69%6C%3A%20%53%61%6D%62%61=%32%30%30=%30
643c6067-b7d1-41fa-9280-7394683c7da2,irealb://%45%72%65%C3%A7%C3%A3%6F%20%28%4F%72%71%75%65%73%74%72%61%20%49%6D%70%65%72%69%61%6C%29=%4E%69%6E%61%20%42%65%63%6B%65%72%20%65%20%52%75%62%69%6E%68%6F%20%4A%61%63%6F%62%69%6E%61==%53%61%6D%62%61=%46%23%2D==%31%72%33%34%4C%62%4B%63%75%37%4C%20%51%79%58%34%34%42%2D%20%37%23%46%20%68%23%43%5A%4C%37%23%43%20%68%47%23%31%4E%5A%4C%39%5E%44%20%5E%41%5A%4C%39%45%20%7D%58%79%51%54%69%2A%7B%59%4C%45%2F%57%20%3C%2A%36%36%58%37%23%43%20%2D%42%41%2A%7B%59%5D%51%79%58%23%2D%46%5A%4C%37%23%43%3E%31%33%35%36%C2%A5%51%79%4C%5A%46%23%2D%20%68%23%47%5A%51%79%58%2D%23%43%23%37%4C%5A%43%20%68%23%47%51%5A%4C%39%5E%44%20%5E%41%4C%5A%39%45%20%2D%42%5A%4C%37%23%46%20%68%23%43%23%37%4C%5A%46%20%68%23%47%5A%41%20%5E%41%3E%47%23%68%20%28%33%34%35%C2%A5%34%36%2A%3C%5A%4C%39%45%20%2D%7C%42%51%79%58%36%41%5A%4C%20%29%23%47%2F%39%45%32%31%CE%94%37%36%42%2A%5B%59%7D%35%34%33%32%31%23%68%20%43%23%2A%3C%5A%4C%37%23%43%20%36%44%7C%2C%62%45%57%2F%2C%45%2F%57%2C%46%2F%57%2C%23%46%5A%4C%37%36%34%31%20%20%47%7C%5A%4C%36%20%65%64%6F%70%2D%58%79%51%5D%64%61%63%6E%69%72%62%20%61%20%6F%64%61%64%75%69%63%20%73%61%4D%20%20%51%79%58%30%31%2A%3C%65%69%72%61%20%23%46%3E%35%20%2F%57%2C%23%46%72%20%65%72%65%20%68%23%47%51%5B%20%51%79%58%51%79%58%51%58%79%51%79%58%51%79%58%3E%20%51%79%58%6F%C3%A3%C3%A7%43%23%37%4C%5A%61%73%75%61%63%68%23%47%66%7C%2C%57%2F%45%62%46%3E%31%20%51%79%58%33%51%79%58%32%51%79%31%58%32%36%2A%3C%5A%4C%37%23%43%20%36%44%7C%2C%23%2D%58%79%51%45%2F%57%2C%46%58%79%51%7C%54%32%34%43%23%37%20%4C%5A%54%34%34%46%23%2D%20%46%23%37%3C%2A%36%38%44%61%20%43%61%70%6F%3E%20%5A%20==%38%38=%30
64538c94-a5fa-428d-a7cc-8160803f2fd1,irealb://%4C%61%20%47%69%74%61%6E%65%20%28%70%67%2E%31%20%41%2C%42%29=%54%63%68%61%6E%2D%54%63%68%6F%75%20%56%69%64%61%6C==%57%61%6C%74%7A=%44%2D==%31%72%33%34%4C%62%4B%63%75%37%78%20%5A%4C%20%34%3C%41%41%42%58%37%41%7C%51%79%58%37%41%5A%4C%20%78%20%4C%5A%20%6C%63%4B%51%79%58%2D%44%3E%41%43%44%43%79%51%4B%63%6C%33%54%41%2A%7B%41%20%37%45%7C%58%79%51%7C%7C%7C%51%79%58%62%45%7C%51%79%58%2D%47%5A%4C%44%37%20%68%41%5A%4C%20%6C%63%4B%51%79%58%2D%44%44%2D%58%79%51%2D%44%5A%4C%20%79%58%37%45%7C%58%79%51%7D%5B%7C%51%79%58%62%45%5A%4C%51%79%58%7C%72%51%58%79%7C%51%79%58%2D%44%7C%51%79%58%37%41%42%2A%44%2D%58%79%51%2D%44%5A%4C%37%41%43%44%43%42%79%51%7C%41%37%79%58%2D%44%7C%51%79%58%62%45%5A%4C%51%79%7C%58%72%51%79%58%7C%51%79%58%2D%44%7C%51%79%58%51%7C%3C%41%41%58%37%41%7C%51%3E%45%37%20%41%37%4C%5A%3C%54%6F%20%70%67%2E%32%3E%44%2D%58%79%51%5D%20==%30=%30
643598fe-5dd1-4d4b-ac76-4ce540c665f9,irealb://%50%61%71%75%69%74%6F%20%32=%47%61%72%63%69%61%20%4E%69%6E%69%6E%65==%4D%65%64%69%75%6D%20%53%77%69%6E%67=%45%2D==%31%72%33%34%4C%62%4B%63%75%37%51%79%58%37%43%2A%69%45%2D%39%4B%51%79%58%39%2D%45%53%41%2A{%20%51%79%51%58%79%58}%51%79%58%35%23%37%42%7C%51%79%58%63%6C%20%4C%5A{%20%34%34%54%51%79%58}%20%5A%41%2D%37%58%46%3C%20%29%35%23%37%42%28%37%42%5A%4C%51%20%20%39%2D%45%31%4E%7C%51%79%58%37%42%7C%51%79%69%6E%65%3E%20%4C%20%6C%63%4B%51%79%58%37%2D%5A%4E%32%45%2D%37%2D%42%7C%51%79%58%39%44%7C%51%79%58%37%41%2D%42%2A[]%51%79%58%6F%44%7C%51%79%58%39%58%79%51%7C%45%4C%20%51%79%58%7C%43%23%6F%58%79%51%4B%63%6C%20%4C%5A%43%36%58%79%51%7C%3C%44%2E%53%2E%20%61%6C%20%46%69%6E%65%3E%42%37%58%79%51]%20==%30=%30
64df8925-80ff-4cdc-bc51-681867947f2b,irealb://%45%79%20%69%65%73%61%20%62%61%20%6D%61%72%67%61%74=%4E%65%77%20%4C%69%66%65%20%43%68%75%72%63%68==%4D%65%64%69%75%6D%20%53%77%69%6E%67=%43==%31%72%33%34%4C%62%4B%63%75%37%7C%51%79%58%2D%34%3C%34%78%3E%5D%51%79%58%2A%34%73%75%73%2A%62%42%7C%51%58%79%23%47%7C%51%79%58%2D%43%7C%51%79%58%62%45%59%5B%2A%42%43%34%54%41%2A%5B%2D%43%32%4E%2C%7C%47%23%58%79%79%58%2D%47%7C%51%79%58%23%47%7C%51%79%58%42%62%7C%51%79%58%2D%43%7C%51%79%58%62%45%7C%51%51%5B%2C%2A%43%51%79%58%62%42%58%79%51%7C%47%23%58%79%51%7C%46%2D%58%79%51%7C%47%2D%58%79%51%5D%20==%30=%30
64d5c2d1-771d-427b-9845-c5882145e37c,irealb://%41%64%6F%72%61%72%65%20%28%20%41%6C%65%78%29=%4A%6F%73%65%20%43%68%72%69%73%74%69%61%6E==%4D%65%64%69%75%6D%20%53%77%69%6E%67=%43=%32=%31%72%33%34%4C%62%4B%63%75%37%45%70%2C%37%2D%69%20%20%28%45%31%4E%76%2A%20%20%51%79%58%51%79%58%29%2D%28%47%20%29%62%45%28%20%29%37%2D%44%28%20%29%62%45%62%2C%70%44%2A%20%51%79%58%2C%44%2F%62%42%20%3C%2A%33%39%4E%43%2A%51%79%58%51%79%58%51%79%58%51%79%51%58%79%58%51%79%58%51%79%58%51%79%58%3E%32%58%31%45%62%2C%70%2D%47%70%2C%62%69%72%74%73%44%42%62%29%46%2F%37%35%2A%3C%20%51%79%58%51%79%58%51%79%58%79%51%58%51%79%58%51%79%58%51%79%58%51%79%58%41%53%6F%6C%6F%20%28%20%2D%43%70%58%51%79%58%51%3E%58%79%51%20%20%51%79%58%32%31%20%20%51%79%58%51%79%58%31%30%20%20%32%31%51%79%58%31%31%34%37%2A%3C%20%31%30%3E%58%79%38%20%20%67%6E%51%79%58%51%79%28%42%62%29%20%20%29%46%28%20%29%2D%47%28%20%29%62%42%28%79%51%58%29%62%45%28%20%29%46%28%20%29%2D%47%28%28%43%2D%29%58%51%79%58%51%79%20%2A%43%4E%32%45%62%2C%70%42%62%2F%44%2C%70%43%2D%20%28%42%62%29%46%2F%41%20==%30=%30
643beca0-7019-4eba-84b5-c745c5d19995,irealb://%48%65%79%20%4A%75%64%65%20%28%42%65%6C%6F%66%66%20%41%72%72%2E%29=%4A%6F%68%6E%20%4C%65%6E%6E%6F%6E%2C%20%50%61%75%6C%20%4D%63%43%61%72%74%6E%65%79==%4D%6F%64%65%72%61%74%65%6C%79=%43==%31%72%33%34%4C%62%4B%63%75%37%4C%37%47%5A%4C%34%3C%2A%36%39%4C%43%5A%4C%37%47%5A%4C%47%5A%4C%43%3E%38%20%37%6B%63%6F%52%2D%70%6F%50%20%79%72%54%20%20%5A%46%4C%5A%43%34%54%69%2A%5B%46%5A%4C%43%5A%2A%41%43%4C%5A%47%5A%4C%43%41%2A%7B%5D%20%43%5A%4C%37%47%4C%5A%43%5A%4C%46%5A%4C%43%5A%4C%37%47%5A%4C%47%4C%5A%47%37%4C%5B%5D%20%43%5A%37%43%5A%4C%43%47%37%4C%5A%43%42%2F%37%47%5A%4C%43%2F%37%2D%44%20%2D%44%4C%5A%45%2F%46%20%46%5A%4C%37%43%42%2A%5B%5D%20%20%47%37%4C%5A%5A%4C%43%5A%4C%5A%4C%46%5A%4C%2F%45%4C%5A%44%5A%4C%47%5A%4C%43%41%2A%5B%7D%20%37%47%7C%47%2C%2C%37%43%5A%4C%43%5A%4C%2C%37%47%5A%4C%2D%47%37%4C%5A%43%46%20%46%5A%4C%79%58%43%5A%4C%4C%5A%43%2C%20%20%64%6E%61%20%74%61%65%70%65%52%3C%20%20%7C%46%51%79%58%62%42%7C%51%79%58%43%43%2A%7B%5D%66%61%64%65%3E%37%47%5A%4C%43%51%7D%20=%50%6F%70%2D%52%6F%63%6B=%37%38=%31
640a10b3-9344-47f5-a710-cb866207b358,irealb://%53%74%6F%6E%65%20%57%61%6C%6C%73%20%41%6E%64%20%53%74%65%65%6C%20%42%61%72%73%20%2D%20%46%6C%69%6E%6E%65%72=%52%61%79%20%50%65%6E%6E%69%6E%67%74%6F%6E%20%41%6E%64%20%52%6F%79%20%4D%61%72%63%75%6D==%50%6F%70%20%2D%20%42%6C%75%65%67%72%61%73%73=%41==%31%72%33%34%4C%62%4B%63%75%37%51%79%58%45%7C%34%41%58%79%51%51%79%58%41%7C%51%79%58%41%7C%51%79%58%41%51%7C%79%58%41%7C%51%79%58%44%7C%51%79%58%41%7C%7C%41%58%79%51%33%54%41%2A%5B%45%7C%51%79%58%7C%41%58%79%51%41%7C%51%79%58%41%7C%51%79%58%44%7C%51%79%45%58%7C%51%79%58%45%42%2A%5B%5D%51%79%58%41%7C%58%79%51%7C%41%51%79%58%41%7C%44%7C%51%79%58%58%79%51%7C%44%41%7C%51%79%58%41%7C%51%79%58%41%7C%51%79%41%58%7C%51%79%58%41%7C%51%79%58%41%7C%51%79%58%58%79%51%7C%44%45%7C%51%79%58%58%79%51%7C%44%58%79%51%7C%41%58%79%51%7C%41%58%79%51%7C%45%58%79%51%7C%41%58%79%51%7C%41%58%79%51%7C%41%58%79%51%5D%20==%30=%30
64085136-6038-482b-9426-bec9049de01d,"irealb://%44%61%6E%6E%79%20%42%6F%79=%54%72%61%64%69%74%69%6F%6E%61%6C==%4D%65%64%69%75%6D%20%53%77%69%6E%67=%43==%31%72%33%34%4C%62%4B%63%75%37%79%58%37%47%7C%34%43%58%79%51%44%7C%51%79%58%37%2D%41%7C%51%79%58%43%5A%20%4C%6C%63%4B%51%79%58%46%5A%4C%37%43%20%43%7C%2D%37%58%79%51%34%54%41%2A%5B%51%79%58%43%5A%79%51%7C%43%2F%2D%44%5A%4C%2D%41%20%47%2F%43%7C%51%79%58%46%23%2F%37%44%7C%51%79%58%46%7C%51%79%58,%45%37%20%47%37%4C%58%43%7C%7C%51%4C%37%41%20%46%47%37%20%5D%5B%41%5A%4C%37%47%20%37%2D%44%7C%51%79%58%43%4C%5A%37%47%20,%37%2D%44%7C%51%79%58%43%42%2A%2D%58%79%51%7C%20%37%2D%44%7C%43%5A%4C%37%6F%79%51%7C%47%37%4C%2D%41%20%47%2F%43%5A%4C%37%6F%23%46%20%5A%46%4C%45%2F%37%43%20%43%43%2A%5B%5D%51%79%58%5A%46%20%46%23%58%37%2D%44%5A%20%41%2D%4C%5A%44%2D%37%20%47%37%4C%5A%43%58%79%51%7C%44%2D%37%20%47%37%20%5A%20=%4A%61%7A%7A%2D%4D%65%64%69%75%6D%20%53%77%69%6E%67=%31%30%30=%33"
64984a73-d6dd-4793-9d1d-7a89709b20c7,irealb://%56%69%65%77%20%54%6F%20%41%20%4B%69%6C%6C%20%28%4A%61%6D%65%73%20%42%6F%6E%64%29=%44%75%72%61%6E%2D%42%61%72%72%79==%4D%65%64%69%75%6D%20%50%6F%70=%46==%31%72%33%34%4C%62%4B%63%75%37%7C%51%79%58%37%34%43%2D%58%79%58%2D%43%41%2A%7B%7D%51%79%58%46%7C%51%79%62%58%42%2F%37%2D%43%7C%51%79%58%42%2F%47%7C%51%79%51%7C%43%2D%34%54%69%2A%7B%58%2D%43%42%2A%79%51%7C%46%2F%42%2F%47%7C%51%79%58%37%2D%43%7C%51%79%58%2F%42%47%7C%51%79%58%37%2D%43%7C%7D%51%79%58%43%58%79%51%5D%7B%58%43%2F%62%42%45%43%2A%7B%7D%42%58%79%51%7C%7C%51%79%58%42%7C%51%79%58%2D%62%45%7C%51%58%79%62%41%7B%7D%51%79%58%46%7C%51%79%58%62%42%44%62%58%79%51%2F%47%7C%51%79%63%4B%51%79%58%23%2D%37%58%79%23%47%31%4E%7C%7D%20%3E%34%78%30%36%2A%3C%20%20%37%2D%23%44%7C%51%79%58%37%2D%23%43%7C%51%58%79%51%7C%47%47%7C%51%79%58%6C%20%4C%5A%20%78%20%20%5D%7C%4E%32%45%58%79%51%7C%47%23%2D%37%58%79%51%7C%58%79%51%72%7C%58%79%51%20%5A%20==%30=%30
64fa68c3-8eb4-4a63-9c7b-83545ed2399b,"irealb://%4C%6F%6E%67,%20%4C%6F%6E%67%20%41%67%6F=%42%61%79%6C%79%20%54%68%6F%6D%61%73==%43%6F%75%6E%74%72%79%20%42%61%6C%6C%61%64=%46==%31%72%33%34%4C%62%4B%63%75%37%7C%51%79%58%43%46%58%79%51%7C%7C%51%79%58%43%7C%51%79%58%46%7C%51%79%58%5A%46%4C%46%20%43%7C%51%79%58%43%7C%51%79%58%46%46%58%79%51%7C%34%34%54,%5B%43%20%46%4C%5A%43%58%79%51%7C%43%20%46%4C%5A%46%58%79%51%7C%46%58%79%51%7C%43%58%79%51%7C%46%58%79%51%5A%20=%4A%61%7A%7A%2D%42%61%6C%6C%61%64%20%44%6F%75%62%6C%65%20%54%69%6D%65%20%46%65%65%6C=%36%30=%33"
64bda57c-560b-4e73-9fa6-2aa305adaa7e,irealb://%42%6C%75%65%20%43%68%72%69%73%74%6D%61%73%20%28%42%65%6C%6F%66%66%20%41%72%72%2E%29=%42%69%6C%6C%79%20%48%61%79%65%73%2C%20%4A%61%79%20%4A%6F%68%6E%73%6F%6E==%4D%6F%64%65%72%61%74%65%6C%79=%43==%31%72%33%34%4C%62%4B%63%75%37%5A%4C%6F%23%46%34%3C%2A%36%39%4C%37%41%5A%4C%2D%47%3E%35%30%31%20%6F%4D%6F%2D%6C%53%2D%73%65%75%6C%42%20%79%72%54%20%20%5A%44%2D%4C%5A%34%54%69%2A%5B%7C%51%79%58%70%4C%5A%43%4C%5A%3E%29%41%20%65%72%6F%66%65%62%20%73%70%75%63%6B%69%50%28%20%30%37%2A%3C%41%2A%7B%5D%20%70%43%58%79%51%7C%70%5A%4C%37%47%51%79%58%2C%37%51%7C%70%58%79%2C%2D%47%7C%51%79%58%70%7C%51%79%58%2C%43%51%7C%79%58%2C%37%47%7C%51%79%58%2C%2D%44%7C%51%58%79%51%7C%41%79%58%2C%37%47%7C%51%79%58%2C%79%51%7C%4E%31%7C%7D%51%79%58%70%7C%51%79%58%2C%37%47%7C%79%51%58%70%7C%51%79%58%2C%37%44%7C%51%79%58%70%4E%32%46%23%6F%58%2C%2D%44%7C%5A%20%70%5A%4C%51%7C%70%4C%5A%4C%37%47%5A%4C%6F%23%46%5A%4C%2D%44%5A%4C%41%37%5A%4C%2D%47%51%5B%5D%20%70%7C%51%79%58%43%5A%70%4C%5A%43%79%58%2C%37%47%20%20%3C%58%79%51%58%79%51%41%6C%73%6F%20%4C%61%74%69%6E%2D%43%75%62%61%3A%20%43%68%61%20%43%68%61%20%31%30%32%3E%20=%42%6C%75%65%73%2D%53%6C%6F%2D%4D%6F=%31%30%35=%31
6458f02e-1ae6-4719-aab1-7f489fd654bd,irealb://%42%72%69%6E%67%20%42%61%63%6B%20%4D%79%20%42%6C%75%65%20%45%79%65%64%20%42%6F%79%20%54%6F%20%4D%65%20%2D%20%46%6C%69%6E%6E%65%72=%54%72%61%64%69%74%69%6F%6E%61%6C==%50%6F%70%20%2D%20%42%6C%75%65%67%72%61%73%73=%44=%35=%31%72%33%34%4C%62%4B%63%75%37%63%4B%51%79%58%58%79%51%4B%63%63%4B%51%79%58%44%5A%4C%20%6C%63%4B%51%79%41%58%5A%4C%20%6C%63%4B%51%79%58%41%5A%4C%20%6C%6C%20%4C%5A%44%44%34%34%54%5B%6C%20%4C%5A%47%58%79%51%4B%63%6C%20%4C%5A%41%58%79%51%4B%63%6C%20%4C%5A%44%58%79%51%4B%63%6C%20%20%5A%20==%31%36%30=%36
6464e71d-c3b9-400b-89bb-fa45165d9f42,irealb://%42%6C%75%65%20%28%4C%61%6D%62%65%72%74%20%48%65%6E%64%72%69%63%6B%73%20%52%6F%73%73%29=%4D%6F%68%6F%6E%65%73%20%47%6F%6C%64%6F==%42%61%6C%6C%61%64=%42%62%2D==%31%72%33%34%4C%62%4B%63%75%37%2D%62%42%20%37%54%34%34%43%68%7B%5D%20%37%46%20%37%68%43%5A%4C%37%68%47%37%20%2D%62%42%7C%51%79%58%37%46%7C%51%79%58%37%2A%41%42%62%2D%2C%69%2A%2C%5B%4C%37%45%20%46%5A%47%68%37%20%5A%4C%37%5E%62%47%20%37%68%47%5A%4C%62%41%37%2F%2D%62%42%20%37%2D%62%42%5A%4C%37%5E%62%47%42%62%2D%37%2F%4C%62%41%2F%37%79%58%37%2D%62%44%5E%37%4C%5A%20%37%2D%62%42%20%37%5E%42%32%4E%7C%7D%20%46%37%20%37%5E%42%31%4E%5A%4C%37%43%20%37%62%44%5D%7C%2A%42%41%20%37%62%45%5A%37%62%45%7C%51%58%79%51%7C%47%5A%4C%37%45%20%37%68%42%7C%51%79%58%37%2D%7C%42%51%79%58%39%23%37%46%7C%51%79%58%37%2D%62%41%2D%37%58%79%37%62%44%7C%51%62%45%7C%51%79%2D%37%58%79%51%51%79%58%37%2D%46%5A%4C%37%46%20%37%2D%43%51%7C%79%58%37%2D%43%5A%4C%37%47%20%37%2D%44%7C%7C%42%62%37%58%44%7C%51%79%58%37%2D%62%42%20%7C%43%68%37%20%2A%7C%5D%20%37%62%47%20%37%68%47%5A%4C%62%2F%41%37%2D%62%42%20%2C%37%2D%62%42%5A%4C%37%46%43%42%62%2D%37%51%79%58%37%2D%5A%4C%37%45%20%47%68%37%20%47%42%5A%4C%37%5E%62%47%20%37%68%47%5A%4C%62%2F%41%37%2D%62%42%20%37%2D%62%42%5A%4C%37%5E%62%62%2D%37%2F%46%5A%4C%62%41%2F%5A%20%20%37%2D%5E%37%4C%5A%44%79%58%37%46%66%7C%51%79%58%37%68%43%66%5A%37%4C%2D%62%42%20%37%5E%42%5A%4C%37%43%20%37%62%51%7C%66%42%62%44%20%37%62%45%7C%20=%4A%61%7A%7A%2D%42%61%6C%6C%61%64%20%4D%65%6C%6F%64%69%63=%31%30%35=%30
646b8467-1fe6-4231-bcc8-3feed8decf9e,irealb://%42%72%6F%6B%65%6E%20%52%65%63%6F%72%64%20%28%50%61%67%65%20%33%29=%45%6C%6C%69%73%20%44%79%73%6F%6E%2C%20%74%68%65%20%53%68%61%6D%62%6C%65%73==%4D%65%64%69%75%6D%20%53%77%69%6E%67=%43==%31%72%33%34%4C%62%4B%63%75%37%4C%37%47%20%47%43%36%4C%5A%44%47%7C%51%79%58%36%44%5A%4C%36%43%20%47%7C%79%51%58%36%43%5A%4C%36%44%20%47%7C%51%79%58%36%20%44%36%4C%5A%20%47%44%2A%7C%79%58%51%79%58%36%4C%5A%43%5E%4B%51%79%58%37%47%34%34%54%7C%51%79%58%37%34%43%32%54%5A%4C%36%43%20%43%5A%4C%36%43%20%37%63%6C%20%20%7D%43%20%43%7B%5A%20%2C%43%3E%29%20%41%37%4C%5A%20%64%72%6F%63%65%52%20%6E%65%6B%6F%72%42%20%28%51%79%58%51%79%58%3C%5A%4C%37%47%20%37%44%4F%75%74%72%6F%43%5A%4C%20%51%41%37%4C%5A%44%37%20%47%37%4C%5A%43%58%79%51%5D%20==%30=%30
645b6551-74b5-4b8e-8581-f162a88d2bd6,"irealb://%43%61%6E%20%41%6E%79%6F%6E%65%20%45%78%70%6C%61%69%6E?=%47%65%6F%72%67%65%20%57%65%69%73%73,%20%42%65%72%6E%69%65%20%42%65%6E%6A%61%6D%69%6E==%4D%65%64%69%75%6D%20%53%77%69%6E%67=%43==%31%72%33%34%4C%62%4B%63%75%37%7C%51%79%58%37%34%47%36%20%44%47%20%36%47%5A%4C%37%44%20%36%47%5A%4C%37%20%44%36%47%41%2A%7B%20%37%44%20%36%47%5A%4C%37%68%37%4C%5A%44%34%54%69%2A%7C%37%44%7C%51%79%4C%5A%44%37%20%79%58%36%47%5A%4C%37%44%20%36%43%42%2A%7C%51%7D%79%58%36%47%7C%51%79%58%37%44%5A%4C%36%43%51%7C%41%37%58%36%43%20%37%44%58%79%51%7D%20=%4A%61%7A%7A%2D%53%6C%6F%77%20%53%77%69%6E%67=%38%30=%33"
6444115a-a854-420a-b41e-e85e3fe8a5ee,irealb://%43%61%6E%74%61%72%65%73=%4A%20%4D%20%53%65%72%72%61%74==%42%61%6C%6C%61%64=%47==%31%72%33%34%4C%62%4B%63%75%37%3C%20%20%47%5A%34%47%58%79%51%51%79%58%2D%45%7C%51%79%58%47%41%2A%7B%5D%79%51%58%47%5A%4C%44%20%43%7C%51%79%58%2D%45%7C%7C%43%20%44%4C%34%54%69%2A%5B%33%78%3C%20%20%7C%43%58%79%51%43%7C%51%79%58%2D%45%7C%51%79%58%47%41%2A%5A%7B%4C%20%51%79%58%51%79%58%7D%51%79%58%44%7C%20%44%4C%5A%47%5D%20%3E%33%78%47%7C%5A%4C%44%58%79%51%7C%44%45%20%47%5A%4C%44%20%43%5A%4C%2D%45%20%47%2A%42%5B%5D%20%20%51%79%58%51%79%58%7D%51%79%58%2D%4C%5A%43%20%43%7C%5D%20%3E%7C%5D%20%3E%33%43%20%44%4C%5A%5A%4C%44%20%43%7C%51%79%58%2D%45%7C%51%79%47%58%41%2A%7B%5D%51%79%58%47%7C%51%79%58%2C%44%47%20%20%3C%78%5A%4C%2D%45%20%4C%2D%45%20%47%44%58%79%51%7D%43%5A%4C%2D%45%20%47%5A%4C%44%20%43%5A%4C%45%2D%20%47%42%2A%5B%5D%20%20%51%79%58%51%79%58%20%44%4C%5A%7C%7C%51%79%58%43%5A%43%20%44%4C%5A%44%2C%58%79%51%7C%47%58%79%51%5D%20==%30=%30
64b6cdbf-3c46-4960-8a12-a159b3e4835f,irealb://%43%69%6D%65%74%69%C3%A8%72%65%20%64%65%73%20%45%6C%C3%A9%70%68%61%6E%74%73=%50%61%70%61%64%69%61%6D%61%6E%74%69%73%20%50%69%65%72%72%65==%42%61%6C%6C%61%64=%41%62==%31%72%33%34%4C%62%4B%63%75%37%34%34%54%41%2A%34%44%62%36%20%20%2C%37%2D%47%34%32%54%5A%4C%37%43%20%36%62%2D%42%5A%4C%62%44%20%43%2F%62%41%5A%4C%62%45%43%37%4C%5A%5B%34%54%69%2A%5B%5A%4C%37%2D%62%51%7C%42%62%2D%51%79%58%37%5E%62%41%5A%4C%37%62%45%20%37%62%2D%42%7C%51%79%58%37%2D%46%5A%4C%37%43%20%37%7C%44%62%20%42%79%58%37%2D%46%58%37%5E%46%7C%2F%43%4C%5A%44%47%7B%51%79%58%51%79%58%51%79%58%51%79%58%2C%5D%43%2C%62%42%20%43%5A%4C%37%2D%62%42%20%62%2D%37%58%79%51%62%41%20%62%45%42%6C%5A%4C%46%2D%37%62%35%20%46%7C%51%79%58%39%62%37%41%7C%51%79%58%37%62%5E%42%6C%7C%2C%37%44%73%2C%35%62%37%2D%41%73%5E%37%20%43%2F%41%6C%7C%51%79%32%4E%7C%51%79%73%42%2D%37%62%79%58%51%79%58%6C%7D%2C%68%43%73%2C%43%2F%42%62%73%20%43%2F%62%42%6C%31%4E%7C%2C%47%2C%35%51%58%79%51%58%20%35%62%37%2D%20%37%2D%47%5A%51%7C%5B%6C%43%44%2F%43%5A%4C%37%41%20%37%43%5A%4C%43%2F%62%5E%42%20%37%43%5A%4C%43%2F%5E%62%42%20%2C%37%20%44%2D%37%4C%79%58%37%43%6C%43%5A%4C%37%41%5D%58%79%51%58%43%2F%5E%62%42%20%37%43%5A%4C%43%2F%5E%62%20%42%2C%37%43%6C%51%5B%51%79%58%51%79%58%51%79%4C%5A%43%37%20%20%51%2C%37%43%37%2D%46%66%5A%37%4C%5A%47%2D%2D%62%42%7C%51%79%58%37%2D%46%5B%51%79%58%79%51%58%51%79%58%51%79%58%5D%20%2C%37%43%20%37%37%20%43%37%4C%2D%44%20%44%2F%20%20%55%20%5A%20=%4A%61%7A%7A%2D%42%61%6C%6C%61%64%20%4D%65%6C%6F%64%69%63=%36%36=%32
64ebcd95-bdb7-4edf-b575-61f384a489c0,irealb://%43%6F%74%74%61%67%65%20%46%6F%72%20%53%61%6C%65%20%50%20%41%6C%74=%52%6F%62%69%73%6F%6E%20%57%69%6C%6C%61%72%64==%4D%65%64%69%75%6D%20%53%77%69%6E%67=%45%62==%31%72%33%34%4C%62%4B%63%75%37%58%6F%45%51%79%34%73%45%62%5E%5A%4C%68%46%20%2C%37%2D%46%5A%4C%37%43%20%47%68%5A%4C%37%47%20%68%44%5A%4C%36%62%45%20%37%45%62%5E%37%58%34%54%41%2A%7B%5E%62%45%31%4E%36%2C%20%70%20%37%62%42%20%2C%37%62%42%20%2C%35%62%37%46%2C%20%37%46%5A%4C%2C%37%23%46%20%2C%36%2D%62%41%62%35%2C%4C%5A%62%41%7C%51%79%51%79%58%2C%37%36%2C%20%46%2D%5D%20%51%79%58%51%79%58%36%62%45%32%4E%7C%79%51%58%51%79%58%51%79%58%7D%37%62%42%20%2C%37%59%5B%2A%42%47%62%45%20%2C%37%59%59%5D%20%2B%5A%43%37%2C%58%62%42%7C%51%79%58%2C%37%2D%46%5A%4C%20%6C%4B%63%51%79%58%2C%37%46%5A%4C%20%6C%63%4B%51%79%37%2C%20%42%62%4C%20%6C%63%4B%58%6F%45%51%79%34%73%45%62%5E%5A%4C%68%46%20%2C%37%2D%46%5A%4C%37%43%20%47%68%5A%4C%37%47%20%68%44%5A%4C%36%62%45%20%37%45%62%5E%37%58%34%54%41%2A%7B%58%51%79%58%36%36%2C%20%70%20%35%62%37%62%42%20%2C%37%62%42%20%2C%37%42%2C%20%37%46%5A%4C%2C%37%23%46%20%2C%36%2D%62%41%2C%4C%5A%45%62%62%41%7C%51%79%79%51%20%5D%20=%4A%61%7A%7A%2D%47%79%70%73%79%20%4A%61%7A%7A=%39%30=%32
6407632e-4509-4441-ae58-3b3a0b8c537c,irealb://%57%61%69%74%20%54%69%6C%6C%20%59%6F%75%20%53%65%65%20%48%65%72%20%2D%20%46%6C%69%6E%6E%65%74=%48%61%72%74%20%52%6F%64%67%65%72%73%2C==%4D%65%64%69%75%6D%20%53%77%69%6E%67=%47==%31%72%33%34%4C%62%4B%63%75%37%5E%47%7C%51%79%54%33%34%41%2D%79%58%37%2D%41%7C%51%79%58%37%2D%45%7C%51%58%79%37%5E%47%7C%51%79%58%37%44%7C%51%79%58%37%51%7C%44%37%58%2C%41%2A%2C%5B%51%79%58%37%23%63%6C%20%4C%5A%37%2D%41%7C%51%79%58%37%2D%45%7C%51%79%58%5E%37%47%7C%51%79%58%37%44%7C%51%79%58%37%2D%41%58%79%51%7C%46%4B%51%79%58%37%79%58%37%2D%45%79%51%4B%63%6C%4B%51%79%58%37%2D%42%7C%51%79%58%37%23%46%51%7C%79%58%37%6F%23%43%2C%42%2A%2C%5B%5D%20%20%63%6C%20%4C%5A%58%37%2D%42%7C%58%37%2D%42%7C%58%79%51%7C%42%7C%51%79%58%37%44%7C%51%79%58%37%2D%41%2C%2A%43%2C%5B%5D%51%79%58%37%45%7C%51%79%58%37%2D%47%36%58%79%51%37%23%46%7C%51%44%7C%51%79%58%37%58%79%51%7C%51%79%58%42%2F%47%7C%51%79%58%37%6F%43%7C%79%51%58%37%68%23%43%7C%51%79%58%44%2F%37%2D%45%7C%42%62%6F%37%2D%45%7C%51%79%37%2F%41%58%79%51%7C%47%23%6F%37%58%79%51%7C%41%2D%37%58%79%51%7C%44%37%58%79%51%7C%47%36%58%79%51%4B%63%6C%20%20%5A%20==%30=%30
64c53c3e-8118-4b69-8699-30ede0e6c3cd,irealb://%46%69%67%2E%20%36%39%20%2D%20%54%68%65%20%42%6C%75%65%73%20%53%63%61%6C%65%20%28%32%29=%52%69%63%68%69%65%56%69%74%61%6C%65%2E%63%6F%6D==%42%6F%6F%6B%20%32%20%2D%20%41%20%4C%79%72%69%63%61%6C%20%41%70%70%72%6F%61%63%68%20%42%6F%6F%6B=%43==%31%72%33%34%4C%62%4B%63%75%37%37%44%5D%20%37%51%7C%42%62%37%62%41%7C%51%79%58%37%62%45%5B%5D%20%37%45%2C%20%37%41%7C%51%79%58%37%45%5D%20%37%46%20%2C%37%2C%20%45%62%79%58%37%46%5B%51%79%58%37%42%37%2C%20%44%37%20%2C%37%46%7C%51%79%58%37%43%5D%20%37%23%20%43%2C%37%23%46%7C%51%79%58%37%23%43%5B%5D%20%43%37%20%5D%5B%47%7C%51%79%58%7C%45%37%2C%20%42%37%20%5D%42%62%37%58%79%51%7C%45%62%37%2C%20%42%62%37%20%5D%20==%31%30%30=%31
64f77458-7f23-43e5-9a92-0e8f398cf5a2,irealb://%46%75%6E%6E%79%2C%20%4E%6F%74%20%4D%75%63%68=%48%2E%20%50%72%69%6E%63%65%2C%20%42%20%4D%65%72%72%69%6C%6C%2C%20%50%2E%20%42%72%6F%75%67%68%74%6F%6E%2C%20%4D%2E%20%4E%65%69%6C==%42%61%6C%6C%61%64=%43=%33=%31%72%33%34%4C%62%4B%63%75%37%5A%4C%37%41%20%34%44%2D%37%20%37%41%20%37%2D%45%5A%4C%37%6F%62%45%20%37%44%2D%5A%4C%37%6F%62%45%20%37%5E%43%5A%4C%36%47%4C%5A%44%2D%37%34%54%41%2A%7B%51%79%58%37%5E%37%4C%5A%4E%31%20%37%5E%43%32%4E%5A%4C%20%51%79%58%51%79%7D%58%20%37%41%20%37%2D%45%7C%51%79%58%37%5E%43%46%37%4C%5A%43%47%20%37%2D%44%4C%37%44%20%37%2D%37%20%43%37%44%20%37%2D%41%7C%51%79%58%37%5E%46%5A%4C%43%37%20%37%5E%46%5A%4C%37%43%20%37%2D%47%5A%4C%37%4C%5A%41%2D%47%42%2A%5B%5D%45%5A%4C%37%6F%79%51%7C%47%37%44%5A%4C%37%6F%62%45%20%37%5E%43%5A%4C%37%20%47%37%2D%44%41%2A%5B%5D%51%79%58%35%23%39%62%2D%37%20%45%62%58%37%2D%44%5A%5A%4C%37%47%20%4C%5A%44%2D%37%5A%20%37%41%20%37%2D%45%7C%51%79%58%37%5E%5A%43%4C%37%47%20%37%2D%44%5A%4C%51%2C%37%41%20%7C%51%44%2D%37%37%41%20%37%2D%42%62%37%20%41%37%4C%5A%44%2D%37%20%47%37%4C%5A%43%5E%37%20%46%37%4C%5A%43%5E%37%58%79%51%5A%20==%30=%31
646f395c-5c72-4e22-85a2-6cdf2251d544,irealb://%4E%6F%20%54%65%6D%65%72%65=%53%65%62%61%73%74%69%61%6E%6F%20%4A%53==%4D%65%64%69%75%6D%20%53%77%69%6E%67=%43==%31%72%33%34%4C%62%4B%63%75%37%35%31%2A%3C%20%34%3C%2A%36%36%7C%51%79%58%43%2F%46%7C%51%79%58%43%2F%62%7C%42%51%79%58%43%3E%65%74%6E%65%75%50%20%32%20%42%62%2F%43%20%34%54%42%2A%5B%51%79%58%43%3E%43%58%79%51%7C%3C%42%2A%5B%5D%51%79%58%62%42%7C%51%79%58%41%2C%2F%46%6C%7C%2C%62%42%73%20%20%43%2F%62%42%2A%36%36%20%33%5A%4C%3E%33%78%51%79%58%46%7C%79%51%7C%46%28%44%7C%51%79%58%37%2D%47%7C%51%79%58%43%76%7B%2A%5D%51%79%58%62%42%7C%51%79%58%29%41%2F%46%2D%37%58%79%51%58%37%2D%47%7C%7D%7B%2A%69%3C%2A%36%36%20%66%72%65%65%2F%73%6F%6C%6F%3E%43%58%79%51%7C%42%62%58%79%51%7C%46%58%79%51%7C%46%2D%58%79%51%7D%20==%30=%30
646a1830-87e1-4b09-ae8e-09b8c73e5b63,irealb://%49%20%43%61%6E%27%74%20%45%73%63%61%70%65%20%46%72%6F%6D%20%59%6F%75=%4C%65%6F%20%52%6F%62%69%6E%20%52%69%63%68%61%72%64%20%57%68%69%74%69%6E%67==%42%61%6C%6C%61%64=%47==%31%72%33%34%4C%62%4B%63%75%37%5E%47%31%4E%5A%34%47%5E%37%58%2D%41%7C%51%79%58%37%46%5A%4C%20%6C%63%4B%79%51%58%37%41%5A%4C%37%45%20%37%2D%42%7C%51%79%37%20%44%37%4C%34%54%41%2A%7B%5A%4C%37%47%20%41%2D%37%20%44%5B%5D%51%79%58%37%5E%47%5A%4C%37%43%20%37%47%5E%32%4E%5A%4C%20%51%79%58%51%79%58%7D%20%37%2A%42%44%2D%37%7C%51%79%58%37%5B%5D%51%79%58%37%4C%5A%43%5E%58%37%2D%41%5A%4C%37%41%20%37%2D%45%5A%4C%41%37%20%37%2D%45%5A%4C%20%6C%63%4B%51%79%58%37%79%51%7C%44%37%47%20%37%2D%44%73%7C%51%79%58%58%79%51%7C%42%37%44%20%37%2D%41%7C%51%79%58%37%46%5A%4C%6C%20%63%4B%51%79%58%37%41%5A%4C%37%45%20%37%2D%4C%5A%47%5E%37%37%5E%47%41%2A%41%2D%37%20%44%37%20%5A%20==%30=%30
641c2c30-facf-47c9-b84b-8795e2a27e41,irealb://%49%27%6D%20%42%65%67%69%6E%6E%69%6E%67%20%54%6F%20%53%65%65%20%54%68%65%20%4C%69%67%68%74%20%2D%20%46%6C%69%6E%6E%65%72=%4A%61%6D%65%73%2C%20%45%6C%6C%69%6E%67%74%6F%6E%2C%20%48%6F%64%67%65%73%2C%20%47%65%6F%72%67%65==%4D%65%64%69%75%6D%20%53%77%69%6E%67=%47==%31%72%33%34%4C%62%4B%63%75%37%4E%5A%4C%37%45%34%47%36%20%43%4C%37%43%20%36%47%5A%4C%37%62%45%20%37%2D%42%62%5A%4C%20%6C%63%4B%51%79%58%36%47%5A%4C%37%5A%42%2D%37%20%34%54%41%2A%7B%63%4B%51%79%58%44%37%4C%5A%47%5D%51%79%58%36%47%5A%4C%37%44%20%37%2D%41%4E%32%5A%4C%20%51%79%58%51%79%58%7D%51%79%58%36%5B%2A%42%42%37%20%37%2D%41%31%36%47%41%2A%5B%62%37%58%79%51%37%2D%41%5A%4C%37%62%45%20%37%2D%62%42%5A%20%4C%6C%63%4B%51%79%58%37%41%5A%4C%20%6C%63%4B%20%44%37%20%5D%42%5A%4C%20%6C%47%5A%4C%37%44%47%36%58%79%51%4C%37%45%20%37%2D%42%5A%4C%37%43%20%36%47%4C%5A%37%62%45%20%37%2D%62%42%5A%4C%20%6C%63%4B%5A%41%2D%37%20%5A%4C%37%43%20%36%58%79%51%5A%20==%30=%30
649cc7a5-2136-4831-80b7-d4438401e5bc,irealb://%49%20%48%61%76%65%20%41%20%44%72%65%61%6D%20%28%6D%65%6C%6F%64%79%29=%48%61%6E%63%6F%63%6B%20%48%65%72%62%69%65==%4D%65%64%69%75%6D%20%53%77%69%6E%67=%44%2D==%31%72%33%34%4C%62%4B%63%75%37%31%2A%62%42%7C%34%73%44%2A%31%6E%2C%2A%31%2A%44%2C%2A%31%2A%44%7C%2C%2A%2A%31%41%2C%2A%31%2A%44%2C%2A%31%2A%41%2C%2A%2D%43%2A%31%2A%2C%34%54%69%2A%7B%4C%31%31%2D%44%2A%2C%42%62%2A%2A%31%2A%41%2C%2A%31%2A%45%2C%2A%31%2A%62%2C%42%2A%31%2A%62%42%7C%2C%2A%31%2A%46%2C%2A%31%2C%7D%5B%2A%41%31%2A%46%2C%2A%2C%42%2F%57%2C%5E%37%23%35%2F%2F%57%2C%42%2F%37%5E%41%5A%4C%78%5A%4C%31%2D%31%44%5A%4C%31%31%23%37%5E%62%42%5A%4C%62%42%42%2C%57%2F%42%46%5A%4C%78%5A%5A%4C%74%6C%61%75%73%2F%42%2C%47%2F%31%31%23%37%5E%41%5A%4C%23%44%2F%39%64%64%61%41%5A%4C%2C%45%2F%39%36%41%5B%2C%70%6E%23%4C%5A%47%37%73%37%41%6E%7C%45%2F%35%23%39%4C%5A%70%73%46%2D%45%42%2A%5B%5D%20%35%23%39%62%37%62%42%4C%5A%62%42%2F%37%68%46%7C%2C%23%46%2F%35%23%37%39%4C%5A%70%42%39%5E%2D%23%46%2C%41%2F%57%2C%4C%5A%45%62%37%20%78%5A%4C%31%31%23%37%5E%62%42%5A%4C%43%39%2F%2D%44%5A%4C%39%2D%44%5A%4C%2C%35%23%39%62%5D%7B%44%2D%39%37%5E%43%7C%2C%23%37%5E%62%42%7C%70%57%2F%44%57%70%7C%70%2C%62%42%2F%57%2C%46%2F%57%2C%31%31%23%37%5E%62%42%31%4E%7C%2C%39%2D%44%6E%2C%2F%42%62%2C%6E%70%2C%44%2F%57%41%5A%4C%78%5A%4E%32%41%5E%37%43%2A%5B%5D%2C%42%2F%37%5E%41%6E%2C%42%2F%70%57%7C%70%2C%42%2F%57%2C%23%46%2F%57%2C%42%2F%44%2D%31%31%4C%7C%7D%2C%31%31%41%2F%57%2C%41%62%4C%5A%70%41%73%75%73%47%6E%7C%6E%2C%37%2D%42%6E%2C%37%42%2D%5A%4C%78%5A%4C%2C%39%2D%44%7C%2C%35%23%37%2F%41%2C%57%2F%42%2F%39%62%37%73%37%62%41%7C%34%43%5E%37%23%2F%41%5A%4C%36%2D%47%5A%4C%37%5E%2D%47%34%54%34%5A%4C%2C%23%47%2F%57%70%2C%23%47%2F%31%31%42%2C%6E%70%70%33%54%5B%5D%2C%37%62%42%7C%2C%2C%57%2F%42%62%62%44%2F%37%68%43%7C%2C%47%2F%57%2C%43%2F%75%73%73%37%46%5A%4C%2C%31%31%23%37%5E%41%7C%2C%2C%57%2F%41%62%62%45%2F%73%75%2C%39%2D%45%44%2C%57%2F%41%62%73%75%73%37%62%41%2C%43%2F%73%75%73%37%46%2C%7C%62%42%2F%57%2C%62%45%2F%37%5E%62%44%7C%2C%2F%42%2C%5B%2A%62%44%2F%35%23%5A%4C%2C%43%2F%39%2C%45%39%23%39%2D%44%5A%4C%2C%42%2F%35%62%39%62%37%62%70%45%2C%39%62%37%62%45%5A%4C%37%2D%42%7C%2C%35%4C%5A%44%2D%39%36%2D%45%5A%4C%46%2F%57%2C%31%31%31%4C%5A%78%42%7C%2C%31%31%2D%44%6E%2C%44%2F%57%70%7C%2C%70%44%2F%57%2C%41%2F%57%2C%31%31%2D%44%5B%20%62%5E%37%23%31%23%37%5E%62%42%31%31%2D%44%51%2C%70%7C%70%57%70%7C%70%2C%44%2F%57%2C%41%2F%57%2C%31%31%44%2D%7C%2C%31%31%23%37%5E%62%42%6E%2C%62%42%2F%57%2F%44%2C%6E%62%42%2F%57%2C%37%5E%62%42%34%37%23%31%31%2C%51%79%58%5A%2C%31%31%23%37%5E%62%42%6E%2C%42%62%2F%57%70%7C%70%2C%62%42%2F%57%2C%46%2F%57%20%5B%51%54%35%5E%62%42%7C%2C%2C%57%2F%46%2C%57%2F%42%62%2C%70%57%2F%42%62%2C%7C%55%70%20%5A%20=%4A%61%7A%7A%2D%45%76%65%6E%20%38%74%68%73=%31%32%35=%32
6467ae03-91f8-42dc-a038-3e655a240fea,irealb://%49%20%53%61%79%20%41%20%4C%69%74%74%6C%65%20%50%72%61%79%65%72%20%46%6F%72%20%59%6F%75=%44%72%2E%42%6F%6E%67%6F==%52%6F%63%6B%20%50%6F%70=%46%23%2D==%31%72%33%34%4C%62%4B%63%75%37%5A%4C%20%51%79%34%46%23%2D%58%51%79%58%37%2D%23%43%7C%51%79%58%44%5A%4C%20%41%45%5A%4C%20%6C%63%4B%51%79%58%44%7C%51%79%7C%58%79%51%58%34%54%41%2A%7B%2A%5B%20%20%51%46%23%2D%58%79%7C%51%79%58%37%2D%23%43%7C%51%79%58%44%5A%41%4C%20%45%5A%4C%20%6C%63%4B%51%79%58%44%7C%51%58%79%51%58%79%34%34%54%41%2A%33%54%5A%4C%45%4C%5A%54%33%38%45%51%79%58%37%2D%23%46%34%34%54%7C%51%79%37%58%2D%23%46%38%33%54%5A%4C%20%2C%37%2D%23%43%2C%7C%44%2C%20%2C%45%20%44%42%5A%4C%20%2C%37%2C%20%4C%5A%54%54%5A%4C%45%20%2C%44%7C%2C%45%51%79%58%37%23%2D%46%34%34%54%7C%51%79%58%37%2D%23%46%38%33%33%38%43%23%2D%37%2D%23%43%38%65%53%20%32%78%2D%37%58%79%51%33%2A%3C%7D%20%51%79%58%23%43%7C%51%79%58%44%2C%7C%2C%45%51%79%58%37%2D%23%46%34%34%54%7C%33%58%79%51%42%23%46%38%33%54%6C%63%4B%51%79%54%69%6D%65%3E%20%45%5A%4C%20%6C%63%4B%51%79%58%44%7C%51%58%79%37%2D%23%46%43%2A%5B%20%51%79%58%51%79%58%41%4C%5A%41%58%20%64%6E%6F%63%20%4C%5A%20%78%20%4C%5A%20%78%20%4C%5A%20%78%20%4C%5A%20%78%20%4C%5A%4B%63%6C%20%4C%5A%20%78%20%20%5D%20=%50%6F%70%2D%52%6F%63%6B=%30=%30
646a0c2d-bc3f-45c9-9a7e-3528e5d5e267,irealb://%54%68%65%72%65%20%49%73%20%4E%6F%20%47%72%65%61%74%65%72%20%4C%6F%76%65=%4A%6F%6E%65%73%20%49%73%68%61%6D==%4D%65%64%69%75%6D%20%53%77%69%6E%67=%42%62=%34=%31%72%33%34%4C%62%4B%63%75%37%37%2D%43%5A%4C%34%42%62%5E%37%79%58%37%43%31%4E%7C%51%79%58%37%47%7C%51%58%79%37%62%41%7C%51%79%58%37%62%45%7C%51%79%58%51%4B%63%6C%20%34%54%7B%41%2A%39%62%37%44%20%37%58%79%51%7D%2A%5D%20%20%6C%63%4B%51%79%58%36%62%42%5A%37%4C%46%20%37%2D%43%7C%51%79%58%37%43%32%4E%7C%42%5B%41%68%37%46%7C%51%79%58%46%7C%51%79%58%58%79%51%7C%41%58%37%2D%47%5A%4C%39%62%37%44%20%37%68%41%51%7C%79%58%36%2D%47%5A%4C%39%62%37%44%20%37%68%79%51%7C%43%37%36%2D%47%5A%4C%5A%4C%37%46%20%2A%41%5B%42%62%79%58%37%43%7C%51%79%58%37%47%7C%51%79%58%62%37%41%7C%51%79%58%37%62%45%7C%51%79%58%37%5E%51%7C%43%2D%37%5D%51%79%58%37%42%62%36%58%79%51%7C%43%2D%37%20%46%37%20%5A=%4A%61%7A%7A%2D%4D%65%64%69%75%6D%20%53%77%69%6E%67=%31%30%30=%33
6442c0ca-fea4-401a-857e-0c5f076cb2d2,irealb://%4F%20%4D%65%6C%68%6F%72%20%50%72%61%20%4D%69%6D=%46%65%72%6E%61%6E%64%65%73%20%44%69%65%67%6F==%52%6F%63%6B=%43==%31%72%33%34%4C%62%4B%63%75%37%78%5A%4C%44%3E%34%3C%2A%36%38%6F%68%6C%65%4D%4F%20%2F%20%72%61%74%69%75%20%47%66%66%69%52%20%3A%6F%72%74%6E%49%51%79%58%72%20%50%41%44%34%54%69%2A%7B%6F%64%65%6D%20%78%4C%5A%42%2D%20%6F%C3%A3%6E%20%75%45%51%79%58%36%36%2A%3C%2A%41%7B%59%7D%20%78%5A%4C%47%5A%4C%78%5A%4C%37%74%65%6E%68%6F%5A%4C%41%5A%4C%3C%42%2A%59%7C%4C%5A%41%4C%5A%58%51%79%58%51%79%58%5D%20%78%5A%4C%44%7D%78%20%5A%4C%47%5A%4C%78%5A%4C%37%2D%42%5A%4C%78%79%51%58%79%51%78%5A%4C%44%3E%4C%37%2D%42%5A%51%50%6F%69%73%64%64%61%47%5A%4C%78%5A%4C%41%5A%4C%78%5A%37%4C%2D%42%3E%2E%2E%2E%6D%65%74%20%65%6C%45%20%39%4C%5A%78%4C%79%58%38%36%2A%20%65%6D%20%6D%73%75%73%4C%5A%75%65%44%20%51%79%58%38%36%2A%3C%43%2A%7B%51%59%79%58%51%79%58%51%79%58%51%79%58%5D%20%41%73%2C%20%76%65%41%5A%4C%78%5A%52%20%51%79%58%61%72%2E%2E%2E%2A%7C%59%7D%20%78%5A%4C%47%5A%4C%78%5A%4C%2D%37%42%5A%4C%78%5A%4C%41%5A%4C%78%5A%4C%44%3E%76%3C%2A%37%32%72%74%73%6F%6D%79%58%5A%4C%20%75%69%74%61%72%42%2A%5A%4C%20%41%2A%59%5A%4C%20%51%79%58%79%51%58%5A%4C%78%5A%4C%78%5A%4C%78%5A%4C%44%3E%20%4C%5A%2A%43%47%20%66%66%69%20%43%2A%5A%4C%79%51%4C%5A%59%4C%78%5A%4C%41%5A%4C%78%5A%4C%47%5A%4C%78%4C%5A%23%46%2F%44%5A%4C%78%5A%4C%37%2D%45%44%2A%5A%59%2A%76%20%58%51%79%58%51%4C%5A%2A%76%20%20%5A%20==%30=%30
640e7f13-42b5-4a82-a213-13e003ca1e0d,irealb://%49%74%73%20%41%6C%6C%20%4F%76%65%72%20%42%61%62%79%20%42%6C%75%65=%44%79%6C%61%6E%20%42%6F%62==%52%6F%63%6B=%41==%31%72%33%34%4C%62%4B%63%75%37%79%58%41%7C%51%58%79%51%7C%47%79%58%44%5A%4C%47%20%41%7C%51%79%58%41%41%7B%2A%5D%51%79%58%44%7C%51%79%58%44%7C%51%79%58%51%7C%78%58%79%2D%45%69%2A%5B%58%23%46%42%2A%4C%5A%44%58%79%4C%44%5A%4C%47%5A%4C%2D%45%5A%4C%44%5A%4C%5A%44%4C%47%5A%4C%2D%45%5B%5D%51%79%58%78%7C%51%5A%44%20%5D%5B%47%20%41%7C%51%2D%45%5B%7D%20%20%47%4C%5A%41%20%78%7C%51%79%58%44%7C%51%79%58%47%7C%51%58%79%2D%45%41%2A%5B%5D%51%79%58%78%7C%51%79%58%20%3C%34%78%3E%23%46%7C%51%79%58%79%51%7C%47%58%79%51%7C%44%58%79%51%7C%78%58%79%51%5D%5B%45%2D%58%79%51%7C%47%58%79%51%7C%44%58%79%51%7C%78%58%79%51%5A%20=%50%6F%70%2D%52%6F%63%6B=%31%33%30=%31
6468ad75-042f-40bf-8d69-93b02c3fdc25,irealb://%4C%61%20%42%61%74%61%6C%6C%61=%57%69%63%6B%68%61%6D%20%50%68%69%6C==%57%6F%72%73%68%69%70=%47=%32=%31%72%33%34%4C%62%4B%63%75%37%39%64%64%61%43%34%47%58%79%51%44%20%20%7C%51%79%58%37%2D%45%7C%51%79%58%7C%78%51%79%58%39%64%64%61%43%7C%51%79%58%78%7C%35%4C%5A%4E%31%34%54%41%2A%7B%37%2D%45%20%44%32%47%4C%5A%78%64%64%61%43%3E%2E%2E%2E%65%65%6C%65%70%20%64%6F%6E%61%75%63%20%36%36%2A%3C%42%2A%5B%5D%20%39%20%47%4C%5A%4E%7D%51%79%58%37%2D%45%2C%44%64%39%20%47%4C%39%64%64%61%43%5A%4C%37%2D%45%20%44%5A%4C%20%47%39%64%64%61%43%7C%5A%4C%37%2D%45%20%44%5A%20%47%4C%5A%73%64%61%43%5A%4C%44%7C%51%79%58%47%2C%7C%47%2C%43%3E%2E%2E%2E%6F%73%6F%72%65%64%6F%70%20%6F%73%69%44%20%69%6D%20%39%36%2A%3C%43%2A%7B%5D%58%79%51%7C%47%6C%76%2A%5D%2C%61%6E%69%66%20%2D%37%20%44%20%36%36%2A%3C%5B%20%20%51%79%58%51%79%58%42%5D%2A%51%79%58%2C%44%7C%51%79%58%43%76%2A%7C%7D%20%72%65%70%65%45%7C%51%79%58%6C%3E%43%61%64%64%39%20%47%4C%5A%54%32%32%44%4C%5A%47%58%79%51%7C%47%58%79%51%7C%2C%66%2C%47%20%5A%20==%30=%30
64b5dc3a-921d-4009-95b6-d6bfc1f87475,irealb://%4C%6F%6F%6B%20%4F%66%20%4C%6F%76%65%20%2C%20%54%68%65=%4B%72%61%6C%6C%20%44%69%61%6E%61==%4C%61%74%69%6E%20%42%61%6C%6C%61%64=%42%62==%31%72%33%34%4C%62%4B%63%75%37%2F%37%5E%62%45%34%73%46%36%4C%36%44%5A%4C%39%64%64%61%46%5A%4C%39%62%33%46%31%5A%4C%46%2F%37%5E%62%45%5A%4C%46%2F%45%5A%39%2F%46%4C%5A%34%54%69%2A%5B%2D%47%41%2A%7B%37%23%31%31%2F%51%79%58%5D%20%78%5A%4C%78%5A%4C%46%2F%35%39%23%23%37%44%5A%4C%46%2F%39%5E%62%42%5A%4C%46%58%79%51%20%20%62%47%5A%4C%46%5A%4C%39%2D%47%36%39%4C%5A%42%44%5A%4C%31%31%44%5A%4C%78%5A%4C%33%31%5E%42%62%5A%4C%39%36%47%5A%4C%47%2F%35%23%39%23%37%37%62%39%4C%5A%47%5A%4C%31%31%5A%4C%39%5E%62%47%37%2F%46%2C%37%62%42%2C%37%2D%46%7C%2C%36%62%42%2C%37%62%5E%42%5A%4C%33%31%62%41%5A%4C%37%5E%62%45%7C%62%39%2C%7C%45%2C%31%31%2D%47%34%34%54%5A%4C%31%4C%5A%44%37%34%32%54%5A%4C%46%2F%37%5E%62%42%5A%4C%46%37%2F%2D%43%5A%4C%46%2F%37%5E%62%42%5A%4C%39%62%43%2D%37%2F%46%31%44%5A%4C%78%33%31%46%5A%4C%46%4C%5A%45%62%45%5A%4C%46%2F%45%5A%4C%36%46%5A%4C%31%31%32%46%4E%7D%20%31%31%46%31%4E%5A%4C%46%2F%37%5E%62%5E%37%2F%46%2F%37%5E%62%42%31%31%44%5A%4C%79%51%20%5B%2A%5E%62%42%5A%4C%39%36%47%5A%4C%47%2F%35%23%23%39%37%42%5A%4C%39%36%47%5A%4C%31%31%2D%47%41%31%33%4C%5A%78%58%5D%20%39%62%42%2C%37%2D%46%39%23%35%4C%5A%62%42%5A%4C%33%31%62%41%5A%4C%37%5E%62%45%2C%7C%46%2F%37%47%2C%31%31%2D%47%5A%4C%39%2D%47%5E%37%2C%4C%5A%23%37%44%5A%4C%4C%46%2F%39%5E%7C%45%62%5E%39%2F%37%2D%43%5A%4C%46%2F%39%5E%62%42%5A%4C%23%35%39%23%37%44%5A%4C%31%31%44%5A%4C%78%5A%4C%46%4C%5A%42%62%2C%39%62%37%62%46%2F%37%5E%62%2D%37%2F%46%4C%45%5A%4C%36%46%5A%4C%31%31%46%5A%4C%46%2F%5E%37%62%45%5A%4C%46%2F%39%5E%62%42%34%34%54%5A%2F%46%4C%5A%45%43%34%32%54%5A%46%5A%4C%46%2F%62%39%4C%5A%47%4C%46%2F%31%31%23%37%62%47%5A%4C%46%2F%37%62%5E%45%5A%4C%46%2F%39%36%44%5A%4C%46%2F%37%2D%5A%42%62%5E%39%33%31%46%5A%4C%37%62%39%4C%5A%78%4C%5A%78%4C%5A%78%4C%5A%78%4C%5A%55%42%62%5E%39%2C%20%5D%20=%4A%61%7A%7A%2D%42%6F%73%73%61%20%4E%6F%76%61=%39%30=%31
64582f7c-c0c1-4f68-b1f0-69441995f6f8,irealb://%4D%69%61%20%43%61%6E%74%61%20%4D%61%6E%75%65%6C%20%41%73%63%61%6E%69%6F=%45%73%70%65%72%6F%6E%20%4D%61%6E%75%65%6C==%42%6F%6C%65%72%6F=%44==%31%72%33%34%4C%62%4B%63%75%37%41%20%37%2D%45%58%79%51%7C%44%20%37%5E%44%5A%4C%39%41%20%68%45%7C%51%79%39%58%5E%46%7C%51%79%58%39%43%7C%51%79%58%39%5E%42%2D%37%4C%5A%6E%34%34%54%5B%37%2D%45%7C%51%39%20%42%2D%37%79%58%37%5E%44%7C%51%79%58%37%41%7C%51%79%37%58%2D%45%7B%5D%20%37%41%20%37%2D%45%7C%5A%4C%51%7C%78%58%79%5E%44%5A%4C%37%39%45%7C%51%79%37%58%79%51%7C%58%37%2D%42%7C%51%79%58%37%23%46%7C%51%79%68%58%23%43%7C%51%79%58%78%7C%51%79%58%37%5E%44%79%51%7C%78%58%41%7C%51%79%58%7C%51%79%58%78%58%79%51%7C%41%5E%44%7C%51%79%58%37%41%7C%51%79%58%37%2D%5A%45%4C%37%42%20%39%62%33%31%41%7C%51%79%58%39%37%58%79%51%7C%78%7C%51%79%58%7C%51%79%58%39%51%7C%44%39%58%36%44%7C%51%79%58%6F%23%47%7C%51%79%58%36%7C%47%51%79%58%78%7C%51%79%58%39%5E%47%7C%51%79%58%79%51%7C%42%79%58%37%2D%41%7C%7C%51%79%58%51%7C%4E%31%41%79%58%36%44%7C%51%79%58%37%41%32%4E%66%7C%51%7D%79%58%78%5A%4C%20%36%44%20%7C%51%79%58%37%51%7C%44%5E%39%79%58%37%2D%45%43%39%58%79%51%7C%46%5E%39%58%79%51%7C%45%68%20%41%37%4C%5A%44%5E%39%58%79%51%5A%58%79%51%4C%5A%58%79%51%4C%5A%58%79%51%4C%5A%58%79%51%20%7C==%31%30%30=%31
64624c5a-6540-4a1d-a42c-c00172720ba5,irealb://%4D%69%73%64%69%72%65%63%74%65%64%20%42%6C%75%65%73=%46%6F%72%64%20%52%6F%62%62%65%6E==%4D%65%64%69%75%6D%20%53%68%75%66%66%6C%65=%43==%31%72%33%34%4C%62%4B%63%75%37%79%58%37%43%5A%34%43%35%2C%58%4C%20%6C%63%4B%51%79%58%2C%35%43%7C%5A%4C%78%20%20%5A%4C%20%78%20%5A%4C%20%6C%63%4B%51%79%5A%20%78%20%4C%34%54%69%2A%7C%51%79%58%37%47%58%79%51%7C%45%4B%51%79%58%2C%35%47%7C%51%79%58%37%43%7C%79%51%58%2C%35%43%5A%4C%2C%37%62%45%20%2C%35%62%63%6C%20%4C%5A%2C%35%46%7C%51%20%5A%4C%20%6C%79%51%4B%63%6C%2C%35%43%5A%4C%20%78%20%5A%4C%20%78%20%5A%20%4C%6C%63%4B%51%79%58%2C%35%43%41%2A%5A%4C%20%58%79%51%4B%63%58%2C%35%43%7C%20%6C%63%4B%51%37%58%79%51%7C%5A%4C%20%6C%63%4B%51%79%58%2C%35%43%5A%4C%37%2C%62%45%20%2C%35%62%45%7C%51%79%58%2C%35%46%47%35%2C%58%79%43%5A%4C%20%78%43%5A%4C%20%78%79%51%7C%43%35%63%4B%51%79%58%2C%35%43%42%2A%7B%20%20%51%58%79%51%79%58%7C%51%79%58%37%43%7C%51%79%58%2C%6C%20%4C%5A%20%58%37%47%5A%4C%43%7C%51%79%58%46%35%2C%58%79%79%58%2C%35%47%5A%4C%20%6C%63%4B%51%79%58%35%2C%43%5A%4C%2C%37%62%45%20%2C%35%62%45%7C%51%51%7C%46%35%2C%7C%51%79%58%37%35%2C%58%79%51%4B%63%6C%20%3C%33%78%3E%20%7D%20=%42%6C%75%65%73%2D%46%6C%61%74%20%54%69%72%65=%30=%32
64ef9f36-6fdc-476f-8ffc-d9808a60109a,irealb://%4D%6F%64%61%6C%20%2D%20%34%2E%36%20%4C%79%64%69%61%6E%20%28%43%6D%61%6A%37%23%31%31%29=%46%75%73%73%65%6E%65%67%67%65%72%20%47%72%65%67%6F%72==%4D%65%64%69%75%6D%20%53%77%69%6E%67=%43==%31%72%33%34%4C%62%4B%63%75%37%7B%54%34%34%43%5E%37%23%31%31%20%20%7D%20==%34%35=%33%30
6444c78e-69e8-4844-8f09-cb8d7e87a1b3,irealb://%4D%6F%6E%65%79%20%42%75%72%6E%73%20%41%20%48%6F%6C%65%20%49%6E%20%4D%79%20%50%6F%63%6B%65%74=%4A%75%6C%65%20%53%74%79%6E%65%2C%20%42%6F%62%20%48%69%6C%6C%61%72%64==%4D%65%64%69%75%6D%20%53%77%69%6E%67=%43=%39=%31%72%33%34%4C%62%4B%63%75%37%5E%43%5A%4C%36%34%6C%43%2C%20%5A%4C%39%43%20%37%5E%43%5A%4C%37%47%20%46%4C%5A%2D%45%20%43%5A%4C%37%47%20%46%5A%4C%2D%45%46%5E%37%20%46%34%54%41%2A%7B%37%47%20%2C%37%5A%4E%31%44%2D%5A%4C%20%51%79%58%51%79%58%7D%37%47%2C%37%41%62%2C%37%41%2C%37%62%42%73%5A%4C%37%47%20%37%4E%32%6C%44%2D%4C%2D%41%20%37%37%44%20%36%2D%44%2D%37%2C%43%2D%41%5A%4C%37%45%20%36%46%6C%42%2A%5B%51%58%79%51%79%58%51%79%58%51%79%58%5D%2C%43%2C%6F%58%79%51%7C%43%2C%43%73%5A%4C%6C%41%2A%5B%5D%51%7C%47%2D%37%46%20%46%5A%4C%37%47%2C%46%2C%37%47%7C%2C%44%37%2C%2D%44%2C%37%41%2C%46%73%5A%4C%37%43%20%2D%2C%47%37%2C%79%58%47%5A%4C%5A%4C%2D%41%20%4C%5A%46%20%47%36%2D%46%20%37%5E%46%5A%4C%39%43%20%37%5E%5A%43%4C%37%47%20%46%5A%4C%2D%45%20%43%5A%4C%37%4C%5A%43%5E%37%2D%45%20%2C%43%44%2D%37%20%47%37%4C%5A%55%43%58%79%51%7C%46%20%47%37%20%5A%20==%31%30%30=%32
6424731a-e534-42e0-a7f4-20f796819cc6,"irealb://%4D%6F%6F%64%20%53%77%69%6E%67%73=%53%74%65%72%6E%20%4D%69%6B%65==%46%75%73%69%6F%6E=%41%2D==%31%72%33%34%4C%62%4B%63%75%37%79%58%31%31%2D%34%34%41%2D%37%6C%61%37%45%20%37%2D%41%7C%51%79%58%37%2D%5A%41%4C%74%6C%61%37%45%20%37%2D%41%7C%51%79%58%74%20%7D%7B%41%54%53%69%2A%7B%31%23%33%31%23%39,%20%42%62%33%31%44%7C%7C%51%79%58%39%47%20%31%31%23%62%39%41%20%31%31%2D%41%5A%4C,%31%31%23%33%31%23%31%31%20%43%23%37%45%7C%51%41%6C%7C,%39%39%58%79%51%7C,%39%23%46,%36%46%73%32%4E%7C%7D%51%79%39%58%23%37%45%5A%4C%39%23%37%45%20%39%46%31%4E%47%39,%47%23%62%37%42%20%31%51,%20%20%39%39%23%31%31%20%39%23%37%45%20%36%46%33%4E%7C%7D%51%79%58%23%39%37%45%5A%4C%39%23%37%45%20%31%31%23%39%47%4C%5A%45%37%23%62%41%20%39%2D%2D%41%42%2A%7B%79%51%58%79%51%79%58%51%79%58%51%79%58%51%79%58%3E%73%65%6E%67%61%68%43%20%6F%6C%6F%53%51%79%58%3C%20%20%51%58%79%51%20%58,%5D%20,%58%7D%51%79%58%63%6C%20%4C%5A%37%45%20%37%46%3E%65%75%43%20%6E%4F%51%79%3C%58%7C%51%79%58%37%2D%41%7C%51%79%58%37%2D%44%4C%5A%41%2D%37%4B%51%79%58%37%20%6C%63%4B%51%20%20%5B%2A%43%5E%62%41%5A%4C%20%6C%63%4B%51%79%58%33%31%42%62%5A%4C%20%6C%63%4B%51%79%58%73%75%73%37%47%37%23%35%58%79%51%79%58%51%79%4C%5A%47%37%73%75%73%58%79%51%4B%63%6C%20%53%20%5D%58%79%51%58%79%51%58%79%51%58%79%51%58%79%51%20%5B%51%41%2D%31%31%58%79%51%5A%20=%50%6F%70%2D%47%6C%61%6D%20%46%75%6E%6B=%38%38=%33"
64b19c59-fca0-4548-b289-5472650eee08,"irealb://%4D%6F%72%6E%69%6E%67%20%41%66%74%65%72,%20%54%68%65=%54%68%6F%6D%61%73%20%52%61%64%68%61==%4D%65%64%69%75%6D%20%53%77%69%6E%67=%41%62==%31%72%33%34%4C%62%4B%63%75%37%65%63%63%61%20%58%79%51%7C%46%20%36%36%2A%3C%42%2A%7C%51%79%58%62%45%2F%46%37%7C%51%79%58%62%45%7C%51%79%58%62%45%2F%37%20%62%61%6E%64%62%45%41%2A%5B%5E%62%45%43%2A%2F%41,%46%2D%62%45%5A%4C%20%73%75%73%37%62%42,%46%5A%20%4C%5E%62%47,%47%2F%62%45%5A%4C%20%62%41%2F%5E%58%79%51%7C%46%3E%73%74%6E%62%41%2F%2D%46%58%79%51%7C%46%73%74%6E%65%63%63%61%20%64%6E%61%62%20%20%36%36%2A%3C%42%2A%7C%51%79%58%78%7C%51%79%58%37%3E%46%2F%41,%78%7C%51%79%58%3E%74%70%72%20%2F%47,%47%62%65%73%38%33%2A%3C%44%2A%7C%51%79%58%5E%62%5A%45%4C%20%73%75%73%37%62%42,%46%5A%4C%20%5E%63%74%69%6F%6E%62%45%5A%4C%20%47%2F%62%45%20%43%2D,%42+%73%69%6E%75%20%44%20%6F%74%20%73%65%75%63%3A%20%73%6F%6C%6F%73%3C%7B%20%62%42%2F%62%45,%6F%6E%3E%41%62%7C%51%79%58%6E%61%62%20%20%36%20%45%62%2F%47%5A%4C%20%51%79%58%51%79%58%5D%20%62%42%2F%45%62,+%42,%2D%43%7C%51%79%58%6E%7C%7D%20%2A%42%3C%2A%36%5E%62%47%5A%4C%79%58%5E%62%45%63%65%6E%74%73%73%37%62%42,%46%5A%4C%20%5E%62%47,%47%62%2F%45%5A%4C%20%62%41%2F%2D%46,%41%2F%46%3E%75%73%20%4C%5A%63%61%20%64%6E%61%20%64%6E%61%45%62%58%79%51%2A%3C%42%2A%7C%7C%51%79%58%62%45%2F%37%46%51%7C%79%58%62%45%7C%51%79%58%62%45%2F%37%46%7C%36%36%20%20%62%41%2A%7C%7C%51%63%63%65%6E%74%73%3E%46%2F%41,%46%2D%2F%41%62%20%4C%5A%45%62%2F%47,%47%62%5E%20%4C%5A%46,%42%62%37%73%75%73%20%4C%5A%45%62%5E%58%79%51%5D%20=%4A%61%7A%7A%2D%44%6F%75%62%6C%65%20%54%69%6D%65%20%53%77%69%6E%67=%31%34%30=%31"
649456b8-6605-4575-a092-fbd48a12724d,"irealb://%50%6F%73%6B%C5%82%61%64%61%6A%20%4D%6E%69%65=%44%C4%85%62%72%6F%77%73%6B%61%20%41%6E%69%61==%50%6F%70=%44%2D==%31%72%33%34%4C%62%4B%63%75%37%44%20%46%20%47%34%3C%20%41%20%42%3C%7C%51%79%58%43%3E%41%41%43%44%46%44%41%43%20%3C%7C%51%79%58%2D%44%3E%44%20%44%20%43%62%42%62%41%20%32%54%69%2A%5B%62%42%62%42%3C%51%7C%47%2D%58%3E%41%41%43%44%46%44%43%41%20%3C%7C%51%79%2D%58%44%3E%44%20%44%20%43%20%41%20%3C%7C%51%79%43%58%79%51%7C%79%58%62%42%3E%51%79%58%2D%44%20%47%3E%42%62%47%7C%51%79%58%62%42%7C%51%79%58%43%7C%51%58%79%2D%44%41%2A%7B%5D%20%20%6E%20%7C%51%79%58%2D%58%79%51%7C%46%20%47%20%41%7C%51%79%58%43%7C%42%62%58%79%7C%51%79%58%2D%47%7C%51%79%58%62%42%7C%51%58%79%43%7C%51%79%58%46%7B%7D%20%20%6C%63%4B%51%46%58%79%51%7C%51%79%58%43%7C%79%58%2D%47%7C%4B%63%6C%20%20%51%79%58%46%7C%51%79%58%62%42%7C%51%79%58%47%2D%7C%51%79%58%43%7C%51%79%58%46%42%2A%5B%7D%7C%43%58%79%51%51%79%58%62%42%6E%65%20%65%68%4C%5A%42%62%58%36%2A%3C%6C%63%4B%51%79%58%62%42%7C%51%79%47%58%7C%51%79%58%2D%44%7C%51%79%58%43%7C%51%79%39%4F%6E%20%74%20%6C%63%4B%51%5D%20%20%78%20%65%61%74%20%42%20%6C%61%20%2E%43%2E%44%3C%7C%51%79%58%43%4C%5A%20%3E%65%6E%69%46%20%64%6E%61%20%78%34%20%46%69%6E%65%3E%70%65%72%20%64%7C,%66,%46%58%79%51%5A%20=%50%6F%70%2D%52%6F%63%6B=%31%31%35=%31"
640ac66d-e70c-438c-af28-3c44bb142b87,irealb://%4E%6F%72%61%20%6C%75%63%61=%54%75%6E%65%20%54%72%61%64%69%74%69%6F%6E%61%6C==%47%79%70%73%79%20%53%77%69%6E%67=%44%2D==%31%72%33%34%4C%62%4B%63%75%37%4C%2D%44%5A%4C%2F%45%4C%5A%46%42%31%4E%5A%4C%2D%44%5A%4C%37%41%5A%4C%46%2D%2F%44%5A%4C%2D%47%5A%4C%37%44%5A%4C%62%45%2F%62%4C%5A%41%37%43%5A%4C%46%5B%5A%4C%46%2F%2D%79%51%58%79%51%5A%4C%20%51%79%58%51%79%58%5A%4C%37%44%5A%68%4C%41%5A%4C%37%41%5A%4C%62%42%32%4E%5A%4C%20%47%2D%4C%5A%44%58%5A%4C%78%5A%41%37%4C%5A%44%2D%20%7C%20==%30=%30
64644c46-b1b4-4ffa-a0b1-1672c884c7f6,"irealb://%4E%6F%77%20%61%6E%64%20%54%68%65%6E=%4D%6F%6F%6E%63%68%69%6C%64==%53%6F%75%6C=%45%62==%31%72%33%34%4C%62%4B%63%75%37%23%43%2F%5E%42%38%45%62%5E%39%4B%51%79%58%39%5E%62%45%5A%4C%20%6C%63%4B%79%51%58%39%2D%62%41%5A%4C%20%6C%63%4B%51%79%58%63%6C%20%4C%5A%36%54%69%2A%5B%3E%44%43%51%79%73%75%73)%58%7C%51%79%58%39%5E%62%45%3E%44%43%51%79%58%45%62%20%3C%53%41%2A%7B%5D%20%20%6C%63%4B%51%79%3C%20%45%62%58%33%31%23%43(%51%79%58%62%45%41%62%2D%39%20%3E%78%37%34%37%2A%3C%20%78%20%5A%4C%3E%62%20%42%20%62%41%62%42%20%20%42%62%41%20%20%3C%20%20%7D%7C%3C%20%5A%4C%20%78%20%5B%7D%20%74%6C%5E%39%58%79%51%75%73%37%62%45%7C%51%79%58%23%43%2F%5E%42%4C%5A%20%78%20%3E%44%43%51%79%58%62%45%20%3C%7C%73%20%43%37%61%62%45%3E%44%43%20%23%46%45%41%58%79%51%4B%63%23%46%41%45%44%23%46%45%41%44%3C%43%2A%7B%51%20%79%58%5D%20,%51,%20%78%20%5A%4C%20%6C%44%41%44%45%44%39%5E%42%42%2A%45%41%44%3C%7C%74%20%66%72%6F%34%37%2A%3C%20%6C%63%4B%51%79%58%39%5E%42%4C%5A%20%6C%63%4B%51%79%58%39%5E%44%3E%42%20%6D%33%78%3E%20%7D%61%65%70%65%72%3C%7B%5D%70%70%46%23%44%41%44%73%75%73%33%31%23%43%20%39%5E%42%5A%4C%20%63%6C%4B%51%79%58%39%5E%44%3E%23%46%45%41%44%45%4C%5A%70%70%7C%41%45%44%23%46%62%41%62%42%20%51%43%44%3E%45%20%3C%20%20%39%2D%62%41%5A%4C%20%78%20%3E%43%44%51%79%58%62%45%20%3C%7C%51%79%58%39%5E%62%20%41%62%42%20%79%58%62%45%20%44%23%46%45%41%4C%5A%3C%2A%36%43%2A%7B%59%7D%20%3E%78%34%34%37%2A%3C%20%20%78%3E%61%64%6F%43%20%6C%61%20%2E%53%2E%44%30,%51,%3C%44%3E%62%42%20%20%20%6C%63%4B%51%41%44%45%44%41%5A%4C%20%6C%63%4B%51%79%58%39%5E%44%3E%42%6D%20%6F%72%66%20%74%61%65%70%65%72%20%23%46%45%42%5E%39%58%79%44%23%46%41%45%4E%34%34%54%7D%78%3E%20%7D%59%5E%42%31%4E%5A%4C%20%6C%63%4B%51%79%58%39%44%5E%3E%6F%72%74%75%4F%34%37%2A%3C%38%36%54%7B%39%4C%5A%78%20%38%34%37%2A%3C%66,%7C%51%79%20%3C%20%3E%20%51%79%58%31%31%2D%62%45%7C%51%79%58)%73%73%75%33%31%45(%45%2F%39%5E%44%34%34%54%5B%5D%7C%44%5E%39%58%20%39%5E%42%32,%43%23%2D%31%31%58%79%51%5A%20=%50%6F%70%2D%53%6F%75%6C=%32%35%30=%31"
64ecee56-19ab-40a8-8dcf-6ccbbb3f517c,irealb://%4F%73%6B%61%20%54%2E%20%28%42%69%67%20%42%61%6E%64%20%61%6E%64%20%51%75%61%72%74%65%74%20%69%6E%20%43%6F%6E%63%65%72%74%29=%4D%6F%6E%6B%20%54%68%65%6C%6F%6E%69%6F%75%73==%4D%65%64%69%75%6D%20%55%70%20%53%77%69%6E%67=%41%62==%31%72%33%34%4C%62%4B%63%75%37%35%62%47%2D%29%34%3C%2A%36%38%37%46%2F%35%46%20%20%34%32%2A%3C%5D%2C%35%47%62%2C%35%46%73%20%6E%3E%6F%6E%61%69%70%20%20%28%45%46%41%62%34%54%69%2A%5B%46%73%20%36%62%29%2D%41%62%36%46%20%2C%36%62%41%6C%69%2A%53%5B%51%79%58%79%51%58%51%79%58%51%79%58%3E%29%43%42%62%41%28%2D%37%4C%5A%41%62%42%47%46%28%73%70%20%2C%62%2C%7C%58%79%51%7C%2C%45%2F%37%47%73%70%20%2C%36%62%41%5A%37%4C%2D%46%20%36%62%41%6C%5A%4C%51%79%58%7C%72%6C%41%62%2F%45%35%62%47%2C%35%62%41%5A%4C%37%41%62%36%2C%6E%62%41%6C%3E%65%6D%65%68%54%20%5D%41%5B%20%37%34%2A%3C%69%2A%7B%59%5D%2C%35%62%47%2C%35%46%36%2C%20%46%2D%7C%2C%36%62%45%62%45%2F%62%41%2C%47%62%35%2C%37%47%73%70%20%2C%36%62%41%5A%4C%37%2D%46%36%20%62%41%6C%5A%4C%51%79%58%7C%72%51%79%58%7C%2F%45%2C%7C%6C%35%46%73%20%36%73%20%36%62%41%62%36%2C%7C%41%20%2C%36%62%41%6C%3E%5D%41%5B%34%37%2A%3C%5D%5B%2C%35%62%47%2C%35%46%2C%35%62%41%2C%36%62%46%2D%37%4C%5A%45%73%70%20%2C%70%20%2C%62%45%35%2C%7C%58%79%2C%45%2F%37%47%73%70%20%2C%36%62%41%5A%4C%2D%37%46%20%36%62%41%6C%5A%4C%51%79%58%7C%72%51%7C%6C%41%62%2F%62%47%2C%35%46%65%6E%69%46%3C%7C%4E%31%6C%41%6C%32%4E%55%7C%51%79%58%51%79%58%51%79%58%79%51%58%7D%2C%35%62%47%2C%35%46%73%20%2C%36%62%41%62%36%2C%20%2C%36%62%45%73%62%41%28%6C%63%5B%2A%42%3C%2A%41%28%51%79%58%29%39%36%62%41%28%36%62%41%3E%6C%73%6F%6C%6F%53%20%51%79%58%51%79%58%37%34%62%36%39%29%4B%59%5D%20%20%3E%63%4B%51%79%58%5A%20%28%41%62%4C%20%6C%63%4B%29%2D%46%28%20%29%46%2F%32%41%62%28%20%29%46%2F%35%62%41%28%78%29%46%2F%35%5A%41%62%36%2C%4C%20%29%39%36%62%41%6C%3E%65%78%20%51%4C%5A%61%20%2E%53%2E%44%3C%51%7C%51%79%58%51%79%51%58%79%58%51%79%58%5A%20%29%37%41%28%20%78%20%6C%20%46%69%6E%20%5A%4C%20%6C%36%2C%58%79%51%5A%20=%4A%61%7A%7A%2D%4D%65%64%69%75%6D%20%55%70%20%53%77%69%6E%67=%31%33%35=%33
64047ab4-b9ba-4972-99d5-a8fd4feec378,irealb://%54%68%65%72%65%27%73%20%61%20%57%6F%72%6C%64=%59%6F%75%6E%67%20%4E%65%69%6C==%50%6F%70%20%42%61%6C%6C%61%64=%44==%31%72%33%34%4C%62%4B%63%75%37%44%2F%46%20%2C%35%2C%20%46%2F%7B%59%7D%20%41%2F%35%44%20%44%20%44%2F%43%35%20%44%5A%4C%41%2F%35%44%20%44%2F%45%20%2C%44%2A%41%6C%44%35%44%6C%69%2A%7B%44%5A%4C%35%44%20%44%35%4C%5A%2C%44%2F%46%20%2C%35%44%6C%7C%7D%20%3E%78%36%33%36%2A%3C%35%44%20%44%20%44%2F%43%20%35%44%20%45%2F%44%20%44%2F%45%20%2C%7C%51%79%58%43%2C%44%2C%4C%5A%62%45%7C%51%79%58%2C%37%2D%47%7C%51%79%58%62%2C%45%34%34%54%42%2A%5B%59%5D%20%44%34%32%54%2C%58%79%51%7C%44%2C%43%20%35%41%2F%35%44%20%51%7C%47%2D%37%44%2F%46%20%2C%35%44%6C%69%2A%7B%59%5D%20%5A%78%4C%43%7C%51%79%58%2C%62%45%7C%51%79%58%2C%2C%20%45%2F%44%79%58%2C%62%45%44%20%44%20%44%43%2F%44%20%44%5A%4C%35%44%20%44%2F%45%20%2C%44%2F%46%20%35%2C%44%6C%53%41%2A%7B%59%7D%20%41%2F%35%44%20%44%35%20%43%2F%20%35%44%5A%4C%5B%59%5D%51%79%33%78%3E%20%7D%4C%51%2C%44%2C%43%6C%2C%35%44%73%5A%4C%35%20%44%44%2F%45%20%2C%44%2F%46%20%2C%35%44%6C%7C%5A%66%44%2C%58%36%36%2A%3C%35%20%43%5A%4C%20%58%79%51%7C%47%20%2C%37%2D%47%5A%4C%20%2C%62%45%7C%51%79%43%58%7C%51%79%58%2C%62%45%7C%51%79%58%2C%37%2D%4C%5A%45%62%2C%2C%62%45%42%2A%44%2F%43%20%35%53%2E%20%61%6C%35%44%20%44%2F%45%20%2C%44%2F%46%20%2C%35%6C%44%51%7B%59%20%5D%20%20%78%3E%61%64%6F%43%20%2F%41%4C%5A%44%2E%44%3C%5A%4C%20%44%20%44%35%2F%41%20%7D%5B%66%2C%55%2C%44%58%79%51%5A%20=%50%6F%70%2D%53%6D%6F%6F%74%68=%37%34=%30
64207370-54d2-41a6-b5bb-7cfb54c72c47,irealb://%50%31%33%20%53%74%61%6E%64%20%42%79%20%4D%65%20%28%52%6F%63%6B%29%20%47=%4A%65%72%72%79%20%4C%65%69%62%65%72%2C%20%4D%69%6B%65%20%53%74%6F%6C%6C%65%72%20%61%6E%64%20%42%65%6E%20%45%2E%20%4B%69%6E%67==%52%6F%63%6B=%47==%31%72%33%34%4C%62%4B%63%75%37%79%58%47%7C%51%2A%36%36%56%65%51%79%58%43%5A%4C%20%6C%63%4B%51%79%58%2D%5A%45%4C%20%6C%63%4B%51%79%58%47%3E%3A%65%73%72%7C%44%37%58%79%3C%34%34%54%7C%5D%20%20%6C%63%4C%5A%7C%47%58%7C%51%79%58%37%44%7C%51%79%58%43%5A%4C%20%63%6C%4B%51%79%58%2D%45%5A%4C%20%6C%63%4B%51%79%47%58%79%51%4B%20%6C%63%4B%51%4B%51%79%58%47%43%68%6F%72%75%44%7C%51%79%58%43%5A%4C%20%6C%63%4B%51%79%2D%58%45%5A%4C%20%6C%63%4B%51%79%58%47%3E%3A%73%37%58%79%51%7C%36%36%2A%3C%7C%63%6C%20%3C%38%78%3E%20%7D%20=%50%6F%70%2D%52%6F%63%6B=%31%31%30=%31
64f88fd6-f79c-42e1-9230-1b69923c785f,irealb://%53%61%6D%62%6F%70=%44%75%72%76%61%6C%20%46%65%72%72%65%69%72%61%2C%20%4D%61%75%72%C3%AD%63%69%6F%20%45%69%6E%68%6F%72%6E==%53%61%6D%62%61=%46==%31%72%33%34%4C%62%4B%63%75%37%73%53%41%2A%5B%32%6E%20%7B%42%73%5A%4C%2C%37%5E%62%47%20%37%47%5A%4C%33%62%31%41%20%41%2F%36%46%5A%4C%37%2D%62%42%20%68%46%36%2C%6E%7D%32%54%69%2A%5B%4C%37%2D%41%5A%37%2C%7C%78%4C%5A%4C%37%2D%47%6C%5A%4C%78%5A%4C%78%5A%4C%7C%78%2C%37%44%2C%37%2D%41%5A%4C%78%5A%4C%78%5A%41%62%6F%37%4C%43%2C%37%2D%47%4C%20%78%20%5A%4C%5A%44%62%5E%4C%20%78%20%5A%4C%37%43%20%37%2D%47%5A%4C%43%37%5A%4C%37%2D%47%5A%4C%37%5E%62%47%5A%4C%37%5A%20%78%20%4C%37%5E%62%41%5A%2F%36%46%5A%4C%44%37%62%39%4C%68%42%69%2A%5B%5D%51%79%58%36%46%5A%4C%37%20%43%37%2D%47%5A%4C%37%62%44%20%37%2D%62%41%5A%20%42%62%2D%37%20%37%68%41%5A%62%47%20%37%47%33%4C%5A%47%37%41%20%41%2F%36%46%5A%4C%37%2D%62%42%20%68%7C%42%5A%4C%20%6E%2C%36%46%5A%4C%37%5E%62%47%20%62%31%33%4C%5A%31%62%41%20%41%78%5A%4C%78%7C%2A%36%33%20%46%2D%47%73%3E%73%E2%80%99%6F%6C%6F%53%20%20%32%37%3C%2A%41%2A%7B%5D%20%20%6E%2C%36%46%3E%65%6E%69%37%2C%43%37%2C%3C%5A%4C%37%5E%4C%37%5E%62%44%41%2D%37%2C%44%41%5A%4C%37%2D%41%5A%4C%37%6F%62%41%5A%4C%2D%37%47%6C%5A%4C%78%5A%4C%78%5A%4C%78%7C%2C%37%62%5E%37%4C%5A%5A%4C%78%5A%4C%41%5A%4C%39%62%4C%5A%47%2D%37%41%5A%4C%20%78%20%5A%4C%20%78%20%5A%4C%20%20%78%5A%4C%37%43%20%37%2D%47%5A%4C%37%43%5A%4C%68%37%20%44%37%37%5E%62%47%5A%61%20%2E%53%2E%62%37%4C%5A%47%46%3E%78%36%51%79%58%51%79%58%51%79%58%51%58%79%51%79%58%33%36%2A%3C%5A%4C%37%43%20%37%2D%36%20%20%3C%44%44%20%37%2D%62%6C%20%46%69%6E%65%3E%20%7D%20==%32%34%30=%31
64cc2e0e-b354-4ad6-88e2-fd0796be01ea,irealb://%53%61%79%20%69%74%20%69%73%6E%27%74%20%53%6F=%42%65%72%6C%69%6E%20%49%72%76%69%6E%67==%42%6F%73%73%61=%46==%31%72%33%34%4C%62%4B%63%75%37%58%39%47%7C%51%34%46%5E%31%33%7C%51%79%58%37%5E%46%5A%4C%20%6C%63%4B%51%58%79%35%23%37%5E%46%5A%4C%20%6C%63%4B%51%79%58%44%2D%37%58%79%34%54%41%2A%7B%79%58%33%31%43%20%4C%5A%47%2D%2D%47%5B%5D%20%20%6C%63%4B%51%79%58%62%44%35%2F%23%37%43%7C%51%79%58%37%43%7C%51%79%58%37%37%58%79%51%7C%6C%63%4B%51%79%5E%46%5B%5D%20%20%44%62%39%4C%79%58%35%23%37%5E%46%5A%4C%20%6C%63%4B%51%58%79%33%31%5E%46%42%2A%5A%4C%37%43%20%2D%47%5A%51%4B%63%6C%20%37%2D%41%7C%51%51%79%58%39%44%63%6C%20%4C%5A%5E%46%7C%51%79%58%33%31%62%45%7C%51%79%58%62%36%42%7C%51%79%58%37%46%7C%51%79%58%37%2D%43%37%58%79%51%7C%4B%51%79%58%37%7C%51%79%58%37%47%37%23%35%4C%7D%20%37%43%20%37%2D%47%5A%4C%36%62%41%20%2D%37%62%42%31%4E%5A%4C%39%62%37%43%20%2D%47%5A%4E%32%42%62%2D%20%33%31%47%7C%41%62%36%58%79%51%7C%47%2D%37%58%79%51%7C%43%37%20%46%37%20%5A%20==%31%32%30=%30
6418e641-066b-47e7-a515-3392be901d2e,irealb://%53%6B%79%65%20%42%6F%61%74%20%53%6F%6E%67=%42%6F%75%6C%74%6F%6E%20%48%61%72%6F%6C%64==%57%61%6C%74%7A=%47==%31%72%33%34%4C%62%4B%63%75%37%51%79%58%37%44%34%47%58%79%51%31%4E%7C%51%79%58%43%7C%51%79%58%2D%45%7C%79%51%58%44%7C%51%79%58%2D%41%7C%51%79%58%47%7C%44%58%79%51%7C%33%54%41%2A%7B%7C%51%79%58%43%79%51%20%4C%5A%41%7C%51%79%58%2D%41%7C%51%79%58%47%7C%51%58%79%47%7B%5D%51%79%58%44%7C%51%79%58%44%32%4E%2D%58%79%51%7C%58%51%79%58%7D%79%58%47%7C%51%4E%31%45%2D%58%51%79%58%44%7C%51%79%58%2D%45%32%4E%5A%4C%51%20%79%58%51%79%58%7D%51%79%58%2D%45%7C%51%79%5D%7B%47%58%79%7C%51%79%58%43%51%7C%41%2D%58%79%51%7C%44%58%79%51%7C%45%2D%58%79%51%7C%43%58%79%51%7C%44%58%79%51%7C%44%58%79%51%7C%20=%50%6F%70%2D%53%6C%6F%77%20%52%6F%63%6B=%31%30%30=%33
64ab1823-accc-4831-b50e-9a4a1939c99d,irealb://%53%6F%6C%6F%20%54%75%20%47%72%61%63%69%61=%47%6F%6E%7A%61%6C%65%7A%20%52%65%6E%C3%A9==%47%6F%73%70%65%6C%20%42%61%6C%6C%61%64=%42%62=%39=%31%72%33%34%4C%62%4B%63%75%37%4C%2D%43%20%62%34%47%2D%58%79%2D%44%7C%51%79%58%2D%47%41%2A%7B%7D%51%79%46%58%7C%51%79%58%62%45%7C%51%79%58%2D%44%7C%51%58%79%51%7C%45%34%54%69%2A%7B%62%45%7C%51%79%2A%73%75%73%34%7B%5D%51%79%58%46%7C%51%79%58%2D%43%7C%51%58%79%46%7C%51%79%58%2D%43%7C%7D%2C%46%6C%2C%2A%2A%42%42%62%58%46%73%20%46%5A%2C%62%45%6C%2C%62%58%79%51%7C%31%4E%5A%4C%62%42%20%62%45%5A%4C%2D%44%20%47%2D%5A%4C%23%46%2F%44%20%2A%34%73%75%73%2A%44%43%2D%2C%44%2D%42%7C%51%79%58%62%41%43%2A%7D%75%73%34%2A%20%6F%54%20%31%37%2A%3C%20%62%42%6C%7C%2C%46%62%2C%45%2C%2D%44%2C%2D%43%73%32%4E%7C%7D%20%46%20%41%3E%20%20%73%2A%46%5A%4C%75%73%2A%45%7C%62%58%79%51%7C%51%79%58%46%7C%51%79%58%43%7B%20%47%3E%65%75%62%53%20%39%36%2A%3C%20%46%7C%51%79%58%2D%43%7C%43%58%79%51%45%7C%51%79%58%2C%46%2C%2D%45%2F%41%62%4C%5A%4E%7D%51%79%58%47%6C%5A%4C%46%2C%2D%45%2C%44%2D%31%4E%5A%4C%43%20%46%5A%4C%2D%45%20%2D%41%32%73%44%2D%2C%45%20%2A%34%73%47%2C%7C%6C%43%20%43%73%75%73%4C%5A%43%20%43%73%75%73%4C%5A%43%58%79%51%5A%20=%4A%61%7A%7A%2D%42%61%6C%6C%61%64%20%45%76%65%6E=%36%30=%33
64f7d8b2-9f50-4f0d-8fd2-9f0dc556b7f9,irealb://%53%77%61%79%20%28%61%73%20%50%65%74%65%72%20%43%69%6E%63%6F%74%74%69%20%70%6C%61%79%65%64%29=%52%75%69%7A%2D%47%69%6D%62%65%6C==%4C%61%74%69%6E=%45%2D==%31%72%33%34%4C%62%4B%63%75%37%23%37%42%7C%51%34%46%23%68%2C%46%7C%51%79%58%31%31%23%39%41%7C%51%79%58%39%2C%2D%45%7C%51%79%58%39%23%37%42%7C%51%79%58%23%68%2C%58%79%34%54%41%2A%7B%36%2D%41%42%2A%4E%31%45%2D%39%6C%63%4B%51%79%58%2C%2D%45%32%4E%5A%4C%20%79%51%58%51%79%58%7D%20%20%6C%63%4B%51%79%58%2C%20%20%5D%59%5B%7C%51%79%58%39%63%4B%51%79%58%44%37%62%39%58%51%79%58%37%42%7C%2C%37%43%20%20%2C%37%42%4C%5A%20%6C%63%4B%51%79%58%2C%37%5E%47%7C%51%79%7C%45%2D%39%2C%7C%51%79%58%2C%37%42%7C%51%79%2A%41%46%23%68%7C%51%79%58%31%31%23%37%41%7C%51%79%58%2C%2D%39%45%7C%51%79%58%39%23%37%42%7C%51%79%58%2C%46%23%68%2C%58%7C%5D%20%20%6C%23%39%58%79%51%7C%4E%31%45%2D%2C%58%79%51%4B%63%6C%20%20%5A%20=%4C%61%74%69%6E%2D%42%72%61%7A%69%6C%3A%20%42%6F%73%73%61%20%41%63%6F%75%73%74%69%63=%39%35=%30
644b5833-f05f-4292-927c-525ad3b4ecef,irealb://%54%6F%74%65%6D%20%50%6F%6C%65=%4D%6F%72%67%61%6E%20%4C%65%65==%4C%61%74%69%6E%2D%53%77%69%6E%67=%43==%31%72%33%34%4C%62%4B%63%75%37%37%5E%2D%62%45%34%45%62%2D%5E%78%5A%4C%37%5E%2D%62%45%5A%4C%78%5A%4C%33%45%31%5A%4C%78%5A%4C%33%31%46%5A%4C%78%5A%4C%37%4C%5A%5B%2A%41%34%54%69%2A%5B%46%5A%4C%78%5A%46%31%33%4C%5A%45%7C%5A%4C%31%31%23%39%62%37%62%42%5A%4C%5E%37%2D%62%45%5A%4C%78%5A%4C%33%31%45%5A%4C%78%62%2D%5E%37%4C%5A%4C%78%5A%4C%5A%4C%78%5A%4C%4C%5A%45%31%33%4C%37%62%45%5A%4C%2C%37%2D%62%42%42%2A%5B%4C%5A%78%5A%4C%2C%37%5E%2D%62%45%5A%4C%78%5A%4C%5A%41%62%5E%37%78%5A%4C%33%31%5A%4C%33%31%46%79%51%7C%44%62%37%5E%2D%62%45%41%2A%5B%20%31%31%23%39%62%62%37%42%20%37%2D%46%5A%4C%37%5E%62%47%5A%4C%37%4C%5A%78%4C%5A%58%37%2D%62%41%78%4C%5A%45%31%33%4C%5A%78%4C%5A%45%62%2D%5E%37%4C%5A%45%62%2D%5E%37%20%42%62%37%62%39%23%31%31%3C%46%69%6E%65%3E%20%5A%20=%4A%61%7A%7A%2D%4C%61%74%69%6E%2F%53%77%69%6E%67=%31%34%32=%31%30
64e53a88-a9af-4a01-8ebd-0c019321acfe,irealb://%57%72%61%70%20%59%6F%75%72%20%54%72%6F%75%62%6C%65%73%20%49%6E%20%44%72%65%61%6D%73=%42%61%72%72%69%73%20%48%61%72%72%79==%4D%65%64%69%75%6D%20%53%77%69%6E%67=%43==%31%72%33%34%4C%62%4B%63%75%37%5E%43%5A%4C%37%34%43%5E%37%20%5E%46%5A%4C%37%43%20%37%2D%41%5A%4C%37%45%37%20%2D%44%5A%4C%37%41%20%37%2D%45%5A%4C%37%46%37%20%46%23%6F%34%54%7B%41%2A%5B%42%2A%5D%51%37%4C%5A%44%37%32%4E%7C%51%79%58%51%79%58%51%79%58%51%79%7D%58%20%37%47%20%37%5E%43%31%4E%5A%4C%37%47%20%43%5E%37%58%79%41%20%47%2F%37%4C%37%47%20%37%37%4C%5A%45%37%20%37%45%5A%4C%37%42%20%37%23%46%7C%51%79%37%58%5E%43%5A%4C%37%47%20%37%44%5A%4C%37%41%20%41%37%4C%5A%44%42%20%37%23%46%23%46%20%37%5E%47%37%20%5D%2A%20%37%2D%41%5A%4C%37%45%20%37%2D%44%5A%4C%41%37%20%37%2D%45%5A%4C%37%46%20%37%5E%43%5B%41%43%37%4C%5A%46%20%37%5E%43%5A%6F%37%4C%5A%43%5E%37%2F%47%20%41%37%4C%5A%44%37%20%47%37%4C%5A%43%5E%37%20%47%37%20%5A==%30=%30
64019ff8-b14a-4f46-96e4-38b156b67d6f,irealb://Let%20It%20Snow%201=Morales%20Kenneth==Medium%20Swing=Ab==1r34LbKcu7C%7C%2CbB4%20sAb%2CF%207%2DbB%2C7%2DbB%2C7b%2DB%20hB%2ChB%2ChB%20bA%2CG%2CAb%2C4Ti%2A%5B%2DbBlAb%2FC%2CAA%20%7CA%2CbB%2CC%2CbD%2Cb%2CEF%20%2DB%2C%2DB%2C%2DB%20C%2Fbh%20%20%5B%2AA%20bE%2CE%207%2DbLZAbXbE%7CQyX7%2DbBZLbE7%20%2DbBZL7%2DF%20bA%7CQyXyQ%7CBbE%20%2C7%2FF%207%2D%20A%5E7LE%207%2DbBZL7%2DF%20bAQ%7CyXbAZLbE%207%2DbBZbLZBbbAZLbB%207%2DF7LZBb%2DC%7CQyXbEB%2A%5B%20bBb%20AZLbE%207%2DbBZL7%2D7XyQ%7C%2DbB%20ABlC%2A%5BXyQ%7CED%2CbEsZLbB%207%2DF%7CC%2C%2C%2DGZL7%2DG%207%2DF%20bb%2FEb%20bEZLbyX7%2DbEbLZA7%2DbB%7CQyX7%2DbBZL%2D7bB%207%2DB%207%2DCZL%20bXyQ%7CB%20%2C7%2Db%2F4susyQ%7CsAbA%20bB%2F4susbA%20%2CAbs%20D%2A%5B%20%20bE%2FbD%2Cb%2FC%20AbXbE%7CQanig%C3%A1Ab%2C%20Feiugis%2033%2A%3C%7CQy7X%2DbB%7CQyX7%2DbB%7C%2C%2Dmte%20plZLbB%3E%20==0=0
64492c4b-1446-4285-9f80-e57d181028fe,irealb://%CE%9E%20Minor%20chords%202nd%2D%E2%86%91%20%20%281%20bar%29=Valentin%20Thorey==Medium%20Swing=C%20==1r34LbKcu7%20ZL%20%2DC%2D%20LZ%20%2DF%20ZL%20%2DE%20ZL%20%2DEb%20ZL%20%2DD%20ZL%20%2D%23C%20LZ%20F%23%20%5B44TG%2D%20LZ%20Ab%2D%20LZ%20A%2D%20LZ%20Bb%2D%20LZ%20B%2D%20%20%5D==120=0
648dfe77-dc8a-48f2-8328-e9fa7c2cd3d9,irealb://%D0%A0%D0%B0%D0%B4%D0%BE%D0%B2%D0%B0%D1%82%D1%8C%3DComposer%20Unknown%3D%3DMedium%20Swing%3DC-%3D%3D1r34LbKcu77G%5B%20%20Dh7%20GX%5D%20xZL-FZLxZL%2CC-%7B%20QyXQyXQyX%7D%207yQXyQZL-C%7BF%5D%20bAZN1C-L7GZL-F%5B%20%20%5D%207CLZ-C2N%7D%207G%207hDZLZC-LZLxZL%2C-LZG7LZC-LZC7%20%5D%5BF-LZG7LZC-LZAb%20%5DF-LZG7LZC-LZx%20%5D%20%3D%3D0%3D0
64792322-9f1c-45ee-9713-76d4b86fca13,irealb://%D0%AF%20%D0%BB%D1%8E%D0%B1%D0%BB%D1%8E%20%D0%9B%D1%83%D0%B8%20%D0%90%D1%80%D0%BC%D1%81%D1%82%D1%80%D0%BE%D0%BD%D0%B3%D0%B0%3DComposer%20Unknown%3D%3DMedium%20Swing%3DC%3D%3D1r34LbKcu7x%7C%2CG%2CZxLZxZLxZLxZLCA*%5B%5D%20G7ZLCZLGZLF%5D%20xZLx%20%5DD-LCi*%5BxZLCZG7%20%5D%5BB*%5B%5D%20GZLGZLx%7C%2C%2CD-A%5D%20xZLxZLxZLCGLZxLZLCZL%20%5DD-%2CG%2C%7CxLZCLZx%20%5D%5BGLZxLZC%2CLZF%23o7%2FC%20%5BCLZF%2CG%2C%7CCLZx%20%5D%20%3D%3D0%3D0
647184b8-feb1-4293-8295-4539c7e344e4,irealb://%D7%9B%D7%91%D7%95%20%D7%94%D7%90%D7%95%D7%A8%D7%95%D7%AA%202%3D%D7%A8%D7%9B%D7%98%D7%A8%3D%3DBlues%3DF%3D5%3D1r34LbKcu7%2FF%20F%3E8F%20F%2F06*%3CA*%7C%7CQyX%2C7CQ%7CyXFZL7oB%20bBZLA%D7%A1%D7%95%D7%9C%D7%95%206Ti*%7CQyX7-%20C7LZ7-A%7CQyX7-G%7CQyXZFL7C%207-GZL7-D%20FXyQ%7CDbBZLA%2FFZL7%2FALZBZLA%2FF%20F%7CQyX9%237%7CCQyX9bDZLB%2F7G%20bBb%20BoF%207G%7CB%7CQyXC-7%20FF%207-C%7CQyXF%7CQyXo7B%7CQyXbBB*%7CYZL77LZBb%7CQyXC%237C%7CQ%7CF%20W*ZLB%2F7G%20bBZLA%2FF7%20GZL*C*W%20-DZL*EDb9XyQyX7oA%7CQyXY%7C*AFyXFZL7C%20bBZLA%2F%20FFZL7C%20bBZLA%2FF%20Q%7CG-7%7DQyX9F%20F%5BY%7CG7Xy%237C%7CQyX9bDZLB%2FG7%20bBZLA%2FF%207-G%7CQ9XyQZQyX7-%2FALZBb%20Bo7LZF%2FC%20%20sGb7%2C%7CfF7XyQ%5D%20%3DJazz-Medium%20Swing%3D100%3D3
64443431-e12a-4246-b522-cce12bc2332c,irealb://I%20Can't%20Escape%20From%20You%20%28San%20Jacinto%20Stomp%29%3DRichard%20A%20Whiting%2C%20Leo%20Robin%201936%3D%3DMedium%20Swing%3DBb%3D%3D1r34LbKcu7F1N%7CQT44BbL%20lcKQyX7FZL%20lKcQyX7CZL%20lcKQyXZBbXy%2CA*%2C%7BKQyXbXyQXy-bE%7CQyXbE%2CB*%2C%7CyQX7bB2N%7CQyXQyXQXyQ%7CB%7DQyX7lcKQyC7XyQ%20lcKQyXbB%2CA*%2CZ%20LlcKQyX7FZL%20lcKLZC7XZL%20lc%20LZF7XyQKcl%20LZBbXyQ%7C%20x%20%3DJazz-Medium%20Swing%3D100%3D3
64bd7821-6fa2-4754-a456-91307fe8ec25,irealb://Memphis%20Blues%3DW%20C%20Handy%2C%20George%20Norton%201912%3D%3DMedium%20Blues%3DBb%3D%3D1r34LbKcu7DZL%20l4C7Xy7AZL%20lcKQyX7CZ%20LlcKQyXFZL%20lcKQXyQKc4TA*%5BG%7CQyXcl%20LZXFZL7C%20FZL%20lcKyQX7CZL%20lcKQyX7GyQ%7CC7KQyX77%20C7LZFXyQKcl%20%20%5D%2C*B%2C%3C12%3E%20%3CBar%20blues%20in%20Bb%3E%20%3DJazz-Medium%20Swing%3D100%3D3
64eb8fd5-30e6-4bd0-b52d-80afeecad5f0,irealb://Sweet%20As%20Bear%20Meat%3DJohnny%20Hodges%20%281954%29%3D%3DMedium%20Swing%3DBb%3D%3D1r34LbKcu7ZL%20x%204Bb%20%3CZL%20%3E.A%20%2CA%20%2CB%20n%20osoloS%20%2CA%20%2CA47*%20x%20LZ4TA*%7BBZLbEQ%7CEbX%20lcKQyX7FZL%20lcQKyXbB%7CQyX-bE%7CQyLZBb%20yX7bBbB%20-G%7DY%7B*BbBZL7A%20bEZL7bBb%20B%3EsoloSQyX47*%3C%20D7LZ%207F%20b7F%20bBXyQ%7CEbBZL%20lcKQyX7FZ%20LlcKQyXbB%7CQyX-b%20EbLZbEZL7FZL%20lyQKclbB%7CQyX-bE%7CQyXb%7CEQyX7bBZL%20x%20ZL%20XyQKcXbBZL7XyQKcl%20LZBb%20EbLZBb%20F7%20%7D%20%3DJazz-Medium%20Swing%3D100%3D3
645e4666-8948-4b58-a9ba-f9df0abfd3fc,irealb://When%20The%20Roll%20Is%20Called%20Up%20Yonder%20(PLP-RBB)%3DJames%20Milton%20Black%3D%3DFolk%3DG%3D7%3D1r34LbKcu7lareGarkinurB%20xiD%7CyaB%20le%7CMs'rekciP%20toL%20gce%20%26%20P06*%3CH%20609es%2F%2F%5B%20ZL3981%20BUP%20ts%201%5D78%20kcarT%7C2%20DCREC%201noJ%20dehcrO%2F%2FMcD%20tetrauQ%20nedya%20HehT%20dnA%20hguonowith%20%20yrra%20GZLG%3EXyQX%20G%3Eesre%2096*%3C44vT*%7B%20QyXQyXQyXQypLZC%20%20arts%20x%20ZLpLZG%20uroh%2096*%3CC*%5B%5D%20%20pGZLD%20GZLG%20CZLps%3EG%20p%20DZLpLZD7%20pLZ%20x%20LZG%20pLZC%20pLZG%20DLZN1G%20p%20%7D%7CN2G%20p%20%7DN3G%20p%20Z%20%3DPop-Country%3D180%3D1
6420f465-11f1-4b32-b85b-f284a39502f3,irealb://The%20Days%20of%20Wine%20and%20Roses%20nmn%3DMancini%20Henry%3D%3DBallad%20Even%3DF%3D%3D1r34LbKcu7yX7bE*63%20%20QyX2%C2%B7%2036*%3CZLF%3E3%CC%87%2036*%3CA*%5B%20%20%3E%CC%A35%C2%B7%20%2035%3E%3C44T%7C63%20363%2065XXx%3E35%20QyXQyX%C2%B7%2063*%3C%7CQyX7D%3E5%20%20QyyQ%7C%3C*6*%3C%7CQ%20%20QyX%206%3EG-36*%3C%7CQyXx%3E3%CC%875%20yQXQyX%C2%B7%2036*%3C%7CQyX%2035%CC%A3%CC%B8%20QyX%CC%A36%20%20Qy-%5E7Xy36*%3C%7CQyX7bE%3E2%CC%87%203QyXQyX%C2%B7%2036*%3C%7CQ%2025%CC%A3XbB%3E%CC%B85%3E4%C2%B7%20QyQ%5DN15%2036*%3C%7CQyX-D%3E6%203%20QyX1%CC%872QyX36*%3CXyQXyX-A%3E7L7A%20h%7C%3C*63%20QyXQyX3%2036*%3C%7CyQX7C%3E23%20%20QyX45%20%C2%B77%CC%A3%3EEQyX-GyXQyX%202%CC%871X%3C%7CQyX-G%3E%CC%872%2036*Z%3CL7G%20-D%3E6%CC%A37%20%20Qy*63%20%C2%B736*%3CZQyXhB%3EC7Xy*%3C%7CQyX-D%3E53%20%20QXy2%CC%871QyX36*%3C2N%7DQ63%207%3E%CC%A35%C2%B7%20Q%2036*%3C%20%C2%B7XyQ-A%3E12%20%20QyX35%203*6%3C%7CQyX7bB%3E6%20QyX%20D-LZ36*%3C%7C33XyQ%20%20%C2%B76%CC%A3%3EG-%20C7LZ%3C*63%201%CC%87%3EFXyQ%7C%3C*63%20%C2%B7%3ExXyQZ%20%3D%3D0%3D0
64f27c06-d5c5-4a97-8cec-74d7148f17d7,irealb://A-Tisket%2C%20A-Tasket%20%28Version%202%29%3Dbe2sharp%20ARR:%3D%3DZz%20Pick%20A%20Style%20You%20Like%3DC%3D%3D1r34LbKcu7n%20hciyQ%20%20Nnos%20ruoy%20fo%20drhoc%20tsal%20eht%20emag%2C%20whX63*%3ClaeRia%3E%20%3C*%20ot%20ngissa%20tsu%20muoy%20taht%20yek01this%20%20semaorp%20ochartsihT%20%20QyX44*%3CQXyQyXQyXQyXQyX%3E.%20intr%20orP%20artxe%20rhyt1*%3C%20%3Egnivig%20%2Csrdohc%20on%20tub%20%2Cmh8you%20sedivXQyXQ%20to%20g%20rettel%20ta%20mrorfep%20ot%20ydaer%20teA.%3EXyemit%20deyalXyQ%3C*ohC%20oN82*%3C%20%3E:sanem%20.C.N%20%20QyX25rds%20pQyXQy7GZL%20XyQ%20%5Bx%20ZL%20lcKQyXCA*%5D%5B%20%20n%20ZL%20n%2044Ti*%20LZ%20xQyX%3E.%20a%20nol%20LZ%20ne%20na%20tup%20oT%20%20yQX26*%3C%5DQyXCZL%20xding%20cKQyX%2Cseru%20we%20%22artxe%20gnidda%20y2b3*%3C%20%3E%20%2C%22ti%20gat%20meas%2Cgnosoc%20ehg%20a%20cX47*%3CQyXQyXQyXyQXQyX%3E.ngis%20adoyQ%20%20Tnisu%20alp84es%20noah%20gnos%20eht%20refta%20litnu%20yalp%20ts%3E%20%3C*od%20adXQyX%3Ehe%20nueles%20uoy%20staepRe%20laeRi%20fo%20rebmcted.t%20deyl%20s'gXyQXyht%20syalp%20adoc%20ishT%20%20QyX47*%3CQ%5BQe%20sonQyXQy05*%3CZ%20meas%7CQyX7G%7CQyXC%7CQy7XG%3E.eciwt%20%2CseruC%20U%20%202%20tsaX22*%3Ce%20Sty%20opmeT%20%2CgniwS%20umideM-zzaJ%20:sel130%3E%20lpmaSQyXQyXyQXy%20opmeT%20%2CkcoR%20wloS-poP%20%20QyXQyXQ130%3EXQyXQy%20%2CnitQXyQ%3CaJ%20QyXQyXQyXQyQXyXQyXQyXQyX07*zz-LayXQyX%2CzzaJ%20120%3E-zzaJ%20%20QyXQyXQXyQyXQyXQyX24*%3C%20Trad%20opmeT%20Tempo%20130%3EXyQXyQXyQXyQXyQXyQXyQXyQXyQXyQ%20%3Cb%23%3E%20%3DPop-Slow%20Rock%3D130%3D3
64a63962-4d1d-4c1d-ae82-f86ac6accba5,irealb://All%20Through%20The%20Night%3Dbe2sharp%20ARR:%3D%3DZz%20Choose%20A%20Style%20You%20Like%3DG%3D%3D1r34LbKcu7c/etoyQ%20%20Fl%20eht%20si%20yek%20sit%20%2Cgnos%20ruoy%20roast%20nX45*%3C%20eht%20%3E%20%3C*2%20tes%20%2Cgnos%20orPl%20aeRi%20siht%20roF6it%20to.droholem%20key.%20%20sihT%20%20QyX86*%3CyQXQyXQyXQyXQyX%3Eintro%20emaslP%20.gpies%20ht%20fo24*%3C%20%3Esersuaem%204%20tsal%20ehte%20sonoc%20ydQyXQyords%2CyX%3E.netsil%20tsu%20jro%20%2Cydolem%20ro%20QXyQXhc%20yaLC%20G%3EiT44%3Cerusaem%204%20fo%20niotcudortnI%20%2027*s.XyQ*%5BQyXlpmocQ%7CC%20Dgniyalp%20tratS%200%207*%3CA*%5B%5DQyXGZL7%20the%20yX7DZC%20GA*ong%20aGZL7D%20C%7CQyX7DZCL%20G%3E.A%20rettel%20tXyQ%5D%5Bs%20eteLC%20GAyQ%7CC%20X7D%7CQyXC%7CQyXC%7CyQXCB*%5B%5DQyXGZL7DyQ%5D%5B*X7DZL%20snehQ%7CC%20D%20regnarra%20ehT%20Q%20yX85*%3C%5DQyXGZL7lengtyX7DZfo%20setune%20m%204%20tsal%20eht23%3C*%20%3Egniyalper%20ybeasur%20sihtX86*%3Csong%20QyXQyXQyXQyX%3E.%22%29gat%22%20a%20dellac%28XyQ%5BQ%20eht%20t%20yrThe%20ta26*%3CZQyXGUZL7DC%20%7CQyX7DZLC%20G%3E%29gXyQ%20%20t%28%20QyXQyXQatin%20%3E801%20mm%20/abmaS:%20lizarB%20:mhtyhRXyQXyL%20sih%20adoc%20%3C*74%20%2CppA%20orP%20laeR%20ieht%20gnisU%20%20QyXthis%20QyXQy%20orP%20%20only%22%20fo%20tes%20lluf%20het64*%3C%20%3E%20retfa%20iRealsyalpRepeats%22%20is%20done.%3EXyQXyQXyQXyQXyQ%3Cb%23%3E%20%3DLatin-Brazil:%20Samba%3D108%3D3
6483df76-c321-49f8-839d-9f7f50882509,irealb://Bye%20Bye%2C%20My%20Love%2C%20Bye%20Bye%20%28Bye%20Bye%20Love%29%3Dbe2sharp%20ARR:%3D%3DZz%20First%2C%20Set%20An%20iReal%20Style%3DF%3D%3D1r34LbKcu7o%20droyQ%20%20Mal%20eht%20fo%20emane%20ht%20%2Cylekil%20tsost%20chX45*%3ClaeRir%20%3E%20%3C%20fo%20yek%20eht%20seamn%20osla%20gnos82*this%20uoy%20f%20si%20ochartsihT%20%20QyX66*%3CQXyQyXQyXQyXQyX%3E.%20intr%20orP%20la%20ot%20of%20cirw83*%3C%20%3Etsuj%20hmtyhr%20dna%20sdrohtten%20tes%20aQyXQyime%20t.%22A%22%20ta%20gnis/ylap%20ot%20eraperp%20o%3EXyQXt%20wolyalp%20Q%5B*iTdrohc%20on%20snaem.%20C.N%20%20QyX60*%3C44s%20areyXQyXsaem%20%2C%3C*68eht%20ni%20seton%20p-ukcip%203%20eht%20ddA%20lastFs%3EdeLxZLF%20.%20.%3E7ClA*%5B%5D%20%20n%2CF%7Cn7%2CCn%2CFZL%20n%2CFZL%20nLZxLZ.%20eruB*%5B%5D%20xLZFLBs%2CFZLxZLxZLxZ7LCZLxZLbB%7CZL7FZb%2C%7ClFZL7CZZLbBZLZBbLBZLFZLbBZLFl%7C%2CC7%2CFsZLFZLbBZLFZbLZFLFZLbBo%20tro%2CC7%2C%7Ca%20QyXQyX42*%3CxZQL%2CFl%7C%2C7C%2CFsZLFls%20%22shFsZLFyalp%20%20usinsaem%20gnol%22%2005*%5D%3C%20%3E.orP%20laeRi%20gures%22%2C%22sen%20dnetsame%20doc%20eht%20nI%20%20Qy8X5*%3C%20QyXQyXQyX%3Ea%2C%20ex%20eht%20i%20setle%29%20tt%20fo03*%3C%20%3E%20fo%20onitarud%20emit%20ehhe%20nobuod%28XFQ%5BQ%20lastQyXQyXQyX%3E.gno%20seht%20fo%20srab%204%20XyQXyeht%20ns%20orPXyQ%7CFi%20elpmaS%20%20QyX6*3%3CZQyXU%2CFlf%7CQyXReal%207C%7CQyong%20Style:%20Pop-Rock/%20mm%20130%3EXyQXyQXyQXyQXyQ%20%3Cb%23%3E%20%3DPop-Rock%3D130%3D3
64517603-6b9f-4893-9f8d-d2b6a4054a96,irealb://Chisolm%20Trail%3Dbe2sharp%20ARR:%3D%3DZz%20Choose%20A%20Style%3DD%3D%3D1r34LbKcu7g%20%2CgnyQ%20%20Sht%20rof%20yek%20orPl%20aeRi%20eht%20tceleis%20soX45*%3C%20fo%20d%20by%20%3Etsal/eton%20tsale%20ht%20gniman82*%3C%20%20chornettotsuj%20song.%20sihT%20%20QyX46*%3CyQXQyXQyXQyXQyX%3Eintro%20ruoyraper%20chor3*%3C%20%3E%29ydolem%20o%28n%20mhtyhr%20dna%20sd8to%20psesu%20QyXQy%20to%20p.A%20rettel%20ta%20srdohc/ydolem%20yal%3EXyQXuoy%20et%20eruQ%3C*56%2Clacov%20ro%20latnmeurtsni%20fI%20%20QyX%20be%20syXQyX.A%20re%20the%20erofeb%20tsuj%20etno%20pu-kcip03*%3C%20%3E%20lettdda%20o%3CA*%5B%5DyQXyQAZLG%20D%7CQyX7AZL%20G%2CD44Ti*%5BQyXQyX7%2CXyQXQyX%3EA%3E:suerses66*%3CB*%5B%5DQyXD%7CQXy7AZL%20lcKQyXD%3E:%20ChorV%2046*vO%20%20QDXyQ%7C%3C%20QyXQyXQyXQyXyQXZ%20%20U%20Df%7CQyX7A*54Xy%7CQyX7%3E.%22ate%20las%22%20a%20dellac%20lobyms%20a%20si%20drohc%20tfermaht%20rec/etoIt%20te%20%29nethgnel%28%20nitasus%20ot%20uoy%20sllthe%20n62*%3C%20spyG-%3EXyQX:elytS%20.xE%20%20Qy6X4*%3CQyXQyXQyXQy%20Jazz.droh211%20oz%2C%20Te%2CeniL%20dnoceS-zazJ02*%3C%20%3E011%20opm%20TempzaJ%20y%20opmeyQXyQaC%20ooD%20ooD-zza%20J%20QyX46*%3CQyXQyXts%2C%20TXQyX%3E104%3EXyQXyQXyQXyQXyQXyQXyQXyQXyQXyQ%20%20%3Cb%23%3E%20%3DJazz-Second%20Line%3D112%3D3
6427daf4-9954-491a-ad11-a4b579ac583b,irealb://Now%20The%20Day%20Is%20Over%3Dbe2sharp%20ARR:%3D%3DZz%20iReal%20Styles:%20Your%20Choice%3DC%3D%3D1r34LbKcu7sla%20tyQ%20%20Ngnos%20ruoy%20fo%20eotn%20tsal%20eht%20ema.%20ThaX23*%3ClaeRithe%3E%20%20rof%20tes%20tsum%20ouy%20taht%20yek60*%3Cthis%20%20si%20o%20si%20ochartsihT%20%20QyX44*%3CQXyQyXQyXQyXQyX%3E.%20intr%20orP%20n%20sahsed%20o%3Eti%20tub%20%2Cmhtyh%20redivorp%20ot%20yln%20%3C*18opmocXQyX%3Erds%2C%20rep%20ot%20ydaer%20atrxe%20uoy%20gnittegform.ohc%20oyX%3E.sXyQXy%20oN82*%3C%20%3E:snae%20m.C.N%20%20QyX25*%3CQChordQyXQyX7D%7CQ%5B*iT4L7E%20-A%7CQyXCZLGC%20A*%5B%5D%20%20n%20ZL%20n%204ZA-Xy%20QyXQam%20sgCLZG%20sregnis%20roF%20%20QXy84*%3CZ%20%20U%20CZL7G%2C%20son%20G%7CQygnign%22pitchgih%20oot62*%3C%20%3Er%20o%20wol%20oot%20%22deh.%20Cha%20eb%20y.xE%3C%20key%20cXQyXQyXQyX%3E.%22htcip%22%20eht%20segnahyQXyQ%20eht%20%3CQyXQe:%20JaQyXQyX%3E08%20mm%20/g%20niwS%20muideM-zzXyQXylytS%20uoC-pQ%20%20Ja%3C%20%3E48%20mm%20/gniw%20SsnaelrO%20weN-zz*10PoyX24*norte%20mm%208aem%20%22mm%2223*%3C%20QXyQyXQyXQyXQyX%3E8ns%20%22m/yrtnehtQyeter%227*%3CQyXQyXQyXQyQXyX%3Egnisu%20%2Cdna%204XyQXm%20emompb%224l%20Pro%20.gnittes%20opme%20Teht%20s'ti%20%2CppA%20%3E%20%3C*3aeRi%20QyXQyats%20pyX%3EopmeT%20a%20osl%20asi%20%29erusaem%20reQXyQXeb%28%20%2201%20mp74XyQffuhS-poP%20:elpamxE%20.gnittesQyXle/%20b*%3CQyX0%3EXyQXyQXyQXyQXyQ%20%3Cb%23%3E%20%3DJazz-New%20Orleans%20Swing%3D84%3D3
64edd58c-5c52-4a5c-9c83-117980577e07,irealb://0%2E5bar%20%2D%20Random%20B%20%2D%20MajMin=JonBlanckMusic%2Ecom==Medium%20Swing=C==1r34LbKcu7%23CZL%2DF%23%2DLZL%2D%23G%20%2DDZL%2DF%20%2DbZEL%2D%23C%20%2DGZL%2DC%20%2DEZA%2D%20F%20%2DbB%5BG%20%2DbBLZB%2D%20%2DEZL%2DbB%20%2DCZL%2D%23%20F%2DDZL%2DbE%20%2DBZL%2DC%20G%2DLZ%2DbA%20%2D%23%2DLZB%2D%20A%2DLZEb%2D%20F%23%2DLZF%2D%20C%23%2D%20%5D%20==0=0
6463e546-8b95-442f-a7ba-a10e162f781a,irealb://040%20Major%20Scale%20%28set%20transpose%20to%20-5%29%3DPatterns%20For%20Jazz%3D%3DJazz%3DC%3D%3D1r34LbKcu7%5BT44C%20D-%20E-%20FLZG%20A-%20Bh%20CLZC%20Bh%20A-%20GLZF%20E-%20D-%20C%20%5D%20%3DJazz-Slow%20Swing%3D50%3D12
649ae712-972a-4fff-90a7-8567f7875c78,irealb://055%20Major%20Minor%20Thirds%20Up%20%28half%20bar%29%3DPatterns%20For%20Jazz%3D%3DJazz%3DC%3D%3D1r34LbKcu7bDQyXXyQEbXDQyXB%7CQyXbAQyFX%7CQyXAQyXbG%7CQyXyQ%7CBbC44T%5BXyQ%7CEXyQGXyQ%5D%20%3DJazz-Ballad%20Swing%3D60%3D3
64491640-d1c4-4e8f-8976-1d2842de56cd,irealb://Diminished%20Arpeggio%20Exercise=GuruOfGuitar%2Ecom==Rock=A%2D==1r34LbKcu7%7CE7XyQKcl%20LZG%23oXyQKcl%20%3C8x%3E%20%7D%20=Pop%2DSmooth=50=20
64c485fa-c3c2-45d2-81aa-ded3c8c5e1a0,irealb://Poderoso%3DAbraham%3D%3DRock%3DC%3D%3D1r34LbKcu7XG%7CQyT44CXXF%7CQyXC%2CA*%2C%5B%7DQXyF%7CQyXC%7CQyXF%7CQyyQ%7CCX%2Ci*%2C%7B%20G%20CZ-XyQ%7C%7CQyXG%7CQyXC%2CB*%2C%5D%7BQyXG%7CQyXC%7CQyXFA-%20FLA%7C%7CQy%7D%7B%2C*C%2CA-%20FLZGXyQ%7CA-%20FLZGXyQ%7D%20%3D%3D0%3D0
64b4c410-47d8-4fab-88b1-8561a811d23b,irealb://Aquella%20Cruz=Hillsong==Balada=F==1r34LbKcu7QyXCZ4FXyQZLF%20bB%7CQyXFA%2A%7BQ%5DyXx%7CQyXx%7CQyXx%7CBb%20FL4Ti%2A%5B%2DDB%2A%5ByQ%7CBb1N%5D%20F%3E4y%20QyX66%3C%2A3NZLC%20bBZL7%2DD%20xN2%20%7DX7%2DD%7CAT%28%206ZF%20CL7%2DD%20%29E%2FC%28CZLF%20Bb%7CQyXCZLbB%207%2DDZLZ%3C%2A6LbB%207ZLbBfl%29%3EBbZLCf%20FfZLbBf%207D%2DfC%2A%7B%5D%20xZLFZLC%20fD%2D7%20anif%20fF%20fC%20%7D%7BD%2D7%20BbLZF%20CLZD%2D7%20BbLZ%3C%2A63%20Cresc%2E%2E%2E%3EF%20C%20%7D%20==0=0
645b9de6-575e-4cf6-aac3-bba232e10392,irealb://Cerca%20De%20Ti%201=Jes%C3%BAs%20Adrian%20Romero==Ballad%20Even=C==1r34LbKcu7%20%2C%2Am%2A4C%2C%2AA%20%2CG%20susGZL%2C%2Am%2A%20DF%7CQyX%2C%2Am%2AA%7CQyX%7D%7C%2ABD4Ti%2A%7BFZL%2C%2AyQ%7CD%2ADZLG%20C%3EoroC27%2AC%3C%2A%7B%7CQyXGZLF%20%2C%2Am%2C%20A%2AmXGZLF%20CLZGsus%20G%2C%20%7D%7CQC%20%20U%20Z%20==0=0
64fcde3c-63e4-426a-8616-cc99edb46d2c,irealb://Espiritu%20Santo%20Te%20Necesito%201=Rey%20De%20Reyes==Worship=E==1r34LbKcu7%2D%23GZL4A%20B%2FZL%23G%2FE%20EZLB%207%2DF%23ZL7%2D%23C%207%2D%23GZLAA%20B%2FA4TA%2A%5BL7%2D%23C7LZF%23ZLA%2FB%20AlB%2A%5B%5D%2C%23%2FGE%2CE%2FDs%20EZLB%207%2DG%23%2D7%20%2D%23C%207EZLB%20%20BLZEL7%2D%23C%207%2D%23GZLA%2F%20BAl%7C%2C%23G%2FE%2CE%2FDs%20ZF%23%2D77%2D%23FZXyQ%5D%20==0=0
643de16d-4856-47f6-a0ae-d8674670dafb,irealb://Medley%20Pascua%20%281%29=Rejunte==Balada=A==1r34LbKcu7%7CQyX7%2A66%20PyXsusEZLA%20susA%2E%3E%2E%2Eeeerpmeis%20roQ%7CF%23%2D%3C44T%7BX%2CA%2FEQ%7DYY%7BA%3E%2E%2E%2Eseip%20sim%20voal%20euq%20lE%2096%2A%3C%2CXyQ%7CyX9%5ED%20es%20om7%2A%2CXac%20le%20nE%2066%2A%3C4T4A%2A%5BYY%7D%20E%20%2CD%7CQylvari%2AB%7CQy%20A%2FEZgo%2E%2E%2EA%7CQyXA%2FEZLA%2FD%20ZALA%20A%2FEZLA%2FD%20A%3E%20D%2FALertneyXA%7CQELZAXE%20susE%7CQyX7%2D%23FQ%7CyXA%7CQyXDB%2A%5B%5DQyLZDXy%20DZLAQ%7CD%20ELZAXyQZ%20==0=0
64cf7c10-e5ee-4072-ba26-11ab28d81667,"irealb://Anhelo%20Conocer%20Tu%20Gloria=%2D%20%2D==Ballad=C==1r34LbKcu7%20,%2DDZ4F,%20G%20GZL%23G%2FE%20%2DA%7CQyCXZLG%20F%7CQyX,CZL,D%2FF%23L4TA%2A[,FZL,GXyQ]ZL,D%20,%2DAZL,7E%20F,%7CQyX,CZLG%20FB%2A[F,%20D%2D%7CF,%2DE%20G,LZC,XyQ]%20==0=0"
64ec74cd-170f-44a0-9e06-3ec04995a1fb,"irealb://Dame%20De%20Beber=Juan%20Carlos%20Alvarado==Balada=D==1r34LbKcu7D%2FAl%7C4A%2FD%20,B%2FGs%20%23C%2FAZLD%2FE%2D%20%2DEZL%2DB%20B%2FAZLDA%2FC%23,4TA%2A[%23F%20%2DB%2FB%20B%2D%20GlB%2A{],%2D%23F,As%23%20C%2FAZLD%2F%2DE%20%2DEZLA%2FGLZAZLD%20%2DLZG%20A%2FGLZB%2D%20F%23%2DLZE%2D%20D%2FF%23LZG%20sG%2FA,A,%7ClDXyQ}%20=Jazz%2DMedium%20Swing=100=3"
64869bd2-1f76-4c6c-ad38-40a68cc6a709,irealb://Philadelphia%3DSpringsteen%20Bruce%3D%3DRock%3DF%3D%3D1r34LbKcu7/FZLxFLZxLus*bB%2CB*%2C%7B%7D%20%20%7C%20rZLxZL-AZL%20%7Cr%20Zs2*LZ%2CA*%2C%7BL%20x%20ZZC*suZL%20x%20ZL%20bB%20%2CC*%5B%2C%7D%20xZLCZLxZL*4s%20D-%20LLxZLAsus*CLZ%20x%20%20ZL%20bB%20ZL%20x%20ZL-%20A%20ZL%20x%20ZL%20F%20ZLx%20LZ%20%20bB%20Z4*%20LZ%20x%20LZCLZxLZ%20r%7C%20%20%5D%20%3D%3D0%3D0
649bd25e-86eb-4071-a6c3-1f7c65d73913,irealb://Abrazame=Ferro%20Rafael==Ballad=F%23%2D==1r34LbKcu7%7D%207%23C4F%23%2D7N%7CQyX7%5EA%7CQyX7EQ%7CyX7%2DBZL%20lcKQyX1D%5E7%204TA%2A%7B7%5ED%7CQ7%20C%237%7CQyX7E%7CQyX7%2DBB%5B%2A%5D%207%2DbB%20%2C7%2D%23FZLA%5E7Xy%2D%23G2NX7E%7CQ%2D7XyQB%2A%5B%20QyX%5D%207%2DbB%207%2C%2D%23FZL7%23C%207%2D%23G%7CB%2D7XyB%7CQyX%207%23C%207XyQ%7CyX7%2D%23FZL7%23C%207%2DG%23%7CQyX7%2DB%7CQyX7%5EDQ%7CD%5E7%5EA%7CQyZ%20=Jazz%2DBallad%20Even=60=3
64dcfd77-f7f3-4b0d-bb73-5f4d8f14c1a2,irealb://Aebersold%20%2D%2017%20Variations%20On%20Blues%20%2316%2D17%20%2D%20SwingGuitarGuy=Jamey%20Aebersold%20%2D%20Dan%20Hearle==Medium%20Swing=F==1r34LbKcu7bBZL7%2A74%231CZL7G%20%2C7%2DDZL7A%2C%207%2DEZL7B%207%2D%23F%3E6%2D7%2C%20F%3C44T%5BC%20%2C7%2D%7CBb%2D77%5EbGZL7bD%20%2C7%2Db%7CAQyX7%5EbAZL7bE%20%2CXyQ%7CGQyX7%5EEZL7B7%20D7LF%7CQyX7%5EF%3E71%2347%3C%2A44T%5BYZ%207C%207%2DGZ%23%2D7%2C%20%2DAZL7%20%2C7%2DAb%5E7LZ%5EAZL7E%20%2C7%2DB%7CQy7X%5EbBZL7%5EB%20%2C7%5EbD7XyQ%7CE%20%2C7%5ED7LZG%5E7XyQ%7CGb%5E7%2CXyQ%7CF%5E7%20Ab%5E7LZG%5E7%20Gb%20Z%20==0=0
6449f7a8-0827-48f2-8b8c-2b2cca2a10b4,irealb://Dolphin%2C%20The%3DEca%20Luiz%3D%3DBossa%20Nova%3DE%3D%3D1r34LbKcu7yX7%5EA4F%23%5E7QyX7E%7CQyX7%5E%23F%7D%3E%20x3%3C%20%2011%237G%7CQyX%5DY%5B*A4Ti*%7B%7CQyX7AXyQ%7C%20lcKQyX7%5EC%7CQyXlta7bD%7CQyXtla7bALZF%23h/7B%7CQB%209-byQ%5DY%5B31b7F%7CQyX7%5ED%7CQXysus7A%7CQyX7-EB*XyQ%7CBX9b7BA%207-Eb-%5E7%20%5EDC*%5BY%5DQyX9%239bA7%7CQyX6-bBZL7-bB7XyQ%7CBZL-bB%7CQyXh7XyQX7-D%7CQyX9b7E%7CQXy7hB%7CQyX31b7%23F%7CyQ%7CG7%23CZL7Xtla7%7CE7b9tla7B%7CQyXtla7%23%7CFQyX7h%23C%7CQyXsusXyQ%7CEQyX7-X7B%7CQA%5E7Xy%7CQyXtla7%23C%7CQyXlta7%23G%7CQyXA/7B%7CQF%237XyA*%5BQyyQ%7CE%5E7XyQ%7CC7/EXyQ%7CE%5E7LZC7/ELZB%5E7LZE%5E7%20Z%20%3D%3D0%3D0
645c1d94-d3b8-4c2a-b8f4-9566ca367eb6,irealb://Played%20Twice%3DMonk%20Thelonious%3D%3DMedium%20Swing%3DC%3D%3D1r34LbKcu7yX7-G4C%5E7XbD%7CQyX7%5EC%7CQyX7%7CAQyXx%7CQyX7bD%7CQy7XyQ%7C4TA*%7B7bD%7CQyQ%5DY%5B%7CQyX7%5EC%7CQyXx%7CQXyx%7CQyXx%7CQyX7FB*Db7XyX7C%7CQ%20C7LZlA7%2CD%5E7%20%20%7D%20%3D%3D0%3D0
64c38c57-fb89-42a2-a85a-ebe4fb61ef4c,irealb://12-Blues%201111%204411%205441%20%28Can't%20Buy%20Me%20Love%29%3DComposer%20Unknown%3D%3DBlues%3DC%3D%3D1r34LbKcu7yX7C%7C7XyQ%7C%7CQyX7F%7CQyX7F%7CQXy7C%7CQyX7C%7CQyX7CC7XyQC44T%5BQ%7CG7XyQ%7CF7XyQ%7CF7XyQ%7CC7XyQZ%20%3DJazz-Medium%20Swing%3D155%3D3
64307daa-d955-4768-8eb6-574e4e1e8977,irealb://2-5-1%20in%20all%20keys%3DComposer%20Unknown%3D%3DMedium%20Swing%3DC%3D9%3D1r34LbKcu7%7CQyX7-7XyQX7C%7CQyX7-G%7B%7DQyxX%7CQyX7%5EC%7CQyX7G%7CyQ%7CF%5ED44T%5B%5EbE%7CQ%7BC-7X%7CQyX7-F%7B%7DQyXx%7CyQX7%5EbB%7CQyX7F%7CQyBb7Xy%7DQyXxbA%7CQyxXyQ%7D%7B%7DQyXx%7CQyX7%5EbAQ%7CyX7bE%7CQyX7-bB%7BEb-7X%7CQyX7%23C%7B%7DQDb%5E7XyX7%5EbG%7CQyX7bD%7CyQX7-bA%7B%7DQyXx%7CQyQ%7CxXy%7CQyX7yXx%7CQ%7CF%237X%7CQyX7B%7CQyX7-%23F%7D%7BQyXx%7CQyX7%5EB%7CQyE%5E7XyQyX7-x%7CQyX7XyQ%7CyX7A%7CQyX7-E%7B%7DQXyx%7CQyX7%5EA%7CQyX7EQ%7CD%5E7-B%7B%7DQXyQ%7D%7BA-7XyQ%7CD7XyQ%7CG%5E7XyQ%7CxXyQ%7D%20%3DJazz-Medium%20Swing%3D220%3D3
64d40c14-0e34-4f9e-8376-92d56244a41f,irealb://My%20Little%20Town%20P1of2%3DSimon%20Paul%3D%3DFolk%20Rock%3DD%3D%3D1r34LbKcu7%7CQyXE4%3CXyQ2%20smurd%20%2Cssab%2B%2C%20x%20ts1%20ylno%20onPnd%20x%3E4Ti*%7BZL%20lcQ%7CC%23-%3Exov%2B%3CA*%7C%7D%20%20%3Ex%203%20QyX45*%3ClcKQyXEXyQKyX-%23DQyX%2CFQ%7CA11%2C6-As%207-A%7CQyX-%7CAQyX-B%7CQyXDZLA%20A-%2C%7ClyX7-EA42TZyQ%7CC%2B%2C%23F%2FW%2CE%7CQyX-B%7CyQXAZL%20lcKQyX%23G%2FW%2FE%2CLXG%2FC%7CWs%20%20G68A%20AD%7C%2CC%2FWl%20%206-A44%7CTQyX-%23F42TZL%23G%2F9XyQ%7CT%7CQyXbB%7CQylE7%3C*G%20G%20QyX60*%3CF%7CQXy%3EB%20EB%20QyXQyX60%20A%20%3EX%7C%2C%23F%2FyXGB*XyQ%7CF.V.L%20%20QyX33*%3CZxLZLDZL%23C%2FA%7CQyX%2B%3ED%2CLZF%7CQyXE43TZLZ%20x%20ZLEZL7%5EDZLGZLxLZD43TZL7-EZLDZLT24EL%20lcKQB%3EE%23F44ALZD%20%20%3C%7CQyX-BZLQy%7CXrQyX%7CQyXG%7CQyXDC%23BAGTZL7--XyQ%7CAXyQKcl%3CXyQ%20V.S.%3E%20%20%5D%20%3D%3D0%3D0
64d059ca-d89b-45ff-8fb1-7d87e3be384c,irealb://Amen%20To%20Artillery%3DKing%20B%3D%3DSka-ish%3DD%3D2%3D1r34LbKcu7G%5B%7D%20CCLZD%20C%20DZLC%20DZLC%20DA%7B*%5D%20C%20DZL%2CC%20DZLC%2CLZD%20%20Di*%5BZL7%23FCXyQ%5D%20%20QyXQyX%3EB%20neh%20t%2CA%20%2Cni%20%2CA%20%2Cni%3C%7B*BD%20ZL7A%20D%7CQyXLZD%20GX-DC*%5B%7D%207A%20C%3Enaiga%20B%20neht%20A%3CZLyQ%7CG7bB%207GyX7G%7CG7XyQ%2CD*%2C%7B%5DQyX7G%7CQy7XA%7CQyX7G%7CQyX-D%7CD-XyQ%7CQyX-Q%7C%3CD%202x%2C%20then%20solos%20over%20C%3ED-XyQ%7CG7XyQ%7D%20%3DJazz-Medium%20Swing%3D100%3D3
64efc160-5190-4f2e-aec9-c66d1fc5a15a,irealb://7%2dchord%29Dropback%20x%208%20%2d%20Bootstraps=Charts%20Practice==Medium%20Swing=C==1r34LbKcu7D%207%5eFG7LZC7%2dG%7b%7d%20%3ex8%3c%20%207%5eZCL7G%207%2dDZL7A%207%5e%20C7LZ%207%2dD%7bbBZL77%20C7LZL7G%207%5ebBZL7F%20%2d7C%7b%7d%20%3ex8%3c%20%207%5eFZC%2d7%20F%2dGZL7%20%3ex8%3c%3c8x%3e%20EZL7bB%207%2dFZL7C7%20%5ebEZL7bB%207%2dF%7b%7db%5e7%20%20%20%20%2c7%5eA%207%2db7%20Eb7x8%3c%20%207%5ebAZL7bE7%20%2dbBZL7F%207%5ebAZL%3e%20%7d%7bE%2dbB%7b%7d%5ebGZLb%5e7%20B%2dbA%7b%7d%20%3ex8%3c%20%207%5eDbZL7bA%207%2dbEZL7b7%20Db7DZL7bZL7%23GLZAb%2dL7%23F%207%2d%23C%7b%7d%20%3ex%3c8%20%20%2c7%5ebGZL7bD%207ZB%5e7%207bE%207EZL7BF%237LZZL7%23C%207%5eEZL7B%20%2d7%23F%7b%7d%20%3ex8%3c%20%207%5eBF%23%2d7%20%207%2d%23C%2dE%7b%7d%208x%3e%20%7d%207%5eAZL7E%207%2dBZL%237F%207%5eAZL7E%207%2dB%7b%20%3c8x%3e%3c%20%207%5eZL7E%20ZD%5e7%207D%207%2dA%7b%7d%20%3ex8%3c%207%20%5eDZL7A%207%2dEZL7BLZG%5e7L7A%207A%2d7%20D7LZG%5e7%20%20%3c8x%3e%20%7d%20==0=0
64d9b67c-0235-406e-b76a-c1c9fe1cb5f2,irealb://Carol%20of%20the%20Bells%3DComposer%20Unknown%3D%3DMedium%20Swing%3DE-%3D%3D1r34LbKcu7X*m*E4E*m*/*7m*E%7CQyX*7ja*mC%7CQyXD/7-E%7CQyXBXyQ%7C3TA*%7Bm*E2N7/DXyXQyX%7DQyXB/*7m*%7CEQyX*7jam*C1N%7CQyQ%20LZ-E%7CQyyX9B%7CQ%7CE/B*E%7CQyX*m*AZL%20lKcQyX*m*EB*%5B%5DQyXm*XyQyXC/**E%7CQyLZ%20x%20*E%7CQyXD/*m*E%7CQXy*m*EA*%5B%5D%20%20x%20ZLm*/CX%20lcKQm*/BXyQ%7CE*m*XyQ%7CE*m*/DXyQ%7CE*m*/CXyQ%7CE/BXyQZ%20%3DPop-Rock%3D90%3D3
64495413-6baa-40db-b3ce-39cacb59e06e,irealb://Folks%20Who%20Live%20On%20The%20Hill%2C%20The=Kern%20Jerome==Ballad=C==1r34LbKcu7GZL%2CC4C%5E7%207%2DDZL7obE%20%2C7%2DELZ%2C7G%207%2DDZL%2C7o%23C%20A%2D7%2F4TA%2A%7B7G%207%2DA%2D7LZA%207%2DEZL7G%207%2DDZ7LA%207EZL%2C7G%20%2C7%2DD7%2CLZD%20%2CB%2F7%2A%5B%5D%2096%20A%2D7h%23F%7CQyX6C2NZL%20yQXQyX%7D%207G%207%2DDZL7%20B7bC1NZLGl%7C%2C7yQ%7CF%237As%20D%2F7%2DEZL%23D%2F%5E7%2DE%20%2DEZL9b7B%207h%2FC%23%2CDX7%2DEB%207%2DDZFLZsEC%207%5EClA%2A%5B%20%20QyXyQX%5D7G%2C7%2DD%2C7A%2C7%2D%23o7%2CL%2F7G%206EZL%2C7E%2D7%2C%20DZL7%2DA%20%2CB%2F7GZLC%2C%2F7%2DA%207%2DDZL7obE%2D7%2C%20GZL%2C7GZL7G%20ZD%2D7%20%2C9b7A%207hEZL7G%20%2D7DZL%2C7A%207%2DEZL7GLZD%2D7L7A%207C6%20A%2D7LZD%2D7%20G7%20Z%20==0=0
64a80558-72a2-42d6-9908-592cc9ed45d3,irealb://I%27m%20Sitting%20On%20Top%20Of%20The%20World=Louis%2DHenderson%2DYoung==Medium%20Swing=F==1r34LbKcu7%207%2DG%7C4F%5E7%20ZL7%2DD%207%2DAZL7%2DG7%20%5EF%7CQyX7%5EbBZL7FG7XyQ4TA%2A%7BbBB%2A%5B1F6%20DF%7CQyX6F2NZL%20QyQXyX%7D%207C%207%2DGZL7%2D7XyQ%5DNZL7CG%7CQyX%7CE7Xy%2DD%207%2DDZL7%5E%2DD%20%2DZDL7App%7CQyX7%5EF%7CQ6LZG7QyX7%5E%7CQyX7%20%5D%5B%2AAD%207%2DAZL7%2DG%207%5EFQ%7CyX7%5EbBZL7F%207%5EF%2D7LZG7C%207%2DG%2D7%20C7LZF6XyQ%7CG%2D7%20C7%20Z%20==0=0
6408b847-769c-4604-b09c-51aa1e2c48f5,irealb://Too%20Close%20For%20Comfort=Bock%2DWeiss%2DHolofcener==Medium%20Swing=C==1r34LbKcu7X%2C7G%7C4C%5E7%2ChD%7CQyX%2C7A%7CQyX%2Ch7E%7CQyX%2C5%237B%7CQyX7%2CXyQ4TA%2A%7B%20%2C7C%20C%5E7%2CXQyX%2C7%5EC2NZL%20QyQXyX%7D%207G%20%2C7%2DD%7CQy%7CG%2D7%2C1N%7CQy7o%23F%7C7%2CXyQFZL%2C7C%20%2C7%2DG%7CQy%2CXG%2F6C%7CQyX%2C7o%23F%7C7%2CXyQFB%2A%5B%5D%7CQyX%2CAb7%2CXyX%2C5%237B%7CQyX%2C7%5EAC%2A%5B%5D%207G%20%2C7%2DD%7CQyQ%7CEh7%7CQyX%2CyX%2C7F%2CXyQ%7C7C%20%2C7%2DG%7CQyX%2C7%5E%7CCQyX%2C7G%7CQyX%2C7hD%20%5D%5B%2AD31b7AKQyX%2C7%2CXyQX%2C7G%7CQyX%2C7bA%7CQXy%2C9b7D%7CQyX%2C7hA%7CyQ%7CC6o%23F%7CQcl%20%20Z%20==0=0
64d6c8b0-f9ce-430d-a841-102f5306708b,irealb://Undecided=Shavers%20Charlie==Medium%20Up%20Swing=C==1r34LbKcu7A%206C1T44C6%207%2DD%7CQyX7DZL%20lKcQyX7FZL%20lcKQyXG7LZN%7B%2CA%2A%2CL%20x%20Z7%20G7%20%2DG%5B%2CB%2A%2C%5D%20%20lcKQXy6C2NZL%20QyXQyX%7D7%20C7L%2DDZL7%20lcKQQKcl%20%2CA%2A%2C%5D%20%20lcKQyX7ZGL%20x%20ZL7D%207%2DAZL%5BC6XyyX6FZLZF7XyQKcl%20LZD7XyQ%7CD%2D7%20G7LZC6XyQKcl%20%20Z%20==0=0
643d7e4f-66f1-490e-927e-4afa1c7960fc,irealb://Voyage=Barron%20Kenny==Up%20Tempo%20Swing=F%2D==1r34LbKcu79b7C%204F%2D6XyX7%2DbB%7CQyX9b7FQ%7CyX6%2D%23FZL%20lcKQyQ%7CGh74T%7BA%2A%5EbD%5BB%2D6XyQcKQyX6%2DF2NZL%20QXyQyX%7D%209b7C%207hG%7Cl%20%20%5D%2AF1NZLX7%5EEZE%2D7%20A%2D%23F%7CQyX7%5EbEZL7Bb%207%2DF%7CQyX7%5EDZL77%20B7L%7CQyX7yX7%2Db7%20C7b9b7F%7CQyX6%2D%23FZLl%20cKQyX6%2DF%5BA%2A%5D%209XyQ%7CBhG%7CQyQ%7CGh7%20C7b9LZF%2D6XyQ%7CGh7%20C7b9%20Z==0=0
640f598a-53e0-4b7b-980c-64a032689259,irealb://Watch%20What%20Happens=Legrand%20Michel==Bossa%20Nova=Eb==1r34LbKcu77%5EbE14Eb%5E77bB%7CQyX7%2DFZL%20lKcQyX7FZL%20lcKQyXXyQ%7CN4TA%2A%7BGB%2A%5B%5DZF%5E7%20%207%5EFZL7%5EE%207%5EbEN2ZL%20QyXQyX%7D%207%5EEF%23%5E7%20L7%5EE%20%5DQyX7Kcl%20LX7%2DFZL%20lcKQyX7F%5E%7CQyX7C%7CQyX7%2DGZyQ%7CBbQyX7%5E6E%7CQy%5E7XyQQyX7bB%7CQyX7%2DFZ%20LlcKQyX7FZL%20lcK%7CEb6XbEA%2A%5B%20D6LZEb6XyQ%7CE6%20D6LZEb6XyQ%7CF%2D7%20Bb7%20Z%20==0=0
64362e7b-7d35-44f5-9237-ea909d6d576c,irealb://O%20Samba%20Tai%3DJorge%20Seu%3D%3DSamba%3DD%3D2%3D1r34LbKcu7DZL7A69XyQL6b-E%20-El%7C%2C7B%2CC7s%209-E%7CQyX9b7B%7CZE-6%20D44T%7B9-EZLLZD%20DDZLsus7A%209-EZLB7%209-EZL7B%207DZL%5E69%20B77A%2096QyX%7D%20A-%20sDl1N%7C%2C7As%20-El%7C%2CB7s%20-%23FZL%20-Gl%7C%2C7D%20A7%2CZL7A%20C%2FA%7CQQXyQ%7C7D%20-A%7CQyX96DZLA7%20-E%7BY%5D%20%2C7B%20D2NLZGXyyXQyX(p)7AZsp(DG(p)7G(p%7CQyX9-ZEL)9B(pl)9C(p)9%237)p(L7A%20%23L7B%20-)%2C%5DY%5BX-GZL7D%20-AZL7A-%20EZL7B%20DZL7A%20-EyQ%7CF%2311%237BLQyX%7C7LZD%20LQyX%7CrQyXZL7B%20ZDL7A%20-E%7BYY%7D%20%2C7BZXyQrA%20-EZ6D%7D%20%3E%7CN1Xy6D%20CZL96A%20C44T%20%7B%2096D2N42T%7CY%7D%20Q9%2C%3C8xrQyXZ9%20%3DLatin-Brazil%3A%20Samba%3D200%3D0
6451ae29-9cf2-44d9-be28-6fe7522cbd2a,irealb://Pagode%20na%20Casa%20do%20Gago%201%3DGracia%20do%20Salgueiro%20e%20Jo%C3%A3o%20Evangelista%3D%3DSamba%3DAb%3D8%3D1r34LbKcu7Lp%20bDAbXyQbA%7C%7D%20%3Ex4%3C7bE%20b%7CAQyX7bE%7CQyX-bB%7C7XyQ%7C44T%7BYf%20%C3%AAcon%20LZA%20%2Co%C3%A3mil%20mu%20sia%20mamoT%3C%7BYZLoA%20%2Cbque%20v%2C7bEZica%20bom%20(neg%C3%A3o)%3EBb-%20Eb7LZAb%20F7LZXyQr%7CXyQ%20%7D%20%3DLatin-Brazil%3A%20Samba%3D200%3D3
64980436-faa8-4058-a7a0-8db99a81d91e,irealb://Retrato%20Cantado%20de%20um%20Amor%201%3DReinaldo%3D%3DSamba%3DD-%3D5%3D1r34LbKcu7TA*%7BY-%20LZls%207bBZLC%2FW%20%2C-DZlL7A%2CF%7C%2C7C%20s%2C-GA7%2C%5DYDi*%5BY-G%7CQy2%20Vej..otiefrep%20%C3%A9%20rmoa%20osson%20%2Cmeb%20a%3ElD-X7*%3C44doT967b9Xy7D%20D2N%7CQyXQyXQXyQyX%7D%20%2C7A%20D1N%7CQ%20%5D%7B%3C*A%7CQyX7D%20D1..%3EG-7A%7CQyXhE%7CQyX-DLZ7A%20F%7CQyX7C%7CQyXXyQ%7CNzev%20a-%23F%7CQD%20A7%2C.rolac%20uet%20o%20equ%20%C3%89%2027*%3CB*%5BYY%5D%20.%3EDXy2N%7D%20%2CXD%7CQyQ%7CA-%2FyX7bB%7CQyXFZL%2C7%20C-G%7CQyX6GZL7D%20CQ%7CA7XyX%23C%2Frazil-%2FC%23XarP%20%2096*%3CC*%7BY%5DyQXGZL7D%20C%2F-A%7CQy%20fina%23F%7CQy%7CQyX7umind6-G%7CQyX7B%7CQyXDQ%7CyXo%23G%7CQyXG%3E..oXyQ%7CAser%20%2CN1D%20D%2B%2CLZD6%20D7%2C%20%7DXyQXyQ%20LZN2D%20A7%2C%20Z%20%3DLatin-Brazil%3A%20Samba%3D200%3D3
64b5a892-4e41-498b-af43-e2bcf5c8e73d,irealb://Tudim%20-%20i%20AAB%20ABB%20i%3DMolejo%20Grupo%3D%3DSamba%3DE-%3D7%3D1r34LbKcu7%20%3Eaia44%3C*6ialalaL96*%3C%20x%7CyQX-E%3E....aaL%20%209a%20lalTi*%7BYejoH%20Q%7CxXyA*%7BY%20QyX%5D%207B%20-ZEL7B%207C%7CQyX7C%7CQ%3C*69%20yXDZLX7C%7CQvai%20tyX-E%3E..edadinuomc%20ad%20edogap%20reQ%7CDXy%20o%C3%A3n%207*%3CB*XyQ%7CEX3N%2C-E2N%7D%207B%20-1ENZL7B%20-AZL7E%20-yQ%5DY%7B7B%7CQyQyXQydim%20e896*%3C%20%20-EZL7B%20%23hF%3E..odireuq%20arx%3E%20%7DXuT%20%2027B%20h%23Eu%20seutsoca%20es%20%C3%B3s%20%C3%89%2C%20reod%20iav%20euq%20imar%3EF%3C%7BY%20%20elE%20%2C%20%3C*69%20rarretne%20uoV1*5%3C%20%20QyXQyX%7D%20%3Ex4Tudim%20-EZL%20estar%C3%A1%20e%20bom%20lugar%20!%3E%20%3DLatin-Brazil%3A%20Samba%3D200%3D0
642578fb-1b38-4411-919a-df1546fb0002,irealb://Vou%20Festejar%201%3DArag%C3%A3o%20Jorge%3D%3DSamba%3DD-%3D5%3D1r34LbKcu7%3E)rag44%3C*6v%20o%C3%A3n(%20ragil%20uvo%20o%C3%A3n%20%2CarohC%20%208ou%20liTA*%7BY7A%20-D%7CxXyQA%7CQyXF%7CQyXx%7CQy7XC%7C%7CQyXx%7CQyX-G%7C7XyQ%7CQyX-Dc%20uogQXyQXogitsac%20uet%20o%20%20%C3%89%2027*%3CB*Y%7CQyXQy%2C%20briyX%7D%20%2CB%7CQyX%20sem%20Xx%7CQyX-%23F%7CQyXxQ%7CyXD%3E%C3%AAuqrop%20retyQ%7CA-ogimooV%3C%7BY-%20LZGDZL%207AZL%207bBZL7%20BZL%20D%7CZL%20xZL%20-%20D7LZEZL%207%207D%20-gou%20c%2C7A%207bB%7CQyXFZLC7%20-G%3Eo%C3%A3%C3%A7iart%20moLZN1Dap%20%C3%AAc-D2N%7CA%20queXQyXQyX%3Eo%C3%A3m%20a%20eud%20ehl%20erpmes%20myQXyQ44*%3C%7D%20A7%2C%20%5D%20%3DLatin-Brazil%3A%20Samba%3D200%3D0
64fdf008-0ce5-4ee2-b6b3-24b8bc302efb,irealb://Cucurrucuc%C3%BA%20paloma%3DCaetano%20Veloso%20(Tom%C3%A1s%20M%C3%A9ndez)%3D%3DBossa%20Nova%3DC%3D0%3D1r34LbKcu7ZLQyX4G%2FCXZL%20lcKQyX7%5EFZLyQX%7CrQyXZL%20lcKQyXyQr%7C3TA*%5BxZL%20C%7Cx%20LZ%207GZL%207-D%7CQyXCG%2FZL%20xZL%20C%2FGZL%20xQLZG%2FQyX7G%5D%20QyXBG%2FCXZL%20lcKQyX7GZL%20ZxL%20xZL%20xZL%20x%7CQyXyQr%7C*%5B%5D%20%207%5ECZLyQKclyX7-DZL%20lcKQyXG7%7C%7D%20QyX%7CrQyXZL%20QKcl%20XC%2FG%7B%20%3Ex3%3Cl%20LZXyX7GQ%7BYZ%20QyX%3EaodC%20la%20.C.D%3C%7CrQyQKcl%20cKQyX7G%7C%7D%20Q%7BD-%5ElcKQyX7G%7BQyXx%7CyQX6-D%7C%7D%20%3Ex3%3C%20%207%20%3C4x%3EyX7G%7DXyQ%7BD-7%20%20%3C3x%3E%20%7D%7BG7XyQKcl%20%3C3x%3E%20%7D%3DJazz-Bossa%20Nova%3D140%3D0
644d7ec9-11bb-4712-a41c-9a3f99cd678a,irealb://Rio%20De%20Maio%3DLins%20Ivan%3D%3DBossa%20Nova%3DC%3D0%3D1r34LbKcu7%20lcKQ4G%5E7XSA*%7B%7DQyX11%239F%7CyQX7%5EC%7CQyX31G%7CQyG%5E7Xy4Ti*%7B%209b31%20A7b17-B%7CQyX7-D%7CQyX%5E7FZL11%237A%207AZL3XyQ%7CE31AZL%2011-%23LZAb%5E%5EA%7CQyX9b7G%7CQyX11-D%7CQyX7-F%7CQyX79%20LZF31b7E31B%7CQd9%2FE%20%7CQyX7h%23CB*%5B%5D%2097bGZL9G%7D%20Q%2031DZLC-9XydaCZLyX9EZ3LZE1B%2031BZLC%2FD%2031DLZ31b7A%2031A%7CQyX37b13L1b7B%20bD%7CQy7XyQ%7CQyX7-bE%7CQyX7-b%7CBQyX7%5EbD%7CQyX7bA%7CAb7X-bE%7CQ7-E%7C%7C%7CC-7%20B%7CQyX7%5ED%7CQyX31%7CAQyX7-EC*%5B%5D%2031F-7XyQQyX7%5EKQyX913XyQQyX11%237D%3EadoC%20al%20.S.D%3C%7CQyX7%5ED%7CZ%5BQE6A%7CQyXcl%20LZ%20r%7C%20LZD%237%239XyQZ%20%3DJazz-Bossa%20Nova%3D140%3D0
6437916a-94c3-4c1b-bc9a-25c2bf80741e,irealb://Insensatez=Jobim%20Antonio%2DCarlos==Bossa%20Nova=B%2D==1r34LbKcu7yX%23G%2F4B%2D9XlcKQyX6%2DAZL%20lcQKyX7obBZL%20lcKQy%20LZE74TA%2A%5BB%7CQyXLZG6X%23F%7CQyX7h%23CZL%20lKcQyX7%5ECZL%20lcKQy7b9%235%20lcKQ7%5EGZLQ%7CB%2D7yX7obAZL%20lcKQyAX%2F7DB%2A%5B%5D%2031bB%20%2CQKcl%20yX7%5E%2D%2D%23GZL%23h7%20FyXA%2F7D%7CQyX%2C11%23b7B%7CQyX7%2DBZL5%237%23QKcl%20C%7CQyX7XyQ%7CC%237b9XyQ%7CG6XyQ%7CF%237%235XyQ%7CB%2D7XyQKcl%20%20Z%20==0=0
645e580c-5ac7-435a-bfb1-c15f771e5282,irealb://A%20Child%20Is%20Born%3DJones%20Thad%3D%3DJazz%20Waltz%3DBb%3D%3D1r34LbKcu7B%2F6-b34%3C*7%5EbB%7CQyXbB%2F-bE%7CyQX%5EbB%3E47%20mpb%20%204XyQ%7CETA*%5BYyX9b7Bb%5E9X-G%7CQyX9%237D%7CQyXAh%7CQyXbB%2F6-bE%7CQyXyQ%7CD%7CQyXbB*%5BY%5DXyQ%7CD%7CQyXsus31F%7CQyXC9%7CQyX7-G%7CQyX9b7F9XyQ7-G%7CQ96bE%7CyQ%7CEb9%237D%7CQyX%5EbBZLQXy%7CrQyX%7CQyXbB%2F6-%235XyQX9%5EbBXsus3b9XyQX9C%7CQyX9-G%7CQyXGb%2F6-bE%7CQyXF%2FbB%7CyQ%7CF1A%7CQyX9ddabXyQ%5DXyXbB%2F6-bE%7CQyX9ddabBQ%7BYY%20%20QyXQyQ%7DUfB7F%7CQyXyQZ%20%3DJazz-Ballad%20Swing%3D74%3D3
643f6f28-3633-4743-b226-76d5d6625b68,irealb://Lester%20Leaps%20In%20Realbook%3DYoung%20Lester%3D%3DJazz%3DBb%3D10%3D1r34LbKcu7ZL%20x%204%3C%20AAKQyXbBZL%20x%20ZL%20%20xZL%20lcKQyXbB%3EABcl%20LZ4TA*%7BKQyX7yQ%7DXycKQyX7DB*%7CY%5DQybXB2N%7CQyXQyXQyXQl%20LZGXbB1Ncl%20LZC7XyQKcl%20LZF7XyQKcl%20%20%5D%20%3DJazz-Gypsy%20Jazz%3D180%3D3
64c57142-8f62-4ada-a078-8ef3119970a7,irealb://Moten%20Swing%20Realbook%3DMoten%20Bennie%3D%3DMedium%20Swing%3DAb%3D8%3D1r34LbKcu7N%7CQyX4Ab6XyX7bB%7CQyX7bEZLb7E%207-bBZL%20lcKQyQ%7CEb74TA*%7B-A%206CQ%7CBb77G%207hD%7CQyX6bA2ZNL%20QyXQyX%7D%207bE%20%20%5D%5B*ByXbA17G%2C7-7%20G7L%2C6FsZL7-A%206C%7CZ7LG%207-DZL7-A%206CZE-7%2CD-DZL7%7CQyX77XyQ%7CX7-bBZL%20lcKQyXb6AA*%5B%5D%207bE%207-bByQ%7CEb%5ECl%7C%2CBb7XyQ%7CEb7XyQ%7CAb6XyQ%7CAb6XyQZ%20%3DJazz-Medium%20Swing%3D120%3D3
64737fbc-6d90-4dca-b336-1af4453c3ded,"irealb://Blue%20Bossa%201=Dorham%20Kenny==Bossa%20Nova=C%2D==1r34LbKcu7yX7%2DC%2D7XyQb7G%7CQyX7hDZL%207Bb%20%7CQyX7%2DFZL%20lcK9XyQ%7CC44T[%7CQyX9LZEb%2DyX7hDZL%20lcKQyX%5E7bD%7CQyX7bA%7CQyX7Q%7CG7b%20lcKQf,U,C%2D7XyQ%7CDh7%20G7b9%20Z%20=Latin%2DBrazil%3A%20Bossa%20Electric=130=4"
64bf076d-72b6-472b-b96b-49c017993894,irealb://Don't%20Get%20Above%20Your%20Raising%20(RBB)%3DLester%20Flatt%20%7C%20Eal%20Scruggs%3D%3DBluegrass%3DG%3D7%3D1r34LbKcu7%20ttaMhe%20Re%7CdranoeL%E2%80%A2laH%7CkooB%20ssargeulB%20laArr.%20T45*%3CoC%20laer%2F%2F(nretnI%20reeP%20%20QXy8591%20%20QyX).deMationnnilF%3C%20%2CGZyQXyQLp%20GZL%20x%20ZLp%20D44Ti*%5B%20QyXQyXQyXZ%20x%20LX%3E.pr4TZL%20up%3Ep%3CZLp%20%2CGZL%20x%20ZL%20%20xZLp%20G%2CS%2Cv*%7B%20%3E%20T24%20x%20kcip%2042TZLZ%20x%20DZLp%207D44TZL%20x4%202TZL%20x%20ZLp%20GZL7%2C%20pLp%207C4CZL%20xT44G%20%20ZL%20x%20ZLp%20G%3E%20ools96*%3C%5B%5D%20%20x%20ZLpx%20LZ%20ZLQ%20xLp%20G2%20x%20LZx%20ZLp%20G1NZL%20lcQKyX7DZL%20x%20ZLp%20G%20%20%7D%7CNZLp%207Z%20x%20%20%7DN3G%20pLZ%20x%20%3CD.S.%20al%20Coda%3E%20%5D%5BQG%20pLZ%20x%20%20Z%20%3DPop-Country%3D180%3D1
6428b8ae-5edc-405b-93a7-ccde54638764,irealb://Steel%20Rails%20(RBB)%3DBrascomb%20Louisa%3D%3DBluegrass%3DE%3D4%3D1r34LbKcu7%20ttaMhe%20Re%7CdranoeL%E2%80%A2laH%7CkooB%20ssargeulB%20laArr.%20T45*%3CetoN-er%2F%2F(%20ssargwaS%20lasrveinU%203791%20).deM%26%20OnennilF%2CB%7Cp%2C%3EXyQXp%2C-%23FZLx%7Cp%2CE44iT*%5B%20QyXQyXQyXQy%7CxLZA.buP%20p%2CE%7Cp%7CE%2Cp%7CB%7Cp%2CAZLx%7Cp%2C-%23FLZx%7Cp%2CEC*%5B%20%20%5Dp%2CE%2Cp%7CA%2Cp%2CA%7CpLx%7Cp%2CLZxLZ%20%20%5D%20x%7Cp%2CE%7Cp%2CA%7C%2CpB%7Cp%2CAZLx%7Cp%2C-%23F%5BS*vExZLx%7C%7Cp%2CAZp%7CF%23--%23FZLxZLxZLxZL%7Cxp%2CE%7Cp%2CB%7Cp%2CA%7Cp%2C%2Cp%7CxL%2C-%23FZN%7CpQ%2C%2Cp%7CE%2C%7Cp%2CAZLx%7Cp%2C-%23FZxL%7Cp%2CEC*%7B%20%20%5D%20x%7CpB%2Cp%7CAA%7Cp%2CBoC%20laE%2Cp%2C%7D%3Cx%7Cp%3E%20surohc%20rveo%20olos96*%3C%2CE2ND.S.%20%7Cp%2CE1da%3E%20%5DXyQXyQ%5BQE%2Cp%7CxLZA%2Cp%7CB%2Cp%7CxLZxLZxLZA%2Cp%7CE%2Cp%7Cx%20Z%20%3DPop-Country%3D180%3D1
64493d15-100b-469d-b544-ef2b49f8a726,irealb://Coventry%20Carol%20(HLTRCB)%3DEnglish-Croo%20Traditional%3D%3DWaltz%3DG-%3D%3D1r34LbKcu79b7D%20-%20D7L%2C-G%2C7Ds%20-G%7CQyXD7%7CQyX7hA%7CQyX-GZ%7ClAh7G43T%5B9bEZLadd9*AZL-G%207hAl%7C%2C%5EbsB%20%20*9dda-*G%7CQyXh7%20G--*GZLX%5DQyXQ%7CD7XX9%5EGZLQ%2C9D%2031blE%7C%2C-G%2C7Ds%20-G%7CQyyQ%7CG6yX11%23yQXyQ%20QLZG%5E9XyQ%7CXyQ%20Z%20%3D%3D0%3D0
643d9488-9e63-4693-b64e-be809091768c,irealb://La%20Pome%C3%B1a%20%20-%20%20F%3DGustavo%20Leguizamon%2C%20Manuel%20J.%20Castilla%3D%3DZamba%3DC%3D%3D1r34LbKcu77-Ds%7C*63%20%20Cl%7C%2C7G%3E3%20%2036*%3Cp%20%3E2%20%2036*%3C%2C%5ECs%3E1%5E%2CXyQ%3C43T%5B%5DQyX%5E%2C%7ClC%5EG%20p%2C7-Ds%7CQyX%2C%5ElC%7C%2C7G%20p%2C%5ECs%7CQyX7%2C%7ClC7G%20p%2CC%207-G6%20%201%3EC%7CQyX7G%7CQyX7-DLZ7-A%3E2%20%2066*%3C%20%5EC%5EXyQ%7C6*%3C%7BYC%5BY%7DQXyQ%7CGQyX7G%7CQyX7-DZLA7%20hE%7CQyX%5EC%7CQyX7%7CC%5EXy%5EFZL77-Es%3ELZG-%2F*%3CZL7bB%207-F%7CQy7X-D%7CQyX7A%7CQyXbB60%20%201B%2FC%20%5E%5ECZL7%20%202%3Ep06*%3C%207-Dl%3E1%20%200*6%3C%7C%2C7A%3E3%20%2006*%3C%20%20%202%3EG06*%3C%2C3%20%2096h%20A7LA%3E2%20%2096*%3C%2C6bEs1%3E%20%2096*%3C%7CQyX7-DZb%5E%2C%3C*E%7CQyX%3EDb%5ELZlC%5EXyQZ%20%3DPop-Reggae%3D70%3D3
646fc4e0-edef-4af3-9af9-4dda2974701f,irealb://More%20Than%20You%20Know%20%28hl101t%29=Youmans%20V%2E==Medium%20Swing=C=10=1r34LbKcu77GZL66%20lG7ZL9b7A%207%5EFlZL7lC%2C9C%2Csus9CsZL5%23F6%20F%2DC44T%5BG%20%2C6CF%23LZF%237Gl%2C7G%2C5b7Gs%7CyQXClZLF%2F7G%20G%2F7%5E5%2CLZl%2F7Dl%20%2C9DZLsC9suCZL6%2DF%206FZL9b7%20A7%5EFlZL7Cl%2C9C%2Cs%2FE%20A7ZL5%237yX%2DEZC%20F6%2F%2C7%2DA%2C6%2DAs%7CQyX%2DlE%7C%2C7B%2Ch%23Fs%20CZLClB%2D7LZL7G%20Gl%7C%2CosAh%2CDGl%7C%2C7D%2CD%2F7%2DAs%20A7l%7C%2C7%2DEs%20%20Gl%7C%2C77%20%20sG%20%2DE%7CQ%2DF%206F%235LZlA%207%5EFlZL7Cl%2C9Cs%2Cus9CsZL5%237G%206C7b9LZ7G%20%2C7L%20QyXE%20A7L5%237Gl%2C9G%2Csus9G%7CsQyXC1NZL9G%209DZ%20%7DXyQ%2FCZL6ZN2C%5E7XyQKcl%20%20%5D%20=Jazz%2DMedium%20Swing=86=1
6475895e-10ad-4178-b490-c30da1e47a2e,irealb://Satin%20Doll%20%28hl101t%29=Ellington%20Duke==Medium%20Up%20Swing=C=10=1r34LbKcu7ZL9bD4D%2D7%20ZL9D%209%2DAZL%20x%20Z7LA%207%2DEZL%20x%20ZL7GAb%2D9%204TA%2A%5B%209%2DAZLZE%2D7L7A%207%2DEZL%20x%20ZLG7%207%2DD%2CA%2A%2C%5B%5D%207A%20Z%20x%20L7%2DD%20CL%2C7%2DGb%2D9%20DL%20x%20ZL7C%207%2DGB%2A%5D%5BQyXCZL7F%20CZL9bZF%5E7%20AZL9DDA%2A%5B%5D%20Bb%2D7GZL%2C7%2DD%207GZL9bD7%207%2DAZL7D%207%2DAZL7%2CXyQ%2C7%2DAZC%2CZL%2CLZ%20x%20%209%2DbAZL9%2DD%20%2C9%2DZAL%20x%20ZL7A%207%2DEZLDb9%2CQ7G%207%2DG%2CG%2FCLZE%2D7bA%2CF%2CE%2F7C%2CCs%2CQ%7C%2CY%20%20QyXQyX%5D%207A%20%2FGb%2C%7C%2C7%2DD%207%2ClC69%20%5D%20=Jazz%2DMedium%20Up%20Swing=90=1
64fc7475-9d82-41b6-a454-fff194f48ccd,irealb://Sittin%27%20On%20The%20Dock%20Of%20The%20Bay=Otis%20Redding%20%28Redding%2C%20Cropper%29==Soul=G==1r34LbKcu7%5D%20%20lc4%3C%2A69ZL%20lcKQyXG%3Empb5%2001%20%2F%20rojam%20G%20%20GXyQK4Ti%2A%5B%2A%5B%5DQyXyQ%7CByXC%7CQyX7B%7CQyXGQ%7CyX7A%7CQyXC%7CQyX7Q%7CA7XGSA%2A%7BQ%20%207E%7CEadd%7CQyX7A%7CQyXG%7CQy9XddaE%7CQyXG%7CQyX9GXyQ%7CQyXGBa%20%2ES%2EG%20D7LXFZLG%20CZL7D%20G%7CyQXCZL7D%20G%7CQyXCZyQ%7C%3CDC%2A%5B%7D%20l%20Coda%3ED7XyQZY%7BQGXyQKcl%20LZ%20x%20LZE7XyQ%7D%20=Pop%2DRnB=105=1
64a8f968-146d-42a9-8d30-2e388deed2b1,irealb://American%20Boy=Estelle%20%2D%20Kanye%20West==Disco=E==1r34LbKcu7%5EC%7CQy4G6%2FB%2A%7BY%5DQyX96%2DA%7CQy9X%2DA%7CQyX%23F%2FB%7CQyXAE%5E7X4Ti%2A%5BB%2A%7B%7D%20A%2DXyQ%7CQyX7%2DA%7CQyX7%5ECQ%7CyX7%5EEZLD%2F%2DApp%7Cn%20F%5E7%7CQyX7p%7CQyXQ%7CC%5E7yX7%5EC%7CQyX7%5EEZL%2FD%2DApp%7CQyX%2DA%7CQyXQ%7CA%2D7yX7%5EEpF%5E7%2C%20%7D%20=Pop%2DDisco=120=3
64de523d-767b-4599-a23e-4443b0c5352e,irealb://Angel%20%28Sarah%20McLachlan%29=McLachlan%20Sarah==Pop%20Ballad=Db==1r34LbKcu7XbGZL4DbXyyX7%2DbEA%2A%7B%7D%20%20lcQKyXbD%2FbGZL%20lcKQQKcl%203Ti%2A%7B%7CQyXb%20LZDb%20%3Ex4%3C%20lcKQyXbA2%2FbG%7CQyX7%2DbB%7CQyX%7D%5B%2ABDlcKQyZLxZLXyQ%7CDZLbGZLxZL7%2DFZLZxL7%2DFZL%20lcKQyXbxLZGbbD%2FbGLxZL7%7CBb%2D7ZLbDZLxZLbDZL%20clKQyXbA%2F2bG%7CQyXxLZF%2DQyXbDadoC%20ZxLZG%2ED%3CZL7%2DbBZLbDZxLZLbGZLsusbGZLbC%2E%20alL7%2DFZZLbDZZxQ%20ZGZLsusbGZLbGZLZxLF%2FbDZLxZLbDQ%7BbLZxLL7bA%3EBb%2D7LZAb7LZx%20%7DfDbXyQZ%20=Pop%2DRock=113=1
644142a7-8eef-4de8-b172-2fbf3c15545c,irealb://You%20Sexy%20Thing=Hot%20Chocolate%20%28Wilson%2C%20Brown%29==Pop=F==1r34LbKcu7%20%20FlS4F%20%20s7bBs%20%20bBl%7C%2CFs%20F%20l%7C%2CbBs%20%20bBl%7C%2CF%2C%7D%7B%2AA4Ti%2A%7BbBs%20%20Bb%20%20sFs%20%20Fl%7C%7C%2C7bBs%20b%20Bl%7C%2CFs%20%20Fl%7C%2CbB%2C%7ClBbl%7C%2CFsbBs%20%20%20sF%2C%7CCs%20%20Cl%7C%2CbBs%20%20blBB%2A%5B%7D%2C7bBs%20%20bBl%2C%7ClBb%20Fl%7C%2CF%20la%20%20sC%2C%7C%7CQyX7%2DAl%7C%2C%2DGs%207%20%2DGl%7C%2C%2DAs%20%207%2DAl%3CD%2ES%2E%20Cl%7C%2C7bBs%20%2D7%20C6%2CFs%20%20Fl%7C%2CbBs%20%20Bbl%7C%2CFs%20%20FlA%2A%7B%5D%20%7ClBb%20A%3Eeni%2DAs%20%20%20%20sF%2C%7D%2C7bBs%20%20bBl%7C%2CF%20s%20Fl%7C%2CbBs%20%20bBl%7C%7ClA%2D7Fl%7C%7C%2C%7C%2CbBs7%20%20sG%7C%2CFs%20%20FlC%2A%7B%5D%206%20C7%2DA%7CQyX7%2DAl%7C%2C%2DlBb%20%20%2DGl%7C%2ClF%3CXyQXyQ%20%20Repeat%20and%20Fade%3E%20%20sF%2C%7ClBb%20%20sBb7%2C%7D%20=Pop%2DRock=103=1
64809887-81d0-4f88-9a07-539ccd7d1347,irealb://OLMAZSAN%20OLMAZ%3DAyla%20G%C3%BCliz%3D%3DBolero%3DE-%3D%3D1r34LbKcu7%23Fs%3E%294%3C*71%3CZLG%20-AZL%20x%20ZLE-%20-A%3E%29ssaB%20oN%28%20*66%28I4Ti*%5Bl%20%3E%29n6%28I%29%3EB%28%20%20QyX47*%3C%2CS%2CZ%7BL-E%3E%29II%2866*%3C%2CBass%20i6*%3C%2Ch%2044TZ%20E-%20Lh%23Fl2N42T%7C%7D%20-EB%2C%2Ch%23Fs1NZLG%20-AZ%20B%2CQLZL%20-A6*%3CZLQ%3C*72%20-E%20A*%7B%20QyX%5D%20%20B-%20%3E%29kaerB%28%20%20QyXLZ%20x%20ZL%20-EQyXQy%29%3EA-%20%20%20-E%202N%7C%7D%20-B%20-1ENZL-B%3E%29I%28%2036*%3C%5DXyQXIII%283%20C*%7B%20B%20C%20LyX%5D%20%20B%20ZL%20C%20ZL-%20A%20ZL%20B%20ZL%20-A%20ZQXyQ%20*%5BQyX%20-Al%20%20E-%20L-E%2CB%2Ch%23Fs%3EadoCl%20a%20.S.D%3CZLG%20-AZ%20%7D%7B*CZL%20-AQyXQy%20LZA-%2CB%2Ch%23FsZLG%20-Al%7D%7C%20-E%2CB%2Ch%23FsZLG%20E-%20%5DX-E%20ZL%2CB%2Ch%2369%28Ou%20-AZL%20x%20ZL-E%20-lA%3E%29ssaB%20oN%28%29ortGLZsF*%3C%5B%20%20E-%3CFine%3E%20Z%20%3DLatin-Cuba:%20Bolero%3D90%3D3
64dfd494-5e22-432c-b9b3-acb657dd7ca3,irealb://O%20Tempo%20Me%20Guardou%20Vo%C3%A7e%3DLins%20Ivan%3D%3DBallad%3DE%3D%3D1r34LbKcu7lcKQyiB13X%20lcKQyX31CZL%20lKcQyX31DZL%20lcKQyLZB7X*%5B44ToC%20B/AEadd%23A/9dda%23F%7CQyX9ddaA%7CQyX9%23G%7CQyX9XyQ%7CE*%7BZL%20D%209D%7C9XyQ%7CAZL%20lcKQyX31EB%5B*%7DQyX9B%7CQyX7-%23F13XyQ-%23CZL31b9b%5E7/B%201%23C%7CQyX5%239%237%23GLZA/B%209-%23FZL9-%23C3%20C%237EZLC/QyXE%7C3XyQ%7CdaE%7C%7CQyXE%7CQyX9ddaEZL9b7B%2031B1Nd9XyQ1%23FZL7%5EF%7CQ13%20G%23%7CQyX31%23FZL31b7C%23%2031%23GZLA/5%239%237B13XyB2N%7C%7DXyQ%7CD-7XyQ%7CG-9XyQ%7CF%23-9%20B7b9LZE%5E7%2311XyQ%5D%7C%20%3D%3D0%3D0
6400ebc9-1813-42ca-8c85-d51e706191c3,irealb://No%20Merecia%20Tanto%20Amor%3DJes%C3%BAs%20Adrian%20Romero%3D%3DBallad%20Even%3DA%3D0%3D1r34LbKcu7QyXD%7C4A%2C*AC%7C%7DQyXEZLA/-B%20B-%7CQyX-%23FZL%23G/E%20%23-XyQ4Ti*%7BA%7CQyXyQ%7CF%23%7CQyXE%7CQyXD%7CQyXC%23/A%7CQyX-B%7C%5DQyX7%7B*BD-X-%23C%7CB%7C%7DQy-/C%23XB%20%23C/A%7CQyXD%7CQy-X%23F%7CQyX*97*D%7CQy-LZEXB%7CQyX-%20A/C%23%2CE%2C%7CAXyQZ%20%3D%3D0%3D0
64f5eaec-2a49-4400-9aac-304ceac8b24e,irealb://Maria%20Das%20Mercedes%3DDjavan%3D%3DBrazilian%3DE-%3D%3D1r34LbKcu7ZL%2C7G7%239%2C%20ElA*%7BY%7D%20QyX%7CrQXyZL7F%20%2C7%23FZL%2C7G7%239%2C%20Eli*%7B%20QyX%7CF7LZXL7F%20%2C7%23FZL%2C7G%209%2C%237El%7CZLQyX%7CrQyZXyQr%20%2C7%23F%23FZL%2CE7%239%2C%237El%7CZLQyX%7CrQyZXL7F%20%2C7%23FZL%2C7G%209%2C%20G7lA*%7B%7D%23F%7CQyLZXyQyX9%5EG%7CQyX9D%7CQy7X-AlB*%7BY%7D%20QyX%7CrQ%7CC9X7F%20%2C77E%7CQyyQ%7CB7B2N%7C%7DQyX31b7E%7CyQX5b7-B1N%7CQyX9b-7b5XX5b7-%7CQyX7Q%7D%7CN3Y%5D%20Q%20%2031A%3EadoCl%20a%20.C.D%3C%7CQyX9-EY%7BQE-yX31bA7%20%20%3C8x%3E%20%7D%20%3D%3D0%3D0
64172aa7-6dee-4b23-ad75-c51313d5fdd3,irealb://Jag%20vet%20en%20dejlig%20rosa=folkemelodi%20svensk==Jazz%20Waltz=C==1r34LbKcu7G%2FE%20%2A4A%2Am%2A%5BZL7E%20%2Am%2AAZL7E7%20FZL6%2DA%20%2DAZL7E%20%2AAA%2Am4TA%2A%5B%2FA%28%20%29m%2A%2FG%20%20%207AsB%2A%7CYZQyX%2A%2AmAZL7E%207FZL7h%23F%28E7%2FB%2AAZL%23B%2F7G%28%2D7%28D%2DD%28%20%207G%7C%29%23F%2F7D%28%29%20F%2F%2DD%28%20%29E%2F7A%28%20%297%2FA%29%20D%7C%29%23C%29%7CC%28C%29%20%28E7%2FB%29%20%28A%2D%29E7%2C%5D%7CF%23h7%20%28A%2D6%2FF%23%29E7LZA%2DXyQ%5D%7C%20=Jazz%2DBossa%20Nova=140=3
642acbad-132b-426d-93e2-08094ea7a4f3,irealb://While%20My%20Guitar%20Gently%20Weeps=The%20Beatles%20%28George%20Harrison%29==Pop=C=0=1r34LbKcu7XD%7CQy4A%2DXyX%2DA%7CQyXF%2F%2DA%7CQy%23XF%2F%2DA%7CQyXG%2F%2DA%7CQyQ%7CGX4Ti%2A%5B%7CQyX%2DyQ%7C%7B%2AyXF%2F%2DA%7CQyX%23F%2F%2D%7CAQyXG%2F%2DA%7CQyX%2DAAQ%7CY%7CAXE%7CQyX%2D%23C%7CN1DXy%2A%7B%5DQyXE%7CQyXC2N%20%5B%20QyXQyX%7DQyXE%7CQBAXyQ%7CQyXGyQ%7CF%23%2DXyQ%7CC%23%2DXyQ%7CB%2DXyQKcl%20LZEXyQKcl%20%20%7D%20=Pop%2DRock=115=1
645ac62d-ad82-48ef-913c-09bfad231430,irealb://La%20Pollera%20Colorada%20%20-%20%20C%3DJ.%20M.%20Castro%20%26%20W.%20Choperena-Ver.%20Los%20Wawanco%3D%3DCumbia%20Colombiana%3DC%3D10%3D1r34LbKcu7ZL-D%7B%3C*69%20X%5D%20C%7D%20%20%7Cr%20ZL7GLZC%3ElatnemurtsnIyQXyQ42T%7BYZLxZLZx%20%7DD%5D%20C%3EafortsE%2096%3C*A*%5BY%20QyX%5D%20xZL-xLZD-LCZLxsE%2096ZD-LZY%5D%20xZL-DZLxZLCLZxZL-DZLx%5D%20CZLx%7B*B%3C*LxZLCtribillo%3ECLZxLZD-LZx%20%7D%20%3DJazz-Even%208ths%20Open%3D70%3D3
64ef5890-58a5-4382-bf9b-9f412dd0848b,irealb://Mario%20Kart%2064%20-%20Main%20Theme%20%20(vgls)%3DNagata%20Kenta%3D%3DEven%208ths%3DC%3D0%3D1r34LbKcu7KQyX9%5E9XyQlcKQyXC%2F7%5EFZL%20clKQyXC%2F9DZL%20lcK%20LZC%5EC44T%5B%7CQyX9%5B*AC%5ElcKQyXG%2FFZL%20lcQKyX9DZL%20lcKQyX7%20LZC%5E%5D%20%20lcs%20%2C9%5E%2CB%7ClCcKQyXG%2FFZL%20lcKyQX9DZL%20lcKQyX7%5El%20LZCbBspp%20ZL%20l%2CGb%5E7nZL%20lcKQyXbA%2F7b%5EGlB*%5B%20QyX%5D%2CbA%2FXyQKcbB%2FbA%20%3Emocx%20LZ%20hsdaelgv.www%2F%2Fs%3Aptth%3CZL%20x%20ZL%20xeets.%20ZL%20xx%20LZ%20x%20LZ%20x%20%20Z%20%3DJazz-Even%208ths%3D135%3D0
6472ccc2-f4be-4363-bfdd-3dda2c402501,irealb://Pedacinhos%20Do%20C%C3%A9u%3DAzevedo%20Waldir%3D%3DChoro%20Lento%3DG%3D7%3D1r34LbKcu7LGZL7%2CB7%2C%7CCZL%2C-Al%7C%2C7E%2C-AZsL%2C7EZL6-DZL-El-6LZDGsA*%7BEl%7C%2C7ZsA-%2CZL7DZL6-CZL%2C7-ZAL%2C-AZL%2C-Al%7C%2C7E%7CsG%2CBLobBZ6-CZL6LZE7ZL7GZL7DZL6-CZ%2CL-Al%7C%2C7E%2C-AsZL%2CxLZC%2C-DZL-*%7B%5D%207E-%2C%7CEN%7CQyXQyXQyXQyX%20%7D7DZLGl1N%7C%2C7D%2Cb2GLZB%2CGsZLCl%7C%2C6E-%5E7%2CE%7C%2C7%5E-E%2C-EsZL7ZBL-Al%7C%2C6-E%2C7-E%7C-7%2CE-%2C-EsB7%5E-E%2CLZD-6LxZL7BZLxZL7%23FLZ%2C-AZL%2CoFZL7EZLZ%7CsE-7BZL7-DZL7%2CE-6%2Cl%7C%2C6-E%2C7-E%7C%2C7%5EE-%2C-EsZL7BZL-Al%7CC7LZB7-E%7C%2CQyX%7D%20LZFo%2C-El1N%7C%2C7B%2Ch%23FsLZ-El%7C%2Ch%23F%2C-AsZL%2CLZB77EZL6XyQXyQXyQ%7CN2sE-%2CEb7%2C%7CD7%20%5D%20%3DJazz-Medium%20Swing%3D100%3D0
64f13568-1073-48c8-a9a4-25dd44ee3a6e,irealb://You%20Stepped%20Out%20Of%20A%20Dream%3DNacio-Herb-Brown%3D%3DMedium%20Swing%3DC%3D%3D1r34LbKcu77%5EbA%7C4C%5E7XE%7CQyX7-bBZL%20lcQKyX7%5EbDZL%20lcKQyb7XyQ4T%5BA*%7CQyX7l%20%20%5D*7-AZL%20lcKQyX7%5E%7CFQyX7C%7CQyX7-G%5BBXyQ%7CDcKQyX7-bBZAb7LZQyX7%5EbDZL%20lcKQXy7%5EC%5BA*%5D%207G%207-DKcl%20L%207-bE%7CQyX7b7XyQX7G%7CQyX7hD%5BC*%5DyQX7F%7CQyX11%237bG%7CyQ%7CE-E%7CQyXA7XyQ%7CD-7XyQ%7CG7XyQ%7CC%5E7%20A7LZD-7%20G7%20Z%3DJazz-Medium%20Swing%3D100%3D2
64c94f04-771e-4597-94c5-fa9ba4be9b5e,irealb://Always%20On%20The%20Run%3DKravitz%20Lenny%3D%3DMedium%20Swing%3DC%3D%3D1r34LbKcu7XEZLQo%3EGXyyXZL%20lcKQyXA%5B%5D%20%20lcKQyXE%7CQyXA%7CQQr%7CXyloS%3C%5ByQKcl%20LZXyQr%7CXyQLZBXyQKcl%20LZXyQr%7CXyQ%20%5D%20%3D%3D0%3D0
64e4773b-4dd8-4c58-ad06-83a1dd84c8c4,irealb://Como%20Quieres%20Que%20Te%20Quiera%3DPickling%20Roberto%3D%3DRumba%3DB-%3D%3D1r34LbKcu7X%23F/3*63InQyX-E%7CQyXbB/*7h%5E*G%7CQyX6b-B%3Eort%7CA7b1%3C44T%7Cb9%237Gh%20G*71%237GZL7hbE%209b7%7CBQyX%23F/5bGZL*311XyQ%7C%23C%7CQyB%209b7yQ%7B*AA/7%5EGZL%20lcKQyX-7EZL%20lcKQyX7-BSXyQ%7CAX%23F/5ZL%20lc*/ALZ-B%3EoloS66*%3CB*%7DQ%20%20%209b7%23F%7CQyX9%5ED7XyQK31-*bQC*%7BQ*XyQK%23F%7CQyX9%5ED%7CQyX%2Clta7A%7CQyX7AZL%20lc7b9Xy97m*EX9b7%23B7XyQ7-EZL%20lcKQyX7%5E1GNZL%20lcKQyX7-E%7CXyQ%7CF%7CQyXBQyX9b%20%20%7DN2yX9%5EDZLA/*31-*Bb%209b7A%7CQyXA/7%5EGQ%7CF%237lcKQy%7DN3G7/AXyQ%7CA7XyQ%7CF%237b9XyQKcl%20%20Z%3CD.S.%20al%20Coda%3E%20%3DPop-Slow%20Rock%3D70%3D3
64e876aa-6ea8-4393-9fdc-c8c2f376a910,irealb://Cuando%20Llora%20Mi%20Guitarra%3DPickling%20Roberto%3D%3DWaltz%3DB-%3D7%3D1r34LbKcu7%20ZL%205*69Ri%20ZL%20A/D%20ZL%20-B%20LZ%207C%20ZL%20-E%20%3EomtC%23-7b%3C43T%7BZL%207B%20LZN1E%20A*ZL%20x%20ZL%20-B2%20N%7C%7D%20%207B%20ZL%20-A%20-%20LZ%209b7%23FL%20x%20ZZ%20C7%20%2CB*%2C%7B%20%20x%20ZL%20-BZ%20L%207%23F%20ZL%20-B%20ZL%20E-%20LL%20-E%20G%20ZL%20Z%20C7%20G%20ZL%20A/D%20ZL%20-BZ%20L%207%23F%20ZL%20-B%20ZL%237susL%20x%20Z%20tpeR%20F%237%20L%20-B%202N%7C%7D%20%207B%20LZ%20-A%2C%201NZL%20x%20ZLZ%20x%20%3CZL%207%5EB%20y%20vuelve%20A%20%3ELZXyQLZXyQ%20Z%20%3DJazz-Medium%20Swing%3D100%3D3
647ea69e-ded4-4225-93c5-034a3a5aee4a,irealb://Natives%20Are%20Restless%20Tonight%2C%20The%3DSilver%20Horace%3D%3DFast%20Swing%3DBb%3D%3D1r34LbKcu7%20x%20ZL4G-Xy%20lcKQyX-GA*%7BYZ%20Lx%20ZL%20x%20ZL%20lcKQLZ%20x%204Ti*%5B%7D%20%20lc7XyQKGZL%20lcKQyX5b7ALZ%20lcKQyX-GZL%20lc-XyQK%5EbEZLKQyX-yQ%7CA-cKQyX7%5EbEZL%20lcQKyX-GZL9b7D%205b7l%20LZGX-G%5BYcKQyXA7b5Xlos47*%3CA*%7BY%5D%20%20clKQyX-GZL%20lcKQyos%3EG-ZL%20lcL%20lcKx%20LZ%207AZL%20lcKQyX-GZ%20LlcKQyX7%5EbEZL%20xb5XyQ%20ZL%20lyX7-GQKcl%20-G%7CQyX5b7bA%7CQy5Xb7A%7CQyX-GQ%5BY%7D%207XyQ%7CyX-GZQKcl%20LZ%20x%20LZG-6XyQZ%20%3D%3D0%3D0
644c4205-74bb-4602-9ac9-18038c3d3eb6,irealb://I%27ll%20Fly%20Away=Albert%20E%2E%20Brumley==Old%2DTime=D==1r34LbKcu7LxZLD4%3C%2A64%2A%3C%7CZLxZLDZLxZLZGLxZLxZLxZLD%3E%20%2064%20%20%3E4TA%2A[ZLDZLLZxLZLxZLxZLxZLD%3E%20%2064%2A%3CB%2A%7CZLxZLDZLAZGLZxxZLxZxLZ%7C%3C%2A64%20%20%3EDLZxLZxLZxLZxLZALZDLZx%20Z%20=Pop%2DBluegrass=220=3
64eba7ea-b317-4f54-8d70-5ec90b8e7d73,irealb://After%20You've%20Gone%3DCreamer%20Henry%3D%3DUp%20Tempo%20Swing%3DEb%3D%3D1r34LbKcu77-DZL4Eb%5E7yX7%5EbB%7CQyX7bA%7CyQX6-bEZL%20lcKQyXQKcl%204TA*%5B-FZL%207XyQ%5DX6bBZL%20lcKQyX7ZFL%20lcKQyX7CB*%5BYyQKclG%7CQyXyX7%5EbBb7Xy7bA%7CQyX6-bEZL%20clKQyX7%5EbEA*%5BY%5DQXyQ%7CB%7CQyX7A%207-bLZD-77-C%7CQyX7G%7CQyX7C-C*%5BY%5DQyX7G%7CQyXXyQ%7CE%20lcKQX7G%7CQb%5E7XybB%7CQyX7oEZLF/7G-%207-GZL7D%207-A%7CQ6/FXyBZL7byQ%7CC-7XyQ%7CF7XyQ%7CUBb6XyQKcl%20LZF-7XyQ%7CBb7XyQZ%20%3D%3D0%3D0
64db32fc-478a-473b-91f4-d05aa1d6e9a4,irealb://Gaviota%3DFischer%20Clare%3D%3DLatin%3DEb%3D%3D1r34LbKcu7%7C%2C7F%2C4sC-9E%2C9-Cs%7C%2C7G%2C7Fs7%20Fl%7C%2C7F%2C7E%2C7bE%2Cb7%2CE74Ti*%7B%205b7-F7%2CG7F%207%5EbA%7CQyXbB/9C-%7CQyX9-ClA*%5BY%7D%2C-7LZDs%207FlyX7-E7b9/C%205b7-%23FZL96G%207A-%7CQyX9%237EZL96C%20F-7LZGZL7GQyX7-9XyQ%7Cpp%7CQyX5b7-EZL97%23F%209b7G%7CQyX9%237DA%2BLZDb7A%7CQG%205b7%20G7b9-F%207%5EbA%7CQyXbB/-7C%7CQyX7-CB*%5BYZL7LZD-9%237G%7CQyX7-b9/C%20F%205b7-%23FZL96G%20-7A%7CQyX9%237EZL96C-7LZE7GZL7sC*%7BYQ%7CD7XG%7CQyX7D%7CQyX%2BA%7CyQX9%237E%7CQyX%2BG%7CQy%2BXyQ%5DyX%2BA%7CC-9%2CEb7%2CE7%2CF7%2C%7ClF7%20sF7%2CG7%2C%7D%20%3D%3D0%3D0
6426921a-aaa1-4ad4-95a2-b4e99de05adb,irealb://I'll%20Be%20Seeing%20You%3DFain%20Sammy%3D%3DMedium%20Swing%3DEb%3D%3D1r34LbKcu7%20%2931b4Eb%5E7FZL31b7C%20%297-F%28-7F%7CQyX31b7G%7CQyX-7%28C74TA*%5BL%20lcKLZF-7CZL9b7G%207hD%7CQy7X%5EbE%7CQyX7bB%7CQyX-7XyQ31b7CB*%5BY%5DyQKcl7bB%7CQyX7%5EbE%7CQy5X%237bB%7CQyX7-FZL%20%235XyQX7-FZL31b7yQ%7CG7b7C%287-FZL31b7C%29%207-F%287-F%7CQyX31b13%29%20CX7%5EbE%5EbAZLyQ%7CBb%28%20%20%297hG%289b7C%7CQXy%297-bB%287hG%7CQyX7C7b9%29X7-FZZL9b7%29XyQ%7CbA%7CQyX7-F%7CQyX7%7CFQyX7-C%7CQyX9b7G-6%20Bb7-F%287Eb6XyQ%7CF-7%20Bb7%20Z%20%3D%3D0%3D0
6462b9e6-4a04-4e6b-be39-e6eb73b69de8,irealb://Honeysuckle%20Rose%3DWaller%20Fats%3D%3DUp%20Tempo%20Swing%3DF%3D%3D1r34LbKcu76bBZL4G-7%206FZL7C%207-GZL7C7%20-GZL7C%207-GZL7C%20F7/A4T%7BA*7F%5BB*N1F6%20KQyX6F2NZL%20QyXyQX%7D%207D%207-AZL7bBcl%20%20%5DZL7C%20%207-G%5Bl%20LZBlcKQyX7CZL%20lcKyQX7GZL%20lcKQyX6b%20%20%5D*AcKQyXB%206FU-7%20C76bBZLA/7F%206FZLC7%207-GZL7C%207-GZL%20C7LZGZL7Cb7LZA-7%20D7%20Z%3D%3D0%3D0
641c42b3-7597-4d51-a63e-ccf7d58c96b2,irealb://Beautiful%20Love%20-%20jsb%3DYoung%20Victor%3D%3DMedium%20Swing%3DD-%3D%3D1r34LbKcu7yX7%5EF4Eh7XC%7CQyX7-GZL%20lcKyQX-D%7CQyX9b7A%7CQy7XyQ%7C4TA*%7ByX-DZXyQ%7C*%207hE%7CQyX11%237bBQ%7CyX7-G%7CQyX-D1NBA7b9L7hE%7CQ11%237b11XyQ7-G%7CQyX-D2NC*%7CQ%7DyX9b7A%7CQyX7hE%7CXyQ%7CB%237G%7CQXyQ%7CEh7%20A7b9LZD-%20B7%239LZBb7%20A7LZD-XyQKcl%20%20Z%20%3DJazz-Medium%20Swing%3D55%3D30
64c41e45-8c4f-452f-b162-eb11fc5bf77c,irealb://Like%20Someone%20In%20Love%20-%20jsb%3DVan-Heusen%20Jimmy%3D%3DMedium%20Swing%3DC%3D%3D1r34LbKcu77-DZL4C%5E7%20EZL11%237F%207h%23FZGL%2F7-A%207-AZLB%2F7E-7%20A74TA*%7B%5EAZL7%23-7%20B%7CQyX7%5EF1NB*%5B%5D%20C7%207-G%7CQyX7%5ECZL7B-7%20EF%7CQyX-B%7CQycl%20LZNC*%5B%7DQyX7G%7CQyX-7D%7CQyX7D%7CQyX7-A2F%5E7XKQyX7%207G%207ZA%5E7XX6CZL7G%207-DZL7%20A7-E%7CQyX7obE%7CQyyQ%7CD-L7E%207Z%20%3DJazz-Medium%20Swing%3D100%3D3
64259597-8bdf-45e5-a808-88d436b44082,irealb://Peace%20-%20jsb%3DSilver%20Horace%3D%3DBallad%3DBb%3D%3D1r34LbKcu7%207-B%7Ch7%20D7bBl%7C%2C9%237F%2C7hCs7%20%5EBZL7C%207-GZL9b%5E7XyQA44T%5Bb7C%7CQA%5E7%2CADZL5b7D%207hbEl%7CE%2C/7-%23F%2C7-%23F%2CbA/b%5E7XysZL7E5%20B7b5LZBb%5E7XyQZ%20%3DJazz-Ballad%20Swing%3D60%3D3
6480a697-799a-4857-8252-f199abbaa579,irealb://La%20Sitiera%3DComposer%20Unknown%3D%3DSon%20Cubano%3DD-%3D%3D1r34LbKcu7D%207-D4D-7%205b7-E%7CQyX7A%7CQy7X%5EbBZL7F%207CZL7G%20A7LZ4Ti*%7B%7CQyX7Bb7%20A7%5EBZL7F%207CZL7G7%20-DA*%7B%7DQyX-DZL7XyQ%7CAZLC/-D%207-D%20A7LZD%20-DS%5B%7DQyX-DZLA7%207bBZLC/-D%207-D-%5E7LZ5b7-E7A%7CQyA-7b5-EZLF/-G%20-G%7CQy7X%5EbB%7CQyX-GZL7D%207b5%2CXZLC/-%2Cppp%5D%7BG-XyQ%7CD-7%20D-/CLZE-7b5%20A7LZD-%20%20Q%20%7D%20%3DLatin-Cuba:%20Son%20Montuno%202%E2%80%933%3D160%3D3
64330c61-c82b-4ba6-adb5-4e3be3648b9e,irealb://Ded%C3%A9=Pecci%20D%2E==Choro=C==1r34LbKcu77GZL7CLZD7LCZL7Gl%2C%7C%2C7G%2C%2DsD%2CZL7AZLCZL7GZLZxLZD22TS%5BDZLGZA7LZDZLxZL7GZLC%7B%7D%20Ce%3EniF%3C%7C%5D%20Q%2C7GZL%2DCLZxLZLCZL%20la%20%2EG%2CG7%2C%2C7G%2C%2DDs%2CZLCZLFLZCZLxZL7GZLCl%2C%7C%7C%3CD%2ESs%2CZL7ZL%2DGZ%2ClC%20%7DAZL7EZL%2DAZLxZLZFL7CZL%2DGZLF%7B%20CQ%2DLZFL%3EadoCC7LZFLZBbLZFLZC7LZN1F%20%7D%7CN2%3CD%2ES%2E%20al%20Fine%3EF%20%5D%20=Latin%2DBrazil%3A%20Samba=135=1
64b40f19-c21a-4a38-9ea6-4ea381dda7ca,irealb://Ai%20Hen%20Jian%20Dan%20%E7%88%B1%E5%BE%88%E7%AE%80%E5%8D%95%3D%E9%99%B6%E5%90%89%E5%90%89%3D%3DBallad%3DC%3D3%3D1r34LbKcu71NZLG4CXyQA%7CQyX-E%7CQyXCSA%7B*%20%20QyXQyX%5DQyXx%7C-%20A-%2F4Ti*%5BE%7CQyX%20%7DYXyX-DlB*%5B%5D%2CE%2FC%2CF%20sF2N%7CQyXQyXQyXQyQ%7CA-G%2FF%20F%2FW%20-ABXyQ%7C%20CC*%7B%5D%20G%2FF%20F%7CQXy-E%7CQyX-A%7CQyX-DG%2FBLZ%7CQyX-C%20la%20F%20C%2FE0*%3CZLG%2FF%20F2NZLQ%20yXQyXY%7D%20G%20-DZL9D.S.1NZLGQyX-D%20%20Q%20%5D%20FZLG%2FC%20-A%7CQyX%7CEQyX-A%7CQyXEQD*%5BC%2FELZC%3EadoQyXQy%5DXyQ%20%20-DZLE%2FC%20F1NZL%2FGW%20-AZLB%2FG%20CC*%7BG%20%7DYXQyXG%7C%20LZN2F%20F%2FGLZCXyQZ%20%3DJazz-Ballad%20Swing%3D60%3D1
642c3366-09e8-480c-9909-94dfcbce9873,irealb://Ain't%20Misbehavin'%20(Tom's%20alt%20chords)%3DWaller%20Fats%3D%3DMedium%20Swing%3DC%3D%3D1r34LbKcu76FZL)4C6%20AE%2F7C%206CZL)5b7G7(G%207-DZL)5b7A(7(C7b94TA*%7BZL)9AZC6%2FE%2BE(7E1NZL)5b7G7(G%207-DZL)9A(7A%20)%20A7(L6-F%20B*%5B%5D%20)%20G7((7E%206CZL6-F%206CN2ZL%20QyXQyX%7D%20)9GE7b5)%2BD(7D6G(7E%7CF7(FyX)5b7A(7A%7CQyX9)b7D(7D%7CQyX)5b7Q%7CG6%20QyX-A9G(7G7(A-97DZL)9A(7A%20)%2BE6(GZL)9b31D(7D%20)(D%2B)%20-AZL)7-DZLAC6%20A6CZL6-F%206FZLE%2FC7%206CZL7G%207-DZL7%2FE%20A7*%5B%5D%20)%20G7LZC6%20A-7(A7b9%235)LZD-7%20G7%20Z%20%3DJazz-Medium%20Swing%3D100%3D3
649fe5cc-e97b-44ce-9659-1d7d72643519,irealb://Just%20Friends%3DKlenner%20John%3D%3DMedium%20Swing%3DG%3D5%3D1r34LbKcu7QyX7-4C%5E7XlcKQyX7%5EG%7CQyX7%7CFQyX7-CZL%20lcKQy%20LZBb4T%5BA*AZL%20lyQ%5D*B7A%7CQyX7-E%7CQyX7G%5E%7CQyX7D%7CQyX7-A%5BXyQKcX7bE%7ClcKQy%7CD7%20GQyX7F%7CQyX7-CZLl%20cKQyX7%5EC%5BA*%5D%207%7CG%5E7XQyX7-yX7-E-7XyQB%207h%23F%7CQyX7D%7CQXy7-A%5BC*%5DQyX7bE%7C7b9LZbBZL%20Q%7CA7XyQ%7CA-7%20D7LZUG6XyQ%7CD-7%20G7%20Z%3D%3D0%3D0
641a7a9e-a27e-4721-90d2-a7a24fcf7fec,irealb://St.%20Louis%20Blues%3DHandy%20W.C.%3D%3DMedium%20Swing%3DG%3D%3D1r34LbKcu7DZL%20l7XyQ%7C7GZL%20lcKQyX7CZ%20LlcKQyX7G%7CQyX7CXyQKcG%5B44T7XyQ%7CC7XyQ%7CG7XyQ%7CD7XyQZ%20%3D%3D0%3D0
64489465-b9cf-42b6-a873-54fbc7e73507,irealb://Airegin%20%28Wes%20Montgomery%20changes%29=Rollins%20Sonny==Up%20Tempo%20Swing=F%2D==1r34LbKcu7%7CQyX94F%2DXyyX%2DbB%7CQyX9b7F%7CyQX%2C%2DF%7CQyX9b7C%7CQQ%7CF7b4TA%2A%5B7%5EBZLyQKcl%2D%23C%7CQyX7%5EC%7CQyXG7%7CQyX7%2DDB%2A%5BY%5D%20%207%20F%237X%2C%2DbBQyX7%5E%2D7%20F7X%2C9b7bE%7CQyX7%2DbZBL%20lcKQyX7%5EbBZLyQ%7CAbC%7CQyX%7CQyX%2DXyQ%5DYX9b7F%7CQyX%2C%2DF%7CQXy%2C9b7C%7CQyX%2DFA%2A%5ByQ%7CBb9%237C%7C7F%7CQyXyQ%7CBQyX7bE%7CQyX7%2DbB%2AC%5BY%5D%20%20lcKQyX%2C%2Db%7CAb7X%2C9b7Fb9XyQ%7CBb7XyQ%7CEb7b9XyQ%7CUAb%5E7XyQ%7CC7%239XyQZ%20==0=0
64b01298-a41d-4ee1-a7f2-5e40cddebb2d,irealb://Lady%20Bird=Dameron%20Tadd==Up%20Tempo%20Swing=C=0=1r34LbKcu7%7CQyX7%5E7XyQ%20lcKQyX7%5EC%7CQyXb7B%7CQyX7-FZL%20lcKLZBb-C44T[7%5ECU%7CQ%7CAb%5E%7CQyX7-D%7CQyX7D%7CyQX7-AZL%20lcKQyX7G7XyQyX7bE%20Eb%5E7LZAb%5E7%20Db%5E7%20Z=Jazz-Up%20Tempo%20Swing=240=0
64c38833-f0f9-4d04-965a-bf34baf5bb65,irealb://Young%20At%20Heart%3DRichards%20Johnny%3D%3DBallad%3DBb%3D%3D1r34LbKcu7L7-C%204Bb%5E7x%20ZL7F%207-ClZL7boD%20D/7%5EbBZL7-C%20%20LZF74TA*%7B%207-GZ7%235LZL9b7G%207hD1NB*Z7LF%207-CZLoB%207%5EbBZ%20x%20LF%207FZF%207-Cx%20LZs6bBl%7C%2C7F%2C7-Cs%20F7l%7C%2C7E%2C7F%2C7E%2C7F%20BoLZ%20ZL7CbAs%207CN2DhE/7Cl%2CF/*.*W%2C7G-sZL%20x%20ZL9b7G%207LZEb%5E*%7C%7D%207D%20%2CD/*/Eb%2C%2CbE/*.*W%2C7Fs%207C-ZL7-G%20%2CD/%5EbBl%7C%7ClBb%5E.*W%2C7bhLZT24sC-7%2CB7%2C%7C%2CU%2CBb6%2C%20Z%20%3DJazz-Ballad%20Swing%3D90%3D3
6404bef3-0507-4396-a2fb-87aa47665233,irealb://Summertime-Rev%20JE%3DGershwin%20George%3D%3DLatin-Swing%3DA-%3D%3D1r34LbKcu7%7B%20QyX7%2CLZB%20%2C7-B2N%7D%20%2CA/7-1BNZL%2C7-AZL%2CA/7-snE7%5D-Ai*%7B%7C%2C7bD-7%2CLZ%2C7A%2C7-E%2C7bB%2C7-sFZL%2C7-AZL%2CA/7-B%7CD-7%2CAl44TbA%7C%2C77%2C%7ClBsZL%2CA/7-BZL%2C7-lAZL%20n%2C9b7EsZL%2ChA-7%2CDF%2C7-CC2N%7C%7D7%2C%7CN1%20%2C7-BZL%2C7-Al%7C%2CE7%2ChBsZL%2C7F%20%2C7ClsnE7%2CbD%2C7-%7C%2C7E%2C%7CBh%2CE%2C7-Al44TB*%5B%5D%2C7%2CE7-BsZL%2C7-Al%7C%2C7LZsBh%2C7F%2C77-AZLF7%2C%7CEEZL%2ChBl%7C%2C7F%2C7-%7CC%2C7bD%2C7-D%7C%2C7A%2Ch7alt%2C%2C7-As%23F%2C7-h%2CE7%2CE%2ChB%7C%2C7F%2C7C%7C%2C7Db%2C7-bA%7C%2C7D%2C7-A%7C7%2C%7CsABsZL%2CA%2C7-E%2CQE7%2C7-FsZL%2C7-AZL%2CA7/-BZL%2C7-AlQA*%7B%5D%2CBb7%2ChB%7C%2ChL%2CA/77%2CDb77-AlZL%20n%2C9b7EsLZ%2ChBl%7C%2C7F%2C7-C%7C%2C%2CLZB--D%7C%2C77-BZL%2CD7%2C%7C%7C%2C7E%2ChBsZL%2C7F%207%2CCl1N%7C%2C7bD%2C7-bAlA-7%2C7-AsZDln%2C77%2C%7D%7CN%2C7E%2C7-BsZL%2C7-A%7Cl%2C7E%2ChB%7C%2C7F%2C7C2%5D%7BsA-Ens%20%2CX%2C6-Ab-7%2Cn%3CU%7C%7D%20%2Ctla7E%20%2ChZBL%2C7F%20%2C7CZL7bDlFINE%3EAsZL7yQZ%20%3D%3D160%3D3
64cea561-1c1f-4d53-8b5a-c43968be9ac8,irealb://Take%20The%20A%20Train%3DStrayhorn%20Billy%3D%3DMedium%20Up%20Swing%3DC%3D%3D1r34LbKcu7yX6C14C6Xy7G%7CQyX7-DZL%20lcQKyX11%237DZL%20lcKQXyQ%7CN4TA*%7BZL%20lc%20G7%20%7D%5EFB*%5B%5D%207C%207-G%7CyQX6C2NZL%20QyXQyX7XyQK7-D%7CQL%20lcK%20x%20LZA*%5B%5D%209b7G%207G%7CQXy7-DZL%20lcKQyX7DC6XyQZL%20x%20/W%2CCs1XyQKG%207-D%7CQyX6CZLQ%20%207G%7CQyX7-DZL%20lc7%20%5D%5BQ1%237DZE%2CF%2CF%23o%2C%7CLZT34lC%20LZU%3CFINE%3EC%20%20Z%20%3D%3D0%3D0
6437c8a2-48ad-46f0-9c48-074c2dacd429,irealb://Alabare%20Al%20Se%C3%B1or%20Mi%20Dios%20%28anastasis%29=Hillsong==Worship=A=5=1r34LbKcu7%7CQyX%2DyQ%7CC%23XEZLxZLAA%2A%5B%7D%20D7%20%2D%23C%7CQyXAZLD%207%2DyQ%7CF%23XAi%2A%7B%2D%23FZLA%2FC%23XyXAB%2A%5B%7D%20D%207%2D%23CQ%7CyXA%7CQyXsusE%7CQyQ%7CD%20A%7CQyXDZLE%20DEsus%20ZLAZLE%20DZL%2CQ%2C7%23%2DF%20D%7CQyX%23C%2FAZLEx%20%5D%7BQ%7CQyX7F%23%2D7XyQ%7CD%20ELZAXyQ%7D%20=Pop%2DRock=80=0
640f3403-4545-45e8-816e-95a5be9acc16,irealb://Auld%20Lang%20Syne%20(Jazz)%3DTraditional%3D%3DJazz%3DF%3D%3D1r34LbKcu7oBs%20%204F6%20D%7C)5%239b7B(7B%2C7F%20s6FZL7C%207-GZL7-lBb%5E74TA*%7B(7Cs%207%2FC%20D%2C7C%2C7-Gs%207-Dl%7Co%2C%23C%2C7Cs%207-GZL7-%7ClF6%20%5EFl%7C%2C(7B%2C7%5D%5B*BlFl%7C)5%237bG(7bG%2CC7s%207-GZL7-D%207%5EF%5E7%20sF)5%237C%207-Dl5)%7ClB%2C7Cs%207-GZL7-D%20%2FC7%5EFl%7C%2CoBs%20%207%5EbC%23o%2C%7C%239b7BF%2F%5EbGC7%2C%7CNbAl2N%7CYQyXQyXQXyQyX%7D%2C7Cs%20%206Fl16%2FF%20s%2C7-Gs%2CF6Z%20%3D%3D0%3D0
64604679-0428-46d7-8185-d42da27b69c1,irealb://All%20Of%20Me%20%2E=Marks%20Gerald==Medium%20Swing=C=10=1r34LbKcu7%20lcKQ4C%5E7XZL%20lcKQyX7AZL%20clKQyX7EZL%20lcKQyD%2D7Xy4TA%2A[yX7G%7CE7XyQDZL%20lcKQyX7DZLl%20cKQyX7%2DAZL%20lcK%2D7XyQB%2A[]%20%20%20lcKC%5E7XyDZL%20lcKQyX7AZLl%20cKQyX7EZL%20lcKQ%2D7XyQA%2A[]QQyX7%2D%5E7XyQ7A%7CQyX%29G%2F7%5EC%287E%2D%7CQyX%297o%23F%286%2DF%7CXyQ%7CDFC%2A[]%7CG7XyQ%7CC6%20Ebo7LZD%2D7%20G7%20Z%20=Jazz%2DMedium%20Swing=154=4
6442e539-f18f-4e63-82a7-45a2513ea9fa,irealb://Stella%20By%20Starlight=Young%20Victor==Medium%20Swing=Bb=10=1r34LbKcu7bE%7CQy4Eh7XQyX7-F%7CQyX7F%7CQXy7-C%7CQyX9b7A%7CQy%7CBb7X4T[A*%5EFZL7%7CAb7XbB%7CQyX7-DZL9b7%20A7hE%7CQyX7%5EbB%7CQy-7%20EbQyX7%5E7G[B*Eh7(Gb7D%7CQyX)7hA(117%23%5EbEZL)7C(%20%20)7-9XyQ]%7CQyX7%20lcKQQKcl%20BZL%20lcKQyX11%237AbZL%20lcKQyX7-CZLb%5E7XyyX31b%7CQyX9Eh7XyyX7hC%7CQyX9b7G%7CyQX7hD%7CQyX9b7A%7CQQ%7CF7b[C*]%20Bb%5E7XyQKcl%20%20Z=Jazz-Medium%20Swing=120=0
64e94c2a-c533-4b61-b3e8-5d7ed0afb39b,irealb://Killing%20floor=Burnett%20Chester==Rock%20Blues=A==1r34LbKcu77EZL%207XyQKX7AZL%20lcKQyX7DLZ%20lcKQyX7AZL%20lcyQKclA44T[XyQ%7CD7XyQ%7CA7XyQ%7CE7XyQZ%20==0=6
64fda942-5f89-4781-b707-1ec37e06a109,irealb://Sweet%20Home%20Chicago%3DJohnson%20Robert%3D%3DMedium%20Blues%3DF%3D%3D1r34LbKcu7L%20lcK7XyQ%7CZL%20lcKQyX7bBZLl%20cKQyX7F%7CQyX7bBF7XyQF44T%5BZC7XyQ%7CBb7XyQ%7CF7XyQKcl%20%20Z%20%3D%3D0%3D0
643d3cfe-65e9-4be9-b7c8-fd16a8a70fd7,irealb://Almost%20Like%20Being%20In%20Love%20(Rod%20Stewart)%3DFrederick%20Loewe%20(Rod%20Stewart-Jools%20Holland)%3D%3DMedium%20Swing%3DB%3D11%3D1r34LbKcu7X7oD%7C44%3C*7%2F6B%7CQyX%2C7oD%7CQy7X-%23C%3E441%20mpb%20%204D%23XyQTi*%5BYyX7%23F-7%2CXyEA*%7BY%5DQyX%2C5%237%23%7CDQyX6B%7CQyX7%23F%7CQ6XyQ%7C%23C%7CQy%7DQyX%2CyQ%7CG%23%7CQyX%5EB1N%7CQyX31F%23%7CQyX7-%23C%7CQyX7-D%237%235X%5EB%7CQ7-F%7CQQ%20LZN%7CQyX7bE%7CQyX7-bBB*%5B%5D%20%20lcKQyX6B2Ab%5EXyyXQyXX7%23F%7CE%5E9XyA*%5BY%5DQyX7bE%7CQy1X1-bB%7CQyX6-%23C%7CQE%5EXyQ%7CQyX%2C%7CQyX7-7XyQX%23D%2F6B%7CQyX7oD%7CyQX7-%23C%7CQyX7-%23G%7CyQ%7CDo%23D%7CQyX%2C6B%3EyQ%7C%3CX%E1%8A%95%20QyX%E2%99%A9%20%3C%7CQyX7%23%3EF%3Aylno%20x%20ts1%20QyXyQ%20%E2%94%81X7-%23CQyX7oXyQ%20%E2%94%81%23D%2F6B%7CQyX7oD%7CQXy7-%23CQ%5BYY%5D%20Q%20x%3EXyQ%7CD%3C%20%7CQy%7CC%23-7XyQ%7CF%2313XyQ%7CsB6%2C%3C(gt%20fills)%3Eln%20LZn%20%20sB6Z%20%3DBlues-Flat%20Tire%3D144%3D2
641d80fc-caad-4a29-b5db-e77d0686a955,irealb://Relative%20Minor%20Exercise%20F%2DDm=Composer%20Unknown==Medium%20Swing=D%2D==1r34LbKcu7yX%7CQyXyQ%7CFyX%2DD%7CQyX%2DD%7CQyXD%2D%7CQyXF%7CQyXF%7CQyXQ%7CD%2DXF44T%5ByXZLQQLZXyyXZLQyXZLQyXZLyQXZLQyXZLQyXZLQQLZXyyXZLQyXZLQQLZXyyXZLQyXZLQyXZLyQXZLQyXZLQyXZLQQLZXyyXZLQyXZLQQLZXyyXZLQyXZLQyXZLyQXZLQyXZLQyXZLQQLZXyyXZLQQLZXyQLZXyQLZXyQLZXyQLZXyQLZXyQLZXyQLZXyQLZXyQ%20Z%20=Latin%2DBrazil%3A%20Bossa%20Acoustic=110=8
641463a4-9752-4daa-af44-0b0d1abbb327,irealb://My%20Way=Revaux%2DFrancois%2DThibaud%2DAnka==Ballad=C=4=1r34LbKcu7X7GZL4CXyQyX%2DD%7CQyX7A%7CQyXb%2CB%2F%2DG%7CQyX%2CB%2F%2DE%7CQKcl%204TA%2A%7B%2FW%206FyQ%7CCX7%2DDZLA%2FW%20C%7CQyXF%2D%7CQyXF%7CQyX7C%7CQy%20G7LZXC%7CQyFZL7CCXyQ%7DQyX%2CCB%2A%5B%5D%20G%2FF%202CN%7CQyXQyXQyXQyX%7CG%2D7%201NZLGQyX7GKcl%20L%2DD%7CQyX7%2DA%7CQyX7E%2D%7CQyX7G%7CQyX7%2DDZ7XyQ%7CQyX7%5EG%7CQyXGLZ%3CDnidnE%2096%2A%3C%7BYY%5DyQXC%3EeniF%20la%20%2EC%2Eg%3ED%2D7%2FW%20F%7C%20%3Ex35E%2D7XyCZLG%2FW%20F%7CQyX7GQ%7CyX7%2DD%7CQyX7%2DA%7CQ%20%20%3C%2A1%7CQyX7%7D%20=Latin%2DBrazil%3A%20Samba=200=1
64aa2806-ea7a-48c7-8083-bb00d5c21064,irealb://Nattergalen%20P%C3%A5%20Sin%20Gren%3DSebastian%3D%3DTango%3DC%3D0%3D1r34LbKcu7ZLQyXT44F%20ZLQyXZLQyX%7CQyXZxL-G%20CZLG%20CZL-FXyQLZ%2CB*%2C%5BZLQyXC%2C%20GLZL-A%20-EZLG%20FZL%20CGZL-D%20-AZLC%20FZXyQLZ%2CA*%2C%5BQyXZLZC%20G%20QyXZLQyXZLQyXZQLyXZLQyXZLQyX%7C%5DLZXyQL-F%20FQyXZLLZXyQQyXZLQyXZLQyXZQLyXZLQyXZLQyXZLLZXyQQyXZLQyXZLLZXyQQyXZLQyXZLQyXZQLyXZLQyXZLQyXZLLZXyQQyXZLLZXyQLZXyQ%20Z%20%3DLatin-Argentina%3A%20Tango%3D127%3D8
640d501e-f6b9-4fde-a757-f49ea5d36020,irealb://At%20Last%201%3DWarren%20Harry%3D%3DMedium%20Swing%3DF%3D%3D1r34LbKcu7%3E)F%20nINTRO%20%2C7C%20no%20.tiR%20%2CROTUO%20no(%20ORTUO%2Fend%20o17*%3C%5B%207-GZC%2CLZBFA*%7B%5D%20%2C7C%207bDZ%2CL9b7D%20FZL%2C7oB%20b%20D-7L%2F7F%20F%207bDZF%20D-76F1NZL7C%207-GZLD7%207-AZL7C%207-GZL%20D-7LZL%2C7CsZL7-yQXyQZL7C%207-GB*%5B%5DQy6XFZL9bB%206F2NZL%20F%5E7%20DX%7D%207C7C%207-7%2CE7%2C%207-DZL9b7A%207%5ECLZ7G%207-D%7CQyX-Al%7CG7LZGFp%2C7E-GZL7F6%20D-ZL9%237C%207-GZL7-%20D%2C6FZL7C%207-GZL7A-7%20DA*%5B%5D%207%20C7LZF6%20D-7LZG-7%20C7%20Z%20%3D%3D0%3D0
64e86a10-0dbe-4256-855a-8f7746a695a2,irealb://My%20Foolish%20Heart=Young%20Victor==Ballad=Bb=10=1r34LbKcu77%5EbBZ4Bb%5E7%20)7F(7-E%7CQyX7-ZCL7G%207-DZL7%5EbE%20A7b9L4T[A*7-F%7CQLZG-7B[B*]%209b7F%207-CQ%7CyX7-CZL)7bD(%20%20b%5E7Xy9%237D%20ZL7G%20ZEb6X7C%207-GZL31b7D%20-7GZL9b7D%207hA%7CQyLZC-7L7bB%20L9b7A7%20]*A7-E%7CQyX7-CZL7G7%20-DZL7%5EbE%207%5EbB[(F7)%20F%207-CG[C*]%20D7b9%207hAZLbB%2F7-C%207C-ZL)7bD(%20%207-GZLD7b9%207%5EbBZZL7F%20%7CEb-7G%207-CZL7G%207bAZ7L%5EbE%207%5EbBZL7bA%207LZC7QyX7-Bb%5E7%20G7LZC-7%20F7sus%20Z=Jazz-Ballad%20Swing=60=0
647f3716-ffc1-4fc8-b7ca-624731846902,irealb://Clock%20Wise%3DMel%20Bayh%20Basic%20C6th%3D%3DMedium%20Swing%3DC%3D%3D1r34LbKcu7%5BT44CXyQ%7CG7XyQ%7CxXyQ%7CCXyQ%7Cx%20%20G7%2C%7CCXyQ%5D%7C%20%3D%3D0%3D0
64ba0fba-e2ff-4d03-ad32-1a7f60613908,irealb://Guilty%3DNewman%20Randy%3D%3DBallad%3DD%3D%3D1r34LbKcu7%7CQyXGT44DXD%7CQyXDA*%7B%7CQyX7%7CAQyX7E%7CQyX7D%7CQy7XyQ%7C%2Ci*%2C%5BD2N%7CQ%2C%7CD%20BQyXQyX%7D%207A%20D1NU%2C%2CZLG%20DZLA%20bBZLXyQXyC%20%20-GAs%7CQy%5B*BGXyX-G%7CQyXG%7C%7CQyXD7%7CQyXD%7CQyX-G%7CQyQ%7CE7X%5D%207D%207XyQ%5D%20%3DJazz-Ballad%20Swing%3D64%3D3
6459c633-c39f-47e9-94c1-8a813e10c1c0,irealb://My%20World%20is%20You%3DCity%20Harvest%20Church%3D%3Drock%3DD%3D%3D1r34LbKcu7elc%20e44%3C*7saw%20uoY%20lla%20emn%20evig%20ev%E2%80%99uoY%20%204hed%20mTv*%7BY%20dnA%20.%3EDLZB*%5BY%5D%20AZL%2CsusALZxZLGZLxZL-BZLx%3C*74%20..%20naLGZLx%20can%20LAZLG%3E...%20uoY%20iphsrow%20ot%20si%20odZB-LZI%20llaednoW-LZx%20%3CC*%5BY%20xZLAZLxZ-LEZLGZLDZLAZLG%5D*74%20%20BZLAZZLAZLSavioLDZLAZLG%3E...%20ginK%20ym%20era%20uoY%20rZxLZG%20lufrev%20otZGLZAra%20nruT%3C1NZLQy%5DX%20AZL-EZLGZLDZLound%20LxZLDY%20QyXLZxLZL%2CD%3Eenil%20tsal%20atepeR%3C2N%5D%20xZL-BZB-%20%5DD%3EesrxZL-ELZxLZ%23F%2FDZLxZLGZLxZ-LBZLxZLDZLxZL-BLZxLZDi*%5BYLZALZx%20%5D%20%3DPop-Rock%3D120%3D3
64bf00d4-32d1-4f65-b86c-250361cc747c,irealb://Benny's%20Bugle%3DBenny%20Goodman%20%2F%20Charly%20Christian%3D%3DMedium%20Shuffle%3DG%3D%3D1r34LbKcu7ZL%20lcb7XyQbBZL%20lcKQyX7bELZ%20x%20ZL%20x%20ZL%20lcK7XyQKB44T%7BF7XyQ%7CxXyQ%7CBb7LZx%20%20%3C4x%3E%20%7D%20%3DJazz-Gypsy%20Jazz%3D160%3D3
64ca5bc1-c8af-438f-971e-b982b2ce7695,irealb://Highway%20to%20hell%3DACDC%3D%3DRock%3DC%3D%3D1r34LbKcu7L%23F%20G4AXyQZL%23F%20G%7CQyXA%7CZLF%23%20G%7CQyXAZL%23F%20G%7CAXyQ%7C4TA*%7BZ%7C*BEXyQ%7CA%20D%2CC%2C%7CA%20D%2CC%2C%7CA%20D%2CC%7D%20%3D%3D115%3D3
64aff741-3e55-4174-a47f-6db0b390d4c1,irealb://Blue%20Monk%3DMonk%20Thelonious%3D%3DMedium%20Swing%3DBb%3D10%3D1r34LbKcu7cKQyXb7XyQ%20lcKQyX7bEZL%20lKcQyX7bB%7CQyX7bE%7CLZBb7B44T%5Bl%20LZF7XyQKcl%20LZBb7XyQKcl%20%20Z%3DJazz-Medium%20Swing%3D120%3D3
6477ed88-1241-41c1-8981-a1559fe50e48,irealb://Blues%2006%3DComposer%20Unknown%3D%3DBlues%3DC%3D%3D1r34LbKcu7X7A%7CQ7XyQ%7CQyX7bB%7CQyX7F%7CQXy7C%7CQyX7C%7CQyX7F%7CC7XyC44T%5ByQ%7CAb7XyQ%7CG7XyQ%7CC7XyQ%7CAb7%20G7%20Z%20%3DBlues-Funky%3D110%3D3
645bc427-f8ce-4e2f-b727-03485817806f,irealb://FF4%20-%20Fight%201%3DUematsu%20Nobuo%3D%3DMedium%20Swing%3DC%3D%3D1r34LbKcu7m*A%7CQXyQKcQyXG1N%7CQyX*m*DLZE%2FC%20F44TA*%7B%20%20l%7CG7Xy*m*A%5BZL%20lccl%20%20%7DZL7G%20%2CCB*%7BQyX7%7CE%2C*m*A%20%20%23G%2FE2N%7CCXyQKKQyX*%202N%7CQA*m*%20QyXQyX%7D%20%20x%201NZ%20LlcKQyX*m*AZL7EXyQXyZL%20x%20X7oB%7C%20E*m**m*EZL%2CF%20F%2F*m*%7CEQyXF%2F*m*DZL%2CF%2F%2FFXyQFZL%20xyQKcl%20%20Z%20%3DJazz-Gypsy%20Jazz%3D180%3D3
6465ae93-31e1-416e-8ed3-890a0e3423a4,irealb://C%20BLUES%20-%20BLUES'N%20BOSSA%3DL.NIEHAUS%3D%3DMedium%20Swing%3DC%3D%3D1r34LbKcu7A%205b7Q%7CF7XX7C%7CQyXx%7CQyX7FLZ7C%20-G%7CQyX7C%7CQyyQ%7CE-yX7C%7B7LZD-XyQ%7CG7XyQ%7CE-%20A7LZD-%20G7%20%7D%20%3DPop-Shuffle%3D130%3D3
6474653d-f7a3-4076-898b-d95e29296119,irealb://Suit%20And%20Tie%3DTimberlake%20Justin%3D%3DMedium%20Swing%3DD%3D%3D1r34LbKcu7%7D%20QyX4E-XyD1NZLQyXZLQyXZQLyXZLQyXZLQyX%7CQ%5EXyQ%7C4TA*%7BLQyXZQ%20LZNQyX%5EDZLQyX%7CQyXE-B*%5B%5D%20QyXZLQyX2%7CXyQLyXQyXXZLQyZXyQLXZLQyXZLQyXZLQXyZLQyXA*%5B%5D%20QyXZyQLZXLQyXZyQLZXyQ%20Z%20%3DJazz-Medium%20Swing%3D100%3D3
64187c74-7524-4360-9df3-1b3e92e5d832,irealb://Chicken%2C%20The%3DEllis%20Pee-Wee%3D%3DFunk%3DBb%3D%3D1r34LbKcu7%5BY%7D%20%20*i%2C%3CVx%20ZL%20x%20ZL7bE%207Bb%3Eortni%20rof%20pma%20LZ%20x%2C44T%7B7C%7CQyXyQKcyX7DZL%20lcKQyX7EbZL%20x%20ZL%20x%20ZL%20lQ%7CG7X7bBA*ZL%20x%20l%20LZ%20%207bBZL%20%3EeniFQy%3CXn%20%3E)ffiR(%3CZL%20xEb7LZcKQyX%20x%20LZ%20x%20%20Z%20%3D%3D0%3D0
6422495c-bfc4-410e-b344-c9c7e2217f44,irealb://Pa%20Mayte%3DVives%20Carlos%3D%3DPop%3DEb%3D3%3D1r34LbKcu7LbB%7B%20%20%7DXyQyX%7D%20FZLbEZLbAZ7LbB%7B%20%20QyXQyXQyXQXyQ%20bBi*%7BZAbLZEbLZx%20%7DXyQXyQ%20%20G-LZFLZC-LZEb%20%3DPop-Rock%3D115%3D1
641dad10-b953-4f45-975b-1b86dfa0b518,irealb://Cristo%20Reina%20%28Declarar%C3%A9%29%3DCalveti%20Daniel%3D%3DRock%20%3DD-%3D%3D1r34LbKcu7yXbB%7C4D-%2C*%7CQyX-G%7C%7D%20C%3E4x%20Q%20yX66*%3C%20bB%7CQyXAG-XyQ4Ti*%7BX-DC*yQ%7CAX-A%7CQyX-G%7CQyXC%7CyQX-DB*%7B%7CQyXA%7CQyXyQ%7D%7BXbB%7CQX-A%7CQXyQ%7CAQyXC%7C%7CQyX-D%3E%20%3C%7BQ%20%20%3EB%20oT%20%2017*%3C%20%7CG-XyA%7C%7DQyyQ%7D%7CfDXyQZ%20%3DPop-Rock%3D150%3D1
64ce08df-81c1-4b56-bfbb-42ea267bda12,irealb://Danny%20Boy%20Rev%202%3DTraditional%3D%3DJazz%20-%20Swing%20Two-Four%3DEb%3D%3D1r34LbKcu7%2CC/%5Eb4lEb%5E%5EbAZL%2CbD/7bE%20%2CDb/7bEZL%2CD/7-G%20%2C/C%2C%20A4TA*%7BQyX%2C9/B%2C%20D%2C31bGZL%2CG/7-G%20b%2CB/7-G1NZL%2CB/7bXyQ%7CB7bDZL%2CC/%5Ebus%2C%20ED/7bE%20%2CbD/7bEZ%2CLD/7-G%20%2C%5EbEZL%2C7b%2CLZAs7bB%7CbAZL%2CC%2CLZD-FZL%2C7bG%20%2CbB/7G-ZL%2CB/7bD%20%2CB/7b7%2C%20E7/%5EbA%20bEZL%2Cb7%2CLZ-FZL%2C7B%20%2C7-ClB%5B*%5D%2C7Gs%20nl%2C96bEs7%2C%20E7D%20%2C7-X11%2397%2CLZCbG%20%2C7-GZL%2C7bA%20h%2CAZL%2CbB/7-C%20%2C7-7%2CLZBbD%20%2C%5ED%20%2C7--7%2Cn%20%2C7E%20%2C7-FZL%2C7bG%2C%20bB/7-Gl2N%7C%7D%2C7EQLZAbFs%7CQy%7C%2C7-GsEb69sesurohC%20oloS%20woT%3CC*%7B%5D%2C7Es%20nl%2C%3EEb%5E%2CZL%2C7b%5EbEZLEb7%2C%7C-FZL7bGZL%2C7-G1%7CN%2C7bD%2C7-bAZL%5EbA7LZE7%2C7-bBbE%7C%2C7%7CBb-7%7C%2C7bG%2C7-G%7C%2C7bD7%2C-bAZL%5EbA%7C%2C7bE%2CF-7%2CE%2C7-G%2C%2ChA%7C%2C%20%5D%5B*DC%2C7-C%7C%2C7bD%2C%5EbE%2C%7C7E%2C7-F%7C%2C7B%2C7-C-7/Bb7GZL%5EX%3EC%20oG-7%2CGB54*%3C%7D%2C7Es%20nl%2C-7F%7CQyX11%239B%7C%2C7back%20t%7C%2C7bAOC%20laXyQXy60*%3CZL%5EbE%7C%2C7E%2C-7F%7C%2C7bG%2C7-G2N%7CQD.C.%20QyXQy-GlQ%7B%20%20sE7%3Eemit%20ts133*%3C%20C%3E%20ot%20kcaB84*%3C%7D%2CXyQ%20%20nl%3EAD7/Bb%2C%20Gb7%2CLZF-7%2C%20E7%2C%20%7DAb-7%2C%20Db7%2CLZUEb69XyQZ%20%3DJazz-Swing%20Two/Four%3D120%3D1
644b33e0-6a92-4472-8b1e-9d3bf17fa9c0,irealb://Denngan%20Menyebut%3DGigi%3D%3DMedium%20Swing%3DC%3D0%3D1r34LbKcu7%7C%2C-E%2C4CXyQLG%20FZL7%5EC%20CA*%7BQ%7CyXF%7CQyXC%7CQyXF%7CZC%20Bh4Ti*%5B%20-%23D4LZG7%2CF%2CE%2C-%23G%2C-%23DZL%23%20FEZL%5EB%20BB*%7C%7DQyX%23%2C%7CT27D%20-AG%23-LZT44C%237XyQ%7CF%23XyQ%5B%20%3D%3D0%3D0
64d2cec2-7f51-47b3-9d22-7326de0a940b,irealb://Dominant%207%204bars%20by%20fifth%203%2F4%3Dchedeville%20jerome%3D%3DMedium%20Swing%3DBb%3D8%3D1r34LbKcu7X7bB%7C7XyQ%7CQyXx%7CQyXx%7CQyX7%7CFQyXx%7CQyXx%7CQyXx%7CxXyQC43T%5ByXx%7CQyQ%7CxX%7CQyXx%7CQyXx%7CQyX%7CxQyX7bE%7CQyXx%7CQyAb7XyXx%7CQyQyXx%7CQ%7CxXyQyX7bG%7CQyXx%7CQyxX%7CQyXx%7CQyX7bD%7CQ%7CxXyQyXx%7CQ7A%7CQy%7CB7XyXx%7CQyXx%7CQyX7E%7CyQXx%7CQyXx%7CQyXx%7CQyQ%7CxXQyXx%7CQyXx%7CXyQ%7Cx%7CQyXx%7CQyXx%7CQyX%7CxQyX7D%7CQyXx%7CQyXG7XyQx%7CQyX%7CxXyQ%7CxXyQ%5D%20%3DJazz-Medium%20Swing%3D100%3D3
64e2812d-f0c0-483d-8898-567a9f9f7a8a,irealb://Don't%20Play%20That%20Song%20p.%202%3DAs%20Performed%20By%20Aretha%3D%3DMedium%20Swing%3DEb%3D%3D1r34LbKcu7%20da%20tZxLZC%3C%7D%20%207bBZL%20hbBZZLLxZL%20bAZLxZL%20-RepeaL%20bE%7Blib%20and%20fade%3E%20%3DJazz-Medium%20Swing%3D100%3D3
64a8420a-f4fa-417f-af16-589c13f7030c,irealb://Don't%20Stand%20So%20Close%20To%20Me%3DSting%20(The%20Police)%3D%3DRock%2FReggae%3DG-%3D10%3D1r34LbKcu7bEA*S44%3C*7lcKQyX-GZL%20lcKyQXbE%3E041%20mpb%20%204%20%20%7DY%7BTi*%7BY%2CA%20%2C7l%20LZGx%20ZL%2CA%20%2CDB*%7BY%7D%3E%20x436*%3C%20lcKQyX-%20LZB-cKQyXyXQyX%2C%20E-%2FX%5D%20%20x%20%3E.dnE%20dn%202la%20.S.D%3C1N%7C%7D%20AyQXyQ7-AZL-E%207-%3CD.S.QyXQyXQyXQyX%5D%20x%20%20%3E.dnE%20dr3%20la%20%7CYN3A2NY%7CQKQyXbx%20LZ%20tsni(%20edulretn%20i47*%3C%7BY%20QyX%5D%20%20xr.)%3EE%20ZLA%2FyX27*G-XyQBZL%20x%20ZL%2CA%20%2CDB%7B*Y%7D%20%3Ex436*%3C%20lcK-7%2C%20%3CZL%20lcQXyQ%20%20vamp%20out%3EA%2CLZA-7%2C%20E-%2FA%3C*636x%3E%20%7D%20%3DPop-Rock%3D140%3D1
64f54824-b84c-4419-9803-4f85f2d970e4,irealb://Dreidel%3DArr:%20%20Judy%20Night%3D%3DMedium%20Swing%3DC%3D%3D1r34LbKcu7%7CQyX78%3C*68CZLG/C%20A/CZLB/%20CC%3E462%20si%208/1%20%20XyQ%7CG5Ti*%7BbB%7CQy%7CG7Xy%7CQyX7%5EbE%7CQyX7%5EAb%5B%5DQyXC%7CQyX7G%7CQEb%5E7XQyX7Gi%204/1Bb7Xy%3C44TA*%7B%7DQyXCZLG7%205b7-D%7CQyX7G%7CQ*66%20%20%7CQyX7QyXCZ.%20%20SwA/CZLB/C%20C%3Esolso%20rof%20ereh%20sgni%20C/GL231%20sE%7CQyXQ%7CG7XQyX7%5EbAB*%7B%7DQyX%7CCQyX7G%7CQyX7G%7CQy%7CEb%5E7yX7G%7Cb%5E7XyQ%7CBb7XyQ%7CBb7XyQ%7CG7XyQ%7CD-7b5%20G7LZCXyQ%7D%20%3DJazz-Medium%20Swing%3D100%3D3
64c9c893-0fe8-43a9-a5fd-f5e8fc083dc4,irealb://Drive%2C%20The=nelson%20Oliver==Up%20Tempo%20Swing=C==1r34LbKcu7E1N%7CQ4C%5E7XQyX7%2DD%7CQyX7%2DA%7CyQX7%2DE%7CQyX7%5EF%7CQy%7CG7Xy4TA%2A%7BQyX7%5ELZD%2D7%207C%207%2DG%7CQyX7%5ECN2ZL%20QyXQyX%7D%207G%20%5D%5B%2ABF%2BA%207%2D%5B%5D%207GQ%7CEh7L%2BA%207%5EC%7CQyX7G%7CyQX7hD%7CQyX7A%7CQyXZD%2D7%20yX7B%7CL7A%207XyQ%7CFX7G%7CQyX7%2DD%7CQyX%2D7A%7CQyX7%2DE%7CQyX7%5EyQ%7CC%5E7%5ECA%2AZD%2D7%20G7%20Z%20==0=6
648e8e67-7c09-471b-b406-6ce395e9f4df,irealb://En%20El%20Monte%20Calvario%201=Cielo%20Tercer==Medium%20Waltz=E==1r34LbKcu7yXA%7CQ8%3C%2A66yXE%3E%20%2E%2E%2Eoiravlca%20etnom%20le%20nE%20%20Q%7CEXy6TA%2A%7Beis%20oQ%7CBXyQyX96%2A%3CB%2A%7B%7DQyXZELsusE%20E%7CQyXB%7CQOhh%20yyXA%7CQsE%20E%7Camar%C3%A9QyXA%7CQyX7E%7CQyX%7CEQyXB%7CQyXB%3E%20%2E%2E%2E%7CBXyQ%20erpm%20EZLAXyQ%7CEQ%2C%20%20B%7CQyXE%7CQyXA%2D%7CQyXA%7CQyXE%7CQyX%2CLZE%20EZLsu%2D%23FZLQC%23%2DX%20em%20s%C3%BAseJ%20anorco%20iM96%2A%3C%20%20%23F%7CQydar%C3%A1%3E%7B%7D%207EXyQ%7CBXyQ%7D%7CAXyQ%7CA%2DXyQ%7CEXyQZ%20=Jazz%2DMedium%20Swing=155=3
64ad1530-e318-44e2-9b94-69f67f1156fa,irealb://Pacto%20Entre%20Caballeros%3DSabina%20Joaqu%C3%ADn%3D%3DRock%3DD%3D%3D1r34LbKcu7ZLxZL4nXyQZL5EZLxZL5DA*%7BQ%7CyXn%7CQyXn%7CQyXn%7CxLZG54Ti*%5ByXx%7CQxLZ%7CD*%7C%5D%20xZL%2C5DZLxZ5LGZLxZL5EZLxZL5BA5XyZL%2C5D%7CQyXxyQ%7CxX%23F%7C%2C5G%20%205A%7CQyXA5%7CQyXx%7CQyX-B%7CQy5XyQ%7CX5G%7CQLxZL5%7CxXyQL%2C5DC*%5B%5DQyXx%7CQXy5A%7CQyXx%7CQyX5E%7CZxLZEQyX-B%3CxZL5A5LZDZL5GZLxZL5EZLxLZ%2C5D%7CZL%3E%20%20%3CxZL5A5LZDZL5GZ3x%3E%20%7D%7B*DD5%2CLZxLZE5LZxLZG5%2CLZA5%2CLZD5%2CLZx%3C6x%3E%20%7D%20%3DPop-Rock%3D200%3D1
643b48a4-68f1-4423-963d-3e6df01821cf,irealb://%D0%90%D1%80%D0%B3%D0%B5%D0%BD%D1%82%D0%B8%D0%BD%D0%B0%20-%20%D0%AF%D0%BC%D0%B0%D0%B9%D0%BA%D0%B0%3D%D0%A7%D0%B0%D0%B9%D1%84%3D%3DMedium%20Swing%3DF%23-%3D%3D1r34LbKcu7ZLxZL-%2CLZx%23F%3E%D1%82%D0%B5%D0%BB%D0%BF%D1%83%D0%9A27*%3C%7B%20%20QyXQyX%5D%20xZLxZL-%2CLZx%23Fi*%5BZLxZLLZxLZZLEZLxZL%2CA%3E%D0%B2%D0%B5%D0%BF%D1%80%D0%B8%D0%9F27*%3C%7B%7D%20xZL-%23Fx%20%5DB--B%5D%20xF%23-LZx%20%7D%20%3D%3D0%3D0
647e52cd-a944-4ffa-8a4b-960f78cba418,irealb://F.T.B%20%3DGlasper%20Robert%3D%3DSoul%3DC%3D%3D1r34LbKcu79-GZL%5E%20G-9bB%7CQyXZL11-AZL1%201-DZL%5EbE%209-GZL%5E%20G-9bBA*%5B%5EF%20%5EbZD-11E%2011-EB*%5B%20%5D%2011A-2N%7C%7D%2011-A1NZL%20b%5ELZEL9-E%20ZL11-1%20Eb%5EZL%5EbE%20%5EbDZL%5EbDs%20us7CZL%5EF%20%5EbEZLBb%5E%20D1-EZL-DZL1%20Z%20%7B%3CbB%3E%29%20EMIT%202%20ts%201YDOLEM%20%28%20SOLOS%5E%20D-1%2011-D11%20E-11LZBb%5E%20D-11LZD-11%20%20%7D%20%3D%3D0%3D0
6478e0e5-1bcf-4e1c-8c36-42e9935071fe,irealb://Family%20Affair%3DSly%20%26%20The%20Family%20Stone%3D%3DMedium%20Swing%3DD-%3D5%3D1r34LbKcu77C%207-4D-7XA%207%5EbB%7CQyX7-D%7CyQX7-D%7BQyX7-D%7CQy-7LZG4Ti*%5B-GQB*XyQ%20%207C%3Ex4%3C%7CQyX7-G%7CyQX7C%7CQyX7-GSA*%7BXyQ%7D%5BQyX%7D%20yX7-GC7XyQ%20.rtG%3C%7BQyX5%237DQ%7CyX5%237D%7CQyX7-G%7CSolo%3E%7CQyX7X%5DQyX3x%3EXy%20la%20.S.D%3C5%237D%7CyQX5%237D%7CQyX7-G%7DQCoda%3E%3C7C%7CQQyX5%23%20LZQCX5%237D%7CQyX7-G%7DQXy7C%7CQyX7-G%7BQyX7yQ%7CD7QyXQyX7-G%7BQ%7CA7X7-GZL7-A%207%5EbB%7CyQX7-D%7CQyX7-D%7BQy%20C7%20%7DyX7A%5ByQ%7CC7%3C3x%3EXyQ%7D%20%3DPop-Soul%3D109%3D1
645e1025-ca68-4797-84b1-9aa7f68939d7,irealb://Hot%20Burrito%20Breakdown=Composer%20Unknown==Medium%20Swing=G==1r34LbKcu7B%2A%5B%7D%204G%2CXyyXGZL%20lcKQyXDZ%20Lx%20ZL%20x%20ZL%20lcKQQKcl%204TA%2A%7BcKQyXcl%20LZG%20%2CG%7CQyXG%7CQyXDQ%7CyXAZL%20lcKQyXbB%2CLZ%7CCKQyXCl%20LZBbXyQKcl%20LZAXyQ%7CDXyQ%7CGXyQ%7CG%2C%20%2CU%2CG%2C%20%5D%20=Pop%2DBluegrass=260=6
64f76b34-8a7d-4b0c-840e-f36eb0225880,irealb://Rhythm%20Turnaround%20x%208%20%2d%20Down%20Half%20Step=Charts%20Practice==Medium%20Swing=C==1r34LbKcu77oC%207C%23o7L%3ex8%3c%20lcKQyX7%5eC%7d%7c%20%3ex3%3c7o%23D%207%2dDZ%20%7d%7bB%5e%207%5eC%7b%23C%207%2d7%20Do7B%207%5ebB%7b%7d%20%3ex8%3c%20clKQyX7%5eB%7c%7d%20%3ex3%3co7LZC%2d%23CZL%7d%20%3ex3%3e%20%7d%7cB7%2dBZL7o%23A%207%5eA%7b%20%7d%3ex8%3c%20lcKQyX7%5eb%20Co7%3cx3%3c7oQyX7%5eyQKcl%3ex3%3c7oB%207%2dbBZLo7A%207%5ebA%7b%7d%20%3ex8%3c%20%20%7d%7cAbX7%5eA%7c%3ex8%3c%208x%3e%20%7dX7%5eG%7c%7d%20%3ex3%3c7o%23%20A7%2dAZL7o%23G%207%5eG%7byQKcl%3c%20lcK%207%5eF%7b%5e7%20Go%3c%20lcKQyX7%5ebG%7c%7d%3e%20x3%3c7oA%207%2dbAZL78x%3e%20%7dbG%7b%7d%20%2d%23FZLZG%2d7%20%5eE%7b%7d%20%3ex8%3c%20lcKQXy7%5eF%7c%7d%20%3ex3%3c7o%23G7%20Fo7L7o%23Fx3%3c7o%3c3x%3e%20FZL7oE%207%5ebE%7b%7d%20x%3e8%3c%20lcKQyX7%5eE%7c%7d%2d7%20F%237oG%207X7%5eD%7cb%5e7Xy%3c7oF%207%2dEZL7o%23D7%20%5eD%7b%7d%20%3ex8%3c%20lcKQ3x%3e%20%7dE%7c%7d%20%3e%3c%20lcK%20%3c8x%3ebD%7c%7d%20%3ex3%3c7oE%207b%2dEZL7oD%207%5ebD%7b%7d%20%5e7XyQlcKQy8x%3e%20%7d%20==0=0
648bf64e-cca9-4ccb-90f0-21a1b157485c,irealb://Free%20As%20A%20Bird%3DBeatles%20The%3D%3DRock%20Pop%3DA%3D9%3D1r34LbKcu7CZL7G4A%20F%23-%23F%20AZL7E%20-DZL%23-F%20AZL7E%207%5EFZL-LZD-%204Ti*%5BF%20AZLEsus%20ZL-%23F%20AZL7E%207%5EZFL-%23F%20ASA*%7B%5D%207ED-%20E7ZL-A%20Q%20%20G%7C-%20G7LF%7CQyXFB*%5B%7D%20)7G7(E%20susEZL%2C-A%20CZ%23hXyQDZL-%23YZ%207E%2FGLZF%3EadoC%20la%20.S.D%3CQ%7CyXG%7CQyXh%23F%7CQyXEsus%20W%20AZLG%20-FZs%20E7%2CZL7G%20-FZL-A%20CZ7LG%207%5EbAZL-A%20CZLC%20A-LusEQ%5B7G%20-DQ%20%5B*A%20AZL7E%207-DZL-%23%20FAZL7E%20FZL-%23F%20AF%23-LZyX%5D%207ZLG%2FA%23-LZDyX%5DQyXAfZL%2C7G%20D-ZL-%23F%20A%7C%7D%207G%20-Q%20%5BA%20F%20A%7B%20A%20A%2FGLZAXyQZ%20%3DPop-Rock%3D115%3D1
64113d98-3e6b-449f-ab27-14f5943ebef0,irealb://Liquor%20Store%20Blues%3DMars%20Bruno%3D%3DReggae%3DC%23-%3D%3D1r34LbKcu7%7B%20C%23-%20LZ%20G%23-%20LZ%20F%23-%20LZ%20G%23-%20%20%7D%20%3D%3D0%3D0
64a164a4-eaea-4cb5-b0c7-ec9c7a25507f,irealb://Get%20Together%3DYoungbloods%3D%3DMedium%20Swing%3DA%3D%3D1r34LbKcu7Xx%7CQy4AXyQXAA*%7BQyXx%7CQyXAQ%7CyXG%7CQyXA%7CQyXG%7CyQ%7CxX4Ti*%5Bx%7CQyXyQ%7CxXA%7C%7CQyXx%7CQyXG%7CQXyx%7CQyXx%7CQyXA%7CQyXyQ%7CxXG%7CQyXyQ%7CGXyQ%7CxXyQ%7B*BDXyQ%7CEXyQ%7CAXyQ%7CD%20ELZAXyQ%7CxXyQ%7D%20%3D%3D0%3D0
6440f125-c258-498c-93f2-8beea99b5680,irealb://Got%20A%20Match%3F%3DCorea%20Chick%3D%3DUp%20Tempo%20Swing%3DD-%3D%3D1r34LbKcu7yX)B%2F-7XyQ7D%7CQyX)C%2F7-D(7D-%7CQyX)%23C%2F7A(7A%7C%239(G7D44T%5B7-EZLXyQ%7CD7C(%20%7CQyX)F%2F7-G7(-G%7CQyX)%23F%2F7D(7%2FE)x%207-G%7CQ7-DZLF-7%20B7hE%7CQyX7-DZL7A7%20-E%7CQyX7%5EbEZL7b%20A7%239ZL7A%20XyQ%7CA7XyQZ%20%3DJazz-Up%20Tempo%20Swing%3D301%3D3
6491f704-5cb5-4486-9a65-c466d3b0a1ca,irealb://Hang%20On%20To%20A%20Dream-%28from%20Bb%20to%20Eb%20-%20Capo%203rd%20Fret%29%3DHardin%20Tim%3D%3DPop%3DBb%3D%3D1r34LbKcu766*%3CSnLZxL/GZLGZL-AZL-E%3ErotnI86*%3CZLxZLxZF%23%20%5D%5Bs43T%5B-AZLBVerseD%7CZL-EZLxZLDZLA-ZLBZLCZLDZL-E%3ELZCLZ%20%20QyX27*%3CZx%20%5DXyZLCZLxZL-EZLDZCL%3EsurohC86*%3C%5B%20QDLZELZLBZLL-AZLal%20FiLDZL-E%3ElatnemutrsnI07*%3C%5B%5D%20x%3EenZCLZB%20.S.DLD%7CZL%20%5D%20%20%5BZLDZL-AZLBZLCZDLZL-E%3EesreV66*%3CxLZE-xZLEZDZLCZLZA-LEZLDZLC%3EsurohC70*%3C%5B%20QyX%5D%20xZLBZ-LZxLBZLCZt%20yekx%20%5D%7C%3Cgnahc%20uoy%20eruse%20kaM%3CC%3EortuO07*e%20to%20ZLEZLo%20Eb%20for%20the%20midi%3ELZDLZELZxLZxLZUx%3C*66Fine%3E%20Z%20%3D%3D125%3D1
64a8e61f-1e55-414d-a449-ff51eb21114f,irealb://Mabel's%20%28Maybelle's%29%20Dream%201%3DIke%20Smith%20%281923%29%3D%3DMedium%20Swing%3DEb%3D%3D1r34LbKcu7QyXQy*74InbB%7C%2CoA%2CbA%7C%2C7bEb%2CE%7C%2C7bB%2CbEs%3Eort7%20%5D%7CX%3C44T%5BEZL7bAlEb%2C%7CZL7bB%207FZLbE%20AbZL7bE%20bEZL7bB%20Eb%2C%20B*%7BY%20%20%7C%2C7bBLZAb%20%287Fs%20%2CbElB*%7BY%7Db%2CE%2C7bBs%207FZL%2CbEEbo%29%2C7bE%20bkaerByQXyQyX63*%3CZL7G%20%29-Cb%28E%7CQyXbEl%3EkaerBQXyQ%20X33*%3C%207F2NQ%7CAb%20XQyX%7DQyX7bB%7CQy7XF1NZL7C%20bEZLoAyQ%20LZyX-C%3EZL%29obEbXyQ.krB%20QyX84*%3CZLAbs%3EegdirB47*%3C%5B%5D%3EG7%28AZL7bB%2C-CZLb7%29LZbA%28-bAZLbEZL%29b%28A7F%3E.krBQyX84*%3C%29LZG7E%287bGZL7bEY%5B*Cl7bE%20bAZL-bD%20bDLZ7bA%20bAZL7bE%20bALZAb%20%5D%2C7bE%7CQyX7%7CBb7X%20bDZL7bA%20bAZL7Eb%20bA%7C%7CQyX7bE%7CQyG7LZCQyXbADb%20DoLZAb%20F7LZBb7%20Eb7LZAbXyQ%5D%20%3D%3D0%3D0
648bc4df-8e41-4f55-b631-a3330d23572c,irealb://Healing%20Hands%20Of%20Time%3DNelson%20Willie%3D%3DPop%20-%20Bluegrass%3DE%3D4%3D1r34LbKcu7yX7BZXyQ%7CBx%20ZL%20AZL%207E%7CQyEXZL%20QyXQyX%7CQyX7%20LZ%20LE44T%7BBZL%20EZE%20LZZL%20ZL%20x%20ZL%20AZL7%20E%7CQyXEZL%20ZL%20E%20AXyQ%7CLlcKQ7%20%20%7DEXyQ%7C%20LZAXyQ%7CE%20LZB7%20LZEXyQ%7C%20%3DPop-Bluegrass%3D80%3D1
64bfe7d2-6af1-4162-8e52-78cb38a197b4,irealb://Herzog%3DHutcherson%20Bobby%3D%3DMedium%20Swing%3DC%3D%3D1r34LbKcu7-G43TsLZxLxZLxZLsus7EZLxLZxZLxZLxZLxZLxZLZxLZus7F%7B9FZL754A-7ZL%207-A45TZL%207-4G3TZL7-A44TZL%20%2CT44A-TZL%20743TZLxLZxLZLxZLxZLsus7bALZxZLxZLxZLxZLxZF7susZLsus44TZL%20LZT55TZL%20%2CC/bB43TZ%20LA/G44TZL%20%2CA/G44G/A%2C%2CC/bBxZLxZ4Bb/Cus7F44T%7B%20bE/bDLZ%2C%23F/EZL%2CA/GZL%2CsLZxL3TZLx43TZLxLZxLLxZLsus7E%7CZLxZxLZLxZLsus7EZLxZZxLZxZLxZLZL7-AZT54A%207-A45TZL%207-G4T3ZL7-A44TZL%20%2C7-LZT44L%207-Gus7bALZxLZxZLxZLsus7bAZLZxLxZLxZLxZLxZLxLZxLZsus9F%2CC/bBZxLZxA/G44TZL%2CA/G45ZTL%20%2CC/bB43TZLZLLZT34LxZLs%20LZT54G/A%2CLZT44xLZT34Bb/C%2CLZG/A%2CLZE/F%23%2CLZDb/Eb%20%7D%20%3DJazz-Up%20Tempo%20Swing%3D200%3D2
64402a39-83db-4680-bbe0-637280b07d6b,"irealb://Home%20Alone%20Too=Staves%20The==Pop=C=0=1r34LbKcu7ZLG%207%20E-7LX7-E%7CQyXC44T{QXyF22T%7C}%20,F%207-AZyQ%7CA-C44T{ZLbA%20%23)%3C*7XC44T%7CQyXF22T%7CQ}yX%3Eper%20dnoces2yQ%7CA-F%2FD(FG%207-A%2FF%23LZ7-AZL7-E%20C{]QyFX44T%7CQyX%23F%2FD22T%20F%20}%7CD%20G%2FC%20C%3Eor%23%20%3C*6*%3C{]%20-F%3ECD%3C%20FZFL%3Eper%20dn2%20pots969outF%2FDZLE-7LZA-7%20F%3Cx5%3E%20}%7CFXyQ%7CCXyQ]%7C%20=Pop-Rock=115=1"
646cbc50-7803-4c58-b48c-160407a7ffeb,irealb://La%20Vie%20En%20Rose%3DLouiguy-Piaf%3D%3DSlow%20Swing%3DC%3D%3D1r34LbKcu7%7CQyX%2C4C%2CXy%20lcKQyX%2C6CZL%20lKcQyX%2C7%5ECZL%20lcKQLZD-74TA*%7B%2C7oA%7CQ%7C%7CD-%7CQyX%2C-DZL%20lcKQXy%2C7GZL%20lcKQyX%2C7G7XyQyX%2C7GL%20lcK-7%20G7CZL%20lcKQyX%2C7%5ECLZ%20lcKQyX%2CCB*%5B%5D%206%2CXyQD%7CQyX%7CQyX7Kcl%20LyX6FZL%20lcKQyX9C%5E%7CQyX6-F%7CQyX6FZQ%7CEboQyXFZ-D%7CQyQ%7CFh7%20lcKQyX%2C7%5ECZL%20clKQyX%2CCC*%5B%5D%207G%20LZF%2CXyX7-D7%2C%20Fh7LZN1C%20D-7LZEb-6%2C%20G9%20%7DXyQXyQ%20LZN2C%20Ab9LZCXyQZ%20%3D%3D0%3D0
649fabc0-50b5-4f30-9e7c-50160e178ea6,irealb://St%20James%20Infirmary%20-%20Modified%3DPrimrose-1928%20Joe%3D%3DMedium%20Swing%3DD-%3D%3D1r34LbKcu7%2C-DZL66ers%7CQyX-DZL%2C-G%20-DQ%7CyX-DZL%2C7A%20-D%3EeD-%20A7*%3Cv*%7BXyQ%7CD-%20A7LZD-XyQ%7D%20%3DJazz-Double%20Time%20Swing%3D245%3D10
640df082-6afc-49c6-a859-cbf641257db3,irealb://You%27re%20Getting%20To%20Be%20A%20Habit%20With%20Me%20%28DGM%29%20141=Warren%2DDublin==Medium%20Swing=F==1r34LbKcu7ZL7%2DG4n%20C7L7C%207%2DGZL7%2DA%20b%7BBQyXQyXQyXQyX%5D%20ZF%5E7%204Ti%2A%5BC%207%2DG%20F7LZ7D%207AZL7%2DG%207%5EFLZ7C%207%2DGZL7%2DA%20bBb9%20%5D%5BA%2FF1NGZL7%2D7%20AboZL7C%207%2DGZL7o%23FF%20ZL4susC%207%2DGZL7A%2D7%20D%2DAZL7%2DGl%7C%2CG7LZC%20%23G%2FEs2N%7CQyXQyQXyXQyX%7D%207C%20sus7A7%2CD7%20sus7F%3C%2CU%2Co7LZA%2C7%2DGlZL7D%2C7bE%2CsFZL7C%207%2DGZL7D%207%20C7LZbA%20%2C7ine%3EFXyQZ%20==112=1
64631deb-6523-4a53-a4bd-aaa9e1160589,irealb://Moon%20River%20%28DGM%29%20401=Henry%20Mancini%2DJohnny%20Mercer==Waltz=C==1r34LbKcu7N%5B%5DQyXyQ%7CAyX7%2DB%7CQyXC%7CQyX%7CFQyXC%7CQyXF%7CQyX%2DQ%7CE7XC43T%7B%2DDl%7C%2CQ%7CC7X%2DEs%7CQyX7B%7CQyX%2D%7CAQyX9bB%7CQyXF%7CQy7%20%20A7yX%2DA1C%7CQyX%7D%5BN2A7FZL%20x%29%23F%2F%2DA%28%20LZ%20x%29G%2F%2DA%28%20%7CQyX%2D%28F%5E7%29%209G%207%3CU%7CQyXyQ%7CCX7G%7CQyX7%2DD%7CQyXA%2D%7CQyXC%7CQyXF%7CQyXyQ%7CCXF%7CQyXFine%3ECXyQZ%20==92=1
64bbeb43-08c1-45a2-92a1-67e71ec66eb9,irealb://Brazil%20%28DGM%29%20535=Barroso%2DRussell%20Ary==Samba=Ab==1r34LbKcu76bAZL4spEbxZLxZL7bDZLxZLZxLxZL6bAlv%2A%5B%5D%2C6LZDb74Ti%2A%5BEZL7%2DxLZxLbEZL7%2DbBZL7bEZ7L%2DbBZL7FZL%2C7bGZ7LZBbZLxZL7bEZLb%2D7LZLxZLbAZL7bEZL7b%2DBZLbAZLbAZL7bEZBb%2D7BZL7bbEZLx%2AA%3C%2A6BZLxZLxZLxZLbAm%3EhtyhR%20ortnI%20%206b%2D7LZ%7B%20%20%5D%20A%2CbA%7C%5D%5BBb%2DEpsZL7%2DbBZLxZLAbZLxZL7bEZLxZL7b7b9%2C%20xZL7ZLx%5B%207%2CGb7ZL7bGZLxZLxZL7ZFL7bGZL%2C7FlB%2A%5B%2CF7LZxG%7C%2C7bGZLxZF7%2CLZC%2A%5B%205%23%2DbBZL6%2DbZBL5%23%2DbBZL%2DbBZLxDb%2D7LZL7bG%2DbBZLLZAbLZLxZL9bEZLxZL7b%2DB%5B%5D%207%2DFZLxZLxZAbLZxxZL9bZLbA%3E7LZAbrtnI%20ekiL96%2A%3C%5B%20%5D7bEZL7%2DbBZLxZLo%20RhybEZL7xLZxLZxLZxLZxLZAbLZU%3CFine%3EAb%20%7D%20==0=1
641e71b9-7f08-4f5d-87e2-0f787a1305f4,irealb://I%20Wish%20You%20Love%20(Que%20reste-t-il%20de%20nos%20amours%20%3F)%3DLeo%20Chauliac%20(Charles%20Trenet)%3D%3DMedium%20Swing%3DC%3D0%3D1r34LbKcu7%2C7obG44%3C*7L6C%20%5ECZL%20x%20ZL7%20G7-D%3E811%20mpb%20%204ZC%5E9%20Ti*%5BYelbuoXyQ%7CG%3C%2C-CsSv*%5BY%5DQyX69CZL6-F%20C%7CQyX31*74(d7-DZL%2FW%2C-C%20feelW%2CbB%2FW%2CC%2FW%2CbD%7CG%2C%2FW%2CbA%2FW%2CbB%2FW%3E)%2FAb%2C%7Cemit%20ZL%20f%20A%2CAb7%7C%2CA%2FW%2CbB%2FW%2CB%2FW-%2CCs%5B%5DQyXG%2FhDl%7C%2ClBb69%2FW%2CbB-D%3E)l7b9%2CLanigiro(%20%2047*%3C*A%7BY%5D%20%2C7Gf%209b7GZl%20feeD%20%2C6C%23C%7CQyZ%20x%20L%7CQyX7G%7CQyX7-DZ7LobG%20%5ECZL6C%20%5ECZN1C6XL7G%207%2F-G%20C%7DXyQX-F%7CQyX96FB*%5B%5D%20l%20cKQyX9C2NZL%20Qy6XyQ%7CQyX7oA*%5BY%5D7XyQ%7C%2F7Gl%7C%2CobB%2CA%2FFs7%20G%7CQyX9D%7CQyX7-DB%2Cn%20%20AZLbBL6-F%207LZ%20x7G%7CQyX7-DZLQ%2C7boG%20%5ECZL6C%20%5ECZL%20XyQ%7CCG%207-DZLC%2FbS.%20al%20f%2031GZL%20f%207-D%5BQY%5DQyX96C%3EadoC%20LZC%20A.D%20%3CZUC69%2CfXyQZ%20%3DJazz-Medium%20Swing%3D118%3D1
6470ff6c-d831-4e91-858a-f6678b7fe4dc,irealb://I%20do%3DCaillat%20Colby%3D%3DPop%3DC%3D%3D1r34LbKcu7%7C%7DQyXE%20LZAX7-B%7CQyXD%7CQyXA*A%7BZLEZLAZL%20DZL%20yQ%7CE7ZL%20A%5ByXD%7CQyQ%7CA/m%20ekam%20uoY%3CB*%7BQ%7CyX7E%7CQyXD%7CQyXEe%3EAXyX7-%23F%20ot%20.XyQ%7CEQyX%297-B%28D%7CQyXEA/%7CQyX7-%23F%7B%7DQyX7%7C%3CD.C7-B%7CQX7E%7CQyQ%7D%7C*ZLQ%20%207-%23F%7CQyX7C%23%7CQyX7E%7CQyX7-BCB-7XyX7E%3EcL7A%20A-7%20A/%7CQyXAQZL6-DZLDa%3EdoC%20%26%20B%20oT%3CZLEEXyQ%7C%23F%7CQyZD%20D-7LZA%20D%2CA%2C%7CE7XyQ%7CAXyQZ%20%3D%3D0%3D0
64043551-eb58-41ae-a7c3-d2301aed387c,irealb://I%27ll%20Be%20Your%20Baby%20Tonight%20%2D%20RP=Bob%20Dylan%20%281967%29==Swing%20Two%2DFour=F==1r34LbKcu7yXbBZ4FXyQL%20x%20ZL%20lcKQyXGLZ%20x%20ZL%20x%20ZL%20lcKZ%20x%20L4TA%2A%7B%20lcKQLZCXy%2A%5BY%7D%20%20x%20ZL%20x%20Z%20LlcKQyXFZL%20lcKQBBbXy%20lcKQL%20x%20ZQKcl%20QyXFA%2A%5BY%5D%20%20lcKyQXCZL%20lcKQyXGZLKcl%20LyXFZLyXFZLZGXyQyXCZL%20lcKQyXbBLZ%20x%20ZL%20x%20ZL%20lcKQKcl%20L%20x%20ZQKcl%20LZ%20x%20LZ%20x%20%20Z%20==160=2
647a0552-1f49-4571-84d0-df36bd14c3fb,irealb://II-V7%20Progression%20%28page88%29%3DExercise%3D%3DMedium%20Swing%3DC%3D%3D1r34LbKcu7L7bD%20-7%20F7L7bA%207-bEZL7bE7%20-bBZL7bB%207-FZLZAb-7C44T%5B%207F%207%20F%237LC%207-GZL7G%207-DZ7LD%207-AZL7E%207-BZ7LZC-7-%23CZ%5D%20%3DJazz-Medium%20Swing%3D100%3D3
640e6c5c-bcc1-4b7c-a589-49f0c6b27e13,irealb://Polkadots%20And%20Moonbeams%20%28Hugh%29%3DM:%20Jimmy%20Van%20Heusen%20W:%20Johnny%20Burke%20-%201940%3D%3DBallad%3DF%3D%3D1r34LbKcu7D%207-D4F%5E7%20%2ChEs%207-GZL7-D%20%5E7FZL7C%209-GZL7-DA7%2C%7Cl4TA*%7ByXQyX/C%20sA%2C7-G%2C7-D%2C7-As1ZNL7C%207-Gl%7C%2CbA%2C-C7%2C%7DlFZL7b-%23F%207yQ%7CN2E%207-BZL7o%23A%207%5ElAB*%5B%5D%2C7E%2ChBs%206F7LZA%5EXQyXQ7%5EFA*7%20E7L%207-GZL7D%207AZL7%20E7-BZL7o%23A%207%5EAZC7%20%5D%5B-BZL7O%20yesZG-9%20mmoT%3C%7C%2C7A%2ChEs%20-7GZL7-D%207%5EFZL7Cy%20DorL7-D%20Gl%7C%2Cb/Fran%20C/FZL7bD%207-Dl0%3E491%20%2CartaniS%20ksA-%2CAw%20hcr-7%20C7LZF6%20sG-7%2CC7%2CZ%20%3DJazz-Medium%20Swing%3D100%3D3
6434ada2-35a7-43da-a39b-e0ae9a7d523c,irealb://It's%20Over%3DAuldridge%20Mike%3D%3DBallad%3DE%3D4%3D1r34LbKcu7B1N%7CQXyQ%7CEyX7B%7CQyXE%7CQyXAQ%7CyX7E%7CQyX*7jam*Q%7CEXyE44T%7BF%7CQyXyQLZXE%7CQyXB%7CQyXAB*%7CyQX7E2NZLQyXZLQyXyQ%7CEX%7DQyXB%7CQyXF%23XyQA%7CQyXE%7CQyXE%7CQyEXA*%7CQyX7B%7CQyXB%7CXyQ%7CE%7CQyX%23XyQ%7CEXyQ%7C%20%20x%20Z%20%3DJazz-Ballad%20Swing%3D90%3D4
64fc345f-2c61-420c-a1bf-9a5a476e368c,"irealb://Jim=C%2EPetrillo,%20M%2E%20Samuels,%20N%2E%20Shawn==Medium%20Swing=Db==1r34LbKcu7N%7CQyX%5E7XyQyX7%2DbE%7CQyX7oE%7CyQX7%2DF%7CQyX7%5E%2DbG%7CQ%7CAb7bGA%2A[%207hCBXyQ%7CAXx%7CQyX7%5EbD2NZLQ%20yXQyX}%207bD%207%2DbyQ][%2A7%5EbD1%7CQyX7ZBb%2D77bE%207%2DbB%7CQyX7%2DBbZL9b7F%207hC%7CQyXLZAb%5EL9b7F7oE%7CQEb7LZ%7CQyX7%5E%2DbG%7CQyX7b%5EGA%2A[]%207bD%207%2DbAF%2D7Xy%207%2DbBXyQ%7CEb%2D7XyQ%7CAb7XyQ%7CDb%5E7XyQ%7CxXyQZ%20==0=0"
64b9461b-3064-445f-8020-198d51b0f09f,irealb://Jimmy%3DMoriarty%3D%3DOriginal%20key%20%20Bbm%3DA-%3D%3D1r34LbKcu7GZL%2CC4A-LZolos%20acinomraH%20%2066*%3C%7B%20FZLGZL%2CC%3EA-LZ4Ti*%5BL%2C-A%3E182x%3Eaelp%20uoy%20t'now%2C%20ymmiJ66*%3CA*%7B%7D%20se...*%3CFZLE%7B%20GZG%2CLZFA%3Eolos%20acinomrHa66*%3C%7D%20%3Ex312*%3C%2C-LZCLZL%2CCZL%2C-A%3E4x%3E%20%7DJ%20%2Colaffub%20s'eerht%20%2CwoN66*%3CA*%7Bim...51*%3C7-A%3EolG%2CLZFinomraH%20%2B%20ratiGu66*%3C%7D%20%3Ex312*%3C%2Cca%20soZL%2CCZ-A%3E..G%20%7BE7affub%20eht%20dnA%2066*%3CB*%7B%7D%20%3Ex221*%3Cloes.ZLCZLL-A%3EoGLZA-cinomraH%2B%20ratiGu66*%3C%7B%7D%20%3Ex412*%3Ca%20solZLFZLaw%20a%20LZA-%3Cattog%20uoy%20%2CyeH6%206*%3CA*%7B%7D%20%3Ex481*%20haveGZLFZ%20acin%3EA-%2CLQyXQyX66*%3C%7D%20%3Ex142*%3C%2CFZL%2CGZL%2CCZHarmo...hseolafA-LZCht%20dnA%2066*%3CB*%7B%20%7D%3Ex251*%3C7E%7B%20GZLe%20buf%3Eolos...reA-LZFr%20uoy%20fI%2066*%3C%7B%20%7D%3Ex481*%3C-AZLGZLememb%3E...s%3EA-LZFLZGLZA-%3C*184x%3E%20%7D%20%3DPop-Country%3D120%3D1
64e60ce8-bda7-4774-9447-7ff07c645e41,irealb://Just%20friends%20M%3DLewis%20Morgan%3D%3DMedium%20Swing%3DG%3D7%3D1r34LbKcu7QyX7o4C%5E7XlcKQyX7%5EG%7CQyX7%7CFQyX7-CZL%20lcKQy%20LZBb4TA*%5BAZL%20l%5D%5B*BA7A%7CQyX7-EZL7B%20h7%23F%7CQyX7D%7CQyX7-XyQKc%20%20lcKcKQyX%7CD7%20DyX7F%7CQyX7-CZL%20clKQyX7%5ECA*%5B%5D%207bQ%7CG%5E7QyX7-A%7CQyXbo7Xy7B%207h%23F%7CQyX7D%7CyQX7-AB*%5B%5D%20%20lcKQLZE-7BZL%20l7XyQ%7CA-7%2C%20D7LZG6XyQ%7CD-7%20G7%20%5D%20%3DJazz-Medium%20Swing%3D160%3D10
64513a18-4006-434b-84d0-44dd3d4b806b,irealb://Know%20where%20you%20are%3DWheeler%20Kenny%3D%3DMedium%20Swing%3DC%3D%3D1r34LbKcu711-CZ4A-7bGZL5b7-DZLxZL1%2317%5EbEZLtla7DZL57altL3TA*%5Bb7-%23FA-11L7%5EFZL9%5ECZL9b31ZGLG/9-DZLtla7DZ%2311LZZLxZL-EZL%2CaltLZbAZLbE/9-bBZL9D%5EZLtla7AZL5b7-E%5E7%23117BZL5b7-EZD%5E9LZ1%237%5EFZLtla7EZLb57-BB*%7C%5D%2011%237%5EG1LZxLZLA/9%239%5EDZaltLZAZLA/9-EZLtla7ZEL11-BZLxZL11-D13b9L7AZL5bB%7CQy%5E7%2311B%7CQyX5b7-%23F%7C%5D%20lta7%23CZL5b7-%23GZL7altXGZL11%5EbAZLyQ%7CE-QyX%7CQyX11-D%7CQy1X1%237%5EbE%7CQyXA/11r%7CXyQXtla77%2311XyQ%7CG-11XyQ%7CXyQr%7CXyQ%20Z%20%3D%3D0%3D0
642a01ea-3c1c-45e6-880b-883fb95ea148,irealb://Kum%20Ba%20Yah%20%20%28waltz%29%3DSpiritual%20Traditional%3D%3DMedium%20Swing%3DD%3D0%3D1r34LbKcu7-Es%20D4D%20sEZL%20%2CAl%7C%297G%287-E%20s%2CDZL%20Dl%7C%297G%287-XyQLZ3TA*%5B7%28G7%29%7ClD%2C%20sE-%28G7%29%7ClD%20sA7%2C%7ClD%20%20Z%20%3DJazz-Slow%20Swing%3D55%3D3
6457ae97-60bd-4e49-afae-a556633dcda2,irealb://Nada%20Es%20Imposible%3DPlanetshakers%3D%3DWorship%3DC%3D0%3D1r34LbKcu7-A%7CQy4%3C*69%7CQyXG%7CQyX%2CG%7CQyCX%7CQyX%2CC%3Esurohc%20A-7%2CX4TB*%7BD%7CQyXFXyQ%7CXF%3Eortni%20%2F%20hC%20rep%2096*%3Ci*%7B%7DQyXFyQ%7CC%2C%7CQyX7QyXF%7CQ%7CF%2CX%7CQyX%2C7-D%7CQyXC%3Eserev%2096*%3CA*%5B%7DQyF%2CXyQyX%2C7-QyXF%7CXyQ%7CG%7CQyX%2CG%7CQyX%2C7-AQ%7CyXF%7CQyX%2CF%7CQyX%2CF%2CXyQ%2C7-A%7C%7CQyX%2CXyQ%7CGirb%2096*%3CC*%5B%5DQy%2CXF%7CQyX%2C7-D%7CQyX%2Cdge%3EF%2C7-A%7CC%2CXyQ%7CD-7%2CXyQ%7CF%2CXyQ%5D%20%3DJazz-Medium%20Swing%3D100%3D3
64ab3ec0-5790-4aa2-856d-d312fc3d59c5,irealb://La%20Bondad%20De%20DIOS=Shara%C3%A9%20Ileia==Slow%20rock=G==1r34LbKcu7G44T%7C4GXyQ2T%7CQyXGA%2A%5B%5DQyX%2FGC%7CQyXG%7CQyXG%2FC%7C4CXyQ4Ti%2A%5B%7BQyXGF%23%2C%7CEZL%2DE%2C%23F%2FD%2CGZLC%2D%20EZLD%20susDZLC%20%2DC%20DLZ%2FD%20%20%2C36%2A%3C1Q%7CG%20D%2C%23F%2FD%2CG%7CQyXC%7C%2CB%2D%2CD%20G%7CQyXC%7C%2C%2DB%2CE%2DLZNyXCB%2AC%2A%7B%7DQQ%20%20ToB%20oT%20%2066%2A%3CGZLDC%202N%7C%7D%20D%20C%3EC%2CnI%20%2CC%3EXyyXQyXT75%2A%3CC%2CLZN%2066%2A%3C0N42T%7C%7D%20%29E%2D%28G%20%3Ear3%2066%2A%3CD34%2E%3ED%20%20%2CB%2FG%20%2DE%7C%2C%20Q%20%7D%7BD%20C%7C%2CC%2C%2DB%20G%7C%2CG%23%2CF%2FD%20C%7C%2CC%2C%2DB%20GQ%2FF%23%2CG%3EnI%20oB%2D%2CA%2D%2C%7CA%2D%20D%2FF%23%2CG%2C%7CG%20B%2D%2CC%2C%7CC%20D%2FF%23%2CG%2C%7CGXyQZ%20==0=0
649d1216-df16-45d3-a4fa-e79dbf859b77,irealb://La%20Memoire%20D%27Abraham=Dion%20Celine==Pop%20Ballad=Ab==1r34LbKcu7L7%2DbBAb%20Bb%7B%5DQyXsusbDZLbE%2D%20FZLbD%205%23%2DCZL7%2D%2AAAb%20%2Ci%2A%2C%5BQyXbA%20AbLZbDZL%2DC%20%2DFZLbE%20Db%7CQyXbEZL7%2DF%20bD%20EbLZC%2FbAZbAZLb%2DXyQ%7C%2CC%2ChG%20bAZL7bE%20b%2DB%7CQyX%2DbA%7CQyX%2DC%7CF%2D%20DFB%2A%5B%7DyX%3E%29xGbXyQ%2C%29x1%28%20A84%2A%3CQyXyQXQyXQyX%5DQyXbD%7C%20B%20%281ZLbE%20bE%20suyQXyQ%2DF%20bDZLbA%205%23%2DCLZ%2DbB%20bAA%2AQ%5B%20QyXLZEbsXQyXQ%2CAb%2C%7CBb%2D%20EbLZF%2D%20C%2DLZDb%20EbLZGbXyQ%7CDbXyQ%7CAbXyQZ%20==60=0
64dc4828-2ce7-48e4-bfc6-a6de648b148c,irealb://Lady%20is%20a%20Tramp%2C%20The%3DRodgers%20Richard%3D%3DMedium%20Swing%3DC%3D10%3D1r34LbKcu77-D%7CQ4C%5E7X%7CQyX7%5EC%7CQyX7G%7CyQX7-D%7CQyX7bE%7CQyEb7Xy4T%7BA*%207-EZ7XyQ%7Csus7bB%7CQyX7%5EFZ7LC%207-G%7CQyXsus7C%20Bb7LG%7CQyX%20%20lcK-7%20G72NZL%20QyXQyX%7D%207%20G7-DZL7A%206C1NZLC6XyQDZL7AL7A%207-7XyQX7G%7CQyX7-D%7CQyXA7%7CQyX7-E%7CQyX7G%7CyQ%7CE-D%5BB*%5D%7CQyX7G7%20%5D*b7E%207hB%7CQyX7-DQ%7CyX7bE%7CQyX7%5EC%5BC9LZA-%207-DZD-7%20G7LZC6XyQKcl%20%20Z%3DJazz-Medium%20Swing%3D100%3D2
64e47822-dead-4871-8ec8-8d468e736313,irealb://Le%20Blues%20Du%20Blanc%20-CM-3%3DPapadiamandis%20Pierre%3D%3DBallad%3DG%3D%3D1r34LbKcu7F%2011F7%20Bb7-AA*%7B%20%20QyXQyX%5Blta7E%2C7bA%207-AsZL9XyQ%7C-Bi*%5B-AZL77XyQ%7CB1NZL9b7D%20D%2F7%5E%7CCQyX7-AZL7E%20E%2FD-7%20Bb-BZL9-AsZL%20%7DXyQ1-BB*%5B%5DQyXG%7C%2C7%2CF7-Cs%20G2NZL%20QyX1%20Bb77bA%207%2FC%209%5E7%2FD%2CD7D%2CD%2F7%5EC%2011-AZsLus7bB%207-B%7C%2C9b7b9%2C%7CG%5EC%2011%7CQyX79%20C%2FGF%2011F%7CQyX9-ASA%5B*%20%20QyXQyX%5D9b7E%2C9LZB-%5EGZLGBB*%5B%5D7LZA-%2C7F%2C7-Cs%20G%7C%5D%20Q9%2Cb7D%20D%2F7%5EC%7CQyX7%7CGXyQE%20E%2FD%2CD%2F7%5Eb7LZsAZLsus7bB%207-B%7C9%2Cb7D%2CD%2F7%5EC%2011-A-11%20CB%2011-yXQyX%7CG%5E9%20%3EadoC%20la%20.S.D2*7%3C%2CG%2FC%209%5EGZLG%2FCE7b9%5D%2C9b7DF%2C7-CG%5E9%20C%2C7F%2C7-C%209%5EG%7C%2C7%2CF7-C%209%5EG%7C%2C7F%2C7-%7CG%5E9%20Q%5B%20%20Q7%2C%7CUG%5E9XyQZ%20%3D%3D61%3D1
6437668f-394d-4f27-a434-931d83d46a5c,irealb://Live%20And%20Let%20Die%3DMcCartney%20Paul%3D%3DPop%20Rock%3DG%3D7%3D1r34LbKcu7ZL6CZ44%3C*7L%3E)leef%20emit%20%C2%BD%3C(**G%3E611%20mpb%20%204ZB-7LTA*%5BYAZL6C7b9%2C%7CZL**Gl%7C%2C9b7D%2C7sDZL6CZL%2C7-BZLGlB-7LZD%2C7Dsppp%7C%2C*LZxL%2C7oGl%7Cpppp%7C%2CG%2FsC%20%20G%5B%5D%20xZL5%23-DZ%20%20sG7*DZL7kcor%20%20sC%2FG44TB*%7BY%20QyX%5D%20Q7%20oGl43T%20%7Cpppp%7C%2C%3C*74%20%20Gl%7Cp%20GZL%5Eter%20-%2FAZLG%2FE%7D%20xZLxZxLZL5G%3E)451%20mpb%20GLZG-saf(%20bB(%20%3E%3C*69Xs%20enot%20elohwQyQXyX17*%3C-G%3E(%20%20Qycale)C*%7BY%5D45*%3C%2Cx%20%20%7D%20p%3E%E2%99%A9%20QyXQyX.%E2%99%A9%20QXyQyX.%E2%99%A9%2027*%3CZL%20xpsA%2FG%20ZL%20)pp%2CG%2FBb%2FG%2CX45*%3Cp%3E%2F%20QyX%2F%20yQX.%E2%99%A9%20QyX%E2%99%AA%2017*%3C%7CyQ%EF%B8%B6%3EC%3E%EF%B8%B6QyX17*%3C%7C%20%E1%8A%95XyQs%20%2CG%2FAl%3E%EF%B8%B6%20%2045*n%3C%3E.%E2%99%A9%20QyX%E2%99%AA%20QyX%E2%99%A9%20Bb%2FG%2C17*%3C%7C%3CD*%5BYQ%20%E2%99%AAXyZLG%2F-D%20%3E%EF%B8%B6QyX45%3C*%2CG%2FCl%3E%2F%20QyX%2F%20Qpppp%5DyX.%E2%99%A9%20%3C%20-EZ(reggQyX7DZL%20lcKQyXZGL%20lcKQyXCl%3E)eaKcl%20L%20%2047*%20%2027*QXyQX%20x%20ZL%20x%20l%7Cpppp%2C%7CFs%3E%E2%99%A9%2017*%3C%20%3E%EF%B8%B6Qy%20%7B*B%3CyX15*47*%3C5)%3EG5LB*%7BYY%7D%20xZLx%3EadCo%20la%20.C.D%20%3CZLxZQT44Gkcor(%2047*%3C%20(fasxZLxZLx%7D%20%3Ex336%3C*xZLxZLxZL%3E)retLZT24kcor%20%E0%B8%AF%20%E2%99%A9%20%20%E2%99%AA%3Ex%3C*57XyQ%EF%B8%B6%3E%20%5D%5BUfEb-%2C%20Z%20%3DPop-Rock%3D116%3D1
64091553-f10e-4b4d-b596-e2882c2241d9,irealb://M%C3%A1s%20Y%20M%C3%A1s%201%3DIsrael%20Houghton%2C%20Jes%C3%BAs%20Es%20El%20Centro%3D%3DBallad%3DG%3D2%3D1r34LbKcu7roP%2094C%2C*A%7BQyXD2N%7C%7DQyX-AN1%7CQyXD%7CQyXG%7CQyX*B%3C*64Ti*%7BG%7CQyXbueno%23F%2FD%7CZLG%207-A%7CQXyB%2FG%7CQyXC%3E%20....XyQ%7CC%20euq%20QyXF%2F7LZA-F%2FD2N%7D%20%20%3EnI%20oT63*%3C%20%23F%2FD1NZLG%207XyQ%7CD-E%20B%2FlliT0Solo%20m*A%7CQyX5D%7CQyX5%7CGQyX5C%3EarratiuG5*%3C*627*%3C%7B%5EC%7CQyXyQ%7D%7B%20....it%20ed%20s%C3%A1ms%20omereuQ%2096*%3CC*%3EC%5E7X%3EeuC%202N43TG%2FBXy%7CQyXG%7CQyX7%5EC%7CQXy7%5EC1N%7CQyXB%2FG%7CQDXyQ%7D%7CQyX7C%5E7XyQ%7CE5XyQ%7CG5XyQ%7CT44C%5E7XyQ%7CGXyQ%7CD%20%3C*69%20%20To%20C%3E%20%20%7D%20%3DJazz-Ballad%20Swing%3D60%3D3
641d49c9-06d6-4930-95f9-0983dddb135f,irealb://Major%20ii-V-I%20Guitar%20Comping%20Exercise%20%231%3DMcMillan%3D%3DMedium%20Swing%3DC%3D%3D1r34LbKcu7QyXQy*m7*XyXQyX%7D%20%20lcKQyX7*jam*C%7CQyX7G%7CQyQXyQXD44T%7B%7B%20QyXD*m9*XQyXQyX%7D%20%20lcKQXy96C%7CQyX31G%7CQyXyQXyQ44T%7B%20QyXQym7*%20DQyX6C%7CQyX*7jamC*ZL7G%2031GZL*9m*%7DXyQX*D44TQyX6CQ%20%7BT4%20*7jam*CZL7G%203G1ZL*9m*D%20*7m*D4C69LZyXQyX%7D%20%3DJazz-Medium%20Swing%3D120%3D3
64baffd2-c44e-4dba-aaf3-73ef9370d85e,irealb://Pais%20Tropical%20Giulio%3DComposer%20Unknown%3D%3DBossa%20Nova%3DC%3D%3D1r34LbKcu7*%5B%20%20Q4G%20E-%5D%20D%20CZL-E%20GA*%5B%20%20QyXQyX%7C%5D%20D%20CZLXyQXy4Ti*%5BQyXx%7C%7CxXyQQyXx%7CQyXG%7CQyXxQ%7CyXC%7CQyXx%7CQyXG%7C%7CCXyQQyXCB%7CDXyQ%7CxXyQ%5D%20%3DJazz-Bossa%20Nova%3D140%3D3
645c7abb-2475-4e4d-9539-e9c104831274,irealb://Minha%3DHime%20Francis%3D%3DBallad%3DE-%3D%3D1r34LbKcu7X9%5ECZ-9%20E--D%7CQyX9-EZL7B%20%23hFZL7%23F%20h%23CZLD/9%20G7LE44T%5BLD/-Eh%20B7LL7o%23D%207-AZL7%23Fh%20%23C%7CZLD/-E%209-EZZE-9%20%23F%7CQyL7B%207F%237LZ%5EC%207%5EGZL7D%20%297-%28A7AZL7El%2C7B%2C-Bs9LZF%23%20h%23CZ%20h%23FZD7LZGh%23C%7CZLD/-E%209-ELZ7B%207%23FZL9%5EC%207%5E%20F%237L%207-AZB7LZE-9XyQKcl%20%20Z%20%3DJazz-Ballad%20Swing%3D60%3D3
64902339-4a81-42f3-a415-f97c3657f068,irealb://Minority%3DGryce%20Gigi%3D%3DUp%20Tempo%20Swing%3DF-%3D8%3D1r34LbKcu7%7CQyX%3E44%3C*7X75*%3CC%2F-F%3E%2F%20Qy%2FX%20QyX%E2%99%AA%20%E0%B8%AFQyX%E2%99%A9%20%204yQ%20%20%EF%B8%B6Ti*%7BYL%20x%20Z(simiL%20x%3E842%20mpb47*%20%3CZL%20x%20ZL%20x%20%3E).lZ%20x%20L%2047*%3C%E2%86%92daehZ%20x%20%206-F%7CQyX%5E-F%3E)%224%20%22ni(%20%2027*%3CA*%5BY%7D%20%3C*69L%20x%20ZX6-F%7C-7(G-FZL)9b7C(%20%20)7-(G9b7CZL)9C(%20%20)7-%5EXyQGZL%20%3Eb7bE%7C7(C-7bBZL)9b7F(%20%20)7C-(9b7FZL)9F(%20%20)-7XyQ-C%7CQyQ%20%209bAb-7XX7-G%7CQyX9B%7CQyX-7%23F%7CQyX9b7bD%7CQyyQ%7CC7%7CQyX9ZL%20x%20QF-%2FCZL%20x%20ZL%20x%20ZL%20lKcQyX%3Eortuo%2047*%3C%20x%20LZ%7BYY%5D%20N1%20x%20LZ%20x%20%20%7DXyQXyQ%20LZUN2F-%20f%20%20Z%20%3DJazz-Up%20Tempo%20Swing%3D248%3D3
6499507e-db48-45a6-8343-db0ce95da6b4,irealb://Mister%20Walker%3DMontgomery%20Wes%3D%3DMedium%20Swing%3DF-%3D%3D1r34LbKcu7%237CZL44F-7(%20%20)7-bB(7hG%7CQXy7%5EbD%7CQyX)31bB(D7%239)TA*%7BYQyXQy)XyQ%7C%209%237C%207-F1NZL%20%20xZL%20x%20ZL7bB%207-F%7DXyQX7bD(9%20ZL%20x2F-7X%20ZL%20x%20ZL%20x%20ZL%20clKQyX31bBB*%5B%5DQyx%20LZ%20N%7CQyXx%20%3CD.C.%20al%201st%20End.%3ELZC7altXyQ%5D%20%3DJazz-Medium%20Up%20Swing%3D144%3D3
64f10814-ff7d-4287-86d8-ecbfdd9fefd6,irealb://My%20Foolish%20Heart%20%20%201%3DYoung%20Victor%3D%3DBallad%3DBb%3D%3D1r34LbKcu7b7A%2014sBb%5EyX7-CZL7G%207-DZ)L11%2331bE(7%5EbE%207Q%7CE-14TA*%5B%5B%5D%20su7%20D7%231%2331bG%7CQyX7-CZ)L7bD(7bD%207-GZL91%20F7s-DZL97C%207-yQ%7CF--G%207-GZL9b7D%207Ah%7CQyX6bEZL7bB%207%5E7LZGX7%5EbB-DZL)%20G7LZbE(7%5EbE%207%5EbBB*%5D%5B%2C7F%2C7-C%2C7G%2C7-D13%23117%5EFZL7-CZLZC-7XbD%207-GZL9b7D%207D-ZL9b7A%2011-E%7CQy13%2311L7G%207bAZL7BbLZA%5EbBZL7bA%207-bE%7CyQX7-G%5B%5D%209b7D%207h7%20Eb%5E%2F7-C%20sus7FZC-7%20L7G%2096bB%7C%2C7F%2Cssu7F%207-CZL5%239%237GZC-7%20L7G%207%20Z%20%3D%3D0%3D0
64400ebf-4444-481e-b5e5-831ad9750263,irealb://My%20One%20And%20Only%20Love%20(Sting)%3D(Sting)%20Wood-Mellin%3D%3DBallad%3DF%3D5%3D1r34LbKcu7%2C%5EF%3Ek44%3C*7%2C11%2331%5EFs%3E)yln%20oonp(%20tuo%20sb%20%204%3CbreaTi*%5BYyX%3E36-11Xy%2047*%3CF%2F11-bBl%7Cp%2Cp%2C6F%2C11%2331Fs%7CQ%20bpm%20Fl%7Cpp%20A%2F%5EFA%3C*7431C%2C9Cs%209-GZL9D-%209%5EF%3Eni%20dnab%20%20b9%2C%7Cl*%7BY%5DQ11-G%7CC9%20sAl%7C%2C%23C%2F9%237A%2C31C%20s9-Gl1N%7C%2C7-D%2C7-D-XyQZL%5EbB%2C%23C%2F9%2CW%2FBb%2FWs%209-Gl2N%7C%7D%2C7%2CC7-G%2C7-D%2C7-As%7C%2CC%2CA7bC%2FWs%20-AlSB%20D-6L5%239b7E%2CB%2F2Gs%20F%7Cl%2C7C%2CC%2FWs%2011-GZ%2C%5DY%5B*7-Dl%7C.d%20no%20on%20dQyX%7CrQyXZL9b7Eh%20B%7CQyX%3Eolos%20%3As.LZ%3C%20(47*%3C95%239%237c%20in)9-AZL%3E%E2%86%92.s.d%20no%20%2096*%3C9%5E-A%2011-A%3E%20D9(Dov%20%3As%2F2Gl%7C7%20D7%237-D%2CE%2F2C%2CFsA*%5B%5DY%207C%20%2C11-GZL5%239%2CW%2FC%2C-GZL)31Cs%207LZlF%2C%23F%2F9DQ%2Csus9Ds3%201dda7CZL%5EbB%20A%2F%7ClG-7obB%20BBs%20F%3E%2FC%23%2C%7Cla%20.S.D%20%3CZL%2C31%20C11-GZL%2C9G%207-Dl%20Coda9%237A%2CZLC%2FW%5DYY%7CQZL31G%207-Dl%7C%2C%23C9%2Fb7A%2C31Cs%2011-GlG-11%20%2C7E%2ChyXf%2C9%20D7%239%7C%2CC%2F%5EobAf%2Csus9sC%20%3E.tir%3C11-GYZLUlF-%5EbE%2FhAQZ%20%3DJazz-Ballad%20Swing%3D63%3D1
64c47ade-8f53-43f8-a168-6c82939ad7e5,irealb://NG:%20O%20Bless%20Me%20Lord%3DNG%3D%3DRock%20Pop%3DD-%3D%3D1r34LbKcu7%7B*AD*m*%20%20%7DXyQXyQXyQXyQ%20%7B*BD*m*%20E*dim*%20%20%7D%20%3D%3D0%3D0
64c046d0-5e57-4cbf-a602-0179c4847db2,irealb://Country%20Z1%3DComposer%20Unknown%3D%3DMedium%20Swing%3DC%3D%3D1r34LbKcu7%7D%20%20n%2C4GXyQF%20C%7CQyXG%7CQyXFZ%20Ln%2CC%7CQyXC%7CQyXG%7C%2CG%2C%7CC4TA*%7B%20%20n%2CCyQ%7CGX%20C%7CQyXG%7CQyXFZLn%20%2CC%7CQyXsus7C%7CQyF%2CG%2C%7CXFB*%5B%5D%20%3DPop-Country%3D59%3D2
64f44825-3878-4633-847c-8893cf15e915,irealb://Never%20My%20Love%3DAssociation%20The%3D%3DFolk%20Pop%3DEb%3D3%3D1r34LbKcu7bD%7CQy%3CXyQXyXbE%7C%2CbA%20%20bEi*Q%20yX%3E17L%20543%20%20QyQ%7CBbX44T%2C%5BQyX7%5Eb%2CW/CXbE%7CQyX-CC*%7CQybXEl%7C%2CD/Ws%2CbD/W%2CyQ%7CAbA%7CQyXyX-G%7CQ%5B*BGbA%7CQyX7%5EbAZLbEb%20BZLF%20-CZLG%20sus%5E7XyQyXbE%7CEl%7C%2CD%20%5B*v%3CD/W%2CC/W%2CbA%7CQyXDb%7CQyXbB%7CQyXbE%3E%20b%2CsW/%20lcKQBZLF%20*CC-X%20susGB*%5BQyXbE%7CyQX7%5EbA%7CQyXbE%7CQyGLZC-%7CQyXbyXbE%3EZAb%5E7%20%20lcKQyX7%5EbA%7CQXy-G%7CQyX7%5EbA%7CQyX%5B*v%3C%20LbE%20bXbE%7CQyQ%7CDb*%7CQyXbEl%7C%2CD/Wsb%2CD/W%2CC/W%2CbA%7CQyXCC-XyXbB%7CQyQ%7CAb%5E7XyQ%7CEb%20%20%2CU%2C%20%5D%20%3DPop-Slow%20Rock%3D83%3D1
64a12388-7662-46f3-8dcd-d577b3a55cfd,irealb://Night%20Dreamer%3DShorter%20Wayne%3D%3DJazz%20Waltz%3DG%3D7%3D1r34LbKcu7xZLxZ34%3C*77DZLfxZL9-GZLfZxL9-E%3Eyleerf%20%204%239%235LTi*%5BY5%239%237%5DY%7B%3C*EZL9-F%20%5EG%3E)821m%20pb(%20opmet%20a%2047b%5E9%20D%20fxZLyXZLQr%7CXyQyXZL5%239%237D%209%5EbZEL9-F%20%5EGSA*%7BY%7D%20Qr%7CXyQyXZLyXsusQLZEblcKQyXsus9EB*%5BQ%5DyX9b31bA%7CQyX9-%20LZF9yX%7CrQ%3CA*%7BYLZG%5E%20r%202N%7D%20%20%7Cr%201NZL%2359%237D%207%5EbEZL9-F%7C%20Q%20%5D%20lcKQ%7CrQyXsolos%7CrQyXZL5%239%237D%20b7EZLF%2F31bB%2031G%3EXyQLZ%20%2027*%20lcKQEb-9X9E%3Esolos%20%2047*%3C*B%5B%5DQyX9b31bA%7CQysusXyZLQyXS.D%20%3CusXyQZL5%239%237D%207bEZL%2FF31bB%2031GZL%20lcKXyQr%7Cs9FZLbEZLFCoda%3E%20%3Eortuo27*%3C%2C31QG%7BY%7D%20%3Ex436*%3CQyXBb13%2F%20la%20.7%20D7%239%235LZXyQr%7C%3CXyQ%20%20vamp%20out%3EXyQ%3C*638x%3E%20%7D%20%3DJazz-Medium%20Swing%3D128%3D1
64df3e49-be26-432e-9cac-3fcf05de2fbd,irealb://No%20Me%20Presentar%C3%A9%20Con%20Manos%20Vacias%3DGonzalez%20Ren%C3%A9%3D%3DPop%3DA%3D%3D1r34LbKcu7%7CQyXE4A%20ELA*%7BQyXD2N%7D%20%2CE%3EX3%20%20QyX45*%3C%20D1NZAXyQ%7C4Ti*%7BXA%7CQyQ%7CEXyXD%7CQyXE%7CQyXAB*%2C%7BE%2CD%20AZLE%20D2N%7DQyQ%7CEXyXD1N%7D%20E%3EAyQ%7CD%2096*%3C%20D%7D%2CE/A%2C%23FA/%2C%23G/A%2CA%2CQ%2C%7BZLE%20%20To%20XE%7CQyAXyQZ%20%3DPop-Rock%3D115%3D1
64c7c4a9-4d43-47a5-92e2-a95c5adbc122,"irealb://Ogden%20Avenue=FISHMAN%20Greg==Medium%20Swing=F==1r34LbKcu7x%7CQyX4F%5E7XyX7C%7CQyX7%2DG%7CQyxX%7CQyX7G%7CQyXx%7CQyQ%7CF%5E74TA%2A{%7CQyX7%2ABF%5E7X7C%7CQyX7%2DG%7CQyX%7CxQyX7G%7CQyXx%7CQyXyQ%7CF%5E[%7CQyXG%20%2A4s7LZ[%2A%7CQyX7G%7CQyXx%7CQyxX%7CQyXx%7CQyX7%5E%23ACG%2A7suF%207%2DCQyX7%2D7XyQ%7Cx%7CQyX7G%7CQyXx%7CQXy7%5EFD%2A%7C%7CQyX9b7CXyQ%7CG%2DGZL7%7CC7XyQ%7CN1F%5E7XyQ%7CG%2D7%20C7,%20}N2F69XyQ%7CxXyQ]%20==126=1"
6402ad96-a147-4a15-8985-04c082c851ee,irealb://One%20Note%20Samba%20%20GGB%3DJobim%20Antonio-Carlos%3D%3DBossa%20Nova%3DBb%3D%3D1r34LbKcu7%7CQyX74D-7XX7-D%7CQyX11%237B%7CyQX7-C%7CQyX7bD%7CQyyQ%7CDb4TA*%7BX7-D%7CQ%7CB7%23AZLQ%20%207%5EbE%7CQyXb7B%7CQyX7-F%7CQyX11b7XyQyX7-C7%5EbD%7C7XyQ%7CA%7CQyX7-bEB*%5B%5DQXy6bBZL11%237B%207-Cb7XyQbD%7CQyQyXQyl%20LZD%237B%205b7-C%7CQyX7B%5E%7CQyX7bG%7CQyX7-b11%20%7DXcKQyXXyQXyQ%7CQAb7XyQ%7CDb6XyQ%7CC7XyQ%7CB%5E7XyQ%7CBb6XyQZ%20%3DJazz-Bossa%20Nova%3D140%3D3
64d56b50-380c-470a-86ec-a8c49690abda,irealb://P%2030%20Blue%20Mood=Traditional==Old%2DTime=C==1r34LbKcu7%5BT44CXyQ%7CF%2CXyQ%7CGXyQ%7CCXyQ%7CCXyQ%7CF%2CXyQKcl%20LZC%20%20%3C8x%3E%20%7D%20=Pop%2DCountry=65=3
64e8a956-779c-4782-877f-473528538baa,irealb://Pais%20Tropical%3DJorge%20Ben%20Jor%20(Sergio%20Mendes)%3D%3DR'n'B%3DF%3D5%3D1r34LbKcu77-A%20F*74%20%20%20QyX%7CrQyXZLC%20bZBL7-A%20F%3E221%20mpb%5DY%7B*A%3Ci*%5BYbBZL7CLZF%20LC%20bBZLC%2FF%20-Dl%2C%7C%23C%2CCs%20bBZL%2C7-AZF%20A-%20bBZLC%2FF%20-33x%3E%20C%2CCs%20bBZL%2C7-A%20ZFLC%20bBZL7-A%20F%5B%7D%23%2C%7ClD6*%3CC%20%7D%20%20lcCLZF7%237FZL%20lcKQyX7bBB*%7BY%5D%20%20lcKQyX9%239XyQK%20bBZLZLQyXyQKclZLC%20bBZL7-A%20FA%7B*Y%5D%20%20np%7CQyXCZL%20XyQr%7CX7bB%7C%20FZLCF%2FCLZC%2F31F%20-D2N%7C%7D%20Cb%20BZL7-A%20FZLC%20bBLZBb%20%20-D1NX%3C%7CrQ%2CBb%2C%7C%20bBZLA%2F7F%20F%3Eoruto%2047*%3C%7BY%5DQyXClCLZXyA%2F7FsyQ%20%20vamp%20out%3EXyQ%3C*635x%3E%20%7D%20%3DJazz-Blue%20Note%3D122%3D1
648de4b6-7d71-40d9-98ca-55940a0165d0,irealb://Ro%20Ro%20Rolling%20Along%3DMencher%20Murray%3D%3DMedium%20Swing%3DC%3D%3D1r34LbKcu77G%207D4C6Xy-A%7CQyX7%5EC%7CQyX6F-%7CQyX6F%7CQyX7E%7CQ7XyQ%7C4Ti*%5BX6CZLyQZ%7BCD1N%7CQyXG%2F6C%7CQy6XF%7CQyX7-E%7CQyX7%5E-7%20G7X6CZLyX6CAXyQ%7CGX7G%7CQyX7D%7CQyX7ZGL7D%206G2N%7C%7DQyX7yQ%5D%7B*7D%7CQyX%7DQyXyQ%7CF6X7D1N%7CQyX7-A%7CQXy7%5EC%7CQyX6-F%7CQyXyQ%7CG7X7E%7CQL5%239%23%20LZN2E%7CQyX7C%7CQyX7-E*B%5B%5DQyX6CZL7G%207D-7%20B7QyXQy%7CQyX6E-7%2FDQyX7G%7CQyX7D%7CQy6XGZL7-C%20D%2F6GZL%23%5D%5B*AC%207-EZE7XyQ%7CF6XyQ%7CF-6XyQ%7CC%5E7XyQ%7CA-7XyQ%7CD7%20G7LZUC6XyQZ%20%3DJazz-Medium%20Swing%3D130%3D3
648c80cc-7900-43ba-8f81-6628aa4ec8f2,irealb://Rocket%20Man%3DJohn%20Elton%3D%3DPop%3DBb%3D10%3D1r34LbKcu7%7CQyX744%3C*7X9C%7CQyX7-G%3E)tabe%2061(%2086%20mpb%20%204yQ%7CG-TA*%7BYQyXY%7DBb%2FD%2CQyXA%2FF1NZLbB%2FW-%20CZLD%2FbB%20%2CbEl%7C%7CKcl%20%20s%20%209CEs%20bEZN2F%2FW%2CD%2FWs%20bBB*%5BY%5Ds%20us9F%207FZLC%2FW%20A%2FF%2C%7ClL%20QyXEl%7C%2CD%2FG%2CW%2F%20CZLD%2FbB%20bEl%7C%2C%2FFW%2CD%2FWs%20bBl%7C%2CbB%20sBb%2F9ddababEs%20Bb%20sBF%2FW%2CD%2FWs%20bB%5BY%5DyQX%2CbEl%7C%2CbB%2Csusb%2C%7ClEb%7CQyXbbEl%7C%2C%2CW%2FBb%20%20CYZLD%2FbB%20bEl%2C%7CF%2FW%2CD%2FWs%20bBl%7C%2CsBb%2FDG%2F9dd*%3CbBQBb%20sByX%2CbEl%3EadoC%20la.%20C.D%20%3C%7C%2CbB%2CsusbQ%5DYY%7BZLQ%20%20%20QyX%3Cro%3E%20s%7C%2CbB%2FW%2CG%2F9ddabsE%20%2CbEl%7C%2CF%2FW%2CD%2FWXyQr%7Ctuo47%20vamp%20out%3EXyQ%3C*634x%3E%20%7D%5BfUlBbXyQZ%20%3DPop-Slow%20Rock%3D68%3D1
649a1b1d-f9c4-48f6-bd88-d0d25d085f88,irealb://Santa%20Claus%20Is%20Coming%20To%20Town%3DCoots-Gillespie%3D%3DMedium%20Swing%3DG%3D%3D1r34LbKcu7Gl%20%2CGIntroV%3C%7B%5DQyX7D%7CQyXGLZ%2C7D%20-AZL%2C-E%20G%3Eerse%3E%3C44T%5B1N%7CQy%20C-%2CL7D%20-AZL%2C-E%20%2CGZ%2CL7-C%20%2CCZL%2C7G%20GZ%2CLZGXCZL%2C7-D%7CQy%7D%7CN2GX9-D%3EsurohC%3C%5BQXyQyXQyXQyX%5DQyX7yQ%7CCXQyX7D%3EesreCXyQ%7C)oG(9D%207AZL%2C9E7%20-B%7CQyXD%7CQyX9-E%20%5D%5B%3CV%7CQyX7l%7CQyXLZC%20CD%20-AZL%2C-E%20GZL%2C-7C%20CZL%2C7G%20GZL%2C-7%2CLZG%2C7G%20GyX96G7)%20G7n%2C7DZL%2C7D%20-AZL-%2CE%20G%3EortuO%3CZL9b%20LZUfG(9hGQZ%20%3DJazz-Medium%20Swing%3D135%3D1
64526bbb-1d70-486d-af9d-32aa7f0d9692,irealb://Shangri%2DLa%20%2D%20Rev%20JE=Malneck%2C%20Sigman%2C%20and%20Maxwell==Medium%20Swing=F==1r34LbKcu7sus314sF%5E%2C7%2DGl%7C%2C%23F%2F7Ds%20%20%2D9DZLE%2F7Al%2CF%2F7%2DGXyQ%7CC4TA%2A%7B7C%7CQy%2311LZ%7C%2C%23F%2F7Ds%20%209%2DDZEL%2F7Al%2CF%2F7%2DG%2C%5EFslG%2D7X9b7C%20yX%5EbAQ%7CF%5E%20QyXQyX%5D%205%239b7b%20E9%2DbBl%7C%2C7F%2C7%2DCs%20%20%5B%2AByXtla%7CQyXAD7altyX%5EbBl%7C%2C7F%2C7%2DC%20s%5EFZLtla7C%20hGZLQ%7CD7%2F%20hA%7CQF%2F7DsQ%7CG%2D9ZLE%2F7Al%2CF%2F7%2DG%2CF%5EsA%2A%5B%5D%2011%239b7C%20D%2D9%20%20yX31G%20%209%2DD%2D7XyQAl%2CF%2F7%2DG%2C%5EFs%7CZ1L1%239b7C%20sus31C%7C7%2FELZGl%7C%2C%23QyX7%2D%23%2C%7ClGtla7D%7CQyXhAYZL%2D6bB%20tla7C%7CQyX7%2DXyQ%7CGF%2F7Ds1bE%7CQt%20%20QL%5B%20%20QyXQyX%5D%209b7%20C7%2DGZLtla7D%20%5EFZQF%5EXyla7C%7C3%2311XyQ%7CU%3CFINE%3EF%5EXyQZ%20==0=0
642c08a2-e974-4ebb-8da1-e3f9c8ea17bd,irealb://She=Aznavour%2DKretzner%20%28Charles%20Aznavour%20%2D%201974%29==Pop%20Ballad=Db=1=1r34LbKcu7%20sus744%3C%2A7X2ddabG%7CQyXF%2FWQ%7CyXbD%3E56%20mpb%20%204yQ%7CAbTi%2A%5BY%2DbG%7CQ%5DYY%7B%2AYZLD%2FbB%20bD%7CQyXGb%7CQyX7oE%7CQyXbDAEb%2DXy%20%2C7bA7bA%2CsQ%7CDb%2F%2CbG%2CbDs%7CYZL%2C7b%20A2ddabG1N%7CQyXbAAb7suyXA%2F6s7bA%20Eb%2FG%203N%7D%2C7bA%2Csus7bAb%2CG%2CbDsZL%2Csus7bAlEb%2FGl2N%7D%2C%23F%7CQyDbXyQyXD%7CQyXE%7CQyXAB%5B%2AYQyXQyXQyXQyX%5DQ%7CC%23XZL%2CsubG%7CQyLZE%20CQyXbDA%2A%5BY%5Dp%2CC%2FAbppZL7bE%20bEZL7%23%7CEo7X7B%207%2D%5D%20%2C7bb%20Bb%2FE%7CQyXbA%2FbD%7CQyX%2FA6%2DbG%7CQyX%2DbEZLDb%2FG%20AD%7CQyXDUfZL2%20outrQyX60%2A%3C%207%2DbE%7CyQXF%2FbD%7CQyXbG%3Eorit%2E%3E%207%2A%3C%5BYbXyQZ%20=Pop%2DSlow%20Rock=65=1
6427a55c-26e8-4124-b985-71db2cc684cd,irealb://She=Elvis%20Costello%28Charles%20Aznavour%2CHerbert%20Kretzmer%29==Ballad=Db==1r34LbKcu7%7CQyX7b%2C%20DbXbDlA%2A%7B%2C7bA%2C4ssubA%209ddabGsZLF%2FyQ%7CEoDsi%2A%5BbGs1NW%2FBb%2CA%2FbD%7CQyXA%2F6%2DbGQ%7CyX%2DbElZLoD%20bD%7CbXyQ%7Cs%20%20bGLl%2C4sLZDb%2Cs%2CG%2FbE2N%7C%7D%207bA%2C%2011bA%20%2C9ddabGs%20%20Absu7bA%206bGZL7sGbadbD%3Etsni%20%2066%2A%3CB%5B%2A%207bA%20%2C11bA%20%2C9d%2CLZEo%20%2CbDZ%20%2CG%2FbBb%2C%7CDXbA%2FbD%7CQyXA%2F6%2DGb%7CQyX%2DbElZLoD%20byQ%7CsE%2FWs%20%20%23Fs%7CQ4%2ClLZQyXD%7CQyXE%7CQyXACl%2A%5B%20QyX%5B%20%20s%20%2CbD%7CC%23XysusbA%7CQyX7LZE%20CXbDlA%2A%5B%5D%20%2CC%2F7b%20A%2C%23D%7CQyX7%23DZL7%23yQ%7CEo%2C7B%20%2D%2C7bA%20%7CsDb%20%7CQyXbA%2FbD%7CQyXA%2D%2FbG%7CQyX%2DbElZLoDsEb%2FGQyXbG%20%5D%5B%2ADlGbXyQ%7CDb%2FFXyQ%7CEb%2DXyQ%7CfDbXyQZ%3Cclementnoya%3E%20=Jazz%2DBallad%20Swing=66=1
647e483d-f3a3-4505-9849-9efa7536460d,irealb://Strong%20enough%3DSher%3D%3DDisco%3DD-%3D%3D1r34LbKcu7%D0%BF%D0%B8%D1%80%D0%9F4%D1%83%D0%BF%D0%BB%D0%B5%D1%82QyXQyXQyXQyXQy%3EXmC%20%D0%B2%20%D0%B0%D1%81%D0%B0%D0%B1%20%D0%B7%D0%B5%D0%B1%20%20%7B%3C*7%D0%9A63*%3C%D0%B2%D0%B5%D0%BF%D0%B8%D1%80%D1%83%D0%BF%D0%BB%D0%B5%D1%82%7D%207AZLCZL-GZL-%5DD%20FZLCZL-GZL-D%3E%3C*33%D0%9F%D0%BA%20%2C%D0%B2%D0%B5yX%3E%D0%B8%D0%BA%D0%B8%D0%B3%D1%80%D1%8B%D1%88%D0%BA%20-%20%D0%B6%D0%B4%D0%B8%D1%80%D0%9154*%3C%20yQXQyXQyXQyXQyX%3E%D0%B0%D1%80%D1%82%D0%BE%D1%88%D0%BE%D1%80%D0%BF%20%2C%20GZLDyQXyQ-E%3E%D0%B5%D1%88%D1%8B%D0%B2%20%D0%BD%D0%BE%D1%82%20%D0%B0%D0%BD%D0%B2%20%D0%B5%D0%BF%D0%B8%D1%80%D0%9F47*%3C%7B%20QyXLZALZXQyXQ%5DE-LZA-LZDLZ%3C*72Fade%3EB7%20%7D%20%3D%3D0%3D0
64592648-505a-4db3-a6f3-7f5a4feb227e,irealb://Studena%3DProeski%20Tose%3D%3DRock%20Pop%3DE%3D%3D1r34LbKcu7ZL%20lc4E%5E7%2F%2F7%5EAZL%20lcKQyX%23%2FC7-%23CZL%20lcKQyXEAXyQK4TA*%7BS%5B%5DQyyQKcl%7CQyXA%2F7%5EA%7CQyXB7%2FB%7CQyXA%2F7%5EA%5B%7D%20%20B7%2FBXXB%2F7ByXB%2F7XyQKccKQyXA%2F7%5EAZL%20lKcQyX%23C%2F7-%23CZL%20ll%20LZBE%2F7%5EE%20lcKQ%20%5D%7BE%5E%5EAZL%20lcKQyX%23C%2F-7%23CZL%20lcKQyXE%2F77%2FAXy%20lcKQ%5DQyXBBXyQKyXA%2F7%5EA%7CQyXB%2F7%7CBQyXA%2F7%5EA%5B%7D%20%20lcQ%7CB7%2F%2F7BZLadoC%204x%3EE%5E.D%3C%7CQyXA%2F7%5EA%7CQXy%23C%2F7-%23C%7CQyXE%2F7S.%20al%3CB*%7BYyXA%2F7%20%20Q%20%7DlcKQyX%23C%2F7-%23CZ%20LlcKQyXE%2F7%5EEQ%5BY%20LZA%5EB%2F7B%3E%2F7B%7CQLZB7%2F%5EA%7CQyXB%2F7B%7CQyX%2FA7%5EA%7C%5D%20%20lcKQyXB7%2FAXy%20lcKQBXyQ%5D%7B%3C8x%3EE%5E7%2FEXyQ%7CC%23-7%2FCXyQ%7CA%5E7%2FAXyQ%7CB7%2FB%20%20%20%7D%3DPop-Rock%3D85%3D3
648652d8-7dbc-459f-ace3-c34391a57e08,irealb://Studio%20Triadi%20Sus%20Per%20Tono%3DComposer%20Unknown%3D%3DMedium%20Swing%3DC%3D%3D1r34LbKcu7s%23CZLLZDsuLsus%23AZLsus%23GZsLus%23FZLsusEZL%2CsZBsussusC%7CZLsus%23susLusbBZLsusC%5B%5D%20ssuAZLsusGZLsusFZsLZAbDZLsuLsusFLZEsuGZL%2CsusAZLsusBLZsusbDZLsusDZLssusLZsusbGZEbsus%20%7C%20%3D%3D0%3D0
648339fc-ce22-4772-adc7-bec60f177f00,irealb://Szeptem%3DAbratowski%20Jerzy%3D%3DBallad%3DC%3D%3D1r34LbKcu7A%207-E7%20F7bG%7CQyX7-DZL%20lcKyQX9DZL7A%207-EZL57XyQ%7C%5ECA*%7CQyX7-7%20G7%2CcKQyX9DZL7A%207-ZEL5b7F%207%5ECA*%7CZLl%20LZD-DZL7L7A%207Q%7CC%5E7B%2011-%23F%7CQyX7%5EF*B%7B%7CQyX7%5ECZL7%5EF%207LZE-yX7G%7CF%207%5ECXyQ%7CD%2C7G%207-DZL7A%207%5EZCL7G%207-D%7CQyX7%5EbLZ%7C*A7%5EbAZ%5ECZL7E-7%20AC1N%7CQyX7G%7CQyX7D-ZL%20lcKQyX9DZL7%5E7%20F%5EZL5b77%20C7%20%7DXyQXyQ%20LZN2C%5E7%20F%5E7LZC%5E7XyQZ%20%3DJazz-Ballad%20Swing%3D110%3D3
64ddb837-6676-4a6c-8f30-f755a475b952,irealb://That%20Old%20Feeling%20(Ella%20Fitzgerald)%3DBrown-Fain%20(Ella%20Fitzgerald)%3D%3DSlow%20Swing%3DG%3D7%3D1r34LbKcu7*%3CQyX44%3C*79%237bA%209DZL%23A%2F7F%23%207-B%3E58%20mpb%20%204%2311%20%5DTi*%5BYX9b7Eerse%20BZL%20lcKQyX%5EGA*Y%5B%20%20QyX%3E)dettimohXyQ%7Cv(%2027%23F%7CQy%20E%2BLZ-El%7C%2C11%2331Fs%20%2013D%7CQyXhA%7CQyX7-Aadd9X-A%7CQy1%2331ALZBh%2F31AZL31A%20sus31%7CAQyX5%239%237E%7CQyXFsus%20s7B%207-ZL%20lc%2C%7ClF9GlB*%5BY%5D%2C9b7D%2CDh%2FAs%207-AZL9F%20sus%5EXyQKG%2FW%2C17B%205%23%7CE7b9X6-C%7CQyX7-AZL%2B%20E-Al%7C%2C11%237bBs%20%20yQ%7CB7QyXhB1%239F%2CD%20W%2FBp%2C9-A%2C9%5E-A%7C%2C9bE7%2C5%239b7Es%2031EZLp%7CC-7%2FhBZLA%2C11-lG6%20BBZLQ%2C9b31D%207-ALZ31E%20F%2FhBZL%23F%2F7b%5E%20sA%7Cpp%2C1EnsZL1%2C%5DYY-AsZL5%239b7E%207-lBQ%7CQyXQyXQyXQyX9%2Cln%201%2331b%E2%99%AA%E1%AE%BA%20ZL%2CD9%231%E2%99%AAQyX.%E2%99%AAQyX.%E2%99%AAQyX%E2%99%AA.QyX.%E2%99%AA%E1%AE%BA17*%3C%7Cp%2C1.XyQ%E1%9A%A811%239bbA%3E%EF%B8%B61G%2FB%2CBA%2FW%2CE%2F11%237A%2C6G%2C%7C11%237bA%2C7-A%2C7ob%2Cf%3C*5%3E%20%E2%99%A9%20.7%2FD%2C%5D%5BfUlG7b9%2311XyQZ%20%3DJazz-Slow%20Swing%3D85%3D2
64869599-78ab-4903-b358-1a8d4ba8560e,irealb://Them%20Stems%3DStapleton%20Chris%3D%3DMedium%20Swing%3DG-%3D%3D1r34LbKcu7ppp%2C-%2CpppK%2C-G%7Cp%2C-Dp%2C-GB*Z%7BL%20x%20ZL%20x%20ZL%20lcppp%7CC-GA*%5B%7CG-%2Cppp%7CC-%2Cppp%7CG-%2Cppp%7CG-%2CpD-%2Cp%7CG-%2Cp%2Cp%2Cp%7D%20%3DPop-Bluegrass%3D150%3D3
648c4508-68f3-4971-92c9-c622a228ba4e,irealb://This%20Cold%20War%20With%20You%3DTillman%20Floyd%3D%3DCountry%20Ballad%3DD%3D2%3D1r34LbKcu7yX%2C7A%2CXyQ%7CDZL%20lcKQyX%2C7AZ%20LlcKQyX%2CD%7CQyX%2CG%2CXyQ%7CD44T%5BD%7CQyXyQ%7CG%2CG%20DZL%20lcKQyX%2C7ZAL%20lcKQyX%2CD%7CQyX6LZD%2CX%2CD%7CQX%2CDZLKcl%20LyX%2C7AZL%20lcKQyX7%2CEZL%20lcKQyX%2C6GZQKcl%20QyX%2C9yQ%7CG%2CXyQ%7CD%2CXyQ%7CD%20F%23-%2CF-%2C%7CE-%2CXyQ%7CA7%2CXyQ%7CD%20GLZD%2CXyQ%5D%20%3DPop-Rock%2012%2F8%3D90%3D3
6440ba7f-ecff-440f-b813-280c7e45be98,irealb://Tico%20Tico%20%28Trumpet%20Solo%29=Zequinha%20Abreu%2C%20arr%2E%20Holman==Up%20Tempo%20Swing=Ab==1r34LbKcu7ZLB%2F6yQ%7CBbbAZL7%5EbD%206bAZLb7E%207%2DbBZL7bE%207%2D6%2FC%20GX6bA%5BZL9bEG6%2FBL%7CQyX9%5EbA%7C%2C7bE%207%20%5EbAZL7bE%207%2DbBZBb%2D7%20%207%2DbBE%207%2DbEb9LZ9b7F%209%5EbAZL7oD6%20bDZL5%239bA%209%5EbA%235LZB%207%2DbBb7b9LZAbXyQZ%20==0=0
649ee9ea-54db-4831-a42c-d5e925645a80,irealb://Blame%20It%20On%20My%20Youth%201%3DLevant%20Oscar%3D%3DBallad%3DC%3D%3D1r34LbKcu7D%207-D4C%5E7%207A%207-DZL7obD%207D-ZL7-A%207-EZL7-Db13LZ4TA*%5BZL7-AD-7%20GL7G%207%5EFB*%5B%5D%207C7%20-GZL7-A%207%5ECZL7ZE-7%20ZL7obCA*%5B%5D7LZC%5E%7CQyX7-D%7CQyX7-ALZ31b7E%207hB%7CQyX7G7XyQG%207-D-DZL77LZE--DZL31b7A%207-DZ7LobD%207-DZL7-A%2077%20Dbo-D%207%5E7-D%207ZC%5E7%20-A%207-EZL7G%207%5EF*C%5B%5D%207C%207-GZL7-A7LZD-L7G%207/CLZBb7%20A7b13LZD-7%20Dbo7LZD-7%20G7LZC6%20A-7LZD-7%20G7%20Z%20%3DJazz-Slow%20Swing%3D60%3D1
6458ed6c-89c7-4506-86f8-618b90286b88,irealb://What%20A%20Wonderful%20World-Rev%20JE%201%3DWeiss-Thiele%3D%3DBallad%3DF%3D%3D1r34LbKcu7bB%2C%5EF4F6%20s7-G%7C%2C31bA%2C7-As%2C%207-Gl%7C%2C31bA%2C7-A%2CGb7%2C4TA*%7B/W%2C7C%2CA7%2Cll%7C%2C9bD%2Csus9bDs1%201%2331bD1NYZL9-DG-7%20shE%7C%2C%5E1%2331bA13%20AY%7D%2C7bGs%2Csus9Cs1%201%2331bDZL11%2331b%7CN2lDl%7C%2CbB1bA%2079sus%2C7bE%2C7-bBs%206FZLlta7bG%207-Gl%7C%2C9bD%2C%7ClA-bDs%201%20%20%5EFZ*BG-7bG%207-GZL9b31bA7%20-Al%7C%2CbB/W%2C7Cs%207altL%5BY%5D%203A%2C31bt%2C%7CYDs%7C%2C7A%2C31bBs%20%2ChZBLC/7Fl%2C%23C/W%2C7-D-7%2CBla7AsDQ%2Csu7%2C%7CG1%2011%2331bDl3N%7CY%7D7%2CbG%2Csus7C%2C9bD%2C3sDb9sbA%2C7-%207-GlG-7%20Gtla7bG%2011%2331bDLZ31bA%206FZLtla7b%20%5DY%5BQl%7C%2C9ba7bG%20/Bb%2C%7C11%2331bD%207-G%7CQy1X1%2331bA%7CQyX31AlLZG-7W%2C7CsENIF%3CF6%20sA%2331bE%20%5EFZLtla7Gb%207-Gl%7C%2C31bA%2C7-11LZUZL%2Ctl%3EF%5EXyQZ%20%3DJazz-Ballad%20Swing%3D60%3D3
646e64d5-1bb6-43e5-b957-f7c013428380,irealb://You'd%20Be%20So%20Nice%20To%20Come%20Home%20To%20%3DPorter%20Cole%3D%3DMedium%20Up%20Swing%3DG-%3D%3D1r34LbKcu7L9b7DG-7XyQyX7-G44TA*%5B%7D%20yQX%7CrQyX%7CQyX7C%7CQ%7CAh7%20s%2Ci*%7BbE%207-yQKcl%5D%20%20lcKQyX7%5EbE%7CyQX7bB%7CQyX7-FZL%20%5B*BBbX7-GZyX9b77%20D7L7hA%7CQyX7bE%7CQyXh7E%7CQyX7-GZL%20x%20ZXyQ%7CDhAZL7bE%7CQyG-7XyQyX7-FZL%20lcKQy7X-GZL9b7D%207hA%7CQ%7CBb7XA*%5B%5DQ31C%7CQKcl%20%20ZL7D%207hA%7CQyX7%5EBb%7CQyX5b9b7AD*%5B%5DG-7XyQyX7%5E1bE%7CQ%7CF7%20%20BQ%5BZ%209b7D%207hAZ1L1%2331bE%2096bBZLQb69XyQyX9b96bB%7CyQ%7CBb%2331bE%7CQyX96bB%7CyQX11%2331bE%7CQyX9611XyQX11%233XyQ%7CEb13%2311XyQ%7CfBb69%2C%20Z%20%3DJazz-Medium%20Up%20Swing%3D160%3D4
64206c86-c973-4f4f-b0d7-7e51b3913f86,irealb://You've%20Got%20A%20Friend%204%3DKing%20Carol%3D%3DJazz-Practice%20180%20-%20No%20drum%3DA%3D%3D1r34LbKcu7-bA%7C%2CA%2CLZs%2C2A%2CA%2CA/DZLnZL/AD%20%2CA/D%7C%2CA%2C2AnnA%2C%7CnAl44T%5BCsZL%2C7%2C%7CDb%2C7%23CZL%2C7%23CZL%2C-F%23ZL%2C-%23Fl%5B%2C7bD%2C7LZF%23--bA%2C7L7EZL%2CC%23/A-BZL-Bl%5B%20%2C-%23F%7Cb%2CA/7%23C%2CA/-%23F%7C%2Cb7LZE7bA/7%23bA%7C%2C7%2C%7CA%2CD-bA%5D%20A%2CA/D%2CA%7C%2CA2%2C2Ann%7C%2C2A%2CA%2CA/7%2CAb-A%2CAsZ%7C%2CbA/-7%2C%7CC/7%23C%7C%2C-%23F%2C-%23F%7C7%2C%23C%2C7%23C%7C%2C7%23C%2C7%23Ab%2CC%23bA%2C7-%23C%7C%2C7%2CC%23/A-%23C%7C%2C7-B%2C7-B%7C%2C-7B%2C7-B%5B%20%2C-%23F%7C%2Cb7%2CC%23-A/-%23F%2CA%5B%5D%2C-7%2C%7CEZL11E%2C11E%2C11E%7CE%2C%2CE%7C%2Csus7E%2Csus7E%2CE%20E%23C%2C7-%5D%20%2CDnA%20A%2C%7CD%2CD%2CD%7C%2CD%2CDZLDn%7Cn%2CA/D%2CA%2CAn%7C%2CA%2CA%2CD%2C%7Cn%2CA%7C%2CA1E%7C%2C1A%2C%7C%20LE%2C11E%2C11E%7C%2CA%2CALZA%2CA/Dn%7C%2CA%20%2CAnZ11%2CE1%20%2CA%2CA%5EA%7C%2CA%20E11%2C%2CA%5B%20%2CsusE%2C11En%2C%7C11En%2C11E%2CsusE%7CA%2C%7CA%2C11E%2C1%2C7-bDxLZD%2C%5ED%7C%2CE/7A%2CE/7A%7C-%2C%23F%2C-%23F%7C%2CD%2CD%7C%2CD%2CD%5E%2C%7C%7C%2C%5EA%2C/D%2CA%2C%7CE11%2C%2CA%2CAQ%7B%20n%3EadoC%20al%20.C.D40*%3C%7C%2C11E%7CA%2CA2%2C7-bDA%2C%7CnD/A%2C%20LZ%3C*644x%3ED/A%2C%3C*64Fade%20out%3ED/A%2C%7DUlA%20Z%20%3D%3D180%3D2
64efd6c8-49fb-40d4-9b93-0ffd68b730c0,irealbook://Extended%20Cadence%20x%208%20-%20Half%20Nelsons%3DLego%20Cadences%3DMedium%20Swing%3DC%3Dn%3D%7BA-7%20%20%20%7CD-7%20%20%20%7CG7%20%20%20%7CC%5E7%20%20%3C8x%3E%20%7D%7BBb-7%20%20%20%7CEb-7%20%20%20%7CAb7%20%20%20%7CDb%5E7%2C%20%20%3C8x%3E%20%7D%7BB-7%20%20%20%7CE-7%20%20%20%7CA7%20%20%20%7CD%5E7%2C%20%20%3C8x%3E%20%7D%7BC-7%20%20%20%7CF-7%20%20%20%7CBb7%20%20%20%7CEb%5E7%2C%20%20%3C8x%3E%20%7D%7BDb-7%20%20%20%7CGb-7%20%20%20%7CB7%20%20%20%7CE%5E7%2C%20%20%3C8x%3E%20%7D%7BD-7%20%20%20%7CG-7%20%20%20%7CC7%20%20%20%7CF%5E7%2C%20%20%3C8x%3E%20%7D%7BEb-7%20%20%20%7CAb-7%20%20%20%7CDb7%20%20%20%7CGb%5E7%2C%20%20%3C8x%3E%20%7D%7BE-7%20%20%20%7CA-7%20%20%20%7CD7%20%20%20%7CG%5E7%2C%20%20%3C8x%3E%20%7D%7BF-7%20%20%20%7CBb-7%20%20%20%7CEb7%20%20%20%7CAb%5E7%2C%20%20%3C8x%3E%20%7D%7BGb-7%20%20%20%7CB-7%20%20%20%7CE7%20%20%20%7CA%5E7%2C%20%20%3C8x%3E%20%7D%7BG-7%20%20%20%7CC-7%20%20%20%7CF7%20%20%20%7CBb%5E7%2C%20%20%3C8x%3E%20%7D%7BAb-7%20%20%20%7CDb-7%20%20%20%7CGb7%20%20%20%7CB%5E7%2C%20%20%3C8x%3E%20%7D
64d5969f-7ec6-4b8f-9ed9-7fed712b4483,irealbook://Rhythm%20Bridge%20Type%202%20x%208%20-%20%20Up%20Half%20Step%3DLego%20Metabricks%3DMedium%20Swing%3DC%3Dn%3D%7B*AsC%5E7%2C%7Cx%7Cr%7C%20%7Cr%7C%20%7Cr%7C%20%5B*BB-7%2C%7CE7%2C%7CE-7%2C%7CA7%2C%7CA-7%2C%7CD7%2C%7CD-7%2C%7C%3C8x%3EG7%2C%7D%7B*AC%23%5E7%2C%7Cx%7Cr%7C%20%7Cr%7C%20%7Cr%7C%20%5B*BC-7%2C%7CF7%2C%7CF-7%2C%7CBb7%2C%7CBb-7%2C%7CEb7%2C%7CEb-7%2C%7C%3C8x%3EAb7%2C%7D%7B*AD%5E7%2C%7Cx%7Cr%7C%20%7Cr%7C%20%7Cr%7C%20%5B*BC%23-7%2C%7CF%237%2C%7CF%23-7%2C%7CB7%2C%7CB-7%2C%7CE7%2C%7CE-7%2C%7C%3C8x%3EA7%2C%7D%7B*AEb%5E7%2C%7Cx%7Cr%7C%20%7Cr%7C%20%7Cr%7C%20%5B*BD-7%2C%7CG7%2C%7CG-7%2C%7CC7%2C%7CC-7%2C%7CF7%2C%7CF-7%2C%7C%3C8x%3EBb7%2C%7D%7B*AE%5E7%2C%7Cx%7Cr%7C%20%7Cr%7C%20%7Cr%7C%20%5B*BD%23-7%2C%7CG%237%2C%7CG%23-7%2C%7CC%237%2C%7CC%23-7%2C%7CF%237%2C%7CF%23-7%2C%7C%3C8x%3EB7%2C%7D%7B*AF7%2C%7Cx%7Cr%7C%20%7Cr%7C%20%7Cr%7C%20%5B*BE-7%2C%7CA7%2C%7CA-7%2C%7CD7%2C%7CD-7%2C%7CG7%2C%7CG-7%2C%7C%3C8x%3EC7%2C%7D%7B*AGb%5E7%2C%7Cx%7Cr%7C%20%7Cr%7C%20%7Cr%20%5B*BF-7%2C%7CBb7%2C%7CBb-7%2C%7CEb7%2C%7CE-7%2C%7CAb7%2C%7CAb-7%2C%7C%3C8x%3EDb7%2C%7D%7B*AG%5E7%2C%7Cx%7Cr%7C%20%7Cr%7C%20%7Cr%7C%20%5B*BF%23-7%2C%7CB7%2C%7CB-7%2C%7CE7%2C%7CE-7%2C%7CA7%2C%7CA-7%2C%7C%3C8x%3ED7%2C%7D%7B*AAb%5E7%2C%7Cx%7Cr%7C%20%7Cr%7C%20%7Cr%7C%20%5B*BG-7%2C%7CC7%2C%7CC-7%2C%7CF7%2C%7CF-7%2C%7CBb7%2C%7CBb-7%2C%7C%3C8x%3EEb7%2C%7D%7B*AA%5E7%2C%7Cx%7Cr%7C%20%7Cr%7C%20%7Cr%7C%20%5B*BG%23-7%2C%7CC%237%2C%7CC%23-7%2C%7CF%237%2C%7CF%23-7%2C%7CB7%2C%7CB-7%2C%7C%3C8x%3EE7%2C%7D%7B*ABb%5E7%2C%7Cx%7Cr%7C%20%7Cr%7C%20%7Cr%7C%20%5B*BA-7%2C%7CD7%2C%7CD-7%2C%7CG7%2C%7CG-7%2C%7CC7%2C%7CC-7%2C%7C%3C8x%3EF7%2C%7D%7B*AB%5E7%2C%7Cx%7Cr%7C%20%7Cr%7C%20%7Cr%7C%20%5B*BA%23-7%2C%7CD%23-7%2C%7CD%23-7%2C%7CG%237%2C%7CG%23-7%2C%7CC%237%2C%7CC%23-7%2C%7C%3C8x%3EF%237%7D
649f654f-3392-410e-a3c2-6f4df7bb2bb8,irealbook://Goodbye%20Liza%20Jane=Traditional=Fiddle%20Tune=A=n=%7b%2aAT22A%20E%20%7cA%20D%20%7cA%20%20%20%7cE%20%20%20%7cA%20E%20%7cA%20D%20%7cA%20E%20%7cA%20%20%20%7dY%7b%2aBA%20%20%20%7cA%20%20%20%7cE%20%20%20%7cA%20%20%20%7cA%20%20%20%7cA%20%20%20%7cA%20E%20%7cA%20%20%20%7d
64e4efdd-4b8b-437e-84b9-18619bc2a1f9,irealbook://Only%20Girl%20In%20The%20World%3DRhianna%3DMedium%20Swing%3DB-%3Dn%3DY%5B*AT44F%23-%3C16%20dance%20riff%20F%5E%20A%20F%5E%20B%20F%5E%20A%20D%20C%5E%3E%20%20%20%7C%20%20%20%20%7C%20%20%20%20%7C%20%20%20%20%5DY%5BG%3C12%20saw%2049%20delay%3E%20%20%20%7CB-%20%20%20%7C%20%3CE%20only%20on%20full%20chorus%3E%20%20%20%7CE-%20%20%20%5DY%7B*BD%20A%20%7CB-%20%20%20%7D%20%20%20%20%20%20%20%20%20%20%20%20%20%20%20%20%20%20%20%20%20%20%20%20%3C51%20Delay%3E
6405c43a-80ad-47de-8c93-cb53cc3df5bc,irealbook://Wild%20Horses%3DBedingfield%20Natasha%3DMedium%20Swing%3DA-%3Dn%3D%5B*iT44A*m*%20F%20%7CA*m*%20F%20%5D%20%20%20%20%20%20%20%20%7B*AA*m*%20F%20%7CC%20G/B%20%7CA*m*%20F%20%7CC%20G/B%20%7D%5B*BD*m*%20A*m*%20%7CC%20G/B%20%7C%20%20%7C%20%20%20%20%20%20Y%7BA*m*%20F%20%7CC%20G/B%20%7CA*m*%20F%20%7CC%20G/B%20%7D%7CA*m*%20F%20%7CC%20G/B%20%7C
648b1289-7bc9-4cd0-a678-d88f399d7cac,irealbook://WHISKEY%20LULLABY%3DPaisley%20Brad%3DRock%20Pop%3DC%3Dn%3DY%5BT44%3C*74Capo%202%20Intro%3EA*m*%20%7Cx%20%20%7CT64F%20%20%7CT44A*m*%20%7Cx%20%20%7CT64F%20%20%5DY%7CT44%3C*74Verse%3EC%20%7CF%20%7CA*m*%2C%20G%7CC%20%7CF%20%7CG%2C%20%5D%20%20%20Y%5B%3C*74Pre-chorus%3EA*m*%2C%20G%2C%7CC%20%7CA*m*%2C%20G%7CC%20%7CG%20%20%5D%20%20%20Y%7B%3C*74Chorus%3EC%20%7CG%20%7CA*m*%2C%20%20%7CF%20%7D%3C*18%203x%20%3E%20C%20%7CG%20%7CF%2C%20%7C%3CLa%20la%20la%20la%20la%20la%20la%20.....%3EA*m*%20%7Cx%20%7CF%20%20%7CA*m*%20%7Cx%20%7CF*%20*%20%20%5D
641c702a-0c19-4932-8597-3a72329ee852,irealbook://Kid%20Charlemagne%20Pg%202%20Solos%3DWalter%20Becker%20Donald%20Fagen%3DFunk%20Rock%3DC%3D44%3D%5B%3CSOLOS%3EE-7%20%20sA-%2C%7C%C3%B7%C3%B7%C3%B7%C3%B7%7ClD-7%20%20%20%7CD-7/C%20%20%20%7CB%C3%B87%20%20sE7%2C%7C%C3%B7%C3%B7%C3%B7%C3%B7%7ClA-7%20%20%20%7CA-7/G%20%20%20%7C%7CF%20%20%20%7CC/E%20%20%20%7CF%23%C3%B87%20B7%20%5D%7C%20%20%20%20%5BE-7%20%20%20%7C%20x%20%20%7CD%20%20%20%7C%20x%20%20%7CC%5E7%20%20%20%7C%20x%20%20%7CE-7%20%20%20%7CD/E%20%20%20%7CA-7%20%20%20%7C%20x%20%20%7CG%20%20%20%7C%20x%20%20%7CF%20%20%20%7C%20x%20%20%7CBb13%20%20%20%7C%20x%20%20%7CF%20%20%20%7CG7%20%20%20%7CA-7%20%20%20%7CA-7/G%20%20%20%7CF%20%20sA-/G%2C%7ClG-/F%20%20%20%7CE-7%20%20sA-%2C%7ClF%20sE-%2CD-%2C%7ClC7%239%20%7Cx%20%7Cx%20%7Cx%20%7C%3CDS%20Al%20Coda%3Ex%20%7Cx%20%7C%3C%203rd%20ending%3Ex%20%7CxS%20%5D
6402b0bf-e0cd-43a1-95b3-b88a70a135b7,irealbook://Blow%20Me%20One%20Last%20Kiss%3Dpink%3DRock%3DG%3Dn%3D%5B*iT44G%20%20%20%7CG%20G/B%20%7CE-%20%20%20%7CE-%20C%20%7C%7B*AG%20%20%20%7CG%20G/B%20%7CE-%20%20%20%7CE-%20C%20%7D%5B%3C*62%22eyes%20on%20fire%22%3EG%20%20%20%7CG%20G/B%20%7CE-%20%20%20%7CE-%20C%20%7CG%20%20%20%7CG%20G/B%20%7CE-%20%20%20%7CE-%20n%20%5D%7B%2C*B%2CG%20%20%20%7CG/B%20%20%20%7CE-%20%20%20%7CC%20%20%20%7CG%20%20%20%7CG/B%20%20%20%7CE-%20%20%20%7CC%20%20%20%7D%5B%3C*64gtr%20lick%3EB-%20%20%20%7C%20x%20%20%20%5D%20
64ab453f-b211-4755-9478-6c95f6dbd128,irealbook://Blue%20Bossa%3DDorham%20Kenny%3DBossa%20Nova%3DC-%3Dn%3D%7B*iT44C-7%20%20%7CBb/C%20%20%7CC-6%20%20%7CN1G-7/C%20%20%7DN2G7%239%235%20%20%20%5D%5B*AC-7%20%20%20%7C%20x%20%20%7CF-7%20%20%20%7C%20x%20%20%7CDh%20%20%20%7CG7b9%20%20%20%7CC-7%20%20%20%7C%20x%20%20%5D%5B*BEb-7%20%20%20%7CAb7%20%20%20%7CDb%5E%20%20%20%7C%20x%20%20%7CDh%20%20%20%7CG7b9%20%20%20%7CC-7%20%20Q%20%7CDh%20G7b9%20ZYY%5BQC-7%20%20%20%7CDh/Ab%20%20%20%7CG7b9b5%20%20%20%7C%2CU%2CC-7%20%20%20Z%20
64d041a4-c0df-428e-b655-97fda6799919,irealbook://For%20Hans%3DGeller%20Herb%3DBallad%3DDb%3Dn%3D%5BC7/Db%20Db%5E%20%7CF%23-9%20B7sus%20%7CEb7/E%20E%5E%20%7CBb7b9%20%20%20%7CsEb-7%2CsF-7%2CGb%5E%2CGo%2C%7ClAb9sus%20Ab9%20%7CDb%5E%20%20%20%7CAb-9%20Db7%20%5D%5BGb%5E%20%20%20%7CF7%239%20%20%20%7CBb-7%20Bb-7/Ab%20%7CGh%20C7%20%7CF%5E%20D-7%20%7CG-7%20Ab7sus%20%5D%7CC7/Db%20Db%5E%20%7CF%23-9%20B7sus%20%7CEb7/E%20E%5E%20%7CBb7b9%20%20%20%7CsEb-7%2CF-7%2CGb%5E%2CGo%2C%7ClAb9sus%20%20%20%7CDb%5E%20%20%20%7CAb-9%20Db7%20%5D%7CGb%5E%20%20%20%7CF7alt%20%20%20%7CBb-7%20Bb-7/Ab%20%7CGh%20Gb%5E%20%7CF-7%20Bb7%235%20%7CEb-7%20Ab7sus%20%7CC7/Db%20Db%5E%2CQ%20%7CC7/Db%20Db%5E%20%7D%7CQC/Db%20%20%20%7CfUD%5E%20%20%20%7C%20%20%20%20%7C%20%20%20%20%7C%20%20%20%20%7C%20%20%20%20%7C%20%20%20%20%7C%20%20%20%20%7C%20%20%20%20%7C%20%20%20%20%7C%20%20%20%20%7C%20%20%20%20%7C%20%20%20%20%7C%20%20%20%20%7C%20%20%20%20%7C%20%20%20%20%7C%20%20%20%20%7C%20%20%20%20%7C%20
64443b85-4fd9-4a35-97cf-e67d6704497a,irealbook://Fuimos=Dames%20Jose=Tango=A=n=%5b%2aAT44A%2c%20D%2cD%2d%7cA%2c%20D%2cD%2d%7cA%2c%20Co%2c%20%7cB%2d7%2c%20E7%2c%20%7cB%2d%2c%20A%23o%2c%20%7cB%2d%2fA%2c%20G%23o%2c%20%7cE7%2c%20%20%20%7cA%2c%20%20%20%7cG%23h%2c%20C%237%2c%20%7cF%23%2d%2c%20G%23%2cA%7cB%2d7%2c%20E7%2c%20%7cA%2c%20G%2cC%23%7cD%23h%2c%20G%237%2c%20%7cC%23%2d%2cC%23%5e%2cC%237%2cC%236%7cB%2d7%2c%20p%2cA%7cE7%2c%20%20%20%7cA%2c%20B%2d7%2c%20%7cC%23%2d7%2c%20D%5e%2cD%2d%7cA%2fC%23%2c%20B9%2fF%23%2cFo%7cA%2c%20%20%20%5d%5b%2c%2aB%2cA%2c%20%20%20%7cF7%2c%20E7%2c%20%7cA%2c%20%20%20%7cG%23h%2c%20C%237%2c%20%7cF%23%2d%2c%20%20%20%7cF%23%2d%2c%20%20%20%7cB%2d7%2c%20E7%2c%20%7cA%2c%20%20%20%7cG%23h%2c%20C%237%2c%20%7cF%23%2d%20%20%20%7cF%2c%20%20%20%7cD%2d7%2c%20G7%2c%20%7cA%2c%20C%23h%2cF%237%7cB%2d7%2c%20E7%2c%20%7cC%23%2d7%2cC%237%2cB%2d11%2cBb9%7cA%2c%20%20%20%7cF7%2c%20E7%2c%20%7cA%2c%20%20%20%7cG%23h%2c%20C%237%2c%20%7cF%23%2d%2cF%2d%2cE%2d%2cA7%7cD%2fF%23%2c%20D%2d%2fF%2c%20%7cA%2fE%2c%20%2cEbo%2c%20%7cB%2d7%2c%20E7%20%2c%7cA%2c%20%20%20%2cZ%20
649700c9-74db-4bf9-a7e9-d0930ad8798c,irealbook://Futuros%20Amantes%3DBuarque%20Chico%3DBossa%20Nova%3DG%3Dn%3D%7B*AT44G%5E7%20%20%20%7CC%23-7%20F%237%20%7CG%5E7%20%20%20%7CC%23-7%20F%237%20%7CA-7%20%20%20%7CBb-7%20%20%20%7CN1A-7%20%20%20%7CD7%20D7b9%20%7D%20%20%20%20%20%20%20%20%7CN2A-7%20%20%20%7CD7%20%20%20%5D%5B*BG%5E7%20%20%20%7CG%5E7%20%20%20%7CF%5E7%20%20%20%7CF%5E7%20%20%20%7CEb%5E7%20%20%20%7CDb%5E7%20%20%20%7CA-7%20%20%20%7CD7%20%20%20%5D%5B*AG%5E7%20%20%20%7CC%23-7%20F%237%20%7CF%5E7%20%20%20%7CB-7%20E7%20%7CA-7%20%20%20%7CBb-7%20%20%20%7CC%23-7%20Go7%20%7CA-7%20D7%20Z%20
64c42299-8db3-4149-8dc0-5938ff7ebd87,irealbook://Girls%20Just%20Wanna%20Have%20Fun%3DLauper%20Cyndi%3DPop%3DF%23%3Dn%3DYY%7B*iT44%3C012%20Saw%20B%20at%20the%20top%20of%20Fsharp%20triad%3EF%23%20%20%20%7CF%23%20%20%20%7CD%23-%20%20%20%7CD%23-%20C%23%20%7DY%5B*AF%23%20%20%20%7CF%23%20%20%20%7CD%23-%20%20%20%7CD%23-%20%20%20%7CBsus%20%20%20%7CBsus%20%20%20%7CD%23-%20C%23%20%7CBsus%20%20%20%7CD%23-%20C%23%20%5D%20%20%20%20%20%20%20%20%20%20%20%20Y%5B*BF%23%20%20%20%7CF%23%20%20%20%7CD%23-%20%20%20%7CD%23-%20%20%20%7CF%23%20%20%20%7CF%23%20%20%20%7CD%23-%20C%23%20%7CBsus%20%20%20%7CD%23-%20C%23%20%5B%20%20%20%20%20%20%20%20%20%20%20%20%3C213%20Kalimba%20Solo%3E%20%20%20%20%20%20%20%20%20%20%20%20%20%20%20%20%3COrgan%20bip%20bips%20throughout....%3E%20
642f4d71-62a4-468e-97d8-3a0bd4ec7a50,irealbook://Here%20Without%20You%3D3%20Doors%20Down%3DBallad%3DA-%3Dn%3D%5B*iT44A*m*%20%20%20%7CF*%20%20*%20G%20%7C%20%20%20%20%20%20%20%20%5B*vA*m*%20%20%20%7CF%20G%20%7C%20%20%20r%7C%20%20%20%20%7CA*m*%20%20%20%7CF%20G%20%7C%20%20%20r%7C%20%20%20%20%7CA*m*%20%20%20%7CF%20G%20%7C%20%20%20r%7C%20%20%20%20%5D%7B*CC%20%20%20%7CG%20%20%20%7CA*m*%20%20%20%7CF%20G%20%7D%7C*iA*m*%20%20%20%7CG%20%20%20%7CA*m*%20%20%20%7CF%20G%20%7C%7B*vA*m*%20%20%20%7CF%20G%20%7C%20%20%20r%7C%20%20%20%20%7D%7B*CC%20%20%20%7CG%20%20%20%7CA*m*%20%20%20%7CF%20G%20%7D%5B*BA*m*%20%20%20%7CC%20%20%20%7CG%20%20%20%7CF%20%20%20%7CA*m*%20%20%20%7CC%20%20%20%7CG%20%20%20%7CF%20%20%20%7CF%20%20G%5B%20%20%20%20%20%20%20%20%20%20%20%20%7B*C%3C3x%3EC%20%20%20%7CG%20%20%20%7CA*m*%20%20%20F%20G%20%7D%20
64ba2bf4-dca3-47a6-adde-f3adc7c11680,irealbook://It%20Must%20Have%20Been%20The%20Mistletoe%3DDougKonecky%20Justin%20Wilde%3DPop%20Ballad%3DG%3Dn%3D%7C*iT12%2ClG%5E7%20%20%20%7C%2ClC%5E7%20%20sD7sus%2C%7CsG%5E7%20%20%20%7CA-7%20D9sus%20%7C%7B%2ClG%5E7%20%20%20%7CG%5E7/B%20%20%20%7CC%20%20%20%7CsC/D%2CB-/D%2CC/D%2CD%7C%2ClG%5E7%20%20%20%7CD-7%20G7%20%7CC%5E9%20%20%20%7CC/D%20D7%20%7CN1C%5E7%20%20%20%7CG%5E7%20%20%20%7CA-7%20D7%20%7CG%5E7%20%20%20%7C%7CC-7%20F%20%7CD-7%20G-7%20%7CCsus%20C%20%7CDsus%20D7%20%7D%7CN2G69%20%20%20%7CC%5E7%20%20%20%7CG%5E9%20%20%20%7CA-7%20D7%20%7CD7%20%20%20%7CC-7%20F%20%7CD-7%20G-7%20%7CCsus%20C%20%7CEb/F%20F7%20%5BBb%5E7%20%20%20%7CBb%5E7/D%20%20%20%7CEb%20%20%20%7CsEb/F%2CD*m*/F%2CEb/F%2CF9%2C%7C%2ClBb%5E7%20%20%20%7CF-7%20Bb7%20%7CEb%5E9%20%20%20%7CEb/F%20F7%20%7CBb%5E9%20%20%20%7CsEb/F%20F7%2CF%23o7%2C%7C%2ClG-7%20%20%20%7CEb/F%20F7%20%7CBb%20%20%20%7CEb%5E9%20F7sus%20%7CBb%5E9%20%20U%20Z%20
64b092bc-7493-4b77-844f-2462871d2a9a,irealbook://Leather%20Britches=Traditional=Fiddle%20Tune=G=n=%7b%2aAT22G%20%20%20%7cG%20%20%20%7cG%20%20%20%7cD7%20%20%20%7cG%2c%20%20%20%7cG%20%20%20%7cC%20C%23%2d%20%7cD7%20G%20%7dY%7b%2aBG%20%20%20%7cG%20%20%20%7cG%20%20%20%7cD7%20G%20%7cG%20%20%20%7cG%20%20%20%7cG%20%20%20%7cD7%20G%20%7d%20%0a%0a%0a
64925bb0-ca01-41bd-ad96-b5b52e85ce66,irealbook://Midnight%20Sun%3DHampton%20Lionnel%3DBallad%3DC%3Dn%3D%7B*AT44C6%20%20%20%7C%20x%20%20%7CC-7%20F9%20%7CF-7%20F9%20%7CBb%20%20%20%7C%20x%20%20%7CBb-7%20Eb7%20%7CEb7%20%20%20%7CAb%20%20%20%7C%20x%20%20%7CAb-7%20Db7%20%7CDb7%20%20%20%5D%7CC%5E7%20A-7%20%7CN1D-7%20G7b9%20%7D%7CN2F%23-7%20B7b9%20%7CE%5E7%20F%23-7%20%7CE-7%20A7%20%7CD%5E7%20D6%20%7C%20x%20%20%7CD%5E7%20D6%20%7CD-7%20G9%2CG7%235%2C%20%20%20%20%7CE-7%20Eb7%20%7CD-7%20Db7%239%20%7C%5BC6%2C%20%20%20%7C%20x%20%20%7CC-7%20F9%20%7CF-7%20F9%20%7CBb%20%20%20%7C%20x%20%20%7CBb-7%20Eb7%20%7CEb7%20%20%20%7CAb%20%20%20%7C%20x%20%20%7CAb-7%20Db7%20%7CDb7%20%20%20%5D%7CC%5E7%20A-7%20%7CD-7%20G7b9%2CQ%2C%20%5D%2Cf%2CC6%20%20%20%7C%20
64f73349-8d14-4723-92d2-5fb229ab2b8e,irealbook://Morning%20Dance%3DBeckenstein%20Jay%3DFunk%3DF%3Dn%3D%7B*AT44F%5E7%20%20%20%7CF/A%20%20%20%7CBb-7%20%20%20%7CEb7%20%20%20%7CF%5E7%20%20%20%7CF/A%20%20%20%7CBb%5E7%20%20%20%7CC9sus%20%20%20%7CF%5E7%20%20%20%7CF/A%20%20%20%7CBb-7%20%20%20%7CEb7%20%20%20%7CN1D-7%20%20%20%7CG7sus%20G7%20%7CC13sus%20%20%20%7C%20x%20%20%7D%5BN2D-7%20%20%20%7CG7%20%20%20%7CC13sus%20%20%20%7C%20x%20%20%5D%5B*BEb%5E9%2311%20%20%20%7CD-7%20%20%20%7CG-7%20C9sus%20%7CF%5E7%20%20%20%7CEh7%20Eb7b5%20%7CD-7%20%20%20%7CG7sus%20G7%20%7CC9sus%20C7%20%7CEb%5E9%2311%20%20%20%7CD-7%20%20%20%7CG-7%20C9sus%20%7CF%5E7%20%20%20%7CEh7%20Eb7b5%20%7CD-7%20G7%2CQ%20%7CC9sus%20%20%20%7C%20x%20%20%7C%20x%20%20%7C%20x%20%3CAfter%20solos%20D.C.%20al%20coda%3E%20%5D%20%20%20%20%20%20%20%20%5BQC9sus%20%20%20%7C%20x%20%20%7CC%239sus%20%20%20%7C%20x%20%20%7C%7BF%23%5E7%20%20%20%7CF%23/A%23%20%20%20%7CB-7%20%20%20%7CE7%20%20%20%7D%20
6447a7e3-2527-447e-9a5a-75cbeba55e79,irealbook://Nightfly%20%281%20.%202%29%20%2C%20The%3DFagen%20Donald%3DMedium%20Swing%3DC%3Dn%3D%5B*iT44A-7%20B-7%20%7CC%5E7%20%20%20%7CE-7%20D6%20%7CF69%20%20%20%7CB7%20%20%20%7CG13%20%20%20%7CC9%20%20%20%7CA-7%20D9%235%20%5D%7B*AQD%2B/G%20G%20%7CG%5E7%20G6%20%7CGsus%20%20%20%7CsA-/E%2CE-%20B-%2C%7CsB-/A%2CE-/A%2CC%5E7%2C%20%7CsB7%239%2C%20sB7%2CsE-%7C%20%20G/D%2CC%7C%20%20A-7%2CG%2C%7CN1C7%2CG-7%2ClD%2B%20%7DN2sC7%2CG%20%20%5D%20%20%20%20%20%20%20%20%5B*BA-9%20B-7%2CC%5E7%7C%20%20%20%20%7CE-7%2C%20D6%2CF69%7C%20%20%20%20%7ClB7%20%20%20%7CG13%20%20%20%7CC9%20B7%20%7CE-7%20%20%20%7ClE-/D%20%20sE11%7C%20sE-7%20F%237%7C%20%20%20B7%239%7C%20%20%20%20%7ClE7%20E11%20%7CA7%20A-7%20%7CE/G%23%20G%20%7CC%5E9%20%20%20%7C%20%20%7C%20%20%7CT24%20%20%7CT44D%2B%20%7CD9sus%20%20%20%7CN1E-9%20A-11%20%7CD9sus%20%20%20%7CA-7%20QD9%235%2C%20%5DN2A-7%20F%237alt%20%5D%20%20%20%20%5B*CB%20%20%20%7CF%237%239%20%20%20%7CB6%20%20%20%7CE%5E7%20%20%20%7CEb7%20%20%20%7CE%5E7%20%20%20%7C%20
64abf602-6845-43cb-b9b4-052b9f0d2bee,irealbook://Simply%20The%20Best%3DTurner%20Tina%3DPop%3DF%3Dn%3D%5B*iT44F%3CS2%20singular%20notes...%20Bottom%20F%3E%20%20%20%7CF%20%20%20%7CF%20%20%20%7CF%20%20%20%7CY%7B*AF%20%20%20%7CF%20%20%20%7CF%20%20%20%7CF%20%20%20%7DY%7CN1D-%20%20%20%7CD-%20%20%20%7CBb%20%20%20%7CBb%20%20%20%7D%7CN2D-%20%20%20%7CD-%20%20%20%7CBb%20%20%20%7CC%20%20%20%5DY%5B*BF%20%20%20%7CF%20%20%20%7CF%20%20%20%7CF%20%20%20%7CD-%20%20%20%7CD-%20%20%20%7CC%20%20%20%7CC%20%20%20%5DY%5B*CBb%20%20%20%7CBb%20%20%20%7CD-%20%20%20%7CBb%20%20%20%7C%3CPiano%20/%20Strings%20...%20Octaves%3EBb%20%20%20%7CBb%20%20%20%7CC%20%20%20%7CC%20D%20%7D%3CAfter%20Mid%208%20Chorus%20up%20tone%20for%20solo%20and%20then%20repeat%20%3E%20%20%20%20%20%20%20%20%20%20%20%20%20%20%20%20%3C*44till%20finish.%20%3E%20
647ee1c7-6263-4dcc-bef1-e2e702685073,irealbook://Song%20For%20Bilbao%201%3DMetheny%20Pat%3Dchoice%3DF%3Dn%3D%5B*AT44%3CFor%20these%20two%20bars%20play%3EC7sus%20%20%20%7C%20x%20%20%7C%20%20%20r%7C%20%20%20%20%7CY%7C%3C*74%20%20one%20of%20these%20chords%20:%3EGb%5E7%2311/C%20Ab%5E7/C%20%7CG-7b5/C%20Eb7/C%20%7CC7sus%20%20%20%7C%20x%20%20%5DY%5B*BT68F%5E9%20Bb%5E7%20%7CEb%5E9%20F%5E9%20%7CDb%5E9%20Eb%5E9%20%7CF%5E9%20G%5E9%20%5D%20
648fdb66-97f9-428e-a1ad-a391bb3494d9,irealbook://Back%20To%20Black%3DWinehouse%20Amy%3DMedium%20Swing%3DD-%3Dn%3DY%7BT44%3C*72%20VERSE%201%20%28play%20as%20intro%20til%20vox%20enters%29%3ED-%20%7C%20%20%7CG-%20%7C%20%20%7CBb%20%7C%20%20%7CA%20%7C%20%20%7CD-%20%7C%20%20%7CG-%20%7C%20%20%7CBb%20%7C%20%20%7CA%20%7C%20%20%7C%7B%3C*68VERSE%202%2C%203%3ED-%20%7C%20%20%7CG-%20%7C%20%20%7CBb%20%7C%20%20%7CA%20%7C%20%20%7CD-%20%7C%20%20%7CG-%20%7C%20%20%7CBb%20%7C%20%20%7CA%20%7C%20%20%5D%5B%3CCHORUS%3ED-%2C%20%7C%20%20%7CG-%20%7C%20%20%7CBb%20%7C%20%20%7CA%20%7C%20%20%7CD-%20%7C%20%20%7CG-%20%7C%20%20%7CBb%20%7C%20%20%7CA%20%7C%20%20%7C%3C*42%20%20Drums%20%3E%20%3C*18only%3E%20%20%7C%20%20%20%7D%20%20%20%20%20%20%20%20%20%20Y%5B%3C*74BRIDGE%20%28half-time%20feel%29%3ED-%20%7C%20%20%7CBb%20%7C%20%20%7CF%20%7C%20%20%7CA%20%7C%20%20%7CD-%20%7C%20%20%7CBb%20%7C%20%20%7CF%20%7C%20%20%7BA%20%7C%20%20%7D%7B%3C*68END%20CHORUS%3ED-%20%7C%20%20%7CG-%20%7C%20%20%7CBb%20%7C%20%20%7CA%20%7C%20%20%7D%7CfD-%20%20Z
64513d1c-f553-4fa6-9070-a31ba8763e61,irealbook://Wizardry%231%20%20Edge%20of%20Town%3DComposer%20Unknown%3DPop%3DC%3Dn%3D%7B*AT44sC%2C%20F/A%2CC/G%2C%7CD-/F%2CG%2CC%2C%20%7CC%2C%20F/A%2CC/G%2C%7CD-/F%2CG%2CCsus%2CC%2C%7D%5B*BG%2C%20D%20%7Cx%20%20%20%7CG%2CA-%2CG/B%2CE-%2C%7CGo%20F%23o%2CD7%2C%7C%7CG%2C%20D%20%7Cx%20%20%20%7CG%2CA-%2CG/B%2CE-%2C%7CC%23h%2CD7%2CG%2C%20%5D%5B*CG%2C%20F/G%2CE-/G%2C%7CG7%2CG%5E7%2CG%2C%20%7CF-7%2CBb%2CEb%2CAb%2C%7CD%2C%20Gsus%2C%3CD.C.%20al%20Fine%3EG7Z
64b62f6b-95a8-4d23-b2e4-d1080740f1e4,irealbook://Worried%20Life%20Blues%3DFord%20Robben%3DRock%20128%3DC%3Dn%3D%7BT44C7%20%20%20%7CC7%20%20%20%7CF7%20%20%20%7Cpns%20Db9%2C%7Cl%20C9%2C%20%20%7C%20F7%20%20%7CC7%20%20%20%7CG7%20%20%3C5x%3E%20%7D%7BC7%20%20%20%7CC7%20%20%20%7CF7%20%20%20%7Cpsn%20Db9%2C%7Cl%20C9%2C%20%20%7C%20F7%20%20%7CC7%20%20%20%7CG7%20%20%3C4x%3E%20%7DF7%2Cp%20%20%7C%20C7%2C%20U%20Z%20
