id,url
7f8e47f2-1adb-40d5-881d-9a6fc87344b8,irealb://One%20For%20My%20Baby%3DArlen%20Harold%3D%3DBallad%3DEb%3D%3D1r34LbKcu7%20x%20ZL4Eb%5E7F%207%5EbEZL%20x%20ZL%20%20xZL%20x%20ZLbB/7-F%20-7/Bb4TA*%5BL7-F%207%20Bb-L7bD%207%5EbA%7CQyX7b%5EAZL7bE%207-bBZL7ZEb%5E7%5EbEZLQyX6bC7%239%2C/bA%2CbA%2C7-G%2C7-FZsL%2C9%237C%20%2C5%237GZLBb%7ClE%207-GZLD/7-D7b9%20ZL%20x%20ZL%20x%20ZL%20xZ%20LD/7-A%207%5EGB*%7B%5DG%5E7%20A%207hA%7C7-BZLZG%5E7%20%5EGZL7F%207%5EC%7CQyX%5E7CZL7G%207-DZL7-D7%20A-7L%20x%20ZG%207-D%2CLZB7Gl1N%7CD/C%2CC%2C7-B7%2C-AsZL%2C9%237E%20%2C5%236XyQ%7C9%237E%20%20ZL7CCG-7%20L7G%206Gl%7CD/C%2C7A7%2CE%2C7BsZL%20x%20ZL7CZG-7%20*%5B%5D%207yX7D%7C7%20Eb7AlZL%2C9b7E%207B2NLZQyX%7DQyX%2C5%237DZL-7XyQAZL%20xQ%7CG6%20G7/B%2CLZC7%20C%23o7LZA-7%20D7LZfG6XyQZ%20%3D%3D0%3D0
7f791ba5-1b1a-4786-a145-bd56c441df1f,irealb://%4C%6F%76%65%20%59%6F%75%72%73%65%6C%66%20%28%47%69%67%29=%42%69%65%62%65%72%20%4A%75%73%74%69%6E==%52%27%6E%27%62=%45==%31%72%33%34%4C%62%4B%63%75%37%34%32%31%2A%3C%34%3C%2A%36%33%42%5A%4C%45%20%2D%23%46%7C%51%79%58%2D%23%5A%43%4C%23%44%2F%42%20%45%3E%65%73%72%65%56%20%2F%44%23%20%20%34%54%41%2A%7B%41%20%2D%23%43%5B%2A%42%3C%2A%5A%4C%41%20%2D%23%43%7C%51%79%58%45%5A%4C%20%41%2D%23%43%3E%32%20%65%73%72%65%56%20%36%36%45%58%79%51%7C%59%7D%20%3E%78%20%45%5A%4C%41%51%7C%43%23%2D%4C%42%20%45%3E%73%75%72%6F%68%43%20%36%36%3C%2A%43%2A%5B%59%5D%51%79%58%37%42%5A%4C%41%20%5A%43%23%2D%20%79%58%45%5A%4C%51%79%58%45%3E%45%58%79%51%7C%6C%61%20%2E%43%2E%44%33%30%2A%3C%5A%4C%42%41%2F%20%45%5A%4C%41%20%2D%23%43%5A%4C%42%20%45%20%43%6F%64%61%5A%4C%42%2F%41%2F%41%20%45%5A%3C%2A%36%36%20%43%5A%4C%42%20%45%3E%73%6F%6C%6F%73%20%72%20%6F%79%64%6F%6C%65%6D%20%74%65%70%6D%75%72%54%23%2D%20%41%4C%44%2A%7B%59%5D%20%23%44%2F%42%79%51%7D%59%7B%23%46%7C%51%79%58%2D%23%43%5A%4C%23%44%2F%20%42%45%3E%65%73%72%65%56%20%35%36%2A%3C%41%2A%2D%20%45%4C%5A%58%45%5A%4C%42%32%31%2A%3C%45%32%78%3E%20%7D%20%45%5A%4C%41%20%2D%23%43%5A%4C%42%20%45%73%3E%75%72%6F%68%43%20%36%36%2A%3C%43%2A%7B%59%41%2F%42%4C%5A%39%30%2A%3C%20%20%20%54%69%6C%6C%20%63%75%65%3E%58%79%51%7D%20=%50%6F%70%2D%52%6E%42=%39%35=%31
7fc675e4-0c81-432a-948a-338659b9477e,irealb://%2E%2E%2ETime%20Challenge%20%20Beat%201%2E%20BLUES=Internal%20Time%20Challege==Internal%20Time%20Challege%20=C=7=1r34LbKcu74TZLQurn%20o%3EzzaJ%20yspyG%20es8U2%2A%3C%20%3E%20smurd%20ffXyQXyt84%2A%3CZL%20n%2CQKcl%20n%2C7CZL%20n%2C7CZL%20%2Cn7FZL%20n%2C7CA%2A%7BZL%20LZF7yX7C4ZL%297AC7%2Cn%207%2DEsZL%20n%2C7GZL%20ln%2C7%2DDsZL%20n%2C7AZL%2Cln%20%28ZL%20n%20sD%2D7%2Cln%20%28G7%29%20%7D%20=Jazz%2DGypsy%20Jazz=180=7
7f0fad2b-ee91-4159-af52-dd44e19959cb,irealb://Watermelon%20Man%20%28original%20changes%29=Hancock%20Herbie==Boogaloo=F==1r34LbKcu7%2F7%2DGs4F7%20sA%2A%7BYY%7D%20%20x%20ZL%20xZ%20L%20lcKE%2FW%2CC%2F7%2DGlF7%2C%204Ti%2A%7B%20bBl%2CKcl%20L%2DFs%20bBl%7C%2CD%2FW%2CC7%2F%2DGs%20%2C7FlZL%20x%20Z7%2CW%2FAE%2FW%2CC%7C%2CB%2FWW%2FE%2C%7CB%7CQyX9ClZL%20lcKE%2C%2FW%2CC%2F7%2DGs%20%2C7Flb9%20%20s%2C7%2DFsFl%7C%2CEQ%7CBb9Ws%20%2C9bB%3E%21kaerB%7C%3CQyX9Cl%7C%2CB%2FWs%20%20%2FC%2CW%2FyX9Clgnici%2D7%2FC%2C%20ni%20sdriht%20rojma%20oN%3C%7D%20%20lcK%2CE%2FWF7%20voGs%20%2C7%20%2Enrethe%20p%20QyXQyXQyXQyXQXy%3E%20gnipmoc%20onai%3Cpatt%20ni%20%2CXQyXQ%22C%20Eb%22%20eton%20ecarg%20suelb%20a%20htiw%20%2C%22F%20B%22%3EXy%20s%27tIyQXyQXyQ%20%3Csliding%20into%20the%20%22C%22%20of%20the%20voicing%2E%3E%20==0=0
7fcfb307-7057-4d25-9044-a3e654a5189d,"irealb://%42%6C%75%65%20%43%68%72%69%73%74%6D%61%73%20(%49%27%6C%6C%20%48%61%76%65%20%41%20%2E%20%2E%20%2E)%20%20%20%20%20%20%20%20%20%20%5B%23%5D=%62%65%32%73%68%61%72%70%20%41%52%52%3A==%5A%7A%20%43%68%6F%6F%73%65%20%41%6E%20%69%52%65%61%6C%20%53%74%79%6C%65=%43==%31%72%33%34%4C%62%4B%63%75%37%61%6C%20%65%68%79%51%20%20%4D%74%49%20%2E%67%6E%6F%73%20%72%75%6F%79%20%6F%72%66%20%79%65%6B%20%65%68%74%20%68%63%74%61%20%69%73%20%74%58%32%36%2A%3C%51%79%58%3E%2E%2A%33%36%6E%6F%67%6E%6F%73%20%72%75%6F%79%20%6E%6F%20%64%6F%72%68%63%20%74%73%61%6C%20%64%6E%61%20%65%74%20%70%61%67%65%3C%20%3E%74%73%75%73%61%65%6D%51%58%79%51%58%61%6C%20%65%68%74%20%73%65%69%70%6F%63%20%72%6F%74%6E%69%20%65%68%54%20%36%30%2A%3C%51%79%73%74%20%38%20%79%58%51%79%58%77%20%66%69%20%66%20%74%68%65%6C%70%20%73%64%72%6F%68%63%20%64%65%72%65%6E%74%65%43%30%36%2A%3C%20%3E%2E%67%6E%6F%73%20%61%79%20%61%73%6F%20%73%65%72%44%5A%4C%37%41%6E%20%6F%6E%20%34%54%69%2A%5B%51%79%58%51%79%58%51%79%58%79%51%58%51%79%58%3E%2E%65%6E%6F%20%74%61%65%62%34%47%2D%4C%5A%65%74%74%69%72%74%6F%6E%20%70%6F%4C%5A%47%37%70%20%33%20%65%64%75%6C%63%6E%69(%30%37%3C%2A%41%2A%7B%5D%20%78%5A%4C%43%5A%4C%78%5A%4C%69%63%6B%2D%75%23%46%5A%4C%2D%4C%20%43%20%5A%66%6F%72%65%20%5A%4C%20%2D%44%20%5A%4C%20%78%20%5A%4C%20%47%37%20%5A%4C%20%78%20%5A%4C%20%43%20%3E)%41%20%47%37%20%4C%65%62%20%73%65%78%20%5A%4C%20%5A%20%47%2D%20%20%78%20%5A%4C%20%37%44%20%5A%4C%20%78%20%4E%31%5A%4C%20%2D%44%20%5A%4C%20%37%41%20%5A%4C%4C%5A%20%47%37%4C%20%78%20%5A%70%20%75%6F%79%32%20%46%23%6F%41%20%20%51%79%58%32%34%2A%3C%5D%20%78%5A%43%4C%5A%4C%20%78%20%5A%4C%20%37%47%20%5A%4C%20%66%74%65%72%20%4E%7C%7D%20%20%64%65%6C%6C%61%68%65%20%65%6E%20%3E,%67%6E%69%64%6E%65%20%6E%61%20%73%65%27%72%65%68%20,%67%6E%6F%73%20%65%72%69%74%3C%2A%31%34%63%74%20%79%61%6C%51%79%58%3E%2E%61%67%E2%80%9D,%20%61%64%6F%63%20%61%20%68%74%69%77%20%64%65%72%6B%61%6D%20,%E2%80%9D%6F%72%74%75%6F%E2%80%9C%20%72%6F%20%73%69%67%6E%74%E2%80%9C%20%61%20%54%36%36%2A%3C%51%58%79%51%58%4C%43%5A%4C%78%5A%4C%37%47%5A%4C%6F%23%46%4C%5A%2D%44%5A%4C%37%41%5A%4C%2D%47%51%5B%51%79%5A%78%55%20%5A%79%58%51%79%58%2E%67%6E%6F%73%64%61%20%6D%65%66%6F%20%73%65%72%75%73%61%65%6D%20%38%20%73%74%61%6C%20%65%68%74%20%73%69%20%79%64%6F%6C%20%74%68%65%20%6F%63%20%65%68%65%6E%6F%20%22%30%22%53%68%6F%20%73%61%20%65%6D%61%73%20%65%68%74%20%79%6C%61%70%20%73%65%72%75%73%61%65%6D%20%22%74%72%22%6C%6F%6E%67%33%2A%3C%20%3E%43%22%20%65%6C%51%58%79%51%58%69%74%61%4C%20%65%68%74%20%79%72%54%51%79%51%58%79%58%30%37%2A%3C%51%79%58%51%79%58%51%79%6E%20%53%74%79%79%58%3E%2E%73%75%62%61%3A%20%43%68%61%20%43%68%61%22%2F%20%6D%6D%20%31%30%32%3E%20=%4C%61%74%69%6E%2D%43%75%62%61%3A%20%43%68%61%20%43%68%61%20%43%68%61=%31%30%32=%33"
7f3deaf3-87c3-4d87-bea2-230bad2add18,irealb://%45%72%61%20%55%6E%61%20%45%73%63%61%6C%65%72%61=%43%6F%6D%70%6F%73%65%72%20%55%6E%6B%6E%6F%77%6E==%4D%65%64%69%75%6D%20%53%77%69%6E%67=%45%2D==%31%72%33%34%4C%62%4B%63%75%37%7B%54%34%34%42%58%79%51%7C%45%2D%58%79%51%7D%20=%4A%61%7A%7A%2D%4D%65%64%69%75%6D%20%53%77%69%6E%67=%31%30%30=%33
7f42e22c-9c12-48ab-8526-9059ac53dff6,"irealb://%53%6F%6C%6F%20%43%72%69%73%74%6F=%48%69%6C%6C%73%6F%6E%67==%50%6F%70%20%42%61%6C%6C%61%64=%42=%30=%31%72%33%34%4C%62%4B%63%75%37%69%63%6E%65%6C%34%42%20%3C%2A%20%6F%73%6F%70%65%72%20%6E%45%20%39%36%2A%41%3C%2A%7B%7D%20%20%3E%34%78%20%51%79%58%37%35%65%6E%20%73%69%34%54%69%2A%7B%2A%3C%7C%7D%20%71%75%65%20%74%73%23%46%7C%51%79%58%2D%23%43%7C%51%79%58%7C%45%51%79%58%42%3E%2E%2E%2E%73%65%72%65%20%75%75%73%20%46%23%20%65%73%20%6F%58%2D%23%43%3E%6F%69%72%20%54%20%79%65%52%20%69%6D%20%65%72%69%75%67%65%20%73%65%74%20%7A%6F%76%20%65%63%6C%75%64%20%75%6D%69%2E%2E%2E%20%6C%41%32%37%32%4E%7C%5D%51%45%4C%5A%46%23%51%79%58%73%75%73%23%46%31%4E%5A%4C%45%20%7C%42%51%79%58%2D%23%43%5A%4C%23%46%20%73%75%73%7C%46%23%58%79%20%42%7C%51%79%3E%2E%2E%2E%6F%7B%2A%42%3C%2A%20%6F%6C%6F%73%20,%75%74%20%6F%6D%6F%63%65%20%69%64%61%6E%20%79%61%68%20%6F%4E%20%39%36%43%72%69%73%74%51%79%58%23%46%7B%7D%20%3E%20%51%7C%45%20%42%6F%54%20%39%36%2A%3C%20%2D%23%43%7D%51%79%2D%58%23%43%5A%4C%23%46%20%73%75%73%23%46%5A%4C%20%41%3E%20%3C%79%58%2D%23%47%23%46%5A%4C%45%58%79%51%20%20%7D%20%42%3E%33%78%20%20%51%79%58%36%36%2A%20%3C%23%46%5A%4C%45%20%2D%23%47%3E%6F%6C%6F%53%7C%47%23%2D%20%31%37%2A%3C%53%23%46%5A%4C%42%43%3C%2A%36%39%58%2D%23%47%3E%2E%2E%2E%69%74%20%6E%65%20%74%C3%A1%73%65%20%65%74%69%65%6C%65%64%20%69%4D%20%79%51%7C%45%20%2A%7B%51%79%58%58%79%51%7C%43%23%2D%58%79%51%7D%43%23%2D%58%79%51%5A%20=%50%6F%70%2D%53%6C%6F%77%20%52%6F%63%6B=%37%30=%31"
7f1bb0d8-f49b-462f-ad31-83c4e7c5dc92,"irealb://%42%65%6E%64%65%63%69%72%65%20(%41%6C%65%67%72%C3%AD%61%20%4D%65%20%44%61%73)%20%31=%48%69%6C%6C%73%6F%6E%67==%42%61%6C%6C%61%64%20%45%76%65%6E=%47==%31%72%33%34%4C%62%4B%63%75%37%43%7C%51%79%58%34%43,%2A%41%58%2D%41%53%7C%7D%20%47%20%23%46%2F%44%5A%47%4C%20%23%46%2F%44%7C%51%79%58%43%7C%51%79%58%79%51%7C%41%2D%34%54%69%2A%7B%43%2A%7B%7D%51%58%79%51%7C%7B%79%58%47%31%4E%7C%7D%20%51%20%20%44%7C%51%58%79%43%7C%51%79%58%2D%41%7C%51%79%58%47%42%2A%51%7C%47%58%79%44%7C%51%79%58%51%79%58%51%79%7C%42%2D%37%58,%44%3E%6F%54%51%79%58%51%79%58%51%79%58%79%51%58%36%36%2A%3C%7C%51%79%58%2D%45%7C%51%79%3C%2A%34%32%58%51%79%58%2D%41%6C%6C%69%54%51%3E%20%3C%2A%31%3C%44%7C%51%79%58%43%7C%51%79%58%2D%41%7C%79%51%58%47%51%7B%7D%20%53%20%3E%61%64%6F%43%38%2A%36%36%58%79%34%20%78%20%42%20%63%75%65%3E%58%79%51%7D%47%58%79%51%5A%20=%4A%61%7A%7A%2D%42%61%6C%6C%61%64%20%45%76%65%6E=%36%30=%33"
7ff89eb0-ed1a-439b-80ae-e64da40868d5,irealb://%56%C4%B0%43%44%41%4E%49%4E%20%41%46%46%45%54%53%C4%B0%4E%20=%20%53%C4%B0%4D%47%45==%50%4F%50%20=%46%23%2D==%31%72%33%34%4C%62%4B%63%75%37%5A%4C%51%79%58%34%20%46%23%2D%43%20%20%45%2F%39%2D%23%46%5A%4C%20%36%2D%20%42%5A%4C%20%45%2F%39%2D%23%46%20%5A%4C%20%39%23%2D%7D%2A%41%34%54%69%2A%7B%5A%4C%51%79%58%58%79%51%4C%5A%5A%4C%51%79%58%5A%4C%51%79%58%5A%4C%51%79%5A%58%4C%51%79%58%5A%4C%51%79%58%5A%4C%51%79%58%58%79%51%4C%5A%5A%4C%51%79%58%5A%4C%51%79%58%58%79%51%4C%5A%5A%4C%51%79%58%5A%4C%51%79%58%5A%4C%51%79%5A%58%4C%51%79%58%5A%4C%51%79%58%5A%4C%51%79%58%58%79%51%4C%5A%5A%4C%51%79%58%5A%4C%51%79%58%58%79%51%4C%5A%5A%4C%51%79%58%5A%4C%51%79%58%5A%4C%51%79%5A%58%4C%51%79%58%5A%4C%51%79%58%5A%4C%51%79%58%58%79%51%4C%5A%5A%4C%51%79%58%5A%4C%51%79%58%58%79%51%4C%5A%5A%4C%51%79%58%5A%4C%51%79%58%5A%4C%51%79%5A%58%4C%51%79%58%5A%4C%51%79%58%5A%4C%51%79%58%58%79%51%4C%5A%5A%4C%51%79%58%58%79%51%4C%5A%58%79%51%4C%5A%58%79%51%20%5A%20==%30=%30
7f1906a2-9e9c-4621-9006-67e012d83c30,irealb://%44%72%20%52%65%6E%61%75%64%20%4D%69%73%74%65%72%20%52%65%6E%61%72%64=%53%65%63%68%61%6E%20%52%65%6E%61%75%64==%50%6F%70%20%52%6F%63%6B=%41%2D==%31%72%33%34%4C%62%4B%63%75%37%47%5A%4C%46%20%34%41%2D%20%46%45%20%47%5A%4C%46%20%2D%41%41%2A%7B%5A%4C%79%51%58%7C%72%51%79%58%5A%4C%2D%45%20%47%5A%4C%2D%4C%5A%41%2D%34%54%69%2A%5B%20%2D%41%5A%4C%20%7D%5B%2A%42%4C%46%20%2D%41%41%2A%7B%5D%20%51%79%58%7C%51%72%79%58%5A%4C%2D%45%20%47%5A%4C%46%20%2D%41%5A%47%20%45%2D%37%6F%23%47%20%5A%4C%20%37%45%47%23%6F%37%20%20%43%2A%7B%5D%20%51%79%58%7C%72%51%79%58%4C%5A%2D%45%20%47%5A%4C%46%20%2D%41%42%2A%5B%7D%46%20%4C%5A%20%20%47%5A%4C%46%51%79%58%5A%4C%5A%20%46%20%20%4C%46%20%2D%41%42%2A%7B%5A%4C%51%79%58%5A%51%4C%79%58%5A%4C%51%79%58%5A%4C%20%46%20%7C%7D%5A%47%20%45%2D%4C%47%20%2D%41%72%7C%58%79%51%20%7D%20=%50%6F%70%2D%52%6F%63%6B=%31%31%34=%31
7fcbbf11-dd1e-4b0e-8068-202cae732890,irealb://%46%69%64%64%6C%65%72%27%73%20%44%72%65%61%6D=%54%72%61%64%69%74%69%6F%6E%61%6C==%46%69%64%64%6C%65%20%54%75%6E%65=%47==%31%72%33%34%4C%62%4B%63%75%37%42%2A%7B%59%7D%32%47%58%79%51%51%79%58%44%7C%51%79%58%43%7C%51%79%58%47%51%7C%79%58%44%7C%51%79%58%47%7C%51%79%58%47%7C%7C%47%58%79%51%32%54%41%2A%7B%44%58%79%51%7C%44%58%79%51%7C%41%58%79%51%7C%44%58%79%51%7C%44%58%79%51%7C%44%58%79%51%7C%41%58%79%51%7C%44%58%79%51%7D%20==%31%30%30=%33
7f17bb8e-8421-417e-af32-71f475b8e3ba,irealb://%42%65%77%69%74%63%68%65%64%20%28%42%65%6C%6F%66%66%20%61%72%72%2E%29=%52%69%63%68%61%72%64%20%52%6F%64%67%65%72%73%2C%20%4C%6F%72%65%6E%7A%20%48%61%72%74==%4D%6F%64%65%72%61%74%65%6C%79%20%53%6C%6F%77=%47==%31%72%33%34%4C%62%4B%63%75%37%47%5A%4C%6F%23%34%47%20%47%6F%4C%6F%23%47%20%47%41%2A%7B%5D%51%79%58%37%7C%44%51%79%58%2D%41%5A%4C%37%45%20%37%44%5A%4C%5A%41%2D%20%41%34%54%69%2A%5B%4C%20%51%79%58%43%5E%37%20%43%79%58%37%44%7C%51%79%58%2D%41%31%4E%5A%4C%37%2C%45%20%37%44%5A%4C%6F%47%20%47%5A%4C%6F%23%51%7D%58%79%51%5A%4C%37%42%20%58%37%44%7C%51%37%58%79%51%7C%51%79%58%70%7C%51%79%58%2D%45%7C%51%79%58%7C%70%51%79%58%2D%41%42%2A%5B%5D%51%79%58%37%45%7C%41%2D%58%79%5E%43%32%4E%5A%4C%6F%23%43%20%37%20%45%6F%4C%37%42%20%47%5A%4C%6F%23%41%20%2D%41%5A%4C%23%6F%47%20%47%41%2A%5B%5D%20%37%44%20%2D%41%5A%4C%5A%43%5E%37%2D%42%7C%51%79%5A%47%20%47%6F%4C%5A%41%2D%20%44%37%4C%5A%47%20%43%4C%5A%47%58%79%51%5A%20=%4A%61%7A%7A%2D%42%61%6C%6C%61%64%20%53%77%69%6E%67=%39%30=%32
7f21b949-6e5d-4a70-854e-57e4f4a9babe,irealb://%4C%6F%76%65%20%49%73%20%49%6E%20%54%68%65%20%41%69%72%20%28%42%65%6C%6F%66%66%20%61%72%72%2E%29=%48%61%72%72%79%20%56%61%6E%64%61%2C%20%47%65%6F%72%67%65%20%59%6F%75%6E%67==%50%6F%70%20%2D%20%44%69%73%63%6F=%43==%31%72%33%34%4C%62%4B%63%75%37%4C%70%5A%4C%43%34%47%4C%5A%70%43%41%2A%7B%5D%20%37%47%5A%4C%37%2D%44%5A%70%4C%5A%4C%47%5A%4C%37%47%5A%4C%37%2D%44%5A%4C%4C%5A%70%4C%5A%32%54%69%2A%5B%4C%70%5A%4C%47%5A%70%4C%5A%46%37%5E%46%5A%4C%70%5A%4C%37%5E%46%5A%4C%70%4C%5A%43%5A%4C%70%5A%4C%43%5A%4C%70%5A%4C%37%5E%4C%5A%70%4C%5A%4C%37%5E%46%5A%7D%20%37%47%5A%4C%5A%47%4C%5A%4E%5A%4C%70%5A%4C%47%5A%4C%70%5A%4C%43%5A%70%4C%5A%4C%62%41%5A%4C%70%5A%4C%2D%41%5A%4C%70%31%44%2D%37%4C%70%5A%4C%46%5A%4C%43%43%2A%5B%37%4C%5A%46%2D%73%75%73%37%47%5A%4C%37%47%5A%4C%39%47%5A%47%4C%5A%4C%37%47%5A%4C%36%47%5A%4C%47%5A%4C%36%4C%5A%47%37%20%2D%44%32%4E%7C%4C%70%5A%4C%70%5E%37%4C%5A%70%7C%2C%37%62%41%2C%2D%41%73%5A%4C%37%2D%45%4C%5A%70%5A%4C%37%5E%46%5A%4C%70%5A%4C%43%5A%4C%6C%47%37%4C%5A%46%5A%4C%70%5A%5A%70%20%5A%20==%31%33%30=%32
7f9d18a5-58b6-47e5-85d8-c08cff47a131,irealb://%45%75%20%51%75%65%72%6F%20%C3%89%20%44%65%75%73=%2E==%4D%69%6E%69%73%74%C3%A9%72%69%6F%20%4C%69%76%72%65=%43==%31%72%33%34%4C%62%4B%63%75%37%3E%2E%2E%2E%2E%34%47%58%79%51%65%20%75%45%20%20%39%36%2A%3C%41%2A%7B%7D%79%51%58%78%7C%51%79%58%37%43%7C%51%79%58%78%7C%75%20%65%75%20%34%54%69%2A%7B%58%78%3E%41%20%78%58%79%51%7C%52%3C%7C%51%79%58%47%7C%51%79%58%78%7C%51%58%79%2D%41%7C%7D%51%79%58%78%7C%51%79%58%37%43%65%70%65%74%65%7C%51%79%58%47%79%58%47%7C%51%42%3C%2A%36%39%79%58%44%3E%2E%2E%2E%6D%69%73%73%61%20%61%72%69%65%72%72%6F%6D%20%6D%C3%A9%75%67%6E%69%4E%20%51%7C%78%58%79%2A%7B%5D%51%79%51%7C%78%58%79%51%7D%7C%44%58%79%51%7C%43%58%79%51%7C%47%58%79%51%7C%78%58%79%51%5D%20==%30=%30
7f751eec-fe23-467d-9e46-95a4a4c80cf8,irealb://%50%6F%72%71%75%65%20%54%65%20%41%62%61%74%65%73=%2E==%46%6F%6C%6B=%43=%39=%31%72%33%34%4C%62%4B%63%75%37%2D%41%5A%4C%2D%2D%58%79%51%7C%5A%4C%2D%41%20%47%41%2A%5B%7D%51%79%58%2A%2A%34%44%7C%51%79%58%2D%45%7C%51%79%58%42%2F%47%47%2F%42%20%45%41%34%34%54%7B%42%2A%5B%5D%2C%4C%5A%47%20%43%41%20%47%5A%4C%2A%34%2A%44%20%2D%41%5A%4C%45%2D%20%42%2F%47%5A%4C%2D%41%20%47%5A%4C%47%2F%2D%2C%47%2F%42%2A%34%2A%44%20%41%5A%4C%2D%45%43%4C%5A%42%2D%43%2F%44%20%5E%43%7C%2C%42%2F%47%2C%2D%41%47%20%5A%4C%2A%34%2A%44%20%2D%41%5A%4C%2D%45%20%4C%5A%42%2D%20%2F%44%20%5E%43%4C%2A%34%2A%44%2A%4C%5A%3C%56%2D%45%20%2D%42%5A%4C%43%2F%44%20%5E%43%43%5B%2A%5D%20%47%2F%43%20%47%3E%41%20%61%74%6C%6F%4C%5A%41%2D%20%34%2A%44%20%2D%72%74%6E%69%20%2D%2C%47%2F%42%3C%66%5A%4C%2A%34%2A%44%20%2D%41%5A%4C%2D%20%45%2D%42%5A%4C%43%2F%44%20%23%43%2F%41%7C%2C%56%6F%6C%74%61%41%20%2D%45%5A%6F%3E%47%58%79%51%5D%20==%30=%30
7f61bb05-af9b-4672-9480-e4467f53404d,irealb://%41%6C%77%61%79%73%20%41%6E%64%20%46%6F%72%65%76%65%72%20%52%65%76=%4D%65%74%68%65%6E%79%20%50%61%74==%42%61%6C%6C%61%64=%41%2D==%31%72%33%34%4C%62%4B%63%75%37%37%2D%45%2C%37%34%41%2D%58%79%2D%41%41%2A%5B%5D%20%31%31%2D%44%20%36%2D%7C%44%51%79%58%2D%41%7C%51%79%58%36%2D%44%7C%51%39%20%73%44%2D%34%54%69%2A%5B%36%62%45%20%37%37%20%73%47%39%68%23%46%20%47%2F%37%5E%43%5A%4C%36%62%41%39%20%2D%41%6C%7C%2C%23%47%2F%37%45%2C%73%75%73%37%4C%5A%46%5E%5E%46%6C%7C%2C%2D%45%2C%39%2D%20%47%39%73%75%41%42%2A%5B%5D%20%23%47%2F%45%20%29%46%28%2F%47%37%5E%2D%46%7C%51%79%58%37%5E%43%5A%4C%73%2D%39%20%73%44%39%44%5A%4C%39%2C%47%2F%57%2C%2D%37%20%42%62%42%2F%57%2C%37%2D%43%73%7C%51%79%58%37%5E%44%62%5A%4C%44%2F%62%42%20%37%5E%62%45%5A%4C%37%62%2C%41%62%5E%46%6C%7C%2C%37%39%2D%41%6C%43%57%2F%45%62%2C%45%2C%68%42%20%2C%37%5E%47%73%5A%4C%35%62%44%37%20%37%68%41%6C%5A%4C%2C%44%2F%37%2D%47%6C%37%2C%5D%5B%2A%2C%37%2D%46%7C%37%68%23%46%20%2C%45%2D%37%2C%5A%4C%36%62%41%20%39%2D%41%6C%7C%2C%23%47%37%2F%45%2C%73%75%73%39%47%73%20%37%5E%46%6C%7C%43%5E%37%2F%47%37%2D%44%73%20%2D%46%7C%51%79%5E%37%20%45%62%51%79%58%47%2F%36%2D%46%7C%51%79%58%37%5E%5A%43%4C%2C%73%75%73%39%47%20%39%44%5A%4C%39%36%7C%43%5E%37%58%46%7C%59%5A%4C%36%2F%47%20%20%51%73%45%2F%47%23%5D%58%79%51%58%79%51%20%20%5B%55%51%6C%41%2D%39%2C%20%20%5A%20=%4A%61%7A%7A%2D%42%61%6C%6C%61%64%20%44%6F%75%62%6C%65%20%54%69%6D%65%20%46%65%65%6C=%38%30=%33
7fe7e3ee-e655-4f63-a4d9-2f001627a618,irealb://%57%68%69%74%65%20%43%68%72%69%73%74%6D%61%73%2D%52%65%76%20%4A%45=%42%65%72%6C%69%6E%20%49%72%76%69%6E%67==%43%68%72%69%73%74%6D%61%73=%43==%31%72%33%34%4C%62%4B%63%75%37%51%79%58%37%2D%34%43%5E%20%45%20%2C%37%62%41%7C%51%79%58%37%2D%44%6C%7C%37%2C%41%2C%37%62%41%73%20%37%41%5A%4C%42%2F%37%47%37%4C%5A%44%34%54%41%2A%7B%20%5E%46%5A%4C%2F%46%4C%5A%45%2D%47%5A%4C%23%46%2F%39%44%20%5E%43%7C%5A%37%4C%62%44%20%37%2D%44%5A%4C%37%62%45%20%37%2D%37%20%47%62%37%57%20%37%47%7C%7C%51%79%58%31%42%62%37%2F%44%41%7C%51%79%58%37%62%45%7C%51%79%58%37%2D%31%45%4E%7C%59%5A%4C%37%62%42%20%29%37%2D%46%28%62%31%33%23%31%5A%4C%45%2F%57%62%44%6E%2C%37%62%37%20%7D%7C%37%62%45%6E%2C%5E%43%73%5A%4C%51%2C%37%62%20%44%37%2D%44%5A%4C%37%62%45%20%37%2D%45%32%4E%2C%6E%7C%41%62%44%20%37%2D%44%37%2C%6E%5D%7C%51%46%23%68%2C%6E%46%2D%36%2C%6E%7C%45%2D%37%2C%6E%45%62%37%2C%6E%7C%44%2D%37%2C%6E%44%62%5E%2C%6E%7C%55%6C%43%36%58%79%51%5A%20=%4A%61%7A%7A%2D%4D%65%64%69%75%6D%20%53%77%69%6E%67=%31%35%30=%35
7f583ed7-f065-4b1a-b3d3-87d065146738,irealb://%41%20%44%72%65%61%6D%20%49%73%20%41%20%57%69%73%68%20%59%6F%75%72%20%48%65%61%72%74%20%4D%61%6B%65%73%20%28%43%69%6E%64%65%72%65%6C%6C%61%29%20%47%53%20%31=%44%61%76%69%64%2D%48%6F%66%66%6D%61%6E%2D%4C%69%76%69%6E%67%73%74%6F%6E==%4D%65%64%69%75%6D%20%53%77%69%6E%67=%44==%31%72%33%34%4C%62%4B%63%75%37%37%2D%45%7C%51%34%44%5E%37%58%7C%51%79%58%37%5E%44%5A%4C%20%6C%63%4B%51%58%79%37%5E%44%7C%51%79%58%37%6F%23%43%7C%51%79%46%23%37%58%79%34%54%41%2A%5B%58%37%5E%44%5A%37%58%79%51%7C%51%79%58%37%41%5A%4C%20%6C%63%4B%51%79%58%2D%37%45%7C%51%79%58%37%42%7C%51%79%58%37%2D%45%4B%63%6C%20%4C%42%7C%51%79%58%51%79%58%2C%37%37%20%41%37%2C%6C%63%4B%51%79%58%37%5E%44%7C%51%79%58%37%23%6F%43%7C%51%79%58%37%5E%44%42%2A%5B%59%5D%20%20%4C%5A%41%2D%2D%45%7C%51%79%2D%45%7C%51%79%51%7C%47%36%20%79%58%37%5E%44%7C%51%79%58%37%43%7C%51%79%39%58%2D%47%7C%7C%51%79%58%37%2D%45%5A%4C%37%42%51%7C%45%37%58%79%58%37%44%7C%37%58%79%51%7C%41%37%62%39%58%79%51%7C%2C%55%2C%44%5E%37%58%79%51%7C%45%2D%37%20%41%37%20%5D%20=%4A%61%7A%7A%2D%47%79%70%73%79%20%4A%61%7A%7A=%31%33%35=%36
7f7ff208-9241-44d0-a48f-5cf285530ac7,irealb://%55%73%65%64%20%54%6F%20%42%65%20%2D%20%46%6C%69%6E%6E%65%72=%4D%6F%6E%72%6F%65%20%42%69%6C%6C==%50%6F%70%20%2D%20%42%6C%75%65%67%72%61%73%73=%47==%31%72%33%34%4C%62%4B%63%75%37%58%47%5A%4C%20%54%34%34%47%58%58%47%7C%51%79%58%44%7C%51%79%58%43%5A%4C%78%20%20%5A%4C%20%78%20%5A%4C%20%6C%63%4B%51%79%79%51%4B%63%6C%2C%41%2A%2C%5B%6C%63%4B%51%79%20%4C%5A%20%78%2C%5B%5D%20%20%6C%63%4B%51%79%58%47%7C%51%58%79%44%7C%51%79%58%43%5A%4C%20%78%20%5A%4C%20%2A%42%2C%43%58%6C%63%4B%51%79%78%20%5A%4C%20%79%51%4B%63%6C%6C%63%4B%51%79%58%47%5A%4C%20%6C%63%4B%51%58%79%44%5A%4C%20%6C%63%4B%51%79%58%43%5A%4C%20%20%4C%5A%20%78%58%47%5A%4C%20%20%4C%5A%43%58%79%51%7C%44%58%79%51%7C%47%58%79%51%4B%63%6C%20%20%5D%20==%30=%30
7fb0a8b3-5dd2-465f-99a0-9620b8e2ab2b,irealb://%45%6C%65%20%65%20%45%75%20%20%4F%4D%44%50=%50%69%78%69%6E%67%75%69%6E%68%61%20%2D%20%4C%61%63%65%72%64%61==%50%6F%6C%63%61%20%43%68%6F%72%6F=%46==%31%72%33%34%4C%62%4B%63%75%37%2F%37%45%20%2D%37%58%79%51%7C%46%7C%51%79%58%37%43%7C%51%79%58%41%2F%46%4C%5A%62%42%2F%43%20%42%2F%37%47%7C%51%79%58%46%58%79%51%7C%41%43%32%32%54%5B%7C%51%79%58%2D%2F%43%20%41%37%2F%37%44%20%2D%47%5A%4C%41%2F%37%44%20%62%5A%42%4C%23%43%2F%37%46%20%2D%44%5A%4C%23%43%2F%46%23%4C%5A%47%2D%41%5A%4C%42%7C%51%79%58%2D%79%51%7C%46%20%37%41%7B%5D%20%51%20%20%46%3E%65%6E%69%46%5A%3C%4C%2C%37%43%20%37%47%5A%4C%23%46%2F%37%44%58%79%51%7C%44%58%36%2D%62%42%79%58%23%46%2F%58%79%51%7C%47%58%37%41%7C%51%79%58%37%62%42%7C%51%79%58%41%2D%7C%51%79%58%23%47%2F%37%45%7C%51%79%58%2D%79%51%7C%44%37%23%46%2F%37%44%3C%5A%4C%37%41%79%51%7C%43%37%5A%4C%43%2F%2D%44%20%2D%44%5A%4C%37%41%20%62%35%37%2D%45%7C%51%79%58%46%7C%51%79%58%45%2F%45%37%2F%42%20%58%37%47%7C%51%6F%23%43%7C%51%61%6C%20%43%6F%51%79%58%42%2F%37%47%7C%51%79%58%2D%43%7C%79%51%58%62%42%51%7B%7D%51%79%58%2D%44%3E%61%64%7C%43%2D%58%79%20%2E%53%2E%44%2F%2D%43%7C%51%62%2F%44%58%79%51%79%58%23%46%2F%37%44%7C%51%79%58%62%42%51%7C%79%58%37%46%7C%51%79%58%45%2F%37%43%7C%51%7C%44%6F%58%79%42%7C%51%79%58%45%62%58%79%51%7C%46%23%37%58%79%51%7C%42%62%20%47%37%4C%5A%43%37%20%46%37%4C%5A%3C%44%2E%43%2E%20%61%6C%20%46%69%6E%65%3E%42%62%58%79%51%7D%20=%4C%61%74%69%6E%2D%42%72%61%7A%69%6C%3A%20%53%61%6D%62%61=%31%35%35=%31
7f733ca6-ad72-41e3-b6de-58e655a6cc13,irealb://%4A%6F%6A%6F%20%53%77%69%6E%67=%53%61%75%73%73%6F%69%73%20%50==%4D%65%64%69%75%6D%20%53%77%69%6E%67=%41%2D==%31%72%33%34%4C%62%4B%63%75%37%41%31%4E%5A%4C%34%3C%20%41%41%79%58%37%45%5A%4C%20%6C%63%4B%51%79%58%37%42%62%5A%4C%20%6C%63%4B%51%79%58%2D%41%3E%41%42%51%4B%63%6C%20%34%54%41%2A%7B%6C%63%4B%51%79%45%37%20%3C%46%5B%5D%20%20%6C%63%4B%51%79%58%2D%41%32%4E%4C%5A%20%51%79%58%51%79%58%7D%20%20%3E%65%6E%69%2A%42%47%37%58%7C%51%79%58%2D%20%20%78%20%3E%58%79%51%4B%63%6C%61%20%2E%43%2E%44%3C%7C%51%79%58%37%45%4C%5A%20%6C%63%4B%51%79%58%37%62%42%5A%4C%20%6C%20%46%69%6E%65%2C%43%5A%4C%20%5D%20==%30=%30
7f589e39-2b0b-4e10-9c61-fd7e5cc89663,irealb://%46%61%74%65=%47%61%79%20%42==%4D%65%64%69%75%6D%20%53%77%69%6E%67=%41%2D==%31%72%33%34%4C%62%4B%63%75%37%51%79%58%2D%41%34%3C%20%41%41%4B%51%79%58%37%45%5A%4C%20%6C%63%4B%51%79%2D%58%44%5A%4C%20%6C%63%4B%51%79%58%2D%41%3E%42%63%6C%20%4C%5A%34%54%41%2A{%20%6C%63%4B%51}[%2A%42%41%20%6C%63%4B%51%79%58%37%47%5A%4C%20%6C%63%51%4B%79%58%37%44%5A%4C%20%6C%63%4B%51%79%58%37%4C%5A%43%58%79%20%20%6C%63%4B%58]%51%79%58%58%79%51%4B%63%20%20%43%7C%51%79%58%37%47%7C%51%79%58%37%7C%44%51%79%58%37%41%7C%51%79%58%43%5A%4C%20%6C%51%4C%5A%45%37%37%62%41%5A%4C%79%51%58%79%51%58%79%51%58%79%51%7C%51%43%58%79%51%5A%20==%30=%30
7ff49a79-1f0d-4f30-a7a9-416455d44174,irealb://%57%68%65%6E%20%44%61%79%20%49%73%20%44%6F%6E%65%20%31=%4B%61%74%73%63%68%65%72%2D%44%65%73%79%6C%76%61==%4D%65%64%69%75%6D%20%53%77%69%6E%67=%47==%31%72%33%34%4C%62%4B%63%75%37%47%7C%51%79%58%34%3C%20%41%42%58%37%44%7C%51%79%58%2D%41%5A%4C%6F%62%41%2D%20%41%7C%51%79%58%37%23%46%7C%51%79%58%47%3E%79%51%7C%44%37%34%54%41%2A[%41%5A%4C%6F%23%6C%20%4C%5A%47%20%6C%63%4B%51%79%58%37%44%5A%4C%20%6C%63%51%4B%79%58%37%41%7C%51%79%58%37%45%7C%51%79%58%4C%5A%47%20%47%63%4B%51%79%58%37%42%5A%4C%37][%2A%42%47%51%79%58%37%44%7C%51%79%58%2D%41%5A%4C%6F%41%62%20%2D%41%7C%51%79%58%37%23%46%7C%51%79%58%7C%44%37%20%43%20%37%44%20%2D%79%58%47%5A%4C%6C%20%4C%5A%44%5A%4C%2D%62%42%20%2D%42%7C%51%79%58%37%46%51%7C%79%58%43%7C%51%79%58%37%47%7C%51%79%58%2D%41%2D%20%44%37%63%4B%51%79%58%51%4B%63%6C%20%20%5A%20==%30=%30
7fbe8c97-3ecf-4c4c-9239-668ec6003741,irealb://%53%69%20%54%75%20%50%72%65%73%65%6E%63%69%61%20%43%6F%6E%6D%69%67%6F%20%4E%6F%20%56%61%20%28%20%41%6C%65%78%20%29=%4F%61%73%69%73==%42%61%6C%6C%61%64=%43=%36=%31%72%33%34%4C%62%4B%63%75%37%2D%44%31%4E%76%20%28%44%2D%29%29%47%28%20%29%43%28%20%29%46%28%20%29%2D%28%44%20%20%29%47%28%20%29%43%28%20%29%46%28%20%58%79%51%20%2A%20%69%2A%20%20%20%51%79%58%51%70%47%2F%42%4C%51%79%58%51%79%58%51%79%58%3E%32%58%33%33%3C%2A%20%37%2D%41%70%2C%42%2F%47%70%2C%43%20%5A%58%79%51%58%79%2C%43%70%2C%37%51%79%58%51%79%2D%37%2C%70%46%4E%69%2A%20%20%51%79%58%3E%32%58%39%33%2A%20%3C%20%37%2D%41%20%42%2F%47%20%2C%43%20%5A%4C%32%58%79%51%58%44%31%4E%43%2A%51%79%58%51%79%51%2A%76%4E%31%33%2A%3C%20%37%2D%41%70%2C%42%2F%47%70%2C%20%43%5A%4C%2C%42%2F%47%70%2C%43%70%2C%37%2D%44%33%58%32%3E%58%79%58%51%79%58%3E%32%58%30%33%51%58%79%51%58%2D%41%3E%51%79%58%3C%20%42%2F%47%20%2C%43%4C%5A%46%70%2C%37%2D%44%32%4E%43%2A%20%20%51%79%37%20%20%3C%2A%79%58%51%79%58%43%28%20%29%46%20%20%3E%58%79%44%28%51%79%58%51%79%58%51%79%58%51%79%58%79%51%58%51%79%58%3E%6F%6C%6F%53%37%32%2A%3C%51%2D%37%29%20%28%3C%20%51%79%58%29%20%28%47%29%58%79%51%58%79%51%58%79%51%2A%42%4E%31%44%2D%37%20%70%46%2C%70%43%20%28%47%2F%42%29%41%2D%37%20==%30=%30
7fbb8d5f-4fa1-49ae-9ba4-ade824b28137,"irealb://%41%64%6F%72%65%6D%6F%73=%4A%65%73%75%73%20%57%6F%72%73%68%69%70%20%43%65%6E%74%65%72==%57%6F%72%73%68%69%70=%45=%30=%31%72%33%34%4C%62%4B%63%75%37%6F%6D%65%74%6E%34%43%23%2D%20%39%36%2A%3C%41%2A%7B%5D%20%73%75%73%45%20%5A%45%4C%42%20%2D%23%46%5A%4C%45%20%41%5A%4C%42%20%4C%65%76%61%34%54%69%2A%5B%4C%45%20%41%5A%73%74%72%61%73%43%7C%51%79%58%42%7C%51%79%58%2D%23%43%7C%79%51%58%42%7C%51%79%58%45%3E%73%6F%6E%61%6D%20%23%2D%20%42%4C%65%75%6E%20%73%51%79%58%41%3E%42%4C%5A%45%58%6F%6D%65%72%6F%64%41%20%2E%2E%2E%73%6F%6D%72%65%6F%64%41%20%39%36%2A%3C%42%2A%7B%7D%51%79%73%2E%2E%2E%2E%20%2D%23%46%5A%3C%20%42%5A%4C%79%51%7C%45%58%3E%2E%2E%2E%61%64%69%76%20%75%73%20%6E%65%75%69%51%39%36%2A%3C%7B%7D%51%79%58%42%7C%51%79%46%23%2D%20%41%58%2D%23%43%7C%43%2A%7B%7D%20%54%6F%20%43%3E%54%20%20%39%36%2A%3C%20%3E%20%20%51%79%58%36%39%2A%3C%45%5A%4C%73%75%73%45%20%45%7D%20%20%6F%20%41%3E%20%20%20%39%36%2A%43%7C%51%79%58%52%65%79%20%64%23%47%2F%45%7C%51%79%58%41%3E%2E%2E%2E%6F%61%6E%72%65%62%6F%73%20,%73%65%79%65%72%20%65%58%79%51%7C%41%20%39%36%2A%3C%23%2D%58%79%51%7D%7C%55%45%58%79%51%5A%7C%20=%4A%61%7A%7A%2D%4D%65%64%69%75%6D%20%53%77%69%6E%67=%31%30%30=%33"
7f742be4-d81c-4ff7-90be-870e7c5b6b05,irealb://%49%27%6C%6C%20%46%6F%6C%6C%6F%77%20%54%68%65%20%53%75%6E%20%28%42%65%6C%6F%66%66%20%41%72%72%2E%29=%4A%6F%68%6E%20%4C%65%6E%6E%6F%6E%2C%20%50%61%75%6C%20%4D%63%43%61%72%74%6E%65%79==%4D%6F%64%65%72%61%74%65%6C%79=%47==%31%72%33%34%4C%62%4B%63%75%37%4C%2D%41%20%47%34%3C%2A%36%36%37%41%5A%4C%37%2D%42%20%47%3E%35%30%31%20%74%68%6F%6F%6D%53%2D%70%6F%50%20%79%72%54%20%20%20%44%37%4C%5A%34%54%69%2A%5B%4C%44%5D%20%47%5D%7B%2A%41%44%41%20%47%5A%4C%37%44%20%37%41%5A%4C%37%2D%20%42%47%5A%4C%37%41%5A%4C%47%5A%4C%37%43%5A%4C%2D%4C%5A%43%20%20%47%20%43%5A%4C%47%5A%4C%2D%47%4C%5A%41%37%42%2A%5B%5D%51%79%58%37%47%7C%51%79%58%47%4C%5A%37%44%20%37%41%5A%4C%37%2D%42%20%47%5A%4C%41%2D%4C%5A%43%5A%4C%37%43%5A%2C%37%44%20%37%41%2D%4C%5A%43%42%20%47%5A%4C%37%41%5A%4C%47%5A%4C%37%43%4C%5A%44%41%2A%5B%5D%20%2D%41%5A%4C%47%5A%4C%2D%2D%37%4C%5A%41%5A%4C%37%47%5A%58%37%47%7C%51%2D%4C%5A%43%20%37%44%20%37%41%5A%4C%37%2D%42%20%47%5A%4C%41%37%5A%4C%47%5A%4C%37%43%5A%4C%44%5B%5D%20%47%4C%5A%47%58%79%41%20%47%5A%4C%41%5A%4C%47%5A%42%41%2D%4C%5A%44%41%2A%5B%5D%20%2D%41%5A%4C%47%5A%4C%2D%5A%43%4C%2D%41%5A%4C%37%47%5A%4C%47%5A%4C%2D%43%4C%5A%43%37%4C%2A%5B%5D%51%79%41%5A%4C%37%2D%42%2D%37%4C%5A%37%41%5A%4C%47%5A%4C%37%43%5A%4C%44%5D%20%20%47%43%5A%4C%2D%41%20%47%5A%4C%37%44%20%37%41%4C%5A%47%20%42%20%47%5A%4C%37%37%20%44%37%4C%5A%47%4C%5A%70%20%5A%20=%50%6F%70%2D%53%6D%6F%6F%74%68=%31%30%35=%31
7fa96650-1739-4757-9532-cbd401e96eed,irealb://%54%63%68%61%76%6F%6C%6F%20%53%77%69%6E%67%20%28%4C%61%74%63%68%6F%20%44%72%6F%6D%29%20%64%66%62=%53%63%68%6D%69%74%74%20%54%63%68%61%76%6F%6C%6F==%55%70%20%54%65%6D%70%6F%20%53%77%69%6E%67=%44%2D==%31%72%33%34%4C%62%4B%63%75%37%51%79%58%2C%37%34%3C%58%79%51%33%3C%33%31%41%20%2C%33%31%62%42%5A%4C%2C%31%33%43%20%2C%39%2D%44%3E%42%43%42%41%42%41%20%78%3E%20%7D%41%34%54%69%2A%7B%20%5A%4C%20%7C%7D%7B%2A%41%44%5A%4C%37%41%5A%4C%78%5A%4C%36%2D%47%5A%4C%7C%20%72%20%5A%4C%20%7C%72%20%5A%4C%78%5A%4C%2D%78%4C%5A%20%72%20%20%6C%63%4B%5A%4C%37%62%45%44%2D%4C%5A%41%36%2D%47%5A%4C%78%5A%4C%2C%37%44%5A%4C%20%72%7C%20%5A%4C%78%5A%4C%2D%44%42%2A%5B%5D%20%37%4C%5A%78%4C%5A%5A%4C%20%7C%72%44%5A%4C%78%5A%4C%5A%78%4C%5A%78%5A%4C%46%5A%4C%78%5A%4C%37%43%43%2A%5B%20%7D%78%5A%4C%2D%44%5A%4C%37%41%5A%4C%37%62%42%4C%5A%41%37%4C%2D%44%5A%4C%78%5A%4C%20%7C%72%5A%43%37%4C%5A%4C%2D%44%42%2A%5B%5D%20%78%5A%4C%37%41%5A%78%4C%5A%4C%37%62%42%5A%4C%78%5A%4C%46%5A%4C%78%5A%78%4C%5A%20%4C%78%5A%4C%2D%44%37%2C%4C%5A%78%4C%5A%47%2D%36%4C%5A%78%4C%5A%45%62%37%4C%5A%78%4C%5A%44%2D%4C%5A%78%4C%5A%42%62%37%4C%5A%41%37%4C%5A%44%2D%4C%5A%78%20%5A%20=%4A%61%7A%7A%2D%47%79%70%73%79%20%4A%61%7A%7A=%32%34%30=%33
7f123184-f44a-4137-98d8-18cfdc9330a7,"irealb://%46%6F%72%20%4F%6E%63%65%20%49%6E%20%4D%79%20%4C%69%66%65%20(%53%74%65%76%69%65%20%57%6F%6E%64%65%72%20%76%65%72%73%69%6F%6E)=%4D%69%6C%6C%65%72%2D%4D%75%72%64%65%6E==%53%6F%75%6C=%46==%31%72%33%34%4C%62%4B%63%75%37%47%5A%4C%23%46%34%46%58%79%51%20%36%46%5A%4C+%46%20%46%41%2A%7B%20%20%79%51%58%51%79%58%7D%20%3E%78%33%3C%20%6C%63%4B%44%37%62%39%2F%34%54%69%2A%7B%20%46%5A%4C%39%20%44%37%4C%5A%31%4E%5A%4C%37%43%20%37%2D%47%5A%4C%37%5E%47%2D%20%2D%47%5A%4C%37%44%20)%37%43(%2D%47%46%20%43%37%23)%2D%47(%2D%43,%5E%62%42%2A%42%46%4C%5A%2D%47%73%5A%4C%37%2D%44%5A%4C%37%2D%41%5A%36%4C%62%42%5A%4C%37%5E%62%42%5A%4C%35%23%37%46,%41%2D,%7C%5B%5D%20%37%43%4C%37%2D%44%20%32%6C%46%5E%37%37%47%5A%4C%37%5E%62%42%5A%4C%35%23%37%46%4C%5A%46%43%2A%5B%51%79%58%37%46%5A%4C%36%46%20%4C%5A%46%2F%43%4E%7C%7D,%37%47%20%62%47%41%43%37%4C%5A%46%31%62%44%20%37%5E%44%5A%4C%45%20%36%62%47%4C%5A%33%31%43%20%37%5E%62%44%5A%4C%62%45%20%36%33%20%5D%7B%2A%20%37%2D%47%5A%41%20%2D%62%41%62%36%20%45%62%20)%37%62%45(%2D%62%41%5A%4C%37%62%45)%20%2D%62%41(%2D%62%41%5A%4C%47%2F%39%62%37%45%62%37%4C%5A%47%5A%4C+%62%5A%4C%37%5E%42%5A%41%62%2D%37%5A%4C%62%47%42%2A%5B%51%79%58%62%47%5A%4C%23%39%37%62%44%20%62%47%31%4E%5A%4C%37%62%44%20%47%62+%4C%5A%4C%37%5E%2D%62%79%58%37%62%47%62%2D%4C%5A%45%20%37%5E%62%47%6C%32%4E%7D,%37%62%44,%42%5E%7C,%2D%62%42,%2D%62%41%73%5A%4C%2D%62%47%62%36%4C%5A%42%5A%4C%36%42%7B%5A%4C%37%62%47%62%4C%5A%47%41%5A%4C,%2D%62%45%20,%62%44%2F%62%47%4C%5A%37%62%41%5A%4C%37%5E%42%5A%4C%35%23%37%62%62%2D,%20%44%43%2A%5B%5D%51%47%62%36%20%45%4C%5A%44%5E%37%20%44%62%31%33%4C%5A%47%62%36%20%45%4C%5A%44%5E%37%20%44%62%31%33%20%7D%20=%50%6F%70%2D%53%6F%75%6C=%31%31%30=%31"
7fa547f9-f089-44c5-891b-50370a7c49c6,irealb://%41%6C%6C%20%4E%69%67%68%74%20%4C%6F%6E%67%20%31=%52%69%63%68%69%65%20%4C%69%6F%6E%65%6C==%53%6F%75%6C=%47%62=%38=%31%72%33%34%4C%62%4B%63%75%37%64%61%45%7C%51%61%64%64%39%58%61%62%47%41%2A%7B%20%20%51%79%58%51%79%58%20%7D%3E%78%34%3C%20%20%39%64%64%61%45%7C%51%79%64%64%39%58%79%62%47%69%2A%7B%4C%20%39%64%64%7C%41%62%2D%37%42%2A%7B%20%20%2C%62%47%34%32%54%7C%7D%20%78%3E%35%3C%20%20%39%64%64%61%62%47%7C%51%79%58%54%34%34%45%61%51%79%58%39%64%7C%51%79%58%39%39%20%4C%5A%47%51%79%58%39%64%64%61%62%47%41%2A%7B%7D%20%39%20%64%64%61%62%47%7C%51%79%58%39%64%64%61%62%7C%45%61%64%64%64%64%61%45%5A%39%64%64%61%45%79%51%7C%47%62%64%61%45%34%34%54%42%2A%7B%20%20%2C%62%47%32%34%54%7C%7D%20%3E%78%35%3C%20%20%39%64%64%61%64%39%20%4C%5A%58%37%2D%62%41%45%5A%4C%20%39%61%64%64%39%58%5A%4C%2C%62%47%34%32%54%5A%4C%62%43%20%62%43%47%2A%7B%7D%20%20%39%64%64%61%62%47%7C%51%79%54%34%34%45%5E%62%47%5A%4C%20%20%39%64%64%61%78%3E%20%7D%47%2A%5B%20%20%51%79%58%51%79%58%51%79%58%51%58%79%5A%4C%2C%62%47%34%32%54%5A%4C%62%43%20%62%44%54%34%34%45%33%3C%20%39%5E%33%3C%20%6E%5A%4C%5A%20%6E%20%7B%20%20%6E%5A%4C%20%39%64%64%61%62%47%5A%20%4C%6E%20%7C%51%79%58%39%64%64%61%62%47%5A%4C%2A%44%6E%20%4C%39%64%64%61%45%64%61%45%42%2A%47%62%61%64%64%2D%62%45%7C%51%79%58%37%2D%62%45%7C%51%79%39%58%5E%45%7C%51%79%58%39%62%47%7C%51%79%58%39%37%58%79%51%7B%7C%7D%20%3E%78%64%39%58%79%51%7C%45%61%64%64%39%58%79%51%7C%47%62%61%64%64%39%58%79%51%7C%47%62%61%64%64%39%20%20%3C%35%78%3E%20%7D%20=%50%6F%70%2D%53%6F%75%6C=%31%31%30=%31
7fde36be-1b26-479a-afe5-c74dd8a3bfe3,irealb://%41%6C%6C%20%54%68%65%20%54%68%69%6E%67%73%20%59%6F%75%20%41%72%65%20%61%20%35=%4B%65%72%6E%20%4A%65%72%6F%6D%65==%4D%65%64%69%75%6D%20%55%70%20%53%77%69%6E%67=%41%62==%31%72%33%34%4C%62%4B%63%75%37%62%44%34%33%54%34%46%2D%37%58%5E%62%41%34%32%54%7C%51%79%58%37%62%45%34%54%33%7C%51%79%58%37%2D%62%42%34%32%54%7C%51%79%37%58%79%51%7C%33%54%41%2A%5B%32%54%7C%51%79%7C%54%32%34%44%33%54%42%2A%5B%5D%20%20%78%20%34%32%54%7C%79%51%58%37%5E%43%34%33%54%5A%4C%37%47%20%37%2D%34%43%2D%37%58%51%79%58%37%5E%4C%37%44%20%37%79%51%7C%54%33%7C%51%79%58%37%5E%62%41%34%33%54%7C%51%79%37%58%5E%62%45%34%32%54%7C%51%79%58%37%62%42%34%54%32%34%41%2D%58%37%2D%46%34%51%79%58%37%5E%5E%37%58%79%51%51%79%58%37%44%34%32%54%7C%51%79%58%37%2D%34%41%33%54%43%2A%5B%5D%20%20%78%20%34%32%54%7C%7C%54%33%34%47%47%34%33%54%5A%58%33%31%62%37%78%20%4C%5A%54%51%79%58%37%5E%45%34%33%54%7C%51%79%58%39%37%62%42%34%32%54%7C%51%79%58%37%68%23%46%34%33%7C%54%32%34%43%20%34%32%54%7C%33%54%7C%51%79%44%54%33%34%46%34%32%54%7C%51%79%58%37%62%45%34%33%54%7C%79%51%58%37%2D%62%42%34%32%54%7C%51%79%58%37%2D%41%62%5E%37%58%2A%5B%5D%51%79%79%58%37%2D%62%58%79%51%7C%54%51%79%58%37%6F%42%34%32%54%7C%51%79%58%37%43%2D%34%33%54%7C%51%79%58%37%5E%2D%62%44%34%32%7C%54%33%34%42%37%5E%62%44%34%51%7C%54%32%34%45%62%37%58%79%51%7C%55%54%33%34%41%62%5E%37%58%79%51%7C%54%32%34%47%68%37%20%43%37%62%39%20%5A%20==%31%38%30=%30
7f8c3b21-4e42-4f70-8b60-e2b79b1f4d13,irealb://%45%76%65%72%79%74%69%6D%65%20%49%20%53%65%65%20%59%6F%75=%46%72%61%20%4C%69%70%70%6F%20%4C%69%70%70%69==%52%6F%63%6B%20%50%6F%70=%43==%31%72%33%34%4C%62%4B%63%75%37%41%5A%4C%78%5A%2D%4C%5A%47%4C%5A%4C%2D%41%5A%4C%78%5A%4C%43%5A%4C%78%5A%2D%4C%41%5A%4C%78%5A%4C%43%53%41%2A%7D%20%46%5A%78%4C%5A%43%4C%41%5A%4C%43%7B%2D%41%5A%4C%78%5A%43%4C%5A%78%5A%4C%47%5A%4C%46%5A%4C%2D%45%5A%4C%43%5A%47%4C%5A%4C%46%42%2A%5A%4C%78%5A%4C%2D%41%5A%4C%4E%31%43%4C%5A%4C%78%5A%4C%2D%43%69%2A%5A%4C%5D%4E%32%41%2D%5A%4C%78%5A%4C%43%5A%4C%47%5A%4C%46%5A%4C%45%2D%5A%4C%43%5A%4C%47%5A%4C%46%5A%4C%47%5A%4C%41%2D%4C%5A%78%20%53%78%5A%4C%5A%4C%2D%41%5A%41%2D%4C%5A%78%5A%4C%2D%45%5A%4C%43%5A%4C%47%5A%4C%46%42%5A%2A%4C%78%5A%4C%2D%41%5A%4C%78%5A%4C%43%5A%4C%46%4C%5A%47%4C%5A%4C%78%5A%4C%52%3C%5A%4C%47%5A%47%4C%5A%43%2D%45%5A%4C%43%5A%4C%47%5A%4C%46%7B%20%2D%5A%45%4C%43%5A%4C%47%5A%4C%46%5A%4C%2D%45%5A%4C%4C%5A%46%4C%5A%4C%46%5A%4C%47%65%70%65%61%74%20%27%74%69%6C%20%45%6E%64%3E%41%2D%4C%5A%47%20%7D%46%4C%5A%47%4C%5A%43%20%5A%20=%50%6F%70%2D%52%6F%63%6B=%31%31%35=%31
7f387e9c-1c20-486b-94d2-497d9ce36bb4,irealb://%4A%6F%6C%6C%79%20%4F%6C%64%20%53%74%2E%20%4E%69%63%68%6F%6C%61%73%20%56%69%6F%6C%69%6E=%45%78%63%65%6C%63%69%61%20%4D%75%73%69%63%20%50%75%62%6C%69%73%68%69%6E%67==%4D%65%64%69%75%6D%20%53%77%69%6E%67=%44==%31%72%33%34%4C%62%4B%63%75%37%2D%42%7C%51%79%34%44%37%58%79%79%58%37%44%41%2A%5B%51%79%58%6E%7C%2C%37%2C%41%37%2D%45%20%37%44%7C%51%79%58%37%47%7C%51%51%7C%41%37%58%34%54%69%2A%5B%58%37%41%7C%51%45%39%58%79%51%4C%35%23%39%41%20%41%2F%37%2D%45%7C%51%79%37%58%41%7C%51%79%58%37%44%7C%51%79%58%37%47%7C%5A%44%37%58%79%7C%51%79%58%37%79%51%7C%42%2D%37%58%79%51%7C%45%37%58%79%51%7C%47%37%58%79%51%7C%44%37%58%79%51%7C%45%2D%37%20%41%37%4C%5A%44%37%58%79%51%5A%20=%50%6F%70%2D%53%68%75%66%66%6C%65=%31%33%30=%33
7f3f69c8-4d73-49c4-8da1-2e13040b3e0d,irealb://%54%72%61%76%65%6C%69%6E%67%20%44%6F%77%6E%20%54%68%69%73%20%4C%6F%6E%65%73%6F%6D%65%20%52%6F%61%64%20%2D%20%46%6C%69%6E%6E%65%72=%4D%6F%6E%72%6F%65%20%42%69%6C%6C==%50%6F%70%20%2D%20%42%6C%75%65%67%72%61%73%73=%46==%31%72%33%34%4C%62%4B%63%75%37%46%7C%51%79%58%58%79%51%7C%46%46%7C%51%79%58%46%7C%51%79%58%46%7C%51%79%46%58%7C%51%79%58%46%7C%51%79%58%43%7C%51%79%58%58%79%51%7C%46%46%34%34%54%5B%58%79%51%7C%46%58%79%51%7C%46%58%79%51%7C%42%62%58%79%51%7C%46%58%79%51%7C%46%58%79%51%7C%46%58%79%51%7C%43%58%79%51%7C%46%58%79%51%7C%46%58%79%51%5A%20==%30=%30
7f491aa3-32d2-44bc-935a-57fd438f1f18,irealb://%50%65%65%6C%20%4D%65%20%41%20%47%72%61%70%65=%46%72%69%73%68%62%65%72%67%20%44%61%76%65==%53%6C%6F%77%20%53%77%69%6E%67=%44%2D=%30=%31%72%33%34%4C%62%4B%63%75%37%37%2D%44%5A%4C%41%44%2D%37%20%2D%44%5A%4C%39%62%37%41%20%37%62%42%5A%4C%43%37%20%37%2D%44%5A%4C%20%78%20%5A%4C%37%62%45%37%20%45%62%37%2A%7B%34%34%54%2C%43%2F%39%23%2C%46%37%2C%7C%6F%42%20%37%62%42%5A%4C%39%23%37%46%20%2C%2F%43%39%23%37%46%5A%4C%37%6F%42%20%37%62%42%6C%37%4C%5A%46%37%37%2D%43%73%20%20%39%62%37%41%4C%5A%58%79%51%4E%5A%4C%37%43%20%37%2D%44%7C%51%79%58%39%37%62%41%7C%51%79%58%37%45%5A%4C%51%79%58%7C%72%31%42%62%37%20%39%23%37%46%20%6C%63%4B%51%79%79%51%58%79%51%44%42%2A%5B%5D%20%37%2D%44%6C%3E%65%6E%69%3C%46%2C%37%41%2C%37%62%42%73%32%4E%7C%51%79%58%37%62%39%2C%58%58%51%79%58%7D%20%6C%61%20%2E%20%44%37%62%39%37%62%42%5A%4C%20%78%20%5A%4C%2C%39%62%37%20%45%37%42%5A%4C%37%43%20%2C%37%2D%47%5A%4C%2C%20%3C%44%2E%43%2D%47%5A%4C%20%32%6E%64%20%65%6E%64%69%6E%67%3E%20%4C%5A%41%37%62%39%58%79%51%5D%20=%4A%61%7A%7A%2D%4D%65%64%69%75%6D%20%55%70%20%53%77%69%6E%67=%31%30%34=%33
7f955ffd-0549-463b-8d39-b158ea8c2efd,irealb://%49%20%57%61%6E%74%20%59%6F%75%72%73=%54%68%75%72%6D%6F%6E%64%20%4B%69%72%6B==%4C%75%63%61%73%21=%45==%31%72%33%34%4C%62%4B%63%75%37%44%20%7C%45%2C%39%56%61%6D%70%5A%4C%51%79%58%7C%45%2C%23%44%2C%44%2C%42%2C%7C%41%51%79%58%7C%45%2C%42%2C%44%2C%45%73%3E%45%2C%44%2C%42%36%2A%3C%7B%59%79%58%7C%51%79%69%74%20%32%20%7C%59%7D%20%51%79%58%7C%45%2C%42%2C%23%41%41%2C%7C%2C%45%3E%78%20%74%73%61%6C%20%64%6E%65%2A%41%45%37%58%52%20%3C%20%2C%51%79%58%37%42%51%4C%5A%58%79%23%46%5A%4C%51%79%58%7C%51%79%58%37%47%5A%51%4C%79%58%7C%51%79%58%37%41%3E%20%3C%5A%4C%51%2D%58%79%51%7C%79%58%5A%4C%51%37%42%7C%51%79%51%7C%58%79%51%51%79%58%37%47%7C%51%79%58%37%45%7C%51%79%37%58%42%7C%51%79%58%2D%23%46%42%2A%7B%59%5D%20%7C%46%23%2D%58%79%58%37%45%7C%20%74%69%52%3C%5E%58%79%51%7C%79%58%51%79%58%51%79%58%51%79%58%7D%51%79%3E%58%78%31%20%74%70%72%20%6F%4E%20%20%3C%37%42%51%58%79%51%20%43%7C%51%79%58%74%6F%20%65%6E%64%20%75%6E%69%73%6F%6E%20%77%20%67%75%69%74%61%72%3E%20==%30=%30
7fc34066-e4a0-47c6-8524-427d6e58302e,irealb://%46%61%6C%6C%69%6E%67%20%44%6F%77%6E%20%42%6C%75%65%73%20%2D%20%46%6C%69%6E%6E%65%72=%4C%65%77%69%73%20%46%75%72%72%79==%52%6F%63%6B%20%50%6F%70=%44==%31%72%33%34%4C%62%4B%63%75%37%7C%51%79%58%44%58%79%51%4B%63%5A%4C%20%6C%63%4B%51%79%58%37%47%7C%51%79%44%58%5A%4C%20%78%20%5A%4C%20%78%20%5A%4C%20%6C%44%58%79%51%7C%44%34%34%54%5B%41%37%58%79%51%4B%63%6C%20%4C%5A%44%58%79%51%7C%44%58%79%51%5A%20==%30=%30
7f6a4ba5-2d32-4fd0-b369-54a1794a1df4,"irealb://%43%68%65%65%73%65%62%75%72%67%65%72%20%49%6E%20%50%61%72%61%64%69%73%65=%42%75%66%66%65%74%74%20%4A%69%6D%6D%79==%70%6F%70%20%72%6F%63%6B=%44==%31%72%33%34%4C%62%4B%63%75%37%20%3E%58%33%33%34%42%2D%20%20%5A%4C%41%20%47%41%2A%7B%5D%51%79%58%44%7C%41,%20%20%2D%42%7C,%47%20%20%2D%42%7C,%41%44%20%3C%2A%33%34%54%69%2A%5B%79%58%2D%42%5A%79%51%7C%41%58%51%79%58%44%5A%4C%41%20%47%3E%74%69%68%20%73%68%75%50%20%51%79%58%33%36%2A%3C%7C%5D%51%79%7C%47%20%41%4C%58%45%7C%7D%20%20%44%20%41%5A%4C%5A%47%20%44%20%20%3E%58%33%30%33%2A%3C%20%44%5A%4C%41%47%20%43%2A%7B%20%44%20%41%5A%4C%44%20%47%5A%4C%7D%47%20%44%4C%44%20%47%7C%51%5A%5B%4E%31%3C%20%3E%42%2D%20%20%41,%7C%44%58%79%51%5D%7B%4E%32%3C%2A%36%30%58%79%51%58%79%51%53%6F%6C%6F%3E%47%20%41%4C%5A%44%58%79%51%7D%20=%50%6F%70%2D%52%6F%63%6B=%31%31%35=%31"
7f21b9a8-324e-47c1-ba41-149ab083f176,irealb://%43%68%61%70%74%65%72%20%54%68%72%65%65%20%2D%20%45%78%65%72%63%69%73%65%20%33=%50%61%74%69%74%75%63%63%69%20%4A%6F%68%6E==%4D%65%64%69%75%6D%20%53%77%69%6E%67=%44==%31%72%33%34%4C%62%4B%63%75%37%79%58%31%31%23%2D%39%58%79%51%79%58%39%2D%45%7C%51%79%58%39%5E%46%7C%51%58%79%39%5E%44%7C%51%79%58%31%31%23%37%62%45%7C%51%7C%45%62%37%45%34%34%54%7B%39%2D%45%7C%51%58%79%51%7C%46%7C%51%79%58%39%5E%44%7C%51%79%58%31%31%23%62%37%45%7C%51%79%58%39%2D%45%7C%51%79%58%39%5E%46%5E%39%58%79%39%5E%44%7C%51%58%79%51%7C%45%62%37%23%31%31%58%79%51%7C%44%5E%39%58%79%51%7C%46%5E%39%58%79%51%7D%20==%30=%30
7ffa920f-5b75-4bb9-afff-0286969700ae,irealb://%43%6F%6B%65%72%3A%20%50%61%74%74%65%72%6E%20%30%36=%43%6F%6D%70%6F%73%65%72%20%55%6E%6B%6E%6F%77%6E==%4D%65%64%69%75%6D%20%53%77%69%6E%67=%43==%31%72%33%34%4C%62%4B%63%75%37%58%62%41%7C%51%58%79%51%7C%44%79%58%62%47%7C%51%79%58%46%7C%51%79%58%45%51%7C%79%58%62%45%7C%51%79%58%44%7C%51%79%58%62%51%7C%47%58%79%43%34%34%54%7B%79%51%7C%41%58%79%51%7C%42%62%58%79%51%7C%42%58%79%51%7D%20=%4A%61%7A%7A%2D%4D%65%64%69%75%6D%20%53%77%69%6E%67=%31%33%38=%33
7fedae9e-7b97-4822-b9ba-5b0f327ad5ef,irealb://%43%6F%6D%65%73%20%41%6E%64%20%47%6F%65%73=%46%6F%67%65%6C%62%65%72%67%20%44%61%6E==%4D%65%64%69%75%6D%20%53%77%69%6E%67=%43==%31%72%33%34%4C%62%4B%63%75%37%51%79%58%2D%42%44%58%79%51%7C%7C%51%79%58%47%7C%51%79%58%44%7C%51%79%58%7C%44%51%79%58%47%7C%51%79%58%47%7C%51%79%58%44%47%58%79%51%7C%34%34%54%53%7B%51%79%58%44%7C%4C%5A%47%58%79%51%79%58%47%31%4E%7C%51%79%58%47%5A%4C%41%2D%20%42%7C%51%79%58%2D%42%7C%51%79%58%44%7C%51%7C%44%58%79%51%41%20%2D%42%7C%7C%51%79%58%44%58%79%51%7C%44%2F%47%7C%51%79%58%44%7C%51%79%58%44%2F%47%51%7C%79%58%44%7C%51%79%58%44%2F%47%7C%51%79%58%44%58%79%51%7C%47%32%4E%7C%7D%51%79%58%51%79%3C%44%2E%53%2E%20%66%2C%44%7C%51%79%58%44%51%5B%20%51%79%5D%58%20%3E%2E%64%6E%45%20%64%6E%32%20%6C%61%20%44%36%20%5A%58%20%20%44%2F%47%20%20%51%79%58%51%58%79%51%58%58%51%79%58%51%79%58%51%79%58%51%79%58%51%58%79%51%79%58%51%79%58%51%79%58%51%79%58%51%79%79%51%58%79%51%79%58%51%79%58%3C%31%33%30%62%70%6D%3E%58%79%51%58%79%51%58%79%51%58%79%51%58%79%51%3C%4B%6C%6D%3E%20=%42%6C%75%65%73%2D%53%6C%6F%2D%4D%6F=%33%36%30=%31
7ff78326-310c-403f-9806-b57ee7198e40,irealb://%43%6F%6E%6E%65%63%74%69%6F%6E%73=%4D%61%68%61%6A%61%6E%20%41%6D%61%6E==%53%61%6D%62%61=%47%2D==%31%72%33%34%4C%62%4B%63%75%37%41%2C%62%45%2C%37%32%58%79%51%62%45%7C%51%79%58%2D%47%3E%7C%2D%2D%20%34%2D%20%2D%5A%4C%6F%72%74%6E%69%20%6F%6E%61%69%50%58%79%51%7C%46%2A%3C%69%2A%7B%51%79%58%2D%47%5E%2C%7C%20%47%2C%5E%62%41%2C%62%45%2C%46%5A%4C%62%45%20%47%2D%5A%4C%62%45%20%2D%47%41%2A%7B%7D%20%20%2D%42%62%5E%2C%7C%62%42%2C%5E%62%46%5A%4C%2D%47%2D%58%79%51%7C%79%58%37%41%7C%51%79%58%2D%47%7C%62%45%2C%20%46%2D%47%7C%51%79%58%37%44%7C%51%79%58%37%41%51%7C%44%37%20%47%42%2A%7C%7D%47%41%2A%7B%5A%2C%45%62%37%2C%51%79%58%5A%4C%2C%39%23%37%44%20%41%2F%73%73%75%47%7C%2C%62%42%2C%43%2F%2D%44%20%2D%44%7C%58%79%51%20%4C%2D%62%42%20%37%62%45%20%2D%47%5A%47%2D%20%45%2D%47%51%7C%7D%20%2C%51%2C%20%2D%47%20%7C%5E%2C%62%42%2C%5E%62%41%2C%62%45%2C%46%5A%4C%62%20%45%62%4C%5A%4C%62%45%20%2D%4C%5A%46%2C%45%62%2C%41%62%5E%2C%42%62%5E%2C%7C%46%2C%45%62%2C%41%62%5E%2C%42%62%5E%2C%7C%46%2C%45%62%2C%41%62%5E%2C%42%62%5E%2C%7C%20%47%2D%20%20%7C%20==%31%31%30=%32
7f601c44-4a83-465f-834f-dc8e75b66890,"irealb://%44%61%20%59%61%20%54%68%69%6E%6B%20%49%27%6D%20%53%65%78%79=%4B%61%79%61%68==%52%27%6E%27%42=%44%2D==%31%72%33%34%4C%62%4B%63%75%37%46%6C%7C,%45%34%3C%2A%36%39%39%2D%44%7C%51%79%58%39%2D%44%3E%33%78%20%20%41%20%43%20%20%47%20%46%20%41%43%45%46%45%20%20%20%73%57%2F%34%54%69%2A%7B%58%51%79%58%43%73%57%2F%46,%79%58%46%51%79%58%44%39%36%2A%3C%39%2D%44%7B%6C%59%7D,%46%2F%57,%41%2F%57,%47%2F%57%51%41%58%79%51%7C%51%79%58%5E%47%46%47%20%39%58%79%51%7C%44%79%58%5E%46%6C%3E%46%44%46%41%62%42%41%62%20%42%39%36%2A%3C%7C,%45%2F%57%73%20%20%39%2D%51%7C%3C%2A%36%3E%41%20%51%79%62%42%2F%43,%73%57%2F%46,%42%2F%57,%41%2F%57,%47%2F%37%2D%47%41%7B%2A%59%7D,%46%2F%57,%41%2F%57,%47%2F%57%62%4C%5A%42%62%3E%44%43%44%46%42,%62%42%2F%62,%3C%2A%36%2F%43,%62%42%5A%4C%62%42%2F%57,%41%2F,%57%47%2F%37%2D%47%7D,%37%2D%41%3E%78%33%36%42%62,%44%2D%42%2F%2D%44,%20%20%39%2D%44%59%7B%2A%42%53%2D%44%6C%3E%33%78%20%41%20%20%43%20%20%47%46%20%20%41%43%45%46%45%20%51%79%58%39%36%2A%3C%39%58%79%51%7C%5D,%43%2F%62%41%51%79%58%46%7C%6C%46%5E%58%36%2A%3C%39%2D%44%6C%7B%59%7D,%46%2F%57%41,%2F%57,%47%2F%57,%46%2F%57%73%7C%51%79%39%44%58%79%51,%45%2F%57%73%7C%51%79%58%5E%79%51%58%79%51%46%41%62%42%41%62%42%20%39%36%2A%3C%7C,%2F%45%57%73%20%20%39%2D%44%7C%51%79%58%3E%41%20%44%46%3E%6C%46%58%43%51%79%58%62%42%2F%57,%47%46%47%46%44%2F%37%2D%47%41%2A%7B%59%7D,%46%2F%57%51%41,%2F%57,%47%2F%57,%46%2F%57%73%3E%44%43%47,%57%2F%41%20%39%36%2A%3C%2E%44%31%37%2A%43%2F%42%62,%2F%57,%41%2F%57,%47%2F%37%2D%47%7D,%2D%37%41%3E%78%35%36%36%2A%3C,%62%42%2F%2D%44%42%62%4C%5A%3C,%62%42%5A%4C%2D%44%6C%7C,%20%43%6F%64%61%20%37%2D%41%6C%43%2A%51%7B%5D,%43%2F%62,%42%62%42%2F%2D%44,%62%42%2F%43,%62%42%3E%20%73%57%2F%43%6C%61%20%2E%53%20%34%37%2A%3C%58%79%51%72%7C%79%58%5D%51%79%58%43%7C%51%79%58%62%42%6C,%7C%41%2F%57%73%20%20%37%2D%47%5A%4C%51%79%58%51%20%7B%2A%44%7C%51%79%58%39,%47%2F%57%3E%6F%6C%6F%3E%44%3C,%45%2F%57,%44%2F%57,%43%2F%57%73%51%7C%79%58%43%5A%4C%20%6C%63%4B%51%79%58%37%2D%2A%37%34%34%78%73%20%78%61%53,%45%2F%57%73%3C%2A%36%39%58%7C%51%79%58%39%2D%44%6C%3E%33%78%20%41%20%43%20%20%20%47%20%46%20%41%43%45%46%45%20%51%79%44%2D%39%20%20%53%42%2A%7B%7D%7C%6C%46%5E%20%3C%2A%36%33%52%65%70%65%61%74%20%61%6E%64%20%66%61%64%65%20%6F%75%74%3E%20%4C%5A%73%57%2F%46,%57%2F%47,%57%2F%41,%57%2F%46,%7D%20=%4A%61%7A%7A%2D%4D%65%64%69%75%6D%20%53%77%69%6E%67=%31%31%33=%31"
7fee8940-41be-45b9-9581-e53246c46c37,irealb://%4E%6F%72%74%68%65%72%6E%20%57%68%69%74%65%20%43%6C%6F%75%64%73%20%2D%20%46%6C%69%6E%6E%65%72=%4D%6F%6E%72%6F%65%20%42%69%6C%6C==%50%6F%70%20%2D%20%42%6C%75%65%67%72%61%73%73=%45==%31%72%33%34%4C%62%4B%63%75%37%2C%5B%7D%20%45%54%34%34%45%58%78%20%5A%4C%20%6C%63%4B%51%79%58%45%5A%4C%20%44%45%5A%4C%20%78%20%5A%4C%20%6C%63%4B%51%79%20%4C%5A%42%20%2C%41%2A%2C%7B%58%45%2C%43%2A%79%51%4B%63%6C%6C%63%4B%51%79%58%42%5A%4C%20%6C%63%4B%51%58%79%44%5A%4C%20%6C%63%4B%51%79%58%45%5A%4C%20%20%20%5D%7B%2C%58%44%2C%42%2A%79%51%4B%63%6C%20%4C%5A%20%78%20%4C%5A%45%20%44%4C%5A%45%58%79%51%4B%63%6C%20%4C%5A%20%78%20%4C%5A%42%20%45%20%7D%20==%31%37%38=%33
7ff83b2a-4f6b-4e08-bcb4-d9cc7745d66c,irealb://%4C%65%73%20%43%6F%70%61%69%6E%73%20%44%27%61%62%6F%72%64=%42%72%61%73%73%65%6E%73%20%47%65%6F%72%67%65%73==%4D%65%64%69%75%6D%20%20%53%77%69%6E%67=%46==%31%72%33%34%4C%62%4B%63%75%37%79%58%2C%62%42%58%79%51%4B%63%5A%4C%20%78%20%5A%4C%20%6C%63%4B%51%79%58%47%37%5A%4C%20%78%20%5A%4C%20%78%20%5A%4C%20%6C%20%78%20%4C%5A%46%34%34%54%5B%51%4B%63%6C%20%4C%5A%41%37%58%79%51%4B%63%6C%20%4C%5A%44%2D%58%79%51%7C%47%37%2C%20%43%37%2C%4C%5A%46%2C%58%79%51%4B%63%6C%20%20%5D%20=%4A%61%7A%7A%2D%4D%65%64%69%75%6D%20%55%70%20%53%77%69%6E%67=%31%36%30=%31%34
7f8d1538-80cb-4cae-aa35-9c0703b6ab23,irealb://%45%78%65%72%63%69%73%65%20%33%33%20%2D%20%54%68%65%20%37%20%43%68%6F%72%64%20%50%72%6F%67%72%65%73%73%69%6F%6E=%54%68%65%20%4A%61%7A%7A%20%43%68%6F%72%64%20%42%61%73%65==%53%74%65%70=%43==%31%72%33%34%4C%62%4B%63%75%37%5B%42%37%20%45%37%4C%5A%41%37%20%44%37%4C%5A%47%37%20%43%37%4C%5A%46%37%20%42%62%37%4C%5A%45%62%37%20%41%62%37%4C%5A%44%62%37%20%47%62%37%20%5A%20=%4A%61%7A%7A%2D%4D%65%64%69%75%6D%20%53%77%69%6E%67=%31%38%30=%31
7f58c389-f29b-4a1c-863a-25e355b1d520,irealb://%46%69%67%2E%20%38%20%2D%20%4D%69%6E%6F%72%20%53%63%61%6C%65%20%2D%20%67%6F%69%6E%67%20%75%70%20%61%20%35%74%68%20%2D%20%61%65%73%63%65%6E%64%69%6E%67=%52%69%63%68%69%65%56%69%74%61%6C%65%2E%63%6F%6D==%42%6F%6F%6B%20%31%20%2D%20%41%20%4C%79%72%69%63%61%6C%20%41%70%70%72%6F%61%63%68%20%42%6F%6F%6B=%43==%31%72%33%34%4C%62%4B%63%75%37%20%37%2D%43%5A%43%37%4C%5A%41%2D%42%7C%5A%4C%37%62%45%20%37%2D%62%42%5A%37%4C%44%20%37%2D%41%5A%4C%37%62%44%20%37%2D%62%37%20%45%37%4C%20%37%2D%47%5B%45%5A%4C%37%62%23%2D%37%20%46%5A%4C%37%41%20%37%2D%45%5A%4C%37%62%41%20%2D%37%62%45%5A%4C%37%47%20%37%2D%44%5A%4C%37%23%46%2D%37%20%42%43%5A%4C%37%46%62%5E%58%79%51%5A%20==%38%30=%31
7f74c127-2696-475a-8cca-1b852d367754,irealb://%53%61%6E%64%79%20%42%6F%79%73%20%2D%20%46%6C%69%6E%6E%65%72=%54%72%61%64%69%74%69%6F%6E%61%6C==%50%6F%70%20%2D%20%42%6C%75%65%67%72%61%73%73=%41==%31%72%33%34%4C%62%4B%63%75%37%2C%7B%7D%51%79%54%34%34%41%58%20%41%5A%4C%20%6C%63%4B%51%79%58%41%7C%51%58%79%44%5A%4C%20%78%20%5A%4C%20%6C%63%4B%51%79%45%4C%5A%41%58%2C%41%2A%2C%7B%2A%42%2C%41%58%79%51%4B%63%6C%20%4C%5A%47%58%79%51%7C%41%58%79%51%7C%41%58%79%51%4B%63%6C%20%4C%5A%41%20%45%4C%5A%41%58%79%51%7D%20==%30=%30
7f36d699-721d-433c-8697-8223a3b56f05,"irealb://%50%65%61%63%65%66%75%6C,%20%45%61%73%79%20%46%65%65%6C%69%6E%67%20(%54%6F%6D%27%73)=%45%61%67%6C%65%73==%52%6F%63%6B=%45==%31%72%33%34%4C%62%4B%63%75%37%5A%4C%41%5A%4C%4C%5A%41,%4C%4C%78%5A%4C%41%42%2A%5B%7D%20%78%5A%4C%42%4C%5A,%41%5A%4C,%45%5A%4C%78%5A%4C,%45%5A%5A%45%4C%5A%78,%45%41%2A%7B%78%4C%5A%42%4C%5A%78%4C%5A%2A%43%45%4C%5A%41%4C%5A%42%37%73%75%73%4C%5A%42%37%4C%5A%45%4C%5A%41%4C%5A%45,%45%73%75%73,%7C%45%20%7D%20=%50%6F%70%2D%52%6F%63%6B=%31%31%35=%39"
7f378253-a658-49f0-8f97-14357fd43589,irealb://%49%20%4C%69%6B%65%20%59%6F%75=%41%6E%64%79%20%49%6F%6E%61%20%4C%6F%6E%67%20%41%6E%64%20%53%61%6D%20%4B%6F%6B%69==%47%79%70%73%79%20%4A%61%7A%7A%20=%46==%31%72%33%34%4C%62%4B%63%75%37%42%7C%51%79%58%51%7C%46%36%58%58%36%46%7C%51%79%58%37%43%7C%51%79%58%37%7C%43%51%79%58%37%43%7C%51%79%58%37%43%7C%51%79%79%51%7C%46%37%79%58%36%46%7B%51%79%58%36%46%51%7C%42%62%31%46%7C%51%79%58%37%43%7C%51%79%58%37%43%7C%79%51%58%37%47%7C%51%79%58%37%47%7C%51%79%58%33%36%58%79%51%7C%79%58%33%31%62%47%7C%51%79%58%51%7C%43%37%58%58%37%44%7C%51%79%58%37%41%7C%51%79%58%37%7C%41%51%79%58%37%43%7C%51%79%58%37%43%7C%51%79%79%51%7C%44%37%79%58%37%43%7C%37%58%79%51%7C%47%37%58%79%51%7C%46%36%58%79%51%7C%43%37%58%79%51%7C%46%36%58%79%51%7C%43%37%58%79%51%7D%20==%30=%30
7f3ef157-fa78-4a78-bc00-c87ecf374ff0,irealb://%49%20%57%69%6C%6C=%4A%6F%68%6E%20%4C%65%6E%6E%6F%6E%2C%20%50%61%75%6C%20%4D%63%43%61%72%74%6E%65%79==%4D%65%64%69%75%6D%20%53%77%69%6E%67=%46==%31%72%33%34%4C%62%4B%63%75%37%5D%20%37%43%20%34%42%62%20%43%68%73%32%65%62%20%3A%72%72%41%30%37%2A%3C%4C%5A%37%43%20%62%42%5A%4C%46%20%2D%44%5A%4C%37%61%72%70%3E%46%34%54%69%2A%5B%7C%2C%37%43%2C%44%2D%4C%5A%47%2C%2D%44%73%5A%4C%37%43%20%62%42%5A%4C%37%20%46%2D%41%5A%4C%2D%44%20%46%5A%4C%37%43%20%2D%46%2C%7C%42%62%20%46%41%2A%7B%5A%4C%2D%41%20%44%2D%4C%5A%47%5B%20%51%79%58%5D%20%37%46%20%46%32%4E%5A%20%4C%51%79%58%51%79%58%7D%37%43%73%20%20%37%2D%2A%42%6C%42%62%20%46%6C%31%4E%5D%51%79%58%37%44%2D%37%2C%7C%37%47%7C%51%79%58%2D%44%5A%4C%2D%41%20%62%5A%42%4C%37%46%20%46%5A%4C%37%43%20%37%2D%47%6C%58%79%51%7C%43%73%20%20%2D%44%5A%4C%37%43%20%44%2D%4C%5A%47%20%2C%2D%44%5A%4C%37%43%20%62%42%5A%4C%37%20%46%2D%41%5A%4C%2D%44%20%46%5A%4C%37%43%20%2D%46%4C%5A%42%62%20%46%41%2A%5B%4C%37%43%20%62%62%2C%6C%46%4C%79%58%46%5A%4C%37%43%20%2D%47%6C%5A%4C%2D%2C%44%62%42%2C%2D%44%73%5A%4C%37%43%20%62%42%5A%51%5D%5B%51%42%42%2C%2D%44%73%5A%44%2D%20%46%4C%5A%42%62%20%43%37%4C%5A%66%46%2C%55%58%79%51%5A%20=%42%6C%75%65%73%2D%4C%75%63%69%6C%6C%65=%31%30%38=%30
7f679379-750c-48b0-94f0-ba0746da48c0,"irealb://%49%27%6C%6C%20%42%65%20%54%68%65%72%65%20%2D%4D%69%63%68%61%65%6C%20%4A%61%63%6B%73%6F%6E=%48%75%74%63%68%20%47%6F%72%64%79,%44%61%76%69%73,==%50%6F%70%20%42%61%6C%6C%61%64=%46==%31%72%33%34%4C%62%4B%63%75%37%45%2F%43%5A%4C%34%46%20%46%73%51%79%58%73%75%73%46%7C,%46,%73%75%73%20%46%46%5A%4C%62%42%20%62%45%7C,%46,%73%75%5D%5B%2A%76%46%34%54%69%2A%5B%79%58%37%2D%41%5A%43%4C%5A%42%44%20%2D%44%5A%4C%45%2F%43%5A%4C%46%5A%4C%75%73%73%46%5A%4C%46%5A%4C%43%2F%62%42%5A%4C%62%2D%2F%43%4C%5A%4C%2D%44%5A%4C%4C%62%45%5A%4C%47%2D%37%4C%5A%5A%4C%62%42%5A%4C%62%45%5A%4C%62%41%42%2A%20%5B%73%75%73%46%5A%4C%46%5A%4C%73%75%73%37%43%46%4C%5A%41%62%20%62%42%7C%51%4C%46%5A%4C%73%42%62%2F%43%20%4C%37%2D%47%20%62%42%5A%4C%37%2D%41%5A%4C%2F%43%2D%44%20%2D%44%5A%4C%45%2F%43%5A%4C%46%7B%5A%43%37%73%75%5A%4C%62%42%5A%58%5D%20%43%2F%20%7D%5B%2A%42%2F%62%42%5A%4C%62%42%5A%4C%62%45%5A%4C%62%5A%41%4C%46%5A%4C%62%42%5A%4C%62%45%5A%4C%62%41%43%4C%5A%42%62%73%75%73%46%5A%7C%51%79%58%46%4C%5A%43%2F%45%75%73%37%43%5A%4C%37%2D%47%20%62%42%7C%51%58%79%37%2D%41%5A%4C%43%2F%2D%44%20%2D%44%5A%4C%73%58%79%51%7C%46%7B%20%51%79%7D%20%62%42%20%20%20%3C%33%78,%73%75%73%46%20%46%7B%20%20%6C%63%4B%51%58%79%73%75%73%37%43%7C%51%79%58%62%42%7D%20%3E%46,%7C%45%62%73%75%73%37%43%7C%46%32%58%79%51%5A%20=%50%6F%70%2D%53%6C%6F%77%20%52%6F%63%6B=%39%31=%31"
7f650433-4208-41d2-ac31-9ce6e0b51358,irealb://%49%6E%20%41%20%4D%65%6C%6C%6F%77%20%54%6F%6E%65%20(%49%6E%20%41%20%4D%65%6C%6C%6F%74%6F%6E%65)=%45%6C%6C%69%6E%67%74%6F%6E%20%44%75%6B%65==%4D%65%64%69%75%6D%20%53%77%69%6E%67=%41%62==%31%72%33%34%4C%62%4B%63%75%37%5E%62%44%7C%51%34%42%62%37%58%7C%51%79%58%37%2D%62%45%5A%4C%20%6C%63%4B%79%51%58%36%62%41%7C%51%79%58%37%62%45%7C%51%79%41%62%37%58%79%34%54%41%2A%5B%6C%63%4B%51%79%63%6C%20%20%5D%51%79%58%37%46%7C%51%79%58%36%62%41%7C%51%58%79%37%2D%62%44%7C%51%79%58%36%62%44%42%2A%5B%7C%42%62%37%58%4B%51%79%58%37%62%45%5A%4C%20%37%20%45%37%4C%58%36%62%41%7C%51%79%58%37%62%45%7C%51%79%37%58%62%42%41%2A%5B%5D%20%37%42%20%37%62%45%5A%79%51%4B%63%6C%62%45%5A%4C%20%62%45%2F%36%62%7C%41%62%37%58%37%6F%44%7C%51%79%58%37%5E%62%44%43%2A%5B%20%5D%20%6C%63%4B%51%79%58%37%5E%62%44%7C%51%79%58%79%51%7C%41%51%79%58%37%2D%58%79%51%7C%46%37%58%79%51%7C%42%62%37%58%79%51%7C%45%62%37%58%79%51%7C%55%41%62%36%58%79%51%7C%43%2D%37%20%46%37%20%5A%20=%4A%61%7A%7A%2D%53%77%69%6E%67%20%54%77%6F%2F%46%6F%75%72=%31%32%33=%37
7fbd773c-ce98-4a1f-8eb7-6104d43233ed,irealb://%4D%69%6E%6F%72%20%37%62%35%20%43%68%6F%72%64%20%49%6D%70%72%6F%76%69%73%61%74%69%6F%6E=%53%63%68%75%6D%61%63%68%65%72%20%44%61%76%69%64==%4D%65%64%69%75%6D%20%53%77%69%6E%67=%43==%31%72%33%34%4C%62%4B%63%75%37%51%79%58%35%62%37%62%35%58%79%51%79%58%35%62%37%2D%62%45%7C%51%79%58%35%37%62%2D%62%42%7C%51%79%58%35%62%37%2D%46%7C%51%7C%41%62%2D%37%2D%43%34%34%54%2D%44%7C%51%79%62%35%58%79%51%41%7C%51%79%58%35%62%37%2D%45%7C%51%79%58%62%35%37%2D%42%7C%51%79%58%35%62%37%2D%23%46%7C%2D%37%62%35%58%37%2D%62%44%7C%37%62%35%58%79%51%7C%47%2D%37%62%35%58%79%51%5A%20==%39%32=%30
7f477123-f9b1-467f-bf39-d20917fcea3d,irealb://%4D%69%64%6E%69%67%68%74%20%4D%6F%6F%64%20%28%5A%61%77%69%6E%75%6C%29=%5A%61%77%69%6E%75%6C%20%4A%6F%65==%57%61%6C%74%7A=%44%62==%31%72%33%34%4C%62%4B%63%75%37%2F%39%62%37%46%34%73%41%62%37%2F%39%62%37%62%41%70%2C%62%41%2F%39%62%37%45%62%5A%4C%2C%62%41%2F%39%62%37%46%70%2C%39%62%41%62%4C%5A%6C%33%54%69%2A%5B%37%46%6C%5A%4C%4B%63%6C%20%4C%62%41%70%2C%42%2F%39%62%37%62%45%5A%4C%43%39%2F%62%37%46%70%2C%42%2F%39%62%37%62%41%73%5A%37%62%39%2F%43%51%79%58%2C%42%20%5A%4C%20%7C%58%79%51%7C%46%72%5A%4C%62%41%2F%39%36%44%5A%4C%62%41%2F%20%57%39%36%62%44%5B%5D%51%79%58%44%2F%39%62%37%7C%4C%5A%20%72%2C%43%2F%39%62%58%37%5E%62%44%5B%2A%41%44%62%23%37%62%41%7C%51%79%58%37%5E%62%44%7C%51%58%79%73%75%73%39%62%37%62%41%7C%51%79%58%37%5E%39%58%79%51%7C%5D%20%20%7C%72%2D%46%7C%51%79%37%62%39%73%75%7C%51%79%58%37%5E%62%47%42%2A%5B%5D%51%79%39%58%47%7C%51%79%58%37%5E%62%44%7C%51%79%58%73%43%37%23%39%58%62%41%7C%51%79%51%79%58%2C%35%42%62%2D%37%58%79%58%62%44%2F%37%2D%62%45%7C%51%79%58%73%73%75%37%62%41%7C%51%79%58%39%2D%62%45%7C%51%79%51%7C%47%37%62%7C%51%79%58%37%4C%31%31%62%45%62%5E%37%58%79%39%23%37%44%73%7C%51%79%58%37%2D%62%42%7C%79%51%58%37%2D%46%7C%51%79%58%39%23%37%43%7C%51%2F%45%62%2C%70%47%43%2A%5B%5D%72%65%74%6E%49%31%31%2C%70%41%3C%44%2A%5B%5D%51%79%58%62%41%2F%39%36%44%4C%5A%62%41%2F%57%20%39%36%62%44%6C%5A%4C%39%62%2A%36%33%20%20%23%39%62%41%5A%2A%3C%39%36%62%44%62%36%39%20%20%51%20%7C%72%20%5A%4C%20%7C%72%20%5A%4C%72%7C%5A%4C%62%41%2F%39%36%44%5A%4C%62%41%2F%57%5A%59%7B%51%44%3E%65%64%75%6C%36%33%56%61%6D%70%3E%20%57%2F%41%62%4C%5A%44%36%39%2F%41%62%20%20%3C%39%78%3E%20%7D%7C%55%44%62%37%23%39%23%35%58%79%51%5A%20=%4A%61%7A%7A%2D%4D%65%64%69%75%6D%20%53%77%69%6E%67=%31%33%35=%33
7fa2d4e9-5f1f-43e9-b53a-77fe35a2fa59,irealb://%4D%6F%64%61%6C%20%2D%20%31%2E%37%20%49%6F%6E%69%61%6E%20%28%44%62%20%44%62%73%75%73%29=%46%75%73%73%65%6E%65%67%67%65%72%20%47%72%65%67%6F%72==%4D%65%64%69%75%6D%20%53%77%69%6E%67=%43==%31%72%33%34%4C%62%4B%63%75%37%7B%54%34%34%44%62%4C%5A%44%62%73%75%73%20%7D%20==%34%35=%33%30
7f55b575-2355-47a1-963b-8ff19c3f144f,irealb://%4D%6F%64%61%6C%20%2D%20%36%2E%35%20%41%65%6F%6C%69%61%6E%20%28%42%6D%69%6E%20%42%6D%69%6E%62%36%29=%46%75%73%73%65%6E%65%67%67%65%72%20%47%72%65%67%6F%72==%4D%65%64%69%75%6D%20%53%77%69%6E%67=%43==%31%72%33%34%4C%62%4B%63%75%37%7B%54%34%34%42%2D%4C%5A%42%2D%62%36%20%7D%20==%34%35=%33%30
7ff11637-fdca-447d-9054-08892f4629c0,"irealb://%4D%C3%A1%73%20%59%20%4D%C3%A1%73=%48%6F%75%67%68%74%6F%6E%20%49%73%72%61%65%6C==%42%61%6C%6C%61%64=%47=%35=%31%72%33%34%4C%62%4B%63%75%37%72%6F%50%20%39%34%43,%2A%41%7B%51%79%58%44%32%4E%7C%7D%51%79%58%2D%41%4E%31%7C%51%79%58%44%7C%51%79%58%47%7C%51%79%58%2A%42%3C%2A%36%34%54%69%2A%7B%45%20%2D%42%7C%62%75%65%6E%6F%51%79%58%23%46%2F%44%7C%5A%4C%47%20%2D%41%51%7C%79%58%47%7C%51%79%58%43%3E%20%2E%2E%2E%2E%7C%43%58%79%51%20%65%75%71%20%20%65%64%20%73%20%47%4C%5A%44%6D%65%72%65%75%51%20%39%36%2A%3C%43%2A%7B%20%7D%20%3E%41%20%6F%54%39%36%2A%3C%20%23%46%2F%6F%73%20%6D%C3%A1%2D%41%5A%4C%2D%51%79%58%44%7C%2E%20%3E%43%58%51%79%58%43%7C%51%79%58%43%7C%51%79%58%2D%7C%42%7C%51%79%58%2D%42%7C%51%79%58%43%7C%51%79%7C%47%58%79%51%2E%2E%2E%69%74%7D%20=%4A%61%7A%7A%2D%4D%65%64%69%75%6D%20%53%77%69%6E%67=%38%30=%33"
7fbc9830-76d1-487e-8279-87b80a7d0d4a,irealb://%4E%61%64%61%20%45%73%20%49%6D%70%6F%73%69%62%6C%65=%50%6C%61%6E%65%74%73%68%61%6B%65%72%73==%57%6F%72%73%68%69%70=%47=%32=%31%72%33%34%4C%62%4B%63%75%37%79%58%78%7C%51%34%3C%2A%36%39%7C%51%79%58%78%7C%51%79%58%2C%44%7C%51%79%78%58%7C%51%79%58%2C%47%3E%73%75%72%6F%68%63%20%45%2D%2C%58%79%34%54%42%2A%7B%2C%47%7C%51%79%64%39%58%79%51%43%3E%6F%72%74%6E%69%20%2F%20%68%43%20%65%70%72%20%39%36%2A%3C%69%2A%7B%7D%51%79%58%78%7C%61%64%64%39%58%64%61%43%7C%51%64%61%43%7C%51%2D%2C%58%79%51%7C%51%79%58%47%3E%65%73%72%65%76%20%39%36%3C%2A%41%2A%5B%7D%51%79%58%2C%39%64%64%61%43%7C%41%2D%2C%58%79%41%7C%51%79%58%58%2C%44%7C%51%51%7C%78%58%79%7C%51%79%58%78%7C%51%79%58%2C%39%64%64%61%7C%43%51%79%58%2C%44%7C%51%79%58%2C%2D%45%7C%51%45%2D%2C%58%79%79%58%2C%39%64%2A%5B%5D%51%79%64%64%39%2C%58%61%43%7C%51%79%58%2C%2D%41%7C%51%79%58%2C%7C%44%51%79%58%2C%2D%45%7C%51%79%58%78%7C%51%79%64%64%39%2C%58%61%43%7C%51%79%43%3C%2A%36%39%20%62%72%69%64%67%65%3E%43%61%64%64%39%2C%58%79%51%7C%47%2C%58%79%51%7C%41%2D%2C%58%79%51%7C%43%61%64%64%39%2C%58%79%51%5D%20==%30=%30
7f297cdf-e166-4b93-8ad7-add43689d323,irealb://%4F%76%65%72%64%6F%73%65%20%64%27%61%6D%6F%72%65%20%31=%5A%75%63%63%68%65%72%6F==%50%6F%70%20%52%6F%63%6B%20%42%6C%75%65%73=%46==%31%72%33%34%4C%62%4B%63%75%37%37%43%7C%51%79%43%37%58%79%51%58%37%43%3E%20%3C%2C%41%2A%2C%7B%59%20%20%79%51%58%51%79%58%7D%20%3E%78%33%3C%20%20%46%7C%79%51%7C%46%58%2C%69%2A%2C%7B%51%79%58%46%7C%20%20%3C%38%78%7C%51%79%58%43%7C%51%79%58%46%7C%51%79%58%44%2D%7C%51%79%58%62%42%2C%42%2A%2C%5B%7D%20%3E%42%62%58%79%51%46%7C%51%79%58%51%79%58%46%7C%79%51%7C%43%31%2C%41%2A%2C%7B%59%51%79%58%51%79%58%51%79%51%58%79%58%5D%51%79%58%37%43%5A%4C%37%43%20%31%43%37%58%79%51%58%31%31%43%7C%46%7C%51%79%58%51%7C%46%20%20%58%43%7C%51%79%58%46%7C%51%79%58%2D%44%7C%79%51%58%62%42%2C%42%2A%2C%5B%7D%20%3E%78%34%3C%79%51%7C%42%62%79%58%37%43%7C%46%7C%51%79%58%31%31%58%79%51%2C%7B%59%51%79%58%51%79%58%51%79%58%51%79%5D%58%51%79%58%37%43%5A%4C%37%43%20%31%31%43%7C%2A%41%2C%43%37%43%7C%51%79%58%58%79%51%7C%43%37%58%79%51%7C%46%20%20%3C%36%78%3E%20%7D%7C%43%37%58%79%51%7C%46%20%43%37%4C%5A%20%78%20%20%5D%20=%50%6F%70%2D%46%75%6E%6B=%39%35=%31
7f78ff09-0ceb-4e26-aeed-c9701c44ab86,irealb://%50%32%32%20%54%61%6B%69%6E%27%20%43%61%72%65%20%6F%66%20%42%75%73%69%6E%65%73%73%20%28%52%6F%63%6B%29%20%43=%42%61%63%68%6D%61%6E%20%52%61%6E%64%79==%52%6F%63%6B=%43==%31%72%33%34%4C%62%4B%63%75%37%51%79%58%35%43%35%58%79%51%7C%65%56%39%36%2A%3C%7B%7D%20%3E%78%33%3C%20%35%20%43%7C%51%79%58%35%46%7C%51%79%58%35%62%42%72%73%65%3A%3E%43%34%34%54%7B%43%39%36%2A%3C%79%51%7C%46%35%35%43%7C%51%79%58%35%46%7C%51%79%58%35%62%5A%42%4C%20%6C%63%4B%51%79%58%35%43%7C%51%79%58%58%79%51%7C%7C%58%35%62%42%7C%7C%51%79%58%35%3A%3E%43%35%58%35%62%42%5A%4C%20%6C%63%4B%51%79%58%35%43%51%7C%79%58%35%46%7C%51%79%58%35%62%42%7C%51%79%58%79%51%7C%46%73%75%72%6F%68%79%58%35%62%42%7C%5B%4E%31%3C%43%3E%3A%65%64%75%6C%72%65%74%6E%49%51%79%51%58%79%58%51%79%58%51%79%58%51%79%58%39%36%2A%35%58%79%51%7C%51%79%58%35%43%79%58%51%79%58%79%51%7C%43%35%4E%7B%7D%51%79%58%35%43%7C%51%79%58%35%46%51%7C%79%58%35%62%42%5A%4C%20%6C%63%4B%51%79%58%32%3C%2A%36%39%58%35%46%7C%51%58%35%62%42%5A%79%51%58%79%51%51%79%58%35%43%7C%51%79%58%35%46%7C%51%79%35%58%62%42%7C%51%79%58%35%43%3E%3A%6F%6C%6F%53%4B%63%6C%20%4C%58%51%79%58%51%79%51%7C%46%35%58%79%51%7C%43%35%58%79%51%5A%20==%30=%30
7f6a7c1a-49f4-4fa8-9d6c-32497c8a0958,irealb://%50%72%61%63%74%69%63%61%6C%20%41%72%72%61%6E%67%65%6D%65%6E%74%73=%53%74%69%6E%67==%41%66%72%6F=%42%2D==%31%72%33%34%4C%62%4B%63%75%37%31%2D%45%7C%51%32%42%2D%31%31%7C%51%79%58%31%31%2D%42%41%2A%7B%5D%20%51%58%79%7C%72%51%79%58%5A%4C%20%6C%63%4B%51%79%58%47%5E%39%58%79%31%54%69%2A%5B%20%39%2D%23%46%73%75%73%2C%41%23%43%20%31%31%2D%42%6C%7C%7D%2C%37%23%46%73%2C%75%73%37%23%46%73%20%37%5E%44%6C%7C%2C%37%37%62%39%4C%5A%37%41%73%20%31%42%42%2A%7C%7C%37%2C%46%23%2D%73%75%73%37%23%46%73%20%37%5E%44%6C%7C%2C%41%37%2C%73%75%73%37%41%20%31%31%2D%45%7C%2C%37%2C%46%23%37%2C%5E%2D%23%46%73%37%23%46%20%73%2D%37%2F%41%4C%7C%51%79%58%37%5E%43%7C%51%79%58%37%2D%45%32%6C%31%54%7C%51%79%58%39%68%23%47%38%36%54%5A%46%23%37%73%75%42%20%2C%37%2D%2A%7B%20%74%6C%58%79%51%7C%45%31%2D%47%7C%51%79%58%31%31%2D%42%5A%4C%74%61%6C%37%23%46%20%39%68%23%43%7C%51%79%58%39%2D%31%20%47%37%61%39%5E%47%5A%4C%47%2C%73%75%73%58%79%51%7C%47%37%5E%23%44%6C%7C%2C%37%23%41%2C%73%75%73%23%37%41%73%20%31%31%2D%46%7C%51%79%58%39%5E%23%2C%20%73%47%37%31%31%2D%43%43%2C%37%23%41%2C%43%2D%31%31%20%41%73%20%37%2D%46%6C%7C%2C%37%2D%47%2C%37%2D%5E%47%73%20%2C%39%2D%47%6C%5A%4C%39%62%37%44%23%37%73%75%73%6C%7C%7D%2C%37%39%2D%46%6C%32%37%20%73%47%37%58%39%68%41%38%36%54%5A%4C%23%41%2F%37%2D%20%43%31%31%2D%43%42%2A%7C%2C%37%47%2C%73%75%73%79%51%7C%54%31%5E%23%44%6C%7C%4C%74%6C%61%37%43%23%5E%37%58%7C%51%79%58%39%2D%46%7C%51%79%58%39%5E%23%43%47%2A%5A%4C%37%47%20%73%75%73%37%47%7C%51%79%44%68%39%20%47%7C%51%79%58%2C%74%6C%61%37%47%20%73%46%2D%39%66%5A%4C%31%31%2D%46%66%20%39%68%41%5A%4C%75%73%73%37%23%41%20%39%5E%23%47%6C%7C%2C%47%2F%44%68%20%66%73%20%39%2D%46%5A%4C%5A%66%54%36%38%43%23%37%23%31%31%4C%5A%66%43%2D%39%58%79%51%5A%7C%20==%37%30=%30
7f591a5c-7a6f-490d-94b3-2c1554e78fb2,irealb://%53%20%30%38%20%43%68%6F%72%64%20%41%6E%64%20%53%63%61%6C%65%20%53%74%75%64%79=%4E%69%65%68%61%75%73%20%4C%65%6E%6E%69%65==%4D%65%64%69%75%6D%20%53%77%69%6E%67=%45%62==%31%72%33%34%4C%62%4B%63%75%37%47%7C%51%79%58%62%5E%37%58%79%78%7C%51%79%58%78%7C%51%79%58%37%2D%46%7C%79%51%58%78%7C%51%79%58%78%7C%51%79%58%78%7C%51%58%79%51%7C%78%45%34%34%54%5B%51%79%58%37%62%7C%78%58%79%51%78%7C%51%79%58%78%7C%51%79%58%78%7C%51%79%37%58%5E%62%41%7C%51%79%58%78%7C%51%79%58%78%7C%58%79%51%7C%42%51%79%58%37%2D%79%58%78%7C%51%7C%78%58%79%51%2D%44%7C%51%79%58%78%7C%51%79%58%78%7C%51%58%79%78%7C%51%79%58%37%2D%43%7C%51%79%58%78%7C%37%62%35%58%79%51%79%58%78%7C%62%45%20%37%2D%51%7C%78%58%79%47%20%5E%62%41%7C%51%79%58%78%7C%51%79%58%7C%78%51%79%58%78%7C%51%79%58%37%5E%62%45%7C%51%2D%37%4C%5A%46%79%58%78%7C%51%5E%4C%5A%44%2D%37%62%35%20%43%2D%37%4C%5A%42%62%37%20%41%62%5E%4C%5A%42%62%37%58%79%51%7C%78%58%79%51%7C%45%62%58%79%51%7C%66%45%62%58%79%51%5A%20=%4A%61%7A%7A%2D%4D%65%64%69%75%6D%20%53%77%69%6E%67=%36%35=%33
7fc91133-7488-4774-8e8a-18fe7d448202,irealb://%53%68%69%70%20%4F%66%20%46%6F%6F%6C%73=%47%61%72%63%69%61%20%4A%65%72%72%79==%42%61%6C%6C%61%64=%41==%31%72%33%34%4C%62%4B%63%75%37%79%58%37%6F%23%34%42%2D%58%79%45%51%79%58%41%2C%41%2A%2C%5B%59%5D%20%51%58%79%51%79%58%73%75%73%41%7C%51%79%58%37%45%51%20%44%4C%5A%44%34%54%69%2A%5B%7C%51%79%58%2D%7C%41%20%41%2F%23%43%5A%4C%41%20%44%51%79%58%45%7C%51%79%37%58%45%51%79%58%2D%42%7C%51%79%58%44%20%23%43%2D%58%79%51%42%51%79%58%41%51%46%7C%51%79%58%37%20%41%58%79%44%20%45%7C%51%79%58%41%7C%51%79%58%45%2C%2A%42%2C%5B%59%5D%51%79%58%41%20%44%20%45%7C%51%4C%5A%46%23%2D%6F%23%44%20%44%23%2D%58%79%51%7C%44%23%6F%37%58%79%51%7C%42%2D%20%45%4C%5A%41%58%79%51%5D%20=%4A%61%7A%7A%2D%42%61%6C%6C%61%64%20%45%76%65%6E=%36%30=%33
7fc42a98-696f-421e-b638-2264cb1fb25e,irealb://%53%6F%66%74%20%57%69%6E%64%73%20%28%4A%61%7A%7A%20%4D%65%73%73%65%6E%67%65%72%73%29=%47%6F%6F%64%6D%61%6E%20%42%65%6E%6E%79==%4D%65%64%69%75%6D%20%53%77%69%6E%67=%42%62==%31%72%33%34%4C%62%4B%63%75%37%37%62%47%5A%4C%62%58%79%51%4B%79%58%62%42%5A%4C%20%6C%63%4B%51%79%58%62%5A%45%4C%51%79%58%7C%72%51%79%58%5A%4C%20%6C%63%51%4B%63%6C%20%42%34%34%54%5B%20%46%37%4C%5A%47%62%37%20%73%46%37%2C%44%62%37%2C%7C%6C%43%37%2C%58%79%51%7C%42%62%58%79%51%5D%20==%30=%30
7f64f6f2-97cb-4a69-96b6-f9ea4c03f554,"irealb://%53%74%61%6E%64%20%62%79%20%79%6F%75%72%20%6D%61%6E=%57%79%6E%65%74%74%65%20%54%61%6D%6D%79==%50%6F%70%20%52%6F%63%6B=%41==%31%72%33%34%4C%62%4B%63%75%37%45,%42%2F%45%34%41%20%20%73%2F%57,%45%2F%57%73%20,%45%2F%41%6C%7C%23,%44%2F%57%73%20%20%44%6C%7C,%23%43%2F%41%43%23,%7C%6C%34%54%69%2A%5B%4C,%45%5A%4C%23,%57%2F%47%6C%7C,%23%43%2F%57%73%20%20%45%5A%4C,%5A%45%4C%78%5A%4C%41%6C%76%2A%7B%59%59%7C,%23%42%2A%6D%2A,%46%2F%57%73,%45%5A%4C%78%5A%41,%41,%41%41%31%4E%59%7C%51%79%58%51%79%58%5A%4C%41%4C%5A%78%5A%4C,%44%7C,%23%43%2F%41,%42%2F%4C%5A%42%37%4C%5A%4C,%41%5A%45,%41%7C,%37,%20%45%37%37%45%5A%4C%45%2F%41%5A%4C%44%6C%32%4E%5A%20%4C%7D,%23%47%2F%57,%23%46%2F%57%73%20,%4C%5A%41,%44%45%6C%5A%4C%37%58%41%5A%4C%2A%7C%58%79%51%20,%2A%6D%2A%23%43,%44,%44%5A%4C%44%5A%37%4C%23%43%5A%4C%41%3E%78%33%3C%41%2A%7B%59%59%20%42%2A%6D%37%5D%45,%45,%43%5A%4C%37%45%31%46%23%37%20%58%51%79%58%6C%7D%23%47%2F%57,%23%46%2F%73%57%20,%45%5A%4C%37%42%7C,%23%43%2F%57%20%79%51%7C%4E%32%4E%59%7C%51%79,%45%7C,%44%37%4C%5A%44,%5A%4C%23%43%5A%4C%37%45%33%4E%5A%4C%20%7D,%45%45,%45,%41%7C,%44,%41%7C,%45%7C%46%23%37%4C%5A%23%46%5A%4C%23%7C%41,%44,%7C%41%2F%43%23,%57%2F%43%23,%57%2F%42,%57%2F%45,%7C%41,%5A%20==%31%30%30=%31"
7f953d90-294f-4487-8fbf-52217448cad9,irealb://%59%6F%75%27%76%65%20%47%6F%74%20%54%6F%20%42%65%20%43%61%72%65%66%75%6C%6C%79%20%54%61%75%67%68%74%20%31=%52%6F%64%67%65%72%73%2D%48%61%6D%6D%65%72%73%74%65%69%6E==%57%61%6C%74%7A=%45%62==%31%72%33%34%4C%62%4B%63%75%37%58%39%62%42%5A%34%47%2D%37%58%51%79%58%37%5E%62%45%41%2A%7B%59%5D%20%20%63%6C%4B%51%79%58%37%46%5A%4C%20%6C%63%4B%51%79%4B%63%6C%20%4C%33%54%69%2A%5B%58%39%62%42%5A%20%4C%5A%45%62%51%79%58%37%5E%62%45%5A%4C%20%6C%63%4B%51%58%79%39%62%42%5A%4C%20%6C%63%4B%51%79%58%37%5E%4B%63%6C%20%4C%6C%63%4B%51%79%79%58%2B%47%7C%42%62%37%62%39%62%41%42%2A%5B%7D%20%20%78%20%5A%4C%20%6C%4B%63%51%79%58%37%2D%46%7C%51%79%58%62%45%5A%4C%5E%37%58%79%51%70%70%7C%51%79%37%5E%62%45%7C%37%58%79%51%7C%43%7C%51%79%58%37%5E%62%41%7C%51%79%58%2B%7C%47%51%79%58%37%5E%62%41%7C%51%79%58%2B%62%45%2D%36%58%79%51%5E%62%41%7C%51%51%79%58%36%2D%6C%20%4C%5A%42%37%5E%62%41%7C%51%79%58%37%62%45%7C%51%79%37%58%5E%62%45%5A%4C%20%6C%63%4B%51%79%58%39%62%58%79%51%7C%43%63%4B%51%79%58%7C%45%62%58%79%51%7C%46%2D%37%20%20%73%42%62%37%2C%7C%6C%45%62%58%79%51%7C%55%20%78%20%20%5A%20=%4A%61%7A%7A%2D%42%61%6C%6C%61%64%20%53%77%69%6E%67=%31%30%35=%31
7ff5d6e5-19a3-47a9-a560-010582b62a4a,irealb://%CE%9E%20Major%20chords%202nd%2D%E2%86%93%20%20%281%20bar%29=Valentin%20Thorey==Medium%20Swing=C%20==1r34LbKcu7%20E%20ZLC%20LZ%20%20bG%20ZL%20G%20ZL%20bAZ%20L%20A%20ZL%20bB%20ZL%20BLZ%20F%20%20%5B44TLZ%20Eb%20LZ%20D%20LZ%20Db%20%20%5D==120=0
7f19c6c4-af43-43c4-be83-943dfe939112,irealb://%CE%9E%20Major%20chords%203rd%2D%E2%86%93%20%20%282%20bars%29=Valentin%20Thorey==Medium%20Swing=C%20==1r34LbKcu7L%20B%20ZC%20LZ%20L%20bE%20ZL%20x%20ZL%20b%20GZL%20x%20ZL%20A%20ZL%20xZ%20x%20L%20%5B44TG%20ZL%20Z%20Ab%20bB%20ZL%20x%20ZL%20D%20Z%20Lx%20ZL%20F%20ZL%20x%20ZL%20LZ%20xL%20x%20Z%20LZ%20x%20LZ%20E%20LZ%20x%20LZ%20Db%20LZ%20x%20%20%5D==120=0
7f0327fb-30aa-4872-9afe-d763a6b08f04,irealb://%CE%9E%20Minor%20chords%202nd%2D%E2%86%91%20%20%284%20bars%29=Valentin%20Thorey==Medium%20Swing=C%20==1r34LbKcu7%2DD%20ZLC%2D%20LZ%20x%20ZL%20x%20ZL%20%2D%23CZ%20L%20x%20ZL%20x%20ZL%20x%20LZ%20x%20%20%5B44TL%20x%20Z%20LZ%20xZL%20x%20ZL%20x%20ZL%20xZ%20L%20%2DbE%20ZL%20x%20ZL%20%20E%2D%20Lx%20ZL%20%20ZL%20xZ%20x%20L%20ZL%20%2D%23F%20ZL%20x%20Z%20Lx%20ZL%20x%20ZL%20%2DF%20Zx%20LZ%20L%20x%20Z%2DA%20ZLG%2D%20LZ%20x%20ZL%20x%20ZL%20%2DbAZ%20L%20x%20ZL%20x%20ZL%20x%20LZ%20x%20%20ZL%20xL%20x%20Z%20LZ%20xZL%20x%20ZL%20x%20ZL%20xZ%20L%20%2DbB%20ZL%20x%20ZL%20%20B%2D%20Lx%20ZL%20Z%20x%20LZ%20x%20%20%5D==120=0
7f1787fd-e93a-4cf2-ac6c-366d2ba2f62f,irealb://%CE%9E%20Major%20chords%203rd%2D%E2%86%93%20%20%288%20bars%29=Valentin%20Thorey==Medium%20Swing=C%20==1r34LbKcu7%20ZL%20AC%20LZ%20%20ZL%20x%20ZL%20x%20ZL%20%20xZL%20x%20ZL%20x%20ZL%20xx%20LZ%20%20%5B44TZL%20x%20x%20LZ%20ZL%20bG%20ZL%20x%20ZL%20%20xZL%20x%20ZL%20x%20ZL%20x%20x%20LZ%20ZL%20xL%20x%20Z%20x%20LZL%20x%20ZL%20x%20ZL%20bEZ%20L%20x%20ZL%20x%20ZL%20x%20Z%20x%20LZL%20x%20L%20x%20ZZ%20x%20LL%20x%20ZL%20x%20ZL%20x%20LZ%20x%20ZL%20B%20ZL%20x%20ZZ%20x%20LL%20x%20Z%20F%20ZLZ%20Ab%20%20x%20ZL%20x%20ZL%20x%20Z%20Lx%20ZL%20x%20ZL%20x%20ZLLZ%20x%20L%20x%20Z%20x%20ZLLZ%20x%20%20D%20ZL%20x%20ZL%20x%20Z%20Lx%20ZL%20x%20ZL%20x%20ZLLZ%20x%20%20x%20ZLx%20ZL%20LZ%20x%20x%20ZL%20x%20ZL%20bB%20Z%20Lx%20ZL%20x%20ZL%20x%20ZL%20LZ%20x%20x%20ZLx%20ZL%20%20LZ%20xx%20ZL%20x%20ZL%20x%20ZLx%20%20ZL%20G%20ZL%20x%20ZL%20%20LZ%20xx%20ZL%20D%20ZL%20%20LZ%20Ex%20ZL%20x%20ZL%20x%20ZLx%20%20ZL%20x%20ZL%20x%20ZL%20%20LZ%20xx%20ZL%20b%20LZ%20x%20LZ%20x%20LZ%20x%20LZ%20x%20LZ%20x%20LZ%20x%20LZ%20x%20%20%5D==120=0
7f6f802d-0829-461a-9898-c44b5de5516a,irealb://%D0%92%D1%81%D0%B5%20%D0%A1%D1%82%D0%B0%D0%BB%D0%BE%20%D0%92%D0%BE%D0%BA%D1%80%D1%83%D0%B3%20%D0%93%D0%BE%D0%BB%D1%83%D0%B1%D1%8B%D0%BC%20%D0%98%20%D0%97%D0%B5%D0%BB%D0%B5%D0%BD%D1%8B%D0%BC%3D%D0%AE%D1%80%D0%B8%D0%B9%20%D0%9C%D0%B8%D0%BB%D1%8E%D1%82%D0%B8%D0%BD%20%28%D0%95%D0%B2%D0%B3.%20%D0%94%D0%BE%D0%BB%D0%BC%D0%B0%D1%82%D0%BE%D0%B2%D1%81%D0%BA%D0%B8%D0%B9%20%D0%A2%D0%B5%D0%BA%D1%81%D1%82%29%3D%3DMedium%20Swing%3DF%3D0%3D1r34LbKcu7C%7CQyX4F%5EXyX7C%7CQyX7-G%7CQyXC7%7CQyX7-GZL%20lcKQyQ%7CF%5E4TA*%7BX7C%7CQF%5EXyQ%7CQyX7E%7CQyXhBZLl%20cKQyX7-AZL%20lcKA-7Xy%7CQyX7%7CQyXhBF%5EXycKQyX7C%7CQyX6-GLZo%23F%207-GZL%20lcKQl%20LZA*%5B%5DQy%7CQyX%5E%7CBb%5EX7C%7CQyX7-G%7CQyX7%7CDQyX%5EF%7CQyXoB%7CQyXyQ%7CFQyX7DC7XyQZ%20%3DJazz-Medium%20Swing%3D125%3D3
7fe5c5be-6216-4dcb-ac71-c4833ceee979,irealb://Enjoy%20The%20Silence%3DMode%20Depech%3D%3DBallad%3DC-%3D%3D1r34LbKcu7ooooo4C-7X7-CA*%5B%7DQyX%5EbE%7CyQX7-C%7CQyX%5EbE%7CQy%3C*74o4Ti*%7BQyXQyoooooyX%7D%20%20x%201N%7CQyX%5EAb%7CQyX%5EB%7CQyX%3EoooQXyQXooooo%7CQyX%5E%235XyQX7bB%7CQyX7-G%7CQy7X-bA%7CQyX7-FB*%5B%5DyQ%7CAb7G2N%7CyX%5EbEyQ%7CC--C%7CQyX%5EbE%7CQyX7C-C*%5B%5DQyX%5EB%7CQyX77XyQ%7CX7-bAQ%5D%20%3DJazz-Medium%20Swing%3D100%3D3
7f523465-cc68-45ff-a6e1-8be58903f0bd,irealb://%D0%A2%D0%B0%D0%BD%D0%B3%D0%BE%20%D0%9E%D1%81%D1%82%D0%B0%D0%BF%D0%B0%3DComposer%20Unknown%3D%3DMedium%20Swing%3DC-%3D%3D1r34LbKcu7NZL%2CbXyQ%7CGZL7G%20%2C-F%7C%5D%20%20-FLZ%20%2C7C%20%2C-bB%7CQyX7C-%2C%20A-CA*%7B%2CB*%2C%5BF%23o7L7G%2C-CZL7G%2C-F2NLZ%20QyXQyX%7DQyX7GZ%20C-%20%5D%20%2C-F1CXyQ%7CxXyQ%7CF-XyQ%7CxXyQ%5D%7CBbXyQ%7CxXyQ%7CEbXyQ%7CG7XyQ%5D%20%3D%3D0%3D0
7f91f942-c774-4b31-b34c-0d0fe1d78e22,irealb://%D0%A2%D0%B8%D0%BA%20%D0%A2%D0%B0%D0%BA%3D%D0%A1%D1%82%D1%83%D0%B4%D0%B8%D0%BE%20%D0%90%3D%3DMedium%20Swing%3DC%3D0%3D1r34LbKcu77-A%7CQ-7XyQQyX7-DA*%7B%7DQyX7G-%7CQyX7-A%7CQyX6C%7C%7CC6XyD44T%7B%D1%8536*%3C-7%20%20%3C%7CQyXC%7CQyX7-A%7CQXy7-DB*%7B%7D%20%3E4%D1%8566*G-7%20%20G%7CQyX%7CQyX6*AD-77-D%7B%7DQyX7-G%7CQyCX%2F-A%7CQyX7-A%7CQyXXyQ%7CC%7B%7D%20%3E4%7D%20%3E4%D1%85Q%7CG-7%207-G%7CQyXC%7CQyX7A-%7CQyX7-DB*%7B%7DQyX%20%3C*63yX7-A%7CQyXCyQ%7CC6-A%7CQyX7-DB*%7B%7DQXy7-G%7CQyX7-A%7CQyX7XyQ%7CX7-D%7BG-7%20%20%3C*63%D1%856%3E%20%7D%20%3DJazz-Medium%20Swing%3D100%3D3
7f38138a-6560-4e0d-b8eb-856ca588babe,irealb://%D7%94%D7%A9%D7%99%D7%A8%20%D7%A9%D7%9C%D7%A0%D7%95%3D%D7%92%D7%A4%D7%9F%20%D7%90%D7%91%D7%99%D7%91%3D%3DPop%3DD%3D2%3D1r34LbKcu7%5BY%7CQyXyQ%7CDXD%7CQyXG%7CQyX-E%7CyQXG%7CQyX-B%7CQyX7%5EyQ%7CDXD44T%5BQyXG%7CXyQ%7CFL%20lcKQyX-D%7CQyX%23-F%7CQyX-%23C%7CQyX-%23ZFXyQ-%23CB*%5D%20%3DPop-Rock%3D115%3D1
7fa9b26f-62e0-428b-85e4-19a1e51c34c4,irealb://%D7%9B%D7%9E%D7%94%20%D7%90%D7%94%D7%91%D7%94=%D7%91%D7%A0%D7%90%D7%99%20%D7%9E%D7%90%D7%99%D7%A8==%4D%65%64%69%74%65%72%72%61%6E%65%61%6E%20%72%6F%63%6B%20%2F%20%61%63%6F%75%73%74%69%63=%41%62==%31%72%33%34%4C%62%4B%63%75%37%20%74%61%65%70%34%3C%6D%65%6C%79%58%78%7C%51%79%58%37%2D%43%5A%4C%20%6C%4B%63%51%79%58%76%2A%2C%2D%46%3E%35%20%79%64%6F%51%7C%3C%72%65%34%54%69%2A%7B%7C%51%79%58%2D%72%73%74%20%76%2D%43%7C%51%79%58%37%2D%62%42%3E%2E%31%78%79%20%6C%6E%6F%20%6E%65%68%74%20%2C%65%73%72%65%58%79%51%7C%46%69%66%20%32%78%7C%51%79%58%2D%59%7C%42%62%2D%58%43%7C%51%79%58%2D%62%42%7C%51%79%58%78%51%7C%79%58%62%41%5A%4C%20%6C%63%4B%51%79%58%37%79%51%7C%42%62%7D%51%79%58%78%51%79%58%2D%46%20%5A%59%7B%2A%62%44%7C%51%79%58%2D%46%7C%51%79%58%2D%62%7C%42%51%79%58%39%5E%62%44%7C%51%79%58%2D%46%43%39%58%79%51%7C%78%5A%4C%37%43%37%2D%62%42%7C%58%79%51%7C%43%7C%51%79%58%2D%46%3E%6C%61%74%6E%65%6D%75%74%72%73%6E%49%3C%44%2A%7C%59%59%7D%51%79%58%37%44%62%58%79%51%37%2D%62%42%7C%58%79%51%7C%43%58%79%51%7C%44%62%39%58%79%51%7C%46%2D%58%79%51%7C%42%62%2D%37%58%79%51%7C%43%37%58%79%51%5A%20==%31%30%35=%30
7f7e4d23-a5f5-4245-886c-7bd747c63b3f,irealb://%E3%81%93%E3%81%8D%E3%82%8A%E3%81%93%E7%AF%80%3DJapanese%20Traditional%20Folksong%3D%3DPop%20Ballad%3DD-%3D%3D1r34LbKcu7%20-G%7CQ-XyQ%7CQyXbB%7CQyXB/-D%7CyQXC/-D%7CQyXbD/-D%7CA-XyD44T%5BFLZD-XyQ%7CBb%20CLZD-XyQ%7CBb%20CLZD-XyQ%5D%20%3DPop-Rock%3D115%3D1
7f2c3308-8291-453f-8af6-3456093a7082,irealb://%E8%A5%9F%E8%A3%B3%E5%B2%AC%3DComposer%20Unknown%3D%3DFolk%20Rock%3DEb%3D%3D1r34LbKcu7%20-C2Nb%20C-L-CZL-G%20-C1N%7CQybXE%7CQyX-C%7CQyXbEZXyQ%7D%7CE44T%7B%7CQyXb-XyQ%7CbEZLbB%20-FZL-C%20EbZLbA%20-CZL-G%20bEXyQ%7CACZL-GEbXyQ%7CF-%20BbLZEbXyQ%5D%7C%20%3DPop-Rock%3D102%3D1
7fbd6337-e233-4db0-867c-3d97fca89834,irealb://%EC%95%BC%EC%83%9D%ED%99%94%28Wild%20Flower%29-Park%20Hyo%20Shin%20in%20K-Pop%20P.1%3DJung%20Jae%20Yun%3D%3DMedium%20Blues%3DAb%3D%3D1r34LbKcu7bD%7CQy%20Db-%2C%7CQyX9%5EbDA*ZLQyQXyXbDfZLbD%20bAZLAb%5E7XbAi*%5B%2CbE/bb/Eb%2CbD%7CQyX7%5EbA%7CQyX%5E9bD%7B%20bA%20bA/-bD%7C%5E9%20%20DD%20%209%5E%5D%20bE%20Ab%20AbB%7CQyX-bB%7CQyXC/Ab%7CQyX9%5EbD1NB*ZLb-/Eb/-bD%7CE%20bA%7C%20Eb/AE/-bB%20-bBZLC/b%20A9%5EbD%7CQyX7-FZLbb%2CEb%2CbAC*%7Cf%20QyXZF-7XbD%7C%2CbE%2CbE/-bB%20b-BZL7-F%209%5EbD%7CQy%5E9XyQLbA/bBZL-bQ%20%20%7D%7CDZL7%5EbA%20bA/-bD%2C%7CG/bE%20%209%5EbD2NB*b%5E9%20ByXQyX%2CF%2CF/%20Eb%20%5DZLD/bB%209%5EbE%7CQy7X-GZLbB/F%20bBC*%7CC-%20C-bE/-b%7CBb%20F/BbLZG-7XyQ%7CEb%5E9%20G-LZC-%20C-/F%2CF%5D%20%3DJazz-Medium%20Swing%3D100%3D3
7fd22724-e3a4-4b39-a503-79c53f115d71,irealb://Bouncin'%20Around%3DArmand%20J%20Piron%2C%20Peter%20Bocage%201924%3D%3DMedium%20Swing%3DBb%3D%3D1r34LbKcu73*%3C%20%3Entro%3E%20%3EB93*%3C%20%3EB93*%3C%3E%20A93*%3C%20%3EA93*%3Cp%20%3C*39CI93*%3CX%5D%20xZs%20on%20xZLoD%3EortnI96*4%3C4T%5BQyXQyXQyX%3EDLZA7LoloS9ZLxZL%20%20%7B*AL-DZLxZL-DZLxZ7LAZLxZLxZLxZL-DZxLZxQyXQyZLxZLsLZsDL7CZLxZLFZLxZLC7B*%7B%7D%20-Dl%7C%2C7A%2C-ZxLZFxZL7AxZL-DLZFLZFl%7C%2C7C%2C7GsZL%20%3EakerB93*%3C%7Cp%2CFZLx%20%7D%5B*CxZL7C%2C7G%7C%2CxLZA7ZLbBZLxZLxZLxZ-LDZL7AZL-DZLxZLsF%2CD7ZLxZLDZLbEF%20%5D%5B*L7FZLbBZLxZL7FLZxZLbBZLbEZLbBDZBbLZl%7C%2C7C7LZG-LZEbLZsBb%2CG7%2C%7CC7%2CF7%2C%7ClBb%20%5D%20%3DJazz-Medium%20Swing%3D100%3D3
7f11f66d-5de1-44f4-a6c6-d2bf3f743ef6,irealb://Gettysburg%20March%3DS%20B%20Stambaugh%20%281911%29%3D%3DMarch%3DF%3D%3D1r34LbKcu7B%7CQyX8FXyQXFZL%20lcKQyX7CZ%20LlcKQyXF%7CQyXbB%7CyQ%7CF76TA*%7ByX%7D%20%20BoXyQX7CZL%20x%201N%7CQyXG7%7C%7CQyX7DZL7A%20F%7CyQKcl%7CQyXbQLZN2C7XyQ%7CF%20BbLZFXyQ%5D%20%3DJazz-Medium%20Swing%3D100%3D3
7f7d7ba2-a92e-4b45-8d2d-ce57a4f105a5,irealb://Goin'%20Home%3DColyer%20Ken%3D%3DMedium%20Blues%3DC%3D%3D1r34LbKcu7yX7GZXyQKcQyXC%7CQyX7G%7CQyX%7CFQyX7CZL%20x%20ZL%20lKcl%20LC44T%5BQKcl%20LZC%20F7LZCXyQ%5D%20%3DJazz-Medium%20Swing%3D100%3D3
7f07bc61-0c71-4727-8bff-bcf25ab5a3a2,irealb://Red%20Wing%3DKerry%20Mills%2C%20Thurland%20Chattaway%20%281907%29%3D%3DMedium%20Swing%3DEb%3D%3D1r34LbKcu7L7bB%20*74VebE%20bE%7CQyX%2CbAZLb7E%20bE%7CQyXbE%3Eesr7LZAb%3C44T%7B%7BYZL7Q%7CN1FZL7bB%20F2NZL%20QyQXyX%7DQyX7bB%7CQyX7Eb%20EbyXbEZZL%20lchorusBZL%20lcKQyXbEZLl%20cKQyXbA%3Esolos%20bXyQKC47*%3CbA%7CQyKcl%20%20yX7bE%7CQyX7bB%7CQXybA%3EoirT47*%3C%7CY%7DQ%7CAbXQyXbEQyXbAZEb7XbE%7CQyX7bB%7CQyXb%7CA%7CQyXbAZL%20lcKQy7XyQ%7CLobA%20%7CDb%20DoLZAb%20F7LZBb7%20Eb7LZAbXyQ%5D%20%3DJazz-Medium%20Swing%3D100%3D3
7f4d35e3-fc7b-4bf2-b91a-071af36c16bd,irealb://When%20I%20Lay%20My%20Burden%20Down%20(PLP-RBB)%3DTraditional%3D%3DFolk%3DG%3D7%3D1r34LbKcu7lareGarkinurB%20xiD%7CyaB%20le%7CMs'rekciP%20toL%20gce%20%26%20P06*%3CM%20srees%2F%2F%5BhT%208291%20CER%20ts%201%5D58%20kcarT%7C2%20DCe%20EldnoJ%20dyXQyXrsh%2F%2FregniS%20deifitcanS%20'sdrawdE%20dnAs%3EXyQotnIc%20x%20ZLyQ%20%5B*%20%20%3E%20pu%20kcip%3Cn%20%20%3Esuroh%2096*%3C44TC%7BSG%20pXQyXQp%20GZLLZG%20p%20x%20ZL%20x%20ZLp%20GZpL%20GZL%20x%20ZLp%20CZLLZ%20x%20%20x%20ZLe%2096*LZD7%20yXQyXQyXQyX%5D%20%3EneiF%3Cp%20GZLp%20GZLpQ%5B*v%3C%20x%20ZL%20ZLp%20%20pLZ%20%20ZLp%20GZL%20x%20ZLpC%20ZLp%20GZL%20x%20ZL%20xx%20LZGG%3Eesr%7D%20%20x%20x%20LZ%202N%7C%7D%20%20x%20ZLp%20G1%7CNQyX7DZLp%20GZL%20xG%20pLZ%20ZL%20xN3G%20pLZ%20x%20%20%7D%7CN0%3C*69%204.%3EG%20pLZ%20x%20%3CD.S.%20al%20Fine%3E%20Z%20%3DPop-Country%3D180%3D1
7f5cf93c-393c-4548-8607-8c1c91844c3d,irealb://Blowin'%20In%20The%20Wind%20%28Version%202%29%3Dbe2sharp%20ARR:%3D%3DZz%20Pick%20An%20iReal%20Style%20%3DA%3D%3D1r34LbKcu7%20oslayQ%20%20Ngnos%20ruoy%20fo%20eotn%20tsal%20eht%20ema.%20It%20X23*%3CeRi%20s%20%3E%20%3C*of%20tes%20tsum%20uo%20ytaht%20yek%20eht60r%20thisemani%20orto%20chahT%20%20QyX64*%3CQyXyQXQyXQyXQyX%3E.tris%20inrP%20laon%20sa%20up%20o%20%3Eti%20os%20%2Cmhtyh%20redivorp%20ot%20yln%3C*20htes%20sXQyXQds%2C%20lrofrep%20ot%20ydae%20rteg%20uoy%20gnittem.%3EXyrohc%20X%3E.%22sXyQ%3C*%20oN%2262*%3C%20%3E:sname%20%22.C.N%22%20%20QyX25ChordQyXQyxZLxZ%20%5B*ATZLAB*%7B%5D%20%20n%20ZL%20%20n%3E:ortnI%2045*%3C44DLZALQyXQyQ%5B%5D%20xZE7LZ7EZLDZL-%23FZLAZ7LEZLDC*%5B%7D%20%3Ex3%3CxLZALZL%2CDZLlper%20LZALZsihT%20%20QyX25*%3CZx%20UZLAZL7EZLDZLx%20coda7EZLDQyXQyhe%20soyXQyX%3E.eciwt%20%2Crsab%204%20tsal%20s'gnQXyQXt%20sya%20seduXyQ%20%20gnos%20eht%20fo%20%22tenmegnarra%22%20sihT%20incl65*%3C%20a%20%2Ceswo%3E%20%3Ccae%20neewteb%20%22sreusaem%20.C.N%2262*h%20vert%20ehtecnamng%3EXyp%22%20a%20rof%20%20QyX0*7%3CQyXQyXQyXQyXQerforiwoll%20:elyk%22%20bet%20yrT%3C%20%3E.syalpre%20gnos%20eht%20erofhe%20Staerb%20QyX83ock%201QyXQyXQyXQyX%3E%20201%20mpb%20%20ta%20%2C8/2XyQ%3C*R-poP%3E%20gnousingyeK%20eht%20%2CopmeTe%20ht%20%2CorP%20laeRi%20%2C%20a%20s%20yB%20%20%20ni%20dStylestnemurtsni%20fos%20noitceles%20dna%20%20foun21*%3C%20o%20stoyQXyQ%20sevig%20rexiM%20%20yQX65*%3CQyXQyXQyXyou%20lX%3Eehtu%20ti%20s%20to%20t%20%2Cgnos%20a82*%3C%20h%3Etiw%20tnemirepxeo%20setyaw%20fp%20the%20way%20you%20like.%3EXyQXyQXyQXyQXyQ%3Cb%23%3E%20%3DPop-Rock%2012/8%3D120%3D3
7f25e669-a050-4710-9bac-215e203c7b38,irealb://Happy%20Birthday%3Dbe2sharp%20ARR:%3D%3DZz%20Choose%20A%20Style%3DF%3D%3D1r34LbKcu7%20si%20yyQ%20%20AT%20.gnos%20ruoy%20rfo%20yek%20eht%20tsujdhe%20keX45*%3C%20ruoyast%20%3Erohc%20tsal%20eht%20or/dna%20eton62*%3C%20d%20on%20l%20ehteht%20ypage.t%20erus%20eB61*%3C%20yQXQyXQyXQyXQyX%3Eo%20pla%20gnosQyX85ck-upQyXQyXQyXQyX%3Eeth%20erofeb%20seton%20XyQ%3C*ip%202%20*%3C%20%20Qro%2C%20aQyXQyXQyX%3E.lle%20wsa%20gnos%20eht%20dnXyQXytni%20%20FfZL7XyQ%20.Ti*%5B%20QyXQyX%3E%22y-p%20-%20paH%22%20.%20.%20.%2034F%20CQyX23xf%7C%2CW*AT34%7C%2C7Fs%20%20F%7CQyXF%7CyQX7C%7CQyX7C%7CQyXFflBb%2C%5B%5DQyXamref7LZfF%20serusaem%20ehT%20Q%20yX23*%3CZ%20FfUZL%2Cwith%20C%20FZLht%20tcslangt%20tneserper%3C%20%3E%22%29seye%20s'drib%22%20:he%20fa%28%20sat%20QyX2ose%20nXQyXQyXQyXQyX%3Ee%20ra%20sdrohc/setoyQ%3C*4ht%20taQyXQyys%20plehto%20eht%20naht%20ergnol%20gnus/deyars.%3EXawla%20niwS%20QXyQ%20M-zzaJ%20:selytSl%20ufesU%20%20QyX45*%3CediumyXQyXyXQyX%2090%3E%20XQyX%3E09%20mm%20/sh8t%20nevE-zzaJ42*%3CyQXyQmm%20/g%20opmeXyQ%20%20%20laeRi%20rewols%20%20ata%20gnitrats%20yBPro%20T45*%3CQf%20uoythe%3E%20%20erusni%20uoy%20%2Cdteseggus%20eno62*%3Cthat%20%20nahtlp%20taobtaiucca%20%20QyX07*%3CQXyQyXQyXQyXQyX%3Enracy%20%20tsriaying%20the%20correct%20notes.%20%3EXyQXyQXyQXyQXyQ%20%3Cb%23%3E%20%3DJazz-Medium%20Swing%3D90%3D3
7fcef77f-9d2e-42de-b7d4-a6948c72e5e0,irealb://Horse%20Went%20Around%20With%20His%20Foot%20Off%20The%20Ground%2C%20The%3Dbe2sharp%20ARR:%3D%3DZz%20Experiment%20With%20Song%20Styles%3DG%3D%3D1r34LbKcu7y%20ot%20yQ%20%20Msiht%20fo%20yek%20or%20PlaeRi%20eht%20hcta%20songX65*%3Ci%20tahby%3E%20%3Cohc%20tsal%20s'gno%20sruoy%20gniman03*rd.%20T%20sruokcip%20%20key.%20yalP%20%20QyX46*%3CyQXQyXQyXQyXQyX%3Ethe%202eht%20seb%20owotes%20l%20eht04*%3C%20%3Eno%20A%2C%20rettel%20erofebast%20tn%20pu-reV%208f%20theTA*%5BQyXQyXQyXQXyQyX%3E.ni-tnuoc%2044%3C*6o%20staB*%5B%5D%20XyQKcL%20x%20ZL%20lcKQyX%2C%7CGQyX7DZL%20x%20ZL%20lZD7%20GG%3E:es%20.%20.%20Choru%20%29.cte%2Cdr3%28%20dn%202%2Cgnos%20emaS%22%20:sverse%2066*%3CQyX24G%2CnG%2CXQyXQyXQyXQyXZ%20%20x%20ZL%20x%20ZL%20lcKnyQ%20%3C*s%3E%22.%20%20:abu:%20JazaL61*%3C%20%3E651%20mm/%20gniwS%20dallaB-ztin-CyrT%20%20%20si%20eha/%20%20%20QyX04*%3CQyXQyXyQXQyXQyX%3E441%20mm%20TherC%20ahCmuN%222er%20medellac%20%2Csdrohcg%20nidaer%20fo%20doht%3E%20%3C*1htonaQyXQyotati%20sedulcni%20orP%20aleRi%20hcihw%20%2C%22noin%20%3EXN%20rebctiwsQXyQ%3Cvah%20uoY%20.margopr%20rieht%20%20QyX85*e%20to%20yXQyXnretlm%20%22Cl%20esu%20ot%20%22noitaotN03*%3C%20%3Elacissathe%20aorf%20hsiht%20ystem7*%3CQyXQyXQyXQyQXyX%3Eno%20ti%20yrT%20.4XyQ%20s%20eta*%3C%20%3E.%20and%20c%203-2%20tsuj%20hti%20wsgnos%20rehto%20nohordsenut%20X%3E%2Cnit%20couuoy%20yek%20eht%20foe%20lacs%20eht%20pu%20tn%20are%20suJ60%20.rebXyQXy%20eton%20hcae%20gniivg%20%20QyX45*%3CQyXQa%20numQyXQyroF%20.song%20%201%20spets%20elacs26*%3C%20%3E%20ylno%20sesuand%205%20sihTht27*a%20lea%3CQyXQyXQyXQyXQXy%3Eegnahc%20%2Cgninrb%23%3E%20%3Crtxe%20e%20key%20of%20this%20song%2C%20using%20%22Number%20Notation%22.%3E%20%3DJazz-Ballad%20Swing%3D156%3D3
7ff87413-65c9-4a32-90e2-6338cc11f6fc,irealb://Sakura%20%28Cherry%20Blossoms%29%3Dbe2sharp%20ARR:%3D%3DZz%20Experiment%20With%20Song%20Styles%3DA-%3D%3D1r34LbKcu7%20gnosyQ%20%20T%20yalp%20ot%20yek%20tecrroc%20eht%20tes%20oyour%20X65*%3Ct%20semeal%2C%3Eos%20ruoy%20fo%20eto%20nTSRIF%20ehT82*%3C%20ng%20naRi%20nitirw%20y.%20%3EXos%20sihT%20%20QyX46%3C*QyXQyXQyXQyXQyng%20isek%20eha%20ts1o%20givu63*%3C%20%3Efo%20ecneriepxe%20eht%20uoy%20esing%20t%20net%7BQyXQd%20endQyXQyX%3E.sngis%20ateper%20dna%20%2CsgniXyQXyn2%20dn%7CQyX-A-%20D-%20-A%7CQyX-A%7CQyX6D-%7CQyX-AZL%20x%20ZL6E7LZA44TA*%7DQyX-Q%7CA-XD%20-A1N%7CZL%20x%20ZL-6D%20-AZL7E%20-A%7CQy-6LZAyX6-DrB-ni%20D-6LelytS%20elpmaxE%20Q%20yX23*%3CZ%20%20U%20-AZ:%20Lat-A2N%7CJ%20ysp%20SambaJ%20:elytS%20elpmxaE%3C%20%3E601%20mpb%20/azz-Gy:lizayX47*bpm%201QyXQyXQyXQyXQyQXyXQyXQyXQyX%3E20XyQ%20%3C%20/zzayek%20etuallman%20eton%20tsrife%20ht%20hguohtla%20%2Cyes%20thcA%20%20QyXQyX48you%20ronim%20a%20sa%20tie%20man%20osla%20tsum%20key.%3E*%3C%20%3E%2CenraeyQXyQw%22%20a%20ylurt%20erau%20oy%20fI%20%20QyX25*%3Cise%20lXQyXQgnicihen%20y%20yb%20nigeb%20syawal82*%3C%20%3E%20lliw%20uopractt%20%2C%22re%20%20Qyne%20atQyXQyXQyXQyXQy%3EX%20wols%20deeps%20a%20%3C*74Xut%20a%20a05*%3C%20to%20p%20.yletarucca%20steon%20eht%20lla%20yalLet%3E%20hguon%3CQyXQcy%20taQyXQyX%3E.deeps%20ervo%20ytiroirp%20ekXyQXyaruccb%23%3E%20%3DLatin-Brazil:%20Samba%3D106%3D3
7f705a99-96b5-4bd3-9ec0-5da27a28f816,irealb://Shortnin'%20Bread%20%284-bar%20intro%29%20%3Dbe2sharp%20ARR:%3D%3DZz%20%20Set%20A%20Cool%20Style%3DC%3D%3D1r34LbKcu7gnos%20yQ%20%20Nfo%20drohc%20dna%20eotn%20tsal%20eht%20ema%20yourX45*%3C%20orP%2028Use%20siht%20yalp%20ot%20eyk%20eht%20sa%20meht%20iReal*%3C%20%3E.sal%20e.%3EXyQ%20kool%20woN%20%20QyX64*%3CQyXQyXQyXQyXat%20thtrahcydoleeasur%20era%20yehT83*%3C%20.%3Egnos%20eht%20fo%20sethe%20mm%204%20tTi*%5BQthe%20cQyXQyXQyX%3E.ortin%20eht%20rof%20sdrohXyQXy%20dna%20G%2CCsZQKcl%20L%20lcKQyXClA*%7B%5D%2CnC%2C7G%2CCsZL%20x%20ZLZ%20x%20LyXC44emas%20%7C%7ClCXQyX45*%3C%7Dn%2CC%2C7GC%2CsZL%20x%20ZL%20lcKQy%20%20Then%2CC%2C7%20eht%20rs%20%28meb62*%3C%20%3E%20detaeepr%20era%20%29serusaecauseab%208%20QyXQyalf%20ayXQyX%3E%20gnos%20eh%20tfo%20flah%20dn2%20dnQXyQXh%20ts1*%3C%20%3E.yQ%20%20aem%20ton%20tub%28%20sdorhc%20emas%20eht%20erlody%29X27*%3CyX%3E:se%20are/selytS%20orP%20laRei%20elpmas%20emos%20TemporeH03itaL4yQXyQ021%20/ssargeulBp-oP%20%20QyX47*%3CQyX%3E%20%3C*4XQyXQ021%20/zil:%20poP%20%20QyX47*%3C%20QXyQyX%3E021%20/abmaS-FunkarB-n%20tnemyQ%20%20%3Ce%20%2Celyts%20txen%20isht%20roF%20%20QyX06*xperiXQyX%3EaeRi%20new%20snisu%20yb%20teg%20na%20cuoy23*%3C%20%3Esdnuog%20the%20htiwediw%20%20Mixe%20%20QyX47*%3CQyXQyQXyXQyXQyX%3EtI%20.rhas%20aorP%20letcelction%3C%20%3Enehw%20%2Chcihws%20tnemurtsni%20fo%20*46seeles%20QyXQyangesyXQyX%3E%20.gnos%20eth%20fo%20dnuos%20eht%20QXyQXhc%20%2CdXQyXQyQ%20%20J%3E021%20opmeT%20%2CruFo/owT%20gniwS-zzaXyQXyX47*%3CyQXyQ%20%3Cb%23%3E%20%3DPop-Bluegrass%3D120%3D3
7f3a1afa-ca41-4816-9272-b14c391cc545,irealb://Tchavolo%20Swing%20%28Dm%29%20%2D%20DJC%201=Schmitt%20Dorado==Gypsy%20Jazz=D%2D=5=1r34LbKcu7%5DQyXn63XyQ%2C7A%7C%7D%20%3Ex3%3C7A%207BbZL7C%20%2DDs%3EortnIn%2C%20LZ%2A%3Ci%2A%7BZLxZL%2A72%20%20ZLoEZLxZLxZLxZxLZLxZL6%2DDl%3ECBAAxLZA7%3CA%2A%7BYLxZL6ZxLZxZL7DZLxZLxZLxZ6L%2DD%5BZL7AZL6%2DDZLxLZG%2DLxZLxL%20QyXZxLZDXQyX%7D%207A1NZL6%2DZDL7AZL7bBZLxZL%2DyQXyQL7bEZZLFZL6%20%5DY%5BZLxZL6%2DDZLxZL7ZALxZLFZLxZL7CB%2AC7LZx%2DD2NZLxZL67LZxLZL7DZLxZLxZLxZ6L%2DDC%2A%5BY%5D%20xZL7AZxLZG%2DbBZLxZEb7LZxLZD%2D6LZxLZBb7LZA7LZD%2D6LZA7%20Z%20=Jazz%2DGypsy%20Jazz=180=3
7ff65f05-a3bc-46c0-98e1-31d8c73c8905,irealb://11%20%2835%2C%2037%2C%2039%29%20Primary%20and%20Secondary%20Chords%20%28Major%20Key%29%20%28%E2%80%98I%27%20on%205th%29=GuruOfGuitar%2Ecom==Rock=C=11=1r34LbKcu7yX%2DA%7CXyQKcKQyXCZL%20lcKQyX%7CGZL%20lcKQyXFZL%20lcl%20LZC44T%5BQ%7CD%2DXyQ%7CE%2D%20%20%3C8x%3E%20%7D%7C%20=Pop%2DSmooth=90=16
7f39bbf1-b053-4650-bc62-c9686e5d1735,irealb://Down%20in%20minor%203rds%20minor%20%28f%29=Charts%20Practice==Medium%20Swing=C==1r34LbKcu7%5bT44F%2d7XyQ%7cD%2d7XyQ%7cB%2d7XyQ%7cAb%2d7XyQ%5d%20==0=0
7f35e20b-46a9-4741-8c55-3cfbe400ddfa,irealb://II%2dV%2dI%20in%2012%20Major%20Keys=Charts%20Practice==Medium%20Swing=C==1r34LbKcu7cKQyX%2d7XyQyX7C%7cQyX7%2dGZL%20clKQyX7%5eC%7cQyX7G%7cQ%7cF%5e7D44T%5bX7%5ebEC%2d7XybB%7cQyX7%2dFZL%20lcQKyX7%5ebB%7cQyX7F%7cQ7XyQ%7c%7cZL%20lQyX7b%20LZBb7%2dbEZL%20lcKQyX7b%5eA%7cQyX7bE%7cQyX7%2dXyQ%7cAlcKQyQyX7%2dXyQKclcKQyX7%5ebG%7cQyXb7D%7cQyX7%2dbA%7cZL%20l%20LZC%237%5ebD%7cX7%2dBZyQ%7cB%5eQyX7%5eE%7cQyX7B%7cQXy7%2d%23FZL%20lcKQyX7Kcl%20LX7%23F%7cX7%2dAZXyQ%7cAQyX7%5eD%7cQyX7A%7cQXy7%2dEZL%20lcKQyX7%5eKcl%20L7E%7cQyyQ%7cD7XyQ%7cG%5e7XyQKcl%20%20Z%20==0=0
7fddaec9-08c3-4586-907e-08eff92f6c33,irealb://Sitting%20On%20The%20Dock%20Of%20The%20Bay=Otis%20Redding%20%28Redding%2C%20Cropper%29==Pop=G=9=1r34LbKcu77A%7CQy44GXyX7B%7CQyXGSA%2A%7BY%5D%20%20x%20ZL%20x%20ZL%20lcKQyQ%7CCXTi%2A%5BYQyX7EXyQ%7CB%7CQyX7E%7CQyXGB%2A%5BQ%5DyX7A%7CQyXC%7CQyX7GXyQ%7CG%7CQyXG%7CQyX%7CA7Xy%20G%7CQyXCZL7D%20GC%5B%2A%7D%20Q%20%207E%7CQyXG%7CQD7LZCQyXG%7C%20ZL%20lC%20GLZGQ%7BY%5DQyX7D%3Eado%20Cla%20%2ES%2ED%3C%7CQyX7FXyQKcZL7D%20x%20LZE7XyQ%7D%20=Pop%2DRock=115=1
7f4e81ab-5812-4b05-81cf-08fda8a8eff2,irealb://Eppur%20Mi%20Son%20Scordato%20Di%20Te=Tre%20Formula==Medium%20Swing=E=0=1r34LbKcu7L%2D%23CZLZ%20LZbAZL%20ZLEZL%20ZLCLZ%20ZL%2D%23CZL%20ZL%2DbA%2DLZ%20LE44T%5BbAZL%20LZ%20LZZL%20ZLE%3E%2E%2E%2Eenoiazrepsid%20ehc%20aM%3CAb%2DLZCZL%20ZZLAZLC%23%2DLZCZL%20ZL%20ZL%20ZLBZ%20LZLAZL%20ZL%2D%23CZL%20%23%2DLZ%20ZL%20ZL%20ZL%20ZZ%20LZ%20L%20ZL%20ZL%20ZLbAZLZ%20L%23FZL%20ZLEZL%20ZLZC%23%2DLLBZL%20ZL%20ZL%20LZ%20LL%20ZL%20ZL%20ZL%20ZL%20LZ%20ZL%20ZL%20ZL%20ZL%20ZZ%20LZ%20ZL%20ZLL%20ZL%20Z%20LZ%20%20ZL%20ZL%20ZL%20ZL%20Z%20LZL%20ZL%20ZL%20ZL%20ZLLZ%20LZL%20ZL%20Z%20LZ%20LZ%20LZ%20LZ%20LZ%20LZ%20LZ%20LZ%20LZ%20LZ%20LZ%20%20Z%20=Jazz%2DMedium%20Swing=100=3
7fabdb35-8b75-4dfe-9871-27d7c892b6e7,irealb://Il%20Gatto%20E%20La%20Volpe=Bennato==Medium%20Swing=C=0=1r34LbKcu7ZL%20ZLLZ%20LZZL%2DAZL%20ZLCZL%20ZGLZL%20ZL%2DDZL%20ZL%2DA%20LZD%2DC44T%5BL%20ZL%20Z%3CRit%20ZLCZLGZL%2DD%7C%2CA%2D%2CAZL%20ZLEZL%20ZLC%3ELZ%20LZL%20ZLGAZLCZLZ%20LZZL7CZLCZLGZL%2DDLZ%2DAZLCZLGZLFZL%20FLZGL%20ZL%20ZL%20ZL%20D%2D%2C%7CG%20ZL%20ZL%20ZL%20ZL%20Z%20LZL%20ZL%20ZL%20ZL%20ZLLZ%20LZ%2CDZL%2D%20ZL%20ZLZ%20LZZL%20ZL%20ZL%20ZL%20ZLZ%20L%20ZL%20ZL%20ZL%20ZL%20%20LZ%20L%20ZL%20ZZL%20ZL%20LZ%20LL%20ZL%20ZL%20ZL%20ZL%20LZ%20ZL%20ZL%20ZL%20ZL%20ZZ%20LZ%20ZL%20ZL%20LZ%20LZ%20LZ%20%20Z%20=Jazz%2DMedium%20Swing=100=3
7ffae5b7-c4e7-40b5-8746-eb62207cdb8a,irealb://Per%20Un%20Ora%20D%27amore=Bazar%20Matia==Medium%20Swing=B%2D=2=1r34LbKcu7ZLDZLIntroortS%3CZL%20ZL%20ZL%20LZ%20ZL%20ZL%20ZL%20ZL%20%3Efa%3EB%2D%3C44T%5BDZL%2DBLZ%20LZ%20ZL%20ZL%20ZL%23FZLGLZDZL%2DBZL%20ZL%20ZL%20LZ%20LZ%23FZLGZL%20ZLF%23LZ%20L%20ZL%23FZL%2DEZL%2D%23ZFL%2DBZL%20ZL%20ZL%20ZLZ%20LZ%20ZLGZLLGZL7%23%2DLZEZLGZL7%23FZL%2DEZLZ%20L%20ZL%20ZL%20ZLAZL%2DF%23LZBFZL%2DBL%20ZL%20B7LZ%20%20ZL%20ZL%20ZL%20ZL%20Z%20LZL%20ZL%20ZL%20ZL%20ZLLZ%20LZZL%23FZ%20ZL%20ZLZ%20LZZL%20ZL%20ZL%20ZL%20ZLZ%20L%20ZL%20ZL%20ZL%20ZL%20%20LZ%20L%20ZL%20ZLZ%20LZ%20LZ%20LZ%20LZ%20LZ%20LZ%20LZ%20LZ%20%20Z%20=Jazz%2DMedium%20Swing=120=0
7f6eb2ca-4eab-47fe-b2e0-d97311488637,irealb://La%20Cruz%20N%3DWine%20New%3D%3DGospel%20Ballad%3DAb%3D%3D1r34LbKcu7%7B*AT44G%23XyQ%7CBbXyQ%7CG-XyQ%7CC-XyQ%7D%20%3DJazz-Ballad%20Even%3D60%3D3
7f406a90-0048-4513-aea7-01e95ea9bdf1,irealb://No%20Hay%20Un%20Saludo%20M%C3%A1s%20Lindo%3DComposer%20Unknown%3D%3DLatin%3DG-%3D%3D1r34LbKcu7X-G%7CQ4%3C*69yXD%7CQyX-G%3E...oudlas%20nu%20yah%20oN%20Q%7CDXy4TA*%7B%7B%7DQyX*72LeXD%7CQyX-G%7CQyX-C.%3E...onam%20al%20ad%20yQ%7CG-%3C%7B%7DQy*B%3C*69%20DIOS%20le%20bendiga....%3EC-XyQ%7CG-XyQ%7CDXyQ%7CG-XyQ%7D%20%3DJazz-Latin%3D180%3D3
7fd8e242-ece5-4f62-a047-7aca85272789,irealb://Renuevame%3DComposer%20Unknown%3D%3DGospel%20Ballad%3DC%3D%3D1r34LbKcu7F%28F%7C%294C%28C%29%28C%2C%29D%28%20%29E%28G%7C%29F%20%28%29G%28F%29E%28%20%3E%2027*%3CF%29%20%28E4TA*%7B/G%29F%28%20%28E%29%20%3E%2027*%3CB*%7B%7D%29D%28%20E%29%28%20%29C%28%20%29E%28G%7C%29F%28C%28E%29%20%29F%28%20%29%29G%28-D%28G%29%7CA%29E%28%20%29F%28%20%29F%28F%7C%29%28E%20%29F%28-E%29G%28%20%29G%28-%20%28F%29%7C%20%29G%28B%29G%28%20%29%28F%29%20%28B%28%20%29A%28-A%7C%29G%28%20%29%28GB/G%29F%28%20%29E%28C%7C%29E%29E-%28CG%29A%28%20%7CF%20%28F%29G%28E%29%20%28D%29%7CC%28C%29%20%28B%29%20%28D%29%20%28C%29%7D%20%3DJazz-Medium%20Swing%3D100%3D3
7f7ce0a3-3bc5-461f-9603-2cc4353e74c1,irealb://Aqui%20Estoy%20EV=En%20Espiritu%20Y%20En%20Verdad==Pop%20Rock=B==1r34LbKcu7%3Eogne4E%2C%2ABazla%20sonam%20nocy%20otse%20iuqA%2096%2A%3Cdas%20v4Ti%2A%7ByX%23FZLZF%23%20L%2D%23G%20%23FZLB%20EZL%23%2DG%20%23FZLB%20EZL%2D%23GZE%20BLB%3E%20%3C%20e%20al%20XyQ%7B%2Aut%20%2Coipicnirp%20el%20sere%20uT%2096%2A%3CAya%20es%23F%7C%7DQE%7CQyXdad%3EB%2D%23G%7CQyX%23D%2FB%7CQyEX%7CQyXE%7CQyXB%7CQyXXyQ%7CEinret%3FriceS%3C%2A66up%20euq%20%2Crecah%20doeup%20%C3%A9uQ%20QyXQyXedo%20d%7B%7DQyXyX96%2A%7CC%23%2DX1N%7CQyX%23F%7CQyX%2D%23%7CCQyXB%7CQyX%2D%23G%7CQyG%23%2D%20%3CQyXE%3EQTo%20A%3E%20%20%7D%7B%3C%2A69Solo%3EE%20BLZF%23%20%3C%2A66XyQ%20%20X4%2E%20To%20B%3EG%23%2D%20%7D%20=Pop%2DRock=115=1
7f696883-0610-4b5b-a1ec-da2201136c3d,irealb://Cristo%2C%20Te%20Exalto%201=Witt%20Marcos==Ballad=G==1r34LbKcu7%2AA%7CQy4G%2CXy%2AEZL%2CG%20%2CG%2FCZL%2C%20D%2C%2A7m%2AA%7CQyX%2CC%7CQm7%2A%2CX4TA%2A%5BC%20%2CC%2FyQ%7CA%2A%2FG%20%2CGB%2A%5B%5DQyX%2C7ZDL%2C%23C%2F7A%20%2C%2A4susB%2CLZDX%2C%2A7mC1N%7CQA%2Am7%2AAZL%2C7E%20%2CsusE%7CQXy%2C%2A7m%2AB%7CC%2FD%2CD%20%2C%2D7%2CXy%7CB%2FG%2C%20%2CG%3ElD7%2CXy6%2A%3C%5DQyX%2CGZL%2C7D%2C%20C2NZL%20QyXQyX%7DQ6Fina%7CQyX%2CXC%2FD%20%2C%20A%2Am7m%2AA%20%2C%2A7m%2AE%20%2CGyQXQyXQyX%2C7D%20%2C%2A7%2A%2C%20D%2C%2A7m%2AEyQXyQ%20B%2Am7%2A%2C%20E7%2C%20A%2Am7%2A%2C%20D7%2C%20G%20=Jazz%2DBallad%20Swing=60=3
7fa3aa12-5904-4f25-ac10-bf55b5aba655,irealb://Eres%20Tu=Danilo%20Montero==Rock=G%23%2D==1r34LbKcu7A%2A%5B%5DQ%2Am%2A%2C%20%23CZL%2C%2A%2AB%20%2C%2Am%2A%23%7CGQyX%2C%2A%2A%23CZL%2C%2A%2AB%2A%2A%2CXy%23Gi%2A%5BL%2C%2A%2AE%2Am%2A%2C%20%23GZLQyX%7CQyXrZL%2A%2C%2A%23F%20%2C%2A%2ABZL%2C%2A%2AE%2Am%2A%2C%20%23G44T%23C%7CQy%20F%23%2A%2A%23GB%2A%5B%5DQyX%2C%2A%2A%23FLZ%2C%2A%2AE%20%2C%2Am%2A%23GZL%2C%2Am%2A%2CX%2C%2A%2ABZ2%2CXyQ%7CE%2A%2A%2CXyQ%7CB%2A%2A%2C%20F%23%2A%2A%2C%3C%2A21x2%3E%20%5D%20=Pop%2DRock=115=1
7fee18ef-802c-4ace-ae92-c12a36722dd4,irealb://Estamos%20Reunidos=Marcos==Ballad%20Even=A==1r34LbKcu7%2CE%20%2C%2D4A%2C%2AAX%2C7%23C%7CQyXAZLE%20%7CD%2CE%20%20%2D%23FZL%23G%2FE%20yQ%7CF%234Ti%2A%7BQ%2C7B%20B%2DXyQZL%2CE%20D%7B%7DQyX%2D%23FLZE%20%2DB2N%7C%7DQyX7E%7CN1F%23%2D1N%7C%2CD%20%7D%7CN2A%20%3C%2A69%20%20To%20A%3E%20%20%7DQD%20ELZD%20D%2DLZA%20%20U%20Z%20=Jazz%2DBallad%20Even=60=3
7f240c32-d2c8-451f-80e2-d986a08968cc,irealb://Yo%20Solo%20Quiero%20Estar=Moem%20Don==Ballad=G==1r34LbKcu7%2CD%20%2CC4G%2CXy%2A7m%2AA%7CQyX%2CGZL%2C%20D%2CC%7CQyX%2C%2A7m%2AA%7CQ%2CXyQ%7C4TA%2A%5Bm%2AEZLQ%5DXyQ7m%2AAZL%2C%2A7m%2AE%20%2CZGL%2CD%20%2C%2A7m%2AAB%2A%5B%20%2A%2C%20D%2CyXGZL%20F%20%2CbQ%7CC%2C%207m%2AB%20%2C%2A7m%2AAZL%2C7%2Am%2AE%2C%23F%2FD%2CGZL%2CD%2A%2CLZEyX%2C%2A7%2A7m%2AA%2ACE%2Amm%2AE%20%2C%2A7m%2AB%7CC%2FDD%2C%20%2C%2A7m%2AA%7CQyX%2C%2A77%2A%2CLZ%5B%5D%29G%28%2C%20D7%20Z%20=Jazz%2DBallad%20Swing=60=3
7f1d928c-249c-4fd3-9483-db31e74ec8b1,"irealb://Amor%20Inexplicable=Hillsong==Rock=A==1r34LbKcu7yXx%7CQ4A,XyQyX,D%7CQyX,%2D%23F%7CyQXx%7CQyXx%7CQyXx%7CQ%7CA,Xy4TA%2A{QyXx%7CE,XyQC%2A{}%20%3E2x12%2A%3C%20%20%7CxQyX,D%7CQyX,%2D%23F%7CA,XyQB%2A{}QyXx%7CQXyQ%7CxFD%2A{}QyXx%7CQyX,%7CAQyXx%7CQyX,D%7CQyX%23%2D,Xy,%2D%23F%7C%3C0Ni%2AXyQ%7Cxx12%2A%3C%20%20,E%7CQyX,%7CAQyXx%7CQyX,D%7CQyX3%3E%20}{,%2DB%7CQ%2A66%20o%20final%3EF%23%2D,XyQ%7CD,XyQ%7CA,XyQ%7CxXyQ}%20==0=0"
7f93fd46-1f34-46e3-b478-6cd9dcd02547,irealb://Digno=Brunet%20Marcos==Worship=D==1r34LbKcu7QyXsu4DXyQX7%2DB%7CQyX7%2DE%7C%7CQXyx%7CQyX7%2DB%7CQyXx%7CyQ%7CAs4TA%2A{]%209%2DG}{%2ABGyXG[}QyX%23C%2FA%7CQXy%23F%2FD%7CQyX%2DG%7CQyXQ%7CG%2D%20QyXA%7CQyXG%7CQ%20%20[%2AQyXsusA%7CQyXx%7CQXy7%2DB%7CQyXx%7CQyXDC%7CAXyQyXQyX%7CG%2DXyQZ%20=Jazz%2DMedium%20Swing=100=3
7f3fdf88-e1d5-4a94-813b-544480b07d63,irealb://Liquor%20Store%20Blues%3DMars%20Bruno%3D%3DReggae%3DC%23-%3D8%3D1r34LbKcu7%7B%20C%23-%20LZ%20G%23-%20LZ%20F%23-%20LZ%20G%23-%20%20%7D%20%3D%3D0%3D0
7f2cdddb-48ea-4eb2-8450-58d451f16a1d,irealb://Champagne%20Supernova%3DOasis%3D%3DPop%3DC%3D%3D1r34LbKcu72sus*%20A*su%23F/*2sus*A%20ZL%20/G*2sus*A%20ZL%20*2s%20LZ%20A%2CA*%2C%7B*/E%20%20%7D%7C%20F%20LZ%20G%20LZ%20A%20%3D%3D0%3D0
7f7df344-dca7-440c-9018-b8ed5b422e68,irealb://101%20Eastbound%3DFourplay%3D%3DFunk%3DEb-%3D%3D1r34LbKcu7KQyX-4Eb-XlcKQyX-bEA*%7B%5D%20x%20%20ZL%20x%20ZL%20lcKQy%20LZAb4Ti*%5B%207G%7CQ%5BDbsuQ%5B%7D%20Q%20lcKQyX-bZELtla7bB%20%20%7CQyXsAb-XyZL%20lcXsusb7%2C%7CE79b7bD%7CQyXsusbDZ%7CL7D%20-bE%7CQyX11%23XyQ%7CDB%2C-%23FyX%3EAB7altXtni82*%3CQyXQyXQXyQyXZQyX-bE%5BZQyro%20AAbB%7CQyBAA%20%2CyQXyQeuc%20no%20%2Cylno%20An%20o%20oloS04*%3C%20QyX%20to%20BXQyXQA%2C%20Coda%3E%20%3DJazz-Practice%3D100%3D10
7fd5152b-f1e6-42a4-a7f1-8548e41fb27a,irealb://Life%20By%20The%20Drop%3DStevie%20Ray%20Vaughan%3D%3DMedium%20Swing%3DC%3D%3D1r34LbKcu7%2CE%7C%2C6XyQ%7CAA%2CA%7B%2C6A%2CA%2C6A%2CA%7Cs6A%2CA%2C6A%2CAs%7CQyX6%2CA%2CAA44T%5B%23F%7C%2C6E6%2C%7CFE%2CE%7C%2C6A%2CA%2C6A%2CA6%7CD%2CD%2C6D%2CD%7CQyX-%236%2CE%2CE%2CE%2C6E%2C6E%2CED%2CD6%2C%7CQyX-%23F%7C%2C6E%2CE%2CD6%2CD%7CQyX-%23F%7C6D%2CDD%2CD6%2C%7CQyX-L7D%20-D7LZT%2C6A%2CA%2C6A%2CAs%7C6AA%2C%2C6A%2CAs44TZLE42%7D%20%20F%23%20-%23F%7CZLE42LZT44%20-%23F%20%20%7C%7C%2C6A%2CA%2CA6%2CAs%7C6A%2CA%2C6A%2CAsD7LZTE42TZfT44sA%2CXyQ%5D%20%3DJazz-Medium%20Swing%3D100%3D1
7f36ed0b-3318-469a-82d4-9b2f63ad5187,irealb://2b%20le%20Branle%20Courant%2028%3DAttaingnant%3D%3DDanse%20Renaissance%3DC%3D%3D1r34LbKcu7BZL%2Cb68n%20G%3EbbaaQyX96*%3CA*Q%7ByXQyXQyXQyXZL-G-%2C%20BTi*%5BY*%7B%5D%20bLZG-%202N%7CQyXQyXQyXQy%7DX%20%2C-G%20%2CbB1NZLbBBb%2C%20B%2C-G%20b%2C-D%20-LZD-%2C%2C-DZL-A%20CZLbB%20D%2C%2FFZL-A%20CZL%2CbB%20%20CLZG-A%20CBLZN1G-%2C%20Bb%20%7DXyQXyQXyQXyQ%7CUN2G-%2C%20G-%20%5D%20%3DPop-Bluegrass%3D180%3D3
7faea2e2-e221-4225-abc5-3f3a8ceaa014,irealb://What's%20On%20Your%20Mind%3DKiss%3D%3DPop%20Rock%3DD%3D%3D1r34LbKcu7G%20CZLyQ%7CDX%7CQyXD%7CQyXDv*%5BZBL/G%20CZLB/G%20C%7CQyC%20G/BXDi*%5BLC%20D%7C*CD%20AQyXC%7CQyXB%7D%20A%20GQ%7CyXGZLA%20-BZL%23C/%7CDXyQ%7BZLB//DB*%5B%7CCXyQXQyXQyXZL%23C/A%20ZDL%23C/A%20%2CD%7CQyXD%7CyQXyQQyXBZA%2CA%20LZAXyQ%7CD/A%2CA%20LZAXyQ%5D%20%3DPop-Rock%3D149%3D1
7f759ece-13ea-4dd2-9ea5-afdff5e34d03,irealb://2bar%20%2D%20Cir4%20%2D%20Dim7=JonBlanckMusic%2Ecom==Medium%20Swing=C==1r34LbKcu7%20lcKQyQKclEZL%20lcKQyX7obBZ%7CL%20lcKQyX7oFZL%20bo7XyX7oC%5BlcKQy7XyQKL%20lcKQyX7o%23FZLl%20cKQyX7obDZL%20lcZBo7XobAZL%20%20lcK7XyQKGZL%20lcKQyX7oDZ%20LlcKQyX7oAZL%20lco7XyQoEZL%20%5D%20==0=0
7f469bc5-76e2-48fe-842f-44d20cb90c07,irealb://3rd%20Horn%20Concerto%202nd%20mvt%3DW.A.Mozart%3D%3DPop-Rock%3DAb%3D8%3D1r34LbKcu7D%2F-bBb%2C%20%2CA%2CbB%2F7bE%2CbAZL%2CG7%2FbE%2C%20%2CG%2F7bEZL%2CbAb%2FC%2CA44T%5B%2CbA%2C%20Eb%2C%20%2CL%2CG%2F7bE%2C%20%2CG%2F7bZEL%2CbA%2C%20%2CbA%7Cn%2CbEZEb7%2C%2FbA%7CbbA%2CF%2Fb%2FEb%2CZL%2C%20%2C%20%2CG%2F7bEZL%20%2C%2C%20%2CbA%7Cn%2CbA%2C7bEAb%2CDbA%7C6bDA%2C%20%2C7-%2FF%7CA%20%2C%20%2CG%2F7bEZL%2C%20%2C%2C%20bA%7Cn%2CbE%2C%20%2CbE%2Fb%2CLZEbbB%2CC%2F7bBZL%7CAb%2FEA%2C%20%2CbE%2FbAZL%2CbE%20%2C%2CbE%7Cn%2CbA%2C7bE%2Cbb%2FEb%2C6bD%2CbZL%2CbE%2CBb7%2F%2CbE%2FbAZL%2CbE%2C%20%2CEbZL%2C%20%2Cn%2CbEZL%2CbE%20%2CAb%2F%20%2CbE%2FnZL%2C%20b%2C%20%2CB%7C7bB%2C%20%2Cn%2CbE%7C7b%2CB%20%2Cn%2CbEZL%2CbE%2F7bEb%2Cn%2CE%2F7bBB%2CC%2FbG%2C%20%2CED%2CbAZL%2C%20%2C%20%2CG%2F7EbZL%2C%20%2C%20%2CbA%7CG%2F7bb%2FF%2CA%2F7bE%2CD%2CbA%2C%7CAb%2FEZL%2C%20%2C%20%2CG%2F7bEZL%20%2C%2C%20%2CbA%7Cn%2CbE%2C%20%2CbEb7%2C%20bD%2F-bG%2FbE%7C%2FEb%2CEB%2C%20%2C%20%2C7bB%7Cn%2C-F7%2CC%2CC%2F-F%7Cn%2CbA%2C7bb7%2FAbbA%7C6b7bBZLC7%2FBb%2CbE%7Cn%2CbB%2C%20%2CbB%2FEb%7C-F%2C%20%2C%20%2CbA%2F-F%7C%20%2CEb%2C%2C%20%2C%20%2C%20%2CbE%7CBb7%2FD%20%2CbB%2FbE%7CbA%2F-F%2C%2FGbE%2CF%2F7bB%2CbEZL%2C%2CBb%2Cn%2C%20%2CD%2FE%2C7bBC7%7CF-EZL%2CbA%2F-F%2C%20%2CG%2FEb%7CbA%2F7bB%2C7bB%2C%20%2Cb%2FBb%2C%2C7-C%2C%2C%20%2CbB%2CE7%2FDnZL%2C%20%2CbC%2F-bA%2CnLZ%2C%20%2C7obD%2CnZL%2C%20%2C%2CEb7%2Fn%7Cn%2CbZL%2C%20%2C%2C%20%2CE7bE%2F7bB%2C%20%2C%20%2CbE%7CEb%2F7bB%2C%20%2C%20%2CbEZL%2C%7CEb%2Cn-bAZLZL%2C%20%2C%2CLZEbbEZL%2C%20%2C%20%2CbA%7CG%2Fb7E%2CF%2FbD%2CbE%2CbB%2F77%2FG%2C%20%20%2C%20%2Cn%20%2CG%2F7%2FF%2CAbbA%2C%20%2CbA%7Cn%2CbE%2C%20b%2CE%2FbA%7CbD%2F-bB%2CC%2F%2CLZEbbD%2CbAL%2CbA%2FG%2CLZE%2CbA%7Cn%2CbA%2C7bE%2Cb%2FEbA%7C6bD%2CbA%2C%20%2C7b%20%2CEb7%2F7bE%2C6bD%2CbAb%2C%20%2C%7Cn%2CbE%2C%20%2Cn%7Cn%2CbA7%2CbE%2CbE%2FbA%7CbD%2CbAn%2C%20%2CA%2F7bEZ%7CbB%2F7b%2CEb7%20%2CbD%2F7bE%7CD%2F7bB%20%2C%2C%20%2CF%2F7bB%7Cn%2C-F%2C%2C%20%2CEbE%2FbA%7C%2CbA%2C7%2C%20%2CAbn%2CbA%2C7bE%2Cn%7Cn%2Cb%2CA7bE%2CbE%2FbA%7C6bD%2C%7Cn%2CEbG%2F7bEn%7Cn%2CEb7%2CAb%2CnZ%0A%20%20%20%20%3DJazz-Ballad%20Melodic%3D60%3D1
7f9fd85c-a137-41d7-9a06-ee179b010938,irealb://Got%20To%20Give%20It%20Up%3DGaye%20Marvin%3D%3DSoul%3DA%3D%3D1r34LbKcu7QyX7BA7XyQA%7CQyX7E%7CQyX7D%7B%20%7D%20x%20ZL%20x%20ZL%20lcK7XyQ%7C44T%7BY%7D%20%3D%3D0%3D0
7f1e5e31-e2af-47af-b7f5-9b749daa488e,irealb://42nd%20and%20Broadway=Mulligan%20Gerry==Medium%20Up%20Swing=G%2D==1r34LbKcu7%20%2DGZL4G%2D%2C%20D%207%2DAZL6%2DG%207%5E%2DZGL7%2DG%206%2DGZLG%2FbE7b9%2354TA%2A%5BX7h%23CZG%2D6%20%206%2DAZLA%2FF%20%2DA%7CQXy7E%7CQyX7hBZL7%2DGA%2D7LZLG%2FbE7G%206G7XyQ%7CGB%2A%7C%7DQyX7D%7CQyX%2D7A%7CQyX7E%7CQyX7%2DB%20G%2BLZ%23F%7CQy%5EB%7CQy%20C%5E7%23QyX7h%23CZL7G%206GLZ%2BG%20GZL7D%206CZL5%7CF%237X7%5ECZLDZL7A%235LZB5%237%5EbA%207%5EA%7CQyXb7B%7CQyX7%5EEZL7B%206LZA6%207%5EB%207D%207%2DA%7CAb7X%207%5E%2DGZL7%2DG%206%2DGLZG%2FbE%20%2C%2DGA%2A%7C%5DQyG%2D6LZQyX7%5E%206%2DAZLZG%2D%20%2DA%7CQyX7E%7CQyX7hZBL7%2DG%206%2DGZLG%2FbE%20F%2FAL5%239b7A%2D7LZC%23h7XyQ%7CF%237XyQ%7CB%2D7XyQ%7CE7XyQ%7CA%2D7XyQ%7CD7%20%20%20Z==0=30
7f24abd9-cc84-425f-b995-faa2ef574fe2,irealb://Where%20Are%20You%3DMcHugh%20Jimmy%3D%3DBallad%3DC%3D%3D1r34LbKcu7%207-EZ%20D%23oL7%5ECA*%7B%7CQyX6CZLG7%207-DZL7-A%207-EZ%20F%5E7L7-Di*ZL7G%20D-7%20DZL7-A%207-EZLo%23D7%20-DZL7A%207-EZLo%23N1D-7ZLo%23DE%207-BG7%20%7D%7C%207%5EFB*ZL%20QyXQyQXyX6CZL7G%207-D2ND-7LZ%20%2C7%5ECL7G%207%20G7LZD%207-AZL7E%207-BZ7L-D%207%5EFZL7C%207%5EC7LZD--AZL7%207-EZF%5E7LZ7-DZL7-A%207-EZL%23oD%207-DZLo%23D%207-E%20D%23oL%207%5ECZA-7LZD-7%20G7LZC6XyQ%5D%20%3DJazz-Ballad%20Even%3D60%3D2
7ff36505-9090-4666-908b-9b170b93e6d4,irealb://Love%20Train%3DO'jays%20The%3D%3DPop%3DC%3D%3D1r34LbKcu7%7CQyXF44CXyD%7CQyXCA*%7BY%5DQyX/GF%7CQyXF%7CQyX9D%7CQ9XyQ%7CTi*%5BY-A%7CQyQ%7DY%7B*yXG%7CQyXG%7C%7DQyXFQ%7CyXF%7CQyXG%7CQyXGBQ%7CA-XyXG/F%7CQyXC-7XyQE%7CQyXbEC*%5BY%5DQy7XG%7CQyXG%7CQyX7-D%7CbXyQ%7CD%7CQyXd%3C%20%20QEbXyQQyXQyXQyX%5DQyX7%7CGQyXsusG%7CQyXbE%7CXyQXy%7CQyXCouble%20chorus%20at%20end.%3E%20%3D%3D0%3D0
7f4ce445-cec0-4166-a596-056941df03a7,irealb://A%20Whiskey%20Song%3DKing%20B%3D%3DMedium%20Up%20Swing%3DG%3D7%3D1r34LbKcu7X7D%7CQGoLZG%7CQyX-EZL%5EG%20GA*%7D%7BQyXGZLoG%20G%7CQyXA-7Xy%20Gi*%7B%7CQyX7XyQ%7CE7D%7CQyXC%7CQyXG%7CQXy7D%7CQyX7-A%7CQyX-XyQ%7CB7B%7CQyZLG%2C7LZG%20E7D%207-AQ%5B%7D%20Q%2CG%2CD7%2CGZL7D%207-AZL7-LZG%2CDo%23C%20CA%20%20%2Co7LZA-%20%20QyXQyX%5D%20G%2C7DG%2CZL7D%207-AZL7D%207%3CintrD%207-A%2C%20%20solos%20on%20intro%20%2B%20A%2CXyQintro%2C%20A%2CXyQto%20coda%3E%20%3DPop-Country%3D180%3D4
7f85a83f-455c-43fb-a5a3-0aea773af923,irealb://8%20Bar%20Blues%20Vers.%205%3DRomenti%20Alessandro%3D%3DMedium%20Swing%3DC%3D%3D1r34LbKcu7yX7E%7C7XyQ%7C%7CQyX7D%7CQyX7D%7CQXy7A%7CQyX7A%7CQyX7AE7XyQA44T%5BQZ%20%3D%3D0%3D0
7f77192c-d178-4454-aa6a-cab6bbb6f1b4,irealb://Shackles%3DFranklin%20Kirk%3D%3DMedium%20Swing%3DB-%3D5%3D1r34LbKcu7%7BT44%20B*m*%20LZ%20E*m*%20LZ%20F%237%20LZ%20B*m*%20%20%7D%20%3D%3D0%3D0
7fb0adf9-f7a9-4a5a-bf25-504780bf3afd,irealb://Sing%20It%20Back%3DMoloko%3D%3DPop%3DEb-%3D9%3D1r34LbKcu7%7BT44Eb-7%2CXyQ%7CB%5E7/Ab%2CXyQ%7CBb7/F%2C%20Bb7%235LZEb-7%2CXyQ%7D%20%3D%3D0%3D0
7fd0a7e8-613d-4513-9396-6260f7e5812d,irealb://Chucho=D%27Rivera%20Paquito==Latin=D%2D==1r34LbKcu7hE%7CQy4D%2DXy%5BY%7D%209b7A%207hE%7CQXy%2DDZL9b7A%207hE%7CQ%2AAD%2DX4Ti%2A%7B%2DbD%20s9LZD%2D9b7A%207hEZLF%2F7%2D%20G%2DG%7CQyX9%237D%7CQyXLZD%2D%20b7A%207%2C%7ClC%2D7%20F7LZBb7XyQ%7CEh7%20A7b9%2CLZD%2DXyQ%7CA7%239XyQZ%20==0=0
7ff0f93d-d862-4d19-ab76-32033b6da9bc,irealb://Heat%20Wave=Berlin%20Irving==Medium%20Swing=G==1r34LbKcu7ZL7F%204G%5E7%207G%207%5EGZLQyX%7CrQXyZL7%2DA%207%2DBZL7%2DALZC%5E74TA%2A%7B7%2DDZL7LZsDCZL7G%207%2DDZL7%2DA7%20%5EClB%2A%5B%7Dpp%2C6G%2C76%20A%2D7A%207%2DE7%2DBZLC6%20A%2D%5EGA%2A%5B%5D%207D%20sus7%7CDQyX6G%7CQyX7DZL77%20A%2D7ZL7G%20%20A%2D7LZXyQr%7CXyQLZG%5E7%20G7LZC%5E7%20F7LZE%2D7%20A7LZsD7%2CG6%2CppZ%20==0=0
7f58e081-6243-419c-b63b-412fb4729953,irealb://I%20Guess%20I%27ll%20Hang%20My%20Tears%20Out%20To%20Dry=Styne%20Jule==Ballad=C==1r34LbKcu7ZL%297E4E%2D7%207hB%287%2DDZL7%2DA%207C%5EZL7G%207%2DDZL7%2DbE%29%20G7%284TA%2A%7B%20QyXQ7LZF%5EG%206Cl%7C%2C7G%2C7%2DD%2CA7%2C7%2DEs1NZL7bB%2077%20%7DXyC%207%2DGL7C%207E%2D7%2CAx%20ZL7C%207%2DGB%2A%5B%5DyQX6Cl%7C%2C7G%2C7%2DD%2C7%20LZF%5Es2NZLbE%207%2DQ%7CE%2D7QyX7GZL11%237bA%20%2D7DZL7A%207%2DEZL7A%20%5D%5B%2AAEyX6FZ%207%5EFZ%2D7%20G7%2DGZL%297E%287G%20%297h%28B7%2DDZL7%2DA%207%5ECZL7%20C7LDZL7%2DB%2F%5EC%2CLZsE%2DY%20%20QyXQyXZ%207G%20C6l%7C%2C7G%2C7%2DD%2C7A%2C7%7CQsC%5EQ%2C7bByX6Cl%2D%2FG%2C%7Cs7G%20%2C7%2DDZL%2C7%2Db%20E%2C7%2DEZL7B%207h%23Flus%2CLZA%2C%2DA%2CQKcl%20%20Z%20==0=0
7f175e90-dfb9-497c-953b-eaa8190337cb,irealb://I%27m%20Always%20Chasing%20Rainbows=Carroll%20Harry==Medium%20Swing=G==1r34LbKcu76%2DCZL4G%5E7%2C%2C7o%23FZL%20lcKQyX7%2C%5EGZL%2C6%2DCpp%7CQyX%20G%5E7%2C4TA%2A%5BZL%2C7E%2CLZA%2DZL%2C7E%20%2C7hB%7CQyX7%2CE%7CQyX%2C7D%7CQyX%2C7A%2D7%2C%207%5EG%20%2C%20lcKQyQ%7CA7B%2A%5B%5DQyX%2C7D%7CQyXD%2C%2F7%2DAZL%20lcKQyX%2CG7%2CXyX%2C7%2DA%5EGl%7C%2CXyQKc%2DAs%20%2C7D%7CQyX%2C7ALZ%20lcKQyX%2C7EZL%20l7%2CAb7%2C6CZL6GZL%2C%7CppC%2D%2C7D%7CQyX%2C7%2DA%7CQy%2CX7E%7CQyX%2C7%5EGZL%2C6%20D7b9QyX%2C7%2CXyQ%7CA%2D7%2C%20D7%20Z%20==0=0
7f126899-be41-4753-a0d4-aa36b1dd7396,irealb://Love%20Is%20Just%20Around%20The%20Corner=Gensler%20Lewis==Medium%20Swing=F==1r34LbKcu7L7D%2074G7%20CC%207GZL7D%207%5EFZLC7%207GZL7D%207%5EFZL77LZA%2D4TA%2A%7BDZL7A7LZN1%2A%5B%5DQyX6F2N%7CQyXyQXQyXQyX%7D%207D%206FBE%2D7%20C%207GZGA%2A%5B%5D%7CE%2D7%20%7CQyX7GZL%20x%20ZL7Go%207G%7CQyX7%2DDZL7AC7XyQQyX7%2DL7C%207ZF%5E7%20%207%2DAZL7C%207GZL7%20D7%5EFZL7C%207GZL7DD7LZGL7C%207ZF6%20D7%20Z%20==0=0
7f3ce09e-e875-4e75-8627-3d5376a3768c,irealb://Scrapple%20From%20The%20Apple=Parker%20Charlie==Up%20Tempo%20Swing=F==1r34LbKcu77oB%2074G%2D7XA%2F7F%207%5EF%7CQyX7CQ%7CyX7%2DG%7CQyX7C%7CQyLZBb%5E4T%7BA%2A%5BB%2A%5DQ%5E7%20G%2DZL7C%207%5EF2NZL%20QXyQyX%7D%207D%207%2DAZL7F%5E7XyF1NZL7%2DG%5BAKcl%20LcKQyX7CZL%20lcKQXy7GZL%20lcKQyX7DZl%20%20%5D%2AQyX7A%2DG%207%5E7XyQ%7CoB%207%5EbBZLA%2F7F%20%5E7F%7CQyX7C%7CQyX7%2DG7LZUFC%7CQyX7LZA%2D7%20D7%20Z==0=0
7fd4fdad-fa75-45a2-b08e-bc780a845155,irealb://Skating%20In%20Central%20Park=Lewis%20John==Waltz=C==1r34LbKcu7%20G%2F7%5E4C%2FG%207GZL%20G%2F7%5EFZLxZ%20LG%2F7%5ECZL%209b7GZL%235LZC3TA%2A%7BBp%2CA%2F5%2FGb%207GZL%207%2DDZL7AZL7%20%2DEZL7BZL%207%5EFZLLZN1Fb7CZLDZLbEpG7%2FBLE%2F7%5E%2DFZL7%2DFB%2A%5D%5B%205b7CZL7%5EC2N%7D%20ZF%2D7%2FZL6%2Db9b7DZb%5E7LZLbB%2F6%2DCZL6%2DCZL%2D6bBZL7%2DCZLD%2F6bBZAh7LEZL7hLxZL%2CLZF%2D%5EZL9b7GZLG%2FCA%2A%5B%20%5D5%237GZL7hDZLE%2F7C%5E7%2FG7%2DFZL%2DDZL7GLZG7EZL7BZL7%5EFZLbG5%2Fb7CZLG%2F7%5ECZL5%23%2D7LZA%2F7%5EFZ%2F9dda%2CQLZCFZLbG%2F9b7CZLG%2F%5E7CQ%5BY%5D%209b7GZL7%5E%5E7LZC7GZL7s%207%2DA9LZG7%2BCZLG%2FCZL%207o%23FLZ7DZL7%2DAZL7%2DEZL%2FG%23LZ%2DDZLEC%2FBZLF%2D7%2C%20LC%2FbDZL5%237%5ECZLZxL11%237%5EbDZL7%5EbEZBb%2FCl%7C%2C6G%2CC%2C%7CC%5E9XyQZ%20==0=0
7f969856-69b0-4066-bacf-822888b107e6,irealb://Subconscious%20Lee=Konitz%20Lee==Medium%20Up%20Swing=C==1r34LbKcu7%7CQyX%2CAGh7XQyX7hDZL%20lcKQy7X%2DF%7CQyX%2C9b7C%7CQy%7CG7b9%2A%7B44TlcKQyQKcl%20L%20lcKQyX7%5EbB%7CQXy7F%7CQyX7%2DCB%2A%5B%7D%20ZAb7XyX7%5ECyX7hDXyQKcKQyX7%2DF%7CQyX%2C9bC7%7CQyX7hGA%2A%5B%5D%20%20lcl%20LZ7GZL%20Q%7CG7b9%2CXyQ%7CC%5E7XyQKcl%20%20Z%20==0=0
7ff4ebad-545d-414e-b8f5-e47597fa5717,irealb://Time%20On%20My%20Hands=Youmans%20Vincent==Ballad=F==1r34LbKcu7X7C1N4F%5E7XKQyX7%2DG%7CQyX9b7%7CEQyX7hBZL%20lcKQycl%20LZ4TA%2A%7BL%20lcK%20%20%7DXyb7DB%2A%5B%5DQyX9b7AQ%7CyX7hE2NZL%20QyXQ13XyQlcKQy7%5EFC%2A1XyQ%7C7C%7CQyX7%2DG%7CQyX7%7CGQyX7%2DDZL7C%207%2DGXyQ%5D%5B1%237GZD%206F%7Cb7%2311%7CQyX11%237G%7CQyX3b17D%7CQyX9%237A%7CQyXC7XyQB%7CQyX7LZG%2D7%20C7%20Z%20==0=0
7ff02325-e3b6-4709-89b1-84097d0ee98f,irealb://Filosofia%3DRosa%20Noel%3D%3DSamba%3DE-%3D7%3D1r34LbKcu7%7CQyXQ4A-XyQyX%7D%20%2C7El%20%2C-ElN1%7CQyX7B%7CQyX-E%7CQXyQXy4Ti*%7BB%20)9-%2CC7%2Cl..anednoc%20em%20ondum%20O%3CA*%5BY%5D%20%2C7B%3EE-(E-Es2N%20-E%7CQ5)LZxyX7B%7CQyX-AZL%2C6A-%20-AZL7E%20-E%7CQyXQ%7CxXy%237B(7F%7CQyX7%2C%7ClEX7BZL%2C6-A%20-AZLE7%20-E%7CQyXxZL7B%20-yQ%7CE-B%2C7Cs%20euq%20%2CLZE-cni%20em%20o%C3%A3N%3CB*%7B%5DY)-E(%20)7B(%20)C(%20omodo7B%20h%23E%7CQyXme%20di7Bl%2C7C%2C7BsZL)7(B%20%20)h%23F(7B%3E..ag%2CLZB7%20%C3%AAcovN%7CQyXA-XyQXQyX%7DQyX-E1NZL7%2CB%20%23F%2F7B%7CQyX-E%7CyQXyQ%7CQyX72E-%20E7%2C%20Z%20%3DLatin-Brazil%3A%20Samba%3D200%3D3
7f9a85bb-895a-44c3-ba91-26531f68b3a9,irealb://Lendas%20da%20Mata%20-%20iABAC%20ABAC%20A%3DMartins%20Jo%C3%A3o%3D%3DSamba%3DD-%3D5%3D1r34LbKcu7DZL7A4D-%20L*%7BYYY%5D%20%20-Dl%7CQy%7CXr%20%20%7C7A%2ChEs%20bBZASEh%204Ti*%5BA%20hE1Bb%20A7%20FZL7C%20-GB*%7BYY%20%7D)7D(%20%202N%2C-DZL%2CBbLZN%7CQyX-pl%7C)7sus%20DE(pns)7A(pZL%207Eb2N%7CYQyXQyX%7D%20%2C7h)p(A7DZL7%20)o%23G%20%5DYY%7B%2C-DZL%2C7Al%20bB%7CQXy-DlZL%2C7Al%20hEA*N2%20%20(n)-D(-DZL%2CYY%7B*CZLQyX%7CrQyXZL5%23D-%206-DZL5%23-D%20-DlEh%20A7%7D)7A(hE(pnh%20A7%2C%20%7CQyX7bE%7CQyX-DN2%7CY%7D%20%2C7A%20-D1NZL(A7)sE%7CQyX)p(A7)%7C%3CD.S.%20al%20Fine%3Elp(D-)n%20%20Z%20%3DLatin-Brazil%3A%20Samba%3D200%3D0
7f44f8cf-7d63-4bfd-8fc9-e8fff7057d96,irealb://Encontros%20E%20Despedidas%3DNascimento%20Milton%3D%3DWaltz%3DG-%3D10%3D1r34LbKcu7QyX9b4C-7%2CX7-A%7CQyX7%5EbE%7CQXy7%5EbB%7CQyX7F%7CQyXyQ%7CD73TA*%7BcKQyXyQKclL%20lcKQyX11-DZLl%20cKQyX7-CB*%7B%7D%20%20ZEb-7X7-G%7CbB%2FAZb-7XyQyX7-CZL%20lcKQy7X-GC*%5B%7DQyX7-C%7CQKcl%20LDZL%20l%20%20QyXb%5E7Xy%20lcKQyX%2C7-G%7C%7CQXytla7D%7CQyX9-A%7CQ%20%5DXyQE%7CQyX-G%7CQy7XyQ%7CD%7CQyX9-A%7CQyX7%5EEb%7CQyX7%5EbB%7CQyX7F7altX-CD*%5B7XyQ%7CBb7susXyQ%7CEb%5E7XyQ%7CA-7%20D7b9LZG-7XyQKcl%20%20Z%20%3DJazz-Medium%20Swing%3D120%3D0
7f30c6d1-6297-470c-9f2f-00a61892d46e,irealb://As%20Rosas%20Nao%20Falam=Cartola==Bossa%20Nova=C==1r34LbKcu7tla7G4C%2D7Xb7G%7CQyX5%237D%7CQy7XD%7CQyXbB%2F7%2DC%7CQy9XyQ%7C4TA%2A%5BZL%20lc%2D9XyQ%237D%7CQyXbB%2F7%2DC%7CyQX7%2DC%7C%7CQyX5%237G%7C5XyQKC%7CQyXX7%2DC%7CyQKcl%2F7%2DF%7CQyX7%2DFB%2A%5BQ%5DyX7C%7CQyX7%2DCZL%20EbXyQX9b7G7%2DCA%2A7%2FBbX5%239b7G%7CQyX9b7GLZ%20lcKQyX9b7D%7CQyXyQ%5D%5B%2DC%7CQyyX9%2DC%2D7%2FBbla7G%7CQyX9b7G%7CQXy5%237D%7CQyX7D%7CQyXtXyQ%7CC%7CQyXQ%7CG7%235%20%20Q%20ZY%5BQC%2D7XyQ%7CG7b9XyQ%7CC%5E7XyQZ%20==0=0
7fdadd37-9ed1-4314-9f79-fb7f12f24b1b,irealb://Amore%20Amaro=Finizio==Medium%20Swing=G=7=1r34LbKcu7LGZLDIntro%2DEZLGZL%20ZL%20ZL%20LZ%20ZL%20ZL%20ZL%20ZL%20%3ELZCLZ%3C44T%5B%20ZL%2DECLZDLL%20ZL%20ZL%20ZL%20ZL%20LZ%20ZLBZL%2DB%3EtiR%3CZZA%2DLZZL%2DEZZLCZLZDLZBL%2DBZLDZL%2DAZL%20Z%2DLEZL%2DAZL%20ZLBZL%2DZBLZ%20L%2DAZLZL%20ZL%2DLZBLZLDZL%2DAZL%2DE%3E2tRi%3CZL%20ZL%20ZL%20ZL%20ZB%2DLZBAZL%2DBDZL%2DAZA%2DLZ%2DEZL%2DAZL%20ZLBZLB%2DZLDZL%2DAZL%20ZL%2DELZ%20LZL%20ZL%20bBZL%20ZBLZCL%2DbBZL%20ZL%20ZL%20Z%20LZL%20ZL%20ZL%20ZLFZLZF%2DLZL%2DBZL%2DLZEbLZC%2DLZCLZC%23LZ%20LZ%20LZ%20LZ%20LZ%20LZ%20LZ%20LZ%20%20Z%20=Jazz%2DMedium%20Swing=100=3
7fb198cb-06e9-4d32-8fff-3ab35f333e41,irealb://Manha%20De%20Carnaval%20(Black%20Orpheus)%20Realbook%3DBonfa%20Luiz%3D%3DBossa%20Nova%3DA-%3D0%3D1r34LbKcu7%207-D%7C4A-XyZL9b7E%205b7B%7CQy-XAZL9b7E%205b7B%7CQA-XyQ4TA*%5B7B%7CQy%5E7XyQQyX6C%7CQyX7G%7CQy7X-DZL9b7A%207o%23C%7C%7CF%5E7XCZL7GL9b7E%7CE7b9%7CQyX-AB*%5B%5D%209b7%20E5b7B%7CQyX-A%7CQyXB7b5%20QyX5bX7-DZQ%7CB-7QyX-D%7CQyX9b7A%7CyQX5b7EZL9b7E%205bKcl%20LyX-AZ%20-A%7CQb5%20E7E%7CQyX5b7B%7CQyX7F%5EZLG%2F7-A%20-AZL9b7b9Xy7B%7CQyfZL7-7b5%20EZL7-A%207-DZL7-A7%20-DZL-AQ%7CYZ%209b7D-7%20EBZLQ%20A-%20Z%20%3DJazz-Bossa%20Nova%3D140%3D3
7f65b3cf-a567-4479-a270-c5eb83593079,irealb://Night%20And%20Day%20Realbook%3DPorter%20Cole%3D%3DMedium%20Swing%3DC%3D0%3D1r34LbKcu7%5EC%7CQy4D-7byX5b7-DZL%20lcKQXy7%5EC%7CQyX7G%7CQyX5Q%7CG7X4TA*%7BG%7CQyXcl%20LZyX7obE%7CQyX7-E%7CyQX7-F%7CQyX5b7-%23FQ%7CD-7KQyX7%5EbEB*N1C%5E77bB%7CQyX7%5EC2NZLQ%20yXQyX%7D%20%20lcKQyXXyQ%5D%5B%7CQyX7-%23FZLcl%20LZyX7%5ECZL%20lcKQyX%5E7bEZL%20lcKQyX7%5ECQKcl%20KQyX7KQyX6Q%7CF-7D%207G%7CQyX7-D%7CQy7XobE%7CQyX7-E%7CQyX-7LZCyX5b7cl%20%20Z%20%3DJazz-Medium%20Swing%3D120%3D3
7f6b04cf-0a61-4878-a506-064017ef13a3,"irealb://Desafinado=Jobim%20Antonio%2DCarlos==Bossa%20Nova=F==1r34LbKcu7AZL7%2D4F%5E7L7DZL7hAZL7CZL7G%2DZLxZL11%237GZLxZb9LZG4TA%2A[L11%237D7LZDL7%5EFA%2A[]%20xZL7%5EGbZLxZL9b7GZL9b7ZxLZGZL9b7L7%5EAZ%2D7LZCZL7%5EFZL6%2DbBZL7G%2DZL9b7DZL7hAZL7E7%239LGZLxZZL7%2D%23LZB%2D7AZL7EZL7%2DBZL7oBbZL7%5EAB%2A[]%207EZL%5E7LZF7obBZ]%209b7E7LZCZL6%2DbEZL7%2DGZL7ZGL7%2DDZL7o%23CZL7%5EG7LZCZL7%2DB6%2DbBZ7LZxLL9b7DZL7hAZL7CLZ7%2DGZLxZL11%237GZZG%2D7L%5EFA%2A[LZF%5E7LZD%2D7LZG7LZxLZEb7LZxLZG7LZsG%2D7,C7,%7ClF6LZC7%20Z%20==120=0"
7f1fa224-ba28-4f43-b59e-966451ba8552,irealb://So%20What%201=Davis%20Miles==Up%20Tempo%20Swing=D%2D==1r34LbKcu7%20x%20ZL4D%2D11%20lcKQyX11%2DDZL%20%20xZL%20x%20ZL%20lcKQyXLZ%20x%204T[A%2A%20%20x%20ZD%2D11XL%20lcKQyX11%2DDZLx%20%20ZL%20x%20ZL%20lcKQyZ%20x%20L[A%2A]%20%20x%20ZLb%2D11X%20lcKQyX11%2DbEZLx%20%20ZL%20x%20ZL%20lcKQyLZ%20x%20E[B%2A]%20]%2AA[D%2D11XyQKcl%20LZ%20x%20LZ%20x%20LZD%2D11XyQKcl%20LZ%20x%20LZ%20x%20%20Z==100=0
7f55cb11-67f8-4272-95bc-43f0b6e03079,irealb://Cochichando%3DPixinguinha%3D%3DChoro%3DD-%3D5%3D1r34LbKcu7-DZL74D-LZZL-Al%7C%2ChB%2C-Ds%7C7)bE(%20%2C-DZLxZL7AE7LZA2TA*%7Bs%7C)-DZxLZl-Dl%7C)7C(hE)7G(G-s%7C)7D(%20)6-C(7D(F)%20(L7AZLl%7C%2C7D%2C%7CN1D%5D%2C7C%2C-Ds2NZL%20QXyQyXQyXQyX%7D7A%2C-%7B*BF%2C7A%2C7E-bBlZ7LZFL%2C7EZL-GZL%2C7DZL7%2CCZL7GZL-DZL7AZLZA-LCZL7G*%7B%5D%2C7%2CD-%2C%7CZL%20QyXQyXQyXQy%7DX%2C7C%2CF1N%7C%2C7C%2C-GN2F%2CAFsZL6%2CZLGZZxLZxLxZL%2CDZL7AZL%2C7ZEL7BZL7%23FZL-EZLZD7%2CLL%2CDlClG-6(G)%20(G-6)%7C%2CsD%2CFo%2C%7CE-%2CA7%2C%7CD%2CA7%7D%20%3DLatin-Brazil%3A%20Samba%3D190%3D3
7f2c5b6d-f2f1-488e-9931-a62267bbc8cb,irealb://Old%20Crossroad%20(RBB)%2C%20The%3DMonroe%20Bill%3D%3DBluegrass%3DG%3D7%3D1r34LbKcu7%20ttaMhe%20Re%7CdranoeL%E2%80%A2laH%7CkooB%20ssargeulB%20laArr.%20T45*%3CisuM%20er%2F%2F(ahcinU%20%20QyX059%201%20QyX)wolS%20.deMppellnnilFDZLp%20.%20%3EXyodnam%2096*%3C44Ti%7B*%20QyXQyXQyXQyXQlin%3EGcnI%20c%20x%20ZL%20pLZ%20p%20%2CGZL%20x%20ZLp%20G*v%5B%20QyX%5D%20p%20GZL%20xLZ%20x%20GZLp%20%20GZLpLZG%20px%20ZL%20x%20ZLp%20%2CGZ%20Lx%20ZL%20x%20ZL%20x%20ZL%20LZD%20p%20DZLZLp%20G%20%20%5DXyZL%20x%20ZL%20x%20ZL%20xZ%20Lp%20GZLp%20GC*%5B%20QD%20pLZx%20ZLp2N%7D%20%20%20x%20LZ%20G1NZLp%20DZL%20x%20LZ%20x%20ZL%20x%20ZLp%20%2CGpLZ%20xZL%20x%20G%20pLZG%2C%20%2Cp%20%7DN3G%20p%20Z%20%3DPop-Country%3D180%3D1
7fcc672d-fae1-48ca-a42b-be785b3a3922,irealb://Some%20Old%20Day%20(RBB)%3DLouise%20Certain%20%7C%20Gladys%20Stacey%3D%3DBluegrass%3DE%3D4%3D1r34LbKcu7%20ttaMhe%20Re%7CdranoeL%E2%80%A2laH%7CkooB%20ssargeulB%20laArr.%20T45*%3CM%20tseer%2F%2F(loG%20%20QyX5591%20%20yQX).deM%20ot%20wolSden%20WnnilF*%7B%20%20%3Ees%2C%20Icip%3Cn%2044T%5B%20QyXyQXQyXQyXQyX%3E.cnk%20up%20idoleLp%20EZZ%20x%20LBZLp%207BZLp%207%23FLZ%20x%20ZLp%20EZLp%20AZ7%2C%20pLLp%20Evp%20AC*ZA%20pL%5D%20p%20%2CEZLp%20EZL7%20B7%23FZL%20x%20ZLp%20EZXyQ%20%5BL%20x%20ZLp%20EZLZA%2C%20Lp%207BZLp%207%23FZLx%20%20ZL%20x%20ZLp%20EZLpZ%20x%20L%20x%20ZLL7B%207LZA%20p%20esrev%20revo%20olso96*%3C%20x%20ZLp%20EZL%3ELZF%23p%20%2CEZZN1E%20pLZE%20p%20%7DN2E%20p%20Z%20%3DPop-Country%3D180%3D1
7f3f4548-1eec-4e8d-b087-0b17a0a0ccd8,irealb://Corrientes%20Y%20Esmeralda%20%20-%20%20T%3DF.%20Pracanico%20%2F%20C.%20Flores%3D%3DTango%3DE-%3D5%3D1r34LbKcu7-E%7CQy4E-%20%20D%20GZL7D%20-E%7CQyXB7%7CQyX7h%23Fl%7C%2CoFs7LZGX4TA*%5BGZL7DE-%20B7D%20-E%7CQyX7B%7CQyXh7%23Fl%7C%2CoFs%20%20-EZL7LZG%20ZL7B%20QyXCZLZE-%20%7CQyX7B%7CQyXE%7CQy7XBB*%5B%5DQyX-EZL7BE%20G7L7-%23F%20QyXG%7C%7CB7XyL7G%20E%7CQyX7B%7CQyEX%7CQyX7B%7C%7CQyXE%7CQZCXyQQyXG%7C%7CB7XyQ%7CUEXyQZ%20%3DJazz-Even%208ths%3D110%3D3
7fe5e8d5-0397-45cc-94d7-ce83aaa01b7f,irealb://Milonguero%20Viejo%20%20-%20%20T%3DC.%20Di%20Sarli%20%2F%20E.%20Carrera%20Sotelo%3D%3DTango%3DE%3D2%3D1r34LbKcu7lA*%5BY4E%20D%237%23Fs%20%23G%2FEZL-A%20h7%23AZLB%2FE%20-%23CZLo%2CB7%2C%5D4Ti*%5B%2C-A%2C-LZxLZ-%23FZLxZL7%23CZLELZEZLxZL7BZLxZLELZsF%237BZLE%23Fl%7C%2CsF%23-%2C%2FEsZL%2CEZL7BZL7F%23ZLEB*%5B%5D%20El%7C%2C7BG%23%2CGoZLEl%7CL7BC*LZELZL7BZL-%23FZL7%23CZ7L%23GZL7BZL7%23FZLEZE%20%5D%5B-AZL-%23FsZL%20r%7C%20LAZL-EZL7BZL-EZ-LAZL%20%7Cr%20ZL%20%7Cr%20Z-LZE-ZL-EZh7%2CB7%2C%7CUlE-%20Z%20%3DLatin-Cuba%3A%20Cha%20Cha%20Cha%3D90%3D3
7f0629d4-cffa-41af-909b-954bb0ade340,irealb://Helpless%3DNeil%20Young%20(Crosby%2C%20Stills%2C%20Nash%20%26%20Young%20-%20CSNY)%3D%3DFolk%20Ballad%3DD%3D2%3D1r34LbKcu7%7CrQyX44%3C*77GZLA%20D%3E)ht61%20ngiws(%2065%20mpb%20%204%2CXyQ%7CTi*%5BYGZLA%20Y%7B*AD%7D%20%3Ex436*%3CQyX%7CryQX%7CQyX2ddaGZLA%20Y%7B*BD%5D%20QyXddaGZXyQr%7C).rtsni(%20edulrteni%2047*%3C%5BY%7D%20QyX%3ED%20AL%7CQyX7A%20DB*XyQr%7CyX%7CrQyX%7CQyX2ddGaZLA%20DA*%7BY%5D%20QyXQ%20%7DY%7B%7CQyX2LZG7XyQ%7CXyQr%7C%3CXyQ%20%20vamp%20out%3EXyQ%3C*634x%3E%20%7D%20%3DPop-Smooth%3D56%3D1
7f437fb7-12e7-4386-9682-59f679b3e8e7,irealb://Because%20Of%20Once%20Upon%20A%20Time%20%20gs=Waller%20Fats==Medium%20Swing=Ab=0=1r34LbKcu7%207%2DbB4Ab%5E7%207%2DbBZL7%2DF%207%5EbZAL7bE%207%2DbBZL7B%20Eb7LZ4TA%2A%7B%207%5EbABb%2D7%20QyXQyX%7D%207bE%207%2DBbZL7F%207C1NZL7bE%20LZN2ZL7bEQyX7%2DAb%5E7%209b7G%7CQyX7%2DFZL%20clKQyX7%2DCB%2A%5B%5D%207GXyQ%7CCZL7bDF%207%5EbZBb%2D7E%207%2DbBZL7B%207%5EbAA%2A%5B%5D%207bB%207B%7CQyXb7LZAL%20lcKE%207%5Ebb%2D7%20ED%207%5EbAZL7bE%207%2DBbZL7bE%207%2DbBZL7bb7LZABZL7%2Db7%20Z%20=Jazz%2DMedium%20Swing=90=6
7f22eab6-a0f4-4538-b491-c5d811a917cb,irealb://Undi%C3%BA%3DGilberto%20Jo%C3%A3o%3D%3DSamba%3DE%3D%3D1r34LbKcu7AZLE/4E69XEZLE/6-A%20E/A%7CQXyx%7CQyXx%7CQyXx%7CQy%5E%20A-64TA*%7BE/-%23F/ELZEL%2096E%5BQyXQyXQyQXyX%5BQyXx%7C%7DQyX96Zx%20LZ6-A%20%5EX%2C6-AELZE66-A%20E/-%23F%7CQyXxQ%7CyX96E%5B%5D%20%20xZL%209/E%2CLZ/6-A%206-A449XyQ%7C/7%23F42TZLE%20E/7F%23%5B%20%20QyXQyX%5DQyXxE%20LZT6E%7CQyx%7CQyXE69%20L44TZL%20%2CE/7%23F42ZTL%2CE%20E/7%23FZL%20xZA-6/EZL%20E/XyQLZE69XyQ%7CxXyQZ%20%3D%3D0%3D0
7fdd0d97-5748-4970-82df-e82708966d25,irealb://Saucerful%20of%20Secrets%2C%20A=Pink%20Floyd%20%28Waters%2C%20Gilmour%2C%20Mason%2C%20Wright%29==Rock=B%2D==1r34LbKcu7F%7CQyX4B%2DXyA%7CQyX%2DBA%2A%7B%5DQyXG%2D%7CQyX%2DB%7CQyX%2DG%7CQXyQ%7CE4Ti%2A%5ByX%23F%7C%7CDXyQQyX%2DB%7CQyX%23FB%2A%5BQ%5DyXA%7CQyXE%7CQyXG%7C%7CGXyQ%7CQyX%23QyX7%23yQ%7CDXE%7CQyXA%7CQyX%2DBA%2A%5D%5B%20%20lcKQyX7%23F%7CQyXyQ%7CFX%2DE%7CQX%2DE%7CQ%7CGXyQQyXG%7CQyX%2DB%7CQyXF%23B%2A%5B%5DQyXA%7CQyXE%7C%7CF%23XyQyXD%7CyQ%7CDXyQ%7CF%237XyQKcl%20%20%7D%7CBXyQZ%20==0=0
7fdf805e-3330-4e37-86c2-f1b3e5a88e7d,irealb://Gidemem%3DS.Aksu%3D%3DM.K%C3%BCrdi%3DG-%3D%3D1r34LbKcu7ZL%20bAT44%20CB%20ZL%20-C%20ZL%20-F%20LZ%20bA%20ZL%20bB%20ZL%20-b%20LZ%20%2Ci*%2C%5BZL%20-G%20%5D%7B%2C*A%20ZL%207%5EbE%20ZL%20-%20FZL%20-G%20ZL%20-C%20%2CAb%20LZ%20-G%20-F-C%20%2CBZ%20Eb%5E%20-G%20ZL%20-F%20ZL%20b%20AZL%20-C%20%2CS%2C%7B%7D%20%207%20%7D%7B%2C*L%20-F%206*%3C%5B%7D-%20LZ%20FZL%20bB%20ZL%20-G%20Z%20L-C%20ZL%20-F%20ZL%20bB-%20G-%20G%20ZL%20%20-G%20Zlodi%3E%2CA*%2C%5B%5D%20-G%20-FZLb%20B%20ZL%20-G%20ZL%20-C%20%20C-%20LeM.A6yXQyX%20LZ%20E%207%5EbE%20ZL%20-F%20ZL-%20G%20ZL%20bA%20ZL%207%5Eb%20%5DXyQ-F%20ZLQXyQXyQ%2CS%2C%20%3DPop-Smooth%3D85%3D2
7f150542-9f16-4044-b4b1-b15d4743f8c6,irealb://Tekrar%20Bana%20D%C3%B6nsen%3DZ.M%C3%BCren%3D%3DM.K%C3%BCrdi%3DD-%3D%3D1r34LbKcu7C%20-GlT44G--Cs%20-Dl%7C%2C-C%2CbB%20sbEZLbB%20-DZL-C%20%2CD-%2C%7C%2CA*%2C%5BZLbB%20b%20LZGC%20-Dl%2CB*%2CS%2C%7B%5D%2CD-%2C-Cs%20-DlZL-C%20--LZC-E%20ZL-yXQyXLZC-7s%20-DZL-G%20-D%3EidloeM.A66*%3C%5B%7D%207D%20C-%2CD%5B-D%20-G%20%207%5EblD-%20L%20-GZL%20-D%20ZL%20-DZ%20L7-C%20FZL-C%20-GZC-LZE%20%5B%20%20QsF%2C%7ClD-%20Bb%20%5DXyQXyQXyQXyQXyQ%2CS%2C%20%3DJazz-Ballad%20Swing%3D80%3D1
7fea90b3-7c05-476e-a603-17d40754f22d,irealb://Veda%20Makam%C4%B1%3DG.Tepe%3D%3DM.K%C3%BCrdi%3DD-%3D%3D1r34LbKcu7-D%20%3Ez44%20D-7*%3C42T%5B%7D%20-D%20-CLZ%20-D%20ZL-D%20-CZL%204A.saTSA*%5B%2047*%3CQXyQX%3El%20%2047*%3C%20%20-D%3Elll%2047*%3C44T%5BQyXQysC-%2C%7CyX%5B%20%20*%3C%20%20bD-%20%20%3Cl%2047*%3CZL%20-G%20ZL-%20Dl%20%7C-Cs%3El%20%2047*ll%3ElEl%3Elll%205b7-%3EsD-%2CEl%20%7C-Ds%3El%20%2047*%20%3C%20-Cl%3Elll%2047*%3C%7Cb%20LZAl%20%2047*%3CZL%20%3C*74A%20-G%20B*%7BQyXQyXQXyQyX%5B%20%20-D%20%3Ezas.LZ%20Eb%5B%5D%20-DyXQyXl%3ED-%20%20ZL-C%205b7-AZL%20C-l%20%7CGs%3El%20%2047*%3C%20D-%20%20%7Dll%2047QyXQy*74A.%20%20-D%20ZL%20-C%20ZL%20D-%20ZL%20bE%20%3EidoleM%7DXyQX%3C%7B%20%20QXyQXyQ%2CS%2C%20%3DPop-Slow%20Rock%3D78%3D2
7f2295e9-9b8c-45f3-98c3-95f05e22ac5e,irealb://I%20Trust%20Him%3DFortune%20James%3D%3DWorship%3DD%3D%3D1r34LbKcu7X7-%23F4D%5E7X%5EDZL%23C/A%20B/G%7CQXy7%5EG%7CQyX7-%23F%7CQy7XyQ%7C4TA*%7B%20B/G%7C7XyQ%7CB%7C%2CA%20%207%5EG%7CQyX7B-B*%5B%5D%20bB/bG%20B/G-7XyQ%5EG%7CQyla7%23C%5D%5B*CDC/A%20B/G%7CQyX7%5EGLZ11D%207-%23F%7CQyX7%5E%23LZD%20%20%23C/A%7CQyX7-7%29%7CBX7%5EDZLA/G%20GZL7E-%207%5EC1N%7CQyX%23D/7yQ%7CG%5E%23F%28%20tG%20GZLQ%7CG%5E7%5EC3N%7D%297B%28%20A%20GZ%23LF/D%207-E2N%7B%7DQyX7%20E-7yX7%5ED/A%20%5DY%7BD/AXyQ%7CG-6XyQ%7CD/F%23XyQ%7CG-6%20Eh%20%7D%20%3D%3D0%3D0
7f5705cd-6066-4817-8534-22cb625037b4,irealb://Psalm%2063%3DBratton%20David%3D%3DMedium%20Swing%3DC%3D%3D1r34LbKcu7QyXQyb%5E7XyQyXQyXC/bA%7B%7D%20QXyQyX7-bE%7CQyXbAQLZDbXG44T%7BXsus7/DXyQyXQyXC/bA%7CQyXb/DbEQyX7-bEZLQyXQLZAbbB%7C%7D%20-bEZLXyQ%5D%5BXD/bBZLQyXQyXFb/DZLQyXQyXbG/bAyQXyQ7bAQy7hGQyb-/DbF/bD%207-bEQyXbDLZQyXQyXC/bA%7CQyXLZGbXEQyX7%7CQyXbb7susC/bA%7CQyXbD/bG%7CyQXbD%7B%5DQyX7bAQyXXyQ%7CDA%7CQyX%7B%7DQyXyQ%7CGb%7B%7DQyXbD%7B%7DQyXbDQ%7CyXbAZL7-bE%20bB/Gb/DbXB/bDXbA/bbXyQ%7DX31%5EA%7B%7DQyX7%5EB%7BQ%7DyX7-bB%7B%7DQyXbD%7ByQ%7D%7BDD/-bGyQ%7D%20%3D%3D0%3D0
7f716532-7953-4081-b99b-def3b559b672,irealb://Every%20Praise%20v2%3DWalker%20Hezekiah%3D%3DMedium%20Swing%3DDb%3D%3D1r34LbKcu7Xsusb4DbXycKQyXbG/bDZL%20lKcQyX7-bBZL%20lcKQl%20LZA4Ti*%5B%7CQyXb%20LZ%7B%2C2bGZL%20lcKQyX7-BbZL%20lcKQyXbD%2Cv*XyQ%7CAn%20%7CQyKQyX7%7C%3CreplcKQyXD%2Cv*%2C%7B%7D%20x%20%20%3Ed'Q%20llit%20tae%20LZB-QyXbDbE%2CC*G2XyQx%20%3Ed'Q%20llit%20tapeer%3C%7CQyXD%7CQyXA%7C%20%20%7D%7B%2CZL%20lcit%20tal%20LZC%7CQyXbE%7CQyXbB%7CQXy2bAZL%20lcKQyX7-%3CrepecKQyXZLQyXd%3E%20x%20ZLQyXZLQyXZLQy%7CXZQyXbE%3EgaT%3C%7C%7D%20XyQLZ'Q%20llXyQLZXyQLZXyQLZXyQLZXyQLZXyQLZXyQLZXyQLZXyQLZXyQ%20Z%20%3D%3D0%3D0
7fac0ddc-55fb-457c-811e-9bbff941c0e1,irealb://I%20Give%20You%20My%20Heart%3DMorgan%20Reuben%3D%3DWorship%3DG%3D%3D1r34LbKcu7EZLGv4sC%5E9-A%7C%2C7-A%207-B%2C9%5EZCL7-A%7C%2C7-A%207-B%2C7%20%7D%7B*4Ti*%7BLGZL7%20E-7LB%2C9%5EC%7CQyX9%5EFZL%7CG%2C%23F/D%20%207-EZLDZ-7%2CA-CZL7-%207-A%2CZC2%20E%5ECZL9%5EFZLG%7C%2C%23FD/%20%207-E%7CQyXDZL7-7%2CB-7L7-EZ%2C7%5EC1ZD/F%23AZL%23F/DZLGZL7-%2CA7-B%2C7%5ECZL7-AZL-7LZNLGC*%5B%2C7-A%20-7LZT%5ECZL7-A%7C%2C7-A%207B-%2C9%5EC44TZL7-A427%2CB-7A%2C7-BL7-A%2CyQ%7D%7BN%5ECZL7-AZL%23F/DZGL%7C%2C7-A%207-B%2C9%5EC29%2CB-7X7-A%7C42TZLZD%23o7A%2C7-B%2C7%5ECZL6-C%20%20ZL5b7-%23C%20D/GZL-7LZxL7-EZAZL7-B-7%2CLC%2CD%2CD*%2C%7B%207-BZLG%23/EZLA%5B%207-B44TZ%23-7%2CB%20%2C9%5EC%23F/7-%23LZB-AZL7-BZLxZLxZL-7B%2C7-%23C%2C7%5ED%7C%7D%207/ELZBG/EZLLZA/ELZB-7/F%23%20%20B-7/E%2C%7CA2XyQZ%20%3D%3D95%3D1
7fb67d21-fbaf-4165-a496-2a8687aa1799,irealb://TVC%2015%3DBowie%20David%3D%3DMedium%20Rock%3DC%3D%3D1r34LbKcu7F%7CQyX4%3CNewX7C%7CQyX7C%7CQyX7%3EConaip%20snaelro%20yQ%7CC74TA*%5BoC%20oTF7XyQQyX7C%7CQyX7F%7CQy7XG%7CQyX7C%7CQyX7C%7C%7C%3C*63%7CQyX7ZL-A%20%20%20QLZ%20CZL-A%20CZL-A%20CLZ-A%20CZL-A%20CSB*%7BA-LZC7G%3EadA%20CZLF-XyQ*%7BQyX7G%3E.S.D%20rtefA%20.C.D%3C%7CQyXE%7DBC%20A-%7CQyXF%7CQyX7A-LZCE%7C%7DQyX-F%7CQyXFZ-LA%20CZL-A%20CZL-A%20XyQ%7CG%20CZL-%3EnoitransmT%3CZL%20x%20ZL%20x%20ZLl%20cKQyX7F%3EnoissiransiT%3CQC*60*%3C%7CKcl%20LQyXD%7CQyXC%3E51CV%3CTD*%7BZL%20x%20ZL%20x%20Z%7CCXyQQyX7AQyXC%7Cal%20CoQyXC%3E51CVT%3CD*%7B%7DY%20%3Ex495*%3C%20%20C%3Ead%7CDXyQ%20.S.D%7C%3CEnd%20vamp%3EC%20%20%3C*594x%3E%20%7D%20%3D%3D0%3D0
7fa516ce-984b-42f6-9db5-4f39108cba9e,irealb://Proud%20Mary%201.%20D%20Maj%3DTina%20Turner%3D%3DMedium%20Swing%3DD%3D%3D1r34LbKcu7A%7C%7D%20Q4D%3CB%20yXZLQyX%7CQyX%3ED%20F@%20F%20A%20B%20D%20B%20D%20DQLZXy4TA*%7BQyX%7CQyQLZBQyXG%3Etib%20wols%20orf%20yalp%3C%7CQyX*m*%7C%7BDXyX%7CQyX2S%3C%5DFLZXyQ%20F%7C%2CG%2CA%20CZLD%20**mAZLD%20*m*AB*%7C%7D%20D*m*%2CQyXZLXQyXQBrass%3Effir%20D%20prahsFF%20%20A%20B%20D%20B%20DD%20B%20XyQXy%20100%20%3C%20QyX%20%3CSTAXQyXQyX%3ESLACOVD%20NA%20RATIUG%20-%20TRyQXyQQyXQyEND%20-%20HITS%203X%20THEN%20FINISH%3E%20%3DPop-Soul%3D137%3D3
7fb98858-7865-4d07-941b-ec8c7cdc3d02,irealb://DIOS%20Fuerte%3DRosario%20Ingrid%3D%3DBalada%3DF%3D%3D1r34LbKcu73X86*4G-%20DLbB%20-DA*%7B%7DQyXCLZ%2C-D%20-GZLC%20FZL-ZF%20C%3C4Ti*%7B%20oT17-%20BbL%7CQyX-D%7CQyXE/C%7CyQXsusFB*%7B%7CQyXFZBb%20%3C*D%7C%7D%20%3EA%2CC%3E%20%20%7D%7B*CG-%20D-LZF%20CLZG-%20D-LZC%20%3C*66To%20B%3E%20%20%7D%20%3DPop-Rock%3D115%3D1
7f86972d-37cf-4612-94b9-4b033fe57914,irealb://Pok%C3%A9mon%20RB%20-%20Pallet%20Town%20%20(vgls)%3DMasada%20Junichi%3D%3DEven%208ths%3DG%3D7%3D1r34LbKcu7Gl%7CD%2C4G%20sCl%7C%2CE%2FC%2Co%23Fs%20E%2F%7CCQyXGl%7C%2C%23F%2FD%2CE%2FG%20sA-4TA*%5B%20ClB*%2CD%2FF%23E%2FCs%20Gl%7C%2CA%2FD%2C%23%2FFDs%20E%2FC%7CQyXGl%7C%2C%2CD%2C%5D%5BE%2FCs%20%2F7D%2CpE-LZC%2FC%20%23F%2F7DZL%20lcKyQXE%2F-A%7CQyXGZLD%20ELZp%2C%20GZLDF%23%20Z%20%3DJazz-Even%208ths%3D110%3D4
7f109550-885d-42a8-b766-e4551cdc152e,irealb://High%20Fly%3DWeston%20Randy%3D%3DMedium%20Swing%3DC%3D%3D1r34LbKcu7D%287-C4D-7X%2C7-D%2C7-A%2C7-EsZ7LF%207%5EC%7CQyX7G%7CQyG7%2C%7Cl4T%7BA*%20QyXQ%20%28Gb7X7B%7CQyX7bB1NZL7%29F%28%20%20%297-C%287FZL%29yQ%7DXy%20%297-byX9b7h7XyQ7-D%7CQyX9b7F%7CQy7XhC%5BB*%5DQyX9b7G%7CXyQ%7CGD2NZLQyX7GXyQ%7CF-D%5BA*%5D%207bA%207-bZEL7A%207-E%7CQyX9b77XyQ%7C7hC%7CQ-C%287FF7LZsG%28%20%20%297-bD%287-Cl%2C%7C7G%2C7-D%2C7-A%2C7-Eb7%29LZ%207%5EC%7C7%29%20%20%28F7%29LZBb7XyQ%7CB7%20%20%20Z%3D%3D0%3D0
7f98964f-4512-4a5a-9611-29b9ad15127d,irealb://Horace%20Scope%3DSilver%20Horace%3D%3DMedium%20Swing%3DDb%3D%3D1r34LbKcu7%237bA%7Cb%5E7XybDZL7bD%207-bA%7CQXy7-bEZL7A%207-E%7CQ-7XyQD%7B44TyX5%237G13XyX7-bE%7CQyX7-bB%7CyQX7-FZL31bG%20%20%7CQyQ%7CAb%7CQyX5A%7CQyX%239XyQlos%20rof%20x1%20esU1%3CNZLQ%20%205b9%237bB%7Cos%3EA77bD%7CQoloS%3C5XyQ%7DbD%20bA%2F7-bG%7CQyXA7%3Eylno%20daeH%3C2N%7C7%239LZ%239%237b-bGZLk%3EnXy9%237bB%7CQyX7-bG%7CyQX7AQ%5BYY%5D%20QyX%7CQb5%20A7aerb%207%2FAbXyQ%7CDb7%239XyQZ%20%3D%3D0%3D0
7f4dc6ee-eca0-461b-9f1f-d46ffc12484e,irealb://Close%20Enough%20For%20Love%3DMandel-Williams%3D%3DBallad%3DBb%3D%3D1r34LbKcu7A%7CQyX4G-7%20L7bB%207FZL7C%207-ZGL9b7D%207hAZL7hEZEb%5E74TA*%7BE%7CQyXZG7%20CZL9b7D%207hAZL7A7%20%5EbEZL7bB%207FZL7N1G-6L7D%207s9FZLb9%20%7DX-CB*%5B%5DQyX5%239G%7CyQX6-G2NZL%20QyXQy7%20Gb77D%207b7%5EDZLLZBb%5EEZL9b7B%207h%23FZLh7E%207-GZL31b7D%207-7%20A79F%20suL7bB%207b9XyC%207-GZL9b7D%207hZAL7hE%207-GA*%5BY%5DQ7LZF7D%7CQyXL31b7XyQ%7CAZL7A%207%5EbEZL7bB7%20FZL7C%207GZL7D%207Ah7%20D7%5EbEZZG-6XyQKcl%20%20Z%20%3D%3D0%3D0
7f05382a-744f-41a8-ac5c-d7597e8629b3,irealb://Gnu%20Blu%3DBusch%20Ron%3D%3DMedium%20Swing%3DC%3D%3D1r34LbKcu7G%207EZ7%2CsDb7bBZL%20xZL%207FlZ%20LlcK7F%2C7%23F%207C%2C7%20Eb7LC44T%7B1%237bD%2CXyQ%7CbB1N%7CQyXsus7G%7CyQX7bAl%7CQyX11%237A7%2311%207CZL71LZE7%239%20G7b9%20%7DXyQXyQ%20LZN2Ab%5E7%20B7LZG7%2311%20C13/F%23%20Z%20%3D%3D0%3D0
7f2fa81c-57d9-47f4-9812-418cb4e1ef2e,irealb://Seabrook%20Revisited%3DSucker%20Jack%3D%3DSamba%3DA%3D%3D1r34LbKcu7A%7CQyX4A%5E7X%20lcKQyX7%5EAZL%20lKcQyX7%5EFZL%20lcKQyLZE-74TA*%7ByX11%23Q%7CD%5E7yX11%239b7B%7CQyX7%23-F%7CQyX9b7%23C%7CQyXQ%7CG%5E7yX9%237%7CQyX7LZF%5E7X9b7D%7CQyX5b7-A*B%5BY%7D%20%20lcKQyX11%23yQ%7CG-%20lcKQX7%5EE%7CXyQ%7CB%23FZL7G%207-D%7CQyX-7bE%7CQyX7E%7CQyX7%5E%5E7XyQF/7-GyQ%7CD%5E7XyQ%7CC%5E7XyQ%7CA/BXyQKcl%20LZBb%5E7%2311XyQKcl%20%20Z%20%3D%3D0%3D0
7f2c905b-3657-4f34-9e8f-dc29d9bfeddd,irealb://Violets%20For%20Your%20Furs%3DAdair-Dennis%3D%3DBallad%3DF%3D%3D1r34LbKcu7ZL7C%204G-7%20%2C9b7D%207%5EFZL7bE7%20-bB%7CQyX7%5EFZL7CLZG-74TA*%5B9b7D%20Q%7CA-77C%207-GB*%5B%5D%20%2C5%23b97D%207-GZL%2C9b7D%20LZF%5E7yX7%5EF7C%207-7%20C7L7GZL7D%207%5EFZL7C7%20-GZL%2C9b7D%207%5EFZXyQ%7CG-GZL%2CFZL7CG-7%20CL%2C9b7D%207%5EFZL7b%20E7-bB%7CQyX7%5EFZL7ZG-7%20A*%5B%5D%20L7bE%20%7CA-7%20yX7bE%7CQyX7%5EbBC%5B*%5DQyX7-GZL%2C9b7DQ%7CF%5E7QyX7%5EZD7XyQ%7CDb7%20C7%235%2CLZF6%20D7LZG-7%20C7LZUF6%20D7b9%20Z%20%3D%3D0%3D2
7f71480a-2135-46e5-8597-7823bf99f4ea,irealb://Lullaby%20Of%20The%20Leaves%3DPetkere%20Bernice%3D%3DMedium%20Swing%3DC-%3D%3D1r34LbKcu7L7hA%20T44DhZL9b7G%207hD%7CQyXC-%7CQyX31b7G%7CQyX7%7B*AC-%2Ci*%2C%5ByX-C17b13L31b7G%7CQyX7hDZLb7E%207-FZL7C%207-GZXyQ%7CNG%207DZcKQyX%20G7b97bAB*%5B%5D%20%20lcKQy-XC2NZL%20QyXQyX%7D%20%28F-7%297bA%7CQG%207hD6%20G9s6CZL%20lcKQyX%297-%28F7bAZL7C%206CZLsu%20A7LZCZL%20lQyX7h%5D%5B*ACE%207-FZL7C%207-GZ3L1b7G%207DZL7hA%20-b9LZD%2031b7%7CG7b13XyQ%7CC-XyQ%7CDh7%20G7b9%20Z%20%3DJazz-Medium%20Swing%3D100%3D2
7fb98d7c-f09c-4d61-8ed7-c2e4951ab372,irealb://My%20Favorite%20Things%3DRodgers%20Richard%3D%3DWaltz%3DE-%3D%3D1r34LbKcu77-%23FZT34G%5E*%7B%7CQyX9b7B%7CQyXh7%23F%7CQyX7%5EC%7CQyX7AE-7L%2Ci*%2C%5BL7%5ECZ%20LZC%5EL7%5ECZL7%5EGZL7DZ7L-AZLxZLxZLxZL7ZG%5E7L%7Cr%20ZL7-AZLLZB7bLxZL7%5EAZL%20%7Cr%20Z7L-%23FZL7%5EEB*%5B%7D%209ZxLZx7h%23FZlcKQyZG%5E7L*%5B%5D%209b7BZL7h%23FLZ7%5ECZL7%5EGZL7%5ECZCE-7XL7DZLKQyX7h7XyQlcKQyX7%5ECZL%20lcQKyX7-E%7CQyX9b7B%7C%20LZC%5E%23FZL%20%7CQyX6A7XyQQyX7DZL%20lcKQyX%5E7C%7CQyX7%5EGZL%20lcK%5D%5B*CGZL%20lcC%5E7XyQ%7CG6XyQ%7CC%5E7XyQ%7CG%5E7XyQ%7CC%5E7XyQ%7CF%23h7XyQ%7CB7b9XyQZ%20%3DJazz-Medium%20Swing%3D100%3D2
7fe90067-2931-4688-8d32-69911e96fef5,irealb://Milestones%20(New)%20-%20jsb%3DDavis%20Miles%3D%3DUp%20Tempo%20Swing%3DG-%3D%3D1r34LbKcu7ZLxZL4G-7LL7-GA*%5BY%5D%20xZLxLZxZLxZLxZLxZLxZZxLZx4TA*%5BLxZLxZxLZxxZLxZLxZLxZLxZxLZLxZL7-AB*%5BY%5D%20LZxLZLxZLxZxLZxLZxLZxLZx%20%5DY%5B*AG-7LZxLZxLZxLZxLZxLZxLZx%20Z%20%3DJazz-Up%20Tempo%20Swing%3D240%3D3
7f1bfd17-9143-47bc-8978-acaad0fc68ae,irealb://Bolivia%20-%20jsb%3DWalton%20Cedar%3D%3DUp%20Tempo%20Swing%3DD%3D%3D1r34LbKcu77-E%7CQLZxLZE44TA*%5BY%7D%29%5EE%28%20ZxLxZLxZLxZLxZLxb%5E7Xy7Gi*%7B11%237%5ED%5E7Xy7-B%7CQyX9%237%23F%7CQXy7%5EG%7CQyX9b7bA%7CQXyQ%7CCZL7A%20B%7CQyX-7XyQQyXFZL7C%207-G%7CQXy7h%23G%7CQyXA/7-B%7C%7CB7b9B%7CQyXb%5E7XyQ%7CA7XyQ%5D%7B*BG7LZxLZxLZxLZxLZxLZxLZx%20%28E%5E%29%7D%20%3DJazz-Up%20Tempo%20Swing%3D240%3D3
7fddf0a1-b54f-4403-b971-a6cc1a1c504c,irealb://Agua%20De%20Beber%20(Astrud%20Gilberto)%3DAntonio%20Carlos%20Jobim%20(Astrud%20Gilberto)%3D%3DBossa%20Nova%3DA-%3D0%3D1r34LbKcu77-AZL22%3C*7QyXZL9b7E%207B%7CQXy7-A%3E841%20mpb%20%204r%7CXyQTi*%7BY%7D%20%20%3E%E2%8C%A3%20LZA-%3E%2F%20%20%2FQyX%E2%99%A9%20%20%E2%99%AB%206*6%3CE%2F5b%5EbB1NZL%207%20%3C*63%5EFZL%20G%7CQyX%2C%20%20%5DY%20lcKQyX7-A%7CQyX%2359b7E%7CQyX7BSA*%5BLZD-77-A2NQyXG%2F%7CC%5E%20CA%2F%5EoF%206-AZL11%23b7B%207B%7CQyX%2C%5ECZL6bLZC9QyX31L%209DB%2FGbXyQ%20lcKQyX7-A%7CQysXus9E%7CQyX9b7B%7CQ%20%5DY%7B*%5EobE%7C%20%E2%99%AB66*LZA-7%5EbB%3E%E2%97%A1QyXQyXQyX60*%3C2N%7D%20%20x%201NZL%20b5%2FE%3C%209-DZyX%7CrQ%2F%3E%20%20%5Db7E%207B%7CQyX7-A%3Edeulretni%2047*%3C%5BY9LZXy%20%2F%20%20%E2%99%A9DQB*%7B7XyQ%7Cx%20%3EadoC%20la%20.S.%20D%3C%7CQyX7-A%7CQyX%5EF%20%20%5DYY-AZLQ%5EbB%3E%E2%97%A1-9LZAXQyX06*%3C3N%7D%20%207A-l2N%7D%20xs%201NZL7-yQXyQDZL%209XZL9b*66%E2%99%AB%20%7CQyX7-A%3Eortuo%2074*%3C%5BY%5D%20%20%3E%2F%20%2F%20%20%E2%99%A9B7%20E7%3CE%2F5byQr%7CXyQLZA-7XyQ%7CF%5EXyQ%7CA-7XyQKcl%20%3C*71%20%E2%99%A9%3E%20Z%20%3DJazz-Bossa%20Nova%3D148%3D1
7f3e37f3-ac83-41c6-a9a2-cec3dae0a5af,irealb://Cheap%20Trills%3DComposer%20Unknown%3D%3DMedium%20Swing%3DF%23-%3D8%3D1r34LbKcu7LQyXZ%23-XyQLQyXZLQyXZLQyXQ%7DyXE%7CQyXA%7CQyXD%7CZXyQLF44T%7BLQyXZZXyQLLQyXZLQyXZLQyXLZQyXZLQyXZLQyXZZXyQLLQyXZLQyXZZXyQLLQyXZLQyXZLQyXLZQyXZLQyXZLQyXZZXyQLLQyXZLQyXZZXyQLLQyXZLQyXZLQyXLZQyXZLQyXZLQyXZZXyQLLQyXZZXyQLZXyQLZXyQLZXyQLZXyQLZXyQLZXyQLZXyQLZXyQ%20Z%20%3D%3D0%3D0
7f7db2ab-82d4-4218-8806-ae41dcc95843,irealb://Tian%20Tian%20%E5%A4%A9%E5%A4%A9%3DSong%20Chinese%3D%3DR%20n%20B%3DC%3D2%3D1r34LbKcu7QyX7%5E7XyQ%7CohC%20erP%3C%7CQyXsuGs%7CQyX7-D%7CQyX7-Arus%3EC%5ECv*%7BFZL%23FyQ%7CD-WZL%23G%2FW%20-Al%5B%5D%2Co7%23Gs%20%20susG%7CQyX7%2FG%20D%2FX7-A%7C%7CQyX7ZD-7XX7%5ECC*%5BQyXQyXQXyQyX%5DQyXsusG%7CQyyQ%7CA-L7-E%20-DZL7Q%7CGsuQyXbB%7CQyX)7-A(%5E7Cl%7C)7o%23G(%20s%20%20s%7CF%20E-yX7-D7XyQ%7CGsusXyQ%7D%20%3DJazz-Medium%20Swing%3D100%3D3
7fd51713-d1bb-495e-97ea-2891db6ba0e5,irealb://Ain%27t%20Misbehavin%27%20%20dfb%202=Waller%201929%20Fats==Medium%20Swing=C==1r34LbKcu7A%20E%2FC4C%20C%23B%28%2DF%20FZLE%2F7C%20CLZ%29obE%287G%207%2DDZLob7%29LZ4TA%2A%7B%207E%20C7%20G7L%20C2NZL%20QyXQyX%7D7%20G%207DZL7A%207E1NZF%2D6LZ%2DDZL7ZL7A%20%2DXyQ%7CD%207%2DAZLo%23G%20G%7CQXy7A%7CQyX7D%7CQyX7F7LZG7AB%2A%5B%5DCZL%297%20%5D%5B%2AA%20FZLE%2F7C%20CZL%29oEb%287G%207%2DDZLo%23C%20CF%2D%28Bb7G%207D%2FE%20A7LZD%2D7%20G7LZUC6%20Ebo7LZD%2D7%20G7%20Z%20=Jazz%2DGypsy%20Jazz=130=3
7f14d9d7-defa-47db-88c8-dddf2ea60bf1,irealb://Smooth%20(Tom's)%201%3DSantana%3D%3DLatin%3DA-%3D%3D1r34LbKcu7%3Ex3%3C74A-%20%20LC%2F-A%20-D%7CQyX7E%2C%7CF%20%20-A%7CQyX7E%7C%2CFZBh%20E4TA*%5BZLF%20-G%2CF%2C%7CL%20QyXQyX%7C%7DQyX7ZELF%20-AB*%7B%7DQyX7EZ%7B*CA%20-AZLE7%20%20%3C2x%3E%20%7DD-%20%20D-%2C%7CEXyQ%5B*BA-%20FLZE7XyQ%7D%20%3D%3D0%3D0
7f70bfa1-eb52-45e3-a208-5028d51acdc0,irealb://Our%20Love%20is%20Here%20to%20Stay%3DGershwin%20George%3D%3DMedium%20Swing%3DBb%3D%3D1r34LbKcu7yX7bA4C7XyF%7CQyX7CZL7G%207-%7CDQyX6bB%7CQyX7F%7CQ7XyQ%7C4TA*%5BX7-GZyQ%5D%5B*hAZL7%5EbE%207%5EbBZ7LF%207-CZL7G%207-DB7%20D7LX7G%7CQ7G%207-XyQ%7CC6bB%7CQyX7F%7CQyX7AC*%5B%5DQyX7F%7CQyX7-XyQ%7CD7C%7CQy%207bAZyQ%7CF7-CZL7G%207-DC*%5B%5DyQX7G%7CQyX7bA%7CQyX7%20F7LX7CZLG7LZEo7%20Eb7LZD-7%20G7LZC-7%20F7LZBb6XyQ%7CG7XyQZ%20%3DJazz-Medium%20Swing%3D100%3D2
7fbcfc68-0ba6-470b-bf35-85b9d17819d6,irealb://Good%20Morning%20Heartache%3DDrake-Fisher-Higginbotham%3D%3DBallad%3DC-%3D0%3D1r34LbKcu7Bs%207-4C-%20C7D%207hAZL7%5EbB%207F%5EZL7-C%206-CZL6b-b9LZG4T%7BA*A%207hEb7%2Cl%7CyX6FZL9%237C%207-Gl%7C%2C7bD%2C7-bAs%207-AQ%7D*B%5BE%2C7-bF%207-%23D-6Xy7%5ECZL9%237G%207-D%7CyQX7%5EDZL7A%207-E%7CQXyQ%7CCZL9%237b7D%207-7%20F7%5EbB%207%5EFZL7-C%206C-ZL6b-C%20-C%5BA*%5D%207LZAhCZL7%239LZG-7%20sBb-7%2CEb7%2Cl%7CA-7%20sAb-7%2CDb7%2Cl%7CG-7%20C7%239LZF6%20%20%20Z%3D%3D0%3D0
7f1c4692-3202-4b6d-b8d9-06be672e9060,irealb://I%20Can't%20Give%20You%20Anything%20But%20Love%3DMcHugh%20Jimmy%3D%3DMedium%20Swing%3DF%3D0%3D1r34LbKcu7G%7CQyX4F%5E7XQyX7%5EF%7CQyX7C%7CQXy7-G%7CQyX7obA%7CQy%7CAbo74T%5BA*cKQyX%7CC7XylcKQyX7%5EbBZL7F7%20-C%7CQyX7%5EF%5BB*%5DQ%20LZG7QyX7-%5EF%7CQy-7XyQyX7-G%7CQyX7obA%7CyQX7%5EF%5BA*%5DQyX7C%7CQ%7CC7XGZL%20lXC%2F7%5EC-7%20F7oB%7CQyX7%5EbB%5BC*%20%5D%20lcKQyX7%5EbBZL7XyQ%7CF%7CQyX7yQ%7CD7XyQ%7CG-7XyQ%7CC7XyQ%7CF6%20D7LZG-7%20C7%20Z%3DJazz-Medium%20Up%20Swing%202%3D160%3D9
7f714f8c-54ed-470b-b6bf-77a9e55890c6,irealb://Pennies%20From%20Heaven%3DJohnston%20Arthur%3D%3DMedium%20Swing%3DC%3D3%3D1r34LbKcu7E%207-E4C6%20F%206C%7CQyX7G%7CQyX7D-ZL7obE%207-EZL7%5EF%5E7LZ4T%5BA*cKQyXD-7XylcKQyX7%5EF%7CQyX7%7CCQyX7-G%7CQyX7G%7CQ%20LZD7ZL7obG%7CQyX7XyQKX7-DZL7obE%207-ELZ7%5EF%206C%5BB*%5D%20%20lcyQ%7CG7GZL%20l7A%7CQy%7CC7XyQyX11%237bB%7CQyX7D-ZL%20lcKQyX7%5EF%7CQ%7CE-7XQyX7-XyQ%7CD-7XyQ%7CG7XyQ%7CC6XyQ%7CD-7%20G7%20Z%3DJazz-Medium%20Up%20Swing%202%3D160%3D10
7f48d44f-1535-4c0b-b483-749874e4bb40,irealb://You%20Are%20The%20Sunshine%20Of%20My%20Life%3DWonder%20Stevie%3D%3DSoul%3DB%3D10%3D1r34LbKcu7D%7CQyX4B%5E9XQyXBSA*%7B%7D%20%20lcKyQX5%237%23FZL%20lcKQy%7CF%23%2FE4Ti*%7BF%207-%23Q%7CG%2319ddaB%7CQyXsus7%23%7CFQyX7-%23C%7CQyX9b3XyQ%7CCyX7-%23X9%5EBZ%20%7D%5B*B%23F%206E%7CQyX9%5EBZLuss7%23F%206E%7CQyX9%5EB7susLsus7%237%23D%206%20F%237sX7%5E%23GC*%5B%5DQyXtl7a%23D%7CQyX7h%23AZLsuyQ%7CC%236E%7CQya%20.S.G%23-7XXsus7%23FZLQ%20%209%23%7CCQyX7%23CZL%20lcKQyyQ%7C%3CDZLsusQyXCCa%3E%20x%20yXQyX%5DQyXsus7GQ%7CyXsus7%23F%2CQ%2C%5BZ%20Q%20%20%7B*doC%20lpeR%3C%20yQ%7CE-%7CQyXsus7G%7CQyX7D-%7CQyX9b31A%7CQyX7Cadd9XF%2FG%7Ceat%20and%20Fade%3E%20LZD-7%20G7sus%20%7D%20%3DLatin-Brazil%3A%20Bossa%20Electric%3D127%3D9
7fa6a213-c015-46ae-bd48-1ecbe5b61e7a,irealb://Aint%20Wasting%20Time%20No%20More%3DAllman%20Greg%3D%3DPop%3DC%3D%3D1r34LbKcu7AZL%2Cb4Bb%2C%7CAZL%2CbB%7BQyXQyXQXyQyX%7CbA%7C%2CbB%7C%2CbAb%2CLZB2Ti*%5B%2CbBZLyQXyQEZL%20QyXQyX%7D%20xZ%2CLbBZLxZL%2CbE%7BZL%20b%2CLZxX%7D%20%2CbLZxLZF%2CLZxLZEb%2CLZxLZBb%2CLZAb%2CLZBb%2CLZAb%2C%20Z%20%3DPop-Rock%2012/8%3D70%3D12
7ff74c4e-306d-454b-a801-7f7eb29a41b1,irealb://Where%20or%20When-Rev%20JE%3DRodgers%20Richard%3D%3DSwing%20Two-Four%3DEb%3D%3D1r34LbKcu7us7CZ4sEb%5En%2C%5EbE%7Cn%2CbE/7-F%2CnbE/7-F%7Cn%2C%5EbEn%2ClDb7L4TA*%7BLsus7altLZFZL7bD%207-bAl%7C%2C/GWs%20%207-F%7CQyX7-F-7%20Bb7bG%20s%5D%2011%237%2C%20Gb7hD%7CQyX7%5EbE2N%7Dt%20la7E%207-FZLtla7%20Db13-G1NZQyX7-7XyQ%7C%2331bD%209b7G%7CQyXh7Dl%7C%2CbE/Ws%20%207-F11LZC-CB*%5BAl%7Cn%2CyQ%7CsB%5EbEsA*%5B%5D%2C7bB%20ns%2Cus7bBZL%20n%2C11%237%2CnEb%5EX7-F%7CL9b7C1XyQ%7CQyX6bAZLtla7A%20-7bBl%7C%2CA/Ws%20%207-G%7CG-7%201%2331bZLQ%2CtsBb7%2C%2C7-F%7CQyXtla7BZ9Lb7C%207-Gl%7C%2CbA/W%20E7al%207-FZX%5EbE%3En%20LZFUZL11%2331E%2011%233b1GlQ%5B%5D%2C7bB%20n%2C7-%3CFINE%2C6bEsyQZ%20%3DJazz-Swing%20Two/Four%3D120%3D4
7fe9a48d-b0f5-4cdd-b6ca-a9d9c9652f09,irealb://DIOS%20Imparable%3DWitt%20Marcos%3D%3DPop%20Soul%3DA%3D9%3D1r34LbKcu7X%23C%2F28A%2FC%23)D%2FsusA(QyXE%7CQXy*m*%23F%7CQyXD%7CQyX%7D%7B*AA6Ti*%7Boc%20eryQ%7CA%2F%5B%7D)D%2FsusA(%20)E()%20%23F(%20)E(E%7CQyX%23F%3C*63PXD%7CQysusE%7CELZF%23*%23FZLE%20%2CD%7CQyX**m%23FZLE%20D%7CQyX*m*m*XyQ%20D%3Eorisopm%20A%2FC%23SOID%20%2Celbarapm%20iSOID%2017*%3CB*%7B%5D%20%20de%20iE%7CQyX6*%3C%7B%7Dinigu%2FAZL%23G%2FE%20A%7CQyX%7CEQyXD%3E...elbalaF%23XyQ%20selb96*%3C%7Bengo%20F%2FA%7CQyX%23F%2FA%7CQyEX%7CQyXD%3E...romet%23XyQ%7Dt%20oN9X%23F%2FA%20faltni%20oTQyX27*%3C%20EQ%7CyX-B%3E...adan%20a%3E%20LZSem%20oNE)%23C(F%23%20%3C*(%20%23G%2FE)A(%20-%23F%3EyQX66*%3CS%7B%7D%20%20%3E%2036B)%7CA%20%2FA%7CQyE%20AZLE)%7CD%2F-%23FC*%7B%7D)B%2F%23G(%20%23)C%2FA(%20%20B%2FD%7CQyXB%20E%2FG%23(%20%23C%2F%2FC%23LZD%2FBXyQ%7CD%2FB%20%3C*69%20%20To%20B%3E%20%20%7D%20%3DPop-Soul%3D95%3D1
7fdcb4ff-7ba8-4800-8c46-791870c6c263,irealb://Seul%20ce%20Soir%20(Je%20Sui)%20Jambook%3DDurand-Casanova-Grosjean%3D%3DSlow%20Swing%3DC%3D0%3D1r34LbKcu7D%7CZL%204CXyQX7AZL%20lcKQyXCZ%20LlcKQyX7BZL%20lcKyQKcl4TA*%5B%5B%5D%207GG7XyQL-bE%207-EZL%20lcKyQX7BZL%20lcKQyXC%7CZD-7%20%7CQyX-%7CQyXFQKcl%20cKQyX7AZL%20lcKQXyCZL%20lcKQyX7BZLl%20LZ%7CyXCB*F-XyQ%7CCXyQ%7CA7XyQ%7CD-7XyQ%7CG7XyQ%7CCXyQ%7CXyQ%20Z%20%3DJazz-Slow%20Swing%3D80%3D0
7fe3dd9e-86f9-494b-89f0-33d955e692ca,irealb://Sanie%20Cu%20Zurgalai%3DComposer%20Unknown%3D%3DMedium%20Swing%3DD-%3D0%3D1r34LbKcu7yX7D%7CQ%7CG-X%7CQyXx%7CQyXx%7CQyXE7%7CQyXx%7CQyX-D%7CQyA-XyQyX-D%5BXF%7CQyXyQXyyXF%7CQyXx%7CQyX7CQ%7CyXx%7CQyX-G%5BQyXQQ%7CC7XQyX%5BQ%7CQyX-XyQ%7CG7A%7CQyX7bB%7CQyXxQ%7CyX7C%7CQyXx%7CQyX-XyQ%7CD7D%7CQyA7XyQZ%20%3DJazz-Up%20Tempo%20Swing%202%3D276%3D3
7f6e5cee-5e81-4d6f-895f-c257109243f3,"irealb://Si%20Tu%20Savais%20(Bm)=Ulmer%20Georges==Slow%20Swing=B-=2=1r34LbKcu7-BYZL4%3C%20AAZL7A%20-BZL7G%20-BLZ)6-E(o%23A%20-B%3EABD%20F%2374TA*{-B2NZE-6)LQyX}%207%23F%20,-BZL%237F%20-B1NZLoB%20-BZXyQ%20L(o%23A%20KQyX7ZB-%20%3C-B%7CQyX-BZL%20lcKyQX7GB*[]%20%20%3EeniFXyQ%7CGL7%23F%20cl%20LZF%237%20%20(F7)LZ%3CD.C.%20al%202nd%20End.%3EF%237%20%20(C7)%20]%20=Jazz-Slow%20Swing=80=3"
7f512eca-ee93-4bfe-9077-c2caa41ad004,irealb://Ramblin'%20Man%20(Tom's)%3DBetts%20Dicky%3D%3DCountry%3DE%3D%3D1r34LbKcu7A%7CQyXXyQ%7CAB%7CQyXB%7CQyXA%7CQyEX%7CQyXE%7CQyXE%7CQyXXyQ%7CAE44T%7BXyQ%7CEXyQ%7CC%23-XyQ%7CF%23-XyQ%7CAXyQ%7C%2CU%2CEXyQ%7CEXyQ%7D%20%3DPop-Country%3D145%3D20
7f0ba566-28a6-430d-a9e3-72b05a2e7023,irealb://All%20I%20Want%20For%20Christmas%20Is%20My%20Two%20Front%20Teeth%3DDonald%20Yetter%20Gardner%3D%3DMedium%20Swing%3DC%3D%3D1r34LbKcu7%5DQyXC4CXyQG%7CQyX7D%7CQyXC%7CQXyC%7CQyX7G%7CQyX7D%7C7XyQ%7C4TA*%5BQyX7GyQ%7CF%23DZL%20lcKQyX-AZLE7%20CZL7G%20C%7CQyX7o7XyQ%7CXFB*%7B%5D%5B*ACXyQ%7CD7XyQ%7CG7XyQ%7CCXyQ%7CCXyQ%7CD7XyQ%7CG7XyQ%7CCXyQ%7D%20%3DJazz-Medium%20Swing%3D100%3D1
7fca7db4-f4d6-4800-929f-cbf699df2d92,irealb://We%20Three%20Kings%20Of%20Orient%20Are%20(Jazz)%3DHopkins%20John%3D%3DJazz%20Waltz%3DG%3D%3D1r34LbKcu7FZL%20l4E-7X7-E%7CQyX7-El%7C%2C7sB%20%207h%23FZL%20lcKQyXyQKc3TA*%7B7h%23F%7CsB7%2C%7CC%7CQyX7%5EG%7CQyX9DQ%7CyX7-E%7C%7CQyX7-El%5E7XyQ%20%207h%23%20%207-A7%235%20%20-E%7CQyX6GB*%5B%7DQy7XD%7CQyX7-El%7C%2C7Bs7XyQ%7CB%7CQyX%7CQyX7lG6XyX6Gl%7C%2C9Ds%20%207-AQ%7CyX7-E%7CQyX6Gl%7CQyQ%7CE-%7C%2C9DsX6Gl%7CsD9%2C%7C%207-A%7CQyX7-E%7CQy6XGlZL%20lcKQyX6Gl%20sD9%2C%20%207-AyQZ%20%3DJazz-Ballad%20Swing%3D100%3D3
7feb42fc-52b6-4c21-a8f3-3953f578fe77,irealb://Little%20Red%20Riding%20Hood=Sam%20The%20Sham%2DPharaohs==Bluegrass=E%2D==1r34LbKcu7%20lcKQ4E%2D%2C%20yXG%7CQyX%2DEA%2A%7BY%20Q%20yXQyX%7D%20%20x%20ZL%20%2CQ%7CAXy4Ti%2A%7B%7BY%5D%20%20Q%7CBXyX%2DE2NZL%20QyXQyXQ%7DyX7B%7CQyX%2DE1N%7CQyQKclyXCZL%2ABGXyQKcl%20LZE%2DXyQKcl%20LZAXyQKcl%20LZD7XyQKcl%20%20%7D%20=Pop%2DRock=115=3
7f4cd057-1823-41a9-a10d-21271c60e774,irealb://Nuages%20%20DIJ%3DReinhardt%20Django%3D%3DSlow%20Swing%3DG%3D%3D1r34LbKcu7%28%20%297-44Eb7GZL%297D%28%20%20%29hA%287ZDL%297bE%28%20%20%297-bB%28%5E%20%20%28ATA*%5BY%20%297-A%28G/B%29ZL%297D%28%20%20%29hA%287DLZ%297bE%28%20%207bEZL%20xG%5E%20%20%28%20%7C%29bBE%28%20ZL%20%28G/B%28%20%20-EZL%20x%297B%28%20Q%7CyX%29h%23F%287BZL%20x%29E-%5E7%29%7C%29bB%28B*%5BY%5D%28E-6%29D%28%20ZL%297bE%28%20%207DQ%7CyX7AZL7bA%207AZL7%29x%20%20%20x%297-L%20x%29B%28Eb7%29%29bB%28%20%297-A%28%20%20%5EGLZ%297D%28%20%20%29hA%287DZL%7C%20%28G/%20%207bE%7C%29obEEb-7%29D%28%20%207%5ECZL%297G%28%20%29%20hD%287GZL%297bA%28%20%20-7%29%20%28%287bAZ7bEZL%29x%20LZG%28%20%7C%29obB%28%20%297-A%20%28%20%5EGZL%20lcKQyX-C/B%29x%20E/C%28%20%20%20%28Eb7%29LZD7%28Ah%29%20%20%28D7%29LZG%5E%20%20%28C-%29LZ%20%28G%5E%29x%20%20Z%20%3DJazz-Gypsy%20Jazz%3D120%3D4
7f1eae51-8640-4f3d-9cd9-19676bcaed6c,irealb://Honky%20Tonk%20Women%3DComposer%20Unknown%3D%3DMedium%20Swing%3DE%3D%3D1r34LbKcu7%23F%7C%2CE%2CE%2C%7Cx%20QyXZLxZL%2CA42TLZ%2CD42TZL%2CA42TZLT44E%2CE44T%7BAZL%2CDT24B%2C2TZLx%7C%2CE%2CE44T%20yQXZLxZL%2CBZL%2CEZL4A%2CLZ%7C%2C%23F%2C42T%20QZXyQ%207AZL%2CEZL%2CAZL%2CE24T%7C%2CB%2CB%7C%2CE%2CE44T%2CLZXyLxZL%2CxZL%2CB%2CLZB%2CL%2CE42TZLxZL%2CEZ%2CLAZL%2CE42TZL%2CBZLZE%2CLZEZL%2CELZT24E%2CLZA%2CLZE%2C%20%2C%7Cx%20%7D%20%3DPop-Rock%3D115%3D3
7f086195-af2b-492c-a8d2-c90829781023,irealb://Along%20Came%20Betty=Golson%20Benny==Medium%20Swing=Ab==1r34LbKcu7yX7bA4Bb%2D7%5EAZL7E%207%2DB%7CQyX%2D7bBZL7E%207%2DB%7CQyX7XyQ%7C4T%5BA%2A%5EFZL7XyQ%7CG%7CQyX7%2D%23FZL7C%207G%2D%7CQyX7%2D%23F%7CQyX7bG%2D7%20C7%5EG%7CQ9b7D%20A7b9XyX7F%7CQyX7%2DC%5BB%2AQ%5DyX7G%7CQyX7%2DD%7CQyQ%7CAh7%7CQyX7X7%2DbB%20G%2D7%2FyX7bB%7CQyX7%2DF%7CQXy9b7A%7CQyX7hEZLFQ%5D%2AC%5B7%2DGZLQyX7h7%20E7LX31b7F%7CQyX7hCZ7LE%207%2DB%7CQyX7%2DbBZyQ%7CBb%2DB%7CQy%7CEb7%239XyQ%7CUAb%5E7XyQ%7CB%2D7%20E7%20Z=Jazz%2DMedium%20Swing=100=3
7fd543e1-ce24-48bf-9f2b-629001a2bf67,irealb://Step%20Lightly%20%28Junior%27s%20Arrival%29=Clifford%20Brown%2DBenny%20Golson==Medium%20Swing=F==1r34LbKcu7QyX7%2D4D%2D%20FB%20%2DDZL7A%207bBZLF7%20%2DDZL7A%207bBZL7hLZBb4TA%2A%5B%207F%20%5EyQ%7CAb%207%2DG2N%7C%7D%20%2C7A%20%5EZFL7C%207%2DG1N%7CQyX7C7LZFX7%2DA%7CX%5EF%7CQb7XyQ%7CQyX7%2DGZL9%237D%20F%5EZL7%2DG%20%5EFZL%20lcKEb7XyBB%2A%5B%5DhB%20%2DD%20A7b97bBZL7F%20%2DDZL7A7%20bBZL7F%20%2DDA%2A%5B%5D%20%20A7LZhE%7CQyLZBb%2D7XyQ%7CA%2D7XyQ%7CAb7XyQ%7CG%2D7%20C7LZF%5E%20%20%28A7%29%20Z%20=Jazz%2DMedium%20Swing=100=3
7f71435b-d200-4acf-b9de-4f66465de75c,irealb://God%20Reigns%3DMurphy%20William%3D%3DContemporary%20Christian%3DEb%3D%3D1r34LbKcu7bA%7CQyT44Eb*%2C%5B%7DQyXbA%7CQyXb%2FAbB%7CQyXbE%7CQyX7%5EB%2CBbX%2CA*%2C%7Bsus7Bb%5E9XyyX9%5EbE%7CQyXC%2FbAQ%7CyXD%2FbB%7CQyXbE%7CQQ%7CEb%20E%7CQyXG%7CQyXA%2CD%2FG7D%2CB*%2C%7B%7DQyXC%7CQXyC%2FDZLG%20G%2FDZLG%20XyQ%7CC*%2C%7BZL%2FDv*%7B%2FG%20GL%7D%20G%20G%2FC%7CQyXG1NQ%7CyXE%2FC%7CQyX%23F%2FDZ%5BCXyQC%7CQyXF%23XyQ%7CC%2FEXyQ%7CGXyQ%7CC%2FGXyQ%7D%7C%20%3D%3D0%3D0
7f7427b3-b409-4976-8395-9cb33773257c,irealb://Moving%20Forward%3DHourton%20Israel%3D%3DMedium%20Swing%3DDb%3D%3D1r34LbKcu7yXbB%2F8DbXyQyXbAA*%7B%7DQyXG%2FEb%7CQyX7-FZL%20lcKQ%7CGb%5E76Ti*%7ByX7%5EbC%20F-77-F%7CQyX9-bE%7CQybXE%2FbA%7CQyX7-bEZLXyQ%7CG%2FbA%7CQbG%7CQyDbXyQ%5DQyX%2C7-bE%7CQyX7b-E%7CQyX7-FZL%20lcK*CAbXB*%5B%7DQyXbGZ%7CAb%20FA%7BQyXbG%7CQyXbAZsLus7bE%207%5EbGZL7-b%20F-LQyX7%5EQKcl%20%20%7DDbXyQ%7CF-XyQ%7CDbXyQ%7CAbXyQ%7D%20%3D%3D0%3D0
7f00d651-6621-493a-b760-e21389e7665c,irealb://Appalachian%20Rain%202%3DBen%20Eldridge%20%28Seldom%20Scene%29%3D%3DBluegrass%3DG-%3D%3D1r34LbKcu7yX%7DQy4G*m*ZL7D%20*m*G%7CQyXb%7CEQyXF%7CQyXbE%7CQyXG*m*X4Ti*%7B%20bEZL%20Y%7B*AyX%2C*m*GZL%20x%20ZLx%20%20ZL%20lcKQyX*m*GQKcl%20%20QyXQ%20lcKQm*XyQG%7CQyXbBZL%20x%20ZLl%20cKQyX*m*GB*%7BY%7D*m*Xy*GZLFD%20*m*FLZG*EZLQyXF%7CQyXbE%7CyQX*m*GQ%7BY%7DQyX*mb%20LZG%20bEZL7LZG*m*XyQ%7D%20%3DPop-Bluegrass%3D300%3D2
7f59319e-6bcd-4e0f-ac96-af337e0854ae,irealb://Araber%20Tantz%3DComposer%20Unknown%3D%3DKlezmer%3DD-%3D%3D1r34LbKcu7%7CQyXD4DXyQD%7CQyX-C%7CQyXD%7CQXyDZLbE%20D%7CQyX-G%7C%20EbLZ4TA*%5B%7CQyXDG-XyQyXx%7CQyXD%7CQyX-GQ%7CyXD%7CQyXx%7CQyXD%7CQ%7C%7B*B%7CQyXDQyXQy%7CD%20C-QyXD1NZL-C%20D%7CQXy-G%7CQyXD%7CQyXDZL%7DXyQXQyX-GXyQ%7CN2D%20C-LZ%7B*CD%20C-LZD%20C-LZD%20C-LZDXyQ%7D%20%3DJazz-Afro%2012/8%3D110%3D3
7f1c0cbe-c071-4ee4-ae5a-fc7bd1eb047e,irealb://N%C3%A4r%20Min%20V%C3%A4n%3DTh%C3%B6rnqvist%20Owe%3D%3DMedium%20Swing%3DC%3D%3D1r34LbKcu77-D%20C-/EXy5b7-B%20-A%7CQyX7EQ%7CyXE/-A%7CQyX%5EF%7CQLZA-/A44T%5BL9b7EE%2CF6%207-D%20C/-AZL5b7-%20B-AZL7E%20sus7EZLLZF7%20/-AZLbEZL7A-LZA-BZL6F%20E/-AZL7D-%20C/-AZL5b7-B%20-7b5%20E%207-DZDZL%23CZA-%20DA%7CQyX7A%7BZL-A%20AD/ZLsus7E%207FZL7-7%20A7/LoD%20o5b7-B7%2CA7%239b7E%20E/-AZL9b7%20EE/-A%7CQyX7-D%7C%2C5LZA-%20bB%207-bEZL7yQ%7CsA7EZL6F%20E/-AZL7D-%20C/-AZL5b7-B%20-sus%20EX7EZLus7E%20ZA-/CX-A2N%7DQyX7-A1NLZsus7E%207FZL7-D%20yQ%7CF7LoD%20osLZA-%20%20fLZA-%20%20fLZA-XyQZ%20%3DJazz-Slow%20Swing%3D80%3D1
7f915f6c-cef1-43f1-b143-a5afb42a8acd,irealb://Autumn%20Leaves%20Am%3DKosma%20Joseph%3D%3DMedium%20Swing%3DA-%3D0%3D1r34LbKcu7QyX314D-7XyX5b7-B%7CQyX7%5EFQ%7CyX7%5EC%7CQyX7G%7CQyQ%7CE7b4TA*%7BQyX7-QKcl%20cKQyX-A%7CQyX31bE7%7CQyX5b7-BB*%5B%7D%20l%20LZDyX-A%7C-GZL7Q%7CC%5E7%7CQyX31b7E%7CQyX57b-BC*%5B%5D%20%20lcKQyXA-7%20DyX7G%7C7%20C7LZB-7b5XyQ%7CE7b13XyQ%7CA-XyQKcl%20%20Z%20%3DPop-Glam%20Funk%3D70%3D3
7f7fca77-842d-4974-b61b-1ebd165fc114,irealb://On%2dOff%28Where%29%2dOn%20plus%20Dropback%20x%201%20%2d%20At%205=Charts%20Practice==Medium%20Swing=C==1r34LbKcu7L7%5eGZZF7LZ7%5eGZLxZL%2c7%5eCZLG7ZL7%2dDZL7AZL7%5eCLZC7LL7%5eC%7cL7AZLA%2d7LZ7BZL7%5eDZL7GZL7D%5e%7cZLxZL%2c7%5eGZL7DLZE%2d7ZL7EZ7%5eEZLLZxLZ%5eAZL7EZL7%2dBZL7F%23ZL7%5eAZL7DZL7%5eA7%2cLZx%2c7%5eDZGZL7%5eZE%5e7LZL7%5eBZLxZL%2c7%5eELZ7BZL7%2d%23FZL7%23CZE7LZBL7AZL7%2dbAZ%23%2d7LZL7%5ebGZL7BZL7%5eb%7cGZLxZL%2c7%5eBZL7%23FZEb7LCZL7%23ZL7bALZGb%5eEZL7bBZL7%5ebDZLb7GZL7%5ebDZLxZL%2c7b%2d7LZ7bDZLxZL%2c7LZxLZ7bEZL7%2dbBZL7FZ7L%5ebAZL7bDZL7%5ebALZAb%5e%2c7%5ebDEZL7%5e7LZAbZL%2c7%5ebEZL7bBZL%2d7FZL7CZL7%5ebEZL7xLZBb%5ebEZL7DZL7b%5e7LZbBZL7%5eFZLxZL%2c7b%5eBZL7FZL7%2dCZL7G7LZF%5eBZL7bLZG%2d7LZC7LZF%5e7%2cLZx%20%7c%20==0=0
7f7305d4-aee8-42f8-aace-d03673c681a8,irealb://Ave%20Maria%3DBeyonc%C3%A9%3D%3DBallad%3DC%3D%3D1r34LbKcu7XFZLGCXyQ%7CQyXCSA*%7B%5DQyXCZCL/7oB%20C/FZL7C%20C%7CF/A%2021Ti*%20%2006*G%20%7D*ByXG%7CQyX-A%7CQyXGQ%7CyXF%7CQyXG%7CQyX-AQ%5D*i%3C%20C%7CQyadoC%20C%5EXyQ.D%2043*%3C%5D%20Q%2CG%20CQ%7CyXFZLsusG%209-A%7CS.%20al%3E3%20on-D%7CQyyQ%20%20*QyXF%7CQyX-A%7CQyXD-%7CQyX-A%7CQyX-DQC%7CC/EXXQyX%3E%20%2006*GXyQ%5DG%7CQyX-A%7CQyXG%7CQXyF%7CQyXG%7CQyX-AB*XyQ%7B%3C%7CQyX7no%203%3EC%5EXyQ%7CA-9%20GsusLZFXyQ%7CGXyQ%7DfCXyQZ%20%3D%3D0%3D0
7f548a06-4f44-4b48-9f7d-341a99117f47,irealb://Awakening%3DTomlin%20Chris%3D%3DPop%20-%20Slow%20Rock%3DEb%3D%3D1r34LbKcu7B%7CQyX4Eb7%2Csre%2096*%3Cv*%7B%5DQyxX%7CQyXx%7CQyXx%7CQyXe%3EEb74Ti*%5Bh%2096*yQ%7CAbyXQyXQyXQyX%5DQy7XbE%7C%7DQyX7bE%7CQyXQ%7B*C%3CX*4*bv%20oT3Ab2XyQyXbB%7C%7DQyXbB%7CQXy2bE%7CQyX*7m*C%7CQ%5D%20%3C*3%3EsuroyX*7mXyQXyXbA%3ElatnemurtsIn%2096*%3CD*%5B%20%20QyXQyQ%7CF*%3Eesre*%7B%5DQy7*XyQyXsusbB%7CQyXbA%7CyQX*7m*F%7CQyX2bE%7CQ%7CBbXm*C%7CQyX*7m%20ridgX2bE%7CQyX*7m*C%7CyQX*7m*F%7CQyXbA%3EeyQ%7CF*96*%3CBQyXbByQ%7CN1usbB2NZL%20QyXQy%7DXQyXbB%7CQyX*7m*FsXyQ%7CXbA%7CQyX*7m*69%20IXbA%3Ex4%20egdirB%20%20%2Fx2%20latnemurtsnyQ%7CC*%3CD*%7B%5DQ%7CEb2XyQ%7CBbXyQ%7D%7CfAbXyQ%5D%20%3D%3D0%3D0
7f09e9b5-dc3f-4686-9f64-da589f3ecd05,irealb://BABY%20WHAT%20YOU%20WANT%20ME%20TO%20DO%20BRIGHT%20LIGHTS%3DREED%20JIMMY%3D%3DBlues%20Shuffle%3DC%3D0%3D1r34LbKcu7yX7DZXyQKcQyX7GZL%20lcKQyXC7ZL%20x%20ZL%20x%20ZL%20lKcl%20LG44T%5BQKcl%20LZG7%2CW%2FB%2CW%2FC%2CW%2FC%23%7C%20D7%20%20%5D%20%3DPop-Shuffle%3D117%3D6
7f3eccca-0fb1-4307-a80b-c0f86b29d0b5,irealb://You%20Shook%20Me%20All%20Night%20Long%3DACDC%3D%3DRock%3DG%3D%3D1r34LbKcu7G%2CCs%7C4G%2CXy%7C%7C%2CD%2CG%2CD%2CGs%7CQy%2CXDl%7C%2CG%2CC%2CG%2CCs%7CQlGXyQ4Tv*%7BC%7CQyX%7ClDLZG%20C%7CQyXGlC*%7B%5D%20lD2N%7D%2CD%2CG%2CD%2CGs1N/BLZD%2CG%2CC%2C%2CCs%7CQ%7DY%7B*v%2CD%2CG%2CD%2CGs%7CQyXD%7Cl%2CG%2CC%2CG%2CCs%7CQyXG%7ClGXy%20B/G%20C%7CQyX%2C%7ClDLG%20C%7CQyXGC*%7B%5D%20D2lN%7D%2CD%2CG%2CD%2CGs1NZ/BLZDG%2CC%2CGLDZLDZGXyQyXQyXQyX%7D%20B/G%201CN%7CQyXDZLB/G%20C%7CQLZN2LB/G%20G%20C%7CQ*C%3C*7B/G%20C%7CQyXG%3E%29eu%20cno%20dne%20dn2%28%20%204LZDXy%7B%5D%20DZxZLxZXyQ%7CCY%20%20QyXQyX%7D%20B/G%2C%20C%7CQyXD0NZLB/G%20%7CN2DLGZLB/LZx%20%5D%20%3DPop-Rock%3D115%3D1
7f3f8396-87d8-47d6-9047-168230b96f63,irealb://Fame%3DComposer%20Unknown%3D%3DMedium%20Swing%3DE-%3D%3D1r34LbKcu77B%20%2CC4E-XyZL%20DZL%20D%7CQyX7-%7CAQyX6G%7CQyXo%23F%7CQALZN14TA*%7B%7D%20%3Ex4B7sus%207B%7CQyXD%7CQyX%2C-%7CAQyX-EB*%7BY%5D%207B%20%20%3C*332N%7D%20%2CS66*%3CQ%7CA-7yXQyXQyXQyXQyX*A%20%20QyXQyX%5D%20%2C7B%20Q%20*B%20yX-E%5Bolo%3EXyQ*BLZE-%20%3D%3D0%3D0
7fedac3e-5599-4550-99be-be0a138c7195,irealb://Chovendo%20Na%20Roseira%3DJobim%20Antonio-Carlos%3D%3DJazz%20Waltz%3DA%3D%3D1r34LbKcu7L%20%7Cr%206LZA7%20ZL%20%7Cr%20ZL%20%7Cr%20Z%20L%7Cr%20ZL%20%7Cr%20ZLsusr%7C%20LZA43T%5Bsus9bLZ%20r%7C%20sus7%23FZL%20sus97b%23FZL%20sus7%23FZL%20LZF%237%20%7Cr%20ZxZL7--7LZx/GZL7%5EDZLD/GZL%5E7D43TZL7A42TZL%20D%20LZDE%5B%5D%20%207-BZL4G7%2CLus7B%7C%5D%20%20C/FZL7C%5EZLC/FZL7%5EC43TZsLZB72TZL%20BZL*%29usLZBZL6BZLsus7BZL%2C/B7CZL7BZLsus9b7B*%28b6s7BZL7b9sus%2CLZB7LZE7susLZxLZE7b9XyQ%5D%20%3DJazz-Medium%20Swing%3D100%3D3
7fe3e09b-e244-4958-8445-57ae840418da,irealb://Somos%20Libres%3DEn%20Espiritu%20Y%20En%20Verdad%3D%3DRock%3DBb%3D0%3D1r34LbKcu7/F%7CQy4BbXyyX%2CbBA*%7B%7DQyXbEQ%7CyX-G%7CQyXF/-D%7CQQ%7CBbX4Ti*%7Bar396F/AXyBB*%7B%7DQyX-C%7CQyXEb%7CQyX-G%7CQyX-G%7CQb%20%20%3C*%7CQyXAyXbE%7CD-%29Xy%7CQyXbE%7CQyXC*%2Cb%7BE%7DQyXbE%7CQyX-G%7CQEbXyQ%28FZL%3EQyXbEyQ%7CBbE%7CQyX-C%7CQyX-C%7CQ%7DyXbB%7CQyXbB%7CQyXbXyQ%7CXbB%7CQZ%20%3DPop-Rock%3D115%3D1
7f15f43d-2623-4648-a64e-82630b593505,irealb://Bendecire%20(Alegr%C3%ADa%20Me%20Das)%202%3DHillsong%3D%3DBallad%20Even%3DF%3D%3D1r34LbKcu7F(QyX4Bb%2C*X-GS%5B%7D%20F%20E%2FCZL%20FE%2FC%7CQyXbB%7CQyXAyQ%7CG-4Ti*%7BB1N%7C%7DbXyQ%7C%7CQyXbB%7C)A%2FF(Qy-XG%7CQyXFB*%7B%5DQyXCC%20%20Q%20B%7C)A%2FoTQyXFXyQ%7DXQyX66*%3C%7CQyX-DQ%7CyX7-A%7CQyX-GC*%7ByQXyQ%7CQyXb%3EC%2C%20%3C*42Coda%3E%20S%20%7D%7BQD-XyQ%7CCXyQ%7CG-%20BbLZCXyQ%7DFXyQZ%20%3D%3D0%3D0
7f8ee8e0-cde7-4f97-8824-6fbec610a2da,irealb://Sorry%20Seems%20To%20Be%20The%20Hardest%20Word%3DJohn%20Elton%3D%3DPop%20Ballad%3DG-%3D%3D1r34LbKcu7X-GA*-7/F%2C%20-C%7CQyXhAl%7Cp%2CD-/Gp%2CbE%7Cp%2CE/6-GpD7%20%5D%7BGsi*%5B%2ChAs%20XyQ%7CFL7FZL%20-CZL%20-Gl%2C%7C7D%2ChAs%20bB%7CQyX7ZN1Bb-C%7CQy7D%20bE2Bb%2C%20E/C%20F/-GZL%23F/7%20DG/bElSB*%5B%5D%20A/FLZC-/N%7D%2C7D%2C9%237DsAh%2CDyXbEZLE/C%20F/-GLZ%23F/7D%20G/bEl%7C%2C7Q%7CC-%20%20-GZL7F%7CQyCG-XyyX-Gl%7C%2C7D%2ChAs%20Bb%7CQyX7F%7CQyX-C%7CQQ%7CC-X*%5B%5D%20QF%7CQyX*69D.X-GlA*Q%5B%5D%2C7D%2ChsA%20bB%3EadoC%20la%20.SyQ%7CC-%3C%7CQyX%5B%207D%20Bb%20sAC%20-GZL7D%20hA%7CQy-XC%7CQyX-Gl%7C%2C7D%2Ch-LZAh%7CQyX7yX-GlF%2CpG-%23F/7D%2C7Ds%20hAl%7C%2CpD/-Gp%2CbE%7Cp%2CE/6%2C%7C%2CU%2C/7-GsQZ%20%3DPop-Slow%20Rock%3D60%3D1
7fa6ca57-928d-41fa-8c7c-132d914db701,irealb://Blue%20In%20Green=Miles%20Davis%2C%20Bill%20Evans==Ballad=D%2D==1r34LbKcu7%237A%7CQ%2D6XyQ7%5EbBZL7F%207%2DCZLb7D%207%2DD%7CQyX9%237A%7C%2311XyG44T%5B6%2DGQ%7CD%2D6XyXQyXZ%20Q%20%207%2DD%7CQXy7%2DA%7CQyX31b7E%7CQyQ%20%20Y%7CQyX9XyQ%7CA7%239XyQ%7CD%2D6XyQ%7CfD%2D6%20%20%20Z=Jazz%2DBallad%20Swing=60=22
7fede089-d1bc-45ab-91e6-a2a029d4cfa8,irealb://Blues%20%2D%20Level%201=Exercise==Shuffle=Bb==1r34LbKcu7ZL%20lcb7XyQbBZL%20lcKQyX7bELZ%20x%20ZL%20x%20ZL%20lcK7XyQKB44T%5BF7XyQKcl%20LZBb7XyQKcl%20%20Z%20=Jazz%2DMedium%20Swing=100=1
7ffbb906-29c4-4f1a-ad1f-f7c45d6d4a73,irealb://Brief%20Notes%20re%20Coolman%20Book%3DJHC%3D%3DJazz%3DC%3D%3D1r34LbKcu7koob%20odd'se%20sih%20tsomla%20servoc%20hcihw%20%2CDC%20ntireT30*%3Cof%20se39Thesbus%20ton%20era%20sckart%20gnikcab%20estitut*%3C%20%3E.ton%20eXyQXyihw%20%2C44-93%20segpa%20no60*%3CQyXQyXQch%20arQyX%3Ere%20elche%20CDddoT%20rof%20tsuj%20rea%20esehT24*%3C%20%3E.'s%20Cyt%20no%20ap%20ehses%3EXilhgih%20tsuJ93*%20%3CQyXQyXQyXQyXQyght%20ticrex01%20dnu%20wanQyXQyXQyXQyXQy%3EX.kcabyalP%20ot%20t%3C*38aoy%20trI47*%3C%2C%20butiwS%20ot%20tnaw%20llu'oy%20yllautneve%20ng.%3E%20mpb%200yXQyX%20thescarT%20kcilC%20%2CeltyS%20setoN%20gnoL%20ek%3EXyQedam%20X%3E.DCyQ%20%3C*napmocca%20dna%20koob%20s'ddoT%20teG47ying%20XQyXQJ-%20.sXyQXy%20.moc.liamg@krlachkcaj63*%3CQyXQThankQyXQy%20em%20t*74%20Ic%20esaelp%20%2Csnoisteuq%20evah%20uoy%20fontac%3C%20%3ECHQyXQyQXyQX-11-4102%20NOISIEVR%5B66*%3CQyXQyXQy15%5D%3EXyX%3EtayXQyXQXyQXXQyXQyXQyXQyXQXyQyXQyXQyXQyXQyyQXyQyXQyXQXyQXyQXyQXyQXyQXyQXyQ%20%20%3C%5BREVISION%202014-11-15%5D%3E%20%3DJazz-Long%20Notes%3D100%3D1
7f107b30-b572-477d-8680-f4f9a3828a7b,irealb://Pokemon%20-%20Elite%204%3DMatsuda%20Junichi%3D%3DMedium%20Swing%3DC%3D%3D1r34LbKcu77C%20%20C%20BbLZ*m*G%7CQyXC%3Ex7%3CA%7B*%20%20QyXQyX%5D%2CG%20%20FXyQ%7D%7CC44T%5B%2C%7CCXyQZ%20%3D%3D0%3D0
7f95c5b2-eeea-4959-a643-f4d9ed1b2c41,irealb://Bye%20Bye%20Blackbird%20(L.M)%3DHenderson%20Ray%3D%3DMedium%20Swing%3DF%3D8%3D1r34LbKcu7C%207-G%7C%20%20D7obA%7CQyXA%2FFZLF%20%5E7FZL9C%207-GZL%23F%2F7XyQ%7CQyXF%5B7C%7CQyXyQ%7CGQyX7C%7CQyX7-GZL%2FGbE%206-GZLG%2FbE%20-%7CG-7X7CZL7%7CQyX-%5E7%20F67D%7CQyX5b7-A%7CQyxX%7CQyX7F%7CQyX6FZLXyQ%7CGF%7CQyX%7CQyX7G-7b5X7D%7CQyX7bE%7CQyX%7CxQyXF%7CQyX7C%7CQyXyQ%7CG-%7CQyXxG-7%20C7LZN1F%20D-7LZG-7%20C7%20%7D%7CN2F%20D-7LZG-7%20C7%20Z%20%3DJazz-Slow%20Swing%3D140%3D3
7f5606cb-4be9-46bf-8d50-3a85f0d0a490,irealb://CESH%20Type%202%20x%208%20%2d%20Down%20Half%20Step=Charts%20Practice==Medium%20Swing=C==1r34LbKcu7ZL6b%2d%2db6LZ%7d%20%3ex8%3c%20%20%2c%2dCZL6%2dbC%206%2dCZL7%2dC%206%2dC%7bB%2d%20BC%20%2dC%7b%2dbB%206%2d7LZB6b%2dbB%20%2dbB%7b%7d%20%3ex%3c8%20%20%2c%2dBZL6b%2dB%206%2dLZBb%2dB%206%2dB%206%2dAZ%2d6%20Bb6%2dAZL6b%2dA%20%2dA%7b%7d%3e%20x8%3c%20%20%2c%2dbBZL6b%2d%20A%2d7LbBZL76b%2dbAZA%2d%2c%20ZL7%2dbA%206%2dbAZL6%2dbbA%20%2dbA%7b%7d%20%3ex8%3c%20Ab%2d6%20L6b%2dA8%3c%20%20%2c%2c%20%20%3c8b%2dG%206%2dGZL7%2dG%206G%2dZL6b%2dG%20%2dG%7b%7d%20%3ex6LZG%2d%2dbAZL%20%3ex8%3cF%23%2d%20FFZL6b%2d%23F%206%2d%23FZ7L%2d%23F%206%2d%23FZL6b%2d%23%23%2d%2c%20%20%7b%7d%20%3exL6b%2dEF%2db6L%20%3ex8%3c%20%20%2c%2dFZL6bF%2d%206%2dFZL7%2dF%206%2dFZ%7d%7bE%2d%20%20%2dF%7b%7dbE%206%2dE%2d7LZb%2dbE%20%2dbE%7b%7d%20%3ex8%20%3c%20%2c%2dEZL6b%2dE%206%2dE6LZEb%206%2dEZ6%2dDZLb%2d6%20E%2dDZL6b%2dD%20%2dD%7b%7d%20x%3e8%3c%20%20%2c%2dbEZL6b%2db6%20D%2d7EZL7%2db%2dbD%20LZD%2d%2cL7%2dbD%207%2dbDZL6bb%2dD%20%2dbD%7b%7d%20%3ex8%3c%20%20ZDb%2d66b%2dD%206LZDb%2d%2c%20%20%3c8x%3e%20%7d%20==0=0
7ffa0e18-51f0-4150-af73-d102e76682e6,irealb://Cantarina%3DClaure%20Willy%3D%3DCueca%3DE-%3D7%3D1r34LbKcu7yX-AZ8C%5EXyQyX-ESA*%7B%7DQyX-%7CEQyX7B%7CQyXB%2FG%7CQKcl%20L6Ti*%7B7B%7CQyyQ%7CB7D%20-AB*%5B%5DQyX-EZ7LB%20h%23FZL%20lcKQyX7LZGXX7B%7CQX7DC*-XyQ%7CeniF%3C%20-EZL7B%20hF%23ZL%5EC%20%5EGZL7D%20-A%3E%20%20%7D%5BE%7CQyX%20la%20.yQ%7CB7-E%7CQyX7B%7CQyX%5ECQ%7CyXA%7B%5DQyX-E%7CQyX%20%3CD.SXG%7CQyFine%3E%20%20%7D%20%3DJazz-Medium%20Swing%3D100%3D3
7f63ceca-3859-48dd-84d0-89f0b92d975c,irealb://Capim%20-%20JGD%3DDjavan%3D%3DBossa%20Nova%3DF%3D2%3D1r34LbKcu7oF%7CQy4F%5E7XA*%7B%7D%20%3Ex4%3C%20%209C%7CyQX7-G%7CQyX7oF%7CQySF%5E7X4Ti*%7BX9C%7CQG-7Xy%7CQyX7obA%7CQyX7%5EBF*%7C%7D%20%3Ex4%3C%20%209C%7CQG-7Xy%7CQyX7%2C7-G%209%2311XQyX9C%7CQyX7%5EG%5B%20Q%20yXQyX%5DQyX9D%7CQy%7CF%5E7%2CbE%7CQyF%7CQyX%2C%20D-7%20lcKQyX9A%7CQyX1%2317bB%7CQyX11-BZL%2CLZC-77-AZLC%20la%20Bh7Xy%7CQyX7%5EG%7CQyX7D%7CyQX9A%7CQyX31b7E%7CQ%3CD.S.%7CQyX9oda%3EC9%2C%20%20Q%20%7DY%7BQF%5E7XyQ%7CFo7XyQ%7CG-7XyQ%7CC9%20%20%3C3x%3E%20%7D%20%3D%3D0%3D0
7f83f8f4-a1e6-45db-91e2-8d7240968912,irealb://S%C3%B3%20Voc%C3%AA%3DFreire%20Anderson%3D%3DPop%20Ballad%3DG%3D%3D1r34LbKcu7%209CZL4GXyQEB*%7C%7D%20susD%207-ALZB/G%209C%7CQyX7-E%7C-7%20D94TA*%7BD%209C%7CEb%5E7%20AZLB/G%209CZL9D%20-7EZLsusD%207-AZLF-7XyQZLB/GAZLB/G%20Dsu%7CQyX7-E%7CQyXGC*Q%7CyXQyXQyXQyX%5D%20sC9%2C%20GZLsus-7%20DsusLZGXyQ%7CE-7%20B-7LZC9%20G/BLZA-7%20DsusLZGXyQZ%20%3D%3D0%3D0
7fd79a93-7259-47a5-9972-98da656bf6d0,irealb://Chicago%20Song%3DMarcus%20Miller%20(David%20Sanborn)%3D%3DFunk%20Jazz%3DC-%3D3%3D1r34LbKcu7%20sus9%3C*74%20yXn%7CQyXn%7CQyX%3E)dr(90*%3Cn%3E401%20mpbQ%7CppG44T%5BY9-CSA-9XyQ5%237Gpp%7CQyX9-C%7D%3E%20x336*%3Csus9Gpp%7C%20%5DY%7B*Ci*%7B%5D9bBpppG9su-bEZLsus9bApp%7CyQX9-C%7D%20%3Ex336*%3Cs9XyQ%7Cp%7CQyX%7D%205%239XyQr%7C1N%7CQyX9-CZLsusG9pp%7CQyX9-CZLQyXppG7%23ZLsusCZL5%23QXyQXsus9G%7CQyX9%5EbDB%5B*%5D%20sus9Gpp2N%7CQy%20G7b9yXQyX%E0%B8%AF%2096*Kcl%20Lsus31bAZL5%239b7%20Gsus9G%7CQyX9%5EbDZXyQ%7C%3CQyX9-%7CQyX9%20%E2%99%A9%20%20%E2%99%ABx336*%3Csus9Gpp%7CyQX9-CA*%7B%5D%20Q%20%20n%3E%3E%20%7DC-%20%E2%99%AB%20%E2%99%AA%20%20n%7CQy5%20%5D%7B%3C(n%3E)ylno%20rd%2Bsb%20(edulretni%20%2030*C-9)X%237Gpp*%7BY%7D%20us)LZG(%20%20n%3EadoC%20la%20S..D%20%3C%7CQyX)9-C(n9sus)s9G(%20%7CQyX9XyQ%7Cpsus9bApp%7CQyX9-%7DC%20%3Ex336*%3Csus9GpLZEb-9-CQAv%20%20QysusLZX9-CZLsus9Gpp%7CyQX9-CZLQyX%7CrQyXyQ%7C%3CX9bBppamp%20out%3EppG7%239%235%3C*634x%3E%20%7D%20%3DBlues-Funky%3D104%3D1
7f9f9919-fc1f-4f8b-9152-373a34866d1f,irealb://Ciclo%20quarte%20%3DExercise%3D%3DMedium%20Swing%3DEb%3D6%3D1r34LbKcu7%7B%7D%20%20lXyQKcbE%7B%7D%20%20lcKQyXbB%7D%7B%20%20lcKQyXF%7B%7D%20%20lXyQKcC44T%7BQyXE%7BKcl%20%20KQyXB%7B%7D%20%20lcKQybXG%7B%7D%20%20lcKQyXG%7B%7Dcl%20%20%7DQyXbAKcl%20%20%7D%7BAXyQKcl%20%20%7D%7BDXyQKcl%20%20%7D%7BGXyQKcl%20%20%7D%20%3DJazz-Medium%20Swing%3D90%3D20
7fcb0426-b09e-4588-a77d-ba82f8a839f6,irealb://Citromfa%20%20levelest%C5%91l%3DN%C3%A9pdal%3D%3DBossa%20Nova%3DG-%3D%3D1r34LbKcu7-----44%3CBe------------------------%C5%91tezev-----Ti*%5BY7bB%207-----7-G%3E--------------------------%20LZAb-----%5EC%7CQy%20LZAbQyX7%5E-G%7CQyX-GA%5B*YZL%209b7D%2C7bB%207%7CG-7X7-GZLLG%2F7%5EF7XyQ%2F7DB*%7BYYZ%209-G%20D7%7CQyX7A%7CQyX7bB%7CF%23%20Eb%7CQyX77-CZL%20G-7%2F7D%7CQyX7-CZL7%5Eb%20Eo%23F%7CQyX7-CZLbB%20G7b9A%2F7FZXyQ%7CD7%20Eb%5E7%20%7D%7CD7b9XyQ%7CG-7XyQ%7D%20%3D%3D0%3D0
7f7a74ff-3718-432e-b09f-b0847a5a0900,irealb://Close%20As%20Pages%20In%20A%20Book%3DFields%20Dorothy%3D%3DMedium%20Swing%3DEb%3D%3D1r34LbKcu7yX7C%7C4Eb%5E7%7CQyX7bB%7CQyX7-FLZ9b7C%207hGZL7-F%20F-XyQ4TA*%7B%207-F%7CXyQ%7CBC%7CQyXG%7CQyX7D%7CQXyG%7C%2CbA%2F7bB%2CbB%20b-7XyQ7-F%7CQbAZL7G-7%20CbB%7CQyXbEZL5%237b%20B7-FZL7F%207-FZL7-7%20EbZL7bBbB%7C%2C7b7%2C%7CAbBZL7F%207-C%7CQyXF7%7C%5D%2CbG%2F7bA%2CbA%20b%20Bb%2CFE%2CbA%20C%207hGEb%5E7X%207%5EbEZL9E%207-FZ7LC%209-C%7CQyX7G%7CQyF-7LZ%7CQyX77b9LZF-7%20Bb9LZEbXyQ%5D%20%3DJazz-Medium%20Swing%3D100%3D3
7f0399c5-54ce-447f-8118-2ba61ee6e267,irealb://Cold%20Duck%20Time%20%28arr%2E%20Erik%20Morales%29=Harris%20Eddie==Funk=F==1r34LbKcu7X7bB%7CQ%7CBb7%7CQyX7bB%7CQyX7F%7CyQX7bB%7CQyX7F%7CQyXF7XyQyX7F%5BlcKQy7XyQ%7CyX7bE%7CQyX7bDZLl%20cKQyX7F%7CQyX7bEQ%7CF7XbD%7CQy%20%20Z%20=Jazz%2DEven%208ths=144=30
7f8f6dfd-1b49-49cd-8f0b-301800d3872a,irealb://Come%20Rain%20Or%20Come%20Shine%3DArlen%20Harold%3D%3DMedium%20Swing%3DF%3D5%3D1r34LbKcu77%5EF%7CQ4F%5E7XQyX7GZL%20lcKQyX-7DZL9b7A%207hE%7CQy%7CC7Xy4TA*%5B7hD(7-7%20F7C%207-G%7CQyX7-bB%7CyQX7-F%7CQyX7-bBZL7LZBhC%7CQyXB*%5B%5D%209(G7bGZL9b7D%207hAZL97bD%20)6-C(7hAZL)9-7%20C7b7E%20)lcKQyQ%7CEh7yX7E%7CQyX7-BZL%20clKQyX7-DZL9b7A%20Q%7CA7XyX7%5EF-DZL9XyQKchEZL7hB%20-DZL9bA7%207bB%7CQyX7GZL%20l7%20A7b7DZL%206XyQ%7CG-7%20C7%20Z%20%3DJazz-Medium%20Swing%3D120%3D3
7f391990-160a-41f7-89c4-b4d3922871d3,irealb://Dance%20Like%20David%20(Spirit%20Of%20David)%3DHammond%20Fred%3D%3DFunk%3DA-%3D%3D1r34LbKcu7%2FE%20G%7C4A-7XQyX7-A%7C%7CQyX7-ALZ%23G%2FE%20G%7CQyXE%7CQy%7CEXyQ4Tv*%5BZL%23G%2F-7%2CG%2FZL-A%2CB%2FG%2CCZLG%20-7DC*%7B%5D%20%2C%23C%2F7A%2CBBh7%20EAZL%23GN1A-7%2CG%2FB%2CA7%2FC%23%2C%20%7DN2A-7XyQZ%20%3D%3D122%3D5
7f959ea3-681d-459e-b202-b6f256c2e93c,irealb://Days%20Of%20Wine%20And%20Roses%20%20wm%3DMancini%20Henry%3D%3DGuitar%20Trio%3DF%3D%3D1r34LbKcu71%237bE4%3C*74%207%5EF%3E%29.srev%20yrmeogtnoM%20%20seW%28%20%20D-7LZ4TA*%5ByX9bED7b5%28-bBZL%20lcKQyX9-%7CGQyX9b7D%7CQyX%297D7XyQ%7C%7CQyX1usAZLA-7%20sZL%2C7-G%209-GZL5%23D7%207-Dl%7C%2C7As%2C7-GC9%20EhB*%5B%5DQ%7CQyX79%2CLZB%5D%205b9bC%206-bBZL-7A%207-GZL31G%2031b%5B*AF%5Eb7A%20scKQyX1XyQ%7C%20lcKQyX7-G%7CQyXb97D%7CQyX%297D%285b9DLZEb91%237bE7-A%7CQ*CA-7F%7CQyX7hBZLC/7-%20D7-Dl%7C%2C7A%2C7-Gs%20-%5E7Xy%5B%5D%20%20l%20D-7LZG-7%20C7LZF%5E7%20Ab13LZDb%5E7%20C7%235/E%20Z%20%3DJazz-Ballad%20Melodic%3D60%3D12
7fa8869e-136c-4765-afc4-f098ad6b840d,irealb://Tonight%3DBernstein%20Leonard%3D%3DBossa%20Nova%3DG%3D%3D1r34LbKcu7E%7CQyX4GaddG%7CQyX%2C7A%7CQyX%2C9ddaG%7CQyX%2C7A%7CQyX9add9%2C4TA*%5BddabBQ%7CF%23-bB/7C%7CQyX%2C9ddaBb%5B%5DQyX%2C9F%7CQyX%2C7%2CXyQ%7CyX%2C9-bEB*%5B%7CC-7/7D%7CQyX%2CD%7CQyX%2Ch%7CAQyX%2C7-C%7CQyX%2CbE%2CXyQ%5DQyX%2C9A%7CQyXKcl%20L%7CQyX%2C%5EbD%7CQyX%2C7C-ZL%2CbB/7-C%20%2ChAZBb-7%2CQyX%2C%5EZL%2C6GLZA7baG%7CQyX%2C7A%7CQyX%2Cd9daG%2CA*%2C%5B%5DQyX%2C5dd9%2C%20%2C7A%20%2CE-9%2CXyQ%7CB-7%2CXyQ%7CA-9%2C%20D7%2CLZG%5E%2CXyQKcl%20%20Z%20%3D%3D0%3D0
7f76563d-676e-409e-88e0-f2f5f448787e,irealb://Dominant%207%204bars%20by%20fifth%3Dchedeville%20jerome%3D%3DMedium%20Swing%3DBb%3D8%3D1r34LbKcu7X7bB%7C7XyQ%7CQyXx%7CQyXx%7CQyX7%7CFQyXx%7CQyXx%7CQyXx%7CxXyQC44T%5ByXx%7CQyQ%7CxX%7CQyXx%7CQyXx%7CQyX%7CxQyX7bE%7CQyXx%7CQyAb7XyXx%7CQyQyXx%7CQ%7CxXyQyX7bG%7CQyXx%7CQyxX%7CQyXx%7CQyX7bD%7CQ%7CxXyQyXx%7CQ7A%7CQy%7CB7XyXx%7CQyXx%7CQyX7E%7CyQXx%7CQyXx%7CQyXx%7CQyQ%7CxXQyXx%7CQyXx%7CXyQ%7Cx%7CQyXx%7CQyXx%7CQyX%7CxQyX7D%7CQyXx%7CQyXG7XyQx%7CQyX%7CxXyQ%7CxXyQ%5D%20%3DJazz-Medium%20Swing%3D110%3D3
7f18f739-1859-4f5f-a833-648367eb2da3,irealb://Have%20Yourself%20A%20Merry%20Little%20Christmas%20EGP%3DMartin-Blane%3D%3DBallad%3DAb%3D%3D1r34LbKcu77%5EbAZ4Ab%5E77-bBZL7-F%207%5EbALZ7bE%207-bBZL7-F%20%20Eb7L4TA*%5BL9b7CZN1BbNZLQyX%7D%207bE%207bZBL7F%207CZL7bE%207-2Gh7%20L7-F%207bE%207Bb7LZ7oB%207-CZL7bG%207b%5EDB*%5B%5D%207bA%207-bELZBb-%207-FZA*%5B%5D%207XyQ%7C-bBZL7bB%207-FZLF7%207-CZL9b7G%207hD7%20Eb7%5EbAZLZL7-FF-7LZZL7bE%207-bBZL7-%20F7%5EbAZL7bE%207-bBAb%5E7%20%207%5EbA7bE%2077b9LZC/7%5EbD%207%5EbDZL7Ab%207-bEZL7bB%207-FLZBb-C%207hGLZAb6%20F7LZBb-7%20Eb7%20Z%20%3D%3D0%3D0
7fba7cfe-a397-4267-8096-4ad58dc396b3,irealb://Four%202%3DDavis%20Miles%3D%3DUp%20Tempo%20Swing%3DEb%3D3%3D1r34LbKcu77-bAZ4Eb%5E7QyX7-F%7CQyX7bA%7CyQX7-bEZL%20lcKQyXKcl%20L4T%5BA*%5EbE%7CQb7XyQ%7CQyX7-FZL7B%207-F%23%7CQyXG%2F7%5EbE%5BB*%5DBb7XyD%7CQyX7-bEZQ%7CF%23-QyX7%5EbE%5BA*%5DQyXb7B%7CQyX7-FZL7B%207Kcl%20LyXG%2F7QyXG%2Fb7XyQC*%5DQyX7bD%7CQyX7b-AZL%20lcKQyX7-F%7C%5BEb%5E7A%7CQyXQyX7%5E%20B7LZbB%207-FZL7-bG%207G-%7CQyX7bB%7CQyX7-F7LZEb7-%23F%7CKcl%20%20Z%3DJazz-Up%20Tempo%20Swing%3D160%3D3
7f79282b-8125-44e8-803f-a68d7fcb5a24,irealb://Four%20Brothes%20From%20Other%20Mothers%3DComposer%20Unknown%3D%3DMedium%20Swing%3DC%3D%3D1r34LbKcu7bDZL-x%3EF-%20B*%7BZL%20QyXQyX%3Ex%3C8%7D%20%5EbG%207bBZL%5EbDC-%20Bb8%3CA*%7BE%20%2CbDXyQXyXQyX%7D%29E%28C%2CbE%20%2CDb1NZL-bB%20-CZL%20QyQ%20LZZLbE%20b%2CC%28E%29%7CN2F-%20%20%5D%20%3DPop-RnB%3D95%3D3
7f422eee-8dff-466b-9795-d299a16ed3fe,"irealb://Por%20El%20Resto=Verdes%20Enanitos==Rock%20Pop=A-=0=1r34LbKcu7L7-AS7LZxL%3Ex475*%3C7%5EFZL7-ZDLxZL7-A{%20xZLxZ%20}{*A-Ai*[L-DZLLZxLZ*]%207EZLsusE2N}x%20ZL7-A1NZLxZL-DBFLZxFZLxZ,G%20,sZXyQ{%2F%20%2F45*%3C2N}%207%5EFN1ZL7DZLxZL7-AC*%20%3EGsuLn,GZ.S.D%3C%7CXyQ*7-DZLxZL7-AZL7F%5EZL7-DZLxZL7-AiLZF%5E7-A,%23GFB*ZLoda%3E%20L7DZLxZL7-AZL7F%5EZL7-DZLxZL7-A]ZGsusC%20la%20%2F45*%3CD-LZG%5EF1NZL7DZLxZL7A-C*{%20QyXQyXZLn,7%20}N2ZLxZL-DZLxsus,%20ZL7%5EFZL7-DZLxZ7L-A{QyX%7C-A,%23G,GA-7LZG%3E%20%2F%207LZF%5E7%3Crepeat%20%27til%20fade%3E%20}%20=Pop-Rock=115=1"
7f284668-6273-4407-919c-3000db5c8f6a,irealb://Desafinado%20JB%3DJobim%20Antonio-Carlos%3D%3DBossa%20Nova%3DF%3D%3D1r34LbKcu7L7-GZ4F%5E7LZL7hAZL7CZL7-GLZ31GZL11%237GZLxZD7b9L4TA*%5BxZL7%5EsLZD%5E11%237%5EbGZL7%5EbGZxLZL9b7GZL9b7DZL%20%5B*AFus7AZL7-DZ11LZGAZL7-GZL9b7DZLh7AZL7CZL7-GZL317b13L%237GZLL7-BZLZA%5E7ZL7%5EAB*%5BZL31b7GbZL31GZL5%237bAZLBbo7L9%237EZ7-GZLA%5E7LZ-DZL7o%23CZL7%5ECZ1L1%237bBZLhBZL6-A7LZG7ZL7EZL7-GZLZG7%2C11%237GZLxZL7%5EFA%5B*%5D%209b7C%7C%2C31b7bGLZG7L7bAZLxZL%5EbAh7LZL7GZLobAZL7-AZ6L-bBZL%5EbBZL9b7DZxLZGZL7CZLZ%7CGbhLZC7%2CC7b9%2C%7ClF6%2CC7%235%2C%7CG%5E%20%5D%20%3D%3D0%3D0
7f235351-7909-4014-9faa-595994c7de09,irealb://God%20Bless%20America%20--%3DBerlin%20Irving%3D%3DMedium%20Swing%3DC%3D%3D1r34LbKcu7%20ZL%20l4%3CGod7CZL7C%20G/7CZL7%23oG%20A/%5EF%7CQyXF%3E%20%20XyQKc4TA*%7Cug%3CZLlove%3Epp%7CQyXbB%3Ereh%20eids%3C%7C%5DQyX7F%7CQyXFG-7b5%3CZL%20xlcKQyer%3EF/voba%3C%7CQyX7C%7CQy9XG%5BZL7-Dpp%7CQyXCe%3EF6Xh%20ediO%3C%7C%5D%20B%3CmouyXF%3Eseirarp%3CZLl%20cKQyX7C%3EsniatnQKcl%20*%7C%5D%20%20XbB%3Ed%3EC7Xy%7BY%5D%20A/7F%20G/-C%5Bb%20G/bA%207FZL%20lcKQ*C%3CGosnaecws%3C%7CQA%20C7/%3Eemoh%3CZL7-GppZ-LDl%2C%23C/7A%2CFsZLEF/CXy/F%7CQycKQyX7XyQ%7CQyXQyX%7D%20A/7F%20G-/CZL%2CbG/bA%207F1N%20LZUFC%3Eteel%20%20%5D%20%3DJazz-Medium%20Swing%3D220%3D2
7f90a9a9-4ab5-4383-b0a1-db56b01032e2,irealb://Gole%20Yakh%3DYagmaei%20Kourosh%3D%3DIranian%20Pop%3DA-%3D0%3D1r34LbKcu7DZLxZ4A-LZxZL-AA*%7B%20QyX%7D%20ZxL-EZL-AZL-DZLGLZE-L2Ti*%7B%2F-EZLLZx%20%7D%7B%20%20%7D%20xZLEZL-DZxLZLFZLxZLEB*%7B%20%20*CA-%2C-AZL-ED*%7BQLZxLZ%7D%20xZLEZLFZLGZLA-ZL%20ZLxZL-AZLbBXyQXy-AZLBs%2CGfZFLZxLDZLFZL-A%3E%5DE%5B17%3C*%7B%7D%20xZLEZLFZLGZ-LZELZLxZLZL-DZF%2C%7CE%2CA%3E%5D%20)latnemurtnsi(%20E%5B17*%3C%7B%7D%20x%7C-LZFLl%7CppnehT%20.LZF%2CLi%20tpecxe(%20%2Cecitw%20yalP%3C%7D%20xZL%2CEZntro)%2CGZLE%20dna%20nd%20tia%20%5D%20)latnemurtnsi(%20E%5B%20yalp%20%2Cemd%20liboces%20fadeout%3E%20%3DPop-Reggae%3D80%3D2
7f8dcd26-b18d-4407-afb5-16b68a234c14,irealb://Green%20Eyes%20%28Eb%29%3DMenendez-Utrera%3D%3DMedium%20Up%20Swing%3DEb%3D%3D1r34LbKcu7X7-F%7C4Eb%5E7E%7CQyX7%5EbEZLQyXr%7CQyX%7CQyX6bE%7CQyXo7XyQ4TA*%5BF%7CQyX7XyQ%7CC%209bD%7CZLQyX%7CrQXy%7CQyX7bB%7CQyX7-F9LZF7bB%7CQy7C%7CQy%7CBb7XLQyX%7CrQyX%7CQyX6Eb%7CQyX7%5EbEB*%5B%5DQyZGh7XQyX7-yX31C-7%20C7%206bE%7CQyX31bD%7CQXy7%5E-bA%7CQyX7-FZLGh7LZF%7CQyXyX31bXyQ%7CB6bEQ%7CYZ%207bB%20%2C7F-%7CQyX6bEZLQ%20%207bXyQ%7CD7F%7C%7CQQ%7Cr%7CLZr%7CLZfEb%5E%2CUXyQ%5D%20%3D%3D138%3D0
7fd30c70-0719-423c-8d88-8f98600f3333,irealb://Growling%20Old%20Man%20and%20Woman%3DTraditional%3D%3DReel%3DA-%3D%3D1r34LbKcu7%7B%7D%20%2C-Q%7CGXyyX-A%7CQyXG%7CQyX-ZAL%2C-A%20G%7CQyX-A%7CQQ%7CG%20AyX-A%7BAXyQ%7CGXyQ%7CAXyQ%7CGXyQ%7CAXyQ%7CGXyQ%7CA-XyQ%7CE-%20A-%2C%20%7D%20%3DPop-Bluegrass%3D220%3D3
7f0f3c4d-e685-412d-a06f-ab46161a25ea,irealb://Improvisa%C3%A7%C3%A3o%201%20-%20II-SubV-I-VI%20Maior%3DComposer%20Unknown%3D%3DMedium%20Swing%3DC%3D%3D1r34LbKcu7%20%20x%7CQ-7XyQ%7CQyXx%7CQyX7%5EC%7CQXyx%7CQyX7bD%7CQyXx%7CA-7XyD44T%7BLQyXZ%7DXyQLLQyXZLQyXZLQyXLZQyXZLQyXZLQyXZZXyQL%20%3Ex9%3CLQyXZZXyQLLQyXZLQyXZLQyXLZQyXZLQyXZLQyXZZXyQLLQyXZLQyXZZXyQLLQyXZLQyXZLQyXLZQyXZLQyXZLQyXZZXyQLLQyXZLQyXZZXyQLLQyXZLQyXZLQyXLZQyXZLQyXZLQyXZZXyQLLQyXZZXyQ%20Z%20%3DPop-Virtual%20Funk%3D90%3D30
7f3e877e-f457-4a15-b929-bf15734c8ef0,irealb://Hopelessly%20Devoted%20To%20You%201%3DFarrar%20John%3D%3DShuffle%3DA%3D%3D1r34LbKcu7CZL%2CA*57InLxZLAZLxZL-DZLZAL-DZLAZL-D%3EortZ%7BS*A%3C21T%5B%23C%7CQyD%2CLZx%7CQyX%2CAZL%2C6AZL%2C%5E7AZL%2C7EZL%2C7-BZLF%237%2CXZL%2C-%23E%20%2C7-XyQ%7CF-Cs%20%20%2C7-%23CZL%20lKcQyX%2C7-B%7CQyX%2C7%237%2C%7ClB%2CG/7hcKQyX*BD-%2C*ZL%20lcKQyX%2CAZLG%2C/W%20%2CF/WZL%2CE/W%20CG-7%2C%5B%7D%20%2C77-G%7CQx%20LZC7D%7CQyX%2C7oA%7CQyX7%2C%5EF%7CQyX%2CF%7CQyX%2C7b9%2CXy%20ZL%20l%2CB/W%7Ccl%20LZ/W%7CQyX%2C%23C/W%7CQy%2CX-D%7CQyX%2C7CZL%20x%20C%2CXyQKQyX%2ClcKQy-7%2CXyG/W%20%2CF/WZL%2CE/W%2C%20-DZLQ%20%20%2C9b7C%7CQ%2C%20A%2CXG%7CQyX-bBQZ%20al%20CyX%3E%20%20%29taeper%20o%28N%20%20QyX%3C%20%5B%20%20%3EadoQXyQL.S.D%3C%2C%20W/C%2CLZW/C%23%2C%20W/Eb%2CLZF%2CXyQKcl%20%20%5D%20%3DPop-Rock%2012/8%3D75%3D3
7f6dd5dc-430e-46f7-b179-6b539f9efdbd,irealb://Hound%20Dog%3DLeiber-Stoller%20(Elvis%20Presley)%3D%3DBlues%3DC%3D0%3D1r34LbKcu7%20lcKQ44%3C*7L%20x%20ZL%20x%20ZL%20lcQKyXC%3E771%20mpb%20%204ZF7XyTA*%5BYQyXQyQ%7C%20%3C*yXQyX%3C7F%7CQyX7GLZQ%20x%3E%3Ax%20ht8%20%2096QXyQXyXCZL60*%3CZXyQ%20%E2%82%8360*%3C%20%3E%3Aolos%20%209*6%3C%20%3E%E2%82%83%20QyX%E2%82%83%20%20QyXdr%3A%3EL%E2%82%83%20QyX06*%3C)%20%20%D0%A8%20%20%20QyX%E1%8A%95%20QyX%E1%8A%95%20QyX%20%E2%99%A960*%3C%7CQyX)C(n%3E%D0%A8%2F%3En(C%D0%A8%20%20%D0%A8%20yX%C2%B3%20Qreak%3EQyXQyX75*%3C%20%20nln%7Cpp%2C7GsQ%7CYY%5DQyXXyQXyb%20QyXG%2FWs%3EQ%20%C2%B3%3EL%E2%99%A9%20%2047*%3C%7CQyXn%3E%D0%A8%20%20%D0%A8%20%20%D0%A8%20%20%E1%8A%95%20%2047*%3CZXyQ%20%E2%99%AByX%C2%B3%20Q%2C%3C*54XyQ%20%EF%B8%B6%3EDb9%2CC69%2CfpZ%20%3DBlues-Shout%3D177%3D8
7ff26867-49c7-4616-bb13-37da7b6f1024,irealb://I%20Remember%20Clifford%20(Art%20Farmer-Benny%20Golson)%3DBenny%20Golson%20(Jazztet%20with%20Art%20Farmer)%3D%3DBallad%3DEb%3D3%3D1r34LbKcu77obA%2044%3C*7bA%2FW%2031dda7bB%7CyQX%5EbA%3E16%20mpb%20%204LZG13Ti*%5BYQyX%5D%20%2CBb-77bB%20sus9bB%7CQyX-9Fl%7C%2C9-bG%2C7-bA%2Cb9sus-CsZL-CZL7Y%7B*AEBZL7oA%20%5EbAl%7C)57%23G(5%237G%2C31Gs%20%5Ebb6%20Bo%20%20QyX5%239b7LZN1A1A(9b31As%20hEZL%2FFW%207-GZL%2C9b7D%20h3b9)AbB%2FW%20%2C11%2397%20sBbhGZL%2C9b7D%20hAl2%7CN%7D%2C9b31bB%2Csus31%20sC7b-Fl%7C%2CGsZL9%7ClF-7AB*%5BY%5D%20%5EbA%207-G%7Cl%2CbA%2FW%2C9b31bBs%20h%20D7b%2C9b7C1G(9b3%2CC7bhD%7CQyX9%5EbEZL113%231bB%207-Fl%7Cp%2C5%239%20sG131C%2C7-%2C31C%2C7b9%235L9b7D%20hAl%7C%2CbB%2F-7C%2CB%2F%5E-Cs%20-Cl%7C%2CZsG-7G)9b36bBZLb13b9bAl%7C)5%237G(5%237G3%2C1Gs%20%5EbElA*%5BY%5D%2C%5E%20Ao7B%2C7-F-Fl%7C)ZC-%20W9b7C%2C11%239b7Cs%20GhZL9b7D%20hAZLbB%2F(C7b9L7oB%20B%7CQyX7b9%235rtuo%2047*%3C%5BY%5D%20%23%2FF9B%207-Gl%7C%2CbA%2FW%2Co%3EF-7bBs%209yX9-F13%20W%2FbG%2C7-bA%2C7-bB%2C-sCZL7obA%2031GZLbA-9%2C%7Cldda7bQ%7CBb9sus%20Bb7b9LZfUEb%5E9XyQZ%20%3DJazz-Ballad%20Swing%3D61%3D1
7f4af0f7-92d1-481f-b868-963717a40b21,irealb://I'll%20Keep%20On%20Loving%20You%3DTillman%20Roy%3D%3DMedium%20Swing%3DC%3D%3D1r34LbKcu7QyX7G4CXyQ1NZL%20lcKQyX7GZ%20LlcKQyX7DZL%20lcKCXyQ%7C4TA*%7ByX7DZyQ%20LZQyXFZL%20lcKQyX7BC*%5B%5D%20%20lcKQyXC2NKcl%20LXQyX%7DcKQyXLZG7XlcKQyX7DZL%20lcKyQX%2CCA*%7C%5D%20%20lcKQy%20LZG7%20lcKQl%20LZCXyQKcl%20%20%5D%20%3DJazz-Medium%20Swing%3D120%3D3
7f5d313a-c408-4ae1-b24d-51d72e3fc146,irealb://Ii%20V%20I%20Practice%3Dtranefreak%3D%3DMedium%20Swing%3DC%3D%3D1r34LbKcu7X%7CQyX-7XyQyX7C%7CQyX7-GZLQXy%7CQyX7%5EC%7CQyX7G%7CQ%7CF%5E7D44T%5BX7%5EbEC-7XybB%7CQyX7-FZLQyXQ%7CyX7%5EbB%7CQyX7F%7CQ7XyQ%7C%7CZLQyQyX7bQLZBb7-bEZLQyX%7CQyX7b%5EA%7CQyX7bE%7CQyX7-XyQ%7CAyX%7CQyQyX7-XyQ%7CXyX%7CQyX7%5EbG%7CQyXb7D%7CQyX7-bA%7C%5D%20QyQLZC%237%5EbD%7CX7-BZyQ%7CB%5EQyX7%5EE%7CQyX7B%7CQXy7-%23FZLQyX%7CQyX7%7CXyQLX7%23F%7CX7-AZXyQ%7CAQyX7%5ED%7CQyX7A%7CQXy7-EZLQyX%7CQyX7%5E%7CXyQL7E%7CQyyQ%7CD7XyQ%7CG%5E7XyQ%7CXyQ%20%5D%20%3DJazz-Medium%20Swing%3D100%3D3
7f807af8-07b7-4735-bcc5-64d33938602f,irealb://Il%20Camino%20%2D%20Rimes=Romano%20Aldo==Waltz=D%2D=5=1r34LbKcu7X11%2DD4D%2DXyKQyX9b7AZL%20lcKyQX9dda%2DGZL%20lcKQcl%20LZ5TA%2A{X9b7A%20LZD7KQyX7CZL%20lcKQy1X1%2DGZL%20lcKQyX9bcl%20LZlcKQyBZL%20l%20%20}{%2A7A%7CQyX7A%7CQyXsu7sAZL%20lcKQyX7%5EDBXyQKclcKQyXD%7CQycl%20LZyX%2DE%7CQyX7B%7CQyX%2D7%23F%7CQyX%2DG%7CQyX%2DEQ%7CA7XKQyX9yQKcl%20%20}%20=Jazz%2DMedium%20Swing=240=3
7f81497d-cabb-4c54-9fac-e66015862fe8,irealb://Smooth%20Operator%3DSade%3D%3DPop%3DD-%3D%3D1r34LbKcu7QyXQy44D-%20yXQyX%7D%20-A%20-GZLA-%20-DZL-A%20-GZL-AQXyQXTA*%7BY%7CQyX--XyQ%7C-G%7C%7D%20B/-D%20C/-DLZ%23C/-D%20-D%7CQyX-AXyQ%7CAGB*%7B%20yX%3Erattro%20%20...%20onaiP.E%3C%5DQ%20yX%7CQyX%3Etoor%20nogay%20buO%3C-DQXyQXyQXyQXyQ%20%3CCould%20play%20sax....%3F%3E%20%3D%3D0%3D0
7f113fa0-243f-440c-afc7-e56a0ad5c64a,irealb://Jes%C3%BAs%20En%20Casa=Toledo%20Lourdes==Medium%20Swing=D=9=1r34LbKcu7yXbB%7C4G%2D%20E%7CQyXDA%2A%7B%5DQyXDZ%2DLC%20%2DGZLbE%20%2DGZLbG%2DXyQ4Ti%2A%5B%C3%A9ratnQ%7CDXy6%2A%3CB%2A%7BQyX%2DG%7C%7DQXyD%7CQyXD%7CQyX%2DG%7CQ9%20%20CayXF%7CQ%3EC%20oTu%20amo6%2A%3C%2DG1NZL%2CQ%2C%20%20%7CFQyXbB%7CQyXbE%3E%E2%80%A6r3XyQ%20s%20ed%20yXbECN2G%2D%20%3EA%20oTQyX66%2A%3CFZbLE%20%2DGZLF%20bBZLbEXyQ%7B%2A%7B%7DQyXQ%7CBbXyQ%7CFXyQ%7CG%2DXyQ%7D%2CQ%2CG%2D%20EbLZBb%20C%2DLZG%2D%20EbLZFXyQZ%20==0=0
7fee8ade-ce19-4fc2-9bb6-d580432c5d87,irealb://Jingle%20Bell%20Rock%3DBeal-Boothe%20(Bobby%20Helms)%3D%3DMedium%20Swing%3DD%3D%3D1r34LbKcu7L%20lcK44%3C*7L-%23F%20D%3E)leef%20ginws(%20121%20mpb%20%204ZDXyQTi*%5BYbE%206D66bs%20DZL7-%23F%206DlSA*Y%7B%5D%2C-E%2C%23F%2FD%2CG%3Eni6XyQ%7C*%3CnsZyXQyX-7%20A9%2Csus9A%7CQyX7-E1ZNL%20x%20ZL9A%207-EZL%20A9%20%7DEZL7o6D%7CQy2E-7%20%7CQyX6GlB*%5B%5D%2C%23FD%2F%2C7-E%2C6D%2CDsZL7AG%23o7XNZL%20QF%2FD%2CGl%20LZEo%20sb(96*%3CnsZL%20ln%2C7AsZL%20lcKQyX7nly)%3EcKQyXyX6G%7C%5DY%5B*Al%7C%2CC%2F-App%2C6Ds%7CyQX%2C6DZL7-%23F%206DlB7XyQ%2C-E%2C%23Y%5D%2C-E%20%20QLZ%2CG%2CDs%3EadoC%20la%20S..D%2096*%3CZL7A%209ED%2FF%23%2C6-G%7CQY%5BQlE9%20A7LZ%20x%20LZ%20x%20LZD6XyQKcl%20f%20Z%20%3DJazz-New%20Orleans%20Swing%3D121%3D1
7f55ae68-ea8b-46db-8854-b027e5b0a4bf,irealb://Johnny%2C%20I%20Hardly%20Knew%20Ya%202%3DJoseph%20B.%20Geoghegan%3D%3DJazz%20Waltz%3DE-%3D%3D1r34LbKcu7r%20ZLn4E-LZ%20%7Cr%20ZLnZL%2C-E%5B%20Q%20yXQyX%5D%20%20%7Cr%20ZLnLZDLZ3Ti*%5BZLnZL-LZnLZLDZLnZL-EZLnZ7LBZLnZLGZL%20%7Cr%20ZnLZC%2CEZL%20%7CB7LZnLZE-LZDLZCLZB7LZE-LZnLZ%20r%7C%20%20Z%20%3DJazz-Guitar%20Trio%3D140%3D1
7f6e6a2d-c7b6-4099-90fc-fc9240ab4cee,irealb://Julia%20Dream%3DRoger%20Waters%20(Pink%20Floyd)%3D%3DPop%20Folk%3DA-%3D%3D1r34LbKcu7X-ASA44%3C*7%20x%20ZL%20x%20ZL%20lcKyQX-A%3E411%20mpb%20%204%20%5DY%7B*Ti*%5BY-AB*%5B%20LZC%20xZL%20-AZLE%20CZL%20D-ZL%20-A%7CQyX-AZLE%20Q%20%5DYlcKQy%20G%7CQy%20LZC%20yXF%7CQyX-B%7CQyXG*C%5BY%7D%20%20xZL%20-AZLEQ%7CA-X-DZL%20yX-D%7CLZF%20LB*Q%7BY%5D%20%20x%20%3Eado%20Cla%20.S.D%20%3CZL%20DZA-XyQ%20-BZLQ%7CC%20ELZ%3CXyQ%20%20vamp%20out%3EA-%20%20%3C*636x%3E%20%7D%20%3DPop-Rock%3D114%3D1
7f894bda-bbd1-4f95-bb80-bef3aa101f7d,"irealb://Just%20The%20Two%20Of%20Us=Withers%20Bill==Slow%20Soul=C-=3=1r34LbKcu7%207%5EbAAb%5E7%209bD%207%5EbAZL7bE%20%5E7EZL7F%207%5EbGZL7G%20}{*As44T{-CZL7-7,%20sA%7CQyX7-CZL5%237G7%20%5EbA%7C,5b7A,7-bBb%5E7%20GCZL7GB,7-B7,Eb7L7G%207%5EbAB*%7CQyX-7CZL5%237G%207%5EbA%7C,ZC-7,-bB%2077-bB,7b5,%7C-CZL7G%207%5EbAZL7%20F7-CZL5%237G%207%5EbA7,B-7A,7-b%5EbGZL,%7CAb%5EbA%3EgnidnE%3C44T{%20}7F%207-CZL5%237G%207%5E7%20G75b7A,7%20F7LZE%5E7%20Eb7LZAb%5E7%20Db9%20}%20=Pop-Soul=95=0"
7faf01da-f11f-4600-aa56-99068e34fd98,irealb://Dominant%207%20Workout%3DExercise%3D%3DMedium%20Swing%3DC%3D%3D1r34LbKcu7ZL%20lc7XyQKbEZL%20lcKQyX7bBLZ%20lcKQyX7FZL%20lc7XyQKC44T%5B7EZL%20yQKclX7BZL%20lcKQyX7bZGL%20lcKQyX7bDZL%20yQKclX7bA%7CXyQKcl%20LZA7XyQKcl%20LZD7XyQKcl%20LZG7XyQKcl%20%20Z%20%3DJazz-Medium%20Swing%3D45%3D0
7f744eea-d777-4e00-bc9b-8391572ac854,irealb://Kenny's%20Sound%3DBurrell%20Kenny%3D%3DUp%20Tempo%20Swing%3DBb%3D10%3D1r34LbKcu7LD%2F7b4Bb6%20ZL7F%207-CZL7-G%20-7DZL7F%207-CZL7-GBb7%20B4TA*%7BB2N%7CQEo7LZBZL%20QyXQyX%7D%207F7%20-C1NZL7G%20F%2F6bBb%5E7Xy%207bEZx%2C7bA%5D%5B*BF-bEZL%20lcKQyX9%5EEb%7CQyX%2C7bB%7CQyX7-7XyQ%7CQyX6bCZL7-%5E7XyQZL7F%207-CZL7-G%20b6BA*%5B%5D%207F%20%2C7-C%7CD-7%20GbDZL%20%3E.C.DLZBb7BZL7F%20F%2F6bBZLQ7%2CoE%207bEZLD%2F7bB%20b6%20%3C%207F%207-F7%20Z%20%3DJazz-Up%20Tempo%20Swing%3D240%3D3
7fbca82a-a2c6-42b9-ac5f-7310f4fa362c,"irealb://Le%20Lundi%20Au%20Soleil=Franck%20Thomas,%20Jean%2DMichel%20Rivat==Medium%20Swing=A%2D==1r34LbKcu7%2DA%7CQy%2DXyQ%7CXG%7CQyX%2DD%7CQyX%2DA%2AA[%20%20QyXQyX]QyXxyQ%7CCXA44T[E%7CQyX%2DXyQ%7CyXF%7CQyXC%7CQyXG%7CyQX%2DD[]QyXE%7CQyXBQ%7CB%2D7D%7CQyX%7CQyXx%2DXyQ%7CC%2A{QyXQyXQyXQy]XQyX7E%7CQyXsus7EAXyQ%7CA%7CQyXyXD%7CQB%2DXyQyX7E%7CQyX7%2DB%7CQy%2DX%23F%7CQyX7E%7CQyXE%7CQ%7CAXy%7CQyXxQ%7CB%2D7XyQ%7CC%23XyQ}%20==0=0"
7fb9dabd-4407-4438-8a4f-c6add9148522,irealb://Little%20Ghetto%20Boy%3DHathaway%20Donny%3D%3DSoul%3DF%23-%3D%3D1r34LbKcu7-%23C%7CQ-9XyQFA*%7BZQyX9-%23C%7CQXy11-%23F%7CQyX9-%23C%7C%23-9Xy%23Fi*%5B%7B%20QyXx%3E%20%7DF%23F%7CQyXA%7CQyX7-%23%7CFQyX7-%23C%7CQyX7-%23-XyQ%5D4%3C%20%209%20%207-%23%20ELZC7-%23FA*%7B%5DQyX7-%23%7DFQyX7-%23F%7CQyX7-%23XyQ%7CC7-BB*%3Ex3%3C7%7DF%23-7-%23CZLE%207-BSC*%7B%20%5D11%239C%207-%23C%7CQyX7%20F%23-%20%3Ex3%3C%7CQyX7-7%2C%20E%5D%20x%3E.dnE%20dn2%20l%20a.S.D%3CZL7-%23FZL%2C%7CN2B-B1N%7D%20%3Ex8%3C7%23XyQ%7C-%23CZLE%207-BC*%7B%5D%2C%209E%20%2C-%23F%7CQyX-%23F7%20F%23-C%2F7%5EG%20%7DB-7XyQ%7CfUG%5E7%2FC%23XyQ%5DXyQXyQ%20%3C*57or%20ad%20lib.%3E%20%3DPop-Soul%3D95%3D1
7fd074be-78af-4a3a-9776-1e005dcc0469,irealb://Love%20Won't%20Let%20Me%20Wait%3DWayne%20Smith%20Delphonics%3D%3DModerately%20Slow%3DEb%3D%3D1r34LbKcu7%7B%5D%20*s-9%20F9%207-bDZL%2C31G%20%2C7D-ZL31bA%209-bEsZLGb*13Csi*%5BC%7BZL7los%20oDZL9bE%209%5EbBZL9%20F9-C%7CQyX9-C%3EA%20n-7%20G-oS%3CA*%7C%2C7-D%7CC-9%209-CsB*%5BZL7-G%207D-ZL9bE%209%5EbBZL9F%20C-7%2CQyX9--C%2C7-Ab13LE%7CQyX9-CZL%2C7G%20b57-DZL9bE%209%5EbBZb%5E7%2CD%209-bEL7G%2075%2C%7CBbX7%5EbD%7CQyX9-CQ%7C%20%7DQ%2C7G%207-D%7CQyX9%5EyQ%7CD-%237F%2C7ZC-9XyQ%7CDb%5E7XyQ%7CC-7XyQ%7CfBb%5E9XyQ%5BXyQ%20%3CSolos%20on%20A%3E%20%3D%3D0%3D0
7f450f7d-d04e-467c-b542-d610fb0b208e,irealb://Me%20Amaste%20A%20Mi=Declario%20Christine==Worship=D==1r34LbKcu7divlo4D%20A%2F6%2A%3CA%2A%5B%5D%20A%20%2DBZLC%23%2FA%20DZLA%20%2DBZL%23C6%20no%204Ti%2A%5BX%2DEZL%2E%2F%20tu%20A%2FD%20%7CQyXx%7CQyX%3ED%2E%2E%2Eoicifircas%20LZ%20x%20%2E%2Eera%2DE%7CQyXyQ%7CD%2Eoma%20et%20y%2066%2A%3C%2AB%5B%5D%20A%20%2DBZL%23C%2FA%20%2E%2E%3EGX%2DB%7CQy%2066%2A%3CXyQ%7CBA%20%2DBZL%23C%2FA%20D%7CQXysusA%7CQyXG%7CQyX%2D%20%5D%5B%2ACD%7CQyX%20A%20%2DBr%29%20meZLA%20%2DBZLG%20D%3E%2E%2Eo%2Eremirp%20etsama%20D%20GLZetni%28LA%20%2DB%2A66%20%20DZLA%20%2DBZL%2DE%20D%3E%2E%2E%2Eedeup%20em%20adan%20E%2DLZ%3CD%2A%5B%5DZD%20E%2DLZB%2D%20ALZGXyQ%7CE%2DXyQ%7CGXyQ%7CAXyQ%5D%20==0=0
7fa7c2ee-ec7d-40fe-9e1f-ae3782345d34,irealb://Mente%20Cuore%3DD'Angelo%20Nino%3D%3DPop%20Ballad%3DF%3D%3D1r34LbKcu7%20-AZL4F%5E%20GbB%7CQyX%5EbBl%7C%2C7F-%2CCs%20%5EF%7CQyX%5EFZL-/G%20C74TA*%7B%2C7F%2C--%20sC72N%7CQyXQyXQyXQy%7DX%207CZL%5EFl1NZL9bF%5E%20sCGZL-D-D%20-ABb%5EXyoBl%7C%2C7F%2C-Cs%20-DLZ-A%20-GZL-D%20-A%7CQ%20E7LZlB*%5B%5D%2C7F%2C-G-%20C7%7CQyX%5EFZL-G%20%5EFl44TA*%5BY%5D%20xZL%5EF%5D%20F%5E%20sCZLbA/bBlB*XyQ%7CBF%2C-Cs%20%5EFZL7C%20-ZGL-D%20-AZL7C%20G/b7%2C%5DY%5B%5EbBl%7C-GZLbA-%20D--AZL7E%20oBl%7C%2C7F-%2CCs%20-DZL-A%20-GZL%20D-/A%7CQyX%5EL-A%20-F%5E%20sC%20-A%7CQyX%3EoloS07%3C*%5EbBlC*%5BY%5D%2C7F%2C-D-LZGZL7C%20ZD-%20sC-%2CF7%2C%7ClBo%20E7LZA-%20D-/AbLZG-%20C7%20Z%20%3D%3D0%3D0
7f9175f6-7855-4ef6-9a81-63e021fc28a2,irealb://Mente%20Cuore%3DD'Angelo%20Nino%3D%3DPop%20Ballad%3DF%3D10%3D1r34LbKcu7ZL7C%204F%5E%20GQyX%5EbBl%7C%2C7F%2C-C%20s%5EF%7CQyX%5EFZLF%2F7-%7CBb%2FG4TA*%7B7F%2C-CLZG-%20N%7CQyXQyXQyXQyXQ%7DyX%5EFl1NZL9b7Cs2F%5E%20s-D%20-A%207AZLlBb%5EXl%7C%2C7F%2C-Cs%20-DZLA7%20-GZL-D%207-A%7CQyBo%20E7B*%5B%5D%2C-Cs%20%5ELZG-%20%5EFZL-G%20%5EFl44TA%5B*YZL7CZL7%5EF%5D%207CXyQ%7CFbA%2F-D*%5BY%5D%2ClBb%5EXs%20%5EFZL7C%20-GZL-%20D-AZL7C%20G%2FbB%7CQyC-%2CF7%7C%2C7F%2CA%2F-D%20XyQ%7CAE%20oBl%7C%2C7F%2C-Cs%20D-ZL7A%20-GZL-D%207-7LZA7%5EbBlBZL-D%20%20C7LZyX%3EoloS07*%3C%5EbBCl*%5BY%5D%2C7F%2C-Cs%20%5EFQ%7CA-7-GZLbG-%20A-LZD-%20sC-%2CF7%2C%7ClBo%20E7LZA7%20D-%2FAbLZG-%20C7%20Z%20%3DPop-Slow%20Rock%3D71%3D1
7f4f20c5-5ea0-4cd2-8d5f-e80c645b468f,irealb://Moanin'%3DTimmons%20Bobby%3D%3DMedium%20Swing%3DF-%3D%3D1r34LbKcu7eniF%3CAn%20BbyXZLQyX%7CrQyXZLyQX%7CrQyXZL%20n%2CFZLQr%7C%20%20*44T%7BA%207-b*BBb-%209b7F%7CQyX7-FZL%2397C%209b7GZL9bA%207B7LZB%5B%7D%20%20%3EoS%20%3CA7b9XyQyX9b7C%3EeniF%20l%20a.C.D%3C%7CQyX7hG%7CQ%5DY%7BS*GZL9b%20%20%7CrQF-7%20AyX%7CrQyXZLQyX%7CryQXZL9b7C%207GZL7bQLZXy%3E:solBZL7B%3E%20%20%7D%5B%7CQyX7-FZL9%237C%20b97GZL9bA%207-bBB*F7b9%20eniF%3Cb-7%20Ab9LZG7b9XyQ%7CGh7XyQ%7C%3CD.S.%20al%20Fine%3EC7b9XyQ%5D%20%3DJazz-Medium%20Swing%3D133%3D30
7f85b317-a245-497d-aa6d-f32233ddb313,irealb://Monsters%20Inc=Newman%20Randy==Medium%20Swing=Eb==1r34LbKcu77%5EbA%7CoXyQ%7CE%7CQyX6bEA%2A%7B%5DQy7XbB%7CQyX7F%7CQyXoCb7XyQbEi%2A%5ByX7bEb%2D6XybE%7CQyX7bB%7CQyX7%7CFQyX7C%7CQyX6bE%7CQ6XyQ%7CA%7CQyXE%207FZ7XyQ%7CE%20bEZL7bB%207FZLC7%206bE1N%7CQyX6%2DbAb7%2FGL%5EbA%7CQ%5EbAB%2AN2Eb67bE%207%2DbB%5BQyX7%5EEbZL7bB%207FZL%2C7C%20susLZ%7C%7D%207%5EbEZL7A%2D7%20DFZL7%5E%2DF%20%2DFZL7C7%20%2DGZL7%5E%2DG%20%2DGZL7%2D7%20Bb%7CQyX7C%206bEF7%20Bb%2DbA%7CQyX7%5EbA%7CQy7XbE%7CQyX6bEA%2AZL76XyQ%7CZL7C%20%20ZLn%20%20Bb7LbB%207FZL7C%206bEZ7LbB%207FZL7C%206bEZ7LZEb7FZL7n%20%20%5D%20=Jazz%2DUp%20Tempo%20Swing=240=0
7f2f5741-9b74-45ec-af19-0a990cb53d12,irealb://Mustang%20Sally%3DRaschiatore%20Gianni%3D%3DRnB%3DC%3D%3D1r34LbKcu7lcKQy4%3CIntoV%3CA*%7B%7D%20%20x%20ZL%20%20xZL%20lcKQyX7C%3Eorx%3EC7X4TC*%7Bx%20ZL%20%20LZ%20xX7FC*%7C%5D%20%20x%20ZL%20%20xZL%20lcKQyX7CZL%20yQKclx%20ZL%20A*%7C%2C%23%20%20%5D%7C*QyX7GB*%7C%5D%20%20x%20Z%20Lx%20ZL%20lcKQyX7CAKcl%20Fx%20ZL%20%3CBreak%3EF7%2Cn%20LZ%20n%20%20%5D*DC7XyQKcl%20LZ%20x%20LZ%20x%20%20%7D%20%3DPop-Soul%3D110%3D3
7f9a9fd8-19b1-4d35-bbff-67a1c919ecf7,irealb://Mysterious%20Ways%3DU2%3D%3DMedium%20Rock%3DBb%3D%3D1r34LbKcu7bBv*%5B4%3CGtrZL%20x%20ZL%20lcKQyXBb%3Enoissucrep%20%26%20%20x%20%20%7D4Ti*%7BQyXbBbXyQ%7CF%7CQyXbB%7CQyXbE%7CyQXbB%7CQyXF%7CQyXbB%20BbLZE%7CQyXZL%3EemQ%7CBbX2%3C%20%20bD%7CQyXbE%7CQXybBC*%7B%5DQyXbE%7CQynd%20tiyXbE%7C%20x%3E2%20Q%20To%20%3C%20ZL%20x%20ZL%20lcKQXybBi*%7C%7DQyX%3EadocTo%20vsyX%3CbAKQyX-CQBbXi%20rtG%3CB*%7B%5DQyXb%7CAQyXbD%7CQyXbE%7CQynst%3EF*%5BY%5D%20b%20koo%20x%20LZuoy%20yad%20enO%22%3CD%7C*%7D%20%20x%3Esrab%2011%3C%20'll%20lZL%20lcbA%7CQyBb-XyyXbE%7CQyXbB%7CQyXAb%7CQyXbD%7CQyXbE%7CQQ%7CDbX%3E%22kcaXyQ%7B*CBbXyQ%7CEbXyQ%7CDbXyQ%7CAb%3CVamp%3EXyQ%7D%20%3DPop-Rock%3D115%3D1
7f5a1181-346a-46b3-a769-de5abf827469,irealb://NG:1000%20Reasons%20Bless%20The%20Lord%3DRedman%20Matt%3D%3DShuffle%3DD%3D%3D1r34LbKcu7DZL-%23T44D%20ZL-%23F%20D%7C%2CE%2Csus%2CEA%2CDZL%23F%20G/EZLAD%2CE%2CF%2CA*%2C%5BZLE%20sXyQ%5D%7CA%20D%7C%7D%20%3Ex3%3C-%23F%20ZELA%20D%2CB*%2C%7BY%20QyXLZEsuAZLE%20AXyQ%7CXyQXyQXyQXyQY%5B%2CQ%2CF%23-%20DLZE%20F%23-LZD%2CE%2CA%20%5D%20%3D%3D0%3D0
7faad62c-a564-47c8-8a33-80bc8ae0f087,irealb://Deep%20Purple%3DDe-Rose%20Peter%3D%3DMedium%20Swing%3DF%3D%3D1r34LbKcu76-C%20-4F%5E7X9-DZL96C%205%237C%7CyQX7-G%7CQyX7oC%7CQyXyQ%7CC4TA*%5BG%2C5%237%20C-%2CEQyX7%5EF%7CQyX6-bBQ%7CyX7-G%7CQyX7D%7C%2C-%7CG6%2CG7DZL9QyXZL-7XyQQyXB*%5BZ%207C%207-GLZ7-D%207%5EF%7CQyX7C%7CLZXyQG%7C%2C%207QyXZLLZXyQQyXZLQyXZLQyXZQLyXZLQyXZLQyXZLLZXyQQyXZLLZXyQLZXyQLZXyQ%20Z%20%3DJazz-Medium%20Swing%3D87%3D4
7fb4808d-add6-4337-ab64-c7800efeb306,irealb://No%20Problem%3DJordan%20Duke%3D%3DMedium%20Swing%3DC%3D0%3D1r34LbKcu7X7bB%7C4C-XyF%7CQyX7hA%7CQyXbB7%2F-C%7CQyXB%2F7%5E-C%7CQ-7XyQ4TA*%7BDZL%20l%5E7XyQ96-C%7CQyXtla7G%7CyQXtla7D%7CQyX6bE%7CXyQKcbE%7CQyyX7hG%7CG7b9b7C%7CQyX7hGB*%5B%7D%20%20lcKQyX7%5E-C%7CQyX9XyQ%7CQyX7h7%5E-C%7C9XyQ%7CA*%5B%5DQyX9b7G%7CQy7XbAZL%20lcKQyX7-FC-XyQb7C%7CQyX6bE%7CC-7%2F%5EbE%7CQyX7bB%7CQyX-7F%7CQyX7hA%7CQyXbB7XyQ%7CQyXB%2F-C%7CQyltXyQ%7CQyX7hDZL%20lcKQXy96-C%7CQyXtla7G%7CG7b9Xa7D%7CQ%5E7XyQ%7CG7b9XyQZ%20%3DJazz-Medium%20Swing%3D140%3D3
7feacd42-b404-4c7e-8f64-cc5e288c8f19,irealb://No%20Smoking=Ellington%20Duke==Slow%20Swing=F=0=1r34LbKcu7G%207%2DG4F%5E9X%20A%2F%5EF%7CQyX6%2DbB%7CyQX7%2DGZL7D%206F%7CQyAboLZ4TA%2A%5BDZL7%2D%5E7XyQQyX%2DAZL9D%206F%7CQXy9%5EF%5B%5D%2031C%209%2DG%7C%7CD9%20AFZL9bbBZL%2BLZD%2D7%7CQyX7FB%2A%5B%5D%207C%20%2D7GZL9C%207%2DGZL7G%20Fo%20F77G%207%2D%5D%209b36LZBb%7CQyX7%2DG%7CQyX6%2DDLZ7%2DD%20%2DDZL7bB%207%5EGh%20C1bB%209%5ELhE%2079XyQ%7CbA%20A%2F7%5EF%7CQyX6%2DBb%7CQyX7%2DGZL7D%206FoLZG%2D%5EFC%2A%5BZA7XyQ%7CD7XyQ%7CG%2D7XyQ%7CAb7%2B%20Gb9LZF%20sDb6%2CBb%2FC%2C%7ClFXyQZ%20==0=0
7f961841-1e8c-4891-892e-2c7316f31019,irealb://O%20Sangue%20De%20Jesus%3DMendes%20Sostenes%3D%3DBallad%3DF%3D5%3D1r34LbKcu7F2N%2CBF%5E7%20GyX7%5EF1NZLsusC%20b%5EBZL7-D%207-AZL7-Q%7D%7B%2C*%2CA*%2C%7B%5E7%20F7LZBb%5E7%20C%2FBbLZA-7%20D-7LZG-7%20Csus%20%7D%7CF%5EXyQ%5D%20%3DPop-Slow%20Rock%3D70%3D3
7fec9b76-085f-4413-a807-d244a5fc3d64,irealb://Sweet%20As%20Bear%20Meat%3DJohnny%20Hodges%20%281954%29%3D%3DMedium%20Swing%3DBb%3D%3D1r34LbKcu7ZL%20x%204Bb%20%3CZL%20%3E.A%20%2CA%20%2CB%20n%20osoloS%20%2CA%20%2CA47*%20x%20LZ4TA*%7BBZLbEQ%7CEbX%20lcKQyX7FZL%20lcQKyXbB%7CQyX-bE%7CQyLZBb%20yX7bBbB%20-G%7DY%7B*BbBZL7A%20bEZL7bBb%20B%3EsoloSQyX47*%3C%20D7LZ%207F%20b7F%20bBXyQ%7CEbBZL%20lcKQyX7FZ%20LlcKQyXbB%7CQyX-b%20EbLZbEZL7FZL%20lyQKclbB%7CQyX-bE%7CQyXb%7CEQyX7bBZL%20x%20ZL%20XyQKcXbBZL7XyQKcl%20LZBb%20EbLZBb%20F7%20%7D%20%3D%3D0%3D0
7fc51394-5652-4b92-a519-ba54bf47230a,irealb://When%20Your%20Hair%20Has%20Turned%20To%20Silver%3DPeter%20De%20Rose%2C%20Charlie%20Tobias%201930%3D%3DMedium%20Swing%3DEb%3D%3D1r34LbKcu7L%20x%20ZT44EbL%20lcKQyX7bBZL%20%20xZL%20x%20ZL%20lcKQyXZ%20x%20L%2CA*%2C%5BbE%2CB*yQKclcKQyXbEZL%20x%20ZLx%20%20ZL%20x%20ZL%20x%20ZL%20l%20LZ%2CX7bBZQyXbEcl%20LZbB%7CQyX7FZL%20lcKyQX7CZL%20lcKQyXbA7XyQ%7CKQyX7Kcl%20LZ%20x%20LZC7XyQ%7CF7XyQ%7CBb7XyQ%7CEbXyQKcl%20%20%5D%20%3D%3D0%3D0
7fed762a-fb38-48f9-98c1-847960d1fd27,irealb://Pensativa%3DClare%20Fischer%20(Bud%20Shank%20%26%20Clare%20Fischer%20-%201962)%3D%3DBossa%20Nova%3DGb%3D6%3D1r34LbKcu7SA*%7BY44%3C*7%7CrQyX%7CQyX9G%7CQy9X6%23F%3E071%20mpb%20%204XyQ%20%7DTi*%7BYD%7CQyX2XyQ%7C7bE%7CQyX96%23FZLQXy%7CrQyX%7CQyX11%239Gb9%2311dda%23FG1N%7CQ%7CAb7%23%7CQyX11-E%7CQyX%23FD%2F%7CQyX11%23%5EG%7CQyX5W%2FDXyQyX9%5EX%23C%2F9%23XyQ%7C%7CY%7DQyX11%239F%7CQy9X6%23FZL9b7%23C%2096GN2G%23hC%2F9h%23%2F5%237E3%20C%237CB*%5BY%5DQyX11-%23CQ%7CyX2dda%23FZL5%239badd2%201G%7CQyQyX9%5E11%20W%2F%20sus9G%7CQyX11-DQ%7CyX9E%7CQyX9%5EFZLGG9LZC-AZLB%7CQyX9b13%231X9b31E%7CQyXhB%7CQXy7-%23F%7CQyX9%5EAZL1yQ%7CA6B%20hB%7Ch%23G3NXyQ%7CDX31G%3E.dnE%20dr3%20al%20.S.D%20%3C%7CQyX11-yQ%5DY%7C5%239%23GyX2ddyQ%7CG1YY%5D%20%23C%2FW%2011%239GQ%7CyX2dda%23FZLQ%20%203%7BQF%23aX%23C%2F9Q%7CG9%2311%20%20%3C*634x%3E%20%7DUfF%23%5E13%2311XyQZ%20%3DLatin-Brazil%3A%20Bossa%20Electric%3D170%3D2
7f9e5394-7803-43c1-9530-902716edfbfb,irealb://Perfume%20A%20Tus%20Pies%202%3DEn%20Tu%20Presencia%3D%3DBallad%20Even%3DD%3D%3D1r34LbKcu7%23C%7CQyXyQ%7CBbuS%2047*%3CB*%7B%7CQyAX%7CQyX-%23C%7CQyX%23D/e%3EF%23XE44T%7CZL%23C%20%7CD%23-%20yXF/%23C%7CQyX%23FZLF%2C/%23C%2C%23D/B%2CBZL%23CQ%7CD%23-QyXF/BXyQ%7D%7BQBXyQ%7CC%23XyQ%7CD%23-XyQ%7CG%23%20%3C*72XyQ%20%20X3%3E%20%20%7D%20%3DJazz-Medium%20Swing%3D100%3D3
7fe82d94-65e2-45a5-9366-3250863a6e13,irealb://Pithecanthropus%20Erectus%3DMingus%20Charles%3D%3DMedium%20Up%20Swing%3DF-%3D%3D1r34LbKcu7XD/bD4F-Xy/bD%7CQyX9b7C%7CQy5Xb7-G%7CQyX7%5EbD%7CQFXyQ%7C4TA*%7BD%7CQyX7b9XyyX9%239b7C%7CQyX5b-7GZL%20n%2C11%237bA%7CQQ%7CF-7bE%7CQy%7CQyX7Q%7CAb-ZL7C%205b7-G%7CQyX%5E7bG%7CQyX7bD%7CQyX7YN1F-yX7%5EbX9%237CQ%7CF-7b7-C%7CQyX7bB%7CQy7X-F%7C%7CQyX7bB%7CQyX5XyQ%7CyX7bB-F%7CQy2F-7XQyX7-F%7CQyX7bB%7CyQX7-F%7CQyX7bB%7CQy%7CBb7XNY%7DQyQyX7-Bb7Xy5%237Cf%7CQyXG/%23FfQ%7CyX5b7-Gfi*%7CY%7CQXyQ%7CF%7CQyX7%7C%7CF-7XyQKcl%20LZ%20x%20%20%7D%20%3DJazz-Latin/Swing%3D180%3D3
7f8f5646-984d-49b3-86a8-dd659b6dc09e,irealb://Price%20Is%20Right%2C%20The%3DKalehoff%20Edd%3D%3DMedium%20Swing%3DF%3D%3D1r34LbKcu7A%7CQyX4%3C%20piX7%5EFA*%7B%20%20QyXQyZXL%20lcKQyXC%3EpukcyQ%7CC94Ti*%5BQyX7-Q%7CDb%5EcKQyX7%5EbA%7CQyX7b%5ED%7CQyX7-bE%7CQyX7l%20LZGyX7%5EbZLF%2F7Q%7CF%5E7%2F7%5EbBZLA%2F7%5EbB%20%5E7bB%7CQyX7%5EbE%7CQyXG%20Bb%5EyX9C%7CbBZL7yQ%7CC7DZL7%5EbEZL7%5EbDZxLZL7%5EFB*%5B%7DQyXG%2F-7LZGX7%5EbD%20lcKQb7LZF7AC*%5B%5DQyX7C%7CQy7X%5EbDZL%20lcKQyX7%5EaltXyEZL7-F%7CQyXXyQKcbA%7CQyX7-FZLE%2FC7%20CZL7bD%207bEZL%20l%5E7%2FDb7-GZL7%5EF%207%7CGb13-A%207%5EbB%7CQyX11-ZAL11-G%209%5EbE%7CQyX7LZG-QyXA%2FQyXsu7%20F-7%20%20x%20ZL%20x%20ZL%20lcQKyXtla7E%2CD*%2C%7B%5D%20%7D%7CC7s%5EbDZLZ%20%3DJazz-Medium%20Up%20Swing%3D230%3D30
7fe2b4db-1b92-45db-89b3-b2095a0666a0,irealb://Round'%20Midnight%20%28Berklee%20Version%29%3DMonk%20Thelonius%3D%3DBallade%20Jazz%3DEb-%3D%3D1r34LbKcu77-BZL4Eb-%209-EZL5%239%237B%207%5Eb-G%7C%2CbD/bE%2CD/-bE%20Ab134TA*%7B7-CZL9%235%2CD9-bEZL%23C/7%5E-B%20/D7%5E-C%7C%2C9%237A%2C7-b%20Ab13%237bA%2C7%5EbGZ3b9LZ7G%20bA/bGZLB/117%23%5EG%20B/%23C%7CQyX7bB%239%235L1F%205b%5EB%209-9LZD/%237bB%2CbB/bA%207%5E-Ab%7C%2C9%237A%2CbE/bD%20E9%2C%7CEbb31F%20%205b7-ZC-7bQyX7%5EbE%7C%2CbB/113%231E%2CbB/7bA%2C7F%2C5%5D%5B*BCL11%237bE/7%5Eb7XyQ/bA%20%23C/7%5E-FZL%23/C7%5E-%23F%20%23C/7%5E%23F%7CBbLZBBZL7F%2C7-F%20DbLZB7F%2C7-bG%2C5%239%237G6%2C-bAZL11%2331B%207%5E%2C%7CE-7/7%5EB%20ZLbA/1%2C%5D%5B*%20bA/bGZL6b-bE%20-6bEZL6b-bE%20-bEAEb-%5E71%2331EBZL5%23/C%20Db-bA%3Esurohc%20fo%20ndE%3C%7C%2C5%239%237A%2CbE/%5E7%20A77%5E-%23FB/bA%7C%5E7%2311%5EbE%7C%2C11%2331E%2CbBb/A%2C7F%2C5b7-CZLQ%2C7XyQZB%207-b1%2331EAb/BbA%2C7F%2C5b7-CQ%5B%20QXy%5DQyX11%2331E%7CQyXb/Bb%2C%7CQyXb1%2C%7CE%5E7%2311/EbXyQ%7CEb-XyQ%7CXyQ%20%5D%20%3D%3D0%3D0
7f9f8ff4-91e9-4c7a-8337-f916ee794285,irealb://Dusty%20Miller%3DComposer%20Unknown%3D%3DMedium%20Swing%3DG%3D%3D1r34LbKcu7NB*%7B%7D4GXyQLC%20GZLF%20G%7CQyXGLZD%20F%7CQyXGZLF%20G%7CZD%20G%204TA*%7BQyXG2%7CGXyQ%20G%20D%7CQyXFZLG%20CLZD%20GZLG%20F%7CQyXF%7C%7D%7B*CNQyXG1QyXG%7C%7CGXyQNB*%7B%7D%20G%20DZLF%20GQ%7CyXG%7CQyXG%7CQyXF%7C1GXyQQyXG%7C%7CFXyQ%7CF%20GLZG%20DLZC%20GLZFXyQ%7CD%20G%20%7D%20%3DPop-Bluegrass%3D220%3D3
7f2eae90-7c8a-4654-9567-d36d44ebe8ab,irealb://Santa%20Baby%20%28Tom's%29%3DJoan%20Javits%2C%20Phil%20Springer%20%20Tony%20Springer%3D%3DMedium%20Swing%3DD%3D%3D1r34LbKcu77-EZL4D%5E7%20%5EDA*ZLQyX%7CrQyXLZ9b31A%207-EZL7-B7%20B-74TA*%7BG%206D29LZN1yXZLQyX%7D%209b31A9%20-EZL5%239b7B%207%5EDQ%20%5D%5BNb31A%20E%7CQyX6XyQ%7CX-BZL7%23F%207-BZL%237F%205%237%23F%7CQyX7%23FyQ%7CE7DZL6-yXZL9%5BA7%20A7-EZL7-B%207%5EDA*Z%7BL9b7A%2031AZL5%237%20A13b%207E%209Qr%7CXyQLZ*AD%5E7%20B-7LZE-7%20A13b9LZD6%20G-6LZUD6XyQZ%20%3D%3D0%3D0
7fbb67a7-4768-434c-bed3-25de49c34345,irealb://Satan%20Takes%20A%20Holiday=Larry%20Clinton%201937==Medium%20Swing=F%2D==1r34LbKcu77%2DFZL4F%2D%20F%2DFZL7C%20bDZL%2DF%20DbZL7hD%207%2DFZL7%5E%2D%20F%2D%5E74TA%2A%7BlcKQyZDb%20F%20lcKQyX7bEB%2A%5BY%20%7D%2C%2DFl%2C7C%2CbDsZL%2DLZAbXL7hD%20DZL7hXyQKcZL7%5E%2DF%20%2DFA%2A%5BY%5DyQX7C%7CQyX%2DbBZL%20lF%2D7%20D7FZL%20%20%2C%2DFlZDb%20CDsZL%2DF%20bDZL7hD7%20%2DFZL7%5E%2DF%20%2DFZL7b%2CC7%2CL%2DF%20bZ%20==0=0
7fa92ff0-3df9-4b69-a5fa-e9f38e47e903,irealb://Sleigh%20Ride%20(Gwen%20Stefani)%3DParish-Anderson%3D%3DFast%20Swing%3DD%3D2%3D1r34LbKcu7ZL7-B44D%5E7L7A%207-EZL7B%207-F%23ZL7A%207-EZL7-B%20ZD%5E7%20TSA*%7B%5BZ%20Q%207LZN1X6D2NZL%20QyXQyX%20%7D7A%207-EZL7-B%206DyQKclA%207-EL7%23C%207XyQ%7CQyX7-%23GZL%20lcKQXy7%5E%23FZL7%23C%207-%23G%7CG%23-7-%23GB*QyX7-XyQKccKQyX7%5EEZL7B%207%23-F%7CQyX7-%23F%5B%5D%20%20ll%20LZE7%5E%23FZnZLxZZA7%20E%5EDC*Q%7B%5DQyX7A%3EaodC%20la%20.C.D%3CZL7-7LZxLL%20lcKF1N%7CQLZxLZL7%23F%20%23F%2FDZL7oF7%20-E%7CQyX7DZLnZLxZB-Xy7%5EDZLC%207%5EbZC%237L%20xZL31bB%7B%7D%20xZL13A2N%7B%7D%20%2C7AZL%23FZ%7D%7B*DEL%23C%2F%23ZL7bB-7%20BbL7-C%207%5EbE%7CZL7b%20B7-FZL7C%207-GZL7ZF-7%20FZL7-%3CFine%3EEb6%20C-7LZF-7%20Bb7%3C4x%3E%20%7D%20%3DJazz-Swing%20Two%2FFour%3D180%3D1
7fb93c91-1df2-4c2e-ba6f-eb0918c655bc,irealb://Slow%20Poke%3DPee%20Wee%20King%2C%20Redd%20Stewart%2C%20Chilton%20Price%3D%3DMedium%20Swing%3DG%3D7%3D1r34LbKcu77GZL%20%2CXyQKX%2CGZL%20x%20ZL%20x%20Z%20LlcKQyX%2C7DZL%20lcyQKclG44T%5BQyX%2CGcl%20LZ%7CQyX%2C7DZL%20lcKQXy%2C7AZL%20lcKQyX%2CC%20n%20LZKQyX%2C7o%23C%7CZD7%2CX%7CQyX9G%7CQyX%2CGZLx%20%20ZL%20x%20ZL%20lcKQyC%2CXyQL%20lcK%2CXyQ%7CB-%2CXyQ%7CE7%2CXyQ%7CA-%2CXyQ%7CD7%2CXyQ%7CG%2CXyQ%7CG6%2CXyQZ%20%3DJazz-Medium%20Swing%3D123%3D0
7fcf2024-d275-47b0-8eae-772482522122,irealb://So%20Sad%20(To%20Watch%20Good%20Love%20Go%20Bad)%3DEverly%20Don%3D%3DRock%20Ballad%3DD%3D2%3D1r34LbKcu7LDZL-DLZB-LGZLDZL7AZLGZL-7BZLDZL7AZLGZL7ZDLZBs44T%5BBZLDZDLZA7ZL7AZLGZL-BZLDLZ7AZLGZL-BZLDZLDLZGLZL7AZZLDZL%2CLZG%2CEZLxZLGZLxZLDZxLZLGZL7DZLD%7C%2C7A7LZA7DZL7-D%7C%2C7AGLZA7ZL-BZLDZLGZLDZ7LAZLGZL7-BZLDZLDLZG%2CZL7-BLZx%20%5D%20%3DPop-Country%3D110%3D2
7f278203-c014-4a32-8453-5d7a6a28fc5e,irealb://Songs%20Of%20Love%3DHannon%20Neil%3D%3DMedium%20Swing%3DC%3D%3D1r34LbKcu7XQyX%5D%20CAPO%2CA86Ti*%5B%20QyXQyQXyXQyX%5DQyX%3EIII%20Asus%2063*%3C%5BZL9ddXyQ%20YZL-B1NZL11-%23FZELZL9ddaDZLASA*%7BDLZCaQyXQy-DZL7XyQXy%5B%5D%20x%7C%2CsusA%2CA%7C%2C%2FED%2CDsZL7B2NZL%20Q*BlF%5E%7D%209%23A%23FZLEZF%23-7aDZLAA*%7B%5D%20Q%2CEZEL%2FAZL6-DZL7%5EFZLdd9LZLAZL6DZLAlB7LZsx%7C%2CsusA%2CA%3EadoCl%20a%20.S.D%3C%7C%2CE%2FD%2CD%20%5DY%7BQZL11-adaraZELZF7BZL%2CE%2F-%23F%20%2C-%23%7CF%2CE%2CDZL7BZL11-%23LZf%3CPL9dda%3ED%2C%20fDadd9%2FELZA%2CAsusLZxLZxLZ%3CFine%3EA%20Z%20%3D%3D0%3D0
7f5becda-96ac-481f-82e0-c26a6c6339ab,irealb://Sonhos%20Do%20Brasil%3DGarrett%20Kenny%3D%3DLatin%3DEb-%3D%3D1r34LbKcu7cKQyXb%5EXyQL%20lcKQyX%5EbDZL%20clKQyX9b7DZL%20lcKZC7b9E44T%7BKQyX9b-7Xy%20lcKQyX5%237FZL%20clKQyX%5EbGZL%20lcKQLZG7bAZL%20lQyX%5EbC-7Xy7A%7CQyX7-bBZL%20lKcQyXB/hFZL%20lcKQXyQ%7CAZL%20lcyX9b7DbXyQQyX9b7G%7CQyX%5EbALZ%20lcKQyX9b7G1N%7C%7D%7CN2G/%5EbA%7CQyX9bLZAb%5EX7-F%7CQyXobG%7CQy7X-C%7CQyX9b7G%7CQyXyQ%7CG7%20lcKQ%7CC-7XyQ%7CGboXyQ%7CF-7XyQ%7CG7b9XyQZ%20%3DJazz-Latin%3D180%3D3
7f46f69f-59b4-4070-b43b-d07851e3a50e,irealb://Stumble%2C%20The%3DKing%20Freddie%3D%3DBlues%3DE%3D%3D1r34LbKcu7%2CE%7CQy7XyQ%7CX7B%7CQyXx%7CQyX7AQ%7CyXx%7CQyX7E%7CQyXxyQ%7CxXA44T%5B7A%207E7%2FG%23%2C7%23FZL7%23C%207E%7CQy7Xo%23AZL%20n%2C7AZL%20n%20B7LZEZL%20nLZE7%20B7%20%5D%20%3DPop-Shuffle%3D130%3D10
7ffef2cd-aa35-41d6-a2d7-8e1e7c5a6e0f,irealb://Three%20Views%20Of%20A%20Secret%3DPastorius%20Jaco%3D%3DMedium%20Swing%3DE%3D4%3D1r34LbKcu7%7C%2C11%2334%3C*7s9DsZL9AZL5%237%23ZGL9E%3E211%20mpb%20%204us%2CD9TA*%7BY%237%23Gl1LZB-%2Csus9E%7C%2Csus9B%2C%2359b7%23FsZL9AZL11E%5E9%2C%7C1-%23Clsus9B-11LZL31C1NZL%2C9AZL1%2319%237%23FZL11%2331bBZsA7%2C%23CZL596bD%3ElE5LZno96*%3CZL%20%7Cr%20ZL13bAZL96bDSB*%5B%20x%20d.s%3A2N%7C%7D%2C1bA(313(G9%2C9%237bD%5D%2011%2331BLZ9%5EbGl%7C%2C31G)susLZAb1bAsZLLsus9LZ%20r%7C1%239Bl%7C%2CC%2Fsus7b%2CB96bDsZL)31bA(%201%2CLZE)sus39%5E-AZ%5DD9%231L7-%23GZL9-%23FZL9E%5EZL9%5EBZL9-%23CZL1ZA-7L%209%5EAZL%2C7-A%7B*CE6GZL7-%23FZL11%2331ZGL7-%23CZL7-%23GZL9%23-7LZ%20Q%2CB%2FS.D%3CZ%5E9%2FB%20LbA%2F9%237bDZL5bD*D%7B%7D%20xZL%2C9%5EA2N%7B%7DZB5%2CL-A1NZ1%2331GCoda%3ECZL7-%23GZL96EC*%7BQY%7D%20%3Ex436*%3C5%23%5EA%23-7LZ%20la%20.-%23CZL-7LZGL96E%7C%7D%20%3Ex336*%3C%2FB9%5E-AZL7-AZL7-%23ZG%23-7%23FZL17-EZL3%2311L31%5EG%7B%5D%20sus9DZL-7AZL7-%23GZL7-%23FZLZB-71GZL7L9EA*3%2311L436*%3Csus9DZLsu9sCZLsus9BZL7-AZx%3E%20%7D%5B1bBZL9b7%23F5LZA9ZL11-BZL11-%23Cl%2C%7C11%239D%2Csus9DsZLA9LZs%237%23GZ9%237%23Fsus%2C%7C31bBZL11-%23CZL57%23%23Gl%7C%2C9%5EE%2Csus9E%2311LZ9B%2C5%23EUf%7D%20A9%2C%20%5D*%3C9AZL11%2331CZL%2397%23CZL9%237E%7B%20QyX638x%3EZL11%237%239%20Z%20%3DJazz-Ballad%20Swing%3D112%3D1
7fc5ded6-cbd5-42b1-a2c7-e2dae87de5dd,irealb://Us%20Without%20Me%20full=GrantPerez==Medium%20Swing=F==1r34LbKcu7ZL7%5Eb4F%5E7LFA%2A%7B%20%20QyXQyXZL%5E7bBZL7%5EFZL7%5EbBZ%5E7LZB4Ti%2A%5BLCZL7Bb%5E7L%7B%7D%20xZL7%5EbB%7C%2C7h%2CBC%2FF%7C%2CbD%2F%2DD%2C%2DDZ%2ABBb%5EZL7%5EF%5EFZL7A7LZB7%5EFZL7%5EbGZL7%2DGLZbB%7C%2C7A%2CFZLCZLbLZBb%5EZL%2DDZ%7C%2CbD%2F%5E7LZXZL7%5EbBZL7%5EFZL7b%5EBZL7%5EF1NA%2A%5B%20QyD%2D%2CD%2DbBZL7ZL7%5Ebh7%2C%7CBFZL7%5EbGZL7%2DGZL%5E7F2NC%2A%7C%7D%20xZL7%5Eb%5E7LZBB%2CC%2FFbB%7C%2C7%2D%2CF%2FCCZLbBZL7AZL%2DDZCLZL7%5EbBB%2AZL7G%7C%2CLZF%2CADZL7ALZG%2D7LZGb%5E7%20Z%20=Jazz%2DBallad%20Swing=108=0
7fadd4dc-d56b-4549-bfac-d5f751dbd0d1,irealb://5-1%206keys%3DComposer%20Unknown%3D%3DMedium%20Swing%3DC%3D1%3D1r34LbKcu7%5EbB%7CQ%5EXyQ%7CQyX7F%7CQyX%5EbB%7CQXy%5EC%7CQyX7G%7CQyX7G%7CF7XyC44T%5BX7bD%7Cb%5EXyQD%7CQyX%5EbG%7CQyX%5Eb%7CAQyX7bE%7CQyX7bE%7Cb7XyQA%7CQyXyX7A%7C%5EXyQ%7C%7CQyX%5ED%7CQyX%5EE%7CQXy7B%7CQyX7B%7CQyX%5EEA7XyQbG%7CQyQ%7CD%5EXyQ%5D%20%3D%3D0%3D0
7f3e4a2e-2470-467f-956a-eb36b7b9b349,irealb://Walk%20On%20By%3DBacharach%20Burt%3D%3DMedium%20Swing%3DA-%3D%3D1r34LbKcu7-A%7CQyQ%7CA-%20QyX-A%7CQyX7-GZLD%2C%20-AZL%2CD%20-AZL%2CD%7CG-7XyX-A%7BX7%5EF%7CD-7Xy%7CQyX7%5EF%7CQyX31CQ%7CyX7%5EbB%7CQyX-A%7CQBbXyQ%7CQyX7QyXbBXyQ%7CFyX%7DQyX7%5EF1N%7CQy7X%5EF%7CQyXbB%7CQyX7%5EQLZN2bB%7CQy-A%7CQyQ%7CA-%20QyX-AZL%2CD%20-AZLD%2C%20-AZL%2CD%20-AZL%2CD%7CG-7XyX-A%7CX7%5EF%7B-7XyQ1C%7CQyX7%5EbB%7CQyXA-%7CQyX7-D%7CQyX-A%7C3XyQ%7CG%7CQyXyQ%7CBbXyQ%7CF%5E7XyQ%7CBb%20%20%3C4x%3E%20%7D%20%3DLatin-Brazil%3A%20Samba%3D105%3D1
7f5b5000-a80f-40b3-ba79-0668a0d72fc2,irealb://Wrapped%20Around%20Your%20Finger%3DSting%20(The%20Police)%3D%3DRock%2FReggae%3DA-%3D0%3D1r34LbKcu7%20%3Ex4344%3C*7X%7CrQyXZL7-Epp%7CyQX-A%3E721%20mpb%20%204yQ%3C*6Ti*%7BYZL7-EAA-XyX-A%7C%7D%20%3Ex336*%3CQXy%7CrQyXZL7-Epp%7CQyQ%7Cpp*S%7BY%7D%2FCZL%20yQ%7CppXGB*%7B%5D%20%20lcKQyXA-2NZL%20QyXQyX%7D%20GyQKclX-A1Nlretnd9LZ%20*%3C%7B%20%20QyXQyX%5DQy9X-D%7CQyX7-E%5B%7D%20%20x72%20%20idaF%20FX%3E.dninstr%20la%20.S.D%3C%7CrQyXLZ7-Epp%7CQyX-A%3E).2nd%20E(%20eduG1NZL%7B*CA-7-EZL%207-D%7CQyXGQ%7CyXF%7CQyX7-E%7CQyX%20LZF%20Y%7D%20Qy7-E%5B%7DFXyQ%5D6*%3C%20x%20ZL9ddaF%20%2FFCZL%20lcKQyXGB*%7B33x%3E%202N%7D%20%20%7CrQyX-9XyQpp%7CQyX-A%3Eortuo4%207*%3C%7BY%20%20QyXQyX%5DE-7LZD%7CQyX%3CXyQ%20%20vamp%20out%3EXyQ%3C*638x%3E%20%7D%20%3DPop-Rock%3D127%3D1
7f9dff96-6068-4c4c-a802-f72c763118c7,irealb://Yellow%20Submarine%20%28from%20Beatles%20Scores%29%201=John%20Lennon%2C%20Paul%20McCartney==March=Gb==1r34LbKcu7l%7C%2CbG4Db7%20Dl%7C%2CbCs%20%20%2DbAl%7C%2D%2CbEs%20%20bGl%7C%2CbCs%20b7%20%20s4TA%2A%7BXQyX%7D%20sCb%2C%2C7bDl1N%7C%2CbCs%20%20b%2DAl%7C%2C%2DbEs%20%20bGl%7C%20%20sGb%20%2C7bDL7bDZXyQ%7CNGZLxZL7bDZLbG%2C%2CSB%2A%7B%5D%20l%20%20%2C7bDl2bLZxLQyXQy%2C7bDl1Gb%2CQ%20%20%2DbAZL%2DbE%20%2CbG%7Cl%2CbCs%20%207bDC%2A%5B%5D%20sCb%2C%7CNZLxZQyXQyDb7%20%20%20bG%207bDZL7bD%20bZGL7bD%20%2CbGl%7C%2CbCs%7DXyQXZLbG%20bDZLb2GbXyZLbC%20%2DbAZL%2DbE%20GbZLbC%20%2C7bDD%2A%7C%5DQDb7%20GN%7CQyXEs%20%20bZGb%20ECs%20%207bDA%2A%5B%5D%20bG7%20bDZLbC%20%2DbAZL%2Dbb%2C%7ClGLbC%207l%7C%2C%2DbAb%2D%20%20Gl%7C%2CbCs%20%20%2C7bDl%2C%7CbGs%20%207bDl%7C%2CbCsb%20%20sEl%7C%2C%2DblcKQysCb%2C%7CQyXbGQ%7B%5D%20%3EadoCl%20a%20%2ES%2ED%3C%20%20%2C7bDl%7CDb7X%20%20%2DbA%20LZGb%20%3CRepeat%20and%20Fade%20Out%3E%20%20%7D=Jazz%2DGypsy%20Jazz=111=1
7f31871f-0771-444e-aa9a-00152589e632,irealb://You're%20A%20Builder%20Upper%3DArlen%3D%3DMedium%20Swing%3DEb%3D0%3D1r34LbKcu7QyX7F4EbXy7-F%7CQyX7-FZL7C7%20-GZL%20x%20ZL%20lcKQ%20C7LZ4TA*%5Bs%2C7CsBb%2BLZQyX7-FZL7C%207-GLZ%20x%20ZL%20lcKQyXbE%7CF-7%20%207bB%7CD%7CQyXF7%2CsEX-bA%7CQyX7AB*%5B%5DyQX7bEl%7C%2C7bBs%20%2BbyQ%7CEbs%7C%2C7F%20x%20ZL%7CEb%20CyXbEZL%2BbB%207bB%7CyQX7FZL7C%207-GZL-QKcl%20QyX7bLZG-7%20C7LZF-7XyQ%7CG-7%20C7LZF-7XyQ%7CBb7%20Bb%2B%20%5D%20%3DJazz-Medium%20Swing%3D290%3D3
7f26b103-af38-4c4b-ad98-6ab614dd12b0,irealb://Stella%20By%20Starlight%3DYoung%20Victor%3D%3DMedium%20Swing%3DBb%3D7%3D1r34LbKcu7bE%7CQy4Eh7XQyX7-F%7CQyX7F%7CQXy7-C%7CQyX9b7A%7CQy%7CBb7X4T%5BA*%5EFZL7%7CAb7XbB%7CQyX7-DZL9b7%20A7hE%7CQyX7%5EbB%7CQy-7%20EbQyX7%5E7G%5BB*Eh7%28Gb7D%7CQyX%297hA%28117%23%5EbEZL%297C%28%20%20%297-9XyQ%5D%7CQyX7%20lcKQQKcl%20BZL%20lcKQyX11%237AbZL%20lcKQyX7-CZLb%5E7XyyX31b%7CQyX9Eh7XyyX7hC%7CQyX9b7G%7CyQX7hD%7CQyX9b7A%7CQQ%7CF7b%5BC*%5D%20Bb%5E7XyQKcl%20%20Z%3DJazz-Medium%20Swing%3D100%3D7
7f8dca70-669c-4d78-b189-e15ea220355d,irealb://iWarmUp%20B-flat%20Blues%20%231-2%3DMadsen%20Pete%3D%3DJazz%20-%20Even%208ths%3DBb%3D%3D1r34LbKcu7ZL%20lcb7XyQbBZL%20lcKQyX7bELZ%20x%20ZL%20x%20ZL%20lcK7XyQKB44T%5BF7XyQ%7CEb7XyQ%7CBb7XyQKcl%20%20Z%20%3DJazz-Even%208ths%3D120%3D6
7f30d16b-4c34-438e-91be-e58fb7154272,irealbook://American%20Boy%3DEstelle%3DPop%3DC%3Dn%3DYY%5BE%5E7%20%20%20%7CC%5E7%20%20%20%7CA-7%20%20%20%7C%20%20D7%20%7D%3CE.Piano%3E%20%20%20%20%3CSaw/Jupiter%20for%20Low%20bits%3E
7faf526b-d25f-4cd5-b330-620762370036,irealbook://Turn%20Off%20The%20Lights%3DFurtado%20Nelly%3DPop%3DC%3Dn%3DYY%7B*iE-%2C*A%20*CG%20%7CD%20%20%20%7CE-%20G%20%7CD%20%20%20%7DYY%5B*BA%20%20%20%7CC%20%20%20%7CA%20%20%20%7CC%20%20%20%5D%20%20%20%20%20%20%20%20%20%20%20%20%20%20%20%20%5B*D%20%20%20%20%7BE-%20G%20%7CD%20%20%20%7D%3C%20X%20till%20solo%20fin%3E%20%20%20%20%3C010%20e.piano%20and%20187%3E%20%20%20%20%20%3C%20%20%20%20%20%20%20%20%20%20%20%20%20%20%20Bm%20String%20fade%20stabs...%3E
7f1b8714-5f7d-4e23-a508-4077c022d2ec,irealbook://Don't%20Stop%20Believing%3DJourney%3DRock%3DF%23%3Dn%3DY%7BT44F%23%20%20%20%7CDb%20%20%20%7CEb-%20%20%20%7CB%20%20%20%7CF%23%20%20%20%7CDb%20%20%20%7CBb-%20%20%20%7CB%20%20%20%7DYY%7B*BB%20%20%20%7CB%20%20%20%7CF%23%20%20%20%7CF%23%20%20%3C*72X3%3E%20%7D%7CB%20%20%20%7CB%20%20%20%7CDb%20F%23%20%7CDb%2CF%23%2CB%20Z%3CPiano%20-%20age%3E%20%20%20%20%20%20%20%20%20%20%20%20%20%20%20%20%3CSTART%20-%20KEYS%20AND%20BASS....%22JUST%20A%20SMALL...%22%3E%20%20%20%20%20%20%20%20%20%20%20%20%20%20%20%20%3CEND%20-%20RING%20OUT%20E%20ON%20QUE%20AND%20LET%20KEYS%20PLAY%3E
7fcfb7f9-8329-470e-afc6-237a97c6d197,irealbook://TO%20THE%20MOON%20AND%20BACK%20-%20bass%2C%20piano%3DGarden%20Savage%3DPop%3DC-%3Dn%3DY%7BT44%3C*74Intro%3EC*m*%20%20%20%7CBb%20%20%20%7CG*m*%20%20%20%7CAb%20%20%20%7DY%7B%3C*74Verse%3EC*m*%20%20%20%7CBb%20%20%20%7CG*m*%20%20%20%7CAb%20%20%3C2x%3E%20%7D%7CAb%20%20%20%7C%20x%20%20%5D%20%20%20%20%20%20%20%20Y%7B%3C*74Chorus%3EC*m*%20%20%20%7CAb%20%20%20%7CBb%20%20%20%7CG*m*%20%20%20%7D%3C*44Intro%20-%20Verse%202%20-%20Chorus%20-%20Instrumental%20%28as%20verse%29%3E%20%20%20%20%20%20%20%20%20%20%20%20%20%20%20%20Y%7B%3C*741/2%20Verse%3EC*m*%20%20%20%7CBb%20%20%20%7CG*m*%20%20%20%7CAb%20%20%20%7D%7CAb%20%20%20%7C%20x%20%20%5D%20%20%20%20%20%20%20%20%3C*42Chorus%3E%20%20%20%20%20%20%20%20%20%20%20%20%20%20%20%20%3C*74Outro%20as%20Intro%20%28instrumental%29%3E
7fff1423-8922-4c9a-aba2-1a716b1f8bc4,irealbook://YOUR%20SONG%20-%20Ellie%20Goulding%3DJohn%20Elton%3DRock%20Pop%3DC%3Dn%3DY%7BT44%3C*74%20%20Verse%20Capo%203%3EE*m*%20%20%20%7CG%2C%20%20%20%7CC%20%20%20%7CG%2C%20%20%20%7C%7CE*m*%20%20%20%7CG%2C%20%20%20%7CC%20%20%20%7CG*%20*%2C%20G/F%23%20%5D%7CE*m*%20%20%20%7CG%2C%20%20%20%7CC%20%20%20%7CG%20%20%20%7C%7CG%20%20%20%7CA*m7*%20%20%20%7C%3C%20%20%3EC%20%20%20%7CD%20%20%20%7D%5B%3C*74Chorus%3ED%20%20%20%7CE*m*%20%20%20%7CA*m7*%20%20%20%7CC%20%20%20%7C%7CD%20%20%20%7CE*m*%20%20%20%7CA*m7*%20%20%20%7CC%20%20%20%7CE*M*%20%20%20%7CE*M*/D%2C%20%20%20%7CC%23*M7b5*%20%20%20%7CC%2C%20%20%20%7C%7CG%20%20%20%7CA*m7*%20%20%20%7C%3C%20%20%3EC%20%20%20%7CD%20%20%20%7CD*%20*%20%20%20Z
7f8beefd-66fa-4220-8e32-b05c433fa95c,irealbook://You%20Are%20So%20Beautiful-Joe%20Cocker%20Version%3DPreston-Fisher%3DBallad%3DF%3D44%3D%5B*iF%20F7/Eb%20%7CBb/D%20Bb%20%7CF%20F7/Eb%20%7CBb/D%20Bb%20%5D%5B*AF%2C%C3%B7sF%5E7%2CF7%2C%7ClBb%5E7%20%20%20%7CEb9%20%20%20%7CF%20F%5E7%20%7CF7%2CF%2CsF%5E7%2CF7%2C%7ClBb%5E7%20%20%20%7CEb9%20%20%20%7CF%20F%5E7%20%7CC-7%20F7%20%5D%5B*BBb%5E7%20%20%20%7CA7%20%20%20%7CD-%2C%C3%B7sD-%5E7%2CD-7%2C%7ClG9%20%20%20%7CF%2C%C3%B7sF%5E7%2CF7%2C%7ClBb%5E7%20Eb9%20%7CF%20F%5E7%20%5D%5B*CF7%2CF%2CsF%5E7%2CF7%2C%7ClBb%5E7%20%20%20%7CEb9%20%20%20%7CF%20F%5E7%20%7CF7%2CF%2CsF%5E7%2CF7%2C%7ClBb%5E7%20%20%20%7CEb9%20%20%20%7CF%20F%5E7%20%7CC-7%20F7%20%5D%5B*DBb%5E7%20%20%20%7CA7%20%20%20%7CD-%2C%C3%B7sD-%5E7%2CD-7%2C%7C%C6%92lG9%20%20%20%5BF%2C%C3%B7sF%5E7%2CF7%2C%7ClBb%5E7%20Eb9%20%7CF%20%20%20%7C%3CRitard.........%3EBb%5E7%20Eb9%20%7C%C6%92F%20%20%20%C2%AB
7f22d4aa-c028-4fad-bab4-9e7c1310fa4f,irealbook://Angels%20We%20Have%20Heard%20On%20High%20%28Jazz%29%3DUnknown%3DJazz%3DF%3Dn%3D%7B*AT44F%5E7%20A-7%20%7CsG-7%2CC7%2ClF%5E7%20%7CF%5E7%20D7b9%20%7CsG-7%2CC7%2ClF6%20%7CF%5E7%20A-7%20%7CsG-7%2CC7%2ClF%5E7%20%7CF%5E7%20D7b9%20%7CsG-7%2CC7%2ClF6%20%5D%5B*BA-7%20D7%235%20%7CG-7%20C7%20%7CF%5E7%20Bb6%20%7CG-7%20C7%20%7CF6%20D7b9%20%7CG-7%20C7%20%7CA-7%20D7%235%20%7CG-7%20C7%20%7ClF6%20sEb9%2311%2CD7%235%2C%7ClG-7%20C7%20%7CF69%20%20%3CFine%3E%20ZG-7%20C7%20%7D
7f969e89-47cf-4a8f-ad39-6579daaa2f38,irealbook://La%20Vida%20Es%20Un%20Sue%C3%B1o%3DRodriguez%20Arsenio%3DCuban%3DG%3Dn%3D%5B*iT44G%5E7%20%7CAh7%20%7CG/A%20%7CA7/G%20%7CA-7%20%7CD7%20%7CB-7%20E7%20A%23-7%20D%237%20%7CA-7%20D7b5%20%20%5D%20%20%20%20%20%20%20%20%20%20%20%20%20%20%20%20%20%20%20%20%20%20%20%5B*ASG%5E7%20A-7%20%7CB-7%20A%23h%20%7CA-9%20%7CB-7%20E7%235%20%7CA-7%20B-7%20%7CC%5E7%20C%23h%20F%237%20%7CB-7%20E7%235%20%7CA7b9%20D7b5%20%7CG%5E7%20E-7%20%7CF%23h%20B7%20%7CE-9%20%7Cx%20D-7%20G7%20%5D%20%20%20%20%20%20%20%20%20%20%20%20%20%20%20%20%7B*BC%5E7%20%7Cx%20%7CG%5E7%20%7CE7%235%20%7CA-7%20A-%5E7%20%7CA-7%20A-6%20%7CN1A13%20%7Cx%20%7CA-7%20D7%20%7CD-9%20G7%20%7DN2%3CD.S.%20al%20Fine%3EA7%20%7CD7%20%7D
7f52c566-1e54-4500-a23e-39018f7238a7,irealbook://Pintate%20Los%20Labios%20Maria%3DOchoa%20Eliades%3DCuban%3DA-%3Dn%3D%7B*iT44A-%20%7Cx%20%7CG%20%7Cx%20%7CF%20%7Cx%20%7CE7%20%7Cx%20%7D%7B%3C%28Coro%29%3EA-%20%7CE7%20%7CA-%20%7CE7%20%7D*AA-%20%7CG%20%7Cx%20%7CF%20%7Cx%20%7Cx%20%7CB7%20%7CE7%20%7B%3C%28Coro%29%3EA-%20%7C%3CE%3EE7%20%7CA-%20%7CE7%20%7D%5B*BA-%20%7CG%20%7Cx%20%7CF%20%7Cx%20%7Cx%20%7CB7%20%7CE7%20%5D%20%20%20%20%20%20%20%20%20%20%20%20%20%20%20%20%7B*C%3C%28Montuno%20open%29%3EA-%20%7CE7%20%7CA-%20%7CE7%20%7D%20%20%20%20%20%20%20%20%20%20%20%20%20%20%20%20%20%20%20%20%20%20%20%20%7B*D%3C%28Opcional%29%3EA-%20%7CE7%20%7CA-%20%7CE7%20%7CA-%20%7CG%20%7CC%20%7Cx%20%7CD-%20%7CE7%20%7CA-%20%7Cx%20%7CG7%20C7%20%7CF7%20Bb7%20%7CE7%20%7Cx%3C%28go%20to%20C%2C%20finish%20with%20intro%29%3E%20%7D
7f49e7d0-564a-4afd-afe9-1d678475cbe8,irealbook://Apple%20Blossoms%3DComposer%20Unknown%3DHoedown%3DD%3Dn%3D%7B*AT24D%20F%23*dim*%20%7CD%20%3C%28A-Bb%29%3ED%20%7CB*m*%20B*m*/F%23%20%7CB*m*%20B*m*/F%23%20%7CD%20D/F%23%20%7CG%20B%20%7CA%20A/C%23%20%7C%3C%28C-C%23%29%3EA%20D%20%7D%7B%2C*B%2CD%20D/F%23%20%7CG%20B%20%7CD%20B%20%7CA%20A/C%23%20%7CD%20D/F%23%20%7CG%20%3C%28A-Bb%29%3EG%20%7CB*m*%20A%20%7C%3C%28C-C%23%29%3EA%20D%20%7D%7B%2C*C%2CD%20B*m*%20%7CD%20B*m*%20%7CA%20A/C%23%20%7C%3C%28C-C%23%29%3EA%20D%20%7CD%20B*m*%20%7CD%20B*m*%20%7CA%20A/C%23%20%7C%3C%28C-C%23%29%3EA%20D%20%7D%20
7f5f78de-0ac9-4b78-b5ca-ffd2d6ac703d,irealbook://Cruisin%3DComposer%20Unknown%3DMedium%20Swing%3DC%3Dn%3D%5B%3C*64%20INTRO-Bass/Guitar%20Line%3ED%20%20%20%7C%20x%20%20%7C%20x%20%20%7C%20x%20%20%7C%20x%20%20%7C%20x%20%20%7C%20x%20%20%7C%20x%20%20%5D%7B%3C*70VERSE%3ED%20%20%20%7CE*m*%20Asus%20%7CD%20%20%20%7CE*m*%20Asus%20%7D%7B%3C*68PRE-CHORUS%3ED%20%20%20%7CE*m*%20Asus%20%7CD%20%20%20%7CE*m*%20Asus%20%7D%5B%3C*70CHORUS%3ED%20%20%20%7CG7%20%20%20%7CE*m*%20Asus%20%7CD%20%20%20%7CD%20%20%20%7CG7%20%20%20%7CE*m*%20Asus%20%7CD%20%20%20%5D%3CBACK%20TO%20INTRO/LINE%20AFTER%20CHORUS%3E%20%20%20%20%20%20%20%20%20%20%20%20%20%20%20%20%3C*48REPEAT%20ENTIRE%20FORM%3E%20
7f68f086-a50b-4a9f-af69-25528a9aedd7,irealbook://Don't%20Speak%3DDoubt%20No%3DMedium%20Swing%3DF-%3Dn%3DY%5B*AC-%20%20%20%7CBb%20F-%20%7CBb%20%3CGm%202x%3EC-%20%7CF-%20Bb%20%7C%3CMiss%20this%20line%20on%20coming%20back%3EC-%20G-%20%7CF-%20Bb%20%7CG-%20C-%20%7CF-%20Bb%20%7CC-%20G-%20%7CF-%20Bb%20%7CEb%20Bb%20%7CC%20%20%20%5DY%5B*B%3C*64%20Chorus%3EF-%20Bb-%20%7CEb%20C%20%7CBb-%20C%20%7CsF-%2C%20Bb-%2CC%2C%7ClF-%20Bb-%20%7CEb%20C%20%7CBb-%20C%20%7C%3CBack%20to%20A%3EsF-%2C%20Bb-%2CEb%5D%20%20%20%20%20%20%20%20%3C%20%20%20%20%20%20%20%20%20%20%20%20%20%20%20%20%20%20%20Ending%20into%20C%3E%20%20%20%20%7CF%2CEb%2CC%2CAb%2C%5D%5B*ClC%23%3C*68Pretending%3E%20%20%20%7CB%20%20%20%7CA%20%20%20%7CA%20Ab%20%7C%7B%3C*64%20GEET%20SOLO%3EC-%20G-%20%7CF-%20Bb%3C*16x3%3E%20%7DG-%20C-%20%7CF-%20%20%20%5D%7CC-%20G-%20%7CF-%20Bb%20%7C%3C%20%20To%20Chorus%3EF-%20Bb%20%5B%20
7f0e640f-ea89-44fc-a66f-fcf5a62d2ba1,irealbook://True%20Love%20%28Eb%29%3DPorter%20Cole%3DBallad%20Even%3DEb%3Dn%3D%7B*AT34Eb%20%20%20%7CAb%20%20%20%7CEbo%20%20%20%7CEb%20%20%20%7CBb%20%20%20%7CBb7%20%20%20%7CN1Ebo/D%20%20%20%7CEb%20%20%20%7D%20%20%20%20%20%20%20%20Y%7CN2Eb%20%20%20%7CEb7%20%20%20%5D%5B*BAb-7%20%20%20%7CDb7%20%20%20%7CGb%5E%20%20%20%7CEb7%20%20%20%7CAb-7%20%20%20%7CDb7%20%20%20%7CGb%5E%20%20%20%7CBb7%20%20%20%5D%5B*AEb%20%20%20%7CAb%20%20%20%7CEbo%20%20%20%7CEb%20%20%20%7CBb%20%20%20%7CBb7%20%20%20%7CEb%20%20%20%7CBb7%20%20%20Z%20
7f5a94e8-03e9-4b9b-a7a7-bbf19e63df0f,irealbook://Uma%20Noite%20E%20Meia%3DLima%20Marina%3DRock%3DD%3Dn%3D%5B*AT44B*m*%20%20%20%7CA%20%20%20%7CG%20%20%20%7CF%237%20%20%20%7C%7CB*m*%20%20%20%7CA%20%20%20%7CG%20%20%20%7CF%237sus%20F%237%20%5D%5B*BG%20%20%20%7CA%20%20%20%7CB*m*%20%20%20%7CB*m*%20%20%20%7CG%20%20%20%7CG%23o7%20%20%20%7CF%237sus%20%20%20%7CF%237%20%20%20%5D
7f60ba65-887f-46f8-b6d5-b739175ff4de,irealbook://Kwalen%20Blues%3DWortelboer%20Robert%3DBlues%3DC%3Dn%3D%5B*iT44C%20%20%20%7CF%20%20%20%7CC%20%20%20%7CC%20%20%20%7CG%20%20%20%7CF%20%20%20%7CC%20%20%20%7CG%20%20%20%7C*AC%20%20%20%7CF%20%20%20%7CC%20%20%20%7CC%20%20%20%7CF%20%20%20%7CF%20%20%20%7CC%20%20%20%7CC%20%20%20%7C%7CG%20%20%20%7CF%20%20%20%7CC%20%20%20%7CG%20%20%20%5D
7f482cc6-1cf8-4a40-b75c-a948ef7461bd,irealbook://Wizardry%231%20%20Temple%20of%20Cant%3DComposer%20Unknown%3DPop%20Ballad%3DC-%3Dn%3D%5B*AT34sC-%2CAb%2CG-%2C%7CF-%2CG-7%2CAb%2C%7CAb%2C%20%20%7CG%2C%20%20%7C%20%20%20%20%7C%7CC-%2CAb%2CG-%2C%7CF-%2CBb%2CEb%2C%7CC-%2CAb%2CG%2C%7CCsus%2C%20C%5D%20%20%20%20%5B*BC%20Bb7%2C%7CA-%2CD-%2CG7%2C%7CA-%2CD-%2CE7%2C%7CAsus%2CA%20%7C%20%20%20%20%7C%7CC%20Bb7%2C%7CA-%2CD-%2CG7%2C%7CAb%2CBb7%2CEb%2C%7CF7%2C%20%20%5D%20%20%20%20%5B*CBb%2CBb7/Ab%2CEb/G%2C%7CA%2CA7/G%2CD-/F%2C%7CG%2CG7/F%2CC-/Eb%2C%7CF-%2CF%23o%2CG%7C%20%20%20%20%7CC-%2CAb%2CG-%2C%7CF-%2CBb%2CEb%2C%7CAb%2CC-%2CG%2C%7CCsus%2CC%2C%3CD.C.%20al%20Fine%3E%20%5D
