id,url
892fa70b-dd51-4936-99c2-c491bd8bc0bf,irealb://%2312%20II-V-I%20Random%20Keys%3DExercise%20-%20Phil%20DeGreg%20Jazz%20Keybd%20Harmony%3D%3DMedium%20Swing%3DC%3D%3D1r34LbKcu7%7CQyX%5E%23-7%20BbA%207-bE%7CQyX%5EGZ7LD%207-A%7CQyX%5EEZL77LZDbF44T%5B-E%7CQy7LZA%5EL7bB%207-F%7CQyX%5EbZGL7bD%207-bA%5B%5DQyXZEb%5EXE%207-BL7G%207ZD%5EXyX%5EFZL7C%207-G%5B%5DQXy%5EBZL7%23F%207-%23C%7CQyQ%7CD-L7A%207%5EGZL7Q%7CBb-%5B%5DQyX%5EbBZL7F%207C-%7CQyX%5EbAZL7bE%207A-7%20DyX%5ECZ%5DQyX%5E-7%20E7F%207-%23C%7CQyX%5EbEZ7LbB%207-F%7CQyX%5EAZL%237LZBB%7CQyX%207-bEG7LZCEZL7B%207-%23F%7CQyXb%5EBZL7F%207-C%7CQyX%5E%5EXyQ%7C%207-D%5B7C%207-Db%5EXy%5EDZL7A%207-E%7CQyXb%5EGZL7bD%207-bA%5B%5DQXyQ%7CGZL7bALZF%5EXyQ%7CBb-7%20Eb7LZAb%5EXyQZ%20%3DJazz-Medium%20Swing%3D124%3D3
893993e8-5661-44eb-9df3-47a2ce07f45a,irealb://Creole%20Belles=J%20B%20Lampe%2C%20G%20Sydney%20%281900%29==Medium%20Swing=Ab==1r34LbKcu7%2A%3C%2DCA%2A74InQyXQyX%5D%207bB%7C%2C7%2CF%2DCZLxZL%2DCs%3Eort%20%20Y%7B%2A%3C44T%5B%2A%3C%2DC%7CLZEb%3C%7C%2C7B%2CbEZLxZL7bZBLxZLbEZL%3EbB03%2AF%2CBb7%3EbA03xZLbALZEb%3C%20xZLbEZL7bBZL7ZFLxZLbEZL%3EbB03%2A%7DY%7B%2AB%3EbA03ZLbEZZxLZBbBZLxZLbEZLxZLAbZLxZLbEZLxZL7b7LZxLLbEZLEZL7b%2ACAbLZLbAZLxZL7bEZLZxLbAZL7bEZL7bBZAbLZB%7BY%7D%20xEZLobbLZF7E%3EegdirB47%2A%3C%5BY%20%7DbAZL7bEZL%2DbBZLb7LZEAZL7bZLxZL%20%5BXyQxZLbAZLxZLbD%3EsruohC47%2A%3C%5BY%20%20QyXLZEb7xZL7bAbLZxLZDbLZxLZAbLZxLZEb7LZxLZAbLZx%20%5D%20=Jazz%2DMedium%20Swing=100=3
89a2c511-7c2a-4bfd-8e03-ef70500d9d50,irealb://God%20Bless%20The%20Child%3DHerzog-Holiday%3D%3DBallad%3DG%3D%3D1r34LbKcu77m*D%204lG%5E%2CC/bBl%20%2C%5EGsZLC/Bbl%20%2C%5EGsZLC/bBl%20LZG%5E74TA*%7BAZLC/%7CC%5E7X1NZL7D%207-AZL9bE7%207-B%7CQyX6-C%7CQyG6%20Bb%2C7G%2C*7-BZL%20%7DN2G-EZL7%5E-E%20-EB*%5B%20%5D9b7B%207h%23F%7CQyX67%20E-67D%207-%7C%5D%207D%23h7%20BL7E%207-BZL6-E%207E-ZL7%5E-E%20-EZL9b7ZA-7%20F%7CQyX*bBl%2ClBb/C%2C%5EGsZLC/bBl%20%2C%5EsGZLC/bBl%20%2C%5EGsZLA*m7*%20%2C%5EGsbBl%20%2C/B%2C%7CCL7D%207-AZL9b7E%20-7B%7CQyX6-C%7CQyX7%5EZ%7CsG%5EG%2C*7d/CLZA-7%20D7%20Z%20%3D%3D0%3D0
8945cd16-0385-4a67-a07a-b8c6d0ef835b,irealb://Triste=Jobim%20Antonio%2DCarlos==Bossa%20Nova=A==1r34LbKcu7X7%2D%23C4A%5E7XKQyX7%5EAZL%20lcKQXy11%237%5EFZL%20lcKQycl%20LZ4TA%2A%5B%23C%7CQy7b9XyG%7CQyX7%2D%23FZL9b7C%23%207h%23G%7CQyX7%2DB%7CQ%237%239X%23F%7CQyZL%20lc%7CD%23%2D7%5EAB%2A%5BY%5D%207E%207%2DBLZ7%23F%207%5E%23CZL7%23G%207XyQKQyX7%5EQyX7GQ%7CD7X%5ED%7CQyX7A%7CQyX7%2DZEL%20lcKQyX7%5EA%7CQy7XyQ%7CyX7%2DA%207%2DAZ%20F%237L%2DAZL7D%207%2DA%7CQyXE7%7CQyX7%2DB%7CQyX7BZ7%20D7L7%2D%23C%7CD7LZUA%2D7%20D7%20Z%20=Jazz%2DBossa%20Nova=140=3
891b4c82-c336-419c-8c05-65d51207b7bb,"irealb://%42%6C%75%65%2D%54%61%69%6C%20%46%6C%79%20%56%65%72%73%69%6F%6E%20%32%20(%4A%69%6D%6D%79%20%43%72%61%63%6B%20%43%6F%72%6E)%20%20%20%20%20%20%20%5B%23%5D=%62%65%32%73%68%61%72%70%20%41%52%52%3A==%5A%7A%20%69%52%65%61%6C%20%53%74%79%6C%65%73%20%4F%66%66%65%72%20%43%68%6F%69%63%65%73=%47==%31%72%33%34%4C%62%4B%63%75%37%61%6D%20%6F%74%79%51%20%20%53%63%20%6F%72%50%20%6C%61%65%52%69%20%73%69%74%68%20%66%6F%20%79%65%6B%20%65%68%74%20%74%65%68%61%72%74%20%58%34%35%2A%3C%66%6F%20)%79%68%65%3E%20%3C%74(%20%64%72%6F%68%63%20%74%73%61%6C%20%6E%64%61%20%65%74%6F%6E%20%74%73%61%6C%36%32%2A%68%65%20%6B%65%74%20%68%63%74%70%6F%63%20%6F%20%73%6F%6E%67%73%69%68%54%20%20%51%79%58%36%36%2A%3C%51%58%79%51%79%58%51%79%58%51%79%58%51%79%58%3E%2E%20%69%6E%74%72%72%75%6F%79%20%64%6F%6C%65%6D%68%65%20%6C%61%38%33%2A%3C%20%3E%2E%73%75%72%6F%68%63%20%68%65%74%20%66%6F%20%73%72%61%62%20%34%20%74%73%50%6C%61%79%20%74%20%73%65%69%5B%51%79%58%51%20%74%68%65%20%51%79%58%51%79%58%3E%2E%6E%65%74%73%69%6C%74%20%73%75%6A%20%72%6F%20,%73%64%72%6F%68%63%58%79%51%58%79%72%6F%20,%79%44%7C%51%79%58%3C%2A%37%34%20%47%3E%3A)%6F%72%74%6E%49(%20%6E%6F%69%63%74%75%64%6F%72%74%6E%49%20%72%61%62%2D%34%20%58%79%51%7C%43%34%34%54%69%2A%47%7C%51%79%58%47%58%79%51%5D%58%47%7C%51%79%58%43%7C%51%79%58%47%3E%3A%69%6E%61%72%66%65%52%20%20%38%36%2A%3C%41%2A%5B%79%51%7C%44%37%7C%51%79%58%37%6C%63%4B%51%79%58%79%51%7C%44%79%58%47%3E%3A%73%75%72%6F%68%43%20%20%36%2A%36%3C%42%2A%5B%5D%51%79%58%47%7C%51%79%58%37%51%7C%44%37%58%43%7C%51%79%58%6C%70%20%75%6F%79%51%7C%47%58%66%41%20%20%51%79%58%34%35%2A%3C%5D%51%79%47%58%7C%51%79%58%37%44%7C%51%79%58%43%7C%51%79%74%65%72%20%79%58%47%5A%4C%20%61%20%64%65%6C%65%20%65%6E%74%2A%3C%20%3E,%67%6E%69%64%6E%65%20%73%69%74%68%20%64%64%61%20,%67%6E%6F%73%20%65%72%69%32%36%63%61%6C%68%74%20%79%61%79%58%51%79%58%E2%80%9D,%20%6F%72%73%20%61%64%6F%63%20%61%20%68%74%69%77%20%65%64%6B%72%61%6D%20,%E2%80%9D%6F%72%74%75%6F%E2%80%9C%20%69%67%6E%2E%3E%67%61%74%E2%80%9C%20%6F%63%20%73%69%79%51%58%79%51%79%58%30%36%2A%3C%5A%51%79%58%47%55%7C%51%58%79%37%44%7C%51%79%58%43%7C%51%79%58%47%51%5B%51%20%20%54%68%58%51%79%58%51%6C%50%32%33%2A%70%69%65%73%20%6E%6F%73%20%65%68%74%20%66%6F%20%73%65%72%73%75%61%65%6D%20%34%20%74%73%61%6C%20%65%68%74%67%2E%3E%20%3C%6F%63%20%61%64%79%58%51%79%58%6C%6F%64%79,%6E%65%74%73%69%6C%20%74%73%75%6A%20%72%6F,%20%73%64%72%6F%68%63%20%65%68%74%20%72%6F%20%2E%3E%58%79%51%65%6D%20%79%61%6D%70%62%20%2F%79%51%3C%2A%35%67%65%75%6C%42%22%20%3A%65%6C%79%74%53%20%6F%70%50%20%65%6C%70%6D%61%53%20%20%51%79%58%36%72%61%73%73%22%58%51%79%58%51%20%31%35%32%20%3E%58%79%51%58%79%51%58%79%51%58%79%51%58%79%51%20%3C%62%23%3E%20=%50%6F%70%2D%42%6C%75%65%67%72%61%73%73=%31%35%32=%33"
89447fe6-5c19-406c-ade5-804a58ee8af5,"irealb://%48%61%70%70%79%20%42%69%72%74%68%64%61%79%20%20%20%20%20%20%20%20%20%20%20%20%20%20%5B%23%5D=%62%65%32%73%68%61%72%70%20%41%52%52%3A==%5A%7A%20%43%68%6F%6F%73%65%20%41%20%53%74%79%6C%65=%46==%31%72%33%34%4C%62%4B%63%75%37%6C%20%65%68%74%79%51%20%20%41%49%20%2E%67%6E%6F%73%20%72%75%6F%79%20%72%66%6F%20%79%65%6B%20%65%68%74%20%74%73%75%6A%64%74%20%69%73%20%58%30%36%2A%3C%65%67%61%70%20%6F%74%65%3E%20%72%75%6F%79%20%6E%6F%20%64%72%6F%68%63%20%73%74%61%6C%20%65%68%74%20%64%6E%61%34%33%2A%3C%20%73%6F%6E%67%6E%20%74%73%61%75%2D%6B%63%69%58%79%51%58%79%68%74%20%79%61%6C%70%20%6F%74%20%65%72%75%20%73%65%42%35%32%2A%3C%20%51%79%58%51%79%58%51%65%20%32%20%70%51%79%58%3E%2E%20,%6F%72%74%65%73%20%62%65%79%58%34%36%2A%3C%51%79%58%51%79%58%51%79%51%58%79%58%51%79%58%3E%65%68%74%20%65%72%6F%66%51%20%20%69%6E%74%6F%6E%20%70%20%51%79%58%51%68%65%20%73%6F%3C%20%20%51%79%58%51%79%58%51%79%58%51%79%51%58%79%58%3E%2E%6C%6C%65%77%20%73%61%20%67%6E%2A%33%32%58%79%74%20%64%6E%61%33%54%41%2A%5B%20%2E%20%22%48%66%5A%4C%37%43%20%46%34%33%54%69%2A%5B%20%79%51%58%51%79%58%3E%22%79%70%2D%20%2D%20%70%61%46%58%79%51%5D%2E%20%2E%20%2E%66%5A%4C%37%43%7C%43%37%58%79%66%7C,%57,%62%42%6C%66%7C,%37%46%73%20%20%46%7C%51%79%58%46%7C%51%79%58%37%43%7C%51%78%4C%5A%46%20%51%79%58%46%34%6E%61%6C%73(%66%46%20%5A%3C%6D%72%65%66%20%68%74%69%77%20%73%65%72%75%61%73%65%6D%20%65%68%54%20%20%51%79%58%32%33%2A%61%74%61%73%20%55%5A%4C,%46%20%65%73%6F%68%69%72%64%27%73%74%20%74%63%61%66%20%65%68%74%20%74%6E%65%65%73%72%70%65%72%3C%20%3E)%22%73%65%79%65%20%68%61%74%20%74%62%22%20%3A%67%65%79%61%6C%70%72%65%73%20%61%6C%61%20%20%51%79%58%32%34%2A%3C%51%79%58%79%51%58%51%79%58%51%79%58%51%79%58%3E%20%65%72%77%61%79%73%20%75%73%61%65%6D%35%2A%3C%20%51%67%20%6C%6F%6E%51%79%58%51%79%58%51%79%58%3E%2E%73%72%65%74%68%6F%20%65%68%74%20%6E%61%68%74%20%72%65%67%58%79%51%58%79%6E%75%73%2F%64%32%2A%3C%20%3E%20%55%73%65%66%20%2F%67%6E%69%77%53%20%6D%75%69%64%65%4D%7A%2D%7A%61%4A%20%3A%73%65%6C%79%74%53%20%6C%75%6D%6D%20%39%30%20%51%79%58%34%20%79%42%20%20%2D%45%76%65%6E%2A%3C%51%79%58%51%79%58%51%79%58%51%79%58%79%51%58%3E%30%39%20%6D%6D%20%2F%73%68%74%38%20%35%32%58%79%51%7A%7A%61%4A%34%32%2A%3C%20%3E%69%6E%67%20%61%68%74%20%6E%61%68%74%20%6F%70%6D%65%54%20%61%6C%65%52%69%20%72%65%77%6F%6C%73%20%61%20%74%65%20%6F%6E%65%74%72%61%74%73%79%58%51%79%58%65%73%74%65%64%62%6F%20%74%73%72%69%66%20%75%6F%79%20%74%68%61%74%20%65%72%75%73%6E%69%20%75%6F%79%20,%74%61%69%6E%3E%67%67%75%73%36%74%63%65%72%72%79%51%58%79%51%74%20%67%6E%69%79%61%6C%70%20%74%61%20%79%61%63%72%75%63%63%61%20%20%51%79%58%34%37%2A%3C%68%65%20%63%6F%58%51%79%58%51%20%6E%6F%74%65%73%2E%20%3E%58%79%51%58%79%51%58%79%51%58%79%51%58%79%51%20%3C%62%23%3E%20=%4A%61%7A%7A%2D%4D%65%64%69%75%6D%20%53%77%69%6E%67=%39%30=%33"
8907be12-303c-459e-a328-aa0fde3ae4ab,irealb://%43%65%72%63%61%20%44%65%20%54%69=%4A%65%73%C3%BA%73%20%41%64%72%69%C3%A1%6E%20%52%6F%6D%65%72%6F==%42%61%6C%6C%61%64%20%45%76%65%6E=%43==%31%72%33%34%4C%62%4B%63%75%37%20%2C%2A%6D%2A%34%43%2C%2A%41%20%2C%47%20%73%75%73%47%5A%4C%2C%2A%6D%2A%20%44%46%7C%51%79%58%2C%2A%6D%2A%41%7C%51%79%58%7D%7C%2A%42%44%34%54%69%2A%7B%46%5A%4C%2C%2A%79%51%7C%44%2A%44%5A%4C%47%20%43%3E%6F%72%6F%43%32%37%2A%43%3C%2A%7B%7C%51%79%58%47%5A%4C%46%20%2C%2A%6D%2C%20%41%2A%6D%58%47%5A%4C%46%20%43%4C%5A%47%73%75%73%20%47%2C%20%7D%7C%51%43%20%20%55%20%5A%20=%4A%61%7A%7A%2D%42%61%6C%6C%61%64%20%45%76%65%6E=%36%30=%33
89ed3388-a2c8-4344-ac3e-c7e3a206d96f,irealb://%43%6F%72%72%6F%20%41%20%54%69=%4C%C3%B3%70%65%7A%20%45%72%69%63==%42%61%6C%6C%61%64%20%45%76%65%6E=%43==%31%72%33%34%4C%62%4B%63%75%37%6F%64%6F%74%20%34%41%2D%2C%2A%36%2A%3C%7C%7D%20%47%20%2A%34%73%75%73%2A%7C%47%51%79%58%43%7C%51%79%58%46%7C%51%79%58%41%39%45%72%65%73%34%54%69%2A%7B%51%79%58%47%34%75%65%20%71%75%20%2D%41%5A%4C%46%20%62%42%7C%51%79%58%2D%7C%41%51%79%58%2D%44%3E%20%2E%2E%2E%6F%72%65%69%47%4C%5A%54%32%71%20%6F%6C%20%3C%7D%20%2C%47%34%3C%2A%36%39%42%20%2D%45%7C%51%79%58%41%7C%51%79%58%44%2E%3E%2E%2E%2E%69%54%20%61%20%6F%72%72%6F%43%20%2D%4C%5A%43%20%34%54%42%2A%7B%20%6F%54%31%35%75%20%6D%65%20%4C%41%20%47%5A%4C%2D%42%20%2D%45%5A%4C%41%44%20%3E%2E%2E%2E%73%61%72%64%6E%65%74%73%6F%73%5A%44%20%3C%2A%54%20%33%36%2A%2F%41%7C%51%79%2A%43%3C%2A%36%2E%2E%73%61%73%65%6D%6F%72%70%20%73%75%54%6E%20%65%20%6F%69%67%75%66%65%72%20%65%4D%20%39%2E%3E%42%2D%58%7B%20%20%3E%41%51%79%58%47%7C%7C%47%20%20%53%2E%2E%2E%69%54%20%61%20%6F%72%72%6F%43%33%2A%36%3C%7C%51%79%58%44%53%7D%20%41%20%44%5A%4C%3E%43%58%79%51%51%79%58%23%46%2A%3C%42%2A%5A%2D%4C%5A%42%62%4C%2D%42%20%2D%45%7C%51%79%58%41%7C%51%79%44%58%3E%20%6F%6C%6F%53%39%36%2A%3C%5D%20%46%20%5A%43%20%47%4C%41%20%2D%44%7C%20%75%54%20%33%72%72%6F%20%61%2C%47%20%43%5A%4C%2D%42%20%2D%45%7C%51%79%41%58%7C%51%79%58%44%3E%20%2E%2E%2E%2E%69%54%20%20%7B%3C%2A%36%6F%43%20%39%36%6D%65%20%73%6F%73%74%65%6E%64%72%61%73%2E%2E%2E%3E%44%20%41%4C%5A%45%2D%20%42%2D%20%7D%7C%2C%66%2C%47%20%41%4C%5A%44%58%79%51%5A%20=%4A%61%7A%7A%2D%42%61%6C%6C%61%64%20%45%76%65%6E=%36%30=%33
89ecebfe-9b98-425f-a224-512bdfb351e7,irealb://%43%72%69%73%74%6F%20%52%65%69%6E%61%20%28%44%65%63%6C%61%72%61%72%C3%A9%29=%43%61%6C%76%65%74%69%20%44%61%6E%69%65%6C==%4D%65%64%69%75%6D%20%53%77%69%6E%67=%41%2D==%31%72%33%34%4C%62%4B%63%75%37%20%46%7C%51%79%34%41%2D%58%79%2E%2E%6C%61%67%65%6C%20%C3%A9%72%61%6C%63%65%20%44%39%36%2A%3C%41%2A%7B%7D%20%47%20%46%7C%51%2E%3E%41%2D%58%34%54%69%2A%7B%2E%2E%72%6F%C3%B1%38%78%3E%20%7D%20%73%65%72%65%20%6F%73%6F%72%65%64%6F%70%6F%20%64%6F%54%20%20%51%79%58%39%36%2A%3C%53%7C%54%75%20%53%65%39%36%2A%3C%47%2A%3C%20%20%2D%58%79%51%7C%44%79%58%45%3E%5E%20%37%35%2A%3C%7C%51%79%58%7C%46%51%79%58%47%7C%51%79%58%46%7C%51%79%58%2D%51%7B%2A%42%41%2D%44%3E%2E%2E%47%2C%47%2C%2D%58%79%51%58%79%43%2A%7B%7D%20%2C%51%2C%47%20%46%3E%5E%20%36%30%2A%3C%5A%4C%3E%2C%43%2C%41%20%6F%54%20%51%73%41%2D%2C%41%51%79%58%36%36%2C%43%2C%20%2D%41%2D%2C%47%2C%47%3E%78%34%39%36%2A%3C%2C%47%2C%2D%41%2C%41%2D%7C%2C%47%2C%47%2C%2D%41%2C%2D%41%7C%2C%47%2C%7D%7C%6C%41%2C%2D%41%7C%2C%3C%51%7D%20%20%44%2C%58%79%51%20%20%39%36%2A%3C%2D%41%2C%2D%41%6C%7C%51%58%79%44%7C%2C%2D%45%73%2C%43%20%2C%2D%41%6C%7C%54%6F%20%42%3E%7C%2C%2D%45%73%2A%35%34%51%75%65%20%43%72%69%73%74%6F%20%72%65%69%6E%61%3E%58%79%51%4C%5A%73%46%2C%46%2C%47%2C%47%2C%7C%41%2D%2C%66%41%2D%20%3C%20%3E%20%5A%20=%50%6F%70%2D%52%6F%63%6B=%31%31%35=%33
89340c43-fdbc-434c-aa16-d1a5fef70ec1,irealb://%45%6D%61%6E%75%65%6C=%43%72%61%66%74%20%45%76%61%6E==%48%6F%6C%69%64%61%79=%41==%31%72%33%34%4C%62%4B%63%75%37%20%41%5A%4C%44%34%41%20%44%4C%5A%4C%44%20%41%41%2A%7B%5A%4C%44%20%23%43%41%2F%5A%4C%44%20%41%5A%4C%44%20%23%43%2F%41%5A%41%2F%43%23%20%34%54%69%2A%7C%7B%51%79%58%44%43%23%20%3C%2A%5A%4C%20%3E%42%20%6F%54%39%36%2A%3C%20%44%32%34%54%7C%7D%20%44%3E%34%78%20%51%79%58%39%36%54%34%34%4E%31%2F%41%5A%4C%44%20%44%5A%4C%23%4C%5A%46%23%2D%42%5A%4C%45%20%44%5A%4C%2D%23%46%20%2D%42%4C%5A%45%20%2D%23%46%5A%4C%41%20%44%5A%4C%45%20%2D%20%41%2F%43%41%20%44%42%2A%20%3E%33%58%20%54%6F%20%69%6E%2A%3C%20%2D%23%46%31%4E%7C%51%79%58%41%7C%79%51%58%45%7C%51%79%58%44%43%2A%7B%7D%20%20%3E%36%30%58%79%51%39%33%2A%3C%51%20%7D%4E%32%44%58%79%51%7C%44%20%3C%2A%37%32%54%6F%20%42%3E%20%20%7D%7B%51%42%2D%20%41%4C%5A%44%58%79%51%7D%20=%4A%61%7A%7A%2D%4D%65%64%69%75%6D%20%53%77%69%6E%67=%31%30%30=%30
896bedad-f90b-456e-9ff4-f5f0c6223a66,"irealb://%43%72%69%73%74%6F%20%54%65%20%45%6E%74%72%6F%6E%61%6D%6F%73=%42%72%69%6E%20%43%6C%61%75%64%69%6E%61==%52%6F%63%6B=%44==%31%72%33%34%4C%62%4B%63%75%37%6D%2A%42%5A%4C%34%44,%2A%41%5A%4C,%44%5A%4C,%44%5A%4C,%47%5A%4C%47,%5A%4C,%45%5A%4C,%45%5A%4C,%44%5A%4C%42%2A%6D%2A,%34%54%69%2A%5B,%2A%6D%2A%23%23%2A%6D%2A,%42%2A%5A%4C,%41%5A%4C%43%5A%4C,%2A%6D%45%2A%5A%4C,%47%5A%4C,%2A%6D%2A%23%46%5A%4C%44,%4C%5A%46%46%5A%4C,%2A%41%20,%44%5A%5A%47,%4C%5A,%47%5A%4C,%2A%6D%2A%42%5A%4C,%23%43%41%2F%20,%44%5A%4C,%41%5A%4C,%2A%6D%2A%45%4C%5A%41,%4C%4C,%47%5A%4C%4C,%47%51%7B%5A%42%2A%6D%2A%6F%54%33%36%2A%3C%5B%20,%44%5A%4C,%44%4C%5A,%41%5A%4C,%47%5A%4C,%51,%41%20,%20%41%3E%20%20%4C,%23%43%2F%5A%41,%4C%5A%42%2A%6D%2A,%4C%5A%41,%20%7D%7C%47%4C%5A%41%4C%5A%44,%55%20%5A%20=%50%6F%70%2D%52%6F%63%6B=%31%31%35=%31"
891a78a1-977b-4aff-8c6d-92c4804d8b9b,"irealb://%45%73%70%69%72%69%74%75%20%44%65%20%56%69%64%61=%42%65%74%68%6C%69%7A%61==%42%61%6C%6C%61%64%20%45%76%65%6E=%46=%34=%31%72%33%34%4C%62%4B%63%75%37%58%62%42%7C%51%34%42%62,%58%4C%43%20%62%42%7C%7D%51%79%58,%46%5A%4C%20%43,%62%42%41%2A%7B%7D%51%79%58%46%7C%51%79%5A%44%2D%58%79%34%54%69%2A%7B%51%79%58%43%7C%58%79%51%7C%7B%7C%51%79%58,%2A%6D%2A%44%5A%4C,%45%2F%20%43%46%7C%51%79%58%43%7C%51%79%58%62%42%42%2A%42%62%58%79%51%43%66%7C%51%79%3E%41%20%6F%54%45,%4C%5A%44%3C%20%46%7C%51%79%58,%62%42%32%4E%7C%7D%79%51%58%43%31%4E%5A%4C%51,%43%20,%2A%6D%2A%2A%35%37%20%20%2F%43%20%46%7C%44%5A%4C,%45%42%62%58%79%51%51%79%58%43%32%4E%7D%51%79%58%2D%44%31%4E%51%7C%79%58%62%42%7C%51%79%58,%2A%6D%2A%44%7C%7C%46%20%43%2F%51%7B%7D%20%20%2A%6D%2A,%20%43,%4C%5A%42%62,%20%44%2A%6D%2A(%43),%4C%5A%66%43%20(%46)%3C%2A%35%34%20%20%54%6F%20%42%3E%20%20%7D%20=%4A%61%7A%7A%2D%42%61%6C%6C%61%64%20%45%76%65%6E=%36%30=%33"
89ba6b87-075b-4536-bec3-09af691354ac,"irealb://%4D%55%48%54%45%4D%45%4C%20%41%C5%9E%4B%20=%20%47%72%69%70%69%6E==%72%6F%63%6B%20=%44%2D==%31%72%33%34%4C%62%4B%63%75%37%6C%C3%B6%20%2E%32%34%3C%2A%36%34%67%20%69%6C%79%61%6C%65%64%20%65%63%65%64%73%61%6C%61%6B%6F%76%20%C3%BC%C3%A7%6C%C3%B6%20%6B%6C%69%69%74%61%72%20%34%54%41%2A%7B%2D%47%20%7C%5A%20%44%2D%20%4C%4C%20%78%20%5A%4C%20%78%20%5A%4C%20%78%20%4C%5A%20%78%20%5A%4C%20%78%20%5A%4C%20%78%20%5A%5A%20%78%20%4C%3E%65%64%C3%BC%C3%A7%4C%20%78%20%5A%20%4C%5A%20%41%5A%4C%51%79%58%5A%4C%51%79%58%7D%20%20%78%5A%20%4C%20%2D%44%20%5A%4C%20%78%20%5A%4C%20%2D%20%42%62%20%4C%78%20%5A%4C%20%20%5A%4C%20%78%5A%58%79%51%4C%42%20%5A%4C%20%78%20%5A%4C%20%78%20%5A%4C%2D%20%44%20%3E%53%45%20%32%36%2A%3C%42%2A%7B%5A%62%20%4C%5A%20%4C%20%43%20%5A%78%20%5A%4C%20%42%62%20%4C%5A%20%78%20%5A%4C%20%43%20%5A%4C%20%78%20%5A%20%4C%62%42%20,%43%2A,%7C%7D%20%20%2D%44%20%4C%5A%20%44%2D%20%5A%4C%20%43%79%58%7C%51%79%20%4C%5A%20%78%52%4F%59%49%4C%41%C3%87%20%52%41%44%41%4B%20%53%49%49%52%41%59%38%33%2A%3C%20%41%2A%5A%4C%20%55%5A%20%3E%58%78%20%5A%4C%20%30%32%2A%3C%20%51%4C%5A%58%79%6F%20%36%20%65%63%65%64%61%73%2E%31%32%34%3C%2A,%43%2A,%5A%4C%51%79%58%42%2A%5A%4C%51%6C%63%75%20%3E%79%58%5A%4C%51%6C%61%63%20%65%51%58%79%51%58%20%43%38%36%2A%3C%20%3E%20%75%63%6C%6F%20%20%33%2E%32%20%51%79%58%51%79%58%51%79%58%51%79%32%20%6B%65%72%79%58%51%79%58%20%78%75%72%6F%79%51%4C%5A%58%69%62%20%6B%65%72%65%6B%65%63%20%72%75%74%31%20%20%36%33%2A%3C,%42%2A,%7C%5A%4C%51%79%74%69%72%69%79%58%5A%4C%20%3E%3E%58%79%51%4C%5A%58%79%51%4C%5A%58%79%51%4C%5A%58%79%51%20%5A%20==%30=%30"
89744651-c645-49c0-8bab-16206a41b937,irealb://%32%35%31%20%6D%69%6E%6F%72%20%34%20%62%61%72=%4E%41%20==%4D%65%64%69%75%6D%20%53%77%69%6E%67=%43==%31%72%33%34%4C%62%4B%63%75%37%2D%62%42%7C%51%35%58%79%51%7C%46%7C%51%79%58%35%62%37%2D%43%5A%4C%20%6C%4B%63%51%79%58%37%2D%43%7C%51%79%58%39%62%37%47%37%62%39%58%79%62%37%2D%44%5B%79%58%35%62%37%63%6C%20%4C%5A%20%6C%63%4B%51%79%58%37%2D%62%41%7C%51%79%39%58%62%37%62%45%7C%51%79%58%35%62%37%2D%62%42%4C%5A%41%62%2D%4B%51%79%58%37%63%4B%51%79%58%62%39%58%79%51%79%58%39%62%37%42%7C%51%79%58%35%62%37%2D%46%23%5A%4C%20%6C%63%4B%51%79%58%37%2D%62%47%7C%51%7C%45%2D%37%37%62%44%7C%51%6C%20%4C%5A%45%2D%37%62%35%58%79%51%7C%41%37%62%39%58%79%51%7C%44%2D%37%58%79%51%4B%63%6C%20%20%5A%20==%38%35=%33
89df6464-4cf1-400a-b6f0-5a3114490c79,irealb://%41%6C%74%75%72%61%73%20%28%43%68%69%6C%65%20%47%69%67%29=%49%6C%6C%69%6D%61%6E%69%20%49%6E%74%69==%52%6E%42=%43==%31%72%33%34%4C%62%4B%63%75%37%7B%59%7D%2C%42%34%41%2D%20%44%2C%42%2F%2D%44%2C%2D%44%7C%2C%37%41%2C%37%20%45%43%7C%2C%47%2C%2D%44%20%2D%41%73%5A%4C%2D%43%2C%45%37%2F%34%54%69%2A%7B%51%79%58%28%20%2D%20%45%4C%5A%2A%3C%47%7C%51%79%58%2D%44%6C%7C%2C%37%41%35%2C%62%37%2D%45%73%20%2D%41%5A%4C%45%20%2D%41%33%36%58%79%51%41%6C%53%41%2A%5A%4C%51%2C%37%47%2F%42%4C%5A%51%79%58%2D%41%32%4E%5B%59%7D%20%37%45%20%41%2D%31%4E%5A%4C%37%45%20%62%42%7C%51%79%58%43%7C%42%62%20%45%20%3E%29%20%20%20%2E%43%2E%44%4C%5A%73%41%2D%42%2F%37%45%2C%43%2C%42%2F%2D%44%2C%2D%44%2C%7C%37%41%2C%37%45%20%43%7C%2C%47%2C%2D%44%20%2C%5D%3C%20%20%2D%44%20%2D%41%44%2C%2D%44%7C%64%61%3E%58%79%45%20%43%7C%2C%47%2C%2D%44%20%2D%41%73%5A%2D%4C%44%20%2D%41%6C%51%7B%59%20%20%51%79%58%51%37%2C%41%37%2C%6F%43%20%6C%61%58%2D%41%7C%2C%2C%45%37%2F%42%73%20%2D%41%6C%7C%42%2F%45%2C%43%73%20%2D%6C%41%7C%42%2F%45%2C%43%73%20%2D%41%6C%5B%7D%2C%43%2C%45%2F%42%43%2C%42%2F%2D%79%51%5A%20==%30=%30
891f9f2d-9bf3-413e-bb5c-64b4cc8d856d,irealb://%45%76%65%72%79%20%42%72%65%61%74%68%20%59%6F%75%20%54%61%6B%65%20%28%47%69%67%29=%50%6F%6C%69%63%65%2D%50%61%64%67%68%61%6D==%50%6F%70=%41==%31%72%33%34%4C%62%4B%63%75%37%20%20%6C%63%4B%79%51%4B%63%6C%23%46%31%4E%7C%51%79%58%37%45%7C%51%79%58%5A%44%4C%20%6C%63%4B%51%79%58%2D%23%46%5A%4C%20%2D%2C%58%79%51%58%41%41%2A%7B%51%79%58%37%42%79%51%20%4C%5A%4B%51%79%58%41%7C%51%79%58%43%7C%51%79%58%42%44%2A%5B%5D%20%20%6C%63%4B%51%79%58%41%32%4E%63%6C%20%4C%5A%58%51%79%58%7D%58%37%45%7C%51%5A%45%37%58%79%20%6C%63%4B%51%79%58%2D%23%46%5A%4C%20%6C%4B%63%51%79%58%41%41%2A%5B%5D%20%20%6C%63%4B%51%4C%5A%44%58%79%4C%20%6C%63%4B%30%2A%3C%7C%51%2D%2C%58%79%51%20%20%6C%63%4B%51%79%58%37%47%5A%4C%20%6C%4B%63%51%79%58%46%43%2A%7B%5D%20%51%20%6C%63%4B%7D%7C%46%58%79%23%46%7C%51%79%6C%63%4B%51%79%20%61%6C%20%43%7C%51%79%58%37%45%7C%51%79%58%44%51%5B%20%51%20%79%58%51%79%58%5D%20%20%78%20%3E%61%64%6F%46%23%2D%2C%58%2E%43%2E%44%39%20%4C%5A%46%23%2D%58%79%51%4B%63%6C%20%20%7B%41%58%79%51%4B%63%6C%20%4C%5A%46%23%2D%58%79%51%7C%44%20%45%2C%20%7D%66%41%2C%58%79%51%5A%20==%30=%30
893a1793-8b51-4fab-810b-5b6e94fb1cd9,irealb://%53%74%72%61%79%20%43%61%74%20%53%74%72%75%74%20%28%47%69%67%29=%2E%2E==%4D%65%64%69%75%6D%20%55%70%20%53%77%69%6E%67=%42%2D==%31%72%33%34%4C%62%4B%63%75%37%20%3E%74%6E%65%58%79%51%7C%6E%36%30%2A%3C%20%2D%42%3E%EF%BC%9E%E2%99%A9%36%30%2A%3C%4C%5A%23%46%20%47%5A%4C%41%20%2D%42%7C%51%79%58%4F%72%6E%61%6D%6E%34%34%54%5B%78%33%32%31%2A%51%7B%42%2D%20%5A%4C%41%20%2D%42%3E%31%20%73%72%56%20%33%2A%36%3C%41%2A%7B%59%7D%20%23%46%20%47%5A%4C%41%47%20%46%23%3C%79%58%6E%5A%4C%45%3E%32%20%73%30%36%E2%99%A9%EF%BC%9E%3E%2A%3C%42%2A%7B%59%5D%51%79%58%6E%5A%4C%20%74%3E%6E%65%6D%61%6E%72%4F%36%30%2A%3C%20%2D%42%36%30%20%56%72%2A%3C%7D%20%3E%3C%7D%20%3E%78%64%69%65%73%20%37%42%20%43%5A%4C%44%20%3E%22%74%61%68%74%73%20%27%74%61%68%74%20%6E%61%6D%20%2C%74%61%63%3C%2A%34%38%33%61%4C%22%3C%2D%63%20%6C%6C%69%EF%BC%9E%3E%45%2D%58%47%5A%4C%41%20%2D%42%3E%6F%6C%6F%53%20%37%2A%35%3C%43%2A%7B%59%59%5D%51%79%58%6E%7C%51%79%3C%2A%30%39%54%E2%99%A9%20%30%36%2A%68%43%20%30%36%23%20%7D%3C%2A%59%5D%51%79%58%6E%5A%4C%20%3E%74%6E%65%6D%6E%61%72%4F%36%30%2A%3C%20%2D%42%3E%EF%BC%9E%E2%99%A9%36%30%5B%2A%44%3C%2A%46%20%3E%65%75%46%7C%51%79%58%45%2D%58%79%51%79%58%37%2D%45%7C%51%79%58%2D%45%5A%4C%20%63%6C%4B%51%79%58%2D%42%7C%51%79%58%37%2D%45%7C%51%7C%43%23%37%3E%73%75%72%6F%2A%3C%20%2D%42%7B%2A%43%3C%2A%2A%3C%7D%20%3E%78%33%35%31%2A%3C%23%46%20%5A%47%4C%41%20%2D%42%3E%33%20%73%72%56%20%33%36%30%36%E2%99%A9%EF%BC%9E%3E%5D%51%79%58%23%20%2D%42%3E%EF%BC%9E%61%6D%65%6E%74%5A%4C%23%46%20%47%5A%4C%41%20%2D%42%51%7C%5D%59%20%20%3E%2E%53%2E%44%3C%20%6E%5A%4C%20%3E%3C%2A%30%36%E2%99%A9%6E%72%4F%36%30%3C%2A%30%36%4F%72%6E%61%6D%65%6E%74%3E%20%4C%5A%6E%20%20%3C%2A%30%36%E2%99%A9%EF%BC%9E%3E%73%42%2D%2C%5A%20==%30=%30
8903bcdc-6f98-42ec-b212-8c8ea253ca34,irealb://%53%77%65%65%74%20%50%65%61%20%28%42%65%6C%6F%66%66%20%61%72%72%2E%29=%52%6F%65%20%54%6F%6D%6D%79==%4D%6F%64%65%72%61%74%65%6C%79=%47==%31%72%33%34%4C%62%4B%63%75%37%20%37%44%5A%4C%34%47%58%79%51%47%20%37%44%5A%4C%43%20%47%41%2A%7B%5D%20%20%47%37%44%7C%51%79%58%47%5A%4C%47%20%37%44%7C%4C%5A%47%20%43%34%54%69%2A%5B%5A%4C%47%20%37%43%4C%5A%44%37%47%5A%4C%47%20%37%44%7C%51%79%58%47%42%2A%5D%5B%20%47%20%37%44%5A%4C%43%20%47%5A%4C%47%20%58%79%51%7C%44%20%47%5A%4C%47%37%44%5A%4C%43%44%37%20%47%4C%20%47%20%37%44%33%4E%7D%20%47%20%37%44%32%7C%4E%7D%20%47%20%37%44%31%4E%7C%51%79%58%47%5A%5B%2A%41%47%20%7C%51%79%58%47%43%20%47%51%5A%20%43%4C%5A%44%51%79%58%5A%20%47%20%37%44%5A%4C%43%20%47%4C%5A%47%20%37%44%5A%4C%43%20%47%5A%4C%47%20%37%58%79%51%20%4C%47%5A%4C%47%20%4C%5A%44%37%20%47%4C%5A%47%20%43%4C%5A%44%37%20%47%20%5A%20=%50%6F%70%2D%52%6F%63%6B=%31%31%35=%31
89cfd285-8ec3-4c5d-9d42-5b2c07fb3985,irealb://%47%79%70%73%79%20%53%77%69%6E%67%20%2F%54%47%4A%43=%3F%3F%3F==%55%70%20%54%65%6D%70%6F%20%53%77%69%6E%67=%43==%31%72%33%34%4C%62%4B%63%75%37%51%79%58%62%45%51%4B%63%6C%20%4B%51%79%58%2D%47%5A%4C%20%6C%63%4B%51%79%37%58%44%5A%4C%20%6C%63%4B%51%79%58%2D%43%5A%4C%63%6C%20%4C%5A%79%58%2D%47%5B%64%65%62%69%72%5A%43%2D%58%79%74%28%20%64%6E%75%6F%53%20%79%7A%61%72%43%44%20%43%20%34%31%30%32%3C%5A%4C%20%6C%63%4B%51%72%61%6E%73%63%4C%20%6C%63%4B%20%62%79%20%4D%61%72%74%69%6E%20%47%69%6F%61%6E%69%29%3E%44%37%58%79%51%4B%63%6C%20%4C%5A%47%2D%20%46%4C%5A%45%62%37%20%44%37%20%5D%20=%4A%61%7A%7A%2D%55%70%20%54%65%6D%70%6F%20%53%77%69%6E%67=%32%34%30=%33
89227204-d2cb-4c26-b89b-e07be6d41a4d,irealb://%42%72%69%6C%68%61%20%4A%65%73%75%73=%2E==%4D%69%6E%69%73%74%C3%A9%72%69%6F%20%4C%69%76%72%65=%43==%31%72%33%34%4C%62%4B%63%75%37%34%2A%41%20%41%20%41%2A%34%2A%20%41%5A%4C%2A%34%2A%41%20%41%41%2A%5B%20%51%20%79%58%51%79%58%7D%20%41%2F%45%20%41%5A%4C%45%2F%41%4C%5A%41%34%34%54%7B%7C%51%79%58%5E%45%2F%41%4C%5A%46%20%2D%23%43%5A%4C%44%2F%45%20%5E%44%5A%2D%4C%23%46%20%2D%23%43%5A%4C%44%2F%45%20%5E%44%23%2D%4C%5A%47%20%41%5A%4C%2A%58%41%2F%44%5A%45%4C%5A%47%5E%41%3E%4F%C3%83%52%46%45%52%51%79%58%36%36%2A%42%3C%2A%7B%5D%20%45%20%2A%34%2A%45%7C%51%79%58%20%45%2F%41%4C%20%2A%34%2A%45%7D%20%45%20%2A%58%79%51%7C%45%79%58%5E%47%31%4E%5B%51%79%58%2D%23%46%5A%62%4C%41%2F%45%20%23%43%2F%41%20%45%20%2A%34%2A%51%7C%45%2A%34%2D%42%7C%51%79%2A%45%20%41%3E%6F%6C%74%61%20%65%72%20%6F%20%72%69%74%65%70%65%72%20%61%61%72%50%3C%5B%20%45%20%2D%42%3E%6F%72%74%6E%69%66%72%C3%A3%6F%20%56%3C%32%4E%5B%34%2A%20%5D%20==%30=%30
89207f8c-e498-4d9c-bbae-42a8ece52542,irealb://%43%65%6C%65%62%72%65%20%41%6F%20%52%65%69=%2E==%4D%69%6E%69%73%74%C3%A9%72%69%6F%20%4C%69%76%72%65=%43==%31%72%33%34%4C%62%4B%63%75%37%58%46%7C%51%79%34%43%58%79%51%79%58%47%7C%51%79%58%43%7B%7D%51%79%58%41%46%2F%7C%51%79%58%62%42%7C%51%79%58%42%2F%47%7C%51%7C%41%2D%58%34%54%69%2A%7B%65%52%32%37%2A%79%51%7C%47%58%79%58%51%79%58%7C%51%79%58%47%7C%51%79%58%7C%47%7D%51%79%58%46%7C%51%79%58%2D%41%7C%51%79%51%20%20%7B%3C%58%43%7C%51%79%79%58%46%7C%51%3E%43%58%79%51%51%79%58%42%2F%47%7C%51%79%58%43%7C%51%79%46%58%7C%51%79%58%2D%41%7C%51%79%58%42%2F%47%7C%7C%41%2D%58%79%20%6F%C3%A3%72%66%51%7D%20==%30=%30
893ad0d7-0b6e-47ac-98ce-99de86e3d15d,irealb://%46%65%65%2D%46%69%2D%46%6F%2D%46%75%6D%2D%52%65%76%20%4A%45=%53%68%6F%72%74%65%72%20%57%61%79%6E%65==%4D%65%64%69%75%6D%20%53%77%69%6E%67=%42%62==%31%72%33%34%4C%62%4B%63%75%37%39%23%37%44%20%34%45%62%37%20%37%47%20%37%2D%44%5A%4C%37%44%20%37%5E%42%4C%5A%37%5E%62%41%20%37%2D%47%5A%4C%39%23%37%44%4C%5A%45%62%37%34%54%41%2A%5B%58%37%62%42%5A%20%41%62%5E%37%51%79%58%37%62%45%42%2A%5B%5D%51%79%58%37%42%62%5A%4C%37%46%20%29%37%62%47%28%37%43%5A%4C%4B%63%6C%20%4C%37%2D%47%5A%4C%4C%39%23%37%44%20%4C%5A%45%62%2A%5B%5D%20%37%44%20%37%2D%41%5A%4C%37%62%20%45%37%2D%62%42%5A%4C%20%6C%63%4B%51%79%58%37%41%45%62%37%20%6C%63%4B%51%79%3C%2C%55%2C%7C%41%62%5E%37%4C%20%37%43%5A%4C%39%23%37%44%20%37%62%45%5A%37%4C%47%20%37%2D%44%5A%4C%37%44%20%37%5E%42%5A%20%73%42%5E%2C%20%37%2D%47%5A%46%49%4E%45%3E%6C%6E%58%79%51%4B%63%6C%20%20%5A%20=%4A%61%7A%7A%2D%4D%65%64%69%75%6D%20%53%77%69%6E%67=%31%32%30=%35
897429ee-c8f0-49f6-aa46-4610b361f109,irealb://%49%74%27%73%20%59%6F%75%20%4F%72%20%4E%6F%20%4F%6E%65%2D%52%65%76%20%4A%45=%53%74%79%6E%65%20%4A%75%6C%65==%55%70%20%54%65%6D%70%6F%20%53%77%69%6E%67=%46==%31%72%33%34%4C%62%4B%63%75%37%46%7C%51%79%58%34%47%2D%37%58%58%37%2D%47%5A%4C%37%44%20%37%2D%41%5A%4C%62%37%42%20%37%5E%46%7C%51%79%58%37%43%7C%51%79%79%51%7C%43%37%34%54%41%2A%5B%5A%4C%37%47%20%37%4C%5A%43%2D%79%58%37%5E%62%41%7C%51%79%58%37%62%45%7C%79%51%58%37%2D%62%42%42%2A%5B%5D%20%37%46%20%37%51%7C%41%62%37%62%44%20%37%5E%51%79%58%37%43%2D%37%4C%5A%44%2D%47%41%2A%5B%5D%20%37%62%44%20%37%2D%62%5A%41%4C%37%43%20%37%2D%47%5A%4C%37%47%20%37%2D%37%58%79%51%7C%41%20%37%5E%43%37%46%28%39%62%42%62%37%4C%5A%58%29%37%2D%43%28%37%68%41%7C%51%79%58%37%7C%43%51%79%58%37%2D%47%5A%4C%37%44%20%37%2D%41%79%51%7C%44%37%20%37%5E%46%7C%4C%37%62%44%20%20%5D%5B%2A%43%4C%37%44%20%37%2D%41%5A%4C%37%62%45%20%37%62%2D%42%7C%51%79%58%29%37%5E%62%42%28%37%68%42%5A%41%62%2D%37%43%2F%57%20%29%7C%51%79%58%37%79%51%7C%43%37%51%5B%5D%2C%6E%2C%37%62%44%2C%6E%2C%37%2D%41%62%5A%4C%20%6E%2C%36%46%73%2C%5A%4C%51%20%20%2C%6C%41%62%2D%58%37%2D%47%5A%3C%55%5A%4C%37%51%7C%47%2D%37%47%5A%4C%36%2D%62%41%20%37%2D%41%5A%4C%36%62%2D%42%20%68%42%7C%51%79%58%37%43%7C%51%79%58%2D%37%20%47%62%79%58%37%62%44%46%49%4E%45%3E%46%5E%58%79%51%5A%20=%4A%61%7A%7A%2D%55%70%20%54%65%6D%70%6F%20%53%77%69%6E%67=%32%30%30=%33
89ee56f0-a82e-466f-8fbd-dffb072d0c67,irealb://%50%6F%6C%6B%61%64%6F%74%73%20%41%6E%64%20%4D%6F%6F%6E%62%65%61%6D%73%20%52%65%76%20%45%78%74%65%6E%64%65%64=%56%61%6E%2D%48%65%75%73%65%6E%20%4A%69%6D%6D%79==%42%61%6C%6C%61%64=%46==%31%72%33%34%4C%62%4B%63%75%37%74%6C%61%37%42%34%46%5E%2C%58%43%20%2C%31%31%23%39%62%44%20%2C%37%2D%44%4C%5A%2C%39%62%37%62%45%20%2C%39%62%37%45%51%79%37%73%75%73%20%34%54%41%2A%7B%2D%44%5A%4C%35%20%73%41%37%2C%45%20%2C%39%62%37%45%51%79%58%5E%46%5A%4C%43%39%20%74%6C%61%37%62%44%6C%7C%2C%33%31%62%41%62%37%62%39%23%5E%62%42%5A%4C%44%7C%51%79%58%23%31%31%20%43%74%6C%61%37%41%20%73%75%73%37%41%7C%51%79%5E%58%62%42%5A%4C%74%6C%61%37%42%20%73%75%73%37%4C%5A%44%2D%37%39%62%44%20%37%41%5A%4C%62%42%37%2F%43%2C%4C%43%31%4E%7C%51%79%58%37%2D%47%5A%4C%33%31%41%62%20%37%2D%41%5A%4C%36%2D%62%42%20%68%42%5A%37%20%43%37%2F%46%20%2C%39%62%7C%51%79%58%39%31%33%23%31%31%6C%61%37%62%47%20%37%43%32%4E%7C%59%20%51%58%79%7D%20%74%6C%61%37%62%47%20%37%2D%47%5A%4C%74%4C%5A%46%36%62%41%20%37%2D%5A%4C%37%2D%23%33%62%39%20%5D%39%45%2C%39%45%5A%4C%68%42%5A%4C%37%2D%23%7C%46%2C%23%47%2F%37%23%43%2C%5E%41%73%42%2A%5B%2F%44%2C%7C%43%31%45%20%68%42%43%2C%36%41%5A%42%68%4C%5A%42%62%42%5A%4C%68%42%5A%4C%37%2D%23%46%7C%2C%47%23%2F%37%23%43%2C%5E%41%5A%4C%31%31%23%39%62%39%23%31%31%4C%5A%4C%33%31%43%20%37%43%6C%33%2C%7C%46%23%68%58%7D%74%6C%61%37%62%47%2C%73%75%73%37%43%2C%7C%31%31%23%33%31%62%44%2C%37%2D%47%5A%4C%2C%79%51%4C%5A%4E%23%47%2F%37%23%62%41%7C%51%79%74%2C%51%4C%5A%41%2C%51%2C%5B%5D%20%74%6C%61%37%62%47%20%2D%37%47%5A%4C%31%31%23%33%31%62%41%20%39%36%46%37%61%6C%74%58%6C%61%37%62%47%55%5A%4C%5E%62%58%79%51%7C%47%5A%4C%37%62%41%20%37%2D%41%5A%4C%37%2D%62%20%42%68%42%7C%51%79%58%37%43%7C%51%79%58%37%2D%47%2D%37%20%47%31%31%23%33%31%46%5E%58%79%51%5A%20=%4A%61%7A%7A%2D%42%61%6C%6C%61%64%20%45%76%65%6E=%31%30%30=%33
89d187b2-85e8-4604-8f46-f2dedbce4740,irealb://%55%70%20%4A%75%6D%70%65%64%20%53%70%72%69%6E%67=%48%75%62%62%61%72%64%20%46%72%65%64%64%69%65==%57%61%6C%74%7A=%42%62==%31%72%33%34%4C%62%4B%63%75%37%79%58%37%2D%46%34%42%62%5E%37%2D%47%5A%4C%37%6F%23%46%20%37%46%7C%51%79%37%58%2D%43%7C%51%79%58%35%23%37%47%7C%51%79%58%37%58%79%51%7C%33%54%41%2A%7B%2D%62%45%2C%37%58%79%51%7C%41%4E%7C%51%79%58%37%2D%44%7C%51%79%58%37%2D%45%62%7C%51%79%58%37%2D%44%7C%51%79%58%39%62%37%31%73%45%62%2D%37%68%45%7C%51%20%6E%20%37%42%62%2D%2F%43%4C%68%43%6C%5A%4C%62%44%2F%37%45%2C%44%2F%37%2C%45%37%45%73%7C%51%79%58%31%31%23%37%42%6C%5A%37%58%79%51%7C%45%2C%62%44%2F%58%51%79%58%51%62%2D%37%20%45%44%20%6E%7C%51%79%58%36%62%42%7C%51%79%58%42%37%7C%51%79%58%37%2D%43%5A%4C%62%44%2F%2D%62%37%20%5D%58%79%45%32%4E%7C%7D%75%73%37%62%44%5B%2A%42%47%2D%2D%62%41%7C%51%79%58%37%44%7C%51%79%58%37%41%2D%5A%4C%62%42%2F%43%20%37%43%7C%51%79%58%37%37%58%79%51%7C%51%79%58%51%79%62%45%20%37%2D%43%2D%37%20%3C%59%5D%20%20%6E%2C%37%42%5A%4C%20%3E%67%6E%64%69%6E%65%20%64%72%33%20%6C%61%20%2E%43%2E%44%7C%4E%33%45%62%7C%51%79%58%73%51%79%58%51%79%5A%43%2D%37%58%79%58%5D%20%37%42%6C%2C%37%2D%43%6E%73%7C%79%51%58%5E%62%42%5A%4C%51%20%20%37%42%7C%51%79%51%58%79%51%58%4C%62%44%2F%2D%58%5E%62%42%55%79%51%7C%45%62%42%7C%51%79%58%37%2D%43%7C%51%79%58%37%62%7C%44%51%79%58%74%6C%61%37%44%7C%51%79%58%37%2D%5E%58%79%51%7C%58%68%45%51%7C%79%51%5A%20=%4A%61%7A%7A%2D%53%77%69%6E%67%20%54%77%6F%2F%46%6F%75%72=%31%36%35=%33
89b9f9ac-db94-4a3f-8447-e1349e905135,irealb://%48%65%72%65%27%73%20%54%68%61%74%20%52%61%69%6E%79%20%44%61%79%2D%52%65%76%20%4A%45=%56%61%6E%2D%48%65%75%73%65%6E%20%4A%69%6D%6D%79==%42%61%6C%6C%61%64=%46==%31%72%33%34%4C%62%4B%63%75%37%37%2D%62%42%5A%34%46%2D%28%46%37%5E%62%44%5A%4C%37%44%20%29%37%62%41%28%2D%36%62%45%5A%4C%45%2F%37%5E%2D%46%20%29%37%5E%20%43%2D%37%4C%34%54%41%2A%5B%7C%51%79%58%37%4C%5A%47%2D%37%58%37%2D%62%42%5A%4C%37%46%20%37%2D%43%7C%79%51%58%37%5E%46%7C%51%79%58%37%43%7C%51%79%58%79%51%7C%45%62%62%41%2F%57%20%28%2D%46%5B%5D%79%51%7C%44%62%2D%47%5A%4C%37%2D%44%20%37%5E%46%7C%51%79%37%58%43%7C%51%79%58%37%2D%47%7C%51%79%58%37%5E%37%20%43%37%20%58%37%5E%62%41%2D%47%5A%4C%62%46%2D%5E%37%2F%2D%62%42%5A%4C%37%2D%43%20%37%5E%62%44%5A%37%4C%44%20%29%37%62%41%28%36%2D%62%45%5A%4C%45%37%20%57%2F%41%20%29%37%5E%46%7C%2C%62%42%2F%43%37%58%79%51%20%37%2D%47%5A%4C%41%2F%57%20%37%5E%62%42%4C%5A%37%46%20%37%2D%43%7C%51%79%58%37%5E%46%7C%73%43%37%2C%57%7C%51%79%58%37%6C%41%2D%37%20%44%2D%37%4C%5A%41%62%6F%58%79%51%7C%47%2D%37%58%79%51%7C%43%37%58%79%51%7C%46%36%20%44%2D%37%4C%5A%47%2D%37%20%43%37%20%5A%20=%4A%61%7A%7A%2D%42%61%6C%6C%61%64%20%44%6F%75%62%6C%65%20%54%69%6D%65%20%46%65%65%6C=%37%35=%33
89aabb9b-b81d-474c-a1cf-57d3db2c690a,irealb://%41%6C%6D%6F%73%74%20%57%69%74%68%20%59%6F%75=%54%68%65%20%43%68%75%72%63%68%20%28%53%74%65%70%68%65%6E%20%4B%69%6C%62%65%79%29==%4D%65%64%69%75%6D%20%52%6F%63%6B=%43==%31%72%33%34%4C%62%4B%63%75%37%51%79%58%37%2D%58%79%51%7C%47%20%51%79%58%7D%20%3E%78%33%3C%20%20%42%2F%31%47%4E%7C%51%79%58%37%2D%41%7C%51%79%58%42%2F%59%7C%4E%33%41%43%34%34%54%7B%51%79%58%5A%4C%7C%47%58%79%51%51%79%58%5A%4C%51%79%58%5A%4C%51%79%58%5A%51%4C%79%58%5A%4C%51%79%58%7C%51%79%58%43%7C%5D%4C%5A%58%79%51%51%79%58%47%7C%51%79%58%5A%4C%4C%5A%58%79%51%51%79%58%5A%4C%51%79%58%5A%4C%51%79%58%5A%51%4C%79%58%5A%4C%51%79%58%5A%4C%51%79%58%5A%4C%4C%5A%58%79%51%51%79%58%5A%4C%51%79%58%5A%4C%4C%5A%58%79%51%51%79%58%5A%4C%51%79%58%5A%4C%51%79%58%5A%51%4C%79%58%5A%4C%51%79%58%5A%4C%51%79%58%5A%4C%4C%5A%58%79%51%51%79%58%5A%4C%51%79%58%5A%4C%4C%5A%58%79%51%51%79%58%5A%4C%51%79%58%5A%4C%51%79%58%5A%51%4C%79%58%5A%4C%51%79%58%5A%4C%51%79%58%5A%4C%4C%5A%58%79%51%51%79%58%5A%4C%4C%5A%58%79%51%4C%5A%58%79%51%4C%5A%58%79%51%20%5A%20=%4A%61%7A%7A%2D%55%70%20%54%65%6D%70%6F%20%53%77%69%6E%67=%32%34%30=%30
893b41ef-39ab-4a55-8fbe-56a20f03cc6f,irealb://%43%68%6F%69%72%20%47%69%72%6C=%57%61%6C%6B%65%72%20%44%6F%6E==%4D%65%64%69%75%6D%20%52%6F%63%6B=%43==%31%72%33%34%4C%62%4B%63%75%37%2D%44%7C%51%79%34%73%43%58%79%37%2D%41%20%2C%44%42%2A%7C%59%7D%51%79%58%7C%43%51%79%58%37%2D%44%7C%51%79%58%2D%41%7C%51%2C%4C%5A%47%58%34%54%41%2A%7B%58%37%2D%44%43%37%2C%4C%5A%44%79%58%2C%43%7C%51%79%58%37%47%7C%51%79%58%41%2D%7C%51%79%58%2D%45%5A%4C%2C%47%20%2C%37%2D%51%7D%59%7C%2A%2D%41%20%2C%37%59%5D%51%79%58%37%58%79%51%7C%58%47%7C%51%79%58%37%2D%47%7C%51%79%58%37%47%2D%7C%51%79%58%37%2D%41%7C%51%79%58%37%2D%41%79%51%7C%47%37%2D%44%7C%51%79%20%2C%37%2D%44%58%79%51%7C%41%5A%4C%2C%37%2D%41%20%2C%44%42%2A%7C%59%7D%79%51%58%43%7C%51%79%58%37%2D%44%7C%51%79%58%2D%47%58%79%51%7C%43%73%41%2A%7B%41%2D%37%2C%4C%5A%44%2D%37%2C%20%47%2C%4C%5A%45%2D%58%79%51%7C%41%2D%58%79%51%7C%47%37%58%79%51%7C%43%2C%58%79%51%5A%20=%50%6F%70%2D%53%6F%75%6C=%39%35=%31
894edc9a-65b2-4449-994e-2d68c804aad6,irealb://%4D%65%20%48%61%63%65%73%20%46%61%6C%74%61=%4A%6F%73%C3%A9%20%41%6E%74%6F%6E%69%6F==%50%6F%70=%47==%31%72%33%34%4C%62%4B%63%75%37%58%44%7C%51%79%34%47%58%79%51%7B%7D%51%79%58%44%7C%51%79%58%47%7C%51%79%43%58%7C%51%79%58%2D%45%7C%51%79%58%68%23%46%7C%2A%42%53%43%58%34%54%41%2A%7B%7C%51%79%58%43%20%44%2F%46%23%45%5A%4C%23%46%2F%44%20%47%7C%51%79%58%44%51%7C%79%58%43%43%2A%7C%7D%51%79%58%2D%45%5A%4C%2D%58%79%51%7C%2C%47%7C%51%79%7C%51%79%58%2D%47%20%42%37%2F%4C%44%34%34%54%5A%4C%2D%41%34%32%54%51%5A%42%4C%2F%47%20%43%5A%4C%44%20%2D%45%5A%4C%23%46%5A%7B%2A%44%45%7C%51%79%58%44%47%7C%51%79%58%47%58%79%51%7C%45%5B%20%44%20%2D%41%51%7C%59%59%7D%51%79%3E%58%61%64%6F%43%20%6C%61%20%2E%53%2E%44%3C%44%58%79%51%7C%43%7C%51%79%58%43%4C%23%46%2F%44%7B%2A%42%43%58%58%44%7C%51%79%58%43%7C%7D%51%79%58%2D%45%4C%5A%23%46%2F%44%20%47%7C%51%79%58%44%7C%51%79%79%51%7C%47%20%5A%4C%44%5A%4C%79%58%47%66%5B%51%7C%43%58%79%41%5A%4C%42%2F%47%20%43%5A%4C%44%20%2D%45%4C%5A%23%46%2F%37%42%20%47%7C%51%79%58%44%7C%51%2D%20%66%44%20%79%58%2D%45%5A%51%5A%20==%30=%30
89a63648-b8b1-44f7-bde5-dc383311e9ca,irealb://%4E%61%20%43%61%64%C3%AA%6E%63%69%61%20%64%6F%20%53%61%6D%62%61%20%28%4E%6F%76%6F%73%20%42%61%69%61%6E%6F%73%29=%41%74%61%75%6C%66%6F%20%41%6C%76%65%73%20%65%20%50%61%75%6C%6F%20%47%65%73%74%61==%53%61%6D%62%61=%43%2D==%31%72%33%34%4C%62%4B%63%75%37%61%73%20%6F%64%2A%36%39%20%20%6F%62%20%61%69%63%6E%C3%AA%64%61%63%20%2C%61%6D%62%61%62%20%65%64%20%61%64%61%63%75%74%61%42%6E%69%74%61%20%3C%69%2A%7B%59%6F%76%20%65%75%62%37%20%47%37%20%39%36%2A%3C%34%34%54%41%2A%5B%59%7D%20%79%51%58%7C%72%51%79%58%7C%51%79%58%2D%43%5A%4C%53%65%75%20%71%41%3E%61%62%6D%51%79%58%37%2D%72%65%72%2E%2E%37%43%7C%51%79%58%2D%43%5A%4C%37%47%20%37%41%62%7C%51%79%58%2D%46%7C%51%79%58%2D%43%3E%2E%58%79%51%7C%46%72%6F%6D%20%75%37%62%41%7C%51%79%51%7C%45%62%2E%2E%72%65%72%72%6F%6D%20%6F%72%65%75%51%20%20%32%37%2A%3C%42%2A%7B%59%5D%20%37%47%20%5E%3E%43%2D%58%79%58%37%62%42%7C%3E%2E%2E%65%6D%78%20%20%3C%2A%6D%20%6F%20%73%61%4D%20%20%32%37%2A%3C%43%5B%2A%59%7C%51%79%58%2D%43%7D%20%3E%78%34%39%36%65%75%20%6E%6F%5A%4C%37%47%20%72%72%6F%6D%20%51%7C%45%62%5E%20%20%39%36%2A%3C%42%2A%7B%59%5A%4C%39%23%47%37%20%2D%43%5A%4C%37%47%20%62%41%7C%51%79%58%51%75%65%72%6F%79%58%37%62%42%65%72%2E%2E%3E%43%2D%58%79%51%7C%41%62%37%20%47%37%2C%4C%5A%78%20%20%3C%2A%36%39%34%78%3E%20%7D%43%2D%58%79%51%5A%3C%2A%36%39%58%79%51%3E%20=%4C%61%74%69%6E%2D%42%72%61%7A%69%6C%3A%20%53%61%6D%62%61=%32%30%30=%30
89607c7f-2ffd-497c-b736-92f93404f13d,irealb://%44%61%6E%73%65%20%4E%75%70%74%69%61%6C%20%31=%42%75%72%6E%65%74%74%2D%4E%6F%72%74%6F%6E==%55%70%20%54%65%6D%70%6F%20%53%77%69%6E%67=%42%62==%31%72%33%34%4C%62%4B%63%75%37%7C%51%79%58%62%34%3C%20%41%41%37%62%42%5A%4C%51%79%58%7C%72%51%79%58%5A%46%4C%20%37%2D%43%5A%4C%37%47%20%62%42%3E%41%42%58%79%51%7C%45%34%54%41%2A{%42%2A[]%51%4C%5A%4E%31%42%4E%7C%51%79%58%51%79%58%51%79%58%51%79%58%20}%37%46%3E%65%6E%69%46%20%51%79%58%3C%20%62%32%42%62%58%79%37%46%20%37%43%69%46%20%6C%61%4B%63%6C%20%4C%3C%7C%51%79%58%37%46%5A%4C%20%6C%63%4B%51%58%79%37%43%5A%4C%20%6C%63%4B%51%79%58%37%47%5A%44%2E%43%2E%20%51%79%58%37%44%6E%65%3E%20%78%20%20]%20==%30=%30
891ee3ba-aa3f-4083-b7d1-c86539ea5e75,irealb://%4C%61%75%72%65%6E%63%65%20%53%75%6E%69%20%31=%4D%6F%72%65%6E%6F==%4D%65%64%69%75%6D%20%53%77%69%6E%67=%46==%31%72%33%34%4C%62%4B%63%75%37%37%44%31%4E%7C%2D%58%79%51%7C%7C%51%79%58%37%41%7C%51%79%58%36%2D%47%7C%79%51%58%6F%42%7C%51%79%58%46%7C%51%79%58%37%43%44%2D%58%79%51%47%34%34%54{%58%79%51}%58%79%51%58%79%51%58%79%51%58%79%51%7C%4E%32%44%2D%58%79%51%5A%20==%30=%30
8953cf90-26c0-45d3-960a-36647dd4fea8,irealb://%54%68%69%73%20%49%73%20%41%6D%61%7A%69%6E%67%20%47%72%61%63%65%20%28%20%41%6C%65%78%20%29=%45%6E%20%45%73%70%69%72%69%74%75%20%59%20%45%6E%20%56%65%72%64%61%64==%4D%65%64%69%75%6D%20%53%77%69%6E%67=%42%62==%31%72%33%34%4C%62%4B%63%75%37%20%2E%67%6E%69%20%28%42%62%29%20%2E%64%61%65%4C%51%79%58%32%58%36%36%2A%29%3C%62%45%28%20%29%62%45%28%20%29%62%42%28%20%20%42%73%74%72%2C%69%2A%2C%20%2C%62%42%20%20%51%58%79%51%58%2C%70%2C%46%2C%70%2C%2D%47%20%78%2C%62%45%78%20%2C%62%42%31%4E%2C%76%2A%2C%51%79%58%51%79%45%62%58%79%51%79%58%3E%36%31%51%79%58%78%2C%78%20%47%2D%2C%47%2C%70%2C%62%45%20%78%2C%62%42%31%4E%2C%2A%43%2C%20%20%51%79%58%62%45%2C%70%2C%46%2C%70%2D%2C%78%20%46%2C%62%45%20%78%28%20%29%62%45%2C%78%20%45%62%28%20%29%62%42%28%20%20%32%4E%2C%69%2A%2C%51%20%79%58%51%79%58%46%2C%70%2C%2D%47%20%78%2C%42%62%29%20%28%62%42%51%79%58%62%45%20%78%2C%51%58%79%51%58%58%51%79%58%46%2C%70%2C%2D%47%20%78%2C%62%20%45%78%2C%62%42%32%4E%2C%76%2A%2C%20%20%51%79%79%51%20%42%62%79%58%29%62%45%20%51%79%58%78%2C%70%2C%46%20%2C%2D%47%20%78%2C%62%45%20%2C%78%2C%62%42%4E%32%2C%43%2A%2C%51%79%58%51%79%58%29%62%45%28%78%2C%20%46%2C%2D%47%20%78%2C%20%78%2C%62%42%20%45%62%2C%78%20%78%2C%62%42%31%4E%2C%42%2A%2C%51%79%58%79%51%58%29%62%42%28%20%2C%46%2C%70%2C%2D%47%20%45%62%2C%78%20%78%2C%62%42%20%45%62%58%79%51%58%79%51%42%62%2C%78%20%45%62%2C%78%20%47%2D%2C%70%2C%46%20%20%45%62%20==%30=%30
89ed4efb-9e83-4f8f-b80a-fac14dac286d,irealb://%45%72%69%65%20%43%61%6E%61%6C%20%28%42%65%6C%6F%66%66%20%41%72%72%2E%29%2C%20%54%68%65=%54%72%61%64%69%74%69%6F%6E%61%6C==%4D%6F%64%65%72%61%74%65%6C%79=%46==%31%72%33%34%4C%62%4B%63%75%37%79%58%51%79%58%34%3C%2A%36%39%43%2C%46%73%5A%4C%37%2D%47%20%46%3E%36%30%20%31%6B%63%6F%52%2D%70%6F%50%20%79%72%54%20%20%37%2C%46%20%5D%34%54%69%2A%5B%37%43%20%2D%41%41%6C%44%2D%58%6C%42%2A%5B%7D%20%2D%44%2C%37%41%2C%2D%44%7C%73%51%79%58%2D%44%5A%4C%41%20%2D%47%7C%51%79%46%58%79%51%7C%2A%7B%20%20%51%46%7C%51%79%58%51%7C%47%2D%20%5D%2C%37%43%73%20%20%2D%44%7C%51%79%58%2D%5A%44%4C%41%20%2D%47%7C%51%79%58%2D%44%5A%4C%41%5B%2A%43%6C%46%79%58%46%5A%4C%5D%20%46%2C%37%46%20%44%2D%4C%4C%37%2D%47%20%46%5A%4C%20%78%20%5A%4C%37%20%43%46%6C%5A%4C%46%2C%37%43%2C%37%2D%47%73%5A%5A%73%46%2C%43%5A%4C%37%43%20%5B%51%6C%44%2D%58%79%51%7C%47%2D%20%41%2C%4C%5A%44%2D%58%79%51%7C%73%44%2D%2C%41%37%2C%44%2D%20%5A%20=%50%6F%70%2D%52%6F%63%6B%20%31%32%2F%38=%31%30%36=%32
8914e437-8317-42e2-804f-1f1503574d4d,irealb://%53%6C%6F%6F%70%20%4A%6F%68%6E%20%42%2E%20%28%42%65%6C%6F%66%66%20%41%72%72%2E%29%2C%20%54%68%65=%54%72%61%64%69%74%69%6F%6E%61%6C==%43%61%6C%79%70%73%6F=%46==%31%72%33%34%4C%62%4B%63%75%37%20%6E%20%3E%73%34%3C%2A%36%39%20%6E%69%74%61%4C%20%72%6F%20%30%33%31%20%61%65%67%67%65%52%2D%70%6F%50%20%79%72%54%20%20%73%74%79%6C%65%34%54%69%2A%5B%73%20%20%46%7C%20%5D%58%79%51%7C%2C%37%43%73%20%20%46%7C%51%79%58%46%6C%2C%7C%37%43%73%20%20%46%41%2A%5B%20%20%51%79%58%6C%46%58%79%51%20%6E%20%5A%4C%51%79%58%36%2D%46%58%79%51%7C%58%62%42%7C%51%79%58%37%46%7C%51%79%58%46%42%2C%2A%2C%5B%5D%51%79%58%70%7C%51%79%58%37%43%79%51%7C%42%62%6C%7C%2C%37%43%58%36%35%2A%3C%7C%43%37%58%79%7C%51%79%58%46%7C%51%79%58%37%43%7C%51%79%46%58%51%5B%5D%20%6E%20%46%7C%51%79%58%46%7C%51%46%58%79%51%5A%51%79%58%46%7C%79%51%20%20%53%75%67%67%65%73%74%65%64%20%54%65%6D%70%6F%73%20%61%72%65%20%31%32%30%20%2D%31%34%30%20%66%6F%72%20%61%6E%79%20%53%74%79%6C%65%2E%3E%20=%4C%61%74%69%6E%2D%43%75%62%61%3A%20%42%6F%6C%65%72%6F=%31%34%30=%33
8908e775-ffa2-4a82-9784-a9b89303e7d7,irealb://%43%61%76%61%6C%65%72%69%65%20%64%66%62=%52%65%69%6E%68%61%72%64%74%20%44%6A%61%6E%67%6F==%4D%65%64%69%75%6D%20%53%77%69%6E%67=%43==%31%72%33%34%4C%62%4B%63%75%37%20%39%43%7C%51%34%3C%20%41%41%4C%39%62%44%20%39%43%7C%51%79%58%39%43%5A%39%4C%62%44%20%39%43%7C%51%79%58%39%43%3E%41%42%5A%43%39%58%79%34%54%41%2A%7B%46%7C%51%79%58%43%58%79%51%7C%5D%20%39%62%47%20%43%32%4E%7C%51%79%58%51%58%79%51%79%58%51%79%58%7D%20%62%44%20%43%31%4E%5B%2A%42%46%39%5A%4C%39%62%44%62%44%20%39%62%4C%5A%46%39%58%20%39%46%5A%4C%39%62%47%20%39%47%5A%4C%39%41%62%20%39%46%5A%4C%39%62%47%20%39%46%7C%51%79%45%39%4C%5A%45%39%62%47%20%39%58%43%5A%4C%39%41%43%39%58%79%7C%51%79%58%39%43%5A%4C%39%62%44%20%39%43%51%7C%79%58%39%43%5A%4C%39%62%44%20%39%43%7C%51%43%39%20%44%62%2A%5B%5D%20%39%79%51%4B%63%6C%20%20%5A%20=%4A%61%7A%7A%2D%47%79%70%73%79%20%4A%61%7A%7A=%31%38%30=%33
89af6328-81fb-4286-8694-bad4d3b02fa2,irealb://%41%6C%6C%20%4F%66%20%4D%65%2D%2D%2D%2D%2D%2D%20%42%6F%62=%4D%61%72%6B%73%20%47%65%72%61%6C%64==%4D%65%64%69%75%6D%20%53%77%69%6E%67=%43==%31%72%33%34%4C%62%4B%63%75%37%5D%20%20%6C%63%34%43%58%79%51%2D%44%5A%4C%20%6C%63%4B%51%79%58%37%41%5A%20%4C%6C%63%4B%51%79%58%37%45%5A%4C%20%6C%63%4B%37%58%79%51%4B%34%54%41%2A%5B%5D%51%79%58%37%58%79%51%4B%63%37%2D%44%5A%4C%20%6C%63%4B%51%79%58%37%44%4C%5A%20%6C%63%4B%51%79%58%37%2D%41%5A%4C%20%6C%58%79%51%7C%47%37%45%42%2A%5B%43%2A%5B%5D%20%79%51%4B%63%6C%79%58%37%2D%44%5A%4C%20%6C%63%4B%51%79%58%41%37%5A%4C%20%6C%63%4B%51%79%58%37%45%5A%4C%20%51%4B%63%6C%20%58%43%41%2A%5B%6F%62%45%20%36%51%7C%46%2D%36%37%47%7C%51%79%58%37%2D%44%7C%51%79%58%37%7C%41%51%79%58%43%7C%51%79%58)%37%6F%23%46(%58%79%51%7C%43%79%58%37%5E%46%37%4C%5A%44%2D%37%20%47%37%20%5A%20=%4A%61%7A%7A%2D%4D%65%64%69%75%6D%20%53%77%69%6E%67=%31%38%35=%33
897dbaa2-6cec-4972-97c0-4b4c4aa179b5,"irealb://%44%61%6E%63%65%20%57%69%74%68%20%4D%79%20%46%61%74%68%65%72=%52%69%63%68%61%72%64%20%4D%61%72%78%20%4C%75%74%68%65%72%20%56%61%6E%64%72%6F%73%73==%50%6F%70%20%42%61%6C%6C%61%64=%42%62==%31%72%33%34%4C%62%4B%63%75%37%46%20%2A%34%73%34%42%62%4C%5A%4C%62%45%5A%4C%41%2F%46%5A%4C%62%42%41%2A%20%7B%78%5A%4C%62%45%5A%4C%2D%47%5A%4C%41%2F%46%5A%46%2A%73%75%34%54%69%2A%5B%62%42%5A%4C%2A%5A%46%2F%41%4C%47%5A%4C%62%45%5A%4C%44%2F%62%42%5A%4C,%20%46%2A%34%73%75%73%2A%46%7C%51%79%58%62%45%5A%62%2A%64%69%6D%4C%62%42%5A%4C%2A%47%5A%4C%2A%2F%45%4C%5A%6C%62%45%5A%4C%2A%6D%2A%47%5A%4C%41%2F%46%5A%62%4C%42%42%2A%5B%20%46%20%2A%34%73%75%73%2A%46%4C%5A%43%2A%6D%43%5A%4C%46%2F%5B%5D%51%79%58%62%4C%5A%46%31%20%62%45%5A%4C%2A%6D%2A%47%7C%51%79%58%41%46%2F%7C%51%79%58%62%42%31%4E%59%5A%4C%46%20%31%7D%4E%32%42%62%45%5A%4C%2A%6D%2A%6D%2A%43%5A%79%51%7C%46%58%73%75%73%2A%46%7C%51%79%58%62%45%7C%51%79%2A%58%6D%2A%47%7C%41%2F%46%20%20%62%42%7C%51%79%34%2A%20%46%4C%58%62%45%43%2A%4C%2A%6D%2A%41%2A%73%75%73%34%5A%4C%43%41%2A%5D%20%62%45%5A%4C%2D%47%5A%41%4C%2F%46%5A%4C%62%42%69%2A%5B%5D%20%46%20%2A%47%2F%42%4C%5A%46%7C%51%79%58%6E%69%64%6E%45%2A%6D%37%2A%4C%44%7C,%47%70%70,%2A%6D%2A%41%5A%4C%47%4C%5A%31%31%47%5A%4C%46%5A%4C%2A%37%6D%2A%41%5A%37%20%5D%5B%3C%44%5A%4C%46%5A%67%3E%46%2A%6D%2A%4C%5A%78%20%5D%43%4C%5A%47%2F%42%4C%5A%46%61%64%64%39%4C%5A%46%2F%47%20%47%4C%5A%43%20%5A%20=%50%6F%70%2D%52%6F%63%6B=%31%31%35=%31"
890dec69-dcd1-4b41-92c6-b0b5ca207ab1,irealb://%42%6C%75%65%20%53%6B%79=%42%65%74%74%73%20%44%69%63%6B%79==%50%6F%70=%45==%31%72%33%34%4C%62%4B%63%75%37%7C%51%79%58%23%34%45%58%79%51%51%79%58%2C%23%47%2F%45%6C%7C%2C%23%47%2F%2C%45%41%2C%42%2C%2D%23%43%73%7C%51%79%58%41%7C%7D%5B%45%2F%47%34%54%69%2A%7B%58%42%7C%51%79%41%58%79%51%7C%58%45%7C%51%79%58%41%7C%51%79%58%42%7C%51%58%79%2C%45%6C%53%41%2A%7B%5D%20%45%5A%4C%45%73%79%51%7C%45%58%7C%51%79%58%44%4B%51%79%58%45%4C%5A%41%4C%5A%79%58%2C%41%7C%2C%41%20%20%42%5A%4C%20%6C%4B%63%51%79%58%2C%45%6C%31%4E%5A%4C%41%5A%4C%41%51%7D%7C%4E%32%41%73%7C%51%79%61%3C%5A%4C%51%41%58%79%51%4B%41%7C%7D%51%79%58%41%7C%51%79%58%45%7C%51%58%79%41%7C%51%79%58%42%42%2A%7B%5D%20%20%6C%63%58%79%51%58%79%5A%4C%20%6C%63%73%6F%6C%6F%53%61%20%61%66%74%20%51%20%6C%63%4B%51%79%58%23%46%2F%73%75%42%73%3E%67%6E%69%64%6E%65%20%64%6E%32%20%72%65%5D%7B%2A%43%3C%64%6F%43%20%6C%23%43%20%42%73%4B%63%6C%20%4C%4B%51%79%58%45%5B%7D%20%20%78%20%3E%74%78%6E%65%20%6F%74%20%65%75%43%3C%7C%51%79%58%41%5A%63%6C%20%4C%5A%51%79%58%45%3E%79%58%41%5A%4C%53%2E%20%61%6C%23%46%2F%73%75%73%42%73%51%7B%5D%51%79%58%41%2C%6C%7C%2C%41%3E%2E%64%6E%45%20%64%6E%32%20%2C%4C%5A%6C%45%2E%44%3C%2C%2D%5A%4C%78%73%7C%2D%2C%42%2C%41%51%79%58%44%7C%51%79%58%23%47%2F%45%5B%7D%79%51%58%2C%23%47%2F%45%6C%7C%2C%23%47%2F%45%2C%7C%41%58%79%51%23%43%73%7C%51%55%45%28%45%2F%47%23%29%20%5D%20=%50%6F%70%2D%43%6F%75%6E%74%72%79=%31%39%30=%30
89b29952-554d-4267-ae13-9497085eee42,irealb://%42%72%61%6B%65%27%73%20%53%61%6B%65%20%28%49%74%27%73%20%4D%6F%6E%6B%27%73%20%54%69%6D%65%20%31%39%36%34%29=%4D%6F%6E%6B%20%54%68%65%6C%6F%6E%69%6F%75%73==%4D%65%64%69%75%6D%20%55%70%20%53%77%69%6E%67=%47==%31%72%33%34%4C%62%4B%63%75%37%2F%57%20%33%31%34%3C%2A%36%39%5D%20%20%6C%63%4B%51%79%58%37%44%5A%4C%20%63%6C%4B%51%79%58%36%47%3E%6F%6E%61%69%70%20%20%59%7B%2A%41%44%34%54%69%2A%5B%79%58%29%73%75%2F%45%2C%20%73%5A%4C%29%73%75%73%39%44%28%39%62%37%44%20%75%73%73%39%44%6C%7C%2C%41%2F%57%2C%23%46%2F%57%70%28%44%39%73%57%5A%4C%62%45%28%37%47%42%2A%20%57%2F%45%62%6C%63%4B%51%79%58%73%75%73%39%44%6C%7C%2C%2F%41%57%2C%23%46%2F%57%73%20%2C%45%2F%57%5A%4C%20%20%7D%59%5B%33%31%44%7C%51%79%58%70%6C%7C%43%37%29%20%28%36%62%44%29%37%43%28%70%73%29%37%46%28%20%37%29%43%28%37%43%5A%4C%20%78%20%5A%4C%29%37%47%28%44%62%36%29%28%20%29%37%47%47%28%20%29%62%33%58%79%51%7C%20%36%62%41%6C%7C%2C%37%57%2C%37%5E%62%41%20%73%39%62%37%62%45%5A%4C%33%31%42%20%39%62%47%28%47%62%2F%41%31%62%41%7C%51%39%44%28%39%62%20%5D%5B%2A%43%73%39%44%6C%7C%2C%41%2F%57%2C%23%46%2F%57%20%73%2C%45%2F%57%5A%4C%62%45%2F%57%20%33%31%44%75%73%20%44%37%29%62%41%2F%62%73%75%73%39%44%5A%70%28%44%39%57%2C%23%46%2F%57%73%20%2C%45%2F%57%5A%4C%45%62%2F%57%20%33%31%44%7C%51%79%58%29%73%75%73%2F%41%2C%7C%6C%4C%29%73%75%73%47%28%20%5A%4C%20%44%37%62%39%44%28%20%78%29%47%28%20%5A%4C%29%23%46%28%23%35%37%44%20%29%36%47%28%36%47%59%5A%4C%35%23%37%23%35%29%51%70%7C%51%79%58%36%39%29%78%20%28%44%37%62%39%62%35%29%4C%5A%47%36%28%47%36%39%29%58%79%51%5A%59%7C%51%47%36%2C%66%58%79%51%5A%20==%31%37%30=%33
8924b4dd-4983-41d9-af34-7ce7a20b8a1d,irealb://%4A%65%7A%65%62%65%6C=%53%61%64%65==%50%6F%70=%43==%31%72%33%34%4C%62%4B%63%75%37%2F%46%5A%4C%2D%20%3C%2A%33%36%20%51%79%58%51%79%58%51%79%58%51%79%58%3E%61%72%61%74%69%67%20%78%61%73%20%6F%72%74%6E%49%4C%5A%2A%76%44%20%34%34%54%5B%47%5A%4C%78%5A%4C%5A%42%62%2C%4C%37%43%5A%4C%37%2D%47%7C%2C%41%2C%62%42%4C%5A%2D%47%5A%4C%43%2F%46%5A%4C%2D%44%7C%2C%41%5A%44%2D%37%4C%2D%47%5A%4C%43%2C%62%42%5A%4C%37%4C%5A%42%62%2F%46%5A%4C%2D%44%7C%2C%41%2C%62%42%5A%4C%47%2D%5A%4C%43%2F%46%5A%4C%2D%44%5A%4C%41%5A%4C%43%4C%5A%47%2D%43%5A%4C%37%2D%5A%4C%2C%62%42%2A%36%30%2B%72%37%43%5A%4C%37%2D%47%5A%4C%78%5A%4C%37%2D%5A%44%4C%37%43%5A%4C%37%2D%47%3E%73%65%64%6F%68%4C%5A%47%2D%2F%3C%7B%7C%2C%41%2F%62%42%5A%4C%2A%35%37%2B%62%2C%62%42%5A%4C%2D%47%5A%4C%43%2F%62%42%5A%3E%4C%6F%6C%6F%73%35%31%2A%3C%2D%44%3E%73%73%61%41%2C%7C%44%2D%3C%7C%7D%20%41%36%2A%3C%7B%5A%4C%5A%42%62%2C%42%5A%4C%37%43%5A%4C%37%2D%47%5A%4C%78%5A%37%4C%2D%44%5A%4C%37%43%5A%4C%37%2D%47%7C%2C%41%62%4C%5A%41%4C%2D%47%5A%4C%43%5A%4C%37%2D%47%3E%44%2D%4C%5A%62%42%5A%4C%2D%47%5A%4C%43%2F%46%5A%4C%2D%7C%44%2C%41%2C%62%42%5A%4C%2D%47%5A%4C%43%2F%46%2C%41%2C%7D%7C%67%6E%61%5A%33%47%5A%4C%43%2F%2D%37%4C%5A%78%3E%6F%6C%6F%73%78%61%53%37%35%2A%3C%5A%4C%5A%41%4C%62%42%5A%4C%37%43%5A%4C%37%2D%47%5A%4C%44%2D%4C%5A%46%44%5A%4C%37%43%4C%2D%44%7C%2C%2C%41%2C%7C%44%4C%2D%47%5A%4C%43%2F%46%5A%4C%2D%44%7C%2C%2C%41%62%42%5A%4C%2D%47%5A%4C%43%2F%46%5A%4C%2D%5A%42%62%2C%41%62%42%5A%4C%2D%37%35%2A%3C%5A%5A%47%2D%4C%5A%5A%4C%2D%44%7C%2C%41%2C%62%42%5A%4C%2D%47%4C%5A%43%2F%62%42%5A%4C%2D%44%7C%2C%41%2C%62%42%42%62%2F%43%4C%4C%43%2F%46%5A%72%69%74%2E%2E%2E%3E%47%2D%4C%5A%42%62%2C%41%2C%7C%44%2D%37%20%45%2D%2F%44%2C%20%7C%20==%30=%30
894b3e75-1d82-4b9b-8393-8dfa9fae6adb,irealb://%4E%65%76%65%72%20%41%73%20%47%6F%6F%64%20%41%73%20%54%68%65%20%46%69%72%73%74%20%54%69%6D%65=%53%61%64%65==%4D%65%64%69%75%6D%20%50%6F%70=%46%23%2D==%31%72%33%34%4C%62%4B%63%75%37%20%3E%78%34%34%34%46%23%2D%37%23%46%2F%37%2D%42%7C%51%79%58%23%46%2F%37%42%2D%5A%4C%2D%23%46%20%23%46%2F%45%7C%51%79%58%20%20%3C%2A%35%34%54%69%2A%7B%46%2F%37%2D%42%53%46%23%2D%37%2E%31%36%36%2A%3C%30%4E%5A%4C%20%23%46%2F%2D%37%42%5A%4C%2D%23%46%20%23%46%2F%45%5A%4C%20%32%2E%33%2E%3E%76%2A%7B%59%7D%2D%42%7C%51%79%30%34%78%3E%20%2D%42%5A%4C%2D%23%46%20%23%46%2F%45%7C%51%58%79%37%2D%23%46%43%2A%7B%5A%4C%20%37%2D%42%7D%37%2F%46%23%58%36%2A%3C%20%23%20%23%46%2F%45%20%3C%2A%35%34%20%37%2D%23%46%3E%20%6E%65%65%20%73%6C%61%20%20%36%36%2A%3C%42%2A%7B%59%7D%20%3E%53%2E%44%20%2A%76%4C%5A%20%23%46%2F%37%2F%37%2D%42%5A%42%2D%37%2F%46%23%46%2F%45%7C%51%79%58%37%2D%23%46%43%2A%7D%7B%51%79%58%23%46%2F%37%2D%42%7C%51%79%58%23%20%46%23%2D%4C%5A%4C%2D%23%46%23%46%20%23%46%7C%42%2D%37%2F%37%2D%23%46%3E%6C%61%69%63%65%70%73%67%6E%7A%61%36%36%2A%3C%43%2A%7B%59%7D%51%79%58%23%46%20%4C%5A%45%2F%51%79%58%23%46%7C%51%79%58%37%42%2D%37%2F%46%7B%5A%4C%23%46%2F%37%2D%42%5A%4C%20%23%46%37%2F%2D%42%7C%7D%20%23%46%2F%37%2D%42%5A%4C%23%2A%76%46%23%2D%31%4E%5A%4C%2D%45%2F%46%23%20%46%23%2D%4C%5A%42%2D%37%2F%46%23%58%79%51%7C%42%2D%37%2F%46%23%20%20%3C%2A%34%32%78%58%3E%20%7D%7C%42%2D%37%58%79%51%7C%20==%30=%30
8922e1e0-d6b2-47b5-ae05-f48ffebd26a0,irealb://%43%6F%6F%6B%69%6E%27%2E%20%52%42%49%49=%44%6F%6E%61%6C%64%73%6F%6E%20%4C%6F%75==%4D%65%64%69%75%6D%20%53%77%69%6E%67=%42%62==%31%72%33%34%4C%62%4B%63%75%37%4C%37%62%41%20%62%58%79%51%7C%51%79%58%62%45%5A%4C%37%62%42%20%37%2D%46%4C%5A%37%43%20%37%2D%47%5A%4C%37%44%20%37%2D%41%7C%45%62%2D%37%42%34%34%54%7B%58%7D%20%37%46%79%51%7C%47%37%4C%37%47%20%37%2D%44%31%4E%5A%4C%37%42%20%2D%37%23%46%5A%4C%37%46%20%37%2D%43%7C%51%79%58%5A%43%2D%37%20%58%37%2D%44%5A%79%51%58%79%51%20%4C%5A%4E%32%42%62%58%79%51%4B%63%6C%20%20%5A%20==%30=%32%34
89348323-e872-4e24-986c-c14bf7c927da,irealb://%43%6F%70%70%69%6E%27%20%54%68%65%20%42%6F%70=%52%6F%61%63%68%20%4D%61%78==%4D%65%64%69%75%6D%20%55%70%20%53%77%69%6E%67=%42%62==%31%72%33%34%4C%62%4B%63%75%37%7B%5D%20%20%78%34%42%62%58%79%20%5A%4C%20%6C%63%4B%51%79%58%2D%62%42%5A%20%4C%78%20%5A%4C%20%78%20%5A%4C%20%6C%63%4B%51%78%20%4C%5A%20%34%54%69%2A%5B%51%79%58%2C%39%39%58%79%51%4B%2C%41%2F%36%46%2C%62%41%2F%36%45%73%20%37%43%2D%5A%4C%37%2D%47%20%37%2D%44%5A%4C%20%6C%63%7C%6C%42%62%5E%5E%62%42%41%2A%4B%51%79%58%2B%5A%42%62%36%2F%20%5A%4C%20%78%20%5A%4C%20%6C%63%4B%51%79%2B%58%43%42%2A%5B%7D%20%20%6C%63%4B%51%79%58%44%78%20%4C%5A%47%4C%20%6C%63%4B%37%2D%47%20%37%43%37%73%75%73%6C%63%4B%51%79%58%39%5E%62%42%41%2A%5B%5D%62%20%45%2F%39%46%20%46%2F%39%62%44%7C%51%79%58%20%4C%5A%44%2D%5A%4C%20%6C%63%4C%5A%43%2D%37%20%73%45%36%2F%41%62%2C%46%36%2F%41%2C%7C%6C%42%62%5E%39%2C%58%79%51%4B%63%6C%20%4C%5A%42%62%36%2F%44%58%79%51%4B%63%6C%20%20%5A%20==%30=%30
89ec4436-d849-4019-ae1b-2406c4e7f895,irealb://%48%69%20%42%65%63%6B=%4B%6F%6E%69%74%7A%20%4C%65%65==%4D%65%64%69%75%6D%20%53%77%69%6E%67=%43==%31%72%33%34%4C%62%4B%63%75%37%51%79%58%62%44%58%79%51%7C%70%5A%4C%6F%23%43%20%43%5A%4C%6F%43%20%43%7C%79%51%58%62%44%7C%51%79%58%44%5A%4C%6F%23%43%70%44%58%79%51%7C%43%34%34%54%5B%5D%20%20%6C%63%58%79%51%7C%43%47%5A%4C%20%6C%63%4B%51%79%58%37%44%5A%4C%6C%20%63%4B%51%79%58%2D%46%7C%51%79%58%39%62%37%37%58%79%51%4B%2D%62%44%5B%7C%7C%51%79%58%46%7C%70%70%41%37%63%4B%51%79%58%46%5A%4C%20%6C%63%4B%51%79%37%58%43%7C%51%79%58%62%44%7C%51%79%58%44%5A%4C%6C%20%20%5D%5B%51%79%58%43%5B%42%62%37%23%39%58%79%51%7C%45%62%58%79%51%7C%44%62%58%79%51%7C%44%2D%37%2C%58%79%51%7C%47%37%58%79%51%7C%43%58%79%51%4B%63%6C%20%20%5A%20==%30=%30
89a10db3-c890-4d92-bf5b-78a2721ceada,irealb://%4E%6F%77%20%4C%6F%76%65%20%48%61%73%20%4E%6F%20%45%6E%64=%46%72%61%6E%6B%73%20%4D%69%63%68%61%65%6C==%46%75%6E%6B=%47%2D==%31%72%33%34%4C%62%4B%63%75%37%23%33%31%44%5A%34%47%2D%39%4C%5A%4C%78%5A%4C%39%2D%47%5A%4C%39%23%33%31%20%44%39%2D%62%45%5A%4C%39%2D%62%45%5A%4C%78%5A%45%62%2D%39%4C%34%54%69%2A%5B%2D%43%5A%4C%39%5A%58%79%51%58%37%47%5A%4C%37%2D%44%5A%4C%39%2D%43%5A%4C%5E%39%62%45%53%41%2A%7B%51%79%58%51%79%58%51%79%4C%5A%45%62%5E%4C%78%5A%4C%39%5A%4C%2C%39%2D%37%4C%5A%47%37%33%31%44%20%39%5E%62%45%5A%4C%39%5E%62%45%4C%5A%78%5A%4C%2C%39%2D%47%42%2A%7D%20%33%31%62%23%39%4C%5A%47%2D%44%5A%4C%39%31%2D%47%5A%4C%5E%39%4C%5A%78%2D%62%45%5A%4C%78%5A%4C%44%2F%31%31%2D%47%4C%5A%2C%39%2D%62%45%5A%4C%39%36%2D%62%45%5A%4C%36%39%4C%5A%78%62%45%5A%4C%78%4C%39%36%2D%62%5A%45%62%2D%36%4C%31%31%2D%47%5A%4C%78%5A%4C%39%36%2D%62%5A%45%4C%78%5A%4C%31%31%2D%47%5A%4C%78%5A%4C%39%5A%78%4C%5A%45%4C%78%5A%4C%31%4C%39%2D%47%5A%39%4C%5A%58%79%44%20%39%2D%62%45%5A%4C%39%2D%62%45%5A%4C%5A%78%4C%39%2D%47%43%2A%20%51%79%58%51%79%58%51%31%33%23%39%4C%23%33%31%44%5A%58%51%79%58%51%62%2D%39%4C%5A%51%79%58%51%79%58%3E%61%64%6F%43%20%6C%61%2E%20%53%2E%44%3C%5A%4C%78%5A%4C%39%23%33%31%44%58%79%51%58%79%45%5A%4C%78%5A%62%45%5A%4C%78%58%79%51%58%79%5A%4C%39%23%33%31%44%20%39%2D%62%45%5A%4C%2D%39%62%45%5A%4C%78%5A%4C%39%2D%47%51%7B%20%51%47%2D%39%4C%5A%51%79%58%51%79%2D%39%4C%5A%45%62%2D%39%20%44%31%33%23%39%20%7D%3C%33%78%3E%20==%39%31=%30
89eb6417-d685-4a92-85f1-36da9e8f085e,irealb://%4A%75%73%74%20%4C%69%6B%65%20%59%6F%75%20%2D%20%46%6C%69%6E%6E%65%72=%57%65%72%6E%69%63%6B%20%50%65%74%65==%50%6F%70%20%2D%20%42%6C%75%65%67%72%61%73%73=%47==%31%72%33%34%4C%62%4B%63%75%37%58%47%7C%51%79%54%34%34%47%58%78%20%5A%4C%20%6C%63%4B%51%79%58%47%7C%51%58%79%47%7C%51%79%58%43%5A%4C%20%6C%63%4B%51%79%20%4C%5A%44%58%2C%76%2A%2C%5B%58%51%79%58%51%20%4C%5A%43%58%58%47%7C%51%79%58%47%7C%51%79%58%44%5A%4C%6C%20%63%4B%51%79%58%47%7C%51%79%58%47%7C%51%79%79%51%5D%58%79%6C%63%4B%51%79%79%51%58%79%51%5B%2C%2A%43%2C%43%58%79%51%7C%44%58%79%51%7C%47%58%79%51%7C%43%58%79%51%7C%44%58%79%51%4B%63%6C%20%4C%5A%47%58%79%51%4B%63%6C%20%20%5A%20==%31%37%38=%34
89484eff-1eb1-4c5f-a51f-4d6eed914d06,irealb://%53%77%69%6E%67%20%35%31%20%2D%20%46%6C%69%6E%6E%65%72=%52%69%63%65%20%54%6F%6E%79==%4D%65%64%69%75%6D%20%53%77%69%6E%67=%44==%31%72%33%34%4C%62%4B%63%75%37%51%79%58%37%5E%54%34%34%44%5E%63%4B%51%79%58%37%5E%47%5A%4C%20%6C%63%4B%79%51%58%37%2D%44%5A%4C%20%6C%63%4B%51%79%58%37%6C%20%4C%5A%46%2C%41%2A%2C%5B%4B%51%79%58%41%58%79%51%7C%44%4B%51%79%58%37%5E%47%5A%4C%20%6C%63%4B%51%58%79%37%2D%44%5A%4C%20%6C%63%4B%51%79%58%37%5E%63%6C%20%4C%5A%37%5E%62%42%7C%42%7C%51%79%58%5B%2C%2A%42%2C%79%58%37%2D%23%43%5A%4C%20%6C%63%4B%51%79%37%58%5E%43%5A%4C%20%6C%63%4B%51%79%58%37%2D%42%51%7C%46%23%37%5D%20%20%6C%63%2D%37%58%79%51%7C%45%37%58%79%51%7C%41%37%73%75%73%58%79%51%4B%63%6C%20%4C%5A%41%37%58%79%51%4B%63%6C%20%20%5A%20==%30=%30
89acf38f-c3cd-49e1-8ab9-311d83d48cc8,irealb://%45%6C%76%69%72%61=%46%72%61%7A%69%65%72%20%44%61%6C%6C%61%73==%52%6F%63%6B%20%50%6F%70=%47==%31%72%33%34%4C%62%4B%63%75%37%51%79%58%47%7C%34%3C%2A%36%38%7C%51%79%58%47%3E%73%72%61%62%20%34%20%2C%64%73%72%6F%68%63%20%6D%68%74%79%68%52%51%79%58%44%37%58%79%51%34%54%69%2A%5B%5A%4C%78%5A%4C%41%72%72%3A%20%20%2E%20%61%72%69%76%6C%45%20%20%36%36%2A%5B%3C%5D%20%6E%20%47%3E%70%72%61%68%73%32%65%62%2E%20%2E%3E%47%34%37%2A%3C%7C%2A%3C%5A%4C%78%5A%47%4C%5A%44%2A%3C%5A%4C%78%3E%32%20%34%31%2A%3C%5A%4C%6C%47%41%2A%7B%5D%6E%2C%47%73%5A%4C%47%5A%4C%37%31%34%20%33%3E%4C%78%5A%4C%78%4C%47%5A%4C%78%78%4C%5A%3C%2A%37%47%5A%4C%47%5A%4C%78%5A%4C%37%44%5A%4C%3E%78%36%20%34%31%2A%3C%5A%4C%78%3E%35%20%34%31%4C%5A%43%4C%5A%3E%34%20%34%31%4C%47%5A%4C%78%47%4C%5A%73%47%78%5A%4C%47%6C%3E%2E%20%2E%20%2E%20%61%72%76%69%6C%45%20%20%32%36%2A%3C%42%2A%5B%5D%6E%2C%4C%5A%78%4C%5A%5A%4C%37%44%5A%20%47%7C%51%79%47%4C%5A%73%47%55%2D%79%64%64%69%47%20%2C%70%55%2D%79%64%69%64%47%51%79%58%36%36%2A%3C%43%2A%5B%5D%6E%2C%70%3E%6C%47%58%5A%4C%37%44%5A%7C%2C%23%46%2C%2C%5B%2A%43%3C%51%79%58%47%6C%3E%70%55%2D%79%64%64%69%47%2C%20%70%55%2D%79%64%64%69%47%51%79%58%36%36%2A%7C%47%20%73%46%23%46%2C%46%73%78%5A%4C%47%6C%37%4C%5A%47%4C%2E%20%61%72%69%76%6C%45%20%20%32%36%2A%3C%2A%42%7B%20%20%51%79%58%51%79%58%7D%20%2C%47%5A%20%2E%20%2E%3E%44%5A%4C%47%6C%55%2D%79%64%64%78%4C%5A%47%4C%55%2D%79%64%64%69%47%51%79%58%36%36%2A%3C%2A%43%5B%5D%6E%2C%47%73%5A%4C%47%5A%4C%37%44%5A%70%2C%20%47%69%5A%4C%78%5A%4C%51%79%58%47%6C%79%51%7C%47%20%64%64%69%47%20%2C%70%55%2D%79%64%64%69%47%79%51%58%36%36%2A%3C%43%2A%5B%2C%23%46%2C%46%73%79%2D%55%70%3E%58%47%6C%3E%70%5A%4C%2C%47%5A%2C%46%23%2C%7C%44%5A%4C%47%6C%51%5B%20%20%51%79%58%51%79%7D%58%20%2C%47%5A%4C%47%5A%4C%37%44%5A%4C%47%6C%37%4C%5A%47%4C%46%73%20%47%7C%6C%47%4C%5A%44%37%4C%5A%47%4C%5A%47%2C%55%20%5A%20=%50%6F%70%2D%52%6F%63%6B=%31%32%30=%31
89b2ae38-7707-444e-906b-af1c1d9ab4cb,irealb://%45%72%65%73%20%44%69%6F%73=%47%6F%6C%6C%75%73%63%69%6F%20%53%2E==%57%6F%72%73%68%69%70=%44=%34=%31%72%33%34%4C%62%4B%63%75%37%73%41%20%41%2F%34%44%58%79%51%47%5A%4C%23%46%2F%44%32%4E%5A%4C%44%31%4E%51%7C%79%58%41%7C%51%79%58%44%7C%51%79%58%47%7C%58%79%51%7C%44%34%54%41%2A%7B%78%7C%51%79%58%31%44%20%7D%4E%78%7C%51%79%58%44%7C%51%79%58%78%7C%51%79%47%58%6C%42%2A%5B%5D%2C%23%46%2F%44%2C%44%73%32%58%79%51%7C%47%4E%5A%4C%73%75%43%2F%41%43%2A%2F%46%23%58%79%78%7C%51%79%58%44%7C%51%79%58%37%2D%45%7C%79%51%58%73%75%73%41%7C%51%79%58%37%2D%42%7C%51%58%79%51%5D%5B%44%7C%51%79%58%75%73%41%5A%4C%42%2D%37%58%79%7C%51%79%58%37%2D%42%7C%51%79%58%23%43%2F%7C%41%51%79%58%2C%44%5A%4C%37%2D%45%20%47%7C%51%47%20%45%2D%37%7C%51%79%58%23%7C%51%79%58%37%44%2F%46%23%2C%58%47%7C%51%79%58%23%46%2F%44%7C%51%79%58%7C%44%51%79%58%37%2D%45%7C%51%79%58%2C%47%6C%7C%79%51%7C%45%2D%2C%41%73%20%73%44%2C%3C%2A%36%36%6C%69%6E%6B%20%64%69%72%65%63%74%20%54%6F%64%61%73%20%4D%69%73%20%46%75%65%6E%74%65%73%3E%58%79%51%7C%44%2F%46%23%58%79%51%5A%20=%50%6F%70%2D%52%6F%63%6B=%37%30=%30
89b1fde6-5c2c-4922-bf26-d185cc99efb0,irealb://%45%76%65%72%79%20%4B%69%6E%64%61%20%50%65%6F%70%6C%65%20%28%52%6F%62%65%72%74%20%50%61%6C%6D%65%72%29=%46%72%61%73%65%72%20%41%6E%64%79==%53%6F%75%6C=%46%23==%31%72%33%34%4C%62%4B%63%75%37%79%58%37%2D%23%5E%37%58%79%51%78%7C%51%79%58%37%5E%23%46%2C%41%2A%2C%7B%51%7D%79%58%78%7C%51%79%58%78%7C%51%79%58%78%7C%58%79%51%7C%44%23%46%69%2A%7B%73%72%69%66%20%51%7C%42%5E%37%6F%6E%30%37%2A%3C%2C%42%2F%57%2C%23%41%2F%2C%57%37%2D%23%47%73%7C%51%79%58%78%7C%51%79%58%20%72%70%74%2E%79%58%78%7C%51%7C%51%79%58%37%65%3E%57%2F%43%42%2A%2C%7C%7D%2C%42%2F%57%2C%23%44%2F%57%23%2C%47%2F%57%2C%23%44%2F%37%2D%23%47%7C%2C%23%2C%6C%46%23%5E%6D%69%74%20%74%7C%51%79%58%37%78%58%79%51%7C%5D%20%51%20%20%78%7C%51%79%58%78%7C%51%79%78%58%7C%51%79%58%37%5E%23%46%7C%7C%51%79%58%78%7B%51%46%23%5E%7C%51%79%58%78%78%58%79%51%7C%78%58%79%51%7C%3C%72%70%74%2E%20%61%6E%64%20%66%61%64%65%3E%78%58%79%51%7D%20=%4C%61%74%69%6E%2D%43%75%62%61%3A%20%42%6F%6C%65%72%6F=%39%34=%33
890ddd13-4496-408e-9210-2e1daf8b7c87,irealb://%59%6F%75%72%20%4F%6C%64%20%4C%6F%76%65%20%4C%65%74%74%65%72%73%20%2D%20%46%6C%69%6E%6E%65%72=%42%6F%6E%64%20%4A%6F%68%6E%6E%79==%50%6F%70%20%2D%20%42%6C%75%65%67%72%61%73%73=%45==%31%72%33%34%4C%62%4B%63%75%37%58%45%5A%4C%20%54%34%34%45%58%58%45%5A%4C%20%6C%63%4B%51%79%58%42%5A%4C%78%20%20%5A%4C%20%78%20%5A%4C%20%6C%63%4B%51%79%79%51%4B%63%6C%2C%41%2A%2C%5B%6C%63%4B%51%79%20%4C%5A%20%78%2C%5B%5D%20%20%6C%63%4B%51%79%58%45%5A%4C%6C%20%63%4B%51%79%58%42%5A%4C%20%78%20%5A%4C%20%2A%42%2C%41%58%6C%63%4B%51%79%78%20%5A%4C%20%79%51%4B%63%6C%6C%63%4B%51%79%58%45%5A%4C%20%6C%63%4B%51%58%79%42%5A%4C%20%6C%63%4B%51%79%58%45%5A%4C%20%20%4C%5A%20%78%58%45%5A%4C%20%20%4C%5A%42%58%79%51%4B%63%6C%20%4C%5A%45%58%79%51%4B%63%6C%20%20%5A%20==%30=%30
89389ccf-2da0-4744-99ae-6b5db327bba3,irealb://%49%49%2D%56%2D%49%20%50%72%61%63%74%69%63%65%20%28%50%6C%75%73%20%35%20%4D%6F%64%75%6C%61%74%69%6F%6E%73%29%20%44%65%73%63%65%6E%64%69%6E%67%20%43%68%72%6F%6D%61%74%69%63=%20%4B%72%69%73==%4D%65%64%69%75%6D%20%53%77%69%6E%67=%43==%31%72%33%34%4C%62%4B%63%75%37%37%5E%42%7C%51%34%44%2D%37%58%7C%51%79%58%37%2D%23%43%7C%5A%4C%20%6C%63%51%4B%79%58%37%5E%43%7C%51%79%58%37%47%7C%51%79%46%23%37%58%79%34%54%41%2A%7B%41%7C%51%79%58%6C%20%4C%5A%7C%58%37%2D%42%5A%4C%20%6C%63%4B%51%79%58%37%62%5E%42%7C%51%79%58%37%46%7C%51%79%58%37%2D%43%79%51%7C%45%37%63%4B%51%79%58%58%37%44%7C%51%4B%63%6C%20%4C%7C%5A%4C%20%6C%63%4B%51%79%58%37%5E%62%41%51%7C%79%58%37%62%45%7C%51%79%58%37%2D%62%42%5A%41%2D%37%58%79%51%79%58%37%5E%51%79%58%37%2D%37%58%79%51%4B%6C%63%4B%51%79%58%37%5E%62%47%7C%51%79%58%62%37%44%7C%51%79%58%37%2D%62%41%5A%4C%20%6C%63%20%4C%5A%7C%47%5E%47%7C%51%79%58%37%2D%46%7C%51%7C%46%5E%37%4B%51%79%58%37%5E%45%7C%51%79%58%37%42%7C%79%51%58%37%2D%23%46%5A%4C%20%6C%63%4B%51%79%58%63%6C%20%4C%5A%79%58%37%43%7C%7C%5A%4C%20%6C%37%58%79%51%7C%37%5E%44%7C%51%79%58%37%41%7C%51%79%58%37%45%2D%7C%5A%4C%20%6C%63%4B%51%79%58%37%5E%62%45%58%79%51%4B%63%62%42%7C%51%79%45%62%2D%37%58%79%51%7C%41%62%37%58%79%51%7C%44%62%5E%37%58%79%51%4B%63%6C%20%20%7D%20=%4A%61%7A%7A%2D%4D%65%64%69%75%6D%20%53%77%69%6E%67=%31%30%30=%30
899a37ff-4843-4722-a2dc-cd0ede353776,irealb://%4A%75%73%74%20%41%73%20%54%68%6F%75%67%68%20%59%6F%75%20%57%65%72%65%20%48%65%72%65=%4A%6F%68%6E%20%42%65%6E%73%6F%6E%20%42%72%6F%6F%6B%73==%4D%65%64%69%75%6D%20%53%77%69%6E%67=%45%62=%38=%31%72%33%34%4C%62%4B%63%75%37%4C%37%2D%43%20%34%45%62%20%43%37%44%20%2C%68%41%6C%7C%2C%37%2D%43%2C%2D%73%43%20%62%45%5A%4C%2C%37%45%20%62%41%5A%4C%2D%4C%5A%47%2D%37%34%54%41%2A%5B%43%2C%2D%43%73%37%62%39%4C%5A%2C%37%45%20%62%41%5A%4C%2D%43%20%62%45%5A%39%4C%62%42%20%35%62%39%42%7C%51%79%58%37%2D%46%4C%5A%45%62%20%43%20%37%47%5A%2C%37%44%2C%68%41%68%20%20%73%7C%51%79%58%37%2D%46%5A%4C%39%62%37%43%20%47%37%5A%4C%37%2D%43%20%37%2D%47%6C%7C%2C%37%44%45%62%20%73%41%6C%7C%2C%37%2D%47%20%62%42%6C%6C%47%2C%20%73%20%20%31%31%2D%41%5A%4C%6F%41%20%2D%42%5A%6F%4C%41%20%37%2D%41%6C%7C%2C%2D%45%2C%36%2D%45%73%44%37%2C%7C%42%2A%5B%59%5D%62%41%5A%4C%37%37%20%73%46%37%43%2A%5B%59%5D%20%2C%37%62%42%20%37%2D%46%4C%5A%6F%45%20%37%62%42%6C%7C%2C%37%46%2C%39%62%45%62%20%43%2D%2D%43%5A%4C%2D%46%6C%7C%2C%37%45%62%20%73%43%43%73%20%37%47%5A%4C%37%2D%43%20%37%2D%47%4C%5A%37%44%20%2C%68%41%6C%7C%2C%37%2D%43%2C%2D%37%62%39%2C%43%5A%4C%37%45%20%2D%37%20%20%73%42%62%37%2C%7C%2C%55%2C%6C%45%62%20%73%46%2D%37%2C%42%62%37%2C%5A%20=%4A%61%7A%7A%2D%42%61%6C%6C%61%64%20%45%76%65%6E=%36%35=%32
89b4ae8a-54e6-4294-b344-23cb586584c6,irealb://%4C%65%73%20%6D%6F%75%6C%69%6E%73%20%64%65%20%6D%6F%6E%20%63%6F%65%75%72=%4C%65%67%72%61%6E%64%20%4D%69%63%68%65%6C==%4D%65%64%69%75%6D%20%53%77%69%6E%67=%43==%31%72%33%34%4C%62%4B%63%75%37%58%39%2D%41%5A%2D%39%20%4C%5A%75%73%45%5A%4C%20%36%2D%44%5A%4C%51%79%58%7C%78%51%79%58%39%2D%41%7C%51%79%58%39%23%37%45%73%20%45%37%4C%41%34%34%54%7B%35%62%37%2D%42%39%20%46%2F%42%46%2F%36%62%2D%41%7C%51%79%58%37%5E%43%7C%79%51%58%47%2F%46%5A%4C%20%39%2D%44%5A%4C%20%62%58%79%51%4C%5A%2D%45%7C%51%79%7C%51%79%58%39%75%73%20%45%37%58%39%23%37%45%5A%4C%20%39%2D%41%7D%20%20%45%37%20%73%75%73%45%7C%51%79%58%6F%62%45%5A%4C%79%51%7C%41%2D%73%45%5A%4C%20%42%5A%4C%20%46%5A%44%2D%39%20%7C%5A%4C%20%35%62%37%62%47%20%31%31%2D%47%51%7C%79%58%37%5E%43%7C%51%79%58%47%2F%46%5A%4C%41%2D%62%36%2F%4C%51%79%58%78%79%58%46%2F%36%45%2D%37%58%79%79%58%37%5E%43%7C%51%79%58%47%2F%46%5A%4C%37%20%2D%44%5A%4C%20%37%41%20%73%75%73%41%7C%51%51%7C%41%2D%62%7C%51%79%58%37%2D%44%7C%51%79%39%20%4C%5A%45%39%2D%41%7C%5A%4C%51%79%58%39%23%37%45%7C%79%51%58%39%2D%41%5A%4C%73%75%73%37%45%20%6F%62%20%4C%5A%78%58%2D%44%5A%4C%51%2D%41%7C%5A%4C%45%37%58%79%51%41%20%39%2D%41%7B%20%37%45%20%73%75%73%45%51%7C%79%58%39%2D%41%5A%4C%20%6F%62%45%7C%5A%4C%2D%39%2F%47%20%7C%51%79%58%36%62%36%2F%46%20%45%37%23%39%20%7D%51%20=%4A%61%7A%7A%2D%4C%6F%6E%67%20%4E%6F%74%65%73=%38%30=%30
89556215-d448-44c3-982a-69c9d0c17aec,irealb://%4C%69%6E%64%61%20%46%6C%6F%72%20%28%41%69%20%49%6F%69%C3%B4%29=%56%6F%67%65%6C%65%72%2C%20%50%65%69%78%6F%74%6F%2C%20%50%6F%72%74%6F==%42%6F%73%73%61%20%41%63%6F%75%73%74%69%63=%42%62==%31%72%33%34%4C%62%4B%63%75%37%58%35%62%37%2D%34%42%62%5E%20%37%46%20%36%62%42%5A%4C%37%62%42%20%5E%62%5A%42%4C%39%62%37%46%20%36%62%42%5A%4C%37%62%42%62%39%4C%5A%44%34%54%41%2A%5B%37%2D%43%5A%4C%23%35%58%79%51%2D%43%5A%4C%36%2D%43%20%37%2D%43%5A%4C%36%43%2D%20%37%2D%43%5A%4C%37%5E%2D%43%20%2D%43%7C%62%36%20%47%37%37%47%7C%51%79%42%41%2A%5B%5A%5A%43%2D%62%36%20%37%2D%43%5A%4C%37%6F%42%20%5E%62%42%5A%20%4C%6C%63%4B%51%79%58%37%46%5A%4C%37%2D%43%20%46%37%62%39%4C%4C%36%2D%43%20%35%23%37%47%7C%37%4C%5A%42%62%37%2D%44%5A%4C%39%62%37%46%20%36%62%42%5A%37%4C%62%42%20%5E%62%42%5A%4C%39%62%37%46%20%36%62%35%58%79%51%62%42%20%5E%62%58%35%23%37%47%2D%20%43%2D%5E%20%5E%62%42%5A%4C%20%6C%63%4B%51%79%58%33%62%31%47%7C%5A%4C%36%2D%43%20%37%2D%43%5A%4C%37%41%62%37%4C%5A%43%7C%51%79%58%7C%51%79%58%46%58%79%51%7C%46%37%2D%47%42%2A%5B%5D%20%3E%65%6E%69%46%3C%6C%20%63%4B%51%79%58%5E%62%42%7C%51%79%58%33%31%20%43%37%4C%5A%39%43%7C%51%79%7C%51%79%58%37%20%41%37%4C%5A%20%37%2D%47%5A%4C%37%44%20%37%2D%41%5A%4C%47%23%2F%37%45%20%37%2D%47%7C%51%79%58%37%2D%44%41%37%4C%5A%44%35%62%37%2D%45%47%5A%4C%37%44%37%4C%5A%46%58%4C%23%47%2F%37%45%20%37%2D%47%7C%51%79%58%2D%37%44%5A%4C%37%41%20%35%62%37%2D%45%7C%51%79%5A%41%2D%37%20%43%20%2D%47%7C%2D%37%20%43%37%4C%5A%46%37%20%20%3C%44%2E%43%2E%20%61%6C%20%46%69%6E%65%3E%20%5D==%31%32%30=%31
899fcc63-2fb6-4cb5-892a-f7f426c1ee62,irealb://%4F%6E%65%20%4C%65%73%73%20%42%65%6C%6C%20%54%6F%20%41%6E%73%77%65%72=%42%75%72%74%20%42%61%63%68%61%72%61%63%68%2D%48%61%6C%20%44%61%76%69%64==%42%61%6C%6C%61%64%20%45%76%65%6E=%44=%35=%31%72%33%34%4C%62%4B%63%75%37%5E%44%73%5A%4C%34%73%44%5E%39%2C%39%5E%44%7C%2C%45%2F%44%2C%23%46%2F%44%47%2C%2F%44%2C%39%5E%44%5A%4C%2C%37%5E%47%20%2C%20%47%5E%37%2C%34%54%69%2A%5B%4C%23%46%2F%2D%2C%44%2F%46%23%5A%4C%41%2F%37%5E%44%20%36%44%5A%4C%41%2F%5E%37%44%20%2C%44%6C%41%2A%7B%5D%2C%45%2F%44%2C%42%2D%39%20%42%47%2F%44%2C%39%45%73%34%32%54%42%2D%2F%46%23%2C%39%2D%42%6C%31%4E%5B%2C%37%2D%23%46%2C%23%2D%46%73%5A%4C%44%2F%36%47%20%37%5E%47%5A%4C%20%45%2D%20%5B%20%39%2D%42%5A%2D%47%20%2D%47%20%5B%54%34%34%36%62%45%20%37%5E%62%45%32%4E%7C%7D%2C%41%36%2F%47%2C%47%2C%23%46%2F%37%5E%47%2C%45%2F%47%2F%42%62%4C%5A%2C%41%2F%37%2D%37%2D%45%20%37%6C%41%62%2C%41%5B%7C%2C%47%2C%44%2F%47%20%47%73%7C%2C%62%2F%45%62%41%2C%46%2F%36%62%41%2C%47%2F%37%5E%62%2A%42%6C%43%5E%5A%4C%44%2F%37%20%44%43%2A%5B%2F%46%20%45%2D%45%5A%4C%41%20%37%2D%45%5A%4C%45%20%73%75%45%73%5A%4C%37%2D%45%20%46%2F%37%2D%45%5A%4C%37%2D%37%20%41%20%37%2D%45%5A%4C%73%5A%4C%44%2F%4C%5A%44%36%20%47%5A%4C%23%46%2F%2D%42%20%39%2D%42%5A%4C%46%23%2F%2D%42%20%39%2D%42%5A%4C%41%2F%37%5E%44%5E%37%20%47%36%41%2F%37%5E%44%37%41%51%79%58%42%2D%4C%5A%6C%2D%23%46%20%37%2D%45%7C%51%79%58%37%42%5A%37%4C%42%20%37%2D%41%5A%4C%41%2F%2D%45%20%2D%45%4C%5A%47%5E%37%20%2C%2D%23%46%44%20%2C%44%6C%33%34%73%47%36%20%5B%2C%41%2F%36%47%2C%45%2F%36%47%2C%41%36%2F%47%7C%2C%45%2F%36%47%2C%23%46%2F%36%47%2C%20%7B%54%34%34%54%5B%51%79%58%2F%36%47%20%2C%5A%44%36%20%44%20%2C%36%47%73%34%33%54%5B%5D%51%79%58%23%2F%46%2D%42%51%79%58%39%2D%42%5A%4C%41%2F%37%5E%47%36%2F%46%23%4C%41%2F%37%5E%45%2C%4C%5A%47%36%2F%41%2C%20%47%36%2F%45%20%47%36%2F%41%3C%34%78%3E%20%7D%5B%55%54%34%34%6C%44%5E%37%2C%58%79%51%5A%20=%50%6F%70%2D%53%68%75%66%66%6C%65=%37%30=%31
8924aa04-b7d7-4c00-bf4d-93d7b0ea22fc,irealb://%4F%6F%6F%6F%6F=%42%72%61%78%74%6F%6E%20%43%6F%6F%6B%20%78%20%42%75%74%63%68%65%72%20%42%72%6F%77%6E==%4E%75%20%4A%61%7A%7A=%46%2D==%31%72%33%34%4C%62%4B%63%75%37%39%6D%2A%62%41%2A%6D%37%2A%58%37%6D%2A%46%5A%4C%37%43%20%68%47%7C%51%79%39%58%5E%62%45%7C%51%79%58%62%42%2F%47%7C%51%79%2A%58%79%51%7C%46%34%34%54%5B%37%43%20%68%47%45%62%36%39%58%5E%62%45%7C%51%79%58%62%42%2F%47%7C%51%79%2A%58%37%6D%2A%46%5A%4C%37%43%20%68%47%7C%51%79%39%58%79%51%7C%7C%51%79%58%2A%2F%2A%6D%2A%43%37%20%2A%58%79%37%5E%42%5A%4C%37%43%20%68%47%7C%51%79%58%5E%37%62%45%7C%51%79%58%2A%39%6D%2A%62%41%7C%51%2C%58%79%51%7C%6D%2A%46%5A%4C%51%79%58%62%41%7C%46%23%2F%44%51%79%58%2B%43%7C%51%79%58%39%5E%45%7C%51%58%79%62%41%2F%2A%37%6D%2A%62%42%7C%51%79%58%62%7C%42%5E%37%2F%51%79%58%62%42%7C%43%2A%6D%2A%2F%42%62%58%79%51%7C%46%23%2F%44%62%58%79%51%7C%42%62%2A%6D%37%2A%2F%41%62%58%79%51%7C%45%5E%39%58%79%51%7C%43%2B%58%79%51%7C%20=%50%6F%70%2D%47%6C%61%6D%20%46%75%6E%6B=%38%30=%30
89602edc-75e7-412e-957c-e28ecbe52310,irealb://%4F%75%74%20%4F%6E%20%54%68%65%20%57%65%65%6B%65%6E%64=%59%6F%75%6E%67%20%4E%65%69%6C==%46%6F%6C%6B%20%52%6F%63%6B=%41==%31%72%33%34%4C%62%4B%63%75%37%51%79%58%45%7C%58%79%51%7C%45%7C%51%79%58%45%7C%51%79%58%2D%42%3E%20%3C%7C%53%51%79%58%45%7C%51%79%58%2D%42%7C%51%79%58%42%2D%58%79%51%2D%42%41%2A%5B%20%20%41%7C%51%79%51%7C%46%23%79%58%2D%42%5A%4C%20%3E%20%3C%20%41%42%2A%5D%7B%51%79%58%45%7C%51%79%58%2D%42%7C%51%79%58%51%7C%45%58%79%58%2D%23%43%7C%37%5E%44%7C%51%7D%7C%41%58%79%42%7C%51%79%58%41%43%2A%5B%20%51%79%58%5D%73%20%75%73%45%20%2C%45%7C%51%79%58%2D%42%7C%51%2D%2F%41%58%79%20%3E%78%33%3C%6C%61%20%2E%53%45%2F%41%2C%7C%41%2F%45%73%20%20%41%2F%37%5E%44%7C%51%79%41%58%2F%2D%42%7C%51%79%58%41%7C%51%79%58%41%6C%2C%7C%3C%44%2E%73%20%20%41%2F%7C%51%79%58%2D%3E%6C%41%20%20%45%7C%51%79%58%2D%42%44%2A%51%5B%20%51%79%51%58%79%58%51%79%58%51%79%58%51%79%58%5D%20%51%58%79%51%7C%42%61%64%6F%43%20%41%7C%51%79%58%43%23%2D%58%79%2D%42%5A%4C%20%3E%20%3C%20%41%7B%5D%51%79%45%58%7C%51%79%58%2D%42%7C%51%79%58%23%46%7C%51%58%79%51%7C%45%7C%51%79%58%45%20%20%3C%34%78%3E%20%7D%20=%50%6F%70%2D%46%75%6E%6B=%36%39=%31
89545203-2d6b-49e1-8cb3-90c332eb6258,irealb://%54%6F%6D%61%20%54%75%20%4C%75%67%61%72=%4D%61%72%63%6F%73%20%42%72%75%6E%65%74==%42%61%6C%6C%61%64=%44==%31%72%33%34%4C%62%4B%63%75%37%7C%51%79%58%2C%34%44%2C%58%79%2C%23%46%2F%44%5A%4C%2C%41%20%2C%37%2D%42%51%7C%79%58%2C%37%2D%45%7C%51%79%58%2C%41%7C%51%58%79%51%7C%41%34%54%41%2A%7B%7C%51%79%58%2C%79%51%7C%42%2D%51%79%58%2C%47%3E%73%75%72%6F%68%63%65%72%20%70%30%36%2A%3C%76%2A%5B%5D%20%2C%41%20%2C%37%7C%44%2F%46%23%58%2C%37%2D%45%20%20%51%79%58%45%2D%37%2F%44%41%20%2C%37%2D%45%7C%51%79%58%2C%47%6C%7C%23%2C%46%2F%44%73%2C%41%20%2C%73%75%73%41%5A%4C%20%5D%58%79%51%20%2C%37%2D%45%37%2D%45%7C%51%2C%44%2C%58%79%51%79%58%2C%23%46%2F%44%7C%51%79%58%2C%47%51%7C%79%58%2C%37%2D%45%7C%51%79%58%2C%41%7C%51%7C%41%2C%58%79%66%2C%42%2A%5B%2C%37%2D%42%7C%47%2C%58%79%51%2D%45%5A%4C%2C%41%20%2C%37%2D%42%7C%51%79%2C%58%47%5A%4C%2C%41%20%2C%37%2D%42%43%2A%5B%5A%37%2C%58%79%51%7C%51%79%58%2C%20%41%2F%43%23%2C%4C%5A%44%2F%46%23%2C%20%47%2C%4C%5A%47%2C%20%41%2C%4C%5A%58%79%51%20%5D%20==%30=%30
895a9855-a6e4-4306-a156-20371052feba,irealb://%53%20%34%31%2E%32%20%46%20%4D%61%6A%6F%72=%4E%69%65%68%61%75%73%20%4C%65%6E%6E%69%65==%4D%65%64%69%75%6D%20%53%77%69%6E%67=%41%62==%31%72%33%34%4C%62%4B%63%75%37%58%78%7C%51%79%62%58%79%51%7C%79%58%78%7C%51%79%58%37%62%44%7C%51%79%58%62%37%41%7C%51%79%58%62%41%7C%51%79%58%37%62%44%51%7C%41%62%58%41%34%34%54%5B%79%51%7C%45%62%37%58%79%51%7C%44%62%37%58%79%51%7C%41%37%58%79%51%7C%41%62%58%79%51%5D%20=%4A%61%7A%7A%2D%4D%65%64%69%75%6D%20%53%77%69%6E%67=%31%38%30=%33
893c684c-4992-4625-a0de-fb2cd4307b8d,"irealb://%53%69%6E%67%61%6C%6F%6E%67%73%6F%6E%67=%46%6F%6E%67%20%4B%68%61%6C%69%6C==%50%6F%70=%46==%31%72%33%34%4C%62%4B%63%75%37%2D%41%20%62%42%37%20%41%2D%4C%43%2F%62%42%20%37%5E%62%42%5A%4C%37%2D%41%37%20%5E%46%5A%4C%43%2F%62%42%20%37%5E%62%42%5A%20%5D%5B%2A%42%5E%46%41%2A%7B%37%5E%46%43%2A%37,%42%62%2F%62%42,%37%5E%62%42,%37%2D%41,%37%2D%5A%47%4C%37%2D%41%20%62%42%5A%4C%37%5E%46,%43%2F%43,%5D%5B%2D%47%5A%4C%37%51%79%58%51%79%42%62%5E%37%20%79%58%7D%51%79%58%37%5E%46%5A%4C%43%20%62%5A%44%4C%2D%44,%2D%41,%62%42%5A%4C%37%2D%41%51%58%79%51%58%5A%4C%2D%41%20%5A%4C%2D%62%42%58%79%51%7C%44%51%79%58%2D%46%7C%51%79%58%2D%62%45%7C%51%58%79%62%42%5A%4C%44%20%2D%43%7C%51%79%58%37%2D%7C%47%2D%37%20%2D%41%44%2A%5B%37%5E%46%5A%4C%43%31%31%20%5D%4C%2D%44,%2D%41,%62%42%5A%4C%37%2D%41%37%20%5E%62%42%5A%4C%2D%41%20%37%5E%46%43%2A%7B%5A%44%62%20%43%20%43%2F%62%42%58%79%51%7D%20=%50%6F%70%2D%53%6C%6F%77%20%52%6F%63%6B=%36%30=%31"
893f76e7-65b2-4b2e-b452-cc384c5fbd73,irealb://%53%70%72%69%6E%67%20%43%61%6E%20%52%65%61%6C%6C%79%20%48%61%6E%67%20%59%6F%75%20%55%70%20%54%68%65%20%4D%6F%73%74%20%2D%20%47%48%33%4B=%57%6F%6C%66%20%54%6F%6D%6D%79==%42%61%6C%6C%61%64=%42%62==%31%72%33%34%4C%62%4B%63%75%37%37%2D%44%6C%7C%34%42%62%5E%37%2D%43%2C%37%2D%47%2C%37%5E%62%42%73%5A%4C%5E%37%62%41%20%37%5E%62%42%5A%4C%37%5E%62%41%20%37%2C%46%37%2C%34%54%41%2A%7B%37%2D%47%2C%37%4C%5A%45%68%37%4E%5A%4C%37%46%20%37%2D%43%5A%4C%6F%62%44%44%20%2F%37%5E%62%42%5A%4C%2C%37%2D%62%45%6C%20%31%73%42%62%5E%39%62%37%47%20%42%20%37%2D%46%46%37%7D%58%79%42%20%37%2D%46%42%2A%5B%5D%51%79%58%37%5E%42%62%6C%32%4E%7C%51%79%58%51%79%58%51%79%58%51%62%5E%37%4C%5A%2C%37%2D%43%2C%2C%37%2D%45%73%46%2D%37%20%42%20%37%2D%62%42%5A%4C%37%62%45%20%37%2D%62%5A%42%4C%37%5E%62%42%20%37%2D%46%5A%4C%37%5E%62%45%62%37%4C%5A%5A%4C%37%5E%62%4C%37%2D%43%20%5E%37%4C%5A%47%4C%37%5E%62%41%20%37%5E%62%42%5A%4C%37%5E%45%62%20%37%5E%46%43%2A%5B%5D%20%37%43%20%37%2D%5A%42%62%5E%37%44%6C%2C%37%41%37%46%20%37%2D%62%35%20%73%47%44%20%44%2F%37%5E%62%42%5A%4C%51%2C%37%2D%45%62%6C%20%37%68%45%6C%7C%2C%46%2F%37%47%2C%37%62%6F%4C%5A%43%37%2D%44%6C%5A%20%37%5E%62%42%62%35%20%47%37%43%20%6C%61%20%2E%43%2E%44%3C%5A%4C%2C%35%37%62%42%20%2C%37%46%6C%51%79%58%37%2D%43%5A%4C%6F%64%61%3E%6C%37%2D%44%5A%4C%5E%62%42%6C%2C%5D%58%79%51%4C%43%73%5A%4C%37%47%20%68%44%5A%4C%37%46%20%2D%37%43%5A%4C%37%62%47%20%37%2D%62%44%51%59%5A%2D%37%2C%46%37%20%37%5E%62%41%41%2C%37%2D%62%2D%37%2C%46%5E%43%7C%51%79%58%37%43%5A%4C%37%2D%47%6C%2C%62%39%37%44%2C%68%41%73%5A%4C%37%5E%62%42%6C%2C%2D%37%20%73%45%43%73%5A%4C%37%62%37%2C%7C%6C%44%2D%37%20%47%37%4C%5A%43%2D%37%58%79%51%6C%42%37%2C%20%46%37%62%39%2C%4C%5A%55%42%62%5E%37%58%79%51%5A%20=%4A%61%7A%7A%2D%4D%65%64%69%75%6D%20%53%77%69%6E%67=%31%31%30=%31
895ce916-87f2-462d-9d09-28071f04204b,"irealb://%53%74%61%72=%57%68%69%74%65%20%4D%61%75%72%69%63%65==%4D%65%64%69%75%6D%20%46%75%6E%6B=%44==%31%72%33%34%4C%62%4B%63%75%37%34%34%54%7C%51%34%3C%2A%36%36%47%34%32%54%5A%4C%44%2F%47%20%44%2F%2D%41%4C%5A%44%2F%41%20%44%3E%6F%74%61%62%75%52%20%20%2D%2F%44%58%79%34%54%69%2A%7B%2A%3C%7B%20%51%7C%45%2D%37%62%75%73%39%41%20%62%42%2F%35%62%37%2D%45%7C%79%51%58%73%75%73%39%41%7C%51%79%58%62%42%2F%35%73%20%5D%58%79%7D%51%79%58%44%2F%47%73%20%44%74%65%6D%70%6F%44%2F%41%20%44%41%2A%7B%7D%20%20%78%20%5A%20%4C%78%20%5A%4C%20%6C%63%4B%51%79%58%37%44%3E%4C%5A%41%2D%2F%20%41%20%36%36%45%70%70%7C,%44,%7C%6C%44%2F%2D%45,%37%44%34%34%54%42%2A%5B%5D%20%73%78%34%32%54%5A%4C%20%78%34%33%54%5A%4C%20,%44,%70%44%37%2F%2D%47,%44%2D%45%70%70%7C%37,%7C%44%37%44%2F%2D%45,%37%44%7C,%37%44%73,%44%2D%2F%45%70%70%7C,%37%44%70,%44%2F%2D%45,,%70%44%37,%44,%44%2F%2D%4C%42%2F%47%5A,%7C%44%37,%47%6C%3E%20%20%3C%43%2A%5B%7D,%37%44,%2F%44%2D%45%70%70%7C,%37%44%70,%44%2F%2D%45%2D%2F%42%62%4C%37%44,%44%2F%6C%31%4E%7C,%35%2F%42%62%20%2D%23%46%73%5A%4C%47%44%2A%7B%5D%20%78%5A%78%4C%5A%4C%78%5A%4C%37%44%5A%4C%73%75%73%39%41%37,%42%2D%37%62%37%2D%45%5A%37%44%73%42%2A%41%39%73%75%73%75%73%39%41%20,%62%42%2F%35%62%37%2D%45%4E%32%7C%7D%20%62%41%2F%62%42%20,%44%5A%4C,%73,%20%5D%7B%20,%37%2D%45%6C%41%2A%5B%7D,%70%44%37,%2F%2D%45%70%70%7C,%37%44%70,%44%2F%2D,%45%37%44%7C,%37%44,%44%2F%2D%45%70%70%7C%44,%44%37,%44%2F%2D%45,%54%42%2A%7B%5D%4C%5A%41%2D%2F%32%54%7C,%20%20,%78%34%33%54%5A%4C%20%44,%6C%7C,%44%2F%2D%47,%44%2F%47%73%20%44%34%73%78,%20%44%2F%41%20%44,%37%44%73,%45%2D%2F%44,%70%7C,%37%44%70,%44%2F%2D%45,%37%44,%7C%37%44,%44%2F%2D%45%70%70%7C,%37%44%70%70%45%2D%2F%44,%37%44%34%34%2A%3C,%44%2F%37,%45%2D%2F,%37%44%70,%44%2F%2D%45,%37%44%7C,%44%37,%44%2F%2D%45%70%70%7C,%37%44%70,%44%7C%70%70%45%2D%44%42%2A%7B%7D%36%39%39%78%3E%73%44,%7D%20=%50%6F%70%2D%56%69%72%74%75%61%6C%20%46%75%6E%6B=%31%30%36=%30"
89f2f5e8-1666-4701-847e-f78f8ac69aa8,irealb://%53%74%61%73%65%72%61%20%50%61%67%6F%20%49%6F=%4D%6F%64%75%67%6E%6F%20%44%6F%6D%65%6E%69%63%6F==%4D%65%64%69%75%6D%20%53%77%69%6E%67=%46%23%2D==%31%72%33%34%4C%62%4B%63%75%37%4C%78%5A%4C%2D%34%46%23%2D%58%5A%4C%78%5A%4C%78%5A%4C%2D%23%46%41%2A%7B%20%20%51%79%58%51%79%58%5D%20%20%6C%63%4B%51%79%78%4C%5A%46%23%33%54%69%2A%5B%4C%78%5A%4C%23%5A%78%4C%5A%42%20%78%5A%4C%37%23%43%5A%4C%78%5A%4C%2C%37%47%23%5A%4C%78%5A%4C%2D%23%46%5A%4C%78%5A%4C%2D%7D%5B%2A%42%46%4C%37%23%43%5A%37%23%43%5A%4C%78%4C%5A%46%23%42%5A%4C%78%5A%4C%37%6F%23%47%5A%4C%78%5A%47%4C%5A%4C%78%5A%4C%2D%42%5A%4C%37%23%46%5A%4C%6F%37%4C%5A%78%5A%4C%23%46%5A%4C%78%5A%4C%47%5B%2A%41%46%23%2D%42%5A%4C%78%5A%4C%37%23%43%5A%4C%78%5A%2D%4C%23%46%5A%4C%78%5A%4C%78%5A%4C%78%5A%4C%2D%4C%5A%78%4C%5A%5D%20%78%5A%4C%4C%2D%42%5A%4C%4C%5A%6E%20%5D%43%5A%4C%78%5A%4C%2D%23%46%5A%4C%78%5A%4C%5A%78%4C%78%5A%4C%2D%23%46%41%2A%5B%20%51%79%58%23%37%4C%5A%78%37%6F%23%47%5A%5A%78%4C%5A%46%23%2D%4C%5A%78%4C%5A%47%23%37%2C%4C%5A%78%4C%5A%43%23%37%4C%5A%78%4C%5A%66%55%46%23%2D%20%5A%20=%4A%61%7A%7A%2D%53%6C%6F%77%20%53%77%69%6E%67=%39%35=%33
899286ab-3e14-495b-a34d-86a1238d9935,irealb://%53%74%75%64%79%20%23%36=%4C%65%61%76%69%74%74%20%57%69%6C%6C%69%61%6D==%4D%65%64%69%75%6D%20%53%77%69%6E%67=%43==%31%72%33%34%4C%62%4B%63%75%37%39%41%2C%39%62%36%58%79%51%7C%73%5A%4C%37%47%20%37%2D%44%5A%4C%37%2D%41%43%20%5A%4C%6F%23%46%20%46%7C%51%79%58%37%2D%45%45%2D%37%2C%42%43%34%34%54%7B%4C%37%2D%62%42%2C%7C%6C%44%2D%5B%51%79%58%2C%43%6C%32%4E%7C%7D%2C%37%47%37%2C%2D%44%73%20%43%31%4E%5A%4C%37%47%20%2C%37%44%62%5E%37%20%39%62%37%41%2C%44%5A%4C%37%62%20%41%62%37%4C%45%5A%4C%37%2D%62%42%20%37%5E%62%44%5A%4C%62%37%41%20%37%2D%62%45%5A%4C%6F%44%20%62%44%5A%62%2D%37%20%41%37%2D%62%45%5A%2D%41%20%43%5A%37%4C%5A%41%2D%46%7C%51%79%58%37%2D%45%7C%51%79%58%2C%36%6C%43%5B%2C%73%75%73%39%47%2C%39%62%41%73%20%37%20%46%23%6F%4C%2D%62%42%20%62%73%20%37%2D%44%37%20%47%37%4C%68%45%5A%4C%37%47%20%37%2D%44%6C%7C%2C%39%37%62%41%2C%39%41%2C%39%62%42%2C%37%2D%45%73%5A%20%41%37%4C%5A%2D%44%5A%4C%37%47%39%2C%47%37%62%39%2C%7C%6C%43%36%2C%58%79%51%5A%20==%30=%30
89084750-fff2-4f4e-a1c4-f60742276f97,irealb://%54%68%72%65%65%20%46%6C%69%67%68%74%73%20%55%70=%4D%65%74%68%65%6E%79%20%50%61%74==%45%76%65%6E%20%38%74%68%73=%45%2D==%31%72%33%34%4C%62%4B%63%75%37%78%5A%4C%78%5A%34%45%2D%31%31%31%23%37%43%42%2A%7C%7D%20%78%5A%4C%78%5A%78%4C%5A%4C%78%5A%4C%78%5A%4C%78%5A%4C%78%5A%4C%31%4C%5A%78%4C%34%54%41%2A%7B%4C%37%2D%42%44%78%4C%5A%78%4C%5A%4C%78%5A%4C%78%5A%4C%78%5A%4C%78%5A%4C%5A%78%4C%78%5A%4C%37%2D%41%43%2A%7C%5D%20%78%5A%78%20%5D%7C%2A%5A%4C%78%5A%4C%5A%4C%78%5A%4C%4C%5A%78%4C%5A%78%5A%4C%31%31%2D%42%5A%4C%78%5A%4C%37%5E%76%43%2A%7C%5D%20%78%5A%4C%78%5A%4C%78%5A%4C%78%4C%5A%41%2D%37%78%5A%4C%78%5A%78%5A%4C%78%5A%5A%78%4C%5A%43%5A%4C%31%31%2D%45%5A%4C%20%51%79%58%51%79%5D%58%20%78%5A%4C%37%2D%42%5A%4C%78%5A%4C%37%5E%78%4C%5A%78%4C%4C%31%31%2D%42%4C%5A%78%4C%5A%78%4C%5A%78%4C%5A%78%4C%5A%78%4C%5A%78%4C%5A%78%4C%5A%78%4C%5A%78%4C%5A%78%4C%5A%78%20%5D%20=%4A%61%7A%7A%2D%47%75%69%74%61%72%20%54%72%69%6F=%33%30%30=%30
892666b6-f536-4251-b1fb-7ce75f09006d,irealb://%54%6F%79=%4A%6F%72%64%61%6E%20%43%6C%69%66%6F%72%64==%4D%65%64%69%75%6D%20%55%70%20%53%77%69%6E%67=%47==%31%72%33%34%4C%62%4B%63%75%37%2F%37%5E%43%73%34%34%43%5E%37%20%78%31%4E%5A%4C%78%5A%4C%78%5A%4C%47%2F%5E%37%43%5A%4C%78%5A%4C%78%5A%4C%78%5A%4C%47%2F%7D%59%7C%4E%32%54%69%2A%7B%59%20%37%2D%44%7C%5D%7C%2A%41%53%7C%51%79%58%37%2D%44%5A%4C%20%37%41%5A%4C%37%20%5E%43%5A%4C%20%37%47%5A%4C%20%37%2D%44%6C%47%37%58%79%51%20%20%6E%2C%47%47%20%37%2D%44%43%5E%37%58%79%37%5E%43%5A%4C%37%47%20%37%2D%44%5A%4C%37%41%2D%20%37%2D%45%5A%4C%37%47%20%37%2D%44%7C%51%20%41%37%4C%5A%5A%4C%37%62%44%37%2D%41%7C%51%37%20%41%37%4C%45%7C%51%79%58%35%62%37%2D%42%42%2A%5B%5D%79%51%58%37%5E%43%5A%4C%37%62%44%20%37%2D%44%5A%37%62%39%58%79%2D%45%5A%4C%37%5A%4C%47%2F%37%6C%20%4C%5A%46%5D%20%37%47%20%37%2D%44%51%5A%4C%37%41%20%2D%37%45%7C%51%79%58%37%62%42%7C%51%79%58%37%2D%7B%2A%43%43%5E%63%4B%51%79%58%5E%43%51%7B%59%5A%78%4C%5A%43%20%2E%61%64%6F%43%20%6C%61%20%2E%53%2E%44%30%36%2A%3C%5A%4C%78%5A%4C%78%5A%4C%47%2F%37%5E%20%3E%78%20%7D%4C%78%5A%4C%78%43%73%32%4E%55%51%4B%63%6C%20%31%4E%5A%4C%20%78%5A%4C%20%78%5A%4C%20%47%37%2F%5E%43%5A%4C%20%78%20%5A%4C%20%78%20%5A%4C%20%78%20%7D%7C%79%58%47%2F%37%20%6C%6C%61%62%6E%20%20%5A%3C%43%20%2F%20%E2%80%9D%6E%61%65%6D%20%49%20%74%61%77%68%20%77%6F%6E%4B%E2%80%9C%20%6D%6F%72%46%39%33%2A%61%6E%6E%6F%6E%2C%47%2F%37%5E%41%64%64%65%72%6C%65%79%3E%20==%32%33%30=%33
89b34aee-b553-40ae-9dbe-d23ab90446ef,irealb://%56%6F%69%63%69%6E%67%73%20%77%6F%72%6B%6F%75%74%20%63%68%61%70%74%65%72%20%33=%4D%61%6E%74%6F%6F%74%68%20%46%72%61%6E%6B==%4D%65%64%69%75%6D%20%53%77%69%6E%67=%43=%32=%31%72%33%34%4C%62%4B%63%75%37%5A%4C%20%37%45%2D%37%58%79%51%42%5A%4C%20%2D%23%43%5A%4C%20%45%5A%4C%51%58%79%7C%51%79%58%37%5E%47%7C%51%79%58%37%44%7C%2D%37%20%4C%5A%41%34%34%54%5B%20%37%41%5A%4C%5A%4C%5A%47%37%20%2D%44%5A%4C%5A%4C%20%37%5E%47%5A%4C%20%44%37%5A%4C%20%37%2D%41%5A%4C%20%37%43%5A%4C%20%4C%5A%45%2D%20%4C%20%37%5E%41%4C%5A%44%20%4C%5A%58%79%51%4C%5A%44%62%37%20%4C%5A%47%62%37%20%4C%5A%44%62%37%20%4C%5A%41%62%37%20%4C%5A%44%62%37%20%4C%5A%20%5A%20=%4A%61%7A%7A%2D%4D%65%64%69%75%6D%20%55%70%20%53%77%69%6E%67=%31%33%37=%33%30
8952ec38-3545-4525-b837-a4914edd7b37,irealb://%57%69%6E%64%6F%77%73%20%6F%66%20%74%68%65%20%57%6F%72%6C%64%2C%20%54%68%65=%44%61%76%69%64%20%42%61%63%68%61%72%61%63%68%2C==%46%6F%6C%6B%20%52%6F%63%6B=%45%62==%31%72%33%34%4C%62%4B%63%75%37%45%20%36%62%45%34%43%2D%37%20%42%73%20%20%2D%46%5A%4C%37%2D%43%20%2D%43%51%7C%79%58%2D%43%5A%4C%78%5A%4C%20%2D%46%5A%4C%62%39%2C%7C%6C%34%54%41%2A%5B%62%41%7C%51%79%45%62%37%58%79%79%58%37%62%45%5A%4C%37%5E%62%45%20%5E%62%7C%45%51%79%58%2D%62%41%7C%51%79%58%62%41%7C%51%51%7C%41%62%58%5A%4C%37%5E%62%45%7C%51%79%58%45%62%5E%20%20%79%58%37%62%45%6C%51%5B%59%5D%51%79%58%5E%45%62%7C%2C%5E%62%45%73%20%20%37%62%45%5A%4C%51%51%7C%45%62%5E%7C%51%79%58%2D%62%37%20%20%73%41%62%2C%7C%55%6C%45%62%2C%66%58%79%51%5A%20=%50%6F%70%2D%53%6C%6F%77%20%52%6F%63%6B=%39%32=%33
89b0382b-408d-43cb-b68d-80c21dfcafd0,irealb://%D0%9E%D1%82%D1%82%D0%B5%D0%BF%D0%B5%D0%BB%D1%8C%3DComposer%20Unknown%3D%3DMedium%20Swing%3DA-%3D%3D1r34LbKcu7yX-AZD-XyQ-D%7CQyX-D%5B%5DQyX-ZAL%206-A%2C-D%7CQyXx%7C%2C%20E7L%2Ci*%2C%5B7-D%5B%5DXyQ%5D%5B-AZL7EZL-D%5D%20xZ-LAZL7EZL6-D%2CA*%2CLZA7%206-A%7CQ-D%7CQyZC%5E7LX-D%2CB*%2C%5B%5D%20xZL-ZAL7EZL6-D%5D%207%5EFZyQ%7CxXL7GZL%2CA-6%20LZA-XyQ%5D%5BD-XyQ%7CD-%2C%20E7LZA-XyQ%7CA-6XyQ%5D%20%3D%3D0%3D0
89993341-2541-44a6-a5c8-914e3b19f27f,irealb://%D0%9B%D1%8E%D0%B1%D0%B8%D1%82%D0%B5%2C%20%D0%94%D0%B5%D0%B2%D1%83%D1%88%D0%BA%D0%B8%3D%D0%91%D1%80%D0%B0%D0%B2%D0%BE%3D%3DMedium%20Swing%3DA%3D%3D%5B%20%3D%3D0%3D0
890e2f9a-46e9-4720-8a28-3696ef4d4eb3,irealb://%D7%91%D7%93%D7%A8%D7%9A%20%D7%90%D7%9C%20%D7%94%D7%90%D7%95%D7%A9%D7%A8=%D7%A8%D7%95%D7%91%D7%A1%20%D7%93%D7%A0%D7%99==%46%75%6E%6B=%44==%31%72%33%34%4C%62%4B%63%75%37%41%51%79%58%37%34%44%35%2C%58%58%46%51%79%58%62%42%7C%7D%20%47%20%2C%46%79%51%58%35%44%5A%4C%2C%45%2F%43%20%2C%46%51%79%79%51%7C%45%2D%34%54%76%2A%7B%D7%95%3C%5A%4C%51%59%59%2A%43%3C%37%2D%45%5A%4C%51%79%58%51%79%58%39%44%5A%51%4C%79%58%51%79%58%37%2D%45%3E%D7%9F%D7%95%D7%9C%D7%97%D7%91%58%79%51%58%79%7C%51%79%58%37%2D%45%5A%4C%51%D7%9D%3E%42%62%58%44%5A%4C%51%79%58%51%79%58%37%2D%45%3E%D7%94%D7%95%D7%95%D7%A7%D7%AA%D7%94%20%D7%A7%D7%A8%3C%5A%4C%51%79%58%51%79%58%79%51%58%79%D7%94%D7%99%D7%A0%D7%99%D7%91%37%58%79%51%58%79%51%4C%5A%42%62%58%79%51%41%37%58%79%51%5D%20=%42%6C%75%65%73%2D%46%75%6E%6B%79=%39%35=%33
899f661e-5d0a-41cd-aa4e-9708d20ca1c2,irealb://%E3%83%9E%E3%82%A4%E3%83%B3%E3%83%89%E3%82%B7%E3%83%BC%E3%82%AB%E3%83%BC%20OP%3DComposer%20Unknown%3D%3DPop%3DC%3D%3D1r34LbKcu7%7CQyXG%E3%83%BC%E3%82%BD%E3%83%95%E3%82%A1%E3%83%BC%E3%83%BC%E3%82%B7%E3%83%BC%E3%83%AC%3C%7CQyXF%3E%E3%83%BC%E3%83%9F%E3%83%BC%20%E3%83%AC%20QyXQyX%3C%7CQyXG%3E%E3%83%9F%E3%83%95%E3%82%A1%E3%83%BC%3E%E3%82%B7%E3%83%BC%E3%83%AC%3C%7B%E3%83%AC%E3%83%BC%E3%82%BD%E3%83%BC%E3%83%AC%3C%E3%83%AC%E3%83%BC%E3%83%89%E3%83%BCQyXF%3E%20%20%E3%83%BC%E3%82%A1%E3%83%95%E3%83%BC%E3%83%9F%20QXyQyX%3C%7CQyXG%3E%E3%83%BC%E3%83%89%E3%83%BC%E3%82%B7%7C%3CXyQ%7CQyXF%E3%83%95%E3%82%A1%E3%83%BC%3EGXyQ%7CFXyQ%7D%20%3DPop-Bluegrass%3D90%3D3
894884f6-b595-434b-9616-e00637d9a30f,irealb://%E3%83%AD%E3%83%9E%E3%83%B3%E3%82%B7%E3%83%B3%E3%82%B0%E3%82%B5%E3%82%AC%EF%BC%92%20%E4%B8%83%E8%8B%B1%E9%9B%84%E3%83%90%E3%83%88%E3%83%AB%3DComposer%20Unknown%3D%3DRock%3DA-%3D%3D1r34LbKcu7L7AZL4A-9LZL-DZLxZLxZLxZ5Lb7-BZLxZLxZLxZG7LZC4Ti*%5BZLxZL%2C%7CB%2CE%7CQyXQyXQyXQyXZxLZL-AZLxZL9-A%7C%2C%5B*AA-C%2C-DZDB*ZLLZELZZLxZLEZLxZL-DZxLZL-AZLxZL-AZLxA7LZxxZL-DQyX%7C%23ZA-LZ%7C%2CF%2CE%7C%2C%23D/B%2C-DLZ%20ZLAZLEZL-DZLxG%2CE/GLEZL-%2BEZLxQLZ*CLxZLEZLxZLCZLxLZGZLxZL-AZLxZLEZA-LZyXQyXLZE/G%23LZA-LZx%20%5D%20%3DPop-Rock%3D160%3D2
899a9a24-f8c5-4c93-b632-bd424a9587fe,irealb://%E5%A6%82%E9%B9%B0%E5%B1%95%E7%BF%85%3DComposer%20Unknown%3D%3DDual%3DC%3D%3D1r34LbKcu7%3Eg%3C%2C-4%3C*66321%20321%20evoorGyQXQyX.yeK%20G%20QyX%2012%3EE4Ti*%5BQyXQyf%23%3EB-yX%7Cp%3E2X%3Cpp%2CD%3E%23%3Cf%7Cppp%2CC%3Ee%3C%7Cppp%2CQXyQX%3C%7Cpppp%2CC%7Cp*v%3C*6%7Cppp%2C-E%3E21%203213%2021%20evoorG%20QyX6B-%2Cpp%5B%20QyX%20QyX2ppp%7CE%5B%7Cpv*pp%2CD%7Cp%2CCp-%2CA%7Cppp%2C-B%7Cppp%2C-*B%3C*7%2CD%7Cpp%7Cppp%2Ca3n4ep%2C-E%7Cppp%2C%23F/D%7Cppp%2CG%3EdallaB%20.anpp%7CB-ne2n1S%20QyXp%7CG%2CD*%5B%7C%2C7D%2CD/Cp%2CD%7C%2Cp-Ap%2CC%7Cp%2C-E%2C%23F/C%3C*63%2CDp%2CC*%3Cpp%2C%201n2np%2C%23F/D%7Cppp%2CG%3E%20d.allaB%20.ane4n3app%7CE-.654R%7Cp%2C-Em%20sol%2C-B%7Cppp%3E%3CtfoS3*6%3C%2CC%7Cppp%2C-B%7Cp%3EoB/D%23%2CurD061234%20%2Cp%7CD%2C%2075*%3CC*%7C%7C%2C%23F/DE%2C/C%3EevatcO06*%3Cp%204321-Ap%2CCNS%5B%7C%2Cp%7CD/FFp%2CG%7Cppp%2C-E%7Cpp%3EpgnihcraM45*%3C%2C%23/G%2CG7pp%2CG%3E-A%7Cp%2C661en~75*%3C%2C%23F/D%2CG%7Cppp%3Eane4ane3ane2a~~%3EE-*%3C%2CC0H%20dnE%7C*vN0%20QyXQyX%7C7D%2CD/C%2CpG%3Estaeb%208%2075*%3C%20%3C*24p%2CDp%2CF/D%7CpyQLZScQyXQyX96*%3C0NQ%7C%5B%2CD%2C-E%2C%23F/D%2CG0N%3EG%2CppX%3Ehgi%23%2Cppp%7CC%2CpD7%2Cp%7CG%5E7%2Cppp%7C%20%3DPop-Smooth%3D70%3D3
895c83dd-92c0-449f-91aa-450f768127c8,irealb://%E5%A4%A7%E8%B2%9D%E7%8D%A3%E7%89%A9%E8%AA%9E%20%E3%82%A8%E3%83%B3%E3%83%87%E3%82%A3%E3%83%B3%E3%82%B0%EF%BC%88%E3%83%AC%E3%82%AF%E3%82%A4%E3%82%A8%E3%83%A0%EF%BC%89%3DComposer%20Unknown%3D%3DPop%20Ballad%3DB%3D%3D1r34LbKcu7-%23G%7CQ%23-XyQQyXE%7CQyX-%23G%7CQy-X%23G%7CQyX%23F%7CQyXE%7C%7CF%23XyG43T%7BX-%23G%7CXyQ%7CFE%7CQyX%23F%7CQyXE%7CQXy%23D%7CQyX-%23G%7CQyX%23%20%20F%23%2CB%7CQyX%7CQyX%23yQ%7CEX-%23G%7CQyX%23F%7CQyXBQ%7CyX-%23G%7CQyX%23F%7CQyXyQ%7CDXE%7CQy%7CQyX-F%23XyQF%20%20E%7CQyX%23F%7CQyX%7CEQyX-%23G%7C%2C%23F%20%20E%7C%23%2C%7CG%23%7CQyXEBXyQ%7CF%23XyQ%7CG%23-XyQ%7CD%23XyQ%7D%20%3DPop-Rock%3D104%3D1
89876c69-50ff-48fb-a44c-2a1b040a1f2f,irealb://%E7%99%BD%E3%81%84%E8%89%B2%E3%81%AF%E6%81%8B%E4%BA%BA%E3%81%AE%E8%89%B2%3DComposer%20Unknown%3D%3DFolk-Rock%3DC%3D%3D1r34LbKcu7QyXC%7CXyQ%7CD%7CQyX7-D%7CQyXCZLG7%20C%7CQyX7G%7CQyX7-G7XyQC44T%5ByXCZLQ%7CA-XyXZLsusG%20G%7CQyXF6%7CQyX-E%7CQyXx%7CQyQXyQ%20yX7G%7CQ%7CD-7XyQ%7CCXyQ%7CxXyQ%5D%20%3DPop-Rock%3D115%3D1
89c7db98-b30d-4198-89b0-b9d158e01e09,irealb://I'll%20See%20You%20In%20My%20Dreams%20%28with%20Verse%29%3DIsham%20Jones%2C%20Gus%20Khan%201924%3D%3DMedium%20Swing%3DF%3D%3D1r34LbKcu7XFZL7*74VEQyX7GZL%20lcKQyXD7ZL%20lcKQyXF%3EESR%7CG7%20C%3C44T%5ByX7C%7C%20LZA-ZLoC%20C%7CQyX-AZLA-%207E%7CQyX7EZLoB%20G7XyQlcKQy%20oF%7CQ%20%5D%5B%3C*%20lcKQyX-bBZL%20lKcQyXbB%3ESUROHC27LZFXy%20lcKQCZL%20lXyQKc7G%7CQyX7D%7CQyX7-ZAL%20lcKQyX7DZL%20lXyQKcFZL7EKQyXFcl%20LZoF%7CQyXFZL%20lcKQXy-bBZL%20lcKQyXbB%20E7LZKQyX7cl%20LZD7XyQKcl%20LZA7XyQ%7CD-XyQ%7CG7XyQ%7CC7XyQ%7CFXyQKcl%20%20Z%20%3DJazz-Medium%20Swing%3D100%3D3
89cd7105-e370-4334-80b9-75020ffa3b36,irealb://Japanese%20Sandman%201%3DRichard%20A%20Whiting%2C%20Raymond%20B%20Egan%201920%3D%3DMedium%20Swing%3DF%3D%3D1r34LbKcu7X7C%7CQT44FXyX7C%7CQyX7-GZL%20clKQyX7DZL%20lcKQyQ%7CFXy%2CA*%2C%5BB*%2C%7CQyQKclQyX7AZL%20lcKQyXE7ZL%20lcKQyX7AZL%20%7CC7XyXF%7CQyQyXFZ%7CF7XyQyX7CZL%20lcKQyXb-BZL%20lcKQyXbB%7CQKcl%20LQyXF%2CKcl%20LZD-XyQKcl%20LZG7XyQ%7CC7XyQ%7CFXyQKcl%20%20%5D%20%3DJazz-Medium%20Swing%3D100%3D3
892dd603-d07a-416e-8cc0-ebe872652d77,irealb://Whispering%3DJ%20And%20M%20Schonberger%2C%20Coburn%2C%20Rose%20%281920%29%3D%3DMedium%20Swing%3DEb%3D%3D1r34LbKcu77-F%7C%2C*74VeZL7bBZLbE%7C%2C7bB7%2C-F%7C%2CoE%2CbEs%3EesrEb%2CEo%3C44T%5BbBZL7%7CEbLZF%2C7-C%7C%2CoB%2CbBZLZxL-GZL7DZL-GZLx7%2C%7CF-%2C7bB%2CZL%20lc%3C*74CEZL%20lcKQyX7DZLl%20cKQyXbEl%3EsurohbXyQK%5BY%5D%207FZLob%7CC7XyQyXbEZL%20lcKQyXb7BZL%20lcKQyX7F%7CQ%7CEb%20GQyX%2BCL%20lcK7LZF-ZL%20lcKQyX7DZL%20clKQyXbE%7CZL%2BbB%207EbXyQbB%207-ZL-bAQ%7CC7XyX-FZL%20lcKQyX7BbZL%20lcKQyX7F%7CQyQ%7CF-%20yX%2BCZEbXyQKcl%20%20%5D%20%3DJazz-Medium%20Swing%3D100%3D3
89ee127e-e22f-41f0-95f7-8aa877e52172,irealb://My%20Favorite%20Things%20nmn%201%3DRodgers%20Richard%3D%3DWaltz%3DG%3D%3D1r34LbKcu7663%203T34%3C*yX-%23F%3E66%CC%A37%2036*%7C%3CQyX-E%3E3%CC%873%CC%A36%2036Q%7C%3C*6%2CA*%2C%5B6C%3E66Q%7C%3C*6*%3C%7CQyXC%3E3%CC%8736%203*6%3C%7CQyX-%23F%3E%C2%B767%20363%207%CC%A3yX-E%3E%3C%7CQyX*63%20336%2036*%3C%7CQyX6C%3E6%C2%B77%2036*%3C%7CQyXC%3E66%CC%872%3EA-%3C%7CQyX43%2036%CC%A375%3EDXC%3E%CC%A34%2036*%3C%7CQyX%3EG1%CC%8725%2036*%3C%7CQyX7yQ%7C%3C*6%2036*X7B%3E%CC%B8Q%7C%3C*6*%3C%7CQyXh%23F%3E232%2063*%3C%7CQyXC%3E%CC%87176%20363%205%CC%A3yXG%3E5%CC%871%CC%A35%20A%2C%3C*6QyX-%23F%3E112%2036*%7C%3CQyXE%3E55%CC%871%20%5Cm%5C3%7C%3C*63*%2C%7CQyyX6A%3EQ%7C%3C*66*%3C%7CQyXA%3E551%203*6%3C%7CQyX-%23F%3E%C2%B712%2033%20211yXE%3E1X-A%3E23%205%CC%A31/m/36*%3C%7CQyX6A%3E1%C2%B72%2036*%3C%7CQyXA%3E1%CC%87%206%CC%A33%CC%876*%3C%7CQ6*%3C%7CQ63%206%CC%A34%2036*%3C%7CQyXG%3E1%CC%8752%2036*%3C%7CQyX7D%3E57%CC%A3%3ECXy*%3C%7CQyB%3E4%203%3EGXyQyXh%23F%3E232%2036*%3CQ%7CyXC%3E%CC%87176%2036*%3C%7CQ%7C%3C*6543%2032%CC%872%C2%B7%20%2C*B%2C%3CQyXhbD%3E%CC%A36%C2%B73%2036%3C*%7CQyX-E%3E33%C2%B7%2036*%7C%3C*63%7CQyX7%CC%A33%C2%B71%20yQ%7C%3C*QyX-E%3E1%CC%871%C2%B7%2036*%7C%3CQyX7B%3E%CC%B8%CC%A35%C2%B72%2036%7C%3C*63Xh%23F%3E*%3CZL-XyQ%7C%3C%2036*%3C%7CQyX6C%3E6%C2%B73%206*%3C%7CQyXC%3E6%2036*676%3EAD/-E%3E*%3CZLG7%3ECLZ36*%3CZLp%3E1%C2%B72%2036%3C*ZL7A%3E12%CC%871%2036*%3C%20343%3E67%2036LCZL6CLZ%3C*L6G%3E1%2036*%3CZL7D3%3E%2036*%3CZL-A%3E%C2%B7%2036ZCLZG%3E4%2036ZGLZCLZF%23hLZB7%20Z%3D%3D0%3D0
89494f43-5782-4e34-a7e5-e49dd23fca23,irealb://Sunrise%20Serenade%20nmn%3DCarle%20Frankie%3D%3DSlow%20Swing%3DG-%3D%3D1r34LbKcu7L-G%207*63%201%20%20QyX1%CC%873%2036*%3C%7CyQX-G%3E6%CC%A37%20%20%CC%8716%CC%A376%CC%A36%3ED%3C44T%5BZLbB%20%201%CC%877%CC%A3%20%C2%B7%20%203%CC%B826%CC%875%2036*%7C%3CQyX-G%3E6%CC%A37%20%20%CC%871667%3EF736*%3CZA%2CbBs1%CC%876%CC%A34%C2%B7%20%20%CC%B81235%2036*%3C%7CyQXobB%3E67%CC%B821%20%CC%B82%CC%B8%206%CC%B86%3E%2036*%3C%2036*%3C%2CC%237%2CB%2C7F%2C7%23F%2C7Cs%3E1%201%C2%B7%20%202%CC%B82%20%C2%B7%2036*%3C%7Cb%2C%5BN17G%2C7b%CC%A36%CC%877%5CXyQ%7D%5B%3C%5BQyXbB%3E%CC%B855%CC%B8%CC%A34%20%C2%B7QyXQyX%C2%B7%2036*%3C2N*63%5CmbBl%3E%C2%B7QyX7G6%206%CC%A366%C2%B7%20QyXQyX%C2%B7%20QyX63*%3C%7CQyX7D%3E5%CC%8767%CC%B8%CC%A36%CC%B87%3E%CC%8777%CC%B86%3E3%CC%B822%207%CC%876%CC%A3QyX5%2036*%3C%7CQyX7%3ED%CC%8767%CC%B86%CC%A36%206%CC%8777%CC%B86XyQ%20%C2%B736*%3C%7C3%20QyX%7C%3C*63%2036*%3C%7CQyXx%3E%CC%87232%CC%B8%CC%A32%202%CC%8733%CC%B82%CC%A32%CC%873%20%201XyQQyX7G%CC%B86%CC%A36%C2%B7yQ%7C%3C*6%CC%A36%2036*%3C%7CQyX7A2%3E%CC%87277%20%203%CC%A3613%20365%CC%B85%20%20X7C%3E1%20QyXQyQ%5B%3C*6*%3C%7CQyXx%3E%CC%8767%CC%B866%CC%A3%206%CC%8777%CC%B86%CC%A36%CC%877%20363%205XyX7D%3E7yX5%203%3EG7XyyX7D%3E%CC%8767%CC%B86%CC%A36%2067%CC%877%CC%B86%CC%A36%CC%877%2036*%3C%7CQQ%7C%3C*67%CC%B86%CC%A36%2036*%3C%C2%B7%201%CC%876G%3E67%CC%B821%20%CC%B82%CC%B84%CC%A361%CC%87%2036*%3C%7CQyX%2C7G%3E%CC%A3oXyQ%7C%20QyXQbE%2C7A%20%20%C2%B7%206%C2%B7%20%202%CC%B82%20%C2%B7%2036*%3C%7C7%2C%23A%2C7E%2C7F%2CGs%3E6%CC%B8%2011%3Es%CC%B812357%2CD7%2CG%2C%5B%3C*63%20%C2%B7%3ElG%2CXyQZ%20%3D%3D0%3D0
89a954a6-8872-4577-b61b-0fa391c4dad8,irealb://Blue%20Moon%20%3Dbe2sharp%20ARR:%3D%3DZz%20Select%20A%20Style%20You%20Prefer%3DEb%3D%3D1r34LbKcu7%20eht%20yQ%20%20NhT%20.drohc%20tsals%20'gnos%20ruoy%20emaat%20isX64*%3Cy%20yal%3C*22yti%20rof%20orP%20laeiR%20otni%20retne%20uo%20to%20p%20%3Eyekv%20ehtong.%3Enoc%20oT%20%20QyX46*Q%3CyXQyXQyXQyXQyXtrol%20s%20ruo%20dnuo%20of%20ttnoc83*%3C%20%3Eeht%20seu%20%2Cni-tnuoc%20ehrol%20femulo-C%20bEe%20iRe%7BQyXQyXQyXQyXQXy%3E.rexiM%20orP%20la*AT44ht%20ni%20bE1N7%20Bb7%207BZL7C%207bDZL7Bb%207-FZL7-C%20bEZLBb7LZ-FZL7L7bB%20F-7%20B%5B%5DQyXbEZL7bA%20b2ENZL%20QyXQyX%7D%207b*BF-7ZL7-CFZL7F-7LZF%7CQyXbGZL7bD%207-Ab%7CQyXbEZL7bB%207-Bb/F%20C%20bEZ%207bDZ7%20%5D%5B*%207-FZL7-C%20bEZLb7B%207-FZL7-C%20bEABb7%2CLbB%207-UZLbA7%20Bb7%20%20QyXQyX%5D%20%2C7bB7%20-FZL7-C%20bEZLQ%2C%5BQEb%20BZL7Cm%20/%22o%20Z%3CXy%20:abuC%22%20elytS%20intaL%20eht%20yrT%20%20QBoler%20n%2CbEm%20128%3EXyQXyQXyQXyQXyQ%20%3Cb%23%3E%20%3DLatin-Cuba:%20Bolero%3D128%3D5
89d9771f-9538-4463-bd88-6fb10a4bdbda,irealb://Polly%20Wolly%20Doodle%3Dbe2sharp%20ARR:%3D%3DZz%20First%2C%20Set%20An%20iReal%20Style%3DC%3D%3D1r34LbKcu7d%20%2CgnyQ%20%20AP%20laeRi%20siht%20rfo%20yek%20eht%20tsujdro%20soX45*%3Cnos%20ry%3E%20%3C*o%20drohc/eton%20tasl%20eht%20gniman82n%20youb%20eno%20seipe.%3EXytni%20sihT%20%20QyX4*6%3CQyXQyXQyXQyXQro%20cogap%20g%2Cydolast%202lP63*%3C%20%3E.gnos%20het%20fo%20serusaem%20ay%20mel%20eht3*%3CQyhe%20chyXQyXQyX%3E.netsli%20tsuj%20ro%20%2CsdroQXyQXt%20ro%20C%7CQyXyQXyQi*%5B%20%20QyXQyX%3E%20:rotni%20erusaem-2%20T22G7XQyX8%5B%5DQyX*ACXy%20ZL%20lcKQyX7G%7CQXy7GZL%20x%20ZL%20lcKQx%20LZC%5B%5DQyXyX45*QKcl%20CZL%20x%20ZL%20lcKQy7XG%7CQyX7GZL%20x%20ZLXyQ%5D%3CyXCB*idne%20ter%20yps%20a%20si%20ereh%20%2Cngos%20eht%20yalp%20uoecialfA%20%20Qa%20hti%3C*26cram%20%2C%E2%80%9Dortuo%E2%80%9C%20r%20o%2C%E2%80%9Dgat%E2%80%9C%20a%20dellaked%20w%20%3E%2Cgnr%20si%20%20signehTQyXQyX22*%3CQXyQyXQyXQyXQyX%3E.%20codaadoc%20QyXQyed%20%28syXQyXQyX%3E.%29mih%20ws'regnarra%20gnoQXyQXtaepeJ%20:el7XyQ%7CrP%20laeRi%20enO%20%20yQX24*%3C%20QyX%7DQyXCo%20StyGQ%7B%20%20izarBediumL%20:rehtonA41*%3C%3E%20061%20mm%20/gniwS%20atin-M-zzal:%20Samba/%20mm%20140%3EXyQXyQXyQXyQXyQ%3Cb%23%3E%20%3DLatin-Brazil:%20Samba%3D140%3D3
89feb93f-aee2-4d6e-8da0-7e1e25fd6cd3,irealb://0%2E5bar%20%2D%20Random%20B%20%2D%20Major7=JonBlanckMusic%2Ecom==Medium%20Swing=C==1r34LbKcu7FZL7%5E%20C%5E7LGZL7%5EC%207%5EEZL7%5E%20D7%5EAZL7%5EG%207%5EbBZ%5E7%20Eb7%5EbE%5BDZL7%5E%5E7LZCZL7%5EG%207%5EbDZL7%5EGb%207%5EbAZL7%5EFZL7%5EB%5E7%20AbA%207%5EZL7%5Eb7LZGbEZL7%5EbB%207%5E%23FZL%5E7bG%207%5EEZL7%5EE%207%5Eb%5E7%20D%5EB%207%5EBb%5E7%20D%5E7%20Z%20==0=0
8914fe2a-202d-4adc-97b2-ecfa070254d3,irealb://Aunque%20Un%20Ejersito%3DWitt%20Marcos%3D%3DRock%3DE-%3D%3D1r34LbKcu7D%20C%7CQ4E*m**EZLD%20C%7C%7DQyXD%7CyQXG%7CQyXC%7CQyXA*%2Cm*%2CXy4Ti*%7BX%2C*m**%2CXyQCB*%5B%7CQyXDZLG%20CQ%7CyX%2C*m*EZLD%20C%7C%5D%20DLZEm*EZL%2C*m*EDLZE*yXDZLG%20C%7CQyX%2C**mEZLD%20C%7C%7CQyX%2C*mQ%7C%7B*C%20C%7CQyXyQ%7CCXyQ%7CGXyQ%7CDXyQ%7D%5BE*m*%2C%20%20U%20%5D%20%3DPop-Rock%3D115%3D1
89258f9d-5064-4938-8ba0-75d36ac031fc,irealb://Cantar%20Salmos%20A%20Tu%20Nombre=Marino%20Stanislao==Up%20Tempo%20Swing=G==1r34LbKcu7%20al%20r4G%2C%2AAicnunA96%2A%3C%7B%7D%20GD%20ZLD%20GZLG%20DZLD%20ar%20po4Ti%2A%7Bma%C3%B1ana%2E%2E%2E%20%3EC%20GLZD%20G%20%7D%7C%20=Jazz%2DUp%20Tempo%20Swing=240=3
89b81d60-d24e-473a-aa03-8c683333c26c,irealb://Por%20Siempre%20Cantare=Young%20And%20Free==Pop=G==1r34LbKcu7D%7CQyX4E%2DXyC%7CQyX%2DEA%2A%7B%5DQyXF%23%2FD%7CQyXG%7CQyXC%7CQXyQ%7CG4Ti%2A%5B%2DE%7C%7CQ%3C%2A18X%2FD%7CQyXG%7CQyX9ddCa%7CQyX7%2DEB%2A%7B%7D%20%3E4F%23%2CXy%20%20%23F%2F7XyQ%7CCadd9XyQ%7CGXyQ%7CD%2FF%23%2CXyQ%7D%7CfCXyQZ%20==0=0
8979bdd1-aad0-4450-a114-c2488b762920,irealb://Resucitando=Worship%20Elevation==Worship=A==1r34LbKcu7ZLA%20D4D%20F%23ZL%2D%23F%20DA%2A%7B%7DQyXZEL%2D%23F%20D%7CQyXEZL%2DEXyQ%7C4Ti%2A%7BerbmnD%20F%23%2D%2A%3CB%2A%5B%7D%20El%7C%2C%2D%23FD%2Cs%5B%5D%20A%20D%7CQyXEZL66Tu%20%7CQyXAZLA%20D%20vctoe%20otsirC%20a%20noiacroda%20iM%20se%20airlRey%3EsoiD%20D%2066%2AD%20ALZQyXEZLA%20DZL%23C%2F%20AEZLA%20Di%2A%5B%5DQyXE%5D%7B%2AC%3C%7CQyXEerrotado%20ya%20no%20estoy%2E%2E%2E%3ED%20ALZE%20A%2FC%23LZD%20ALZEXyQ%7D%20==0=0
89bbabfd-300a-4233-b44b-6b381d2e4cf5,irealb://Si%20Estamos%20Todos%20Juntos=De%20Par%20En%20Par==Pop=D==1r34LbKcu7yXG%7CQ4DXyQyXD%7CQyXA%7CQyXD%7BQ%5DyXA%7CQyXD%7CQyXD%7CQ%7CAXy4TA%2A%5BQ%7CAXyQ%7CF%23%2FAXyQ%7CB%2DXyQ%7D%5B%2ABG%20DLZG%20DLZG%20DLZAXyQ%7CDXyQ%5D%20==130=0
89d24e6e-4567-4c07-975f-e5d430ee4701,"irealb://Brote%20Tu%20Cancion=Golluscio%20Sebastian==Pop=B==1r34LbKcu7%3E%29%20Qy4%3C%2A69yXQyXQyX2x%20ortinQyXQyXQyXQyX%28%20QXyQX4TA%2A[%5EGs%7C,ELZBX%23A%2F%23F%20%2D%23Cl%7C,%23DB%2Fs%20%20EZLE%2FA%20E%7CQyLZB,E%207%2D%23GQyX%23D%7CN1B%20%2F%23F%20%23FB%2A[]%20B%7C,lE,7%5EGsZL7%2D%23G2N}ELZB%2F,El,7%2D%23Gs]%23%2FELZ%23CZLE%20%23D%2FBZL7B%2D%20%23GZL7%23D%20sus7%23D%2D%20E,%20F%20%23F%7CL,7%5E%2DB%20][%3CG%7C,%2DE,E%7C,7B,6B,%7C+B,Bs%3EOLOS%2075%2A%23%2D,G%23%7C,El,%2DE%28%2DE,%20C%23766%2A%3CEZL7B%206BZLB+%20BQ{]%20%23FZLEl%7C,2da%3E%207%2D%23GZXG%2F%2DEB,XyQE%20A%2F7BZL%23A%2F%23F%20%3EBLANIF%2006%2A%3Cv%2A[}%2FG%23LZZL%29G%2Ff%20%2D%23C%2D%20%20sC%239%23C%20s,%2D%23Gl%7C,G%23%2FD,%23Fs%20%2D%23Cl%7C,7%2311LZl%23G%7CQyF%237,LZQpp%7CB%20Z%20=Pop%2DRock=115=1"
8982d5da-1995-4d6b-9f3b-0a6a94fdfa20,"irealb://En%20Tu%20Nombre=Lakewood==Worship=A==1r34LbKcu7lB%2A{]4ALZAs,DZLDZL7%2D%23FZL%2D7%23FZL7%5EDZL7%5EDZLEsus,4TA%2A[7%5ED%7CQusLZAsusA%20Ai%2A[}QyX7B%2D%7CQyX7%5EDZLsusA%20LZAXysA%20,A%20E2N}%2D7XyQ1N%7CQyX9ddaD%7CQy%23XC%2FA%7CQyX7%2DBC%2A{]F%23%2D7%20B%7CQyX]%20==0=0"
89dd3008-32f8-4ce3-a0c3-907adf981d7a,irealb://Gi%20Mig%20Danmark%20Tilbage%3DNatasja%3D%3DPop%3DC-%3D%3D1r34LbKcu7%20ZL%207Bluesx%20ZL%207F%20ZLQyX%7CQryXZL%20lcKQyX7C%3E%20LZ%20C%3C44T%5Bx%20LZ%20G7%20LZ%20F7%20LZ%20C7%20LZ%20G7%20%20Z%20%3D%3D0%3D0
89a82b45-bb5e-440a-88f1-51b2324948dd,irealb://All%20The%20Things%20You%20Are%3DKern%20Jerome%3D%3DMedium%20Up%20Swing%3DAb%3D%3D1r34LbKcu77G%207-4F-7X7%5EbD%7CQyX7%5EbA%7CQXy7bE%7CQyX7-bB%7CQyXyQ%7CD4T%5BA*7%5EbA%7CXyQKcbE%7CQyX7bB%7CQyX7F-%7CQyX7-C%5BB*%5D%20%20l%5E7XyQ7%5ECZL%20lcKQ-7%20D7%7CQyX7D%7CQyX7-A%5B*C%5D%20%20lcKQyX7%5EGZLG%5E7XyA%7CQyXyX7-b7XyQ%7C7-F%5BD*%5DQyX31b7%7CCQyX7%5EE%7CQyX9b7BXyQ%7CBh%23FZLbB%7CQyXyQ%7CAQyX7-C%7CQyX7%5E-b%7CDQyX7%5EbD%7CQyX7%5Eb%7CBo7X7bE%7CQ-7XyQ%7CEb7XyQ%7CUAb%5E7XyQ%7CGh7%20C7b9%20Z%3DJazz-Medium%20Swing%3D100%3D3
8932c5a3-1115-4918-8163-a88b2de28389,irealb://San%20Michele%3DHoldsworth%20Alan%3D%3DEven%208th's%3DG%3D%3D1r34LbKcu7X7%5EG%7C4F%237b7%23F%7CQyX7%5EG%7CQyX13A%7CQyX%2C7%5EG%7CQyX9b9XyQ6TA*%5BXD/7%5E3XyQ%7CX5%237%5ED%7CQyXE/C%7CyQX6-EB*%5B%5DQyX7%5EGyQ%7CBb1A%7CQyyQ%7CG%23h/C%23XyQ%7CC%237b9XyQ%7CF%23h/BXyQ%7CB7b9XyQZ%20%3DJazz-Even%208ths%3D140%3D3
8978bc6a-7740-471a-aa92-d172c25c0049,irealb://Sentiments%20Num%C3%A9riques%20Revisit%C3%A9s%3DThi%C3%A9faine%3D%3DRock%20Pop%3DD%3D%3D1r34LbKcu7%20xZLC4%3C*68ZLxZLxZLxZLsus%3EA%29sffir%28%20ortnI%20Asus/4Ti*%5BLG%7CZLZ%7B*A%3CLxZL-BZLxZLAZLZxLD%3Etelpuoc%2026*ZALZxLQyX%5DLGZLA-LZxLG%3Eniarfer%2046*%3C*BZLxZL-BZLxZLAZLZDLZBZLxZxZL-BZx%20%7D%7CC%3Eolos%2027*%3CC*%5Dx%20ZLD3N%7C%7D%20xZLD2NLZxLZLD1NZludom6syncLD%7D%20AZL-B%3Esehcp%C3%AA27*%3CZLxZLC%3EepoZ%3C*666*%3CZLL-%23CZ%3En%20%5DXZLxZLE%3Etelpuoc4%206*%3CA*%7BZL%20QyXQyBLZxLnoitarfer%20LZxLZ*ZLxZL-%23CZLxZLZBLxZL-%23CZLxZLA%7CB%3C*64BZLxZLE%3EteLZELZ%2046*%3CA*%7CZLxZLEN2%7D%20xZLE1NZLAZLBcouplA%3EniaZL-%23CLZxLZBZLxZL-%23CZLxZL%7CAZLxZLBZLxZL-%23CLZxLZBZLxZxLZ*B%3C*64%20refrain%3EALZELZBLZALZELZx%20Z%20%3D%3D0%3D0
89feb6a5-e35e-4949-a4dd-d0dc69bf1885,irealb://Aebersold%20%2D%2017%20Variations%20On%20Blues%20%237%2D9%20%2D%20SwingGuitarGuy=Jamey%20Aebersold%20%2D%20Dan%20Hearle==Medium%20Swing=F==1r34LbKcu7bE%7CQy%2A74%237L7F%20%2C7%2DC%7CQyX%2C7%7CFQyX%2C7bB%7CQyX7F%3EZBb7X%3C44T%5B%207C%207%7CF7XyD%207%2DA%7CQyX%2C7C%7CQXy7%2DGZL7D%20%2C7%2DA%7CQ7LZG%2DQyX%2C7%7CQyX74%3C%2A74F%20%2C7%2DC%7CQyX%2C7F%7CyQX%2C7bB%7CQyX7F%3E8%237LZBb4T%5BYZ7C%207%2DyQ%7CA%2D%207%2DA%7CQyX%2C7C%7CQy7X%2DG%7CQyX%2C7D%7CQyX7D7LZGX%2C7bEQyX7b44%3C%2A7%20%2C7%2DC%7CQyX%2C7F%7CQXy%2C7bB%7CQyX7F%3E9%234F7LZBT%5BYZ%20ZL7D%20%20E7LZ7bB%20%2C7C%7CQyX7%2DGLZ7D%20%2C7bEZL7E%207FLZA%2D7%2C7%2DB%7CG%2D7%20C7%20Z%20==0=0
8904b69b-7be8-4039-a87e-69a20abe8221,irealb://12-Blues%201411%204%23416%20251.62.5%3DComposer%20Unknown%3D%3DBlues%3DC%3D%3D1r34LbKcu77A%7CQy7XyQ%7CyX7o%23F%7CQyX7F%7CQXy7C%7CQyX7C%7CQyX7FQ%7CC7XC44T%5BXyQ%7CD-7XyQ%7CG7XyQ%7CC7%20A7LZD-7%20G7%20Z%20%3DJazz-Medium%20Swing%3D120%3D3
8998cf38-737a-4de0-a6aa-91c8a887cbe2,irealb://2bar%20%2D%20Random%20A%20%2D%20Dom7%235=JonBlanckMusic%2Ecom==Medium%20Swing=C==1r34LbKcu7KQyX55XyQK%20lcKQyX5%237EZL%20clKQyX5%237%23FZL%20lcLZC7%23%237bE%5B5%237AZG7%235XQyX5%237bBZL%20lcKyQX5%237bAZL%20lcKQyKcl%20LZL%20lcBZL%20ll%20LZD5%237bDZL%20lcKQyX%2357FZL%20lcKQyX5%237XyQKccKQyX7%235XyQKcl%20%20%5D%20=Jazz%2DMedium%20Swing=110=3
89e5a340-00aa-469d-99c8-8aa17e4e4ddd,irealb://Beyond%20The%20Sea%3DTrenet%20Charles%3D%3DMedium%20Swing%3DF%3D0%3D1r34LbKcu7C%207-D4F6%20D6FZL7C%207-GZL7-%20D6FZL7C%207-GZL7-%20A7LZ4TA*%7B%7DQyX7%20D-7L7G%7CQyX7-D1NZL7%20C7-GZLA%2F7D%206bBZXyQ%7CC6FZL7L7E%207N2D-7-%23F%206AB*%5B%5D%207E%20F6ZL7C%207-GZL7bB%207LZB-ZLQyXA%206CZ%23-7LZ-DZL7-A%206C%7CQyXG7%7CQyX6AZL7E%207-B7%20G7LF%206AZ%206FZL-7%20G7GZL7-D%206F%2CA*%2C%5B%20%5D7C%207-G%7CQyX6CZL-7%20C7DZL7-%207-GZG-7%20C%206bBZL7-D%206FZLC7%207-DZL7A%206FZL7D7%2FALZL7-DC7LZD-7%20Bb7LZG-7%20C7LZF6XyQZ%20%3D%3D0%3D0
89ae0e5f-44a8-44b3-8c17-808312f1f707,irealb://New%20Soul%3DNaim%20Yael%3D%3DFolk%20Pop%3DC%3D%3D1r34LbKcu7Y%7DQyX44%3C*6-A%7CQyXF%7CQyXC%3EsruohC%20dna%20esre%209%20GLZCTv*%7BY%5BY%7D%20%2068%20riQyX90*%3C%20-F%7CQyX%7CFQyX7C%7CQyXC%3Eegd%20%20x3%3E*%3CB*%7B*%2C%7BY%5DXyQ%7CFLG%20-A%7CQyXF%7CQyX%7CCQyXG%7CQyX-E%7CQyXZCXyQC3Nv*C%2CN3CXyQ%7CFXyQ%7CA-%20GLZCXyQ%7D%20%3D%3D0%3D0
89f2956d-d8bf-42d4-98fb-8a3e80e16c26,irealb://Hearts%20And%20Bones%20P1of3%3DSimon%3D%3DModerate%20Latin%3DE%3D%3D1r34LbKcu7LEZLx4%3CGtrsab%2B%3C%7D%20xZLxZLxLZE%3Eylno%20.crep%20%2Cs%3EALZ4Ti*%7BxZLxZLZT44v%2B%3CA*%5B%20QyX%5D%20xZEL%7C%2CB%2CAZLEZLxZLBox%3EELE42TZCZL7-xLZxL%23D%20h%23DlZLh%23D%2C-C%23%2C-BsZLBZLBZLxZoLZC%23ZLxZLsusE4Q%7CB%5E721TZLEB*%5B%20%20QyXyQX%5D%20xZL7%5EAZLxZLELZT4yX6-%23%2FALZxLZELZxLZC%23-LZxLZE%2CLZxLZxLZx%20%5D%3C*33XyQV.S.%3E%20%3D%3D0%3D0
89516e64-9995-4c61-96b1-21480ebd651f,irealb://Polkadots%20And%20Moonbeams%3DVan-Heusen%20Jimmy%3D%3DBallad%3DF%3D%3D1r34LbKcu7D%207-D4F%5E7%20%2ChEs%207-GZL7-D%20%5E7FZL7C%207-GZL7-DA7%2Cl%7C4T%7BA*yX%7Dl%2C/C%20sAG%2C7-D%2C7-As1NZLC7%207-G%7Cl%2C7-bA%2C7--7%2CC7FZL7b%207%5EAZyQXyQ-BZL7o%23A%207%5EA%5BB%5D*l%2C7E%2ChBs%206F2N%7C7%20E7LXQyXQ%5BA*%5D%20ZB-7%20GZL7D%207AZL7E%207B-ZL7o%23A%207%5EAZL7E-7%20C7L7-%23F/FZL7-7LZGD%7Cl%2C7A%2ChEs%207-GLZ7-D%207%5EFZL7C%207--7%20DbD%207%5EFC%20sA-7%2CAb-7%2Cl%7CG-7%20C7LZF6%20sG-7%2CC7%2CZ%3DJazz-Medium%20Swing%3D100%3D3
894bc9a9-756b-4253-ad2b-0488facd863c,irealb://You%20Don't%20Know%20What%20Love%20Is%3DRaye-DePaul%3D%3DBallad%3DF-%3D%3D1r34LbKcu7ZL9b74F-7X%7CQyX7bDZL9b7C%20-7FZL9b7C%207bD%7CQyGh7%20C4T%7BA*bD2NZE7%2CEbQyX%7D%209b7C%207hG%7CyQX7bD1N%7Cl%2C7D%2C7-XyQ%20L%2C7-Fs7%5EbAZ9LZF-7-bB%7CQyX7%5EbAZLb7E%207-bB%5BB*%5DQyX6%20Eb7Lb7C%2077C%207b-7%20G77-F%5BA*%5DQyX9b7CQ%7CyX7bD%7CQyX7%5ECZLXyQ%7CDD%7CQyXD%7Cl%2C7-7%20C7E%2C7E%2C7-FsZL9b7%20C7hG%7CQyX7bDZL9bb-7%2CDFZL9bb7%20C7b9LZF-6%20%20%20Z%3D%3D0%3D2
89f16035-57fe-4ab6-870d-21485f91d1b8,irealb://Fly%20by%20Night%3DGrusin%20Dave%3D%3DMedium%20Swing%3DG-%3D%3D1r34LbKcu7bBZL744sG-7-A%2C7-Gs%7C%2C7-GspppZL7%5EbBl%2C7-A%2C7%2ClBb%5ETSi*%5BE%2CE/DG-7%2C%7CC/bBs%7CQyX7%5EbBZ7L%5EbBl%2C7-A%2C7-Gs%7C%2CC/D%2Cs%20%207%5E%5D%20%20x%20F%23/G%23ZL%20lcKQyXD/Cl%7C%23%2CC/B%2CB/A%2C%23A/%23G%2C%20x%20LZ%7C%2C%23F/lcKQy-7XyQZL%2C7-G%2C7-A%2C7%5EbsB%7CQyX7%5EbBZL%20lcKlD-7XDA*%7BYZL%20lc%5E7XyQ%5EDZLsus7C%207%5EBZ%2CL7-A%20%2C7-GZL%20lcK7XyQKbBZL%20Y%7D%20Q%2C%23-7LZG/F%2CA/G%7C%2CA/Gs%20s%20us7AZL7%5EbB%207%5EF%2ClG/AF%207%5EG7-F%7CQ-9XyQZL%20lcKQyXsus7BLZ%20x%20ZL%20x%20ZL%20lcKC-9XybEB*%5BA/GlQ-9%2CXy-Gs%20%20sus7%23C%7CQysXus7%23C%7CQyX7-F%7CQ7%2C%7CY%7BC%7CQyXXyQKcl%20%20%7D%20%3D%3D0%3D0
899d11a3-fee4-4c0f-917d-9c3c8a2ba162,irealb://Mr%20Broadway%3DBrubeck%20Dave%3D%3DMedium%20Swing%3DEb%3D%3D1r34LbKcu7bE%7CQyb9XyQQyX9bE%7CQyX9%237b%7CBQyX9bE%7CQyX7bA%7C%7CAb7XE43T%7B7-F%7CQEb7Xy%5BZL%20lcKQyX7bA%7CyQX7-bE%7CQyX7bA%7CQEb7Xy%7CQyX9-C%7CQyb6XyQEZL%20lcKQyX9EZLl%20cKQyX9F%7CQyX7C%7Cb7%239XG%7CQyX7XyQ%7CF7%239XyQ%7CBb7XyQ%7D%20%3D%3D0%3D0
89d5861c-6252-4062-ab95-0a8332c34c13,irealb://I'm%20Going%20Back%20To%20Old%20Kentucky%3DMonroe%20Bill%3D%3DBluegrass%3DA%3D%3D1r34LbKcu7XA%7CZL4AXyQyXEZL%20lcKQyX%2CALZ%20x%20ZL%20x%20ZL%20lcKQKcl%204TA*%5B%20lcKQ%20LZ%20x%5B%5D%20%20lcKQyXA%7CQyEX%7CQyX%2CAZL%20x%20ZL%20*BAXylcKQy%20ZL%20xLZ%20x%20cKQyXA%7CZL%20lcKQXyEZL%20lcKQyX%2CAZLl%20LZ%20%20x%20ZLx%20LZA%2CXyQ%7CEXyQ%7CAXyQKcl%20%20Z%20%3D%3D0%3D0
89ed0d25-b6f5-4c8f-b9b2-bc1a3c8f95bc,irealb://Don%27t%20Worry%20%27Bout%20Me=Bloom%20Rube==Ballad=Ab==1r34LbKcu7A%7CQyX4Bb%2D7yX7%2DbBZL%20lcKQy7X%5EbA%7CQyX7bE%7CQyXQ%7CEb74T%5BA%2Al%2C7C%2C%7CC%2D7%20bG%7CQyX9bG%7CQyX6b%2DD%7CQyX7%2DbBZL7oB9%20sGhQyX6bbA%7CQyyQ%7CBbQyX7%2DbB%5BB%2A%5DQyXb7E%7CQyX7%2DbB%7CQyX7%7CEb7XX7%2DF%7C%7CQyX7Kcl%20L%20lcKQyX7%5EbDZL7Ab%207%2DbE%7CQyX7%5EbAZLZDb%5EQyX7%5Eb7F%207Q%7CC%2D7X6bAU%7CQyX7bE%7CQXy7%2DbB%7CQyX7F%7CQyXyQ%7CC%2DyX9bG9%20Z==0=0
893bafaa-ed22-4a56-838a-f44e55b55067,irealb://I%27ll%20See%20You%20In%20My%20Dreams=Jones%2DKahn==Medium%20Up%20Swing=F==1r34LbKcu7cKQyX4Bb6XX7E%7CQyX6FZL%20lcQKyX6%2DbBZL%20lcKQyyQ%7CF64TA%2A%7B7C%7CQy%2ABN1DL%20lcKQyX7GZL%20xZ%20L%20x%20ZL%20lcKQyX7ZG%2D7X%5B%5D%20%20l%7CQyX7%2ACN2AB%206bB%7CQyX7%2DD%7CQXy7AZL%20x%20ZL7D%207ho7LZC%5B%7DQyXF6XyQKcl%20%20Z%20==0=0
89fcc625-66d4-4cc0-b956-2b45e92abeca,irealb://I%27ve%20Got%20The%20World%20On%20A%20String=Arlen%20Harold==Medium%20Swing=F==1r34LbKcu77%2DGlZ4sF6%2C%207%2DAZL7bB%207%5EFZ7LC%207%2DGZL7Dl%2C7bEAb%2D7L4TA%2A%7BL7bB%20lG%2D7%20L%20QyXQyX%7D%207C%207G%2DZL7%2DD%206F1NZL7CZN2F6ZL7C%20%7CQyX7Q%5D%5B%2ABlcKQyX7GZL%20lcKyQX7DZL%20lcKQyX7A%20LZG%2DyX6FZlZL7%2D%5D%5B%2AAsAZL7bB%207%5EFZL7C7%20%2DGZL7Dl%2C7bE%2C6F%2D7%20AbQyX7CG%2D7%20C7LZlG%2D7%20C7LZF6%20D%2D7LZG%2D7%20C7%20Z%20==0=0
89c6d791-79ae-4b3e-99a6-abc2d0a17c58,irealb://Jordu=Jordan%20Duke==Up%20Tempo%20Swing=C%2D==1r34LbKcu7%7CQyX64D7%20GG%207D%7CQyX7%5EbEZLb7B%207F%7CQyX6%2DCZL77LZC%2D4T%7BA%2A%207F%7CQQKcl%20DZL7bA%207bEZL7b%20B7FZL7C%207G%5BB%2A%7D%20b%5E7XyyX7bA%207F%7CQEb7%20AZL7G%207D%5BA%2A%5DQyX%5E7BZL7bG%207bDZL7bC%2D6XyZL7bBBb7LZEb%5E7XyQ%7CD7%20G7LZC%2D6XyQ%7CAb7XyQKcl%20%20Z==0=0
8935248b-6e36-44ba-aff8-174876608ccd,irealb://Love%20Vibrations=Silver%20Horace==Bossa%20Nova=Eb==1r34LbKcu7E%7CQyX4Dh7XyX7%2DF%7CQyX7F%7CQy7X%2DC%7CQyX5b7bD%7CQyQ%7CBb74TA%2A%5BL7C%2077LZAbX6%2DG%7CQyX%2C5%23%2DG%7CyQX%2DGB%2A%5B%5D%209b7D%207yQ%7CG%2DA%207%5EbC%7CQyXyQ%7CG%2D%7CQyX7hDA%2A%5B%5DQyXb7B%7CQyX7%2DFZL7C%207Db7b5X7%2DFZ%2D7XyQ%7CF7%20F%23o7LZG%2D7%20C7b9LZF%2D7%20Bb7LZDb6%20D6LZEb6XyQZ%20==0=0
89538e3d-882d-4ac5-9a19-a209eacdc202,irealb://Who%20Can%20I%20Turn%20To=Newley%2DBricusse==Medium%20Swing=Eb==1r34LbKcu7%5EbA%2074Eb%5E7%2DF%207%5EbE%7CQyX7bBQ%7CyX7%2DFZL%20lcKQyX7LZG%2D4TA%2A%5BX7%2DC%7C%2D7XyQGZL9%237D%207hA%7CQy7X%5EbAB%2A%5B%5DQyX7bE%7C%2D7XyQbBZL7L%20lcK7%20F%23obEA%2A%5B%5DQyX7bB%7CQXy7%2DFZL7C%207%2DGZL7%5E7XyQ%2DF%7CQy%5DQyX7yQ%7CBbX7%2DbBZL7%5EbA%207%2DZGL7%2DF%207%5EbE%7CQyX7yQ%7CEbX7%2DFZ%2DFZL7%5E7XyQ%2FbEZL7o%23F%207F%7CQXy7%2DCZL9b7G%207hD%7CG%20GbobAC%2A%5B7%20Bb7LZEb6XyQ%7CF%2D7%20Bb7%20Z%20==0=0
89ddeb8d-debe-4b96-aa89-f8f764f7a1f9,irealb://Nosso%20Grito%201%3DFundo%20de%20Quintal%3D%3DSamba%3DA%3D9%3D1r34LbKcu7a%20siaXyQ%7Cxq%20o%C3%A3n%20%C3%A1j%20%C3%AAcoV%3CQ%7DyX6A%7CQyX%5EA%7CQyXuer%20m-%23F%7BYat%C3%8A%3C%20eu%20ruXQyXQyXQyX%3E..o%C3%A7%C3%A3erid%20mes%20%C3%A1t%20omyQXyQS%0Aram%20%2Caro%2C%20%C3%AAtaneg%20a%20%2Cir%20etne%20gA%0Ao%C3%A3c%20ed%20adiv%20te%20chadiv%20A%0Ao%C3%A3cte%20abdiv%20at%C3%AA%20%2Cadiv%20ta%C3%8A%0Ao%C3%A3%C3%A7aroc%20o%20era%20de%20neg%20a%C3%8A%0Ao%C3%A3%C3%A7e%20ri%2Co%20erba%20etneg%20a%2C%20arohc%20etneg%20a%20%20coratneg%20ta%20vida%2C%20%C3%AAta%20vida%20de%20c%C3%A3o%3E%20%3DLatin-Brazil%3A%20Samba%3D200%3D0
89c3fd83-e402-450e-9693-df4d6854290b,irealb://Sorri%20pra%20Mim%20-%20AAB%20AAB%20A'%E2%8A%99%201%3DKatinguel%C3%AA%3D%3DSamba%3DG%3D7%3D1r34LbKcu7yX-BZ44%3CSo%20%20)6G(xZL)%2BG(%20G%20%3E..mim%20arp%20irr(G%2B)LTA*%7BY7A%7CQyQ%7CFXyQyX-B%7CQyX-C%7C%5DQXyx%7CQyX-A%7CQyXx%7CQ%7CQE7XyXx%7CQ0N%5D%20%2C-XyQ%7C2N%7CQyXQyXQyXQy%7DX%20%2C7D%20G1N%7CQyX7DG%20G%23oA%7CQyXE%20-B%7CQ%20%5DYY%7CQyXCZL%2C7G%20FZL%23%2CF%20GZL%2C7D%20-AB*%5BC-XyQ%2C7F%20G7%2CLZA-%20D7%2CLZG%20D7%2C%20%5D%20%3DLatin-Brazil%3A%20Samba%3D200%3D3
89407182-3ecf-4b4f-8435-c8b8e8d7d6ba,irealb://A%20Noite=Lins%20Ivan==Bossa%20Nova=C==1r34LbKcu7%2DBZL74F%23%20FFSA%2A%7B%20%20QyXQyX%7D9%20%23C%20%23D%2F7%2DBZL7%5E%23%23%20F%23%5E4Ti%2A%7Bs%20%23F%2FC%239LZZL%23F%2F6%2DB%20%23F%2F7%2DZBL%23F%2F6%2DB%20%23F%2F7%2DBY%7CE%2D7%20%23D%2F7yXQyX7%2C%7ClG1%23C%209%2D%23G1NZL31%20A7%5E%23FZL31%23C%209%2D%233b9%20%7DA%2C7%2DEl%20A%2F7yQ%7CN21A%207%5EAlB%2A%7B%5D%2C7E%2CQ7%2DB%2C7%2D%23A%2C7%2D%23Gs3LZD%5EXQyXQ%2ES%2ED%3C%5E7%2FE%20%23CZL5%237%23G%207h%23DLZE%2F7A%207%2D%23FZL9%23C7XyQ%7CAZL7G9%2D%23GZoda%3EC7%5E%23FZL31%23C%209%2D%23lGQ%5BY%20QyX%7D%207E%207%23%20A13LC%20la%20%20C%2313b9LZsB%2D7%2CppB%2FA%23%2C%7ClG%23%2D7%20G%5E7%2311LZF%23%5E7%2311%20f%20%20Z%20==0=0
89093fb4-e513-4a31-b61a-384c0401d5ed,irealb://Coracao%20Vagabundo=Veloso%20Caetano==Bossa%20Nova=G%2D==1r34LbKcu7X7%2DG%7C4G%2D7Xb7D%7CQyX7hAZL%20lKcQyX%2C7AZL%20lcKQy9%2CXyQ4TA%2A%5BL%20lcK%20LZG7C%2F31AZL%20lcKQyX9%2C%2DCZL%20lcKQyX%2C5b%23%2CXyQlcKQy%7CQyX%2CyQ%7CD7%20lcKQyX7AZL%20lcQKyX7%2DGB%2A%5B%5DQyX9bLZAh7X7hAZbB%7CQyAh7%29XQyX%2C7%2DC%7B%5D%20%20lcKyQX%299b7D%289b7G%7CQy%7CF7%2CX%289b7D%299b7G%7CEb9%2CQyX%2C6%2DD%7CQyX%2C7hEb%7CQyX%2C7hE1N%7CQyX%7CDh7%28QyX%2C7XyQ%7D%7CN2A7%2CXyQ%7CD7%2CXyQ%7CG%2D7%2CXyQKcl%20%20Z%20==0=0
89058d5f-4c61-4d0f-b194-4ff962db49dc,irealb://Desafinado%201=Jobim%20Antonio%2DCarlos==Bossa%20Nova=F=5=1r34LbKcu7AZL7%2D4F%5E7L7DZL7hAZL7CZL7G%2DZLxZL11%237GZLxZb9LZG4T%5BA%2AL11%237D7LZDL7%5EF%5BA%2A%5D%20xZL7%5EGbZLxZL9b7GZL9b7ZxLZGZL9b7L7%5EAZ%2D7LZCZL7%5EFZL6%2DbBZL7G%2DZL9b7DZL7hAZL7E7%239LGZLxZZL7%2D%23LZB%2D7AZL7EZL7%2DBZL7oBbZL7%5EA%5BB%2A%5D%207EZL%5E7LZF7obBZ%5D%209b7E7LZCZL6%2DbEZL7%2DGZL7ZGL7%2DDZL7o%23CZL7%5EG7LZCZL7%2DB6%2DbBZ7LZxLL9b7DZL7hAZL7CLZ7%2DGZLxZL11%237GZZG%2D7L%5EF%5BA%2ALZF%5E7LZD%2D7LZG7LZxLZEb7LZxLZG7LZsG%2D7%2CC7%2C%7ClF6LZC7%20Z=Jazz%2DBossa%20Nova=140=0
89e4f314-f128-45be-9397-cc2ae0b6493b,irealb://Stompin'%20At%20The%20Savoy%20Realbook%3DWebb-Goodman-Sampson%3D%3DMedium%20Swing%3DDb%3D1%3D1r34LbKcu7QyX7b4Db%5E77-bEZL7oDpp%7CQy7X%5EbDZL7bApp%7CQyXXyQ%7CA4TA*%7B*%5B%5DQy6%20Bb-QyX6bD2NZL%20QyXyQX%7D%207bA%207-bEZL7%7CDb7XbD1N%7CyX7A%7CG7LZGZL7F%207E%7CQyX7BZ5Lb7-%23F%207B%7CQyX7bE7XyQ%207bGB%7CQyX7XyQ%5D%5B7oDpp%7CQyX7%5EbDZ7LbApp%7CQyX7%5EbDA*LZEb-7bA%7CQAb7XyQ%7CDb6XyQ%7CEb-7%20Ab7%20Z%20%3DJazz-Medium%20Swing%3D120%3D0
893102f4-102f-46a3-a854-5a8d4bf0dfdb,irealb://Bossa%20Antigua=Desmond%20Paul==Bossa%20Nova=Ab==1r34LbKcu7%7CQyX74Bb%2D7X7%2DbB%7CQyX7%2DF%7CQXy7%2DC%7CQyX7bE%7CQyXyQ%7CEb4TA%2A[X7%2DbBQ%7CF7X%2DF%7CQyX7%2DC%7CQyX7Eb%7CQyX7%2DbBB%2A[]Qy7XyQ%7CyX7%2DC%2DA%7CQy7%20G7LQyX7G%7CQyX7%2DDC%2A][QyX7%2DA%7CQyX7%5ECZ%7CE%2D7X%2DD%7CQyC%7CQyXD%2D7XyyX7%2DbBA%2A[]QyX7%7CFQyX7%2DC%7CQyX7G%7CQQ%7CEb7%7CQyX7%2D7XyQ%7CF%2D7XyQ%7CBb%2D7XyQ%7CEb7XyQ%7CAb%5E7XyQKcl%20%20Z%20==120=0
8919c4ba-a238-4896-978a-488827a57ee0,irealb://All%20I%20Want%20For%20Christmas%20Is%20My%20Two%20Front%20Teeth%20(HLTRCB)%3DGardner%3D%3DMedium%20Swing%3DD%3D%3D1r34LbKcu7A%7CQyXT44D%20-B%20D%7CQyXDZL7A%20uss7A%7CQyX7EZL7-B7LZE7%2CA*%2C%5B7-%23FZA7LZs7h%23G%7CQyXGl%2CB*%2C%5D%7C%2C%23F%2F7D%2CoF%2C-E%2CD%20C%239L%20sus7%7C%2C9bBZD%5E7%207EZL6-B%207-BZL7-%5EB%20-Bl%7C%2C9C%2Ch%23Cs%20sB-%2CL7-E%20%23F%2F7D7%235%20%5DXDZL7A%20sus7A%7CQXy7EZL7-B%20D%2CC*%2C%7CyQ%7CD%20A%207AlLZG%20G%23o7LZD%2FA%20A7LZD6%20%20(A7)%20Z%20%3D%3D0%3D0
897af71c-3529-49a6-8698-5cf7aade627d,irealb://Hark!%20The%20Herald%20Angels%20Sing%20(HLTRCB)%3DMendelssohn-Cummings-Wesley-Whitefield%3D%3DMedium%20Swing%3DG%3D%3D1r34LbKcu77%5EGl%2C4G%5E7%20AsZL7%5EC%207%5EGl%7C%2CD7%2C7-As%207-BZL7-A-7%2CD74TA*%7B-E%207%5E%20F13L%206Dl%2C7A%2C7-EsZLB7%207-%23FZL7A%207-EZ%5D%5B*BG7%5EGZL%2C7-As7%20sD9B%207%5ECZL9D%207-AZ7L-E%207-Bl%7C%2CC%2F9D%2C-7%2CLZ-AZL77-Bs%20lA-7LZL7%5EGl%2C7D%2C7-AsLZ7-Bl%2CC%2F9D%2C9DsZlC%5E7%20%2C9b7E%2C%7CA-7%2CE7b9%2ClA-7LZsD9%2CD9%2FC%2ClB-7LZsA-7%2CD7%2ClG6%20Z%20%3D%3D0%3D0
89f514f1-352d-42bc-b355-aa14f7b978cc,irealb://Chorra%20%20-%20%20T%3DE.%20S.%20Discepolo%3D%3DTango%3DB-%3D0%3D1r34LbKcu7-BZL%204B-%20Fx%20ZL7%23F%20-B%7CQyXB-ZL%20x%20ZL%20x%20ZL7%23%20LZ%20x4TA*%5ByX7%23F7XyQ%7CBZL7%23F%207h%23C%7CQy7X%23F%7CQyXDZL7A%20-E-XyQ%7CA%7CQyX%7CQyX7yQ%7CA7-E%7CQyXDB*%5B%5DQyX%7CnQyXDfZL%20lcKQyXXyQ%7CAX-B%7CQXD%7CQyF%237XyyX-E%7CQyXD%7C%7CQyXZDL7A%20-E%7CQyX-B%7CQQ%7CA7X%7CQyXDyQ%7CF%237XyQ%7CB-%20E-LZB-%20F%237LZUB-XyQZ%20%3DJazz-Ballad%20Even%3D100%3D3
89e07140-0855-45aa-a0d6-ce1b8823b03c,irealb://Mamihlapinatapai%3DGirotto%20Xavier%3D%3DCha%20Cha%3DD-%3D5%3D1r34LbKcu7%20%2C7AZ-7%20LZZL%20CZL%207-D%5B%20QyZXL%207AZL%207-GZL%20CG-7%20LD44T%5B%209%5EbB%20%5BD-7CZL%207-D%5B%20QyXZL7%20AZL%207-GZL%20CZL%20-7%20LZQyXZLyXQyXLZXyQXQyXQyXZL%207AZL7%20-GZL%20CZL%207-D%5B%20yQXyQ%207AZL%20%207AZ-7%20LZL%20hBZL%207-D%5B%20QyZXL%207AZL%20-GZL%20hBZG-%20LD%5B%20%20Q%5D%20%3DLatin-Cuba%3A%20Cha%20Cha%20Cha%3D90%3D14
89044ab9-b5ef-4094-aedf-43857ab051ae,irealb://Watch%20What%20Happens%20%28hl101t%29=Legrand%20Michel==Bossa%20Nova=F=3=1r34LbKcu7FZL7C4F%5E7%20L9C%207%2DG%7CQyX9GZ7L%2DD%209GZL%20x%20ZL6FZG%2D7%204TA%2A%7BAB%2A%5B%5D%5E7LZN%207%5EG2N%7CQyXQyXQXyQyX%7D%207%5EbG%207%5EG1Ab%5E7%20%23F%207%5E%2DGlZLLZ%20x%20GZL6G%207%5EGZL6G%20ZGL%20x%20ZL9D%207%2DAZL%2D7%20C76A%207%5EyX9GZ%2C%3C%2A069GZL%20x%20ZL6F%207%5ElFA%2A%5BY%5D%2C9b7C%3E9b%20%20D%2D7L9Cs%207QyX7%5E%20C9LZ%206%23FZL6F%20F%7CZL6%20E6%23FZL6F%20FZL%20x%20E6LZF7%2DG%7CQKcl%20%20Z%20=Jazz%2DBossa%20Nova=68=1
89d8f473-f3e4-45ee-865d-30f6e5b17318,irealb://Hello%2C%20Dolly%21%20%28Louis%20Armstrong%29=Herman%20Jerry==Medium%20Swing=Bb==1r34LbKcu7%20x%20ZL4%3C%2A66%20lcKQyXbB%3Empb%20551%20%2F%20rojam%20bB%20%20LZ%20x%204Ti%2A%5BKQyX%2DyQKclcKQyXbBlA%2A%7B%5D%20%2CF7%20%2C%2DClZL7G%20pZL%20l%20LZGXbBZL%7CQyX5Bb%5E7%2FyX%2DC%7CQyX7F%7CQyX%2D7C%7CQyX7obG%7CQyXFQ%7CC%2D%23ZL%20lcB%2A%5B%5D%20Q%7CC%2D%23CZL7obD%207%2DD%7CQy7XF%7CQyXF%2F%2DC%7CQyX5%2D7%20F7yX6%2DCG%7CQyXQKcl%20XbE%7CQyX7bB%7CQyX%2D7FZL%20lcKQyX%2DGZLyQ%7CD7yXbBS%207%2DCZD%2DXyQ%206bBZLQ%20%207F%7CQy7XC%7CQyX%2DD%7CQyX%2DG%7CDbo7L%7CQyX%2DE%2CbE%2CS%2E%20albBsZL7FZL7CZL7ZFL7CQ%7CY%7D%20%3EadoC%20%2CBb%2FD%2ED%3C7Fo%2C%7CBb%2FF%2CF7%2ClBb6%20Z%20==155=0
8907e787-02a0-4d86-b2cf-b2a065f2dc9c,irealb://Pa%C3%ADs%20Tropical%3DJorge%20Ben%20Jor%3D%3DFunk%3DG%3D%3D1r34LbKcu7QyX%7CrMoro%20yX7C%7CQyX7G%3E..lcaiport%20s%C3%ADap%20munQ%7CXyQ%3C44T%5BQyXZLr%7CXyQQyX%7CQyX7C%7CQyX7%7CGQyX7C%7CQyX7-EZLr%7CXyQQyXZLyXx%7CQLZXyQ..ybabmas%20%2CybambaS%3CB*%7BY%5D%20QyX%7Cr%3EC7XyQyX%7CrQ%7CG7XyQ%7CxXyQ%7DC7XyQ%7CxXyQ%7CD7XyQ%7CxXyQZ%20%3D%3D0%3D0
8906b780-a6cc-4e59-9dce-a1112fd74be7,irealb://Sweet%20Caroline=Diamond%20Neil==Rock=B==1r34LbKcu7XEZL%204F%237XXB%2CS%2CA%2A%7B%5DQyX7%23%7DFQyX7%23FZL%20lcKQyyQKcl4Ti%2A%7BlcKQy%20LZBX%20lcKQyXBB%2A%5B%7D%20%20clKQyX%23FZL%20lcKQyLZB6XlcKQyyXBC%2A7XyQKXQyX%5B%20%20lcKQyX%23ZFL%20lcKQyXEZL%20lcyQ%20%20%7B%23FZL%20iF%20laQKcl%20%3CZLE%20%23F2N%7D%20%20lcQKyX7%23F1N%7CQyXEZLD%2ES%2E%20yXE%7CQXE%7CQy%2D7%20C%23%5DQyX7%23F%7DQyX7%23FLZ%20lcKQyX%23F%7B%5D%207%2D%7B%2ACBX%23D%3EenyQKcl%20LZEXyQ%7CF%237%20%3CXyQRepeat%20and%20Fade%3E%20LZ%20x%20%20%7D%20=Jazz%2DMedium%20Up%20Swing=123=1
89920cc7-8cff-4587-b7fb-0c9f2b89e7c5,irealb://To%20Be%20With%20You=%28Martin%2DGrahame%29%20Mr%2EBig==Pop%20Ballad=E==1r34LbKcu7X7B%7CQ4C%23%2D%2C%20x%20ZLE%20AZLE%20AZEL%20%2D%23CZLE%20AZL%2CE%20LZDXy4TA%2A%7ByXA%7C%7DBE%20ALLA%20EZLE%20BZLA%20ELZE%20BZLA%20EZLE%20BZZB%20E%20%2A%5B%5DQy%20BZLAXyQ%7CDE%20BZLA%20EZLE%20BZAL%20EC%2A%5B%5D%20%20lcKQyX%2CLZE%20%2D%23C%7CQZLG%20DE%20ALZD%2A%5B%5D%20f%20%207B%7CQyXZDL%20x%20ZLE%20AZLE%20BG%20CLZZL%2D%23CZLA%20ED%20GLZZLA%20EB%2A%5B%5D%20G%20DZCL%20GZL%2DE%20DZLC%20G%7CB%20ELZZLC%20GB%20ELZ%7CE%20ALZB%20C%23%2D%20%7BE%20ALZB%20E%2C%20%7D%20=Pop%2DSoul=85=1
8993c98a-fa28-429a-a7a8-767140351e4c,irealb://Will%20You%20Still%20Love%20Me%20Tomorrow=King%20Carole==Pop=C==1r34LbKcu7Cl%2CS%2C4C%20sFyXsus7Gl%7C%2C%5EF%2C6sF%20FlZL%20lcKC%2CC%2F6Q%5D%7B%2AA4Ti%2A%5BZL%20lcC%2CCKc6Fs%20CZL7G%20susG%7Cl%2C%5EF%2C6Fs%20FlZL%20l%2FC%2CCK%2F6Fs%20%7CQyX%29sXyQ%7CAZL%29sus31bE%28%20%20E7%7CQyX11%2DB%7CQyX7G%2D%28A%2D9us7GllB%2A%5B%7D7%2FGLZs7GZL%2CC%20C%2FFZLQ%20%20sus7G%7CQyX9ddaFusXyQ%2DA%20%2DAXFlB%2Acl%20LZcKQyXC%7CQyXG%2FF%7CyQXFZL%20lcKQyX7%2DEl%20LZ%5BKQyXF%20la%20%2E%20LZE%2DQyXsus7G%7CQyX7DQ%7CyX%2DAZL%20lcKQyX7%7C%3CD%2ESlcKQyL7%5EC%20G7%2Cn%20yXsus7G%7CQyX7%5EFQ%7CyXCZLC%20C%2FFQ%5B%5D%20Q%7CF%2FC%3EadoCna%20ta%5DXyQXyXQyX%3C7%5EC%7CQyXssu7G%7CQyX7%5EF%7B%20%20QyQRepeQyXCZd%20Fade%3EXyQKcl%20%20%7D%20=Pop%2DRock=79=1
89d2ff1c-ae1d-4d80-b01a-26810cede123,irealb://Bu%20Kalp%20Senin%20%C4%B0%C3%A7in%20Atacak%3DH.Altun%3D%3DM.K%C3%BCrdi%3DD-%3D%3D1r34LbKcu7l%7C%2CF%2C4D-117%5EbEl%7C%2CF%2C-GsZL-9CZL11-DZL9-CZLLZsG-4Ti*%5B%5D%20%20x%20ZsD-%2C-G%20%7CA/W%20%20bB/7-lD%7C%2C7-C%2C-D%7C%2C7%5EbE9%20fLZL7%5EbE-D%2C7-%2CG-LZusGZL7%5EbEZL7%5EbZBL9FZL9-CZL7%5EbEsLZsCS%2CA*%5Bl%5B%5D%2C7-LZEbCsZLsusGZL7-CZ7L-DZLFZL9-CZL7%5E-7%2CD-Gl%7C%2C7%5B%20xZLD-7LZ7-CZL9FZL7-CZLEb/FZL7%5EbEZL7%5EbBLZD-7ZL7-CGZL%20-QXyQXE/F%20bE%7C%2CF%20%20-GZ%20Lx%20ZL%207-D%20B*%7BQybLZ%20DyXQyXC%20ZL%20%2CQLZ%20ZL%209-C%20ZL%2011-D%5B%20%7D%207-D%207-CZL%206F%20D-117-C%207F%20%3ElaG-%20%20FQyX47*%3CQ%5B%5D%20%207%5EEb%20%7CF%20%20-GZL%20bE%20%7C%20%20FinZL%209-%20bB/7C-7%2CDF/hA%2C7-D%2CC/7%5Eb%2CE7-DsZL7%5EbEl%2C7-%7C%20lD-sZL%206S%20Z%20%3DPop-Smooth%3D90%3D2
89bd75e0-acd8-4e1b-bf50-fde96982dd53,irealb://Muhayyer%20K%C3%BCrdi%20Saz%20Semaisi%3DS.I%C5%9F%C4%B1lay%3D%3DM.K%C3%BCrdi%3DD-%3D%3D1r34LbKcu7ll%20%200*62%20%20-C%3Elll%20%2006*%3C%20%3EneaH.147*%3C-D%3E%20llLZ%3C*6%3C85T%5Bll%20%20474OrjD%3Elll%2047*%3CZLbBl%3Ell%2095*%3C%20%3E8/01.-%20%3C*7*%3C-F%3E%20bB%3El*74%20%207*%3CZL%3Ejam03*%3CCl%3Ell%20%2047*%3C%20-G%3Ell4%20%20ll%3CZLF%3E%2CbB%3El%20ll%3EG*%3CZL-D%3Elll%2047*%20%3C-C%3Ell%20%2047*%3CZL-74%20%20l%2047*%3C%5D%20-D%3E%20l%3EAh47*%3C%20-C%3Ell%20%2047%3C*ZL-G%3Ell%20%2047*%3C%2C%20%20lll%2047*%3C%207D%3El3%20lll*%3CZL-D%3Ell%20%2036*%20%3C%3EmilseT47*%3CbB%3E74%20%20l6*%3CS%5BZLbE%3E%20lll%3E7*%3C%2C-D%3El%20%2047*%3C-%2CC%3Ell%20%2047*%3CZL-G4%20%20ll%2047*%3CB%3Elll%20ll%3EE%3C%20-D%3El%20%2047*%3CZLD-%3Elll%20%2047*%3C%207%5Eb*74%20l%2047*%3ChB%3El%2074%20%20l%2C-Ds%3El%2047*%3CZL-%3EGlll%20%2047*%3C%20-C%3El%3C*74%20*%3CZLb%3Elll%20%20%20l%3EB%20-Cl%3Ell%20%2047*%3C%7CB%2C/7G%3Ell%20%2047*%3C%2Cb%3C*74%2047*%3C%2Cll%20%204*74%20%20D%3Ell%20%2047*%3CZL-Dl%3El%20%2047*%3C%20bE%3Elll7%20%3C*7%3CZL-Dll%20%204Z%3C*74-C%3Ell%20%2047*%3C%2C-Dl%3E%20%2047*%3C%2CbE%3Ell%20%20LZ%3C*7L-G%3El%2047*%3C%20%3C*74llll%2047*%3C%20-D%3El%20%2047*%3CZL-D%3Elll%20%20%3EBbLZ7%5EbE%3El%20%2047-%20%3C*7%3El%20%2047*%3C%2C-Ds%3El4%207*%3CZL-G%3Elll%20%204Bh%2C%3C*C%3Ell%20%20%3E%20%3CQ*74%20%20ll%20%2047*%3C%20-Cl%3El%20l%2047*%3C%7C%2CB/7G%3Elll%3ED-%2C%3C%2CbB%3E47*%3C%2C42.Hall%2047*%3CZLxZLFZxLZL-DZLxZL-D%3Eenl%3EsC-7*%3C%5B%5D*%3C-Dlb%2C%7C%3C*yX75*%3CQ%5B%5D%2C-D%3Elll%2047*%3C%2C-C%3Ell%2047Qlll%3EB%3Ell%20*%3CZLbane%3E%20%20%2047*%3C%20-C%3Ell%20%2074*%3CZLF%3Ell%20%2026*%3Clll%3EBH.347S%2C5b7ll%3EF%20l%2047*%3C%20F%3Ell%20%204*7%3CZL-G%3Ell%20%2047*%3Cll%3EA-l%20%2047%3C%7C%2CbB74XyQ%23C/7bE%3ElllQyX4*7%3Cf%2CD/bE%2CbEs%3Ell%2CEb7/*%3CfZL%3Ellllll%3ElA%20-D%3El%20%2047*%3CZLb%3EElll%20%2047*%3C%205b7-%3C*74%20%20%2047*enaH.*74%20%2036*%3C86T%2CQ%2C%7B%5D%20b%3EBlll%20%2047*%3C%20F%3EllXyQ%204%3CZLbB47*%3C%2CbLZ%3C*%20%2047*%3CZL-G%20bBZ-LC%20-D%3E4/3.jrO47l.%3EC-E%20-D%3El%2047*%2C%3C*74.%2047*%3C%2C-Ds%3E.l%2074*%3C%7B%7D%20S%2CbB%3Elll%20l%3EG%2C%3CF%3El.%20D%3Elll%3C*74%20%2CbE%3El.%2047*%3C%2CbB%3El.l%20%2047*%3C%7C%2CF%3El.%3C*74%20%2C-C%3E.*%3C%7C%2Cb74%20l.47*%3C%2CF%3E.l%2047*%3C-%2CC%3El.%2047*%3C%2C-Gs%3E%20.l%3EB*%3CZL-Es%3Ell.%3ElEb%3C1NZL-C%3Elll%20%204*7%3C%2C7G%3El.%20%2047*%3C%2C*74%20ll%20%2047*%3C%2CB/4%20%20l%3E%2047*%3C%7C%2CbB%3El%2047%3C*%2ChB%3El%20%2047*%3C%2C-C%20l%3EG77*%3C%2Cb%20bB%205%3EC-%2C%3CLF%20-Cl2N%7D%2CbB%3Elll%2047*%3C%2CF%3El%20%2047*ZA-7bl%20%2047%5DXyQXyQXyQXyQXyQS%20%3DJazz-Medium%20Swing%3D100%3D3
898885fa-1432-4bc5-882f-642161dc1059,irealb://Completo%20En%20Ti%3DRomero%20Sheila%3D%3DRock%3DG%3D%3D1r34LbKcu7-EC*%7C4G%2C*AEZL%2C%23F/D%20%2CGZL%2CF%23/D%20%2C-EZL%2C%23F/D%20-%20C%20%7D4Ti*%7B/D1NZZE-%2C%20%20%2045*%3C%2C-A%3E%E2%80%A2%20%204*5%3C%2CG%3E%C2%B0%20%2015*%3CZLC%E2%80%A2%3EG%2CLL%2CC%20%2C%20oT9668To%20sE%3E%E2%80%A2%20%2045*%3C%2C%23F/%3ED%C2%B0%2015*%3C2N%7CQyX%3EBus%2C%3C**%3C%2C%23F*%3C%2CC%3E54%20%20%E2%80%A25*%3CZL%2C-E%20%2CGZLDC%20ZL%2C-E%20%2CGB*%7B%2CE%3E4%20%20%C2%B0%20*%3C%20%3ED%2CG%3E%20%E2%80%A2%3ED%2C%3C*%3CZL%2C%23F/D%20%2C-EZL*%2Cmid*%23D%3E%20%20%E2%80%A2%20%2075*54%20%20%E2%80%A2%20%2075susD%20%20%E2%80%A2%3EB-%7C%7DQyX%2CD%7CQyX1N%2CA-Q%7C%2CC%3E%C2%B0%20%2015*%3C%20%2CN2A-%2C%2045*%3CD%3E%C2%B0%204G%3C*63%2C-%23F%20AZLE%20DZL%2C%23-F%20D*%2CA%7B%20%20%3EA%20oTLZ%3C*5%7C%2CD%20%2C*%3C%2CA%3E%20%E2%80%A2%3EE%2C*%3CZL%2C%23G/E%20%2C-%23FLZ%2C*mid*F%3E%E2%80%A2%2075*%3C57%20%20%E2%80%A275*%3C%2CF%20%2C7%23%3EC%23-%2C%20%2C-BQ%7DQyX%2CE%7CQy%2CX-B%7C%2CD%3E%C2%B0%2015*%3CQ%20E%2CLZC%E2%80%A2%20%2075%23-%2CLZT24B-%2CXyQ%7CT44Esus%20E%2C%20%7BA%20G%2CLZD%20E%2C%20%7D%5BA%20U%20%5D%20%3D%3D0%3D0
89cb36b6-0cc8-4115-b600-e01c502e1d9d,irealb://Esp%C3%ADritu%20Santo%3DJosu%C3%A9%20Del%20Cid%3D%3DBallad%20Even%3DA%3D%3D1r34LbKcu7QyX-%234A%2C*AE%7CQyXAB*%7B%7DQyXDQ%7CyX-%23F%7CQyXE%7CQyXXyQ%7CF4Ti*%7B%7CDXyQ%7CAXyQ%7CB-XyQ%7CF%23-XyQ%7CD%20%3C*72To%20In%3E%20%20%7D%20%3DJazz-Medium%20Swing%3D100%3D3
892b7231-169f-4868-a667-62ea2116a7d4,irealb://Ao%20Rei%20Dos%20Reis=Barros%20Aline==Medium%20Swing=C==1r34LbKcu7%20%23F%2fD%20E%2fG%23%23G%2fE%20A%5b%7d%20E%2fD%20EA%20%20F%2fD%20%23F%2fD%20G%2fE%20%20E%2fG%20A44T%7b4m%2aF%20%20B%20E%20%20D%7cZL7A%20%2dE%20%2cA%20%20E%2cDZL%2d%23F%20E%20D%5bY%5dE%20C%23%2dA%20F%2fDE%2cDZL%2cLZD%20%2cDZLE%2f%2d%23F%20%2d%23F%20G%23%2fE%20A%2cE%2cDZL%23F%20E%20E%20F%23%2d%23F%20%2a%20A%20D%20G%23%20F%23%23F%20%23G%2fE%20A%5bYZL%2c%20A%2cE%20%2cDZLE%2f%2d%23F%20%2d%2d%20C%23%2d%2fE%20A%2cB%2d%20B%2d%2fALZG%20D%2fF%23%20E%20%5d%20==0=0
89343f46-e9d9-4fff-84cc-3eb47195aa53,irealb://This%20is%20not%20%EF%BC%A1merica%3DMetheny%20Pat%3D%3DRock%3DG-%3D%3D1r34LbKcu7ZL7%5Eb4sG-LZL-GA*%5B%20%20QyXQy%7DX%206FZL7%5EbEZL6FZF6LZE4Ti*%7B7AZL6-LZF6ZL6FZL7%5EbEZL6FLZ-GZL6FZL7%5EbEZLG-LZFGZL6F%20xZLxLZA-77-DZL7-CZL7%5EbELZ7-GZL7%5EbBB*%5B%5D%20LZxLZE%2Fsus%23Gi*%5BhLZxLL7%5EbEZL6FZL-G%7C7%2C-D%2C7%5EbEZL7%5EbEZZF6%20%5DEC*%5B%5DZL6%23F6LZE%5EZL6%23FZL-%23GA*%5B%5D%20%20QyXQyX%5B%206%23FZL7E%5E7LZ%23FZL-ZL6%23FF%236LZZL6%23FZL7%5EEZL6%23ZFL-%23GZL6%23FZL7%5EEG%23-LZZL-%23GZLxZLs%2FFLZL7-%23CZL7%5EEZL7-G%23ZL7%5EBB*%5B%5D%207-%23AZD%23-7us7%23A%5D%206%23F%5D%5B*CFZL6%23FZL-%23G%7C7-%23%2CD7%5EEZL7%5EEZLxZLhE%5E7LZ%20xZLx%5B*iG%23-LZF%236LZE%5E7LZF%236LZG%23-LZF%236LZE%5E7LZF%236%20%5D%7CG%23-%20Z%20%3DPop-Rock%3D115%3D1
8928ee4e-d6c0-4ebc-9f87-8eeb20c4591f,irealb://Flop%20Eared%20Mule%3DComposer%20Unknown%3D%3DFiddle%20Tune%3DG%3D2%3D1r34LbKcu7%7CQyX%2C4G%2CXyX%2CG%7CQyX%2CG%7CQyX%2C%7CGQyX%2C7D%7CQyX%2CG%7CQyQ%7CD74TA*%7BX%2C7A%7C%7D%7C*BD%7CQyX%2CD%7CQyX%2CD%7CQXy%2C7A%7CQyX%2CD%7CQyX%2CD%2CXyQQyX%2CGD%7CQyXXyQ%5D%7CX%2CG%7CQyX%2CG%7CQyX%2CD7%7CQyX%2CG%7CQyX%2CGA*yQ%7CG%2C%2CD%7CQy7%2CXyQ%7CG%2CXyQZ%20%3D%3D0%3D0
894d069f-ff1f-40ff-b071-bf8e0874b8fa,irealb://Penny%20Lane%3DThe%20Beatles%20%28Lennon%2C%20McCartney%29%3D%3DRock%20Pop%3DB%3D%3D1r34LbKcu7G/W%2C%234B%2CsWBZL7%23Fl%2C7-%23C%2C6%7CE%2C%23F/W%2C%23G/W%2C%23A/%2CsW/A4TA*%7B%7D%20x1N%23%2C%7ClBF%20sus7%23F%7CQyX7%5E%7CGQyX7h%23G%7C%7CQyX7-%237%2CLZF/W%2C%23QyXD%7C%7B*BAX/A%7CQyXA%7CQyXA/DQ%7CyXD%7CQyX%23C/A%7CQyC%23XyQ%5D%20E2N7-%23C%2Cus/C%23F/W%2C%23G/W%23A/Ws%2ClBA*%5B%5Dns%2C%20%2C7%23Fl%2C%23%2C%7CE6s%23Fs%7CF%7CQyXLZB%2CsyX7h%23G%7CQyX7-Bl%2C%7C%23F/W%2C%23G/W%2C%23A/WQ%7CG%5E77%23Fl%2C7%23Fl%2C%20F%237%2C6E%7C%2C%23F/W%2C%23G/W%23/AWs%2CBA*%5B%5D%20%20x%20ZL%2CC%23-7sus7%23sus7%23W/A%23%2C7%5EG%7CQyX7h%23G%7CQy7X-Bl%7C%2C%23F/W%2C%23G/WXyQ%7CFs%2CBZLQyX%23CLZEXyXAZL%20lcKQyXD%7CQXy%23C/A%7CQyXAB*%5B%7DQyQ%7CA/%2C7%23F%20QyXE%7C%7CsF%23s/B%7CQyXBlC*%5B%5Dn%2C%237F%2C%23A/7%23F%2C%23C/suD%23XyQQyXD%7CKcl%20LZBXyQ%7CB/D%23XyQ%7CEXyQ%7CE/BLZB%20Z%20%3DJazz-Medium%20Swing%3D113%3D1
8900213b-e085-42f2-b1c4-5a74869e8fe9,irealb://Quiero%20Confesarte%20%20-%20%20C%3DAzul%20Amar%3D%3DCumbia%3DD-%3D3%3D1r34LbKcu7QyXZL%3C*69%20yXCZLQyX%7CrQyXZ%20LlcKQyX-D%3EortnIQKcl%2042T%5BYQyX-D%20%5DY%7B*KQyXC%7CQyX-D%3ElantemurtsnI%2096*%3CCcl%20LZQyX%7Cr6*%3CA*yQ%7CCXQyXQyXQyX%5DQyX-%5BD%7DQyX-DZL%20lcKQyXyQY%5BX-D%7B%7D%20xZLxrofa%3E-DZL-DZLGZLCZLZxL-DZL-GZLCZL-DLZCLZtsE%209ZLC%7B%20yQ%20%20YyXQyXQyX%5D%20C%3EolilbirtsE%2096*%3CB*%5BQXyQ%20XQyX%5DD-LZ%20r%7C%20LZ%20r%7C%20LZ%20r%7C%20%20%7D%20%3DPop-Reggae%3D70%3D3
89578020-d4b6-41ab-8131-ee89536cf741,irealb://Snipperclips%20-%20Noisy%20Notebook%20C%20%20(vgls)%3DBowen%20Calum%3D%3DEven%208ths%3DEb%3D3%3D1r34LbKcu7L6B%7C%2C4Eb6LZLB%7C%2C7%23F%2C7-%23CZ6LbE%7C%2C7bB%2C7%5EbAsZE%2CF%2374TA*%5B%20%20n%2CBE-6%2C%7C7-%23Cl44TZLD%2F5b-7B85TZL%23D%2FBs83T%20F%23LZ%2C7%5EEZyXG%2F-%20%5B*BBGZL7D%207-A%7CQyX7B%5EZL%23F%2FW%20E%7CQyX7%5EXyQ%7CCQyX%7C%5DW%20%2CG%2F%2FGXyQL%2C7-Ds83TZL7-ELZ7%5EFC*%7B%5D%20%20n%2C7G%7CZT78Fo%23C%7CQX7%5ECZ%5E7%2C%7CTF%7CQyX7%5EC44TD*%5B%2C%5DG%20%20nl44T%7C%7D%20n43%20W%2FGLC%2CbD%2F%20bD%7CQ-7%20EbabA%7C%2CbA%2FW%2CbE%2FWb%20D%7CQyX9ddabAZL7dd9XybB%7CQy%5BY%5DQyZT38sn%2CbAZLbE%20bDl44ZTL7obC85TZLC%2FbA%20LZnXL6-bDTZL%2C79%20%20%5BE-%23C85TZL%2C5b7-D%20s%20%23D%2F7%5EBZL7%5EE%3E%5D7%2C%20F%236*%3CA*ppZL%20%2CBaddyX7A%7CQyX7-%23Cl4T4ZL%23G85T%7Cp%2C%23D%2F9Q%7CB%2Cn6-E43LGl%7C%2C%5B*B%3C*-AsZL7%5EB%7C%2C%23F%2FWE%2CZL7%5EBl%3E%5DF%5B%20%20967%2CC%2FD%5D%23FspL7%5EbALZC%23oEZL7%5EFl%3E%5DG%5B%20%209*6%3CC*%5B%5Dn%2C7GsZLG%2F-7%2CLZG%2F-CZZG-7LZF%5E7LZE-7LZT38sAb%5E7LZT58pW%2FBb%2C%7CT44lnLZn%20Z%20%3DJazz-Even%208ths%3D116%3D3
899861ee-f12b-44f9-89d5-716f3e62e98a,irealb://Moon%20Rays%3DSilver%20Horace%3D%3DLatin%3DEb%3D%3D1r34LbKcu7FZL%20l44%3CBb7%5EbE%7CQyX7bB%7CQy7X-F%3E%20-%20-%20-%20dep%20XyQKcTSA*%7BAs%20%20%3EQ%7C%20(B-%20-%3C7-FZL%20x)7b(B%20%7CQyX7-FZL%20x)7%20-%20-%7CyX7-%23%207%5EbEb-%5E7%20bB%7CQyX7-F%7CQyX97bC%7CQyX7hGZL7-bA7XyQ%7CAl%7C%2Ch%5EbE%207Ab%2CQL%7CQyXQyXQyXQyX%7Db%20A%2F7%5EbE%207%5EbE1NZN2Eb%5E%2F7%5EbE%7CQyX7%5DY%5B*BX7-bBZL%20lcKQyX%5E7G%7CQyX7D%7CQyX7-AyQ%7CEb%20bA%2F7%7CQyX9Q%7CD7XyX7hBZL7-C%207%5E-lC%7C%2Ch%23Cs%20%207-A%7CQyQ%7CE7byX7-AbE%3EenQ%7CD7bYY%5D%207bB%3E.S.D%3C%20-7FZL7C%207-G%7CQyX9%5BQ%3CFiyX7-A%5E7%20Eb%5E7%2FAb%20%5D%3CForm%3A%20AABA%20solo%20on%20entire%20form%3E%20%3D%3D0%3D0
8980fdaf-d6ec-4407-ae1a-43ab87b790cb,irealb://Fly%20Me%20To%20The%20Moon%3DHoward%20Bart%3D%3DMedium%20Swing%3DC%3D%3D1r34LbKcu7b7E%7CQ4A-7X%7CQyX7%5EF%7CQyX7%5ECQ%7CyX7G%7CQyX7-D%7CQyBh7Xy4TA*%5BG%7CQyXA-7%20A7A%207-EZL7F%207%5ECQ%7CyX7G%7CQyX7-DZL7LZD-7%7CQyX9yX7%5ECC%5E7XyG%7CQyX7-D%7CQyX7-BA*%5B%5D%209b7E%207hB%7CQ7XyQ%7C%7CQyX7yX7-EXyQ%7CBG%7CQyX7-DZL7A%207A-%7CQyX9b7E%7CQyX7h7XyQ%7C7%5EF%7CQQ%7CA7XyQ%7CD-7XyQ%7CG7XyQ%7CUC%5E7XyQ%7CBh7%20E7b9%2C%20%5D%20%3DLatin-Cuba%3A%20Bolero%3D90%3D3
890e4275-e65f-4a5a-a1cb-d2e6dcb6cfa2,irealb://Look%20Tonight%202%3DCook%20Carla%3D%3DMedium%20Swing%3DC%3D%3D1r34LbKcu77FZL%2C69%203%207bEZL%2C*m*bBZL%2Cm**FZL%2C%5EbA%3EssaB%20%2CLZCh*%3CA*%5B%2C7bE%20*m*%2CLZL%2C%5EbDZL%2C7bA%20**mFZL%2C7bAZL%2C7bEZBb*m*bBZL%2CLZAb%20F*m*%2CLZBb*m*%20Eb7%2CLZ%20r%7C%20LZ%20r%7C%20LZAb%5E%2C%20Z%20%3D%3D0%3D0
89fda80c-0bc4-4c32-8731-bdfbee4b545a,irealb://Never%20Let%20Me%20Go%3DLivingston%20Jay%3D%3DBallad%3DBb%3D%3D1r34LbKcu7A%7CQyX4G-7X7bB%20sus7bB%7CQyX-7FZL7C%20sus7C%7CQyLZEb64TA*%5B7bE%7CQLZDb%5EbB%7CQyX9b7F%7CQyX-7CZL7C%207-G%7CQyX7-%5E7Xy7D%207-7-GlBb%5E7Xy7D%2C7bEs%207-A%7CQy7X%5ECZL9b7G%207hD%7CQ%2C%5DY%5B*A%7CQyX-GZL77sus%20%7CQyX6bEZL7bB%20ssu7bB%7CQyX7-FZL7CA-7%20DC%7CQyXb7D%207LZC7XX6bBUZLF/-bE%207ZFL11%237bG%207-C%7CQyyQ%7CAh7%5E-G%209%20Z%20%3D%3D0%3D0
89eff537-3f9e-4498-9b4c-caa1736f141b,irealb://Wes%20Side%20Stroll%3DAprile%20Gary%3D%3DMontuno%3DC%3D%3D1r34LbKcu7%20x%20ZL-7%20G7%20x%20ZL%20x%20ZL%20x%20Z%20Lx%20ZL7G%207-DA*%7B%20LZ%20x%20D44T%5B%207bB%2Cx%20%20%7DKL7bA%2C7A%2C7bBZL7%2CF7%23F%2C7GsB*%5B%20%20lcZE7%239%201NZLL%20x%20Z%20LZD7L%20x%20ZL7bB%207-FlLZ%20x%20ZL7G%2C7bA%2C9%23Z%20x%20LlcK7A%207-DlyQ%7CA7ahC%20oloS07*%3C%7BYQ%20yX%5D7-Dsppp%7CQyXnges%3EX7-EZ%20x%20ZLx%20LZ%20CZL%20x%20ZL%20x%20ZL%20%20xZL%20x%20ZL%20x%20ZL%20x-7%20F7%20ZL7GL%20x%20ZLZ%20x%207-FZL%20x%20ZL%20x%20Z%20Lx%20ZL7G%207-Dl%7CZL%20Bb7L%20x%20ZLZE-7%20A7LZ%20x%20%20%7D%20%3D%3D0%3D0
89331a16-2a65-4aac-bb1d-0fbc0e82824b,irealb://Algiers%20Strut%3D1946%3D%3DMedium%20Swing%3DF%3D%3D1r34LbKcu7B%7CQyX4FXyQXFZL%20lcKQyX7CZ%20LlcKQyX7CZL%20lcKyQ%7CF74TA*%7ByXFZLBb-XyyX7CZL%20lcKQyX7%7CG%7CQyX-DZL7A%20F%7CQQKcl%20%7CQyXb-bB%7CQLZC7XQyX7F%7CQyXFZL%20lKcQyX7C%7CZL%20lcKQy%7CBbXy%20lcKQXyQ%7CF%20A7LZD-XyQ%7CG7XyQ%7CC7XyQ%7CFXyQKcl%20%20Z%20%3D%3D0%3D0
8928b4cd-fcef-4702-b8f9-4fe7605cd2e1,irealb://Bucket's%20Got%20A%20Hole%3Dslow:AA-VVV-fast:V-solos-VV-all%3D%3DMedium%20Swing%3DC%3D%3D1r34LbKcu7%5BBbXyQKcl%20LZFXyQKcl%20LZC7XyQKcl%20LZFXyQ%7CF7XyQ%5D%20%3D%3D0%3D0
89dff5ad-7969-4f58-b586-7ebe373ae43f,irealb://Jazzin%20Babies%20Blues%20%28arr:%20Sires%29%3D1923%3D%3DMedium%20Swing%3DBb%3D%3D1r34LbKcu7ZL%20lc*70%20%28B%3E%29ylno%20onaip%20%20%26ojnab%2021%20tsrifbXyQK%3Ci*%5BYE%20bB%7C%20x%20LZZLbE%20bB%7CZL%20x%20Z%20Lx%20ZL%20lcKQyXbB%7CBbXyQZL%20x%20BZL%20l%20F7%20%5DbE%7CQyX7bB%7CQyXb%7CBQyX7F%7CQyXbBA*%7BXyQKcbBZLb-%20-%20-cl%20LZ-%20-%20-%20-%20-%20-%20-%20%20--%20-%20-%20-%20-%20-%20-%3C%20-%20-%20KQyXbbBZL%20-%20-%20-X7F%3E-%20-%20-%20-%20-%20%20--%20-%20-%20-%20-%20-%20-%20yQKcl%20-%20-%20ZL%20lcBb%20F7E%7C%5DQyX7bBZL%20x%20LZ%20lcKQyXbBB*%7B%7D%20bXyQKZL7F%20L%20x%20%3E%7CG7XyQ%5B%7D%20Q%20%20bBZL7F%20Bb%7CQyX7F%7CQyX7C%7CQ%3CRestQyXbBZsnF7%2ClBb%20%5D%20%3D%3D0%3D0
894d9331-7da0-4667-b44d-a080b9b2e5ca,irealb://Honeysuckle%20Rose%20-%20www.tradjazz.ru%3DWaller-1929%20Fats%3D%3DUp%20Tempo%20Swing%3DF%3D%3D1r34LbKcu7QyX7b4G-7%20%20FZL7C%207-GZL7C7%20-GZL7C%207-GZL7CF7LZB4TA*%7BcKQyXBb7LZ%5DQyX%2CFZL7bB%20F2ZNL%20QyXQyX%7D%207D%20F%5B*BF7%20F1N%7C-GZL7bXyQKA*%5B%5D%20%20lcKQyX7CLZ%20lcKQyX7GZL%20lcG-7%20CBZL%20l7%20C7LZG-7%20C7LZG-7%20C7LZF%20F7LZBb7XyQ%7CUF%20Bb7LZFXyQZ%20%3DJazz-Up%20Tempo%20Swing%3D70%3D1
8940d01a-936b-46a3-b574-f298609ca210,irealb://I've%20Grown%20Accustomed%20To%20Her%20Face%3DLoewe%20Frederick%3D%3DBallad%3DEb%3D%3D1r34LbKcu7%206bEZT44A%23-F%207-FZL9b7C%20%2C-7G%7C%2C7bD%2C7-bA%207h7/BbL%2Ci*%2C%5B1%237%5Eb%5B*AEb7bB%7CQyX7-FZL7-%20C7-GZL11%237bA%207%5EXyQ%7CAZL7bBbA%207%5E%2CD7%2C%7C%5D%207bB%207-FZL9b7%20C7-FZL9b7C%207-Gl%5B*BEbhAs%201C%207-GZG-7%20hAs%2011%237%5EbA%7CQy7XbB%7CQyX7-FZL7-C%2CD7%7ClL11%2377C%207-ZF-7%20bD%2C7-bAs%207hAZL%2359%237C%205%237GZL7bB7%2C%7ClGL31b7b9LZF-7%20F-7/BbLZEb6%20Bb7%20Z%20%3DJazz-Ballad%20Swing%3D60%3D2
891e9b5c-77be-4422-a42d-2143c664304e,irealb://Sweetest%20Sounds%2C%20The%3DRodgers%20Richard%3D%3DMedium%20Up%20Swing%3DC-%3D%3D1r34LbKcu7QyX7-T44F-L9b7G%207hD%7CQyX7b%5EE%7CQyX31bB%7CQyX7Z%5B*AC%2Ci*%2C%5B7G%207hZF-7X7-C%7CQyX11%237G%7CQXy11%237bAZL%20lcKQyXyQ%7CDL%20lcKQyX7%5E-7XyQX31bB%7CQyX7-FZLl%20cKQyX7-FZL%20lcKyQ%7CEbCZL9b7G%7CQyG7b9%20bAZL%20lcKQyX7-FLZ%20lcKQyX7-CB*%5B%5D7%2311X%207hD%7CX7C%7CQQ%7CBb-ZL9b7D%207hA%7CQyX%5E7bA%7CQyX7bE%7CQyX7G-7XyyX11%237-FZL7XyQ%7CyX6bAZL7bE%207-b%7CBQyX7%5EbE%7CQyX7bBQKcl%20-F%7CQyXyQ%7CBb7sus%20Bb7LZEb6XyQKcl%20LZDh7XyQ%7CG7b9XyQZ%20%3DJazz-Medium%20Up%20Swing%3D160%3D2
89dbf717-1e8e-4d34-a7ce-915a07b33e45,irealb://Too%20Marvelous%20For%20Words%3DWhiting%20Richard%3D%3DMedium%20Swing%3DG%3D%3D1r34LbKcu7A%7CQyX4A-7XX7-AA*%7B%7CQyX6GZ7LD%207-A%7CQyX7F%7CQyyQ%7CD74Ti*%5ByXQyX%7CD7Xy-E%7CQyX7-B1N%7CQy%2CX11%237C%7CQyX7%5EG%7CQ7XyQ%7DQyX7-%7CQyX72B%5E7%207-D%7CQyX7G%7CQyX7D-B*%5B%5DQyX6BZL7%23FXyQ%7CGNZL%20QF%207%5EGQ%7CF7XD%7CQyX7-AA*%5B%5D%207%20D7-AZL7A%207-E%7CQy7XyQ%7CyX7%5EC7LZE7b9%2CXyQ%7CA-7XyQ%7CF7XyQ%7CA-7%20D7LZG6XyQZ%20%3D%3D0%3D2
89bc0125-e545-4892-bcf2-f4755c42d954,irealb://Cute%20-%20jsb%3DHefti%20Neal%3D%3DMedium%20Swing%3DF%3D0%3D1r34LbKcu7As%206b4Bb6%20%20ZL%20n%20l%7C%2C6F%2C7C%20s7-Gl%7C%2C7bA%2C7-Asx%20LZB4Ti*%7B%20%7C-bB7%2C%7ClG7-A%2C6bBsZL%20x%20Z%20Ln%20l%7C%2C7F%2C7Cs%207-%2CG-7%2CbA%2C7-%2C7Es%20sF%5E%2CBhB%2CC%2F-Ds%206-Dl1ZNL%20n%20%7C7-D%2C7A%2C6b%7ClB-7ZL%20nlL%20n%20l%20n%20LZ7Cs%207-Gl%7C%2C7bA%2C-7As%206bB2N%7C%7D%20%20x%20%2CF6%2C%7Cl%7C%2C%5EAX7-G%7C%5DY%7B*A%7CQyXF%7CQyX7C%7CQy7X-G%3E%3AsoloS%2007*%3CD7XyQ%20%20x%20ZQyX7-XyQ%7CC%20F%7CQyX6-bB%7CQyX%5E7bB%7CQyX7F%7CQyX7-A7LZD7C%7CQyQyXFU7XyQ%7CC%7CQyX7-G2N%7C%7DQy7XD%7CQyX7%5EA%7CQyX7E7XyQ%7C-B1N%7C%7CD7XyQZ%20%3DJazz-Medium%20Swing%3D200%3D30
89a269d5-c400-4560-9869-f2b1eda8e8cc,irealb://I%20Hear%20A%20Rhapsody%20-%20jsb%3DFragos-Baker-Gasparre%3D%3DMedium%20Swing%3DEb%3D%3D1r34LbKcu7%207-FZ4C-7%20%207hGZL7bA%207%5EbELZ9b7bB%207-FZL7%23FC7b9L4TA*%7BQyX7%5EBb7b9L%20QyXQyX%7D%207G%207Dh%7CQyX7%5EbE1N%7CQyXZN2EbZL7hF7%5EbBZD7b9%20-C%7CQyX7-GZL9b7%20D7hA%7CQyX7-GB*%5B%5D7%20F7L%207hA%7C%5EbEZLb7XyQ%207-FZL7%23F%207-CA%5B*%5DQyX7G%7CQyX7hD%7CBb7b9A%7CQyX7G%207hLZGh77%5EbEU%7CQyX9b7bBLZ7hF%207-FZL9b7C%20XyQ%7CD7bA%207%20Z%20%3DJazz-Medium%20Swing%3D100%3D3
890eed9b-8d20-44b9-909b-e547e63d5b47,irealb://Once%20I%20Loved%20-%20jsb%3DJobim%20Antonio-Carlos%3D%3DBossa%20Nova%3DD-%3D%3D1r34LbKcu77-A%7CQ-7XyQG%7CQyX7-G%7CQyX7oF%23%7CQyX7%5EF%7CQyX7C%7C%23o7XyG44T%7Bb7A%7CQ-7%2FGXZL%20lcKQyX7%5EbE%7CyQX7bB%7CQyX7-F%7CQyEh7XyA%7CQyXX7%5EC%7CN1D%5E7%7CQyX7%5ED2NZL%20QyQXyX%7DQyX9b7D%7CQyXG7XyQ%7CQyX9QyX7bXyQ%7CB6-A%7CQyX6-bB%7CQy7XoBZL%20lcKQyX7%5EbXyQ%7CA7F%7CQy%7CG7XyQ%7CG-7%20A7b9LZD-6XyQ%7CD-6%20D7%239%20Z%20%3DJazz-Bossa%20Nova%3D140%3D3
89c8706f-fdcc-4830-9bd6-c045ac437ef9,irealb://Um%20choro%20num%20trem=Pereira%20Candido==Choro=C==1r34LbKcu7QyX7DT22G7ZL7G%20%2DD%7CQyX7A%7CyQX9b7E%7CQyXC%7CQyXCXyQ%7C%2CA%2A%2C%7B%3CZL7G%7C%5BG7XyXCZL7G%20%2DD%7CQyXA7%7CQyX7E%7CQyXC%7CQyQ%7CD%2D%20QyXG%7CE%20%2DD%7CC%20%20Q%20%7CQyX%2DA%7CQyX7E%7CQXy%2DD%7CQyX%2DA%2CB%2A%2C%7B%7DA7XyQ%3EeniFQyX%2DDXyQ%7CEA%7CQyX%2DA%7CQyX7E%7CyQX%2DD%7CQyX%2DA%7CQyX77XyQ%7C%2DAZL7QyX7C7LZ%3CDG%7CQyXF%2CC%2A%2CQ%7B%7DQXy%2DA%3EadoC%20la%20%2EC%2E%2DXyQ%7CE%20%2DA%7C%20F%7CQy%7CFXyQyX%2DG%7CQyXF%5BZL7C%2D%20A%7CQyX7E%7CQyX%2DA%7CQ%7CC7XQyXF%7CA7LZD%2D%20G%2DLZC7%20FLZG%2D%20C7LZ%3CD%2EC%2E%20al%20Fine%3EFXyQ%7D%20=Latin%2DBrazil%3A%20Samba=150=1
8906c0aa-9f8e-430c-954b-5ba0b61d8eba,irealb://At%20Last%3DWarren%20Harry%3D%3DMedium%20Swing%3DC%3D%3D1r34LbKcu7L7A%2074C6%20AG%207-DZL7-A%207%5ECZlL31b7G%207-DZL7-7LZE-4T%7BA*A%206CZG7LZN6C2NZL%20QyXQyX%7D7%20G%207bAZL7-A%206C1%20F-6L%207-DZZL7D%20B%5BD-7yX7-EZL9b7B%207hF%23ZL7-A%207%5ECZL7G%20Q%7CA-7*%5D%207-ZL31b7b9LZDZL7-A%206C%5BA*%5D%20G7%207-DZL9b7D%207-A-7%20G7E%207%5EG7G%207-A-7LZA%206CZL7G%207-DZLA7%207-EZL9%237G%207-D-7LZD%207%5ECl%20Z%3DPop-Rock%2012%2F8%3D65%3D7
89e59757-c7f0-4d55-be83-b9b206370c84,irealb://Misty%3DGarner%20Erroll%3D%3DBallad%3DEb%3D%3D1r34LbKcu77-C%2074Eb%5E77bD%207-bA%7CQyX7%5EAbZL7bE%207-bB%7CQyXLZEb%5E4T%7BA*lcKQy%20Bb7LNZL%20QyXQyX%7D%207b%20B7-FZL7C%207-G1NZ2Eb6X7-FZLZL7F%20%5BBb-7X7-AZL%20lcKQyX7b%5EA%7CQyX9b7bE%7CQyXyQ%7CD7B*%5D%20%207-bA%7C7LZF-bAZL7bE%207-bB%7CQXy7%5EbE%5BA*%5D%207bB%207%5E7XyQC%207hG%20Db7LZEb%5E7%20C-7LZF-7%20Bb7LZEb6XyQ%7CF-7%20Bb7%20Z%3DJazz-Ballad%20Swing%3D78%3D5
89b4457a-19e2-4b2a-b805-dd4694c8c755,irealb://Lady%20is%20a%20Tramp%2C%20The%3DRodgers%20Richard%3D%3DMedium%20Swing%3DC%3D3%3D1r34LbKcu77-D%7CQ4C%5E7X%7CQyX7%5EC%7CQyX7G%7CyQX7-D%7CQyX7bE%7CQyEb7Xy4T%7BA*%207-EZ7XyQ%7Csus7bB%7CQyX7%5EFZ7LC%207-G%7CQyXsus7C%20Bb7LG%7CQyX%20%20lcK-7%20G72NZL%20QyXQyX%7D%207%20G7-DZL7A%206C1NZLC6XyQDZL7AL7A%207-7XyQX7G%7CQyX7-D%7CQyXA7%7CQyX7-E%7CQyX7G%7CyQ%7CE-D%5BB*%5D%7CQyX7G7%20%5D*b7E%207hB%7CQyX7-DQ%7CyX7bE%7CQyX7%5EC%5BC9LZA-%207-DZD-7%20G7LZC6XyQKcl%20%20Z%3D%3D0%3D10
896f97cd-9b00-4b5d-8c2f-e6b111fc767a,irealb://Ain't%20No%20Mountain%20High%20Enough%3DSimpson%20Ashford%3D%3DRock%20Pop%3DB-%3D0%3D1r34LbKcu7yXQyX*66%20%2056*%3C%7CQyXA/-B%3E%CE%A0Q%20yXQyXQyXQyX%E2%80%A2%7C%C2%B0%5E%20%20%C2%B0%7C%3C44T%5BE%3E%5E75%7C%3EB-/F/-B%20G/-B%3E%CE%A0%CE%A0Qy%7CX%60%E2%80%A2%7C%E2%80%A266*%3C%7CQyX%23G%23LZ%3C*%60%E2%80%A2%7C%E2%80%A2QF/-B%200%5E%3EsFL%23G/-BZLA/-BlS%20%7B%2C7%5EG%3E%5E06*%3C%2C7-%23ZB-/G6*%3C%20-/-B%20G%20%3C*54L%23G/-BsZLA/-Bl%2C%7CG%3E%5E45*%3C%2C-%23Fs%3E%5EZlB-/-EZL%23-%23F%20%2C-%20F%23-%2CF/-Bs%20%2CG/-BZL%23%2CG/-BZL%2CA/-BZL%2CLZlE-EZL%23F%20%3E%23AAXyQ:%3E7-%23FZL%2CE/6G%207%5E%3EGGBQyXQyX84*%3C%5B%20%3C*57%20QyX%3C%2CEBBQy%5E7%20sGZL-B%207-%23FZL6G%20%5E7GZL-B%207-%23FlZL6%3C*39XGZL-BXQyXQ%23%3EsEX%3C%20%20G2N%7C%7D%20%20%3E:QyQXyXQyX%3C%20Gl1N%7CQy*69XyFEBEB%20%23F/E%CE%A0%3ELZAA%7CQyXsus7AlZLssu7As%207A%7CQyXsus77XyQ%7C%CE%A0%CE%A0%CE%A0Qy.D%20%208Bsus%20B%7C%2CbB%7C%2CA%7C%2CA%7C%2CGZsL7-E%207%5EGlZL-Bsb%5D%3C*4ZL-%23FS.%20al%201st%20End.%3E%20%3D%3D0%3D0
8936d0cb-e708-4d93-9f48-26af931a3d7e,irealb://I%20Never%20Loved%20A%20Man%3DWalkupmusic.com%20Arr.%20Of%20Aretha%20Franklin%3D%3DSoul%3DF%3D%3D1r34LbKcu7QyXna4F%2CsAdA%3Cv*%7BZL%20x%20ZL%20%20xZL%20lcKC/W%2CbB%2Cod%20org3Ti*%7BX7CZL%20X%3EF%2C%20x%20ZL%20x%20ZL%20x%20Z%20LlcKC/W%2CbBl%2CoAsLZ%20x%20dn2%20%20ZL%20lc%20%20%7D%7CCbBl%2CoAs%2CFZL%20x%20LZ%20x%20ZL%20lcKQyX%2C7%2CW/CKlcKQybBl%2CoC7%2CXyLQyX%3EtseR03*%3CZQLyX%3EtseR03*%3C%7C%7CQZF%2CsAZL%20x%207F%7CZ%20cl%3C*0%20x%20ZL%20lcKQyX7bBB*%7C%7D%20%20%3E.reV%20oT3LZ%20x%20KC/W%2CQyX%2C7cl%20LZXbA%7CQyXbBZL%20x%20LZ%20x%20ZL%20lcKQyX7CyQ%7C%7BFKQyX%2CKcl%3CVamp%20til%20cue%3E%20%20%7D%3C*27Rest%3EXyQLZfFXyQZ%20%3D%3D0%3D0
8980084e-54dd-4f45-b39b-a9eddc94bc4a,irealb://Revelaci%C3%B3n%203%3DDanilo%20Montero%2C%20Devoci%C3%B3n%3D%3DBallad%20Even%3DE%3D4%3D1r34LbKcu7A%7C)A(4E(B)F(D%7C)A(QyX)%23F(-7B%7C)A(%20%20)%23G(%20A*%23)XyQ4Ti*%7B%20Q%20%20%3EQ(E)%7DoT66*%3CA%7CQyXDZLC%23%2FA%207-B%7CQyXEB*%7B%20Int.yX)E(F%2FD%7CQ*72%20%20yXD%7CQyX7C%7CQyX%23%2FGE%7CQyX7-%23F%3EolosQ%7CEXy%3CC*%5B%7D%207-B%7CA%2FC%23X...somatnaveL%2069*%3CD*%7B%5D%20D%207C%7CQy%3EEXyQ%7CQyX%23%20A%2FC%23%2C%7CDXyQ%7CA%2C%3C*69%20%20x2%20To%20B%3EXyQ%7D%5BQEXyQZ%20%3DJazz-Ballad%20Even%3D60%3D3
898f20a5-cfdc-4809-91c3-f1a81fd27fe4,irealb://Ta%C5%9F%3DTurkmen%20Gokhan%3D%3DMedium%20Swing%3DF%23-%3D%3D1r34LbKcu7%20x%20ZL%20%3CMutA*%7BZLQyXZLQyXZQLyXZL%20i*%20%3Ertg%20e%20F%23-%20s44T%5B%20-B%20CLZ%20x%20x%20ZL%20x%20ZL%20x%20ZL-%20B%3Ertg%20jprA%3C%20ZL%20%20%7D%7B*%20x%20ZL%20ZL%20--%20LZ%20%3E4%20x%3C%20-B%3E%C3%BCrp%C3%B6K%20%3CB*%7B%7D%20%20x%20ZL%20-%23FLZ%20C%23%23C%20ZLXZLQyZ%20x%20%20XC*ZL%20x%20ZL%20-%23FZ%20L%20-%23C%20ZL%20-B%20%7C%7DyQLZXL%20-%23FLQyXZyQLZ*LQyXZLQyXZLQyXQ%7CyX%3Eolos%20rtG%3C%20BZXyQLXZLQyLQyXZZXyQLLQyXZLQyXZLQyXLZQyXZLQyXZLQyXZZXyQLLQyXZZXyQLZXyQLZXyQLZXyQ%20Z%20%3DJazz-Medium%20Swing%3D100%3D3
890b2f13-866a-419a-aca7-3ddfcb702243,irealb://You%20Send%20Me%3DComposer%20Unknown%3D%3DMedium%20Swing%3DC%3D%3D1r34LbKcu7%20AZLD%20F%23-7%20DZL7-%23F%20AZLE%20ZDL7-%23F%20AZLE%20DZLELZA%20A44T%7ByXDZLELZA%207-%23C%2CAZLE%20DZL7%23-F%20AZLE%20DZL7-%23F%2CF%23-7%20D%7D%20EQ%7CE%2Cn%20%20Z%20%3DJazz-Medium%20Swing%3D80%3D7
8938c66a-c29f-482b-a070-298991c7f113,irealb://Misty%3DGarner%20Erroll%3D%3DBallad%3DEb%3D%3D1r34LbKcu77-C%2074Eb%5E77bD%207-bA%7CQyX7%5EAbZL7bE%207-bB%7CQyXLZEb%5E4TA*%7BlcKQy%20Bb7LNZL%20QyXQyX%7D%207b%20B7-FZL7C%207-G1NZ2Eb6X7-FZLZL7F%20BBb-7X7-AZL%20lcKQyX7b%5EA%7CQyX9b7bE%7CQyXyQ%7CD7*%5B%5D%20%207-bA%7C7LZF-bAZL7bE%207-bB%7CQXy7%5EbEA*%5B%5D%207bB%207%5E7XyQC%207hG%20Db7LZEb%5E7%20C-7LZF-7%20Bb7LZEb6XyQ%7CF-7%20Bb7%20Z%20%3D%3D0%3D0
89d47724-7a3e-4155-8300-26c17a409416,irealb://Baby%2C%20It's%20Cold%20Outside%3DLoesser%20Frank%3D%3DJazz%3DF%3D%3D1r34LbKcu7-C%7CQy4F%5E7XQyX7%5EFZL%20x%20ZL7%20C7-G%7CQyX7obG%7CQy%7CD-7X4TA*%5BD%7CQyXF7XyQyX7bE%7CQyX7-bBZ%20LlcKQyX7%5EbBB*%5B%5DQ%7CF%5E7%7CQyX7FZL%20x%7CG7Xy%207-G%7CQyX7obG%7CQXy7%5EFA*%5B%5DQyX7C%7CQC7LZ%20QyX7-7C%7CQy%7CD-7X%20lcKQyX7%5EbBB*%5BQ%5DyX7F%7CQyX7-C%7CQyLZG7XQyX7%5EXyQ%7CF%5E7%20lAh7LZlD7XyQ%7CG7%20C7LZF6%20C7%20Z%20%3DJazz-Ballad%20Swing%3D100%3D3
89656142-be2a-4377-bb63-7d22463c19a4,irealb://It%20Came%20Upon%20the%20Midnight%20Clear%3DWillis%20Richard%3D%3DBallad%3DBb%3D10%3D1r34LbKcu7F%20bE%7C4Bb%20EZLbE%20bB%7C%7CQyX7FLZ7C%20bE%7CQyXbBZLbBbXyQ6TA*%5BE%7CQyXXyQ%5D%5BE%20bB%7C%7CQyXFZL7CF%20%7CQyX-G%7CQyX7DB*bLZBbbBZL7b%20F7LZBbXyQZ%20%3DJazz-Ballad%20Swing%3D60%3D3
899cc887-3cb6-4f4b-8213-39ab9b241be6,irealb://Little%20Drummer%20Boy%2C%20The%3DDavis-Onorati-Simeone%3D%3DMedium%20Swing%3DF%3D5%3D1r34LbKcu7XF%3Ese4%3CdroeB%20C%3CZLF%207C%7CQyFX%7C%2CC%20%20F%3Esht5%20enllton4TA*%5Bl%2C%20C%3E%20C%2C%7CF%20wen%3CB*%5B%5DQyXF%3Elsleb%3CZLF%207C%7CQyXdrone%20F%7CQys%2CF%20C%2C%7C%3Cbe%3Eslleb%3CZLCl%2CF%2CC7s%2C%7CQyX7Cl%2C%3EsllCXyQ%7C7Cs%2CFA*%5BQyC7%20%2Clleb%3CZLC%20FZLF%20bZBLbB%207Fl%7C%2CbBs%2CFls%3ECXl%7C%2C7CF%20%20C%2C%7CFXyQ%7CC7%20FLZ%3Cbells%3EFXyQ%7CC7%20FLZFXyQZ%20%3DJazz-Ballad%20Even%3D80%3D3
8976e618-415c-4eae-a4e7-0252a9ce4df5,irealb://All%20Of%20Me%3DMarks%20Gerald%3D%3DMedium%20Swing%3DC%3D0%3D1r34LbKcu7%20lcKQ4C%5E7XZL%20lcKQyX7AZL%20clKQyX7EZL%20lcKQyD-7Xy4T%5BA*yX7G%7CE7XyQDZL%20lcKQyX7DZLl%20cKQyX7-AZL%20lcK-7XyQ%5BB*%5D%20%20%20lcKC%5E7XyDZL%20lcKQyX7AZLl%20cKQyX7EZL%20lcKQ-7XyQ%5BA*%5DQQyX7-%5E7XyQ7A%7CQyX)G%2F7%5EC(7E-%7CQyX)7o%23F(6-F%7CXyQ%7CDF%5BC*%5D%7CG7XyQ%7CC6%20Ebo7LZD-7%20G7%20Z%3DJazz-Medium%20Swing%3D140%3D3
89753936-f261-4c36-a0ec-c9b01e8763a4,irealb://Summer%20Of%2069'%3DAdams%20Bryan%3D%3DRock%3DD%3D%3D1r34LbKcu7%20lcKQ44DXyL%20lcKQyXDA*%7B%7D%20l%20cKQyX7AZL%20lcKQZA7XyTA*%7BYZL%20QyB-XyQ%20Q%20%207A%7CQyX-B%7C%7DyQXG%7CQyXD%7CQyX7A%7C%5DXyQXB*%7B%7D%20C*%5B%7D%20QKcl%20yX7AZL%20lcKQyXDN2%7B%7D%20%20lcKQyX7AZLQKcl%20yXD1NC%20la%20BbXyQ%7CQyX7C%7CQyXbB%7CQXyF%7CQyX-D%7CQyX7C%7C%3CD.C.%7CQyXFoda%3E%20x%20%20%7DY%7BQDXyQKcl%20LZA7XyQKcl%20%20%7D%20%3D%3D0%3D0
89bf0792-d975-429c-8aa8-c5bd8b80ede8,irealb://Arkansas%20Traveller%3DTraditional%3D%3DBluegrass%3DD%3D%3D1r34LbKcu7DB*%7B%7D4D%20GLQyXDZLD%20AZLG%20DLZ%20lcKQyXAZLD%20AZ%7CA%20D%204TA*%7B%20GLZD%20ALZD%20ALZD%20ALZD%20GLZD%20ALZDXyQ%7CA%20D%20%7D%20%3D%3D0%3D1
89478e05-95fe-4673-9e15-0851285d17fb,irealb://This%20Is%20The%20Day%3DHammond%20Fred%3D%3DMedium%20Swing%3DC%3D%3D1r34LbKcu7%20-bA%7CXyQ%7CAL%20lcKQyX%2C7bGZLl%20cKQyX7bG%7CQyX-bZBXyQB44T%7BKQyX%23Gb-%20(E%20%23D%2FB%2Cp%7CQyXE%7CyQX7-bA%7CQyXE%7C)7B%2C%7CB%2FF)7bD(7G%7CQyB%2FF%23%20QyXE%2FC%7C)%23D%2FB(%20%2FDbB)%23D%2FB(%20EZLbG%7CA-7XZL%20lcA%7CQyXl%20LZGC(%207-G)7D(%207-AQ%7CyXCZL%20lcKQyX%2C77)%7C%7BFcKQyXbB)C(%7CFXyQG%20G%2FCZL%20lcKQyX%2FGC%7C)F(%20E%2FC%207-A%7CLZBb%20QyX7-%5B%7D%20%23F%2FE)%7D%7BFZL7E%20G%2FCZL%23F%2FD7%207-AZL%23G%2FE%20G%2FC%5E7%20D%2FC(%20D%2Fus7C%7BLZCXyG(%20sus7bA)sus7Bb(%20sus7CZL%20lcKQb%5E7)%5DG%20G%2FCsXyQAb%5E7XyQ%7CF-9XyQDb%5E7XyQ%7D%20%3D%3D0%3D0
893e7ec0-148f-42f3-a323-f358453950df,irealb://Amor%20Y%20Control%3DNieves%20Tito%3D%3DMedium%20Swing%3DC%3D0%3D1r34LbKcu7DZLxZE%2CD%2C%7CxZL-EZLxZL7BZLZxLDZLxZLGZLxZLCLZA7LZL-E%5BLZB7LZ%7BE-LZE%2CD%2C%7CCLZxLZGLZxLZDLZB7%20%7D%20%3DJazz-Medium%20Swing%3D120%3D3
89a9a2f1-792d-4e96-a486-4cf3e5b17a73,irealb://Angels%20We%20Have%20Heard%20On%20High-%20Liz%20%201%3DUnknown%3D%3DJazz%3DC%3D%3D1r34LbKcu7C%7CQyX4C%5E7XlcKQyX7%5EC%7CQyX7C%5E%7CQyX7GZL%20lcKQy%20LZG74TA*%7BC%28CZL%5B*BC%20yX%5D%207G%207-DZL6F7%20%5ECZL7G%207-DZL7AQXyQ%20%7DQyX6%7C%297A%28A%29F%2C%7C%28F%20%2C6CZL7G%207-DLZ7A%20CZL7G%20%29-D%28GBb9%29%20%28C%2CG%29D-7%20G7LZC69%28C%29%20%28G%29A7%28C%29%20%28F%29%7CD-7%28G%29%20G7%2CLZCXyQKcl%20%20Z%20%3DJazz-Afro%2012/8%3D110%3D3
89873c28-628e-47e7-ad56-48d25b4d540b,irealb://Angie%3DThe%20Rolling%20Stones%3D%3DBallad%3DA-%3D%3D1r34LbKcu7%2CF%2CbB4A-XyX7E%7CQyX-AZLC%20F%2C%7CF%2CbB%20G%7CQyX7E%7CQyQ%7CG%204TA*%7B%7C%2CF%2CbLZ%7CGXyX7E%7CQyX-A%7CQyXZGLF%20CZL-A%20-D%7CQyQ%7CG%20B%2CC%20F%7C%2CF%2CbB%7D%7B*BGX7E%7CQyX-A%7CQyXGLZF%20CZL-A%20-D%7CQyXyQ%7CG%20%20%2CC%20FLF%20C%7C%20%7D%5B*C%7CQyX-D%7CQyX-A%7CQXy-D%7CQyX-A%7CQyX-DA-XyQ%2CC%20F%7CF%2CbB%20%7CA-Xy7E%7CQyX-AZL%2CC%20F%2C%7CF%2CbB%20G%7CQyX7E%7CQXyQ%7CGQyXGZ%2C%7CF%20C%2CU%2C%20Z%20%3DJazz-Ballad%20Swing%3D70%3D1
891d2e76-20ed-4a7e-b178-748dc22875c4,irealb://Wildest%20Dreams=Swift%20Taylor==pop=Ab==1r34LbKcu7%20ZL%20n4N1%20n%20ZL%20n%20v%2A%7B%7D%20%20n%20LZ%20nS%202N%5B%20%20n%20ZL%20n%20LZ%204Ti%2A%7Bla%20%2ES%3E%20%7DY%7BbB%7CQyXbE%7CQyXbA%20%3Eseton%20elohW%3CC%2A%20%20%3CD%2Ex4%3C%20nr%20ZL%20%3ELZDb%7BZLQyXZLQyXZLQXyZLQyX%7D%20%3Ex4%3CQ%20%20Q%2AB%20radoC%20%3Ehtny%20LZ%20rllepacA%3C%20%20C%2A%7B%20b%20Df%20ZL%20bDf%20%7C%7D%20%20a%20%2F%20sr%20ZL%20n%20%20n%20%20%7DY%7B%2AC%20r%20LZ%20r%20r%5D%20r%20LZ%20%3COut%20%3Er%20%20%7D%20==0=0
893ddfe9-4917-496c-8c75-867f37ea5bb4,irealb://Anzi%3DMatto%3D%3DLatin-Swing%3DC%3D0%3D1r34LbKcu7%7CQyXG4C%2FGXyXG%2FC%7CQyXG%2FF%7CQXyG%2FF%7CQyXG%2F-C%7CQyQ%7CC-%2F4Ti*%7BX7%5EC%7CQ%7CF%2FG7G%7CQyXG%2FF%7CQyX6C-%7CQyX7%5ECA*%7B%7DQyXb9XyQyXG%2FFyX7bA6XyQ%7Cus7A%7CQyXsus7bB%7D%7CQyX9b7G%7CQyXG%2FFsXyQ%7C-C%7CQyL7%5EbDusXyQLsus7bB%207FB*%5BQXy7bG%7CQyXsus7bB%7CZEb7%20s7G%7CQ7F%7CQyQ%7CBb7QyX7CZL7%5EbD%207bZELsus7bB%207F%7CQyX%7CBb7XyX7CZ-C%7CQyEb7%20B*%5B%7CQyX7G%7CQyX7DQ%7CyX7A%7CQyX7bBZL7AC%2FGXZL7E%20%2FGXyQ%7CF%2FGXyQ%7CF%2FGXyQ%7CC%2FGXyQ%7CC-%2FGXyQ%7CF%2FGXyQ%7CF%2FGXyQ%7D%7C%20%3DJazz-Latin%2FSwing%3D115%3D3
8907fb75-137a-4a0f-b0cb-c9277c77d9cd,irealb://Autumn%20Leaves%20Opening%20x%201%20%2d%20Woodys=Charts%20Practice==Medium%20Swing=C==1r34LbKcu7L7%2d%23CLZG7L%2c7%5e%2dAZL%2c5%239%237ELZ7hBZL7%5eFZL7%5eCZLZxLZ7%2dDs%7cFZL7%2dZB%5e7LL%2c7%5e%2dbAZL%2c5%239%23b7EZL%2c7hbBZL7%5eEZZxLZCL7%23FZ%5eAZL7%5e7LZEBZLxZL%2c7%5e%2dGZL%2c%2359%237DZL7hAZL7%5eb%2d7LZEbBZL77%5ebAZ7LZAbL7%2dbBZLxZL%2c7%5e%2dGbZL%2c5%239%237bDZL7hZEb7L%5eDZL7L7%5eCZ7LZGhL7DZL7%2dAZLxZL%2c%5e7%2dFZL%2c5%239%237CZL7ZG%5e7L%5ebDZLhFZL7LZB7%23%5ebGZL7bDZL7%2dbALZxZL%2c7%5e%2dEZL%2c5%2397LZB%5e7h%23FZAZL7h7%239%235bBZL7%5eFZL7CZL7G%2dZLxZL%2c7%5e%2dbEZL%2c%5e7LZEbBZL7%239%237b%2cLZD%2dbEZL7%5eAZL7%5eEZLB7ZL7%2d%23FZLxZL%2c7%5eh7LZA5%239%237L%2c5%239b%2d%5e7%2c7hDZL7%5ebAZL7%5ebZEL7bBZL7%2dFZLxZLLZG7%23DZL%2c57%5e%2dBZ%2cLZxL%237%23FZL7h%23CZL7%5eZGL7%5eDZL7AZL7%2dEZ9%235%2cL7%5e%2dCZL%2c7%5e%2dZEb%2d75%239%237FZL7hCZL7b%5eGZL7%5ebDZL7bAZL%2cLZBbLxZL%2cZx%20%7c%20==0=0
89dbacda-e86d-4acd-ae53-2c2e45396a81,irealb://BLUES%234%3DD.BAKER%3D%3DMedium%20Swing%3DC%3D%3D1r34LbKcu7X7D%7CQQ%7CBb7QyX7oB%7CQyX7bBZ7LF%20-C%7CQyX7F%7CQyX%7CF7XyyX7F%7ByQ%7CG7XyQ%7CC7XyQ%7CF7%20Bb7LZF7XyQ%7D%20%3DJazz-Medium%20Swing%3D100%3D10
897af422-4708-4cf7-802b-7c4a444165f3,irealb://Baubles%2C%20Bangles%20And%20Beads%3DR.Wright%2CG.Forrest%3D%3DMedium%20Swing%3DG%3D%3D1r34LbKcu7KQyX7-XyQ%7CX9D%7CQyX-AZL7o%23%20CG%7CQyX7%5EG%7CQyX9DyQ%7CG%5EA44T%5BB%7CQyXC%23-7XyX7-%23CZL7oD%20B%7CyQX7%5EB%7CQyX9%23F%7CQyQ%7CF%239ZL%20lcQyX7%5EKcl%20%20X7%5EbE%7CQyX9%5EbE%7CyQX31bB%7CQyX7-F%7C%5DyQ%7CAbQyX7%5E9b7E%20Q%7CG%5E7%7CQyX7%5EG%7CQyX9D%7CyQX-AZL7%23D%20G%7CQyXB-7b5yX7D%7C%7CQyXGyQ%7CD9D%7CQyX-AZL9b7E%20b57-B%7CQyX7%5EG%7CQyX9XyQ%7CX-AZLCXyQ%7CC-6XyQ%7CG%5E7XyQZ%7C%20%3DLatin-Brazil:%20Bossa%20Electric%3D120%3D3
89d43e4d-f0a4-48aa-9137-8821102dacac,irealb://Better%20Go%3DWebster%20Ben%3D%3DMedium%20Swing%3DEb%3D3%3D1r34LbKcu77bEZLyQ%7CAbbA%7CQyX7bAZL7oG7%20bE%7CQyX7bE%7CQyX77%20Ao7X7bE%5BXyQ%7CG-7%20C7b9LZF-7XyQ%7CBb7XyQ%7CEb7%20C7LZF-7%2C%20E7%20%5D%20%3DJazz-Medium%20Swing%3D150%3D30
89f774e7-980b-47ed-a0df-a3903d106249,irealb://Move%20It%20On%20Over=Williams%20Hank==Medium%20Country=E==1r34LbKcu7ZL%20lc4B7XyZL%20lcKQyXEA%2A%7B%5D%20%20lcKQyXEZL%20lcKQEXyQK4Ti%2A%5BA7XyQKcl%20LZEXyQKcl%20LZB7XyQKcl%20LZEXyQKcl%20%3C8x%3E%20%7D%20=Pop%2DBluegrass=181=1
8938565f-e68e-4962-a875-fcbff9ea7d5b,irealb://Blue%20Silver%3DSilver%20Horace%3D%3DMedium%20Swing%3DEb-%3D6%3D1r34LbKcu7s7A%7Cp44sAbus7A%3E%E2%86%92olos%E2%86%90%20%202*7%3C)11-E(bE%2Fsus7s%2FE%2CpTA*%5BYp%2CbB%2FEb-11)bB%2F%5EB(bE%2Fsus7Ab%7Cpp%2CbE%2Fsus7bA)B%5E%2311(E%2Fsu0*%3C%20)Ab(DblY%7C%2CbD%2FWp%2CbA%2Fb%3EC69%20mpb%20%2047*%3C)9Fh(Fh%2FbD%7CpQyX%E2%99%AB%20yQXyQ%2C9%237bB%3E%E2%99%AA%20%2060*%3C9)%237bB(bB%2F-bAs%3E%E2%8C%A3%7C%3C*06XQyX6(hFl%7C-9(Db(9%5EbC)7bG(11%2397%23C%3E%E2%8C%A3%20QyX60*%3C)7-Cb%5E)pbD%3E%E2%99%AB%20%20%20QyX*06Xy*%3CZL%3E%E2%99%AA%20%2060*%3C)7Gb(31bG%3E%E2%8C%A3QyXQyXQ06%20%E2%99%A9.%3C%20)hFQyX%E2%99%AB%203(Ab747*%3CYZL)7bB(5%23%2397bB%20%3E%E2%8C%A3QyX60*%3C)%20%E0%B8%AF%20%E2%99%AA%201bA%3E%E2%99%AAB*%5BYY%2F%3EAb7ZL%20x%20ZL%20lcKQyX%EF%B8%B6%3E%20QyX45*%3CbE%2Fsus%20x%20%20%5DQyX%2F%20yX-bE%20(in%20%20hF%7CQyX-bAZL7b%20EbB%2Fsus7bE%3E)%222%22Bb7LZ%2047*%3C%3E%E2%99%AA%20Qy1%20%3C*7yX%E2%99%AA%20QyX.%E2%99%A9%2017*%3CLZ9b7D%3E.%E2%99%A9%20QyX%E2%99%AA%201Q%20%E2%99%A9.X1-A%7CQ(11%2334XyQ%EF%B8%B6QyXQyXQyX60*%3C%20FhZL%3E%EF%B8%B6QyX45*%3C%20%20%3E%E2%8C%A3%3EGb15*%3C%5EG%20%3E%E2%8C%A3Qy*06%20%20)7bA(11%2331bA%3E%E2%99%AA%20%20QyX.%E2%99%A9%2060*%3CZL%3E%E2%99%AA%3C*06X%3C)7bGsus7A9(Bb7%2Fsus7A)11-E(bEs%2Fus7bAsA*%5BYY%5D%20)E%2Cpp%7Cb31bB%7Cpp%2Cb-11)A%5EB)bB%2F%5EB(bE%2Fsu7sbA%7Cpp%2CbE%2Fsus7b%2311%2FBbE(E%2FbAs%3E%E2%8C%A3(Db9)XQyX60*%3C%20)hF(hlFY%7C%2CbD%2FWp%2CbA%2FbCyQXyQbA%2FbD*%3C)7-Bb7%239bD%3E%E2%99%AB%20QyX%E2%99%AB%2060*%3C%2C%7C9%237bB%3E%E2%99%AA%20%2060*%3C)-9(Db(bB%2F-XQyXQ%20%E2%8C%A3%3EC7%3C%20)hF(hFl%7Cp)%5Eb(C9%5EbC)7bG(11%239%23*06XyQyX6060*%3C)b13(G1bA%3E%E2%99%AA%20%20QyX.%E2%99%A9%206*0%3CZL%3E%E2%99%AA%20%2060*%3C)7b3(Ab7G%3E%E2%8C%A3QyE%2Fsus%20Bb7%23QyX%2F%20QyX%E2%99%AB%20%20%E2%99%AA%20%E0%B8%AF4%207*%3CYZL)7bB(5%239%2F%3EAb7%3E%E2%8C%A3QyXtuo47XyQ%20%EF%B8%B6us7AQ%5BYYY%5D%20Q%20xZ%20L%20x%20ZL%20lcKQyX%3Es%2FE%3C*45*%3Cb%20x%3E%EF%B8%B6%20QKcl%20*%3C%20%3E%E2%99%ABQyX%E2%99%ABQyX%E2%99%AB%20%E2%99%AA%20%20%E0%B8%AF%2017*%3CZL%20x%20ZL51XyQyX%3EorZL%20x%20yQ%EF%B8%B6%3E%20KQyXbE%2Fsus7bA%3Ey)leerf(%2047*%3C%7BY%5Dcl%20LZX15*%3C%20x%20%20%7DY%7CfUEb-9XyQZ%20%3DJazz-Medium%20Swing%3D96%3D4
894a0895-f637-41a4-8901-aedeb43816dc,irealb://But%20Not%20For%20Me%20(Verse)%3DGershwin%20George%3D%3DMedium%20%20Swing%3DEb%3D3%3D1r34LbKcu7F(5b94Eb%5E75%237C(5%237C%20)hG(b9DZL5%237D%20)7%5EbE()LZDb4TA*%5B6bEZL9(G-7-FZL7-C%206bEZL9Bb%20)7%5EbA(5b9BZL)7%20Bb7C%20)7-(5b9FA-7%20D7E(5%237E%20)hB(31ZFL5%237%23F%20GA*%5B%5D%207%235)LZ%7CQyX99bD(%20E9(B-7D%207-A%7CQyX6GZLD9%20)7%5EC(5b9EZL)7LZG6%20%20)7-A)7-G((C7b9)bA%2F7bB(%20%207bB%7CyQX7-FB*%5B%5D%207oE%20)LZEb66GZL)us9bB-7XyQL)7F(%20%20)7-C(6b%7CEQyX7bB%7CQyX7-F%7CZF-7(C%7CQyXs)XyQZ%20%3DJazz-Medium%20Up%20Swing%3D160%3D3
899df623-d084-47d0-82f6-5a99f3b4dfbc,irealb://Cabin%2C%20The=Ylvis==Soul=C%23%2D==1r34LbKcu7%5EAv%2A%7B4E%2A%20%2A7%23GfZL9%23FZL9%23F9%2CGZLEZLrZL9AZL%2C%235%20%20%5D4Ti%2A%5BZL7%2DC7%235%20LCZL%205%237%23GZL%5EAS%7D%7C%20%3Ex3%3CxZL%207%2D%23CZ%23%2D7%2C%20%23GZL%20%207%2DBZ7LZD%5EZL%2C%5EDZL%23C%2F%2BA%209ZAL%207%2DBZL%207%2D%23CZLC%23%2D7LE%207%2DBbE%2FbDb%2D11%20bBZLxZL%207%2DCZLxLZ%5EbDB%2A%7B%7D%20Q%2C5b7D%2D7%20LZEZL%5EAZL%2CbEN1Ab%5EL7%2DbB%20%2C7%2DbA2N%7C%20%7DC%2F%2BbA%20%2C%5EbA%7CQyXZDbLZZLbE%20L5b7%23LZG%237%205%237%23GZL%20%5EA%7C%7D%20x%3E2%3CxZL7%2D%23CZL%205%23A%5ELZG%5EAv%2A%7BL%2C5b7%2E%20al%20bEZL%5EA%207%2DBZL7%2DC%23ZL%2C%5EDQZ%20x%3EadoC%2D11%20DS%2ED%3CZA%20%2C%5EbLZxLZA1NZL%2CbE%20bE%2FbDLZ%207%2DbBZLxZL%207%2DCb%5ELZA%5EbD%7BZ%23CZLx%7D%7CN2ADZL%5EE%7BZL%5E%23FZL7F%23%207%2D%23CZL7bD%20%2C%2Db%23%2D7LZ%20C%2F%2BbZL%5EEf9%2FF%23LLrZL%23F2N%7D%20%5EEZLD%23%2F%2BB%20%2C%5EB1NZL%5EBZZG%5ELZEZL7%2DxLZfB%5E%2CLZrU%20Z==0=0
89f6c3dc-0f5c-4cdf-b29e-6cf5e433079b,irealb://Call%20Me%20(Walter%20Wanderley)%3DHatch%20Tony%3D%3DBossa%20Nova%3DF%3D5%3D1r34LbKcu7yX7-F4F%5E7XKQyX7%5EFA*%7B%7D%20%20lKcQyX7bEZL%20lcKQycl%20LZ4Ti*%7B%2C7-bBXyQ%7CE%5EbD%7CQyX7bA%7CQyX-7bEZL%20lcKQyX7%5Eb7XyQ%7C7bB%7CQ*%5B%7D%20%20b%5E7XyX7%5EF%7CQyX7-bB%7CQXy7%5EbD%7CQyX7-bB%7CQyQKclD%7CQyXtla7GC7LZ%207%5EFZLxZL7C%209bDLZ%20lcKQyX7%5EFZL%20xLZG7%20%209bDByX7%5Eb%20C7b97bB%7CQyX7-FZL%20lKcQyX7%5EFA*%5B%5D%2011%23XyQ%7CE31CZL-bB%7CQLZEb-D%7CQyX%2C7-bB%7CQyX%5E7bD%7CQyX7bA%7CQyX7b%5E7Xy%20lcKQBZL%20xDb%5E7XF%7B%5D%20xZL%2C7bB%5B%7D%20ZxL7%5EFZL7C%20hG%7CQy%5E7%20LZ%7CQyX7b7%20LZx%20%3C4x%3E%20%7D%5B%2CU%2CF%5E7XyQZ%20%3DJazz-Bossa%20Nova%3D170%3D1
89076a75-2452-47fc-bd4f-96915c221c44,irealb://Clinch%20Mountain%20Backstep%3DStanley%20Ralph%3D%3DBluegrass%3DA%3D%3D1r34LbKcu7AB*%7B%7D4AXyQQyXx%7CQyXx%7CQyXAQ%7CyXE%7CQyXx%7CQyXx%7C%7CE%20A%204TA*%7B%20%20AZLXyQ%7CxyXA%7CQyXA%7Cn%2CEn%2C4E4T%7CQyXx42T%7CQyXQ%7CA%20Ex%7CQyXU%20%7D%20%3D%3D0%3D0
8977aebe-eeea-4ea9-b673-222a91a6a396,irealb://How%20Will%20I%20Know%3DSam%20Smith%2084bpm%3D%3DPop%3DC%3D%3D1r34LbKcu7CZL-AQ%20-%20%2B-%20QyX1%3CZL%3E1C47%3C*F%20%3EonaiP47*%3CC%3E%20%2B%3EG%20yX1%3C%5B/E%20FLZG%20A-%20%7D%20%3DPop-Rock%3D84%3D1
898e2979-1ccc-4c09-9917-60828998009b,irealb://Creepin'%3DWonder%20Stevie%3D%3DSoul%3DEb-%3D6%3D1r34LbKcu7%20%3Ex3344%3C*7bG%2FsusbB%7CQyX%2Cb%2FGsusB%3E29%20mpb%20%204%20%20%3C*6Ti*%7BYL%20lcK%2FGb%2CXbElA*%7BY%5Dpp%2C5%2397%23bB%2CF%2FsusbBs%7CQy-7XyQsusB%7D%20%3E%EF%B8%B6QyyQKcl%2CbD%2FbG%3E%2F%20QyX%2F%20yQX%E2%99%AB%20%20%E2%99%AB%20%2027*%3CZL%20%3C*54XX9%5EBZ4TZLpLZT24yX45*%3C%20%2C7-bA%3E%E2%99%AB%20%20QyXQyX%E2%99%ABQyX27*%3CQ%20%20%EF%B8%B6%3EG%2F7bEG%2Fsus3XyQ%7CbG%2FsusbB%7CQyX%2Cb%2FGsusB%5B%5D%20Q%20%207-bDXyQ%7CB1%5EDl4sus9F%7CN1sBQyXQyXQyXQyX%7Dp%2Cp5%239%237bB%2CF%2FsusbY%7CN2sQyX%2Cb%3C%2C7-C%235%2CppBl%3E%E2%99%AAQyX%E2%99%A9%20%20%E2%99%AAQyXQ%2FyX%2FQyX27*%3CB*%7B%5Db%5E%2Cps9%237F%2CQyXF%2FQ%20%EF%B8%B6%3ED%7C%7DQyX%2CD%2FbB%7CQyX-6bE%7CQyX%5EbEl%7C%2C7-BbsusyX45*X%2CbG%2FXyQ%7CEortuoQyXQyX27*Q%3C%7BYY%20QyX%5DQyXbB%2F%3EBsus7-bB%7CyQ%7CBbsus%2FGbXyQ%7CXyQr%7C%3CXyQ%20%20vamp%20out%3EXyQ%3C*634x%3E%20%7D%20%3DPop-Rock%3D92%3D3
89734478-4c00-4bc0-b2ec-0e8c51ebe436,irealb://That%20Aint%20My%20Truck%3DUnknown%3D%3DMedium%20Swing%3DG%3D%3D1r34LbKcu7XZLQyXyQ%7CCX%7CQyXD%3Eni%20emoco%20rtnI%3C%7CQyXD%7CQyXyQLZXG44T%5BD%20C%7CQyQLZ*yX-E%7CQyXC%7CQyXGQ%7CyXG%7CQyXC%7CQyXCAQ%7CDXyXZLQyGB*%5BZQ%7CCXyQyXD%7CQyXC%7CQyXCLZ%23F/D%20-E%7CQyXD%7CQ%7CC%20DLyXCZL%7CQyXGXyQ%7CCS%7CQyXD%7CQyXC%7CQyGX%7CQyXD%7CQyXC%7CQyXGXyQ%7CG%7CQyXC%7CQyX%7CCXyQG%3EoloS%3CC*ZLQyXQ%5DyXG%7CQyXD%7CQyXC%7CXyQ%7CGQyX-EXyQ%7CCXyQ%7CDXyQ%7CE-%20D/F%23LZCXyQ%7C%3CBack%20to%20sign%3EDXyQZ%20%3DJazz-Medium%20Swing%3D100%3D3
895ed2a8-bef8-47b8-abf4-3c73a8487c41,irealb://Dorian%20Mode%20(Chromatic%20AscendingDescending)%3DTuettap%3D%3DMedium%20Swing%3DC%3D%3D1r34LbKcu77-bEZ4C-7X%7CQyX7-DZLxZLx%7CyQX7%5E-DZLxZLx%7CQyxLZxL4TA*%7BZLx%7CQLZxLZGB*%7C%5D%20xZLx%7CQyX-7FZLxZLx%7CQyX7-Eb-7Xyx%7CQyX%7CQyX77XyQ%7CZLx%7CQyX7-AZLxZxL%7CQyX7-bAZLxZLxxLZD--GZLxbBZLxZB-7XyX7-BZLxZLx%7CQy7X-CC*%7C%5D%20xZLx%7CQyQ%7CxLZLxZLxxZLx%7C%7CxLZxGZLxZLx%7CQyX7-bZALxZLx%7CQyX7-AZL-7XyQQyX7-X7-bEGb-7Xx%7CQyX7-EZLxZLxQ%7CyX7-FZLxZLx%7CQyLZxLZD*%7C%5D%20yQ%7CxLZxLZD-7XyQ%7CxLZxLZDb-7XyQ%7CxLZx%20%7D%20%3D%3D112%3D0
8926c29f-f166-479b-b198-377b5830b0af,irealb://El%20Dor%3DMatto%3D%3DMedium%20Swing%3DBb%3D10%3D1r34LbKcu7sus7F4Bb%5E7B%2F7%5EbE%7CQyXbB%2F7D-%7CQyXbB%2F7-G%7CQyXbXyQ%7C4Ti*%7BD%7CQyXQ%7CAb7yX7%5EbBA*%7B%7DQyX7%7CFQyX7%5EbB%7CQyXbB%2FQ%7CG-7yXbB%2F7F%207%5E%7CEb%5E7%5EbD%207%5EbB1N%7CQyXb7A%7CQyXsus7F%7CQyX7LZGbQyX7-X7%5EbGBb%5E7XbE%7CQyX7%5EbD%7CQyX%5E7bGB*%7CQyX7bA%7CQy7XyQ%7C2N%7C%7D%20QyX7-7b5Xy7-DC*%7CQyXx%7C%2C7F%20%207%5EbG%7CQyX9b7C%7CQXyQ%7CG-G%7CQyCZL31Q%7CF7%23%5EbG%7CQyX7C%7CQyX7G-%7CQyXx%7C%2C7-D%20%20117%20F7byX7C%7Cb%5E7XyQ%7CGb%5E7%20F7b13LZCb%5E7XyQ%7CxXyQZ%7C%20%3DJazz-Even%208ths%3D120%3D6
8925bc7d-ef96-496a-b00c-1f517a4d8fde,irealb://En%20El%20Nombre%20De%20Jes%C3%BAs%3DZschech%20Darlene%3D%3DRock%3DD%3D7%3D1r34LbKcu7QyXG%7C4D%20%3C*QyX-B%7CQyX-E%7CQyGXA*%7C%7D%20%20%3E8XQyX66%7CDXyQ4Ti*%7B%7CQyXGQ%7CDXyA%3E1%20%2096*%3CB*%7C%7D%20%3E%204XQyX96*%3C%20D%7C%7CQ%2CXyQ%7CyX-E%7CrF06*B-XyQXD%7C%7CQyX%3EoesarF60*%3CD%7CQyXG%7CQyXC%7CyQ%7CD%3C%7CQyXDXD%7CQyXyQ%7CDQyXG%7CQyXD%7CQyX-%7CBQyX-E%7CQyXG%5DQyXZ%7CE-X%3EoesaQyXG%7CyQ%5D%7B*QyX-B%7CQyXD%7CQyX%7CGQyXA%3E2QyX96*%3CB%7CCXyQXD%7CQyX33*%3C*63FrX%3EoesarF36*%3CD2%7BN%7DQyXD%7CQyX%3EoesayQ%7CD%20%3CD1N%7CXA%7CQyn%3E%20%20%7D%3E4X96*%3C%20%20-%23F%7CQXy-B%7CQyXA%7CQyXGC*%20%7D%7BGXiF%20Qy%20%20%3C%20%20XyQ%7CNoT27*%3C%7C%7D%20%3E4X27%3C*%20%20D2N%7C%7DQyX-%23F1%20B%202%3E-B%7CQyTo%20Fin%20rep.%202%20cas%3E%20LZXyQ%20%7C%20%3DPop-Rock%3D105%3D1
89a382c4-e4b6-4bd3-aca6-89bd41d035a6,irealb://Etude%20%236=Niehaus%20Lennie==Medium%20Swing=G%2D==1r34LbKcu7Xx%7CQy%2DXyQ%7C7F%207%2DC%7CQyXx%7CQyxX%7CQyX%2DGZL7D%207%2DALZBbXG44T%5BQyXx%7CXyQ%7Cx%7CQyX7A%7CQyX5b7%2D%7CEQyXx%7CQyX%2DG%7CQyXD7XyQ7D%7CQy%7CQyXxQ%7CA%2D7BZL7F%207%2DC%7CQyXxQ%7CyXx%7CQyX%2DGZL7D%20bXyQ%7CyX%2DG%7CQyX%2DGXyQ%7CED%7CQyX7%2DC%7CQyX7%2DDb%7CQyX7%2DD%7CQyX7%2Db7XyQ%7C5b7%2DE7D%7CQyQ%7CG%2DXyX7D%7CQyX%2DGZL%2DG9%20%237DZL%20QyXQyXQyQ%7CG%2DXyX7D%7C%239%20G%2DLZXyQXyQXyQXyQXyQXyQXyQXyQXyQXyQ%20%20Z==160=0
893ef5db-5260-4b28-bf67-360cdfdf96ac,irealb://Falling%20Grace-Rev%20JE%202%3DSwallow%20Steve%3D%3DJazz%20-%20Swing%20Two-Four%3DAb%3D%3D1r34LbKcu7D%20G/%5E4Ab%5EXbB%207-F%7CQyX7-G%7CyQX%23F/7DZL%20lcKQy7LZEb4TA*%7ByX7-EZG-7/1b7B%7CQyXh%23F%7CQy%5EXF%7CQyXE/7C%7CQyXF3XyQ%7CL%23F/77o%23C%7C%20D7LZbE/W%2CG/W%2C7-CsB%5B*%20%20QyXQyX%5DQyX%5EG%2CW/C%2C7-A%7CQ/W%2CG/W/E%2CWW%2C%5EbE%7C%2CD/W%2CF/Wb%2CB/W%2CD/%5EbB%7C%2C%23C//Bb%2CW%2CG/W%2C%5B%20%20Qyh%2CW/G%2C%23C/W%2CE/W%2CG/W%2C13b7A%7C%2CbB/W%2CA/W%2C%5DXyQXE%7C%2CbE%7CQyXQ7%20Db-QyX%7DQyX%5EbE1N%7CQXy%5EbBZL7F%207-CZL7XyQXy-DlA*N2Eb%5E%20%20Q%20%5D%5BQAb%5EXyQ%7CUf%3CFINE%3EDb%5EXyQZ%20%3DJazz-Swing%20Two/Four%3D140%3D4
89f09007-758c-4584-a304-c6697873d10d,irealb://Falling=Wilde%20Dani==Pop%20Ballad=Ab==1r34LbKcu7%7CQyXb%2A69VebDZL%20lcKQyX%2DbBLZ%20lcKQyXbA%3E%3AesrXyQ%7CE%3C86T%5B%7CQyXbKcl%20%20%2DbB%7CQyXbE%7CQyXb%7CBQyXbE%7CQyX%2DbB%7C%7DXyQ%7CEQyXbAAbXyQKcl%20%20%5D%20==123=0
8970d395-91f7-4789-bced-522bfc3953d8,irealb://Peter%20of%20April%3DGullin%20Lars%3D%3DMedium%20Swing%3DC%3D%3D1r34LbKcu7yX7oB4AbXy-bB1N%7CQyX7bB%7CQXy-FZL7C%205b7-G%7CQ7XyQ%7C4TA*%7BD%7CQyX%20Cb7LyXC%2FbAZL7oB%207-Bb2N%7C%7D%207bE%207-bBZQ%7CDb67-C%7CQG%20%5EbGG7%20%5D%5B%207-bA%7CQyX%5EbEZLb7B%207-F%7CQyX7%5ECB*Db7LZ%205b7-7C%205bb-7%20DyXbAA*%5B%5D%207bE%207b-BZL7oB%207-CZL7bQ%7CG-7AZL7o%2FbAZLyQ%7CBbD%207-bB%7CQyXC%2FbALZ7oB%207-bB%7C%7CQyX7b-7b5X-FZLC%2Cn%20%20Z%20%3DJazz-Medium%20Swing%3D180%3D3
894f2f1b-12df-486c-8c8b-1cc3a945b5dc,irealb://Will%20The%20Circle%20Be%20Unbroken=Get%20Rhythm%20Pt%2E1==Bluegrass=A==1r34LbKcu7%7CQyXAXyQ%7CAA%7CQyXA%7CQyXD%7CQyDX%7CQyXA%7CQyXA%7CQyXXyQ%5D%5BA44T%7CAXyQ%7CAXyQ%7CAXyQ%7CAXyQ%7CEXyQ%7CAXyQ%7CAXyQ%7C%20=Pop%2DBluegrass=160=4
89365461-29e2-47b7-8414-3306deddb6a0,irealb://Worried%20Man=Composer%20Unknown==Bluegrass=G=9=1r34LbKcu7%7CQyXGXyQ%7CGG%7CQyXC%7CQyXC%7CQyCX%7CQyXG%7CQyXG%7CQyXXyQ%7C%7CG44T%5BGXyQ%7CGXyQ%7CGXyQ%5D%5BDXyQ%7CDXyQ%7CGXyQ%7CGXyQ%7C%20==180=4
8904edb5-9181-4efa-9d65-55ea038cd4aa,irealb://For%C3%A7a%20Estranha%3DVeloso%20Caetano%3D%3DBossa%20Nova%3DG%3D5%3D1r34LbKcu7yX7A%7CXyQ%7CB%7CQyX7oAZL7-A%20-%7CAQyX9b7EZL7-B%20-E-XyQG44T%5B%7CQyX-yQ%7CGX7oAZL7-A%20-A%7CQy9Xb7EZL7-B%20-B%7CQyXyQ%7CEX9D%7CQ%20D/GZ%7CD9Xy%20CZL7G%207-D%7CQyXE-%7CQyX7B%7CQyXG%5B%5DQC%23o7LQyX7AE9LZA7XyQ%7CD7XyQ%5D%20%3DJazz-Bossa%20Nova%3D80%3D2
8952b041-64e7-4449-a044-58223499727b,irealb://Forever%20In%20Blue%20Jeans=Diamond%20Neil==Medium%20Rock=A==1r34LbKcu7%23F%2FD%2CyQ%7CAXXAZLE%207%2D%23CZL7%2D%20BA%7CQyXD%7CQyXD%7CQyyQ%7CsEXAi%2A%7CQyXD%7CE%2FG%23%2CQyXA%7CQyXAl%3E%E2%80%9DskalT%20yenoM%E2%80%9C%3CSv%2A%7B%7C%7CDXyQ%2CG%2FC%2C%E2%80%9C%3CC%2A%5B7LZC%23N%7D%2C%23G%2FE%2CG%2FC%2C%23FD%2F%2CEs1NZLAZLE%207%2D2lA%20%5D%2DB%20A%7C%7CQyXA%20ToniTZLA%2FD%3E%5E%3C%207A%3E%5E%7C%3CQyXA%7CQyXA%3E%E2%80%9Dthg24D%2D%2FebyaMD%3C%7CQyou%20anXG42TZLD%3E%5E%3C%20G%3E%3C%5E%7CQyXA%7CQyXA%3EI%20dyQ%7CEXY%3C44TA%7CQyXl%20FinklaT%20yenoM%E2%80%9C%3Cv%2A%20%7B%20QyXQyX%5BQyXE%3Ees%E2%80%9D%3ElAa%20%2ES%2EA%7CQyXXyQ%7CDD%7CQyXA%7CQyXA%7B%20E7%20%2D%23CZL7%2DB%20A%7CQyXXyQ%7CDD%7CQyX%20B%2D7LZC%23%2D7%20E%20%7DXyQXyQ%20%20%3CChart%20by%20Chris%20Codish%3E%20==0=0
89b7b721-a4f8-486c-892d-6ab14f0cb042,irealb://Frasier%3DPhinnessee%20-%20Miller%3D%3DMedium%20Up%20Swing%3DBb%3D%3D1r34LbKcu71%237bE4Bb7%20QyX7bBZL9bE%207bZBL31bD%207bAZL7bG%7CEb7%204TA*%5BQyXnZ9XyQ%7CbGl%7C%2C5%237G%2C7bA%2CA7%2C7bBsZL9bE%207bB7%20F7LbDZL19bE%207%2Cn%20LZbE%207bBZL9bE%207bZBL9bE%207bB%5B%7CQyXn9LZBb9%237F%7CLZ%5BAb13%20A13b9LZBb13XyQ%7CBb13XyQ%5D%20%3DJazz-Medium%20Up%20Swing%3D150%3D1
8909cea0-33bd-41b1-a9de-69ef778cdb82,irealb://Good%20Vibrations%20%2D%20p5%20of%207%20%28F%2D%29=Brian%20Wilson%2C%20Mike%20Love%2C%20Tony%20Asher==Medium%20Up%20Swing=F%2D==1r34LbKcu7bA%2FbD%2A66E%3ELbA%2FbD%20bAZLbA%2FDb%207bAZLbA%2FbD%20bAZAb7%20%3C44T%5B%20%5D%3CF%20section%20on%20page%206%2C%20%28key%20change%20to%20Eb%2D%29%3E%20==152=1
89399975-96b3-4784-a87e-084f682b7eff,irealb://Happyness%3DAI%3D%3DR'n'B%3DC%3D%3D1r34LbKcu7QyX7%5E4%3C*667-A%7CQyX7G%7CQyXCl%3Euos-%20pop%20%2059%EF%BC%9D%E2%99%A9XyQ%7CF4Ti*%5B*%5B%5DQyXyQ%7CGX7-A%7CQyXG%7CQyXCQ%7CyXF%7CQyX7-A%7CQyXyQ%7CFXCA*%5B%5DyXCSC%7CA-XyXG%7CQyXC%7CQyX-A%7CyQXF%7CQyXG%7CQyXC%7CQyQ%5D%5B*QyXFB%7CQyXCQ%7CA-7yXF%7CQyX7-A%7CQyX%7CGQyXC%7C%7CQyXF%7CQyXQ%5D%7B*DyXG%7CQQyXC%7BA-7XyiF%3C%20%20F2N%7CQyXQyQXyXQyX%7DQyXF1N%7CQne%3E%20%5D%7CQyXGniF%20l%7CA-7XD%3C%20%20G%7CQyXC%7CQyXA-%7CQyXF%7B%7DQyXF%7CQy.S.%20aQyXG%7Ce%3E%20%7D%20%3DPop-Soul%3D95%3D1
89e5c97c-654d-45ac-8c0f-563d052a3763,irealb://He%20Ain't%20Heavy%2C%20He's%20My%20Brother%3DScott-Russell%20(The%20Hollies)%3D%3DPop%20Ballad%3DG%3D7%3D1r34LbKcu7%7CQyXE44%3C*7X%23F%2FD%7CQyXG%3E)tabe%2061(%2067%20mpb%20%204yQ%7CC%2FTi*%5BYB%2CDp%2C69XyQQyXE%2FC%7CQyX%23F%2FDQ%7CyXGA*S%7BY%5DQyX%3E%E2%97%87%7CsA-7*%3CD%2FC%23F%2FDZ%23%2C%7ClEY%5D%20Q%2C7D%20sus9D%7CyQX7-A%7CQyXF%7CQyX-%5B*BGLD%2F9%237yXQyXZEbLZus9D%2C7-As1NZLG%7Cl%2Csus9D%2C7-AsZLGs%7DXyQL-EZL%2C%5ECsZLZN2A7-BZL%20%7Cr%20ZLC%2FDLZClC*%5B%5D%2CB%2F7G%2C7-LZD-L%20QyXQQyX%E2%99%A9%20-%2CW%2FDX66*%3C%20%20sus9D%7CQXy7AZL%2CB%2FW%20%2CCl%7C%2CyQXyQE%7C%2C7BXQyX4Q%20%20%E2%94%81%3EB*%5BY%5D%20%20nl%2C7Ds%3EdaoC%20la%20.S.D%20%3CZLQG%3C*7yX%E1%8A%95%20%20%20%E2%97%9F%20%20QyQ%2F%3EL%3C%23F%2FD%3E%E2%81%B5%20%E2%81%B7%20%E2%81%B5%20%E2%81%B7QXyQyXQyXQyX%3C42TZ*69XyX%2F%20Qy%20sus9ZT58%3CZLGZLbEZL-E44TLZx%3E%E2%99%AA%20%20%E2%99%A9%20%E2%99%A9%20%E2%99%A9%2047*A-7%20DL%3E%E2%97%9E%20%E2%82%83%2C7-As%3C*72%20%2FC%7CQyX%23F%2FD%7CQyX%3EG)olos%2F.rtsni(%20EXyQ%7CA*%5BY%5Dtuo%204%239%2FD%23%5DQyXsus9D%7CQyX7A-%7CQyXF%7CQyX-El%7C%2CY%7B%3C*77B%2CDp%3E%2F%20%2F%20ZD%2FF%2347*%3CZL%3EQyX%CD%9C%20%20QXyQyXQyX27*%3C-EZL%E2%99%A9.%20%E2%99%AA%20LG%3EorD9susLZGLZD%2FF%23LZ%3C*74XyQ%20%20vamp%20out%3EC%2FELZD%20%7D%20%3DPop-Slow%20Rock%3D76%3D1
897e8169-e36f-4cc2-bd38-f5e6cfafede8,irealb://I%20Wished%20On%20The%20Moon%3DDorothy%20Parker%20Ralph%20Ranger%3D%3DMedium%20Swing%3DD%3D%3D1r34LbKcu7%5ED%7CQy4Eh7XyX7hEZL7B%207-%23FQ%7CyX7%5ED%7CQyX7A%7CQyQ%7CA7X4TA*%5BQyX7-C%23h7%207C%7CQyX7%5EGZL7D%20A7ZL7E%207BB*ZL7%23FXyQ%7CE%7CQyX7F%7CQyXQ%7CD%5E7yX7A%7CQyX7hE44T*A%5BZL7B%207-%23F%7CQyXQ%7CD%5E7yX7A%7C%207AZL7LZEhC*ZL7%23F%207h%23C%7CQXy7%5ED%7CQyX7A%7CQyX7B7%20E7B%207-%23D7LZG%5E7XyQ%7CC7XyQ%7CEh7XyQ%7CA7XyQ%7CD%5E7XyQ%7CF%23-7%20B7%20%5D%20%3DJazz-Medium%20Swing%3D100%3D3
895d5cbb-26b7-475f-93b4-7214e74665e7,irealb://I%27ve%20Got%20A%20Crush%20On%20You%20w%2DVerse=George%20%20Gershwin%2DIra%20Gershwin==Medium%20Swing=Bb==1r34LbKcu7C%7CQyX4BbXyF%20%2CbBl%7C%2C7F%2C7%2DC%20s7%5EbBZL7F%207%2DC%7CQ7LZBb4Tv%2A%5BL%2C6bBLZD%20A7%2DC%7C%2CobD%2CD%2FbB%2C13F%2C7%2DCs%7CQyXDZL7%2CF7%2Cl7F%207%2DX7CZL%2CF13%2CC%7CQyXbBZL%2C7Fl%2C13C%2C7%2DG%7C%2CA%2FbB%2CbB%2D7%20F77%2DCsZL7obD7%2CCh%2CZL7F%207%2DCZL7obD7%20%5EbBA%2A%5BYY%5D%20%2C7FlBb%5E7%20Fs%7CQyL7obDF7LZDB%2A%5B%5D%207F%207%2DCZL%20clKQyX7CZL7%2DG%207%2DBb%5E7%20%207%2DCZQyX7CF7LZB%207%2DDl%7C%2C7bA%2C7%2DbsE%207%2DCZL7obD%207%5EbG%2D7LZ%207%2DCZ%7CBb%2FF%20G%2D7LZC7%20F7LZBb6XyQ%7CC%2D7%20F7%20Z%20==0=0
89091a56-0a4a-4205-a606-ccd4fdf24232,irealb://I'm%20Confessin'%20(That%20I%20Love%20You)%3DDaugherty-Neiberg-Reynolds%3D%3DMedium%20Swing%3DG%3D7%3D1r34LbKcu7AZL7A4G%5E7%20L7E%207-B%7CQyX7%5EGLZ5%237D%207%5EGZL5%237DZE-7%204TA*%7B*%5B%5DQyLZN1G6-C%206G2NZL%20QyXyQX%7D%207D%207-A%7CQyX6LZG6X7D%207-7D%207-yQ%7CG77A%7CQyX7-EZL7B%20C6ZL5%237G%207%5EC%7CQyXXyQ%7CAX7-DB-EZL7%20D7%20%5D%7CQyX7%5EGZL5%237D%20%5E7GZL5%237D%207%5EGA*%5BB-7%20E7-AZL7%20A7LZA-7%20D7LZG6XyQ%7CA-7%20D7%20Z%20%3DJazz-Medium%20Swing%3D120%3D0
89d08899-ef1c-49ed-b9a5-802fe02c78ce,irealb://I'm%20a%20Woman%3DLeiber%20and%20Stoller%3D%3DJazz%20-%20Swing%20Two-Four%3DE%3D4%3D1r34LbKcu7%7C%2C7A%204sE7%2Cn%2C7E%7C%7C%2C7A%20%20nZLn%20%2C7E%7C%2C7A%20%20nZL%20n%20LZn%204TA*%5BZL%20n%2CLZlE7%5B%5D%20%20lcKQyX7EZLl%20cKQyX7AB*%5B%5DQyX*AsE7%20n%2C7E%5DQyX7%2C%7CE7%2Cn%2C7E%7C%2C7A%20%20nZL%20%2Cn7E%7C%7C%2C7A%20%20nZL%20n%20LZlE7A%20%20nZL%20n%2CXyQKcA%20%20nZL%20n%2C7EsA*%5D%5B%20%20lcKQyX7EZL%20l7%2C%7CE77AB*%5BZL%20lc%2C%7C%7CE7AB*%5B%5DQyX7ElZL%20%2Cn7E%7C%2C7A%20%20nZL%20n%2C7XyQK7A%20%20nX7AlBKcl%20%20X7ElZL%20n%2C7E%7C%2C7%20A%20nZL%20n%2C7EsA*%5B%5DyQ%5D%5B*QyX7EEl%3EEN%20LZE7%2C7As%20%207E%7CQyX7AQ%7CyX7BlZL%20lcKQyX%7CU%3CFIlcKQy7XyQZ%20%3DJazz-Swing%20Two/Four%3D120%3D1
8920960a-194d-445d-9a04-4e17603c0643,irealb://Idilio%3DTiti%20Amadeo%20(Willie%20Colon)%3D%3DSalsa%3DF-%3D8%3D1r34LbKcu7ZL9bE22%3C*7%2CF%2F-bB%2C6-bBsZLZxL7F%3E881%20mpb%20%204%7CxLZlTi*%5BYZLxZLb%2CAb%5EbDl%7C%2CbA%2Fsus7bD7%2CbDsZL6bAl%7C%2CbE%2F7LZC7AsZLx7%5E-F%2C%7BsF-%2C7CZL-FlA*%5BY%7D%2CC6%2F-F%2C7-F%7C%2CC%2F7%5E-FLZsF-%20xZLxZLxZL-7%2CF-%2CF%2F-bB%2C6-bBsZLb-BZLxZL7Fl%7C%2CC%2F6%5D%7BlC7F%7C%2CC%2FL7Fl2-%5E7%2FC%7D%20xZL7CZLxZL7G1lN%7C%2CC%2F6-F%2C7-F%7C%2CY%7B*BNF%2C-FsbDsZLBb-6%2C%2CbE%2F%5EbA%2CbAsZLxLZ9bElZLx%7C%2CF%2F-bB%7ClAb6sZLxZ*%3C%2C7-sus%2FA7%5E-F%2C-FsZLxZLxLZxZL7CZL7bDl%7C%2Cb%2FC%2C%7CF7bD%2C7%2047*%3CF-6%2FC%3E%E2%94%81%20%20%E2%99%AA%20.%E2%99%A9%2080*%3C%7C7%2CC%2C7GsZL7Cl%5BY%7D%2CF-%2Cn%7B%3Ex436%20QyXQs)%3ElF60*%3C%2C-Fs1NZL7C%7Cl%2CbD%2FW%2C6-bBsZL-XyQXynroh(-bBZL%3EF-6%2FC*%7BY%5D%2C7C%2C-Fs%3E%E2%99%A9%E2%99%A9%20%20%E2%99%AA%E0%B8%AF%20%E2%99%A960*%3C2N%7D%2CCSlF-6%E2%80%BFQyX%E2%80%BFC%2F7-F9LZsA*%3C%2C-FsZL7CZLhGLZ7bDl%7C%2CbE%2F%5EbA%2Cb633x%3EbEZL6yX30*-6LZBhGZL7bDl%7C%2CbE%2F%5EAb%2CbAsZL9bEZL6-bLZC7%3CFl%7C%7D%2CsnrohyQ%20%E2%80%BFX%3C%7BY%5D%2C7C%2C-Fs%3E%E2%99%A9%20%20%E2%99%A9%E2%99%AA%E0%B8%AF%20%E2%99%A930*%3CZL%3E%E2%80%BFQy*74%20(XQyXQ-Fs%7D%20F7%2FA%2C*%3C-F%3E%E1%8A%95%20%E2%99%A9%20%E2%99%AA%E0%B8%AF%20%E2%99%A9%3CLZ7Cl%7C%2C6-bB%2C-bB%7C633x%3E%2C-F%3E)%E2%99%AA%E0%B8%AF%20%E2%99%A93%2C%7CBb-%3E%E2%80%BFQyX%E2%80%BF%20QyXQyXQXy30*%3C7Cl%7C%2C6-bB%2CLZ%3C*0A%2F7F%2CoC%20lasF-%2CQ%20%3CZL-bBZL-Fl%3E)loos(%2047*%3C%7BY%5D%2C7CD.S.%20%3E%E2%99%A9%20%E2%99%A9%20da%3EC7LZF-%3C*634x%3E%20%7DQUsF-%2CnZ%20%3DLatin-Cuba%3A%20Son%20Montuno%202%E2%80%933%3D188%3D1
8953e8f9-031b-4c02-9eb7-e979c09d4faf,"irealb://If%20You%20Leave%20Me%20Now=%28Chicago%29%20Peter%20Cetera==Pop=B==1r34LbKcu7F,B%7Cp44%3C%2A7%23F,B%7C,B%2F%23F,B,B%23%2FF,Bs%3E%29001%28QyX4%2FB,B,Ti%2A[YL%7C,%23C,F%23%2FBxZL7%2D%23DZL,7%2D%23GLZ,%5EBA%2A{%20%20[]%20B%7C,%7CG%23%2D,B,B%2F%23%23F42T%23,%7CLZC,%2D%23GZL,B2N44T}%7C%20,B%7C,%23F,B1N44T%23,%7CLZF42TZN%7C,%23F4B,F%23%2D%23GZL,EYZL,E%2F%2D%7CAxZLE%2FDSB%2A{%20B%7C,7LZE,4TZL%7CsnI%28%3C%23%2D7,D%5E%2DEZL,%2D%23CZLQ,%2DG%23ZL,%2D%23DZLB2N},%23,LZx[AZLB1%2D%23GZL%5E7LZG%7C,%23F42TZL%7C%23C,7%23%2DG%7CxZL7%2D%23DZL7%2D%23%7CT44BB%3E%29rtL%20QyX,%7CLZToC%20la%20%2ES%2ED%3C,B%7C%23,F,B44TZL%7C,%23F42da%3E%20]7%23C,7%7C,%23F4%2DLZE%2D,%23C,%2D%23G%7CxZL7%2D%23ZDL7%2D%23GZL%5EB%7CxZL%5E%7CLZT2%23CQYZG%7C,B,LZG%23%2Dp,B,B%2F%23F,B44TZ%7CL,%23F42TZL%7C,%23C,7%7CF%23%2FBB44T%7C%2F%23F,B,%7CLZT,%23F42TZL%7C,%23C,7%23%2DGZLB44TZL%7C%23F42LZT44%23C,%2D%23%7C,%23C,%7CF%23%2FBLB44TZL%7C%23F42TZ%7CL,%23C,7%2D%23G{%20%7C,B,ZG%23%2D7p,B,BF42TZF%23,%7CL,7%2D%23G{},B,B%2F%23F%7CYp,B,B%2F%23F,B44TZC%23,%7CL42TZL%23,%7CLZT44B,F%23%2FB,B,p%7CF%23%2FB,%3C%2A74Repeat%20and%20fade%3EB,}%20=Pop%2DRock=100=1"
89f2e98a-e7c3-4b21-8088-52a1edf7fda2,irealb://Jean%20De%20Fleur%20%28solos%29=Green%20Grant==Medium%20Swing=C==1r34LbKcu7KQyX313XyQ%20lcKQyX31bBZL%20clKQyX31bAZL%20lcKLZAb1bBA%2A%5B%20%20QyXDb13X%20lcKQyX31AZL%20lKcQyX31BZL%20lcKQy%20%5BXyQZL%20lc%7CQyX9%2D7XyQyX7%2DbA%7CQyX7%5EA%7CyQX7%2DbA%7CQyX9%2DbG%7CQ%7CGb%2DbAB%2A%5BX9%2DbAyQ%7CA%5EKQyX7%5EbA%7CQyX9b%7CEQyX9%2DbBC%2A%5BQyX7cl%20LZX7%2DbAyX7%2Db9XyQ%7C7%5EE%7CQyX7B%7CQyX7b%2DGZL%20lcKQyX7%5EbGXyQ%7CDbD%7CQyQ%7CBb%2D7b5XyQ%7CEb9XyQ%7CAb%5E7XyQ%7CG%2D7%20C7%20%5D%20==160=0
899efdbe-3667-4de1-acab-ad81ac58538d,irealb://Jim%3DPetrillo%2C%20Samuels%2C%20%26%20Shawn%3D%3DBallad%3DC%3D0%3D1r34LbKcu77-D1N%5E7XyQ7-DZL7obE%207%5EC%7CyQX7%5ECZL%2C-F%207%5EF%7C%2CXyQ%7CF44T%7B%207E%205C%5E7%20CL7C%207-GZL7G%207-2DN%7D%207G%207-DZL7o%23ZB-7bZL7G%207-D%7CQ7LZA-L6G%207%5EG%7CQyX7D%7CyQX-A%7CQyX7E%7CQyX%2CZD7XyE%20-A%5D%207-D%7CF%5E7Xy-DZL7obE%207%5EC%7CQXy7%5ECZL%2C-F%207%5EF%7CQ7%2CXyQ%5D%207G%20G7b9LZC6%20A-7LZD-7%20G7%20Z%20%3DJazz-Ballad%20Swing%3D60%3D3
894928b7-ca10-43fc-92fa-5cd9ddfaafc1,irealb://La%20Voglia%2C%20La%20Pazzia%3DToquinho%20-%20Moraes%3D%3DSamba%3DC%3D0%3D1r34LbKcu7%2C7-DZ4D-7%2C%2C96CZL%2C6G%20%2C7-DLZo%23C%20%2C96CZL%2C6G%20%20C%23oL4Ti*%7B%2F%2BCZLZEh%2C%20o%23FZLFl%7C%7DQyX96ZCL%2C6G%20%2C7-DZL%2C%2BALZC%2FGL%2C6G%20L%20lcK-7LZGZL%20lcKQyX96CSA%7C*%2C5%237G%20ZL96CZL6D9XyQDZL%23G7E%7CQyyQ%7CG1B%7CQyX%23F%2Fsus7BZ%20LlcKQyX96C%7CQyX37%2FEbXX9-DZDZL%20ll%20LZA96Cl%7C%2C5%237GsQyXQ%7CyX7DZL%20lcKQyX7XyQKccKQyXZLG%2FCcl%20LZZLF%7BQyX7C%7CQyX7G-%7CQyX31G%7CQyX9-DF%23oLZKQyX9a%20.S.LZD-7QyXQyXQyXQyX%7D%20C7ZL7-G1NZL31GZL%7CN2%3CD%23G%2F%2BCl%20Fine%3EC69XyQ%5D%20%3DLatin-Brazil%3A%20Samba%3D140%3D3
898939ee-79c7-4786-bcd2-36cff73865f5,irealb://Last%20Christmas%202%3DComposer%20Unknown%3D%3DPop%3DC%3D2%3D1r34LbKcu7Xsus9%5E7XyQx%7CQyXbA/7oF%7C%7D%20yQX%7CQyX7%5ECZLQyX%7C%20xLZGG44T%7BGZL%20lb9XyQ7-DZL%20lcKQyX7-ZAL%20lcKQyX9%5ECA*%7BXyQKc7G%7CQycKQyXyQ%7CG9%20lcKQyX7-AZL%20lKcQyX9%5ECSB*%7C%7DQyXLZD-7Xsus9%20lcKQ9susXZL%20lcKQyX9%5ECA*%20%7B%3EeniF%3CU%20%209G%7CQyA-7XyGZL%20lLZD-7XyQKcl%20LZG9susXyQ%7CG9XyQ%7D%20%3D%3D0%3D0
895d6436-d1b4-457d-9f64-031ce54feee5,irealb://MIRE%20PRAL%3DSCHIMT%20REINHARTD%3D%3DGypsy%20Swing%3DG-%3D%3D1r34LbKcu77D%7CQy4G-Xy%20lcKQyX%2C7F1NZLx%20%20ZL%20-C%20ZL%20lcKQLZBbX4TA*%7BQyXbBN2D%23%2CKQyX7FB*%5B%5D%20%20lcQKyX-G%7CQyX7D%7CQyXcl%20LZ%7C%7DQyXlcKQyZ%7CF7X%20lcKQyX7bE%5B%5D%20%20clKQyXbBZL%20lcKQyLZG%23XL%20lcKL%20lcK7XyQKZL%20lcKQyX-GA*%5B%20%5D%20lcKQyX7DZL%20lcC-XyQbEZL%20ZEb7XyQ%7CD7XyQ%7CG-XyQKcl%20%20Z%20%3DJazz-Ballad%20Swing%3D60%3D3
89cac263-67c9-4ecb-b583-828b1610dcf6,irealb://Maria%20Maria%3DNascimento%20Milton%3D%3DPop%20Rock%3DF%3D%3D1r34LbKcu7XC/bE4F9Xy%7CQyX%2CF/6-bB%7CQyFX/bB%7CQyXF/6bE%7CQF9XyQ4Ti*%7CLF/9bDXyQ%7CBZLF/bA%20F/C%7CQy9XFA*%5B%5D%20D/bB%209bEb/F%20G/bBQybAv*%7CELZD-7%5EbDZLD/bB%206bEQ%7CyX9bBZLC/7-D%207%20F9%20%5D/C%20FZyXx%7CQXyQ%7CEQyXx%7CQyXF%7CQyXxQ%7CyXbB%7CQyXx%7CQyXb%7CAbXyx%7CQyX-%20A%20-yQ%7CxXI%3C%5DQyXx%7CQyX7C%7CyQXx%7CQyXsusC%7C%7CQyNTRO%20XbE%7CQ%20B%20-%20PONTE.%20-%20A%20-%20B%20-%20LIG.%20-%20SOLO%20-%20B%20-%20CODA%3E%20%3DPop-Rock%2012/8%3D130%3D3
89ca440c-100b-46ec-973a-65b7125be00c,irealb://Cuando%20Vuelva%20A%20Tu%20Lado%3DGrever%20Maria%3D%3DBallad%3DC%3D%3D1r34LbKcu76C%7CQy4D-7XyX7-DZL7A%207-EZ7L%5EF%206C%7CQyX7G%7CQyQ%7CG7X4TA*%5BX7-DZl%20LZBQyX7DZL%20lcKQyXA-%7CQyX9b7E%7CQyX7hKcl%20LcKQyX7G%7CQyXyQ%5D%5BL7A%207-EZL7%5EF%206%7CCQyX7G%7CQyX7-DB*ZD-7X7G%7CQyQyX7--7XyQ7o%23C%7CQyX6C%7CQyX-6F%7CQyX6F%7CQyX7C%7CXyQ%7CDG%7CQyX%7CG7XyQ%7CUC6XyQ%7CE-7%20A7%20Z%20%3D%3D0%3D0
89c308b2-2fb7-411c-a1bc-baadefadbe2d,irealb://Memories%20Of%20Tomorrow=Jarrett%20Keith==Bossa=A%2D==1r34LbKcu7G%7CQyX4A%2DXyo%23F%20%5EF%7CQyX7%2DE%7CyQX7%2DA%7CQyX7%5E%2DA%7CQLZC%2FG4TA%2A%5ByX7%5EbyQ%7CC%5E%207%5EbE%7CQyXE%2FC%7CQXy%5EF%7CQyX%23F%2FD%7CQyXA7LZAXsus7%20G%2F7%5E7XyQ%7C%2F%2DF%20%2DAZL7bB%207%2D%7CBQyXC%7CQyXsus7bBAbLZC%2DFl%7CQ%207E%20sZF%5E7%20QyXC%7CQyXsus7G%7CyQXG%2FCZL%29susF%28%2DF%7CE7suL%23F%2FDZ%20==110=8
891cc148-c36e-4a4e-a2f3-13fc86c51766,irealb://Te%20Seguire%20%2D%202=Guidini%20Yashira==Balada=G=5=1r34LbKcu7sGZLC69%20%28bLB%2FG%207%2DAZLG%20suGsZLC%2FD%20D%3E%29egdirZD%20D%2F%2A%3CD%2A%5BX66%2A%3CZA%2D7X%20susE%3EguA%20QyX7%2A5%3C%20susD%7CQyXF%7CQy%5D%5B%2ACfLG%20sutatatSi%20tu%7CQyXn%7CQyXn%7CQyX5%2CAl%3E%2E%2E%2Eartseid%20%3C%2A66%20QyXQy%7B%5D%20Df%2FD%2CXyf%7C%2C%23C%2FAs%20%207%2DB%7CyQX%23G%2FE%7CQyXE%2FA%7CQlD%2CLZE%3EataAsZL56%20He%20ZL5AZL%2CA%2FDZL5ALZ5A%3E%2E%2E%2EodidicedA5LZA6%2A%3Cv%2A%2C5AZL%2C%7ClA5%2FDZLA%2FBZL5AZL5ZALA%2FDZL5AZL5AZLA%20E%2FAA%2FE%2C5%2E%2E%2Ear%2FA%2Cpp%20ut%20iS%2066%2A%3CC%2A%5Bp%5Dpp%2CA%7Cppp%2CA%2FD%7CpdiestE%7Cppp%20%207%2DBQ%7CE%2FGEZLE%2FA%7CQyX%2CDl%7C%23%2CC%2FAs%20%207%2DB%7CQyX%23%2FG%23LZyX5A%3EC%2FA%207%2C%7ClDXF%2FDZLG%2FAZL%23F%2FDLZG%2FAQ%5B%5DQyXDf%7CQy%23LZB%2D%23C%2FAs%23LZDXyQZ%20=Pop%2DSlow%20Rock=0=0
8996b35d-13b0-4052-8e36-779ae2f57b1c,irealb://Miss%20Brown%20To%20You%3DRobin%2C%20Rainger%2C%20Whiting%3D%3DMedium%20Swing%3DBb%3D%3D1r34LbKcu7%7CQyX74G7Xy7-G%207D%7CQyX7FZLl%20cKQyX7CZL%20lcKQLZN1C4TA*%7B%7CQyX77%20%7DXyX7-FB*%5B%5DQyX6bBLZ7F%207C2NZL%20QyXQyQ%7CBbD%207-A7CZL%20Q%7CxXyX7GA*%5B%5D%20%20lcKQy7XGZL%20lcKQyX7D%7CQyQKclyX6bEXyQKcl%20LZF7XyQ%7CD7%20G7LZC7%20F7LZBb6XyQZ%20%3DJazz-Medium%20Swing%3D100%3D3
89e7214c-d238-42c2-aa7b-97c820c78b07,irealb://Mistletoe%20%28Justin%20Bieber%29%3DNasri-Messinger%3D%3DRock%20Pop%3DA%3D%3D1r34LbKcu7%7CQyXD4AXyQ%23F%7CQyXE%7CQyXA%7CQXyD%7CQyX-%23F%7CQyXE%7C-XyQ%7C4TA*%7BC*%2C%5B%7DQ%7CEXyQyX-%23F%7CQyXE%7CQyAX%7CQyXD%7CQyX-%23F%7CQ%7CDXyQyXAB*yXA%5B%7CThirdQyX-%23F%7CQyX-%23C%7CyQXA%3Eylno%20esrev%20%7CDXyQ30*%3C%2CQ%7CC%23-XyQ%7CF%23-XyQ%7CD%2Cn%20%3CD.C.%3E%20%7D%20%3DPop-Reggae%3D84%3D1
896b7dcc-f5ff-427a-8686-258276f5710f,irealb://More%20(Andy%20Williams)%3DOrtolani-Oliviero%20(Andy%20Williams)%3D%3DPop%3DBb%3D10%3D1r34LbKcu7%5D%20%20lc44%3C*7Bl%7D%2CbE%2CbDsppZLAb%20bB%3E801%20mpb%20%204bXyQKTi*%7BY7F%7CQybXyQ%7CQyX-G%7CQyXbB%7CQy7XF%7CQyX7-C%7CQyX-G%7CC-7XBA*%5BYyX7-C%5B*ASBG%7CQyX%3E).rtsni%20%5D%3AA%5B%20tsal(%2047*%3Cb-XyQ%7CY%5DQyXB%7CQyXyQ%7CBbyX-GB*%5BY%5DQyX7DQ%7CyXhA%7CQyX-G%7CQyXQ%7CGb%2BX7F%7CQn2%20laQ%7CEh%20%20%3C%7CQyXsus9F%7CQy9XC%7CQyX%5EbE1NZLQ%20D.S.%20yXF%2Fb%3EadoC.%3EF7%20S.D%2096*%3CZL7-C%20b%5EEl2N%7CY%5D%2C9b7Fs%20.%20al%20dnE%20d%3C%20%20%3E%E1%8A%95%20sF7byX%E2%99%ABQyX%E2%99%A947*%3C7-CQl%5BYY%20%20QyXQyX%5D%2C9Q%E2%99%A9XyQ%20F%2FhC%20%3E%EF%B8%B6%20%20it.%3Esus9Fl%3E%E2%99%A9%20QyX%E2%99%A9%20QXy%E2%99%A9%20QyX%E2%99%A9%20%2047*%3C%7Cns%3C*54r%2030*f%2CF%2F74%20%20%EF%B8%B6%3E45*%3C%20F%2FhC%3E%20%E2%99%A9%20QXy%E2%99%A9%20QyX%E2%99%A9%20%2047*%3CZL%20%20%EF%B8%B6%3EB5*%3C6FQyX%3E.%20%5B%3C%20(*%3CbBl%7C%2CbCs%20%20bDQ%7CyXbBl%3E)opmet%20a03ritQyX%5D%20%7C%20fUx%20%20Z%20%3DPop-Rock%3D108%3D1
8903ba28-1cc2-4238-afdf-0af672d21b91,irealb://My%20Little%20Suede%20Shoes%3DParker%20Charlie%3D%3D-%3DC%3D%3D1r34LbKcu7L7C%20-4F-%20BB%20-F%7CQyX%5EbEZL7Bb%20-F%7CQyX%5EbEZL7bb7LZG4TA*%7B%5EbAZLb7LZEbE%7CQyX-F%7CQyX-GQ%7CyX%5EbAB*%7C%7DQyX%5Eb%5E%20Eb7B%20-FZEZL7b-%20C7LQyX%5EbEZL7bB%20-FQ%7CyX%5EbEZL7bB%20-FZ%7CF-%20BG%7CQyX-FZL9%7CF-%20BbEQ%7CQyX%5EbEQZL7Bb%20-FZL7C%20-GZL7b%5E%20C7%23QyX%5EbX%7CQyXZEb%5E%207bB%20-FZL9%237C%20%5EEbZL7bB%20-FZL9%237CLZEb%5EL7bB%20yQLZ%3C*36Solos%20sur%20le%20A%2C%20abrupt%20ending%3E%20%3DJazz-Medium%20Swing%3D100%3D3
89e2a7b0-af1b-420d-be1e-4d7c4adfbb5e,irealb://Wonderful%20Tonight%3DClapton%20Eric%3D%3DMedium%20Rock%20Ballad%3DG%3D%3D1r34LbKcu7QyXC%7C4GXyQ%2FD%7CQyXGSA*%7B%7DQyDX%7CQyXC%7CQyX%23F%2FD%7CF%23XyQ4Ti*%7B%2FDZLQ%7D%5BCXyyXD%7CQyXC%7CQyX-ELZ%23F%2F-B%20G%7CQyXD%7CQQ%5DG%20%20QyXD%7C%7CQyXC%7C%7CCXyyXGQ%5B%20QyX%5DQyXDa%3EdoC%20la%20.S.D%3C%7CQQ%7C%5B*CQyX%23F%2FD%7CQyG%20B-%2FyXD%7CQyXCA*%5BQyX%7CDQyXC%7CQyX-EZL%23FQ%7C%7BGX%7CQyXDyXC%7C%7C%7CCXyQZL%23F%2F-B%20G%7CQyXDQ%7CyXC%7C%7D%20%3Ex4%3C%20%20D%7CE-XyQQyX%23FyX%23F%2FQ%7CG%20BG44Ti*%7BQyXD%7CQyCXZL7-E%20-EZL%23F%2F-XyQ%7CDyXD%7CQQ%7C%7CCXyQ%7CDXyQ%7DUGXyQZ%20%3D%3D0%3D0
89904f94-3db9-4d55-853d-e74ea3791e8e,irealb://No%20Rhyme%20Or%20Reason%3DDuke%20George%3D%3DPop%20Soul%3DD-%3D%3D1r34LbKcu77-DZLD-7%2C%20%20%20%2C7%5EbEsQyX%2C11G-ZL%20%2C7%5EbBl%20%2C7-AE7%239%2Cs44T%7B5*%3C%20%20%2C%20lG-X%7D%20%2C7h%23C%20%20%2CC/bsBQyX%2C11-EZL%20%2C11yQXyQ7-A%20%2C4Keep%20%20repeating%204%20bars%3E%20%3DPop-Soul%3D60%3D36
89261dc8-ff56-4146-ad2d-22dfc10c5e08,irealb://Potato%20Head%20Blues%3DLouis%20Armstrong%20%281927%29%3D%3DMedium%20Swing%3DEb%3D%3D1r34LbKcu7%7C%2C7C%2C*74ChZL7bEZL7bBZL7-ZFLobGZLbEs%3EsuroxLZAb%3C44T%5BL7bB%3E-LZC7BQyXQyX33*%3CZLxLZ7FZLxZL7C%7C%2C-F%2Creak%20FZL-FLoAZLEbLZGF%7C%2C7C%2CbAZLxZL7EbZL7bBZL7-FZLob-LZAb%7CZL%20ZeV47*C7LZF%20ZLbE%3E%20kaerBQyQXyX33*%3CZL7bBZL7%20%5DY%5B%3CZLbEZ%7C%2CoE%2Cb%2CEo%2C7bBZL7FZL-F%7C%2C7%2CC-FZL-FZLxZLbE%7CLZ%7CEbE%3Eesr-bA%2Cbb7LZAirB47*%3C%5BY%5D%207bBLZ7FZL7bBZL7FZLbdge%3EAEZLbE%2C%7CEb%2CEbo%2C%7CBb7%2CEb7%2CAbo%2CBbo%2C%7CBb7%20%5D%7C%20%3D%3D0%3D0
89b15c22-c818-4139-bc91-1a39d30c41a9,irealb://Thriller%20Rag%3DMay%20Aufderheide%20%281909%29%3D%3DMedium%20Swing%3DAb%3D%3D1r34LbKcu7adoC%204AbXy%20%2CB%20no%20soloS%20%2C%20A%2CB%20%2CA%20%2CA47*%3C%7CQA%2C%20B%2C4TA*%5BcKQyXZEb7XX7bE%7CQyX7GZL%20lKcQyXbA%7CQyXbA%7CQyyQ%7CAbL%20x%20%3E47*%3CBb7XyQyXbAZL7bE%20bAZLl%20cKQyXoB%7CQyXbA%7CQ%7DY%7B*EZL%20lQyX7blos%3EA%20bA%7CQyX7bEZL%20xZ%20L%20x%20ZL%20lcKQyXbF7LZBoSQyXXoB%3EkyQ%7CAb%20QyXQyX24*%3CZL%20%20xZL%20x%20ZL%20lcKQyX%20BreaX7bE%7CQyX33%20LZAb%3EadoCQyXQyX96*Q%3C%5BY%7DQyXbAZL7bE%20Abo%3C*lcKQyBreak%3EXyQKcl%20LZAb%20Eb7LZEbXyQZ%20%3D%3D0%3D0
89d69cb1-59fa-419e-8d01-7d077d1c31db,irealb://On%20The%20Sunny%20Side%20Of%20The%20Street%3DMcHugh%20Jimmy%3D%3DMedium%20Swing%3DC%3D5%3D1r34LbKcu7yX7D%7C4C6XyAZL%23G%2F9b7E%20G%2F6%7CCQyX7%5EF%7CQyX7E%7CQ-7XyQ4T%7BA*6CZL7-7%20G72NZL%20QyXQyX%7Dl%2CG7%2C7-D%2C7A%2C7-EsZLD-7%20GD1N%7CQyX7-DB%5BG-7D%7CQyX7-AZL%20lcKyQX7%5EF%7CQyX7C%7CQyX7XyQ%7C*%5DQyXQyX7-yQ%5D*A%2F9b7E%20G%2F6C%7CQyX%5E7F%7CQyX7E%7CQyX6C%5BG%23LZAX7G%7CQ%7CD7XyQ%7CD-7%20G7LZC6%20G7%20Z%3DJazz-Medium%20Swing%3D135%3D3
893ea4cd-bd9e-4bb0-8559-b05c8f726492,irealb://Opportunity%3DMurray%20Pete%3D%3DMedium%20Rock%20Ballad%3DC%3D%3D1r34LbKcu7%23F/D%20QXyQXF/D%20%20%2C-E44Tv*%7B%2C%7C%23F/D%2CG42T%5B%20%20Qy%23%2C%7CG%20yXQyX%23F/D%20yQ%7CC%20F/D%20%20-A%7C%2CB/C%20%20%7CC%2CB/C%20%20-A%7C%2CB/C%20%23%2C%7CG%20X-E%7C%2CQyX%7DQGXyQ%7CyX-A%7CQyXD%7CQyXGQ%7CyXC%7CQyX-A%7CQyXDQ%7CCXyC*%7B%7D%2CXyQXyQXyQXyQXyQ%20*v%20*v%20*C%20*v%20*v%20*C%20*i%20*C%20%2C*C%2C%20%3D%3D0%3D0
89f57b75-04a8-4b7a-8e1a-44c84f6bb6f1,irealb://Please%2C%20Send%20Me%20Someone%20To%20Love%3DMayfield%20Percy%3D%3DMedium%20Swing%3DBb%3D%3D1r34LbKcu79F%7CQy4BbXyLoG%209bB%7CQyX7oEQ%7CyX9bE%7CQyX7bB%7CQZEb9X4TA*%7BbEZL*9XyQ%5DbB%7CQyX7oE%7CQyX9Eb%7CQyX7bB%7CQyXbB%7C9%20G*0F%7CQyXBZL7FZBb9%20QyXbBZL7-bE%207bBE*%7C%7CQyX9bBZL7bE%7CC-7%20L9F%207B%7CQyX%7CEb7%20%7CZQyX7F%7CQyX7-CLZ9%237G%207bBZL7-bE*CBb9QyX9bF%209bB%7CEb9X%209bBZL7F%209bEZLGo%207bB%7CQyX7oE%7CQyEb7LZQyX7b7%20%5D%20%3DJazz-Medium%20Swing%3D100%3D3
89f7dc7b-0ba2-4f1a-ae7d-02e6d3515b0e,irealb://Poderoso%20Dios%3DWitt%20Marcos%3D%3DMedium%20Swing%3DC%3D%3D1r34LbKcu7GZL%2C74nLZC7%5EF%7Cp%2CG%2FCppZL%2C-9A%7Cp%2CbB%2FWppZL%2C2%2CLZD-4Ti*%5B7-DZLLZG%2C%20p%2CG%2FCppZL%2C9-A%7C%2CpbB%2FWppZL%2C2CA*%7B%7CF%5E7%2C%2Csus9p%2CG%2FCsus%2CL9-A%7Cp%2CbB%2FWppZL2%2CC%7C%2CB%2FG%2CA%2FFp%2CGZ%2CLZpp9GZL%2C-A%7C%2CBLZD-7ZL%2C2CB*%7C%2CB%2FG%2CAF%2Fp%2CGZL%2Csus9GZL%2CpppW%2F%2C7%5EF%7CG%2CA%2FFpW%2FG%2C%7DQyX%2CG1NZL%2CsusG9ZL%2C7-DZL%2C7%5EF%7CpN2G%2CppZL%2C9%20sus9C2%2CLZ-DZL%2C7%5EF%7Cp%2CG%2FWppZL%2C9-A%7C%2CB%2FWppp7%2CLZG%7C%5D%2CB%2FGZL%2C7%2C%7CG%2C%20%2CE%2FC%20-D%7C%2CC%2CB%2FG%2C%207-AZL%2CE%2FC%20%2C-D%5BLZEb%5EG%2FCppC%20-DZLZG%2CpZL%2CA%2FF%20GZL%2CFZLE%2C%2FC%20-DC*%5B%20%2Cn%2Cp%2CG%2FB%2CL%2Csus77-B%7C%2CF%2CLZGp%2CDZL%2CD%2FA%20DB*%7B%2C%5DApp%2CB%2FGZL%2CA%2FF%20pW%2FC%23ZL%2CE%2F%2C%23C%2FALZB-7A1NZL%2Csus9AZL%2C-7EZL%2C7%5EGZL%2CA%2FD%20%20G%2FB%2C%2CB%2FA%20%7DN2A%2CLZG%2CLZxLZD%7C%20%3D%3D0%3D0
892ac2f2-ebba-4516-91f6-cbe4fe56d89a,irealb://Ragtime%20Do%20Si%20Do%20Rev%3DMier%3D%3DUp%20Tempo%20Swing%3DC%3D%3D1r34LbKcu77Gn%2C74sCo%2CW%2CbG/W%2CbE/W%2CC/%7CW%2CA/W%2CbG/W%2CbE/W/A%2C%7CG4Ti*%5Bs%7CQyX%2CnG7%2CXC%7CQyXbB%7CQyXC%7CyQXbB%7CQyXClA*%7C%5DnyQ%7CBb7G%7Cn%2Cn%2CbB%2C7%2Cn%7CGBs%7CQyXC%7CQyXbB%7CyQXClB*%5B%5Dn%2C7Gn%2C7b%2CW/FGn%2C7GL%20n%2CF7/Bb%2CC%2CG/W%2C7G%7Cn%2C7Gn7%2CG%7Cn%2C7bAn%2CA/F%7Cn%2Cn%7C*CCn%2CC%7CsZL%20nLZG7%2C%20n%2CbEZL%20n%2C-F%7C%2C/E7C%2CD/7Gn%2CCZL%20nLZD7%2C%20n%2CCZC%7Cn%2CbF%2CW/E%2CbBs%7CQyXC%7CQyXb%7CBQyXClA*%5B%5D%2CD/W%2CW/F%2CB/W%2C7G%2CnC7/Bb%2Cn%7CF/A%2CnAb7%2Cn%7CG7%2CnG7%2Cn%7CG7%2CW/G%2CUC%2CnZ%20%3DJazz-Up%20Tempo%20Swing%3D240%3D3
89352c6b-2ac1-41c9-bef9-26c10c8c0274,irealb://Remexendo%3DGnatalli%20Radam%C3%A9s%3D%3DMedium%20Swing%3DD%3D%3D1r34LbKcu7L7A%7C%2C4snA7%7C%2C7An%7C%2Co%23F%2CoF%7C%2Cn7A%7C%2Co%23D%2CA/6D%7C%2CBo%2CCo2Ti*%5BsZL7AY%7B*ASL-BZL7%23FlZL%20%7Cr%7C%20%2C7A%2C7-E%7C%2C7-B%2CDZE7LZ%5D%20%7CrZ%2CDs1N%2C%7CE-7A%3EX%20dn2%3CZLGl%7C%2CD7%2C7-AZL%20%7Cr%20%7C7A%2C7%2CQLZ7-B%2CD*%7B%7C%2C7QXyQXNZL%20%3EoT15*%3C%20%3EEINF%20%20QyX03*%3C%20%20Qy2D%2CF%23yX%7D7A%3CZL7%23ZBo7LCl%7C%2C6D%2C%5ED%7C%2C7A%2C-7EsZL-BZL9b7%23FZ%237LZFL-BlB%2C7G%2C7b9%3EsBb%20%209b%2060*%3CZL-E%7Cl%2C7F%3E5b%20%2090*%3C%2C75%3EsC%23%20%2090*ZL%20QyLZE-7yXQyX%7D7%23F%2C-B1N%2C%7C7%23F%2C7%23CsZL-BZLQXyQX-%23Fl%7CdoC15S.%20alQyXQyXQyX%5D7D%2CDQs%5B%5D%2C7A%2C-B%3EadoC%20XyQ%3C*.D%3C2Nl%7C%2C7E*C%3C%20%3E7%23F%2CA%7C%2C7E%2CGsZLZGL7DZL7Al%7C%2C7E%2CG%2C%7CB-%2C%7B%20%20%3Ea%7D7D%2CG7LZGLD%2C7A%7C%2C7E%2CG%7C%2CobpB%7C%2Co%23C%2CbBsZL7FZ7%2C%7CN1DZL7Aa%20.S.nd%20coL%20QyXQyXQyXQyXE%3ENIF%20ot%20pmuj%20adZN2%3CD203*%3C%3C%20DZLe%3EG%2CAsus7A%7CQyXhE%7CQy7XoDl%3EENIF27*%3C%7C%2C%20A7b5niF%20l*57%20Fine%3E%20%20Z%20%3DJazz-Medium%20Swing%3D100%3D3
89b7b423-7d34-491e-ac8f-4943340f6a23,irealb://Rhythm%20Changes%20AjAjBhAj%3DExercise%20Trent%20Kynaston%3D%3DMedium%20Swing%3DBb%3D10%3D1r34LbKcu77G%20%2C74F%237%20X7bBZL7F%207CZL7%20G7DZL7A%20%2C7EZL7ByQ%7CEb4TA*%7BQyX%2C71F7%239X9%237F2NZL%20QyXQXy%7D%20%20x)7bB(%20%7CQyXyQ%7CBbNZL5bL7%23F%20XyQ%7CE%7CQyXCZL7G%20%2C7-DQ%7CyXbDZL7bA%20%2C7-bC%23-7%2CDB*%5B%5D7bBZL%7CC-7%2CZL7G%207DZL7A%207ELZ7B%207%23FA*%5B%5D%207F%20C7%20F7QyXBZXyQ%7CEb7%20G7b5LZF7%239XyQ%7CBb7XyQZ%20%3DJazz-Medium%20Swing%3D100%3D12
8990040d-7df3-4c07-99af-613de40b1b4f,irealb://Saturday%20In%20The%20Park%3DRobert%20Lamm%20(Chicago)%3D%3DRock%3DC%3D0%3D1r34LbKcu7*%3Cp%3E%E2%99%AA44%3C*7yX60*%3C%2CA%2Fsus9D7%2C-As%3E511%20mpb%20%204Q%20%20%E0%B8%AF%20Ti*%7BYs9G%2Cs%E2%80%BF%3Ep%7CD%7Cp%3E%E2%80%BFQyX60*%3Cp%3E%E2%99%AA%E0%B8%AF%20%20%20QyX60*%3C%2C7D%2C9G13suQyX607-AsS06XyQ%20%3Ex336*%3C%20%20Cl%7Cp%E2%80%BF%3EQyX60*%3Cp%3E%E2%99%AA%20%E0%B8%AF%20%20%7DY%7B*A*%3C%2CsuQyX7-s%2FA%2CpXCl%7Cpp%2Csus9G%2Cssu31G%7Cpp%2C7D%2C9D%7CpyQ%7D%5BBus9D%2C%3CZL%3E%EF%B8%B6yQ%7C%3C*5*%3C%20%20%5ED%3E%E2%99%AA%20QyX.%20%E2%99%A9QyX%E2%99%AA%20QyX.%E2%99%A9%20%20961XyQ%20X7-E%7C%3E.%E2%99%A9Qy%E2%99%ABXyQ%E2%99%A9%E2%99%AAQyX%E2%99%A9QyX%E2%99%AA%2096*%3CLZ%20x%20%3E%E2%99%A9QyX%E2%99%AA%20%E0%B8%AFQyXXyQ%E2%99%AAX%20%2096*susDl51XyQ%E2%99%ABQyX%E2%99%ABQyX%E2%99%AB%20%2096*%7C%3C%2CG%2CA%2FC%2CB%2FG%3E%EF%B8%B6%20%20XyQ%E2%99%AB%3E*%3C%2CCslcKQy%5DXyQXQyXG%7CQyXG%2FC%7CQyGX%2FF%7CQyXGB*%5B%20%20Qy%7CA-7X%20%2CD%20%2CQyX86XyQKc%3E%EF%B8%B6%20QyX15*%3C%20%20%3E%E2%97%87Q%20yX86*%3CG1N%5B%5D%20%20lLZ%20%3C*7DZL%20.dnE%20LZC%3C*a%20.S.D%20%3CZL%3E%EF%B8%B6%20QXy15*%3C%20%20%3E%E2%97%87%20QyX86l%202nd%20x%3E%E2%97%87%20eef%20e8XyQ%20s(47*%3ClcKQyXsu9sC2NC*%5BY%5D%20Q%20x%3E%E2%97%87huffl6*%3C%20%3EKQyXsZ%20x%20LL%20x%20ZL%20x%20ZL%20lcQKyXsus9bEZL%20x%20ZZG9suL%20%3E)lus9D%2C%20x%20LZ).rtsni(%20edulrteni%2047*%3C%7BY%5D%20%20x%20%3EsA-7ZL%20lcXCl%3Eap%7CD9%2Ca%20.S.D%20%3C%7Cpp%2Csu9sG%2Csus31G%7Cpp%2C7Dl%20Codp%2CA%2FsyQ%7DY%5BQC%20%3C*69XyQ%20%20%E0%B8%AF%20%E2%99%AA%3E%20%3C*51XyQ%EF%B8%B6%3ELZU%20fx%20%20Z%20%3DPop-Rock%3D115%3D1
89ecd62d-014d-4940-9db9-2c6dafd24aef,irealb://Se%20Telefonando%20%20%20%28Mina%29%3DMorricone%20Ennio%3D%3DMedium%20Swing%3DA%3D%3D1r34LbKcu7FZLxZ9%2CLZx*ZLxZLxZLxZL%2Cssu7EZLxZL%2C7-%23FZLAA9%2CLAsi*%5BLxZL%2CZxLZE%2CAZL%2CEZLxZL%2C7-C%23ZLxZL%2C9AZLxZL%2CLZC%239L%2C7-%23ZLxZL79*%2CLLxZL%2C7-FZLxZL%2C%239CZLxZL%2C6bAZLxZZAb6%2C-*bBZZL%2C%23CxLZF%23%2C-BZL%2CAB*ZLxZLZxLxZL%2CEZLxZL%2C7-LZA9/ZL%2C9A%23C/9ALZA%2CLZL%2C7-%23FZL%2C%23C/9ZAL%2CsusEZL%2CD/-BZD9%2CLZ%2C7-%23F7EZLx%2CLZA%2C%23FZLxZL%2CAA*ZL%2CZEL%2C%23C/AZL%2C7-BZL-7%2CLZ6DZL%2C*97-*ZxLZAZL%2C9%23CZL%2CAZL%2CELZxZL%2C7-%23CZLxZL%2CxLZBbL%2Csus9AC*ZZAbsususbAZLxZL%2C7-FLZxZL%2C9%23CZLxZL%2Cs%2CLZxLLxZL%2CEZLxZZF%23-7AZLx%7C%2CAZLxZLxZxLZL%2Csus7EZLxZL%2C/C%23%2CLLxZL%2C%2C%7CxLZxLZxLZA%2C%20%5D%20%3DJazz-Medium%20Swing%3D100%3D3
8929982b-51a3-4fb0-b607-4fedcb137967,irealb://Second%20Thoughts%3DMiller%20Mulgrew%3D%3DUp%20Tempo%20Swing%3DC%3D0%3D1r34LbKcu7%237%5ED%7Cb-%5E7XE%7CQyX11-F%7CQyX7-%5EbG%7CQyX7%5E-bA%7CQy-9XyQB44T%5BQyXsuC%5E9XyyXbB%2F7%5E-bA%7CQyXussbE%5B%5DQyX11-B%7CQQ%7CEbs%7CQyX5D%2F7%5E-7%2FBbXXsusbD%7CQyXbD%2F7-%5E%23F%7CQyXsusbD%7CQyyQ%7CF%23%5E-bA%7C1-E%7CQ%5BE-11B%7CQyX9b7A%7CQyX*-%5E*G%7CQyX7-%23F%7CQyX-11Xy%5DQyXb1XyQ%7CB-11XyQ%7CE-11XyQ%7D%20%3DJazz-Up%20Tempo%20Swing%3D240%3D3
89f147ff-5466-4d7a-aec2-24b1219829ea,irealb://Sin%20Miedo%20A%20Nada%3DUbago%20Alex%3D%3DRock%20Pop%3DC-%3D%3D1r34LbKcu7ZL%2C-C-LZx%3C%23DZL%2CbB%20ZL%20-F%20LZ%20-CZL%20%3EotatnaC%2C%20LZ%20C%20A*%5B%20%7D%2CbB%20BbLZF%2C-FsZL%2C-F%20%23DZ%2CLbB%20%2C%23GZL%2CG%20%2C%23D-%2CG%23%2CZL-F%20DZL%2Cb%7B*BG%23%7D%20%2C7G%20%23DZL%2CbB%20G%23ZL%2C7G%20%23DZL%2CbB%20%7CG%23%20B%20%20-Cl*%7CQyXLZG%23%20XQyX%7CbB%2C%23G%2C-F%2CF-sZL%2C-F%20%23DZL%2CbByQXyQ%2C7G%20%23L%2C-C%20%2CLZ%20%3C%20ZL%20%2CbB%20ZL%2C-F%20LZ-C%20ZLx%3EotatnaCD%23%2CLZ-C%20lAB%2C%23G%2CLZ%20BbsZL%2C-F%20%23DZL%20%2Cb%20B%2C%23GZL%2CG%20%2C%23DZL%2CF-%2CF-%2C-F%20ZB%20%23G%7CC-%2C%20%7B%20%23DZL%2CbB%20%23GZL%2CG7%20%23DZL%2CbB%20%23GlB*G7%2C%20%7D%20l%7C%2Cbfs%20A%3C%23%20G7%2CbB%2C%23G%2C-F%2C-FsZL-%2CF%20%23DZL%2CbB%20%23GZL%2C%7C%20C-DZL%2Cbumare%3E%20%20%7C%20%3DPop-Rock%3D65%3D3
89678958-6522-45c5-abb6-3ba24db40393,irealb://They%20Can't%20Take%20That%20Away%20From%20Me%3DGershwin%20George%3D%3DMedium%20Swing%3DEb%3D%3D1r34LbKcu7QyX7-4Eb%5E7Xsus7bB%7CQyX7-FLZ7obG%207-GZL7-F%20yQ%7CBb4T%7BA*bA2NZyQ%7CN1QyX%7D%20sus7bB%207-%7CFl%2C7C%2C7-Gs%207%5EbAXyQ%20LX7bE%7ChE%207-7LZEb7D%207-GZL9b7D%207G-%5BB*%5Dl%2C7D%2ChAs%206b9LZGbB%207%5E%5BA*%5DQ7%20D7b7bB%7CQyX7FZL7C%20-7GZL9b7D%207-GZL9susXyhAZL7yX7bEF-7LZ-bB%7CQyXsus7bB%7CyQX7-FZL7obG%207-G7XyQ%7C%207%5EbEsus7b7%20Bb76bEZL7bB%207FZL7%20C7GZL6-bA%206bEZLXyQ%7CB%5EbA%7CQ%20%20%20Z%3D%3D0%3D0
89c694fb-c80d-49fb-8fc3-6e7c3b07b06b,irealb://Somos%20El%20Pueblo%20De%20DIOS=Composer%20Unknown==Rock=C==1r34LbKcu7D%7CQyX4%3C%2A66X%2DA%7CQyX%2DA%7CQyXC%2C%7CQyXC%3E%293%28%20%2EG%2EE%20yQ%7CD%2D4Ti%2A%7B%7CQyXFGXyQ%7C%7CQyX%2DA%7CQyX%2DA%7CQXyC%7CQyXCA%2A%7B%7DQyXGFXyQ%7C%7CQyX%2DQyX%2DD%7CGXyQA%7CQyXC%7CQyXF%7CQyFXB%2A%7B%7DQyXC%7CQyXC%7C%2DXyQ%7CQyXbB%7CQyXG%7CCXyQD%7CQyX%2DA%7CQyX%2DE%7CyQXF%7CQyXF%7CQyX7C%7C%2DXyQ%7CQyXG%7C%20U%20%20CZCXyQ%3Eeuc%20lliT%20%2096%2AG%3C%7CQyX%2DD%7CQyX%2DAQ%7BXyQ%7D%7CLQ%20%20CZ%20=Pop%2DRock=115=1
89f502e2-e451-4f3f-8714-d2d7bc4d8a63,irealb://Studio%20Accordi%206%20Per%20Quarte%3DComposer%20Unknown%3D%3DMedium%20Swing%3DC%3D%3D1r34LbKcu7ZL6DZF6LZB6EZL6BZL6bGZL6DbZL6bAZL6bEZL6bLZA6LZL6C%7C%2C6bAZ6%2CLZGZL%2C6bGZL%2C6BZL%2CE6ZL%2C6AZL%2C6DZL%2C6Db6%2CLC%5D%206GLZEb6%2CLZBb6%2CLZF6%2C%20%5D%20%3D%3D0%3D0
8923f0c0-7ddd-484d-aba1-e090ea11761b,irealb://Thanks%20A%20Million%3DJohnston%20-%20Kahn%201935%3D%3DMedium%20Up%20Swing%3DC%3D%3D1r34LbKcu7C%2F7F%7Cb7XyQ%7CQyX7%5EbA%7CQyX9b%7CEQyX7-bB%7CQyXoA%7CC7XyQE44T%7B7bB%7C%2C7XyQ%7C6bAZL6bA%207%5EbA%7CyQX7bE%7CQyX7-bB1N%2CppF7F%7CQyX5b7-bb7XyQB%7CQyX%2C6bD2N%7C%7D%20o%2CA%207bEZLoA%209bE%7Cb-7%20BB%7CQyX%20%20bA%7CEbXyQZL7bE%207-bBZL7b%20E7-bBZLoB%20C%2FbA%7CAbXyQ%2FbAZLU%20%5D%20%3D%3D0%3D0
89bd1eee-f4d1-400f-ba5a-7a25287eeb95,irealb://There's%20A%20Boat%20Dat's%20Leaving%20Soon%20For%20New%20York%3DGershwin%20George%3D%3DJazz%20-%20Swing%20Two-Four%3DBb%3D%3D1r34LbKcu7%7CQyXb4Bb%2C%20bE%7CQyX7bB%7CQyX6BbZL9F%209%5EbEZL9bGXyQ%7CB4TA*%7B7D%7CQy5XyQ%7C%7B%5DQyXD%7CQyX9bE2ZNL%20QyXQyX%7DQyX7F*BG-X%237C1N9DZL5%7CG-XyE%7C%2C-G%20bE%2C-GZLb%20E-G%7CQyX5b7D1N%7CQb%20A7%23QyX5bFZL7CyQXyQLbD%20-bBZL7F%20bDQ%7CyX9bA2N%7CQyXQyXZGb6%20X%7DQyXQyXbB%5B*ABbE%7CQyX7bB%7CQyX6bZBL9F%209%5EbEZL9bG%20bXyQ%7C%5DQyX7%7CC7b9XyQKcl%20LZF7XyQKcl%20LZBbXyQKcl%20%20%5D%20%3DJazz-Medium%20Swing%3D180%3D3
890dae3a-dc3c-4017-9089-05c3374a83b4,irealb://Um%20Passeio%20Com%20Robert%20Glasper%20pelo%20Brasil%201=Robert%20Glasper%20and%20Vanessa%20Da%20Mata==Samba=D%2D==1r34LbKcu7D%7C%7D%20%3E4D%2D9LLxZL11%2DEZL9%5EFZ9L%2DGZL9%5EbBZL9%2DBZZx%3C5x4TA%2A%7BxZL9%5E%2D9LZBb31FZL9%2DCZL11%2DZEL9%5EFZL9%2DGZL9%5Eb9%20%7BBbBZL9%2DGZL9%5EA%2CLZx%2DAZLxZL9%2DD%7B%7D%20xLZ11%2DEZLxZL9%2DGZL9LZBb%2F%5EGZL9%5EbBZb%5E%2311L9%2DD%7B%20%2C9%2DbD%209%2DZCL9%2DC2N%7C%7D%20x1NZLZB%2D9LEZL9%2DZL9%5EbLZF%5E931FZL9%2DC2N%7D%20%2C1%2D1EZLx1NZL11%2DEZLb9%20%7BB9%2DGZL9%5EbBZ%2FALZxLxZL9%2DD%7B%7D%20%3Ex4%3CZxL9%2DEZLxZL9%2DGZLZA%2D9L%5EGZLxGZLxZLZEb%5E%7B%209%2DbD%20%2C9%2DCZL%2C%2D9C2N%7C%7D%20x1NZL11%23Bb%5E9L9%2DGZL%5E%2FALZxLZG%2D9LZxLZE%2D11LZx%3C4x%3E%20%7D%20==193=5
890b6be3-d303-416c-bd99-e7320470e776,irealb://Vine%20A%20Adorar%20A%20DIOS%3DComposer%20Unknown%3D%3DGospel%20Ballad%3DD%3D0%3D1r34LbKcu7ZL%23C/4D%20%20%28.raroda%20a%20eniV2%207*%3CA*%7B%29A%28%20%29A/G.%3ED%20A4Ti*%7BF/D%2C%20/A%2CD/L%23C/A%20DZL%2CsusAE%20/GZL%23F/D%20G%7C%2C%23FZD/B%20C%20B/D%20im%20aALZN1%20lE%2066*%3CB*%7C%2C%23FD/%2CA/C%20D2N%7B%7DQyXDvino%20%20G%7C%2C%23LE%20-B..%20%3EB%7C%7D%20Q%2CA%20E/G%5BZLBD/%20%23F/AZLG/A%20G/-DXyQ%7B.adivZG/E%20A%20%7D%7CG%20G-/BbLZDXyQZ%20%3DJazz-Medium%20Swing%3D100%3D3
89ea3468-9529-48ab-bfe2-475cf0b35d55,irealb://Viramundo%3DGil%20Gilberto%3D%3DBai%C3%A3o%3DE%3D4%3D1r34LbKcu7%20QyX%E2%99%A922%3C*7ZL%20n%7D%20%3Ex336*%3C%20ZnL%20n%3E602%20mpb%20%204%3C*72%20Ti*%7BY7B%207%23%E2%99%A9XyQ%20%5D%20%20E%3E%E1%8A%95%20%20%E2%99%A9%20%20%E2%99%AA%20%20%20%E2%99%A9%E0%B8%AF%2047*%3CZLA%20%23F%3E%E1%8A%95Y%5B*AF%20QyX%E1%8A%95EZL7BQ%7CXyQLQyX%7CrQyX%7CQyXALZ7E%207-B%7B%5D%20QyX%7CrZF%237%20yXEZLY%20QyX%23-7%20G9A2N%7DQyXEZL7B%20%237F1N%7CQyX-%23CZL7%23%20%20Q%20%5DD%7CQyX%2027*%3C%20inte%20%3Ex336*%3C%20%23FZL%20%3EE).rtsni(%20edulr%7DE%20LZ47*%3C%7BEQ%7BYY%E1%8A%95XyQ%20%E1%8A%95%20%20%E2%99%A9%20%20%E2%99%AA%20%20%E2%99%A9%20%E0%B8%AF%204*7%3CZLA%20%23F%3E%E1%8A%95%20QyX%E2%99%A9%3EE%20%20%5D%20QyX%E2%99%A9XyQ%7CF%23XyQ%7CXyQr%7C%3CXyQ%20%20vamp%20out%3EXyQ%3C*635x%3E%20%7D%20%3DBrazilian-Baiao%3D206%3D3
89461231-0656-4f4c-8939-08fcbf052ddb,irealb://Whole%20New%20World%2C%20A%2A=Menken%2DRice==Ballad=D==1r34LbKcu7ZL%2C%23C4%3C%2A63%2F7%5EGZL%20x%20ZL%20lcQKyXD%3E%09niddalA%20%20B%2C%20A%2F4TA%2A%7B%23C%2F7A%23%2FA%23LXD%7CQyXA%5B%7DQyXD%7CyQXGZL%2CA%2F%2DB%20%2C%2DBZyQ%7CA%20F%20%2C6GA%3EeniyQ%7CA%2F6%2A%3CZLA%2FGZL%2C7E%207%2C%2DBZLxZL%23F%2FD%20%2CG3JasmX%2CDZLL7A%20CA%2C%20A%237%2DBZL%20x%20ZL%23F%2FDG%20%2FAZL7D%20%2C%2DBZL7o%20E7LZZLDZLD%20%2C%2DD%20%5B%2ABF%2F7A%20%2C6bBZL%2CE%2FC%2C%20D%2F7%5EbBZLFZLxZLC%23%2CLZxZLDZ%20%2C%2DDZZBbLZA%2FF%20%2CbB%2FCZLFZL%2FE7C%20CZLFZLC%5B%5D%20F%2CLZxLL%2CC%2F%2DL%2CA%2FFBb%2FCLCl%7C%2CC%2F7F%2C%2DDsZLo%2C%23C%20%2CE%2FCZLFZLCZ%2FBb%2C%20ZL%2C7G%20QyX6%2D%2C%20G7A%2FFZLbBZLC%2F%2DDZ%2DLDZL7C%20%2C7%5EbEZL%2CLZ%3C%2A6DZLxZ2%3Er%7CLZBb%3Crit%E2%80%A6%3ELZBb%2FCLZfF%20Z%20=Jazz%2DBallad%20Swing=60=3
8939f5af-f464-47ec-a68e-d889d1b0ef76,irealb://Woodstock%3DMitchell%20Joni%3D%3DFolk%3DEb-%3D6%3D1r34LbKcu7bEA*%7B44%3C*7%20ZL%20x%20ZL%20lcKQy7X-bE%3E801%20mpb%20%204x%20%20%5DYTi*%5BY%5D%20%20x%20%7Cx%20LZKQyX7-bEZL%20x%20Z%20LxZL%20xZL%20sus7bAcl%20LZQyX7-L%20x%20Z-7XyQ%3Ax%20dr3%20%2096*%3CZLx%20ZL%20sus7bAZL%20x%7C%3Ex%20QLbEA*%5BL2bDZXyQKcZLxZLxZLxZLsusb7AB*%5BY%5D%20%20x%20ZL%20lEb-7L7-bEZus7bA%2FBbLZ%20x%20ZL%20x%20ZL%20lcKyQX7-bE%5B%5D%20bA%2F-bE%20%5DY%5BQ7-bEZL7-bEx%20LZExZLxZLsus7bAB*Y%7B%5D%20%20xZL%20xZL%207-bLZx%20%7D%7CQyXsA%2CsusZAb7sbB%2FWZLxZLxZL7-Eb%5B%5D%20bG%2F7-bEZLsuLZsAbL2bDZbA%7C%2C-b-LZx%2Fsus7bAsZL-bE%3Erotuo%2047*%3C%7BY%20%20%5D%20Eb%2CEbEl%7C%2Cb%2CAb7sus%2C%7CAb%2CEb7sus%2FAb%2C%7D%7BlEb-7%2FBbLZAb%20%7D%7BEb-7LZxf%20%7D%20%3DJazz-Even%208ths%3D108%3D3
899b78b1-5b85-4696-8976-37edd0b080f6,irealb://it%20don't%20really%20matter%20orig.%3Dnickerson%20joe%3D%3Dsoul%20jazz%3DC%3D%3D1r34LbKcu7%7CQyX9XyQ%7CFX9-C%7CQyX5%239b7GQ%7CyX5b7-D%7CQyX%2C9-yQ%7CF-%2C9-C%5BF%7CQyXXyQ%7CGyX9%5EbD%7CQyX31%5Eb%7CAQyX9-F%5B%5DQyX5%237Q%7CC-95b7-D-9XyQ%7CAb%5E13XyQ%7CDb%5E9XyQ%7CGb%5E13XyQ%5D%20%3DPop-RnB%3D71%3D12
8953c1ed-570c-449f-ad2f-c749323ef949,irealbook://%E3%82%BC%E3%83%AB%E3%83%80%E3%81%AE%E4%BC%9D%E8%AA%AC%20%E3%83%A1%E3%82%A4%E3%83%B3%E3%83%86%E3%83%BC%E3%83%9E%3D%E6%B5%A9%E6%B2%BB%20%E8%BF%91%E8%97%A4%3DRock%20Pop%3DBb%3Dn%3D%5B*iBb%20%20%20%7CAb%20%20%20%7CGb%20%20%20%7CF%20%20%20%7C*ABb%20%20%20%7CAb%20%20%20%7CGb%20%20%20%7CDb%20%20%20%7CB%20%20%20%7CBb-%20%20%20%7CC7%20%20%20%7CF7%20%20%20%5D%7C*BBb%20%20%20%7CAb%20%20%20%7CGb%20%20%20%7CF%20%20%20%7CEb-%20%20%20%7CF7%20%20%20%7CEb-%20%20%20%7CF7%20%20%20%7CB%20%20%20%7CBb-%20%20%20%7CC7%20%20%20%7CF7%20%20%20Z%20
89e3804d-716e-46be-8cb9-f4469c7dcee6,irealbook://Baby%20I%20Love%20Your%20Way%3DMountain%20Big%3DPop%3DE%3Dn%3DY%7B*AT44%3C*68%20%20Vocals%20intro%3EE%20B/D%23%20%7CC%23-%20%20%20%7CA%20%20%20%7CD7%20%20%20%7D%7CG%23-%20%20%20%7CC%23-%20%20%20%7CF%23-%20%20%20%7CB7%20%20%20%5DY%5B*BE%20B%20%7CF%23-%20A%20%7BE%20B%20%7CF%23-%20A%20%7DYY%5B*C%3C*74%20%20Solo%3EE%20B/D%23%20%7CC%23-%20B%20%7CA%20G%23-%20%7CF%23-%20B7%20%7CE%20B/D%23%20%7CC%23-%20B%20%7CA%20G%23-%20%7CF%23-%20%20%20%5D%3CReggae%20fills.Broke%20down%20Verse...%20Chorus%20up%201/2%20tone%3E%20%20%20%20%20%20%20%20%20%20%20%20%20%20%20%20%3C008%20Organ%20Reggae...%20Sax%20solo%20in%20the%20middle...%20%3E
89d4d3ba-5ca8-4054-9a1b-97ef4bfc798e,irealbook://Auld%20Lang%20Syne%3DTraditional%3DMedium%20Swing%3DF%3Dn%3DT44%5B*AF%5E7%20D7%239%20%7CG-7%20C7%20%7CD-7%20F7%20%7CBb%5E7%20C7/Bb%20%7CY%7CA-7%20D-7%28D7b9%29%20%7CG-7%20A7%20%7CD-7%20C7%20%7CF%5E7%28Eb%5E7%29%20%28E7%29%20%28F%5E7%29%20%5DY%5BF%5E7%20D-7%20%7CG-7%20C7%20%7CF%5E7%20B7%239%20%7CBb%5E7%20C7/Bb%20%7CY%7CA-7%20D-7%20%7CG-7%20A7%20%7CD-7%20C7%20%7CF%5E7%28Eb%5E7%29%20%20%20%5D
89341e78-1eed-45e2-93e2-4443410cdaae,irealbook://Blind%20Man's%20Darkroom%203%3DEmerald%20David%3DMedium%20Swing%3DC%3Dn%3D%7BT34sE-7%2C%7CA7%2C%7CD-7%2C%7CC%5E7%2C%7CBh%2C%7CE7b9%2C%7CBb%5E7%2C%7CBb%5E7%2C%7CA-7%2C%7CA-7%2C%7CG6%2C%7CG6%2C%7CG6%2C%7CG6%2C%7D%5BEb%5E7%2C%7CEb%5E7%2C%7CEb%5E9%2C%7CEb%5E9%2C%7CG%2C%7CG%2C%7CG6%2C%7CG6%2C%7CEb%5E7%2C%7CEb%5E7%2C%7CEb%5E9%2C%7CEb%5E9%2C%7CG%2C%7CG%2C%7CG6%2C%7CG6%2C%5BC-7%2C%7CC-7%2C%7CC-7%2C%7CC-7%2C%7CB%5E7%2C%7CB%5E7%2C%7CB%5E7%2C%7CB%5E7%2C%7CBb-7%2C%7CBb-7%2C%7CBb-7%2C%7CBb-7%2C%7CA%5E7%2311%2C%7CA%5E7%2311%2C%7CA%5E7%2311%2C%7CA%5E7%2311%2C%7CAb-7%2C%7CAb-7%2C%7CAb-7%2C%7CAb-7%2C%7CG%2C%7CG%2C%7CG%2C%7CG%2C%7CE%2C%7CE%2C%7CE6%2C%7CfF%237%2C%7CB%2C%7CB%2C%7CF%23%2C%7CF%23%2C%7CG%23-%2C%7CG%23-%2C%7CD%23-7%2C%7CD%23-7%2C%7CE%2C%7CE%5E%2C%7CB%2C%7CB%2C%7CF%23%2C%7CF%23/E%2C%7CF%23/D%23%2C%7CF%23/C%23%2C%7CG%5E7%2C%7CG%5E%2C%7CB-6%2C%7CB-6%2C%7CA-7%2C%7CA-7%2C%7CC%2C%7CD%2C%7CE%5E7%2C%7CE%5E7%2C%7CE%5E7%2C%7CfW%5E%20%7D%7BQD%5E7%2C%7CD%5E7%2C%7CD%5E%2C%7CD%5E%2C%7CA-7%2C%7CA-7%2C%7CD9%2C%7CD9%2C%7CD9%2C%7CD9%2C%7BA-7%2C%7CA-7%2C%7CA-7%2C%7CA-7%2C%7CD9%2C%7CD9%2C%7CD9%2C%7CD9%2C%7CA-7%2C%7CA-7%2C%7CA-7%2C%7CA-7%2C%7CD9%2C%7CD9%2C%7CD9%2C%7CD9%2C%5DG-7%2C%7CG-7%2C%7CG-7%2C%7CG-7%2C%7CC13%2C%7CC13%2C%7CC13%2C%7CC9%2C%7CF6%2CG-7%2C%7CG%23o%2CF/A%2C%7CF6%2CG-7%2C%7CG%23o%2CF/A%20%7D%5BE-%2C%7CA7%2C%7CD-7%2C%7CC%5E%2C%7CBh%2C%7CE7b9%2C%7CBb%5E%2C%7CBb%5E%2C%7CA-7%2C%7CA-7%2C%7CG6%2C%7CG6%2C%7CG6%2C%7CG6%2C%7CF%237b13%2C%7CB%2C%7CB%2C%7CF%23%2C%7CF%23%2C%7CG%23-%2C%7CG%23-%2C%7CD%23-7%2C%7CD%23-7%2C%7CE%2C%7CE%5E%2C%7CB%2C%7CB%2C%7CF%23%2C%7CF%23/E%2C%7CF%23/D%23%2C%7CF%23/C%23%2C%7CG%5E%2C%7CG%5E7%2C%7CB-6%2C%7CB-6%2C%7CA-%2C%7CA-%2C%7CC%2C%7CD%5E%2C%7CE%5E%2C%7CE%5E%2C%7CE%5E7%2C%7CE%5E7%2C%7CW%2C%5D%7C%20
89b25b54-8a1d-4e94-94f7-d7d985182fc5,irealbook://Just%20A%20Girl%3DDoubt%20No%3DMedium%20Swing%3DB-%3Dn%3DY%5B*AT44D%3C*30RIFF%3E%20%20%20%7C%20%20%20%20%7CD%20%20%20%7C%20%20%20%20%7C%7BB-%20A%20%7CG%20A%20%7CB-%20A%20%7CG%20A%20%7D%7CG%20%20%20%7CC%20%20%20%7C%20%20%20%20%20%20%20%20%20%3CWeird%20Guitary%20effect%2C%20or%20guitar....%3E%20
89e89dd7-be47-41cd-8e0c-d781fb7d0120,irealbook://Little%20Bit%20Of%20Swing%3DJohnson%20Herman%3DFiddle%20Tune%3DC%3Dn%3D%7B*AT44E*m*%20%20%20%7CA%20%20%20%7CB%20%20%20%7CB%20E%20%7CE*m*%20%20%20%7CA%20%20%20%7CB%20%20%20%7CB%20E%2CA%2C%7C*BSB%20%20%20%7CE%20%20%20%7CF%23*m*%20%20%20%7CB%20%20%20%7C%7CE*m*%20%20%20%7CA%20%20%20%7CB%20%20%20%7CB%20%3C*60%20%20Fine%3EE%20%7C*CE*m*%20%20%20%7CA%20%20%20%7CB%20%20%20%7CE%20%20%20%7C%7CE%20%20%20%7CA%20%20%20%7CB%20%20%20%7C%3C*65D.S.%20al%20fine%3EE%20%20%20%5D%20
89fe2c31-45fe-4713-8fd6-e34260592cbc,irealbook://Someone%20To%20Watch%20Over%20Me%3DGershwin%20George%3DBallad%3DC%3Dn%3D%7B*AT44C%5E7%20C7%20%7CF%5E7%20Fo7%20%7CC%5E7/E%20Ebo7%20%7CG7/D%20Dbo7%20%7CD-7%20sEo%28E-7%29F6%28A7%29%7ClF%23h7%28D-7%29%20G7%20%7CN1E7%235%20A9%20%7CD-7%20G7%20%7D%20%20%20%20%20%20%20%20%7CN2C6%20%20%20%7CC7%20%20%20%5D%5B*BF%5E7%20%20%20%7C%20x%20%20%7CF-6%20%20%20%7CC6/E%20%20%20%7CF%23h7%20B7b9%20%7CE7b9%20%20%20%7CA7%20%20%20%7CD-7%20G7%20%5D%5B*AC%5E7%20C7%20%7CF%5E7%20Fo7%20%7CC%5E7/E%20Ebo7%20%7CG7/D%20Dbo7%20%7CD-7%20sEo%28E-7%29F6%28A7%29%7ClF%23h7%28D-7%29%20G7%20%7CC6%20%20%20%7CD-7%20G7%20Z
893d2565-278a-4b6a-aefe-31ead18d42b3,irealbook://Blues%20In%20F%20%28All%29%3DJohannes%20Shaun%3DMedium%20Swing%3DC%3Dn%3DY%7B*AT44%3CT%3EF7%20%20%20%7C%20x%20%20%7C%20x%20%20%7C%20x%20%20%7CBb7%20%20%20%7C%20x%20%20%7CF7%20%20%20%7C%20x%20%20%7CC7%20%20%20%7C%20x%20%20%7CF7%20%20%20%7C%20x%20%20%7DY%7B*BF7%20%20%20%7CBb7%20%20%20%7CF7%20%20%20%7CC-7%20F7%20%7CBb7%20%20%20%7CBo7%20%20%20%7CF7%20%20%20%7CAh7%20D7b9%20%7CG-7%20%20%20%7CC7%20%20%20%7CF7%20D7b9%20%7CG-7%20C7%20%7DY%7B*CF%5E7%20%20%20%7CEh7%20A7b9%20%7CD-7%20G7b9%28Db%29%20%7CC-7%20F7%20%7CBb7%20%20%20%7CBb-7%20Eb7%20%7CA-7%20D7%20%7CAb-7%20Db7%20%7CG-7%20%20%20%7CC7%20%20%20%7CF7%20D7b9%20%7CG-7%20C7%20%7D
891099b7-a9ab-4382-b599-2cca09df4404,irealbook://Never%20Can%20Say%20Goodbye%3DDavis%20Clifton%3DFunk%3DD%3D44%3D%5B*AG%5E7%20%20%20%7CA11%20%20%20%7CG%5E7%20%20%20%7CA11%20%20%20%7CD%5E%20%20%20%7CA-7%20%20%20%7CD%5E%20%20%20%7CA-7%20%20%20%5D%5B*BD%5E%20%20%20%7CA-%20%20%20%7CG%5E%20F%23-%20%7C!E-%20A11%20%7D%7C@G%5E7%20F%23-%20%7CE-%20A-%2CYY%20%7B%3CRepeat%20and%20Fade%3ED-%20%20%20%7CE-%20Eb%20%7CD%20A-%20%7CD%5E%20%20%20%7D%20
89fed146-5e24-468b-9f1e-4037bdf83589,irealbook://Perfect%3DAtrraction%20Fairground%3DPop%3DG%3Dn%3DYY%7B*AT44G%20%20%20%7CG%20%20%20%7CD%20%20%20%7CD%20%20%20%7D%7CG%20%20%20%7CG%20%20%20%7CB-%20%20%20%7CB-%20%20%20%7CG%20%20%20%7CA%20%20%20%7CD%20%20%20%7CG%2CA%2CD%20%5DYY%7B*BG%20%20%20%7CA%20%20%20%7CD%20%20%20%7CD7%20%20%20%7D%7CG%20%20%20%7CF%23%20%20%20%7CB-%20A%20%7CG%20%20%20%7C%3CIntro%20these%204%20bars%3EG%20%20%20%7CA%20%20%20%7CG%2CG%2CG%2CG%2CD%20%20%20Z%3CPiano%3E%20%20%20%20%20%20%20%20%20%20%20%20%20%20%20%20%3CFor%20guitar%20solo%20find%20something%20to%20fill%20chords%3E%20
