id,url
8a5653e2-aa8a-46a8-837c-a5d1aa430cb7,irealb://Annivesary%20Waltz=Composer%20Unknown==Medium%20Waltz=C==1r34LbKcu7X7GZLXyQKcyX7G%7CQyXo%23C%7CQyCXZL%20x%20ZL%20x%20ZL%20lQKcl%20C43T%5BC%7CQyX%20D%2D7L%23C%20CZL%2BG%209G%7CQy7X%2DD%7CQyX7GZL%20x%20ZoLZG97G%7CQyyXC%7CQcl%20LZQyX9DZL%20lcKQyXF%2BZL7%2DD%207%2DA%7CQyXF%7CG%2BXyKQyX9QKcl%20LZC6%20C%237LZA7XyQ%7CD7XyQ%7CG7XyQ%7CCXyQKcl%20%20%5D%20=Jazz%2DMedium%20Swing=100=3
8aa4b429-fba3-40ca-8b65-880e6a9630d5,irealb://As%20Long%20As%20I%20Live%20%28Dixieland%20Tunes%29=Harold%20Arlen%2C%20Edgar%20%27Yip%27%20Harburg%201934==Medium%20Swing=F==1r34LbKcu7LobA%20T44FXyX7C%7CQyX7GZL%20lKcQyX7D%7CQyX7A%7CQyQ%7CN1F%2CA%2A%2C%7BbB%7CQyC7%20%7DXyX7F%2CB%2A%2C%7C%7DQyXFLZbB%20F2NZL%20QyXQyQ%7CBbX%207%2DGZQyX7AFXyQ%7C%2CA%2A%2C%7CQyX7C%7CQyX%2D7G%7CQyX7G%7CQyX7%2DDFXyQ%7C%7CQyX%2D%7CD7XyQKcl%20LZG7XyQ%7CC7XyQ%7CF%20BbLZFXyQ%5D%20=Jazz%2DMedium%20Swing=100=3
8a8ca725-3176-4948-9d97-7f7d62aa4520,irealb://You%20Took%20Advantage%20Of%20Me=Rodgers%20Richard==Medium%20Swing=Eb==1r34LbKcu7bE%207%2D4Eb6%20bB%207%2DFZL7obG%207G%2DZL7bB%207%2DFZL7oE7LZBb4T%7BA%2AyX%7Dl%2C%5E7%20Db%2DFs%206bE1N%7Cl%2C7b%2CB7%2DF%2C7C%2C7%2DGsZL77%2CBb7bAZL7EZL7byQXyQL7C%207GZL7D%207%2DCB%5B%2A%5D%209b7G%206bE2N%7CZF7%20BXQyXQA%2A%5Dl%2C7b9LZ%2DFs%206bEZL7bB%207ZFL7C%207GZL7D%207%2DC7%2CBb7G%207%5EbbAZL7Eo7LZbBZL7bB%207%2DFZL7boG%207%2DGZL7bB%207%2DF%2D7%20Eb%206bE%5B%5E7%20Db7LZsG%2D7%2CC7%2CF%2D7%2CBb7%2Cl%7CEb6%20sF%2D7%2CBb7%2CZ==0=0
8a778a5e-70c1-48ee-9dd8-942018093960,irealb://%2E%20Instrumentals=%2E==Medium%20Swing=C==%5B%20=Jazz%2DMedium%20Swing=100=3
8aa65047-52f4-470f-8189-ecffc2c06fcf,"irealb://%4A%61%6D%62%61%6C%61%79%61%20%20%20%20%20%20%20%20%20%20%20%20%20%20%20%20%20%20%5B%23%5D=%62%65%32%73%68%61%72%70%20%41%52%52%3A==%5A%7A%20%50%69%63%6B%20%41%6E%20%69%52%65%61%6C%20%53%74%79%6C%65=%43==%31%72%33%34%4C%62%4B%63%75%37%6C%20%65%68%74%79%51%20%20%53%49%20%2E%67%6E%6F%73%20%72%75%6F%79%20%72%66%6F%20%79%65%6B%20%65%68%74%20%74%63%65%6C%65%74%20%69%73%20%58%37%35%2A%3C%65%67%61%70%20%6F%74%65%3E%20%72%75%6F%79%20%6E%6F%20%64%72%6F%68%63%20%73%74%61%6C%20%65%68%74%20%64%6E%61%34%33%2A%3C%20%73%6F%6E%67%6E%20%74%73%61%6C%6E%6F%20%6D%58%79%51%58%79%20%73%69%20%6F%72%74%6E%69%20%73%69%68%54%20%20%51%79%58%39%36%2A%3C%51%79%58%51%79%58%51%72%68%79%74%68%51%79%58%3E%2E%6F%74%20%79%64%20%6E%6F%20%63%65%67%20%6E%61%63%38%33%2A%3C%20%3E%75%6F%20%79%74%61%68%74%20%6F%73%20,%73%64%72%6F%68%74%20%72%65%61%2D%20%2D%20%79%2A%3C%51%79%58%6F%72%6D%20%74%58%51%79%58%51%79%58%3E%2E%22%41%22%20%72%74%65%74%65%6C%20%74%61%20%67%6E%6F%73%20%65%68%79%51%58%79%51%66%72%65%70%20%74%20%64%64%61%58%79%51%49%66%72%75%73%20%65%62%20,%6C%61%63%6F%76%20%6F%72%20%6C%61%74%6E%65%6D%75%72%74%73%6E%69%20%65%20%74%6F%20%51%79%58%34%36%51%79%58%3E%2E%20%3C%2A%33%30%74%65%6C%20%65%72%6F%66%65%62%20%74%73%75%20%6A%73%65%74%6F%6E%20%70%75%2D%6B%63%69%70%20%74%65%72%20%41%3E%32%20%65%68%20%22%73%64%72%51%58%79%51%58%4E%22%20%73%6E%61%65%6D%20%2E%43%2E%4E%20%51%20%79%58%38%36%2A%3C%34%34%54%69%2A%5B%51%79%6F%20%43%68%6F%79%58%51%79%58%4C%37%47%5A%4C%61%74%20%6D%65%2A%7B%5D%20%20%6E%20%5A%4C%20%6E%20%5A%4C%6E%20%20%5A%4C%20%6E%73%20%3E%2E%65%72%75%73%61%41%43%4C%5A%78%68%74%20%6E%69%6E%6F%73%20%72%4C%5A%78%4C%5A%70%20%79%72%65%76%20%73%69%68%54%20%20%51%58%79%32%35%2A%3C%7D%20%3E%78%34%3C%78%5A%4C%43%6F%70%75%6C%61%78%5A%4C%78%5A%61%73%20%65%68%73%20%6F%6E%6C%74%61%65%70%65%72%20%79%62%38%31%2A%3C%20%64%3E%6E%61%20,%73%64%72%6F%68%63%20%32%20%79%69%6E%67%20%74%65%73%75%20%67%34%36%2A%3C%51%62%61%72%73%20%51%79%58%51%79%58%51%79%58%3E%20%73%69%20%61%74%68%74%20,%73%65%6D%69%74%20%72%75%6F%66%58%79%51%58%79%20%38%20%65%6D%75%6F%20%65%6C%6F%6E%63%65%20%61%20%72%6F%46%20%2E%67%6E%6F%73%20%65%72%74%69%6E%65%20%65%68%74%20%68%67%75%6F%72%68%74%20%73%69%6D%70%20%20%51%79%58%58%51%79%58%3E%20%3C%2A%33%38%74%20,%73%72%61%62%20%34%20%74%73%61%6C%65%20%68%74%20%74%61%65%70%65%72%20%74%73%75%6A%77%69%63%65%2E%3E%20%6F%72%74%62%2D%38%20%6E%58%79%51%58%79%20%3A%22%6F%67%6E%69%6C%27%20%73%27%6E%61%63%69%69%73%75%4D%20%30%37%2A%3C%37%47%51%5B%51%41%64%64%20%61%51%79%58%51%79%20%2E%20%65%6C%67%2E%3E%4C%5A%51%79%58%32%34%2A%3C%5A%20%55%78%5A%4C%43%4C%5A%78%5A%4C%37%47%5A%4C%78%5A%4C%43%5A%4C%78%20%20%53%74%79%61%74%20%72%61%73%73%6F%42%2D%6F%70%2D%43%6F%2E%20%2E%20%2E%20%65%6C%79%74%53%36%31%2A%20%3C%3E%30%35%31%20%6D%6D%20%2F%79%72%74%6E%75%20%4A%61%7A%7A%50%20%2E%20%2E%67%6E%61%72%72%61%2F%20%6D%6D%53%20%20%51%79%58%36%34%2A%3C%51%79%58%51%58%79%51%79%58%51%79%58%51%79%58%3E%32%34%31%20%6F%6E%67%20%61%76%6F%4E%20%61%20,%74%6E%61%61%6E%20%77%72%20%3E%79%65%68%74%20%73%61%64%6F%63%20%72%20%6F%73%6F%72%74%6E%69%20%79%6E%61%20%65%74%69%3C%2A%32%30%77%63%20%73%72%65%51%79%58%51%79%69%6E%67%20%61%66%6F%20%72%65%62%6D%75%6E%20%79%6E%61%20%6F%72%2F%64%6E%61%20%73%64%72%6F%68%63%20%79%6E%3E%58%79%51%58%73%6F%6F%68%63%6B%69%6C%20%2D%51%3C%2A%36%38%72%6F%68%63%20%6F%6E%20%65%73%75%20%72%4F%20(%2E%73%65%72%75%73%61%65%6D%20%20%51%79%58%64%73%20%2D%20%79%58%51%79%58%65%20%74%68%65%20%69%6E%74%72%6F)%2E%3E%58%79%51%58%79%51%58%79%51%58%79%51%58%79%51%20%3C%62%23%3E%20=%4A%61%7A%7A%2D%42%6F%73%73%61%20%4E%6F%76%61=%31%34%32=%33"
8abaadac-d758-445e-b51c-0abed5e1fda5,"irealb://%53%6F%75%72%77%6F%6F%64%20%4D%6F%75%6E%74%61%69%6E%20(%32%2D%62%61%72%20%69%6E%74%72%6F,%20%34%2D%62%61%72%20%63%6F%64%61)%20%20%5B%23%5D=%62%65%32%73%68%61%72%70%20%41%52%52%3A==%5A%7A%20%69%52%65%61%6C%20%53%74%79%6C%65%73%20%4F%66%66%65%72%20%43%68%6F%69%63%65%73=%44==%31%72%33%34%4C%62%4B%63%75%37%68%74%20%66%6F%79%51%20%20%50%65%68%74%20%74%65%73%20%6F%73%20,%73%79%6B%65%20%79%6E%61%6D%20%6E%69%20%64%65%79%61%6C%20%6B%65%79%20%58%34%35%2A%3C%20%64%72%6F%68%70%20%62%79%3E%6E%20%74%73%61%6C%20%65%68%74%20%6F%74%20%69%74%20%67%6E%69%68%63%74%61%6D%38%32%2A%3C%20%6F%74%65%2F%63%70%61%20%73%69%63%20%6F%72%74%75%72%20%73%6F%68%54%20%20%51%79%58%36%36%2A%3C%51%79%58%79%51%58%51%79%58%51%79%58%51%79%58%3E%2E%67%6E%69%73%20%69%6E%6F%79%20%66%6F%6D%20%79%61%6C%20%74%68%65%20%20%3E%2E%67%6E%6F%73%20%65%68%74%20%66%6F%73%20%65%72%75%73%61%65%6D%20%32%20%74%73%61%6C%3C%2A%33%38%50%73%65%69%70%6F%51%79%58%51%79,%20%6F%72%20%79%58%3E%2E%6E%65%74%73%69%6C%20%74%73%75%20%6A%72%6F%20,%73%64%72%6F%68%63%20%65%68%74%51%58%79%51%58%79%64%6F%6C%65%6E%6F%73%20%73%37%34%58%79%51%75%6C%42%20%72%61%6C%75%70%6F%70%20%79%6C%67%68%69%68%20%61%20%73%69%20%73%69%68%54%20%20%65%67%72%61%73%2A%3C%51%79%58%6D%65%54%20,%2A%34%36%73%6F%65%75%6C%42%2D%70%6F%50%20%3A%65%6C%79%74%20%53%6F%72%50%20%6C%61%65%52%69%20%79%72%74%20%67%72%61%73%73%3C%20%3E,%67%72%74%6E%69%20%30%2E%3E%58%79%65%6D%2D%32%51%79%58%51%79%58%51%79%58%38%2A%34%3C%51%79%58%51%79%58%51%79%58%51%79%58%51%61%73%75%72%65%34%31%20%6F%70%58%44%5A%4C%44%58%79%51%58%79%58%44%6C%41%2A%5B%5D%6E%73,%44,%57,%41%37%7C%51%79%58%47%34%34%54%69%2A%5B%20%20%51%79%51%7C%47%20%3E%20%20%3A%6F%20%3A%22%67%61%20%44%4C%5A%44%2A%3C%47%6C%51%5B%5D%6E%73,%44,%57,%41%37%7C%51%79%58%47%5A%4C%20%6C%63%4B%51%79%58%37%30%20%22%54%37%41%7C%51%79%7C%51%79%58%47%74%68%65%20%69%44,%57,%37%41%7C%51%79%58%3E%2E%64%65%61%74%65%70%65%72%20%74%75%62%20,%6F%72%74%6E,%73%6E%7C%6C%20%65%6B%69%6C%6F%79%20%22%6F,%44,%73%6E%20%64%72%6F%77%20%65%68%74%20%66%6F%20%64%65%61%74%73%6E%49%20%20%51%79%58%36%33%2A%3C%5A%22%54%65%6D%70%57,%37%41%6C%20%6E%6F%69%74%20%73%65%65%20%62%62%61%20%65%68%54%20%2E%22%6D%6D%22%20%72%73%65%74%74%65%6C%30%31%2A%3C%20%3E%65%68%74%72%65%76%69%61%79%61%6D%20%75%6D%20%73%27%6C%6D%65%61%6E%73%4D%22%20%20%51%79%58%34%35%2A%3C%51%79%58%79%51%58%51%79%58%51%79%58%51%79%58%3E%51%79%58%61%65%6C%7A%65%20%E2%80%9D%6D%6D%E2%80%9C%6F%72%74%65%6D%6F%6D%65%20%22%32%2A%3C%20%3E%64%65%74%6E%65%76%6E%69%20%65%6C%7A%6C%65%61%4D%20%6E%6E%61%68%6F%4A%20%2E%38%74%68%65%20%6E%6F%72%74%65%79%58%51%79%58%20%41%6C%73%6F%58%3E%6F%74%20%73%72%65%66%65%72%20%22%6D%22%6D%20%74%61%68%74%20%79%61%73%20%65%77%20,%79%51%58%79%51%2E%65%6D%6F%6E%69%6D%69%74%20%2A%37%32%58%79%65%64%69%73%65%42%20%2E%22%65%72%75%73%61%6D%65%20%65%6D%6F%6E%6F%72%74%65%6D%22%20%20%51%73%20%74%68%65%3C%51%79%58%51%20%65%68%74%20%74%20%6F%6E%3E%6D%65%54%20%65%68%74%20%73%27%74%69%20,%6D%65%6F%6E%6F%72%74%65%6D%20%61%34%34%2A%3C%20%70%6F%20%6F%66%65%73%20%67%6E%69%6E%72%61%65%20%50%72%6F%20%4A%20%20%51%79%58%38%32%2A%3C%51%79%58%51%58%79%51%79%58%51%79%58%51%79%58%3E%2E%70%70%41%75%73%74%20%6C%6C%61%65%52%69%2D%70%6F%50%20%65%20%73%6F%6E%61%78%45%32%37%2A%3C%20%3E%72%65%77%6F%6C%20%73%68%63%75%6D%20%65%73%6F%6F%68%43%20?%67%6D%70%6C%65%3A%68%74%20%67%6E%61%68%74%20%73%6C%65%2F%20%6D%32%37%2A%3C%20%3E%23%62%3C%51%79%58%51%79%51%58%79%58%51%79%58%51%79%58%3E%30%33%31%20%6D%74%65%6D%70%6F%66%66%75%68%53%6E%20%74%68%65%20%6F%6E%65%73%20%73%75%67%67%65%73%74%65%64%2E%20%3E%20=%50%6F%70%2D%53%68%75%66%66%6C%65=%31%33%30=%33"
8a31a441-1b29-4185-ae24-2d214fe0c1a1,irealb://%31%30%20%47%6F%20%54%65%6C%6C%20%41%75%6E%74%20%52%68%6F%64%79%20%28%42%6C%75%65%67%72%61%73%73%29%20%43=%41%6D%65%72%69%63%61%6E%20%46%6F%6C%6B%20%53%6F%6E%67==%42%6C%75%65%67%72%61%73%73=%43==%31%72%33%34%4C%62%4B%63%75%37%5B%43%58%79%51%4B%63%6C%20%4C%5A%47%37%58%79%51%7C%43%58%79%51%4B%63%6C%20%4C%5A%20%78%20%4C%5A%47%37%58%79%51%7C%43%58%79%51%7D%20=%50%6F%70%2D%42%6C%75%65%67%72%61%73%73=%31%31%30=%30
8a025c5b-159a-4612-b87c-6d5584896550,irealb://%47%6C%6F%72%69%61=%4A%75%61%6E%20%4C%75%69%73%20%47%75%65%72%72%61==%46%6F%6C%6B%6C%6F%72%65=%43==%31%72%33%34%4C%62%4B%63%75%37%58%43%41%2A%7B%2A%32%34%20%20%58%20%20%51%79%58%34%32%2A%3C%20%43%69%2A%20%7B%51%79%58%3E%32%58%20%61%69%72%65%74%61%42%34%3E%20%20%7D%3C%34%34%54%7C%79%58%43%7C%51%79%51%7C%46%58%7B%7D%51%79%58%43%7C%51%79%58%43%7C%51%79%46%58%7C%51%79%58%62%42%7C%51%79%58%46%7C%51%79%2A%42%43%58%79%58%43%7C%51%79%36%36%2A%3C%43%51%7C%46%58%79%7C%29%41%2F%47%28%20%29%47%28%20%29%45%2F%28%47%20%29%44%2F%47%28%47%7C%51%79%58%47%7C%51%43%58%79%51%7C%79%58%46%7C%51%7C%51%79%58%47%41%2C%42%2C%3E%7C%51%79%58%44%7C%51%79%58%44%41%2A%7B%5D%79%51%58%44%7C%51%79%58%44%43%2A%7B%7D%51%79%58%47%58%79%51%7C%20%6F%54%20%20%20%41%7C%51%79%47%58%79%51%7C%58%47%7C%51%79%58%47%7C%51%79%58%44%7C%51%58%79%44%42%2A%7B%7D%51%79%58%44%7C%51%79%58%44%79%51%7C%41%58%7C%51%79%58%43%51%79%58%44%7C%58%79%51%7C%44%51%79%58%43%7C%51%79%58%47%7C%51%79%58%47%51%7C%79%58%44%7C%51%79%58%44%51%7B%7D%51%79%58%7C%47%58%79%51%44%5A%4C%51%20%7C%44%58%79%51%5A%20==%30=%30
8acd3d2f-735f-4aaf-9e1f-1dacb7869a40,"irealb://%44%49%4F%53%20%4D%65%20%41%62%72%6F%20%41%20%54%69=%43%6F%6D%70%6F%73%65%72%20%55%6E%6B%6E%6F%77%6E==%47%6F%73%70%65%6C%20%42%61%6C%6C%61%64=%41==%31%72%33%34%4C%62%4B%63%75%37%79%58%2D%42%7C%34%41,%2A%41%51%79%58%2D%23%46%42%2A%7B%7D%51%79%58%45%51%7C%79%58%44%7C%51%79%58%41%2F%45%7C%51%79%58%7C%44%58%79%51%34%54%69%2A%7B%2D%23%46%5A%4C%73%75%73)%20%51%79%58%41%5A%4C%45%20%44%7C%51%79%58%2D%46%23%5A%4C%45%20%44%42%2A%7B%7D%20)%45(%20%7C%7C%44%20%45%45(%45%7C%51%58%79%51%7C%42%2D%20%45%4C%5A%41%20%3C%2A%36%33%54%6F%20%41%3E%20%20%7D%7B%51%42%2D%20%45%4C%5A%41%20%46%23%2D%20%7D%41%58%79%51%5A%7C%20=%4A%61%7A%7A%2D%42%61%6C%6C%61%64%20%45%76%65%6E=%36%30=%33"
8a7dfc1c-53c2-40d7-b09d-5801fa2c106b,"irealb://%45%73%63%75%63%68%61%72%74%65%20%48%61%62%6C%61%72%20%31=%57%69%74%74%20%4D%61%72%63%6F%73==%42%61%6C%6C%61%64%20%45%76%65%6E=%47==%31%72%33%34%4C%62%4B%63%75%37%58%44%7C%51%79%34%47,%2A%41%51%79%58%44%5A%4C%2D%41%20%43%7C%7D%51%79%44%58%7C%51%79%58%43%7C%51%79%58%44%7C%51%79%58%7B%2A%42%47%58%34%54%69%2A%7B%79%51%7C%43%58%79%51%7C%41%2D%3C%2A%37%32%58%79%51%20%54%6F%20%49%6E%74%72%6F%3E%20%44%20%7D%7C%47%58%79%51%5A%20=%4A%61%7A%7A%2D%4D%65%64%69%75%6D%20%53%77%69%6E%67=%31%30%30=%33"
8ad35bda-ea68-451e-b607-3754a2ed1a27,irealb://%31%31%33%C3%A8%6D%65%20%43%69%67%61%72%65%74%74%65%20%53%61%6E%73%20%44%6F%72%6D%69%72=%4D%61%69%72%65%74%20%54%68%69%C3%A9%66%61%69%6E%65==%52%6F%63%6B%20%50%6F%70=%41%2D==%31%72%33%34%4C%62%4B%63%75%37%41%5A%4C%46%5A%34%3C%2A%36%36%66%69%72%20%30%36%2A%3C%7C%7D%20%47%5A%4C%2F%41%46%5A%4C%47%5A%4C%46%3E%6F%72%74%6E%69%20%66%3E%41%2D%4C%34%54%69%2A%7B%51%79%58%46%5A%5A%5B%2A%41%3C%2C%45%73%20%20%2C%46%5A%4C%2D%41%5A%4C%46%4C%5A%2D%41%3E%74%65%6C%70%75%6F%63%20%34%36%2A%7C%6C%41%2D%4C%4C%46%5A%4C%2D%46%5A%4C%2D%41%46%4C%5A%41%2D%2D%41%6C%3E%66%66%69%72%20%38%35%2A%3C%7B%79%51%58%51%79%58%7C%2C%45%73%20%20%2C%46%5A%4C%4C%5A%46%4C%5A%5A%4C%2D%41%7C%4C%2D%41%6C%7C%58%79%51%20%20%2C%46%5A%4C%2D%41%5A%4C%46%5A%4C%2D%41%3E%74%20%65%6C%70%75%6F%63%20%34%36%2A%3C%41%2A%5B%20%20%73%45%2C%51%79%58%5D%20%3C%31%4E%42%2A%7C%41%2D%4C%5A%5A%4C%2D%41%6C%3E%66%66%69%72%20%38%35%2A%7C%3C%2C%45%73%20%20%2C%46%5A%4C%2D%41%5A%4C%46%46%58%79%51%7C%51%79%58%46%5A%6E%69%61%72%66%51%20%72%65%66%58%38%36%2A%3C%32%4E%42%2A%7C%7D%20%2C%47%4C%5A%41%2F%46%5A%4C%47%5A%4C%46%3E%6E%69%61%72%79%51%20%72%65%79%58%36%36%2A%70%75%6F%63%20%4C%5A%46%2F%41%2A%5B%20%46%5A%4C%2D%41%5A%4C%46%5A%4C%2D%3E%41%66%66%69%72%34%36%2A%3C%5A%4C%2C%47%5A%4C%43%3C%2A%36%32%47%5A%4C%46%3E%5A%4C%2D%41%5A%74%75%20%74%72%41%5A%4C%46%5A%4C%2D%41%5A%4C%46%5A%4C%2D%5A%41%4C%46%5A%4C%2D%41%3E%29%E2%80%A6%73%65%6E%69%61%2D%4C%5A%46%4C%28%20%74%65%6C%20%46%5A%4C%43%3C%2A%36%32%20%43%5A%4C%46%5A%4C%43%5A%4C%46%5A%4C%43%5A%46%4C%5A%4C%43%5A%4C%46%5A%4C%43%3E%6F%6C%6F%73%4C%5A%46%4C%5A%44%2A%5B%20%46%72%66%65%72%51%36%38%20%72%65%3C%33%4E%42%2A%7B%20%51%79%58%7D%20%45%5A%41%4C%2F%46%5A%4C%47%5A%4C%46%3E%6E%69%61%72%66%2A%36%38%58%79%2A%3C%42%2A%5B%61%69%6E%3E%46%4C%5A%47%4C%5A%46%4C%5A%47%20%7D%7B%3C%2A%30%32%61%64%20%6C%69%62%3E%41%2D%4C%5A%46%4C%5A%41%2D%4C%5A%46%3C%38%78%3E%20%7D%20=%50%6F%70%2D%52%6F%63%6B=%31%34%34=%31
8afac6b8-2d90-4f84-8555-abd8f61ed655,"irealb://%C3%96%50%20%C3%96%50%20=%54%61%72%6B%61%6E==%53%68%75%66%66%6C%65%20=%44%2D==%31%72%33%34%4C%62%4B%63%75%37%20%5A%4C%20%2D%34%3C%2A%37%32%7D%20%20%78%20%5A%4C%20%78%20%5A%4C%20%78%5A%20%4C%20%2D%44%20%3E%20%49%4C%59%41%59%20%20%7B%2A%41%20%44%34%54%69%2A%7B%51%79%58%51%79%78%20%4C%5A%20%20%43%2F%46%20%5A%4C%20%2D%44%20%5A%4C%20%42%62%20%5A%4C%20%2D%47%20%43%2A%7B%7D%20%20%78%20%7D%2A%41%58%20%5A%4C%20%78%7B%5A%4C%20%51%51%58%79%51%4C%5A%4C%20%78%20%5A%4C%20%41%20%5A%4C%51%79%51%58%79%58%51%79%58%51%79%58%51%79%58%43%2A%5A%58%79%51%58%79%79%58%51%79%58%51%79%58,%41%20%4C%5A%20%78%58%51%79%58%51%79%58%51%79%58%7C%7D%20%20%20%41%5A%4C%20%41%20%5A%4C%20%62%42%20%5A%4C%20%79%51%7C,%2A%2D%44%20%42%2A%5A%4C%51%79%58%4C%5A%58%79%51%4C%51%79%58%5A%4C%51%79%58%5A%4C%51%79%58%4C%5A%51%79%58,%43%2A,%5A%4C%51%79%58%5A%4C%5A,%2A%42,%51%79%58%5A%4C%58%79%51%4C%5A%58%79%51%4C%5A%58%79%51%4C%5A%58%79%51%4C%5A%58%79%51%4C%5A%58%79%51%4C%5A%58%79%51%20%5A%20==%30=%30"
8ad3eb68-b289-4bef-a023-cdad75f32e6f,irealb://%33%36%20%31%32%2D%42%61%72%20%42%6C%75%65%73%20%28%53%68%75%66%66%6C%65%29%20%45=%55%6E%6B%6E%6F%77%6E==%53%68%75%66%66%6C%65=%45==%31%72%33%34%4C%62%4B%63%75%37%58%37%42%5A%4C%37%58%79%51%4B%79%58%37%45%5A%4C%20%6C%63%4B%51%79%58%37%5A%41%4C%20%78%20%5A%4C%20%78%20%5A%4C%20%6C%63%51%4B%63%6C%20%45%34%34%54%7C%79%51%7C%41%37%58%79%51%7C%45%37%58%79%51%4B%63%6C%20%3C%38%78%3E%20%7D%20=%50%6F%70%2D%53%68%75%66%66%6C%65=%30=%31
8a68a05b-f86d-4ff9-842e-2f4f1b7f5302,"irealb://%4C%61%20%56%69%65%20%53%27%65%6E%76%6F%6C%65=(%70%69%61%6E%6F%20%2D%20%42%6D%70%20%31%39%32%20%2D%20%31%78)==%4D%65%64%69%75%6D%20%55%70%20%53%77%69%6E%67%20%32=%46==%31%72%33%34%4C%62%4B%63%75%37%4C%43%5A%4C%37%58%79%51%7C%46%4C%78%5A%4C%78%5A%4C%36%46%41%2A%7B%5D%20%6E%20,%36%46%7C%51%79%58%36%46%7C%51%79%58%36%5A%43%4C%5A%43%36%46%69%2A%5B%58%5D%20,%33%4E%31%3C%20%3E%33%3C,%36%46,%39%43%73%33%4E%5B%20%20%51%7D%79%58,%33%31%46%6C%32%4E%5B%7D%20%36%46%78%3E%46%23%31%5A%4C%37%43%5A%2A%7B%7D%20%3E%7B%2A%42%6C%46%23%46%5A%4C%37%23%43%5A%4C%23%43%5A%4C%37%43%23%5A%4C%23%43%5A%4C%78%5A%4C%78%5A%4C%36%23%31%33%3C%33%78%51%79%58%51%79%7D%20%3E%78%33%20%20%53%6F%6C%4C%37%44%5A%4C%44%5A%4C%37%44%5A%4C%44%5A%78%4C%5A%4C%78%5A%4C%36%47%3E%2D%2D%2D%2D%20%6F%5A%47%31%33%3C%33%36%2A%3C%43%23%47%73%5A%4C%36%4C%5A%78%4C%47%5B%7D%20%33%31%23%47%5A%4C%37%23%44%5A%23%4C%44%5A%4C%37%23%44%5A%4C%23%44%5A%4C%78%5A%23%36,%6E%20%23%47%44%2A%7B%6E,%37%23%44%20%4C%5A%47%23%73%20%6E,%33%31%23%44%73%5A%4C%20%6E,%23%39%44%7C%51%79%58%37%23%44%7C%51%79%58,%36%44%39,%7C%6C%6E%6C,%33%31%20%73%4C%5A%44%23%37,%44%23%39,%6E%4C%5A%55%6C%47%23%31%33%3C%20%3E%20%5A%20=%4A%61%7A%7A%2D%4D%65%64%69%75%6D%20%55%70%20%53%77%69%6E%67%20%32=%31%39%32=%31"
8a6ca25f-0125-40fc-8093-d80e2752d972,irealb://%43%61%73%61%20%44%6F%20%50%61%69=%2E==%4D%69%6E%69%73%74%C3%A9%72%69%6F%20%4C%69%76%72%65=%43=%33=%31%72%33%34%4C%62%4B%63%75%37%62%41%2F%45%7C%34%41%20%44%2D%2A%7B%5D%20%41%2F%2D%44%20%41%5A%4C%41%2F%44%2D%20%41%5A%4C%41%2F%2D%44%20%41%5A%4C%41%2F%41%41%58%79%51%34%54%69%2A%5B%51%79%58%45%3E%23%2D%20%45%4C%79%58%5E%44%7C%51%79%58%45%7C%51%79%58%5E%7C%44%51%79%58%45%42%2A%5B%7D%51%79%58%5E%44%5A%51%7C%3C%20%20%46%7C%51%79%58%23%46%5A%4C%45%51%7C%45%58%79%45%20%2D%23%46%3E%6F%C3%A3%72%66%65%52%20%39%2A%36%3C%43%2A%5B%5D%20%45%20%2A%34%2A%45%7C%51%4C%5A%44%5E%20%79%58%5E%44%7C%34%2A%45%3E%6F%44%5E%20%45%20%61%74%6C%6F%56%3C%7C%51%79%58%2D%42%5A%4C%43%23%2F%41%20%5E%44%5A%4C%45%20%2D%23%46%7B%5D%20%49%6E%74%72%5A%4C%45%20%2D%2A%20%45%20%7D%20==%30=%30
8a8c7648-7240-463a-aeb1-9a9ed7a5bffc,irealb://%C3%89%20%41%73%73%69%6D%20%51%75%65%20%4E%C3%B3%73%20%56%65%6E%63%65%6D%6F%73=%43%6F%6D%70%6F%73%65%72%20%55%6E%6B%6E%6F%77%6E==%52%6F%63%6B=%43=%34=%31%72%33%34%4C%62%4B%63%75%37%51%79%58%5E%46%34%46%5E%58%79%47%7C%51%79%58%5E%46%41%2A%5B%7D%20%2D%41%47%20%7C%51%79%58%5E%46%5A%4C%2D%41%20%47%7C%51%20%41%2D%4C%5A%34%54%69%2A%7B%58%47%5A%4C%46%4C%5A%46%5E%58%58%47%5A%4C%46%20%43%42%2A%7B%5D%51%79%58%7C%47%51%79%58%5E%46%5A%4C%2D%41%20%47%7C%51%79%79%51%7C%43%20%2D%41%20%47%7C%43%7C%51%79%58%46%4C%5A%47%58%2A%34%2A%43%3E%61%69%72%67%65%6C%41%36%36%3C%2A%5B%7D%20%47%20%46%7C%51%79%58%46%7C%51%79%58%79%51%7C%43%20%43%7C%51%79%7B%5D%20%20%3E%51%7C%43%58%79%33%33%2A%3C%41%2C%41%7C%51%79%58%2A%34%2A%7C%44%51%79%58%44%7C%51%79%58%2A%34%2A%44%7C%51%50%41%55%53%41%79%58%2A%34%2A%3C%2A%36%39%4F%6C%65%6F%20%64%65%20%61%6C%65%67%72%69%61%3E%44%20%44%2F%46%23%4C%5A%47%20%41%4C%5A%44%20%44%2F%46%23%4C%5A%47%20%41%20%7D%20==%30=%30
8a9bf3c1-b921-4dec-8743-123d57d8be2d,irealb://%46%72%6F%6D%20%44%61%79%20%74%6F%20%44%61%79=%4D%69%6C%6C%65%72%20%4D%75%6C%67%72%65%77==%57%61%6C%74%7A=%43==%31%72%33%34%4C%62%4B%63%75%37%41%2A%7B%7D%20%34%45%62%5E%58%20%73%75%73%39%62%47%7C%51%79%58%35%23%37%62%5E%44%7C%51%79%58%73%75%73%39%62%41%7C%51%79%3C%34%58%3E%20%33%54%69%2A%7B%62%44%5A%4C%5E%42%62%2D%39%4C%33%31%41%5A%4C%39%2D%45%5A%4C%37%2D%46%5A%39%4C%2D%43%5A%4C%74%6C%61%37%47%5A%4C%68%44%5A%62%39%4C%5A%44%5A%4C%39%2D%46%39%2D%46%5A%4C%5A%47%62%5E%4C%5B%7D%20%78%5A%4C%31%31%23%37%5E%45%5A%4C%47%5E%5A%4C%39%36%62%42%5A%4C%74%6C%61%37%46%5A%2A%42%46%2D%39%4C%74%6C%61%37%4C%39%62%37%43%44%68%4C%5A%47%43%5A%4C%37%2D%47%5A%4C%6F%62%41%5A%4C%5E%5A%46%4C%39%43%5A%4C%73%75%73%39%43%5A%4C%33%31%39%73%75%73%20%5A%4C%62%45%2F%5A%4C%5E%62%45%78%4C%5A%41%39%45%5A%4C%31%31%2D%47%5A%4C%31%31%23%39%42%4C%5A%5E%44%5A%4C%39%62%33%31%41%5A%4C%73%75%73%2D%31%31%4C%5A%5A%4C%5E%46%5A%4C%37%2D%46%5A%31%20%5D%58%79%4C%74%6C%61%37%47%5A%4C%68%44%5A%4C%39%2D%42%62%5A%4C%39%2D%46%2C%41%2A%2C%5B%51%79%58%51%5A%43%2D%39%4C%31%23%37%5E%43%37%5E%45%5A%4C%5A%41%31%33%62%36%62%42%5A%4C%74%6C%61%37%46%5A%4C%5E%62%5A%47%4C%74%6C%61%37%62%44%5A%4C%5E%44%5A%4C%39%39%4C%5A%47%5E%4C%39%2D%45%5A%37%5E%62%44%5A%78%4C%5A%42%62%62%41%5A%4C%5E%62%45%5A%4C%78%5A%4C%73%75%39%73%62%37%62%42%5B%5D%20%78%5A%4C%73%75%73%39%39%73%75%73%4C%5A%4C%31%31%23%20%51%79%58%51%62%39%73%75%73%2C%73%75%73%39%62%47%5A%4C%35%23%37%5E%62%5A%44%4C%73%75%73%39%62%41%5A%4C%5E%62%45%5A%4C%51%20%5D%58%79%47%5A%4C%35%23%58%31%31%2D%46%5E%58%79%51%7C%58%34%3C%20%73%75%73%39%62%47%7C%51%79%58%23%35%37%5E%62%44%7C%51%79%58%73%75%73%39%62%41%3E%20%20%7D%5B%62%45%51%7B%20%79%51%7C%55%3C%46%49%4E%45%3E%20%78%20%20%5A%20=%4A%61%7A%7A%2D%53%77%69%6E%67%20%54%77%6F%2F%46%6F%75%72=%31%37%30=%30
8a4b6e9f-8816-4089-9f45-5013b8019d4f,irealb://%42%65%77%74%69%63%68%65%64%2C%20%42%6F%74%68%65%72%65%64%20%41%6E%64%20%42%65%77%69%6C%64%65%72%65%64%20%2D%20%46%6C%69%6E%6E%65%72=%48%61%72%74%20%52%6F%64%67%65%72%73%2C==%4D%65%64%69%75%6D%20%53%77%69%6E%67=%43==%31%72%33%34%4C%62%4B%63%75%37%79%58%37%47%5A%34%43%20%43%23%5A%4C%37%6F%23%46%20%2C%37%5E%46%5A%4C%37%20%45%43%5A%4C%37%6F%23%44%20%37%2D%44%5A%4C%6F%43%20%44%37%4C%34%54%41%2A%7B%79%58%2D%44%42%2D%37%58%79%51%41%20%37%2D%45%7C%51%79%58%37%5E%46%32%4E%4C%5A%20%51%79%58%51%79%58%7D%51%79%58%37%47%7C%37%20%5D%5B%2A%44%31%4E%7C%51%2A%5B%5D%20%37%4C%5A%41%2D%37%5A%4C%37%41%20%37%2D%45%7C%51%79%58%37%47%51%7C%79%58%37%2D%44%5A%4C%20%6C%63%4B%51%79%58%44%2D%37%20%47%20%6C%63%4B%51%79%58%43%5A%4C%6F%4C%5A%44%2D%44%5A%4C%37%44%20%43%5A%4C%37%6F%23%46%20%5E%37%46%5A%4C%37%45%20%43%5A%4C%6F%23%44%20%37%2D%37%20%47%37%23%43%20%43%41%51%7C%44%2D%37%20%47%37%20%5A%20==%30=%30
8a878ea3-8b62-40dc-9764-11afc47f04f2,irealb://%41%74%65%6E%63%69%6F%73%6F%20%4F%4D%44%50=%50%69%78%69%6E%67%75%69%6E%68%61==%43%68%6F%72%6F=%44==%31%72%33%34%4C%62%4B%63%75%37%43%20%23%47%2F%58%79%51%7C%45%79%58%2D%23%46%5A%4C%6F%46%20%44%7C%51%79%44%58%7C%51%79%58%37%41%7C%51%79%58%23%47%2F%37%51%7C%43%23%37%44%32%32%54%7B%37%42%20%23%46%23%2D%58%79%51%58%6F%46%7C%51%79%58%2D%45%7C%51%79%58%23%2F%44%37%42%7C%51%79%58%47%7C%51%79%58%37%44%7C%79%51%7C%44%2F%46%5A%4C%37%23%79%58%2D%42%7C%41%37%4C%5A%3C%2D%42%7C%51%79%58%45%2F%23%46%7C%51%79%58%2F%46%23%43%7B%20%2D%42%7D%20%44%3E%65%6E%69%46%2F%44%58%79%51%20%39%45%5A%4C%79%58%45%2F%23%44%23%37%4C%5A%46%2F%37%23%43%7C%51%79%58%2D%42%5A%4C%37%46%23%20%68%23%43%5A%4C%37%23%43%20%37%2D%23%47%58%79%51%7C%46%20%23%46%7C%51%79%58%2D%42%31%43%20%42%37%4C%2F%37%23%46%20%23%47%2F%37%23%43%5A%4C%41%2D%2F%42%20%2D%42%59%5A%4C%68%23%43%20%2D%45%5A%41%23%4C%5A%4E%2F%2D%41%7C%51%51%7C%42%2D%58%79%51%7D%58%79%51%58%79%51%20%20%59%4E%32%3C%44%2E%43%2E%20%61%6C%20%46%69%6E%65%3E%42%2D%58%79%51%5D%20=%4C%61%74%69%6E%2D%42%72%61%7A%69%6C%3A%20%53%61%6D%62%61=%31%35%30=%31
8add9451-1c47-44ab-89fe-170ffed1ee50,irealb://%54%C3%B4%20%66%72%61%63%6F%20%4F%4D%44%50=%50%69%78%69%6E%67%75%69%6E%68%61==%43%68%6F%72%6F=%44==%31%72%33%34%4C%62%4B%63%75%37%58%37%41%7C%51%44%58%79%51%7C%51%79%58%44%31%4E%7C%51%79%58%47%7C%51%79%37%58%23%46%7C%51%79%58%2D%42%7C%51%79%58%37%41%7C%45%37%58%79%32%32%54%53%7B%79%58%2D%42%7C%51%4C%5A%4E%32%2F%37%23%46%7B%5D%20%51%20%20%44%3E%65%6E%46%69%3C%5A%4C%37%41%20%37%2D%45%7C%51%79%58%44%41%23%58%79%51%79%58%7D%51%79%23%41%2F%37%23%44%23%58%79%51%37%23%46%7C%51%79%58%37%23%43%7C%51%79%58%42%2D%7C%51%79%58%68%23%43%7C%51%79%58%2D%45%7C%58%79%51%7C%46%2F%37%42%7C%51%3C%5A%4C%37%23%2D%58%79%51%7C%23%43%7C%51%79%58%2D%42%7C%51%79%58%68%23%7C%43%51%79%58%2D%45%7C%51%79%58%23%44%2F%37%42%37%2F%46%20%46%42%7C%51%79%58%58%37%42%7C%51%61%6C%20%43%6F%7C%51%79%58%42%2F%47%7C%51%79%58%6F%62%42%51%7C%79%58%47%51%7B%7D%51%79%58%2D%42%3E%61%64%41%2D%37%58%79%20%2E%53%2E%44%7C%51%79%58%62%58%79%51%7C%41%43%7C%51%79%58%37%62%47%7C%51%79%58%37%42%51%7C%79%58%47%7C%51%79%58%37%44%7C%51%79%58%37%58%79%51%7C%45%2D%45%7C%51%79%47%2F%44%20%45%2D%37%4C%5A%41%2D%37%20%44%37%4C%5A%3C%44%2E%43%2E%20%61%6C%20%46%69%6E%65%3E%47%58%79%51%7D%20=%4C%61%74%69%6E%2D%42%72%61%7A%69%6C%3A%20%53%61%6D%62%61=%31%34%35=%31
8a832079-b1c1-4116-938d-d891e57fabd0,irealb://%52%65%74%72%61%74%6F%20%43%61%6E%74%61%64%6F%20%64%65%20%75%6D%20%41%6D%6F%72=%52%65%69%6E%61%6C%64%6F==%53%61%6D%62%61=%44%2D==%31%72%33%34%4C%62%4B%63%75%37%54%41%2A%7B%59%2D%20%4C%5A%6C%73%20%37%62%42%5A%4C%43%2F%57%20%2C%2D%44%5A%6C%4C%37%41%2C%46%7C%2C%37%43%20%73%2C%2D%47%41%37%2C%5D%59%44%69%2A%5B%59%2D%47%7C%51%79%32%20%56%65%6A%2E%2E%6F%74%69%65%66%72%65%70%20%C3%A9%20%72%6D%6F%61%20%6F%73%73%6F%6E%20%2C%6D%65%62%20%61%3E%6C%44%2D%58%37%2A%3C%34%34%64%6F%54%39%36%37%62%39%58%79%37%44%20%44%32%4E%7C%51%79%58%51%79%58%51%58%79%51%79%58%7D%20%2C%37%41%20%44%31%4E%7C%51%20%5D%7B%3C%2A%41%7C%51%79%58%37%44%20%44%31%2E%2E%3E%47%2D%37%41%7C%51%79%58%68%45%7C%51%79%58%2D%44%4C%5A%37%41%20%46%7C%51%79%58%37%43%7C%51%79%58%58%79%51%7C%4E%7A%65%76%20%61%2D%23%46%7C%51%44%20%41%37%2C%2E%72%6F%6C%61%63%20%75%65%74%20%6F%20%65%71%75%20%C3%89%20%32%37%2A%3C%42%2A%5B%59%59%5D%20%2E%3E%44%58%79%32%4E%7D%20%2C%58%44%7C%51%79%51%7C%41%2D%2F%79%58%37%62%42%7C%51%79%58%46%5A%4C%2C%37%20%43%2D%47%7C%51%79%58%36%47%5A%4C%37%44%20%43%51%7C%41%37%58%79%58%23%43%2F%72%61%7A%69%6C%2D%2F%43%23%58%61%72%50%20%20%39%36%2A%3C%43%2A%7B%59%5D%79%51%58%47%5A%4C%37%44%20%43%2F%2D%41%7C%51%79%20%66%69%6E%61%23%46%7C%51%79%7C%51%79%58%37%75%6D%69%6E%64%36%2D%47%7C%51%79%58%37%42%7C%51%79%58%44%51%7C%79%58%6F%23%47%7C%51%79%58%47%3E%2E%2E%6F%58%79%51%7C%41%73%65%72%20%2C%4E%31%44%20%44%2B%2C%4C%5A%44%36%20%44%37%2C%20%7D%58%79%51%58%79%51%20%4C%5A%4E%32%44%20%41%37%2C%20%5A%20=%4C%61%74%69%6E%2D%42%72%61%7A%69%6C%3A%20%53%61%6D%62%61=%32%30%30=%33
8ade4067-3337-449a-b40f-2a0698de775c,irealb://%4D%61%20%50%72%65%6D%69%65%72%65%20%47%75%69%74%61%72%65%20%31=%42%72%6F%75%73%6F%6C%6C%65%2D%44%69%73%74%65%6C==%4D%65%64%69%75%6D%20%53%77%69%6E%67=%41%2D==%31%72%33%34%4C%62%4B%63%75%37%31%4E%5A%4C%20%34%3C%20%41%41%58%37%45%7C%51%79%58%2D%44%5A%4C%37%41%20%41%2D%5A%4C%20%6C%63%4B%51%79%58%2D%41%3E%41%42%79%51%4B%63%6C%34%54%41%2A%7B%5A%4C%20%6C%63%7C%41%2D%20%45%41%42%2A%5B%5D%51%79%58%2D%41%7C%51%79%58%45%37%32%4E%5A%4C%20%51%79%58%51%79%58%7D%20%37%37%58%79%51%4B%51%79%58%37%45%20%3C%28%53%74%6F%70%3F%29%3E%78%20%4C%5A%44%2D%58%79%51%7C%42%37%58%79%51%4B%63%6C%20%4C%5A%46%23%68%28%45%37%29%20%42%37%4C%5A%42%68%20%45%37%20%5A%20==%30=%30
8aa90543-260f-41cf-8925-c8257732c8d0,irealb://%53%68%65%69%6B%20%4F%66%20%41%72%61%62%79%20%31=%53%6D%69%74%68%2D%57%65%65%6C%65%72%2D%53%6E%79%64%65%72==%4D%65%64%69%75%6D%20%53%77%69%6E%67=%42%62==%31%72%33%34%4C%62%4B%63%75%37%42%7C%51%79%58%34%3C%41%42%3E%58%37%2D%43%7C%51%79%58%37%46%7C%51%79%58%2D%37%43%5A%4C%6F%42%20%62%42%7C%51%79%58%62%42%79%51%7C%46%37%34%54%41%2A%5B%79%58%37%46%7C%63%6C%20%4C%5A%43%7C%51%79%58%37%46%7C%51%79%58%37%2D%43%51%7C%79%58%6F%62%44%7C%51%79%58%44%2F%62%42%7C%2D%37%58%79%51%4B%51%79%58%62%58%37%2D%43%7C%42%6F%4C%5A%43%7C%51%79%58%37%2D%43%5A%4C%6F%42%20%62%42%51%7C%79%58%62%42%42%2A%5B%5D%20%37%46%20%37%2D%46%37%58%79%51%20%62%42%7C%51%46%7C%51%79%58%58%79%51%7C%44%20%6C%63%4B%51%79%58%37%43%5A%4C%20%6C%63%51%4B%79%58%37%47%5A%4C%20%6C%63%4B%51%79%58%37%4C%5A%43%2D%37%37%46%7C%51%79%37%58%79%51%7C%42%62%20%42%6F%4C%5A%43%2D%37%20%46%37%20%5A%20==%30=%30
8af8486a-0532-45b9-8e75-a458b595704c,"irealb://%57%69%74%68%20%50%6C%65%6E%74%79%20%4F%66%20%4D%6F%6E%65%79%20%41%6E%64%20%59%6F%75%20%31=%42%75%73%73%65%20%48%65%6E%72%79==%4D%65%64%69%75%6D%20%53%77%69%6E%67=%42%62==%31%72%33%34%4C%62%4B%63%75%37%34%54%41%2A[%34%3C%20%58%20%58%51%79%58%51%79%58]%62%41%3E%2F%20%3C%41,%3E%2F%20%3C,%62%42%3E%2F%20%3C%6E%73%3E%79%51%58%79%51%34%54%69%2A[%20%3E%58%3C%6E%79%51%4B%63%6C%42%3E%2F%20%3C%5A%4C%20%6C%63%4B%51%79%58%46%37%5A%4C%20%6C%63%4B%51%79%58%39%43%5A%4C%20%62,%3C%58%3E%58%39%47%6C%34%20%62%45%42%2A%3C%20%58%3E%73%63%4B%51%79%58%37%2D%43%5A%4C%20%6C%63%4B%79%51%58%39%47%6C%7C,%62%41,%41,%62%42%6E%6C%20%20]{%5A%4C%3E%58%3C%58%51%79%58%51%62%20%47%4C%5A}%51%79%58%62%42%31%4E%5A%4C%37%46%20,%2D%37%43%5A%4C%20%78%20%5A%4C%37%46%20%37%2D%43%58%79%51%58%79%42%5A%4C%6F%45%79%51%7C%55%4E%32%42%62%20%73%41,%41%62%5A%20==%30=%30"
8a8a00b7-1261-4611-bb47-2e90b952c50f,irealb://%42%79%65%20%42%79%65%20%4C%6F%76%65%20%28%42%65%6C%6F%66%66%20%41%72%72%2E%29=%46%65%6C%69%63%65%20%42%72%79%61%6E%74%2C%20%42%6F%75%64%6C%65%61%75%78%20%42%72%79%61%6E%74==%4D%6F%64%65%72%61%74%65%6C%79%20%46%61%73%74=%46==%31%72%33%34%4C%62%4B%63%75%37%73%70%75%6B%63%34%3C%2A%30%36%64%64%41%33%36%2A%3C%7C%6E%2C%37%43%6E%2C%5A%46%4C%20%6E%2C%46%5A%4C%20%6E%2C%46%73%3E%20%20%33%20%70%69%34%54%69%2A%5B%5A%4C%37%43%5A%20%5D%5B%2A%41%42%7C%5A%4C%37%46%5A%4C%46%5A%4C%70%5A%4C%43%37%5A%4C%70%5A%4C%46%5A%4C%70%5A%4C%37%43%6C%62%4C%5A%70%4C%20%6E%2C%46%3E%37%43%2C%46%73%4C%5A%70%4C%5A%62%42%5A%4C%46%5A%4C%62%42%5A%4C%46%5A%4C%42%62%42%2A%5B%5D%20%46%6C%7C%2C%62%42%73%2C%46%4C%5A%46%4C%5A%37%43%5A%4C%70%5A%4C%2C%46%6C%5A%42%62%4C%5A%46%73%5A%4C%46%6C%7C%2C%37%43%2C%46%73%5A%46%4C%5A%4C%62%42%5A%4C%46%5A%4C%62%42%5A%4C%46%2C%43%37%2C%7C%4C%46%6C%7C%2C%51%79%58%55%2C%58%79%51%3E%20%79%58%46%7C%51%79%58%37%43%7C%51%79%58%46%5B%51%20%51%79%58%51%79%58%51%79%58%3E%20%3C%5D%51%7C%66%6C%46%34%32%2A%3C%6E%5A%3C%2A%33%36%20%3E%20=%50%6F%70%2D%52%6F%63%6B=%31%34%30=%32
8a32f0c6-d36e-4175-aa5b-092c0ab2ccf5,irealb://%57%61%6C%6B%20%52%69%67%68%74%20%49%6E%20%28%42%65%6C%6F%66%66%20%41%72%72%2E%29=%47%75%73%20%43%61%6E%6E%6F%6E%2C%20%48%2E%20%57%6F%6F%64%73==%4D%6F%64%65%72%61%74%65%6C%79=%47==%31%72%33%34%4C%62%4B%63%75%37%79%58%47%5A%4C%34%3C%2A%37%31%5A%4C%37%45%20%47%7C%51%79%58%47%3E%30%32%20%31%6B%63%6F%52%2D%70%6F%50%20%79%72%54%20%20%41%37%20%44%37%34%54%69%2A%5B%51%79%58%37%44%47%58%79%51%7C%41%5A%4C%37%45%20%47%7C%51%79%58%47%7C%51%58%79%47%5A%4C%37%44%20%37%41%5A%4C%37%45%20%47%37%58%79%51%7C%41%2A%7B%5D%51%58%47%31%4E%5A%58%79%51%7C%70%41%5A%4C%37%45%20%47%7C%51%79%58%47%41%2A%5D%5B%51%79%58%70%7C%51%79%58%37%43%7C%51%79%58%37%20%44%37%4C%47%42%2A%5B%5D%79%51%7D%7C%4E%32%47%20%45%37%4C%5A%41%37%20%44%37%4C%5A%47%20%45%37%20%5D%58%79%51%20%5B%51%41%37%20%44%37%4C%5A%47%58%79%51%5A%20=%50%6F%70%2D%52%6F%63%6B=%31%32%30=%31
8ae99744-5df6-4bc9-87c6-a99fedebddf4,irealb://%42%6C%75%65%73%20%46%6F%72%20%41%6C%69%63%65=%50%61%72%6B%65%72%20%43%68%61%72%6C%69%65==%4D%65%64%69%75%6D%20%55%70%20%53%77%69%6E%67=%46==%31%72%33%34%4C%62%4B%63%75%37%2D%62%42%7C%51%5E%37%58%79%51%5A%4C%37%46%20%37%2D%43%5A%4C%29%37%62%44%37%28%47%20%37%2D%44%5A%4C%37%41%20%37%68%45%7C%42%62%37%58%79%46%34%34%54%5B%43%20%37%2D%47%4C%5A%41%2D%37%37%46%7C%51%79%58%37%43%7C%51%79%58%37%2D%5A%47%4C%37%62%44%20%37%2D%62%41%5A%4C%37%44%20%20%44%37%4C%5A%37%62%45%20%37%37%20%5A=%4A%61%7A%7A%2D%4D%65%64%69%75%6D%20%55%70%20%53%77%69%6E%67=%31%36%30=%33
8ad0cfc5-bcb9-4741-a68a-773386e2a619,irealb://%41%6C%6C%20%63%68%6F%72%64%73%20%6F%66%20%69%52%65%61%6C%20%32%30%31%38%20%61%5F%67%6B=%47%2E%4B%52%49%53%54%4F%46==%4D%65%64%69%75%6D%20%53%77%69%6E%67=%43==%31%72%33%34%4C%62%4B%63%75%37%64%64%61%43%3E%20%35%3E%43%58%20%31%3C%7C%51%79%58%32%43%3E%39%20%35%20%3C%31%7C%51%79%58%35%43%3E%35%20%31%3C%7C%51%79%33%20%35%20%39%33%20%31%3C%7C%3C%20%68%43%3E%7C%3C%31%20%33%33%62%20%31%3C%7C%51%79%58%6F%43%3E%35%62%33%20%62%20%31%3C%7C%51%79%58%2B%43%3E%35%62%20%20%62%35%20%37%7C%51%79%58%39%20%36%32%2A%3C%61%31%29%3E%20%4D%20%35%20%33%20%31%3C%7C%5A%4C%20%73%75%43%73%20%3E%35%20%34%20%31%20%51%79%58%3C%5A%4C%37%3E%43%5E%20%28%20%36%32%2A%2D%43%3E%37%20%20%4C%5A%3C%31%31%3C%5A%4C%20%3E%29%32%62%28%34%32%2A%3C%37%20%5E%43%7C%51%79%58%2D%43%3E%35%20%33%62%20%20%62%33%20%35%3E%29%31%62%28%32%61%28%36%32%7C%3C%31%20%33%43%7C%51%79%58%73%75%73%37%43%3E%37%20%35%34%20%20%31%3C%7C%51%79%58%37%43%3E%37%20%35%20%68%37%20%3C%2A%7C%51%79%58%37%20%35%20%33%20%3C%31%20%62%33%58%39%5E%43%3E%20%39%20%37%4D%20%35%20%33%31%20%3C%7C%51%79%58%37%6F%43%3E%36%20%35%62%20%79%51%7C%3C%31%5A%4C%20%3E%29%43%3E%39%20%36%31%33%3E%43%5E%33%20%31%3C%5A%4C%20%36%43%20%3E%36%20%35%33%20%20%31%20%20%51%79%58%3C%7C%51%79%58%33%31%20%28%35%29%20%20%39%20%37%4D%3E%39%20%37%4D%7C%3C%31%20%33%20%31%3C%5A%4C%20%3E%29%31%63%28%36%32%2A%20%3C%31%31%23%37%5E%43%3E%20%37%4D%20%35%62%20%33%20%62%35%20%51%79%58%39%36%20%31%3C%7C%51%31%58%79%51%7C%3E%36%20%35%20%33%62%20%31%3C%7C%51%79%58%23%35%37%5E%43%3E%37%4D%20%35%23%20%33%20%31%3C%43%2D%36%58%79%31%23%39%5E%43%20%37%4D%20%35%29%20%36%20%39%3C%7C%51%79%58%37%5E%2D%43%3E%37%4D%20%35%33%20%62%20%31%3C%7C%51%79%58%39%36%2D%43%3E%20%31%20%62%33%20%35%28%20%33%62%79%58%31%31%2D%39%58%79%51%7C%39%20%37%20%35%20%33%62%20%31%3C%7C%51%79%39%58%2D%43%3E%39%20%37%20%35%20%33%62%20%31%3C%20%31%31%3E%43%5E%2D%43%3E%39%51%7C%43%2D%37%62%35%20%20%3C%2A%32%34%28%61%33%29%3E%20%20%5B%20=%4A%61%7A%7A%2D%4C%6F%6E%67%20%4E%6F%74%65%73=%38%30=%33
8a264c07-c507-4c41-a50e-596753bd51ac,irealb://%54%72%61%69%6E%2C%20%54%72%61%69%6E%2C%20%54%72%61%69%6E%20%2D%20%50%41%52%4B%49%4E%47%20%4C%4F%54%20%50%49%43%4B%45%52%27%53%20=%42%72%75%63%65%20%44%69%78==%50%6F%70%20%53%68%75%66%66%6C%65=%47==%31%72%33%34%4C%62%4B%63%75%37%70%61%43%20%20%44%65%66%61%75%20%43%20%5B%20%35%20%6F%70%61%43%20%20%51%58%79%2C%5D%20%47%20%5B%20%3A%79%65%4B%20%74%6C%5D%2C%58%79%51%38%31%2A%3C%20%79%58%51%79%58%20%44%20%5D%3E%42%78%69%44%2F%70%72%61%68%73%32%65%62%20%72%3A%72%41%38%35%2A%3C%20%20%51%79%58%51%79%58%72%75%63%65%3E%5B%20%37%20%6F%70%75%2D%6B%63%36%58%79%51%20%3C%20%51%79%58%51%79%58%51%79%58%3E%56%20%49%2C%20%3A%64%65%73%55%20%73%64%72%6F%68%43%20%2A%35%36%50%69%35%2A%3C%20%51%79%58%44%7C%51%73%3A%20%37%3E%79%58%44%7C%51%79%58%44%7C%51%79%58%47%7C%79%51%58%47%34%34%54%41%2A%5B%51%79%58%51%79%58%51%7C%44%58%79%65%74%6F%6E%20%23%62%3C%51%79%51%7C%47%58%79%79%58%51%79%58%51%79%58%51%79%58%51%79%58%79%51%58%5A%20%20%55%20%47%7C%51%79%58%47%7C%51%51%58%79%51%58%79%58%47%7C%51%3E%20==%31%34%30=%33
8af74ade-38be-4389-a2bc-f6d4467f25e3,irealb://%44%69%67%6E%6F(%20%4D%65%20%49%6E%63%6C%69%6E%6F%20%41%6E%74%65%20%54%69)=%42%72%75%6E%65%74%20%4D%61%72%63%6F%73==%47%6F%73%70%65%6C%20%42%61%6C%6C%61%64=%41==%31%72%33%34%4C%62%4B%63%75%37%2D%23%43%7C)%34%45(%41))%41(%37%2D%23%43%7C)%45(%20)%23(%46%20%20)%23%47(%45%7C)%42(%51%79%58%58%79%51(%42%34%54%69%2A%5B%79%58)%45(%20%20(%46%23%79%58)%23%46(%42%7C)%41(%51%79%58%23)%47(%42%2F%37%2D%23%43%7C)%45(%20)%51%7C%4E%31%41)%23%47(%37%3E%61%66%6F%72(%41)%58%79%2A%3C%41%2A%7B%51%79%58)%46(%37%2D%44%51%7C%79%58%2A%32%64%64%61%2A%44%32%4E%7C%7D%51%36%36%45%73%74%37%2D%41%7C%51%7C%51%79%58%2A%41%58%79%51%7C%45%7C%51%79%58%37%2D%23%46%7C%51%79%58%44%51%7C%79%58%37%2D%23%46%7C%51%79%58%37%2D%23%46%2A%73%75%73%34%7C%51%79%58%41%51%79%58%45%7C%7B%3C%2A%36%36%4E%7C%51%79%58%2D%44%7C%51%79%58%44%3E%78%20%33%2E%2E%2E%2E%6F%6E%69%6C%63%6E%69%20%65%4D%31%41%58%79%51%7D%51%79%58%45%79%58%37%2D%23%32%3C%2A%36%30%37%2D%23%46%7C%51%79%58%41%5A%4C%41%20%2A%73%34%75%73%2A%41%3E%6F%6E%67%69%44%20%51%79%58%58%79%51%7C%46%4E%42%2A%7B%7D%51%7C%41%2F%45%20%45%4C%5A%45%58%79%51%7C%44%58%79%51%7C%44%2D%58%79%51%7D%20=%4A%61%7A%7A%2D%42%61%6C%6C%61%64%20%45%76%65%6E=%36%30=%33
8a6f1ba7-2f9e-4aaa-87da-8150f8f8c4eb,irealb://%53%74%65%61%6D%62%6F%61%74%20%42%69%6C%6C%20%42%6F%6F%67%69%65%20%2D%20%46%6C%69%6E%6E%65%72=%41%2E%20%61%6E%64%20%52%2E%20%44%65%6C%6D%6F%72%65==%50%6F%70%20%2D%20%42%6C%75%65%67%72%61%73%73=%43==%31%72%33%34%4C%62%4B%63%75%37%58%41%7C%51%79%54%34%34%45%58%58%45%7C%51%79%58%45%7C%51%79%58%45%7C%51%58%79%45%7C%51%79%58%45%7C%51%79%58%45%7C%51%79%79%51%7C%45%58%2C%41%2A%2C%5B%20%45%7C%51%79%79%51%7C%45%58%58%42%7C%51%79%58%45%7C%51%79%58%45%7C%51%58%79%41%7C%51%79%58%41%7C%51%79%58%45%7C%51%79%79%51%7C%42%58%58%41%7C%51%79%58%45%7C%51%79%79%51%5D%5B%2C%58%41%7C%51%79%58%41%7C%51%79%58%45%7C%51%58%79%45%7C%51%79%58%45%7C%51%79%58%45%2C%42%2A%79%51%7C%45%58%58%45%5A%4C%42%79%51%7C%42%58%79%51%7C%41%58%79%51%7C%45%58%79%51%7C%45%58%79%51%5D%20==%30=%30
8a69772c-2eb8-44f3-afeb-23f0868e1266,irealb://%42%6F%7A%62%75%72%75%6E=%4F%72%74%61%C3%A7%67%69%6C%20%42%C3%BC%6C%65%6E%74==%4D%65%64%69%75%6D%20%53%77%69%6E%67=%45%2D=%38=%31%72%33%34%4C%62%4B%63%75%37%42%5A%4C%37%2D%2A%36%35%49%6E%42%5A%4C%37%2D%45%5A%4C%37%2D%42%5A%4C%37%45%2D%5A%4C%37%2D%42%5A%4C%37%2D%45%3E%6F%72%74%2D%37%4C%5A%45%3C%34%33%54%5B%45%7C%2C%44%5A%7B%2A%41%53%45%4C%2C%44%6C%5A%4C%37%2D%41%6C%7C%2C%42%2F%2D%37%45%73%20%43%5A%4C%43%5A%4C%44%5A%4C%37%2D%5A%45%2D%37%4C%59%5A%20%37%2D%44%5A%4C%78%5A%44%4C%5A%43%4C%59%7D%2C%44%5A%4C%37%2D%45%5A%4C%44%6C%5A%37%4C%2D%41%6C%7C%2C%42%2F%37%2D%45%73%20%43%5A%5B%2A%42%47%4C%5A%4C%2C%37%2D%20%37%2D%41%5A%78%20%7B%45%2D%3E%70%6F%6B%6E%65%53%3C%20%20%43%32%4E%7C%20%7D%43%31%4E%5A%4C%37%2D%42%5A%4C%44%5A%4C%37%42%2D%37%20%4C%5A%4C%23%46%2F%2F%2D%45%7C%5D%51%7C%45%2D%37%3E%65%6E%69%46%3C%7C%51%79%58%44%5A%4C%20%2D%37%41%5A%4C%20%37%2D%42%20%20%43%7C%5A%4C%20%45%2D%37%20%20%79%58%44%5A%4C%47%20%44%2F%46%23%20%20%3C%44%2E%53%2E%20%61%6C%20%46%69%6E%65%3E%20%5D%20=%4A%61%7A%7A%2D%4D%65%64%69%75%6D%20%53%77%69%6E%67=%31%30%30=%32
8a541032-07e0-42be-82eb-729eba80e00a,irealb://%54%6F%6D%6F%72%72%6F%77%20%49%73%20%41%20%4C%6F%6E%67%20%54%69%6D%65%20%2D%20%46%6C%69%6E%6E%65%72=%44%79%6C%61%6E%20%42%6F%62==%50%6F%70=%47==%31%72%33%34%4C%62%4B%63%75%37%58%43%7C%51%79%54%34%34%47%58%58%47%5A%4C%43%20%47%7C%51%79%58%47%7C%51%58%79%47%7C%51%79%58%47%5A%4C%43%20%47%7C%51%79%79%51%7C%47%58%2C%41%2A%2C%5B%58%44%7C%51%79%79%51%7C%47%58%2C%5B%5D%51%79%58%47%7C%51%79%58%47%7C%51%58%79%44%7C%51%79%58%43%7C%51%79%58%47%7C%51%79%2A%42%2C%43%58%58%44%7C%51%79%58%47%7C%51%79%79%51%7C%47%58%58%44%7C%51%79%58%43%7C%51%79%58%47%7C%51%58%79%47%7C%51%79%58%44%7C%51%79%58%43%7C%51%79%79%51%7C%47%58%58%47%7C%51%79%79%51%7C%43%58%79%51%7C%43%58%79%51%7C%44%58%79%51%7C%44%58%79%51%7C%47%58%79%51%7C%47%58%79%51%5D%20==%30=%30
8a7fc1c0-0d0e-4ef6-b599-82cb44b25885,irealb://%43%61%6D%69%6E%6F%20%43%6F%6E%20%56%6F%73%20%45%73%70%69%72%69%74%75%20%53%61%6E%74%6F=%4A%65%6E%6E%79==%50%6F%70=%44%2D=%36=%31%72%33%34%4C%62%4B%63%75%37%43%20%46%5A%4C%34%44%2D%4C%5A%2C%2D%44%41%2A%7B%59%5D%20%43%5A%4C%2D%47%4C%5A%78%5A%4C%62%42%5A%4C%78%5A%4C%43%5A%4C%78%2A%42%20%42%62%34%54%69%2A%5B%43%5A%4C%78%5A%42%62%4C%5A%46%2E%2E%79%6F%74%73%65%20%6F%64%61%72%61%70%72%65%70%20%36%36%2A%3C%43%2A%5B%59%7D%20%43%20%2E%3E%44%2D%4C%20%2D%44%5A%4C%4C%5A%78%4C%5A%42%62%4C%5A%78%4C%5A%47%2D%4C%5A%43%20%5D%20==%30=%30
8a565666-125f-42eb-a871-b2e0611a1af9,irealb://%47%6F%6F%64%20%52%69%64%64%61%6E%63%65%20%28%54%69%6D%65%20%4F%66%20%59%6F%75%72%20%4C%69%66%65%29%20%2D%20%46%6C%69%6E%6E%65%72=%41%72%6D%73%74%72%6F%6E%67%2C%20%44%69%72%6E%74%2C%20%43%6F%6F%6C==%50%6F%70%20%52%6F%63%6B=%47==%31%72%33%34%4C%62%4B%63%75%37%7C%51%79%58%2D%58%79%51%4B%63%44%7C%51%79%58%43%5A%4C%20%6C%63%4B%51%79%47%58%7C%51%79%58%44%7C%51%79%58%43%5A%4C%20%6C%58%79%51%7C%45%47%34%34%54%5B%58%2D%45%7C%51%43%58%79%51%7C%79%58%2D%45%7C%51%79%58%47%7C%51%79%58%43%51%7C%79%58%44%7C%51%79%58%2D%45%7C%51%79%58%47%51%7C%47%58%79%7C%51%79%58%44%79%51%7C%47%58%79%51%7C%45%2D%58%79%51%7C%44%58%79%51%7C%47%58%79%51%4B%63%6C%20%20%5A%20==%30=%30
8acdac52-b0b0-4e1a-9645-c027e0cb1d3f,"irealb://%4B%6E%65%65%2D%44%65%65%70=%42%72%6F%77%6E%20%5A%61%63==%43%6F%75%6E%74%72%79=%45==%31%72%33%34%4C%62%4B%63%75%37%6C%7C,%42,%79%51%7C%41%58%23%43%73%7C%51%79%58%41%7C%51%79%58%45%5A,%4C%42%20,%45%5A%4C,%42%20,%45%7C%51%79%2D,%42,%41%58%45%41%2A%7B%4C%42%7C%51%79%5B%2A%42%43%23%51%79%58%45%7C%51%79%58%41%5A%4C%37%45%20%7C%45%51%79%58%42%7C%51%79%58%45%7C%51%79%58%2D%7C%46%23%37%58%7D%51%79%58%45%5A%78%20%5D%5B%2A%43%45%20%42%4C%5A%73%45,%42%2F%44%23,%43%23%2D,%42,%7C%6C%41%4C%5A%46%23%37%4C%5A%41%4C%5A%41%2F%42%20%5D%20=%50%6F%70%2D%43%6F%75%6E%74%72%79=%31%38%30=%33"
8a9a52a6-3cb7-433a-8b09-6b21fe676d28,"irealb://%44%65%20%51%75%65%72%65%72%74%65%20%41%73%C3%AD=%43%68%61%72%6C%65%73%20%41%7A%6E%61%76%6F%75%72%20%2D%20%54%6F%6E%69%7A%61%6B==%50%6F%70%20%42%61%6C%6C%61%64=%42%62==%31%72%33%34%4C%62%4B%63%75%37%51%79%58%5E%62%34%42%62%5E%58%20%33%31%42%20%37%2D%43%5A%4C%33%31%62%44%37%20%2D%44%5A%4C%37%2D%62%45%20%68%43%7C%51%79%5D%7B%2A%41%42%34%54%69%2A%5B%5A%4C%73%75%73%79%51%7C%42%62%43%5A%4C%37%43%20%33%31%43%5A%4C%37%47%20%2D%37%46%5A%4C%37%44%20%41%2F%44%7C%51%79%58%5E%2D%37%20%46%39%58%6F%62%42%7C%62%45%42%2A%5B%37,%44%62%31%58%51%79%58%51%79%58%5D%51%79%58,%5E%62%6C%42%32%4E%7C%7D,%33%31%42,%37%2D%43,%33%79%51%58%79%51%2D%44%73%31%4E%5E%62%47%7C%51%37%4C%5A%44%62%4C%37%43%20%68%47%7C%51%79%58%5E%62%44%5A%37%4C%62%41%20%37%2D%62%45%5A%4C%37%62%42%20%5E%5A%46%5E%58%79%62%41%20%37%2D%51%79%58%6F%62%62%2D%37%58%79%5E%62%42%41%2A%5B%51%79%58%51%79%58%51%79%51%58%79%58%5D%20%33%31%62%37%46%20%68%43%7C%51%58%79%51%7C%42%45%7C%51%79%58%37%2D%43%5A%4C%79%51%7C%44%2F%5A%4C%37%46%20%37%2D%43%5A%4C%37%43%20%33%43%31%5A%4C%37%47%20%37%2D%46%5A%4C%37%44%20%41%44%68%20%47%37%58%5E%62%42%7C%37%46%20%37%2D%4C%5A%45%62%2D%6F%62%42%7C%51%79%58%5E%62%42,%43%2A,%20%5B%20%51%79%58%51%79%58%5D%20%37%46%66%20%37%58%79%51%7C%43%36%2D%62%45%20%23%39%4C%5A%55%42%62%5E,%58%79%51%5A%20=%4A%61%7A%7A%2D%42%61%6C%6C%61%64%20%45%76%65%6E=%37%30=%31"
8aeb7539-10ad-4cca-be49-b6b3cb8f5471,irealb://%44%65%73%65%72%74%20%41%69%72%20%52%65%61%6C%42%6F%6B=%43%6F%72%65%61%20%43%68%69%63%6B==%57%61%6C%74%7A=%46%2D==%31%72%33%34%4C%62%4B%63%75%37%4C%37%5E%62%44%34%44%62%5E%37%5A%4C%78%5A%4C%2D%46%5A%4C%46%2F%37%5E%62%5A%47%4C%78%5A%4C%46%2F%37%5E%2D%43%5A%4C%46%2F%43%5E%37%4C%5A%33%54%41%2A%7B%2F%37%5E%62%41%4C%5A%78%4C%5A%5A%4C%78%5A%4C%47%2F%37%5E%62%41%5A%4C%37%47%5E%5A%4C%78%5A%4C%78%5A%4C%78%5A%4C%37%2D%46%47%5E%37%4C%5A%39%23%37%45%5A%78%5A%4C%42%2F%5A%45%5E%37%4C%43%5A%4C%37%5E%42%5A%4C%78%5A%4C%45%2F%2D%5A%41%4C%37%5E%45%5A%4C%78%5A%4C%45%2F%2D%41%5A%5E%37%23%31%31%4C%78%5A%4C%47%37%2D%62%42%32%4E%31%42%62%2D%7C%51%79%58%51%79%58%51%79%58%51%79%58%7D%39%20%62%37%43%5A%4C%78%5A%4C%78%5A%4C%35%62%37%59%5B%2A%42%4E%5A%4C%78%5A%4C%5A%4C%6F%62%45%62%37%62%39%4C%43%5A%4C%37%2D%41%5A%4C%35%62%37%2D%23%46%4C%5A%39%62%37%62%44%5A%4C%35%62%37%2D%62%41%5A%2D%5E%37%4C%5A%45%5A%4C%35%62%2D%46%5A%4C%37%2D%4C%5A%42%62%31%31%23%37%5E%62%42%5A%4C%35%62%37%2D%42%4C%5A%2D%44%5A%4C%35%62%37%2D%62%44%5A%4C%36%2D%4C%5A%42%62%2D%47%5A%4C%2D%45%2A%46%28%20%7D%37%2F%46%4C%5A%62%47%5A%4C%2D%46%5A%4C%46%2F%37%5E%62%47%4C%5A%2D%46%5A%4C%46%2F%37%5E%62%47%5A%4C%2D%46%5E%37%2F%46%20%5E%62%47%5A%4C%73%75%73%34%2A%29%20=%4A%61%7A%7A%2D%4D%65%64%69%75%6D%20%53%77%69%6E%67=%31%30%30=%30
8a555884-6df0-4f8c-9d70-00ae22a8971a,irealb://%44%69%67%6E%6F%20%45%72%65%73%20%53%65%C3%B1%6F%72=%4D%2E%20%42%61%72%72%69%65%6E%74%6F%73==%4D%65%64%69%75%6D%20%53%77%69%6E%67=%47==%31%72%33%34%4C%62%4B%63%75%37%20%2C%2A%37%6D%34%43%2C%58%79%58%2C%2A%37%6D%2A%45%7C%51%79%58%2C%47%5A%2C%4C%44%20%2C%43%7C%51%79%58%2C%42%2F%47%7C%51%79%51%7C%42%2A%34%54%41%2A%7B%2A%37%6D%2A%41%2A%6D%37%2A%2C%23%46%2F%44%7C%51%79%58%2C%47%42%2A%5B%5D%79%51%58%2C%44%5A%4C%2C%47%2F%2A%37%6D%2A%41%20%2C%58%79%51%7C%41%5A%4C%2C%43%4C%2C%47%2F%2A%2C%4C%5A%43%2C%2C%2A%37%6D%2A%41%31%4E%5A%4C%2C%43%20%2C%2F%42%47%5A%4C%2C%43%2F%44%20%2C%44%7C%51%79%58%20%41%2A%6D%37%42%2F%47%20%2C%79%58%2C%43%5A%51%7D%58%79%51%20%2C%2A%37%6D%2A%41%5B%5D%51%79%58%44%5A%73%4C%75%73%44%20%2C%43%32%4E%5A%4C%20%51%79%58%47%2F%42%2C%4C%79%58%2C%44%5A%51%7C%41%2A%6D%37%2A%2C%20%47%2F%42%2C%4C%5A%44%2C%58%79%51%5D%20=%50%6F%70%2D%53%6C%6F%77%20%52%6F%63%6B=%30=%33
8a3af7ff-b1a8-4e7b-98dd-f4df593dbda4,irealb://%46%4D%20%4E%6F%20%53%74%61%74%69%63%20%41%74%20%41%6C%6C=%44%61%6E%20%53%74%65%65%6C%79==%4D%65%64%69%75%6D%20%53%77%69%6E%67=%43==%31%72%33%34%4C%62%4B%63%75%37%45%7C%2C%47%2F%43%37%2C%70%70%7C%2C%42%2F%41%2C%23%43%2F%31%31%2D%45%7C%47%2C%2F%57%2C%37%2D%45%7B%6E%2C%35%23%37%42%7C%45%2D%37%2C%57%6E%73%69%2A%7C%57%20%37%2D%45%23%2C%70%41%2F%39%64%64%61%41%20%2C%23%43%2F%37%41%5A%4C%2F%47%57%20%37%2D%45%41%2A%53%7B%59%7D%6E%2C%42%2F%42%2C%4C%5A%43%2F%31%31%2D%5A%4C%2C%42%2F%37%2F%43%23%2C%20%2C%23%43%2F%37%41%5A%4C%47%2F%57%20%37%45%2D%42%2A%5B%5A%4C%2C%42%2F%39%64%64%61%41%20%41%61%64%64%39%41%5A%4C%47%2F%5A%4C%2C%33%31%2F%47%4C%5A%43%31%4E%7C%51%79%58%33%31%42%7C%51%79%58%37%46%23%7C%2C%47%2C%37%2D%41%2C%37%2D%42%2C%37%5E%45%36%39%20%41%57%20%37%2D%45%37%23%47%20%39%51%7C%41%2D%37%7D%51%79%58%42%5A%4C%2C%35%62%37%43%20%37%23%68%43%7C%51%79%58%39%2D%45%5A%4C%36%2D%41%20%7C%4E%32%45%36%79%58%37%5E%42%58%37%43%5A%4C%23%2D%31%31%20%39%41%7C%51%79%58%39%41%5A%4C%2C%31%31%2D%46%23%20%37%2D%23%46%43%2A%5D%20%2C%33%31%23%46%2C%20%44%2F%45%43%5A%4C%35%23%3E%6F%6C%6F%53%23%35%20%55%3C%2A%5B%59%20%51%79%58%5D%20%6E%3E%2E%64%6E%20%45%64%6E%32%20%6C%61%20%2E%53%2E%44%30%36%2A%44%3C%2A%36%39%37%42%7C%51%79%5A%4C%23%43%2F%31%33%2C%4C%5A%5E%44%5A%4C%2C%37%43%20%37%2D%45%5A%4C%2C%31%33%41%20%39%2D%45%5A%4C%2C%37%43%20%37%2D%45%37%4C%5A%41%32%41%20%39%2D%45%43%5E%37%4C%5A%42%37%23%35%4C%5A%45%2D%39%4C%5A%41%31%33%73%75%73%4C%5A%43%31%33%4C%5A%42%37%23%35%2C%6E%5D%20=%50%6F%70%2D%53%6F%75%6C=%39%35=%32
8afee59a-0425-49cb-8887-17c3d8756a8d,irealb://%53%61%6E%74%6F%20%50%6F%72%20%53%69%65%6D%70%72%65%20%28%48%6F%6C%79%20%46%6F%72%65%76%65%72%29=%4A%6F%68%6E%73%6F%6E%20%4A%65%6E%6E==%57%6F%72%73%68%69%70=%46=%31%31=%31%72%33%34%4C%62%4B%63%75%37%51%79%58%46%6C%34%42%62%58%79%43%2C%37%2D%44%73%32%4E%7D%20%37%2D%44%31%7C%4E%51%79%58%41%2F%46%7C%51%79%58%2C%43%7C%51%2C%5D%7B%2A%41%34%54%69%2A%7B%31%4E%7C%51%79%4C%5A%44%2D%37%51%79%58%2C%43%6C%7C%2C%37%2D%44%73%20%20%42%62%42%2A%7B%7D%51%79%58%2C%62%42%5A%4C%43%20%7C%44%2D%37%58%46%20%62%42%7C%51%79%58%37%2D%32%47%2D%37%20%37%2D%44%7C%51%79%58%41%2F%46%7C%51%79%58%43%2C%6C%7C%2C%2D%44%73%20%20%62%42%43%2A%5B%5D%58%79%51%7C%47%4E%7D%20%62%42%42%7C%51%79%58%7C%46%2C%70%70%79%58%43%6C%7C%2C%37%2D%44%73%20%20%62%42%2A%44%7B%5D%70%70%70%70%7C%70%29%73%75%73%46%28%51%7C%44%2D%37%51%79%58%43%7C%62%3C%2A%31%35%78%34%3E%20%7D%4E%30%3C%2A%36%36%20%34%3E%47%2D%37%2C%20%5D%20==%30=%30
8ad42ea9-0ebb-4001-b695-c808c47b4497,"irealb://%47%72%6F%77%6E%2D%75%70%20%43%68%72%69%73%74%6D%61%73%20%4C%69%73%74=%44%61%76%69%64%20%46%6F%73%74%65%72%3B%20%4C%69%6E%64%61%20%54%68%6F%6D%70%73%6F%6E%2D%4A%65%6E%6E%65%72==%4D%65%64%69%75%6D%20%53%77%69%6E%67=%42%62==%31%72%33%34%4C%62%4B%63%75%37%20,%73%75%73%34%73%42%62%5E%43%6C,%44%2F%62%42%70%5A%4C,%37%5E%62,%45%37%2D%44%70%7C%70,%37%47,%37%46,%37%2D%37%4C%5A%46%34%54%76%2A%5B,%73%75%73%46%2A%41%73%42%62%6C,%44%2F%62%42%70%5A%4C,%37%5E%62%45%37,%2D%44%70%7C%70,%37%47,%37%46,%37%5E%43%2D%37%4C%5A%7B%5D%20%37%46%20,%73%75%73%7C%73%42%62%5E%43%6C,%44%2F%62%42%70%5A%4C,%37%5E%62,%45%37%2D%44%70%7C%70,%37%47,%37%46,%37%2D%37%4C%5A%46%5A%4C%37%46%20%2F%37%2D%45%70%42%73%47%5E%37%37%2D%42%7C,%44%2F%37%41%70,%37%2D%41%37,%5E%43%7C,%37%2D%45,%45%2F%37%42%70,,%45%2D%37,%2A%5A%4C%37%46%2D%45,%37%2D%37%20%44%37%73%37%41%70,%37%2D%41,%37%5E%43%7C,%37%45%2D,%45%2F%37%42%70,%37%5E%47%5A%4C%73%75%2F%44,%7C%42%5E%43%7C,%44,%47%2F%43,%37%2F%44,%7C%37%44,%37%2D%41,%37%2D%45,%37%2D%42,%7C%39%62%37%23%46%70%70,%35%62%37%2D%23%43,%7C%4E%31%47%2D%45%70,%37%2F%43,%47%32%37%2F%44%23,%7D%70%70,%37%44,%73%75%73%37%44%7C,%2D%37%41,%37%5E%43,%37%2D%42,%37%2D%45%7C%58%79%51%20%4E%42,%47%2F%44%42%7C,%37%23,%47,%5D%58%7C,%37%41,%37%2D%45%5A%4C%37%5E%43%5A%73%4C%75%73%37%47%43%2A%5B%20%20%51%79%58%51%79%44%5E%37,%46%47%2F%44,%47%34%37%2A%3C%44%2D%37,%7C%44%37%23%46,%73%75%73%37%23%46%7C,%37%2D%43%23,%37%2D%23%44%7C,%37%5E%45,%37%2D%23,%5D%59%5B%2A%23%47,%37%5E%43%7C,%62%45%63%68%61%6E%67,%37%2D%62%42%70,%37%5E%62%44%7C,%37%46%2D,%46%2F%37%2D%43%70,%37%5E%62%41%3E%65%42%62%2D%37%2F%20%79%65%4B%20%37%5E%62%44%7C%2D%37,%46%2D%46%2F%37%2D%43%70,%37%5E%62%41%7C%5A%4C%75%73%73%62%45%20%37%5E%62%44%7C,%62%45%2F%37,%46%2D%37,%46%70,%37%2D%2D%43%5A%4C%35%37,%42%62%2D%20,%35%62%37%2D%44%7C,%62%45%2F%37%2D,%46%37%2D%46%70,%37%2D%43%7C,%62%45%2F%37%47%37%62%39%23%2D%62%42%70,%42,%37%2D%46,%42%62%2D%37,%31%31%23%39%62%44,%35%62%37%2D%44,%2D%37%46,%37%2D%43%7C,%73%75%73%37%62%45,%7C%43%2D%37,%37%2D%46,%37%62%2D%37,%45%62%2D%37,%7C%41%62,%70%46%37%73%75%73,%46%37,%5A%20=%4A%61%7A%7A%2D%4D%65%64%69%75%6D%20%53%77%69%6E%67=%31%30%30=%33"
8aa3c0a1-b7c3-402c-a424-3749c5f007c4,irealb://%53%61%6E%74%6F%20%53%61%6E%74%6F%20%53%61%6E%74%6F%20%2D%20%52%65%79%20%44%65%20%52%65%79%65%73%20%28%6D%65%64%29=%50%75%62%6C%69%63%20%44%6F%6D%61%69%6E%20%2D%20%48%69%6C%6C%73%6F%6E%67==%48%79%6D%6E=%43==%31%72%33%34%4C%62%4B%63%75%37%2C%73%75%73%43%34%43%2C%20%47%2C%42%2F%47%2C%41%2F%46%73%20%2C%46%5A%4C%47%2C%2F%37%2D%41%20%2C%37%2D%41%5A%4C%2C%42%2F%7C%6C%43%2C%20%34%54%41%2A%7B%2D%41%20%2C%43%47%2F%42%4C%5A%37%47%20%2C%73%75%73%37%47%5A%4C%2C%23%46%37%2F%44%20%2C%37%44%5A%4C%2C%47%20%2C%37%2D%41%20%5D%5B%2A%42%20%2C%43%5A%4C%37%2D%45%20%2C%47%2C%47%2F%42%2C%42%2F%47%20%2C%43%6C%7C%2C%42%2F%47%2C%2F%41%46%73%20%2C%46%6C%7C%2C%45%2F%43%2C%43%2C%4C%5A%41%2D%37%73%5A%4C%2C%37%3C%29%73%75%73%20%41%2D%2C%4C%73%43%20%2C%43%3E%3A%67%75%61%20%20%51%79%36%58%36%2A%3C%5A%4C%2C%37%47%20%2C%37%2D%44%5A%75%73%28%41%37%2C%46%5A%4C%2C%51%79%58%37%2D%3E%20%7D%59%7B%46%7C%51%79%58%3E%53%45%59%45%52%20%45%44%59%20%45%52%34%37%2A%3C%45%2F%43%34%34%54%42%2A%58%79%51%7C%41%33%78%36%30%2A%7C%47%73%75%73%20%47%4C%5A%43%2F%45%58%79%51%7C%46%58%79%51%7C%41%2D%37%20%46%4C%5A%47%20%43%20%7D%20==%30=%30
8ade9b53-19d0-4584-80be-beb6ed348249,irealb://%4A%65%73%75%63%72%69%73%74%6F%20%42%61%73%74%61=%43%6F%72%61%7A%C3%B3%6E%20%55%6E==%42%61%6C%61%64%61=%47==%31%72%33%34%4C%62%4B%63%75%37%7A%61%72%6F%63%34%45%2D%20%43%73%65%75%4E%20%39%36%2A%3C%41%2A%5B%5D%51%58%79%47%5A%4C%43%20%2D%45%7C%51%79%58%47%5A%4C%74%72%6F%73%20%34%54%69%2A%5B%20%2D%45%7C%51%2E%2E%3E%45%2D%43%20%2D%45%7C%51%79%58%47%5A%4C%43%20%2D%6C%45%7C%2C%23%46%2F%44%73%20%20%47%5A%4C%43%20%4C%5A%47%58%79%2E%73%65%6E%6F%51%79%58%2C%43%20%44%20%5D%7B%6D%61%20%73%6F%6E%20%73%6F%6D%6F%73%20%6F%6F%6D%63%20%79%20%6C%61%54%20%39%36%2A%3C%42%2A%6F%2E%2E%2E%3E%2C%47%5A%4C%43%65%62%20%6C%61%4C%5A%43%2C%58%61%75%67%61%20%6C%65%20%73%65%20%6C%45%20%36%39%2A%3C%43%2A%7B%7D%20%44%20%2D%45%7C%51%79%20%71%75%65%20%44%20%2D%45%7C%62%65%72%2E%2E%3E%47%20%44%4C%5A%45%2D%20%43%4C%5A%47%20%44%4C%5A%45%2D%20%43%20%7D%20==%30=%30
8a415751-4573-4302-a352-379518cf621b,irealb://%4D%6F%74%68%65%72%27%73%20%50%72%61%79%65%72%20%2D%20%46%6C%69%6E%6E%65%72=%46%6F%77%6C%65%72%20%57%61%6C%6C%79==%50%6F%70%20%2D%20%42%6C%75%65%67%72%61%73%73=%43==%31%72%33%34%4C%62%4B%63%75%37%58%46%5A%4C%20%54%34%34%43%58%58%47%5A%4C%20%6C%63%4B%51%79%58%43%5A%4C%78%20%20%5A%4C%20%78%20%5A%4C%20%6C%63%4B%51%79%79%51%4B%63%6C%2C%76%2A%2C%5B%6C%63%4B%51%79%20%4C%5A%43%58%2C%5B%5D%20%20%6C%63%4B%51%79%58%43%7C%51%58%79%47%7C%51%79%58%43%5A%4C%20%6C%63%4B%51%79%2A%43%2C%46%58%6C%63%4B%51%79%6C%63%4B%51%79%79%51%4B%63%6C%6C%63%4B%51%79%58%46%5A%4C%20%6C%63%4B%51%58%79%47%5A%4C%20%6C%63%4B%51%79%58%43%5A%4C%20%20%4C%5A%43%58%58%43%5A%4C%20%20%4C%5A%43%58%79%51%7C%47%58%79%51%7C%43%58%79%51%4B%63%6C%20%20%5A%20==%30=%30
8a70b307-856c-4f3e-9746-5f4e239b581d,irealb://%48%6F%77%20%4C%6F%6E%67%20%42%6C%75%65%73=%43%61%72%72%20%4C%65%72%6F%79==%4D%65%64%69%75%6D%20%53%6C%6F%77%20%42%6C%75%65%73=%45%62==%31%72%33%34%4C%62%4B%63%75%37%45%2F%62%41%20%34%45%62%58%79%58%37%62%42%7C%51%79%58%62%45%5A%4C%20%6C%4B%63%51%79%58%62%41%7C%51%79%58%37%62%45%7C%51%79%51%7C%45%62%34%54%41%2A%5B%62%4C%5A%45%62%58%79%51%5A%20=%42%6C%75%65%73%2D%46%6C%61%74%20%54%69%72%65=%38%36=%38
8a1093c7-c72b-429a-9db0-138e93af3776,irealb://%50%72%6F%67%72%65%73%73%69%6F%6E%20%23%38=%45%78%65%72%63%69%73%65==%4D%65%64%69%75%6D%20%53%77%69%6E%67=%43==%31%72%33%34%4C%62%4B%63%75%37%44%7C%51%79%58%79%51%7C%47%62%45%7C%51%79%58%37%2D%45%7C%51%79%58%39%2D%7C%46%51%79%58%39%5E%46%7C%51%79%58%31%31%23%37%62%37%23%31%31%58%39%5E%43%5B%2D%39%58%79%51%7C%44%62%37%23%31%31%58%79%51%5D%20=%4A%61%7A%7A%2D%45%76%65%6E%20%38%74%68%73%20%4F%70%65%6E=%39%32=%34
8a81cf65-fd82-4860-9f6b-b097f79daadf,irealb://%4C%65%74%74%65%72%20%66%72%6F%6D%20%48%6F%6D%65=%50%61%74%20%4D%65%74%68%65%6E%79%2F%4C%79%6C%65%20%4D%61%79%73==%42%61%6C%6C%61%64%20%45%76%65%6E=%42%62==%31%72%33%34%4C%62%4B%63%75%37%2D%41%5A%4C%46%34%42%62%58%79%34%34%54%7C%51%79%58%62%45%34%33%54%7C%51%58%79%39%64%64%61%2D%47%5A%4C%62%41%20%46%7C%51%47%62%5E%37%20%34%54%41%2A%7B%42%2A%5B%20%51%4C%5A%42%62%2D%51%79%58%51%79%58%51%79%58%5D%20%45%2F%43%44%20%2F%39%64%64%61%62%42%5A%4C%37%43%20%37%5E%58%79%51%58%79%41%2F%5E%46%20%41%5A%4C%5E%62%4C%5A%41%62%61%2A%5A%4C%51%79%58%7C%62%42%2C%73%75%73%62%73%42%20%62%44%5A%4C%73%75%73%37%43%20%39%64%64%42%6C%46%20%44%5E%62%44%20%46%2D%62%45%2C%37%20%43%37%73%75%45%2C%73%75%73%62%45%73%5A%4C%39%2D%46%20%64%39%64%61%62%41%5A%4C%62%45%20%62%44%5A%4C%73%62%2C%73%46%2D%39%64%64%61%62%79%58%39%64%64%62%2F%44%20%41%5A%4C%73%75%73%39%62%45%20%39%2D%62%42%5A%2C%4C%39%5E%62%44%20%39%62%42%5A%4C%43%2F%36%62%4E%31%46%2D%61%42%6C%7C%2C%37%51%7C%78%58%79%51%7D%58%79%51%58%79%51%20%4C%5A%54%37%38%4E%32%73%41%62%5E%39%4C%5A%78%4C%5A%78%4C%5A%78%4C%5A%78%4C%5A%78%4C%5A%78%4C%5A%78%55%20%5A%20==%39%30=%30
8a453afb-10e8-4e1e-8de8-f932db6cc757,irealb://%4C%6F%6F%6B%20%4F%66%20%4C%6F%76%65%20%2D%20%44%75%73%74%79%20%53%2E%20%76%65%72%73%69%6F%6E%2C%20%54%68%65=%42%61%63%68%61%72%61%63%68%20%42%75%72%74==%42%6F%73%73%61%20%4E%6F%76%61=%43%23%2D=%34=%31%72%33%34%4C%62%4B%63%75%37%47%5A%4C%20%6C%34%43%23%2D%58%36%41%7C%51%79%58%37%2D%23%47%7C%51%79%58%23%2D%47%7C%51%79%58%73%75%73%37%23%43%7C%51%79%58%79%51%4B%63%34%54%41%2A%5B%20%6C%63%4B%51%58%79%51%7C%47%6C%5A%4C%37%23%43%20%73%75%73%37%23%43%7C%79%51%58%37%2D%23%43%42%2A%5B%5D%51%79%58%37%23%41%5E%37%58%79%73%75%73%37%23%79%58%51%79%58%58%79%51%7C%45%20%2D%23%43%7C%51%79%58%37%23%47%5A%4C%20%63%6C%4B%51%79%58%37%5E%41%5A%4C%37%45%20%37%5E%46%23%37%20%5D%36%2D%41%5A%4C%42%2F%37%5E%45%43%45%5E%37%2F%31%31%42%20%42%2F%37%2D%23%46%34%32%54%7C%79%51%58%78%7C%51%79%58%31%31%42%7C%51%79%58%42%4C%5A%54%34%34%2A%5B%20%20%51%43%2C%44%2A%2C%31%31%58%79%51%58%5D%20%6E%20%3E%2E%64%6E%45%20%74%73%31%6C%20%61%20%2E%43%2E%44%3C%73%75%73%33%31%42%7C%79%51%20%59%5B%42%7C%51%79%58%23%2D%58%79%51%4B%63%6C%20%4C%5A%43%2B%58%79%51%4B%63%6C%20%4C%5A%42%31%31%58%79%51%7C%42%31%33%73%75%73%58%79%51%7C%55%43%23%2D%20%6E%20%5D%20=%4C%61%74%69%6E%2D%43%75%62%61%3A%20%43%68%61%20%43%68%61%20%43%68%61=%31%32%30=%32
8a13ed64-eae9-4e2a-b0fb-5c869e91b5c9,irealb://%4D%72%2E%20%50%2E%43%2E%20%2D%20%53%4D=%43%6F%6C%74%72%61%6E%65%20%4A%6F%68%6E==%55%70%20%54%65%6D%70%6F%20%53%77%69%6E%67=%43%2D==%31%72%33%34%4C%62%4B%63%75%37%73%20%2D%43%5A%34%43%2D%58%79%51%79%58%2D%46%7C%51%79%58%2D%43%6C%7C%2C%43%2D%2C%2D%47%73%20%2D%43%5A%4C%20%6C%63%4B%51%4B%63%6C%20%4C%34%54%41%2A%7B%2D%43%2C%2D%47%2C%7C%6C%43%2D%4C%2C%51%2C%20%20%35%23%37%47%5A%4C%20%37%41%62%3E%29%3A%73%6F%6C%6F%53%28%3C%7C%51%79%58%5A%43%2D%20%73%2D%43%2C%2D%47%41%5A%4C%36%2D%58%79%51%20%7D%2D%43%5A%4C%78%5A%4C%36%2D%46%5A%4C%37%43%4C%5A%78%5A%4C%78%5A%4C%20%36%2D%43%42%2A%7B%59%36%20%4C%5A%43%2D%43%6C%7C%2C%2D%43%51%59%7C%37%23%35%20%4C%20%3E%61%64%6F%43%20%6C%61%20%2E%43%2E%44%35%3C%23%37%47%3E%78%36%3C%5A%4C%20%36%2D%43%5A%20%7D%58%79%51%47%5A%4C%37%62%20%73%47%2D%2C%43%2D%2C%7C%6C%43%2D%58%79%51%7C%41%62%37%58%79%51%7C%47%37%23%35%58%79%51%7C%43%2D%20%73%47%2D%2C%43%2D%2C%7C%6C%43%2D%20%20%5A%55%20=%4A%61%7A%7A%2D%55%70%20%54%65%6D%70%6F%20%53%77%69%6E%67=%32%35%32=%31
8a46c079-c6df-48e3-94f4-69f1e837f9de,"irealb://%4D%79%20%46%6F%6F%6C%69%73%68%20%48%65%61%72%74%20(%48%4C%76%31%34%31)=%56%69%63%74%6F%72%20%59%6F%75%6E%67%20%2D%20%4E%65%64%20%57%61%73%68%69%6E%67%74%6F%6E==%42%61%6C%6C%61%64%65%20%4A%61%7A%7A=%42%62==%31%72%33%34%4C%62%4B%63%75%37%43%3E%22%2E%4B%34%3C%2A%36%36%65%72%70%20%74%73%75%6A%20,%65%67%61%73%65%73%6D%20%22%72%6F%72%72%45%22%20%6E%4F%20%20%73%73%20%22%4F%34%54%69%2A%5B%2A%5B%5D%20%39%37,%20%43%37%2D%43%6C%7C,%36%62%44,%36%62%42%73%5A%39%4C%62%37%46%20,%73%75%73%37%46%20,%35%23%37%20%46%37%62%43%5A%4C%37%2D%47%5A%4C%37%44%58%79%51%7C%47%51%79%58%35%23%37%41%7C,%62%42%2F%2A%2E%57%2A%20%20%37%2D%43%5A%4C%37%47%20%73%75%73%37%7C%44%2D%37%20%37%5E%62%42%41%45%5A%4C%46%2F%7C%43%2D%37%58%2D%46%7C%51%79%58%46%2F%37%5E%62%42%42%2A%5D%5B%20%39%62%37%46%20%73%75%73%37%46%7C%51%79%37%20%42%62%37%51%79%58%37%2D%35%23%37%46%20%7C%44%37%62%39%79%58%37%5E%46%5A%4C%39%62%37%43%20%73%75%37%73%43%5A%4C%37%5E%2D%47%20%2D%47%7C%51%79%58%51%7C%43%2D%36%51%79%58%36%62%58%37%2D%47%5A%42%62%5E%37%58%2D%44%7C%51%79%58%35%23%37%41%7C%51%79%58%2D%37%43%5A%4C%37%47%20%73%75%73%37%47%7C%51%79%37%20%44%37%4C%41%2A%5B%5D%20%42%5A%4C%37%62%37,%20%57%2A%37%2D%62%45%7C%51%79%58%37%2D%47%6C%43%2A%5D%5B%20%37%44%20%37%2D%41%5A%4C%62%42%2F%2A%2E%2F%41%62%20%41%2D%43%7C%51%79,%36%62%42%73%62%5E%37%4C%5A%46%20,%73%75%73%37%46%20,%35%23%37%43,%20%37%43%5A%4C%37%2D%43%5A%4C%37%47%20%37%44%37%62%39%4C%5A%45%20%37%5E%62%62%42%2F%2A%2E%6C%43%2D%37%20%2D%43%5A%4C%37%47%20%37%2D%44%5A%4C%37%5E%45%62%20%37%5E%62%42%41%2A%5B%5D%20%39%62%37%46%37,%20%57%2A%7C,%36%62%44%20%37%44%20%37%62%35%58%79%51%62%42%2F%2A%2E%2A%57%20,%37%2D%43%5A%4C%62%37%44%20%37%2D%47%5A%4C%37%44%20%37%2D%44%7C,%4C%5A%41%2D%37%41%5A%4C,%47%5A%4C%37%2D%2D%37%58%79%51%20%37%44%5A%4C%37%5E%62%45%6C,%37%45,%5E%37%62%42%73%5A%4C%37%62%41%20%37%2D%62%45%7C%47%37%4C%5A%43%47%43%2A%5B%5D%62%37%23%39%62%35%20%47%62%37%23%35%20%46%37%73%75%73%20%46%37%62%39%4C%5A%6C%42%62%36,%20%43%62%5E%37,%4C%5A%55%42%62%5E%37%20%5A%20=%4A%61%7A%7A%2D%42%61%6C%6C%61%64%20%45%76%65%6E=%36%30=%31"
8a4ccfcb-4490-48f7-9464-1c28e5c8c942,"irealb://%53%61%6E%74%61%6E%61%20(%70%61%67%65%20%31)=%4B%61%79%61%68==%52%27%6E%27%42=%43%2D==%31%72%33%34%4C%62%4B%63%75%37%4B%51%79%58%39%34%3C%2A%36%36%20%6C%63%4B%51%79%58%39%2D%45%5A%4C%20%6C%4B%63%51%79%58%31%31%2D%47%3E%6F%6E%61%69%50%20%4C%5A%46%2D%36%34%54%69%2A%5B%51%79%58%39%2D%44%2D%39%58%79%63%4B%51%79%58%31%31%2D%47%3E%6C%61%63%6F%20%56%39%36%2A%3C%41%2A%7B%5D%20%20%6C%63%4B%51%6C%20%4C%5A%45%5A%4C%20%6C%63%5A%4C%20%6C%63%5A%46%2D%36%39%2D%43%32%4E%42%2A%7B%7D%20%20%6C%63%4B%51%58%79%39%2D%44%31%4E%5A%4C%20%6C%63%4B%51%79%58%39%58%79%51%4B%4C%20%6C%63%4B%7C%7D%20%20%6C%58%79%51%4B%63%39%2D%46%5A%4C%20%6C%63%4B%51%79%58%39%2D%3E%43%73%73%61%42%20%39%36%2A%3C%7B%7D%20%20%6C%58%79%51%4B%63%43%2F%39%2D%46%4C%20%6C%63%4B%51%7C%46%2D%39%2D%47%3E%20%39%36%2A%3C%41%2A%7B%5D%20%20%63%6C%4B%51%79%58%73%75%73%37%62%42%7C%51%79%58%31%31%58%79%51%79%58%39%2D%43%58%36%36%2A%3C%79%51%4B%63%6C%7D%20%20%6C%63%4B%51%79%58%39%2D%44%31%4E%4C%5A%20%6C%63%4B%51%79%58%39%36%2D%46%5A%4C%20%7B%2A%42%4E%32%58%39%2D%45%5A%78%34%39%36%2A%75%6D%73%3E%43%4C%62%45%2F%57%20%43%2F%39%2D%46%5A%4C%3E%62%42%42%3C%20%78%20%5A%4C%62%45%2F%57%20%39%2D%5A%20%78%20%3C%72%44%20%51%79%3E%78%34%36%36%2D%39%20%3C%20%7C%72%51%79%58%5A%4C%3E%42%62%42%20%20%3C%62,%42%2F%57%20%39%2D%46%5A%4C%62%45%2F%57%3E%58%79%51%3C%2A%43%7B%7D%20%3E%37%2A%3C%51%79%37%34%47%75%69%58%7C%51%79%58%39%2D%46%5A%4C%62%45%2F%57%20%3E%3C%20%39%2D%43%3E%6F%6C%6F%73%20%72%61%74%79%51%72%7C%58%2A%3C%7B%7D%20%34%38%78%3E%20%7D%20=%4A%61%7A%7A%2D%4D%65%64%69%75%6D%20%53%77%69%6E%67=%31%32%30=%31"
8a321c67-2366-4360-8b7c-a6e18203a161,irealb://%52%69%63%6F%20%41%70%6F%6C%6C%6F=%4D%75%6C%6C%69%67%61%6E%20%47%65%72%72%79==%53%61%6D%62%61=%42%62==%31%72%33%34%4C%62%4B%63%75%37%37%2D%41%5A%4C%5A%45%62%37%4C%62%45%5A%4C%37%62%42%5A%4C%62%42%5A%4C%37%45%62%5A%4C%62%42%5A%4C%37%62%45%5A%4C%62%42%5A%4C%5A%45%62%37%4C%2C%62%42%5B%5A%4C%37%43%32%47%2D%20%44%62%2F%37%2D%62%47%5A%4C%43%2F%37%2D%62%47%5A%43%4C%2F%37%2D%62%47%31%4E%5A%4C%37%43%5A%4C%37%43%20%7D%7C%4E%5A%4C%37%44%20%45%62%2F%46%2C%46%2F%47%2C%20%47%2F%41%2C%7C%47%2F%41%20%5B%20==%30=%37
8a8c0a50-9355-4cb8-9919-7b4d9afd1530,irealb://%52%6F%73%65%6D%61%72%79%27%73%20%42%61%62%79=%4B%6F%6D%65%64%61%20%4B%72%7A%79%73%7A%74%6F%66==%4D%65%64%69%75%6D%20%57%61%6C%74%7A%20=%47%2D==%31%72%33%34%4C%62%4B%63%75%37%79%58%5A%4C%78%2D%4C%5A%47%2D%4C%62%44%2F%2D%43%5A%4C%2D%43%20%20%51%79%51%58%79%58%5A%4C%78%5A%4C%2D%47%5A%4C%62%41%2F%5A%43%2D%4C%5A%47%38%36%54%7B%78%5A%4C%37%62%20%41%68%4C%5A%58%51%79%58%7C%45%2F%2D%47%2C%46%2F%2D%47%2C%7C%23%46%2F%2D%47%2C%2D%47%5A%4C%39%23%37%44%79%51%20%20%45%20%51%79%58%51%4C%5A%44%2D%4C%5A%47%2D%37%20%7D%20=%4A%61%7A%7A%2D%42%61%6C%6C%61%64%20%53%77%69%6E%67=%36%30=%30
8aab328c-6a10-48cd-963a-b890671e507d,irealb://%53%74%75%64%79%20%23%33%42=%4C%65%61%76%69%74%74%20%57%69%6C%6C%69%61%6D==%4D%65%64%69%75%6D%20%53%77%69%6E%67=%43==%31%72%33%34%4C%62%4B%63%75%37%20%37%2D%44%5A%5E%37%20%44%2D%44%5A%4C%37%47%20%73%75%73%37%47%7C%51%79%37%58%2D%44%5A%4C%39%62%45%20%37%2D%45%5A%4C%37%2D%20%41%2B%4C%43%34%34%54%5B%51%79%58%39%41%5E%37%58%79%51%37%2D%45%6C%7C%2C%39%62%37%42%73%20%20%6F%46%23%7C%51%79%58%46%5A%4C%37%43%20%37%2D%47%7C%2C%58%79%51%7C%43%5A%4C%37%47%2D%45%5A%4C%37%2B%4C%5A%44%2D%43%5A%4C%37%47%20%37%2D%44%5A%4C%6F%62%45%2C%20%37%2D%45%6C%7C%2C%6F%46%2C%39%47%73%20%37%5E%37%20%44%2D%41%20%2D%44%7C%20%37%2D%47%7C%4C%5A%44%2D%37%43%5A%4C%37%47%20%37%2D%44%5A%4C%2B%41%20%44%2D%5A%4C%37%47%20%73%75%73%37%47%7C%51%79%58%5E%37%58%79%51%39%62%45%20%37%6F%62%45%20%37%58%79%51%7C%46%47%20%37%2D%44%5A%4C%37%41%20%35%62%37%2D%5A%45%4C%37%5E%43%20%43%5A%4C%39%62%42%20%37%2D%39%4C%5A%45%2D%46%5A%4C%37%43%4C%5A%44%2D%37%20%73%47%39%73%75%73%2C%47%31%33%62%39%2C%7C%6C%43%36%39%2C%58%79%51%5A%20==%30=%30
8a831ee8-cfef-47db-9f3f-d9c419218214,irealb://%54%6F%20%48%65%72%20%44%6F%6F%72=%4B%65%6C%6C%79%20%50%61%75%6C==%46%6F%6C%6B%20%52%6F%63%6B=%47==%31%72%33%34%4C%62%4B%63%75%37%4C%43%5A%4C%44%34%47%58%79%51%47%5A%4C%43%5A%4C%44%5A%4C%47%53%41%2A%7B%51%7D%79%58%47%7C%51%79%58%43%7C%51%79%58%44%7C%4C%5A%47%4C%5A%34%54%69%2A%5B%47%5A%4C%47%5A%47%20%51%20%5D%5A%4C%47%43%2A%7C%5D%20%20%44%5A%4C%43%5A%44%4C%5A%4C%43%5A%4C%44%5A%4C%2A%6D%2A%45%42%2A%44%4C%5A%43%4C%7C%7D%20%47%5A%4C%2A%6D%2A%45%43%4C%5A%78%20%47%7C%7D%20%47%5A%4C%43%5A%4C%44%5A%4C%47%4C%5A%47%5A%4C%43%5A%4C%44%5A%4C%47%41%2A%7B%5D%20%20%5D%2A%42%5A%4C%44%5A%4C%5A%4C%47%41%2A%4C%5A%44%4C%5A%4C%43%5A%4C%44%5A%4C%47%5A%4C%47%5A%4C%43%4C%5A%44%5A%4C%47%43%2A%7C%5D%20%20%44%5A%4C%43%5A%47%20%5D%7B%43%5A%4C%44%5A%43%5A%4C%44%5A%5A%47%4C%5A%47%45%51%42%2A%7B%7D%20%47%5A%4C%43%3E%61%64%43%6F%20%6C%61%20%2E%53%2E%44%3C%5A%4C%44%5A%4C%2A%6D%2A%20%4C%4C%43%5A%4C%44%3E%65%64%61%66%5A%43%20%4C%5A%74%61%65%70%65%72%3C%44%5A%4C%47%5A%4C%47%4C%5A%43%5A%4C%44%5A%4C%47%43%2A%7B%7D%20%20%44%20%61%6E%64%20%4C%44%5A%4C%20%4C%5A%43%4C%5A%47%20%7D%20=%50%6F%70%2D%52%6F%63%6B=%31%36%30=%30
8a2bd5e0-2058-4198-ac32-09ee17f9dd88,irealb://%54%6F%6F%20%4D%61%6E%79%20%54%65%61%72%73%20%47%53=%48%61%72%72%79%20%57%61%72%72%65%6E%2C%20%41%6C%20%44%75%72%62%69%6E==%4D%65%64%69%75%6D%20%53%77%69%6E%67=%43%2D==%31%72%33%34%4C%62%4B%63%75%37%79%58%37%47%5A%34%43%2D%20%47%51%79%58%2D%46%7C%51%79%58%37%2D%43%5A%4C%47%37%20%2C%2D%43%5A%4C%37%47%20%2D%43%5A%4C%37%4B%63%6C%20%4C%34%54%41%2A%7B%58%2D%43%5A%4C%4C%5A%58%79%51%32%4E%5A%4C%20%51%79%58%51%79%58%7D%20%20%63%6C%4B%51%79%58%2D%43%31%4E%5A%4C%20%51%79%58%43%2D%20%47%37%20%6C%63%4B%51%62%41%20%2D%43%41%62%37%58%79%43%5A%4C%37%47%20%37%2D%43%7C%51%79%58%37%7C%47%51%79%58%37%62%41%7C%51%79%58%37%47%7C%51%2D%58%79%51%7C%42%2A%7C%51%79%5A%4C%20%6C%63%58%79%51%7C%2A%46%7C%51%79%58%2D%43%5A%4C%37%47%20%2D%43%4C%5A%37%47%20%2D%43%5A%4C%37%47%20%37%2D%43%41%2D%58%79%51%4B%37%47%5A%4C%37%47%37%58%79%51%4B%63%6C%20%4C%5A%43%2D%20%47%37%4C%5A%43%2D%58%79%51%5A%20=%4A%61%7A%7A%2D%47%79%70%73%79%20%4A%61%7A%7A=%31%31%30=%34
8a46245e-b948-4120-96b8-621a3e0c1dcd,irealb://%D0%97%D0%B0%D0%BC%D0%BE%D0%BA%20%D0%98%D0%B7%20%D0%94%D0%BE%D0%B6%D0%B4%D1%8F%3D%D0%92.%D0%9F%D1%80%D0%B5%D1%81%D0%BD%D1%8F%D0%BA%D0%BE%D0%B2%3D%3DRock%20Ballad%3DA-%3D0%3D1r34LbKcu7LG%20FZ-%20A-%2F%20-AZL%2CG%20FZLA%2F-%20A-A%7C%2CE%2FG%2CG%20FZLCA-%2FCLASi*%5BF%7CQyXLZGXy%20FZLC%2F-A%20-AZLGF%20ZLC%2F-A%20-AA*%7B%7CQGLZE-F%20-EZXF%7CQyhXyQ%7C%7B%7CQyXE%7CQyX7B%7CQXy7-D%7CQyXF%7C%7DQyXE*BA-XB%7CQyXbA%7CQyyQ%7CE-%7C%7D%20%20S%20E%7CQyXsus%7CEQyXoB%7CQyXF%7CQyX*DC-XXG%7CQyFZLC%2FbXyQ%7CZLG%20F%7CQyXE%2FC%7CQXy-F%7CQyXbA%7CQyX-GA-%20A-B%7CQyX%D0%B7%D0%B0%D1%80%202XyQ%7CEI%20%2C%3ChB%7CQyXF%3E%D0%B2%D0%B5%D0%B8%D0%BF%D1%80%D0%9F%20%D0%BC%D0%BE%D1%82%D0%BE%D0%9F%3C%7CQyX-ntro%20G%7CQyX%D0%B0%3EXyQ%7CEXyQKcl%20%20%5D%20%3DPop-Slow%20Rock%3D128%3D1
8a78133a-dda0-428d-a7c0-36ed468c8906,irealb://%D0%9F%D0%BE%D0%BB%D0%BE%D0%B2%D0%B8%D0%BD%D0%B0%20%D0%A1%D0%B5%D1%80%D0%B4%D1%86%D0%B0%3D%D0%90%D0%B3%D1%83%D1%82%D0%B8%D0%BD%20%D0%A0%D0%BE%D1%8F%D0%BB%D1%8C.%3D%3DMedium%20Swing%3DG-%3D10%3D1r34LbKcu7ZL7hA*36Xy-G%2C7DZL7hA%2C-Gs*i%7B%20QyX%3E%D1%82%D0%BA%D0%B0%D1%82%201%20QLZG-%2C%3C44T%5ByX7D%7C%20%7D%7ClG%7CQyX-GA*%7B%20%20QyXyQX%5B%20-G%20DZL7hA%20-D7XyQ-G%2C7D06*%3C-yQ%7D%7CFbE%7CQyXF%7CQyX-GZ7LD%20-G%7CQyXbE%7CQyXXyQ%7CCX-G%7CQ7hA%20-%3E%20BbL%5D%2C-G%3E%E2%99%AA%2006*%3C%2C7D%20s%3E%E2%99%AA%20QyX06*%3C7hAZ%7B*BlG%E2%99%AA%20QyX6*%3C-AG-%3C*67hB%20-ASB*%7B%5D%20-G7%20DZLhA%20-G%7D%20%3E4%D1%853LZE7%20%207DZL-AA*%7B%7DA-%20%3CC%2FA(-A%207EZL7hB%D1%8C%3E%D1%80%D0%B0%D0%BD%D0%BE%D1%84%20%D0%B0%D0%BDQyX96*%23)Q%20%5D%20%3E4%D1%853QyXG%7C7XyQ%7CZL7E%20-A%7CQyXF%7CQXyG%7C%7DQyX-A%7CQyX7EA-XyQE%7CQyX-D%3E%E2%99%AA%20%7CD-%3C*%2C7Es%20%3E%E2%99%AA%20QyX06*7%3ChBZLC%20%3E%E2%99%AA%20QyX06S%3C*60QyXF%7C%3E%D0%BF%D0%BE%D1%82%D1%81QlD%3C*%20%3E3%D1%8566*%3C%23C%2FA%207B-ZL%23C%2FA%20%3Edap%2B96%7D%3C*66C*%7B%5D%2C%D0%BE%D1%82%D0%B2%20%D0%BE%3C*63%E2%99%AA%3CB*%7B%5D%20E%3E%D0%B5%D1%8B%D0%B1%D0%B0%D0%BB%D1%81%D0%B2%20%20347*%3C%207-B%3E%E2%99%AA%E2%99%AA%E2%99%AA*69%20%D0%B2%7CQyXD%D1%80%D1%83%D1%8E%3EA-%20Bh7LZE7%20A-%3C*63%D1%854%3E%20%7DA-%20Bh7LZE7%20A-%20%7D%20%3DJazz-Medium%20Swing%3D100%3D3
8a69c764-744d-4f04-bca5-92f56c6a4c60,irealb://Miner's%20Dream%20Of%20Home%2C%20A%3DWill%20Godwin%2C%20Leo%20Dryden%201891%3D%3DMedium%20Swing%3DEb%3D%3D1r34LbKcu7%20lcKQ4EbXyL%20lcKQyX7bB%7CQy7XbBZL%20x%20ZL%20lcKQZEbXy4TA*%5BB*%2C%7CQyQKcl%7CQyXbBZL%20lcKQy7XFZL%20x%20ZL%20x%20ZL%20Bb7XyX-CZL%7CQyXbQKcl%20cKQyX7GZL%20lcKQXybAZL%20x%20ZL%20x%20ZLl%20LZAyXbE%2CAb-XyQ%7CEbXyQKcl%20LZEbXyQ%7CBb7XyQ%7CEbXyQKcl%20%20%5D%20%3DJazz-Medium%20Swing%3D100%3D3
8afcdbbb-1d93-4e71-a571-82edd4dc870d,irealb://Arkansas%20Traveler%20(PLP-RBB)%3DSanford%20C.%20Faulkner%3D%3DFolk%3DG%3D7%3D1r34LbKcu7lareGarkinurB%20xiD%7CyaB%20le%7CMs'rekciP%20toL%20gce%20%26%20P06*%3ClA%2032es%2F%2F%5BR%20ZL2681%20BUP%20t1s%20%5D8%20kcarT%7C1%20DCEC%2019noJ%20dnaliler%2F%2FCrneH%20%26%20nostrebRo%20%22kcE%22%20llebpmay%20Gildnaxe%20x%20ZLXyQXy%20x%20ZLp%20DZL%20x%20ZpL%20G44T%7B%20QyXQyXQLZG%20pQyX%3Edp%20GZLLZG%2CDLC%20GZLD%20GZLC%20GLZD%20GZLC%20G%5B%5Dp%2CG%2CZG%20D%2C%20x%20ZLLZN1G%2CD%2CG%2Cp%7D%7CN2G%2CD%2CG%2Cp%7DN3G%2CD%2CG%2CpZ%20%3DPop-Country%3D180%3D1
8a26f73c-eb21-47a2-9abf-115fd6a76d46,irealb://I%20Never%20Will%20Marry%20(PLP-RBB)%3DTraditional%3D%3DWaltz%3DG%3D7%3D1r34LbKcu7lareGarkinurB%20xiD%7CyaB%20le%7CMs'rekciP%20toL%20gce%20%26%20P06*%3Cretraes%2F%2F%5B.A%20yb%20detcello%20C%5D18%20kcarT%7C1%20DC%20P.%20CnoJ%20dyXQyXt%20RECXQyX%3EylimaF%20rertaC%20ehT%203391%2F%2F%20yQXyQs1%20ZLx%7Cp%2CC4nLZG%2CCZLxZLxZLx%7Cp%2C%3EDesre%2096*%3Cv*%7Bp%2Cp%7CxLZ3T%5B%20Q96*%3CC%7CxLZx%20x%7Cp%2CG2N%7D%20x%7Cp%2C1GNZLx%7Cp%2CG%7Cp%2CDZL%5D%20%20%5B*p%2CGZL%2CG%7Cp%2Cs%3ED%2CpLx%7Cp%2CGZLxZLxZL%7Cxp%2CC%7Cp%2CDZLxZLx%7CZxLZDuroh%20LxZLxN1G%2Cp%2CD%3Eesre%2096*%3Cv*%20%5B%20%5D%20x%7Cp%2CG2N%7D%20x%7Cp%7CxLZZLx%7Cph%2096*xLZxL%20xZLxZLx%7Cp%2CG%7CpD%2CZLxZLx%7Cp%2CGZLxZ%5D%5B*C%3C%7Cp%2CCZx%7Cp%2CGD%2Cp%7CxLxZLx%7Cp%2CGZLxZLZxLx%7Cp%2CCZLxZLxZLZD%2Cp%7C%3Esuro%20Z%20%3DPop-Country%3D180%3D1
8af54930-38eb-4d09-b00d-ff7210d5c9b1,irealb://This%20Little%20Light%20Of%20Mine%20(PLP-RBB)%3DHarry%20Dixon%20Loes%3D%3DFolk%3DC%3D0%3D1r34LbKcu7lareGarkinurB%20xiD%7CyaB%20le%7CMs'rekciP%20toL%20gce%20%26%20P06*%3CpaB%20les%2F%2F%5BtS%200591%20CER%20ts%201%5D37%20kcarT%7C2%20DC.%20PaunoJ%20dL%20x%20ZChoirL%20x%20ZLp%20C44T%7B%20yQXQyXQyXQyXQyX%3EZ%20x%20L%20tsit%20GZLpZ%20x%20L%20-AZLp%207EZL%20x%20LZp%20CZLp%20CZL%20x%20ZpLZC%20Lp%20FZ.4%2096C%20pLZ%7D%20%20x%20ZLp%20C3N%7D%20x%20%20ZLp%20C2N%7C%7D%20%20x%20%7CN0%3C*1NZLp%3EC%20pLZ%20x%20%20Z%20%3DPop-Country%3D180%3D1
8a7d87ac-87f4-4a1a-9398-00f5dd42e8bc,irealb://The%20Shadow%20Of%20Your%20Smile%20nmn%3DMandel%20Johnny%3D%3DBossa%20Nova%3DC-%3D%3D1r34LbKcu7yX-D%3E*63%20%20XQyX%CC%B8%CC%A34%2036*%3CA*Q%5DyXn%3E3%CC%87176%CC%A330%200yQ%20%C2%B77%3C44T%5B%2030%2003%205%CC%B8XZL7-C%20-C%3E3%2036*%7C%3CQyX7G%3E4%C2%B7%20QyXQy%3C*63%206*%3C%7CQyXQyX3%3EC-%20*%3C%7CQyX-F%3E%CC%872%C2%B7%20QXyQyX%CC%A36%2036*%3CZL7F63%207%CC%A3%CC%87176%20%7CQyXbBb7Xy4%20QyXQyX%C2%B7%2036*%3CQ%7CyXbE%3E%CC%873%2036*%3C%7CQ321%3EA%3E5%C2%B7%20Q36*%3C%7C2XyQX%3E%CC%872%C2%B7%20QyXQyX3%203*6%3C%7CQyXhD%3E%CC%A34%C2%B7%20QyG7XyQ%2036*%3CQyX%CC%871%20C-7LZLbB/-C%20-C%3E%CC%A37132%20QyXQyX%C2%B7%2036*%3CZ%3C*63%20-C%3E1%207G%3E%CC%A373%CC%A3%3EAhZL7bA%207D%3E%CC%871%C2%B7%20QXyQyX%CC%B82%2036*%3C%7CQyX%3C*63%20%C2%B7%20QyXQyX-D*63%20%20yXQyX%CC%B8%CC%A34%2036*%3CB%5D*QyXn%3E3%CC%8717630%200Q%20%C2%B77%3E%3C%7CQyX7630%20%205%CC%B8Xy%3CZL7-C%20-C%3E3%2036%3C*%7CQyX7G%3E4%C2%B7%20QyXQ*63%20036*%3C%7C7%C2%B7%20Qy-%20F7L%2036*%3C%7CQyX-F%3E%CC%874%20%C2%B7QyXQyX%CC%A36%2036*%3CZ2XyQXC%3E3%CC%871%7CQyX7us%20Fo6%20QyXQyX%C2%B7%2036*%3CQ%7CyXhG%3E%CC%875%2036*%3CZL543%3ECsbB%3E%CC%A3%20-bAl4%C2%B76%CC%A3X%20QyXQyX%C2%B7%2036*%3C%7CG-%2C-%23Fp%2C-Fs%3E%CC%874Qy5432%3E%2036*%3CsusC%3E%3C*63%20%20QyXQyX%C2%B7%2036*%3CZhLG%20-G%3E%CC%873QyX%CC%A35%C2%B734321%CC%B8ZL7bDbB%20-FZ%3C*63%CC%873%CC%A340%200%2036*%3C%7CQXy7F%3E%CC%872QyX%CC%B8%CC%A34%C2%B72%20217%CC%A3%3EL7bG%20susLZ%3C*63%201%CC%87%3EEb6%20Z%20%3D%3D0%3D0
8a2cfe18-8e76-4f51-a7b1-3523ea175be3,irealb://Abba%20Dabba%20Honeymoon%20%288-bar%20intro%2Cwith%20coda%29%3Dbe2sharp%20ARR:%3D%3DZz%20Designate%20An%20iReal%20Style%3DAb%3D%3D1r34LbKcu7al%20ehyQ%20%20Tn%20%2CorP%20laeRi%20rfo%20yek%20eht%20tes%20oame%20tX06*%3C%20eht%20te%3E%20%3CyehT%20.gnos%20ruo%20yfo%20drohc%20ro43*%20nameon%20tsrtxe%20o%20useadoC%20%20QyX47*%3CQXyQyXQyXQyXQyX%3E.s%20aret%20yekevenesuresos64*%3C%20%3Ea%20fo%20den%20eht%20ot%20dedda%20ng%20whaem%20ayXQyXong%20aXQyX%3E.os%20od%20ots%20ediced%20regnarryQXyQs%20a%20rLbAA*44Bb7LbAZL7bEZL7bBZ7LbEZL7bBZL7bEZLZx%20%5D%5BTi*%5BQLbEZLLZxLZBZLxZLbAZLxZL7Eb%7CZLxZLbEZLxZLxb7LZxxZLxZAZLob*AAbLQyXbD%7CZLxZL-FZxLZL7CZLxZLxZLxZ%7CDo%20A%5B%5D%20xZAZLoDAb%20%20s%5B%5D%20%20lcKQyXbA%7CQXy7bE%7CQyXbBl%7C%2C7AQDbLZ%7CQyXbD%2CbD%7CLZBb7bAsZL7bEZL7bBZ7LbEZL7bBZL7bEZL%2CAb7%2CbAZLbooD%20ob%2CEb7aJ%20:elytS%20%20QyX36*%3C%20QyXZ%20bAfU%7C%2Czz-DoA%7C%2C-b%20%2Crex/%20TemP%20laeRi%20eht%20gnsiU%2801*%3C%20%3E061%20opro%20MistaC%20pick%20%22Acoustic%20Guitar%22%29.%3EXyQXyQXyQXyQXyQ%3Cb%23%3E%20%3D%3D160%3D3
8a169070-bd3a-40c2-977c-a13bc01f1612,irealb://Let%20It%20Be%20%28Beatles%29%3Dbe2sharp%20ARR:%3D%3DZz%20Experiment%20With%20Styles%3DC%3D%3D1r34LbKcu7%20tI%20.yQ%20%20Mruoy%20ot%20yeK%20or%20PlaeRi%20eht%20hcta%20songX65*%3Cegap%20e%3E%20%3C*ruoy%20no%20drohc%20stal/eton%20tsal62%20songht%20sial%20ehXyQXypoc%20ortni%20sihT%20%20QyX46*%3CQyXQyXQies%20tQyX%3E.ht%20romeasulem%20yalP43*%3C%20%3Eg.nos%20eht%20fo%20serody%2C%20%204%20ts%5B%20%20Qyrds%2C%20yXQyXQyXQyXQyX.%3Enetsil%20tsuj%20roQXyQXohc%20eZL%2CC%7CCLZGLFZLGZLCZLFZL-ALZGZLCA*%5B%5D%20CZLFZLZCLZ44Ti*%20CZLFLZF-LCZLCZLFZLGZL-A*B%5B%5D%20CZLFZLGZLCZLZGLZ-AZLGwonk%20ZGLZFiD%20%20QyX25*%3CZ%20UC%2CZLFZLGZLCZLCZLd%20youLCQ%5B%5Dht%20em%20you%20ae42*%3C%20%3EopmeT%20het%20esaercni%20nacch%20titaht%20QyXQyg%20repyX%3ElaeRi%20eht%20gintceles%20yb%20staeQXyQXnos%20eeT%20a%2068XyQohc%20dna%20%2Cnoci%20e%22citcarP%22%20orP%20%20osing*%3CQyX%20ti%20y%20%3C*40lpmaxe%20rof%20%2C01%20%2Bekil%20%2Cesaercnie%3F%20Tr%3E%20opmm%20/gn%3EXyQXuideM-zzaJ%20%20Qy4X5*%3CQyXQyXQyXQym%20Swi:htiw7*%3CQy%3E%20%3C*2yXQyXQyX%3E001%20m%20m/lizarB-nitaL8QXyQX001%20m%23b%3C%20Q%20JazzQyXQyXQyX%3E001%20mm%20/oirT%20ratiuG-XyQXy%20QyX2%3E%20%3DJazz-Medium%20Swing%3D100%3D3
8ae9d913-a0e6-4799-bcb1-f517639095f1,irealb://Jehova%20Reina%3DComposer%20Unknown%3D%3DReggae%3DC%3D%3D1r34LbKcu7QyXD%7DXyQ%7CFA%7CQyX-E%7CQyX-E%7CQ%7DyXA%7CQyXG%7CQyX-%23%2CA%2CA%20D22T%7BZ%20%3DJazz-Medium%20Swing%3D100%3D3
8aa9c326-0f06-4d10-bafa-9a67da488a94,irealb://De%20Tal%20Manera%20Me%20Amo%3DZavala%20Abel%3D%3DSlow%20rock%3DE%3D%3D1r34LbKcu7%7B%7DQyX4E%2C*AA%7CQyXB%7CQyXE%7CQyBX%7CQyXA%7CQyXB%7CQyX%20BLZE4Ti*%7B%7DQyXB%20BLZE%23F%7CQyXAZLB%20-%23CQ%7CyXEZLB%20-%23C%7CQyX-XyQ%7C-%23CB*XFZLC69XyQ%20%20%3Eoroc%20le%20ono%20t2/1%20ebus%20%2CA%20oT%7BD%23-%20*%3C%20E%7CyQ%7CD-%20CLZFXyQ%7CD-%20CLZBbXyQ%7CG-XyQ%7CCXyQ%7DFXyQZ%20%3DPop-Slow%20Rock%3D70%3D1
8ac99667-dca5-48e1-ada0-4a1673700bb2,irealb://Anhelo%20Conocer%20Tu%20Gloria=Marcos==Ballad=C==1r34LbKcu7%20%2C%2DDZ4F%2C%20G%20GZL%23G%2FE%20%2DA%7CQyCXZLG%20F%7CQyX%2CCZL%2CD%2FF%23L4TA%2A%5B%2CFZL%2CGXyQ%5DZL%2CD%20%2C%2DAZL%2C7E%20F%2C%7CQyX%2CCZLG%20FB%2A%5BF%2C%20D%2D%7CF%2C%2DE%20G%2CLZC%2CXyQ%5D%20==0=0
8a891ef0-f703-4b65-9b85-2821d573e937,irealb://Cerca%20De%20Ti%20Yo%20Quiero%20Estar=Witt%20Marcos==Ballad=G==1r34LbKcu7%20%2CGZL4G%2C%20%20%2A7m%2AAZL%2C%2A7m%2AE%20%2A%2C7m%2AB%7CQyX%2CC%7CB%2FG%2C%20D7%2C4TA%2A%5B%2C%2A7m%2AC%2CXyQ%2A%5B%5D%20%2C7D%20%2C%2A7m%2AALZ%2C%2A7m%2AE%20%2C%2A7m%2AB%7CBG%2C%20B%7CB%2FG%20m%2AB%20%2C7%2A%2C%20ED%20%2C%2A4sus%2ADZL%2C%2Am7%2AA%20%2CCZL%2CD%2F%2A7m%2A7%2CLZGm%2AEZL%2FG%20%20%2CE%2Am7%2AX%2C9CC%2A%5B%20QyX%5D%207%20D%2CCZL%2CD%2F%2A7m%2AE%20%2CyQ%7CD9ZL%2C%2A7B%7CC9%2CXyQ%7CD9XyQZ%20=Jazz%2DMedium%20Swing=100=3
8a62aaea-4f6e-42e5-9cbe-16c34c5ca051,irealb://Esp%C3%ADritu%20De%20Dios%201=Marcos==Ballad%20Even=E%2D==1r34LbKcu7XB%7CQy4E%2D%2C%2AXC%7CQyXC%7CQyXD%7CQXyD%7CQyX%2DEZL%20B%2A%20AyQ%7CBX4Ti%2A%7ByQ%7D%20=Jazz%2DMedium%20Swing=100=3
8aad8fe6-6de4-4ef2-8ec1-aeb58a8f9847,irealb://Vivo%20Para%20Adorarte%20MG=Gilman%20Matt==Slow%20Rock=C==1r34LbKcu7a%20ara4FXyQV%2066%2A%3CB%2A%7B%7D%20%29E%2F%28C%20%20C%7CQyXC%7CQyXF%7Civo%20p4TA%2A%7B%20ho%20hte%2E%2E%2E%2A%3CC%2A%7B%7DQyXC%7CQyX%7CC%2CB%2FG%20%20F%7CQyXF%3E%2066%20%20Orarod%2A%7B%7DQyhh%3EGXB%20oTQyXQyXQyX6%2A6%3C%7CQyXC%7CQyXF%7CQy%2CD%3ECXho%20hoDFXyQ%7CGXyQ%7CA%2DXyQ%7CG%2FB%20%3C%2A66%20%20To%20B%3E%20%20%7D%20=Pop%2DSlow%20Rock=70=1
8a3b8040-6dc3-438f-b460-93021788998e,irealb://Yo%20Llegare=Impacto%2C%20Unci%C3%B3n%20Y%20Poder==Gospel%20Ballad=D==1r34LbKcu7yX%2DB%7C4DXyQQyXD%7CQyXGB%2A%7B%7DQXy%2DB%7CQyX%2DE%7CQyXA%7C%7CAXyQ4TA%2A%7BQ%7D%20=Jazz%2DBallad%20Even=60=3
8a7ac800-4829-4515-8202-0c6d7c96040e,irealb://Here%20With%20Me%3DDido%3D%3DPop%3DD%3D%3D1r34LbKcu7ZL%20x%20%20G%20LZF%20ZL%20x%20ZL%20-E%20%7C%20%7D%20x%20ZL%20-B%20ZL%20x%20%23-%20LZ%2CA*%2C%7BZL%20A%20G%20LZ%20sA%20ZL%20x%20ZL%20-B%20LZ%20%5ED%20ZL%20D%20ZL%20%5EGus%20LZ%20%2CB*%2C%20A%20LZ%20G%20LZ%20x%20LZB-LZx%20%7D%20%3D%3D0%3D0
8a8be201-ff02-4d97-81fb-fc1a88a5b6ea,irealb://Miles%20Davis%2012%20Bar%20Blues%201%20%2D%20swingguitarguy=Davis%20Miles==Medium%20Swing=F==1r34LbKcu7%20ZL%20x%3C%2A74B%20ZL%20x%20ZL%207F%297%2D%28C%20%3EeviF%20yb%20seulx%20LZ%2044T%7BY7Dl1NBb7%20Lpp%7CQyX7CZL%20x%20Z%20L7F%297%2DC%28%20ZL%20x%20ZpsF%2C%7C%297%2DF%2844T%5BY7LZC7C%207%2DGZL9b7D%20F2ZNL%20QyXQyX%7DQyX9b7b9%20Z%2DG%209bbBZL%20ightyXsus7F%7CQyXsus7Bb%7CQyXsus7F%3EenO%20yQKclE47%2A%3Cus7F%7CyQKcls7bB%7CQyXsus7CZ%20LlcKQyXsus7FZL%20usXyQXsus7s%28Db%5E7%2311%29XyQKcl%20%20%5D%20=Jazz%2DMedium%20Swing=100=10
8aebd940-4a2c-4340-b257-442de3fe0ae8,irealb://4a%20%20le%20Suspendu%20brs16%20%20%20%20F%3DAttaingnant%3D%3DDanse%20Renaissance%3DC%3D%3D1r34LbKcu7A*%7B%20Q44%3C*6QyXQyXQyX%7C-D%2CF-%2FD%2CFns%3EortnI%20%209XyQXyTi*%5BYXQyXQ%20aabb%2CF%2F-D%2CF%2C-D1NZL%20A-DZL%2CbB%2CF%2CC%3EaaD-%7DXy%2096*%3C-G1NZ%7CUN2%3C%2CFZL%2C-G%20CB*%7BY%20yQXZ%20C%2CF%2C-D%3EeniFG-%2CDLQyXQy%2CF%2CC%20%7DXyQXyQXyQXyQ%7CN2G-%2CF%2CD-%2FF%2CD-%5D%20%3DPop-Bluegrass%3D240%3D4
8a047ba9-de21-45ac-bf21-fd0272706c3d,irealb://12%20BAR%20MINOR%20BLUES%20with%20turnaround%3Dartist%20unknown%3D%3DMedium%20Shuffle%3DG%3D%3D1r34LbKcu7ZL%20lc-7XyQ-GZL%20lcKQyX7-CLZ%20x%20ZL%20x%20ZL%20lcK7XyQKG44T%7BD7XyQ%7CC-7XyQ%7CG-7%2CXyQ%7CD7%2C%20%20%3C4x%3E%20%7D%20%3DJazz-Medium%20Swing%3D100%3D3
8aa0415a-d97a-4de0-ada4-c5d7ed53d83c,irealb://Im%20Walkin%3DWaller%20Fats%3D%3DRnB%3DA%3D%3D1r34LbKcu72%22%20ni%20intr%3C44TA*%7B%7DQyXx%7CQXyx%7CQyXx%7CQyX7A%3EoBass%20deP%3C%7B%20%3E%2C%3C%20yQ%7CXyyX7A%7CQyX7E%7CQyXA7ZLQyX%7CQyX7DZLQQ%7CE7%20X7A%3E%22X7E%7CQWalk!QyX7D%7CQyX7A%7CQy7XD%7CQyX7A%7CQyX7D%3E%7CA7Xy%3CB*%5B%7DyQ%7C%3CAABA%3E%20x%20%20%7D%20%3D%3D0%3D0
8ab86bf2-e746-425f-b7a3-eff810835ec6,irealb://2bar%20%2D%20Random%20A%20%2D%20Major7=JonBlanckMusic%2Ecom==Medium%20Swing=C==1r34LbKcu7%20ZL%20x%20LZ%20x%5ED%20ZL%20x%20ZL%207%5EAZ%20L%20x%20ZL%207%5EE%20ZL%207%20LZ%207%5EC%20%7CZL%20x%20Z%20x%20L%23G%20ZL%20x%20ZL%207%5E%23%20FZL%20x%20ZL%207%5EbB%20Z%5E7%20LZL%207%5EG%20Eb%5E7%20LZ%20x%20LZ%20Db%5E7%20LZ%20x%20LZ%20B%5E7%20LZ%20x%20LZ%20F%5E7%20LZ%20x%20%20%5D%20=Jazz%2DMedium%20Swing=110=3
8a2d2f01-80cc-4ea6-88b0-a1554beca011,irealb://4%20Bar%20ii%2DV%2DI%20Maj%20Rando%20Distro%20%231=Sterling%20Jonny==Medium%20Swing=C==1r34LbKcu7QyX7%5E%23%2D7Xy7D%7CQyX7%2DAZL%20lcQKyX%2C7%5EE%7CQyX7B%7CQXyQ%7CGF44T%7C7%5EC%7CQZBb%2D7QyX7%2DDZL%20lcKQy7X%5EbA%7CQyX7bE%7CQyX%7CG7XyL%20lcKbE%7CQyl%20LZGQyX7%2DFZL%20lcKQy7X%5EF%7CQyX7C%7CQyX7%2D%7CBb7XcKQyXQyX7FKcl%20L%2DCZL%20lcKQyX7%5EBQ%7CyX7%23F%7CQyX7%2D%23CZ7XyQ%7CQyX7%5EE%7CQyXXyQKc%20lcKQyX7%5EbD%7CQy7XbA%7CQyX7%2DbEZL%20lLZB%2D77%5EbB%7C%7CQyX7A%5E7Xy%20lcKQyX7%5ED%7CQyXA7%7CQyX7%2DEZL%20lcKQLZAb%2D%7CQyX7Db7XyQ%7CGb%5E7XyQKcl%20%20Z=Jazz%2DMedium%20Swing=0=30
8a569e5a-fd44-44b8-9ed4-b54d6a412ae0,irealb://Slip%20Slidin'%20Away%20P2of2%3DSimon%20Paul%3D%3DRock%20Ballad%3DAb%3D%3D1r34LbKcu7cKQyX%20EbLZlcKQyXbA%7CZLxZLb7DZLbE%20bD%7CQyXbA%20LZF--FB*%5BKQyX-b%20EbLcKQyXbASB*%5B%5D%20%20clKQyXbAZLbE%20bDZl%20LZFAZL%20lyXbAZAb%20EbG%7CQyXbAZLbD%20bGQ%7CyXbAQZLbE%20bDZLb%20DbLZL%20lclcKQy%20%5D%5B*CLbE%20F%2FbDZL%20lcKyQXbAZL%20lcKQyX-FZDb7X%20lcKQ30*%3C%7CXyQ%7CAZLbE%20bDZLbE%20bALZ%20lcKQyX-F%7CQyXbAbXyQbAZL%20ZL%20lc.%20al%20FZLxZLxZLxZLbA%5BQ%20QyX%5D%20%20x%20%3EadoC-XyQKS.D%20%20f%7D%20x%3ELZDb%200*%3CZLbAZLxZL-F%5D%7B%20%20lcKQyXbAZLbE3VampbE%20bAAb%5E7%2311XyQZ%20%3D%3D0%3D0
8a079198-e8c7-4c18-bf35-699b81eab78d,irealb://Invitation%3DKaper%20Bronislau%3D%3DEven%208ths%3DC-%3D%3D1r34LbKcu7lcKQy4C-7XQyX7F%7CQyX7-CZLx%20%20ZL%20x%20ZL%20lcKQy%7CBb7X4T%5BA*yX11%23-7XyQyX7bA%7CQyX7-bEZ%20Lx%20ZL%20x%20ZLQ%20lcKQ%7CDb7bEZL%20E%7CQyX%20%5D*B%5B%20lcKQyX7-BZLtl7a%23F%207%23F%7CQyX7-%23CLZB-7%20lcKQZL%20lcltLZA-GZLtla7D%207D%7CQXy7-AZL%20lcKQyX7-7XyQKa7E%207XQyX%5DQ%7CEb7a7G%7C%3EadoC%20la%20..CD%3CQyXtla7D%7CQyXltXyQyX7hEcKQyXZB7%231U%7CQyXtla7bB%7CQytXla7FZL%20lcKQyX1Eb-%5E7LQ%20Qyl%20%20Z%3DJazz-Even%208ths%3D140%3D2
8acde72b-d42e-40b9-9f5a-e9e506d31e95,irealb://Love%20Vibrations%3DSilver%20Horace%3D%3DMedium%20Swing%3DEb%3D%3D1r34LbKcu7yX7E%7C4Dh7XFZL31b7F%2031F%7CQXy7-C%7CQyX7%5EbD%7CQy-7XyQ4TA*%5BL7C%2077%20A7LX6-GZL%20lcKQyX-BG*%5BYZL9b7D%207bAZyQ%7CG-%5EbE%7CQyX7-CyQ%7CG-%5EbD%7CQyX7hD%7CQyXb7B%7CQyX7-FZL7C%2077XyQ%7CX7-FZQ%7CF7%20F%23o7LZG-7%20C7b9LZF-7%20Bb7LZDb%5E7%20D%5E7LZEb%5E7XyQZ%20%3D%3D0%3D0
8a34e5b7-52dd-4912-a2f3-ebbdf057fb1d,irealb://Crazy%20%28Gnarls%20Barkley%29%201%3DGnarls%20Barkley%20%28Burton%2C%20Callaway%2C%20Reverberi%29%3D%3DPop%3DC-%3D%3D1r34LbKcu7usG%7CQ4C-XyQyX9ddabA%7CQyXb%7CEQyX7%5EbEZL%20lcKQ%7CAbXy4TA*%5BXbA%7CQGXyQ%5DabAZL%20lcKQyX7%5EEbZL%20lcKQyX-CB*%5Bdd9Xy%7CQyXsX7%5EbEusXyQA%7CQyX9ddabAZL%20clKQyXCC*%5B%5DQyXG%7CbXyQ%7CsG%7CQy*%20C*%20%20LZGs%20A*%20QyXQyXQyXQXyQyX%5DQyXG%7CQyXsu*A%20*BlcKQyA%20*B%20*C%20*A%20*B%20*C%20%3D%3D0%3D0
8a30cb38-fbde-449f-999d-d14e3c74de1d,irealb://Creep%3DRadiohead%20%28Radiohead%2C%20Hammond%2C%20Hazelwood%29%3D%3DPop%3DG%3D%3D1r34LbKcu7%20lcKQ4G6%20E%5B%5DQyX9%237AZL7E%20G6ZL9b7D%209%237AZL7*AGXy4Ti*%5BZL7%23FyQKclQyXG%7CQyX7F%7CQyX-9CZL%20lcKQyXCZL%20%7CC%23h%20X7BZLlcKQy%7CD-7%20%5DQyX6F%7CQyX9-C%7CyQX7A%7CQyX7%5ECZL9G%5B*BGXQyX7B%20LZB7XyQKcl%20LZCXyQKcl%20LZC-9XyQ%7CF7XyQZ%20%3D%3D0%3D0
8a100d3e-967d-4d14-9c9b-16f6224dd082,irealb://A%20Blossom%20Fell=Barnes%2DCornelius==Ballad=Bb==1r34LbKcu7Ds%20%20D4Bb6%20%7CQyX6bBZL5%237F%20F7%7CQyX7%2DCl%7C%2CoBs%20Bb%5E7%2F4TA%2A%5B%2CoBs%20C%2D7%20FB%2A%5B%5D7F%2CC%2F7F%2CoB6%2CbBsZL7F%207%2DCZL7lBb6%20l%7C%2Cob%2DC%7CQyXyQ%7ClbB%7CQyX7%5EbEZL5%23b7B%206bBZL5%237F%207F%5E7%2FDX7%2DCl%7CbBZL7Bb6%20BZL7obD%20D%2F7%5EbBZ6L%2DbE%207%5EbEZL5%237bC%2D7%20F%7CQyX76%20sC%2D7%2CF7Z%20==0=0
8a64ad94-a022-431f-ada8-af625c7c9c66,irealb://It%27s%20A%20Raggy%20Waltz=Brubeck%20Dave==Waltz=G==1r34LbKcu7p%207o%234G7%2C%20X7CZL%20lcKQyX7GLZ%207oGlp%7C%2CG%2F7CspyQ%7CpC3TA%2A%5B%5ECB%2A%5BQ%7CG%2CEZLCl%2C7G%2CGs%7CQyXb97D%7CQyX9b7A%7Cp%207GXyQ%5DyX7G%7C7bBs%20B%2D7%2C%20L7C%207%2DG%7CQyX7%5EbZAL7bE%207%2DbBZL7%2DEZF%2D7%20%7CQyX77CZL%207%20Eb7X7G%7Cp%207oGl%2C7DsQ%7CyXGA%2A%5B%5DQyX7DZLyQKcl%2DEl%7C%2CLCl%2C7C%23o7%20QyX9b7D%7CQyX9b7%7CAp%207E%2CG%7CQyX7G%7Cp%7CG%2CsGp%7CQyXZGXyQZ%20==0=0
8aada406-3499-4dae-98a9-e5135990b8e9,irealb://Look%20For%20The%20Silver%20Lining=Kern%20Jerome==Medium%20Swing=Eb==1r34LbKcu77bA%7CQ4Eb%5E7ZL7bB%207%2DF%7CQyX7b%5EEZL7bB%207%2DF%7CQyXG%2D7Xy4TA%2A%5BX7%2DCZ%2D7XyQQyX7%5EbE%7CQyX7bBQ%7CyX7%2DF%5B%5DQyX7%2DC%7CKcl%20LG%7CQyXQyX7%5EXyQ%7CFbB%207%2DF%7CQyX7%5EbE%2AB%5B%5DQyX7bB%7CQyX7%2D7LZEb7F%7CQy%207hA%7CBb7LZC%5B%5D%20%20lcKQyX7%5Eb%7CAQyX7bE%7CQyX7%2DbB%2D7XyQ%207%2DF%7CD7b9LZG%2D7XyQ%7CC7XyQ%7CF%2D7XyQ%7CBb7XyQ%7CUEb6XyQ%7CF%2D7%20Bb7%20Z%20==0=0
8adbaff5-2f2b-4d6e-9e47-13c95f46ae3d,irealb://What%20Are%20You%20Doing%20New%20Year%27s%20Eve%3F=Loesser%20Frank==Ballad=F==1r34LbKcu7X7GZL4F%5E7X%5EFZL7bE%207%5EbBZLF7%207%5EF%7CQyX7bE%7CQy7%20D%2D74TA%2A%7BL9b7CC7%20C7NZL%20QyXQyX%7D7C%2C%2D7G%2C7D%2C7%2DAsZLbB%2F2lC7%201N%7CQyX7%2DAZ7b9%20%5D7hB%7CQyX7%2DAZL9bE7%207hB%7CQyX7%2DAB%2A%5B%20Bb7LE%206FZ7%5EbBZXyQ%7CG%5EF%7CQyX7bE%7CQyX7F%5EA%2A%5B%5DQyX7C%7CQyX77%20F7L7D%7CQy%20Eb7LZF%5E7%20D%2D7LZG7XyQ%7CC7%20C7b9LZF6%20C7sus%20Z%20==0=0
8ae1545a-1a55-4079-9bfb-570525beb67a,irealb://Trem%20das%20Onze%201%3DBarbosa%20Adoniran%3D%3DSamba%3DA-%3D2%3D1r34LbKcu77E%7CQy44%3C*6Xx%7CQyX-A%3E..racfi%20ossop%20o%C3%A3NQyX6yQ%7CxXTA*%7BYE(%20%20)%2CA7%2C%7CQyX7E%7CQyX7FZLGW%2F%20-AZL)7E(%20%20-Dl%7Cx(Bh7bBs%20)hE(7-XyQ%7Dehlum%20ossid%20m%C3%A9Al%3CB*%5BYY%20%20QyXQyXr..%3EAAZL)7if%20uo)LZD-*%3CC*%7BYY%5D%20%2C7A%207%7CEQyX)o%23F(7B%7CQyX68%20%20S7A(%20%20XQyX%7D%C3%BAnico-A1NZL%2C7E%20FZLGW%2F%20-AZL7E%20-Dl%3E..%20A7%2C%20%20uohlyQXyQXyQ%7CN2A-%20E7%2C%20Z%20%3DLatin-Brazil%3A%20Samba%3D200%3D3
8a4b1e3e-aa0a-43ee-8fdb-7a9129a64062,irealb://A%201bar%20%2D%20Random%20%2D%20Maj9%20Rootless=JonBlanckMusic%2Ecom==Medium%20Swing=C==1r34LbKcu7%5EE%7CQy%5E9XyQQyX9%5EbE%7CQyX9%5Eb%7CEQyX9%5EC%7CQyX9%5ED%7C%7CC%5E9XF44T%5BQyX9%5ED%5E9XyX9%5EbD%7CQyX9%5ED%7CQXy9%5EF%7CQyX9%5EbD%7C%5DQyQ%7CEb%7CQyX9X9%5EC%7CyQ%7CDbF%7CQyX9%5EbD%7CQyX9F%5E%7C%5DQyX9%5EE%7CQyX9%5E%5E9XyQX9%5EE%7C%5EbE%7CQ%5E9XyQ%7CQyX9%5EC%7C%5DQyX9%5E%7CEQyX9%5ED%7CQyX9%5EC%7CF%5E9XybE%7CQy9XyQ%7CF%5E9XyQ%7CDb%5E9XyQ%7CEb%5E9XyQ%7CC%5E9XyQ%7CD%5E9XyQ%5D%20==130=0
8ab613ec-8582-46db-ae80-e2a36172e607,irealb://A%202bar%20%2D%20HS%20Down%20%2D%20Dom13%20Rootless=JonBlanckMusic%2Ecom==Medium%20Swing=C==1r34LbKcu7lcKQy13XyQL%20lcKQyX31bBZLl%20cKQyX31BZL%20lcKZA13XC%3E%20%3C%5B%20LZAb13XyQKcl%20LZG13XyQKcl%20%20%5D%20==0=0
8a893e72-420a-4703-b75b-f69cf43d873d,irealb://A%20Felicidade=Jobim%20Antonio%2DCarlos==Bossa%20Nova=A%2D=0=1r34LbKcu7%7CQyX94A%2D7%28yX7%2DEZL%20lcKQyX%5E7CZL%20lcKQyX%297%5ECQ%7CB7b4T%7BA%2AZL%20lc%28Repe%5ECB%2A%5B%7D%207G%207%2DDZ7LA%3E%29lanoitpO%20ta7XyQK%3C%207%2DEX7%5EF%7CQ%7CE7b%7CQyX7%2DGZL%297%2DbA%20%28lcKQyX7%2DA%7CQyX9C7XyQyX7hBX7G%7CQ7XyQ%7CZL9b7E%207hB%7CQyX%2D7A%7CQyX7D%7CQyX7%2DAA%2D7Xy%2DD%7CQyCZL7G%5BC%5E7LZLxZL7%5EFZL7CZL%2D7GZLxZL7%5ECZL7FZD%2D7LZC%2A%5DQy7%2DA%7CQLZF%23hl%5BD%2A%5D%2C7G%2C7%2DD%7C%2CA7%2C7%2DEsZL9b7BZL7A%2D7XyxZL7%5ElcKQy%7CD7%2FFL9b7E%207hB%7CQyX7A%2D%7CQyXF%2F7%2DD%7CQyX%23ZA%2D7XQyXG%2F%20%20Z%20=Jazz%2DBossa%20Nova=140=3
8a51be3a-423d-401e-a92f-d150acc4cce2,irealb://Look%20You%20Wear%2C%20The%201=Antonio%20Carlos%20Jobim==Bossa=C=0=1r34LbKcu7%7CQyX7%2FAbXyXbA%2F9%2D%23C%7CQyXoGQ%7CyX7%2D%23F%7CQyXoF%7CQyQ%7CAb9%2D%23C%5B%23C%7CQyQ%7CD9XyX7%2D%23F%7CQyX31b7F%23%7CQyXbA%2F9%2D%23C%7CQyQ%7CB7XyX7%5EA%2D9%2FAbXyQ%7CDb9XyQ%7CF%23%2D7XyQ%7CB7%20%20S%20ZY%7CUQE69XyQ%5D%20=Jazz%2DBossa%20Nova=140=3
8ae51412-e2f8-49a4-87ad-9391c1dac2b4,irealb://Dancing%20In%20The%20Dark=Schwartz%20Arthur==Medium%20Swing=C=3=1r34LbKcu7G%7CQyX4C%5E7X%20lcKQyX7%2DDZL%20lKcQyX7oCZL%20lcKQyLZDh74T[A%2AhDZL%20Q%7CC%5E7X7hD%7CQyX9b7A%7CQXy7hE%7CQyX7%2DC%7CQyXyQKclyX9b7cKQyXLZG7b%20lcKQyX7oCZL%20lKcQyX7%5EC[B%2A]QyX9LZD%2D79bA%207C%7CQyXh7XyQyX7bE%7CQyX7%2DC%7CQXy7%5ECZL9b7G%207hD%7CQ%7CDb7DZL%20l6XyQ%7CDh7%20G7susLZC6XyQ%7CD%2D7%20G7%20Z==0=0
8a630e90-5ee8-4b2f-b086-2db670f307ac,irealb://Good%20King%20Wenceslas%20(HLTRCB)%3DCantiones-Neale%3D%3DMedium%20Up%20Swing%3DG%3D%3D1r34LbKcu7yXQyX4G6XyX7DQyX7-A%7CQyX7B-QyX7%5EC%7CQyX7-EQyQ%7CG64TA*%7BGZL7DBG%5E7XyX7%5EC%7CQyXD%2F-EQXy7-EZL7F%207h%23FQyQA-7%20*%7C%7D%20QX7DQyyQLZGQyX%23C%2F7A%20D%2F-E%20-7EZL7D%207-AQyX7%5E%7CC%5E7XXQyX6yQ%7CE-7XyQA-7XyQ%7CG6XyQXyQLZA-7XyQD7XyQZ%20%3D%3D0%3D0
8a32c5eb-81d2-4516-8134-79c8b32d5ab8,irealb://I'll%20Be%20Home%20For%20Christmas%20(HLTRCB)%3DGannon-Kent%3D%3DMedium%20Swing%3DC%3D%3D1r34LbKcu7%7CQyX64%3C*63D%207-DZL7-A%207-DLZ7-E%207%5EF%3EyleerFb9LZC4Ti*%5B-DZL7-7LZD6CA*%5BY%5D%207G%20susG7%7CQyX7DZL7-A%207-LZEboE%207%5EF7-AZLLZEhL%2C9bB%2C9-FsZL7-DLZ7GZL7-DZL9b7AZ%7ClC%5E77GZL7ZLhEZusLZD7-DZL7obEZL6CB%5B*%5D%207GZLG%2F7-DZL7LZG7Ls7DZL%7CQyX7ZD-7LbB%2C5%239Bs%20%2C7%5EC%7CyQX9bB%7CQyX6FZLxZ9%2C%7ClAL9b7AD7XyQ%7CD-7%2C%20G7b9%2CLZUC6XyQ%7CD-7%20G7%20Z%20%3DJazz-Medium%20Swing%3D160%3D3
8ae6fa4f-23cf-487c-97f3-7dd81f2a0678,irealb://El%20Milagro%20%20-%20%20T%3DA.%20Pontier%20%2F%20H.%20Exposito%3D%3DTango%3DE-%3D5%3D1r34LbKcu7X7E%7CQ4E-Xy%7CQyX-E%7CQyX7BZLl%20cKQyX7BZL%20lcKQBh7Xy4TA*%5BXE%7CQyXyQKc%20x%20ZL%20lcKQyX-EQ%7CyX7B%7CQyX-EZL%20lLZB7X-A%7CQyB%7CQyXQXyQX%20lcKQyX-%23C%7CQyX%237G%7CQyXEB*%5BQyXQyLZF%237yX%5DQyF%7CQyXEXyQ%7CyX7h%23G%7CQyX7%23G%7CyQX7%23D%7CQyXE%7CQyXAQ%7CC%237%7CQyX7B%20-%23FF%237LZ%23C%7CQyX7%23GZL%20lcQKyXEZL%20lcKQyX7B-XyQ%7C%20sus%237LZUEXyQZ%20%3DLatin-Cuba%3A%20Cha%20Cha%20Cha%3D110%3D3
8a453ea2-e9b8-4971-bba2-717f4df0f276,irealb://Niebla%20Del%20Riachuelo%20%20-%20%20T%3DJ.%20C.%20Cobian%20%2F%20E.%20Cadicamo%3D%3DTango%3DD-%3D3%3D1r34LbKcu7yX-GZ4D-%20BhAZL7A%207hEZL7b%20B-DZL7A%207hEZL7b7%20D7L4TA*%5BhAZL7%20C7LZZL7bB%20-DZL7A%207EhZL7bB%20-DZL7A%20FEh7%20A7-G%7CQEZL7-ZG-7X7A%20-EZLo%23D%20DB*%5D%5BQyX7A%7CQyX7E%7CQyLZD%20BL7D%207B%7CQyXLZD%20Bo%23G%7CQyXG%7CQyX7ALZ7E%20DZL7A%20-EZL7XyQ%7CD7A%207-7XyQ%7CE-%20A7LZUDXyQZ%20%3DJazz-Afro%2012%2F8%3D110%3D3
8a1d869b-c597-4a34-baa4-3fa1fbebdd92,irealb://Che%20Te%20Ne%20Fotte=Daniele%20Pino==Medium%20Swing=E=1=1r34LbKcu7ZL%20ZLIntroortS%3CZL%20ZL%20ZL%20LZ%20ZL%20ZL%20ZL%20ZL%20%3Efa%3EE7%3C44T%5BL%20ZL%20%20LZD77AZL%20ZL7E%3EegdiBr%3CZL%20ZL7bDZL%20ZLLZ%20LZZL7bEFZL%20ZLZ%3CRiL%20ZL7%23GZL%20ZL7%2DF%23ZL%20ZL%20ZL%20ZL%20%3EtZC%23%2DL%20ZL%20ZAZL%20ZLZG%237ZL%2DBZL%20ZL%2DCZL%20LZ%2D%23CZL%20ZL%20ZL%20ZL%20LZEL%20ZL%2D%23%20ZL%20ZZF%23%2D7ZL%20ZL%20ZL%20ZL%20ZLZ%20L%20ZL%20ZL%23GZL%20ZL%20LZ%20LL%20ZL7ZL%20ZL%20LZ%20LL%20ZL%20ZL%20ZL%20ZL%20LZ%20ZL%20ZL%20ZL%20ZL%20ZZ%20LZ%20ZL%20ZL%20LZ%20LZ%20LZ%20LZ%20LZ%20LZ%20LZ%20LZ%20LZ%20LZ%20LZ%20LZ%20LZ%20LZ%20LZ%20%20Z%20=Jazz%2DMedium%20Swing=100=3
8a875592-f444-4dff-a0d0-e675a16e2e85,irealb://Eu%20Vim%20da%20Bahia%3DGil%20Gilberto%3D%3DSamba%3DE-%3D%3D1r34LbKcu7%7C%2C7B%2Cu%20vim9-E%3E..ratnoc%20ahiaB%20ad%20miv%20ue%20%2C%20sF%23-E%3CA*%5B%2C9Cs%20sA-%2CDD%20%2C31AZL9-El%20%5ElG%7C%2C7D%2C-As%20Gl%7C%2C79LZG7%209-El%20%5EGl%7ClBb%5E%20A%20s%2C9-El%7C%7C%2C7B%2C%23-Fs%20%5EGl%7C%2C9D%2C-As-%2CD9%2C%7C%2C7FsA%2C9-E9%2C%7ClA-%23Fs%20%5EGl%7C%2C9D%2C-sA%20%5EAl%7C%2C7E%2C-Bs%20%5E%2CB7%2C%7CE%2C-BsXQyXQ%2CG7%2C%7CB%2C-%23F%2C7C%2CG%7C%7C%2C7%2CD7As%207EZL7B%20%5ECl7%2C%5BXy9D%2C31%2C-B%3E.YY%5B*Brp%20atlov%20ue%20sa%20m%2CaihaB%20miv%20uE%3Ca%20la.QyXQyE7%2CA7%2CD7%2C%7ClG%20sF%23-%2CB7%2C%7CXyQr%7CXyQLZE-7XyQZ%20%3D%3D0%3D0
8adac856-718c-4a6f-9387-0a4b3023d189,irealb://Insensato%20Destino%20-%20AABB%20ABB%3DGuineto%20Almir%3D%3DSamba%3DG%3D%3D1r34LbKcu7%2031AZ4G6%2CXBZL7D%20CZL7G%20%2C-%7CDQyX-E%7CQyX7B%7CQy-%20E7L4TA*%7BL7D%20C%2C%20sD-G%20-DZL7D%20-AZL7%20E-BZL7D%20Cl%7C%2C7G%2C7%2CLZ%7CGZL7DA%7CQyX7%2CLZAX7F%7CQyX-C%7CQyX-%7BGY%7D%20%2C7D%20GZL7D%20-yQ%7CBbE%20-BZB%20-GZZG-%20BAQ%7BYQyXQyX%7D%20%2C7%20D-GZL%2C7D%20-AQZLb-%20D7LL7D%20-b%2C%20%7D%2Cf%2CG-%20%3DPop-Soul%3D95%3D3
8a3dcedc-6cdc-4923-9fdc-42d632013e41,irealb://Englishman%20In%20New%20York=Sting%20%28Gordon%20Sumner%29==Rock%20Ballad=B%2D==1r34LbKcu7E%7C%2CA%204E%2D%20AA%20%2DEA%2AS%5B%7D%2CA%20%20%2DZBLA%20%2DE%7C%2CA%20%20%2DBZLLZB%2D%204Ti%2A%7B%2DBZL%2CB%2D%20%20A%2A%7B%5DQyX%2DBZLA%20%2DE%2C%7CA%20%20%2DBZLA%20%2DE%7C%7C%2CAE%2D%20AZLA%20%2DEB%2A%5B%5DE%2D%20ALZLA%20%2DE%7C%2CAQ%20%20%2DBLZ%2CA%20%2DE%7C%7C%2CA%20%20%2DBZB%2DXyQ%7C%2CA%20%20%7D%2CA%20%20B%2DXyQ%20%2DE1N%7CQyX%2DBZLA%2D%20E%7CQyX%2DBZLA%20%2DE%7CALZB%2DZLA%20%2D%23F%7CQyQ%20LZNyXA%7CQyXDlB%2A%5B%5D%2CC%23%2FAs%20%20%2DBZLA%20%2DE2Q%7CB%2DXyXQyXx4%3C%20%20GXyQ%7CL7A%20%2DED%2A%7B%5DQyX%2D%7CBQyX%23A%2F7%23F%7CQyXAZB%2D7%2C%7CQyX7QyXQyXyQ%7C%3C%20%20%2DBZLA%20%2DEQ%7B%7D%20x%20%20%3EadoC%20la%20%2ES%2EDA%2C%7C%3CXn%7B%7D%20%3E%20%20Repeat%20and%20Fade%3EE%2D%20A%2DLZB%2DXyQ%7D%20=Pop%2DReggae=101=1
8af94a73-590e-4597-91b2-76e2645da924,irealb://Hard%20To%20Say%20I%27m%20Sorry=%28Cetera%2DFoster%29%20Chicago==Rock%20Ballad=E==1r34LbKcu7%23Fl%2CB4lE%2C%20%2D%23CsZL%2CC%2F%23Gl%2C%23%2FCB%2C%23D%2FBsZL%2C%23C%2FA%2CC%23%2D%2F4Ti%2A%5B%2A%5B%7D%20BZsBsu%2CB%20%20A%7CQyX7%2D%23G%7CyQXElA%2A%7B%7D%20E%7B%2CB%2Cs%7CC%23%2D%20L%2C%23A%2FA%20ESCF%23%2D7L%20susBZL7%2D%23F%20%2D%23lC%7C%2CE%2CE%2FAs%20%2CB%2FEZB%20%5D%5B%2A%20%2D%23CBC%2CB%2CBsB%2FD%23%23A%2F%23Fl%2CB%2F%2D%23C%2C%2DC%23sZLC%2F%23Gl%2C%23C%2FB%2CLZsE%2FZL%23C%2FB%2F%2D%23C%2FD%23%2C%7CZL%2CC%2F%23Gl%2C%23C%2FB%2CD%23%2FBsZL%2C%23C%2FA%20%2CElsC%23%2D%2CB%2C7%2D%23%20%2D%23C%7CA%23%2CQL%7CQyX7%2D%23G%7CQyXEl%2AA%7B%5D%20x%7C%2CB%2CsusBsZA%20%20B%2C%2F%23Fl%2Ca%20%2ES%2EBC%23%2D%20%2D%23F%20%2D%23Cl%7C%2C%23D%2FE%2CsE%2FA%20%2CB%2FEZL7%2D%23F7LZ%3CD%2A%7B%7D%20BB%2C%23D%2Fa%3EBsu%2C%23F%2FDsZLE%2FC%20GD%5B%2A%20A%2FB%20%2CBQ%5B%7D%20B%20sD%2FE%2CBdoC%20lZL%23D%2F%2CE%2D%2FD%2C%23F%2FDsZLE%2FC%20GZDL%20D%2FGl%7BY%20%23C%2FAl%2CD%2FE%2CB%2DEs%7C%2CyXB%7CQ%2CE%2D%2FDBl%7C%2C%2DC%2C%23C%2FA%2CD%2FE%2D%2C%2DE2N%7CY%7D%20%23C%2FA%2CsusXy%2DEs1NQ%7CEXyQZ%20=Pop%2DSlow%20Rock=70=1
8aecf07f-a715-4b3c-8002-5376d6c5d019,irealb://Like%20A%20Virgin=%28Steinberg%2DKelly%29%20Madonna==Pop=F%23==1r34LbKcu7yX6bG4Gb6XKQyX6bGA%2A%7B%5D%20%20lKcQyX6bGZL%20lcKQycl%20LZ4Ti%2A%5BbGZL%20LZAb%2DX6bGB%2AS%5B%5D%20%20lcKyQX6bGZL%20lcKQyX7yQKcl%20lcKQs%20%20sucl%20LZyX7%2DbE%7CQyX7%2DbAQ%7CyX7%2DbE%7CQyX7%2DbAQ%7CDbsKQyX6L%20lcKDbaddGZL%20lcKQyX6bGC%5B%2A%20%20QyXQyX%5D%20bD%209b6XyQl%7C%2CbD%7CQyX7XyQKcyXbA%7CQyX7%2DbE%7B%7DQ%20%20lcKQyX6bGZL%20lQ%7CEb%2D7%2DbAZ7%2DbAZ%20al%20CQyX6bGZL%20lcKQy6XbGQ%7B%7DQyXbA%3EadoKcl%20L%2ES%2ED%3CXyQKcl%20LZGb6%20%20%3CVamp%20and%20Fade%3ELZ%20x%20%20%7D%20=Pop%2DRock=118=1
8ac70ab6-2f03-49aa-a02b-04454a37a9c4,irealb://Abi%20Gezunt%3DEllstein%20and%20Picon%3D%3DMedium%20Swing%3DB-%3D%3D1r34LbKcu7QyX-B4B-XyX7%23F%7CQyX-B%7CQyXE-%7CQyX-B%7CQyX-E%7CQyQ%7CN14TA*%7BQyX-BXyQ%7DXKQyX-EB*%5B%5DQyXxQ%7CyX-B2NZL%20QyXQycl%20LZ%2C7%23F%7C-B%7CQyZE-XyyX-BA*%5B%5DQyX7%23FLZ7G%207%23F%7CQyX%2Cx%7CQQ%7CE-XL%20lcKXyQ%7CE-XyQ%7CB-XyQ%7CF%237XyQ%7CB-XyQKcl%20%20Z%20%3DJazz-Medium%20Swing%3D100%3D3
8a0c6cd1-b7c1-4b1a-8d01-a01176a8710c,irealb://I%20Really%20Love%20The%20Lord%3DMass%20Choir%3D%3DWorship%3DBb%3D%3D1r34LbKcu7yX11GbXyQXQyX7%5EbE%7CQyX%2C7b%20B%297-F%28%20%207-DZLQyXyQLZB86T%7BQyXQyZC-7XLQyXQyX11bB%7CQy7XFQyXE/CZLQyXQyZBb7XLQyXQbB%7CQyyQXyQX7-G%7CQyX7DQyX7AhZLQyXQyXbE/FZLyQChXXbEZLFQyXEXyQLZ%29bE%28%20%2CD/bB%20QyX-7C%7CQyX7-GQyX7bALZC9/QyXF/11XyQ%7D%20%3D%3D0%3D0
8ad4886f-203e-43f9-b53d-90e907c8d7d8,irealb://Deus%20Eu%20Ou%C3%A7o%20A%20Tua%20Voz%28G%29%201%3DLucas%20Kleber%3D%3DMedium%20Swing%3DD%3D%3D1r34LbKcu7B/Gl%204D%2CXyX%23C/A%7CQyXDZL%20lKcQyXG%7CQyX%23C/A%7CQyQ%7CC%2C4Ti*%5ByX7-B7%20G%2CsA%7CQyXG%7CQyX%23C/AQ%7CyXDlA*%7BY%5D%2C%23F/DXyQ%7D%7B-Al%20%2C%2CD%7BY%20Q%7CE-XyX%5DQyX%2CsusA%7CQylX%2C7-El%5B%7DQyXD%7CQyQXyQ%20yXG%7CQ%5BYZL%20/C%23%2CXXZL%20lcKQyX%2CD%5B%7D%2C%20A/G%20-E%7CQyXG%7CQyyQXyQA%7CQyXE%5B%20QyQ%7CF%23-cKQyXE%7CQyX%2C-BZ%23LC/A%20D%7CQyXG%7CQyXl%20LZXyX%2C-B-XyQ%7CDXyQ%7CE-XyQ%7CDXyQ%7CE-XyQ%7CG/AXyQ%7CDXyQ%5D%20%3D%3D0%3D0
8ae471c1-e82d-40f8-82d4-cff8def27d30,irealb://Reina%20Sobre%20O%20Meu%20Ser%3DPaulo%20Cesar%20Baruk%3D%3DMedium%20Swing%3DD%3D%3D1r34LbKcu7%2031A%7C4lD%2C%20BlZL%20s%2C*5%237m*B-%2CBs%7CQyXDZL%2C*4*D-7XyQ4Ti*%7B%7DQyXAG%5EXyQ%7CQyX%23F%2FD%7CQyXD4T4SA*%7BY%20%20QyXQyX%7DGXyQ%7CZL%2C7A%20%2CAZL-7XyQ%2FDC*%5BY%7DQyXA%3E.CD.%3C%7CQyX7-B%7CQyXG%7CF%23%20G%2CEB*%7BYQyXZL%20%5D%3CD.%20BZLA%20%23G%2FE%5B%20%20QXyQyX%3EeniF%20la%20.S%20%3C6x%3E%3Ex8%3C%20XyQ%20LZEXyQZ%20%3DJazz-Medium%20Swing%3D100%3D3
8a606f74-cd1f-45fc-ad5f-41bcb98dfda7,irealb://Best%20Friends%2C%20Right%3F%201%3DWinehouse%20Amy%3D%3DMedium%20Swing%3DC%3D%3D1r34LbKcu7V07*%3CIntro%5EBZL7%23F%207-%23C%7CQXy7%5EBZL7%23F%207-%23C%3E7XyQ%7C27*%3C%5B%23DZL7E-7Xy%23CZL7B%207-%23F%7CQy7X-%23G%7CQyX9b7%23D%7CQ-7%20D-%3EesreyX7-b7altL7%5EB%3EegdirB07*%3CQ%7CyX7%23F%7CQyX7-%23CZXyQ%7CB%23G%207-%207bG%20%239XyQyX7-bA%7CQyX7-bBQ%7CyX7%5EB%7CQyX7-bA%7CQ%7CDb77bE%7CQ%7C%20%3DJazz-Medium%20Swing%3D100%3D3
8a032dff-ca26-49b5-9e40-c4bed9144247,irealb://Lullaby%20Of%20Birdland%3DElla%3D%3DMedium%20Swing%3DC%3D%3D1r34LbKcu7A*%7B%5D%20*72InL%20hD%20ZL%2C7bA%207bZEL%2C7bB%20*m*F%3EortZ%20G7%20%3C44T%5B%20%5EbEZ1%2C2%3EC%20*m*FZL%20*m*C%20Z%2CL7G%20hDZL%2ChA%20*m*Bb7%2CL%2096*%3C%20%5EbE2ZAb%5E%20yXQyX%7D%20%2C7G%20hDZ%20L%5EbE%201NZL%2C*m*bAQ%20LZNL%2C7bEhGZL%20Z%20Eb%5EL%2C7bB%20hFZL%20*m*%20FZL%2C7C%20hGB*%5B%5D%20%20Z%20Eb%5EL%2C7bB%2ChA%20*Z%20F*m%2096*%3CA*%5B%5D%20%2C7G%20b%5EEZL%2C7bB%20hFZL%20*3%3EC*mL%2C7C%20L%2C*m*G7%2CLZAZL%2C7bE%20%5EbEZL%2Cb7B%20*m*FZL%20*m*C%20b%5E%20Ab%20hDZLZ%20Eb%5E%20LZN1Dh%20G7%2C%20%7D%7CN2C-9%2CLZF*m*%2CLZBb7%2CLZEb6%2C%20Z%20%3D%3D0%3D0
8a5a2303-881e-4c2d-8de0-1dd62a856094,irealb://Then%20I'll%20be%20Tired%20of%20You%3DHaeburg-Schwartz%3D%3DBallad%3DC%3D%3D1r34LbKcu7%2Csus94C%5E7%20DZL11%237A%207%5ECZLuss9G%207-DZL11%237A-7%20sG4TA*%5B*%2C%5B%5D%20Bb7%231DZL7A%207-El%7C%2CF/G7%2C7Gs%207-CZL7A%201-7%20G7l%7C%2C7G%7C%2C7G%2C%20A7%231s%207-DZL11%237A%207C%5EZLsus9G%207-DZL1G9sus7%5EC%2CAL7-F%2011%20A7*%5BY%5D%207bE%207-bB%7CyQX96CZL7G%207-DZLBAb%5E7%237bBlL7bE%20%20Eb7LL7-F%207%5EbA%7CZL7b%20E7-bBZL7B%207%5EbAZZBb-77-bBZ%237A%207F7LZDus9G%207-DZL11%237%20A7%5ECA*%5BY%5D%207G%207-sLZC%5E%207-CZ%20%20lcK-7%20sGCZL7G%207-DZL7A%2011%237bBl%7C%2C7G%2Csus969XyQDZL11Z%20%3D%3D0%3D0
8a12b2d8-fa64-4750-bf98-6e1f70b45e2c,irealb://Squeeze%20Me%3DWaller%3D%3DMedium%20Swing%3DF%3D%3D1r34LbKcu7%7CQyXC4G7%20CFZL7C%207GZL7D%20FLZ7C%207GZL7D%20FZL7%20F-LZ4TA*%7B%7CQyX7LZG7%20XZLQyX%7C%7CQyX7FZ7LC%207GZL7D%20FZL7CyQLZG7C%207GQyXZL%7DXyQLQyXZLQyXZLQyX%7CLZQyXZLQyXZLQyXZLZXyQ%20F%207CLZXyQLZXyQ%20%7C%20%3D%3D0%3D0
8ae8e6d5-5acb-4467-b044-5a92ea034676,irealb://Li'l%20Darling%3DHefti%20Neal%3D%3DMedium%20Swing%3DF%3D%3D1r34LbKcu77-G%7CQT44G7*%5BZL9b7D%207hA%7CQXy6FZL7C%207-G%7CQyXAG7Xy%2Ci*%2C%5ByX5%237LZA-77FZL9b7C%207-G%7CQXy7G%7CQyX9b7D%7CQyXXyQ%7CF9b7C%20-D%7CQyBb6%20B9b7D%207hAZL6-bB6%20bBZL7F%206FZL6-bLZG7XB*%5B%5DQ%7CQyX7ZG-7%20b7C%207-G%7CQyX7GA%5B*%5D%209b7D%207hAZL7C9LZA-L7G%207L6-bByQ%7CG7*%5B%5DQyX5%237F%7CQyXF7ZL9b7C%207-G%7CQyXCBb6%20X9b7DA%7CQyX7LZBb7C%207-G%7CQyX7GZLb97D%207hAZL6-bB%206LZUF6F%206FZh7%20D7b9%20Z%20%3D%3D0%3D2
8a336d0a-e696-4dcf-9b3b-5ab88db43cf7,irealb://Pure%20Imagination%3DNewley%20Anthony%3D%3DBallad%3DEb%3D%3D1r34LbKcu7B%7CQyX4F-7X%7BZL%20x%20ZL7%5EbE%207boE%7CQyXsus9bB%7CQy*AF-74Ti*%5ByXsusXyQ%7CEyX7-FZL7-C%20G/blE%7C%2Co%23F%2C7-Fs%207%5EbQ%7CBb9sus9b7%5EbABbo7%20ElcKQyX7%5EG2NZL%20yQXQyX%7D%20%20x%20ZL7%5Eb%20%20%5D%5B*E1N%7CQ7CZL%20-7%20C77D%207hA%7CQyX7%5EbELZsus9bB%207-FZL9bLZG-7G%7CQyX%2Co%23F%2CLZBb77%5EbE%7CQyXsus9bBQ%7CyX7-FA*%5B%5D%20xZL%20%20sF-7%2C7F%20%2CyX96bG%20C-7%207bD%7CQyX7%5EG%7CQysXus9bB%7CQyX7-FZLD7LZE/bEl%7CQKcl%20%20Z%20%3D%3D0%3D2
8af25b0b-f66a-4a9b-9094-3049fa115bc1,irealb://You%20Stepped%20Out%20Of%20A%20Dream%3DNacio-Herb-Brown%3D%3DMedium%20Swing%3DC%3D%3D1r34LbKcu7L%20lcKT44D-A*%5BZL7G%207-DZL7%20A7%5EC%7CQyX7G%7CQyX7C7XyQ%2Ci*%2C%5ByX7-GXyQKc%20lcKQyX7%5EbA%7CQy7XbE%7CQyX7-bBZL%20l%20%5D%5B*B7%5EbDZ%207G%207yQ%7CF%5EbA%207-bE%7CQyX7D%7CyQX7-AZL%20lcKQyX77LZD-X7C%7CQ11%237b%5E7XyQ7bE%7CQyX7-bBZL%20clKQyX7%5EbDZL%20lcKXyQ%7CGCA*%5B%5DyX7G%7C7XyQ%5DD%7CQyX7A%7CQyX7-EQ%7CyX7G%7CQyX7hDC*%5B-7XyQF%7CQyXQ%7CC%5E7%20A7LZD-7%20G7%20Z%20%3DJazz-Medium%20Swing%3D100%3D2
8aed2c00-ee98-4c2e-b091-3e8906108efc,irealb://Woody'n%20You%20-%20jsb%3DGillespie%20Dizzy%3D%3DUp%20Tempo%20Swing%3DDb%3D%3D1r34LbKcu79%237bA4Gh7XhbE%7CQyX9%237bB%7CQXy7hF%7CQyX9%237C%7CQy7XyQ%7C4TA*%7BZL7bDb%5E7XyZL7bD%207-bAZL7b%20D7-bAB*%5B%7D%20%20lcKQAb-7%20D%7CQyXGA*%5B%5DyQ%7CBbbAZL7bE%207-bBZLb7E%207-bBZL7bE%207-%5E7XyQX7%5EbG%5EbD%7CQ%7CC7%239bA%7CQyX7hbE%7CQyX%2397bB%7CQyX7hF%7CQyX7%239XyQyX7h7XyQKcl%20%20Z%20%3DJazz-Up%20Tempo%20Swing%3D240%3D3
8a97c98c-b738-429f-b09b-02fabd28d8bf,irealb://Contigo%20Aprendi%3DManzanero%20Armando%3D%3DBolero%3DA%3D7%3D1r34LbKcu7KQyX74A%5E7X9b7%23C%20%23G/-BZL7C%23%20%23G/-BZL%20lcKQyLZF%23-4TA*%7B%23C%7CQyE-7XyLE/D%207-B%7CQyX7%5EBD*%5B%5D%2031b7A%207A%7CQZA%5E7XZL%20lc-B2N%7Cb13LZ7E%207E%7CQyX7-BZLB7%207-%23F%7CQyX7-B1Nb13%20%7D7%23F%20h%2C7E%7C%2CE7%20E/%23C/W%2CB/W%2C7-Bs%7CyQX7%23F%7CQyXh%23CZLD%2CW/D%23%7CQyX7W/D%2CE7b13/B%2CW/E%2C%7ClA%5E7XyQ%7CD%5EXyQ%7CUA%5E7XyQZ%20%3DLatin-Cuba:%20Bolero%3D90%3D3
8a3974ea-0507-41f8-a754-9be9d251b8e6,irealb://No%20me%20doy%20por%20vencido%3DComposer%20Unknown%3D%3DMedium%20Swing%3DD%3D%3D1r34LbKcu7QyX7A4DXyQ%7CQyXG%7CQyX-B%7C%5DQXy7%23F%7CQyXA%7CQyXD%7CAXyQ%7C4Ti*%5BQyX7AXyQ%7CDE1NQyXG%7CQyX-B%7CQ%5DyX7%23F%7CQyXA%7CQyX-XyQ%7CDA*%7B%5D%7CQyX7ZN2E--E3NZL%20QyXQyX%5DyQX%2C7A%7CQyX7A%7CQyXXyQ%7CALQyX%7DQyX7-Q%7CDXy%23F/D%7CQyXGC*%7B%5D%20A7ZL-EZL%23F/D%20G%7CQXyQ%7CEyXDB*%7CN1CXyQ%7DXyQXyQXyQXyQ%7CN2AXyQ%5D%20%3D%3D0%3D0
8a30081b-23d9-452c-a381-f0fa7c457a3e,irealb://On%20The%20Sunny%20Side%20Of%20The%20Street=McHugh%20Jimmy==Medium%20Swing=C=7=1r34LbKcu7yX7D%7C4C6XyAZL%23G%2F9b7E%20G%2F6%7CCQyX7%5EF%7CQyX7E%7CQ%2D7XyQ4T%7BA%2A6CZL7%2D7%20G72NZL%20QyXQyX%7Dl%2CG7%2C7%2DD%2C7A%2C7%2DEsZLD%2D7%20GD1N%7CQyX7%2DDB%5BG%2D7D%7CQyX7%2DAZL%20lcKyQX7%5EF%7CQyX7C%7CQyX7XyQ%7C%2A%5DQyXQyX7%2DyQ%5D%2AA%2F9b7E%20G%2F6C%7CQyX%5E7F%7CQyX7E%7CQyX6C%5BG%23LZAX7G%7CQ%7CD7XyQ%7CD%2D7%20G7LZC6%20G7%20Z=Jazz%2DMedium%20Swing=87=3
8a0d76dc-d6c0-43e1-a8d1-4531e531051a,irealb://Vou%20Vivendo=Pixinguinha%20E%20Benedito%20Lacerda==Latin=F==1r34LbKcu77CZL7%2C%20F%23hZL%2ChB%20%2CbBZL%2C7ALZ%2DDZL%2C7A%20%2C7CZL%2CF%2CLZGF42T%5B%20%20F1NLZC7%20C%207%2DGZL7%2DD%20%2CFZ%2DLbBZL%2CbAZL7bEZL7%2CQLZ%20%2DFZLZL7AZ%20%20%5D%7B%2AL%2DDZL5b7%2DE%20%2DGZ%2DLGZLhCZL7AZL%2DDBZE7%2CLF2N%7C%7DN%7D%20%20%2D7LZCh%2C7A%20%2C5b7%2DEZL%2DDLZ5b7%2DE%20%2DGZL%2DGZLLZN1DAZL%2DD%2C7G%2067%2C%3CD%2EDZLbBC%2A%7B%5D%20%20%2CFQ%20%5B%20%5D%20%3EadoC%20la%20%2EC7LZF%2DC%20%2DD2%20%2CbBZZC%2DLZZL%2DCZL7G%206%2DFZLD7ZLbBZLbBZLFZLFC7%2C%20LL%2DCZLG7LZC%2D%20F7LZN1Bb%20%7DN2Bb%2C%20C7%2C%3CD%2EC%2E%20al%20Coda%3E%20%5D%20%5BQF%2C%5D%20==0=0
8a44e97d-ae7a-4888-91db-648a1b3b287f,irealb://Georgia%20On%20My%20Mind%20Ray%20Willie=Carmichael%20Hoagy==Medium%20Swing=C=0=1r34LbKcu71NZL74F%5EXyZL%2DbB%207%5EbBZL7F7%20%2DDZL7A%205b7%2DE%7CQA%2D7%20D4TA%2A%7B%205b7%2DLZA7%23FZL7C%20%2DG2NZLQy%7DX%209C%205%237GZL9D%205XyQ%7CE7C%20%2DGL7E%207%2ABD%2D%20A%20%2DDZL7G%20%2DDZL7%20A%2DDZL7bB%20%2DDZL%2DG7LZD%2D%5B%5D%207AZL%2DbBD7LZG7F%20%2DDZL7A%205b7%2D%7CEQyX%5EFA%2A%5B%5D%207C%20%2DLZBb%20%207%2DAZA%2D7%20D7LZG%2D%20C7LZF%20D7LZG%2D7%20C7%20Z%20=Jazz%2DMedium%20Swing=85=7
8a9c2434-923e-4cb7-a269-3eb50b6a683e,irealb://Night%20They%20Drove%20Ol'%20Dixie%20Down%20(Tom's)%201%3DThe%20Band%3D%3DMedium%20Swing%3DC%3D%3D1r34LbKcu7LFZL%2C4A-%2CLL-DZL%2CFZL%2CCZL%2CA-ZL-DZL%2CFZLG%2FCZZA-%2FE4TA*%7ByXQyXLZD-LXZLxZL%2C-D44TfZxLZL%2CCZL%2CFZL%2C-AZyQXyQ%2CG%2FCZL%2CFZL%2FG%2CLZZLG%2FCZLFZL%2CCZLF%2CZL%2CCZLFZL%2CCZLFFLZC%2CCB*%5BQZC%2CLZFLZ%2Cf%2CD-LZn%20%7D%20%3DJazz-Medium%20Swing%3D100%3D3
8a1250a3-0247-4c2c-9990-aa1709e1039d,irealb://God%20Bless%20The%20Child%201%3DHerzog-Holiday%3D%3DBallad%3DEb%3D%3D1r34LbKcu77-bBZ4sEb%5E7-bBZL7bAl%2C7bE%5E%2CbEsZL7bAl%2C7bE%2C%20Eb7L4TA*%7BX6bE1ZAb%5E7B%207-FZL5b7%23F%207b%5EE%7CQyX5b7bD%7CQyXb7LZNL7bE%20GZL7F7%20Bb7L7%5E-C%20-CB*%7CZL7%20G7bA%7CQyX6bE2N%7D%20ZC-7%20-F%7CQy%7CZL7b%7CG7XyZL5b7%23F%207-GZL7%20F7-CZL7%5E-C%20-C%7CQF-7%20BQyX7-7bE%207%5E%2CEb77bE%207-bBZL7bAl7%2CbE%2C%5EbEsZL7bAl%2CLZBb-bEsA*7-F%7CQ7XyQ%7CZL7bB%207-FZL5b7F%23%207%5EbE%7CQyX5b7bDEb6Xy%5EbAZL%20Bb7%20%5D%20%3D%3D0%3D0
8a71a07f-89ed-466b-97b5-88860ea4fbc8,irealb://Midnight%20Mood-Rev%20JE%3DZawinul%20Joe%3D%3DWaltz%3DDb%3D%3D1r34LbKcu7%20%5EbDZ4Db%5EL96AZL%5EbDZLsus7DbZL%5EbDZLbD/hbEZ/Db%20L3Ti*%5BbD%7C%2CEb%5E%2CAbW%2Ctla7C%7C%2CbE/W%2C/FW%2C%5EbG%5B%20%2C31G%2C7-/D%2CW/DsYZLA%2CA/W%2CF-7%2CL%2C9-bE%2CF/W%2CoBY%2C%7CbD/W%2CC/W%2C7-bB%7CZB13%2CG/W%2Cotla7Cb7b9%2C/W%2CF/W%2C%5EbG%5B%2C31%2CG7-bAp%7C%2C%5EbD%2CC/WEb%2C%7CYA%7C%2C7bbB/W%2CW/E%2C%7CbE%7C%2C31bE%2CE/W%2C3E1ZL%2C7-F%2CG/W%2CobD13%2311%2CD/W%2C/hbEZ%7CAb7bbDl%3EedulretnI2*7%3CY%7C%2CC/W%2CbB/W%2C9%5E/AbL%2C31A%2CGsZL%5Eb%5E/AbIF%3CUZLbA/hbEZLAb/%5EbDZLbA/hbEZLNE%3EDbDZLbAZL%5EFZ%5DY%5B*BZL%5EFZLC/hGZL%5EF%3ElsoloS%20%2047*%3C43TGh/CL%2C7C%2ChZL9b7%20LZF%5EAZL%20tla7EZL%5EbBCl*%5B%2C7Fs%207-CYZL%20-7LZDC/%5EbGZL%209bC7LZF31bAZL7-AZL%20tl7aEZL%5EbBZL%2C7FZL%5ELZG13ZL7-G6FZLCs%20sC71bAZLC/6Fl%3EedurletnI%20%2047*%3CA*%5B%2C3sus/us7CY%5D%20%20sub13suQ%20C/6FYZL%20C/su3s1bAZLC/6FZLC/sLZC7sAZLC/XyQ%5BQ%3CD.C.%20al%20FINE%3EAb13sus%20%20%5D%20%3DJazz-Swing%20Two/Four%3D120%3D5
8a9f0411-b2e3-440c-9a3f-7a9ba4b87615,irealb://Alabanzas%20Al%20Rey=Gandara%20Marcela==Pop=D==1r34LbKcu7%5DQyXG8B%2DXy%7CQyX%23F%7CQyX%2DB%7CQXyD%7CQyXG%7CQyX%23F%7CQGXyQ%7C6Ti%2A%5BX%23F%7CQXyQ%7CF%7CQyX%2DE%7CQyX%2DB%7CQXy%23F%7CQyX%2DEZL%2DB%20%23C%23oXy%2DBA%2A%7ByXGB%2A%2A71%20PZL%23F%7CQyXo%23C%7CQyGX%7CQyX%2DE%3Eoroc%20erF%23%20%5D%7B%3C%5B%7DQyQyXA%7C%2FF%23%29XQyXG%7CQyX%29%23F%2F%2DB%2D%28B%7CQyX%29E%2FA%28A%7CQy%7CDXyQD%28D%7CQXD%7CQy3To%20AtnemurtsnI%20%2096%3C%2AC%2A%5B%7D%20%2CQ%2C%20%20%3E%2CC%2Cal%3EGX6%2A%3CA%7C%2C%20%2CQ%2CyQ%7CF%23B%20oT%2017%2A%3C%20A%7CQyAX%7CQyXD%7CQyXG%7CQyX%3E%20%20%7D%5BXA%7CQyf%2CB%2D%20%20Z%20==0=0
8a087f05-02e9-48e9-ace0-7013df88580a,irealb://Harvest%20(Tom's)%3DYoung%20Neil%3D%3DMedium%20Swing%3DC%3D%3D1r34LbKcu7%7BT44D%20A%2CLZG%20D%2CLZDXyQ%7CAXyQ%7CG%20A%2CLZB-%20E%2CLZDXyQ%7CDXyQ%7D%20%3D%3D0%3D0
8a66a243-7dbf-422d-beca-52dfb8dcb20d,irealb://Its%20All%20Over%20Now%2C%20Baby%20Blue=Dylan%20Bob==Rock=A==1r34LbKcu7yXA%7CQXyQ%7CGyXDZLG%20A%7CQyXAA%7B%2A%5DQyXD%7CQyXD%7CQyXQ%7CxXy%2DEi%2A%5BX%23FB%2ALZDXyLDZLGZL%2DEZLDZLZDLGZL%2DE%5B%5DQyXx%7CQZD%20%5D%5BG%20A%7CQ%2DE%5B%7D%20%20GLZA%20x%7CQyXD%7CQyXG%7CQXy%2DEA%2A%5B%5DQyXx%7CQyX%20%3C4x%3E%23F%7CQyXyQ%7CGXyQ%7CDXyQ%7CxXyQ%5D%5BE%2DXyQ%7CGXyQ%7CDXyQ%7CxXyQZ%20=Pop%2DRock=130=1
8aa58d16-fc82-4902-9b1b-3b34e9b84d4f,irealb://Matrix%20chorus%201%3DCorea%20Chick%3D%3DUp%20Tempo%20Swing%3DC%3D%3D1r34LbKcu71DZL3yQ%7CxX%239b7F%7CQyXx%7CQyXb7B%7CQyXxZL%20lcKQy11%20D1X11F%5B3XyQ%7CG7b9XyQ%7CF%237b9XyQ%7CF7XyQKcl%20%2CU%2C%20Z%20%3DJazz-Up%20Tempo%20Swing%3D140%3D3
8a8e9231-a353-4714-a0d3-c5325c7bce53,irealb://Song%20For%20My%20Father=Silver%20Horace==Latin=F%2D==1r34LbKcu7X7%2DF%7C4F%2D7Xs7C%7CQyX7bDZL%20lKcQyX7bEZL%20lcKQyusXyQ4T%7BA%2A%7CQyX7%20%20%7D%2ABD%207bEZL%20lcKQyX%2D7FZL%20lcKQyX7bE%5Bb7LZClcKQyF%2D7XyQKcl%20%20Z==120=8
8a1fffa5-26f6-4edc-b8fa-e2ceb1cb679b,irealb://Run%20Run%20Rudolf%3DBerry%20Chuck%3D%3DRock%3DA%3D%3D1r34LbKcu7QyX7A%2CA%2CppD%7CQyX7D%7B%7C%2CA%2CA%2C%2CAAZLA%20A%7Cppp%2CD%7Cp7XyQ%7CS%2Ci*%7Bur%20nuQ%7CE7X36*%3C%2CC*%2C%7C%5DQyX7%7CAQyX7A%7CQyX7E%7CQyRun%20ryX7A%7C7A%7CQy%3EA7XyyX7D%7CQyX7D%7CQyXA7%7CQyX7A%7CQyX7D%7CQQ%7CA7XhplodA%7CQyX7XyQ%7CX7D%7CQyX7Av*%7B%5DQXy7A%7CQyX7A%7CQyX7EyQ%7CA7E%7CQyXX7A%7CQD7XyQQyX7E%7CQyX7E%7CQy7XA%7CQyX7A%7CQyX7D%7C%7CA7Xy%7CQyX7yX7A%7C*C%2C%3C*%7CQyX7D%7CQyX7A%3Ehlpodur%20nur%20nuR36A7XyQ%2C%7C%7DQy5*%3C%207yQ%7CD77A%7CQyX7E%7CQyX7EQ%7CyX7A%7CQyX7A%7CQyXXyQ%7CAX7D%7CQ1D.S.%3E%20%20%7D%20%3D%3D0%3D0
8ad7590e-90d2-4a6f-9b50-fd6a6cfb7be5,irealb://Mysterieus%20%20DIJ%3DPrivat%20Jo%3D%3DWaltz%3DE-%3D%3D1r34LbKcu7ZLFZL-LZxLZLxZL-EZLxZL-ELZ7BZL-AZLxZL7CZD7LZGE43T%5BxZLoE-LZxL-EZLxZL7BZLxZLC7ZLxZL-EZLxZLBZLZxLZEZL7BL-EZLLZB7LZL7BZL-EZLFZLGLZ7DZL-EZLxZL-EZE-LZx7-AZLEZLAZGLZFLL-AZL6AZL7EZLELZxZL-EZL7BZL-EZZE69LZL7DZ%23CZLxLZE%5ELZLxZL96EZL%2CAZL69EZL-AZL6AZL7EZG%237LZxZL96LEZL7ZF%237LEZL-AZL6AZL7EZELZL7BZL7-%23FZLxZ69LZBLxZL-Zx%20Z%20%3DJazz-Medium%20Swing%3D100%3D3
8a7e6556-5b44-4037-8500-cad05a977443,irealb://Djobi%20Djoba=Collectif%20Gipsy%20Kings%2C%20Los%20Reyes==Rumba=F=0=1r34LbKcu7%20FZL%20iFXyQXF%7CQyX7C%7C%7DQyX7%7CCQyX7%2DG%7CQyX7%2DA%7CyQKcl%2A%7B44TlcKQy%2AABbXL%20lcKQyX7%2DAZL%20clKQyXbBZL%20lcKQyZA%2D7X%5B%5D%20bB%2A%7B%20%20Q7XyQK%5DQyXbBZLbB%20F%7CQXyFZL7C%207%2DGZL%20lcXyQXy%2DGZL%20%20%3E%2EC%2EyQKclBZLbB%20F%7CQyXFZLC7%207%2DG%7CQyX7%2DGZL%20b%20%20%3CDX7%2DAB%7D%20=Jazz%2DMedium%20Swing=100=3
8a88f320-be4b-468c-9404-3925da36f8a0,irealb://Anang%20Kau%20Dustai%20Hati%3DAnang%3D%3DSlow%20Ballad%3DD%3D0%3D1r34LbKcu7DlA*%7B4D%20A/A/G%207-EZL%23F/D%20ZGLA/7-B%20-BZL%2C%23C%2CA7%2C%7C4Ti*%5BG%7CQyXLZB-%207-B%207-%23FZL7A%20AG/%7CQyX7-EZLA/7-BLZE-7%23C/A%20%7CQyXD7%20%5B*BGlZLDs%3E%20%3C%20GZLA7%20-E%7CQyXDZL7A%20Gl%20A7LZAs%20A/ZL%23G/LZG%20%3CB%20-%23Cl2NC*%5B%7D%2CA%2CsA/Gs%20G1NZLDs%3E%20LZA%20EA%207-E%20-%23FZ%23-7/E%20AZLB%20-%23Cl%5BZLso%2CCs%2C%23C/A%2C%23D/BZLE/G%23LF%20-%23FLEs%20AELZA/-%23F%7CQyXEZL%2CA/BA%20lD*%5BZLs%2C7Bs%20%2CB7%20BLZ/7-%23FZL%23D/LZEXyL%20s%20B%7CQyXE/A%7CQXy%23D/B%7CQyX7-%23F%7CQZlE%20BB%20AlZC%23-%20C%23-7/BLZA%20E/G%23LZF%23-7%20BLZEZU%20%3DPop-Rock%3D70%3D1
8a410e29-3e08-4986-afe5-441825ea9c4c,irealb://Donkey%20Kong%20Country%202%20-%20Stickerbush%20Symphony%3DWise%20David%3D%3DPop%3DA%3D9%3D1r34LbKcu7QyX7-7XyQKB%2FG%7CQyX7%5EFB*%5B%7D%20%20lcKQyX7%5ECZL%20lcXyQ%7CE-AA*%7ByX7%5EFE-%2FGLG%2F-E%207-A%7CQyX7-%7CEQyXB%2FG%7CQyX7%5EFZ%20%5D%5B*C%207-A%7C7-A%7CQXyQ%7CE%7CQyXB%2FG%7CQyX7%5EFLZG%2F-E%207-A%7CQyX7-E-7XyB%2FG%7CQ%20E-%2FGLZD-7XyQ%7CC%2FEXyQ%7CFXyQ%7CF%2FG%20G%20Z%20%3DPop-Rock%3D100%3D3
8a8dece5-ff2c-4811-9502-43d0c0e6d8ca,irealb://September%201%3DFire%20Earth%20Wind%20And%3D%3DPop%3DD%3D%3D1r34LbKcu7%20sdroT44%3CI..A%20onaip.E%20nos%20evatcO%20...ortn..%20chA*%7BY%20%20stratop%3EAnirts%20200%3C%7C%7DQyAX%7CQyXA%7CQyXA%7CQyXgs%20st%20ta%20C%5DQyX*%3EA*suA%7CQyX*4sus*A%7CQXy*4sus*A%7CQyX*4s*sus4%20C%20no%7DQyXssD%5E7%20yXsusA%7D%20%3E2X07*-%3C%23F%20-%23C%7C%2C-B%2C-%23CQ%7CAsuB*%7BYYQyXB*B-%20E7susA%7CQyXsusA%7D%202%3EX07*%3C-%23F%20-%23CZLXyQ%5D%7CC*%7BYY%3E1%20x%20QXyQXyX72*%3CZL%20QyX%3E2X%20%20QyX72*%3CC*ZLQyQSoloyXQyXDNE%20QQXyQX%3C%2CA%2CAZLQyX%3E%20Qy4X%20XQyX24*%3CC*%7CQy*27XyyXQyX%3EA%20%3D%3D0%3D0
8a7be736-bef8-41a8-8d24-01317d74b86d,irealb://It's%20Nice%20To%20Go%20Trav'ling%3DHeusen%20-%20Cahn%3D%3DMedium%20Swing%3DC%3D%3D1r34LbKcu7GZL7b4C6LZ%207GZL7-DZL7F%209ZFL9F%207FZL6C%207%5ECG6LZA4TA*%5BZL7-D6%20LZD9FZL9F%207FZL6C%20%5E7CZL6CA*ZL9G%207-%20F7LZCZL%207ZL%2BB%20LZAb7%20CZL7G%20bGZLEZLC7%20GB*%5B%206CZL7GZLG7LZC6G%207GyX6CA%235LZD%207G%7CQyX7-DZL6D9%20DZL-A%20CZL9bB%20-G9LZ*7A%20-EZL6-G%20C6LZL7bAZL6G%207GZL7D-ZL7F%209FZL9F%207FZG7LZ7%5EC%7CQCZLob%235LZDL%2BE%209b7E%7CQyX7BLZ6-AZLCZLo%23DZL-ZA-%20A7A%207A2N%7D%209LZF6%20ZL6CZL7G%209hD1NLZ7A%206-GZL6FZL9FGh9%20G9hC%207Dh9%20G7LZC6LZD-7%20C6%20Z%20%3DJazz-Medium%20Swing%3D175%3D3
8abca86f-a354-472c-a5a3-00c02cd8ee62,irealb://As%20Time%20Goes%20By%3DHupfeld%20Herman%3D%3DBallad%3DEb%3D3%3D1r34LbKcu7bEZL)4F-7%20%237bB%207%5EbEZL%2C7b%20B)6-bB(7-FZL7bB5(F-74TA*%7BbA(7-7)%20%20(E1NZL7bB%207-FZL7)F(7o%23F%207FZL)7Cb%5E7%20F-G(7%5E7%5EbAB-7%20C7bE%207-bB%7CQyX7%5Eb2ENZL%20QyXQyX%7D%209b7%20%5D%5B*GZL)7ZL9b77b9Xy%7CQyX7F%7CQyX7-C%7CyQX7o%23F%7CQyX7-F%7CQF-7%20CC%7CQyX7bB%207Bb7%2CC%2C7bB%20)6-bB(7-FLZ7bB%207-FlA*%5B%5D%2C7LZEb%5Es%207-FB%207-F7)LZEC%207-GZL7o%23F%207FLZ)7C(%20%20)7-G(7%5Eb7b9LZ-F(5%23b7LZEb6%20C7b9%20Z%20%3DJazz-Ballad%20Swing%3D60%3D3
8a6ae422-6de4-4473-9ad0-333e7140cb5c,irealb://Du%20M%C3%A5ste%20Ta%20Det%20Kallt%3DQ.%20Jones%2C%20J%20C%20Hendricks%3D%3DMedium%20Swing%3DC%3D%3D1r34LbKcu7CZLD/-7b5%20-EZL7B%205b7-%23FZGL/W%205b7-A%7B%209b7E7%20E-7B44T%5B7-B%206%20C%5ELZ%2C7-A%20%2CB/6GZL7oBb%207-AZL7E%205b7-BD7%2C%7CG5b7-%23L%5EC%205b9%2C%7CAZLD/W%207-EZL7B%20b57-%23FZLG/W%205b7-C%23-7b7E%2C5b%207-CZ5%20E7L%5EbEZL31bB%209-F%7CyQX6GZL9b7D%207-AZ%20W/DLb7-BZZLbB/LZG-7CZLD/W%20%5EbEZL9bb7B%207-FZL9b7C%205b-7%20EbbB/bEE%207-E%20D13L5b7-%23FZLG/W%205b-7AZL9b7E%205b7-BZ%20B7LZ5b7-A%2CobB%2CZC%23-7G1NZL9b7D%207-AZ7LE%205b7-BZL%5EC%205b6%20A-7LD/7-%7CG/BXyQ%20%7DN2G/BXyQ%7CE-7XyQ%7CA-7XyQ%7CAb%5E%20G6%20%20Z%20%3DJazz-Medium%20Swing%3D85%3D3
8a929639-2014-4b04-8f87-67206cd9d581,irealb://Autumn%20Leaves%20%28Odd%29=Kosma%20Joseph==Medium%20Swing=F%2D==1r34LbKcu7%2A%7B%5Dn%2C4F%2DLZ9b7CZLhGZL%5EbDZ7LbAZL7%2DbEZLE%2F7CLZsF74Ti%2A%7CF%7CQyX%2D7XyQX7hGZL7bD%207%2DbALZ7D%207%2DA%7CQyX7bE%7CyQ%7CC7bBlSAbE%7CQycl%20%20%7DZL%20lcKQyX%2DF%7CQy3X1b7C%7CQyX7hGB%2A%5BBb%2D7XKQyX%2D%2DbEZLA%2D7%20D7%2DF%7CQyX7C%7CQyX7GhC%2A%5B%5DQyX7%5EbDZL7%20C7%2FE%7CQyX7%2F7%2DFZ%2CQLZD%20C%2F7%2DF%5B%20%20QyXQyZXL5%237C%20hG%7CQyX%5EbG%2D%2FFL7bA%207%20%2CC%2F7%2FFLZF%2F%2DG%20C%2F7%2DF%7CQyX%2C%2FC7%2DFZLF%2F%2DG%20C%2F7%2DFLZF%2D%2DG%20%2CC5%237C%2CZF%2D7%2F%5EbDQ%5BY%5D%20%3E%2ES%2ED%3Cb97C%20%2ChGZLF%2F%2DG%20CLZsGhLF%2F%2DGb7CZLb%5ELZs%2DFlZL5%237C%20%2ChGsLZ%5EbDlZL%2C5%237C%2ChG7%2C%20GhDlZL%2C9%20UF%2D6%20Z%20==160=2
8af4c3f3-2064-44c1-9b98-04ec3264babe,irealb://Dr.%20Feelgood%3DMotley%20Crue%3D%3DRock%3DE%3D%3D1r34LbKcu7%3EffiR5XyQKD%205E%3EffiR%3C%7B%7D%20%3E4x%3C%20x%20ZL%20x%20ZL%20lc%2CA%2C%7C%3CE44T%7B%2CGZL%20%239LZ%3C*%7B%7D%209%237E%205E%3EffRi%3C%7C%2CA%2CD%205E%3EffiRAG%2CA57E%205EL9%237EG%2CA5%20fiR%3C%7C%2CA%2CD%205E%3EfifR%3CB*%7B%7D%20%205E%2CGZLf%3EE5%20ZL%205E%7D%20%3Ex3f%3EE5%20ZL5A%205GC*%7B%7D%209%23E7%205E%3EffiR%3C%7C%2CA%2CDE5%20%20%3CfiR%3CZ%3EffiR5LZ%3CAD%205E%3EffiR%3C%2CD*%2C%7D%5BQyX5B%3EB%20sm1%20dd%2CA%2C%7C%3CA%205G%7B%3C%7D%20%3Ex%239LZ%3CE%7B%5D%209%237E%205E%3EffRi%3C%7C%2CA%2CD%205E%3EffiR5%20%20%3C87E%205Ees%20C%20over%20%20ffiR%20niaM%3CQyXyQXQyXQyX%3EsurohC4x%20to%20oloSction%3EXyQXyQ%20%20%3CTo%20D%20section%20then%20End%3E%20%3D%3D0%3D0
8a26294e-21d2-4a7d-b804-2574d7fdb331,irealb://Monster%20Mash%20%28G%29%3DBobby%20Pickett%2C%20Leonard%20L.%20Capizzi%3D%3DPop%20Rock%3DG%3D%3D1r34LbKcu7LnZLnbubbl*%5B%20%20QyXQyX%3E%5Dsnaihc%20%2Cskaerc%20%2CseisnLZ%5B63*%3Curohc*AsG%2CZLxZL%2CDZLxZL%2CCLZxZL%2C-ElZLx%7C%2C6G%3C*68%5B%7B%5D%20nZx%7C%2CDZ%2CG6%2C%7ClB*%5B%7D%20xZL%2CDZLxLZ%2CCZLxZL%2C-ElZLxCLZxLGs%3E%5DsZLx%7C%2CxLZ%3C%22A*%5B%5D%20nZL%20n%2CD%3E%22s%E2%80%A6ih%20dna%20alucarDsG%2CG6%7C%2CCZL%2C-ElZZxLZCG%2CGs%3E%5Dsurohc%5B6*6%3CZLxZL%2CDZLxZL%2C6%2C%7CxLL%2C-El%22%3C%2CDZC%2CLZxlZLx%7C%2C-EZLx%7C%2C6%2CGGsA*%5B%5D%20xZL%2CDZLC%2C%7CxLZLxZLZLxZLver%E2%80%A6%22Lx%7C%2C6G%2CGs%3E%5Dsurhoc%5B66*%3CZLnZL%20n%3EZlE-%2Cetahw%20uoy%20LZD%2CL%3Cx%7C%2CClZLx%7C%2C-EZxL%7C%2C6G%2CGsA*%5B%5D%20xZ%22whenxZL%2CC%5Dedafo%20my%E2%80%A6eper%20surohc%5B66%3C*%7BZ%20nZL%20n%2CDZL%3E%22at%20%26%20t%20teg%3EsG%2CG6%2C%7CxLZlE-%2CLZxLZC%2CLZxLZD%2CLZx%3C3x%3E%20%7D%20%3DPop-Rock%3D115%3D1
8af89b68-f97e-4b84-ad00-709948a28b02,irealb://Spooky%20%28F-%29%3DSharpe-Middlebrooks%3D%3DBoogaloo%3DF-%3D%3D1r34LbKcu7%7Cr%20ZL4F-7L-FA*%5BY%5D%20%20%7Cr%20ZL%7C%20r%20ZL%20%7Cr%20ZL6bBZLZBb64Ti*%5B6*%3C%5B%20%7C%20LZ%20Bs%3E%E2%80%A2%2026*%3C%7CQyX7F-%7CQyX-FB*%5B%5D%20%20%7Crb7%2Cn%20r%20ZL%20%5BYZ%20Qo%2C%3C*67C%7CQyX-F%7CQyX7b%7CBQyX-FlZL%20oB%3E%EF%BC%9E2%239%2C%20%20B%3E%E2%80%A2%202QF-7LZBb6LZ%20r%7C%20LZ%20r%7C%20LZF-LZfBb6%2CU%20%5D%20%3DJazz-Blue%20Note%3D112%3D6
8ac2b168-f7fb-4388-b593-1d0cf169362e,irealb://Big%20Jet%20Plane=Angus%20%26%20Julia%20Stone%20%28bpm%3A%20110%2C%20Rob%29==Pop=C==1r34LbKcu7A%2A%7B%7DQ4%3C%2A74yX%2DE%7CQyX%2DA%7CQyX%3EC1%20OPAC%20%20QyXQyXQ%7CGXy4Ti%2A%7B%5B%5DQyXA%2DXyQ%2DE%7CQyX%2DA%7CQyXC%7C%20%7D%3Ex3%3C%20lcKQyX%2DE%7CXyQ%7CG%7CQyXC%7CQyXCQ%7CA%2DXhaeY%20%3Adn2%20%2080%2A%7B%3CZL%20lcKQyX%2DE%7CQy%20hey%3EyXCB%2AQyXCS%7CE%2DXyyXG%7CQyX%2DE%7CQyX%2D%7CAQyXCA%2A%7B%7DQyXG%7CQQ%7D%7B%2ABQyX%2DA%3C%7B%20Q%7DQ%7CE%2DXyX%2DE%7CQyX%2DA%7CQyX%3EC%2080%2A%3C%7CZL%20lcKQyQ%7CG%20%20yX%2DA%7C%7CQyX6ah%20he7%5EFC%2A%7B%7DQyXG%7CQy%2DXE%7CQyX%2DA%7CQyXC%3EyXyQ%7CGeYQyXyX%5DQyKcl%20%3CohC04%2A%3C%20%3EadoC%20al%20%2ES%2ED%3CB%2A%5B%7D%20%3Ex4rus%3EXQyX%2DA%20%20C%7D%20yQXyQ%2DEZL%20%2DAZL%20C%3EorutO%20%20QyX66%2A%3CQ%7BY%7C%20LZx%20XQyXQ%20Z==0=1
8a3b18a6-58c5-4cac-981e-e9c1604de951,"irealb://Blackbird%20Am=John%20Lennon%20&%20The%20Beatles==Soft%20Rock=C=0=1r34LbKcu7l%7C)D%2F-%2FF,C-A)E%2F%23F(D%2F%23F,GA,%2FE%7C,D%2FB,A%2FD,F%2F%2FE(A-AsA*[QyXFZ7b9)%20A%20)F%2FB(%23F%2F-BZL)C-%23C(%20%23C%7Cp)-D(D-7%2FGLD(obE}XyQXyQ%20%20{*BD,C,sBb,%3CF%2FA%3ElA(A-)%7CBbXyQ}%20=Pop-Rock=115=3"
8aeeba91-a454-4889-b90f-0b29599c0ca9,irealb://He%20Stopped%20Loving%20Her%20Today=George%20Jones%20%28Braddock%2DPutman%29==Country%20Ballad=G==1r34LbKcu7%20%20lcK4GXyQNZL%20lcKQyX7D%7CZ%20LlcKQyXCZL7G%20G%7C1GXyQ4TA%2A%7BL%20lcKyQ%20LZZL7bA%20bA%7CQyXbA%2AA%7B%5DQyXbE%7CQyXG2NDbXyQXQyX%7DlcKQyXyQKc7bA%20bA%7CQyXbAB%2A%7D%5B%20%20lcKQyXbAZL%20lLZDbX7bE%7CZQyXbDb7XyQA%20bA%7CQyXbAA%2A%5B%5D%20%20lcKQyXbAZL%20lcKb7%2CLZE%7CZL%20XbDZLZ%7CEb7A%7CQyXbAB%2A%5B%5D%20%20lKcQyXbAZL%20lcKQyXb%20Ab7L%20lcKyQKcl%20LZ%7CEb7XyQKcl%20LZAbXyQKcl%20%20Z%20=Pop%2DCountry=75=1
8a027b7f-1aab-42d9-a2f0-25a7e4ab541f,irealb://Boogie%20On%20Reggae%20Woman%3DWonder%20Stevie%3D%3DSoul%3DAb%3D%3D1r34LbKcu7bASA*44%3C*7x%20ZL%20x%20ZL%20lcKQXy7bA%3E701%20mpb%20%204%20%20%7DY%7BTi*%7BY%201N%7CQKcl%20LA%7CQyX%2C7bE%7CQyX%2Cb7BZL%20lcKQyX7bDZb7%2CXyQyX%2C7bD%7CQyyQXyQlB*%5B%5D%2C7FQ%2CbG%2FW%2Csp%2C7bA2N%7CQyXQyXBb7%2CXX%7D%20%20x%7CQyX%2C%7CGb7%2CyX%2C7bE%7CQyX%2C7bB%7Cl%2C7A%2C7bAspp%7CQyXQ%7CAb7QyX%2C7%7CQyX%2C.%20al%20yX%2C7bD%7CQyX%2C7bBQlB*%7BY%5D%20%20x%20%3EadoCQ%7CGb7S.D%20%3CyX7bA7%2CA7%2C%20%20lcKQyX%2C7bA%7CQXy%2C7bE%7CQyX%2C7bBl%7C%7DY%7B*ibAspp7bDZLLZN1%20yX%3Eolos66*%3C%2C7b2ANA*%7BY%7D%20%20x%20ZL%20xQKcl%20%20lcKQx%20%3Etul%20LZBv%20%20QyX%3C%7CQyX%2C7b%7CAQyX%2C7bE%7CQyX%2C7bamp%20ocKQyX%20%3C*635x%3E%20%7D%20%3DBlues-Funky%3D105%3D1
8a27fe40-5671-44f0-acfa-a158da2fc0ee,irealb://More%20Examples%20in%203/4%3DJay%20Hungerford%2C%20%22Walking%20Jazz%20Lines%20for%20Bass%22%20%282002%29%20p.32%3D%3DSwing%3DBb%3D%3D1r34LbKcu7ek%20reBb%3C%20%28of%20%22esopsnarT%22s%20'orP%20laeRi%20esUr%20oth43T%7BYys.%29%3EXyQ%7CD7%2CXyQ%7CEbXyQ%7CG7%20%3C*51XyQ10x%3E%20%20%7D%20%3DJazz-Long%20Notes%3D100%3D1
8a106d3c-4cd3-4813-b209-443a53709de5,irealb://Supercalifragilisticexpialidocious_%3DRichard%20M.%20Sherman-Robert%20B.%20Sherman%3D%3DFilm%3DC%3D%3D1r34LbKcu7Wl%5Dns4%3C*66%20pat%20tsuj%20%2Cegassem%20RORRE%20nO%28%20%20OK.%29%3E4Ti*%5B1.p%205%3C.%3EW*%20%7Cr%20%5DG%2CG/*.*W%2C%2CGD/*.*W%7C%2CC%2CG/*.%20%5D%3C*6%2CC%2CC/4691%28QY%5B*AppoP%20yraM%22%20QyX74*%3C%7CQyX7%5EC%7CQyXCins%22%20yX%3E81XC%7CQy%3C*71%20G%207-D%7CQyX7G%7CQy7X-D%7CQyX7GZLo%23C%3E7LZCX%206C%3E%29%5DQyXC7XyQ%7CGl%7C%2Co%23Cs%20%20CZLoF%23%206F%7CQyXF%7CQyX7C7XyQ%7C%5EC%7CQyDZL7GyQ%7CG7C%2C6CsZL7%5ECZLCC%5B*%5D%20QyX%7CrQyX%7CQyX%23o%2C%7ClXCB*%7B%5D%207GZ7LZsDZL7DZLFZL7CZL7C%5EZLCZLCl%7C%2C7G%2C7-xLZxLGZL7-ZL7G%20yQ%7CC%5EyX7G%7CQyX7-D%7CQy7XGZLo%23C%206C%7CQyX7Q%7CD-7XCA*%5BZL7GlCXyQ%7Cs%20%20CZLo%23F%206F%7CQXyF%7CQyX7C%7CQyX7%5ECC%23o%2C%7C%7CQyXCN1C%20%20%7DN2C%20%20%7D%7CN3CLZF6%20F%23oLZC%20%20sC%23o%2C%7ClG7LZT24CLZUC%20Z%20%3DJazz-Long%20Notes%3D180%3D1
8a101264-1c0d-4d25-912c-3fa760df0246,irealb://Buckets%20Of%20Rain%20%2D%20Flinner=Dylan%20Bob==Pop=A=0=1r34LbKcu7QyX7EXyQ%7CA%7CQyXA%7CQyXD%7CQyX%7CDQyX7A%7CQyXA%7CQyXAXyQ%7CA44T%5B%7CDXyQ%7CAXyQ%7CAXyQZ%20=Pop%2DBluegrass=151=30
8a56ceb2-121c-4f17-b430-1d87364c1171,irealb://Can%C3%A7%C3%A3o%20Para%20a%20Vov%C3%B3%3DMel%20Cristina%3D%3DMedium%20Swing%3DC%3D%3D1r34LbKcu7-EZLA4DXyQQyX7-EB*%7C%7DQyXssuAQyXB/GQyX%23C/A%7CA11%204TA*%7ByX7-BA11%20AyXsusA%7CQyX7-E%7CyQX7-BZL%23C/A%20DZLQ%5D%7B*C%7CQyX7Q%7CAXyQ%7CGXyQ%7CAXyQ%7CB-7XyQ%7CAXyQ%7CGXyQ%7CAXyQ%7D%20%3D%3D0%3D0
8aed5abb-34b9-4aac-b765-78416f635294,irealb://Change%20Of%20Heart%3DMetheny%20Pat%3D%3DEven%208ths%3DE%3D%3D1r34LbKcu7%23CZL%204E%5EXylcKQyX%5EDZL%20x%20Z%20Lx%20ZL%20x%20ZL%20lcKQ%20LZ%20x3TA*%7B%7CQyXs%7CC%5EXy%20lcKQyX%5EAZL%20lcQKyX11%237%5EbB%3E%20%3C%7CQLZBsuQyX7-QyX%23G%7D%7C*BAX7-%23FZLE%20%23D/B%7CyQX%23C/A%7CQyXB%7CQyXyQ%7CE/QyXBQQyXAZ%7CBsus-B%7CQyX7-%23C%7CQyX/C7%23G%7CQyXB/EZLB%207%20E7LQyXA%7C%20x%20ZLZBsusyX%5EEQ%7B%5DQyX7B%3EaodC%20la%20.C.D%3C%7CQyXQKcl%20L%20lcKLZ%20x%20%20%7D%20%3DJazz-Even%208ths%3D140%3D4
8a2c67ab-e624-4a4b-8f85-615792d1afa7,irealb://Chord%20and%20Scale%20Study%3DNiehaus%20Lennie%3D%3DMedium%20Swing%3DC%3D%3D1r34LbKcu7-E%7CQy%5E7XyQXx%7CQyXx%7CQyX7-DQ%7CyXx%7CQyXx%7CQyXx%7CyQ%7CxXC44T%5BXx%7CQyxXyQ%7CyXx%7CQyXx%7CQyXx%7CyQX7%5EF%7CQyXx%7CQyXxQ%7CG7X%7CQyX7yXx%7CQyQ%7CxXyX7hB%7CQyXx%7CQyX%7CxQyXx%7CQyX7-A%7CQyQ%7CxXyXx%7CQy7hBZLQ%7CC%5E7-DZL7-E%207%5EF%7CQyxX%7CQyXx%7CQyXx%7CQyX7%20C%5E7yXx%7CQ%20A-7LZG7%20F%5E7LZG7XyQ%7CxXyQ%7CCXyQ%7CxXyQ%5D%20%3D%3D0%3D0
8aac458f-22cc-4748-8e25-2f35e8425932,irealb://Chords%20%28Dom%207%29%3DComposer%20Unknown%3D%3DMedium%20Swing%3DC%3D10%3D1r34LbKcu7%5BT44C7%2CLZxLZxLZxLZxLZxLZx%20%7C%20%3DJazz-Medium%20Swing%3D120%3D20
8a848fe7-e610-4ef6-a095-226cea626fe9,"irealb://It%20Came%20Upon%20A%20MIdnight%20Clear%20%2D%20Aebersold=Richard%20Storrs%20Willis==Medium%20Waltz=Bb==1r34LbKcu7]%20F%2F74BbLZBZLF%2F7%2DCZLbBZL%2FF7%2DCZLbBZLF%2F7%2DCbLZC%2D3Ti%2A[%5EbBZL%5ELZC%2D%2F7%2DCZL7CZL%5EbEZDL%2F%5EbBZL%5EbBZLF%2F7FLZF7bBA%2A[GZL7D%2FFLZB%2DAB%2A[ZLxZL%5EbBZ7LFZL7%2DCZL7GZL%5Eb7%2FDLZ7%2DCZLZL7%2DCLZF%5ELL%5EbBZLF%2F7%2DCZL%5EBbZL7FZL7%2DCZL7CZZG7LZxZL7%2D%7CZL%207b%5E,QLbBZL%207FZL%207%2DC]yQX7GQ%7CY]%20F%2F7%2DCZ%5E%20LZGBZL7FZL%207Frd%2D%2D%2DC%3E%2D%2D%2D%2D%2D%2D%2D%2D%2D%2D%2D%2D%2D%2D%2D%2D%2D%2D%2D%2D%2D%2D%2D%2D%2D%2D%2D%2D%2D7%20LZatir%3CfT64B%5E,%20LZfT34Bb%5E,UXyQZ%20=Pop%2DRock=116=0"
8ac4bf65-07d7-4bf4-b7ca-9708ac9eb80c,irealb://I'll%20Be%20Home%20For%20Christmas-Rev%20JE%3DGannon-Kent-Ram%3D%3DJazz%3DC%3D%3D1r34LbKcu7yX9b74C6Xy5b7-EZLF/W%207G%7CyQX7-D%7CQyX7obE%7CQXyQ%7CA4TA*%5BXtla7XyQ%7CE7E%207%5ECZL9bB%209-ZFLE/W%207-DZL7A%20h/BLZA7-D%7CQobE%7CQsusXy*%5B%5DQyX7bD%7CQyXssu7G%7CQyX11%2331D%7CQBC6Xy7D%7CQyL7A%20hD-7Xy7-D%7CQyX9b7A%7CQy5Xb7-EZLF/W%207G%7CQXyQ%7CE%7CQyX7L11%233W/ELZs7D%7CQyX11%2331bEQ%7CyX7-EZL9bB%209-Fus%20D1%207-DZZAb13b9%20G13b9LZU%3CFINE%3E%2CsC6%2Cn%20LZD-7%2CnDb7%2CnZ%20%3DJazz-Ballad%20Melodic%3D120%3D3
8a043033-2cd7-4aaf-b452-46e54c70fc1c,irealb://Demi%20Masa%3DRaihan%3D%3DMedium%20Swing%3DC%3D0%3D1r34LbKcu77E%20-D4A-%20EAZL7E%20-A%7CQyX-ALZ7E%20-D%7CQyX-AZL7-XyQ%7C6TA*%5BA%20FZLyQ%7CA-ZL-A%207EZL7hB%20FLZ7h%23F%207GZL7obB%20A-%20G7X-AZL-LZFXyQ%7CE7XyQ%7CA-%20E7LZA-7%20E7LZFXyQ%7CGXyQ%7CA-XyQ%5D%20%3D%3D0%3D0
8a8c98c3-2de8-43b7-84c6-783c91666232,"irealb://Demoiselles%20Rochefort%20(Chanson%20Des%20Jumelles)=Legrand%20Michel==Medium%20Swing=Eb=3=1r34LbKcu7L7-FZ4G-7L7-DZL7%5EbAZL7%5EbZEL7bBZL7-FZL9CZLZG7L4TA*[QyX7%5EZG-7L,[]%207bBZL7%5EbEZQL,9bBZL7-FZL9CZ*B,EbL7bBZQyX7bXyQ%7CD7-bB%7CQyX-C%7CQyXC-%7CQyX7G%7CQyX5b7-XyQ%7CE7%5EbE%7CC%207-GXyQ%7CBD%7CQyX5b7-A%7CQyX-7C%7CQyX7-G%7CQyX7b7XyQ%7C7%5EbA%7C%7CQyX7F-7%20B5b7-D%7CQyX7%5EbE%7CyQX7%5EbE,C*,[]%207bXyQ%7CGZL9b7QyX5b%7CC-XyyX7bB%7CQyX7%5EbA%7CyQX7bE%7CQyX7-bB%7CQQ%7CG-7QyX-C6bE%7CQyQ%7CA-EQ[]QyX7bB%7CQyX-7F%7CQyX7D%7CQyX5b7b69XyX7-C%7C9XyQZ%20=Jazz-Medium%20Swing=165=3"
8abd67c5-d665-4f0a-9626-65602c780806,irealb://Maj7%20Practice%20chromatic%202%20bars%3Dchedeville%20jerome%3D%3DMedium%20Swing%3DC%3D0%3D1r34LbKcu7X%5E%23F%7CQ%7CxXyQyX%5EF%7CQyXx%7CQyXE%5E%7CQyXx%7CQyX%5EbE%7CQ%7CxXyQyX%5ED%7Bx%7CQyXyQ%7CG%5EyXx%7CQyX%5EA%7CQyXxQ%7CyX%5E%23G%7CQyXx%7CQyXQ%7CBb%5EXx%7CQyXyQ%7CB%5EXyQ%7CxXyQ%7CC%5EXyQ%7CxXyQ%7CC%23%5EXyQ%7CxXyQ%7D%20%3DJazz-Medium%20Swing%3D100%3D3
8a993e5b-44f2-4b1a-af26-3eec4deaaa0a,irealb://Don%27t%20Sit%20Under%20The%20Apple%20Tree%201=Charles%20Tobias%20Lou%20Brown==Medium%20Swing=F==1r34LbKcu7x%7CQyXT44FX%207%2DG%7CQyX7G%7CQyXD7ZL%2DC%20FZL%20lcKQyC7LZF%2Ci%2A%2C%5ByXFZL%7B%2AAFXGZL7C%207%2DG1N%7CQy7XDZL%20x%20ZL%20lcKQy%2D7%20C7YZQyX%7CQyXbyQ%7D%7CN%5D%207C%207%2DGZL7%2DD%20ZFL7C%207%2DG%7CQyX7G2Y%5B%2ABBX7C%7CQ%2A%5BY%5DQ7LZF%20QyX7CZL7G%207%2DD%7CyQX7%2DDZL7A%20FZL7C%7CC7XyC%207%2DGAFXyQKcl%20LZF%20C%2DLZD7XyQ%7CG7XyQ%7CG%2D7%20C7LZFXyQ%7CxXyQZ%20=Jazz%2DUp%20Tempo%20Swing=195=3
8aaa81f6-9401-49d6-8645-c82608abedd2,irealb://Double%20Bar%20Repeat%20Test%3DTest%3D%3DMedium%20Swing%3DC%3D%3D1r34LbKcu7%20QyX%7C4CXyQQyX7G%7CQyX7-D%7CQXy7G%7CQyXF%7CQyX-A%7C%7CXyQr4TA*%7B%2C%5B%5DQyXyQ%7CCG%20F%7CQyX-A%7CQyXCQ%7CyX-F%7CQyXF%7CQyX77LZCXCB*%5B%7DQyX%7Cr7XyQK%20lcKQyX7%5EC%2CD*%2C%5D%5B%20%20x%20ZL%20x%20ZL%20lcLZXyQbA%2CC*%20Z%20%3DJazz-Medium%20Swing%3D100%3D3
8ad7f8b0-ee6b-4119-b98a-e4d50e51788e,irealb://Wizardry%231%20%20Dungeon%3DComposer%20Unknown%3D%3DRock%3DC%3D%3D1r34LbKcu7%7C%2CE%2CF4B-%2CXD%20%2CbB%7C%7CQyX%2C-C%7CyQX%2C-B%7CQyX%2C-F%7CQyLZDb%204TA*%5B%2C5b7DG%2C%7CGbyX%2CG%7CQyX-F%7C%2CA%20%2C%20-G%7CQyX-bE%7CZLF%20Q%5D%5B*B%20%20%2CbAb7bE%7C7b5%2FF7bE%7CQyX%2C%23G%2F5b7%7CEQyX%2C5b7E%7CQyX%2C%23b5XyQD%7CQyXbEZL5Q%7CF7b5b7D%7CQyX5b7DC*%5D%5BQyXA%2F5b7F%7CQyX5%20Eb7byXG%2F57b5XyQ%7CAb%20GLZsC-%2CE%20Eb%2C%7CEb%2CAb%20G%2C%7CG%2CC-%2CE%2C%3CD.C.%3EEb%5D%20%3D%3D0%3D0
8ae5f2a4-e371-4a04-9fc7-4779b936ec4a,irealb://%E3%82%B9%E3%83%9A%E3%83%A9%E3%83%B3%E3%82%AB%E3%83%BC%20%20%E3%83%A1%E3%82%A4%E3%83%B3%E3%83%86%E3%83%BC%E3%83%9E%3DComposer%20Unknown%3D%3DRock%3DC%3D%3D1r34LbKcu7A%7C%7CQy7XyQ%7CX7C%7CQyXx%7CQyX7F%7C%7CQyXx%7CQyXx%7CQyXxyQ%7CxXC44T%7BbXyQ%7CBbXyQ%7CCXyQ%7CC7%20G%20Z%20%3DPop-Funk%3D140%3D3
8a7be516-8819-41ae-9dfb-2036d40e8885,irealb://Dream%20%20bg=Mercer%20Johnny==C%20%20Slow%20Swing%20%2080%20bpm=C==1r34LbKcu7yX7AZ4CXyQQyX6C%7CQyX%2C11%237%7CBQyX11%2D%23FZL%20lcKKcl%20L4TA%2A%5BL%20lcK%20%5D%5B%2ABZL%20lcKQyX7%5EC%7CQXy31bB%7CQyX%297%2DD%28FD7XyQ%20lcKQC%7CQyXyQ%7CG1B%7CQyX11%2D%23FZL%20lKcQyXCA%2A%5B%5DQyX9b37%2311%2CX7%2DDZ%2C7A%7CQcl%20LZyX31bB%7CQyX%297%2DDF%28B%2A%5B%5D%20%20lcKQyX7AQ%7CCXyKQyX6XyQ%7CD%2D7XyQ%7CG7b9XyQ%7CC%5E7XyQ%7CD%2D7%20G7%20Z%20=Jazz%2DSlow%20Swing=88=3
8a0497f3-689b-4666-be55-a3cb0ac80856,irealb://Dubuque%3DTraditional%3D%3DBluegrass%3DD%3D2%3D1r34LbKcu7*%7B%7D%20D4N0DXXG%7CQyXx%7CQyXDZL%20AD%7CQyXG%7CQyXx%7CQyyQ%7CA%204TA*%7BBDXyQ%7CxXyQ%7CGXyQ%7CxXyQ%7CDXyQ%7C%20%20B*m*LZDXyQ%7CA%20D%20%7D%20%3DPop-Bluegrass%3D205%3D3
8a800fe1-a712-452f-9238-5c7679f2acf2,irealb://Poderoso%20DIOS=Witt%20Marcos==Ballad%20Even=C==1r34LbKcu7usG%20G4C%2C%2AAD%7CQyXF%7C%2CG%20%207%2DAQ%7CyX7%2DA%7CQyXC%7CQyX%2DXyQ%7C4Ti%2A%7BD%7CQyX%20%20%28F%29%207%2DA%7CQyX7%2DA%7CQyCX%7CQyX%2CCB%2A%7B%7D%29G%28%20%20G%2C%7CF%2CGZLsD%7C%2CE%2FG%20F%2FAAZLE%2FC%207%2DD%3Eolo2s7%2A%3C%5B%7DQyX%2CB%2FGZL%2D%20G%2CC%7CQyX%2D%2Eit%20rZD%23Xyalc%20amla%20iM96%2A%7B%3CQyXG%7CQyXsusG%7CQma%20poLC%207%2DosoreC%2FELZ6%2A%3CB%2A%2CD%7B%7D%29A%28QyBX%2FGZLA%2FF%20G%7CQyXF3%20Pod%20%2DD%3E%2EG%20A%7CQ%2E%2E%3EXyQyXG%7C%2CA%20%207%2DB%7CQXy7%2DB%7C%2C%23C%2FA%20%20D%7CQ%7CE%2DXySOID%20%2FBLZA%2FC%23XyQ%7DG%20G%2DLZDXyQZ%20=Jazz%2DBallad%20Even=60=3
8a437a99-0c7d-4a7a-9dc2-a8cd8fd22068,irealb://Excercise%20II%20-%20V%20-%20I%20's%3D2-5-1's%3D%3DMedium%20Swing%3DC%3D10%3D1r34LbKcu7cKQyX-7XyQyX7C%7CQyX7-GZL%20clKQyX7%5EC%7CQyX7G%7CQ%7CF%5E7D44T%5BX7%5EbEC-7XybB%7CQyX7-FZL%20lcQKyX7%5EbB%7CQyX7F%7CQ7XyQ%7C%7CZL%20lQyX7b%20LZBb7-bEZL%20lcKQyX7b%5EA%7CQyX7bE%7CQyX7-XyQ%7CAlcKQyQyX7-XyQKclcKQyX7%5EbG%7CQyXb7D%7CQyX7-bA%7CZL%20l%20LZC%237%5EbD%7CX7-BZyQ%7CB%5EQyX7%5EE%7CQyX7B%7CQXy7-%23FZL%20lcKQyX7Kcl%20LX7%23F%7CX7-AZXyQ%7CAQyX7%5ED%7CQyX7A%7CQXy7-EZL%20lcKQyX7%5EKcl%20L7E%7CQyyQ%7CD7XyQ%7CG%5E7XyQKcl%20%20Z%20%3DLatin-Brazil:%20Bossa%20Electric%3D125%3D9
8a1dd8b3-d3c0-4a87-a9a5-ff1c4b837259,irealb://Excerent=Adams%20Pepper==Medium%20Up%20Swing=F%2D==1r34LbKcu7G%7CQyXQ%7CG%2D7yXbEZL7G%207%2DDZL%2D7bE%20%2DFZL9b7C%205bQ%7CE%5E7yXbG%7Bb7C%205yQ%7CC7QyX%2DFZL9b7C%205b%2D7G%7CQyX%2DF%5B%5DQyX9b%7CG%2D7bX5b7%2D9LZF%2DXyQ%7CDb7%20C7b9LZF%2DXyQKcl%20%20%7D%20==160=9
8a97d425-80f5-45f5-a93f-be4a6cd3e27a,irealb://Far%20from%20Home%3DThe%20Gabe%20Dixon%20Band%3D%3DDouble%20Time%20Shuffle%3DAb%3D%3D1r34LbKcu7XZLB%204Ab%20EY%7D%20B%20bD1NZL%2C-b%20AbDZL-bE%20bAZL-b%7CN2Db4Ti*%7BB%2CB*%2CXyQXybDZL-bA%20bDZL-b%20EbAZL-bE%20bAA*%7BQ%20B%20%7D%7CQyXQyA%20bDZLZGbXbAZL-bE%20bAA*%7B%7CyQXbGZL-F%20-bB%7CQy%20Eb-L-F%20-bbE(bEZDb%20BFQC*%7BQyXQyXQyXyQX%7D%20%2C7C%20bDQ%7C%7D%20%2C-XyQ%7CLQ%2C-b%207%5EbD%7CAbXy7%5EbDZLbA%20-FZLC-%20F%7B%7D%207C%20)7C(C%7CQ%20F-LZQyX)7ZL-bE7)%20%7D%7C%7BQyXbGZL-F%20-bBQ%7CyXbGZL-F%20-bBB**AAb%20-C(7CAb%20Eb-LZDb%20Ab-LZDb%20B%20%7D%20%3DLatin-Brazil%3A%20Samba%3D240%3D2
8a0fded6-3cb1-460b-94b1-326e1d2dcf6d,"irealb://Fate%20of%20Ophelia,%20The=Swift%2DMartin%2DShellback==Pop%20Ballad=G%2D==1r34LbKcu7CZL%20F4G%2DXy%7CQyX,%2DGA%2AS{Y%20%20ZxL%20CZL%20FZL%20%2DD%7CQD%2D%20LZ4Ti%2A[ZL%20%2DD%20}{G%2DQyXbBB%2A{Y%20%20x}%20C%20ZL%20FZL%20%2DD%7CQyX,%7CF%20LZ%20xZL%20%20%3Eado%20%20}{G%2ES%2ED%3C%2DGZLQ,C}%20,%20CZL%20FZL%20%2DDZL%20%2D%20al%20CxZL%20CL%20F%7CQC%3CBre%2A{Y]%20xZLC}%20%20CZ%20L%2DDZL%20FZL%20bB%3EkaBBbXy%2AQ{Y]X%2DG%3EkZC%20LZ[QyX,C}%20%20,CZL%20ZFL%20%2DDZL%20%2DG{}%20%20x%3CBreaL%20%2DDZyQ%7CD%2DXyQ%7CFXyQ%7CfUCXyQZ%20=Pop%2DDisco=125=0"
8a4f63b7-bed4-468c-9f93-02e563f333cf,irealb://Fellegajt%C3%B3%20Nyitogat%C3%B3%3DN%C3%A9pdal%3D%3DBlues%20Rock%3DG-%3D%3D1r34LbKcu7Gl%7BYYBevez%237D%7CQyX7bE%7CQyXb57-E%7CQyX6-G%3E%C5%91te5XyQ%7C%3C44T%5B7-C%5B%20G-%20G77%5EbE%7CQyX7%5EbB%7CQXysus9F%7CQyX7-CZL%20G7b9%7CQyX-XyQ%7CD7%235XyQ%7CG-7XyQ%7CC-9%20D7b9LZG-7%20D7LZUG-%20D7b9%20%7D%20%3D%3D0%3D0
8a71c548-44f6-4563-8c05-1df9fbca8815,irealb://For%20Wes%3DRomane%3D%3DGypsy%20Jazz%3DA-%3D%3D1r34LbKcu7B*ZL%204A-%2CXx%20ZL%20x%20ZL%20x%20ZLx%20%20ZL%20x%20ZL%20lcKQy%20LZ%20x4TA*%5B7E%20%7CQXyQ%7CCL%2C6-B%20bB%2F7-bB%7CyQXB%2F7-B%7CQyXC%2F7-ZA-XyD%2F7-D%20LZA-XyQKcl%20%20%5D%20%3DJazz-Gypsy%20Jazz%3D180%3D3
8a8f001e-bd84-402b-bae7-02442ffcc203,irealb://Four%20Rev%3DDavis%20Miles%3D%3DJazz%20-%20Swing%20Two-Four%3DEb%3D%3D1r34LbKcu7%2CbD/*4Eb%5E%2C-bEs%7C%2CbB/*.*Wn%20s%2C%5EbEZLbE/*.*W%207%2CW*.4TA*%7B-FZLFBb%2CW*%20%2C7-Fl%7C%2CbG/*.*sW%20%20%2C7bAl%7C%2CbG/*.W*.*//*.*WWs%20%2C7W*.*/B/*.*W%2CbE/*.*Wb%2CG/*.*W%2C7-bA%7C%2CG%2C%7ClDbns%20%2C7%2C7bB%7C%2CW*.*-FZL%2C7B%20%2C7-%23F%7CyQX%2C7-GlB*%5B%5D%2CbA/7%2CXyQB/*.*%20n%2C7b.*/AbX%2C7-FZL%2C7B%20%2C7-F%23%7CQyX%2C7-Gl1N%7C%7C%2CyQ%7CsB*Ws%20%207bBs%20%7CN2lG%20n%2C7%5EbEsZLQ%2C7b%20B7-FZL%2C7-bG%20%2C7-LZln%20%7D%2C7bB7bDZLlEb%5E%2CZL%2C7-FZL%2C7-FZL7%2CbAZL%2C7-bEZLxZLAb-7%2CC*%7B%5D%2CFl%7C%2C77%2CLZsFsZL%2C7-GZL%2C7bBLZ%2C7-Fl%7C%2C7B%2C7-%23F%23-7%2CB-GZL%2C7-bAZBb7%2C%20ZL%2C7-FZL%2C7bAZL7%2C-bEZLxZL%2C%5EbE%5B%5DF-7%2CLZL%2C7-F%7C%2C7-7%2CLZGGsZL%2C7bBZL%2C7-F%7Cl%2C7B%2C7-%23FsZL%2C7--7%2CGbbDZL%2Cs%7CQyX7%2C%7CEb%7CQyXhAlQ%5BY%7D%2C7E7%2C-F%3EX2%3C%7C%2C7bG%2C7%5ED7altbB%2C7-G-7%2CnGb-7%2Cn%7CF-7%2CnBb7%2Cn%7CsEb%5E7%2Cn%20LZUlEb-6XyQZ%20%3DJazz-Swing%20Two/Four%3D150%3D2
8a3059de-28da-4181-923d-b4c1bd135301,irealb://Georgia%3DSalio%3D%3DPop%3DC%3D0%3D1r34LbKcu7G%20-D%7C44CXyQyX-F%7CQyX-D%7CQyAX%7CQyX-G%7CQyX-E%7CQ%7CGXyQTSA*%5B%3CC*%7B%20CXyQ%7CyX%7D%20S%20%20G%7CQyXF%7CyQXC%7CQyX-G%7CQyX-EQXyQ%20B*%7B%5D%20QyXCBth%20po%D1%854%3C%20%20-F%7CQyXF%7CQXy7C%7CQyXC%3E2%20stni%3E%20%7D%7B*hgie%20%7CE-XyQ%7CG-XyQ%7CCXyQ%7CFXyQ%7CGXyQ%7DfCXyQ%5D%20%3DPop-Rock%3D115%3D1
8a2b25a3-558f-4226-9cfd-0d56fa53560d,irealb://Grove%27s%20Groove=Davis%20Steve==Medium%20Swing=Bb%2D==1r34LbKcu7%207%2DbE44Bb%2D7%2DbBZL7%2DbE%207%5EbZGL7F%207hCZL7hG%207%20E7LZTSA%2A%7BL7C%207Gb%5E7%20F%207hCZL7hG%207%5EbZDL7%5EB%207%5EbDZL7bA7LZGhZL7%2DF%2DbBl%3E%20F7LZoloS%20%2066%2A%3CB%2A%7B%7DQ%20nl%7C%2C7%2DbE%2C7%5EbGs%20formsusFZ%207%5EbGLZCh7%207%2DbEZL7E%207%2DbBLZ7%2DbE%207%5EbGZL7F%20F%2D7LZ7hG%207ZL7F%20Db%5E7%20L7C%207hGZL7F%207hZCL7hG%207%5EbDZL7%5EBZlCh7ZL7bA%5EbGZLF7%2CS%207%2DbE%20%2C7%5EbGlQ%5B%20yQXQyXQyXQyXQyX%7DLZ%20n%20%207%2DbB7%20Eb%2D7LZ%20n%20LZF7%20fBb%2D69%20Z%20==0=0
8aa9edaf-9086-4884-800c-96fbc4c1efe8,irealb://Improvisa%C3%A7%C3%A3o%201%20-%20Penta%20Menor%20-%20Ciclos%20de%206as%3DComposer%20Unknown%3D%3DMedium%20Swing%3DC%3D%3D1r34LbKcu7bAZL--LZA-ZL-EZL-GZL-bBZ-LbDZL-bEZL-bGZLD-LZBC44T%5B-LZF-LZ%20LZ%20LZ%20LZ%20%20Z%20%3D%3D0%3D0
8a6c94d8-5edf-4375-911c-4f3eb8782a2e,irealb://Improvisa%C3%A7%C3%A3o%201%20-%20Penta%20Menor%20-%20V%C3%A1rios%20Ciclos%3DComposer%20Unknown%3D%3DMedium%20Swing%3DC%3D%3D1r34LbKcu7ZL-AZC-LZF-BZL-bGZL-bDZLb-AZL-bEZL-bBZL-LZE-L44T%2C%7BEZL-b9x%3EG-ZL-bGZL-bEZL-CLZ%20ZL%20ZL%20ZL%20%7C%7D%20%2CA-LZD%3CZL-DGZL-ELZBb-L%20ZL%20ZL%20ZL%20ZL-ZBL-bAZL-FZL-DZLZC-LZ-GZL-ZL%20ZLb-LZFZL-GZL-bEZL-%23ALZ-%23FZL-DZL-AZL-B-LZ%20DZL-%23ZL-%23DZC-LZZL-%23CZL-%23FZL-BLZ-EZL-AZL-DZL-GG%23-LZL%20ZL%20GZL-bF-LZ%20DZL-bEZL-bGZL-ZAL-CZL%20ZL%20ZL%20ZLb-LZBZL-%23AZL-bALZD-LZL-CZL%20ZL%20ZL%20Z%20LZL-FZL-bAZL-BZBb-LZ-EZL-%20%20ZL%20E-LZD%20ZL-bDZL-bEZL-ZFL-GZL-AZL-BZL-LZ%20LZZL-bGZ%20%3DJazz-Bossa%20Nova%3D80%3D30
8a9705a8-c340-4440-a606-56b8436eb75b,irealb://Improvisa%C3%A7%C3%A3o%201%20-%20Blues%20Maior%20-%20Turnaround%3DComposer%20Unknown%3D%3DShuffle%3DC%3D%3D1r34LbKcu7%23F%7CQy7XyQ%7CyX%2C7o%23D%7CQyX7D%7CyQXx%7CQyX7A%7CQyX7DQ%7CA7XA44T%5ByXZLQQ%7CB-7yXZL7G%207-BZL5%23%237F%207A%7CQyX7G%7CQyXQLZXyyX5%237yXZLQQLZXyyXZLQyXZLQyXZLyQXZLQyXZLQyXZLQQLZXyyXZLQyXZLQQLZXyyXZLQyXZLQyXZLyQXZLQyXZLQyXZLQQLZXyyXZLQyXZLQQLZXyyXZLQyXZLQyXZLyQXZLQyXZLQyXZLQQLZXyyXZLQQLZXyQLZXyQLZXyQ%20Z%20%3DPop-Shuffle%3D110%3D30
8a1055fa-acb8-4637-8b9d-efde0f7029f2,irealb://Help%20The%20Poor%3DFord%20Robben%3D%3DBlues%3DD-%3D%3D1r34LbKcu77-DA*44%3C*7x%20ZL%20x%20ZL%20lcKQXy7-D%3E911%20mpb%20%204%20%20%7DY%7BTi*%7BYD%7CQyXl%20LZ%20A%7CQyXsus31AZL%20%20xZL%20x%20ZL%20x%20ZL%20x7%239%235cKQyXL%3E%EF%B8%B6QyyQ%7CD-%20%3E%E2%99%AA%E0%B8%AFQyXQyX66*%3C9%20GZL)5%239%237D(%20%207%3C*48XXsus9%5D%205%239yQ%7CD--D2N%7D%20Q%20x1NZL%20-7DZL%205%239%237AZL%2077%20D7%23X9bBZQyXsu-7XyQL%20lcKQyX9bBZL%20clKQyX%2C7-DZL%20lcKZA13sGB*%5BYL%20x%20Z%20%20%E2%99%A9XyQyX7-DA*%5BY%5D%20n%20%2359%237A%3E%E2%94%81%20%20QyX%E2%99%A9%20QKcl%20L66*%3C%7C%20%207-DZ%20x%20Lus9D%7CQyX5%239%237AQ%7CyXsus31AZL%20x%20ZsXyQ%7CL%20x%20ZyX7-D%235)LZbBZL%3E%EF%B8%B6QyX84*%3C%20%E2%99%AA%3E%E0%B8%AFQyXQyX66*%3C%209G9XyQ%7C9%237D(%20%20QyX9%235Xy%20ZL%20lcKQyX7-DQY%7B%5D%20%20lcKQyX7-D%7CQx%20LZ%3C%237A%7CQvamp%20out%3E%20x%20%3C*638x%3E%20%7D%20%3DBlues-Texas%20Rock%3D119%3D3
8a64eefb-9528-4e7d-84cb-679b5bd3562b,irealb://Heme%20Aqu%C3%AD%3DJes%C3%BAs%20Adri%C3%A1n%20Romero%3D%3DBallad%3DG%3D2%3D1r34LbKcu74T%7CQy4G%2C*ATZLD%20GB*%7B%7DQyXDLZG%20CZL-B%20-EZLD%2024E-X4Ti*%7BQyXG%7CD%2C%7CG%20%7DQyXD%7CQyXG%7CQyX4C4T%7CQyX-E42TZLD%7CCXyQ%2CC%20C4%7CQC%20%3C*63XyQTo%20A%3E%20LZGXyQ%7CCXyQ%7CGXyQZ%7C%20%3DJazz-Medium%20Swing%3D100%3D3
8a56f84a-e1c7-4cac-b138-fa4e56d29edd,irealb://How%20Long%20Has%20This%20Been%20-%20Verse%3DGershwin%3D%3DMedium%20Swing%3DG%3D%3D1r34LbKcu77-BZLE-7LZ%207%23C%7CQyX7E%7CQyXZGL7-E%20GZL7D%207-AF%237%235%20GA*%5BAZL7-ZB-%20EQyX-AZL6-D%20-AZ7LE%207B%7CQyX7-AZL7%7CA7%20EL6-E%20X7E%7CQA-XyQ7-E%20GZL7D%207-AZ7L-E%20GB*%5B%7CQyX7D%7CLZGXy%7CQyX7yQ%7CC%237%20F%237LZB-7XyQ%7CBoXyQ%5D%20%3DJazz-Ballad%20Even%3D60%3D3
8ae66dcd-151d-48cd-9175-f5b6791ae74d,irealb://I%20Didn't%20Know%20What%20Time%20It%20Was%20%20%3DRodgers%20Richard%3D%3DMedium%20Swing%3DBb%3D%3D1r34LbKcu7XQyXQ74XyQQyXQyXQyXQyXQyQXyXQyXQyXQyXQyXXyQXy*%3Ci*%7BE%207-GXyQXyD%207hA%3E%29tnavlaS%20%28%20QyXQyXQyXQyXQ7%239LZQyXQyhAZL7h7%20D7GZL9b7D%207hA44T*A%7B%7D%207hE%207-GZL9%23-7%20EhAZL7h7-C1N9LZG-%207%5EbEZLF/7-G%207G-ZL7F%207-CZL7C%207D-7LZb7D%207L9b7D%20%7DXyQQyX7%5EbBB*%5B%5D%207F7%20-C2N%7CQyXQyXQyX%7CAh7%207-bB%20C%207-GD7b9L%5EbB%7CQyX7%5EbEl%7C%2CE7%2C7-F%2C7bG%2C7-GsZ7XyQ%7C%207hAZC%207-G7%20Bb-D%207hAZL7hE%207-GLZ9b7D%207hAA*%5B%5D%2077b9LZ-CZL7ZL7G%207%20F7L7bA%207-bEZL7-D%20%5E7bEZLF/7-G%207-GZLZD-7-CZL7C-7%20F7LZBb6XyQKcl%20%20Z%20%3D%3D0%3D0
8a62f72e-7445-451c-ae12-4b561071f35c,irealb://I%20Remember%20You%20(Tony%20Bennett)%3DVictor%20Schertzinger%20(Tony%20Bennett)%3D%3DBallad%3DAb%3D8%3D1r34LbKcu7%2C11%23944%3C*711-D%2C7-E%3E)yleefr(%3Cns%3E16%20mpb%20%204%2CDb7%23Ti*%5BY31G%7CQ11%2CBbbAA*%5BY%20QyX%5DpppZpL%2C11%237Alf%2C11%237%5E13Xy%237bC%7C%207-C%7CXyQ%7CAs9bG%7CQyX9%5EbD%7CQXysus9bA%7CQyX31%5EbusXyQbA%2F9%23A%2F9%23311LZBX31%5EbAlA*%5BY%5D%2C59%23b7bE%2C9bEs%2011-byQ%7CG1%239b7FbG%207-Ab%5E13hDs%20%2031%5EbDZL9b13bA%207-bEZL11-F%20%2C%7ClDb%7CQyXb1C%7CQy%5E9%20F-DlSB*%5BY%5D%2C11%2331%2CD31bAs%207-bEZL%2C9b%5E13XbAZL9L)11%23C13%231D%209%5EFZL5%239%237C%20-9GZL7-bG%209%5EFZL1-7(B9%20sus3bEZL%3EBb9suno%E2%86%90QyX27*%3C)11%23b97bB(5%239b7bB%20)s%20d.s.(7-FZX%3E%E2%86%92.s9%2FBLZ%2096*%3C31%5EbAlA*%5B%5DY%20%2C9b31bE%20%2C9-bBon%20d.%237E%209L9b7F3b9%2FAyX)9%5EbA(31%5EbAZ)L31G(%20%20)sus9G(bQ%7CCh%201G%7CQy%20bE%2F%5EXyQ%7CG%2C11%239E%2031bBZL%2C-9F%207-C%7CQyXsus9bQLZAb7-bBZbE%3EadbLZEb%20.S.D%20%3CZL7-F%206AbZL9b31bE%20sus31al%20CoE%2F7-F.tir%20b13b9ZL7-F%20%3E)yleerf%20(47*%3C%5EbAQ%7CYY%5D%20%2C%3C*74%20A%20%2C7-X%5EEZLus%2C%20f%237F%20%2C6bCZL5%239b%20G7-bD%5D%20%2C5%239b7bE9%2FCb%2Cs9bE%3EyQ%7CEb9sus%20fEb7b9%2311LZUfAb%5E13XyQZ%20%3DJazz-Ballad%20Swing%3D61%3D1
8a6371de-df04-4916-9e97-1f4977bb67f3,irealb://I'm%20In%20The%20Mood%20For%20Love%3DJimmy%20McHugh%20(Frances%20Langford%20-%201935)%3D%3DSlow%20Swing%3DG%3D7%3D1r34LbKcu7%7Cp%2C7-44%3C*75%237BsZL9D%2031A%7CyQX7-E%3E28%20mpb%20%204%2CB7%2CATi*%5BY%20sus9A7%2CD1A%20C%2F-AZLB%2FW%20%5EGSlA*%7BY%5D%2C31Df%2C9b3-7LZD%2C5%237AL5%237DZG6%2CXQ%20%207-Al%7C%2CbB%2FhGb%2CB%2F7%5EoGs%207-B%7CQyLZD7%20L5%239D%5EGZL7sD7%235B*%5B%5DQyX6Gl2N%7CQXyQyXQyXQyX%7D31D%2CA-7%20D%20G1NZ%207-AZh7%20D71-E%7CQyX9dda-BZ7L%23F%20h%23C%7CQyX%5EGZL1%20A7LA%7CQyXGs%207-%5B*AG66GZL5%237D%20sus9DLZ7-A%20C%2F-AZLB%2FW%20XyQ%7CBY%5D%207D7*%3CA*b%2CGh%2FD%2C7-As%206GZL5%237%20D7D%7CQyX7-Al%7C%2CbB7%2C%5DY%5BB%2F7%5Eo7-B%7CQnstr.ZL7D%20sus9DZL7-%20AC%2F-AZLB%2FW%20Gl%3E)G6%2CXyi(%20%204%3EadoC7%2FBb%2CS.D%20%3CZL7D%20sus9%7CDQyX7-Al%7C%2CbB%2FhG.%20al%20%5EoGs%20QyXGU%20%5DYYXs9D%2031A%7CQyXGZLD7f%207-AQZL%20QyXQyusLZf%2C7D%20GZ%20%3DJazz-Ballad%20Swing%3D82%3D1
8a96ea54-7789-4f3f-bf33-89daf65c94a6,irealb://II%20V%20I%2012%20Whole%20Steps%3DPons%20Miguel%3D%3DBossa%20Nova%3DAb%3D%3D1r34LbKcu7bG%7CQyb-7XyQyX7-bA%7B%7DQyXx%7CyQX7%5EbA%7CQyX7bE%7CQ%7CDb7XB44T%7ByX7A%7C%7CxXyQE%7B%7DQyXx%7CQyX7%5EEQ%7CyX7B%7CQyX7-bG%7B%7D-7XyQQyX7%5E7F%7CQyXyQ%7Cx%7DQyXx%7CQyX7%5EC%7CQXy7G%7CQyX7-D%7B%7DQyX%7BC-7X7%5ED%7CQQyX7-b%5E7XyXx%7CQyX7%5EA%7CQyX7%7CEQyX7-B%7B%7DQyXx%7CQyQ%7D%7BAB%7CQyXX7-F%7BQ%7CG%5E7%7CQyX7%5EF%7CQyX7C%7CyQX7-G%7B%7DQyXx%7CQyXxXyQ%7DyX7D%7CyXx%7CQ7XyQ%7CD%7CQyX7bA%7CQyX7-Eb%7B%7DQyXx%7CQyX7%5EbEb%5E7XybB%7CQyQ%7D%7BDb-7XyQ%7CGb7XyQ%7CB%5E7XyQ%7CxXyQ%7D%20%3DJazz-Bossa%20Nova%3D140%3D3
8ac66fc3-4c01-4acc-840a-b0567997e114,irealb://II%C3%B8-V7%239-Im%20ciclo%201%20ascendente%3DMoreira%20Pedro%3D%3DMedium%20Swing%3DC%3D0%3D1r34LbKcu7D%7CQyXhXyQ%7C%7CQyXhbE%7C%5DQyX7-%7CCQyX7-C%7CQyX9%237GAb7%239D44T%5BQyXhFQ%7CDb-7-D%7CQyX7-D%7CQyX%2397A%7CQyXhE%7C%5DQyX7XyQ%5D%7CyX7-bE%7CQyX9XyQ%7CyX9%237B%7CQyXh%23F%7CQ%5DyX7-bE%7CQyX7-bEQ%7CE-7%237bB%7CyX9%237%5D%7CGhXXhbA%7C%5DQyX7-F%7CQXy7-F%7CQyX9%237C%7CQyyQ%7CDbQyX7-bB%7C%5DQ7XyQ%7C%7CQyX7-G%7CQyX9%237%7CDQyXhA%7C%5DQyX7-bGG-7Xy-bG%7CQyX7-AEb7%239%237E%7CQyXhB%7C%5DQyX-7bA%7CQyX7-bA%7CQyX9XyQ%7C%7CQyXh%23F%7CQyXyQ%5D%7C%5DQyX7-bB%7CQyX7-Bb%7CQyX9%237F%7CQyXhC%7CC%23hX7-A%7CQ7%239XyQ%7CB-7XyQ%7CB-7%20%20%20Z%3DJazz-Medium%20Swing%3D151%3D1
8a0eea32-71a1-4afe-9397-b0b7addf684f,irealb://If%20You%20Were%20Mine%201%3DMercer-Malneck%3D%3DMedium%20Swing%3DG%3D%3D1r34LbKcu7%7CQyX7%5EXyQKlcKQyX%5EGZL7-%23Dp%2C%2Cp%7CQyX7-EZL%20lc%20LZA-G44T%7BQyX7C-7LZC-A1N%7CQyX7EZL7%23%20F%5EG%7CQyX7oE%7CQyX67XyQ%7C%23G%2Cpp%7CD9XyQ%7CD%2BXyQ%7DN2A-7XyQ%7CD7XyQ%7CG%5E7XyQKcl%20%20%5D%20%3DJazz-Medium%20Swing%3D100%3D3
8ab509a7-ab8e-46e8-b817-f6295d0f7228,irealb://It's%20Still%20Rock%20N'%20Roll%20To%20Me%3DJoel%20Billy%3D%3DPop%20Shuffle%3DG%3D4%3D1r34LbKcu7B*%7CQy4GXyQXF%7CQyX-B%7CQyXG%7CyQXC%7CQyXF%7CQyX-B%7CyQ%7CCX4TA*%7B%20%3Eeni%7CE-XyZLD%20-EZLC%20FZL-%20BGZLD%20A%7CQyX-B%7CQG%20%20%3CFQyX-BXbE%7CQXyQ%7CDQyXC%7CQyXD%7CQyX-%7CEQyX7B%7CQyXC%7CQyX%7CB7XyGC*%7C%7DyQ%7CBbXyQ%7CCXyQ%7CDXyQ%7D%20%3D%3D180%3D1
8a024d18-6368-41f6-8682-15662bda3af5,irealb://JLMV=Oizos==Medium%20Swing=F%2D==1r34LbKcu7%5BT64F%2DLZAb%5ELZDb%5ELZF%2D%2CC7%5D%20=Jazz%2DLong%20Notes=0=10
8a501a1e-f472-47fc-b7e0-d1ba67e8a453,irealb://Jealous%20Guy%3DLennon%20John%3D%3DPop%20Ballad%3DG%3D7%3D1r34LbKcu7X-E%7CQ44%3C*7QyXDZL-E%20G%3E)tabe%2061(%2066%20mpb%20%204%7CD7XyTi*%5BYQyX-E*AG%20ED%7CQyX6-E%7C%7CQyX-%7CEQyX%2C7D%7CQyXDZL-7XyQ%7C%5BY%5DQy%23F%2FW%20%5DY%5B*BA%2FWs%20%20%2CbBZL96FG%20ZLD%2FW%20CZL96F%20G%2C%7C%7ClGQyXC%7CC%20G44W%2FDLZ%5DQyXG44TZLQ%20%20%3Ex%3A%20ht4%20%2096*%3CC42TYY%5BQT%20-EZLLZ%20x%20LZUfGXyQZ%20%3DPop-Slow%20Rock%3D66%3D4
8a1d81c4-5ff4-48fe-9b1a-f57f61411b47,irealb://Late%20In%20The%20Evening%3DSimon%20Paul%3D%3DAfro%3DF%3D%3D1r34LbKcu7L%20lcK4FXyQL%20lcKQyXbBSB*%5BLZ%20x%20ZL%20x%20ZL%20lcKZFXyQ4Ti*%5BbBA*%7BQKcl%20%20lcKQyXFZL%20lcKyQXCZL%20lcKQyXFZL%2CQ%2C%20%5DyXbBZZL%20lcl%20LZ%20ZL%20x%20ZL%20lcKQyXBb%7CQyXF%7CQyXFZL%20xFXyQKcKQyXyXQyXcl%20LZ%20la%20.S.D42*%3C%7C%7D%3E%20x315*%3C%20lcKQyXFCoda%3EKQyXC%20yalPQF%3C*6A*%5B%7D%20%20x%20ZL%20x%20Z%20LlcKQyX%3EevoorG0%20%3C*33%7BZL%20Q1A%3EXyQ%5D%7C*B%3C*30%20%20Play%20B%3EXyQ%20%5D%7CFLZxLZxLZfF%20%5D%20%3D%3D0%3D2
8af438fa-deba-4ebf-a3d3-a0e2eaf9ce9c,irealb://Mama%20Tried%3DHaggard%20Merle%3D%3DTrain%20Beat%3DD%3D%3D1r34LbKcu7QyXG%7C4DXyQQyXG%7CQyXD%2CA*%2C%7B%20%5D%20lcKQyXD%7CQyXA%7C%7CDXyQ4Ti*%5ByXA%7CQKcl%20LyXG%7CQyXD%7CQyXG%7CyQXDZL%20lcKQyX7AZQ%7CDXyQyXD%7CKQyXAA%2C%7CDXKQyX-B%7CQyXD%7CQyCXZL%20lcKQyXD%5B%7DQycl%20LZ%20%20D%7CQcl%20LZDXyQKcl%20LZGXyQ%7CDXyQ%7CD/AXyQ%7CA7XyQ%7CD%20%20G%2C%7CDXyQ%5D%20%3DJazz-Medium%20Swing%3D100%3D3
8a0f517e-b3da-4810-b58e-e03c136f1afe,irealb://Les%20Ann%C3%A9es%20Folles%20%28upl%29%3DThamar%20Ralph%3D%3DMazurka%20Creole%3DF%3D%3D1r34LbKcu7%207-A%7C34FXyZL%2CF%20%2C7-CZL%2CbD7%20-DZL%2CA%205b7-E%7CQBbXyQTQi*%7B%20bBB*ZN1G-L7F%2CFZL%2C7C%207-GN2%7C%7DQyX7CZL%2C7G%207Zx%20%20%7BL%2C7-DZL%20BZLZx%20L*%7B%7DQyXbBZL%20xZL7%20F%7CQyXbB%7B%7D%20%20bBZCF%23%20L%207FZLyX%23AZZx%20LZ%20BZL%20%23FZL%207%23C%7CyQX-%23GZL%20BZL%20-%23DLZE%20LL%207%23AQ%7CD%23-%20LZG%23-%20LZx%20LZAo%20LZF%23XyQ%7CB%20LZF%23%20LZC%237%20LZF%23%20Q%20%7D%20%3D%3D0%3D0
8af1c881-ce26-43d4-815f-e641fae53b90,irealb://ME%20ME%20PIACE%20O'%20BLUES%2C%20A%3DDANIELE%20PINO%3D%3DFunk%3DC%3D%3D1r34LbKcu7yX7G%7C4B-7X%7CQyX7-B%7C%7CQyX7%23%7CFQyX7G%7CQyX7D%7CQyD7XyQ4TA*%5B7-B1NXyQ%7C%7CZL7G%7CQyX7%23F%7CQy7XG%7CQyX7D%7CQyX7-BF%237LZ7%23F%7CQB*%7BZ%20ZG7XyBZLA%20G%7CQyXx%7CQy7X-B2N%7C%7DQyX7%23F%7CQ7%239%20CL7DZLX7-B%7C%7CG7XyF%7CQyX7G%7CQyX7D%7CQ%7DyX7-B%7CQyX7%23F%7CQ%237XyQQyX7DyQ%7CG7XyQ%7CxXyQ%7CF%237XyQ%7CF%237XyQ%5D%20%3D%3D0%3D0
8a590399-50eb-47d4-8180-1562a8bf3363,irealb://Miss%20You%20Like%20Crazy%3DGoffin-Masser-Glass%20(Natalie%20Cole%20-%201989)%3D%3DPop%20Ballad%3DD%3D2%3D1r34LbKcu7ddaGs44%3C*7%7C%2C%23C%2FA%2C%23C%2F9ddasA%20D%3E)tuo%20sb(%20%204lD%2FC%20Ti*%5BY%3E56%20m%2FB%2C%7Cl7*%3C%2C%23G%2F9ddaE%7C%2C%2FAD%2Csus7As%20bB%2F-G4%20%20bpG%2CB%2F9s7%23FsA9susddaAl%7C%2CD%2CsusDsD%20lSA*%5BY%5D%2C2ddaA%2C2%2FC%23%20%2C%23G%2FE4TB*%5B7%2C%7C%20T%5D%20-Bl%2CB%2Fsus7%23F%3Es%2F%20%20QyX%2F%2017*%3C42XyQ%20Y%23F%2CsuDZL%2Cs%20%20bs%207-EZLQ%20xl%20%7C7-B7%2C-%23F%2CG%2FA%2C%5EGs%3Eni%20A9su47*%3C4%2F9dda7%2CF%237%EF%B8%B6QyX45*%3CBl%3E%E2%99%AA%20QXy.%E2%99%A9%20%2017*%3CC*%5BY%5D%2C%3E%20sF%23-%23Cs%20%2FE%2C%23G%2FA%23%2C%7CEs%20%3E%EF%B8%B6QyX45*%3CA%2FlB%3E%E2%99%AA%20QyX.%E2%99%A9%20%2017*%3Cadd9%2F%23F%2C%23A*%3C%7C%2CEE-%2FG%20p%2Csus9%23F%2Csus31F%23%7C%2C%23F%2FB%2Csus7%23Fs%2CF%237%2Fl%7C%2C%23GyX.%E2%99%A9%20.XyQ%20%7C%2C%23C%2FA%2C%23C%2F9ddasA%20%3E%EF%B8%B6QyX45*%3CDl%3E%E2%99%AA%3C*71%20%E2%99%A9%20%2017%2CA%2FD%2CD%2FC%3C*s%20bB%2F-Gl%7C%2CB%2FG%2C%2FB9ddaGs%20%3E%EF%B8%B6QyX45A7susl%3E%E2%99%AA%20Q*%3CQZLS.%20alyXYY%5D%2C7A%2Csus9A7%2CA%2Csus31A%3EadoC%20QXyQ%20.D%20%3C%7Cl42T%7CXyQ%20%E2%99%AA%2Csus9As)G%2F9A(%20-7El%3E%E2%99%AA%20QyX.%E2%99%A9%20QyX%20(A7).%E2%99%A9%2060l%7C%2CB%2F%5B*CT4ddaGs%20C%2FDl%7C%2C%23CA%2F%2C%23C%2F9ddaAs%20Dl49%2FB%2CG%5D%20p%20D%2F9dda%20sA7s%7C%2CG%2F7A%2Csus9A%2C7%2CAsus31A%7C%2CA%2FD%2CsulF%20sCbB%2F-GC%7C%2CC%2F%2C%7ClF%2F7Cs%20bD%2F-bBl%7C%2CDb%2FB%2CD%2F9ddabBs%20bEsus%2CFE%2FC%2CEAl%3E).%2CC7%2CC(%20edulretni%2047%3C*%5BY%5D%2CbB%2F7C%2Csus9instrsus31Es%20E%2Fadd9%2F%2CF%2FbD%2CF%2F9ddabD%20sbG%2FbAl%7C%2CG%2FbE%2CG%7ClDb-bEs%20b%20%2047*%2CAb%2FE%5D%2CbD%2F7bE%2Csus9b%2CE7bE%2Csus31bE%7C%2CbY%5B*D%3Csus7b%7Cp%2CbG.%20%E1%9A%A8%3ECbD%2C7-bA%7Cp%2C-bE%2Cb7B%3E%EF%B8%B6%20%20QyX75*%3C%2Cb9sus%2C%E2%99%AAQyX%E2%99%A9yX%2F%201%20%E2%99%A9XyQT%7Cp%2C-bE%2C7bB%3E%EF%B8%B6%20Q%20yX75*%3C%2CbC%3E%E1%9A%A8%20.%E2%99%AA24%3C*7%2047*%3C.%E2%99%AA%2047b-7%2CLY%5D%2C7bD%2Csus9bD%3E%20%2F%2F%20%2F%20%2F%2017*%3C44TZ%5B*B%3C*A%3E%2F%20Q-bAZLXyQ%2FX7-bE%2C7-bB%2CbC%2Fb%3ED%E2%97%A166*%3C%2C%5EbCs%3E%2FQy%7C%20lx%20%2F%20%20%E1%9A%A8%20Fl%7C%2CFsusLZ%2F9ddabDs%20bGl44CT*%7BY%5D%20p%2CbGs42T%20F%2CDb%2F9bD%207mav%20%20Badd9%2CbD%2FbG%2Csus7bDsD%20%2F-Bl%7C%2C%23D%2FB%2C%23D%2F%7C%3CXyQs%20E%2F%23p%20out%3EDb13sus%2CDb7%2CDb9sus%2C%3C*665x%3EDb7%7D%20%3DPop-Slow%20Rock%3D65%3D1
8aef0762-30c7-491e-a33f-204f6573c1f2,irealb://Missing%20You%201%3DCourageous%20Mountain%20Rangers%20%28Larry%20Cosulich%29%3D%3DBluegrass%3DF%3D%3D1r34LbKcu7X7-bB34%3C*6B%7CQyX7F%7CQyX-D%7CyQXA%7CQyXF%3EesreV8bXyQ%7CTA*%7BYNZL%20lyQ%7C%3C*CZL%20lcKQyX-GZLx%20%20%3EG%20ot%20klaw%2001XyQKcXF%7CQy%20x%20%3E%29XyQ%20%20mi%20%2CC%28%3C%7CQyXF%7CQXybB%7CQyXF%3EskaerBplied46*%3C1QyX-G2%3C*64KQyX7DZLbE%2CE%2CFQ%7CyXF%3EesreV%20%20QyXcl%20LZN%7CY%7D%20%20%20x%20%3EZCXyQpmi%20%2CC%28%3C%7CQyXF%7CyQXbB%7CQyXFZL%20lcKlied%29L%20lcKX%3Esem%20%20Endtxe%202%20%2Csrab%208%20stal%20staeper%20gnira%20tiQyX%3C%5DF%7CQyXXyQXyXFZL%20lcKQyXCZLl%20cKQyX-GQ%7B%20QyXQyQ%7CBbQyXQyXyQ%7CU%20x%20%20%7D%20%3DPop-Bluegrass%3D100%3D6
8a75d538-f61e-4c8a-99c8-7b1c668f4a14,irealb://Moonglow4%3DHudson-Lange-Mills%3D%3DBallad%3DBb%3D%3D1r34LbKcu7bE%20bB4EbXyF%7CQyX7-C%7CQyX7GQ%7CyXbB%7CQyX%2C-bE%7CQ7XyQ%7C4TA*%7BX7FZL%2CXyQ%7DyX7CZL%20lcKQyX7ZGL%2C%20lcKQyXbBB*%5BQKcl%20bBZL-B%7CQyX%20%20%5D%5B*X7-C%7CQyX7G%7CQyXBb%7CQyX-bE%7CQyXbEAyQ%7CF7lcKQybXyQ%7CBb%2CXyQZ%20%3DJazz-Ballad%20Swing%3D94%3D3
8ad16977-7a68-42d8-bbd0-6b8fb9b67eb8,irealb://Morena%20Boca%20De%20Ouro%20%23%3DBarroso%20Ary%3D%3DBossa%20Nova%3DC%3D%3D1r34LbKcu7-A%7CQy4G%5E7XyX7-EZL7-B%207D%7CyQX7-A%7CQyX7-E%7CQyQ%7CE7X4TA*%5Bb7%23F%7CD7%20Bb%23C%7CQyXx%7CQyX7%5EGQ%7CyX7D%7CQyX7-AZL7h7XyQ%7CQyX7%5DQyX3%7CN1B%5EQyX7-B2NZL%20QyXyQX%7D%207D%207-A%7CQyX7%7CE7b1QyX31hB%7CQy7XyQ%7C%7CQyX7-A%7CQyX9b7%7CEQyX7-B%7CQyX7o%23AN1F7X-AB*%7BF%7CQyXE7b13QyX7-E%7CQyX7%5EG%7CyQX7F%7CQyX7-A%7CQyX%7CC%23h7%7CQyX7C%7CQyXXyQ%7CBsus7G%7CQyX7D2NZQLyX%7DQyX7E%7CQyX7%5EXyQ%7Cx31b7%237%5EG%7CQ%7CF%237bD%7CQyX7-A%7CQyX317bE%7CQyX7-B%7CQyX317b9XyQyX7%5EXyQZ%20%3DJazz-Bossa%20Nova%3D105%3D3
8aa89666-ce4c-4f06-a388-2d288d01754d,irealb://Mystic%20Brew%3DFoster%20Ronnie%3D%3DMedium%20Swing%3DC%3D%3D1r34LbKcu783TZL-%2FC%23%20%2F7-F85TZL%206F83ZTLQyXsus9C85TZLBbXyQF83T%5BF-9%2FAb%20LZT58Eb-9%2FGbXyQ%20%7D%20%3DJazz-Even%208ths%3D113%3D30
8ae3ca78-5432-4733-b175-cb2223180d17,irealb://It's%20All%20In%20The%20Game%3DComposer%20Unknown%3D%3DMedium%20Swing%3DC%3D%3D1r34LbKcu7%20B*%5B%5D4DXyQL%20x%20ZL%20x%20ZL%20x%20LZ%20x%20ZL%20x%20ZL%20lcKZ%20x%20%204TA*%5B%5DQyX7%20xLZ%20%207-EZL9b7E%207-BQ%7CyXAZL-D%20AZL7E%20A7LZA%20ZL%20xL%20x%20ZKcl%20LL%20x%20ZL%20x%20ZL%20x%20LZ%20x%20ZL%20x%20ZL%20x%20ZZ%20x%20LQyXD%7CZ%20x%20LZ%20%20xLZE-7XyQ%7CA7XyQ%7CD%20DhLZDXyQZ%20%3DJazz-Medium%20Swing%3D77%3D2
8acbbbc4-74e3-478c-8342-8772400c8fa3,irealb://Round%20Midnight%3DMonk%20Thelonious%3D%3DBallad%3DEb-%3D6%3D1r34LbKcu7yX9%2374Ah7XX7hF%7CQyX9%237C%7CQXy7hG%7CQyX9%237D%7CQyyQ%7CBb4Ti*%5B%2F7-bE7%20sAb-bESA*%7BY%5D%205%237blB%2C7B%2C7bG%7C%2C7bD%2C7%2CW%2FD%2C-bE%7CQ7-bB%2Co7(ChBs%7CQyX)7hC(6-blE%7C%2C7bD%2C7-bAs%20)7-7%2CE7CZLbDyX5b9%7ClAb-L%205b7Bl%2ChCs1NZ7LbA%207-bEZL7bD%207ZBb7b%2C7bE%2CB%207hCXyQ%20L%20%3EeniF%3C%206bEZLssu7bBl%2C7B%2ChCs2NZ%20%5D%5B*BQyX%7DQCl%7C%2C7Bb7b5Fs%207-bA%7CQyX5b7BbZL5b7B%207hC%7CQyX-7%2CBbZL5b7)7-bALZDb9nidne%20dn2%20la%20..SD%3C)7bE(%20)7-bB(g%3EB9(7F%207h%207hCZ)%7CAb-%207hClQ%5BY%5D%2C7bB%2C-7Fs)7B(%20)7-%23F(7F7b9L7bD(%20EsZL%2CZF%23-7B%20%2C7hFZL%2C7E%20%2C7B-ZL7B%207-%23FZL7B%20b13b9L9b7F%23%20%2044-7%2CEb7%5EbElf%7C%2C7E%2C7B%2C-7%23F%2C7bD%7C%2C7-bA%2C7%2311%3C*bB%2C7b9%3EXyQZ%20%3DJazz-Ballad%20Swing%3D60%3D0
8a52acf2-8175-4b55-99e0-6728c08cf629,irealb://Stardust%3DCarmichael%20Hoagy%3D%3DBallad%3DDb%3D0%3D1r34LbKcu7%5EbDv*4Eb-7A%207-bEZL7C%207-GLZ7-bB%207-FZL7bA%20b7LZ%5B4Ti*%5BZL7-bGb7%231ZL7bA%207-bE%7CQyXb7B%7CQyX9b7F%7CQyX1F-7%20B%7CQyX7QyX7b7LZEb9b7F%7CQyX11%237bGQ%7CyX7%5EbDZL7bA%207-XyQ%7CBC%207-G7%5EbGA%20Ab7L%237bD%207%5EbDZL7bA7%20-bEZL7-bB%207-FZ5%20%5D%7B*7-bE%7CB%207-bl%20LZGB%207-F%7CQyX7%5EbDZ7LB%207-%23F%7CQyX7%5E-bb7LZEcKQyX7-Fl%7Cb-7Xy-bEs%207%5EbDZL7bA7%20-bE%7CQyX7bA1N%7CQ7%2CEo%2CEZL7b7-%23F2LZEb7bD%207bAZL7-bE%207AbZL7bE%207-bB%7CQyX7%20%7D%7CN7-bB%207%5EbDU7XyQ%7CbA%7CQyX7-bEZL7b%20B7-FZL7-bB%207%5EbD7XyQ%7CB%7CQyXXyQ%7CAb-7%20Db7%20Z%20%3DJazz-Ballad%20Swing%3D60%3D2
8a5b4018-67c8-441f-880b-3a2844f64f9c,irealb://O%20Come%2C%20O%20Come%2C%20Immanuel=Plainsong%2013th%20Cent==Medium%20Swing=E%2D==1r34LbKcu7ZL%23F%2FG%20CLZD%20C%7CQyX%2DEA%2A%7BQy7XB%7CQyX%2DEZL%2DB%20%2DALZG%20D44Ti%2AD%2CDZL%2FD%2CC%2CZLA%20%2DE%7CQyX%2DA%7CQXy%2DEZL%2DB%20%2DA%7C%2CB%2FCD%20E%2D%2C%2DE%2C%2DEGZLD%20LZC%20D%20CZLG%20%2DBZL%2DE%20DB%2C%2A%2C%7CQyXG%7C%2C%23F%2FD%2CDLZE%2DG%2C%23F%2F%20CLZA%2D%20B%2DLZE%2D%20B%2D%2CLZN1E%2D%20B7%20%7DN2E%2D%20B7%20%7DN3E%2DXyQZ%20=Jazz%2DEven%208ths=106=1
8a537510-4094-4dd7-9cbd-c564c946e54a,irealb://Oblivion%3DPiazzolla%20Astor%3D%3DMedium%20Swing%3DC%3D%3D1r34LbKcu7ZL7D%204C-XyA%20bEZL7bB%20-FZLl%20cKQyX-CZL%20lcKQbLZDo4TA*%5BcKQyX%7CC-XyX7C%7CQyX5b7-GZLl%20cKQyX-CZL%20lcKQyQ%7CF-QyX7G-C%7CQy-7b5XyXA/7D%7CQyXbB/-%7CCQyX-C%7CQyX7G%7CQyQ%7CG7XDZL%20l7G%7CQyl%20%20%5DYD%7CQyXbA%7CQyXbE%7CyQX7bB%7CQyX7-FB*%7C-7b5XcKQyX7G%7CQy-XyQ%7CyXbA%7CQyXbE%7CQyXb7B%7CQyX7-F%7CQyX7CQ%7CD7XC%7CQyXXyQ%7CC-XyQKcl%20%20Z%20%3DJazz-Medium%20Swing%3D60%3D3
8ac0c7db-a80d-43a1-9866-e8ad1d8c230f,irealb://I'm%20Beginning%20To%20See%20The%20Light%3DHodges-James-Ellington%3D%3DMedium%20Swing%3DBb%3D12%3D1r34LbKcu77-CZL4Bb6XDZL7-C%206bB%7CQyXb7GZL%20x%20ZL%20lcKQy-7%20G74T%7BA*GZL%20lBb6Xy7CZL%20lcKQyX7bDLZ%20lcKQyX7D%5BB*%7DQXyQKcZL7F%20-DZL7%7CF7XyB%7CQyX7bGZL%20x%20Z%20LlcKQyX6bB%5BA*%5DQb6%20C-QyX7b7%20G7LZC-7%20F7LZBb6%20%20%20Z%3DJazz-Gypsy%20Jazz%3D125%3D3
8ab54566-bbcc-45c3-93a5-9c48e9eb2a7a,irealb://Por%20Quien%20Eres%20T%C3%9A%201=Parker%20Lucia==Ballad%20Even=E==1r34LbKcu7%23F%20EA%20%28D%23%29%2FAZL%23F%2FD%209ddaGLZ%23G%2FE%2CA44Ti%2A%7B%2C%20B%2C%20%5B%2A%29%23C%28%20%2A7jam%2FG%23%20A%2D%23C%3E9QyXQyX15%2A%20%3C7%2D%23GZL%20%2C%2A7jam%2A7LZD%2AEZL7%2D45%2A%3C%2CB%2FALZFZL7%2D%23C%20%2C7%23G%207%23%2DD%3E5bQyXQyX45%2A%3C%23%2D7%20B%20AZL%20%207%2D%23FC%2CLZ%3CF%3E9QyXQyX84%2A%3C%207%20%2D%23C%3E9QyXQyX15%2A%237LZ%7C%3EoQyX%20%207%2D%23%20%2A%2C%3C%2A7jam%2AAB%2A%7B%20bB%2F3E1%207%2DB%3E9QyXQyX15%2A%20LZG%2AE%7D%2CByXQyXZ%7CF%23%2DL%20%2A7jam%2AAZLbB%2F13E%207%2DB%7C%2CB%2CB%2FA%207Z%3C%2A51L7%2D%23C9QyXQ%23%2D7%20G%3C%2CB%20susBZL%23G%2FE7%20%2D%23F1NZL7%2D%23C%2C7%23%2A51XyD%3E5bQ%C3%A1p%20ra%20E%2FBb03%2A%3C%20Z%20%2CC%20%20%2CBZ%23LG%2FE%20%207%2D%23F2N%7D%20%2CCambi%2C7%2DB%3Egina%20%3E%20=Jazz%2DBallad%20Even=60=3
8ab17c1f-e1be-4c11-8f5f-f7a9f089b573,irealb://RGT%20Bass%20G4%20Country%20Blues%3DRGT%3D%3DCountry%20Blues%3DB%3D%3D1r34LbKcu7%5BT68BLZG%23-7LZG%23-7LZF%23LZBLZD%23-7LZD%23-7LZE%5E7%20%7C%20%3D%3D0%3D0
8acfd918-6e52-46ab-a7df-404919397469,irealb://Scotch%20And%20Water%3DZawinul%20Joe%3D%3DMedium%20Up%20Swing%3DBb%3D%3D1r34LbKcu7L%20lcK4Bb6X7bE%7CQyX%2C7bB%7CQy6XbBZL7oE%206bE%7CQyb9XyQ4TA*%7B%201N%7CQEb6LZabB%7CQyX9b7F%7CQy9Xb7CZL%2C9b7G%207-Ddd9Xy%206bBZZLxZLyQXyQLxZLbB%2F7CB*%7CQy9XddabB2N%7CQyXQyXZxLZxX%7D%20%20xyX6bB%2FFLZxLsus9F%209ddabB3%7CNQyXQyXQyXQyX%7D%20Z%7B*CS7CZLx6bE%206%20Eo7LoE%20%2C7bE%7CQyX7bEQ%7CyX%2C7bB%7CQyX6bBZ7LZBb6bE%7CQniF%3C9%20G7b97CZL9b7G%206bB%7CQXy9b7F%7CQyX9b7CZL%2C%20F7b7-DZLe%3E%20%7D%7B*DE-7b5%2FBbXyQKcl%20LZ%20x%20LZ%20x%20%3CD.S.%20al%20Fine%3E%20%7D%20%3DJazz-Medium%20Up%20Swing%3D150%3D1
8a68a037-65e3-41a4-b7b6-dbd7b892a0de,irealb://Sandy%20Ann%3DMel%20Bay%20Basic%20C6th%3D%3DMedium%20Swing%3DC%3D%3D1r34LbKcu7*%5B%5DQy4CXyQXC%7CQyXx%7CQyX7G%7CyQXx%7CQyX7G%7CQyXx%7CyQ%7CxX4TA*%5BBCXyQ%7CxXyQ%7CG7XyQ%7CxXyQ%7CG7XyQ%7CxXyQ%7CCXyQ%7CxXyQ%5D%20%3DJazz-Medium%20Swing%3D190%3D5
8a3b6abc-024e-4e9f-bbbb-a702b9e5f042,irealb://Use%20Somebody%3DComposer%20Kigs%20Of%20Leon%3D%3DMedium%20Swing%3DE%3D%3D1r34LbKcu7ZL%20AZE/G%23%20%3E2x%20surohc%20erP%5B%3C%20%7D%20QyXA%7CQyXAZLC%23-%20LZL%20E%5BXQyXQEXyQ%3CQyX%3E%20flah%20suroch%20ts1%3C%20%20%5D%20%7D%20%3E6XXyQXy%7CQyXEyQ%20%3CChorus%20x4%3EXyQXyQXyQXyQXyQ%20%3CVerse%20x2%3E%20%3D%3D0%3D0
8af4b970-912e-449d-bf88-9b822d42b329,irealb://Smoke%20Smoke%20Smoke%20That%20Cigarette%3DTravis%20Merle%3D%3DBluegrass%3DG%3D7%3D1r34LbKcu7GZLxZ%2CLZxLxZLCZLxZLGZLxZGLZLxZL7DZLxZLCZLZD7LG44T%5BxZL7DZGLZx%2CCZLxZLGZL7DZLZGLxZL7DZLxZLCZLLZxLZL7DZLLCZL7ZG7LZ%2Cn%2C7DZL7AZLxZLC7ZL7GZLGZLxZL7C%7CGLZGL%2CGZLZxLZD7LZxLZG%2CC%2C%7CG%2CD7%5D%20%3DPop-Bluegrass%3D245%3D5
8a589b74-6aa1-4285-be49-b3f0e2203435,irealb://Tenderly=Gross%20Walter==Ballad=Eb==1r34LbKcu7X11%2374Eb%5E7X7%2DF%7CQyX7bA%7CQy7X%2DbE%7CQyX7bA%7CQyXyQ%7CDb4T%5BA%2AB%207bB%5E7XyQhF%7CQyX7bB%7CQyX7Fh%5BB%2A%5D%209b7C%207hG%7C7XyQ%7CbE%7CQyE%7CQyX%2D7XyQyX7%5EbE%5BA%2A%5DQyX7Bb%7CQyX7%2DF%7CQyX7F%7CQ%7CAb7CZL7o%2A%5D%209bQ%7CAb7G%7CQyX7%5EbE%7CQyX1%2317bD%7CQyX7%2DF%7CQyXh7%20C7yX7%2DbL7bB%20XyQ%7CB7C%207%2DGZL7o%23F%207%7CFQyX7%2DCZL7oB%207bLZF%2D77hF%5BCZEb6XyQ%7CF%2D7%20Bb7%20Z=Jazz%2DBallad%20Swing=60=3
8aecaee7-608a-4c35-a4a0-54eb2958744a,irealb://Song%20For%20My%20Queen=McLean%20Jackie==Medium%20Swing=B%2D==1r34LbKcu7%2DBZL7usXyQ%2DbA%7CQyX11%2DG%7CQy1X1%2DG%7CQyXsus31A%7C7%20Bb%2Ds31A%7B%2DG%7CQy7%2CLZEQyX7%5E%23F%7CQyX7%2DFQ%7CyX%2C7%2DbE%7CQyX7%2Db%7CF%2D7X%2DbD%2079%237%23F9LZAb%2DB%7CQyX7%2DG%7CQyX7b%5EA%7CQyX7%2DG%7CQyX7%5E9XyQ%7Cb7C%207%235XyQ%7CB%2D9XyQ%7CF%237%239%235XyQ%7D%20=Jazz%2DLatin=123=26
8a8890e3-c21d-4920-a0c9-0e9611c70d5e,irealb://Soul%20Shadows%20-%20Bill%20Withers%20Live%20Version%3DSample%20%2C%20%20Jennings%3D%3DPop%20Smooth%3DF-%3D%3D1r34LbKcu7LQyX%7C%2CW%2FDbC%2FW%2CG%2F7C%2CC%2FW%2C-%7CF%2CbD%2FW%2CbA%2F7-bB%2C%7CXyQr-Fi*%5Bd%20tae%7CXyQL*%3C%2C-FSA*%7B%5D%20-F%20C7ZLG%2F7-bB%20C%2F-FZ69ReprQyXZC%7C%7DQyy%20x%3EWC%2CbD%20bD%2F6-bBZLG7%20D%2F7GZLbE%2FW%2CE%2F%2C%7CF-Xnam%20sus7CZ%23%2CC%2CW%20bDZL7-C%207-bBZ%20Lx%2C%20ZL%20x%2C%20%2C%7C%2CG%2FEb-7LG%2FW%2C%23lcKQyC7sus%7CQyX7-F%3EsurohC3%206*%3CB*%7B%20QyX%5D%20C%20Bb-7X%7CQyXssd%20re.S.%20aatnemurtsnI33*%7C%3C%7DQyX7-F%3EeniF%20lls%20ovD%3CZL%20*%3CZLQ%20x%20thQyXQyXQyX%3Eortn%20Imorf%20taeper%20neXyQXyynam%2074Finish%20by%20repeating%20chorus%20till%20end%3E%20%3D%3D0%3D2
8af8b3cf-400a-4cbf-9b4c-20c317bd0986,irealb://Spain=Corea%20Chick==Latin=B%2D==1r34LbKcu7X%5D%20%23F2%3C%2A74sus%23FZL11%2DE23TLZxZLn%3E631%20mpb%20%20LZT222Ti%2A%7CZL7%23C%5B%2AAG%2CGZL%2C%5EDZL%2C7AZL7E%2DZLxZL%2C7%23FZLxZL%5E%2CLZ%7CQyXQyn%7D%20%3Ex%2CLZBsnZLnlB%2A%7B%20QyX%5Dpppp%7C%2C9ddaB%2CBs%20su%3C%2A5959%237%23FL%5EG%3ExBsusL%2A%7B%20%20QyX%5D%20%20x%3E%2EdEn%20dn2%20la%20%2EC%2ED%3CZCN2%3C81NZLQZL%5EGZLZxLZDZLxZL7AZLxZL7E%2DZLxZLxZLxZL7%23F%5ELZxLxZLxZZL%2C%5ED%237LZxZL7%2DE%7CZLxZL7BZxLZL%2DBZLxZL7%23FZLA7%2CLZC%7CZLxppp%3EaC%237LZa%20%2EC%2ED%3C%7C%2C9ddaBB%2Cs%20susBZL%2C9%237%23Fl%20CodZL%2C%5EGsBZLxXyQXyLxZL%2CbB%2FDZLxZLZxLxfZL%5EGQ%5BYQyXQZxLZfQyX%7Dpus%2CLZxLZxLZxf%20Z%20=Latin%2DBrazil%3A%20Bossa%20Acoustic=180=1
8ae49c29-097f-45f5-8f3e-59d6633433d3,irealb://Strangers%20In%20The%20Night%3DKaempfert%20Bert%3D%3DBolero%3DA%3D9%3D1r34LbKcu79b7%23F44%3C*7CZL7E%20%2C7-B%7CQyXd9dabB%3E77%20mpb%20%204%23-7%2C%20Ti*%5BY%20-BZL%20E7%2C%20%7CQyXAZL%20x%20ZL%20xZ%20L%20lcKQyXAA*%5BY%5DppCo77-BZL-BZL%20%2CB-6%2CX9dda-BlB*%5BY%5D%2CB-%2C5%23-B%2C6-B%2C7-B%7CyQKcl5%23-Bs%23F%2Fh%23Kcl%20L%5D%20%20lcKQyX%5EAl%7C%2CE7sppp%7CQyXsus9EZY%5B*CCQyX%2C7F%2Fsusl%20LZFsus7E%7CQyXhB%7CQy-XBZL%20lcKQyX9b7%23%20sC%237cKQyX-BZL%20%2C%7ClB-x%20ZL%20lcKQyXAlD%5B*Y%5D%2C7E%2Csus7Es%209%20LZ%20x-%23F%2C%23AlUf%5BE7%2FB%20%2Csus9Es%20%2CB%2F7E%7CyQXAl%7B%2C7E%2Csus9EsE7%2C%7DYZL7E%20XyQZ%20%3DSalsa-Cuba%3A%20Bolero%3D77%3D1
8a772ee2-b019-4711-816b-970dafaf83ae,irealb://Swingin'%20with%20Bono%3DHelmut%3D%3DBallad%20with%20swing%3DC%3D%3D1r34LbKcu7%20%2C7%23A-7XyQQyX7EZLQyXQyX%5EZFLQyXQyX9DZLQyXB7%235%20A44T%5B%7D%20%3D%3D80%3D6
8abe577f-b88d-4c66-9557-81fceef8626c,irealb://Te%20Dare%20Lo%20Mejor%3DJes%C3%BAs%20Adri%C3%A1n%20Romero%3D%3DRock%3DA%3D9%3D1r34LbKcu7XE%7CQy4A%2C*AX-%23F%7CQyX-B%7C%7DQyEX%7CQyXA%7CQyXD%7CQyXyQ%7CDX4Ti*%7B%23C%7CQyyQ%5D%7B*XE2N%7C%7DQyXA%7CQyX1AN%7CQyXD%7CQyX-%23FByQ%7CEXXE%7CQyyX%7C%5D%20%23XyQ%7C27*%3C%20%20E%7CQyXE%7CQXy-B%7CQyXD%7CQyX-%23FTo%20A%3EC%7CQyXQ%20%7BQAXyQ%7CD%20E%3C*72x3%3E%20%7DF%23-%20ELZDXyQ%7CAXyQZ%20%3DPop-Rock%3D117%3D1
8a292d98-3b82-472e-9176-4824254b28a8,irealb://This%20Christmas%3DComposer%20Unknown%3D%3DRock%20Pop%3DF%3D9%3D1r34LbKcu7%7D%20%20lc4%3C*69%5EFZL7%5EbE%207%5EbBZ7L-A%207%5EbB%3Ex3%20QyX7XyQK4Ti*%7B%7CQyX77XyQ%7CX7%5EF%7C%2C7C%2C-D%2CbE%7C%20QyX7%5EbE%7CQyX7-DyQ%7CD-%5EFA*%5BQyXsuyQ%7C%20EyX7-G%7CQyX7-D%7CQXy7-AB*%7C%2C7C%2C-D%2CbQ%7CC7sX7%5EbEni%20ot7%20F7L96*%3C%7CQyX%2CbBZL-%20D7-AZL7bE%207%5EbBZBack%20%5EFC*%7CXZLQyinal%20XZLQyXZLQyXZLQXy%3EC%20taeper%20emityQLZXf/ortXZLQyyQLZXXZLQyXZLQyXZLQXyZLQyXZLQyXZLQyyQLZXXZLQyXZLQyyQLZXXZLQyXZLQyXZLQXyZLQyXZLQyXZLQyyQLZXXZLQyyQLZXyQLZXyQ%20Z%20%3DPop-Rock%3D115%3D1
8a28a890-6187-40ae-9638-affabec5ca8d,irealb://Um%20S%C3%B3%20Deus%3DDaniel%20De%20Souza%3D%3DBallad%3DD%3D2%3D1r34LbKcu7EZL-B%2FC%23%2CL7A%20%5EGZL7D%20%5EDZLA7%20%5EGZLA%2F-B%207-BZLZD%5E%20A%20%5ED%5B%5ED2N%7C%7CA-7%20%5EDZL7A%20%5EGZL7D%20D%5E1NZL7A%20%5EG%7BZL7D%20D7%20%7DQyX7-%20%20%5EDZZE-7%20-EZL7-B%20%5EDZL7A7%20-EZL7-B%20%5EDZL7A7%20A7LL7-B%20%5D%20%3DJazz-Ballad%20Swing%3D60%3D3
8a5ed60b-f598-4e6d-bc36-1e053b9571ab,irealb://Unquity%20Road%3DMetheny%20Pat%3D%3DEven%208ths%3DA%3D%3D1r34LbKcu7XA/7D4AXyQyX7-G%7CQyXE/7%5EB44TZL%20lcKQyXA/B%7CQ%7CT343TA*%7BQyX7--7XyQ%20QyXQyX%5DQyX7-GQ%7CyX7%5EbG%7CQyX6bA%7C%20%5B*BBbB%7CQyC*%5B%5D%20Q%7CC%23-yX6E%7CQyX7A%7CQyX%5E7A1N%7CQyX6B%7CQyX7QKcl%20yX6A%7C%5D%20%20lcQKcl%20bB2N%7C%7D%20%20lcKQyXE6ZL%20lcKQyX6%23FZL7XyQKyX-%23G%7CQyX7-7XyQXB/7-E%7CQyX7-B%7CyQXbB/bG%7CQyX7%5EB%7CyQ%7CC%5EbED*%7BG/BXyQ%7CN1Ab-9XyQKcl%20%20%7D%7CUN2A/BXyQKcl%20%20Z%20%3DJazz-Even%208ths%3D155%3D3
8abeaa02-a8ab-4084-a46e-b41cb1a95441,irealb://Way%20Down%20Yonder%20In%20New%20Orleans%201%3DLayton%20Creamer%2C%3D%3DMedium%20Swing%3DC%3D%3D1r34LbKcu7yXCZL7XyQ%7CDZL%20lcKQyX7G%7CQXyC%7CQyXCZL7G%207-D-7%20G7G44T%5BE%2C7E%20yQ%7CD-X6FZL%20lcKQyX7CLZ%20lcKQyXCZL7G%207yQ%7CF6X7G%7CQX7bA%7C7XyQKQyX7-A%7CQyXC%7CQy7XGZL7oG%207GZL%20lc%7CCXyQD%7C%2C7byQ%7CC%20C%23oLZD-7%20G7LZC%20A-7LZD-7%20%2CG7%20%5D%20%3DJazz-Medium%20Swing%3D130%3D3
8a32c97e-6592-47a0-bc48-cf7e653160e9,irealb://Moon%20River%201%3DMancini%20Henry%3D%3DWaltz%3DC%3D%3D1r34LbKcu7C%7CQyX4C%5E7XF%7CQyXE/7%5EC%7CQyX11%237%5EF%7CQyX7-A%7CQy%5E7%23114TA*%7B%7CQyX7yQ%7CBhXG/7-A%7CQyX-A1N*B%5B%5DQyX9b7E%7CQyX7yQ%7CF%5EXE/7%5ENC*%5B%7D1XyQ%7C-DZL7A%207-EZL9bB7%207h%23FZLG/-A%20-A7%20G7%201%237bB11%237%5EyQ%7CA-E/7%5EC%7CQyX11%237%5E%7CFQyX7h%23F%7CQyXG/7XyQ%7CFX7-A2yX7-D%5E7/EX9%237A%287-A%7CQyX%2997%23E%287-E%7CQyX7F%7CQy%29XyQ%7CC%7CQyXQ%7CG7XyQ%7CC6XyQ%7CG7XyQZ%20%3DJazz-Medium%20Swing%3D99%3D3
8a5cffb3-91c4-460d-8a25-b9ae13ccec99,irealb://Manha%20De%20Carnaval%20%28Black%20Orpheus%29%3DBonfa%20Luiz%3D%3DBossa%20Nova%3DA-%3D%3D1r34LbKcu77G%207-4A-Xy-AZL9b7E%207hB%7CQXy-AZL9b7E%207hB%7CQXyQ%7CD4TA*%5BQyX7hXyQ%7CA7%5EF%7CQyX7%5EC%7CQyXG7%7CQyX7-D%7CQyX9b7XyQ%7CB7%5ECZLKQyX-XyQ%7CA7E%207hB%7CQyX-AB*%5D%5B%209b7E%207hB%7CQyX-b9LZA9b7E%7C-AZL9Eh7XyhB%7CQyX7-DZL%20lcQKyX-D%7CQyX9b7A%7CQ7%20E7bZL%20lcQ%7CYZ%20GLZF%5E7hBZLQ%20%20-A%7CQyXb97E%7CQyX7hB%7CQyX7%20E7b9/7-A%20A-LZD-7%20A-7LZD-7%20A-7LZD-7%20E-7LZfA-%20Z%20%3DJazz-Bossa%20Nova%3D140%3D3
8a14ef67-fc55-414f-81cd-f3e76fd130cb,irealb://We%20Three%20Kings=J%2E%20H%2E%20Hopkins==Medium%20jazz%20waltz=F==1r34LbKcu7%20hEZL4D%2D7LDA%2A%5B%5D%20%20%7Cr%20ZL%20%7C%20rZL%20%7Cr%20ZLA%2F7%2DEZ%2D7LZx3Ti%2A%5B%20bBZL%2C%7ClD%2DCZL%20FZL7%2DDl%7C%2C97%23As%20hEZLxZLxZL77%20LZF9%237AsZL%20C%2FLZA7%23xZL%20FB%2A%5B%20QyXQy%5DX%20%207CZL%207%2DDZL%209LZG%2D7%20hEZL7%2DGZLZxLZG%209%237AZLhEZL%207CLZ%207%2DDZL%20FZLC%2F7%2DLZD%2D7LxZLFepeR%28%2D7%2FC%20r%20ZLA%2F7%2DEZL7%2DD%7BQYQyXQyX%5D%20Q%20FZL%7C%20LZ%3CG%7CQyXat%20and%20fade%20out%29%3E%20r%7C%20LZ%20r%7C%20%3C4x%3E%20%7D%20==130=0
8a41e8bc-306a-4f93-986e-a06384bb6c82,irealb://What%20Shall%20We%20Do%20With%20A%20Drunken%20Sailor=Traditional==Medium%20Swing=E%2D==1r34LbKcu7%2DEZLx4sE%2D%2CxZL%2DEA%2A%5BYYQyXQXyQyXQyX%5D%20%2DEl%7C%2CDLZDLZ4Ti%2A%5B%7C%2CD%2C%2DZsE%2D%2ClZL%2DEZLxZLDZLxLZ%2DEB%2A%5BY%5D%20%2DEl%7C%2CDxLZsELxlZLlE%2D%20%5DY%5BQsE%2D%2CD%2C%7ClE%2DLZsE%2D%2CD%2C%7CUlE%2D%20Z%20==0=0
8a8f5b4b-f144-4fa2-a784-f33d321f3e5d,irealb://When%20the%20Red%2C%20Red%20Robin%20Comes%20Bob%2C%20Bob%2C%20Bobbin%20Alo%3DWoods%20Harry%3D%3DMedium%20Swing%3DG%3D%3D1r34LbKcu7QyX7G4GXyQXG%7CQyX7D%7CQyXGZ%20LlcKQyXG%7CQyX7D%7CyQ%7CN14TA*%5B%20-AZL%7CA-%20%20D%7CQyX7A%7CQyX9AZ-LE%20G%7CQyXGl%7C%2C7Fs7%20Do7QyXC%7CG%7CQyX7%2C%7C%5B*9D%7CQyXGZL%20lcKQXyG%7CQyX7D%7CQyXGlBXyQ%7CGD%2C9AsD%20G%7CQQ%7CCXyQyXGZL7bE%207oG%7CyQXGl%7C%2C-As%20%20-C%7CQ%7CD7XyyX5%2379LZUG%20D7%20Z%20%3D%3D0%3D0
8abaa613-fa1a-4b8d-aa01-664bf49b9cc9,irealb://You%20Know%20I%20Care%3DPearson%20Duke%3D%3DBallad%3DC%3D%3D1r34LbKcu7rQyXZ4G-11(7bA%20)7-bE(bA%2Fb%5EDZL)7C(%20%20)7-G(Ab7)L4TA*%7B%2FCZLbZDb7s%20A%2FFZLhbE%20%5EbGZ)L7bD(%20%20)7-bA(suBb7%2FALQyX%7CElB*%5Bh%2CF%2C%7CQyX%5D%205%237bB%2C7F%2C%7CC%2C7G%2C7-D%2C7A%2C7-EXyQ%20%20%23Fs%20GbE%7CQyb%20Ab7bDZL31bA%20bA%2F7-Eb%7CQyXbA%2F%5EbDZL5%23%5E%2FAbXA%2F7-b%7B%5D%207b%20Ab7%23%7C%2C%20%2C%20%2C%20%2C%5EAl%7C%2C7%2CE7-Bs%20bA%2F%5EbDZL5Ebh%20AbA%2F7-7-bA(1XyQ%7CD%7CQyXbA%2F%5EbD%7CQy1X1-G%7CQyXsus31bAb7sus1-GA*)%20%20(Db7)LZGb%5E%20EbhLZsB7%2CBb7%2CA7%2CAb7%2C%7ClGh%20F%23-7%20%7D%20%3D%3D0%3D0
8a7adfde-7aa8-41dc-9e26-fa90df623c26,irealbook://%E3%83%80%E3%83%96%E3%83%AB%E3%83%89%E3%83%A9%E3%82%B4%E3%83%B3%E3%81%AE%E3%83%86%E3%83%BC%E3%83%9E%3D%E4%B8%80%E5%A4%AE%20%E5%B1%B1%E6%A0%B9%3DRock%3DF%3Dn%3D%5B*AT44Bb/G%20C/G%20%7CBb/G%20C/G%20%7CBb/G%20C/G%20%7CBb/G%20C/G%20%7CBb/G%20C/G%20%7CBb/G%20C/G%20%7CFsus/Bb%20%20%20%7CA/C%23%20%20%20%5D%7B*BD-%20%20%20%7CC%20%20%20%7CF%20%20%20%7CG-%20%20%20%7CBb%20%20%20%7CA-%20%20%20%7CN1G-%20%20%20%7CG-%20%20%20%7D%20%20%20%20%20%20%20%20%7CN2Eb%20%20%20%7CC%20%20%20%5D*CG-%20A-%20%7CD-%20%20%20%7CG-%20A-%20%7CD-%20%20%20%7CG-%20A-%20%7CBb%20%20%20%7CC%20%20%20%7CC%20%20%20Z%20
8a4a0513-dedf-4da6-9b82-37f65812e265,irealbook://%E3%83%89%E3%83%A9%E3%82%B4%E3%83%B3%E3%82%B9%E3%83%AC%E3%82%A4%E3%83%A4%E3%83%BC4%20%20%20%20%E3%82%B7%E3%83%A7%E3%83%83%E3%83%97%E3%81%AE%E3%83%86%E3%83%BC%E3%83%9E%3DComposer%20Unknown%3DPop%3DG%3Dn%3D%5B*AT44G%20%20%20%7CD/F%23%20%20%20%7CF%20%20%20%7CE-%20%20%20%7C%7CEb%20%20%20%7CG/D%20%20%20%7CA/C%23%20%20%20%7CD7%20%20%20%5D%5B*BG%20%20%20%7CD/F%23%20%20%20%7CF%20%20%20%7CE-%20%20%20%7C%7CC%20%20%20%7CD7%20%20%20%7CG%20%20%20%7CD/F%23%20%20%20%7C%7CE-%20%20%20%7CC%20D7%20%7CG%20%20%20%7CD/F%23%20%20%20%7CE-%20%20%20%7CC%20D7%20%5B%2C*v%2CG%20%20%20%7Cx%20%20%20%7C%7Cx%20%20%20%7CG%20D7%20Z%7C
8a639e6e-50c5-43b9-b95e-90fb518326ea,irealbook://Hey%20Baby%3DDoubt%20No%3DMedium%20Swing%3DE-%3Dn%3DY%5B*AE-%3CE%20Piano%20with%20Jupiter%20Lead%3E%20%20%20%7C%20%20%3C%20%20%20%20%20%202%20chords%3E%20%20%7C%20%20%3Conly%20before%20Chorus%3E%20%20%7CsG%20B-%20%5DY%5B*B%3C*70%20%20HEY%20BABY%20%3ElE-%20%20%20%7C%20%20%20%20%7C%20%20%20%20%7CD%20%20%20%7CE-%20%20%20%7C%20%20%20%20%7CD%20%20%20%7CC%20%20%20%5D%3C51%20Delay%3E
8a310412-a7dc-4e3d-829f-f41a522a4383,irealbook://Hot%20N%20Cold%3DPerry%20Katy%3DPop%3DG%3Dn%3DYY%7B*AT44%3C*74%20%20%20%20Verse%20/%20Chorus%3EG%20%20%20%7CD%20%20%20%7CA-%20%20%20%7CC%20%20%20%7CG%20%20%20%7CD%20%20%20%7CA-%20%20%20%7CC%20%20%20%7DYY%7B*BE-%20%20%20%7CC%20%20%20%7CG%20%20%20%7CD%20%20%20%7CE-%20%20%20%7CC%20%20%20%7CG%20%20%20%7CD%20%20%20%7D%7CD%20%20%20Z%20%20%20%20%20%20%20%20%20%20%20%20%3C013%20Jupiter%20it....%3E%20%20%20%20%20%20%20%20%20%20%20%20%20%20%20%20%3C002%20strings%20for%20chorus%3E%20%20%20%20%20%20%20%20%20%20%20%20%20%20%20%20%3CSTART%20-%20GUITAR%20AND%20DRUMS%20%28PALM%20MUTE%29%3E%20%20%20%20%20%20%20%20%20%20%20%20%20%20%20%20%3CEND%20ON%201%20AFTER%20LOOPED%20CHORUS%3E
8a517586-f30c-442a-b06d-ac0b09e0676d,irealbook://NO%20LOVE%20-%20Lil%20Wayne%3DWayne%20Lil%3DRock%20Pop%3DC%3Dn%3DY%7BT44%3C*74Capo%204%3EE*m*%20%7Cx%20%7CG%20%7Cx%20%7CB*m*%20%7Cx%20%7CD%20%7Cx%20%7D
8a678c6e-da94-4589-96bc-c83031d53a4c,irealbook://Glory%20Of%20%20your%20Love%20%2C%20The%3DTradjazz%20ARR:%20%20B.Sharp%3DLatin%20%20mm%20120%20%3DF%3Dn%3D%5B*iF%20%20%20%7CDb7%20C7%20%7CF%20%20%20%7CDb7%20C7%20%5D%7B*AT44F%20Gbo%20%7CG-%20C7%20%7CC-7%20F7%20%7CBb%5E7%20Bo%20%7CF%20Gbo%20%7CG-7%20C7%20%7CN1F%20Gbo%20%7CG-7%20C7%20%7D%20%20%20%20%20%20%20%20%7CN2F%20%20%20%7CC-7%20F7%20%5D%5B*BBb%20%20%20%7C%20x%20%20%7CF%20%20%20%7CC-7%20F7%20%7CBb-7%20%20%20%7CEb7%20%20%20%7CD-7%20G7%20%7CC-7%20F7%20%5D%5B*AF%20Gbo%20%7CG-7%20C7%20%7CC-7%20F7%20%7CBb%5E7%20Bo%20%7CF%20Gbo%20%7CG-7%20C7%20%7CN1F%20Gbo%20%7CG-7%20C7%3C3x%3E%20%7D%5BF%20Gbo%20%7CG-7%20C7%20%7CF%20Gbo%20%7CG-7%20C7%20%7CF%20Bb%20%7CF%20%20%20%5D%3C*66Externsion--%20%20no%20words%3EDb7%20%7CC7%20%7CDb7%20%7CC7%20%7CDb7%20%20%20%7CC7%20%20%20%7CF%20Bb%20%7CF%20U%20%20Z
8a42b641-acee-4f86-ad35-7dc7274e6abf,irealbook://I%20Never%20Knew%20%20mm98%3DBillSharp%20Original%3DFiddle%20Tune%3DC%3Dn%3D%5B*iT44F%20A7%20%7CD-%20%20%20%7CG%20G7%20%7CfC%2C%20n%20%5D%7B*AF%20%7CA7%20%7CD-%20%7Cx%20%7CBb%20%7CF%20%7CsG%2CG7%2C%7CC7%2C%20%7C%2ClF%20%20%20%7CA7%20%20%20%7CD-%20%20%20%7C%20x%20%20%7CBb%20%20%20%7CsF%2CA7%2CD-%20%7ClG-7%20%20%20%7CC7%20%20%20%5BN1F%20%20%20%7CC7%20%20%20%7D%7CN2F%20%20%20%7CF%20F7%20Z%5B%3C*60Fiddle%20solo%3EBb%20%20%20%7CsF%2CA7%2CD-%20%7ClG-7%20C7%20%7C%2Cf%2CF%20%2Cf%2CC7%20%5D%5B*AF%20%7CA7%20%7CD-%20%7Cx%20%7CBb%20%7CF%20%7CsG%2CG7%2C%7CC%2CC7%2C%7C%3C*642nd%20solo%20thru%20the%20intro%3ElF%20%20%20%7CA7%20%20%20%7CD-%20%20%20%7C%20x%20%20%7CBb%20%20%20%7CsF%2CA7%2CD-%20%7ClG-7%20%20%20%7CC7%20%20%20%7CF%20%20%20%7CC7%20%20%3CD.C.%20al%203rd%20End.%3E%20%5DN3F%20%20%20%7CF%20F7%20%5BBb%20%20%20%7CsF%2CA7%2CD-%20%7ClG-7%20%20%20%7CC7%20%20%20%5D%7CDb7%20%20%20%7C%2CsF%2CC7%2CF%2CU%2C%20Z
8a11faa4-9523-4a2a-b8df-7497382273b2,irealbook://Sono%20Come%20Tu%20Mi%20Vuoi%3DComposer%20Unknown%3DRock%3DD-%3Dn%3D%7BD*m*%20%7Cx%20%7CG*m*%20%7Cx%20%7CC%20%7Cx%20%7CF%20%7Cx%20%7C%5BA7%20%7CD*m*%20%7CG*m*%20%7Cx%20%7Cx%20%7Cx%20%7CN1A7%20%7Cx%20%7D%20%20%20%20%20%20%20%20%20%20%20%20%7CN2E*m7*%20%7CA7%20%7CD%20%7Cx%20%7CF%23*m7*%20%7Cx%20%7CB*m7*%20%7Cx%20%7CE*m7*%20%7CA7%20%7C%7C
8a86b081-8686-457b-9c24-4720fb6ec5cf,irealbook://Deck%20The%20Halls%3DTraditional%3DEven%208ths%3DF%3Dn%3D%5B*AT44F%20%20%20%7CD-%20%20%20%7CC7%20%20%20%7CF%20%20%20%7CF%20%20%20%7CD-%20%20%20%7CC7%20%20%20%7CF%20%20%20%5D%5B*BC7%20%20%20%7CF%20%20%20%7CD-%20G7%20%7CsC%2CsG7%2ClC%2Cp%5D%5B*AF%20%20%20%7CD-%20%20%20%7CC7%20%20%20%7CF%20%20%20Z
8adfc85b-4857-4cb2-b562-ef87845aee97,irealbook://Hasta%20Siempre%3DPuebla%20Carlos%3DCuban%3DE-%3Dn%3D%7B%3CIntro%3EE-%20%20%20%7CD%20%20%20%7CC%20%20%20%7CB7%20%20%20%7D%5B%3CCouplet%20AD%20LIB%3EE-%20A-%20%7CB%20%20%20%7CE-%20A-%20%7CB%20%20%20%7CE-%20A-%20%7CB%20%20%20%7CE-%20A-%20%7CB%20%20%20%7CE-%20A-%20%7CB%20%20%20%7CE-%20A-%20%7CB%20%20%20%7CE-%20A-%20%7CB%20%20%20%7CE-%20A-%20%7CB%20%20%20%5D%5B%3CRefrain%3EE-%20%20%28A7%29%20%7CD%20%20%28G7%29%20%7CC%20%20%28F%237%29%20%7CB7%20%20%20%5D
8af1e4c9-8503-4a29-bbc9-46516fd30bb6,irealbook://Sing%20Me%20A%20Song%20Hawaiian%20Paradise%3DComposer%20Unknown%3DMedium%20Swing%3DE%3Dn%3D%5B*AT44B7%20%20%20%7CB7%20%20%20%7CE%20%20%20%7CE%20%20%20%7CB7%20%20%20%7CB7%20%20%20%7CE%20%20%20%7CE%20%20%20%7C%7CB7%20%20%20%7CA%20%20%20%7CE%20%20%20%7CF%237%20%20%20%7CB7%20%20%20%7CB7%20%20%20%7CE%20%20%20%7CN1E%20%20%20%7D%7CN2C7%20%20%20%5D%7BF%20%20%20%7CF%20F%23o%20%7CC7%20%20%20%7CC7%20%20%20%7CC7%20%20%20%7CC7%20%20%20%7CF6%20F%23o%20%7CC7%20%20%20%7CF%20%20%20%7CF6%20F%23o%20%7CC7%20%20%20%7CC7%2C%20%20%20%7CC7%20%20%20%7CG9%20F%23%20%7CF%20Bb-6%20%7CF%20%20%20%7D
8a492342-622c-4c01-a431-37e82276a588,irealbook://Bring%20It%20On%20Home%20To%20Me%3DCooke%20Sam%3DEven%208th's%3DC%3Dn%3D%5B*iT68C%20%20%20%7CG7%20%20%20%7CF%20%20%20%7CG%20%20%20%7CC%20%20%20%7CF%20%20%20%7CC%20%20%20%7CG7%20%20%20%5D%7B*AC%20%20%20%7C%20x%20%20%7CG%20%20%20%7CG7%20%20%20%7CC%20%20%20%7CC7%20%20%20%7CF%20%20%20%7CD-/F%2C%20F%20%7C%7CC%20%20%20%7CG7%20%20%20%7CF%20%20%20%7CG%20%20%20%7CC%20%20%20%7CF%20%20%20%7CC%20%20%20%7CG7%20%20%20%7D%20
8a723a71-4443-4074-a14b-3f0f4e6fbc39,irealbook://Cissy%20Strut%3DMeters%20The%3DPop%3DC-%3Dn%3D%7B*AT44%3CRiff%3EC9%20%20%20%7CC9%20%20%20%7CC9%20%20%20%7CC9%20%20%20%7DYY%7B*B%3CRiff%202%3EC9%20%20%20%7CC9%20%20%20%7CC9%20%20%20%7CC9%20%20%20%7D%20
8aade858-bf76-426e-954a-e681de591cfe,irealbook://Coconut%20Grove%3DComposer%20Unknown%3DMedium%20Swing%3DF%3Dn%3D%7B*AT44F%20%20%20%7CF7%20%20%20%7CBb%20Bb-%20%7CF%20F6%20%7CC7%20%20%20%7CC7%20%20%20%7CN1F%20C%2B%2C%20%7CF%20%20%20%7D%20%20%20%20%20%20%20%20%7CN2F%20C7%20%7CF%20F7%20%5D%5B*BBb%20Bb-%20%7CF%20F7%20%7CBb%20Bb-%20%7CF%20F7%20%7CBb%20Bb-%20%7CF%20D7%20%7CG7%20%20%20%7CC7%20%20%20%5D%5B*AF%20%20%20%7CF7%20%20%20%7CBb%20Bb-%20%7CF%20F6%20%7CC7%20%20%20%7CC7%20%20%20%7CF%20C7%20%7CF%20%20%20Z%20
8a04a800-d884-46aa-abc2-187318650770,irealbook://Cold%20Duck%20Time%20Live%3DHarris%20Eddie%3DGig-Even%208th's%3DF%3Dn%3D%7B*iT44F7%20%20%3C7x%3E%20%7DC7%239%2Cn%20%20%7B*AF7%20%20%20%7CBb7%20%20%20%7CF7%20%20%20%7CBb7%20%20%20%7CF7%20%20%20%7CBb7%20%20%20%7CF7%20%20%20%7CBb7%20%20%20%7CDb7%20%20%20%7CEb7%20%20%20%7CF7%2Cn%20%20%7C%20n%20%3C10x%3E%20%7D%7BDb7%20%20%20%7CEb7%20%20%20%7CF7%2Cn%20%20%7C%20n%20%3C5x%3E%20%7D%7CDb7%20%20%20%7CEb7%20%20%20%7CUF%2C%20%20%20Z%20
8ab684fb-52cd-445f-bce6-74567280f04d,irealbook://Essa%20Mulher%3DJoyce%20%3DBallad%3DC%3Dn%3D%5BT44F%5E7%235%20%20%20%7CB-7b5%20E7b9%20%7CA-%5E7%20%20%20%7CA-7%20%20%20%7CC7sus%20%20%20%7CC9%20%20%20%7CF%5E7%235%20%20%20%7CF6%20%20%20%7CB-7b5%20%20%20%7CE7%239%20%20%20%7CA%5E9%20%20%20%7CA69%20%20%20%7CG%23-11%20%20%20%7CC%239%20%20%20%7CF%23%5E7%235%20%20%20%7CC%23-11%20F%2313%20%7C%7CB-11%20%20%20%7CE7sus%20E9%20%7CA%5E9%20%20%20%7CA69%20%20%20%7CG%23-11%20%20%20%7CC%237%239%20%20%20%7CF%23%5E7%235%20%20%20%7CC%23-11%20F%2313%20Z%20
8aefc2ce-2399-4253-8c14-eda92b007c9d,irealbook://Harlem%20Nocturne%20HerbG%20Vers%3DHagen%20Earle%3DSlow%20Rock%3DA-%3Dn%3D%7C*iT44sn%20Fo/E%2CDh/E%2C%7B*AlD9%2311/A%20A-6%20%7C%20x%20%20%7CD-6%20%20%20%7C%20x%20%20%7CG9%2311/D%2C%20D-6%20%7CBh%2C%20E7%235%2C%20%7CA-6%20%20%20%7CN1A-6%20sFo/E%2CDh/E%2C%7DN2lA-6%20G13%20%7B%2C*B%2CC13%20G-7%20%7C%20x%20%20%7C%20x%20%20%7CC9%20%20%20%7CF13%20C-7%20%7C%20x%20%20%7CsC9%2CBb9%2CAb9%2CGb9%2C%7CE9%2CD9%2CC9%2CE7/B%2C%7DlA-6%20%20%20%7ClA-6%20sFo/E%2CDh/E%2C%7C%5B%2C*C%2ClD9%2311/A%20A-6%20%7C%20x%20%20%7CD-6%20%20%20%7C%20x%20%20%7CG9%2311/D%20D-6%20%7CBh%20E7%235%20%7CA-6%20%20%20%7CA-6%20sFo/E%2CDh/E%2C%5D%5BfD9%2311/A%2CU%20%20%20%5D%20
8a503b16-badd-4d6e-985a-75cd92bac87c,irealbook://Ironic%3DMorissette%20Alanis%3DPop%3DG%3Dn%3DYY%5B*iT44%3CGuitar%20Intro%3EC%3C*68CAPO%204%3E%20%20%20%7CD%20%20%20%7CC%20%20%20%7CC%2CD%2CG%20%5DYY%7B*AD/F%23%20%20%20G%2C%20%20%20%7CD/F%23%20%20%20E-%20%3C*68X5%3E%20%20%7DYY%7B*BD/F%23%20G%20%7CD/F%23%20%3C*74%20%20X3%3EE-%20%7D%7CF%20C%20%7CD/F%23%20%20%20%5D%20%20%20%20%20%20%20%20%20%20%20%20%20%20%20%20%7B*CC%20%20%20%7CD%20%3C*74%20%20%20X3%3E%20%20%7DC%20%20%20%7CC%2CD%2CG%20Z%3CFill%20out%20chorus%20with%20Saw....%20Verses%20with%20E.Piano%3E%20
8aec99b1-1728-46ad-9b37-260668506002,irealbook://Kansas%20City%20Kitty%3DDonaldson-Leslie%3DMedium%20Swing%3DG%3Dn%3D%5B*AT44G%20%20%20%7CBbo%20%20%20%7CG%20%20%20%7CE7%20%20%20%7CA%20%20%20%7CD7%20%20%20%7CG%20E7%20%7CA%20D7%20%7CG%20%20%20%7CBbo%20%20%20%7CG%20%20%20%7CE7%20%20%20%7CA%20%20%20%7CD%20%20%20%7CG%20%20%20%7CG6%20%20%20%7CY%7C*BB%20%20%20%7CB%20%20%20%7CE%20%20%20%7CE%20%20%20%7CA%20%20%20%7CA%20%20%20%7CD%20Db%20%7CD7%20%20%20%7CG%20%20%20%7CBbo%20%20%20%7CG%20%20%20%7CE7%20%20%20%7CA%20%20%20%7CD%20%20%20%7CG6%20Ab%20%7CG%20%20%20Z%20
8ad3628d-f3e0-4012-b07f-5018857304f0,irealbook://Mack%20The%20Knife%20%28Bb%20to%20Eb%29%3DWeill%20Kurt%3DMedium%20Up%20Swing%3DBb%3Dn%3D%5B*iT44Bb6%20%20%20%7C%20x%20%20%7C%20x%20%20%7C%20%3C%20%20%22Oh%2C%20the%22%3Ex%20%20%5DY%5B*vBb6%20%7Cx%20%7CC-7%20%7Cx%20%7CF7%20%7Cx%20%7CBb6%20%7Cx%20%7CD-7%20%7CDbo%20%7CC-7%20%7Cx%20%7CC-7%20%7CF7%20%7CBb6%2C%20%7Cx%20%5DY%5B*ABb6%20%7Cx%20%7CC-7%20%7Cx%20%7CF7%20%7Cx%20%7CBb6%20%7Cx%20%7CD-7%20%7CDbo%20%7CC-7%20%7CxQ%20%7CC-7%20%7CF7%20%7CBb6%2C%20%7CF%237%20ZY%7CQC-7%20%20%20%7C%20x%20%20%7C%20x%20%20%7CF7%2C%3C%20%20%22back%20in%22%3En%20%20%7CBb6%20%20%20%7CEb7%20%20%20%7C%20%20%20r%7C%20%20%20%20%7CBb6%20%20%20%7CEb7%20%20%20%7CT54%3C%22Look%20out%20old%E2%80%A6%22%3EBb6%2Cn%20%20%20%7CfBb9b5%2CU%20%20%5D%20
8a695377-9914-4eda-99e4-742274355b3c,irealbook://Meeting%20%28Head%29%2C%20The%3DNelson%20Oliver%3DUptempo%20Jazz%20Waltz%3DF%3Dn%3D%5B*iT64C7%20%20%20%7B*AF%5E%20Bb%5E%20%7CF%5E%20%20%20%7CF%5E%20Bb%5E%20%7CF%5E%20%20%20%7CC%5E%20F%5E%20%7CC%5E%20%20%20%7CC%5E%20F%5E%20%7CC%5E%20%20%20%5DF%5E%20Bb%5E%20%7CF%5E%20%20%20%7CF%5E%20Bb%5E%20%7CF%5E%20%20%20%7CF%5E%20D7%20%7CG7%20C7%20%7CF%5E%20Bb%5E%20%7CN1F%5E%20%20%20%5DC7%20%20%20%7C%20x%20%20%7CF%5E%20Bb%5E%20%7C%7CF%5E%20A7%20%7CD-%20C7%20%7CG-%20G7%20%7CC7%20%20%20%7CC7%20%20%20%7D%20%20%20%20%20%20%20%20%20%20%20%20N2C7%20%3CTo%20solos%3E%20%20%5D%20
8aaf8896-6088-4aa0-9e93-126f974136b0,irealbook://Black%20Magic%20Woman%20harmo%20Bb%3DSantana%3DMedium%20Swing%3DD-%3Dn%3D%5B*AT44D-%20%20%20%7Cx%20%20%20%7CA-%20%20%20%7Cx%20%20%20%7CD-%20%20%20%7Cx%20%20%20%7CG-%20%20%20%7Cx%20%20%20%5D%5B*BD-%20%20%20%7CA-%20%20%20%7CD-%20%20%20%7Cx%20%20%20%7C
8af8b786-41f3-417c-9c65-e007b3f94bd9,irealbook://Nowhere%20Man%20%28Edit%29%3DLennon-McCartney%3DPop%3DE%3D44%3D%5B*AE%20%20%20%7CB%20%20%20%7CA%20%20%20%7CE%20%20%20%7CA%20%20%20%7CA-%20%20%20%7CE%20%20%20%7C%20x%20%20%5DY%5B*BG%23-%20%20%20%7CA%20%20%20%7CG%23-%20%20%20%7CA%20%20%20%7CG%23-%20%20%20%7CF%23-%20%20%20%7C%20x%20%20%7CB%20%20%20%5DYY%5BQE%20%20%20%7CB%20%20%20%7CA%20%20%20%7CE%20%20%20%7C%7BA%20%20%20%7CA-%20%20%20%7CE%20%20%20%7C%3Crepeat%20to%20fade%3E%20x%20%20%7D%20%3CA%20A%20A%20B%20then%3E%20%20%20%20%20%20%20%20%20%20%20%20%20%20%20%20%3CA%20A%20B%20then%3E%20%20%20%20%20%20%20%20%20%20%20%20%20%20%20%20%3CA%20B%20then%20Coda%3E%20
8a38f24a-607b-4561-886c-85a0b9bc6696,irealbook://Play%20That%20Funky%20Music%3DCherry%20Wild%3DPop%3DE-%3Dn%3DYY%5B*iT44%3C003%20E%20piano%3EE-%20%20%20%7CE-%20%20%20%7CE-%20%20%20%7CE-%20%20%20%5DY%7B*AE-%20%20%20%7CE-%20%20%20%7CE-%20%20%20%7CE-%20%20%20%7DY%5B*BG-%20%20%20%7CG-%20%20%20%7CG-%20%20%20%7CG-%20%20%20%7CG-%20%20%20%7CG-%20%20%20%7CBb%20%20%20%7C%3CRiff%3EE%20%20%20%5D%20%20%20%20%20%20%20%20%20%20%20%20%20%20%20%20%3CSTART%20-%20GUITAR%20RIFF%3E%20%20%20%20%20%20%20%20%20%20%20%20%20%20%20%20%3CEND%20ON%20RIFF%2C%20FINISH%20BIG%3E%20
8aa54d1b-35a0-4362-89e6-d280d45d4ac7,irealbook://Spotted%20Pony=Traditional=Fiddle%20Tune=D=n=%7b%2aAT22D%20%20%20%7cA%20G%20%7cD%20%20%20%7cD%20A%20%7cD%20%20%20%7cA%20G%20%7cD%20%20%20%7cA%20D%20%7dY%7b%2aBD%20A%2c%20%7cD%20G%20%7cD%20%20%20%7cG%20A%20%7cD%20A%20%7cD%20G%20%7cD%20%20%20%7cA%20D%20%7d
8a851209-7a75-4b3d-8e8a-5312ed7bc598,irealbook://Slow%20Blues%20key%20G%3DLarrie%20Cook%3DMedium%20Swing%3DG%3Dn%3D%5BT44G%2C%20%20%20%7CC9%20%20%20%7CG%20%20%20%7CG7%20%20%20%7CC9%2C%20%20%20%7CC9%20%20%20%7CG%2C%20%20%20%7CG7%20%20%20%7CD9%2C%20%20%20%7CC9%20%20%20%7CG%20C9%20%7CG%20D9%20Z%20
8a745a0a-2858-45a7-83c8-f8ebd25bbd17,irealbook://Smooth%20Operator%3DSade%3DPop%3DD-%3Dn%3DY%7B*AT44D-%20A-%20%7CG-%20A-%20%7CD-%20A-%20%7CG-%20A-%20%7D%20%20%20%20%20%20%20%20%20%20%20%20%20%20%20%20%7B*BG-%20%20%20%7CA-%20%20%20%7CD-%20D-/C%23%20%7CD-/C%20D-/B%20%7D%7CG-%20%20%20%7CA-%20%20%20%7CD-%3COuttro%20on%20root%3E%20%20%20%7C%20%20%20%20%5D%3CE.Piano%20...%20gay%20bar%3E%20%20%20%20%20%20%20%20%20%20%20%20%20%20%20%20%3CCould%20play%20sax....%3F%3E%20
8ada8f4b-5572-4878-8e26-0434440c14ae,irealbook://Stormy%20Monday%3DAllman%20Bros%3DBlues%3DG%3Dn%3D%5B*iT12D9%20Eb9%20%7CD9%20D%2B%20%7B%2C*A%2CG13%20%20%20%7CC9%20%20%20%7CG13%20Ab7%20%7CG13%20G7%20%7CC9%20%20%20%7CC9%20%20%20%7CG6%20A-7%20%7CB-7%20Eb9%20%7CD9%20%20%20%7CC-7%20%20%20%7CG13%20C9%20%7CG13%20D%2B%20Z%20
8ab5b868-084d-4113-976c-fbf8fe24b560,irealbook://The%20Summer%20Knows%20nmn%3DLegrand%20Michel%3DBallad%3DAb%3Dn%3D%5BT44%3C%2A63%20%C2%B7%20%20%20%20%20%20%20%C2%B73%CC%A3%3EF%237%20%20%20%5B%3C%2A63%2071%CC%876%CC%A3_%20%20%C2%B73%3EF-6%20%20%20%7C%3C%2A63%2071%CC%872_%20%20%C2%B73%CC%A3%3EF-7%20%20%20%7C%3C%2A63%2071%CC%876%CC%A3_%20%20%C2%B73%3EF-/Eb%20%20%20%7C%3C%2A63%2071%CC%873_%20%20%C2%B76%CC%A3%3EDh%20%20%20%7C%3C%2A63%203%CC%8742_%20%20%C2%B76%CC%A3%3EBb-%20%20%20%7C%3C%2A63%203%CC%8745_%20%20%C2%B76%CC%A3%3EBb-7%20%20%20%7C%3C%2A63%203%CC%87426%CC%A3%20%203%CC%87426%CC%A3%3EBb-/Ab%20%20%20%7C%3C%2A63%201%CC%8727%CC%A3_%20%20%C2%B73%3EGh%2C%20C7%20%7C%3C%2A63%5Cm%5C%202%CC%8731_%20%20%C2%B75%CC%A3%3EF%20%20%20%7C%3C%2A63%202%CC%8734_%20%20%C2%B75%CC%A3%3EGh%20%20%20%7C%3C%2A63%202%CC%8731_%20%20%C2%B75%CC%A3%3EF%20%20%20%7C%3C%2A63%202%CC%8735_%20%20%C2%B71%3EC-%20Fsus%20%7C%3C%2A63%20564_%20%20%C2%B71%3EBb%20%20%20%7C%3C%2A63%20561%CC%87_%20%20%C2%B7%207%CC%A36%3EBh%2C%20E7%20%7C%3C%2A63/3/%2035%CC%A3%20%205%CC%B8%205%CC%874%3EA%20Bo%20%7C%3C%2A63%2035%CC%A3%20%20%20%20%204%CC%87%CC%B83%3EA%2C%20Eb7%20%7C%3C%2A63%5Ch%5C%2035%CC%A3%20%205%CC%B8%205%CC%874%3EAb%20Bbo%20%7C%3C%2A63%2035%CC%A3%20%20%20%20%204%CC%87%CC%B83%3EAb%2C%20D7%20%7C%3C%2A63%5Ch%5C%2043%20%2021%3EG%20A-/G%20%7C%3C%2A63%5C1%5C%205432%20%205%CC%A3%CC%B85%3EGh%20Gb7%20%5B%3C%2A63%202%CC%8731_%20%20%C2%B75%CC%A3%3EF%20%20%20%7C%3C%2A63%202%CC%8734_%20%20%C2%B71%3EGh%20%20%20%7C%3C%2A63%20453_%20%20%C2%B71%3EF%20%20%20%7C%3C%2A63%20455%CC%B8_%20%20%C2%B75%CC%A3%3EGh%20%20%20%7C%3C%2A63/m/%2071%CC%876%CC%A3_%20%20%C2%B73%3EF-%20%20%20%7C%3C%2A63%2071%CC%876%CC%A3_%20%20%C2%B76%3EGh%20%20%20%7C%3C%2A63%206%3EF-6%20Z%20
