id,url
9665df8c-8bbc-4a50-91cc-7cd2bb19e4a4,irealb://Don%27t%20Sit%20Under%20The%20Apple%20Tree=Sam%20H%20Stept%2C%20Lew%20Brown%2C%20Charlie%20Tobias%20%281942%29==Medium%20Swing=F==1r34LbKcu7R%20%20Qy%2A74VeyXQyXQyX96%2A%3C%2DGLZ7D%20%2DC%7CQyXF%3EesrQXyQX%3C44T%7B47%2A%3C%7B%203x%20%3E7CZLoC%20CZL%20lcKyQX7G%7D%207C%20%2DG%7CQyXXyQ%7CYtaepeL7C%20Fs%3EF%20%20C%7CQyX7%2DG%7CQyX7DLZ%20lcKQyXFl%7C%2C7Cs7XyQ%7CurohCF1NZLZ%7CF%20%20G%7CQyX7G%7CQyX7DZ%2DLC%20F%7CQyXFl%7C%2C7Cs%2D7%20C7L%20x%20Z%20FZL7FXyQ%7D%7CQyXbBZL7F%20FZL%2D7G%20F2NZL%20QyXQyXG%2D7%20CZLbB%20QyXFl%20A7LZ%20%20F%7CZL%2BC%207C%7CQy7XC%7CQyX7G%7CQyX7%2DDsC7%2C%7CFZL7C%7CF%20C%2DLZD7XyQ%7CG7XyQ%7CG%2D7%20C7LZFXyQKcl%20%20%5D%20=Jazz%2DMedium%20Swing=100=3
96cdab7a-74cd-407e-910d-1bbd47290a41,irealb://Molasses=Tradjazz%20ARR%3A%20%20B%2ESharp==Medium%20Swing=C==1r34LbKcu7%207%2DEZ%2A68ChQyX7AZL%20lcKQyXZDL%20lcKQyXD%3EsuroKcl%20L%3C44T%7BlcKQy%2CXyQ%5DyX7A%7CQyXDZL%20lcQKyXD%3EesreV07%2A%3C%5BQ%7CA7XDZL7AZL%20lcXyQ%7CDZL%20lcKQyXD%3EsurhoC26%2A%3C%7B%7D%20%3Ex5%3C%20%20DXyQK7AZL%20A7XyQKcl%20LZE%2D7%20A7LZD%2CUn%20%20%7D%20==0=0
962ceac5-2f52-4813-a8a8-67cd6b3612e3,irealb://%41%74%65%6E%6C%6F%73%20%44%75%72%20%44%69%65%20%4E%61%63%68%74%20%28%47%69%67%29=%48%65%6C%65%6E%65%20%46%69%73%63%68%65%72%20%28%47%65%72%6D%61%6E%20%53%6F%6E%67%29==%44%69%73%63%6F=%43==%31%72%33%34%4C%62%4B%63%75%37%3E%65%73%72%65%34%3C%2A%36%36%3C%41%2A%7D%20%78%5A%4C%2D%41%5A%4C%78%5A%43%4C%3E%D0%9F%D0%9F%D0%9F%D0%9F%20%6F%74%61%63%72%61%4D%20%2A%36%33%20%56%34%54%69%2A%7B%4C%78%5A%4C%43%5A%41%2D%4C%5A%4C%3E%32%20%20%33%20%20%36%30%2A%3C%47%3E%20%32%36%30%2A%3C%5A%4C%3E%33%20%32%31%2A%3C%78%5A%43%20%5B%53%4C%78%5A%4C%43%47%5A%4C%43%5A%78%3C%2A%31%32%59%5D%20%43%5A%4C%3E%32%20%20%33%20%20%32%2A%31%3C%47%3E%32%20%32%31%2A%3C%5A%4C%3E%33%20%5B%2A%42%46%4C%5A%4C%2D%41%5A%41%5A%4C%47%5A%5A%46%4C%5A%43%3E%69%66%6F%6C%20%73%75%72%6F%68%43%20%20%36%33%2A%3C%43%2A%5B%5D%20%51%6E%5A%4C%47%5A%4C%46%4C%5A%43%4C%4C%2D%41%5A%4C%4C%47%5A%4C%43%5A%43%4C%5A%3C%20%33%36%2A%3C%43%2A%5B%5D%20%2D%41%5A%4C%3E%47%70%75%20%67%6E%69%64%6C%69%75%42%30%36%2A%32%3E%46%4C%5A%4C%46%5A%4C%2D%2D%41%5A%4C%47%46%4C%5A%43%4C%46%3E%73%75%72%6F%68%63%20%72%65%74%66%41%35%20%36%2A%3C%44%2A%5B%5D%20%2D%41%5A%4C%47%5A%4C%5A%43%4C%5A%5A%4C%2D%41%5A%2E%44%20%37%32%43%4C%5A%47%4C%5A%4C%2D%41%3E%D0%9B%20%6F%74%61%63%72%61%6D%68%20%74%6E%79%53%33%36%2A%3C%5B%5D%20%2D%41%5A%78%20%5D%3C%2A%5A%4C%46%5A%4C%6F%73%20%64%6E%20%43%6F%64%61%6F%68%43%20%20%51%79%58%33%36%2A%3C%51%43%7B%2A%59%51%79%58%51%79%58%51%79%58%51%79%58%3E%72%75%73%20%61%6C%61%20%2E%53%64%6E%61%20%77%4C%5A%43%4C%5A%2A%3C%76%2A%7B%59%51%79%58%51%79%58%5D%20%41%2D%7D%20%3E%78%34%36%30%2A%3C%2D%41%5A%4C%47%36%33%20%4C%6F%46%3E%73%6F%6C%41%5A%4C%47%5A%64%69%6E%67%20%43%2A%7B%7D%20%2D%41%5A%4C%47%5A%4C%43%5A%3E%4C%D0%9B%D0%9B%39%30%2A%3C%46%3E%70%72%61%20%70%75%46%4C%5A%43%4C%6C%69%75%62%20%2D%3C%2A%30%36%34%78%3E%20%7D%5B%41%2D%4C%5A%66%3C%2A%30%36%20%41%72%70%65%67%67%69%6F%3E%46%5E%4C%5A%78%20%5A%20=%50%6F%70%2D%44%69%73%63%6F=%31%32%36=%31
9674a9dd-bc4e-4fa4-89d6-ec16619e1f4d,irealb://%57%69%6E%64%20%4F%66%20%43%68%61%6E%67%65%20%50%67%31%20%28%47%69%67%29=%53%63%6F%72%70%69%6F%6E%73==%50%6F%70%20%42%61%6C%6C%61%64=%43==%31%72%33%34%4C%62%4B%63%75%37%78%5A%4C%37%2D%34%3C%2A%36%32%37%36%38%30%2A%3C%5A%4C%78%5A%4C%3E%38%37%30%36%31%2A%3C%46%3E%65%6C%74%73%69%68%57%20%20%38%39%38%3E%44%32%54%69%2A%7B%20%36%36%2A%3C%78%4C%5A%44%2D%5D%20%78%5A%4C%43%5A%4C%47%5A%4C%2D%41%5A%2D%4C%44%5A%4C%78%5A%4C%2D%41%5A%4C%78%5A%4C%37%20%20%5B%2A%41%5A%4C%46%5A%4C%44%5A%4C%78%5A%3E%44%2D%4C%5A%5A%4C%2D%44%5A%4C%78%5A%4C%43%5A%4C%47%5A%2D%4C%41%5A%4C%2D%44%5A%4C%78%5A%4C%43%5A%4C%78%78%4C%5A%43%4C%65%73%72%65%56%47%5A%4C%2D%44%4C%5A%3C%2A%30%43%3E%73%75%72%6F%68%43%20%33%36%2A%3C%42%5B%2A%20%47%5B%7D%20%47%3E%74%6E%69%20%6C%41%33%4C%5A%47%4C%5A%2D%41%5A%4C%2D%43%3E%32%20%33%47%4C%5A%44%2D%7B%20%78%5A%4C%78%5A%4C%78%5A%4C%43%5A%4C%5A%78%4C%47%5A%4C%46%5A%4C%2D%41%5A%4C%47%5A%4C%2A%41%3C%2A%36%5A%4C%43%5A%4C%4C%43%3E%32%20%44%2D%4C%5A%78%2A%7B%20%78%5A%4C%47%32%4E%7D%20%47%31%4E%4C%5A%2D%41%5A%4C%2D%44%5A%4C%78%5A%4C%43%5A%4C%42%3C%2A%36%33%5A%4C%78%5A%4C%67%64%69%72%42%2D%4C%5A%47%4C%43%2A%7B%7D%20%78%5A%4C%47%5A%4C%46%5A%4C%41%2D%5A%4C%47%5A%4C%2D%44%5A%4C%47%5A%4C%43%5A%3C%2A%36%36%20%44%5A%4C%47%5A%53%20%33%36%2A%5A%78%4C%5A%47%78%5A%4C%78%5A%4C%78%5A%4C%37%45%5A%4C%78%4C%5A%2D%44%5A%4C%78%5A%4C%43%7B%7D%20%78%5A%4C%20%5B%2A%44%3C%4C%2D%41%3E%65%2E%2E%2E%73%65%4C%5A%47%4C%5A%6F%43%3C%5A%4C%47%5A%4C%46%5A%4C%78%5A%4C%41%2D%5A%4C%47%5A%4C%46%5A%4C%2D%41%5A%4C%2D%45%6E%74%69%6E%75%46%3E%6F%6C%6F%2E%2E%3E%45%2D%4C%5A%41%2D%20%7C%20=%50%6F%70%2D%52%6F%63%6B=%31%31%35=%31
9690a4ec-dde6-475f-8e49-b352bbc60f57,"irealb://%48%6F%77%20%59%61%20%47%6F%6E%6E%61%20%4B%65%65%70%20%27%45%6D%20%44%6F%77%6E%20%4F%6E%20%74%68%65%20%46%61%72%6D%20%20%5B%23%5D=%62%65%32%73%68%61%72%70%20%41%52%52%3A==%5A%7A%20%46%69%6E%64%20%61%20%53%74%79%6C%65%20%79%6F%75%20%70%72%65%66%65%72=%43==%31%72%33%34%4C%62%4B%63%75%37%20%65%68%74%20%79%51%58%79%51%20%2E%67%6E%6F%73%20%72%75%6F%79%20%72%6F%20%66%79%65%6B%20%65%68%74%20%74%73%75%6A%64%41%49%74%20%69%73%58%32%36%2A%3C%67%61%70%20%67%6E%6F%74%65%3E%75%6F%79%20%6E%6F%20%64%72%6F%68%63%20%74%61%73%6C%20%65%68%74%20%64%6E%61%34%33%2A%3C%20%72%20%73%6F%6E%20%74%73%61%6C%6C%20%65%68%74%51%58%79%51%58%20%73%69%20%6F%72%74%6E%69%20%65%68%54%20%51%20%79%58%30%36%2A%3C%51%79%58%51%79%58%51%79%6C%69%6B%65%20%79%58%3E%2E%65,%79%64%6F%6C%20%6D%65%61%73%68%74%20%79%61%6C%50%34%32%2A%3C%20%3E%2E%6E%67%6F%73%20%65%68%74%20%66%6F%20%73%65%72%75%61%74%20%6D%65%34%20%74%73%61%69%2A%5B%51%79%68%65%20%63%68%79%58%51%79%58%51%79%58%3E%2E%6E%65%74%73%6C%69%20%74%73%75%6A%20%72%6F%20,%73%64%72%6F%51%58%79%51%58%74%20%72%6F%20%37%47%3E%22%6F%37%34%20%20%54%20%65%68%74%20%65%72%61%20%73%65%72%75%73%65%61%6D%20%34%20%74%73%72%69%66%20%65%73%65%68%22%69%6E%74%72%2A%3C%34%32%54%20%43%5A%4C%43%37%58%79%51%7C%4C%37%47%5A%4C%37%47%5A%4C%37%47%5A%4C%43%4C%5A%43%41%2A%5B%5D%51%79%58%43%7C%51%79%58%43%5A%47%37%4C%5A%47%7C%51%79%58%5A%4C%37%47%5A%4C%5A%43%4C%5A%37%47%5A%4C%43%5A%4C%43%41%2A%5A%4C%47%5A%47%4C%5A%4C%37%44%5A%4C%37%44%5A%4C%47%5A%4C%47%4C%5A%47%37%4C%43%42%2A%5B%5D%4C%43%5A%4C%43%37%4C%5A%45%37%37%44%5A%4C%37%44%5A%4C%46%5A%4C%46%5A%4C%43%37%5A%4C%43%5A%4C%43%5A%4C%43%43%2A%5B%5D%20%20%5D%5B%2A%41%45%5A%4C%37%47%74%20%64%65%63%47%37%4C%5A%47%75%6F%79%20%65%76%61%48%20%51%79%58%36%32%3C%2A%5A%20%43%55%5A%4C%43%5A%4C%37%47%5A%4C%37%20%6E%6F%74%69%5A%4C%37%47%5A%36%2A%3C%42%2A%6F%73%74%20%73%51%79%58%51%79%58%51%79%58%51%79%58%51%79%3E%58%20%65%6B%69%6C%20,%73%6E%6F%69%74%63%65%20%20%2A%41%20%6D%20%74%61%68%51%79%58%3E%20%72%65%20%75%73%20)%73%65%72%75%73%61%65%6D(%20%73%72%62%61%20%36%31%20%72%6F%20%38%20%79%6C%6C%61%75%6C%6F%6E%67?%61%51%79%58%38%58%79%51%58%79%51%58%79%51%58%79%51%58%79%51%58%79%51%58%79%51%58%79%51%58%79%51%3C%62%23%3E%20=%50%6F%70%2D%52%6E%42=%31%32%32=%30"
96351607-79c3-4788-a457-fcfea12c421d,"irealb://%57%69%6C%64%77%6F%6F%64%20%46%6C%6F%77%65%72%20%5B%23%5D=%62%65%32%73%68%61%72%70%20%41%52%52%3A==%5A%7A%20%46%69%72%73%74,%20%53%65%74%20%41%6E%20%69%52%65%61%6C%20%53%74%79%6C%65%20=%41==%31%72%33%34%4C%62%4B%63%75%37%20%65%68%74%20%79%51%20%20%41%20%2E%74%72%61%68%63%20%73%69%68%74%20%72%66%6F%20%79%65%6B%20%65%68%74%20%74%73%75%6A%64%49%74%20%69%73%58%34%35%2A%3C%20%6E%6F%20)%6E%6F%74%65%3E%68%74(%20%64%72%6F%68%63%20%74%73%61%6C%65%20%68%74%20%72%6F%2F%64%6E%61%38%32%2A%3C%20%65%20%6B%65%79%20%74%73%61%6C%6F%72%74%6E%69%73%6F%6E%67%20%20%20%51%79%58%30%36%2A%3C%51%79%58%51%79%51%58%79%58%51%79%58%51%79%58%3E%2E%65%67%61%70%54%68%69%73%20%20%72%75%6F%79%79%61%6C%50%34%63%73%20%74%68%2E%67%6E%6F%73%20%65%68%74%20%66%6F%20%73%72%65%75%73%61%65%6D%20%34%20%74%73%61%6C%20%65%3E%20%3C%2A%33%69%6D%69%6D%20%58%51%79%58%51%64%79,%20%6F%3E%2E%6E%65%74%73%69%6C%20%74%73%75%6A%20%6F%72%20,%73%64%72%6F%68%63%20%65%68%74%20%72%58%79%51%58%79%6F%6C%65%6D%20%66%65%62%20%73%3C%2A%36%34%58%70%75%2D%6B%63%69%70%20%65%68%74%20%64%64%20%61%6F%74%20%65%72%75%73%20%65%42%20%20%51%79%20%6E%6F%74%65%51%79%58%51%79%73%73%61%72%67%68%65%20%69%6E%70%6F%50%20%3A%65%6C%79%74%53%20%64%65%74%65%73%67%67%75%53%36%33%2A%3C%20%3E%21%6F%72%74%2D%42%6C%75%65%74%20%65%72%6F%20%35%20%74%73%31%38%30%3E%58%73%65%68%54%20%20%32%37%2A%3C%34%34%54%69%5B%2A%51%79%58%51%79%58%51%79%58%51%79%58%51%79%65%20%66%69%72%20%6D%6D%20%2F%2A%5B%5D%20%41%72%65%73%20%61%79%58%37%45%5A%4C%20%6C%63%4B%51%79%58%41%3A%3E%22%6F%72%74%6E%69%22%20%65%68%74%20%65%72%51%7C%41%4C%5A%75%73%61%65%6D%68%70%20%72%61%20(%31%20%65%72%61%20%79%65%68%54%20%2E%65%6E%69%6C%20%65%72%70%20%65%72%75%73%61%65%6D%20%61%72%74%78%65%20%35%2D%62%36%36%2A%3C%41%41%5A%4C%41%7C)%2E%3E%41%58%5A%4C%20%6C%63%4B%51%79%58%41%5A%4C%41%5A%41%4C%7C%51%79%58%37%45%5A%4C%20%6C%63%4B%51%79%45%37%58%79%51%73%65%73%61%72%3C%5D%20%41%5A%41%58%79%51%4B%58%37%45%5A%4C%20%6C%63%4B%51%79%58%41%5A%41%4C%5A%4C%41%7C%51%79%58,%44%5A%4C%20%6C%63%79%51%7C%41%4C%42%2A%7C%5A%4C%65%20%6C%61%69%51%20%20%50%6C%61%20%64%64%61%20%6E%65%68%74%20,%67%6E%73%6F%20%65%72%69%74%6E%65%20%65%68%74%20%79%61%20%73%70%65%63%79%58%34%35%2A%74%69%77%20%64,%3E%20%3C%2A%20,%E2%80%9D%6F%72%74%75%6F%E2%80%9C%20%72%6F%20,%67%E2%80%9D%61%74%E2%80%9C%20%61%20%64%65%6C%6C%61%63%36%32%6D%61%72%6B%65%67%6E%69%64%6E%4C%41%7C%51%79%6F%64%61%20%73%20%6C%63%4B%51%79%58%41%51%5B%51%79%58%51%58%79%51%79%58%51%79%58%51%79%58%3E%2E%6E%67%69%4C%5A%45%37%58%63%20%61%20%68%74%20%66%6F%20%3C%2A%36%30%58%74%73%61%6C%20%65%68%74%20%73%65%6F%68%63%20%65%22%67%61%74%22%20%73%69%68%54%20%20%51%79%20%6C%69%6E%65%5A%20%41%55%5A%20%74%73%75%6A%6E%67%2E%3E%20%73%64%72%6F%68%63%20%65%68%74%20%72%6F%20%79,%64%6F%6C%65%6D%20%79%61%6C%50%34%33%2A%3C,%20%6F%72%20%6F%73%20%65%68%6C%69%73%74%65%6E%2E%3E%58%79%51%58%79%51%58%79%51%58%79%51%58%79%51%3C%62%23%3E%20=%50%6F%70%2D%42%6C%75%65%67%72%61%73%73=%31%38%30=%33"
96f66815-c41c-4eb5-93ae-03a4a7aaa692,irealb://%30%34%2E%20%48%54%46%20%43%68%61%70%74%65%72%20%31%43%68%72%6F%6D%61%74%69%63%20%43%68%6F%72%64%20%50%72%6F%67%72%65%73%73%69%6F%6E%20%77%69%74%68%20%52%61%6E%64%6F%6D%20%49%6E%76%65%72%73%69%6F%6E%73%20%45%78%65%72%2E%20%32=%4D%61%75%72%69%63%69%6F%20%4A%20%52%6F%64%72%69%67%75%65%7A==%57%61%6C%74%7A=%42%62==%31%72%33%34%4C%62%4B%63%75%37%58%45%7C%51%79%58%79%51%7C%42%58%23%46%7C%51%79%58%47%7C%51%79%58%62%41%51%7C%79%58%41%7C%51%79%58%62%42%7C%51%79%58%2C%79%51%7C%46%58%43%34%33%54%7B%79%51%7C%45%62%58%79%51%7C%44%58%79%51%7C%44%62%58%79%51%7C%43%58%79%51%7D%7C%43%20%20%5A%20==%30=%31
9661215b-a70d-4709-9695-5837d2a3e3ac,irealb://%54%65%20%44%6F%79%20%47%6C%6F%72%69%61%20%31=%2D==%50%6F%70=%43==%31%72%33%34%4C%62%4B%63%75%37%79%58%46%7C%51%34%43%58%79%51%79%58%2A%6D%2A%41%7C%51%79%58%2A%6D%2A%41%51%7C%79%58%47%7C%51%79%58%47%7C%51%79%58%43%7C%51%7C%46%58%79%34%54%41%2A%5B%51%79%58%46%7C%43%58%79%51%7C%51%79%58%2A%6D%2A%41%7C%51%79%58%2A%6D%2A%7C%41%51%79%58%47%7C%51%79%58%47%7C%51%79%58%43%7C%46%58%79%51%42%2A%5B%5D%51%5D%5B%2C%2A%43%2C%46%58%79%51%7C%47%58%79%51%7C%41%2A%6D%2A%58%79%51%7C%43%58%79%51%5A%20=%50%6F%70%2D%52%6F%63%6B=%31%31%35=%31
963a2e32-22fd-429b-a1e4-04d6152c2eed,irealb://%54%75%20%4D%69%6C%61%67%72%6F=%47%6F%6C%6C%75%73%63%69%6F%20%53%65%62%61%73%74%69%61%6E==%57%6F%72%73%68%69%70=%41==%31%72%33%34%4C%62%4B%63%75%37%5A%4C%41%5A%4C%38%46%23%2D%58%41%2F%44%5A%4C%2C%41%41%2A%7B%5D%20%45%7D%2C%20%45%7C%51%79%58%41%7C%51%79%58%44%7C%51%79%4C%5A%45%2F%41%36%54%69%2A%7B%73%75%73%45%5A%44%4C%5A%45%73%23%46%5A%4C%23%47%2F%45%5A%4C%41%5A%4C%44%4C%5A%2D%23%46%42%2A%5B%7D%20%2C%45%5A%4C%73%75%2D%4C%5A%44%4C%5A%4C%2D%23%46%2C%45%2C%2D%23%7B%2A%43%3C%2A%23%43%2F%41%2C%41%73%31%4E%5A%4C%41%2F%37%5A%45%4C%41%2F%44%5A%4C%41%3E%32%79%31%20%39%36%2C%7C%4E%32%46%5D%20%45%5A%4C%4C%23%47%2F%45%3C%58%79%51%58%44%5A%4C%2D%23%46%44%2A%5B%7D%20%2C%45%5A%45%4C%2F%41%3E%43%42%41%2E%6E%49%32%2F%31%51%79%4C%5A%41%4C%5A%5A%4C%44%6C%7C%41%6C%3E%33%20%5A%44%5E%2F%46%2A%5B%5D%2C%45%7C%2C%73%75%73%45%73%3E%33%2E%43%42%20%51%79%58%3C%5A%4C%45%2F%41%5A%4C%23%43%3C%2A%36%39%4C%2D%23%46%5A%37%2D%42%5A%4C%4C%5A%3C%2A%31%45%5A%4C%20%2C%45%2F%41%5A%4C%44%6C%7C%2C%2C%45%2D%23%46%73%5A%4C%20%3E%6D%75%72%64%20%35%2C%20%4C%5A%41%41%2F%44%5A%4C%4C%45%5A%4C%44%73%46%23%2D%2C%23%47%2F%45%73%5A%4C%2D%23%46%76%2A%5B%5D%20%20%45%5A%4C%20%45%2F%41%5A%4C%44%6C%7C%2C%45%2C%41%2C%7C%6C%5A%4C%44%5A%4C%70%6D%6F%63%20%4C%5A%44%4C%5A%5A%4C%41%66%5A%4C%45%5A%4C%73%75%73%45%5A%41%4C%5A%4C%44%5A%4C%2D%23%46%5A%4C%45%5A%4C%41%3C%2A%31%38%37%2D%23%46%51%5A%61%73%65%73%3E%58%79%51%20%5A%20=%4A%61%7A%7A%2D%4D%65%64%69%75%6D%20%53%77%69%6E%67=%31%30%30=%33
9647dc54-4e9d-4985-ac95-407bfde3d590,"irealb://%52%65%76%65%6C%61%63%69%C3%B3%6E=%4D%6F%6E%74%65%72%6F%20%44%61%6E%69%6C%6F==%42%61%6C%6C%61%64%20%45%76%65%6E=%42==%31%72%33%34%4C%62%4B%63%75%37%4C%23%47%2F%45%34%42,%2A%41%7C%51%79%58%42%42%2A%7B%7D%51%79%58%45%7C%79%51%58%41%7C%51%79%58%37%2D%23%46%7C%51%79%58%46%23%2D%37%20%34%54%69%2A%7B%23%44%2F%42%7C%7C%45%3C%2A%36%23%43%3E%6F%6C%6F%73%20%20%32%37%2A%3C%43%5B%2A%7D%20%51%20%20%3E%2E%74%6E%49%20%6F%54%36%2D%37%58%79%51%51%79%58%41%5A%20%39%36%2A%3C%37%58%79%51%7C%41%20%37%47%7C%51%79%58%23%47%2F%45%7C%51%58%79%23%43%2F%41%7C%51%79%58%42%7C%51%79%58%41%20%5D%7B%2A%44%47%7C%51%79%58%42%20%6F%54%20%74%61%6D%6F%73%36%2A%3C,%45%5A%4C%20%41%5A%4C%23%47%2F%20%45%20%37%2D%23%46%7C%51%79%58%42%3E%2E%2E%2E%39%20%20%78%32%6E%61%76%65%4C%43%20,%2D%23%7B%2A%76%42%58%2A%45%32%4E%7C%51%79%58%45%31%4E%5A%4C%20%5A%41%4C%23%47%2F%45%20%20%37%2D%23%46%7C%51%79%20%20%2A,%44%7D%51%79%58%3E%23%2D%20%45,%44%23%2D%20%43%23%2D%3C%2A%37%32%58%79%51%54%6F%20%42%3E%20%5D%20%20%5B%51%42%58%79%51%5A%20=%4A%61%7A%7A%2D%42%61%6C%6C%61%64%20%45%76%65%6E=%36%30=%33"
9688ce23-bf79-4cff-96bf-11d97454b235,irealb://%34%31%20%31%32%2D%42%61%72%20%52%6F%63%6B%20%28%52%6F%63%6B%29%20%47=%55%6E%6B%6E%6F%77%6E==%52%6F%63%6B=%47==%31%72%33%34%4C%62%4B%63%75%37%7C%51%79%58%37%58%79%51%4B%63%63%4B%51%79%58%47%5A%4C%20%6C%63%4B%51%79%43%58%5A%4C%20%78%20%5A%4C%20%78%20%5A%4C%20%6C%6C%20%4C%5A%44%47%34%34%54%7C%43%58%79%51%7C%47%58%79%51%4B%63%6C%20%3C%38%78%3E%20%7D%20=%50%6F%70%2D%52%6F%63%6B=%36%30=%31
966f4ab6-8cb9-428b-9309-54e5453b672f,"irealb://%44%45%52%53%20%4F%4C%53%55%4E=%41%6B%61%6C%C4%B1%6E%20%44%65%6D%65%74==%50%6F%70=%45%2D==%31%72%33%34%4C%62%4B%63%75%37%3E%C4%9F%70%72%61%34%3C%2A%36%36%67%20+%20%69%64%6F%6C%65%6D%20%6C%61%76%4B%61%20%20%51%79%58%51%79%58%51%79%58%51%79%58%69%74%61%72%20%34%54%69%2A%5B%72%6F%68%63%72%4C%5A%78%4C%5A%6E%61%65%6C%43%20%20%39%36%2A%3C%41%2A%7B%4C%5A%78%5A%4C%78%5A%4C%78%5A%4C%2D%42%5A%4C%78%20%70%6F%77%65%78%5A%4C%43%73%2D%42%5A%4C%78%6B%3E%42%2D%4C%78%5A%4C%43%42%2A%7B%7D%20%78%5A%4C%2D%42%4C%5A%78%5A%4C%43%5A%4C%78%5A%4C%78%5A%4C%78%5A%4C%5A%78%4C%5A%C4%B1%6C%38%20%64%6F%6B%41%39%33%4E%31%42%2D,%4C%20%51%79%58%51%79%58%51%79%58%51%79%58%2D%7C%41,%2D%42%32%4E%7C%7D%20%2D%41%7C,%43%5A%2A%42%3C%2A%5A%4C%78%5A%4C%72%47%20%51%79%62%20%6D%65%6C%41%2A%5A%4C%51%79%58%51%79%58%51%79%58%51%58%79%51%79%58%3E%65%63%65%64%61%73%20%69%64%6F%3C%2A%36%39%58%20%72%61%6C%72%6B%41%20%51%79%64%69%6B%6B%61,%42%2A,%5A%4C%20%5A%4C%20%5A%4C%20%5A%20%4C%5A%4C%20%5A%4C%20,%5A%4C%51%79%58%3E%74%3C%2A%36%39%58%20%65%76%6F%6F%5A%4C%20,%42%20%66%61%72%6B%5A%4C%20%5A%4C%20%5A%4C%20%5A%4C%20%5A%4C%5A%20%4C%20%5A%4C%20%3E%6F%6E%61%69%70%20%C4%B1%6C%20%4C%5A,%2A%72%61%6C%72%6F%4C%20%5A%4C%20%5A%20%4C%5A%20%20%5A%4C%20%5A%4C%20%5A%4C%20%5A%4C%20%5A%20%4C%5A%4C%20%5A%4C%20%5A%4C%20%5A%4C%20%5A%4C%4C%5A%20%4C%5A%4C%20%5A%4C%20%20%5A%4C%20%5A%4C%5A%20%4C%5A%5A%4C%20%5A%4C%20%5A%4C%20%5A%4C%20%5A%4C%5A%20%4C%20%5A%4C%20%5A%4C%20%5A%4C%20%5A%4C%20%20%4C%5A%20%4C%20%5A%4C%20%5A%4C%5A%20%4C%5A%20%4C%5A%20%4C%5A%20%4C%5A%20%20%5A%20==%30=%30"
96057f17-0f52-415a-a7c9-e5b2f44dcebb,irealb://%54%41%53%54%41%4D%41%4D=%42%6F%6E%6F%6D%6F%20%43%61%6E==%4D%65%64%69%75%6D%20%53%77%69%6E%67=%42%2D==%31%72%33%34%4C%62%4B%63%75%37%79%58%3E%C3%9C%C3%87%34%3C%2A%33%38%52%41%4C%49%4C%59%41%59%20%51%79%58%51%79%51%58%79%58%51%79%58%51%79%58%51%79%58%51%79%58%20%34%20%C3%96%4C%34%54%69%2A%5B%3E%65%64%69%6C%51%4C%5A%58%79%6B%69%6C%20%38%20%65%76%69%72%64%20%7A%61%20%20%34%37%2A%3C%41%2A%5A%4C%51%79%58%5A%4C%51%20%50%4D%20%73%79%58%5A%4C%51%42%2A%7B%5A%4C%5A%20%46%23%20%20%23%46%20%5A%4C%20%2D%42%20%5A%4C%20%2D%20%45%5A%4C%20%23%46%20%5A%4C%20%2D%42%20%5A%4C%4C%5A%20%78%20%4C%20%2D%42%20%20%78%20%5A%4C%20%76%75%72%67%3E)%65%76%69%72%64%2D%63%6E%69(%20%65%72%64%65%6C%20%34%20%65%76%20%32%20%72%61%6C%75%42%2D%20%45%2D%20%34%37%2A%3C%37%2A%3C%42%2A%46%23%4C%5A%42%41%2A%5A%4C%51%79%58%5A%4C%51%79%58%5A%4C%79%51%58%5A%4C%20%23%46%20%7C%7D%20%2D%45%20%2D%58%79%51%4C%5A%20%2D%42%5A%4C%4D%20%20%51%79%23%20%64%75%72%33%2A%3C%76%2A%5A%4C%51%79%58%5A%4C%51%79%5A%58%4C%51%79%58%3E)%20%6B%6F%79%20%75%C5%9F%75%32%58%79%51%58%66(%20%20%32%51%79%58%5A%4C%20%59%41%59%4C%51%79%58%5A%4C%51%79%58%3E%49%52%41%4C%52%4B%4F%41%20%54%41%52%41%4B%41%4E%20%52%41%4C%49%4C%5A%58%79%51%C4%B0%44%4F%4C%45%20%7A%69%74%20%32%20%20%64%C3%BC%34%37%2A%3C%7B%5A%4C%51%79%58%5A%4C%51%79%5A%58%4C%20%78%20%5A%4C%20%23%46%20%3E%C5%9F%C3%BC%C5%9F%31%2E%20%64%65%37%2A%3C%5A%4C%3E%65%76%69%72%6E%6F%20%6C%65%32%20%20%51%79%58%6C%65%73%6B%75%79%20%75%6C%63%6F%20%6E%6F%73%20%20%2E%76%6C%63%20%66%61%2E%64%65%20%64%20%66%66%69%72%2A%3C%42%2A%5A%5A%20%46%23%20%4C%51%79%58%5A%4C%51%79%58%7C%7D%20%20%23%20%46%5A%4C%20%2D%42%20%5A%4C%20%2D%45%20%5A%4C%5A%58%79%51%4C%4C%20%2D%42%20%5A%4C%51%79%58%32%78%20%66%23%5A%4C%51%79%58%5A%4C%51%79%58%3E%6C%61%6E%66%69%20%61%6C%C5%9F%75%72%75%64%20%69%6B%65%64%20%58%79%51%4C%5A%51%79%58%34%33%58%79%51%4C%5A%58%79%51%4C%5A%58%79%51%4C%5A%58%79%51%20%5A%20==%30=%30
96f364e4-df74-475e-988b-4fa5e506988f,irealb://%32%35%31%20%4D%65%6E%6F%72%20%65%6D%20%43%6D=%43%6F%6E%72%61%64%20%4D%2E==%4D%65%64%69%75%6D%20%53%77%69%6E%67=%43%2D==%31%72%33%34%4C%62%4B%63%75%37%43%7C%51%79%58%68%37%58%79%51%7C%51%79%58%37%68%44%5A%4C%20%6C%63%4B%51%58%79%39%36%2D%43%7C%51%79%58%74%6C%61%37%47%7C%47%37%61%6C%74%44%34%34%54%5B%2D%36%39%58%79%51%4B%63%6C%20%4C%5A%44%68%37%58%79%51%7C%47%37%61%6C%74%58%79%51%7C%43%2D%36%39%58%79%51%4B%63%6C%20%20%5A%20=%4A%61%7A%7A%2D%4D%65%64%69%75%6D%20%53%77%69%6E%67=%36%35=%33%30
9672b5a7-edc6-488c-8894-1056d3435407,irealb://%48%65%78%61%67%6F%6E%65=%52%65%6E%61%75%64==%43%6F%75%6E%74%72%79=%45%2D==%31%72%33%34%4C%62%4B%63%75%37%4C%20%78%20%5A%34%20%44%20%4C%4C%20%78%20%5A%4C%20%2D%45%20%41%2A%7B%7D%20%20%78%20%5A%4C%20%2D%45%20%5A%4C%20%78%20%5A%5A%20%78%20%4C%34%54%69%2A%7B%79%58%5D%20%20%5A%20%78%20%4C%7C%7D%20%3E%78%33%38%35%2A%3C%20%2D%45%20%4C%5A%20%44%20%5A%4C%20%78%20%5A%4C%20%78%20%5A%4E%33%20%45%2D%4C%20%44%20%5A%51%20%5B%2A%42%20%44%20%4C%5A%20%78%20%4C%5A%20%45%2D%20%4C%5A%20%78%20%4C%5A%20%44%20%4C%5A%20%78%20%4C%5A%20%45%2D%20%4C%5A%20%78%20%20%5A%20==%31%33%35=%30
96e4d467-6c9b-48a5-aa79-b67e2647e840,irealb://%42%69%6C%6C%20%43%68%65%61%74%75%6D=%54%72%61%64%69%74%69%6F%6E%61%6C==%42%6C%75%65%67%72%61%73%73=%41==%31%72%33%34%4C%62%4B%63%75%37%41%42%2A%7B%7D%34%41%58%79%51%51%79%58%44%5A%4C%20%6C%63%4B%51%79%58%41%4C%5A%20%6C%63%4B%51%79%58%44%5A%4C%20%6C%63%4B%7C%45%20%41%20%34%54%41%2A%7B%20%44%4C%5A%45%20%41%4C%5A%41%20%44%4C%5A%41%20%45%4C%5A%41%20%44%4C%5A%45%20%41%4C%5A%41%58%79%51%7C%45%20%41%20%7D%20=%50%6F%70%2D%42%6C%75%65%67%72%61%73%73=%32%32%30=%38
965c73fe-53a2-4ec9-b07e-68b68e58a48b,irealb://%41%75%74%75%6D%20%4C%65%61%76%65%73%20%28%47%69%67%29=%2E==%4D%65%64%69%75%6D%20%53%77%69%6E%67=%41%2D==%31%72%33%34%4C%62%4B%63%75%37%7C%51%79%58%37%34%44%2D%58%79%2D%41%7C%51%79%58%45%7C%51%79%58%2D%44%7C%79%51%58%46%7C%51%79%58%43%7C%51%79%58%47%7C%51%58%79%51%7C%41%34%54%41%2A%7B%79%58%2D%44%42%7C%47%58%79%51%63%4B%51%79%58%2D%41%7C%51%79%58%37%45%7C%79%51%58%2D%44%7C%51%79%58%46%7C%51%79%58%43%7C%6C%20%4C%5A%2A%51%79%58%2D%44%79%58%37%45%7C%79%51%7C%41%2D%7C%51%79%58%46%7C%51%79%58%43%7C%51%79%58%7C%47%51%79%58%2D%44%5A%4C%20%6C%63%4B%51%79%58%44%2D%58%79%51%58%37%45%7C%51%4E%51%7C%7D%20%41%2D%2F%47%23%79%58%2D%41%31%4E%7C%51%79%58%37%45%7C%51%58%79%2D%44%5A%4C%23%46%2F%44%20%47%2F%43%5A%4C%51%4B%63%6C%20%20%2D%41%7C%51%2D%41%66%7C%51%51%7C%44%58%79%51%79%58%2D%44%66%7C%51%79%58%44%7C%51%79%2D%58%41%7C%51%79%58%45%7C%51%79%58%2D%44%7C%51%7C%66%45%58%79%79%58%2D%41%32%58%79%51%5A%20==%30=%30
963c2258-6eb1-4738-84d6-d94434b93d2b,irealb://%48%61%63%65%20%43%61%6C%6F%72%20%28%47%69%67%29=%52%6F%64%72%69%67%75%65%7A%20%4C%6F%73==%52%6F%63%6B=%47==%31%72%33%34%4C%62%4B%63%75%37%5A%4C%47%5A%4C%34%47%28%47%2A%4C%37%43%5A%4C%78%5A%4C%78%5A%4C%78%3E%6F%74%72%6E%49%30%37%2A%3C%5A%4C%29%2A%31%31%62%36%5A%44%2F%46%23%34%54%69%2A%7B%29%73%73%61%72%2A%41%3C%2A%36%20%6E%61%67%72%6F%20%68%74%69%77%20%65%6D%74%69%20%64%6E%32%28%20%73%6F%73%72%65%56%20%34%61%6E%64%20%62%5B%59%5D%20%78%4C%46%5A%4C%78%4C%5A%46%4C%5A%2C%33%33%20%36%30%2A%3C%5A%4C%47%6C%7C%2C%2C%44%47%73%5A%4C%44%5A%4C%78%5A%4C%43%5A%4C%78%62%33%2C%32%3E%78%5A%4C%47%3E%5A%4C%78%3E%32%4C%5A%78%4C%5A%33%20%36%30%2A%3C%5A%4C%47%6C%7C%2C%44%2C%73%47%3E%35%2C%35%2C%35%2C%36%30%2A%3C%5A%4C%44%33%2C%62%33%2C%43%5A%4C%78%5A%5A%4C%3E%35%2C%5A%43%4C%5A%78%3C%47%6C%69%2A%5B%59%7D%2C%37%44%2C%44%73%35%3E%2C%35%2C%35%2C%30%31%2A%3C%5A%4C%44%5A%4C%2A%30%38%2C%35%4C%78%5A%4C%46%42%2A%7B%5A%4C%31%2C%62%33%2C%4C%23%46%2F%44%5A%4C%37%43%5A%4C%78%5A%4C%35%3E%2C%35%2C%20%20%38%30%2A%3C%78%5A%4C%3E%33%5A%47%4C%5A%78%38%30%2A%3C%78%3E%35%2C%35%2C%53%6F%6C%6F%73%3C%78%5A%4C%3E%33%2C%33%62%2C%31%38%30%2A%78%3C%5A%4C%3E%35%2C%35%2C%38%30%2A%3C%47%6C%3E%2A%30%38%20%20%20%34%36%2A%3C%43%5A%4C%78%5A%43%37%4C%5A%44%5A%4C%47%3E%73%6F%73%72%65%56%20%34%36%2A%41%3C%2A%5B%59%7D%20%78%5A%4C%47%5A%4C%23%46%2F%78%4C%5A%46%4C%5A%4C%78%5A%4C%2C%47%73%3E%35%44%4C%5A%73%47%36%30%2A%3C%5A%4C%44%5A%4C%78%5A%4C%43%5A%78%4C%5A%4C%46%5A%4C%78%5A%4C%47%6C%7C%2C%44%2C%2C%35%2C%35%2C%5A%4C%78%5A%4C%73%3E%35%2C%35%4C%5A%3C%2A%30%2A%3C%5A%4C%44%5A%4C%78%5A%4C%43%5A%4C%78%4C%5A%46%5A%4C%78%3E%32%2C%33%62%2C%33%33%20%36%30%38%2C%35%2C%47%6C%7C%2C%44%5A%4C%3E%35%2C%5D%7B%2A%69%6C%30%2A%3C%78%5A%4C%3E%33%2C%33%62%2C%31%38%2A%30%3C%78%5A%4C%3E%35%2C%35%2C%38%30%2A%3C%47%38%20%20%2C%35%2C%37%44%2C%44%78%4C%5A%43%37%4C%5A%44%2F%46%23%4C%5A%4E%31%47%4C%5A%78%20%7D%5B%4E%32%47%4C%5A%2C%55%2C%47%36%20%5A%20=%50%6F%70%2D%52%6F%63%6B=%31%33%36=%31
9695782c-f453-4d40-b542-122968b02aa9,irealb://%57%68%61%74%20%41%20%57%6F%6E%64%65%72%66%75%6C%20%57%6F%72%6C%64%20%28%47%69%67%29=%57%65%69%73%73%2D%54%68%69%65%6C%65==%42%61%6C%6C%61%64=%46==%31%72%33%34%4C%62%4B%63%75%37%4E%5A%4C%37%43%34%46%20%41%2D%47%7C%51%79%58%62%44%5A%4C%2D%44%20%37%41%4C%5A%46%20%37%2D%47%5A%4C%2D%41%20%62%42%5A%4C%2D%37%2F%43%20%34%54%41%2A%7B%2C%43%2F%2A%37%4C%5A%42%62%5E%7B%5D%51%79%58%46%5A%4C%62%42%20%46%32%4E%4C%5A%20%51%79%58%51%79%58%7D%20%2C%37%43%20%37%2A%42%47%2A%6D%2B%46%20%46%31%5A%4C%37%6F%23%37%2C%58%79%51%4C%2D%41%20%2D%44%5A%4C%2D%41%20%2D%44%7C%51%7D%79%58%43%2F%46%7C%51%79%58%43%2F%62%42%7C%5A%44%2D%20%46%43%7C%51%79%58%62%44%5A%4C%2D%46%23%6F%2C%47%4C%46%20%37%2D%47%5A%4C%2D%41%20%62%42%5A%2D%4C%41%20%46%6C%41%2A%5B%5D%2C%37%43%2C%37%2D%5A%41%37%20%44%2C%37%2D%47%73%5B%5D%20%2C%37%2D%37%2F%43%20%62%42%3E%61%64%6F%43%20%6C%61%20%2E%43%2E%3C%44%5A%4C%2C%2B%46%20%2C%46%5A%4C%51%2C%37%43%5E%37%2C%20%43%47%7C%51%79%58%51%46%20%41%68%37%4C%5A%44%37%58%79%51%7C%66%47%2D%37%58%79%51%7C%47%2D%37%2F%43%20%43%37%62%39%4C%5A%46%20%42%62%36%4C%5A%46%58%79%51%5A%20==%30=%30
9634296e-947b-493a-b800-3fa47f5df883,irealb://%59%6F%75%20%44%75%6F%20%53%68%61%6F%20%41%69%20%E6%9C%89%E5%A4%9A%E5%B0%91%E7%88%B1%20%28%47%69%67%29=%53%6F%6E%67%20%43%68%69%6E%65%73%65==%42%61%6C%6C%61%64=%47==%31%72%33%34%4C%62%4B%63%75%37%79%58%47%7C%51%34%41%2D%4C%5A%79%58%47%41%2A%7B%7C%51%79%58%37%44%5A%4C%20%44%2D%41%5A%4C%2D%45%5A%4C%2D%41%5A%4C%2D%45%51%7C%43%58%79%34%54%69%2A%5B%41%5A%4C%47%2C%79%51%7C%41%2D%2D%42%20%47%42%2A%7C%7D%51%79%58%37%44%5A%43%4C%20%2D%41%5A%4C%2D%45%20%2D%42%5A%4C%44%20%4C%5A%43%2C%44%58%2D%45%7C%51%6F%53%20%36%36%5A%41%2D%20%44%4C%37%44%20%47%7C%2C%44%2C%43%20%2D%41%5A%47%4C%2C%44%2C%43%5A%4C%2D%42%20%47%7C%5A%4C%37%5A%2A%43%3C%2A%4C%2D%45%20%2D%7B%5D%51%79%58%79%51%7C%45%2D%20%46%5A%4C%2D%42%20%43%5A%4C%2D%42%20%2D%7C%41%51%79%58%47%5A%4C%2D%45%20%46%7C%51%79%58%41%2D%4C%5A%44%58%46%3E%6F%6C%2A%7B%7D%51%79%51%7C%43%58%79%43%20%2D%41%5A%4C%2D%45%20%2D%42%5A%4C%44%2D%20%41%7C%51%79%58%2D%45%7C%51%79%58%47%7C%51%4C%5A%44%37%58%79%58%47%41%2A%44%2C%43%20%2D%4C%5A%43%2C%44%47%2C%44%2C%43%5A%4C%2D%42%20%47%7C%5A%4C%44%37%20%2D%41%5A%4C%2D%45%20%2D%41%5A%4C%47%2C%4C%5A%4E%31%41%2D%42%20%47%42%2C%7C%47%20%44%37%20%7D%7C%4E%32%41%2D%20%43%2C%44%2C%7C%2C%66%2C%47%58%79%51%7C%2C%66%2C%41%2D%20%2C%66%2C%43%2C%44%2C%7C%2C%66%2C%47%58%79%51%5A%20==%30=%30
9627b8d9-379c-4dfa-b998-e121112e1b76,"irealb://%4C%61%20%6A%61%76%61%6E%61%69%73%65=(%70%69%61%6E%6F%20%2D%20%42%70%6D%20%31%34%38%20%2D%20%78%33)==%42%61%6C%6C%61%64%20%4D%65%6C%6F%64%69%63=%47==%31%72%33%34%4C%62%4B%63%75%37%79%58%36%47%7C%34%47%36%58%79%7C%51%79%58%37%2D%41%7C%51%79%58%37%44%7C%79%51%58%37%2D%41%7C%51%79%58,%37%2D%45%7C%51%44%37%58%79%51%33%54%41%2A%5B%79%58%37%2D%45%4C%5A%44%2D%37%42%7C%51%79%58%36%2D%41%5A%4C%20%6C%63%4B%79%51%58%36%43%7C%51%79%58,%37%47%7C%51%79%58%37%58%79%51%7C%20%6C%63%4B%51%44%7C%51%79%58%4C%5A%43%36%58%6C%63%4B%51%79%58%37%41%7C%51%79%58%37%45%51%7C%79%58%36%47%7C%51%79%58%37%6F%47%7C%51%79%20%4C%5A%44%37%20%6C%63%4B%51%7C%51%79%58%37%51%20%5D%5B%51%79%58%37%62%45%7C%51%79%58%37%2D%62%42%7C%79%51%58,%37%2D%46%7C%51%79%58%36%62%41%42%2A%51%7C%42%62%2D%20%20%35%23%37%36%2D%62%42%5A%51%7C%41%62%36%51%79%58%36%62%44%7C%51%79%58,%62%41%7C%79%51%58%37%2D%62%45%5A%4C%20%6C%63%4B%51%79%58%4B%63%6C%20%4C%79%58%37%62%45%7C%51%79%58%37%37%58%79%51%7C%36%62%41%7C%51%79%58%37%6F%62%41%7C%51%79%36%58%62%44%5A%4C%20%6C%63%4B%51%79%58%37%2D%46%58%79%51%7C%46%43%7C%51%79%58%42%62%37%58%79%51%7C%45%62%37%58%79%51%7C%55%41%62%36,%58%79%51%7C%20%6E%20%20%5D%20=%4A%61%7A%7A%2D%42%61%6C%6C%61%64%20%4D%65%6C%6F%64%69%63=%31%34%31=%33"
967a7479-0321-4c8c-a714-191d26e17b52,"irealb://%50%6F%75%72%74%61%6E%74%20%2D%20%56%61%6E%65%73%73%61%20%50%61%72%61%64%69%73=(%67%75%69%74%61%72%65%20%45%6C%65%63%20%2D%20%42%70%6D%31%31%35%20%2D%20%78%35)==%52%6F%63%6B%20%50%6F%70=%47%2D==%31%72%33%34%4C%62%4B%63%75%37%2F%37%44,%2D%20%44%37%2F%46%7D%51%79%58%37%44%7C%51%79%58%62%45%2F%2D%5A%43%4C%45%2F%37%43%20%46%2F%37%2D%47%5A%4C%23%7B%2A%41%73%47%2D%47%69%2A%7B%5A%4C%37%44%5A%37,%43%37%2F,%47%2F%37%43,%37%2D%47%7C,%47%2F%37,%44%2D%47%5A%4C%37%44%5A%4C%37%2D%43%7C,%47%7C%43%2D%37%4C%2D%47%7C,%47%5A%4C%36%62%45%4C%5A%44%37%4C%79%58%7D%20,%37%62%41%5A%4C%37%41%6C%5A%37%4C%62%42%7C,%46%2F%37%2D%47,%37%2D%47%5A%51%4C%5A%4E%32%36%62%45%31%4E%44%37%20%7D%58%79%51%58%79%51%58%79%51%58%79%51%5B%55%51%47%2D%39%58%79%51%5A%20=%4A%61%7A%7A%2D%53%65%63%6F%6E%64%20%4C%69%6E%65=%31%31%35=%35"
96f96af0-8e90-4483-a541-85aa66c50958,irealb://%42%6F%6F%6B%20%6F%66%20%4C%6F%76%65%20%28%42%65%6C%6F%66%66%20%61%72%72%2E%29=%57%61%72%72%65%6E%20%44%61%76%69%73%2C%20%47%65%6F%72%67%65%20%4D%61%6C%6F%6E%65%2C%20%43%68%61%72%6C%65%73%20%50%61%74%72%69%63%6B==%42%72%69%67%68%74%6C%79=%46==%31%72%33%34%4C%62%4B%63%75%37%79%58%62%42%5A%34%46%3C%2A%36%42%5A%4C%70%5A%4C%3E%6D%70%62%30%36%31%20%75%74%6F%68%53%2D%73%65%75%6C%42%20%79%72%54%39%62%2C%6E%20%4C%34%54%69%2A%5B%58%37%2D%47%7C%70%20%5D%7B%2A%7C%51%79%58%46%7C%51%79%58%37%43%7C%51%79%37%58%2D%47%7C%51%79%58%2D%44%7C%51%79%58%46%41%44%2D%58%79%51%5A%4C%46%7C%51%58%46%7C%51%79%58%79%51%7C%46%58%62%42%42%2A%5B%7D%20%70%5A%4C%46%7C%51%58%79%62%42%5A%4C%20%6E%2C%62%42%5A%4C%70%5A%4C%79%51%7C%70%58%37%43%7C%51%79%51%79%58%37%2D%79%51%7C%42%62%2D%44%7C%51%79%58%46%41%2A%5B%5D%51%79%58%7C%70%51%79%58%37%43%7C%51%79%58%70%7C%51%79%58%58%79%51%7C%47%58%70%7C%51%79%7C%51%79%58%62%51%7C%46%58%79%2C%62%42%5A%4C%70%5A%4C%46%7C%51%79%58%37%7C%43%51%79%58%37%2D%47%7C%51%79%58%2D%44%7C%51%6E%20%4C%5A%42%79%58%37%43%7C%51%79%58%37%2D%5D%5B%2A%41%46%2D%44%7C%51%79%58%46%7C%51%79%58%37%43%7C%79%51%58%37%2D%47%7C%51%79%58%2D%44%7C%51%79%58%58%79%51%7C%47%20%70%5A%4C%46%7C%43%37%58%79%51%7C%46%4C%5A%70%4C%5A%42%62%2C%6E%20%4C%5A%42%62%58%79%51%7C%46%4C%5A%70%20%5A%20=%42%6C%75%65%73%2D%53%68%6F%75%74=%31%36%30=%31
96407acd-92e0-4e73-85f2-342592e6f2be,irealb://%54%77%69%6C%69%67%68%74%20%54%69%6D%65%20%28%42%65%6C%6F%66%66%20%61%72%72%2E%29=%42%75%63%6B%20%52%61%6D%2C%20%4D%6F%72%74%79%20%4E%65%76%69%6E%73%2C%20%41%6C%20%4E%65%76%69%6E%73==%56%65%72%79%20%53%6C%6F%77%6C%79=%44==%31%72%33%34%4C%62%4B%63%75%37%7C%51%79%58%37%34%3C%2A%36%33%20%44%5A%4C%2D%47%20%47%3E%6D%70%62%20%35%20%37%6F%4D%2D%6F%6C%53%2D%73%65%75%6C%42%20%20%42%37%4C%5A%45%34%54%69%2A%5B%37%45%31%4E%5A%5D%7B%2A%41%44%5A%4C%2D%47%20%47%7C%51%79%58%37%44%7C%51%58%79%37%2D%42%7C%51%79%58%37%23%46%7C%51%79%58%44%20%42%37%4C%51%79%58%37%41%2D%42%7C%51%79%37%58%79%51%7D%58%37%23%46%42%2A%5B%5D%51%79%58%44%5A%4C%41%37%20%37%45%32%4E%5A%4C%20%51%79%58%51%79%58%79%51%7C%70%58%41%7C%51%79%58%5A%4C%37%41%20%70%58%79%51%7C%4C%20%51%79%58%51%79%58%7D%51%79%58%70%7C%79%51%58%37%41%7C%51%79%58%70%7C%51%79%58%37%45%5A%4E%33%45%37%7C%51%79%58%37%44%58%79%51%5D%5B%51%45%37%20%41%37%4C%5A%44%58%79%51%5A%20=%42%6C%75%65%73%2D%53%6C%6F%2D%4D%6F=%37%35=%31
96b7fafc-1fae-426b-bcb2-d261e0185954,irealb://%57%61%74%65%72%6C%6F%6F%20%28%42%65%6C%6F%66%66%20%61%72%72%2E%29=%42%65%6E%6E%79%20%41%6E%64%65%72%73%73%6F%6E%2C%20%42%6A%6F%72%6E%20%55%6C%76%61%65%75%73%2C%20%53%74%69%67%20%41%6E%64%65%72%73%6F%6E==%4D%6F%64%65%72%61%74%65%20%42%65%61%74=%44==%31%72%33%34%4C%62%4B%63%75%37%5A%4C%2C%41%5A%34%3C%20%3E%44%4C%2C%37%45%5A%4C%2C%44%41%2A%7B%5D%51%79%70%58%7C%51%79%58%70%7C%51%79%58%70%7C%51%79%58%5A%41%20%47%4C%34%54%69%2A%5B%5A%4C%70%5A%4C%37%4C%5A%41%2C%5D%51%79%58%70%5A%4C%37%41%5A%4C%37%45%5A%70%4C%5A%4C%70%5A%4C%37%2D%42%5A%4C%41%7C%2C%47%5B%2A%42%44%2C%45%5A%4C%2C%44%79%58%41%5A%4C%5A%41%2C%4C%5A%4C%70%5A%4C%41%5A%4C%70%5A%4C%47%5A%4C%70%4C%5A%44%42%2A%5B%5D%20%41%5A%4C%2C%44%5A%4C%70%5A%44%4C%5A%70%4C%70%5A%4C%47%79%58%37%2D%42%51%7C%4E%31%44%79%58%70%7C%51%79%58%44%32%4E%5A%4C%20%51%58%79%51%79%58%7D%20%70%5A%4C%70%5A%4C%70%5A%4C%51%5D%5B%2A%43%79%58%70%7C%51%5A%4C%41%5A%4C%51%7C%45%37%58%4C%70%5A%4C%41%5A%4C%70%5A%4C%47%7C%51%79%70%58%7C%51%79%58%44%7C%51%79%58%37%41%7C%51%79%5A%44%4C%5A%70%79%58%70%7C%51%70%4C%5A%44%4C%5A%70%4C%5A%41%4C%5A%70%4C%5A%44%4C%5A%70%4C%5A%41%4C%5A%70%4C%5A%44%20%5A%20=%4A%61%7A%7A%2D%4D%65%64%69%75%6D%20%53%77%69%6E%67=%31%30%30=%31
96bd3f84-9221-4d46-a4d5-a61ef7171019,irealb://%57%68%65%6E%20%57%69%6C%6C%20%49%20%42%65%20%4C%6F%76%65%64%3F%20%28%42%65%6C%6F%66%66%20%61%72%72%2E%29=%45%76%65%72%6C%79%20%50%68%69%6C==%4D%6F%64%65%72%61%74%65%6C%79=%44==%31%72%33%34%4C%62%4B%63%75%37%44%7C%51%79%58%34%47%20%41%4C%70%7C%51%79%58%70%7C%51%79%58%44%41%2A%5B%20%5D%44%20%47%5A%4C%41%20%47%7C%51%79%58%44%5A%58%79%51%7C%70%34%54%69%2A%5B%41%20%47%7C%51%58%79%51%7C%70%41%20%47%7C%51%79%58%44%5A%4C%41%20%47%7C%79%51%58%44%42%2A%5B%5D%20%41%20%47%7C%51%79%58%4C%5A%44%58%79%70%7C%51%79%58%79%58%37%2D%42%51%7C%44%58%79%7C%51%79%58%47%7C%51%79%58%44%7C%51%79%58%7C%47%51%79%58%41%7C%51%79%58%47%43%2A%7B%5D%51%41%58%79%51%7C%79%58%44%5A%4C%20%41%20%47%7C%41%20%5D%5B%2A%4C%41%20%47%7C%51%79%58%44%5A%4C%41%20%47%51%7C%79%58%44%5A%4C%41%20%47%7C%51%79%58%44%42%5A%44%58%79%51%5A%4C%41%7C%51%7D%5B%2A%42%44%58%79%51%7C%47%20%41%4C%5A%44%58%79%51%7C%47%20%41%4C%5A%44%58%79%51%7C%47%20%41%4C%5A%47%20%44%20%5A%20=%4A%61%7A%7A%2D%47%75%69%74%61%72%20%54%72%69%6F=%31%32%35=%33
96169423-afe1-4f7f-a27a-3546102c0fd4,irealb://%4D%65%75%20%54%72%69%62%75%74%6F%20%50%61%67%69%6E%61%20%31=%2E==%4D%69%6E%69%73%74%C3%A9%72%69%6F%20%4C%69%76%72%65=%43==%31%72%33%34%4C%62%4B%63%75%37%45%7C%51%79%58%34%45%58%79%51%58%5E%45%7C%51%79%58%45%41%2A%5B%5D%51%79%36%58%45%7C%51%79%58%37%45%7C%51%79%58%5E%45%7C%79%51%7C%45%37%34%54%69%2A%5B%23%46%7C%51%79%46%23%2D%58%79%51%79%58%2D%62%41%7C%51%79%58%2D%41%66%7C%79%51%58%2D%23%46%7C%51%79%58%73%75%73%42%7C%51%7C%43%23%2D%58%7C%51%79%58%36%51%79%58%5E%41%42%73%75%73%20%41%5A%4C%62%41%2F%45%20%2D%23%46%7C%51%79%2D%58%23%43%7C%51%79%58%2D%62%41%5A%4C%41%2F%42%5E%58%79%51%7C%7C%51%79%58%2D%23%43%7C%51%79%52%45%46%52%C3%83%4C%41%2F%42%20%73%75%73%42%7C%51%79%58%2D%46%23%7C%51%79%58%2D%23%43%7C%51%79%58%45%3E%4F%5A%41%62%2D%58%36%36%2A%3C%5D%2D%62%41%5A%4C%46%23%2D%58%79%2D%41%7C%51%79%58%2D%23%46%7C%51%79%58%78%51%7C%79%58%5E%41%7C%51%79%58%73%75%73%42%7C%51%20%42%73%75%73%7C%51%79%58%2D%51%79%58%37%62%23%2D%58%79%51%5E%41%2C%66%2C%7C%51%79%58%5E%41%2C%51%2C%51%5B%79%58%73%75%73%42%7C%51%79%58%2D%23%46%7C%58%79%51%5B%41%43%7C%51%79%58%20%4F%C3%83%52%46%7C%43%23%2D%58%6C%6F%56%3C%7C%51%79%58%5E%41%7C%51%79%58%7C%78%51%79%58%2D%23%46%7C%51%79%58%78%7C%51%79%74%61%20%52%45%51%79%58%78%7C%65%20%70%75%6C%61%20%6F%20%4F%3E%42%73%75%73%58%79%51%5D%3C%2A%33%33%20%20%43%6F%6E%74%69%6E%75%61%2E%2E%2E%3E%20==%30=%30
969ede6c-8f16-4328-a1b3-4f5643d54b1d,irealb://%53%70%72%69%6E%67%20%49%73%20%48%65%72%65%2D%42%69%6C%6C%20%45%76%61%6E%73=%52%6F%64%67%65%72%73%20%52%69%63%68%61%72%64==%42%61%6C%6C%61%64=%41%62==%31%72%33%34%4C%62%4B%63%75%37%51%79%58%62%45%34%45%37%23%39%73%65%67%6E%61%68%43%20%73%6E%61%76%45%20%6C%6C%69%42%20%51%79%58%34%37%2A%3C%7C%51%79%58%3E%41%62%5E%2F%34%54%41%2A%5B%37%46%20%37%68%44%62%39%23%31%47%20%37%2D%62%44%5A%4C%33%31%62%41%20%37%62%2D%45%5A%4C%37%2D%46%20%37%2D%43%5A%4C%2C%31%62%39%4C%5A%43%20%39%68%44%7C%2D%62%45%2C%37%62%68%20%45%62%2D%46%7C%2C%37%2D%43%2C%5E%62%44%2C%37%2D%45%62%2C%37%5E%62%41%73%42%2A%5B%5D%20%39%62%37%39%2C%42%62%2D%42%5A%4C%39%62%36%2D%62%44%73%33%62%39%2C%7C%79%58%39%36%2D%46%5A%4C%74%6C%61%37%43%20%6C%74%61%37%47%5A%4C%39%23%37%44%20%5E%62%44%6C%51%7C%44%68%20%31%62%41%2C%37%7C%51%79%58%62%43%2C%7C%6C%42%7C%51%79%58%39%23%37%45%41%2A%5B%5D%20%33%62%31%45%20%31%31%2D%62%42%5A%4C%37%45%20%37%2D%41%62%5E%2F%45%2F%5E%62%41%2C%39%62%37%46%20%62%39%23%31%31%39%62%47%20%37%2D%62%44%5A%4C%33%31%62%41%37%20%2D%62%45%5A%4C%37%2D%46%20%37%2D%43%5A%4C%4C%5A%43%68%37%44%20%39%68%44%39%5E%62%41%2C%37%20%45%62%37%37%2D%43%7C%2C%5E%62%44%2C%37%2D%43%2C%37%62%2D%42%2C%37%5E%62%41%73%43%2A%5B%5D%20%39%62%2C%42%62%2D%37%68%62%42%5A%4C%20%37%2D%43%6C%23%31%31%2C%7C%2C%37%2D%23%43%2C%33%31%62%45%2C%73%75%73%31%33%62%45%73%5A%4C%39%45%20%73%75%73%39%45%6C%46%23%37%2C%7C%39%5E%62%47%2C%39%62%42%51%5B%4C%5A%42%62%39%20%62%45%2F%37%2D%62%42%7C%51%79%58%62%45%5E%2F%62%41%5A%4C%39%62%33%31%62%45%20%31%31%23%45%62%37%20%5A%51%2C%37%2D%46%62%45%2C%73%75%43%2D%37%20%41%20%39%62%42%5A%4C%2C%37%2D%46%20%37%2D%43%4C%5A%37%2D%62%44%20%37%68%44%5A%4C%62%45%2F%62%73%45%62%39%73%5A%4C%6F%42%20%31%33%2C%7C%6C%41%62%6F%37%58%79%51%7C%20%66%41%62%5E%20%55%20%5A%20=%4A%61%7A%7A%2D%42%61%6C%6C%61%64%20%53%77%69%6E%67=%38%30=%33
96733cf9-7b4f-4eec-ba37-d1f9dd1d5ea4,irealb://%53%75%6D%6D%65%72%74%69%6D%65%20%52%65%76%20%31=%47%65%72%73%68%77%69%6E%20%47%65%6F%72%67%65==%4C%61%74%69%6E=%41%2D==%31%72%33%34%4C%62%4B%63%75%37%79%58%5D%74%6C%37%2C%4C%5A%42%20%2C%37%2D%42%32%4E%7D%20%2C%41%2F%37%2D%31%42%4E%5A%4C%2C%37%2D%41%5A%4C%2C%41%2F%37%2D%73%6E%45%37%61%2D%41%69%2A%7B%41%2C%37%2D%45%53%54%34%34%6C%37%2D%46%73%7C%51%79%58%2C%37%2D%41%7C%51%58%79%2C%41%2F%37%2D%42%7C%51%79%58%2C%37%2D%41%2C%42%62%37%2C%41%2A%7B%20%51%58%2C%37%2D%41%2D%37%2C%20%20%2C%39%62%37%45%73%7C%51%79%58%2C%68%42%5A%2C%4C%37%46%20%2C%37%2D%43%6C%7C%2C%37%62%44%73%6E%20%4C%5A%6C%44%6C%7C%2C%37%20%2C%68%42%5A%37%2F%41%2C%58%2C%37%43%31%4E%5A%4C%2C%37%62%44%20%2C%37%62%2D%41%5A%4C%2C%37%44%20%2C%37%2D%41%7C%51%79%20%46%37%2C%4C%2D%42%7C%51%79%2C%74%6C%61%37%2C%4C%5A%41%2D%5A%4C%2C%37%46%20%2C%37%43%6C%32%4E%7C%7D%37%2C%45%6E%73%20%2C%37%2D%42%7C%51%79%58%2C%37%42%68%2C%20%45%74%6C%61%37%45%41%73%5A%4C%74%37%2C%58%79%51%2C%68%42%7C%51%79%58%2C%37%2D%41%6C%34%34%42%54%2A%7B%5D%2C%37%45%6E%73%20%2C%37%2D%42%7C%20%45%37%61%6C%2D%41%5A%4C%51%42%5A%4C%2C%37%2E%2A%2F%47%2C%43%6C%7C%2C%37%62%44%73%20%20%2C%37%2D%44%4C%5A%74%6C%61%37%41%20%68%45%6C%5A%4C%37%46%6C%2D%37%2C%20%46%2A%57%2C%37%2D%2C%37%2D%62%41%7C%45%37%61%6C%20%2C%37%2D%41%5A%4C%74%6C%61%37%45%20%2C%42%68%7C%51%79%58%2C%37%2D%41%7C%51%79%58%2C%74%44%37%2C%4C%5A%51%79%58%2C%68%2A%57%2C%68%23%4C%5A%43%37%2C%2C%47%2F%2A%2E%2A%57%2C%37%2D%41%73%5A%4C%74%2C%6C%61%37%45%20%2C%68%42%5A%4C%2C%37%46%20%3C%35%58%3E%46%2C%37%62%44%20%2D%41%73%51%7B%7C%3C%44%2E%53%2A%2E%2A%57%2C%74%6C%61%37%45%2C%46%2F%2A%2A%2E%57%2C%68%42%3E%61%64%6F%43%20%6C%61%20%2E%2F%47%23%2C%7D%2C%41%2F%2A%2E%79%58%2C%36%2D%37%4C%5A%73%41%2C%74%6C%61%37%45%20%2C%68%42%5A%4C%2C%37%20%46%2C%37%43%5A%4C%37%62%44%6C%6E%2C%37%2D%62%20%7D%7C%55%41%44%6C%6E%2C%37%51%5A%20=%4A%61%7A%7A%2D%4C%61%74%69%6E%2F%53%77%69%6E%67=%31%34%30=%31
96bb4e8b-90c1-4814-af3e-bf73abf73e3a,irealb://%54%6F%6E%65%73%20%46%6F%72%20%4A%6F%61%6E%27%73%20%42%6F%6E%65%73=%43%6F%72%65%61%20%43%68%69%63%6B==%4D%65%64%69%75%6D%20%53%77%69%6E%67=%44==%31%72%33%34%4C%62%4B%63%75%37%78%5A%4C%68%45%34%3C%20%49%6E%78%5A%4C%78%5A%4C%39%2D%45%3E%65%6D%69%74%66%20%6C%61%68%20%64%65%79%61%6C%70%20%6F%72%74%4C%5A%78%4C%5A%34%54%69%2A%7C%58%2C%44%2F%31%41%39%23%31%31%42%5A%4C%20%6C%63%4B%51%79%58%37%5E%44%3E%6E%67%69%77%73%20%2E%64%65%4D%3C%41%2A%5B%5D%20%62%5E%37%23%31%5A%4C%78%5A%4C%62%42%5A%4C%37%20%4C%5A%46%37%47%5A%4C%37%2D%62%41%20%37%5E%62%42%5A%4C%39%2C%62%37%46%70%70%7C%51%79%58%2C%44%2F%39%62%62%5E%37%20%46%6C%63%4B%51%79%62%37%62%42%7C%4B%63%6C%20%4C%47%2F%37%2D%62%41%7C%51%79%58%37%2D%62%41%4C%5A%20%6C%63%4B%51%79%58%2C%39%23%37%62%45%5A%62%2C%58%79%51%51%79%58%37%68%58%37%5E%62%41%79%51%7C%45%5E%5E%46%7C%51%79%58%37%5E%62%47%7C%51%79%58%5E%37%62%45%42%2A%5B%5D%51%79%58%2C%31%31%23%37%37%58%79%51%7C%58%2C%46%2F%39%5A%4C%20%6C%63%37%58%79%51%7C%5E%44%41%2A%5B%5D%20%39%62%37%41%70%70%7C%79%51%58%37%5E%2D%62%44%7C%51%79%58%37%5E%62%45%37%58%79%51%4B%5E%43%7C%51%79%20%6C%63%4B%51%31%31%2F%44%2C%42%5A%4C%2C%39%62%37%46%70%70%7C%51%79%58%44%2C%2F%39%62%37%46%5A%4C%20%6C%63%4B%51%79%58%62%5E%37%58%79%23%37%5E%62%42%5A%4C%37%62%42%58%79%51%7C%41%4C%37%2D%23%46%20%37%2D%45%7C%51%79%58%37%7C%45%51%79%58%37%2D%42%5A%4C%37%6F%62%42%20%37%5A%46%2D%37%20%37%2D%45%5A%4C%62%45%3E%45%4E%44%2D%37%4C%5A%2C%5A%4C%2C%39%62%37%41%20%37%5E%47%5A%4C%2D%37%23%46%20%37%2D%45%5A%4C%37%46%20%37%2D%43%55%2C%3C%46%49%20%37%5E%62%45%5E%37%23%31%31%2C%58%79%51%4B%63%6C%20%20%5A%20=%4A%61%7A%7A%2D%53%77%69%6E%67%20%54%77%6F%2F%46%6F%75%72=%31%36%30=%33
96305035-2d18-412c-93ea-9923f4433e8f,irealb://%41%72%67%75%6D%65%6E%74%6F=%50%61%75%6C%69%6E%68%6F%20%64%61%20%56%69%6F%6C%61==%53%61%6D%62%61=%46=%30=%31%72%33%34%4C%62%4B%63%75%37%43%20%2C%2D%47%34%34%3C%2A%36%47%5A%4C%37%44%20%46%7C%51%79%58%46%5A%4C%43%37%20%46%3E%6C%61%67%C3%A9%6C%20%61%54%20%20%38%2D%58%79%51%7C%54%41%2A%7B%59%2A%5B%59%5D%20%44%37%4C%5A%47%32%4E%7C%51%79%58%51%79%58%51%79%58%51%79%7D%58%20%2C%37%43%20%46%31%4E%5A%4C%37%43%20%2D%46%20%44%37%2C%20%46%5A%4C%37%7B%7C%51%79%58%20%20%53%65%6D%37%46%20%2D%43%7C%51%79%58%46%5A%4C%37%43%2D%20%47%3E%6F%74%69%65%63%6E%6F%63%65%72%70%20%4C%5A%42%62%36%38%36%2A%3C%42%2C%37%43%20%46%4C%5A%41%2D%20%58%51%79%58%51%79%58%51%79%58%7D%20%37%46%46%20%31%4E%5A%4C%2C%37%43%20%2D%47%5A%4C%37%44%79%51%7C%4E%32%37%43%20%62%42%20%5A%20=%4C%61%74%69%6E%2D%42%72%61%7A%69%6C%3A%20%53%61%6D%62%61=%32%30%30=%30
969f92e6-5a97-4cdf-bab1-8d0cb2c6fa36,irealb://%54%69%76%65%20%53%69%6D=%43%61%72%74%6F%6C%61==%53%61%6D%62%61=%46==%31%72%33%34%4C%62%4B%63%75%37%6D%69%73%20%65%34%47%2D%20%43%59%59%5D%20%2C%37%44%20%5E%46%5A%4C%39%43%2D%20%47%5A%4C%6F%62%41%20%41%2F%5E%46%5A%4C%39%7B%3C%54%69%76%34%54%69%2A%5B%39%43%7C%51%79%28%42%68%29%58%51%79%58%29%37%44%28%37%62%41%7C%51%79%58%41%2D%5A%4C%37%43%20%62%44%2F%2D%62%42%7C%51%79%7C%7C%47%2D%58%39%47%3E%2E%2E%58%29%37%47%28%62%4C%5A%46%5E%2C%68%42%5A%4C%36%62%42%20%2D%41%7C%51%79%39%58%62%37%45%7C%7C%51%79%58%6F%46%7C%51%79%58%58%79%51%7C%78%42%2F%37%43%20%58%2D%41%5A%4C%2D%2F%44%62%20%2F%2D%62%42%7C%51%79%58%29%68%42%28%39%47%2E%3E%2E%6D%69%73%20%65%76%69%54%3C%5A%4C%37%43%44%62%20%43%37%62%42%7C%51%79%2E%2E%61%69%61%62%58%79%51%7C%69%20%61%4C%3C%51%7B%59%59%20%51%79%58%7D%2C%20%37%44%20%5E%46%5A%4C%51%2C%37%43%20%2D%47%61%2E%2E%2E%6C%42%7C%7C%51%79%2E%61%3E%46%20%44%39%4C%5A%47%2D%20%43%37%28%44%37%29%20%7D%20=%4C%61%74%69%6E%2D%42%72%61%7A%69%6C%3A%20%53%61%6D%62%61=%32%30%30=%30
9670b595-7a79-48c8-9403-55e8335be982,irealb://%54%65%61%20%46%6F%72%20%54%77%6F%20%34=%59%6F%75%6D%61%6E%73%20%56%69%6E%63%65%6E%74==%4D%65%64%69%75%6D%20%53%77%69%6E%67=%46==%31%72%33%34%4C%62%4B%63%75%37%4C%37%43%20%37%34%47%2D%37%20%62%41%20%41%2F%46%6C%7C%2C%6F%62%41%2C%37%47%2D%73%20%37%5E%46%5A%4C%20%78%20%5A%4C%37%43%6F%4C%5A%47%2D%34%54%41%2A%5B%2C%6F%43%2C%37%5A%46%5E%37%58%5E%41%5A%4C%20%78%20%5A%4C%37%45%20%37%2D%42%42%2A%5B%5D%51%79%58%41%2F%37%5E%46%7C%51%79%37%20%73%42%2D%4C%20%78%20%5A%78%20%5A%4C%37%23%20%43%6F%4C%43%2A%5B%5D%51%79%58%37%43%7C%51%79%58%37%41%5E%5A%4C%20%78%20%5A%4C%37%45%20%37%2D%42%5A%47%2D%37%20%43%43%2F%41%6C%7C%58%37%44%7C%51%37%20%73%47%2D%5A%4C%20%78%20%5A%4C%37%43%20%37%2D%47%5A%6F%4C%62%41%20%41%2F%46%6C%7C%2C%6F%62%41%2C%37%41%68%37%58%79%5E%46%5A%4C%20%43%20%37%2D%47%44%47%2D%37%20%20%41%2F%46%5A%4C%37%62%45%20%37%2D%62%42%51%7C%79%58%37%2D%47%5A%4C%20%78%20%5A%4C%37%44%41%62%6F%4C%5A%2A%5B%5D%51%79%37%4C%5A%55%46%36%58%79%51%7C%46%2F%41%20%41%62%6F%20%5A%20==%30=%30
965e3a13-a716-4436-ba75-3f0147ea79d8,irealb://%4B%41%52%20%42%45%59%41%5A=%54%65%6B%69%6E%20%4B%65%72%69%6D==%4F%72%79%61%6E%74%61%6C=%43==%31%72%33%34%4C%62%4B%63%75%37%2C%62%42%20%41%2C%54%34%34%3C%2D%44%3E%69%74%74%75%54%20%65%74%C5%9F%C3%BC%6E%44%C3%B6%20%2D%20%6C%61%6B%6F%56%2B%72%61%74%69%47%20%42%62%4C%5A%53%2C%41%2A%5B%58%2D%47%41%2A%20%47%2D%4C%5A%2D%44%5A%4C%2D%47%20%62%42%7C%2C%43%2C%2D%20%44%41%5A%4C%62%42%20%2D%44%5A%4C%37%41%20%41%58%79%51%5D%5B%62%42%7C%2C%41%2C%62%42%20%20%58%79%51%7C%41%42%20%2D%44%7C%51%79%58%41%5A%4C%62%42%20%42%41%2A%5B%5D%2C%37%41%66%20%20%41%7C%51%79%58%62%4C%5A%44%2D%62%42%7C%51%79%5A%4C%62%42%20%4C%5A%41%58%79%20%35%62%37%2D%45%5A%4C%46%20%2D%47%43%2A%5D%5B%20%37%44%20%2D%44%7C%51%79%58%2D%44%7C%51%42%62%4C%5A%41%62%42%20%41%5D%79%58%2D%44%7C%5A%47%2D%20%46%51%79%58%41%44%2A%5B%5D%51%79%58%41%5A%4C%42%62%20%41%5A%4C%62%42%20%35%62%37%2D%45%5A%4C%7C%41%58%79%51%4C%37%44%20%41%51%7C%44%2D%20%20%42%62%2C%7C%41%58%79%51%7C%41%58%79%51%7C%2A%69%44%2D%20%42%62%4C%5A%41%20%44%2D%4C%5A%47%2D%20%41%4C%5A%41%20%20%2C%53%2C%20%5D%20==%30=%30
96a18bc9-f539-40f2-95ca-46b203fcdfa3,irealb://%4E%6F%20%4F%74%68%65%72%20%4E%61%6D%65%20%28%41%6C%65%78%29=%57%6F%72%73%68%69%70%20%48%69%6C%6C%73%6F%6E%67==%42%61%6C%6C%61%64=%42%62==%31%72%33%34%4C%62%4B%63%75%37%58%51%79%58%3E%28%42%62%29%20%3C%29%2D%47%28%20%29%2D%41%28%20%29%62%42%20%28%29%2D%43%28%20%29%62%42%28%20%29%2D%41%28%2A%37%32%58%32%20%69%2A%20%20%3C%51%79%58%51%76%4E%31%41%2D%37%35%2A%3C%2D%47%20%5A%4C%2D%41%29%62%42%20%28%2D%43%29%62%42%28%20%2D%41%29%62%42%28%20%58%32%3E%58%79%2A%20%20%51%79%2D%44%29%62%45%65%20%43%6F%72%45%28%20%2D%44%29%62%45%28%20%2D%44%20%51%58%79%51%79%58%51%79%58%51%79%58%51%79%58%3E%6F%62%29%46%20%28%72%50%33%33%2A%28%20%2D%44%29%58%79%51%58%79%29%62%45%28%20%2D%44%5A%4C%62%45%70%2C%2D%29%41%62%42%28%20%2D%43%29%62%42%28%20%2D%41%51%46%20%28%45%62%2D%47%20%5A%4C%20%20%62%45%70%2C%58%79%51%58%62%45%29%2D%44%28%20%2D%47%70%2C%62%42%31%43%4E%2A%20%20%51%79%58%51%79%58%51%79%58%51%79%4C%5A%47%2D%2C%62%45%29%2D%47%47%70%2C%62%45%28%45%62%29%20%2C%62%42%31%4E%42%2A%51%79%58%51%79%58%51%58%79%51%79%58%51%79%58%51%79%58%29%62%42%28%20%70%47%2D%2C%70%20%29%2D%44%28%79%58%33%20%20%58%79%51%58%79%36%51%79%58%33%51%79%58%30%31%20%20%31%31%20%20%67%6E%69%72%74%73%20%42%31%35%2A%3C%20%51%58%79%51%20%34%62%45%70%2C%2D%51%58%79%51%20%20%38%58%79%51%36%58%79%51%38%20%20%36%3E%58%79%51%58%79%51%58%79%51%58%79%51%20%3C%2A%33%30%37%58%79%51%20%35%3E%20==%30=%30
965a529d-9719-441a-a265-da9d9fff3404,irealb://%41%63%63%6F%72%64%20%6D%37%4D%20%63%79%63%6C%65%20%71%75%61%72%74%65=%72%61%6D%62%6F%6F%74==%4D%65%64%69%75%6D%20%53%77%69%6E%67=%43==%31%72%33%34%4C%62%4B%63%75%37%5A%4C%78%5A%4C%2D%5E%37%4C%5A%4C%37%5E%2D%62%42%5A%4C%78%5A%4C%78%5A%4C%5A%78%4C%37%5E%2D%46%5A%4C%78%5A%4C%78%5A%4C%78%5A%78%4C%5A%78%43%34%34%54%7B%62%47%5A%4C%78%4C%5A%78%4C%5A%78%5A%4C%37%5E%2D%62%44%5A%4C%78%5A%4C%78%4C%5A%78%5A%4C%37%5E%2D%62%41%5A%4C%78%5A%4C%78%4C%5A%78%4C%5A%37%5E%2D%62%45%5A%4C%37%5E%2D%78%4C%5A%78%4C%4C%78%5A%4C%78%5A%4C%37%5E%2D%45%5A%4C%78%4C%5A%78%5A%4C%78%5A%4C%37%5E%2D%42%5A%4C%78%5A%5A%78%4C%5A%41%5A%4C%37%5E%2D%78%4C%5A%78%4C%5A%78%4C%5A%44%2D%5E%37%4C%5A%78%4C%5A%78%4C%5A%78%4C%5A%47%2D%5E%37%4C%5A%78%4C%5A%78%4C%5A%78%20%7D%20==%38%30=%33
9617f644-c2f3-4249-a4d6-7a8ad01d39ac,irealb://%43%68%69%6E%61%74%6F%77%6E%20%64%66%62=%53%63%68%77%61%72%74%7A%20%4A%65%72%6F%6D%65==%4D%65%64%69%75%6D%20%53%77%69%6E%67=%43==%31%72%33%34%4C%62%4B%63%75%37%63%4B%51%79%58%34%3C%20%41%42%6C%63%4B%51%79%58%43%5A%4C%20%6C%63%4B%51%58%79%43%7C%51%79%58%2C%37%47%7C%51%79%58%43%3E%20%4C%5A%47%37%34%54%41%2A%5B%20%6C%63%4B%51%47%37%58%79%51%4C%20%6C%63%4B%51%79%58%37%44%5A%4C%20%6C%4B%63%51%79%58%37%2D%41%7C%51%79%58%2C%37%45%7C%5A%47%37%58%79%7C%5A%4C%20%6C%2C%46%5A%4C%20%43%58%79%51%7C%58%46%5A%4C%20%6C%63%4B%51%79%58%37%43%5A%20%4C%6C%63%4B%51%79%58%43%7C%51%79%58%2C%37%47%79%51%4B%63%6C%42%2A%5B%5D%20%58%79%51%7C%46%2D%58%79%51%7C%43%58%79%51%7C%41%37%58%79%51%7C%44%37%58%79%51%7C%47%37%58%79%51%7C%43%20%43%23%6F%4C%5A%44%2D%37%20%47%37%20%5D%20=%4A%61%7A%7A%2D%47%79%70%73%79%20%4A%61%7A%7A=%32%30%30=%33
96171a89-0c47-4e5d-82d0-3c10b0a8af62,irealb://%43%61%6E%27%74%20%59%6F%75%20%48%65%61%72%20%4D%65%20%43%61%6C%6C%69%6E%27%3F%20%2D%20%50%41%52%4B%49%4E%47%20%4C%4F%54%20%50%49%43%4B%45%52%53%20%20=%4D%6F%6E%72%6F%65%20%42%69%6C%6C==%53%61%6D%62%61=%44==%31%72%33%34%4C%62%4B%63%75%37%70%61%43%20%20%44%65%66%61%75%20%47%20%5B%20%35%20%6F%70%61%43%20%20%51%58%79%2C%5D%20%44%20%5B%20%3A%79%65%4B%20%74%6C%5D%2C%58%79%51%38%31%2A%3C%20%79%58%51%79%58%20%41%20%5D%3E%42%78%69%44%2F%70%72%61%68%73%32%65%62%20%72%3A%72%41%34%35%2A%3C%20%20%51%79%58%51%79%58%72%75%63%65%3E%5B%20%37%20%6F%75%2D%6B%63%69%36%58%79%51%20%20%20%51%79%58%51%79%58%51%79%58%3E%37%56%2C%20%56%49%20%2C%49%20%3A%73%64%72%6F%68%43%20%3C%2A%36%30%50%35%2A%3C%20%51%5A%4C%20%6C%63%65%73%3A%20%33%5A%4C%20%78%20%5A%4C%20%78%20%5A%4C%20%6C%4B%63%51%79%58%44%34%34%54%5B%20%20%51%79%58%3E%47%58%79%51%4B%74%6F%6E%20%70%20%55%6C%63%4B%63%6C%20%4C%5A%51%79%58%37%41%7C%51%79%58%47%5A%4C%20%6C%4B%63%51%79%58%44%5A%4C%20%6C%63%4B%51%79%58%47%7C%44%58%79%51%4B%51%79%58%44%20%5A%58%79%51%58%79%51%58%79%51%58%79%51%58%79%51%58%79%51%58%79%51%58%79%51%58%79%51%58%79%51%20%20%3C%62%23%3E%20==%31%34%30=%33
9606e498-66b5-4af0-b7bf-b1b1731a3f0d,irealb://%57%6F%6F%64%63%68%6F%70%70%65%72%27%73%20%52%65%65%6C%20%2D%20%46%6C%69%6E%6E%65%72=%54%72%61%64%69%74%69%6F%6E%61%6C==%50%6F%70%20%2D%20%42%6C%75%65%67%72%61%73%73=%44==%31%72%33%34%4C%62%4B%63%75%37%2C%7B%7D%51%79%54%34%34%44%58%58%41%5A%4C%20%6C%63%4B%51%79%58%44%5A%4C%6C%20%63%4B%51%79%58%41%5A%4C%20%6C%63%4B%51%79%79%51%7C%44%58%2C%41%2A%2C%7B%2A%42%2C%44%58%79%51%4B%63%6C%20%4C%5A%41%58%79%51%4B%63%6C%20%4C%5A%44%58%79%51%4B%63%6C%20%4C%5A%41%58%79%51%7C%41%20%44%20%7D%20==%30=%30
9650edf0-7c2e-44b5-b21c-2fa0e21d2841,"irealb://%52%6F%62%65%20%62%61%72%65=%43%6F%6D%70%6F%73%65%72%20%55%6E%6B%6E%6F%77%6E==%57%61%6C%74%7A=%43==%31%72%33%34%4C%62%4B%63%75%37%70,%47%7C%70,%70%70%7C%70%70%7C%70%70,%43%7C%70%70%70%7C%70%70%70%70%7C%70%70%7C%70%70%70%7C%70%70,%47%7C%70%70%70%70%7C%70%70%43%34%33%54%5B%70%7C%70%70%70%7C%70%70%70%7C%70%70%70%7C%70%70,%47%7C%70%70%70%7C%70,%70%43%7C%70%70,%43%7C%70%70%70%7C%70%70%70%7C%70%70%70%7C%70%70%70%7C%70%70%70%70%7C%70%70%70%7C%70%70%70,%43%7C%70%70%70%7C%70%70%70%7C%70%70%7C%70%70%70%70%7C%70%70,%47%7C%70%70%70%7C%70%70%7C%43,%70,%43%7C%70%70%70%70%7C%70%70%47,%70%70%7C%47%7C%70%70%70%7C%70%70%70%7C%70%70%70%7C%70%70,%43%7C%70%70%70%7C%70%70%70%7C%70%70%70,%70%70%7C%70%7C%70%70%70%7C%70%7C%70%70%70%7C%43,%70,%70%7C%20=%50%6F%70%2D%43%6F%75%6E%74%72%79=%31%35%35=%33"
96c4bba3-28bf-4fd3-ba48-f9d5b7e76c9f,irealb://%51%75%69%63%6B%73%69%6C%76%65%72%20%44%72%65%61%6D%73%20%2D%20%46%6C%69%6E%6E%65%72=%54%6F%77%6E%65%73%20%56%61%6E%20%5A%61%6E%64%74==%50%6F%70%20%2D%20%43%6F%75%6E%74%72%79=%43==%31%72%33%34%4C%62%4B%63%75%37%58%46%5A%4C%20%58%79%51%7C%41%78%20%5A%4C%20%6C%63%4B%51%79%58%2D%44%7C%79%51%58%2D%41%7C%51%79%58%2D%45%7C%51%79%58%2D%20%4C%5A%20%78%43%34%33%54%7B%79%51%7C%47%58%79%51%7C%46%58%79%51%7C%47%58%79%51%7C%43%58%79%51%4B%63%6C%20%4C%5A%20%78%20%4C%5A%20%78%20%20%7D%20==%31%33%38=%34
963d6e28-f091-4c5f-bd45-5c30d69d5073,irealb://%48%61%70%70%69%65%73%74%20%44%61%79%73%20%4F%66%20%41%6C%6C%20%2D%20%46%6C%69%6E%6E%65%72=%41%2E%20%50%2E%20%43%61%72%74%65%72==%50%6F%70%20%2D%20%43%6F%75%6E%74%72%79=%47==%31%72%33%34%4C%62%4B%63%75%37%58%47%5A%4C%20%54%34%34%47%58%58%44%5A%4C%20%6C%63%4B%51%79%58%47%5A%4C%6C%20%63%4B%51%79%58%43%5A%4C%20%6C%63%4B%51%79%79%51%4B%63%6C%2C%41%2A%2C%5B%6C%63%4B%51%79%20%4C%5A%43%58%2C%5B%5D%20%20%6C%63%4B%51%79%58%47%5A%4C%6C%20%63%4B%51%79%58%44%5A%4C%20%6C%63%4B%51%79%2A%42%2C%47%58%6C%63%4B%51%79%6C%63%4B%51%79%20%4C%5A%20%78%6C%63%4B%51%79%58%47%5A%4C%20%6C%63%4B%51%58%79%47%5A%4C%20%6C%63%4B%51%79%58%43%5A%4C%20%20%4C%5A%43%58%78%20%5A%4C%20%20%4C%5A%44%58%79%51%4B%63%6C%20%4C%5A%47%58%79%51%4B%63%6C%20%20%5A%20==%31%35%30=%34
969c0ed4-68b6-426d-9af5-b344203dc191,irealb://%47%6F%6C%64%65%6E%20%53%6C%69%70%70%65%72%73%20%2D%20%46%6C%69%6E%6E%65%72=%54%72%61%64%69%74%69%6F%6E%61%6C==%50%6F%70%20%2D%20%42%6C%75%65%67%72%61%73%73=%47==%31%72%33%34%4C%62%4B%63%75%37%42%2A%7B%59%7D%34%47%58%79%51%51%79%58%44%7C%51%79%58%44%7C%51%79%58%44%51%7C%79%58%44%7C%51%79%58%47%7C%51%79%58%47%7C%7C%47%58%79%51%34%54%41%2A%7B%7C%51%79%58%47%47%58%79%51%7C%7C%51%79%58%47%7C%51%79%58%47%7C%51%79%58%7C%44%51%79%58%44%7C%51%79%58%43%7C%51%79%58%43%47%58%79%51%7C%7C%51%79%58%47%43%58%79%51%7C%43%58%79%51%7C%44%58%79%51%7C%44%58%79%51%7C%44%58%79%51%7C%47%58%79%51%7D%20==%30=%34
96359413-e17a-4449-9f36-85acd9fc9775,irealb://%42%69%67%20%53%70%69%6B%65%20%48%61%6D%6D%65%72%20%2D%20%46%6C%69%6E%6E%65%72=%42%6F%62%62%79%20%4F%73%62%6F%72%6E%65%2C%20%50%65%74%65%20%47%6F%62%6C%65==%50%6F%70%20%2D%20%42%6C%75%65%67%72%61%73%73=%47==%31%72%33%34%4C%62%4B%63%75%37%79%58%47%7C%51%58%79%51%7C%47%51%79%58%2D%45%7C%51%79%58%43%7C%51%79%58%7C%43%51%79%58%2D%45%7C%51%79%58%47%7C%51%79%58%7C%45%2D%58%79%47%34%34%54%5B%7C%51%79%58%44%51%7C%47%58%79%7C%51%79%58%2D%45%7C%51%79%58%2D%45%7C%51%58%79%44%7C%51%79%58%44%7C%51%79%58%2D%45%7C%51%44%58%79%51%7C%79%58%47%7C%51%47%58%79%51%7C%47%58%79%51%5D%20==%30=%34
964a1058-d9ef-4269-8698-c794a4e93ef6,irealb://%49%6E%20%54%68%65%20%50%69%6E%65%73%20%2D%20%46%6C%69%6E%6E%65%72=%54%72%61%64%69%74%69%6F%6E%61%6C==%50%6F%70%20%2D%20%42%6C%75%65%67%72%61%73%73=%45==%31%72%33%34%4C%62%4B%63%75%37%63%4B%51%79%58%58%79%51%4B%63%63%4B%51%79%58%45%7C%51%79%58%42%7C%51%79%45%58%7C%51%79%58%45%7C%51%79%58%41%5A%4C%20%6C%6C%20%4C%5A%45%45%34%33%54%5B%6C%20%4C%5A%41%58%79%51%7C%45%58%79%51%7C%45%58%79%51%7C%42%58%79%51%7C%45%58%79%51%4B%63%6C%20%20%5A%20==%30=%30
96e77405-a189-4d86-ba97-ed2c8f5342e7,irealb://%53%69%67%6E%65%64%2C%20%53%65%61%6C%65%64%2C%20%44%65%6C%69%76%65%72%65%64%20%2D%20%46%6C%69%6E%6E%65%72=%57%6F%6E%64%65%72%2C%20%47%61%72%72%65%74%74%2C%20%57%72%69%67%68%74%2C%20%48%61%72%64%61%77%61%79==%52%27%6E%27%42=%41==%31%72%33%34%4C%62%4B%63%75%37%20%6C%63%4B%51%34%41%58%79%51%79%58%37%45%7C%51%79%58%37%44%7C%51%79%58%23%2D%46%7C%51%79%58%41%7C%51%79%58%2D%23%46%7C%51%7C%41%58%79%34%54%41%2A%7B%58%37%44%7C%51%41%37%58%79%51%51%79%58%37%44%7C%51%79%58%37%41%7C%51%79%37%58%44%7C%51%79%58%37%41%7C%51%79%58%37%44%7C%7C%41%37%58%79%42%2A%5B%7D%20%79%51%7C%41%58%79%51%4B%63%6C%20%4C%5A%20%78%20%4C%5A%20%78%20%20%5A%20==%30=%30
96ca246d-18c8-4992-a3c9-164ffeef3395,irealb://%49%20%53%75%72%72%65%6E%64%65%72%2C%20%44%65%61%72%20%2D%20%46%6C%69%6E%6E%65%72=%48%61%72%72%69%73%20%43%6C%69%66%66%6F%72%64%2C==%42%61%6C%6C%61%64=%43==%31%72%33%34%4C%62%4B%63%75%37%47%20%37%2D%44%34%44%2D%58%79%44%7C%51%79%58%43%5A%4C%37%44%20%37%2D%41%4C%5A%2C%37%45%20%2D%44%7C%51%79%58%37%41%7C%51%37%58%79%51%7C%34%54%41%2A%7B%58%37%45%7C%51%43%20%41%37%20%7C%51%79%58%37%45%42%2A%5B%5D%51%79%58%43%4E%32%7C%51%79%58%51%79%58%51%79%58%51%79%58%7D%41%2D%36%58%79%31%4E%5A%4C%37%58%37%41%7C%51%36%58%79%51%7C%2A%5B%5D%20%37%6F%23%43%20%37%47%7C%51%79%37%58%44%7C%51%79%58%36%2D%41%7C%51%79%58%37%45%41%44%2D%58%79%2D%41%7C%51%79%79%51%7C%44%2D%20%45%37%2C%4C%5A%41%2D%37%20%44%37%4C%5A%43%58%79%51%7C%44%37%58%79%51%7C%44%2D%37%20%47%37%4C%5A%43%2C%55%20%41%37%20%5A%20=%4A%61%7A%7A%2D%42%61%6C%6C%61%64%20%45%76%65%6E=%36%30=%33
96dd9b26-afba-445e-af66-53437d05f9a0,irealb://%43%68%69%20%43%68%69%20%31=%50%61%72%6B%65%72%20%43%68%61%72%6C%69%65==%4D%65%64%69%75%6D%20%55%70%20%53%77%69%6E%67=%41%62==%31%72%33%34%4C%62%4B%63%75%37%58%37%2D%62%44%62%37%58%79%51%62%44%5A%4C%37%62%41%20%37%2D%62%45%7C%51%58%79%37%62%41%5A%4C%37%62%45%20%2C%2D%62%42%7C%37%58%79%51%7C%41%34%34%54%5B%79%51%7C%43%2D%37%58%79%51%7C%43%62%2D%58%79%51%7C%42%62%2D%37%58%79%51%7C%45%62%37%58%79%51%7C%43%2D%20%46%37%4C%5A%42%62%2D%37%20%45%62%37%20%5D%20=%4A%61%7A%7A%2D%4D%65%64%69%75%6D%20%55%70%20%53%77%69%6E%67=%31%30%30=%33
96bdeb53-9e75-4d6d-9cf9-6c23e2cbb4e2,irealb://%4D%69%6E%6F%72%20%53%63%61%6C%65%73=%43%6F%6D%70%6F%73%65%72%20%55%6E%6B%6E%6F%77%6E==%4D%65%64%69%75%6D%20%53%77%69%6E%67=%43%2D=%31=%31%72%33%34%4C%62%4B%63%75%37%7C%43%2D%20%46%2D%4C%5A%43%2D%20%46%2D%4C%5A%43%2D%20%46%2D%4C%5A%43%2D%20%46%2D%4C%5A%43%2D%2C%47%37%2C%43%2D%20%5A%20=%4A%61%7A%7A%2D%4C%61%74%69%6E=%30=%30
965b7194-19ed-428e-b77f-b488e6de074f,irealb://%4C%65%20%52%6F%69=%42%72%61%73%73%65%6E%73%20%47%65%6F%72%67%65%73==%4D%61%72%63%68=%42%2D==%31%72%33%34%4C%62%4B%63%75%37%7C%51%79%58%2D%2D%58%79%51%7C%2D%23%46%7C%51%79%58%2D%42%5A%4C%2D%42%20%23%2D%46%7C%51%79%58%2D%42%7C%51%79%58%2D%23%46%58%79%51%7C%42%42%34%34%54%5B%46%23%2D%20%42%2D%4C%5A%45%2D%20%41%37%4C%5A%44%20%42%2D%4C%5A%20%54%32%34%45%2D%2C%46%23%37%4C%5A%20%54%34%34%42%2D%20%4C%5A%20%78%20%20%5D%20=%4A%61%7A%7A%2D%53%77%69%6E%67%20%54%77%6F%2F%46%6F%75%72=%30=%30
9649c59e-7f71-4d95-be07-cc13471ab8bd,irealb://%4D%69%64%6E%69%67%68%74%20%4F%6E%20%54%68%65%20%57%61%74%65%72%20%2D%20%46%6C%69%6E%6E%65%72=%54%68%6F%6D%61%73%73%6F%6E%20%4C%75%6B%65==%50%6F%70%20%2D%20%42%6C%75%65%67%72%61%73%73=%44==%31%72%33%34%4C%62%4B%63%75%37%2C%7B%7D%51%79%54%33%34%44%58%58%41%7C%51%79%58%44%7C%51%79%58%44%7C%51%58%79%44%7C%51%79%58%44%7C%51%79%58%44%7C%51%79%79%51%7C%44%58%2C%41%2A%2C%7B%79%58%47%7C%51%79%51%7C%44%58%51%79%58%2D%42%7C%51%79%58%2D%45%7C%51%79%2D%58%45%7C%51%79%58%44%7C%51%79%58%44%7C%51%79%7C%42%2D%58%79%58%44%2C%42%2A%51%7C%47%58%79%51%7C%44%58%79%51%7C%44%58%79%51%7C%44%58%79%51%7C%44%58%79%51%7C%41%58%79%51%7C%44%58%79%51%7D%20==%30=%33
96b8c362-b160-4b85-80c1-b5a510a9c1ef,irealb://%45%73%20%54%69%65%6D%70%6F=%2E%20%48%69%6C%6C%73%6F%6E%67==%52%6F%63%6B=%43=%39=%31%72%33%34%4C%62%4B%63%75%37%58%43%7C%51%79%54%34%34%43%58%58%43%7C%51%79%58%43%2C%41%2A%2C%7B%7C%51%58%79%43%7C%51%79%58%43%7C%51%79%58%43%7C%51%79%79%51%7C%43%58%2C%69%2A%2C%7C%2D%41%7C%51%79%2D%58%79%51%7C%20%6F%70%6D%65%69%74%20%73%45%32%37%2A%3C%7D%7B%51%79%58%43%7C%51%79%58%43%7C%51%79%58%46%64%65%3E%47%58%41%7C%7C%51%79%7C%51%79%58%46%58%79%51%7C%46%7C%51%79%58%41%7C%51%79%58%2D%41%7C%51%79%43%58%7C%51%79%58%43%2C%42%2A%2C%7B%7D%51%79%58%46%58%79%51%7C%46%7C%51%79%58%58%2D%41%7C%51%43%20%3C%2A%37%2E%74%61%62%20%79%20%6F%6A%61%42%20%39%36%3C%2A%2C%43%2A%2C%7B%7D%20%20%3E%41%20%6F%54%31%3E%41%2D%58%79%7C%51%79%58%43%7C%51%79%58%2D%58%79%51%7C%44%2D%44%7C%51%79%58%2D%41%7C%51%79%58%2D%41%73%3E%65%63%6F%76%32%37%2A%3C%7B%7D%51%79%58%2D%58%79%51%7C%44%2D%44%7C%51%79%51%79%58%46%7C%46%58%79%51%7C%2C%51%2C%5A%4C%2C%20%20%47%3E%61%64%6F%63%79%20%20%42%20%6F%54%39%36%2A%3C%7C%51%79%58%43%41%2D%58%79%51%7C%51%79%58%46%7C%43%58%79%51%7C%43%58%79%51%7C%41%2D%58%79%51%7C%46%58%79%51%7C%43%58%79%51%5A%20=%50%6F%70%2D%52%6F%63%6B=%31%31%35=%31
96f4fd47-1c51-4ac4-a497-7c47863963b0,irealb://%46%69%67%2E%20%32%36%20%2D%20%49%49%20%56%20%49%27%73%20%2D%20%64%65%73%63%65%6E%64%69%6E%67=%52%69%63%68%69%65%56%69%74%61%6C%65%2E%63%6F%6D==%42%6F%6F%6B%20%31%20%2D%20%41%20%4C%79%72%69%63%61%6C%20%41%70%70%72%6F%61%63%68%20%42%6F%6F%6B=%43==%31%72%33%34%4C%62%4B%63%75%37%6C%63%4B%51%79%79%51%7C%43%37%51%79%58%37%42%7C%51%79%58%37%2D%23%46%7C%4C%5A%20%6C%63%4B%51%79%58%37%5E%46%7C%51%79%58%7C%45%5E%37%58%58%37%2D%47%5B%79%58%37%5E%44%2D%37%58%79%51%41%7C%51%79%58%37%2D%45%7C%5A%4C%20%6C%63%51%4B%79%58%37%5E%62%45%7C%51%79%58%37%62%42%7C%37%58%79%51%7C%46%7C%5A%4C%20%43%7C%51%79%58%4C%5A%7C%45%62%58%37%2D%44%5A%4C%20%6C%63%4B%51%79%58%37%62%5E%44%7C%51%79%58%37%62%41%7C%51%79%58%37%2D%79%51%7C%47%37%20%6C%63%4B%51%51%79%58%37%46%4B%63%6C%20%4C%2D%43%5A%4C%20%6C%63%4B%51%79%58%37%5E%42%51%7C%79%58%37%23%46%7C%51%79%58%37%2D%23%43%5A%37%58%79%51%7C%51%79%58%37%5E%7C%42%62%5E%37%58%79%51%4B%63%6C%20%4C%5A%42%2D%37%58%79%51%7C%45%37%58%79%51%7C%41%5E%37%58%79%51%4B%63%6C%20%20%5D%20==%30=%31
96e4ed96-7f3e-404f-a668-3e103e87f21f,irealb://%47%6C%6F%72%69%61%20%44%65%20%4D%69%20%56%69%64%61%20%28%48%31%29=%53%65%62%61%73%74%69%61%6E%47%6F%6C%6C%75%73%63%69%6F==%57%6F%72%73%68%69%70=%44==%31%72%33%34%4C%62%4B%63%75%37%79%58%73%75%73%34%44%2C%2A%41%2C%2D%45%7C%51%79%58%2C%47%7C%51%79%58%78%51%7C%79%58%2D%23%46%7C%51%79%58%78%7C%51%79%58%58%79%51%7C%41%34%54%69%2A%7B%2D%23%46%7C%51%79%51%7D%7C%47%79%58%2C%47%42%2A%5B%5D%51%79%58%2C%41%7C%79%51%58%73%75%73%41%7C%51%79%58%43%7C%51%79%58%51%7C%78%58%79%58%37%41%7C%51%2D%42%7C%51%79%79%51%4C%5A%45%58%2C%44%43%2A%7B%5D%51%79%58%41%7C%51%79%2C%58%44%7C%51%79%58%2C%37%41%7C%51%79%58%2C%2D%79%51%7C%78%58%58%7C%51%79%58%2C%47%7C%51%79%78%58%79%51%7C%7C%51%79%58%2C%37%41%7C%51%79%58%2C%73%75%37%73%41%7C%51%79%58%2C%2D%45%7C%51%79%58%2C%47%46%23%2D%2C%58%7C%51%79%58%2C%58%79%51%7C%46%23%2D%2C%58%79%51%7C%47%2C%58%79%51%7C%45%2D%2C%58%79%51%7C%41%2C%58%79%51%7C%44%2C%58%79%51%7C%66%42%37%58%79%51%5D%20==%30=%30
9635b9bc-3da7-478b-b026-f5b5ede47e88,irealb://%47%6C%6F%72%69%66%69%63%61%74%65=%49%44%43==%42%61%6C%6C%61%64=%45==%31%72%33%34%4C%62%4B%63%75%37%45%7C%44%2C%23%34%45%2C%58%79%37%2D%42%42%2A%5B%5D%20%2C%73%75%73%45%20%45%2C%7C%51%79%58%2C%41%7C%51%79%58%2C%44%7C%51%2C%20%41%2F%43%34%54%41%2A%5B%2C%45%5A%4C%2C%42%2D%37%2C%20%51%79%58%2C%45%7C%44%2C%23%43%2F%41%20%2C%2D%37%42%7C%51%79%58%2C%45%7C%44%2C%23%43%2F%41%7C%41%2C%20%42%7C%51%79%58%2C%42%2F%44%23%2C%43%23%2D%37%4C%5A%41%2C%20%42%2C%4C%5A%45%2C%58%79%51%5D%20=%4A%61%7A%7A%2D%42%61%6C%6C%61%64%20%53%77%69%6E%67=%36%30=%33
96f0766e-1381-4342-bc25-946058833633,irealb://%4C%6F%20%51%75%65%20%56%65%6F=%45%6C%65%76%61%74%69%6F%6E==%57%6F%72%73%68%69%70=%43==%31%72%33%34%4C%62%4B%63%75%37%5A%4C%35%46%5A%34%43%35%2C%4C%5A%4C%78%5A%4C%2C%35%43%6C%41%2A%7B%20%20%79%51%58%51%79%58%7D%20%78%5A%4C%78%5A%4C%78%5A%78%4C%5A%78%4C%34%54%69%2A%7B%35%43%3E%33%20%5A%78%4C%5A%47%2A%5B%7D%20%78%5A%4C%78%5A%4C%78%5A%4C%35%5A%43%4C%78%5A%4C%35%46%5A%4C%78%5A%4C%73%75%73%41%3C%2A%36%36%4C%78%5A%4C%78%4C%78%5A%4C%78%78%4C%5A%78%4C%4C%46%5A%4C%37%2D%44%5A%4C%78%5A%4C%73%75%47%73%5A%4C%78%5A%4C%78%5A%4C%78%5A%4C%35%46%5A%5A%43%35%4C%5A%5A%4C%78%5A%4C%5A%4C%78%5A%4C%2A%43%6E%4C%5A%4C%2D%41%5A%4C%6E%5A%4C%6E%7C%2C%35%43%20%4C%5A%6E%7C%2C%35%43%20%5A%4C%6E%7C%2C%35%43%20%5A%78%4C%5A%46%7B%7D%20%78%5A%43%4C%5A%78%4C%5A%47%4C%5A%20%20%7D%7B%2A%44%41%2D%4C%5A%46%4C%5A%43%4C%5A%78%4C%5A%41%2D%4C%5A%46%4C%5A%43%4C%5A%78%20%7D%20==%30=%30
96770f06-a383-4ff9-a1a7-9d495673be8a,irealb://%48%61%70%70%79=%57%69%6C%6C%69%61%6D%73%20%50%68%61%72%72%65%6C%6C==%50%6F%70=%46%2D==%31%72%33%34%4C%62%4B%63%75%37%51%79%58%6E%5A%34%46%37%2C%73%46%6C%41%2A%7B%51%79%58%51%79%58%51%79%58%79%51%58%5D%2C%46%2F%57%2C%46%2F%57%2C%46%2F%57%37%2C%6E%20%4C%34%54%69%2A%5B%4B%51%79%58%37%41%62%2C%42%62%58%37%5E%62%44%42%2A%7B%7D%20%3E%78%34%32%2A%31%3C%37%62%42%20%2C%37%43%6C%7C%2C%62%41%2C%79%51%7C%43%2D%2C%37%46%73%7C%37%43%6C%7C%2C%46%20%20%3C%2A%2C%62%41%2C%37%46%73%7C%51%79%58%6E%5A%4C%6E%20%2C%37%46%6C%41%2A%7B%7D%20%3E%78%34%38%31%42%62%2C%41%62%5A%4C%20%6C%63%7B%7D%20%3E%78%3C%2A%31%32%34%20%20%46%5A%4C%20%6C%63%4B%51%79%58%37%2D%7C%43%51%79%58%37%5E%62%44%42%2A%7B%7D%20%3E%78%3C%2A%31%38%34%37%62%42%20%2C%28%20%6E%29%2A%2A%2C%20%28%43%31%2A%46%43%2A%53%5B%59%7D%20%51%79%58%7C%20%72%29%43%28%20%20%5A%4C%20%78%20%5A%4C%20%29%2A%28%57%2A%43%31%2A%46%43%2A%2A%57%28%20%6E%29%4C%5A%20%28%57%28%2A%31%2A%46%6C%7C%29%2A%46%2A%57%28%29%20%2A%47%2A%57%28%20%73%70%29%2A%62%41%2A%57%2A%43%46%2A%29%2A%62%42%2A%57%62%41%43%2A%57%4C%5A%20%28%57%6C%7C%29%2A%46%62%42%2A%57%28%20%29%2A%62%62%45%42%2A%57%28%20%73%70%29%2A%62%41%62%41%2A%46%2A%31%2A%28%29%2A%47%62%42%28%2A%31%2A%46%20%28%57%2A%42%57%28%20%29%2A%62%45%47%2A%57%28%20%70%29%43%2A%62%41%2A%57%28%20%5A%4C%29%2A%62%45%47%62%2A%46%2A%29%7C%6E%2C%29%2A%46%20%6C%63%4B%51%46%2A%29%2C%6E%7C%51%79%58%37%5E%62%44%42%2A%7B%5D%20%51%70%20%20%5A%4C%29%2A%62%45%47%62%42%2A%57%28%20%43%2D%37%58%79%62%41%43%2A%57%63%4B%51%79%58%53%2E%20%61%6C%79%58%37%5E%62%44%51%42%2A%7B%59%7D%20%3E%38%78%38%31%2A%3C%20%20%2C%46%3E%61%64%6F%43%20%51%7C%43%2D%37%2E%44%3C%5A%4C%6C%20%4C%5A%46%2C%20%20%3C%2A%31%38%37%78%3E%20%7D%7C%44%62%5E%37%58%79%51%7C%43%2D%37%58%79%51%4B%63%6C%20%4C%5A%54%32%34%46%2C%4C%5A%55%73%70%6E%5A%20==%31%36%32=%31
96e170e2-85b8-4b38-a95c-bebf67617a86,irealb://%48%65%72%6E%61%6E%64%6F%27%73%20%48%49%64%65%61%77%61%79=%52%69%63%68%61%72%64%20%41%64%6C%65%72%20%61%6E%64%20%4A%65%72%72%79%20%52%6F%73%73==%54%61%6E%67%6F=%47%2D==%31%72%33%34%4C%62%4B%63%75%37%2A%47%5A%4C%37%37%58%79%51%4B%47%5A%4C%20%6C%63%4B%51%79%58%37%44%5A%4C%6C%20%63%4B%51%79%58%2A%6D%2A%47%5A%4C%20%6C%63%2A%6D%2A%20%44%44%34%34%54%5B%51%79%58%2A%6D%7D%7B%44%37%58%6C%63%4B%51%79%58%37%47%7C%7D%20%20%6C%63%51%4B%79%58%2A%6D%2A%47%5A%4C%20%6C%63%4B%51%79%20%4C%5A%43%2A%51%79%58%2A%6D%4C%20%6C%63%4B%5A%41%37%58%79%2A%47%5A%4C%20%78%20%5A%4C%20%78%20%5A%4C%6C%20%63%4B%51%79%58%37%44%5A%4C%20%6C%63%4B%51%6D%2A%58%79%51%4C%20%6C%63%4B%5A%44%37%58%79%51%4B%63%6C%20%4C%5A%47%2A%6D%2A%20%44%37%4C%5A%47%2A%6D%2A%58%79%51%5A%20=%4C%61%74%69%6E%2D%41%72%67%65%6E%74%69%6E%61%3A%20%54%61%6E%67%6F=%39%30=%31
96b4c956-9a00-4121-9a7a-2cbfc28d863a,irealb://%53%75%6D%6D%65%72%74%69%6D%65%20%2D%20%46%6C%69%6E%6E%65%72=%47%65%6F%72%67%65%20%41%6E%64%20%49%72%61%20%47%65%72%73%68%77%69%6E==%4D%65%64%69%75%6D%20%53%77%69%6E%67=%41%2D==%31%72%33%34%4C%62%4B%63%75%37%46%7C%51%79%58%2D%37%20%45%37%79%58%37%2D%41%5A%4C%42%2F%37%45%20%37%2D%5A%41%4C%42%2F%37%45%20%43%2F%2D%41%5A%4C%42%2F%51%7C%44%2D%37%41%34%34%54%5B%2D%41%5A%4C%42%37%20%42%37%4C%2D%41%5A%4C%42%2F%37%45%20%43%2F%2D%41%5A%42%4C%2F%37%45%20%37%2D%41%7C%51%79%58%37%45%5A%37%20%45%37%2F%45%7C%51%79%58%37%58%79%51%7C%43%20%41%2D%37%4C%5A%42%2D%37%62%35%20%45%37%4C%5A%41%2D%37%58%79%51%7C%45%37%58%79%51%5D%20==%31%30%36=%32%30
9613f8ae-f4c9-4684-9963-4f641d3928d7,irealb://%4D%79%20%42%61%62%79%27%73%20%47%6F%6E%65%20%2D%20%46%6C%69%6E%6E%65%72=%49%72%61%20%41%6E%64%20%43%68%61%72%6C%69%65%20%4C%6F%75%76%69%6E==%50%6F%70%20%2D%20%42%6C%75%65%67%72%61%73%73=%44==%31%72%33%34%4C%62%4B%63%75%37%51%79%58%44%7C%34%44%58%79%51%4C%41%20%47%5A%4C%20%6C%63%4B%51%79%58%41%4C%5A%20%6C%63%4B%51%79%58%47%5A%4C%20%6C%63%4B%5A%44%58%79%51%34%54%41%2A%5B%51%79%58%51%79%5A%47%58%79%51%51%79%58%44%7C%51%79%58%44%5A%4C%20%78%20%4C%5A%20%6C%63%4B%51%79%58%41%5A%4C%20%6C%63%4B%5D%58%79%51%58%4C%20%6C%63%4B%51%79%58%44%7C%42%41%58%79%51%51%79%58%47%5A%4C%20%6C%63%4B%51%79%58%41%51%7C%79%58%44%7C%51%79%58%47%5A%4C%20%6C%63%4B%7C%44%58%79%51%2A%5B%51%79%58%4B%63%6C%20%4C%5A%20%78%20%4C%5A%47%58%79%51%7C%47%58%79%51%7C%41%58%79%51%4B%63%6C%20%4C%5A%20%78%20%4C%5A%44%58%79%51%4B%63%6C%20%20%5D%20==%30=%30
96621b8d-02ac-4a3b-b80b-83eb4a218e97,"irealb://%49%66%20%49%20%77%61%73%20%79%6F%75%72%20%47%69%72%6C%66%72%69%65%6E%64=%50%72%69%6E%63%65==%46%75%6E%6B=%42%62==%31%72%33%34%4C%62%4B%63%75%37%7C%51%79%58%2D%34%42%62%2D%58%7D,%62%42%2F%62%41,%2D%62%42%20%20%7C%79%51%58%62%42%2F%62%41%7C%51%79%58%78%7C%51%79%7B%2A%41%42%62%34%54%69%2A%7B%7C%51%79%58%78%41%62%2F%42%62%62%42%7C,%62%42%2F%62%41,%2D%62%42%20%42%62%2F%62%41%7C%51%79%58%62%42%2F%62%41%7C,%2D%58%79%51%7C%20%20%2D%62%42,%2D%62%42%20%58%79%51%7C%42%62%42%2F%62%41%7C%51%79%58%78%7C%51%79%58%62%2D%42%42%2A%5B%7D%20%62%42%2F%62%41%20%2D%62%58%79%51%7C%20%62%42%2F%62%41%41%62%2F%42%62,%7C%42%62%2D%58%79%51%7C%42%62%2D%37%58%79%51%7C%41%62%2F%42%62%58%79%51%7C%20%20%42%62%2D,%41%62%2F%42%62,%5D%20==%31%30%30=%33"
969446a6-e9c2-474b-9bae-d62fd7c1f588,irealb://%49%73%20%49%74%20%41%20%43%72%69%6D%65=%53%61%64%65%20%41%64%75%2C%20%41%6E%64%72%65%77%20%48%61%6C%65%2C%20%53%74%75%61%72%74%20%4D%61%74%74%68%65%77%6D%61%6E==%50%6F%70%20%53%68%75%66%66%6C%65=%43%2D==%31%72%33%34%4C%62%4B%63%75%37%2C%43%2F%46%2C%32%41%62%5E%37%4C%2C%37%2D%47%5A%4C%37%5E%62%41%5A%4C%37%62%5E%44%5A%4C%37%2D%43%5A%4C%2C%37%2D%47%5A%4C%5A%73%43%2D%37%31%54%69%2A%5B%5A%4C%39%2D%43%6E%5D%5B%2A%41%2C%39%2D%46%5A%4C%78%5A%4C%39%2D%43%5A%4C%5A%78%4C%39%2D%46%6C%3E%6F%76%20%20%33%36%2A%3C%4C%5A%78%4C%5A%2C%37%2D%43%7C%4C%39%2D%43%5A%41%3C%2A%36%30%39%2D%46%5A%4C%78%5A%4C%39%2D%43%5A%4C%78%4C%5A%39%2D%46%6C%3E%6E%69%20%6C%6C%69%66%20%20%2C%4C%5A%78%4C%2A%7B%5D%20%78%46%2C%37%2D%43%2A%42%41%62%5E%2D%47%5A%4C%37%5E%62%41%5A%4C%2C%37%5E%62%5A%44%4C%2C%37%2D%43%5A%4C%2C%37%2D%47%5A%4C%37%37%2C%4C%5A%73%5B%5D%20%78%5A%44%2A%5B%7D%20%2D%37%2C%6E%5D%46%5A%4C%78%5A%4C%39%2D%43%5A%4C%47%5A%4C%2D%39%46%5A%4C%78%5A%4C%2C%39%2D%43%6C%43%2A%5B%2D%39%4C%5A%47%43%7C%2C%43%2F%5B%5D%20%78%5A%20%65%6C%2D%70%4C%78%5A%4C%73%75%73%39%62%42%5A%4C%78%5A%39%4C%2D%43%5A%4C%78%5A%4C%73%75%73%39%62%42%3E%5A%43%2D%39%4C%20%36%36%2A%3C%5D%20%6E%6C%7C%30%20%20%61%2E%44%73%5A%4C%78%5A%4C%39%2D%46%5A%4C%78%5A%39%4C%2D%43%5A%4C%78%5A%4C%39%2D%46%3E%78%61%73%62%5E%37%2C%6E%36%2A%3C%41%2A%37%5E%62%41%5A%36%33%20%20%76%44%6C%7C%2C%43%2F%46%2C%37%2D%43%7C%2C%35%37%23%47%2C%37%2D%47%73%5A%4C%37%5E%62%41%3E%6F%62%5E%37%2C%4C%2A%3C%42%2A%5B%2D%43%5A%4C%35%35%2C%4C%5A%73%39%2D%46%5A%4C%78%5A%4C%39%2D%43%6C%43%2A%5D%5B%6E%2C%37%2D%43%7C%2C%43%2F%46%2C%37%2D%43%4C%5A%47%37%23%23%37%47%5A%4C%2D%46%5A%4C%78%5A%46%2D%39%4C%46%2C%39%2D%43%73%3E%70%74%20%65%74%75%6D%20%20%33%36%2A%3C%43%2A%5B%5D%20%35%23%37%47%5A%2F%43%2C%7C%6C%4C%78%5A%4C%39%7C%6E%2C%39%2D%5A%73%43%2D%39%20%20%30%36%2A%3C%43%2A%7B%5D%20%35%23%37%5A%47%4C%39%2D%46%5A%4C%78%6C%7C%2C%43%2F%46%2C%76%6F%3E%73%43%4C%47%5A%4C%39%4C%39%2D%46%3E%4C%5A%46%2D%39%30%36%2A%3C%5A%4C%6E%6C%7C%6E%2C%39%2D%43%5B%73%20%35%23%37%47%32%4E%7D%20%47%31%4E%5A%4C%61%2E%73%61%78%2C%39%2D%43%6C%55%66%5A%4C%2C%43%2D%39%2C%46%20%2C%35%23%37%47%66%5A%4C%20%3E%6F%76%31%2A%35%3C%2C%39%2D%46%6C%66%5A%4C%78%7C%2C%43%2F%66%44%62%5E%37%73%5A%4C%47%5A%43%2D%39%20%20%5A%20=%50%6F%70%2D%52%6F%63%6B%20%31%32%2F%38=%38%35=%30
96f1331e-092f-4fec-b215-82db160cc349,"irealb://%49%74%20%4F%6E%6C%79%20%54%61%6B%65%73%20%41%20%4D%6F%6D%65%6E%74%20%2D%20%44%43=%48%65%72%6D%61%6E%20%4A%65%72%72%79==%42%61%6C%6C%61%64=%42%62==%31%72%33%34%4C%62%4B%63%75%37%62%42%20%37%5E%42%62%5E%37%20%37%46%20%37%2D%43%5A%4C%37%2D%47%20%37%5E%42%62%5A%4C,%37%46%20%37%2D%43%5A%4C%37%2D%47,%4C%5A%42%62%34%34%54%53%5B%43%5A%4C%36%2D%58%79%51%7C%47%4C%39%47%20%37%2D%43%5A%4C%36%2D%43%20%37%43%2D%31%4E%7C%51%79%58%78%7C%51%79%58%39%62%37%5A%43%2D%20%43%2D%47%5A%4C%36%7C%51%79%58%2D%4C%5A%43%2D%58%58%37%2D%43%32%4E%7C%7D%51%79%58%39%46%7C%79%51%58%37%2D%43%7C%51%79%58%36%2D%43%7C%51%79%79%51%7C%45%62%39%47%20%37%2D%58%78%7C%51%79%4C%5A%45%62%2D%4C%51%79%58%5D%51%79%58%62%42%5A%4C%37%46%20%51%37%2D%43%5A%4C%2D%47%20%62%42%7C%51%79%58%5A%51%42%62%58%2D%47%20%62%42%58%39%43%7C%51%5E%37%58%79%51%7C%51%79%58%37%5E%62%42%7C%51%79%58,%37%7C%46%51%79%58%37%2D%43%7C%51%79%58%36%62%42%7C%47%2D%37%58%79%62%42%7C%51%79%4C%2D%47%20%62%37%62%35%58%79%35%62%37%2D%43%5A%4C%2D%47%20%62%42%7C%51%58%79%35%62%37%2D%43%5A%4C%2D%47%20%62%42%7C%51%58%79%51%7C%42%2D%43%7C%51%79%5A%43%2D%37%20%46%37,%4C%5A%42%62%58%79%51%7C%42%62%36%58%79%51%5A%20=%4A%61%7A%7A%2D%42%61%6C%6C%61%64%20%53%77%69%6E%67=%36%30=%33"
961a9a65-91e2-407c-beba-372a481503d9,irealb://%4A%61%7A%7A%67%72%61%73%73%20%57%61%6C%74%7A=%52%69%63%68%65%79%20%53%6C%69%6D==%4D%65%64%69%75%6D%20%53%77%69%6E%67=%45%2D==%31%72%33%34%4C%62%4B%63%75%37%51%79%58%37%43%34%45%2D%37%58%41%7C%51%79%58%37%2D%45%7C%51%79%58%37%41%51%7C%79%58%37%2D%45%7C%51%79%58%37%41%7C%51%79%37%58%79%51%7C%33%54%41%2A%7B%58%37%2D%45%7C%51%7C%7C%45%2D%7C%51%79%58%37%43%7C%51%79%58%37%47%7C%51%58%79%37%2D%44%7C%51%79%58%37%41%7C%51%79%58%37%42%37%58%79%51%79%58%37%42%7C%79%51%7C%41%37%58%79%51%7C%45%2D%37%58%79%51%7C%41%37%58%79%51%7D%20==%31%34%30=%30
96478a75-6ca7-4b8d-b6e1-310d715b6aa6,irealb://%4D%65%6C%6F%64%69%63%20%4D%69%6E%6F%72%20%6D%6F%64%65%73%20%6F%6E%20%31%20%54%43%20=%4E%41==%53%6C%6F%77%20%42%6F%73%73%61=%45%62=%38=%31%72%33%34%4C%62%4B%63%75%37%51%79%58%37%5E%39%73%75%73%20%20%3E%78%32%3C%51%79%58%7C%72%51%79%58%5A%20%4C%78%20%5A%4C%20%3E)%33%31(%38%34%2A%3C%7D%7B%45%62%2D%62%37%62%45%5B%7D%20%3E%78%32%5A%58%79%51%72%72%51%79%58%5A%4C%20%6C%63%4B%51%79%58%35%37%23%5E%62%45%7B%7D%20%3E%78%32%3C%51%79%58%7C%7C%58%79%51%3C%4C%20%6C%63%4B%51%79%58%5A%4C%23%31%31%58%79%79%58%33%31%62%37%62%45%7B%7D%20%3E%78%32%51%3C%79%58%7C%72%51%79%58%5A%4C%20%6C%63%4B%51%51%4B%63%6C%20%33%31%62%45%7B%62%45%7B%7D%20%3C%32%78%3E%20%79%58%7C%72%51%79%58%5A%4C%20%78%20%5A%4C%3E%20%39%32%34%2A%3C%20%35%62%37%2D%62%45%7B%7D%51%3C%32%78%3E%51%79%58%7C%72%37%23%39%23%35%58%79%51%4B%63%6C%20%4C%5A%58%79%51%72%7C%58%79%51%3C%32%78%3E%20%7D%20=%4A%61%7A%7A%2D%45%76%65%6E%20%38%74%68%73=%31%34%30=%33
967140cc-97d4-4d3e-b57c-5f9d04b1b1ee,irealb://%4E%61%67%61%73%61%6B%69=%57%61%72%72%65%6E%2D%44%69%78%6F%6E==%4D%65%64%69%75%6D%20%53%77%69%6E%67=%43==%31%72%33%34%4C%62%4B%63%75%37%5A%4C%2D%46%20%34%3C%20%41%41%20%43%5A%4C%51%79%58%7C%72%51%79%58%7C%51%58%79%44%2F%37%47%5A%4C%6F%23%43%20%43%3E%41%42%45%37%4C%5A%46%34%54%41%2A%7B%2D%46%7C%51%79%5A%43%20%3C%46%58%37%43%7C%51%79%58%43%7C%51%79%58%2D%46%51%7C%79%58%46%42%2A%5B%59%7D%20%20%3E%65%6E%69%79%51%7C%46%58%4C%37%47%20%43%58%79%51%7C%43%20%41%2D%4C%5A%3C%44%2E%43%2E%20%61%6C%20%46%69%6E%65%3E%44%37%20%47%37%20%5D%20=%4A%61%7A%7A%2D%4D%65%64%69%75%6D%20%53%77%69%6E%67=%31%30%30=%33
96759057-ed25-444c-9311-a776beaa99ed,"irealb://%50%4C%41%59%20%42%59%20%45%41%52%20%2D%20%50%6F%6C%6C%79%20%57%6F%6C%6C%79%20%44%6F%6F%64%6C%65%20%20%20%20%5B%70%62%65%5D=%62%65%32%23%20%41%52%52%3A==%5A%58%20%46%69%72%73%74,%20%53%65%74%20%41%6E%20%69%52%65%61%6C%20%53%74%79%6C%65=%43==%31%72%33%34%4C%62%4B%63%75%37%63%69%6E%6F%74%79%51%20%20%4E%73%69%20%22%31%22%20%2E%73%65%6E%6F%74%20%6C%65%61%63%73%20%65%72%61%20%73%72%65%62%6D%75%20%74%68%65%20%58%32%35%2A%3C%20%65%76%61%74%6E%6F%74%65%2E%22%20%2E%63%69%6E%6F%74%20%6E%61%68%74%20%65%72%77%6F%6C%20%3A%22%3C%22%32%32%2A%3C%20%3E%5E%22%20%4F%63%20%79%65%6B%2F%6D%75%6E%20%61%62%6F%76%65%20%20%51%79%58%32%37%2A%3C%51%79%58%51%79%58%79%51%58%51%79%58%51%79%58%3E%2E%63%69%6E%6F%74%20%22%6E%20(%61%20%64%6E%61%69%30%35%2A%3C%20%72%65%74%75%6E%6F%74%20%65%76%6F%62%61%20%73%65%74%6F%20%6E%6C%61%6E%69%67%69%72%6F%20%6F%74%20%6E%72%69%63%2E%3E%20%3A)%72%65%62%74%6F%6E%20%37%6C%61%79%20%77%6E%6F%74(%20%65%76%61%74%63%6F%20%6C%61%69%6E%67%69%72%6F%20%65%68%74%20%6E%69%68%74%69%69%63%20+%20%70%20%2E%65%2E%3A%6F%72%74%6E%58%79%51%58%79%73%61%65%6D%2D%32%20%51%79%58%51%79%58%51%58%79%38%33%2A%3C%51%79%58%51%79%58%51%79%58%51%75%72%65%20%69%3E%2E)%73%65%47%3E%49,%68%58%79%51%20%20%65%74%6F%6E%20%70%75%2D%6B%63%69%70%20%6F%74%77%20%51%79%58%38%36%2A%3C%32%32%54%69%2A%5B%73%3A%20%22%4F%51%79%58%3E%20%2A%3C%41%2A%5B%3C%2A%36%38%58%38%32%2A%3C%20%3E%31%51%79%58%38%31%2A%3C%43%20%3E%20%20%51%79%58%51%79%58%51%79%58%51%79%20%32%3E%20%5D%7C%51%79%58%37%58%32%32%2A%3C%20%77%65%6E%74%20%51%79%58%33%34%33%2A%3C%43%3E%22%20%2E%2E%20%20%2E%20%68%74%75%6F%73%20%6E%77%6F%64%20%20%33%3E%20%20%51%79%58%36%36%2A%3C%51%79%58%20%20%31%58%79%51%79%58%33%20%34%33%2A%3C%43%5A%4C%3E%32%33%34%2A%3C%20%51%79%58%3E%31%20%20%51%79%58%51%58%79%51%33%3E%51%79%58%51%79%58%51%79%58%51%51%58%79%51%58%51%79%58%33%20%33%20%36%33%2A%3C%43%5A%4C%32%3E%36%33%2A%3C%51%79%58%3E%20%20%31%20%51%79%33%20%33%58%79%79%58%31%34%32%38%30%2A%3C%20%58%79%51%33%20%32%51%79%58%30%33%2A%3C%37%47%5A%4C%51%79%3E%58%34%20%34%20%20%36%34%2A%3C%51%79%58%3E%33%3E%58%79%51%20%51%79%58%51%79%20%20%3E%20%37%2A%32%32%31%3E%32%31%2A%3C%51%79%58%3E%51%79%58%32%20%51%58%79%32%22%51%79%58%38%32%2A%3C%37%47%7C%5D%20%58%79%51%3C%20%3C%20%3E%37%3C%3C%20%51%79%58%79%51%37%3E%20%79%58%3E%20%32%20%51%79%58%32%20%51%79%58%33%30%2A%3C%37%47%5A%4C%3E%31%E2%80%9C%20%30%32%2A%3C%51%3C%2A%31%30%58%32%31%2A%3C%34%20%34%20%51%3C%2A%32%36%20%3C%51%79%58%3E%35%20%35%51%79%58%35%20%35%20%20%38%34%2A%3C%37%47%7C%5A%4C%20%3E%32%22%20%2A%34%30%58%79%20%20%3E%20%37%2A%3C%20%3E%20%32%36%58%79%51%65%72%61%46%22%30%35%2A%3C%20%51%79%58%3E%51%31%79%58%36%31%2A%3C%43%5A%4C%20%3E%32%20%32%20%74%68%65%65%2A%3C%20%20%3E%79%58%3E%33%20%31%3E%20%3C%2A%3E%2E%20%2E%20%2E%20%2E%20,%6C%6C%65%77%20%20%36%36%2A%3C%42%2A%5B%5D%20%3E%32%20%36%32%43%3C%2A%33%34%51%79%58%36%31%20%34%32%2A%3C%32%30%58%79%51%58%32%31%2A%3C%20%20%51%79%58%3E%33%20%38%2A%33%3C%43%5A%4C%3E%32%20%30%33%2A%3C%20%3E%31%79%51%31%3E%20%2A%3C%20%20%51%79%58%30%33%2A%3C%2A%33%34%20%20%3E%33%20%34%33%2A%3C%20%20%3E%34%51%79%36%58%34%2A%3C%20%3E%33%32%33%2A%3C%20%20%3E%33%4C%5A%47%37%3C%43%5A%4C%3E%32%31%2A%3C%51%79%79%51%20%20%3C%20%32%51%79%58%32%20%32%22%51%79%58%38%32%3C%2A%37%47%5A%4C%3E%31%32%31%2A%3C%20%3E%37%3C%32%20%20%3E%58%58%3E%20%32%51%20%32%20%20%32%20%37%20%37%20%30%33%2A%3C%37%47%5A%4C%3E%31%E2%80%9C%20%38%31%3C%2A%20%3E%37%51%79%58%30%31%2A%3C%20%20%3E%20%58%79%51%32%20%3C%51%79%58%30%35%20%35%20%51%3C%2A%30%36%58%3C%37%47%5A%4C%20%3E%32%20%32%22%51%79%58%32%38%2A%3C%20%20%3E%20%20%37%20%37%3C%20%51%79%2A%34%38%58%79%51%79%58%3E%32%58%3E%31%51%79%35%3E%58%79%51%43%5A%4C%20%3E%32%20%32%51%79%58%36%32%2A%20%3C%20%3E%34%20%34%20%20%51%79%58%30%34%2A%3C%3C%2A%31%36%58%20%35%51%79%58%6F%6E%20%74%73%20%5A%3C%62%23%51%79%58%51%79%58%51%79%58%35%20%3A%65%74%6E%6F%20%74%73%65%68%67%69%48%34%35%2A%3C%20%3E%20%4C%6F%77%65%51%79%58%51%79%74%65%3A%20%3C%37%20%3E%20==%30=%30"
964ccbd8-63d3-49bd-90ca-85cc2cc32770,irealb://%51%75%65%6C%71%75%65%73%20%6D%6F%74%73%20%64%27%61%6D%6F%75%72=%42%65%72%67%65%72%20%4D%69%63%68%65%6C==%53%6C%6F%77%20%52%6F%63%6B=%42%62==%31%72%33%34%4C%62%4B%63%75%37%2D%44%20%62%42%49%6E%74%72%6F%75%73%46%20%2D%47%5A%4C%2D%44%20%62%42%41%7B%2A%20%62%42%20%62%42%5A%4C%62%42%20%62%42%3E%73%2C%46%2C%7C%3C%34%34%54%7B%5A%4C%2C%62%42%73%2C%20%47%4C%4C%6F%45%20%46%5A%4C%62%42%20%62%45%7C%2C%2C%47%73%75%73%47%20%46%5A%4C%62%42%20%62%45%5A%5A%45%62%2D%20%75%73%47%5A%4C%4C%2D%44%20%62%20%7D%7B%2A%42%44%2F%2B%46%20%2D%43%5A%4C%2D%47%20%23%46%44%2F%5A%4C%62%45%20%2D%43%5A%4C%2D%44%20%62%42%62%20%7D%7C%42%62%42%20%62%42%4C%62%42%20%62%73%75%73%2C%46%73%75%73%47%20%46%5A%4C%62%42%20%62%45%5A%47%4C%20%73%75%73%47%5A%4C%2D%44%20%62%42%7C%2C%2C%47%2C%7C%45%46%20%2D%47%5A%20%2D%43%5A%4C%4C%5A%45%62%2D%2F%44%5A%4C%62%45%20%2D%43%5A%4C%2D%44%20%42%62%7B%5D%20%62%42%20%62%42%5A%4C%2C%62%42%20%46%23%20%47%2D%6F%45%20%46%5A%20%46%5A%4C%62%20%7D%7C%42%62%4C%47%20%73%75%73%47%5A%4C%2D%44%20%62%42%2C%7C%46%2C%73%75%73%46%20%2D%47%5A%4C%2D%44%20%5A%45%62%20%42%62%44%2F%2B%46%47%73%75%73%2C%47%2C%7C%45%62%20%42%62%4C%5A%46%20%45%6F%4C%5A%45%62%2D%20%42%62%2C%4C%5A%42%62%20%42%62%2C%55%20%5A%20==%30=%30
96ff430c-a10f-4d02-bc6e-8230e7e7354d,irealb://%52%65%76%65%6C%61%74%69%6F%6E%20%53%6F%6E%67=%54%6F%6D%6C%69%6E%20%43%68%72%69%73==%42%61%6C%6C%61%64=%43==%31%72%33%34%4C%62%4B%63%75%37%79%58%39%64%64%34%47%61%64%64%5A%51%79%58%2C%43%7C%51%79%58%2C%39%64%64%46%61%7C%51%79%58%2C%37%2D%44%7C%51%79%58%2C%39%7B%2A%42%47%61%34%54%41%2A%5B%6C%61%74%6E%65%20%20%73%43%2F%6E%69%20%36%36%2A%3C%2C%43%2A%2C%7B%7D%51%58%79%43%7C%51%79%58%39%64%64%61%46%6C%7C%2C%45%73%74%72%75%6D%37%2D%44%7C%51%7C%51%79%58%46%51%7C%42%62%58%42%7C%51%79%58%2D%44%3E%6C%6C%61%20%39%36%3C%2A%7B%7D%51%79%58%43%7C%51%79%58%46%7C%51%79%62%58%79%51%7C%79%58%2D%44%3E%43%3C%2A%31%35%78%36%3E%20%7D%2C%66%2C%43%20%5D%20==%30=%30
967105e0-370b-46d3-a94d-742fbb6fd100,irealb://%54%75%20%41%6D%6F%72%20%28%4A%6F%62%20%47%6F%6E%7A%61%6C%65%7A%29=%47%6F%6E%7A%61%6C%65%73%20%4A%6F%62==%50%6F%70%20%2D%20%52%6F%63%6B=%43=%35=%31%72%33%34%4C%62%4B%63%75%37%5A%4C%47%20%2D%34%41%2D%20%47%43%5A%4C%47%20%2D%41%41%2A%7B%7D%20%46%20%2F%45%43%5A%4C%47%20%2D%41%5A%4C%46%20%43%5A%4C%20%46%4C%5A%41%34%54%69%2A%7B%47%5A%4C%46%5A%20%7D%5B%2A%42%41%5A%4C%47%5A%4C%46%43%2A%5B%5D%51%79%58%7C%78%51%79%58%47%7C%51%79%58%78%7C%51%79%58%46%2D%4C%5A%47%4C%46%20%45%2F%43%70%70%70%5A%4C%5A%47%2F%42%2C%44%2A%7B%20%51%79%58%5D%20%47%5A%4C%46%5A%47%4C%5A%4C%2D%41%5A%4C%47%5A%4C%46%7C%7C%2C%43%43%2F%45%20%46%4C%2D%41%5A%4C%70%7C%47%20%41%2D%4C%5A%70%70%43%20%7D%20==%30=%30
9694752b-afa2-4b55-a467-753eb9f9e010,irealb://%55%68%20%48%75%68=%4D%6F%62%6C%65%79%20%48%61%6E%6B==%4D%65%64%69%75%6D%20%55%70%20%53%77%69%6E%67=%43==%31%72%33%34%4C%62%4B%63%75%37%31%4E%7C%51%79%34%42%62%37%58%51%79%58%37%62%42%7C%51%79%58%37%62%45%7C%79%51%58%37%62%42%7C%51%79%58%37%62%45%7C%51%79%7C%45%62%37%58%34%54%41%2A%7B%62%42%32%4E%5A%28%31%33%29%3E%51%79%58%7D%20%39%62%37%46%3E%29%33%31%28%20%3C%39%62%47%3E%29%33%31%28%3C%5A%4C%39%62%41%58%79%51%20%4C%3C%20%37%62%42%58%37%2D%62%45%63%6C%20%4C%5A%20%73%75%73%37%62%42%7C%51%79%58%37%2D%62%5A%42%4C%20%6C%63%4B%51%79%58%37%2D%62%45%42%2A%42%62%37%4C%5A%4B%51%79%58%37%79%58%37%62%45%20%4C%5A%46%37%62%42%7C%51%79%58%37%62%45%7C%51%79%58%37%42%62%41%2A%7C%5D%20%20%6C%63%4B%51%79%58%35%23%37%58%79%51%7C%6C%63%4B%51%79%3E%29%33%31%28%58%79%51%7C%45%3E%29%33%31%28%3C%5A%4C%39%62%41%3E%29%33%28%31%3C%20%2C%37%62%42%31%4E%7C%51%79%58%37%62%47%62%39%20%3C%37%62%42%7C%51%46%37%62%39%2C%20%5D%20==%30=%32%36
9698b7c2-6e9e-45c5-bf57-680532d8a70b,"irealb://%59%6F%20%45%6E%74%72%6F%20%41%6C%20%4C%75%67%61%72%20%4D%61%73%20%53%61%6E%74%6F=%43%6F%6D%70%6F%73%65%72%20%55%6E%6B%6E%6F%77%6E==%42%61%6C%6C%61%64%20%45%76%65%6E=%42%2D==%31%72%33%34%4C%62%4B%63%75%37%7C)%23%43(%34%42%2D,%2A)%23%43(%20)%45(%2A%32%64%64%61%2A%7C%41)%44(%20)%42(%20)%23%46(%20%41%20(%42)%20%34%54%69%2A%7B%23%46(%2A%32%20(%43%23)%42%2A%7B%7D)%45(%20)%44(%20%20)(%42%2D%42%7C)%62%42(%20)%42(%37%23%46%44%2A%61%64%64)%44(%2D%45%44(%2D%42%7C)%20(%46%23%23%46(%20%20)%47(%2D%45%7C)%23%46%51(%79%58)%45(%2A%32%64%64%61%2A%41%7C))%20(%45)%47(%20%20))%23%43(%20%20(%42)%20%64%64%61%2A%41%5A%4C%47)%42(%20)%44%2A(%32%64%64%61%2A%47%43%2A%7B%7D)%23%43(%32%2A(%45))%44(%20)%41%4C%5A%42%2D(%46%23)%58%79%51%7C%42%2D(%42)%20(%44)%20(%42)%20(%43%23)%7D%20=%4A%61%7A%7A%2D%4D%65%64%69%75%6D%20%53%77%69%6E%67=%36%30=%33"
96d4e773-5fca-4920-9311-2c506f5c7321,irealb://%59%6F%75%20%4D%61%6B%65%20%4D%65%20%46%65%65%6C%20%42%72%61%6E%64%20%4E%65%77=%50%65%72%66%6F%72%6D%65%64%20%42%79%20%54%68%65%20%53%74%79%6C%69%73%74%69%63%73==%53%6F%75%6C%20%42%61%6C%6C%61%64=%45==%31%72%33%34%4C%62%4B%63%75%37%42%6C%7C%51%79%41%62%3E%41%5E%3E%23%46%3C%7C%51%79%58%37%2D%23%46%3E%45%62%20%41%20%42%20%41%20%62%41%3C%7C%51%79%58%37%47%23%2D%37%58%20%3C%69%2A%7B%79%58%45%6C%5A%73%46%23%2D%37%23%46%73%20%2C%37%2D%23%46%7C%2C%2D%23%47%2C%73%5E%41%73%20%37%5E%41%6C%7C%7D%2C%2D%42%2C%2D%37%2F%42%4C%20%2C%23%43%2F%2F%2D%41%7C%51%51%5D%5B%2A%41%79%58%45%2F%2D%41%7C%51%79%58%45%3E%43%20%51%42%79%58%51%79%58%51%79%58%62%41%20%42%3C%53%51%7C%45%58%79%79%58%45%7C%51%6C%7B%2C%44%2C%45%58%79%51%7C%2C%37%42%59%7C%51%79%58%2C%42%2F%37%2D%23%7C%46%51%79%58%37%23%46%7C%51%79%58%23%43%2F%42%20%73%41%2D%37%7C%51%79%58%45%42%42%2A%7C%7D%4E%31%3C%2A%36%20%36%36%2A%3C%30%4E%7D%20%3E%78%33%39%33%3C%2A%47%2F%2D%43%3E%2E%33%2E%32%20%51%79%58%36%34%2E%3E%47%20%7C%51%79%58%47%7C%2C%5E%43%2C%7C%45%2D%37%58%37%2D%41%6C%5A%4C%2C%37%2D%42%20%37%5E%43%51%7C%79%58%39%2D%41%5A%4C%20%7C%72%20%7C%51%79%2C%20%73%42%2D%51%79%58%37%2D%73%20%45%2F%44%58%79%51%5B%6C%2D%42%7C%51%79%58%39%2D%41%7C%51%79%58%37%43%5E%6C%43%2A%7C%2C%44%2C%2D%41%73%20%2C%37%44%37%58%79%51%7C%73%75%73%44%6C%42%2C%43%2F%57%7C%6C%43%5E%37%5D%2C%44%51%2C%2D%41%73%20%45%2F%44%7C%51%58%79%37%2D%42%7C%51%79%58%39%2D%41%7C%51%79%58%5B%43%5E%37%20%2C%44%2C%2D%41%7B%20%51%79%58%2D%37%20%43%2F%61%64%6F%43%20%6C%61%20%2E%53%2E%44%3C%5A%2C%4C%45%5A%4C%47%2F%2D%43%5A%4C%47%5A%4C%2C%44%3E%45%2C%20%5A%41%6C%7C%2C%2D%64%65%74%72%61%79%51%7C%41%2D%79%58%7D%20%3E%78%34%39%33%2A%3C%2C%2D%41%45%20%2F%44%7C%51%79%58%37%2D%42%7C%51%79%58%39%51%20%3C%43%68%58%37%5E%43%51%20%62%79%20%52%54%4C%20%28%65%64%69%74%65%64%20%62%79%20%43%46%43%29%3E%20=%50%6F%70%2D%52%6F%63%6B=%38%35=%31
961a55d2-c552-4b09-b1b4-e847808a8236,irealb://%CE%9E%20Dim%20chords%20Random%205%20%281%20bar%29=Valentin%20Thorey==Medium%20Swing=C%20==1r34LbKcu7F%20ZL%20Eo%20LZ%20oB%20ZL%20oD%20ZL%20oD%23%20ZL%20o%23C%20ZL%20oF%20LZ%20Ao%20%5B44T%23o%20LZ%20Go%20LZ%20G%23o%20LZ%20Co%20LZ%20A%23o%20%20%5D==120=0
96a90673-c302-48fc-a217-3dad571fdbb3,irealb://%D0%9A%D0%BE%D1%81%D1%82%D0%B5%D1%80%3D%D0%B2%D1%80%D0%B5%D0%BC%D0%B5%D0%BD%D0%B8%20%D0%9C%D0%B0%D1%88%D0%B8%D0%BD%D0%B0%3D%3DPop%20-%20Country%3DE-%3D%3D1r34LbKcu7ZL%2CDZ4C%2CLZxZL%2C-ESA*%7B%20%20QyQXyX%7D%20xZL%2C-EZL%2CDLZG%2CL4Ti*%7BQyXQ%20-7%2CLZY%20%20%5D%20%2CxZL%2C-EZLD%2CZL%2CC%5B%7D%20QxZL%2C-ES%20%20*ABZL%2CCZL%2C7-G%2C%7CD%2CL%2CC42TZL%2C7A%7C%2CGC%2CZL%2C-EZL%2C7-B%2CC%7CZT44B%2CCB*%5BCZL%2C-x%20%5D%20Y-B%2CC%7C%2CD%7C%2CG%2CCB*%20%5B%20QyXQyXQ%20A*%20%20S7%2CLZEZL%2C-EDZL%2CG7%2CLZT%2C-E%3Eolos%2066*%3C%5B%5DY%20%2C7-B44TZL%2CC42LZxLZA%7C%2CG%2CCZLxZLZB-7L%2CDZL%2CC%3EadoC%203*6%3C%5BY%5D%20xZL%2C-EZL%2CZE-%2CL%2CCZL%2C%2CLZD%2CLZfE%2C%20Z%20%3DJazz-Medium%20Swing%3D100%3D3
96fcc423-2d4a-4bac-a863-c5b62907524d,irealb://%D0%9C%D1%8B%20%D0%A0%D0%B0%D0%B7%D0%B1%D0%B8%D0%B2%D0%B0%D0%B5%D0%BC%D1%81%D1%8F%3D%D0%97%D0%B5%D0%BC%D1%84%D0%B8%D1%80%D0%B0%3D%3DMedium%20Swing%3DEb%3D3%3D1r34LbKcu7ZL)bBb(Eb)(-GZL)bE(%20%20)bEb(EZL%20x%20ZL)bE(%20%20D)%20%20(E44T%5BXC%7CQy%20%20(AbyXbB%7C)F(%20)bA(%20)%20C(-Fl%7C)bB(-Gs)Q%7CBoX)C(bAbA%2F7%5E%2FC%23%20s(%20)F(%20)*D*G(%20)(F-Dl%7C%2CG%2F7A%2CE%2F7AA)%7CF-7A%7CQy%5D)bB((D)%20(%20)G(%20)F(bB%7CQyXF-l%7C)C(G%2F7%5E-Fs)C(Ab)%20%20)bE(bA%7CQyQ%20%20%5B*yXbEZLbB%20-F%7CQybXA%7CQyX-G%7CQyXbEBQ%7CG-XyXQyXyX-Dl-XyQ%7CA%2CE%2F7As%20%23C%2F7A%7CyQXC%7CQyXoB%7CQyXbB7%2FG%2C%7CF%7CQyXE(%20)D7%2FAbX%20%7C)bB(%20)bA(%20)G%20()F(bB%7CQyX-F%7CQy(C)%20(%5E-F%7CQQyX-G)%5DXyQE%3E%3F%D1%853%20%D1%81%20%D0%BC%D1%82%D0%B8%D1%80%20%2074*%3CB*%7BQyXQyXQyXbXyQ%7CF(%20)b%7CAb%20%20sAb%2FG%2C%7ClF-%20Bb%3C*66%D1%855%3E%20%7D%7CAbXyQ%7CAbXyQ%7CfAbXyQ%5D%20%3DJazz-Medium%20Swing%3D100%3D3
96dc6d64-51d5-4413-b845-7487f85fff53,irealb://%D7%9E%D7%94%20%D7%A9%D7%99%D7%A9%20%D7%9C%D7%99%20%D7%9C%D7%95%D7%9E%D7%A8%20%D7%9C%D7%9A%3D%D7%90%D7%9C%D7%91%D7%A8%D7%A9%D7%98%D7%99%D7%99%D7%9F%20%D7%97%D7%95%D7%95%D7%94%3D%3DPop%3DC-%3D2%3D1r34LbKcu7ZL7G%20C-%20BbA%20-CZL7G%207%5EbEZ7LbB%20-CZL-C%20bEZLbLZF-%2CA*%2C%5BL-F%20bLZC-%20B%207-FZL7C%20-FZLC7%20bEZLbB%20bEZLbBb7LZE7G%20-CQyX-CbLZG7bAZL-C%20-FZL-C%20F-i*%7BY%7CQyX-C%7CQyX%20G7LZA%207GZ%7D%20%3DPop-Rock%3D115%3D1
968e2344-c115-4ece-90d7-524469bb6a07,irealb://%D7%A9%D7%9C%D7%97%D7%99%20%D7%90%D7%95%D7%AA%D7%95%3D%D7%93%D7%9C%D7%95%D7%9E%D7%99%20%D7%A8%D7%95%D7%A0%D7%99%3D%3DPop%3DC-%3D3%3D1r34LbKcu7A*%5BQy%23-XyQyXQyX%5BQyX%23C%7C%7DQXy%23C%7CQyX-B%7CQyXD%7CQXyQXF86T%7B7%23C%20hQ%7CD%5E7X7%5ED%7CQyX-%23FZL7C%23%20h%23G%7CQyX-B%7CQyXyQ%7CG%23yX-%23F7%5ED%7CQXyQ%7CY%7CQyXoF%7CQyX-%23C%7CyQXh%23D%7CQyX7%5EDSB*F%23-Xy-%23FZLyXh%23G%23h%20C%23%7CQyX7%5ED%7CQyX-%23F68T%7CQyX7%23C83TZL7AXyQ%7CG%7CQyXQyX-%23XyQ%7CByX%23C%7CQyX-B%7CQyX%7CDQyX-%23Fi*ZL%23C%20-Q%5B*AF7%23C%7CQ%2Ci*%2CZyQ%7CB-h%23G%7CQyX7%5ED%7CQyX%23-FZL7%23C%20h%23G%7CQyX%20C%237LX7%5ED%7CF%23-XyQ%7CDXyQ%7CB-XyQ%7CC%23XyQ%7CxXyQZ%20%3DPop-Rock%3D115%3D1
9677eb73-3a8b-4cfa-a932-0259acdc04f8,irealb://%E3%81%84%E3%81%A1%E3%81%94%E7%99%BD%E6%9B%B8%E3%82%92%E3%82%82%E3%81%86%E4%B8%80%E5%BA%A6%3DComposer%20Unknown%3D%3DRock%20Pop%3DC%3D%3D1r34LbKcu7ZL-E%204A-Xy-E%7CQyX-AZL7E%20ssuE%7CQyXF%7CQyX-E%7CQXyQ%7CF4TA*%7BA%7CQyX%7D%7C*BD7G%7CQyX-D%7CQyX-AQ%7CyXC%7CQyX7G%7CQyX-XyQ%7CCQyX-AL-E%20F*AA-XE%7CQyX-AZL7E%20suEs%7CQyXF%7CQyX-E%7CQy-XyQ%7C%7CQyX-ZA-XyQ%5D%20%3D%3D0%3D0
962bb365-37e7-4d20-a26b-ad05c1726868,irealb://%E3%82%AF%E3%83%AD%E3%83%8E%E3%83%BB%E3%83%88%E3%83%AA%E3%82%AC%E3%83%BC%20%E3%82%AF%E3%83%AD%E3%83%8E%E3%83%BB%E3%83%88%E3%83%AA%E3%82%AC%E3%83%BC%3DComposer%20Unknown%3D%3DRock%3DG%3D%3D1r34LbKcu7yX-E%7C-XyQ%7CF%7CQyX7%5EF%7CQyX7-F%23%7CQyX7-%23F%7CQyX-A%5E7XyQA44T%5BF%7CQyXyQ%7C%7BAX-A%7CQyX7-%23F%7CQy7X-%23F%7CQyX-A%7CQyX-yQ%7CA-X-E%7CQ%5EF%7CQyQ%7CF%23-X7-E%7CQyX7-E%7CQy7X%5EF%7CQyX7%5EF%7CQyX7yQ%7CCXyX7-%23QyX7%5EE-XyQ7-B%7CQyX7-B%7CQyX%7CAQyX7%5EG%7C%7DQyX-E%7CXyQ%7CG%7CQyX7yX7-ByQ%7CB*-B%7CQyXA%7CQyX7%5EGLZA/B%20B%7CQyX*4sus7XyQ%7CX-%23F%7C7%5EC%7CQXyQ%7CF%7CQyXD%7CQyXD%7CQyX%5E7C%7CQyX7%5EC%7CQyX-%23C%5E7Xy7%5EG%7CQXyQ%7CDXyQ%7CDXyQ%7CE-XyQZ%20%3DPop-Rock%3D132%3D1
9615e448-fef3-4d02-8aab-bcba89cb0649,irealb://High%20Society%3DPorter%20Steele%2C%20Walter%20Melrose%20%281901%29%3D%3DMedium%20Swing%3DEb%3D%3D1r34LbKcu7B%20%2CB%20*74In%20%2CA%20%2CortnI%20QyX74*%3C%7C%2C7F%2CbBs%3EortA%2C%20B%2C%3C44T%5BZL7FA%2C%20C%2C%20yXQyX%5B%20xZLxZL7%3EF%29C%20no%20solos%28%20DQ%20%20%7B*EGDIRFZL7CLZxLZxZL-GZL7DZLxZLG-ZLxZLbBZLxZL7FLZxLZbBZLxZLoEZBF7LZ7bBZLbBZLxZLFZxLZL7CZLxZLbBZLxLZEbL*%7B%7D%207L7bB%3E7%2CF7%2CB47*%3C%5B%7D%20bB%3EkrBQ%20yX72*%3C%7C%2C7F%2CbB%7CridgeCZLbBZLxZLLZx%20%5BLxZLbE%3EsoloSQy4X7*%3CC*%7B%20%20QyXQyXZxLZxxZLxZkrB%20%20%2C%7CEbL*%3CZLxZL7FZL7-CLZbEZLxZL7bBZLxZ30XyQbA%2CbEZLbAZZ%20%28BbLbE%7C%2CbA%2CbEZLxZxLZLxZLxZLbEZL%297ZEb7LL7bB%3ExZL-CbLZC77GZLxZL-CD*%5B%7D%20ZxLbEZL7bBZL7FZLLZxLZEZLoALZG7LZxLZF-LZxLZC-LZxLZAbLZxLZG7LZBb%20%5D%20%3D%3D0%3D0
96fd1530-2fdb-4859-a99a-51fc740d0f04,irealb://I've%20Been%20Floating%20Down%20The%20Old%20Green%20River%3DJoseph%20Cooper%2C%20Bert%20Kalmar%20%281915%29%3D%3DMedium%20Swing%3DF%3D%3D1r34LbKcu7LxZL7*74VeL-GZL%20%7Cr%20ZL%20%7CrZ%20L7C%7C%2CoF%2CFs%3EesrZxLZC%3C44T%5BBZLxZ%2C%7CD7L%20%7Cr%20ZL7C%7C%2CoF%2CFZ%7CLxZL7CZLxZL7GZLZF7L7C%2CFZurohCZG7LZ%5D%207C%7C%2C7G%2C7CZLxLZ7G%7C%2C7A%2CCZLCZLx%5B%3C*74LxZLbQyX7CyQKclZL%20x%20ZL%20lcKQyXG7%7CQyX7DZL%20x%20ZL%20%20x%20LZXFl%3EsXbBZLZ%20x%20LyX7FZL%20x%20ZL%20x%20LZ%20lcKQyXFZL%20x%20ZQKcl%20L%20lcKyX7DZ%20LZD7L%20lcKQyXF%7CQyX7%7CCQyX7GZL%20lcKQyXZ%20x%20LlcKQyQ%7CG7XyQ%7CC7XyQ%7CFXyQKcl%20%28C7%29%20Z%20%3DJazz-Medium%20Swing%3D100%3D3
96a0bd78-80f4-4091-a01c-3a9c73ca85f6,irealb://Is%20You%20Is%20Or%20Is%20You%20Ain't%20My%20Baby%3F%3DLouis%20Jordan%2C%20Billy%20Austin%201944%3D%3DMedium%20Swing%3DF-%3D%3D1r34LbKcu77bBl%7C*74VeCs%20bDZLbE%20-FZLC7%20bDZLbE%20-F%3Eesr7%2CB7%2C%3C44T%5B-FZL%20l%20LZEC%20-F%3EsurohC27*%5B%3CY%5D%207C%20hG%7CQyX7b7LZ%20xcKQyXL%20x%20Z-%20B7LFZL7C%207bD%7CQyXb%7CAQyX7bE%7CQyX7bBZ-%20C7LF%7CQyX-bD%7CQQ%7CF-%20QyX7bA%7CQyXbA%7CQXy7bE%7CQyX7bBZL7B%7CDbXyyX-FZ%20-FZLbXyQ%7CBZL7F%207bG%7CQyXb%7CGQyXbDZL%2BbA%207bAb-%20C7A%7CQyX%7CQyX7x%20LZF%207bA%7CQyX7bE%7CQy7XbBZL7B%20-F%7CQyX-G7LZF%20ZL7CBb7XyQ%7CBb-7%20Eb7LZAbXyQ%7CDb7%20C7%20%5D%20%3D%3D0%3D0
968dac70-b0f3-486b-a194-c4b0e40a443d,irealb://Tangerine%20%28Dixieland%20Tunes%29%3DVictor%20Schertzinger%2C%20Johnny%20Mercer%20%281942%29%3D%3DMedium%20Swing%3DF%3D%3D1r34LbKcu7F%7CQyX4G-7X%20ZL7C%207-GZLobAF%20%7CQyXF%7CQyX7C%7CQyx%20LZF4TA*%5BX7AZL%5B*BG-BZL-%23F%20AZL7E%20FQ%7CyXF%7CQyX7C%7CQyX7-7%20E7%5D%20%2BD%20L%20x%20Z%20D%2B%20%5D-GZLobA%20F%7CQyXFQ%7CyX7C%7CQyX7-GA*%5B7%20C7L7A%7CQy7-G%20-yQ%7CD7G%20F%7CQyX7-D%7CQyXA7%7CQyX7-GC*%5B%5DQyX7LZBbX7bEZLZG-7%20C7LZFXyQKcl%20%20Z%20%3DJazz-Medium%20Swing%3D100%3D3
9688c731-ce1f-43fa-b70c-3af43f17d5b1,irealb://Peas%20Porridge%20Hot%3Dbe2sharp%20ARR:%3D%3DZz%20Pick%20A%20Style%20You%20Like%3DD%3D%3D1r34LbKcu7t%20semyQ%20%20Nos%20ruoy%20fo%20eto%20ntsal%20eht%20gnimang%20naX63*%3C%20orP%20%3C*08k%20siht%20rof%20tes%20stum%20uoy%20taht%20yeiReal%20%3E%20ehgised.%3EXyQrtni%20sihT%20%20QyX46*%3CQyXQyXQyXQyXo%20is%20trahcrohc%20nly%20th81*%3C%20%3Eti%20os%20%2Chmtyhr%20edivorp%20oas%20noo%20denQyXQyettinyX%3E.mrofrep%20oty%20daer%20teg%20uoy%20gQXyQXl%20%2Csdn%20ZL%2052XyQi*%5B%20%20QyXQyX%3E.%29dsrohC%20oN%28.C.N%20%20T44%20n*%3CQyXD%207AZADXyQ2NZL%20QyXQyX%7D%20%20%20xZLD%207A1NZLD%20G%7CA7%20DL*%7B%5D%20%20%22ti%20g2XyQ%20w%20%2Cgnos%20a%20no%20gindne%20na%20tup%20oT%20e%20%22ta6*%3C%5D%20ngis%20*32byeht%20ta%20%2Cserusame%20artxe%20gnidda%20%20coda%3C%20%3E%20%2Cfa%20ylQXyQXalp%20adoc%20sihT%20Q%20yX47*%3CQyXQyXQyys%20onyX%3E%20.P%20laehe%20so%20rebmun%20eht64*%20%3C%3Edeyalp%20sah%20gnof%20iRt%20ret%20QyX4peatsQyXQyXQyXQyXQy%3EX.detceles%20uoy%20%5BQ%3C*7eR%20or%207A%3E.%20coda%20%2C2%23%20gnidne%20yapler%20lliw%20%29gat%28%20twicesihT%20uideM%20DLZA%20:selytS%20elpma0S5*%3CZ%20D%207AZLD%207Jazz-7AZLDlS-pong%2C%20TXQyXQyXQyXQyXQXy42*%3C%20%3E031%20opmeyQ%20%20PiwS%20mQyXQyck%2C%20TyX27*%3CQyXQyXQyQXyXQyX%3E031%20opmeQXyQXoR%20woXQyXQQXyQX84*%3C%20%3E021%20opme%20T%2CnitaL-zzaJ%20QyXyQXyyXQyXyXQyXXyQ%20%20XQyX%3E031%20opmeT%2C%20zzaJ%20darT-zzaJyQXyQQyXQyhc%20htXyQ%20%20yalp%20era%20sortu%20oro%20sortni%20nehWed%20wi65*%3CQ%22gnip%3E%20%3C*2dellac%20s'ti%20%2C%29dyolem%20on%28%20ylno8%20%22com%20sdropmoc%22s%3EXyQluoc%20adoc47*%3C%20%23%3Eb%3CQyXQyXQyXQyXd%20be%20ihT%20.ed%22.%3E%20%3DJazz-Trad%20Jazz%3D130%3D3
96705d39-4cf2-4fe2-8a8c-0625e958d32d,irealb://017%20Major6%20Chromatic%20Up%20%28half%20Bar%29%3DPatterns%20For%20Jazz%3D%3DJazz%3DC%3D%3D1r34LbKcu7QyX6G6XyQDG%7CQyX6FQyX6E%7CQXy6bEQyX6D%7CQyX6bb6XyQC44T%5B%7CAb6XyQA6XyQ%7CBb6XyQB6XyQ%7CC6XyQ%5D%7C%20%3DJazz-Ballad%20Swing%3D75%3D3
9636d083-86aa-4e4a-89a0-da1ac9205a6f,irealb://02%20-%20Ben%20%3DMichael%20Jackson%20%28Black%2C%20Scharf%29%3D%3DBallad%3DF%3D%3D1r34LbKcu7XE/7C4F%20Bb-F%28F44TA*%7B%20%20QyQXyX%5D%20F/bB%20FZLF/%29XyQ%7C4Ti*%5B%2C11%237F-%29Xy%23C/7A%20E/sus7A%7CyQX7%5EF%7CQyXE/7C%7CQ%2CLZEb%28F%7CQyQyXQyZsG-7bB%20FZL%2CF/bB%20%2CFLZ%2Csus7Cl%20%2CbD/5b/F%20%7DXL%2C7D%20QyX%2CFG-7%2C%20yX%2C7%5EFZL%2C7C%20%2C7G-ZL%2C6F%20%2C7%5EFZL7CQ%7D%5B*CB*%7B%20%20ZL%2C7D%2CXyQ%7C%7CQyX%2CE/7C%7CQyX%2C%7CFQyX%2CE/7C%7CQyX%2CFEb7%2C%20E/7C%7CsG-7b5%2C%20lC7%2CLZ%7BF%2C%20Bb/F%2CLZF%2C%20Bb/F%2C%20%7DF%2CXyQZ%20%3DJazz-Ballad%20Swing%3D60%3D3
96cc3192-7d40-44af-bb06-0ae75eeab3a6,irealb://Back%20For%20Good=That%20Take==Medium%20Swing=F=5=1r34LbKcu7%2CbB%7C%2C4F%2CG%2DA%2A%2C%7BZL%20ZL%20ZL%20Z%20LZL%20ZL%20%7C%7DC%2CbB%7C%2C%2CF%2CG%2D4Ti%2A%7B%2DG%2CFBG%2D%2C%7CB%2CbB%7C%29C%28%2DD%2C%2DD%7C%2C%2CCbB%7C%2C%2DG%2CF%7C%7D%2CC%2CbC%2C%7C%7B%2A%2CF%7C%2CCpots%20C%2C%7CF%2CrP%20%20QyX%3CZL%20ZL%20LZ%20ZL%20%7C%7DC%2CbB%7C%2C%2DGime%204%2CbB%7C%2CZL%20ZLLZ%20LZL%20ZL%20ZL%20%2CA%2A%2CZLZ%20L%20ZL%20ZL%20ZL%20ZL%20Z%20LZ%20%20%3EdepZL%20ZLZ%2C%2AB%2CL%20%2Ci%2A%2CZL%20ZL%20ZLZ%20L%20ZL%20ZL%20ZL%20ZL%20Z%20LZ%20L%20ZL%20L%20ZL%20Z%20LZ%20%20ZL%20ZL%20ZL%20ZL%20Z%20LZL%20ZL%20ZL%20ZL%20ZLLZ%20LZL%20ZL%20%20ZL%20ZLZ%20LZZL%20ZL%20ZL%20ZL%20ZLZ%20L%20ZL%20ZL%20ZL%20ZL%20%20LZ%20L%20ZL%20ZLZ%20LZ%20LZ%20LZ%20LZ%20LZ%20LZ%20LZ%20LZ%20LZ%20%20Z%20=Jazz%2DMedium%20Swing=120=3
96f089a9-28bc-4d4c-b7fa-19b535d2aa85,irealb://4%20Bars%20Major=Charts%20Practice==Medium%20Swing=C==1r34LbKcu7L7F%207yQ%7cxXXx%7cQyXx%7cQyX7%5eFLZ7C%207%5eC%7cQyXx%7cQyyQ%7cF%5eX7%5eC%5b%5ebE%7cQXyQ%7cxyXx%7cQyX7%5ebEZL7Bb%207%5ebB%7cQyXx%7cQyXQ%7cxXy7%5ebBZXx%7cQyLZAb%5eX7%5ebDZL7bA%207%5eb%7cAQyXx%7cQyXx%7cQyX7yQ%7cxX7bE%207Xx%7cQy%5e7%20DbL7bG%207%5ebG%7cQyXxQ%7cyXx%7cQyX7%5ebGZL7ZB%5e7XbD%7cQyXx%7cQyyQ%7cB%5eL7E%207%5eE%7cQyXx%7cQXyx%7cQyX7%5eEZL7B%207ZA%5e7XXx%7cQyXx%7cQyyQ%7cA%5eL7D%207%5eD%7cQyXx%7cQXyx%7cQyX7%5eDZL7A%207ZG%5e7XXx%7cQyyQ%7cxXyQ%7cG%5e7%20G7%20%5d%20==0=0
965c4454-6465-4a13-850d-c7a045a3d4ed,irealb://Cuan%20Grande%20Es%20DIOS%3DEsperanza%20De%20Vida%3D%3DBallad%20Even%3DF%3D7%3D1r34LbKcu7F%7CQyX4F%2C*AC%7CQyXbB%7CQyX-D%7CyQX-D%7CQyXFZL%20B*%20XyQ%7DF4Ti*%7BnarG%20yQXyQ%20QyXQyXQyXQyXQXyQyX%3C%20QyXQyXQyX%20CuanXZQyX%2CF%7CQy%20El%3EXQyX%2CF%7CQyX%2CC44T%20%7BQyXQyXQyXQyXQy%7CBb%2CXsE%20edL%2CQ%2C%20%3C*69RyX%2C7-G%7CQyX%2C-D%3Edaoc%20arap%20ritepeQ%7CC%2C%20%7B%7CQyXZF%2CXyQ%7D%7BQDb%2C%20EbLZFXyQ%7D%20%3DJazz-Ballad%20Even%3D60%3D3
96ae403b-e0a6-4d40-8d49-393beb166b4b,irealb://Gracias%20%2D%20Thank%20You=Hillsong==Balada=C==1r34LbKcu7QyXx%7C4C%20sCQyXxl%7C%2C%2DA%2CA%2FFs%2D%20Al%7CQyXx%7C%2CC%2Csus%7CFXyQ4Ti%2A%5BC%2Csussus%2CC%2E%2E%2Erop%20saicarG6%206%2A%3CA%2A%7B%5DQyXxl%7C%2C%3EC%20sCCs%20C%7Cl1N%7C%2CQ%7ClA%2DCs%20C%7CQyXx%7CQyXFQ%7CyXxl%7C%2C%2DA%2CA%2FFs%20sus%2CCyXx%7C%2C%2DAZLB2G%20%5D%5BLF%20%2DA%3E%2E%2E%2Eyah%20o%20nut%20omoC%2066%2A%3CC%2AZC%20G%2FN%7D%20%2CC6%2A%3C%7C%2C%20G%2FBLCs%20CZL%2Cf%2CG1N%2CZFL%7C%2CB%2FG%2CCZLF%20%2DAZsus%2CCCZLF%20ad%20iTx%20%7DXyoS%2066%2A%3CD%2A%7B%5D%20GZ%20LFZL%20G2NZL%20QyXQlo%20a%20l%3E3A6%201N%2CF%3ECXyQG%7CQyXF%7CQyXE%2FCZGL%20F%7CQyX%2DAZLG%20F%7C%20A%2DLZ%2E%2E%2Eer%2C%3C%2A60C2%3EG%20%7D%7B%2AvN2G%20A%2DLZF%20G%20%7DG%20A%2DLZF%2C%7CF%2C%7CfF%20Z%20==0=0
9635d4f3-d1db-4d72-b519-9d48f5199a67,"irealb://El%20Padre%20Me%20Ama%20Tanto=%2D%20%2D==Ballad=D==1r34LbKcu7%2FCZLo4C,XyQyX,CZL,B%2FG%20,FQ%7CyX,CZLB%2FG%20,F%7CQ%7CF,%20F4TA%2A[X,E%2FCLZD%2D,FB%2A[%20QyX]QyXC%7CyQXFZLG%20susG%7CQyX,XyQ%7C%2DA%20,GyQ%7CD%2D,XyQ%7CGsus,%20G%20]%20=Jazz%2DBallad%20Swing=60=3"
964b1810-6aaa-4cc0-bd8b-bb69238c794e,irealb://Sonny%20Rollins%2012%20Bar%20Blues%203%20%2D%20swingguitarguy=Rollins%20Sonny==Medium%20Swing=D%2D==1r34LbKcu77D%20%2C5%3C%2A74DQyX%2DDZL7A%20%2C5b7E%2D%7CQyX%2DD%3Enoisice%7CA%2D7b44T%7BY7A%205byQKclyX%2DDZL7A%207E%7CQy%2DXGZL7D%205b7%2DAZL%20Q%7CE%2D7X%2DGZLLZD%2DXyQ%7CE%2D7b5%20A7%20%7D%20==0=0
962f3cc8-5f77-4e29-b408-42f2d587699e,irealb://53%3DLittera%20Gianluca%3D%3DEven%208ths%3DC%3D0%3D1r34LbKcu7-G%7CQy-7XyQZL7oE%205b7-D%7CQy7X-CZL7oD%205b7-D%7CF-%5E7XC44T%5BZL96-o7LZF%23C%7CQyX5%237%5EbAZLo7G%205b7-G%7CQyX7%5E-%5E9%20C%23G%205b7F%7CQyX5XyQ%7CA%7CQyX7%5E%23C%7CQyX7-%5EFZL7obB%205b7-bBb%5E7%235%237%5EbA%5D%207C%2CQ%7CD-7L6-%23C%205b7-D%7CQy7X-C%7CQyX9%5E%23C%7CQyXZC7%2CnyX9%5E%23%20sus95XyQ%7CyXsus9b7C%7CQyXssu9b7C%7CQyX5%237%5EbAQ%7CC7b%237%5EbAZL7F%20Bb-7%207oG%20%207-G%7C%2C7bA%205%20%237%5EbA%7C%2C5b7-bB%20%2C%7CF-7%7Cn%2C5CC%7CQyXBb-7b7CZL7oG%205b7-GZ9L%5E%23C%205%237%5EbAZL%2C5b9sus%207-bBQyX7-sXyQ%7CD%205b7-D%7CQyX7-C44T%5Bn%2C5C%20sus9b7Co7LZCus9b7F%207oG5%20Eo7G%7CQyX7%5E-FZL7oG5%20b7-G%7CQyX7%5E-FZL-7b5%20b7-D%7C-%5E7XyQ%7CC7b9susXyQ%7CC7b9sus%2Cn%20LZn%20%20F-%5E7%5D%20%3DJazz-Even%208ths%3D138%3D1
96771658-5e51-4038-b696-a04cd29b2272,irealb://Peace%20Pipe%3DMarvin%20And%20Welch%3D%3DPop%20Ballad%3DA%3D%3D1r34LbKcu77AZLAyQ%7CFX7EZLxZLDZLxZLA*A%5B%5DQyXF%7CQyXA%7CQyLZDLZXAi*%5BEZLxZB%2CCLZZLA%2CA*%2C%5B%5D%20xZL7ZELxZLFZLxZLGZLxxLZDL*%2C%5B%5D%20ZLxZLZALZAZLAZLxZL7EZLxZGLZLxZLD%2CC*%2C%5B%5D%207A7LZDLDZL7L7AZLZE7LZL7EZLxZLDZLxZL%2CAA*%2C%5B%5D%207EZLAZLxZDLZALxZLAZ%7CDLZxLZGLZxLZE7XyQ%7CE7XyQ%5D%5B%2C*D%2CALZFLZALZFLZA%20n%20Z%7C%20%3DPop-Rock%3D105%3D1
96e1e440-5678-4658-bf50-3e7cfea22821,irealb://All%20In%20Love%20Is%20Fair%3DWonder%20Stevie%3D%3DPop%3DD-%3D%3D1r34LbKcu7X-DA*4D-Xys7C%20sus7GZL7%5Eb%20A7%5EbB%7CQyXC/-D%7CQus%20%5D%7B4Ti*%5Bsus7C/CXyQG%7CQyX7D%7CQyX7hAQ%7CyX7%5EbB%7CQyX7hB%7C7XyQ%7C-D%7CQyQyX9%23*BD-XX7hA%7CQyX7%5EbB%7CQXy7hB%7CQyXC/-D%7CQyyQ%7CD7%5B%5DQyXE%207-byQ%7CA77hB%7CQyXC/-D%7CQy-XDC*%5B%5D%209b7A%20susXyQ%7CBX7-G%7C7bE%20%20/C%20D7N%7CY%7D%20E/7A%20F1N%7CyQXFZLsus7C%207GZL2Bb-7FZL7bAs%20D/C%20D7%20%7CQyXbE/7F%7CQyXF34TZL%20sus7C%207GZLT44Bb/FZL%207/C%23%2CA7%2C%7ClD-XyQZ%20%3D%3D0%3D0
967c5308-112f-4fd5-8193-168c39865466,irealb://Four%3DDavis%20Miles%3D%3DUp%20Tempo%20Swing%3DEb%3D%3D1r34LbKcu77-bAZ4Eb%5E7QyX7-F%7CQyX7bA%7CyQX7-bEZL%20lcKQyXKcl%20L4T%5BA*%5EbE%7CQb7XyQ%7CQyX7-FZL7B%207-F%23%7CQyXG/7%5EbE%5BB*%5DBb7XyD%7CQyX7-bEZQ%7CF%23-QyX7%5EbE%5BA*%5DQyXb7B%7CQyX7-FZL7B%207Kcl%20LyXG/7QyXG/b7XyQC*%5DQyX7bD%7CQyX7b-AZL%20lcKQyX7-F%7C%5BEb%5E7A%7CQyXQyX7%5E%20B7LZbB%207-FZL7-bG%207G-%7CQyX7bB%7CQyX7-F7LZEb7-%23F%7CKcl%20%20Z%3D%3D0%3D0
96d8ce37-c2e9-4955-8b46-d53ddb4e199e,irealb://Never%20Too%20Much%3DVandross%20Luther%3D%3DMedium%20Swing%3DDb%3D%3D1r34LbKcu7X%7CQyX4%3C*66F%3E7mA%20no%20strat%20sffir%20citamorhC%23-7/B4TA*%7B%20A/-%23XyQ%7CX7%5EGZLQyX%7CQyXE/%5E7GB*%7BY%7D%2CA%3E4x%3CQyXyQ%7CFGZLQyXQyXQ%20%7D%5B*B%5DQyXA/-%23F%7CQyX7G%5EZLQyX%7CQyXE/7%5EGXyQXy%3E6x%3C%20yQXyQ%20%3CPiano%20Into/verses%3E%20%3D%3D0%3D0
96641b34-bf66-43f5-8a53-244e7580b7ff,irealb://Two%20not%20One%3DTristano%20Lennie%3D%3DMedium%20Swing%3DAb%3D%3D1r34LbKcu7bE%7CQy4Db%5E7%7CQyX11%237F%7CQyX7b%5EA%7CQyX7%5E-bD%7CQyXBb-7X4TA*%7BZL7G%20Ab%5E7X%7CQyXbEZL7D%2011%23C7B*%5BY%7DQyX7bA%7CQyF7%2311%7CQyX7yX7%5Eb%7CBb7%23ZL9%237D%207bE%7CQyXb7E%7CQyXbDZL7C%2011Y%5B*ADQyXbAQyX7%5E%5E7XyQX7bE%7CQyX7-bB%7CQXy11%237F%7CQyX7%5EbA%7CyQ%7CAb-bD%7CQ%7CAb7XyQ%5D%20%3D%3D0%3D0
96f81884-c1f3-45d0-ba8a-38b99188bb1e,irealb://Jailhouse%20Rock%201%3DComposer%20Elvis%3D%3DMedium%20Swing%3DEb%3D%3D1r34LbKcu7E%20ZL%20Break7bA%20%7C%7D%20QyXZLQyZXLQyXZL%207bE%2C%20%3Es%20LZ%20x%3C44T%7Bb7%20LZ%20x%20LZ%20Bb7%20LZ%20Ab7%20LZ%20Eb7%20LZ%20Bb7%20%20Z%20%3D%3D0%3D0
964feac3-7838-40a0-8f07-e763d212b44c,irealb://Desafinado=Jobim%20Antonio%2DCarlos==Bossa%20Nova=F==1r34LbKcu7AZL7%2D4F%5E7L7DZL7hAZL7CZL7G%2DZLxZL11%237GZLxZb9LZG4TA%2A%5BL11%237D7LZDL7%5EFA%2A%5B%5D%20xZL7%5EGbZLxZL9b7GZL9b7ZxLZGZL9b7L7%5EAZ%2D7LZCZL7%5EFZL6%2DbBZL7G%2DZL9b7DZL7hAZL7E7%239LGZLxZZL7%2D%23LZB%2D7AZL7EZL7%2DBZL7oBbZL7%5EAB%2A%5B%5D%207EZL%5E7LZF7obBZ%5D%209b7E7LZCZL6%2DbEZL7%2DGZL7ZGL7%2DDZL7o%23CZL7%5EG7LZCZL7%2DB6%2DbBZ7LZxLL9b7DZL7hAZL7CLZ7%2DGZLxZL11%237GZZG%2D7L%5EFA%2A%5BLZF%5E7LZD%2D7LZG7LZxLZEb7LZxLZG7LZsG%2D7%2CC7%2C%7ClF6LZC7%20Z%20==0=0
96071c88-e8bd-4b35-aa71-50bd1865925c,irealb://I%27ll%20Close%20My%20Eyes=Reid%2DKaye==Medium%20Swing=F==1r34LbKcu7X7%2DC%7C4F%5E7X%7CQyX7%2DD%7CQyX9b7%7CAQyX7hEZL%20lcKQyG7XyQ4TA%2A%7BQyX7hXyQ%5D%5BcKQyX7%5EFZL7bE%20%2D7bB%7CQyX7%5EbB1NB%2Al%20LZB7F%7CQyhAZL7XyQ%7CAbB%7CQyX7%5EbB2NC%2A%7D%5B%207C%207%2DGZL7D%207%2D%2D7%20Eb9b7E%7C7XyQ%7CD7b9XyQ%7CG%2D7XyQ%7CC7XyQ%7CF6XyQKcl%20%20Z%20==0=0
96b48899-fa99-4f7d-8dbe-cea55769f7d4,irealb://It%27s%20A%20Blue%20World=Wright%2DForrest==Medium%20Swing=F==1r34LbKcu7bBZL54G%2D9X%7CQyX9%2DCZL%20lcKQXy9%5EFZL5%237Cpp%7CQyppF7%234TA%2A%5B7%2DbB%7CKcl%20%20%7CQyX7%5EFZL9b7C%20%2D9bB%7CQyX9%5EbBB%2A%5B%5DF7XyQQyX9%5EQyX9%5Eb7XyQ7Cpp%7CQyX9%2DGA%2A%5BQ%5DyX7CZL6%2DbB%207C%7C%235LZFD%7CQyX%209%2DbBZC%2D9X%5EbBC%2A%5B%5D%20%20lcKQy9X%5EbBZL5%237Fpp%7CQy9XyQ%7CL%20lcK%207D%207F%5E7%20GX6FUZL7C%207%2DG%7CQXy7GZL7D%207hAZL7%2DyQ%7CAhZL7bEZ%20==0=0
963be1fb-5d91-41e5-b8e7-7cc8581131ea,irealb://Lady%20is%20a%20Tramp%2C%20The=Rodgers%20Richard==Medium%20Swing=C==1r34LbKcu77%2DD%7CQ4C%5E7X%7CQyX7%5EC%7CQyX7G%7CyQX7%2DD%7CQyX7bE%7CQyEb7Xy4TA%2A%7BL7G%2077XyQ%7CA%207%2DE%7CQyX7bB%7CQXy7%5EFZL%20lcKQyX7C7LZD%2DG%7CQyX%7CQyX7%20A7LZ%5D%20%20lcKQyX6C2NZ%20LQyXQyX%7D%207G%207%2DD%5B%2ABD%2D6C1NZ%2A%5B%5D%207%7CE%2D7XZL7A%207%2DE%7CQyX7GQ%7CyX7%2DD%7CQyX7A%7CQyD%2D7%20GQyX7G6CZL7yQ%7CEbZL7D%207%2DAZL9b7E7%20hB%7CQyX7%2DD%7CQyX7D%2D7%20GX7%5ECCXyQKcl%20%20Z%20==0=0
967dffd7-2817-47d5-9724-d63af5c63fc9,irealb://Recado%20Bossa%20Nova=Ferreira%20Djalma==Bossa%20Nova=G%2D==1r34LbKcu7QyX%2DC4G%2DXyb7G%7CQyX7hDZL%20lKcQyX9b7DZL%20lcKQ9XyQ%7C4T%7BA%2Ab7DZLZAh7XyX9b7A1NZL%20lcKyQX%2DG%7CQyX9b7D%7CQyQKcl%20L%20lcKB%2A%5D%20%20cl%20%20%7D%3ClcKQyX%2DG%7CQyX97bD%7CQyX11%237bA2N%7CFine%3EKQyX9%20la%20%2EXyQKc%2DDZL%20lcKQyX9b7ZAL%20lcKQyX%2DCZL%20l%20%3CD%2EC9b7G%5B2nd%20ending%3E%20LZD7b9%20%20%20Z==0=0
96e7b751-c560-4f32-b427-9d22c848250f,irealb://Serene=Dolphy%20Eric==Slow%20Swing=Eb==1r34LbKcu7QyX5bb%5E7XyX7bA%7CQyX7bE%7CQy7XbD%7CQyX11%237bA%7CQyQ%7CD7E44T%5B%20%2011%23XyQ%7CD%2C7E%2C7%2DBs%205b7bBQ%7CyX7hFZL7bG%207%2Db%7ClAb77%5EbE%7CQLZ%20x%20%20%5DY%5BQAb7%2311%20Gb%5E7LZF7%239%20A9LZA9XyQZ%20==0=0
9689d63e-4994-4e7a-8aa8-b718c23c0914,irealb://Some%20Other%20Blues=Coltrane%20John==Medium%20Up%20Swing=F==1r34LbKcu7X7bA%7C7XyQ%7CE%7CQyX7bB%7CQyX7BQ%7CyX7F%7CQyXsus7bBb7XyQF44T%5ByQ%7CDb7XyQ%7CC7XyQKcl%20LZF7XyQ%7CC7XyQZ%20==0=0
96580df0-9dc9-4884-8f2e-a6d2ef4c1c55,irealb://Young%20At%20Heart=Richards%20Johnny==Ballad=Bb==1r34LbKcu7F%207FZ4Bb%5E77FZL%20lcKQyX7%2DCZlL7obD%207%5EbB%7CQyX%20C%2D7L4T%7BA%2AZL%20x%20Bb%5E7X7%2DGZL%20x%20ZL9b7G7%20hD1NB%2AZL%20lcKQy%20C7LZZL5%237GZL%20x%7CC%2D7%207G%207hD2NC%2A%7C%7D%207%20F7%2DC%7CQyX6bBZL7Fb9LZ%20QyX7FE%2C6bELZEb%5E%2CbBsZL7F%207%2DCZL%2D7G%207%5EbBZL6%2DbE%207Bb%2FD%2C7C%207%2Do%2C%7CC%2D%2FF%2CF7%2ClBb6%20Z%20==0=0
96868571-391b-40fb-bb01-ce2b4419701e,irealb://Vai%20Saudade%201%3DVelha%20Guarda%20da%20Portela%3D%3DSamba%3DC%3D0%3D1r34LbKcu7s%20iaV44C%20C*%3CB*%5BYY%7D%20%3Ex4%3C%20C%20ZLn%207G%7CQyXFZL768XyQTA*%7BYQyX7Ce%20vai%7CQyX7G%7CQyXCZL7%20G-D%3E..asserped%20CXyQ%7Cdadua%7CFXyQ%7CD7XyQ%7CG7XyQZ%20%3DLatin-Brazil%3A%20Samba%3D200%3D0
96ec869e-6a93-4451-80aa-fb46f4384379,irealb://Zum%20Zum%20-%20ABAC%20AC'%201%3DPaulo%20Soledade%20e%20Fernando%20'Edu'%20Lobo%3D%3DSamba%3DA-%3D0%3D1r34LbKcu7mu%20od44%3C*7f%20%C3%A1tse%20..muz%20%2Cumz%20%2CmuZ%20!iOQyX0altanTA*%7BYuetaBus%20A-*%3CB*%7BY%7D%20QyX%7CrQXyZL9b7E%206-DZL9670XyQs9A%3E!%20hB%7CQ%2C%20foiLG%2F7A%20sus7G%7CQysXus9A%3E..arobme%20ZC6Xysasa%20%2C96-A%20%7DYY%7CA%3E..muz%20%2Cmuz%20%2CumZ%20!iOQyX86*%3CA*9sus%20%2C9b7E%20are%20%20E7b9lE%20%2086*%3CC*%5BY%5D%20s%20us9A%7CQyX%7Cr%20ZL%2Ce%20que6-DZLAZL9bte-es%7CQyX96CZLG%2F7A%20uss7G%3E..etradnatBh%20E7rop%20o%7C%7DQyXA7%2CLZE%20hBZL96-A%20susA9l%7C%2C7E%2ChBs%207-D%7B7LZA5%20sus7Bh%20E7%2C%20Z%20%20%3C0200%20%200400%20%200500%20%205343%20%207x760%3E%20%3DLatin-Brazil%3A%20Samba%3D200%3D0
96db160a-2178-4fb0-98d8-451222d1cc07,irealb://AB%201bar%20%2D%20Random%2001%20%2D%20Min9%20Rootless=JonBlanckMusic%2Ecom==Medium%20Swing=C==1r34LbKcu7%7CQyX9%2D9XyQyX9%2DbB%7CQyX9%2DC%7CyQX9%2DbE%7CQyX9%2DbA%7CQ%7CC%23%2DD44T%5ByX9%2DGQ%7CG%23%2D%2DE%7CQyX9%2DB%7CQyX9%23%2DF%7CQyX9%2D%23D%7CQyX99XyQ%7CyX9%2DF9%2D%23D%7C9XyQ%7CbA%7CQyX9%2DA%7CQyX9E%2D%7CQyX9%2DA%7CQyX9%2DD%2D9XyQ%2D%23C%7CQ%7CQyX9%2D9XyQyX9%2DbE%7CQyX9%2DG%7CyQX9%2DbB%7CQyX9%2D%23F%7CQ%7CG%23%2DC%7CQyXF%2D9XyQ%7CB%2D9XyQZ%20==0=0
962f3148-1d3a-469c-8b4e-83d796fe4a82,irealb://Caribe%3DJobim%20Antonio-Carlos%3D%3DSlow%20Bossa%3DD%3D2%3D1r34LbKcu7sus7A4E-7X-E%7C%7D%209b7B%207-%23FQ%7CyX7%5ED%7CQyX7A%7CQy7XyQ%7C4TA*%7B9%5EDZL11LZD9b31A%7CQyX96-G%7CLZ7bA%207-bE%7CQyX7%5E%20A-b6%237bE%20%7CQyX7l%20%20%5D%5B7-EZL%20lcKQyX7-F%23ZL%20lcKQyX7-EB*XyQ%7CAcKQyX7B%209BXyQ%7CD7%23F%2031%23F%7CQyX9bC7%7CQyX7-G%7CQyX9b7b13LZsus7DX7-%23FE-7XyKQyX7-EC*%5B%5D%20%20lKcQyX7%5ED%7CQyX7A%7CQcl%20LZ%7CZL9b%7CQyX7susXyyX9b7D%7CQyXsus7%7CDQyX7A%7CQyX7-E%7CQQ%7C%7CG-9B%7CQyQ%20lcKXyQ%7CFDZL7A%207bE%7CQyX7E-%7CQyX7oF%7CQyX7-%23%5E7XyQ9b31C%20ZY%5BQE-7XyQ%7CEb7XyQ%7CUfD69XyQZ%20%3DJazz-Bossa%20Nova%3D140%3D0
96a71284-eb89-4527-8dfd-ea61e28710a1,irealb://O%20B%C3%AAbado%20E%20A%20Equilibrista=Jo%C3%A3o%20Bosco%20%2D%20Aldir%20Blanc==Samba=E==1r34LbKcu7GZLxZ4E69LL7%5EAZL%23G%2F7%5EEZL%7C%20r%20ZL%20%7Cr%20ZL31AZZE%5E7L4TA%2A%7B%5EAZL7C%237b97%2D%23FZL7%2D%23GZL7%5EZAL7%2D%23FZL9%5E%2D%23FZLLZG%23%2DZL7h%237bD%299%2D7LZFsZL31BZL9%2D%23FZLZxL31BZL31CZL7%2D%23D7%28E6%23GZL7xZL9%5EB13%29BLE%2F7%2D%23FZLxZL96lEB%2A%5B%20%20QyXQyX%5D%2C7ZxLZE%287C%7C%2C%2DAZL77%2FELZ9%5E%2D%23FZL7%23CZL6DLZ9b7%23CZL7h%23GZLxLZF%23%2D%2D%23FZLL31%23FLZA%2D7CZL%2C7%2D%23GZL31AZ7L%5EEl%7C%2C7%23D%2C7DsZL%237%2CLZ9DZL91DZL75%2CQLZY%20%20QyXQyX%7D%20%2C7BLZ96EZL%2C31BZL31D%5BQF%23%2D%237%23FZ7%2D%23GZ13LZxL7%5EEl%7C%2C7%23D%2C9DsLZ7%2DAZL9DZL7%2DAZLZA13L%23CZL3%2CLZC%237%239%2CLZF%2313LZF%237LZF%23%2D7LZB13b9%2CLZUE69%20Z%20==0=0
968dca6b-5400-42d9-8d5e-407ae97e1002,irealb://John%20Henry%20(RBB)%3DWest%20Viginia%20Folksong%3D%3DBluegrass%3DG%3D7%3D1r34LbKcu7%20ttaMhe%20Re%7CdranoeL%E2%80%A2laH%7CkooB%20ssargeulB%20laArr.%20T45*%3CyX%3E%20.er%2F%2F(dranoeL%20laH%20%20QXy0102%20%20QyX)tsaF%20CorpnnilF%20GZL%20yQXyQx%20ZLp%20G%7B%20%20%3E%20puk%20cip%3Cn%2044T%5B%20QyX%20LZ%20xXQyXQx%20ZL%20%20LZ%20x%20GZL%20x%20ZL%20x%20ZL%20pGZLp%20DZLp%20DZL%20pLZ%20xx%20ZLp%20LZ%20x%20LZG%20pLZ%20x%20LZD%20pLZG%20pLZG%20p%3C5x%3E%20%7D%20%3DPop-Country%3D180%3D1
9605eed1-8200-4a08-9839-a93471497024,irealb://Mother's%20Only%20Sleeping%20(RBB)%3DMonroe%20Bill%3D%3DBluegrass%3DE%3D4%3D1r34LbKcu7%20ttaMhe%20Re%7CdranoeL%E2%80%A2laH%7CkooB%20ssargeulB%20laArr.%20T45*%3CnI%20%2Ccer%2F%2F(eornoM%20lliB%20%20QXy7491%20%20QyX).deM%20MusinnilFZLxZLyQXyQSC*%7B%20n%3E%20pu%20kci%3Cp43T%5B%20QyXQyXQyXE%2Cp%7CxX%3E%20.cxZLxZp%7CxLZEZLxZLx%7Cp%2CEZLxLZxZLxZLx%7Cp%2CBZLx%2Cp%7CxL%2CBZLx%3C%5B%20%20%5DB%2Cp%7CxxZLx%7Cp%2CEZLxZLQZxLxZLx%7Cp%2CBZLxZLLZE%2CpZLxZL%2CEZLxlo%20%3EExZLxZLx%7Cp%2CBZLxp%7C%2CBZLxZLxZLx%7Cp%2CLZxLZos96*ZLxZLE%2Cp%7CxLx%7Cp%2CB%7Cp%2CBZLxZxLZLx%7Cp%2CEv*%5B%20%20%5D%20ZxLZxZLx%7CpxZLxZZE%2Cp%7C%7Cp%2CB%7Cp%2CBZLxZLxLZxZLxZLxZLx%7Cp%2CExLZxLLxZLxadoC%20xLZN1.D%3CxZLxZLx%7Cp%2CEN2%7D%20xZLx%7Cp%2CE%7Cp%2CES.%20alZLxZL%3E%20%5D%20%20%5BQB%2Cp%7CE%2CpZ%20%3DPop-Country%3D180%3D1
9613d538-a4e2-40cc-adfa-033dc30cdd69,irealb://Amurado%20%20-%20%20T%3DP.%20Maffia%20%2F%20P.%20Laurenz%20%2F%20J.%20Grandis%3D%3DTango%3DC-%3D1%3D1r34LbKcu7CZL7G4C-%20AL7C%20-CZL7G%207hDQ%7CyX-C%7CQyX7GZL7bZF-7%204TA*%5B7C%20-C%2FBbLZG%7CQyX-C%7CQyX7G%7CyQX-CZL7G%20bA%2F7hD7XyQ%7C7-C%20-ZL7A%20C7LZFyXQyXQyXQyX%5DQy-XCZL7G%20-CZL7G%20-Q%5B*BC%20-FZLZL7A%20%7CD-7%20%20-C%7CQyX7G%7CQyX-%7CFQyX-C%7CQyXCZL7GG7LZCQyX-DD-XyQ%7CG7XyQ%7CCXyQ%7CF-%20Bb7LZEbXyQ%7CDh7%20G7LZUC-XyQZ%20%3DLatin-Argentina%3A%20Tango%3D100%3D3
96974b96-8235-4018-924a-1f84ef8612d9,irealb://Griseta%20%20-%20%20T%3DE.%20Delfino%20%2F%20J.%20G.%20Castillo%3D%3DTango%3DF%3D3%3D1r34LbKcu7L7A%20C4Ch7%20-D%7CQyX%5EbAZL7bE7%20-bB%7CQyX-bBZL7F%20G7LZ4TA*%5BF%7CQyX7LZCXyX-FZL7C%207hG%7CQXy-bBZL7F%207hC%7CQyQ%7CGb7G%20-DZyX7-GC7XyQG%7CQyXbBZL7A%207h%7CEQyX%5EFB*%5B%5DQyXF%7C-XyQ%7C%7CQyX-QyX7C7LZF%20G%7CQyX-DZL7A%20F%7CyQX-bB%7CQyXbBZL7F7XyQ%7CC%20C%7CQ%7CUFXyQZ%20%3DPop-Reggae%3D110%3D3
968e5915-5902-46cd-bd68-47a502396e47,irealb://Limao%3DDjavan%3D%3DSamba%3DE%3D4%3D1r34LbKcu7xZLxZ22%3C*7LxZL11%2331DZLxZ7L-%23F%3E671%20mpb%20%204ZE%5E9LTi*%7BY9BsZLY%5B*AFL7oGZL%2C7-%23GZLxLZ11%2331DZLxZL7-%23ZF%23-7%7D%20xZL7%23CZL7%239%2C%7CL7-%23FZL%5EEZL%5EFZ7L-%23FZL7oGZL9%5EElZG%23-7F%2Csus%23C%2C7-13LZx%2C9%5E%23GlB*%5BY%5D%20xZxLZLxZLxZLxZLxZLLZsG%23AZL9%239%5EbE4%23%5E9%2CL9EZL9-F45TZLxZ9L%5EEl%7C%2C7B%2C7-%23FsZLZ%7CT4Fl%7C%2C7L9-bD*CEb%5E9%5EbDl%7C%2C9bA%2Csusb9AsZL7-bEZLxZL9LZxLZ%5D%20xZLxZL9%5EZB%5E9LZL9bDZLxZL9%5EbE%7Cl%2C9bBQ%2Csus9bBsZxLZEbL7bGZ%20%20QyXLZxLZ%20xZLx%3EadoC%20la%20C..D%20%20%3CZLxZL9%5EbE%5DYXyQ9bDZL%7BQEb%5E9LZxLZ%3CXyQ%20%20vamp%20out%3EDb9LZ%3C*63XyQ14x%3Ex%20%7D%20%3DBrazilian-Samba%3D176%3D1
96bbfcf7-548e-436b-9171-d5cae567a981,irealb://A%20Novidade%3DGil%20Gilberto%3D%3DReggae%3DA%3D9%3D1r34LbKcu7ts1%3CA44%3C*7f%20eagger%20ht61%20ngiws(%2026%20mpb%20%204eel)%3ETi*%7BY%20x%20ZLt%20onl-B%20AB*%5BY%7D%20%20x%20Z%20Lx%20ZL%20x%20ZL-B%20%3EyLZ%20x%20g%20%3Ax%20x%20ZL%20%20%5DY%5B*B%20AA*%7BY%5D%20%20x%20ZLx%20%20ZL%20x%20ZL-B%20ASB-LZ%20x%20x%20ZLXQyXQ%20%20%7DY%7B%7DQyX-B1NZL%20x%20Z-L%23C%20%2CD%7CQyX-%23CC*XyQXyx%20ZL%20%20ZL%20xB-%20E9%20A%3E)olos(%20edulertni%2047*%3C%5B%5D%20susB-LZ%201N%7CQyY%7D%20%20x%20D.S.%20ZL%20x%20ZL-B%20AB*Y%7B%5D%20%20x%20%3EeniF%20la%20x%20LZ%20%3CZL%20xL%20QyX%20outr%20x%20ZL%20x%201NZL%20xZ%20L-B%20A%3E)olos(%20o%20%7DXyQ47*%3C%7BZN2%20xf%20LZUfA%2CXyQZ%20%3DPop-Reggae%3D62%3D1
96254b2b-a904-4bff-8efe-2fb3f48b71be,irealb://A%20fool%20in%20love%20-%20Tina%20Turner%3DTurner%20Ike%3D%3DBlues%20-%20Stax%3DG%3D7%3D1r34LbKcu7a63*%3C36aca%3Exov%20alepaca63%3C*ZLQyX%3Exov%20alepXyQLZ*%3Ci*%5ByXGl%3Ea%20voxc%20%2066*%3CB*%7C%7C%2CbGW%2F%2CE%2FW%2CDnsZLQyX%3Ehoruslepac%2CG%7CQyLZ%20x%20yXDZL%20lcKQyXGZ%20LlcKQyXCZL%20x%20ZLQ%7CC%2CX%20lcKQx%20ZL%20snW%2FDXGl%2C%3Eesrev%20%2036%3C*A*%7C%7C%2CbG%2FW%2CE%2FW%2CyQKcl%2CZL%20n%20LZ%20x%20LZ%20x%20LZ%20x%20LZ%20x%20LZ%20x%20%20%5D%20%3DBlues-Stax%3D125%3D3
969f7a30-729c-4379-8715-81a1034f404f,irealb://A%C5%9Fk%C4%B1m%3DBeng%C3%BC%3D%3DNihavent%3DG-%3D%3D1r34LbKcu7G%20ZLDT44%3C*ZL%20-C%20ZL%20bE%20ZL-%20G%20%3ErarkeT.1%2066Dsus%20%2Ci*%2C%5B%5B%7D%20%20DEb%20LZC%20ZL%20bE%20ZL%20-G%20A%2C*%2C%7B%5D%20%20D%20ZL%20-C%20-%20LZ%20%20ZL%20-%20ZL%20-Z%20F%20LbE%20ZL%20-G%20%2CS%2CB*%7B%2C%5D%20%20D%20ZL%20susD%20Z%20LZ%20CL%20bE%20%5B%5D%20%20Dkrar%3EC%20ZL%20bE%20ZL%20-G%20i%3EdoleM66*%3C%5B%7D%20%20D-%20LZ%20eT.1%3CDZL%20-G-%20LZbE%20ZL%20-Gl%20%7CF%2CbsE%20DZL%20-C%20ZL%20bE%20%20LZ%20C%20%2CC*%2C%20n%20%5B%7DD%2C%5D%7B%3CL-C%20bEZLbB%20FZLC-%20%2C-Gl%3EnayeM66*Z%20D%20%20%2CbEs%20%20%5BXyQXyQXyQXyQXyQ%2CS%2C%20%3DPop-Disco%3D108%3D2
961dc7fa-ca5b-4e67-9576-fa1615e4d75e,irealb://A%C5%9Fkla%20Ayn%C4%B1%20De%C4%9Fil%3DG.Ergen-O.Ko%C3%A7%3D%3DM.K%C3%BCrdi%3DD-%3D%3D1r34LbKcu7%20bBZL4%20G-%20L%20-D%20ZL%20-G%20SA*%20%5B%20QyXQyX%5B%20%20x%20ZLZ%20Eb%204Ti*%5BB%20ZLFG-%20LZ-G%20-DZLF%20bE%7B%5D%20b%20B%20ZL%20bE%20ZL%20-D%20LZEb%20%20ZL-DC%2CbEs*B%20G-%20bE%20ZL%20F%20ZL%20-DZ%20L%20bE%20ZL%20-D%20ZL%20LZG-%20%5B%7D%20%20b%2CF%2C-G-%20LZ%20E%20ZL%20F%20ZL-D%20FZbLE%20-GZL%20F%20ZL%20-Gb%20LZsDl%20%7C-L-D%20F%7C%20lD--GZL%20F%20ZL%20-G%20%3EdioleM.A47*%3C%5B%5D%20%20%20EbLZ-C%2CbEZ%20F%20LZ%20Eb%20LZsG-%2CF%2CEb%2CC-%7C%20lD-%20%20%5DXyQXyQXyQXyQXyQS%20%3DPop-Slow%20Rock%3D68%3D2
96b5f494-52ee-40ab-b4c7-70d9f20dabab,irealb://Holiday%3DDAY%20Green%3D%3DPop%20Rock%3DF-%3D8%3D1r34LbKcu7apo%20t4F-%20D%20meklec%3CbE%20bAZbLD%20-FZLbE%20bAZLb3%20kr%C3%A14Ti*%7BE%20bAZ%C3%AD%3E%20%7D%7BFZLC%20bAZLbD%20-FLZbE%20bAZLbD%20-FA*-%20DbLn%C3%A1vok%7CQyXCyQ%7CxXyXbE1N%7CQyXbA%7CQXybD%7CQyX-FB*%7B%7DQyQ%7D%7CN2XCZLbyXQyXpppp%7CX%3EC%20%C3%A9top%20B%20a%20A%C3%AD%20n%C3%A1vokapo%3C%7DppppyQXyQ%7BppppbDs%7C%7DZ%7B*CF%2CbEZL5bA%20-F%7C%2CCb%2CE%2CbB%2CbDZL5bA%20-C%2CF-%20LQyXQ%20-FC*bXyQ%7CC%7CQyXC%7BQyXbA%7CQXybDZLbE%20-F%7CQyXCXyQ%7D%7BA%7CQyXyXx%7CQDb%2CBb%7C%7D%20%3E%20x6%3C-F%2CC%2CbZEL5bA%20-F%7C%2CC%2CbE%2C*DCXyZL5bAQ%7CxXyQ%7CxXyQ%7C%3Copakov%C3%A1n%C3%AD%20B%3E%20%3DPop-Rock%3D115%3D1
96565522-4d43-4b95-9454-9c0e8b034b67,irealb://Nos%20Pagodes%20da%20Vida%3DRoberto%20Serrao%20e%20Guilherme%20Nascimento%3D%3DSamba%3DA%3D%3D1r34LbKcu7eT%3C%7BYLa%20la%7CrQyXZL7E%20-BZLCo%20A%3E..%C3%A1ial%20%20%C3%A1i-XyQ%20%7D%3C44T%7B%23CZL-ode..L7A%20-EZLQyX%7CrQXyZL7E%20-BZLoC%20A%3EZD%5E%20Dgap%20messenLZN1B%20n%20AZL%2C7E%20-B2NLZ%20QyXQyX%7D%20%2C7E%209%5D%5B%3CE%207%23F%20-dnag%20de%20se%2C7E%20-BZL%2C7%23F%20%2C%23-CZL%2C-D%20%5ED%3EanamLZ%3CNa%20mif%20As%20-E-%20A7%2Cs%20-BZL%2C7BZL%2C7%23%20F-%23CZL%2C-D%20%5EDlZLE7%2C%7ClE%3Eaia%23F%206b%3CEu%20q%2C-D%20%5EDl%3Erabmas%C3%AA%20cov%20%20%2Crev%20oreuLZC%23-%7BY%7C%2C77%239%2CLZB-%20E7%2CLZE-%20A7%2C%3C3x%3E%20%7D%7CD%5E%20D-%2CLZA%20sB-%2CE7Z%20%3D%3D0%3D0
96bce3d0-9528-4ecf-b5c7-66da748c80f4,irealb://I%20Heard%20It%20Through%20The%20Grapevine=Marvin%20Gaye%20%28Whitfield%2DStrong%29==Soul=Eb%2D==1r34LbKcu7bEl%7B%7D4Eb5%20A%3Ex346%2A%3C%2C7%2DbEs5%20bEl%7C%2C5bE%2C7%2DbEsb%2FEb%2C4Ti%2A%7B%2C%2DbE%2Cb%2FEb%2Cs%207%2DbElSA%2A%7B%7D%20%2CEb%2FbA%207%2DbEl%7C%2C%2DbEAb%2FEbAs%207%2DEl%7C%2C%2D7%20Ab%2F%2FbAs%207%2DbEl%7C%7CQy9XbA%7CQyX7bBZL%2CbEEb%2CEb%2DbEl%7C%7CQyX7b%2FEb%2CX7bA%7CQyX7%2DCB%2A%5BQ%5DyX9bA%7CQyX7bBZLyQ%7CEbA%207%2Db%207bEZQ%5D%5B%2ACQyX7bAl%7CQyX%2C7blE%7C%2C7bE%2C7bAs%207bEKcl%20LyX7bAEl%7C%2C5Eb7%2C%7CbEs%205bEZLQ%20lcKyQX7bAl%7CQyX%2C7bEl%2D7%2CEb%2C7bAs%7C%7D%2CbEb%2D7%2CA%2DbEs%205bEl%7C%2C5bE7%2C%2DbEs%205bE%7C%2CbE%2Fb7%2CAb%2FEs%205b%2086%2A%3C%20sAb%2FAs%207%2DbElZL%2CbE%2FAb%207%2DbEl%7C%2C%2DbE%2CbEb%2FEb%2C7%2DbEl%2CbE%2FW%20al%20Cs%20%2DbEQ%7B%5D%20%2CbE%2Fb%20A7%2DbEl%7C%2C%2DbE%3EadoW%2FGb%2C%2ES%2ED%20%7C%3CXyQXyQ%20%20Vamp%3ElEb%2DXyQ%7D%20=Pop%2DRock=117=1
961fbe2b-35db-44f3-be45-09f88175ff35,irealb://Biquini%20de%20Bolinha%20Amarelinha%3DBlitz%3D%3DPop%3DC%3D%3D1r34LbKcu7L%20G%20%7BC%20LZ%20ZLG%20CZL%20F%20ZL%207%20CZL%20C%20ZL%20x%20ZL%20G%20C%20LZ%2044T%5BZ%20C%20LZ%20G%20LZ%20C%20%20%7D%20%3D%3D0%3D0
96b97966-0641-410d-98c6-f9d2e833e136,irealb://Everything%3DEvans%20Anthony%3D%3DWorship%3DDb%3D%3D1r34LbKcu7%7CQyX74Bb-9QyX11-bE%7CQyX9%5EGb%7CQyXsus9bA%7CQyX%7D%7CBb-4TA*%7BAZL%20lQ%7CBb-7%5EbDB*%7B%5DQyX3ddsaus7bEl%7C%2ChGs%20%207XyQKcyX7oAb7XyQ%7CxXyQ%7D%7CBb-9XyQ%7CAb9susXyQ%7CGb%5E9XyQ%7CEb-11XyQZ%20%3DPop-RnB%3D75%3D3
96e101dc-3525-4727-9b8c-3e32b8dbc59a,irealb://Lost%20Indian%3DTime%20Old%3D%3DFiddle%20Tune%3DD%3D%3D1r34LbKcu7%7BT22DLZxLZxLZB-LZDLZxLZD%2CA%2C%7CD%2C%20%7D%20%3DPop-Bluegrass%3D155%3D6
96183278-4616-433a-b0ac-905f9544e330,irealb://Sim%20ou%20Nao%3DDjavan%3D%3DBossa%20Nova%3DF%3D%3D1r34LbKcu7X9dda4Fadd%7DQyXF/6-bB%7CQyX/F6bB%7CQyX9F%7CQyX9Y%7B*AF4Ti*%7BX5b7-XyQ%7CB9F%7CQyX9ddaF%7C%7CQXyF/6-bB%7CQyXF/6bXyQ%7CE9F%7CQyb7-A%7C%239%20Eb%7CQyX9-C%7CQyX11%23G7%7CQyX7%5E-DZL11%237F9XyQ7A%7CQy%5ED%7CQyD7b9XbG%7CQyX9-G%5B%7DQyX%2397bG%7CQyXB/7G%7CQy7%2311X%7CQyX59XyQKcl%20%20Z%20%3DJazz-Bossa%20Nova%3D90%3D18
96c0ee33-e889-45e6-afa1-c4cb26e0a90f,irealb://Oh%20Suzanna%20%28Fiddle%20Tune%29%3DTraditional%3D%3DBluegrass%3DD%3D%3D1r34LbKcu7GB*%7B%7D4DXyQLA%20DZL%20lcKQyXDQ%7CyXAZL%20x%20ZL%20lcKZDXyQ4TA*%7BXyQKcl%20LZDXyQ%7CAXyQ%7CDXyQKcl%20LZD%20ALZDXyQ%7D%20%3D%3D0%3D0
96747edc-707b-4f17-a445-eb8dfca97540,irealb://Whistlin%20Rufus%3DTraditional%3D%3DBluegrass%3DG%3D%3D1r34LbKcu7yXG%7C%7C4GXyQQyXAZL%20x%20ZL%20x%20LZ%20x%20ZL%20x%20ZL%20lcK%7CDXyQ4TA*%5BL%20lcKLZ%20x%20*%5B%5DQyXG%7CQyXD%7CQXyG%7CQyXC%7CQyX7GZLBGXyQ%20lcKQlcKQyKcl%20LlcKQyX7G%7CZL%20lcQKyXGZL%20lcKQyXCZ%20LZCXQyXDZ%20LZGXyQ%7CDXyQ%7CGXyQKcl%20%20%5D%20%3DPop-Bluegrass%3D240%3D5
960c64e3-5cbf-45fe-89c3-c12b73b4862d,irealb://All%20You%20Need%20Is%20Love%3DThe%20Beatles%20%28Lennon%2C%20McCartney%29%3D%3DRock%20Pop%3DG%3D%3D1r34LbKcu7D%20G444G%20DL-E43TZLD%20GA*%5B%20yQX%5Dpp%2CD%2CC%7CQyXGZXyQ%7CT4Ti*%5BTB*%7B%5DE-XyQ3TZLC/D%20%2CDZLE/%20D%23F/DZLG%20-A44T%7C4DXyQ43TZLZLG%20A/F%23LZT%7CQyX-E43TZL%23FD/%20G44T%7CQyX-E43T44D7/D%20G44L7A%20GD/ELZDZL7A%20G44TC*%7B%7DD%20%20B/D43TZLC/D%20D7XyQ%7C%20%23F/DL%23F/DQ%7CG%20BD*%5B%5DQyXG42TZL7%20DCZLD/7-E%20-EZL7T44G%20yX7DZDZLE/-%2CXyQDZLG%20A/7D%7CQyX-4E3TZL%23F/D%20G44T%7C/F%23%20DE43TZ7B%20G%7CZT34DZL7A%20G%7CQyX7DZLA7%20G44TQ%7BY%7D%20D%20B/D7XyQLC/D%20tuo%20eE-7/Dna%20taeper%3C44T%7BQ%7DyXG42TZL7D%20CZLd%20fad%20-EZL%3EGXyQ%7D%20%3DPop-Rock%2012/8%3D110%3D1
961499e2-605f-4ff7-a94e-6a977aace399,irealb://Yol%20KOD%3Dbast%C4%B1k%20zeynep%3D%3DMedium%20Swing%3DA-%3D7%3D1r34LbKcu7QyX-A4A-XyE%7CQyXC%7CQyX-A%7CQXy-E%7CQyXF%7CQyXC%7CQ-XyQ%7C4TA*%5B*%7BZL%20FXyQKX-AZL%20lcKQyXF%7CyQX-A%7CQyX-EZL%20lcyQKclSB*%5B%5D7*%3Cv*QKcl%20-AZLG%20FZL%20lcKQXy-DZL%20lcKQyXFZL%20%20Q%20%7DyX-ACZL%20%3E1olo%3F%3E%20adoC%20lA%20.S.D3*0%3C%20%3E1x%20KAN63*%3C%20Nak%20xsQyX2X-F%7CQXyQLZQyX-E%7CQyX-D%7CQyFX%7CQyX-AD*QZLQyX%7CA-XyZLQyXQyX%3EiXyQ%7CE.2%20%2Ckusud%20.1%20kNa%2063*%3CC*%5B%5D%20xZL-%20tutt-D%7CQyLQyXZLZXyQ%5DQyX-AfZLG%20F%3ElnaiF96*%3C%5BZLQyXZL%7CXyQLQyXZLZXyQLZXyQLZXyQLZXyQ%20Z%20%3D%3D0%3D0
96524ac4-1ba2-4c03-9b78-9a300936cb47,irealb://Breath%20of%20Fire%20III%20-%20Casually%20%20(vgls)%3DKaida%20Akari%3D%3DEven%208ths%3DBb%3D10%3D1r34LbKcu7BA*%7B%5D%5E7XyQ%20bE%2FbB%7CQyX7%5EbBLZB%2Ftla7F%20bE%2FbB%7CF7%239%20bBi*%5ByX7%5EbQ%7CBb%2Ftla7F%20bE%2FbB%7CQy7X%5EbBZLB%2F5%237A%20bE%2FBLZByX7%5Eb%7CQyX9Eb%20FLyX7-bBB*%5B%7D%207bD7%20-bAZL7bE%207-bBZQ%7CEb-%2FbB%7CQ%5DQyX7yQ%7CDb%2F-bD%209-bA%7CQyX9b-E%7CQyX7-bB%7CQyX7GbLZFX9-bAbBZLB%5E7XyQF%20bE%2FbB%7CQyX7%5EbZBLB%2F5%237A%20bE%2FbB%7C7alt%2FbBC*%5B%3Asptt%7CBb%2FEZ%209%237F%20bE%2FbB%7CQXy7%5EbBZLB%2F5%237A%20b%3C*51hQyX7%5E%2F%2Fwww.vgleadsheets.com%3E%20%3DPop-RnB%3D108%3D4
96d7b8a1-2de3-4fb2-8144-0dccc532f5d6,irealb://Earthbound%20-%20Snowman%20%20(vgls)%3DTanaka%20Hirokazu%3D%3DMedium%20Swing%3DG%3D7%3D1r34LbKcu7LxZLx4C%5E7LxZL9ddaGZLxZLxLZxZLxZLxZLxZLxZLZxLZ3TA*%5BxZLxZLZxLZddaGZLxZLxZLxZxLZLxZLxZLxZL7%5EC9LZxLxZLxZZL9b7xLZxLLxZLxZLxZLxZLxLZxZL7%5EbEB*%5B%5D%20xZZxLZDZLxZL7DZLxZxLZxxZLxZLxZLxZLxZ7L%5EbEZLxZLxZLxZLLZxLZLxZLxc.stexLZxLelgv.www%2F%2F%3Asptht%3CZLxZLxZLxZLxZadsheZLxZLom%3EnLZn%20Z%20%3DJazz-Medium%20Swing%3D150%3D0
96e54e52-ed9c-4e76-a416-569367646e1d,irealb://LoZ%3A%20Skyward%20Sword%20-%20Skyloft%20%20(vgls)%3DFuji%20Shiho%3D%3DEven%208ths%3DD%3D2%3D1r34LbKcu7D%7CQyXyQ%7CD2QyXD%2F7%5EG%7CQyX7%5EAD*%7B%20%20QyXQyX%5DQyX%7CA7%2FDXni*%5B2N%7C%7D%207%2FF%23Ls7A%7CQyX7-E1NZL-7B%207-%23F%7CQyX7%5EGZus%20A7%5ED%207%5E%20x%20ZL%7CE-11%20lcKQyX9%5EGB*%5B%5D%20%20lcKQyX7%5EDZL7A%20LZ%20x%20QyX6CD%207-EXyQ%7CDus7A%7CQyX9%5EGZL%20clKQyXDZLD%2F6G%207%5EsXyQ%7C9%5EDZLtth%3C%7CG%5E7XyG%7CQyXsus7DZL7-%20AGZL%23F%2FD%207-E%7C%7CQ%2FDXyQZL%23F%2Fps%3A%2F%2Fwww.vgleadsheets.com%3EDXyQKcl%20%20Z%20%3DJazz-Even%208ths%3D100%3D4
968125f6-49ce-4790-ad14-e77ea31801eb,irealb://Pok%C3%A9mon%20GS%20-%20National%20Park%20%20(vgls)%3DMasuda%2FIchinose%3D%3DEven%208ths%3DDb%3D1%3D1r34LbKcu7-bG%7CQ%5E7XyQG%7CQyXbD%2F-bG%7CQy7X%5EbD%7CQyXbD%2F-bG%7Cb%5E7XybDA*%7BQyX7b%7CF-7X7-F%7CQyX7%5E-bG%7CQXy7%5EbG%7CQyX7bB%7CQyXyQ%7CBQyX7%5Egv.wwb%5E7Xyptth%3C%7CQyX7bB%7CQXy7-F%7CQyX7%5E-bG%7CQs%3A%2F%2FwGB*%5B%7Dleadsheets.com%3EGb%5E7XyQ%7CGb-%5E7XyQ%7CF-7XyQ%7CBb7XyQZ%20%3DJazz-Even%208ths%3D100%3D0
96d08205-94e0-4a9e-a99c-9cea9ded8857,irealb://Super%20Mario%2064%20-%20Dire%20Dire%20Docks%20%20(vgls)%3DKondo%20Koji%3D%3DEven%208ths%3DG%3D7%3D1r34LbKcu711%237%5E9LZxLZL11%237%5EFZLxZL9ddaGZLxZL11%237%5EFZxLZEbddaG%5B1%237%5EbF%5E7%2311%237%5EFZL%209ddaGA%7B*%20%20QyXQyX%5D%20xZL11%20LZEZLxZLC%7CQyX%5E7%2311-A%7CQyXB%2FG%7CQyXC*B%5B%7D%20xZL9ddaGZL%20XyQ%7CGFZL%201L%2011%23%2FBXyQ%209ddaGC*%7B%5D%209ddDa%209-A%7CQyXbB%2F-G%7CLZF%5E7G%7CQyXcKQyX%2311%20LlcKQyXFD*%5B%7D%20xZ9LddaGZL%2011%237%5EFZ%20LZEb7%5EbEZ7D%3Emo11XyQehsdaelgv.www%2F%3A%2Fsptth%3C%20bE%2F7hA%7Cets.cDZL%20l%20Z%20%3DJazz-Even%208ths%3D138%3D4
96e598e6-5fd7-45ba-9eb4-819cf16d8b23,irealb://Lovin%20You%3DComposer%20Unknown%3D%3DMedium%20Swing%3DC%3D%3D1r34LbKcu7bBZL%2C*72In%2C%5EFZL%2C11CZL%2C%5EbZBL%2C%5EbAZL%2C%5EF%3EortLZAb%5E%3C44T%5BZL%2C*msus%2C%20%5EbBZL%2C%5EFZL%2C*m*ZGL%2C*m*AZL%2C%5EbB%7B%5D%2CLZA*FZL%2C%5EZL%2C%5EFLZF%5E%2C*GZL%2C*m*AZL%2C%5Eb%3EB%D0%B0%D0%BA%D0%B2%D0%B0%D1%82%D1%81%D0%9296*%3C%5B%7D%20m*%2CLZ%2C*m*GGZL%2C*ZA*m*G%2F%5EbB%3E1%2096*%3CA*%5D%5B%20%2C%5EFZL%2C*m*GZL%2CLZA*mL%2C%5EbBB%2F*m*b%20C7%2CA%20*m*GZL%20%2C*m*ALZ%20%2CG%2F%5EbBZL%2C%5EFZL*m*%20GB%2F*m*%5BQyX%5D*66%20%20%20oC%20%2C%5EF%3E%2F%20%20QyXyQX%2F%20QyXQyXQyX%2F%2FBb%5E%20%20%3CZL%2CbbGZL%2C9%202%3EAZL%2C%5EAZL%2C%5EEZL%2C**mbGZL%2C*m*bAZL%2C%5EAb*m*6*%3CA**m*AfZE%5E%2C%20BZL%2C%5EFZL%2C*m*GZ%2CL*m*AZL%2C%5EbBB*%5B%5Db%5E%2CLZL%2C*m*L%2C*m*m*%2CLZbB%3EONAIP%20%20%2B%20%20%D0%B0%D0%B2%D0%BA%D0%B0%D1%82%D1%81%D0%9227*%3C%7B%5D%20%2C%5EF%5E%2CLZA*GZL%2C%201%2096%2CLZF%5EY%20%7D%20%2C%5EFZL%2C*m*GLZ%2C*m*AZL%2C%5EbBZL%2CY*A%3C**m*GZ*m*bGyQ%202%20*bAZL%2C%5EA%7B%20QyXQXyQyXQyXA*%20%20%3E2%C3%97%20m*%2CLZXQyX-%2CLZE%5E%2CLZA%5E%2CLZAb*m*%2CLZGb*m*%2CLZE%5E%2C%3C*72%20%20%C3%974%3E%20%7D%20%3D%3D0%3D0
96cbde3c-604d-411e-b1c3-e1122021a0a9,irealb://Father%3DColeman%20George%3D%3DMedium%20Swing%3DBb%3D%3D1r34LbKcu79b7F%204C-7%20L9b7C%207%5EbBl%7C%2C%2B%2CF7-Cs%207-EZL7-bAZA7b94Ti*%5B-B%7CQyABb%5E7%7CQyX7%5EB%7CQyX7%5EbZGL9b7G%207bAZL%2BA%20Bb%5E7X*%7BY%5D%20-bB%20711LZEX7o%23C%7CQyX7-DB*Y%5B%5DQyX7bA%7CQyX7%5EbyQ%7CC-%237E%207*%5BY%5D%207%20D7bCZL7-bE%207-C%7CQy1X1%237C%7CQyX7-GZL9-7%20F%2B-AZL7%237E%207%20A%2BLZX7%5EbB%7CQyX7%5EB%7CQXy7%5EbGZL9b7G%207bAyQ%7CB-7%5EbBB%7CQyXDb%5E7XyZL7bA%207-bE%7CQyX-7DC*%5BY%5DQyX7bA%7CQBb%5E7/EZL11Fs%209byQ%7CC-b7C%207%5EbBl%7C%2C%2BF%2C-7Cs%207-EZL7-bA%2079LZA7X9%237G7b9%2CBb69%5D%20%3D%3D0%3D0
967caded-3a8e-45ca-8c87-19ad5e246a6f,irealb://Sunny%3DHebb%20Bobby%3D%3DFunk%3DA-%3D%3D1r34LbKcu7L7C%207-7XyQX7-AZL%2C7E%20%2C7-BQ%7CyX7%5EFZL7C%207-G%7CyQ%7CG-A44T%7B-B%7CQyyQ%7CB-QyX7%5EFZL7C%207-GQ%7CyX7-A%5B%5D%20%2C7E%20%2C7%7CBb7XX7%5EFZ7b5XyQ%7CE7%239XyQ%7CA-7XyQ%7CE7%239XyQ%5D%20%3D%3D0%3D0
96d1cf5d-3fb3-4663-8460-4c06d3156c9e,irealb://Basin%20Street%20Blues%201241%3DWilliams%20Spencer%3D%3DSlow%20Swing%3DBb%3D%3D1r34LbKcu77-bD%2C4sBb%2C%2CD/bB%2Co%23C%2C7-C%2CBb%7C%2CD/bB%2Co%23C%2C7-C%7CBb/D4Ti*%7B/6-bEF7%2C%7CBEZLbA/7bB%20bBl%7C7%2CF%2C7-C%2C7-bD%2CD/bb6/G%20%2C7-C%2CX7CZLb/FXyyX7G%7CQyX7D%7CQyX%5E7bBA*%5BY%7DQyX7F%7CQQKcl%20BZLbG%7CQyX7XyQ%7CB7D%7CQyX7%5EbBZL7F7%20-CZL7o%23C%20D/7%5EbXyQ%7CG7F%7CQy%20%28Ab%29x%20%28G7%29LZC7XyQ%7CF7XyQ%7CBb%5E7%20Eb6LZBb/F%20F7%20Z%20%3D%3D0%3D0
9647a887-70c7-4f7c-a6f2-0873c3b5e57b,irealb://Mack%20The%20Knife%20-%20www.tradjazz.ru%3DWeill%20Kurt%3D%3DMedium%20Swing%3DBb%3D%3D1r34LbKcu7lcKQy4Bb6XL%20lcKQyX7FZL%20lKcQyX7-CZL%20lcKQyZBb6X4TA*%5BcKQyX7XyQK7F%207-C%7CQyX7-CZ%20LlcKQyX7-CZL%20lcLZBb6-GZL%20l%20%20%5D%20%3D%3D0%3D0
9677242c-b3e0-4a36-82ab-add0f1af71a8,irealb://Shine%20%28arr:%20Sires%29%3D1910%3D%3DMedium%20Swing%3DEb%3D%3D1r34LbKcu7GZL%20lXyQKc7bBZL%20lcKQyXbELZ%20lcKQyX7bBZL%20lXyQKcbEA*%5BXbEB*cl%20LZcKQyX7bBZL%20lcKyQX7FZL%20lcKQyX-Cl%20%20%5D%5BKQyX7bA%7CQy%20LZBb%20lcKQyX-CZL%20lcQKyX7GZL%20lcKQyX7LZAbXlcKQy-XyQ%7CEbXyQ%7CC7XyQ%7CF7XyQ%7CBb7XyQ%7CEbXyQ%7CBb7XyQZ%20%3D%3D0%3D0
9631d590-313d-4ac6-aef5-69f2e6961702,irealb://Exactly%20Like%20You%20-%20%20www.tradjazz.ru%3DMcHugh-1930%20Jimmy%3D%3DMedium%20Swing%3DBb%3D%3D1r34LbKcu77-C%7CQ4BbXyNZL%20lcKQyX7FZLl%20cKQyX7CZL%20lcKQ1BbXy4TA*%7BKQyXbXyQXy-bE%7CQyXbEB*%5B%5DQXybB%7CQyXbB2NZL%20QXyQ%7CB%7D%207F%20X7CZLC-7XyyXbBA*%5B%5D%207F%207-ZCL7G%20bB%7CQyX7F%7CQQKcl%20ZL%20lcyQKcl%20LZF7XyQKcl%20LZBbXyQKcl%20%20Z%20%3DJazz-Medium%20Swing%3D100%3D3
96814330-8376-4b23-83f8-25ba810f701c,irealb://Bourbon%20Street%20Parade%3DBarbarin%20Paul%3D%3DDixieland%3DAb%3D%3D1r34LbKcu7yX%7CrQ4AbXyA%20G%7CQyX%2CbAA*%5BZ%20%20x%20ZL%20x%20ZL%20lcKQbLZXy4Ti*%5B-bBZLXyQ%7CG7F%7CQyX7-bB%7CQyXb7E%7CQyX7-bBZLbA%20%2C%20Eb7bAZLQB*%5B%5D%20%7CD7%2C%20-bB%7CQyXbAZL%2BbE7%20bE%7CQyX7bEZL7bE7%20Eb7QyX%2C7bDZL%20%7CG%20AbXbD%7CQyX7bA%7CQyX-7bEZLQyX%7CrQyXZLyQKclQyXbAbB%7CQyo7XyQyX7bE%7CQyX7bBZLF7%207bG%7CQyXbE%2FbA%7CQ%7CAbXD%7CQyX-7%20Eb7%20Z%20%3DJazz-Second%20Line%3D190%3D30
9620b2c0-eabd-487e-81e4-3df67133f3f3,irealb://Gone%20With%20The%20Wind%3DWrubel%20Allie%3D%3DMedium%20Swing%3DEb%3D%3D1r34LbKcu7bEZL74F-7XFA*%5BZL7C%207hG%7CQXy7%5EbE%7CQyX7bB%7CQy-7%20Bb4Ti*%5B7%5EGZLLZF-7AZL7E%206GZL7D%207A-%7CQyX7%5EbEZL7bB%20-7%20D77C%207%5Eb7C%207-XyQ%7C%237D%207%5EbE%7CQyX7b%7CBQyX7-F%7CQyX7o%23F5LZDbG%7CQyX%5EbEZL7XyQ%7C-FZL7C%207%5EbEZL7Bb%207-FB*%5B%5DQyX7bB7%20Bb7-FZL9F%7CQyXA-7%20DyX7-F%7CQyX7%5EGZLD7%207-AZL7E%206GZL7Q%7CC-7%7CQyX77hG%7CQ%5E7%29%20BEU%7CQyX7bB%7CQyX7F-ZL9b7C%207hGZL7bb%5E7XybA%287-%20C7%20Z%20%3D%3D0%3D2
961c7224-9a6b-49d2-adaa-148a6b8e939c,irealb://Stardust%3DCarmichael%20Hoagy%3D%3DBallad%3DDb%3D0%3D1r34LbKcu7%5EbDv*4Eb-7A%207-bEZL7C%207-GLZ7-bB%207-FZL7bA%20b7LZ%5B4Ti*%5BZL7-bGb7%231ZL7bA%207-bE%7CQyXb7B%7CQyX9b7F%7CQyX1F-7%20B%7CQyX7QyX7b7LZEb9b7F%7CQyX11%237bGQ%7CyX7%5EbDZL7bA%207-XyQ%7CBC%207-G7%5EbGA%20Ab7L%237bD%207%5EbDZL7bA7%20-bEZL7-bB%207-FZ5%20%5D%7B*7-bE%7CB%207-bl%20LZGB%207-F%7CQyX7%5EbDZ7LB%207-%23F%7CQyX7%5E-bb7LZEcKQyX7-Fl%7Cb-7Xy-bEs%207%5EbDZL7bA7%20-bE%7CQyX7bA1N%7CQ7%2CEo%2CEZL7b7-%23F2LZEb7bD%207bAZL7-bE%207AbZL7bE%207-bB%7CQyX7%20%7D%7CN7-bB%207%5EbDU7XyQ%7CbA%7CQyX7-bEZL7b%20B7-FZL7-bB%207%5EbD7XyQ%7CB%7CQyXXyQ%7CAb-7%20Db7%20Z%20%3D%3D0%3D2
96b9a040-90ce-4be7-a8c4-4235854d1855,irealb://I%20Fall%20In%20Love%20Too%20Easily%20-%20jsb%3DStyne%20Jule%3D%3DBallad%3DEb%3D%3D1r34LbKcu79b7G%20-7%20Bb7A%207-CZL9b7G%207DhZL7%5EbA%207%5EbEZL7LZDh7F44T%5Bs%20%207G%20C-7%2FD%207hA%5B%5D%207G%207hDLZ11%237bA%207hAZLbB7%239LZ7-CZLFZL7C%2C%7ClC7l%7C%2C7bD%2C7-bAs%207F-ZL7C%207-F%7CQyX9bG7b9%209%237%23C-7%20Bb7LZUEb6XyQZ%20%3DJazz-Ballad%20Swing%3D60%3D3
9642229a-1d58-4522-bc08-21116049c3b9,irealb://It's%20You%20Or%20No%20One%20-%20jsb%3DStyne%20Jule%3D%3DUp%20Tempo%20Swing%3DF%3D%3D1r34LbKcu7F%7CQyX4G-7XX7-GZL7D%207-AZLb7B%207%5EF%7CQyX7C%7CQyyQ%7CC74TA*%5BXCZL5Kcl%20%20%5EbA%7CQyX7%5EbA%7CQy7XbE%7CQyX7-bBB*%5B%5D7%20G7%23QyX7%5EAZL7b7%20G7L%7CQyX7C%7CQyX7-GA%5B*%5DQyX7C%7CQyX7-GZF%5E7%20B-D%7CQyQyX7bLZG-77-bBC*%5B%5DQyX7F%7CyQX7-C%7CQyX7C%7CQyXXyQ%7CE7D%207-%7CA-7%20D7LZAb-7%20Db7LZG-7XyQ%7CC7XyQ%7CUFXyQKcl%20%20Z%20%3DJazz-Up%20Tempo%20Swing%3D240%3D30
964e0bd7-8130-4aa1-a26a-792b2b5629a1,irealb://Smoke%20Gets%20In%20Your%20Eyes%3DKern%20Jerome%3D%3DBallad%3DEb%3D%3D1r34LbKcu7GZL7o4Eb%20sAZL31b7G%20bEZL7Bb%207-Fl%7C%2Co%23F%2C7-Gb%5E7%20A4TA*%7B2NZL%20%20C-7LX%7D%207bB%207-FZL7C7%20-G1NZL7bB%207-FZyQXyQbB/7-ZL7bA7LZEb%7CQyX7bA%7CQyX7%5EBBl*%5B%5D%2C7%23F%2C7-%23Cs%20C%23-7%20bA%20bEbB%207-Gb7LZ%207-Gl%7C%2CbA/7bB%2Cb7Bs%207-bA%7CQyX7%5EBC7LZF%207-bDGZL7oAEb%20sAZL31b7G%20bEZL7Bb%207-Fl%7C%2Co%23F%2C7-Gb%5E7%20A*%5B%5D%207-7/Bb%20C-7LZF-7%20Bb7LZEb%20C-7LZF-7%20Bb7%20Z%20%3DJazz-Ballad%20Swing%3D60%3D3
969e573a-5c14-4249-ad4b-40abbacd7ef9,irealb://Que%20Me%20Des%20Tu%20Cari%C3%B1o%3DJuan%20Luis%20Guerra%3D%3DBachata%3DF%3D%3D1r34LbKcu7%5D%20%20n%204FXyQ%7CQyX7E%7CQyXF%7CQy7XC%7CQyX-A%7CQyX7E%7CAXyQ%7C4Ti*%5BQyX7CyQ%7CE7A%7CQyX7E%7CQyXFS%7BQ%7DyX7C%7CQyX-A%7CQyX-XyQ%7CXFA*%7ByXCB*yQ%7CG7XQyX%5DQyX7G%7CQyXD-ZLQyX%7CrQyX%7CQyXyQ%20%20%7BX-D%7C%7D%20QyXQyQ%7CFXX7G%7CQyXC1N%7CQyXG7%7CQyX-DZLE%20F%7CQyyQ%7DXyX7C%7CQFZL%20l%20sE-%2CGC*%5B%5DQyX7Cl%3EB%20%20%26C%20la%20.S.D%3C%7C%2C-DXyQKcF2NZLlcKQyXyQ%5D%7BXD%7CQyX-A%7C%7D%20%20lcQKyXCZL%20lcKQyX-GyQ%7CGXC%7CQyX%20%20%5D%20%3DLatin-Brazil:%20Samba%3D129%3D1
9687c864-4136-4679-845a-e622513c165f,irealb://All%20Or%20Nothing%20At%20All%20(Tom's%20Arr)%3DAltman%20Arthur%3D%3DMedium%20Up%20Swing%3DA-%3D%3D1r34LbKcu79b31C4A-Xy%7CQyX-A%7CQyX6-A%7CyQX7-A%7CQyX7%5E-A%7CQG-7%2C%204TA*%7BX7o%23DXyQ%7CC7-D%7CQyX%2C9b31C%7CyQX7-G%7CQyX%2C5%239b7%20%20QLZ9bBZLC2NZL11XyQyX%7D%205b7E%207hB%7CQXy7%5EC1N%7CQyX5b7G%7CQXyQ%20-D%7CQy-bB%7CQ%7CBb-7bA%7CQyX%2C9-bE%7CQy7X%5EbAB*%5B%5D%205b7bE%20%5E7%2CXyQyX7%5EbB%7CQyb5LZAE%7CQyX9b7bEZL5bb7E%20%2C7-bB%7CQyX7%5Ebb7b9X7bE%2079bDZL%7CEb7bF%207-FZL5b7C%205bb7E%7CQyX7-bB%7CQyX5-7%2FEbQyX7-6-FZL9%20%20%3CDL%207EZLQY%5D%20n%205bE7ZL%3EADOC%20la%20.C.ZA-7%20C%7CQyX%20LZC%5E7%20LZE7b9%20%20Z%20%3DJazz-Slow%20Swing%3D80%3D3
96c33856-67fb-4bdf-adb0-0274932cb206,irealb://Aisha%3DMcCoy%20Tyner%20(John%20Coltrane)%3D%3DBallad%3DA-%3D0%3D1r34LbKcu7-AA*%7B44%3C*7X%7CrQyX%7CQyX9-G%7CyQX9-A%3E46%20mpb%20%204yQ%20%5DYTi*%5BY-G(9-)%20%20(Dlos%20rof%20segnah%20c.tla(%20%20%3CZL)9b7os)%3EG7-A(9%207-FZC7)LZB(%20%20)7-F(9-FZL9)b7D(%20%20)7-A(9-Ab13)L(%20%20)7-F%2C119LZG-%2C7-Gs1NZL11%239bD7%20%2C7-AZL%2C9b7C%207C7b9%23b31bB%20%5EAlS9%7DXyQ7E%2C7-B%2C11%239b7C7%2C-G2N%7CQyXQyXQyX%2C%5D%5B*B%237E%2C9%5EbEZL1LZ%20x11%2331E%20%5EBZL%20x%20LZ11%2331bG%20%5EbDZL%20LZ%20x%201%2331DG(9-GZsA%5E%2C7D(%20%20)7-A(9-Al*A%5BY%5D%2C9b7E%2C7-Bspb9)LZL%5EbG%20-FZL)(C13)%20%20)7-F(9-FZL)97bD(%20%20)7-A(9-AZL(Bb13%20%20)7-%2C9-F%2C3b9LZ7C%2C7-GsZLQ%2C9b7%20D%2C7-AZL9b7C%207-Gb9%23111bB%207QyX%3C%2C%5DYY%7CQ1%239b7C%3E%E2%91%A017*%3C%2C7G-%3EadoC%20la%20.S.D%3C1%2CB-7%2C9%237EbEl%3E.%5D%7CQsG6*%3C%7C%2C9b31bB%2C7-%2CF9b31C%3E%E2%91%A117*%3C%2C7-9%20rit%2C7E%3E%E2%91%A1-7%2C%20Ab13b9%2C%20fGb13%2311XyQZ%20%3DJazz-Ballad%20Swing%3D64%3D3
9682a33c-8273-400f-bbbf-02f2a7528688,irealb://Rainbow-Rev%20JE%3DJarrett%20Margot%3D%3DBallad%3DF%3D%3D1r34LbKcu7ZL%23G/4F%5E%20WL7E%20sus7E%7CQyX7BhZL%2CC/W%207-DZLE/ZA%5E%20W3TA*%5BhCZLbyQ%7CB--bE%7CQyXbB/%5EbGZ7LbD%207-bAZLA/W%2077%20W/DX7-%23FZLF/WZBb-7LA/7-D%20%5EbBZL7-%20C7-D%7CQyX7-A%7CQyXZG-7%20L7F%207%28sus77LZD--G%20%297obA%287-DZL/EW%20A/%5EFZL7-bB%2077LZYCA%207hEG-7%29XyQ%7CC7%20%20%2CQ%2C%20%5DXyQXyQ%20%20%5BUQ%3CFINE%3EF%5E7%235XyQZ%20%3DJazz-Ballad%20Swing%3D100%3D6
9653de9f-9f5f-48ec-9204-f4008cd86cd3,irealb://Night%20And%20Day%3DPorter%20Cole%3D%3DLatin-Swing%3DC%3D%3D1r34LbKcu7yX7G%7C4Dh%28DhD%28hDZL%20lcKQyX%5E7C%7CQyX7G%7CQyX%297h7%29XyQ4TA*%7BQyX7-XyQKc7obE%7CQyX7-E%7CQy7X-F%7CQyX7h%23FZL%20lXyQ%7CD7%5EC%7CQEB*%5B%5DQ%7CN1CB%7CQyX7%5EC2NZL%20QXyQyX%7D%20%20lcKQyX7%5Eb7XyQyX7G%7CFZL%20lQKcl%207%5ECZL%20lcKQyX7%5EEbZL%20lcKQyX7%5ECZLXyQKcyX7%5EbL%20n%2C6Q%7CF-7%20%207G%7CQyX7-D%7CQy7XobE%7CQyX7-E%7CQyXQLZsCyX7h%23Zn%20lG7%20Z%7BQlC6XyQ%7CDhXyQ%7D%20%3DJazz-Latin/Swing%3D180%3D3
9663fa7a-4e89-4131-8424-2858afdcce95,irealb://B%C4%B0RAZ%20AYRILIK%20B%C4%B0RAZ%20H%C3%9CZ%C3%9CN%3DT%C3%9CRKMEN%20G%C3%96KHAN%3D%3DPOP%3DE-%3D%3D1r34LbKcu7%20C%20ZL4%20B-%20L%20x%20ZL%20-B%20i*%7BZQLyXZLQyXZL%20x%20ZLZ%20E-%204Ti*%5B%20-E%20Z%20LZ%20B2N%7B%20QyXZLQyX%7D%20-%20E%20ZL%20-A%201NZL%20-%20A-%20L-A%20ZL-B%20-A%20A-%20L%20ZL%20x%20ZL%20-A%20%7CE%20%20-BZL%20-B%20ZL%20x%20ZB-%20LZB*%7B%7D%20%20ZL%20x74%20meB%20ZL%20x%20ZL%20-E%20Z%20Lx%20ZL%20-B%20%3E%20idol-%20LZ%20*%3C%7C%7D%20%2CB*%2CZF%237%239B*%2CZLQyXZLQyXZQLyXZLQyX%2CA*%2CZL%20%2CXyQL%20ZL%20GXZLQysadecXZLQyXZLQyXZLQXyZLQyX%3E%20luvad%20eyQLZX%2043*%3CyQLZXyQLZXyQLZXyQLZXyQ%20Z%20%3D%3D0%3D0
9627df46-2d8a-4acc-a0b5-0757fb4b8ca6,irealb://Put.%20Little%20Love%20In%20Your%20Heart%3DComposer%20Unknown%3D%3DRock%3DE%3D%3D1r34LbKcu7XB%7CQyyQ%7CEXXE%7CQyXA%7CQyXE%7CQXyE%7CQyXE%7CQyXA%7CQyyQ%7CEXXEA*%7Bdom%20-yQ%7CBXnO12*%3C%7C%7DQyXB%7CQXyB%7CQyXB%7CQyXB%7CQy%20Cue%20XE%7CQya%20tupon%3EXytuO%20%20QyX96*%3CB*Z%7BLQyXQyXQyXQyXQro%20-%20italuY%7DQyXle%20loXF%7CQyXbB%7CQyXF%3Ertaeh%20ruoy%20ni%20evyQ%7CBbttil%20lttilOn%20CuP47*%3C%2CF%3E.%20.%20.%20%20..%20.%20drateR%20-%20eut%20a%20%3C%2CQ%2C%7Ce%20love%20in%20your%20heart%20.....%3EXyQ%7CBbXyQ%7C%7C%2Cf%2CFXyQZ%20%3D%3D0%3D0
965cd966-1515-435f-9a09-a827183ab521,irealb://I%20Remember%20You%3DSchertzinger%20Victor%3D%3DMedium%20Swing%3DF%3D%3D1r34LbKcu77-bB14F%5E7X7%5EbBZL7F%207-C%7CQXy7%5EFZL7E%207-B%7CQyXyQ%7CN4T%7BA*L7bE%20ZA-7(NZLQyX%7D%207C%207-GLZ)7%5EbA(7D%20)7%5EbA2Bb-7L7bE%20ZL7A%20yQ%7CC-yX7%5EDZL7A%207-E%7CyQX7%5EbB%5BB*%5D%207F%207Q%7CE-7X7%5EFZ%5EFZL7Q%7CD-7%7CQyX7%5EF%5BA*%5D%207C7%20-G%7CQyX7%5ECZL7G%20B-7%20EyX7%5ED7-AZLC-7%20FBZL7D%207-AZL7bE7%20-bB%7CQyX7%5EbBZL7-7%20E7%7CQyX7%20D7LZG-7%20C7LZF6XyQ%7CG-7%20C7%20Z%3DJazz-Medium%20Swing%3D100%3D3
963ab31c-9a87-4766-ac82-78bfed680552,irealb://Who%20Can%20I%20Turn%20To%3DNewley-Bricusse%3D%3DMedium%20Swing%3DEb%3D%3D1r34LbKcu77%5EbA%204Eb6X7-F%207%5EbE%7CQyX7b%7CBQyX7-FZL%20lcKQyLZG-74T%5BA*yX7-C7XyQ%7C-GZL9%237D%207-F%7CQXy7%5EbA%5BB*%5DQyX7bE7XyQ%7C-bBZLFZL%20l7%20Dh76bE%5BA*%5DQyX7bB%7CyQX7-FZL7C%207-GZLXyQKc%5EbA%7CQC*%5DQy%7CBb7XQyX7-bBZL7%5EbA%20-7GZL7-F%207%5EbE%7CQy%7CEb7XQyX7-%207-FZXyQ%7CD%20G%2FbEZL7o%23F%207FQ%7CyX7-CZL9b7G%207hF%23o7L7%5EbA%5BBb7LZEb6XyQ%7CF-7%20Bb7%20Z%3DJazz-Medium%20Swing%3D100%3D3
96e199d8-6a57-4e7e-b6d6-81cee9a35dbd,irealb://Love%20Me%20Tender=Poulton%2FDarby==Country%20Ballad=D==1r34LbKcu7XDZL74DXyQs7A%7CQyX7E%7CQyXD%2AA%7BQyXQyXQyXQyX%5Dus%2C%20A4Ti%2A%5B%2F7D%20%2DXyQ%7CE%2F7%23F%20DB%2A%5B%5DQyXDLZ7A%20%2Csus7A%7CQyX7C%23LZBD%7C%7CQy%20%20DZLG%2DLZDus7A%7CQyX7El%7C%2C7%2CB%2BB%2CA%2F7D%2CDs%7CQyXs%2C%20A7%20GZLA%3C3x%3E%20%7D%7CDXyQZ%20=Pop%2DCountry=75=1
9634fbaf-d0d7-4615-b083-068c5d5d245a,irealb://Can't%20Stand%20Losing%20You%3DSting%20(The%20Police)%3D%3DRock%2FReggae%3DD-%3D%3D1r34LbKcu7.C.D%2044%3C*7%20%2027*%3C%20ZL%20x%20ZLG-%20-D%3E241%20mpb%20%204afterTi*%5BYGZLD%2Fat%20in%3E%E2%94%81%20%20%E2%99%A9%E2%99%AA%E0%B8%AF%20%2017*%3CA%7B*Y%5D%20%20x%20ZL%20x%3EortD-%20A-eper%20A%20CZLXyQr%7C%20x%20ZLF%20bB%3E%20%D2%91%20%20%E2%99%AA%E2%99%A9%E0%B8%AF%20%20%E2%99%A936*%3C%7C%7D%20QyXLZC%20G%7CQyX-retfa*B%3C*7X27*%3CxZL%20-GZLxLZ%20bB%3E%D0%9F%20%D0%9F%20%D0%9F%20%D0%9F%20%202yQXyQ%5BY%5D%20727*%3CC%20repe%20x%3EeniF%20la%20.C.%3CDZL%207AZL%3E%5DB%5B%20ta%20%5DY%7B*.C.D%20%20%20lcK%E2%99%AA%E2%99%A9%E2%99%A9%3EBs7CZL%20x%20%3E%E2%99%A9%E2%99%A9%E2%99%AA%20..%E2%99%AA%E2%99%AA27*%3C%7CQyXsus7busXyQ%E0%B8%AF%E2%99%AA%E0%B8%AF%20%20%20%20%E2%99%A996%3C*69X%20x%20ZL%20x%20ZL%20lcKyQX-D%3E%D0%9F%20%D0%9F%20%20%D0%9F%20%D0%9FQy%20%7D%7C%3C*A*%7BY%7DbB%3E%D0%9F%20%D2%91%20%3EBb%20%2027*%3CB*%7BY%5D%207AC%20ZLG%20CZL%20x%20ZLF%20%D0%9F%20%D0%9F%20%D0%9F%20%20%E2%99%A9%E2%99%AA%E0%B8%AFQyXbBZG-%20LKQyX7AZL%20lcKQyCX%7B%7D%20%20xZL%207AZLxZcl%20LZLxZL%20uo%20pm%7DCXyQX30*%3CZL%20x%20ZL%20xZ%20L-G%20-D%7B%5DQyX7A%7CyQ%20va%20%20lcKt%3E%20x%20%20%7D%20%3DLatin-Cuba%3A%20Bolero%3D142%3D1
96dc9ebc-bd8d-4278-9665-5dccdaf93bdf,irealb://Further%20On%20Up%20The%20Road%3DJoe%20Veasey-Don%20Robey%3D%3DBright%20Shuffle%20Blues%3DG%3D%3D1r34LbKcu7QyX7DXyQKcKQyXGZL%20lcKQyXC7ZL%20x%20ZL%20x%20ZL%20lcl%20LZG21T%5B%7CC7XyQ%7CGXyQKcl%20%20Z%20%3D%3D0%3D0
9620df35-453e-41d0-8694-422f695ade3a,irealb://Three%20O'Clock%20Blues%3DB.B.%20King%20%28B.B.King-Jules%20Bihari%29%3D%3DMedium%20Blues%3DBb%3D%3D1r34LbKcu7QyX7bb7XyQcKQyX7bE%7CQyX7b%7CBQyXbB%7CQyX%2C7bE%7Cl%20LZBB21T%7BKcl%20LZF7XyQ%7CEb7XyQ%7CBb7XyQ%7CF7XyQ%7D%7CBb7XyQZ%20%3DPop-Shuffle%3D70%3D1
96f4db7c-1640-4ed7-8fa4-d118f3df5f6a,irealb://Thrill%20is%20Gone%20%2C%20The=Composer%20Unknown==Medium%20Swing=A%2D==1r34LbKcu7%2Am%2AD%7C4A%2Am%2A%2AD%7CQyX%2Am%2AA%7CQyXm%2A%2AA%7CQyX%2Am%2AA%7CQyXm%2AXyQ4TA%2A%7BX%2Am%2AA%2Am%2AXym%2AA%7CQyX7E%7CQyX%2Aj7am%2AF%7CQyX%2Am%2AA%7CQ%2AXyQ%7CA%7CQyXyQ%7D%20=Pop%2DSmooth=93=4
963b36cd-d629-4f65-85c7-4e089ade8a85,irealb://Sunrise%20Sunset%20%28Fiddler%20on%20the%20Roof%29%3DJerry%20Bock%20-%20Sheldon%20Harnick%3D%3DMedium%20Swing%3DC%3D%3D1r34LbKcu7%7CQyXG4G-Xyb7D%7CQyX-GZL%20lcQKyX-G%7CQyX9b7D%7CQ9XyQ%7C3TA*%7ByX5%237%5D%5BC-X7bE%7CQyXAZL%20lcKyQX-C1N%7CQyX7G%7CQyXyQ%7CDQyX7Gx%20ZL%20%20%7DXyQlcKQyX5%23D%7C%7CQyXA7%7CQyX-C2NZL%20QyX%20LZ%20x%20lcKQyX5b7BG-Xyb7-A%20-G%7CQyX5b7A-%7CQyX-D%7CQyX7D%7CQ5LZA-*%7B%5D%20%20N%7CQyXyQ%7CG7%7CQyXx%7CQyX7%5EbB%7CyQX7F%7CQyX-C%7C%5DQyXA-7b5X-G%7CQ1D7XyQ%7CG-XyQKcl%20%20%7DXyQLZN2D7b9XyQ%7CG-XyQKcl%20%20Z%20%3DJazz-Medium%20Swing%3D125%3D3
9678213d-12e1-4fe0-a754-31fa6e25d7d8,irealb://Spangalang%202%3DHaerle%20Dan%3D%3DMedium%20Up%20Swing%3DC%3D%3D1r34LbKcu7D%7CQyX4A%5EXyX%5ED%7CQyX%5EA%7B%7CQyXD%5E%7CQyX%5EA%7CQyX%5ED%7CQyQ%7CA%5E3TA*%5Bb31bE%7CA%5EXyb31bGB*S%7B%5DQyX3G1%7CQyX%5EA%7CQyX%5ED%7CQ9XyQ%7C%7DQyX%5EAZL%20lC13b99-GZL%20lcKQyX31Ab%7C%7DQyX9b31A%7CQyXXyQKc%7CQyX9iF%3CZLQKcl%20yX31bB%7CQyX%5EC%7CQXytla7G%7CQyX%5EbDZLQKcl%20yX31bX%5EbE%7C%20%20Z%7B*us7bB%7CQyX%5EbE%7CQXysus7bB%7CQyX%5EbECsXyQ%7Dx%20%3Een%5EbE%7CQ7susX7bB%7CQyX%5EbE%7CQyXuss7bB%7CQyX%5EbE%7CQysusXybB%7CQyXyQ%7C%3CD.S.%20al%20Fine%3EAb13XyQZ%20%3D%3D0%3D0
964094ba-470a-45e2-9efe-ac223ecd21d2,irealb://Lumi%C3%A8re%20du%20Monde%3DHughes%20Tim%3D%3DRock%20Pop%3DE%3D%3D1r34LbKcu7%20E%7CQy4%3C*68%20E%7CQyX-%23FZLB%20E%20%3E2%20te%201%20stesreVBLZAX4TA*%7BQyXE%7C-XyQ%7CQyXE%3EniarfeR06%3C*B*%7B%5D%20AZLAZLB%20E%7CBXyQ%23FZLBQyXAZyQ%7D%7CNtnoP07*%3CC*%7B%20%20QXyQyX%2C%20%20AZLQyXA2%3EB%20ELXA1N%7C%7CB%20ELZAXyQ%7D%20%3DPop-Rock%3D75%3D1
9692e21e-cd05-4492-8cd2-263e9c2d41c1,"irealb://Away%20In%20A%20Manger%20JFM=Traditional==Pop=D==1r34LbKcu7%7CQyX7%20%20A%2FD,%2DB%7CQyX7A%7CQyX%2D%7CE,%2DBQyX%7CQyX,D%7C,XyQ%7CED43T[,7E%20%20D,%20%20AX7A%7CQyX%2DE%7C,7B%20%23%20F%2F%2DA%7CQyXD%7C,D%2F7yQ%7CB%2D%7CQyXA%7CA7,XyQ%7CDXyQZ%20=Pop%2DSmooth=85=3"
964d149d-1d6b-4a46-9368-f51411159e15,irealb://Baby%2C%20It's%20Cold%20Outside%20%28jam%20arrangement%29%3DLoesser%3D%3DMedium%20Swing%3DG%3D%3D1r34LbKcu7%207-AZ4G7%20EQyXGA*%7BY%5D%20QyX%7CQryXZL%2C7D%20%2C7AZL7Kcl%20L4Ti*%5B%7CQyX7x%20LZGlcKQyX%5ECZL%20x%20Z7LG%207-DZL%20lcKQyX%20LZC-%20ZL7DZL7bBGXyQ%7CZL7-A%20GB*%5BY%5DQy9XD%7CQyX7A%7CQyX7-EB-7%2C%20%7CQyXFX7AZL7LZ%20xyX%5ECZL%20x%20ZL7G%20-7DZL%20lcKQyXGZL%20QKcl%20D%207-A7El2NXyQ%7CGD%2C7A%2C7E%2CGsZL%2C7%20D7A%7CQyX7E1NZLF%207%2C%7DY%7C9D%7CQyD%2CD%7C%2C7%20D9%2C%2CB/G%2CGs%7CQyX7D%7CyQX7AZL7E%20%2C7-BZLC%2CC%23oA%7CQyX/F%23%2CG%2Csn%7CUlG6XyQZ%20%3DJazz-Medium%20Swing%3D100%3D1
9615097e-ea39-4442-b994-3a284bf0224e,irealb://Chega%20De%20Saudade%20%28No%20More%20Blues%29%3DJobim%20Antonio-Carlos%3D%3DBossa%20Nova%3DD-%3D%3D1r34LbKcu7*%5B%5D%2074G-9LDl%7C%2C7A%2C-EsZL7oZBL7%5EbBZL9%5EFZLCZ-7LZA4Ti*%5B7A%2ChE-LZD-ZL9b7AZLbB/7hELZxZLB/9b7EZLC/7D-LZsD44TAZL-DBLZsBhb7AZL7hEZLxZL7b%5EBZLxZL-Al%7C%2C7E%2C9%20%5D%5B*-Dl%7C%2C9b7AZLZE7b9b7DZL-DZL9b7ALZbB/7hEZLxZLB/9LZG-LC/7-DBZL7%5EZD-7/%5D%2C7A%2C7-EsZL-DZ9Lb7AZLB/9b7EZLC%5B*ClDL-DZLL7-EZZE-7LL7-%23FZL7%5EDZL7oZDL7AZLsus7AZLxZZFo7LL%23D/7BsZLx7LZxLZLxZL7EZL7-BZL%5E7DD*%5B%5D%207AZL7hEZF%237LZEZLxZ7-%23FZ-7%2C%7CA7EZL7BZL7-%23FZL-7GZL7%5EGl%7C%2C7D%2C7-LZA7LbB%2C7-LZB7LZE7LZA7LZD6LZA7%20Z%20%3DLatin-Brazil:%20Bossa%20Electric%3D140%3D3
96209754-b202-4501-b8b1-82bca8211a4c,irealb://Besame%20Mucho%20reharm%20giobbe%3DVelazques%20Consuelo%3D%3DBossa%20Nova%3DD-%3D3%3D1r34LbKcu79b7A%204N1D-9b7D%206-GZL%20lcKyQX6-GZL%20lcKQyX6LZEh74TA*%7BEZL7h%20LZ%20xZL%20lcKQyX6-G%7CQXy9b7D%7CQyXhA%7CQyXD-6%20B9%5EDZLL9b7A7b9LZQyX6-D%7CQyX6-G2BN*%5B%7D%20%20lcKQyX6-D%7CEh7%20A%209b7-DA*%5BD7b9Lb7AZL9b7bB%207EZbLB%209%5EFZL7C%206-GZ9XyQ%5D%206-DZXx%20ZLcl%20LZ9b7A%207hEZL9b7D6%20-GZL%20lcKQyX6-GLZD%5E9KQyX69b7A%20h7XyQL7hB%206-D%7CZL%20lcQKyX6-G%7CQyX9b7D%7CZE7b9AZLQyLZD-6XyQKcl%20U%20%5D%20%3DJazz-Latin/Swing%3D149%3D4
962658e6-3948-4a0f-9d79-6ca072e8f63e,irealb://Blue%20Samba-UNK%3DCimorosi%20Tony%3D%3DLatin%3DA-%3D8%3D1r34LbKcu7G%7C%2C*7*m7*%20%20*7m*AZL7E%20*m*%7CDQyX%5EFZLG/*7m*A%20Ab*mA44T%7BZL7bBG*m7*F%7CQyX*7m*DZL9bA7%20hE%7CQyX%5EbEZLF/*m7*%20%20*7m*yX*7m%20A*m*osinu%20ni%20ffiR%28Z%3CL7bB%20*7m*FZLG/n%29%3EA**7m*AyX%5EFZLOS%3Enm*A%20*7m*A44T%7B%20Q%20yXQyX%7DQyXn%7CQyX7*/GLOS%3C%7CQhE%7CQy*%20E7LLF/*7m*G%20*7m*G%2C%7C*7m*bA%20%20*7m*AZZEb%5EXm*D%7CQ7bB%20*LZD*mLG/*m*A%20*7m*AZ7LbB%20*7m*F%7CQyX*7ZF*m79b7A%20*7m*A*m7*%20%20olos-fo-dne%20t%20affiR%28%3C2N%7C%7D%207bBcue%29%3EA1NZL%2CXyQ%7CnXyQ%7Cn%20%20%3C.%3E%20%5D%3CD.C.%3E%20%3DJazz-Bossa%20Nova%3D140%3D3
96969e38-a224-43b9-8db2-f7704ad838ef,irealb://You%27d%20Be%20So%20Nice%20To%20Come%20Home%20To%20%28Odd%29=Porter%20Cole==Medium%20Up%20Swing=G%2D==1r34LbKcu77D%207h4C7Xy7%2DGA%2A%7BY%5D%207D%207%2D%7CAQyX%5EbB%7CQyX7F%7CQXyQ%7CA4Ti%2A%5BQyX7%2D%2D7XyQlcKQyX7%5EbE%7CQyXb7B%7CQyX7%2DFZL%20lcK%20%20%5D%7CAGZL9bb7D%7CQXyQ%7CG%7CQyX9b7A%7CQyX7hZELF%2F%2DG%20%2DG%7CQyX7%2DA%2D7Xy9b7D%7CQyX7b%5B%2ABG%2D7%2DFZL%20lcKQyX7%2DZGL9b7D%207hA%7CQyX7XyQ%7CB%5DQyX9%207%2DG%7CXyQKcD%287o%23F%7CQyXF%2F%2DDQ%7CyX%297A%287oE%7C%5D%20%20l7%29XyQ7%5EbE%7CZL7%2DC7XyQ%7CyX7CQ%5BY%7D%209b7D%20h7A%7CQyX6bB%7CQyX7FQ%7CC7%20CZLQ%20GoXyQ%7CGo%20C%2D7LZC7XyQ%7CC7%20F7LZBb%5EXyQKcl%20%20Z%20==0=0
9684c7d3-f555-4e4c-8bad-92b53ed936e6,irealb://On%20The%20Sunny%20Side%20Of%20The%20Street%3DMcHugh%20Jimmy%3D%3DMedium%20Swing%3DC%3D0%3D1r34LbKcu7yX7D%7C4C6XyAZL%23G%2F9b7E%20G%2F6%7CCQyX7%5EF%7CQyX7E%7CQ-7XyQ4T%7BA*6CZL7-7%20G72NZL%20QyXQyX%7Dl%2CG7%2C7-D%2C7A%2C7-EsZLD-7%20GD1N%7CQyX7-DB%5BG-7D%7CQyX7-AZL%20lcKyQX7%5EF%7CQyX7C%7CQyX7XyQ%7C*%5DQyXQyX7-yQ%5D*A%2F9b7E%20G%2F6C%7CQyX%5E7F%7CQyX7E%7CQyX6C%5BG%23LZAX7G%7CQ%7CD7XyQ%7CD-7%20G7LZC6%20G7%20Z%3DJazz-Medium%20Swing%3D120%3D3
96c9154a-5114-4aa2-89a5-0a370737b8fd,irealb://Boogie%20Oogie%20Oogie%201%3DA%20Taste%20of%20Honey%3D%3DFunk%3DD-%3D%3D1r34LbKcu7yXsus4D-7XlcKQyX7-D%7B%7D%20%20lKcQyX7-GZL%20lcKQy%20LZC74Ti*%5Bn%20s'e%20%7DY%7B*2%28%E2%80%A6'nikniht%20eru'oy%20fI%22%291%2086*%3Cv%29Ther%20lcKQC*%5BY%7De%E2%80%A6%3E%2Clus7CZLxZL7-DZLZxLsus7CZLxZL7-DsLZx%20mit%20ous7C%20%22Get%207-D%207-Al%3E%22%E2%80%A6roofl%20eht%20no%20%2Cpu%20noLZG-7%2047*%3C%7D%20%20lc7%20D-7us7CZL%20lcKQyX7D-%7B%5D%20sus7C%207-GZLsXyQK-AZLssoloSQXyQ%20%7B%20%20QyX%3Eesrev%20o%20tkcaB%20%20QyX07*%3C%20%3C*74%28yXQyXyXQyXXyQKc%20x%20%3EadoC%20oT%20%200*7%3C%7CQyXsus7CZL%20l%2CQ%2C%20%7D7-D%3E%29igoo%20yQXyQ%20eigoob%20nwod%20tGe%22%20%20QyX47*%3CQ%7BY%20oogieXQyXQyX7-D-7%20D-s7C%207-GZL7-D%207A-ZLsus7C%207-GZL7us%20%7D%7BA%3E%22%E2%80%A6eQKcl%20LZC7susXyQ%7C%3C*68XyQ%28Vamp%20out%29%3E%20x%20%20%7D%20%3DJazz-Medium%20Swing%3D100%3D1
96e64bba-58b2-426d-95d9-47ea6e41e26d,irealb://Standard%20%2312%20-%20%22Days%20of%20Wine%20and%20Roses%22%3DHungerford%2C%20%22Walking%20Jazz%20Lines%20for%20Bass%22%20pp.58%20%26%2079%3D%3DSwing%3DF%3D%3D1r34LbKcu7ZL%20%3EiF%5E7XyM%20yrneHQyXQyX4*7%3C%207-A%7CQyX7bE%7CQancin44T%5BY7-G%7CQ%7CG-7X%7CQyX7-A%7CQyX7bEQ%7CyX7-bBZL%20lcKQyD-7XyQyX7DE%7CQyX7XyQ%7CQyX7C%7CQyX7-GZLG7%207-DZL7A%205b7-E%5D%5BF%5E7C%7CQyXX7%5EF%7C%7CA-7XE%7CQyX7-bBZL%20lcQKyX7-G%7CQyX7D%7CQyb7XyQQyX7bG%7CQyX7XyQ%7C7C%207-GZL7D%207-AQ%7CyX7bB%7CQyX5b7-BLZF%5E7-D%7CQy-7%20C7%20Z%20%3DJazz-Ballad%20Swing%3D100%3D2
9641c5a8-92af-4662-9c6b-57b467761528,irealb://Minor%20Scales%20%26%20Minor%20Pentatonic%20Scale%3DBob%20Magnusson%2C%20%22The%20Art%20of%20Walking%20Bass%22%20%281999%29%20p.41%3D%3DSwing%3DC-%3D%3D1r34LbKcu7k%20ronou%20caa%20revo%20selacs%20seeht%20ecitcarp%20nll%20miY33*%3CT%22%20s'XyQXyaeRi%20esU%28%20%20QyX4%3C4T%7B%20QyXQyXQyXQl%20Pro%3E.sye15*%3CQose%22%20yXZL%20lcKQyX-C%3E.%29syek%20rehto%20rofQr%7CXypsnar8x%3E%20%7D%20%3DJazz-Long%20Notes%3D100%3D1
960ff582-9d94-4ac3-89ad-349db01187e2,irealb://Common%20Harmonic%20Prog.:%20F%20Major%20-%20Ex.%2027%3DMagnusson%2C%20%22The%20Art%20of%20Walking%20Bass%22%20%281999%29%20pp.54-55%3D%3DSwing%3DF%3D%3D1r34LbKcu7bEZL%2044F%5E7X7-G%7CQyX7D%7CQyXb57-A%7CQyX7bE%7CQyXyQKclTA*%5BY%207-E%7CyQKcl7-G%7CQyX7-G%7CQyX-7D%7CQyX7-AB*%5B%5D%20%20/FXyQX11%237QyX5b-7%20G7yX7bE%7CQyX7%5EFA*%5D%5BQyX7C%7CQyX7-GZLQ%7CA-7DZL7A-D%207-Q%7CG-77-AC*%5B%5D%20%20lcKQy1X1%237bEZL%20lcKQyXXyQ%7CDyX7D%7CrT%22%20sB-7b5laeRi%20esU%28%20%20Qy%3CX%7CQyX11%237bB%7CQyX%20Pro'ZLC/7%7CQyX7se%22%20fC%207-GZL7-D%207-A%29%3E.syek%20rehto%20ro7LZF%5EopsnaG-7%20C7%20Z%20%3DJazz-Long%20Notes%3D100%3D1
96320173-111d-4dd1-9429-ba8df46bce4d,irealb://Forget%20You%3DLo%20Cee%3D%3DRock%20Pop%3DC%3D%3D1r34LbKcu7XQyX%7D4CXyQQyXF%7CQyXD%7CQyXCQ%7CyXC%7CQyXF%7CQyXD%7C%7CCXyQ4TA*%7B*E%5B%7CQXyQXy%7CQyX*m*D%7CQyX%2C**mA%7CQyX*m*EB*%5B%20QF/GXyQyXQyGZL%20nZA*m*n%2C*m*D%7CQyXF/G%7CyQXD%7C%2Co%23C%2CC%2CB/G%2C%20LZF%2CLE%20*mQyXQyA*m*%2CyXG%7CQyXGZL%20n%2CFLZ%20n%2CD%2Co%23C%2CC%2CB/GQXyQXZL%20n%2CXyQXyQ%20%7B*ACXyQ%7CDXyQ%7CFXyQ%7CCXyQ%7CCXyQ%7CDXyQ%7CFXyQ%7CCXyQ%7D%20%3DPop-Rock%3D115%3D1
962b2640-9830-4178-8f3c-c849a0f5b8be,irealb://Come%20With%20Me%3DMaria%20Tania%3D%3DFunk%3DB-%3D%3D1r34LbKcu7%20lcKQ44%3C*79B%7CQyXsus31A%7CQXy11-E%3E69%20mpb%20%204susXyTi*%7BYyX%E2%99%A9QyASE-1%2FQyX%2F%20%2066*%3CZL%20%3A%3Ex%20ht4QyX96*%3C%201XyQ%E2%99%A9X*%7BY%7D%2015*%3C%203sus%3CX66*%3Csus9B%7CQyX%E2%97%9D%3E%20%20%C2%B3%20%20%E2%97%9C%20%20QyX47*yQ%E2%97%87%3E%201A%3E%E2%99%A9QB%7CQyXLZ%20%3C*A%7CQyX11-EB*%7B%7D%20x%3E436*%3C%20x%3E%E2%97%87QyX6613sus%3E%EF%B8%B6QyXQyX11yQKclQyX.%E2%99%A9%20QyX.%E2%99%A9QyXyQX96*%3C1NC*%7BY%7D%20%20%20%E2%99%A9%3EE-Xsus96*%3C%201(simi%7BY%7D%20%20lcKQyXsusB9%7CQyXsus31A%3E).l*DE-196*%3C%7CyX15*th%20x%3As31A%3E%E2%99%AC%20%E2%99%ACQyX%2FQy%2FXQyX%2F%20%2096*%3CZL%20%3Eus%20%20%3C4QyX9.dnE%20ZB9sua%20.S.D%3CZL%3E%EF%B8%B6QyX51*%3C%20%20%3E%E2%97%87QyX66*%3Csl%202ndL%3E%EF%B8%B6%20Q%20QyX.6XyQ%E2%97%87.%E2%99%A9QyXQyX96*%3C2N*C%5BY%7D%20%3Ex436*%3C%20x%3EXyQ%20%E2%99%A96*%3C%20%3EX.%E2%99%A9Qy1XyQ%7C%E2%99%A9%20%2096*%3C%7CQyXsus13C%3E).limis(96*%3C.XyQX1-E%3E%E2%99%A9%7CQyX9%E2%99%A9%3EsF%23%239B%205%239%237Bl%7C%2C59%23b7%23F%2C9b31%23F%203111LZEQyXQyQyX11XyQ%7CB%7B%5D%2C11%2331Fs%3E.%E2%99%AA%206%E1%AE%BA6*%3Cppp%7CQyXsus9*DlE-sus9A11-E%3EusXyQ4%20%26%20dn2%20QyX96*Z%3CL%20lcKQyXsus9B%7Cth%20x%3As31A%7Cus9BZ*69%20%20yX15*%3C%20%20sus31A%E2%99%AC%3E%20%E2%99%ACQyX%2FQyX%2FQyX%2FQ%20%EF%B8%B6%3EL%3C%7CQyX1Fs%3ExXyQ%E2%97%87%3Ep%3E.%E2%99%AA%20%E1%AE%BA%20%20QyX96*p%3CpZL%3E%EF%B8%B6QyX15*%3C%20%20%3C*06466*%3Cssus9B%7DY%7B%3C*us31A%7CQyX11-El)%3Eolos(%20ortuo%2047sXyQ%7C%2C11%233XyQ%7C%3CXyQ%20%20vamp%20out%3E%20x%20%3C*634x%3E%20%7D%20%3DPop-Soul%3D96%3D1
960a10c0-9a32-4243-83e0-8fc9b59ae611,irealb://Come%C3%A7ar%20De%20Novo%20%5BA%20Noite%5D%3DMartins-Lins%3D%3DBossa%20Nova%3DG%23-%3D%3D1r34LbKcu7ZL%2C7D4G%23-7ZL9b7%23DZL11-%23ALZ7%23CZL7-%23G%5B%20%20f%20A-7LZ4Ti*%5BKQyX7Q%7CG%23o%5B%5D%209b7%23D%20o%23A%7CQXy7%5E%23FZL%2C9b7%23C%20%2C*AG%23-yX7%5EGX7%5EE%7CC%237suB%7CQyX9b7%23F%7CQyX13%23F%7CQyX7%23C%7CQyXs%5E9XyQZL%20lc-%23FZLh7XyQ%237%5EGZL9b7D%209D%7CyQX7-A%7CQyX9b7bE%7C5%20G%5E7bB%7CQy%237E%209LZE-%5Eb31G%2031G%7CQyX7-ZDL7A%20sus7A%7CQyX99LZC%5E7B%2011XZ%209b7%20F9L-%23A%7CQyX9%5EEZLQ%20B%20/5%237B%7CQyX9-%23FZ7%20D%237-AZL5%7CQyXs%20LZQFL%20lcKQyX9-AA*%5B%20%5D9b7E%207-B%7CQyX9%5EZD7suQyXQy%23G/9b%7CG13XCZL%2C6-F%207%5EF%7CQy9X%5EC%7CQyX9b31G%7CQy/G%20E7QyX7DLZUA-9%20f%20%20Z%20%3DLatin-Brazil:%20Bossa%20Electric%3D100%3D2
965c7063-d70a-4fbd-b051-7073e5d084cf,irealb://Cottontail%203%3DEllington%20Duke%3D%3DUp%20Tempo%20Swing%3DBb%3D%3D1r34LbKcu7ZLD/74Bb6%20BZL7F%207-CZL7G%20-7DZL7F%207-CZL7-Gb6%20Bb4TA*%7BbB%207Fo7LZBXQyXQyXQyX%7D%207F7%20-C1NZL7-G%20F/6byQ%7CN2E%206bE%5D%20%20lcBD7XyFZL%20lcKQyX7CZLl%20cKQyX7GZL%20lcKQ7XyQK*%5B%5D%206bEZLDb6%20G-6bBZL7F%207-CZL7%20G7-DZL7F%207-CZL7%20Bb7/BA*%5BY6bB%207%2CQLZBL7-G%20F/6bBQ%7CZ%20b6B%207FZL7-G%20F/6bZT24F7oE%206%2C%20Z%20%3DJazz-Up%20Tempo%20Swing%3D240%3D1
9691f770-4be1-4192-bccc-2c599e880bfd,irealb://Mi%20Vida%20Eres%20T%C3%BA%201%3DZamorano%20Coalo%3D%3DRock%3DE%3D4%3D1r34LbKcu7%7D%2CB%3E34EXyQ%20A%2CA%7C%2CB%20E%2CEA*%7B%20%7D%20%3E4XQyX96*%3C%20A%7C%3C*71X4Ti*%7BC%20%2017E%2FG%23LQyXA%7CQyXD%7C%7CQyX%23-C%7CQyXBB*%7DQyXAZ%7C*C%3C*%20-%23F%7Cni%20oT%20%20B%2C%7C%3C%20%2CA%7C%2CB%20%20-%23C%7C%2C%20B%20A%7C%2CB%20%20E%7C%2CB%20%20A*66%20%20E%3Eoro%7CQyXEEXyQ%7Ceuc%20lliT96*%3C%207%7CAQyX7ED*%7B%7D%20%20Q%20B%3E%20%20%7D%7B%7CZLB%3EA%3C*66%20%20X4%20To%20B%3EXyQ%7D%7BQE%20%20B%2C%7CA%20%20B%2C%7D%7CEXyQZ%20%3DPop-Rock%3D115%3D1
964d9f70-c80c-47e2-b66d-d78366e7bf1e,irealb://Dance%20Of%20The%20Sugar%20Plum%20Fairy=Pyotr%20Il%E2%80%99yich%20Tcaikovdky==Medium%20Swing=E%2D==1r34LbKcu7o%23D%7C%2C%2D%20A%2D6s%20%20%2DE%5B%20%20QyXQyX%20%7DE%2F7o%23D%207oEZLE%2FA%2D6%2FEE44T%7Bo%23DsZ%2CDo%2FE7CZL%2C%2DEl%2C%2DA%2C%2DEZsLE%2F7o%23D%207oElZL%20Ao7LoE%2CE%2F%2F6%2DAs%2D%2ClF%23ZL%2CBs%2C5b7%23F%2CBsLZ7%23F%20%23F%2F%2DBZL9b7lE%2D%20%20E%2CE%2F7s%20%207%23o%2FE%2CEEl%2C%2DA%2C%2DEsZLE%2F7%23oD%207oElZLE%2FoD%2Co%2D%2CLZF%23D%7C%2CEB7%2C%7ClE7%20%20sA7%2C%7ClD7%2C%20%20sG%2C%7ClB7%2C%20E%2D%20%5D%20==90=0
96a63d1e-fcb1-4a28-9773-5b322efeada9,irealb://De%20Pura%20Cepa=Firpo%20Roberto==Tango=C==1r34LbKcu7C%7CQyX4nXyQX7G%7CQyXC%7CQyXC%7BQ%7CyXn%7CQyXn%7CQyXn%7CyQ%7CG72TA%2A%5BQyXCBXyQ%7CGX7G%7CQyX7G%7CQyXCQ%7CyXC%7CQyX7G%7CQyX7yQ%7D%7B%2AC%7CQyXyX7C%7C%7CG7Xy%7DQyX7G%7CQyX7G%7CQXyC%7CQyXC%7CQyX7G%7CQ%7CCXyQQyXC%7C%7CQyXnQ%7CG7X%7CQyXC%7CQyX7G%7CQy7XG%7CQyXC%7CQyXC%7CQynXyQ%7CyXF%7CQnXyQ%7CCXyQZXyQXyQXyQXyQXyQXyQ%3Cfarlleyderze%2Ecom%3E%20==0=0
96d84787-20cc-474c-b31a-e44a8da4393e,irealb://Dig%20This%20Samba%20%3DFest%20Phil%3D%3DMedium%20Swing%3DDb%3D%3D1r34LbKcu7%2F7%5EbDDb%5E7%2F%2F7-bEZL%2CbA%2F7%5EbZDL%2CbA%2F7-bEZL%2CbAAb%2CLZs%2Ci*%5BGZL%2C9b-7%2FA%5B%5D%2CbA%2FF%2CbA%2FbG%7Cb%2CA%2FG%2CbA%2F7%5EbDZLb*ADb6EZLbA%2C7bG%2C%2C%7CDb%5EL%2C7-bEZL%2C5%237bBLZ%2C7-FZL%2C7bGZL%2C7ZDb-77C%2C7-ZL%2C9b%2CGb7%2CbD%2C5b7G%7C%2C7bD%2C7b-AZL%2C7-bBZL%2C7F%7C7%2C%7CC75b7C%7C%2C7-FZb7%2C%7CEL7%5EbD%7C%2C7C%2C7-GZ%2CL96bD%5B%5D%2C7bA%2C7-bZGb7LB%2C7-F-bAZL%235%2CLZZL%2C7F%7C%2C7bG%2C7C%7C7%2CbG%2C7-bDZL%2C7-bEBb-7%2C7bBZLsus7b%2C%7CG7%2C%2C7bA%2C7-bE%7C%2C7bB7%2C-FZL%2C9b7C%7C%2C7bD%5D%5B*BD7bD%2C7L%2C7%5EbZBb-7%2C7-CZL%2C7bD%7C%2C7D7%2C-bAZL%2C9b7bEZL%2CF7%2C%7CGLxZL%2CFZL7CDb7%2C%7C%2C9%237G%7C%2C7bA%2C7D%7C7%2CbE%2C7-A%7C%2C7bB%2C7CDb7%2C%7C%2C7-GZ-FZL%2C7%2C%7CEb%2C7%5EbD%7C%2C7C%2C7-GZ9L6bDC*%5B%5D%2C7bA%2C7-LZGb7bB%2C7-L%2C7-bb7%235%2Cb7F%7C%2C7bG%2C7C%7C%2C7Gb%2C7-bDZL%2C7-bEZL9%2CLZBBZL%2C77bB%2C7%2CDb7%2CbA%2C7-bE%7C%2C7bB%2C7F-ZL%2C7C%7C%2C7bD%2C7G%7C7%2C%7CF-7-bAZ%2C7bAQ7%2CAb7%7C%2C7bB%2C7-F%7C%2C7bA7%2C-bE%7C%2C7bB%2C7-F%7C%2CEb-7%2C-bE%7C%2C%7CDb69%2CLZEb-7%2CAb7%2C%5D%5BfDb69%2C%20Z%20%3DJazz-Latin%3D181%3D4
960c3978-7ee0-4a32-aaec-a889b54092f1,irealb://Dom%207%20Matrix%20Tritones%3DMingledorff%20Jason%3D%3DMedium%20Swing%3DC%3D%3D1r34LbKcu7yX7A%7CQ%7CGb7E%7CQyX7E%7CQyX7bBQ%7CyX7B%7CQyX7F%7CQyXb7XyQyX7C%5BQ%7CAb7XyQ%7CD7XyQ%7CDb7XyQ%7CG7XyQ%5D%20%3DJazz-Medium%20Swing%3D100%3D3
9630c097-7baa-4bd5-9fb9-e0b499d20f89,irealb://Minor%20fifth%20cycle%202%20bars%3Dchedeville%20jerome%3D%3DMedium%20Swing%3DC%3D0%3D1r34LbKcu7X7-B%7BXyQ%7D%7B-%23F%7B%7DQyX7-%23C%7B%7DyQX7-bA%7B%7DQyX7-bE7XyQ%7D7-bB%7BQyX7--7XyQX7-C%7B%7DQyX7-G%7B%7DyQX7-D%7B%7DQyX7-A%7B%7DyQ%7D%7BFE%7B%7DQy%7D%20%3DJazz-Medium%20Swing%3D93%3D3
961924ab-b373-4ed9-bd8f-f738a501c9fd,irealb://Donna%20Donna=Secunda%20Shmuel==Folk%20Ballad=A%2D==1r34LbKcu7AZL%2DD7LZA%2D7E%20%2DAZL7E%20%2DAZLE7%20FZL%2DD%20%2DAZL7E%20LZA%2D%20E%20%2DA%7BA%7CQyXA%2DLZGF%20%5EC%7CQyXG%7CQyX%5E%7CCQyXG%7CQyX%5EC%7CQyX%5ELZE7%2C7E%2C%2DX%2DAZLE7XyQ%7CQyX%2DA%7CQyX7E%7CQXy%5EC%7CQyXG%7CQyX%2DA%7CA%2D%20E7%7CQyX%2DyQ%7D%20==120=0
968a1537-eb32-41d9-b4f7-e36b70ff0d9d,irealb://Orange%20Colored%20Sky%3DCole%20NatKing%3D%3DMedium%20Swing%3DBb%3D%3D1r34LbKcu7%2C%20%2C7-4Bb6%209GZL11%237bA%20D/bZBL7o%23C%207-CZL7oBXyQ%7CC4TA*%7BL%20QyX%20%2C%7CBbF%2C-C%2C7G%2C-DsZL7%20F7-C1NZL5%237G%20D/7%7DXyQ%2C7o%23C7D%205b-7%20F7yX5%239%237bB%7CQyX%5EEbB*%5B%5D%207bB%20%5EbBZLQ%7CA-7Cl2NZ6bB%2CA-XyQ%7C7F%207-C%7CQyX7FZL-7G%206-GZL6b-G%20-G%20%5D%5B%2C*GZL9bB%7C%2C%20%2CZC-7%20%20%2C7-C%7CQyX9GZL1%2317bA%20D/bBZL7o%23C%2CC%23o7L7oB%20b/D%20G7%235LZC-7%20F7LZBb%5EXyQZ%20%3D%3D0%3D0
96daaec0-ea07-4c35-b3af-d1cd32ca1e12,irealb://Drums%3DExercise%3D%3DBlues%20Rock%3DC%3D0%3D1r34LbKcu7x%7CQyXXyQ%7Cxx%7CQyXx%7CQyXx%7CQyxX%7CQyXx%7CQyXx%7CQyXXyQ%7Cxn44T%7BXyQ%7CxXyQ%7CxXyQ%7CxXyQ%7CxXyQ%7CxXyQ%7CxXyQ%7D%20%3DPop-Rock%3D80%3D30
9675a7bc-afaf-4410-a53c-da22ab427a49,irealb://Red%20River%20Valley=Composer%20Unknown==Bluegrass=D==1r34LbKcu7%7CQyXDXyQ%7CDA%7CQyXA%7CQyXD%7CQyDX%7CQyXD%7CQyXD%7CQyXXyQ%7C%7CD44T[DXyQ%7CGXyQ%7CGXyQ][DXyQ%7CAXyQ%7CDXyQ%7CDXyQ]%20==141=7
9660d09c-2e67-43ca-b4a1-20767454c2c6,irealb://Hot%20Stuff%20(Gig)%3DSummer%20Donna%3D%3DRock%3DE-%3D10%3D1r34LbKcu7ZL-E%3E4%3C*60byeK66*%3C%7B%7D%20-EZDLZLxZL-E%3EratiuGoards4Ti*%7B*%3CB*%5BZE-%20%7DQyX%7D%20-EZLDZLxZ-LE%3EesreV27*%3CA*%7BXyQ%20%20LDZLx%3C%20%7D%20Bo%3EA%2CBG%20%2C-E%7B%20QyX%5D%20%2CBLZAZLrZLrZL%2C-E%7C%2C%2CLZA%20roC06QyXQy4%20%D1%80%D0%B0%D0%B7yXQyX%3EB%20%2CA%20%2Cornti63*%3C%20QyXQyX%3E%D0%B0QXyQX%20-63*ortnI*66%20%20%20xZL-EZLxZLDZLZxLCZLxZL-E%3EoloS%7D%3C*39%3CC*%7B%20EZL%2CBintrooC27*%3C%7B%20QyXQyXyQXQyXQyX%3EB%20%2CA%20%2Cda%3EA%2C%20%2CB%20%2C-%2C%20%7D%3C*33XyQ%20fade%3E%20%3D%3D0%3D0
9611d005-e4d0-44a3-949a-7af90cf9f4fa,irealb://He's%20Got%20The%20Whole%20Tone%3DTradisjonell%3D%3DMedium%20Ballad%3DC%3D%3D1r34LbKcu7%5BT44C7b5XyQ%7CxXyQ%7CxXyQ%7CxXyQ%7CxXyQ%7CxXyQ%7CxXyQ%7CxXyQ%5D%20%3D%3D0%3D0
9690960e-f66c-4659-b979-d5ea0cf9157e,irealb://Fine%20Together%3DGullin%20Lars%3D%3DMedium%20Swing%3DD-%3D%3D1r34LbKcu7ZL7C%20-6XyQQyX7-bBZL7E%207-%7CBQyX-DZL7A%206-G%7C%7CBb-6D44T%5BX7-GZQ%7CBb7-C%7CQyX-DZL7A%206G-%7CQyX6-DZL7A%205b6%20D7LyX7%5EFyX7-F-7%20Db-C%7CQyX7%5EbEZL7b%20B7-F%7CQyX7%5EbGZL77XyQ%7CbA%7CQy-G%7CQyb5%20G77A%205b7bB%7CQyX7-%7CFQyX7F%7CQyX7-CZLLZD-X7-D%7CQB%7CQyXZD-XyL7bA%207-bEZLoD%20%5E7bDZL7bA%207-bE%7CQZDb%5E7L7A%206%207-GZ7LZF-%5EFZL7C%206-bB%7CQy-XFZL7C%206-bB%7CQyX7%20D7LC%207-bC7LZFXyQ%7CBb7b5%20%20A7%7C%20%3DJazz-Medium%20Up%20Swing%3D175%3D5
96dc8cea-65b3-43fc-9e32-93bced54d926,irealb://John%20Hardy=Traditional==Bluegrass=G==1r34LbKcu7C%7C%7CQy4CXyQyXGZL%20lcKQyXC%7CyQX7G%7CQyXGZL%20lcKQ%7CG7X4TA%2A%5BL%20lcKl%20LZG%7CZL%20x%20ZL%20x%20ZL%20clKQyXDZL%20lcKQyXD%2CXyQcKQyXZGXyQKcl%20%20Z%20=Pop%2DBluegrass=260=6
9635cd1b-77f7-4956-89cf-2c3d5fa40640,irealb://Rhythm%20Turnaround%20x%201%20%2d%20Down%20Half%20Step=Charts%20Practice==Medium%20Swing=C==1r34LbKcu7%23CZL7C%23o7LB%7bZL%20lcKQyX7%5eC%7d%7c%20%3ex3%3c7o%23D%207%2dDZ%5e7%20Co%207%5eC%7b%7d%20%3ex37%3c3x%3e%207%2dCZL7oB%207%5ebBZ%7bL%20lcKQyX7%5eB%7c%7d%20C%23o7%3coD%207%2dL%20lcKXyQKcA%7c%7d%20%3ex3%3c7oC%207%2dZBL7o%23A%207%5eA%7bZL%20l%5e7XyQ7%5ebB%7cL7o%23G7%20Ao7ZL%20lcKQyX7%5ebA%7c%20%7d%3ex3%3c7oB%207%2dbBZL%7bG%5e7%20%5ebA%7bZx3%3c7oA%23o7%3cAZL7oG%207%5ebG%7bZLl%20cKQyX7%5eG%7c%7d%20%3ex3b%2d7%20A%207%2dAZKQyX7b%5e7Xy%3ex3%3c7o%23G%207%2dGZLo7%23F%207%5eF%7bZL%20lcKQ%20%7d%7cF%5eG%7c%7d%20%3eoE%207%5e%7bE%5e7%20%20lcKQyX7%5eE%7c%7d%20%3e3x%3c7oG%207%2d%23FZL7oFLZ%7bEbZL%20lc%3c7oF%207%20F%23o7o%23D%207%5eD%7bZL%20lcQKyX7%5ebE%7c%7d%20%3ex3%3c7LZE%2d7%2dFZL7yX7%5eb%7cD%5e7Xx3%3c7oE%207%2dbEZL7Do%207%5ebD%7bZL%20lcKQy%3e%20%7d%7cD%7d%20%3ex3QKcl%20%20Z%20==0=0
9629ec6e-aa75-4c14-9e73-8cca7da68bd9,irealb://For%C3%A7a%20Estranha%3DVeloso%20Caetano%3D%3DSlow%20Bossa%3DG%3D5%3D1r34LbKcu7yX7A%7CXyQ%7CB%7CQyX7oAZL7-A%20-%7CAQyX9b7EZL7-B%20-E-XyQG44T%5B%7CQyX-yQ%7CGX7oAZL7-A%20-A%7CQy9Xb7EZL7-B%20-B%7CQyXyQ%7CEX9D%7CQ%20D/GZ%7CD9Xy%20CZL7G%207-D%7CQyXE-%7CQyX7B%7CQyXG%5B%5DQC%23o7LQyX7AE9LZA7XyQ%7CD7XyQ%5D%20%3DJazz-Bossa%20Nova%3D80%3D2
964041e7-f9cf-4d78-9c2a-c37aed39eb52,irealb://Forget%20You%3DLo%20Cee%3D%3DRock%20Pop%3DC%3D%3D1r34LbKcu7XQyX%7D4CXyQQyXF%7CQyXD%7CQyXCQ%7CyXC%7CQyXF%7CQyXD%7C%7CCXyQ4TA*%7B*E%5B%7CQXyQXy%7CQyX*m*D%7CQyX%2C**mA%7CQyX*m*EB*%5B%20QF/GXyQyXQyGZL%20nZA*m*n%2C*m*D%7CQyXF/G%7CyQXD%7C%2Co%23C%2CC%2CB/G%2C%20LZF%2CLE%20*mQyXQyA*m*%2CyXG%7CQyXGZL%20n%2CFLZ%20n%2CD%2Co%23C%2CC%2CB/GQXyQXZL%20n%2CXyQXyQ%20%7B*ACXyQ%7CDXyQ%7CFXyQ%7CCXyQ%7CCXyQ%7CDXyQ%7CFXyQ%7CCXyQ%7D%20%3D%3D0%3D0
967836ca-09da-4ccb-ad51-fbe64434471c,irealb://Gaucho%20(p2)%3DBecker-Fagen-Jarrett%20(Steely%20Dan)%3D%3DPop%20jazz%3DF%3D5%3D1r34LbKcu7%20lcKQsF%2Cnl*%5BY%7D%20C%2FbBln%2CFsLZ%20x%20ZL%20x%20ZLF%2FbBCEbXy44T%7BY%2FC%2CF%2FXyQKc45*%3C%2CFs%3E.%E2%99%A9%20%20%E2%99%AA%20%E2%99%AA%20%20%20%E2%99%A9%20%E2%99%AA%2027*%3CZL%20l%20%EF%B8%B6%3EBb7-GZLX%E2%99%A9%20%20Qppp%7Cl7*%3CZLG%20G%2FCZL%2CG%2C%205GZL%20lcKQyX7-A1%20%E2%99%A9Xyp%7Cp%2CF%3CbBl%3EyQ%E1%AE%BA%E2%99%AA.%2F%20QyX%E2%99%AB%20QyX%E2%99%A9%2017%3C*%7C%2C-A%2CbB%2CC%2C5Cs%3EXyQ%20%2FX%E2%99%AA%E0%B8%AFQyZLF%2Fb%EF%B8%B6%3E%20D-s%7BY%20%20QyXQyX%5D%20ssu7C%20CZLC%2F6F%20CZLF%2CnlB%20%2045*X15*%3C%20x%20LZyX%E2%99%ABQyX%E2%99%ABQyX%E2%99%AB%20%209*6%3C%5BY%7D%20C%2FbBln%2CFsQ%E2%99%AB%3EBbZL%20x%20QyX47yQ%7C%3C*s%7B%20%2CC%2FbB%20F%3E%E2%99%A9%20QXy%E2%99%A9%20QyX%E2%99%AB%20QyX%E2%99%A9%2096F%2Cn%3C*X%3E%EF%B8%B6Qy%5BY%5D%20%3EBb%2FF%20*%3CC%2FbBln%2CFs%3EadCo%20la%20.S.D%2047*%3C%7D30%E0%B8%AF%E2%99%A9.l%3E%E2%86%921p6*%3C%7C%2C%5E%2C%3C*6yX15*%3C%2CF%2FbB%2CF%3EQ%E2%99%AAyX%E2%99%A9QyX%E2%99%A9QyX%E2%99%A9%20%E2%99%AA8Q%20%EF%B8%B6%3EFFsQA*X.%E2%99%A9%209XyQ%20%E2%99%AAA%2F2C%20%3E%EF%B8%B6%20QyX15*%5E%3CbBl%3E%2F%20QyX%2F%20QyXLZ%3C*6.%E2%99%A9%20%209yX%E2%99%AA%209yQ%20%E2%99%A9.%3E%EF%B8%B6QyX15*%3C7C%20%3E%EF%B8%B6yQX15*%3C7-G%3E%E2%99%AA%20QyXLZ%3C*6X%E2%99%AA%20Qy%2096*%3CXyQ%E2%99%A9X%2015*%3C%2CFl%3E%EF%B8%B6QyX1*5%3C%2CA%2FF%2CbBs%3E%E2%99%A9%20Qy%20%EF%B8%B6%3Ep%7C%E2%99%A9%20%E2%99%AA%20Q%E2%99%A9QyX%E2%99%AAXyQ%20%E2%99%A9%7C%2CC%3E%EF%B8%B6QyX15*%3C%2C5%2CD5Fns%3E%E2%99%AAQyX%E2%99%A9%20QyX%3C*69%20%E2%99%A9QyX%E2%99%AA%20%2096*XyQ%E2%99%A9.%20QyX15*%3C%2C%5EbB%3E%EF%B8%B651*%3C%2CF%2FbB%2CF%3E%E2%99%AAQyX%EF%B8%B6%3Ep%7C%3C%E2%99%AA%20QyXQyX%E2%99%AAQ%2FXyQ%E2%99%A996*%3CZL%3E%EF%B8%B6QyX15*b%3CB%20A%2F2Cl%3E%E2%99%AA%20QyX.%20%E2%99%A9.Xy%20QyX%2F%7CQyX7XyQ%20%E2%99%AAbB%2FW%3E%EF%B8%B6%20QyX15*%3C7%2C-Gsp%3E%EF%B8%B6%2015*%3C%2CC%3E%2C%7ClD-%E2%99%A9QyX%E2%99%AA%3E%EF%B8%B6QyX%E2%99%A9.XyQB%2FF%20%3E%EF%B8%B6QyX84*%3C7G-%3E%E2%99%AA%20QyX.%E2%99%A9%20QyX%E2%99%AA%20b%3C*48%2066*%3CQyX%E2%99%AB%20%20%3C*66L7-A%20bB%2FWZL%3E%EF%B8%B6QXy84*%3C%20%3E%E2%99%AA%20%E0%B8%AF%20%20QyXZ%3C*69F%2FC%5D%20Fl%3E.%E2%99%A9%E2%99%AA%20%20%E1%AE%BA%E2%99%AAXQyX.%E2%99%A9%20%2060*%3C43%20T%7C%2C6bB%2C6Cs%20bB%3E.yQXyQ%E0%B8%AFQyX%E2%99%A9%2C%20Bb%5ELZUEb%5E13%2CfXyQZ%20%3DLatin-Brazil%3A%20Bossa%20Electric%3D125%3D1
969c149e-30ef-4d95-af38-c127309643ea,irealb://Irish%20Rover%2C%20The%3DArr%20Trad%3D%3DRock%20Pop%3DG%3D%3D1r34LbKcu7LDZLG4GLZGZLG44TA*%7BZLQyXLZG42TZLGZLDZLC%20G%20CLZ4Ti*%7C%20G42T%20CLZGD1NZLC%20GZLGZLDLZGZLDZLGZLGZLD%20LZGLZGZLGZ%7D%7CN2GLZD%20GLZT24G%20%7C%20%3DPop-Rock%3D135%3D1
96e02942-3d15-4e07-8a17-b159469964f7,irealb://Christmas%20Song%2C%20The%3DTorm%C3%A9-Wells%3D%3DBallad%3DDb%3D3%3D1r34LbKcu7-bE%20b4Db%20E%20bGl%7C%2C7bD%2C-bAsb%20DZLbG%207-FZL7-bB7LZD4TA*%7BZL%20Qy7%20sGh%2C7bA%2C-bEs%20El%7C%2CB7%2C7-%23F%20F1N%7C%2C7C%2C%7DXyQX-FZL77-bA%7C%2CBb7%2CZL7bD%207-bAB*%5B%5DyQXbDl%7C%2C7bA%2C-bEsGbXyQ-Fs2NbDA*%5BZGbXy%207-bEZL7A%207-bBQ%7CyXEZL7B%207-%23F%7CQAb7%20%5DL7bD%20%207-FZLZF-7%20bDZL7B%20bGl%7C%2C7Db%2C7-bAs%20bDZLbG%20Eb-7L7-bE%20sGh%2CC7%2C%7CsF-%2CBb7%2CEb-%2CAb7%2C%7ClDbXyQZ%20%3D%3D0%3D0
96249ea7-3a44-4f53-989f-75b32fe97092,irealb://Hello%20Darlin'%3DTwitty%20Conway%3D%3DWaltz%3DA%3D9%3D1r34LbKcu7X%2C7E%7C%2CXyQ%7CZL%20lcKQyX%2CD%7CQy%2CX7A%7CQyXA%7CQyX%2C7EA%2CXyQA43T%5ByX%2C7EXyQ%7CEEZL%20lcKQyX%2C7BZ%20LlcKQyX%2CA%7CQyX%2C7%2CXyQ%7C%2CA%7CQyZL%20lcyQ%7CE7AZL%20lcKQyX%2CD%7CQXy%2C7A%7CQyX%2CA%7CQyX%2C%2CXyQKX%2CA%7CQ%20x%20LZA7%2CXyQ%7CD%2CXyQ%7CA%2CXyQ%7CDXyQ%7CE7%2CXyQ%7CA%2CXyQKcl%20%20%5D%20%3DJazz-Medium%20Swing%3D100%3D3
965d3134-b4dc-4861-90b7-76864782129c,irealb://Hit%20Me%20With%20your%20Rhythm%20Stick%20bass%20practice=Ian%20Drury%20and%20The%20Blockheads==Rock%20Pop=F%2D==1r34LbKcu7%7CQyX7%2D%20Eb%2FbDZLF%2FbE%20%2DF%20F%2FEb%20%2DFZLF%2FbE%20%2DF%20FXyQDbF44T%5BEbXyQEb7%20E%2A%20%2A%20%5D%20=Pop%2DDisco=90=2
96e88d3b-e4b2-4778-8226-8a6eb1930534,irealb://Hold%20my%20hand%20-%20Jess%20Glynne%3DWrorldsen%2C%20Patterson%2C%20Bennett%2C%20Glynne%3D%3DPop%20House%3DC%3D0%3D1r34LbKcu7A%2FC%7CQCLZxL%7CQyXC%2CA*%2C%5B%5D%20xZCLZLxZL-AZLxZLxZC%2FBXy%2Ci*%2C%5BKQyXC%2FAXyQF%7CQyXbAS%5BZL%20lcQKyXC%7CQyXG%7CQyXF%7C-XyQ%7CC%7CQyXW%2CFZLAbXyQ%7C%2CB%2FW%2CCZLCB*%5B%5Dn%20%20C%7CQyXC%7CQyX-F%7CE-LZxZL%20lcA*%7B%5D%20-LZxL-DZL-EZLFZLxZLA-%7C%2CB%2FW%2CCZLCZLxZLZG%2CQD%7C%2CE%2FXQyX%7DC%2FBXyN%7CQyXC%7CQyXG%7CQyFXZL%20lcKQyXA%2FC%7CQ1%20x%20%20%7CQyXCX-AZLXyQ%7CNyXFQC*%7B%5D%20%20x%20%3EaodC%20la%20.S.D45*%3C2QKcl%20QyXQyx%20ZL%3E%20LZF%20f%20dna%20B%20ot%20og6*6%3C%20%20GZLC%20-DZL-EinishlcKQy%20%20%7D%20%3DPop-House%3D120%3D3
96a424d2-bfcf-457e-9bf1-535a72c707a4,irealb://Home%20is%20where%20the%20hatred%20is%3DGil%20Scott%20Heron%3D%3DFunk%3DC%3D%3D1r34LbKcu7xZL-D4D-LZbEZLxZL-DA*%5BY%20Q%20yXQyX%5D%20%20%7Cr%20ZLxLZxLZ4Ti*%5BDZLxZZx%20%5D%7CLxZL-DZLbEZL-DLZbEZLbBZL-GZL-AZ*BCLLbEZLY%5D%20bEZCLZxL-GZL-AZLxZL-DLZxZLC%7CZLxZL-DZLZBbLZLxZL-ZL-DA69%20So%20%3Ex4%3C%7Cr%20ZL%20%7Cr%20LZ%20%7Cr%20ZLxZL-D%3Eol%20%7DY%5B**%3CC*%7BX%5D%20bELZxLZLbEZLbBZL-GZL-%7CA%5D%20xZLbEZLxZL-DZD-LZbEZLxyQ%20%7BQD-LZxLZ%20r%7C%20%20%7D%7C%20%3D%3D0%3D0
966ce6ee-a455-4c09-b29f-b4411f6b537e,irealb://Way%20We%20Were%20%28DGM%29%20089%2C%20The=Hamlisch%2DBergman==Pop%20Ballad=C==1r34LbKcu7%2F%2DA%20%2C4C%20E%2D7E%2C%2DE%207%5EFsZLG%2FA%2D%207%2DA%7CQyX7%5EFZL7%2C%7ClA%2D4TA%2A%7BX7%5EC2F%5E7%20GyXQyX%7D%207G%207%5EFZ7L%2DE%207%5EC1NZL4susQ%20LZNZLQ%2CG%7CQyX7XyQ%5D%5BA%20sus7A%7CQyX7%2DEQ%7CyX7%2DD%7CQyX7%5EFB%2A7LZD%2D7C%7CQyus7E%20%7CC%5E7X%2AQ%5B%5D%20%3EadoC%20la%20C%2E%2ED%3C7G%20sus7G%7CQyCsF%5E7QyX7GyX7%5EF%7ClA%2D%2C%2DE%7CQyX7%5EF%7CQyX7E%2D%7CQyX7%5EFZLG%2F%2DA%207XyQ%7C%2C7E%2CseniF%3C%20A%2D7L%7CQyXsus7GZL7%5EF7%20%5ECZLsus7G%207%2DDZC%5E7LZ7%2DE%7CQ%3EC%5E7%20Z%20==66=0
96a00be3-244d-4a8b-b86a-e4fe16739ae4,irealb://This%20Could%20Be%20The%20Start%20Of%20Something%20Big%20%28DGM%29%20232=Allen%20Steve==Up%20Tempo%20Swing=Eb==1r34LbKcu77bB%7CQ4pBb7%7CQyX7%2DC%7CQyXbESQ%7ByXQyXQyXQyX%5D%20%20F%2D7Xy4Ti%2A%5B7%5EbA%5B%2D7%20F%2D%207%2DbBZL%2BB%207%2DCZ9Lb7G%205b7%2DDZLbE%2FEb7%20%5DF%7CQyX7%2DG1N%2D7b5%20%2C7bB%7CQyX7%2DF%7CQy9Xb7C%7CQyX7%2DGZL7D%20%20QLZA%7CQyXQyXbEZF%2D7%20%5B%5D%20%20lcKQyX6bE2ZNL%20QyXQyX%7D%20%2C7bBBb%2D7%2FL7bG%20X%2C7bEXyQ%7C%20E%2F7%2DbBZL9E%207bEQ%7CyXbE%2F7%2DbBZL%20%7CrbXyQ%7C%2C7bE%7C%7CQyX7b%5E7Xy7%2DC%7CQyX7%2DF%7CQyXAb%7CQyXbE%2F7%2DbB%7C%7CQXyQ%7CFA%5B%5DQy7%2DF%7CQQ%7CBb7QyX7%2DGQ%5B%20QyX%5D%20a%3EdoC%20la%20%2ES%2ED%3C%20%20%7CC7XyyX7%2DFXyQ%7CBb7XyQ%7CEbXyQ%7C%2CU%2C%3CFine%3EEbXyQZ%20==208=1
9642b4ef-9f3f-4984-99d1-d9e95710ed6e,irealb://That%27s%20Entertainment%20%28DGM%29%20327=Shwartz%2DDietz==Medium%20Swing=Bb==1r34LbKcu7%2C7F%20%204n%20F7QyX%2BbB%7CQyXbBSA%7B%2AQyXQyXQyXQyX%5D%20%7CsC%2D74Ti%2A%5BbE%7CQyXyQ%7CB%5DQyX%2C7Dl%7C%2C7D%20%20%2D7Cs%7CQyX7oB%7CQyXb%5BG%2D7X%2C7Fl%7C%7DQyX7LZC%20C7%2DC1NZL7oBpp%7CQXy7%2DC%7CQyX5%237DZL%2DXyQ%7CFQ%20%207%5E%2C7%2DF%20Q%20LZN%7CQyX%2BbE%7CQyXbEB%5B%2A%5DQyX7bB%7CQyX7F2sEb6%20yXQyXQyX%2BFb7LZE%7CQyX%2C7Cl%7C%2C7C%20%20b6Es%7CQyX%2BbE%7CQyXbFXyQ%7CBppl%7Cla%20%2ES%20G7%2C%7C7%2DCs%7CQyX7%2DD%7CQy6XbE%7CQyXFZL7Cppl%20%20%3CD%2E%206Fs%7CL7GZL%3EF7%2C%5D%2C7F%20%207%2DCs%7CQyXb%7CBQyX7C%7CQyXbBlQ%5B%7ClBb%2CadoC%20ZC7LZF7LZBb%20EbLZBb%20%20%20Z==210=1
96cd63d5-49c5-4903-8d54-7cc9fb392edd,irealb://Poinciana%20%20%28DGM%29%20554=Simon%2DBernier%20Nat==Latin=G==1r34LbKcu7%5EG2N%7D4D7su%5EG1N%7CQyX7%5EGZL%20r%7C%20ZL%20%7Cr%20ZL7DZLs7%2CXyQ4Ti%2A%7BX6%2DC%7CXyQXyC%7CQyX7GZL7%2DDZLG6%7CQyX7%5EGSA%2A%7B%20%20Q%2D6XyQ%5DQyX7lcKQy7XyQ%7C%2A%5B%5DQyX7%5EG2N%7D%207%2CD%20%2C7%5EG%3EeniF%3C1NUBC%2D6X%5EG%7CQy%3EeniFXyQKcS%2ED%3C%20%207D%7CQyX7%2DZAL%20lcKQyX%2DCZL%20l%2E%20al%207DZL%20%20%5D%20==148=1
9623e390-91d6-447e-88e6-a70874a7ded4,irealb://Things%20Ain%27t%20What%20They%20Used%20To%20Be%20%28DGM%29%20615=Ellington%20Duke==Medium%20Swing=F==1r34LbKcu7L%20lcKXyQKcL6%2DbB%207bB%7CQyX7BbZL%20x%20ZL%20x%20ZL%20lZFXyQF44T%7ByX7bByQKclFZL%20x%20ZL%20lcKQyFX%5B%5D%20%20lcKQyXFZL%207XyQ%7CX7C%7CZ7F%3EdnLZFXyruT56%2A%3C%2CFs1NZLl%20cKQyX7CZL%20lcKQnarou%20lcKQ7F%3Egnb%2D%2C%7CF6%2A%3C%2CFs2NZL%20QyXyQX%7D7C%2C7%2DG%2C7obA%2C6EndiB%2CbB%2C%2CBb%2CBb%2D%2C%7CFXyQZ%20==122=1
96896a87-7718-4da5-9a53-77ec6d08f180,irealb://Keep%20On%20The%20Sunny%20Side%3DThe%20Carter%20Family%20(Blenkhorn-Entwisle)%3D%3D228%20bpm%3DB%3D%3D1r34LbKcu7xZL7%234%3C%20%20TLxZLxZLBZLEZLBe%3Emeht%20rtg%20%2CittuZxLZF4Ti*%7ByXE%7CQLZxLZsreV%20%20%3CA*%5B%5D%20xZBLZLxZL7%23FZLxZLBe%3EBXy7%23FZLQyX7%23QKcl%20cKQyX7%23Fl%7C%2C%23G%2F%2CW%23A%2FWs%20B%7CQyXBZLl%20LZFyXB%7CQ%2C%23A%2FWsW%2FG%23s%207%23F%7CQyX7%23FZLl%20cKQyXBl%7C%2C%23A%2FW%2CW%2FG%23%2C%207%23F%7CB%20%2CE%7CQ%7CT24L%20lcKQyXB%3EsuroCh%20%20%3C44TB*%5B%5D%20%20x%20ZEXyQyXBl%7CFZLE%20QKcl%20B%7CQyXEZL%20lcKQyBXZL%20lcKQyX7%23FZLXyQ%7CByXBZLxZLBZLZBXy%3Eemeht%20rtG%20%20%3Ci%5B*%7D%20%3Ex301*%3C%20lcKQBLZEL7%23F%20%23eniF%20xLZF%23LBZLxZL7%23FZLxZBLZLxZL7%23FZLxZL7Z%3CXyQZLxZL%3Ex%20Z%20%3DPop-Country%3D230%3D1
96fd5adb-f1ec-431f-9f80-7968b4c35d34,irealb://I'll%20Be%20Around-Rev%20JE%3DWilder%20Alec%3D%3DBallad%3DC%3D%3D1r34LbKcu71%2331b4C%5E%20Dla7A%287A%2CA/hEs%20-7EZL%5EF%207-EZL11-t%29%7ClA4TA*%7B1N%7C%2CB9%2CG13G%2CF/W%2C7-D%7C%2C%23C/%2CWtla7A%2CB/W%2C%5EC%7C%2C13%2CW/-Ds%201QyX%5ECb13%231%206Cl2NZL%20QyXQy%7DX7G%2C7-Ds%20%5EbAZL1F-6LZE%206ClbA%7CQyb7%20G-%299b7C%287C%2C7-Gs%20b7D%7CQyX11%2331CZL7%7ClF%5EXDB*%5B%5DD%20%5ECALZG7s1G%207-DZLtla7A%20-7El%7C%2CF/W%2C7Gs%20su3%20%5D%5B*7-D%207/W%2C7-E-7%20F-F%20h%23Fl%7C%29tla7A7%28A%2CA/hEs%207-EZL%5E6LZsEZL11-%20%5EbAZlt%2CW/%2331bE%206Cl%7C%2CB/W3%2C1G%2CF/W%2C7-D%7C%2C%23C11%2CQLa7A%2CGsD-7%2CG7%2CZ%7CQlAb%5E%20D13%2311LZU%3CFINE%3EC%5EXyQZ%20%3DJazz-Ballad%20Swing%3D100%3D3
963fefe1-4577-408a-9178-9e99e417debd,irealb://If%20It%20Hadn't%20Been%20For%20Love%3DChris%20Stapleton-Mike%20Henderson%3D%3DBluegrass%20Ballad%3DA-%3D%3D1r34LbKcu7ZL%20%7Cr4A-LZr%20ZLxZL-ASA*%7B%20Q%20yXQyX%5D%20%20%7Cr%20ZLx%7C%20LZ%204Ti*%5BLEZLFZA-LZQyXQyX%7D%20xZL-AZELZLF1NZLxZLFZLx%20LZN2LxZLFQyXZLG%20%5D%5B*%7CZL-AZL-DZLGZLZCL-AZLGZL-AZLCBA-LZGZL-AZS.D%3CxQXyQ%5B-AZL-AZL-DZLGZCLZL-AZLGZL-AZLCLZxLZyXQyXFZL%20%7C2nd%20E%7Cr%20ZLxZL-AA*%5BYQ%20yXQyXQyX%5D%20%3E.dn%20LZ%20r%20la%20.FfZLxA-LZxLEZLFQ%7CY%5D%20QxZLA-ZLEZLFZLxZLFZLZA-LZZLxZLLZfELZfA-XyQZ%20%3DPop-Bluegrass%3D160%3D1
96325cd4-5201-4824-b2b3-8a1a1c992685,irealb://In%20A%20Sentimental%20Mood%3DDuke%20Ellington%2FJohn%20Coltrane%3D%3DMedium%20Swing%3DC%3D0%3D1r34LbKcu7bEZL%20-%2FC%20BbB%20C%2F-bBA*%7BZL%20yQXQyX%7C%7D%20%20x%20ZL-b-LZ%20xbBi*%5BbD1NZ7LZEb-bE%7CQyX5b9bB%7CQXy-bB%7C%2CbD%2F-bE%20%20-%20Ab7L-bE%20-bG%20-byQXyQ7E%207-BZL-bG%20ABZ*LE%20bD2N%7CQyXQyXb9LZDX%7DQyX*ZL7b%20E7%239bA%7CQyX9%237bAZL97bE%207-BZL-bG%20AZL7%239%20A7BZL7b7bB%7CC%20Bb-BZLbD%2F-bE%20-bEZ7L-bE%20-bEZL%20x%20ZLb-XyQ%2F-bBA5XyQ%7CEb-%20Ab7LZDbXyQ%7C%20%3DJazz-Medium%20Swing%3D68%3D0
96fb87d3-fdf2-4ab4-8c5c-675d850e3a13,irealb://In%20Crowd%20%28Ramsey%20Lewis%29%2C%20The=Page%20Billy==Blues%20Rock=D==1r34LbKcu7ZLxZL4D7LZLxZLxZL7D%2CS%2CA%2AQ%7ByXQyXQyXQyX%5D%20xZxLZx4Ti%2A%5BZLxZL%5D%5B%2ABGZL7%23FZLxZLxZLxLZ7DZLxZLxZLxZL7xLZB7%20xZLx7%20oloLZA7XC%20neht%20x2%3CxZL%2ClCZLC%2C7%2DB%2C%2DAs%7CQyoda%20SxZL7EZLxZLyQXyQedaf%20dna%20x166%2A7%3CD%3Ex7%20oloS%3CQ%7B%20%20%20out%3EX%7D%20%3ExxLZxLZxLZxLZxLZfx%3CD%2ES%2E%20al%20Coda%3E%20%7D%20==0=0
96cfab8c-2ef5-4a03-8944-960d06900895,irealb://Is%20This%20Love=Whitesnake==Slow%20Rock=E%2D==1r34LbKcu77%2DB%2C74E%2D7X%20%3E3x06%2A%3CQyX%7C9dadC%20%207%2DBZL%20lcKQy%7D%7CsC%5E4Ti%2A%7BZL%20lc%20G%5E7%20%2DE44TA%2A%7B%5D%20%20x%20ZFL%2C9ddaF%20%7C11%237%5EF7XyQK%7C7%2DA%20%20%7C11%23Cadd9%5EG%20%7C7%2DA%207%2DB%2C7%5EsC%7C%7D%20%3E3x06%2A%3CQyX%7C7%20F%5E7%20%207%2DB6%2A%3CQy%2CFLZ%20aC%20%207%2DBZLQyX%7CQXy7%2DEl44TA%2A%7B%5D%20%20xdd9%7CX9ddaFB%2A%5B%5D%20%7D%7CsC%5EF%2C9ddaF%20%7C11%237%5E%20F7%5EG%20%7C7%2DA%207%2DB%2C7LZ%20x%20%20%3E3x0ddaCl9XyQ%7C%5EG%20%7C7%2DA%207%2DB%2C7%5EsC%7CQyX7%2DB%7CQyXC%2FD7%20%20%5D%5BddaCl9ddaFD%2FCXy7%5EF%207%5EG%20%7C7%2DA%207B%2D%2C7%5ECs%7CQyX7%2DB%7CQ%2311%7C%20%7CQyX9ddaC%20x%20%20%5D%7BL%20lcKQyX7%2DEl%3E1o%20loS%20rtG47%2A%3C44TZB%2D7%20%20ZLF%2C%20F%20fo%20%7D%3C%2A6%202%20artxe%20w%20A%20%20reeh%20morF%20%3AmroF0bars%20QyX%7C92%20artXyQXyA%20no%202%20oloS%20rt%20G%2CB47%2A%3C%20QyXQyXQ%20w%20ExQyX%3E%20%20bars%20of%20F%2C%20%20Bx2%2C%20then%20fade%3E%20==0=0
96e0bfcf-686d-415a-903a-4ab18f1dc3d5,irealb://Jelly%20Roll-Rev%20JE%3DMingus%20Charles%3D%3DSlow%20Swing%3DAb%3D%3D1r34LbKcu7KQyX9%20Eb7LlcKQyX7bA%7CQyX7Eb%7CQyX7-bBZL%20x%20Z%20LZDb7-bB%5B%2CbG/WAb7%20s%7CQyX7bE%7CQyX7-b%7CBQyX7Fl%7C%2C7bG%2C7GsAb7%2CZL%20lcQyX7b/E%2C%7CWIF%3CQU%5B%20%20QyXQyXn%7CQ%2CC/W%2CbD/W%2CbE/NE%3ElAW%2CF/WZ%20%3DJazz-Medium%20Up%20Swing%202%3D132%3D3
96b81ce8-5083-4029-ac51-e55889c2abcf,irealb://Legend%20of%20Zelda:%20Ocarina%20of%20Time%20-%20Title%20Theme%2C%20The%3DKondo%20Koji%3D%3DBallad%3DC%3D%3D1r34LbKcu79%5EC%7CQ4F%5E7XFA*%5BY%5DQyX9%5EC%7CQXy31%5EF%7CQyX9%5EC%7CQy%5E13Xy4Ti*%5B%5B%5DQyX%5E13XyyX31%5EF%7CQyX9%5EC%7CyQX31%5EF%7CQyX9%5EC%7CQQ%7CC%5E9F%7CQyX%5DQyX6yQ%7CGXX7%5EbA%7CQyXG%7CQyXA-%7CQyXG%7CQyX-A%7CQyyQ%7CBbX-AB*%7C*CF%5E13XyQ%7CC%5E9XyQ%7CF%5E13XyQ%7CC%5E9XyQZ%20%3DJazz-Ballad%20Even%3D60%3D3
96db5f32-b397-4e95-aa8c-6747eec54fce,irealb://Beautiful%20Moons%20Ago%3DComposer%20Unknown%3D%3DMedium%20Swing%3DD%3D%3D1r34LbKcu7%207%5EbE7XyQ%7C%207%5ED%7CQyX11%237bEQ%7CyX11%237A%7CQyX7-EBb7LZ-Ei*%5B%7CQyX7yQXyQ7bB%207%5ED%7CQyX7AZ7L-E%207oE44TA*%7B%20%20LZEb%5EX%5D%207AXQyX%7D7LZD%5E%297o%23G%28%20%29oG%28%20%2C7%7CAQyX7-E1NZL7B%207%20%28Ao%29A%207-E-E%7CQyN2E-7%7CQyX7-E%7CQyX7%5E%23BF*%5B%5DQyX7%5EDZL7A%20F%23%5E7XZL%20QyA*%5B%29oF%23%5E7X%23G%28%20%29oG%28%20%2C7A%7CQXy7hEZL7B%207-E%7CQyo%29%20%28A%7CQyX7-EZL7-7LZAZL7A%207-E%7CQyX7%5EEbZL7bB%207%5ED%7CQyX7D%5E7%20BE%207oE7%20A7LZD%5E7XyQZ%20%3D%3D0%3D0
962e2c24-64bc-4854-8c9b-812c17445e23,irealb://Lookin'%20For%20Love%20(In%20All%20The%20Wrong%20Places)%3DWanda%20Mallette%2C%20Patti%20Ryan%2C%20Bob%20Morrison%3D%3DCountry%3DE%3D4%3D1r34LbKcu7xZLAZ%23-LZGBZLEZLAZLxZLEZxLZLAZL7BZLAZL-%237LZxLF44T%5B%7C%2C-%23GxLZALLxZLAZLxZL-%23GZxLZLEZL7BZLBZLEZZF%23-%2CZLEZLxZLAZ%7CELZxZLxZLAZL7EZLEZ7LBZLAZLxZL-%23GZLELZxL%2C7B%2CA%23GZLxZxLZA7B%2CA%7C%2C-%23G%2C-%23FZELZLAZLxZLEZLxZL%2C%7CELZL7BZLZLEZLZALZxLxZL-%23GZLxZLE%7C7%2CB%2CA%7C%2C-%23G%2C-%23FZLZALZBLxZL-%2C-%23FZLZxLZZLxZL-%23GZLxZLE%2C%7C7B%2CA%7C%2C-%23G%2C7-%23FALZxLAZL7EG%23-%2C%7CA%2CB7%2C%7CELZxLZG%23-LZxLZALZB7LZELZx%20%7C%20%3DPop-Rock%3D133%3D2
961fab68-94d0-48ad-b658-891f2eccfea5,irealb://Loose%20Bloose%3DEvans%20Bill%3D%3DMedium%20Swing%3DAb%3D0%3D1r34LbKcu7ZL7A%207LZG7L9b7B%20%5EGZL7D%207A-ZL7E%207-BZL%2BbG%20ZE-7%2CD%207B%5BD%20Gb%2BLZB-7%20E7LZA-7%20D7LZDb7%20Gb%2BLZB-%20D7LZDb7%20Gb%2B%20Z%20%3DJazz-Medium%20Swing%3D125%3D3
969f13eb-90ea-49b2-bf50-31f3508b701a,irealb://Love%20Me%20a%20Little%20Longer%20-%20by%20SSR%3DMyles%20Heather%3D%3DCountry%3DC%3D%3D1r34LbKcu7%7CY%7CQy4C%2CXyXC%7CQyXG%7CQyXF%7CQXyx%7CQyXG%7CQyX%2CF%7CQyQ%7CxX4Ti*%7C%2CC%7CQy%2CXyQ%7CXG%7CQyXx%7CQyX%2CC%7CQ%7CyXx%7CQyX%2CF%7CQyXxyQ%7CxXC1NA*X%2CC2N%2CXyQ%7CQyXx%7CQyXC%7CQyXGQ%7CyXC%7CQyXx%7CQyX%2CC%7CY%7C*BF%7CQyXX%2C*m*XyQ%7CGXx%7CQyX%2CG%7CQyX%2CFQ%7CyX%2CC%7CQyXx%7CQyX%2CyQZ%7CA%2CF%7CQyyQ%7CA*m*%2CG%2CFLZF%2CE%2CDLZG%2CXyQ%7C*AXyQ*BXyQ%20*iXyQ%20*B%20%3D%3D0%3D0
96b0b76b-e41c-4138-914c-8d4bdefb343c,irealb://Lucky%20Now%3DAdams%20Ryan%3D%3DCountry%20Folk.%20CAPO%204th%20Fret%3DC%3D%3D1r34LbKcu7x3%3CC%204CXyQC%3E..lliw%20thgine%20ht%20dnA%20%3CZLC%20F%7CXyQ%7CG4Ti*%7Bkcul%20XyQ%7CGfi%20ylnO%3CZL%3E%20tS%20%3C%20-A%7CQyXFA*ZLC%20%20yourC%7C%7D%20%3E%20%3CZLCFXyQ%7CXCv*%7B%20%20p%20%7CQyXGQ%7CyX-A%7CQyXFZLG%20CyQ%7CF%20%3Ewon%20A%7CQyXhe%20ni%20C%20G%7CQyXC%7C%7D%20%3Ex%3C3C%20G%7CQyXC%3E..thg%5D%7B*CFt%20dnAlos%20%26FXyQ%7CyyyyyyyyyyyyyyeyeeeeeeeH%3CZLG%20CyXyQ%20%7CQyX-memerQ%7CA-X%20I%3C%7CQyXG%7CQyXF%7B%2C%7D%20%2C%20%2Cp%20%7CQyXG%7CQydont%20yXF%3Eoi%20ohw%3EA-Xyer%20i%20mA%3C%7BQyXG%7CyQXG%7C%7D%20%3Ex3%3C%20p%20%7CQally%20..reb%20was%3ECXyQ%7CF%20CLZCXyQ%7CG%20C%20%7D%7CCXyQ%7C%3CSVR%20LOOP%3EG%20C%20%5D%20%3DPop-Country%3D110%3D1
96c595aa-3363-47c0-be85-32547af3db81,irealb://Man%20With%20The%20Banjo%2C%20The%3DFritz%20Reichel%2C%20Robert%20Mellin%3D%3DShuffle%3DF%3D5%3D1r34LbKcu7%20-GZL6%2CXyQQyX%2CbB%7CQyX%2CF%7CQXy%2C7CZL%20x%20ZL%20lcK%7CF%20D-F44T%5B%2CFZL76%2CXyQyX%2CbB%7CQyX%2C6F%7CQXy%2C7CZL%20x%20ZL%20lcKQ%7CF%20CFZL7C7G%7CQyBb%2CXyQyX%2C6bB%7CQyX%2C-AQ%7CyX%2CbB%7CQyX%2C-A%7CQ%7CA-%2CXZL%207FF%7CQyXC7%2CXyyX%2C6F%7CQyX%2C7CZLx%20%20ZL%20lcKQyX%2CF%7CQQ%7CBb%2C%7CQyX%2C%20C7LZF6%2CXyQ%5D%20%3DPop-Bluegrass%3D135%3D3
96720339-5cec-4c11-a239-5a24d32c3b48,irealb://Marche%20A%20L'ombre%3DRenaud%3D%3DCountry%3DC%3D0%3D1r34LbKcu7ZLxZL44%3C*7%20%20x%20ZL%20x%20ZL%20lcQKyXC%3E662%20mpb%20%204%5D%5B*ACTi*%5BYGZLxZZxLZxCZLGZLxZLxZLCZGLZLxZLCZLxZLGZL%20%5D%5BCLLCZLGZLxZLxLZxL%20CZLxZLGZLxZLCLZxZLFB*%5B%5D%20CZLFZ%5D%20%20%5BFZLxZLnpZL%20Zx%20%5DXLCZLFZLCZLGZLxLZxZLCC*S%5BYQyXQyZxLZGLGZLCGZLxZ72%20in%5D%20xZLxZLxZL%20C%3E.)rtsni(%20edulret%7B*ACL*%3C%5D%20%20LxZLFxLZxLLCZLxZLGZLxZLCLZxZLFB*%7B%7D%20xZLGZZx%20%7D%5BZLCZLE%20dn21%3C%20D.S.D%20%20%3C2N%5D%20xZL%20%3EG.dnE%20dn2%20la%20.S.%20al%20NZLCZ336*%3C%20LZx%20GZLxZLC%7B%20FZLCZGLZLxZLxZLCC*%5BY%5DLZpn%20G%3E.dnx%3Es%20%7D%3C*72%20outro%3ElCLZxLZxLZxLZUflC%20Z%3DPop-Country%3D266%3D1
968ba19c-2d8f-48a5-8d3a-c2763d31d7c0,irealb://Tears%3DReinhardt-Grapelli%3D%3DBallad%3DC-%3D%3D1r34LbKcu77C%205b4%3CAABQyX%7CrQyXZL7G%2057b-DZLbE/-C%20-C%3EBLZG-74TA*%7B%2C7Gs%2CyQ%7CF-6bA%7CQyX5b7-A%7C%7CyQX96bEZL7bB%205b7%20sAb7X-FZL%207-Dl%28Ab%29s%2C7Es%207%5ECB*%7B%7D%207lG%20-C%7C%297G%28-Cs%2C7GEb7%2C%7C%207Gs%7CQyXQyyQr%7CX9bD%7CQyX9D1N%7CQy7X%5EFZL7C%207-GZLQyXyQ%7DXXZL7GLQyX%7CAb7%20GL7G%209DZLbE/-C%20C-Q%5B%5D%20Q%2C7G%20-CZL7ZXyQr2NZL%20ZXyQr%7CXyQLZ%3CX%3En%3CX%3E%20%3CX%3E%20%3CX%3ELZ%3CX%3E%20%3CX%3E%20C9%2311%20%5D%20%3D%3D0%3D0
96b06b4d-0b91-48f1-97ed-45c4b8e29937,irealb://My%20Dream%20is%20You%3DBarrows%20April%3D%3DMedium%20Swing%3DD%3D%3D1r34LbKcu76D%7CQyG6XyQyX9A%7CQyX9E%7CQyXB9%7CQyX6D%7CQyX6-G%7CQ%7CD6X%2CA*%2C%7B6D%7CQyLZ%2C*AyX9E%7CQyX9B%7CQyXD6%7CQyX6-G%7CQyX6G%2CQ%7CA9X9b7C%20%20lcKQl%20LZ%2CQyX7-EZL7B%207-EQ%7CyX7BZL7C%206D%2CB*%7CE9XycKQyX%20ot%20tXyQ%7CA*%3C%20%206D%7CQyX6-G%7CyQX6G%2CA*%2CZL9bA%20768Las7bBZLA%7CQyXLZB9%20%209b7C%206D%7CQyX6DQ%7CyX9A%7CQyX9EZLQ%20%7D%7CQE9%3EadoC9XyQ%7CD6XyQ%7CB7XyQ%7CE9XyQ%7CA9XyQ%7CD6XyQKcl%20%20Z%20%3D%3D0%3D0
965400b0-6f11-4dee-b37f-34fc3e19b52f,irealb://My%20Funny%20Valentine%3DRodgers%20Richard%3D%3DBallad%3DEb%3D%3D1r34LbKcu7C%287F%7C4C-6XB/7-C%287-CZL9b7%20G%29B/7%5E-C%287hD%7CQyb%29XyQ4T%5BA*D%7CQyXXyQ%7CA*%5DQyX9b7G%7CQyX7Dh%7CQyX7-F%7CQyX7%5EbA%5BC-6%29A/6-X7%5EbA%5E7/B%29A/6-C%287F%7CQyX%29b/B7-C%287-CZL9b7G%20%29XyQ%7C-C%287hZL7-F7XyQ%7CL7-F%207%5EbE%5BB*%5DQXy7bB%7CQyX%297B%287hFZG-7%20-F%7CQybA%7Cl%2CF-7LZbB%2C7B%2C7-CsZL9bG7%207%5EbEZL7-F%207-G-7%2CA7%207%5EbE-C%287-%7CDh7%207G%20%29B/7%5E-C%287hDQ%7CyX6-C%5BC*%5D%209b7Gb9LZCQyX7%5EbBZL7XyQ%7CFZL9b7G%207hD%7CQyX%5E7bA%7CQyX%29A/6-C%287C-7%20B%29bB/7-7%20Eb7LZAb%5E7XyQ%7CF-7%20Bb7LZUEb6XyQ%7CDh7%20G7b9%20Z%3DJazz-Ballad%20Swing%3D63%3D2
96e67eb7-edc7-44fa-a7dc-71fa0a74c5da,irealb://New%20York%20State%20Of%20Mind%201%3DJoel%20Billy%3D%3DPop%3DC%3D5%3D1r34LbKcu7/G%2CCs4C%20E7%207-DZL7A%207%5EFl%7C9%2CC%2C7-Gs%207-AZL9%23Bb7LZ4Ti*%5BG/F%2C7%2CW/G%2CD%2C7-AsZLsus9G%20%5E9FZL9Dl%2CE/W%2C%5EF%7C9%2C%7CA-7-A%2CB/G%2CCslC%20E7%207-DZL7A%207%5EFl%7C9%2CC%2C7-Gs%207-AZL9%23Bb7LZA*%5B%5D%2CG/F%2C7%2CW/G%2CD%2C7-AsZLsus9G%20%5E9FZL9Dl%2CE/W%2C%5EF%7C9%2C%7CA-7-A%2CB/G%2CCslC%20E7%207-DZL7A%207%5EFl%7C9%2CC%2C7-Gs%207-AZL9%23Bb7LZA*%7B%5D%2CG/Fs%20%2CW/G%2C%7C%2C9D%2C7-As%7C%2C9G%2CF%5EsZL9Dl%2CE/W%2C%5EF%7ClA-7%2C7-A%2CBZLsus%5B*BlAB%7CQyX7%5EFZL9C%207G-%7CQyX7%5EGZL9D%207--7%20E9%5D%2C7E%2C%207-AZA-7%20D%20ClA*%5B%5D7G%2CsusG%20s7-DZL7%5EGZLsus9E7%239LZL7%5EA%2CE/W%2CC9%2C%7Cl/W%2C7-A%2CB/G%2CCsZ7LbB%207-DZL7A%207%5EFG%2C%7CF%5E%2C7-Gs/W%2C7-F%5E9%20G%2CCsC*%5B%7D%2CG/F%2C7-%7CA%2C9D%2C7-AsZLsus9G/B%2CAZL9DlEZL7b%2CW/E%2CZL9%237E%20CZLf%2Csu9sG%20f%2C9%5EFZLf%2C9DlA-7%20B%5EF%7C%2CGb%5E7%2C%20Ab%5E7%2C%20D-11%2C%20Db%5E7%2311%2CLZC%5E7%2311%2CXyQZ%20%3DJazz-Slow%20Swing%3D58%3D1
96cccccd-528c-4959-8ef8-3cc38b9a0018,irealb://Nica%27s%20Dream=Silver%20Horace==Latin=Bb%2D=1=1r34LbKcu7%3C%7C%2C9%2D22%3C%2A7nl%2C9%2DbEs%2C%3E%20%E2%99%A9%20QXy%E1%8A%95%20QyX%E1%8A%95%20QyX%E2%99%A9%20%201%20%2CsDbTi%2A%5BY%E2%97%87QyX1Q%20%20%E2%94%81X%239%237Fl%7C%2Cn%2C9%2DBs%20%2Cnl%2C%3E%E1%8A%95%20QyX%E2%99%A9%20%20Qy11%3C%2A7yX17%2A%5E%2DbB%3E%20%3C%2A74yX%2E%E2%99%A9QyXQyX%2E%E2%99%A9%20%2071%2A%3C%5BQyX%3E842%20mpbQXyQ%E2%99%A9%5DQyX%3EAZLxZ%2A71%20%28A%2A%7BY%5D%20QyX%7CrQyXQ%7CyX%5E%2DbA%3E%29%2ElimisBb%2D%5EL%3C%7CQyXL7bD%3ExLZBb%20%2096%2A%3CZL7%2DbAZLb7DZL7%2DbAZLxZL%5E%2Dhead%3AZL%5E%2DbyX60%2A%20%E2%99%A9%2E%20%20D%28%20%3E%E2%8C%A3%20%20QyX30%2A%3C9%296bG%289%5EbG%3E%E2%99%A9%20%20%2E%E2%99%A9b9%29%7C%3C60%2A%3CZ%2027%2A%3C%28C7%239%20xZL9%5E%2DbBZLxlZ%29LF%2FB%285%239b7FsZL%29%7DY%7B%2ABhC%3E%E2%97%87QG%28%205%23%20%E2%99%A9XyQp%29sus9b7bA%28p%7CQXysus9bA%3E%E2%99%A9%20QyX%E1%8A%95%20Ab7b9QyX%E1%8A%95%2017%2A%3C%29Db%5E%28FB%285%237bB%7C%297%2DF%28%20%5E%29bD%28%20%297%2DbE%28%20%297%2Db13b9%7C%297ob9%5EbD%7Cead%3EXA%28QyX%29sus9bA%2859%23%237bA%7CQyX9bE%7CQyb7b9%29h%E2%86%90QyX9b7F2%5E%29%20LZQyX66%2A%3C%20%20QyXQyQXyX%7D%20%2C31A%207%2DE1N%E2%99%AA%3ELZNobD%28%20L7%2DbA3XyQ%E2%94%81%5E%2DbBZLxZL%5E%2DbAZxLZL%5E%2DbBA%2A%5B%5D%20n%20%3ELZxLZ6%2A%3C5%23%20QyX3ZAb%2D76bG%289%5EbG%3E%E2%99%A9%20%20%2E%E2%99%A9%20%20%2E%E2%99%A9%2060%2A%3CZL7bDZL9%29%3C%2A0L7bDZ%2DbBZLDb9%29%7CF%2FB%285%239b7FsZL%29%2397C%28hC%3E%E2%97%87QyX60%2A%3C%29LZlx%28%20%3E%E2%8C%A3%20%5E%2DbAZ%20%5DY%5B%3C%3E%29solos%20neewte%28b%20edulretni%2047%2ABb%2D%5ELQxZL%5E%2DbBQ%5BLZChLl%7Cn%2C%2DbBs%3E%29krb%20loos%28%20%3CZLxZLF%2FBZn%20%5DYY%5EbGZL%2A%3CZL%20outro11%237FZLhCZL%5EbD%7Cl%2CbA%2FW%2C9%2DbEsZL%3ELZ%20r%7C47%2A%3C%5E%20QyX%E2%94%81%20%E1%8A%95%20%20%E2%94%8186%2A%3C%7CQyX%3E%E2%94%81%20QyX68%2A%3Cnl%7Cn%2C11%237Bs%3EXyQ%20%20%20%E2%99%A9%2017%E1%8A%95%20%20Qy%E2%99%AB%3En%20%3C%2A%3CZL%3E%E2%82%86%E2%99%AEQyXQyX0%2A6%3C%20%3E%E2%82%86%E2%99%AD%E2%82%87%E2%99%AD%20%E2%82%83%E2%82%84%2006%2A68%20%E2%99%A9XQyX%E2%99%AB%20XyQ%20%20%E2%94%81%3EnXyQ%7CfUBb%2D11XyQZ%20=Jazz%2DLatin%2FSwing=248=3
96c62ba6-8d6f-4071-8713-ed196845a6c2,irealb://No%20Hay%20Lugar%20Mas%20Alto%3DD'Clario%20Christine%3D%3DSlow%20Rock%3DA%3D%3D1r34LbKcu7yXA%3Ea4AXyQE96*%3C%7B%7DQyX%23F/AQ%7CyXE/A%7CQyX%23F/A%7Cstrof4Ti*%5BX-%23F%7C%23XyQ%7CQyXD%3Eoroc-erP6*6%3C%7C%7DQyXD%7CQyX-%23F%7CEXyQG/E%7CQ%20QyXQG%23XyQQyXQyXQyXQyXQyQXyX%5D%20%23C/A%20%23G/E%7CXyQXy/E%7CQyyXD%3EeCoro%3E96*%3C%7B%7DQyX%23C/A%7CyQX-%23F%7CQyXE%7CQyXDPuent96*%3C%7BQyX7-Q%7CA%20EQyX7-%23F%7CQyXE%7CQXyD%7CQyX7-%23FZL%23G/%7CN1F%23yXE%7CQ%7D%7CN2F%23-7%20A/C%23%3C*69Al%20coro%3E%20%5D%20%3DPop-Slow%20Rock%3D70%3D1
96e2efa3-cc08-454a-9cc6-c4ba90beef19,irealb://No.%201%20Green%20St.%3DGreen%20Grant%3D%3DMedium%20Up%20Swing%3DBb%3D%3D1r34LbKcu7BZL%20lb7XyQ7bEZL7bB%207-F%7CQXy7bBZL44T%20%207bE%7CXyQKcB44T%5Bb7XyQ%7CG7XyQ%7CC-7XyQ%7CF7XyQ%7CBb7%20G7LZC-7%20F7%20Z%20%3DJazz-Medium%20Up%20Swing%3D117%3D18
965d95b8-922b-4c60-a75d-525f462bf1e4,irealb://Not%20Ethiopia%20(p2)%3DMichael%20Brecker%20(Brecker%20Brothers)%3D%3DEven%208th's%3DF%3D5%3D1r34LbKcu7%20%3Ex43%3C*74%20LxZLxZLxZLxZLxLZxZLsus7F%3EsolosZx%3C*644T%7BYLxZL%2Cb9susZLxZLxZLxZL%2Csu3s1bBZLxZLxZLxZLB%5E%2FBb7bB%5B%7D31bBZLZEb1ZLxZL%5EB%5B%5D%20xZLxLZxZL)11-bB(sus3xLZxLxZLxZX96*%3CZxLZx7%5EbGZLxZLxZLxZ%2CLbB%2F11%237%5EBZLxZL%2311LZL%2CsusZLxZLptionLxZLsus7F%7B%7D%20xZxLZLx%3E)taeper%20laZxLZxo(%20Qy%20mhtyZx%20%7DYas%20-%20leef%20emit%C2%BD%20(%2047*%3C%23C%2FFQB*%5Bme%20rhLxZLx7%5EEZL%201st%20LB%2F%23CZL11%237%5EBZbLE%2FsusDZL%3E)egapZF%2FEbni%20saX%5D%20xZEb9suZL11%237%5EbGZLbA%2FZGL%23C%2FFZLD%2F%23CZLsxLZxLZL11%237bBsZ*AF7sL%20x%20ZL%20x%20ZL%20x%20LZ%20x%20ZL%20lcKQyXsuZppFL%5BY%20Qy2bE%7CQ%2ClF%2Cp%20npZL%20x%20ZL%20x%20Z%20LlcKQyXsus7F%5B%5DpLZnXyF%2FsusC%2FFsp-%2FEb%2CLsus9E%209%5EbGZL9b-A%209%5EbBl%5B%5Dpppp%7CZE%2FD%2CDspp%2C%2CB%5E9%2CZ%20%3DJazz-Even%208ths%3D300%3D1
96e69049-72ab-4044-87e3-723f4011cb64,irealb://Somebody%20Stole%20My%20Gal%201%3DLeo%20Wood%20%281918%29%3D%3DMedium%20Swing%3DEb%3D%3D1r34LbKcu7L7bBZ*74VeFZL%2C7CZL7bBZL%2CEbZL7bBZLbEs%3Eesr7LZxL%3C44T%5BEl%3Esu7%2C%7CF-7*%3CA*%5BY%20%20QyXQy%5DX%20%2CbB%7C%2C7F%2C-CZL%2C4ChorC%2C-FZQyXbEEb%20Gb%207bB%7CQyX7bB%7CQy7XbB%7CQyXF/7bBZLoBb%2BLZ%7CQyXbL%20lcKEb7%2CDZL%20lcKQyX7FZL%20clKQyX7Cl%7C%2C7bD%2C7F7XyQ%2CbEs%7CyX7bByQKclbB%7CQyXF/7bBZLoGb%20bE%7CQyXbEB*ZL%207XyQ%7CX7bBZbAZL%20%20Ab7LX7bEZL%20lcKQyXbZEL7bB%207G%7CQyX7GZyQKcl7bB%7CQZL%20lcl%20LZAFZLG/7-C%20obAZLAo%20bEZL%20lcKQyX-b7XyQKcKQyXF-7XyQ%7CBb7XyQ%7CEb%20Ab7LZEbXyQ%5D%20%3D%3D0%3D0
96f2c384-2490-464d-8936-d0483b9827aa,irealb://Octobre%3DFrancis%20Cabrel%3D%3DPop%3DE%3D0%3D1r34LbKcu7yXA%7CQ4EXyQ%7CQyX7%23F%7CQyX-%23CQ%7CyXA%7CQyXE%7CQyXA%7CN1AXy4TA*%7BXA%7CQyXyQ%20LQyX7B%7CQyXAB*%5B%5DE%2C%2CE%2FA%20E%7CQyXA2NZ%7CC%23-XQyX%7DQ-%23C%7CQ%20A%2FG%23QyXA%5BQyXE%7C%5DQyX%7CAQyX7B%7CQyX-%23F%7C%2C%7CB7Xy%20A%7CQy2%20x%20BXyQ%7CAutcurts%3C%7DQyX-%23%7CFQyX-%23F%7C%2C%23G%2FA%20%20re%20AAA%7CQyX%20puis%20AA%3E%20%3DPop-Rock%3D115%3D1
9699e5d8-5c11-4848-9eeb-1cb0340d7af4,irealb://Only%20A%20Fool%3DBlackman%20Alan%3D%3DMedium%20Swing%3DF%3D%3D1r34LbKcu77-GZL4F%5E7%20FZL7C%20-GZL9%237D7%20-AZL7C%207-GZL-D%5E7%20D-4TA*%7B7B%20-CA-%20Ab%207-bBZL-F%20%5EbAZsLusbE%207bDZL11%237Eb7LZZL7C%20%2C7C%2C-Bb-%20EL-%23F%20%23C%2FAZL7E%20B-ZL-%23F%20%5EAZLsus7ZB-%20GZL11%23-A%209%23-LZG-11%237%5EF%20h%23FZLG%2FA-%2C%23G%2F-A%2C-AZL7C%20LZ%7CE7D%20%5EF%7CQyX6-%5E7%2311%20susA2N%7B%7D%207C%20-ZGL-B%20susA1N%7CQyXA-LZGbBZL7%7D%20%3DJazz-Ballad%20Even%3D60%3D3
969d528c-c0b0-4384-9338-abfff8833491,irealb://P22%20Dust%20In%20The%20Wind%20%28Country%29%20C=Kansas==Rock%20Ballad=C==1r34LbKcu7G%7CQyX%2A66Ve%20C%7CQyX%2DAZL%2DD%20GQ%7CyX%2DAZLG%20C%3E%3AesrGLZA%2D%3C44T%7CV66%2A%3CA%2DXyQAZLG%20D%7CQyX%2DAZL%20GD%3E%3AsurohC96%2A%3C%5D%2DXyQ%5DZL%2DD%20yX%2DAZ%3EC%20GL%7CQyX%2DAZLG%20C%7CQy%2DXAZL%2DD%20G%7CQyX%2DAZG%20D%2DL%3AesreC%3E%3Aes66Cho%2A%3C%7C%5DQyX%2DAZLG%20DQ%7CyX%2DAZLG%20D%3E%3Asur66Ver%2A%3C%7C%5DQ66%2A%3C%7C%2DXyQ%7CAZL%2DD%20G%7CQyX%2DAZGL%20C%7CQyX%2DAZL%2DD%20G%2DXyQ%5DAZLG%20yX%2DAZs%3A%3ED%20QyX%2DAZLG%20D%7CQyXA%2DZLG%20D%7CQyX%2DAZLG%7CD%20GLurohCQZ%7C%20=Pop%2DCountry=80=1
962ee24c-f1ca-4d75-8980-49f2637e2a0b,irealb://PFJ-015%3DCoker%20Jerry%3D%3DMedium%20Swing%3DC%3D%3D1r34LbKcu7DZL6A6LZF6L6BZL6bGZL6bDZ6LbAZL6bEZL6bBZLZE6LZC44T%5B6LZG6LZC6%20%5D%20%3D%3D0%3D0
967eef39-ba25-4a57-ae17-e3b264b36f1e,irealb://Pauletta%3DJones%20Hank%3D%3DBossa%20Nova%3DF%3D%3D1r34LbKcu7%7CQyX74F%5E7XX7-G%7CQyX7%5EbA%7CQXy7-A%7CQyX7-bB%7CQyyQ%7CA-4TA*%7BZL%20lcyQ%7CC7us7bDZL%20lcKQyXuss7bEB*%5B%7DQyXsussXyQKX7%5EbByXsusyQKclX7-bB%7CQyXsus7BLZ%20lcKQyX7%5EbAZL%20yQ%7CC7X7%5EbG7-A%7CQ%20%5D%5B*A%7CQyX7%5EbA%7CQyX7-%7CAQyX7-bB%7CQyX7%5EFG-7Xy%20lcKQXyQ%7CBb%5E7XyQ%7CC7susXyQZ%20%3DJazz-Bossa%20Nova%3D127%3D4
96034403-d785-405c-8eed-1368ddecab16,irealb://Tuyo%20Somos%3DQuilles%20Lorel%3D%3DPop%20-%20Rock%3DF%3D%3D1r34LbKcu7eber%204D-%2C*un%20ed%20%2Cit%20a%20soemvlov%20soN%2066*%3CAestra4Ti*%5Bmasera%20obe*%3C%7CQyXFZLC%20-D%7CyQXFZLC%20%3Eaicneid69Reg%20n%C3%B3il%20bBl%7Cti%20a%20%20%20-G%7CQyXFZLC%20-%3ED%20...n%C3%B3zaroc%20utsF%2FA%2C%20a%20somuC%203yQ%7CBb%7B%20C%20susC%7CQyXbBLZC%20-DZLA%20-DZLC%20*B%3C*6XFZLC%20%20-D%7Cqu%C3%AD%20t%7CQyXbB%7CQyXF%7CQyFX%3Esotic%C3%B3porp%20suBbXyQa%20elpQyXA%7CF%20%20QLC*%7D%20%20%3EA%20oT%2084*%20%3CbBl%7C%2CA%2FFs%20%20-GZG-XyQl%7C%2CEs%20%2006*LZBb%20QyXbBZLC%20-D%7CQyAX%7CQyX-Gl%7C%2CA%2FFs%20%7CBb%20%3CC%20-D%7CTo%20B%3E%20%20%7BQG-%20%20sF%2FA%2C%7ClBbXyQ%7DBbXyQZ%20%3D%3D0%3D0
96b010c3-bc2c-4910-944a-6cd945b14ecf,irealb://RGT%20Bass%20G5%20Swing%3DRGT%3D%3DUp%20Tempo%20Swing%3DC%3D%3D1r34LbKcu7%5BT44C6LZA-7LZC6LZA-7LZD-6LZD-6LZE-7%20A7LZD-7%20G7%20%7C%20%3D%3D0%3D0
966657e5-6db3-44f2-b290-b99640b2233c,irealb://Sandu-Rev%20JE%3DBrown%20Clifford%3D%3DMedium%20Swing%3DEb%3D%3D1r34LbKcu7%2CbA/Wb7%20W/A%7CQyX7bAZL%20lcKyQX7bE%7CQyX7bAZLGb7%20%20sE44T%7B%7C%2CbB/%20%20sW//Wn%7C%2CbB/Wn%2CbB/nWsZL7C%20%5EbEl%7C%2CbEBb%2CnW7bEl%7CEl%7B%5DQ%2CnF-7%20n%2C7bE2NZL%20QyXyQX%7D%20%20n%2Ctla7E%7Cn%2CLZnXy7bE1N7C%207-%7CAb7X7bEZL%20lcKQyX7bZAL%20lcKQyX7bE%7CQyXyQ%7CGQyX7b7bAZLXyQ%7CBbE%7B%7D%207bB%3EX4%3C%207F-ZL7C%207bE%7CQyX7b7%20W/G7-FZLEl%7C%2Cbb7XyQ%207bEl%7C%2CbA/Ws%20%20b7A%7CQyX7bAZL%20lcK%20sW/EE%7CQyXa7E%7CnLZsnW%2C7bE1N%7C%2CbB/Wn%2CBb/Wn%7C%2CbB/Wn%2CbB/nF-7%2C7C%20%5Eblt%2Cn%20%20%7DXyQXyQ%20LZUN2%3CFINE%3EEb7%2Cn%20%20Z%20%3DJazz-Medium%20Swing%3D138%3D1
96823eb8-92f4-4ef9-b8af-6feebea31dad,irealb://She's%20No%20Lady%3DLovett%20Lyle%3D%3DMedium%20Shuffle%3DG%3D%3D1r34LbKcu7G1NZL%20W/BLL7-A%207obBZL7G%20ZGL%20%7Cr%20ZL7D%207-AZZG%20D7%2CGA*%7B%207-A2%7CN2G%20G%20GZL%23G%20%2CG1N%7CQXy7C%7CQyXCB*%7B%5D%207G7%20%7D%7CN%7D%207D%207obB%7CZA-7%20ZL%20%7Cr%20%7CZL7D%207-ZALB/W%20%2C6GA*%5D%207DG7XyQL7-bBG%20GZLZG%20D7L7D%207-A%7CQyX%2CG%3EosloS%3CA*%7B%207D%20GZLZ%20r%7C%20L7-A%20N%7CQyXo7%20A-XCB*%7B%207G%20G2N%7C%7D7%20D%20G1NZL7D%20GZL7yQ%7CC7bBZL7ZL7D%20LZG%20GB/W%20GA*%5B%207D%207-ZAL7-bB%207-A2N%7D%207LZA-7%23G%20G1Ln%20%2C7%5BG%2C%20G%20%2CCf%5B%207G%20%2CGZL7%20DGZL7-A%207obBZL7nLZfD%20%20%7Cr%20ZG%2C%20G%237%2CLZUG13%2CXyQZ%20%3DPop-Country%3D90%3D1
96594813-b979-466b-9a14-77e189cfd6ad,irealb://Super%20Mario%20Odyssey%20-%20Jump%20Up%2C%20Super%20Star!%C2%A0%20(vgls)%3DKubo%20Naoto%3D%3DUp%20Tempo%20Swing%3DC%3D0%3D1r34LbKcu7p%7C%2CbD2F%5E7%2FbE%7CnspZLG%2F7%5EFZxLZLbB%2F7-CZLxZLG%2CAb%2C%7C2Ti*%5BCl%7C%2C9lC7LZ-D%7C%2C7bE%2C7-EsZLZxL7FZLxZL7CZL7F7%2CG7bSA*%5B%5DZL7-ELZC7LL7%5EFB*%5B%5D%207CZLCLZ7GZL7-DZL9b7AZZG7LZ7FZL7ZL7-FZD-7LbBlZLn%7C%2CB%2F7G%2CoA%23%7C%2C7-A%2C7GsZLbBZ7%20%7B*CL9b7AbEZL7Eb%5E7L-FZL9b7CZL5b7-ZGL7bBZL7-FZL7CZ7LZBbZL7bB7CZL77LZF-%7D%2C7C%2CobD%7C%2CD%2FbB7%2C%5EbEs1NZL7bBZL7N2lG-CZL7%5E%20nZLxLZBb77bElD*%7B%5Dp%7C%2C7%5EE%2C%7C7%5EbC%2C7%5EbGsZLQ%2CLZxLZ7-FZLZLbB%2FZxLZGZL5bEQ%5BY%5D%20x%3EenFi%20la%20.S.D%3CZL5%237xLZAbL7-D%7DL7BZL7%2FBLZL7%23CZL7%5EEZL7BZ7L-%23FA*%7B%20QyX%7C%5D%20xZF%23-7%5EAZLxEs1NZb5LZC7-%23FZL7%23CZL7%5EELZ7BZL7-%23FZL9b7%23LZB7L7-%23GZ%2C7-DlD%23%2C%7CDZL%2C7-%23FlZL%2C7%23CLZ7-%23Gl2N%7D%2C7%23C%2CoB7%2C%20%7B%2FB%2C7%5E9%5EbDf%20%7D%7BEbL%2C7%5EDl%7C%2CA%2FW%2CE%2F%5E7As%7C%7D%20%2C6bAZL%2C7-ZxLZU%2C6GZL%2C%20Z%20%3DJazz-Medium%20Up%20Swing%202%3D200%3D2
9696747a-05ec-4320-84e8-6ca99afed940,irealb://Speak%20Low%20(Barbra%20Streisand)%3DKurt%20Weill%20(Barbra%20Streisand)%3D%3DSmooth%20Jazz%3DDb%3D1%3D1r34LbKcu7yX%5D%20%2044%3C*731bAZL11-bE%5D%20xLZ11-E%3E79%20mpb%20%204LZ%20r%7CTi*%5BYA(9b3AEb-1-bE%7C%2C31bA%2C9-bEZsL%20%7Cr%20ZL31bAZL19%2CAb1*%5BY%20Q-FsZL)%7ClDbL31bCZL9-bGl%7C%2C%2357bB%2C31bBsZL31%5EZ%20r%7C%209b31b%2C5%239b7%2C%7CEb1bBsZL31%5EbDl%7C)b931bA(9b31bA%2C7-3%2CBb7-bB%2C7(9b31SlEb-bE%7C%2C31bA%2C9-bEsLZ%20%7Cr%20ZL31bAZL11-9%2CAbA*%5BY%5DbE%2C7b9)%7ClF%7Cr%201NZL31bCZL9b-GZL5%239b7bBZL9-%20LZsBb31bAF%2F96b13susA%2Fsus7bD%2C31%5EbD)%7C9b31bA(9b31bA%2Cb%2C%7ClDbA%7C%2C9bAZL%5EBDb-9ZL11%2331Al%7C)11%2313bB(11%2331bBspZLxLZCb*%5BY%5D%20LQyXYA13%231bA%2C31bAs%3E.dnE%20nd2%20la%20.S.D%20%3CZL19%235%2C%5DZL%2C7-31bAs3%2CF7%23l%7C)5%239b7bB(5%2397bbB%2C31bB%7C%2CB%2F5%239Eb9LZ1F2NZ%2C31bB13susE%20dr3%20la%20.S.D%20Z%3CL31%5EbDl%7C%2C31bA)nd.%3EsA(sus%239b7b%235%2C%5DYb7bB%2C31bB%7C%2CB%2F59%23%237F%2C31F3NZLQyX9%235(B9b7bBl%7C%2C5%23b9LZs%2C31bBsZL9-Fl%7C)%2359bA(5%239bA%2C31bABb7b9El%7C)5rtuo%20sAb13QyXQyXQyXQyX%5D%2C13bA)sus31bA(sus%7B%3C*74ZL9bEsus9b%5E9XyQ%20pmav%20%20QyX%3C%7CQy9X%5EbD%7CQyXsus9bC%7Cout%3ECbDl%3Eo%2C%20Ab9sus%3C*634x%3E%20%7D%20%3DLatin-Brazil%3A%20Bossa%20Electric%3D97%3D1
96c4011c-3035-47aa-bcd1-389ac2b07066,irealb://Spring%20Can%20Really%20-%20Revised%202%3DWolf%20Tommy%3D%3DJazz%20-%20Swing%20Two-Four%3DC%3D%3D1r34LbKcu7%2C7h%23F4%3C*69%20pat%20tsuj%20%2Cegassem%20RORRE%20nO%5B%20%20OK.%3El4Ti*%5BBZL%2C77%2CBb77bDsZL%2C7-Dl%7C%2C7sDZL%2C7-A%20%2C7-El%7C%2C%2C%7ClC%5E-FsZL7G%20%2C7%5D%7B*AS7-A%2CB/*.*W%2C%5ECZ%20L%7Cr%20ZL7%5EbBZL7%5EC%2CLZD-%20%2C7%5Eb7-EZL/F%2C%7Cs%2C7-FZL7h%23F%7C%2CG/.**W%20%20%2C9b7Al%7C%2ChE%20Bb7%2C*.*W%2C%20%2C%5ECZ%2CLZsDN%7D%20%207%5EbBZL%207%5ECN1ZL7bDZL7-Dl%7C%2C72C%5E7L7-A%20%2CL%20%7Cr%20BlG-7ZL7-CZL%20%7Cr%20ZL%20r%7C%20ZL%20%7Cr%20ZL7%5ECZLF%5E7LZ*%5B%5D%20n%5EbBZL7%2CB7%2C7%5EFZL7%5EGlA*%5B%5Dn7%2CDsZL7-AZL7%5EEl%7CLZC%5E7-%23FsZ*W%20%20%2C%2CW*.*%7C%2ChEs%7C%2CF/*.*W%2CG7%20%2C7-DZL%2C7-A%2CB/lA7b9%5ECZL77GZL%2C%7CF%23h7%2C7DsZL%2C7-A%20%2C7-ZELQ%2C7bB%20%2C7-FlZL%7ClD-7%2CG/*.B1NZL.*/F%2C%2015*%3CZL%2C7bDZL%2C-7DZL%2C9b7AZL%2ChE%7C%3EC%5E7%2C*W%20%20%2Cla%20.SQnXyQyXQyXQyXQyXQyXyQXQyXQyX20*%3C2N%7DQ%20%20D.yX%2C%5EbE%7C%2CF/%3EBb%5E%2C7GZL7-DZL7bAZL-7bElQ%5BY%5DQyXnQyX%2CW*.*adoC%20DZL7-b9LZsE%2ChB%7C%2CG/Cn%7C%2CG/D-n%7C%2CG/Cn%7C%2CG/-Dn7%2C%7ClA7AZLh7%5EbDZ7%2Cn%7Cl-DZLn%20%2C7AZL7-E%7Cl%2C7bB%2C7-FsZL7-D7%2C%20nLDsZL7%2C%20nLZUlC%5E7%20Z%20%3DJazz-Swing%20Two/Four%3D120%3D1
962996e3-05c3-4a14-bff1-78e1a5ad127c,irealb://Take%20The%20A%20Train%3DStrayhorn%20Billy%3D%3DMedium%20Up%20Swing%3DC%3D0%3D1r34LbKcu7yX6C14C6Xy7G%7CQyX7-DZL%20lcQKyX11%237DZL%20lcKQXyQ%7CN4T%7BA*ZL%20lc%20G7%20%7D%5EF%5BB*%5D%207C%207-G%7CyQX6C2NZL%20QyXQyX7XyQK7-D%7CQL%20lcK%20x%20LZ%5BA*%5D%209b7G%207G%7CQXy7-DZL%20lcKQyX7DC6XyQZL%20x%20ZD7%2311XyQKcl%20LZD-7XyQ%7CG7XyQ%7CC6XyQ%7CD-7%20G7%20Z%3DJazz-Medium%20Up%20Swing%3D160%3D4
960b68d0-c0d4-4535-8a1f-2fb7c05b26d5,irealb://Stormy%20Monday%3DT.%20Bone%20Walker%3D%3DBlues%3DG%3D%3D1r34LbKcu7%2C9C%7C%2C7%2CXyQ9C%7C%2C9Bp%2Cp%2C7GZL7%2CbA%20%2C7G%7CQyX%2C9C%7C%2CppB9G21T%5B7C%20%2C77%2C%20A-%2C9CZL%2C7D%20%2C7-AZ%2CL7-bB%20%2C7-BZL%20%2C7XyQ%7CGG%7CQyX%2CLZG7%2C%20Eb7%2CD7%20%20%5D%20%3DBlues-Slo-Mo%3D65%3D3
96267931-ec58-487c-a0c9-06b60f125967,irealb://Stuck%20In%20The%20Middle%20%22Final%20Cut%22%3DWheel%20Stealers%3D%3DCountry%3DBb%3D%3D1r34LbKcu7%7CQyXC44CXy%7CQyXC%7CQyXCA*%7B%7CyQXC%7CQyXC%7CQyXC%7CQCXyQ%7CTi*%7CYyX7FBFXyQ%7CyXC%7CQyXCZLF%20bBQ%7CyX%2CG%7CQyXC%7CQyXCQ%7DY%5B*%7CQyXF%7CppnsyQ%7CCXppp%7Cppns%2CC%7CQyXF7%7CQyX7F%7CQyXC%7CQyp%7CBb%2CX7F%7CQC%7CQyXCXyQ%7CC%7CQyXCZL%20QyXQy%7DXQyXC%7CQyXC%7CQyXCXyQ%7CC%7CppppyXC%7CQ7XyQ%7CyXC%7B%20F%20bB%7CQyXGQ%7CyXC%7CQyXC%7CQyX7FQ%7CCXyF%7CQyXQ%7CCXyQ%7DC%20%20U%20Z%20%3DPop-Country%3D120%3D1
96cd0429-d3bb-4009-b699-cba6ba6f8c22,irealb://Tonight%2C%20I'll%20Be%20Staying%20Here%20with%20You%3DDylan%20Bob%3D%3DGospel%3DG%3D%3D1r34LbKcu7%2CC%2CF%204sG%20FA%20GSA*%7BY%20QyX%5DCF%2C%20G%7C%2CG/C%20%20G%7C%2CC%2C-7LZG4Ti*%5B%20GZL77LZG%20G%2CCZL7-A%2CB/G%2CC%2C%7CB/G%2C7-A%20G%7C%2CC%2CF/B%2CA--A%20G%7C%7C%2CC/b%7CN1G%20B%20-CB*%5B%5D%2C7G%20%20GN2%7C%7D%2CC%2CF%20G%7C%2CG/C%20b/C%2CA%2CCQ%2CF7-A%7C%2Cs%2CG%2C%7C%20%20CZLbB%20bAZL7GG%20%7C%2CC/bA%2CC/bB%20-CC9/BbusG%20G/C%20%20G/C%23%2C%7C/9D%20B/6D%3EadoC%20al%20.S.D%3CZLC/7D%20DA%20%5D%7CQ7A%2CC%207C%2C7BF%2CC%2C%7Crater%3C%20G%7CG/C%20%20%7CG%7C%2CC%2CF%20G%7CG/C%20%20Gd...%3E%20G%7C%2CG%2C%7CUGXyQ%7CXyQ%20Z%20%3D%3D74%3D2
969a1a24-fccd-4498-b656-5f484d159a25,irealb://Trees%20They%20Grow%20High%2C%20The%3DTraditional%20Irish%20(Alan%20Stivell%201972)%3D%3DIrish%3DF-%3D%3D1r34LbKcu7-FSA*64%3C*7QyXQyXQyX%5D%20F%2F7C-%20-F%3E021%20mpb%20%204XyQY%5BTi*%5BYT%7CQyXBb%20C-ZL-C%20bBZLbA%20-FLZ-C%20-FZLbE%20bAZLT34AbZLbA%20L-C%20-yQ%7CF-%20-FB*%7BY%20%20QyXQy%5DX%20%20x%20ZLQ%2CF%2F7-C%20BbLZFXbB46%3C%20x%20ZbLZF-C%20-FZLbE%20bAZL-%20C-FZLbB%20-FZL-C%20-7%2FFLE%20bAZC%20-FZ%3E%20%7DXyF%3E).rtsni(%20%2047%3C*B*%7BYQyXQyXQyXQ-%20BbLx336*la%20.S%20EbLZ*%3CZLbE%20bAZL-C%20F-ZLbB%20-FZL-C%20-F69%20D.bAZL-%20Coda%3EF-%20C-7%2FF%20%5DYY%5BQUF-%20f%20%20Z%20%3DPop-Rock%3D120%3D1
963cdf7a-6316-494b-8ed6-2b7cd5bc41ed,irealb://Turkse%20Mars%3DMozart%3D%3DPop%3DC%3D%3D1r34LbKcu7%7C%2C7B%204A-XyyX-E%7CQyX-E%7CQyXA-%7CQyX-A%7CQyX-A%7CQQ%7CE-%204TB*%7BQyX-A%7DXyQX%7CQyXC%7CQyXG%7CQyXBC*%5B%20QyXQyXQyXQyGXyQ%7CQyX-EZL-D%20%7CA-XyXF%7CQyX-A%7CQyX-AQ%7CyX-AB*%5B%5DQyXE%7CQyQ%7CA-QyXE%7CC%20D-LZA-%20ELZA-XyQZ%20%3DPop-Rock%3D130%3D1
9635353a-54d2-4020-92d5-3d3f5394e287,irealb://Donna%20Lee%3DParker%20Charlie%3D%3DUp%20Tempo%20Swing%3DAb%3D%3D1r34LbKcu7%5EbA%7CQ4Ab%5E7%7CQyX7-bBZL%20lcKyQX7bB%7CQyX7F%7CQyXEb7Xy4T%5BA*QyX7bEb-7%207F%7CQyX7%5EbA%7CQyXb7G%7CQyX7%5EbDZL7bAXyQ%7CB%7CQyX7ZL%20lcZBb-7bB%7CQyX7F%7CQyX7%5EAb%5BB*%5DQyX7bE%7CQyX7XyQKL%20lcKB%7CQyXQ%7CC7bX9b7C%7CQyX-F%7CQy9Xb7C%7CQyX-F%7CQyX9yQ%7CF-yX7hGo7XyQ%7CC-7%20F7LZBb-7%20Eb7LZAb%5E7XyQ%7CBb-7%20Eb7%20Z%3DJazz-Medium%20Up%20Swing%3D160%3D10
9643dd99-6928-43f5-85d6-7714ac3ea3b8,irealb://View%20from%20Moscow%3DRosenwinkel%20Kurt%3D%3DAfro%3DC%3D%3D1r34LbKcu7s9G%7CQT12A-%7CQyXsus7E%7CQyXFG/%7CQyXsus9G%7CQyX7A-7Xy%2CA*%2C%7B%7CQyX7%7CG/FXX9-A%7CQyX9%5EC%7CQy9X-D%7CQyXsus7E%7CQyyQ%7CE-QyXsu%7CQyXsQ%7CC%5E9yXsus%23F%2CB*%2C%5B%7DQXy7-E%7CQyX9-A%7CQyXQ%7CGsuyX9-DC%5E7%235XyQ%7CC/EbXyQ%7CF%23susXyQ%7CGsusXyQ%7CE/G%23XyQ%7CA-7XyQ%5D%20%3DJazz-Afro%2012/8%3D150%3D12
969ee4e6-fc5e-4a41-8db3-195656b680fc,irealb://Waltse%20For%20Dave%3DCorea%20Chick%3D%3DMedium%20Swing%3DC%3D%3D1r34LbKcu77E%7CQy4Bb9%23QyX11%239bA%7CQyX9D-%7CQyX5%237A%7CQyX11%7CG-9X3TA*%7ByXE/9%7CA-9XXo%23D%7CQyX7-E%7CQy7X%5EF%7C%7CQyX5%237A%7CQyyQ%7CC%5EQyX5%23L%20%7Cr%207XyQ%7CZL9%5EDB*%5B%7DQyX5%23A7%7CQyX5%239E%7CQyX6FA-9LZ%5EF%7C%7CQ7AZL7LZ%20r%7CbBZL7hFZL9CZL7GhZL9bDZL9-bAZL%209LZEh%20%7Cr%20ZQyX7-*CD-97%5EbB%7CQyX9-B%7CQy9X-C%7CQyX9%5EbD%7CQyXXyQ%7CA%5B%5D%205%23X7-bEXyQ%7Cs%237E%7CQyX96-F%7CQy7Xh%23F%5B%5D%20%205%237Gl%2Cn5XyQ%7C7%5EbA%7C%20Q%20%20C9XyQ%7CQyX9-C%7CQyXC/9-%7CFQyX9-C%7CQyX5%237G%7CF-9/-D%7CQy%5DC-9LZF-9/CLZC-9LZB7%235%20Z%5BQC-9LZF-9/CLZC%5E9%2C%20f%20%20Z%20%3DJazz-Medium%20Swing%3D142%3D3
9614d9d3-d213-4814-aaae-3262344ddce7,irealb://Weary%20Blues%20From%20Waitin'%3DWilliams%20Hank%3D%3DBluegrass%3DC%3D%3D1r34LbKcu7ZLBZL4ELZALEZLAZLEZL7BZLZBL%23FZLEZLpZLEZLZpLZE3TA*%5BLBZLEZY*BEEZLpZLAZLpZLEZpLZLAZLpZLEZLAZLLZpLZLpZLEZELZp%20%5D%20%3DPop-Bluegrass%3D95%3D6
96b61af5-b077-46ea-91cf-c2918372c43c,irealb://What%20Are%20You%20Doing%20The%20Rest%20of%20Your%20Life%3DSting%20Botti%20Version%3D%3DBallad%3DC%3D%3D1r34LbKcu7F%20ZL64%20A-7EZL%207-A%20%5B%5D%20QyXx%7CQyXZL%207obA%20ZL%20/G%23%20G4TA*%5B%20%7CZ%20%20F%5E7%20C%20ZL%2011-B%20ZL7C%20%2397%23CZL%209-D%20ZLE/Bb7b5ZL%207%5EZL5b7ZE/G%23-BZL%209-D%20ZLE/C7%20%5EFZL%207%5EF%20ZL6G%2011%20BbL%207-A%207%5EA%20LZ%20x%20E%2011-BZL%207%5EA%20Z5Lb7bB%2011-BB*%5B%5D%207b9LZ%207%5EA%20%5B%20%20E/11%20C%23%207%5EF%20ZL5b7%23F%201-1GZL%207%5E%23F%20ZL9b7LZ%20Bb-%23GZL11-B%20LZE/G9%237%23CZL%209-D%20ZLx%20%20ZL%207%5EF%20ZL6G%20%23%20C7LZ%207-A%20A%20ZL5b7b5%201AZL%207%5EbB%20ZL9%23E7%2011-BZL%207%5EF%20%5B%201%20A7%23B%20ZL%20-7%20LZ%20E/G%23%20LZ%20A-7%20LZ%20E/G%23%20LZ%20A-7%20LZ%20x%20LZ%20x%20%20%5D%20%3DJazz-Ballad%20Swing%3D85%3D3
96eb6e12-2c24-47e2-8f9c-214ccb46cbd7,irealb://Yira%20Yira%3DDiscepolo%3D%3DTango%3DD%3D%3D1r34LbKcu7L%207%23F-%2C%20F%23ZL%2C7AZL%2CDZL%2C7A-%20BZL%2C7%23F%20-BZL%2C7D%2C%20LZB42T%5BEZL%2CDZG%20LZ%20-BZLxZL%2C7%23F%20-ZBL%20DZL%207A%20ZL%20%2CDA7%2CLZL%20-BZL%2C7AZ-%2CLZF%2CGZLxZL%2CD3NB*%7CyQXQyX%5D%20%2C-BZL%2C7%23LZD%2CLBZL%2C-ZD%2CLZA7%2CLZD%2CLZ%20D%2C%7CxLZG%2CLZD%2CLZA7%2CLZD%2CLZA7%2CLZD%2CU%20Z%20%3DLatin-Argentina%3A%20Tango%3D115%3D3
962376f6-fd2e-4a84-9a57-78fd1d69640c,irealbook://Sideslips%3DLego%20Cycles%3DMedium%20Swing%3DC%3Dn%3D%5BD-7%20G7%20%7CDb-7%20Gb7%20%7CC-7%20F7%20%7CB-7%20E7%20%7CBb-7%20Eb7%20%7CA-7%20D7%20%7CAb-7%20Db7%20%7CG-7%20C7%20%7CGb-7%20B7%20%7CF-7%20Bb7%20%7CE-7%20A7%20%7CEb-7%20Ab7%20%5D
968f0570-d3fd-428f-9873-44bfc8b816ed,irealbook://%D0%96%D0%B5%D0%BB%D0%B0%D1%8E%20%D0%A2%D0%B5%D0%B1%D0%B5%20Am%3D%D0%A1%D0%B0%D1%80%D1%83%D1%85%D0%B0%D0%BD%D0%BE%D0%B2%20%D0%98%D0%B3%D0%BE%D1%80%D1%8C%3DRock%20Pop%3DA-%3Dn%3D%7B*iT44A-6%20%7CD-6%20%7CE%2C%20%7CA-%2C%20%20%20%20%20%20%20%20%20%7D%7B*AA-%20%7CD-%20%7CE7%20%7CA-%20%7CA-6%20%7CD-%2C%20%7CG7%20%7CC%20%5B*BF%20%7CD-%20%7CG7%20%7CC%20%7CF%2C%20%7CD-%20%7CE7%20%7CA-%2C%20%7C%7CA7%2C%20%7CD-%20%7CG7%20%7CC%20%7CF%2C%20%7CD-%20%7CE7%20%7CA-%2C%20%7D%5B*CA%23-%20%7CD%23-%20%7CF7%20%7CA%23-%20%7Cx%20%7CD%23-%2C%20%7CG%237%20%7CC%23%20%5B*DF%23%20%7CD%23-%20%7CG%237%20%7CC%23%20%7CF%23%2C%20%7CD%23-%20%7CF7%20%7CA%23-%2C%20%7C%7CA%237%20%7CD%23-%20%7CG%237%20%7CC%23%20%7CF%23%2C%20%7CD%23-%20%7CF7%20%7CA%23-%2C%20%5D%5B*vA%23-%2CF%23%2C%7CA%23-%20Z%20
96df3d28-17ac-46c3-8206-52f621f73ab5,irealbook://Good%20Morning%20Baltimore%3DHairspray%3DPop%3DE%3Dn%3D%5B*AT44E%20%20%20%7CE/G%23%20%20%20%7CA%20%20%20%7CC%23-/B%20B%20%7CE%20%20%20%7CE/G%23%20%20%20%7CBb-7b5%20F%23/Bb%20%7CAb7/C%20%20%20%7CC%23-%20%20%20%7CG%237/C%20%20%20%7CC%23-/B%20%20%20%7C%3Cto%20next%20page%3EA%23-7b5%20%20%20%5D%7CC%23-/B%20%20%20%7CB%20%20%20%7CB7%20%20%20%7CpppB%2C%5D%5B*BE%20%7C%20%20%7CA%20%7C%20%20%7CE%20%7C%20%20%7CB%20%7C%20%20%7CE%20%20%20%7CE/D%20%20%20%7CA/C%23%20%20%20%7CA-/C%20%20%20%7CN1E/B%20%20%20%7CB%2Cppp%5DN2E%20%20%20%7CE%20%20%20Z%5BE%20%20%20%7CE/D%20%20%20%7CA/C%23%20%20%20%7CBb-7b5%20%20%20%7CC%23-/B%20%20%20%7CB%20%20%20%5B%20%20%20%20%20%20%20%20%5B*vC%20G/B%20%7CA-7%20G/B%20%7CD%20A/C%23%20%7CD/B%20E/C%23%20%7CBsus%20%20%20%7CB%20%20%20%5D%20%20%20%20%20%20%20%20*A%20*B%20*A%20*B%20*v%20*AQ
9686f92b-8c53-4fea-8b7e-cb92b75f3fd0,irealbook://Reflection%3DMulan%3DMedium%20Swing%3DC%3Dn%3D%5B*AT44Gb%20%20%20%7CEb-%20%20%20%7CAb-%20%20%20%7CDb%20%20%20%7CGb%20%20%20%7CEb-%20%20%20%7CE%5E7%20%20%20%5DA%20%20%20%7CF%23-%20%20%20%7CB-%20%20%20%7CB-7b5%20%20%20%7CA%20%20%20%7CA%20%20%20%7CF%23-%20%20%20%7CD%20%20%20%7CD-%20%20%20%7CA%2CA/Ab%2CA/Gb%2CA/E%2C%7CD%20%20%20%7CG%20%20%20%7CE%20%20%20%7CAadd9%20%20%20%7CF%23-%20%20%20%7CD%20%20%20%7CD-%20%20%20%7CA%2CA/Ab%2CA/Gb%2CA/E%2C%7CD%20%20%20%7CD-%20%20%20%7CF%23-%2CF%23-/E%2CD%5E7/Eb%20%7CA%2CA/Ab%2CA/Gb%2C%20%7CB-7%20%20%20%7CDh%20%20%20%7CA%20%20%20Z
9675784f-2bc6-4f38-ad4d-cb85227ee950,irealbook://American%20Boy%3DEstelle%3DDisco%20Funk%3DE%3D44%3D%5B*iG6/B%20%20%20%7CB/F%23%20%20%20%7CA-9%20%20%20%7CA-69%20%20%20%5D%5B*AE%5E7%20%20%20%7CC%5E7%20%20%20%7CA-%20%20%20%7C%20%20A-/D%20%7CE%5E7%20%20%20%7CC%5E7%20%20%20%7CA-7%20%20%20%7C%20%20F%5E7%20%C2%AB%5B*BE%5E7%20%20%20%7CC%5E7%20%20%20%7CA-%20%20%20%7C%20%20A-/D%20%7CE%5E7%20%20%20%7CC%5E7%20%20%20%7CA-7%20%20%20%7C%20%20F%5E7%20%C2%AB
9619a854-cfc1-47fc-b033-d16d4b701cc9,irealbook://Merry%20Christmas%20Baby%3DBaxter-Moore%3DBlues%3DF%3Dn%3DT44%5B*AF%20%20%20%7CBb7%20%20%20%7CF%20%20%20%7CF7%20%20%20%7CBb7%20%20%20%7C%20x%20%20%7CF%20%20%20%7C%20x%20%20%7CC7%20%20%20%7C%20x%20%20%7CF%20%20%20%7C%20x%20%20%5D%5B*BF%20%20%20%7CBb7%20%20%20%7CF%20%20%20%7CF7%20%20%20%7CBb7%20%20%20%7C%20x%20%20%7CF%20%20%20%7C%20x%20%20%7CC7%20%20%20%7C%20x%20%20%7CF%20%20%20%7C%20x%20%20%5D%5B*CF%20%20%20%7CBb%20F%20%7CBb7%20F%20%7CBb7%20F%20%7CBb7%20%20%20%7C%20x%20%20%7CF%20%20%20%7C%20x%20%20%7CC7%20%20%20%7C%20x%20%20%7CF%20%20%20%7C%20x%20%20Z
96c71dbf-e62a-48a3-854d-4fa022168c8e,irealbook://What%20Are%20You%20Doing%20New%20Year's%20Eve%3F%3DLoesser%20Frank%3DJazz%3DF%3Dn%3D%7B*AT44lF%5E7%20%20%20%7CEb7%20%20%20%7CF%5E7%20F7%20%7CBb%5E7%20Eb9%20%7CF%5E7%20D-7%20%7CG7%20%20%20%7CN1C7%20C7/Bb%20%7CsA-7%2CD7%2CG-7%2CC7%2C%7D%20%20%20%20%20%20%20%20%7CN2lC7%20C7b9%20%7CF6%20E7b9%20%5D%5B%2C*B%2CA-7%20%20%20%7CB-7b5%20E7b9%20%7CA-7%20%20%20%7CB-7b5%20Bb7%20%7CA-7%20%20%20%7CD9%20%20%20%7CG7%20%20%20%7CG-7%20C7%20%5D%5B%2C*A%2CF%5E7%20%20%20%7CEb7%20%20%20%7CF%5E7%20F7%20%7CBb%5E7%20Eb9%20%7CF%5E7%20D-7%20%7CG7%20%20%20%7CC7%20C7b9%20%7CF6%20C7%20Z
96a3163d-ce55-4e0c-9dbe-a20ece088074,irealbook://Temperance%20Reel%3DTraditional%3DFiddle%20Tune%3DG%3Dn%3D%7B*AT44G**%20%20%20%7CG**%20%20%20%7CE*m*%20%20%20%7CE*m*%20%20%20%7CG**%20%20%20%7CG**%20%20%20%7CE*m*%20%20%20%7CD**%20G**%20%7D%7B*BE*m*%20%20%20%7CE*m*%20%20%20%7CD**%20%20%20%7CD**%20%20%20%7CE*m*%20%20%20%7CE*m*%20%20%20%7CE*m*%20%20%20%7CD**%20G**%20%7D
96b87bb0-9b15-4471-abe6-7cd6230e43ce,irealbook://E%20Com%20Este%20Que%20Eu%20Vou%3DComposer%20Unknown%3DSamba%3DC%3Dn%3D%7B*AT44D%5E7%20A7%235%20%7CD%5E7%20A7%235%20%7D%7CD%5E7%20A7%235%20%7CD%5E7%20A7sus%20%7C%5B*AD%5E7%20C9%20%7CD%5E7%20B7%235%20%7CE*m7*%20B7%235%20%7CE*m7*%20E*m7*/D%20%7CC%23h7%20F%237%235%20%7CB9%20%20%20%7CE*m7*%20A7%20%7CD%5E7%20A7sus%20%5D%5BB*m*%20A*m6*%20%7CG%23o7%20G7%235%20%7CE*m7*%20B7%235%20%7CE*m7*%20E*m7*/D%20%7CC%23h7%20F%237%235%20%7CB9%20%20%20%7CE*m7*%20A7%20%7CD%5E7%20%20%20%5D%7C*BA7sus%20%20%20%7CD%5E7%20G%237b5%20%7CG%5E7%20A/G%20%7CF%23*m7*%2C%20F%23o7%2C%20%5D%7CG%5E7%20C9%20%7CF%2313%2CF%237%235%2CB9%2CB7b9%2C%5D%7CE9%20A7%20%7CA*m7*%2C%20D9%2C%20%5D%7CG%5E7%20C9%20%7CF%2313%2CF%237%235%2CB9%2CB7b9%2C%5D%7CE9%20A7%20%7CA*m7*%2C%20D9%2C%20%5D%20
96996b30-808c-490d-9359-e7b282f32d47,irealbook://El%20Reloj%3DCantoral%20Roberto%3DBolero%3DC%3Dn%3D%5B*iT44C%5E%20A-%20%7CD-%20G7sus%20%7C%20%20%20r%7C%20%20%20%20%5D%7B*AC%20A-%20%7CD-%20G7sus%2CG7%7C%20%20%20r%7C%20%20%20%20%7C%7CC%20A-%20%7CD-%20G7%20%7CN1C%20A-%20%7CD-%20G7%20%7D%20%20%20%20%20%20%20%20%7CN2C%20A-%20%7CD-%20G7sus%2CG7%2C%5D%7B*BC%20%20%20%7CE7%20%20%20%7CF%20D-7%2CG7%2C%7CC%20A7%20%7CD-7%20Dh%2CG7%2C%7CE-7%20A-%20%7CD-%20Abh%2CG7%2C%7CC%5E%20%20G7%2C%7D%5B*CD-7%20G7%20%7CC%5E%20A-%20%7CD-7%20G7%20%7CC%5E%20%20U%20Z%20
96dbf76d-60d8-466b-b835-a0b768a38439,irealbook://Gold%3DBallet%20Spandau%3DMedium%20Swing%3DBb-%3Dn%3D%5B*AT44Bb-9%20%20%20%7C%20%20Eb%2CF%2C%7CBb-9%20%20%20%7C%20%20Eb%2CF%2C%7CBb-9%20%20%20%7C%20%20%20%20%7CF-%20%20%20%7CGb%20F-/Gb%20%5D%5B*BF-%20%20%20%7CGb%5E9%20%20%20%7CBb-9%20%20%20%7C%20%20%20%20%7C%20%20%20%20%7C%20%20%20%20%7C%20%20%20%20%7C%20%20%20%20%5D%20
9652d3af-aab0-4640-98c5-c87ad4c80f57,irealbook://Main%20Chords%20And%20Scales.%20One%20key%201%3DBrown%20Aaron%3DMedium%20Swing%3DC%3Dn%3D%5B%3CIonian%20or%20lydian%3EC%5E7%20%20%20%7CC%5E7%20%20%20%7C%3CLydian%3EC%5E7%2311%20%20%20%7CC%5E7%2311%20%20%20%7C%3CWhole%20tone%20or%20aug%20scale%3EC%5E7%235%20%20%20%7CC%5E7%235%20%20%20%7C%3CMixolydian%20or%20blues%3EC7%20%20%20%7CC7%20%20%20%7C%3CBlues%2C%20inv%20dim%28half%20who%29%3EC7%239%20%20%20%7CC7%239%20%20%20%7C%3CSpanish%3EC7b9%20%20%20%7CC7b9%20%20%20%7C%3CDim.%20whole%20tone%3EC7%239%235%20%20%20%7CC7%239%235%20%20%20%7C%3CLydian%20dominant%3EC7%2311%20%20%20%7CC7%2311%20%20%20%7C%3CDorian%20or%20pent.%28b3%2Cb7%2Cb4%29%3EC-7%20%20%20%7CC-7%20%20%20%7C%3CHarm%20minor%3EC-%5E7%20%20%20%7CC-%5E7%20%20%20%7C%3CLocrian%3ECh7%20%20%20%7CCh7%20%20%20%7C%3CLocrian%232%20%28m.%20Whole%20tone%29%3ECh9%20%20%20%7CCh9%20%20%20%7C%3CDim-whole%20half%3ECo7%20%20%20%7CCo7%20%20%20%7D%20%20%20%20%20%20%20%20%3Clyd%20aug%20on%20iii%3EC7%239%235%20%20%20%20%3Clyd%20aug%20on%20bvii%3EC7%2311%20%20%20%20%3Clyd%20aug%20on%20b5%3ECh7%20%20%20%20%20%3Clyd%20aug%20on%20I%3EC%5E7%235%20%20%20%20%3Clyd%20aug%20on%20biii%3EC-%5E7%20%20%20%20%3CInv%20dim%20half%20whole%3EC7b9%20
964a37a8-d6fe-408d-9310-749150c98754,irealbook://Major%207%20Practice%3DComposer%20Unknown%3DMedium%20Swing%3DC%3Dn%3D%5BT44C%5E7%20%20%20%7C%20%20%20%20%7CF%5E7%20%20%20%7C%20%20%20%20%7CBb%5E7%20%20%20%7C%20%20%20%20%7CEb%5E7%20%20%20%7C%20%20%20%20%5D%7CAb%5E7%20%20%20%7C%20%20%20%20%7CDb%5E7%20%20%20%7C%20%20%20%20%7CGb%5E7%20%20%20%7C%20%20%20%20%7CB%5E7%20%20%20%7C%20%20%20%20%7C%7CE%5E7%20%20%20%7C%20%20%20%20%7CA%5E7%20%20%20%7C%20%20%20%20%7CD%5E7%20%20%20%7C%20%20%20%20%7CG%5E7%20%20%20%7C%20%20%20%20%5D%20
969b86ed-a12c-47f8-8cec-312d44f060e0,irealbook://Minor%201-6-2-5%20%28Cycle%20Of%204Ths%29%3DComposer%20Shaun%3DMedium%20Swing%3DC%3Dn%3D%7B*AT44C-7%20%20%20%7CA%C3%B87%20%20%20%7CD%C3%B87%20%20%20%7CG7b9%20%20%20%7CF-7%20%20%20%7CD%C3%B87%20%20%20%7CG%C3%B87%20%20%20%7CC7b9%20%20%20%7CBb-7%20%20%20%7CG%C3%B87%20%20%20%7CC%C3%B87%20%20%20%7CF7b9%20%20%20%7CEb-7%20%20%20%7CC%C3%B87%20%20%20%7CF%C3%B87%20%20%20%7CBb7b9%20%20%20%7CAb-7%20%20%20%7CF%C3%B87%20%20%20%7CBb%C3%B87%20%20%20%7CEb7b9%20%20%20%7CDb-7%20%20%20%7CBb%C3%B87%20%20%20%7CEb%C3%B87%20%20%20%7CAb7b9%20%20%20%5D%7C*BGb-7%20%20%20%7CEb%C3%B87%20%20%20%7CAb%C3%B87%20%20%20%7CDb7b9%20%20%20%7CB-7%20%20%20%7CG%23%C3%B87%20%20%20%7CC%23%C3%B87%20%20%20%7CF%237b9%20%20%20%7CE-7%20%20%20%7CC%23%C3%B87%20%20%20%7CF%23%C3%B87%20%20%20%7CB7b9%20%20%20%7CA-7%20%20%20%7CF%23%C3%B87%20%20%20%7CB%C3%B87%20%20%20%7CE7b9%20%20%20%7CD-7%20%20%20%7CB%C3%B87%20%20%20%7CE%C3%B87%20%20%20%7CA7b9%20%20%20%7CG-7%20%20%20%7CE%C3%B87%20%20%20%7CA%C3%B87%20%20%20%7CD7b9%20%20%20%7D%20
9619ea0e-df5a-45ff-b2b7-782d281e7d23,irealbook://Motivos%3DPizzolante%20Italo%3DLatin%3DD%3Dn%3D%5B*AT44D%20E-%20%7CF%23-%2C%20Bh%20%7CE-%20%20%20%7CA%20%20%20%7CE-%20%20%20%7CA%20%20%20%7CD%20%20%20%7C%20x%20%20%7CD%20E-%20%7CF%23-%2C%20Bh%20%7CE-%20%20%20%7CA%20%20%20%7CE%20%20%20%7CE7%20%20%20%7CG-%20%20%20%7CA%2C%20%20%20%5D%5BD%20E-%20%7CF%23-%2C%20Bh%20%7CE-%20%20%20%7CA%20%20%20%7CF%23%20%20%20%7C%20x%20%20%7CB-%20G%23%20%7CA%2C%20D7%20%7CG%20%20%20%7CG-%20%20%20%7CD%20%20%20%7CC%20B-%20%7CE-%20%20%20%7CG-%20A%20%7CD%20%20%20%7CE-%20A%20Z%20
960eb8e0-a3c5-4f68-b6fb-a68be4463d8a,irealbook://My%20Wish%3DRascal%20Flatts%3DCountry%20Rock%20Ballad%3DE%3D44%3D%5BA%20%20%20%7CE%20%20%20%7CA%20%20%20%7CE%20%20%20%7BA%20%20%20%7CE%20%20%20%7C%20%E2%89%88%3C2%3E%20%20%7C%20%E2%89%88%3C2%3E%20%20%7CC%23-7%20A%2C%20%7CB%20%3CTo%20%3E%20%3CB%3E%20%5BC%23-7%20A%20%7CB%20%20%20%7C*BE%20F%23-7%20%7CA%20B%2C%20%7C%20%E2%89%88%3C2%3E%20%20%7CC%23-7%20A%20%7CE%20B%20%7CF%23-7%20E%20%7CB%20%3CTo%20%3EA%3CC%3E%20%5DE%20%20%20%7CD%20%20%20%7CA%20%20%20%7CF%23-7%20E%20%7CD%20C%23-7%20%7CB%20%20%20%5DE%2C%20F%23-7%20%7CA%20B%20%7C%20%E2%89%88%3C2%3E%20%20%7CC%23-7%20A%20%7CE%20B%20%7CF%23-7%20E%20%7CB%20A%20%7C%3CVamp%20%3EE%20%3C%20out%3EF%23-7%20%7CA%20B%20%C2%AB%20
96152afe-60db-4f9b-90f3-d35ffc78af83,irealbook://Pentatonica%20C-%3DGianni%20Bonelli%3DStudio%3DBb%3Dn%3D%5B*AT44Bb*m7*%20%20%20%7C%20x%20%20%7C%20x%20%20%7C%20x%20%20%7C%5BEb7%20%20%20%7C%20x%20%20%7C%20x%20%20%7C%20x%20%20%7C%5BCh%20%20%20%7C%20x%20%20%7C%20x%20%20%7C%20x%20%20%7C%5BF7%239%20%20%20%7C%20x%20%20%7C%20x%20%20%7C%20x%20%20%7C%5BDb%5E%20%20%20%7C%20x%20%20%7C%20x%20%20%7C%20x%20%20%7C%5BGb%5E%20%20%20%7C%20x%20%20%7C%20x%20%20%7C%20x%20%20%7C%5BEb*m7*%20%20%20%7C%20x%20%20%7C%20x%20%20%7C%20x%20%20%7C%5BAb9sus%20%20%20%7C%20x%20%20%7C%20x%20%20%7C%20x%20%20%7C%7CGh%20%20%20%7C%20x%20%20%7C%20x%20%20%7C%20x%20%20%7C
96db86a3-6431-42d1-b870-5f186666652b,irealbook://Purple%20Rain%3DPrince%20%3DPop%3DBb%3Dn%3D%7CT44%20Bb2%20%20%7C%20G-7%20%20%7C%20F%20%20%7CEb%20Ebsus%2CEb%7C%20Bb2%20%20%7C%20G-7%20%20%7C%20F%20%20%7CF%20n%20%7C%20T24n%20%20%7C%20%20%20%20%20%20%20%20%20%20%20%20%20%3Cchorus%3E%20%20%20%20%20%20%20%20%20%20%20%20%20%20%20%7BT44Eb%20Ebsus%20%7C%20Eb%20%20%7C%20Bb2%20%20%7C%20G-7%20%20%7C%20F%20%20%7C%20F%20%20%7CF%20n%20%7C%20T24n%20%20%7D%20
9629177f-f1ef-4ddd-878a-e06bc4f42f5b,irealbook://Romance%20de%20Barrio%3DTroilo%20Anibal%3DTango%3DD-%3Dn%3D%5B*AT34D*m*%20%20%7CD*m*/C%20%20%7CBh%20%20%7CE7%20%20%7CEh%20%20%7CA7%20%20%7CD-%2C%20%20%7CD-%2C%20%20%7CAh%2C%20%20%7CD7%2C%20%20%7CG*m*%2C%20%20%7CG*m*%2C%20G7%2C%7CC7%2C%20%20%7CC7%2C%20%20%7CF%2C%20%20%7CA7%2C%20%20%5D%5B*BD*m*%20%20%7CD*m*/C%20%20%7CBh%20%20%7CE7%20%20%7CEh%20%20%7CA7%2C%20%20%7CAh%2C%20%20%7CD7%2C%20%20%7CG*m*%2C%20%20%7CC7%2C%20%20%7CF%2C%20%20%7CF%2C%20%20%7CBb7%2C%20%20%7CA7%20%20%7CD*m*%2C%20%20%7CD*m*%2CC%2CBb7%7C*CA7%2C%20%20%7CA7%2C%20%20%7CD*m*%2C%20%20%7CD*m*%2C%20%20%7CG*m*%2C%20%20%7CC7%2C%20%20%7CF%2C%20%20%7CF%2C%20%20%7CA7%2C%20%20%7CA7%2C%20%20%7CD*m*%2C%20%20%7CD*m*%2C%20%20%7CBb7%2C%20%20%7CE7%2C%20%20%7CA7%2C%20%20%7CA7%2C%20%20%5D%5B*DG-%20%20%7CC%23o%20%20%7CD-%20%20%7CBb7%20%20%7CA7%20%20%7CA7%20%20%7CD-%20%20%7CD-%20%20%7CG-%20%20%7C%20%20%20%7C%20%20%20%7C%20%20%20%7C%20%20%20%7C%20%20%20%7C%20%20%20%7C%20%20%20Z%20
960df998-615b-407b-bb40-e18c4dda047d,irealbook://SCALES%20and%20PATTERNS%20F%3DComposer%20Unknown%3DMedium%20Swing%3DEb%3Dn%3D%5B*AT44Eb%5E%20%20%20%7CEb*m7*%20%20%20%7CEb-%5E7%20%20%20%7CAb7%20Db7%20%7D
96f1c78e-b6e8-48e7-b790-6e5704b00e23,irealbook://Twilight%20Time%3DComposer%20The%20Platters%3DMedium%20Swing%3DC%3Dn%3D%5B*iT44C%20Bb%20%7CA*m*%20G*m*%20%7CC%20Bb%20%7CA*m*%20G*m*%20%7C%7B*AF%20%20%20%7CA7%20%20%20%7CD*m*%20%20%20%7CF7%20%20%20%5D%5BBb%20Bb*m*%20%7CF%20D9%20%7CN1G9%20%20%20%7CG*m*%20C7%20%7D%7CN2G9%20C%20%7CF%20Bb*m*%2CF%2C%7B*BA7%20%20%20%7Cx%20%20%20%7CD*m7*%20%20C%23*dim*%2C%7CD*m*%2CC%23*dim*%2CD*m*%20%7CG9%20%20%20%7Cx%20%20%20%7CC%20Bb%20%7CA*m*%2CG*m*%2CC7%20%7CF%20%20%20%7CA7%20%20%20%7CD*m*%20%20%20%7CF7%20%20%20%5D%7CBb%20Bb*m*%20%7CF%20D9%20%7CN1G9%20C%20%7CF%20Bb*m*%2CF%2C%7DN2A7%20%20%20%7CG9%20C%20%7CF%20D7%20%7CG9%20C%20%7CF%20Bb*m*%20%7CF*maj7*%20%20%20%7D%20
96b5a86c-9ead-4eb5-afef-6e5bf3fab919,irealbook://Ultralocrian%20%28Hm7%29%3DJohannes%20Shaun%3DMedium%20Swing%3DC%3Dn%3D%7B*AT44Eo7%20%20%20%7C%20x%20%20%7CAo7%20%20%20%7C%20x%20%20%7CDo7%20%20%20%7C%20x%20%20%7CGo7%20%20%20%7C%20x%20%20%7CCo7%20%20%20%7C%20x%20%20%7CFo7%20%20%20%7C%20x%20%20%5D%7C*BBbo7%20%20%20%7C%20x%20%20%7CEbo7%20%20%20%7C%20x%20%20%7CAbo7%20%20%20%7C%20x%20%20%7CDbo7%20%20%20%7C%20x%20%20%7CGbo7%20%20%20%7C%20x%20%20%7CBo7%20%20%20%7C%20x%20%20%7D%20
96f2898f-de5c-48e0-977f-16c600fb832d,irealbook://When%20It's%20Sleepy%20Time%20Down%20South%3DTraditional%20ARR:%20B.%20Sharp%3DMedium%20Swing%3DEb%3Dn%3D%5B*iT44Bb7%20%20%20%7CppG7%20%7CAb%20Ab-%20%7CEb%20Eb7%20Z%7B*AT44Ab%5E7%20%20%20%7CAb-%20%20%20%7CEb%20%20%20%7CF7%20%20%20%7CBb7%20%20%20%7CppG7%20%7CN1Ab%20Ab-%20%7CEb%20Eb7%20%7D%20%20%20%20%20%20%20%20%7CN2Ab%20Ab-%20%7CEb%20D7%20%5D%5B*BG%20%20%20%7CG6%20Do/Ab%20%7CA-7%20D7%20%7CG%20D7%20%7CG%20%20%20%7CG6%20Do/Ab%20%7CA-7%20D7%20%7CG%20Eb7%20%5D%5B*AAb%5E7%20%20%20%7CAb-%20%20%20%7CEb%20%20%20%7CF7%20%20%20%7CBb7%20%20%20%7CppG7%20%7CAb%20Ab-%20%7CUEb%20%20%20Z
966918cb-2903-4fe0-a2a1-e4ace30776c6,irealbook://What%20Can%20I%20Say%20%2Cdear%3DComposer%20Unknown%3DMedium%20Swing%3DF%3Dn%3D%7B*AT44F%5E7%20%20%20%7CF%23o7%20%20%20%7CG-7%20%20%20%7CC7%20%20%20%7CG-7%20%20%20%7CC7%20%20%20%7CF%5E7%20%20%20%7CN1F%5E7%20%20%20%7CA-7%20%20%20%7CD-7%20%20%20%7CG-7%20%20%20%7CG-7%20%20%20%5D%5B*BC7%20%20%20%7CC7%20%20%20%7CF%5E7%20%20%20%7CC7%20%20%20%7D%7CN2F%5E7%20%20%20%5D%7CA-7b5%20%20%20%7CD7b9%20%20%20%7CG-7%20%20%20%7C%7CG-7%20%20%20%7CG-7%20%20%20%7CC7%20%20%20%7CF%5E7%20%20%20%7CF%5E7%20%20%20%5D%20
962ea010-57bc-4c1c-9007-ab34f922afe5,irealbook://Widow%27s%20Creek=Traditional=Fiddle%20Tune=G=n=%7b%2aAT22G%20%20%20%7cC%20%20%20%7cG%20%20%20%7cD%20%20%20%7cG%20%20%20%7cC%20%20%20%7cD%20%20%20%7cG%20%20%20%7dY%7b%2aBG%20%20%20%7cC%20%20%20%7cD%20%20%20%7cD%20%20%20%7c%7cG%20%20%20%7cC%20%20%20%7cD%20%20%20%7cG%20%20%20%7d%20
96940b9b-e52d-4b0f-9c7f-5b7d1fc133a5,irealbook://Willin'%3DGeorge%20Lowell%3DRock%3DG%3Dn%3D%5BT44D%20%20%7CC%20%20%7CG%20C%2CD%2C%7CG%20%20%20%7C%20%20%7CD%20%20%7CC%20%20%7CG%20C%2CD%2C%7CG%20%20%20%7C%20%20%7BG%2C%20D/F%23%20%7CE-%20C%20%7CG%20C%2CD%2C%7CG%20%20%20%7C%20%5BG%2C%20D/F%23%20%7CE-%20C%20%7CG%20C%2CD%2C%7CG%20%20%20%7C%20%5B*CC%20D%20%7CD%20G%20%7CT34G%2CA-7%2CB-7%2C%7CT44C%20%20%20%7C%20%7CT34C%20%20%7CT44D%20%20%20%7CC%20D/B%2CA-7%2C%7CG%20%20%20%7C%20D%20%20C%2C%7CG%20C%2CD%2C%7CG%20C%2CD%2C%7CG%2C%20C%2CD%2C%7CG%2C%20C%2CD%2C%7CN1G%20%20%20%7DN2G%20%20%20%7DN3G%20%20%20%7D%20
