id,url
a0dfc61e-450d-4c3f-8c2d-a667cf94544b,irealb://Minor%20I-VI-II-V%20Turnarounds%20Around%20the%20Cycle%3DExercise%3D%3DMedium%20Swing%3DA-%3D%3D1r34LbKcu7L7hE%20-%20F%23hla7A%207hEZL7hB%20D-ZLtla7E%207hBZL7tLZG-A44T%5BZLtlaD7altGZL7hD%20-FZLtlaG7%207hDZL7hA%20-CZLh7%20C7%207hAZhF%20-bh7LZCa7bB%207hFZL7hC%20b-E%5BYY%5D%20tla7F%207hltLZAG%20-bBAZL7hh7%20EbGZLtla7bA%207hbELZ7hbB%20-bDZLtla7b-%20EbbBZL77B%207hb7alth%23C%20-EZLtla7%23F7%20h%23CZL7h%23G%20-BZL7LZF%23D%207hbalt%20Z%20%3DJazz-Medium%20Up%20Swing%3D190%3D3
a0be06aa-566e-4926-a291-c11437023132,irealb://Do%20You%20Ever%20Think%20Of%20Me%3F=Burtnett%2C%20Kerr%2C%20Cooper%201920==Medium%20Swing=Eb==1r34LbKcu7FZL%20lbXyQK7%2DFZL%20lcKQyX7bZBL%20x%20ZL%20x%20ZL%20lcXyQKcE44T%5ByXbAZ%7CBb7XL%20x%20ZL%20lcKQyX7EbZL%20lcKQyXbE%7CQyZ%20x%20LQyX7%2DQyX7FLZAb%2DCZL%20x%20ZL%20lcKQybXEZL7bB%20%2DbA%7CQyX7XyQ%7C%20lcKQ%7CBb7XyQ%7CEbXyQKcl%20%20%5D%20=Jazz%2DMedium%20Swing=100=3
a04b1e9f-00d3-4e83-a77a-5a230c489766,irealb://Melancholy%20Blues=V%2DAB%2Dsolos%28AB%29%2Dall==Medium%20Swing=Ab==1r34LbKcu7yX%2DFlXyQ%7CC7bDs%20%2DF%7CQyX%2DF%7CyQX7C%7CQyX%2DF%7CQyX7%2CC7%2C%7C%2DFv%2A%5B%2D%20%2D%20%2D%20C7LZ%2D%20%2D%20%2D%3C%7CQyX7C%7CQXy%2DF%7CQyX7C%7CQyX%2DF%20%2D%20%2D%207bD%7CQ%2D%20%2D%20%2D%2D%20%2D%20%2D%2D%20%2D%20%2D%20%2D%20%2D%20%2D%20%2D%20%20%2D%2D%20%2D%20%2D%20%2D%20%2D%20%2D%20%2D%20%20%2D%20%2D%20%20%2D%20%2D%20QyX7b%2D%20%2D%20%2DQyX7bE%7CQyX7CZLl%20cKQyX7bD%3E%20%2D%20%2D%20%5D%5B%2AAA%20%2D%20%2D%20bAZL7ZDb7X%7CQyXbAZL7bE%207bZBL7F%20bAZL%20lcKQyE7%20EbL%20lcK%5B%5D%20%20lcl%20LZ7bEZL7E%207bB%7CQy7XbBZL%20lcKQyX7bDXyQKcKQyX7QyX7bXyQKc7bBZL%20lcKQyX7FLZ%20lcKQyX7bDZL%20lXyQ%7CE7bAB%2AAZL7byQKclL7bE%207bBZL7F%20bZAL%20lcKQyX7bDZL%20ZAb%20DX7bA%7CbXyQZ%20==0=0
a0a5ef30-5f74-4d32-9d3a-6f0b183f996a,irealb://World%20Is%20Waiting%20For%20Sunrise%2C%20The%201=Seitz%20Ernest==Dixieland=Bb==1r34LbKcu7lcKQybXyQK%20lcKQyXbBZL%20lcQKyX%29obB%28%2BFZL%20lcLZD7XB44T%7BL%20lcKbXyQ%7C1NY%7CQyX7GZL%2DF%20BbZL%297F%28%20%20%29bE%28oEC7XyQE%7CZL%20%20%2BF%20%29QKcl%20ZL%29oB%28%20%20bB%7CQyXF7%7CQyX6%2DbE2N%7CY%7D%20%20%28C%2D7yX7FZ%5D%20==0=0
a02a00a7-0cad-452e-bb20-c6573b0fc1f9,irealb://%54%6F%6D%6F%72%72%6F%77%20%28%47%69%67%29=%4D%61%72%63%6F%6E%65%20%50%61%63%6F==%52%6F%63%6B%27%6E%27%52%6F%6C%6C=%41==%31%72%33%34%4C%62%4B%63%75%37%2A%3C%5B%20%44%34%3C%2A%36%36%5A%4C%41%5A%4C%45%5A%4C%44%5A%4C%2D%23%46%4C%5A%41%3E%65%63%69%6F%76%20%79%6C%6E%4F%20%20%46%23%2D%4C%5A%34%54%69%2A%5B%45%5A%4C%44%5A%6C%20%69%6E%3E%4C%41%5A%4C%45%5A%4C%44%5A%4C%2D%23%46%5A%41%4C%41%2A%7B%20%78%5A%4C%78%5A%4C%78%5A%4C%45%5A%46%23%2D%4C%6C%41%20%33%36%5A%4C%44%3E%32%3C%2A%36%36%20%42%2A%5B%20%20%7D%20%78%5A%4C%41%5A%4C%46%2D%2F%44%5A%4C%44%3E%73%75%72%6F%68%63%65%72%50%3C%2A%36%39%20%42%2A%7B%7D%20%41%3E%73%75%72%5A%73%41%2C%41%36%2A%3C%43%2A%7B%5D%20%78%5A%4C%45%5A%4C%5A%78%4C%2D%42%5A%4C%2D%23%46%6C%7C%2C%23%47%2F%33%20%43%68%6F%4C%46%2F%2D%44%5B%7D%20%78%5A%45%4C%5A%78%4C%5A%4C%44%5A%4C%78%5A%4C%45%5A%4C%78%5A%4C%5A%41%4C%78%5A%4C%44%5A%4C%78%5A%4C%2D%23%46%5A%78%4C%5A%45%4C%5A%4C%78%5A%4C%32%20%33%36%2A%30%20%48%61%72%20%78%5A%4C%47%5A%4C%46%5A%4C%43%5A%4C%46%4C%5A%43%5A%4C%46%5A%4C%43%3E%61%63%69%6E%6F%6D%5D%7B%2A%41%3C%36%2A%3C%44%2A%42%2A%5B%7D%20%23%2D%4C%5A%44%4C%46%2F%2D%44%5A%4C%44%3E%33%20%36%36%2A%42%3C%2A%7B%7D%20%3E%78%34%38%31%2A%3C%45%5A%4C%5A%41%4C%5A%78%46%5A%4C%41%3E%36%2A%3C%43%2A%34%3E%44%4C%5A%4C%45%5A%4C%78%5A%4C%2D%42%5A%4C%2D%23%46%7C%6C%2C%23%47%2F%41%2C%41%73%5A%4C%46%2F%2D%44%5A%78%20%5D%7B%20%36%36%2A%3C%31%4E%5A%4C%78%4C%5A%78%4C%5A%78%5A%4C%45%5A%4C%78%5A%4C%41%5A%4C%78%5A%44%4C%5A%4C%78%5A%4C%2D%23%46%5A%4C%78%5A%4C%45%4C%5A%44%4C%5A%41%3E%32%20%36%45%2C%4C%5A%78%20%7D%5B%4E%32%6C%45%2C%4C%5A%73%45%2C%44%2C%7C%45%2C%44%2C%7C%6C%45%3C%2A%32%34%E2%86%93%3E%4C%5A%66%2C%55%2C%41%20%5A%20=%4A%61%7A%7A%2D%4D%65%64%69%75%6D%20%53%77%69%6E%67=%31%30%30=%31
a085a372-4ead-46ea-940e-ed48d610837c,irealb://%2E%42%65%61%75%74%69%66%75%6C%20%4C%6F%76%65%2E=%59%6F%75%6E%67%20%56%69%63%74%6F%72==%4D%65%64%69%75%6D%20%53%77%69%6E%67=%43==%31%72%33%34%4C%62%4B%63%75%37%37%43%20%73%75%2D%37%62%35%58%37%62%44%20%37%2D%47%7C%51%79%58%39%62%37%7C%44%51%79%58%2D%44%7C%51%79%58%37%41%7C%51%79%4C%5A%43%37%73%45%34%34%54%7B%7C%51%79%58%37%58%79%51%7C%45%42%20%37%45%5A%4C%46%2F%62%42%20%62%42%5A%37%4C%2D%43%20%37%2D%44%5A%4C%37%41%20%35%62%37%62%37%4C%5A%41%37%5E%46%5A%4C%5A%4C%37%41%20%79%51%7C%42%2D%35%62%37%2D%42%20%2D%44%32%4E%5B%7D%51%79%37%58%41%7C%51%79%58%37%45%7C%51%79%58%35%62%37%4C%5A%42%2D%37%58%2D%44%31%4E%44%2D%20%3C%66%69%6E%65%3E%20%4C%5A%78%58%79%51%5A%20=%4A%61%7A%7A%2D%4D%65%64%69%75%6D%20%53%77%69%6E%67=%31%30%30=%31
a03bc37a-e847-481f-b6fa-f8159c6810c3,"irealb://%42%69%6C%6C%79%20%42%6F%79%20(%4F%68,%20%57%68%65%72%65%20%48%61%76%65%20%59%6F%75%20%42%65%65%6E%20%2E%20%2E%20)%20%20%20%20%20%20%5B%23%5D=%62%65%32%73%68%61%72%70%20%41%52%52%3A==%5A%7A%20%46%69%72%73%74,%20%53%65%74%20%41%6E%20%69%52%65%61%6C%20%53%74%79%6C%65=%43==%31%72%33%34%4C%62%4B%63%75%37%6C%20%65%68%74%79%51%20%20%41%49%20%2E%67%6E%6F%73%20%72%75%6F%79%20%72%66%6F%20%79%65%6B%20%65%68%74%20%74%73%75%6A%64%74%20%69%73%20%58%30%36%2A%3C%70%20%67%6E%6F%6F%74%65%3E%20%79%20%6E%6F%20%64%72%6F%68%63%20%74%73%61%20%6C%65%68%74%20%72%6F%2F%64%6E%61%34%33%2A%3C%6F%75%72%20%73%6E%20%74%73%61%6C%20%73%69%20%58%79%51%58%79%6D%20%6F%72%74%6E%69%20%65%68%54%20%20%51%58%79%34%37%2A%3C%51%79%58%51%79%58%51%79%58%51%65%6C%6F%64%79%3E%2E%65%67%61%20%73%69%20%6F%68%65%20%6C%61%6F%73%20%65%68%74%36%34%2A%3C,%20%3E%20%6F%66%20%73%65%72%75%73%61%65%6D%20%34%20%74%73%6E%67%2E%20%53%74%20%65%6B%69%36%2A%3C%51%79%2D%6D%65%61%73%79%58%51%79%58%51%79%58%3E%2E%64%6E%65%20%68%65%74%20%74%61%20,%61%64%6F%63%20%65%72%75%51%58%79%51%58%34%20%65%68%74%6F%36%33%2A%3C%20%45%78%61%6D%20%6D%6D%20%2F%65%74%6F%4E%20%65%75%6C%42%7A%2D%7A%61%4A%20%3A%65%6C%79%74%53%20%65%6C%70%31%32%30%3E%20%20%51%79%58%36%34%37%2A%3C%34%70%2D%42%6C%75%51%79%58%51%79%58%51%79%58%51%79%58%51%79%3E%58%30%33%31%20%6D%6D%20%2F%73%73%61%72%67%65%5B%2A%69%54%34%6F%50%20,%72%41%20%72%65%74%79%20%6F%72%20%72%6F%66%65%62%20%73%65%74%6F%6E%20%70%75%6B%2D%63%69%70%20%32%20%65%68%74%20%67%6E%69%73%65%20%6C%65%74%61%6C%50(%20%79%58%43%5A%4C%79%51%7C%47%37%20%78%20%5A%4C%20%6C%63%4B%51%79%58%43%41%5B%2A%5D%51%79%58%43%7C%51%79%58%43%7C%51%79%58%4C%5A%20%78%20%58%43%3E%2E)%7C%51%79%58%37%4C%5A%47%37%58%43%5A%4C%20%6C%63%4B%51%79%58%43%5A%4C%20%63%6C%4B%51%79%58%37%47%5A%4C%20%6C%63%4B%51%79%58%79%51%7C%47%20%6C%63%4B%51,%67%6E%6F%73%63%6C%20%20%5D%6E%65%20%65%68%74%20%79%61%6C%70%20%75%6F%20%79%72%65%74%66%41%20%20%51%79%58%34%35%2A%3C%74%69%72%65%20%4B%51%79%58%43%E2%80%9D%6F%72%74%75%27%73%20%61%6E%20,%E2%80%9D%67%61%74%E2%80%9C%20%61%20%64%65%6C%6C%63%61%36%32%2A%3C%20%3E,%67%6E%69%64%6E%65%20%6F%72%20%E2%80%9C%6F%65%72%65%68%20%47%7C%51%79%58%6B%65%64%20%77%58%51%79%58%51%79%58%51%79%58%51%79%58%3E%6E%2E%67%69%73%20%61%64%6F%63%20%61%20%68%74%69%79%51%5B%51%43%72%61%6D%20,%75%74%20%61%20%43%58%79%51%4B%61%65%6C%20%6E%69%67%65%62%20%73%79%61%77%41%6C%20%20%51%79%58%32%36%2A%3C%5A%20%20%6C%63%72%6E%69%6E%67%7C%51%79%58%37%20%64%6E%65%20%20%61%20%73%6C%75%6F%79%20%65%72%65%68%77%20%6E%61%68%74%33%32%2A%3C%20%3E%6F%70%6D%65%74%20%72%65%77%6F%20%77%69%6C%6C%74%61%20%65%6E%75%70%20%70%6C%61%79%69%6E%67%20%69%74%2E%3E%58%79%51%58%79%51%58%79%51%58%79%51%58%79%51%3C%62%23%3E%20=%4A%61%7A%7A%2D%42%6C%75%65%20%4E%6F%74%65=%31%32%30=%33"
a089bf32-0f29-4bb7-ab4c-e7948caae9ed,"irealb://%44%6F%20%4C%6F%72%64,%20%4F%68%20%44%6F%20%4C%6F%72%64%20%20%20%20%20%20%20%20%20%20%20%20%20%5B%23%5D=%62%65%32%73%68%61%72%70%20%41%52%52%3A==%5A%7A%20%69%52%65%61%6C%20%53%74%79%6C%65%73%20%4F%66%66%65%72%20%43%68%6F%69%63%65%73=%47==%31%72%33%34%4C%62%4B%63%75%37%68%74%20%73%69%79%51%20%20%4E%67%6E%6F%73%20%72%75%6F%79%20%6E%6F%20%65%6F%74%6E%20%74%73%61%6C%20%65%68%74%20%65%6D%61%2E%20%49%74%20%58%38%33%2A%3C%3E%2E%74%72%61%2A%30%38%6B%65%65%52%69%20%65%68%74%20%6E%6F%20%74%65%73%74%20%73%75%6D%20%75%6F%79%20%74%61%68%74%20%79%61%6C%20%63%68%3C%20%3E%20%65%20%79%6C%6E%6F%51%58%79%51%58%65%73%20%73%69%20%6F%72%74%6E%69%20%73%69%54%68%20%20%51%79%58%34%34%2A%3C%51%79%58%51%79%74%20%75%70%20%79%58%51%79%58%6F%79%20%73%61%6F%76%69%64%65%6F%68%63%20%6F%6E%20%73%61%68%38%31%2A%3C%3E%20%74%69%20%6F%73%20,%6D%68%74%79%68%72%20%72%64%73,%20%72%70%20%6F%74%2E%4E%32%35%2A%20%72%65%61%64%79%58%51%79%58%51%79%58%51%79%58%3E%2E%41%74%20%61%20%6D%72%6F%66%72%65%70%20%6F%74%20%79%51%58%79%51%3C%74%65%67%20%75%5A%4C%47%41%2A%61%6E%73%20%4E%20%5A%4C%20%6E%20%34%34%54%69%2A%5B%20%20%79%51%58%51%79%58%3E%2E%73%64%72%6F%68%43%20%6F%6E%20%20%5D%5B%65%6D%20%2E%43%5B%5D%20%78%5A%5A%47%37%4C%5A%44%5A%4C%47%5A%4C%2D%45%5A%4C%37%42%5A%4C%5A%78%4C%47%5A%4C%47%5A%4C%78%5A%4C%78%5A%4C%43%37%4C%5A%47%4C%4C%78%5A%4C%78%4C%47%5A%4C%37%78%4C%5A%78%4C%4C%2D%45%5A%4C%37%42%5A%4C%78%5A%4C%47%5A%47%4C%5A%4C%78%5A%4C%78%5A%4C%43%5A%4C%37%47%5A%5A%47%4C%5A%44%5A%4C%47%42%2A%57%54,%73%72%51%3C%2A%36%36%74%73%61%6C%20%65%68%74%20%73%74%61%65%70%72%65%20%61%64%6F%63%20%65%68%54%20%20%51%79%58%20%34%20%62%61%5B%5D%20%78%5A%61%20%73%69%20%47%4C%5A%44%37%20%51%79%58%34%35%2A%3C%5A%20%78%55%5A%4C%5A%47%4C%37%44%5A%4C%47%5A%4C%6E%5A%4C%47%5A%4C%20%54%68%69%73%3E%2E%45%43%49%63%69%68%77%36%20%75%6E%75%73,%67%6E%6F%73%20%73%69%68%74%20%6E%6F%20%73%65%75%20%6F%74%20%65%6C%79%74%73%20%6C%61%75%3E%20%3C%2A%32%79%72%65%76%20%51%79%58%51%79%6E%67%65%73%20%79%58%3E%3A%73%74%61%65%70%65%72%20%67%6E%73%6F%20%65%68%74%20%65%6D%69%74%20%68%63%61%65%51%58%79%51%58%61%68%63%20%68%3E%32%33%31%20%35%34%58%79%51%6C%65%65%46%20%65%6D%69%54%20%65%6C%62%75%44%6F%20%64%61%6C%6C%61%42%2D%7A%7A%61%4A%20%20%2F%20%62%70%6D%2A%3C%51%79%58%58%79%51%58%79%51%58%79%51%58%79%51%58%79%51%58%79%51%58%79%51%58%79%51%58%79%51%58%79%51%20%20%3C%62%23%3E%20=%4A%61%7A%7A%2D%42%61%6C%6C%61%64%20%44%6F%75%62%6C%65%20%54%69%6D%65%20%46%65%65%6C=%31%33%32=%33"
a0a60368-1a13-42ea-a069-ef2e901d7ee6,"irealb://%49%20%52%69%64%65%20%41%6E%20%4F%6C%64%20%50%61%69%6E%74%20%20%20%20%20%20%20%20%20%20%20%20%20%20%20%20%20%20%5B%23%5D=%62%65%32%73%68%61%72%70%20%41%52%52%3A==%5A%7A%20%50%69%63%6B%20%41%20%53%74%79%6C%65%20%59%6F%75%20%4C%69%6B%65=%47==%31%72%33%34%4C%62%4B%63%75%37%68%74%20%73%69%79%51%20%20%4E%67%6E%6F%73%20%72%75%6F%79%20%66%6F%20%65%6F%74%6E%20%74%73%61%6C%20%65%68%74%20%65%6D%61%2E%20%49%74%20%58%38%33%2A%3C%2E%74%72%61%68%2A%30%38%6B%65%52%69%20%73%69%68%74%20%6E%6F%20%74%65%73%74%20%73%75%6D%20%75%6F%79%20%74%61%68%74%20%79%65%61%6C%20%63%3C%20%3E%20%65%79%6C%6E%6F%20%79%51%58%79%51%73%20%73%69%20%6F%72%74%6E%69%20%73%69%68%20%54%20%51%79%58%30%35%2A%3C%51%79%58%51%79%58%65%74%20%75%70%58%51%79%58%3E%74%74%65%6C%20%72%6F%76%69%64%68%63%20%6F%6E%20%73%61%68%34%32%2A%3C%20%74%3E%69%20%6F%73%20,%6D%68%74%79%68%72%20%65%6F%72%64%73,%70%20%6F%74%20%2A%3C%51%79%58%6F%75%20%67%65%58%51%79%58%51%79%58%3E%65%68%74%20%6D%72%66%6F%72%65%70%20%6F%74%20%79%64%61%65%72%20%74%79%51%58%79%51%79%20%67%6E%69%74%65%6C%20%74%2E%20%6D%65%61%74%72%61%74%73%20,%67%6E%6F%73%30%37%2A%20%3C%3E%2E%73%64%72%6F%68%43%20%6F%4E%20%73%6E%69%6E%67%20%61%43%2E%4E%36%33%6E%20%3E%73%65%41%22%2E%3E%58%6D%20%22%6B%61%65%72%62%22%2F%6F%72%74%6E%20%49%34%35%2A%3C%34%33%54%5B%20%51%79%58%51%79%65%61%73%75%72%22%20%72%65%74%44%5A%4C%78%5A%20%20%5D%5B%2A%5A%4C%37%44%5A%4C%78%5A%4C%47%5A%4C%78%5A%37%4C%44%5A%4C%78%5A%4C%78%5A%4C%78%5A%4C%47%41%78%4C%5A%47%4C%6E%20%5A%4C%20%5A%4C%78%5A%4C%5A%47%4C%5A%78%20%78%5A%4C%47%5A%4C%78%5A%4C%37%44%5A%4C%5A%78%4C%47%5A%4C%78%5A%4C%37%44%42%2A%5B%5D%20%5D%5B%51%44%37%4C%78%5A%4C%37%20%65%72%61%20%20%5A%58%79%51%61%65%6D%20%22%2E%43%2E%4E%22%20%32%20%65%54%68%20%20%51%79%58%32%35%2A%3C%20%20%51%79%58%73%75%72%65%73%78%55%5A%4C%47%69%72%62%20%61%64%65%64%20%65%73%74%61%65%70%65%72%20%67%6E%6F%73%37%32%3C%2A%20%3E%65%68%74%20%65%6D%69%74%20%68%63%61,%20%61%73%20%75%6C%63%6E%69%45%20%20%51%79%75%73%65%20%62%51%79%58%51%79%58%51%79%58%51%79%58%51%79%3E%58%2E%73%65%73%72%65%76%20%6E%65%65%77%74%65%3C%2A%36%30%58%61%70%20%66%65%65%32%33%2A%3C%6E%20%74%68%65%6E%65%20%6E%61%63%20%75%6F%79%20,%73%67%6F%6E%73%20%66%6F%20%74%73%65%74%72%6F%68%73%20%6A%6F%79%3E%20%6F%20%6E%65%76%51%79%58%51%79%6D%65%6E%74%69%61%20,%73%6F%70%6D%65%54,%73%65%6C%79%53%74%20%6C%61%65%52%69%20%68%74%69%77%20%67%6E%6E%64%20%3E%58%69%72%65%70%78%20%73%67%6E%69%51%58%79%51%3C%73%75%6F%69%72%61%76%20%65%68%74%20%79%6C%61%6C%69%63%65%70%73%65%20%20%51%79%58%34%37%2A%20%73%65%74%74%79%58%51%79%58%74%74%65%73%20%65%20%69%52%65%74%69%64%64%61%20%65%72%61%20%65%72%65%68%32%54%33%2A%3C%20%3E%2E%72%65%78%69%4D%20%6C%61%69%6F%6E%61%6C%68%74%20%6E%69%20%51%79%58%34%69%6E%20%74%68%58%51%79%58%51%79%58%51%79%58%51%79%58%3E%63%65%69%74%63%61%72%50%20%6C%61%65%52%69%20%65%79%51%3C%2A%37%20%73%67%6E%69,%6F%70%6D%65,%20%77%68%65%20%72%6F%20,%79%65%6B%20%65%68%74%20%65%6E%67%61%68%63%20%6E%61%63%20%75%6F%79%20%65%72%74%68%65%20%74%6E%6F%63%69%20%79%58%51%79%58%34%36%65%61%63%65%70%65%72%20%67%6E%6F%73%20%65%68%74%20%6D%65%69%74%20%79%72%65%76%65%20%64%6E%61%20%68%61%74%73%2E%3E%2A%3C%20%3E%20%31%20%6D%6D%20%79%51%58%79%51%75%6F%43%2D%70%6F%50%20%3A%65%6C%79%74%53%65%20%6C%70%6D%61%53%34%37%2A%3C%20%3E%23%62%3C%6E%74%72%79%2F%58%51%79%58%51%31%30%3E%20=%50%6F%70%2D%43%6F%75%6E%74%72%79=%31%31%30=%33"
a09489f8-bd99-40bc-9a51-8c6833111ef3,"irealb://%49%74%27%73%20%52%61%69%6E%69%6E%67,%20%49%74%27%73%20%50%6F%75%72%69%6E%67%20(%56%65%72%73%69%6F%6E%20%32)%20%20%20%20%20%20%5B%23%5D=%62%65%32%73%68%61%72%70%20%41%52%52%3A==%5A%7A%20%43%68%6F%6F%73%65%20%41%20%53%74%79%6C%65=%44==%31%72%33%34%4C%62%4B%63%75%37%73%69%20%74%49%79%51%20%20%53%68%63%20%73%69%68%74%20%72%75%6F%79%20%72%66%6F%20%79%65%6B%20%65%68%74%20%74%63%65%6C%65%61%72%74%2E%20%58%30%36%2A%3C%6E%6F%73%20%72%6C%61%73%74%20%6F%20%64%72%6F%68%63%20%74%73%61%6C%20%65%74%68%20%64%6E%61%34%33%2A%3C%20%3E%65%74%6F%6E%6E%20%79%6F%75%20%65%68%74%20%73%75%20%74%73%65%2E%3E%58%79%74%6E%69%20%73%69%68%54%20%20%51%79%58%36%2A%36%3C%51%79%58%51%79%58%51%79%58%51%79%58%51%72%6F%20%6A%75%67%61%70%20%67%20%79%61%6C%70%6F%72%64%73%20%6F%79%38%33%2A%3C%20%3E%20%65%72%61%70%65%70%72%20%6F%74%20%6D%68%74%79%68%72%20%64%6E%61%75%20%74%6F%20%68%63%20%73%65%66%49%20%20%51%65%6C%6F%64%79%3C%51%79%58%51%79%58%51%79%58%51%79%58%51%58%79%3E%2E%41%20%72%65%74%74%65%6C%20%74%61%20%2A%36%34%58%79%6D%20%65%68%74%70%30%33%2A%3C%72%75%6D%65%6E%74%20%64%64%61%20%6F%74%20%65%72%75%73%20%62%65%20,%6C%61%63%6F%76%20%72%6F%20%6C%61%74%68%65%20%3E%20%74%73%6E%69%20%5B%51%79%58%51%70%20%6E%6F%74%51%79%58%51%79%58%3E%2E%41%20%72%65%74%74%6C%65%20%65%72%6F%66%65%62%20%74%73%75%6A%20%65%58%79%51%58%79%75%2D%6B%63%69%20%6E%6F%20%64%3C%2A%36%38%20%65%6E%6F%20%65%76%61%68%20%73%65%72%75%73%65%61%6D%20%64%72%33%20%64%6E%61%20%74%73%31%20%20%63%68%6F%72%34%34%54%69%2A%61%20%73%64%72%62%65%61%74%2E%6E%22%20%73%6E%61%65%6D%20%2E%43%2E%4E%36%2A%30%3C%7C,%44,%44%73,%44%73,%44%73%3E%6F%20%63%68%6F%20%68%63%61%65%20%6C%63%4B%51%61%79%65%64%22%5B%5D%20%20%6E,%44%6C%7C,%37%41,%37,%41%37%41,%37%41%5A%4C%20%6E%73,%47%6C%3E%2A%41%44%58%79%6C%70%20%65%72%73%5A%4C%20%6E%4C%5A%44%58%79%37%41%20%44%51%5B%5D%51%79%58%44%5A%4C%37%20%41%44%5A%4C%47%20%37%41%5A%4C%47%20%44%7C%51%4C%5A%44,%73%47%20%44%5A%4C%73%69%20%64%72%37,%41%37,%73%61%6C%20%65%68%74%20%72%65%76%4F%20%20%79%51%58%35%35%2A%3C%5A%20%20%55%20%44%6C%66%7C%74%20%63%68%6F%41,%44,%44%6F%74%20%75%6F%6D%62%6F%6C%20%65%74%20%74%49%34%32%2A%3C%20%3E%2E%22%61%61%74%6D%72%65%66%22%20%61%20%64%65%6C%6C%61%63%6C%6C%73%20%79%79%73%20%61%20%3C%51%79%58%51%61%69%6E%20(%51%79%58%51%79%58%3E%2E%64%72%6F%68%63%2F%74%65%6F%6E%20%65%68%74%20)%22%64%6C%6F%68%22%58%79%51%58%79%74%73%75%73%20%38%30%2A%3C%20%51%20%20%53%6C%65%20%73%27%64%72%69%62%22%20%73%69%20%22%74%61%61%6D%72%65%66%22%20%72%6F%66%20%67%6E%61%79%65%22%2E%3E%79%58%32%36%2A%51%79%58%51%79%45%78%2E%20%53%20%6F%70%6D%65%54%20,%7A%7A%61%4A%20%79%70%73%79%47%2D%7A%7A%61%4A%20%3A%73%65%6C%79%74%31%32%36%3E%58%20%20%51%79%58%30%33%31%20%6F%51%58%79%51%3C,%65%6E%69%4C%20%64%6E%6F%63%65%53%2D%7A%61%7A%4A%20%51%79%58%51%79%58%51%79%58%34%33%2A%20%54%65%6D%70%79%58%51%79%58%79%58%51%79%58%36%58%79%51%20%58%51%79%58%3E%30%34%31%20%6F%70%6D%65%54,%20%73%73%61%72%67%65%75%6C%42%2D%70%6F%50%20%79%51%58%79%51%35%2A%3C%20%3E%32%33%2A%3C%20%58%79%51%20%20%73%64%72%6F%68%63%20%65%6D%61%73%20%65%68%20%74%73%65%73%75%20%67%6E%6F%73%20%73%69%68%54%20%61%73%20%3E%30%36%2A%3C%51%22%41%2D%54%69%73%6B%65%74,%20%41%2D%54%61%73%6B%65%74%22%2E%3E%58%79%51%58%79%51%58%79%51%58%79%51%58%79%51%3C%62%23%3E%20=%4A%61%7A%7A%2D%53%65%63%6F%6E%64%20%4C%69%6E%65=%31%33%30=%33"
a09d357f-7298-4c34-a132-cf13a295b812,irealb://%31%30%20%47%6F%20%54%65%6C%6C%20%41%75%6E%74%20%52%68%6F%64%79=%41%6D%65%72%69%63%61%6E%20%46%6F%6C%6B%20%53%6F%6E%67==%4D%65%64%69%75%6D%20%53%77%69%6E%67=%43==%31%72%33%34%4C%62%4B%63%75%37%5B%43%58%79%51%4B%63%6C%20%4C%5A%47%37%58%79%51%7C%43%58%79%51%4B%63%6C%20%4C%5A%20%78%20%4C%5A%47%37%58%79%51%7C%43%58%79%51%7D%20=%50%6F%70%2D%42%6C%75%65%67%72%61%73%73=%31%31%30=%30
a00396cd-6567-4dcb-8a52-253eb07a9628,irealb://%43%6F%72%64%65%72%6F%20%59%20%4C%65%C3%B3%6E=%57%69%6E%65%20%4E%65%77==%42%61%6C%6C%61%64%20%45%76%65%6E=%44%2D==%31%72%33%34%4C%62%4B%63%75%37%79%58%2D%47%7C%34%44%2D%2C%2A%51%79%58%46%42%2A%7B%7D%51%79%58%2D%44%5A%2D%4C%41%20%62%42%7C%51%79%58%43%7C%51%79%58%41%7C%43%58%79%51%34%54%69%2A%7B%51%7C%44%2D%58%79%51%7C%46%58%79%51%7C%43%58%79%51%7C%42%62%20%43%4C%5A%44%2D%20%20%51%20%7D%7B%51%42%62%20%43%4C%5A%44%2D%58%79%51%7D%20=%4A%61%7A%7A%2D%42%61%6C%6C%61%64%20%45%76%65%6E=%36%30=%33
a00947f4-5050-4431-96e6-5081f88e5837,irealb://%4F%68%20%56%65%6E%20%59%20%44%65%6C%65%69%74%61%74%65=%57%69%74%74%20%4D%61%72%63%6F%73==%50%6F%70%20%52%6F%63%6B=%44==%31%72%33%34%4C%62%4B%63%75%37%2E%72%6F%C3%B1%65%34%3C%2A%36%39%2C%6C%C3%88%20%6E%65%20%65%74%61%74%69%6C%65%20%64%79%20%6E%65%76%20%2C%6E%65%76%20%68%4F%20%20%C3%88%6C%20%53%34%54%41%2A%7B%36%2A%3C%42%2A%79%51%7C%47%58%20%44%5A%4C%41%20%44%7C%51%79%58%47%7C%51%58%79%44%7C%51%79%58%41%7C%51%79%58%44%7C%51%79%20%51%20%7D%5B%58%44%3E%2E%2E%C3%89%20%6E%65%20%66%C3%AD%61%20%73%61%72%65%70%73%65%20%2C%C3%A1%72%61%64%20%65%20%74%6C%C3%89%20%79%20%6C%C3%89%20%6E%65%20%6F%6C%6F%20%73%6F%6C%6F%6E%6F%43%20%39%79%58%41%7C%51%3E%42%2D%58%79%79%58%2D%23%46%7C%51%79%58%2D%42%7C%51%79%44%58%7C%51%79%58%47%7C%51%79%58%2D%23%46%7C%51%51%7C%45%58%79%20%2E%2E%2E%6C%70%20%73%61%4C%2A%41%2A%29%20%39%36%2A%3C%51%7B%7D%29%45%28%20%29%23%46%20%28%3E%41%20%6F%54%20%20%35%34%2A%3C%29%47%28%58%79%51%20%20%41%28%41%7C%51%65%74%69%63%69%6F%6E%65%73%20%64%65%20%74%75%20%63%6F%72%61%7A%C3%B3%6E%3E%45%2D%20%41%4C%5A%44%58%79%51%7D%20=%50%6F%70%2D%52%6F%63%6B=%31%31%35=%31
a047badb-9db8-492a-bbae-6d43756be5b9,irealb://%45%73%70%69%72%69%74%75%20%53%61%6E%74%6F%20%54%65%20%4E%65%63%65%73%69%74%6F=%54%72%61%64%69%74%69%6F%6E%61%6C==%42%61%6C%6C%61%64=%47==%31%72%33%34%4C%62%4B%63%75%37%42%20%43%2F%44%20%43%4C%5A%44%2F%47%5A%4C%47%6C%2C%23%46%2F%44%2C%44%2F%73%43%5A%4C%2D%41%20%2D%45%5A%4C%2D%42%20%43%2F%46%20%43%4C%5A%47%34%34%54%5B%41%20%2D%45%5A%20%41%2D%4C%5A%2F%44%5A%4C%43%6C%2C%42%2F%47%2C%44%2F%46%7B%73%5D%20%47%6C%2C%23%46%2F%44%2C%44%2F%43%73%43%20%42%2D%4C%2D%45%5A%4C%2D%2D%4C%5A%73%43%2F%44%2C%44%2F%46%23%2C%6C%47%20%7D%20=%4A%61%7A%7A%2D%42%61%6C%6C%61%64%20%53%77%69%6E%67=%36%30=%33
a059177d-9397-492a-a340-c24b1ea452ea,irealb://%54%75%20%45%72%65%73%20%4D%69%20%45%73%63%75%64%6F=%54%72%61%64%69%74%69%6F%6E%61%6C==%4D%65%64%69%75%6D%20%53%77%69%6E%67=%42%62==%31%72%33%34%4C%62%4B%63%75%37%43%7C%51%79%58%34%45%62%2C%58%2C%62%45%42%2A%5B%5D%20%3E%78%34%3C%20%20%7C%78%51%79%58%2C%62%42%7C%51%79%58%78%7C%51%79%58%79%51%7C%78%34%54%41%2A%5B%58%2C%62%42%7C%79%51%7C%46%2C%7C%51%79%58%2C%62%45%7C%51%79%58%2C%2A%6D%43%2A%7C%51%79%58%2C%62%42%43%2A%5B%5D%51%79%58%46%2C%58%79%51%58%2C%2A%6D%2A%79%51%7C%42%62%2F%44%2C%58%79%51%7C%45%62%2C%58%79%51%7C%46%2C%58%79%51%5A%20=%4A%61%7A%7A%2D%4D%65%64%69%75%6D%20%53%77%69%6E%67=%31%30%30=%33
a088fa98-8c82-4adc-8149-f96daa1c97a2,irealb://%32%37%20%48%65%27%73%20%41%20%4A%6F%6C%6C%79%20%47%6F%6F%64%20%46%65%6C%6C%6F%77%20%28%33%2D%34%20%74%69%6D%65%29%20%28%52%6F%63%6B%29%20%47=%45%6E%67%6C%61%6E%64==%57%61%6C%74%7A=%47==%31%72%33%34%4C%62%4B%63%75%37%4C%78%5A%4C%2C%4C%5A%78%4C%5A%5A%4C%43%5A%4C%78%5A%4C%47%5A%4C%78%5A%4C%5A%47%4C%78%5A%4C%37%44%5A%4C%2C%47%5A%4C%2C%43%78%4C%5A%44%37%47%34%33%54%7C%5A%47%4C%5A%78%3C%38%78%3E%20%7D%20=%50%6F%70%2D%52%6F%63%6B=%36%30=%31
a0ffb776-3a29-47c8-ab74-a38933374af4,irealb://%59%6F%75%20%43%61%6E%27%74%20%41%6C%77%61%79%73%20%47%65%74%20%57%68%61%74%20%59%6F%75%20%57%61%6E%74%20%2D%20%46%6C%69%6E%6E%65%72=%52%69%63%68%61%72%64%73%20%4A%61%67%67%65%72%2C==%50%6F%70%20%52%6F%63%6B=%41==%31%72%33%34%4C%62%4B%63%75%37%58%41%5A%4C%20%54%34%34%41%58%58%44%5A%4C%20%6C%63%4B%51%79%58%41%5A%4C%6C%20%63%4B%51%79%58%44%5A%4C%20%6C%63%4B%51%79%79%51%4B%63%6C%2C%41%2A%2C%5B%6C%63%4B%51%79%20%4C%5A%44%58%2C%5B%5D%20%20%6C%63%4B%51%79%58%44%5A%4C%6C%20%63%4B%51%79%58%41%5A%4C%20%6C%63%4B%51%79%2A%42%2C%41%58%6C%63%4B%51%79%6C%63%4B%51%79%79%51%4B%63%6C%6C%63%4B%51%79%58%41%5A%4C%20%6C%63%4B%51%58%79%44%5A%4C%20%6C%63%4B%51%79%58%41%5A%4C%20%20%4C%5A%44%58%58%44%5A%4C%20%6C%63%4B%51%79%79%51%4B%63%6C%6C%63%4B%51%79%58%44%5A%4C%20%6C%63%4B%51%58%79%41%5A%4C%20%6C%63%4B%51%79%58%44%5A%4C%20%20%4C%5A%41%58%58%42%5A%4C%20%20%4C%5A%44%58%79%51%4B%63%6C%20%20%5A%20==%30=%30
a02bc087-bf72-4135-8f90-fe59520a34ff,irealb://%4C%61%20%6D%C3%A8%72%65%20%C3%A0%20%54%69%74%69=%53%65%63%68%61%6E%20%52%65%6E%61%75%64==%43%68%61%6E%73%6F%6E%20%46%72%61%6E%C3%A7%61%69%73%65=%47==%31%72%33%34%4C%62%4B%63%75%37%41%20%5A%4C%51%54%34%34%20%47%79%58%5A%4C%20%43%20%5A%4C%20%47%20%5A%4C%79%51%58%7C%72%51%79%58%5A%4C%20%43%20%5A%4C%20%51%72%7C%58%79%2C%41%2A%2C%5B%4C%20%47%20%2C%44%20%4C%5A%58%20%20%44%20%5A%4C%20%43%20%5A%4C%20%2D%41%5A%20%4C%20%2D%45%20%5A%4C%51%79%58%7C%72%51%79%5D%5B%2C%2A%42%20%5A%4C%20%2D%5A%20%43%20%4C%5A%47%20%41%2D%4C%5A%20%41%2D%20%4C%5A%20%47%20%4C%5A%20%43%20%4C%5A%20%41%2D%20%4C%5A%20%44%20%20%5A%20==%30=%30
a0151940-f56d-42fe-8c9e-1dfdd75e2098,irealb://%4C%6F%76%65%20%54%69%6C%6C%20%54%68%65%20%45%6E%64%20%28%47%69%67%29=%50%6F%67%75%65%73%20%54%68%65==%52%6F%63%6B%20%50%6F%70=%42==%31%72%33%34%4C%62%4B%63%75%37%58%42%7C%51%79%34%3C%2A%36%36%58%42%53%41%2A%7B%7D%51%79%58%45%7C%51%79%42%58%7C%51%79%58%45%7C%51%79%58%42%3E%54%47%20%79%51%7C%45%58%34%54%69%2A%5B%79%58%42%3E%73%79%51%7C%2A%42%20%32%36%2A%3C%43%2A%7C%7C%51%79%58%45%7C%79%51%58%23%46%5A%4C%42%20%45%7C%51%79%58%23%46%63%68%6F%72%75%58%45%7C%51%79%51%79%58%45%7C%51%7C%42%58%79%79%64%6F%6C%65%6D%20%6F%6E%61%69%70%20%31%34%20%36%2A%3C%41%2A%5B%7D%20%51%20%20%45%7C%51%3E%42%58%79%51%79%58%45%7C%51%79%58%42%3E%73%7C%45%58%79%51%20%34%36%2A%3C%43%2A%7C%51%79%58%45%7C%51%58%79%23%46%5A%4C%42%20%45%7C%51%79%58%23%46%7C%63%68%6F%72%75%51%79%58%42%7C%79%58%23%46%5A%51%7C%42%58%79%51%79%58%23%46%51%7C%51%79%58%45%3E%61%64%43%6F%20%6C%61%20%2E%53%2E%44%38%30%2A%3C%7C%51%7C%45%20%42%4C%79%58%45%7C%51%7C%2C%42%2F%47%51%5D%7B%3C%2A%7D%51%79%58%45%7C%51%79%58%42%7C%51%79%58%7C%45%51%79%58%42%3E%73%75%72%6F%68%63%20%36%35%7B%42%20%20%73%79%58%45%7C%51%6C%45%58%79%51%7C%42%20%20%73%47%2F%42%2C%7C%6C%45%58%79%51%7D%5B%2C%55%2C%66%42%58%79%51%5A%20=%50%6F%70%2D%52%6F%63%6B=%31%32%37=%31
a0d66813-fb37-4b38-aff0-9ed32eae3c28,irealb://%46%65%72%72%79%20%43%72%6F%73%73%20%54%68%65%20%4D%65%72%73%65%79%20%28%42%65%6C%6F%66%66%20%61%72%72%2E%29=%4D%61%72%73%64%65%6E%20%47%65%72%61%72%64==%57%69%74%68%20%41%20%42%65%61%74=%43==%31%72%33%34%4C%62%4B%63%75%37%20%20%78%20%5A%34%3C%2A%36%36%4C%20%78%20%5A%4C%37%2D%47%20%43%3E%35%30%20%31%6B%63%6F%52%2D%70%6F%50%20%79%72%54%20%20%5A%20%78%20%4C%34%54%69%2A%5B%35%20%51%79%58%2C%20%47%2D%37%20%51%79%58%51%79%58%2E%33%20%20%51%79%58%79%51%58%2E%32%20%51%79%58%37%35%2A%3C%5A%4C%2C%34%2E%58%79%51%43%41%2A%7B%5D%2C%37%47%2C%37%79%51%20%36%2E%5A%4C%78%5A%4C%78%5A%4C%78%5A%4C%78%5A%4C%5A%78%4C%78%3E%20%20%37%20%20%51%79%58%51%79%58%43%20%73%47%2D%58%51%79%58%2E%4C%2C%43%6C%32%5A%45%2D%4C%5A%51%79%58%51%79%58%51%79%58%7D%20%78%7C%2C%2D%37%47%2C%43%73%31%4E%5A%4C%37%47%5A%4C%2D%44%58%79%51%7C%4E%4C%2C%43%6C%7C%7C%51%79%58%37%2A%42%44%2D%20%2D%45%5A%4C%37%47%20%2D%44%7C%51%79%58%43%4C%5A%37%47%20%2D%44%7C%51%79%58%43%5A%4C%37%47%58%79%51%7C%44%5B%5D%20%43%5A%58%2E%34%20%51%51%7D%5B%4E%33%2E%33%20%51%79%58%51%79%58%51%79%58%2E%32%79%51%58%30%36%2A%3C%5A%4C%37%2D%47%20%2C%43%6C%58%79%51%58%79%79%58%2C%37%47%79%51%58%79%51%20%20%35%2E%58%79%51%58%79%51%36%20%3E%78%4C%5A%78%4C%5A%78%4C%5A%78%4C%5A%78%4C%5A%55%43%20%5A%20=%50%6F%70%2D%52%6F%63%6B=%31%30%35=%31
a0377903-61ed-425c-8d43-d40b1ceb2b26,irealb://%44%69%6D%69%6E%69%73%68%69%6E%67%20%2F%54%47%4A%43=%52%65%69%6E%68%61%72%64%74%20%44%6A%61%6E%67%6F==%4D%65%64%69%75%6D%20%53%77%69%6E%67=%43==%31%72%33%34%4C%62%4B%63%75%37%20%20%6C%63%4B%34%44%37%23%35%4C%20%6C%63%4B%51%79%58%39%62%44%5A%4C%20%20%78%5A%4C%20%78%20%5A%4C%20%6C%63%4B%51%79%58%5A%43%58%79%51%34%54%41%2A%7B%41%2A%5B%5D%20%44%62%37%4C%5A%5A%4C%20%78%20%5A%4C%20%78%20%5A%4C%20%78%5A%20%4C%20%78%20%5A%4C%20%78%20%5A%4C%20%78%20%47%62%20%47%37%20%62%47%5B%7D%37%2A%3C%5B%59%79%51%4B%63%6C%4B%51%79%58%43%5A%4C%20%6C%63%4B%51%79%58%62%39%44%5A%4C%20%78%20%5A%4C%20%78%20%5A%4C%20%63%6C%20%20%5D%58%35%23%37%44%7C%51%79%58%6E%6E%67%20%3E%44%3E%66%66%69%72%3C%5A%4C%20%6C%63%4B%51%79%39%58%62%44%5A%4C%20%6C%63%4B%51%79%58%35%23%37%6E%58%79%51%7C%69%64%6E%65%32%20%79%62%20%64%43%39%23%31%31%73%6E%61%72%74%28%20%6E%6F%69%73%72%65%76%37%20%34%39%31%35%34%2A%3C%5A%20%20%78%20%5A%4C%63%72%69%62%65%20%35%23%37%47%4D%61%72%74%69%6E%20%47%69%6F%61%6E%69%29%3E%20=%4A%61%7A%7A%2D%4D%65%64%69%75%6D%20%53%77%69%6E%67=%31%30%30=%33
a07f066d-e213-4c39-a6fd-5c51af09bab1,irealb://%54%68%72%65%65%20%4C%69%74%74%6C%65%20%57%6F%72%64%73%20%2F%54%47%4A%43=%52%75%62%79%2F%4B%61%6C%6D%61%72==%4D%65%64%69%75%6D%20%53%77%69%6E%67=%43==%31%72%33%34%4C%62%4B%63%75%37%23%46%2F%37%47%58%79%51%4B%63%47%20%37%47%5A%4C%20%6C%63%4B%51%79%58%37%7C%47%51%79%58%62%45%5A%4C%20%78%20%5A%4C%20%6C%37%2F%47%4C%5A%43%34%34%54%7B%37%44%20%29%2D%20%7D%5B%2A%42%4C%20%6C%63%4B%51%79%58%46%5A%4C%20%78%20%4C%5A%20%78%20%5A%4C%20%6C%63%4B%51%79%58%37%43%5A%41%62%28%46%46%2F%37%47%20%72%65%76%20%38%5A%47%37%28%44%51%79%58%62%45%5A%4C%20%78%20%5A%4C%20%6C%4B%63%51%79%58%43%5A%4C%29%37%47%28%20%20%29%37%7C%3C%31%39%33%4C%29%2D%46%28%79%58%43%5A%4C%28%74%72%61%6E%79%58%37%47%3E%29%69%6E%61%6F%69%47%20%6E%74%69%72%61%4D%20%79%62%20%64%65%62%69%72%63%73%51%4B%63%6C%20%20%6E%6F%69%73%51%7C%47%37%58%79%51%5D%20=%4A%61%7A%7A%2D%4D%65%64%69%75%6D%20%53%77%69%6E%67=%31%30%30=%33
a01333e8-2110-4b04-93be-26ace7c67c9c,irealb://%46%65%62%72%75%61%72%79=%45%6E%67%65%6C%62%61%63%68%20%4A%65%72%72%79==%42%61%6C%6C%61%64=%46==%31%72%33%34%4C%62%4B%63%75%37%43%2F%57%6E%2C%34%73%43%2C%57%2C%43%2F%57%6E%2C%43%2F%57%6E%7C%2C%43%2F%6E%57%2C%43%2F%57%6E%7C%2C%43%2F%57%6E%2C%43%2F%7C%6E%57%2F%43%34%54%69%2A%5B%2D%43%73%20%37%41%6C%47%2D%37%6C%61%37%41%20%43%2F%37%2D%47%5A%4C%31%31%39%23%47%20%31%31%2D%44%5A%4C%74%6C%61%37%41%20%74%4C%5A%44%2D%2A%7B%59%5D%2C%2C%62%42%2F%57%7C%59%6C%42%62%20%73%75%73%33%31%43%31%4E%5A%4C%33%31%47%39%20%2D%44%6C%7C%2C%37%41%2C%37%62%41%73%20%5E%73%43%31%33%2C%2C%37%46%2C%37%2F%44%20%5E%44%62%39%20%44%39%41%2C%39%2D%45%2C%46%2F%57%2C%37%2D%47%73%4E%32%5A%4C%20%51%79%58%51%79%58%59%7D%20%35%23%31%33%2C%7C%6C%33%31%41%6C%7C%20%2C%37%2D%47%2A%42%43%2D%37%61%37%44%20%2C%37%2D%43%5A%4C%2C%31%31%23%31%33%62%44%20%2C%5E%62%42%5A%4C%2C%37%46%20%2C%6C%74%2C%4C%5A%5B%5D%20%23%43%47%2F%39%62%37%42%62%37%2C%7C%2F%37%45%5A%4C%2C%41%2F%2D%42%20%2C%37%2D%5A%42%4C%2C%74%6C%61%37%23%46%20%2C%37%2D%45%6C%47%23%2C%20%41%2C%37%2D%46%73%4C%31%31%23%39%2F%46%23%2C%20%44%5A%4C%74%6C%61%37%41%20%37%2D%47%6C%41%5B%2A%5D%2C%23%46%2F%37%44%2C%73%75%73%37%46%73%2D%31%31%20%47%5E%44%5A%4C%2C%4C%33%31%47%20%43%20%41%37%61%2C%37%41%2C%37%62%41%73%20%5E%62%42%6C%7C%37%2C%46%2C%37%2D%43%73%20%37%2D%44%5A%4C%74%6C%7C%6C%44%2D%39%2F%37%2D%47%5A%57%2C%43%73%5B%43%20%73%43%37%73%37%43%20%37%2D%47%6C%5A%4C%2C%35%23%39%20%44%39%62%33%31%41%6C%7C%2C%62%42%2F%37%43%2C%75%73%2C%51%20%2F%37%2D%47%5A%75%73%37%47%5A%2F%43%2C%7C%6E%41%20%2C%39%2D%62%45%51%79%58%37%2D%41%6C%5B%51%59%20%51%79%58%5B%43%2F%57%6E%2C%43%2F%57%62%31%33%2C%4C%57%6E%2C%43%2F%3C%55%5A%4C%2C%31%33%23%31%31%34%32%54%5A%4C%2C%43%2F%57%20%6E%20%2C%43%57%2F%20%6E%7C%51%79%58%2C%73%75%73%33%31%43%20%6E%20%57%2F%43%62%44%20%2C%73%46%49%4E%45%3E%43%20%5A%20=%4A%61%7A%7A%2D%42%61%6C%6C%61%64%20%44%6F%75%62%6C%65%20%54%69%6D%65%20%46%65%65%6C=%37%30=%33
a0c512d0-efe0-4663-a3ec-3bad86926d15,irealb://%47%6F%64%20%42%6C%65%73%73%20%54%68%65%20%43%68%69%6C%64%2D%52%65%76%20%4A%45=%48%65%72%7A%6F%67%2D%48%6F%6C%69%64%61%79==%42%61%6C%6C%61%64=%45%62==%31%72%33%34%4C%62%4B%63%75%37%2D%62%42%73%5A%34%73%45%62%5E%37%2D%62%42%5A%4C%36%62%41%6C%2C%37%62%45%5E%2C%62%45%73%5A%4C%36%62%41%6C%2C%37%62%45%2C%20%45%62%37%4C%34%54%41%2A%7B%62%45%73%31%4E%6C%45%62%37%4C%20%37%2D%46%5A%4C%39%62%37%43%20%37%2D%47%51%7C%79%58%36%2D%62%41%7C%51%79%58%5E%62%41%5A%42%62%37%4C%5A%2C%37%45%2C%37%2D%43%42%2A%5B%44%2C%6C%43%37%47%20%68%44%5A%4C%31%31%23%33%31%62%41%20%62%36%45%32%4E%7D%20%37%62%42%20%37%2D%46%5A%4C%37%62%39%20%5D%2F%37%47%2C%36%39%62%37%47%20%2F%42%4C%5A%43%37%41%2C%68%45%2C%46%2F%37%62%42%2C%37%2D%73%47%7C%2C%37%44%2C%68%41%73%20%62%42%2F%37%2D%2C%7C%6C%44%68%37%5E%2D%43%20%73%41%2A%5B%5D%43%2D%5E%37%2F%37%2D%46%5A%4C%37%43%20%37%2D%47%6C%7C%2C%44%37%2C%68%41%73%20%62%42%2F%37%2D%43%5A%4C%42%20%42%62%37%20%20%2D%43%5A%4C%41%5A%4C%37%62%62%37%2C%6C%41%42%5A%4C%37%62%45%20%37%2D%62%42%5A%4C%36%41%62%6C%2C%37%62%45%2C%5E%62%45%73%5A%4C%36%62%62%2D%37%20%45%45%2C%5E%62%45%62%42%20%37%2D%7C%41%62%2D%36%20%39%36%62%45%5A%4C%51%2C%37%62%42%20%37%46%2D%5A%4C%39%62%37%43%20%37%2D%47%7C%51%79%58%43%37%4C%5A%46%51%79%58%5E%62%46%3C%2C%55%2C%51%58%79%51%20%37%5E%45%20%73%75%73%37%62%42%5A%4C%37%42%37%20%2D%43%5A%4C%37%47%20%39%36%62%45%51%5B%20%23%31%31%4C%5A%79%58%5A%20%37%49%4E%45%3E%45%62%5E%58%79%51%5A%20=%4A%61%7A%7A%2D%42%61%6C%6C%61%64%20%44%6F%75%62%6C%65%20%54%69%6D%65%20%46%65%65%6C=%38%30=%30
a0716295-3352-4bb1-9409-eb4d3d38f240,irealb://%56%6F%63%C3%AA%20%6D%65%20%41%62%61%6E%64%6F%6E%6F%75=%56%65%6C%68%61%20%47%75%61%72%64%61%20%64%61%20%50%6F%72%74%65%6C%61==%53%61%6D%62%61=%43==%31%72%33%34%4C%62%4B%63%75%37%2D%41%5A%4C%37%34%34%43%20%3C%51%79%58%78%5A%4C%20%3E%2E%2E%75%6F%6E%6F%6E%64%61%62%61%20%65%6D%20%C3%AA%63%6F%56%38%36%2A%7C%44%2D%20%45%54%41%2A%7B%59%7C%51%79%58%37%2D%20%47%37%4C%2D%44%5A%4C%37%41%20%2D%44%7B%5A%4C%2C%37%20%41%43%5A%4C%37%47%20%46%5A%4C%37%43%20%43%5A%58%79%51%7C%47%44%7C%51%79%58%2E%61%73%6F%67%20%7D%59%59%5B%61%6D%72%61%20%61%6D%75%20%C3%A9%20%6F%7A%65%70%72%73%65%64%20%4F%51%79%58%32%37%2A%3C%42%2A%20%70%65%72%69%2C%37%41%20%43%20%20%7C%72%51%47%37%4C%5A%43%41%20%43%5A%4C%37%47%20%2D%44%7C%5A%4C%2C%41%37%20%2D%41%5A%4C%37%45%20%68%42%7C%51%79%58%37%4C%5A%58%79%20%2D%44%3E%2E%47%37%2C%20%5A%20=%4C%61%74%69%6E%2D%42%72%61%7A%69%6C%3A%20%53%61%6D%62%61=%32%30%30=%30
a0cf6e6f-3deb-4b45-8d3d-b899aed9a732,irealb://%54%75%20%46%69%64%65%6C%69%64%61%64%2E%20%28%41%6C%65%78%29=%57%69%74%74%20%4D%61%72%63%6F%73==%42%61%6C%6C%61%64=%44==%31%72%33%34%4C%62%4B%63%75%37%2F%41%28%20%44%51%58%79%51%58%20%51%79%58%51%79%58%51%79%58%51%79%58%2C%45%2D%29%2D%42%28%20%2C%44%20%20%51%79%58%51%79%41%20%28%47%29%79%58%51%79%58%79%58%2D%23%46%2D%37%20%70%45%20%45%20%51%79%58%51%79%58%51%79%58%51%79%51%58%79%58%51%79%58%44%70%2C%41%29%47%28%20%2D%28%43%23%2D%29%42%20%29%23%43%79%58%51%79%58%79%51%58%79%51%2C%42%29%41%28%20%2D%23%46%70%20%37%2D%23%20%43%29%23%44%2F%42%28%20%45%29%41%28%20%42%20%70%45%58%79%51%58%51%79%58%51%29%46%2F%23%43%79%51%58%79%51%42%28%20%23%43%20%51%79%58%51%79%58%51%79%51%58%79%58%2D%23%47%29%2D%23%44%28%20%23%46%20%29%46%23%20%28%58%51%79%58%51%20%44%23%2D%37%20%70%2C%47%23%2D%20%28%42%29%43%23%2C%70%2C%46%23%20==%30=%30
a0ac324b-0623-44db-9359-a4ace0ed2e6a,"irealb://%43%72%65%65%70%69%6E%27=%57%6F%6E%64%65%72%20%53%74%65%76%69%65==%50%6F%70%20%42%61%6C%6C%61%64=%47%62==%31%72%33%34%4C%62%4B%63%75%37%75%73%42%7C%51%34%42%73%75%73%62%47%7C%51%79%58%62%47%2F%73%75%73%42%7C%79%51%58%73%75%73%62%47%7C%51%79%58,%62%47%2F%73%75%73%58%79%34%54%69%2A%5B%20%6C%63%4B%51%79%51%7C%47%62%45%41%2A%7B%5D%51%79%58%46%2F%62%42%7C%51%58%79%62%47%2F%73%75%73%42%7C%51%79%58%73%75%73%62%2D%37%58%79%58%62%47%2F%73%73%42%7C%7C%51%58%79%51%4B%63%44%7C%51%79%58%33%31%44%5A%4C%33%31%44%20%2D,%62%41%5A%4C%62%44%20,%62%47%5A%4C%20%6C%62%2D%37%58%79%37%5E%42%5A%4C%37%5E%62%45%7C%58%79%51%7C%47%62%42%42%2A%5B%7D%51%79%58%62%42%7C%51%79%62%58%47%2F%73%75%73%42%7C%51%79%58%73%75%73%62%5E%37%58%79%51%62%47%2F%73%75,%44%2F%62%42%62%2D%36%58%79%2D%62%45%7C%51%79%58%37%5E%62%45%7C%51%79%37%58%5E%62%42%7C%51%79%58,%44%2F%62%42%7C%51%36%58%79%51%7C%45%7C%51%79%58%74%61%65%70%65%2D%37%58%79%51%58%30%37%2A%3C%51%7B%59%20%51%79%58%5D%20%20%51%20%62%45%2F%45%7C%51%79%58%37%2D%62%42%7C%79%51%20%20%52%46%7C%51%79%58%51%79%58%73%75%66%61%64%65%3E%79%58%62%47%2F%73%75%73%42%7C%51%79%58%73%73%75%62%47%7C%51%79%58,%62%47%2F%73%75%73%42%51%7C%47%62%73%20%64%6E%61%20%7D%20=%50%6F%70%2D%52%6F%63%6B=%39%35=%33"
a07b0830-3d9d-4e9b-9202-87586c0a68a7,irealb://%53%68%6F%72%74%65%6E%69%6E%27%20%42%72%65%61%64%20%2D%20%50%41%52%4B%49%4E%47%20%4C%4F%54%20%50%49%43%4B%45%52%27%53%20%20=%54%72%61%64%69%74%69%6F%6E%61%6C==%42%6C%75%65%67%72%61%73%73=%44==%31%72%33%34%4C%62%4B%63%75%37%70%61%43%20%20%44%65%66%61%75%20%47%20%5B%20%35%20%6F%70%61%43%20%20%51%58%79%2C%5D%20%44%20%5B%20%3A%79%65%4B%20%74%6C%5D%2C%58%79%51%38%31%2A%3C%20%79%58%51%79%58%20%41%20%5D%3E%42%78%69%44%2F%70%72%61%68%73%32%65%62%20%72%3A%72%41%30%36%2A%3C%20%20%51%79%58%51%79%58%72%75%63%65%3E%5B%20%37%20%6F%70%75%2D%6B%63%36%58%79%51%20%3C%20%51%79%58%51%79%58%51%79%58%3E%56%20%49%2C%20%3A%64%65%73%55%20%73%64%72%6F%68%43%20%2A%35%38%50%69%35%2A%3C%20%51%7C%51%79%58%44%73%3A%20%30%3E%7C%51%79%58%44%3E%3A%73%65%73%72%65%56%20%36%38%2A%3C%34%34%54%41%2A%5B%51%79%58%51%79%58%44%58%79%51%7C%65%74%6F%6E%20%51%79%58%44%7C%44%58%79%51%7C%3A%73%75%72%6F%68%43%20%32%37%2A%3C%42%2A%5D%7B%20%44%20%41%7C%51%79%58%44%7C%51%79%58%44%3E%44%58%79%51%5A%4C%44%20%41%7C%44%58%79%51%7C%41%20%44%20%7D%58%79%51%58%79%51%58%79%51%58%79%51%58%79%51%20%3C%62%23%3E%20=%50%6F%70%2D%42%6C%75%65%67%72%61%73%73=%31%36%30=%33
a061ec94-9961-4f56-9bc0-cae73e91a2b8,irealb://%46%6C%79%20%4D%65%20%54%6F%20%54%68%65%20%4D%6F%6F%6E%20%2D%20%46%6C%69%6E%6E%65%72=%48%6F%77%61%72%64%20%42%61%72%74==%4D%65%64%69%75%6D%20%53%77%69%6E%67=%43==%31%72%33%34%4C%62%4B%63%75%37%41%7C%51%79%58%34%41%2D%37%58%58%37%68%42%7C%51%79%58%46%7C%51%79%58%43%51%7C%79%58%37%47%7C%51%79%58%37%2D%44%7C%51%79%79%51%7C%45%37%34%54%41%2A%5B%7C%51%79%58%43%7C%44%2D%37%58%47%7C%51%79%58%37%2D%44%7C%51%79%58%37%41%51%7C%79%58%37%2D%45%7C%51%79%58%37%47%7C%51%79%37%58%79%51%7C%51%79%58%37%2D%37%45%7C%51%79%37%20%5D%5B%2A%51%79%58%46%7C%51%79%58%43%7C%51%79%58%37%7C%47%51%79%58%37%2D%44%7C%51%79%58%37%2D%41%42%7C%42%68%37%58%45%20%37%68%42%7C%51%79%58%37%2D%37%58%79%51%37%2D%44%7C%51%79%58%37%41%7C%51%79%58%37%45%2D%7C%51%79%58%37%47%7C%51%79%58%37%2D%44%7C%58%79%51%7C%47%41%7C%51%79%58%55%43%58%79%51%4B%63%6C%20%20%5A%20==%31%33%32=%33%30
a02ec848-ea4a-4f3c-addb-6bb9c2441084,irealb://%42%65%20%48%61%70%70%79%20%50%6F%6C%6B%61=%59%61%6E%6B%6F%76%69%63%2C%20%50%65%63%6F%6E%20%41%6E%64%20%54%72%6F%6C%6C%69==%47%79%70%73%79%20%53%77%69%6E%67=%46==%31%72%33%34%4C%62%4B%63%75%37%43%6C%5A%4C%46%20%46%2F%43%4C%6E%2C%62%42%6E%2C%43%73%5A%4C%43%2F%46%20%5A%46%4C%37%43%20%47%2F%37%43%5A%4C%20%78%20%5A%7C%41%2D%2C%6E%46%34%34%54%7B%5A%4C%46%2F%62%43%37%4C%5A%73%4C%62%42%2F%62%45%20%62%45%5A%4C%46%2F%62%20%42%2C%62%42%6C%7B%7D%2C%6E%2C%46%2C%46%2C%46%5A%42%62%20%42%20%2C%45%2F%37%46%2F%62%42%20%46%37%20%46%37%42%2F%62%45%20%62%45%5A%4C%20%78%20%5A%4C%2F%46%62%42%20%62%42%5A%4C%20%78%20%5A%4C%43%2F%62%4C%5A%42%62%5A%4C%20%78%20%62%42%2F%62%45%4C%5A%46%37%20%7D%6E%2C%62%42%6E%2C%62%42%7C%6E%2C%37%46%2C%6E%62%42%73%5A%4C%20%78%20%5A%4C%43%2F%37%46%7B%6C%45%62%20%20%78%20%5A%4C%45%5A%4C%20%78%2F%46%20%42%62%42%20%46%2F%37%62%42%5A%4C%20%78%20%5A%4C%42%62%2F%62%45%20%62%45%5A%4C%20%78%20%5A%4C%37%62%37%4C%5A%20%37%62%42%5A%4C%46%2F%37%62%42%42%62%4C%5A%20%5A%4C%62%42%2F%62%45%20%62%45%5A%4C%20%78%5A%20%4C%37%62%42%20%46%2F%37%62%42%5A%4C%20%78%20%78%20%4C%5A%2F%62%45%20%62%20%42%62%37%4C%5A%20%78%20%4C%5A%73%45%62%2C%6E%42%62%37%2C%6E%7C%45%62%2C%6E%45%62%2C%3C%46%69%6E%65%3E%6E%7D%20=%4A%61%7A%7A%2D%47%79%70%73%79%20%4A%61%7A%7A=%32%30%38=%31
a0521d0f-2cf0-4362-8a7f-a3f2a07abdb9,irealb://%48%61%72%64%20%54%69%6D%65%73%20%28%47%69%6C%6C%69%61%6E%20%57%65%6C%63%68%29%20%2D%20%46%6C%69%6E%6E%65%72=%57%65%6C%63%68%20%47%69%6C%6C%69%61%6E==%50%6F%70%20%2D%20%42%6C%75%65%67%72%61%73%73=%47==%31%72%33%34%4C%62%4B%63%75%37%4C%2D%45%5A%4C%54%34%34%45%2D%4C%44%5A%4C%2D%45%5A%4C%47%5A%4C%43%5A%4C%5A%44%4C%2D%45%5A%4C%47%5A%4C%43%5A%4C%44%5A%4C%5A%43%4C%5A%47%2C%41%2A%2C%5B%5A%4C%47%5A%4C%4C%5A%47%4C%5A%4C%47%5A%4C%47%5A%4C%47%2C%42%2A%2C%5B%20%51%20%79%58%51%79%58%51%79%58%51%79%58%5D%20%47%5A%47%4C%5A%47%43%5A%4C%44%5A%45%5A%4C%47%5A%5A%47%4C%5A%41%5A%4C%2D%45%2C%43%2A%2C%5B%5D%20%44%5A%4C%5A%44%4C%44%5A%4C%44%5A%4C%43%5A%4C%47%5A%4C%2D%44%4C%5A%43%4C%4C%47%5A%4C%47%2D%4C%5A%44%4C%5A%43%4C%5A%47%4C%5A%45%2D%4C%5A%44%4C%5A%43%4C%5A%43%4C%5A%44%4C%5A%44%4C%5A%47%4C%5A%47%20%5D%20==%30=%30
a05ec6d4-9ff2-44ca-9140-f84659c9f28a,irealb://%4E%6F%77%27%73%20%74%68%65%20%74%69%6D%65%20%28%45%62%29%0A%54%72%6F%6D%70%65%74%20%6F%67%20%65%75%70%68%6F%6E%69%75%6D=%50%61%72%6B%65%72%20%43%68%61%72%6C%69%65==%4D%65%64%69%75%6D%20%53%77%69%6E%67=%45%62==%31%72%33%34%4C%62%4B%63%75%37%4C%20%6C%63%4B%62%37%58%79%51%45%5A%4C%6F%41%20%20%7C%51%79%58%37%62%41%4C%5A%20%78%20%5A%4C%20%78%20%5A%4C%20%6C%63%4B%62%37%58%79%51%45%34%34%54%7B%5A%46%2D%37%58%79%51%7C%42%62%37%58%79%51%7C%45%62%37%58%79%51%7C%42%62%37%58%79%51%7D%20==%30=%34
a0bed1fa-5321-4fc7-8b6d-6bd1a3d4b2f0,irealb://%42%75%67%73%20%42%6F%77%65%72%20%44%75%65%74%20%32%35=%42%6F%77%65%72%20%42%75%67%73==%4D%65%64%69%75%6D%20%53%77%69%6E%67=%46==%31%72%33%34%4C%62%4B%63%75%37%47%20%36%46%5A%2D%37%20%43%37%2D%47%5A%4C%37%6F%62%47%20%36%46%5A%4C%37%20%43%37%2D%47%5A%4C%37%6F%62%47%20%36%46%5A%4C%37%20%43%37%4C%47%34%34%54%5B%20%36%46%5A%4C%47%2D%37%20%43%47%5A%4C%37%6F%62%47%20%36%46%5A%4C%37%43%37%20%2D%47%5A%4C%37%6F%23%46%20%36%46%5A%4C%37%2D%37%20%43%37%5A%4C%37%6F%62%51%79%58%36%62%5A%47%2D%37%20%37%46%7C%51%79%58%36%46%5A%4C%2C%37%43%20%2D%37%47%5A%4C%37%6F%62%47%20%36%46%5A%4C%37%43%58%79%51%7C%42%4C%37%6F%23%46%37%2D%47%5A%4C%79%51%7C%46%36%37%43%7C%51%79%58%37%47%5A%4C%37%44%20%36%43%2D%5A%4C%37%6F%42%20%36%62%42%5A%4C%37%46%20%20%47%62%6F%37%58%37%62%45%7C%37%2D%47%5A%4C%46%36%20%47%62%36%46%5A%4C%37%43%20%37%2D%47%5A%4C%37%62%20%47%36%46%5A%4C%37%43%20%37%2D%47%5A%4C%37%6F%20%47%62%6F%37%5A%4C%37%43%20%20%43%37%4C%5A%2C%66%2C%46%36%58%79%51%5A%20=%4A%61%7A%7A%2D%4D%65%64%69%75%6D%20%53%77%69%6E%67=%31%30%30=%31
a004345f-d1ef-4925-abd7-5700ad04387d,irealb://%43%61%72%6E%69%76%61%6C%20%28%54%68%65%20%43%61%72%64%69%67%61%6E%73%29=%50%65%74%65%72%20%53%76%65%6E%73%73%6F%6E%2C%20%4D%61%67%6E%75%73%20%53%76%65%6E%69%6E%67%73%73%6F%6E%2C%20%4E%69%6E%61%20%50%65%72%73%73%6F%6E==%50%6F%70=%44==%31%72%33%34%4C%62%4B%63%75%37%3E%6F%70%6D%65%34%34%3C%2A%37%2A%3C%34%33%54%5A%4C%6E%66%20%37%68%23%43%4C%5A%23%46%20%2D%42%3E%6F%74%61%62%75%52%20%32%37%34%41%20%74%54%69%2A%5B%59%5A%4C%37%5E%47%4C%5A%43%39%62%4C%37%41%20%2C%39%2D%45%6C%34%34%54%42%2A%7B%53%5D%6E%2C%2D%42%73%34%32%54%5A%4C%20%2C%35%5A%44%5E%39%20%20%37%68%23%43%45%41%2A%7B%7D%7D%7C%43%39%62%51%79%58%39%5E%44%5A%4C%20%6C%63%4B%51%79%2C%58%39%2D%45%6C%7B%5D%6E%2C%39%2D%42%73%20%35%4B%63%6C%20%20%20%20%7C%72%20%20%6C%61%20%2E%4B%63%6C%20%4C%79%58%51%79%58%3C%5A%4C%20%37%68%23%43%34%54%33%7C%7D%20%20%6C%63%4B%51%79%58%39%5E%44%5A%51%20%44%2E%53%51%79%58%39%2D%20%39%5E%44%5A%43%39%62%35%2C%2D%45%6C%34%34%54%42%2A%7B%59%20%20%51%79%51%58%79%58%5D%6E%2C%2D%42%73%34%32%54%5A%4C%20%39%20%41%37%4C%3E%65%6E%69%46%35%62%39%43%7C%58%79%51%72%7C%7C%72%51%79%58%5A%4C%37%5E%47%20%39%5E%44%4C%5A%37%41%20%39%2D%45%41%2A%7B%7D%20%51%79%58%58%79%51%20%7D%5A%4C%37%5E%47%58%39%2D%45%3E%2C%6E%7C%66%6C%6E%65%6B%63%6F%6C%67%34%37%2A%3C%5B%59%20%79%51%58%5D%51%79%58%6E%7C%51%79%58%2C%39%2D%45%73%70%69%65%6C%39%2D%42%73%20%51%79%58%39%5E%37%34%20%62%2C%75%74%20%2E%72%74%73%6E%69%34%37%2A%3C%5A%20%4C%78%20%3E%6E%69%20%6C%6C%69%66%20%73%64%20%74%74%69%3E%44%2A%3C%7C%51%79%20%20%2E%74%20%5D%7B%2A%41%45%20%20%3C%34%33%54%7C%7D%20%20%6C%63%4B%51%58%79%39%5E%44%5A%4C%20%6C%63%4B%51%79%58%39%2D%72%2E%20%69%2E%20%20%6C%63%4B%2D%20%20%2D%20%20%2D%20%20%2D%20%20%2D%20%20%2D%20%20%2D%20%20%2D%20%3E%43%23%68%37%20%4C%5A%6C%43%39%62%35%2C%20%4C%5A%66%55%54%32%34%42%2D%20%5A%20=%50%6F%70%2D%52%6E%42=%31%32%30=%30
a039cc99-ad1b-4fb8-8adb-46e515391d38,"irealb://%43%68%61%6E%67%65%20%59%6F%75%72%20%4D%69%6E%64%20(%70%61%67%65%20%32)=%4D%6F%6F%6E%63%68%69%6C%64==%53%6F%75%6C=%45%2D==%31%72%33%34%4C%62%4B%63%75%37%2D%62%41%20%39%2D%39%20%41%62%5E%46%20%39%5E%47%5A%4C%31%31%2D%62%41%20%2D%39%45%7C%51%79%58%39%23%37%42%5A%4C%31%31%2D%39%4C%5A%45%2D%45%6C%42%2A%7B%46,%39%5E%47%37%23%39%58%79%2D%62%41%3E%74%75%6F%20%65%64%61%66%20%64%61%6E%20%74%61%65%70%65%52%3C%20%39%2D%45%7C%51%31%31%4C%5A%73%42%5A%4C%31%31%5E%39%20%20%7D%20=%50%6F%70%2D%53%6F%75%6C=%36%34=%31"
a0866367-2e9f-40a7-87ff-57d619a2b0f9,irealb://%43%6F%75%6E%74%20%54%6F%20%54%65%6E%20%33=%44%69%63%6F%20%54%69%6E%61==%43%6F%75%6E%74%72%79=%42%2D==%31%72%33%34%4C%62%4B%63%75%37%5A%4C%2D%42%6C%34%3C%2A%36%36%20%78%20%5A%4C%20%78%20%5A%4C%20%6C%63%4B%79%51%58%2C%2D%42%73%3E%72%61%74%69%75%47%20%20%20%5D%7B%2A%41%34%54%69%2A%7C%4C%78%5A%4C%36%5A%41%36%4C%5A%5A%4C%36%41%5A%4C%5E%47%5A%4C%36%41%5A%4C%41%36%5A%4C%78%5A%4C%78%5A%4C%2D%42%5A%4C%36%41%47%5E%4C%5A%41%4C%78%5A%4C%78%78%5A%4C%2D%42%42%2D%4C%5A%78%4C%5E%47%5A%4C%78%5A%4C%2D%42%5A%4C%36%41%4C%5A%5E%47%42%2A%53%5A%4C%78%5A%4C%36%41%5A%4C%5A%41%36%4C%5A%5A%4C%2D%42%5A%20%41%2F%2D%42%5A%42%2D%4C%5A%62%47%5A%4C%51%2C%5E%47%20%36%41%5A%4C%2D%5A%42%4C%36%41%5A%4C%2D%42%5A%4C%5E%47%20%36%41%73%75%73%4C%5A%4C%36%41%5A%4C%5A%4C%2D%42%5A%5A%4E%31%42%2D%5E%47%32%4E%43%2A%7C%7D%20%78%5A%4C%78%5A%78%4C%5A%4C%78%5A%4C%78%5A%4C%78%5A%4C%78%5A%4C%4C%5A%41%36%4C%4C%47%2F%2D%42%3C%5A%4C%2D%42%5E%4C%5A%41%36%4C%5E%47%5A%4C%2D%42%5A%4C%2D%42%5A%4C%36%5A%41%4C%5E%47%5A%4C%2D%42%5A%4C%2D%42%5A%4C%2C%5A%41%36%4C%5A%47%5A%4C%2D%42%2A%31%32%44%2E%53%2E%20%61%6C%20%43%6F%64%61%3E%42%2D%2C%20%5D%58%79%51%58%79%51%58%79%51%58%79%51%20%4C%5A%51%42%2D%20%5A%20=%50%6F%70%2D%52%6F%63%6B=%31%31%38=%31
a0ca9468-5640-4907-b4c6-ecd0130795fd,irealb://%43%72%65%6F%20%45%6E%20%54%69%20%34=%4D%65%6C%67%61%72%20%4A%75%6C%69%6F==%42%61%6C%6C%61%64%20%45%76%65%6E=%43==%31%72%33%34%4C%62%4B%63%75%37%41%3E%6F%72%6F%34%41%2D%37%2C%39%36%2A%3C%7B%7D%51%79%58%39%64%64%61%47%51%7C%79%58%43%7C%51%79%58%46%7C%51%79%58%41%2A%50%72%65%20%63%34%54%69%2A%7B%47%7C%51%79%58%64%64%39%4C%5A%2A%43%5B%7D%51%79%58%2A%32%64%64%61%2A%46%4C%5A%39%64%64%61%47%20%37%2D%41%7C%51%79%58%46%6D%61%6A%37%2A%61%47%20%37%2D%46%7C%51%79%58%42%41%2D%37%58%41%7B%7D%20%20%3E%41%20%6F%54%39%36%2A%3C%47%20%7C%51%79%58%43%7C%51%79%58%36%46%7C%51%79%2D%37%2C%2A%43%2A%7B%51%79%58%61%64%64%39%58%79%51%7C%43%58%79%51%7C%47%61%64%64%39%20%3C%2A%36%39%54%6F%20%50%72%65%20%63%6F%72%6F%3E%20%20%7D%46%20%46%2D%4C%5A%43%58%79%51%5A%20=%4A%61%7A%7A%2D%42%61%6C%6C%61%64%20%45%76%65%6E=%36%30=%33
a04399cf-3f81-4163-9c3f-01571fcc28b1,irealb://%54%75%20%41%6D%6F%72%20%28%74%72%61%6E%73%66%6F%72%6D%61%20%74%6F%64%6F%20%65%6E%20%6D%69%29=%54%6F%6D%61%20%54%75%20%4C%75%67%61%72%20%54%54%4C==%57%6F%72%73%68%69%70=%47=%30=%31%72%33%34%4C%62%4B%63%75%37%41%7D%20%43%5A%34%47%58%79%51%7C%51%79%58%78%7C%51%79%58%47%41%2A%7B%7D%79%51%58%44%7C%51%79%58%47%7C%51%79%58%2D%41%7C%45%2D%20%44%4C%34%54%69%2A%7B%58%2D%41%5A%4C%42%43%20%45%2D%20%2D%42%20%2D%45%5A%4C%44%20%43%5A%4C%41%47%20%5A%4C%2D%45%20%43%5A%4C%2D%42%20%47%5A%4C%7B%43%20%41%2D%2A%5B%5D%20%2D%79%51%7D%20==%30=%30
a0197bee-524f-4e09-83c9-f7acc73c53d4,"irealb://%44%65%73%69%6C%75%73%69%C3%B3%6E=%50%61%73%73%6F%73%20%52%6F%73%61==%42%61%6C%6C%61%64=%46==%31%72%33%34%4C%62%4B%63%75%37%20%5A%4C%20%41%49%6E%74%72%6F%4C%20%39%2D%41%20%5A%4C%20%42%2F%31%31%2D%20%45%5A%4C%20%36%2D%46%20%5A%4C%20%5E%46%20%3E%5A%20%44%2D%2F%36%36%2A%3C%5B%44%20%5A%4C%20%2F%41%62%20%4C%4C%20%47%2F%36%43%20%41%2A%7B%5D%20%3E%32%3C%78%20%47%2F%39%43%20%5A%4C%20%37%2D%47%20%5A%5A%20%41%2D%37%39%23%37%62%44%43%5A%4C%20%62%4C%5A%20%42%62%42%20%31%4E%5A%4C%20%62%41%2F%39%23%37%62%20%44%5A%4C%20%41%2F%37%2D%44%20%5A%4C%20%36%2D%37%23%39%2F%47%20%41%2F%37%2D%5E%46%20%42%2A%37%62%31%33%3C%2F%39%43%20%5A%4C%20%73%75%73%39%43,%20%4E%32%5D%20%20%51%79%58%51%79%58%7D%20%3E%33%78%47%20%20%5D%5B%47%20%47%2F%36%2D%47%20%5A%4C%2D%36%20%4C%5A%23%37%62%44%20%5A%4C%20%41%2F%2D%44%20%5A%20%4C%39%2D%41%20%5A%4C%20%42%2F%31%31%2D%45%20%39%2F%41%62%20%46%20%5A%4C%20%37%20%4C%5A%20%43%39%2F%47%20%3C%78%32%3E%20%5D%5B%3C%46%69%6E%61%6C%3E%20%44%62%5E%20%4C%5A%20%43%36%2F%47%20%20%5A%20=%4A%61%7A%7A%2D%4D%65%64%69%75%6D%20%53%77%69%6E%67=%31%30%30=%33"
a0d6eeaa-3327-4a1b-b60e-8d3d488bb11c,irealb://%44%69%61%74%6F%6E%69%63%20%20%4D%6F%64%65%73%20%69%6E%20%61%20%4B%65%79%20%31%36%20%62%61%72%73=%4E%41==%53%6C%6F%77%20%42%6F%73%73%61=%43=%37=%31%72%33%34%4C%62%4B%63%75%37%34%3C%51%79%58%79%51%4B%63%6C%5A%4C%20%6C%63%4B%51%79%58%37%2D%44%7B%7D%3E%20%78%34%3C%51%79%58%7C%72%51%79%58%5A%4C%20%58%79%51%72%7C%58%37%5E%43%5B%4C%20%6C%63%4B%45%37%62%39%73%23%37%5E%46%7B%7D%20%3E%78%34%3C%51%79%58%72%7C%51%79%58%5A%4C%20%6C%63%4B%51%79%58%73%75%31%31%58%79%51%7B%7D%20%3E%78%4B%51%79%58%36%7C%58%79%51%3C%20%3E%78%34%3C%51%79%58%7C%72%51%79%58%5A%20%4C%6C%63%4B%51%79%58%37%47%7B%7D%20%3E%78%34%7D%7B%41%2D%62%72%51%79%58%5A%63%6C%20%4C%5A%58%79%51%72%7C%58%79%51%3C%34%78%3E%20%7D%7B%42%2D%37%62%35%58%79%51%4B%63%6C%20%4C%5A%58%79%51%72%7C%58%79%51%3C%34%78%3E%20%7D%20=%4A%61%7A%7A%2D%45%76%65%6E%20%38%74%68%73=%31%32%30=%31
a0d0990b-0091-4f7f-a7dc-8bf64aa12bd2,irealb://%44%72%65%61%6D%20%41%20%4C%69%74%74%6C%65%20%44%72%65%61%6D%20%4F%66%20%4D%65%20%32=%53%63%68%77%65%6E%64%74%2D%41%6E%64%72%65%2D%4B%61%68%6E==%53%6C%6F%77%20%53%77%69%6E%67=%43==%31%72%33%34%4C%62%4B%63%75%37%58%46%5A%4C%20%34%43%58%79%51%37%41%7C%51%79%58%37%42%51%79%58%43%7C%51%58%79%37%47%51%79%58%37%6F%41%7C%51%79%58%37%42%58%79%51%20%78%34%54%41%2A%7B%62%41%51%79%58%4C%5A%46%2D%36%20%20%78%20%51%79%58%39%47%7C%51%79%58%39%41%62%51%79%58%43%31%4E%5A%4C%20%78%20%51%79%58%7D%7C%4E%32%43%51%79%58%51%79%3C%20%20%37%62%5A%43%58%79%51%37%2D%62%42%7C%51%79%58%2C%2D%46%51%79%58%62%2C%41%6C%42%2A%7B%5D%2C%37%62%45%73%20%20%43%2C%58%79%51%45%4C%37%47%20%39%58%37%47%51%79%7C%41%62%58%79%51%79%58%37%42%51%79%58%43%41%2A%5B%5D%51%58%79%37%47%51%79%58%37%62%41%5A%4C%51%79%58%51%7C%41%6F%37%58%7D%20%3E%78%33%39%62%41%51%79%79%51%42%37%58%78%20%51%79%58%36%2D%46%5A%4C%51%79%58%51%58%79%46%5A%4C%20%78%20%51%79%58%37%41%7C%51%79%20%4C%5A%43%58%58%43%7C%51%79%20%47%37%4C%5A%43%58%79%51%43%2C%58%79%51%5A%20==%30=%30
a08a5501-2ec5-476d-b767-ddb8ee973cb1,irealb://%45%56%45%52%59%54%48%49%4E%47%20%48%41%50%50%45%4E%53%20%46%4F%52%20%54%48%45%20%42%45%53%54=%48%4F%4C%49%44%41%59%20%42%49%4C%4C%49%45==%4D%65%64%69%75%6D%20%53%77%69%6E%67=%43==%31%72%33%34%4C%62%4B%63%75%37%51%79%58%41%7C%20%41%23%6F%37%7C%51%79%58%46%7B%5A%4C%37%45%20%2D%42%5A%37%4C%6F%23%41%20%41%5A%4C%37%45%20%2D%42%5A%4C%45%37%58%79%51%41%34%34%54%5B%58%41%7C%51%79%58%79%51%7C%42%79%58%44%7C%7D%20%37%45%20%2D%42%5A%4C%37%23%6F%41%20%41%5A%4C%37%45%20%46%7C%51%79%58%2D%51%7C%44%2D%58%37%6F%23%41%7C%79%58%37%45%7C%37%58%79%51%7C%6F%6C%6F%73%3C%5B%7C%51%79%58%37%45%5A%4C%20%46%37%45%7C%51%79%58%37%42%7C%51%79%58%37%42%3E%46%58%79%51%23%46%7C%51%79%58%44%3E%7A%6F%51%7C%41%23%6F%37%45%20%2D%42%5A%4C%37%6F%23%41%20%41%5A%37%4C%45%20%46%7C%51%79%58%2D%42%7C%51%79%58%37%20%5D%7C%3C%76%79%58%41%7C%51%51%79%58%46%5B%58%79%51%7C%41%45%5A%4C%46%20%37%45%7C%51%79%58%37%42%7C%79%51%58%37%42%7C%51%79%58%37%23%46%7C%51%79%58%37%58%79%51%7C%2D%44%7C%51%79%20%41%7C%5D%20%51%7C%41%58%79%5A%4C%37%6F%23%41%20%41%5A%4C%37%45%20%46%51%7C%79%58%2D%42%7C%51%79%58%37%6F%23%41%7C%51%42%2D%20%45%37%79%58%37%45%7C%20%2C%55%2C%20%5A%20==%30=%30
a035da58-3b54-450d-8afe-7c0e148fcf33,irealb://%45%64%65%72%6C%65%7A%69=%42%72%65%67%6F%76%69%63%20%47%6F%72%61%6E==%47%79%70%73%79%20%53%77%69%6E%67=%44%2D==%31%72%33%34%4C%62%4B%63%75%37%51%79%58%51%79%34%44%2D%20%43%5A%4C%37%41%20%46%5A%4C%20%5A%4C%62%42%5A%2D%4C%47%5A%4C%2D%44%5A%4C%2D%47%5A%4C%46%5A%4C%44%2D%20%7D%58%34%54%41%2A%7B%58%79%51%4C%5A%2A%42%46%4C%5A%47%4C%5A%44%2D%20%47%2D%2C%4C%5A%78%4C%5A%78%4C%5A%58%79%51%4C%5A%42%62%4C%5A%47%2D%4C%5A%46%20%41%37%4C%5A%44%2D%20%7C%20==%38%32=%30
a03cc769-c6a0-4cee-9ba7-8ed2ff7cca6e,"irealb://%45%73%74%65%20%4D%75%65%72%74%6F%20%4E%6F%20%4C%6C%65%76%61%20%4D%61%73=%43%61%6D%70%6F%73%20%41%6C%65%78==%46%75%73%69%6F%6E=%47%2D==%31%72%33%34%4C%62%4B%63%75%37%39%36%2A%3C%42%34%3C%2A%36%39%79%58%51%79%58%51%79%58%7D%20%46%5A%4C,%62%39%42%20,%39%2D%47%3E%20%6F%72%74%6E%49%20%51%4C%5A%7B%2A%34%54%41%2A%7B%47%3E%6F%72%6F%6F%66%61%73%3E%39%36%2A%3C%43%2A%5A%4C%20%51%79%58%51%79%7D%58%20%37%44%5A%4C%46%5A%4C%2D%47%5A%4C%2D%47%20%50%72%65%63%72%74%73%45%20,%2D%47%5A%4C%2D%4C%5A%46%58%4C%46%5A%4C%62%42%3E%20%6F%72%6F%43%20%39%2A%36%3C%44%2A%7B%20%20%51%79%58%51%79%58%51%79%5A%4E%31%43%2D%47%5A%4C,%2D%20%7D%4E%32%45%62%4C%5A%58%79%51%58%79%51%7B%2A%41%54%34%34%3C%2A%36%39%20%49%6E%74%72%6F%20%3E%47%2D%39,%20%42%62%39,%4C%5A%46%20%7D%20=%50%6F%70%2D%53%6F%75%6C=%37%35=%33"
a0f5a10b-da73-455c-87f2-5c886cdb30c5,irealb://%4C%65%74%20%49%74%20%53%6E%6F%77%21%20%20%6A%61=%43%61%68%6E%2D%53%74%79%6E%65==%4D%65%64%69%75%6D%20%53%77%69%6E%67=%46=%30=%31%72%33%34%4C%62%4B%63%75%37%5A%4C%37%43%20%34%46%5E%37%20%6F%62%41%20%41%2F%46%5A%4C%20%78%20%3E%6D%62%70%20%30%32%31%34%37%2A%3C%5A%4C%43%2F%2D%47%37%4C%5A%47%2D%34%54%41%2A%7B%58%51%79%58%7D%6F%37%4C%5A%47%20%2C%5E%46%6C%31%4E%7C%2C%37%43%2C%2D%47%37%2C%44%2C%2D%41%73%5A%4C%37%6F%62%41%20%37%2D%47%2D%2F%43%20%23%46%20%2D%47%37%5E%43%5A%4C%58%79%51%7C%4E%5A%4C%39%23%37%41%20%2D%45%5A%4C%47%2F%2D%20%44%37%5E%43%42%2A%5B%5D%20%37%47%20%5E%46%32%44%2D%20%47%37%51%79%58%51%79%43%2F%2D%47%20%4C%5A%43%5E%37%5B%59%5D%20%37%43%20%2D%47%5A%4C%37%47%20%44%37%5A%4C%37%41%20%2D%45%5A%4C%47%2F%2D%44%20%2A%41%46%5E%37%47%2F%2D%44%20%47%2C%37%44%2C%4C%5A%46%2F%41%37%6F%62%41%20%2D%47%5A%4C%37%6F%23%46%20%47%2D%5A%4C%37%43%20%2D%47%5A%4C%37%6F%62%41%20%4C%5A%73%41%2D%20%78%20%5A%4C%45%6C%7B%5A%4C%2C%7C%6C%46%5E%20%5A%4C%20%2C%37%43%20%2C%2D%47%20%2C%37%20%44%2C%2D%41%51%7C%59%5A%20%43%2F%2D%47%20%2C%20%78%58%79%51%37%43%51%2C%2D%3C%51%79%58%2C%79%51%3C%2A%32%7C%7D%51%79%58%51%79%58%6E%6C%5A%4C%36%46%20%73%20%36%45%3E%39%62%20%51%79%58%51%79%58%31%6C%45%62%36%39%58%2C%39%36%62%43%20%64%6C%6F%51%58%79%51%20%41%20%79%65%6D%61%4A%3C%5A%51%79%58%51%79%6E%58%6C%55%5A%4C%36%46%73%20%20%36%45%3E%39%62%65%62%65%72%73%79%58%31%32%2A%68%72%69%73%74%6D%61%73%3E%20=%4A%61%7A%7A%2D%4D%65%64%69%75%6D%20%53%77%69%6E%67=%31%33%35=%33
a0325275-ed82-47b2-88a3-1a5549eb904f,irealb://%47%72%6F%75%70%20%38%42%20%59%65%73%20%53%69%72%2C%20%54%68%61%74%27%73%20%4D%79%20%42%61%62%79=%57%61%6C%74%65%72%20%44%6F%6E%61%6C%64%73%6F%6E%2C%20%47%75%73%20%4B%61%68%6E%20%31%39%32%35==%4D%65%64%69%75%6D%20%53%77%69%6E%67=%45%62==%31%72%33%34%4C%62%4B%63%75%37%37%62%42%7C%51%34%45%62%58%79%4C%20%6C%63%4B%51%79%58%37%62%42%5A%4C%20%63%6C%4B%51%79%58%37%62%42%5A%4C%20%6C%63%4B%51%5A%45%62%58%79%34%54%41%2A%5B%6C%63%4B%51%79%2A%41%45%62%58%20%6C%63%4B%51%79%58%37%62%42%5A%4C%20%6C%4B%63%51%79%58%37%62%42%5A%4C%20%6C%63%4B%51%79%4C%5A%45%62%58%5B%5D%51%79%58%20%6C%63%4B%51%42%45%62%37%58%5A%4C%20%6C%63%4B%51%79%58%37%46%5A%4C%20%63%6C%4B%51%79%58%62%41%5A%4C%20%6C%63%4B%51%79%42%62%37%58%79%2A%5B%5D%20%20%20%20%6C%63%4B%45%62%58%79%51%5A%4C%20%6C%63%4B%51%79%58%37%62%42%5A%4C%6C%20%63%4B%51%79%58%37%62%42%5A%4C%20%6C%63%4B%45%62%58%79%51%41%2A%5B%5D%20%5D%20=%4A%61%7A%7A%2D%4D%65%64%69%75%6D%20%53%77%69%6E%67=%31%36%35=%33
a03eb4f5-31e0-4f4a-9c74-096e04492cb1,irealb://%48%61%6C%6C%65%6C%75%6A%61%68%2C%20%49%20%4C%6F%76%65%20%48%65%72%20%53%6F%20%E2%80%94%20%47%48%33%4B=%43%68%61%72%6C%65%73%20%52%61%79==%52%27%6E%27%42=%45==%31%72%33%34%4C%62%4B%63%75%37%37%45%20%45%5A%32%3C%20%3E%45%20%41%5A%4C%23%47%2F%37%45%20%45%41%2A%7B%20%7D%37%6F%23%41%20%41%5A%4C%23%47%2F%37%45%20%41%23%6F%37%4C%32%54%69%2A%7B%2F%37%23%47%20%41%20%41%23%6F%6C%2C%37%6F%23%41%73%5A%4C%20%6E%2C%41%5A%20%4C%6E%2C%37%45%5A%4C%20%6E%2C%45%53%5A%4C%37%6E%20%4C%5A%45%5A%4C%23%47%2F%51%79%58%51%79%23%2D%20%41%37%7D%2C%23%44%2F%37%42%73%2C%73%75%73%39%42%20%73%45%31%4E%5A%4C%37%42%20%37%23%46%7C%5D%20%20%3C%20%3E%58%43%5A%4C%23%44%6E%2C%45%5A%4C%5A%4E%32%6C%45%6F%23%41%73%5A%4C%20%6E%2C%41%6C%42%2A%5B%20%20%51%79%58%51%79%58%5D%20%23%47%2F%37%45%20%37%2C%6C%6E%20%4C%20%51%79%58%37%45%20%2C%45%20%73%20%4C%5A%23%44%2F%37%42%20%6E%5A%4C%20%6E%2C%39%23%5A%46%4C%20%6E%2C%39%47%5A%4C%20%6E%2C%39%41%6C%2C%4C%5A%7B%6C%37%45%5A%4C%20%37%45%5A%4C%20%41%20%3C%44%2E%5B%20%20%51%79%58%51%79%58%7D%20%37%6F%23%3E%41%2E%64%6E%45%20%64%6E%32%20%6C%61%20%2E%53%2A%43%45%2C%6E%5A%4C%23%47%2F%37%42%20%37%23%41%2C%6E%20%4C%20%2D%23%43%5A%4C%23%44%2F%37%23%47%20%45%7C%6C%2C%37%42%73%20%6E%6C%2C%37%6F%23%41%73%5A%41%37%20%7B%46%5A%4C%20%6E%2C%45%20%45%6C%7C%23%37%20%7D%7C%2C%41%73%20%45%5A%4C%37%42%20%3E%29%2D%E2%80%94%6C%73%6C%69%66%20%73%65%75%6C%42%28%3C%37%23%46%41%23%6F%37%2C%43%20%45%5A%4C%37%2F%47%23%4C%5A%41%20%73%41%23%6F%37%2C%4C%5A%54%34%34%6C%45%2C%6E%20%4C%5A%73%6E%46%37%2C%45%37%2C%66%20%5A%6C%20==%31%32%35=%31
a02e397e-3dff-4510-8a99-104e4d36cff0,irealb://%49%27%6D%20%45%69%67%68%74%65%65%6E=%43%6F%6F%70%65%72%20%41%6C%69%63%65==%52%6F%63%6B%20%50%6F%70=%41%2D==%31%72%33%34%4C%62%4B%63%75%37%51%79%58%2D%45%34%41%2D%58%79%44%5A%4C%51%79%58%7C%72%51%79%58%5A%4C%2A%31%20%31%64%64%61%2A%47%20%2C%2A%20%2A%46%7C%51%2D%58%79%51%7C%34%54%69%2A%5B%46%7C%51%79%58%7C%47%31%31%58%51%79%58%5D%20%51%79%58%6E%5A%4C%2A%31%31%64%64%61%2A%47%20%46%7C%51%79%58%2D%41%7C%51%79%7B%2A%76%41%2D%51%79%58%46%7C%7C%51%79%58%2D%5A%58%79%51%72%20%31%31%47%20%46%7C%51%79%58%2D%41%7C%51%58%79%31%31%47%7C%51%79%58%46%5A%4C%51%79%58%7C%5D%5B%2A%43%41%4C%31%31%47%20%4E%7C%51%79%58%41%2D%58%79%51%46%7C%51%79%58%2D%45%7C%51%79%58%2D%44%5A%47%4C%20%46%7C%51%79%58%2D%41%5A%4C%47%20%46%7C%58%79%51%7C%47%5A%4C%47%20%46%65%72%3C%7B%51%51%7C%46%20%47%79%58%46%5A%4C%47%20%46%7C%51%79%58%2D%41%4C%5A%47%20%46%7C%51%79%58%2D%41%32%4E%5B%7D%20%51%7C%47%58%79%79%58%2D%41%31%41%3E%65%73%75%34%2C%20%74%68%33%20%74%61%65%70%65%52%3C%7B%7D%20%47%20%7C%46%51%79%58%2D%41%3E%65%73%75%61%70%20%6E%65%78%2C%20%70%61%20%74%61%65%70%2D%58%79%51%7C%46%20%47%20%20%7D%66%41%2D%20==%30=%30
a0e5492e-8d4c-4a19-be22-686507a49d0f,irealb://%50%72%6F%67%72%65%73%73%69%6F%6E%20%23%31=%45%78%65%72%63%69%73%65==%4D%65%64%69%75%6D%20%53%77%69%6E%67=%43==%31%72%33%34%4C%62%4B%63%75%37%5B%43%5E%39%58%79%51%7C%41%2D%39%58%79%51%7C%44%2D%39%58%79%51%7C%47%31%33%58%79%51%5A%20=%4A%61%7A%7A%2D%42%61%6C%6C%61%64%20%53%77%69%6E%67=%36%36=%32%30
a0127396-9595-4057-acd2-2df3c454494a,irealb://%49%6E%20%44%65%73%70%61%69%72%20%2D%20%46%6C%69%6E%6E%65%72=%4D%6F%6E%72%6F%65%20%42%69%6C%6C==%50%6F%70%20%2D%20%42%6C%75%65%67%72%61%73%73=%41==%31%72%33%34%4C%62%4B%63%75%37%58%41%5A%4C%20%54%34%34%41%58%58%41%5A%4C%20%6C%63%4B%51%79%58%44%5A%4C%78%20%20%5A%4C%20%78%20%5A%4C%20%6C%63%4B%51%79%79%51%4B%63%6C%2C%41%2A%2C%5B%6C%63%4B%51%79%20%4C%5A%20%78%2C%5B%5D%20%20%6C%63%4B%51%79%58%41%5A%4C%6C%20%63%4B%51%79%58%45%5A%4C%20%78%20%5A%4C%20%2A%42%2C%44%58%6C%63%4B%51%79%6C%63%4B%51%79%79%51%4B%63%6C%6C%63%4B%51%79%58%44%5A%4C%20%6C%63%4B%51%58%79%45%5A%4C%20%6C%63%4B%51%79%58%41%5A%4C%20%20%4C%5A%41%58%58%41%5A%4C%20%20%4C%5A%41%58%79%51%7C%45%58%79%51%7C%41%58%79%51%4B%63%6C%20%20%5A%20==%30=%30
a0cdfedf-213e-474f-a1a5-49f3926b768d,irealb://%49%73%20%61%6E%79%62%6F%64%79%20%67%6F%69%6E%67%20%74%6F%20%53%61%6E%20%41%6E%74%6F%6E%65=%50%72%69%64%65%20%43%68%61%72%6C%69%65==%43%6F%75%6E%74%72%79=%44==%31%72%33%34%4C%62%4B%63%75%37%7B%54%34%34%44%2C%7C%47%2C%7C%41%2C%7C%44%20%7D%20==%30=%30
a02b7620-9806-4fad-9cce-9a339bba83e2,irealb://%49%74%27%73%20%41%6C%77%61%79%73%20%59%6F%75=%4A%6F%68%6E%6E%79%20%42%75%72%6B%65%2C%20%4A%69%6D%6D%79%20%56%61%6E%20%48%65%75%73%65%6E==%4D%65%64%69%75%6D%20%53%77%69%6E%67=%44==%31%72%33%34%4C%62%4B%63%75%37%44%5A%4C%37%41%34%45%2D%37%20%4C%37%42%20%37%2D%23%46%5A%4C%37%41%20%37%45%2D%5A%4C%37%6F%23%44%20%37%5E%44%5A%4C%37%41%5A%45%2D%37%20%34%54%41%2A%7B%58%37%5E%44%5A%37%4C%5A%4E%31%2D%45%32%4E%5A%4C%20%51%79%58%51%79%58%7D%37%20%42%20%37%2D%23%46%5A%4C%37%41%20%37%2D%45%37%20%41%37%4C%2D%42%20%37%5E%58%37%2D%45%5A%42%41%2D%37%20%4C%37%45%20%37%2D%42%5A%4C%20%6C%63%4B%51%58%79%37%5E%47%7C%51%79%58%37%2D%41%5A%4C%37%44%5A%20%78%20%4C%2A%5B%5D%51%79%37%2D%45%5A%4C%58%79%51%5D%5B%23%46%5A%4C%37%41%20%37%2D%45%5A%4C%37%6F%44%23%20%37%5E%44%5A%4C%37%41%20%37%2D%45%41%2A%2D%37%20%42%37%37%41%7C%51%79%20%41%37%4C%5A%44%5E%37%20%42%2D%37%4C%5A%45%2D%37%20%41%37%4C%5A%44%5E%37%58%79%51%5A%20=%4A%61%7A%7A%2D%4D%65%64%69%75%6D%20%53%77%69%6E%67=%31%31%30=%33
a002334e-caef-4d02-9caf-461ac5c6c43a,irealb://%4C%61%20%42%65%6E%64%69%63%69%6F%6E=%4A%6F%62%65%20%4B%61%72%69==%57%6F%72%73%68%69%70=%42=%39=%31%72%33%34%4C%62%4B%63%75%37%20%23%44%2F%42%34%42%2C%2A%41%7C%51%79%58%2D%23%47%7C%51%79%58%23%46%7C%79%51%58%23%44%2F%42%7C%51%79%58%45%7C%51%79%58%45%58%79%51%7C%34%54%69%2A%7B%51%79%58%45%7C%58%79%51%7D%7B%23%47%43%2A%5B%7D%51%79%58%23%46%7C%51%79%42%58%7C%51%79%58%45%7C%51%79%58%2D%23%47%42%2A%2D%37%58%79%51%42%5A%4C%23%46%7C%42%58%79%51%7C%46%23%58%79%51%7D%20==%30=%30
a06dbf4c-761b-4232-ad6b-1c3746df8650,"irealb://%52%65%79%20%44%65%20%4A%75%73%74%69%63%69%61=%45%6E%20%45%73%70%69%72%69%74%75%20%59%20%45%6E%20%56%65%72%64%61%64==%42%61%6C%6C%61%64%20%45%76%65%6E=%47=%32=%31%72%33%34%4C%62%4B%63%75%37%20%37%2D%41%7C%34%47%58%79%51%51%79%58%47%42%2A%7B%7D%51%79%58%43%6C%7C%42,%2F%47%73%20%20%37%2D%41%7C%51%79%58%44%7C%7C%44%58%79%51%34%54%69%2A%7B%44%7C%51%79%58,%7C%6C%43%20%79%58%44%53%7C%51%79%58%47%7C%51%79%58%43%51%7C%79%58%44%7C%51%79%58%47%41%2A%5B%7D%20%44%51%7C%45%2D%37%42%2F%47%73%20%7C%51%79%58%44%42,%7C%6C%43%7C%51%79%58%43%7C%51%79%58%2D%45%43%2A%7B%20%5A%42%2A%20%20%3E%6F%54%51%79%58%36%36%2A%3C%47%58%79%51%7C%2F%47%73%20%20%51%79%58%43%7C%7C%43%58%79%51%2F%44%7C%51%79%58%47%51%5B%7D%20%53%20%3E%6F%20%54%36%36%2A%3C%20%44%7C%51%79%58%2D%41%7C%46%23%58%79%51%51%79%58%2D%45%7C%41%2D%58%79%51%5A%20=%4A%61%7A%7A%2D%4D%65%64%69%75%6D%20%53%77%69%6E%67=%31%30%30=%33"
a04264a1-1501-45d7-91a1-e1a01f1ddc65,"irealb://%4C%6F%76%65%72,%20%43%6F%6D%65%20%42%61%63%6B%20%  74%6F%20%4D%65=%53%69%67%6D%75%6E%64%20%52%6F%6D%6  2%65%72%67%20(%61%72%72%61%6E%67%65%64%20%62%79%20  %53%75%73%61%6E%20%50%61%6C%6D%65%72%20%6F%66%20%4  C%65%61%64%43%61%74%50%72%65%73%73%2E%63%6F==%45%7  6%65%6E%20%38%74%68%73=%47==%31%72%33%34%4C%62%4B%  63%75%37%37%44%20%47%5A%34%47%58%79%51%4C%37%44%20  %37%41%7C%51%79%58%47%7C%51%79%37%58%41%7C%51%79%5  8%2D%45%7C%51%79%58%37%42%7C%5A%47%20%43%4C%34%54%  41%2A%5B%37%42%20%47%5A%47%58%79%51%7C%5A%4C%37%44  %20%37%41%7C%51%79%58%47%7C%51%58%79%37%41%7C%51%7  9%58%2D%45%7C%51%79%58%37%42%47%20%44%37%4C%41%2A%  7C%5A%4C%37%44%7C%51%79%45%2D%58%79%51%2D%45%20%2D  %41%7C%51%79%58%2D%45%5A%4C%42,%20%43%7C%51%79%58%  42%5A%4C%2D%45%20%2D%41%7C%4C%5A%41%37%58%42%2A%7C  %5A%4C%44%20%47%5A%4C%43%47%58%79%51%4C%2D%41%20%4  7%7C%51%79%58%2D%41%7C%51%79%37%58%45%7C%51%79%58%  2D%45%7C%51%79%58%37%42%7C%5A%55%47%20%43%2A%7C%51  %79%58%37%20%5A%20=%4A%61%7A%7A%2D%45%76%65%6E%20%  38%74%68%73=%31%31%30=%35"
a09c2be5-0420-43ee-9c55-9e4275d1854e,irealb://%4C%75%6C%6C%61%62%79%20%4F%66%20%42%69%72%64%6C%61%6E%64%20%52%42%31=%53%68%65%61%72%69%6E%67%20%47%65%6F%72%67%65==%4D%65%64%69%75%6D%20%53%77%69%6E%67=%41%62==%31%72%33%34%4C%62%4B%63%75%37%62%42%5A%4C%37%34%46%2D%20%44%41%5A%4C%37%62%45%20%37%2D%62%42%5A%4C%68%20%44%2D%46%5A%4C%37%43%20%39%62%37%47%5A%4C%68%62%5E%20%46%2D%34%54%41%2A%7B%51%79%58%5E%62%37%4C%5A%4E%31%45%20%5E%62%41%32%4E%5A%4C%20%51%79%58%51%58%79%7D%20%37%43%20%68%47%7C%51%79%58%5E%62%41%62%37%4C%5A%41%62%45%20%37%2D%51%79%58%37%2D%37%58%79%51%7C%58%37%46%7C%51%79%58%5E%62%41%5A%4C%39%62%62%37%45%20%37%2D%62%42%7C%51%79%58%37%2D%62%42%79%51%7C%42%62%46%42%2A%5B%5D%2D%62%42%5A%4C%20%45%62%37%62%5A%4C%37%43%20%39%62%37%47%5A%4C%68%44%20%46%2D%41%2A%5B%5D%20%37%43%20%5E%62%41%5A%4C%39%46%2D%20%44%68%37%2D%62%42%7C%37%20%45%62%37%4C%5A%41%62%5E%20%46%2D%37%4C%5A%42%62%2D%37%20%45%62%37%4C%5A%41%62%5E%20%45%62%37%4C%5A%55%41%62%5E%20%73%20%2C%20%2C%5A%20==%30=%30
a0ecf652-c2c4-482c-8edd-f28575974f76,"irealb://%4F%61%68%75%20%4C%61%75%61=%4C%61%69%6B%61%20%41%6E%64%20%54%68%65%20%43%6F%73%6D%6F%6E%61%75%74%73==%42%72%61%7A%69%6C%69%61%6E%20%53%61%6D%62%61=%43==%31%72%33%34%4C%62%4B%63%75%37%41%5A%4C%37%47%4C%5A%43%4C%5A%4C%43%5A%4C%43%5A%4C%6E%5A%4C%43%5A%4C%37%5A%47%4C%2D%41%5A%4C%37%47%5A%4C%37%47%5A%4C%43%5A%47%37%4C%5A%6E%34%34%54%5B%4C%36%46%5A%4C%4C%5A%43%4C%5A%62%42,%43%5A%4C%43%5A%4C%36%2D%46%5A%4C%2D%36%46%5A%4C%36%46%5A%4C%36%46%5A%4C%37%62%42%37,%7C%46%36%37%47%5A%4C%2D%4C%6E%5A%4C%45%5A%46%2D%36%4C%4C%2D%23%43%5A%4C%37%42%5A%4C%37%42%5A%4C%5A%45%4C%45%5A%4C%6E%5A%4C+%47%5A%4C+%47%5A%5A%42%37%4C%5A%4C%36%2D%46%5A%45%5A%4C%36%2D%4C%5A%42%37%4C%41%5A%4C%36%41%5A%4C%36%41%5A%4C%37%44%5A%45%4C%5A%4C%37%42%5A%4C%2D%23%43%5A%4C%37%42%5A%2D%36%4C%5A%41%45%5A%4C%45%5A%4C%37%47%5A%4C%37,%7C%41%36%5A%4C%43%5A%4C%6E%5A%4C+%47%5A%4C+%47%4C%5A%36%2D%41%5A%4C%36%2D%41%5A%4C%36%41%5A%4C%43%4C%5A%47%37%44,%45%5A%4C%4C%37%47%5A%4C%47%37%4C%5A%43%5A%4C%43%5A%4C%37%47%5A%4C%2D%41%5A%4C%37%5A%47%4C%37%47%5A%4C%43%5A%4C%43%5A%4C%6E%5A%4C%47%37%4C%5A%43%5A%4C%2D%41%5A%5A%43%4C%5A%47%37%20%5A%20=%4C%61%74%69%6E%2D%42%72%61%7A%69%6C%3A%20%53%61%6D%62%61=%31%36%35=%33"
a01ff8e6-ae57-4f8f-81e3-6def922106bc,irealb://%50%20%32%37%20%52%6F%63%6B%20%41%62%6F%75%74=%54%72%61%64%69%74%69%6F%6E%61%6C==%4F%6C%64%2D%54%69%6D%65=%43==%31%72%33%34%4C%62%4B%63%75%37%5B%54%34%34%43%20%46%4C%5A%43%2C%46%20%43%2C%7C%43%58%79%51%7C%46%20%43%3C%38%78%3E%20%7D%20=%50%6F%70%2D%43%6F%75%6E%74%72%79=%31%30%35=%33
a0b76762-5a73-4883-a9d7-63689de5cf8d,irealb://%53%65%61%20%4F%66%20%4C%6F%76%65=%50%68%69%6C%6C%69%70%20%42%61%70%74%69%73%74%65%2D%47%65%6F%72%67%65%20%4B%68%6F%75%72%79==%50%6F%70%20%31%32%2D%38=%46==%31%72%33%34%4C%62%4B%63%75%37%2A%7B%59%20%20%32%46%58%79%51%58%5D%51%79%58%46%5A%4C%62%42%20%46%7C%51%58%79%47%7C%51%79%58%62%42%7C%51%79%58%37%41%7C%79%51%58%79%51%31%54%69%2A%5B%7D%51%79%58%46%3E%46%58%79%51%46%7C%51%79%58%37%47%7C%51%79%58%46%7C%51%58%79%47%7C%51%79%58%62%42%7C%51%79%58%37%41%7C%20%42%62%4C%5A%78%6F%56%3C%41%41%2A%5B%59%20%58%79%51%7C%42%79%58%5D%51%79%58%37%43%7C%51%79%58%37%41%51%7C%79%58%62%42%7C%51%79%58%43%7C%51%79%58%62%51%58%79%51%20%43%42%2A%5B%59%79%58%46%51%7C%41%37%58%79%51%46%5A%4C%62%42%20%46%7C%51%79%58%37%47%7C%79%51%58%46%7C%51%79%58%47%7C%51%79%58%62%42%7C%58%79%51%5D%59%7C%51%79%58%46%51%7C%47%37%58%79%51%7C%46%20%42%62%4C%5A%46%58%79%51%5A%20=%50%6F%70%2D%52%6F%63%6B%20%31%32%2F%38=%38%30=%30
a0f0e4c4-65ae-477d-a8fc-d3247b3a6bae,"irealb://%53%68%6F%77%20%4D%75%73%74%20%47%6F%20%4F%6E,%20%54%68%65=%51%75%65%65%6E==%50%6F%70%20%52%6F%63%6B=%42%2D==%31%72%33%34%4C%62%4B%63%75%37%78%5A%4C%2D%42%34%42%2D%4C%5A%20%5D%20%2D%45%6C%7C,%23%46,%73%75%73%46%23%73%5A%4C%2D%45%5A%4C%78%5A%4C%47%5A%4C%78%20%59%7B%2A%41%34%54%69%2A%5B%5A%4C%2D%45%5A%78%4C%5A%45%2D%5A%4C%78%5A%4C%2D%42%76%2A%5B%20%20%7D%20%45%2D%6C%7C,%23%46,%73%75%73%23%46%73%5A%4C%47%4C%5A%78%4C%5A%4C%47%5A%4C%5A%4C%2D%23%43%73,%46%23,%20%20%51%79%58%51%79%58%51%79%58%51%79%58%6E%5D,%2D%42%73%5A%4C%2D%42%5A%4C%2D%45%6C%7C%59%7B%2A%42%6C%75%73%23%46%73%4C%2D%45%5A%4C%5A%78%4C%5A%46%4C%78%5A%4C%2D%42%6C%76%2A%5B%5D%6E,%2D%73%45%7D%20%2D%23%46%5A%4C%37%23%47%5A%4C%2D%23%5A%47%4C%5A%78%4C%41%5A%4C%78%23%46%73%5A%4C%75%73,%46%23%5A%4C%47%5A%4C%78%5A%4C%2D%42%3E%20%6F%6C%73%6F%20%74%47%3C%5B%20%20%5D%20%2D%45%6C%7C,%78%4C%5A%45%2D%73%23%46%73%5A%51%79%58%5D%6E%23,%7C%6C%45%2D%23%43%7C,%41,%2D%45%5A%4C%46%7C,,%41%2D%45%5A%4C%46%43%2A%5B%59%20%20%5D%20%2D%4C%5A%73%44,%46,%73%75%73%6F%6C%6F%73%20%6C%42%2D%4C%5A%20%5D%20%2D%45%6C%7C,%23%46,%73%75%73%46%23%73%5A%4C%2D%45%5A%4C%78%5A%4C%47%5A%4C%78%20%5B%3C%47%74%76%2A%5B%59%20%20%3E%42%2D%4C%5A%78%4C%5A%47%4C%5A%78%4C%5A%45%2D%4C%5A%73%46%23%73%75%73,%46%23,%7C%6C%45%2D%4C%5A%78%4C%5A%45%2D,%73%6E%7C%73%6E%42%2D%5A%20=%50%6F%70%2D%52%6F%63%6B=%31%31%35=%31"
a0aad604-9c2c-4f22-948d-7645995e6e76,irealb://%53%74%75%64%79%20%23%31%33=%4C%65%61%76%69%74%74%20%57%69%6C%6C%69%61%6D==%4D%65%64%69%75%6D%20%53%77%69%6E%67=%41==%31%72%33%34%4C%62%4B%63%75%37%46%70%2C%37%2D%36%2C%70%73%41%6C%63%4B%51%79%58%2C%39%42%6C%7C%2C%37%2D%46%23%2C%39%62%37%23%43%70%70%7C%2C%36%41%2C%6F%20%4C%5A%73%42%41%34%34%54%7B%2C%37%2D%23%43%37%2C%7C%45%39%20%37%45%20%37%2D%42%5A%4C%6F%43%20%23%43%41%2F%6C%31%4E%7C%2C%44%2F%39%45%2C%6F%45%70%2C%7D%7C%4E%32%73%2D%42%2C%2B%23%58%36%44%5A%4C%37%2C%45%37%62%45%7C%51%79%58%41%7C%51%79%58%6F%62%45%7C%79%51%58%36%44%5B%20%37%41%20%36%41%6C%7C%2C%39%2D%37%20%41%37%2D%42%2C%6F%43%23%43%70%70%7C%6F%58%79%51%7C%41%73%70%2C%36%41%5B%20%37%45%20%2C%39%42%7C%6C%2C%39%62%37%23%46%2C%39%23%46%73%70%2C%41%6F%2C%41%36%2C%62%45%7C%51%79%2C%44%2F%39%45%23%2D%37%2C%7C%39%45%7C%2C%37%2D%42%2C%2B%23%46%70%2C%37%42%2D%73%5A%4C%20%6C%63%4B%51%79%58%2C%39%42%6C%2C%70%45%6F%2C%46%2C%39%62%37%7C%43%23%2D%37%2C%43%6F%2C%42%2D%37%2C%45%37%62%39%2C%7C%6C%41%36%2C%58%79%51%5A%20==%30=%30
a0b74ac6-ff8c-4288-8109-d1aeb5da618e,"irealb://%54%75%20%53%69%20%27%4E%61%20%43%6F%73%61%20%47%72%61%6E%64%65=%4D%6F%64%75%67%6E%6F%20%44%6F%6D%65%6E%69%63%6F==%42%6F%6C%65%72%6F=%42%2D==%31%72%33%34%4C%62%4B%63%75%37,%41%20%36%2D%36%58%79%51%7C%51%79%58%37%23%46%7C%51%79%58%5E%44%7C%51%58%79%37%41%7C%51%79%58%37%2D%45%7C%51%79%58%78%7C%4E%31%6C%42%2D%42%41%2A%7B%37%2D%23%46%7C%23%37%58%79%51%42%42%2A%7C%51%79%58%78%7C%51%79%58%31%31%37%23%5E%47%32%4E%5A%4C%20%51%79%58%51%79%58%7D%2D%37%58%79%51%46%6C%7C,%47%5E%47%7C%7C%51%2D%37%58%79%51%46%7C%51%79%58%5E%47%7C%51%79%58%37%2D%23%7C%46%51%79%58%37%2D%42%7C%51%79%58%37%2D%42%7C%23%2D%37%58%79%45%7C%51%79%58%37%41%7C%51%79%73%74%6F%70%21%51%79%58%78%7C%51%79%58%36%2D%42%43%2A%5B%20%20%51%79%58%51%79%58%5D%51%79%58%37%23%46%3E%7C%45%2D%37%58%3C%7C%51%79%58%36%2D%42%51%7C%5E%58%79%51%7C%3E%61%64%6F%43%20%6C%61%20%2E%43%2E%44%3C%51%7C%79%58%36%2D%42%6C%5A%4C%51%20%20%37%23%46%78%58%79%51%5A%44%7C%51%79%58%58%79%51%7C%45%2D%37%20%46%23%37%4C%5A%42%2D%36%58%79%51%7C%45%2D%37%20%46%23%37%4C%5A%66%3C%46%69%6E%65%3E%42%2D%36%58%79%51%5A%20=%4C%61%74%69%6E%2D%43%75%62%61%3A%20%42%6F%6C%65%72%6F=%39%30=%31"
a0e4305d-5f3c-4c92-9e42-f1b11537457c,irealb://%54%75%72%69%79%61%20%41%6E%64%20%52%61%6D%61%6B%72%69%73%68%6E%61=%43%6F%6C%74%72%61%6E%65%20%41%2E==%4D%65%64%69%75%6D%20%53%77%69%6E%67=%45%62%2D==%31%72%33%34%4C%62%4B%63%75%37%20%37%5E%42%5A%51%20%20%5B%2A%62%45%20%2D%62%45%7B%5D%20%73%75%73%62%44%37%20%5E%42%5A%4C%37%2D%62%42%20%37%2D%62%41%69%2D%2F%44%62%4C%79%58%51%79%58%4B%51%79%58%37%5A%45%62%2D%20%6C%63%4B%51%79%58%35%62%37%2D%43%5A%4C%37%62%2D%42%20%37%2D%62%41%5A%4C%62%44%2F%2D%62%45%20%4C%5A%42%5E%4C%37%2D%62%42%20%2D%62%42%32%41%62%2D%37%58%58%7D%51%79%58%37%62%42%7C%51%79%58%35%62%2D%37%46%5A%4C%62%47%20%2D%62%41%31%4E%7C%51%79%79%51%4C%5A%4E%5A%4C%20%6C%63%43%2D%4C%5A%44%62%5E%39%58%79%51%4B%63%6C%20%4C%5A%44%5E%39%58%79%51%4B%63%6C%20%4C%5A%44%62%5E%39%58%79%51%4B%63%6C%20%20%7D%20==%30=%30
a0f991ef-ff0a-4be7-8928-6ff6ce2339c2,irealb://%69%69%69%20%2D%20%76%69%20%2D%20%69%69%20%2D%20%56%20%2D%20%49%20%2D%20%31%32%20%4B%65%79%73=%43%6F%6D%70%6F%73%65%72%20%55%6E%6B%6E%6F%77%6E==%4D%65%64%69%75%6D%20%53%77%69%6E%67=%43==%31%72%33%34%4C%62%4B%63%75%37%4C%37%43%20%37%34%45%2D%37%20%44%20%37%2D%41%7B%7D%20%20%6C%63%4B%51%79%37%58%5E%43%5A%4C%37%47%20%37%2D%44%5A%4C%37%41%37%4C%5A%47%2D%34%54%41%2A%7B%20%37%2D%47%7B%79%51%4B%63%6C%4B%51%79%58%37%5E%62%42%5A%4C%37%46%20%37%43%2D%5A%4C%37%47%20%37%2D%44%42%2A%7B%7D%20%20%63%6C%20%20%7D%58%37%5E%46%5A%58%37%5E%62%41%2D%37%20%42%62%20%37%2D%62%42%5A%4C%37%46%20%37%2D%43%7B%20%7D%20%6C%63%4B%51%79%58%37%5E%62%45%5A%4C%37%45%62%37%4C%5A%46%5A%4C%37%43%37%62%45%20%37%20%20%7D%7B%46%20%20%6C%63%4B%51%79%58%37%5E%62%44%5A%4C%62%37%41%20%37%2D%62%45%5A%4C%37%62%42%20%37%2D%7D%7B%42%62%2D%6C%63%4B%51%79%58%37%5E%42%5A%37%20%44%62%37%37%2D%23%43%5A%4C%37%62%41%20%37%2D%62%45%7D%7B%20%20%6C%63%4B%51%79%58%37%5E%62%47%5A%4C%20%46%23%37%4C%2D%62%41%5A%4C%4C%37%23%46%20%20%20%7D%7B%47%7D%20%20%6C%63%4B%51%79%58%37%5E%45%5A%4C%42%37%20%37%2D%23%46%5A%4C%37%23%43%20%37%2D%23%7B%43%23%2D%37%6C%63%4B%51%79%20%20%6C%63%4B%45%37%4C%5A%41%44%5A%4C%37%41%20%37%2D%45%5A%4C%37%42%20%2D%37%23%46%7B%7D%20%20%6C%63%4B%51%79%58%37%5E%5E%37%58%79%51%20%37%2D%42%5A%7D%7B%42%2D%37%20%45%37%4C%5A%41%2D%37%20%44%37%4C%5A%47%5E%37%58%79%51%4B%63%6C%20%20%7D%20==%31%36%30=%30
a04159f0-e479-4d58-9a56-c268d1c507bf,irealb://%CE%9E%20Minor%20chords%20Random%204%20%284%20bars%29=Valentin%20Thorey==Medium%20Swing=C%20==1r34LbKcu7%2DF%20ZLEb%2D%20L%20x%20ZL%20x%20ZL%20%2DA%20LZ%20x%20ZL%20x%20ZL%20x%20ZLZ%20x%20%20%5B44TZL%20x%20%20LZ%20x%20ZL%20x%20ZL%20x%20ZL%20%20xZL%20%2DC%20ZL%20x%20ZL%20G%2D%20LZx%20ZL%20x%20ZL%20%20x%20LZx%20ZL%20%2D%23C%20ZL%20x%20LZ%20x%20ZL%20x%20ZL%20%2DE%20%20LZ%20xZL%20x%20%20%2DbA%20%2D%20LZ%20ZL%20x%20ZL%20x%20ZL%20%2D%20BZL%20x%20ZL%20x%20ZL%20x%20x%20LZD%20ZL%20L%20x%20ZLZ%20x%20%20ZL%20x%20ZL%20x%20ZL%20%20xZL%20%2DbB%20ZL%20x%20ZLF%23%2D%20L%20x%20ZLZ%20x%20LZ%20x%20%20%5D==120=0
a0ae0be9-a1c5-4b02-a4c5-82d83949ecf4,irealb://%D0%92%D0%B5%D1%87%D0%BD%D0%BE%20%D0%9C%D0%BE%D0%BB%D0%BE%D0%B4%D0%BE%D0%B9%3D%D0%93%D0%B0%D0%BB%D0%BB%D1%8E%D1%86%D0%B8%D0%BD%D0%B0%D1%86%D0%B8%D0%B8%20%D0%A1%D0%BC%D1%8B%D1%81%D0%BB%D0%BE%D0%B2%D1%8B%D0%B5%3D%3DMedium%20Swing%3DE-%3D7%3D1r34LbKcu7%20)E(s4%3C*36yX%3E%D1%83%D1%85%D1%80%D0%B5%D0%B2%D1%81%20dap6*6%3C%20%3E%D0%B0%D1%82%D0%BA%D0%B0%D1%82%204%20QyXQ%7BEsu4Ti*%5BF(-E%7C)%20LZE(-A%7CQyX)B(GA*%7B%20%7D%20)B(xZL%20)C(susC)XyQD(xZLyXC%7CQ%7CE-(GyX-E%7CQyX-A%7CQyXBC*%7C%7D%20%3E3%D1%8536*%3C%20%20)Q%7CDXyQyX)%23G(-E%7CyQ%5DXyF(-E%7CQyX)C(-A%7CyQX)B(GA*%7B%20%20QyXQ%23)XyQX-A%7CQ%20)C(C63%D1%853%3E%D1%8566*%3C%20%20D%7CQyX-EQ%7CyX-A%7CQyXCB*%7B%7D%204%3E%20%7D%7B*%3C%20%20)QyX)DZA-(EyX-E%3E%D0%B2%D0%B5%D0%BF%D0%B8%D1%80%D0%BF%20%D0%B0%D0%B4%D0%BE%D0%B3%D0%BA96*%3CZL)%23F(%20%20)Q%7CE-(L)D(%20%7D%7CfCLZfALZfE-XyQZ%20%3DJazz-Medium%20Swing%3D100%3D3
a068af10-86c6-414c-b749-a3323a7327d4,irealb://%D0%9A%D1%80%D1%83%D1%82%D0%B8%D1%82%D1%81%D1%8F%2C%20%D0%B2%D0%B5%D1%80%D1%82%D0%B8%D1%82%D1%81%D1%8F%20%D1%88%D0%B0%D1%80%D1%84%20%D0%B3%D0%BE%D0%BB%D1%83%D0%B1%D0%BE%D0%B9%3DComposer%20Unknown%3D%3DMedium%20Swing%3DC-%3D%3D1r34LbKcu7ZL7D%5D-LZxLCZLxZL-F%7B%5D%20xZLC-ZLxZL-F%5D%20xZLxZ-LZx%20C43T%5B%D1%80%D1%82%20%D0%B5%D1%861C-LZ24*%3C%5D%20xZL-C2N%7CyQXQyXQyXQyX%7D%207C%D0%92%20%D0%BA%D0%BE%D0%BDNZL7G%D0%B8%20%D0%BA%D1%83%D0%BF%D0%BB%D0%B5%D1%82%D0%B0%3E%20%3D%3D0%3D0
a029c10b-ad74-4006-a74d-e01008d513c4,irealb://%D0%9C%D0%B0%D0%BC%D0%B0%20%D0%9B%D1%8E%D0%B1%D0%B0%3D%D0%A1%D0%B5%D1%80%D0%B5%D0%B1%D1%80%D0%BE%3D%3DMedium%20Swing%3DA-%3D0%3D1r34LbKcu7(bG%7D%204Bb-(*%3C%20%20)G(bEZL%3E%E2%99%AAQXy36*%3C)bA(bD%20)bB66%D1%853%3E4Ti*%7BXbEZLQ%7BEb(B%7CQyXbEZLbD%20-b%7BB%7D%20%3E4%D1%8566*%3C%20%20)bBb-%20DbyX)bBbD%20-bABb-%20%20%3E4x66*%3C%20%20bEZLDb%20-bB%7CQyXbEZLbD%7D%7B*BB*%7B%7DQy%20-bB%7CyQ%7CBbZLbD%20-bBA*%7B%7D%20%3Ex466*%3C%20%20bEZLbD%20-EbXyQXbEZLEZLbDb%20%20%3C**%7B%20%20QyXQyX%5DQyXEb%7CQyXbE%7C%7D%20%3E4x66BBb-%20EZLbDQyXbEBb-%20DbB(%20)bA(-bBB*%7B%20%7D%3E4x66*%3C%20%20bEZLb)DbLZ%7CQyXb%3CB*%7B%7DDbLZE%D0%B2%D0%B0%D1%82%D1%81%D0%B2%20%D0%BE%D0%BA%D1%8C%D0%BB%D0%BE%D1%82%20%D1%85%202%2C%D0%B5%D1%81%D0%B2%20x296*%3C%20%20b%D0%BA%D0%B0%20%3E%20%20-bB%7C%20%3E6x6%D1%81%D1%91%20%D0%B2%D0%BCbEZLbD%20-bB%7CQyXEbZLbD%20-bB%3E%20%D0%B5%D1%82%D1%81%D0%B5%20%20%3C*6%D0%B2%2096*%7D%20%3DJazz-Medium%20Swing%3D100%3D3
a0e8905d-e7d4-4466-b416-25af066967a3,irealb://%D7%90%D7%95%D7%94%D7%91%20%D7%9C%D7%94%D7%99%D7%95%D7%AA%20%D7%91%D7%91%D7%99%D7%AA%3D%D7%92%D7%91%D7%A8%D7%99%D7%90%D7%9C%D7%95%D7%91%20%D7%90%D7%99%D7%A0%D7%A9%D7%98%D7%99%D7%99%D7%9F%3D%3DPop%3DC%3D7%3D1r34LbKcu7*%7BZL%204E-Xyx%20ZL%20x%20ZL%20lcK%7D%20%20x%20ZL%20x%20ZL%20lcKQ%20LZ%20x4Ti*%7BA%20-EBQKcl%20cKQyX7BZL%20lcKQXy-EZL%20lcKQyXAZLl%20LZ*yX-EAKQyXGLZGXyXA%7CQyXA%7CQyXGZLx%20%20ZLA%20-E%7CQyXA%7CQyQ%7C*C%20x%20ZLcl%20LZAXyQ%7CAXyQ%7CGXyQKcl%20LZAXyQKcl%20%20%7D%20%3DPop-Rock%3D115%3D1
a0efeeca-2830-47d5-9ccf-df8a1d20cab6,irealb://%D7%90%D7%9C%D7%95%D7%A3%20%D7%94%D7%A2%D7%95%D7%9C%D7%9D%3D%D7%97%D7%A0%D7%9F%20%D7%91%D7%9F%20%D7%90%D7%A8%D7%99%3D%3D%D7%99%D7%A9%D7%A8%D7%90%D7%9C%D7%99%3DA-%3D7%3D1r34LbKcu7ZL7%5EC4A-%20C%5B%207-D%207%5EFZL7%5EC-%20AZL7-D%207%5EFZL7%5E*AA-%204Ti*%7BL7%5EC%20-7LZA-D%207%5EFZL7%5EC%20-ALZ7-D%207%5EFZL7%5EC%20-7LZA-D%207%5EFZL-D%20D-7LZ%20-AB*%5B%20%20QyXQyXQ%5DyX7%5EFZL7%5EC%20-A%7CE-LZF%207%5EFZE%20-AlLZF%20sDs%20FZL-E%20-AZL-%20DFZL-E%20-Al%7CC%2C-D-%2CC%7D%7C-E%20-AyX7%5EFD-LZAC%20-AlZL%20n%20%7CQyX%5Bn%2CC%2C-Ds%20FZL-E%20-%5E7LZf%20FZL-Q%5B*BA-%20E-LZF%20D-LZA-%20E-LZFXyQ%5D%20%3D%3D0%3D0
a073b7b5-157c-4f00-a9a0-495a81cf89ed,irealb://%D7%90%D7%AA%D7%94%20%D7%97%D7%99%D7%99%D7%91%20%D7%9C%D7%9E%D7%95%D7%AA%20%D7%A2%D7%9C%D7%99%3D%D7%97%D7%9E%D7%A1%D7%94%3D%3D%D7%99%D7%A9%D7%A8%D7%90%D7%9C%D7%99%3DB-%3D2%3D1r34LbKcu7%23F%20-E4A%20B-B%2CS%2CA*%7BY%7CQyX-BLZ7%23F%20-EZL-B%20AZL-XyQ%7C4Ti*%5BB*%7CY%7DXyQ%7CEFZLF%2F7%23C%20-EZL-F%23%20D%7CQyXGZL7%23F%20-%237XyQ-BZL7X-B44G)%7CxXn%207%23F46TZLF%2F7%23%20C-E%7CQyXx%7C)-G(Qy%20%5B*CT(QyXD%23FZLFF%237LZ-EZL7%23F%20GZL7%23F-%20EZL7%23F%20G%7CQyX-B%20C%237%2F%20G%7CQyF%20-ElZB-Xy%2C%23C%2FA%2C-BsZL7%23F-%20Ei*%5B%20%20QyXQyX%5DQD%2CE-%5BLQ%20%207D%2C%23C%2F-%20%20%3CDZL7%23F%20G%7CQyX-BQY%7C%5D%20%3EadoC%20la%20.S.sB-%2CABZL7%2347*%3C%20%7CXyQYAZL-B%207%23FZL-B%20%237Fl%3Eolos96*%3CD*%7B%20DLZG%5D%20-E%2CGsZL-%D7%A8%D7%95%D7%9A.X%23F%2CGsZL-B44TC*Y%7B%7D%20)7%23F(7%23F%3E%20Qy7%2C%7ClB%D7%90%20QyX%7CQyXQ%7CE-%2CFQyX%7D%207%23F%7C%2CF%2F%23C-%2CE1N%7C%2C7%23F%2CG%7C%2C7%23XyQXy%2C7%23F%2CN2E-%2CF%237%2C%7CB-%20%5D%20%3DJazz-Medium%20Swing%3D120%3D3
a0830bf1-cdbf-44bc-bcab-9148dbede106,irealb://%E3%82%84%E3%81%95%E3%81%97%E3%81%84%E3%82%AD%E3%82%B9%E3%82%92%E3%81%97%E3%81%A6%3D%E4%B8%AD%E6%9D%91%E6%AD%A3%E4%BA%BA%3D%3DFolk%20Rock%3DG-%3D%3D1r34LbKcu7-G%20-GG-%20G-G%20susGZLF%209-CZ5Lb7-E%20F/bBZL%23F/LZ%7B*As44T%7CE%20F/bBb/F%20/-G%20-G%7C%2Co%23F%2CF%20EbZL-D%20-CZL5b7-EF%23LZBZL%23F/%20%2CF%20%5EZEb%5E%20b7-E%20F/bBZL%23F/G-%20-GZLG%20susGZLF5LZEbL5b7-%20-G%7C%2C%7B*AG-%20bEZL-D%20-CZL5b-7E%20F/bBZL%23F/-G%20F%2CF%23o%20QyX%7DL%2CG%20sLZBb/F%20%5EbEZL-D%20-bEZ-LD%20-bEZL5b7-E%20FLZGsu%23F/-G5b7-AXyQ%7CF7-AZL%20-C%7C%2CG%20%20ssuGZL%2C-D%7CQyXbE/7b5%20LZbE1NZL%2CG%20s%7D%7CN2EL%2CG%20susGZLF%20%5EbZEL-D%20-bEZL-D%20-bZ%7CGsuQyXD/ZC%23-%5E7%2CLZC-LZC%23-%5E7%2CLZC-LZC%23-%5E7%2CLZC-%20%5D%20%3DPop-Rock%3D76%3D1
a03cbb57-49a3-4070-bbde-3e40319c1968,irealb://%E5%A4%A9%E5%9F%8E%E8%B6%8A%E3%81%88%20%6B%61%72%61%6F%6B%65%20%61%72%72%61%6E%67%65=%43%6F%6D%70%6F%73%65%72%20%55%6E%6B%6E%6F%77%6E==%42%6C%75%65%73%20%50%6F%70=%42%2D==%31%72%33%34%4C%62%4B%63%75%37%79%58%51%79%58%34%45%2D%20%45%5A%4C%3E%65%6E%69%46%3C%20%20%2D%42%7C%51%58%79%2D%23%46%5A%4C%2D%45%20%2D%42%5A%4C%36%2D%78%58%79%51%7C%34%54%69%2A%7C%23%46%7C%51%79%79%51%5B%2A%41%79%58%2D%45%5A%4C%2D%42%20%2D%45%7C%51%79%2D%58%42%7C%51%79%58%2D%23%46%7C%51%79%58%2D%42%51%7C%42%2D%58%58%51%79%58%51%58%2D%23%46%7C%42%2D%58%79%51%5A%4C%37%23%46%20%44%7C%51%79%58%2D%45%7C%79%51%58%2D%42%7C%51%79%58%2D%23%46%42%2A%53%7C%42%2D%58%79%51%7C%51%79%58%2D%51%79%58%2D%23%58%79%51%7C%45%2D%42%43%2A%7C%51%79%58%51%79%58%51%79%58%79%51%58%7C%51%79%58%37%23%46%7C%51%79%58%36%2D%58%79%51%7C%46%2D%42%7C%51%79%3C%5A%4C%51%20%51%7C%44%20%46%79%58%78%34%32%54%7C%51%79%58%2D%23%46%5A%2D%4C%42%20%2D%45%7C%51%79%58%2D%42%5A%4C%37%23%51%7C%42%2D%20%79%58%2D%45%7C%44%2E%53%2E%20%61%6C%20%43%6F%64%61%3E%78%58%79%51%7D%7C%51%3C%44%2E%43%2E%20%61%6C%20%46%69%6E%65%3E%78%58%79%51%5A%5B%58%79%51%20%7C%20=%50%6F%70%2D%53%6C%6F%77%20%52%6F%63%6B=%38%30=%31
a0344228-1a04-4135-8758-7a20bc5ea291,irealb://%E5%B2%B8%E5%A3%81%E3%81%AE%E6%AF%8D%3DComposer%20Unknown%3D%3DPop%3DBb%3D%3D1r34LbKcu7yX6bEbXyQ%7C-CZLF%20bB%7CQyXbBQ%7CyX7F%7CQyXx%7CQyXx%20G-LZB44T%5ByXbB4EbLZBX7F42T%7CQyX7FZLG-%20bBZLF%20bB%7CQyXbyQ%7CT4%20bB%7CQQ%5B%20%3DPop-Rock%3D82%3D1
a0c5725e-0986-4622-9623-a1af5fd952a4,irealb://%E6%83%B3%E3%81%86%E3%81%9F=%E3%82%AD%E3%83%A8%E3%82%B5%E3%82%AF==%52%6F%63%6B%20%50%6F%70=%43=%35=%31%72%33%34%4C%62%4B%63%75%37%51%79%58%43%7C%38%43%58%79%51%51%79%58%46%7C%51%79%58%43%7C%7C%51%79%58%41%2D%5A%4C%6F%62%41%20%2C%47%7C%51%79%58%46%7C%7C%47%58%79%51%36%54%69%2A%5B%51%79%58%43%7C%34%78%3E%43%58%51%79%58%43%7C%51%79%58%46%42%2A%7B%7D%51%58%79%43%7C%51%79%58%46%5A%4C%20%6C%63%4B%51%79%7C%47%58%79%51%3C%41%2A%7B%7C%4C%6F%62%41%20%51%7C%43%20%3C%58%46%7C%51%79%58%43%3E%78%34%3C%43%2A%7B%51%7C%79%58%37%47%7C%51%79%58%47%5A%4C%20%3E%E3%80%80%79%51%7C%47%2C%79%58%46%7C%7D%47%20%46%7C%51%51%7C%7C%43%58%51%79%58%47%7C%51%79%58%43%44%2A%7C%7D%51%58%79%43%7C%51%79%58%47%7C%51%79%58%46%7C%51%79%7C%41%2D%58%79%79%58%2D%41%5A%4C%5A%43%58%79%51%7C%47%58%79%51%7C%41%2D%58%79%51%7C%46%20%47%4C%5A%43%58%79%51%7C%20==%31%30%39=%30
a06e916a-f4e4-44c5-b216-614e7fae2f88,irealb://%E9%A3%BE%E3%82%8A%E3%81%98%E3%82%83%E3%81%AA%E3%81%84%E3%81%AE%E3%82%88%E6%B6%99%E3%81%AF%3D%E4%BA%95%E4%B8%8A%E9%99%BD%E6%B0%B4%3D%3DMedium%20Up%20Swing%3DD-%3D8%3D1r34LbKcu7QyXhB4D-11%7CQyXx%7CQyXbB%7CQyxX%7CQyXx%7CQyXx%7CQyXxXyQ%7C4TA*%7BQyXbBQ%7CxXy%7CQyXx%7CQyXx%7CQyXA7B*%7CQyXx%7CQyXx%7CQxXyQ%7CyX-D%7CyXx%7CQ%7CxXyQC*%5B%7DQyXx%7CQyX7AQ%7CyXx%7CQyXC%7CQyXx%7CG-7XyQyXx%7CQyXx%7CQ%7CxXyQyX7-G%7CQyXx%7CQyxX%7CQyXx%7CQyX7-D%7CQ%7CxXyQyXx%7CQyXx%7CQ%7CA7XyyXx%7CQyXx%7CQyXx%7CyQXx%7CQyXx%7CQyXx%7CQQ%7CxXyQyXx%7CQ%7CxXyQ%7CxXyQ%7CxXyQZ%20%3DJazz-Medium%20Swing%3D100%3D3
a04e2393-742b-4233-a85a-af4ca2dc5a9d,irealb://Show%20Me%20The%20Way%20To%20Go%20Home%3DConnelly%2C%20Campbell%20%281925%29%3D%3DMedium%20Swing%3DEb%3D%3D1r34LbKcu7X7bB%7CbXyQ%7CZL%20lcKQyXbE%7CQybXE%7CQyXbA%7CQyX7bEF7XyQE44T%5BZL7bBbXyQ%7C7C%20bE%7CQyXbE%7CQy7XG%7CQyXbA%7CQyX7bELZF7%20E%7C%7CQyEbXyQ%5D%20%3DJazz-Medium%20Swing%3D100%3D3
a07a6f89-4896-40ea-a717-fc4b78bdaa4a,irealb://Away%20In%20A%20Manger%20(PLP-RBB)%3DW.%20J.%20Kirkpatrick%20%7C%20J.%20McFarland%20%7C%20J.%20Murray%3D%3DWaltz%3DG%3D7%3D1r34LbKcu7lareGarkinurB%20xiD%7CyaB%20le%7CMs'rekciP%20toL%20gce%20%26%20P06*%3Ctta%20ses%2F%2F%5B%20ZL5881%20BUP%20ts%201%5D01%20kcarT%7C1%20DCLyricnoJ%20d%20G43Ted%20toQyXQyXQyXQyX%3E%20erhtuL%20nitraM%2F%2F%20XyQ%20%7BtubirCZL%20x%20LZC%20GZL%20x%20ZLp%20GZL%20%20xZLp%207DZLp%20GZLp%20pLZ%20x%20ZLp%20pLZG%20pLZD7%20pLZG%20pLZD7%20pLZN1G%20p%20%7D%7CN2G%20p%20%7DN3G%20p%20Z%20%3DPop-Country%3D180%3D1
a01af7d9-edd5-42d7-8091-a21eba319f92,irealb://I%20Could%20Write%20a%20Book%20nmn%3DRichard%20Rodgers%20and%20Lorenz%20Hart%3D%3DBallad%20Even%3DDb%3D%3D1r34LbKcu7L-bB%20*63%20%C2%B7QyXQyX5%2036*%3C%5B%20D7%207bA%3E43%20QyXQyX%207%3EDb%3C44T%5B%20QyX5%2065Xy%3CZL7E%20-F%3E3%2036*Z%3CLobE%20-bE%3E23%20%20Q*63%20%C2%B736*%3CZ3%C2%B7%20%20Qb-%20D7%2036*%3CZL-bE%20bD%3E32%20%20QyX53%2036*%3CZL31%CC%87XyE%3E23%206*%3CZLEoLZ%3CA%3E76%20QyXQyX%C2%B7%203*6%3C%7CQyX-bE%3E5%2036*b7%20Eo%20-F%3E%CC%A3*%3C%5B%20QyQXyQ-bE%3E%CC%A37%C2%B7%20%20QyX213%206*%3CZLoE%20-bB%3E1%20%20Ab7%2CX%CC%871%203%2036*%3CyQXyQ-F%3E%CC%B843%20QyXQyX53%206*%3CZL7bG%20hG%3E6%20%20FoLZX6%2036E%3E5%203yQ%205%3E7bE%20-bB%3E%CC%B84%C2%B7%20%20QXy65%2036*%3CZLoF%20-FLZ%3C*6XQyX5G%20-bA6D.C.QyXQyX%CC%B86%20QyX36%3C*Q%5DQyX%3EadoC%20la%20%206%CC%B8%3E%200*%3C-b%3CZL7E63%206X%20QyXQyX3%2036*%3CZ-LbG%20bG%3E45%20QyXQy3%3EF-%20*%3CZL7*63%2021%CC%87XyQ%20%20%C2%B77%CC%A3%3EEb-%20D7LZ%3C*63%201%CC%87%3EDb6%20%20Z%20%3D%3D0%3D0
a0c0a540-ca3b-407d-bdb0-59a1a7be1228,irealb://It's%20Raining%2C%20It's%20Pouring%20%28Version%201%29%3Dbe2sharp%20ARR:%3D%3DZz%20Designate%20An%20iReal%20Style%3DC%3D%3D1r34LbKcu7I%20.gnyQ%20%20Sht%20rof%20yeK%20orPl%20aeRi%20eht%20tceleis%20soX85*%3C%20%29yekches%3E%20drohc%20tsal/etno%20tsal%20eht23*%3C%20%28the%20tam%20tj%20ortur%20sohT%20%20QyX46*%3CQyXyQXQyXQyXQyX%3E.gnis%20inoy%20foot%20uoses%20c%20%3E%20eraperp%20ot%20hmtyhr%20dna%20sdroh%3C*38yu%20tsuX85*%3C%20the%20XQyXQyXQyX%3E.A%20erttel%20ta%20ydolemyQXyQyalp%20%3E%20ehtf%20insot%20erus%20eb%20%2Claocv%20ro%20latnemurt%20add%20I%20%20QyXQyXQpick-%3E.A%20rettel%20eroefb%20tsuj%20eton%20puXyQXy03*%3C%20e%20no%20%5B*iT4%20eno%20yalp%20:eruasem%20dr3%2886*%3C%2CC4chordQyXQy%5D%20%20n%2Ceat%29.G%2C7G%2C7G%2C7G%7Cns%2ClFns%2CFl%7Cns%2CClns%3E7%2C%7ClCb%20hcayX7GQyQKclCZL%20x%20ZL%20lcKQy7XGZL%20x%20ZL%20x%20ZL%20XyQ%7D%5BXCA*%7Bsal%20eQ%7CsG7vO%20%20QyX45*%3CZ%20%20%20UClf%7C%2C7G%2C7G%2C7G%2Cer%20thyXC%7CQet%20tIrd%20is%3E.%22atamref%22%20a%20edllac%20lobmys%20a%20%20%3C*26ohc%20tQyXQyou%20toohc/eton%20eht%20%29d%22loh%22%28%20niatsus%20rd.%3EXy%20sllmeT%20%2CQXyQ%3CyspyG-zzaJ%20:seyltS%20.xE%20%20QyX64*%20JazzyXQyXXQyXQ6%3E%20%3C*%3E031%20opmeT%20%2CenLi%20dnoceS-zzaJ02XyQXy21%20opyXQyX%3C*64XX%3E041%20opmeT%20%2CsasrgeulB-poP%20%20QyyQXyQQyXQy%20%3E%20sa%3C*60Xhc%20emas%20eht%20seus%20gnos%20sihT%20%20Qyords%20%20QyXQ%3C*32%22A-Tisket%2C%20A-Tasket%22.%3EXyQXyQXyQXyQXyQ%3Cb%23%3E%20%3DPop-Bluegrass%3D140%3D3
a09bdbfe-7fd7-4398-b74e-667f4eaa8e67,irealb://Jolly%20Old%20St.%20Nicholas%3Dbe2sharp%20ARR:%3D%3DZz%20Set%20A%20Style%20Of%20Your%20Choice%3DF%3D%3D1r34LbKcu7gniodyQ%20%20Ngnos%20ruoy%20fo%20eotn%20tsal%20eht%20ema.%20By%20X25*%3CaeRi%20%2C%3EW%3C*t%20tceles%20ot%20ye%20keht%20wonk%20uoy42o%20usetaht%20%5DQyXF.%3EXyQC%7CQyXF%7CQyXbB44iT*%5BQyXQyXQyXQyX7XyQ%7CorP%20lyX7C%7CyQ%7CC71N%7CQyX%2CF%7CQyXbBQ%7CyX-A%7CQyX-D%7CQyXG7XyQXFA*%7BQyXU%2CXyQ%20LXFZL%20lcKQyX7CQ%5D%5BQyXF%7CQyX%2C7C2NZyQ%7CfFQyX%7DQ%20emitXyQ%20%20tgnel%20eht%20elbudo%20%2Cadoc%20eht%20roFh%20of%2064*%3CZerusa%3C*18et%20tsal%20eht%20ni%20eston%20eht%20fo%20hcawo%20me%20%3Erof-zzaJQXyQXytS%20orP%20laeRi%20Q%20yX05*%3CQyXQyXQyles:%20yX%3E.scelE%20m%20Swi%20:lizarB-nitaL20*%3C%20%3E041%20mm%20/gnBossauideMssarg%20mm%201poP%20%20QyX26*%3CQyQXyXQyXQyXQyX%3E03-Blue/cirtyXQyX150%3E%20X%3E641%20opmeT%20%2C82/1%20kcoR-poP43*%3CyQXyQ%20mm%20/T%20.or*62Xyht%20%22pmoc%22%20thgi%20melpoep%20emoS%20%20Qe%20int%3CQyXQ%20si%20yeans%3E%20oN%20.olos%20sdroch%20eht%20yalp63*%3C%20melodm%20tahoc%22%20od.%3EXyluoc%20uoY%20%20QyX8*6%3CQyXQyXQyXQyXQd%20alseyalpti%20yahe%20codrow24*%3C%20%3Ereht%20oni%20%2Cnoitces%20ads%2C%20plt%20%22pm%20as%20a%20chordal%20solo.%3EXyQXyQXyQXyQXyQ%3Cb%23%3E%20%3DPop-Rock%2012/8%3D146%3D3
a0f57c21-9899-4776-9ad3-8ea45526c2fc,irealb://Minor%20Blues%20%28Gm%29%20%2D%20DJC%202s=Reinhardt%20Django==Gypsy%20Jazz=G%2D=10=1r34LbKcu7yX7D%3E%2A69%20%20596%2A%3CZL7bE%3Exx6x56%3C%206%2DGl%3Exx32x3x45xx%3Ci%2A%5BY327%2A%3C23xx%3E7D%3Exx54x5%3CZL7b%3EExx65x627%2A%3C%206%2DGXyQ%7CYx3%3C%7CQ%2DG%3Exx%3EG%2D6%20%7CQyX7D%3Exx54x52%2A7%3CZL7bE%3Exx65x6%3C%3C3x23xx32xx32x392x12%3CA%2A%5BYY%5DQyX6%2DG%3Exx32x3%3CZL6%2D%23F%3Exx%2A69%20%206%2A%3C%206%2A%3CZL%206XyQKX%2DC%3Exx87x896%2A%3CZYL%20x%20ZL%20x%20ZL%20lcyQKcl%2DGl%3Exxx54x3xx%3EG%7CQyX7bE%3Exx65x669%2A%3CYZL%20lcKQyX6%2D%3C%2A6652x32727%2A%3CQQ%7C%3C%2A6yX7D%3Exx54x566%2A%7C%3CQyX6%2DG%3Exx32x36Q%5DYY%5ByX7D%3Ex3%3C%7CQ3x23xxx54x596%2A%3CZL7b%3EExx65x6%3C%206%2DGl%3Ex%3ED7Xy%20%20QyXxx32xG%2D6%20%3CY%7CQyX7D%3Exx54x5Z%3CL7bE%3Exx65x686%2A%3C%2A743%3Exx32%206%2DG%3E%3C%2A0263%3C%7CQyX7D%3Exx54x257%2A%3CZL7bE%3Exx65xx23xx%206%2DG%3E%3C%2A722x12xx%3EF%23%2D6LZ%3C3x23xx%3EG%2D6XyQZ%20=Jazz%2DGypsy%20Jazz=160=2
a0be18db-af8a-43e4-9f8a-f5025e879405,irealb://All%20That%20She%20Wants=Ace%20Of%20Base==Medium%20Swing=A%2D=0=1r34LbKcu7ZL%20ZL4A%2DLZLFZLEZL%2DDZL%2DAZELZLGZL%2DAZL%2DDZLGZGLZE4TA%2A%5BAZL%2DDZ%20LZ%7BL%20ZL%20%7C%7D%20%2DDZLGZ%2DLAZL%2DDZLGZL%2DAB%2AZA%2DLZL%20ZL%20B%2A%2CZLLZ%20LZL%20ZL%20ZL%20ZL%20ZL%20LZ%20%2CA%2A%2CZL%20ZL%20ZL%20Z%20LZ%20%2DDZL%2DZL%20ZLLZ%20LZL%20ZL%20ZL%20ZL%20%2CA%2AZ%2CL%20ZL%20ZL%20ZL%20ZL%20Z%20LZ%20%20ZL%20%2C%20ZL%20ZB%2C%20LZZL%20ZL%20ZL%20ZL%20ZLZ%20L%20ZL%20ZL%20ZL%20ZL%20%20LZ%20L%2A%2CZL%20ZL%20ZL%20LZ%20LL%20ZL%20ZL%20ZL%20ZL%20LZ%20ZL%20ZL%20ZL%20ZL%20ZZ%20LZ%20ZL%20ZL%20LZ%20LZ%20LZ%20LZ%20LZ%20LZ%20LZ%20LZ%20%20Z%20=Jazz%2DMedium%20Swing=120=3
a096366b-0d03-4fbe-adff-d7fae2088fb9,irealb://4%20Bars%20Altered=Charts%20Practice==Medium%20Swing=C==1r34LbKcu7B%7cQyXtXyQ%7cx%7cQyXx%7cQyXtla7%7cFQyXx%7cQyXx%7cQyXxXyQ%7cxla7C%5bA%7cQyXXyQ%7cxx%7cQyXx%7cQyXtla7Eb%7cQyXx%7cQyXx%7cQyXXyQ%7cxtla7bG%7cQyXXyQ%7cxx%7cQyXx%7cQyXtla7Db%7cQyXx%7cQyXx%7cQyXXyQ%7cxtla7b7E%7cQyXyQ%7cxXx%7cQyXx%7cQyXtlaB7%7cQyXx%7cQyXx%7cQyXyQ%7cxXtla7bla7D%7cQ%7cxXyQyXx%7cQyXx%7cQyXtal7A%7cQyXx%7cQyXx%7cQ%7cxXyQyXtlatXyQ%7cxXyQ%7cxXyQ%7cxXyQ%7cG7altXyQ%7cxXyQ%7cxXyQ%7cxXyQ%5d%20==0=0
a00b7361-2203-4ea6-8fe1-1e48204b01ac,irealb://La%20Solitudine=Pausini==Medium%20Swing=C=0=1r34LbKcu7L%2DAZLStrofohC%3CZL%20ZL%20ZL%20Z%20LZL%20ZL%20ZL%20ZL%20%3Earus%3EC%3C44T%5BZL%29E%28GLZ%20LL%2DAZL%29B%28CZLC%3EaofrtS%3CZL%20ZL%20ZL%20ZZFLZCZL%2DDZ%3EegdiLZ%20LZ%20ZL%20ZL%20ZL%20ZL%20Z%20LZL%20ZL%20%3EsurohC%3CLZ%3CBrGZL%2DDCZLF%3EZ%20LZ%20c%20emoc%202%20xortu%3COZL%20ZL%20ZL%20ZL%20ZLhorusL%20ZL%20%20ZL%20ZD%2DLZGZL%20ZL%20ZL%20ZL%20ZLZGL%2DDZL%29E%28CZLFZL%20LZ%20LZL%29E%28ZL%20ZL%20LZ%20LL%20ZL%20ZL%20ZL%20ZL%20LZ%20ZL%20ZL%20ZL%20ZL%20ZZ%20LZ%20ZL%20ZLL%20ZL%20Z%20LZ%20%20ZL%20ZL%20ZL%20ZL%20Z%20LZL%20ZL%20ZL%20ZL%20ZLLZ%20LZL%20ZL%20Z%20LZ%20LZ%20LZ%20LZ%20LZ%20LZ%20%20Z%20=Jazz%2DMedium%20Swing=100=3
a081a48b-8c81-482f-b45f-c70af248ed6d,irealb://O%20Sarracino=Composer%20Unknown==Medium%20Swing=A%2D=0=1r34LbKcu7BZL%2DD%2DLZD%2DLEZL%2DAZLEZL%2DDZ%2DLAZL%2DDZL%2DAZLEZLZA%2DLZA44T%5BZL%20ZLZF%2CE%7CL%20ZL%20ZL%20ZL%20%3Elotrep%20navaraC%3CZL%20Z%20LZ%20LEZLbL%20ZL%20Z%20LZ%20%20ZL%20ZL%20ZL%20ZL%20Z%20LZL%20ZL%20ZL%20ZL%20ZLLZ%20LZL%20ZL%20%20ZL%20ZLZ%20LZZL%20ZL%20ZL%20ZL%20ZLZ%20L%20ZL%20ZL%20ZL%20ZL%20%20LZ%20L%20ZL%20ZZL%20ZL%20LZ%20LL%20ZL%20ZL%20ZL%20ZL%20LZ%20ZL%20ZL%20ZL%20ZL%20ZZ%20LZ%20ZL%20ZLL%20ZL%20Z%20LZ%20%20ZL%20ZL%20ZL%20ZL%20Z%20LZL%20ZL%20ZL%20ZL%20ZLLZ%20LZL%20ZL%20Z%20LZ%20LZ%20LZ%20LZ%20LZ%20%20Z%20=Jazz%2DMedium%20Swing=100=3
a0136f0a-9e24-452b-b9c2-519ffe1a2ca5,irealb://Abre%20Los%20Cielos%20I%3DRosario%20Ingrid%3D%3DBallad%3DF%3D%3D1r34LbKcu7XsusC4D-%20CBZL-D%20bB%7CQyXA/ZFLbB%20C%7CQyXB/GZLb%20FLZ4Ti*%7BGZLC%20yQ%7D%7B*...nev%20utirips%20eneV%20%20QyX66*%3CQA..%3ED-XC%7CQy6*%3CB*%7CC%2C%20BC%7CQyXCZLF%20bBZLD-%20bB%7C%7CQyXA/FZLbXyQ%7D%7BQyXB/yX-D%7Cre%20lo%7CQyXC%7CQyX*7jamb*B%3E....soleic%20sA-XyQbA%20%20996*%3C2XyQ%7CC%20Q%20%20%3EB%2CA%20oT27*F%3C%7CQyXsusF1N%7CQyX%7D%7B*CN-G%7C%7CQB%28%20%20Ca%20todD%7CQyX-G%7CQyXbE%3E.%20..lortnoc%20le%20o-XyQ%7CmoT%20%20%29%20%28C%29%7CEbXyQ%7CG-XyQ%7CD-XyQ%7CC%20%3C*69To%20B%3E%20%20%7D%20%3DJazz-Medium%20Swing%3D100%3D3
a0e78d64-8e59-480f-bfc9-33e18338199f,irealb://Lluvia%20Viene%3DJos%C3%A9%20Luis%20Reyes%3D%3DBallad%3DC%3D%3D1r34LbKcu7QyXG%7C4A-%2C*%7CQyX%2C-D%7CQyXF%7CQXyF%7CQyX-AZL%20B*%20AD-XyQ4Ti*%7B%7CGXyQ%7D%20%3DJazz-Medium%20Swing%3D100%3D3
a05f6d05-8597-45a4-a342-d91b61923500,irealb://Borro=Worship%20Elevation==Worship=C==1r34LbKcu73T%7CQy4CXyQZL%2CF%20C43TA%2A%5B%7DQXyCZLG%207%2DA%7CQyXx%7CT44CX4Ti%2A%7BF%20G437%2CLZTC44TZL%29C%28F%29G%28%207%29%2DA%28C43T%7CQyXF44XyQ%7CT%2DA%20G4%7Cp%2CC%2A%20%7B%2ABA%2A%2CC2NZLC1NZLG%20%2D7AZLF%20CZLB%2FG%207%2Di%20%7D%5B%2CQyX%5D%20%2C%20%2Ci%2A%7CfA%2D7%2C%20%2CB%2A%2C%20%2CC%2A%2C%5D%20CLZF%207%2DAZLCfZLFf%20%2AB%2C%20%2Cp%7Cp%7Cp%2Ai%2C%20==0=0
a075c85c-1327-4ec1-bc7e-22c1ab1aaf6b,irealb://Bueno%20Es%20Dios%20%28JS%29=Sebastiano%20Juanse==Worship=C==1r34LbKcu7%5BT44C%2FEXyQ%7CFXyQ%7CC%2FEXyQ%7CFXyQ%5D%20==0=0
a0bb1adb-3f7b-475c-adba-fe110be53338,irealb://Dar%C3%ADa%20Todo=Adrian%20Jesus==Rock=Eb==1r34LbKcu7%7CQyXC4D%23XyG%7CQyX%23DA%2A%5B%7DQyXG%23%7CQyX%2DC%7CQyX%23G%7CQ%23XyQ%7C4Ti%2A%7B%20%23G%7CQ%7CF%2D%20CLbB%20%23GB%2A%5B%7CQyXGQ%7CyX%2DFZL%23G%20%23CZL%2DZC%2DXyQyX%23G%20%3EA%20o%23XyQ%7C%2A%3C%20%23DZLbB%20%23GZLD%23%2CD%2FbB%2CAZL%23G%20%2DC63%20%20TDZLbB7%2A%3CD%2AD%23%20C%2D%23G%7CQyXbB%7D%20%23G%3E3QxyXQyX96%2A%3C%20%23CZLXyQ%7C%7BC%2A%7B%5D%20X%2DGZLe%3EBb%20LbB%20%2DD%7CQyXFZLEC%2F%20D%2FbB%7CQyX%2DDZLCZC%20D%2DbuS%202yQ%7CCXyQ%7D%5BQF%20D%2DLZG%2D%20CLZF%20D%2DLZG%2D%20CLZFXyQ%7CFXyQZ%20=Pop%2DRock=115=1
a08c463d-e0c0-4442-8089-82de9a40787c,irealb://Quiero%20M%C3%A1s%201=Barrientos%20Marco==Balada=D==1r34LbKcu7%20%2DBZL4%3C%2A69ZL%2DB%20%2D%23FZLG%2FA%20%3EG%2E%2E%2Es%C3%A1m%20oreiuQ%20E%2D%20F%234TA%2A%7B%20D%3EreZG%20D%2F6%2A%3CB%2A%7B%7D%20A%20GZL%23%2FFD%20%2DEZL%2DB%20GZL%23F9%20IntLA%2F%2DBreiuq%23%2C%7ClG6%2A%3CB%2A%7B%7D%2CAs%20%20Gl%2C%7C%23F%2FDs%20%20DlZLs%20%209%20Yo%20F%2FDs%20o%20m%C3%A1s%2E%2E%2E%3ElD%20A%2FC%23LZG%2FB%20ALZD%2C%20B%2D7%2CLZlG%20A%20%7D%20=Pop%2DSlow%20Rock=70=3
a0f929e4-26b8-4564-91aa-1bd8d66d59df,"irealb://Aquel%20Que%20La%20Buena%20Obra%20Empezo=Steve%20Green==Ballad=G==1r34LbKcu7%2A4sus4G,%20ByX%7CQyXrZLQyX%7CQXyrZL,D%20,CZL,%2Am%2AQLZE%2A4TA%2A[ZLQyXE,D%2FFZL,D%20,D%2FC%7CQyX,m%2A%2AAB%2A[]%20,%23G%2FE,%23rXyQ%7C%7CQyX,A%2Am%2A,%20G%2FB,LZC,%20D,LZG,%20B%2Am%2A,LZC,%20DLZGXyQ]%20==0=0"
a0b33d0f-cf0a-4a47-9ae4-75d8c5fecf2f,"irealb://Espiritu%20Santo%20%28ven,%20en%20honor%20a%20Ti%29=Valera%20Misael==Balada=C==1r34LbKcu77%5EF%7CQ4%3C%2A69%7CQyXsusC%7CQyX,C%29%3Eacinot%20ladeP%28%20A%2D7Xy4TA%2A[sE%20,n]{%2AiN%2A%3CA%2A{}QyXx%7CQyX%2FEC%7CQyXx%7CQyX7%2DA166%20VeQyXC%2F66%2A%3CBu%20venXC%2F7%5EF%7CQyX7%2DA%7CyQXsusC%7CQyXC%3E%2E%2E%2EyQ}[%2Atirip%7CQyXConor%20%7CQyX7%2DA%7CQyX,7%2D%7CDQyXE%2FC%3E%2E%2E%2Eit%20aFXyQ%7Ch%20nE%20{]QyXyQ%7CA%2DE%2FC%7CQyXF%7CQyX7%2D2ANi%2A[]QyXF%7CQyX7XyQ%7CGX,7%2DDQyXE%2FQ%7CCsu7%2DD%7CQyXC%7C}QyXC7%2F%5EF%7CQyX7%2DA%7CQyXsXyQ%7CCyXCA%2Aa%20ron%7CC%2FEX%2066%2A%3CB%2A[]QyXA%2F%7CFQyXG%2FC%7CQyXF%7CQyEn%20hoQyXF%7C%20ti%2E%2E%2E%3EC%2FE%20==0=0"
a0e1d089-d9f6-41d2-bc5e-db8e40b993ab,"irealb://Feliz%20Cantando%20Alegre%20%286%5C8%29=Publico%20Dominio==Hymn=C==1r34LbKcu7G%7CQyX4C%20D%2D%23C%2FA%207%2DAZLB%2FG%20ZCLG%20F%7CQyXE%2FCZL7LZD%2D74TA%2A[XE%2FCZ%20CsusG%7CQyXFZL7C%20CZL%2D7D%20E%2FCZL7%2DD%20CZL%20G%2FFLC%7CQyX],A,B7%20GLZLG%207%2DDZL7%2DA%20G%2FZCL%23F%2F+F%20FZL7C%20CZC,C,%2DD%7CQy%20G%2FCZG%2FFLZF%20Fl%7C,7C,%2DGs%20EC%2FZLF%2FG%20G%7CQyXE%2FC+%2FF%23L%20GB%2A{XCZLGD%2D7%20GL7%2DA%20G%2FCZL%23F%2F+%20FFl%7C,7C,%2DGs%20CZLZD%2D7%20ZL7%2DAyQ}%20=Jazz%2DMedium%20Swing=100=3"
a021c90b-c152-4484-b53d-3fe8c2381d91,irealb://You're%20Still%20The%20One%3DTwain%20Shania%3D%3DPop%3DF%3D%3D1r34LbKcu7%20ZLC%20%20LZ%20FB%20ZLF%20ZL%3Ex393*%7D%3C%20C%20ZL%20bB%20ZL%20A/bLZN1F%20A*%7BL%20F%20ZN2%20C%20L%207-G%20ZL%20%2CbB%20Z%20L%2CF%20ZL%20%2CbB%20B*%7B%5DZ%20C%20LZL%20%2CCZ%20Bb%20LZ%20C%20%20%7D%20%3D%3D0%3D0
a094e548-245e-4a0a-99ad-dbbe5395910d,irealb://1265%20%3D-%3D%3DMedium%20Swing%3DC%3D%3D1r34LbKcu7G%7CQyXLZxLZX-D%7CQyXC%7B%7D%20xZLG7ZLxZL-AZLxZL-DyQ%7CA-C44T%7B7XyQ%7D%7BC%2C%20D-LZA-%20G7LZXyQr%7CXyQ%20%7D%20%3D%3D0%3D0
a0f295bc-9bae-4c65-83ea-df65ed56e9a0,irealb://69%20Sea%20Shanty%20%28Country%29%20Dm=Composer%20Unknown==Country%20Folk=D%2D==1r34LbKcu7%2DDZL%3E%20%3ED%2DXAZL%20lcKQyX%2DDZLl%20cKQyXCZL%20lcKQy%2D%20%20%3C%20%3C44T%7C%20%20%3C8x%3E%20%7D%20==0=0
a0e52ef3-627c-4879-ba49-e93e5d1ac9f5,irealb://8b%20la%20Demande%20brs15%3DAttaingnant%3D%3DDanse%20Renaissance%3DC%3D%3D1r34LbKcu7%2C-D%3Eb44sn%2C6*%3CA*%7B%20QyXQyXQXyQyXQyXZL%2C-G%2C-G9%20aabTi*%5BY%2C-G%2CFb%2CLZDF%2C-G%2C-DZLQyX%5D%20G-%2C-G%2C-DZLE%2FA%20%2C-%2CC-%2C%7CE%2F-C%20B%2CbB%2CN1G-X%20QyX%5D%20F%2CF%2C-G2NQ%7CyXQyXQyXQyX%7DQy%7B*BD-%7C%2CD%2CD-G1NZ%20C-%2FEC%2C-GZLbB%2CbB%2C-DLZQyX%5D%20F%2CF%2C-DZLb%2FE%2CDL-GZLb%2CF%2CF%2C*A%20%7DXyQXyQXyQXyQ%7CUN2G-XyQZ%20%3DPop-Bluegrass%3D240%3D3
a006bc68-014d-4181-a139-1e14f5186c74,irealb://Autumn%20In%20New%20York%3DDuke%20Vernon%3D%3DBallad%3DF%3D%3D1r34LbKcu7L7-A%204G-7%209b7D%207-AZL7-G%20%5E7FZL7C%206bBZL7-ALZG-74T%5BA*yX7%5EbC7LZAE%207-bB%7CQyX7-G%5B*B%5DQyX9b7D%7CQyX7hb7LZA%206bBZ-G%5BC*7b9LZC%207C%7CQyX7%5ECZL97bG%207hDZL7hA%207-C7%235%20%5DGpp%7CQ-bEZLLZBb6-Cl%7C%2C7bD%2C7Ds%207A-ZL7-G%207%5EFZL7C%207%20D-77-A%207%2C7-bE13LZBZL9b7C%207-F%5BD*%5DyQX7bGZL7-bA%206-bF-7%20sb7F%206X-FUZlDb%5E7%206-bBZL7-A%207-GLZ7bA%207%5EbDZL7bA%20C7b9L%7C%2C7bAyQ%7CppD7b9%20Z%3DJazz-Ballad%20Swing%3D60%3D2
a0dea0f1-43a3-4941-8613-b82e95417de7,irealb://In%20Your%20Own%20Sweet%20Way%3DBrubeck%20Dave%3D%3DMedium%20Swing%3DEb%3D10%3D1r34LbKcu77bD%2074Ah7%207%5EbE%207bBZL7F%207C-ZL7C%207-GZL9b7DLZAb-4T%7BA*E%7CQyX7%20B%5E77A%207-E%5BB*%7D%206bE7%20bBZL7B%20tla7FZLLZD%5E7%5EbGZL%5BA*%5D%20LZD%5E7GZL7bA%207%C3%B8DZL7A7%20-EZL7G%207-D%7CQyX7%20C-77A%207-7%5EbGZ7b9LZ7-bAZL7%5EbE%207bBLZ7F%207-CZL7C%207-G%20Db7LD%207hA%20ZL%20lZF7al%297-bE%28sus7bA%5BC%5D*%206bE%207bBZL7B%20tXyQKcL7%5EB%20x%20LZ%20x%20LZAb7sus%28Eb-7%29XyQKcl%20LZ%20x%20LZ%20x%20%20Z%3DJazz-Medium%20Swing%3D100%3D2
a0dcd05c-7859-45f4-ac0d-6c65f20e603e,irealb://Just%20Friends%3DKlenner%20John%3D%3DMedium%20Swing%3DG%3D%3D1r34LbKcu7QyX7-4C%5E7XlcKQyX7%5EG%7CQyX7%7CFQyX7-CZL%20lcKQy%20LZBb4T%5BA*AZL%20lyQ%5D*B7A%7CQyX7-E%7CQyX7G%5E%7CQyX7D%7CQyX7-A%5BXyQKcX7bE%7ClcKQy%7CD7%20GQyX7F%7CQyX7-CZLl%20cKQyX7%5EC%5BA*%5D%207%7CG%5E7XQyX7-yX7-E-7XyQB%207h%23F%7CQyX7D%7CQXy7-A%5BC*%5DQyX7bE%7C7b9LZbBZL%20Q%7CA7XyQ%7CA-7%20D7LZUG6XyQ%7CD-7%20G7%20Z%3DJazz-Medium%20Swing%3D100%3D2
a084b8a7-58ae-4869-ac91-ac491b448918,irealb://Night%20And%20Day%3DPorter%20Cole%3D%3DMedium%20Swing%3DC%3D%3D1r34LbKcu7%7CQyX%294Ab%5E7%5EbAZL%20lcKQyX7%5E%7CCQyX7G%7CQyX%297hD%287%28Dh74T%7BA*-D%7CQy%7CC%5E7X%7CQyX7-E%7CQyX7-FQ%7CyX7h%23FZL%20lcKQyEbo7XQyX7G%5DQyX7G7XyQX7%5EC2NZL%20QyXQy%7DX%20%20lcKQyX7%5EC1N%7CyQ%7CBb%7CQyX7lcKQy%5E7XyQL%20lcKQyX7%5EbEZLl%20cKQyX7%5ECZL%20lcKZC%5E7XbE%5BB*yX6C%7Ch7XyQ%7CQyX7-D%7CQyX7ob%7CEQyX7-E%7CQyX7-F%7CG7XyQ%23FZL%20QKcl%20%20Z%3DJazz-Medium%20Swing%3D100%3D2
a07822a6-a64e-4917-9549-f36cfcdd5554,irealb://Virgo%3DShorter%20Wayne%3D%3DBallad%3DF%3D%3D1r34LbKcu77-F%7CQ4F%5E7X%7CQyX7%5EAZL31bB%20h7DZL7bE%207-bB%7CQyA-7Xy4T%5BA*GZL7DZEh7%20L7F%207-C%7CQyX7-DB%5B*%5DQyX7%5EDZL31bEZEb7%20L7bB%20QyX7%5E7LZDb%207%23F%207-%23C%7CQyX7G-ZL7G%207-D%7CQyX7%5E%5D*C%5BFbA%207-bE%207h%20Eb7LB%207-F%7CQyX7-A%7CQXy7%5EAZL31bB%207hDZb7LZE7-bB%7CG%7CQyX-7%20Db5%237A%205%237E%7CQyX7b%5EBZL7F%207-CZL5%237LZD-7DZL31-7%20C7%20Z%3DJazz-Ballad%20Swing%3D60%3D2
a019a5fe-991d-4a37-9d08-bcbd20b99dca,irealb://Easy%3DCommodores%20The%3D%3DPop%20Ballad%3DAb%3D%3D1r34LbKcu7%7BYZLb4Ab%20C%207-bBZL7-C%20bAZbLE/-bB%207-bBZL7-Bb-/E4Ti*%5BB2N%7C%7DC-7LZbB%207-bB1NZL7-Cb%20AZLbE/-bB%207-bB-/Eb%20%20bAA*ZLbE/Q%7CBb--bBZL7-C%20bAB*%5B%20Y%20QyXQyX%5DQyXbE/7%20Bb-yX7-bLF/bD7LZBbbE/-bB%207-bBZL7C-%20bAZLbE/-bB%207-LZGb%20-C%20bA%20bG%7CQQ%5DY%5B*EZL7-F%207%5EbG%7CQy7X-bEZL7-F%207%5EbGCb-7XyyXbAZL%20BZLEb-7XlFQyXQyX42*%3C%7C%5Db%20D%20-bEZLbG%20B%7CQyat%3EB%20ZL7-F%20B*%20A%20Key%20QyXQyXQyXQyX%3E2x%20%20surohc%20egnahc%20*i%20*33*%3CZ*A%20*B%20*C%20*A%20*B%20*B%20%3D%3D0%3D0
a056b80b-f34b-468b-8ee1-ba639af0c55b,irealb://Bye%20Bye%20Blackbird%3DHenderson%20Ray%3D%3DMedium%20Swing%3DF%3D%3D1r34LbKcu7hA%7CQy4F%5E7X%287%5EFZL7C%207-G%7CQXy7%5EFZL7C%207-G%7CQyAh7%29X4TA*%5BX7C%7CQ9%29%20D7%7CQyX7D%7CQyX7-G%7CyQX7C%7CQyX7-GZL9bG-7Xyb7D%2877bE%7CQ7XyQ%7C%287E%7CQyX7FB*%5BY%5D%20%20lcKQyX6F%7CQyX7CF7%29Xy-G%7CQyC%207-G7b9Xy%5EF%5B%5DQyX7C%7CQyX7DbZL%20lcKQyX7-G%7CQ7XyQ%7CD%7CQyXQyX7%5E7%28Ah77C%7CQyX7-GZL9b7%20D%299b7D%287hA%7CQyX%29XyQ%7CF%5EFZL7%7CG-7%20C7%20Z%20%3D%3D0%3D0
a0f5f348-669b-4513-a552-4d75f37186ac,irealb://Moanin'%3DTimmons%20Bobby%3D%3DMedium%20Swing%3DF-%3D%3D1r34LbKcu7eniF%3C4n%20BbyXZLQyX%7CrQyXZLyQX%7CrQyXZL%20n%2CFZLQr%7C%20%204TA*%7B%207-bB%5B*BBb9b7F%7CQyX7-FZL97%23C%209b7GZL9bA%207-%20B7LZY%7D%20%20%3ES%20%3CA*G7b9XyX9b7C%3EeniF%20la.%20C.D%3C%7CQyX7hG%7CQyQ%5DY%7BSZL9bA%20%7CrQy%3EF-7%20X%7CrQyXZLQyX%7CrQXyZL9b7C%207GZL7bAyQLZX:soloL7B%209e%3E%20%20%7DyX7-FZL9%237C%209bG7ZL9bA%207-bBB*%5BYQ%7CF7bniF%3C%20ZBb-7%20Ab9LZG7b9XyQ%7CGh7XyQ%7C%3CD.S.%20al%20Fine%3EC7b9XyQ%5D%20%3D%3D0%3D0
a02d450e-650a-455d-8724-3ad4df2f069b,irealb://Roll%20In%20My%20Sweet%20Baby's%20Arms%3DTraditional%3D%3DBluegrass%3DG%3D%3D1r34LbKcu7XG%7CZL4GXyQyXDZL%20lcKQyX%2CGLZ%20x%20ZL%20x%20ZL%20lcKQKcl%204TA*%5B%20lcKQXyQ%7CC%5B%5D%20%20lcKQyXGZL%20clKQyXDZL%20lcKQyX*BGXy7G%7CQyKQyXCLZ%20x%20G%7CQyXG%7CZL%20lcKQXyDZL%20lcKQyX%2CGZL7XyQ%7C%20x%20ZLcl%20LZDXyQKcl%20LZGXyQKcl%20%20Z%20%3D%3D0%3D0
a0f83955-b751-4921-a407-f5f897b671e3,irealb://1999%3DComposer%20Prince%3D%3DMedium%20Swing%3DF%3D%3D1r34LbKcu7%20ZL%20b4%3CRifZLQyXZLQyXZLQyZXLQyX%3E1%204%201%20i%20f%7B*B%20B4TA*%5BD-7%20LZ%20%3CRiff%20i%201%204%201%3EXyQ%7CXyQ%20%7D%20%3D%3D0%3D0
a0e34e9d-d8d3-41dd-a084-15677229d20b,irealb://Change%20The%20World%3DClapton%20Eric%3D%3DPop%3DC%3D%3D1r34LbKcu76E%207E4E%20E6EZL6E%20EA*%7B%7CQyXZEL6E%207E%7CQyX7EZL7XyQ%7C4Ti*%7CL6E%207Q%7D%7CA%207EZL6E%20E%7CQyXAZ6LA%207A%7CQyX7AZL6AXyQ%7CEyXEZL%7CQyX7yQ%7CsFL7%23G%205b7-%23Ds%7CQXy7-%23ClZL7%23G%207-%23ZlC%23-X7%23GZ%2CG/oE7b5%20GsZL%23G/2E%20AlZL7B-%2C7-C%2C7-%23CsZL7%23E/G%23%2C-%23Ds%7CZL%23G/Q%2CLZY%3Ex3%3CQ%7C%5DQyX%297B%28yQX%3Estaeb%20623*%3C%7ClA%20E2%2C7-%23FsE/G%23%2CEo/G%2CF%23-7%2CLZ%3C*326%20beats%3EXyQ%28B7%29XyQY%7CflEXyQZ%20%3D%3D0%3D0
a0ddefe2-638b-467e-afba-8bce1ae0f8d3,irealb://Afro%20Centric=Henderson%20Joe==Up%20Tempo%20Swing=Db==1r34LbKcu7%20x%20ZLb%5E7%231%20lcKQyX7%2DCZL%20xZ%20L%20x%20ZL%20lcKQyX1LZ%20x%20D44T%5B%20ZL%20x7%2311XcKQyX11%237%5EbAZLx%20%20ZL%20x%20ZL%20lcKQyl%20LZ%20%5EbDZL%2DF%7CQyb%5E7%231%5EbG%7CQyX7%2DFZL%20xZ%20L%20x%20ZL%20lcKQyX17%2311XGZL%20x7XyQ%7CGb%5E7%2311XyQ%7CGh7XyQ%7CC%5E7%2311%20%20%20Z==0=0
a09b54a2-bd99-47a3-a89c-9c00693a9bf7,irealb://Aisha=Tyner%20McCoy==Ballad=A%2D==1r34LbKcu7L7C%2074A%2D9XbB%207%2DF%7CQyX9%2DF%7CyQX9%2DA%7CQyX9%2DG%7CQy7LZG%2D4TA%2A%7BB%2C7C%2C%20D7b9%7CQyXQyXQyXQyX%7DE7%2C%2DF%2C7C%2C7Gs1NZLN2G%2D7%2C7%2DAZE%207%5EB%2C%5D%5B%2ABZL11%237bG%207%5EbDZ%20Lx%20ZL11%237D%207%5EAl%20x%20LZ7E%2C7%2DyX9%2DGZ%20x%20L%2DAlA%2A%5B%5D7E%2C7%2DBs7%20%5EAZL7%5EbG%207%5EbEZ9XyQ%7CL11%237%2C7GsZXyQ%7CF7D%20%2C7%2DAZL7C%207%2DZGL7bB%207%2DF%7CQyX9%2Db9%2CQL9%2DA%7CQ7%2DbE%3E%2CE7ZXtir%3C%7C%2C7bB%2C7%2DF%2CC7%2C7%2DGQ%7CY%20%20QyXQy%2E%2E%2E%2E%2E%2DF%2C7C%2CAb7%2ClGb13%20Z%20==0=0
a0b265f4-0c9a-422f-91ce-1dbb79faf3d1,irealb://All%20Alone=Berlin%20Irving==Waltz=F==1r34LbKcu7%5D%20%20lc4FXyQ%7CQyX5%237C%7CQyXFZ%20LlcKQyX7CZL%20lcKFXyQK3TA%2A%5BC%207%2DG7XyQ%7C%7CQyX7E%7CQyXAZL%20clKQyX%2DD%7CQyX9b7AAXyQ%7ChEB%2A%5B%237C%7CQBC%2D7XL%20lcKQyX7GZL%20lKcQyXbB%7CQyX7F%7CQyZC7Xy%2A%5B%5D%207F%7CQyX%5B%2ADFXXC%2FF%7CQyX7bE%7CQy7X%5EbBZL7F%207%2DC%7CQyyQ%7CC7%5DQyX5%2CXyQ%7CG%2D7%20C7%20Z%20==0=0
a0eb2b0b-f6ca-4f21-8356-606321b3e3f2,irealb://Manha%20De%20Carnaval%20%28Black%20Orpheus%29=Bonfa%20Luiz==Bossa%20Nova=A%2D==1r34LbKcu77G%207%2D4A%2DXy%2DAZL9b7E%207hB%7CQXy%2DAZL9b7E%207hB%7CQXyQ%7CD4TA%2A%5BQyX7hXyQ%7CA7%5EF%7CQyX7%5EC%7CQyXG7%7CQyX7%2DD%7CQyX9b7XyQ%7CB7%5ECZLKQyX%2DXyQ%7CA7E%207hB%7CQyX%2DAB%2A%5D%5B%209b7E%207hB%7CQyX%2Db9LZA9b7E%7C9b7E%20Eh7XyC%2F7%2DD%207%2DDZL%20lcQKyX%2DD%7CQyX9b7A%7CQLZBh7ZL%20lc%209b7EA%2D7%2FGLQ%20%20%2DA%7CQyX9b7EQ%7CyX7hB%7CQyX7%5EFZLZBh7%20%20%2DAZLZY%7CQA%2DLZD%2D7%20A%2D7LZD%2D7%20A%2D7LZD%2D7%20E%2D7LZfA%2D%20Z%20==0=0
a0bd612f-e62e-4efb-aac5-480ed3d0b934,irealb://Say%20It%20%28Over%20And%20Over%20Again%29=Loesser%20Frank==Ballad=Eb==1r34LbKcu77%2DCl%7CAEb%5E7Ds%207%2DFZL9%237C%206EbZL7bB%207%2DFZL7C%20h%2CG7%2C%2A%7B44TyX6bEF%2D7%20BQyXQyX%7D%207bB%207%2DZFL7C%207%5EbE1NZL7b%20LZN2ZL7F%20QyX7%5E%20G7%20%5D%207%2DDZL7A%207%2DEZLG7%207hD%7CQyX7%5ECB%2A%5BG7LZC7%2DD%7CQ6bEZLD7LZG%2DFZL7C%207%5EbEA%2A%5B%20%5D7bB%207%2DFZL7C%207%2D7%20Bb7%207%2DA%7CB%207%2DFLZF%2D7%5EbEZL7bB%207%2DFZLF7%207%2DCl%7C%2C7G%2ChDs%207XyQ%7C9%237C%20b7%20Z%20==0=0
a03b52be-9420-49f6-aa2e-35b166af5c0e,irealb://Maria%20Tristeza%201%3DJovelina%20P%C3%A9rola%20Negra%3D%3DSamba%3DG-%3D10%3D1r34LbKcu7AQyX14Ah%20D%5BYYZL%2C7D%20-GZL7%20D7AZLbB%2FW%20-GZL7*A%3C*74Ti*%7C36*%3CZr%20o%20sA%7CQyX-C%7CQyX-G%3E..uecsed%20ale%20oduh%20D7Livuo%20p%20bBZ%20b2%3EGp%20)sus7F(p%7CQyXC-%7CQyX-GZL%2C7%23G%20-(F7)L23456uotor%7C%7B%3CE%20torb%20soibal%20suse%20me%20osirros%20muou%2C%20bp)7D(%20alocXyQ%7CCodnauQ54*%3C%7D%20%2C7%20D-GZL7D%20hA%7CQyX-%20a%20es-G%3E..airaMmba%20c*%3CB*%5BY%20QyXQyXQXyQyXQyX%3Euo%C3%A7nemo65XyQas%20edyX-GZava..C%7CQyXbB%7CQyX7F%7CyQX7-GZL7%5E-G%20-G%3E-%20D7Ltnac%20%20%3Eoo%C3%B4XyQ%7CD%3C-GZL7D%20%3Eoo%C3%B4%20%C3%9466*%3C-CC*%7BYY%5DQyX7*69%C3%94%207bE%7CQG%3E.4%20Eb6%20DN%7CQyXQyXQyXQyX%20%7D%203N%202N%2C7G1NZL70%3C*69ZL7-G-%20D7%2C%20%5D%20%3DLatin-Brazil%3A%20Samba%3D200%3D3
a0b4633d-fe8c-48a1-b7c2-a34128471417,irealb://Sorriso%20de%20Bamba%20-%20iAABC%20ABCC%3DOs%20Originais%20do%20Samba%3D%3DSamba%3DB-%3D2%3D1r34LbKcu7BZL7%2344%3C*6...1313%201QyX5%20yQX1%20QyX3%20QyX1%206%3EE-%20FTi*%7BYQyXQyZ%3C*69yX%7D%207B%20h%23FZL7%23%20F-E%3E..a%20ialalaLQXyQXL7D%20--B%3E..%20F%237%20la%20a%20arucorp%20uvo%20uE%20%2027*%3CA*%7BY%7Degria-B2N%7C%20%20QyXD%20F%237L7%23F%20-EZL7B%20-BLZ7%23F%20DZL7A%20-BZLZ%3C*69ZL-E%20-B%3E..5%20%20%C2%A54%20oreuQ%2096*%3CB*%5B%20YQyX%7D%207%23F%20-B%3E43ouvir%20QyX3%23F(psZB-%2C%3C%7CQyX7A%7C)7%23G(p)G7(p)7%23F(%20%3E%20%2066*p(D)%20L7%23F%20uov%20uB-%20F%23*%3CC*%7BY%5D%207B%207%23FQ%7CyX7%23C%7CQyX-BZL769%20%20El%7Cp)7yX75*ar..%3E%20h%23Fl1NZLl%2C7%23F-%20EZL7B%20DZL7A%20-EB7%20%7D%3Ctnac%20%20on%20r%20vou%20%20meS03*%3C%20%3Erirrso%20uov%20ue%20ratnacpensauE%20%20QaP%20%20Qoffri%3C%5D%20)7B(7%23F%20-BlN2ZL%20QyXQyXQyX%3Er*74Xys%20euqra%20nunca%20mas%20chorar%3EXyQXyQXyQXyQXyQ%20%3C*74XyQ%3E%20%3DLatin-Brazil%3A%20Samba%3D80%3D3
a016b457-2e4a-4f9b-b2db-4a079b09448d,irealb://Amigos%20Meus=Mar%C3%ADlia%20Medalha%20%2D%20Vinicius%20de%20Moraes==Bossa%20Nova=C==1r34LbKcu7X%2C7o%234C6Xy7%5EF%7CQyX%2C7C%7CQyXBb%2F6%2DG%7CQyXB%2F7G%7CQXyQ%7CF4TA%2A%7BG%7CZL%20XyQ%7CFX7%5EFZL7C%20%2C7%2DGZ7LD%207%2DA%7CQyXbA%2F6%2DyQKcl7G%7CQyB%2A%5B%5DQG9%2CXyN%7CQyXQyXQyXQyXQ%7DyX7G1N%7CQyX6C%7CQ2C7Xy%7CQyX7%7CQyX7Kcl%20L%2C7%2DGZL%20lcKQyX%2CF7ZL%20lcKQyX%2C7%5ECZXyQ%7CCQyX7FQyX%2C7yQ%7CF%2DX7G%7CQyX%2C7%2DD%7CQy7XA%7CQyX%2C6%2DE%7CQyX6yQ%7CG%2DX7h%23FX7G%7CQQ%5D%7B%2AC%7CQyX5%237A%7CQyX%2C7E%2D%7CQyX7bB%7CQyX7%5EFD7%2CXyyX7C%7CyQ%7CC6XyQ%7CG7%2CXyQ%7D%20==0=0
a04c858c-8d26-475a-8b1a-d76ae59d346e,irealb://T%27aggio%20Portato%20Na%20Rosa=Colella%20Roberto==Medium%20Swing=A%2D=7=1r34LbKcu7L%2DDA%2A4%3C%2F%2F%2FL%20ZL%20ZL%20ZL%2DA%7C%2CE7%2CFZL%2DA%7C%2C7E%2CF%3E%2FZ%20LZ%7B4Ti%2A%5B%2C%2DD%7C%2C%2DLZD%2D%2C7E%2C%2DDB%2A%7BZL%20ZL%7C%20%7DE%2C%2DBZL%5EC%7C%2C%5EG%2C%7CA%2D%2CGAZLEZZL%20ZL%2D%2CG%2C%7CL%20%2Ci%2A%2C%7DG%2C%2DA%7C%2C7%2CEF%7C%2CG%2C%2DA%7C%2C7E%2C%2DDZ%20LZ%20A%7C%2C7EZL%20ZLZ%20LZ%20ZL%20ZL%20ZL%20ZL%20ZLZ%20L%20ZL%20ZL%20%2CA%2A%2CZL%2C%2AB%2C%20L%20ZL%20%20ZL%20ZZ%20LZ%20ZL%20ZL%20ZL%20ZL%20ZLZ%20L%20%2Ci%2A%2CZL%20ZL%20ZL%20LZ%20LL%20ZL%20ZL%20ZL%20LZ%20LL%20ZL%20ZL%20ZL%20ZL%20LZ%20ZL%20ZL%20ZL%20ZL%20ZZ%20LZ%20ZL%20ZLL%20ZL%20Z%20LZ%20%20ZL%20ZL%20ZL%20ZL%20Z%20LZL%20ZL%20ZL%20ZL%20ZLLZ%20LZL%20ZL%20Z%20LZ%20LZ%20LZ%20LZ%20%20Z%20=Jazz%2DMedium%20Swing=120=3
a0119471-0bf6-4071-a8f7-aa096cb94778,irealb://Bare%20Necessities%20%28The%20Jungle%20Book%29%2C%20The%3DGilkyson%20Terry%3D%3DMedium%20Up%20Swing%3DC%3D%3D1r34LbKcu7yX7Al4C7%20%20Cs%20%20C%7CQyX7FZL%5E%20FF%7CQyX%2C7Cl%7C%2C7Bs/Bb%2C%7C4TA*%5BZL7A%20yQ%7CG77FZL%5EF%20F%7CQyX7CQ%7CyX6CA*%5B%5D%205%237G%20XyQ%7CCX7D%7CQcKQyXLZC%20FlcKQyXCZL%20lcKQXy7GB*%5B%5D%20%20n%2CCZL7%20LZG77G%207DX7A%7CQXyQ%7CC%7CQyX7D%7CQyXC%7CQy-XF%7CQyXFC*%5B%5DQyX7A-7XyCZL%20lX7-DZ7%20%20sAQyX7AZLbB/7C%20Cp%7C%2C7Gl%2C7D%2C7-D%7C%2C7Kcl%20L-D%7CQyyXCUQXyQ%7CCQyXZ%20%20n%2CCZL9bBC%20ZL7G%207-DZL7-A%20XyQLZ7G%7CQyQ%20Z%20%3D%3D0%3D0
a06bcdc1-b2fe-40db-92de-f387022c8ec1,irealb://Used%20To%20Be%20(RBB)%3DMonroe%20Bill%3D%3DBluegrass%3DC%3D0%3D1r34LbKcu7%20ttaMhe%20Re%7CdranoeL%E2%80%A2laH%7CkooB%20ssargeulB%20laArr.%20T45*%3CcnI%20cer%2F%2F(lleppahcinU%20%20QXy5591%20%20QyX).deM%20MusinnilFZLp%20FQXyQXZL%20x%20ZL%20x%20ZLp%204C4Tv*%5B%20QyXQyXQy%20x%20LZyX%3E%20.ZLp%20CC%20pLZZLp%20FZL%20x%20ZL%20xZ%20L%20x%20ZLp%20CZL%20x%20G%20pLZZLp%20GCZL%20x%5B*CSFGZL%20x%20ZLp%20FZL%20%20xZLp%20CZL%20x%20ZLp%20%20pLZ%20%5D%20%20x%20rof%20rx%20LZ%20los96*%3Cp%20CZLQpG%20ZLp%20FZL%20x%20ZL%20xo%20ove%20ZLp%20m%20%3ELZ%20x%20%3CD.S.%20al%20Coda%3E%20%5D%5BQC%20pLZ%20x%20%20Z%20%3DPop-Country%3D180%3D1
a06fcbd2-83c2-4071-861e-ee764fceed31,irealb://Yo%20Te%20Bendigo%20%20-%20%20T%3DJ.%20De%20D.%20Filiberto%20%2F%20A.%20Bruno%3D%3DTango%3DB-%3D0%3D1r34LbKcu77h%23CZ4B-%20FL7A%20-EZL7B%20DZLA7%20-EZL7B%20-BZL7%23ZD%20GL4TA*%5B7G%20DZF%237XyEZL7B%20DZL7A%20-EQ%7CyX-BZL7%23F%20-B%7CQ-%20A7LZL7G%20D%207-A7%20F%237ZL7A%20-E%7CQyX7A%7CyQXDB*%5B%5D%207A%20-BZLDXyQ%7Ch%23CZLQyXGZyQ%7CA7%7CQyXDZL%20lcKQyXA7%7CQyXD%7CQyXD%7CQyXD%20D7LXGZL77%23F%7CQQ%7CD%20FZL7h%23C%20-B%7CQyX-ZBL7%23F%20-BC*%5B%5D%207%23F%237XyyX7A%7CyX-EZl%20LZCQyX7BZL7h%23C%20%2C-%7CBQyX-BZL7%23F%207h%23Kcl%20LcKQyXQ%7CE-%20G7LZF%237XyQKcl%20LZUB-XyQZ%20%3DLatin-Argentina%3A%20Tango%3D100%3D3
a00a7c38-36fe-4404-85a0-28864a440497,irealb://See%20Emily%20Play%3DSyd%20Barrett%20(Pink%20Floyd)%3D%3DRock%3DG%3D7%3D1r34LbKcu7%20x%20l%7C44%3C*7%2C7Ds%7B%206-A%20%2C-A%7CyQX5A%3E221%20mpb%20%204A-%2CppTi*%5BY-A%7CQyASlGX%20-EZL%20E%2F-A44TZ%23LF%2FD42TZL%20lcKQyLZC%5EX*%7BY%7D%20QyXEZXyQ%7CprQyX%7CQyXD%7CQyXEBl*%5BY%5D%2CD%2FW%2CB%2FWsp%7CXyQLG%7CQyX%20%3C%7CQyXyQ%5BTL%20np%7CQyXGlYZLQsx%20ZL%207A44TZLA42ZN1nXD%2F7E%7CA%3Eoloal%202nyX66*%3C2N%7BY%20%20QyQXyX%5DQyXn%3E.dnE%20dQXyQs%20.S.DXQyX%5DKcl%20%3CadoC%20la%20.S.D%20%3CQ%7CyX%2C-A%5B%7D%20%3Ex736*%3E%20x%20%20QyX%2C-s7D%3EtY%5BQG%20af%20QyXQyX%3CUZL%20D6ZL%20sus7DZL%20DZLde%20ouY%20%20Qyus%20%20f%20Z%20%3DPop-Rock%3D122%3D1
a08e3c85-d6a5-445a-86f1-7bb6101e0ac7,irealb://Apesar%20de%20Voc%C3%AA%20%20-%20In%20AB%20ABBB%20In%3DBuarque%20Chico%3D%3DSamba%3DD%3D9%3D1r34LbKcu7LxZL%204%3CAma7A%2096D%3E..aid%20otruo%20res%20iav%20ahn%235LZx4Ti*%7Bnam%20m%20%7D%7CN2%20%C3%AAcov%20ejoH%3CSA*Y%5BY%5D%2C7%23F%2C7Gs%2096D%C3%A9%20que%20x1NZ-BZL5alou.96DZL7A%209EZL7Bh%20%23FZLobB%207-Bl%3E.%20F%237%23f%20%2CadF/6DZLZF%23h9EZL%297B%28%20%20%29susb97B%287B%7CQyXx%7CQyX%20A7%2CLobB%207ZL%296-%2CLZxXsus9b7BZL%2C5%237%23%20F%5EGZL%2C9D%206-A%7CQy%20B7%28C6-G%20%23ama%20%2C%2CLZD6ed%20rasepA%3C96D%7B%7CY%295%237A%28%20%2C31Al%209%20voc%C3%AA7A%209E7-EZL%C3%A1%20de%20%7CQyX96DB*%5D%20n%20%3E..aid%20ortuo..resx%20D%23oh%20%C3%A3hn-C%28oC7XyQ%7CXx%7CQyX7BlZL%2C7%23%20F%2Ch%23CZLQyX%7CrQyXyQ%7Cx%20A%7CQyXa%20.S.-7/BXD1NZL%2C7A%209E%7CQy7XB%7CQyXbB/6-G%7CQy69%20%3CDEZL%296%3EeniFe%3EF%237C.D%3C3N%2C96D2N%7CQXyQyXQyXQyXZ%20%2C5%23.%20al%20niF%20l%20A7%235%2C%20%7D%20%3DLatin-Brazil:%20Samba%3D200%3D3
a0cf4fe9-e718-4baf-a694-8ec5d343fe25,irealb://Beija-Me%3DRoberto%20Martins%20e%20Mario%20Rossi%3D%3DSamba%3DC%3D10%3D1r34LbKcu7bB%7CQy4C69XZL%20xZL%207GZL%207DLZ%2096Cl%7C%2996%23C%28Qy%7CC69X4TA*%5B*%7BYYZA7XyQZL31G%20-DZL7A%20GC/ZLo%23F%20F%7CQyX-D%7CC%2CppLZL7A%20Al%29bByQ%7CD-96Cl%7C%29B/G%28%20%29C%28%20%2096C%7CQyX7G%7CQyX6%28C%29%20%28X96CB7%2CLZD-%20sF%2CF%23o%2C%7CC/G%2CA7%2CD-%2CG7%2C%7C%3CEFF%23GG%23ABC%3ElC%2Cpp%20%7D%20%3D%3D0%3D0
a0d01375-4629-4b8f-8cf1-66631dad0b0f,irealb://Fruit%20Tree=Drake%20Nick==Folk%20Rock=A%2D==1r34LbKcu74%3C%20%20E4G6%2FF9ddaD%28%23F%2F9ddaD%20%7BEZL%23F%2F6GZLEZL%23%29%20ELZ4Ti%2A%5BQyXE%7C%2AASA%2D%3C%20%20%23F%2F7%2DA%7CQyXG%2D%2FA%7CQyX%23G%2F%2DA%7CQyX4x%3E%20%7D%7B%7D%20%3Ex%2ED%3C%7D%20%20%5DXyQAZLG%2F%2DCZLA%2F%2DD%7CyQX%2CB%2F%2DEB%2A%7B%20%20QyXsus%20EQ%20lcK%2DEB%2A%7B%20Coda%3C%20lcKQyXEZL%20lcQKyXE%2FFQ%7BY%5DQyXE%3E4x%3E%20%7Dla%20%2ES%5DQyXE%7CD%2D%2FAddaD%7CQyXE%7C%7D%20E%20ussA%7CQyXG%2F%2DC%7CQyX9%20ELZQyXB%2FKQyXE%2AAA%2DX4%3C%20%20%23F%2F7%2DA%7CQyX%2FG%2DA%7CQyX%23G%2F%2DA%7CQyx%3E%20%7D%7C%7B%20QyXdaDZLDadd9GZLxZL%23G%2FEZLxZ9L%2DAC%2A%7B%5DQyXEZLE%20%2D6LZxZL%20lcd9%2FF%23LZxLZF%5E13LZxLZELZx%3C3x%3E%20%7DA%2D9LZxLZE7sus%2FA%20E%2FA%20Z%20=Pop%2DRock=122=1
a04c7923-0b65-4ce3-a3e6-c7db2b2a460d,irealb://Some%20Kinda%20Wonderful=Grand%20Funk%20Railroad%20%28John%20Ellison%29==Blues%20Rock=D==1r34LbKcu7L%20lcKT44DXL%20lcKQyXDA%2A%7B%5D%20l%20cKQyXDZL%20lcKQyZDXyQ%2Ci%2A%2C%5BQyX%2CDKcl%20LKQyXGZL%20lcKQyXG%2CB%2A%5B%5D%20%20lcKQyXDZcl%20LZQyXDZD%7CQyXZDXyQDC%2A%5B%5D%20%20lcKQyXGLZ%20lcKQyXAZL%20lcKXyQ%7CGL%20lcKcKQyX%2CXyQ%7CcKQyXDA%2A%7B%7D%20%20lcQKyX%2CD%7CQyXG%7CQyXDl%20LZDG%7CQyXQyX%3C%20%2ACDXy%7CQyXDD%2A%7B%7D%20%3Ex3%3Cl%20cKQyX%2DBZL%20lcKQGXyQ%7C%7B%7D%20%20lXyQ%20Repeat%20and%20Fade%3Ex%20LZDXyQ%7D%20=Pop%2DShuffle=117=1
a0ad5eb2-0cc8-4c50-9ed7-ac1d75331506,irealb://Bana%20Bir%20A%C5%9Fk%20Masal%C4%B1ndan%20%C5%9Eark%C4%B1lar%20S%C3%B6yle%3DE.Sayan%3D%3D88%20M%C3%BCsemmen%20Buselik%3DG-%3D3%3D1r34LbKcu75QyXQ6XyQX3%20%2066*%3CZLF%3E5%20%2066*%3C%20-C%3EidoleMQyXyQXy6*%3CS%5BA%3E5QyEb%5E7LyX3%20%2066*%3CZLbE%20b57-AZLbB%205b7-AZQXyQX%207bB%3E*%7B%20QyDLZN1G%202N%7D%20B/G%20-G%3E3%20%20QyXQyX5QyX66*%3C-%20%20%5BX%205b7-%20%20F%20ZLZ%20C-E%20ZL7bB%20F%3E3QyXyQXQyX5%20%2066*%3CZL%20b%5E7%20L%20-G%20A%20%2066*-%20%20%7DNQyX%5B%20B/G%20-G%3E3%20Q%20yXQyX5QyX66*%3C2%20%7B*B%3CG%201N%5Bb7-AZyQXyQ%207bB%3E5QyXQyXQy3X%20%2066*%3CZLF%20-C%3E5Eb%5E7LXQyX3/G%20-GZA-7byXQyX5QyX66*%3C1%5BN%20D%205b7-AZLbE%205Q%20%203%3ELbB%205B%20%7DN2%20G-%20%20%5BXyQXyQXyQXyQXyQS%20%3DJazz-Medium%20Swing%3D100%3D2
a0f85fc4-b898-4e4b-80bf-dca1070901d6,irealb://Elvedaa%3D%C3%96zg%C3%BCn%3D%3DNihavent%3DC-%3D%3D1r34LbKcu7G%20GZL4C-%20GZL%20-C%20SA*%5B%5D%20%20-%20CZLG%20-CZL%20-F%20ZL%20Dh7%204Ti*%5BG%2CbAs%20C-9%20A36*%3C%5B%20-Cl%2CG%2CbsAZLGZL7hDZL-CZL.Saz%3EZLB/7%20%20bA%3E%20%5B%20%20%5B66*%3CZL%20-C%20ZL7G7%20hDZL%20-C%20ZL%20bA%20%20lll.%2C-Cl%2C%20bA%20ZyQ.%3EB%20B*%7B%5DG%2CbAs%20A/FLZ7G%207hDZL%20-C%20%7CblC-%20LX66*%3C%5B%7D%20%20-%20LZ%20GG%2C7hD%2CbE/bA%2C-FZsL%20x%20ZL%207G%20ZL%2077%7C%20lC-F%20ZL%20bA%20Z.MeloZL%207G%20ZL%20-F%20ZLb%20A%20ZL%20-C%3E%20%3C%20%3Eid%20C-%20LA66*%3CLZ%20F-%20LZ%20C-%20%20%5DXyQXyQXyQXyQXyQS%20%3DPop-Slow%20Rock%3D73%3D2
a08ab3cd-f751-4dd3-8a2a-4b20792dbcc1,irealb://Gel%20Gel%3DBerkay%3D%3DM.K%C3%BCrdi%3DD-%3D%3D1r34LbKcu7%23-GZL4G-LZ%5B%5D%20G/FZL-DZLDZ-LCZL-DZLbEZLG/F*ASG-4Ti*%5BL%209-CLZxLZD%20ZL%209-Cl%20%5B%5D%2C-%2CD-CsZL-DZLxZL-C-%20LZ%20-DZL5-D%20bE%20LZ%20C-C%7B%5D%20%20A/7-D%20ZL9%20-C%20ZL%20-D%20ZL%209-%20D-LZ7-D%20ZyX66*D-LZEQyX%5B%20%20-D%20ZL%207%5EEb%20ZL-D%20-CZL-D%20b%20%7B*B%3C%20-C%7D%20%3EllQy-%20%3C*6ZLbEl%20Dl%7C%2C-D%3E.%20%2066*%3C%2C-Cs%3E.l%20%206%3C*66XG%3EllQ%3C%20-G%3E66%20%20l66*%3CZLbE%20-Dl%7C%2CD-%3E.%20%2066*%3C%2C-Cs%3E.XyQll*%3C%20-G%2066*%3Cl.%3EsClQyX66*%3CZLbE%20-lD%7C%2C-D%3E.%20%2066*%3C%2C-l%3EG-%20%20%2066*l%20%2075C-%2C%3C*%3EidoleM.A66*%3C%5B%20%7D%20-Dl%20%7C-D%3E.%20%2066G-%20%3C*s%3E.l%20Cs%3E.l%2C%3C*60%3C%20-G%3EllQyX66*%3CLZbEl%20Dl%7C%2C-D%3E.%20%20*66%20%20-Cs%3E.-D%2C-C6%20%20.%3E%2066*%3C%20-G%3EllQyX66*%3CZLbE%20-Dl%7C%2C-D%20l.%3Es6*%3C%2C-Dl%20%7C-%20EbLZ66*%3C%2C-Cs%3E.l%20%206*6%3C%20-G%3EllQyX66*%3C%20%20.%3ED-Dl%7C%2C-%20%20%5D%20%3DPop-Shuffle%3D120%3D2
a027664f-c407-4bad-a3a3-f022953bab60,irealb://G%C3%BCl%20Rengi%3DM.Ceceli%3D%3DM.K%C3%BCrdi%3DG-%3D%3D1r34LbKcu7%20bBZL%3C*74XL%20bA%20ZL-C%20-GZLF-%20-C%3EidoleM%20%20QyZ%20G-%2086TS%5B%7D%20%20-Gb%20G-LF%20ZL%20bA%20ZL%20-G%20*A%7B%5D%20%20-G%20ZL%20-F%20Z-%20LZ%20AZL-C%5D%20%20-GLZ%20AbF%20ZL%20bA%20ZLbE%20-ZGL%20-G%20ZL%20-F%20ZL%20-%20LZ%20%20-G%20%5B%7B%5D%20%20-LZ%20BbF%20bAZL%20bB%20ZL%20b%20EZL%20x%20ZL%20bA%20ZL%20-LZ%20G%20bE%20%5B%20-G%20Z%20LZ%20AZL%20-C%20ZLbB%20-G%5B%20%7D%20-G%20ZL%20-F%20ZL%20b%20Ab%20L-G%20B*LZ%20Eb%20LZ%20Ab/Bb%20LZ%20F-%20LZ%20G-%20%20%5DXyQXyQXyQXyQXyQ%2CS%2C%20%3DPop-Rock%2012/8%3D73%3D2
a015b273-07b8-41b1-86c9-6151aafa8ca2,irealb://G%C3%BCl%C3%BCmse%20Kaderine%3Dvers.%20Kibariye%3D%3DM.K%C3%BCrdi%3DA-%3D%3D1r34LbKcu7x%20ZL%20%3C*66X%20x%20ZL%20C%20ZL%20x%20Z%20L-D%20%3EidoleM%20%20QyLZ%20Bb44TS%5BL%20-D%20-%20LZ%20D%20ZL-A%20-DZL-D%20A-ZL%20-D%20A*%7B%5D%20%20-A-%20%20%7D%5BG%20ZL%20%20C%20ZL-LZD-%20x%20ZL%20-D%20%7Cppp%2CD-B*%5B%5D%20%20-D%20ZL-A%20LZ%20C%20D%20-AZbB%20ZL%20LZ%20G%20C%20ZL%20-D%20ZL%20x%20LZ%20-D%20ZL%20-A%20ZL%20-LZ%20C%20bB%20ZLQyX%5Bp-%20LZ%20ZL%20-A%20ZL%20-G%20ZL-%20D%20ZL%20bB%20%5B%5D%20%20-AA-%2CppG%20ZL%20XyQXyQXyQXyQ%2CS%2C%20%3DPop-Disco%3D126%3D2
a0ef0611-71c0-4bfc-8d5b-8beec3072baf,irealb://One%20Word%20%281%29%3DCarr%20Kurt%3D%3DWorship%3DAb%3D%3D1r34LbKcu7B%7CQyXT44Ab%7CQyXbE/2bA%7CQyX/FbD%7CQyXG/bE%7CQyXN1Db2%2CA*%2C%7BLbA/bBb/DLL7bE%20bAZL7-bB%20b2D2N%7C%7D%20G/bE%20bGZZAb%20D%20susbyX9-FZ%5B%2C*B%207hG%7CQyX7-bB%7CQXybA/2bD%7CQyX2bA%2CC/ELZL%20x%20ZQyX7-DXyQ%7CX2bDZL7-C%20bAZLx%20%20ZL7bE%20bE/7%5EbDyQ%7CBb/bB%7CQ%20lcKQEo7LZbDZL%20lcKQyXbE/Ab%5B%7CQyX9bB%7CQyX-F/EbXy%207hG%7CyXA/FC-7LZ/G%7CQyXC%2CC*%2C%7BZLl%20cKQyXbA%7CQyX2bDBXyQ%7C%20bAZLL7-D%20XyQ%7CNB/G%20bBZL%23F/D%20ssuD%7CQyXE/C%7CQyXF1%20%7DN2FG/C%7CQZC/G%20GLZC/E%20FLZF/A%2CG/B%2CC%20%5D%20%3D%3D0%3D0
a092c0e6-a9c3-49b3-8cf8-b7d5ae1ddd0b,irealb://Abre%20Los%20Cielos%20I%3DRosario%20Ingrid%3D%3DBallad%3DC%3D%3D1r34LbKcu7XsusCT44D-BZLbE%20bB%7CQyXFZbLB/C%20C%7CQyXG%7CQyXbXyQ%7C%2Ci*%2C%7ByX-D%3EyQ%7D%7B%2Cnev%20utiripse%20nVe%20%20QyX66*%3C%2CQ%2CA*.....XC%7CQy*%3C%2CB*Q%7CC%2C%20XC%7CQyXbB%7CQyX-DQ%7CyXbB%7C%7CQyXFZL%20%2CyQ%7D%7B%2CyXG%7CQX-D%7CQbre%20lQyXC%7CQyX*7jam*Bb%3E....soleic%20so%7CA-XyA%20%2096%20%2CQ%2C%20b*maj%20oT27*%3CF%7CQyXsuFs1N%7C%2CQyXC%7CQyX*7A%2CB%3E%20B%7C%7CQyQyX-G%2CN2%3C*E%3E%20...lortnoc%20el%20odot%20amoT%20%2096bXyQ%7CC*%2C%7B%7D%20%20%3EB%20Q%7CC%20%20%3C%20C%7CQyX-D%7CQyX-%7CGQyXbE%7C%29C%28%20%2C%29B%28*69ToyX-D%7C%7D%20%3DJazz-Medium%20Swing%3D100%3D3
a092fa90-6d4e-4bf4-a513-6f61b0ab0b83,irealb://Volver%20A%20Respirar%3DScarpeta%20David%3D%3DBallad%20Even%3DE%3D%3D1r34LbKcu7ZLE%20B4C%23-XZLB%20-%23CA*%5B%7DQyX%7CAQyX-%23F%7CQyXB%7CQyAXyQ%7C4Ti*%7B%3CB*%7BQ6%20%20%3EE%2C%23G/E%3E3X%20QyX96%3C*%20BZL%2CE%20A%7BZL%23G/%20%7DBXy6*%3C%20ByX%3E%20oopla.oT%2096*%3CAZLB%20-%23ZCL%23Dp%2CB%7CQyXE%3E..%20intrS%2096*E%3EoloEXyQ%7C%5BQyXBZLA%2C-%23G%2C-F%23ZL-%23G%20EZLB%20-%23C%3C*69SC*%7C%7DQXbBZLXyQ%7CFLEp%2CC%7CQyXF%3Eebu2S7*%3C%7B%20C%20B%7CQyX-%23ZD-%20CA%7CQyXyQ%7DCXyQZ%20%3D%3D0%3D0
a07e583e-28c8-439d-914e-fd6c89564504,irealb://Quiero%20Vivir%20Para%20Ti%3DVissep%C3%B3%20Vanessa%3D%3DMedium%20Swing%3DC%3D%3D1r34LbKcu7yX%7D%20Q4XyQLyX1NZLQyXZLQyXLZQyXZLQyXZLQyXZQLZXy4TA*%7BQyXZLLZN2XQyXZLQyXZLQyXZQLyXB*%5B%5D%20QyXZLQyLZXyQ%20QyXQZLQyXLZXyQZLQyXZLQyXZLQyZXLQyXZLQyXA*%5B%5D%20XyQLZQyXZLXyQ%20Z%20%3DJazz-Medium%20Swing%3D100%3D3
a05b5281-d1ce-48e6-8aca-1cf77137c81f,irealb://Correr%C3%A9%3DRodriguez%20Freddy%3D%3Dgospell%3DC%3D%3D1r34LbKcu7%7D%20QyXT68Xy1NZLQyXZLQyXZLyQXZLQyXZLQyXZLQXyQLZ%2Ci*%2C%7BXZLQyQ%20LZNXZLQyXZLQyXZLQXyB*%5B%5D%20QyXZLQyX2yQLZXyXQyXQyXZLyQLZXQyXZLQyXZLQyXZQLyXZLQyXA*%5B%5D%20QyLZXyQXZLQyLZXyQ%20Z%20%3DJazz-Medium%20Swing%3D100%3D3
a07b11b4-2502-45eb-9087-6ad13c2cbb61,irealb://Leva-me%20Pra%20Cruz(G)%3DRosa%20Helo%C3%ADsa%3D%3DMedium%20Swing%3DG%3D%3D1r34LbKcu7XD%7CQy4A-XyXG%7CQyXCA*%5BY%5DQy-XB%7CQyX-E%7CQyXC%7CQyQ%7CCX4Ti*%5BXG%7CQyXyQ%7CCXD%7CQyXG%7CQyXCB*Y%5B%5DQyXD%7CQyXG%7CQyXyQ%7CCX-E%7CQy%7CQyX-yQ%7CCXCC*%5BYQyXQyXQyXyQX%5DQyXD%7CQyXG%7CQyXyQ%7CEXD%7CQyDXyQ%5D%20%3D%3D0%3D0
a094bbd4-fba9-40ad-9434-1642d631c50f,irealb://Cora%C3%A7ao%20Leviano%3DDjavan%3D%3DBossa%20Nova%3DE%3D%3D1r34LbKcu7QyX7-9XyQ%7CXoG%7CQyX7-%23GZL%20clKQyX9%5EE%7CQyXo%23AyQ%7CF%23%5EEA*%7ByX7-%23Q%7CF%23-cKQyX7%23F%7CQyX7BQ%7CyX7CZL%20lcKQyX7l%20LZFyXoF%7CLoGZLyQ%7CY*9BZL31%23FZL9%23CZ7L-%23GZLo%23AZL7%5EABLZE%5E7X9B%7CQXQyXQLZGoLA1NZL7%5EEZL9BZL13%23FZL9%23CZL7-%23GZ9%20%7DXy7-%23FZLE/7-%20LZN2-%23FZLoFZL7%5EEZLB9ZL7-%23FC*%5B%207-%23G7LZF%23QyXQyxZL7%23xLZD%23%23CZL9%5EEZL9BZL7%23-GZL9b7%23GZL5b7--9LZFZL7AZb7-%23D7LZB9-%23FZL7-%23FZLxZL-7%23GZLo%23AZL7%5EAZL7/ELZ-%23FZLxZLxZ7b9LZZL9BZL7%23FZL9%23CLZ7-%23GZL-AZL7-%23F%7CE%5E7L%23GZL5LZxLZxLZxLZxLZx%20%7D%20%3D%3D0%3D0
a0a1e93b-58cf-451a-87ac-6a426b4de376,irealb://Ventos%20Do%20Norte%3DDjavan%3D%3DBrazilian%3DD-%3D%3D1r34LbKcu77-EZL4D-7%20D%7C%7D%207A%207-EZL7F7%20-DZL7A%207-EZL7F-7%20F74Ti*%7BB%7CQyXD-7Xy7C%207-G%7CQyX7-D%7CyQX7GSA*%7BY%20QyX%5DQLZF%5E7ZL7A%20B%207%5EFQ%7CA-77-GB*%5BY%7D%207-D%207ZALF/7-G%207-G%7CQyX%20C7LZyX7%5Eb%207-DZ-7%20A7-EZL7bB%207%5EFZL7%20C7-GZL7bA%207-DZL7%20A7LEZL7b-D%3Ead-7%20A7%20.S.D%3C%7D%20%3Ex5%3C7A7%20-EZL7F%207-D%7B%20Q%2Cal%20CoEZL7F7XyQ%5DYY%7BQD-7%20F7LZE-7%20A7%3C4x%3E%20%7D%7CD-7%20F7LZE-7%20f%20%20Z%20%3D%3D0%3D0
a09b350b-1716-4055-a6e1-b4b0610342de,irealb://Tit%20Er%20Jeg%20Glad%201=Nielsen%20Carl==Ballad=C==1r34LbKcu7%2C%29%2DA%284%3CSomE%2F%2DAZL7%2DG%20bBs%3Eertkat%202%20etsdis%20%2CE7%2CF4Ti%2A%5B%2C%2DDZLG%2D7LZlG%3C%207E%3E%2E%2Ere%20ti%3CT%5BYZ%20%2DA%2C7E%2CE%2F%2DAad%3EA%2D%20bBZL%2C%23C%2F7C%2FG%2CG%20F%7C%2CE%2CE%2F%2DA%2C6F%2CBhZL%5EF%20%297%2DA%28%5EC%7C%2CD%2DLZA%2CF%2F%2DDA%2C7E%2Cus%2CA%2CL7%2DG%20bB%3Elipsmellem%20mos%20%2Et%2EvE%3C%7CZA%2D%2FEsA%2C%2DD%2D%20%5D%20=Jazz%2DBallad%20Even=60=3
a08600fd-2fec-47ce-8a32-34e685c02577,irealb://Ocho%20Cuarenta%20%20-%20%20C%3DRodrigo%3D%3DCuarteto%3DF%3D3%3D1r34LbKcu7ZL7CZ44%3C*6GZLFZLbBZL-AZLD-ZLCZLF%3EortnI%209LZC7LTi*%5BYDZLCZ24x%20%5DtnemurtsnI%2096*4%3C4T%7BY%20QyXQyXQyXal%3EFLT%5B%207CE%2096*LZBbL%20%20QyXQyXQyXQyX%20%5D7C%5B%7D%207CZLGZLFZY%7B*A%3C-AZL-XQyXQa%3EFLZC%7D%207CZL7CZLGZLZFLbBZL-AZL-DZLC7%20%5DXyfortsCZLGZY%7B*B%3CBZL-AZL-DZLCZL%3EFollibirtsE%2096*bLZFLQyXQy7LZN1C7%20%7D%20LZN2CLZBbLZx%20Z%20%3DPop-House%3D120%3D3
a0323ebe-e0e3-4fb4-9b8c-181f9c919730,irealb://Mario%20Paint%20-%20Creative%20Exercise%20%20(vgls)%3DTanaka%2C%20Yoshitomi%2C%20Totaka%3D%3DPolka%202-Feel%3DDb%3D1%3D1r34LbKcu7bEB*%5B-7%20%20s%5EbAl%7C%2C7bEs%20%207-Bb%7CQyX7%5EbAl%7C%2C7bE7XyQ%7DbBA*%7BDZL7b7LZDbEZL6-bB%207-bBZLF7%205b7-CZL6bD%207%5Eb-7%20AbA%207-E%2C7bAb-7LZB*%5B%5D9bA%2C7-bE%2C7%2CE7-FsZL7C%205b7-GEb-7%2CB%207%5EbbA%2C7-b7KclA%2C7-bEsZL7bB%207F-ZL9bG%207%5EbDlZL%20b7%2CEbA%2C7-blgv.wb%5E7%20Bsptth%3CZL7bB%207%5EDblZL7bA%207bEZL7b%3A%2F%2FwwDl%7C%2C7l%7C%2C7beets.E%2C7bA%2C7-bEsZL7b%5EDZL7bA%207bE%3Emocb-7%2CAhsdaeDb%5E7LZsEb-7%2CAb7%2CEb-7%2CAb7%2CZ%20%3DJazz-Medium%20Swing%3D135%3D4
a07b9078-473a-491a-b936-8bddd1b6bc21,irealb://Animal%20Crossing%20NL%20-%20K.K.%20Moody%20(Aircheck)%20(vgls)%3DSlider%20K.K.%3D%3DBolero%3DEb%3D3%3D1r34LbKcu7QyX9b4n%20sGyX7-FlA*%5BQyXQyQXyXQyX%5D%2C7-%23F%2C7-Q%7CBb74Ti*%5B9b7Cp%20F-7L6bE%7CQyX9b7bB%7CQXy7-FZL7o%23F%207-GZXyQ%7Cp7%5EbE%7CX7-FZF-7Xy-CZL%2BG%20-CZL%20lcQKyX6bE%7CQyX7bB%7CQ7%20F7LB*%5B%5D%20th%3CZL%235%20Bb5b7-G%7CQyX7C%7CQy7XbD%7CQyXbEC*%5B%5D%207%20C7b97B%7CQy%2F-bA%20%2Fwww.X7bB%7CQyX5b7-F%3Eomc.steehsdaelgvyQ%7CEb%2F%3AsptDbLZEb%20sG-7%2CF%23-7%2CZ%20%3DLatin-Cuba%3A%20Bolero%3D85%3D3
a0b8bdb3-c263-4777-9897-448785ccb19f,irealb://Things%20Ain't%20What%20They%20Used%20To%20Be%3DEllington%20Duke%3D%3DMedium%20Swing%3DDb%3D5%3D1r34LbKcu7cKQyXb7XyQ%20lcKQyX7bGZL%20lKcQyX7bD%7CQyX7bG%7CLZDb7D44T%5Bl%20LZEb-7XyQ%7CAb7XyQ%7CDb7%20Bb7LZEb-7%20Ab7%20Z%3DJazz-Medium%20Swing%3D100%3D2
a06c4c94-1177-4a5d-b2fa-9c3d08ca7c82,irealb://Everybody%20Wants%20To%20Rule%20The%20World=Tears%20For%20Fears==Rock%20Shuffle=D=2=1r34LbKcu7%2FG%20%3E%202A%2FD%2C%20C%20tsnI%20C%20B%20C%20%20V1C%20V%20%3AmroF47%2A%3CC1%20C11Tv%2A%7BE%7CQyXDXyQ%7CyXG%7CQyX%2D%23F%7CQyXE%2DC%2A%5BY%7D%20QyX%7CrQyXQ%7CF%23%2D%2FGZLD%2CAQyXLZG%20AyXQyXGB%2A%7BY%7DQyX%2FDGZLD%2FG%20D%2FA1N%7B%20QLZD%2C%2D%23F%20%2DL%20A%2FDXyQ%20x%20QyXD%3Elatnemurst%2096%2A%3Ci%2A%5BY%7D%20%20%3E3%7BD%2C%20%2090%2A%3C%20B%2FD%7B%20%20%3C%2A03%20%2AD%3EkooH%20htnyS6%206%2A%3C%5B%7D%20%20%3E3x%20QyX%2A%20D%2FA%20G%2FDZD%2FGZL%2FCXyQ%2FA%3EoloS%20ratiuG0%206%2A%3C%7B%5D%20A%2FD%20G%2FD%7DD%20G%2FDD%7CQyXXyQ%7CXyQr%7CXyQ%20%7D%20=Pop%2DRock=115=1
a039956b-004e-408c-94ce-da6fe5ee8b7e,irealb://Hold%20The%20Line=Toto==Medium%20Swing=C=7=1r34LbKcu71N%7CQy4C%5E9%20LD%209%5EC%7CQyX7%2DEZDL%209%5EC%7CQyX7%2DEZLDZE%2D7X4TA%2A%7B%20%2DEB%2ALZE%2D7DZL7%5EC%20%2DE2NZLD7%20%2DEZLD%209%5EC%7C%7DQyXXyQ%5D%5BD%209%5ECQyXDZDXyQ%7C%2DE%7CQyXDZL7%5EC%207E%2D%7CQyXDZL7%5EC%207%2DE%20C%5E7LZL7%5EC%209%5EC%7C%5E9%20DLEZLD%209%5EC%7CQyX7%2DZELD%209%5EC%7CQyX7%2DEZ%2D7XyQCA%2A%5B%5DDLZE%2D7%20D%20Z%20=Jazz%2DMedium%20Swing=100=1
a00987ca-5cd8-4e77-b19c-2dea82a2a9b6,irealb://Lavien%20Rose%3DComposer%20Unknown%3D%3DLatin%3DC%3D%3D1r34LbKcu7yXFZLXyQKcG%7CQyX7C%7CQyX-GZ%2CL7C%20-GZL%20x%20ZL%20l-%20C7%2CF44T%5B%2C7C%20-LZ%20x%207G%7CQyXF%7CQyX-bBQ%7CyXbBZL%2C7F%20-CZLXyQ%7CG%20lcKQLZT24C7LZT44FXyQKcl%20LZG-%20C7%2CLZF%2C%20Z%20%3DLatin-Cuba%3A%20Bolero%3D90%3D3
a0b1032f-7d71-496a-b64e-bb5f02a9a766,irealb://Yellow%3DColdplay%20(Berryman%2C%20Buckland%2C%20Champion%2C%20Martin)%3D%3DPop%3DB%3D%3D1r34LbKcu7%23FZL%204BXyQXB%7D%20%20lcKQyXEZLl%20cKQyX7%23FZL%20lcKyQKcl4TA*%7B%20-%23G%7Ccl%20LZ*%5B%20%20QyXQyX%5D%20%20lKcQyXBZL%20lcKQyXEBEXyQKQyX7QyXBAEXyQ%7CXE%7CQyXEZL7%23F%20-G%23%7CQyXEZL7%23F%20-%23GyQ%5D%5B*ZL7%23FKcl%20LZF%237XyQKcl%20LZEXyQKcl%20LZBXyQKcl%20%20Z%20%3DPop-Soul%3D95%3D2
a0ba3670-fcd4-45cd-90d9-1b4475e10756,irealb://Passport%3DParker%20Charlie%3D%3DUp%20Tempo%20Swing%3DBb%3D%3D1r34LbKcu7bEZL74Bb%5E7FZL7F%207-CZL7G%20-7DZL7F%207-CZL7G%20-7%20Bb4TA*%7BQyX6bLZN1D%207-C2NZL%20QyXQy%7DX%207F%207-CZL7G%207-F7LZB7bA%207Y%5D%20%20lD7XyQ7FZL%20lcKQyX7CZ%20LlcKQyX7GZL%20lcKXyQKcB*%5BY%5DA%207bE%5E7%20G7%207-FZL7F%207-CZLG7%207-DZL7F%207-CZLBb7LZbBA*%5Bb7LZC-7%20F7LZBb6XyQZ%20%3D%3D0%3D0
a03472fa-5f23-44ac-98cd-fb415e80d536,irealb://Lonesome%20Road%2C%20The%201%3DSpiritual%3D%3DMedium%20Swing%3DF%3D%3D1r34LbKcu7L7C%20F4FXyQ%7CQyX7C%7CQyXFZL%20clKQyX-bB%7CQyX7F%7CFXyQ%7C4TA*%7B-D%7CQy%7CF7XybB%20F%7CQyX7C%7CQyX%7CFZL%20lcKQyX-bB%7CQ-LZFXQyXFZF%7CQyXl%20LZA7C%7CQyX-AZL%20lcKyQX-D%7CZL%20lcKQyX-XyQ%7CFcKQyX7XyQ%7CBb-XyQKcl%20LZFXyQ%7CC7XyQ%7CFXyQKcl%20%20%7D%20%3DJazz-Medium%20Swing%3D124%3D3
a0d4d700-0402-4667-aee9-d020fd42b4f4,irealb://Rosetta%20%28arr:%20Sires%29%3D1933%3D%3DMedium%20Swing%3DF%3D%3D1r34LbKcu77C%207GyQ%7CE7F%7CQyX7C%7CQyX7G%7CyQX7D%7CQyX7bE%7CQyX%20D7LZXFA*%5B%20FZL7FXyQ%7CQyX7C%7CQyX7G%7CQy7XD%7CQyX7bE%7CQyX7E%7CF%20BbA*%5B%5D%20C%7CQyX*BA-XyX7G%7CQyXC%7CQyX-%7CFQyX-A%7CQyX7E%7CQyQ%7CG-7%5B%5D%207E%3C%7CQyX%5B*AFX7C%7CQyX7G%7CQyX7DQ%7CyX7bE%7CQyX7E%7CQyXyQ%7CF%5DQyX7%28C7%29%3EXyQ%20Z%20%3D%3D0%3D0
a09cb003-5a29-41b3-b7dd-de9718dacd9d,irealb://Sister%20Kate%20%28arr:%20Sires%29%3D1915%3D%3DMedium%20Swing%3DEb%3D%3D1r34LbKcu7yXbEZ%20AoLZQyX7bBv*%5B%5DQyXbZEL7bB%207FZL7C%20bEKcl%20LbAi*%5BEZL%20lLZEb/7bB%7CQyXbE%7CQyX7Bb%7CQyX-FZL7obG%20GXyQKc%20lcKQ-%20-%20-cl%20LZ-%20-%20-%20-%20-%20-%20-%20%20--%20-%20-%20-%20-%20-%20-%3C%20-%20-%20KQyXbB%7CQyX-%20-%20-XoE%3E-%20-%20-%20-%20-%20%20--%20-%20-%20-%20-%20-%20-%20yQ%7CF7%20-%20-%20L%20lcKLZEbXBZL%20lcKQyXbEZLl%20cKQyX7bBA*%5B%5DQyb7XyQ7bB%207EZLoAak%3EEb%20lcKQyXbEZL%20lcQKyX7bBZL%20lcKQyXLZAb%20erB%3CZ%7CQyXbZF7%20BrB%3CQ%5DQyXbEQZL7Bb%207FZL7C%20bEZL7beak%3EEL7C%20b%20%3C%202%3EBb7%2C%3C3%3EEb%20Z%20%3D%3D0%3D0
a08bc904-9785-491a-90c3-c50fc389aec1,irealb://Be%20My%20Love%3DBrodszky%20Nikolaus%3D%3DMedium%20Swing%3DC%3D%3D1r34LbKcu7B%7CQyX4D-7XyXC/bDA*%5B%7CQyX6%7CCQyX6C%7CQyX7G%7CQyQ%7CC%5E74Ti*%5B%209b7A%7CE7b9b7E%7CQyX9b7B%7CQy7Xh%23F%7CQyX7-A%7CQyX9XyQ%7CQyX7hG%7CQyXD-7XyyX7D%7CQyX7-A%7CQy7X-EZL7-E%207obE%7CQQ%7CD-7ZL7-DX7h%23F%5B*BDb-A%7CQyX9b7E%7CQyXh7B%7CQyX7%5EC%7CQyXC/7XyQ%7C%5DQyX7X7-AZb9XyQ7obE%7CQyX7-DZL7D-%209b7A%7CQyX9b7E%7C%20E-7L7B%7CQy6C%7CQy7XyQ%7CyX7-D%7CQyX31b7AQ%7CyX11%237bB%7CQyX7GQ%7CG7X-D%7CQyXyQKcl%20%20Z%20%3DJazz-Medium%20Swing%3D100%3D2
a0ea9c3f-a53f-432d-9c2d-fe79b2184c48,irealb://Caravan%3DEllington%20Duke%3D%3DLatin%3DF-%3D%3D1r34LbKcu7%20ZL%20lT44Ab9b7CA*%7B%7CQyX7bDQ%7CyX7GZL%20lcKQyX6XyQKc%2Ci*%2C%5BZL%20x%20x%20LZCKQyX9b7CZL%20x%20Z%20Lx%20ZL%20lcKQyX9b7cl%20LZ%20ZL%20x%20x%20ZLF-XyQyX7FB*%5BY%7D%20%20%3EenFi%3Cx%20ZL%20x%20ZL%20lcKQKcl%20ZL%20x%20L%20x%20ZLZBb7L%20lcKQyX7bEZL%20%20xZL%20x%20ZL%20lcKQyXZ%20x%20L%20x%20ZLZAb6XyQKcl%20LZG7XyQ%7C%3CD.C.%20al%20Fine%3EDb7XyQZ%20%3D%3D0%3D2
a048d535-a46f-4644-af52-1c461f96e40d,irealb://You%20Must%20Believe%20In%20Spring%20(%20Chanson%20De%20Maxence%20)%20-%20jsb%3DLegrand%20Michel%3D%3DBallad%3DB-%3D%3D1r34LbKcu7%2C7A%2C74C%23h7%5EGl%7C%2CA%2F7-Bs%20%20B7%2Fh%23Cl%7C%2C7%23F%2C7Gs%207%20sE-4TA*%7B%2C7B%2Cs%2FD%20D%5E%207h%23Fl1N%7C%2C7%23C%2Cuss7%23Cs%207h%23GYZL7sB7suo%23Cl%7C7C%2Csu%20sA7s7hG2NZLQyX%7D%20%2C57%23bA%207%5EDl%7C%2C7A%2Csu%20sC7s7-El%7C%7C%2C7G%2C7%20sBb7hDlC*%5B%5D%20%2C5%237A7%20%5EbEl%7C%2C7bB%2Csus7%20sAb7-Fl%7C%2C%207hAZC%20%20sC%20bE%2FoDl%7C%2C7bB%2C7F-s%207%5EbAl%7C%2CbB%2F7-Eb%5E7L%2F7hDl%207%5EbEs%2CD7%2CB%2CsusbBs%207-Fl%7C7%2CC%2Csus7Cs%207hGl%7Cb7%2C%7Clus7DsAb7%2311LZDh7%20sAb7%2CG7%2C%7ClC-XyQZ%20%3DJazz-Ballad%20Swing%3D60%3D3
a084dd50-aa7b-4d60-bf5c-92bde902c2e7,irealb://Someone%20To%20Watch%20Over%20Me%3DGershwin%20George%3D%3DBallad%3DEb%3D%3D1r34LbKcu7Fl%7CY%7C4Eb%5E7-Gs%206-FZLobG%20Gb/EZLobA%207hA%7CQyX7%2CC7%2C4TA*%7BZL%20Qy-7%2CAb%207bB%207-FZL7C%207G-1NZL7bB%20oAl%7C%2C6%7DXyQXGs%207-XbB/77XyQ%7CA%20bAZL%20lcKQyX7b%5EAB*%5B%5D%207bE%207-bBoLZEb%5EbE2NhA%7CQy7XyQ%7CA*%5B%5D%209b7bB%207-FLZ9b7C%207-G%7CQyX7DEb%5E7XhA%7CQyB%20oAlLZEb/%2C7-Gs%207-Fl%7C%2C7C7%2C-Gs%206-FZLobG%20GAb6%2C%7CobA%207b7LZEb%20C7LZF-7%20Bb7%20Z%20%3DJazz-Ballad%20Swing%3D60%3D3
a0707b91-e21b-43eb-a367-2190a912db85,irealb://El%20Bodeguero%3DArag%C3%B3n%20Orquesta%3D%3DCha%20Cha%3DG%3D%3D1r34LbKcu7AZL7E4A-7%20L7D%207-AZLQyX%7CryQXZLE/%5EC%20%5EGZL7DZB-7%204Ti*%5B%207-A%7CLZG%5E%20%7CrQyXZLE/%5EC%20%5EGLZ7D%207-AA*%7B%5D%20o%23GXyQLZ7D%207-%23F%20%5EG-7%20E7XQyXQyXQyX%7D%20o%23%20G%5EG1NZL7D%207-AZLyQ%7CN2BZL7DyXA%7CQ%3C*66%20QyX%23C/%23F%7CQyX%23C%23/F%7CQyX-B%3EegdirB%7CB-XyB*%5B%5D%20AZLQyQ%7CAXyXZLC/7E%20%5EGZL7D7%20-AA*%5B%5D%20o%23G%20D%7CQyQr%7CXyXD%7CQ-7%20D7LZB-7%20E7LZA-7%20D7LZG%5EXyQ%5D%20%3DLatin-Cuba:%20Cha%20Cha%20Cha%3D110%3D3
a07bd723-750c-448f-b0a9-80666d5881a5,irealb://Ain't%20Misbehavin'%3DWaller%20Fats%3D%3DMedium%20Swing%3DC%3D%3D1r34LbKcu77-DZL4C6%20A6CZL6-F%206FZLE/C7%206CZL7G%207-DZL7/E%20A74T%7BA*%5BB*%5D%20N1E7%20ZL6-F%206C2NZL%20QXyQyX%7D%207G%207DZL7AC6%20E7ZL7G%20G%207DZ%7CF7XyGZL7D%207-AZL7E%20G6%7CQyX7A%7CQyX7D%7CQ6%20A7LQyX-A7-DZL%5BC6%20A6CZL6-F%206FZLE/C7%206CZL7G%207-DZL7/E%20A7A*%5D%207%20G7LZC6%20A-7LZD-7%20G7%20Z%3D%3D0%3D0
a02cd388-27f2-4475-a9b6-ffd9660d4734,irealb://Ain't%20Nothing%20Like%20The%20Real%20Thing%3DAshford-Simpson%20(Marvin%20Gaye%20And%20Tammi%20Terrell)%3D%3DSoul%3DEb%3D3%3D1r34LbKcu7*%7BQyX44%3C*7XQyX%5DQyXbE%3E)tabe%2061(%2039%20mpb%20%204yQXyQTi*%5BYus9bBb%5ELZsFs%7CQyX%5EbAl%7C%2CbEb%2CE%2F-F%2CbE%2CbE%2F6bA-7%2CppE%20bEBs9bB%2C*69%20%E2%99%AA%20%2096*%3C%2C%5EbE%2CbE%3E%20%E2%99%A9%20%E2%99%A9%20%20%E2%99%AAQyX.%E2%99%AAQyX.%E2%80%BF%3EC-7%3C%5B%7D%2Csus9CZQXyQXG%20%5EbAl%7C%2CG%2FbE%2C7F-sp%2CbElA*%7BQyXQy7%235%2CLyX%5DsuN%7D%2Csu7%2CsW%2F%2CbE%2CbE%2FbA1N%7Cp%2Cb%5EA%2C7bE%2C7-bBs%7C%2CBpBb9s-Cs%20sbE%2F-Fb%2CEb%2CE%2F6bAsZL%5EbE%20bEBl*%5BY%20%20QyXQyX%5Dppb%2CEb%2CE%2FbA2l%7C%2CG%2FlAb%5EXFsp%2CbElSA*%5BY%5D%2Cuss9bBpp%2C7-Fs%7CQy-7%2CEb%7C%2CbE%2CE%2CbE%2F7%235%2CL%5EbA%2C7bE%2C7-bBs%7CB%2C%2FW%2C7-Cs%20sus9CZ%2Cp%7CAbG%20%5EbAE%2FW%2Cb%5DXyQXs%2CB%2FW%2C-CsZL7G%20-7GlC*%5BYQyXQyXQyEb7%2FBpQp%2CbyXsus%2CF-%2CEdoC%20la%20.S.D%20%3CZ-LF%207obDl%7Cp%2CbB%2Fba%3EBb9bA%7C%2Cbl%7C%2CbEXyQXyF%2CbE%2CbE%2F6bAsZLb%5EE%20bElQB*%7BYQyXQ-%2FEb%2CQyX%5DQAb%5EXyQ%7C%3CXyQ%20%20vamp%20out%3EsF-7%2Cpp%3C*663x%3EBb9sus%7D%20%3DBlues-Funky%3D93%3D1
a0629f68-27ba-453e-88f8-64e5e11ad113,irealb://There%20Will%20Never%20Be%20Another%20You=Warren%20Harry==Medium%20Up%20Swing=Eb=3=1r34LbKcu77-bBZ4Eb%5E7QyX7-C%7CQyX9b7GQ%7CyX7hDZL%20lcKQyXKcl%20L4T[A*X7F%7CQb7XyQ%7CQyX7%5EbE%7CQyX117%23bD%7CQyX7%5EbA[B*]C-7XyE%7CQyXX9b7G%20LZF-hDZL%20lcKQyX7%5Eb[EA*]QyX7bB%7CQyX77XyQ%7ClcKQyQyX117XyQKQyX7%5EbA[C*]QyXb7E%7CQyX7-bBZL%20lc%7CDb7%23-C%7CQybB%206bXyQ%7CAB%207-FZL7C%207-GZ7LbA%207%5EbEZL7D%207hb7LZE7%5EbE%7C7%20Z=Jazz-Medium%20Up%20Swing=160=0
a002b772-834a-4bb2-b5c2-78af929a6e41,irealb://My%20Funny%20Valentine-Rev%20JE%3DRodgers%20Richard%3D%3DBallad%3DEb%3D%3D1r34LbKcu7/Ws%20%204C-7XyXA/6-C%7CQyXbB/-7C%7CQyXB/7%5E-C%7CQyQ%7CAb%5E4TA*%5B-C%7CQy-7%20%20s*%5B%5D%2011%2331bD%20tl7aG%7CQyXhDl%7C%2CbE/WAC-7XFl%7C%2CGX7hF%7CyQ%7CC-Fl%7C%2CG/Ws%20%20%5EbA%7CyQXA/6-C%7CQyXbB/7-7XyQXB/7%5EF%207%5Eb7altX/7-F%20bE/7-GZLb/E7-F%207%5EbEB*%5B%5DQyEbLZEbB%7CQy7A%2C7-LZG-7%2C7-CsZLD/9b7G%20%5E7bEZLbE/7-F%20bE/B7%2CBbbE/7-/7%5E-C7%2CW/G-CC*%5B%5D%2011%2331bD7%20hDl%7C%2CbE/W%2C7-F%2C7XyQ%7C%5EbA%7C%2C7-CZLC-7/BbD%20tla7D%7CQyX7%5EAb%7CQyXA/6-C%7CQyXb13%2311%7CQyXBA%206bEZBb-77E%207-Fl%7C%2C7bG%2C7G-s%207%5EbAZLtla7A%20altLZL31B%20b13%2311LZDh%20Db13%2311%2CQ%20%5D%5BUQ%3CFINE%3EC-%5E7XyQ%5D%20%3DJazz-Ballad%20Swing%3D80%3D3
a0744df3-ff6a-4c81-a056-c56e206d4ef7,irealb://Wave%3DJobim%20Antonio-Carlos%3D%3DLatin%3DD%3D%3D1r34LbKcu7-DZL74D-7%20%7CZL7G%207-DZL%2C7G7%20-DZL7G%207-DZL7GD-7%20G4Ti*%5B7D%7CQyLZD-7QyX7obB%7CQyX7%5ED*A%7BZL%20n%2C7-DZL7G%20%7CA-7X%2C7G%207-DZL7%7CG%5E7X%7CQyX9EZL%20n%2C9B%7CyQX7-%23F%7CQyX7C%7CQyBb7%20AQyX9byX7-FZD-7%20KQyX7%5EF%7CQyX7C%7CyQX7-GlB*%5B%7Dn%2C7Gscl%20LZL7G%207X7-A%7CXyQ%7CEbB%7CQyX7%5EDlA*%5B%5D%20%20n%2C9b7As%7CQyX7%5Ebo7XyQ7bB%7CQA%207bBb9XyQEZL%20n%2C9B%7CQyX7-F%23%7CQyX7C%7CQyX7%5EG%7C9XyQ%7C7D%7CQy7G%207-D-7%20GG%207-DZL7G%207-Dl%5BQ%5Dn%2C7Gs%20%2C7-DZL77%2CLZDZLQ%2C7IF%3CU%7C%20G7%2CL-D%7C7G%2C7-DsZL%2C7%20G%2C7-DZL%2C7G%207-DZ7%2CG7%2C7-DZLNE%3ElD-7XyQZ%20%3D%3D0%3D0
a09905df-e399-4e91-a50a-e5c5a9f30996,irealb://Here%20I'll%20Stay-Rev%20JE%202%3DWeill%20Kurt%3D%3DSwing%20Two-Four%3DBb%3D%3D1r34LbKcu7%7CQyX64C-7XyXhEZLF/W%207G%7CQXyhDZLbE/W%207F%7CQyQ%7CEb-4TA*%5BW%207F%7CXyQ%7CsC%7CQyXobDZLD/W%20-7GlB*%5B%5D%2C7G%20n%2C7G-7XyQ7-D1NZL%20QyD-7%20D%2C7bD%20n%2C7Gs%7CQyXb7AlZL7B%207-CZL7b%7DXyQXZLbE/QyX%5Eb7%20Db77bB%20sus7bB%7CQyXb%5EBC*%5B%5D%207F%207-CZL%235LZE-Dl2N%5D%2C7bD%2311%20Ws%7CQyXhDZL6-bE%20Eh%7CQyXF/%5EbBZLbG/G7%2Cn%2031bA%7CsZLQ%20-7XyQyXhCY%7CQyXtla7GQ%7CyXhDZLbE/W%207F%7CQ%7CB7%20ClA*%5BX%5EbB%3E%20LZD-U%7CQyX11%2331bA%7CQXy%5EbBlQ%5B%5Dn%2C7Gn%2C7%3CFINEn%2C%5EbByQZ%20%3DJazz-Swing%20Two/Four%3D130%3D3
a06649b3-7861-4255-a305-2d8ebb3f0ba6,irealb://Jesus%20Mi%20Fiel%20Amigo%3DZavala%20Abel%3D%3DBallad%20Even%3DD%3D%3D1r34LbKcu7LD%20-E4D%20F%23ZLA%20-B%7C%7DQyXGZL%23-F%20DB*%7B%7DQyXGZL-CXyQ%7B4Ti*%7B%7CQyXG%7D%7CGXyB%7CQyX-EZL-%23F%20DQ%7CyXGZL-%23F%20DA*%5BQ-%20ALZQyXCZG%20%3C*69%20%20To%20B%3E%20%20%5D%7BQE-%20DLZC%20%20%3C*69x4%3E%20%7D%20fD%20%20Z%20%3DJazz-Medium%20Swing%3D100%3D3
a0d7b56f-2b82-4200-b5ca-ca706042e5c4,irealb://Alaba%20%28Praise%29%201=Worship%20Elevation==Medium%20Swing=A=7=1r34LbKcu7QyXA%7C4AXyQQyX2D%7CQyX%23G%2FE%7CyQXA%7CQyXAZL2D%20A%7C%7CAXyQ4TA%2A%7B%23F%3Eor3%20Pre%2A%3CB%2A%7B%20%20QyXQyX%5DyQXD%7CQyXE%3E%20oroC%2069%20Co6%2A%3C%5B%7DQyXsu%7CDXyQXA%3EoidulretnI%2069%2A%3C%7B%7DQyXE%7CQyXA%7CyQ%7CAsQyX7%2D%7CQyX%23%7CAsusyX%2DB%7CQyXA%3E%20etnueP%20%2096%2A%3CC%2A%7B%7DQyXQ%7CA%2FCQyXA%7CDXyQ%7D%20=Jazz%2DMedium%20Swing=120=3
a0d7ea2a-758e-46f6-b245-43e8f2414177,irealb://My%20Melancholy%20Baby%20Jambook%3DBurnett-Norton%3D%3DMedium%20Swing%3DEb%3D0%3D1r34LbKcu77-FZL4Eb%5E7F%7CQyX7-F%7CQyX7CQ%7CyX7bDZL%20lcKQyX-7%20C74TA*%5B%7CQyXocl%20%20%5DbE%7CQyX7bB%7CQyX7ZFL%20lcKQyX7bBB*%5BXyQ%7CCKQyX%2C%7CQyX7Q%7CBb7X7C%7CQyX7bDZL%20lKcQyX7%5EbEA*%5B%5DQyXyQ%7CF-yX7-FF%7CQyX7LZF-X7bE%7CQyXoC%7CQyXAbC*%5B%5D%20%20lcKQyX%2C7yQ%7CC7C%207-F-7XyQ%7CBb7XyQ%7CEbXyQKcl%20%20Z%20%3DJazz-Medium%20Swing%3D140%3D4
a0504500-ec95-4d56-a37b-15c7b0054b10,irealb://All%20I%20Do%3DWonder%20Stevie%3D%3DSoul%3DB%3D11%3D1r34LbKcu7s%20%2C%5EE34%3C*7%20%2C%5EE45TZL%2C%23F%2FW%2C%20-%23G%3E711%20mpb%20%204LZT34Ti*%5BY%E2%99%AA%2027*sLZT3L%3E%EF%B8%B6QyX45*%3C%20%3E%E2%99%AA%20%20%E0%B8%AF%20QyX27*%3C%2C9%5EBl4ZT24%3Cus9%23F43T%7CQ%3EsA%23h45TZL%2C%23F%2FW%20%2C-%23lG43TSA*%7BY%5D%2C7%23D%2CE%5E%2CXy.%E2%99%A9QyXX9%5EBlF%239su%2Csus9%23Fs%20%5EE43T%7C%7CQyX%2C9%5EBl45TZLsLZT54s%20%2C%5EE%7CQyX%2C4A%23hXZL%2C%23F%2FW%20%2C-%23Gl4T3B*%7BY%7DQyX7%23D%7CQyT54E%5E4T%7CQy%E0%B8%AF%20%20Qy%2C%20sF%23%2C9%5EB2N43T%7C%7DQyX9%2C%5EBl1N45TZLsus9%3C*72X%5EE43T%20QyXQ*54Xy%5D%2C7%23D%2Ch%23As%3E.%E2%99%A9QXy%E2%99%AA%2027*%3C42TZL%3E%EF%B8%B6QXyQXy%3C%20%3E%E2%99%AA%20-%23GZLT44lGh%23A%7CQyX9%5EBZLsu7s%23F%20%5EEZL%2C6%23F%20-%23%20D%237%2CC*%5BY%20TA*%7BYLZE%5EX1%237%23D%3EeniF%20la%20S..D%20%3C%7CQyXh%23A%7CQy1XyQ%5D%2C6%23F%20X%2C9%5EB-%2C%20W%2FLsus9%23Fs%20%2C%5EE43%7CTQyX%2C%5EE45TZL%2C%23FZT54l%23Gl43%7BY%7DQy34E%5E%20QyXh%23A44T%7CQyX9B%5El45TZL%2Csus9%23Fs%7CD%237XT%7C%7CQy%5EBl45lG%23-%2Cs9%23Fs%20%2C%5EE43T%7CQXy%2C%5EE45TZL%2C%23F%2FW%20usLZT43TB*%2C%5EE4363XyQ%2C%5EE45TZL%2C%23F%2FW%20-%2C%23Gl43T%7C%7D%20%20%3Ex51XyQ%7CT*%3C%20%2C9%20%3C*03%20rit.%3EsF%239susLZf%2CU%2CT54lB%5E9%2CXyQZ%20%3DPop-Rock%3D117%3D1
a0487f41-eaf2-4f6e-83c3-ff2579f68ee4,irealb://Blue%20Christmas%20%28Alt.%29%3DHayes-Johnson%3D%3DMedium%20Swing%3DF%3D%3D1r34LbKcu7%207-GZ4F%20sG-GZL7obA%206-GZLo7bA%20-Al%7C%2C-%23Gs%2C-6%20C7L4TA*%5BL%20x%20ZZG-7%20hA%5B%5D%206-bB%207-Al%2C%7C-%23Gs%2C-Gs%20FZL7C7%20D7LL5%237D%7C%2CobEb-6LZ%207CZLB/9G%207obBLZ7-A%209G%7CQyX5%237DsD-7%2CB%20-GZ%206-GZyQ%5D%5B%2C%206-GZL7obA%207-A%7Cl%2C-%23Gs%2C-Gs%20F%2CB*Abo7LX7hEl%207hA%5B-7%20D7B%207-Al%7C%2C-%23Gs%2C-sG%20FZL7C%207-GZL5%23b-6%20%5DGZL7CFZL31x%20LZGl%7C%2CoAs%2C-As%2C%20C/%7CFQyX7oFZL6-bB%20-G-7%20C%20ZL7D%20%2CsG-%2CsG%23-%2C%7ClA-7XyQZ%20%3D%3D0%3D0
a00ba835-c98d-4268-97e0-30e5247f2fa6,irealb://Triste%3DJobim%20Antonio-Carlos%3D%3DBossa%20Nova%3DA%3D%3D1r34LbKcu7X7-%23C4A%5E7XKQyX7%5EAZL%20lcKQXy11%237%5EFZL%20lcKQycl%20LZ4T%5BA*%23C%7CQy7b9XyG%7CQyX7-%23FZL9b7C%23%207h%23G%7CQyX7-B%7CQ%237%239X%23F%7CQyAZL%20l%7CD%23-77%5EA%5BB*%5D%207E%207-BLZ7%23F%207%5E%23CZL7%23G%20XyQKcQyX7%5E%7CQyX7%7CD7Xy7%5ED%7CQyX7A%7CQyX7E-ZL%20lcKQyX7%5EA%7CQXyQ%7CGQyX7-D%207-AF%237LZ7-AZL7D%207-A%7CQy7XE%7CQyX7-B%7CQyX7B%20D7LZ%207-%23C7LZUA-7%20D7%20Z%3DJazz-Bossa%20Nova%3D140%3D3
a014e513-92ab-4f3e-bbb5-243a5cfd7bf4,irealb://Id%20Rather%20Go%20Blind=Composer%20Unknown==Medium%20Blues=A==1r34LbKcu7yXA%7CQXyQ%7CB%7CQyX7%2DB%7CQyXA%7CQXyA%7CQyX7%2DB%7CQyX7%2DB%2D7XyA21T[Q%7CAXyQ%7CB%2D7XyQ%7CB%2D7XyQ%7CAXyQ]%20==0=0
a0a3b571-c21b-4fae-bf84-c8c927e3d2b9,irealb://All%20of%20Me%3DLegend%20John%3D%3DPop%20Ballad%3DAb%3D%3D1r34LbKcu7ZLbE%204F-%20C%5E%23C%20-FSv*%5B%20%20QyQXyX%5D%20bE%20bAZL7%5E%237LZAb4Ti*%5BB*%5B%20b%5E7LZAL7%5E%23C%20-FZLbE%20bZAL7%5E%23C%20-FZLbE%20bZAb%20E%23C%20-F%7CQyX%23Q%7CAb%209-F%7CQyXbAC*%5B%5D%20Eb%20bA%7CQyX-bBZLbEXyQ%7CCyX-bB%20bAZLyQ%7CAb-Fi*%5B%5DQyX11bE%7CyQX%23C%7CQyX9-F%7CQyX%20C%23%5E7X11bELbE%20b-%20C%23%5E-bBB*%5B%5D%20bE%20bA%3EneiF%20la%20.S.D%3CZL7XyQ%7CAFZLbEQyXbAyQ%7CAb1bE%7CQyX%23C%7CQyX9F-%7CQyXbAC*%5B%5D%20bE%201XyQ%7CX-bBZbAZL7yQ%7CC%23FZLbE%20bAZL7%5E%23C-%20F%7B%5DQyX11bE%7CQyX-%20C%23%5EX9-F%7C%20Eb%20%7D%20%3DPop-Slow%20Rock%3D70%3D1
a047968d-b492-4dc2-a66f-6e2dc1b6d4c8,irealb://Night%20And%20Day%20%20%20%20SukiW=Porter%20Cole==Medium%20Swing=C=0=1r34LbKcu7A44TA%20LZ%20nn%20ZL%20n%20ZL%20n%20ZLn%20%20ZL%20n%20ZL%20n%20ZL%20%20%20%7D%7B%2An%20i%2A%7B%7CQyX7h7%29Xy%297hD%287%5EbA%7CQyX6%7CCQyX7%5EC%7CQyX7G%7CQXyQ%7CGD%287%5Eb%7CQyX7Q%7CC6XX7obE%7CQyX7%2DE%7CQXy7%2DF%7CQyX7h%23F%7CQyyQ%7CD%2DyX7%5ECbEB%2A%5B%7CN1C%5EbB%7CQyX7%5EC2NZL%20yQXQyX%7D%20%20lcKQyX77XyQ%5DQyX7G%23FZL%20Kcl%20LX7%5ECZL%20lcKQyX7b%5EEZL%20lcKQyX7%5ECZyQKclQyX7%5ElcKQy%7CF%2D7XQ%20%207G%7CQyX7%2DD%7CQXy7obE%7CQyX7%2DE%7CQyLZC6XQyX7h%20%20Z%5BQT34Eb%5E7XyQ%7CD%5E7XyQ%7CDb%5E7XyQ%7CUC%5E7XyQ%5D%20=Jazz%2DBlue%20Note=120=2
a0fd3cd6-4ec2-48fd-aa23-5a13c937e5ce,irealb://Amor%20de%20Primavera%3DArmandinho%3D%3DReggae%3DE%3D%3D1r34LbKcu7XA%7CQy4EXyQ%7CQyX7-%23CB*%7B%7DQyBX%7CQyXA%7CQyX7-%23C%7CG%23-7X4TA*%7ByQ%7CBXyQ%7D%7BC%23-7XyQ%7CG%23-7XyQ%7CAXyQ%7CBXyQ%7D%20%3D%3D0%3D0
a042effb-c8af-4f35-b45c-b21dd3940035,irealb://Anche%20per%20te%3DMogol%20-%20Battisti%3D%3DPop%20Ballad%3DG%3D%3D1r34LbKcu7%2CC%2F-A8sG%2C%7CG44TZL%2C%23F%2FD%2CC4T3%7C%2CG44T%7C%2CD%2CC43TLZT343Ti*%5BZLCZL%2CLZT4%2CCZLG%7C%2CD%2CCZLGl*A%7B%7C%2CG%7C%2CG%7C%2CG%7C%2CD4G%2C%7DE-%23C%2F7ALxZLDZGLZC-E%7C%7D%2CG%2CCZLG%7C%2CDC%2CZLGS%7B%20xZLG%7C%2CD%2CLZCLZLxZLDLDZLG%2CD%2C%7CGDZLCZLGZLCZL-ALZCZLGB*%7C%5D%2CC%2CGZLLZxLZCZLGZ%3EeniFLZG%20%7BS.D63*%3C43T%5B%20G%7CD%2C%2CCZLxZLG%7D%20xZLC.%20al%20xZLCZTZLG4QXyQL%2CC43TZLG44T%7C%2CDC%2Cs%3EeniF96*%3C43TZD%2C%7CT4yXQyX34A-%2FC%2CA7%2FC%23%2CLZT44DLZT34A-%2FC%2CA7%2FC%23LZT44lD%2CfG%5B%20%3D%3D0%3D0
a0b897ff-041d-48a4-805e-077655b09d33,irealb://Skydive%3DHubbard%20Freddie%3D%3DLatin%3DC%3D%3D1r34LbKcu7yX%2C9-4G-9%2C*%7B%7D%20%3Ex4%3C%20lcKQy%2CXF/7-CZL%20lcKQyXA%2CS%2CG4Ti*%7B%20lcKQLZC-7%239%5EbDZL%20lcKQyX9%2C-GZL%20lcKQyX%2CF/11%2CXy%20lcKQ%2C%5EAs%7C1%2CXyQ%239%5EE%7CQyX11%239%5EbZGL11-C%2011%239%5EbD%7C11XyQ1-GZLbB%7CQy%2CA/B%2CCZL11-C%2011-bBZQL%20%20%2CC/bBl%7C%2CC/bB-11%2CXbB/bAyX%2C11-11LZ%7DQyX%2C11-CZL11-%20C11-bB%7CQyX%2C11-C%5B*BA-C%2011-9b31FLZC-77-CZL%20lcKQyX%2C1-1A%7CQyX%2C31F%7CQyX%2C%2CXyQ%7C%20lcKQoloS%20Bb-%5E7mehT%3CZL%20lcKQyX7%2C%5E-bAZL%20lcKQyX%2Ce%20and%7CQyX%2CD%3C%7CQyAABA%3Eit%20tsaL%3C%2C9%5ED%7CQXy%2C9%5EE%7CQyX%2C7%5E-bGme:%3EX%20no%20sus9C%7Dl%20Cod%20x%20ZLsus9C%20susb9BQ%7BY%5DQyX%2C9%5EC%3Ea%3C6x%3E%20a%20.S.sXyQ%7CBb9sus%20C9sus%20Z%20%3D%3D0%3D0
a05d2767-ab3d-45f7-b24c-025f11ceb013,irealb://Sweet%20Love%3DWalkupmusic.com%20Arr.%20of%20Anita%20Baker%3D%3DPop%3DBb%3D%3D1r34LbKcu7G%7CQyX4Bb%5E7ZL11F%2011bA%7CQyX-9bE%7CQyX7%5EbG%7CQyX%7CBb%5E74Ti*%5BX7%5EbGQ%7CEb--bE%7CQyX7%5EbBSA*%5D%7B%2011F%2011bA%7CQyX99XyQ%7CyX7%5Eb1F%2011-7%20AbX7%5EbG%7CQyX9-bE%7CyQX7%5EbBl%7C%2C11F%2C11yQ%7CAbFs%7CQyyX7%5EbBBb%5E71F%2011bAZL9-bE%20%5E7bG%7CQyX9-bE%7CQyX1LZ%7CB*%5B%5D%201C%20oT%3C9XyQ%7CXQyXQyXQyX%7D%2011%20F11bA1N%7CQyX9-bEyQ%7CN2-bE%7CQB%2011bb11%20Q9-bEZL7bB%2011bBQ%7CyX9-bEC*%5B%5D%2011FXyQ%7CBA%3Eado1F%3EadEb-9X%20.S.D%3CZL7-bB%207b%5ECZL7bB%2011bB%7CQyal%20co%7CZL7b7%5EbBZ%5DY%7BQB11bAZL9-bE%207%5Eb%7CGQyX9-bE%7CQyX7%5Eb%20F11L%20S%20%201XyQ%7CEb-9XyQ%7CEb-9XyQ%7C%3CVamp%3EAb11%20F11%20%7D%20%3D%3D0%3D0
a0ef8c41-583b-406d-bd59-0f4f8e65410d,irealb://Final%20Fantasy%20IV%20-%20Rydia%3DUematsu%20Nobuo%3D%3DBallad%20Even%3DC%3D0%3D1r34LbKcu7QyX9%5E%7CA-7X7-A%7CQyXCZL%20l%2CGs%2CusGs%7CQyX9%5EF%7CQyXyQ%7CFQyXC%5BA%7CQyXs%2CG%2ClGp%2CG%2CG%2FCs%7CQyXFQ%7CyX-A%7CQyX-E%5B%5D%20%207%2C%7ClCusGs%7C-7XyQ%7CD-%20F%2FGLZXyQ%20AbXyQ%7CF-XyQ%7CsC%2CDh7%2FC%2CC%2Cp%7ClppppZ%20%3DJazz-Ballad%20Even%3D75%3D6
a0a5161d-9d57-43a5-8235-da59b1a30ca6,irealb://Antihero=Swift%20Taylor==Medium%20Swing=C==1r34LbKcu7%2A%7BY%7D%2044nXyC%20BZLE%20A%3Esetone%20lohW%3Cv%2A%7BQyXn%7CQ%23%3C4x%3ETSi%2A%5BA%2CQ%2CDZB%20C%23QyXZLQyX%3EadoC%20al%20%2ES%2ED%3C%7D%20%3Ex2%3CQ%2C%20YY%7B%2ALE%20AC%23C%20BZ%20C%23%3C2dloH%3CC%2A%7BY%7D%20%20r%20LZ%20r%3EporD%3C%20%7B%7D%20%3Ex%3E%20n%20LBZLE%20%3C2x%3E%20%7D%3COut%3E%20==0=0
a03ea238-124e-4d61-a71f-d980741f51ae,irealb://Crazy%20Little%20Thing%20Called%20Love%201%3DQueen%3D%3DMedium%20Swing%3DD%3D%3D1r34LbKcu7Y%5D%20Qy44DXyDZLC%20bB%7CQyXD%7C%7DG%20%20C%7CQyXGZLQyX%7CQXyQ%7CXTA*%7BYDs%5BY%5DXyQ%7CXLA%207EZLQyX%7CQyXBb%7CQyXG%7CQyXCZLQyZXyQ%207GB*%5ByXDZL%20A%2CG%23QyX%7CQyXbBlv*%5BYQ%5DyXA%2CE%2CE%2CE%2CE%20G%2CLZD%20GC%2C%23C%2CQ%7CBbXyQ%7CXyQLZE7%20ALZFXyQ%5D%20%3D%3D0%3D0
a0068e4e-031c-42aa-9c98-084d4c227b90,irealb://Meu%20Cavaquinho=Garoto==Choro=G%2D==1r34LbKcu7yX%2DG%7CQXyQX%7CQyX%2DGZL7D%206%2DCS%2C%2CA%2A%7BQyXn22T%5BQyD7XyQyXQyX%7CQyX7%20D7LZ%2DGZL7D%206%2DCZLoD7%20DZL7A%20%2DD%7CQyX%2DGXyQ%7CD6%2DC%7CQG2N%7CQ%7CC%2DXyQyXQyX%7D%20oD%20%2DG1ZNL7D%207A%7CQyX%2DG%7CQXyQXyQyX7G%20bB%7CQ%3CFineQyX%2DG%7CQyX7D%7CQybXB%7CQyX7FB%2A%7B%5D%20%20%3E%7CA7Xy%2CU%2C%20%2DG%20bB%7C7XyQ%7C%7CQyX%2DG%7CQyX7D%7CQXybB%7CQyX7F%7CQyX7FA7XyQCZL7G%20bB%3Ee%20F7LZa%20%2ES%2ED%3C2N%7CQyXQXyQyXQyX%7DQyXbB1Nl%20Fin9CZL7Do%20Z%20=Latin%2DBrazil%3A%20Samba=125=1
a0ec88d4-f0f5-4e41-a7c8-78b6ed5cddd9,irealb://Diminishing%20Returns%3DHaerle%20Dan%3D%3DBossa%20Nova%3DC%3D%3D1r34LbKcu7X7oB%7Co7XyQB%7CQyX7obB%7CQyX7B-%7CQyX7oC%7CQyX%5EC%7Cb%5EXyQC44T%7CoA%7CQy7%20Bb-yX7oC%7CQyX7-B%7CQXy7obB%7CQyX7-AZL7Q%7CA%5EX-C%7CQy7oA%7CQDb%5E/AC%7CQyX7o%23F%7CQyX7%23-F%7CQyX7obA%7CQyXb%23-7Xy%7CQyX77-bB%7C-7XyQA%7CQyX%5EbA%7CQyX7o%7CFQyX%5EF%7CQyX7obB%7Co7XyQB%7CQyXXyQ%7CBo7XyQ%7CBb-7XyQ%7CAo7XyQ%7CF%23%5EXyQ%7CAbo7/GXyQZ%20%3D%3D0%3D0
a08f6b01-6f27-4ddf-8961-5004599211e5,irealb://Highway%20to%20hell%3DACDC%3D%3DRock%3DC%3D%3D1r34LbKcu7L%23F%20G4AXyQZL%23F%20G%7CQyXA%7CZLF%23%20G%7CQyXAZL%23F%20G%7CAXyQ%7C4TA*%7BZ%7C*BEXyQ%7CA%20D%2CC%2C%7CA%20D%2CC%2C%7CA%20D%2CC%7D%20%3DPop-Rock%3D115%3D3
a0673a29-aa1a-4afe-8621-0e1eb4096014,irealb://Sootopolis%20City%201%3DMasuda%20Junichi%3D%3DMedium%20Waltz%3DB-%3D2%3D1r34LbKcu7yX%2BbB4B-XyBA*%7B%7DQyXB%2F9b7EQ%7CyXB%2FA%7CQyXB%2FE%7CQ-XyQ%7C3Ti*%7B%7DQyX5yQ%7CE%2FF%7CQyXF%2F7%23C%7CQyXF%23%2F-B%7CQyXG%7CQyX%23G%237%239%23X6A%7CQ%2FE%7CQy7XyQ%7CQyXbB%2F7-G%7CQyXBQ%7CyXC%2F-A%7CQyX%23C%2FA%7CD%2FAX%5EDB*%7BX-BC*%7CN1AX9%237%23FZLG%2Fh%23C2NQ%7CyXQyXQyXQyX%7DQy%235%20Z%7BQyX%23GyQ%7CE%2FBXyQ%7CA%2FBXyQ%7CE7b9%2FBXyQ%7D%20%3DJazz-Swing%20Two%2FFour%3D136%3D7
a0b95dd1-5e3f-4556-b563-d9d56e691a3d,irealb://Best%20Of%20Friends%3DFox%20And%20The%20Hound%3D%3DMedium%20Swing%3DC%3D%3D1r34LbKcu7-E%20%2C74C%2CLZL%2C7AZL%2C7-EZL%2CC7%2F-DZL%2CCZL%2CC%2F7-DZN1D-4TA*%7BZL%2CFB%2FF%23%2CDZL%2C7G%2CF%2C-E%207-DN2%7D%20%2C7G%20%20ZL%2CG%2F7-C%20LZ*7B%2CF%2CZL%2C7EZG%2CLZB%207EZL%205b7-B%2CFLZ%2C7-E%207-DZL%2C7-E-7%2FE%20L%2C7-DrZL%2CCF%237b5L%2CCA*ZL%2C9GZL%2C7D-ZLxZLxZL%207FZL%20ZD-7%2FZL%2C-AG%2F7-D%2CLZA7%2C7-DZL%2C7AZL%2C7-ZEL%2C7BZL%2C7-%23FZL%2CLZxLZ7-EZL%2CXyQ%7CD-7%2FG%20G9%2CLZC6%2CLZD-7%2FC%2CLZC6%2C%20%5D%20%3D%3D0%3D0
a0d63b0f-63a0-47d7-b3a8-1d9db605d468,irealb://Between%20The%20Bars%20%7C%20Madeleine%20Peyroux%20Version%20%2D%20rp=Smith%20Elliott==Ballad%20Swing=D==1r34LbKcu7xZLGZ4B%2DLZBA%2A%7B%5D%20xZLB%2FGZLZxL%2DBZLxZLB%2FGZLx%2DLZxL3Ti%2A%5B%2A%5B%7D%20xxLZF%23%23C%2F%23FZLDZLxZLGLZxZL%2DBZL%23FZL%23C%2FLZGLZZLDZLxZL%2DBZA6LZL6GZLxZL5b7%2DbALZ6AZL6%2DGZLxZL%2DBZA6LZL6GSBL%23FZLZxLZGZLxZLDZLxZLGZLZxL%2DBA%2A%5B%5D%20QxZL6%2DF%23%2FC%23L6GZLZLQyXxLZGLZLQyX%7D%20G1NZL%20ZGLZL%23C%2F%23FZLDZLxZN2G%20%7DZL%2DBZxZLxZ57D%2ESdoC%20%20QyX66%2A%3CQ%5BYY%5DQyX%3EadoC%20la%20%2Ea%3EB%2DL%2A%3CG3NLZxLZxLZpfB%2D7%20Z%20==106=1
a0831400-7b4a-4c96-ac00-a8f909cf0d46,irealb://You%20Are%20My%20Sunshine=Gene%20Autrey%20%28Jimmie%20Davis%29==Country=D==1r34LbKcu7QyX7D4DXyQZL%20lcKQyXDA%2A%7B%5D%20%20lcKQyXD%7CQyX7A%7CDXyQ%7C4Ti%2A%5BX7A%7CQKcl%20L%20lcKQyXDZL%20lcKyQXGZL7D%20D%7CQyXDZLZDXyQyXG%7CyQ%7CDXyQKcl%20%3C5x%3E%20%7D%20=Pop%2DCountry=180=1
a0f9668a-6d70-45dd-97ef-75a8c48e2935,irealb://Breezin'%20Along%20With%20The%20Breeze%3DHaven%20Gillespie%2C%20Seymor%20Simmons%2C%20Richard%20Whiting%3D%3DShuffle%3DF%3D5%3D1r34LbKcu7%20-GZL%2CXyQK%7CQyX%2C7C%7CQyX%2C9GLZ%20lcKQyX7DZL%20lcF%20F%23oF44T%5B%2C7F%7CQ%2CXyQKQyX%2C7C%7CQyX%2C9GZ%20LlcKQyX%2C7DZL%20lc%7CF%2CXyFZL7CZL7G%20b%2C%20F%2ByX-D%7CQyXF%7CQyX%2Cb-BZL%20x%20ZL%20bB%20ZLQ%7CD7%2CB%7CQyX7bB%20FQ%7CF%2CX7C%7CQyX%2C7-GZL%20lKcQyX%2C7DZL%20lcKQy%2CXyQ%7CyX%2C7CLZF6%2CXyQ%5D%20%3DBlues-Slo-Mo%3D135%3D3
a0ea71c8-ed8d-4572-a0e6-f8a63dc78b5c,irealb://Standard%20%236%20-%20%22The%20Way%20You%20Look%22%3DHungerford%2C%20%22Walking5Jazz%20Lines%20for%20Bass%22%20pp.52%20%26%2073%3D%3DSwing%3DF%3D%3D1r34LbKcu7CZL%3EnF%5E7%3C%20moreJQyX47*%3C%20%20-7G%7CQyX%2C7-D%7CQyX%3Ee%20Ker44T%7BYX7F%7CQ%7CF%5E7%3C7-C%7CQyX7C%7CQyX7G-%7CQyX%2C7-D%7CQyX%3E%20%3C%20%3EXy%7CQyX77-D%207%20sA-%2CL7C%207-GZL7-D%20%3E%3C%20FZL7C%207-Gl%7C%2C7DZN1A-bB%7CQyQyX%2C7%20C7%20%7D7-FZLbA%5D%207bE%207b-BZL7-D%20%3E%20%3CF2N%5BLZBb-7-GZLyX7-F%20%3EXyQ%20%3CbA%7CQyX7bEZL7b-BZL7-F%7CQyX7-C%7C%3EXyQ%7C%3C7bE%7CGZL9b7%20Bb-DZLbE/7-F%20%3E%20%3C7F-ZL7C%207-GZLbA/7-7%20G7-bB%7CQ%20%3C7%5EF%7CC7Xy7C%7CQyX7-G%7CQyX%2C-7D%7CQyX%3E%20%3C7%5EF%5B%5DQXyQ%7C%7CQyX7-D%2C-AsD-7%2CXyX7F%7CQyX%3E%20%3C7-CQ%7CyX7C%7CQyX7-G%7CQyQ%7CBb%20%7CQyX%3E7%2C%7ClG-7%20C7LZF%3C%20%3E%20D-7LZG-7%20C7LZA-7%20D-7LZG-7%20C7%20Z%20%3DJazz-Ballad%20Swing%3D100%3D2
a0f7b45a-defe-4936-8baa-89c1e596ac3c,irealb://Super%20Mario%20Brothers%20-%20Overworld%3DKondo%20Koji%3D%3DMedium%20Swing%3DC%3D%3D1r34LbKcu7*AZLFQ%20%20%5BT%2CbG%2CG%2CF%7CQyXCSA%7C*%5DQyXGZL7D%209D44F%2C%7CC%20yXQyXG%2FC%20C7%2CLZ%7C%2CQ%2C7G%20*7m*A%20F%20%7CC%2CF%2CbG%2CG%2CF%7CQyXC%20%5D%7B*BG%20*7myXCZL%2FCLZC%2CCZLC%2FF%20FZLG%2FCC%20%7CQyXsusCZLG%2FC%20Ab%2CBbF%20FZLD%3CZL7AbXyQQyX6C%7CQyXbA%7CQyCXZLbB%20bA%7CQyX6C%7C%7CD9%20DC*%5B%7DQQyX6Cl%20CodC%7CQyX9G%7CQyXF%7CQXy6CD*Q%5BY%5DQyXG%3Ea6XyQ%7Ca%20.S.%7CQyXb%7CG7XyCZLbB%20bA%7CQyX6CQ%7CyXbAC*%5B%5DQyXC%7CQXyQ%7CAQyXF%7CC6XyQZ%7C%20%3DJazz-Medium%20Swing%3D350%3D3
a0ec8277-57f8-4698-9aa1-ca9948b84799,irealb://El%20Fabricante%20De%20Mentiras=Garcia%20Charly==Medium%20Rock%20Ballad=D==1r34LbKcu7A%20sus66IntG%20%2DE%7CQyX%2D%23FZL%2D%20BD%3Eesrev%20dna%20orLZN2A%2A%3CA%2A[N%7CQyX60X2%3EG%20C%7C%7CQyXA%7CQyXDLZG%20E%7CQyX%2DBB%2A%7C]%20LZN1A%2A%3C7o%23G%20C%7CQ%7CXyQ%20%20%3E2X84%2A%3C%20%20DZLG%2D%20E%7CQyXE%7CQyXDD%2A[]%7CAXyQyXD2XQyX%3EQ%7C%3CStmoC84%2A%3CC%2A%20B%2A%20A%20%2A%20%7CQyXD%3E3%20no%20poo%202dayXDZLQyXE%7CXyQ%7CE%2A[%7CQyXsusAfZLG%2D%20E%7CQyXsusDZLG%20%2DDDXyQQyXQy%7CE%2D%20GLZD%20%20%3C%2A48X2%3E%20]%3C%2A42Acapella%3EXyQU%20==0=0
a0146114-ac00-4a91-98e0-6354ef9c3ef8,irealb://Careless%20w%29verse%3DLew%20Quadling%2C%20Eddy%20Howard%2C%20Dick%20Jurgens%3D%3DMedium%20Swing%3DF%3D%3D1r34LbKcu7G%2C7-D4F%20BbyXoCZLbB%20F%7CQyXZFL%20x%20ZL7C%207-GZLQ%7CC%20s4Tv*%5B%2CEZL--7%20C7L%207-G%2C7BZL%20x%20Z%20L7C%2C7B44TA*%5BY%5D%20ZA-%20GGl%7C%2C7yX-D%7C%2CF%20E%2C%7CQyX7-A%7CQyX7-G*B%7CQyX7D%7CQyX%2C-C%7CGoXyQEZL%20F%207-G%2CyQ%7CG9x%20ZL%207C%2C7BA*%5B%5DyQX-bD%7CQyXbB%7CQyX%20LZB7X7G%7CQbB%2CbBG-LZE7-GC*%7CQyX7D%7CQy%2CX-C%7C%2CE%20F%2CEZL%20F%2CXyQ%7Cs%20-AZL%7C%2CoGsC7%2C%7ClGl%7C%2C%2BFs%209Gl%2C%2BF%7Cs%2C%2BDs%20%209DZL-D%20F-7%20%20Q%2C-A%2C-lF%20C%2CF%2C%7CD%2CG-%2CDo%20%5DXyQXyQ%20LZQF%2C%20EbLZF%20%2CU%2C%20%20Z%20%3DJazz-Medium%20Swing%3D100%3D3
a08488a9-c783-4b79-b75f-54af4b07515e,irealb://Casa%20Vianello%3DMartelli%20Augusto%3D%3DMedium%20Swing%3DF%3D%3D1r34LbKcu77-bB%20%5E%20G-7%2C7bA%2C7-bE%207CZL-7G%20%5EbBZL9F%207CZL%7CDb%5E7bBA*%5BQyX6F7%20G7%2CXQyXQyXQyX%7D%207F6%20F1NZL%2C6C%207-GZLyQ%7CN2-DZL%2C%5D%20%3DPop-Shuffle%3D115%3D3
a03e35bf-eda5-4e60-8270-c07499293d4e,irealb://Chant%20(Solo%20Changes)%2C%20The%3DFeldman%20Victor%3D%3DMedium%20Swing%3DF%3D5%3D1r34LbKcu7L7F%2074F7Xyx%20ZL%20lcKQyX7FZ%20Lx%20ZL%20x%20ZL%20lcKQ%20LZC-4TA*%5B%20%20lcK7LZG7ZL7C%207GZL7D%207ALZ%20lcKQyX7FZL7C%20F7XyQD%207AZhD%7CQyb7XyQ7C%20)bB(7hG%7CQyXF7%7CQyX7bB%7CQyX7F%7CLZF-XBB*%5B%5DZL%20x%207)%20DbZL%20lcKQyX7FA*%5BLZ7C%207-GZL)7bD(7%20x%20LZ-bA(7AZL%20lKcl%20L7FZL7C%207GZL7D%20A7ZL7F%207-CZL%20x%20ZXyQKcQyX7F7%20D7LZG7%20C7LZF7XyQKcl%20%20%5D%20%3DJazz-Medium%20Swing%3D100%3D3
a00c1a88-ae53-4b29-87ac-03ac41549896,irealb://Solo%20%234%3DNiehaus%20Lennie%3D%3DMedium%20Swing%3DD%3D0%3D1r34LbKcu7QyX7%5E-7XyQ%207-D%7CQyX7-D%7CQyxX%7CQyXDZL7A%207-E%7CG7LZCE44T%5BE%207A%7C%7CE-7%20%7CQyX7-B%7CQyX7%5EDQ%7CyX7-E%7CQyXDZL7AE7XyQQyXx%7CX7-E%7C7XyQ%7CQyXF%7CQyXFZL7C%20-7G%7CQyXGZL7D%207-A%7CxXyQAZL7-yXDZLXyQ%7CEE%7CQyXD%7CQyXx%7CQyDXZL7A%207-E%7CQyX7--7%20A77A%7CQyQ%7CxXyQ%5D%20%3D%3D0%3D0
a0b3fe3f-31a2-4286-9efb-5d2fad26a1c8,irealb://Chris%20II-V-I%20Desc%20Whole%20Steps%201%3DPiraino%20Chris%3D%3DMedium%20Swing%3DC%3D%3D1r34LbKcu7yX7%5Eb-7%20A7%207-C%7C%5DQyX7%5ECZLG7%207-D%5B%5DQyX7%5EDZLF7LZBE44T%5BZL7B%20-7%20Eb%5DQyX7%5EbGZL7bD%20-7bA%7C%5DQyX7%5EbAZL7%7CF%23-7bB%7C%5DQF%207-%23Q%5D%7CF-X7%5EbDZL7bA%207-b%5DEQyX7%5EbEZL7bB%207yQZ%7CCyX7%5EEZL7C%20%5E7XyQyX7%5EGZL7D%207-A%7CQ%5DyX7%5EAZL7E%207-B%5DQ%5BG-7BZL7%23F%5E7XyQ%5D%20%3DJazz-Medium%20Swing%3D80%3D3
a06de5a8-daff-4568-a160-e6837841a5dc,irealb://Clair%3DGilbert%20o'Sullivan%3D%3DMedium%20Swing%3DE%3D%3D1r34LbKcu7yX7-B4F%23-X%23FA*%7B%5DQyXE/7-%23%7CCQyXE%7CQyX7-B%7CQy-XyQ%7C4Ti*%5BS%2CB*ZQ%7CC%23-E%20%205b7-%23GZLA%207B-ZLE/%23F%20%23F%7CQyX7%7D%20n%20LyXE%7CQ%20A/%2BD%7CGoXy/%2BD%7CQyXA/%2BD%7CQyAX%7CQyXE%7CQyX7-B%7CQAXyQ%7CQyXA%2C%20%2C7-C-7XyQG%3EoloS%3CC*ZL%20n%20%20%7D%2CQ%2C%20%20E%7CQyX7-B%7C-XyQ%7CBZL%2C%207-B%7CQXyQ%7CBD*ZL%20n%20Z%20%20lcKQXyD%7CQyXE/-G%7CQyXbF%23-XyFZLbBQyXZL%20%20%2CLZ%207-BZL7-%23F%207-%23ZCLE%207-BZL7-%23F%20A%2CE%2CS%2CE%7CQyX%20%5B%2CQ%2CEbXyQ%7CD-XyQ%7CA/C%23%20B-LZfAXyQZ%20%3DPop-Slow%20Rock%3D91%3D3
a03e9db5-8f8f-4500-b394-fbacdfdf900b,irealb://Clinch%20Mountain%20Backstep%3DStanley%20Ralph%3D%3DBluegrass%3DA%3D7%3D1r34LbKcu7AB*%7B%7D4AXyQLE%20A%7CQyXx%7CQyXAQ%7CyXE%7CQyXx%7CQyXx%7CZAXyQ4TA*%7ByXAZLXyQ%7CxyXA%7CQyXA%7Cn%2CEn%2C4E4T%7CQyXx42T%7CQyXQ%7CA%20Ex%7CQyXAZLD%20E-%2Cn%20%2CAZL%20n%2C-EZL%20n%2CZAL%20n%2C-EZL%20n%2CAZLn%20LZGC*%7B%7DQD%7CQyX*DAXyA%7Cn%2CEn%2CE44TZLD24TZLD44T%7CQyXG%7CQXyQ%7CG%7B%7DQyX%20ELZAXyQ%7D%20%3DPop-Bluegrass%3D145%3D3
a0c965ba-48b1-4410-b237-25468531b249,irealb://Just%20Two%20Of%20Us%3DWashington%20Grover%3D%3DFunk%3DF-%3D8%3D1r34LbKcu7%7CQyX74Db%5E7%5EbDZL%2C9bA%20%2C7-bQEyX7-F%7CQyX7CQyX7XyQC4TA*%7BZL%2C9bQXyQ%20bE%20%2C7-E%20%2C7-F%7CQXy7CQyX7%5EbDB*%7BY%7D-7%2C%20AyX7-FQyX7%5EyQC7X%2C7CQyX7%5EbDi*%7BY%7DY%20QyXQyX%2C7-F%7CQyXyQ%7CBX7%5EbDBb7%2CXyQ%7CA%5E7XyQAb7%2CXyQ%7CDb%5E7XyQGb%5E7XyQ%7D%20%3DPop-RnB%3D95%3D4
a0808c3c-ca96-44b8-89ca-dbf34ab7a14a,irealb://Die%20With%20A%20Smile%3DBruno%20Mars%20%26%20Lady%20Gaga%3D%3DSoul%20Ballad%3DA%3D9%3D1r34LbKcu7AZLxZ8A%5E7LLxZL7%5EAA*%5B%20%20QyQXyX%5D%20xZL7%5EDZLxZZD%5E7L6Ti*%7BL%2CsusLZD%5E7ZL7-%23CZLxZL7%5EALZxZL7%5EDB*%5B%5D%20xZLxLZF%23xZL7%5E%23CZL%2Cp%5DY%5B*-BZL%2C7-%23FZL%2C7-C%23ZL%2C7EZL%2C7-BlSC7LZE7%2C%23FsZsZL%2C7F%23-7%2C%2C%7C%2C-%23C%2C-%23F%7C%2C%23GE%2F%2CAsZL7EZL7-BZLQ%2ClB-ZL%2C7-D%3C7-%23XyQ%20YZL7-BZL7-%23FZL7%23-CZL7EZL7-BlD*%7BE7LZC%7Dn%2C7EEsZL7l%20CodBZL7-%23FZL7%23CZL-7BQ%5BY%7D%207-%23FZL%3Ea7LZB-a%20.S.7%2Cn%7ClA%5E7LZxLZD%5E7LZxLZUA%5E7%20Z%20%3DPop-Soul%3D95%3D1
a05d6e52-8330-402d-9c7f-59466b5d49b9,irealb://Corro%20A%20Ti%201%3DBlest%3D%3DBallad%20Even%3DC%3D0%3D1r34LbKcu7AZLF%204A-%2C*X-A%7CQyX-D%7C%7DQyX%7CGQyXC%7CQyXF%7CQyXAyQ%7CBb4Ti*%7Betsos%7B*BDXT27*%3CDQ%7B%7D%20Q%2CG%20ZCL-B%20-E%7CQyXA%7CQyu%20me%20ZLG%20-%7DQyXG...%3E%20%7CQyX-BC*%7BZQyXDLZA%20G%7C%7D%20-B%20-EZLAAXyQ%7Csardn%7CD%20A%20%7D%20%3DJazz-Ballad%20Even%3D60%3D3
a0c72e38-6260-4ed3-b80f-a5cd0e0acf66,irealb://Cosmic%20Dancer%3DT-Rex%3D%3DRock%20Pop%3DC%3D0%3D1r34LbKcu7%3Ex3%3C%204GXyQXF%7CQyXC%7CQyXF%7CQXy-E%7CQyXG%7CQyX-E%7CyQ%7CC%204TA*%7BX-E%7CQA-XyQyX-E%7CQyXGSC*%7B%5DyQXD%7CQyXD%7CQyX-A%7CQ%7CGXyB*%7C%7D%20X%2F%2FQyyQ%7CCXXD%7CQyX-A%7CQyX-A*D%7C%7DQyXC%7CQyXF%7CQyyQ%7C%3CXXF%7CQy%7CQyXGth%20rpO%3C%7BY%5D%20%3EadoC%20la.%20S.D%20%20%3CQ%20%20D%3E).tutro%3Eiw(QyE-XyQ%7CGXyQ%7CE-XyQ%7D%20%3DPop-Rock%3D115%3D1
a0b48e8f-2075-4ffa-b3cf-f056b69f87e8,irealb://Dear%20John=Hubbard%20Freddie==Up%20Swing=B==1r34LbKcu77%5EC%7B%7D4B%5E7%20%5EF%20x%7CQyX11%237%5ECLZ7%2D%23C%207%5EEZL7%2DbA7%2311%204Ti%2A%7B%5EGZL7Q%7CF%5E7A%2A%7B%7DQyX11%237%5EF%7CyQX11%237%5EC%7CQyX11%23B%5E7%20DyX11%23F%7CQyXLZEb%5E7%23F%207%5EbEZL7bB%20%5E7GZL7D%207%2DA%7CQyX7LZB%5E77bB%207%2DF%7CQy7LZEbL7%23F%207%2D%23C%7CQyX7G%5EZL7D%207%2DA%7CQyX7%5EZB%5E7XbB%207%2D1%237%5ECLZEb%5EC%207%5EEZL7%2DbA%207%5EQB%7B%7D%20Q%20%207%23F%7CQyX7%23%2D7LZ7bB%207%237%5EF%7Cx%20F%5E7%237%5EC%7CQyX11%237%5EFQ%7CyX11%237%5EC%7B%7D%2011%2311XyQ%7CQyX1b%204%20t%20%7DXyQaepeR%2F%2FA%20no%20soolS66%2A%3CQyXQyXQyXt%20las%20U%2011ars%20%26%20fade%20for%20ending%3E%20==0=0
a07e8798-f778-42dd-a69b-07c96f6e64a4,irealb://Django%20%28Clifters%29%3DComposer%20Unknown%3D%3DRock%3DA-%3D%3D1r34LbKcu7ZL*m*4A*m*%20%20n%2C*m*AZLD%20%2C**mAZL%20n%2C*m*AZLD%20%7D%5B*AA4Ti*%7B%20QyXQm7*LZ%2C*m*AZL7E1NZLxLZ*m*A%7C%2C7E%2C*m*AsE7%7DXy*DZLx*m*%23FE7XyQEZL*7m*BZL*m*%23ZFLAB*%5B%5DQyX*m*A%7CLZALZl2NZLm*AsZ7*LZEm*Al%7C%2C*m*G%2C*m*%2CA*m*G%2C*m*As%7C%5D%207*%2Cn%20Lm*BZL%2C*m*A*%2CA*m%2CD%7C%2CC%2CD%2CC%2CD%7C%5D%20n%20%2C*m*Al%7C%2C*m*G%2C*n%20LZsm*G%2C*%7C%2CE%2C*A*m*%2CL*7m*DZLxZL*m*iA*%5B%7CQyXnl%7C%2C*m*GZsA*m%2C*m*Gl%7C%2CE%2CLZxLZZL*7m*DZLxZL*mA*A*%7BZ%20%2C*m*AZL7EsA*m**m*AlZL*m*ZF%23*m%2C*m*AZLDZL*m*A*i%5B%7D%20EZL*7m*BZL*n%20LZAL*m*ADLZA*m*%2Cn%20LZA%2Cn%20%20Z%20%3DPop-Rock%3D115%3D1
a03b043c-9f6d-4a59-9d6a-090e3b25c0b9,irealb://Don't%20Explain-Rev%20JE%3DHoliday%20Billie%3D%3DBallad%3DD-%3D%3D1r34LbKcu77Al%2C74D-7%207EsZLC/W%207-DZLb97A%20bB/7hEZLC/W/B%2CBb4TA*%7B%5B%7D%209bb7%2311a7EZLhB%207%5EFZL3C1%205%239bDZLtla7D%20lt%20A7EZL9b/W%2C7h7%2CW/F%2ChB%7C%2CA/W%2C7%5EF%2CEW/%2C7C%7C%2CbB/W%2C7-G%2CW/F%2CE-DsB*W%2C7%5EFb7%20sA7C%7C%2CbB/W%2C7-G%2CFW/%2C7-D%7C%2C%23C/W%2C9b7%2CW/E%2CBl%7C%2CGZLC/Wh%2CW/FA*%5B%5D%2C%23C/W%2C9b7A%20s7bBl%7C%2CG/W%2C7hE%2ClD-7%20B%7C%2CA/la7D%20b%20A7bEZL9b7Al%2C7bB%2CB7/EsZLC/W%207-DZL9b7%2311B/7hEX7%5E-D9%235%20C%3CQU%5B%5D%20Q%2C9b7A%20tal7EZLhB%207%5EFZL31FINE%3EbDZLtyQZ%20%3DJazz-Ballad%20Swing%3D100%3D3
a04709a1-ee85-4940-8644-8a4c9071e809,irealb://Don't%20Get%20Around%20Much%20Anymore%20(hl101t)%3DEllington%20Duke%3D%3DMedium%20Swing%3DC%3D10%3D1r34LbKcu7QyXnl4sC%2CD7A%2C7oC%2C7-B%2CA%7CQXyn%7C%2CE%2FC%2C7o%23D%2C7-%2FC%23%2C%7C4TA*%7BE%20Cs2Q%7CG7XyXQyX%7D%20%20ln%2CC%7C%2C-7D%2C7obE%20Cs1N%7CQyQ%20LZNyX7D%7C%2C5%237C-7%2C%7CG%7CQyX7%5EC%7CQyXbB%7CyQXFB*%5B%5D%20l%2C7C%207-C7%20%20sD%2C7obC%2C7o%23Q%7CF%23-%2CCsA*%5B%5DQyXnl%7C%2CG7%2C7Ds%207G%7CQyX5b7D-7%2CDyXFl%7CobE%20CXyQ%7CA7G%7CQyX7D%7CQyXnl%2C%7C%23C%2F7A%2C7oC%2C7-B%2CXyQ%7Csn%7C%2CE%2F7%2CD-7%2C%7CC%2CXyQZ%20%3DJazz-Medium%20Swing%3D80%3D1
a0046289-bcbd-492d-b50a-dd8e8722cc0c,irealb://Don't%20Wait%20Too%20Long%20Pg%201%3DPeyroux%20Madeleine%3D%3DMedium%20Swing%3DC%3D0%3D1r34LbKcu77A%207E4D%20GL44Tv*%7B%7D%20sus7A%20ZELG%20DZLsus7A%20EZD%20GLZ4Ti*%7BXsus7D%20GLZ7EZL%2C-B%207%23FlZL%20G%23F%2FDZLsus7A%207EXyQ%7CAZLsusmi%20deBGXyQarT%20%20%3C%7CQyXDZLssu7A%207EZL-B%207%23F%7Cnspos*%5B%7DQy7%23FZLitaar%5B%5DQyXsus7A%7CQyXE7ZL-B%207%23F%7CQyXG%3E*vE%20Ag%20orp7bB%20%2CsLZE%20L%2C-%23C%207%23GlZLA%20ZEL%2Csus7B%207%23FZLAZlF%237us7B%20snarTEXyQ%7Csus7B%207%23FZLA%20ELZsus7B%207%23FZLA%20ELZ%3C%20%20ZLsusXEZLs%20impr%20%2C7%23FlZL%2C-%23C%207G%23lZLA%20E%3Eonaip%20oBb7sudesop%7CQyXABA%20%3CIus7B%7CQyX7%23F%7CQy-X%23CZL7%23G%3EB%20orpms%20ELZ*%5B%5DQyG%237%20C%23-LZF%237XyQ%7CB7susXyQ%5D%20%3DJazz-Swing%20Two%2FFour%3D114%3D3
a0a00c83-96c9-487b-940e-60abf49a61db,irealb://F%2ET%2EB%2E=Glasper%20Robert==Even%208ths=D%2D==1r34LbKcu7%7CQyX94Bb%5E9X11%2DD%7CQyX9%5EbEQXy9%2DG%7CQyX9%2DG%7CQyXyQ%7CA%2D4TA%2A%7B%7CQyX1yQ%7CxXyX9%2DE%7CQyX9%2DG%7CQXy9%2DG%7CQyX9%5EbB%7CQyQ%7CD%2D1XA%2F%5EGyX96FQ%7CG%5E%2F%7CQyX11%239%5EbE%7CQy9X6CB%2A%7CQyXx%7CQyXAxXyQ%7CyX9%2DAyX11%23XyQ%7CEQyX4susF%7CQyX96%7CFQyXx%7CQyX11%239%5Eb%7CGb%5E796C%7CQQ%7CxXyQ%7CAb69XyQ%7C%7BBb%5E7XyQ%2C%7CD%2D11XyQ%7CxXyQ%7CxXyQ%7D%20=Jazz%2DEven%208ths=190=16
a050b325-3aa7-42dd-8a97-3390c9ef5baf,irealb://Fantasy%20Zone%20-%20Dreaming%20Tomorrow%3DComposer%20Unknown%3D%3DPop%3DEb%3D%3D1r34LbKcu7B%7CQyX4EbXyQyXx%7CQyXbA1N%7CQXyx%7CQyXbB%7CQyXx%7CQ%7CF*m*4TA*%7Bm*G%7CQ%7CN2AbyX*m*CB*%5B%5DQyXxQ%7CyXbE%7CQyXbB%7CQyXQ%7CxXy%7DQyXbG%7CQyXxXyQ%7CXbA%7C%7CQyXx%7CQyX**mG%7CQyXx%7CQyX*m*CyQ%7CBb%7CQyX**m*XyQ%7CC7XyQ%7CAbXyQ%7CBbXyQ%7CEbXyQ%7CxXyQZ%20%3DPop-Slow%20Rock%3D145%3D3
a0416f67-34a7-49fd-b0f8-8ab79a0be4cf,irealb://Singin%20In%20The%20Rain%20EGP%3DComposer%20Unknown%3D%3DFunk%3DC%3D%3D1r34LbKcu7/C%7CQyQ%7CBb%5ED%7CQyX%5EC44TA*%7B%7CyQX%5EbB%7CQyX%5EC%7CQyX*m7*XyX%5EC%5B*A%7CQyF%5EXyQB*%5B%5DQyXx%7CQyX%5EFQ%7CyX*m*A%7CQyXG/C%7CA*m*X%7CQyXE%209%237AXyQ%7CAQyX9b7G%7CQyXG/CQ%7CyX7D%7CQyXG/*7m*%7CBb%5E%2C%23G/*mAb%5ELZAb%5E%20LZBb%5E%2CA7%239%20Ab%5ELZAb%5E%20%20%7D%20%3D%3D0%3D0
a0101f33-a8c8-4778-a830-2884b093d15b,irealb://Etude%20%235=Niehaus%20Lennie==Medium%20Swing=Bb==1r34LbKcu77bA%20%2C9%20F7L9%237F%207CZL7G%207%2D%7CDQyX7%2DCZL7G%20bBZLZD%2D7C44T%7BBZLbBZC7b9QyX7F%7CQyX7%2DC43%7CT%7D%207G%20bBZL7FQyX%7CBbLZL7G%20%2CyX7%2DGQ%7CEb7%7CQyXG%7CQyX7D%7CQy7X%2DAZLbAZLbA%7CQyXGXyQ%7CyX7%2Db7G%207%2DyQ%7CF77%2DCZL7G%20bBZL7F9%20C44T%7CQyX7F%7CQyXXyQ%7CDX7C%7CQ7F%209bF7LZD7G%20%2C7bA%2CbBZL7F9%20b7CZL7G%207bA%207%2D%20LZC7%207CZLLZBb%2CAb9%2C%20G7LZC7%20F7LZBb%20%20%7C%20==264=0
a0cba4ff-4718-4895-8770-0ae77c3418b2,irealb://Fazenda%3D%C3%82ngelo%20Nelson%3D%3DSlow%20Rock%3DB-%3D2%3D1r34LbKcu7G%209-B-9%20G--%23F44TZL6-G%209-4B3TZL6-G%209-BZL67XyQ%7CB44T%5B%20A%2FEZ-9%20G-A1N%5B%5DQyX7-%23F44ZTL6-G%209-B43TZL6%20D%2FALBZL6-%207-BZZE%2FA%207-BZL7-%23F%207-%23CLZ7-%23F%207-%23CZLA%2FD%20D%5E7LLA%2F%23FA%2FD%20AZT34BXQyXQyXQyX%7C%7DQy7X-%23F44TZL6-G%207-yQ%5BN2L7-%23CL7-%23F%20D%2FALZL7-%23F%207-%23C%7C%2CE-%2F%23F%2C-%23F%2C%23G%2FE%2CAZC%23-7%20A%2FEZL%2C-E%207D%5E7LZX7-%23F44TZL6-G%20-7B43TZL7-%23C%207-ByQ%5BB-%207-BZA7%2C%7CD%5E7%2CG7%2CC%23h%2CF%237%2C%7CB-7%20G-6LZF%23-7XyQZ%7C%20%3DPop-Slow%20Rock%3D70%3D1
a07097f2-5762-4113-a789-bf6f1ef968bf,irealb://Blue%20Moon%20of%20Kentucky%3DComposer%20Unknown%3D%3DMedium%20Swing%3DA%3D%3D1r34LbKcu7yXA%7C%7C4AXyQQyXE%7CQyXx%7CQyXAQ%7CyXx%7CQyXD%7CQyXx%7C%7CxXyQ4Ti*%5Bx%7CQyXyQ%7CDXQyXx%7CQyXA%7CQyXEQ%7CyXA%7CQyX*m*D%7CQyZ%5B*AAX7A%7CQ%7CQyXDXyQ%7Cx%7CQyXA%7C%7CQyXx%7CQyEX%7CQyXx%7CQyXA%7CQyXxXyQ%7CD%7CQyXXD%7CQyAXyQ%7CXA%7CQyXx%7CQyXDB*Z%7CQyXx%7CQyXA%7CQyXEyQ%7CAX%7CQyXxXA%7CQyyQ%7CAXXA%7CQyXx%7CQyXD%7CQXyx%7CQyXA%7CQyXE%7CQyyQ%7CEXXx%7CQyyQ%7CxXyQZ%20%3D%3D0%3D0
a0963be3-969f-48fc-bd09-07573a48afa8,irealb://Four=Davis%20Miles==Medium%20Up%20Swing=Eb=3=1r34LbKcu7QyX3144%3C%2A7X9%2DbEZL%20lcKQyX13%5EbE%3E761%20mpb%20%204yQ%7CAbTA%2A%5BY%2DFZL7yQKclF%7CQyX7%2DGB%2A%5BY%5DQXy7bD%7CQyX7%2DbAZL%20%23%2D7%20BX7%2DF%7C%2A%3C%20%3E%3ADh%20G7yX96%2A%3C7%2DFZL7B%20%2D7%23F%7CQyX7%2DGZL11%23Qhead%7CQyX7yX45%2AXyQ%20%20bB%3E%E2%99%AA%20QyX%2E%E1%8A%95QyXQXy%E2%94%81%20QyX17%2A%3CZL%20%3E%E2%99%AA7%2C%20%20%3CQyX17L%20lcKY%5B%2AAEF%7CQyX31bA%7CQyX9b%2DEZL%20lcKQyX31%5Eb%2D7XyQ%5D%20%3E%EF%B8%B6Q1%237G%20XyQ%7CDX7%2DFZL7B%207%2D%23F%7CyQX7%2DGC%2A%5BY%5DQyX7byQ%7CDh7%2DbAZ7%2DF%7CQ7%20Gb%2DE%3E%29krb%20olos%28%20%3CLZQ%2C9b7bB%207%2DFZL7b6%2CXy%2DGZL17%2A%3C%207%5DYYXybG%20hG%7CQyX11%239bD7%7CQyXhAQZL%20QyXQ7LZF%2D%207bB%20yX%2E%E2%99%A9%20yQ%20%20%E2%99%AAX%2E%E2%99%A9%20%E0%B8%AF%2017%2A%3CZL%3E%29nop%28%20QyXQyX%3C7bB%3EyQXyQXQyX1%E2%99%A9%2017%2Ab%2D%5E%3C%2AQyX45%2A%3C%20%3E%29rd%2Fs%28bQyXQyX%3C%20%3E%EF%B8%B6%20%2045%EF%B8%B6%3ELZ%3CE%3E%E2%99%AA%20QZL%3E%EF%B8%B6Q%E2%99%A9XyQ%20%3C%20%3E%29onp%28%20%3Cx%3E%EF%B8%B6QXy45%2A%3C%20%3E%E2%99%AA%20QyX%2E%E2%99%A9%20%2A54Xy%20%20QyX%3C%2A71%20%E2%99%A9XyQ%20%20%E2%99%A9XyQ%20%20%3E%20%3C%2A54XyQ%EF%B8%B6%3Ex%20f%20Z%20=Jazz%2DMedium%20Up%20Swing=167=3
a0976421-8a0c-4198-9de1-65ca4d0f812c,irealb://Giant%20Steps%20%28modified%29=Coltrane%20John==Neo%20Soul=Eb==1r34LbKcu77D%207%2D%5E7%20sAbA%207%5EbEl%7C%2C7bB%2C%2D7Fs%207%5EGl%7C%2C7D%2C7%2D%5E7LZAB44T%5B7%23C%2C7%20sF%2D7bA%2C7%2DbE%7C%2C7%23F%2C7%23%2DCs%207%5EbEl%7C%2C7bB%2C7%2CG%23%2D7%5EGZL%2D%23CZL%2CF7%2CF%5EGZL7D%207%2DAZL7%5EAb%207%5EbEl%7C%2C7bB%2C7%2D7%20D%5E77%2DC%7C%2C%2C7%2D%23CLZB%5E77%2D%23Gs%7CQyX7%5EbEULZ7bB%207%2DFZL7%5E%23F%20%2CC%237%2C7%23F%207F%237Z%20=Pop%2DSmooth=90=4
a02f3c4b-58a6-486c-901f-5f536f2efb73,irealb://Glad%20To%20Be%20Unhappy%20-%20Verse%3DRodgers%20Richard%3D%3DBallad%3DF%3D%3D1r34LbKcu7A%207-DELZD-%20FZL9%5EF%2096bBZL%2FAF%207%5EbBZLC%2F-A%207F%2FELZ%2FF%20F%5BL%23C%2FABb%5E7%20%2FbD%20bGZLF%2FbD%20bZGL9%5EF%2096bBZLA%2FFFLZD%20ZLC%2F-ZD%20A%2FC%23LZC%2FGXyQ%7CG7XyQ%7CC6%2FGXyQ%7CD7%2FA%20D9%20%5D%20%3D%3D0%3D0
a08d4ea7-4bbb-47f6-9839-1a4b58ede5ee,irealb://Heather%20on%20the%20Hill=A%2EJ%2E%20Lerner%20%26%20Fred%20Loewe==Ballad=F==1r34LbKcu7N%7CQyXXyQ%7CBL7D%20%2A7m%2AGZL7D%20Bb%7C%2C7F%20%20F%7C%2C7C%20%20bZBb6%2CF44T%7BC%2C%2A7j%2CBb%2Am%2CF%2CbB2NZL%20QyXQXy%7D%207C%20F%7C%2CC%2C%2A7jaBb%2AmaF%2CbB1%2A7jamyQ%5D%5B%2A%207%23D%2C%2A7m%2AbB%7CQy7X%23CZL%20%23F%2C%2Am%2A%23FBLZAb%2AXF%7C%2C7yXFA%2A%2Am7%2A%20%20sus9C%7C%2C7G%20%209G%2C%7CE%20%20%2A7jam%2ACZL7GC7%20%5D%5BD%7CQyXm%2AbB%2C%20C7%2C%7CQyX6bBZL7D%20%2A7mG%2AZL7D%20bB%7C%2C7F%20%20F%7CBb%2CF%20bB%7CQaj7%2A%2CA7%2C%7CD%2Am%2A%20F7%2CBb%2Am6%2A%2C%7CF%20D%2Am7%2ALZG%2Am7%2A%20C7LZFXyQZ%20==0=0
a0c6f2d0-fd88-4c7e-bbce-15e6e6a6befa,irealb://Holding%20You%20Loving%20You%3DBlackman%20Don%3D%3DSoul%3DC%3D0%3D1r34LbKcu7%2F7bA%7C7%2FGbXb7bA(bA%2FFQyXsubsE%7CQyXbG%2F7-bAQy9)XyQbAA*%7ByXbG%2FAb-7%2FyXbG%2F7bA%7CQyXbAF%2FQyXsusbE%7CQyXbGQAb-7QyXbGA%2FbDQusXyQbE%7CQyXbG%2F7-bAQXybG%2F7bA%7CQyXbA%2FFsusXysbE%7CQyXQyXsus%20%5DbAZLQyXQyX7bA%7CyQX9b7bBQyX%5EBB*%5B-7%2FGb7bB%20byX%5EBZXyQBbyXbG%2F7-bAZLQyXyQXbE%2F%5EbD%7CQyX9b7QXyQL%5EBZLQQXyQLZBb7b9b13XyQXyQLZEb7susXyQXyQLZDb7susXyQXyQ%20%7D%20%3DPop-Virtual%20Funk%3D83%3D3
a0ec8892-490f-4da2-ad6c-4b89a947b13d,irealb://Honeysuckle%20Rose%20w%20VV=Waller%20Fats==Up%20Tempo%20Swing=Bb=10=1r34LbKcu7%2DC%7C%2C77%20F7LbB%2FA%2CbB%7C%2C7F%2C11%20F7CZL7F%2C7bG%2C%2DGZ%2CBb%2CGbBv%2A%5B%2DCZL7C%2D%20F9LhbD%207F%7C%2CobD%2C7%2CFoB%2CF%7C%2CbE%20%207CZLZF7%20GZL7G%207%2DCZL7b5LZCZL7F%207%2DCZL7F%20%2D7C44TA%2A%7B%5D%207G%207F%2D7%20F7C%2C7C%2C%20QyXQBb6%20BG%207%2DDZL7bE%206bBN1ZL7F%206bEZLD%2F7b7%20%7DXyZL7F%20cKQyXb6XyQlcKQyX6bEZL%20lcQKyX7bBB%2A%5B%5D%20%20lcK%20LZC7B2NZLZL7F%207XyQK7F%207%2DCZL7F%207%2DCLZ7F%207%2DCA%2A%5B%5D%20%20lcLZC%2D7FZL%20lBb6%20Bb7%2FDLZEb6%20F7LZUBb6%20Eb7LZD%2D7%20G7%20Z%20=Jazz%2DUp%20Tempo%20Swing=138=3
a04e05cf-a8ee-4678-b9ff-e75a07af8827,irealb://For%20You%2C%20For%20Me%2C%20Forevermore%20%28DGM%29%20069=Gershwin%20George%2FIra==Slow%20Swing=F==1r34LbKcu7%2C7C%7CQ%20C7%20%5DZL7obA%207%2DA%7CQyXF6%7B%7CQyXQyXQyXQyXG%2D7Xyn44T%5B%7CQyX71F6Xy7%2DC%5B%5DQyX%2C7C%7CQy7X%2DGZL7obA%207%2DA%7CQXyQ%7CFN%7CQyX%2DC2N%7C7b9LZ5%237C%7CQyX7bD%7CQy7XG%7CQyX7%2DD%7CQyXbB%2CXyQ%7DF%207%2DCZL7C%20F7XyQ9b7D%207%5EF%5B%5D%207bEs%20us7bE%7CQyX7%5EbB%7CLZG%2D7%7CQyX7X6F%3Ee%2D7LZGU%2C%7CQyX6FZL7C%20ssu7C%7CQyX7%2DG%7CQyX7%2C%3CFinD%207%5EFyQZ%20==102=1
a02bbdea-8853-4b85-8106-60adb68277fa,irealb://I7-VI7-II7-V7%20%20%20%3DMcMillan%20Marcus%3D%3DMedium%20Swing%3DC%3D%3D1r34LbKcu7%7BC7%20LZA7%20LZD7%20LZG7XyQ%7D%20%3D%3D0%3D0
a074456c-8784-47b9-9ec3-0d9dc21fc278,irealb://Lydian%20Chordscale%20Vamp%3DGrantham%20Jim%3D%3DBossa%20Nova%3DC%3D%3D1r34LbKcu7%7BT44C%5E7XyQ%7CG%5E7XyQ%7D%20%3DJazz-Bossa%20Nova%3D140%3D20
a06af5e8-a549-4b43-81b2-d564b9c6f61f,irealb://Jiucy%20Lucy%3DSilver%20Horace%3D%3DMedium%20Swing%3DC%3D%3D1r34LbKcu7-AZL74F6XybBZL7F%207-CZL7G7%20-DZL5%237A%207hE%7CQ7%20Bb-4TA*%7BX6F%7CQ9%235LZ2NZL%20QyXQyX%7D%2057%23%5EC%207-G%7CQyX7G1NG-7Xy%237D%207E%7CQyXBC-7XQyX6bB%7C%2C7o%23C%2C7C-%206bB%7CQyX7-C%7CQy%7CEb-7*%5B%5DQyL7G%207Q%7CDb6%237A%207hE%7CQyX6FA%5B*%5D%205%237C%207-G%7CQyX5LZD-yX7-bZC-7b5%20F7LZBb7%20Bb-7LZA-7%20D7b5LZG-7XyQ%7CG6XyQZ%20%3DJazz-Medium%20Swing%3D124%3D3
a0c3f2ab-3b87-48c6-aa25-2b502cabd6ea,irealb://La%20Callejera%3DR%C3%ADos%7CC.Carabajal%20Hnos%3D%3DZamba%3DA%3D%3D1r34LbKcu7ZL%2C7E4A%2C%20BD%207EZL%2C7B%20AZL%20%20AZL%20x%20ZL%207E%20ZL7%2CLZA%203Ti*%5BZL%207ELZ%20A%20B%20A%7CQyXAZL%20x%20Z%20L7E%20ZL%2C7B%20AA*%7B%207%2CLZ%20%2C7E%20AL%20A%202LZAXy7E%20A1NZL%2C7E%20%2CDLZ%207E%20ZL%2C7B%20%2CA%7CQ%2C%20%7D%7CN%2C7E%20D%20A%20ZL7%20LZ%20ZL%20%2C7E%20ZL%2C7B%20ALZ%20A%20ZL%20%2C7E%20ZL%20DD%2C%20E7A%20B*ZYY%20Qy7%2CLZEdoC%20la%20.C.D%3C%20AZ%20L%2CQ%2C7E%20AZLD%20%2C7a%3E%20ZXB%20AZL%7CQU%20A%20%20%5D%20%3DPop-Slow%20Rock%3D70%3D1
a07eac20-ac37-4c08-a0f8-0c2b16a6194a,irealb://Let%20The%20Cat%20Out%3DScofield%20John%3D%3DMedium%20Swing%3DBb%3D%3D1r34LbKcu7%237bBZ4Bb7%23QyX11%2331bEZLQy%7CXrQyXZL%20lcKQyX9Kcl%20L4TA*%5B%23C%7CQycl%20%20%5D%5EBZL7-%23A%207-%23GZ5L%237G%205b7-Dl%2CB*%5B7%2311XKQyX9%20ZL%20lC%239LZ11%237%5EbBZL5%237%23G9%20%237%23CZL96D%207-%23FXyQKc%20sus9x%20LZF%23-9%20B13%20%7D%20%3DJazz-Medium%20Up%20Swing%3D125%3D3
a08b268d-3ab7-4feb-b365-a3d032f802f2,irealb://Look%20What%20I%20Found%3DGaga%20Lady%3D%3DRnB%3DC%3D%3D1r34LbKcu7s%20%20-C4C-%20%20n%20bEZLbA%20bEl%7C%2C%2FDbBs%20%20-Cl%7C%2CC%2FFs%20%5D%7B*A4Ti*%5B%7C%2CC%2FFlC-%20%20l%7C%2CD%2FbBs%20%20bEZLEb%2FbA%20bEl%7C%2CD%2FbBsC-%20%20s%7C%2CC%2FFA%7CQyXsBb%2FDE%7CQyX-CB*ZL7oBb%20EZLbE%2FbA%20bEl%7C%2Cb7%2FBb%20%20-ClbA%20bE%2CG-%2C%7CbBs%20%20-Cl%7C%2CC%2FFs%20%20-ClC*ZLbB%207-Fl%2FD%2C%7ClbAs%20b%20%20-ClEb%20BobBs%20%20bAl%7C%2CA%2FW%2CBb%2FW%2CB%2FWs%2C-ClZL7sus%2C%7CZLbE%2FQyX-FC-XyQus7bB%7CQyX7%5EbA%7CyQX7-G%7CQyX-FD*%5B%7DsXyQ%7C%7C%2CC%2FFbEl%7C%2CyQ%7CAb%20%20-Cl%7C%2CC%2FFs%20%20-lCC*%7B%5DQyXx%7CQyX7%5EsBb%2FDX7-G%7C%7C%2CsusbLZEbbAl%7C%2CA%2FW%2CbB%2FW%2C%2FBWs%2C-Cl1NZL7oB%20%20%20sBbE%2FbA%20X-ClfF%2FC%2C%7CbAl%7C%2CA%2FW%2CbB%2FW%2C%2FBWs%2C-Cl2N%7DQyX-C%20%20sLZ%20%20-ClyQ%5D%20%3D%3D0%3D0
a096be61-9987-4c4d-b94c-5816e55719f1,irealb://Lord%20is%20Listenin'%20to%20ya%20Halleluja%2C%20The%3DBley%20Carla%3D%3DBlues%3DF%3D%3D1r34LbKcu7%7CQyXF4FXyQ/bB%7CQyXFl%7C%2CE/CD%2C/bBs%20bB%7CQyX7C%7CFXyQ%7C4TA*%7BB%7CQyXC7XyQ/C%2CD/bBs%20bBl%7C%2CB7s%20%207C%7CQyXFB*%5B%5DE%2C%7ClF%7CQyXGQyXC/Q%7CFXyoB%7CQyXbBl%7CZ%2CA%2C/AGs%20A%7CQyXE/7A%7CQXyQ%7CFyXF/bQ%7C%7D%20%20%20Bb-/LQ%2CF/-bB%20F/bB%7CyQX7C%7CQyXC/FZLbDZF%2CC7D/bB%7CF%20%20U%20Z%20%3D%3D0%3D0
a0a883bf-9986-4bdf-b130-d9a13240a1db,irealb://Rey%3DChristine%20D'Clario%2C%20M%C3%A1s%20Profundo%3D%3DRock%3DE%3D%3D1r34LbKcu7X-%23C%7C4%3C*69QyXB%7CQyXE%7CQyXEa%3Efortse%2FortnI%20%20%7CBXyQ4TA*%7ByX%23D%2F-XyQ%7CE%7CQyXE%3EoroC%20%203*6%3CB*%7B%7DQyXA%7CQyXAXyQ%7CB%23C%7CQyyer%20s%23XyQ%7C6*%3CC*%7B%7DQyXA%7CQyAX%7CQyX-%23C%7CQyX-%23C9%20EreD%2FB%7CQA%7CQyX%23-XyQE%7CQyXE%7CQyX%23D%2FBQ%7CyX%23D%2FB%7CQyX-%23C%7CXyQ%7CAC%3E...XyQ%7D%20%3D%3D0%3D0
a067fe8b-c258-44dc-a762-da2dd5e85715,irealb://Mi%20DIOS%20Es%20Real%3DComposer%20Unknown%3D%3DMedium%20Swing%3DE%3D%3D1r34LbKcu77A%207E4E7%2C*B%7CQyX7E%7CQyX7A%7CyQX7A%7CQyX7E%7CQyXA7XyQ%7C4Ti*%7B7B%7CQyyQ%7D%7B*yX-%23C%7CQyX7E%7CQy7XE%7CQyX7A%7CQyX7ABQ%7CF%23XX7EZLA(7E%7C7XyQ%7C%7CQyX7E%7CQyX7A%7CQXy7A%7CQyX7E%7CQyX7EB7XyQB%7CQyX)%20A7(A-)LZE7XyQ%7D%20%3D%3D0%3D0
a062eb98-6db9-4508-80d7-91e8e53f859c,irealb://Milonga%20Del%20Marinero%20Y%20El%20Capit%C3%A1n%3DRodriguez%20Los%3D%3DRock%20Latino%3DB%3D%3D1r34LbKcu7Y%20%20Qy4sB%2CE-E%2CB%3E%29emit%20dn21%20x%28%3C%7C%2CC%2CBZLx%7C%2C-%7DXyQX4Ti*%7BXX%3C%7C%2CLZE-LZLBZL-AB*%5B%5D%20BZCLZL-EZLBZL%20%7Cr%20ZsE-%2CABlA*%5B%5BYY%5D%20QX%3ED%2CadoC%20la%20.C.D%3CZ-LE%7C%2CBl%7C%2CD%2C%23D/-A%3ECLZByXXQyL-EZL%3EsB%2CEoS%3CA*%5B%20%20QyXQyX-%5DE%2CB%7C%2CC%2CBZLx%7C%2C-lo%3ElB%20%3CQi*E%7C%2CB%2CLZBLZZLBZL%20%7Cr%20ZLxZLCn*%5BYY%5D%20BZLCZL-EE-LZC%20%7Cr%20ZZL-E%7CBA-LZD%2C%23D/-A%2CD%3EXQyXQXyXX%3C%7C%2CA%2C-EsZLB%2C%7ClB%2C*%5B%5D%20--Ef%2CB%5DY%5B*iZLx%7C%2C-E%2CBs%7C-E%2C%7CB%2CC%2CBZLx%7C%2C-E%2CBsB%2CC%2C%7C%20BZLC%5D%20%3DPop-Rock%3D115%3D1
a0fc16a8-41f1-4c49-bce4-77a76e358123,irealb://Moliendo%20caf%C3%A9=Blanco%20Hugo==Latin=A%2D==1r34LbKcu7A%2A%7B%20nA%2D%2CG%2C%2C7E%2CF%7C%2CG%2C%2DA%7C%2C7%2CEF%7C%2CG%2C%2DA%7C%2C7E%2CF%7C%7CA%2DLZs44T%5BCZLCZE7LZA7GZL%2DDZL%2DDl%7C%2C7%2CA%2DAsZL%2DAZL%2DAZL%2DLZG7LZL%2DAl7EZLCE7LZA7GZL%2DDZLCZLCZLG7ZL%2DDB%2A%5B%7D%20%2DAZL%2DLZCLZZLFZLLZE7LZE7LZE7%20Z%7C%20=Latin%2DCuba%3A%20Son%20Montuno%202%E2%80%933=190=3
a08ced80-9a46-4469-87ee-e4491c8970c5,irealb://Mon%20Dieu%20(E.%20Piaf)%20-CM-V2-6%3DDumont%20Charles%3D%3DBallad%3DDb%3D1%3D1r34LbKcu7QyX7-4DbXyF%20bDA*%5B%5DQyX7bAQ%7CyX7%5EA%7CQyX7%5EE%7CQ7LZBb4Ti*%5B%7CQyXb%20Go7LA%207-bE%7CQyX7-bBLZ7F%20bD%7C%7CQyX7bAZb7LZD7%5EbG%7CbA%207-%7CBb-7X7-bBZL7F%20bD%7CQXy7bA%7CQyX7bE%7CQyXyQ%7CEbQyX7FL7bG%20%20A7%20%5D7AZL7obA%207%5EG%7CQXy7-bCZL7bG%20DB*%5BXyQ%7CDbDZL7%7C%5DQyXXyQ%7CEX7E%7CQyX7-bC%7CQy7XbG%7CQyXDZL7A%207-yQ%7CA77-bCZ7%5EF%7CQLZCb-7Af%207-EZL7bC%207b-GZL7A%207-E%7CQyX7LZDXy7bG%20DXyQ%7CfD69XyQZ%20%3DJazz-Ballad%20Even%3D62%3D1
a0ca00f3-1bc5-44ff-8af2-4eb404c16485,"irealb://My%20Baby%20Just%20Cares%20For%20Me%201=Donaldson%20Walter==Medium%20Swing=Eb=3=1r34LbKcu7yX7obyQ%7CAbG%2F%5EbE%7CQyX11%237b%7CAQyX%5EbE%7CQyX11%237XyQ%7CGX%5EbE[7F%7CQyyQ%7CXy7G%20,7hD%7CQyX-C%7CyQX7G%7CQyX7hD%7C]%20QLZC-XX-F%7CQ%237bA%7CQ%7CF-7E%7CQyX11%237bA%7CQy%5EXbE%7C]QyX7bB%7CQyXb%5EXyQyX11%23%7C,%20,7%7CGh7X%7CQyX%5EbA%7C]%20QyX%7CyQX-F%7CQyX7obG%7CQyAh7%20DQyX11yX%3Ex%20Db7LZbE%7CQyX%5EE%7CQyX7b%7CBQyX7-FZL7C%207-G%3CLast%207-bAQZ%20=Jazz-Medium%20Swing=120=0"
a05beee1-0616-4002-8faf-eaaa0459927e,irealb://My%20Way%3DRevaux-Francois-Thibaud-Anka%3D%3DBallad%3DC%3D%3D1r34LbKcu7%2CC%2F7-4CXyQ7-D%7CQyX7A%7CQyX%2CBb%2F7C%7CQyX%2CB%2F7%5EC%7CXyQ%7CD4TA*%7BQyX7-7%2FB%2CX7%5EFZL7C%207-GZL7C%5E%20%2CCZLC%20%2CC%2FF%7CQyXyQ%7CFG%7CQyXXQyXQG%2C%20A-%7DQyXC1N%7CQyXC%2FFLZ7G%20G%2F7-DZL%2CG%2F7XyQXy%2F7%5EC%7C7-DZLC%20F%2FGpp%7CQyX7%5EFZL7C%20-7GZL7%5EC%20%2CCB*%5B%5D%20F%5E7%2FE2N%7CQy%20la%20.7XyQ%7CC%2FF%7CQyX7G%7CQyX7D-%7CQyX7-A%7CQyX7-E%20%3CD.CG%7CQyX2nd%20ending%3E%20LZC%20%20(F%2FG)%20%5D%3DJazz-Ballad%20Swing%3D74%3D3
a05c4fc1-62c8-4a8c-a716-fde224cb728e,irealb://NG:%20I%20Won't%20Settle%3DNG%3D%3DFunk%3DB-%3D%3D1r34LbKcu7XD%7CQy*m*XyB*%5BY%5D%20%29*m*E%28%20%20%7CGQyX*m*B%7CQyXG%7CQB*m*XBA*%5BY%3E%5E%5E%5E%3CyQ%7CA7%3E%5E%5E%5E%3C%7CQyXG%7CQyX%7CDQyX7A%7CQyXG%7CQyXAXyQ%7CXG%7CQy%7CQyX*yQ%7C%3C%5EyXA%7CQyXGC*%5BY%5DQXyG%3E%5E%5E%5E%3C%7CQyXG%3E%5E%5EQ%7CE*mX*m*BA7XyQ%5D%20%3D%3D0%3D0
a07d8ed1-a883-4e69-9edf-297d9fd0c851,irealb://New%20York%20State%20Of%20Mind%20WSS%20P3%3DJoel%20Billy%3D%3DBallad%3DF%3D%3D1r34LbKcu7QyXbB77%3EFXL7F%207-C%7CQyX7-D0%3E1P%3CZLA%20susA%7CQyZ%3C81%3E%3C44T%5BLE/7AQ%7CG-7B75*%3C9ddaF%3E58%3CLZE/bE%20bE/bD%7CQyXASS%3E%20yX7D%7CbB%7CQyD-7/C8%3CZL9G%20sus9G%3E1P1%3CZLA/6F%209%5EbBZL9%3EBbX%207-DZ-Dl%7C%2C%7CD-7%20A%2C9%237As%20CZLC%207D-%3E39%3C%7CQyX9GZL9G7b9b5QyXC/F/7-CF/GXy-CZL6C%209%5EC%3E21PZ%3CL9%5EC%20C/G%3E79%3C%7CQ7XyQ%7C%7CQyX9ZLD%20D%3C101%3EZL9A%20A/G%7CQyX7-%7CEQyX6bB%7CQyX9%5EbB%3C5%3EA/ZL9F%20%7CQyX7D-9XyX96C%7CQyX9%5EC%3E90%3C1%7CQyX31G%3E31P%3C%7CQyQ%7CG-%7CQyXD%3CTo%20p4%20%20G%3EC9sus%20D9%20Z%20%3DJazz-Ballad%20Swing%3D108%3D1
a07cb446-eb3a-43f6-af16-5a28371cec31,irealb://No%20Moon%20At%20All%20Rev%3DEvans%20and%20Mann%3D%3DMedium%20Swing%3DD-%3D%3D1r34LbKcu7A%20bB/44lD-QyXB/7G%7CQyXC/7%7CDQyX%23C/9b7A%7CQyX%7CYEh7TSA*%7B%20-Dl2%20sBb7yXQyX%7Dn%2C7An%2C7bsBZLn%20-Dl1N%7C%2C7A%2CQ%20LZN-DZL7yX7-GyQ%5D%5B*Ds%20%207G%7CQyX7Gl%7C7%2CbAs%20%207D%7CQyX7DBb7%2C%7ClXnZLnZLn%20-yQ%7CF6IF%3C3NUZL%20QyXQy%7DX7A%20n%2C7hEsZL%20n%2CNE%3ElDX7C%7CQyX7GZ%7B*C%3C*%207-DZL7bE%20hE%7CQXy-D%3EsvorpmI%20%2046D7b9L%5DQyXnA%7CQyX%2C%20Eb7D*%5B%7D%207bE%20%2C7bB%7CyQX-DZL7bE%20%2C-DZLD7alt7hE%7CQ%5B%5D%207b%7CG7XyE%7CQyX6F%7CQyX7bGQ%7CyX7-G%7CQyX7bD%7CQh7%2C%20EQyX7b7bE%20%2CXyQ%7CEbE%20%2C7hE%7CQyX7GZ9Lb7D%207-DZL7bE%20h7LZD--DlC*LZD-XyQ%7C%3CD.S.%20al%20FINE%3EBb7%2C%20%3C*662X%3EEb7%2C%20%7D%20%3DJazz-Swing%20Two/Four%3D130%3D1
a02b16ae-59db-4aea-ab55-7b20ccf59883,irealb://Nobody%20Else%20But%20Me%20%2D%20dp=Kern%20Jerome==Medium%20Swing=C==1r34LbKcu7%207%2D%23C4C%5E7%207%2DD%7CQyX7G%7CQyXG7%2F%2DDZL7A%207%2DEZL7F%20G7LZ4TA%2A%5BbE%7CQyB%5E7%20B%5EB%7CQyX7oF%7CQyX6BE%2A%5BZ%207B%207%2D%23FZL67%2FF%23XZL7%23F7%2DEZLQ%7C%7CD9C44TA%2A%5B%5DQyX7G%7CyQX7%2DD%7CQyX7D%7CQyX%5E7%20F7yXG%2F77%23C%287D%2D7%2FG7%2DGZL7bA%207%2DDZLG7%207%2DD%7CQyX7G%7CQyXXyQ%7CCZL7A%20XG%2F7%5E%237%29%20%5D%207AZLbB%2F6%2DG%20C%7CyQX6%2DFZL7%5EF%20FC%2A%5BD7LZCF%28%20%20%29bE%28%20%20o7XyQb7G%207bA%7CQyX7%2DDQ%7CyX7o%23D%7CQyX7%2DD%7C9LZC6%23C%7CQy%5E7%29LZ%20%28G7b9%235%29x%20%3CFine%3E%20Z%20==0=3
a0291ac4-7ced-4d86-ad36-bc599f246bd0,irealb://Rockin'%20Chair%20%28Dixieland%20Tunes%29%3DHoagy%20Carmichael%20%281930%29%3D%3DMedium%20Swing%3DEb%3D%3D1r34LbKcu77F%207F4EbXy%2BC%7CQyXbE%7CQyX7b%7CDQyXbA%7CQyX7bE%7CQ%20C7LZ4TA*%5BB%20bEZb7XyQQyX7F%7CQyX-G%7CQy7XD%7CQyX-C%7CQyXbE%7CKcl%20LBZL5b7F%7CQybXyQ%5DyX7DZL%20lcKQyXbZEL%20lcKQyX7bAB*%5BQ%7CG-XEZL7bB%207F%7Cb7XyQ%7CQyX7bD%7CQyXbA%7CyQX7bE%7CQyXbEA*%5B%5DEbXyQB%7CQyXb7LZEb%20AbLZEbXyQZ%20%3D%3D0%3D0
a01e9cf4-29a4-418a-880e-141393a4ab45,irealb://True%20Love%3D%281956%29%20Porter%3D%3DMedium%20Waltz%3DF%3D%3D1r34LbKcu7F%7CQyX4FXyQQyX7C%7CQyX7-G%7CQXyF%7CQyXoB%7CQyXbB%7C%7CN1Fo3TA*%7ByXbA%7CyQXyQE%7CQyX7-bBB*%5B%5DQXyFZL7C%207-G2NZL%20b7XyQX%7DQyXB%7CQyXyQ%7CBbXFA*%5B%5DQyX7C%7CQybXA%7CQyX7bE%7CQyX7-yQ%7CBbX7F%7CQoXyQ%7CFXyQ%7CG-7XyQ%7CC7XyQ%7CFXyQKcl%20%20Z%20%3D%3D0%3D0
a00dc5e1-2934-471a-88d8-de8cce17a4e9,irealb://Oh%20Happy%20Day!%20-%20Edwin%20Hawkins%20Version%3DHawkins%20Edwin%3D%3DMedium%20Rock%3DAb%3D%3D1r34LbKcu7A%2FbDZ4Bb-7QyX%7CrQyXZLQyX%7CQryX%7CQyX%2C7bE%7CQyXLZAbL4Ti*%5BX7-bBLZDb%2F7F%7CQyXbA%7CQyXbAb%2FD%7CQyXbAA*%7BZLbA%2CXyQ%7CbAZLbLbA%2Fb7XyQ%7C%7CQyX7bE%7CQyX7-b%7CBQyX7bE%7CQyX7-bBAbLZDbE%7CQy%7Cns%2C7N1Db%2F%20thguat%20QyXQyX63*%3C2NB*S%7BY%7D%20%2CbAme%3EEbZLbAZZLQ%20nDb%2FAb%7D%20bA%3E%20QyXQyX36%3C*ZL%20%7Cr%20ZL%20%7Cr%20ZL%7CEb7%2CZLbAlQyX7-QXyQXX%2C7F%7CQyXbA%7CQyXAb%2FbD%7CQyXbAA*%7CQyyQ%7CBbyXQyXZLbA%2FyQ%7CBbA%7CQyX7bE%7CQyX7-Bb%7C%5DQyX7bE%7CQyX7-bLZDbX7bE%7C3*%3C%20%20.S.%20aQyX%2C7bD%7CQyXbAl*C%7B%5DQyXbA%3EadoC%20l%7C%20%20r%7CD90*%3C612x%3E%20%7D%7CAb7%20%5D%20%3DPop-Rock%3D115%3D1
a035074a-3496-46c7-8089-bbc95bb2d92e,irealb://Percayalah%3DRaisa%20Afgan%2C%3D%3DBallad%3DD%3D%3D1r34LbKcu7QyXQy4D%20%20A%23FZL%23F%20*m*EZL**m%23F%20G%7CQyX*m*B%7C%2CXyQ%5DX4Ti*%5BXG%7CQyQ%5B*AD%7CQyXD%7CQyX*m*G%7CyQXG%7CQyX*m*B%7CQyXB*m*XyXQyX*BZL%23m*%20AL-%23C%7CQyX*m*G%7CQyGX%7CQyX*m*B%7CQyXDZ7b5%20F*G%7CQyA%2CA%20*%7CCXyQ*m*%23F%20G%7CQyX*m*%7CB%2CA%20%20DB*%5B%5DQyXA%7CLZE*mQyX*m*m*G%20*m*%20%20%5D%20A%20GZL*m*%23F%20**mE%7C%2C*m*%23F%20%20G%7C%2CD%5B*CBbB%7C%2Co%23LZA*m*%20D*m*LZBb%20CLZDXyQ%7CBb%20G*m*LZA%20%20Bb%5B%20%3D%3D0%3D0
a0e43cf2-9f94-4e4a-b177-8ce0b0305069,irealb://Pretending%20To%20Care%3DRundgren%20Todd%3D%3DMedium%20Swing%3DC%3D%3D1r34LbKcu7F/EZL4G/C%2CL%2CbA/bEZL%2CbE/bZBL%2CbB/FZL%2CF/CZLZD/G%2C3Ti*%5BCZL%2C7%5E9%2C%20%5DDZL%2CCZL%2C7AZL%2C9E-ZL%2C%5ECZL%2C9-EA*%7B%2CLZB-FZL%2C%23yX%2C7-B-7%2CX%2CbB%7CQyX%2CFB*%7B%5D%20Q%20yXQyXQyX%2C%5EC%7CQyXyQ%7CG%7C%7D%20%2C%5E%2CbB/F%2CXyQ%7CB/C%7C%2CA/F%20%20%2C-A%7CyQX%2CCZL%2CbB%2C-A%2C-Gb%2CBb%2C7-D%7CQQyX7-usXyQ7-G%7CQyXbB%7CQyXF%7BQ%5D%20%20QyXQyXQyXC%7CXyQ%7CDsC%7C%7D%20/-B%7CQ-%2CBbLyXsusC%7C%7DQyX%2CbBC/%7CQyX%2C-A%7CQyX%2CCZQ%7CCXyA%2C-G%7CQyXbAcl%20%20%5DyXbE/bB%7CQyXbB/%7CFQyXF/C%7CQyXC/G%5BQ%7CEb/KQyXE%7CD/GXyQ%7CE/F%23XyQ%7CF%5E9XyQZ%20%3DJazz-Medium%20Swing%3D80%3D2
a0c7368d-c22e-4cec-b56c-e1f2f55465a1,irealb://Progresion%20A%3DComun%20Uso%3D%3DSon%3DC%3D%3D1r34LbKcu7%7B%2CT44CLZGLZD-7%20BoLZA-%3C*664x%3E%20%7D%20%3DLatin-Cuba:%20Son%20Montuno%202%E2%80%933%3D160%3D3
a030969d-b681-4909-a4a8-6df3f01a154f,irealb://Queen%20Of%20The%20Highway%201%3DDoors%20The%3D%3DRock%20Pop%3DC%3D%3D1r34LbKcu7X6G%7CQXyQ%7CTyX7-A%7CQyX-E44TLZ%20QyXQyX%7CQyXB42Q%7CGXyB44T%7B%7CZL%20l-7XyQ%23FZL%20lcKQyXF%7CZ%20LlcKQyX-GZL%20lcKXyQKcC%7C%7CQyyXn%7C%7DKcl%20LKQyXFZL%20lcKQyXG-%7CZL%20lcKQyX7-CZcl%20Q%20QyX-G%20QyXQyQ%7CA7%3EadoC%20la%20.C.D%3CA%20%7CQyXF%7CQyXD%7CQyXG%20%5DXyXbB%7CQ%7CZL%20lXyQKc-GZL%20lcKQyX7-CZ%7CL%20lcKQyX-GZL%20lXyQKc%23FQZLniF%3C%20cl%20LZT%7CQyX7%5EG42T%7CQy7X%5EG%7CZL%20lcKQyX%23F44E-%20KQyXFe%3E%20Z%20%3DPop-Rock%3D115%3D1
a0eab650-6f0f-422a-8044-9607454715d6,irealb://Red%20Clay%3DHubbard%20Freddie%3D%3DFunk%3DC-%3D%3D1r34LbKcu7%7B%7D%20su-11Xyus7FZLsus7bE%20ssu7bD%7CQyX11-bB%7CQs%20G7sC44T%7BC-XyQ%7CBb-7%20Eb7LZAb%5E7XyQ%7CDh7%20G7b9%3C8x%3E%20%7D%20%3DPop-Soul%3D95%3D1
a0d3cc7d-94a8-42fe-88d2-4fd5f99d6eb9,irealb://Scared%20of%20the%20Dark=Carl%20Ryden%20%26%20Fiona%20Bevan==Disco%20Pop=Eb%2D==1r34LbKcu7yXbG%7C%2DXyQ%7CA%7CQyX%2DbEZLF%2FbDb%20G%7CQyXbD%7CQyX%2DbAb%2DXyQbEv%2A%5BX%2DbA%7CyQ%7CYSEZLF%2FbD%20bG%7CQyXDb%7CQyX%2DbA%7CQyX%2DbEb%2DXyQXbB%7CQbD%7CQyXyQ%7CB%5B%20G%2FbE%2CF%2FbDs%2CblEZLD%2FbB%2CC%2FbAs%2CblAb%2DXbG%7CQyyX4su%2CDb%2FFyXElZLbE%2FbC%2CbD%2CsbCZLF%2FbD%20bGlZLQ%7CBbs%2DbEs%2C%202x%3C%7CyQ%5DY%7BAZL%2DbBpp%7CQyX%2CbZCLbDpp%7CQyX%2DbEC%2Ab%2DXyQXbB%7CQ%20%2ES%2ED%20timebB%7CQyXbGZL%20x%20%3Emeit%20dnoces%204x%20%2C%20%3C%2A66tsrif%20lcKQda%3EBbZL%2DCpp%7CQyXbDZLEbpp%7CQyX%2DF%7BY%7D%20D%2FBb%2DXyoC%20laLZAbXyQ%7CC%20C%2FE%20%7D%20==0=0
a0e22f6b-d185-4253-bf42-f607ea035b39,irealb://Seven%20Years%3DJones%20Norah%3D%3DMedium%20Swing%3DC%3D%3D1r34LbKcu7t%20tprC%2FBLZaL36*%3CC%7CQyXF%7CQXy%23F%2F-AZLG%2F-A%20-Ast%20x%20%20CA*%5B%20-A%7CQhraseQyXGB*%7C%7DQyXC%7CQXyFZLG%20-AZLB%2FE%20%3E%7CE7Xyp%20sih5*%3C%20%20C%20C%2FBX%7D%20%20%3EA%20oT%20%2075*%20%3Csus7Df%7CQyX-AZLyQXyQZLB%2FCtsnI(at%20%20A*%3C%20QyX%3Edne%20%2CA%20B%2C%20%2CA%20%2CA%20%2CB%20%2CA%20%2C30XyQmroF4.)%3E%20%3D%3D0%3D0
a06f7a48-90fb-42ec-865c-6d730fd679ac,irealb://Soberano%20Rei%20Dos%20Reis%3DComposer%20Unknown%3D%3DWaltz%3DE-%3D7%3D1r34LbKcu7XQyX%5D%2CLZG%5E-E2N%7C%7D%20xZL-E1NLZxZLDZLxZL%2C-AZLLZE7%20-EA*%7B-E2N%7CXyQ%7B*NZL-EZL7BZL-AZ%5ELCZL%5EGZL7DZL-AB1E7%20%7DQyXQy%20%20%5D%20%3DJazz-Medium%20Swing%3D100%3D3
a02eed22-8c94-4a6d-a9c3-7eba11895571,irealb://Sozinho%3DVeloso%20Caetano%3D%3DBallad%3DD%3D2%3D1r34LbKcu7AZL9d44%3C*7%5EF%3E)leef%20ht61%20ngiws(%2006%20mpb%20%204%20E-adTi*%5BY-El%7C%2CyQ%5DXys%20%209dda-BZL%23C%2F%20A96DSA*%7BY%20%20QyXQB-7%2FAXsus7sus9EZA7%2FCF%20-B%7CQyX%5EGZL7-F%23%20-BB*%5BY%7D%20A%2FW%20%23%23-7LZLD%2FW%20%2096DC-%20F%23-QyXQyX%5DQyX%5EG%3EeinF%20la%20.S.D%20%3CZL7%20%20Y%7B*B%7CQyX6DZLAZG%5EXyN%7CQyX-BZL%23C%2FA%20%7CDQyXCZLD%2FW%20-E%7CQ1G%20W%2FL%23C%2FA9%20A7sus%20%7DYXyQXyQ%20LZT24N2GXyQ%7CfUT44W%2FAXyQZ%20%3DPop-Smooth%3D60%3D1
a0b8be51-de30-4d87-8428-5edfd04c8879,irealb://Spartacus%20Love%20Theme=North%20Alex==Medium%20Waltz=n==1r34LbKcu7QyXB%2f4A%2d9%20%207%5eC%7cQyX7%2dEZL%20%2d7B%209%2dA%7cQyX9%2dEZLLZE%2d93TA%2a%7bEZL%209D9%20LZE%20B1NZLQyX9%2dA%7cyQX%5eGZL%20%5eC%7cQyX%5eG%2dLZA%2d%209%2dA%7c%2d%20C%5eLZD7sus%20%20D13LZN2E%2dXyQ%7d%20==0=0
a032828f-e701-4c10-a068-cb14388e31c6,irealb://Squaws%20Along%20The%20Yukon%3DSmith%20Cam%3D%3DBluegrass%3DC%3D0%3D1r34LbKcu7CZL%20l%2CXyQK%2CCZL%20lcKQyX%2C7GLZ%20lcKQyX%2CFZL%20lcXyQKcC44T%5ByX%2CC%7Ccl%20LZG%7CQyX%2CCZL%20lcKQXy%2C7GZL%20lcKQyX%2CF7%2CXyQKQyX%2CQyX%2CCXyQ%7CFC%7CQyX%2C7GZL%20lcKyQX%2C7GZL%20lcKQyX%2C%2CXyQ%7C%2C7C%7CQ%7CC7%2CXyQ%7CF%2CXyQKcl%20LZG7%2CXyQKcl%20LZ%20x%20LZC%2CXyQ%5D%20%3DPop-Bluegrass%3D215%3D5
a0a24655-401c-48d1-bc97-507fcfc99501,irealb://Suddenly%20I%20See%3DComposer%20Unknown%3D%3DMedium%20Swing%3DD%3D%3D1r34LbKcu7usDZLT44DsD%20susDZLC/susDs%20usDZLC/susD%20susus/C%2CA*%2C%7ByXD%7CQs/C%2C%20QyXGZL-B%20%23FZLAG%20ZL-B%20%23FZLA%20G%7C%2C%7CG-XyusD%20s%20-BZLB%2CB-%20%23F%20-BZLsusC%20-GLZ%23F%20-BZLD%20GZL%23FLZG%20D*%2C%7C%5DQLQyXZ-XyQ%7DLQyXZLQyXZLQyXLZQyXZLQyXZLQyX%7CZXyQLGZL%23FLQyXZZXyQLLQyXZLQyXZLQyXLZQyXZLQyXZLQyXZZXyQLLQyXZLQyXZZXyQLLQyXZLQyXZLQyXLZQyXZLQyXZLQyXZZXyQLLQyXZZXyQ%20Z%20%3DJazz-Medium%20Swing%3D100%3D3
a078870a-2d80-4e05-b831-16a9a2c15240,irealb://Tanga%202%3DD'Rivera%20Paquito%3D%3DLatin%3DF%3D%3D1r34LbKcu7QyX7%5E4%3C*68cKQyX7%5EbBZL%20lcQKyX7%5EF%3EABAA%20QyXl%20LZF4TA*%7BZL%20lcZA-7b1%237bEZL%20lcKQyX-7G%7CQyX9%237D%7CQyX51XyQKL%20lcK2NZL%20Q%7CC7%20X%7D%207C%3EeniF%3C%207-ZGL7-D%207-A1NZLQ%20yQXyQyX7-G%7CQyX7yQ%7CBbX7-bB%7CQyX7-F%7CQXy7%5EbAB*%5B%5D%207E%207-yQ%7CEbX%2C7%5EFQyX7-yQ%7CF-7-E%7CQyX7%5EG%7CQyXb7E%7CQyX7-bB%7CQyX7XyQ%7CAX7%5EbA%5EFQ%7C%5DQ%7CG%5E7%3EeniF%20la%20.C.D%3CQ%7CyX7-GZL%20lcKQyXC7XyQyX7D%7C7XyQKcl%20%20Z%20%3DJazz-Latin%3D180%3D3
a059d31f-2d38-4fad-bb6a-0cd39842c3ec,irealb://There%27s%20Gonna%20Be%20A%20Party%20%28For%20the%20Old%20Folks%29=Bob%20Wills%2FTommy%20Duncan==Western%20Swing=C==1r34LbKcu7yX7D14CXyQ%20CZLo%23F%20F%7CQyXCLZ%2Co%23F%207FZL7C%20C%7CA7LZN4TA%2A%7B%7CQyX6yQ%7DXyC%7CQyXFB%2A%5B%5DQyXCLZ7G%207D2NZL%20QyXQXyQ%7CCX7G%7CQFZL7C%29XyQ%7CXCC%2A%5BY%5DQyX7G%7CQXy7DZLo%23C%20C%7CQyXFyQ%7CC%207C%287G%20CZLo%2CLZCX%7CY%5DQyXCZL7G%207DLZ7A%20CZLo%23F%20F%7CQyQF%20F%23o%23F%207A7LZD7%20G7LZC%20%20U%20Z%20=Jazz%2DGypsy%20Jazz=180=3
a0346a25-1249-4e0f-b52e-0175eea81a85,irealb://Yo%20Quiero%20Mas%20De%20Ti%3DMurrell%20Jaime%3D%3DBallad%20Even%3DB%3D11%3D1r34LbKcu7*2dda4B*adX*2dda*%23F%7CQyX*d2da*E%7CQyXA*%2C*2dyQ%7CB*4Ti*%7B%23F%20*4A%23%2C%7CGFZL-%23G%20EZL5b7-%20F%23F%2FBZLG%2F-%23G%20-%23%23*sus%2F%23F%20%20%7D%2CB%2C7E%20F%23%2F2dda*B1NZL%23F%20-C%23ZLQ%2C-%23G%20-%23DZLE*%20F%23-B*%7B%7D%20%7CN2BXyQ%7BQC%23-%20F%23LZG%23-%20C%237%20%7DE%20F%23LZE%20E-LZBXyQZ%7C%20%3DJazz-Ballad%20Even%3D61%3D3
a0bac5b4-6aed-4777-8f54-487975d69542,irealb://Tu%20Haras=WITT%20Marcos==Rock=C=10=1r34LbKcu75ClA%2A4lC5%2CX%7CQyXr%7C%2C5F%2C5bE%20s%2C5Fl%7C%2C5C%2C5bBs%20yQ%20%5D%7B4Ti%2A%5BC%7C%2C5%23F5XyQD%7CQyX%2C5bE%7C%7D%20%3E21x2%2A%3C%20%205F%7CQyX5C%7C5%20%20sC%7CQyX%2CQyX%2C55%2CC5%2C5%23Cs%20%205D%7CQyX%2C5Ebl%7C%2C5F%2C5bE%20%2C5F%7C%2C%7ClAbbB%20%2C5X%2CF%7CQyQ%5D%5B%2AQyX%2C7%2DA%7CQyXx%7CQXy%2CF%7CQyXx%7CQyX%2CCB%7CG%2CXyX5bB%7CDs%7CZLyQ%5D%5B%2AC%2C%2DDsZL%2CG%20%2DAZLF%2C%20%2C%2DDZL%2CG%20%2C7%2DAC%2FE%2ClFXx%7CQy%2D%2CC%2FE%2ClF%20%5D%20==0=0
a0393468-8a02-40d5-887c-eccf96cf61ce,irealb://Until%20You%20Come%20Back%20To%20Me%20(Aretha%20Francklin%2073)%3DStevie%20Wonder%20Morris%20Broadnax%20%20Clarence%20Pau%3D%3DPop%20Smooth%3DA%3D9%3D1r34LbKcu7S%7B%5D%2C77XyQ%7C%23F%207-E%7C%2C7-E%2C7-F%23s%207%5EG%7CQyXD%2F7-A-7%2CG%5E%5EAi*%5BX7%5EA%7CyQXyQG%7CQyX7%5EG%7CQyXD%2F-7A%7CQyX7%5EA%3EesreV%5E7XyQX36*%3C%20%207B%7C7%2FDXy%23F%7CQyX7A%7CQyX-EQ%7CyX7%5EG%7CQyX7%5EG%7CQh7XyQ-A%7CQyl%3E8%20dE%2CXyQ%3C%5B%7D%2C7Gs%20%207-D%7CQXy7%5ED%7CQyX%2CA%2F7-E%7C*60Mi%2FGZLQD21*%3C%7CGXyQusA%7CQyX7E%7CQyX-%7CEQyX7%5EC%7CQyX7%5EC%7CsXyQ%7CQyX-D-E%2C7-l%20Cod%5EG%7CQyX7D%7CQyXA%7CyQXE%2FGQ%7BZ%20n%207A%3Ea7%20sF%23a%20.S.X7%5EA%3EG%2FEXy06*%3C%7B%7CQyX7%5EG%7CQXy7%5ED%7CQyXA%2F7-E%7CQOutrol%7C%7D%2C7yQ%7CD7XyQ%7CG%5E7XyQ%7CG%5E7%20%20%3C*304x%3E%20%7D%20%3DPop-Smooth%3D95%3D1
a0eb5b21-7edf-4e07-ad18-5e24f9c3cd0a,irealb://Waltz%20For%20Sonny%20-CM-V4%3DThielemans%20Toots%3D%3DWaltz%3DBb%3D%3D1r34LbKcu7A%20%207h4sG-77%5EFA*%5B%5D%20%20n%2C7C%7CyQX7-G%7CQyX7C%7CQyXXyQ%7CE3Ti*%5BbB%20%2077XyQ%7CX7-G%7C%2C7D%20%207hA%7CyQX7%5EbB%7C%2C7F%20%207-CyQ%7CF--D%7C%2C7%207-D%7C%5E7XyQbD%7C%2C7bA%20%207-bE%7CyQX7%5ED%7C%2C7A%20%207-E%7C%5E7XyQbE%7C%2C7F%20%207-C%5E7Xy7-D%7C%2C7A%20%207hE%7CQXy7%5EF%5B%5D7C%20%207-G%7CQXyQ%7CC%7C%2C7G%20%20%207hE%5E7XyQ%5EbE%7C%2C7bB%20%207-F%7CyQX7-G%7C%2C7D%20%207hA%7C7XyQ%7CbB%7C%2C7%7C%5D%2C7Ch7XyQ%7CQyX7%5EbB%7C%5D%20Q%20%20F7%7CQyX7-C%7CQyX7G%7CG-7%20%20D%7C%2C7AQBb69XyQ%7CUBb69XyQZ%20%3D%3D125%3D0
a0f8e1e8-88ab-4a13-b8a7-d1222916df9a,irealb://Warm%20Touch%3DBraido%20Andrea%3D%3DMedium%20Swing%3DC%3D%3D1r34LbKcu7QyX7-yQ%7CA-7%5EF%7CQyX7-AA*%7B%20Q%20yXQyX%7D%20%3E4X%3C%20%206XyQ%7CDX7-A%7ByXQyX%7CD/GbX%7DQyXF/bD1N%7CQy7X-AZL7E%207%5EF%7CQyXyQXyQQyXG%7C7-bB%7C6XyQ%7CB%7CQyXC/7%5EbB%7CQy5Xb7-bD%7CQyX7-DB*-7XyQA2N%7CQyX9%237ZBh7%20%3EC%20iop%20etlov%203A%20%20allaD%3C7-AZL7EXyQ%7CEL7bE%20Q%7C%7C*CA-7XyQ%7CE7XyQ%7BA-7XyQ%7CA-6XyQ%7D%20%3D%3D0%3D0
a0d24f6f-3799-4c78-9459-e9a48eb56a6f,irealb://When%20Irish%20Eyes%20Are%20Smiling=Ball%2DOlcott%2DGraff==Medium%20Swing=G==1r34LbKcu7%7CQyX7XyQ%7CDD%2FG%7CQyXo%23C%7CQyX%7CCQyX7G%7CQyXG%7CQyXXyQ%7CGG43T%7B%7C%7DQyXC%23oXyXDZL%20lcKQyX7A1%7CNQyX7E%7CQyXD%2FG%7CQyQ%7CD7%7CQyXCN2A7XyQ%7CD7XyQ%7CGXyQ%7CD7XyQZ%20=Jazz%2DMedium%20Swing=100=3
a0881db7-f62e-434e-aa1b-71cf3e92d1af,irealb://Whisper%20Not-Rev%20JE%3DGolson%20Benny%3D%3DMedium%20Swing%3DC-%3D%3D1r34LbKcu7-G%2C7-44%3C*67D%2ChAn%7Cn%2CbB/7-%2CC7-Cns%3EDAEHQyX8%2Cn%7CnGTi*%7BY7Gn%2C7%7CnEh%2Cn%2C7-En%2C7-D%7C%2C7Ah%2CE%7C%2ChB%2C7-D%7Cn%2C7A%7CN1F-n%2CF/7E%7C%2CF/2F-7%2C7-GZLn%2C9b7DnZL%2CnA/W%2ChA%5B%5Dn%2C7bBn%2C%7CG-7N%7C%7Dn%2C/7-G%2C%2C%7CDh%2Cn%2C7D%2ChAn%7Cn%2CbB/-7C%2C7-Cn%5B%20%20%5D%2C7G%7C%7CnG-77A%7C%2Ch7Gn%2C7Eh%2CA7C/7-Dn%2C7-D%7C%2C7Ah%2CE%7C%2ChB%2C7-D%7Cn%2C9b%2Cn%7CAbn%7Cn%2CF7-D%7C%2CQ%20Y%7B*%7C%2C7-G%7C%2C7D%2ChA%7C%2C-7C%3ESOLOS%20%2027*%3CBEh%2CA7yXZn%2CB%2C7-FEh%2CA7%2C7-D2N%5B%20%20%7D%2C7G%2C-7F%7C%2C7-E%2C7-D1N%7C%2CE-7%2C%7C%7C%2ChB%2C%7C%2CC/Wh%2C%7CD7N%7C%7D%2C7G%7C%2ChD%7C%2C7A%2C%7ChE%7C%2C7-G%7C%2C7-G%7C%2C3D-7%2CA%5D%2C7b%2CbB/WG7%2C%5DY%2CC/W%3ESUROHC%20TUHOS86*%3C%2C7-CsQA*%7BW/Bb%2CQ%2C7bAY%7C%2CA/W/A%2CDE/W%2ChE%7C%2CF/W%2CF/%2CWG/W%2C7-G%7C%2CD/W%2C7%2CA7%2CW%2C7-A%7C1N%7C%2CE/D%2CBhE%2CD/W%2C7-D%7C%2CA/W7%2CA%2CE/W%2ChE%7C%2CB/W%2C-7%2CW/W%2C7-D%3EDAEH/F%2CG7%5B%20%20%5DbB/W%2C7bB%2CFW/%2C7-F2N%5BY%7D%2CG/W%2C%3C*68%20W%2C7-F7-Cn%5BA%2CnLZ%2ChD%7C%2C7A%7C%2ChE%7C%2CF7/-G%7C%2C7-GZLn%2C7Dn%7CG7%2C%5D/W%2ChA%3C%7C%2ChBBb%2Cn%7Cn%2C7A%2ChEn%7Cn%2CF/7G-%2C7-Gn%7Cn%2C7D%2ChAn%7BD-7%2C/7-C%2C3X%3EEh%2CA7%2C%7D%7CU%3CFINE%3ElD-6XyQZ%20%3DJazz-Swing%20Two/Four%3D140%3D3
a02113f4-e625-4569-8f1d-02683f893e1f,irealb://Whole%20Tone%20Scale%20-%20Augmented%3DStreckfus%20Brian%3D%3DMedium%20Swing%3DC%3D%3D1r34LbKcu7yX%2BC14C%2BXy%2BE%7CQyX%2BC%7CQyX%2BDQ%7CyX%2BbB%7CQyX%2B%23F%7CQXyQ%7CN4TA*%7ByX2%23F%235XyQbAB*%5B%5DQyX%2B%23G%7CQXy%2BC2NZL%20QyXQyX%7D2XyQ%7C7%23G%7CQ%7CQyX%2ByQ%7CD%2BQyX%2BD%7CQyX%2BC%7CQy2X%23F%7CQyX2bA%7CQyX%2C%5D%5B*ACX%2BC%7CQyX%2BC%7CQ%7CE7%23%7CQyX5%237D%7CQyX5%23C7%7CQyX5%237%23F%7CQyX5AbXyQyX%2B%23FQZ%20%3D%3D0%3D0
a040ff69-9e72-419b-86a9-a35b7a0d4bd2,irealb://X%20Jingle%20Bells%20%28Jazz%29=Dooby%20Scooby==Jazz=C==1r34LbKcu7D%2Fssa44%3C%2A6ZL%20x%20ZL6C%207%5EC%3EartiuG%2FonaiPQyX6%3C%2A74BTi%2A%5BYD%7CQyX%20x%20LZ6F%3Estnemurtsnil%20lA47%2A%3CZL7C%207%5ECXyQ%7Cx%3Esmur%7CQyX6G7%20G7%207%5ECZL%20x%20ZL%20x%20LZ6C%207%5ECA%2A%5BY%5D%205%23C7LZF%7CQyX7%5ECZL%20%2CC%5E%2Clx%20ZL6C%207%5ECZL5%23G7%207G%7CQyX7DZL7%2DA%20LZ%20xC%2FoFs%5BYZ%2C7ZF6Xy6CZL7G%207%2DDl%7C%2CoDbs%207%5ECl%2CC%2FoFs%7CQ%20%20QsGL7C%207G%7CQyXXyQ%7CCyX7%5EFl%7C%2C9%23F%2C7%2DsG%207%5ECl%7C%2C7Gs%20%207%5EQ%7CD%2D77%5ECB%2A7%2DGs%20D%2D7%20G%2C7Gs%20%207%5EC%7CQyX7C%5El%7C%2C7Gs%20%207%5ECZL7%7ClC%5E7%7CQyX7Q%5B%5D%20%2C%7ClF%5E76CZL7G%207%2DDZL7A7%20%2DEZL7G%207%2DD%7CQyX%20G7%235%2C9%23F%2C%3Brati6LZ%20xA%2F%2FecioV%20%2D%20BA%3C%20%5D7C%207%5ECZL%20x%20ZL%20%20%2D%20GuC%207%5ECemurtVoice%20adoC%2F%2FecioV%2D%20A%20B%20%3BonaiP%20%2D%20A%2F%2F%2D%20ins%20%2D%20B%20nts%20%2F%2FDfault%20C%20Major%3B%20Tempo%20200%3E%20==200=2
a0e47bb7-5fea-4933-ae83-0c4016fb3b28,irealb://You%20Only%20Live%20Twice%3DBricusse-Barry%3D%3DModerate%20Latin%3DC%3D%3D1r34LbKcu7CA*%7B%5D4C**XQyX**C%7CQyX7-G%7CyQX**C%7CQyX7-G%7CQyKcl%20%204Ti*%5BX**G1%7CG-7XF%209%237G%7CQyX7-F%7CyQX**C%7CQyX7-F%7CQy-7LZNQyX**yX**GXyQ%7DCbB%7CQyX**G%7CQyX7F-B*%5B%5D%20%20lcKQyX**-XyQ%7C7G%7CQyX7-F%7CXyQ%7CGG%7CQyX**CA*%5B%5DQy7XG%7CQyX7-F%7CQyX**-7XyQ7-F%7CQA*%20i**XyQ%7CXZ%20%20lcKQyX**CZ7L-F%209%237G%7CQyX7-FyQ%20%20Y*C%7CQy%20*A%20*B%20*A%20*B%20*A%20%3DLatin-Argentina:%20Tango%3D130%3D3
a0e81b46-4743-4ade-960c-3d7e3b3a4c4d,irealb://You're%20Gonna%20Hear%20from%20Me-Rev%20JE%3DPrevin%3D%3DMedium%20Swing%3DC%3D%3D1r34LbKcu7%20%29%5EF%284C%5EXy9b7C%28%20%299C%289b7Cs%20us7CZL7G%207-D%7CQ%29%7CF%23h4TA*%7B9b7D%20b/Bb%29%7CQyX9b7bA%7CQyX%29/GC%287-E%7C%29bA/bB%28%20N1A-7A%286-FG%28susus%20G7%29sus7G%287GZL9b7%20D7-A2NZLQyX%7D%209bXyQC7s7GZL%287-EZb9%28C7%29-F%287-FZL%296F%28%20%29%20%5EF%28h%23FB*%5B%5D%20%299b%20Bb7L7C%20%297us7G%7CyQ%7CA1%7CQyX7-A%7C%297-bB%28%20%20%296C%28%20%29C/bB%289b3D7XyQX%29G/C%207-FZG7%20%28GbB/bE%28%5EbEC*%5B%5D%29%2357G%28%20%29sus7G%28%20%29o%29%20EoL%7CQyXsG/C%28GBb-7%20%29bA%286bA%20%5EbA%7C%2997bbE%28%20%299bE%289b7bELZC%5E/ZL7bB%285%239AEh%20A7hEl%7C%297G%28F/W%29su7sG%287Gs%207DZLQ%2C9b%28C%5E%29%20%7CQyX%29Gs%207D%28A7%29%7CyXQyX%5D%207G%20%5EC%7C%29G7%28%20%29sus7G%287G%209DQ%20%20%5BQ%20%297-EyX%5EC%3E%2C%7ClEhUZL%2C11%2331bD%2031AbZL7G%209DZL5%239A%20%3CFINEF/W%2C7QZ%20%3DJazz-Medium%20Swing%3D120%3D3
a00184d2-f2a6-47e6-9524-a3c9285c94d0,irealb://iWarmUp%20Duet-Intonation%20%235-6%3DMadsen%20Pete%3D%3DPop%20-%20Soul%3DF%3D%3D1r34LbKcu7L%20lcK7XyQ%7CZL%20lcKQyX7bBZLl%20cKQyX7F%7CQyX7bBF7XyQF44T%5BZG-7XyQ%7CC7XyQ%7CF7XyQKcl%20%20Z%20%3DPop-Soul%3D130%3D3
a01ee0cf-22b5-4b9b-b47d-a306a8801987,irealbook://Other%20Substitution%20Cadence%20x%208%20-%20Cherokees%3DLego%20Cadences%3DMedium%20Swing%3DC%3Dn%3D%7BD-7%20%20%20%7CE7%28B-7%29%20%20%28E7%29%20%7CC%5E%20%20%20%7C%20x%20%3C8x%3E%20%7D%7BEb-7%20%20%20%7CF7%28C-7%29%20%20%28F7%29%20%7CDb%5E%20%20%20%7C%20x%20%3C8x%3E%20%7D%7BE-7%20%20%20%7CGb7%28Db-7%29%20%20%28Gb7%29%20%7CD%5E%20%20%20%7C%20x%20%3C8x%3E%20%7D%7BF-7%20%20%20%7CG7%28D-7%29%20%20%28G7%29%20%7CEb%5E%20%20%20%7C%20x%20%3C8x%3E%20%7D%7BGb-7%20%20%20%7CAb7%28Eb-7%29%20%20%28Ab7%29%20%7CE%5E%20%20%20%7C%20x%20%3C8x%3E%20%7D%7BG-7%20%20%20%7CA7%28E-7%29%20%20%28A7%29%20%7CF%5E%20%20%20%7C%20x%20%3C8x%3E%20%7D%7BAb-7%20%20%20%7CBb7%28F-7%29%20%20%28Bb7%29%20%7CGb%5E%20%20%20%7C%20x%20%3C8x%3E%20%7D%7BA-7%20%20%20%7CB7%28Gb-7%29%20%20%28B7%29%20%7CG%5E%20%20%20%7C%20x%20%3C8x%3E%20%7D%7BBb-7%20%20%20%7CC7%28G-7%29%20%20%28C7%29%20%7CAb%5E%20%20%20%7C%20x%20%3C8x%3E%20%7D%7BB-7%20%20%20%7CDb7%28Ab-7%29%20%20%28Db7%29%20%7CA%5E%20%20%20%7C%20x%20%3C8x%3E%20%7D%7BC-7%20%20%20%7CD7%28A-7%29%20%20%28D7%29%20%7CBb%5E%20%20%20%7C%20x%20%3C8x%3E%20%7D%7BDb-7%20%20%20%7CEb7%28Bb-7%29%20%20%28Eb7%29%20%7CB%5E%20%20%20%7C%20x%20%3C8x%3E%20%7D
a06f0bf3-b1da-4015-8484-978579871b32,irealbook://All%20Night%20Long%3DRichie%20Lionel%3DMedium%20Swing%3DC%3Dn%3D%7B*iT44%3CIntro%20e.piano%3EAb%20%20%20%7CGb%20%20%20%7D%20%20%20%20%20%20%20%20Y%7B*AAb%20%20%20%7CGb%20%20%20%7CBb-%20%20%20%7CAb%20%20%20%7DY%7B*BGb%20%20%20%7CGb%20Bb%20%7CAb%20%20%20%7CAb%20Bb%20%7DY%7B*C%3CRiff%3EAb%2CBb%2CC%20%7CT24Db%2CC%2CBb%2CAb%2C%7CBb%2CGb%20%20%7C%20%20%20%20%7DY%7B*DGb%2CF%2CGb%2CF%7C%3CEb%20F%20Ab%20Bb%3E%20%20%20%20%7CGb%2CF%2CGb%2CF%7C%20%20%20%20%7CAb%20%20%20%7CAb%20%20%20%7BAb%20%20%20%7CAb%20%20%20%7D%7CGb%2CF%2CGb%2CF%2C%7CAb%20%20%20%7CGb%20%20%20%7CF%20%20%20%7CF%20Ab%2CBb%5D
a02d2b4c-f9d3-464d-8f24-531a82cdd077,irealbook://Footloose%3DLoggins%20Kenny%3DPop%3DBb%3Dn%3DYY%7B*AT44A%20%20D%2C%7CA%20%20%20%7CA%20%20D%2C%7CA%20%20%20%7D%7CD%20%20%20%7CD%20%20%20%7CD%20%20%20%7CD%20%20%20%7CA%20%20D%2C%7CA%20%20%20%7CA%20%20%20%7CA%20%20%20%7CD%20%20%20%7CD%20%20%20%7CD%23%20%20%20%7CD%23%20%20%20%7CE%20%20%20%7CF%23-%20%20%20%7CG%20%20%20%7CG%23%20%20%20%5DYY%7B*BA%20%3C*74E7%20for%204%20bars%2C%20first%202%20bars%20of%20chorus%20out%3E%20D%2C%7CA%20%20%20%7CD%20%20%20%7CA%20%3C*74%20%20%20X3%3E%20%20%7D%7CA%20%20D%2C%7CA%20%20%20%7CG%20D%20%7CA%20%20%20%5D%3CBrass/Organ%20something%20cheesey%20Stabs%3E
a017980d-8f61-4ae5-a933-43e0ff18f666,irealbook://Superstition%3DWonder%20Stevie%3DFunk%3DEb-%3Dn%3DY%5BT44%3CDrum%20Intro%3EEb-7%20%20%20%7C%20x%20%20%7C%20x%20%20%7C%20x%20%20%5DY%5B*AEb-7%20%20%20%7C%20x%20%20%7C%20x%20%20%7C%20x%20%20%7C%20x%20%20%7C%20x%20%20%7C%20x%20%20%7C%20x%20%20%7C%3CHorn%20Lick%3EEb-7%2C%20%20%20%7C%20x%20%20%7C%20x%20%20%7C%20x%20%20%7C%20x%20%20%7C%20x%20%20%7C%20x%20%20%7C%20x%20%20%5DY%5B*BBb7%20B7b5%20%7CBb7%20A7b5%20%7CAb7%28A9b5%29%20%20%20%7CBb7%235%20%20%20%7CEb-%20%20%20%7CEb-7%20%28Eb-6%29%20%28Eb-%29%20%28Eb-6%29%7C%3CVocal%20Outro%3E%20%28Eb-7%29x%20%20%7C%20x%20%20Z%3CUp%201%20013%20Clav%2C%20or%20Wah.....%20Up%202%2C%20014%20Phase%20Clav%3E%20%20%20%20%20%20%20%20%20%20%20%20%20%20%20%20%3C102%20bass%20clavi%2C%20double%20up%3E
a0e5022d-d972-49fa-9437-2c67b5a9948b,irealbook://HEART%20SKIPS%20A%20BEAT%3DMurs%20Olly%3DRock%20Pop%3DC%3Dn%3DY%5BT44%3C*74Capo%202%20Verse%3EA*m*%20%20%20%7CE*m*%20%20%20%7CG%20%20%20%7CD%20%20%20%7D
a027dfb4-fc47-44cd-9eb8-b421e115b208,irealbook://Hello%20Mary%20Lou%3DOldiesRock%20ARR:%20B.%20Sharp%3DRock%3DC%3Dn%3D%7BT44%3C*72Chorus%3EG%20%20%20%7C%20x%20%20%7CC%20%20%20%7C%20x%20%20%7CG%20%20%20%7C%20x%20%20%7CD7%20%20%20%7C%20x%20%20%7CG%20%20%20%7C%20x%20%20%7CB7%20%20%20%7CE-%20%20%20%7CA%20%20%20%7CD7%20%20%20%7CG%20%20%20%7CG%2Cn%20%20%5D%5B%3C*60Verse%3EG%20%20%20%7C%20x%20%20%7CC%20%20%20%7C%20x%20%20%7CG%20%20%20%7C%20x%20%20%7CD7%20%20%20%7C%20x%20%20%7CG%20%20%20%7C%20x%20%20%7CC%20%20%20%7C%20x%20%20%7CG%20%20%20%7CD7%20%20%20%7CG%20%20%20%7CG%2Cn%20%3C3x%3E%20%7D%5B%3C*64Last%20Chorus%3EG%20%20%20%7C%20x%20%20%7CC%20%20%20%7C%20x%20%20%7CG%20%20%20%7C%20x%20%20%7CD7%20%20%20%7C%20x%20%20%7CG%20%20%20%7C%20x%20%20%7CB7%20%20%20%7CE-%20%20%20%7C%7BA%20%20%20%7CD7%20%20%20%7CG%20%20%20%7CG%2Cn%20%20%7D
a0ad83eb-5488-41e7-84b3-c1e2fc95f28e,irealbook://Baby%2C%20It's%20Cold%20Outside%201%3DLoesser%20Frank%3DJazz%3DF%3Dn%3D%7B*AT44F%5E7%20%20%20%7CF%23o7%20%20%20%7CG-7%20C7%20%7C%20x%20%20%7CF%5E7%20%20%20%7CD-7%20%20%20%7CC-7%20%20%20%7CF7%20%20%20%5D%5B*BBb%5E7%20%20%20%7C%20x%20%20%7CBb-7%20%20%20%7CEb7%20%20%20%7CF%5E7%20%20%20%7CD-7%20%20%20%7CG7%20%20%20%7CC7%20%20%20%5D%7CF%5E7%20%20%20%7CF%23o7%20%20%20%7CG-7%20C7%20%7C%20x%20%20%7CF%5E7%20%20%20%7CD-7%20%20%20%7CC-7%20%20%20%7CF7%20%20%20%7CBb%5E7%20%20%20%7C%20x%20%20%7CG7%20%20%20%7CC7%20%20%20%7CF%5E7%20lA-7b5%20%7ClD7%20%20%20%7CG7%20C7%20%7CN1F6%20C7%20%7D%7CN2F6%20%20%20Z
a0e88247-76f0-4412-a497-a2f6910e210a,irealbook://I%20Hear%20The%20Sound%20%28of%20Victory%29%3DBrown%20Maurette%3DMedium%20Swing%3DDb%3Dn%3D%5B*iT44Gb%20Db/F%20%7CEo%20Eb-7%20%7CB%5E7%20%20%20%7CGb/Bb%20%28Ab/C%29Db%20%5D%7B*ADb/F%20Gb%20%7C%20n%20%20%7C%20%20%20r%7C%20%20%20%20%7CDb/F%20Gb%20%7C%20n%20%20%7CDb/F%20Gb%20%7CGb/Bb%20%28Ab/C%29Db%20%7D%5B*BEb-9%20Db/F%20%7CAb/C%20Bb-7%20%7CEb-9%20Db/F%20%7CAb/C%20Bb-7%20%7CB%5E7%20Gb%5E7%20%7CC-7%20Db%5E7%20%7CEb/G%20%20%20%7CAb9sus%20%20%20%5D%5B*CDb/F%20Gb%20%7CAb/C%20Db%20%7CDb/F%20Gb%20%7CAb/C%20Db%20%7CDb/F%20Gb%20%7CF/A%20Bb-7%20%7CB%5E7%20%20%20%7CAb7sus%20%20%20%5D%5BGb%20Db/F%20%7CEo%20Eb-7%20%7CB%5E7%20%20%20%7CGb/Bb%20%28Ab/C%29Db%20%5D%7B*DEb/G%20%20%20%7CAb%20%20%20%7CDb/F%20%20%20%7CGb%20%20%20%7C%7CEb/G%20%20%20%7CAb%20%20%20%7CN1Db/F%20%20%20%7CGb%20Bb/Ab%20%7D%7CN2Ab7%20%20%20%28Ab/C%29%7CDb%20%20%20%5D*B
a0289386-3f03-46a6-b176-5ef3db5022e4,irealbook://Baby%20Face%20%28C%29%3DHarry%20Akst-Benny%20Davis%3DUp%20Tempo%20Swing%3DC%3Dn%3D%5B*AT44C%20%20%20%7C%20x%20%20%7C%20x%20%20%7CC%20%20sGo%2C%7ClG7%20%20%20%7C%20x%20%20%7C%20x%20%20%7CG7%20%20sCo%2C%5D%5B*BlG7%20%20%20%7C%20x%20%20%7CC%20sG-6%2CA7%2C%7ClA7%20%20%20%7CD7%20%20%20%7C%20x%20%20%7CsG7%2CD-7/A%2CA%23o%2CG7%2C%7ClG7%20%20%20%5D%5B*CC%20%20%20%7C%20x%20%20%7C%20x%20%20%7C%20x%20%20%7CE7%20%20%20%7CB-7/F%23%20E7/G%23%20%7CA-%20%20%20%7CC7%20%20%20%5D%5B%2C*D%2CF%20%20%20%7CF%23o%20%20%20%7CC/G%20%20%20%7CA7%20%20sG%237%2C%7ClD7%20D7%235%20%7CG7%20%20%20%7CC%20Ab7%20%7CC%20%20%20Z%20
a01a23ab-b1ea-445a-9385-da43da4dbc5a,irealbook://Ben%20Var%C4%B1m%3DAlpman%20Ayten%3DPop%3DD-%3Dn%3D%5B*iT44lD-%20%20sD7%2C%7ClG-7%2C%20%20%20%7CC7%2C%20%20%20%7CF%5E7%2C%20%20%20%7CA7%2C%20%20%7CD-%2C%20%20%7CBb%5E%2C%20%7CA7sus%20%7CD-%20%20%7Cx%20%20%7C%7B*ASlD-%20%20sD7%2C%7ClG-7%2C%20%20%20%7CC7%2C%20%20%20%7CF%5E7%2C%20%20%20%7CA7%2C%20%20%20%7CD-%2C%20%20sD-/C%2C%7CN1lBb%5E%2C%20%20%20%7CsA7sus%2C%20A7%20%7D%7CN2Bb%5E7%20sA-7%2CA7/C%23%2C%7CD-%20%20%3CFine%3E%20Z*BlD7%20%20%20%7CG-%20%20%20%7CC7%20%20%7CF%5E7%20%20%7CD-6%20%20%7CE7%20%7CsA7%2CE7%2C%7C%3CD.S.%20al%202nd%20End.%3ElA7%20%20%5D%5B*iQlD-%20%20sD7%2C%7ClG-7%2C%20%20%20%7CC7%2C%20%20%20%7CF%5E7%2C%20%20%20%7ClA7%2C%20%20%20%7CD-%2C%20%20%20%7CBb%5E7%20sA-7%2CA7/C%23%2C%7ClD-%20%20%20%5D%5B%3C*33%20to%20B%20then%20back%20to%20A%20with%202nd%20end.%3E%20%20%20%20%20%20%20%20%20%20%20Z%20
a0d39f78-638c-449b-978b-b1c0f8e4b2a2,irealbook://Clark's%20Ride%3D%28i.e.%20Played%20By%29%20Dakota%20Dave%20Hull%3DFiddle%20Tune%3DG%3Dn%3D%7B*AT44%3C*06%20%3EG**%20%20%20%7CG**%20%20%20%7CD**%20%20%20%7CG**%20%3C*03%20%20%28x4%29%3E%20%20%7DY%7B*BC**%20%20%20%7CF**%20%20%20%7CG**%20%20%20%7CC**%20%3C*03%20%20%28x4%29%3E%20%20%7DY%7B*CD**%20%20%20%7CA-%20%20%20%7CD**%20%20%20%7CA-%20%3C*03%20%20%28x4%29%3E%20%20%7D%3C*03%28Played%20AB%20AC%20AB%2C%20etc.%29%3E%20
a0009f4e-d1c3-471f-82a1-6a5a5b931f82,irealbook://Dancing%20Bear=Traditional=Fiddle%20Tune=E%2d=n=%7b%2aAT22E%2d%20%20%20%7cA%20%20%20%7cE%2d%20%20%20%7cB7%20E%2d%20%7cE%2d%20%20%20%7cA%20%20%20%7cE%2d%20%20%20%7cB7%20E%2d%20%7dY%7b%2aBE%2d%20%20%20%7cC%20%20%20%7cA%20%20%20%7cB7%20E%2d%20%7cE%2d%20%20%20%7cC%20%20%20%7cA%20%20%20%7cB7%20E%2d%20%7d%20
a067760f-a48b-4989-9b25-58fcdc8775c2,irealbook://Go%20Your%20Own%20Way%3DMac%20Fleetwood%3DMedium%20Swing%3DC%3Dn%3DY%7B*AT44F%20%20%20%7C%20%20%20%20%7C%20%20%20%20%7CC%20%20%20%7CBb%20%20%20%7C%20%20%20%20%7C%20%20%20%20%7CF%20%20%20%7D%7B*CD-%20%20%20%7CBb%20%20%20%7CC%20%20%20%7C%20%20%20%20%7D%5B%20%20%20%20%7C%20%20%20%20%7C%20%20%20%20%7C%20%20%20%20%5D%20
a0340068-556f-43b2-84af-841bd5ea08bb,irealbook://Lydian%20%232%20%28Hm6%29%3DJohannes%20Shaun%3DMedium%20Swing%3DC%3Dn%3D%7B*AT44E%5E7%20%20%20%7C%20x%20%20%7CA%5E7%20%20%20%7C%20x%20%20%7CD%5E7%20%20%20%7C%20x%20%20%7CG%5E7%20%20%20%7C%20x%20%20%7CC%5E7%20%20%20%7C%20x%20%20%7CF%5E7%20%20%20%7C%20x%20%20%5D%7C*BBb%5E7%20%20%20%7C%20x%20%20%7CEb%5E7%20%20%20%7C%20x%20%20%7CAb%5E7%20%20%20%7C%20x%20%20%7CDb%5E7%20%20%20%7C%20x%20%20%7CGb%5E7%20%20%20%7C%20x%20%20%7CB%5E7%20%20%20%7C%20x%20%20%7D
a004eb02-3cf3-48bb-8e3f-d2c30bd02727,irealbook://Keep%20Me%20In%20Mind%3DScofield%20John%3DMedium%20Bossa%3DC%3D44%3D%7B*AF%237/A%23%20%20%20%7C%20x%20%20%7CB-7%20%20%20%7CE7sus%20E7%20%7CE-11%20%20%20%7CA7/C%23%20%20%20%7CC%5E7%20%20%20%7C%20x%20%20%7D%5B*BF%237/A%23%20%20%20%7CB-7%20%20%20%7CE-11%20%20%20%7CEb7alt%20%20%20%7CAb7%20%20%20%7CG%5E7%20D/F%23%20%7CE7%20%20%7CE7%20sF%23-7%20E7/G%23%2C%5D%5B*AlF%237/A%23%20%20%20%7C%20x%20%20%7CB-7%20%20%20%7CE7sus%20E7%20%7CE-11%20%20%20%7CA7/C%23%20%20%20%7CC%5E7%20%20%20%7CA7%20%20%20%5D%20
a0ad8e29-f52e-4922-851c-47a1456eb9b1,irealbook://Koocachoo%3DComposer%20Unknown%3DEven%208th's%3DF%3Dn%3D%7B*iT44F7%20%20%20%7C%20%20%20%20%7C%20%20%20%20%7C%20%20%20%20%7D%7B*AF7%20%20%20%7C%20x%20%20%7C%20x%20%20%7C%20x%20%20%7C%7CF7%20%20%20%7C%20x%20%20%7C%20x%20%20%7C%20x%20%20%7CF7%20%20%20%7C%20x%20%20%7C%20x%20%20%7C%20x%20%20%7C%7CF7%20%20%20%7C%20x%20%20%7C%20x%20%20%7C%20x%20%20%7C%5B*BEb7%20%20%20%7CBb/D%20%20%20%7CF7%20%20%20%7C%20%20%20%20%7C%7CEb7%20%20%20%7CBb/D%20%20%20%7CF7%20%20%20%7C%20%3CTO%20CODA%3E%20%20%20%7C%7CEb7%20%20%20%7CBb/D%20%20%20%7CF7%20%20%20%7C%20%20%20%20%7C%7CG-7%20%20%20%7CBb%20%20%20%7CF7%20%20%20%7C%20%20%20%20%7D%7B%2C*C%2CF7%20%20%20%7C%20x%20%20%7C%20x%20%20%7C%20x%20%20%7C%7CF7%20%20%20%7C%20x%20%20%7C%20%3CPlay%204X%3Ex%20%20%7C%3CDS%20al%20CODA%3E%20x%20%20%7D%7B%2CQ%2C*D%2CEb7%20%20%20%7CBb/D%20%20%20%7CF7%20%20%20%7C%20%20%20%20%7D%20
a00a1df8-33a0-479b-92dd-96cc3f015753,irealbook://Son%20Of%20Mr.%20Green%20Genes%3DZappa%20Frank%3DRock%3DD-%3D44%3D%5B*AD-%20%20%20%7CG%20%20%20%7CD-%20%20%20%7CG%20%20%20%7CD-%20%20%20%7CG%20%20%20%7CD-%20%20%20%7CG%20%20%20%7CC%20%20%20%7CA-%20%20%20%7CC%20%20%20%7CA-%20%20%20%7C!F%20G%20%7CA-%20%20%20%7CBb%20%20%20%7CBb%20%20%20%7D%7C@F%20G%20%7CA-%20%20%20%7CBb%20%20%20%7CBb%20%20Q%20%5D%20%20%20%20%20%20%20%20%20%20%20%20%20%20%20%20%20%20%20%20%20%20%20%7CQC%20%20%20%7C%2C%C6%92%2CD%20%20%20%C2%AB%20
a06f0593-0bc9-4721-a60a-f866c810218f,irealbook://Sunny%20nmn%3DHebb%20Bobby%3DBossa%20Nova%3DE-%3Dn%3D%5BT44%3C%2A63%20%2033%20%20%20%20%20%C2%B7%3EE-%20%20%20%7C%3C%2A63%20%C2%B7%20%20%20%20%20%20%201%CC%876%CC%A353%3ED-%20G7%20%7C%3C%2A63%2021%20%20%20%20%2012%C2%B7%3EC%20%20%20%7C%3C%2A63%203%3EB7%20%20%20%7C%3C%2A63%2033%20%20%20%20%20%C2%B7%3EE-%20%20%20%7C%3C%2A63%20%C2%B7%20%20%20%20%20%20%201%CC%876%CC%A353%3ED-%20G7%20%7C%3C%2A63%2021%20%20%20%20%2012%C2%B7%3EC%20%20%20%7C%3C%2A63%203%20%20%20%20%20%20%2032%3EB7%20%20%20%5D%3C%2A63%20312_%20%201%2021%3EE-%20%20%20%7C%3C%2A63%20312_%20%2012%3ED-%20G7%20%7C%3C%2A63%2032%20%20%20%20%2012%3EC%20%20%20%7C%3C%2A63%2032%20%20%20%20%2012%3EF7%20%20%20%7C%3C%2A63%2033%C2%B7%20%20%2033%3EB7%20%20%20%7C%3C%2A63%202%20%20%20%20%20%20%2012%3Ex%20%20%20%7C%3C%2A63%2016%CC%A3%C2%B7%20%20%20%C2%B7%3EE-%20%20%20%7C%3C%2A63%20%C2%B7%3EA7%20%20%20%7C%3C%2A63%20%C2%B7%3EE-%20U%20%20%7C%3C%2A63%20%C2%B7%3EA7%20%20%20Z%20
a0b32ba4-58c6-4313-b904-110bab8a19ea,irealbook://To%20Love%20Somebody=Barry%20%26%20Robin%20Gibb=Slow%20Ballad=G=n=%5b%2aA%2aiT44G%2a%2a%20F%2a%2a%20%7cC%2a%2a%2cG%2a%2a%20%20%5b%20%20%20%20%20%20%20%20%7b%2aA%2av%2av%2aAG%2a%2a%20%20%20%7cA%2d%20%20%20%7cC%2a%2a%20%20%20%7cG%2a%2a%20%20%20%5d%5bF%2a%2a%20%20%20%7cG%2a%2a%20%20%20%7cD%2a%2a%20%20%20%7cC%2a%2a%20%20%20%7d%7c%2aBG%2a%2a%20%20%20%7cD%2a%2a%20%20%20%7cC%2a%2a%20%20%20%7cG%2a%2a%20%20%20%5d%7cD%2a%2a%20%20%20%7cC%2a%2a%20%20%20%7cG%2a%2a%20%20%20%7cG%2a%2a%20%20%20Z%20
