id,url
a8e34674-eec3-4601-89ea-7ce19c0f82e0,irealb://At%20The%20Jazz%20Band%20Ball%20%28arr%3A%20Sires%29=1918==Medium%20Up%20Swing=Bb==1r34LbKcu7QyX7D%3EG%2DXy%3C%7CQyX7bE%3E%2E%20%2E%20%2E1%20%3C%7CQyX7F%3E2%201%3C%7CQtime%3E2%201%3C%5B%20%2D%20%2D%20%2A60%2D%20%20%2D%20%2D%20%2D%20%2D%20%2D%20%2D%20%2D%2D%20%20%2D%20%2D%20%2D%20%2D%20%2D%20%2D%20%2D%2D%20%2D%20%2D%3CA%2A%5B%5DZL%20lc%20%2D%20%2D%20G%3E%20%2D%20%2D%20%2D%20%2D%20%2D%20%2D%2D%20%20%2D%20%2D%20%2D%20%2D%20%2D%20%2D%20%2D%2DXyQK%2D%20%2D%20%2D%20ZL%20l%20x%20LZ%2DGZL7o%23F%207F%7CQy7XCZL7G%20bB%7CQyX7FXyQKcZL%20x%20%20kcimx%20LZCer%3CB%2A%5B%5D%207o%23F%207ZFL%20x%20ZL%20lcKQyX7mind%20%20ZL%20xXbBZLay%202nyX7FZL%20lcKQyX7ZCL%20lcKQyX7G%3EB%20dQKcl%20lp%20ot%2C7F%207%20LZG7%20bBZLoE%20bEZL%20lKcQyX7CZL%20lcKQyXG7LZClcKQyQLZBbXyQZ%7CQBb%20G7LZC7%20F7LZBbXyQZ%20==0=0
a8bf6937-6ea7-4fac-8e94-48082561e030,irealb://Do%20You%20Know%20What%20It%20Means%20%2D%20tradjazz%2Dru=Alter%20Louis==Medium%20Swing=C==1r34LbKcu77A%20G%2F4C%20G7%23F%206F%7CQyX7DZL7A%2D%207%2DEZL9F%20CZL5%23oLZC64TA%2A%7BB%2A%5B%5DQ1D%2D7XL7G%207%2DD2NZL%20QyQXyX%7D%205%237G%207G%7CQyZC6XyNZL9bZL7%2DEEb7LZD%207%2DA%7CQyX6bAZLb7E%207%2DbBZLoA%206bA7LZG%20%207%2DbB%7CQyX77LZD%2DA%207%2DEZL9F%20CZL57%23G%20CA%2A%5B%5D%205%237G%207%2D7LZDD%207%2DAF6%20F%23oLZC6%2FG%20A7b9LZD%2D7%20G7LZC6XyQZ%20==0=0
a81d3315-d1af-4099-9814-5547756a6c71,irealb://Early%20Hours=Lonnie%20Donegan%2C%20Monty%20Sunshine%20%281954%29==Medium%20Swing=Bb==1r34LbKcu7%7CZL%20lbXyQ%7C7F%7CQyXbE%7CQyXbBLZQyX%7CrQyX%7CQyX%2BFXyQKcB44T%5BBbXyQ%7CF%2BXyQ%7CXyQr%7CXyQLZBbXyQ%7CC7%20F7LZBb%20EbLZBb%20F7%20%5D%20==0=0
a8203d51-df72-4536-971a-0c2534acd20b,irealb://%30%39%20%42%6C%75%65%73%20%28%31%32%20%42%61%72%20%42%6C%75%65%73%20%32%29%20%28%69%6E%20%37%74%68%73%29%20%28%74%72%69%70%6C%65%29=%47%75%72%75%4F%66%47%75%69%74%61%72%2E%63%6F%6D==%4D%65%64%69%75%6D%20%53%77%69%6E%67=%41==%31%72%33%34%4C%62%4B%63%75%37%5A%4C%20%6C%63%37%58%79%51%7C%41%5A%4C%20%6C%63%4B%51%79%58%37%44%7C%5A%20%4C%6C%63%4B%51%79%58%37%41%7C%51%79%58%37%44%37%58%79%51%4B%41%34%34%54%5B%7C%45%37%58%79%51%7C%44%37%58%79%51%7C%41%37%58%79%51%7C%45%37%20%20%3C%31%36%78%3E%20%7D%20=%4A%61%7A%7A%2D%4D%65%64%69%75%6D%20%53%77%69%6E%67=%37%30=%36
a86ed8c7-ec0c-4620-a49a-fe58124dbc34,irealb://%31%32%20%4D%69%6E%6F%72%20%4B%65%79%20%28%68%61%72%6D%6F%6E%69%63%29%20%28%70%72%69%6D%61%72%79%20%63%68%6F%72%64%73%20%69%6E%20%37%74%68%73%29%20%28%64%75%70%6C%65%29=%47%75%72%75%4F%66%47%75%69%74%61%72%2E%63%6F%6D==%52%6F%63%6B=%41%2D==%31%72%33%34%4C%62%4B%63%75%37%37%2D%41%7C%51%2D%37%58%79%51%7C%51%79%58%37%2D%44%7C%7C%51%79%58%37%2D%7C%41%51%79%58%37%2D%41%7C%51%79%58%37%2D%44%7C%44%2D%37%58%79%41%34%34%54%5B%58%79%51%7C%41%2D%37%58%79%51%7C%7C%45%37%58%79%51%7C%44%2D%37%58%79%51%7C%41%2D%37%58%79%51%7C%41%2D%37%20%45%37%2C%3C%31%36%78%3E%20%7D%20=%50%6F%70%2D%53%6F%75%6C=%30=%33
a8d780e2-2ddb-4d70-8c99-b44d95cf6c42,"irealb://%46%61%72%6D%65%72%20%49%6E%20%54%68%65%20%44%65%6C%6C%20(%56%65%72%73%69%6F%6E%20%32),%20%54%68%65%20%20%5B%23%5D=%62%65%32%73%68%61%72%70%20%41%52%52%3A==%5A%7A%20%43%68%6F%6F%73%65%20%41%20%53%74%79%6C%65=%44==%31%72%33%34%4C%62%4B%63%75%37%62%20%6F%74%20%79%51%20%20%53%20%6F%72%50%20%6C%61%65%52%69%20%73%69%68%20%74%72%6F%66%20%79%65%6B%20%65%68%74%20%74%65%63%68%61%72%74%58%34%35%2A%3C%75%6F%79%20%6E%20%73%61%6D%65%6E%20%74%73%61%6C%2F%64%72%6F%68%63%20%74%61%73%6C%20%65%68%74%20%73%61%38%32%2A%3C%20%3E%6F%74%65%20%6F%65%68%74%20%65%73%69%20%6F%72%67%20%70%61%67%69%68%54%20%20%51%79%58%32%36%2A%3C%51%79%51%58%79%58%51%79%58%51%79%58%51%79%58%3E%2E%65%73%20%69%6E%74%6E%6F%73%20%72%64%6F%6C%65%6D%79%74%68%6D%2F%2A%3C%20%3E%73%61%68%20%74%49%20%2D%20%2D%2D%20%20%6F%72%74%6E%69%20%6C%61%64%72%6F%68%63%33%36%6E%6F%20%68%72%20%61%20%79%58%51%79%58%6C%79%20%74%68%74%73%69%6C%20%74%73%75%6A%20%72%6F(%20%61%79%6C%70%20%6F%74%20%73%64%72%6F%68%63%20%65%65%6E)%2E%3E%6E%6F%20,%79%64%65%79%61%6C%79%51%58%79%51%72%6F%68%43%20%6F%4E%22%20%73%6E%61%65%6D%22%20%2E%43%2E%4E%22%20%20%51%79%58%36%36%2A%3C%64%73%22%20%70%58%51%79%58%51%72%6F%66%65%62%74%20%72%68%79%20%70%75%2D%6B%63%69%70%20%65%68%74%20%65%75%64%6C%63%6E%49%34%30%2A%3C%20%3E%2E%6D%68%74%6E%6F%74%65%20%73%75%6A%20,,%44%5A%4C%20%74%65%72%20%41%5A%4C%20%6E%73,%44%34%34%54%69%2A%5B%51%58%79%51%79%58%51%79%58%51%79%58%51%79%58%3E%2E%6C%47,%73%6E%74%65%6C%20%65%5A%4C%20%44%6C%7C%6C%44,%57,%37%41,%44%73%5A%4C%20%78%20%5A%4C%20%20%78%5A%4C%20%44%6C%20%41%2A%5B%5D%20%6E%73,%44,%6E%7C%20%6E,%37%41%6E%20%65%68%74%20%20%78%20%4C%5A%65%72%20%61%64%6F%63%20%73%69%68%54%20%51%58%79%32%34%2A%3C%5D%6E,%44,%37%41,%44%73%70%6C%61%79%73%5A%4C%20%78%20%44%20%6C%51%5B%34%20%6D%65%61%79%58%51%79%58%51%79%58%51%79%58%3E%2E%67%6F%6E%73%20%65%68%74%20%66%6F%20%73%65%72%75%73%51%58%79%51%20%20%74%73%61%6C%4D%2D%7A%7A%61%20%4C%5A%20%78%6C%79%74%53%20%65%73%55%20%20%51%79%58%38%2A%34%3C%5A%6E,%44,%37%41,%44%73%5A%4C%20%65%73%3A%20%4A%78%20%5A%4C%20%2A%3C%51%79%58%20%53%77%69%6E%31%31%20%6D%6D%20%2F%6B%63%6F%52%2D%70%6F%30%50%32%2A%3C%20%3E%30%32%31%20%6D%6D%20%2F%67%36%3E%58%79%51%6D%75%69%64%65%74%61%4C%20%20%20%4A%61%7A%7A%2A%3C%51%79%58%51%79%58%51%79%58%3E%30%32%20%31%6D%6D%20%2F%65%74%6F%4E%20%65%75%6C%42%2D%36%38%58%79%51%51%79%58%30%32%69%30%34%2A%3C%61%7A%69%6C%3A%20%74%65%73%20%64%6E%61%20,%30%32%31%20%6D%6D%20%2F%2E%63%65%6C%45%20%61%73%73%6F%42%20%74%68%65%3E%20%72%42%2D%6E%69%58%30%36%2A%3C%50%72%6F%20%4D%58%51%79%58%51%79%58%51%79%58%3E%2E%65%6E%68%6F%70%61%72%62%69%56%20%6F%74%20%72%65%78%69%79%51%58%79%51%20%6C%61%65%52%72%65%74%6E%65%63%63%61%73%69%20%6E%69%20%6E%65%74%74%69%72%77%20%65%72%20%61%73%64%72%6F%68%63%20,%79%6C%6C%61%6E%6F%74%68%65%20%63%4F%20%20%51%79%6C%69%77%20%64%3E%20%3C%2A%33%65%68%74%20%66%6F%20%64%6E%75%6F%73%20%65%74%68%20%74%75%62%20,%65%72%75%73%61%65%6D%30%20%63%68%6F%72%61%20%66%6F%20%69%66%20%65%68%6C%6C%20%62%65%64%72%61%65%68%20%20%51%79%58%34%37%2A%3C%79%51%58%51%79%58%51%79%58%51%79%58%51%79%58%3E%20%6F%6E%20%74%69%74%73%20%6C%72%73%74%20%62%65%61%74,%20%75%73%69%6E%67%20%74%68%65%20%69%52%65%61%6C%20%50%72%6F%20%41%70%70%2E%3E%20%3C%62%23%3E%20=%4A%61%7A%7A%2D%4D%65%64%69%75%6D%20%53%77%69%6E%67=%31%32%30=%33"
a89bfed7-2ced-421b-b880-4beaf086f434,"irealb://%47%6F%69%6E%27%20%44%6F%77%6E%20%54%68%65%20%52%6F%61%64%20%46%65%65%6C%69%6E%27%20%42%61%64%20%20%20%20%5B%23%5D=%62%65%32%73%68%61%72%70%20%41%52%52%3A==%5A%7A%20%46%69%72%73%74,%20%53%65%74%20%41%6E%20%69%52%65%61%6C%20%53%74%79%6C%65=%46==%31%72%33%34%4C%62%4B%63%75%37%62%20%74%72%61%79%51%20%20%41%68%74%20%72%6F%66%20%79%65%6B%20%6F%72%50%6C%20%61%65%52%69%20%65%68%74%20%74%73%75%6A%64%69%73%20%63%68%58%34%35%2A%3C%72%75%6F%79%20%69%6E%67%3E%20%6F%68%63%20%74%73%61%6C%20%65%68%74%2F%65%6F%74%6E%20%74%73%61%6C%20%65%68%74%38%32%2A%3C%72%64%20%6F%6E%6D%61%6E%20%79%70%6F%63%20%6F%20%70%61%67%65%73%69%68%54%20%20%51%79%58%36%36%2A%3C%51%58%79%51%79%58%51%79%58%51%79%58%51%79%58%3E%2E%20%69%6E%74%72%67%6E%6F%73%20%6C%65%6D%20%79%68%65%20%6C%61%2A%3C%20%3E%2E%67%6E%6F%73%20%65%68%74%20%6F%66%20%73%65%72%75%73%61%65%6D%20%34%20%74%73%33%38%50%6C%61%74%20%73%65%69%79%58%51%79%58%6F%72%20%74%68%58%51%79%58%3E%2E%6E%65%74%73%69%6C%20%74%75%73%6A%20%72%6F%20,%73%64%72%6F%68%63%20%65%79%51%58%79%51%20,%79%64%6F%70%20%73%70%65%58%79%51%20%20%74%79%68%72%20%74%75%62%20,%73%64%72%6F%43%68%20%6F%4E%20%73%6E%61%65%6D%20%2E%43%2E%4E%68%6D%20%6B%65%34%37%2A%3C%51%6E%65(%20%41%67%2E%3E%20%3C%65%6C%20%6F%74%20%73%65%74%6F%6E%20%70%75%6B%2D%63%69%70%20%65%68%74%20%64%64%41%38%33%2A%74%74%65%72%20%6E%69%79%61%6C%20%65%73%65%68%74%68%65%20%69%2A%3C%34%34%54%69%2A%5B%51%79%58%51%79%58%79%51%58%51%79%58%51%79%58%3E%2E)%6F%72%74%6E%37%32%20%20%54%20%66%6F%20%64%5A%4C%20%6C%63%20%34%20%6D%65%43%3E%2E%20%2E%20%2E%20%22%6F%72%74%6E%69%20%22%65%68%74%20%65%72%61%20%73%65%72%75%73%61%37%58%79%51%4B%74%73%72%69%66%4B%51%79%58%46%46,%6E%20%20%4B%51%79%58%62%42%5A%4C%20%78%20%5A%4C%20%20%78%5A%4C%20%6C%63%4B%51%79%58%46%41%2A%5B%5D%63%6C%20%4C%5A%7C%51%79%58%46%2A%3C%5D%20%6E%42%62%58%79%51%58%46%5A%4C%20%6C%63%4B%51%79%58%37%43%7C%79%51%58%2D%44%7C%51%79%58%46%5A%4C%20%6C%63%4B%79%51%7C%46%20%5A%4C%20%6C%63%6E%65%20%73%69%20%20%41%66%74%61%20,%67%6E%6F%73%20%65%72%69%74%6E%65%65%20%68%74%20%79%61%6C%70%20%75%6F%79%20%72%65%64%64%20%74%68%51%79%58%34%35%68%74%69%77%20%3E%20%3C%2A%32%6D%20,%E2%80%9D%6F%72%74%75%6F%E2%80%9C%20%72%6F%20%E2%80%9D,%67%61%74%E2%80%9C%20%61%20%64%65%6C%6C%61%63%36%61%72%6B%65%64,%67%6E%69%64%6E%20%46%7C%51%64%61%20%73%69%20%6C%63%4B%51%79%58%37%43%51%7B%51%79%58%79%51%58%51%79%58%51%79%58%51%79%58%3E%2E%6E%67%4C%5A%46%58%79%6F%63%20%61%20%65%72%20%73%69%36%58%79%51%20,%6F%72%74%6E%69%20%65%68%74%20%65%6B%69%20%6C%73%69%20%6F%72%74%75%6F%20%73%69%68%54%20%20%62%75%74%20%36%2A%3C%7D%20%6F%73%20%79%62%64,%20%73%69%69%72%61%76%20%66%6F%20%65%6B%61%73%20%65%74%68%20%72%6F%66%30%34%2A%3C%20%3E%79%6C%70%6D%65%74%79,%20%65%74%61%65%70%61%53%30%37%2A%72%61%6E%67%65%3C%51%79%58%51%79%58%51%79%58%51%79%58%51%58%79%3E%20%51%79%58%2E%65%63%69%6F%68%63%20%72%62%23%3E%20%3C%72%61%20%67%6E%6D%70%6C%65%20%4C%61%74%69%6E%20%53%74%79%6C%65%3A%20%43%75%62%61%3A%20%42%6F%6C%65%72%6F%2F%20%6D%6D%20%31%33%36%3E%20=%4C%61%74%69%6E%2D%43%75%62%61%3A%20%42%6F%6C%65%72%6F=%31%33%36=%33"
a86f66b5-3c62-4320-906d-248670940ec9,"irealb://%4C%69%27%6C%20%4C%69%7A%61%20%4A%61%6E%65%20(%4C%69%74%74%6C%65%20%4C%69%7A%61%20%4A%61%6E%65)%20%20%20%20%20%5B%23%5D=%62%65%32%73%68%61%72%70%20%41%52%52%3A==%5A%7A%20%44%65%73%69%67%6E%61%74%65%20%41%20%53%74%79%6C%65=%44==%31%72%33%34%4C%62%4B%63%75%37%6C%20%65%68%74%79%51%20%20%41%49%20%2E%67%6E%6F%73%20%72%75%6F%79%20%72%66%6F%20%79%65%6B%20%65%68%74%20%74%73%75%6A%64%74%20%69%73%20%58%33%36%2A%3C%65%67%61%70%20%6F%74%65%3E%20%72%75%6F%79%20%6E%6F%20%64%72%6F%68%63%20%73%74%61%6C%20%65%68%74%20%64%6E%61%34%33%2A%3C%20%73%6F%6E%67%6E%20%74%73%61%61%6C%20%65%68%58%79%51%58%79%6C%20%73%69%20%6F%72%74%6E%69%20%65%68%54%20%20%51%79%58%39%36%2A%3C%51%79%58%51%79%58%51%69%6B%65%20%74%51%79%58%3E%2E%74%65%6C%20%72%6D%65%61%73%75%6F%6C%61%20%79%61%6C%50%38%33%2A%3C%20%3E%22%2E%42%20%74%72%61%50%22%20%66%6F%20%73%65%72%6E%67,%20%6F%20%34%20%74%73%79%58%51%79%58%6C%20%69%6E%74%58%51%79%58%3E%2E%73%64%72%6F%68%63%20%68%69%74%77%20,%67%6E%6F%73%20%65%68%74%20%6F%72%79%51%58%79%51%61%65%52%69%20%58%51%79%58%3E%58%79%51%20%20%70%62%20%2F%73%73%61%72%67%65%75%6C%42%2D%6F%70%50%20%3A%65%6C%79%74%53%20%6C%61%69%72%54%6D%20%31%36%34%30%37%2A%3C%51%58%37%41%5A%4C%58%79%51%58%79%79%58%44%3E%3A%6F%72%74%6E%49%20%72%61%62%34%2D%20%20%34%36%2A%3C%34%34%54%69%2A%5B%20%51%51%7C%47%20%44%51%79%58%51%79%6C%63%4B%51%79%79%51%5D%5B%2A%78%20%5A%4C%20%78%20%5A%4C%20%6C%63%4B%51%58%79%44%3E%3A%65%73%72%65%56%20%36%36%2A%3C%41%20%4C%5A%44%58%58%44%7C%51%79%79%58%37%41%7C%58%79%51%7C%44%4C%44%20%47%7C%51%79%58%44%3E%3A%73%75%72%68%6F%43%20%20%30%37%2A%3C%42%2A%5B%5D%51%79%58%5A%44%58%79%51%37%41%5A%4C%20%20,%64%65%64%51%7C%47%20%44%20%73%69%20%65%72%65%48%20%20%51%79%58%33%2A%36%3C%5D%51%79%58%44%7C%51%79%58%37%41%5A%4C%61%6E%20%61%64%79%58%44%7C%51%67%61%74%E2%80%9C%20%20%65%6E%64%69%6C%61%63%36%32%2A%3C%20%3E,%73%65%72%75%61%73%65%6D%20%61%72%74%78%65%20%32%20%3A%67%6E%6C%65%64%20%61%74%72%6F%68%73%58%51%79%58%51%20%E2%80%9C%6F%75%74%3E%2E%6E%67%69%73%20%61%64%6F%63%20%61%20%74%68%69%77%20%64%65%6B%72%61%6D%20,%E2%80%9D%6F%72%58%79%51%58%79%72%6F%20,%E2%80%9D%20%68%63%69%68%5B%51%3C%6F%76%74%61%6D%72%65%46%22%20%61%20%73%69%20%64%6F%72%68%63%20%74%73%61%6C%20%65%68%74%20%72%65%61%22,%20%77%51%79%58%51%79%3E%65%65%73%20%20%74%68%61%74%6F%62%6D%79%73%20%65%68%54%20%20%39%32%2A%5A%3C%51%79%58%55,%44%66%5A%4C%37%41%20%44%3E%6C%20%79%6F%75%73%6E%61%65%6D%6F%68%63%2F%65%51%20%20%3C%2A%68%74%20)%64%6C%6F%68(%20%6E%69%61%74%75%73%73%20%6F%74%20%65%72%61%20%75%6F%79%32%34%65%20%6E%6F%74%79%58%51%79%58%69%20%61%74%61%72%20%61%77%68%72%6F%66%20%6D%72%65%74%20%67%6E%61%6C%73%65%20%68%54(%20%39%30%2A%3C%20%3E%2E%65%6C%69%20%66%65%72%6D%6F%66%20%64%72%73%20%22%62%69%72%64%27%73%20%65%79%65%22)%2E%3E%58%79%51%58%79%51%58%79%51%58%79%51%58%79%51%3C%62%23%3E%20=%50%6F%70%2D%42%6C%75%65%67%72%61%73%73=%31%36%34=%33"
a8952683-bec3-4a61-baad-c79af5d50bff,"irealb://%4D%79%20%42%6F%6E%6E%69%65%20%4C%69%65%73%20%4F%76%65%72%20%54%68%65%20%4F%63%65%61%6E%20%20%5B%23%5D=%62%65%32%73%68%61%72%70%20%41%52%52%3A==%5A%7A%20%43%68%6F%6F%73%65%20%41%20%53%74%79%6C%65=%47==%31%72%33%34%4C%62%4B%63%75%37%79%74%20,%74%79%51%20%20%4E%6F%72%50%20%6C%61%65%52%69%20%73%69%68%74%72%20%6F%66%20%79%65%6B%20%65%68%74%20%65%6D%61%20%63%68%61%72%58%33%36%2A%3C%72%75%6F%79%20%6C%79%20%62%79%6F%68%63%2F%65%74%6F%6E%20%74%73%61%6C%20%68%65%74%20%67%6E%69%6D%61%6E%36%32%2A%3C%20%3E%72%64%20%6F%6E%6C%61%63%69%70%74%73%31%20%65%20%70%61%67%65%72%74%6E%49%20%20%51%79%58%34%36%2A%3C%51%58%79%51%79%58%51%79%58%51%79%58%51%79%58%3E%2E%6F%3A%20%54%68%67%6E%6F%73%20%65%68%74%20%6F%64%20%79%6F%75%6E%32%33%2A%3C%20%3E%70%75%2D%6B%63%69%70%65%20%68%74%20%72%6F%66%20%73%69%20%65%65%73%20%6F%74%65%20%74%72%6F%68%63%20%58%51%79%58%51%20%34%20%6D%65%51%79%58%3E%20%68%63%69%68%77%20,%67%6E%73%6F%20%65%68%74%20%66%6F%20%73%65%72%75%73%61%58%79%51%58%79%74%73%61%6C%20%54%69%2A%5B%20%34%58%79%51%20%20%2E%20%2E%20%6F%72%74%6E%69%20%65%68%74%72%20%6F%66%51%79%58%64%65%73%75%20%65%72%61%20%2E%3E%58%79%51%37%2A%3C%51%79%20%2E%20%73%65%73%6E%41%37,%6E%6E%6F%42%20%79%4D%22%20%32%37%2A%3C%41%5B%2A%5D%20%6E%5A%4C%47%5A%4C%78%5A%4C%37%44%7C%69%65%20%6C%69%5A%4C%6E%34%33%44%5A%4C%37%41%6C%47%4C%5A%43%47%5A%4C%43%5A%4C%47%7C%5A%4C%78%5A%4C%37%5A%44%4C%37%41%5A%4C%78%5A%4C%78%5A%4C%47%5A%4C%4C%5A%78%4C%5A%3E%22%2E%20%2E%5A%4C%37%41%5A%5A%78%20%5D%5B%5A%4C%47%3E%22%20%2E%20%2E%20%2E%20%6B%63%62%61%20%67%6E%69%72%42%22%20%30%37%2A%3C%42%2A%78%4C%5A%43%4C%4C%47%5A%4C%37%4C%47%5A%4C%78%4C%5A%47%4C%5A%5B%5D%20%78%5A%4C%47%5A%4C%78%5A%4C%37%44%4C%5A%37%41%5A%4C%43%5A%4C%78%5A%4C%47%5A%4C%78%51%44%37%4C%5A%78%5A%4C%37%44%75%69%64%65%4D%58%79%51%58%79%20%3A%73%65%6C%79%74%53%20%6F%72%50%20%6C%65%61%52%69%20%20%51%79%58%34%35%2A%3C%20%20%51%4A%61%7A%7A%2D%5A%20%78%55%5A%31%31%20%6D%6D%6E%67%2F%20%6D%77%53%20%73%6E%61%65%6C%72%4F%20%77%65%4E%7A%2D%7A%61%4A%30%32%2A%3C%20%3E%30%31%31%20%6D%69%6E%67%2F%20%69%77%53%20%6D%79%58%51%79%58%58%79%51%58%79%6D%20%2F%65%6C%66%66%75%68%53%2D%70%6F%50%20%20%51%79%58%34%36%2A%3C%51%79%58%51%79%58%51%6D%20%31%31%36%51%79%58%3E%36%79%58%51%79%58%3E%20%3C%2A%33%58%34%36%2A%3C%20%20%51%79%58%3E%30%31%31%6D%20%6D%20%2F%6E%69%74%61%4C%2D%7A%7A%61%4A%36%79%51%58%79%51%20%51%79%58%51%72%74%65%6D%20%20%50%6F%70%2D%51%79%58%32%36%2A%3C%20%51%79%58%51%79%58%79%51%58%3E%30%31%31%20%6D%6D%20%2F%6B%63%6F%52%20%20%6D%6D%3A%20%51%79%58%51%51%79%58%51%79%20%6D%65%61%73%79%58%51%79%58%3E%2E%6F%70%6D%65%54%20%6F%50%72%20%6C%61%65%52%69%20%65%68%74%2F%65%72%75%51%58%79%51%58%65%6D%6F%6E%6F%20%3C%62%23%3E%20=%4A%61%7A%7A%2D%4E%65%77%20%4F%72%6C%65%61%6E%73%20%53%77%69%6E%67=%31%31%36=%33"
a83b71a3-2243-4640-8488-ecbaabef944d,"irealb://%4F%6E%20%57%69%73%63%6F%6E%73%69%6E%20%20%20%20%20%20%5B%23%5D=%62%65%32%73%68%61%72%70%20%41%52%52%3A==%5A%7A%20%43%68%6F%6F%73%65%20%41%20%53%74%79%6C%65=%47==%31%72%33%34%4C%62%4B%63%75%37%20%65%68%74%20%79%51%20%20%53%20%2E%74%72%61%68%63%20%73%69%68%74%20%72%66%6F%20%79%65%6B%20%65%68%74%20%74%63%65%6C%65%49%74%20%69%73%58%30%36%2A%3C%67%61%70%20%67%6E%6F%74%65%3E%75%6F%79%20%6E%6F%20%64%72%6F%68%63%20%74%61%73%6C%20%65%68%74%20%64%6E%61%34%33%2A%3C%20%72%20%73%6F%6E%20%74%73%61%6C%20%65%68%74%20%51%58%79%51%58%73%69%20%6F%72%74%6E%69%20%73%69%68%54%20%51%20%79%58%38%36%2A%3C%51%79%58%51%79%58%51%79%20%6C%69%6B%65%79%58%3E%2E%65%79%64%6F%6C%65%34%20%6D%65%61%74%20%79%61%6C%50%38%33%2A%3C%20%3E%2E%67%6F%6E%73%20%65%68%74%20%66%6F%20%73%65%72%75%73%68%61%74%20%6D%20%74%73%61%6C%2A%3C%51%79%58%74%68%65%20%63%58%51%79%58%51%79%58%3E%2E%6E%65%74%73%69%20%6C%74%73%75%6A%20%72%6F%20,%73%64%72%6F%68%79%51%58%79%51%20%72%6F%20,%20%67%6E%6F%73%20%20%55%73%69%20%22%6E%6F%69%74%61%74%6F%4E%20%72%65%62%75%6D%4E%22%20%74%6E%6F%46%20%65%68%74%20%67%6E%6F%6E%20%61%20%51%79%58%32%37%73(%20%73%6C%20%3C%2A%34%34%6C%61%63%69%73%75%6D%20%72%75%6F%79%20%74%65%73%74%20%79%6C%6C%61%65%72%20%64%6C%75%6F%77%20%73%6B%69%6C%3E%65%6B%69%6C%58%47%5A%4C%37%6C%6F%77)%2E%79%58%47%7C%51%79%58%43%34%34%54%69%2A%5B%79%51%58%51%79%58%51%79%58%51%79%58%51%79%58%3E%51%7C%47%20%44%65%62%20%65%65%7C%51%79%58%37%41%47%58%79%51%37%41%7C%51%79%58%2D%45%7C%51%79%58%37%44%4C%5A%20%78%20%5A%4C%20%78%20%5A%4C%20%6C%63%4B%58%79%51%7C%44%2A%5B%5D%51%79%20%51%79%58%34%63%6C%20%4C%5A%79%58%47%5A%4C%37%44%20%47%7C%51%79%58%47%51%7C%79%58%43%7C%51%79%58%37%42%7C%51%79%58%43%51%5A%3C%2A%33%4B%51%79%58%47%3E%20%73%65%64%20%61%20%73%6F%20%74%69%20,%73%64%72%6F%68%63%20%65%6C%6D%70%69%73%20%68%63%75%73%20%73%61%68%20%67%6E%70%72%6F%76%69%6E%65%68%57%20%6E%6F%69%74%61%6F%70%70%6F%72%65%62%6D%75%4E%22%20%64%61%65%72%20%6F%74%6E%20%72%61%65%6C%20%6F%74%20%79%74%69%6E%75%74%72%20%4E%6F%74%20%6E%61%3C%20%6E%69%6E%72%75%51%58%79%51%58%6F%66%20%61%20%73%69%20%68%63%69%68%77%20%51%20%79%58%30%34%2A%3C%51%79%58%51%79%58%51%79%6E%74,%20%74%79%58%3E,%22%6E%6F%54%20%65%20%63%68%6F%72%70%75%20%64%65%73%61%62%38%30%2A%3C%20%3E%73,%72%65%62%6D%75%6E%20%6F%74%6E%69%20%73%64%6F%6E%20%74%68%65%68%74%20%67%79%58%36%34%2A%68%65%20%6B%65%79%58%51%79%58%51%79%58%51%79%58%3E%3A%65%70%6C%6D%61%78%45%20%2E%65%6C%61%63%73%20)%79%51%58%79%51%3C%74(%20%63%69%73%69%20%47%20%79%20%6F%66%20%20%46%20,%33%20%73%69%20%45%20,%32%20%69%73%20%44%20,%31%20%73%69%20%43%20%20%3A%43%69%73%20%34,%65%4B%20%20%51%73%69%20%43%20%74%63%2E%3E%20%20%42%20,%32%20%73%69%20%41%20,%31%20%69%73%20%47%20%20%3A%47%20%66%6F%20%79%65%4B%3C%69%73%20%33,%65%20,%35%20%20%75%6F%79%20%20%69%73%20%35%20%51%79%58%36%33%2A%3C%51%79%58%51%79%58%79%51%58%51%79%58%51%79%58%3E%2E%63%74%65%20,%20%4F%6E%63%65%44%20,%34%20%20%74%75%62%20%6E%20%22%4E%75%68%63%3C%20%3E%20%73%79%65%6B%20%65%68%74,%20%22%6E%6F%69%74%61%74%6F%4E%20%72%65%62%6D%61%6E%67%65,%69%20%65%72%61%74%68%65%20%6E%75%6D%62%65%72%73%20%73%74%61%79%20%74%68%65%20%73%61%6D%65%2E%3E%20=%4A%61%7A%7A%2D%47%79%70%73%79%20%4A%61%7A%7A=%31%38%30=%30"
a852a2cc-b0e0-47de-b64a-601f8d970e9d,irealb://%45%6C%20%50%6F%64%65%72%20%44%65%20%54%75%20%41%6D%6F%72=%42%61%72%72%6F%73%20%41%6C%69%6E%65==%50%6F%70%20%42%61%6C%6C%61%64=%47==%31%72%33%34%4C%62%4B%63%75%37%45%5A%4C%23%46%2C%20%44%2C%4C%2A%7B%20%44%20%2A%34%73%75%73%2A%44%7C%51%58%79%43%5A%4C%44%20%2D%45%7C%51%79%58%2D%45%5A%41%47%20%44%2F%47%34%34%54%5B%2D%45%7C%51%79%7C%42%2D%37%58%4C%44%20%2A%34%73%75%73%2A%44%31%4E%7C%51%58%79%43%7C%2C%44%2C%2D%45%20%37%2D%45%7C%51%79%5A%45%2D%37%58%51%79%58%37%2D%58%44%5A%4C%2D%2F%46%23%2C%7D%7C%2C%44%2C%45%2F%43%2C%23%46%2F%44%2C%47%51%7C%79%58%47%2F%43%5A%4C%44%2F%43%20%44%32%4E%2A%42%43%20%45%44%2C%2D%45%20%2F%47%2C%44%2F%47%58%79%51%7C%5A%4C%2D%41%20%47%7C%51%79%58%44%5A%4C%2D%20%45%43%7C%2C%44%2C%2D%45%2C%23%46%2F%44%2C%47%47%2F%42%20%46%2F%43%7C%51%79%47%33%4E%7C%2C%45%2D%4C%5A%44%7C%2C%44%2C%2D%45%20%2D%45%7C%2C%23%46%2F%2C%44%47%20%47%7C%51%79%58%47%2F%43%7C%51%79%58%43%20%44%2C%20%20%43%7C%2C%42%20%20%36%36%2A%2A%20%47%4C%5A%44%2C%47%3E%2E%34%20%36%36%2A%3C%30%4E%7C%20%7D%20%3E%41%20%6F%54%20%20%39%36%2A%3C%20%47%2F%46%23%2C%3C%34%73%75%73%2A%5A%51%79%58%47%45%2D%2C%44%2C%20%43%7C%7D%20%44%20%2D%41%7C%2C%42%2F%47%43%2C%20%43%7C%2C%44%2C%2D%45%20%2D%45%51%7B%7D%43%2D%4C%5A%66%3E%42%20%6F%54%7C%20==%30=%30
a8ab66c5-8d8a-42e2-88b8-a6f951f005f1,irealb://%50%6F%72%20%51%75%69%65%6E%20%45%72%65%73%20%54%C3%9A=%50%61%72%6B%65%72%20%4C%75%63%69%61==%42%61%6C%6C%61%64%20%45%76%65%6E=%45==%31%72%33%34%4C%62%4B%63%75%37%46%20%45%41%2A%23%44%23%3E%58%2D%42%7C%2C%23%46%2F%44%20%39%64%64%61%47%4C%5A%23%47%2F%45%2C%41%34%34%54%69%2A%7B%51%79%2C%20%42%2C%5B%43%33%33%2A%3C%4C%37%2D%23%43%45%2F%47%23%20%79%58%31%35%2A%3C%20%29%23%47%28%23%47%2F%7C%45%29%23%44%28%42%20%2C%2A%37%6A%61%6D%2A%41%51%58%79%51%3E%5A%4C%37%2D%23%35%62%51%79%58%6A%37%2A%28%44%2A%3C%7C%2C%41%2F%42%20%41%7C%29%62%42%28%29%20%2D%42%28%73%75%73%45%29%2D%23%43%28%20%29%35%34%58%79%51%61%6D%2A%44%5A%58%51%79%58%31%20%47%23%37%2C%2C%43%2F%23%47%3E%51%79%58%34%35%2A%3C%2C%75%73%73%42%20%37%2D%23%46%5A%4C%37%2D%23%43%20%4C%5A%3C%2A%35%37%2D%23%44%3E%5A%4C%23%47%2F%2D%37%20%20%3C%7C%2C%42%3E%20%3C%20%73%75%73%42%2C%2D%23%5A%46%4C%2D%23%41%3E%51%79%58%51%79%58%38%34%2A%4E%31%41%20%45%23%43%3E%51%79%42%3E%51%79%58%23%37%20%44%5E%2A%3C%2C%2A%20%2A%45%20%2C%2A%34%73%75%73%45%2A%32%4E%7C%7D%20%2A%34%73%75%73%2A%42%20%37%35%31%58%79%51%43%20%37%5E%47%5A%4C%2C%2A%34%37%20%7B%2A%42%20%37%2D%23%46%5A%4C%20%37%2D%23%43%20%23%2F%47%45%5A%4C%41%2F%42%20%2A%37%6A%61%6D%2A%41%42%2A%73%75%73%62%42%20%37%2D%2D%23%44%3E%35%34%2A%20%45%2C%79%58%31%35%2A%3C%5A%4C%41%2F%42%20%20%2A%6A%37%61%6D%2A%41%5A%4C%2C%37%62%42%20%2C%2D%42%51%58%79%51%62%73%75%73%2A%45%37%62%42%20%2C%2C%20%43%23%2D%79%58%51%79%58%31%35%2A%3C%20%73%75%73%42%4E%31%5A%4C%23%47%2F%45%20%37%2D%23%46%5A%4C%37%51%3E%42%2D%37%37%23%47%20%37%42%3E%2E%67%61%32%42%2A%73%75%6F%69%62%6D%61%63%51%79%58%2E%65%62%75%53%36%39%2A%3C%20%2A%34%73%75%73%2A%43%20%2A%34%73%20%64%65%20%70%4E%7C%7D%20%2C%37%4C%5A%2C%2A%43%2C%54%34%34%42%62%5E%37%20%43%2F%42%62%7C%20=%4A%61%7A%7A%2D%42%61%6C%6C%61%64%20%45%76%65%6E=%36%30=%33
a8ffef22-f8bf-4d84-ac77-0e5ddbe92cf4,irealb://%41%6C%20%45%73%74%61%72%2E=%5A%61%76%61%6C%61%20%41%62%65%6C==%42%61%6C%6C%61%64%20%45%76%65%6E=%45==%31%72%33%34%4C%62%4B%63%75%37%2C%23%44%2F%42%34%45%2C%20%20%35%2A%3C%20%2C%2A%6D%2A%23%43%7C%51%79%58%2A%2C%6D%2A%23%46%7C%51%79%58%2C%42%5A%4C%41%2A%37%20%20%E2%80%A2%3E%34%54%69%2A%7B%2C%2A%34%73%75%33%3E%20%7D%5B%79%58%2C%2A%6D%2A%23%43%7C%51%79%58%2C%2A%2A%6D%23%46%7C%51%79%58%2C%42%7C%51%79%58%2C%45%51%7C%42%2A%73%58%39%36%2A%3C%2F%2A%32%64%64%2C%58%79%51%5D%79%58%2C%41%42%2A%7B%51%79%58%2C%23%47%2F%32%2A%64%64%61%2A%45%3E%E2%80%A2%51%79%58%37%35%2A%3C%51%7C%45%2A%61%42%7C%51%79%58%2C%23%44%2F%42%51%7C%41%2C%20%42%3E%E2%80%A2%20%20%30%36%2A%3C%20%20%2C%2A%6D%23%2A%43%5A%4C%2C%42%3E%E2%80%A2%51%79%58%36%36%2A%3C%2C%7C%41%2C%20%79%58%2C%23%47%4E%5B%7D%20%20%20%51%4C%5A%46%32%64%64%61%2A%45%3E%E2%80%A2%20%51%79%58%30%36%3C%2A%2C%42%31%4E%5A%4C%2C%45%20%2C%2A%6D%2A%23%2A%2F%47%23%2C%20%2C%45%5A%4C%61%2A%45%20%2C%64%32%2A%2C%58%51%7B%20%20%3E%41%20%6F%54%39%36%2A%3C%20%7C%42%51%79%58%2C%2A%34%73%75%73%2A%42%7C%51%79%46%23%2A%6D%2A%64%61%2A%44%32%64%64%32%2A%2C%20%4C%5A%42%2C%20%3C%2A%37%31%58%33%3E%20%7D%7C%46%23%2D%58%79%51%7C%45%58%79%51%5A%20=%4A%61%7A%7A%2D%42%61%6C%6C%61%64%20%45%76%65%6E=%36%30=%33
a8db7655-4e29-47f3-b6b1-8db6e70d3cf3,irealb://%43%6F%6E%20%54%75%20%53%61%6E%67%72%65=%57%69%74%74%20%4D%61%72%63%6F%73==%47%6F%73%70%65%6C%20%42%61%6C%6C%61%64=%41==%31%72%33%34%4C%62%4B%63%75%37%7C%51%79%58%2D%34%41%58%79%51%45%7C%51%79%58%41%7C%51%79%58%41%7C%51%79%44%58%7C%51%79%58%41%41%2A%7C%7D%51%79%58%44%7C%58%79%51%7C%42%34%54%69%2A%7B%79%58%41%5A%4C%41%58%79%51%7C%79%58%2D%42%7C%51%79%58%45%7C%51%79%58%41%51%7C%79%58%41%7C%7C%51%79%58%44%7C%51%79%58%41%51%7C%44%20%45%7C%51%79%58%41%7C%51%79%58%41%51%7B%2A%42%45%7C%51%79%58%44%7C%51%79%58%45%7C%51%79%58%7C%41%51%79%58%41%7C%51%79%58%44%7C%7C%51%79%58%41%58%79%51%7C%79%58%41%7C%51%20%6F%54%51%79%44%58%79%51%7C%36%2A%3C%41%7C%51%79%58%41%7C%51%79%58%45%51%7C%79%58%2D%42%7C%51%79%58%45%7C%51%79%58%41%33%58%79%51%58%7C%51%79%58%45%41%3E%58%79%51%7D%7B%51%3C%20%3E%45%58%79%51%7C%42%2D%58%79%51%7D%45%58%79%51%7C%41%58%79%51%5A%7C%20=%4A%61%7A%7A%2D%42%61%6C%6C%61%64%20%45%76%65%6E=%36%30=%33
a86e50c5-817f-4117-8d4c-0b6abbd68baa,"irealb://%4F%4C%4D%41%5A%53%41%4E%20%4F%4C%4D%41%5A=%47%C3%9C%4C%C4%B0%5A%20%41%59%4C%41%20==%67%72%65%6B%20%3A)=%45%2D==%31%72%33%34%4C%62%4B%63%75%37%20%2D%41%20%69%54%34%34%41%2D%45,%37%42,%35%62%37%2D%23%46%73%5A%4C%20%47%2D%41%5A%4C%2D%45%20%2D%41%5A%4C%2D%45%20%2D%4C%5A%7B%2A,%76%2A,%5B%4C%20%2D%45%20%20%4C%5A%41%2D%20%5A%4C%20%2D%45%6C%20%41%2A%7C%7D%20%2D,%45%37%42,%35%62%37%2D%23%46%73%5A%4C%47%20%42%2D%20%4C%5A%2D%45%20%5A%4C%4C%2D%42%20%2D%5A%41%2D%20%42%20%5A%4C%20%2D%45%20%5A%4C%2D%42%20%2D%45%51%7C%79%58%51%79%58%51%79%58%51%79%58%5A%4C%2D%78%20%4C%5A%41%4C%20%78%20%5A%33%20%20%38%36%4C%5A%58%79%51%2D%41%20%5A%4C%20%42%20%5A%4C%20%2D%41%20%4C%5A%20%43%20%42%2A%51%79%58%51%79%58%51%79%58%20%4C%5A%3C%2A%20%2D%45%20%5A%20%2D%41%5A%4C%73%65%6E%6B%6F%4C%20%2D%41%20%43%2A%7B%20%51%79%58%5A%4C%79%51%58%5A%4C%20%42%20%5A%4C%20%43%20%3E%20%70%5A%20%45%2D%20%20%65%74%20%2E%79%58%5A%4C%51%23%2D%37%62%35%4C%51%79%58%5A%4C%51%79%58%5A%4C%51%79%58%4C%5A%51%79%58%69%2A%7C%7D%20%2D%45,%37%42,%5A%2A%41%58%79%46%73%5A%4C%47%4C%51%79%58%5A%51%4C%5A%58%79%4C%51%79%58%5A%4C%51%79%58,%76%2A,%5A%51%4C%79%58%43%2A%5A%4C%51%79%58%42%2A%5A%4C%51%5A%58%79%51%4C%79%58%5A%4C%51%5A%58%79%51%20%7C%20==%30=%30"
a84e105c-7913-4dcc-98f3-cd211ffdbc19,irealb://%43%6F%72%61%7A%6F%6E%20%44%65%20%4D%65%6C%61%6F%20%28%67%69%67%29=%58%75%65%2D%59%6F%75%20%5A%68%61%6E%67==%44%61%6E%63%65=%43%2D==%31%72%33%34%4C%62%4B%63%75%37%37%2D%47%5A%4C%34%3C%2A%36%33%79%58%62%41%5A%4C%20%6C%63%4B%51%79%58%2D%3E%43%79%64%6F%6C%65%4D%20%65%74%75%6C%46%20%20%51%4B%63%6C%20%34%54%69%2A%5B%47%5A%4C%62%41%6C%20%4C%5A%41%73%61%72%62%20%6F%72%74%6E%49%20%30%36%2A%69%3C%2A%7B%5A%4C%37%47%20%2D%46%7C%51%79%58%62%73%3E%43%2D%20%63%4B%51%79%58%62%42%20%20%2D%43%2D%20%41%62%37%47%5A%4C%62%41%20%2D%43%3E%6F%72%6F%43%30%20%36%2A%3C%41%2A%7B%7D%51%79%58%37%47%5A%4C%58%79%51%7C%43%7C%51%79%58%37%20%7B%7D%51%79%47%20%7D%7B%2A%62%41%20%2D%43%7C%51%79%58%37%47%5A%4C%62%20%41%2D%43%3E%65%73%72%65%56%20%30%36%2A%3C%42%4C%5A%47%37%58%2C%62%41%20%7C%36%33%2A%3C%20%6F%72%6F%3E%58%3E%6F%72%6F%43%36%33%2A%3C%20%7B%7D%51%79%3E%58%65%73%72%65%56%36%33%2A%3C%20%7B%7D%51%79%58%79%51%7D%7B%63%36%33%2A%3C%79%58%51%79%58%72%61%73%73%3E%58%5D%20%51%79%58%3E%6C%65%6D%20%74%75%6C%20%66%74%6E%49%20%20%39%33%2A%3C%5B%7D%51%79%58%79%51%58%79%51%62%20%74%6E%49%56%20%30%36%2A%2A%36%33%20%43%51%79%58%37%47%5A%4C%62%41%20%2D%43%7C%51%58%79%47%5A%4C%62%41%20%2D%43%3E%32%20%6F%72%6F%7D%7B%2A%42%3C%3C%43%2A%7B%51%4C%62%41%20%2D%43%2D%20%41%62%43%20%30%36%2A%3C%41%2A%7B%7D%51%79%58%37%5A%47%4C%62%41%20%2D%43%7C%51%79%58%37%47%5A%4C%6F%72%6F%3E%43%3E%65%73%72%65%41%20%2D%43%3E%51%7C%43%2D%20%20%79%20%73%73%61%72%42%20%20%51%79%58%36%2A%36%3C%51%7B%7D%20%47%2C%62%41%20%7C%62%42%20%63%6F%72%6F%73%79%58%37%47%5A%62%4C%5A%47%37%58%79%51%7C%43%2D%20%41%62%4C%5A%47%37%20%20%3C%2A%30%39%34%78%3E%20%7D%7C%43%2D%58%79%51%5A%20==%30=%30
a88c7f44-660a-47c0-bdea-941fca90f3aa,"irealb://%4C%61%20%54%65%72%72%65%20%45%74%20%4C%65%20%50%C3%A8%72%65=(%70%61%73%20%44%27%61%63%63%6F%6D%70%2E%20%2D%20%42%70%6D%31%39%35%20%2D%20%78%32)==%42%6F%73%73%61%20%41%63%2E=%45%2D==%31%72%33%34%4C%62%4B%63%75%37%2D%41%34%34%54%2D%37,%46%23%79%58%5D%20%6E%6C%7C%6E,%2D%45%73%5B%7D%6F%20%43%5A%4C%6F%23%43%5A%4C%5E%47%6C%7C,%68%51%20%7B%2A%41%45%73%69%2A%7B%45%73%5A%4C%37%5A%42%37%23%35%37%42%5A%4C%78%5A%4C%37%2D%41%5A%4C%78%5A%78%4C%5A%4C%78%5A%4C%39%2D%45%5A%4C%37%42%5A%4C%23%35%4C%5A%42%4C%78%5A%4C%37%5A%4C%36%2D%43%4E%31%6C%6E%20%43%5A%4C%78%5A%4C%39%2D%45%5A%4C%36%2D%43%4C%5A%36%2D%23%43%32%4E%42%2A%7B%20%51%79%58%7D%23%2D%36%4C%5A%7C%6E,%39%2D%5E%47%6C%7C,%78%4C%5A%41%2D%2D%45%73%7B%20%20%51%79%58%51%79%58%7D%20,%51%37%42%5A%4C%35%23%37%42%5A%4C%78%5A%4C%37%37,%46%23%68%5A%4C%39%2D%45%2D%23%43%5A%4C%4C%5A%43%6F%20%45%5A%4C%36%2D%43%5A%4C%36%2D%23%43%51%7B%51%20%79%58%5D%20%6E%6C%7C%6E,%2D%45%73%7C%7D%2D%39%4C%5A%78%6F%23%43%5A%4C%5A%4C%5E%47%6C%36%4C%5A%45%2D,%37%2D%45%73%7B%7D%20%37%42%5A%4C%35%23%42%37%5A%4C%78%5A%4C%37%2D%41%5A%4C%78%5A%4C%39%46%23%68,%7C%2D%43%5A%4C%36%7C%6E,%39%2D%43%6F%20%7D%7B%6C%7C%6E,%39%2D%45%73%5A%4C%6E%6C%7C%6E%39,%2D%45%73%5A%4C%6E%6C%7C%6E,%39%2D%45%73%6E%4C%5A%73%45%5A%4C%6F%23%43%6C%6E%20%7D%5B%55%45%2D%39%20%5D%20=%4C%61%74%69%6E%2D%42%72%61%7A%69%6C%3A%20%42%6F%73%73%61%20%41%63%6F%75%73%74%69%63=%32%30%38=%32"
a8145327-3203-4a7c-ac3d-a05a93fac64f,"irealb://%50%75%69%73%71%75%65%20%56%6F%75%73%20%50%61%72%74%65%7A%20%45%6E%20%56%6F%79%61%67%65=(%67%75%69%74%61%72%65%20%4A%61%7A%7A%20%2D%20%42%70%6D%31%30%35%20%2D%20%78%33%20%53%6F%6C%6F)==%47%75%69%74%61%72%20%54%72%69%6F=%42%62==%31%72%33%34%4C%62%4B%63%75%37%5A%4C%37%47%20%5E%37%58%79%51%7C%51%79%58%37%5E%62%42%41%2A%7B%20%20%51%58%79%51%79%58%7D%20%37%46%20%73%75%73%37%46%7C%47%37%73%75%73%62%42%69%2A%7B%51%79%58%7D%20%7C%41%37%73%75%51%79%58%2D%43%31%4E%5A%4C,%37%47%20%73%73%75%37%47%7C%51%79%58%2D%44%5A%4C%37%41%20%73%7C%46%20%46+%51%79%58%2D%43%73%75%73%37%47%5A%4E%32%43%2D%43%5A%4C%37%41%20%73%75%73%37%41%7C%51%79%2D%58%44%42%2A%5B%5D%20%41%20%62%42%5A%4C%46%20%2D%58%79%51%7C%4C%20%51%79%58%73%75%73%37%47%42%62%2D%58%79%5E%62%42%41%2A%5B%5D%20+%46%20%46%5A%4C%20%43%2D%43%5A%4C%37%46%20%73%75%73%37%46%7C%51%37%58%79%51%7C%5A%4C%37%47%20%20%47%37%4C%5A%43%2D%58%79%51%7C%41%37%73%75%73%20%41%37%4C%5A%44%2D%58%79%51%7C%47%37%73%75%73%20%47%37%4C%5A%43%2D%20%46%4C%5A%55%42%62%20%46%20%5D%20=%4A%61%7A%7A%2D%47%75%69%74%61%72%20%54%72%69%6F=%31%30%35=%33"
a8796c87-aac2-4067-b49e-40f6ae52ba92,irealb://%44%72%65%61%6D%20%4C%6F%76%65%72%20%28%42%65%6C%6F%66%66%20%61%72%72%2E%29=%44%61%72%69%6E%20%42%6F%62%62%79==%4D%6F%64%65%72%61%74%65%6C%79=%47==%31%72%33%34%4C%62%4B%63%75%37%79%58%47%7C%51%34%3C%2A%36%39%51%79%58%47%3E%30%32%31%20%61%76%6F%4E%20%73%61%73%6F%42%2D%7A%7A%61%4A%20%79%72%54%20%20%7C%45%2D%58%79%34%54%69%2A%7C%58%70%7C%51%79%79%51%7C%7B%2A%79%58%70%7C%51%79%58%47%7C%51%79%58%70%7C%79%51%58%2D%45%7C%51%79%58%70%7C%51%79%58%47%41%51%7C%45%2D%58%58%2D%45%7C%51%7D%51%79%58%37%79%51%7C%44%37%47%31%4E%5A%4C%37%44%20%2D%41%5A%4C%2D%45%47%20%7C%51%79%58%43%7C%51%79%58%47%7C%51%79%58%58%79%51%7C%44%58%47%7C%51%79%51%79%58%37%41%51%20%4C%5A%4E%7C%51%79%58%47%7C%51%79%58%70%7C%51%79%58%42%43%2A%5B%5D%51%79%58%37%47%7C%51%79%58%47%32%70%58%79%51%7C%79%58%51%79%58%58%37%44%7C%51%7C%44%37%58%79%51%79%58%70%7C%51%79%58%2D%45%7C%51%79%58%7C%70%51%79%58%47%41%2A%7B%5D%51%79%58%70%7C%51%7D%7C%47%58%79%51%79%58%70%7C%4C%2D%45%20%47%79%51%7C%43%58%2D%41%51%5B%20%51%79%58%5D%20%2D%45%20%47%4C%5A%37%44%20%2D%41%5A%4C%2D%45%20%47%7C%51%79%20%44%37%20%7B%58%47%7C%51%79%5A%41%2D%20%44%37%20%7D%47%58%79%51%5A%20==%30=%31
a843a577-60c9-4dce-9ba7-8296efee429f,irealb://%41%20%43%61%73%61%20%45%75%20%41%72%72%75%6D%65%69=%2E==%4D%69%6E%69%73%74%C3%A9%72%69%6F%20%4C%69%76%72%65=%43=%31%31=%31%72%33%34%4C%62%4B%63%75%37%20%73%61%68%6E%54%34%34%41%2D%36%2A%3C%2C%41%2A%2C%7B%7D%51%79%58%43%7C%47%2C%20%20%2D%41%7C%51%79%58%43%7C%2C%47%20%20%36%20%20%4D%69%2C%69%2A%2C%7B%2D%41%20%2D%44%64%65%73%3E%41%5A%4C%2D%41%20%2D%44%7C%51%79%58%43%7C%2C%20%47%20%2D%41%7C%51%79%58%43%7C%2C%47%20%20%2D%47%58%79%51%7C%61%74%6E%6F%76%4F%41%20%41%54%51%7D%7B%3C%2A%2C%43%20%20%2D%41%7C%2C%43%20%20%2D%44%7C%43%2C%20%20%2D%41%3E%31%20%45%54%4E%4F%50%36%36%7C%3C%56%4F%4C%79%58%47%5A%4C%2F%47%20%20%2D%58%79%51%7D%7B%5E%46%3E%69%65%6D%75%72%72%61%20%75%65%20%73%61%61%63%20%41%20%20%39%36%2A%3C%2C%42%2A%2C%20%47%4C%5A%41%5E%46%3E%41%20%51%79%58%51%79%79%51%7C%47%58%47%7C%7D%51%79%58%47%7C%51%79%58%43%7C%2C%2F%42%47%20%20%2D%41%5A%4C%47%20%5E%46%7C%51%79%58%79%51%5D%58%58%43%7C%2C%42%7C%2C%45%2F%43%51%7B%2C%2A%43%51%79%58%62%42%7C%51%79%58%43%3E%6F%72%65%71%75%20%6F%C3%A3%6E%20%75%45%20%20%36%36%2A%3C%2C%7C%44%2D%20%20%79%58%51%79%58%61%20%61%74%6C%47%29%2C%51%2C%79%58%43%7C%51%79%58%2D%44%7C%51%79%58%62%3E%42%32%20%45%54%4E%4F%50%39%36%2A%3C%7B%7D%20%51%7C%3C%56%6F%28%20%20%5E%46%53%51%79%58%51%2D%58%79%51%7D%3C%2C%51%2C%7B%5D%51%79%58%43%7C%2C%47%20%2D%20%41%7C%51%79%58%43%7C%2C%47%20%20%2D%41%5B%2A%36%36%58%79%41%3E%42%20%6F%6F%75%20%74%75%61%20%63%61%73%61%20%66%61%76%6F%72%69%74%61%20%3E%46%5E%20%47%4C%5A%41%2D%20%4C%5A%47%2F%42%2C%7C%43%58%79%51%7C%47%2F%42%58%79%51%7D%20==%30=%30
a8bcecf4-a2c8-4a26-85f6-6118567a863c,irealb://%44%65%20%54%6F%64%6F%20%43%6F%72%61%C3%A7%C3%A3%6F=%54%61%6C%6C%65%73==%4D%69%6E%69%73%74%C3%A9%72%69%6F%20%4C%69%76%72%65=%43==%31%72%33%34%4C%62%4B%63%75%37%47%7C%51%79%58%34%41%2D%20%47%47%20%20%2D%41%41%2A%7B%5D%51%79%58%39%46%4C%5A%36%47%20%2D%41%7C%51%79%58%39%46%5A%4C%36%2F%42%2C%7C%43%34%54%69%2A%5B%4C%46%2F%47%20%7C%43%20%20%43%51%79%58%43%5A%4C%47%20%39%46%5A%4C%2D%41%42%2C%2F%47%2C%43%5A%4C%47%20%39%46%7C%2C%45%2F%7D%5B%2A%42%47%51%79%58%42%2F%47%20%46%5A%4C%79%51%7C%47%20%41%5A%4C%47%20%46%5A%4C%2D%41%20%37%45%5A%46%4C%2F%47%20%46%7C%51%79%58%43%5A%4C%46%2F%47%2D%20%43%2F%45%58%45%2F%43%5A%4C%5A%41%2D%20%43%2F%45%4C%5A%46%20%47%4C%5A%43%58%79%51%5D%7B%2A%43%46%20%47%2F%46%4C%5A%45%37%20%41%2D%4C%5A%46%20%47%4C%5A%43%58%79%51%7D%20==%30=%30
a88ab1a1-be6e-4888-b42e-a62727f8449e,irealb://%4C%69%6C%69%20%4D%61%72%6C%65%6E%65%2D%52%65%76%20%4A%45=%53%63%68%75%6C%74%7A%20%4E%6F%72%62%65%72%74==%53%6C%6F%77%20%53%77%69%6E%67=%46==%31%72%33%34%4C%62%4B%63%75%37%2C%39%42%2C%5E%34%73%46%5E%2C%37%2D%47%73%5A%4C%37%43%20%37%2D%47%5A%4C%43%37%20%37%2D%47%5A%4C%37%2D%44%6C%2C%45%2F%57%2C%43%37%2C%46%34%54%41%2A%7C%41%2A%2C%5B%5D%42%62%5E%20%43%44%20%5E%46%5A%4C%37%43%20%31%31%2D%47%5A%74%4C%6C%61%37%44%20%37%2D%41%5A%4C%62%42%2F%37%37%61%6C%74%20%6C%42%2A%5B%5D%37%2D%47%2C%37%73%43%37%2C%41%73%5A%4C%2C%37%43%20%31%31%2D%47%5A%4C%51%39%2C%62%37%44%20%37%2D%44%6C%7C%2C%23%43%2F%37%46%36%39%2C%44%20%37%2D%47%2C%3E%45%4E%49%46%7C%51%6C%47%2D%62%47%20%37%2D%47%5A%4C%37%62%44%20%37%2D%6C%44%7C%2C%23%43%2F%37%41%2C%37%43%73%20%31%31%5E%4C%5A%55%3C%5D%2C%37%43%2C%46%5E%58%79%51%5A%20=%4A%61%7A%7A%2D%53%77%69%6E%67%20%54%77%6F%2F%46%6F%75%72=%38%30=%33
a84a9ee6-284d-46ce-b7ec-5a4e167f5e39,irealb://%4D%6F%6F%6E%20%52%69%76%65%72%2D%52%65%76%20%4A%45%20%31=%4D%61%6E%63%69%6E%69%20%48%65%6E%72%79==%57%61%6C%74%7A=%43==%31%72%33%34%4C%62%4B%63%75%37%7C%51%79%58%29%34%43%5E%20%20%45%7C%51%79%58%31%31%23%33%31%46%6C%7C%2C%2F%47%57%73%20%20%37%2D%41%6C%7C%2C%42%2F%57%73%2D%37%28%43%39%33%54%41%2A%7B%43%7C%51%79%58%31%58%79%51%7C%42%2A%5B%5D%51%79%58%74%6C%61%37%45%7C%51%58%79%37%68%42%7C%51%79%58%29%39%43%28%37%2D%45%4E%31%41%2D%37%31%23%33%31%46%41%20%37%2D%45%51%7C%46%5E%58%42%20%37%68%23%46%5A%4C%47%2F%2D%41%20%37%41%2D%7C%51%79%58%31%31%23%33%31%62%42%7C%51%79%37%62%39%4C%5A%79%58%47%2F%37%31%23%33%31%46%5A%44%2D%37%20%68%23%46%7C%51%79%58%47%2F%37%43%7C%51%79%37%58%2D%41%32%4E%43%2A%5B%7D%20%35%23%39%62%44%37%58%79%51%7C%4C%74%6C%61%37%79%58%74%6C%61%29%58%79%51%5D%58%31%31%2D%44%7C%51%79%58%37%2D%45%7C%51%58%79%31%31%2D%44%7C%51%79%58%37%2D%45%41%2A%5B%79%51%7C%45%37%36%2D%46%28%31%79%58%5D%20%20%6C%74%58%79%51%39%62%44%5A%4C%20%6E%2C%36%43%73%5A%4C%51%20%20%74%6C%61%37%62%44%7C%51%79%58%37%2D%44%7C%23%31%31%2C%6E%61%37%41%7C%51%58%5E%62%44%7C%20%5B%51%6C%46%44%7C%51%79%58%74%6C%61%37%41%7C%51%79%58%2D%37%45%7C%51%79%58%36%2D%46%7C%51%79%58%68%23%2D%37%58%79%51%20%51%79%58%51%79%51%7C%43%5E%37%23%31%31%58%79%51%5A%20=%4A%61%7A%7A%2D%42%61%6C%6C%61%64%20%53%77%69%6E%67=%31%32%30=%33
a83c9da7-5799-48fe-8eab-3e4e19f6e2e2,irealb://%4F%75%72%20%44%61%79%20%57%69%6C%6C%20%43%6F%6D%65%2D%52%65%76%20%4A%45=%4D%6F%72%74%20%47%61%72%72%69%73%6F%6E%20%42%6F%62%20%48%69%6C%6C%61%72%64==%4C%61%74%69%6E%2D%53%77%69%6E%67=%47==%31%72%33%34%4C%62%4B%63%75%37%79%58%37%2D%41%34%47%5E%58%79%68%42%7C%51%79%58%5E%47%7C%51%79%58%37%44%51%7C%79%58%37%2D%41%5A%4C%37%45%20%68%42%7C%51%20%45%37%4C%5A%34%54%41%2A%7B%37%46%7C%51%79%79%51%5D%5B%2A%4C%68%62%44%20%37%2D%44%5A%4C%37%62%45%20%43%5E%7C%51%79%58%37%47%7C%51%79%58%37%2D%44%42%5A%43%2D%37%58%58%37%44%7C%51%47%7C%51%79%58%2D%37%20%45%37%58%37%2D%41%5A%4C%37%45%20%68%42%7C%51%79%5E%58%47%41%2A%5B%5D%20%37%44%20%37%2D%41%5A%4C%79%51%7C%44%37%42%7C%51%79%58%2D%43%7C%51%79%42%68%20%45%37%51%79%58%37%47%7C%51%79%58%37%2D%44%42%2A%5D%5B%51%79%58%37%44%7C%51%79%58%37%2D%41%5A%4C%7C%44%62%68%58%7C%51%79%58%5E%37%20%43%2D%36%4C%5A%42%2D%37%20%45%37%4C%5A%41%2D%37%20%44%37%20%5B%2A%41%47%5E%20%45%37%4C%5A%45%62%37%20%44%37%20%5A%20=%4A%61%7A%7A%2D%4C%61%74%69%6E%2F%53%77%69%6E%67=%31%38%30=%35
a826e1b7-731c-480c-90c3-e1e9a3326203,irealb://%50%61%76%61%6E%6E%65%20%66%6F%72%20%50%61%74%7A%63%75%61%72%6F=%45%6E%67%65%6C%62%61%63%68%20%4A%65%72%72%79==%2D%2D%52%65%61%64=%42%62==%31%72%33%34%4C%62%4B%63%75%37%42%2C%37%62%42%34%42%62%2D%37%46%5A%4C%37%2D%43%20%5E%62%47%5A%4C%5E%62%20%44%43%2F%5E%62%41%5A%4C%62%44%2F%37%62%45%20%68%2F%42%20%73%34%54%41%2A%5B%45%42%2A%5A%4C%7C%6C%45%62%5E%37%2D%47%5A%4C%37%62%41%20%74%6C%61%37%44%51%7C%79%58%74%6C%61%37%44%5A%4C%68%41%20%47%2F%20%47%2D%2F%46%2C%62%41%2F%62%68%23%46%5A%4C%37%2C%43%37%2C%37%2D%43%5A%4C%39%62%37%47%20%2C%62%41%2F%44%68%5A%4C%39%62%37%41%20%62%42%2F%68%45%6C%7C%20%46%37%62%39%2D%47%73%20%68%62%45%20%37%2D%4C%5A%45%68%2F%4C%74%6C%61%37%45%20%68%42%5A%4C%74%6C%61%23%37%46%20%68%23%43%5A%4C%39%62%37%41%20%62%42%5A%2A%41%42%62%39%62%37%42%20%41%20%47%2F%5E%5A%41%62%5E%2F%62%41%2F%62%42%2C%37%62%42%73%20%37%2D%46%4C%5A%37%2D%43%20%5E%62%47%5A%4C%5E%62%44%20%43%2C%7C%6C%45%62%4C%62%44%2F%37%20%37%2D%43%6C%61%6C%74%58%79%45%73%20%20%68%45%7C%5D%20%46%2F%2D%47%20%2D%37%47%5A%4C%37%62%41%20%74%6C%61%37%44%7C%51%68%2F%44%2C%7C%37%44%5A%4C%68%42%37%62%39%4C%5A%55%42%62%5E%58%79%51%5A%20=%4A%61%7A%7A%2D%42%61%6C%6C%61%64%20%44%6F%75%62%6C%65%20%54%69%6D%65%20%46%65%65%6C=%38%30=%33
a8f2a009-e2f1-425d-b6ab-f953de92d72f,irealb://%54%61%6E%67%65%72%69%6E%65%2D%52%65%76%20%4A%45=%53%63%68%65%72%74%7A%69%6E%67%65%72%20%56%69%63%74%6F%72==%4D%65%64%69%75%6D%20%55%70%20%53%77%69%6E%67=%46==%31%72%33%34%4C%62%4B%63%75%37%4C%20%78%20%5A%34%47%2D%39%58%2D%47%5A%4C%39%23%37%44%20%37%2D%41%5A%4C%62%37%42%20%36%46%7C%51%79%58%33%31%43%7C%51%79%37%20%43%37%4C%34%54%41%2A%5B%5E%41%5A%4C%39%51%7C%44%37%62%68%42%7C%51%79%58%36%46%7C%51%79%58%33%31%7C%43%51%79%58%39%2D%47%42%2A%5B%5D%51%79%58%39%37%20%45%37%62%79%58%5E%46%5A%36%46%7C%51%79%4C%5A%42%2D%37%51%79%58%39%2D%47%41%2A%5B%5D%51%79%58%74%61%6C%37%44%7C%51%79%58%33%31%41%5A%4C%37%45%20%7C%43%31%33%58%37%2D%23%46%20%5B%5D%51%79%58%5A%41%2D%37%20%7C%51%79%58%31%31%23%33%31%62%45%5A%4C%20%20%78%5A%4C%37%43%20%37%2D%47%5A%4C%39%23%37%44%44%37%62%31%33%4C%37%62%42%20%51%20%20%33%31%58%79%51%7C%45%39%2D%47%7C%51%79%58%31%31%23%33%31%47%7C%79%51%58%31%31%2D%44%5A%4C%39%23%37%41%20%37%68%58%79%51%7C%43%39%2D%47%43%2A%4C%5E%62%47%20%36%2C%6E%20%4C%37%62%41%20%37%2D%41%5A%4C%36%2D%62%42%20%42%68%6C%2C%51%5B%5D%20%20%6E%2C%39%23%37%44%5A%4C%5A%47%2D%37%46%73%2C%5A%4C%5A%55%3C%46%49%4E%45%3E%46%5E%58%79%51%5A%20=%4A%61%7A%7A%2D%4D%65%64%69%75%6D%20%55%70%20%53%77%69%6E%67=%31%36%30=%33
a8e1db00-4630-40a0-9251-a74f72b49b3e,irealb://%48%61%79%20%55%6E%20%4D%75%6E%64%6F=%4A%6F%73%C3%A9%20%41%6E%74%6F%6E%69%6F==%50%6F%70%20%52%6F%63%6B=%44==%31%72%33%34%4C%62%4B%63%75%37%44%5A%4C%78%5A%34%44%4C%5A%78%54%76%2A%5B%7C%2C%41%2C%47%5A%4C%23%46%2F%5A%44%4C%78%5A%4C%2D%42%5A%4C%78%5A%4C%41%5A%4C%34%34%42%2D%4C%34%54%69%2A%7C%42%2A%5B%20%78%78%4C%5A%47%4C%41%5A%4C%47%5A%4C%78%5A%4C%23%46%2F%44%5A%78%4C%5A%4C%2D%42%7B%20%78%5A%4C%44%5A%4C%41%5A%4C%5A%44%4C%5A%5A%4C%23%46%2F%2F%44%5A%4C%78%78%4C%5A%42%2D%4C%78%5A%4C%41%5A%4C%78%5A%4C%44%43%2A%5B%78%20%5A%4C%41%5A%4C%78%5A%4C%47%5A%4C%78%5A%4C%5A%42%2D%4C%5A%5A%4C%2D%23%46%5A%4C%41%5A%4C%2C%41%2C%7C%44%2A%5B%2C%41%2C%47%5A%4C%23%46%2F%44%5A%4C%5A%78%4C%2D%42%5A%4C%78%5A%4C%41%5A%4C%78%5A%4C%69%44%4C%5A%78%47%5A%4C%23%46%47%5A%4C%23%46%4C%5A%78%4C%5A%5A%4C%2D%42%5A%4C%78%5A%4C%41%5A%4C%78%5A%44%4C%44%2A%7B%7D%2C%41%2C%47%5A%4C%23%46%2F%44%78%4C%5A%44%2F%2D%42%5A%4C%78%2C%41%2C%7D%7B%2A%43%44%4C%5A%78%4C%5A%41%4C%5A%78%4C%5A%42%2D%4C%5A%78%4C%5A%44%2F%46%23%4C%5A%47%2C%41%7D%20==%30=%30
a826d22e-82da-4dd6-b39e-d6c1af459f39,irealb://%43%68%61%72%6C%65%73%74%6F%6E%2C%20%54%68%65=%4A%6F%68%6E%73%6F%6E%20%4A%61%6D%65%73==%4D%65%64%69%75%6D%20%55%70%20%53%77%69%6E%67=%42%62==%31%72%33%34%4C%62%4B%63%75%37%37%6F%62%44%20%34%42%62%2C%58%79%58%37%46%7C%51%79%58%37%43%5A%4C%20%6C%4B%63%51%79%58%37%47%7C%51%79%58%37%44%7C%51%79%51%7C%42%62%2C%34%54%41%2A%5B%79%58%37%41%7C%20%46%37%20%5D%44%7C%51%79%58%37%6F%45%7C%51%79%58%37%47%51%7C%79%58%37%44%7C%51%79%58%2C%62%42%42%2A%5B%2D%37%58%79%51%37%2D%43%5A%4C%58%37%46%7C%51%79%51%7C%46%37%4C%20%6C%63%4B%51%79%58%37%47%7C%51%79%58%44%37%7C%51%79%58%2C%62%42%41%2A%5B%5D%51%79%58%5A%43%37%58%79%58%2C%44%7C%51%51%79%58%37%2D%2C%20%44%62%6F%58%37%62%45%5A%4C%20%6C%63%4B%51%79%58%37%42%62%43%2A%5B%5D%20%37%46%20%37%2D%43%5A%4C%37%79%51%7C%45%62%62%42%7C%51%79%7C%42%62%2C%20%47%2D%37%4C%5A%43%2D%37%20%46%37%4C%5A%42%62%58%79%51%7C%43%2D%37%20%46%37%20%5A%20==%30=%30
a8c37f16-ce56-4b57-a935-ab78e7dc2c93,irealb://%46%6C%61%6D%62%65%65%20%4D%6F%6E%74%61%6C%62%61%6E%61%69%73%65=%56%69%73%65%75%72%20%47%75%73==%47%79%70%73%79%20%57%61%6C%74%7A=%43%2D==%31%72%33%34%4C%62%4B%63%75%37%4C%37%47%5A%4C%34%3C%41%41%42%46%5A%4C%20%7C%72%20%5A%4C%20%7C%72%20%5A%78%4C%5A%4C%2D%43%3E%29%61%64%6F%43%41%28%43%41%2D%4C%5A%47%37%33%54%41%2A%7B%51%78%5A%4C%2D%72%7C%20%4C%5A%4C%37%43%5A%4C%20%7C%72%20%5A%4C%78%5A%4C%43%2D%7C%5A%4C%78%5A%4C%2D%43%5A%4C%20%7C%72%20%5A%78%4C%5A%46%20%5A%4C%78%5A%62%45%5A%4C%78%5A%78%4C%5A%43%42%2A%5B%7D%20%78%3E%65%6E%69%46%3C%5A%4C%43%2D%5A%4C%37%47%5A%4C%37%44%5A%4C%78%5A%4C%2D%42%62%37%4C%5A%4C%2D%46%5A%4C%3C%5A%4C%62%45%5A%47%37%4C%5A%5A%4C%2D%46%5A%4C%37%43%5A%4C%62%45%5A%4C%43%6F%5A%4C%2D%46%5A%4C%78%5A%4C%2D%43%5A%4C%78%42%62%37%4C%5A%4C%78%5A%4C%2D%4C%43%7B%7D%20%61%6C%20%46%69%4C%78%5A%4C%37%47%5A%4C%78%5A%4C%2D%44%5A%37%4C%41%5A%4C%43%43%2A%7B%5D%20%37%47%3E%65%6E%5A%43%4C%5A%78%20%2E%43%2E%44%5A%4C%78%5A%4C%44%2D%4C%5A%41%20%78%3E%61%64%6F%43%20%6C%61%20%2E%43%2E%3C%44%5A%4C%43%5A%4C%78%5A%4C%37%47%5A%4C%37%62%7D%7C%51%44%6F%5A%4C%6F%47%5A%43%2D%4C%5A%78%4C%5A%44%37%4C%5A%47%37%4C%5A%43%2D%4C%5A%6E%20%5A%20==%30=%30
a81ec7c6-bf1a-41c9-848e-f58e132ff04e,irealb://%55%6E%65%20%48%69%73%74%6F%69%72%65%20%53%69%6D%70%6C%65%20%31=%52%65%69%6E%68%61%72%64%74%20%42%61%62%69%6B==%42%61%6C%6C%61%64=%44==%31%72%33%34%4C%62%4B%63%75%37%68%45%5A%4C%41%34%3C%20%41%41%75%73%37%41%5A%4C%41%2F%44%20%41%2F%37%6F%5A%46%4C%39%62%37%41%20%73%75%73%37%41%3E%41%42%73%20%45%62%2F%34%54%41%2A%7B%58%51%79%58%51%5E%37%4C%5A%47%5A%4C%35%23%37%41%20%73%75%73%37%41%5A%4C%42%37%20%37%2D%23%46%5A%4C%37%23%43%20%37%68%23%58%79%51%58%79%44%20%41%2F%37%73%75%73%37%44%44%5E%37%20%43%51%79%58%51%79%58%7D%20%37%5E%62%45%3E%65%69%6E%46%3C%20%37%5E%62%42%29%37%46%28%20%2C%2D%20%4C%5A%4E%32%31%4E%7C%51%79%6E%69%46%20%6C%37%20%44%37%20%44%3C%5A%4C%2D%45%20%37%2D%42%7C%51%79%58%5E%37%44%5A%4C%37%43%20%37%5E%47%6C%42%2A%5B%5D%2E%43%2E%20%61%2D%41%20%70%20%65%3E%73%46%2D%2C%42%62%37%2C%45%2D%2C%41%37%5D%20==%30=%30
a8930eb2-03e8-4c08-b7ca-f9733a59aced,irealb://%4D%69%64%6E%69%67%68%74%20%49%6E%20%4D%6F%73%63%6F%77%20%28%4D%6F%73%63%6F%77%20%4E%69%67%68%74%73%29%20%31=%53%6F%6C%6F%76%79%6F%76%2D%53%65%64%6F%79%2D%4D%61%74%75%73%6F%76%73%6B%79==%4D%65%64%69%75%6D%20%53%77%69%6E%67=%44%2D==%31%72%33%34%4C%62%4B%63%75%37%37%45%7C%51%79%34%44%2D%58%79%43%20%37%2D%47%7C%51%79%58%46%7C%51%79%58%44%2D%7C%51%79%58%37%41%7C%51%79%58%2D%47%7C%51%37%4C%5A%46%58%34%54%41%2A[%7C%51%79%58%2D{%2A%42%44%2D%79%58%37%41%7C%51%79%58%2D%44%5A%4C%20%6C%4B%63%51%79%58%2D%47%5A%4C%20%6C%63%4B%51%79%58%51%7C%4E%31%44]%20%37%41%20%45%37%20%41%37%20}%58%79%51%58%79%51%20%4C%5A%4E%32%44%2D%58%79%51%4B%63%6C%20%20%5A%20==%30=%30
a800815d-f793-4185-8dce-63febed7647e,irealb://%52%68%79%74%68%6D%20%43%68%61%6E%67%65%73%20%31=%56%61%72%69%6F%75%73==%55%70%20%54%65%6D%70%6F%20%53%77%69%6E%67=%42%62==%31%72%33%34%4C%62%4B%63%75%37%62%45%5A%4C%37%34%42%62%20%47%42%5A%4C%37%46%20%37%2D%43%5A%4C%37%2D%47%36%20%62%42%5A%4C%37%46%20%37%2D%43%5A%4C%37%2D%62%36%20%42%62%34%54%41%2A{%43%5A%4C%20%6C%37%4C%5A%42%62%37%47%5A%4C%20%6C%63%4B%51%79%58%37%44%42[%2A%59}%51%79%58%36%62%42%5A%4C%37%46%20%36%58%79%51%4B%63%2D%62%45%20%37%5A%4C%37%47%20%63%6C%20%4C%5A%37%46%20%37%2D%43%5A%4C%37%47%20%37%5E%62%41%42%2A[%59]%20%20%6C%63%4B%51%79%58%37%46%4C%5A%44%2D%37%4B%51%79%58%37%43%2D%37%20%46%37%4C%5A%46%2D%37%20%42%62%37%4C%5A%45%62%37%20%41%62%37%4C%5A%43%2D%37%20%46%37%4C%5A%42%62%36%58%79%51%5A%20==%30=%30
a83fa5f5-4c3b-497e-b4fb-b485b512c604,"irealb://%52%68%79%74%68%6D%65%73%20%47%69%74%61%6E%73=%50%72%69%76%61%74%20%4A%6F==%4D%65%64%69%75%6D%20%53%77%69%6E%67=%43==%31%72%33%34%4C%62%4B%63%75%37%41%7C%51%79%58%34%3C%20%41%41%4C%37%44%20%37%68%41%7C%51%79%58%2D%47%5A%37%4C%44%20%37%68%41%7C%51%79%58%2D%47%3E%41%42%5A%59%7C%47%2D%34%54%41%2A{]%20%20%3E%65%4C%5A%47%2D%58%2D%47%32%4E%7C%51%79%58%51%79%58%51%79%58%79%51%58}%20%37%44%20%37%68%41%31%4E%7C%51%79%20%3C%46%69%6E%37%44%20%37%68%44%36%36%2A%3C%37%58%79%51%4B%37%44%5A%4C%20%6C%63%4B%51%79%58%2D%43%59%4C%5A%20%6C%63%4B%51%79%58%2D%44%5A%4C%20%6C%63%20%44%37%2F%43%62%45%42%2A[%2E%43%2E%20%61%6C%20%32%6E%64%20%45%6E%64%2E%3E%4C%5A%45%62%37%2F%42%62,%20%44%37%2F%41%20]%20==%30=%30"
a84544d7-2f74-4827-a4a2-2a70284901be,irealb://%53%77%69%6E%67%20%47%69%74%61%6E%20%33=%52%65%69%6E%68%61%72%64%74%20%44%6A%61%6E%67%6F==%4D%65%64%69%75%6D%20%53%77%69%6E%67=%47%2D==%31%72%33%34%4C%62%4B%63%75%37%5A%4C%20%6C%63%34%47%2D%58%79%47%5A%4C%20%6C%63%4B%51%79%58%37%44%5A%4C%6C%20%63%4B%51%79%58%37%41%5A%4C%20%6C%63%4B%51%2D%58%79%51%4B%34%54%41%2A{%51%79%58}%20%51%4B%63%6C%20%79%58%37%44%5A%4C%20%78%20%31%4E%7C%51%79%37%58%41%5A%4C%20%6C%63%4B%51%79%58%2D%47%5A%4C%51%4B%63%6C%20%79%58%62%41%7C%4C%5A%4E%32%44%37%58%79%51%7C%47%2D%58%79%51%4B%63%6C%20%20%5A%20==%30=%30
a84b47ae-7005-48e3-8244-0f30beb246dc,irealb://%4A%65%66%66%20%57%61%72%73%63%68%61%75%65%72%27%73%20%50%69%65%63%65=%43%6F%6D%70%6F%73%65%72%20%55%6E%6B%6E%6F%77%6E==%4B%6C%65%7A%6D%65%72=%42%62==%31%72%33%34%4C%62%4B%63%75%37%44%7C%51%79%58%34%6E%58%79%51%58%2D%47%7C%51%79%58%78%7C%51%79%58%2D%44%2A%41%7B%51%79%58%51%79%58%51%79%58%51%79%58%7C%79%51%7C%41%37%34%54%69%2A%5B%58%46%7C%51%79%78%58%79%51%7C%43%20%43%7C%51%79%58%78%7C%51%79%58%46%42%7B%2A%7D%51%79%58%2C%2D%44%5A%4C%37%41%20%2D%47%37%4C%5A%46%58%7C%51%79%58%2D%78%7C%51%79%58%79%51%7C%43%37%37%41%20%46%32%4E%7C%51%79%58%51%79%58%51%58%79%51%79%58%7D%51%79%58%46%31%4E%7C%51%79%58%4C%5A%7B%44%2D%58%78%7C%51%79%58%51%79%58%51%37%58%79%51%7C%41%20%2D%44%31%4E%5A%4C%37%41%20%2D%44%7C%79%51%58%2D%47%7C%51%79%58%2D%44%7C%51%79%58%78%37%20%7D%58%79%41%7C%51%79%58%79%51%58%79%51%7C%4E%32%44%2D%58%79%51%5A%20=%4C%61%74%69%6E%2D%42%72%61%7A%69%6C%3A%20%42%6F%73%73%61%20%45%6C%65%63%74%72%69%63=%38%30=%33
a821faae-f44b-4204-b997-598fc3f1ee56,irealb://%41%6C%20%4D%75%6E%64%6F%20%50%61%7A%20%20%2D%20%48%61%79%20%4C%69%62%65%72%74%61%64=%49%42%49%20%4C%61==%4D%65%64%69%75%6D%20%53%77%69%6E%67=%44==%31%72%33%34%4C%62%4B%63%75%37%29%23%46%28%20%34%34%44%2C%20%29%42%28%20%29%23%43%28%20%29%44%28%20%29%28%41%47%7C%29%42%28%20%29%23%43%28%20%29%44%28%7C%44%28%41%29%54%51%69%2A%5B%28%44%7C%29%42%5A%46%23%20%45%28%20%29%44%28%20%29%41%28%47%7C%29%42%28%29%20%23%43%28%20%29%44%28%20%2D%42%53%7B%5A%4C%43%23%29%20%28%4C%29%41%28%20%79%58%44%7C%51%29%20%28%46%23%2E%2E%7A%61%70%20%6F%64%6E%75%6D%20%6C%41%20%20%39%36%2A%3C%41%2A%7C%51%79%58%44%5A%4C%29%2E%3E%44%58%79%44%28%20%29%41%2E%6E%C3%B3%7A%61%4C%5A%42%2D%58%45%38%36%2A%3C%7C%51%79%58%2D%42%7C%51%79%2D%58%42%7C%51%79%58%41%7C%51%79%58%47%7C%51%79%6C%20%63%6F%72%41%20%47%7C%51%7C%51%79%58%47%79%51%7C%44%58%7C%51%79%58%41%7C%51%79%58%2D%42%7C%51%79%2D%58%42%7C%51%79%58%44%7C%51%79%58%47%7C%51%79%41%58%79%51%7C%58%47%3E%2E%2E%58%44%3E%73%61%47%20%41%2C%53%20%73%69%6D%20%6F%69%70%6D%6F%52%20%32%37%3C%2A%42%2A%7B%51%79%58%44%7C%51%79%58%44%7D%20%63%61%64%65%6E%7C%51%79%58%44%79%51%7C%47%58%79%51%7C%42%2D%58%79%51%7C%41%20%20%51%20%7D%44%58%79%51%7C%44%20%20%3C%2A%36%39%54%6F%20%41%3E%20%7D%20==%30=%30
a8267724-3c85-4ea4-ad55-0e8217cb64df,"irealb://%4D%C3%A1%73%20%59%20%4D%C3%A1%73=%48%6F%75%67%68%74%6F%6E%20%49%73%72%61%65%6C==%42%61%6C%6C%61%64=%47=%32=%31%72%33%34%4C%62%4B%63%75%37%72%6F%50%20%39%34%43,%2A%41%7B%51%79%58%44%32%4E%7C%7D%51%79%58%2D%41%4E%31%7C%51%79%58%44%7C%51%79%58%47%7C%51%79%58%2A%42%3C%2A%36%34%54%69%2A%7B%2D%42%7C%51%79%62%75%65%6E%6F%58%23%46%2F%44%7C%5A%4C%47%20%2D%41%7C%51%58%79%42%2F%47%7C%51%79%58%43%3E%20%2E%2E%2E%2E%79%51%7C%43%58%20%65%75%71%20%64%20%73%C3%A1%6D%41%2D%20%47%4C%72%65%75%51%20%39%36%2A%3C%43%2A%7C%7D%20%3E%20%41%20%6F%54%39%36%2A%3C%20%23%46%2F%44%5A%65%6D%6F%73%20%5A%4C%2D%45%20%58%44%7C%51%79%2E%2E%2E%20%3E%58%43%7C%51%79%58%43%7C%51%79%58%2D%42%7C%51%7C%79%58%2D%42%7C%51%79%58%43%7C%51%79%58%43%79%51%7C%47%58%2E%69%74%20%65%79%51%7D%20=%4A%61%7A%7A%2D%4D%65%64%69%75%6D%20%53%77%69%6E%67=%38%30=%33"
a891ce12-084c-467c-8c29-3ef07e1dce0e,irealb://%48%65%6C%6C%6F%20%43%69%74%79%20%4C%69%6D%69%74%73%20%2D%20%46%6C%69%6E%6E%65%72=%45%6C%67%69%6E%20%4A%6F%68%6E%6E%79==%50%6F%70%20%2D%20%42%6C%75%65%67%72%61%73%73=%41==%31%72%33%34%4C%62%4B%63%75%37%45%7C%51%79%58%58%79%51%4B%63%41%5A%4C%20%78%20%5A%4C%20%6C%63%4B%51%79%44%58%5A%4C%20%78%20%5A%4C%20%78%20%5A%4C%20%6C%58%79%51%7C%41%41%34%34%54%5B%58%79%51%4B%63%6C%20%4C%5A%20%78%20%4C%5A%45%58%79%51%7C%44%58%79%51%4B%63%6C%20%4C%5A%45%58%79%51%7C%41%58%79%51%4B%63%6C%20%20%5A%20==%30=%30
a8963aa0-dea9-4802-9543-c57a607cb455,irealb://%4C%65%74%20%4D%65%20%52%65%73%74%20%61%74%20%74%68%65%20%45%6E%64%20%6F%66%20%4D%79%20%4A%6F%75%72%6E%65%79%20%2D%20%50%41%52%4B%49%4E%47%20%4C%4F%54%20%50%49%43%4B%45%52%27%53%20%20=%54%72%61%64%69%74%69%6F%6E%61%6C==%42%6C%75%65%67%72%61%73%73=%47==%31%72%33%34%4C%62%4B%63%75%37%70%61%43%20%20%44%65%66%61%75%20%43%20%5B%20%35%20%6F%70%61%43%20%20%51%58%79%2C%5D%20%47%20%5B%20%3A%79%65%4B%20%74%6C%5D%2C%58%79%51%38%31%2A%3C%20%79%58%51%79%58%20%44%20%5D%3E%42%78%69%44%2F%70%72%61%68%73%32%65%62%20%72%3A%72%41%38%35%2A%3C%20%20%51%79%58%51%79%58%72%75%63%65%3E%5B%20%37%20%6F%63%69%50%38%35%36%58%79%51%20%58%51%79%58%51%79%58%3E%56%20%2C%56%49%20%49%2C%20%3A%64%65%73%55%20%73%64%72%6F%68%43%20%79%51%20%3C%2A%35%2A%3C%20%51%43%7C%51%79%58%6E%6F%74%65%73%47%3E%3A%73%65%73%72%65%56%20%30%37%2A%3C%34%34%54%41%2A%5B%51%79%58%51%79%58%3E%30%20%3A%58%79%51%7C%47%20%70%75%2D%6B%47%7C%51%79%58%58%79%51%7C%47%43%7C%51%79%58%47%7C%51%79%58%47%7C%51%79%44%58%7C%51%79%58%44%7C%51%79%58%47%7C%51%79%58%58%79%51%7C%47%47%7C%51%79%58%7C%51%79%58%47%58%79%51%7C%47%7C%51%79%58%43%3E%3A%73%75%72%6F%68%43%20%37%32%2A%3C%42%2A%5B%5D%51%79%58%47%7C%51%79%58%43%58%79%51%7C%44%7C%51%79%58%7C%51%79%58%47%47%58%79%51%7C%7C%51%79%58%43%7C%51%79%58%47%7C%51%79%58%7C%47%51%79%58%44%7C%51%79%58%44%7C%51%79%58%47%47%58%79%51%7C%7C%51%79%58%47%44%58%79%51%7C%47%58%79%51%7C%47%20%55%20%20%5A%3C%62%23%3E%20=%50%6F%70%2D%42%6C%75%65%67%72%61%73%73=%31%32%36=%33
a8bfa89f-02ab-45d9-b2b7-5a03dd07c139,irealb://%53%77%65%65%74%20%42%79%20%61%6E%64%20%42%79%20%28%49%6E%20%74%68%65%20%2E%20%2E%29%20%2D%20%50%41%52%4B%49%4E%47%20%4C%4F%54%20%50%49%43%4B%45%52%27%53%20=%42%65%6E%6E%65%74%74%20%61%6E%64%20%57%65%62%73%74%65%72==%43%6F%75%6E%74%72%79=%47==%31%72%33%34%4C%62%4B%63%75%37%70%61%43%20%20%44%65%66%61%75%20%43%20%5B%20%35%20%6F%70%61%43%20%20%51%58%79%2C%5D%20%47%20%5B%20%3A%79%65%4B%20%74%6C%5D%2C%58%79%51%38%31%2A%3C%20%79%58%51%79%58%20%44%20%5D%3E%42%78%69%44%2F%70%72%61%68%73%32%65%62%20%72%3A%72%41%38%35%2A%3C%20%20%51%79%58%51%79%58%72%75%63%65%3E%5B%20%37%20%6F%35%2A%3C%20%51%36%58%79%51%20%51%79%58%3E%37%56%20%2C%56%20%2C%56%49%20%49%2C%20%3A%64%65%73%55%20%73%64%72%6F%68%43%20%58%79%51%58%79%35%2A%3C%20%51%58%47%5A%4C%43%2D%75%70%20%6E%65%73%72%65%56%20%32%37%2A%3C%34%34%54%41%5B%2A%51%79%58%51%79%58%3E%32%20%3A%73%65%74%6F%73%3A%3E%47%20%6B%63%69%50%38%47%3E%3A%73%75%79%51%7C%44%58%30%37%2A%3C%42%2A%5B%5D%51%79%58%47%5A%4C%20%44%47%7C%51%79%58%47%5A%4C%43%20%47%7C%51%79%20%43%68%6F%72%58%47%7C%51%79%79%58%51%79%58%37%58%79%51%7C%20%55%20%47%5A%4C%44%20%47%7C%51%79%58%43%51%7C%79%58%47%7C%51%79%58%47%7C%51%79%58%37%44%20%5A%58%79%51%44%7C%51%79%58%51%58%79%51%58%79%51%20%3C%62%23%3E%20=%50%6F%70%2D%43%6F%75%6E%74%72%79=%31%30%30=%33
a84c049a-e1dd-4ee1-a8a7-410ec71533d8,irealb://%57%68%6F%20%42%72%6F%6B%65%20%74%68%65%20%4C%6F%63%6B%3F%20%2D%20%50%41%52%4B%49%4E%47%20%4C%4F%54%20%50%49%43%4B%45%52%27%53%20=%54%72%61%64%69%74%69%6F%6E%61%6C==%50%6F%70%20%2D%20%42%6C%75%65%67%72%61%73%73=%47==%31%72%33%34%4C%62%4B%63%75%37%70%61%43%20%20%44%65%66%61%75%20%43%20%5B%20%35%20%6F%70%61%43%20%20%51%58%79%2C%5D%20%47%20%5B%20%3A%79%65%4B%20%74%6C%5D%2C%58%79%51%38%31%2A%3C%20%79%58%51%79%58%20%44%20%5D%3E%42%78%69%44%2F%70%72%61%68%73%32%65%62%20%72%3A%72%41%38%35%2A%3C%20%20%51%79%58%51%79%58%72%75%63%65%3E%5B%20%37%20%6F%58%51%79%58%3E%36%58%79%51%20%20%2C%56%49%20%2C%37%49%49%20%2C%37%49%20%49%2C%20%3A%64%65%73%55%20%73%64%72%6F%68%43%20%56%2C%20%56%37%35%2A%3C%20%51%72%65%56%20%30%20%3C%2A%33%32%54%41%2A%5B%51%79%58%51%79%58%3E%32%20%3A%65%73%74%6F%6E%20%70%75%2D%6B%63%69%50%51%79%58%34%34%3C%2A%37%51%79%58%51%79%3C%42%2A%5B%5D%47%58%79%51%7C%51%79%58%44%7C%51%79%58%43%5A%4C%37%47%20%7C%47%51%79%58%44%7C%51%79%58%47%7C%51%79%58%44%7C%44%20%47%20%3E%3A%73%65%73%51%79%58%37%44%68%6F%72%75%73%5A%4C%37%47%20%47%5A%4C%37%44%20%37%41%7C%79%51%58%47%5A%4C%47%20%43%7C%51%79%58%47%3E%3A%43%58%79%51%7C%43%20%32%37%2A%3C%51%79%58%51%37%58%79%51%5D%51%79%58%51%79%58%51%79%58%51%79%58%51%79%5A%58%20%20%55%20%47%7C%51%79%58%47%34%34%54%5B%58%79%51%58%79%44%34%32%54%5B%62%23%3E%20=%50%6F%70%2D%42%6C%75%65%67%72%61%73%73=%31%34%32=%33
a8ff5632-af1e-4152-8076-6b60499ab2cd,irealb://%41%6D%69%65=%50%75%72%65%20%50%72%61%69%72%69%65%20%4C%65%61%67%75%65==%42%6C%75%65%67%72%61%73%73=%41==%31%72%33%34%4C%62%4B%63%75%37%5B%7D%20%44%20%34%41%58%79%51%41%5A%4C%44%20%47%7C%51%79%58%41%41%2A%7B%20%7D%44%20%47%7C%51%79%58%41%5A%4C%44%20%47%7C%58%79%51%7C%47%34%54%69%2A%7B%79%58%2C%41%7C%78%4C%5A%43%4C%2A%5B%20%78%5A%4C%78%5A%4C%78%5A%4C%37%45%4C%5A%78%5A%4C%43%5A%4C%78%5A%4C%44%5A%4C%78%5A%43%41%58%79%51%5A%4C%44%42%2A%7C%51%79%58%45%79%51%7C%44%58%7C%51%79%58%2D%42%7C%51%79%58%44%7C%51%79%47%58%7C%51%79%58%41%7C%51%79%58%2C%41%7C%51%79%78%58%79%51%7C%58%2C%47%7C%51%78%58%79%51%5B%41%58%79%51%7C%47%2C%20%44%2C%4C%5A%41%58%79%51%7C%47%2C%20%44%20%5A%20=%50%6F%70%2D%42%6C%75%65%67%72%61%73%73=%31%39%30=%36
a87ba5f3-b8b8-436d-a517-1cacfcd0c0c6,irealb://%42%69%67%20%4D%6F%6E%20%2D%20%46%6C%69%6E%6E%65%72=%4D%6F%6E%72%6F%65%20%42%69%6C%6C==%42%6C%75%65%67%72%61%73%73=%41==%31%72%33%34%4C%62%4B%63%75%37%41%42%2A%7B%7D%34%41%58%79%51%51%79%58%41%7C%51%79%58%47%7C%51%79%58%41%4C%5A%41%20%45%7C%51%79%58%41%7C%51%79%58%47%7C%7C%45%20%41%20%34%54%41%2A%7B%58%79%51%7C%41%58%79%51%7C%41%58%79%51%7C%41%20%45%4C%5A%41%58%79%51%7C%41%58%79%51%7C%41%58%79%51%7C%45%20%41%20%7D%20=%50%6F%70%2D%42%6C%75%65%67%72%61%73%73=%32%39%30=%36
a82a319c-cc12-49bd-a0dc-cd1663023591,irealb://%45%78%61%63%74%6C%79%20%4C%69%6B%65%20%59%6F%75%20%2D%20%46%6C%69%6E%6E%65%72=%46%69%65%6C%64%73%20%4D%63%48%75%67%68%2C==%4D%65%64%69%75%6D%20%53%77%69%6E%67=%43==%31%72%33%34%4C%62%4B%63%75%37%7D%51%79%58%43%34%43%58%79%51%31%4E%5A%4C%20%6C%63%4B%51%79%58%37%47%5A%20%4C%6C%63%4B%51%79%58%37%44%5A%4C%20%6C%63%4B%43%58%79%51%7C%34%54%41%2A%7B%5A%4C%20%6C%63%51%20%4C%5A%4E%7C%51%79%58%36%2D%46%7C%51%79%58%36%46%42%5B%2A%5D%20%37%43%20%37%2D%47%7C%51%79%58%43%32%43%58%79%51%4B%79%58%51%79%58%6C%63%4B%51%79%51%7C%46%2D%20%20%6C%63%4B%51%79%58%43%41%2A%5B%5D%20%37%20%47%37%2D%44%5A%4C%6F%62%45%20%43%5A%4C%37%47%4C%5A%44%37%58%79%58%37%2D%44%20%4C%5A%47%37%58%79%51%4B%63%6C%20%4C%5A%43%58%79%51%7C%43%58%79%51%5A%20==%30=%30
a85393e3-2d96-408d-a718-09dc9dfbae1a,"irealb://%4A%27%61%69%20%46%61%69%74%20%55%6E%65%20%47%72%6F%73%73%65%20%45%72%72%65%75%72%20=%43%6F%6D%70%6F%73%65%72%20%55%6E%6B%6E%6F%77%6E==%4D%65%64%69%75%6D%20%53%77%69%6E%67=%43==%31%72%33%34%4C%62%4B%63%75%37%7C%70,%46%7C,%70,%7C%70%43%7C%70%70%7C%70%70%7C%70,%47%7C%70%70%70%7C,%43%7C%70%70%7C%70,%46%7C%70%70%7C%70,%70%7C%70%70%43%34%32%54%7C%70%70%7C%43,%70%7C%47,%70%7C%70%70%7C%43,%70%7C%20=%50%6F%70%2D%42%6C%75%65%67%72%61%73%73=%31%30%36=%33"
a8408dc7-e46e-4d6d-8351-e1a3e9ef2936,irealb://%42%65%67%67%65%72%27%73%20%47%61%6D%65=%46%6F%67%65%6C%62%65%72%67%20%44%61%6E==%4D%65%64%69%75%6D%20%53%77%69%6E%67=%43==%31%72%33%34%4C%62%4B%63%75%37%37%45%7C%2C%2D%34%73%41%2D%58%20%2C%2D%41%7C%51%79%58%62%42%5A%4C%46%20%7C%47%51%79%58%2D%41%7C%51%79%58%2D%41%7C%51%79%41%2D%39%2C%41%34%54%76%2A%7B%2D%41%5A%4C%37%37%4C%5A%41%2D%37%45%7C%2C%2D%41%2C%39%2D%41%20%2C%2D%41%51%7C%79%58%62%42%7C%2C%2D%41%2C%39%2D%41%20%2C%2F%47%23%20%45%45%20%23%47%2F%62%42%5A%4C%51%2C%41%2D%2C%7C%2C%39%2D%41%20%2C%2D%41%7C%2C%2D%41%2C%39%41%2D%20%2C%2D%41%5A%4C%37%45%20%23%47%2F%37%45%41%2D%7C%58%79%39%2D%41%20%2C%2D%41%20%2C%2D%2D%2C%20%41%2D%62%42%7C%2C%2D%41%2C%39%2D%41%20%2C%2D%41%4C%5A%37%45%20%23%47%2F%37%45%7C%2C%2D%41%2C%39%58%79%51%7C%41%41%7C%51%79%58%79%58%2D%41%7C%7C%45%37%2F%47%31%4E%5A%4C%37%45%20%23%47%2F%37%45%7C%2C%41%2D%2C%39%2D%41%20%2C%2D%41%5A%4C%37%45%20%23%41%2D%58%79%51%2C%2D%41%2C%39%2C%2D%42%2C%44%20%7D%7C%4E%32%2C%23%46%2F%44%5A%4C%2D%42%20%42%2F%2D%23%7C%43%51%79%58%41%5A%4C%44%20%41%7C%51%79%58%41%42%2D%2F%44%2C%46%20%47%7C%51%79%58%37%5E%46%5A%41%58%79%51%5E%46%51%7B%20%2C%45%20%2C%46%7C%2C%46%2C%2C%45%44%2C%2D%42%5A%4C%37%2D%42%20%42%2F%45%7C%37%58%79%51%7C%4C%41%20%44%7C%65%20%64%61%62%51%7C%44%2D%2F%20%35%31%31%3C%7C%51%79%58%62%42%7B%20%41%41%20%2F%2D%44%7D%20%3E%78%33%3C%47%2C%41%2C%41%62%70%6D%20%20%79%58%41%7C%51%20%2D%41%5A%4C%3E%41%2D%2C%20%20%64%6E%32%20%6C%61%20%2E%43%2E%44%3C%2C%45%37%20%23%47%2F%37%45%7C%2C%2D%41%2C%39%2D%41%45%6E%64%2E%3E%67%6E%69%64%6E%41%2D%39%2C%3C%33%78%3E%41%2D%2C%7D%7C%45%37%2F%47%23%20%45%37%2C%66%3C%4B%6C%6D%3E%20%5A%20=%42%6C%75%65%73%2D%54%65%78%61%73%20%52%6F%63%6B=%31%31%35=%31
a88feb0d-3e56-4589-be4b-043d78289d9c,irealb://%42%6C%75%65%73%20%42%6F%79%20%54%75%6E%65=%42%20%42%20%4B%69%6E%67%20==%42%6C%75%65%73=%43==%31%72%33%34%4C%62%4B%63%75%37%5A%4C%20%6C%63%62%2D%20%44%62%62%44%7C%51%79%58%2D%62%41%5A%4C%2D%62%44%2D%20%62%41%5A%4C%37%62%45%20%2D%62%41%5A%4C%2D%2D%58%79%51%4B%41%34%34%54%5B%41%62%2D%20%44%62%2D%4C%5A%41%62%2D%58%79%51%7C%45%62%37%58%79%51%7C%44%62%2D%58%79%51%7C%41%62%2D%20%44%62%2D%4C%5A%41%62%2D%20%45%62%37%20%5D%20==%30=%30
a8da3078-6149-4600-b820-1b8db26b3747,irealb://%42%72%6F%77%6E%27%73%20%46%65%72%72%79%20%42%6C%75%65%73%20%2D%20%46%6C%69%6E%6E%65%72=%41%2E%20%52%2E%20%44%65%6C%6D%6F%72%65==%50%6F%70%20%2D%20%42%6C%75%65%67%72%61%73%73=%47==%31%72%33%34%4C%62%4B%63%75%37%7C%51%79%58%44%58%79%51%4B%63%34%34%54%7C%51%79%58%47%34%32%54%7C%51%79%47%58%5B%20%20%6C%63%4B%51%79%58%43%5A%4C%20%6C%47%58%79%51%7C%47%34%34%54%5B%79%58%47%7C%51%47%58%79%51%4B%34%54%7C%51%79%58%47%34%32%54%7C%51%79%58%5A%47%4C%20%6C%63%4B%51%79%58%43%5A%4C%20%6C%63%34%44%2C%58%79%7C%51%79%58%44%51%4B%63%6C%20%20%5D%20==%30=%36
a84a5bef-8664-4916-923e-f68e19447b65,irealb://%46%69%72%65%20%49%6E%20%54%68%65%20%48%6F%6C%65%20%2D%20%46%6C%69%6E%6E%65%72=%44%69%63%6B%65%6E%73%20%48%61%7A%65%6C==%50%6F%70%20%2D%20%42%6C%75%65%67%72%61%73%73=%47==%31%72%33%34%4C%62%4B%63%75%37%51%79%58%44%7C%54%34%34%45%2D%51%79%58%47%7C%51%79%58%2D%45%7C%51%79%58%45%2D%7C%51%79%58%44%7C%51%79%58%47%7C%51%79%58%7C%43%58%79%51%2C%41%2A%2C%5B%5D%5B%2C%2A%42%2C%47%20%43%4C%5A%47%58%79%51%7C%44%58%79%51%7C%47%58%79%51%7C%47%20%43%4C%5A%47%58%79%51%7C%44%58%79%51%7C%43%20%47%20%5A%20==%30=%30
a8f6a959-6921-472f-9f0e-c80daffe953c,"irealb://%43%75%61%6E%20%47%72%61%6E%64%65%20%45%73%20%44%49%4F%53=%45%73%70%65%72%61%6E%7A%61%20%44%65%20%56%69%64%61==%42%61%6C%6C%61%64%20%45%76%65%6E=%46=%30=%31%72%33%34%4C%62%4B%63%75%37%46%7C%51%79%58%34%46,%2A%41%43%7C%51%79%58%62%42%7C%51%79%58%2D%44%7C%79%51%58%2D%44%7C%51%79%58%46%5A%4C%20%42%2A%20%58%79%51%7D%46%34%54%69%2A%7B%6E%61%72%47%20%79%51%58%79%51%20%51%79%58%51%79%58%51%79%58%51%79%58%51%58%79%51%79%58%3C%20%51%79%58%51%79%58%51%79%58%20%43%75%61%6E%58%5A%51%79%58,%46%7C%51%79%20%45%6C%3E%58%51%79%58,%46%7C%51%79%58,%43%34%34%54%20%7B%51%79%58%51%79%58%51%79%58%51%79%58%51%79%7C%42%62,%58%73%45%20%65%64%4C,%51,%20%3C%2A%36%39%52%79%58,%37%2D%47%7C%51%79%58,%2D%44%3E%64%61%6F%63%20%61%72%61%70%20%72%69%74%65%70%65%51%7C%43,%20%7B%7C%51%79%58%5A%46,%58%79%51%7D%7B%51%44%62,%20%45%62%4C%5A%46%58%79%51%7D%20=%50%6F%70%2D%53%6C%6F%77%20%52%6F%63%6B=%37%30=%33"
a8d5eb47-3a10-4d83-aa7e-7846d7a11ceb,irealb://%43%75%74%69%65=%52%6F%6C%6C%69%6E%73%20%53%6F%6E%6E%79==%4D%65%64%69%75%6D%20%53%77%69%6E%67=%47%2D==%31%72%33%34%4C%62%4B%63%75%37%6D%2A%43%5A%4C%6D%37%2A%20%46%42%2F%37%6F%43%5A%4C%37%46%20%2A%37%6D%2A%5A%43%4C%36%62%42%20%62%42%2F%37%6F%43%5A%4C%37%62%20%42%62%36%2A%43%41%2A%7B%20%2A%37%6D%2A%4C%5A%44%2A%6D%2A%36%6D%2A%47%20%2A%37%6D%2A%47%31%4E%5A%37%4C%46%20%2A%37%6D%2A%43%5A%4C%37%47%20%2A%37%20%7D%4E%32%47%37%46%20%2A%37%43%5A%4C%37%41%20%5D%58%79%51%45%7C%51%79%58%36%62%42%5A%4C%37%46%20%2A%6D%37%2A%43%42%2A%5B%51%79%58%51%79%58%51%79%58%2A%6D%37%2A%20%2A%36%6D%2A%47%62%42%2F%37%6F%46%37%20%5D%5B%20%2A%37%6D%2A%43%5A%4C%36%62%42%20%62%42%37%2F%6F%43%5A%4C%37%46%20%2A%37%6D%2A%43%43%2A%46%37%4C%5A%43%20%2A%37%6D%2A%37%6D%2A%43%5A%5A%43%2A%6D%37%37%6D%2A%47%5A%4C%37%46%20%2A%37%6D%2A%43%4C%5A%37%47%20%2A%37%6D%2A%44%5A%4C%37%46%20%2A%2A%20%43%37%4C%4C%36%62%42%20%2A%20%46%37%3C%46%69%6E%65%3E%4C%5A%20%6E%20%20%5A%20==%31%34%34=%30
a89c9097-9912-4106-b325-2b5c1f122e74,"irealb://%44%4F%4D%37%20%5F%54%6F%74%61%6C%20%53%65%71%75%65%6E%63%65%20%41=%45%78%65%72%63%69%73%65==%4D%65%64%69%75%6D%20%53%77%69%6E%67=%43==%31%72%33%34%4C%62%4B%63%75%37%62%41%5A%4C%37%2A%36%39%6D%32%46%5A%4C%37%46%5A%4C%37%45%5A%4C%37%62%45%4C%5A%37%44%5A%4C%37%62%44%5A%4C%37%43%3E%70%75%23%37%4C%5A%47%3C%34%34%54%7B%41%5A%4C%37%41%4C%5A%42%62%37%5A%4C%37%42%5A%4C%37%43%3E%6E%77%6F%64%32%39%6D%36%2A%3C%7B%7D%20%3E%20%3C,%37%42%5A%4C%42%62%37%4C%5A%37%41%5A%4C%37%5A%4C%37%43%3E%37%4C%5A%47%62%36%2A%3C%7B%59%7D%20%37%62%44%5A%4C%37%44%4C%5A%37%62%45%5A%4C%37%45%5A%4C%37%46%5A%4C%37%39%4D%32%75%70%47%5A%4C%37%62%4C%37%47%5A%4C%37%4C%5A%46%23%62%45%5A%4C%37%62%44%3E%70%75%32%4D%39%36%3C%2A%7B%7D%20%37%62%42%5A%4C%37%62%41%5A%4C%37%37%4C%5A%46%37%45%5A%4C%37%44%3C%7B%7D%20%37%42%37%20%7D%7B%5A%4C%37%62%47%5A%4C%37%62%41%5A%4C%37%62%5A%42%4C%37%43%3E%6E%77%6F%64%32%4D%39%36%2A%3C%45%37%4C%5A%44%5A%4C%37%41%5A%4C%37%43%3E%70%64%6F%77%6E%3E%2A%3C%7B%59%7D%20%37%62%44%5A%4C%37%62%45%4C%5A%37%46%5A%4C%37%47%5A%4C%37%41%5A%4C%37%42%36%39%6D%33%75%32%4D%32%37%2A%33%6D%32%37%2A%5A%46%23%37%4C%62%42%5A%4C%37%47%5A%4C%37%45%5A%4C%37%62%3E%44%70%75%33%6D%39%36%2A%3C%7B%7D%20%37%41%5A%37%20%7D%7B%3C%4C%37%62%45%5A%7D%20%37%62%45%4C%5A%46%37%4C%5A%4C%37%41%5A%4C%37%43%3E%6E%77%6F%64%33%39%6D%36%2A%3C%7B%7D%20%37%42%5A%4C%37%62%41%5A%46%23%37%4C%5A%37%44%3E%70%75%5A%4C%37%47%5A%6D%33%64%6F%77%6E%77%6F%64%33%6D%39%36%2A%3C%7B%7D%20%37%5A%44%4C%37%46%5A%4C%37%62%41%5A%4C%37%42%3E%6E%3E%42%62%37%4C%39%36%2A%3C%7B%45%37%4C%5A%44%62%37%20%7D%20=%4A%61%7A%7A%2D%4D%65%64%69%75%6D%20%53%77%69%6E%67=%31%30%30=%33"
a854fd30-b076-4e0d-9832-b46438fbc85e,irealb://%52%69%76%65%72%20%42%6F%74%74%6F%6D%20%42%6C%75%65%73%20%2D%20%46%6C%69%6E%6E%65%72=%43%68%61%74%6D%6F%6E%20%53%61%6D==%4D%65%64%69%75%6D%20%53%77%69%6E%67=%43==%31%72%33%34%4C%62%4B%63%75%37%58%37%44%7C%51%58%79%51%4B%63%51%79%58%43%5A%4C%20%6C%63%4B%51%79%58%37%7C%46%51%79%58%37%43%5A%4C%20%78%20%5A%4C%20%6C%7C%41%37%58%79%43%34%34%54%5B%79%51%7C%47%37%58%79%51%7C%43%58%79%51%4B%63%6C%20%20%5A%20==%30=%30
a887f80c-cbf5-4164-a36e-ee4b63f0b965,irealb://%45%6E%20%45%6C%20%4D%6F%6E%74%65%20%43%61%6C%76%61%72%69%6F=%43%69%65%6C%6F%20%54%65%72%63%65%72==%4D%65%64%69%75%6D%20%57%61%6C%74%7A=%45==%31%72%33%34%4C%62%4B%63%75%37%79%58%41%7C%51%38%3C%2A%36%36%79%58%45%3E%20%2E%2E%2E%6F%69%72%61%76%6C%63%61%20%65%74%6E%6F%6D%20%6C%65%20%6E%45%20%20%51%7C%45%58%79%36%54%41%2A%7B%65%69%73%20%6F%51%7C%42%58%79%51%79%58%39%36%2A%3C%42%2A%7B%7D%51%79%58%5A%45%4C%73%75%73%45%20%45%7C%51%79%58%41%7C%51%4F%68%68%20%79%79%58%41%7C%51%73%45%20%45%7C%61%6D%61%72%C3%A9%51%79%58%41%7C%51%79%58%37%45%7C%51%79%58%7C%45%51%79%58%42%7C%51%79%58%42%3E%20%2E%2E%2E%7C%42%58%79%51%20%65%72%70%6D%37%45%20%45%5A%58%79%51%7C%45%7C%51%79%58%42%7C%51%79%58%45%7C%51%79%58%41%2D%7C%51%79%58%41%7C%51%79%58%45%7C%51%79%58%51%45%20%41%4C%45%5A%4C%73%75%7C%51%79%58%23%23%2D%58%79%51%72%61%64%20%65%6D%20%73%C3%BA%73%65%4A%20%61%6F%6E%72%6F%63%20%69%4D%39%36%2A%3C%20%20%46%7C%C3%A1%3E%4C%5A%46%43%51%7B%7D%20%42%58%79%51%7D%7C%41%58%79%51%7C%41%2D%58%79%51%7C%45%58%79%51%5A%20=%4A%61%7A%7A%2D%4D%65%64%69%75%6D%20%53%77%69%6E%67=%31%30%30=%33
a846fbc4-1247-4697-b258-8dda89a73321,"irealb://%50%72%6F%73%74%61%20%50%69%6F%73%65%6E%6B%61=%50%6F%6C%75%7A%6A%61%6E%63%69==%53%6F%75%6C=%45%2D==%31%72%33%34%4C%62%4B%63%75%37%37%2D%42%20%37%34%45%2D%37%20%43%20%37%2D%41%5A%4C%37%2D%42%20%37%2D%45%7C%6C,%44,%43%73%20%37%2D%41%5A%4C%37%2D%42%4C%5A%7C%45%2D%34%54%69%2A%5B%4B%51%79%58%37%58%79%51%7C%43%6C%63%4B%51%79%58%37%2D%45%6C%53%41%2A%7B,%5D%44%2F%57,%42%2F%57%73%20%44%7C%51%79%58%20%4C%5A%41%2D%37%2D%41%5A%4C%4C%43%20%37%2D%36%33%34%78%3E%42%20%37%2D%45%6C%7C,%44,%43%73%20%37%41%2D%5A%4C%37%2D%42%20%37%2D%45%42%2A%7B%7D%20%2D%37%4C%5A%41%2A%3C%20%6C%63%79%58%37%2D%41%20%42%2D%37%4C%20%37%2D%45%6C%7C%7D%20%51,%23%44%2F%37%20%42%44%7C%51%79%58%43%7C%51%79%58%37%2D%41%5A%42%2D%37%4C%5A%37%2D%45%7C%5A,%43%73%20%37%51%7C%3C%44%2E%2D%42%20%37%2D%45%51%42%2A%5B%5D%20%23%44%37%2F%42%20%44%3E%61%64%6F%43%20%6C%61%20%2E%53%37%4C%5A%41%2D%79%58%43%7C%51,%23%44%2F%37%2D%37%20%42%2D%79%58%43%7C%51%79%58%37%2D%41%5A%4C%37%2D%20%42%37%2D%45%7C%5A%4C%43%20%37%2D%41%5A%4C%37%51%7C%44%20%42%45%6C%7C,%44%4C%5A%7C%6C%45%2D%37%20%42%2D%37%4C%5A%41%2D%37%58%79%51%7C%43%58%79%51%7C%44%20%66%42%37%2F%44%23%20%5D%20=%50%6F%70%2D%52%6E%42=%39%38=%31"
a8c8ce2e-a770-4d8f-bb93-5b410396dfab,irealb://%54%68%65%73%65%20%48%69%6C%6C%73%20%2D%20%46%6C%69%6E%6E%65%72=%44%65%6D%65%6E%74%20%49%72%69%73==%50%6F%70%20%2D%20%43%6F%75%6E%74%72%79=%45==%31%72%33%34%4C%62%4B%63%75%37%58%45%5A%4C%20%54%34%34%45%58%58%45%7C%51%79%58%42%7C%51%79%58%45%5A%4C%6C%20%63%4B%51%79%58%45%7C%51%79%58%41%7C%51%79%79%51%4B%63%6C%2C%41%2A%2C%5B%6C%63%4B%51%79%79%51%7C%45%58%2C%5B%5D%20%20%6C%63%4B%51%79%58%45%7C%51%58%79%42%7C%51%79%58%45%5A%4C%20%6C%63%4B%51%79%2A%42%2C%41%58%58%41%7C%51%79%78%20%5A%4C%20%20%4C%5A%20%78%6C%63%4B%51%79%58%41%5A%4C%20%78%20%5A%4C%78%20%20%5A%4C%20%6C%63%4B%51%79%58%45%5A%4C%20%20%4C%5A%20%78%78%20%5A%4C%20%20%4C%5A%45%58%79%51%7C%42%58%79%51%7C%45%58%79%51%4B%63%6C%20%20%5A%20==%30=%30
a83c95b4-01e4-4295-906d-de3a9d8def84,irealb://%48%69%73%20%45%79%65%20%49%73%20%4F%6E%20%54%68%65%20%53%70%61%72%72%6F%77%2D%20%54%72%61%64=%4C%79%72%69%63%73%20%43%69%76%69%6C%6C%61%20%44%2E%20%4D%61%72%74%69%6E%20%2F%20%63%6F%6D%70%6F%73%65%72%20%43%68%61%72%6C%65%73%20%48%2E%20%47%61%62%72%69%65%6C==%47%6F%73%70%65%6C%20%42%61%6C%6C%61%64=%43==%31%72%33%34%4C%62%4B%63%75%37%4C%20%6C%63%4B%34%43%20%43%2C%2A%7B%5A%4C%47%2F%43%20%43%5A%4C%37%47%20%5A%43%4C%36%2D%46%20%46%6C%7C%2C%35%23%37%43%73%76%43%58%79%51%34%54%69%2A%5B%4C%37%47%20%20%7C%43%20%45%2D%5A%4C%43%20%36%43%7C%51%79%58%37%47%5A%4C%2D%36%46%20%37%2D%44%5A%4C%37%41%20%2D%47%5A%4C%43%58%79%51%7C%51%79%58%46%5A%20%43%5A%4C%37%5E%37%2C%43%37%37%47%20%37%2D%44%7C%51%79%58%43%7C%51%79%47%58%6C%5A%4C%2D%44%2C%37%41%73%2C%46%6C%5A%4C%4C%5A%43%20%47%43%73%2C%43%5A%43%5A%4C%37%47%37%23%35%2C%7C%58%43%5A%4C%37%47%20%47%5A%4C%43%2C%46%2C%5A%43%4C%37%47%20%43%5A%4C%36%2D%46%6C%20%46%6C%79%51%7C%47%20%43%2C%37%43%73%58%79%51%7C%43%20%43%37%4C%5A%46%20%46%2D%36%4C%5A%43%20%47%37%4C%5A%43%36%58%79%51%7D%43%36%58%79%51%5A%20=%50%6F%70%2D%43%6F%75%6E%74%72%79=%39%30=%31
a8a50351-1b30-48f8-83e1-8fbb7efe689b,irealb://%49%20%43%61%6E%27%74%20%42%65%67%69%6E%20%54%6F%20%54%65%6C%6C%20%59%6F%75=%4A%61%6D%65%73%20%56%20%4D%6F%6E%61%63%6F==%4D%65%64%69%75%6D%20%53%77%69%6E%67=%43==%31%72%33%34%4C%62%4B%63%75%37%4C%6F%45%20%43%34%43%58%79%51%47%20%37%2D%44%7C%51%79%58%37%47%5A%4C%20%63%6C%4B%51%79%58%37%2D%44%5A%4C%6F%45%70%70%7C%37%4C%5A%4E%31%34%54%41%2A%7B%4B%51%79%58%37%47%37%20%7D%58%63%4B%51%79%58%37%45%42%2A%5B%5D%51%79%58%5A%43%4C%46%20%43%32%4E%5A%4C%20%51%79%58%51%79%6C%20%4C%5A%41%20%37%2D%44%5A%58%37%2D%44%5A%44%37%58%79%51%2C%70%7C%51%79%58%43%41%2A%5B%5D%20%37%47%37%20%2D%44%5A%4C%37%47%20%46%5A%4C%20%6C%63%4B%70%2C%45%6F%4C%5A%4C%20%6C%63%79%51%4B%63%6C%20%4C%5A%47%37%58%79%51%7C%44%2D%37%20%47%37%4C%5A%43%20%41%2D%4C%5A%44%2D%20%47%37%20%5A%20==%30=%30
a883268c-ab65-43fb-991f-d120dd24e95e,irealb://%49%27%6C%6C%20%53%65%65%20%59%6F%75%20%49%6E%20%43%2D%55%2D%42%2D%41=%42%65%72%6C%69%6E%20%49%72%76%69%6E%67==%4D%65%64%69%75%6D%20%53%77%69%6E%67=%43=%38=%31%72%33%34%4C%62%4B%63%75%37%7C%51%79%58%46%34%41%2D%58%79%7C%2C%2D%41%2C%68%42%73%20%70%7C%51%79%58%41%2D%6C%7C%2C%68%42%2C%41%2F%47%73%20%70%7C%51%6C%44%2D%36%2F%34%54%76%2A%7B%2D%41%6C%7C%2C%7C%41%20%41%23%47%73%20%70%7C%51%79%58%2D%41%6C%7C%2C%37%2C%45%23%46%2F%2D%42%73%20%42%2F%37%45%5A%4C%6F%2F%41%2C%42%68%51%79%58%37%45%4C%39%47%20%37%20%73%42%68%2C%20%20%6E%20%7C%51%79%58%43%5A%4C%37%47%20%44%68%7C%51%79%58%46%2F%36%2D%44%6C%7C%2C%2D%41%5D%5B%2A%41%47%70%7C%51%79%58%58%37%45%5A%4C%4C%5A%70%20%47%79%58%43%6C%7C%2C%44%2F%37%47%2C%6F%62%45%20%73%70%7C%51%79%58%43%5A%4C%20%78%20%5A%4C%39%51%4B%63%6C%20%20%37%47%70%5A%46%20%47%7C%51%20%4C%5A%41%2D%4C%43%2F%2D%41%20%2D%41%6C%7C%2C%23%47%2F%45%37%2C%2D%41%2C%42%2F%37%45%73%70%7C%51%79%58%5A%44%37%58%79%6C%63%4B%51%79%2C%37%43%73%70%2D%2F%47%20%47%5A%4C%20%78%20%5A%4C%39%47%20%70%5A%4C%20%47%37%70%5A%4C%39%47%20%37%47%42%2A%5B%5D%20%37%43%58%79%51%7C%45%5A%4C%47%2F%43%20%47%2F%43%2C%7C%6C%46%58%6F%23%46%5A%4C%46%2F%37%2D%44%20%2D%44%6C%2C%7C%45%2F%37%41%2C%46%2C%6F%46%73%70%7C%51%79%37%58%79%51%7C%37%43%2C%6F%43%20%6E%2C%37%2D%23%6F%37%20%41%62%45%20%43%31%4E%5A%4C%37%47%20%44%2F%39%6C%47%7C%2C%6F%23%43%73%20%20%37%2D%44%5A%4C%37%6F%37%4C%5A%44%43%5A%4C%45%2F%20%7D%7C%4E%32%43%20%44%2D%2F%43%4C%5A%43%20%20%5A%20==%31%34%35=%30
a89d8eeb-b6e7-4f22-9051-2c14f43362f6,irealb://%49%6E%20%54%68%65%20%47%72%61%76%65%20%59%61%72%64%20%2D%20%46%6C%69%6E%6E%65%72=%54%72%61%64%69%74%69%6F%6E%61%6C==%50%6F%70%20%2D%20%42%6C%75%65%67%72%61%73%73=%41==%31%72%33%34%4C%62%4B%63%75%37%63%4B%51%79%58%58%79%51%4B%63%63%4B%51%79%58%41%7C%51%79%58%45%7C%51%79%41%58%7C%51%79%58%41%7C%51%79%58%44%5A%4C%20%6C%6C%20%4C%5A%41%41%34%34%54%5B%6C%20%4C%5A%44%58%79%51%7C%41%58%79%51%7C%41%58%79%51%7C%45%58%79%51%7C%41%58%79%51%4B%63%6C%20%20%5A%20==%30=%30
a8b331c6-15d3-4f1d-96ef-bc672b382a77,irealb://%49%74%27%73%20%42%65%67%69%6E%6E%69%6E%67%20%54%6F%20%4C%6F%6F%6B%20%41%20%4C%6F%74%20%4C%69%6B%65%20%43%68%72%69%73%74%6D%61%73=%57%69%6C%6C%73%6F%6E%20%4D%65%72%65%64%69%74%68==%42%61%6C%6C%61%64=%45%62==%31%72%33%34%4C%62%4B%63%75%37%62%42%20%37%2D%34%45%62%5E%37%37%43%20%37%5E%62%41%5A%4C%35%23%37%47%20%62%36%45%5A%4C%20%36%62%45%20%5A%4C%37%62%41%20%23%35%4C%5A%46%34%54%41%2A%7B%2D%62%45%51%79%5E%37%20%43%2D%5B%7D%20%37%62%42%20%37%2D%46%6C%7C%2C%37%2C%46%37%2D%43%2C%6F%42%2C%5E%62%42%73%5A%4C%37%2A%42%47%37%58%62%45%5A%4C%37%4C%37%46%20%37%37%20%47%37%20%79%58%62%42%20%37%46%20%37%62%42%7C%51%79%37%58%46%51%79%58%37%62%42%7C%51%79%58%37%5E%43%51%7C%7C%42%62%43%7C%51%79%58%35%23%37%47%20%20%42%62%2C%42%20%2C%36%62%45%20%5A%4C%37%62%41%20%37%5E%45%62%41%2A%5B%20%20%51%79%58%51%79%58%7C%37%62%4C%5A%45%62%36%2C%37%5E%46%5A%5A%4C%73%2C%37%37%20%43%37%23%46%5A%4C%2C%35%23%37%43%6C%2C%37%62%44%2C%62%5E%45%73%5A%4C%37%62%41%20%37%2D%46%5A%4C%35%2D%37%20%42%62%5E%62%41%5A%4C%20%6C%45%62%36%2C%20%20%5D%7C%51%20%46%37%20%4C%5A%20%42%62%37%20%4C%5A%20%78%20%4C%5A%73%42%62%37%2C%45%6F%2C%6C%42%62%37%2C%20%5A%20==%38%30=%33
a8549b74-3499-4982-96f2-a7c4cf4e7f4c,irealb://%4B%72%79%70%74%6F%6E%69%74%65=%33%20%44%6F%6F%72%73%20%44%6F%77%6E==%4D%65%64%69%75%6D%20%52%6F%63%6B=%45%2D==%31%72%33%34%4C%62%4B%63%75%37%47%32%4E%7C%51%34%42%2D%58%79%51%79%58%51%79%58%7D%20%32%41%20%35%47%31%7C%4E%51%79%58%2D%42%5A%4C%32%41%20%35%47%7C%51%58%79%51%58%79%34%54%41%2A%7B%42%3E%73%65%73%5D%7B%2A%41%42%65%65%77%74%65%62%20%78%31%20%74%61%65%70%52%65%3C%5A%4C%2C%32%41%20%35%47%7C%51%79%58%2D%6E%20%76%65%72%20%32%41%20%35%51%79%58%2D%42%47%35%20%41%32%2D%23%46%20%2D%45%7C%51%79%58%2D%42%5A%4C%41%32%20%35%47%7C%51%79%58%2D%42%42%2A%7B%7D%20%20%7D%7B%2A%43%7C%51%79%58%2D%7C%41%32%20%47%35%4C%5A%42%2D%58%79%51%7C%41%32%20%47%35%20%7D%20=%50%6F%70%2D%52%6F%63%6B=%31%30%35=%30
a8e0533f-a9c1-4d5c-9f96-f7aa042c8446,irealb://%4D%65%6C%6F%64%69%63%20%4D%69%6E%6F%72%20%20%4D%6F%64%65%73%20%69%6E%20%43%69%72%63%6C%65%20%6F%66%20%35%74%68%73%20%38%20%62%61%72%73=%4E%41==%53%6C%6F%77%20%42%6F%73%73%61=%47=%30=%31%72%33%34%4C%62%4B%63%75%37%7B%7D%20%51%79%58%79%51%4B%63%58%5A%4C%20%6C%63%4B%51%79%58%33%31%62%37%7B%47%7D%20%51%79%58%7C%72%51%79%58%5A%4C%20%6C%79%51%72%7C%58%37%5E%2D%47%7B%3E)%39(%38%75%73%20%3C%2A%62%37%2D%47%7B%7D%20%51%79%58%7C%72%51%79%5A%58%4C%20%78%20%5A%4C%20%3E)%33%31(%32%33%35%20%3C%2A%32%73%39%62%37%47%23%39%23%37%47%20%4C%5A%58%79%58%7C%72%51%79%58%5A%4C%20%6C%63%4B%51%79%35%58%23%37%5E%62%47%7B%7D%20%51%79%58%7C%72%51%79%51%20%7D%7B%78%20%5A%4C%20%35%58%79%51%4B%63%6C%20%4C%5A%58%79%51%72%7C%58%79%51%20%7D%7B%47%62%31%33%23%31%31%58%79%51%4B%63%6C%20%4C%5A%58%79%51%72%7C%58%79%51%20%7D%20=%4A%61%7A%7A%2D%45%76%65%6E%20%38%74%68%73=%38%30=%33
a82408b3-9224-4b17-803d-8dbbb3129500,irealb://%4D%6F%64%61%6C%20%2D%20%32%20%44%6F%72%69%61%6E%20%43%68%72%6F%6D%61%74%69%63=%46%75%73%73%65%6E%65%67%67%65%72%20%47%72%65%67%6F%72==%4D%65%64%69%75%6D%20%53%77%69%6E%67=%43==%31%72%33%34%4C%62%4B%63%75%37%72%20%5A%4C%39%2D%31%31%4C%5A%4C%31%31%2D%62%41%5A%4C%20%7C%72%20%5A%4C%7C%20%72%20%5A%4C%20%7C%72%20%5A%4C%39%36%2D%47%5A%41%62%2D%36%47%34%34%54%7B%31%2D%62%42%5A%72%7C%20%4C%5A%5A%4C%20%7C%72%20%5A%4C%20%7C%72%20%5A%4C%36%39%2D%41%5A%4C%31%31%2D%41%5A%4C%20%7C%72%20%20%72%7C%20%4C%20%5A%4C%20%7C%7C%72%20%5A%4C%2D%36%39%4C%5A%4C%39%36%2D%42%5A%4C%31%31%2D%42%7C%5A%4C%7C%20%72%20%5A%4C%20%7C%72%20%5A%4C%20%7C%72%20%5A%20%72%7C%20%62%42%5A%4C%31%36%2D%23%43%5A%7C%20%4C%5A%43%43%5A%4C%20%7C%72%20%5A%4C%20%7C%72%20%5A%20%4C%7C%72%20%5A%4C%39%36%2D%43%5A%4C%31%31%2D%23%2D%31%31%4C%72%20%5A%4C%20%4C%20%7C%72%20%7C%20%4C%5A%20%20%5A%4C%20%7C%72%20%5A%4C%39%36%2D%44%5A%31%4C%31%2D%44%5A%4C%20%7C%72%20%5A%4C%20%7C%72%72%7C%20%4C%5A%72%20%5A%4C%39%4C%20%7C%72%20%31%4C%5A%44%23%45%5A%4C%31%31%2D%45%5A%4C%20%7C%72%20%5A%20%4C%7C%72%20%5A%4C%20%7C%72%20%5A%4C%39%36%2D%2D%36%39%4C%5A%31%2D%23%44%5A%5A%4C%31%31%2D%4C%5A%20%72%7C%7C%72%20%5A%4C%20%7C%72%20%5A%4C%20%7C%72%5A%20%4C%39%36%2D%46%5A%4C%31%31%2D%46%5A%4C%20%20%4C%5A%46%23%20%7C%72%20%5A%46%23%2D%36%39%4C%5A%20%72%7C%20%4C%5A%20%72%7C%20%4C%5A%20%72%7C%20%20%7D%20=%4A%61%7A%7A%2D%47%79%70%73%79%20%4A%61%7A%7A=%31%38%30=%33
a8fba57f-aff6-4ed5-91ea-b26e1b20e5ab,"irealb://%4E%75%6E%63%61%20%76%61%73%20%61%20%63%6F%6D%70%72%65%6E%64%65%72=%50%61%79%C3%A9%73%20%52%69%74%61==%42%6F%73%73%61=%44%62==%31%72%33%34%4C%62%4B%63%75%37%44%7C%51%79%58%62%5E,%58%79%79%58%37%2D%62%45%7C%51%79%58%37%62%42%7C%79%51%58%37%2D%46%7C%51%79%58%37%2D%62%47%7C%51%51%7C%41%62%37%47%34%34%54%7B%79%58%37%2D%62%7C%42%62%37%58%35%23%37%62%42%7C%51%79%58%37%2D%46%7C%51%58%79%37%2D%62%47%7C%51%79%58%5E%62%47%7C%51%79%58%79%51%7C%45%51%79%58%36%62%79%58%37%62%42%41%62%37%4C%5A%2D%46%7C%51%79%58%39%62%42%7C%51%79%58%5E%47%62%7C%51%79%58%37%62%44%7C%51%79%58%5E%62%44%37%58%79%51%7C%20%37%41%7C%51%58%37%2D%46%7C%58%79%51%7C%41%62%47%7C%51%79%58%5E%62%47%7C%51%79%58%37%42%62%7C%51%79%58%36%62%44%5A%4C%37%62%41%20%37%2D%37%58%79%51%37%62%45%7C%51%79%51%7C%42%62%39%58%79%51%7C%45%62%2D%39%58%79%51%7C%41%37%20%41%62%37%4C%5A%55%44%62%5E%58%79%51%7C%44%62%5E%20%44%62%37%20%7D%20==%31%34%30=%32"
a8accf3a-7937-488d-bbf9-5676a72f6714,irealb://%4F%20%48%6F%6C%79%20%4E%69%67%68%74%20%32=%41%64%61%6D%20%41%64%6F%6C%70%68%65==%4A%61%7A%7A=%43=%37=%31%72%33%34%4C%62%4B%63%75%37%37%2D%44%73%5A%34%43%5E%37%4C%7C%2C%39%47%2C%5E%43%73%5A%4C%36%43%6C%7C%36%2C%46%2C%5E%46%7C%2C%37%43%2C%37%2D%47%73%5A%6C%41%2D%37%4C%36%54%41%2A%5B%6C%7C%2C%37%43%6C%43%36%4C%5A%4C%36%43%6C%7C%2C%36%46%2C%5E%46%7C%2C%37%2C%43%37%2D%47%73%5A%4C%37%5E%43%6C%5A%4C%36%43%5A%73%43%5E%2C%7C%2C%37%47%2C%36%43%5A%4C%37%73%46%23%2D%37%44%42%2A%5B%51%79%58%51%79%58%51%79%58%51%58%79%5D%20%78%5A%4C%37%2D%45%6C%7C%2C%37%42%2C%2D%37%4C%5A%47%5A%4C%37%2D%45%37%2D%41%5A%4C%44%2D%37%4C%5A%44%5A%4C%78%5A%4C%37%2D%45%5A%4C%78%5A%4C%2D%37%41%5A%4C%37%5E%43%5A%4C%36%43%5A%4C%37%47%2D%37%4C%5A%78%5A%4C%78%5A%4C%4C%46%2F%37%47%43%5E%37%4C%5A%37%47%5A%4C%37%2D%45%5A%4C%37%5E%46%5A%4C%2F%45%43%6C%7C%2C%46%2F%37%47%2C%73%75%73%47%73%73%75%73%4C%5A%5A%4C%78%5A%4C%5A%45%2D%37%4C%5A%46%5E%37%4C%5A%43%2F%47%4C%5A%47%37%4C%5A%43%61%64%64%39%4C%5A%78%20%5A%20=%4A%61%7A%7A%2D%4D%65%64%69%75%6D%20%53%77%69%6E%67=%31%31%30=%33
a8b1cb24-7869-4ae3-a88a-20f7162c7675,irealb://%50%23%32%20%49%70%61%6E%65%6D%61%20%28%47%61%72%6F%74%61%20%64%65%20%49%70%61%6E%65%6D%61%29%45%20%45%6C%69%61%73%20%56%65%72=%4A%6F%62%69%6D%20%41%72%72%2E%20%45%6C%69%61%73==%42%6F%73%73%61=%41==%31%72%33%34%4C%62%4B%63%75%37%5A%4C%39%62%45%34%46%23%5E%4C%39%2D%47%5A%4C%78%5A%4C%37%44%5A%4C%78%5A%39%4C%2D%23%46%5A%4C%78%5A%4C%37%42%5A%4C%78%5A%4C%5A%78%4C%5A%34%54%42%2A%5B%62%47%5A%4C%39%4C%5A%44%37%62%5A%4C%31%31%23%37%47%5A%4C%78%5A%4C%5E%46%2A%41%5B%5D%20%39%62%37%43%5A%4C%68%47%5A%4C%39%78%4C%5A%47%2D%68%41%5A%4C%78%5D%20%20%39%42%4C%5A%73%43%2D%2D%43%5A%4C%78%5A%4C%20%39%43%5A%4C%78%5A%20%4C%2C%5E%62%42%6C%41%2A%5B%5D%2C%37%46%2C%37%39%20%4C%5A%66%5E%46%5A%4C%37%37%46%5A%4C%78%62%5E%20%4C%5A%46%5A%4C%78%5A%4C%20%37%47%5A%4C%20%78%5A%20%4C%36%62%41%5A%4C%78%5A%4C%20%37%41%5A%4C%78%23%5E%20%4C%5A%42%43%2A%5B%59%58%46%2F%62%42%20%5B%42%62%5E%42%7C%51%79%58%5E%62%42%5A%4C%20%7C%72%20%4C%5A%20%7C%72%20%7C%51%79%58%37%42%7C%51%79%58%37%58%79%51%7C%20%78%5A%4C%20%79%51%20%5A%20=%4C%61%74%69%6E%2D%42%72%61%7A%69%6C%3A%20%42%6F%73%73%61%20%41%63%6F%75%73%74%69%63=%30=%30
a8912aa7-8c8e-4625-ac8f-f12401539fcc,irealb://%50%61%73%74%6F%72%69%6E%68%61%73%20%28%4C%69%6E%64%61%20%50%65%71%75%65%6E%61%29=%52%6F%73%61%20%4E%6F%65%6C==%42%6F%73%73%61=%44==%31%72%33%34%4C%62%4B%63%75%37%2D%44%41%2A%5B%34%47%2F%42%20%41%5A%4C%2D%44%5A%4C%39%62%37%41%20%37%45%4C%5A%37%42%20%41%2F%44%5A%4C%62%42%2F%36%2D%47%37%62%39%20%5D%34%54%69%2A%5B%44%7C%51%79%58%2D%20%44%37%2F%51%79%58%37%41%7C%51%79%58%68%45%7C%51%79%46%58%2F%37%2D%47%7C%51%79%58%2D%47%5A%4C%23%46%7C%44%2D%5E%37%44%7C%51%79%58%62%42%2F%68%45%36%4C%5A%47%2D%2F%37%45%7C%51%79%58%43%2F%37%2D%44%7C%51%58%79%2D%44%5A%4C%37%41%20%68%45%7C%51%79%58%37%42%58%79%51%7C%2D%44%20%37%2D%37%2D%45%6C%7C%44%36%39%58%79%44%2C%23%46%2F%44%73%20%44%7C%51%79%58%39%44%36%42%2A%5B%5D%20%33%31%41%20%39%36%44%7C%51%2D%36%2F%41%2C%5A%4C%37%41%20%79%58%37%2D%41%45%2D%37%20%41%46%2F%5E%44%5A%4C%37%2D%45%20%5E%44%7C%51%58%79%37%41%7C%51%79%58%37%2D%45%5A%4C%73%75%73%23%58%79%51%7C%5A%4C%37%41%20%41%5A%4C%2D%44%79%51%7C%47%5E%62%37%41%20%37%45%5A%4C%37%42%20%41%2F%44%4C%5A%62%42%2F%36%2D%47%20%42%2F%47%7C%51%79%58%39%2C%51%4C%5A%58%37%44%7C%51%37%62%39%20%5D%7C%51%44%2D%4C%5A%44%37%4C%5A%47%2F%42%20%47%2D%36%2F%42%62%4C%5A%44%2F%41%20%42%37%4C%5A%45%37%20%41%37%62%39%4C%5A%44%2D%58%79%51%5A%20==%30=%32
a8f1f9ca-68ef-4f8d-99cf-b1837d7e07c8,irealb://%50%75%72%70%6C%65%20%52%61%69%6E=%50%72%69%6E%63%65%20==%50%6F%70=%42%62==%31%72%33%34%4C%62%4B%63%75%37%58%62%45%7C%51%34%34%3C%2A%37%51%79%58%2C%37%2D%47%7C%51%79%58%2C%62%42%73%3E%6F%6C%6F%53%2F%20%6F%72%74%6E%49%20%20%30%7C%46%2C%58%79%54%69%2A%5B%59%62%42%7C%51%79%2A%41%3C%2A%37%79%58%2C%46%7C%51%79%58%2C%37%2D%47%7C%51%58%79%2C%62%42%3E%74%65%6C%70%75%6F%43%20%20%30%51%7C%45%62%58%5B%59%5D%51%79%5B%59%51%79%58%47%2D%37%2C%58%58%51%79%58%5D%51%79%58%6E%6C%34%32%54%7C%2C%6E%62%42%73%20%46%7C%51%79%58%2C%46%7C%51%79%79%51%58%79%51%7C%51%79%58%2C%79%58%2C%46%7C%3C%2A%37%32%20%2D%47%7C%51%79%58%2C%32%62%42%7C%51%79%58%7C%78%51%79%58%62%45%3E%6E%69%61%72%66%65%52%20%37%2C%58%79%51%34%34%54%42%2A%20%2D%20%6F%72%51%7C%78%58%79%79%58%51%79%58%51%79%58%51%79%58%5D%51%79%6E%58%73%34%32%54%7C%6E%2C%62%42%73%20%46%7C%51%51%3C%49%6E%74%79%58%78%7C%51%28%43%6F%75%70%6C%65%74%20%2D%20%52%65%66%72%61%69%6E%29%20%78%33%20%2D%20%53%6F%6C%6F%73%20%73%75%72%20%61%63%63%6F%72%64%73%20%69%6E%74%72%6F%3E%20==%30=%30
a83774c8-7abc-46a1-acfe-238e86fe66c5,irealb://%52%61%69%6E%79%20%44%61%79%73%20%41%6E%64%20%4D%6F%6E%64%61%79%73%20%28%54%68%65%20%43%61%72%70%65%6E%74%65%72%73%29=%50%61%75%6C%20%57%69%6C%6C%69%61%6D%73%2C%20%52%6F%67%65%72%20%4E%69%63%68%6F%6C%73==%50%6F%70=%45%62==%31%72%33%34%4C%62%4B%63%75%37%62%41%6C%7C%2C%34%73%43%2D%2C%2C%5E%62%45%2C%73%75%73%39%62%42%2C%37%2D%7C%46%2C%47%2F%57%2C%37%5E%62%41%2C%62%42%2F%57%42%62%36%2F%44%34%54%69%2A%5B%5E%62%45%20%2C%39%73%75%73%4C%7B%5D%2C%62%42%2F%62%41%2C%62%42%2F%62%45%2C%7C%62%42%2F%62%41%2C%62%42%2F%5E%62%45%73%5A%2A%41%6C%45%62%62%42%20%37%5E%2C%37%5E%62%41%47%68%37%2F%44%2C%37%2D%43%73%5A%4C%37%2D%47%20%37%5E%62%5A%41%4C%37%2D%47%20%39%2D%46%5A%4C%37%43%20%62%57%2F%42%62%2C%5A%4C%44%2F%37%41%2C%62%42%2F%46%2D%37%2C%42%5A%4C%73%75%73%37%62%42%20%2C%37%2D%46%6C%2C%7C%37%2D%47%2C%47%2F%62%45%2C%73%75%73%39%62%4E%31%73%45%62%7C%2C%47%2F%57%42%2F%37%47%2C%7C%78%20%7D%58%62%42%2F%62%45%5A%4C%62%42%2F%62%41%20%2C%42%62%2F%62%45%6C%32%4E%5A%4C%20%51%79%58%51%79%20%73%42%62%37%2C%62%42%2F%62%46%5A%4C%62%41%6C%43%2D%37%2C%7C%2C%62%42%2F%57%2C%37%5E%62%45%2C%73%75%39%73%62%42%2C%37%2D%46%73%5A%4C%37%5E%62%41%20%6C%47%2D%2C%20%42%2A%5B%5D%2C%5A%4C%62%41%20%37%4C%5A%6C%43%2C%47%2F%62%45%2C%2D%47%2C%73%75%73%39%62%2C%42%37%2D%46%73%5A%4C%37%5E%62%41%20%2C%37%2D%7C%6C%47%2D%2C%62%42%20%37%2D%62%42%2F%62%45%42%62%37%2C%7C%62%41%20%2C%62%42%2F%62%45%6C%33%4E%5A%4C%51%20%79%58%51%79%58%7D%2C%37%62%42%2C%39%2D%46%2F%42%62%4C%5A%2C%37%2D%46%73%73%39%62%42%2C%2C%47%37%2F%42%4C%37%5E%62%41%20%2C%37%2D%43%6C%3E%6F%6C%73%6F%20%78%61%73%20%36%36%2A%3C%43%2A%5B%5D%2C%5A%73%46%2D%37%37%62%42%73%20%5E%62%41%20%2C%62%2C%4C%5A%47%2A%5B%5D%2C%42%2F%37%47%2C%73%75%73%37%62%73%42%20%37%2D%46%5A%4C%37%5E%62%41%20%2C%37%2D%42%6C%43%2D%37%45%6C%2C%73%75%20%2C%37%2D%47%2D%37%2C%42%62%42%2C%37%2D%46%7C%2C%37%5E%62%41%2C%37%2D%7C%47%2C%37%2D%47%2C%47%2F%62%45%2C%73%75%73%39%62%37%2C%7C%6C%46%73%5A%4C%37%20%37%5E%62%42%73%2C%43%37%2C%20%39%2D%47%5A%4C%37%44%20%62%45%2F%37%68%5A%41%4C%45%2F%37%5E%46%20%2C%46%6C%41%2A%5B%5D%41%2D%37%4C%5A%75%73%37%43%73%43%20%2C%37%2D%6C%44%2D%2C%73%2D%41%2C%41%2F%46%2C%73%75%73%39%43%2C%39%47%2D%7C%2C%41%2F%57%2C%62%42%2F%57%2C%43%2F%57%37%2C%7C%6C%47%5A%4C%37%2D%41%73%39%43%2C%39%5A%6C%46%5E%37%62%42%2F%57%2C%44%2F%57%73%2C%2D%44%6C%7C%23%2C%43%2F%37%41%2C%43%2F%62%42%73%20%2C%43%2F%2C%4C%5A%47%2D%4C%73%75%73%39%62%42%20%2C%43%41%2C%41%2D%37%4C%6E%66%20%73%75%73%39%43%6C%7C%2C%37%2D%2C%41%37%2D%47%2C%41%2F%57%2C%37%5E%62%42%7C%2C%5A%46%5E%37%2F%2F%46%2C%73%75%36%39%2F%43%2C%4C%5A%20%78%20%4C%5A%20%78%3C%72%20%20%69%20%20%74%3E%20%4C%5A%66%54%32%34%46%36%39%2C%4C%5A%66%57%5E%37%2C%55%20%5A=%50%6F%70%2D%53%6C%6F%77%20%52%6F%63%6B=%37%32=%31
a89293f0-da5c-479a-a572-ff9d926693ba,irealb://%53%6F%6D%65%74%68%69%6E%67%27%73%20%55%70=%52%61%6E%65%79%20%44%6F%75%67==%4D%65%64%69%75%6D%20%53%77%69%6E%67=%46%2D==%31%72%33%34%4C%62%4B%63%75%37%41%20%2C%37%2D%46%2D%36%58%79%58%35%23%39%23%37%46%5A%4C%51%79%58%7C%51%58%79%36%2D%46%5A%4C%39%62%37%43%20%68%47%7C%51%79%51%7C%42%62%7B%20%34%34%54%4C%37%62%44%20%47%2D%37%20%43%4C%35%23%37%62%41%20%39%2D%62%45%5A%4C%39%45%2D%20%39%2D%46%5A%4C%51%79%58%5A%4C%39%62%37%5A%41%62%2D%37%5A%4C%39%2D%62%5A%58%79%51%4C%5A%47%2D%37%20%43%37%62%39%4C%5A%46%2D%36%20%44%37%23%39%23%35%2C%4C%5A%47%37%23%39%23%35%20%43%37%23%39%23%35%20%7D%20=%4A%61%7A%7A%2D%4D%65%64%69%75%6D%20%53%77%69%6E%67=%31%33%35=%36
a80cafd4-ac52-4d8e-9dba-698d7ce7793f,irealb://%53%74%75%64%79%20%23%33%33=%4C%65%61%76%69%74%74%20%57%69%6C%6C%69%61%6D==%4D%65%64%69%75%6D%20%53%77%69%6E%67=%41==%31%72%33%34%4C%62%4B%63%75%37%42%31%4E%7C%2C%5E%37%20%4C%5A%2C%70%2C%37%68%23%43%73%5A%4C%5A%4C%20%44%4C%5A%20%37%41%5A%4C%20%37%45%5A%4C%20%37%2D%42%46%23%37%62%39%41%34%33%54%7B%37%5E%44%5B%20%45%31%33%62%39%6C%7C%2C%39%62%37%45%2C%70%2C%37%2D%42%32%7C%4E%7D%2C%37%45%2C%6F%62%42%2C%39%36%41%7C%2C%41%36%20%4C%5A%2C%70%2C%37%2D%37%2D%23%46%7C%6F%20%4C%5A%41%70%2C%37%68%23%47%5A%4C%7C%41%2F%37%2D%42%70%2C%2C%37%2D%42%73%5A%4C%20%6F%62%42%5A%4C%20%2C%43%23%37%2C%62%45%5A%4C%20%4C%20%44%5A%4C%73%2C%46%39%2C%20%37%45%5A%4C%5A%4C%20%37%2D%42%5A%4C%20%5E%37%41%6C%5B%2C%39%62%37%45%2C%70%2C%39%45%7C%4C%5A%41%37%20%75%73%39%42%2C%5A%73%43%23%68%37%2C%70%2C%46%23%37%62%39%2C%7C%42%2D%37%2C%70%2C%45%37%62%39%7C%4C%5A%6C%41%36%2C%20%20%5A%20==%30=%30
a82d567a-b9fc-4431-ad14-a4c4e72e0b09,irealb://%55%6E%74%69%6C%20%49%20%46%6F%75%6E%64%20%59%6F%75=%53%61%6E%63%68%65%7A%20%53%74%65%70%68%65%6E==%4D%65%64%69%75%6D%20%53%68%75%66%66%6C%65=%42%62==%31%72%33%34%4C%62%4B%63%75%37%2D%44%7C%51%79%32%42%62%20%44%54%76%2A%7B%59%5A%4C%20%51%79%58%2D%62%45%36%38%54%5A%4C%2D%62%45%20%20%62%45%5A%4C%20%2D%31%32%42%62%58%31%54%69%2A%5B%51%79%58%37%46%45%62%2D%7C%58%42%6C%7C%2C%2D%62%45%2C%62%45%73%20%2D%44%51%7C%79%58%62%42%6C%5A%4C%51%79%58%7C%72%51%79%62%58%79%51%7C%2C%62%45%73%20%51%79%58%62%45%45%62%20%46%4C%62%42%5A%4C%46%20%62%45%5A%4C%37%62%42%20%42%62%5A%4C%46%20%62%45%5A%4C%2D%44%20%62%42%5A%20%44%2D%4C%5A%43%2A%5B%59%5D%44%20%62%42%5A%79%51%7D%59%7C%43%2A%59%5D%51%79%58%2D%62%45%7C%51%79%58%45%62%7C%51%79%58%2D%44%7C%51%79%58%62%42%42%2A%45%62%20%46%4C%58%2D%62%45%7C%42%7C%51%79%58%20%46%4C%5A%42%74%69%52%3C%7C%51%79%58%62%45%5A%4C%2D%44%62%20%42%5A%4C%46%20%62%45%5A%4C%37%62%42%20%62%2E%3E%45%62%2D%62%45%5A%4C%2D%62%58%79%51%20%20%5A%20==%30=%30
a847fd37-4d6f-44c0-be1a-0fbc6df3c752,irealb://%56%6F%75%73%20%51%75%69%20%50%61%73%73%65%7A%20%53%61%6E%73%20%4D%65%20%56%6F%69%72=%54%72%65%6E%65%74%2D%48%65%73%73%2D%4D%69%73%72%61%6B%69==%4D%65%64%69%75%6D%20%53%77%69%6E%67=%47==%31%72%33%34%4C%62%4B%63%75%37%4C%37%47%20%39%36%39%20%45%2D%44%20%37%2D%41%6C%7C%2C%6F%62%42%2C%2D%42%20%73%39%36%47%5A%4C%39%44%20%37%2D%41%5A%4C%39%39%4C%5A%47%36%47%34%34%54%5B%2D%42%73%20%39%2D%36%4C%5A%47%44%20%37%2D%41%5A%4C%39%2D%45%20%39%36%47%5A%7C%4C%39%44%20%37%2D%41%5A%4C%6F%62%42%6C%20%39%4C%5A%47%36%43%20%36%43%5A%47%6C%2C%62%42%7C%6C%41%37%20%62%42%2C%37%44%73%20%39%36%47%5A%4C%36%2D%20%43%36%43%5A%4C%37%47%20%39%36%47%5A%4C%39%44%6F%2C%7C%47%2C%2C%6F%62%42%2C%4C%6F%62%42%20%39%58%79%51%7C%37%23%46%7C%51%79%58%2D%42%7C%51%79%58%6F%43%23%7C%51%79%58%39%36%43%7C%51%79%58%36%2D%43%58%79%51%7C%47%36%43%5A%4C%37%36%47%5A%4C%39%44%39%4C%5A%47%6C%7C%2C%6F%62%42%2C%2D%42%73%20%39%36%47%4C%5A%39%44%20%37%2D%41%5A%4C%37%2D%45%20%39%36%41%2D%37%20%44%20%36%2D%41%5A%39%20%47%37%4C%5A%43%36%20%43%2D%36%4C%5A%47%36%39%20%44%39%4C%5A%47%36%39%20%44%37%20%5A%20=%4A%61%7A%7A%2D%4D%65%64%69%75%6D%20%53%77%69%6E%67=%31%30%30=%33
a8f908c7-82bd-41a7-aafb-d8599d433906,irealb://%D0%92%D0%B5%D0%B7%D0%B8%20%D0%9C%D0%B5%D0%BD%D1%8F%20%D0%98%D0%B7%D0%B2%D0%BE%D0%B7%D1%87%D0%B8%D0%BA%3D%D0%90%D0%BB%D0%B5%D0%BA%D1%81%D0%B0%D0%BD%D0%B4%D1%80%20%D0%9D%D0%BE%D0%B2%D0%B8%D0%BA%D0%BE%D0%B2%3D%3DPop%3DBb-%3D%3D1r34LbKcu7%7CQyXb-XyQ%7C%23F%2CF%2CF%7CQyXF%7CQyFX%7CQyX-bB%7CQyX-bB%2CG%2C%7CAbBA*%7ByXF%7CQ%7CGbXy%7CQyX-bE1N%7CQyX-Eb%7CQyXbB%7CQyXbG%7CQBb-XyQyXbDX-bB%7CXyQ%7D%5BBB*%7CQyX7F%7CQyX-Eb%7CQyX7C%7CQyX7C2Nb-XyQ-bB%7CQbA%7CQy-XyQ%7CQyX7bB%7CQyX-bB%7CyQXF%7CQyXF%7CQyX-bE%7CEb-XbE%7CQyXyQ%7CDbXyQ%7CGbXyQ%7CChXyQ%7CChXyQ%7CF7XyQ%7CF7XyQZ%20%3DPop-Rock%3D175%3D5
a83886ac-815f-4d9c-8a96-d5e67237ca49,irealb://%D0%9A%D1%83%D0%BA%D1%83%D1%88%D0%BA%D0%B0%3D%D0%93%D0%B0%D0%B3%D0%B0%D1%80%D0%B8%D0%BD%D0%B0%3D%3DMedium%20Swing%3DEb-%3D%3D1r34LbKcu7ZL%20lc-XyQ%7C%23DA*%7B%7DQyX7-%23A%7CyQXsus9%23C%7CQyX%5E%23F-XyQK%23Di*%7BB%7CQyXKcl%20L%7D%20%20lcKQyX-%23D%7CQXy-%23G%7CQyXsus9%23CZ%7C*BC%23QyX%23FXyQ%7CD%23-XyQKcl%20%20Z%20%3D%3D0%3D0
a8b1630c-65e2-4b91-8e4f-39c59350a619,irealb://%E3%82%A6%E3%82%A4%E3%82%B9%E3%82%AD%E3%83%BC%E3%81%8C%E3%80%81%E3%81%8A%E5%A5%BD%E3%81%8D%E3%81%A7%E3%81%97%E3%82%87%3D%E6%9D%89%E7%9C%9F%E7%90%86%3D%3DMedium%20Swing%3DA-%3D%3D1r34LbKcu7%207%5ECZ4A-9X-DA*%5B%7CQyX7A%7CQy6X-A%7CQyXsus7A%7CQy7%20G7L4Ti*%5B*%7CQyXh%20E7LE%20h%23FZL7A%207%5ECZ7LG%207-DZL7A%207-AZ7LZA-BZL-ACZL%2BGyQ%7CD-X7-D%7CQyX7-AZL7%20E7%5ECZL%2BG%20G%7CQyX7yQ%7CG%20X7-AB7%5ECZLLZ%7B*AL7A%20-AZL7E%20hBZ7L-A%207%5ECZL7G%207-DZD-%20G7E%207%5EZL7E%20F%23h%20EyX7G%7CQyX7-D%7CQy7X-A1NZL7E%20-AZL7Q%7CC%5E7ZL7A%20A-7XyQ%7CD-7XyQ%7CG7XyQ%7CC%5E7XyQ%7D%20%3DJazz-Medium%20Swing%3D100%3D3
a87b615b-906d-4765-a197-697307b14d49,irealb://%E6%9C%88%E6%98%8E%E3%81%8B%E3%82%8A%E3%81%B5%E3%82%93%E3%82%8F%E3%82%8A%E8%90%BD%E3%81%A1%E3%81%A6%E3%81%8F%E3%82%8B%E5%A4%9C%3DComposer%20Unknown%3D%3DBossa%20Nova%3DBb%3D%3D1r34LbKcu7X-C%7CQT44G-%7CQyX6bB%7CQyX7F%7CyQX7-C%7CQyXnZLn%207G-7Xy%2CA*%2C%7BQyX7%5EXyQ%7CN%2C%5B%5DQyX%2BFQyXF%7CQXy6bB2N%7C%7DQyX7bB1*B%2CBb7F%7CQyyX7%5EbQ%7CG-7F%7CQyX6bB%7CQyX7FQ%7CyX7-C%7CQyXx%7CQyXXyQ%7CByX7D%7C7D%7CQyyQ%7CG-%7CQyX6bB%7CQyX7F%7CyQX7-C%7CQyXx%7CQyX7Bb%5E7XX7D%7CQ%3EC.D%3CXyQ%7CGX7F%7CQyX6-bE%7CQy7X%5EbE%7CQyXx%7CQyX7-yQXyQx%7CQyXC%7CQyXXyQ%7CxyXbB%7CQyXF%7CQyX-ZCLF%20bE%7CQyXx%7CQyXQ%7CG-77D%5B%5D%20-XyQ%7CFXyQ%7CBbXyQ%7CBb7XyQZ%20%3DJazz-Bossa%20Nova%3D78%3D3
a89a70cc-4b08-494b-9405-74a2fa8c3add,irealb://Clarinet%20Marmalade%3DNick%20LaRocca%2C%20Larry%20Shields%2C%20Henry%20W%20Ragas%20%281918%29%3D%3DMedium%20Swing%3DF%3D%3D1r34LbKcu7LFA*%7B*74InZLFZL7CZL7GZLxLZ7DZL7AZLF%3E%20ortC7%20%5DY%3C44T%5BLx1NZFLZF77DZLFZLxZLbBZLF7ZLFZL-bBZLbBZLLZG7LZLoFZC%3Eegdx%20%7DXyojaM47*%3C%5B%5D%20xZLZFL7C2NZLQyXQyXQr%20briZL7CZLxZL7ZxLZxZLF%3EsoloS%20%2047*B%3C*%5BY%20%20QyXQyX%7C%5D%20A7LZDLxZL77*%3C%5BYC7LZFFZL7CZL7GZLxZLD7ZL7AZLF%7CZL7CZLLZx%20%5DZL7GZZLxZLr%20briZLxZLxZLxZL-GZxLZLxZLxZL-D%3EegdC7LZxoniM4L7GZLyQXyQZL7AZLF%3EadoCQyQXyX47*%3C%2CQ%2C%5BYZL%20D7LZxX%7C%5D%20xZC7LZFLZC7%20%5D%20%3DJazz-Medium%20Swing%3D100%3D3
a8ab7af7-6ca7-4428-9e5c-b9e1d8e52f74,irealb://Make%20Me%20A%20Pallet%20On%20The%20Floor%20%28aka%20Atlanta%20Blues%29%3DWilliam%20Christopher%20Handy%2C%20Dave%20Elman%20%281923%29%3D%3DMedium%20Swing%3DBb%3D%3D1r34LbKcu7BZL%20lbXyQKbBZL%20lcKQyXbE%7CLZ%20lcKQyXbBZL%20lcXyQKcE44T%5BbXyQ%7CD7XyQ%7CEbXyQ%7CEoXyQ%7CBbXyQ%7CF7XyQ%7CBbXyQKcl%20%20%5D%20%3DJazz-Medium%20Swing%3D100%3D3
a84c0bb2-629c-4356-801c-44ea79ccbf66,irealb://Without%20You%20For%20An%20Inspiration%2C%20Dear%3DFreddie%20Fisher%20%28Schnickelfritz%29%201941%3D%3DMedium%20Swing%3DEb%3D%3D1r34LbKcu7bE1N%7CT44BbB%7CQyX7-F%7CQyX7CQ%7CyXbEZL%20lcKQyX7b7XyQ%2CA*%2C%7BXoA%7CQb%20Eo%20B*%2CZL7bE%20bEZLb%20AbE2NZL%20QyXQyX%7D%2CAbXyE%7CQyXyX7bBXyQKcLobB%207bB%7CQyX7FQ%7CyX7C%7CQyX-FZL%20lZ%2C*A%2CbE%7CQyQKcl%20LZEbXyQ%7CC7XyQ%7CF-7XyQ%7CBb7XyQ%7CEbXyQKcl%20%20%5D%20%3DJazz-Medium%20Swing%3D100%3D3
a8ad925d-0f3f-4d9f-965e-fa4420a13c95,irealb://Bright%20Morning%20Stars%20(PLP-RBB)%3DTraditional%3D%3DFolk%3DC%3D0%3D1r34LbKcu7lareGarkinurB%20xiD%7CyaB%20le%7CMs'rekciP%20toL%20gce%20%26%20P06*%3Cllewoes%2F%2F%5B.G%207391%20CER%20ts%201%5D81%20kcarT%7C1%20DC%20D.%20VnoJ%20d44T%7B%20lan%2F%2FXQyXQyXQyX%3ExamLo%20htebazilE%20dnayQXyQA%20yb%20%20C1NZ%20x%20LZ4TZLp%20G43TZL%20xZ%20Lp%20CZL%20x%20ZLp%20G4G%20pLZLp%20Cp%20%7DN2C%20p%20%7DN3C%20p%20Z%20%3DPop-Country%3D180%3D1
a81578e5-f5b8-4544-b39d-24a1085c22bf,irealb://Jordan%20(PLP-RBB)%3DFred%20A.%20Rich%3D%3DFolk%3DG%3D7%3D1r34LbKcu7lareGarkinurB%20xiD%7CyaB%20le%7CMs'rekciP%20toL%20gce%20%26%20P06*%3CuM%20xoes%2F%2F%5BoF%204591%20BUP%20ts%201%5D29%20kcarT%7C1%20DCrt%20KnnoJ%20dhcniC%20REC%2Fdna%20srehtorB%20ylenatS%20ehT%209591%2F%20the%20ZLcisxZLx%7CBoys%3Esre%2096*%3C44Tv*%7BQ%20yXQyXQyXQyXQyXe%3EG%2Cp%20ntM%20%7Cp%2CG%7CxLZxLxZLxZLxZLxZLx%7C%2CpG%7Cp%2CD%7Cp%2CD%7Cp%2CAZLZD%2CpZLxZL%2CCZLxQXyQXp%2CDZLx%7Cp%2CG%3E%20suorh%2096*%3CC*%5BQyXQy%7CG%2Cp%7CyX%5D%20x%2CG2N%7D%7CG%2Cp%7C%2CG1N%7Cp%2CD%7Cp%2CCZL%7Cxp%2CG%7Cp%2CDZLx%7Cp%2CGp%7CG%2Cpp%2CD%7Cp%2CCZLxXyQXyp%2CDZLxZLx%7Cp%2CG%3Eo%20rtuo96*%3C%5B%20QyXQ%7CG%2Cp%7C%5D%20x%7Cpp%7CG%2Cp%7CD%2Cp%7CG%2Cp%7Cx%20Z%20%3DPop-Country%3D180%3D1
a843d171-f4a4-40d0-a7d1-35bf4126eff2,irealb://Major%20Key%20%28primary%20chords%20in%207ths%29%20%28triple%29=GuruOfGuitar%2Ecom==Rock=C=4=1r34LbKcu77%5EC%7CQ%5E7XyQ%7CQyX7%5EF%7C%7CQyX7%5E%7CCQyX7%5EC%7CQyX7%5EF%7CF%5E7XyC44T%5BXyQ%7CC%5E7XyQ%7C%7CG7XyQ%7CF%5E7XyQ%7CC%5E7XyQ%7CC%5E7%20G7%2C%3C16x%3E%20%7D%20=Pop%2DShuffle=0=10
a8f91b3a-5230-4576-bbd8-e44abf83e762,irealb://Always%3DFranklin%20Kirk%3D%3DGospel%20Ballad%3DG%3D%3D1r34LbKcu7AZL-E4GXyQ%20%20%3E3X%20%20QyX66*%3CC%20%7CQyXGA*%7B%7DQyXC%7C%7D%7CB-%204Ti*%7BD%20D/7/D%20%7BGX*2dda*F%7C%7D%20%20%3E3%20X%20QyX36*%3C%20C%7CQyXyQ%7CC%5E7%5EC%207%5ECZL7G%5E9XyEZL%23D/9b7B%209%5ECQ%7CyX9%5EG%7CQyX9%5EC%7CQ-7%20D-B*%7B%20%2CE%209-BB-%20E--A2N%7D%20D%20%3EortnIo%20TQyX75*%3C-A1NZL9XyQ%7C%7CQyX9ZL7-ECA%5E9XZLF/9b7%23C%209%5ED%7CyQX9%5EA%7CQyX9%5ED%7CQyF%23-7%20*%7BZL7D%5E9XyQ%7CC%23-%20F%23-%20Z%20%3DJazz-Ballad%20Even%3D60%3D3
a82385ca-d525-4ea8-9b3b-9f083f7609c2,irealb://Navidad%20En%20Mi%20Pais%3DToledo%20Lourdes%3D%3DHoliday%3DE%3D%3D1r34LbKcu7AZL-%234EXyQLC/-%23G%20AZLE%20AZ-L%23C%20-%23FZLB%20-%23F%7CZG%23%20C4TA*%7ByX7B%7CXyQ%7C%7CQyXF%7C%7C%2C%23F%2CG%20G%7CyQXC%7CQyXFC*%7DQyXE%7CCXyQBZLE%20bB%7CZL%3C*72SL-D%20-GZLC%20-G%7CQXyF%3E%20%3CA*%7BZL%20%3EebuZBb%20F%207C%7CQ%20A%23/C%23LZA%20D-LZBb%20FLZCXyQ%7CFXyQ%7D%20%3DJazz-Medium%20Swing%3D100%3D3
a83e725a-7f9e-4bd4-9a48-2a26dce02384,irealb://Que%20Se%20Llene%20Tu%20Casa%3DRosario%20Ingrid%3D%3DRock%3DC%3D%3D1r34LbKcu7%7B%7DQyX4A-%2C%20CZLB/G%20-A%7CQyXGLZC%20-D%7CQyXCZLB/GXyQ%7CF4Ti*%7ByXFZL%20G/BL%7CQyXCZLB/G%20-A%7CyQXGZLC%20-D%7CQyXCZE-%2C%20F%2C-AA*QyXC%2CyQ%7CFXXF%7CQyX-A%7CQyXG%7CyQXC%2CB*%2C%7BQyXF%7CQyyQ%7C%2CQXF%7C%7DQ%7CGXyQ%7CFXyQ%7CFXyQ%7DCXyQZ%20%3D%3D0%3D0
a8a0c900-efde-4347-a91e-94e6c19a261b,irealb://Cristo%20Solo%20Creo%20En%20Ti=Marcos==Pop%20Ballad=E==1r34LbKcu7%20susB4E%2CXy%23F2N%7C%7D%20B%20%2CAZLB%2C%20%2D%23C%7CQyX%2C%23D%2FB%7CQ%2DXyQ%7C4TA%2A%7ByX%2D%23FQXyQ%20ZL%2D%23G%20E%7CQyX%23C%2FZAL%23D%2FB%20%23G%2FEB%2A%5B%20A%20ELZyX%5D%20BusBZLs%20B%20%5DC%2FA%7CQyX%23D%2FBZLEs%20usEv%2A%7B%20%20QyXQyX%23%20C%23%2DusB%7CQs%20B%20%7D%20=Pop%2DSlow%20Rock=70=1
a84769f6-56b0-417d-9722-27e58d2a3d65,irealb://Tu%20Eres%20Mi%20Todo=Gonzalez%20Job==Worship=Bb==1r34LbKcu7re%20%2F%204EbXyim%2096%2A%3CA%2A%7B%7DQyXEb%7CQyXbB%7CQyX%2DG%7CQ%20Dios4Ti%2A%7B%20eratz%3EBbL6%2A%3CB%2A%7B%7D%20xZLbEZxLZL%2DGZLxZLFZLxZ8%20canap%20seim%2096odo%2E%2E%7D%20bEZLFZLxZL%2DGLZxZLbEZLxZLbB%3E%2E%7B%2AC%3C%2At%20noc%20Jesus%20x%20ti%2E%2E%2E%3EEbLZxLZG%2DLZxLZFLZxLZC%2DLZx%20%7D%20==0=0
a816024c-7a32-42f4-ab43-39cf93b9cd97,"irealb://Caminando%20Sobre%20El%20Agua=S%2EGolluscio==Worship=C==1r34LbKcu7l%7C,B%2F4C%20%20sC{]QyX9ddaF%7CQy7X%2DAZLQyXl%7C,B%2F5C%20%20sC54Ti%2A[yX9ddA%2D7XyX7%2DA%7CQyXB%2FG%7CQyEX%2FC%7C}QyX9ddaF%7CQyQ%7CFaZLQyX%7CQyXGCXyQ%7CXA%2FF%7CQyXB%2FG%7CQyFX%7CQyX7%2DA%7CQyXB%2FGyQ%7CC%2FB%2A{]QQyX7%2DQ}[%2AiG%7CQyXF%7CQyXE%2FC%7CyQX7%2DA%7CQyXG%7CQyXFXyQ%7CAyXG%2FF%7CGXyQ][%2AvG%2FBXyQ%7CF%2FAXyQ%7CC%2FGXyQ%7CFadd9%2FGXyQ]%20==0=0"
a8e52cd4-be46-42ea-a7be-e0ed3ce14952,irealb://Girl%20From%20Ipanema%2C%20The%3DJobim%20Antonio-Carlos%3D%3DBossa%20Nova%3DF%3D%3D1r34LbKcu7N%7CQyX4F%5E7XG%7CQyX7-GZL%20lcKyQX11%237GZL%20lcKQyb7%23114T%7BA*cKQyXyQ%7CGbB*%5D%20%20lcKQyX7%5EFN2ZL%20QyXQyX%7DQyX7%5BF%23%5E7X7%5EF1L%20lcK7XyQKGZL%20lcKQyX7DZLl%20cKQyX7-%23FZL%20lc-7XyQBZL%20l%5BA*%5DQyQKclb7C%7CQyX7-G%7CQyXb59b7D%7CQyX7-AZL%209b5XyX7bEZ%7CQyX7QKcl%20X11%237bG%7CQyX7-GLZ%20lcKQyX11%237GZLyQ%7CF%5EyX7%5EFGb7%20%20%20Z%3DJazz-Bossa%20Nova%3D140%3D3
a898e810-ab22-498f-ae52-419caaa7d765,irealb://Black%20Nile%3DShorter%20Wayne%3D%3DUp%20Tempo%20Swing%3DD-%3D%3D1r34LbKcu77%5EbE%7C4C-7XBZL7%5EbB%207-F%7CQy7X-bE%7CQyX7%5EbG%7CQyb7XyQ4Ti*%5B7F%207-h7XyQ7-D%7CQyX7bE%7CQyX-7DA*%7BY%5DQyX9b7A%7CXyQ%7CCE%7CQyXZL7A%207XyQ%7CZLQyX%7DQyX7bE%7CQXy7-D%7CQyX31b7A1NN2Eh7%5EbBZL-G%7CQyQ%7CD7%20ZL7bB%207-F%7CQyX7%7CCQyX7-GB*%5B%5D%207bAEb%5E7XyX7-DD%7CQyXC7XyQyX7-DA*%5BY%5D%209b7%20A7%5EbEZL7bB%207-F%7CQ%7CEb7%7CQyX7L%20%3EAB%7CC-7%20%20solos%3C%207-D%7CQy7XbE%7CQyX7%5EbBZL7Fon%20AAQyX7-ZA7XyQZ%20%3DJazz-Medium%20Swing%3D100%3D3
a8e22e69-3a5f-415a-9497-e270c65b701a,irealb://12-Blues%201411%204416%20251.62.5%3DComposer%20Unknown%3D%3DBlues%3DC%3D%3D1r34LbKcu7yX7A%7C7XyQ%7C%7CQyX7F%7CQyX7F%7CQXy7C%7CQyX7C%7CQyX7FC7XyQC44T%5BQ%7CD-7XyQ%7CG7XyQ%7CC7%20A7LZD-7%20G7%20Z%20%3DJazz-Medium%20Up%20Swing%3D120%3D333
a8d2c943-2c33-47fa-acd4-baff045cb42a,irealb://I%20Get%20A%20Chill%3DBland%20Bobby%3D%3DMedium%20Swing%3DA%3D%3D1r34LbKcu7E%7CQyX4A7%20%3ClcKQyX7DZL%20x%20Z%20L%3E%29segnhc%20oloS%28%20LZB74TA*%7ByX7E%7CA7%20F%23KQyX7AZL%20lcKQy7XDB*%7B%7D%207E%207BZL7cl%20LZ%7CQyX7Q%7CD7XyQ%7CA7%20F%237LZB7%20E7%20%7D%20%3D%3D0%3D0
a816996e-25fe-496b-89ca-96414461ca80,irealb://Rolling%20In%20The%20Deep%3DAdkins%20Adele%3D%3DPop%3DC-%3D%3D1r34LbKcu7XbB%7CQ*74%20%20QyX-C%3ED%202C%20C%20BA%20%20C%20B%20A%20A%20%3AmroF%7CG-Xy%3CA*%7BYQyXbB%20BbLZAB*%5B%7D%20bB%20-G%7CQybXB%7CQyX-G%7CQyX-C%7CbXyQ%7C-G%7CQy%7CQyX-Q%7CAbXQyX7G%7CQyX-G%7CQybXB%7CQyXbA%7C)bB(Qy%5D%7B*CCyX-G%7CA%7CQyX%7CAbXyX-C%7CQyXbB%7CQyX%2CAb2NC*%7C%7D%20bB%20bA%7CQyQ%7CBbQyXbByXbB%7Ccl%20LZ%7B%7D%20%3Ex4%3C%20%20nZL%20n-%2CCD*%7B%20%20lcKQyXbBC-XyQKQyXbQ%7CAbXyQ%7CAb%20BbLZC-XyQ%7CBbXyQ%7CAbXyQ%7CAb%20Bb%3Cx3%3E%20%7DfC-%20%20Z%20%3D%3D0%3D0
a8fd2005-3641-44ee-bd1c-8237431ca371,irealb://4bars%20%2D%20Random%20C%20%2D%20Seven%207ths=JonBlanckMusic%2Ecom==Medium%20Swing=C==1r34LbKcu7FZL%20x5XyQK%20ZL%20lcKQyX5%237bZEL%20x%20ZL%20x%20ZL%20lcx%20LZ%20b7%2DA%7BQyX7%5EKcl%20Lx%20ZL%20x%20ZL%20lcKQXy7%5EDZL%20x%20ZL%20x%20Z%20LZGbQyX7olcKQyZ%20x%20LL%20x%20ZL%20x%20ZL%20lcQKyXsus7bBZL%20x%20ZZE%2D7XL%20lcK%20LZ%20x%20LZ%20x%20LZB7XyQKcl%20LZ%20x%20LZ%20x%20%20%7D%20==0=1
a875b174-dc0c-4873-9e45-096104342694,irealb://Besame%20Mucho%201%3DVelazques%20Consuelo%3D%3DBossa%20Nova%3DC-%3D5%3D1r34LbKcu7yX-CZ4C-Xy/-FZLE/-F%20-FZLl%20cKQyX-FZL%20lcKQE%20G7L4TA*%5B-CZL7LZGh7QyX-C%7CQyX7bD%7CQXy-F%7CQyX9b7C%7CQyX%7CD7%20G%20lcKQD%7CQyXl%20%20%5D%5BX-FZL7C%20hG%7CQyXG7%7CQyX-C%7CQyX-FB*yQ%7CC-cKQyXFZLE/b9LZGZL%20lcKQyX-FZL%20clKQyX-CA*%5B%5DQyX7F-%20F-7bA%207-C%7CQyG7LZCQyX-F%7CQyX9b7C%7CyQX7hGZL%20lcKQyX-%7CDb7X%20bE/-XyQ%7CD7%20G7LZC-XyQKcl%20%20%5D%20%3DLatin-Brazil:%20Bossa%20Electric%3D120%3D3
a8e2cd62-8bc8-4a73-91d3-0d7444cf7f7d,irealb://Afternoon%20In%20Paris%3DLewis%20John%3D%3DMedium%20Swing%3DC%3D%3D1r34LbKcu77-D%7CQ4C%5E7XAZL7bE%207-bB%7CQy7X%5EbBZL7F%207-C%7CQyb%5E7Xy4T%7BA*%5BB*%5D%20LZN1CyX7%5EC2NZL%20QyXQXy%7D%207G%207-D%7CQyX7%5EQKcl%209%237G%20-%23C%287Q%7CG7XX7G%7CQyX7-D%7CY%7CQXy7A%7CQyXE/7%5EC%7CQyyQ%7CC%5EyX7-D%207-bBF%237%29L%5EbBZL7F%207-C%7CQy7X%5EC%5BA*%5D%207G%207-DZ7XyQ%7C%28%20%20%297Eb7LZAb%5E7XyQ%7CD-7%20G7%239LZC%5E7XyQ%7CD-7%20G7%20Z%3DLatin-Brazil:%20Bossa%20Electric%3D90%3D2
a87504c5-132b-44be-83f9-4fce941310b8,irealb://Jordu%3DJordan%20Duke%3D%3DUp%20Tempo%20Swing%3DC-%3D%3D1r34LbKcu7%7CQyX64D7%20GG%207D%7CQyX7%5EbEZLb7B%207F%7CQyX6-CZL77LZC-4T%7BA*%207F%7CQQKcl%20DZL7bA%207bEZL7b%20B7FZL7C%207G%5BB*%7D%20b%5E7XyyX7bA%207F%7CQEb7%20AZL7G%207D%5BA*%5DQyX%5E7BZL7bG%207bDZL7bC-6XyZL7bBBb7LZEb%5E7XyQ%7CD7%20G7LZC-6XyQ%7CAb7XyQKcl%20%20Z%3D%3D0%3D0
a8b87412-b894-4c85-85d0-d2f38b3b88c2,irealb://Brilliant%20Corners%3DMonk%20Thelonious%3D%3DMedium%20Swing%3DBb%3D%3D1r34LbKcu7%5D%2011%234Bb%5E7bG%2C7bDsZL7bD%207b%5EB%7CQyX7bDZL7bD%207%2ClF74Ti*%5BbBsZLBb%2CD7%207bGZL7bA%20bBZL11%237F%207bGZL7bDl%2CF7%2311sA*%7BYG%2C7-DDb7LZ%207-AB*%5BY%5D%20%20lcKyQXbBZL11%237F%207bGD7LZsl%2C7D%2C%5BY%20Qy7LZB77FZL7bG%207G%7CQyXb7AZL7A%207-EZL7E%20XyQ%5DXbGl%2C7D%2CbBs%2CD7%2Cl7F%207bGZL7bA%20bBLZ11%237F%207bGZL7bD%2311LZbBsA*lbuod7LZGbs%20x%20ts105*%3C%20Qy%7DXQyXbBZL11%237F%207low%2C%20bDl%2C7e%20time%20on%20repeat.%3E%20%3D%3D0%3D0
a808879d-6a5e-4a30-8bac-c1d80746a575,irealb://Kentucky%20Oysters%3DBaker%20David%3D%3DMedium%20Swing%3DF%3D%3D1r34LbKcu7QyX7b7XyQ%7C%20ZL%20lcKQyX7F%7CQXy7FZL%20lcKQyX7bBx%20LZBF43T%5BBZL%20lQKcl%207CZL%20x%20ZL%20x%20ZLl%20cKQyX7FZL%20x%20ZLXyQKcyXbB%7Cb7XyQKcl%20LZF7XyQKcl%20LZ%20x%20LZ%20x%20%20Z%20%3D%3D0%3D0
a8dbad36-8d8c-46ab-8bd4-054fab239662,irealb://Memories%20Of%20You%3DBlake%20Eubie%3D%3DBallad%3DEb%3D%3D1r34LbKcu7bEZL64Eb%5E7hAZL7-C%20G/7%5EbELZ7o%23F%207-FZL7oE%207%20Ab-4TA*%7BXQyXQLZDb7l%7D%2C7bB%2C7-Fs%206b1ENZL7bB%207FZL7C%20XyQXy7D%207%5E1b7G%20Eb6%20sX7-C%7CQyX7bA%7CQy7X-ClB*%5BY%5D%2C7G%2ChDyQ%7CF72N%7CQy-FZL77XyQ%7CbEA*%5BY%5DQyX7bB%7CyQX7-FZL7F%20sus7F%5E7%20Eo-CZL3%207FZL7LZEbDZL7D%207%5EbEZL6-Ab%207hAZL7-C%20G/7%5Eb7%20C7o%23F%207Bb7LZEb6%20sF-7%2CBb7%2CZ%20%3D%3D0%3D0
a8d35dd3-9243-4419-a528-83d81ce54e85,irealb://Old%20Joe%20Clark%3DTraditional%3D%3DBluegrass%3DA%3D%3D1r34LbKcu7yXA%5B%5D4AXyQLE%20AZL%20lcKQyXAQ%7CyXEZL%20x%20ZL%20lcKZAXyQ4TA*%5BQKcl%20LZ%20x%20LZEXyQ%7CAXyQKcl%20LZA%20ELZAXyQZ%20%3D%3D0%3D0
a8826ab6-824f-4e0f-843d-47b60315e290,irealb://Blues%20For%20Wood=Shaw%20Woody==Up%20Tempo%20Swing=F%2D==1r34LbKcu7ZL%20lc%2D7XyQ%2DFZL%20lcKQyX7bDLZ%20x%20ZL%20x%20ZL%20lcK7XyQKF44T%5BDb7XyQ%7CBb%5E7XyQ%7CGh7%20C7%239LZF%2D7XyQZ%20==0=0
a8b246c3-7f8d-4ffd-952c-2311cc55ead3,irealb://Embraceable%20You=Gershwin%20George==Ballad=G==1r34LbKcu7%5EG%7CQy4G%5E7XQyX7%2DA%7CQyX7D%7CQXy7%2DA%7CQyX7obB%7CQy%7CC%2D6X4TA%2A%5B7%2DE%7CQF%23h7%20ZL5%237%23F%207h%23CZL%2FD%2DE%20%2DEB%2A%5B%5D%209b7BB%2D7Xy%7CQyX7X7obBD%5E7%20B%5EGA%2A%5B%5DQyX7D%7CQy7X%2DAZL7A%207%2DEZL7%2D7XyQ%7CZL7A%20%5ECC%2A%5B7XyQ%7C7%2DD%7CQyX7%5EG%7CQyX%2D6C%7CQyX7%2DA%7CQyX7D%20G7%20%5D%2DA%7CQyD%207hAF%23h7%207%2DBZL6%2DC%207h%23CZDL%2F7%2DE%207%2DEZL9b7B%20E7LZ%7CQyX77b9LZG%5E7XyQ%7CA%2D7%20D7%20Z%20==0=0
a805e19d-39ec-4f44-bbc9-906ce5b5f030,irealb://Herzog=Hutcherson%20Bobby==Up%20Tempo%20Swing=F==1r34LbKcu7%20%7Cr%20Z44%3C%2A7us7E%7D%20%20%7Cr%20ZLxZsLus7F%3EydoleM%20%204sLZxLTi%2A%7BYbA%7D%20%207%20%20sAxZLsus7F%7B%20QyX%7D%20%20lcKQyX7%2DAl%7C%2C7%2DLZ%20r%7C%2DG%7BZL%7D%20%20lcZxLZxus7Al%7C%2Csus7As%20s%20us7C%7BZLsus7FZLsXyQKLsus7A%2A%7BYZT34C7s7bE%7CQyXsus7%23FQ%7CyXsus7A%7CQyXsususXyQ%5B%20QyXX7%2DG%7B%20Solo%20ZLxZLsus7E%7B%7D%20%7C%20r%20ZLxZLsus7F%3Esr%7C%20%20%7D%2047%2A%3CxZLsu7XyQK%7D%20xZLsus7FZLxZsLus7F%7B%20QyX%7D%20%20lc%7BAb7s%2DA%7CQyA%7CQyX%20%20%7D%7BC43T%5B%20QyX%7D%20%20lcKyQXsus7A%7CQyXsus7C7sus%7Cr%20ZL7susXyQ%7CF%237susXyQ%7CEb7susXyQZ%20==0=0
a8a6920c-1237-45f8-8396-397edbe53884,irealb://Serenity=Henderson%20Joe==Medium%20Swing=Eb==1r34LbKcu7B%207%2DFh7XyQ7%2DEZL11%237%5EbG%201%2317%5EbA%7CQyX31b7G%7C%20A7LZD44T%5B7FZL7b%5E7%20sZL7bD%207%2DbA%7CQyX7%29hA%287%2DCl%7C%2C7G%2ChDG7%20GbEZL7bXyQ%7CE%5E7%2311XyQ%7CF%2D7%20Bb7%235LZUEb%5E7XyQ%7CDh7%20G7b13%20Z%20==0=0
a8dfe374-279e-463e-90a7-9de3abdfff0d,irealb://AB%202bar%20%2D%20Cir4%20%2D%20Min7b5%20Rootless=JonBlanckMusic%2Ecom==Medium%20Swing=C==1r34LbKcu7%2D%23DZL%2D7b5XyX5b7%2DbBZL%20lcKyQX5b7%2DFZL%20lcKQyQKcl%20C44T%5BX5b7%2DQKcl%20lcKQyX5b7%2D%23CZLl%20cKQyX5b7%2D%23G%7CZL%20LZF%23yX5b7ZL%20lc%20LZB%2Db7%2DAZL%20lcKQyX57b%2DEZL%20lcKQyX5b75XyQKlcKQyD%2D7b5XyQKcl%20LZG%2D7b5XyQKcl%20%20%5D%20==0=0
a860686f-e995-4a65-a28e-75fdc97a76e3,irealb://One%20Note%20Samba%3DJobim%20Antonio-Carlos%3D%3DBossa%20Nova%3DBb%3D10%3D1r34LbKcu7%7CQyX74D-7XX7-D%7CQyX11%237B%7CyQX7-C%7CQyX7bD%7CQyyQ%7CDb4TA*%5ByX7-DQ%7CB7%23bA%7CQyX7%5EbE%7CQyXb7B%7CQyX7-F%7CQyX117XyQ%7CyX7-CX7%5EbDXyQ%7CCbA%7CQyX7-bEB*%5B%5DyQX6bBZL11%237B%207-7XyQ%7C7bD%7CQbD%7CQy%20LZC%23*%5B%5D%207F%207hC%7CQyX%5E7B%7CQyX7%23F%7CQyX7-AD-7XlcKQyQyX11C-7XyyX7-C%7CQyX7bD%7CQXy7-D%7CQyX11%237B%7CQQ%7CB7%23%7CQyX7%7CQyX7yQ%7CBbX7C%7CQyX6bD%7CQyXb7A%7CQyX7%5EbE%7CQyX7yQ%7CB%5EX7-F%7CBb6XyQZ%20%3DJazz-Bossa%20Nova%3D140%3D0
a88a7ac0-eadf-4e2a-965f-3e1193bbbb11,irealb://A%20Rita=Buarque%20Chico==Samba=A==1r34LbKcu7cKQyX%2D7XyQyX7A%7CQyX7%2DEZL%20clKQyX7%5EA%7CQyX7E%7CQ%7CD%5E7B44T%7BQyX7E%5E7XyQB%7CQyX%23D%2F7B1NZLl%20cKQyX7%23FZL%20lcK7XyQ%7CFZL%20l%7CE7b13XyQ%7DY%7CN2B7XyQ%7CE7XyQ%7CA%5E7XyQKcl%20%20Z%20==0=0
a8edf699-b61c-4e6c-b825-60728af68f16,irealb://Wave%201=Jobim%20Antonio%2DCarlos==Bossa%20Nova=D=2=1r34LbKcu7%7CQyX64D%5E7XX7%5EG%7CQyX9b7D%7CQXy7%2DA%7CQyX7obB%7CQyyQ%7CG%2D4T%7BA%2A7G%207%2DF%237b1%207%2DDZL7A%207bB%7CQXy9EZL9b7B%209BZL3G7LZD%2031%23FbB%7CQyG%2D7%2FB%2DFZL%20lcKQyXA%2F7F%5E%7CQyXbB%2F7C%7CQyXb7%2FAbX%5BB%2A%7D%20QyX7%2DyQ%7CEb7obB%7CQyX7%5ED%5BA%2AQ%5DyX9b7A%7CQyXG%2F7%5EXyQ%7CAXbA%2F7QyX9EXyQ%7CGB%209BZL31b7%23F%203%231F%7CQyX6%2DG%7CQyX7%5E7b9LZ9b7D%7C%7CBb7%20A7LZD%2D7%20G7LZUD%2D7%20G7%20Z=Jazz%2DBossa%20Nova=140=3
a87d58a6-b2e3-4cfd-a2a0-487c621e7035,irealb://A%20Night%20In%20Tunisia%20Realbook%3DGillespie%20Dizzy%3D%3DLatin%3DD-%3D5%3D1r34LbKcu7A%207hE4Eb7XD%7CQyX7bE%7CQyX-DQ%7CyX7bE%7CQyX-D%7CQy-XyQ%7C4TA*%7BQyX7hD-XyQ%20%2C7-G%7CQyX-G%7CQy9Xb7D%7CQyX7hAB*%5B%7DC7LZGZL5b7-D%7CQyXyQ%7CFQyX-D%7CQyX7bEA*%5D%5B%205b7A%207hE%7CQyX6%7CEb7X9b7C%7ChE%3Eedb7XyQnI%3CC*%5BYZQyX-DZ5Lb7A%207hE%7CQyX-D%7CterluE%7CQyXZL%20lccl%20LZ1%237GZL%20lcKQyX-ZDL%20lcKQyX11%237bE1XyQKKQyX7lcKQyyQ%7CG-kaerB%3C%2CD*%2CYZ%20%20clKQyX9%237bG%7CQyX7%3EF%5E7XX7%5E-G%20LZEh7XyQ%7CA7b9XyQZ%20%3DJazz-Latin%2FSwing%3D180%3D4
a892f652-cccd-453e-9df0-d0f84efb1139,irealb://There%20Will%20Never%20Be%20Another%20You%20Realbook%3DWarren%20Harry%3D%3DMedium%20Up%20Swing%3DEb%3D3%3D1r34LbKcu77-bBZ4Eb%5E7QyX7-C%7CQyX9b7GQ%7CyX7hDZL%20lcKQyXKcl%20L4TA*%5BQyX7Fb7XyQ-C%7CQyX7%5EbEZL7b%20BhF%7CQyX7%5EbAB*%5B%5D7XyQ%7CE%7CQyXQyX9bZF-7XX7hDZL%20lcKQyX7b%5EEA*%5B%5DQyX7bB%7CQyyQ%7CG7L%20lcK%5EbEZLyQKclF%7CQyX7%5EbAC*%5B%5DQXy7bE%7CQyX7-bBZL%20h%20Bb7X7-C%7C7XyQ%7CG-7%20C7LZEb%5E7%20D7LZG7%20C7LZF-7%20Bb7LZEb%20Bb7%20Z%20%3DJazz-Medium%20Up%20Swing%3D144%3D4
a8f769eb-6a44-4eb7-8e92-202c5aa52b9d,irealb://A%20Foggy%20Day%3DGershwin%20George%3D%3DMedium%20Swing%3DF%3D3%3D1r34LbKcu7A%7CQyX4F%5E7XX7%5EF%7CQyX96bB%7CQXy7%5EF%7CQyX96bB%7CQyyQ%7CE74Tv*%5B%209-AZD13XyD%207-AZL6-A%20-A%7CyQX7%5EFZL7C%207-G%7CQ13b9L%7CQyX-yX7-G-7%20C7b7D%7CQyX7%5EFA*%7B%5D7%20C%207-GZL7D%206FZL9XyQ%7CGZL9DF%207-CyQ%7CF6%5EF1NB*%5B%5DQyX7C%7CyQX7G%7CQyX7bA%7CQyX7XyQ%7CX7C%7CQ-C2NC%5E7XyQX7C%7CQyX7G%7CQyX7%7CDQyX7-A%7CQyX7bE%7CyQ%7D%5B*bBZL7C%2F7-GF7XyQFZLC%2F7-G%20C%2F7%5EFQ%7CyX7bE%7CQyX7%5EbB%7C%5E7%2FC%20%7CQyX7LZF%5E7%2FC%20D-7LZG-7%20C7LZF6XyQ%7CG-7%20C7%20Z%20%3DJazz-Medium%20Swing%3D140%3D3
a80e8c2b-a5cb-43f9-8571-6e1ea0d505fb,irealb://Milonga%20Sentimental%20%20-%20%20T%3DS.%20Piana%20%2F%20H.%20Manzi%3D%3DTango%3DG%3D5%3D1r34LbKcu7GA*%5BY4GXyQQyX%5D%20%20lcKQyXGZ%20LlcKQyX7DZL%20lcKXyQ%20%202Ti*%5ByX7D%7C7XyQKQyXGZL%20lcKQyX7%7CDQyXG%7CQyXGZL%20lc%7CGXyQD%7CQyX7D%7CQyLZGXy-G%20GB*%5B%20QyX%5DQy7XD%7CQyX7D%7CQyXG%7CQLZG-X%20lcKQcKQyXl%20LZGlcKQyX-G%7CQyX7DQ%7CyX-CZL%20lcKQyX-%20LZD7cKQyXl%20LZG-%20G7LZ%20x%20LZC-XyQ%7CEb7%20D7LZU%3CFin%3EG-XyQZ%20%3DJazz-Ballad%20Even%3D80%3D3
a8938f93-c5d1-4819-b173-fc87ccf2037b,irealb://A%20Little%20Waltz%20For%20Misha%20%28Mischa%29=Mehling%2DHCSF%20Paul==Gypsy%20Waltz=G==1r34LbKcu76DZL74E%2D7LE%5B%5D%20xZL7BZLxZLC6ZLh%23CZL6DZL7BZ%2D7LZB3TA%2A%5B9DZL7LZC6L%23GZL6GZL9DZL7%2DBA%2A%5B%5D%20xZL7%2DEZLxZoLZA%2Dh%23CZLxZL7%2DZx%20%5D%7C%207BZLxZLxZLo%23CLZxZL6GZL9DZL7%2DA%5D%5B%2ACAL6GZL6CZLhLZxLZ%5EGZL9DZL7%2DAD%2A%5B%20%5DxZL7EZL7BZL7%2DA7LZC%237%2DEZLLZD9LZG%5E7LZx%20%5D%5BA%2D7LZD9LZG6LZE7LZA%2D7LZD9LZUG6LZB7%20%5D%20=Jazz%2DGypsy%20Jazz=180=3
a8836378-ff77-4189-864a-b0d07e23033c,irealb://Dogs%20(p3)%3DWaters-Gilmour%20(Pink%20Floyd)%3D%3DRock%3DD-%3D5%3D1r34LbKcu7%20%2Ccov44%3C*7%20%2C.rtsni%20%3A1(%3C%2C-9Dl%3E)retsaf(%20%2042-3%3A%20TA*%7BYLxZL%2Clo)%3EL7EZLxZLxZLxZL%2Cd4dabBZLxZLxZLxZsus%2FAos%20%3A4%20x%20ZLLZBbayX-D%5B%7D%20%3Ex436*%3CZxLxZLxZL%2CbA%2F4ddQKcl%20xZLxZC%7CQyX03breQyXC%3E).rtsni(%204%207*%3CB*%7BY%5D%20%20n%3Eka%7CCsus*%3CpZL%201NZLl%20LZDX15*%3C%20%3E%E2%97%87%2056*%3C-ZDLD%2Fsus7AppZL%20-yQ%20%EF%B8%B6%3EcKQyXB%7CQyX%3Esx%20%7DdaCZL%20lcKQyXbB%5D%7B%20%20%3E%E2%97%87%2066*%3C%2CCl2Nd2%2FBb%E2%97%8756*%3C%3E%EF%B8%B6QyX%7BFXyQ%20%3E%E2%97%87QyX56*%3C-D%5B%7D%20%20lcKQyXbEZL%20lcK%20%3C*48%7DQyXbyX%E2%99%AA%20%2065XyQnZL%20x%3E%E2%97%87QyX56*%3CZ%20L%3E%EF%B8%B6QyX84*%3C%20x%3E%E2%97%87%20%3C*66*%3C%20ZLC45T%7CW%2FD%2CW%2F-Dl%3E)ni%20cov(%204%207*%3C43TD*%7BY%5D%2CE%2FF%2CXyQs%3E.%E2%99%A9Q*%3C%20%3E.W%2FD%2CW%20%20QyXQyX24*%3CC4T5ZL%20-D43T%20l%7C%2CC%2F%E2%99%AAXyQ%E2%99%A9s%20%2CE%2F%2CC%2FW%2C10x%3Es%2CE%2FC45T%7CQyX%2CF%2FD-l43T%7C%7D%2CE%2FW%2CD%2FW%20sW%2FDQyX36TZL%20%2C4Bb%20LA43TZL%20x%2045T%7CQXyA43T%7C%7D%20%20x%2045TZ%2C%20LZF3T%20l%7B24E-b6%2C%20%5D%5BT34D-%2CXyQ%7CfUD-9%2CXyQZ%20%3DPop-Rock%3D110%3D1
a83a3d85-7302-48bf-82b2-a2026b8e0910,irealb://In%20The%20Wee%20Small%20Hours%20Of%20The%20Morning%20%28hl101t%29=Mann%2DHilliard==Ballad=C=10=1r34LbKcu7ZL7A%20%5E7%20C7ZL9G%207%2DD%7CQyX7%2DZDL%2BC%20CZL%2BC%206CZLE%2D7b5C44T%7B%237AZL5%20B7L%207%5ECZL%2BC%206CZL7%20C7%5EC%5B%5D%207G%20%2C7%2DEZE%2D7b5b7%2D%23F%7C%2C9b7ZD%2D7%20%2060%2A%3C%20%207%2DDl1NZ7LA%2C6%2DG%2CCsZL7o%23Db9%3EsGL7A%205lC%3C%2A03XyQXyQ%20%20%3E%20G7%20%7D%7CN2D%2D7XyQ%7CAb7b5%20G7LZCXyQKcl%20%20Z%20=Jazz%2DBallad%20Swing=60=1
a8c6f3da-fec8-46c2-97f1-21fc0a9470c2,irealb://Good%20Vibrations%20%2D%20p3%20of%207%20%28D%2D%20and%20SLOWER%29=Brian%20Wilson%2C%20Mike%20Love%2C%20Tony%20Asher==Slowly=D%2D==1r34LbKcu7yX7C%7C4%3C%2A69ZL%20lcKQyXF%3E%20reowls%20%2F%20ronim%20D%20%20G%2DXyQ4TC%2A%5BQyXF%7CQKcl%20%7CQyX%2DGZL%20lcKQyFX%7CQyX7C%7CQyX%2DGZLC7XyQyXF%7CQL%20lcKZG%2DXy%7CQyX7C%7CQyX%2DGZLl%20cKQyXF%7CQyX7C%7CQ%7BFXyQL%20lcK%2FbEZLQ%7CC7XyXF%7C%7DQyX7C%7CQyXG%2DZL%20lcKQyXF%7B%7DQyQKcl%20yX%2DGZ%29%2DG%20ocl%20%20%5Dahc%20yek%28%20%2C4%20egpa%20no%20noitces%20D%3Cnge%20tKQyXF%3E%20==0=1
a853ca1f-6818-4368-8b8b-5e64338a1c60,irealb://O%20Poder%20da%20Cria%C3%A7%C3%A3o%20ABC%20ABBC%3DNogueira%20Jo%C3%A3o%3D%3DSamba%3DA-%3D%3D1r34LbKcu7%28%20%20%29s%C3%A3o%2C%20n7GZL%20lcKQyX-A%3Ebamas%20zaf%20m%C3%A9ugni%28G7suN%3CA*%7BD1N%5B%20%29LZ%20%28%2C7A%207E%7CQyXo%23FZ%2CLE/%5EF%20%5EFZL%20x%297G%20%5DXyQ11%237G%20-A%7CQBh%20E79b7E%7CQyX7-DZL%20%20xZL*5b-*A%20-AZL%2Cb13Xy%7CQyX-7E%20hBXyQ%20YD%3Eetsixe%20euq%20rsanep%20zaf%20%2C%C3%89%3C2N%5B-XyQ%7C%7D%20%2C7EB*%5BY%5D-3*Xy-AZL7E%20hB%7CQyX-ZDL%20lcKQyX9b7A%7CQ%20A7%2C%20*AZL%2C7EZL%2C%20o%20po%7CQyX31%5EC%7CQyX-AQ%7CyX7E%7CQyX-D%3EateF%5E%20F6...E%3CL%2CC%20--%28Eh%29E%207FC*%7BY%20QyX%7D%20r%3Euot%20e2%3C%297A%287E%207%2CLZAA%7CQyXZF7%20E7%2CLZA-XyQ%7D%20%3D%3D0%3D0
a838b896-d890-431f-b4e7-9e5fe3460fe5,irealb://Wonderwall=Oasis%20%28Noel%20Gallagher%29==Rock=F%23%2D==1r34LbKcu7A%2A%5B%7D%204F%23%2D7%20%2CsusEZLA%207%2D%23FLZsusB%20susEZLA%20%2CBsus%2C4Ti%2A%7BZLA%207ALZEs%2CsusB%20%2CsusEZLA7%20%2D%23FZL%2CsusB%20%2CsuLZF%23%2D%207%2D%23FsB%20%2Cs%20BsusA%207%2D%23F44TSA%2A%5B%5DyQXsusBZL%2CE%20DZL%2CLZEsu%2CsusE%2D%23FZLF%23%2D7%20%20%2CsusEZLA%207%2D%23FLZ%2CsusB%20%2CsusEZLABsus%2CZL%2Csu%2D%23FZLEsus%2CaD%7CQyX%2C7%2D%23FZLE9%20ddaDB%2A%5B%20%2CsusB%20dd9%20EZLA%207C%2A%7B%5D%20%7CDaddcKQyX7Bl%7C%2CA%2FW%2C%23%2DF%2C%23G%2FE%2CAsZLE%209l%20%2CQ%2C%7CQyX7%2ES%2ED%3C%20F%23%2D7%207%2D%23F%20AZL7%2D%23F%209%2CddaDZL7%2D%23F%20AZL%7D%7CT649ddaD7%2D%23F%20oda%3En%23F%209ddaD44TQ%7BYyQXQyXQyXQyX%5DQyX%2D7LZAC%20la%20LZDadd9%2C%20F%23%2D7LZA%3CXyQ%20%20Open%3E%20F%23%2D7%20%7D%7C%3COn%20cue%3EF%23%2DXyQZ%20=Pop%2DRock=88=1
a8e54000-aa64-4f7c-a40f-ddc0f8b4d749,irealb://Stand%2C%20The%3DUnited%20Hillsong%3D%3DWorship%3DA%3D%3D1r34LbKcu7QyX2D4AXyQD%7CQyXA%7CQyXAv*%7BQ%5DyXA%7CQyXA%7CQyXA%7C2XyQ%7C4Ti*%5ByX2D%3EXyQ%7CFC-erP%2066*%3CB*%5BYQ%7DyXD%7CQyXD%7CQyX-%23horus%23C/A%7C%20v*%5B%5DyQ%7CF%23F%7CQyX-%23F%7CQyXE%7CyQXD%7CQyX-%23F%7CQyX-%23-XyQX-B%7CQF%20EZL*36%202-%23F%20EZLA%20DD*%7BQXyQyXQyXQyX%5D%20%20%3ExLZD%20A%3CB*%5B%20%23-%20%7D%20%3D%3D0%3D0
a85c4eb4-126e-4072-b60c-3144ca3054f9,irealb://What's%20Greater%3DCity%20Harvest%20Church%3D%3DSlow%20rock%3DA%3D%3D1r34LbKcu7ehcteyQ%7CF%23ahW%20%2047*%3Cv*%5BY%5DyQXE%7CQyX7-B%7CQyX-t%20strXAi*%5BXA%7CQym%20theXA%7CQyXD%7CQyXA%3E...%20tsew%20ot%20tsae%20yQ%7CEXorf%20s%3E...%20-XyQ%7CruoY%20si%20tI%20%2047%3C*C*%5BY%5DQyXE%7CQyXG%20love%23F%7CQyD%20A%5B%5DDXyQ%7CQyX7-B%7CQyX-%23F%7CyQXA%7CQyXE%7CQyX7-B%7CEXyQ%7CQyXALZA/C%23%20DLZA/E%20DLZA/C%23%20B-%2CE%5D%20%3D%3D0%3D0
a8a3eda5-4583-42bb-aa6d-afcf410a250a,irealb://Abrazame%203=Miguel%20Luis==Pop=F==1r34LbKcu7%2C7%2DA%20Solo%3E%20%2ChB%7CQyX%2C9CQyX%2D%2CG%7CQyX%2DD%20%2C%2DA%20%2CFC%2FBb%2C%3C44T%7C7%2DGZLZC9su%2DD%20%2CbD%2F7A%20%2CFZL7%2CC%20%2Csus9C%20%2C7C%20s%2C%20A%2D%2CL%2C%2DD%20E%2FF%20Fsus%2C%20I%2066%2A%3C44Ti%2A%5B%5D%20yQXQyX7C42T%5B%5D%207Cnter%3E9CQyXQyX%2C%2DD%2C%20Db7%2DA42TZL%2CA%2FF%20b%20B5b7%2DB%20%2CC%2FFZL%2Co%2CXyQD%2FbB%20b%7CT44G%2D%2CXyQfC9%2CXyQ%7CFXyQXyQ%20Z%20=Jazz%2DBallad%20Double%20Time%20Feel=0=1
a8872061-41f7-4e59-9e59-a7ba686d03c9,irealb://Revelaci%C3%B3n%3DMontero%20Danilo%3D%3DBallad%20Even%3DB%3D%3D1r34LbKcu7L%23G/E4B%2C*A%7CQyXBB*%7B%7DQyXE%7CyQXA%7CQyX7-%23F%7CQyXF%23-7%204Ti*%7B%23D/B%7C%7CE%3C*6%23C%3Eolos%20%2027*%3CC%5B*%7D%20Q%20%20%3E.tnI%20oT6-7XyQQyXAZ%2096*%3C7XyQ%7CA%207G%7CQyX%23G/E%7CQXy%23C/A%7CQyXB%7CQyXA%20%5D%7B*DG%7CQyXB%20oT%20tamos6*%3C%2CEZL%20AZL%23G/%20E%207-%23F%7CQyXB%3E...9%20%20x2naveLC%20%2C-%23%7B*vBX*E2N%7CQyXE1NZL%20ZAL%23G/E%20%207-%23F%7CQy%20%20*%2CD%7DQyX%3E%23-%20E%2CD%23-%20C%23-%3C*72XyQTo%20B%3E%20%5D%20%20%5BQBXyQZ%20%3D%3D0%3D0
a8730473-219a-4c33-b3e8-0ad14c65f67e,irealb://Algo%20Esta%20Cayendo%20Aqui%3DComposer%20Unknown%3D%3DBallad%20Even%3DD%3D%3D1r34LbKcu7%7B%7D%20A%204DXyQA%7CQyX-E%7CQyX-B%7CyQXD%7CQyXA%7CQyX-E%7CXyQ%7CD4TA*%7BT36*%3CQ%7CDXy%2CQ%2C%20%20A%7CQyXGZL%2C%20%20-E%7CQyXA%7CQyXA%7CQ%20%7D%7CD%20yXDB*o%20A%3E%20%20Z%7B%2CQ%2CB-%20ALZG%20A%20%7DG%20G-LZDXyQZ%20%3D%3D0%3D0
a86228aa-03db-49fd-bf53-8e5a38cf6a34,irealb://Beiral%3DDjavan%3D%3DBrazilian%20Jazz%3DC%3D%3D1r34LbKcu7yX7-D4C6Xy7bB%7CQyX7-D%7CQyXA7%7CQyX7-EZL%20lcKQ%20A7LZ4TA*%7BE%7CQyXs%20G7LX7%5EE%7CQyX7B%7CQyX-7%23FZL%20lcKQyX6CZyQ%7CA7usG%7CQE/7-%23%7CN1G7FZL7G%207bA%7CQyX7A%5EB*%7BY%5D%207bB2N%7C%7D%20%23-7%20FQyX7%5E%5D%20xZL7b5%20A%7D%20%207EZL%207-BZL%20-7CZL%207-bD1NZL7bN2Db7-bEZLQyX7%5E%5E7XyQ7D%7CQyX7%5EA%7CQyX7Bb%7CQyX7%5EE%7CQyX7D%7CXyQ%7CEAC*%7BY%7CB-7%20E7%20%7D%20%3DLatin-Brazil:%20Bossa%20Electric%3D195%3D7
a86514ef-9413-47db-8dc4-1d04ec3dac44,irealb://Word%2C%20The=The%20Beatles%20%28Lennon%2C%20McCartney%29==Rock%20Pop=G=7=1r34LbKcu7ZL%20lc44D7XDZL%20lcKQyX7GZLx%20%20ZL%20x%20ZL%20lcKQy7XyQKTA%2A%7BYF%7CQyX%20A7LZ%7CQyX7DB%2A%5BY%5D%20%20lKcQyX7DZL7G%20susGCadd9susA%7C6XyQ%7CG7XyQ%7D%20=Pop%2DRock=115=0
a829761d-c4aa-4a99-9bf1-e289da8b40b4,irealb://Chrono%20Cross%20-%20Arni%20(Home%20World)%20%20(vgls)%3DMitsuda%20Yasunori%3D%3DEven%208ths%3DEb%3D3%3D1r34LbKcu7QyXbE4EbLZbEZL7bBZL2bAZLEbZL2bAZLbEZL2bA%20%5D%5B*B3TA*%5B%20bB%2F-%20LZC-A%2FbE%7CQyX7-Cl%7C%2Ch7Ds%20bEZL%20bAZL%207b%20LZF7-bB%7CLbCZLus%2FDbLxZLbGZLxZLxZLZxLbCC*%5B%5D%20%20bEZL%20ZxLZxsbEZLEZLbDLZxLZL-bBZL-bAZLbEZsLusbEZLE%2FbDZLbGZCbLZxZLxZsbEZLLZxLZAZLbEZLsusbEZLDbZLbAD*%5B%5D%20xZLbEbLZDbsus9bsptthbLZF-LC%2FbAZLxZL2bDZbLEZLsusbEZLbDZLZxLZ%3CEZLsu%3A%2F%2Fwww.vgleadsheets.com%3ECb6LZxLZBbsusLZxLZBbLZx%20Z%20%3DJazz-Even%208ths%3D120%3D0
a8dcdd47-f6ba-4d95-bb05-1030717e748b,irealb://Embraceable%20You%3DGershwin%20George%3D%3DBallad%3DG%3D%3D1r34LbKcu7%5EG%7CQy4G%5E7XQyX7-A%7CQyX7D%7CQXy7-A%7CQyX7obB%7CQy%7CC-6X4TA*%5B7-E%7CQF%23h7%20ZL5%237%23F%207h%23CZL/D-E%20-EB*%5B%5D%209b7BB-7Xy%7CQyX7X7obBD%5E7%20B%5EGA*%5B%5DQyX7D%7CQy7X-AZL7A%207-EZL7-7XyQ%7CZL7A%20%5ECC*%5B7XyQ%7C7-D%7CQyX7%5EG%7CQyX-6C%7CQyX7-A%7CQyX7D%20G7%20%5D-A%7CQyD%207hAF%23h7%207-BZL6-C%207h%23CZDL/7%5EE%207-EZL9b7B%20E7LZ%7CQyX77b9LZG%5E7XyQ%7CA-7%20D7%20Z%20%3DJazz-Ballad%20Swing%3D60%3D2
a89901b3-a604-4192-90c0-9df92d925eac,irealb://Lone%20Jack%20%28Page%201%29%3DMetheny%20Pat%3D%3DSamba%3DBb-%3D%3D1r34LbKcu7KQyX74Bb-7xZL7%5EbGZLxZL7-BbZLxZL7%5EbGZLxZLLZBb-4TA*%7B%5B%7D%20Q%20Gb%5E7XZL7-bB%20bAZL%20lcQKyX9%237FZL%20lcKQyBb-7%20ZL%20lc%20lcKQ7LZxL7bAZLxZL7-bBZLZxL7%5EBZLxZL7%5EbDZsusXy-bEB*C%20la%207%2311XZL7-bB%20bAZL%20lcQKyX9%237FZL%20lcKQy%3CD.C.%5EbGZL/6F%20bb-7XyZLF/bE%20bE/bDZLl%20cKQyX7-bBQ%5BY%5DQGb6/AB%3Eado%20D/CZ/Eb%20EA/GZL%23F/E%20E/DZbLB/bA%20C/bBZLF/b%20A/BLbDZLGD/ELZF/GXyQ%7CG/A%20Ab/BbLZAb/BbXyQZ%20%3D%3D0%3D0
a896f863-7f2b-469a-bd97-2149cef02899,irealb://Memories%20Of%20You%3DBlake%20Eubie%3D%3DBallad%3DEb%3D%3D1r34LbKcu7bEZL64Eb%5E7hAZL7-C%20G/7%5EbELZ7o%23F%207-FZL7oE%207%20Ab-4T%7BA*XQyXQLZDb7%7Dl%2C7bB%2C7-Fs%206b1ENZL7bB%207FZL7C%20XyQXy7D%207%5E31b7GEb6%20syX7-C%7CQyX7bA%7CQXy7-C%5BB*%5Dl%2C7G%2ChDQ%7CF7%202N%7CQy%207-FZXyQ%7CF7%5EbE%5BA*%5DQyX7bBQ%7CyX7-FZL7F%20sus7%20Eo7L7-CZLbB%207FZEb%5E77bDZL7D%207%5EbEZL-6bA%207hAZL7-C%20G/%20C7LZL7o%23F7LZEb6%20sF-7%2CBb7%2CZ%3DJazz-Ballad%20Swing%3D60%3D3
a81f00b7-52c2-46d5-98ac-427cd2f73164,irealb://Roxanne%202=Sting==Pop=Eb=0=1r34LbKcu7X%2Am%2AF4C%2Am%2Am%2AG%7CQyX%2A7jam%2Ab%7CAQyXbB%2F%2Am%2AG%7CQyX%2AXyQ%7C4TA%2A%7BC%7CQyXsusXyNZL%20QyXQyX%7DQyXussC%7CQyXsusC1N%7CQ2CsusbB%7CQyQyX%2AmQ%5D%5B%2ABXsusC%7CQyXsusC%7CyQXsusbB%7CQyX%2Am%2AFyQ%7CF%2AyXsusXbB%7C%2CsXyQ%7CE%7CQyXbEC%2A%5B%5D%20%2AmF%2A%20sus7C%7CQyXsusCb%20%20AbusbB%7CXbB%7CQXyQ%7CC%2CbA%20%20bE%7CQyXbE%7CF%2C%2FbB%20%20%2DC%7CQyX%2Am%2A%7CBbXybB%7CQyyQ%7CC%2DXyQ%7CC%2DXyQ%5D%20=Pop%2DRock=115=1
a8d91a5b-b09d-4b13-9093-b37b3e499b5d,irealb://Cocaine%201%3DCale%20J.J.%3D%3DRock%3DC%23-%3D4%3D1r34LbKcu7ZL%20x%20%3C%20VI%2FZL%20x%20ZL%20x%20ZL%20xZ%20L%20x%20ZL%207-%23C%3E-I%20x%20LZ%2044T%7B%3E-II%2F%7C%3CIIIE%3E-III%2FI%3CZL-%23F-%3EVI%2FII%3C%20-%23G%3E-V%2F%20%3CVII%7D%20%20x%20D%23o%20%7C%20%3DPop-Shuffle%3D130%3D1
a8b8d003-da64-4517-8efc-95ef5bd819e4,irealb://Whispering%20-%20www.tradjazz.ru%3DRose%20Schonberger-Coburn-V.%3D%3DMedium%20Swing%3DEb%3D%3D1r34LbKcu7F%7CZL%20bXyQKX7CZL%20lcKQyXbELZ%20lcKQyX7DZL%20lcyQKclE44T%7B2N%7C%7D%20cl%20LZyX7bBZL%20lcKQyXEb1NZL%20lcKQyX7bBQKcl%20KQyX7F-7XyQ%7C%20%20Ab-LZEbXyQKcl%20%20Z%20%3D%3D0%3D0
a885d65f-9d81-4dc3-8090-fc4a59090061,irealb://Cleopatra's%20Dream%20-%20jsb%3DEarl%20Bud%20Powell%3D%3DMedium%20Swing%3DC%3D%3D1r34LbKcu71N%7CQy4Bbh7QyX7hbBZL%20lcKQXy-bA%7CQyX7bE%7CQyX%7CEb7X4TA*%7BZL%20lcQKcl%20bEB*%5B%5D%20%20lcKQyXb-A2NZL%20QyXQyX%7D%207XyQKyX-bA7bE%7CQQKcl%20BA*%5B%5D%20%20lcKQyX-AbZL%20lcKQyX7bEZLbh7XyyX-bAXyQ%7CAb-XyQKcl%20LZBbh7XyQ%7CEb7XyQ%7CAb-XyQKcl%20%20Z%20%3DJazz-Medium%20Swing%3D100%3D3
a85f749b-a5a8-44d2-abdb-44769d2101c5,irealb://Foggy%20Day%2C%20A%3DGershwin%20George%3D%3DMedium%20Swing%3DF%3D%3D1r34LbKcu77G%7CQy4F%5E7XQyXF%7CQyX7C%7CQyX-7GZL9b7D%207hA%7CQy%7CDh7X4TA*%5BX7%5EF%7C-7%20C7bB%7CQyX7%5EbBZL7F7%20-C%7CQyX7%5EFB*%5B%5D%20-6XyQG%7CQyXQyX7-7%20D7L7D%207hA%7CQyX7%5EFA%5B*%5DQyX7C%7CQyX7-GZb9LZG-A%7CQyB%7CQyXQ%7CFXyX7-CC*%5B%5D%207C%207-%7CGQyX7G%7CQyX7hD%7CQyQ%7CF7yX7C%7CU%2CZL7Q%7CEb7ZL7-D%207-AZL6-b%20B7-AZL7-G%20F%7CQyXG-7%20CyX7%5Eb%2CFXyQ%7CG-7%20C7%20Z%20%3DJazz-Medium%20Swing%3D100%3D3
a863047a-0223-413b-be74-105d094df07e,irealb://You%20Must%20Believe%20In%20Spring%20%28%20Chanson%20De%20Maxence%20%29%3DLegrand%20Michel%3D%3DBallad%3DB-%3D%3D1r34LbKcu7%2C7A%2C74C%23h7%5EGl%7C%2CA/7-Bs%20%20B7/h%23Cl%7C%2C7%23F%2C7Gs%207%20sE-4TA*%7B%2C7B%2Cs/D%20D%5E%207h%23Fl1N%7C%2C7%23C%2Cuss7%23Cs%207h%23GYZL7sB7suo%23Cl%7C7C%2Csu%20sA7s7hG2NZLQyX%7D%20%2C57%23bA%207%5EDl%7C%2C7A%2Csu%20sC7s7-El%7C%7C%2C7G%2C7%20sBb7hDlC*%5B%5D%20%2C5%237A7%20%5EbEl%7C%2C7bB%2Csus7%20sAb7-Fl%7C%2C%207hAZC%20%20sC%20bE/oDl%7C%2C7bB%2C7F-s%207%5EbAl%7C%2CbB/7-Eb%5E7L/7hDl%207%5EbEs%2CD7%2CB%2CsusbBs%207-Fl%7C7%2CC%2Csus7Cs%207hGl%7Cb7%2C%7Clus7DsAb7%2311LZDh7%20sAb7%2CG7%2C%7ClC-XyQZ%20%3DJazz-Ballad%20Swing%3D60%3D3
a8c84894-f743-4a37-9590-5c9d20192b76,irealb://Para%20Alcanzarte%3DLionel%20Garc%C3%ADa%2C%20Noel%20Schajris%3D%3DLatin%20Pop%3DE-%3D%3D1r34LbKcu7-E%7B%7D%20i%3CintyXZLQyXZLQyXZLyQX%3E...%20onaip%20orQ%3Cx2%3E*%7B44TE%7C%7D%20QA%20B7LyXZL7B%20AZLG%207-SEv*%7B%7D%20QyX%7CrQyXZQr%7CXyZLG%207%7B%7D%209BZA%20B7%207-E%7BQyX9B%7CQyX-7A%7C%5D%20QyX%7CrQyXZLGLZA%20LG%207-QyX7BXyQ%7Cl/-AlB*%5B%7D%20QyX%7CryQXZL9b7B%205b7-%23FCXyQ%7C7-EA*C*%7B%20%20yQ%7CA/X%3E%202x%20%20.S%20.D%3C%5DyQX7B%7CQyXC%7CQyX%23CyQXyQX7-E%7CLQyX%7CALZB%20L7%23C%20BZLA%207-%23F%7D%7C%20QyX%7CrQyXZL7%23CZXyQr%207-%23FFZL%2CfXyQ%7CCC%7CQyX7-B%7C%7D%207%23CB%20ZLA%207-%23F%7CQyX7%23%237%20%20%2C7-B%7BZ%23-7XyQZ%20%3DPop-Rock%3D115%3D1
a8612213-1a08-4b39-a1c1-b54165b0aa41,irealb://Aldatildik%20KOD%3DRengin%3D%3DMedium%20Swing%3DA-%3D%3D1r34LbKcu7cKQyX4E7b9oleM%20%2096*%3Ci*%7B%20Q%20yXQyX%5DQyXx%7CQyXdi%3EA-4Ti*%5BE%7C%7DQyXyQKcX%3E%20%20QyXQyX93*%3CZEL%20lcKQyX-DZL%20lyQ%7CxXFZL%20lgo%20reXyQ%7CAelen%20eziB%20%2096*A%3C*%7B%5D%20n%20-A%7C%2CE%20%20-r%20nelx%7CQyXQyXE%7Cler%3EAQyXx%7CQyXG%7CQyXxQ%7CyX-D%7CQyXx%7CQyX-%7CCXyQitter%20%7D%20%20l*66%20%20E%7CQyXEZL%20lcKQyxX%7CQyX-A%3EanalafuXyQKc%3CB*%7B%7DKQyXEnison%7CQyX%2C-DZL%20lcKQXy-AC*%7B%20QyX%5DQyX%3EEXyQ%7CU33*%3Ccl%20LZA-XyQ%7D%7CXyQ%20%7C%20%3D%3D0%3D0
a86a45f9-907a-4730-8449-8694cca5cb31,irealb://Il%20est%20libre%20Max%3DComposer%20Unknown%3D%3DChansons%20Fr%3DB-%3D%3D1r34LbKcu7yX%5EG%7CB-XyQQyX-B%2CB*%2C%5BYY%5DQXy-B%7CQyXA%7CQyX%5EG%7C%7CxXyQ%2CA*%2C%5BQ%7CxXyQ%7CAXyQ%7CB-XyQ%7CxXyQ%5D%20%3DJazz-Medium%20Swing%3D100%3D3
a822a6b6-9e48-4911-ad5c-c802bc7c121f,irealb://Que%20reste-t'il%20de%20nos%20amours%3DTrenet%20Charles%3D%3DChansons%20Fr%3DA%3D0%3D1r34LbKcu74TA*%7B9XyQ%7CyXQyXQyXQyX%5DQy7X%23F%7CQyX%5EA%7CQyX7EQXyQ%20-Bi*%5B%5EA1N%7CyQ%7CE7%7CQyX7-BZL9b7%23F7%20-%23CZL7D%20%5EA%7CQyXE7XyQX9-B47-D%7CQC%23-%20F*%5B%5DQyX7A%7CQyX7-2ENZL%20QyXQyX%7D%207%23BD%5EXyZL-B%20%207%23F%20A%5E%20G7Xsus7E%7CQyX9BZL%237F%207-B%7CQyX7%23FZLyQ%7CE7ZL7G%20X%5EF%7CQ-9XyQQyX7-BZL7%23F%207-C%23ZL7D%20%5EA%7CQyX7E%7C%7CE7XyBA*%7C%5DyQ%7CUA6%20F%237%20%5D%20%3DJazz-Medium%20Swing%3D112%3D4
a843fdaf-cec1-4fc4-8a79-c0e34567e069,"irealb://But%20Beautiful=Van-Heusen%20Jimmy==Ballad=G=7=1r34LbKcu7%207%5EGZ4G%5E7%20F%207h%23C%7CQyX7-AZ9Lb7E%207hBZL)7C(%20%237b9L4TA*[AZL7-LZBh7ZLC%2F7D%207DB*[]%20l%20cKQyX7AZL9b7E%20B-7%20E)7C(%20GA*[]LZG%5E7%7CQyX7-A%7CQyX7A%7CyQX7-EZL)9b7B(%20%20D7XyQ7D%207-ZL)7CC7)LZGZL9b7%23F%207h%23C%7CyQX7-AZL9b7E%207hB%5E7%20%20((%20%207%5Eh%23Fs%207b9LZ7-E%207-BZLC%2F7D%20D7C*[]%20%20lcKQyX7ALZA-7E%207hB,B7,%7ClE-7%20F7LZB-7%20E7LZA-7%20D7LZG6%20E-7LZA-7%20D7%20Z%20=Jazz-Ballad%20Swing=60=0"
a84bfeb1-1ec9-4d9e-97b8-a75c5d1c53c4,"irealb://Limehouse%20Blues%20%20dfb=Braham-Furber==Up%20Tempo%20Swing=G=7=1r34LbKcu7%20x%20ZL4%3C*68yX7AZL%20x%20ZL%20x%20LZ%20lcKQyX7C%3EBA%20%20QKcl%204TA*[%207D%7CQLZGXyZL%20lcKQyX7A%7CQy-XE%7CQyX7BZL%20lcKQA-7Xy%20x%20ZLZL%20x%20[*BC7ZL%20lcKQyX7AZL%20%20xZL%20x%20ZL%20lcKQyX%20x%20LZ]%207bDGXyQ%7CE7XyQ%7CA-XyQKcl%20LZC-6XyQ%7CD7XyQ%7CG%20,U,%20LZG7,XyQZ%20=Jazz-Gypsy%20Jazz=261=3"
a827c102-8508-4c3b-a7e5-7fa6894f8b75,irealb://Silver's%20Serenade%3DSilver%20Horace%3D%3DMedium%20Swing%3DG%3D%3D1r34LbKcu7QyX9-4E-9XlcKQyX9-AZL%20lcQKyX9-bBZL%20lcKQy%20LZEb4TA*%5BbE%207-%5D%5B*BAC%207%5EbBZL7Bpp%7CQXy7-CZL%20lcKQyX7--7LZD%20%20lcKyX11%23-7%20%20QQyX96Gf%7CQyX11%23D7Q%7CYZQyX11%237DZL%7CfG%5E7AZL7%5EQZ%20%3D%3D0%3D0
a88391f3-c3f0-4e3d-b048-1265d50a8dc7,irealb://Hard%20Day's%20Night%20(Tom's)%3DBeatles%3D%3DRock%3DG%3D%3D1r34LbKcu7QyXC%7C4G%20DLQyXF%7CQyXGZLD%20GQ%7CyXG%7CQyXF%7CQyXGZ%7CGXyQ4TA*%7BX-E%7CQ%7CG%20CL%20lcKQyX-B%7CQyX-%7CEQyX-BB*%7C%7DQyXGZLZGXyQyXD%7CyQ%7CA-XyQ%7CD%20D7%2C%20%7D%20%3DJazz-Medium%20Swing%3D77%3D4
a8a143d9-ed95-4075-93bb-047d4af30be2,irealb://I%20Should%20Have%20Known%20Better%20(Tom's)%3DMcCartney%20Lennon%2F%3D%3DMedium%20Swing%3DG%3D%3D1r34LbKcu7%7CQyXD%20D%2CLZ1NZL%2C%20%20-EZLD%20GQ%7CyX-EZL%20x%20ZL%20x%20CXyQ%7CG44T%7BX-E%7CQ%20x%20U%20QyX-E%7CQyXC%7CQyXE-%7CQyXB%7CQyXC2N%7C%7D%7CB7XyZLD%20G%7CQyXDyQ%7CGX%7CQyX-E%7CQyXG%7CQyDX%7CQyXCZL7G%20G%7CQyCXyQ%7CXC%7CQyG%20DLZG%20D%20%7D%20%3D%3D0%3D0
a8a458ab-02b5-455e-b970-1233e221fbf0,irealb://Moanin'%3DTimmons%20Bobby%3D%3DMedium%20Swing%3DF-%3D%3D1r34LbKcu7eniF%3C4n%20BbyXZLQyX%7CrQyXZLyQX%7CrQyXZL%20n%2CFZLQr%7C%20%204TA*%7BA%207-b*BBb-%209b7F%7CQyX7-FZL%2397C%209b7GZL9bA%207B7LZB%5B%7D%20%20%3EoS%20%3CA7b9XyQyX9b7C%3EeniF%20l%20a.C.D%3C%7CQyX7hG%7CQ%5DY%7BS*GZL9b%20%20%7CrQF-7%20AyX%7CrQyXZLQyX%7CryQXZL9b7C%207GZL7bQLZXy%3E:solBZL7B%3E%20%20%7D%5B%7CQyX7-FZL9%237C%20b97GZL9bA%207-bBB*F7b9%20eniF%3Cb-7%20Ab9LZG7b9XyQ%7CGh7XyQ%7C%3CD.S.%20al%20Fine%3EC7b9XyQ%5D%20%3D%3D0%3D0
a8c55bc0-c20d-422c-b2bc-a433cf354037,irealb://Jingle%20Bell%20Rock%3DBeal-Boothe%3D%3DMedium%20Swing%3DA%3D%3D1r34LbKcu7-BZL94A6%20AZL31E%207-BZL7ob%20B6AZL7%5EA%206AZL7%5EB-7%20E4TA*%7BA%2C7-EZN1B-7E%207B2NZL%20QyXQXy%7DQyX5%239EZL9E%207LZA%20sL7E%207B%207EZBlDXyL7B%207-%23FZL%20lcKyQX7%5EA%7CQyX7o%23D%7CQZ%20x%20L*%5B%5D%2C7QyX6D9XyQ%5D%205%237%23F%7CQyX7-%23CLZ%20x%20ZL7%5EA%206AA*%5BF%237LZEZL7-%7CD-6%20%20QLZB7%20E7LZAXyQZY%5BQB7%20E9LZ%20x%20LZ%20x%20LZAXyQZ%20%3DJazz-Medium%20Swing%3D120%3D3
a8e10ec0-52ee-446d-b8ab-6a25695a46bf,irealb://First%20No%C3%ABl%2C%20The%3DTraditional%3D%3DWaltz%3DD%3D2%3D1r34LbKcu7%5D%20%20x%204DXyQZL%20x%20ZL7A%20DZL7%20A%2CD%7C%2CG%20%20D%7CQyXA%7C%20x%20LZ3TA*%5B*%5B%5D%20%20yQ%7CA7x%20ZL7A%20D%7C%2CG%20%20DLZ7A%20D%7C%2CG%20%20D%7CQyX%20LZ%20xXDB*%5BCDXyQ%7CA%20%20D%2C%7CGXyQ%7CDXyQ%7CB-%20%20G%2C%7CD%20%20A%2C%7CD%20%20A%2C%7CDXyQZ%20%3DJazz-Ballad%20Swing%3D75%3D3
a818ebc8-25ec-4319-b807-054604e345e6,irealb://Viva%20La%20Vida%3DColdplay%3D%3DMedium%20Swing%3DC%3D%3D1r34LbKcu7%7CQyX%23T44C%23%5B%7D%20%3E21X47*%3C%20%20FQ%7CyX%23G%7CQyX%23D%7CQyX%2C*B%2CC%2CA*%2C%7BF%7CQyX%7CCXyQXF%7CQyX%23C%7CQyXF%7CyQX%23C%2CC*%2C%7B%7DQyXF%7CyQ%7CC%23QyX%23DQyX%23G%23XyQ%7CD%7CQyX%23C%3Esgnirt9S6*%3C%2CD*%2C%7B%7DQyX%23D%23XyQ%7CD%7CQyX%23G%7CQy*694xyX%23C%7CQyXF%7CQyXCQ%7CyX%23D%7CQyX%23C%7C%7D%20%3EQ%7CD%23X%3C%20%20F%7CXyQ%7CFXyQZ%20%3D%3D0%3D0
a8cf19ab-de5d-4db8-bf1f-ff7fb33c7482,irealb://Welcome%20To%20Paradise%3DComposer%20Greenday%3D%3DRock%3DC%3D%3D1r34LbKcu7lacoVT44EbA*%2C%7B%20%20QyXQyX%3Ex346*%3C%7D%20bA%20bD%7CQyX%2C%3C*66%2Ci*%2C%7B%7DQyXbyQ%7CDbbG%7CQyXbD%7CQyXbEZ%7CL%20lcKQyXbE%7CQyXXyQ%7CBXbE%3EsXbA%7CQQ%7CBbXQyXbE%3EoroC47*%3CB%2C*%2CZL%20QyXQyX%5BQy%7CGbXyyXbG%7CB%7CQyXyQ%7CEbXbG%7CQyXbEZL%20lcQKyXbB%7CQyXbG%7CQyXyQ%7CAbXB%7CQy%2CorocbXyQ%7Cov%2Cortni%20peR24%3C*%20%20QyXQyX%5DQyXbBcals%2CE%7CQyXintro%2Cbass%20solo%2Ccoro%3E%20%3D%3D0%3D0
a89e0636-736c-48e2-b360-0a0173e51dff,irealb://Probably%20Me%3DSting%3D%3DPop%20Ballad%3DC%3D%3D1r34LbKcu7E%7CQyXT44E-QyX-BZLQyX-AZLx%20%7CQyXx%7CQyXx%7CQyX%7CE-%5E9A*%7B%20%5BX9%5E-EZA-XyBZLQyXCZL%20%23C%2F-%7CEQyX-E%7CQyX-BZLQ7XyQ%7CL%209%5E-X7-A%7C%5E9%20%20%7DE%2FG%2C%23F%2FG%2CG%7CQyX%7CGQyXD%7CQyX7-AB*%5B%2CE-7%2C-E%7CQyyXC%7CQXyQ%7CG-E%7CQyX-E%7CQyX7-%7CBQyX7-A%7CQyXGZL%20%2FC%23XyDZLQyAZL%20xyQ%7CE-%7CQyXxZLQyX%2C-EA%7C*%5DQyX9%5E-E%7CQyX9%5ExXyQ%7CX7B%7CQC%2F-E%7CZB-Xy%7CQyX-BZLQyX-AZ%20L9%5E-E%7CQyX9%5E-E%7CQE-XyQLQyX-%23%20%20%7B%3Crepeat%20as%20outro%3ECXyQLZB7XyQ%7CE-%5E9XyQ%7CE-%5E9%20%20%7D%20%3D%3D0%3D0
a8d4a5ca-8888-4fd6-a414-6d5c77267c99,irealb://Amarsi%20Un%20Po'%3DBattisti%20Lucio%3D%3DFunk%3DG%3D%3D1r34LbKcu77-BZL4A-9XyX9-A%7C%7D%20%3Ex3%3C%20lKcQyX7%5EGZL%20lcKQyQKcl%204TA*%7BXyQ%7CEsus%20E7%20Z%20%3DPop-Soul%3D85%3D3
a88a854d-acc0-4261-bbd3-f6ca287271f7,irealb://Jesus%20Is%20The%20Answer%3DCouch%20Andre%3D%3DWorship%3DC%3D%3D1r34LbKcu7ZLtlabXyQBbEQyXbAZL7bE%207b-BQyX7-C%7CQyXD%2Fb%2FG%20C7E44T%7BN1F-7XyQBb7susXyQ%7D%7CN2F-7%20Bb7%20Eb%20Bb7sus%20%7D%20%3D%3D0%3D0
a8fba3cf-c287-443e-903b-af11ee9e3349,irealb://Amores%20Sin%20Igual%3DDavid%20Lee%20Garza%3D%3DMedium%20Swing%3DD%3D%3D1r34LbKcu7XQyXQG%20C7L%7CQyXD2NZL7D%20D1ZNL7A%20-EZL-E%20-BZXyQXy%2CA*%2C%5ByQ%7B%2C*B%2CD%20D7LZG%20E-LZAXyQ%7CDXyQ%7D%20%3DJazz-Medium%20Swing%3D100%3D3
a832e287-927b-4902-bb25-79748b3b5d71,irealb://Senza%20Fine%3DPaoli%20Gino%3D%3DMedium%20Swing%3DC%3D%3D1r34LbKcu7LCZLG4CLZA-AZLCA*%7B%5D%20GZLFLZ-AZLCZLGZLFZL-LZFLZ3Ti*%5BFZLbAFLZG%20ZL7-bBZL7-FZLbZAL7bEZL7-bBB*%5B%5DEb7LZZL-AZ7CZLx7b9LZ%7C%7D%20%5EFZLFZL7CZL-7GC*%7B%7D%20xZL7GZLxG-7LZDZL7-xZL7GLZFLZ9DZLxZL31b7AZLZxL9b7EZLxZLxZLxLZxLZxZL9bFZLbACLZA-ZL7-bBB*%5B%5D%20GZLZFL-AZLCZLGZLFZLEb7LZA*%5B%5D%207CZL7b-7LZ%5D%20xZL7GZLxZL9bD7ZL7-FZLbAZL7bE%7B*CG-BZL7-7AZLxF%5E%20%7D%7CEZLxZLxZLxZLFZxLZL9b7CZLxZL7-G7b9LZZLFZLb13LZxLZD9LZxLZG7LZx%20%5D%7BCLZA-LZFLZGLZCLZA-LZFLZG%20%7D%20%3DJazz-Medium%20Swing%3D100%3D3
a89b4aaf-677d-4db1-9a47-d5264363abaf,irealb://Roll%20In%20My%20Sweet%20Baby's%20Arms%3DComposer%20Unknown%3D%3DBluegrass%3DG%3D%3D1r34LbKcu7%20ZLx%204%20G%2CLZLx%20ZL%2CD%20ZLx%20ZxL%20ZLx%20ZLx%20ZLx%20Z%20G%2CLZ4Tv*%5Bx%20ZLxxLZ%20GZLx%20ZL%2CG%20C*%5B%5D%20G%2C%20ZL%2CG%20ZL%2CD%20ZL%2C%20xLZ%20%20ZL%2CCG%20ZL%2CZ%20D%2CLD%20ZL%2CG%20ZLx%20ZL%2C%20CZLx%20ZL%2CG%20ZLx%20Z%2CLZ%20GLx%20ZL%2C%20Z%20%3DPop-Bluegrass%3D175%3D1
a8698826-ec5d-4ba5-899b-bd75c722971c,irealb://Superstition%201%3DWonder%20Stevie%3D%3DPop%3DEb-%3D%3D1r34LbKcu7ZL%20lc4Eb-7-bESA*%7B%7D%20%3Ex3%3C%20%20xZL%20x%20ZL%20lcKQyX7XyQK4Ti*%7B/W%2CbG%20x%20LZ-bEA*%5B%5D%20%20x%20ZL%20%20xZL%20lcKQyX%2C7-bE7%20sW/ZL%20x%20bB/WsEb-7%20l%7C%2CbB/W%2CbG/Ws%20-7bEl%7CbG/W%2CbB/WsEb-7%20l%7C%2CbBWs%207-%7C%7ClEbG/W%2CbB/Ws%207-bE%7Cl%2CbB/W%2CbG/Ws%207-b%7ClEbbG/W%2CL5b7A/Bb%2C%7CL5b7B%207bBlB*%5B%5DGb/W%2CbB/Ws%207-bElZBb7%20W%2CbG/7B%207byQ%7CBb%20Q%20x%20ZL%20x%20ZL%20lKcQyX7-bE%7CQyX5%237%7D%5B*BBX7bAZ%2CbG/Wb7%20A7El%7CQyX7-bE%7CQyX%2357bB%7CQyX7bAZL5bb-7%20sBZL5bZL%20lc%7ClEb--bElQ%7BZ%20%20x%20%3EadCo%20la%20.S.D%3C%7CQyX77XyQK%2CbB/W%20x%20LZ%20x%20%20%7D%20%3D%3D0%3D0
a8f5a752-a87a-42cd-9e83-ce6d13776f25,irealb://Final%20Fantasy%20X%20-%20To%20Zanarkand%3DUematsu%20Nobuo%3D%3DBallad%20Even%3DE-%3D7%3D1r34LbKcu7ZL-AZ4E-%2CpBZLxZLC%5B%20QyX%5D%20-%20B%7C%2CCp%2CDZL%20C%7C%2CD-LZxL3Ti*%5BXD%7CQyZx%20%5D%5BQyX-E%7CQyXG%7CQyX%7CDQyX7%5EC%7CQyX-EA*%7CC%5E7XLFZLx%2C-Bp%2CyQ%7CE-XD%7CQyX7%5EC%7CQyXGQ%7CyXD%7CQyX7%5EC%7CQyXyQ%7CA-XG%7CQyX-A%7CQZx%20%5D%5B%7CQyX-B%7CQyX-E%7CQXyG%7CQyXF%7CQyX-AB*F%23-XyLClZL%7CQyXGsus%2CB%23C%7CQyX-%23F%7CQyXAQ%7CyXG%7CQyX-BlZLp%2C-XyQ%7CBs%7CQysF%23-%2CpF%23-7%2CLZlBLZx%20Z%20%3DJazz-Ballad%20Melodic%3D80%3D4
a851fd6d-e7d0-4df9-b715-f0a0cb9900e1,irealb://Mario%20Paint%20-%20Creative%20Exercise%3DTanaka%2C%20Yoshitomi%2C%20Totaka%3D%3DPolka%202-Feel%3DDb%3D1%3D1r34LbKcu7bEB*%5B-7%20%20s%5EbAl%7C%2C7bEs%20%207-Bb%7CQyX7%5EbAl%7C%2C7bE7XyQ%7DbBA*%7BDZL7b7LZDbEZL6-bB%207-bBZLF7%205b7-CZL6bD%207%5Eb-7%20AbA%207-E%2C7bAb-7LZB*%5B%5D9bA%2C7-bE%2C7%2CE7-FsZL7C%205b7-GEb-7%2CB%207%5EbbA%2C7-b7KclA%2C7-bEsZL7bB%207F-ZL9bG%207%5EbDlZL%20b7%2CEbA%2C7-bsZL7%5Eb%5E7%20BbA%207bEZL7bB%207%5EDblZL7bA%207bEZL7b7LZDbDl%7C%2C7Eb-7%2CAb7%2CEb-7%2CAb7%2C%7ClDb%5E7LZsEb-7%2CAb7%2CEb-7%2CAb7%2CZ%20%3DJazz-Medium%20Swing%3D135%3D4
a85d4a20-c077-48cc-84bc-6b4f309d3c29,irealb://Viviendo%20deprisa%3DSanz%20Alejandro%3D%3DMedium%20Swing%3DA%3D%3D1r34LbKcu7%20QyXQ4%3C*39QyXQyX%3EA%20sesapomc%204%20%2B%20arratiuGXyQXy4Ti*%5BFZL%20lXyQ%7CC7EZL%20lcKQyXDZLl%20cKQyX-%23F%7CQyX-%23XyQKcAA*%7B%5DQyXDB%7CE7XylcKQyX7EZL%20lcKyQXBZL%20lcKQyXD%7CQ%20%20%7D%7B*QyX-%23XQyXQQ%7CC%23-lcKQyXA%7CQyX7E%7CyQX-B%7CQyX-%23F%7CQyX%20%20%7DXyyX7E%7CoS63*XyQ%20*B*%20%20A*%20%20QyX%3Earartiug%20oloS63*%3CB%20%20*B%3CQyXQylo%20guitarra%3EXyQXyQ*B%20%3D%3D0%3D0
a86523f6-d062-41c4-a046-1dd6fa894d79,irealb://Isn't%20She%20Lovely%3F%20(Tom's)%3DWonder%20Stevie%3D%3DPop%3DE%3D%3D1r34LbKcu77-%23Cl4C%23-7%2CB%2FW%2C%23G%2FWs%20E%7CQXy11B%7CQyX9%23F%7CQyX%5DY%5B*A4Ti*%5B11B%7CQ%239XyQl%7C%2CG%2FW%2C%23G%2FWs%207%23-C%7CQyXE%7CQyX11B%7CF%239XyF%7CQyXKQyX1XyQ%5D%5BX9%23F%7CQyX7-%23C%7CQXy9b7%23G%7CQyX7%5EAB*yQ%7CB1E%7CQyXcl%20LZEXyQKcl%20s%20(G%237)%5D%20%3DPop-Shuffle%3D105%3D6
a81c5163-0373-442d-b634-f27293aac143,irealb://Autumn%20Leaves=Kosma%20Joseph==Medium%20Swing=G-=10=1r34LbKcu7%7CQyX74%3C%E3%83%A9%E3%82%B7%E3%83%89X7%5EbE%7CQyX7%5EbB%7CyQX7F%7CQyX7-C%3E%E3%82%A1%E3%83%95%E3%83%83yQ%7CAh4TA*{%20lcKQXyQ%7CG%7CQyX31b7D%7CQyX7AhB*[}%20%20lcKQyX6-G-6Xy31b7D%7CQyX3XyQ%7CFQyX7hAC*[]QyX7b%5EE%7CQyX7%5EbB%7CQyX7%7CD7b17-CZLG-7%20Gb7LZF-7%20E7LZAh7XyQ%7CD7b13XyQ%7CG-6XyQKcl%20%20Z%20=Jazz-Medium%20Swing=120=0
a89eb258-5a08-498c-9a40-98d6e889c91f,irealb://Where%20Did%20Our%20Love%20Go=Holland%2FDozier%2FHolland==RnB=C==1r34LbKcu7X9dda44CXyGZL%20lcKQyX7%2DDZ%20LlcKQyXGZL%20lcKQXyQ%7CFTSA%2A%7B%20%209ddACXyQXGZL%20lcKQyX7%2DDLZ%20lcKQyXGZL%20lcKyQ%7CFa%2A%5B%7CQyddaF%7C%7D%5B%2ABCL%20lcKQyX7%2DDZL%20clKQyXGZL%20lcKQyXZGXyQ%20%3E%20%3CQQyXG%3E%5D%5B%2ACCL%20lcKQyX7%2DDZL%20clKQyXGZL%20lcKQyXZ%3CXyQQyX%2C9X7%2DDZ%2E%20al%20QyXGZL%20lcKQyXC%7BQ%5DQyX9ddaF%3EadoCKcl%20LS%2ED%3C%7CyQKcl%20LZG%20%3C%20%20Repeat%20and%20Fade%3E%20LZFadd9%20%20%3C%20%3E%20%7D%20=Jazz%2DMedium%20Up%20Swing=138=1
a8ac219a-b939-482a-bad0-bf907782aa60,irealb://Californication%3DRed%20Hot%20Chili%20Peppers%3D%3DRock%20Ballad%3DA-%3D%3D1r34LbKcu7%20FZLG4A-XyyXF%7CQyX-AA*%7B%7DQXyF%7CQyX-A%7CQyXF%7CQQ%7D%7CC%204Ti*%7B%3EmurtA-XyQ%7DQyX7%5EF%7CQyX-A%3EumrtS%3CSB*%7C%7DQyXF%7C%7B*C%3CS%7BZL-DDZL7G%7CF%5E7XA%207-DZL7G%20CD*%5BQ%7DyX7%5EF%7CQyX-A%7CQy-LZC%20QyX-A-9XyQ%5D%3CD.S.%20to%20A%20D.S.%20to%20C%20then%20D%3E%20%3D%3D0%3D0
a8fc4741-4f6b-4e12-a902-834f32c2d8bd,irealb://Happy%20Birthday%3DComposer%20Unknown%3D%3DMedium%20Swing%3DC%3D%3D1r34LbKcu7XG%7CQy%7CXyQLXF%7CQyXGZLQyX%7CQXy-AZLQyX%7CQyXbBZyQ%7DFXQyXC%7ByQ%7CFXyQ%7CGXyQ%7BCXyQ%7CCXyQ%7CCXyQ%7CF%20C%2C%20%7D%20%3D%3D0%3D0
a8119190-6dff-42d2-b35d-53ebcc13847b,irealb://Kufsteiner%20Lied=Ganzer%20Karl==Medium%20Swing=G==1r34LbKcu7LxZLx4D7Xy7DZLxZLGSA%2A%5BY%5D%20%20lcKQyXGZL%20lcKQLZxLZ6Ti%2A%5ByXQyXLZGLZGZL7DZLCZLxZLGLZ7DZLGZLxZLCZLxLZx%20%5DxZLGZA%2A%5BYZB%3C%2A63GZLxZL7DZLxZLGLZxZL7D%3ELEDOYQyXLZxQL%2A%5B%20%20QZLxZLZD7LZZLGZLxZLCZLxZLZGLxZLGZLxZLxZLxD7LZGLxZLGC%20la%2063XyQxZLGZLxZL7DZLxLZGZLxZL7D%3ELEDOY%3CD%2ES%2E%2A%3CB%2A%5Boda%3ELZYYQ%3C%2A63XyQ%20%20YODEL%3ED7LZxLZGLZxLZD7LZxLZGLZx%20Z%20=Jazz%2DBallad%20Melodic=200=2
a8fd4f1b-d35a-4832-b859-9db1e75a25ac,irealb://Blue%20(Leann%20Rimes)%3DMack%20Bill%3D%3DBallad%3DA%3D9%3D1r34LbKcu7LxZL7LZC%237%23CZLAZL7EZLAZLE7ZL7BZLxZL7%23FZL7LZF%23A44T%5BZLAZLE7LZAZLxZL7BZLxZL7%23ZFLxZL7%23CZLA%7C%2CD%2CELZE7ZL7BZ7EZL%2CF%237LZZL7%23FZL7%23CZLAZxLZLAZL7EZL7BZLxxLZB7ZL7%23CZLxZLZE7LZA%7C%2CD%2CAZL7EZL7BLZxZL7%23FZL7%23CZLALZC%237L%2CAZLZL%2C7FxLZB7L7-GZL7GZL7DZLBb%7C%2C7F%2CEZLEZLxZLZEbLZZL7%23FBb%2CA(A)Bb%2CB%2C%7CEbLZF7LZBb%2CEb%2C%7CBb%20%5D%20%3DJazz-Ballad%20Swing%3D100%3D2
a8c31b96-c04d-4875-a835-e9e432346c16,irealb://Breaking%20Us%20In%20Two%3DJackson%20Joe%3D%3DEven%208th's%20.116%3DGb%3D%3D1r34LbKcu7A%7CQyX4F%23XyX%5EE%7CQyX%23FZL6E%20D%5E%7CQyX%23F%7CQyX%5EE%7CQyQ%7CD%5E4TA*%7B%7CQyX%23DXyQ%7CE%2C%5ED%20Es%7CQyX%5ED%7CyQX6E%7CQyX%5ED%7CQyXE6%2C%7ClF%7CQyX%5EQyX6EE6%2CQ%20%2FDlB*%5B%5D%20%2C6E%20%23FN2%7CQyXQyXQyXQyX%7DBXyQ%7C%20%5ED1ND%7CQyXQ%7CsF%23%20E%20%23F%7CQyX%23F%7C%2CED%2C%20E%7CQyXDlZL%2CE%20-Z%7CC%2FAyX6D%7Csus%23CA-%2CppB%2Fsus%23F%7CQyX%5EC%7CyQX%5EC%7CQyX-El%7C%2C-EXyQ%7Css%7CQyX%20C%23%20%5D%7BQlF%236XyQ%7CxXyQ%7CxXyQ%7CsD%5E%20E6%3C*153x%3E%20%7D%20%3DLatin-Brazil%3A%20Samba%3D142%3D3
a82bb87b-9f3a-4912-9061-944f5615fa73,irealb://Rumba%20%28Rawlins%29%3DRobt.%20Rawlins%2C%20%22How%20to%20Play%20from%20a%20Real%20Book%22%20%282012%29%20p.66%3D%3DSwing%3DBb%3D%3D1r34LbKcu7Y%7BT44Bb%5E7XyQKcl%20LZC-7XyQ%7CF7XyQ%7D%20%3DJazz-Long%20Notes%3D100%3D1
a851e258-6db9-4b61-b357-3d8318a1703e,irealb://CESH%20Type%201%20x%201%20%2d%20Down%20Half%20Step=Charts%20Practice==Medium%20Swing=C==1r34LbKcu7B%7c%7cQy%2d%5e7%2fBLB%2f7%5e%2dC%20bB%2f7%2dCLZA%2f6%2dC%20bB%2f7%2dCZLZC%2d%2cXC%20%2dC%5bbB%7c%7cQ7%2fA%23LZL%23A%2f7%5e%2dB%20A%2f7%2dZBL%23G%2f6%2dB%20A%2f7%2dBZB%2d%2cXy%5e%2dB%20%2dyX%2c%2db%5e7%2fAL7%5e%2dbB%20bA%2f7%2dbBZGL%2f6%2dbB%20bA%2f7%2dbBZ%2fALZB%2dbB%20%2dQyX%2c%2d%20A%2d%5e7%2f7%5e%2dA%20G%2f7%2dAZL%23%2fF6%2dA%20G%2f7%2dAZL%23G%2fG%23LZA%2dA%7c%7cQbAZLG%20Ab%2d%5eA%20bG%2f7%2dbAZLF%2f6b%2dA%20bG%2f7%2dbAZLG%2f7b%2d%5e7%2f%2dbA%7c%7c%2c%2dGZL%7c%7cG%2d%20%2dG%20F%2f7%2dGZLE%2f6%2d%20GF%2f7%2dGZL%23F%2f7%5e%2dG%5e7%2fF%23QyX%2c%2dZLF%2f7F%23%2d%20FE%2f7%2d%23FZL%23D%2f6%2d%23%20FE%2f7%2d%23FZLF%2f7%5e%2d%23%20F%23%2d%5e%7c%7cQyXFZLE%2fyQ%7c%7cFbE%2f7%2dFZLD%2f6%2dF%20Eb%2f7%2dFZLE%2f7%5e%2dF%20%2d%20F%2d%5e7X%2c%2d%23F%2dEZL%23%7c%7cE%2d%20E%20D%2f7%2dEZL%23C%2f6%2d%20ED%2f7%2dEZL%23D%2f7%5e%2dE%2d%5e7%2fDQyX%2c%2dD%2f7%5e%2d%7cEb%2d%20%2f7%2dbEZLC%2f6%2dbE%20Db%2f7%2dbEZLD%2f7%5e%2dbEDb%20Eb%7cQyX%2cL%23C%2f7%2cXyQ%7c%2f7%2dDZLB%2f6%2dD%20C%2f%2d7DZL%23C%2f7%5e%2dD%20%2dD%7cC%20D%2d%5e%2dbEZL7%5e%2dbDyQ%7c%7cDbDZLbB%2f6%2dbD%20B%2f%2d7bDZLC%2f7%5e%2dbD%20%2db%2d7%2fB%20X%2c%2dDZ%2fCLZDb%2d%2cXyQZ%20==0=0
a875a740-be1c-4691-b3bf-6d1a8ba1c830,irealb://Cherish%3DKool%20And%20The%20Gang%3D%3DMedium%20Swing%3DBb-%3D%3D1r34LbKcu7ZL%20lcIntro-bEZL%20lcKQyX7%5EGbZL%20lcKQyX7-bB%3E7XyQK06*%3C%5BBZL%20l%7CAbXy7%5EbGZL%20lcKQyX7b-B%3EesreV36*%3C%7B%5DQXyQKcQyXbGZL%20lcQKcl%20-FZL%20lcKQyX7-bZEL%20lcKQyX7%5EbGZL7XyQKyX7-b%20lcKQyQKclB%3EsurohC06*%3C%5BZ%20%20lcKQyXsusbAZL%20b-7XyX7%5EbG7-bB%7B7XyQK%7CQyX7%5EbDZL%20lcKyQXbA%2F7-bE%7CZL%20lcFXyQ%7D-bEZL%2CLZxLZEb-7%2CLZxLZEb-7%2FAb%2CLZxLZDb%5E7%2CLZF%2C%20%7D%20%3DPop-Disco%3D93%3D1
a86da4e2-a3b0-450a-a134-b7ba1f1727c7,irealb://Winter%20Wonderland-Rev%20JE%3DBernard%20Felix%3D%3DSwing%20Two-Four%3DEb%3D%3D1r34LbKcu7%5D%20%2C7b4Eb%5E7AZL7-G%207-FZL7b%20G7-GZL%297-F%287bA%20b-7%20D4TA*%7B7-Fn%2C-7%2C%20C1NA*%5D%20%2C7bB%20%2C7FLZ%2C7bD%20%2C7-bAZL%2C7sEb%5E7GB*%5BYBZL7-YXyQXlB*%5B%5D%2C7D%2C7-An%2Cb%5EE2NA*%5DQyXQyXQyG%5E7%20A%7D%2C7E%2C7-D%2077LZlG7-C%207%5EbBl%7C%2C7D%2C-7As%207-BZL7-A%207%5ELZBb%5E-A%207-%207-GZsC-7%2C%287bA%207%5EbElA*%5BYn%5D%2C7En%2C7-F%7Cn%2C7BnF-7%29LA*%5D%20%2CQ%2C7bDF-7%20GAZL%2C7C%20%2C7-GB*%5B%5DY%20%2C7bD%207-bAZL7-b-7%2C%20ZL7bGhG%7C%2Cb%20Bb7%2CbB%2CA/W%2C7FQ%5B%5D%2C7%2CE7-Fn%2C7%5EbEsA*%5D%207%2CW/A%2C7FZLL%20n%2C%5E%2CC7b9%2C%5EbD%7C%2CD/Ws%20%207EQ%7CyX%2C7FlA*%5D%2CE/W%2Cn%20LZDbB/W%2CZU%3CFINE%3ElEb%5EXyQZ%20%3DJazz-Swing%20Two/Four%3D140%3D3
a826a60e-b509-498e-bcaa-17d4a3fbee52,irealb://Corn%20Bread%3DMorgan%20Lee%3D%3DLatin-Swing%3DC%3D%3D1r34LbKcu7ZLxZL7LZxLZL7CZLxZLxZLxZxLZLxZL7F%5B%20xZLxZxLZF7Fsi*%5BZL7F%7CxLZF7%2C5%237G%7C%2C7D%2C7FZL%7C%20r%20ZL7bB%7C%2CA%2F7F%2CC7%235%2CZL7bBLxZLx7LZxLxZLxZL7FB*%5B%5D%20xLZxZLxZLxZLxZLxZLZxLZF%5B%5D%20x%7C%2C7D%2CxLZF7%7Cr%20ZL7bB%7C%2CA%2F7F7%2CFZLxZL7bBZLxZL%20LZF7ZL7CZZLxZLC7%235%2CLxZLxZL7FQA*%5B%20Q%20yXQyX%5D%20QxZL7F%7CZxLZx%2C5%237GG%7C%2C7DLZF7L%20%7Cr%20ZL7bB%7C%2CA%2F7%2CF7FZLxZL7bBZLxZLZF7%2CxZL7C7%235%2CC7%235%2C%7CF7%2CLZx%20%5D%7BF7LZxLZxLZxLZxLZxLZxLZx%3CFade%3E%20%7D%20%3DJazz-Latin%2FSwing%3D144%3D4
a8673529-2c41-4090-9061-d6eba2462b5a,irealb://Diamond%20In%20My%20Pocket%3DComposer%20Unknown%3D%3DMedium%20Swing%3DC%3D%3D1r34LbKcu7%20CZL%20%7CG%20LZyXZL%20GZL%20GZL%20CLZ%20-E%7CQyXQyXQyXGQLZE-%2CC%20G%5B%20GZL%20Q%20%20%5D%5BE%7CQyXQyXGZLD%2CCLZ%20GZLD%2CCB*ZLQyX-%20LZCyXDZL%3EgaT%3CQXyQ%7CL%20DZL%20G%7CQyXQyXZCLD%2C-EZL%20GZLD%2CCZC%20%20%7ByXDZL%2C%7BQyX%20%20%7DLZXD%7D%20%3Esemit%203%3C%20ZCL%20G%3EoloS%3C%2CC*%2C%7ByQXyQCZL%20G*D%2CC%20LZG%20%20%7DC%20%3DJazz-Medium%20Swing%3D100%3D3
a8061e5e-c7d5-4d4c-9bc4-e068120ce0d2,irealb://Desde%20Que%20O%20Samba%20%C3%A9%20Samba%3DVeloso%20Caetano%3D%3DSamba%3DD%3D%3D1r34LbKcu7-G%20%5EG4%3CA%20t96DZL7A%2096Dl%3Eaorhnes%20%C3%A9%20asetsir%20D9LZ4TA*%7B%20o%C3%A3di13%20B9Y%5DQyX31A%7CQyX9EQ%7CyX-BZL31A%209EZL%7C%3CSol%23FZL61%23FZLra..%3EGZL%296-A%289Dl%296-Bb%28%2096DZL%2C7A%2096D%5E%20G-6ovapa%20%297A%287%235%29BL7A%209EZL9E%20-BZ3L1A%209E%7C%299b7B%28%209ZD6%20%20%23F%28%203BZL7%23B%3CO%20S-E%289-E%3E..recsa%20niav%20adnia%20abma11%29%20F*%7BYY%7D%2C31Es7%28G%23-yXQyXQyX%7D%207E%20-1BNZL9B%20-%23FZL%2911QLZN2%23C%20%2C-%20E7b13%2C%20E7%2CA9%5D%20%3DLatin-Brazil:%20Bossa%20Acoustic%3D95%3D3
a8f3ce81-b4a4-42b2-8f06-d1aac7fb624f,irealb://Down%20The%20Road%20A%20Piece%3DRaye%20Don%3D%3DMedium%20Rock%3DG%3D7%3D1r34LbKcu7ZL%20lc7%2CXyQ7GZL%20lcKQyX%2C7CLZ%20x%20ZL%20x%20ZL%20lcK%2CXyQKG44T%5BD7%2CXyQ%7CC7XyQ%7CG7%2CXyQKcl%20%20%5D%20%3DPop-Rock%3D145%3D6
a8cd72b1-721d-4fc0-b7be-bf45bc1a0c84,irealb://Envole%20Moi=Goldman%20J%2eJ==Pop=C==1r34LbKcu7QyX%2am4B%2am%2a%20%2am%2aB%7cA%20%20%2am%2aBZAL%20G%7cQyX%2am%2aB%7cA%20%20%20A%7cB%2a4TA%2a%7b%2am%2aEBZN1B%2aX%2am%2a%23F%7cQyXG%7cQyAX%2fB%7cQyXB%5b%7dA%20%20%2amyQ%7c%7b%2aLA%20G%7cA%7cQyXXyQ%7cA%2am%2aA%7cQyXC%7cQyX%2a%2amE%7c%5dQyXD%7cQyX%2am%2aXyQ%7cDC%7cQyXiF%20laQ%7cB%2a772%2a%3c%20%2adn%2aE%20%20Qy%7dXQyX7B%7cQyX%2a4susD%2eS%2e%20yX%23C%2fne%3eXyQ%20%3c%2a303x%3e%20==0=0
a8d12a88-7f99-4a68-b852-01be8a37c882,irealb://Esa%20Es%20La%20Razon=Worship%20Gateway==Worship=C=2=1r34LbKcu79ddaF4%3C%2A694ddaGZLxZL7%2DAZxLZL%2CC%3E3%20y%202%20%2C1%20LZxLZ4TA%2A%7BZL%20%2C4Y%7B%2AB%3C%2C7%2DAsZL%209ddaF%2C%3EC%2E%2E%2Eerid%20eT%2096%2AlGadd%7D%20xZLC%3E%2E%2E%2Ed9%20LZualpA%20%2086%2A%3CC%2A%5B%7DY%20%20%2C4ddaGl%2C7%2DAsdir%20ydaF%2CCF%207CZC5LZx%3E2%2096%2A%3Ci%2A%7BY%7D%2CFG%2CZL7%2DAZLxZL5CZLCLZxLZLxZLLxZLCLZxLZzih%20q%20ol%20ariM%2069%2A%3CD%2A%7BY%7D%20C%2FF%207Co%2E%2E%2E%3ECZLC%2FZBbadd9LZxLZF%2FALZFLZCLZx%20%7D%20==0=0
a814ebed-5449-416d-aa2d-3deb79a8fd7b,irealb://Eu%20quero%20%C3%A9%20sossego%3DK-Ximbinho%20e%20Hianto%20de%20Almeida%3D%3DChoro%3DD-%3D%3D1r34LbKcu7X7E%7CQ44D-XL7hB%20-D%7CQyX7A%7CyQX7bB%7CQyX6-G%7CQyZA-XyTSA*%7BD%20bE/7/Bb%20yX7A%7CQyXbA/bB%7CyQX6-G%7CQyX-DZL7AQ%7CAh7hE%7CQy-GlB*G-XyQD2N%7D%2C7A%2C-Ds1N%7C7%2CAQ%2C7hEp%2CF/-Ds%7C-%2C%20%5D%7BZL9b7CZL7GFXyQ%7C31b7A%20CZL7G%20-DQ%7CyX-AZL9b7E%207hBLZD-%20ZL7C%20ZL9b7G-%20G%237hA%7CQyX7AZLbA/Bb%207bBZL7F%20-AZLo/Eb%20D%7CQyX7QyX-D7LZsD%7C%2C7A%2C-Ds2N%7D%20-D1lN%7C%2C7A%2C7hEp%2CF/-YYQ%2ClhE%20-G%7CxXyQ%7CEh7XyQ%7CEh7/Bb%20A7LZUfD-9XyQZ%20%3DJazz-Medium%20Swing%3D100%3D3
a869530c-9cef-4acd-b30c-300bab615f3e,irealb://Every%20Summer%20Night%3DMetheny%20Pat%3D%3DPop%20jazz%3DB-%3D2%3D1r34LbKcu7X9-BS44%3C*7%20QyXQyX%5D%20%20lcKQXy9-B%3E201%20mpb%20%204%20Y%7B*ATi*%5BY%E2%99%ABQyX%E2%99%AB7%20B-9ZLsus9C%209%5EbBZL-7A%209-G%7CQyX9-BZL%3C*69%20-A%7CQyddabEXyQ%20%E2%99%A9daFZL9-G%2031G%7CQXy%3E%EF%B8%B6QyX15*%3C9-D%3E.d9%2FA%20%E2%99%AA%20QyXer%20onZBb%20C%20daeh%3C%2C7%5E-E%2C7-sEZLF%2FG%20%5EFZLsus9out%3A%20LbB%2F9%20QyXQE-7%2CAXsus9G2N%7DQyXsu9sG1N%7CQyX7-Dl%7C%2C9yQ%5DXy%3Etaeps9A%7CQ34C%23-%7CQyX7-BZLQyX%7CryQX%7CQyX7-%23F%7CQyX7E-7XyTB*%5B%209%23Fs%20%7CA9Xy%23Fl%7CQyX7-%23C%7CQy7X-%23G%7CQyX7-%23D%5B%5DQ9sus%2CQyXsuQyX%E2%99%AB%20%7ClD%23-%20QyXQyX66*%3C%20%201-1%23C%7CQyX31D%7CQyX7%20%E2%99%ABXyQ%2CE%2FW%2C%20QyX9%3C%20%20D.44T%7CY%5DQyX11%2331%3EC.dnE%20dr3%20la%20.SN3%3C*6ZL%3E%E2%99%AB%20%20rof%20XyQ%20%2F%20piks%2047*%3CZL%20%3E1%EF%B8%B65*%3C%20sus9G%3E%2FQyXbar%2F%2F%E2%99%AB%20%20%E2%99%AB%20%3C9%5EC%3E%3E%20x%20Q%2FQyX%E2%99%AA%20QyX.%E2%99%A9%20%202*7%3CC*%7B%20%20QyXQyX%5D%20XyQ%20%2FsolosQyX%3E%EF%B8%B6Q%EF%B8%B6%3EXy*%3C9%5EF%3E%2F%20QyX%2FQy%E2%99%AAX%20QyX.%E2%99%A9%20%2027*%3C%7CQ54XyQyX45*t%E2%86%92QyX%20%20%E2%99%A9.XQyX%3E%EF%B8%B6QyX45*%3C9%5EBb%3E%2F%20QyX%2FQyX%E2%99%AA%20Qy%7C%3C*7427*%3C%7C%5ECC*%7Bos%2F%2FXus9GQ%5BY%7DQyXsusG9%3Emrof%20no%20QyXQysLZx%20los%20o9%20LZF%5E9%20LZBb%5E9%3C*69last%20x%3A%3E%20LZfG9sus%20%3C*633x%3E%20%7D%20%3DPop-Rock%3D102%3D3
a8f0f4e3-a32a-4176-bb25-f91127656c68,irealb://Fool%20On%20The%20Hill=The%20Beatles%20%2D%20Sarah%20Vaughan%27s%20version==Funky%20groove=G==1r34LbKcu77%2DAZL7XyQ%7CyX7%5EGA%2A%7CQyX7%5Eb%7CEQyX7%5EG%7CQyX7%5EbEQKcl%20%5EGi%2A%7B7%2DE%207Kcl%20LD%207%2DAZL%20lcKQyX%5E7CZL%20lcKQyX7%5EGZ7LZG%5EQyXG%2FN03%2A%3C%20D7LZX5%237AZL%20lcKQyXuss7FB%2A%7Cp%2CG%2C7F%2CGyQ%7Cpp7%2DAZLAZL%20l%7D%7CG%5E77%5EG%7CQyX7%5EbE%7CQy7X%5EG%7CQyX7%5EbE%7CQyXXyQKc%20%20%3EC%2E7%2DBZLyQKclA%7CQyXCZL7%5EC%20C%7CyQX7%2DE%7CQyX7%5EGZL%20%2D7%20D7XG%2F7%2DcKQyX5LZA%2DL%20lcKQyXsus7FB%7C%2Ap%2CG%2C7F%2CGZL7D%207ZA7%235%237bB%20l%20LZ%20x%20LZpp%3C%2A30N%2EC%3E%20LZ%7BG%5E7XyQ%7CEb%5E7XyQ%7D%7C%2Cf%2CG%5E7XyQ%5D%20==0=0
a89b33d3-5d88-4b43-957f-5f0228986a20,irealb://Greatest%20Lick%20in%20All%2012%20Keys=Composer%20Unknown==Medium%20Swing=E==1r34LbKcu7G%7CQyXXyQ%7CAD%7CQyXD%7CQyXD%7CQyDX%7CQyXA%7CQyXA%7CQyXXyQ%7CGA44T%5BF%7CQyXXyQ%7CGF%7CQyXF%7CQyXC%7CQyCX%7CQyXC%7CQyXC%7CQyXXyQ%7CFG%7CQyXyXbE%7CbXyQ%7C%7CQyXbE%7CQyXbE%7CQXybB%7CQyXbB%7CQyXbBEbXyQB%7CQyX%7CQyXbyQ%7CAbbD%7CQyXbD%7CQyXbDQ%7CyXbA%7CQyXbA%7CQyXXyQ%7CDXbA%7CQE%7CQyX%7CGbXyB%7CQyXB%7CQyXB%7CQyBX%7CQyXbG%7CQyXbG%7CQXyQ%7CEQyXbGXyQ%7CEXyQ%7CEXyQZ%20=Pop%2DCountry=120=2
a8603422-48ab-4bc8-bbc2-29b91c41e5e3,irealb://Get%20Back%20In%20Love%202%3D%E5%B1%B1%E4%B8%8B%E9%81%94%E9%83%8E%3D%3DPop%20Ballad%3DGb%3D%3D1r34LbKcu77-bB%20%20F-%2CF7-F%207-C%7C%2CbD/7b%2CE7bE%207%5EbD%7C%2CbE/-LZBb-bAD*%5BbD%20%2Cbb7%2C%7CA%20%5DQyXbE/7-bB%7CQXy7-bBZL7%5EbD%207%5Eb%5BT24AE%2CbE/%7C%2C9%237%5BAb%20FF%207-C%7C%2C9%237G%2C7%5E%20D5b7-D%7C%2CbE/-F%2C-7b9%2CF%5D%2CbE/%5B%20QyXBb-7/E/7-bB%7CQyX7-bBLZ7%5EbD%207%5EbAZL%2CbEbXyQ%5D%207-bB7-F%207F-7LZbE%207-bBZL7-F%207C-ZLbE/7-bB%207-bB7LZC-%20bAv*LZBb-7%20Eb7LZC-7%20F-7LZBb-7XyQ%7CBb-7/EbXyQ%7CAbXyQZ%20%3DPop-Rock%3D115%3D1
a81f2591-c155-4cf3-8b53-e3aea086920c,irealb://Aquarela%20Do%20Brasil%20%28a.k.a.%20Brazil%29%3DBarroso%20Ary%3D%3DSamba%3DD%3D%3D1r34LbKcu7%20ZLxZ7b9%2C%206-DZLxZLxZL6-DLZ%20%7Cr%20ZLxZL6DA*%5BLZD6LA44T%5BL%20%7Cr%20B7b9%23%20ZL%20%7Cr%20ZL9AZL9E-B*%5B%5D%20%209b7BZL%205r%7C%20LZZL%20%7Crr%20ZLxLZxLZC*%7B%5D%209AZL%2C7-EZxLZL9%5EDZL9AZL7-ED%5E7LZ9%5ED%7CZAZLxZ9b5%29LLxZL%2996G%289AZL%2969G%28xZL%2996G%287-EZZE-7LbA%28%20%7C%297h%23FZD%5E7L*%5B%2C7C%2C7bD%7C%2C7D%2CD%5EsZL9AZL7-EZLxZDlB7%28LxZL9h%23F%2877LZB7ZL9b7BZL7h%23FZL7%29h%23F%287BlZLxZL9bxLZlBh%23FZL9CZLx%23h7LZG%287-E%5B%20-EZL6-ELZxZL-EZLxZL9b7B-6%29LZFZL%2979b7AZF%23-7LLxZL9EZL%297-B%28xLZ%29A/9%5ED%287-BZLxZZE-7LZLxZLXQyX%3CLZxQL9%5EDZL9AZL7-EZLZxL9%5EDZL9AZL7-EZLZxLZ9%5EDZLDZL9A.%20al%20Q%7BQyXQyXQyXQyX%20%7D9b7AZL7-E%3EadoCE-7LZC.DQy%5E9LZxLZE-7LZ%3CVamp%20and%20Fade%3EA9LZD%5E9LZx%20%7D%20%3DLatin-Brazil:%20Samba%3D200%3D1
a89bdcc4-ea40-4172-9253-d8769191998b,irealb://HD%20High%20Definition=Kids%20CFC==Pop=C=7=1r34LbKcu7jepse4CXyQe%20orim%2096%2A%3CA%2A%7BQ%5DyXF%7CQyXC%7CQyXF%7Cn%20el%204Ti%2A%5B%2E%2E%2EacCXyQ%7Cam%20yoh%2096%2A%3CB%2A%5BQ%7DyXG%7CQyX%2DA%7CQyXFs%20cer%3E%2E%2E%2Eoojih%20GLZFLs%20oy%2096%2A%3CC%2A%7B%5D%20ZGL%2DDZLGZL%2DAZLGZoy%20suZL%2DA%3E%2E%2E%2E%3ECLZxLZFLZxLZA%2DLZxLZGLZx%20%7D%20==0=0
a8f52263-9ad6-4be4-8c5e-0f64fe7947d2,irealb://God%20Rest%20Ye%20Merry%2C%20Gentlemen%3DTraditional%20(Bing%20Crosby)%3D%3DClassical%3DC-%3D3%3D1r34LbKcu7C%2FbA%2044%3C*77bB%20%2C7-Cl%3E)yleref(%20~021%20mpb%20%204%2C%20Eb%2CTi*%5BYfp%20%2C-%2FG%2C%20A%2CG%2F-C%3E.tir%2086*Z%3CL%2CF%2F7bB%20%2CbE%20%2Cb%20G%2C%20CbEZL%2CAZL%2CbXyQ%20%20%20%2C-G%20%2C-CZL%2C7G%20B%2C%2FG%20%2C-C%20%2C-CA*%7BYAb%2C%20EQyX%5D%20%5D%20%2CC%20%20C-%2C%202NZL%20QyXQyX%7D%20QXyQyXG1NZL%2CbA%2F-FG%20p%20p%2CG%20%2CbF%20%2C-C-%2C%20Bb%20%2CbE%20%2CbA%20%2CG%2F7bZEL%2CC%2FbA%20%2CbE%20%2CD%2FG7%2CLZFB*%5BYbEZL%2C%2C%20Eb%2FA%20p%20bEZL%2CD%2FbB%20-%2CC%20%2C7bB%20%2CbBZL%2CGb%2C%20EbbB%20%2C7%20%2CG%2F6%2FF%2C%20CbB%20%2CbBZL%2C6-C%20%2CC-%20p%20-CZL%2CG%20%2CG%2F-9%2C%20Eb7bB%20%2CL%2C7G%20%2CLZEb%20%2CF%2F7bB%20%2CbEZL%2CAb%20%2CG%2FbE%20%2CC%2FbA%20%2CC-%2FG%2CF%2F7bBZUC-XyQXyQ%20Z%20%3DJazz-Long%20Notes%3D120%3D3
a86866ab-3352-4949-8551-a4cd992b3922,irealb://Gold%20Rush%3DSheeran%20Ed%3D%3DMedium%20Swing%3DE%3D%3D1r34LbKcu7aw%20I%3CyQ%7CF%23yXQyXQyXQyXQyX%20%7DQyX%7CQyXA%7CQyX7-Q%20%7B*BXEA*%7Bs%20told%20to%20put%20myself...%3EC%23-XyQ%7CAXyQ%7CBXyQ%7CXyQ%20%7D%20%3D%3D0%3D0
a8b52bd5-d39a-487e-a52f-673991c6acab,irealb://Got%20to%20begin%20again%3DJoel%20Billy%3D%3DPop%20Ballad%3DG%3D%3D1r34LbKcu7XG/D%7C%20D/GLA*%5BY%5D%20G/C%20G/FZGL/D%20GZLG/C%20G/FZ%2CGXyQ%2CGi*%7C-AZLBGXyQ%7CQyXG/F%7CQyXG/D%7CyQXGl%7C%2C7D%2C7-As%20C%7CC%20C//F%7CQyC%207-AZA-7%20%207-AZL7-B%207-A%7CyQX7E%7CQyX7-BZL7DB-7LZL7D%207sus7DsLZD%20%5EC%7CQyXx%7CQyX7%5EGQ%7CyXx%7CQyX7%5ECB*%5B%5D7XyQ%7CusDZLQ%2C%7CY%5DyQXyQ%20G/FZLG/D%20GZLGC/%20G/FZLG/D%20GZL%20C/G%2C%20X%7CQyX%2C%3C%20%3EG%20D/GLZF/G%20C/GLZfGXyQZ%20%3DPop-Slow%20Rock%3D90%3D1
a80f3b59-bf26-4b64-9d50-35668036d7eb,irealb://Solo%20Dios%20Puede%20Salvar%20LP=Parker%20Luc%C3%ADa==Ballad=E==1r34LbKcu7A%2A%5B%7DQ4A%28G%23QyX%2C7%2D%23C%7CQyX%2CE%29%7C%23G%28%20%29%23F%28%20%29E%28%20%29%7CB%2CXy4Ti%2A%7BXQyX%5BEXyQ%7CB%20%2C%23C%2FAZL%2CB%20%2CAQ%7CyXsusB%7CQyX7%2D%23C%2FD%23%20%5D%7CQyXA%20%2CBZL%2ABE%2CXC%2A%7B%7D%20susB%20%2C%2D%23CLZ%2CE%20%2CA%7CQyX%2CB%7CQyA%2C%20E%2C%7B%20%20Qy%20C%23%2D%2C%7CA%20ELZN1B%20%20C%23%2D%2C%7D%7CN2B%3C%2A63XyQXyQ%20To%20B%3EXyQ%7D%20=Jazz%2DBallad%20Swing=60=3
a8cd637f-29f3-42bf-8a33-ab2872fc6543,irealb://Here's%20That%20Sunny%20Day%3DB.kessel%3D%3DBossa%20Nova%3DC%3D%3D1r34LbKcu7%20lcKQ4A/E%2C%5EA44TA*%7B%7CQyXQyQXyX%7D%20xZLE/DZLx%7C7/EXy4Ti*%7BxZL7%5E/EXyQcKQyXE/7%5ECZL%20lKcQyXE/7%5EAZL%20lcKl%20LZF7%5EDZLb7E%2077LZxQyX7%5EbB%7C%5D%2C7F%2C7-%20C%2C7E%7CQyX7-B1NZLQ%7CBb%5E%5EbBZLX7%5EC%7C2B-7XG%7CQyX7-D%7CQyX7AQ%7CyX7-E%7CQyX7E%7CQy7XyQ%5DN%7C%7D%209AZLxZ7XyQ%7CDZLxZLE/7%5EAB*ZxLZL5%237EZLxZL7hB%5E7/EL%5EF%7CQy%20%2C-%23CZxLZCL7-BZLxZL7%5EbBZxLZL7%5EFZLxZLE/7%5EZE7LZLE/7%5E7-%23C%7CB-7%2C%207-BZL7FZL7-CZLE7ZL7-BZLQ%7C%5D%207bBLZE7%2CZL%2C7CLZC7LZB-7LZE7%2CLZC%23-LZC7LZB-7LZE7LZA%5E7LZx%20Z%20%3DJazz-Bossa%20Nova%3D360%3D3
a860d672-a201-4905-b653-ee50ba55c4cc,irealb://Time%20After%20Time%20%28DGM%29%20101=Sammy%20Cahn%20Jule%20Styne==Medium%20Swing=C==1r34LbKcu7A1N%7CQ4C%5E7%20ZL9G%207%2DDZL7%2DA%20%5E7CZL9G%207%2DDZL7%2DAC%5E7Xy4TA%2A%7BL9b7BQ%7CB%2D7%23FZLG%2F7%2DA%207%2DAB%5B%2A%5DQyX9b7E%7CQyX5b%2D7b5%20yX%2C7%2DX7G%7CQQ%7CE%2D77bAZL9b7A%2031bBQ%7CyX7%2DDZL9b7A%205b%2311XyyX%2DEZ5b7%2D%23QLZN2G%2FCC%2A%5B%5D%206%2DF%207%2D%7CFQyX7%5EFZL7C%207%2DGXyQ%7CFyX%7DQyQyX96ZE%2D7%207G%207%2DDZL7%2DA%20G%2FZCL5b7%2DD%207DZL7%2DAb9LZCL6%2DF%20%7CU%3CFine%3EC69XyQZ%20==92=1
a8ef13dd-8c90-4a37-86df-8bed78ce02ba,irealb://Pennsylvania%20Polka%20%28DGM%29%20433=Lester%20Lee%2DZeke%20Manners==Polka%202%2DFeel=F==1r34LbKcu7L%20x%20ZXyQ%7CxZLxZLxZLxZL7CZoLF%20FZLxZLxZLxZLxLZxLF44T%5B%7CQyXb%2BLZFX7FZLxZLxZLxZL%2C%7CFQyXF%5B%5D%207C%20F%7CQyXyQ%7CBC%207CZyXF%3EeLZC7X%7CQyXFZL%20lcKQyXC7ZLoF%20F%7CQyXF%7CQyU%3CFinxZLbBQZ%20=Pop%2DCountry=182=1
a8dc9882-fbb2-420a-945d-96f562a2335e,irealb://I%20Want%20To%20Hold%20Your%20Hand%3DLennon-McCartney%20(The%20Beatles)%3D%3DPop%20Rock%3DG%3D%3D1r34LbKcu7*%7BY%5DQ44%3C*7%7CQyX%2CDlZL%20lcKCpsp%2CD%3E331%20mpb%20%204D7%2CXyTi*%5BYLD%20C%5B%7CDXyQB%7CQyX-E%7CQyXD%7CQXyG%7CQyX%2CB%7CQyX-E%7C-XyQ%5DQyXGA%7CQyX-LZC%20D-A%7CQyXC%7CQyXG%7CQXy-DSB*%5BY%7DQyXGZLXyQ%7CD-E%20GZD%7CQyXCXyQ%7C%20QyX%5DQyX7D%7CQyXD%2ClZL%20lcK%2CCspp%2CDY%5B*AG%7CQyXGZL-E%20-XyQ%7CC%5B%5DQyX-B%7CQyX-EQ%7CyXD%7CQyXG%7CQyX%2CB%20DLZGE%7CQyX%20C%5B%5DQLZ%3C%20DQyXQyXQyXQyXY%5DyQXG%3EadoC%20la%20.S.%7CQBXyQ%2CD%20CDLZCXyQ%7CUfGXyQZ%20%3DBlues-Texas%20Rock%3D133%3D1
a82efed9-a8f6-4723-8c8a-57bbfc88701e,irealb://I%20Will%20Survive%3DGloria%20Gaynor%20(Perren-Fekaris)%3D%3DDisco%3DA-%3D%3D1r34LbKcu7yXsus-7XyQ7-D%7CQyX7%5EF%7CQyX%5E7C%7CQyXG%7CQyX7-D%7CXyQ%7CEA44T%7BQ%7CEXyQ%7D%20%3D%3D0%3D0
a81f2f41-c0a1-4de5-b390-f00a2570ba5e,irealb://I'm%20Coming%20Virginia%3DHeywood%20%26%20Cook%20%3D%3DMedium%20Swing%3DF%3D%3D1r34LbKcu7C%20E%2FCF-%2C%20DLQyX-F%7C%2C7C%2C7bDppZL%20-Fv*%7B%2C7C%2C7bZx%20LZl%2Ci*%5B7C%2C7bLZD7%20yX-F%7C%2C7C%2C7bD%2C-pF%7CQyX-C%7C%2C7G%2C7bAQ%7CppD%20bE%2F-yX%5D%20%2ByQ%7Cx%20LQyX-C%7C%2C7G%2C7bA7%20DZLbE%2F-C%20E%2FCZLZC7%20CX-F%7C%2C7F%20-DyQXyQX7A%20-D%7C%2C7Fpp%2CF%2C%7C-bB%2CbB%2C7F%2CFA*%5ByQ%20LZXQyXQ%7C%2C-B%2CBb%20A%2B%2CFB*ZL%20%2BCpp%7CQyFXZL%2C7C%207G%7C%2C7bA%2CF7%2CBb%7C%2C%2BF%2CbD%2F-b7XyQ%7C7D%20%20bE%2F6-CZL%2C7%20EoFZL-AZL%2C7E%20-A%2C%20LZB-D%20%20F%2C7bA%2CF%20F7LB%2CbBZL%207C%7CQyX-Bb%7CQyXx%7CQyXbBC*Zb7%2CA7ZL7C%20FU%7C%2C77%20LZF7bB%2CF2N%5B%20%7D%2C7C%2Cb7Dp%2C-F1NZL%207bB%20%2CF%2CBbC%207G%7CZ%20%3DJazz-Medium%20Swing%3D100%3D2
a8683603-8b2e-4eed-9934-a63c00b2dd35,irealb://Moonlight%20Serenade%20-%20www.tradjazz.ru%3DMiller%20Glenn%3D%3DBallad%3DF%3D3%3D1r34LbKcu7x%20ZL%2C4F6%2CXFZL5%237C%20%2C7C%7CQy%2CX7-G%7CQyX%2CobA%7CQy%5E%2C%20F64TA*%7B7C%20%2C9%2C%20F7%2C7-G%20%2CoGZL%2C7D%20%2C-7AZL7-G%20%2C9b7DZL%2CLZC6%5EFZL%20QyX%2C%5E1F%2C%20s%5D%207F%20%2CFl2N%7CQyXyQXQyXQyX%7D7C%2C7-G%5B*BBbNZL5%23b7D%20%2CXyQ%7CEX%2C9b7E%7CQyX%2ChBZ%2CL7D%20hCZL%2C7A%20%2C7-yQ%7CAh%2C7bE%7C%2C5%237C-7%2C%20CQyX%2C7-G%7CQyX%2Cob%7CAQyX%2CFA*%5B%5D%20%2C9b7%7CC7%2C%20GZL%2C9oGZL%2C%20F6%2CL-AZL%2C6-bB%20%2C9b7ZDL%2C7F%20%2C%5EFZL%20x%20Z7%2C%20D7%2C%5EFZL%2C%20G-7%2CLZC69%2C%20C7%235%2CLZFXyQZ%20%3D%3D0%3D0
a8bdd808-44f1-45ec-904c-cd6e1a891077,irealb://Tu%20Pueblo%20Dice%20Gracias%3DRamos%20Jacobo%3D%3DRock%3DG%3D0%3D1r34LbKcu7(%20)C(4G%2C*BD%7CQyXG%7CQyXC%7CQy-XE%7CQyX%2C%23F%2FD%7CQyXXyQ%7CC4TA*%7BB)%20(A)LZC(C)%20(B)%20(A)%20(G)%7D%20%3D%3D0%3D0
a89c0c08-3d72-4a34-ae38-2a101df6e3b7,irealb://Jump%2C%20Jive%20An%27%20Wail%20Lyrics=Prima%20Louis==Medium%20Up%20Swing=Bb==1r34LbKcu7%7B%2AABb6LZx%20%7D%7BEb7%20%7D%7BBb7%20%7DC%2D7LZF7LZBb7LZx%20%5D%20==0=0
a855f07f-e2ed-44f1-9659-0d756089d595,irealb://Just%20Friends%20%3DKlenner%20John%3D%3DMedium%20Swing%3DG%3D%3D1r34LbKcu7QyX7-4C%5E7XlcKQyX7%5EG%7CQyX7%7CFQyX7-CZL%20lcKQy%20LZBb4TA*%5BAZL%20lyQ%5D%5B*7A%7CQyX7-E%7CQyX7G%5E%7CQyX7D%7CQyX7-ABXyQKcX7bE%7ClcKQy%7CD7%20GQyX7F%7CQyX7-CZLl%20cKQyX7%5ECA*%5B%5D%207%7CG%5E7XQyX7-%20%207-E-7XyQB%207h%23F%7CQyX7D%7CQXy7-AC*%5B%5DQyX7bE%7C7b9LZbBZL%20Dfn%2C7XyQ%7CA%7CQyX7AQ%7CZ%207G%207D-%7CQyX6GZL%2C7D%207-%2CfsA-7AZLQ7%2Cn%7C%2CU%2CflG%5E%2CXyQZ%20%3DJazz-Medium%20Up%20Swing%3D200%3D16
a8e9eaa7-00eb-449e-a10d-3f04b1091770,irealb://Lemon%20Twist-Rev%20JE%3DTroup%20Bobby%3D%3DMedium%20Swing%3DC%3D%3D1r34LbKcu7bD%207-4C6XyD%207-AZL7bE%207-EQ%7CyX7%5EC%7CQyX7-G%7CQ7LZAb4TA*%7BQyX7-C6XyQ%20%20lcKQyX6C2NZLQ%20yXQyX%7D%207G%207-D%7C%5D%5B*BG1NZL7DZL7-Q%7CF%5E7E%7CQyX7B%7CQyX7-%23ZFL7-G%207-AZL7-G%20%5E7%20C%23yX7C%7C-bAZL%20%5D%7C*AAZL7bE%207-E%7CQyX%5E7C%7CQyX7-G%7CQyX6C-7%20D77G%207-7%20Db7LZC6XyQ%7CD-7%20G7%20Z%20%3DJazz-Medium%20Swing%3D155%3D3
a8a8e25e-c7a1-4cb8-a584-6856e1d26b16,irealb://Loie=Burrell%20Kenny==Bossa%20Nova=E%2D=0=1r34LbKcu7%23C%2F%2DE4E%2D%20n%2F%2DE%7CQyX%2DEA%2A%7B%7DQXynZLn%20%2DE%7CQyXnZLDXyQ%7C4Ti%2A%7BQyXx%7C%5E7XyQB%2A%5B%7DQyXx%7CQyX%2DELZ7B%207C%7CQyXB%2F%2DE%7CE7XyQC%7CQyX%2F%2DE%7CQQ%7CxXy%2A%5B%5D%207B%205b7%23F%7CQXyG%7CQyXx%7CQyX7D%7CQAE%2DXyyX%2DA%7CDXyQ%7CE%2D%2FC%23XyQ%7CC%5E7XyQ%7CE%2D%2FBXyQ%7CC7%20B7LZE%2DXyQ%7CxXyQZ%20=Jazz%2DBossa%20Nova=140=3
a8758012-4081-4b74-9bbf-9629b0face2c,irealb://Long%20Haired%20Country%20Boy%3DDaniels%20Charlie%3D%3DShuffle%3DD%3D%3D1r34LbKcu7xZLxZRiff%20%3C%7C%5D%20xZLD%3Epmav%3C44TZL%20x43TZL%20D%3E1Vs%3EDL%3C44T%7BffiR%3CLZxLZAZLx%7CYZL%2CDZLxZGL%3EohC%3C%5B%20xZLxZLx7%2C%20LZx%7CYZLxZLxZ%20%7D%7C%3CR%7CYZL%20%2CD%3EsV/olo%3CS%7B%20xZL%20%2CD%3E1%20ffixLZxL%20x%3E2%20R%3CZL%20xLZx%20fiR%3CZL%2C7AZLxZLD%2CZLx%7CYZLG%3EohC%3C%5Bf%202%3ExZLxZLiff%201%3ED%2C%20LZT34xLZYN1DLZx%20%7D%7CN2D%20%20U%20Z%20%3DPop-Country%3D96%3D1
a86c199e-6ca9-4e70-bcd0-d55d6a43947c,irealb://Look%20of%20Love%2C%20The%3DBachrach%20Burt%3D%3DBallad%20Bossa%3DC%3D%3D1r34LbKcu77EZL%20-%2Cpppp%2C6F%7Cppp%2C7-E%7Cppp%2C-E%7Cppp%2Csus7A%7CppKclAsA*%5B%20lcKppp%7CE7F%7Cppp%2C%5EF%7Cppp%2Cssu7A%7Cppp%2C-A%7Cppp%2C-6%2Cppp%2Csus%5BY%20%20QpC7%2Cp%5Dp%2C7Dp%2C7-A%7Cppp7%2CEZL%20lcKppp%2C%5EF%7CXyQXy%2C%5ECZL%5B%20taeppp%7CGp%2C%5EC44TZL%20p%2CG/4F2TZL%20lcKppp%2C31p%3CRep%2C%5ECB*%5BY%20Qy2%20morcKppp%2C31G%7Cp%3Eadco%20neht%20%2Csemit%20el%20%20%5DX%20%5DB-AQA-%2CpppKcl%20LZD9%2CpppKcl%20LZ%20x%20LZG13%2Cppp%7CUC6XyQZ%20%3D%3D0%3D0
a83f8be5-6c42-4306-a130-5e8ea7e96436,irealb://Love%20Letters%20%28Diana%20Krall%29%3DYoung%20-%20Heyman%3D%3DMedium%20Swing%3DBb%3D%3D1r34LbKcu7yX7%5Eb4Bb%5E79F%7CQyX7-CZL%20lcQKyX7-GZL%20lcKQyXXyQ%7CB4TA*%5B-C%7CQy%20%5D%5B*ByX7hDZL%20lcKQyX-7D%7CQyX7A%7CQyX7hEQ%7CG7X%20lcKQ%7CQyX7F13b9lcKQyX7-GZL%20lcQKyX7%5EbBA*%5B%5D%20Q%20%20%20LZC-%7CQyX7%5EbB%7CQ%7CBb9XA%7CQyX7%5EbElC*%5BZ5%2C%237bBspp%2C9bB%7CQyb13XyQyX9FQyX%29FC7b5X%2831F%7CQyX7%5EbB%7CQXy9b7F%7CQyX7-C%7CQyBb%5E7/%7CQyX7QyX9-ABb%5E77F%7CQyX7-CZL%20lcQKyX7-GZL%20lcKQyXXyQ%7CF*Q%5BYZZL%2C7-XyQ%5D%5BhE%7CQyXF/7%5EbB%7CQXy31bA%7CQyX7%5EbEC*7%2C%20Eb31bB%7ClD-7%20Db7LZC-7%20F13b9LZBb%5E7XyQ%7CU%20x%20%20Z%20%3DJazz-Ballad%20Swing%3D90%3D2
a8db6c83-47df-4a10-bfe6-33391aeeef3c,irealb://Plus%205%20practice%20one%20key%3DComposer%20Unknown%3D%3DMedium%20Up%20Swing%3DC%3D5%3D1r34LbKcu7%5BC7b9%235XyQ%7CxXyQ%7CxXyQ%7CxXyQ%5D%20%3DJazz-Medium%20Up%20Swing%3D110%3D27
a820c28c-346f-409e-aacd-e567c0e9e039,irealb://Mercy%20Mercy%20Mercy%201%3DZawinul%20Joe%3D%3DFunk%3DBb%3D0%3D1r34LbKcu77bB%20b4Bb%20BbE%20bEZLD%2F7bB%20bZBLF%2FbE%20bEZLD%2F7b%2FFLZB4TA*%5BE%207bBb%20Eb%2FbE%20bBB*%5B%5D%20F%2FbEb%20EZLD%2F7bB%20bBZLF%2FBbLZEZLD%2F%7CQyXsZBb%20E%7C%2CbE%2CD%2FbBs%20bBZbLB%2FbE%207bBZLbB%2FblF7suLbB%2Fb%2CF%2C-Gb%2FD%2CEs%7CQyX7-D%7CQyX7-ZCL%2B7G%20sus7Fl%7C%2CbG-%2CF%2CBs%20bB%7ClG-XyQZ%3Csolos%20over%20A%2C%20then%20cue%20B%3E%20%3DPop-Funk%3D140%3D1
a81be637-7a75-42aa-bb2a-3540f831fee6,irealb://Morning%20Dance%201%3DBeckenstein%20Jay%3D%3DFunk%3DF%3D%3D1r34LbKcu7B%7CQyX4F%5E7XyX7%5EF%7CQyX7bE%7CQXy7-bB%7CQyXA/F%7CQyQ%7CF/A4TA*%7B7-D1NQ%7CC9sbE%7CQyX7-bB%7CQyX/AF%7CQyX7%5EF%7CQyXsu7XyQ%7CyX7%5Ebus31C7sus%20G%7CQyX7-D2N%7C%7D%20%20clKQyXsus31CZL7G7XyQ%7CG%7CQyXE%7CQyXcl%20%20%5Dsus9C%207-G%7CQyX7D-%7CQyX11%239%5EbEB*%5BLZF%5E7KQyXs-D%7CQy7b5LZ%5EbEZL7C%20sus9CZ7LG%20sus7G%7CQyX7-D9%2311XbE%207hXsus9G-7%20C7G%207-DZL5b7bE%20h7E%7CQyX7%5EFZLsus9%2CQLZC%7CQyX7QyXQy%20LZ%20xdoc%20la%20.C.D%20sools%20retfA%3C%20x%20ZL%20a%3E%20%5DXlcKQyQyX%23A9susXyX7%5E%23F%7B%5D%20%20lcKQXysus9%23CZL%20lcKQyQ%7CF%23/CQ%5B%20%20%7CB-7XyQ%7CE7XyQ%7D%20%3DPop-Funk%3D140%3D1
a8f8e5a5-863e-44fa-a477-3ea6d2b77e95,irealb://Lady%20Marmalade%3DLabelle%3D%3DFunk%3DA-%3D8%3D1r34LbKcu7%7CQyX74A*m**m*AA*%5B%20%20QyXQy%7CX%7D%207D%20*m*AZL7D%20XyQ%7CD4Ti*%5ByX*m*yQ%7CD7LQyXZLQyX%7CQyX**mE%7CQyX*m*D%7C%5DQyXZ%5B*BAX*m*A%3C%20*m*yQ%7CA**m*D%7CQyX7D%7CQyXm**A%7CQyX7D%7CQyX*mXyQ%7CAX7D%7CQnitaLne%3E%20LQyX7D%7CQyX*m*A%7CyQX7Di*%7CQyX*m*AZ%5D%5B*C%3CiL42*%3EA*m*%20D*m*LZE%20A*m*%20%7C%20%3D%3D0%3D0
a8e7e269-6e36-49ad-b07f-b934ccf6af97,irealb://Netbush%20City%20Limits=Turner%20Tina==Pop%20%2D%20Rock=A%2D==1r34LbKcu7L%29%2DA%28%20%20%2AA%20%20%20QyXQ%20A%2A%20%20D%2A%20o%3EloS%2054%2A%3C%20A%2A%20A%2A%5B%2AiA5i%2A%20%20Y7%2A%3CZLXyQXy%20%20QyX051%20%3AMPB%20yQXQyXMA%20%3AYEK%20%20Q%3ExLZx47%2A%3CZQyX%5D%20xLZxLLxZL5AZLxZL%29G%28G5ZLxZL%29C%285CZLxZZxLZx%3EQyX4yX%5D%20x5%28A%2D%29xZLA%7CZLxZL5GZLZxL5C%7D%20xZLxZLxZLLZxLZAA%2AY%20LxZLG%20Y%7B%2ADC%7D%20xZLxZLxZLA%3Eloos%20htnyS%20%2096%2A%3CLZxLZ%20QyXQZL%3EedLZxLZQyXQyX%3CxZLxZLAQ%2C%2C%7BY%20%20QyXQyX%5D%20xXyQFaxZLAZxLZx%3C4x%3E%20%7D%20==0=0
a8e63105-54d6-49d0-9fcd-a16e08c19d03,irealb://When%20Somebody%20Thinks%20You're%20Wonderful%3DHarry%20Macgregor%20Woods%20%281935%29%3D%3DMedium%20Swing%3DEb%3D%3D1r34LbKcu7-C%20bE*74Ve%207-FZL7-F%20bA%7CQXy7bEZL-G%20bE%3EesrAb-LZ%3C44T%5B7FZL%20XyQ%7CEXbBZLoE%207bEZL-%20GbE%7CQyX7-F%7CQyXbyQKcl7-FZLyX7D%7Cl%20LZB%3EsurohC47*%3CA*%7B%5DY%20%2BbB%207-F%7CQyX7bEbXyQcKQyXyXQyXyQ%7CC7%20bE1NZL7bB%207F%7CyQX7bB%7CQyX7F%7CQyXBb7%20%7DXbE%7CQ%7CQyX7yQ%7CN2bE%7CQyX7bB%7CQyXb%7CEQyX7bBB*%7CQyXbEXyQ%7CCXQyXQyX7F%7C%7CF7Xy%7CQyXbE%7CQyX7D%7CQXybEA*%7C%7CQyX7bB%7CQC7XyQQyX-FQ%7CBb7XyQ%7CF7%20Bb7LZEbXyQ%5D%20%3D%3D0%3D0
a8b0d979-17d3-4fc1-99f9-7806b40bd3bf,irealb://Old%20Man%3DYoung%20Neil%3D%3DFolk%20Rock%3DD%3D2%3D1r34LbKcu7bQyXQ44D-9%3C%7Cpp42TZL%20%3E%EF%B8%B6%20%2048*%3C%20%3E%E2%97%87QyX26*%3CF%2F*03XyTi*%7BY%2F9-DB%20T44%3CX%3E17%20mpbQyX47*Q%3CyX%7D%20%20D%3E%E2%97%87QyX26*yQY%5B*%3Eni%20sF%2F9-DXyQ%E2%97%87%3E%E2%97%87QyX26*%3C44T%20%7Cp4p2TZL%20%3E%EF%B8%B6%20%2084*%3C%20%3ED%20LZ26*%3CFmhtyhyQ%E2%97%87%3E%20QyX47*%3C44TS%5BY%5Dpp42TZL%20%3E%EF%B8%B6%20%2084*%3CXyQ%20rX26*%3CG%20%2CCZinstr*%7BY%5D%20F%20CZLF%20Dl%2C%7CGspp%2CCZLF%20D%3E).AD%20FL(%20ni%20).rtsD%20FLZ7*%3C%5B%5D%20G%20FZLC%20DN2ZL%20QyXQyX%7D%20F%20C4%20(in1NZL%2C%20%20QyX%7C%3C*74%2C7-Es%207-A%3E.%E2%99%AA%20%E1%AE%BA%20%20QyX.%E2%99%A9%20%20QyX.%E2%99%A9%20%20G%5DXyQQyXD%3Ela%20.SD%20%20%3C*L%3E.%E2%99%AA%20%E1%AE%BA%20%20QyX.%E2%99%A9QXyQyX.%E2%99%A9%20QyXQyX47Z%3C%20D.lC*%7BYyXQyX%3EA-7%20YY%20%20QyXQyX%7DG%3ExQ3yXQyX66*%3C%2C7-Es%5BT44%3CeniF%20rtsnis%2Bdr%20%3C%20%3E%EF%B8%B6%20%2084*%3C%20%3E%E2%97%87QXy26*%3CF%2F9-Dl%3Etuo*74%20(bQyXQ%2F9-DBT24ppXQyX%5D%20%20D%3E%E2%97%87QyX2*6%3C44T%20%3Eni%20sb%20%3C%7CyQY%5B*ZL%3E).F%2F9-DXyQ%E2%97%87%3E%E2%97%87QyX26*%3C44T%20%7Cp4p2TZL%20%3E%EF%B8%B6%20%2084*%3C%20%3ED%20LZ26*%3CFmhtyhyQ%E2%97%87%3E%20tuo%2027*%3C44T%5BY%5Dpp42TZL%20%3E%EF%B8%B6%20%2084*%3Cro%20(rX26*%3C%20in)%3ED%20FLZC%2CppsG%2C%7CUflDXyQZ%20%3DBlues-Funky%3D71%3D1
a87f5cad-571d-4bbb-ad27-3e63a317c7de,irealb://P%2058%20Careless%20Love=Bastien%20James==Pop=F==1r34LbKcu7%7CQyXFXyQ%7CCcKQyXCZL%20lcKQyFXZL%20lcKQyXF%7CQyXl%20LZ%7CF44T%7BF7XyQ%7CBbXyQ%7CBb%2DXyQ%7CFXyQ%7CCXyQ%7CFXyQKcl%20%3C8x%3E%20%7D%20==86=0
a8024200-5ad4-48d6-bf3c-5853f7cfd935,irealb://PFJ-013%3DCoker%20Jerry%3D%3DMedium%20Swing%3DC%3D%3D1r34LbKcu7GZLxZ6LZxLxZL6E%7CZLxZL6bELZxZL6DZLxZL6bDZLZF6LC44T%5BZL6C%7CLZG6L6BZLxZL6bBZLxZ6LAZLxZL6bA%7CZLxZLZxLZxZL6bx%20Z%20%3D%3D0%3D0
a866da09-5eca-4360-9960-62c5a477b020,irealb://Prince%20Ali%3DAlaadin%3D%3DMedium%20Swing%3DBb-%3D%3D1r34LbKcu7G%2F-bE%20%7D*iBD%2C-bEZLxZL%2C-bBLZxZL%2C7FZLxZL%2C-bo%2FF%2C%7C%2C-bB%7B%7C%2C7F%2C%2CLZC%2C%2C-bBA*%7B%20%2C7FZL%2Co7bC%2C7obB%2C7FZLx%7CLZGb7-bE%2CbbEZL%2C7%2FC%2CLbEZL%2CD%2F7bBZL%2C7BbZL%2C-bB%2CbD%2F-bBZ-%2CFo7F%2C-bBFZLx1Eb-%2CLb7CZL%2CbGZL%2C7bDLZ%2C-bBZL%2C7F%207hCZ9%2CLZN%2CbG%2F-EZL%2C-%2CAbo7%20xZL%2C-bBZL%2C5%237%2CF7F2N%7D%20%2CA%2F7FZL%2C%7B*BEb7-G%2C7ZL%2C7b%2CLZ%20B%3Ex3%3C%2C-bB%2CA%2FF%2Cb%2FDbB1NZL%2CC%2F7F%2C-b%20%7DN3GbG%2F-bs7%23FZ%2CLZF7%23CZLxZL%2C7G3NZLBr*ZLrQA*ZL%2C7%23F%2C7b9%2CL7CZLx%2F-CZLF%237%2CL%2C-CZL%2C7G%2C7bAZL-%2CCC*ZLxZL%2CsusGZG7%2FD%2CZL%2CsuL%2C7G%20%2CLZC7%2C-F%2CbA%2F-FZL%2CG%2FC7%2C-FZL%2CE%2F7C%20ZL%2CLZDh7-C%2CbE-CZL%2CZEb7%2CL%2C-CZLxZL%2C7-FZxLZL%2C9b7DZL%2CbAZLZC-%2FBL%2C-CZ%2FA%2CLZAb7%2CLZC-%2FG%2CLZxLZG7b9%235%2CLZG7b9%2CLZfC-%2C%20%5D%20%3D%3D0%3D0
a8927fe1-4c78-4e18-b8a4-0fbfd18af831,irealb://Progression%20%2315%3DComposer%20Unknown%3D%3DMedium%20Swing%3DC%3D0%3D1r34LbKcu7%7BT44C%5E7XyQ%7CBh7%20E7b9LZA-7XyQ%7CD-7%20G7%20%7D%20%3DJazz-Medium%20Swing%3D100%3D0
a8124403-56f5-4287-9d58-206685753d0b,irealb://SLM%20Contrafact%3DMurley%20Mike%3D%3DMedium%20Swing%3DC%3D%3D1r34LbKcu7GZL9b4F%5E7XAZL%2C7bE%207-bB%7CQXy7%5EFZL7C%207-G%7CQy-7%20D74TA*%7B%207-DZLZF%5E7%205b7-E%7CQyX7%5EFZ9Lb7C%207-GZL9b7D%20A7b9L7C%207-X9b7DLZB-7-AZL9b7E%205b7-BQ%7CyX7-AZL9b7E%205b7XyQ%7CC%2F7-Dla7C%7CBG-7XG%7CQyXx%7CQyX7G%7CQXyx%7CQyXx%7CQyXx%7CQy-7XyQ*%5B%7CQyGZL7D%5B*AF%5EL7bE%20%2C7-bB%7CQyX%5E7FZL7C%207-G%7CQyX7ZA-7%20%5DQyXt-7%20C7LZF%5E7XyQ%7CGb%5E7%2311XyQZ%20%3D%3D0%3D0
a8d976e7-cc2e-4041-a8a7-138ae91a2e8e,irealb://Shuffler%2C%20The%20%20solo=Jerry%20Van%20Rooyen==Shuffle=C==1r34LbKcu7yX7C%7Cx%20sol%7CQyX%2C9ClC%2A%5BY%20QXyQyXQyXQyXQyX%3EoF7XyQaS%2DT%3C7FlD%2AyQ%7CC7p%7C%2C7C%2C7G%20%2C7%2DD%7C7%2CA%2CB%2F7Es%20p%7CQyX%2CXyQ%5D%5BX7F%7CQ%2CXyQKcl%20LZC7XyQKcl%20LZF7XyQKcl%20LZD9%2CXyQ%7CG7%2CXyQ%5D%20=Pop%2DShuffle=135=0
a8919848-76be-4451-8928-01d62016e627,irealb://Spain%20(Concerto%20De%20Aranjuez)%20intro%3DJoaquin%20Rodrigo%20(Chick%20Corea)%3D%3DBallad%3DB-%3D2%3D1r34LbKcu7yX2B%7C44%3C*7QyX2B%3E)yleerf%20ryev(%2006~%20mpb%20%204%7CAXyQTA*%5BY%5DppppLZE-15BZL9%237%23F%20%23F%7CQXy%5EG%7CQyX7-E%7CQyX1%20B-LZ%20lcKQ%2F%23Cl%7CQ%20%20Y%5BA%2Csus31As%20%2C7-EQ%7CyX7-%23F%7CQyX%5EGB*add2%2CyXQyXD%20D%5ELZG9%2311XyQ%7CF%237%239%20W%2FCLZB5%20B-LZUfB-XyQZ%20%3DJazz-Long%20Notes%3D60%3D1
a890ecfb-de2e-4160-95f6-b87c34022fd6,irealb://Step%20Lightly%3DMitchell%20Blue%3D%3DJazz%3DC%3D%3D1r34LbKcu7X)7F(D.C.%20x%20ZL%20x%20ZL%20lcKQXy)7C(7C%3EadoC%20la%20LZF7%3C44T%7ByX)G%2F%20LZC7G%2F7-D%7CQyX)7bA(b7AZL%20lcKQyX)7C(b(D-7lcKQy7CZL%20(Ab7)-D%20%207bAZL%2CbA%2F7b-E%20%2CG%2F7-D1N%7CQyX7%7C%20G77bA%7CQ7G%7CQyl%20%20%7D%7CyX7G%7CQyX7bA%7C%2Cb%2FA7-bE%20%20bA%2F7-D2NQ%7CC7XcKQyXeniF%20C7%2CXy.D%3C%20%207bA%7C%7DQyX7%7BC%7DQyX7F%7B%7D%20%20lcKQS.%20al%7B%20%20S%20x%20ZL%20%2CXyQ%7CX7C%7CQyX7GZLQ%20%20b7A%7CQyX7G%7CQyX7bAyQKcl7GZL%3E%20LZC7%2C%20B%5E7%2311%2C%20%20fU%3CFine%3EC7%5D%20%3DLatin-Cuba%3A%20Son%20Montuno%202%E2%80%933%3D160%3D2
a81fc545-c269-47f8-8f1e-b52c10d5c6ae,irealb://Still%20A%20Friend%20Of%20Mine%201=Incognito==Smooth%20Jazz=F%23%2D==1r34LbKcu7yX7%5Eb4D%5E7%20B%207%5ECZL7%2D%23C%207%5EZDL7%2DB%207%5ECZL7%2D%23C%2D7%20%7DB4Ti%2A%7BXA%2FGZXyQ%5DXQyX9%2D%23CZL%20lcKQXy9%2D%23FA%2A%5B%20%20QyXQyKcl%20L7%5EA%7CQZL%20lcAXyQ%7C%2D%23CZL%20lcKQyX9%2DF%23%7CQyX7%5EG%7CQyX7%2DB9XyQK%2FG%7CQyA%2FG%7CQQ%7CG%2FA%7CQyX7%5EASB%2A%5BY%5DQXy7%5EG%7CQyX7%2DB%7CQyXA%5E7XyyXA%2FGZL7%2DB%2FAXyQL7%2D%23C%207%5EDZL7%2DB7%20%5ECZL7%2D%23C%207%5ED%7C%7CZC%5E7%20G%7CQyX%20%3Eeni%23%2D7LZKQyX7%5EA%7CZL%20lcKyQX7%5EbBZL7%2DB%207%5ECcl%20%3CFC%207%5ED7%5EAZLyQ%20%20%5B%207%5ECZL%20lcKQyX7A%5EZL%20lcKQyX7%5ECC%2ALZ%20x%20XQyX%5D%20LZB%2D11%2FE%20%20%3CD%2ES%2E%20al%20Fine%3E%20%20%20%5D=Pop%2DSmooth=100=1
a8840e75-fea5-43ac-8905-0398c1d14435,irealb://Stockholm%20Syndrome=Bellamy%2DHoward%2DWolstenholme==Rock=D%2D==1r34LbKcu7nab%20e4%3CJustnE%3C%7B%20xZLxZLxZ%2DLD%3Eratiug%20eht%20ter%20th4Ti%2A%7CCZLE%2FLZxLZZLbBZLB%2FGZL9ddCaZL%2DDA%2A%5BY%7D%20xZLxD%2DLZA%2C%2DD%3EdY%20xZL%2D%2FF%23LLsus7AZL7%5EbEZLb57%2DEZLF%2F%2DDZL%2DGZZxLZADZLF%2F%2DDZL%2DLZCad%2F%2DDZLF%2FCZLE%2FAZ%2DLDZLbBZLB%2FGZL9dF%23LZG%2DDA%2A%7BZL%20xZ%2D7b5%20%2C%23F%2CGs%20AZLAZLxLZ%20sus7AZL7%5EbEZL%7ClF%20LEZLF%2FZLE%2FA%20%20Y%5BSFZLxZLxZLxZL%2DDLZxZLE%2FAZLxZLFB%2ALZxLZxZL%20x%7C%7D%20xZLZxLZkaerB%3C%7C%2C%23CQ%2CCsA%20ZLbA%20FZLxZL7bB%3ElD%2DL%2DDZLx%2DEZLF%20%5DY%7B%2A%2DGZLF%2F%2DDZL%2DDZL%2FC%2DDZL%2DD%7D%20xZL%2DDCLZD%2D%2FxZL%2DDQD%2A%5BYZEb%5E7Gs%20n%3EadoC%20la%20%2E%2ESD%3CZLxZLxZLAZL%20%2CF%23%2C%5DL%205b7lF%20AbLZA%20sC%2CC%23%2C%7BlD%2DXyQ%7C%3C4x%3E%20x%20%20%7D==130=0
a89034cd-ce49-45fe-a32e-f2dab17a247c,irealb://Studio%20Accordi%20M6%20Per%20Quarte%3DComposer%20Unknown%3D%3DMedium%20Swing%3DC%3D%3D1r34LbKcu7L6-EZZF-6LL6-bGZL6-bDZL6b-AZL6-bEZL6-bBZZB-6LL6-C%7C%2C6-BZZD-6LZL%2C6-AZL%2C6-DZL6%2C-GZL%2C6-C%5D%206-GZE-6%2CLL6-AZLZGb-6%2CLZDb-6%2CLZAb-6%2CLZEb-6%2CLZBb-6%2CLZF-6%2C%20%5D%20%3D%3D0%3D0
a8f0edc7-bc84-4289-b8c1-6d7f80eba3fe,irealb://Studio%20Accordi%20Maj7%235%20Per%20Quarte%3DComposer%20Unknown%3D%3DMedium%20Swing%3DC%3D%3D1r34LbKcu7%5EbGZL5LZF%5EDZL5%237%5EbAZL5%237b%5EEZL5%237%5EbBZL5%237b%5E7%235%237%5EC%7C%5EGZL%2CB%5E7%235%5D%205%237%5EGZL5%237%5EDLZ5%237%5EAZL5%237%5EEZLC%5E7%235ZL5%237%5EbDZLZD%5E7%23bGZL%2C5%237%5EBZL%2C57%23%5EEZL%2C5%237%5EAZL%2C5%5E7%235%2CL%2C5%2377%235%2CLZAb%5E7%235%2CLZEb%5E7%235%2CLZBb%5E7%235%2CLZF%5E7%235%2C%20%5D%20%3DJazz-Medium%20Swing%3D100%3D3
a873080b-4e34-4d10-b7f8-cc3dd8713d27,irealb://Superchops%203%20A-B%3DRoberts%20Howard%3D%3DMedium%20Swing%3DF%3D%3D1r34LbKcu7QyX7-4D-Xy7-DZL9b7A%207-E%7CyQX7-D%7CQyX7%5E-D%7CQXyQ%7CD4TA*%5BB%207-FyQ%7CA71F%7CQyX7-C%7CQyX7-%5ED%7CQyX7-D%7CQyX5%233XyQ%7CX7-E%7C7-DZL-7%20A97A%207-D2N%7C%7D%205%237%20A6-G%7CQyX7-D1NZLb9/C%23EZL9b%237B%7CQ%5D*BC-ZL5%237G%2031G%7CQyX-7DZL9B%2031F%7CQyX7C-9Xy%207-B%20F%7CQyXBb%5E7%20L9bB%207-F%7CQyX7-ZBL7-bB%207-DZL7-CZC%23-7%7CQyX9dr3%20lQ%7CEb-D%3C%20%20bE/F%7CQyX11E-%7CQyX31bA%7CQyX11.C.%20ayX7-%23%20End.%3E%20Z%20%3D%3D0%3D0
a858e1e5-4ea2-4408-8f35-794978e1db2f,irealb://Sweet%20Child%20O%20Mine%201%3DRoses%20Guns%20N%3D%3DMedium%20Swing%3DA%3D%3D1r34LbKcu7%5DQyXx4AXyQ%7CQyXG%7CQyX7-E%5BYQ%7DyXA%7CQyXD%7CQyXG%7CAXyQ%7C4TA*%5ByXBC*XyQ%7CGQyXQyXQyX%7CQyXE%7D%7CQyXE%7CQyX%23F%7CQyXXyQY%7BBB*%7BYQ%7CDXyQ%7CEXyQ%7CG%20A%20%7D%20%3DJazz-Medium%20Swing%3D100%3D3
a8ba4ad2-5f83-408c-a35a-1d7b23477d5a,irealb://Through%20The%20Barricades%20pag.2%3DBallet%20Spandau%3D%3DPop%20Ballad%3DG%3D%3D1r34LbKcu72T%7CQysC%20DL44TZLC42T%7CQyX-4E4T%7C%2C%23F/D%2CG42TZA-11X44TB*%3C%2C-E444GXyF/D%2CG42TZLC%20F%20%7D%20QyXGZLC%20D*%2CF%7BQ%23%2C%7CT4TZLD4%7C%2CD%20%20%3EE-%20LF/D%20GA*%5DQyXD44ZTLsusD42T%7CQyXCZ%23LZE-%3C%2006*D%20CB*ZC%20DL44TZLC42TZL-E%20%7CC%2CD%20%20B/-EZLD%20GZDXyQ%5DL-E%20CG44TZG%2CD/F%7CQyX11-A44TZLC24T%7CQyX7-E44T%7C%2C%23T24DL42TZL%7CQyXCC%20DLZ1-A44TZLC42T%7CQXy%5EC44T%7C%2CD%2C-E42T1XyQ%7C%7C%2CD%20%20DXyQ%7B*vF%2CXyQ%7CC%2CXyQ%7D%3C*33%20Ad%20libitum%3E%20%3DPop-Rock%3D115%3D1
a80fc1f5-897a-468a-8d29-5e74cda73006,irealb://Triste%20%2D%20Elis%20%26%20Tom=Ant%C3%B4nio%20Carlos%20Jobim%20arr%3A%20C%C3%A9sar%20Camargo%20Mariano%0A%0A==Samba=G==1r34LbKcu7%7CrQyX4%3CBred%26ssab%2B%3C%7B%7DQyX1%2319%5EbA%7CQyX96G%3Ekarums%3E4Ti%2A%7BGlZLs%5B%2AAG%5E%239%5EbA%2811%2331bA%7CyQX9%5EbEZL%20lcKQyX11%29%20%20%7D%20QyXB%207h%23cl%20LZ11%2DAB%2A%7CQyX31b97bE%7CQyX%299hB%289%2DBlXyQ%7CFKQyX%5E%2FW%20%23F7XyQ%7Cs31%23F%7C%2C%23F%2FW%20%23FW%2F%2C9%5EBl%7CQyX9%237%23Fus%2CW%2F%2DEZL7L%20n%2C%5E%5E%20E9LrB%3C44TA%2A%5BZL5b9Abl83T%5B%207%2DAl85TZeak%3EGB%7C%2C%23Fb7G%203%5BlG%2D1X9%2DDZL%20lcKQyX%5E%7CGQyX11%2331C%7CQyX1yQ%7CG1%20%20n%20ZX7%2DA%7C%2ACC%5E9%5EobB%287hbB%7CQyX7B%2D%7CQyX11%2331F%7CQyX7%29XyQ%5B%5D%2031av%20or3sus%20%7BZQyX%5EbEZL%2031%5EBb%20l%7C%2C5b9b7DlQpsQ%3Cout1D%7CQymp%3EG%2D9XyQ%7CC13%20%20%3C4x%3E%20%7D%7CUG%5EXyQZ%20==140=2
a8bc552b-d0d8-466a-b2c5-c2587c973eb8,irealb://Under%20Paris%20Skies-Rev%20JE%3DGiraud%20Hubert%3D%3DJazz%20-%20Swing%20Two-Four%3DF-%3D%3D1r34LbKcu7%7C%7D%2C7C34%3C*7%7D%2ChG%7C%2ChG%7B%7D%2C-F%7C-%2CFs%3E4/3%20DAEH%20%202%7BC7%2C%7CTi*%7BY-bB%7C%2Cb-%2C%7CF7C%7C%2C7C%7B%7D%2ChG%7C%2Ch%7BG%7D%2C-F%7C%2C-F%7B%5Dn%7C%2C-%2C%7D%7CF-B%7C%2C-F-bB%7C%2C%7Cn%5BBb%7D%2C%5EbA%7C%2C%5EbA%7B%2C7b%7CE%2C7-bB%7C%2C7bE%7C%2C7-%7BBb-7%2C-F%7C%2CF%7C%2C%5EFh%2C%7Cn%28%2C7C%7C%2C7C%7B%7D%2ChG%7C%2CGh%7B%7D%2C-F%7C%2C-F%7B%7D%297C%7DF%5E%2C%7CG%7B%7D%2C7bB%7B%7D%2CC7%29%5D%7B%5EbB%7B%2C7F%7C%2C7F%7C%2C7C-%7C%2C7-C%7C%7D%2C%5EF%7C%2C%5EF%2C%7CBb%5E%28n%7C%2C%5EF%7B%2C7CEb7%2C%7D%2C7C%7C%2C7G%2C-D%7C%2Co%23%7CC%2C-D%7C%2CE/7A%7C%2C%5EF%5B%7CF%5E%2C%7C%7B%7D%2C7-4/4%20S%7BF%23o7%2007*%3C44TB*%7BY%5Dn%2C%7C7C%7C%7D%2CC/hG%7B%7D%2CC/%20SOLO%7D%2CC/%5EA%7C%2C7bF-%2C%7CBbBC*%5B%7D%2C-F%7C%2C-F%7C7%2CC%7C%2ChG%7C%2C-bB%7C%2C-b-7%2C%7CE%7C%2C-F%3EhG%7C%2C-b%5E%2C%7CBbB%7C%2C-F%7C%2C-FB*%5BZ%7Cn%2C7C%7C%2C7-bB%7C%2C7-b-%2C%7CBbA%7C%2C%5Eb7bE%7C%2C%7CF%5E%2C%7C%2C%5EbB%7C%2C%5EbB%7C%2C7F%7C7%2C-C%7C%2C%5EF%7C%2C%5EF%5B%2C7C%7CBb-7%2C7C%7C%2C/7o%23F%7CA7/EF%7C%2C7C%7C%2C7-G%7C%2C7G%2C%7C7-D%7C%2Co%23C%7C%2C-D%7C%2C%5E/C%2C%7C%2C%5EF%7C%2C-F%7C%2C-/C%2C%7CC3%20DAEH%20%20QyX27*4%3C3TA*Q%7BY%20QyX%5D%2C7/4%3EsFhG%7C%2CC%7C%2ChG%7B%2C%7CGh%2C%2C-F%7B%5Dn%7C%2C-F%7C%2C-b%7CB%2C-F%7C%7D%2C7C%7C%2C7C%7B%7D%7CF-%2C%7DhG%7B%7D%2C%2C7bE%7CC7%2C%7CC%7C%2C7bE%7C%2C7-bB%5Bn%7C-%2CF%7C%2C-bB%7C%2C-F%7C%7D%2C7Bb-7%2C%7B%7D%2ChG%2ChG%7C%2C%7CAb%5E%2C-F%7C%2C-FA*%7B%7Dn%7C%2C7%7BC%7D%2C7-bB%7C%2C7-bB%7B%7D%2C%7D%7BGh%2C%5EbA%7B7F%7C%2C7%7Cn%7D*B-C%7C%7D%2C%5EF%7C%2C%5EF%7B%5D%29C7%28n%7C%2C%5EF%7C%2C%5EF%7C%2C%5EF7%2C%7CC-%2C7C%7B%7D-D%7C%2C7%7BBb%5E%2C-D%7C%2C7A%7C%2C%5EF%5B%7D%2C7Eb%7B%7D%2C7-bB%7B%7D%2C%5EbB%7C%2C%7CC%23o%2C7F%7C%2C-FA*%7BC7%2C%7CFC%7C%7D%2CC/hG%7B%7D%2CC/7%23oF%7B%7D%2CC/%5EF%7B%2C7C%7C%2C7%2C%7Cn%5D%7C%2C7G%2C%2CC/7-%7D%7BGh%2CZL%2CC/%5EFl%3EGAT07%3C*%7B%2C7C%7C%2C7C%7B%7D%2ChG%7C%3C3X%3EG%2C-F%7C%2C%20%7D%7CU%3CFINE%3EF-6%20Z%20%3DJazz-Swing%20Two/Four%3D180%3D4
a89fa121-890d-4800-8f69-17140db9b5be,irealb://That's%20All%201%3DHaymes-Brandt%3D%3DMedium%20Swing%3DC%3D%3D1r34LbKcu7F%207h%234C%5E7%20%207-DZL7A%207-El%7C7%2CG%2C7Fs%207-EZL7-DG7LZF4TA*%7BN%7CQyX-7%20D%23XQyXl%7D%20%2C%20%20%2C5b7C%23s1N%7CQyX7-DZL7oyQXyQEZL7-L7D%2075XyQ%5DX7%5EFZL7C%207-G%7CQXy7%5EFZL7C%207-GB*%5ByQ%7CA-b7%23C2QyXZLyQ%7CA-L%20s%20%20ZLQyXA*%5BZ5%20b7%23C%207-DZL7D%207ZlXyQX7%5EGZLZXyQLZXyQLZXyQLZXyQ%20Z%20%3DJazz-Medium%20Swing%3D71%3D3
a8588e01-7475-4dd7-9e76-f32a6cd23eee,irealb://Weight%2C%20The%3DBand%20The%3D%3DCountry%3DC%3D%3D1r34LbKcu7A*%5BY%204%3CSolyX%5DE%20%20A%7CQyXE%3ErtaiuG%20citsuocA%20oQXyQ%204Ti*%5BXD%3EalC%23-XyC%20A%3C%7DQyXDZLE%20A*B%5BY%5DQyXA%7CQyXD%7CQappel%7CQyXAyQ%7CXyQ%20%5DY%5B*CA%2CG%23%2CF%23%2CE%2C%7CDXyQZ%20%3D%3D0%3D0
a8fc700f-4112-470c-87de-084a24e4dc80,irealb://You'l%20Never%20Find%20-%20Lou%20Rawls%3DHuff%20Gamble%2C%3D%3DDisco%3DD%3D%3D1r34LbKcu7%7BY%7D%20%20571%3EDx%20ZL%20x%20ZLD%2FW%3E357*%3C%2CD%2FW%3E275*%3C%2C%5E%20LZ%20x*%3Ci*%7BA%2F%5EG%7C66XyQxZLxZLxZLxZLxZxLZL%2C%5ED%3EesreVQyXLZx%20%7D*%3CSA*%3EadoCl%20LZ%20S.D%3CZL%20x%20ZL%20lcQKyX%5EDZLQ%20x%20ZL%20x.%20al%20cKQyX%2F%5EGZLY%7B*B%3C%20x%20ZL%20lcKQyXA%2FG%5E%3EQyXsurohC%2066*LZ%20x%20%5D%20%20x%20*%3CA*%7Bcl%20LZQyX%5D%20%20lcKQyXA%2FG%5E%7C%7DQyX6D%7CQyX7%5EDXyQ%20%20KQyXAL%20lcKVerse%5EG%7C%7D%20xZLxZLxZLZxLxZLxZLxZL%2C%5ED%3E%2FAXyQQyX66uo%20suZ%20x%20L%2096*%3CB*%7B%5D%20%20x%20Z%20Lx%20ZL%20lcKQyX%5EDZ%20ChorL%20x%20ZL%2C%5EDZepeatZLxZLxZLxZL%2CA%2FG%5E%3Ehsinif%20llit%20%20xLZxLr%20ortZD6%2C%20%7D%20%3DPop-Disco%3D110%3D1
a8ca4c94-b950-4e40-af3d-d3604f48b797,irealbook://Extended%20Cadence%20x%201%20-%20Half%20Nelsons%3DLego%20Cadences%3DMedium%20Swing%3DC%3Dn%3D%7CA-7%20%20%20%7CD-7%20%20%20%7CG7%20%20%20%7CC%5E7%20%20%20%7CBb-7%20%20%20%7CEb-7%20%20%20%7CAb7%20%20%20%7CDb%5E7%2C%20%20%20%7C%7CB-7%20%20%20%7CE-7%20%20%20%7CA7%20%20%20%7CD%5E7%2C%20%20%20%7CC-7%20%20%20%7CF-7%20%20%20%7CBb7%20%20%20%7CEb%5E7%2C%20%20%20%7CDb-7%20%20%20%7CGb-7%20%20%20%7CB7%20%20%20%7CE%5E7%2C%20%20%20%7C%7CD-7%20%20%20%7CG-7%20%20%20%7CC7%20%20%20%7CF%5E7%2C%20%20%20%7CEb-7%20%20%20%7CAb-7%20%20%20%7CDb7%20%20%20%7CGb%5E7%2C%20%20%20%7CE-7%20%20%20%7CA-7%20%20%20%7CD7%20%20%20%7CG%5E7%2C%20%20%20%7CF-7%20%20%20%7CBb-7%20%20%20%7CEb7%20%20%20%7CAb%5E7%2C%20%20%20%7CGb-7%20%20%20%7CB-7%20%20%20%7CE7%20%20%20%7CA%5E7%2C%20%20%20%7CG-7%20%20%20%7CC-7%20%20%20%7CF7%20%20%20%7CBb%5E7%2C%20%20%20%7CAb-7%20%20%20%7CDb-7%20%20%20%7CGb7%20%20%20%7CB%5E7%2C%20%20%20%7C
a83e03bf-9a8d-4ace-8e8a-98faa80b894f,irealbook://%E6%89%80%E3%81%95%E3%82%93%E3%81%AE%E3%81%BE%E3%82%82%E3%82%8B%E3%82%82%E3%81%9B%E3%82%81%E3%82%8B%E3%82%82%3D%E3%82%B8%E3%83%A7%E3%83%BC%E3%82%B8%20%E6%89%80%3DRock%3DC-%3Dn%3D%7BT44C-%20%20%20%7CC-b6%20%20%20%7CC-6%20%20%20%7CC-b6%20%20%20%7D%7CT34G/D%2C%20Gb/Db%2C%20%7CF/C%2C%20E/B%2C%20%7CT24Eb/Bb%20%7C%20%20%20%20%20%20%7CT44A-%20%20%20%7CA-%20%20%20%7C%20%20%20%20%20%20%20%20%7CC-%20%20%20%7CC-b6%20%20%20%7CC-6%20%20%20%7CC-b6%20%20%20Z%20
a81e2f74-a377-4ff0-a05c-756251a5abbf,irealbook://101%20Eastbound%3DFourplay%3DFunk%3DEb-%3Dn%3D%5B*iT44Eb-%20%20%20%7C%20x%20%20%7C%20%20%20r%7C%20%20%20%20%5D%7B*AEb-%20%20%20%7C%20x%20%20%7CAb-%20%20%20%7C%20x%20%20%7CDbsus%20%20%20%7CppBb7alt%20%7CEb-%20%20%20%7C%20x%20%20%7D%5B*BAb-%20%20%20%7CG7%20sF%23-%2CB7%2C%7ClE7%2311%20%20%20%7CEb-%20D7%20%7C%7CDbsus%20%20%20%7CDb7b9%20%20%20%7CDbsus%20%20%20%7CBb7alt%20%20%20Z%5B*AEb-%20%20%20%7C%20x%20%20%7CAb-%20%20%20%7C%20x%20%20%7CDbsus%20%20%20%7CppBb7alt%20%7CEb-%20%20%20%7C%20x%20%20Z%3C*40Solo%20on%20A%20only%2C%20on%20cue%20to%20B%2C%20AABA%3E
a8b4327e-ae16-43e5-9a3f-0485e00a9b4c,irealbook://Black%20Gold%3DSparro%20Sam%3DMedium%20Swing%3DE-%3Dn%3D%5B*AT44E*m*%20%3CSaw%20%3F%3E%20%20%7C%20%20%20%20%7C%20%20%20%20%7C%20%20%20%20%7CC%20%20%20%7C%20%20%20%20%7CA*m*%20%20%20%7CB*m*%20D%20%5D%3C004%20Warm%20strings%20for%20middle%20bit%3E%20%20%20%20%20%20%20%20%20%20%20%20%20%20%20%20%3CS2%2C%2012%20Saw%20Synth%2C%20octaves%2C%20G%20off%20the%20beat%3E%20%20%20%20%20%20%20%20%20%20%20%20%20%20%20%20%3CFinish%20song%20with%20Saw%20turning%20down%20the%20treble%3E%20%20%20%20%20%20%20%20%20%20%20%20%20%20%20%20%3CSTART%20-%20ALL%20IN%20%3E%20%20%20%20%20%20%20%20%20%20%20%20%20%20%20%20%3CEND%20-%20LAST%20%22BLACK%20AND%20GOLD%22%3E%20%20%20%20%20%20%20%20%20%20%20%20%20%20%20%20%3C12%20Lower%20Saw...%20Upper%2012%20Soft%20Pad%3E
a84a26ff-6d2f-4e4c-9cfc-dda0d5e34d20,irealbook://Heard%20It%20Through%20The%20Grapevine%3DGaye%20Marvin%3DPop%3DEb-%3Dn%3D%5B*iT44%3C%20%20%20%20keys%20intro%3EEb-%20%20%20%7CEb-%20%20%20%7CEb-%20%20%20%7CEb-%20%20%20%7CEb-%20%20%20%7CEb-%20%20%20%7CEb-%20%20%20%7CEb-%20%20%20%5DY%7B*AEb-%20%20%20%7CEb-%20%20%20%7CBb%20%20%20%7CAb%20%20%20%7DY%5B*BC-%20%20%20%7CAb%20%20%20%7CEb-%20%20%20%7CAb%20%20%20%5DY%7B*CEb-%20%20%20%7CEb-%20%20%20%7CAb%20%20%20%7CAb%20%20%20%7D%3CS2%2C%20001%20E%20piano...%20octave%20bass%20on%20the%20beats%3E
a811171b-6764-4e47-89e9-5c0a2e84e288,irealbook://Mercy%3DDuffy%3DPop%3DG%3Dn%3DY%5B*iT44%3CBass%20intro%3EG%20%20%20%7CG%20%20%20%7CG%20%20%20%7CG%20%20%20%7C%7B%3CGuitar%3EG%20%20%20%7CG%20%20%20%7CG%20%20%20%7CG%20%20%20%7D%7CD%20%20%20%7CC%20%20%20%7CG%20%20%20%7CG%20%20%20%5DY%7B*AG%20%20%20%7CG%20%20%20%7CG%20%20%20%7CG%20%20%20%7D%7BD%20%20%20%7CC%20%20%20%7CG%20%20%20%7CG%20%20%20%7DY%5B*BG%20%20%20%7CG%20%20%20%7CG%20%20%20%7CG%20%20%20%7CC%20%20%20%7CC%20%20%20%7CG%20%20%20%7CG%20%20%20%7CD%20%20%20%7CC%20%20%3C003%20Rock%20Organ%3E%20%7CG%20%20%20%7CG%20%20%20%5DY%7B*C%3C10%20BARS%3E%20%20%20%20%7D%20%20%20%20%20%20%20%20%20%20%20%20%3C*22START%20-%20BASS/DRUM%20%20%20%20%20END%20-%20RALL%20OUT%3E
a8059465-e040-4355-98fd-7bae86d86619,irealbook://No%20One%20But%20You%202%3DYou%20We%20Will%20Rock%3DMedium%20Swing%3DE%3Dn%3D%7B*AT34E%20%20%7CB/D%23%20%20%7CE%20%20%7CE%20%20%7CF%23-%20%20%20%7CC%23/F%20%20%7CF%23-%20%20%7CF%23-%20%20%7CN1B/D%23%20%20%7CB%20%20%20%7CE%20%20%7CC%23-%20%20%7CF%237/A%23%20%20%7CF%23%20%20%7CB%20%20%20%7CA/B%20%20%7DN2D%20%20%7C%20%20%20%7CA/C%23%20%20%7CA%20%20%20%7CE%20%20%7C%20%20%20%7CB/D%23%20%20%7CC%23%20%20%7BF%23%20%20%20%7CA%237%20%20%7CN1B%20N2%20%7CC%23%20%20%7DN3D%23%20%20%7CD%23-7b5/C%20%20%20%7CF%23/C%23%20%20%7C%20%20%20%7CD7/C%20%20%7CB%20%20%7CF%23/Bb%20%20F%23%2C%7CF%23sus/C%23%20%20%7C%20%20%20%7CF%23%20%20%7C%20%20%20%5D
a886d99b-77fa-441a-b7a9-d6f838f6d64f,irealbook://TO%20MAKE%20YOU%20FEEL%20MY%20LOVE%20-%20Adele%3DDylan%20Bob%3DRock%20Pop%3DC%3Dn%3DY%7BT44%3C*74Verse%3EG%20%20%20%7CD/F%23%20%20%20%7CF%20%20%20%7CC%20%20%20%7CC*mi*%20%20%20%7CG%20%20%20%7CA7%20D7%20%7CG%20%20%20%7DY%7B%3C*74Chorus%3EC%20%20%20%7CG%20%20%20%7CB7%20C%20%7CG%20%20%20%7CC%20%20%20%7CG%20%20%20%7CA7%20%20%20%7CD7%20%20%20%7D
a80209b8-3583-4507-9593-4c6e0ac52dd8,irealbook://Where%20Do%20I%20Begin%20%28Love%20Story%29%3DComposer%20Unknown%3DMedium%20Ballad%3DG-%3Dn%3D%7BG*m*%20%20%20%7C%20x%20%20%7CD7%20%20%20%7C%20x%20%20%7CG*m*%20G*m7*%20%7CEb%5E%20%20%20%7CD7%20%20%20%7CD*sus7*%20D*79b*%20%7CN1G*m*%20%3CFine%3E%20%20%7CD7%20%20%20%7DN2G%5E%20%20%20%7CG7%20%20%20%7C%5BC*m7*%20%20%20%7CF7%20%20%20%7CBb%5E%20%20%20%7CEb%5E%20%20%20%7CAh%20D7%20%7CG*m*%20%20%20%7CC*m7*%20%20%20%7CF7%20%20%20%7CBb%5E%20%20%20%7CEb%5E%20%20%20%7CA7%20%20%20%7CD%5E%20%20%20%7CD7%20%20%20%5D%3CD.C.%20al%20Fine%3E
a88f0c23-dc95-46a0-902e-9288ff5ab2cb,irealbook://Angela%3DJames%20Bob%3DBallad%3DC-%3Dn%3D%5B*AT44C-%20%20%20%7CC-/Bb%20%20%20%7CAh7%20%20%20%7CsAb%2CF7%2CBb%2CG7%2C%7ClC-%20%20%20%7CBb-%20Eb7%2C%20%7CAb%5E7%20%20%20%7CC-%20%20%20%7CAb%5E7%20%20%20%7CC-%20%20%20%7CsF-%2CG-%2ClAb%5E7%20%7CBb%20C-%20%7CsF-%2CG-%2ClAb%5E%20%7CBb%20C-%20%7CAb%20G%20%7CsF-%2CG-%2ClBb7%20%5D%5B*BGsus%20%20%20%7C%20x%20%20%7C%20%20%20r%7C%20%20%20%20%7CGsus%20%20%20%7CF%20%20%20%7CE-%20E7%20%7CA-%20A-/G%20%7CsFh%2CB7%2CE-%2CA7%2C%7CD-%2CG7%2CC%5E%2CF%5E%2C%7ClE-%20Eb7%20%7CD-%20Db7%20Z%5B*CC-%20%20%20%7CC-/Bb%20%20%20%7CAh7%20%20%20%7CAb7%20G7%20%7CC-7%20%20%20%7CBb-%20Eb7%20%7CAb%5E7%20%20%20%7CDh7%20G7%20%5D%5B*DsF%2CG%2CBb%2CC-%2C%7ClC-%20%20%20%7CF%2CG%2CBb%20%7CAh7%20sAb%2CEb%2C%7CF%2CG%2CBb%2CC-%2C%7ClC-%20%20%20%7CF%2CG%2CBb%20%7CAb%5E7%20%20%20Z%20
a8337678-2a0c-4d2e-b2c0-73ee198048ec,irealbook://Blues-3%3DComposer%20Unknown%3DMedium%20Swing%3DF%3Dn%3D%5BT44F7%20%20%20%7CBb7%20%20%20%7CF7%20%20%20%7Cx%20%20%20%7CBb7%20%20%20%7Cx%20%20%20%7CF7%20%20%20%7Cx%20%20%20%7CG7%20%20%20%7CC7%20%20%20%7CF7%20%20%20%7CC7%20%20%20Z
a87b5c4b-c1e4-4dbb-bb53-7075d26e4941,irealbook://Thousand%20Years%202%2C%20A%3DPerri%20Christina%3DPop%3DBb%3Dn%3D%5BT68%3C*63Interlude%3EBb%20%20%20%7CBb%20F/A%20%7CG-7%20%20%20%7CG-7%20F%20%7CEb%20%20%20%7C%20x%20%20%7CBb/F%20%20%20%7CF%20%20%20%5D%7B%3C*66Vox%3EC-%20%20%20%7C%20x%20%20%7CG-%20%20%20%7CF7%20%20%20%7D%7B*B%3CDown%3EBb%20%20%20%7CBb%2C%20F/A%20%7CG-7%20%20%20%7CG-7%2C%20F%20%7CEb%20%20%20%7C%20x%20%20%7CF11%20%20%20%7CF7%20%20%20%7D%5B*vEb%20%20%20%7C%20x%20%20%7CBb/D%20%20%20%7C%20x%20%20%7CEb%20%20%20%7C%20x%20%20%7CG-%20%20%20%7CF%20%3C%20%20%20%20%20Rit%3E%20%20%7CfEb%20%20%3CFine%3E%20Z
a8593b41-24f5-440f-946d-a8ce35c59cec,irealbook://Celebration%3DKool%20And%20The%20Gang%3DPop%3DAb%3Dn%3D%5B*AT44%3CFunk%20skank%3EAb%20%20%20%7CAb%20%20%20%7CAb%20%20%20%7CAb%20%20%20%5DY%5B*BGb%20%20%20%7CAbsus%20Ab%20%7CGb%20%20%20%7CAbsus%20Ab%20%5DY%5B*BDb%20%20%20%7CC-7%20%20%20%7CF-7%20%20%20%7C%20x%20%20%7CBb%20%20%20%7CEb%20%20%20%5D%20
a8fb42e9-4882-4032-92f3-5651ef02e0c9,irealbook://Cleopatra's%20Dream%3DPowell%20Bud%3DMedium%20Swing%3DG%23-%3Dn%3D%7B*AT44Bbh7%20%20%20%7CEb7%20%20%20%7CAb-6%20%20%20%7C%20x%20%20%7CBbh7%20%20%20%7CEb7%20%20%20%7CAb-6%20%20%20%7CU%20x%3CFine%3E%20%20%7D%5B*BEb7%20%20%20%7C%20x%20%20%7CAb-6%20%20%20%7C%20x%20%20%7CEb7%20%20%20%7C%20x%20%20%7CAb-6%20%20%20%7C%3CD.C.%20al%20Fine%3E%20x%20%20%5D%20
a885f843-4ad8-479b-bdf2-228539445074,irealbook://Dansez%20Sur%20Moi%20%28Girl%20Talk%29%3DClaude%20Nougaro%20Neal%20Hefti%3DSlow%20Swing%3DEb%3Dn%3D%5BT44Eb%5E7%20A7%20%7CAb%5E7%2C%20Bb7%28F-7%29%20%28Bb7%29%7CG-7%20C7b9%20%7CsF-%28F-7%29G-%2CAb%28Bb7%29Bb7%2C%7ClEb-7%20Ab-7%20%7CF7b9%2311%20Bb7%20%7CG-7%20C7b9%20%7CsG-%28G-7%29Ab6%2CBb%28C7%29C7%2C%7ClF7%20%20%20%7CF7%20Ab-7%28Bb-7%29%20%28Ab-7%29%7CG-7%20C-7%20%7CF-7%20Bb7%20Z%20
a80be9e0-87f4-46cd-9416-047029fed594,irealbook://Funky%20Town%3DInc%20Lipps%3DMedium%20Swing%3DC%3Dn%3DY%7B*vT44%3CWEIRD%20MELODY%2C%20C%20Bb%20C%20G%20C%20F%20E%20C%3EC%20%20%20%7C%20%20%20%20%7D%7CG%20%20%20%7C%20%20%20%20%5D%20%20%20%20%20%20%20%20%20%20%20%20%20%20%20%20%7B*C%3C*70%20%20FUNKY%20TOWN%3EC-7%20%20%20%7C%20%20%3Cstrings%20copy%20melody%20for%20a%20chorus%3E%20%20%7C%20%20%20%20%7C%20%20%20%20%7D%5B%3CSax%20solo%20bit%3EF7%20%20%20%7C%20%20%20%20%7C%20%20%20%20%7C%20%20%20%20%5D%20%20%20%20%20%20%20%20%20%20%20%20%20%20%20%20Y%7B*vT44%3CWEIRD%20MELODY%2C%20C%20Bb%20C%20G%20C%20F%20E%20C%3EC%20%20%20%7C%20%20%20%20%7D%7CG%20%20%20%7C%20%20%20%20%5D%20%20%20%20%20%20%20%20%20%20%20%20%20%20%20%20%7B*C%3C*70%20%20FUNKY%20TOWN%3EC-7%20%20%20%7C%20%20%3Cstrings%20copy%20melody%20for%20a%20chorus%3E%20%20%7C%20%20%20%20%7C%20%20%20%20%7D%5B%3CSax%20solo%20bit%3EF7%20%20%20%7C%20%20%20%20%7C%20%20%20%20%7C%20%20%20%20%5D%20
a84bbc9a-77ac-48b2-a649-8919487bc63f,irealbook://Get%20Back%3DBeatles%3DPop%3DA%3Dn%3DYY%7B*AT44A%20%20%20%7CA%20%20%20%7CD%20D7%20%7CA%20%20%20%7CA%20%20%20%7CA%20%20%20%7CD%20D7%20%7CA%20G%2CD%7D%3CPfff.....%20nout%20for%20you%20son%2C%20play%20piano%20maybe%20%3F%3E%20
a8e61ae6-d10e-46f5-884a-77e02cd9c5fb,irealbook://Gleda%3DComposer%20BollaniLundBodilsen%3DEven%208th's%3DC%3Dn%3D%7B*iT44A%5E7%20%7CC%23-11%20%7CF%23-7%20%7CC%5E7%20Bsus%20%7D%7B*ASG%20%7CC/G%20%7CD/G%20%7CC/G%20%7DA-7%20D7%20%7CB-7%20E7b9%20%7CA-7%20%20%7CD7%20Q%20%7CG%5E7%20C%5E7%20%7CA%5E7%20C%23-7%20%7CC%5E7%20B7sus%20%20%7C%20%20%20%7BE%20%20%20%7CF%23-7/E%20%20%20%7CB/E%20%20%20%7CF%23-7/E%20%20%20%7D%7CF%23-7%20B7%20%7CG%23-7%20C%237b9%20%7CF%23-7%20%20%20%7CB9%20%20%20%7CA%5E7%20%20%20%7CC%23-11%20%20%20%7CF%23-7%20%20%20%7CC%5E7%20B7sus%2CS%20%5D%7BQG%5E7%20C%5E7%20%7CA%5E7%20C%23-7%20%7DG%5E7%20C%5E7%20%7CA%5E7%20C%23-7%20%7CfC%5E7%2311%20%20%20Z%20
a8f11add-452c-4ac9-b4c7-5435eba789db,irealbook://How%20We%20Love%20%28Sax%29%3DParlato%20Gretchen%3D%20%3DD%3Dn%3D%5BT44D%5E%20B-9%20%7CE-9%20%20%20%7CG-9%20Asus%20%7CD%5E%20%20%7C%20D%5E%20F%23-%20%7CC%5E%20B-9%20%7CG-9%20Asus%20%7CCsus%20%20%7C%20T24B-9%20%20%20%7CT44Bb%5E9%20%20%20%7CG-9%20Csus%20%7CD%5E%3C%28D%2CB%2CA%29%3E%20%20%7C%20%3CSlowing%20down%3EB-9%20F%2313b9%20F/D%23%20%7CEsus%20%7CF%5E%20G-9%20%7CAsus%20B7%235%20%7CE-9%20%20%20%7CA13b9%20%20%20%7CD%5E%20%20%20%7C%20%20%20%20%3CChorus%3E%20%20%20%20%20%20%20%20%20%20%20%20%20%20%20%20%7CD/F%23%20%20%20%7CG%5E%20%20%20%7CB-9%20%20%20%7CA-9%20Dsus%20%7CG%5E%20%20%20%7CF%23-9%20B-9%20%7CE-9%20E-/A%20%7BD%5E%20B-9%20%7CBb%5E%20Eb%5E9%2311%20%7D%20
a8403dfb-0c10-43b7-af1a-90cd981c22a6,irealbook://Staten%20Island%20Hornpipe=Traditional=Fiddle%20Tune=D=n=%7b%2aAT22D%20%20%20%7cD%20%20%20%7cG%20D%20%7cA%20%20%20%7cD%20%20%20%7cD%20%20%20%7cD%20A%20%7cD%20%20%20%7dY%7b%2aBD%20A%20%7cD%20A%20%7cC%20%20%20%7cC%20%20%20%7cD%20A%20%7cD%20A%20%7cD%20A%20%7cD%20%20%20%7d
a894b667-1fea-4baf-bd7a-6c4da419c58f,irealbook://Some%20Eighths%3DComposer%3DMedium%20Swing%3DC%3Dn%3D%5B*AT44%3C%20/%20%20%20%20%20%20%20%20/%20%20%20%3EsD-7%2CG-%2CA7%2CBb7%2C%3C%20/%3ElG7%20%3C%20/%3EE7%20%7C%20%20%20%20%7C%20%20%20%20%7C%20%20%20%20%7C%20%20%20%20%7C%20%20%20%20%7C%20%20%20%20%5D%20
a85d84ee-4d5f-474b-8ff9-6661521eca38,irealbook://Star%20Eyes%20nmn%3DGene%20De%20Paul%3DMedium%20Swing%3DEb%3Dn%3D%5BT44%3C%2A63%20%2021%20%20%20%20%20%C2%B7%3EEb%20Eb6%20%7C%3C%2A63%20%C2%B7%2012%20%203535%3EF-%20Bb7%20%7C%3C%2A63%2021%20%20%20%20%20%C2%B7%3EEb%20Eb6%20%7C%3C%2A63%5C1%5C%20%C2%B7%2023%20%204567%3EEb-%20Ab7%20%7C%3C%2A63%2065%20%20%20%20%20%C2%B7%3EDb%20Db6%20%7C%3C%2A63%20%C2%B7%201%CC%877%CC%A3%20%20671%CC%872%3EGh%20C7%20%7C%3C%2A63%207%CC%A3%20%20%20%20%20%20%20%C2%B77%3EF%20%20%20%7C%3C%2A63%206%CC%B81%CC%876%CC%A3%CC%B81%CC%87%20%206%CC%A3_%3EFh%20Bb7%2CQ%20%7D%3C%2A63/1/%201%CC%87%20%20%C2%B74%CC%A3%3EAb%20%20%20%7C%3C%2A63%205%20%20%20%20%20%20%20%C2%B74%3EAb6%20%20%20%7C%3C%2A63/m/%206%20%20%C2%B72%3EAb-%20%20%20%7C%3C%2A63%203%20%20%20%20%20%20%20%C2%B72%3EDb7%20%20%20%7C%3C%2A63%205%20%20%20%20%20%20%20%C2%B71%3EGb%20%20%20%7C%3C%2A63%202%20%20%20%20%20%20%20%C2%B71%3EGb6%20%20%20%7C%3C%2A63%5Cm%5C%2044%20%2054%3EF-%20%20%20%7C%3C%2A63%202%3EBb7%3C%2A06D.C.%20al%20Coda%3E%20%20%20%5DQ%3C%2A63%20%20%20%205%20%20%20%20%20%20%20%C2%B75%3E%20Eb7%20D7%20%7C%3C%2A63%204%20%20%20%20%20%20%203%3EDb7%20C7%20%7C%3C%2A63%20%C2%B72%20%20%20%20%20461%CC%87%3EF-%20Bb7%20%7C%3C%2A63%201%3EEb6%20%20%20%7Cx%20Z%20
a8ac8af7-bbfb-4e50-87b3-2a8a30e05cad,irealbook://xoxoxoxoxoxoxoxoxoxoxoxoxoxoxoxoxoxoxoxoxoxoxoxoxoxoxoxoxoxoxoxoxoxoxoxoxoxoxoxoxoxoxoxoxoxoxoxoxoxoxoxoxoxoxoxoxoxoxoxoxoxoxoxoxoxoxoxoxoxoxoxoxoxoxoxoxoxoxoxox    oxoxoxoxoxoxoxoxoxoxoxoxoxoxoxxoxoxoxoxoxoxoxoxoxoxoxoxoxoxoxoxoxoxoxoxoxoxoxoxoxoxoxoxoxoxoxoxoxoxoxoxoxoxoxoxoxoxoxoxoxoxoxxoxoxoxoxoxoxoxoxoxoxoxoxoxoxoxoxoxoxoxoxoxoxoxoxoxoxoxoxoxox    oxoxoxoxoxoxoxoxoxoxoxoxoxoxoxoxoxxoxoxoxoxoxoxoxoxoxoxoxoxoxoxoxoxoxoxoxoxoxoxoxoxoxoxoxoxoxoxoxoxoxoxoxoxoxoxoxoxoxoxoxoxoxoxoxxoxoxoxoxoxoxoxoxoxoxoxoxoxoxoxoxoxoxoxoxoxoxoxoxoxoxoxox    oxoxoxoxoxoxoxoxoxoxoxoxoxoxoxoxoxoxoxxoxoxoxoxoxoxoxoxoxoxoxoxoxoxoxoxoxoxoxoxoxoxoxoxoxoxoxoxoxoxoxoxoxoxoxoxoxoxoxoxoxoxoxoxoxoxoxxoxoxoxoxoxoxoxoxoxoxoxoxoxoxoxoxoxoxoxoxoxoxoxoxoxox    oxoxoxoxoxoxoxoxoxoxoxoxoxoxoxoxoxoxoxoxoxxoxoxoxoxoxoxoxoxoxoxoxoxoxoxoxoxoxoxoxoxoxoxoxoxoxoxoxoxoxoxoxoxoxoxoxoxoxoxoxoxoxoxoxoxoxoxoxxoxoxoxoxoxoxoxoxoxoxoxoxoxoxoxoxoxoxoxoxoxoxoxox    oxoxoxoxoxoxoxoxoxoxoxoxoxoxoxoxoxoxoxoxoxoxoxxoxoxoxoxoxoxoxoxoxoxoxoxoxoxoxoxoxoxoxoxoxoxoxoxoxoxoxoxoxoxoxoxoxoxoxoxoxoxoxoxoxoxoxoxoxoxoxxoxoxoxoxoxoxoxoxoxoxoxoxoxoxoxoxoxoxoxoxoxox    oxoxoxoxoxoxoxoxoxoxoxoxoxoxoxoxoxoxoxoxoxoxoxoxoxoooooooooooxoxoxoxoxoxoxoxoxoxoxoxoxoxoxoxoxoxoxoxoxoxoxoxoxoxoxoxoxoxoxoxoxoxoxoxoxoxoxoxoxoxoxoxoxoxoxoxoxoxoxoxoxoxoxoxoxoxoxoxoxoxox    oxoxoxoxoxoxoxoxoxoxoxoxoxoxoxoxoxoxoxoxoxoxoxoxoxoxoxoxoxoxoxoxoxxoxoxoxoxoxoxoxoxoxoxoxoxoxoxoxoxoxoxoxoxoxoxoxoxoxoxoxoxoxoxoxoxoxoxoxoxoxoxoxoxoxoxoxoxoxoxoxxoxoxoxoxoxoxoxoxoxoxoxox    oxoxoxoxoxoxoxoxoxoxoxoxoxoxoxoxoxoxoxoxoxoxoxoxoxoxoxoxoxoxoxoxoxoxoxxoxoxoxoxoxoxoxoxoxoxoxoxoxoxoxoxoxoxoxoxoxoxoxoxoxoxoxoxoxoxoxoxoxoxoxoxoxoxoxoxoxoxoxoxoxoxoxxoxoxoxoxoxoxoxoxoxox    oxoxoxoxoxoxoxoxoxoxoxoxoxoxoxoxoxoxoxoxoxoxoxoxoxoxoxoxoxoxoxoxoxoxoxoxoxxoxoxoxoxoxoxoxoxoxoxoxoxoxoxoxoxoxoxoxoxoxoxoxoxoxoxoxoxoxoxoxoxoxoxoxoxoxoxoxoxoxoxoxoxoxoxoxxoxoxoxoxoxoxoxox    oxoxoxoxoxoxoxoxoxoxoxoxoxoxoxoxoxoxoxoxoxoxoxoxoxoxoxoxoxoxoxoxoxoxoxoxoxoxoxxoxoxoxoxoxoxoxoxoxoxoxoxoxoxoxoxoxoxoxoxoxoxoxoxoxoxoxoxoxoxoxoxoxoxoxoxoxoxoxoxoxoxoxoxoxoxoxxoxoxoxoxoxox    oxoxoxoxoxoxoxoxoxoxoxoxoxoxoxoxoxoxoxoxoxoxoxoxoxoxoxoxoxoxoxoxoxoxoxoxoxoxoxoxoxxoxoxoxoxoxoxoxoxoxoxoxoxoxoxoxoxoxoxoxoxoxoxoxoxoxoxoxoxoxoxoxoxoxoxoxoxoxoxoxoxoxoxoxoxoxoxoxxoxoxoxox    oxoxoxoxoxoxoxoxoxoxoxoxoxoxoxoxoxoxoxoxoxoxoxoxoxoxoxoxoxoxoxoxoxoxoxoxoxoxoxoxoxoxoxooooooooooo=cuppajoeman=Medium Swing=C=n=[T44C   }
