id,url
b4b715c2-eceb-4998-9125-75a5a40a2b36,irealb://Creole%20Song=Ory%20Kid==Medium%20Swing=Bb==1r34LbKcu7%7CQyX74BbXy%20bEZL7bB%20bB%7CQybXBZL%20lcKQyX7F%7CQC7LZF4TA%2A%7BBZL%20l%7D%7B%2ABB7F%7CQyXbB%7CQyXbBLZ%20lcKQyX7F%7CQyXbXyQKcQyXbByXQyX%7D%7C%3CVoXQyXZLQyXQyXQyQXyXQyX%3EA%20no%20lacyQXyQ%207F%20bQLZXyQXyQXyQXyQXyQ%20%5D%20==0=0
b45fc23d-6018-48d9-a517-e8c466b249dd,irealb://%28How%20Much%20Is%29%20That%20Doggie%20In%20The%20Window=Merrill%20Bob==Medium%20Swing=C==1r34LbKcu7%7C%2CA%2CB%2CpG%2C%7C%2CA%2CBZLG%20%2CDZLD%2CG7%7C%2CG%2CA%2CC%7C%2CE%2CB%2CCG%2C%7CF%2Cp43T%5BZLD%2CEx%20LZCG%2CA%2CB%7C%2C7G%20DZLD7%2CG%7C%2CE%2CA%2CCZLE%2CG%2C7%2C%7CF%2CZL%207G%2C7G%2CF%20G7%2C%7CA%2CB%7C%2C7G%20DZL%20D%2CG7ZLD%2C7G%7C%2CE%2C7G%2CC%2CG7%2C%7CCZL%20CFZL7G%20LZxX%2C7G%20DZLD%2C7G%7C%2C7%2CGA%2CC%7C%2CE%2C7G%2CC%7CQy%7CB%2CA%2C7G%7C%2CA%2CE%2CD%2C%7CC%20LZC%20%20Z%20=Jazz%2DMedium%20Swing=125=0
b4568231-c62d-490b-823f-d688f4a5b0ea,irealb://So%20Many%20Stars%3DMendez%20Sergio%3D%3DBossa%20Nova%3DDb%3D7%3D1r34LbKcu7%5EbGZL4Ab139b7bD%7CQyX7-bA%7CyQX9b31bA%7CQyXsus%20Db134TA*%7BQyX5%23B13XyZL7-F%207%5E-FZL7-%20F6-FZLF/bD%20-F%7CQBb7%239%7CQyX7D2N%7D%20susXybB%20sus9bB%7CQyX6Db1N%7CQyX9b31bA%7CQ7%239%23531bA%7C9b31b%7CGb%5E711-F%7CQyX11%2331b%7CGQyX11-GC*%5B%5DQyXXyQ%7CBQyX6b%5B%5D%205%23b-11X%20sus9bBZL5%237F%2013F%7CQyX9b31bA%7CQyBb7%239E%7CQyXbA%7CQy3susX%7CQyX31b7bB%7CQyX-9F%7CQyX9b31bA%7CQyEb-9X1bAD*13b9XyQ%7CDb6XyQ%7C%20%28B69%29x%20%20%5D%20%3D%3D0%3D0
b44b6db3-18fe-4b17-a36a-f3b1dae7a15d,irealb://%2EBREAK=%2E==Medium%20Swing=C==%5B%20==0=0
b412e832-1867-4512-bc61-1f8ee6242e45,irealb://If%20I%20Had%20You=Campbell%2DConnelly%2DShapiro==Slow%20Swing=Bb==1r34LbKcu7%2DCZL74Bb%5E7%5EbB%7CQyX6%2DbE%7CQy7X%5EbE%7CQyX7bB%7CQyX7%20Dbo4T%7BA%2AA%207hEZN1BbbB2NZL%20QyXQyX%7D7%20F%207%2DCZL7obD%207%5E6XyQ%7CL7F%207L7hB%20%2AB%5BD%2D9b7A%207hE%7CQyX7%2DZDL9b7A%207hE%7CQyX7LZD%2D7%5D%209b7X7%5EbEA7b9LbB%7CQyX7%5EbB%5BA%2A%5D7%20F%207%2DCZL7G%207%2DDZ7XyQ%7C%207hEZyQ%7CEb%2D6XyQ%7CBb%5E7%20Dbo7LZC%2D7%20F7LZBb%5E7%20Dbo7LZC%2D7%20F7%20Z=Jazz%2DSlow%20Swing=80=3
b469a300-686e-4356-be9c-488878e11024,"irealb://%4D%79%20%4F%6C%64%20%4B%65%6E%74%75%63%6B%79%20%48%6F%6D%65%20(%56%65%72%73%69%6F%6E%20%31)%20%20%20%5B%23%5D=%62%65%32%73%68%61%72%70%20%41%52%52%3A==%5A%7A%20%43%68%6F%6F%73%65%20%41%20%53%74%79%6C%65=%46==%31%72%33%34%4C%62%4B%63%75%37%74%20,%67%6E%79%51%20%20%53%50%20%6C%61%65%52%69%20%73%69%68%74%20%72%66%6F%20%79%65%6B%20%65%68%74%20%74%63%65%6C%65%72%6F%20%73%6F%58%36%36%2A%3C%75%6F%79%20%6E%6C%6C%79%20%3E%68%63%2F%65%74%6F%6E%20%74%73%61%6C%20%65%74%68%20%79%62%20%64%65%6D%61%6E%38%32%2A%3C%20%6F%72%64%20%6F%61%63%69%70%79%64%72%6F%68%63%67%20%70%61%67%65%68%54%20%20%51%79%58%35%36%2A%3C%51%79%51%58%79%58%51%79%58%51%79%58%51%79%58%3E%2E%65%20%31%73%74%20%6E%6F%73%20%72%65%74%6F%6E%30%73%65%65%20%69%70%75%2D%6B%63%69%70%20%65%68%74%20%72%6F%20%66%73%69%20%6F%72%74%6E%69%20%65%68%74%20%6E%3E%20%3C%2A%33%20%75%6F%79%20%51%79%58%51%79%68%65%20%6C%61%69%68%77%20,%67%6E%6F%73%20%65%68%74%20%6F%66%20%73%65%72%75%73%61%65%6D%20%34%20%74%73%63%68%20%3E%58%74%20%6F%74%20%3E%2E%20%2E%20%51%58%79%51%3C%6E%69%20%65%68%74%20%72%6F%66%20%51%79%58%65%64%73%75%20%65%72%61%20%20%51%79%58%34%37%2A%74%72%6F%20%2E%79%58%51%79%58%46%5A%4C%62%42%2A%69%54%34%34%4C%46%6C%41%2A%5B%5D%20%6E%5A%4C%46%5A%4C%43%37%7C,%62%42,%46%7C,%46%6E%73%5A%4C%6E%5A%46%37%4C%5A%5B%20%51%79%58%5D%20%46%5A%4C%47%37%4C%5A%43%6C%7C,%62%42%73,%46%5A%4C%46%5A%4C%62%5A%42%4C%37%46%5A%4C%46%7C%5A%4C%37%43%5A%4C%37%43%37%4C%5A%46%5A%4C%46%5A%4C%46%5A%4C%46%5A%5A%42%62%4C%5A%37%46%5A%4C%46%5A%4C%46%5A%4C%46%5A%4C%62%5A%42%4C%62%42%6C%7C,%37%46,%46%73%5A%4C%46%4C%5A%42%62%4C%4C%46%42%2A%5B%20%46%55%5A%4C%7C%6C%43%37%4C%6C%7C,%62%42%73%3E%2E%2E%2E%6F%72%74%75%36%4F%36%2A%3C,%46%51%5B%5D%20%46%5A%4C%46%5A%43%37%4C%5A%46,%62%42%73,%79%58%51%79%58%58%79%51%20%54%6E%69%20%65%68%74%30%32%2A%3C%20%3E%20%20%65%73%69%70%6F%63%20%6F%72%74%75%6F%20%73%69%68%74%72%6F%2E%3E%36%34%2A%3C%5A%31%31%20%6D%6D%34%58%79%51%20%77%53%20%6D%75%69%64%65%4D%2D%7A%7A%61%4A%3A%20%73%65%6C%79%74%53%20%6C%75%66%65%73%55%20%69%6E%67%2F%20%35%2A%3C%20%51%51%79%58%51%79%32%30%4A%61%7A%79%58%3E%36%31%31%20%6D%6D%20%2F%67%6E%69%53%77%20%73%6E%61%65%6C%72%4F%20%77%65%4E%2D%7A%51%58%79%51%58%2A%3C%20%3E%30%6D%20%2F%6E%69%36%34%58%79%51%7A%61%4A%34%33%2A%3C%20%3E%36%31%31%20%6D%20%6D%2F%65%6C%66%66%75%68%53%2D%70%6F%50%20%20%7A%2D%4C%61%74%2A%3C%51%79%58%58%3E%30%31%31%3E%58%79%51%20%6B%63%6F%52%2D%70%6F%50%20%20%51%79%58%51%58%79%51%79%58%51%79%58%51%79%58%34%36%2A%3C%20%2F%20%6D%6D%20%30%31%31%20%6D%63%74%69%70%22%58%79%51%20%3C%61%6D%20%67%6E%6F%73%20%61%20,%73%72%65%6E%67%69%73%20%72%6F%46%20%20%51%79%58%39%36%2A%79%20%62%65%20%51%79%58%51%79%68%63%20%79%65%74%6F%6F%20%68%20%67%6E%69%67%6E%61%68%43%20%2E%77%6F%6C%6F%20%6F%74%36%33%2A%3C%20%3E%72%6F%20%68%67%69%74%68%65%20%6B%20%22%64%65%68%65%67%6E%69%73%20%74%68%65%20%3C%20%3E%23%62%3C%51%79%58%51%79%58%51%79%51%58%79%58%51%79%58%3E%2E%22%68%63%74%69%70%22%2A%37%31%41%20%73%65%67%6E%61%72%20%6D%69%67%68%74%20%61%73%6B,%20%22%43%61%6E%20%79%6F%75%20%6C%6F%77%65%72%20%74%68%65%20%70%69%74%63%68?%22%3E%20=%4A%61%7A%7A%2D%4C%61%74%69%6E=%31%31%30=%33"
b49903f1-3999-4241-9380-710d7a892b7e,irealb://%43%6F%6E%20%48%75%6D%69%6C%64%61%64=%57%69%74%74%20%43%6F%61%6C%6F%20==%4D%65%64%69%75%6D%20%53%77%69%6E%67=%44==%31%72%33%34%4C%62%4B%63%75%37%45%7C%51%79%58%34%44%2C%58%79%58%2C%2A%6D%2A%42%7C%51%79%58%2C%44%2F%47%51%7C%79%58%2C%47%7C%51%79%58%2C%44%2F%47%7C%51%79%51%7C%47%2C%34%54%41%2A%5B%58%2C%47%7C%51%79%51%7C%41%2C%2A%42%7C%51%79%58%2C%47%7C%51%79%58%2C%23%2F%46%44%7C%51%79%58%2C%47%42%2A%5B%5D%51%79%58%6D%2A%2C%58%79%58%2C%2A%6D%2A%79%51%7C%44%2F%46%23%2C%58%79%51%7C%45%2A%6D%2A%2C%58%79%51%7C%41%2C%58%79%51%5D%20=%4A%61%7A%7A%2D%4D%65%64%69%75%6D%20%53%77%69%6E%67=%31%30%30=%33
b4f555cd-c0da-4290-8c7b-95c380a907ef,irealb://%56%69%76%6F%20%50%61%72%61%20%41%64%6F%72%61%72%74%65=%4D%69%65%6C%20%53%61%6E%20%4D%61%72%63%6F%73==%47%6F%73%70%65%6C%20%42%61%6C%6C%61%64=%46=%30=%31%72%33%34%4C%62%4B%63%75%37%5B%2A%41%54%34%34%46%58%79%51%7B%42%62%58%79%51%7C%42%62%20%20%43%2F%45%2C%7C%46%58%79%51%7C%43%2F%46%58%79%51%7D%7C%20=%4A%61%7A%7A%2D%4D%65%64%69%75%6D%20%53%77%69%6E%67=%31%30%30=%33
b467fe03-52bd-4263-987a-d56eb4146921,irealb://%45%6E%20%45%6C%20%4D%6F%6E%74%65%20%43%61%6C%76%61%72%69%6F=%43%69%65%6C%6F%20%54%65%72%63%65%72==%4D%65%64%69%75%6D%20%57%61%6C%74%7A=%45==%31%72%33%34%4C%62%4B%63%75%37%79%58%41%7C%51%38%3C%2A%36%36%79%58%45%3E%20%2E%2E%2E%6F%69%72%61%76%6C%63%61%20%65%74%6E%6F%6D%20%6C%65%20%6E%45%20%20%51%7C%45%58%79%36%54%41%2A%7B%65%69%73%20%6F%51%7C%42%58%79%51%79%58%39%36%2A%3C%42%2A%7B%7D%51%79%58%5A%45%4C%73%75%73%45%20%45%7C%51%79%58%42%7C%51%4F%68%68%20%79%79%58%41%7C%51%73%45%20%45%7C%61%6D%61%72%C3%A9%51%79%58%41%7C%51%79%58%37%45%7C%51%79%58%7C%45%51%79%58%42%7C%51%79%58%42%3E%20%2E%2E%2E%7C%42%58%79%51%20%65%72%70%6D%20%45%5A%4C%41%58%79%51%7C%45%51%2C%20%20%42%7C%51%79%58%45%7C%51%79%58%41%2D%7C%51%79%58%41%7C%51%79%58%45%7C%51%79%58%2C%4C%5A%45%20%45%5A%4C%73%75%2D%23%46%5A%4C%51%43%23%2D%58%20%65%6D%20%73%C3%BA%73%65%4A%20%61%6E%6F%72%63%6F%20%69%4D%39%36%2A%3C%20%20%23%46%7C%51%79%64%61%72%C3%A1%3E%7B%7D%20%37%45%58%79%51%7C%42%58%79%51%7D%7C%41%58%79%51%7C%41%2D%58%79%51%7C%45%58%79%51%5A%20=%4A%61%7A%7A%2D%4D%65%64%69%75%6D%20%53%77%69%6E%67=%31%35%35=%33
b47e1179-739c-4d77-bff6-167f500859aa,"irealb://%53%69%67%75%65%73%20%53%69%65%6E%64%6F%20%46%69%65%6C=%4D%6F%76%65%6D%65%6E%73%20%52%61%64%69%63%61%6C%6C%65%64==%52%6F%63%6B=%47==%31%72%33%34%4C%62%4B%63%75%37%79%58%2D%45%3E%34%45%2D,%2A%61%63%20%6F%4E%39%36%2A%3C%7C%7D%51%79%58%7C%44%51%79%58%44%7C%51%79%58%47%7C%51%79%58%41%6C%6C%61%72%C3%A9%34%54%69%2A%7B%7C%51%79%58%47%51%7C%44%58%79%7C%51%79%58%43%7C%51%79%58%44%7C%51%79%58%42%44%2A%7B%51%79%58%41%7C%7C%51%79%58%41%7C%51%43%58%79%51%7C%79%58%47%7C%51%20%2A%45%2A%45%7C%45%2D%58%79%20%36%36%2A%3C%20%20%7C%2A%23%46%47%47%2A%20%47%20%2A%42%43%43%2A%43%7C%51%79%58%47%7C%51%54%6F%20%41%3E%7D%51%79%58%47%44%7C%51%79%58%2D%58%79%51(%79%58%2D%42%7C)%44(%20)%41(%20%20%42%2D%31%4E%7C)%41(%51%79%58%47%7C)%23%46%51%7C%4E%32%44%45%43%2A%7B%7D%20%3C%2A%36%39%20%20%54%6F%20%42%3E%20%20%7D%7C%20=%50%6F%70%2D%52%6F%63%6B=%31%31%35=%31"
b4529379-0eb6-47a7-900e-41468b7fa714,irealb://%35%39%20%53%68%65%6E%61%6E%64%6F%61%68%20%28%43%6F%75%6E%74%72%79%29%20%47=%53%68%61%6E%74%79%20%53%65%61==%4F%6C%64%2D%54%69%6D%65=%47==%31%72%33%34%4C%62%4B%63%75%37%7C%51%79%58%43%58%79%51%7C%47%7C%51%79%58%47%7C%51%79%58%43%7C%51%79%58%43%2C%7C%51%79%58%47%7C%51%79%58%47%7C%51%79%58%47%58%79%51%7C%47%34%34%54%7B%20%47%5A%4C%47%44%37%20%47%4C%79%58%47%7C%51%79%58%2D%45%7C%51%79%58%47%51%7C%79%58%47%7C%51%79%58%47%7C%51%79%58%47%5A%51%7C%44%37%20%5A%4C%47%20%43%20%3C%38%78%3E%20%7D%20=%50%6F%70%2D%42%6C%75%65%67%72%61%73%73=%31%33%30=%31%36
b460bad5-afd5-4683-9c23-4f88bf3eb580,irealb://%4F%6C%64%20%4D%6F%75%6E%74%61%69%6E%65%65%72%2C%20%54%68%65=%4D%6F%6E%72%6F%65%20%42%69%6C%6C==%42%6C%75%65%67%72%61%73%73=%47==%31%72%33%34%4C%62%4B%63%75%37%42%2A%7B%7D%20%34%47%58%79%51%20%6C%63%4B%51%79%58%46%7C%51%79%58%47%7C%4C%5A%47%20%44%5A%4C%20%6C%63%4B%51%79%58%46%7C%4C%5A%44%20%47%34%54%41%2A%7B%63%4B%51%79%58%46%58%79%51%7C%7D%20%47%20%44%7C%51%79%58%47%7C%51%79%58%7C%46%51%79%58%47%7C%51%79%58%44%7C%51%79%58%47%7B%2A%43%47%2D%7C%51%79%58%47%6C%20%4C%5A%20%78%20%4C%5A%20%78%20%4C%5A%20%78%20%4C%5A%20%78%20%4C%5A%20%78%20%4C%5A%44%20%47%2D%20%7D%20=%50%6F%70%2D%42%6C%75%65%67%72%61%73%73=%31%30%30=%31
b4659cd3-9238-4ea2-88e7-ea13a8b4f928,"irealb://%4C%65%73%20%45%74%6F%69%6C%65%73=(%70%61%73%20%64%27%61%63%63%6F%6D%70%2E%20%2D%20%42%70%6D%31%38%32%20%2D%20%78%35)==%42%6F%73%73%61%20%41%63%2E=%43==%31%72%33%34%4C%62%4B%63%75%37%58%7D%20%20%6E%36%58%79%51%7C%39%62%33%31%46%73%7C%51%79%58%36%2D%47%31%5A%4E%4C%20%6E%6C,%23%46%2F%39%62%33%31%46%73%2F%46%23,%6C%2D%47%69%2A%7B%5E%46%7C%51%79%20%4C%5A%4E%32%62%33%31%46%7C%51%79%58%36%2D%47%41%2A%7B%20%5D%6E%6C%20,%37%44%73%7C%51%79%58%36%2D%47%39%2F%46%23%58%51%79%58%51%79%23%46%2F%39%62%7C%43%61%64%64%51%79%58%36%2D%47%31%4E%7C%51%79%58%37%44%51%7C%79%58%35%62%37%2D%41%7C%51%79%58%45%2F%39%7C%73%46%31%33%51%79%58%33%31%6C%42%2A%7B%5D%20%7D%58%79%51%62%42%2F%57,%41%2F%57,%36%2D%47%73%5B%79%51%58,%36%2D%47%6C%32%4E%5A%4C%20%51%79%58,%57%2F%42,%51%20%6E%6C,%36%2D%47%73%5B%51%4B%63%6C%20%47%5A%4C%20%6C%63%4B%51%79%58%39%62%37%44%4E%31%5A%4C%20%6C%63%4B%51%79%58%36%2D%47%5A%4C%2D%36%58%79%51%79%58%36%2D%43%59%5A%20%20%6E%57%2F%42%62,,%37%44%5A%4C%20%6C%63%4B%51%79%58%23%46%39%2F%62%33%31%46%6C%32%4E%7C%59%7D,%42%2F%57%20%6E%4C%5A%20,%41%2F%57,%5B%51%47%2D%36%58%79%51%7C%46%31%33%62%39%2F%46%23%20%6E%4C%5A%58%79%51%72%7C%58%79%51%4C%5A%47%2D%36%58%79%51%7C%55%66%47%2D%36%58%79%51%5A%20=%4C%61%74%69%6E%2D%42%72%61%7A%69%6C%3A%20%42%6F%73%73%61%20%41%63%6F%75%73%74%69%63=%31%38%32=%35"
b48ef70e-9c39-494c-b250-f2bfc1842d85,irealb://%43%61%6E%27%74%20%54%61%6B%65%20%4D%79%20%45%79%65%73%20%4F%66%66%20%59%6F%75%20%28%42%65%6C%6F%66%66%20%61%72%72%2E%29=%42%6F%62%20%43%72%65%77%65%2C%20%42%6F%62%20%47%61%75%64%69%6F==%4D%6F%64%65%72%61%74%65%6C%79=%43==%31%72%33%34%4C%62%4B%63%75%37%6F%6F%74%20%74%34%44%2D%37%4C%72%27%75%6F%59%3C%41%2A%7B%20%20%51%79%58%79%51%58%5D%20%37%47%5A%4C%37%62%42%5A%4C%70%5A%65%20%6A%75%73%34%54%69%2A%5B%4C%70%5A%4C%2D%20%74%6F%20%62%4C%46%5A%4C%70%5A%4C%37%43%5A%4C%70%5A%4C%5E%37%43%5A%4C%70%5A%4C%43%3E%65%75%72%74%20%65%5A%70%4C%5A%46%64%6F%6F%67%20%44%3E%66%66%69%4C%5A%44%37%4C%6E%65%6D%75%72%74%73%6E%49%20%20%30%36%2A%42%3C%2A%5B%7D%20%70%5A%4C%43%5A%4C%2C%2D%46%5A%74%61%6C%20%72%70%5A%4C%43%5A%75%6F%79%20%65%37%2C%4C%5A%43%51%79%58%3C%43%2A%5B%5D%20%37%41%5A%4C%2C%5A%43%4C%37%47%5A%4C%37%2D%44%5A%4C%2D%41%5A%4C%49%20%6C%6F%76%47%5A%4C%37%2D%37%2D%44%5A%4C%2E%2E%2E%3E%41%5A%4C%37%47%5A%4C%37%2D%44%5A%4C%2D%41%5A%37%4C%5E%43%5A%4C%37%47%5A%4C%37%2D%44%5A%4C%37%43%4C%5A%41%37%79%62%61%62%20%5A%4C%70%5A%4C%5A%43%5E%37%4C%70%5A%4C%43%6C%41%2A%5B%5D%20%37%47%7C%2C%62%37%42%7C%70%5A%4C%37%2D%44%73%5A%4C%2D%41%5A%4C%5A%43%5E%37%4C%37%47%5A%4C%37%2D%44%5A%4C%4C%5A%46%4C%5A%5D%20%70%5A%4C%43%5A%4C%2D%46%5A%4C%37%44%4C%5A%70%5A%4C%43%5A%4C%70%5A%4C%2D%46%5A%4C%70%5B%2A%43%41%37%70%5A%4C%37%43%44%5A%4C%2D%41%5A%43%5E%37%4C%5A%4C%37%47%5A%4C%37%2D%44%5A%4C%37%41%5A%43%4C%5A%4C%37%47%5A%4C%37%2D%44%5A%4C%2D%41%5A%43%5E%37%4C%5A%4C%37%47%5A%4C%2D%37%4C%5A%70%4C%5A%42%62%37%4C%5A%43%20%43%5E%37%20%5A%20=%50%6F%70%2D%52%6F%63%6B=%31%30%37=%31
b4e5bda2-13d4-4e59-a253-c9f98a5a8ba0,irealb://%43%6F%6D%65%20%53%61%74%75%72%64%61%79%20%4D%6F%72%6E%69%6E%67%20%28%42%65%6C%6F%66%66%20%61%72%72%2E%29=%46%72%65%64%20%4B%61%72%6C%69%6E%2C%20%44%6F%72%79%20%50%72%65%76%69%6E==%4D%6F%64%65%72%61%74%65%6C%79=%43==%31%72%33%34%4C%62%4B%63%75%37%43%5A%4C%37%47%34%3C%2A%36%36%4C%2D%41%5A%4C%2D%45%5A%4C%46%3E%30%31%31%6B%20%63%6F%52%20%77%6F%6C%53%20%79%72%54%20%20%5A%44%2D%4C%5A%33%54%69%2A%5B%5A%4C%62%42%5A%43%2C%7C%70%20%5A%4C%70%5A%4C%36%62%42%5A%4C%70%5A%4C%43%4C%5A%70%5A%4C%46%5A%4C%70%5A%4C%43%41%2A%7B%5D%46%4C%5A%70%4C%7C%2C%46%5A%4C%4C%70%5A%4C%37%73%75%73%4C%5A%4C%2D%44%5A%4C%70%5A%4C%37%47%5A%4C%70%5A%2D%4C%44%42%2A%5B%5D%20%70%5A%4C%37%41%5A%4C%70%5A%70%4C%5A%47%37%41%5A%4C%70%5A%4C%46%5A%4C%5A%70%4C%5A%46%5A%4C%2D%44%5A%4C%2D%41%5A%4C%2D%45%5A%4C%5A%70%4C%46%5A%4C%70%5A%4C%2D%45%5A%4C%70%5A%4C%47%37%4C%5A%43%4C%37%5E%43%5A%43%4C%5A%70%20%7D%5B%51%46%4C%5A%70%4C%5A%45%2D%4C%5A%41%2D%4C%5A%44%2D%4C%5A%47%37%4C%5A%43%4C%5A%46%4C%5A%43%4C%5A%43%20%5A%20=%50%6F%70%2D%53%6C%6F%77%20%52%6F%63%6B=%31%31%30=%31
b4506ebb-d176-442d-b524-67fdd12f23e1,irealb://%46%65%76%65%72%20%28%42%65%6C%6F%66%66%20%61%72%72%2E%29=%4A%6F%68%6E%20%44%61%76%65%6E%70%6F%72%74%2C%20%45%64%64%69%65%20%43%6F%6F%6C%65%79==%4D%6F%64%65%72%61%74%65%20%4A%75%6D%70%20%42%65%61%74=%41%2D==%31%72%33%34%4C%62%4B%63%75%37%2D%41%7C%51%79%34%3C%2A%36%36%79%58%70%7C%51%79%58%2D%41%3E%30%33%31%20%7A%7A%61%4A%20%79%73%70%79%47%20%79%72%54%20%20%51%7C%45%37%58%34%54%69%2A%5B%5A%4C%70%5A%4C%2A%41%41%2D%4C%5A%4C%2D%41%5A%4C%2D%41%5A%4C%37%45%5A%4C%5A%70%4C%2D%41%5A%4C%70%5A%4C%2D%41%5A%4C%70%5A%70%4C%5A%41%2D%7B%5D%51%79%58%5A%4C%2D%41%5A%4C%5A%45%37%58%41%5A%4C%70%5A%4C%2D%41%42%2A%5B%51%79%58%41%2D%32%4E%7C%7D%51%79%58%2D%41%31%4E%7C%51%79%2D%4C%5A%70%4C%70%5A%4C%2D%41%3E%2E%35%20%33%58%79%51%7C%41%7D%51%79%58%2D%41%3E%2E%34%20%36%36%2A%3C%4E%30%7D%51%79%58%2D%41%33%4E%7C%7D%51%79%58%2D%4E%30%3C%2A%36%37%45%5A%4C%70%41%2D%58%79%51%5D%7B%51%45%37%58%79%51%7C%41%37%58%79%51%7D%7C%45%37%58%79%51%7C%41%2D%58%79%51%5A%20=%4A%61%7A%7A%2D%47%79%70%73%79%20%4A%61%7A%7A=%31%33%30=%31
b48a6a5c-d1d1-4dbc-b651-781fb3167f3c,irealb://%49%74%20%57%61%73%20%41%20%56%65%72%79%20%47%6F%6F%64%20%59%65%61%72%20%28%42%65%6C%6F%66%66%20%61%72%72%2E%29=%44%72%61%6B%65%20%45%72%76%69%6E==%42%6F%73%73%61%20%41%63%6F%75%73%74%69%63=%44%2D==%31%72%33%34%4C%62%4B%63%75%37%58%37%5E%62%45%34%44%2D%39%58%7C%51%79%58%37%2D%44%41%2A%5B%5D%51%79%58%41%37%7C%51%79%58%2D%41%5A%4C%20%6C%63%4B%51%79%70%58%79%51%7C%34%54%69%2A%5B%37%5E%43%7C%51%79%51%7C%44%2D%79%58%37%5E%44%7C%51%79%58%70%7C%51%79%58%5E%37%62%45%7C%51%79%58%37%5E%46%7C%51%79%58%37%51%7C%70%58%79%58%70%7C%51%79%58%51%79%58%5D%58%79%51%7C%44%7C%51%79%58%2D%41%7C%51%79%58%70%7C%51%79%2D%58%44%42%2A%5B%51%79%58%70%7C%51%79%58%37%5E%41%37%58%79%51%70%7C%51%79%58%79%51%20%20%5B%51%41%37%58%79%51%7C%44%2D%58%79%51%5A%20=%4C%61%74%69%6E%2D%43%75%62%61%3A%20%42%6F%6C%65%72%6F=%31%30%35=%34
b4aea11a-cfff-42ed-a55a-e512952dfcfb,irealb://%44%6A%61%6E%67%6F%27%73%20%44%72%65%61%6D%20%28%52%C3%AA%76%65%72%69%65%29%20%2F%54%47%4A%43=%52%65%69%6E%68%61%72%64%74%20%44%6A%61%6E%67%6F==%42%61%6C%6C%61%64=%47%62==%31%72%33%34%4C%62%4B%63%75%37%41%2A%5A%4C%37%34%34%47%37%23%75%73%37%44%66%5A%4C%20%36%2D%41%66%5A%4C%62%20%47%66%5A%4C%20%39%23%37%46%66%5A%4C%20%39%73%4C%5A%66%44%54%66%69%2A%5B%20%6C%63%4B%51%44%62%37%4C%5A%4C%37%62%44%20%37%2D%62%41%7C%51%79%58%62%5A%47%4C%20%78%20%5A%4C%20%78%20%5A%4C%20%78%20%5A%47%62%58%79%20%37%2D%62%41%5D%20%20%6C%63%58%79%51%7C%42%47%7C%51%79%58%37%62%44%7C%51%79%58%37%2D%41%62%5A%4C%51%79%58%7C%72%51%79%58%7C%51%79%58%62%58%79%51%4B%2D%62%42%5A%4C%28%37%62%42%7C%2D%37%20%47%62%42%5A%4C%20%6C%63%4B%51%79%58%2D%42%5A%4C%6C%20%63%4B%51%79%58%42%5A%4C%20%78%20%5A%4C%37%62%37%58%79%51%62%44%42%2A%5B%37%62%42%5A%4C%37%20%5D%5B%2A%79%58%62%47%5A%4C%20%78%20%5A%4C%20%78%20%4C%5A%20%78%20%5A%4C%37%62%44%20%37%2D%62%41%43%51%4B%63%6C%20%41%20%29%37%41%20%6E%69%74%72%5A%43%68%20%46%20%64%65%62%69%72%63%73%6E%61%72%74%28%20%6F%6E%69%73%72%65%76%20%37%34%39%31%3C%5A%4C%37%62%79%20%4D%61%4C%2D%62%45%20%47%69%6F%61%6E%69%29%3E%41%62%2D%37%58%79%51%7C%44%62%37%58%79%51%7C%47%62%58%79%51%4B%63%6C%20%20%5D%20=%4A%61%7A%7A%2D%42%61%6C%6C%61%64%20%53%77%69%6E%67=%31%30%30=%33
b431805b-7c86-4bf1-9315-833dd190daeb,irealb://%4C%69%62%65%72%64%61%64%65=%2E==%4D%69%6E%69%73%74%C3%A9%72%69%6F%20%4C%69%76%72%65=%43==%31%72%33%34%4C%62%4B%63%75%37%37%2A%3C%7B%7D%58%79%51%7C%78%51%79%58%44%7C%51%79%58%78%7C%51%79%58%45%51%7C%79%58%78%7C%51%79%58%2D%23%46%7C%51%79%58%7C%78%58%79%51%41%34%34%54%7B%58%44%7C%51%79%6C%20%45%75%20%58%78%7C%51%79%58%2D%23%46%7C%51%79%58%78%51%7C%79%58%41%3E%20%65%72%76%69%4C%20%75%6F%73%79%51%7C%45%58%61%6E%69%46%32%79%51%7C%41%58%79%51%7C%41%3C%2A%33%36%34%3E%58%79%51%7D%20==%30=%30
b435dca4-7813-4cba-be37-76331ce2e423,irealb://%4D%69%73%74%79=%47%61%72%6E%65%72%20%45%72%72%6F%6C%6C==%42%61%6C%6C%61%64=%45%62==%31%72%33%34%4C%62%4B%63%75%37%37%2D%43%20%37%34%45%62%5E%37%37%62%44%20%37%2D%62%41%7C%51%79%58%37%5E%41%62%5A%4C%37%62%45%20%37%2D%62%42%7C%51%79%58%4C%5A%45%62%5E%34%54%7B%41%2A%6C%63%4B%51%79%20%42%62%37%4C%4E%5A%4C%20%51%79%58%51%79%58%7D%20%37%62%20%42%37%2D%46%5A%4C%37%43%20%37%2D%47%31%4E%5A%32%45%62%36%58%37%2D%46%5A%4C%5A%4C%37%46%20%5B%42%62%2D%37%58%37%2D%41%5A%4C%20%6C%63%4B%51%79%58%37%62%5E%41%7C%51%79%58%39%62%37%62%45%7C%51%79%58%79%51%7C%44%37%42%2A%5D%20%20%37%2D%62%41%7C%37%4C%5A%46%2D%62%41%5A%4C%37%62%45%20%37%2D%62%42%7C%51%58%79%37%5E%62%45%5B%41%2A%5D%20%37%62%42%20%37%5E%37%58%79%51%43%20%37%68%47%20%44%62%37%4C%5A%45%62%5E%37%20%43%2D%37%4C%5A%46%2D%37%20%42%62%37%4C%5A%45%62%36%58%79%51%7C%46%2D%37%20%42%62%37%20%5A=%4A%61%7A%7A%2D%42%61%6C%6C%61%64%20%53%77%69%6E%67=%39%30=%34
b4ccbac7-65bd-4d5b-a5d9-aa07675b0392,irealb://%4F%73%20%43%69%6E%63%6F%20%43%6F%6D%70%61%6E%68%65%69%72%6F%73%20%4F%4D%44%50=%50%69%78%69%6E%67%75%69%6E%68%61==%43%68%6F%72%6F=%44%2D==%31%72%33%34%4C%62%4B%63%75%37%4C%68%42%20%41%44%2D%58%79%51%58%62%42%2F%43%7C%51%79%58%42%2F%37%47%7C%79%51%58%43%2F%44%7C%51%79%58%23%43%2F%37%41%7C%79%51%7C%46%2F%32%32%54%53%7B%4C%37%41%20%6F%20%45%37%2F%42%58%2D%47%5A%4C%37%44%20%36%2D%43%7C%51%79%37%58%41%7C%51%79%58%46%5A%4C%37%43%20%41%5A%4C%79%51%7C%47%23%23%43%2F%41%5A%79%58%46%7C%51%37%4C%5A%42%62%51%79%58%37%2D%47%7C%51%79%58%46%7B%7D%20%20%51%20%2D%44%3E%65%6E%69%46%3C%5A%4C%37%41%20%7C%43%37%58%79%46%20%2D%44%5A%37%43%5A%4C%42%43%23%58%79%51%47%7C%51%79%58%23%46%2F%37%44%7C%51%79%58%43%37%7C%51%79%58%37%47%7C%51%79%58%37%2D%44%7C%37%20%47%37%2F%2F%37%41%7C%51%79%58%46%3E%61%58%79%51%7C%47%61%20%2E%53%2E%44%3C%5A%4C%37%43%20%37%2D%5A%47%4C%37%2D%44%20%41%2F%46%7C%51%79%58%6F%23%6C%20%43%6F%64%46%7C%51%79%58%7C%51%79%58%62%62%58%79%51%7C%62%47%2F%2D%62%45%7C%51%79%58%47%2F%62%45%51%7C%79%58%62%41%2F%62%42%7C%51%79%58%41%2F%46%58%79%51%7C%42%42%51%7B%7D%51%62%42%7C%51%79%5A%44%20%46%37%62%45%7C%51%79%58%62%45%7C%51%79%58%37%62%7C%42%51%79%58%37%2D%46%7C%51%79%58%62%42%5A%4C%2D%2F%47%62%58%4C%37%41%20%44%2F%46%20%47%2D%37%4C%5A%43%37%20%46%37%4C%5A%4E%31%73%42%62%2C%46%37%2C%7D%5B%4E%32%3C%44%2E%43%2E%20%61%6C%20%46%69%6E%65%3E%42%62%2C%41%37%5D%20=%4C%61%74%69%6E%2D%42%72%61%7A%69%6C%3A%20%53%61%6D%62%61=%31%34%35=%31
b4f9621c-07fd-4999-9d04-0d0e8d5e8718,irealb://%46%61%6C%73%61%20%42%61%69%61%6E%61=%50%65%72%65%69%72%61%20%47%65%72%61%6C%64%6F==%53%61%6D%62%61=%42%62==%31%72%33%34%4C%62%4B%63%75%37%70%20%61%63%69%34%34%3C%2A%37%65%20%61%62%6D%61%73%20%6F%6E%20%61%72%74%65%6E%20%65%75%71%20%61%6E%61%69%61%42%20%20%30%20%73%C3%B3%20%66%54%41%2A%7B%59%43%5A%4C%37%47%2E%2E%3E%42%62%37%46%20%62%45%5A%4C%37%62%42%20%62%42%7C%79%51%58%37%46%7C%51%79%58%2D%43%5A%4C%37%47%20%4C%5A%44%2D%20%61%64%61%72%61%20%41%20%20%34%5A%4E%31%42%62%5B%59%5D%20%2C%37%47%20%62%42%32%4E%7C%51%58%79%51%79%58%51%79%58%51%79%58%7D%20%37%46%20%2A%42%3C%2A%37%4C%37%46%20%2D%29%37%46%28%70%20%62%61%69%61%37%47%20%62%42%5A%4C%37%46%20%2D%43%3E%2E%61%2E%72%74%6E%65%20%6F%64%6E%61%75%71%20%61%6E%4C%5A%43%2D%20%61%73%6C%61%66%70%7C%42%62%20%42%62%37%4C%5A%45%62%20%46%37%4C%5A%44%2D%20%47%37%4C%5A%43%2D%20%46%37%4C%5A%42%62%20%46%37%20%5D%20=%4C%61%74%69%6E%2D%42%72%61%7A%69%6C%3A%20%53%61%6D%62%61=%31%31%35=%33
b461a6db-3bbe-4275-a5df-d75108f5a5d5,irealb://%4D%69%6E%68%61%20%4D%69%73%73%C3%A3%6F%20%2D%20%69%20%41%42%43%20%41%42%43%20%E2%8A%99%20%23=%4E%6F%67%75%65%69%72%61%20%4A%6F%C3%A3%6F==%53%61%6D%62%61=%42%2D==%31%72%33%34%4C%62%4B%63%75%37%41%2A%7B%59%5D%34%45%2D%20%57%20%2D%42%6C%7C%2C%37%23%46%2C%37%47%73%20%31%31%23%37%47%5A%4C%5E%47%20%2D%42%5A%4C%44%2F%46%23%37%2C%20%34%54%69%2A%5B%31%31%23%39%62%20%51%75%61%6E%42%7C%51%79%58%37%23%46%5A%4C%41%2F%57%20%42%2D%3E%2E%2E%6F%74%6E%61%63%20%75%65%20%6F%64%2D%20%43%23%37%20%39%36%2A%3C%39%36%2A%3C%42%5A%46%23%37%20%51%79%58%51%79%58%7D%20%2C%37%23%46%20%68%43%23%5A%4C%2C%37%23%43%20%44%5A%4C%2C%45%2F%57%20%20%59%7B%2A%4C%29%6F%46%28%58%37%41%5A%4C%74%6F%20%70%61%5A%4C%37%42%20%73%75%73%37%42%3E%2E%2E%61%64%69%20%6F%20%72%61%69%63%6E%75%6E%61%20%61%72%45%39%20%45%37%6E%61%43%20%20%6F%47%28%20%2C%20%73%20%41%62%23%46%28%20%2C%2D%45%6C%5A%4C%37%23%46%20%23%68%43%6C%31%4E%7C%51%79%58%2C%47%6C%7C%2C%37%6F%29%46%23%37%37%44%7C%51%79%20%2C%37%23%46%42%2D%2C%20%7D%2C%37%23%46%2C%47%73%2C%41%2F%57%2C%2D%42%5A%6C%4C%37%43%20%37%23%46%32%4E%5A%4C%51%79%58%7C%6C%42%2D%20%20%78%6C%7C%29%37%23%46%20%47%3C%2A%36%39%20%41%7C%51%79%58%2D%42%3E%2E%2E%6F%C3%A3%C3%A7%61%72%69%63%20%61%64%20%72%65%64%6F%70%20%6F%44%20%37%58%79%51%7C%43%2A%7B%59%5D%7C%51%79%58%37%73%46%23%68%2C%4C%2C%41%2F%57%6C%20%2D%42%5A%4C%2C%23%43%37%2F%23%46%2C%44%2F%57%2C%2D%45%6C%7C%2C%37%42%5A%4E%31%43%23%20%2D%42%5A%4C%76%69%76%20%65%51%7D%58%79%51%41%32%37%2A%3C%5A%4C%37%42%6C%20%2C%2D%42%4C%5A%2C%37%23%46%20%47%32%4E%5A%4C%20%51%79%58%6F%73%20%71%75%79%58%37%23%46%76%69%76%20%61%63%68%6F%72%61%6E%61%63%20%45%3C%2D%45%3E%2C%72%61%74%6E%63%61%20%61%72%70%20%6F%76%69%76%20%75%65%20%72%74%6F%20%70%72%20%61%20%6D%65%64%6E%61%75%51%23%37%2C%4C%5A%42%51%7B%59%59%5D%20%51%2C%37%23%46%20%2C%42%2D%5A%4C%2C%37%23%46%20%47%7C%51%79%58%2D%42%2D%3C%2A%36%39%46%20%3E%72%65%5A%4C%2C%37%23%63%61%6E%74%6F%37%47%7C%51%79%58%3E%2E%2E%65%72%72%6F%63%65%72%70%20%65%6D%20%65%74%72%6F%6D%20%61%20%2C%23%31%31%20%46%20%75%65%20%6F%73%20%2D%42%5A%37%2C%4C%5A%46%46%5A%4C%20%37%23%43%5A%4C%20%2D%42%6C%7C%37%2C%43%73%20%44%6C%5A%4C%2C%45%2F%57%20%37%23%23%37%2C%20%4C%23%43%20%2D%42%45%2D%2C%46%23%37%7D%20=%4C%61%74%69%6E%2D%42%72%61%7A%69%6C%3A%20%53%61%6D%62%61=%32%30%30=%33
b4393479-c896-46b2-88c6-22e6452c6d83,irealb://%49%20%53%61%77%20%53%74%61%72%73%20%33=%48%6F%66%66%6D%61%6E%2D%53%69%67%6C%65%72%2D%47%6F%6F%64%68%61%72%74==%4D%65%64%69%75%6D%20%53%77%69%6E%67=%43==%31%72%33%34%4C%62%4B%63%75%37%5A%4C%2D%46%20%34%3C%20%41%41%20%43%5A%4C%51%79%58%7C%72%51%79%58%5A%4C%47%37%20%37%2D%44%5A%4C%6F%23%43%20%43%3E%43%42%43%37%4C%5A%46%34%54%41%2A{%51%79%58%37%42%37%4C%5A%20%78%45%42%2A[]%20%37%42%20%43%5A%4C%37%47%43%20%32%4E%5A%4C%20%51%79%58%51%79%58}%20%20%2D%58%79%51%7C%47%20%43%31%4E%37%2D%44%5A%4C%51%7C%41%37%58%43%2A[]%51%79%58%37%47%7C%51%79%58%2D%7C%44%51%79%58%37%41%7C%51%79%58%2D%44%7C%51%79%43%20%43%23%6F%79%58%2D%45%7C%20%47%37%4C%5A%58%79%51%72%7C%58%79%51%4C%5A%43%20%43%37%4C%5A%46%20%46%2D%4C%5A%43%20%47%2D%37%4C%5A%43%58%79%51%5A%20==%30=%30
b46bcddd-736e-4f3d-a1ce-1c51e443964f,"irealb://%53%77%69%6E%67%69%6E%67%20%4C%6F%76%65%20%31=%46%61%79%73%20%52==%4D%65%64%69%75%6D%20%53%77%69%6E%67=%46==%31%72%33%34%4C%62%4B%63%75%37%47%7C%5A%4C%20%62%58%79%51%4B%58%6F%62%41%5A%4C%20%6C%63%4B%51%79%58%46%4C%5A%20%6C%63%4B%51%79%58%2D%42%5A%4C%20%6C%63%79%51%4B%63%6C%42%34%34%54{%51%79%58%37%43%7C%41%37%58%79%2D%47%7C%51%79%58,%37%47%31%4E%7C%51%79%37%58%47%7C%51%79%58%2D%44%5A%4C%20%6C%63%4B%51%37%58%79%51%7C%51%79%58%37%2D}%58%79%51%4C%5A%4E%32%43%37%58%79%51%7C%46%20%20%51%4C%5A%46%37%28%46%29%58%79%51%5A%20==%30=%30"
b4ba9771-1564-44cc-b9fe-6a8c690f4458,irealb://%41%50%52%49%4C%20%4A%4F%59=%4D%65%74%68%65%6E%79%20%50%61%74==%4D%65%64%69%75%6D%20%53%77%69%6E%67=%44%2D==%31%72%33%34%4C%62%4B%63%75%37%37%5E%62%42%7C%62%5E%37%58%79%62%42%7C%51%79%58%44%2F%37%2D%41%5A%4C%44%37%2F%2D%41%20%70%7C%51%79%58%37%5E%62%42%7C%51%5E%37%58%79%51%42%34%34%54%5B%79%58%39%44%7C%20%41%2F%42%62%5A%4C%37%2D%41%20%37%5E%62%42%5A%4C%37%2D%20%41%37%5E%62%42%7C%51%79%58%62%42%2F%41%5A%4C%44%39%58%79%51%70%7C%51%79%58%58%37%5E%46%7C%79%51%7C%42%62%62%42%7C%51%79%58%37%5E%62%42%7C%51%79%58%2D%37%41%7C%51%79%58%37%2D%41%7C%51%79%58%37%5E%2F%43%58%79%51%58%2D%44%7C%51%58%68%45%7C%51%5E%37%58%79%51%42%7C%51%79%58%37%5E%46%5A%4C%43%2F%62%42%37%20%5E%62%42%5A%4C%37%2D%41%20%37%5E%62%42%7C%62%5E%37%58%79%62%42%7C%51%79%79%51%7C%41%73%75%73%58%79%51%7C%44%37%73%75%73%58%79%51%7C%44%37%73%75%73%58%79%51%5A%20=%4A%61%7A%7A%2D%42%61%6C%6C%61%64%20%45%76%65%6E=%31%37%36=%32
b479185f-2616-48b0-9b49-d6895b7dcf7b,irealb://%42%72%69%6E%67%20%49%74%20%44%6F%77%6E%20%54%6F%20%4D%79%20%48%6F%75%73%65=%57%69%6C%6C%73==%55%70%20%54%65%6D%70%6F%20%53%77%69%6E%67=%44==%31%72%33%34%4C%62%4B%63%75%37%7C%51%79%58%37%58%79%51%7C%42%37%45%5A%4C%37%42%20%44%7C%51%79%58%44%7C%79%51%58%44%5A%4C%37%41%20%37%45%7C%51%79%58%37%58%79%51%7C%41%44%34%34%54%5B%7C%44%58%79%51%7C%44%37%58%79%51%7C%47%58%79%51%7C%47%23%6F%37%58%79%51%7C%44%58%79%51%7C%44%20%42%37%4C%5A%45%37%20%41%37%4C%5A%44%58%79%51%5D%20=%4A%61%7A%7A%2D%55%70%20%54%65%6D%70%6F%20%53%77%69%6E%67=%32%34%30=%33
b4cdb97e-8dee-46db-b4d2-4a9fe0db92af,irealb://%46%61%6E%20%49%74=%43%6F%6D%70%6F%73%65%72%20%55%6E%6B%6E%6F%77%6E==%4D%65%64%69%75%6D%20%53%77%69%6E%67=%45%62==%31%72%33%34%4C%62%4B%63%75%37%7C%51%79%58%47%34%3C%45%6C%65%43%7C%51%79%58%37%47%7C%51%79%58%47%7C%51%58%79%47%7C%51%79%58%47%3E%6B%63%69%6B%20%61%6E%37%58%79%51%7C%34%54%41%2A%5B%44%37%58%79%51%7C%43%37%58%79%51%7C%7C%47%37%20%43%37%4C%5A%47%58%79%51%5D%20=%4A%61%7A%7A%2D%4D%65%64%69%75%6D%20%53%77%69%6E%67=%31%30%30=%33
b43221fd-8e11-436b-ab60-b2a20ff74e48,irealb://%43%61%6E%63%61%6F%20%41%6F%20%43%6F%72%64%65%69%72%6F=%53%61%6C%61%7A%61%72%20%49%73%61%72%61%65%6C==%4D%65%64%69%75%6D%20%53%77%69%6E%67=%45==%31%72%33%34%4C%62%4B%63%75%37%2E%67%6E%69%72%69%20%28%43%23%20%20%64%61%65%4C%33%36%2A%3C%51%79%58%3E%58%32%36%36%2A%3C%29%45%28%20%29%41%28%20%29%2D%67%2E%20%53%74%2A%20%51%79%58%43%20%2E%65%72%51%58%79%51%20%20%51%79%58%51%79%58%51%79%58%3E%78%34%37%2A%35%3C%45%70%2C%41%70%2C%2D%23%43%31%4E%76%2A%3C%2A%37%32%50%79%58%3E%39%20%2C%2D%23%43%70%3E%20%41%2C%78%47%28%20%42%70%2C%2D%23%43%70%2C%41%31%4E%2A%43%20%51%79%58%51%79%58%51%79%58%78%2C%42%20%23%2D%29%41%2C%73%75%72%6F%68%74%73%47%20%20%23%2D%29%58%79%20%20%51%79%58%2E%32%58%33%33%2A%3C%45%70%41%2C%70%2C%2D%23%43%32%4E%69%2A%20%51%79%58%51%4C%65%61%64%2E%47%28%20%42%70%43%2A%5A%4C%20%20%39%3E%58%79%75%72%6F%68%43%20%2E%65%72%50%30%36%2A%3C%20%20%7C%51%79%58%32%4E%76%2A%20%20%51%79%58%51%73%3E%58%79%51%2E%67%6E%69%72%78%2C%41%20%78%58%79%51%3C%2A%45%20%78%2C%41%3E%65%67%64%69%72%42%20%2E%72%65%50%20%2E%65%64%75%6C%72%65%74%6E%49%34%37%2C%78%20%42%2C%51%79%58%32%4E%23%46%20%51%79%42%2C%2A%42%4E%79%58%51%79%58%51%79%58%42%20%78%2C%45%20%2C%78%41%20%78%2C%42%20%78%2C%45%20%78%2C%41%31%51%58%79%51%58%20%78%2C%45%20%79%58%51%79%58%2D%2C%70%42%4C%58%3E%79%65%6C%64%65%4D%33%33%2A%3C%20%20%70%41%2C%42%70%2C%2D%23%43%70%2C%2D%23%46%20%5A%79%51%58%79%51%23%43%70%2C%2D%51%58%79%51%20%20%28%45%29%20%28%42%2F%45%62%29%20%28%43%23%2D%29%20%28%41%62%2D%29%20%28%41%29%20%28%41%62%2D%29%20%28%46%2D%29%20%28%44%29%20==%30=%30
b4831e7f-51f4-447f-8128-85c48db5456d,irealb://%41%62%73%65%6E%63%65%20%4D%61%6B%65%73%20%54%68%65%20%48%65%61%72%74%20%47%72%6F%77%20%46%6F%6E%64%65%72%20%47%53=%48%61%74%74%79%20%57%61%72%72%65%6E%2C%20%56%69%63%74%6F%72%20%59%6F%75%6E%67==%4D%65%64%69%75%6D%20%53%77%69%6E%67=%47=%31%30=%31%72%33%34%4C%62%4B%63%75%37%45%20%36%47%5A%34%45%37%58%79%2D%41%5A%4C%37%42%20%37%43%6C%7C%2C%37%62%73%44%20%20%2C%37%44%7C%51%79%58%37%62%45%7C%51%37%20%44%37%4C%34%54%41%2A%7B%37%47%42%2A%5B%41%2D%37%20%44%47%5A%4C%37%44%20%37%2D%41%32%4E%5A%4C%20%79%51%58%51%79%58%7D%20%37%44%20%36%47%5A%4C%37%36%58%79%51%5D%31%4E%5A%4C%37%41%2A%5B%5D%20%6C%20%4C%5A%43%79%58%37%44%5A%4C%37%41%20%37%2D%45%5A%4C%41%37%20%37%2D%45%5A%4C%20%6C%63%4B%51%79%58%36%51%4B%63%6C%20%63%4B%51%79%58%37%2D%41%5A%4C%7C%45%62%37%58%5A%4C%37%44%20%37%2D%41%5A%4C%37%42%20%2C%43%37%6C%7C%2C%37%62%44%73%20%20%37%44%7C%51%79%47%36%20%45%37%51%79%58%37%45%20%44%37%4C%5A%47%36%58%79%51%5A%20=%4A%61%7A%7A%2D%47%79%70%73%79%20%4A%61%7A%7A=%31%30%30=%36
b4ca809d-05cd-4f91-abac-2c23898ce621,irealb://%49%27%6D%20%41%20%42%65%6C%69%65%76%65%72%20%28%42%65%6C%6F%66%66%20%41%72%72%2E%29=%44%69%61%6D%6F%6E%64%20%4E%65%69%6C==%4D%6F%64%65%72%61%74%65%6C%79=%44==%31%72%33%34%4C%62%4B%63%75%37%5D%20%20%6E%2C%34%3C%2A%36%33%41%7C%51%79%58%43%7C%51%79%58%44%3E%34%34%20%31%6B%63%6F%52%2D%70%6F%50%20%79%72%54%20%20%58%79%51%7C%70%34%54%69%2A%5B%51%79%58%47%42%79%51%7C%41%20%58%70%7C%51%79%58%44%5A%4C%43%20%41%7C%51%58%79%44%7C%51%79%58%70%7C%51%79%58%44%5A%4C%43%79%51%5D%5B%2A%58%44%41%2A%7B%5A%4C%47%20%44%7C%47%58%79%51%43%2A%5B%5D%20%20%6E%2C%41%7C%51%79%58%41%51%7C%79%58%44%7C%51%79%58%47%7C%51%79%58%44%7C%44%20%47%4C%5A%51%79%58%44%7C%51%79%58%43%7C%44%20%47%4C%5A%51%79%58%47%5A%4C%20%6E%2C%44%5A%4C%47%20%5A%44%4C%47%20%44%5A%4C%47%20%44%5A%4C%47%20%44%7C%44%58%79%51%5A%4C%47%20%44%44%5A%4C%78%7C%51%7C%41%2C%6E%4C%78%7C%2C%47%2C%44%5A%4C%78%7C%2C%47%2C%43%44%2A%5B%20%20%51%79%58%51%79%58%7C%7D%20%20%5A%44%2C%47%2C%79%58%2C%41%7C%2C%47%2C%7C%78%4C%5A%44%2C%6E%20%4C%5A%47%4C%5A%44%4C%5A%43%4C%5A%41%20%5D%7B%44%37%20%44%31%33%4C%5A%44%58%79%51%7D%20=%50%6F%70%2D%52%6F%63%6B=%31%34%34=%31
b403c857-d15b-4b05-825e-8559ee47a401,irealb://%59%65%73%20%53%69%72%2C%20%54%68%61%74%27%73%20%4D%79%20%42%61%62%79%20%28%42%65%6C%6F%66%66%20%41%72%72%2E%29=%57%61%6C%74%65%72%20%44%6F%6E%61%6C%64%73%6F%6E%2C%20%47%75%73%20%4B%61%68%6E==%57%69%74%68%20%47%75%73%74%6F=%43==%31%72%33%34%4C%62%4B%63%75%37%6C%7C%2C%6F%23%34%3C%2A%37%32%4C%43%3E%30%36%31%20%67%6E%69%77%53%20%6D%69%75%64%65%4D%2D%7A%7A%61%4A%20%79%72%54%20%20%5A%43%2C%73%43%34%54%69%2A%5B%5A%4C%70%5A%4C%4C%5A%47%37%4C%5A%4C%37%47%5A%4C%6F%23%43%20%43%7C%51%79%43%58%41%2A%7B%5D%20%37%47%5A%4C%43%5A%4C%70%5A%70%4C%5A%47%37%70%5A%4C%37%47%43%42%2A%5B%5D%70%58%79%51%7C%51%79%58%43%5A%4C%70%5A%4C%37%47%5A%4C%70%4C%5A%37%47%5A%4C%2D%23%43%20%70%7C%51%79%58%43%7C%70%58%79%51%7C%51%79%58%43%7C%51%79%58%43%70%58%79%51%7C%20%6E%70%7C%51%79%58%37%47%7C%51%79%58%70%51%7C%79%58%37%44%7C%51%79%58%70%7C%51%79%58%46%20%5D%5B%2A%41%7C%51%79%58%37%7C%51%79%58%43%4C%5A%47%37%58%79%58%37%47%7C%51%79%58%43%31%4E%7C%51%79%70%58%7C%51%79%58%37%47%7C%51%79%58%70%7C%51%79%51%7D%7C%4E%32%6F%23%43%20%43%70%58%79%51%5A%20=%4A%61%7A%7A%2D%4D%65%64%69%75%6D%20%53%77%69%6E%67=%31%36%30=%31
b421cf1a-f1d5-491c-8854-ade82853016d,irealb://%41%6C%6C%20%42%6C%75%65%73%2C%20%33%2D%34=%44%61%76%69%73%20%4D%69%6C%65%73==%4D%65%64%69%75%6D%20%53%77%69%6E%67=%47==%31%72%33%34%4C%62%4B%63%75%37%4C%20%72%5A%4C%37%20%4C%5A%78%37%43%5A%4C%20%72%5A%4C%20%72%5A%4C%20%72%4C%5A%20%78%5A%4C%20%37%47%5A%4C%20%72%5A%4C%20%20%4C%5A%78%20%47%34%33%54%5B%5A%47%37%20%4C%5A%78%20%4C%5A%72%20%4C%5A%44%37%20%4C%5A%78%20%4C%5A%45%62%37%20%4C%5A%44%37%20%4C%5A%47%37%20%4C%5A%78%20%4C%5A%72%20%20%5A%20==%30=%30
b44ff178-d367-431e-8ee1-3c1a7fb3fd51,"irealb://%59%6F%75%20%41%72%65%20%54%68%65%20%53%75%6E%73%68%69%6E%65%20%4F%66%20%4D%79%20%4C%69%66%65=%57%6F%6E%64%65%72%20%53%74%65%76%69%65==%53%6F%75%6C=%42==%31%72%33%34%4C%62%4B%63%75%37%44%7C%51%79%58%34%42%5E%39%58%51%79%58%42%53%41%2A%7B%7D%20%20%6C%63%4B%79%51%58%35%23%37%23%46%5A%4C%20%6C%63%4B%51%79%7C%46%23%2F%45%34%54%69%2A%7B%46%20%37%2D%23%51%7C%47%23%31%39%64%64%61%42%7C%51%79%58%73%75%73%37%23%7C%46%51%79%58%37%2D%23%43%7C%51%79%58%39%62%33%58%79%51%7C%43%79%58%37%2D%23%58%39%5E%42%5A%20%7D%5B%2A%42%23%46%20%36%45%7C%51%79%58%39%5E%42%5A%4C%75%73%73%37%23%46%20%36%45%7C%51%79%58%39%5E%42%37%73%75%73%4C%73%75%73%37%23%37%23%44%20%36%20%46%23%37%73%58%37%5E%23%47%43%2A%5B%5D%51%79%58%74%6C%37%61%23%44%7C%51%79%58%37%68%23%41%5A%4C%73%75%79%51%7C%43%23%36%45%7C%51%79%61%20%2E%53%2E%47%23%2D%37%58%58%73%75%73%37%23%46%5A%4C%51%20%20%39%23%7C%43%51%79%58%37%23%43%5A%4C%20%6C%63%4B%51%79%79%51%7C%3C%44%5A%4C%73%75%73%51%79%58%43%43%61%3E%20%78%20%79%58%51%79%58%5D%51%79%58%73%75%73%37%47%51%7C%79%58%73%75%73%37%23%46,%51,%5B%5A%20%51%20%20%7B%2A%64%6F%43%20%6C%70%65%52%3C%20%79%51%7C%45%2D%7C%51%79%58%73%75%73%37%47%7C%51%79%58%37%44%2D%7C%51%79%58%39%62%33%31%41%7C%51%79%58%37%43%61%64%64%39%58%46%2F%47%7C%65%61%74%20%61%6E%64%20%46%61%64%65%3E%20%4C%5A%44%2D%37%20%47%37%73%75%73%20%7D%20=%4C%61%74%69%6E%2D%42%72%61%7A%69%6C%3A%20%42%6F%73%73%61%20%45%6C%65%63%74%72%69%63=%31%32%37=%31"
b4e6f22e-ae63-41d9-99b9-458b7c7fbc5b,irealb://%41%6C%6C%20%4E%69%67%68%74%2C%20%41%6C%6C%20%44%61%79=%53%70%69%72%69%74%75%61%6C==%4D%6F%64%65%72%61%74%65%6C%79=%46==%31%72%33%34%4C%62%4B%63%75%37%58%46%5A%4C%37%34%3C%2A%36%36%79%58%46%3E%30%32%31%20%6F%69%72%54%20%72%74%61%69%75%47%2D%7A%7A%61%4A%20%79%72%54%20%20%51%7C%46%20%43%32%54%69%2A%5B%5A%4C%70%5A%4C%79%51%5D%5B%2A%5A%4C%46%5A%4C%70%5A%4C%46%5A%4C%70%5A%4C%42%62%5A%4C%70%5A%4C%2D%44%5A%4C%70%5A%4C%46%41%70%4C%5A%44%2D%58%70%7C%51%79%5A%4C%46%5A%4C%2C%73%43%37%2C%4C%70%5A%4C%62%42%5A%4C%70%5A%4C%2D%44%5A%70%4C%5A%4C%46%42%2A%5B%5D%20%70%5A%4C%46%6C%7C%5A%46%4C%5A%70%46%5A%4C%2D%41%5A%4C%70%5A%4C%4C%5A%70%4C%5A%5A%4C%2D%44%5A%4C%70%5A%4C%46%51%5B%5D%20%5A%70%4C%46%6C%7C%2C%37%43%73%2C%46%5A%4C%2D%41%70%4C%5A%42%62%2D%44%5A%4C%70%6C%7C%2C%37%43%5A%46%4C%5A%70%2D%41%5B%5D%20%70%5A%4C%46%6C%7C%2C%37%43%2C%73%46%5A%4C%2D%41%5A%4C%70%5A%4C%2D%44%5A%4C%4C%5A%46%2C%73%4C%70%5A%4C%46%46%4C%5A%70%20%5A%20=%4A%61%7A%7A%2D%47%75%69%74%61%72%20%54%72%69%6F=%31%32%30=%31
b4c54085-dfae-44b4-96ca-1a2e64059505,irealb://%42%6F%75%6E%64%20%74%6F%20%52%69%64%65%20%2D%20%50%41%52%4B%49%4E%47%20%4C%4F%54%20%50%49%43%4B%45%52%27%53%20=%54%72%61%64%69%74%69%6F%6E%61%6C==%47%79%70%73%79%20%4A%61%7A%7A=%47==%31%72%33%34%4C%62%4B%63%75%37%70%61%43%20%20%44%65%66%61%75%20%43%20%5B%20%35%20%6F%70%61%43%20%20%51%58%79%2C%5D%20%47%20%5B%20%3A%79%65%4B%20%74%6C%5D%2C%58%79%51%38%31%2A%3C%20%79%58%51%79%58%20%44%20%5D%3E%42%78%69%44%2F%70%72%61%68%73%32%65%62%20%72%3A%72%41%34%35%2A%3C%20%20%51%79%58%51%79%58%72%75%63%65%3E%5B%20%37%20%6F%70%75%2D%6B%63%36%58%79%51%20%3C%20%20%51%79%58%51%79%58%51%79%58%3E%56%2C%20%56%49%20%2C%49%20%3A%73%64%72%6F%68%43%20%2A%36%30%50%69%35%2A%3C%20%51%3E%3A%73%65%73%73%3A%20%30%3E%37%2A%3C%34%32%54%41%2A%5B%51%79%58%51%79%51%58%79%58%51%79%58%51%79%58%51%79%58%51%79%58%30%20%56%65%72%65%74%6F%6E%20%47%20%5A%4C%20%20%43%20%4C%5A%5D%20%20%47%20%5A%4C%20%47%20%5A%4C%20%44%5A%20%4C%20%44%20%5A%4C%20%47%20%5A%4C%20%47%20%5B%2A%42%20%47%5A%4C%20%43%20%20%20%51%79%58%20%4C%5A%20%6E%58%51%79%58%51%79%58%51%79%58%5A%20%20%55%47%2C%20%5A%4C%20%47%20%5A%4C%20%44%20%5A%4C%20%79%51%58%79%51%6E%20%5A%4C%20%3C%62%23%3E%20==%31%32%30=%33
b42bc840-4cb9-41f2-8108-3942639566ce,irealb://%50%6F%6F%72%20%45%6C%6C%65%6E%20%53%6D%69%74%68%20%2D%20%50%41%52%4B%49%4E%47%20%4C%4F%54%20%50%49%43%4B%45%52%27%53%20=%54%72%61%64%69%74%69%6F%6E%61%6C==%43%6F%75%6E%74%72%79=%47==%31%72%33%34%4C%62%4B%63%75%37%70%61%43%20%20%44%65%66%61%75%20%43%20%5B%20%35%20%6F%70%61%43%20%20%51%58%79%2C%5D%20%47%20%5B%20%3A%79%65%4B%20%74%6C%5D%2C%58%79%51%38%31%2A%3C%20%79%58%51%79%58%20%44%20%5D%3E%42%78%69%44%2F%70%72%61%68%73%32%65%62%20%72%3A%72%41%36%35%2A%3C%20%20%51%79%58%51%79%58%72%75%63%65%3E%5B%20%37%20%6F%63%69%50%30%36%36%58%79%51%20%58%51%79%58%51%79%58%3E%56%20%2C%56%49%20%49%2C%20%3A%64%65%73%55%20%73%64%72%6F%68%43%20%79%51%20%3C%2A%35%2A%3C%20%51%5A%4C%20%78%20%6E%6F%74%65%73%5A%4C%20%6C%63%4B%51%79%58%47%34%34%54%41%5B%2A%51%79%58%51%79%58%3E%29%31%28%20%30%20%3A%20%78%20%4C%5A%20%70%75%2D%6B%7C%51%79%58%47%47%58%79%51%7C%5A%4C%20%78%20%5A%4C%20%78%20%5A%4C%20%6C%4B%63%51%79%58%47%7C%51%79%58%47%7C%51%79%58%44%43%58%79%51%7C%7C%51%79%58%43%44%58%79%51%7C%47%20%55%20%20%5A%58%79%51%58%79%51%58%79%51%58%79%51%58%79%51%20%3C%62%23%3E%20=%50%6F%70%2D%43%6F%75%6E%74%72%79=%31%34%30=%33
b45751ee-68b5-4565-956c-9da72e82d5cc,irealb://%44%65%61%6C=%47%61%72%63%69%61%20%4A%65%72%72%79==%4D%65%64%69%75%6D%20%53%77%69%6E%67=%41==%31%72%33%34%4C%62%4B%63%75%37%20%44%5A%4C%45%58%79%51%4B%63%2D%23%46%7C%51%79%58%37%23%43%7C%51%79%58%7B%41%5D%20%20%78%20%5A%4C%20%78%20%5A%4C%20%6C%20%46%23%2D%2F%41%34%34%54%5B%2D%23%46%20%2D%5A%41%58%79%51%58%37%23%43%7C%51%79%58%41%5B%5D%51%79%58%44%37%7C%51%79%58%37%42%5A%4C%37%23%46%20%41%7C%79%51%7C%46%23%4C%37%6F%23%44%20%20%51%79%58%20%44%23%6F%37%20%6C%63%4B%51%79%58%41%5A%4C%44%20%47%7C%79%51%58%41%5A%4C%44%20%47%7C%51%79%58%41%5A%4C%20%7D%58%79%51%44%5A%4C%45%2F%7C%51%79%58%37%7C%43%23%37%58%46%20%41%7C%51%79%58%41%5A%4C%37%6F%23%44%44%20%5A%4C%45%2F%2D%23%46%20%2D%23%46%7C%51%79%23%37%4C%5A%42%51%79%58%41%5B%58%41%5A%4C%44%5D%5B%41%58%79%58%41%5A%4C%37%6F%23%44%20%44%5A%4C%45%2F%23%2D%46%20%2D%23%46%7C%51%79%58%37%23%43%7C%51%79%51%7C%47%20%51%79%58%37%44%79%51%7C%47%20%44%4C%5A%41%58%79%51%7C%47%20%44%4C%5A%41%58%79%51%7C%47%20%44%20%5D%20=%50%6F%70%2D%53%68%75%66%66%6C%65=%31%33%30=%33
b4931e2e-488e-4fbb-9066-f3df0fb6ac52,irealb://%41%71%75%69%20%54%65%20%45%73%70%65%72%61%72%65%20%2D%20%44%69%61%20%79%20%4E%6F%63%68%65=%54%6F%6D%61%20%54%75%20%4C%75%67%61%72==%57%6F%72%73%68%69%70=%47=%32=%31%72%33%34%4C%62%4B%63%75%37%65%68%20%6E%61%34%41%2D%37%58%65%20%36%36%2A%3C%41%2A%7B%59%5D%51%79%58%7C%43%51%79%58%42%2F%47%7C%51%79%58%44%7C%51%79%72%65%73%20%74%34%54%69%2A%5B%42%2A%7B%59%7D%2E%2E%2E%3E%41%39%64%64%61%43%7C%51%79%58%42%2F%47%7C%51%58%79%23%46%2F%39%64%64%61%44%7C%51%79%58%37%2D%20%47%2F%42%20%6F%73%6F%6D%72%2F%39%64%64%61%63%6F%6E%20%74%39%64%64%61%44%7C%51%79%58%37%2D%41%3E%2E%2E%2E%6E%6F%7A%61%72%6F%63%20%6C%65%20%6F%64%6F%58%79%51%7C%47%20%36%36%2A%3C%42%58%79%51%7C%6C%43%61%64%64%39%20%20%28%43%29%20%28%47%2F%42%29%7D%20==%30=%30
b4b69bb8-4bf2-488b-bc42-5001717102c5,irealb://%48%65%6C%70%6C%65%73%73%20%2D%20%46%6C%69%6E%6E%65%72=%59%6F%75%6E%67%20%4E%65%69%6C==%50%6F%70%20%52%6F%63%6B=%47==%31%72%33%34%4C%62%4B%63%75%37%44%7C%51%79%58%58%79%51%7C%44%63%4B%51%79%58%43%7C%51%79%58%44%7C%51%79%47%58%5A%4C%20%6C%63%4B%51%79%58%43%7C%51%79%58%6C%20%4C%5A%47%47%34%34%54%5B%58%79%51%7C%43%58%79%51%4B%63%6C%20%4C%5A%47%58%79%51%7C%44%58%79%51%7C%43%58%79%51%4B%63%6C%20%20%5A%20==%30=%30
b40aca35-0ced-4f8d-acba-8826bb598d6e,irealb://%43%6F%6E%66%65%73%73%69%6F%6E%73=%4B%69%6E%67%20%4D%61%72%63%75%73==%53%6C%6F%77%20%42%6C%75%65%73=%46%2D==%31%72%33%34%4C%62%4B%63%75%37%46%53%7C%51%79%32%46%2D%2C%45%51%79%58%2D%46%41%2A%5B%5D%20%20%78%20%5A%20%4C%78%20%5A%4C%20%78%20%5A%4C%37%62%42%2C%62%7C%42%62%2D%58%31%54%69%2A%5B%2C%62%44%2C%62%42%62%2D%58%79%2A%5B%5D%51%79%58%2D%62%42%7C%51%79%58%2D%7C%46%51%79%58%2D%62%42%7C%51%79%58%2D%46%7C%51%42%46%2D%2C%45%7C%51%79%58%2D%2D%62%42%2C%2D%62%2D%20%43%2D%2C%2D%43%2C%62%44%2C%62%45%2C%2D%46%5A%4C%78%20%20%5A%4C%37%62%42%2C%62%45%2C%2D%46%5A%4C%7C%44%62%2C%43%42%7C%2C%2D%43%44%32%4E%7C%5D%46%2D%2C%43%2D%4C%2D%46%5A%4C%3E%2E%64%6E%45%20%64%6E%32%6C%20%61%20%2E%53%2E%44%33%30%2A%3C%2D%62%42%2C%5A%42%62%2D%20%31%4E%5A%4C%2C%62%42%7C%51%79%42%62%2D%20%5B%51%79%58%2D%62%42%7C%51%79%58%2D%46%5A%4C%62%2D%42%5A%4C%2D%46%3E%4F%4C%4F%53%33%36%2A%3C%7C%46%2D%2C%58%2C%2D%43%2C%62%20%6C%61%63%6F%46%2D%58%79%51%5B%20%2D%43%20%2D%62%42%7C%2C%2D%43%2C%62%2C%44%62%45%2C%2D%46%5B%5D%51%79%58%2D%62%42%7C%3C%2A%36%36%56%7C%51%79%58%2D%4C%2D%62%42%2C%69%6E%3E%46%2D%7C%2C%2D%43%2C%62%44%2C%62%45%2C%2D%46%5A%37%4C%62%42%2C%62%45%2C%2D%46%5A%4C%37%62%42%20%44%62%2C%43%2D%20%6B%63%61%62%2C%62%44%5A%4C%62%2C%42%62%37%43%2C%62%44%7C%2C%2D%43%2C%62%44%2C%62%45%2D%2C%46%5A%4C%37%62%42%2C%62%45%2C%2D%46%5A%4C%2D%2C%42%62%2D%45%2C%2D%46%5A%43%2D%2C%66%42%62%2D%4C%5A%66%46%2D%58%79%51%5A%20=%50%6F%70%2D%52%6F%63%6B%20%31%32%2F%38=%35%30=%30
b49ebf51-73dc-4ae6-b441-beda44a10184,"irealb://%44%45%4C%69%4C%4F%59(%63%61%6E%65%79,%6C%6F%72%6B%65)=%43%6F%6D%70%6F%73%65%72%20%55%6E%6B%6E%6F%77%6E==%4D%65%64%69%75%6D%20%53%77%69%6E%67=%41%2D=%35=%31%72%33%34%4C%62%4B%63%75%37%31%2A%3C%51%79%37%30%20%20%44%79%58%51%79%58%7C}%20%41%20%45%7C%51%79%41%58%3E%44%23%43%45%20%44%23%46%45%20%20%44%45%51%58%79%51%58%2A%3C%41%2A{%46%20%43%46%43%79%51%20%20%43%3C%34%34%54%69%2A{%51%79%58%51%79%58%51%58%79%51%79%58%3E%59%45%4E%41%43%20%59%45%4E%41%2A%36%38%20%20%58%51%79%58%36%47,%46%3E%49%3E%43%58%79%51%58%49%20%20%51%79%58%49%20%38%36%2A%3C%5A%47%4C%20%2D%44%7C%51%79%58%78%7C%51%79%58%78%7C%79%51%20%49%20%46%47%43%20%46%46%7C%51%79%58%41%2D%58%79%51%43%7C%51%79%58%78%7C%51%79%58%78%5A%4C%2D%20%44%43%41%2A[%20%20%51%79%58%51%79%58%7C}%58%79%51%7C%47%5A%4C%2D%41,%58%51%79%58%51%4C%5A%41%2D%58%3E%20%20%45%4B%52%4F%4C%20%45%4B%52%4F%4C%34%20%32%2A%3C%20%20%51%79%58%51%79%58]%51%79%58%79%51%58%79%2D%41,%47,%49%20%51%79%58%3C%2A%36%36%20%79%58%51%79%58%49%20%49%20%36%36%2A%3C%7C%79%51%58%2D%44%3E%47%41%20%47%20%47%41%20%44%20%51%58%79%51%49%41%2A{%51%79%3E%44%2D%20%43,%47}%7C%20=%4A%61%7A%7A%2D%4D%65%64%69%75%6D%20%53%77%69%6E%67=%31%30%30=%33"
b4eb9e10-5738-479d-a120-28f12d368483,irealb://%44%61%6E%63%69%6E%67%20%49%6E%20%54%68%65%20%53%74%72%65%65%74=%4D%61%72%74%68%61%20%52%65%65%76%65%73%20%20%54%68%65%20%56%61%6E%64%65%6C%6C%61%73==%50%6F%70=%45%62=%31=%31%72%33%34%4C%62%4B%63%75%37%51%79%58%7C%72%34%45%62%58%79%20%6C%63%4B%51%79%58%62%45%41%2A%7B%59%5D%51%20%79%58%7C%72%51%79%58%5A%4C%20%6C%63%4B%51%4C%5A%58%79%51%34%54%69%2A%5B%7C%72%51%79%58%7D%5B%3C%20%3E%4B%51%79%58%37%62%41%42%2A%5B%20%20%51%79%51%58%79%58%5D%51%79%58%62%45%7C%51%79%58%62%45%63%6C%20%4C%5A%20%3E%78%33%3C%20%6C%63%4B%51%45%62%58%79%51%4C%20%6C%63%4B%51%79%58%2D%47%43%2A%5B%59%20%5D%51%79%58%7C%72%51%79%58%5A%4C%20%6C%63%4B%5A%43%2D%58%79%5A%4C%51%79%58%3C%20%7C%51%79%51%4B%63%6C%20%55%7B%59%5D%20%20%78%20%3E%65%6E%69%46%20%61%6C%20%2E%43%2E%44%3C%7C%51%79%58%62%42%5A%4C%2A%44%45%62%58%79%58%46%5A%4C%2A%32%36%58%20%37%3E%58%79%51%7D%20=%50%6F%70%2D%52%6F%63%6B=%31%31%35=%31
b4a58d28-325f-4acc-ae6a-b3cbe21ad6e0,irealb://%57%61%74%63%68%69%6E%67%20%54%68%65%20%52%69%76%65%72%20%52%6F%6C%6C%20%42%79%20%2D%20%46%6C%69%6E%6E%65%72=%48%61%72%74%66%6F%72%64%20%4A%6F%68%6E==%50%6F%70%20%2D%20%42%6C%75%65%67%72%61%73%73=%47==%31%72%33%34%4C%62%4B%63%75%37%2C%5B%7D%20%20%54%34%34%47%58%58%47%5A%4C%20%6C%63%4B%51%79%58%44%5A%4C%6C%20%63%4B%51%79%58%43%5A%4C%20%6C%63%4B%51%79%79%51%4B%63%6C%2C%41%2A%2C%7B%6C%63%4B%51%79%79%51%4B%63%6C%6C%63%4B%51%79%58%44%5A%4C%20%6C%63%4B%51%58%79%41%5A%4C%20%6C%63%4B%51%79%58%47%5A%4C%20%20%4C%5A%47%58%58%44%2C%42%2A%20%4C%5A%43%58%79%51%4B%63%6C%20%4C%5A%44%58%79%51%4B%63%6C%20%4C%5A%20%78%20%4C%5A%20%78%20%20%5A%20==%31%36%38=%34
b4b7960a-e8ba-448e-b875-f18b1ba150b5,irealb://%48%61%79%20%4C%69%62%65%72%74%61%64%20%45%6E%20%4C%61%20%43%61%73%61%20%44%65%20%44%69%6F%73=%41%67%75%6C%69%65%72%61%20%41%72%74==%52%6F%63%6B=%44%2D==%31%72%33%34%4C%62%4B%63%75%37%20%29%45%2F%43%34%44%2D%2C%2A%58%78%7C%51%79%58%46%7C%51%79%58%78%7C%51%58%79%62%42%7C%51%79%58%78%5A%4C%20%42%2A%20%41%79%51%7C%43%28%34%54%69%2A%5B%62%42%7C%2C%46%28%43%2F%45%29%37%2D%44%3E%6F%69%64%75%6C%72%65%74%6E%49%36%36%2A%3C%7B%7D%51%79%58%29%62%42%28%78%5A%4C%20%43%2F%45%2C%20%29%2D%44%28%43%32%4E%7C%7D%58%79%51%7C%43%51%79%58%62%42%31%4E%7C%51%79%58%46%7C%2C%2C%46%45%2F%43%20%37%2D%44%43%2A%7B%7D%51%79%58%4B%63%6C%20%20%46%7C%51%79%58%58%79%51%4B%63%6C%20%20%7D%20=%50%6F%70%2D%52%6F%63%6B=%31%31%35=%31
b4f638e2-ec74-4e9a-9476-9f129958ebb8,irealb://%56%69%6E%65%20%41%20%41%64%6F%72%61%72%74%65=%42%6C%65%73%74==%42%61%6C%6C%61%64%20%45%76%65%6E=%43=%32=%31%72%33%34%4C%62%4B%63%75%37%51%79%58%42%2F%34%43%2C%2A%41%43%42%2A%7B%51%79%58%46%7C%7D%51%79%58%46%4C%5A%47%20%43%5A%4C%2D%41%20%2D%44%5A%4C%47%20%58%79%51%7C%47%34%54%69%2A%7B%20%3E%42%20%6F%51%7C%46%58%79%2A%3C%20%46%7C%7D%20%3E%78%34%31%37%2A%3C%20%20%46%5A%4C%2D%41%20%42%2F%47%43%2A%7B%7D%51%36%36%20%20%54%79%58%2D%41%7C%20%7D%5B%43%58%79%51%5A%20==%30=%30
b47f21d8-7f6d-48cd-92bd-5d193118886f,"irealb://%4E%6F%6D%62%72%65%20%4E%6F%20%48%61%79=%52%6F%64%72%69%67%75%65%7A%20%46%72%65%64%64%79==%52%6F%63%6B=%45=%32=%31%72%33%34%4C%62%4B%63%75%37%51%79%58,%23%34%45,%2A%41%79%58%41%5A%4C%37%45%20%2D%42%7C%51%79%58%23,%47%2F%45%7C%51%79%58%2D%23%46%7C%51%79%58%51%7C%45%2F%47%34%54%69%2A%7B%7C%51%79%58%41%79%51%7C%4E%31%7C%51%79%58%45%7C%51%79%58%45%42%2A%7B%51%58%79%44%7C%51%79%58%44%32%4E%7C%7D%51%79%58%42%41%58%79%51%7C%58%2D%23%46%7C%6C%6F%73%20%20%51%7C%43%23%2D%2A%7D%20%3E%20%36%36%2A%3C%20%3E%41%20%6F%39%54%36%2A%3C%20%42%7C%51%79%58%41%7C%51%79%58%43%3C%2A%37%32%79%58%2D%23%43%58%41%7C%51%79%51%7C%41%58%79%23%43%20%2D%23%46%7C%51%79%58%2D%23%46%5A%45%4C%20%23%44%2F%42%7C%51%79%58%2D%23%43%7C%51%2D%4C%5A%41%58%79%58%41%3E%6F%6C%20%51%79%58%42%3C%2A%37%32%2A%3C%20%20,%23%47%2F%45%7C%51%79%58%2D%46%23%7C%51%79%58%45%3E%6F%74%73%69%72%43%20%20%37%31%58%79%51%2A%7B%7D%51%79%58%42%7C%51%79%36%33%20%6F%3E%36%2A%3C%5A%4C%45%20%23%44%2F%42%7C%51%79%2D%58%23%43%5A%4C%2A%6D%69%64%2A%43,%42,%41%39%EE%88%B3%3E%41%58%2A%3C%5A%4C%3E%79%51%7D%45%58%79%51%5A%20=%50%6F%70%2D%52%6F%63%6B=%31%31%35=%31"
b4a377a0-76c5-4cd5-be75-5530899bbb1e,irealb://%55%6E%69%63%6F%20%44%69%6F%73=%42%61%72%72%69%65%6E%74%6F%73%20%4D%61%72%63%6F==%57%6F%72%73%68%69%70=%43=%33=%31%72%33%34%4C%62%4B%63%75%37%4C%2D%41%20%47%34%43%2F%45%20%5A%4C%46%20%43%41%2A%5B%5D%20%2D%41%20%47%4C%5A%46%20%45%2F%43%5A%4C%2D%41%20%47%5A%4C%46%6E%58%79%51%7C%34%54%69%2A%5B%47%7C%51%79%58%7C%7B%43%2F%45%58%47%7C%51%79%58%46%42%2A%7B%7D%51%79%58%5A%6E%4C%2D%41%20%47%7C%51%79%58%6E%5A%4C%46%20%79%51%7C%41%2D%51%79%58%6E%5A%51%79%58%46%7C%2A%43%43%58%79%7C%51%79%58%2D%44%7C%51%79%58%43%7C%51%79%46%58%7C%51%79%58%2D%41%7C%51%79%58%2D%44%7C%51%41%2D%58%79%51%7B%7D%51%79%58%7D%20==%30=%30
b4b78c34-dbc1-42ba-b7d9-a753cf51cbdc,irealb://%48%61%7A%20%41%75%6D%65%6E%74%61%64%6F=%52%6F%62%65%72%74%6F%20%54%68%61%6C%6C%65%73==%46%75%6E%6B=%46%23%2D==%31%72%33%34%4C%62%4B%63%75%37%5D%20%37%2D%23%34%46%23%2D%37%2D%23%47%5A%4C%37%41%20%37%2D%23%46%5A%4C%2D%37%23%43%20%35%62%37%2D%23%47%5A%4C%37%41%20%37%62%35%20%43%34%54%69%2A%5B%62%37%2D%23%47%2D%37%20%41%5E%5E%44%7D%20%37%2D%23%43%3E%33%58%20%20%51%58%79%39%36%2A%3C%20%35%62%37%2D%23%47%5A%4C%37%37%58%79%51%7C%23%46%41%2A%7B%58%35%62%37%2D%37%20%7D%7B%2A%43%3E%33%58%20%20%51%79%58%36%36%2A%3C%20%2D%29%23%46%28%42%5A%4C%37%41%20%37%2D%23%46%42%23%20%7D%47%23%2D%23%43%20%35%36%2A%3C%20%2D%20%43%23%2D%37%58%2D%23%46%3E%61%72%72%61%74%69%75%67%20%6C%6F%6F%53%20%39%36%2A%3C%43%2A%7B%7D%20%51%2C%79%51%7C%46%23%37%47%7C%51%79%61%4C%28%20%6F%20%58%33%3E%20%6F%6C%6F%53%20%39%36%2A%3C%7B%7D%20%37%23%20%43%37%47%7C%51%79%58%35%62%37%2D%23%47%7D%20%20%70%69%61%6E%20%51%79%58%36%47%7C%51%79%58%3E%46%23%2D%20%47%7D%20%37%2D%23%43%3E%33%58%20%20%51%79%36%58%36%2A%3C%20%35%62%37%2D%23%47%5A%4C%37%41%23%2D%37%62%35%29%6F%6E%69%74%39%36%2A%3C%7C%37%20%7D%7B%51%37%2D%23%47%7D%20%20%3E%33%58%20%20%51%79%36%58%36%2A%3C%20%2D%23%46%7C%51%79%58%2D%23%46%62%35%58%79%51%2D%23%43%20%37%52%69%74%2E%3E%47%37%2C%20%43%23%2D%37%4C%5A%66%46%23%2D%58%79%51%5A%20==%30=%30
b47cfbf2-0a47-409a-9d0a-1ae8f92177f1,irealb://%47%72%65%65%6E%20%43%68%69%6D%6E%65%79%73%20%35=%4D%6F%6E%6B%20%54%68%65%6C%6F%6E%69%6F%75%73==%4D%65%64%69%75%6D%20%53%77%69%6E%67=%47%23%2D==%31%72%33%34%4C%62%4B%63%75%37%5A%4C%39%5E%42%34%41%62%2D%2C%5A%4C%36%62%2D%62%45%20%2C%36%62%2D%62%45%4C%5A%39%5E%42%20%2C%39%5E%42%5A%4C%2D%62%41%20%42%5E%39%2C%20%34%54%41%2A%7B%41%32%4E%7C%7D%2C%20%41%62%2D%2C%39%5E%42%5A%4C%36%62%2D%62%45%20%2C%36%2D%62%62%45%5A%4C%39%5E%42%20%2C%39%5E%42%5A%4C%20%42%5E%39%20%2D%62%41%31%4E%5A%4C%62%42%2F%2C%20%41%62%2D%20%2C%62%41%2F%36%62%2D%62%45%5A%4C%62%42%39%2F%5E%42%20%2C%42%2F%39%5E%42%5A%4C%62%44%2F%45%62%2D%62%36%62%45%2F%2D%62%4C%37%23%46%20%47%62%2C%20%44%37%42%20%62%42%2F%37%23%46%5A%4C%37%23%46%2C%20%37%23%46%42%2A%5B%5D%20%2C%62%44%2F%37%62%4C%5A%46%23%37%2F%37%2D%62%42%42%20%62%42%2F%42%62%20%42%37%37%23%46%20%37%23%46%5A%4C%37%42%20%62%42%37%2F%23%46%5A%4C%37%23%46%20%2C%37%23%46%5A%4C%4C%5A%46%23%37%2F%37%23%46%5A%20%2C%39%5E%42%5D%5B%2A%41%41%62%45%20%2C%36%62%2D%62%45%5A%4C%39%5E%42%2C%20%39%5E%42%5A%4C%2D%62%41%20%2C%42%2F%2D%62%2D%62%36%4C%5A%20%62%44%2F%39%62%2D%62%45%20%41%62%2D%2F%45%62%2D%62%45%5A%4C%62%42%2F%39%5E%42%20%2C%2F%42%39%5E%42%5A%4C%62%44%2F%2D%62%41%20%2C%62%36%2F%41%62%2C%5A%4C%39%5E%42%36%2F%42%62%4C%5A%42%5E%39%2F%42%2C%20%42%5E%39%2F%42%62%20%5A%20=%4A%61%7A%7A%2D%4D%65%64%69%75%6D%20%55%70%20%53%77%69%6E%67=%31%37%35=%36
b4cfdc1c-aa56-4890-996b-db00ccd00cb1,irealb://%48%6F%77%20%48%69%67%68%20%54%68%65%20%4D%6F%6F%6E%20%4A%56%4C=%4C%65%77%69%73%20%4D%6F%72%67%61%6E==%4D%65%64%69%75%6D%20%53%77%69%6E%67=%47==%31%72%33%34%4C%62%4B%63%75%37%7C%51%79%58%37%34%47%5E%37%58%6C%63%4B%51%79%58%37%5E%46%7C%51%79%58%37%7C%43%51%79%58%37%2D%47%5A%4C%20%6C%63%4B%51%79%20%4C%5A%46%2D%34%54%41%2A%5B%7C%51%79%58%37%51%5D%5B%2A%42%62%37%44%20%37%68%41%7C%51%79%58%37%2D%47%4C%5A%37%44%20%37%2D%41%7C%51%79%58%37%5E%62%45%39%4C%5A%47%5E%79%58%37%62%42%5E%46%7C%51%79%51%7C%41%2D%37%79%58%37%2D%47%5A%4C%20%6C%63%4B%51%79%58%5E%37%47%41%2A%5B%5D%51%79%58%37%44%7C%51%79%58%51%7C%43%37%58%79%58%37%2D%45%7C%51%79%58%37%63%6C%20%4C%5A%44%20%37%2D%41%7C%51%79%58%37%5E%62%45%43%5B%2A%5D%51%79%58%37%62%42%7C%51%79%58%37%2D%46%37%4C%5A%47%5E%4B%51%79%58%37%41%68%37%20%44%37%62%39%4C%5A%42%2D%37%20%42%62%37%4C%5A%41%2D%37%20%44%37%4C%5A%47%36%58%79%51%7C%41%2D%37%20%44%37%20%5A%20=%4A%61%7A%7A%2D%4D%65%64%69%75%6D%20%53%77%69%6E%67=%31%34%30=%37
b4ed7bb4-b78a-4483-bc59-7e3ea99c7e70,irealb://%49%20%4B%65%65%70%20%46%6F%72%67%65%74%74%69%6E%27=%4D%63%44%6F%6E%61%6C%64%20%4D%69%63%68%61%65%6C==%50%6F%70%20%52%6E%42=%45%2D==%31%72%33%34%4C%62%4B%63%75%37%20%37%5E%43%3E%2C%54%34%34%45%42%20%51%79%58%36%30%2A%3C%7C%51%79%58%39%43%5E%5A%4C%44%20%37%2D%45%7C%51%79%58%2C%37%2D%2D%37%41%2D%37%53%2C%41%2A%7B%58%37%2D%41%7C%2C%42%2D%37%2C%31%44%7C%51%79%58%37%2D%41%7C%2C%37%23%47%20%20%36%47%7C%51%79%58%36%47%6C%42%2A%7B%59%7D%31%58%79%51%7D%37%2D%23%46%73%58%2C%37%2D%45%37%58%79%51%7C%23%44%3E%65%6E%69%46%20%6C%61%20%2E%53%2E%3C%44%20%20%31%31%44%5A%4C%37%2D%42%20%37%2D%41%6F%2C%5D%59%7B%2D%45%7C%51%79%2A%7C%59%7D%2C%37%20%44%4C%5A%2D%23%46%73%20%37%5E%43%3E%37%2D%41%37%2D%20%42%51%79%58%36%30%2A%3C%7C%51%79%58%39%5E%43%37%2C%42%2D%37%2D%45%7C%51%79%7C%51%79%58%37%58%79%51%7C%54%54%5B%59%51%79%58%51%79%58%5D%37%2D%42%2C%2C%44%37%2D%45%2C%37%2D%42%73%20%43%2F%44%34%36%34%34%6C%41%2D%31%31%44%6C%43%51%79%58%39%5E%51%7C%41%2D%37%37%2D%45%7C%51%79%58%2C%37%2D%45%6C%7B%59%37%7C%2D%42%73%20%20%31%31%44%5A%4C%37%2D%42%20%20%44%4C%5A%43%79%58%37%2D%45%79%58%51%79%58%58%79%51%20%42%58%34%37%2A%3C%20%51%79%58%7D%2C%37%2D%42%37%2C%2D%23%46%73%20%37%5E%43%3E%37%2D%41%37%2D%79%51%58%79%51%36%30%2A%3C%7C%51%20%20%56%61%6D%70%6F%75%74%3E%20==%30=%30
b4743010-298d-4fdc-8acc-974bc368aa2c,irealb://%49%20%4F%6E%6C%79%20%48%61%76%65%20%45%79%65%73%20%46%6F%72%20%59%6F%75%20%28%66%6C%61%6D%69%6E%67%6F%73%29=%57%61%72%72%65%6E%20%48%61%72%72%79==%42%61%6C%6C%61%64=%43==%31%72%33%34%4C%62%4B%63%75%37%2C%47%2F%57%2C%3C%28%47%74%72%20%2C%43%6C%3E%31%20%3C%69%2A%7B%2C%44%2C%47%37%73%66%20%62%42%3E%29%73%64%72%6F%68%63%20%73%57%2F%42%62%34%34%54%66%5B%47%2F%57%2C%62%2F%42%62%4C%5A%43%6C%76%2A%7B%7D%20%2C%62%42%2F%57%20%2C%6C%43%59%7C%2C%47%2F%57%2C%62%42%2F%57%73%20%43%20%73%57%2F%42%57%20%43%6C%7C%37%2D%41%31%4E%57%2F%42%62%4C%4B%51%79%58%37%5E%46%5A%4C%37%43%20%43%6C%7C%59%2C%47%2F%57%2C%62%42%2F%57%73%20%43%6C%5A%63%6C%20%4C%5A%20%43%6C%7C%2C%37%46%7C%51%79%62%2D%37%58%79%51%79%58%37%43%7C%51%79%58%37%2D%47%42%2A%20%5B%20%6C%63%4B%51%79%58%37%44%32%4E%7C%7D%51%7C%46%5E%37%58%41%7C%51%79%58%6C%7C%2C%47%2F%62%36%58%79%51%57%73%20%2C%43%6C%76%2A%7B%51%79%58%37%62%7C%44%51%79%58%36%46%7C%51%79%58%36%2D%62%42%7C%2F%42%62%2C%57%42%7C%51%79%58%7C%51%79%58%37%42%62%4C%5A%6C%63%4B%51%79%58%37%5E%46%5A%4C%37%43%20%2C%6C%43%7C%2C%47%2F%57%2C%62%42%2F%57%73%20%2C%43%6C%20%4C%5A%44%2F%57%20%2C%43%57%2C%62%42%2F%7C%47%2D%37%58%5A%4C%62%42%2F%57%20%2C%43%6C%3E%29%70%6D%56%61%28%3C%7B%51%79%58%37%43%2C%66%2C%7C%51%79%6C%43%20%73%57%51%79%58%37%44%72%61%68%43%3C%66%6C%43%2C%58%51%79%58%51%79%58%51%79%58%51%79%58%51%79%51%58%79%58%51%79%58%51%79%58%51%79%58%5A%51%79%58%79%51%20%20%7C%7D%2C%47%2F%74%20%62%79%20%43%68%72%69%73%20%43%6F%64%69%73%68%3E%20==%30=%30
b49a4d0c-e1a3-4246-9874-b142ecf967fd,"irealb://%4C%61%20%4D%61%75%76%61%69%73%65%20%52%C3%A9%70%75%74%61%74%69%6F%6E=%42%72%61%73%73%65%6E%73%20%47%65%6F%72%67%65%73==%4D%65%64%69%75%6D%20%53%77%69%6E%67=%44%2D==%31%72%33%34%4C%62%4B%63%75%37%44%20%41%7C%51%34%44%2D%58%79%2D%44%20%41%7C%51%79%58%2D%44%5A%4C%2D%44,%20%41%7C%51%79%58%41%5A%4C%2D%44%20%41%7C%51%4C%5A%41%58%79%32%54%41%2A%5B%51%79%58%41%5A%42%54%34%34%42%7C%51%79%58%2D%44%34%32%54%7C%51%79%58%41%51%7C%79%58%62%42%7C%51%79%58%41%7C%51%79%58%62%41%20%44%2D%4C%2A%5B%5D%20%2D%7C%51%79%58%41%4C%5A%44%2D%58%44%7C%51%79%58%62%42%34%34%54%5A%4C%2D%44%41%20%7C%51%79%58%41%5A%4C%2D%44%20%41%7C%51%79%2D%58%79%51%7C%2D%44%20%41%7C%44%2D%58%79%51%5D%20=%4A%61%7A%7A%2D%4D%65%64%69%75%6D%20%53%77%69%6E%67=%31%30%30=%39"
b419aaea-005b-491a-8207-b3646fac295e,"irealb://%4A%61%6D%6D%69%6E%67%20%57%69%74%68%20%4A%69%6D%6D%69%65=%4A%69%6D%6D%69%65%20%52%69%76%65%72%73%20%56%61%6E%63%65%20%54%65%72%72%79==%4D%65%64%69%75%6D%20%53%77%69%6E%67=%42%62==%31%72%33%34%4C%62%4B%63%75%37%37%46%20,%37%34%42%62%58%79,%37%47%7C%51%79%58,%62%42%5A%4C%20%6C%4B%63%51%79%58,%37%62%45%5A%4C%20%6C%63%4B%51%58%79%51%7C%43%34%54%41%2A%7C%7C%51%79%58,%58%79%51%5D%5B%58,%62%42%5A%4C%20%6C%63%4B%51%79%58,%62%37%45%5A%4C%20%6C%63%4B%51%79%58%62%42%41%2A%79%51%7C%47%37,%62%42%5A%4C%63%4B%51%79%58%37%4C%5A%42%62%20%6C%63%4B%51%79%58,%37%47%5A%4C%20%6C%4B%63%51%79%58,%37%44%42%2A%5B%5D%51%79%58,%4C%5A%43%37,%46%20,%37%43%7C%51%79%58,%37,%58%79%51%6C%63%4B%51%79%58,%37%62%45%5A%4C%20%6C%4B%63%51%79%58%62%42%41%2A%5B%5D%20%20%6C%63%4B%20%4C%5A%42%62%46%5A%4C%20%6C%47%37,%58%79%51%7C%43%37,%20%46%37%4C%5A%42%62,%58%79%51%5A%20=%4A%61%7A%7A%2D%4D%65%64%69%75%6D%20%53%77%69%6E%67=%31%30%30=%33"
b458569d-912d-438a-a819-a5b87908486a,irealb://%4C%69%74%74%6C%65%20%53%74%65%70%73=%48%75%74%73%6F%6E==%4D%65%64%69%75%6D%20%53%77%69%6E%67=%47==%31%72%33%34%4C%62%4B%63%75%37%37%62%41%5A%4C%5E%37%4C%5A%42%37%42%5A%4C%37%2D%23%46%5A%4C%78%5A%4C%37%62%5E%44%5A%4C%37%62%41%5A%4C%37%5E%45%5A%4C%37%4C%5A%45%5E%37%47%34%33%54%5B%4C%37%42%5A%4C%37%4C%5A%46%37%4C%78%5A%4C%37%5E%62%44%5A%4C%37%62%41%5A%37%4C%2D%62%45%5A%4C%78%5A%4C%37%5E%62%42%5A%4C%5A%46%23%2D%37%5E%62%44%5A%4C%44%5A%4C%37%2D%5A%78%4C%5A%41%4C%37%5E%62%42%5A%4C%37%46%5A%4C%37%2D%43%4C%5A%78%5A%4C%37%5E%47%5A%4C%37%44%5A%4C%37%2D%5A%78%4C%5A%41%4C%37%5E%45%5A%37%20%5A%20=%4A%61%7A%7A%2D%55%70%20%54%65%6D%70%6F%20%53%77%69%6E%67=%32%31%30=%31%36
b4e921fc-e961-4703-9022-9eaaf672910b,irealb://%4C%6F%6F%6B%69%6E%67%20%4C%6F%77%20%61%6E%64%20%47%65%74%74%69%6E%67%20%48%69%67%68=%45%6C%6C%69%73%20%44%79%73%6F%6E%2C%20%54%68%65%20%53%68%61%6D%62%6C%65%73==%4D%65%64%69%75%6D%20%53%77%69%6E%67=%47==%31%72%33%34%4C%62%4B%63%75%37%2D%41%7C%51%79%36%38%28%54%52%7C%51%79%58%47%5A%4C%37%46%20%20%5A%4C%20%20%78%3E%29%4F%52%54%4E%49%20%45%4E%4F%42%4D%4F%41%62%6F%37%58%2A%3C%69%2A%5B%58%5A%4C%37%44%44%37%58%79%51%4C%37%6F%62%42%20%47%5A%4C%23%46%2F%2D%41%47%20%2F%2D%41%5A%4C%23%47%2F%2D%41%20%2D%41%7C%5A%41%2D%37%20%7C%51%79%58%37%62%42%20%47%7C%20%4C%5A%2A%41%7C%51%79%58%37%2D%41%5A%4C%20%6C%63%4B%51%58%79%37%6F%62%41%5A%4C%20%6C%63%4B%51%79%58%47%44%37%58%79%51%51%79%58%51%79%58%37%2D%41%5A%2D%37%20%44%37%51%79%58%37%6F%62%41%5A%4C%20%6C%63%4B%51%58%79%47%7C%51%79%58%37%44%7C%51%79%58%47%5A%4C%4B%63%6C%20%4C%41%5A%4C%37%6F%58%36%2D%43%7C%58%79%51%7C%47%43%42%2A%7B%7C%51%79%58%37%47%7C%51%79%58%5A%47%4C%37%44%20%37%2D%41%5A%4C%37%6F%62%42%20%5E%37%58%79%51%37%44%7C%51%79%47%5A%4C%37%6F%79%51%7C%3C%2A%4C%37%6F%23%43%20%37%5E%43%7C%7D%51%79%58%47%37%3E%29%33%78%20%74%61%65%70%65%52%28%36%36%5A%47%20%42%62%58%47%7C%51%79%2F%44%20%41%62%6F%37%4C%5A%41%2D%20%44%37%4C%5A%47%58%79%51%7C%44%37%58%79%51%7C%20==%30=%30
b410d2e0-d559-49db-8e46-b869b54f61b6,irealb://%4C%6F%75%69%73%69%61%6E%61%20%54%72%61%69%6E=%42%61%6C%64%61%75%66%20%41%6E%6A%61==%4D%65%64%69%75%6D%20%53%77%69%6E%67=%47==%31%72%33%34%4C%62%4B%63%75%37%79%58%78%7C%2C%2C%47%2F%46%2C%2C%62%42%2F%43%2C%43%7C%51%79%58%78%7C%51%58%79%78%7C%51%79%58%78%7C%2C%47%2C%23%46%2F%46%43%2F%42%2C%43%47%34%34%54%5B%23%46%2F%47%2C%2F%46%2C%47%2F%7C%51%79%58%78%7C%2C%44%2C%23%43%2F%44%2C%2F%43%44%2C%44%7C%51%79%58%78%7C%2C%47%2C%23%46%47%2C%47%2F%46%47%2C%47%7C%51%2C%47%2C%7C%78%58%79%51%5D%20==%30=%30
b4ae3bf5-debf-4cab-a40c-b0e763c6e547,irealb://%4D%65%6E%74%65%20%65%20%63%75%6F%72%65=%44%27%61%6E%67%65%6C%6F%20%4E%69%6E%6F==%50%6F%70%20%42%61%6C%6C%61%64=%42==%31%72%33%34%4C%62%4B%63%75%37%7B%51%79%58%73%42%20%3C%2A%35%7C%51%79%58%42%2F%36%2D%45%7C%51%79%58%42%4C%5A%20%78%20%5A%4C%42%2F%36%2D%45%3E%5E%20%34%46%23%39%73%75%34%34%54%69%2A%46%20%45%5A%4C%2A%35%34%20%5E%37%2D%23%47%6C%7C%2C%37%23%44%2C%68%23%41%20%73%42%5A%4C%20%78%20%5A%4C%42%2F%36%2D%45%3E%20%57%2F%46%23%3C%20%42%41%2A%2F%36%2D%45%3E%44%23%2D%37%20%3C%20%42%31%4E%5A%4C%29%37%5E%2D%45%28%47%39%2F%68%23%43%20%37%2D%23%43%5A%4C%37%2D%23%47%2A%35%38%20%5E%5A%4C%45%2F%23%20%37%2D%23%43%20%20%7D%4E%32%47%20%37%2D%23%44%5A%4C%45%2F%23%46%20%5E%6C%45%42%2A%5B%2C%37%42%2C%37%2D%23%46%73%20%42%23%2D%37%4C%5A%78%20%5A%4C%42%2F%37%6F%45%20%62%31%33%4C%5A%4C%37%2D%23%47%20%39%62%37%23%44%5A%4C%39%23%2D%43%20%68%46%5A%4C%33%31%42%20%37%2D%23%47%5A%43%23%2D%37%39%62%37%23%44%20%42%5A%4C%20%3C%2A%35%34%20%2F%36%2D%45%3E%5E%20%38%35%2A%3C%20%42%41%5B%2A%5D%20%20%78%20%5A%4C%42%2F%36%2D%45%3E%5E%42%4C%5A%20%78%20%42%5A%4C%47%39%68%23%43%20%44%23%37%2C%7C%4C%37%2D%23%47%20%37%2D%23%44%5A%4C%45%2F%46%23%20%45%5A%4C%23%46%2F%57%20%37%2D%23%47%6C%5A%43%23%2D%37%2C%68%23%41%73%6C%3E%6F%6C%6F%5E%37%29%4C%5A%20%65%6D%69%74%20%64%6E%32%20%32%37%2A%3C%2A%42%7B%59%5D%2C%37%42%2C%37%2D%23%46%73%20%42%73%61%78%20%73%2D%45%28%47%2F%23%43%20%68%46%2F%45%4C%5A%44%20%37%2D%23%47%5A%4C%33%31%62%39%62%37%23%20%44%37%2D%23%43%5A%4C%37%2D%23%47%20%37%2D%23%42%31%33%4C%5A%23%46%20%5E%45%23%44%6C%32%4E%31%44%23%37%62%2C%37%2D%23%46%73%20%42%5A%4C%73%75%73%33%23%31%46%20%37%2D%23%43%5A%4C%44%2F%2D%42%20%39%42%37%2C%7D%7C%4E%5A%4C%39%2D%7B%20%73%75%73%23%2D%37%4C%5A%37%2D%23%43%3E%20%20%2E%20%2E%20%2E%20%2E%2E%20%20%2E%20%2E%20%2E%74%69%72%20%36%36%2A%3C%20%46%23%31%33%47%20%39%62%37%2A%69%42%20%3C%2A%35%34%20%5E%3E%45%2D%36%2F%42%20%7D%66%42%58%79%51%5A%20==%30=%30
b49a8e29-01c0-4b58-a8c5-c08eb1e6d42d,"irealb://%4D%65%72%63%79%20%4D%65%72%63%79%20%4D%65%72%63%79%20(%42%20%52%69%63%68)=%5A%61%77%69%6E%75%6C%20%4A%6F%65==%52%6F%63%6B%20%50%6F%70=%42%62==%31%72%33%34%4C%62%4B%63%75%37%62%42%7C%51%79%34%42%62%37%58%51%79%58%37%62%42%7C%51%79%58%37%62%45%7C%79%51%58%37%62%42%7C%51%79%58%37%62%45%7C%51%79%7C%45%62%37%58%34%54%41%2A%5B%20%37%62%42%5A%45%62%37%58%79%45%20%62%42%5A%4C%62%42%2F%62%45%20%37%62%5A%42%4C%62%42%2F%62%45%20%62%42%42%2A%5B%5D%51%62%2F%42%62%4C%7C%51%79%58%37%41%6C%7C,%62%4C%5A%42%62%20%44%73%20%62%44%5A%4C%20%73%75%73%62%41,%75%73%73%62%41%6C%7C,%62%47,%46%2F%62%44%73%62%2F%46,%47%62%42%2F%62%45%62%73%75%73%58%79%51%7C%43%2D%37%58%79%51%7C%44%2D%37%58%79%51%7C%73%47%2D,%46,%47%2D,%46,%7C%6C%47%2D%58%79%51%5A%20=%50%6F%70%2D%52%6F%63%6B=%31%31%35=%31"
b4803424-2154-4ee6-90af-b0a127872b59,irealb://%4D%69%64%6E%69%67%68%74%20%56%6F%79%61%67%65=%4A%6F%65%79%20%43%61%6C%64%65%72%61%7A%7A%6F%20%4D%69%63%68%61%65%6C%20%42%72%65%63%6B%65%72==%53%6C%6F%77%20%53%77%69%6E%67=%43%2D==%31%72%33%34%4C%62%4B%63%75%37%7C%51%79%58%39%34%43%2D%37%58%79%58%39%62%41%7C%51%79%58%35%62%37%41%7C%79%51%58%37%2D%43%7C%51%79%58%33%31%47%7C%51%79%51%7C%47%37%62%34%54%41%2A%7B%2D%46%7C%51%79%51%7C%4E%31%43%79%58%37%2D%46%42%2A%7B%20%33%31%62%39%62%43%37%20%37%2D%43%32%4E%7C%7D%20%37%47%20%37%2D%51%7C%47%37%58%79%58%37%2D%43%51%79%58%37%2D%41%37%23%39%58%79%58%37%2D%43%7C%51%79%58%37%2D%43%7C%51%58%79%39%62%37%47%7C%51%79%58%39%62%41%7C%51%79%51%7D%2A%41%43%7C%51%79%58%37%47%20%37%2D%43%79%51%7C%43%2D%2D%43%7C%51%79%58%39%62%37%47%7C%51%79%58%62%39%41%7C%51%79%58%35%62%37%41%7C%51%79%58%37%37%58%79%51%7C%58%33%31%47%7C%37%20%5D%20=%4A%61%7A%7A%2D%4D%65%64%69%75%6D%20%53%77%69%6E%67=%31%34%30=%37
b492640b-b965-42a4-a4c7-4043cd57c048,irealb://%4D%79%20%4B%69%6E%64%20%4F%66%20%47%69%72%6C=%42%72%69%63%75%73%73%65%20%4C%65%73%6C%69%65==%4D%65%64%69%75%6D%20%53%77%69%6E%67=%46==%31%72%33%34%4C%62%4B%63%75%37%70%70%7C%51%79%34%46%5E%37%58%20%6C%63%4B%51%79%58%37%5E%46%5A%4C%20%6C%4B%63%51%79%58%37%5E%46%5A%4C%20%6C%63%4B%51%79%4C%5A%43%37%58%34%54%41%2A%7B%4C%37%43%20%37%46%5E%37%58%79%58%37%43%6C%7C%2C%39%43%2C%37%2D%47%73%70%7C%70%51%79%58%36%62%42%7C%51%79%58%37%46%7C%51%79%51%7C%47%2D%5A%4C%37%2D%47%79%58%37%5E%46%79%51%4B%63%6C%20%36%46%6C%7C%2C%37%43%2C%36%42%73%20%37%62%5E%42%7C%51%79%58%36%62%42%42%2A%5B%7D%20%20%47%2D%37%4C%5A%58%37%5E%46%5A%4C%20%6C%63%4B%62%35%58%79%51%46%41%2A%5B%5D%51%79%58%37%43%5A%4C%6F%62%20%41%2C%37%2D%41%5A%4C%37%45%20%35%62%37%45%7C%5E%37%58%79%51%37%2D%42%7C%51%62%42%7C%51%79%5A%20%78%20%4C%79%58%37%5E%46%5A%4C%37%47%70%70%7C%51%79%37%58%43%5A%4C%20%6C%63%4B%51%79%58%37%5E%46%5A%51%7C%46%37%58%4C%20%78%20%5A%36%58%79%51%7C%70%70%73%47%2D%37%2C%43%39%2C%7C%6C%43%37%58%79%51%7C%47%2D%37%20%43%37%4C%5A%46%5E%37%58%79%51%4B%63%6C%20%20%5A%20=%4A%61%7A%7A%2D%4D%65%64%69%75%6D%20%53%77%69%6E%67=%31%31%30=%30
b40018fc-4156-4106-956e-d2e78f7200ce,irealb://%4E%6F%74%68%69%6E%67%20%57%69%6C%6C%20%42%65%20%41%73%20%49%74%20%57%61%73%20%28%46%6C%6F%72%61%20%50%75%72%69%6D%29=%4E%61%73%63%69%6D%65%6E%74%6F%20%4D%69%6C%74%6F%6E==%42%72%61%7A%69%6C%69%61%6E=%46%23%2D==%31%72%33%34%4C%62%4B%63%75%37%5A%4C%2C%23%46%34%3C%2A%36%36%46%2F%57%5A%4C%2C%23%46%2F%42%20%2C%23%46%37%2F%2D%23%46%3E%6C%65%65%46%20%38%2F%36%20%20%23%2C%20%57%2F%34%54%69%2A%5B%2C%23%46%2F%57%20%46%23%2D%37%2F%42%20%2C%23%46%2F%37%2D%23%46%5A%4C%2C%46%23%2F%57%20%2C%23%46%2F%57%5A%4C%2C%23%46%2F%46%23%2C%4C%5A%2C%23%46%2F%42%5A%4C%78%5A%4C%2C%4C%5A%44%2F%2A%7B%5D%20%2C%23%46%2F%57%20%2C%23%46%2F%5A%57%4C%2C%23%46%2F%73%75%73%23%46%20%2C%23%46%41%46%23%2D%37%23%46%2F%57%20%4C%78%5A%4C%37%37%4C%5A%41%39%78%5A%4C%39%2D%42%42%2A%5B%5D%20%78%5A%4C%31%31%23%37%5E%47%5A%4C%37%5E%44%5A%4C%73%75%73%4C%5A%43%23%2D%2D%45%5A%4C%78%2F%37%23%47%5A%4C%5A%78%4C%5A%41%20%23%46%2F%37%23%41%5A%4C%23%46%2F%57%23%20%46%2F%37%42%5A%4C%78%5A%4C%23%46%2F%39%42%37%2F%46%23%4C%37%2D%23%46%5A%5A%4C%39%5E%42%37%2F%46%23%4C%37%2D%45%5A%4C%78%5A%4C%39%5E%45%5A%4C%78%4C%5A%37%2D%23%46%43%2A%7B%7D%20%51%20%20%6E%5A%4C%5A%78%4C%5A%5E%47%20%23%46%4C%37%2D%23%46%23%2D%37%20%42%5A%51%79%58%70%5A%4C%23%46%2F%73%75%73%23%20%46%23%46%2F%44%7C%51%79%58%70%5A%4C%23%46%2F%59%7B%2A%43%51%46%5B%7D%20%78%39%41%3E%6E%65%39%4C%5A%70%7C%36%2A%3C%44%2A%7B%5D%20%78%5A%4C%2C%39%2D%5B%42%7D%70%5A%4C%39%5E%42%7C%70%5A%4C%37%2D%45%30%20%20%45%76%5E%45%7C%70%5A%2C%45%2F%73%75%45%39%73%75%73%33%54%5A%4C%2C%73%75%73%39%45%20%2C%73%75%39%73%41%5A%4C%2C%31%31%2D%23%46%20%70%5A%4C%2C%34%73%41%39%73%20%2C%73%75%73%20%2C%73%75%73%46%23%2D%31%31%31%31%2D%23%46%20%70%5A%4C%2C%73%75%73%39%20%45%2C%73%75%73%39%41%6C%34%34%54%5B%20%7D%2C%2C%4C%5A%41%39%3E%78%33%3C%70%39%45%20%2C%73%2C%4C%5A%54%33%3E%73%6F%6C%6F%53%20%20%33%36%2A%3C%34%34%44%54%2A%7B%20%5B%6E%2C%31%31%2D%23%46%70%73%34%6C%41%39%73%75%73%75%73%39%45%20%7D%2C%31%31%5A%70%20%46%23%34%31%3C%70%70%73%34%33%54%5A%4C%2C%73%75%39%73%45%20%2C%73%75%73%39%41%5A%4C%2C%31%31%2D%78%3E%46%23%2D%4C%2C%73%75%73%34%33%54%5A%4C%34%6C%41%39%73%45%20%2C%73%75%73%39%41%5A%4C%2C%31%31%2D%46%23%20%70%5A%4C%2C%73%75%73%39%45%20%2C%73%75%39%73%75%73%2C%34%54%44%2A%5B%35%54%5A%4C%2C%73%2F%45%2C%70%20%70%5A%4C%2C%73%75%73%39%45%20%2C%73%75%39%73%41%6C%34%34%54%5B%20%7C%2C%31%31%2D%23%46%46%23%2D%31%31%75%73%39%41%73%34%41%39%73%75%73%2C%20%45%39%73%75%73%2C%20%4C%5A%55%54%32%34%46%23%2D%31%31%2C%20%5A%20=%4C%61%74%69%6E%2D%42%72%61%7A%69%6C%3A%20%42%6F%73%73%61%20%45%6C%65%63%74%72%69%63=%31%35%30=%32
b428623d-43e8-4b92-b073-00f9dd1bbc0c,irealb://%53%61%74%75%72%64%61%79%20%4E%69%67%68%74%20%49%73%20%54%68%65%20%4C%6F%6E%65%6C%69%65%73%74%20%4E%69%67%68%74%20%4F%66%20%54%68%65%20%57%65%65%6B=%53%61%6D%6D%79%20%43%61%68%6E%2F%4A%75%6C%65%20%53%74%79%6E%65==%4D%65%64%69%75%6D%20%53%77%69%6E%67=%43==%31%72%33%34%4C%62%4B%63%75%37%3E%70%72%61%68%54%34%34%45%62%3A%72%72%41%32%37%2A%3C%7C%51%79%58%62%45%4C%5A%35%62%39%62%42%20%37%2D%46%5A%4C%37%43%20%20%62%65%32%73%2C%69%2A%2C%5B%20%2D%46%7C%51%62%37%20%5D%5B%4C%39%62%44%20%37%5E%62%45%5A%4C%37%2D%46%37%20%2D%47%5A%4C%37%2D%46%20%37%5E%62%45%41%2A%5A%43%37%58%79%42%20%37%2D%46%2F%2D%43%20%2D%5A%46%2D%37%20%37%47%20%37%5E%62%45%5A%4C%37%62%42%20%2C%2D%37%46%5A%4C%39%43%20%39%62%44%5A%4C%36%2D%46%2F%44%4C%5A%43%4C%37%5E%2D%46%42%7C%51%79%58%2D%37%62%35%20%5A%4C%33%31%46%20%39%43%5A%4C%37%2D%47%20%2F%46%62%42%5A%4C%6F%62%47%20%2D%47%5A%4C%37%44%42%62%39%62%35%41%5A%4C%62%42%5E%2D%46%20%2D%5D%5B%2A%42%45%37%43%5A%4C%39%62%44%20%37%5E%62%45%5A%4C%2D%37%46%20%37%2D%47%5A%4C%39%62%41%20%37%5E%62%58%79%51%7C%46%51%79%58%39%62%2F%2D%43%20%2D%37%20%46%2D%36%37%47%20%37%5E%62%45%43%2A%5B%5D%20%37%62%20%42%2C%37%2D%46%5A%4C%39%43%20%39%62%44%5A%4C%2F%44%4C%5A%43%2D%46%5A%4C%37%45%5A%4C%35%62%2D%37%62%35%20%2D%46%5A%4C%37%43%20%62%42%2F%62%45%5A%4C%62%39%44%20%37%2D%43%6C%7C%2C%37%47%2C%37%44%73%37%20%42%62%39%41%5A%4C%62%42%20%20%55%20%62%46%2D%37%20%42%58%62%45%5A%4C%35%62%39%62%42%20%37%2D%46%4C%5A%37%43%20%62%42%2F%62%45%51%5B%5D%20%37%62%79%51%7C%66%45%7C%51%79%58%62%5A%20=%50%6F%70%2D%52%6F%63%6B%20%31%32%2F%38=%39%38=%30
b48ba735-257a-4be1-a76b-a5b6f72bcf6d,irealb://%53%74%75%64%79%20%33%2E%31=%4C%65%61%76%69%74%74==%4D%65%64%69%75%6D%20%53%77%69%6E%67=%46==%31%72%33%34%4C%62%4B%63%75%37%37%2D%47%5A%4C%2C%20%47%2D%37%37%2D%47%5A%4C%2C%39%62%37%44%20%2C%37%2D%5A%41%4C%2C%37%5E%62%42%20%2C%37%2D%41%5A%4C%2C%2C%20%43%39%2C%46%34%34%54%7B%37%2D%47%2C%39%4C%5A%41%2D%37%2D%41%7C%2C%35%62%37%62%42%2C%39%43%2C%39%44%62%2C%37%2D%47%73%31%4E%5A%4C%2C%39%44%20%2C%37%2C%44%37%62%2C%39%43%20%2C%41%6C%5B%5D%2C%2C%7D%58%79%51%20%20%2C%46%6C%7C%2C%39%62%37%43%2C%39%43%39%2C%62%44%2C%37%2D%47%32%4E%5A%4C%20%51%79%58%73%45%37%62%39%39%62%37%43%2C%43%7C%51%79%58%2D%37%2C%43%6F%2C%37%5E%45%20%2C%73%75%73%37%45%6C%7C%2C%62%6F%45%2C%36%44%73%20%2C%37%2D%23%43%6C%7C%2C%4C%5A%41%36%2C%42%73%20%2C%37%73%20%2C%73%75%37%2C%45%62%6F%2C%39%62%37%47%20%2C%73%75%73%37%47%6C%7C%6F%2C%23%46%2C%36%46%73%20%2C%37%2D%45%6C%7C%2C%4C%5A%43%37%73%2D%44%73%20%2C%2C%39%43%20%2C%2C%5D%5B%6C%46%2C%39%62%37%44%20%2C%37%2D%41%5A%4C%2C%37%62%5E%42%20%2C%37%2D%41%5A%4C%2C%37%2D%47%20%2C%4C%5A%47%2D%39%5E%43%2C%37%43%4C%5A%47%2D%37%2C%20%43%39%2C%4C%5A%41%2D%37%2C%20%44%39%2C%4C%5A%73%47%2D%37%2C%44%62%39%2C%43%39%2C%43%37%62%39%2C%7C%6C%46%2C%58%79%51%5D%20=%4A%61%7A%7A%2D%4D%65%64%69%75%6D%20%53%77%69%6E%67=%31%30%30=%30
b48dc0a5-5d17-4e11-abd1-69f8d5dfc0f7,"irealb://%53%75%6E%64%61%79=%43%6F%6E%6E%20%43%68%65%73%74%65%72==%4D%65%64%69%75%6D%20%53%77%69%6E%67=%43==%31%72%33%34%4C%62%4B%63%75%37%5A%4C%6F%43%20%34%43%39,%20%79%58%37%47%7C%51%79%58%37%44%7C%51%79%58%41%37%7C%51%79%58%47%5A%4C%6F%43%20%43%5A%4C%46%51%7C%4E%31%43%34%54%41%2A%7B%58%78%7C%51%79%7D%58%79%51%58%79%58%78%7C%51%79%58%37%45%42%2A%5B%5D%51%58%79%43%5A%4C%2D%46%20%43%32%4E%5A%4C%20%51%79%51%7C%41%37%58%51%79%58%37%47%51%79%58%37%41%58%79%51%7C%78%5A%4C%6F%43%20%43%5A%4C%46%20%39%43%41%2A%5D%5B%51%79%58%78%7C%51%79%58%37%47%7C%51%79%58%47%58%79%51%7C%37%44%7C%51%79%7C%44%37%58%79%51%7C%47%37%58%79%51%7C%43%20%46%2D%4C%5A%43%58%79%51%5A%20==%31%35%39=%30"
b434eb71-d6b0-4df3-a6e6-4046c7786ef1,irealb://%57%68%61%74%20%57%69%6C%6C%20%54%68%65%79%20%54%68%69%6E%6B%20%6F%66%20%4E%65%78%74%3F=%45%6C%6C%69%73%20%44%79%73%6F%6E%2C%20%74%68%65%20%53%68%61%6D%62%6C%65%73==%4D%65%64%69%75%6D%20%53%77%69%6E%67=%44==%31%72%33%34%4C%62%4B%63%75%37%4C%20%51%79%58%37%30%20%20%28%41%20%37%23%46%7C%51%79%58%6F%42%3E%29%6F%74%72%6E%69%20%6F%6A%6E%61%62%20%72%61%62%20%38%4C%5A%58%79%51%2A%3C%69%2A%5B%7C%51%79%58%2D%58%79%51%7C%42%2D%45%7C%51%79%58%37%42%7C%51%79%58%44%7C%79%51%58%37%41%7C%51%79%58%2D%45%7C%51%79%58%37%58%79%51%7C%42%44%41%2A%7B%5A%6F%42%20%2D%42%7C%43%23%6F%20%20%6F%23%43%7C%51%79%58%6F%42%5A%4C%2D%42%37%20%23%46%5A%4C%6F%42%20%2D%42%5A%4C%37%23%46%46%23%37%4C%5A%51%79%58%6F%42%37%23%46%20%6F%20%42%2D%20%7D%58%6F%42%32%4E%5A%4C%20%51%79%58%51%79%58%4C%5A%41%20%37%23%46%7C%51%79%58%6F%42%31%4E%7C%79%51%7C%43%23%37%23%46%5A%4C%58%6F%42%5A%4C%42%6F%4C%5A%46%46%5A%4C%6F%42%20%2D%42%5A%4C%37%23%46%20%23%6F%43%7C%51%79%58%6F%42%5A%4C%2D%42%20%37%23%23%37%20%42%2D%20%2D%42%5A%4C%2D%42%5A%4C%37%37%20%41%4C%5A%43%7C%51%79%58%44%3E%29%74%73%61%46%28%20%32%20%37%2A%3C%42%2A%5A%4C%20%51%79%58%51%79%58%23%6F%20%46%23%23%46%7C%51%79%42%5A%4C%37%23%5A%41%2D%20%44%23%43%7C%51%79%58%44%5A%4C%37%41%20%37%45%4C%5A%37%42%20%2D%23%46%7C%51%79%58%47%5A%4C%37%6F%2C%20%2C%46%4C%2D%23%41%20%2D%20%41%23%2D%4C%5A%41%2D%20%44%37%4C%5A%47%58%79%51%7C%20==%30=%30
b474f3d0-3046-42da-b010-78fa5d037cf9,irealb://%57%68%61%74%20%44%69%64%20%49%20%48%61%76%65%20%54%68%61%74%20%49%20%44%6F%6E%27%74%20%48%61%76%65%3F%2D%52%65%76%20%4A%45=%4C%65%72%6E%65%72%20%61%6E%64%20%4C%61%6E%65==%42%61%6C%6C%61%64%20%44%6F%75%62%6C%65%2D%54%69%6D%65%20%46%65%65%6C=%43==%31%72%33%34%4C%62%4B%63%75%37%20%29%2B%43%28%43%5E%28%43%29%2F%37%43%20%29%36%43%28%37%2D%41%5A%4C%39%37%62%45%20%29%2B%43%28%68%42%20%2C%68%23%46%20%47%20%46%23%68%6C%34%34%54%7C%4C%39%62%37%43%59%45%2D%37%28%5E%43%5A%4C%39%62%37%47%20%29%37%47%28%37%44%2D%5A%4C%29%6F%23%43%28%39%62%37%41%20%29%43%28%43%37%29%20%5A%4C%36%2D%46%47%5A%4C%29%37%46%29%45%39%28%33%31%44%20%29%37%2D%41%28%73%75%73%37%44%5A%59%4C%29%2A%6D%2A%41%28%37%2D%41%6C%29%39%45%23%31%31%28%44%28%5E%46%73%5A%7C%59%5A%4C%39%47%37%73%75%73%2B%43%28%68%42%20%68%23%46%20%29%43%28%5E%6C%43%5A%4C%29%39%62%37%47%28%39%62%37%47%20%29%29%20%45%37%62%28%73%75%73%37%68%23%46%7C%2C%36%29%20%43%37%36%43%28%37%41%73%20%29%43%28%37%2D%45%6C%4C%5A%36%2D%46%20%29%2B%43%28%68%23%46%20%47%2F%29%43%37%2F%47%43%28%37%2D%41%5E%47%5A%4C%29%29%42%37%28%42%23%33%31%44%20%29%37%2D%41%28%73%75%73%37%6C%44%59%7C%2C%37%41%29%2D%45%28%37%2D%45%29%37%31%31%28%44%37%37%2D%23%46%28%29%37%62%41%28%73%42%68%28%43%29%37%47%28%73%75%73%37%47%5A%4C%29%37%44%37%28%44%20%29%46%28%37%2D%41%6C%7C%2C%37%45%29%20%47%37%62%39%20%29%5E%47%28%33%31%41%7C%51%42%46%23%68%28%28%31%31%2D%45%5A%4C%29%37%47%28%20%20%29%46%36%28%36%2D%46%5A%4C%29%2B%46%28%20%20%29%46%43%36%29%58%79%2A%5B%59%5D%20%45%28%68%45%5A%20%28%43%5E%29%31%31%23%33%31%46%20%29%39%47%28%68%23%46%4C%5A%2C%39%47%20%29%39%47%28%37%2D%44%59%5A%4C%28%42%37%29%4C%20%29%36%43%28%2B%43%28%68%42%62%39%28%41%37%20%29%43%28%5E%43%41%2A%5B%59%5D%20%29%37%28%47%35%23%39%47%20%29%2D%46%28%68%44%5A%4C%29%46%23%68%2C%20%37%41%20%29%37%6F%23%43%28%39%39%4C%5A%41%2D%43%28%37%2D%45%59%5A%4C%36%2D%46%20%29%2B%28%43%68%23%46%20%47%2F%37%43%20%29%36%43%28%37%29%20%41%37%62%62%37%45%20%29%6D%2A%41%28%37%37%28%47%37%29%45%28%39%45%29%46%28%5E%46%73%5A%4C%39%62%43%37%20%29%37%43%28%5E%43%5A%4C%39%62%37%47%20%39%29%6C%41%2D%2D%44%5A%4C%29%42%2F%37%45%20%44%37%73%75%73%5E%43%5A%4C%73%75%73%39%62%41%20%29%62%41%37%28%2D%44%5A%4C%31%31%23%39%44%20%29%37%44%28%2F%47%28%43%29%59%5A%4C%29%2A%5A%4C%31%31%23%45%2D%29%20%44%29%43%28%5E%43%5A%4C%29%37%47%28%39%62%37%20%47%29%46%28%37%2D%44%59%5A%4C%31%31%23%33%31%20%45%62%31%33%28%37%2D%41%20%44%2D%37%28%42%62%29%20%44%62%31%33%23%31%31%28%47%37%29%51%20%5D%58%79%51%20%59%5B%55%51%3C%46%49%4E%45%3E%43%5E%58%79%51%5A%20=%4A%61%7A%7A%2D%42%61%6C%6C%61%64%20%44%6F%75%62%6C%65%20%54%69%6D%65%20%46%65%65%6C=%37%35=%33
b41b0413-cb00-4558-ac04-0f9759403b52,irealb://%C5%9EIMARIK%3DTarkan%3D%3Dpop%3DA-%3D%3D1r34LbKcu7L%20x%20Z4%20A-%20L%20x%20ZL%20-A%20A*%7B%7D%20%20x%20ZL%20x%20ZL%20x%20ZLZ%20x%20L4Ti*%7B*%7BZL%20LZF%20G%20FZLG%20-A2NZLQy%7DX%20G%20FZLG%20-A1NZLELZ%20EG%20-AZ7*%3CC*XyQ%20sE%20ZLG%20-AZL-A%20GLZG%20-A%3E%20idig%20ine-%20%20%7D%7B07*%3CBX%3E%20ISa%C4%9F%C4%B1na82*%3Ci*%7D%20%20E%20ZL%20A-%20ZLE%20-AZL%20-A%20%3E%20YARIco%20%204ac%20payQLZX1%20palod%20.2%20kerDi63*%3CA*%20QyXZLQy.%20dolXZLQyXZLQyyor%20%3EXC*ZLQyXB*ZLQyZXLQyXZLQyXZLQyXyQLZX%C4%B1mn%C4%B1lZLQyXi%3C*36ZLQyXZLQyX%3E%20ro%C4%B1yn%C4%B1la%C3%A7%20%C3%BC%C3%A7l%C3%B6%206%20%20XyQLZ*ZLQy*BXyQLZXyQLZXyQLZXyQLZXyQLZXyQLZXyQLZXyQ%20Z%20%3D%3D0%3D0
b43da80c-2015-4e1e-aed7-d7b21ed4a605,irealb://%D0%97%D0%B0%D0%B1%D1%8B%D1%82%D1%8B%D0%B5%20%D0%91%D0%BE%D1%82%D0%B8%D0%BD%D0%BA%D0%B8%3D%D0%9A%D0%BE%D1%80%D0%BE%D0%BB%D1%8C%20%D0%98%20%D0%A8%D1%83%D1%82%3D%3DMedium%20Swing%3DD-%3D5%3D1r34LbKcu7QyX%7C%5D-XyQ%7CZL9-D%20-DS%7C%7D%20-G-%20DZL-G%20-D%7CQyX-Af%20x%20%20G44T%7BX-GZL%7B*AD-%20-Dl%2C-A%2C-GsZL%2CG-%20-DZL-A%20-G%7CQyX%7D%7CF%20C%20%20QyXFB*%7BZCLZAX-A%2C-GsZL-G%20-DZ7L%5EF%20CZL-G%20-D%7CQy%2ClD-%20%20F%7CQy42T%7CQ)LZC(QyXQyX%7D%20-D%20-A1ZNL-G%20-DZL-A%20)-GXyQXyC(-G%20N2sG-%20A-%2CS%20%5D%20%3DJazz-Medium%20Swing%3D100%3D3
b4fff8c9-10af-42a5-bc73-2cecb41698ea,irealb://Catalina%3DStrayjackets%20Los%3D%3DMedium%20Swing%3DC%3D%3D1r34LbKcu7CZL%2C-%2CLZxLZL%2C-DZLxZL%2CCA*%20%7B%20QyXQyX%5D%20xZLxZC%2CLZD%5ECi*%5BbB%2CbALZG%2C%20L%2CGZL%2CFZL%2C7DZLC%2CZL%2C-FZL%2C-DB*%5B%7DZF%2CLZ%2CFZL%2C-DC*%5BZx%20%5DXyXQyXQyXQyX%3EB%2C9A3*%3CQyXQyXQyXQyQXyQ%20L%2CC%7C%2C%2CLZC%2CLZAb%2CLZC%2CLZD-%2CLZC%2CLZD-%2CLZG%2C%20%5D%3C*33A%2CB%3E%20%3D%3D0%3D0
b49b74d3-a68b-4483-bc8d-fb172be48340,irealb://%E6%98%A5%E3%82%88%E3%80%81%E6%9D%A5%E3%81%84%3D%E6%9D%BE%E4%BB%BB%E8%B0%B7%E7%94%B1%E5%AE%9F%3D%3DRock%3DD-%3D0%3D1r34LbKcu7bB%20-DBb6%20C%5B%7DQyX-DZL9ddaC6%20bB%7CQyX-DZL9dda*AT44%2Ci*%2C%7BCZL6bdd9%20F%2C7A%2CsusA%2C5b7-EF%2CZL9ddaC%20bBZL7%5E%7CD-%20BaCZL6/-D%207F%5E7LZyXbB/C%7CQyX%5EbBZ-LD%2CC%2CbBZL7-A%20-DQ%7CBb%5E%209dda-DZL96%2CC%2CF6bB%7CQyX-DZL9ddCa%206bBB*%5B%5D%2C7F%2C7%5E%20Cadd-GZLAXyQ%7CBb6%20Cadd9LZD-XyQ%7CBb6%20CLZD-XyQ%5D%20%3DPop-Rock%3D105%3D1
b4f67650-814b-4143-b304-1254c6d78633,irealb://%E6%B8%AF%E3%81%8C%E8%A6%8B%E3%81%88%E3%82%8B%E4%B8%98%202%3DComposer%20Unknown%3D%3DMedium%20Swing%3DC%3D%3D1r34LbKcu7%20C%7B%7CQXyQ%7CFG%20-DZL-A%20CZLG%20%7CFQyXGZL-A%20C%7CQyXLZCXyC44T%5BL-A%20F-%20GLZZLG%20-DZLF%20-AZL%20C-A%7CQyX7EZL-A%20CCXyQ%7CAZL%2BCyXF1NLZC%20AC%7C%2C%20%2C-F%20CZL7D%20ZAL7C%20CZLG%20-DZL-XyQ%5D%7C-A%20FZ%20CZLF-LZD-XGZL-D%20C%7CQyXC%7CyQXC2N%7C%7DQyXCZLG%20yQ%7CC%20A%20C%7CQA-LZD-%20GLZCXyQ%7D%7CN3C%20FLZE-%20A-LZD-%20GLZC%20Ab%2CCZ%20%3DJazz-Medium%20Swing%3D92%3D3
b415e527-2589-4419-b27c-1a489b86c760,irealb://%E8%B5%B7%E6%9D%A5%E8%8D%A3%E8%80%80%3DComposer%20Unknown%3D%3DFR1%3DG%3D%3D1r34LbKcu7p%2CC%7Cp4G%2Cpp%7Cppp%2CG%5B%7C%2C7Dpp%2C%7CGppp%2CC%7Cppp%2C7D%7CpD7%2Cpp4Ti*%5Bd%20%2CpoppD7%2CF%20'1K66*%3C%2CG%3E%E7%A8%A3%E8%80%B6%E6%88%91%E7%A5%96%E8%80%80%E8%8D%A3%E8%80%80%E8%8D%A3%E8%80%80%E8%8D%A3%E6%9D%A5%E8%B5%B7%3Cv*%5BY%7C2%2C%20ch%2CG%7Cpp%2CC%7Cppolo%3Epppp%2CG%5B%7C%2C7Dpp%2CGp%7Cpp%2CC%7Cppp%2C7D%7Cpp%7CD7%2Cps%20murppp%2C7%2CppD7%2CG%3E%E7%A8%A3%E8%80%B6%E4%B8%BB%E8%80%80%E8%8D%A3%E8%80%80%E8%8D%A3%E8%80%80%E8%8D%A3%E8%80%80%E8%8D%A3%E8%8D%A3%E8%80%80%E4%BB%AC%E6%88%91%E8%AE%A9%20%20QyX%3Cv*%5B%7C%2Cppp%7CDG%7Cppp%7Cp%2C%23Fp%7CG%2Cp%7Cppp%2CG/C%7Cppp%2C7%7CDppp%2CG0NS%5B%7C%2C7DpG%2CpD/pp%2CC%7Cppp%3Eo44%3C%E4%BD%A0%E6%98%AFurd%20%2Ctaeb%202/19*6%3C%2C-E%3E%E4%BA%A1%E6%AD%BB%E6%9A%97%E9%BB%91%E8%BF%87%E8%83%9C%E7%8E%8B%E5%90%9B%E5%A4%A7m%20solTC*%5BYp%2C-B%7Cp%7CD7%2CE%3E%E6%9C%9B%E7%9B%BC%E4%B9%90%E5%96%9C%E6%9D%A5%E5%B8%A6%E4%BC%A4%E5%BF%A7%E7%81%B5%E5%BF%83%E5%87%80%E6%B4%97%5B%3C%7Cp%2C%23F/Dp%2CG%7Cppp-%2Cppppp%2CC%7C%7Cppp%2Cppp%7CDp%2CC%7Cppp%2C-E%3E%E6%9C%89%E4%B8%87%E4%B8%8A%E7%AE%A1%E4%B8%96%E6%8E%8C%E7%A5%9E%E8%83%BD%E6%9D%83%E6%98%AF%E4%BD%A0%3C%5B%7Cppp%2C7pp%7CD7%2CC%7Cpp%2C7-A%7CF%23%2Cp%7C%7Cppp%2C-B%7Cppp%2C-E%E5%91%BD%3E%E7%94%9F%E7%9A%84%E6%96%B0%E6%88%91%E7%BB%99%E8%B5%90%E7%BB%91%E6%8D%86%E8%80%8C%E7%BD%AA%E5%8E%BB%E9%99%A4%3C%5BC%2Cppp/Dp%2CG%20QyXQDsus%2CQyXQyX%7Cpppp%7Cpppp%7Cp%2C7D%2Cp%2CC%7C%2CpppXyQXy%5B%7Cpppp%20%3DPop-Rock%3D140%3D3
b4dec317-d4e9-4926-a13c-e15b05243955,irealb://%EC%95%84%EB%A1%9C%ED%95%98%3DW%20Sunny%3D%3DBossa%20Nova%3DF%3D%3D1r34LbKcu7yX7o%234F%5E7X7%5EFA*%7B%7DQyX7C%7CQXy7-G%7CQyX7o%23F%7CQyXyQ%7CF4Ti*%7BD%7CQyX%20C7LZZL7D%205b7-AZL7oG%23%207-GZL7D%205b7-AN1G-77-G%7CQZL7F%20%20%7D%7CN2yX7o%23C%7CQyX7-DB%7C*%5DQyX6FZL7C%207-GQ%7CC-77C%207bQyX7CD7%235LyX7C%2C%7CQyX7-GZLo7bA%207-A%7CQyX7-DZQ%7C%2Cf%2C%207%5EbBobA%207XyQ%7CGC%207-GSZL7D%205b7A-%7CQyXF%2FbB%7CQyXF%2F7LZA-FC*%7BZ4T%7CQyG-7Xy2T%7C%5D%20%2C7D%206FZL7%20C7-G2N%7C%7DQyX7C%7CQ4G-7X1NZL7QyX7%5EQ%7CC7X7C%7CQyX7-G%7CQyX7%23oF%7CQyX7%5EFD*%7C%5DQyXyQ%7CFyX7C4%7CF%23o7XyQ%7CG-7%20C7LZF%5E7%20%20U%20Z%20%3DLatin-Brazil%3A%20Bossa%20Acoustic%3D120%3D1
b42ca064-19d6-4bb4-b94f-b4e9d0769179,irealb://Exactly%20Like%20You%20%28Dixieland%20Tunes%29%3DMcHugh%20Jimmy%3D%3DMedium%20Swing%3DBb%3D%3D1r34LbKcu77-C%7CQ4BbXyNZL%20lcKQyX7FZLl%20cKQyX7CZL%20lcKQ1BbXy4TA*%7ByXbB%7CXyQXyE%7CQyXbEB*%5B%5D%207b%20BbB%7CQyXbB2NZL%20Qb-XyQ%7D%207F%207CZL%20LZC-XXbBA*%5B%5D%207F%207-CLZ7G%20bB%7CQyX7F%7CQyyQKcl%20lcKQXyQKcl%20LZF7XyQKcl%20LZBbXyQKcl%20%20Z%20%3DJazz-Medium%20Swing%3D100%3D3
b473788d-e8dd-4941-8ab8-5679a5167ce1,irealb://Hindustan%3DOliver%20G%20Wallace%2C%20Harold%20Weeks%20%281918%29%3D%3DMedium%20Swing%3DBb%3D%3D1r34LbKcu77*%3C%7B%2C*74In%7C%2CobD%2C-bB%7C%2C7F%2CCo%7C%2CobD%2C-bBs%3EortCo%2CF7%3C44T%5BxZL-b%20'tileV47*%3C%5BY%20QyX%7C%7D-%20bBZL-bB%3Eydaer%20rse%3EBpmaV4C%2C-FZBb-%2CE7C%2C-FZL-FZLxZLb-BZL7FZL-bB%7C%2C-b%2C%7CF-LZLxZLbBZL%2BLZF-%2CQyXbBl%3EsurohC4*7%3C%5BY%5D%20xZL7F%7C%2C7C%7CBb%20F-F%7C%2C7cKQyXl%20LZBlcKQyX7-CZL%20lcQKyX7FZL%20lcKQyXb%20LZF7cKQyXcKQyX-7XyQF%20bB%7CQyXbBZL7Fb%20B%7CQyXbB%7CQyX7F%7C%2BLZBbCZL%20l%20lcKQ-7XyQZL%20lcKQyX7CZL%20clKQyXbE%7CQyX7bB%7CEb-XyFZL%20lLZC-7XyQ%7CF7XyQ%7CBbXyQ%7CBb%20F7%20%5D%20%3D%3D0%3D0
b4b1ce14-5b2a-4fe4-80c2-01e936b435db,irealb://Old%20Spinning%20Wheel%3DBilly%20Hill%20%281933%29%3D%3DMedium%20Swing%3DBb%3D%3D1r34LbKcu7%20x%201N4BbXyBZL%20lcKQyX7FZLl%20cKQyX7FZL%20lcKQbXyQ%7C4TA*%7BBZL%20lXyQXybBZL%20lcKQyXbEB%5B*%5DQyX7bB2N%7CQyXQXyQKcQyX%7D%20yX7FZcl%20LZQyX7FZL%20lcKQyXBbA*%5B%5D%20%20lcKQyX7FKcl%20LKQyXbQKcl%20LZBbXyQ%7C%20%28F7%29x%20%20%5D%20%3DJazz-Medium%20Swing%3D100%3D3
b4c65530-cd6d-442f-a997-9225bb81de43,irealb://.SET%205%3DComposer%20Unknown%3D%3DMedium%20Swing%3DC%3D%3D%5B%20%3DJazz-Medium%20Swing%3D100%3D3
b4932580-1213-4927-90af-e3fb784a9a6e,irealb://041.%20Fa%20Maj%20Harm%3DL.W.%3D%3DMedium%20Swing%3DAb%3D%3D1r34LbKcu7ZL9b74Ab%5E7/5b7-bB%7CQyX7-CLZ6-bD%207%5E-bD%7CQyXEb%20Eb4TA*%7B%237%5ED%20yQ%7CDb-bD%7CQyXbE/7%5EbALZE/5b7-bB%20E/7%5E-%5E7/EbX7%5EbAC%7CQyX*BN1D%7CQyXbE/5b7-bB%7CyQXE/7oG%7CQyX7%5E-bEb7b9%5B%5D%20112NC*%5BXyQ%7CEbE%20bE/7%5E-bD%7CQybXE/7%5EbA%7CQyX9b7b7b9%20%7DbE/7-bB%7CQyXyQ%7CG%7CQyX9b7bE%7CQyXb/E5b7-bB%7CQyXE/7oAb%5E7X7%5E-bD-7b5%20Eb7b9LZAb%5E7XyQ%7CDb-%5E7/Eb%20Eb7b9%20Z%20%3DJazz-Medium%20Swing%3D100%3D3
b4e76c52-1d30-4007-adcf-6ef2bec10a0d,irealb://14%20%2847%2D52%29%20I%20V%20vi%20IV%20Major%20Progression=GuruOfGuitar%2Ecom==Rock=C==1r34LbKcu7%5BT44CXyQ%7CGXyQ%7CA%2DXyQ%7CF%20%20%3C8x%3E%20%7D%20=Pop%2DRock=80=16
b4f15aeb-2227-40d8-aeed-b43f5ce781c1,irealb://28%20%28119%2D121%29%20i%20VI%20V7%20iv%20Minor%20%28Dom%207%2C%20R%206%29=GuruOfGuitar%2Ecom==Rock=A%2D=4=1r34LbKcu7%5BT44A%2DXyQ%7CFXyQ%7CE7XyQ%7CD%2D%20%20%3C8x%3E%20%7D%20=Pop%2DSoul=53=16
b4eac134-4c46-4aab-9a06-e470476a5a33,irealb://Major%20Key%20%28all%207%20chords%20in%207ths%29%20%28triple%29=GuruOfGuitar%2Ecom==Rock=C=9=1r34LbKcu7lcKQy%5E7XyQL%20lcKQyX7%2DA%7CZLl%20cKQyX7%2DEZL%20lcKZD%2D7XC44T%5BZL%20lc7XyQKBZL%20lcKQyX7%5EFZ%20LlcKQyX7%5ECZL%20lchXyQKG%7CZL%20C%5E7XyQKcl%20%3C16x%3E%20%7D%20=Pop%2DSoul=45=6
b4f72757-1dbb-45fd-b470-4e8ed8495b9f,irealb://3%20Mix%20Ballabile%20883=883==Medium%20Swing=C=0=1r34LbKcu7ZLbBZ4%3CXyQBZLF%7C%2CbA%2CbBZLbZALbE%3Eotaiggeprab%2A4%2AL4Ti%2A%5B%20GZLFZ%7B%2AA%3CA%2C%2DAZL%2DEZLGZLFLZ%2DEZLC%3EomtirQyX%2D%28G%29%7CL%20ZL%20C%7C%2CG%2CLZGLZLFZLCB%2A%7B%7C%2CG%2CFZGLZLCZLFZL%2DAZL%2DEZGLZFFA%2A%7C%7DL%20ZL%20GLZF%2C%20ZL%20ZL%20ZL%20ZL%20%3Enogar%20omouQyX%3C%7CGLZ%20LZZLFZLZL%2DAZ%2D%2CC%2C%7CZL%2DAA%2AZL%20ZL%20ZLZ%20L%20ZL%20ZL%20%7C%7D%2DA%2CGFLZGLAi%2A%7BZB%2A%7B%7C%2CZGLZAL%2DDZLGZLC%7C%2CG%2C%2DZAL%2DDZLGZLC%7C%2CG%2C%2DZA%2D%2CGLFZLx%20ZL%20ZLZCLZZL%20ZL%20ZL%20%2Ci%2A%2C%7C%20%7DGZLCZLFZL%2DAZLG%20LZ%20LFZL%2DAZL%20ZL%20LZ%20LL%20ZL%20ZL%20ZL%20ZL%20LZ%20ZL%20ZL%20ZL%20ZL%20ZZ%20LZ%20ZL%20ZL%20%20Z%20=Jazz%2DMedium%20Swing=120=3
b4085b81-5c4f-4b51-9754-718cc3fadf8c,irealb://Ionian%20Mode%20%28Cycle%20Of%204Ths%29=Charts%20Practice==Medium%20Swing=C==1r34LbKcu7cKQyX4E%5e7X%20lcKQyX7%5eDZL%20lKcQyX7%5eAZL%20lcKQyLZG%5e74TA%2a%7bX7%5ebEC%5e7XyKQyX7%5ebBB%2a%7c%5d%20%20clKQyX7%5eFZL%20lcKQcl%20LZ%7cZL%20l%5eBZL%20%20LZ%7cAX7%5ebGZL%20lcKQyX%5e7bDZL%20lcKQyX7%5ebyQKcllcKQy7XyQKcl%20%20%7d%20==0=0
b4bd5be7-ec48-4e79-b560-7c198af1dd3e,irealb://Tu%20Pueblo%20Dice%20Gracias%3DRamos%20Jacobo%3D%3DRock%3DG%3D%3D1r34LbKcu7%7CQyXC4G%2C*B%7CQyXG%7CQyXC%7CQyXE-ZL%20%2C%20%2C%23F/D%7CQyXDXyQ%7C4TA*%7BCXyQ%7D%20%3DPop-Rock%3D115%3D1
b4550427-89cf-4eca-aaae-2c2dc93e4b2a,irealb://Digno%20Eres%20Se%C3%B1or%20%2D%20M%2EBarrientos=Barrientos%20Marcos==Medium%20Swing=A==1r34LbKcu7%20%2CEZL4A%2C%20DC%2F%2A2sus%2AEZL%2C%23C%2A%2F2sus%2AE%20%2CD%2FEZL%2C%23%2C%20D%2C4TA%2A%5BX%2CAB%2A%2C%20E%2FF%20%2C%23F%2FAZL%2CB%2FD%20%2CZDL%2CE%20%2C%2Am%2A%23FZL%2C%23E%2C%20%5D%7BAZL%2CAZL%2CD%20G%23%2CXyZL%2CD%2FE%20%2CE%7CQyX%2CZDL%2C%23C%2FA%20%2C%2Am%2AB%7CQA%2FC%23%2C%2FE%7CQyNC%2A%7B%5D%2A%2C%20D%2FQyX%2CE2NZL%20QyXQXy%7D%20%2CE%20%2C%23G%2FEZL%2CA%7CxXyQm%2AB1N2B%2Am%2A%2C%20A%2FC%23%2CLZD%2CXyQ%7CB%2Am%2A%2C%20A%2FC%23%2CLZE%2CXyQ%7D%20=Jazz%2DMedium%20Swing=100=3
b4929320-2ef6-4fb4-b7a4-1610c618c72e,irealb://El%20Universo%20Esta%20A%20Tus%20Pies%201=Darlene%20Szcheck==Ballad=E==1r34LbKcu7%2CB%2C7%2D4EXyQB%7CQyX%2CA%7C%7DQyX%2CBQ%7CyX%2CA%7CQyX%2C7%2D%23C%7C%2C%20sC%234TA%2A%7B%2C%23G%2FEyQ%7CBX%7CQyX%2C7%2D%23F%7CQyX%2C%7CAQyX%2C%23G%2FEB%2A%5B%5DQyB%2C%20%20sX%2CAl%7C%7CQyX%2CyQ%7CE%2F%2C%23G%2FE%7CQyX%2CBZL%2C%2FEA%20%2C7%2D%23F%7CQyX%2C%23GXyQ%7CAX%2CAl%7CtnI%22%20XyQ%7CB%20etneuP%2066%2A%3C%5B%5DyQX%2CB%7CQyX%2CA%7CQyX%2Cigual%2C7%2D%23FZL%2C%23G1%3EELZ%7CQyX%2C7%2D%23C%7CQyX%2CCE%2A%7B%5D%20BZLAZL7%2D%23CA%2C%20E%2Fx%20%22orF%23%2D7%2C%20B%2C%20%7D%7BA%2CXyQ%7CF%23%2D7%2CXyQ%7CD%2C%20A%2FC%23%2CLZB%2D7%2C%20E%2C%20%7D%20=Jazz%2DBallad%20Swing=60=3
b43fb22b-99fc-4e43-8380-86677acbf6a1,irealb://No%20Has%20Perdido=Worship%20Elevation==Gospell=C==1r34LbKcu7B%2A%5B%5D%208%3C%2A66AZLB%2FGZLCZLFZL%2D7AZLB%2FGZLC%3E2y1%20%2D7LZF6TA%2A%7ByXB%2FG%2FELZF%3E3y1%2066%2A%3CC%2A%5B%5D%20%20GFZLE%2FC%207%2DD%7CQyXCXyQ%7CC%207%2DD%5B%7D%2CG%2CXyQ%7CGFsZLE%2FC%207%2DD%7CQyEX%2FC%7CQyXFZL6C%207%2D%2CG%2CA%2D7%2DA%7CQ%7CQyXE6%204%3ElXFZLC%207%2DG%7CQyX7A%2DZL7E%20B%2F7G%7CQyXCyQ%7CC%2F6%2A%3CC%2Ai%2A%5B%7DQ%2FELZFE%2FC%207%2DD%7CQyXFZL%2FEC%207%2DDlD%2A%7B%5DQyX%2CLZFXyC%207%2DDZLE%2FCsolo%20L%2DA%20FZLC%207%2DD%7CQXyFZLE%2FC%207%2DD%3ErtGZD%2D7%20%2066%2A%3C%2A%5B%5D%20FXyQXy%2DGZL7%2DA%7Cpppp%7CQXy%3E566%2A%3CCfC%2A%5B%20%20Q7%20CLZ%5DQyXFC%3C%2A66%206%28f%29%3ECLZG9%2FB%20E7LZA%2D7%20AboLZG%2D7%20CLZF%20%5D%20==0=0
b473f004-500e-4a97-9c1b-271454665274,irealb://Oh%20Ven=Marcos==Reggae=C==1r34LbKcu7yX%2C%2Am4C%2C%20F%5D%2CC%2CB%2FG%20%2C%2Am%2AAZ%2CLF%20%2CCZL%2CG%20%2CCZL%2C%5B%2ABA%2A4TA%2A%5B%2CG%7CQy%2A%2CXyQyX%2C%2Am%2AE%7CQyX%2C%2AmA%2AZL%2CG%20%2CC%7CQyX%2CF%7CQ%7CD%2CXm%2AE%7CQXyQ%7CsG%2CF%2CE%2Am%2A%2CD%2Am%2AZ%20==0=0
b45f9a74-44ce-401b-be60-a7ed0965558d,irealb://I%20Remember%20Clifford%3DGolson%20Benny%3D%3DBallad%3DEb%3D%3D1r34LbKcu7-bG%2C74Ab%5E7-bB%2C7-CsZLB/9bG7%209b7GZL9b7bBZL7%2CAb-4Ti*%5B%207-CZ-7LZB7bBZL7oA%207%5EbAZ7LG%207%5EbEA*%7BY%5D%207b%20Bo7LFl%7C%2C79b7bBbLZN1L9b7A%207hEZLF/7G-%207-GZL9b7D%207hAZF-7%20B/7-C%207hAZAh7%20D%207-GZL5%237bB%207-ZFL9b7C%207hGZL9b7Ab%5E7L2N%7C%7D%20ZL9b7ZG-7%20B*%5BY%5DQyX7%5EbEZLlta7bB%207-FZL9b7CDh7%20GL9b7DG%207%5Eb-7/BbY%5D%2C7bB%2C7-F%2C7C%2C-7GsZL9b7D%207hAZL%5B*AlEC%207-C7C%207h%5E7%20Ao7D%207hAZLbB/7-C7%20-CZL7oB%207bBZL7b9LZGbAZL7b9LZF-7%20Bb7altLZEb%5E7XyQZ%20%3D%3D0%3D0
b407a06f-83db-40f2-b78a-09a7a9c1422b,irealb://Cavatina%20%28Shadows%20Version%29%3DWilliams%20John%3D%3DWaltz%3DE%3D%3D1r34LbKcu77BZL18ELZEF/7-%23FZLbD/-%23FLZbE/-%23GZLEA*%7C%5D%20%23LZB16Ti*%5BZL*4sLZE7LZL7BZL11BZL7%5ECLZ7%5EGZL7%5EDZL7%5EAZsE*su7%5EEZLEZL7ByQXyQFZLBZL7%5EBZL11%23ZFL7-%23CB*%5BQyXQyX%23-7LZX%5B%20El%7BZLEZ7LZA%5Es*EZL7BZL11BZL%5E7CZL7%5EGZL7%5EDZL7us4*LEZL7%5E%5EAZL7G%23-/EEZL7BZL11BZL%23F7/-%23FZLbD/-%23FZLb%5E7LZEZLEA*ZL7-%237LZG%5E%5BZLEZL*4sus*EZ7LBZL11BZL7%5ECZL7*BN1C%5EDZL77BZL7ZB%5E7L%5EDZL7%5EAZL7EZL7E%5EZL7BZL7-%23FZLBZ7LZF%23L11%23FLEZL7*LZC%5EBZL7-%23FZL7-%23C2CN*%5B%7D%207BZL11BZL711LZBm*BZLZE%20Z%7C%20%3DJazz-Medium%20Swing%3D85%3D3
b497e007-e489-4c43-b708-2ae1b8106154,irealb://2bar%20%2D%20HS%20Up%20%2D%20Min7=JonBlanckMusic%2Ecom==Medium%20Swing=C==1r34LbKcu7L%20lcKyQKclbEZL%20lcKQyX7%2DDLZ%20lcKQyX7%2D%23CZL%20%2D7XyQX7%2DC%5BZL%20lcyQKcl%2DGZL%20lcKQyX7%2D%23ZFL%20lcKQyX7%2DFZL%207XyQKX7%2DEZAb%2D7XyQKcl%20LZA%2D7XyQKcl%20LZBb%2D7XyQKcl%20LZB%2D7XyQKcl%20%20%5D%20=Jazz%2DMedium%20Swing=90=3
b4291664-571b-4a11-940c-87bb29ff7a45,irealb://OM%20Drones%3A%20G%20Minor%20Pt%2E%201=Composer%20Unknown==Medium%20Swing=G%2D==1r34LbKcu7yX%2DG%7C%2DXyQ%7C%7CQyX7D%7CQyX7D%7CQXy%2DC%7CQyX%2DC%7CQyX%2DGG%2DXyQG44T%5BQ%7CC%2DXyQ%7CC%2DXyQ%7CG%2DXyQ%7CG%2DXyQ%7CD7XyQ%7CD7XyQ%7CG%2DXyQ%7CG%2DXyQZ%20=Latin%2DCuba%3A%20Bolero=90=4
b4545279-f2f7-439f-972c-f957e64bfae5,irealb://Bridge%20Over%20Troubled%20Water%20P2of2%3DSimon%20Paul%3D%3DRock%20Ballad%3DEb%3D%3D1r34LbKcu7uT%3CA*Pno%20oX%7CrQyX%7CQyXbE%2FbZAL9%237bE%20%2CbE%3EylnyQ%20%5D%5B%20%3Ci*%5B%7CQyXbbXyQ%7CEl%7C%2CC%2FbA%2CbDs%20b%7CAQyXbE%7CQyXbE%2FbAb%5E7%2FBE%3Eitt%7C%2C9bBQ%7CEb%20B%7CQyXbBl%7C%2C-C%2CDb%2FBs%20bEZL%20x%20ZLbAb7%20%20syX7-FbE%2C7b%2FDLZ*ZLF%20bAl%7C%2CG%2FW%2CFW%2F%2CbE%2FW%2CbD%2F7bEsBBb%20sEW%20bElZLB%2F7%7CAb%20E%7C%2C7C%2Csus7C%20bB%2FEb%7C%2CA%2Fo%23F%2CbA%2F7%5EblAb%20G%2CbB%2F9bAZL-b7%2CEbbElC*%5B%5D%2CA%2Fo%23F%2CAb%2F7%5EbE%20bA%7C%2CbB%2F9%2FBb%20CEs%20-CbB%2F7-%2CG%2C%7CCbEl%7C%2CbE%2FW%20%2CE%2FW9%2CF%7C%2CbB%2FW%20B%2FWs%2C-%2FBb%20GG%2FCs%20LZAb%20%3Crall.%3E%20LZAb%20Ab-LZfEbXyQZ%20%3D%3D0%3D1
b4fa069f-caab-4652-af1a-a2abd26f7508,irealb://One%20Note%20Samba%3DJobim%20Antonio-Carlos%3D%3DBossa%20Nova%3DBb%3D0%3D1r34LbKcu7%7CQyX74D-7XX7-D%7CQyX11%237B%7CyQX7-C%7CQyX7bD%7CQyyQ%7CDb4T%5BA*yX7-DQ%7CB7%23bA%7CQyX7%5EbE%7CQyXb7B%7CQyX7-F%7CQyX117XyQ%7CyX7-CX7%5EbDXyQ%7CCbA%7CQyX7-bE%5BB*%5DyQX6bBZL11%237B%207-7XyQ%7C7bD%7CQbD%7CQy%20LZC%23A*%5D%207F%207hC%7CQyX%5E7B%7CQyX7%23F%7CQyX7-%5BD-7XlcKQyQyX11C-7XyyX7-C%7CQyX7bD%7CQXy7-D%7CQyX11%237B%7CQQ%7CB7%23%7CQyX7%7CQyX7yQ%7CBbX7C%7CQyX6bD%7CQyXb7A%7CQyX7%5EbE%7CQyX7yQ%7CB%5EX7-F%7CBb6%20%20%20Z%3DLatin-Brazil:%20Bossa%20Electric%3D55%3D3
b45906c4-ecf0-4081-9fdf-629af3d785b6,irealb://Sunny%3DHebb%20Bobby%3D%3DRock%20Pop%3DA-%3D%3D1r34LbKcu77%5EF%7CQ-7XyQQyX7-AZL9b7E%207Bh%7CQyX7%5EF%7CQyX7C%7C%7CC7XyA44T%5B7E%7CQyh7%20E7QyX7bB%7CQyX7%5EF%7CyQX7C%7CQyX7-AZL9b%7CBh7XB%7CQyX%239XyQ%7CA-7XyQ%7CE7%239XyQZ%20%3DPop-Rock%3D115%3D1
b4ad7ebb-78d5-4a5d-beb3-7660df4fd438,irealb://Shadow%20Of%20Your%20Smile%2C%20The%3DMandel%20Johnny%3D%3DBossa%20Nova%3DG%3D%3D1r34LbKcu7%5EG%7CQy4F%23-7yX7-A%7CQyX7A%7CQy7X-E%7CQyX9b7B%7CQyXQ%7CD7X4T%5BA*yX7h%23C%5E7XyD/7-E%7CQyX7-E%7CQXy9b7B%7CQyX7h%23F%7CQXyQ%7CC%7CQyX77-E%7CQb9XyQB%7CQyX7-%23F%5BB*%5DQXy31b7B%7CQyX7h%23F%7C7b9Xy7%23F%7CQF%207-C7XyQ%7C-A%7CQyX9b7E%7CQyXh7B%7CQyX7D%7CQyX7-A7XyQ%7CA%7CQyX7LZB-7XyQ%7CE7b13XyQ%7CA7XyQ%7CD7sus%20D7b9LZG6XyQKcl%20%20Z%3DJazz-Bossa%20Nova%3D140%3D2
b40b21ee-750b-4d1e-8b51-c6568e516fcb,irealb://Solar%3DDavis%20Miles%3D%3DMedium%20Swing%3DC-%3D%3D1r34LbKcu7B%7CQyX-%5E7Xy%20lcKQyX7%5EF%7CQyXC7%7CQyX7-GZL%20lcKQLZF-7C44T%5Bb7XyQ%7CEb%5E7XyQ%7CEb-7%20Ab7LZDb%5E7XyQ%7CDh7%20G7b9%20Z%3D%3D0%3D0
b4c3712c-7716-4292-97df-2e1f3c63c6a4,irealb://Goodbye%20Old%20Pal%3DMonroe%20Bill%3D%3DBluegrass%3DG%3D%3D1r34LbKcu7XD%7C%7CQ4GXyQ%20x%20ZL%20lcKQyX%2CGQ%7CyXG%7CQyXCZL%20lcKLZAXy4TA*%5BcKQyX%20LZGXD%7C%7CQyXG%7CQyXC%7CQXyG%7CQyXCZL%20lcKQyXyQ%7CGlcKQyl%20LZ%20x%20LZDXyQ%7CGXyQKcl%20%20Z%20%3D%3D0%3D0
b479b597-3ade-47dc-83b1-9734ef6f9d56,irealb://Ba%2Dlue%20Bolivar%20Ba%2Dlues%2Dare=Monk%20Thelonious==Medium%20Swing=Bb==1r34LbKcu7QyX7bb7XyQ7bA%7CQyX7bEZL%20lKcQyX7bB%7CQyX7bE%7CXyQ%7CEB44T%5B%7CGh7%20C7b9b5LZC%2D7XyQ%7CF7XyQ%7CBb7b5XyQ%7CBb7%20%20%20Z==0=0
b4a94d04-8f1d-4e0b-ae29-ba9a3c72bb10,irealb://Brazilian%20Like=Petrucciani%20Michel==Bossa%20Nova=Bb%2D==1r34LbKcu7cKQyX4Bb%2D7B%7CQyX7obG%7CQyX7Go%7CQyXbA%2F7bD%7CQyXb%2D7%2FF4TA%2A%5ByX7%2DC7b9XyKQyX7C%7CQyX7G%7CQXy7%2DbB%7CQyX9b7F%7CQcl%20LZCZL%20l7F%7CQyyQ%5BGb%7CQyX7%5EbD%7CQyX7%2DEb%7CQyXF%2FbD%7CQyX7%5EC7b9XX7F%7CQL11%237%7CBb%2D7DZL7D%207bA%7CQyX7b%2DE%7CQyX9b7bB%7CQyXb%5E7%20GQyX9bZGb7XyQ%7CC7%239XyQ%7CF7b9XyQ%7CBb%2D7XyQKcl%20LZ%20x%20LZ%20x%20%20Z%20==0=0
b4fd7c56-7df2-4729-8059-298b7cf97437,irealb://I%27ll%20Be%20Seeing%20You=Fain%20Sammy==Medium%20Swing=Eb==1r34LbKcu7%20%2931b4Eb%5E7FZL31b7C%20%297%2DF%28%2D7F%7CQyX31b7G%7CQyX%2D7%28C74T%5BA%2AL%20lcKLZF%2D7CZL9b7G%207hD%7CQy7X%5EbE%7CQyX7bB%7CQyX%2D7XyQ31b7CE%5BB%2A%5DyQKcl7bB%7CQyX7%5EbE%7CQy5X%237bB%7CQyX7%2DFZL%20%235XyQX7%2DFZZL31bQ%7CG7b1b7C%287%2DFZL31b7%20C%297%2DF%287%2DF%7CQyX313%29%20C7yX7%5Eb7%5EbAZQ%7CBb7C%28%20%20%297hG%289b7C%7CyQX%297%2DbB%287hG%7CQyX7b9%29LyX7%2DFEZL9bXyQ%7CG%2DbA%7CQyX7%2DF%7CQyXF7%7CQyX7%2DC%7CQyX9b76%20Bb7%297%2DF%28b6XyQ%7CF%2D7%20Bb7%20Z==0=0
b4490c0c-f97c-426a-8ad7-1dea9438f808,irealb://I%27ve%20Found%20A%20New%20Baby=Palmer%2DWilliams==Medium%20Swing=Eb==1r34LbKcu7E1N%7CQ4C%2D7X%7CQyX7F%7CQyX7C%7CQXy7%2DCZL7G%207bA%7CQyBb7Xy4TA%2A%7BL%20lcK%7CAb7%20B%2A%5B%5D%20%20lcKQyX6b2ENZL%20QyXQyX%7D%207GG7XyQQyX6b7bA%7CQyQKclA%2A%5B%5DQyX7G%7CQyX7BbZL%20lcKQyX7FZL%20C%2D7XyX7%2DCZ%20G7LZC%2D7XyQ%7CC7XyQ%7CF7XyQ%7CBb7XyQ%7CUEb6XyQ%7CAb7%20G7%20Z%20==0=0
b48943fe-8704-432b-b052-40274bd87e04,irealb://Fogo%20de%20Saudade%20-%20ABB%201%3DSombrinha%20e%20Adilson%20V%C3%ADctor%3D%3DSamba%3DA%3D2%3D1r34LbKcu7A%3E..o44%3C*7%20amu%20edra%20res%20eum%20ed%20ortneD%20%202paix%C3%A3TA*%5BY7E%20su%237XyQyX7B%7CQyX-%23F%7CQy7X%23C%7CQyX7E%7CQyXD%7CQ%7CE7sC%7CQyXlac%20u*B%3C*7n%20zov%20ahnim%20a%20imssa%20odnes%20E%20%202%C3%A3o%20vo%5BYY%5D%20BZL7%23AXyQ%7C6-D%20%5EDZL7A%20-EZ7LB%20-%23FZL7%23C%20h%23GLZA%20F%3E..raC%20h%23GE7sus%3E..missa%20odnesE%20%20%2047*%3C%7CYZL%2C7E%20AXyQ%7C%7CQyX7AZL%2C7F%23-%20BL7%23F%20-%23CZL%2C6-Dh%20%23DZL%2C7A%20-EZL%2C7ZB-%20EZL%2C7%23%20E7%2C%20Z%20%3DLatin-Brazil%3A%20Samba%3D200%3D3
b4ec863b-2946-410e-ac74-8b584ed28afa,irealb://Isso%20%C3%A9%20Fundo%20de%20Quintal%201%3DBrand%C3%A3o%20Leci%3D%3DSamba%3DEb%3D3%3D1r34LbKcu7bA%3E..44%3CO%20%20em%20ahnev%20%2Crom%20auem%20ossi%20%C3%A9%20euqdizerTA*%7CYsI%3CZLAo(AbbEZL7bB%20-FZL)6C-(7C%20)bE(bEZL)-%20Eb7%2C%20)hA(%2CoA%20bFundoav%20arp%20edogap%20%20%C3%A9%2C1%20latniuQ%20ed%20ler%3EA%20%C3%A9%20osoE%20x%7CC7%2CLZZL7bB%20bEB*%5BYY%5D%2C%207bB%20bEZL7bB%207FEbXyQ%20bEZLX96bEyQ%5D%7CD%2096bE%7CQyX7bB%7CQXy7F%7CQyX-CZL7G%20hBb7LZX-FZLyQ%7CBb-%20Eb7LZAbXyQZ%20%3DLatin-Brazil%3A%20Samba%3D200%3D3
b4dbbc8a-a5ed-469e-9e97-fe8222c0082d,irealb://Mascara%20Negra%20-%20AABC%20ABCC%201%3DZe%20Keti%20e%20Pereira%20Mattos%3D%3DMarchinha%3DG%3D7%3D1r34LbKcu7ZL%2C7D44GXy7E%20GZL7D%20-AZL7%20ECZL7B%20G%7CQyXx%7CQLZA-%20TA*%7BYyX7D%7C%20%7DY%5B*ZL7E%20G%7B%7CQyXG%7CQXy7D%7CQyX-A%7CQyXGBA-XyQ%2C7D%20G%3E.lec%20D7%2C%207*%3CC*%5BY%5D%20%2C7G%20GN2%7CQyXQyXQyXQyX%7D2%20%20AcG1N%7CQZL%2C7DLZG%20E%2C7E%20GZL7D%20-A%7CQXy7EZL%2C7D%20-AZL%2C7LZA-%207D%20-Auot%20e9%201er%3C0N%7CYQyXQyXQyXyQXZ%207D%20%2CG%3Eruot%20*69%2026*%3C0Nr%3EG%20E7%20%7D%20%3DJazz-Medium%20Swing%3D100%3D3
b4720ef9-a017-4fc0-969d-5abdd6e11114,irealb://Se%20Eu%20Podesse%201%3DTeresa%20Cristina%20e%20Jo%C3%A3o%20Callado%3D%3DSamba%3DG-%3D10%3D1r34LbKcu7QyX%7Cr44%3C*6yX-G%7CQyX7D%3E...sesedup%20ue%20eS%20%209Q%7CXyQTA*%5BY%20hA%3E.r%7CXyQVQyX27*%3C%2CB*%2C%5BY%5DYQyX7DZL7A%20-DZLoc%C3%AA..QyXZLGZL7D-XyQ%7CLQ%2CF%2F-G%20-GZLhA-%20C%7CQyX7GZL7D%20hAZEb7%20GZL7D-%20G-%2FF%2C%20ZXyQXyQ%20YQ%20%7BEb7%20D7LZG-%20G-%2FF%2C%20%7D%20%3DLatin-Brazil%3A%20Samba%3D200%3D3
b49bb53d-8182-47ef-bd47-074541d63b73,irealb://Batida%20Diferente%3DEinhorn%20Mauricio%3D%3DBossa%20Nova%3DC%3D0%3D1r34LbKcu7ZL31b4G%5E7%20ZL9F%207-CZL96C%20%5E7CZL31G%207-DZL6GB-7%20B4TA*%7BGZL31%20Ab13A2NZLQyX%7D%2031bA7%20-AZL31bB%207-BZL-7%20Ab7-A1N96CZLB-7%20E%5ECZL31G%207-DZL3G1%207-DB*%5B%5D%2011%237b7%20F13%7CQyX6DZL6G-7%20A1*%5B%5DQyX31bA%7CQyX11-AZL31A%207-EZL3AG%5E7%20E%7CQyXGUZL13LZC%5E%2011-AZL31bB%207-ZBL9F%207-CZL96C%207Ab7%2311G%207-6XyQ%7CD7b9XyQZ%20%3DJazz-Bossa%20Nova%3D140%3D0
b4374aa7-e0c0-4ca4-8107-06ea1413ee47,irealb://Ana%20Lu%C3%ADza=Jobim%20Antonio%2DCarlos==Bossa%20Nova=Db==1r34LbKcu77%2DbE%7C4Db6%20EZL7%5E%2DbB%20%2C7%2DbBLZ7bA%207%2DbEZL7%2DbBb9XyQ4Tv%2A%5B%2011%2397LZF7bE%20sus9bEZL9b7Bb%20sus9bB%7CQyX31b9LZEb%5E%2DbE%20yX7hDsLZAbG%7CQyX7hDA%2A%5B%20Qy%5DXQyX6bD%7CQyXsus99XyQ%7Cus9bE7hEZLus%20W%2FZL7%2DGZLD%2FGZLD%2FBbZL7obEZL7%2DEZLFA7b13s7G%7CQsus9bb9LZ%7C9%2DDZL7obE%207%2DEZ9Lb7G%207%2DF%7CQyX7%5EFXyQ%7CD31AZLyX7%5EbLZCo77F%20sus9F%7CQyXsu9sF%7CQyX96CZL96C%20b9LZB5%237G%209A%7CQy%20A7%235%2A%5BQyXQyXQyXQyXQ%5DyX7%5EC%7CQyX9%5EDZLBEh7X9%2DE%7CQ1b7BZh7XyQLE%2F7AZLE%2FCZL7oZFL7%2D%23FZLG%2FW%207A%7CZA%2D7LE%7CQyX%2DF%7C%2Co7b13LG%7C%2C7bB%2C7%2DbAsZL%5E7bAZL9b7CZL7hGZ%2D7%2CGbbAZL37%2CBb7%2C%7ClEb%5E7LZx%20Z%20==0=0
b472d804-faee-4f78-af44-30729d89e29e,irealb://Sampa=Veloso%20Caetano==Bossa%20Nova=C==1r34LbKcu77A%7CQy%5E7XyQL%2C7bG%207%2DGZL7%2Db%20A7%2DAZL%2C7E%20%2C7%2DB%7CZF%5E7XC44T%5BlcKQy%2D7XyQ%20lcKQyX7%2DA%7CQyXo7%23G%7CQyX7GZL%20lcKLZD9XD%7CQyX7o%23F%7C%20LZ%20xF%7CQyX7C%7CQyX7%2DGQ%7CyX7G%7CQyX7%2DDZL%20%5E7XyQx%20ZL%20ZL%2C7GC7%20A7%7CQyX7D%7CQyX7A%7CQXy7EZL%2C7G%207%2DDZL%2CAb%2D7%20ZL%2C%20%20C6XyQ%7CG7XyQZ%5B%20==0=0
b4c586eb-23ac-4133-99f2-caed2b923085,irealb://A%20Dean%20Martin%20%28Spettacolo%29=Concato%20Fabio==Medium%20Swing=C=0=1r34LbKcu7%7CQyXC%2A68PiKQyX7%2DAZL%20lcKQXy7%2DE%3EecoVQyXonacl%20LZ%3Ci%2A%5BYlcKQyA%2D7XyA%2A%7B%20%20QyXQyX%5D%20%20%20F%7CQyX7%2DEZL%20lcKQE%2D11X%7CQyXGyX11%2D7XyQKx3%3C%20lcKQyX7%2DAZBL%2FC%20C%7CQyXCZL%20lc%3E%20%7D%5BE%2DBZL%20QKcl%20LZ%20x%20LZ%20F%20%20%5D%3Cdopo%20Just%20a%20Gigolo%20lento%3E%20=Jazz%2DMedium%20Swing=120=0
b4f680a9-11e2-418e-93ef-b05c2315c579,irealb://Weathered%20Grey%20Stone%20(RBB)%3DConnell%20Dudley%3D%3DBluegrass%3DE%3D4%3D1r34LbKcu7%20ttaMhe%20Re%7CdranoeL%E2%80%A2laH%7CkooB%20ssargeulB%20laArr.%20T45*%3CuM%20yeer%2F%2F(yppaH%20%20QyX9791%20%20QyX)ztlaw%20.deM%20VallnnilFZLx%7CpXyQXyZL%3E%20pu%20kcip%3Cn4T3i*%5B%20QyXQyXQyXQn%20%5BB%2C%3E%20cisLxZLxZE%2Cp%7CLxZLxZLx%7Cp%2CEv*%20%5B%20%5D%20xZLx%7Cp%2CEZLxZB%2Cp%7CLxZLxZLx%7Cp%2Cp%7CxLZLxZLxZLxZLxZLZxLx%7Cp%2CEZLx%7Cp%2CBZxLZB%2CAZLxZ%2CAZLxZA%2Cp%7C%2CAC*%5B%20%20%5D%20xZLxZxL%7Cp%2CEZLx%7Cp%2CBZLxp%7CxLZLxZLxLxZLx%7CxLZxLxZLxZLx%7Cp%2CB%7CpE%2CZLxZLxZLxZLxZLZE%2Cp%7Cp%2CE%7Cprevo%20xLZxL6*%3C%7Cp%2CE1N%7Cp%2CBZxLZLx%7Cp%2CBZLxZLxZ9solo%7Cp%2CEZBZLxZus%20%3Ex%7Cp%2CE3N%7Cp%2CEZLxZxL%7Cp%2CE2N%7D%20xZLxZLxLZxLrohc%20%2Cp%2C%7CxLZxLZB%2Cp%7CE%2CpZ%20%3DPop-Country%3D180%3D1
b43af366-5f72-4d05-878a-779107d9e6e2,irealb://Mala%20Suerte%20%20-%20%20T%3DF.%20Lomuto%20%2F%20F.%20Gorrindo%3D%3DTango%3DD-%3D3%3D1r34LbKcu77A%207h4D-XyB%20FZL7C%20-GZL7D-%20DZL%20lcKQyX7A%7CQb7LZE4TA*%5ByX7AZyQ%7CD-FZL7C%20-GZL7D%20-ZDL%20lcKQyX7A%7CQyX%20Bb7LX-DZLZL7C%20Q%5D%5B*BDs%20%20D%7CQyXD%7CQyXA7ZL7E%207-EZL7B%20D7%2C%7ClGyXD%7CQDZLG%20ZDXyQE%20GZL7D%20D%7CQyX7%7CAQyX7-EZLo%23D%20D%7C7LZA7L7A%20F%20A7LZUDXyQZ%20%3DPop-Smooth%3D110%3D3
b4a6df58-6692-4bcb-91aa-5456553d2ff2,irealb://Tu%20%20-%20%20T%3DJ.%20Dames%20%2F%20J.%20M.%20Contursi%3D%3DTango%3DEb%3D1%3D1r34LbKcu7QyX-C4Eb%20GbEZL7bB%20-FZLoEb%20EZL7bB%207-FZLob%20G7LZ4TA*%5BZL7bBQ%7CAb-oE%20bEZL7bB%207-FLZobG%20G%2FbEZL7bB%20LZF-%20yX-F%7CXbEZLLZC-X-F%7CQyX7bBB*%5B%5DQXybEZL7bB%207-F%7CQy7%20Bb77G%20bED%7CQyXXyQ%7CDX7F%7CQyXbB%7CQyX7ZFL7bG%20-CZL7G%207hyQ%7CBb7G%7CQyX5%237GG-XyQEZL7bB%207-F%7CQyXb7B%7CQyX-G%7CQyX7D%7CbXyQ%7C%7CQyX7yQ%7CF-7%20Bb7LZUEbXyQZ%20%3DJazz-Doo%20Doo%20Cats%3D120%3D3
b4f1941a-63bb-4174-a1a7-74c43cbdd7b2,irealb://Maria%20Das%20Mercedes%3DDjavan%3D%3DSamba%3DEb-%3D6%3D1r34LbKcu7%20%2C3dd22%3C*7FZL%2C31dda7bG%20%2C%2397bE%3E671%20mpb%20%2047susaTi*%5BYL5b7EXyQr%7Casus7FZL%2C31ddab7G%20%2C9%237bE%5B%5D%20QyXdd3%2C%20ZL7bBL5b7E%7CXyQ%20asus7FZL%2C31ddab7G%20%2C9%237bESA*%7BY%5Ddd3%2C%20rQyXZ31dda%7CXyQL9%237bEB*%5BY%7D%20QyXr%7CQyXZLQyX%7CrQyXZ%2C%20Gb7rQyXZ%5D%20QyXsusadZLQyX%7CrQyXZLQy%7CXrQyXZL5b7E%20%2C3dXyQr%7C7FZL%2C%7CQyX3Ab-9XyX9-F%7CQyX9B%7CQy3X1%5EbG%7CQyX9bD%7CQyQ%7CBb1lC*%7BYus31b7XyQ%7CyX9%237bE%7CQyXsus13bE2N%7C%7DQyX9%237bEQ%7DN3E-bB1NZL%2C31Ab13%2CG%20%2C9%237bE%3Eedulrteni%2047*%3C%7BY%5D%20Q%20%20b7add%7CQyXs31bEQadd3%2CQyX%3EadoC%20la%20.SD.%20%3C%7CrQyXZL5b7E%20%20%7DYY%7Bsus7F*%3CQyX72outpmav%20%20QyX%3C%7CrQy%7CXQyX31bA%7CQyX%3Eor%20out%3E*%3Csus634x%3E%20%7D%20%3DBrazilian-Samba%3D176%3D1
b489e86f-5af8-4693-8bfe-922f8e3c1e82,irealb://A%20Night%20In%20Tunisia=Gillespie%20Dizzy==Latin=D-=5=1r34LbKcu7hE%7CQy4Eb7XQyX7bE%7CQyX6-D%7CyQX7bE%7CQyX6-D%7CQy%7CD-6X4TA*{QyX7h9LZD-cKQyX7-G%7CQyX9bD7%7CQyX7hAB*[}QyXl%20LZGb7A%207%7CQyX7XyQ%7CFX6-D%7CQyX7bEA*[%20]9b7A%207hE%7CQyX7%5EyQ%7CEb9b7C%7ClcKQyQ%7CEb7[YZ%20Q%20%20-DZL9b7%20A7hE%7CQyX6-D%7CQyXQEh7XyX6-DyX7%5E-7%2311XcKQyX11%237GZL%20lKcQyX7-DZL%20lcKQyl%20LZGbEZL%20Q%7CG-7XyQ%7CGb7%239XyQKcl%20LZF%5E7XyQKcl%20LZEh7XyQ%7CA7b9XyQZ%20=Jazz-Latin=180=0
b43dadd5-7ede-4356-95af-a93375999728,irealb://Brain%20Damage%3DRoger%20Waters%20(Pink%20Floyd)%3D%3DPop%20Rock%3DD%3D2%3D1r34LbKcu7G%7CQyX44%3C*7%5D%20%20x%20ZL%20x%20ZL%20lKcQyXD%3E66%20mpb%20%204Y%7B*ADTi*%5BY%209D%207XyQr%7CddaD%20D%7CQyX7A%7CQXyD%2F7E%7CQyXDZLQyX2%20%7D%7CD%7CQyX7XQyXQyQXyQ%7DQyXG1N%7CQyXC%7CQXyA%7CQyXGSB*%7BYQyXXyQXyXQyX%5DrQyX%7CG%20B-7%7CQyXDA*%5BYQyXQyQXyXQyX%5D%207A%20-EZLG7XyQ2N%7CQydoC%20l%20%5D%7BDXD%20%3C%7C%7D%202ddaD%20D%7CyQX7A%7CQyXD%2F7E%7CQy.S.%20aQQyX%7CA%7CQyXD9%20%5D%3CXDQ%7BYYQyXQyXQyQXyX%3E%5DB%5B%20ot%E2%86%92%2063*yQ%7CE7%207D%3Ea7XyQ%7CD%20Dadd2%20%7D%20%3DPop-Slow%20Rock%3D66%3D1
b4bc63fc-4107-4331-82c1-fc0b1e91d144,irealb://Stompin%27%20At%20The%20Savoy%20%28hl101t%29=Webb%2DGoodman%2DSampson==Medium%20Swing=G=5=1r34LbKcu7%20G%7CQy4GXyQX9D%7CQyX7%2DAZL7hG%23%20G%7CQyXGZL9D%20G%7CyQ%7CGX4TA%2A%5BQyXG%7C%2C%2AA%2CG%7CQyX7%2DAZL7h%23G%20%7CGQyXGZL9D%20G%7CQyXD9XyQ%5B%5D%209DZL7bCQ%5DY%5B%2AQyX9FZL5b7%2DC%209%7CFQyX7CZL7%23C%207CB%7CBb7%20yX7G%7C%2DAZL7%7CEb7X%7CQyXGZL9D%20G%7CQyGXA%2A%5BY%5D%209D%207D%7CQyG%20G%23oQyXbB7XyQ%7CD9%20%20QLZGXyQ%7CG%20D9%20%5DXyQXyQ%20%20Y%7CQG%20F9b5LZG%5E9XyQZ%20=Jazz%2DMedium%20Swing=81=2
b4f7f296-79ea-4212-8d10-25ec83917962,irealb://Sonhar%20n%C3%A3o%20Custa%20Nada%3DMocidade%20GRES%3D%3DSamba%3DG%3D%3D1r34LbKcu7ZL7E%204%3CSonx%7CQyX6G%3E..adana%20tsuc%20o%C3%A3n%20..rahXyQ%7Cx4TA*%5B%20aus%20LZA-XieD%3CB*%5BY%5D%207D%20GLZ7D%20-A%7CQyX7D%7CQyxe%2C%20a7E%20-AyX%5EbB%20vagaFZL%20-GZL%20xZL%20xLZ7D%20-GZL%20-G%3E..r7XyQ%7CetnemE%3CC*%7ByQ%7CG-D%20-GZL%2C7D%20hA%7CQXy-G%7CQyX-CZL%2C7G%207%2C%20%5DYX7D%7CQG%7CQyXa%20de%20X-C%7CQyX-G%3E..zundoc%20em%20euq%20%2CzulyQ%7CD7lerts6GZL%2C%20%7DYY%5B..sojna%20son%20mo%20cehnos%20%2CromA%3CD*%3EG%20G%2B%2C7D%20-%7C%2C7DsZG%20E77D%20-AZL%20xZL%207DLZ%20-AZL%2C7E%20-AZL%2C%2CLZG%20L%2C%2BG%20i%20ocr7LZxXusnes%20oirileD%3C%7C%7BQyX%5ECZL7G%20G%7CQyal%2C%20aD%20Gl%7C%7D%20%2Co%23e%20praZL%2C7D%20-AZL%2C7E%20B-ZL%2C7D%20-A%3E..rezN1G%20Gd%20sir%5D%20%2C7G%20eu%20vQyXQyXQyXQyX%3E.r.eceniota%20et%20uo%7CN2G%20romA%3C%20-C%3E.%20vejoos%20a%20edadicoM%20%20a%2Cu%C3%A9c%20on%20aul%20a%20rrir.uE%3C%7BYF7%2CLZBb%20G-%2CLZAh%20D7%2CLZN1G-%20G7%28D7%29%20%7D%20%3D%3D0%3D0
b4864254-d100-4bd6-81ac-c39de2541f7e,irealb://Eternal%20Flame=The%20Bangles%20%28Steinberg%2DKelly%2DHoffs%29==Rock%20Ballad=G==1r34LbKcu7ZL7%2DE4G%20Gs%20CZL7%2DE%20GSA%2A%7B%20Q%20yXQyX%5D%20%20x%20ZLsuDLZG%204Ti%2A%5B%20D2N%7DE%2D7%20B%2DA%7CQyX7%2DAZL%2DB%201DNZLQ%2C7A%207%2DEZL77%2CXyQZLD%20CC%2C7%2DAA%2D7Xy%2CCZLG%20FZLD%20D%2FGLZ%2DD%20DB%2A%7B%5D%20%20lcKQG%2FB%2CsZL7%2DBL7%2DB%20D%20B%2D7%20%2DEZL7B%20%2DE%7C%2CD%20s%20usD1NZLC%20C%2FFZLA7LZDl%7C%2CG%2F%2A%7B%7DQyZx%20%7D%7C%207%2DB%20DQ%5B%5DQyX2Da%3EdoC%20la%20%2ES%2ED%3C2N%7BA%2D7XL7%2DAZ%20taep7LZC%20ZL7A%207%2DEZL7B%20%2DZELD%20CZL7%2DE%20GZLDD%20%3CRe%2DE%20GCand%20Fade%3EB%2D7LZA%2D7%2CLZx%20%7D%20=Pop%2DRock=83=1
b4329f26-421d-4bc2-8df8-44b04d7abff6,irealb://Natural%20Woman%20%28You%20Make%20Me%20Feel%20Like%29=Aretha%20Franklin%20%28Goffin%2C%20King%2C%20Wexler%29==Pop=C==1r34LbKcu7%5B%7D%20%20l4CXyQFZL%20lcKQyXbBZLl%20cKQyXB%2FGZL%20lcKXyQKc3TA%2A%7B%7CQyX7%2FDXyQXD%2F7%2DA%7CQyX7%2DE%7CyQXD%2F7%2DA%7CQyX7%2DE%7CyQ%7CE%2D7%2DAB%2ADZL%20lXyQ%7CFC%7CQyXF%7CQyXC%7CQyFX%7CQyXCC%2A%5B%5DQyXG%2FXyQKcD%2F7%2DAQyXC%2F%7C%3CD%2EClcKQyXCQD%2A%7B%5D%20Q%20%20susG%3EadoC%20la%20%2E%20LZG%2DQyX7%2DyX7%2DD%7D%7CF%5E7%2DE%7CQyX7%5EFZL%20lcQKyX7%2DCZL%20lcKQyX7XyQ%7C%20%20lcKyX%3C%207sXyQ%5DlcKQyXC%7CQyXF%7CQXyC%7CQyXF%7CQyXCC%2A%7B%20LZD%2DusG%7CQQ%20Vamp%20and%20Fade%3E%20LZGsusXyQ%7D%20=Jazz%2DBallad%20Swing=100=1
b41ed219-00c4-4246-bbe6-18fa8c50a14d,irealb://Kal%20Benim%20%C4%B0%C3%A7in%3D%C4%B0.Tatl%C4%B1ses%3D%3DM.K%C3%BCrdi%3DA-%3D%3D1r34LbKcu7p%2Cpp%2C4D-LZ%2CbBl%7Cpp%2CS%2C%7C%2C-A%2CfCsZLFl%7C%2CbB%2C-DsfLZ%2Cf4Ti*%5BsZLbBF%2CG-%2C%2CCsZLCA*%7B%20%20QyXyQX%5B%20%20-Al%20%7CbB%2C-ABb%2C%7Cls%7C%2Cp%2C%20%3C%5B%20%20%2C%7ClCLzaS.A47*%3C%5B%7D-A%2CG-sZLbBl%7C%2CbB%2CCsZ%3E%20lA--A%2C-G-D%3EzayQXyQ*%3C%5B%7D%20%20F%20ZL%20-A%20LZ%20bB%20ZL%20-D%20%7BQyX74A.SXQyX%3E%2C-A%2Ch%7CfpppL%20-A%20ZL%20bB%20ZL%20D-%20B*%5B%20%20QyXQyX%5BpZF%20sEpfpp%2C%5B%7D%20%20-%20LZ%20BC%20ZL%20bB%20ZL%20-D%20%5D%7B%20%20C%20ZL%20-A%20ZL%20b%20LZ%20A-D%20l%7CC%20ZL%20.Melo%20bB%20ZL%20-G%20ZL%20CZ%20L%20-A%20ZL%20-D%20%3EidLZ%20A-A47*%3C%20LZBb%20A-%20%5DXyQXyQXyQXyQXyQ%2CS%2C%20%3DPop-Smooth%3D88%3D2
b4ce74fc-e8d5-4952-b8fb-93cf16856f39,irealb://Lead%20Me%20To%20The%20Cross%3DHillsong%3D%3DWorship%3DB-%3D%3D1r34LbKcu7-B%3Ees*66In*%3C%7BQyXGZLA%20-B%7CA%2C%2CD%20GZLA%20-B%3Eort65Ver%3C44T%5B%20-B%7CQXyQ%7CGyX-E%3EsurohC-er6P6*%3C%7C%7D%20A%20D%7CQyX7Q%7CAXyA%7CQyXE%7CQyXyQ%5B%3C*G%7CQyXAZLD%20G%7CQyAXZLD%20G%3EsurohC66%20DLZAXGZLA-XyQ%7CG%20A%20%5D%5B%3C*66Instrumental%3EB-%20A%20%7C%20%3D%3D0%3D0
b47d8708-c2eb-4868-ae93-17429808a764,irealb://Yo%20Llegar%C3%A9%3DBethliza%3D%3DRock%3DC%3D%3D1r34LbKcu7-A%2CA*T44A--A%7CQyX-A%2C%7C%7DQyX%7CFQyXF%7CQyX-A%7CQyXXyQ%5B%2C%2Ci*%2C%7ByXCZL-XyQ%7CA%7CQyX-A%7C%7CQyX7EQ%7CyX7E%7CQyXG%7CQyXG-%20G/BA%7CQyXXC%7CQyQ%7CGXy%2C%7BQyXG%7CQyXC%7C%7CQXyF%7CQyXFZL7E%20G%7CQ*B%2CCXyXC%7CQX27*%3Cp%2CBLZN%7DQyXG1N%7CQyXC%7CyQXF%7CQyXFZLB%2Cp%2CG2F%2CG%2C%2CG%7CQyyQ%20To%20A%3EA%20%7B%2CQ%2CA-XyQ%7CA-XyQ%7CGXyQ%7CGXyQ%7D%2Cf%2CC%2CXyQZ%20%3D%3D0%3D0
b4b04aa7-1212-4723-9d12-0d992d8cb7c5,irealb://Bully%20Of%20The%20Town%3DUnknown%3D%3DBluegrass%3DG%3D%3D1r34LbKcu7%7C%7CQyX4GXyQ%20ZL%20lcKQyXC%7CQy7XG%7CQyXG%7CQyX7%23F%7Cx%20LZA4TA*%7BcKQyXcl%20LZL%20lcKQyXDZL%20lcQKyXG%7B%7D%20%20lcKQyXGZ%7CD7%2CKQyXDyXGZLXyQKcyXD%7C%7CQyXA%7CQyX%2CZCL%20lcKQyX7GZL%20lQKcl%20GZL%20lQKcl%20%20%7D%20%3D%3D0%3D0
b4343a46-9a29-4b78-b237-b4e09c2823c4,irealb://Admirable%3DD'Clario%20Christine%3D%3DSlow%20Ballad%3DC%3D0%3D1r34LbKcu7yX-A%7C4F%2C*AQyXFB*%7B%7D%20G%20sus%7CGQyXC%7CQyX-A%7CQyX%7CCXyQ4Ti*%7BQ%7CGsus%20G%20%7D%7B*CD-XyQ%7CCXyQ%7CA-XyQ%7CGXyQ%7D%20%3DJazz-Ballad%20Double%20Time%20Feel%3D60%3D3
b4e04443-f784-452e-94be-28cbad50c1e2,irealb://Adoremos%3DJesus%20Worship%20Center%3D%3DWorship%3DE%3D5%3D1r34LbKcu7ometn4C%23-%2096*%3CA*%7B%5D%20susE%20ZELB%20-%23FZLE%20AZLB%20Leva4Ti*%5BLE%20AZstrasC%7CQyXB%7CQyX-%23C%7CyQXB%7CQyXE%3Esonam%20%23-%20BLeun%20sQyXA%3EBLZEXomerodA%20...somreodA%2096*%3CB*%7B%7DQys....%20-%23FZ%3C%20BZLyQ%7CEX%3E...adiv%20us%20neuiQ96*%3C%7B%7DQyXB%7CQyF%23-%20AX-%23C%7CC*%7B%7D%20To%20C%3ET%20%2096*%3C%20%3E%20%20QyX69*%3CEZLsusE%20E%7D%20%20o%20A%3E%20%20%2096*C%7CQyXRey%20d%23G%2FE%7CQyXA%3E...oanrebos%20%2Cseyer%20eXyQ%7CA%2096*%3C%23-XyQ%7D%7CUEXyQZ%7C%20%3DJazz-Medium%20Swing%3D65%3D3
b4b4a5f7-ac9c-4ca1-ba86-a4d95db43d22,irealb://LoZ%3A%20Skyward%20Sword%20-%20Groose's%20Theme%20(NOLA%5C2nd%20Line)%20(vgls)%3DHama%20Takeshi%3D%3DLazily%3DC%3D0%3D1r34LbKcu7LCZLGZnLZCZLG%2FBZLCA*%7B%20Qy%5DX%20G%2FBZLCZLG%2FBZLCLZB%2FLni*%5B%3C%7D%20G%2FZCLZBLG%2FBZLCZLG%2FBZLZCLG%2FBZLCB*%7B%7D%20G%2FZCLZBLG%2FBZ*48https%3A%2F%2Fwww.vgleadsheets.com%3E%20%3DJazz-Second%20Line%3D180%3D3
b462610b-3b4d-49d1-9a41-825e34d32ea4,irealb://NieR%20Automata%20-%20City%20Ruins%20~%20Rays%20Of%20Light%20%20(vgls)%3DOkabe%20Keiichi%3D%3DBallad%20Even%3DBb-%3D1%3D1r34LbKcu7%2C7%5EbG*63%20IxZL7-bBZLxZL7%5EGbZLxZL7-bB%3EortnLZN1s%3C43T%7BZL7-b2Eb%2FBFZL9-bEZLxZL7-ZFLxZL7%5EbGl%7Cp%7C%2Cb-7LZBN%7C%7Dp%7CeV36*ABb-7xZL7%5EbGZLxZL7-BbZLxZL7%5EbGZLxZL%20%5D%5BS%3C*%7B%5D%20xZLxZLb-7LZLxZLbB%2FbEZLxZL-7bBZLxZL7%5EbGZLxZGb%5E7B%3EesrxZL7%5ExLZEbrohC%2066*%3CB*%5B%7D%20ZxL9-bBZL7-FZL9-us%3EGbZL7-FL7hGZLZxLZ-bBZLxZL7%5EbCZLZxL7%5EbDZLxZL9-bE7LZxL7-FZLBZLxZLZF7sZLxZL7-bBC*%5B%5D%20F7%3EeniF30*%3CUZLsuGb%5E7L9b7CZ7-bBZxLZEbL9-bEZLxZL7-FZxLZL7%5EbGZLxZLbB%2FZF-7LZL7-b%3Asptt%5B*DGbZL7%5EbDZLxZL9-bZELxZL7-FZLxZL7%5ExLZ%3Ch%5D%20xZL9b7CZ.vgleLxZL7-bBZLxZL7b%5EC%3Emoc.steehsdaZGh7Lwww%2F%2FLZF7susLZ%3CD.S.%20al%20Fine%3EF7%20Z%20%3DJazz-Ballad%20Even%3D100%3D2
b4ad8010-6039-4ccd-bc29-8ecee66e395d,irealb://Streets%20Of%20Rage%202%20-%20Dreamer%C2%A0%20(vgls)%3DKoshiro%20Yuzo%3D%3DRock%3DG-%3D10%3D1r34LbKcu7L%20lcK-9XyQGA*%7B%7DQyXG%2F9-F%7CyQX9-G%7CQyXG%2F9-F%7C-%20%20F%2CG44T%7B-Cl1NQ%7CC-7K11-Gs%20%20-GZL%20lKcQyX-CB*%7B%7D%207-D%20cl%20LZyX-GZ7D%7CQyl%20LZGAZL%20lcKQyX-Cl2%7CN%7D%20%20lcK11-Gs%20%20--7b5XcKQyX%239XyQZ%20%3DPop-Rock%3D130%3D4
b4de6929-c174-41d2-92f5-7f8aa83ee9cf,irealb://Ing%C3%AAnuo%3DPixinguinha%3D%3DChoro%3DF%3D5%3D1r34LbKcu7W%2C-D%7C%2FBbLZ%2CFsA*%7B%20%20QyXQyX%20%5Dsus7GZL7bAZLoAA-%2FE%2C7Ci*%5Bo%23GZLlE7%2CLZL%2C7Dl%7C%2CbB%2FW%2C-%7CC%2CD%2F-G%2CbEs%2CZLxZxLZG-%2C%7C%2CC%2FW%2C-F%7CD-(D7%2CbA%7C%2C7bE%2C-bB%7C%2CF7%2C7CsZLxZL7GZL)C-%2FG%2CZLFZL%2C6-CslG7LZoBZL-bBZL7Fl%7C%2CCh%2C7FsZLxZL7CZLxLZFLZ%7C%2CbE%2FsZLxZ-LZBbxZL7DZLxZLbBB*%7D%7B%20xZLFl%7C%2C7CQ%2C6-LZG7LG%7C%2C7DDl%7C%2C7%2C%7ClC-L%2C7FZLxZL7CZL7G-ZLbBZLxZLo%23CZLZpsAb7G%2C-CL7Gl%7CZC7LZbBs%2CZLo%23CZLbEZxLZL7DZLxZLbBZLx%2CAb7%2CLxZLbZC7%20(Gb7)%7CF7LZBbLZF7%20%7D%5BQsF%2FA%2CAbo%2C%7CG-7%2CGb%5E%2C%7CF%5E%20Z%20%3DJazz-Medium%20Swing%3D100%3D0
b472efa7-3da9-49b2-847e-05694e45d32c,irealb://Wake%20Me%20Up%3DAvicii%3D%3DMedium%20Swing%3DD%3D%3D1r34LbKcu7%5BB-XyQ%7CGXyQ%7CDXyQ%7CAXyQ%5D%20%3D%3D0%3D0
b4cf43fc-80b8-430d-8481-4bf586ba7785,irealb://All%20Night%20Long=Richie%20Lionel==Pop=Db=2=1r34LbKcu7yXbA%7C4%3C%2A74%7CQyXbA%3E%20C%20B%20C%20%20VC%20V%20nI%20%3AmroF%20%20GbXyQ4Ti%2A%7B%2CbAZLyQ%7DY%7BL%2CbGZLxZL%2CbAZL%2D%2CbBZL%2CbGZL%2CbAv%2AZBb%2D%2CXbG%7CQAl%7C%2C%2DXyQ%7CGbG%7CQyXbGC%2A%7BY%5DQXybA%7CQyX%2DbB%7CQyXb%20%20sBbbA%7C%7D%20ZLbA4Ab%20%20sAlZLxZLbGZLbA4T2ZLbAlB%2A%7BY%7D%2C%2DbBbLZT2%7CQyXbL%20%7Cr%20Zx%20%7D%7CAl%7C%2C%2DF%2CbG%2C%2DF%2CbsG%3EsnroH%20%2060%2A%3C2NbXyQ%7CLbG1NbAl%7C%2CLZlAb%2C%2DF%2CbGs%7C%7DQyXbAQ%7CyXbA%7BQyXbA%7CQyXGb%2CF%2D%20%7Cr%20ZLZGb%20LZF%2D%20LZF%2D%20sAb%2CBb%2D%5D%20=Pop%2DRock=115=1
b4d82e15-eb0b-4428-9c70-2e921b57c061,irealb://Unchaine%20my%20heart=Cocker%20Joe==Rock%20Pop=A%2D=0=1r34LbKcu7%7C%7DQyX4A%2DLZyX%2DAA%2A%7C%5D%20%20x%20ZLA%2DZLEZLFZL%2DAZL%2DDQ%7D%7CD%2D4Ti%2A%5ByX%2DAZQ%20LZFQyX%2DDB%2A%7CZ%20%20lcKyQX%2DA%7CQyX7E%7CQyX7Kcl%20LyXQyXQKcl%20%20Z%7CD%2DXyQKcl%20LZE7XyQKcl%20%20Z%20=Pop%2DRock=115=1
b403517e-2bf1-4a66-82f1-457ec0dd58a2,irealb://Lonely%20Woman%3DSilver%20Horace%3D%3DBallad%3DEb-%3D%3D1r34LbKcu7yX9-b4Eb-79%237bB%205b7-FZL7b%5EC%205b7-CZL7-bD%20%235LZE4TA*%7B%7C%295b7b5%2C%20B%2911%239G%28%20%2911%239b%28A%2011%239AZL5%239b7b%20%28F%23-7-F%7CQB%209-b%20Bb7%23yXQyXQyXQyX%7D%2059%23%237bB%209-bE1NZL9Q%7CN2E5b7-F5%239%2375%20%5DY%5BBZL11%2331%23F%207-%23lC%7C%2C7-Ds%20%207-bEB*%5E9%20Bb%239b7bbEZL5%20Y%5B*CB%205b7-FZL7%5EbC%20b57-CZL7-bD%207-bEb7%239%23QyX%5D%207-%23F%28%7CF-7b9G%28%20%2911%239bA%28%201%2319AZL5%239b7bB%20%2C5%2311%29%20QyX9--FQ%5BY-7b5%20%237bB%20%3EadoC%20la%20C..D%3C9-bEZL9%237bB9%235%20%5DF%7C%295b%3C%5B%20Qyb7b9%239b31bBsf%209-bEZ5L%239%237bB%209-bEZL5%2Cfn%7CXB%205b75%239%237%20temp7-FZL7%5EbC%205b7-ZCL7-bD%207-bEl%3E%29ob5%20Bba%2847*LZfEb-11XyQZ%20%3D%3D0%3D0
b46ea5c1-da2f-4334-b566-4a61a42b5919,irealb://Irv's%20at%20Midnight%3DKrivda%20Ernie%3D%3DMedium%20Swing%3DEb%3D%3D1r34LbKcu77-C1N4C-7XG%7CQyX5b7-DZL%20lKcQyX7bAZL%20lcKQy%2BXyQ%7C4TA*%7B%7CQyX7ZAb%5E7Y%5DQyX%2BC%7CQyX7-CN2ZL%20QyXQyX%7D%207G%20%5B*BF-L7bE%20x%20ZL7Q%7CEb%5EZL7bA%207bBZL7B%20b7D%7CQyX7-CZL7G%207G%2B%20AbyX%2BbBZL%20lc%20LZG7bAZL%20lcKQyX7-C*A%5BY%20%20QyXQyX%5DQyX7XyQKx%20ZL%20D-7b5XyQ%7CG%2BXyQ%7CC-7%20Eb7LZAb%5E7%20G7%20Z%20%3D%3D0%3D0
b41e94a3-f640-4450-9a53-df8a012c6675,irealb://After%20You've%20Gone%20%28alt%29%3DGamblers%3D%3DMedium%20Swing%3DBb%3D%3D1r34LbKcu7XbB%3EkXyQ%7CE%7CQyX7F%7CQyX7C%7CQXy7G%7CQyXbB%7CQyX-b%3CBreabEA*%5BG%20-C%7C..%3E%20%20%7CQyXbB%7CQyX-bE%7CyQXbE%3EemiT%3CZL7bBG7XyQ.%3C%7CQy%7CQyXb%20Eb-LrB%3C%7CQyX7F%7CQyXbZBLoE%20-GZL7D%20bBZeak%3EB-CZL7%3CXyQXyQXyQXyQ%28Bb7%29%3E%20x%20%20Z%20%3D%3D0%3D0
b4582ab4-c682-45b6-9d67-6b4f6cae72c1,irealb://Ain't%20Misbehavin'%20rh%20Eb%3DWaller%20Fats%3D%3DMedium%20Swing%3DEb%3D%3D1r34LbKcu7%20G/6b4Eb6%20bA%206bAZLG/7bE%20b6EZL7bB%207-FZL7C-6LZE4TA*%7BL6-bA-7%20BbNZL%20QyXQyX%7D%207b%20B7FZL7C%207G1NZL72Eb6%20FZL7CF%207-CG7%20%5D%5B6bB%7CQyX7C%7CQyX7%7CFQyX7bA%7CQyX-CB*%20G7LZ%206bEZZLG/76%20C7LEZL7bB%207-FZL7C6%20bEA*%5B%5D%207bB%207FZb6%20EbbBZL7Ab6%20Ab-6LZEb6/G%20C7LZF-7%20Bb7LZEb6%20C-7LZF-7%20Bb7%20Z%20%3D%3D0%3D0
b41fef9e-a70f-42e6-a6d7-f38f06d504ac,irealb://Panama%20p.1%20%28arr:%20Sires%29%3D1912%3D%3DMedium%20Swing%3DEb%3D%3D1r34LbKcu77bB%7CQXyQ%7C%3Cx3%3CA*%7B%5D%20%20lcKQy7XbB%7CQyXoE%3EkaerB%3EEbXybEi*%5BXbAB*l%20LZEbEZL7bB%207FZL7Cb%20EZLoA%20bA%7C%7DQyXbXyQ%7D%7BcKQyX*%5B%7DQy7XyQ%7CQyXbE%7CQyX7bB%7CQXy7F%7CQyX7C%7CQyXbE%7CEb7XoA%7CQybAZL%20Q%7CAb%2BXbAZL%20lcKQyX7bZEL%20lcKQyXbD%7CQyXyQKclyXbAC-%20-%20-l%20LZC-%20-%20-%20-%20-%20-%20-%20%20--%20-%3CZL%20lcKQyX-%20-%20-%20cKQyXQyX-C-%20-%20-KQyX7G%3E%20-%20-%20-%20%20--%20-%20-%20-%20-%20-%20-%20cl%20LZ%20-%20-%20%7C%3CXyQXyQ%20-to%20p.2%3EEb7XyQ%5D%20%3D%3D0%3D0
b43e0857-a884-40b4-8233-ac3701199d98,irealb://When%20You're%20Smilin'%20-%20www.tradjazz.ru%3DShay%20-%20Fisher%20-%20Goodwin%3D%3DMedium%20Swing%3DC%3D%3D1r34LbKcu7DZL%20l4CXyQ-DZL%20lcKQyX7AZ%20LlcKQyX-EZL%20lcKXyQKc4TA*%7CcKQyXD-%5E7%2C5%237G%7CQyX7G%7CQyX6%2C-D%7CQyX%2C7-D%7CQyXXyQ%7CC%7CQyX-%7CQyX7%5B*BC7X7D%7CQyX7-AZL%20lKcQyX6FZL%20lcKQyXyQ%7CD-Y%5D%20%20l%7CQyXC%7CC6XyGZL7hD%207-D%7CQyXA7%7CQyX7hEZL%20lcKQ7XyQ%7CQyX7G%20%28D-7%29x%20%28G7%29%20Z%20%3D%3D0%3D0
b4f602e6-9520-47bd-abd2-dc457cff872f,irealb://I%20Hear%20A%20Rhapsody%3DFragos-Baker-Gasparre%3D%3DMedium%20Swing%3DEb%3D%3D1r34LbKcu7-CA*%7BT44F-G%207hD%7CQyX7%5EbEZ7LbB%207-BZL7-bA%2079%235LZ%2Ci*%2C%5B%297hF%28b7%23119b7C%207hGZL7bA%20%5E7bEZL7bB%207-FZL%29LZF-7G%28%20%207%20QyXQLZB-7%239G%207hD%7CQyX7%5Eb1ENZL7bB%20%299b7bB%285%20%7DXy7-bA%20C%7CQyXb%5E7Xy9b7D%207hA%7CQyX7-BG*%5B%5D%209b7D%207hA%7CQLZG-7E2NZL-CA*%5BLZBb%5E%239GZL9b7G%207hD%7CyQX%297bA%287-F%7CQyX75XyQ%5D7F%207-%297hF%28b7%23119b7C%207hGZL7bA%20%5E7bEZL7bB%207-FZL%29LZF-7G%28%20%207%20Ab-7LZB-7%28Bb7b9%29%20Bb7LZUEb%5E7XyQ%7CDh7%20G9%235%20Z%20%3DJazz-Medium%20Swing%3D100%3D2
b47bb4d5-bd02-4ec5-9474-32f6874d522a,irealb://Look%20To%20The%20Sky%3DJobim%20Antonio-Carlos%3D%3DBossa%20Nova%3DEb%3D%3D1r34LbKcu7lcKQyT44G-EA*%7B%7CQyX7bB%7CQy7X-F%7CQyXobG%7CQyX7b%5E7%2CX%2Ci*%2C%5BQyX%2C9-7%2CXyyX%2C7-GZL%20lcKQy%2CX7%5EbE%7CQyX%2C7bA%7CQQ%7CC7bbEZL%20-F%7CQyXyQKc%7CQyX%2C7-G1N%7CQyXb7D%7CQyX%2C7-bAZL%20lGbo%2CX%2C7-F%7ClcKQy%7CBb7aEQ%7CQyX11%237%5EE%7CQXy%2C7%5EbG2N%7C%7DQyXtlb%5E7%2CXQyX%2C7%2C11%237QXyQ%20X%2C7-FZL%2C9b7C%20%2C-7G%7CQyX%2C7%5EbEQ%7CY%20yQ%7CE%5EyX%5D%20%20%5EbE%7CQb%5E7%2CX%237%5EE%7CQyX%2C7%5EbGZ%2CL9b7bD%20%2C7-bA%7CQy11%2CXyE%7CQyX7%2CXyQKcl%20%20Z%20%3DJazz-Bossa%20Nova%3D140%3D2
b405811d-ee86-4792-82f0-aafc5a10f33f,irealb://On%20The%20Sunny%20Side%20Of%20The%20Street%3DMcHugh%20Jimmy%3D%3DMedium%20Swing%3DC%3D%3D1r34LbKcu7QyX7ET44A-CA*%7BZL7G%206CZL7%20G7-D%7CQyX7D%7CQyX76XyQ%7C%2Ci*%2C%5B%2C7-EsyQ%7CC67-D1N%7CQyX7D%7CQy7X-AZL%23G/9b7E%20G/%20G7LZX7%5EF%7CX7C%7CQ7%2CG7%2CB*%5B%5DQyX6CZL7G%20-7D2NZL%20QyXQyXl%7DG-7Xy-D%2C7A%7CQyX67XyQKQyX7G%7CQyX7-D%7CQXy7D%7CQyX7-AZL%20lc%5D%5B*AC%5EF%7CQy6CZL7%7CF%5E7X%7CQyX7D%7CQyX7-AZ%23LG/9b7E%20G/6C%7CQyD-7%20GQyX7E%20G7%20Z%20%3DJazz-Medium%20Swing%3D100%3D2
b44cca52-5976-4435-a00f-84447cd5b403,irealb://Someday%20My%20Prince%20Will%20Come%3DChurchill%20Frank%3D%3DWaltz%3DBb%3D%3D1r34LbKcu7X5%237D4D-7X%5EbBA*%5B%7CQyX7F%7CQXy7-C%7CQyX7o%23C%7CQy7XyQ%7C3Ti*%5BB*%5B%5DQ%5E7XyQQyX7-C%7CQyX9b7GQ%7CyX7-C%7CQyX9b7G%7C%7CF7XybE%7CQy%7CQyX7Q%7CC%23oX7o%23C%7CQyX7-D%7CQXy7F%7CQyX7-C%7CQyX7yQ%7CC-yX7-D7G%7CQy%5D%5B*ABQyX9b7G%7CQyX7%5Eb%7CEQyX5%237D%7CQyX7%5Eb%7CC-7XQyX7FQyX7o%7CC-7X7%5EbE%7CQyX7bB%7CQy7X-FC*%5B%5DQyX7F%7CQyXyQ%7CEQyX9b%7CBb%5E7/FXyQ%7CG7XyQ%7CC-7XyQ%7CF7XyQZ%20%3DJazz-Medium%20Swing%3D100%3D2
b4fa0e96-b7cb-4c50-aa97-7b2023e00aab,irealb://Very%20Early%20-%20jsb%3DEvans%20Bill%3D%3DWaltz%3DC%3D%3D1r34LbKcu7QyX7G4C%5E7X%5EbD%7CQyX9%237bA%7CQXy7%5EbE%7CQyX7bB%7CQy7XyQ%7C3TA*%7ByX7-EyQ%7CBbb7B%7CQyX7-%23F%7CQy7X-A%7CQyX7%5ED%7CQyX79XyQ%7CX7%5EC%7CbB%7CQyXyQ%7CD%7CQyX7bA%7CQyX7%5EB*B%5B%7DQyX7G%7CQyX7%5EbDb%5E7X7bA%7CQX7%5EC%7CB%5E7Xy%7CQyX7%5EbD%7CQyX7b%7CAQyX7%5EC%7CQyX7G%7CQG7XyQ%7CQyX7L7-E%20XyQ%7CDYZQyX7G%7CQyX7%5ECLZQ%2C7G%20FZL7-E%207-%7CQD-77A%7CQyZF%5E7%20G7LZD-7%2FC%20Db-7LZBb%5E7%20G%5E7LZB%5E7XyQKcl%20%20Z%20%3DJazz-Medium%20Swing%3D100%3D3
b4fc8778-7e05-465d-b868-07b51b7a9e27,irealb://St.%20Thomas%20-%20jsb%3DRollins%20Sonny%3D%3DLatin%3DC%3D%3D1r34LbKcu7ZL7G%206XyQ%7CyX7A%7CQyX6C%7CQyXC6ZL7G%207-D%7CQyX7AQ%7CD-7C44T%5BCZL7o%7CEh7XZLE/7C%20C%7CQyX7GQ%7CyX7-D%7CQyX7A%7CQyF6%20F%23QyX6C6/G%20G7LZC6XyQZ%20%3DJazz-Latin%3D180%3D3
b430578f-93bb-466d-949b-d7eb7f480eb4,irealb://Cheryl%3DParker%20Charlie%3D%3DMedium%20Swing%3DC%3D%3D1r34LbKcu7L7A%207XyQKcXCZL%20lcKQyX7F%7CyQX7C%7CQyX7-GZL%20lyQ%7CE-C44T%5BZDh7XyQ%7CG7XyQ%7CC%20%20%2C%20%2CKcl%20%2C%20Z%3CBlues%20in%20C%3E%20%3DJazz-Medium%20Swing%3D100%3D3
b4743bb6-446d-404c-bf77-8c65a2439a50,irealb://Homenagem%20a%20velha%20guarda=Sivuca==Choro=F==1r34LbKcu7%2CbBZLF6LZEAZL7AZLFZLFS%7B%20C7ZLo%23FZL7bDZL7b7LZBbs22T%5B%2CbAZLLZDb%5EbEZL7%2DbBZL7CZLC7ZLbAZLbA%7C%2CbE%2C77LZAbF%7C%2C7C%2C%2DbB%2Cb%2DLZBbE%2C%2DbBZL%2DbB%7C%2C%2D%2CFbAZLbA%7C%2C7bE%2C%2Db7%2C%7CAbB%7C%2C7F7bBZL1FLZGGZL%2DGZL9%237DZL%2D%7BD%20FZLF2N%7C%7D%2C7C%2C%2D%2DLZA7NZLC%7CZL%2DD1F7%2C%7CE%2C7EZL%2DDZL%2DGZL%2DZGL7DZL7D%7C%2C7bE%2C7A7%2C%7CN%2C7AZL%3CFine%3ED%2D%20%7D%7CN2D%2DLZ%3CD%2ES%2E%20al%20Fine%3EG%2D%20%5D%7C%20=Latin%2DBrazil%3A%20Samba=140=1
b43969da-d2d8-4d03-b546-98d5b592e5ed,irealb://At%20Last=Warren%20Harry==Medium%20Swing=C=0=1r34LbKcu7L7A%2074C6%20AG%207%2DDZL7%2DA%207%5ECZlL31b7G%207%2DDZL7%2D7LZE%2D4T%7BA%2AA%206CZG7LZN6C2NZL%20QyXQyX%7D7%20G%207bAZL7%2DA%206C1%20F%2D6L%207%2DDZZL7D%20B%5BD%2D7yX7%2DEZL9b7B%207hF%23ZL7%2DA%207%5ECZL7G%20Q%7CA%2D7%2A%5D%207%2DZL31b7b9LZDZL7%2DA%206C%5BA%2A%5D%20G7%207%2DDZL9b7D%207%2DA%2D7%20G7E%207%5EG7G%207%2DA%2D7LZA%206CZL7G%207%2DDZLA7%207%2DEZL9%237G%207%2DD%2D7LZD%207%5ECl%20Z=Pop%2DRock%2012%2F8=65=7
b46c9f2c-905a-4211-96c1-4eaf55be3602,irealb://Billie's%20Bounce%20Rev%3DParker%20Charlie%3D%3DMedium%20Up%20Swing%3DF%3D%3D1r34LbKcu7%7Cn%2C7F4sF7%2C%7Cn%2C7Fn%2CC/7F%7Cn%2Co7Bn%2C7bB%7Cn%2CA/7FnC-7%2Cn4Ti*%7B-G%7Cn%2CBb7/F-A%7Cn%2C7-Gn%2CC/7Fn%7C%2CF/7oBn%2C7oB%7Cn%2C7%2CnD7n%2C7bBA*%5B%7Dn7/Bb%2CbB/7-G%7Cn%2CA/7Fn7%2CF%7Cn%2CE/7Cn%2C7C%7Cn%2CnC7%2C-Gn%2C7X7oB%7C7%20F7/BZL7F%207-CZL7F%20/C7FZL7oB%207bBZLAb7XyQFl44TTQ%7BZ%20XyQ%7CA7-GZL7D%207F%7CQyXC7%7CQyX7-GZL7D%207-%20C7%2CQ7F%7CQy%2C7bB%7C%2CnF7/%2C7-C%7Cn%2C7Fn%2CC/7%7CFn%2C7oBn%2C7bB%7Cn%2CAnF7%2Cn7Fs44Gn%2C7-F%2Cn%7CBDn%2C7-A%7Cn%2C7-Gn%2C/C7F%7Cn%2CF/7oBn%2C7o7%2Cn%7CG/7bBnyXQyX%2Cn%7CC7n%2CbB/7-G%7Cn%2CA/7nF%2C7F1N%7Cn%2CE/7Cn%2CC7%2Cn%7DbB/7-Q%20LZN2F7%2CnF7%2CF7%2C%7CT24lF7XyQZ%20%3DJazz-Medium%20Up%20Swing%3D160%3D8
b4b058b6-83dd-41b0-bfb6-5ae397b9da8c,irealb://Fran%20Dance-Rev%20JE%3DDavis%20Miles%3D%3DSwing%20Two-Four%3DBb%3D%3D1r34LbKcu7ZL%20lc%5E%2CXyQF%7CQyXtla7C%7CQyX11%237G%7CQyX11%237bA%7C7XyQKbBA*%5BQyXtl7LZBbyX11%237G%7CQyX11%23b7A%7CQyX%5EbB%7C%7CQyX%5EQ%7CC7aF%207-CXF/%5EbQKcl%20cKQyXF/7bAB*%7CQXy7%5EbBZL7F%207-CZLl%20LZByX7F%7CQyX%2C%5EFXyQ%7CZL7F%207-CZL7G%20%5EBbZL%20lcKQyXF/7bA%5B*ABb/G%7CQybBZL711XyQZL%20lcKQyX7F%7CQytXla7C%7CQyX11%237G%7CC-7%20F%237bA%7C7-C%7CQ*BAb7bA%7CQyXF/7G%7CQyX11%237FZL%20lcKQyXF/7/FXy%7CQyX%5E%20F7LZU%3CFINE%3EBb%5E%20G7LZC-7%20F7%20%5D%20%3DJazz-Swing%20Two/Four%3D110%3D4
b41a626b-b1b8-4411-9363-31e7e3aa5f29,irealb://All%20I%20Need%20Is%20You%3DMarcus%20Miller%20(David%20Sanborn)%3D%3DPop%20jazz%3DC%3D0%3D1r34LbKcu727*%3CZ44%3C*79CZL%209ddaC%3E)tabe%2061(%2047%20mpb%20%204sus%20LTi*%7BY6*%3CC%2Fpt%3A%3EB%3E%EF%B8%B6QyX45*%3C%20%3E%E2%99%AA%20%20yQXQyX17*%3CC%2F5%23%5EbLZF-6r%20no%20FlA*%7B*54Xy%2331%23Fs%20%3E.%E2%99%A9%20%E0%B8%AFQy8X6*%3C%20C%2F6-F%7D%20%3E%EF%B8%B6Q11%2C%5DY%3C%20%3E%E2%97%878XQyX11XyQXF%7CQyXsus9AZL%3E%EF%B8%B6yQX45*%3C9%5EC%3E%E2%99%AA%20%20Qy%5E%20%3C*77*%3C%20%5EFl%7C%2CC%3EC%5E9%3C%20%3E.%E2%99%A9QyX%E2%99%AA%2086*%3C%20uss9bBZL%3E%EF%B8%B6QyX45*sBb%5E%2F%E2%99%AA%20%20Qy*%3C9%5Eb1XyQXQyXQyX17*%3CZL%3E%EF%B8%B6yQX45*%3C9%5EC%3E%E2%99%AA%20%20Qy%20%20%E2%99%AA%3EE7*%3C%20%5EG%2FFs%7C%EF%B8%B6%3E%20%3C*s9GZL%3E%EF%B8%B6QyX45*%3C%5E9bB%3E%E2%99%AA%20%20QyXQyX17usXyQQyX45XQyX4s%2C%3C*4us9Gl42T%7Cp%3E%E2%99%AB36%3C*%2C7D%3E%EF%B8%B6%20%20QyXQyX5s%20%3C*5us9D%2CQyXQy%3Ep%3C*731%23Fs%20%3E.%E2%99%A9%20%E0%B8%AFQyX68*%3C%20C1N44TZL%3E%E2%99%AB2%2311%7DX%EF%B8%B6%20%20QybB%3E%3AxBN2lCyX27*%3CZL%20sus9Co%3Elos47*%3CZL%209ddaQ4th%20*%7BY%20%20%EF%B8%B6%20%20Qy%3C*71XyXQyX45*%3CZL%3E%EF%B8%B6QXy45*%3C%20%3E%E2%99%AA%20%20QyXQyQXyQXC%2F5%23%5E%2C11%233C%3C*69%3E.%E2%99%A9%20%E0%B8%AFQyX86*%3C%20C6%2F-F%7D%20%3Ex490*%3C%20%3E%E2%97%87%20sF%231%2F6-F%3E%20%5EF%7CQSlF%5E%209AZL%3E%EF%B8%B6QyX45*%3C9C%5E%3E%E2%99%AA%20%20QyXQyX17*%3CsusXyA*%7BY%5DBs%20%3E.yQXyQ%2086*%3C%20sus9bBZL%EF%B8%B6%3EQyX45*%3C9%5EC%3E%E2%99%AA%20%20%E2%99%AAXyQ%E2%99%A9X17*%3C%20%20QyX%7ClF%5E%20*%3CZL%3E%EF%B8%B6QyX45*%3C9C%5E%3E%E2%99%AA%20%20QyXQyX17*%3C71XyQ%2CC%2F%5Ebsus9G9%3C*54yX45*%3C9%5EbB%3E%E2%99%AA%20%20yQXQyX17*%3C%20%3E%EF%B8%B6QyXQ%EF%B8%B6%3ELZ%5EbE%3E%E2%99%AA%20sus9F%2FG%2CD%7Cp%3E%E2%99%AB36*%3C%2C7D%3E%EF%B8%B6%20Q%20yXQyX54*%3C%2Csus9T24lGs%7CQyXXQyX%7DyQ%20%E2%99%AB%3E%23Fs%20%3E.%E2%99%A9%20%E0%B8%AFQyX86%3C*%20C1N44TZL%3E%EF%B8%B6%3CQp13%2311X81*%3C%3E%3Ax%20h%7B*BN227*%3CZL%20sus9C%3Eools47*%3CZL%209ddaClXyQ6tY%20%20Qy%20QyXQ%2FC%3C*7QyX45*%3CZL%3E%EF%B8%B6QyX54*%3C%20%3E%E2%99%AA%20%20QyXQyX1XyQXy5%23%5EbB%20C%2F6-6%2FC%3C*C%20la%20.S.D%20%2F%2F60%3C*%7D%20%3Ex690*%3C%20%3E%E2%97%8786oda%3EF-F%3E%EF%B8%B6%20C%7CQyXyQ%E0%B8%AF%20%E2%99%A947*%3C9ddaClB*Q%7BYYY%5D%2C11%2331%23Fs%20%3E.solo%3EX86*%3C%20%3Ex33yQ%7CBbC%2F6-FZL%20%3Etuo%20pamvQyX47*%3C%20C%2F5%23%5E%20%20%3C*6Xsus9%7D%20%3DPop-Slow%20Rock%3D74%3D1
b4e179e0-893d-42c2-be6b-1aac6cb51f74,irealb://Mean%20Woman%20Blues=Demetrius%20Claude==Medium%20Swing=C==1r34LbKcu77G%7C%7CQ4nXyQyXC%7CQyXx%7CQyX7FQ%7CyXx%7CQyXC%7CQyXn%7CQ%7CxXy4TA%2A%5BG%20n%2CC%20%20F%20%20%2CCB%2A%7B%5DQyXx%7CQyX%7CCQyX7F%3E%20D%20%20E%20%20Fn%20G%2C%7C%3C%7CQyX%7C%7CQyX%20LZ%3C%20C%7CQyXx%7CQyX7F%7CQXyC%3E%20G%20%20A%20%20B%20%20C%20XyQ%7Cxn%2CC%7C%2CG%20%20nZ%7C%3C%20%20FC%2A%5B%7DQyXx%7CQyXC%7CyQX7F%3E%20D%20%20E%20%20F%20%20C%2Cn%20LQyX7GQyXx%7C%20LZn%20%7CQyXC%3E%20G%20%20A%20%20B%20%20C%20%20%3CZL%20n%2CC%7C%2CG%20F7XyQn%2CC%7C%2C%7C%7CCXyQ%7CxXyQ%7CG7XyQ%7C%3C%20%20F%20%20F%20%20E%20%20D%20%3EF7XyQ%7CCXyQ%7CxXyQ%5D%20==0=0
b4577920-de16-4c66-9ce4-85c582c4f6e0,irealb://Forty%20Days%20And%20Forty%20Nights%3DRoth%20Bernard%3D%3DShuffle%20Blues%3DA%3D%3D1r34LbKcu7EZL%20l2A7Xy7AZL%20lcKQyX7DZ%20Lx%20ZL%20x%20ZL%20lcKQXyQKc1TA*%5BA21T%7CD7XyQ86TZL%20lcKQyX7ABS*%5B%5D%20%20lcKQyX7A%7CA7XyQ%7CQyX7F%3ClcKZD7Xy%7CQyXD%7CQyX7E%7CZLl%20cKQyX7AZL%20lcKQA7XyQLxZL7D21TZ%20%5D%5B*CTZL7A%7CQyX7A21TLZ7A86TZL%20xZL%207A68A7L%20%3Eeni%5D%20%20lcT68%20xA%7CQyX7D%7CQyX7EZ%20LlcKQyX7A21TZL%207XyQK%7CQyX7.D%3CZL%20SoloEZLxZL7AZLxZL7ZDLxZLxZLxZL7A%3Es7LZD7%20%3CD*%7BS.%20al%20Fine%3EA7LZx%20%7D%20%3DPop-Shuffle%3D95%3D1
b4cc9b9c-4e64-4956-b49a-879d297d6b6b,irealb://Baker%20Street%3DRafferty%20Gerry%3D%3DRock%20Ballad%3DD%3D%3D1r34LbKcu7F%20%20%7CQ4G/AX*%7BY%7D%20%3Ex3%3C%20lcKQXyG/F%7CQyXF/bE%7CQyASDXy4Ti*%7B44TB*XyQ%7C%20cKQyX*2us*G%7CQysXusA%7CQyXCZLG/F%20l%20%20%7D%7BDZLG/ZLsusLZA7%20yXG%7CQyX-EZLA/D7%20AZLA/D%20AZL%2CA/DQ%7CD%20DA/D%20AQyX%29B%7B*CD-QyXC%7CQyX7-A%7CQy7X-D%7CQyX7-A%7CQyX7%7CG%28G/%7DQyXDF/bE%7CXyQ%7C%3CG44TQ%7B%7D%20Q%20%20%29F/%28G%20%3EadoC%20la%20.S.D/AXyQ%29A%28D%7Cx%202%20%2C/GXyQlatnemurtsni%20x2%20%3CA*%7B%7D%20%3Ex3%3C%20lcK%20soloF%7CQyXtsaL%3Cdy%3EDXusA%7CQyXCZLG/F%20%7C%20QyXDZLG/F%20%20%7CQysXyQ%7Colem%20%20time%20fade%20out%3EG*sus2*XyQKcl%20%3C5x%3E%20%7D%20%3DPop-Slow%20Rock%3D70%3D1
b452b906-eeec-4bcb-aa5f-946de4117c3b,irealb://Amar%20Pelos%20Dois%3DSobral%20Salvador%3D%3DMedium%20Swing%3DC%3D%3D1r34LbKcu7%2011%2394Bb6%20x%7CQyX11%239GZL%209ZGL%209-DZL%209b7AZL%20LZGb3Ti*%5Bs31CZ%5B*ASF1-GZL%2031GZL%209-%7CDQyXF%2F96bBZL%20961%2C%20QL%20%20xZLZL%209-9%2C%7ClF%2F9b7As%207hEZL%209F6%7C%2CC%20C%2FbB%7CQyX96E%2C%7ClDCs%20sudabBBQ%7CG-1F%20sus9FZL%2096Fl%2C%7C9Cs%20sus31CZL%201%2FA%2C%7B*yX31GCZL%20s%7CA7b9%7CQyX11-GZL%2011-ZGL%209-DZL%209-DZL%20C13suQyX9dL%2011-Bb6%20L1-GZL%2031G%7CQyX9D-l%7C%2C9b7As%209%237AZ1%20LZGZL%2031L%209b7us%20sC6bBl%5B%2CA%2FF%2C7-G%2CsF1N%7CQyX96FlU%7C%2C99%20LZAs31CZ2N%7D%2CALZG13s%20sus31FZL%209-CLZ%209CZL%2011-G%7CQyXF7%239%2F%209-DZ%2096bB%20al%20C7DZL%207-AZL%2031C%7CQ%5D%2CC%20%20C%2FbBl%3Eadob9%20LZ.S.D%3C6F%7C%2C9XyQ%7CFs31CZL%2011-GZL%2011%239b7D%7C%2C7bEs%20C%2Fus%20sC7oBZL9%2CC9%2C%7ClF69%20Z%20%3DJazz-Ballad%20Even%3D80%3D3
b4c0b23b-4231-4cfc-b55d-b38afde8279c,irealb://Goralka%202%3DLudowa%3D%3DPop%3DF%3D%3D1r34LbKcu7yX7CZD-%2C%20FQyX0N%2C-GZL%20%5DQyxXZL%20-D%7B%20%2C7A%2CG%20%2C%7CG-%20L44T%5B%20L%207AZQ%5D%20%5D%7CX-G0N%7C%5D%20%5D%20%20x%7CQXy-D%7CQyXx%7CQyXF0NyQ%7CxLyXx%7CQQyXGZD-%20%20%5DxZL-DB*%7B%20%20%7C%5D%20%2CA7%2CG%2CF%20-D%5B%20%7D%20xZLLZ%20%5DLZL%20xZxZL%5D%20%5D%5B*AC%7CQyX7A%7CQyX-G%7CQXyxZLZL%5D%20%2CF%7CQyX7D-%2CLZQyXx%7CXyQ%7D%20%2CU%2Cp%20%5D%20%3DPop-Country%3D95%3D1
b4c48f7b-6c20-42ee-bc7b-ec2c075c34f8,irealb://Honky%20Tonk%20Blues%3DComposer%20Unknown%3D%3DPop%3DG%3D%3D1r34LbKcu7x%20ZLxG%2CLZ%20%20ZLx%20ZL%2CG%20ZLx%20LZ%2CC%20ZLx%20ZLx%20ZLxD%2CLZ%20%2044T%5BLZ%20G%2CLZ%20G%2C%20Z%20%3DPop-Country%3D180%3D1
b41ece8b-0e5d-447b-b388-d4db3a20eff2,irealb://Angelica%3DElington%20Duke%3D%3DMedium%20Latin%3DBb%3D%3D1r34LbKcu76bBZLyQKclyX7FZL%20lcKQyX6BbZL%20lcKQyX7FZL%20QKcl%20X6bB%7B%207-C%7C-7b5%20BZL%20lcKQyXF%7CQy6X-bE%7CQyX7-CZL7Gb6XyQD%7CQyX%207-DZb-7XyQyX7-bE%7CQyX9b7Bb%7CQyX6bBZL%20lcKQKcl%20LE%7D%207FX7FZL-7%20F7yX6bBZL%20lcKQyXF7ZL%20lcKQyX6bBZLQKcl%20CZL7GZL%20lc%20LZBb%7CQyX6-bE%7CQyX7-ZCL7G%205b7-D%7CQyX6FXyQKlcKQyBb6XyQ%7CC-7XyQZ%20%3DJazz-Latin/Swing%3D180%3D5
b4d2bcc4-00d8-49cf-bb60-1c4dc8073c83,irealb://I%20Want%20You%20verse%3DLennon%20John%3D%3DTango%3DA-%3D%3D1r34LbKcu7%20%7CQyX-7XyQyX7-A%7CQyX%2C7-A%7CyQX%2C7-A%7CQyX%2C7-A%7CQ%7CA-7A44T%5BD%5B%20%20QLZC%2C%7C%7CQyX7A%7CQyX7-A4T4ZL9%237Es%7C%2CF%7C%2C-DXyQXy-A42T2T%20%7CQ%7CD-7%2CD%7CQyX%2C7-D%7C%7CQyX7%2C-D%7CQyX%2C7-D%7CQyX-7%2CXyQyX7-9b7E%7CF%2C%7CC%2C7E%7CQyX9b7E%7CQyXb97E44TZLGs%7C%2CbB%7Cb9XyQZL-D4XyQ%7D%20%3DLatin-Argentina:%20Tango%3D120%3D4
b405f0fa-7361-4ef0-8810-545470438c04,irealb://LoZ%3A%20Ocarina%20Of%20Time%20-%20Shop%3DKondo%20Koji%3D%3DLatin%3DC%3D0%3D1r34LbKcu7X7GZLyQKclyX7GZL%20lcKQyXC*A%7B%20QyX%7C%5D%20%20x%20ZL%20QKcl%20Xni*%5BKQyXF%20LZN1%20lcKQyXC2NZL%20QXyQyX%7D%207Gpp%7CQyXC%20%5D%7B*BlcKQy1NZL%20CXyQKX%7DQyX7C%7CQyXC1NLZ%20lcKQyX7GZL%20lcyQXyQZL%20lcC%20FLZCXyQZ%20%3DJazz-Latin%3D100%3D0
b4a9bf5c-adfb-43a0-90d7-b8f98b357ae1,irealb://Undertale%20-%20Megalovania%3DFox%20Toby%3D%3DRock%3DD-%3D5%3D1r34LbKcu7BZLxZLZxLZZL-DA*%7B%7D%20CZLbBLZxZL5b7-BZLxZLCxLZCL-Di*%7BbBZLbZxLZBZLxZL-DZLxZL%2CCLZxZLbBB*%7B%7D%20CZLbDbLZEL5b7-ZL5b7C%2CLZxZLCZLxZLbBC*%5B%7Db%20EZLbDZLxZL-DZLxLZB-ZLxZLZLCZLZxLZBD*%7B%5D%20bEZLbDZLxLZ-DZLxZLCZLxZLbBbLZxLxZLxv*%5B%7D%20LZDbLLxZL-DZLxZLCZLZxLbBZL5b7-BZLCZZxLZx-DZLxBbLZxLZCLZxLZD-LZxLZxLZxLZBbLZxLZCLZx%20Z%20%3DPop-Rock%3D115%3D1
b4f4bed3-97cf-41e8-bcd6-feb2a8907032,irealb://Autumn%20In%20New%20York%20Pg%202%3DDuke%2C%20Vernon%3D%3DBallad%3DF%3D%3D1r34LbKcu7ZL9b7HORUSZL9b7C%209%5EFZL31%20C9%5EbBZL7-A%209-G%3EA%C3%B87%20DC%3CA*%5BE%209-b-7LZB9-GB*%5B%5DQyX9b7DQ%7CyX7%C3%B8AZL31C%209%5EbXyQ%7CBA%209-G%5ECZL5ZAb%5E7-DZL7%C3%B8A%207-CZL97bG%207%5EbAZL11%239A%209%20G7%23L5%237bFZL9bLZAb%5EFZL31C%207%5EbBZL7A-%209-GC*%5B%5D%209bD%207%5E7%20C79bE%2079bG%207LZC-9A/-bB%20-bBZL9b7%20F7%C3%B8CZL%297%C3%B8B%287-D%20bLZG%C3%B86F%207%5E7-bAZDF-6%20C%285%237bA%207%5EbDZL11%239D%207-bEZLE/7C7%235%29L*%5BY%5D%201bB%28%20Db9%28B%286-FZL5%239b7C%207G%C3%B8ZL7-A%209-GZL%297bF-7%29%20%20%296B%283%29LZ%3CSolo%20ABCD%3E%20%28F-7%29x%20%28Bb13%29%20%C2%AB%20%3DJazz-Ballad%20Swing%3D60%3D3
b4db5a65-3e64-44c4-94f7-46b07e828657,irealb://Autumn%20Leaves%20%28Em%29%20303%20rh%20Em%201%3DKosma%20Joseph%3D%3DMedium%20Swing%3DE-%3D%3D1r34LbKcu7%20QyXQF%23h7XQyXQyXZQyXn%7CQy6X-E%7CQyX31b7B%7CQyXyQXy%2Ci*%2C%5B%7CQyX34A-7XQyX7h%23F%7CQyX7%5ECQ%7CyX7%5EG%7CQyX7D%7CQy%7CB7b14TA*%7BQyX7-QKcl%20cKQyX6-E%7CQyX317bB%7CQyX7h%23FB*%5B%7D%20l%20LZAyX6-E%297A%287Q%7CG%5E7E%7CQyX31b7B%7CQyXh7%23FC*%5B%5D%20%20lcKQyX-7%20EbyX7D%7CLZD-7%20Db7%28G7%29LZF%23h7%28C%5E7%29XyQ%7CB7b13XyQ%7CE-6XyQKcl%20%20Z%20%3D%3D0%3D0
b410e4a1-830f-4e4e-bef6-358e9924d2a3,irealb://Rhythm%20Bridge%20Type%201%20x%202%20%2d%20%20Up%20Half%20Step=Charts%20Practice==Medium%20Swing=C==1r34LbKcu7G%7c%2c7D%5e7%2c%7cx%2c7A%7c%2c7A%7c%2c7E%7c%2c7BE%2a%5b%20%7crZL%7crZL%7cr%7c%7cD7%2c%7cCsA%2a%7b%7c%2c7bB%2c%7d%7b%2aA%7c%2c7F%7c%2c7FB%2a%5b%20%7crLZ%7crZL%7cr%7cx%7c%2c7%5e%23CBb7%2c%7c7G%7c%2c7F%7c%2c7%23Eb7%2c%7c%7crZL%7crZL%7cr%7cx%7c%2c%5e7DA%2a%7b%7d%2c7bA%7c%2c7bA%20%5b%2aBF%7c%2c7bE%20%7crZL7%2c%7cB7r%7cx%7c%2c7%5ebEA%2a%7b%7d%2cA7%7c%2c7A%7c%2c7E%7c%2c7E%7c%2c%7cLZr%7cB%7c%2c7%23L%7cr%7cx%2c%7cG7%2cA%2a%7b%7d%2c7bB%7c%2c7bB%7c7%2cF%7c%2c7F%7c%2c7C%7c%2c7C%7cE%5e7%2c%7c7GB%2a%5b%7b%7d%2c7Br%7c%20%5b%2a%2c7%23F%7c%2c7%23F%7c%2c7%23C%2c%7c7%23C%7c%2c7%23G%7c%2c7%23GB%7cB7%2c%7cZL%7crZ%7c%2c7C%7c%7cx%7cr%7c7G%7c%2c7D%7c%2c7D%7c%2c7A%2c%7c7AB%2a%5b%20%7crZL%7crZL%2c%7cG7%2c%2c7FA%2aA%7c%2c7b%2aAGb%5eE%7c%2c7bB%7c%2c7bBB%2a%5b%7c%20rZL%7crZL%7cr%7cx%7c%2c7b7%2c%7cE%7b%7d%2c7C%2c7B%7c%2cb7%2c%7cD%20%7crZL%7crZL%7cr%7cx%7c7%2c%5eGA%2a%7b%7d%2c7bD%7c%2c7b%5b%2aBB7A%7c%2c7bB%2a%5b%20%7cE7%2c%7cAZL%7cr%7cx%7c%2c7%5ebAA%2a%7d%7b%2c7D%7c%2c7D%7c%2c7A%7c%2c7r%7cLZr%7c%2c7E%7cZL%7cr%7c7%2c%7cF7AA%2a%7b%7d%2c7bE%7c%2c7bE%2c%7c7bB%7c%2c7bB%7c%2c7F%7c%2c%5e7%2c%7cxC%7c%2c7CBA%2a%7b%7d%7c%20%5b%2aB7E%7c%2c7B%7c%2c7B%7c%2c7%23%7cF%2c7%23F%7c%2c7%23C%7c%2c7%23C%2c%7cE7%2crZL%7crF%7c%2c7Fx%7cr%7cL%2c7C%7c%2c7G%7c%2c7G%7c%2c7%7cD%2c7DB%2a%5b%20%7crZL%7crZ%7cC7%2c%7c%7c%2c7%5eb%23C%7c%2c7AB%5e7%2c%23G%7c%2c7%2d%23D%7c%2c7%23DB%5b%2a%20%7crZL%7crZL%7cr%7cx%7c7%2c%7cG%23%2a%7b%7d%2c77%2c%7cC%237%2c%7cF%237%2c%7cF%237%7d%20==0=0
b4ce5d40-d317-4396-ac8f-ae458c52a593,irealb://Body%20%20Soul%20Cadence%20Type%203%20x%208%20%2d%20Downwinders=Charts%20Practice==Medium%20Swing=C==1r34LbKcu7D%207%2dbD%2d%5e7%2fx8%3c%20lcKQyX7%5eCZBL%2f6%2dD%20C%2f7%2dDZL%23C%3e%20%7d%7bD%207%2dD%7bCZLB%2fZDb%2d7C%7b%7d%20%3ex8%3c%20lcKQy7X%5eBZLbB%2f6%2dbD%20B%2f%2d7%20C7LC%2f7b%2dB%20A%2f%20C%2d6%2f%23A%2f7B%207%2dB%7b%7d%20%3ex%3c8%20lcKQyX7%5ebBZLALZB%2d7bB%2f7%2dLG%2f6%2dZA%5e7X%2f7%2dbBZLA%2f7bB%207b%2dB%7b%7d%20%3ex8%3c%20lcKQyAb%20BbL%23G%2f6QyX7%5eXyQKc%2f6%2dA%20G%2f7%2dAZL%23G7%2fA%207%2dA%7b%7d%20%3ex8%3c%20lF%23LZG7%5ebAZ%20lcKQ8x%3e%20%7dGZLF%2f6%2dbA%20bG%2f7b%2dAZLG%2f7bA%207%2dbA%7bb%5e7Xy%3c%20lcK%23F%7b%7d%20%7d%7bG%2d7lcKQyX7%5eFZLE%2f6G%2d%20F%2f7%2dGZL%23F%2f7G%20%20%3c8x%3e%20%3ex8%3c%2f7F%2077%2fFLZ%3ex8%3c%20lcKQyX7%5eELZ%23D%2f6%2d%23F%20E%2f7%2d%23F%20%7d%7bF%2d%23F%207%2d%2f7%2dEZ7%2fEb%20E%207%2dE%7b%7d%20%3ex8%3c%20lKcQyX7%5ebEZLD%2f6%2dF7%2fD%23L%2dFZLE%2dbE%20b%2fC%23LZEZLD%2f7bE%207%2dbE%7b%20%7d%3ex8%3c%20lcKQyX7%5eDb%2d7%2fD6%2dE%20D6%2fCLZDb%5e7XyQKcl%20%3c8x%3e%20%7d%20==0=0
b46b4f24-c41e-4b11-b3cc-19895b4cc4b0,irealb://Road%20Song%20Real%20Easy%20Book%3DMontgomery%20Wes%3D%3DEven%208ths%3DC%3D%3D1r34LbKcu7X7-C%7C4G*m7%7CQyX7-GZL%20lcKQXy9%237DZL%20lcKQyX*C7XyQ4TA*%7B%7CQyX7D7%239%20%5D%207-G%209%237D2N%7CQXyQyXQyXQyX%7D%207-G%5B*BC-1N%7CQyQyX9%23%7CBb%5E7X7%5EbA%7CQyX7bE%7CQXy7-bB%7CQyX7E%7CQyXyQ%7CD7QyX7FD%7CQyX-7XyQyX7C%7CQyX7-GZL%20clKQyX9%237DZL%20lcKQ%7CC-7GA*%5B%5D7%239%20G-7%20Z%20%3D%3D0%3D0
b43e3d83-7302-429c-9505-0c7ab293234d,irealb://Better%20Days%20Ahead%20(6-8)%3DMetheny%20Pat%3D%3DLatin%3DC%3D%3D1r34LbKcu7%207-E%7C4F%239sGZL11%239bA%209%5ED%7CyQXsus9AZL9%5EB%20su%5E9XyQ4TA*%5BGl%2C44LZT24b7bDs%2C%20%2C9-bAZL9%2CD%207-Al86TZL7-B9%2CLZT7-%23FsZL31C%5B*BFhZL9b7bD%209-bAZLb9A%207-bEZL9b7bB%20Gb%5E9%20%5D%209%5EbZL7-bBb-7LC*%5B%5DQyXbC%2FbD%7CQXyhCZL7-bD%207-bEZGb%5E%20G%209%5EbCD%209-bb-7%2CLbA%207-bEZLbG%2FG%20b2GZLQ%2C7-bG%20%5EbGZ13LZAG%202bG-bG%202ZG%5E7%23-bG%20%5EbGZL7-bG%20b2GQ%5BY%20QyX%5DQyX117LZGbL9b7b7-bBZ%5E%20Gb-D%209-bAZL31bA%207b-EZLbG%2FG%202bGZL7b7b9LbGZL7%20Eb7%2CLZB-7%20E7LZBb-7%20Eb7LZAb-9%20Db7b9LZUfG%5E7%2311XyQZ%20%3DJazz-Latin%3D175%3D5
b439ed79-b8bd-4819-8761-d4d66b4bf79c,irealb://Blue%20Pearl%20-%20Hal%20Leonard%20trans%3DPowell%20Bud%3D%3DMedium%20Swing%3DEb%3D%3D1r34LbKcu7ZL5%2394C-XybBZL7-G%20%2C7%5E-G%7CyQX-GZL6-C%207-C%7CQ-9%20Bb4TA*%7B%207%5E-Cus%20A7b7G%7CQyX5%239b7D%7CLZ%20lcKQyX%5EbAZL5b5XyQ%7Cs31bE2N%7C%7DQD7%20DbZL7-C%207%5E-C%7CQyXb57G%7CQyX7bA1NZL%5EC-6XyZL7bEC-XyQ%7CG7b5XyQ%7CUC-%20C-7LZC-6%20G7%20%5D%20%3D%3D0%3D0
b4895cc6-a221-4b33-b86c-5aea506e5d4e,irealb://Blues%206%20%20bg%201=Greene%20Ted==G%20%20%20SoundCheck%2082%20bpm%20%20%5BEd%2E2%2F23%2F23%5D%20%20=G==1r34LbKcu7D%7CQyXIntroyX9C%7CQyX9%5EG%3E%20sarb%202%20ts1%20pmav%20%3AQ%7CG%5E9%3C44T%5BQyX7%2DaltLZE%207%2DbBZL7%2DE%207%2DZBL31F%207%2DC%7CQyX9Cb9LZA7G%209%2D7%5EbEZtXyQ%7C7%5EG%3Eedaf%20%26%20sra%20b2%20tsal%20%3AortuO%3C%20Bb9Lla7D%7C%20Ab13%20%5D%5B%2CQ%2CT44G%5E9XyQZ%20=Jazz%2DMedium%20Swing=75=1
b4e8eaa6-85ef-4507-b3f2-50ba4cbde4c3,irealb://Bossa%20Dorada=Brener%20Yaniv==Bossa%20Nova=B%2D==1r34LbKcu7F%7CQyX9XyQ%7CyX7%2D%23GA%2A%7B%7DQyX3C1%7CQyX9%2DB%7CQyX31CQ%7CG%5E7%2DBi%2A%7ByX7%2DEXyQKc%20lcKQyX9%2DB%7CQyX13C%7CQyX7%2DE1NZL%20l%20%7D%7CN2sus7%23%2DAZL%20XyQ%7CBX7%5EG%7CQyX31D%7CQy7X%2DA%7CZ%20%20lcKQyX9%2DyQKcl31C%7CQ%2DF%7CQyD13Xy%7CQyX31bE%7CQyX7%2DBbZL%20lcKQyX7%5EG%7CQAb%5E7X%7CQyX7%2DB%7CQyE%2D7XyQyX9%2DBQ%7BZ%20%20lcKyQX9%2DBZLQ%20%2031C%7CQ%7CC13X%7CQyX79XyQ%7CC13XyQ%7D%20==130=6
b43517dd-1465-4221-828b-b9c12cb23cae,irealb://Bouquet%3DDjavan%3D%3DBallad%3DA%3D%3D1r34LbKcu76-DZLT68E7yX7E%2CA*%2C%7BQyXQyQXyXQyX%5DQyXsus9bQKcl%20%2Ci*%2C%5BZL%20lc-6XyQoC%7CQyX31b7E%7CQy6X-DZL%20lcKQyX7E%7C7XyQKD%7CQyXcKQyXB9LZBZL%20lcKQyX7B2N%7Dn%20%207BZL%20x%20ZL9B%207Aadd9%207B1Nus7E%7C7XyQKbBZL%20lcKQyX7BZ%20LlcKQyX96AZL%20lc%5E7XyQBZL%20lG%7CQyXZD%5E7XyX7%5ED%7B%207%23F%206G%7CyQX7%5EG%7CQyX7%5EA%7CQyQ%7CA%5E7L7E%20sC%2F6F%7C%7CG6%20F%2F7%23F%7CQyXA%2F-E%7CQXy7%5EA%7CQyX7%5ED%7D%207%23C%23XyQQyX7%5EXyQ%7CE7%2FBXyQ%7C%3CD.C.%20al%20Fine%3EAXyQZ%20%3DJazz-Ballad%20Melodic%3D82%3D3
b409bb3e-3a71-4ec6-8d8f-a3849ac58912,irealb://Bourbon%20Street%20Parade%3DBarbarin%20Paul%3D%3DDixieland%3DAb%3D%3D1r34LbKcu7QyXZLT44AbQyX%2CbA%2CA*%2C%5BZ%20%20%20xZL%20x%20ZL%20lcKQyX%7CG%20Ab%2Ci*%2C%5BE%20%2C7FLZAbX-bBB*%5B%5DQyX7bE%7CyQX7-bBZLbA%20G%7CQy7XyQ%7CQyX%7Cr%5D%207bEb-7%2CX%7CQyXbAZL%20lcKQy7XbEZL7bE%20%2C7D%7CQyBb-7%20BZL7blcKQyAbXyQyX7bA%7CQyX7-bEZQLyX%7CrQyXZLbA%20G%7CQ%7CDbX%2CC*%2C%5B%7CQyX7*D%2CDbX7bB%7CQyX7F%7CQyXEb%2FbA%7CQyX7oD%7CQyXyQ%7CEb%2C%5B%5D%20%20AbXyQ%7CBb-7%20Eb7%20Z%20%3DJazz-Second%20Line%3D200%3D3
b478843f-43db-46f5-9e3a-461cfaa92964,irealb://Breakdown%20(2%20of%202)%3DLoops%20Dirty%3D%3DPop-Rock%20Jazz%3DF-%3D%3D1r34LbKcu7-bBZL4%3C*69ZL%2CbEZL%2C7%5EbDZLZxL%2CsusF%3Empb%2038%20F%2CLZx3TB*%5B%2CG%2FbE7%20%5D%5B*FZL%2CbEZL%2C7%5EbD%3E3)%20surohC(%2027*%3CC-7%2CLZ-CZL%2C%20nZL%2CLZC-7L%2CbEZL%2CC%2FbAZL%2C-7bBZLxZL7-bBZL%2CZxLZE%2CbDZL%20%2C7-F%5BDb%5E7ZL%2CbDZL%2C7-CZL%2C-7FZL%2CbEZL%2CbDZL%2CEb%2CLZ%20QyX%5DbDZL%2C*72(OZL%2C-FZL%2CE%2F7CZL7%2C%5EbDZL%2CbE%3E)ortuAb%2FBb%3CD*%5B%5DusFZLC7%2FE%2C%2C7%5EbDZL%2CFZL%2CsuFsZL%2C7-C%5B%5D%20-bBZLLZEb%2CZL%2C7%5EL%2CFZLLZBb-ZL%2CbEZL%2C7%5EbDZLZxL%2CFZL%2C7-C%5B%5D%20%2C7Fsus%2CxZL%2CsbG%5B%5D%20%2C%20%5D%5BGsusFZL%2CbEZLxZL7%2C%5EbDZLxZL%2CFZL%2Cb%2CLZF%2C7-bBZbBZL%2C%2FC%2CLZ%2C7-DZL%2CsusFZL%2CEbZL%2C7%5EbDZLxZL%2CFLZBb-bAZL%2C-%2FC%2CLZx%20Z%20%3DPop-Rock%2012%2F8%3D83%3D1
b4840694-b6ec-444c-a672-a4b47d6a82d2,irealb://FF6%20-%20Dark%20World%3DUematsu%20Nobuo%3D%3DMedium%20Swing%3DC%3D%3D1r34LbKcu7%2F7%5E-BQ%20%20%7BB%2F*m*B44TA*%7B%7DQyDX%2F7%5E-B%7CQyXD%2F*m*DXyQ%7CyXQyXC%2FF%7CQB*m*%2FddaF%7CQyXC%2FF1N%7C%7CYQyXD%2F7%5E-B%7CQyXD9%2FCXy%7CQyXDF%2F*m*add9%2F%20ZL%20x%20ZL%20lcKQy*X7m*E2N%7CY%7DQyX%2CCx%20LZDF%7CQyXXyQ%7CD-9%2FF%2CXyQ%7CD*m*%2FF%2CXyQ%7CD*m9*%2FF%2CXyQ%5D%20%3DJazz-Medium%20Swing%3D225%3D3
b4ec96a0-a89a-41dc-b2b8-44d29bf60d07,irealb://Get%20Lucky%201%3DPunk%20Daft%3D%3DMedium%20Swing%3DB-%3D0%3D1r34LbKcu7%5BT44%20B-%20LZ%20D%20LZ%20F%23-%20LZ%20E%20%20Z%20%3DJazz-Medium%20Swing%3D100%3D3
b4aee56f-c070-4f4a-99ec-6f1679ecb4dd,irealb://Casbah=Podolat%20Richie==Surf=E==1r34LbKcu7%7CQyXEyQ%7CEXyX%7CQyXF%7CQyXE%7CQXyn%7CQyXE%7CQyXn%7CQyQLZ%2AAXni%2A%7CyXE%7CQEXyQ%7C%7B%7DQyXE%7CQyXEZLFG%20%7CQyX%2DAB%2A%7B%7CQyXE%2ACEXy%7CQyXEXn%7CQyQ%7CE%20%20Xn%7CQyXn%3E61%20rofk%20aerb%20murD%3C%7C%7D%20QyQ%7CnXyXF%7CQXQyX%7DyQ%7CEXQyXF1N%7CQyXE%7CQyEX%7B%7CQyXE%7CQyXE%7CQy%7CEXyQXE%7CQyXE%7CQyN2FXyXE%7CQyXE%7CQyXF%7CQXyE%7CQyXEQZLQyX%7CQyQ%7CFXZL%20QyyQ%7CFXyQ%7CEXyQ%7CFXyQ%7CEXyQZ%7C%20=Latin%2DCuba%3A%20Bolero=142=2
b43e21bd-d9d9-44b0-bcf3-f853082252de,irealb://Charleston%20%28Django%20Version%29%2C%20The%3DJohnson%20James%3D%3DMedium%20Up%20Swing%3DBb%3D%3D1r34LbKcu77obD%20b6%2CUXyX7F%7CQyX7CZL%20lKcQyX7G%7CQyX7D%7CQyQ%7CBb%2CB44T%5B%7CQyX7%20F7%20%5D-DZL%20lcKQyX7G%7CyQX7D%7CQyX%2C6bBB*%5BXyQ%7CA7-CZLcKQyXQ%7CF7XL%20lcKQyX96bEZLl%20cKQyX7bBC*%5B%5DQyZBb7%2CyX%2C-DCZL%20lb69Xy7G%7CQyX9b7D%7CQyXb6BA*%5BZ%207F%209-C%7CQXyQKcEZL%20l13XyQ%7CF9XyQ%7CBb%2C%20G7b13LZC-9%20F7%2C%20%5D%20%3D%3D220%3D9
b4868aae-69ec-4b84-936b-2c2d522a22f4,irealb://Let%20It%20Snow%2DRev%20JE%201=Cahn%2DStyne==Christmas=F==1r34LbKcu7B%2A%5BY%5D4G%2D7%20%2C7Cs%207%2DGZL7obAA%20%2FFZL9bB%206FZL7CW%2FBb%2C4TA%2A%5BXQyX%7DD7LZGn%2C7%2DAA%2A%5D%2CbB%2FW%2CC7s%207%2DG1NZLo%23G%207Ab7%2Cn%207%2DAl%207%2DEZN2lG%2D7%5EClB%2A%5B%5D%2C7bD%2C7D%2Dn%2C6FsA%2A%5D%207bG%207%20D%2D7LZL%20QysZL7bD%2D7%20GZL7%2DD%207%5ECl%7C%2C7b%2CD7D%2C7bE%2C7%5ECsZL7E%2D7%20EZL7bE%20A%2FFZb7%2Cn%5D6FZL7C%207%2DGlA%2A%5B%2C%5D7bA%2C7%2DAn%2C7%2DGA%2A%20Bb9LDn%2C7D%207bG%20ZG%2D7%20Q%2Co%23G%207GZL7D%207A%2DlB%2A%5B%5D%2CbB%2FW%2C7CsLZG%2D7L7obA7%2DG%7Cn6%2CnA%2D%2C7%2DAA%2A%5D%2CbB%2FW%2C7sC%207%2DGlQ%5B%5D%2C7bA%2C7nAb7%2CFsA%2A%5D%2CnGb7%2Cn%7CU%3CFINE%3ElF6XyQZ%20=Jazz%2DMedium%20Swing=130=3
b4aafc78-4f14-4d88-bd07-ecf7e01ae9b1,irealb://Cool%20%27C%27=Cole%20Richie==Ballad=Eb==1r34LbKcu7GZLo%23b%5E9%20CZL11%2DC%209%5EbEl%7C%2Cb%2BB%2CbBs%207%2DFZL11%2DF%2D7%20FE44T%5BC%209%5EbC%2D%2C%7ClB%2C7%2DF%2C9%2DC%2C7%2DCsLZ9%2DC%20bB%7CQyX%2Co%23Fb%2C%7ClE%2CCs%20%2D9%5EbAlF%2D7%20sbE%2CbEs%209bBZL11C%2D%209%5EbEl%7C%2C%2BbB%2CbB7b5%2C%7CZL11%2D%20A%2DLZsAb%2D%2FBb%2CBb6%2ClAb%2FBbLZEb%5E9%2CU%20C%2DLZF%2D%20Bb6%20Z%20=Jazz%2DBallad%20Swing=82=3
b49f2e0d-34b9-4498-ae37-0101a6b2387d,irealb://Don%27t%20Fence%20Me%20In%20%2D%20w%2FVerse%20%2D%20dp=Porter%20Cole==Medium%20%20Swing=F==1r34LbKcu7Fl%7C%2CG4%3CRub%2FFs%20%2C6bBl%7C%2C7%2DD6%2CF%2CF%2FbB%2C6Fs%3EotaA%2CC7%2F4Tv%2A%5BG%2F7C%2CLZC7soB%2C6bB%7C%2C7F%2C6F%2C%2FFbB%2C6Fs%7CZL7C%20su7%2CF%2FCC%2F6F%20F%206FZD%2D7%2CBFl%3EopmeT%20A%3CA%2A%5B%20%5D%206Fl%20%7Csus7C%2C6b%20F%5E7L%2C6F%7C%2CyX6FZ6%20Csu7%2DGZL7C%207%2DGZL7%20C7%2DGZL7C%207%2DGZLs%20C13LFZL7%5E7DZLbF%2C%20F%5E%2CFZL%205b7%2DG%20%7CQy6XbBZL5%237F%207FZL7%20C%2D%2FEB%2A%5B%5DQL6bB%205LZF6%5B%5D%2CC%2F7F%2CD%2F6bB%2CEb%2F7F%2C6FsZL9C%20C%2F%2AClBbb7%2DG%207%5EbBZ%20Bb6L%2CbBZLC%2F7Fl%2CD%2F6Bb%2C7FsZL5%239C%206FZ%20Bb6L7%5EbBZbBZL5ZF6%20CFZL7%5EF%20FlD%2A%5B%5D%2CC7%2C7%2DGs%20%2C7ClZL7o7%20F7%23L6bB%20QyX6F%20G%2D7b9C%20C%2F6FZL5b7%2DG7%20DZLbE%2F%2DC%20FZL%205LZ%2CU%2C%7CQyX6Z%20==70=1
b41ce6d2-75cc-48da-8d9f-c76ac43e3c31,irealb://Don't%20Stop%20'Til%20You%20Get%20Enough%3DJackson%20Michael%3D%3DFunk%3DB%3D11%3D1r34LbKcu7%3E)yln44%3C*7ahs%20%2B%20sb(47*%3CnQ%7CyXn%3E911%20mpb%20%204ker%20oTi*%7BY%7CppppXyQ%7Cn%2FAl%2CBs%3E)sgnirt%20s%2Fw(%20%2047*%3C%7B%7DQyXB%2Cpp%7Cn%7CQyX%7BY%7D%20%3Ecl%20%20%7D%3C%20lcKQyXB%7Cppppp%7Cp%2CB%2FAl%2CBsSA*%7BY*636xKQyXBXQyXQXyQKc%3CB%3E%3A2B%20QyXQyXQXyQyXQyX35*%3CZL%20l*72XyB%2FAB*QyXQy%3A%3E%20%3C*%20%3E%E2%94%81%20%20QyX%D2%91%20%20QyX%20%E2%99%A9QyXQyXQyXQyX75%3C*74X1B%20Qyp%2CE%2FD%2FXyQ%2F%7BY%7D%20%20x%20%3EeniF%20l%20a.S.D%20%3CZL%3E%E0%B8%AF%20%E2%99%AC%20%20*CsB%2CQyX%2F%20*%3C%7BY%5D%7CpB%2FG%2FBp%7C%2C%23F%2FEp%2CE%2FDB%2C%7D%2CB%3Ex336*%3C%2CA%2C%23G%23%2Cnp%2C%23F%2FEXB%7Cppterlu%2CB%2FAl%2CB%3E)sgnirst%20%2Fw%20.rtsni(%20edpp%7Cppni%2047%2FAB*%7B%20%20%7DY%7B36*%3C%20lcKQyXB%7Cpppp%7Cpp%2CB%2FAl%2CBsA*4x%3E%20%7DlcKQyQyXB%7Ccl%20LZpp%2CB%2FAl%2CBsA*%7B%7D%3E%20x436*%3C%20lcKQyXB%7CppppKQyXB%3Ax%20dn%7D%7B*B%3CQyXQyXQyXQyXQyQXyXQyXQyXQyXQyXXyQ%202%20%20lcKyX36*riff%3Euo%20pmav%20%20QyX%3C%7CyQXBZL%20lcKQyXB%2FAt%3E%20x%3C%20dda%20Q11x%3E%20%20%7D%20%3DBlues-Funky%3D119%3D1
b42cc0a8-e221-495a-a51b-0ce41f5d9e6a,irealb://Don't%20Take%20Me%20Alive%3DFagen%20Becker%2C%3D%3DRock%3DC%3D%3D1r34LbKcu7%207%5EbA%239LZn%20%2C7-FZL7GZLG/FLZ-ClZL%2C-Cl%3E%20%3C%7B%20G-7LZ7Gi*%5BL-Cv*susLZ7-G%20-CZL-C2N%7C%2C/GF%2CbA/bE%20susC1N/C%20%7D%7BCZLbB%20%3CC*Z-LZxLF%2CbA/bE%7C%2CG/D%7C%2C/FC%2CbE/bBsZL7-FZ/G%7D%7CLGZLxZL%20sus%20LZlC%207%5EbAZL7-G%20%2C7-ZFL%207GZL%20G/FZL%20-BbLZC%2C-Cl%3E%207GZL%20sEb/L%20-ClZL%20%2C-Cl%3E%20Z%3CL%20QyX%7C%2CG/Fs%2CbAZF/G%20susCZ-CB*%7C%2C%20G-7%20susCZL%20susCZLs%20usCZLbB%207%5EbAZLLZXyQ7-FZLusF%20-/CLZFF%2CA/G%20C/FZLC/ssuF%20-CZLsusC%20%2CC//G%2C%7CCsusF%20s/CLZF/C%20sG/A%2CF/G%2C%7CC/F%2C%7CD/G%2C%7CsEb/Ab%2C%7ClEb/Ab%20%20F/G%7C%20%3DPop-Rock%3D115%3D3
b4602c47-b65e-49f8-a687-f5adaa90faa3,irealb://%E3%83%AD%E3%83%83%E3%82%AF%E3%83%9E%E3%83%B32%E3%82%AF%E3%83%A9%E3%83%83%E3%82%B7%E3%83%A5%E3%83%9E%E3%83%B3%3DCapcom%20Capcom%3D%3DRock%20Pop%3DG%3D%3D1r34LbKcu7SA*%7B%5D4GXyQQyXG%7CQyXG%7CQyXGQ%7CyXG%7CQyXG%7CQyXG%7C%7CGXyQ4Ti*%5BQyXG1GXyQ%7C%7CQyXG%7CQyXG%7CQyX%7CGQyXG%7CQyXG%7CQyXG%2C*B%2CN%7CQyXGQyXG%7C%7CGXyQQyXG%7CQyXG%7CQyXGQ%7CyXG%7CQyXG%7CQyXG%7C%7CGXyQQyXG%7CXG%7CQy%7CGXyQXG%7CQyXC2N%2CC*%2C%7CQ%7DyXG%7CQyXG%7CQyXG%7CyQ%7CCXQyXG%7CyQ%7CCXyQ%7CGXyQ%7CCXyQ%7C%3CD.S.%20%3EGXyQZ%20%3D%3D0%3D0
b497f1a3-ac5c-45b2-a7fd-ec34714cecf1,irealb://Sina%201%3DDjavan%3D%3DBrazilian%3DA%3D%3D1r34LbKcu7yXA%7CQ4AXyQ%7CQyXASA*%7BY%7DQyX/AD%7CQyXA%7CQyXA/D%7CD/AXy4Ti*%7BD%7CQyX%23XyQ%7C%7DQyXo%23D%7CQyX7%5EDQ%7CyX7-%23C%7CQyX7-%23F%5B*BE9G/E%7CQQyXAA7LZF%23yXQyX%7C%5D%207E%209D%7CyQX9EZL%20lcKQyX7-Q%20%20%7B*-%23C%209%20o%23D1yQ%7CAX7%5ED%7CQyX7-%23C%7CQy7X-%23F%7CQyX%23G/E%7CQyXyQ%7CNXA/D%7CE%20%7DXyQXyQXyQXyQ%7CN2E7XyQZ%20%3D%3D0%3D0
b44275de-04f8-4fb1-9984-113842b3c976,irealb://Georgia%20On%20My%20Mind%20as%20played%20by%20Doc%20Severinsen%3DCarmichael%20Hoagy%3D%3DBallad%3DF%3D5%3D1r34LbKcu7%7C%2C7bE%5E7%2Cppp%2CB%2FG%7Cp%2CC%2F-Dp%2CD-%7Cp%2C7Ap%2C5b7-E%7CpBb-7%2CF44T%5B%7C%2Cp%2CpD9%2Cp%7C%7Cp%2C7Cp%2C7-G%7Cp%2C7pD%2C7-A%7Cp%2C7Cp%2C7-GF%5E7%2Cpp%2C7%5EF-G%7Cp%2C%2CpA7%2C%5EF%7C%2C7bE%2C7-bBp%2C%2FBG%7Cp%2CC%2F-Dp%2C-D%7Cp7%2CpD95b7-E%2C7bB%7C%2Cp%7CF%5Ep%2C-DA*%7C%2C7A%2C5b7E-p%2C7%5EF%7Cp%2C7bBp%2C7G-6%2Cp7Cp%2C7A%7Cp%2C7p%7CD-%2CF%7Cp%2C%23C%2F-Dp%2C-D%7C%2Cp7Gp%2C7-D%7Cp%2C6-Gp%2FC%2CpE%2C7bBp%2CB%2FG%7C7%2Cp%7CGp%2C-D%7Cp%2C7Ap%2C7A%7C%2CpFp%2CFB*%7Cp%2C7Cp%2C7D-7%2CpDp%2C7-b7Ap%2C%2CEb7%2C%7Cp%2C6Fp%2C6F%7Cp%2C7C%2Cp7-G%7Cp%2C7Dp%2C7%5EF%7CE-7b56-bBp%7C%2C7G%2CCD-%2CpG%2C7-D%7Cp%2C-Dp%2C-Dp%7C%2C7bBp%2C7bB%7Cp%2C-D7%2CD-7*%7Cp%2C9D*%7C%2Cb%23o%2Cp%7C-bBp%2C7-bB%7Cp%2C7D%2Cp7-A%7Cp%2C7Ep%2CC%2F6F7%2CA%2FECp%2C-D%2C6-bDpp%7CC7p%2C5b7-D%7Cp%2CbE%2F-pF%2C-F%7Cp%2CG%2F7Cp%2CG%2FDb-7%2Cp%2C6bA%7Cp%2C7FpF9%2CpG%7Cp%2C7%5EGp%2CbA%7C%2Cb%2FD7bE%2C7bEp%2C7-bB%7Cb%5E7%2Cp%2C7-C%7CAb%2CpA-7%2CBb-7%2C%7CAb%2CpEb-7%2CEb7%2C%7CAb%2CpB%2FA%2Cp%7CAb%5E7%2CppfUpZ%3DJazz-Ballad%20Swing%3D66%3D1
b4570f72-1dd0-4e53-aff3-b0c7114cdb13,irealb://Wave=Jobim%20Antonio%2DCarlos==Bossa%20Nova=D==1r34LbKcu7%7CQyX74D%5E7XX7%5EG%7CQyX9b7D%7CQXy7%2DA%7CQyX7obB%7CQyyQ%7CG%2D4TA%2A%7BGB%2A%5B%7DQ%7CB7X%2DDZL7G%207%2DDZL7A7%20bB%7CQyXE%2F7%2DB%7CQy7%20G7%20yX7%23F9b7A%7C%7CC7XybE%7CQyX7bB%7CQyX7F%2DZL%20lcKQyX7%5EF%7CQ%5E7XyQQyX7%2DQyX7%2D%2AAD%5E77%5EG%7CQyX9b7D%7CQy7X%2DA%7CQyX7obB%7CQyXXyQ%7CG%5B%5DQyX%7CF%237XyQ%7CB7XyQ%7CB%2D7%2FEXyQ%7CBb7%20A7LZD%2D7%20G7LZUD%2D7%20G7%20Z%20=Latin%2DBrazil%3A%20Bossa%20Acoustic=130=3
b47426ea-e47e-4c8d-903d-f4f42928b0d9,irealb://Give%20Me%20That%20Smile=Bill%20Contess%20%2F%20Sarah%20Gazarek==Medium%20Swing=C==1r34LbKcu7laH20O%3A%20VayXQyXQyXQyXQyXs%3Erab%202%20tsrif%20pmQ%20%7B%3C%2ARTNI%3C%2A7m%2AD%20Feel%2AA%20%2A7m%2AE%7C%2C7B%2C7Bb%207FZL5b7bG%207C%3Em7%2ALZemiTf%7D%207G%20C7%20GbZL%2A7m%2AbE%20%2A%207m%2A1ENZL7bB%207FZL5b7D%2Am7%2AZL7G%20X7bA%7Cm7%2A%20GE%3Edaeha%20thgiarst%3CB%2A%7CZ%20n%2CC%2CCZL7b7XyQ%2AD2N%7CXG%2F%2A77XyQ%7CyXG%2F%2A7m%2AD%7CQyX7Ab%7CQyX7bE%7CQyX7bAQ%7CD%2AmbE%7CQyL%2A7m%2A%3CHalf%2AEZL7bB%207FZL5bb7G%207C%3EleeF%20emiTm7%2A%20AA%2AZQyLD%2C%23C%2A%20G7LLQ%2C7G%20%2A7m%2ADZL7Bb%207FZL5b7bG%207CZZN0C%2C7m%2ADZeV%20dn%2AXyQ%7CS%20rof%20%2EC%2ED%3C%7CZQXyG%2F%2A7m%2AD%7CQyX7bAolo%20a7m%2ADZX%2A7m%2Athen%20m%2AA%20%2A7m%2AEQZLQyZXLQyXZLQyX%3EADOC7%2ALZD%20%2CesrPMAV%20%2CEb7%2C20%2A%3C%7B%20%20n%2C7G%7CQy%2AX7m%2AD%7C%2C7C%2C%2A7m%2ADIntro7F%7CQyXZLQyb7b5LB%2C7bB%207FZL5b7b%20G7C%7C%2C7B%2C7bB%207FZ7%2C%7D%7CXG%207C%3EyQLZXyQ%20%7C=Jazz%2DMedium%20Swing=120=1
b4a311eb-17e6-4b05-87d9-f5106d5b42e7,irealb://Blue%20Christmas%3DHayes-Johnson%3D%3DJazz%3DF%3D%3D1r34LbKcu7%5D%20%20lc4FXyQFZL%20lcKQyX7CZLl%20cKQyX7ClZL%20lcK6XyQK4TA*%7BDs%207CyQ%7CF7KQyX7G%7C%2CbA%2CA%2Cb%2CBbB1N%7CQyXbB%7CQyXcl%20LZXFB*%5B%20lcKQo%2C%7ClCLQyX7oBl2N%7CY%20%20yQXQyXQyX%7DQyXE%2F7ZC7XybE%2C7-LZF6XyQKcl%20%20Z%20%3D%3D0%3D0
b40d287c-9d9f-4297-a75f-436ad91623e1,irealb://Guarda%20che%20luna%20(Alfina)%3DBuscaglione%20F.%3D%3DPop%20Ballad%3DA-%3D0%3D1r34LbKcu7lcKQy4A-7XL%20lcKQyX7-AZL%20clKQyX7EZL%20lcKQyZD-7X4TA*%7BlcKQyXyQKc%20lcKQyX7B%7CQyX%2C%2FG7-A%7CQyX7-AZL%20lLZE7X7EZL%207-D%7CQA-7XyZL%20lcKQyX7-AZLl%20cKQyX7EZL%20lcKQD-7XyB*ZL%20%2C7E%7CQQ%7CBhXhB%7CQyX%2CG%2F7-A%7CQXy7-A%7CQyX7%5EbB%7CQy7%2FFXyyX%2CC%2FlcKQy-7XyQQyX%2C7E%7CQyX7hB%3EneiF66*%3C%5BY%7D%20%20lcK%7CA-7XA%7CQyX%20LZBh7XyQ%7CE7%2CXyQ%7CA-7XyQ%7CfA-7XyQZ%20%3DJazz-Medium%20Swing%3D100%3D1
b4d55292-226a-48e2-8cc2-8cc332c94bce,irealb://Hapa%20Haole%20Hula%20Girl%3DNoble%20Johnny%3D%3DGypsy%20Jazz%3DG%3D%3D1r34LbKcu7QyX7D4E7XyD%7CQyXG%7CQyXG%7CQyGX%7CQyX7D%7CQyX7A%7CQ7XyQ%7C4Ti*%5ByXGZLyQ%7CGXL7D%20G%7CQyX7D%7CQy7XD%7CQyXA%7CQyXA%7CQyZG%20D7XGA*%7CyX7D%7CQ%7CAXyB*%7CQyXG%7CQyX7D%7CyQXG%7CQyXG%7CQyXA%7CQD7XyQyXG%7CQQyXG%7CQ%7CGXy%7CQyX7D%7CQyXG%7CQyGX%7CQyX7D%7CQyX7D%7CQD7XyQyXG%7CQ%7CGXyQ%7CE7XyQ%7CA7XyQ%7CDXyQ%7CGXyQZ%20%3D%3D0%3D0
b48601fe-4830-42e6-a671-40d3f60a3eca,irealb://Hard%20To%20Say%20I%27m%20Sorry=%28Chicago%29%20Peter%20Cetera%2DDavid%20Foster==Rock%20Ballad=Eb==1r34LbKcu7%2FW%2CD%2F44%3C%2A7%2FbA%2CbEs%3E%2966%28%20wlos%20etaredoMQyX4C%2C%7CBbTi%2A%5BYL7%2DGZ%2CW%2FG%2C%7BY%20QyX%5B%5D%2CbB%2C7%2D%7CFp%2CA%2FF%2CbB%2FW%2C%2DC%7C%2AAEbLB%2FG%2CCbB%2CbBpBb%2C%7CbAZL7%2DGZLbE%7C%2Cb%2FBW%2CbA%2FbB%20%2CbB%2FbELZEb%2Fp%2CbAZE1NYZ%2CF%2D7%2C%2C7bB%2CsusbB%7C%2C7%2D%2CF7%2DC%7C%2CbE%2CbB%2FbA%7C%7CXyQL7%2DC%7C%2C%2CbE%7C%2CC%2C%7CBbB%20%2CbB%2FbA%7Cp%2CA%2FFb%2CB%2FW%2C%2DC%7C%2CB%2FG%2CD%2Fb%2CBb7%2FbA%2Cbxl%7C%2Cbb%2FC%2CLbB%7Cp%2CA%2F7F%2CbB%2FCs%2CusC%7C%2CB%2FG%2CD%2FbBZsus%2CBA%2CD%2FW%2FW%2CbBXyQ%7CY%2C7%2DC%7Cp%2CbE%2CbB%2Cb%2FBbEZL7%2DF%207%2DCs2NF%2D7%2C%7CQyX%7D%20%7Cp%2CC%2FyQ%20Y%5BD%2FW%2C%2DbE%7C%2CD%2FbB%2C%2FFbD%7C%2CbE%2FbC%2CbGC%2Ab%2CAb7X%5D%2CbAbD%2FW%2C%2CDb%2CD%7C%2CD%2FbB%2CF%2FbD%7C%2Cb%2FEbC%2CbG%7C%2CbE%2FW%2C7b%7CEb%2D7bD%2FbG%2CAb7%2FC%2CW%2FCb%2C%7CBb7susLZBb7LZEb%2Cf%20Z%20=Pop%2DSmooth=66=1
b40241ee-eba7-44f0-a8ca-b922349d71ee,irealb://I%20Don't%20Want%20To%20Know%3DVaya%20Con%20Dios%3D%3DMedium%20Swing%3DC%3D%3D1r34LbKcu7yX-E%7C*69%20IQyXC%7CQyXx%7CQyXxQ%7CyXx%7CQyX-E%3Eortn%7CxXyQ%3C44T%7BXx%7CQyQ%7D%7B*AXx%7CQyXx%7CQyXx%7CQXy-E%3EtnahC%20%2096*%3CyQ%7CCXyXx%7CQQyXx%7CXyQ%7CxB*%7B%5DQyXx%7CQyX-EQ%7CyXx%7CQyX7B%7C%7DQyXA-XyQ-E%7CQy%7CE-XyQ%7CxXyQ%7CA-XyQ%7CxXyQ%7CB7XyQ%7CxXyQ%7CE-XyQ%7CppE7%2C%20%7D%20%3DJazz-Bossa%20Nova%3D118%3D3
b48b254a-fc02-43d0-b336-c31bca4123b5,irealb://Good%20Morning%20Heartache%20%28DGM%29%20025=Drake%2DFisher%2DHigginbotham==Ballad=C%2D==1r34LbKcu7bB%207%2D4C%2D7X9b7D%2C7bE%2C5b7%2DAZsL7%2DG%20FZL%20lcKQy%2CLZlG4TA%2A%7B%207%2DGsA%2D7%20AQyXQyX%7D%209C%20FZL%2D7C%207%2DG1NZLQ%2C7%2Db%20LZN2ZL%2C6%2DL6%2DG%207b9%2C%7CyX5%237A%7CQyX%2DD%7CQXy5%237AB%2A%5B%5DQyX6FlQ%7CD%5E7C%2C7%2DC%5B%5D%20%3EaG7LZCa%20%2EC%2ED%3C7F%207%2DCZ7LbG%207%2DbAZL7C%207%5El%20Cod%207%2DDZQG%2D7%20Gb7%2311%20LZF6XyQZ%20==75=1
b4c96b8e-3bad-41fd-bb92-3d5d892da552,irealb://Love%20Story%20%28DGM%29%20085=Mancini%20Henry==Medium%20Swing=G%2D==1r34LbKcu7s7D1N4G%2DXy7D%7CQyX7%5EbE%7CQyXG%2DZLx%7CQyX7DZLx%7CQ%20%20QLZ4TA%2A%7BF%7CQyXLZG%2DL%5D%207GZL7%5EG%7CQyX72DNZL%20QyXQyX%7D%20xZ%5B%2ABC%2D7D%20suyX7F%7CBb%5E7X%5B%5DQyX%2DGZL9b7D%20b57%2DA%7CQyX7%5EbE%7CQyC%2DXyQ%7CQyX7%20%3Eado7XyQ%7C%2EC%2ED%3C%20%207D%7CQyX7D%5E%7CQyX7A%7CQyX7%5EbE%20al%20C%5EbB%7CQ%5D%5BXyQXyQXyQXyQ%5BQD7sus%20D7LZG%2D%20Eb%5E7LZG%2DXyQZ%20=Jazz%2DBallad%20Melodic=92=1
b4a0bbd8-93a0-4a16-9746-acc6070e29ce,irealb://Stormy%20Weather%20%28DGM%29%20120=Harold%20Arlen%20Roehler==Ballad=Ab==1r34LbKcu7b7bE%204n%20EbL7oA%207%5EbASA%2A%7BQXyQyXQyXQyX%5D%205%237ZBb%2D74Ti%2A%5B%2DF%20bA%20Ab7LbE%207%2DbBZL9b7F%20%2FCbAZL6%2DbD%207%5EbDZ7%235LZbAZL9%207%2DbBQLZN1F%207%2DC2N%7CQyXQyXyQXQyX%7D%207bE%207%2DbB7b9LZ%297G%287oD%20bDLZAb%20%20bE%2FbAZL7oD%20bD%2AB%5B%20%20QyXQyX%5D%207bAAb7LZ5%237bEE%207bB%2FEb%20AF%205b7%2DCZL7bA%20b%2FEbAZL7oD%20bDZL7b7b9LZbAZL7b7%3CD%2ES%2E%20al%20Coda%3E%20%5D%5BQBb%2D7%20Eb7%235LZAb%5E7XyQZ%2C%20==70=1
b4498413-7967-40bb-954e-114ebbd7dcc1,irealb://So%20Doggone%20Lonesome%3DCash%20Johnny%3D%3D209%20bpm%3DF%3D4%3D1r34LbKcu7%3Eittu4%3C*57%7C%2CF%2FW%2CF%2FW%2CF%2FWn%3Esylno%20rtGQyXQyX%3C*57T4Ti*%5B%2FC%7C%2CbW%2FAb%2CA%2FW%20bA%2FCS%7CYZL%20r%7C%20%7CQyXG%2FC%7C%2CbA%2FWb%2CW%2FA%20bA%2FCLxZLFLZF%20WQyXQyX%5D%20%20lcKQyFX%7CQyXFl%7C%2CG%2FW%2CA%2F%20%20%7B*AA%2FW%20GLbBB*LZxLZLFZLCZLFZLxZLbZBLxZLFZLxZLCZLxZx%20%7D%5BxZLxZ%7B%5D%20QxLZxLZCZLFZLxZLbBZLxLZFZLCZLFZLxZLbBLZFLZFZLxZ*%3C%7C%2CbGtr%20sA%2FW%20bA%2FCs%7D%20%3Ex3x%3CZLFZLxZLbB%3Eolob%2CW%2FA%20%20%3CC*yXG%2FC.S.%20aW%2CbA%2FW%20bA%2FCi*QY%5B%5DQyXG%2FC%3EadoC%20l%2FAb%2C%7CD%20%2075Fl%7C%2CGr%7CXyQW%20FZLA%2FW%20G%2FC%7C%2CAb%2FW%2CbA%2FW%20bA%2FCZL%2FA%2CW%2FQyX%7CQ%20CLZfF%2C%20%3CFine%3E%20%20Z%20%3DPop-Country%3D209%3D1
b4f8077f-7f4a-4750-ac59-61c330023636,irealb://I%27m%20No%20Angel=Colton%2FPalmer==Rock=E==1r34LbKcu7%7C%2CA%2CB4%3CBreB%3CA%2A%5B%20%20QyXQyX%5D%20%20%7Cr%20ZLE%7C%2CA%2CB%3Ekareak%3E4Ti%2A%5BF%5B%5D%20%20%7C%20LZ%20%20%7Cr%20ZL%20%7Cr%20ZLE%7CA%2C%2CB%5B%5D%20%20%7Cr%20ZL%20%7CrLZ%20r%7Cr%20ZLE%2CB%3EkaZALZx%20AZL%23FZL%20%7Cr%20ZL%7C%20r%20ZLB%7C%2CA%2C%2D%23CZL%5B%3CBreLxZL%23%2A%7B%5D%20%20Z%20r%7C%20%20%7Cr%20ZL%20%7Cr%20ZL%2CE%2C%7CA%2CB%3EkaerB%3CQ%5B%5D%20LZ%20r%7CLE%7C%2CAr%20ZL%20%7CELZ%20E%7C%2CA%2CBD%2A%7B%7D%20%20%3Ex%3C4%7Cr%20ZL%20%7Cr%20ZL%20%7CrLZ%20r%7C%2CA%2CBC%7C%20LZ%20r%7C%3C4x%3E%20%20%7D%5BUB%20Z%20==145=2
b4e8c219-b3e1-44d2-bd34-30cc0ae6850c,irealb://In%20Your%20Light%3DIglesia%3D%3DPop%3DD%3D9%3D1r34LbKcu7ZLDZLZxLZGLxZLDA*%7B%7D%20%23C/ALZB/GZLxZLAZLxZLZGLZxLDi*%7BD%3EoroGLZx%20B*%7BQyXQyXQyXQyZXL%23C/AZLB/G2N%7C%7D%3C*63C1NZLxT93*%3CGLZxLxZLxZLDC*%7C%7D%20Q%2CC%23/AZLB/GZLxZLAZLZxLZZLxZLXQyXZnd%20bo1X%20ortni%20yalP0*3%3CQZL%20QyXQyX%3Eal%3EXyQLa%20A%20o%20oroCXyQ%7B*%7D%20%23C/AZLB/GZLxLZAZLxZLGZLxZLDD%7C%3C*36QyXQy2X%20and%20intro%202X%3EXyQXyQLZfD%20Z%20%3DPop-Rock%3D115%3D1
b44fc771-04df-47d4-8708-2a0784381fff,irealb://My%20Heart%20Belongs%20To%20Daddy=Porter%20Cole==Medium%20Up%20Swing=C%2D=10=1r34LbKcu7X%2C7G14C%2D7XcKQyX7G%7CQyX7%2DFQ%7CyX%2C7%2DCZL%20lcKQyl%20LZN4TA%2A%7B%2DCZL%207XyQ%7CX7%2DCB%2A%5B%20%20QyXQy%5DXQyX7%2DC%7CQyX7G2NyQKcl%2DC%7CQyyX7%5EC%7CG7%28GyX7%2DC%7CQyX7GZL%20clKQyX7G%7CQyX%299b7Q%5D%5B%2ACQyX%2C7X7%2DCZLZC%5E7%2DF%7CQyX7%5EbEZL7b%20B7%2DF%7CQyX7%5EF%7CQyX7%20G7L%20lcKQyQ%5D%20==0=0
b4122130-57e8-40dd-a2f6-fd8a0ce3043a,irealb://Just%20Because%20You%20Can%20%28Catherine%20Russell%29%20jl=Garniez%20Rachelle==Medium%20Swing=G%2D==1r34LbKcu7lcKQy4G%2DXy%2A%5BY%5D%20%20ns%2C7D%3EkareB%3CZL%20x%20ZL%20lcKQAlG%2DX4Ti%2A%5BEZL%20l7XyQK%2DG%7CQyX7D%7CQyX%2DGLZ%20lcKQyX7DZL%20lcXyQKcbEZL%20GQ%7CQyKcl%20LyXQyX%5DQyX7DZLQ%20%20%2DGZL%20lcKQyX7DZQXyQXQyX7bkaerBD7XyQ%2DGZL%20lcKQyX7DZ%20LlcKQyX%2DGZL%20lcKXyQ%7C%3C%7CQyX%2D%3EG%2D%2CsnU%20%20Z%20==140=6
b485e173-a429-47fc-80a0-8b0360477337,"irealb://King%20Is%20In%20The%20Room,%20The=Wickham%20Phil==Worship=Bb=2=1r34LbKcu7QyX9d4Bb,%2AQyXx%7CQyX%3E%2E%2E%2Eonmiac%20lE%20%2E1%2066%2A%3CA%7CEbad4Ti%2A{QyX9d}[%2AB%3CQyX7%2DG%7CQyXF%3E%2E%2Er%2Eev%20a%20somaV%2066%2A%7CEbadQyXx%7CyXx%7CQXyQEl%2E%2E%2E%C3%A1tse%2096%2A%3CC%2A]{%20ppp%3E%C3%ADuqa%20yeR%20%3EBbXy66%2A%3C%7C2%2066%2AXyQ%7CFQyXF%7CQyX7%2DG%7CQyDX%2FbB%7CQyXbE%7C}QyX][%2AA%3C7%2DG%7CQ%20bBZLcauti%2DG%7CQyXx%7CQyXbE%7CyQXx%7CQyXbB%3E%2E%2E%2Eov7%20F%2FA%20lE%20%2EB%3E%20%2E%2EZEbXyt%20s%C3%A1m%20yah%20oN%20%2E%20166%2A%3CD%2A[]pppp%7CQemor%2ELD%2FbBZLsusF%2FBbX%7CQyXsusF%7CQyXbBQ%7CyXbE%7CQyX7%2DG%7CQyG%2D7%20F%7CQyXbG%7CQyX][%2AD%3CbB%3E%20%2E%2E%2Eromet%20sm%C3%A1%20yah%20oN%20%2E2%2066%2AXyQ%7CFQyXbE%3Ci%2A[]usLZEZLsusF%207%2DG%7CQyX%2D7C%7CQyXsusF%7CQyXbEbXyQsF%207%2D%2A66%20%20%28Outro%29%3EBbLZxLZEbLZxLZG%2D7LZFLZsEb,%7Cx%7CBb%20Z%20==0=0"
b4ff057c-f65b-4319-bf28-bb5216ef81ed,irealb://Last%20Dance%3DPaul%20Jabara%20(Donna%20Summer)%3D%3DDisco%3DEb%3D3%3D1r34LbKcu7E%3E)se44%3C*7lohw%20sb%20%3Adalla%20bpop(%2046%20mpb%20%204e%20notTi*%5BYFZL%5EbyQ%7CF-%5D%20bB%2FW%20bE%2F7-F%7CyQX31%5EbE%7CQyXbE%2F7Y%7B*AEX31%5EbAlB*%5BLZEb%5EspZLsus9bEZLbE7%2F-FZL%5EbEZL%2BbBZLEb7%2C%5DbE%2F7-Al%7C%2Cb%7CBb%2FA11-C%2C9dda-C%2Csu9sCs%7CQyX7-G%7CQyXb%2CC-%2FBQyX%5EbE1NC*Bb%2FAb9Fl%7Cp%2C9F%2C7-C%2C9C-sZL7G%20sus7GZL%20%2C%20%5DY%5BZL%20%5Eb%20%20%E2%99%A9%20%E1%9A%A8LZBb9%20%3Asb%20%3Aocsid(%20612%20mpbQyX47*%3Csus%E2%99%AC%E0%B8%AF%20%E0%B8%AF.bB%2F%5Eb%5DA%5B%20oZ%20r%7C%20X47*%3ChA%3E%E2%97%87QyX%3CZ%20L%3E%E2%94%81%20%E2%99%A9%20%E1%9A%A8%E2%99%AA%E1%9A%A8%3C%7Cr%20ZLyQ%20%E2%86%92tL%3E)%20%2Fk%E2%86%92%20%20%3C%E1%9A%A8%E2%99%AA%E1%9A%A8%E2%99%AA%E2%99%ACXsus9bB%7CQyXbB2CN*%5BY%7D%20sus9bB%3E%E2%99%A9%E1%8A%95yQ%7C%20%20%20%3CZL%3Es9C%3E%E2%94%81g%3A%201%20%E1%9A%A8%20%E2%99%AA%20%E1%9A%A8%2096*%3CZLCSY%5B%5D%20QyX%7Cr%20%3E%E2%86%91pets%20%20%E2%99%A9%20%20hc%20ye%E0%B8%AF%E0%B8%AF%E2%99%AC%20%20Bh%3C*6LQ%20%3E%E2%97%8786*%3CA%2FFZL%3E%20%E2%97%8786*%3C%5EbBZL%20%3E%E2%97%878Z%3C*72ZL%20suZLF%2F7G-7%2CCFZL%2BCZL%5EFZLF%2F7G-ZL%5EFlA*%5B%5D%2Csus9%5ELZG-s%3E%E2%99%A9%E1%8A%95%E2%99%ACD%2C-D%2CLZpsFs%7CQyX7-A%7CQyXbBC%2F%7CQyX%5EbBlB*%5B%5D%2C7D7sussus9F%5Dp%2C9G%2FC%2C%7Clus9DsZL7A%20sus7%7CAQyXbB%2FC%7CQyX%5EbBs%2CD-%2CW%2C11-*%3CQ%7CYXyQ%7CCX%3EadoC%20la%20.S.D%20%20%3C%7CrQyX%7CQyXsus9yQ%20%5DYClC*%5BQyX96XyQ%E2%99%AC%E0%B8%AF%3E%EF%B8%B6%20QyX15*%3C%2CsusC9%20%2C7-Gl%3E%E2%99%A9%20%E1%8A%95%20%E2%99%AC%E0%B8%AF%20LZp%3C*QyX96%E2%97%87%3Eppp%7CU%3C*69%20%E2%99%A9XyQ%E1%8A%95XyQ%20%20%E2%94%81%3EsF%2Cln%20%20Z%20%3DPop-Disco%3D126%3D1
b44da8d6-f277-414e-908c-a38e43382592,irealb://Luck%20Be%20A%20Lady%201%3DLoesser%20Frank%3D%3DMedium%20Up%20Swing%3DDb%3D%3D1r34LbKcu76bDZL4Db69L96bDZL%20%7Cr%20ZL%20r%7C%20ZL%20%7Cr%20ZL96DZLZD69%2C4TA*%5BQyXQyLZEb-%2031AZL96bDZL96ZDL96bDZL%2C96DZL7%5DXyQX7EZL9L7-EZBD69LZL96DZL%20%7Cr%20ZL%20r%7C%20ZL%20%7Cr%20ZL96bEZEb69L*%5BQyXQyXQysB7%2C%7CbBZL96DZL96bEZ9L6DZL96bEZL7-El13%20%5DX%2C7CsZZLxZLQ%5B*CEL7bEZL7-bBZLxZ9L6bEZL31bBZL96bZF7b9yXQyX*%5B%5D%207Bb-%5E7-bEZLoEZL7-Fl%7C7%2CC%2C7hGsZL7-bBZL7LZAbZL-bBbGl%7C%2CLZD69-bAsZL96bDZL%20%7C%20rZL%20%7Cr%20ZL%20%7Cr%20ZL7%2CDb796bDD%2C96DZb7LZsZL96DZL96bDl%7C%2CD%5E%2C7-bE%7C%2CoE%2C96bDDb69LCZL96%20Z%20%3DJazz-Medium%20Up%20Swing%3D160%3D3
b4ccb2e7-919f-4c1f-893b-7a0d8167cd73,"irealb://Milwaukee%20Avenue=FISHMAN%20Greg==Medium%20Swing=Eb==1r34LbKcu7yX7oAb7XyQbA%7CZL7bE%207%2DbBZ7L%2DB%207bE%7CQyX7bA%7C7XyQ%7CE%3EA%3C{B%207%2DF%20D7LZ7%2DGZLbA%2F7bB%207b%7CBQyX7%2DFZL7C%207bD%20C7LZ7bE%7CQoA%7CQyB%3EEb7L,7bE%207%2DbBZL7%2D%20B7bE%7CQyX7bA%7CQyXZAb7X%3CZL7b7C%207%2DEb7%20D%2F7bB%207bB1N%7CQyX7,%2DFZL,7C%207bDZL7AbLZG]QyX7LZF%2D7%20Bb7%20}%7CN2F%2D7%20Bb7,Eb7]%20=Jazz%2DMedium%20Swing=139=1"
b47ed105-20b3-46f9-986f-81e3439ce274,irealb://Mohair%20Sam%3DFrazier%20Dallas%3D%3DCountry%20Rock%3DC%3D0%3D1r34LbKcu77CZL%207%2CXyQX%2C7GZL%20x%20ZL%20x%20LZ%20x%20ZL%20x%20ZL%20lcKyQKclC44T%5BX%2C7FZcl%20LZQyX%2C7CZL%20n%2CGZLn%20%2CCZL%20lcKQyX%2C7FKcl%20LKQyX%2C7C%7CQy%20LZC7G%7CQyX%2C7GZL%20lcKyQX%2C7DZL%20lcKQyX%2C9%235%2CXlcKQy%2CXyQKcl%20LZF7%2CXyQKcl%20LZC%2Cn%20LZG%2Cn%20LZC7%2CXyQKcl%20%20%5D%20%3DBlues-Stax%3D120%3D3
b40ec3a0-bcf4-40da-9827-790345a8d83a,irealb://My%20Life%3DJoel%20Billy%3D%3DEven%208ths%3DD%3D%3D1r34LbKcu7%2C9D%2C64DXyQD/7A%3Ex3%3C%2CD/G%2CDD%2C/Gs%7CQyXD%7B%20%20lcK%2C%7D%7BsD4Ti*%5BW%2CC/WZF13%20Bl2N%7C%7D%2CbA/W%2CA/sW%207%5EbBl1N%7C%2C9Fs%20b%5E7%20sL9Cl%7CGs%7CQy%7B*BlDlcKQyX7AZL%20lcKyQXG%7CQyX%23F/W%7CQyX%20LZDX%5D%2C%23C/7Al%7C%2CG/D%2CAA%2C%23F/D%2CGsZLGZLF%23/W%7CQyXDl%7C%5D%2CD/77/E%2CD%2CD%2CD/A/W%2CA%5D%5B*AN%5EbBl%7C%2C9Fs%20%2031FQ%7CyX9CZL%2C9D%20%2C6D17%20sW/%20QxZLl2NC*6%20D9L/W%2CC/Ws%207%5EbBl%7C9%2CFs%20%2031F%7CQyX9CZC%23%2C%7D%5BDl%7C%2CbZL-BZLZF%237L%23F/DZLGZLxZL9ZELxZL7DZLxZL%23C/ZF%237LxZL-B9Fs%20%20LZsG/9Cl%7C%2C9D%2C6DsA*QY%7BZ%2C7A%2CA/G%7C%2C7A%2CALZF13xZL7EW%2CC/WBb%5E7%20Bl%3E.O.F%20%26%20taepRe%3C2N%7D%2CbA/W%2CA/Wsb%5E7%20sl1N%7C%2C/C%23%2C%7D%7CUlDXyQZ%20%3DJazz-Even%208ths%3D150%3D3
b460bffe-d389-4f2d-9012-6564a2f8ef76,irealb://Night%2C%20A%3DNemeth%20Ferenc%3D%3DEven%208th's%3DC-%3D%3D1r34LbKcu7A%207-CAlC-7cKQyX7-F44TZL%20%5E7bA43TZL%207%5EbAl%20l%20%20%7D%7C*%7B44TbA43TZT34AbA%207-CZL%20lcKQybXD/7-F44TZL%207%5Eb%5E7%20LZL%207%5EbF%7CQyXXyQXyQyX7%5EbE%7CQyX7-GQ%7CyX7-F44TB*%5B%20%20Q%7CAb%5E7%5B%20%207%5EQyX%5B%20%7CG-7XbE%7CQyXsus7F%7CQy7X%5EbA%7CQyX7%5EbE%7CQy%5E7%20f%20QyX7-QyX7-%5B*CT3L%20lcKQyXbE%7CQyX-6bA44T%7CQyX7-Cl4ZT34C%20%20QyXcKQyXb-6XyXbA%7CQyX-G%3Esolo%3CS%7CQyX-F%7CQyXbE%7CQyQ%7CBbA44T%7Cl%20%20%5D%7BT44C-7XyQ%7CT34Ab-6XyQ%7CT44EbXyQ%7CT34Ab-6XyQ%7D%20%3D%3D0%3D0
b4b21113-9ce7-4d56-a690-797ee91e9d00,irealb://No%20Hay%20Nadie%20Como%20Tu%20%28Solo%29%3DWilbur%20Paul%3D%3DPop%20-%20Slow%20Rock%3DC%3D%3D1r34LbKcu7%7D%2CA%2CC%2CA%2CA%2CD%2CE%20%2CE%2CE%2CD%2CC%2CDE%2C%20%2CE%2CE%2CD%2CD%2CG%2CA%20%2CC%2CD%2CG44T%7BA%2CB%2CC%2CD%2CEZ%20%3DPop-Slow%20Rock%3D70%3D1
b478fcc1-d91a-4da9-8f23-88705fad12fa,irealb://No%20me%20importa%20nada%3DCasal%20Luz%3D%3DPop%20Ballad%3DE%3D4%3D1r34LbKcu7ZLxZL4BLZxLxZLBA*%5B%5D%20EZLALZ-%23FZLxZLBZLEZLZELZB4Ti*%5B%2CB%2C-%23A%20%5D%7C%20%2FB%2CE%7C%2C-A%2CA%7C%2CB%2C%23-C%7C%2C%23D%2FB%2CEsB*ZLD%23%2C%7CCZL-%23FA%7C%2C-%23o%2C%7CBLA%2CEZLB%7C%2CE%2CA%7C%2C-C%23%2CB%7C%2CA%2CEC*%5B%5D%20xZ%2C%7CB%2CC%23A%2CA%7CZLBA*%7CB%20%5DYQyX%5D%20EZLAZL-%23FLZxZLBl%3Eolos%3CD*%5BXyQY%5B%2Co%23A%2CB%2CE%7C%2CZBLZx%2CB%2C-%23C%7C%2C%23D%2FB%2CEBs*%5B%20%20%5D%20AZL-%23FZL%7CA%2CA-LEZLx%2CEZLBC%23-%2CB%7C%2C-%23C%2CB%7C%2CA%2CEC*%5D%5B%20xZLB%7C%2Co%23A%2CA%7C%2CA%2CE%2C%7C%7C%2C%23D%2F%2CEZLBC%23-%2C%7C%7C%2C-%23C%2CB%7C%2CA%2CE%3Eools%3CD*%5BY%5D%20B%7C%2CE%2CAA%2CE%2C%7C%2CB%7C%2CAC%2CB%7C%2CC%23-%2C%7CB%7C%2CE%2CA%7C%2C-%23C%2CB%7CA%2C%2CEC*%7BY%5D%20B%7C%2CE%2CALZE%2CA%2CB%7C%2CA%23-%2C%7C%3CRepeat%20x%20times%3EA%2CE%2C%7CB%20%7D%20%3DPop-Smooth%3D85%3D1
b44e850c-6f45-4bc9-a436-798494b342f8,irealb://Oh!%20Lady%20Be%20Good%3DGeorge%20Gershwin%2C%20Ira%20Gershwin%20%281924%29%3D%3DMedium%20Up%20Swing%3DF%3D%3D1r34LbKcu72N%7CQy4FXyQX7C%7CQyX7-GZLob%20AF%7CQyXF%7CQyX7bB%7CyQ%7CFX4TA*%7BL%20lcK%7DXyQXL%20lcKQyXbBB*%5B%5DyQX7F2N%7CQyXQyXQyZFXyQQyX7CZLobAQKcl%20XF%7CQyX7bB%7CQyXF*A%5B%5D%20%20lcKQyX7CZLyQ%7CF%20yX7GZG-7XyQ%7CC7XyQ%7CFXyQ%7C%20%2Cx%20%28C7%29%20%5D%20%3D%3D0%3D0
b48c5d21-0863-4c96-af11-60e5be33de49,irealb://PFJ-017%3DCoker%20Jerry%3D%3DMedium%20Swing%3DC%3D%3D1r34LbKcu76CZL6b6LZDZL6A%206bAZL6G%206GbZL6F%206EZL6bE%206Bb6%20BD%206C%5B%20n%20Z%20%3D%3D0%3D0
b4d1502e-74bf-4c5c-b0f9-b77a152c95e7,irealb://Panhandle%20Rag%3DMcAuliffe%20Leon%3D%3DMedium%20Swing%3DC%3D10%3D1r34LbKcu7X7A%7CQQXyQX%7CQyXD%7CQyXDZL7GD%20%7CQyXDA*%7B%20QyXQy%7CA7XyyXQyXyX7G%7CyQ%7CN1B*%5B%5DQyX7D2N%7CQyQXyXQyXQyX%7D%20%20n%2CDG7XyQXD%7CQyL7G%20DQ%7CDXyA*%5B%5D%20%20n%2C7A%7CQyXA7%7CQyX7G%7CQyX7G%7CQDXyQ%7CyXD%7CQZDXyQ%7CDXyQ%7CA7XyQ%7CA7XyQ%7CDXyQ%7CD%2Cn%20%20%5D%20%3DPop-Bluegrass%3D190%3D8
b4eed012-9978-4015-9f72-268fd076cb9d,irealb://Recife%27s%20Blues=Roditi%20Claudio==Samba=F==1r34LbKcu7C%2F31FF13%20L1B%20ZL%2031bB%20ZL%203%2C1B%20ZL%20x%20ZL%20x%20Z3%20LZ%20%2044T%5B%20LZ%20D7b9%235%2C%20LZ%20G%2D7%20LZ%20C13%2C%20LZF%5E7%20F%23h7LZG%2D7%2C%20C7%20%7D%20==200=24
b4ab1581-5787-4db0-ad7f-d75938705f94,irealb://Rhythm%20Changes%2C%20The=Washington%20Kamasi==Shuffle=Bb==1r34LbKcu7%20bB%2F94Bb%2C%20B%2FoB%20%2CbBZLbB%2F7Co%20bB%2F9%2DCZLbB%2FoBbLZC%2D4Ti%2A%7B%5EbBZLBb%2C%3C4C%20bB%2F9%2DCZLbB%2Fo%20B7%5EbBA%2A%7BYY%7D%20l%3Exo7%2FBb%2F7oCsNZLbBBbLZCbB%2F%5EbEZL7bB%207%5EBbZLbB%2F7oC%20bB%2F9%2D%20Co7%2F%2FoB%207X7%5E%23FXyQ%7CEyXx%7CQyX%5EbB2NZLQ%20yXQyX%7DQyXbB%2F7%2DQ%5D%5B%2AB7%5EbB1usF%7CQ7b13X%7CQyX9%2D%23G%7CQyX7o%7CAQyX%2A9sus%2AbE%7CQyC%237XybB%7CQyB%2FoB%20F7XyQLbB%2Fo%23F%20bB%2F9%2DCLZbB%2FoB%207%5EbBA%2A%5B%5DZBb%5E7%7CQyXsE%7CQyX9%2FBb%20LA%2Fo%23F%20bB%2F%5EbEZ7LbB%207bBZLbB%2Fo%23FZBb%5E7%2DCZLb%2D7%2FBb%20F7%20%5D%20==70=0
b400cec9-8cb9-4339-a577-e9e2ffbe6f1c,irealb://Ride%20Like%20The%20Wind%3DCross%20Christopher%3D%3DPop%3DC-%3D%3D1r34LbKcu7L7-CZ74%20%20K7-C%3Esdairt%20bB-Eb%20:ffir%20draobyeLZBbL*%3Ci*%7BBZL7-Bb/AbZL7-C%3E1%2096*%3Cv*%7D%7B%20bBZL7-CZLbBZLBbLZCZLbBZ*%3Cv*%5DAb%5E9L7-CZLbBZL7-C%7C%5D9%20-GZL9%5EbAZL9-GZLZBb%20C*%7D%20bL9%5EbAC-7LZBZL7-CZLbBZLbAb/BZLbBZL7-CZLbBb%20%5D*C%3E2%20867-D%20%20ZAb%5E9-CB*%7B%20bBZL7-CZbLBZL7-C%7C%5D%209-GZL9XyQ%7CL9-GZ7%5EbEZ-9XyQ%2C9-CZLC/7-D%20%20%7CyQX9-CZLC/7-D%20%20%7C%20D-7LCZLC/reV%20e%20%7DXyQ%20a%20yalp%20%2Cegdir%20bretfA06*%3C%20%20QyXdoublG/F%20%2CdirB%20%20theno%20pmaV%20%20.suroh6C3*%3C%20%3Eelbuod%20a%20ut%20on%2C2%20esge%20to%20end/fade%3E%20%3DPop-Rock%3D115%3D1
b4098f81-cc54-4118-b2e2-ab0ebf30d50e,irealb://Same%20Old%20Story=Crawford%20Randy==Soul=E%2D==1r34LbKcu7%7CQyX%2D%2D7XyQ%2DA%7CQyX%2DEv%2A%7B%7DQy%2DXA%7CQyX%2DE%7CQyX%2DA%7CXyQ%7CEE44T%7ByX%2DA%7C%7CE%2DXy%7CQyX%2DEC%2A%5B%7DQyX%2DZEL7B%20%2DE%7CQyX%2DA%7CQE%2DXyQQyX7BQ%7CA%2DXyQ%7CE%2DXyQ%7CE%2DXyQ%7CA%2D%20B7LZA%2D%20%20T44%20%5D%20==0=0
b4a6d838-3ff8-4872-ac29-d27b2ca59aad,irealb://Shining%20Sea%2C%20The%202%3DMandel%20Johnny%3D%3DSlow%20Bossa%3DF%3D%3D1r34LbKcu7QyX964Db9b%5DQyXsus7C%7CQyX9F6%7CQyXsus7C%7CQyX5Y%7B*AF4Ti*%5BX9%5ED1sXyQ%7C31A%207-E%7CQyX9%5EDQ%7CyXsus7C%7CQyX96Fb9LZNus7C%7C-EB*%5Bsus%20CB%20%2C7h%23F%7CQyX9%5EDN2ZL%20QyXQyX%7D%209b77b9%20%5D7C%7CQyBl%7C%2C%23A7sus%5EDs%20%2CsusD%3E%293%20tmio%2806*%3CZL9b31A%20%2CD%5E/C%7CQyX7X96FC%7CAb-7b7C%20sus7C%7CQyX9b6G%7CQyX5%237bD%7CQyX9%20%5D%5B*QyX7-X5b9bsusXy7D%7CQyX11%239bE%7CQXysus7C%7CQyX96F%7CQXyQ%7CD7C%7CQyF%3E%20Qysus%20%20Q%7BY%20%20QyXQyX%5DQysXus7C%7CQyX96FZLQ%3C*66X7C%7CQy69XyQ%7CC7susXyQ%7CF69XyQ%7CC7susXyQ%7D%20%3DJazz-Bossa%20Nova%3D90%3D2
b4ea7dc2-f5e5-44e4-a2aa-ebf1be00ef1b,irealb://Silent%20Night%20Jazzy%3DGruber%20Franz%3D%3DMedium%20Swing%3DC%3D%3D1r34LbKcu7F%7CQyX%5EXyQ%7CX7G%7CQyX-D%7CQyX7%7CDQyX-A%7CQyX5b7bByQ%7CC%5EC43T%7CCZL7GyQ%7CF%5E%7CQyX%5EF%7CQyX7%23F%7CyQX%5ECZL7G%20-D%7CQyXD-%2FG%20X9b7%23%20-DZLC%5EXyQC%7CQyX6-F%7CQyXh%23%7CFQyX7G%7CQyXG%2F-D%7C%2FE%20A-%7CQyX%5EG7LZDb%5EXyQ%7CDb%5EXyQZ%20%3DJazz-Slow%20Swing%3D75%3D7
b4d2fa55-c4d3-48b8-ac14-1830110dc684,irealb://la%20Liona%3DEspana%3D%3DFolk%20Rock%3DA-%3D%3D1r34LbKcu7ZL-AlBevezEZL7EZLFZLFZLGLZGZL-AZL-Al%3E%C5%91te7LZY%7B%3C43T%5BEZLFZ-LZD-ZLGZL-AZL-A%5B%7D%20E7ZL7EZL-AZL-AZLGLZFLDZL-A7LZE7%20%5D%20%3D%3D0%3D0
b4baab5c-630c-4ffb-a03f-5c9369b58fff,irealb://St.%20James%20Infirmary%20-%20example%3DPrimrose%20Joe%3D%3DMedium%20Swing%3DD-%3D%3D1r34LbKcu7QyXZL-%20A7LQyX%7CQyX6Fl%7C%2C7C7%2C-Gs%20-DZL7A%20-DZLZXyQD44T%5BLZXyQ%20Z%20%3DJazz-Medium%20Swing%3D100%3D3
b49ca01a-871f-44db-9fe2-48406e49c768,irealb://Strasbourg%20Saint%20Denis%3DHargrove%20Roy%3D%3DMedium%20Swing%3DC%3D10%3D1r34LbKcu7ZL7-D-7%20D-L7-D%20%5EbEZL7-D%20-7CZL7-D%20%5EbEZL%2C7ZC-7%20C44T%7BD%207-C7susL%20%5EbEZL7-D%207-C%7CQ%7DyX9b7G%7CQyX%5EbBZD-7LZF%20%5EbEC%7B%7CQyb%5E%20D-%7CQyX%5EbBZLsus7F%5E%20bEZL7-D%207-CZL7G7b9XEZL7-F%20%5EbE7%2CLZE%207-CZL7-D%20%5EbEZ7L-D%207-CZL7-D%20%5EbD-7LZ-D%207-7susLZBb%5EXyQ%7CG7b9%20%20U%20%7D%20%3DJazz-Medium%20Swing%3D100%3D3
b4c43fb3-6243-4977-8a5f-c866c8d3c5da,irealb://Sweet%20Child%20o%20Mine%3DGuns%20'n%20Roses%3D%3DRock%3DD%3D2%3D1r34LbKcu7aCZLx4%3CInt%20xZLDZLxZLGZLxLZ9ddaCZLxZLD%3Eor%5D%7CDLZ4Ti*%7B%20xZLDxLZGLGZLxZL9ddaCZLxLZDA*%7B%7D%20xZLDZLxZLZxLZZL9ddC%3Eho%3CxLZCaho%20%2ChO%3CB*%5B%7D%20xZDLZLxZLGZLxZL9dd%2C%3EALZZLD%5B%5DY%5D%20xZne%3EDLim%3CZLC%3Eho%20%2Cho%3CLZA%3E%2Cho%20%2ChO%3CZLxZne%3EDLim%3CZLLxZLDolo1%3ES%3C2N%7BY%7D%20xZLDZLZxLGZLxZLCZLxZLDolo2%3ES%3C1N%5BLD%3EenLZGLZC%3Eho%3CZLA%3E%2Cho%20%2COh%3CB*%7BY%7D%20xZLDZLxLZ%3CmixZLCZ-3oloOh%2C%20oY%7D%20xZLD%3Eenim%3CZCL%3Eho%20%2Cho%3CZLA%3E%2Ch%7B*C%3CS%3CZLxZ*%7BQyXZCLZBXQyX%7C%5D%20AZLA%5B%7D%20ZALBZLCZL-EZLAZLyQXyQL-E%3E1*%7BY%7D%2Co3-2%3E%7C%2C-A%7C%2CGZL-E%7C%2CGD%2C%20%2CC%7C%2C-A%7C%2CGZL-EC%20D%2CGloS%3CDE%5B%7D%2CGro%3EE-D%20C%7C%2C-A%7C%2CGZL-E%2C%7CG%2CD%20C%7C%2C-A%7C%2CGZL%2C%3C4x%3EtuO%3CD-XyQZ%20%3DPop-Rock%3D100%3D1
b48304e4-53a5-4d99-b94d-ca24cec891f6,irealb://Tain%27t%20Nobody%27s%20Business%20If%20I%20Do=Porter%20Grainger%2DEverett%20Robbins==Medium%20Swing=C==1r34LbKcu7[T44CXyQ%7CE7XyQ%7CA%2DXyQ%7CFXyQ%7CCXyQ%7CGXyQ%7CC%20A7LZD7%20G7%20]%20==0=0
b4b07d57-d76f-4504-8792-700463c13aa9,irealb://There's%20a%20place%3DMcCartney%20Lennon-%3D%3DRock%3DE%3D%3D1r34LbKcu7B%7CQyX4nXyQQyXE%7CQyXA%7CQyXEQ%7CyXA%7CQyXE%5BQyXn%7C%7CC%23-74TA*%7B%7DQyX7/AXyQ7-%23F%20A%7CQyX7%5EE%7CQ%7CyXA%7CQyX7-bA1N%7CLZC%23-B%7CQyXbA%7CQyyQ%7CAXX%23F%7CQyX-%23CB*%7B%20yQX%5DQyXB%7CQyXB%7CQyyQ%7CEXXA2N%7C%7CQyX7*AnXyyXE%7CQyXA%7CQyXE%7CyQXA%7CQyXE%5BQyXn%7CQQ%7CC%23-%7B%7DQyXn%7CQyXB/AXyL7-%23F%20A%7CQyX7%5EE%7C%7CQyXA%7CQyX7-bA%7CQZC%23-7%7CQyXBXyQ%7C%5BEXyQ%7CAXyQ%7CEXyQ%7CAXyQ%7C%2Cf%2CE%20%20%2CU%2C%20Z%20%3D%3D0%3D0
b408552b-ef25-4349-9652-4f0744b691ff,"irealb://They%20Won%27t%20Go%20When%20I%20Go=Wonder%2DWright%20%28Stevie%20Wonder%20%2D%201974%29==Soul=F%23%2D=9=1r34LbKcu7%7C,6%2DB34%3C%2A7%2F%2D%23Fl%7C,%23G%2F7%23Cs%20%20,%2D%23F%3E85%20mpb%20%204A,%20%20sTi%2A[Y,A%2F%2D%23C%23,%20%20Gp,%2D%23F[]F%2F%23Cs%20,%20E%2F%2D%23Fl%7C,D%2F6%2DBs%23%2D,%7CF%2F%2D%23FlCp,%2D%23F%23%2D%2FCxZL%2D%23Fl%7C,F%2F%23CpE,%2F%2D%23F%7C,D%2F6%2DBp,%23%20][sF%7C,%2DBpZL%2D%23F%7CF%23%2D%2F7%23Cp,E%2FA%7C,D%2F%2DB,p%23C%2F%2D%23F%7C,6%2DBp,A%2FF,{l,%23G%2F%23no%20x%20%2AASF%23%2A%3C%7C,6%2DBs%20%20,A%2F%2DF%23l%7C,%23G%2F7%23Cs%20%20,%2D691st{Y}%20x},F%2F7F%23%2D%2FC327%2A%3C%20%20,E%2F%2D%23Fl%29%7C7oD%28D%2F6%2DBs%20%20,%23x%3EsC%23l%3E%3Ayll%7C,7FF%23%2D,%20Cl%7C,7Gs%20%20,7Dl%7C7,As%20%20,7El%7C,7Bs%207,%20%20slB%2A[Y%23Cp,%2D%20sEb7[Y]%20%20lcKQyX%2D%23F%7Cl,7%23Cs%20%20,7bAl%7C,N1sF%23%20,7bBD%2047%2A%7CF%23%2D%2F7%23Cp,E%2FA%7C,D%2F%2DB,p%23C%2F%2D%23F%7C,6%2DBp,A%2FF,%7C%3C,%23G%2F7,E}%209l%202ndFZLDZL%2D%23F2NC%2A{]Y%20xZL%2D%23Fl%3E%2EdnE%20%23%2DLZBa%20%2ES%2E[Y]Qy%2D7%2FE,%20C%2F%2DAZL%20+%23CZL%20ZDL%207A%7CQyX%23G%2FEl%7CLZB7X%23Fs%20%20%20la%20%2EZppsB7%2A%3C%7C,F%2F%23Cp,%2D%23F,%7CD%2F7%2DBp,%2D%23F%7C,6%2D4%20D%2ESL%20%2D%23F%23F%7C,7nd%2E%3El%2F%2D%23F%7C,%23G%2F7%23Cp,%23%2DFs3N[Y]%20xZL%2D%23FA,pBoE%20dr3%2D%2FC%23,pDo7,%7CF%23%2D%2FC%23,pfC%237,%7CUlF%23%2D,fXyQZ%20=Jazz%2DBallad%20Even=58=1"
b45c5150-3cf0-4c76-9468-d309537a9a13,irealb://This%20Christmas%3DComposer%20Unknown%3D%3DRock%20Pop%3DF%3D9%3D1r34LbKcu7%20lcKQT44%3C*ZL7%5EbE%207%5EbBZL7A-%207%5EbB%3Ex3%20QyX96F%5E7Xy%2Ci*%2C%7B7-D%7CQA%2CF%5E7%7C%2C7C%2C-D%2CbE%20%7CQy7X%5EbE%7CQyX7-D%7CQyXF%5E7Xy*%2C%5B%7D%207C%7CQyb%5E7XyQyX7-D%7CQyX7-A%2C*B%2C%7C%2C7C%2C-D%2CbE%20%7CQ%7CG-7XE%7CQyX96*%3C%7CQ%7C%2C*CBZL-D%207-AZL7%5Eb%20E7%5EbBZL7hF%207%5EF%2Co7XyQyXsusXZLQyto%20inXZLQyX%3EC%20taepe%20remit%20lanif/ortyQLZX%20kcaBXZLQyyQLZXXZLQyXZLQyXZLQXyZLQyXZLQyXZLQyyQLZXXZLQyXZLQyyQLZXXZLQyXZLQyXZLQXyZLQyXZLQyXZLQyyQLZXXZLQyyQLZXyQLZXyQLZXyQLZXyQ%20Z%20%3DPop-Rock%3D115%3D1
b49f7490-a080-4efa-ad1b-8ee990d1329f,irealb://Amazing%20Grace%3DThe%20Easiest%20Country%20PSG%3D%3DPop%20Ballad%3DG%3D%3D1r34LbKcu7yXG%7C%7CXyQ%7CGQyX7D%7CQyXx%7CQyX%7CxQyXG%7CQyXC%7CQyX7%7CxXyQG43T%5BQ%7CG7XyQ%7CCXyQ%7CxXyQ%7CE-XyQ%7CG7XyQ%7CG%20C%20%2C%7CGXyQZ%20%3D%3D0%3D0
b4ffdcb4-e8ec-4d8e-a494-3305796382ed,irealb://Just%20Friends%201%3DKlenner%20John%3D%3DMedium%20Swing%3DF%3D%3D1r34LbKcu77-bAZ4Bb%5E7QyX7%5EF%7CQyX7bE%7CyQX7-bBZL%20lcKQyXKcl%20L4TA*%5B%20lcKQb7XyQQyX7-D%7CQyX7%5EF%7CyQX7C%7CQyX7-GB*%5B%5D%7CG7XyD%7CQyX7%5EF%7CQXyQ%7CC%7CQyX7-bBZL%20lcKyQX7%5EbBA*%5B%5D%207F%207Eb7Xy7-GZLZL9b7l%20LZA%7CQyX7C%7CQyX7-GC%5B*%5DQyX7bD%7CQyX7-bEh7%20AcKQyXD-7XyQ%7CG7XyQ%7CG-7%20C7LZUF6XyQ%7CC-7%20F7%20Z%20%3DJazz-Medium%20Swing%3D107%3D3
b43855e5-787c-449a-8112-3355227c700c,irealb://When%20I%20Met%20You%20%28Apo%20Hiking%20Society%29=Paredes%20Jim==Funk=Bb==1r34LbKcu7p%207%5Eb4Bb%5E7tla7F%20%2C7Cp%207%5EbZDL7bA%20bB%2F7%2DbEp%20XyQ%7CB4Ti%2A%7C%2DbE%207A%20%2FG%20%7BY%20%5Bppp%2CF%7Cppp%29%5E9bE%28pZL%2C31F%20%3E%20%2F%2AABb%5E%2F%3C%2CbB7%2DbE%20b%5E7%20EL7F%3EF%2F%20%23F%2F%20%3C%207C%2DZL7%2DG%207%2DDZL7%2DbZBb%5E7BZL%2C7F%2F%3C7D7%20Eb%2D%5B%2CE%2FB%2CFppYZL7F7%20%2DCZL7%2DG%207%2DDZL7Eb%5E7%20%5EbBZLF%2F%3C7D%2D7%2C%20F%7C%2CE%2FB%2C%2A%20%2AF%20%2C7%5EEbZL%2C7bB%207%2DF%207%2D%23Eb%5E7%20GZL%3E%23%2FbE%2Cb%2D7%2C%20F%2C7%2DCs1N%7Cp%20%207%5EbYEZL%2C7%2DE%207%2DF%207%2D%23D%2D7%2CEGZL%3E%23%2CbBlZ%20%5BN2CZL%2DbE%20bDlB%2A%7Cp%2C%2FFbE%2C7%5EbE%2C7%2DD%2C7%2DE%20F7L%20%7Dp%2CFFZLxZZsEb%2DCZLbA%20bGZLbG%207b%5EDl%7C%2C7bA%2C7%2DAp%2C6%2D%20F7LL%2CbE%207%2Cp%7D%20==70=2
b4b4338f-3baf-4073-aa88-5a00c3826524,irealb://When%20You're%20Smiling%3DShay-Fisher-Goodwin%20(Louis%20Armstrong)%3D%3DSlow%20Swing%3DAb%3D8%3D1r34LbKcu7%20lcKQ44%3C*7%3E)%222%22%20ni%20gniwsw%20ols(%2038%20mpb%20%204Ab6XyTi*%5BY%3E)ylnyQKcloh(%3Cn%2CbAs%7CQyX93b1bE%7CQyX7-bBZL%20rns%20oX9FZLF%7CQyXo7%2C%7CEQyX%5EbAZL%20lcKQy6XbAA*%5BY%5D%20%20nl%2C9b%7CAb6%2CB%2C7-CX%2C7-bcl%20LZ%2C%5E-bB%7CQyX-bB%7CQXy6-bBZL9b7F%20-bBXyQ%7CBKQyX7%20lcKQ%20LZEbB*%5BY%5D%20%20lcKQyX6Ab%7CQyX5%239bE%7CQyX9Ab9XylcKQyL%20lcKXyQ%7CpAZL%20lcKQyX7bEZ%20LlcKQyX7bBZL7Fpb6XyQ6bDZLdoC%20lQKcl%20D%20%3CZL7oB%206bAZL%20Q%207bE%7CQyX7-bBZL.C.%20ayX7FZX%E2%99%A9%20277%20Eb1oD%2C6bD%2C5%237C%2CbAQsZL%20QyXQyXYY%5D%2037%2C%7C%3C*-bB%3EayQ%20%E2%99%AB%3EAb%2FEb%2C%3C*54%20%20%EF%B8%B6%3EEb7%235%2CflAb6%2C%20Z%20%3DJazz-Ballad%20Swing%3D83%3D1
b46fac2b-0a0b-4159-ba82-cff5c647ed32,irealb://When%20in%20Rome%3DColeman%20Cy%3D%3DMedium%20Swing%3DC%3D%3D1r34LbKcu7QyX7-4C%5EXy7A%7CQyX%5EC%7CQyX7GQ%7CyX7-D%7CQyX7-A%7CQXyQ%7CD4TA*%7BQyX7GQ%7CD-7-D%7CQyX31b7A%7CQy7X-EZLF/W%207G%7CQyX7XyQ%7CyX7G%7C7G%207-yQ%7CC7%206C1NZLsus9b7G7%20-DZL7-E%20%5EF%7CQyXA7LZDX7-G%7C7bB%7CQXyQ%20LlB*%7B%5D%20%20x%2C%5EC%7C%2C7D-%2C7-E%2C%5EF%2C6Cs2NZF-7XyQyX%7D%207C%7CQyLZG-7B%285%237G%7CQyX7bB%7CyQX7-F%7CQyX7C%7CQyXb-7%29XbA/W%20QyX%29%5EEb7%29XZL7bD%20%297bD%287-b%7CAQyX%29%5EbA%287-F%7CQyE-7%28C%285%239b%20%20x%2C6Q%7CD-7D%206CZL7G%207DZL7%20A6C1N%7CQyX7G%7CQyXhLZsCyX7A%7C%2C7-E%2CE-7%2C%20s%7CQyX7G%7CQyX7-DQ%7CyXtla7AZL%20%29%5EC%28C6%2CF%5El2N%7C%7DD-7%2C%7CU%3CFINE%3EC%5E%2Cx%20%20Z%20%3DJazz-Medium%20Swing%3D150%3D3
b433f97b-7ebb-4166-826c-e9d2f19b4657,irealb://While%20Shepherds%20Watched%20Their%20Flocks=Tate%2DHandel==Medium%20Swing=C==1r34LbKcu7QyXG%7C4F%20D%2DQyXCZLG%20CA%2A%7BZLG7%20CZLG%20CZLF%20CZL%7CCXyQ4Ti%2A%7B%7D%2C7G%2CLZCXyN%7D%2C7G%2CF%20%2CC1NZL%20GCZLF%20CZL%2DD%20F%7CQ2C%2C%20F%2DD%20G%7CN3CXyQZ%20==104=1
b4815c4f-a556-4eca-8485-e71ef233fd9d,irealb://satu%20satu%202%3Didgitaf%3D%3DMedium%20Swing%3DE%3D4%3D1r34LbKcu7%20%23FZL%23*m*%20LBQ%20%23F%7CQyX*m*%23%7CGQyXAQ%7C%2CE%2C*m*%23DZE%20C%23C44T%5ByXZLQC%23LZFyX%7CQyXE%3Eutas%20uats%3CZLB%3Enahat%3C%20%23QLZXy%20EZLByXZLQQLZXyyXZLQyXZLQyXZLyQXZLQyXZLQyXZLQQLZXyyXZLQyXZLQQLZXyyXZLQyXZLQyXZLyQXZLQyXZLQyXZLQQLZXyyXZLQyXZLQQLZXyyXZLQyXZLQyXZLyQXZLQyXZLQyXZLQQLZXyyXZLQQLZXyQLZXyQLZXyQLZXyQLZXyQLZXyQ%20Z%20%3DJazz-Medium%20Swing%3D120%3D3
b4defcf8-71f2-4b81-9608-9cf7fb2ab24e,irealbook://Four%20Star%20Ending%20x%201%20-%20%20Baubles%3DLego%20Metabricks%3DMedium%20Swing%3DC%3Dn%3D%7CsF%5E7%20%7CF%23-7%2CB7%2C%7CE-7%20%7CA7%20%7CD-7%20%7CG7%2C%20%7CC%5E7%20%7Cx%20%7CGb%5E7%20%7CG-7%2CC7%2C%7CF-7%20%7CBb7%20%7CEb-7%20%7CAb7%2C%20%7CDb%5E7%2C%20%7Cx%20%7C%7CG%5E7%20%7CAb-7%2CDb7%2C%7CGb-7%20%7CB7%20%7CE-7%20%7CA7%2C%20%7CD%5E7%2C%20%7Cx%20%7CAb%5E7%20%7CA-7%2CD7%2C%7CG-7%20%7CC7%20%7CF-7%20%7CBb7%2C%20%7CEb%5E7%2C%20%7Cx%20%7C%7CA%5E7%20%7CBb-7%2CEb7%2C%7CAb-7%20%7CDb7%20%7CGb-7%20%7CB7%2C%20%7CE%5E7%2C%20%7Cx%20%7CBb%5E7%20%7CB-7%2CE7%2C%7CA-7%20%7CD7%20%7CG-7%20%7CC7%2C%20%7CF%5E7%2C%20%7Cx%20%7C%7CB%5E7%20%7CC-7%2CF7%2C%7CBb-7%20%7CEb7%20%7CAb-7%20%7CDb7%2C%20%7CGb%5E7%2C%20%7Cx%20%7CC%5E7%20%7CC%23-7%2CF%237%2C%7CB-7%20%7CE7%20%7CA-7%20%7CD7%2C%20%7CG%5E7%2C%20%7Cx%20%7C%7CDb%5E7%20%7CD-7%2CG7%2C%7CC-7%20%7CF7%20%7CBb-7%20%7CEb7%2C%20%7CAb%5E7%2C%20%7Cx%20%7CD%5E7%20%7CD%23-7%2CG%237%2C%7CC%23-7%20%7CF%237%20%7CB-7%20%7CE7%2C%20%7CA%5E7%2C%20%7Cx%20%7C%7CEb%5E7%20%7CE-7%2CA7%2C%7CD-7%20%7CG7%20%7CC-7%20%7CF7%2C%20%7CBb%5E7%2C%20%7Cx%20%7CE%5E7%20%7CF-7%2CBb7%2C%7CD%23-7%20%7CG%237%20%7CC%23-7%20%7CF%237%2C%20%7CB%5E7%2C%20%7Cx%20%7C
b4b3844f-e739-459f-9100-5d6876b21800,irealbook://%D7%A9%D7%99%D7%A8%20%D7%94%D7%9E%D7%A2%D7%9C%D7%95%D7%AA%20%28%D7%97%D7%93%D7%A9%29%3DComposer%20Unknown%3D%D7%97%D7%A1%D7%99%D7%93%D7%99%3DD-%3Dn%3D%7B*AT44D-%20%20%20%7C%20x%20%20%7CA-%20%20%20%7C%20x%20%20%7CG-%20%20%20%7CA-%20%20%20%7CD-%20%20%20%7C%20%20%20%20%7D%5B*BD-%20%20%20%7C%20x%20%20%7CA-%20%20%20%7C%20x%20%20%7CBb%20%20%20%7CC%20%20%20%7CD-%20%20%20%7CC%20%20%20%7CBb%20%20%20%7CC%20%20%20%7CD-%20%20%20%7C%20x%20%20Z
b4671339-5d36-4ec7-8704-3f5f404c5171,irealbook://%E3%83%AD%E3%83%83%E3%82%AF%E3%83%9E%E3%83%B31%E3%82%AC%E3%83%83%E3%83%84%E3%83%9E%E3%83%B3%3DCapcom%3DRock%20Pop%3DG-%3Dn%3D%5B*iT44D7%20%20%20%7CD7%20%20%20%7CD7%20%20%20%7CD7%20%20%20%5D%5B*A%2CS%2CG-%20%20%20%7CG-%20%20%20%7CG-%20%20%20%7CG-%20%20%20%7CG-%20%20%20%7CG-%20%20%20%7CG-%20%20%20%7CG-%20%20%20%5D%5B*BG-%20%20%20%7CG-%20%20%20%7CG-%20%20%20%7CG-%20%20%20%7CBb%20%2CsA%2CAb%7C%2ClG-%20%20%20%7CBb%20%2CsA%2CAb%7C%3CD.S.%20%3E%2ClG-%20%20%20Z%20
b48f9d38-a081-4de7-a79d-4d66ae699cca,irealbook://Funky%20Town%3DInc%20Lipps%3DMedium%20Swing%3DC%3Dn%3DY%7B*vT44%3CWEIRD%20MELODY%2C%20C%20Bb%20C%20G%20C%20F%20E%20C%3EC%20%20%20%7C%20%20%20%20%7D%7CG%20%20%20%7C%20%20%20%20%5D%20%20%20%20%20%20%20%20%20%20%20%20%20%20%20%20%7B*C%3C*70%20%20FUNKY%20TOWN%3EC-7%20%20%20%7C%20%20%3Cstrings%20copy%20melody%20for%20a%20chorus%3E%20%20%7C%20%20%20%20%7C%20%20%20%20%7D%5B%3CSax%20solo%20bit%3EF7%20%20%20%7C%20%20%20%20%7C%20%20%20%20%7C%20%20%20%20%5D%20%20%20%20%20%20%20%20%20%20%20%20%20%20%20%20Y%7B*vT44%3CWEIRD%20MELODY%2C%20C%20Bb%20C%20G%20C%20F%20E%20C%3EC%20%20%20%7C%20%20%20%20%7D%7CG%20%20%20%7C%20%20%20%20%5D%20%20%20%20%20%20%20%20%20%20%20%20%20%20%20%20%7B*C%3C*70%20%20FUNKY%20TOWN%3EC-7%20%20%20%7C%20%20%3Cstrings%20copy%20melody%20for%20a%20chorus%3E%20%20%7C%20%20%20%20%7C%20%20%20%20%7D%5B%3CSax%20solo%20bit%3EF7%20%20%20%7C%20%20%20%20%7C%20%20%20%20%7C%20%20%20%20%5D
b4903b0e-d500-47aa-989d-cbba78b6f7f8,irealbook://Tik%20Tok%3DKesha%3DMedium%20Swing%3DBb%3Dn%3DY%7B*AT44Bb%3CMajor%2010th%20above%3E%20%20%20%7CC%20D-%3C*10x3%3E%20%7DG-%20%20%20%7CD-%20%3CEND%3EC%20%7DYY%7B%3C%204%20times...%20on%20the%204th%20time%20sit%20on%20G%20minor%3EBb%20%20%20%7CG-%20%20%20%7CD-%20%20%20%7CC%20%20%20%7D%20%20%20%20%20%20%20%20%20%20%20%20%20%20%20%20%3CTry%20combi%20of%20012%20and%20011%20saws%3E%20%20%20%20%20%20%20%20%20%20%20%20%20%20%20%20%3C013%20jump%3E
b4248d7f-3006-480d-8428-f73c0f388c41,irealbook://It%20just%20talk%3DMetheny%20Pat%3DLatin%3DC%3D44%3D%7B*i%20lC%23-9%20%20%7C%20x%20%20%7C%20lC9%2311%20%20%7C%20x%20%20%7D%7B*A%20C%23-9%20%20%7C%20x%20%20%7C%20lC9%2311%20%20%7C%20x%20%20%7C%20C%23-9%20%20%7C%20x%20%20%7C%20C9%2311%20%20%7C%20x%20%20%7C%20lF%23-7%20%20%7C%20x%20%7C%20lG%5E7%20%7CsA7sus%20B7sus%2C%20C%23-7%20%7ClC%23-9%20%20%20%7C%20x%20%20%7C!%20lC9%2311%20%20%7C%20x%20%20%7C@%20lC%23-9%20%20%7C%20x%20%20%5D%20%20%20%20%20%20%20%20%7C*B%20lF%23-7%20%20%7CsG%23-7%20sA%5E7%20%7C%20lD7sus%20%20%7C%20x%20%20%7CsG%5E7%20sBb7sus%20%7CsEb%5E7%20sB7sus%20%7C%20lE%5E7%20%20%7C%20x%20%20%7C%20lA7sus%20%20%7C%20lD%5E7%20%20%7C%20lB7sus%20%20%7C%20lE%5E7%20%20%7C%20lC%237sus%20%20%7C%20lF%23%5E7%20%20%7CsF%23-7%20sG%23-7%20%7CsA%5E7%20sB7sus%20%C2%AB
b4b5c7ba-c0fb-49a9-a1a6-46dbec0f6410,irealbook://Gypsy%20Fire%3DComposer%20Unknown%3DUp%20Tempo%20Swing%3DD-%3Dn%3D%5B%2C*i%2CT44D%2B/E%20D%23%2B/D%23%20%7CE%2B/D%20F%2B/C%23%20%7CF%23%2B/C%20G%2B/B%20%7CG%23%2B/Bb%20A%2B/A%20%5DYY%5B*AD-%20%20%20%7C%20x%20%20%7CE7%20%20%20%7C%20x%20%20%7CG-%20%20%20%7CA7%20%20%20%7CD-%20%20%20%7CA7%20%20%20%5DY%5B*BD%239%20%20%20%7C%20x%20%20%7CF%239%20%20%20%7C%20x%20%20%7CA9%20%20%20%7C%20x%20%20%7CA7%20%20%20%7C%20x%20%20%5D
b4b1f72f-3c45-480f-9823-e3e4ece80d65,irealbook://All%20Blues%3DDavis%20Miles%3DWaltz%3DG%3Dn%3D%5BT34G7%20%20%20%7C%20x%20%20%7C%20x%20%20%7C%20x%20%20%7CG7%20%20%20%7C%20x%20%20%7C%20x%20%20%7C%20x%20%20%7CC7/G%20%20%20%7C%20x%20%20%7C%20x%20%20%7C%20x%20%20%7C%7CG7%20%20%20%7C%20x%20%20%7C%20x%20%20%7C%20x%20%20%7CD7%239%20%20%20%7C%20x%20%20%7CEb7%239%20%20%20%7CD7%239%20%20%20%7CG7%20%20%20%7C%20x%20%20%7C%20x%20%20%7C%20x%20%20Z%20
b4618077-c169-493c-ab68-e471540da016,irealbook://Alone%20in%20the%20Morning=Redman%20Joshua=Bossa%20Nova=D=n=%5b%2aAT44D%5e7%20%20%20%7cD%5e7%20%20%20%7cC%23h7%20%20%20%7cF%237%235%20%20%20%7cC13%2311%20%20%20%7cC13%2311%20%20%20%7cB7sus%20%20%20%7cB7b9%20%20%20%5d%7cE%2am7%2a%2c%20E%2am7%2a%2fD%2c%20%7cC%23h7%2c%20F%237%235%2c%20%7cB%2am7%2a%2c%20%20%20%7cB%2am7%2a%2fA%2c%20%20%20%7cG%23h7%2c%20%20%20%7cC%237%239%20%20%20%7cC%23h7%20%20%20%7cF%237%235%20%20%20%7c%7c%2c%2aB%2cB%2am7%2a%20%20%20%7cB%2am7%2a%20%20%20%7cF%23%2a%2a%2fA%23%20%20%20%7cF%23%2a%2a%2fA%23%20%20%20%7cA%2am7%2a%20%20%20%7cD13%20%20%20%7cG%5e7%20%20%20%7cG%5e7%20%20%20%7cC%23h7%20%20%20%7cF%237%235%20%20%20%7cF%23h7%20%20%20%7cB7b9%20%20%20%7cE%2am7%2a%20%20%20%7cA13sus%20%20%20%7cD%5e7%20%20%20%7cA13sus%20%20%20%5d%20
b45236e1-1847-4163-a78d-a794dd97aaa2,irealbook://Blues%2019%3DComposer%20Unknown%3DBlues%3DC%3Dn%3D%5BT44C%5E7%20%20%20%7CB-7%20E7%20%7CA-7%20D7%20%7CG-7%20C7%20%7CF%5E7%20%20%20%7CF-7%20Bb7%20%7CE-7%20%20%20%7CEb-7%20Ab7%20%7CD7%20%20%20%7CG7%20%20%20%7CE-7%20A7%20%7CD-7%20G7%20Z
b4bf3d6e-65ab-48f0-b255-734c5377cddb,irealbook://Blues%20Variation%2008=LRS=Medium%20Swing=F=n=%5bT44F7%2c%20%20%20%7cBb7%2c%20%20%20%7cF7%2c%20%20%20%7cC%2d7%2c%20F7%2c%20%7cBb7%2c%20%20%20%7cEb7%2c%20%20%20%7cA%2d7%2c%20%20%20%7cD7%2c%20%20%20%7cG%2d7%2c%20%20%20%7cC7%2c%20%20%20%7cA%2d7%2c%20D7%2c%20%7cG%2d7%2c%20C7%2c%20Z
b4de0cd2-125d-4e03-85ad-cba25a79bdf7,irealbook://Blues%3DComposer%20Unknown%3DMedium%20Swing%3DC%3Dn%3D%5BT44C7%20%20%20%7CF7%20%20%20%7CC7%20%20%20%7CC7%20%20%20%7CF7%20%20%20%7CF7%20%20%20%7CC7%20%20%20%7CC7%20%20%20%7CG7%20%20%20%7CF7%20%20%20%7CC7%20%20%20%7CC7%20%20%20Z%20
b49969fa-f07d-498a-84f1-e884845addbd,irealbook://Finnish%20Schottische=Traditional=Fiddle%20Tune=D%2d=n=%7b%2aAT22D%2d%20%20%20%7cG%2d%20%20%20%7cD%2d%20A%20%7cD%2d%20%20%20%7cD%2d%20%20%20%7cG%2d%20%20%20%7cD%2d%20A%20%7cD%2d%20%20%20%7cD7%20%20%20%7cG%2d%20%20%20%7cC%20%20%20%7cF%20%20%20%7cD%2d%20%20%20%7cG%2d%20%20%20%7cD%2d%20A%20%7cD%2d%20%20%20%7dY%7b%2aBG%2d%20%20%20%7cD%2d%20%20%20%7cG%2d%20A%20%7cD%2d%20%20%20%7cG%2d%20%20%20%7cD%2d%20%20%20%7cD%2d%20A%20%7cD%2d%20%20%20%7cG%2d%20%20%20%7cD%2d%20%20%20%7cA%20%20%20%7cD%2d%20%20%20%7cG%2d%20%20%20%7cD%2d%20%20%20%7cA%20%20%20%7cD%2d%20%20%20%7d%20
b4507d6e-312c-4087-a170-3471c7256b6b,irealbook://I-VI-II-V7%20Progression%20G%3DComposer%20Unknown%3DMedium%20Swing%3DF%3Dn%3D%5B*AT44F%5E%2C%20D7%20%7CG*m7*%20C7%20%7CF%5E%2C%20D7%20%7CG*m7*%20C7%20%7D
b4f9d38d-51d4-432e-a679-d55b17155e87,irealbook://In%20a%20shy%20way=Tilman%20Droste=Ballad=C=n=%5b%2aAT34F%5e7%20%20%20%7cEb7%2311%20%20%20%7cD%2d7%20%20%20%7cB7alt%20%20%20%7cBb%5e%20%20%20%7cA%2d9%20%20%20%7cG%2d7%20G%2am%2a%2fF%20%7c%3c%2a06C7s4%3esE7%239%20%3c%2a03C%2fBb%3e%20%20%7c%7cA%2d7%20%20%20%7cD7%20%20%20%7cG%5e7%20%20%20%7cC%5e7%20%20%20%7cF%5e7%2311%20%20%20%7c%20x%20%20%7cE%5e7%20%20%20%7c%20x%20%20%7c%7cA%5e7%2311%20%20%20%7c%20x%20%20%7cE%5e7%20%20%20%7cE7%2c%20%20%20%7cA%2d7%20%20%20%7cD7%20%20%20%7cG%5e7%20%20%20%7c%20x%20%20%5d%5b%2aAT34F%5e7%20%20%20%7cEb7%2311%20%20%20%7cD%2d7%20%20%20%7cB7alt%20%20%20%7cBb%5e%20A%2d7%20%7cF%2d7%2fAb%2c%20%2cG%2d7%20%7cC7sus%20%20%20%7cC7alt%20%20%20%7cF7alt%20%20%20%20Z%20
b4948797-c7d0-43e2-beef-e600d35ab85c,irealbook://Jazz%20scales%20study%20II-V%20Progression%20F%3DComposer%20Unknown%3DMedium%20Swing%3DEb%3Dn%3D%5B*AT44Fh%20%20%20%7C%20x%20%20%7CBb7alt%20%20%20%7C%20x%20%20%7C%7CEb-%5E7%20%20%20%7C%20x%20%20%7CAb7%20%20%20%7C%20x%20%20%7D
b4cd9381-9eb1-4d6b-b0b5-4f08992f56f0,irealbook://Diatonic%20modes%201%20and%202%20bars%20each%3Dsax%20bob%3DSlow%20Bossa%3DC%3Dn%3D%7BT44C%20%20%20%7CD-%20%20%20%7CE-%20%20%20%7CF%20%20%20%7CG%20%20%20%7CA-%20%20%20%7CBo%20%20%20%7CC%20%20%20%7DY%7B%3C*72Ionian%3EC%5E7%20%20%20%7C%20x%20%20%7C%3C*70Dorian%3ED-7%20%20%20%7C%20x%20%20%7CY%3C*72Phrygian%3EE-7%20%20%20%7C%20x%20%20%7C%3C*72Lydian%3EF%5E7%20%20%20%7C%20x%20%20%7CY%7C%3C*72Mixolydian%3EG7%20%20%20%7C%20x%20%20%7C%3C*72Aeolian%3EA-7%20%20%20%7C%20x%20%20%7CY%3C*72Locrian%3EBh7%20%20%20%7C%20x%20%20%7C%3C*74Ionian%3EC%5E7%20%20%20%7C%20x%20%20%7D
b4b8ed12-e415-4bce-8e65-b5b5085e0869,irealbook://No%20More%3DCamarata%20Toots%3DMedium%20Ballad%3DEb%3Dn%3D%7BDb9%20%20%20%7CC9%20Bbo%20%7CAb-7%20Db9%20%7CG-7%20C9%20%7CF9%20Ab9%20%7CG13%20C9%20%7CF9%20%20%20%7CBb13%2311%20%20%20%5D%5BDb9%20%20%20%7CC9%20Bbo%20%7CAb-7%20Db9%20%7CG-7%20C9%20%7CF9%20Gb9%20%7CF9%20Bb7b9%20%7CF/Eb%20Fh/Eb%20%7CEb%5E%20Eb9%20%5D%5BAb9%20B9%20%7CBb-7%20Eb9%20%7CsAb-7%2CAb-7/Gb%2CE9%2CE9/D%2C%7ClDb9%20%20sG9%2C%7ClC9%20Eb9%20%7CD-7%20G13%2C%20%7CC7b9%20B13%20%7CBb13%20%20%20%5D%5BDb9%20%20%20%7CC9%20Bbo%20%7CAb-7%20Db9%20%7CG-7%20C9%20%7CF9%20E9%2311%20%7CEb9sus%20Eb9%20%7CAb%5E%20%20%20%7CEb-9/Ab%20Ab13%20%5D%5BBb-7%20A13%20%7CAb13%20G7alt%20%7CBb-7%20A13%20%7CAb13%20D7alt%20%7CDb9%20%20%20%7CC9%20C9%2311%20%7CF7alt%20B13%20%7CBb13%20E13%2311%20%7CEb%5E%20%20%20%7CD7b9%20%20%20%7D%20%20%20%20%7C%20%20%20%20%7C%20%20%20%20%7C%20%20%20%20%7C%20%20%20%20%7C%20%20%20%20%7C%20
b4125b5a-0bd3-4a1e-9076-cc7380c982ab,irealbook://Old%20Joe%20Clark%20%28A%29%3DTraditional%3DBluegrass%3DA%3Dn%3DT44*A%5BA%20%20%20%7Cx%20%20%20%7Cx%20%20%20%7CE%20%20%20%7CA%20%20%20%7Cx%20%20%20%7C%20%20E%20%7CA%20%20%20%5D%5BA%20%20%20%7Cx%20%20%20%7Cx%20%20%20%7CE%20%20%20%7CA%20%20%20%7Cx%20%20%20%7C%20%20E%20%7CA%20%20%20%5D%20
b49631d9-dfe0-40af-9a41-6983bc56f544,irealbook://SCALES%20and%20PATTERNS%20G7alt%20%20%3DComposer%20Unknown%3DMedium%20Swing%3DF%3Dn%3D%5B*AT44F7alt%20%20%20%7C%20x%20%20%7C%20x%20%20%7C%20x%20%20%7D
b495c8dd-f49e-4d1e-acb4-f30213f926f8,irealbook://Sapore%20Di%20Sale%3DPaoli%20Gino%3DRock%3DC%3Dn%3D%5B*iT44C%20%20%20%7CA-%20%20%20%7CD-7%20%20%20%7CG7%2C%20n%20%5D%7B*AC%20%20%20%7CA-%20%20%20%7CD-7%20%20%20%7CG7%20%20%20%7CE-%20%20%20%7CA-%20%20%20%7CD-7%20%20%20%7CG7%20%20%20%7D%5B*BF%20D-%20%7CE-%20A-%20%7CD-7%20G7%20%7CC%20%20%20%7CF%20D-%20%7CE-%20A-%20%7CD-7%20%20%20%7CG7%20%20%20%5D%5B*AC%20%20%20%7CA-%20%20%20%7CD-7%20%20%20%7CG7%20%20%20%7CE-%20%20%20%7CA-%20%20%20%7CD-7%20G7%2CQ%20%7CC%2CppsG7%2CZY%7CQlC%20G7%20%7CC%20G7%20%7CC%20%20%20Z%20
b4620d34-027b-4734-a021-795a66410bc4,irealbook://Word%20Up%3DCameo%3DMedium%20Swing%3DF%23-%3Dn%3DY%7B*AT44F%23-%3C*74TRIADS%2C%20weird%20organ%20sound%3E%20%20%20%7CE%20%20%20%7CD%20E%20%7CF%23-%20%20%20%7DY%5B%20%20%20%20%7C%20%20%20%20%7C%20%20%20%20%7C%20%20%20%20%5D%20
