id,url
b6abdc0b-0aeb-488d-81f5-af0435a43d86,irealb://%2325%20Dominant%20Cycle%20%28off%207th%29%3DExercise%20-%20Phil%20DeGreg%20Jazz%20Keybd%20Harmony%3D%3DMedium%20Swing%3DC%3D%3D1r34LbKcu7%207%23FZ4E7%20A7bA%7CZL7bE%207bBZ7LF%207CZL7G%207DZL7%20Db7L4TA*%5BGZL7DyQXyQ7E%207BZL7%23F%207%23CLZ7bA%207bEA*%5BYY%20%20LZA7%20X%5D%207B7%20C7LZF7%20Bb7%20Z%20%3DJazz-Medium%20Up%20Swing%3D184%3D3
b6717c0b-25aa-4d11-88d7-6d7201179adb,irealb://%23100%20%5BF%23%20%28Gb%29%20major%2C%20Pop%2DRock%5D=MasterTheGuitar%2Enet==Rock=Gb==1r34LbKcu7%5BT44F%23XyQAXyQ%7CEXyQB%20%20%3C8x%3E%20%7D%20=Pop%2DRock=65=16
b64c2aa2-e124-4b49-ace3-1beb48e443fd,irealb://%49%20%4B%69%73%73%65%64%20%41%20%47%69%72%6C%20%28%47%69%67%29=%50%65%72%72%79%20%4B%61%74%79==%53%68%75%66%66%6C%65=%41%2D==%31%72%33%34%4C%62%4B%63%75%37%7C%51%79%58%2D%34%41%2D%58%79%43%7C%51%79%58%2D%41%42%2A%5B%59%5D%20%2D%20%45%46%7C%51%79%58%2D%44%7C%51%79%58%43%7C%51%58%79%51%7C%44%34%54%41%2A%5B%78%20%5A%4C%20%5D%59%7B%2A%43%6C%63%4B%51%79%58%46%5B%7D%51%79%58%47%7C%79%51%58%2D%41%7C%51%79%58%2D%45%7C%51%79%58%46%20%4C%5A%20%78%20%2D%45%20%46%20%20%5D%59%7B%2A%42%51%41%2D%58%79%51%7C%43%58%79%51%7C%44%2D%58%79%51%7C%46%20%45%2D%20%7D%5B%41%2D%58%79%51%5A%20=%50%6F%70%2D%53%68%75%66%66%6C%65=%31%33%35=%31
b6649122-9784-4b0c-beab-c2f038581566,irealb://%45%73%63%75%63%68%61%72%74%65%20%48%61%62%6C%61%72%20%31=%57%69%74%74%20%4D%61%72%63%6F%73==%42%61%6C%6C%61%64%20%45%76%65%6E=%47==%31%72%33%34%4C%62%4B%63%75%37%58%44%7C%51%79%34%47%2C%2A%41%51%79%58%44%5A%4C%2D%41%20%43%7C%7D%51%79%44%58%7C%51%79%58%43%7C%51%79%58%44%7C%51%79%58%7B%2A%42%47%58%34%54%69%2A%7B%79%51%7C%43%58%79%51%7C%41%2D%3C%2A%37%32%58%79%51%20%54%6F%20%49%6E%74%72%6F%3E%20%44%20%7D%7C%47%58%79%51%5A%20=%4A%61%7A%7A%2D%4D%65%64%69%75%6D%20%53%77%69%6E%67=%31%30%30=%33
b67db965-e58b-445b-bc32-9c5a6ad684f9,irealb://%50%6F%64%65%72%6F%73%6F%20%44%69%6F%73=%43%6F%6D%70%6F%73%65%72%20%55%6E%6B%6E%6F%77%6E==%4D%65%64%69%75%6D%20%53%77%69%6E%67=%43==%31%72%33%34%4C%62%4B%63%75%37%2A%6D%2A%44%7C%34%43%2C%58%79%5A%4C%2C%47%2F%2A%6D%2A%41%20%20%7C%51%79%2C%58%2A%6D%2A%41%5A%4C%2C%42%2F%47%20%78%7C%51%46%2C%58%79%51%34%54%41%2A%5B%6D%2A%41%20%20%47%2C%58%79%51%2A%6D%2A%41%5A%4C%2C%42%2F%47%20%20%7C%51%58%79%2C%43%42%2A%5B%5D%51%79%58%2C%42%2F%47%7C%2C%58%79%51%7C%7C%51%79%58%2C%7C%51%79%58%2C%5A%46%2C%58%79%2C%2A%6D%2A%44%43%2A%5B%5D%51%79%58%78%7C%79%51%58%2C%47%7C%51%79%58%2C%2A%6D%2A%44%7C%51%58%79%51%7C%46%4C%2C%47%2F%2A%47%2C%58%79%51%7C%47%2F%42%2C%58%79%51%5A%20=%4A%61%7A%7A%2D%4D%65%64%69%75%6D%20%53%77%69%6E%67=%31%30%30=%33
b617850d-d4b1-450f-beee-21fec3ec7878,irealb://%53%6F%6C%6F%20%54%75%20%41%6D%6F%72%20%31=%42%6C%65%73%74==%52%6F%63%6B=%44%2D==%31%72%33%34%4C%62%4B%63%75%37%3E%34%58%32%37%38%3C%2A%33%30%58%3E%65%20%66%64%20%64%20%64%64%30%33%2A%7C%3C%51%79%58%3E%20%61%20%63%64%20%64%20%64%64%79%51%7D%3C%2A%36%54%69%2A%7B%79%58%43%7C%51%20%20%63%20%20%7D%51%79%58%43%5A%4C%46%20%62%42%7C%51%79%2C%58%2D%44%7C%51%79%58%2C%2D%44%41%2A%7B%20%3E%7C%42%62%58%79%33%33%2A%3C%20%2C%2D%44%20%62%2C%20%41%4C%5A%79%58%2C%45%2F%43%7C%51%79%58%2C%2D%44%7C%79%51%58%43%7C%51%79%58%62%42%7C%51%79%58%62%42%51%7B%2A%42%42%2D%44%7C%5D%51%37%2A%3C%43%2A%2C%4C%5A%44%2D%62%42%20%2C%2D%44%5A%4C%43%20%46%5A%4C%62%20%42%2C%2D%44%5A%4C%43%20%46%5A%4C%62%42%20%2C%2C%20%7D%20%7B%43%20%46%5A%4C%2C%2D%44%5A%4C%61%76%65%20%3E%7C%51%79%58%2C%62%42%7C%51%79%58%43%7C%51%58%79%2C%2D%44%7C%51%79%58%2C%46%5A%4C%20%62%42%46%2C%20%43%2C%75%53%20%20%34%20%42%62%2C%4C%5A%43%2C%58%79%51%7C%43%2C%20%20%3C%2A%37%32%54%6F%20%42%20%2F%20%46%69%6E%61%6C%20%49%6E%74%72%6F%3E%20%7D%20=%50%6F%70%2D%52%6F%63%6B=%31%31%35=%31
b6afc0de-33cf-4d36-bfeb-de261e2e6ccb,irealb://%42%65%6E%64%65%63%69%72%65%20%28%41%6C%65%67%72%C3%AD%61%20%4D%65%20%44%61%73%29%20%32=%48%69%6C%6C%73%6F%6E%67==%42%61%6C%6C%61%64%20%45%76%65%6E=%46==%31%72%33%34%4C%62%4B%63%75%37%46%28%51%79%58%34%42%62%2C%2A%58%2D%47%53%5B%7D%20%46%20%45%2F%43%5A%4C%20%46%45%2F%43%7C%51%79%58%62%42%7C%51%79%58%41%79%51%7C%47%2D%34%54%69%2A%7B%42%31%4E%7C%7D%62%58%79%51%7C%7C%51%79%58%62%42%7C%29%41%2F%46%28%51%79%2D%58%47%7C%51%79%58%46%42%2A%7B%5D%51%79%58%43%43%20%20%51%20%42%7C%29%41%2F%6F%54%51%79%58%46%58%79%51%7D%58%51%79%58%36%36%2A%3C%7C%51%79%58%2D%44%51%7C%79%58%37%2D%41%7C%51%79%58%2D%47%43%2A%7B%79%51%58%79%51%7C%51%79%58%62%37%2A%62%42%20%2A%34%32%43%6F%79%58%43%5A%4C%62%42%20%2D%47%7C%51%79%58%7C%43%51%79%58%2D%44%51%7B%7D%20%53%20%3E%61%64%51%7D%42%62%37%3C%20%2C%43%3E%6D%2A%4C%5A%46%58%79%51%5A%20==%30=%33
b60aa276-134f-4428-988d-f7d26c5e9ca5,irealb://%54%6F%64%61%73%20%4D%69%73%20%20%46%75%65%6E%74%65%73%20%2D%20%53%2E%47%6F%6C=%47%6F%6C%20%53%2E==%4D%65%64%69%75%6D%20%53%77%69%6E%67=%45==%31%72%33%34%4C%62%4B%63%75%37%73%75%73%2A%42%34%45%2C%20%42%23%47%2F%45%20%2C%41%5A%4C%2C%2A%37%6D%2A%47%23%20%2C%2A%37%6D%2A%23%43%5A%4C%2C%23%44%2F%2C%4C%5A%4E%31%34%54%41%2A%7B%42%20%2C%23%43%2C%20%7D%58%79%42%20%2C%41%42%2A%5B%5D%20%2C%23%47%2F%45%2C%20%42%32%4E%7C%51%79%58%51%79%58%51%79%58%51%2C%4C%5A%41%2F%42%20%2C%2A%34%45%2C%45%2F%41%5A%45%2C%20%45%37%42%2C%42%2F%41%20%2C%2A%37%6D%2A%23%46%4C%5A%2C%23%44%2F%45%20%2C%41%5A%4C%2C%23%44%2F%2C%7C%45%2C%20%4C%2C%23%44%2F%6D%2A%42%5A%4C%58%79%51%20%20%79%58%72%7C%2C%45%2C%45%2F%41%20%2C%45%5A%2C%4C%23%44%2F%42%2C%23%43%2F%41%2C%42%43%2A%5B%51%7C%58%79%51%51%79%58%5D%2C%2C%42%2F%41%20%2C%45%2F%47%23%23%46%5A%4C%2C%2A%37%6D%2A%23%43%20%2C%42%45%2F%5A%4C%2C%62%42%2F%37%23%46%20%2C%41%7C%2C%2A%6D%37%2A%2C%45%20%2C%2A%37%42%2F%41%2C%7C%47%23%2A%6D%37%2A%2C%20%43%23%2A%6D%37%2A%2C%4C%5A%46%23%2A%6D%37%2A%2C%20%42%2C%4C%5A%45%2C%20%45%2A%73%75%73%34%2A%2C%20%5A%20=%4A%61%7A%7A%2D%4D%65%64%69%75%6D%20%53%77%69%6E%67=%31%30%30=%33
b6916f58-6edf-42e0-88eb-c148924aae66,irealb://%41%6C%20%41%6C%74%6F%20%59%20%53%75%62%6C%69%6D%65=%45%73%70%69%6E%6F%7A%61%20%47%61%64%69%65%6C==%47%6F%73%70%65%6C%20%42%61%6C%6C%61%64=%41==%31%72%33%34%4C%62%4B%63%75%37%2A%37%6D%2A%42%34%41%2C%58%79%44%7C%51%79%58%2C%41%7C%51%79%58%2C%45%7C%79%51%58%2C%2A%6D%2A%42%7C%51%79%58%2C%44%7C%51%2C%58%79%51%7C%34%54%41%2A%5B%6A%61%6D%2A%44%45%2C%58%79%51%2A%37%6D%2A%23%46%7C%51%79%58%2C%2A%37%6A%6D%61%2A%44%7C%51%79%58%2C%2A%37%6D%2A%23%46%7C%2C%58%79%51%7C%7C%51%79%58%2C%79%58%2C%41%5A%45%2C%5D%5B%2A%2A%34%73%75%73%2A%45%5A%4C%2C%2A%6D%2A%42%2C%20%44%7C%51%79%58%2C%45%7C%51%79%58%2C%41%42%2C%20%45%2C%4C%20%20%2C%2A%37%51%7C%45%2C%58%79%51%7C%44%2C%20%45%2C%4C%5A%41%2C%58%79%51%5D%20=%4A%61%7A%7A%2D%4D%65%64%69%75%6D%20%53%77%69%6E%67=%31%30%30=%33
b64a9d7b-be3b-4b6c-b7f5-86af7c69be31,irealb://%53%6F%6D%6F%73%20%45%6C%20%50%75%65%62%6C%6F%20%44%65%20%44%49%4F%53=%43%6F%6D%70%6F%73%65%72%20%55%6E%6B%6E%6F%77%6E==%52%6F%63%6B=%43==%31%72%33%34%4C%62%4B%63%75%37%79%58%2D%44%7C%34%3C%2A%36%36%7C%51%79%58%2D%41%7C%51%79%58%43%7C%2C%29%28%45%51%79%58%43%3E%29%33%28%20%2E%47%2E%45%20%41%2D%58%79%51%34%54%69%2A%7B%58%46%7C%51%79%79%51%7C%47%58%58%2D%41%7C%51%79%58%2D%41%7C%51%79%58%43%51%7C%79%58%43%41%2A%7B%7D%51%79%58%47%7C%51%79%79%51%7C%46%58%58%2D%44%7C%51%2D%44%7C%51%79%58%79%51%7C%47%79%58%43%7C%51%79%58%46%7C%51%79%58%46%42%7B%2A%7D%51%79%58%43%7C%51%79%58%43%7C%51%79%58%51%7C%41%2D%58%62%42%7C%51%79%58%47%7C%51%79%58%79%51%7C%43%79%58%2D%41%7C%51%79%58%2D%45%7C%51%79%58%7C%46%51%79%58%46%7C%51%79%58%37%43%7C%51%79%58%51%7C%44%2D%58%47%7C%51%79%58%20%43%7C%7D%51%20%51%4C%5A%43%63%20%6C%6C%69%54%20%20%39%36%2A%3C%47%7C%79%51%58%2D%44%7C%51%79%58%2D%41%51%7B%51%79%58%75%65%3E%58%79%20%43%7C%51%79%20%55%20%5A%20=%50%6F%70%2D%52%6F%63%6B=%31%31%35=%31
b6722e90-2277-4f83-97e5-71b9d8be1ee0,"irealb://%42%65%6E%64%69%74%6F%20%4A%65%73%C3%BA%73=%4D%6F%6E%74%65%72%6F%20%44%61%6E%69%6C%6F==%52%6F%63%6B=%42==%31%72%33%34%4C%62%4B%63%75%37%45%7C%51%79%58%34%42,%58%79%79%58,%2A%6D%2A%23%47%7C%51%79%58%78%7C%79%51%58,%23%41%2F%23%46%7C%51%79%58%78%7C%51%51%7C%46%23,%34%54%69%2A%7B%51%79%58%78%7C%78%58%79%51%5D%6D%2A%23%47%7C%51%79%58%78%7C%51%79%58,%46%23%7C%51%79%58%78%7C%51%79%58,%42%41%2A%5B%2A,%58%79%51%7C%51%79%58,%46%7C%51%79%58%79%51%7C%45,,%42%42%2A%5B%20%20%51%79%58%51%79%58%7D%79%51%58,%23%46%7C%51%79%58,%42%7C%51%79%58%58%79%51%7C%78%58,%23%46%7C%42%7C%51%79%58%58%79%51%7C%46,%45%7C%51%79%58,%23%46%7C%51%79%58,%6D%2A%2A%23%47%7C,%62%45%20%20,%23%41%2F%23%58%79%51%7C%78,%23%41%2F%23%43%7C%51%79%58%46%23%2F%41%23%46%7C%51%79%58,%2A%6D%2A%23%47%43%2A%5B%51%5A%79%58%78%7C%51%79%58,%45%7C%51%79%58,%23%2F%41%23,%7C%51%79%58,%23%2A%6D%2A,%58%79%51%7C%45,%20%46%23,%4C%5A%45,%58%79%51%7C%78%58%79%51%7C%72%58%79%51%7C%58%79%51%20%5A%20=%4A%61%7A%7A%2D%4D%65%64%69%75%6D%20%53%77%69%6E%67=%31%30%30=%33"
b61cdf79-1950-4180-81ad-0a5fc89fe145,"irealb://%4D%C3%A1%73%20%59%20%4D%C3%A1%73%20%33=%48%6F%75%67%68%74%6F%6E%20%49%73%72%61%65%6C==%42%61%6C%6C%61%64=%47==%31%72%33%34%4C%62%4B%63%75%37%72%6F%50%20%39%34%43,%2A%41%7B%51%79%58%44%32%4E%7C%7D%51%79%58%2D%41%4E%31%7C%51%79%58%44%7C%51%79%58%47%7C%51%79%58%2A%42%3C%2A%36%34%54%69%2A%7B%2D%42%7C%51%79%62%75%65%6E%6F%58%23%46%2F%44%7C%5A%4C%47%20%2D%41%7C%51%58%79%42%2F%47%7C%51%79%58%43%3E%20%2E%2E%2E%2E%79%51%7C%43%58%20%65%75%71%20%64%20%73%C3%A1%6D%41%2D%20%47%4C%72%65%75%51%20%39%36%2A%3C%43%2A%7C%7D%20%3E%20%41%20%6F%54%39%36%2A%3C%20%23%46%2F%44%5A%65%6D%6F%73%20%5A%4C%2D%45%20%58%44%7C%51%79%2E%2E%2E%20%3E%58%43%7C%51%79%58%43%7C%51%79%58%2D%42%7C%51%7C%79%58%2D%42%7C%51%79%58%43%7C%51%79%58%43%79%51%7C%47%58%2E%69%74%20%65%79%51%7D%20=%4A%61%7A%7A%2D%4D%65%64%69%75%6D%20%53%77%69%6E%67=%38%30=%33"
b6d9b529-799e-452c-b327-1cf675513dcb,"irealb://%53%6F%6D%6F%73%20%45%6C%20%50%75%65%62%6C%6F%20%44%65%20%44%49%4F%53=%43%6F%6D%70%6F%73%65%72%20%55%6E%6B%6E%6F%77%6E==%52%6F%63%6B=%43==%31%72%33%34%4C%62%4B%63%75%37%79%58%2D%44%7C%34%3C%2A%36%36%7C%51%79%58%2D%41%7C%51%79%58%43%7C,)(%45%51%79%58%43%3E)%33(%20%2E%47%2E%45%20%41%2D%58%79%51%34%54%69%2A%7B%58%46%7C%51%79%79%51%7C%47%58%58%2D%41%7C%51%79%58%2D%41%7C%51%79%58%43%51%7C%79%58%43%41%2A%7B%7D%51%79%58%47%7C%51%79%79%51%7C%46%58%58%2D%44%7C%51%2D%44%7C%51%79%58%79%51%7C%47%79%58%43%7C%51%79%58%46%7C%51%79%58%46%42%7B%2A%7D%51%79%58%43%7C%51%79%58%43%7C%51%79%58%51%7C%41%2D%58%62%42%7C%51%79%58%47%7C%51%79%58%79%51%7C%43%79%58%2D%41%7C%51%79%58%2D%45%7C%51%79%58%7C%46%51%79%58%46%7C%51%79%58%37%43%7C%51%79%58%51%7C%44%2D%58%47%7C%51%79%58%20%43%7C%7D%51%20%51%4C%5A%43%63%20%6C%6C%69%54%20%20%39%36%2A%3C%47%7C%79%51%58%2D%44%7C%51%79%58%2D%41%51%7B%51%79%58%75%65%3E%58%79%20%43%7C%51%79%20%55%20%5A%20=%50%6F%70%2D%52%6F%63%6B=%31%31%35=%31"
b6494099-d965-4501-914f-b04014b28e00,irealb://%48%41%53%52%45%54%C4%B0%4D%20=%C4%B0%5A%45%4C==%50%4F%50=%43%2D==%31%72%33%34%4C%62%4B%63%75%37%34%32%54%5A%4C%34%20%43%2D%20%20%2D%46%20%5A%4C%20%2D%43%20%41%2A%7B%7D%20%20%78%20%5A%4C%20%78%20%5A%4C%20%78%20%5A%4C%4C%5A%20%47%20%34%54%69%2A%7B)%62%41(%2D%34%43%2D%20%7D%43(%2D%43%20)%47(%37%6F%42%5A%4C)%46%2D(%37%6F%42%20)%2D%43(%2D%43%42%2A%7B%2D)%4C%5A%43%34%54%5A%4C%47%20%5A%4C%20%78%4C%5A%20%43%2D%20%5A%4C%35%62%37%2D%44%20%2D%43%3E%20%75%70%72%6F%6B%30%37%2A%3C%7C%7D%20%20)%2D%43(%78%20%4C%5A%20)%47(%47%20%58%5A%4C%51%79%79%51%4C%5A%58%58%5A%4C%51%79%58%5A%4C%51%79%58%5A%4C%51%58%79%5A%4C%51%79%58%5A%4C%51%79%58%5A%4C%51%79%79%51%4C%5A%58%58%5A%4C%20%78%58%5A%4C%51%79%79%51%4C%5A%58%58%5A%4C%51%79%58%5A%4C%51%79%58%5A%4C%51%58%79%5A%4C%51%79%58%5A%4C%51%79%58%5A%4C%51%79%79%51%4C%5A%58%58%5A%4C%51%79%58%5A%4C%51%79%79%51%4C%5A%58%58%5A%4C%51%79%58%5A%4C%51%79%58%5A%4C%51%58%79%5A%4C%51%79%58%5A%4C%51%79%58%5A%4C%51%79%79%51%4C%5A%58%58%5A%4C%51%79%79%51%4C%5A%58%79%51%4C%5A%58%79%51%20%5A%20==%30=%30
b63f4776-5d03-414e-ba36-f8c58c8fda8b,irealb://%4B%69%74%63%68%65%6E%20%47%69%72%6C=%54%72%61%64%69%74%69%6F%6E%61%6C==%52%65%65%6C=%41==%31%72%33%34%4C%62%4B%63%75%37%79%58%41%5A%4C%5A%41%58%79%51%51%79%58%41%5A%4C%45%20%47%7C%51%79%58%41%4C%5A%47%20%41%7C%51%79%58%45%7C%51%79%58%41%7C%7D%7B%41%20%47%4C%47%20%41%7B%51%7C%41%58%79%51%7C%45%58%79%51%7C%41%20%47%2C%4C%5A%41%58%79%51%7C%41%20%47%2C%4C%5A%41%58%79%51%7D%20=%50%6F%70%2D%42%6C%75%65%67%72%61%73%73=%31%37%30=%33
b68f0b16-5ab5-4037-8418-f59918df21e0,irealb://%4F%6C%64%20%4A%6F%65%20%43%6C%61%72%6B=%54%72%61%64%69%74%69%6F%6E%61%6C==%42%6C%75%65%67%72%61%73%73=%41==%31%72%33%34%4C%62%4B%63%75%37%79%58%41%5B%5D%34%41%58%79%51%4C%45%20%41%5A%4C%20%6C%63%4B%51%79%58%41%51%7C%79%58%45%5A%4C%20%78%20%5A%4C%20%6C%63%4B%5A%41%58%79%51%34%54%41%2A%5B%51%4B%63%6C%20%4C%5A%20%78%20%4C%5A%45%58%79%51%7C%41%58%79%51%4B%63%6C%20%4C%5A%41%20%45%4C%5A%41%58%79%51%5A%20==%30=%30
b68cf672-4df3-441a-b836-e59d31de358f,irealb://%43%72%61%7A%79%20%4C%69%74%74%6C%65%20%54%68%69%6E%67%20%43%61%6C%6C%65%64%20%4C%6F%76%65%20%28%47%69%67%29=%51%75%65%65%6E==%52%6F%63%6B=%44==%31%72%33%34%4C%62%4B%63%75%37%47%5A%4C%78%5A%34%73%44%2C%47%42%2F%47%2C%43%73%5A%4C%47%5A%4C%78%5A%4C%41%44%2A%7B%7D%20%20%78%20%6C%5A%4C%44%2C%44%2F%2C%7C%6C%44%4C%34%54%69%2A%7B%43%5A%4C%78%5A%47%2F%42%2C%7C%5B%7D%20%78%3E%6B%61%65%72%62%20%36%31%2A%5A%3C%4C%44%6C%7C%2C%43%2C%62%42%73%5A%4C%44%6C%2A%42%47%37%4C%2C%43%73%5A%4C%3E%37%62%2C%37%42%62%4C%5A%78%2A%3C%5B%5D%6E%29%41%28%46%73%3E%6B%61%65%62%72%32%31%2A%3C%5B%29%45%28%41%2C%45%73%5A%4C%31%32%E2%86%93%31%2C%5A%4C%47%5A%4C%3C%7C%51%79%58%34%74%72%69%70%70%69%72%74%34%35%2A%3C%6E%3E%34%2C%35%62%35%2C%E2%86%93%34%31%2A%3C%7C%51%79%58%3E%73%74%65%6C%6C%65%74%73%3E%35%2A%3C%6E%6C%41%2A%5B%59%5D%6C%69%67%20%74%3E%32%2C%33%2C%34%2C%35%2C%35%E2%86%93%20%20%30%2A%31%3C%7C%51%79%58%45%3E%73%74%65%6C%70%69%72%41%2C%58%79%51%62%6F%30%36%2A%5A%4C%44%6C%7C%5A%47%4C%5A%73%73%5A%4C%44%6C%7C%2C%42%2F%47%2C%43%73%5A%47%4C%5A%4C%78%5A%4C%44%6C%7C%2C%42%2F%47%2C%43%42%62%2C%43%2C%4C%78%5A%4C%44%5A%4C%78%5A%4C%62%72%65%61%6B%5A%4C%44%5A%4C%78%5A%4C%62%42%3E%6F%6C%6F%20%73%54%47%20%20%36%36%2A%3C%42%2A%5D%20%78%3E%78%4C%5A%42%62%20%36%31%2A%3C%74%65%6C%70%69%45%29%5B%3C%2A%3C%6E%6C%3E%37%62%2C%37%2C%31%E2%86%93%32%31%2A%5D%3C%6E%29%41%28%46%73%3E%6B%61%65%72%62%32%31%2A%35%34%74%72%28%41%2C%45%73%70%69%72%74%20%7C%3C%2A%31%34%30%36%2A%3C%7C%51%79%58%3E%73%74%65%6C%70%72%69%74%34%35%2A%3C%6E%3E%34%2C%35%62%2C%35%E2%86%93%6F%62%6C%69%67%51%79%58%3E%73%20%34%36%2A%3C%45%58%79%51%7C%20%51%79%58%51%79%58%5D%51%79%58%2C%41%3E%70%73%61%6C%63%20%6B%61%65%72%62%20%32%31%2A%3C%20%59%7B%2A%41%3E%73%74%65%6C%47%5A%4C%78%5A%69%6D%65%20%6A%20%6C%6C%61%20%65%6D%69%74%20%64%6E%32%20%20%2C%73%70%61%6C%63%20%68%74%69%77%20%74%73%75%69%6E%3E%44%4C%74%20%74%73%31%79%58%7D%20%78%47%2F%42%2C%7C%6C%7C%2C%43%2C%62%42%73%5A%4C%44%6C%7C%2C%2F%42%47%2C%43%73%5A%4C%47%5A%4C%78%5A%4C%44%6C%44%4C%5A%4E%31%2C%43%73%5A%4C%65%75%63%20%6C%20%5B%4E%32%73%70%72%20%34%33%2A%3C%7D%20%44%6C%55%7C%2C%2C%43%62%42%73%51%7B%20%44%6C%7C%2C%43%2C%62%42%74%20%74%69%6C%20%51%79%58%51%3E%20=%50%6F%70%2D%53%68%75%66%66%6C%65=%31%36%30=%31
b676a49f-4df1-42b2-a26f-d4cd93166aaf,irealb://%54%69%74%61%6E%69%75%6D%20%28%47%69%67%29=%44%61%76%69%64%20%47%75%65%74%74%61%20%45%76%61%20%53%69%6D%6F%6E%73==%44%61%6E%63%65=%43%2D==%31%72%33%34%4C%62%4B%63%75%37%45%3E%29%65%6B%34%3C%2A%36%36%79%20%68%74%61%65%72%62%20%79%72%65%76%65%65%20%6B%69%6C%28%20%54%47%20%64%65%74%75%4D%20%6F%75%20%74%61%34%54%69%2A%5B%62%45%3E%65%63%2F%44%4C%5A%43%36%2A%3C%41%2A%7B%59%5D%20%78%5A%4C%2D%43%4C%5A%44%2F%62%42%5A%4C%62%45%5A%4C%78%5A%4C%2D%36%20%76%6F%69%62%42%5A%4C%62%62%45%5A%4C%78%44%4C%5A%43%2D%4C%44%2F%62%42%5A%4C%62%45%7C%5A%4C%78%5A%2D%4C%43%5A%4C%2D%47%5A%4C%62%45%5A%4C%78%5A%4C%5A%43%2D%4C%5A%2F%62%42%5A%4C%4C%62%42%5A%4C%5A%43%2D%4C%5A%6D%75%72%64%20%6F%6E%28%20%73%75%72%6F%68%65%63%72%70%20%36%36%2A%3C%42%2A%7C%59%5A%4C%78%73%29%3E%41%62%4C%2D%47%5A%4C%41%3E%29%65%72%43%2D%4C%5A%41%73%75%72%6F%68%43%20%38%36%2A%3C%43%2A%7C%5A%59%4C%2D%43%5A%4C%2D%47%5A%4C%62%42%5A%4C%62%20%28%73%6E%61%5A%4C%2D%47%5A%74%6E%65%6D%75%4C%5A%47%2D%4C%20%34%36%2A%3C%42%2A%7C%59%5A%4C%2D%43%5A%2D%4C%47%5A%4C%62%42%5A%4C%62%41%5A%4C%2D%43%5A%69%6E%73%74%72%62%42%5A%4C%62%44%2A%5B%59%7D%4C%5A%42%62%4C%20%6F%74%6F%67%38%30%2A%3C%5A%4C%2D%47%5A%62%4C%42%5A%4C%62%41%5A%4C%2D%43%5A%4C%2D%47%5A%41%3E%43%2D%20%62%41%3E%6C%61%4C%62%41%5A%4C%62%72%69%64%67%47%5A%4C%62%42%5A%4C%62%41%3E%29%68%74%6E%73%79%26%65%63%69%6F%56%20%74%73%75%6A%28%20%65%2D%4C%5A%43%2D%20%38%36%2A%3C%5A%4C%2D%47%5A%43%2D%4C%5A%78%62%41%3E%29%70%75%20%64%6C%69%75%62%28%20%75%73%72%6F%68%63%20%34%36%2A%3C%43%2A%7B%5D%20%4C%5A%42%62%4C%5A%4C%62%42%5A%5A%4C%2D%43%5A%62%4C%5A%42%62%62%42%5A%4C%62%41%3E%68%74%6E%79%73%20%34%2A%36%3C%42%2A%5B%7D%20%2D%43%5A%4C%2D%47%5A%4C%4C%5A%47%2D%4C%41%5A%4C%2D%43%41%62%4C%5A%42%62%4C%5A%47%2D%4C%5A%43%2D%4C%5A%43%2D%20%5A%20==%30=%30
b6466a29-6bd3-451a-b475-8e4967c384b4,irealb://%44%6F%6E%27%74%20%46%65%6E%63%65%20%4D%65%20%49%6E%20%28%42%65%6C%6F%66%66%20%61%72%72%2E%29=%50%6F%72%74%65%72%20%43%6F%6C%65==%4C%6F%70%69%6E%67%20%52%68%79%74%68%6D%20%28%4D%65%64%69%75%6D%20%53%77%69%6E%67%29=%44==%31%72%33%34%4C%62%4B%63%75%37%44%5A%4C%20%78%34%44%20%41%2D%44%20%44%34%34%54%41%2A%5B%5D%20%37%41%20%5A%44%4C%37%41%20%44%5A%4C%2D%47%20%37%42%5A%4C%5E%37%4C%5A%20%34%54%69%2A%5B%20%44%42%2A%5B%2C%44%2C%7C%6C%37%5E%44%5A%4C%20%78%20%5A%4C%20%78%20%5A%37%4C%41%20%37%2D%45%5A%4C%2C%37%41%20%37%2D%45%20%44%36%20%5D%37%2D%45%73%20%44%20%44%5A%4C%44%37%20%44%37%4C%2D%47%20%37%42%5A%4C%2D%41%20%44%5A%4C%47%2D%20%37%5E%47%7C%51%79%58%36%47%5A%4C%35%23%5A%44%20%41%37%5A%4C%37%5E%44%45%20%44%5A%4C%43%47%5E%37%58%47%7C%51%79%58%37%5E%47%5A%4C%37%44%20%44%51%7C%79%58%44%5A%4C%36%47%20%37%5E%47%7C%51%79%5E%37%20%47%36%2A%5B%5D%20%37%2D%41%20%44%5A%45%2D%37%20%41%5E%47%7C%51%79%58%36%47%5A%4C%35%23%37%44%37%20%44%5A%4C%37%5E%44%20%44%44%2A%5B%5D%20%37%37%20%47%2D%4C%5A%4C%37%6F%62%4C%5A%42%37%20%47%2D%4C%5A%44%20%41%37%2C%4C%5A%44%20%73%45%2D%37%2C%41%37%2C%5A%20==%30=%32
b6b79cff-c70f-4fbc-8a02-74e52847d7c6,irealb://%49%27%6D%20%49%6E%74%6F%20%53%6F%6D%65%74%68%69%6E%67%20%47%6F%6F%64%20%28%42%65%6C%6F%66%66%20%61%72%72%2E%29=%47%65%72%72%79%20%47%6F%66%66%69%6E%2C%20%43%61%72%6F%6C%65%20%4B%69%6E%67==%4D%65%64%69%75%6D%20%53%77%69%6E%67=%47==%31%72%33%34%4C%62%4B%63%75%37%5A%4C%37%47%20%34%44%58%79%51%47%5A%4C%43%20%47%5A%4C%43%20%47%41%2A%7B%20%5D%43%20%47%5A%4C%43%20%47%7C%51%79%58%43%7C%20%43%4C%5A%47%34%54%69%2A%5B%51%79%58%44%43%70%58%79%51%7C%20%47%5A%4C%43%20%47%7C%51%79%58%43%7C%51%58%79%44%42%2A%5B%5D%51%79%58%47%5A%4C%43%20%47%43%20%7D%5B%2A%7C%51%79%58%43%20%41%7C%51%79%7C%47%20%43%4C%7C%51%79%58%2D%41%34%32%54%7C%51%79%58%41%51%7C%79%58%70%7C%51%79%58%44%7C%51%79%58%47%5A%54%34%34%44%58%51%79%58%70%7C%44%7C%51%79%58%2A%41%2C%47%20%47%7C%51%79%58%70%7C%51%79%58%43%5A%4C%37%20%47%47%5A%4C%43%20%47%5A%4C%43%20%47%5A%4C%43%20%43%4C%5A%47%2C%5B%5D%20%44%7D%20%43%20%47%58%79%51%7C%7B%61%66%20%64%6E%61%20%74%61%65%70%65%52%33%2A%36%3C%43%20%47%7C%51%79%58%43%7C%51%79%58%44%64%65%3E%4C%5A%43%7C%51%79%58%7C%3C%20%3E%47%58%79%51%5A%20==%31%31%30=%31
b6e1ea44-f3b1-4de8-9e1f-041a29547748,irealb://%52%61%6D%62%6C%69%6E%27%20%4D%61%6E%20%28%42%65%6C%6F%66%66%27%73%20%61%72%72%2E%29=%42%65%74%74%73%20%44%69%63%6B%65%79==%43%6F%75%6E%74%72%79=%44==%31%72%33%34%4C%62%4B%63%75%37%7C%51%79%58%70%34%44%58%79%51%7C%51%79%58%43%7C%51%79%58%44%41%2A%5B%5D%79%51%58%44%7C%51%79%58%44%7C%51%79%58%37%41%7C%44%58%79%51%7C%34%54%69%2A%5B%37%41%7C%51%79%47%58%79%51%7C%58%47%7C%51%79%58%37%2D%42%7C%51%79%58%44%51%7C%79%58%47%7C%51%79%58%70%7C%51%79%58%37%41%79%51%7C%44%58%7C%51%79%58%44%58%37%41%7C%51%58%79%51%7C%44%79%58%44%7C%51%79%58%70%7C%51%79%58%44%7C%79%51%58%47%7C%51%79%58%44%42%2A%7B%5D%51%79%58%51%7C%47%58%79%44%7C%51%79%58%51%79%58%70%7C%79%51%7C%47%58%51%79%58%37%41%7C%51%79%58%44%7C%51%79%58%7C%47%51%79%58%37%2D%42%7C%51%79%58%44%7C%51%79%7C%44%58%79%51%58%70%7C%51%79%5A%4C%37%41%5A%4C%5A%43%4C%5A%5A%4C%37%2D%42%5A%4C%44%5A%4C%47%5A%4C%70%4C%5A%37%41%5A%4C%47%5A%4C%44%5A%4C%70%5A%4C%44%47%4C%5A%44%4C%44%41%2A%5B%7D%44%4C%5A%70%20%5D%7B%2C%51%2C%44%4C%5A%43%4C%5A%3C%2A%36%36%52%65%70%65%61%74%20%61%6E%64%20%66%61%64%65%3E%44%4C%5A%70%20%7D%20=%42%6C%75%65%73%2D%54%65%78%61%73%20%52%6F%63%6B=%30=%31
b678d722-4572-4a9f-b479-90ecf153df18,irealb://%54%6F%20%45%61%63%68%20%48%69%73%20%4F%77%6E%20%2F%54%47%4A%43=%4C%69%76%69%6E%67%73%74%6F%6E%2F%45%76%61%6E%73==%42%61%6C%6C%61%64=%45%62==%31%72%33%34%4C%62%4B%63%75%37%20%5A%4C%37%62%34%45%62%20%45%5A%4C%37%62%42%20%37%2D%46%5A%4C%37%2D%43%62%20%45%5A%4C%20%78%20%5A%4C%29%2D%43%28%6F%62%46%2D%37%20%42%34%54%41%2A%7B%62%45%20%62%41%78%20%4C%5A%4E%37%62%45%20%62%45%32%4E%7C%51%79%58%51%79%51%58%79%58%51%79%58%7D%20%37%62%42%20%62%45%31%20%5D%5B%2A%42%20%5A%4C%20%78%2C%37%62%42%6C%20%41%6F%4C%5A%46%5A%4C%37%43%20%46%5A%4C%37%43%20%46%5A%37%4C%43%20%62%44%2F%2D%62%42%7C%51%79%58%62%45%37%58%79%51%7C%62%41%5A%4C%37%29%43%28%38%34%2A%41%6C%45%62%37%62%42%20%37%2D%46%5A%4C%37%2D%43%20%62%5A%45%4C%20%78%20%5A%4C%29%2D%43%28%6F%62%45%20%4C%5A%3C%31%39%5B%5D%51%79%58%62%42%20%37%2D%65%72%73%69%6F%61%6F%69%47%20%6E%69%74%72%61%4D%20%79%62%64%20%65%62%69%72%63%73%6E%61%72%74%28%20%73%6E%6E%69%29%3E%46%76%20%39%34%2F%37%4C%5A%20%78%20%4C%5A%20%78%20%4C%5A%45%62%20%42%62%37%20%5A%20=%4A%61%7A%7A%2D%42%61%6C%6C%61%64%20%53%77%69%6E%67=%36%30=%33
b672b61f-2644-4c1a-ab5b-7875c0a6d1df,irealb://%4E%C3%A3%6F%20%48%C3%A1%20%41%6D%6F%72%20%49%67%75%61%6C=%2E==%4D%69%6E%69%73%74%C3%A9%72%69%6F%20%4C%69%76%72%65=%43=%39=%31%72%33%34%4C%62%4B%63%75%37%41%2F%5E%46%7C%54%34%34%43%58%7C%51%79%58%3E%34%33%33%2A%3C%43%7C%51%79%43%58%7C%51%79%58%3E%34%30%33%2A%3C%43%7C%51%79%41%2D%58%79%51%2C%69%2A%2C%5B%36%33%2A%3C%43%58%79%51%43%3C%7C%51%79%58%3E%34%33%33%2A%3C%43%7C%51%79%43%58%2C%41%2A%2C%7B%5D%51%79%58%3E%34%36%33%2A%43%58%79%51%7C%43%7C%51%79%58%58%5E%46%7C%2C%7C%41%2D%58%79%2D%44%2C%42%2A%2C%7B%7C%51%79%58%78%7C%51%58%79%43%7D%51%79%58%29%41%2F%46%28%5E%46%7C%51%20%20%43%2F%45%51%79%58%3E%34%2A%3C%2C%43%2A%41%2D%58%79%51%79%58%51%79%58%5D%51%79%58%47%7C%51%79%58%34%3E%33%33%2A%3C%47%32%4E%5B%7D%51%79%58%47%7C%51%20%20%7B%2C%31%4E%5B%51%79%30%33%2A%3C%5D%65%66%72%C3%A3%6F%5B%7D%51%79%58%5E%46%7C%2C%45%2F%43%20%20%44%2D%7C%51%79%58%42%2F%47%7C%51%79%58%43%3E%20%46%5E%58%79%51%52%20%20%36%36%3E%6F%68%6E%65%61%20%61%6F%20%20%6F%64%75%54%20%20%30%36%2A%3C%2C%44%2A%7B%2C%51%79%58%51%79%58%51%79%58%51%79%58%3E%41%71%75%65%20%74%74%6C%6F%56%20%46%5E%58%79%51%7C%47%58%79%51%7C%41%2D%58%79%51%7C%47%2F%42%58%79%51%7D%20==%30=%30
b63f2708-9c82-48d8-b6ef-e111087806b9,irealb://%54%75%20%C3%89%73%20%4F%20%52%65%69%20%50%65%6C%6F%20%53%65%6E%68%6F%72=%2E==%4D%69%6E%69%73%74%C3%A9%72%69%6F%20%4C%69%76%72%65=%43==%31%72%33%34%4C%62%4B%63%75%37%79%58%3E%6F%72%23%2D%58%79%51%6F%68%6E%65%53%20%6F%6C%65%50%3C%7D%51%79%2D%58%23%46%7C%51%79%58%5E%41%7C%51%79%58%42%7C%72%20%69%6E%74%43%34%34%54%7B%7C%51%79%58%5E%79%51%58%79%51%61%43%3C%7C%51%79%58%78%7C%51%79%58%78%7C%79%51%58%78%7C%51%79%58%2D%23%43%7B%20%51%79%58%6E%74%6F%3E%41%58%51%79%58%51%2D%23%46%3E%6F%78%58%79%51%7C%3C%7C%51%79%58%78%7C%51%79%58%5E%41%7C%51%58%79%78%7C%51%79%58%2D%23%43%7B%7D%51%79%58%78%52%65%66%72%C3%A3%7C%51%79%58%78%5E%41%7C%51%79%23%37%58%79%51%79%58%5E%41%7C%51%79%58%39%45%7C%51%79%58%41%5E%7B%7D%51%79%58%78%7C%51%79%58%2D%23%43%7C%51%7C%45%39%58%47%7C%51%79%58%58%79%51%7C%46%23%2D%20%47%23%37%4C%5A%43%23%2D%58%79%51%7C%78%58%79%51%7D%20==%30=%30
b69cb05e-052a-4091-af7c-288d182ab29a,irealb://%53%75%6D%6D%65%72%20%4E%69%67%68%74%20%33%2D%34%20%2D%52%65%76%20%4A%45=%57%61%72%72%65%6E%20%48%61%72%72%79==%42%61%6C%6C%61%64=%43%2D==%31%72%33%34%4C%62%4B%63%75%37%61%37%47%20%74%34%43%2D%37%20%4C%74%6C%61%37%41%20%37%2D%43%5A%4C%74%6C%37%61%47%20%74%6C%61%37%44%5A%4C%74%6C%61%37%41%5A%44%37%61%6C%33%54%41%2A%7B%62%44%73%7C%51%2D%37%20%42%2D%5A%4C%29%2A%31%31%23%39%62%33%31%2A%62%45%31%28%31%23%33%31%62%45%20%37%2D%62%42%5A%4C%37%41%62%5E%58%79%43%5A%4C%74%6C%58%74%6C%61%37%2C%43%2D%39%2C%33%31%62%41%7C%51%79%58%41%2F%37%62%45%7C%79%51%58%37%2D%62%42%31%4E%42%2A%5B%5D%20%37%42%58%79%51%7C%47%31%31%23%33%31%42%32%4E%43%2A%2D%37%2C%42%68%61%37%47%20%74%6C%61%37%44%7C%51%79%58%5E%41%62%7C%51%79%58%68%41%5A%4C%37%2D%62%42%6C%2C%6C%74%20%7D%5B%43%73%7C%51%79%37%2D%47%5A%4C%39%23%31%31%4C%68%41%5A%4C%37%2D%62%42%6C%2C%68%42%2C%37%43%2D%73%5A%4C%74%6C%61%37%47%20%33%31%62%41%5A%20%41%62%31%33%41%20%37%2D%62%23%33%31%62%41%37%61%6C%74%2C%6C%61%37%41%7C%51%79%58%5E%62%45%7C%51%79%37%58%62%42%5A%4C%51%20%20%37%2D%46%7C%51%79%58%74%58%79%51%7C%43%7C%51%79%58%62%47%7C%51%79%7C%47%37%61%6C%51%79%58%37%62%41%7C%51%79%58%68%41%5A%4C%41%62%2F%57%20%2C%37%62%42%51%5B%5A%51%79%58%74%7C%47%2D%37%58%51%79%58%31%31%37%58%79%51%7C%46%2D%37%58%79%51%7C%42%62%37%58%79%51%7C%55%3C%46%49%4E%45%3E%45%62%5E%58%79%51%5A%20==%31%34%30=%34
b65fb36a-b22f-410b-a2de-e0ea0d305bc2,irealb://%59%6F%75%20%53%74%65%70%70%65%64%20%4F%75%74%20%6F%66%20%61%20%44%72%65%61%6D%2D%52%65%76%20%4A%45=%4E%61%63%69%6F%2D%48%65%72%62%2D%42%72%6F%77%6E==%4D%65%64%69%75%6D%20%55%70%20%53%77%69%6E%67=%43==%31%72%33%34%4C%62%4B%63%75%37%79%58%37%62%45%58%79%51%4B%63%2D%62%42%6C%7C%2C%43%2F%57%2C%62%44%2F%57%20%73%5E%62%44%7C%51%79%58%5E%62%44%5A%4C%20%6C%37%58%79%51%7C%5E%43%41%2A%5B%37%2D%41%5A%4C%58%79%51%4B%63%2D%46%7C%51%79%58%5E%46%7C%51%79%58%35%23%43%37%7C%51%79%58%37%2D%47%42%2A%5B%5D%20%20%6C%37%20%42%62%37%5E%62%41%7C%51%4C%20%6C%63%4B%37%23%35%58%79%6C%41%2A%5B%5D%6E%2C%33%31%47%6E%2C%39%2D%7C%44%6E%2C%39%62%41%6E%2C%39%2D%62%45%73%7C%51%43%5E%58%79%51%44%7C%51%79%58%43%6C%7C%2C%62%79%51%7C%44%62%45%2F%57%73%20%37%62%45%7C%51%79%58%37%2D%42%62%6C%7C%2C%43%2F%57%2C%62%44%2F%57%73%20%5E%62%2C%57%2F%44%58%5E%62%44%5A%23%33%31%46%20%79%51%7C%46%37%58%35%23%37%47%7C%51%79%58%37%68%44%6C%43%5B%2A%5D%2C%62%45%2F%57%2C%46%2F%57%73%20%39%62%79%51%7C%43%5E%58%31%31%23%39%51%5B%5D%20%51%2D%39%20%41%37%23%37%62%44%5A%4C%20%6E%2C%5E%43%73%7C%51%58%79%37%47%7C%51%79%58%31%31%2D%44%5A%4C%39%23%31%31%2C%6E%20%45%5A%4C%31%31%3C%2A%36%38%58%79%51%20%20%54%41%47%3E%6C%43%5E%58%79%51%7C%44%62%37%23%31%31%58%79%51%7C%55%3C%46%49%4E%45%3E%43%5E%58%79%51%5A%20=%4A%61%7A%7A%2D%55%70%20%54%65%6D%70%6F%20%53%77%69%6E%67=%32%30%30=%33
b6453eef-79da-40d1-8186-dd27293af909,irealb://%44%65%65%70%20%57%61%74%65%72=%43%6C%61%70%74%6F%6E%20%52%69%63%68%61%72%64==%70%6F%70%20%72%6F%63%6B=%41==%31%72%33%34%4C%62%4B%63%75%37%5A%4C%2D%42%5A%34%41%4C%5A%44%4C%37%2D%42%5A%4C%2D%23%43%5A%4C%44%5A%4C%5A%41%4C%45%5A%4C%2D%42%5A%4C%78%5A%4C%78%5A%4C%5A%43%23%2D%4C%34%54%41%2A%7B%51%2C%41%5A%4C%51%58%79%51%59%4C%44%5A%4C%78%5A%4C%45%5A%4C%78%5A%4C%44%4C%5A%78%5A%4C%45%5A%4C%78%5A%4C%41%42%2A%53%5B%5A%41%4C%5A%44%79%58%5D%20%78%20%2C%44%5A%4C%58%79%51%20%20%37%2D%23%46%7C%51%79%58%37%2D%42%7C%51%79%2D%58%23%47%7C%51%79%58%37%2D%23%43%43%2A%5B%59%2C%20%45%37%2C%51%79%58%5D%20%59%51%79%58%51%4E%31%44%58%79%51%79%58%5D%51%79%58%44%66%5A%4C%2C%37%45%2C%20%44%5A%4C%2C%37%45%20%2C%44%32%4E%7C%7D%51%58%79%51%58%79%5A%4C%2C%37%45%35%23%39%41%5A%37%4C%5A%78%4C%5E%41%5A%4C%78%5A%4C%41%5A%4C%41%2F%31%31%5A%45%4C%41%2F%44%5A%4C%78%5A%4C%35%23%39%41%5A%37%4C%5A%78%4C%5E%41%44%2A%5B%7C%72%20%5A%4C%5A%44%4C%5A%45%2A%51%7B%59%20%20%51%79%58%51%79%58%51%79%51%58%79%58%7C%5D%20%78%5A%4C%45%5A%4C%41%5A%4C%42%44%4C%5A%41%4C%78%5A%4C%2C%20%20%7D%20==%30=%30
b6177bd7-893b-4960-9c91-9aad58ad6b13,irealb://%41%20%44%61%69%73%79%20%41%20%44%61%79%20%31=%53%74%72%75%6E%6B%20%4A%65%64==%57%61%6C%74%7A=%41==%31%72%33%34%4C%62%4B%63%75%37%51%79%58%37%41%34%41%2C%58%79%5A%4C%20%6C%63%4B%51%79%58%44%7C%51%79%58%41%37%7C%51%79%58%2C%41%7C%51%79%58%2C%45%7C%51%41%58%79%51%7C%33%54%41%2A%7B%32%4E%7C%7D%51%4B%63%6C%20%4C%51%79%58%45%5A%4C%20%6C%63%4B%51%79%58%37%31%42%4E%7C%51%79%58%37%23%46%7C%51%79%58%41%5A%7C%45%37%58%79%51%79%58%44%7C%58%44%7C%51%79%7C%45%37%58%79%79%58%41%7C%51%79%58%37%45%7C%51%79%58%41%2A%42%5B%59%5D%51%79%58%45%7C%51%79%58%41%7C%51%51%7C%41%37%58%51%79%58%37%42%51%79%58%45%7C%20%4C%5A%41%58%51%79%58%2D%23%46%7C%51%79%58%41%5A%4C%20%63%6C%4B%51%79%58%44%7C%51%79%58%37%41%7C%51%79%7C%41%58%79%51%6C%63%4B%51%79%7C%41%58%79%51%4B%63%6C%20%20%5A%20=%50%6F%70%2D%42%6C%75%65%67%72%61%73%73=%31%35%30=%34
b668a847-83e0-4fb9-9581-eee470fa87ff,irealb://%41%20%42%65%6C%65%7A%61%20%C3%A9%20%56%6F%63%C3%AA%2C%20%4D%65%6E%69%6E%61=%42%65%62%65%74%6F==%53%61%6D%62%61%2D%46%75%6E%6B=%41%2D==%31%72%33%34%4C%62%4B%63%75%37%2E%2E%2E%2E%61%34%45%2D%37%20%2A%3C%7B%59%5D%51%79%58%37%2D%45%5A%4C%20%2D%39%41%5A%4C%20%2D%42%5A%4C%20%39%2D%41%5A%4C%37%32%20%20%4C%34%54%69%2A%5B%41%7C%51%79%58%2E%2E%3E%41%2D%58%2D%41%41%2A%7B%59%7D%51%79%58%39%2D%45%51%7C%79%58%2D%41%7C%51%79%58%2D%42%7C%51%79%58%79%51%7C%42%2D%61%69%61%6C%2E%7C%51%79%58%2D%45%2D%37%58%79%39%5E%43%3E%2E%2E%65%63%6F%76%20%65%20%61%72%69%67%65%6C%41%51%79%58%36%36%2A%3C%5B%7D%51%58%79%51%7C%42%7C%51%79%58%2D%79%58%2D%42%7C%7C%45%2D%37%58%43%42%2A%7B%59%20%51%79%58%5D%51%79%58%2D%7C%41%51%79%58%2D%42%7C%51%79%58%2D%41%7C%51%79%5E%39%58%79%51%51%79%58%2D%41%7C%51%79%58%2D%79%51%7C%3C%41%2D%42%7C%51%79%58%29%37%2D%41%28%39%5E%43%2A%41%7B%59%7D%51%79%58%2D%45%3E%62%69%4C%20%64%58%79%51%7C%41%58%2D%41%7C%51%51%79%58%2D%42%51%7D%59%5B%2A%5E%43%7C%7C%51%79%58%37%2D%45%7C%51%79%58%41%2D%7C%51%79%58%2D%42%7C%51%79%58%39%5E%43%42%39%58%79%51%7C%79%58%37%2D%45%7C%41%2D%20%20%3C%44%2E%43%2E%20%61%6C%20%46%69%6E%65%3E%20%5A%20=%4C%61%74%69%6E%2D%42%72%61%7A%69%6C%3A%20%53%61%6D%62%61=%32%30%30=%33
b6341747-ec46-47ea-8a8e-a8d727424ce7,irealb://%41%20%45%73%74%72%65%6C%61%20%64%65%20%50%61%72%69%73=%53%61%6D%62%61%74%75%63%20%47%52%45%53==%53%61%6D%62%61%20%45%6E%72%65%64%6F=%43==%31%72%33%34%4C%62%4B%63%75%37%37%42%2C%37%43%3C%2A%36%36%20%4C%37%42%20%78%7C%51%79%58%78%7C%51%79%58%3E%44%2E%2E%6C%6F%73%20%6F%20%6F%64%6E%61%75%51%5A%45%2D%20%73%34%34%54%5B%59%4C%37%44%20%44%58%79%51%7C%47%47%7C%51%79%58%2D%23%46%7C%51%79%58%44%5A%37%4C%41%20%44%5A%4C%37%41%20%2D%45%7C%51%79%58%20%41%37%4C%5A%2D%45%6C%7C%2C%20%2D%41%31%4E%2A%36%39%20%45%2D%45%5A%4C%37%42%20%44%5A%4C%37%43%20%47%2E%3E%2E%65%64%61%64%72%61%70%20%61%64%20%65%6D%20%41%37%4C%5A%3C%7B%59%59%5A%7A%75%64%65%73%79%51%58%79%51%20%65%74%69%6F%6E%20%41%20%20%32%37%2A%3C%5A%59%4C%37%41%20%44%32%4E%7C%51%79%58%51%79%58%63%61%69%2C%20%58%7D%20%37%44%20%29%36%2D%45%45%2D%4C%5A%46%35%23%2D%45%28%20%20%2D%45%5A%4C%37%42%20%43%37%7C%51%79%58%2D%23%46%5A%4C%2D%45%20%2D%23%29%4C%5A%78%28%20%44%3E%2E%2E%47%20%47%7C%51%35%29%4C%5A%45%37%44%20%2D%41%7C%51%79%58%2D%23%46%5A%4C%45%2D%20%44%5A%4C%37%41%20%44%5A%4C%37%41%20%2D%4C%5A%47%58%79%23%2D%45%28%20%75%65%6D%20%65%2D%20%42%37%4C%62%6D%61%53%20%32%37%2A%3C%7B%59%5A%4C%37%2C%42%44%5A%4C%37%41%2C%2D%45%73%5A%4C%2D%45%5A%61%74%75%63%20%23%46%5A%4C%2D%20%61%6D%6F%72%2E%2E%3E%6C%45%2D%20%41%37%4C%5A%44%20%42%2D%4C%5A%58%79%51%72%7C%58%79%51%20%7D%20==%30=%33
b6bc22ea-dcde-45cf-9210-a12c59165345,irealb://%4F%20%51%75%65%20%C3%89%20%4F%20%51%75%65%20%C3%89=%47%6F%6E%7A%61%67%75%69%6E%68%61==%53%61%6D%62%61=%41=%37=%31%72%33%34%4C%62%4B%63%75%37%37%46%5A%4C%37%3C%2A%36%33%20%5A%4C%37%45%20%2D%44%3E%2E%2E%61%7A%65%72%70%75%20%61%20%6D%6F%63%20%6F%63%69%66%20%75%45%41%2D%20%41%2D%34%34%54%5B%59%72%65%73%20%65%37%58%79%51%5D%6F%67%72%65%76%20%61%20%72%65%74%20%6F%C3%A3%20%6E%45%20%21%72%65%76%69%56%39%36%2A%3C%7B%59%6E%68%61%20%64%45%7C%51%79%58%20%37%45%20%41%7A%2E%2E%3E%41%45%7C%51%79%58%2D%42%5A%4C%37%23%46%20%37%42%2D%6C%7C%2C%37%23%46%73%20%20%78%7C%51%79%58%37%58%79%51%7C%69%6C%65%66%20%45%39%36%2A%3C%7C%41%37%58%79%45%73%20%41%5A%4C%2C%37%45%20%37%2D%42%5A%37%4C%23%46%20%41%5A%4C%20%2D%44%5A%4C%44%7C%51%37%2C%7D%59%7B%51%79%58%41%5B%58%78%7C%51%79%64%61%21%20%45%37%41%20%2D%41%6C%7C%51%79%58%2D%41%6C%3E%C3%A9%3F%20%65%75%71%20%6F%20%61%64%69%76%20%61%20%4C%5A%44%2D%58%69%76%20%61%20%65%6C%61%66%20%20%45%37%4C%5A%C3%A1%48%3C%7B%59%5D%20%2C%37%44%20%2D%41%32%7D%4E%20%2C%37%45%20%2D%41%31%4E%7C%51%79%58%78%20%71%75%65%6D%68%42%7C%51%79%45%20%68%42%7C%61%20%76%69%64%41%28%43%5A%4C%29%37%45%28%20%20%29%68%42%37%28%47%3E%2E%2E%65%74%6E%65%67%20%61%64%20%61%2D%29%58%79%51%20%65%75%71%20%64%20%65%72%70%68%20%41%37%2C%2A%3C%5B%59%7D%51%79%58%37%45%7C%51%79%58%46%37%7C%51%79%58%2D%41%7C%51%79%58%2D%44%5A%4C%36%36%53%65%6D%45%5A%4C%2C%37%37%44%20%2D%41%64%61%20%70%6F%20%68%42%3E%2E%2E%61%64%61%72%72%65%20%61%65%6A%74%73%65%20%65%75%71%20%73%69%61%6D%20%72%45%37%2C%4C%5A%61%6A%61%73%65%2D%41%5A%4C%2C%58%79%51%7C%43%7C%51%79%58%37%45%7C%51%79%58%37%42%7C%51%58%79%2D%41%5A%4C%2C%37%45%20%68%42%7C%51%79%58%42%68%20%45%37%37%47%5A%4C%2C%20%44%37%2C%4C%5A%47%37%58%79%51%7C%43%20%41%37%2C%4C%5A%44%2D%58%79%51%7C%41%2D%58%79%51%7C%46%37%58%79%51%7C%45%37%58%79%51%5D%20=%4C%61%74%69%6E%2D%42%72%61%7A%69%6C%3A%20%53%61%6D%62%61=%32%30%30=%33
b68537e0-f7cf-4af9-87ee-58d5ec07d53a,irealb://%43%68%72%69%73%74%6D%61%73%20%54%69%6D%65%27%73%20%41%2D%43%6F%6D%69%6E%27%20%2D%20%46%6C%69%6E%6E%65%72=%4C%6F%67%61%6E%20%54%65%78==%50%6F%70%20%2D%20%42%6C%75%65%67%72%61%73%73=%44==%31%72%33%34%4C%62%4B%63%75%37%58%44%7C%51%79%54%34%34%44%58%58%41%5A%4C%20%6C%63%4B%51%79%58%44%5A%4C%6C%20%63%4B%51%79%58%41%5A%4C%20%6C%63%4B%51%79%79%51%7C%44%58%2C%41%2A%2C%5B%5A%4C%20%6C%63%51%58%79%51%58%5A%4C%20%6C%63%4B%51%79%58%47%5A%4C%20%6C%4B%63%51%79%58%44%2C%42%2A%2C%5B%51%79%58%51%79%44%58%79%51%4B%79%58%5D%51%79%54%32%34%44%58%79%51%7C%54%34%34%41%58%79%51%7C%44%58%79%51%4B%63%6C%20%20%5A%20==%30=%30
b66dfa22-50a7-419b-a826-780b9bd0f582,"irealb://%49%27%6D%20%53%61%74%69%73%66%69%65%64%20%57%69%74%68%20%59%6F%75=%43%6F%6D%70%6F%73%65%72%20%55%6E%6B%6E%6F%77%6E==%57%65%73%74%65%72%6E%20%53%77%69%6E%67=%43==%31%72%33%34%4C%62%4B%63%75%37%51%79%58%36%43%34%43%36%58%79%37%47%7C%51%79%58,%36%43%5A%4C%20%6C%63%51%4B%79%58,%37%46%7C%51%79%58,%37%43%7C%51,%58%79%51%7C%34%54%41%2A%5B%36%43%7C%51%79%5D%5B%2A%41%43%51%79%58,%36%43%5A%4C%20%6C%63%4B%51%79,%58%37%46%7C%51%79%58,%37%43%7C%51%79%58%36%7C%47%37,%58%20%20%6C%63%4B%36%47%5A%4C%20%6C%20%20%5D%5B%58,%37%44%5A%4C%20%78%20%5A%4C%20%78%20%4C%5A%20%6C%63%4B%51%79%58,%36%47,%42%2A,%79%51%4B%63%6C%63%4B%51%79%58,%37%47%7C%51%47%37,%58%79%5A%4C%20%6C%63%4B%51%79%58,%37%46%7C%51%58%79,%37%43%7C%51%79%58%36%43%41%2A%5B%5D%51%43%36,%58%79%7C%51%79%58,%58%79%51%7C%43%36%58%79%51%4B%63%6C%20%20%5D%20=%4A%61%7A%7A%2D%42%61%6C%6C%61%64%20%53%77%69%6E%67=%36%30=%33"
b6c5c1b7-88f0-43d5-87ea-19e6ecfea8b8,irealb://%53%61%6C%6C%79=%52%6F%73%73%69%20%56%61%73%63%6F==%52%6F%63%6B%20%50%6F%70=%43=%32=%31%72%33%34%4C%62%4B%63%75%37%73%43%5A%4C%42%34%73%43%20%43%2F%46%7C%51%79%58%47%7C%51%79%58%37%2D%44%4C%5A%45%2F%43%20%46%7C%51%79%58%37%43%5A%4C%5E%41%2C%20%47%2F%34%54%69%2A%7B%2C%41%2F%46%7C%5A%47%58%79%51%51%79%58%37%2D%44%5A%4C%45%2F%43%20%46%7C%79%51%58%37%43%5A%4C%5E%43%20%2C%43%41%2A%5B%5D%7C%47%58%79%51%4C%43%20%73%75%73%75%73%47%7C%5A%43%73%75%73%4C%46%2F%47%20%46%7C%51%79%58%36%47%7C%51%58%79%2D%41%7C%5D%20%42%2F%47%20%43%7C%51%79%58%5A%46%58%79%51%4C%42%2F%47%20%44%31%35%2A%3C%58%79%51%5D%43%7C%51%79%58%46%7C%51%79%58%47%7C%51%79%58%41%2D%5A%4C%42%2F%47%20%43%7C%51%79%58%73%75%73%47%73%75%73%2C%47%7C%51%79%58%61%20%63%61%70%6F%3E%58%79%51%5D%20=%50%6F%70%2D%52%6F%63%6B=%32%30%30=%33
b6237445-aeff-4ec4-9da5-9e4ac97d4741,irealb://%54%20%49%6D%6D%61%67%69%6E%69=%52%6F%73%73%69%20%56%61%73%63%6F==%4D%65%64%69%75%6D%20%52%6F%63%6B=%47==%31%72%33%34%4C%62%4B%63%75%37%58%51%79%58%5D%34%3C%2A%36%39%5A%4C%78%5A%4C%47%73%3E%61%72%72%61%74%69%63%68%20%69%64%20%66%66%69%72%20%6F%72%74%6E%49%78%4C%5A%78%20%34%54%69%2A%5B%78%5A%4C%44%42%2A%41%47%4C%5A%3E%20%33%58%30%36%2A%3C%2C%43%7C%2C%47%2C%5A%43%4C%78%5A%4C%44%5A%4C%78%5A%4C%43%5A%4C%78%47%2C%7D%5B%2A%7B%20%20%51%79%69%6F%70%20%41%78%20%5D%58%79%2A%3C%5A%4C%78%5A%4C%43%5A%4C%78%5A%4C%2D%5A%45%4C%78%5A%4C%47%43%2A%7B%20%20%51%79%58%51%37%34%44%61%20%5A%4C%78%5A%4C%46%32%37%2A%3C%44%4C%5A%78%20%20%78%5A%4C%44%5A%4C%78%5A%4C%43%5A%4C%78%4C%5A%2D%45%5A%4C%78%5A%4C%47%2C%44%2A%2C%7B%7D%7D%5B%2C%66%2C%3E%32%78%42%20%69%6E%61%6C%65%20%6F%6E%65%20%76%69%73%69%6F%6E%3E%47%20%5A%20==%30=%30
b6f71dcc-131d-4101-9b17-a2fbe98288ae,irealb://%51%75%61%73%69%6D%6F%64%6F%20%28%42%6C%6F%77%69%6E%67%20%43%68%61%6E%67%65%73%29=%50%61%72%6B%65%72%20%43%68%61%72%6C%69%65==%4D%65%64%69%75%6D%20%53%77%69%6E%67=%45%62==%31%72%33%34%4C%62%4B%63%75%37%37%2D%62%41%7C%34%45%62%5E%37%46%5A%4C%37%43%20%37%68%47%5A%4C%37%62%42%37%20%2D%46%5A%4C%37%44%20%37%2D%41%7C%51%79%58%2D%37%58%79%51%34%54%41%2A%5B%68%45%5A%4C%46%5A%45%62%58%79%47%5A%4C%37%44%20%37%2D%41%5A%4C%62%42%2F%43%2D%20%2D%43%7C%5A%4C%37%47%20%37%68%44%7C%51%2D%20%47%2D%2F%4C%37%62%44%20%41%7C%51%79%58%37%4C%5A%44%2D%2A%5B%5D%51%79%58%37%62%42%7C%51%79%58%37%46%2D%5A%4C%37%46%20%37%2D%43%5A%4C%37%47%20%37%42%45%62%5E%37%2D%62%45%20%37%2D%62%42%7C%51%4C%5A%46%2D%37%4C%37%62%44%20%37%2D%62%41%7C%51%79%58%37%46%2D%5A%4C%37%43%20%37%68%47%5A%4C%37%62%42%20%5A%45%62%58%79%37%44%20%37%2D%4C%37%43%20%37%4C%5A%41%62%5E%2D%62%41%20%37%68%41%5A%4C%62%42%2F%2D%43%2D%20%43%5A%4C%37%47%20%37%2D%44%7C%51%79%58%37%37%4C%5A%47%2D%37%62%45%20%37%5A%46%2D%37%20%41%62%2D%37%4C%5A%47%2D%37%20%43%37%4C%5A%46%2D%37%20%42%62%37%20%5A%20==%30=%30
b673c84c-5cb8-4f40-b5a6-6d156efcc393,irealb://%41%6C%61%62%61%72%65%20%41%6C%20%53%65%C3%B1%6F%72%20%4D%69%20%44%69%6F%73%20%28%61%6E%61%73%74%61%73%69%73%29=%48%69%6C%6C%73%6F%6E%67==%57%6F%72%73%68%69%70=%41=%35=%31%72%33%34%4C%62%4B%63%75%37%7C%51%79%58%2D%79%51%7C%43%23%58%45%5A%4C%78%5A%4C%41%41%2A%5B%7D%20%44%37%20%2D%23%43%7C%51%79%58%41%5A%4C%44%20%37%2D%79%51%7C%46%23%58%41%69%2A%7B%2D%23%46%5A%4C%41%2F%43%23%58%79%58%41%42%2A%5B%7D%20%44%20%37%2D%23%43%51%7C%79%58%41%7C%51%79%58%73%75%73%45%7C%51%79%51%7C%44%20%41%7C%51%79%58%44%37%2D%23%46%5A%45%73%75%73%20%5D%20%78%5A%4C%41%5A%4C%45%20%44%5A%4C%37%23%2D%46%20%44%7C%51%79%58%23%43%2F%41%5A%4C%45%7B%44%20%45%4C%7C%51%79%58%37%58%79%51%7C%44%20%45%4C%5A%41%58%79%51%7D%20=%50%6F%70%2D%52%6F%63%6B=%38%30=%30
b6f0525e-f8d0-42bb-862d-cfe4ff17e31f,"irealb://%44%6F%6E%27%74%20%47%65%74%20%41%72%6F%75%6E%64%20%4D%75%63%68%20%41%6E%79%6D%6F%72%65=%45%6C%6C%69%6E%67%74%6F%6E%20%44%75%6B%65==%4D%65%64%69%75%6D%20%53%77%69%6E%67=%43==%31%72%33%34%4C%62%4B%63%75%37%2D%44%7C%51%79%34%43%5E%37%20,%37%62%42,%37%42%73%20%37%5E%43%7C%51%58%79%37%2D%45%7C%6C,%6F%62%45,%37%2D%44%73%6C%7C%41%37%58%34%54%7B%41%2A%5D%20%37%43%20%47%37%58%79%51%79%58%36%43%32%4E%5A%4C%20%51%79%58%51%79%7D%58%51%79%58%37%47%7C%51%79%58%36%43%31%4E%7C%51%7C%47%2D%37%7C%51%79%58%37%2D%45%5A%4C%39%37%58%79%51%7C%68%23%46%7C%51%79%58%37%5E%46%7C%51%79%58%43%37%7C%51%79%58%37%5E%43%7C%51%79%58%37%62%42%37%20%42%37%62%5E%46%5B%42%2A%42,%37%42%73%37%4C%5A%44%2D%51%79%58%37%2D%45%7C%6C,%6F%62%45,%37%44%2D%73%20%37%5E%43%5B%41%2A%5D%20%37%47%20%37%7C%43%5E%37%20%6F%62%45%20%37%62%37,%6C%7C%41%37%58%79%51%7C%44%2D%37%58%79%51%7C%47%37%58%79%51%7C%43%36%58%79%51%7C%47%37%20%20%20%5A=%4A%61%7A%7A%2D%4D%65%64%69%75%6D%20%53%77%69%6E%67=%31%30%30=%33"
b654f5c3-8cf2-4b2a-82a1-20eb93cf5556,irealb://%42%6C%75%65%20%52%69%64%67%65%20%4D%6F%75%6E%74%61%69%6E%20%42%6C%75%65%73%20%2D%20%50%41%52%4B%49%4E%47%20%4C%4F%54%20%50%49%43%4B%45%52%27%53%20=%48%65%73%73%20%43%6C%69%66%66==%43%6F%75%6E%74%72%79=%47==%31%72%33%34%4C%62%4B%63%75%37%70%61%43%20%20%44%65%66%61%75%20%43%20%5B%20%35%20%6F%70%61%43%20%20%51%58%79%2C%5D%20%47%20%5B%20%3A%79%65%4B%20%74%6C%5D%2C%58%79%51%38%31%2A%3C%20%79%58%51%79%58%20%44%20%5D%3E%42%78%69%44%2F%70%72%61%68%73%32%65%62%20%72%3A%72%41%38%35%2A%3C%20%20%51%79%58%51%79%58%72%75%63%65%3E%5B%20%37%20%6F%70%75%2D%6B%63%36%58%79%51%20%3C%20%20%51%79%58%51%79%58%51%79%58%3E%37%20%56%2C%56%20%2C%49%20%3A%73%64%72%6F%68%43%20%2A%35%38%50%69%35%2A%3C%20%51%20%78%20%5A%4C%73%3A%20%30%3E%20%47%20%34%34%54%41%2A%5B%51%79%58%51%79%51%58%79%58%51%79%58%51%79%58%51%79%58%51%79%58%4C%5A%20%44%20%65%74%6F%6E%20%5A%4C%20%47%20%4C%5A%20%47%20%5A%4C%20%44%20%5A%4C%20%47%20%42%2A%5B%5D%20%20%47%20%5A%4C%20%78%20%5A%4C%20%44%20%5A%4C%20%78%20%4C%5A%20%47%20%5A%4C%20%47%20%4C%5A%20%43%20%4C%5A%20%44%37%20%4C%5A%20%55%47%20%20%5A%58%79%51%58%79%51%58%79%51%58%79%51%58%79%51%20%3C%62%23%3E%20=%50%6F%70%2D%43%6F%75%6E%74%72%79=%31%33%36=%33
b64e63e6-223d-4273-9c1e-101a4436cc53,irealb://%42%61%6E%61%6E%65%69%72%61=%47%69%6C%62%65%72%74%6F%20%4A%6F%61%6F==%42%72%61%7A%69%6C%69%61%6E=%43==%31%72%33%34%4C%62%4B%63%75%37%7C%51%79%58%37%34%41%2D%37%58%2C%2D%41%2C%35%23%37%45%73%20%39%2D%44%7C%79%51%58%39%2D%44%7C%51%79%58%37%2D%41%7C%51%79%7C%2C%6C%41%2D%34%54%41%2A%7C%37%2D%44%6C%2C%51%7C%44%2D%39%79%58%51%79%58%51%79%58%51%79%58%51%79%58%6E%5D%2C%39%2D%41%73%2C%20%39%2D%44%7C%51%79%58%51%20%5B%2A%42%79%58%37%2D%41%20%47%37%62%39%4C%5A%43%5E%20%46%5E%4C%5A%42%31%33%73%75%73%20%42%37%23%35%4C%5A%42%2D%37%20%2C%73%45%37%62%39%23%35%2C%6E%5A%20=%4C%61%74%69%6E%2D%42%72%61%7A%69%6C%3A%20%42%6F%73%73%61%20%45%6C%65%63%74%72%69%63=%31%32%30=%30
b6cda7b6-3754-4e5d-86d9-3a74dd0ecd2e,irealb://%4C%69%74%74%6C%65%20%43%61%62%69%6E%20%4F%6E%20%54%68%65%20%48%69%6C%6C%20%2D%20%46%6C%69%6E%6E%65%72=%42%69%6C%6C%20%4D%6F%6E%72%6F%65%2C%20%4C%65%73%74%65%72%20%46%6C%61%74%74==%50%6F%70%20%2D%20%42%6C%75%65%67%72%61%73%73=%41==%31%72%33%34%4C%62%4B%63%75%37%41%7C%51%79%58%58%79%51%7C%41%45%7C%51%79%58%45%7C%51%79%58%41%7C%51%79%41%58%7C%51%79%58%41%7C%51%79%58%44%7C%51%79%58%58%79%51%7C%41%41%34%34%54%5B%58%79%51%7C%44%58%79%51%7C%41%58%79%51%7C%41%58%79%51%7C%45%58%79%51%7C%41%58%79%51%7C%41%58%79%51%5D%20==%30=%34
b6ac7d0e-7db5-4f17-8600-dab0b49a5279,irealb://%57%61%69%74%69%6E%67%20%46%6F%72%20%54%68%65%20%48%61%72%64%20%54%69%6D%65%73%20%54%6F%20%47%6F%20%2D%20%46%6C%69%6E%6E%65%72=%52%69%6E%67%65%72%20%4A%69%6D==%50%6F%70%20%2D%20%42%6C%75%65%67%72%61%73%73=%43==%31%72%33%34%4C%62%4B%63%75%37%4C%43%5A%4C%43%54%33%34%46%4C%43%5A%4C%47%5A%4C%43%5A%4C%43%5A%4C%46%5B%79%51%58%51%79%58%51%79%58%51%79%58%5D%20%46%5A%4C%5A%43%4C%5A%2C%69%2A%2C%5B%43%5A%4C%46%5A%41%2D%4C%5A%41%5A%4C%46%5A%4C%2D%41%5A%4C%2D%41%5A%4C%2D%5A%41%4C%43%5A%4C%43%5A%4C%43%5A%4C%46%5A%4C%2D%43%4C%5A%43%4C%5A%4C%2D%41%5A%4C%5A%46%4C%5A%43%4C%5A%46%4C%5A%47%4C%5A%47%4C%5A%43%4C%5A%43%4C%5A%43%20%5A%20==%30=%30
b610450c-9b68-46b6-a540-696c6a7bfa98,irealb://%42%61%6C%6C%61%64%20%4F%66%20%54%68%65%20%53%61%64%20%59%6F%75%6E%67%20%4D%65%6E=%57%6F%6C%66%20%4C%61%6E%64%65%73%6D%61%6E==%4D%65%64%69%75%6D%20%42%61%6C%6C%61%64=%45%62==%31%72%33%34%4C%62%4B%63%75%37%2F%62%45%20%36%34%45%62%58%79%58%62%45%7C%51%79%58%73%75%73%62%42%7C%51%58%79%37%2D%46%5A%4C%47%2F%62%45%20%2D%46%7C%51%79%51%7C%41%62%34%54%69%2A%5B%51%79%58%74%6C%20%42%62%73%75%79%58%37%2D%46%41%2A%7B%5D%2C%37%6F%45%2C%45%62%2C%70%3E%65%6E%69%46%3C%2C%2D%46%5A%4C%73%51%7C%44%37%61%2D%46%5A%4C%47%2D%46%7C%51%79%79%51%7C%44%62%7C%51%79%58%37%2D%47%7C%51%79%58%37%62%41%51%7C%79%58%5E%62%41%5A%4C%39%62%45%20%62%45%2F%43%37%62%39%58%58%37%2D%47%7C%41%20%37%62%42%44%2D%37%62%35%2D%46%5A%4C%37%46%20%37%2D%43%5A%4C%37%5E%43%2D%20%2D%43%31%4E%5A%4C%53%2C%39%62%37%47%20%37%58%79%51%7C%7C%51%79%58%37%37%6F%23%46%2C%47%2D%37%20%47%43%5A%4C%37%5E%2D%43%20%2D%43%32%4E%7C%7D%39%20%62%37%43%20%46%2F%62%44%5A%4C%46%2F%37%2D%2D%37%20%46%37%5A%4C%37%2D%62%2D%43%20%2D%43%20%41%62%5E%37%37%6F%45%20%62%45%2F%62%44%7C%51%79%58%39%62%5E%45%5A%4C%73%75%73%62%42%20%37%2D%46%5A%4C%20%7D%7C%4E%33%37%2D%47%7C%2C%20%39%62%37%43%2D%37%20%46%37%5A%4C%46%2F%37%2D%47%20%37%2D%47%5A%4C%37%62%2D%41%20%37%62%42%7C%51%79%58%37%2D%46%5A%4C%44%62%2F%46%20%43%5A%4C%37%5E%37%43%20%37%2D%20%43%2D%5E%37%37%5E%62%41%7C%51%79%58%37%2D%47%7C%51%79%46%58%2F%37%2D%43%5A%4C%37%46%20%37%2D%43%5A%4C%58%79%51%7C%47%2D%43%51%7C%7D%20%6C%61%20%2E%2D%37%20%47%2D%20%73%75%73%62%42%20%37%2D%46%7C%51%79%58%62%5E%45%5A%4C%37%62%42%20%37%5E%62%41%5A%4C%37%5A%3C%44%2E%43%46%5A%4C%39%62%46%69%6E%65%3E%20=%4A%61%7A%7A%2D%42%61%6C%6C%61%64%20%45%76%65%6E=%35%35=%31
b6746c6a-e1ee-4b68-84a3-945467732fea,"irealb://%42%65%6E%6E%79%20%48%69%6C%6C%20%54%68%C3%A8%6D%65=%43%6F%6D%70%6F%73%65%72%20%55%6E%6B%6E%6F%77%6E==%4A%61%7A%7A%20%54%72%61%64=%42%62==%31%72%33%34%4C%62%4B%63%75%37%79%58%62%42%5A%62%58%79%51%4B%51%79%58%37%46%5A%4C%20%78%20%5A%4C%20%78%5A%20%4C%20%78%20%5A%4C%20%78%20%5A%4C%20%6C%63%4B%63%6C%20%4C%42%34%34%54%7B%79%58%6E%7C,%41%62%58%79%51%20%62%42%5A%4C%20%6C%63%4B%51%79%58%62%42%51%7C%79%58%36%62%47%7C%51%79%58%47%2F%62%45%7C%46%37,%42%62%2F%62%42%7C%51%51%79%58%62%42%79%51%7C%6E%58%4B%51%79%58%37%46%5A%4C%20%6C%63%4B%51%79%62%58%42%7C%51%79%58%6E%7C%51%79%58%6E%7C%51%79%63%6C%20%4C%5A%58%6E%5B%7D%51%51%79%58%6E%7C%62%58%79%51%7C%46%20%62%42%5A%4C%20%6C%63%4B%51%79%58%62%7C%42%51%79%58%36%62%47%7C%51%79%58%47%2F%62%45%37,%42%62,%41%2F%62%42%7C%5A%20=%4A%61%7A%7A%2D%54%72%61%64%20%4A%61%7A%7A=%32%32%30=%33"
b689168d-6c5a-4b62-b580-d134c1a1b226,irealb://%53%74%20%41%6E%6E%65%27%73%20%52%65%65%6C%20%2D%20%46%6C%69%6E%6E%65%72=%54%72%61%64%69%74%69%6F%6E%61%6C==%42%6C%75%65%67%72%61%73%73=%44==%31%72%33%34%4C%62%4B%63%75%37%42%2A%7B%7D%51%34%44%58%79%51%41%20%47%7C%51%79%58%44%7C%51%79%58%2C%44%51%7C%79%58%44%7C%51%79%58%47%7C%51%79%58%44%7C%4C%5A%44%58%79%34%54%41%2A%7B%44%58%79%51%7C%45%2D%58%79%51%7C%41%58%79%51%7C%44%58%79%51%7C%44%2C%58%79%51%7C%45%2D%58%79%51%7C%41%58%79%51%7C%44%58%79%51%7D%20=%50%6F%70%2D%42%6C%75%65%67%72%61%73%73=%31%32%30=%38
b6b0b613-7a20-4888-ae9f-0dee15efeec3,irealb://%53%68%61%64%79%20%47%72%6F%76%65%20%2D%20%46%6C%69%6E%6E%65%72=%54%72%61%64%69%74%69%6F%6E%61%6C==%50%6F%70%20%2D%20%42%6C%75%65%67%72%61%73%73=%43==%31%72%33%34%4C%62%4B%63%75%37%5B%43%58%79%51%7C%43%58%79%51%7C%43%58%79%51%7C%43%58%79%51%7C%43%58%79%51%7C%43%58%79%51%7C%47%58%79%51%7C%43%58%79%51%5D%20==%30=%34
b6522748-781c-4b0f-88d4-3c0d2addb18a,irealb://%59%6F%75%20%44%6F%6E%27%74%20%4B%6E%6F%77%20%4D%65%20%28%44%69%61%6E%65%20%53%63%68%75%75%72%2C%20%42%2E%42%2E%20%4B%69%6E%67%29=%45%64%64%79%20%41%72%6E%6F%6C%64%2D%43%69%6E%64%79%20%57%61%6C%6B%65%72==%50%6F%70%20%31%32%2D%38=%42%62==%31%72%33%34%4C%62%4B%63%75%37%2C%37%62%42%2C%69%54%34%34%73%62%42%5A%4C%46%2F%62%45%20%5E%62%42%41%2A%7D%7B%20%20%78%20%5A%4C%46%2F%62%45%20%5E%62%42%5E%20%46%2D%37%2A%69%2A%7B%59%37%46%20%37%2D%79%51%7C%45%68%20%37%2D%44%73%31%4E%5A%4C%6C%2C%37%46%20%2D%37%43%5A%4C%37%47%20%37%2D%44%5A%4C%37%41%20%47%37%4C%5A%43%58%5E%62%45%7C%5A%4C%37%47%20%42%62%5E%20%45%37%41%2C%68%45%20%5E%62%45%42%2A%5B%5D%2C%62%37%42%2C%37%2D%46%20%5E%62%42%5A%4C%46%2F%62%2C%7C%44%2D%37%32%4E%7C%7D%20%73%75%73%37%43%37%4C%5A%42%62%37%2D%44%7C%2C%37%41%2C%68%45%20%5E%62%45%2C%7C%44%2F%62%42%2C%6F%23%43%2C%37%2D%43%2C%5E%20%47%37%4C%5A%46%20%37%2D%43%62%45%7C%2C%37%43%2D%37%2C%44%46%20%5E%62%42%5A%4C%46%2F%62%45%20%5E%62%41%42%2A%7C%5D%2C%37%46%2C%37%2D%62%45%2C%37%2D%2D%37%2C%42%62%5A%4C%37%43%20%37%62%42%2C%37%45%68%20%41%37%42%5A%4C%46%2F%62%45%20%5E%62%42%5A%4C%2C%46%37%20%37%2D%43%5A%4C%37%47%20%37%2D%44%5A%4C%62%5E%20%46%2D%7C%51%79%58%5E%2D%43%2C%5E%62%3C%2A%36%39%58%20%37%2D%43%5A%4C%37%47%20%37%2D%44%7C%2C%41%37%2C%68%45%20%5E%62%45%3E%6F%6C%6F%53%51%79%46%37%4C%5A%42%42%2A%5B%5D%2C%62%41%2C%37%62%2C%42%62%2F%44%4C%37%43%20%73%75%73%37%43%5A%4C%37%47%20%2D%37%44%7C%2C%37%41%2C%68%45%20%5E%62%45%7C%2C%5A%46%37%2C%45%6F%23%43%2C%37%5A%4C%37%41%20%5D%5B%2A%41%43%37%42%20%68%23%46%7C%51%79%58%5E%46%7C%2C%43%37%2C%37%2D%47%20%5E%43%5A%4C%47%2F%46%20%5E%4C%5A%45%2D%37%2C%37%47%2C%37%44%2D%37%20%66%47%37%4C%5A%66%41%62%5E%58%79%51%7C%66%43%5E%58%79%51%5A%20=%50%6F%70%2D%52%6F%63%6B%20%31%32%2F%38=%37%30=%31
b6ee5001-dd04-4d0f-b371-d21c5cce1448,irealb://%54%68%69%73%20%54%72%61%69%6E%20%2D%20%46%6C%69%6E%6E%65%72=%54%72%61%64%69%74%69%6F%6E%61%6C==%50%6F%70%20%2D%20%44%69%73%63%6F=%44==%31%72%33%34%4C%62%4B%63%75%37%4B%51%79%58%44%58%79%51%4B%63%4B%51%79%58%37%41%5A%4C%20%78%20%5A%4C%20%20%78%5A%4C%20%78%20%5A%4C%20%78%20%5A%4C%20%6C%63%6C%20%4C%5A%44%34%34%54%5B%63%6C%20%4C%5A%47%37%58%79%51%4B%63%6C%20%4C%5A%44%58%79%51%7C%41%37%58%79%51%7C%44%58%79%51%5D%20==%30=%33
b6ef0bcc-16ae-4f64-9906-cf1da25bd4c8,irealb://%59%6F%75%20%43%61%6E%27%74%20%52%75%6E%20%41%77%61%79%20%46%72%6F%6D%20%59%6F%75%72%20%46%65%65%74%20%2D%20%46%6C%69%6E%6E%65%72=%48%61%72%74%66%6F%72%64%20%4A%6F%68%6E==%50%6F%70%20%2D%20%42%6C%75%65%67%72%61%73%73=%45==%31%72%33%34%4C%62%4B%63%75%37%7D%20%20%6C%63%54%34%34%45%58%7C%51%79%58%42%5A%4C%43%20%2D%23%43%7C%51%58%79%45%7C%51%79%58%41%5A%4C%20%6C%63%4B%51%79%45%58%79%51%4B%2C%41%2A%2C%7B%5B%2C%2A%42%2C%41%58%79%51%7C%45%58%79%51%7C%42%58%79%51%7C%45%58%79%51%7C%43%23%2D%20%43%4C%5A%42%58%79%51%7C%45%58%79%51%4B%63%6C%20%20%5D%20==%30=%30
b6f844b3-06ac-45c3-ac57-8c31e35bf312,"irealb://%43%61%6E%64%6C%65%20%4F%6E%20%54%68%65%20%57%61%74%65%72=%41%6C%20%4B%61%73%68%6B%61,%20%4A%6F%65%6C%20%48%69%72%73%63%68%68%6F%72%6E==%4D%65%64%69%75%6D%20%53%77%69%6E%67=%43==%31%72%33%34%4C%62%4B%63%75%37%2D%41%20%43%5A%47%2F%42%4C%5A%4C%37%2D%44%20%43%41%2A%7B%5A%4C%47%20%41%46%2F%5A%4C%42%2F%47%20%43%5A%4C%47%20%41%2F%46%5A%46%20%47%4C%20%43%69%2A%7C%42%42%2A%5B%7D%5E%20%47,%41%2D%44%5A%4C%45%2F%43%20%46%5A%4C%45%2F%43%46%20%5A%4C%47%2F%37%43%20%37%2D%41%7C,%6F%62%37%20%47%37%20%62%42%5A%4C%37%45%20%41%2F%46%5A%46%73%75%73%75%73%47%5A%4C%37%44%20%37%2D%41%5A%4C%46%62,%42,%46%5A%4C%43%20%5E%62%42%5A%4C%46%20%73%20%47%4C%5A%4C%43%20%5E%62%20%46%5A%4C%37%54%32%34%46,%2A%5B%20%51%79%58%51%79%58%37%47%5A%4C%51%58%79%51%79%58%39%36%62%42%34%34%54%7C%51%79%58%41%43%20%44%2D%5A%4C%47%2F%2D%2F%46%20%45%2F%41%2D%37%4C%5A%20%46%5A%4C%45%2F%43%20%46%5A%4C%47%2F%37%20%43%37%2D%41%7C,%6F%62%41,%47%20%5E%62%42%46%68%4C%5A%43%20%43%5A%4C%47%47%20%41%2F%46,%7C%43%2F%47%20%43%3E%6F%70%6D%65%74%20%41%3C%5A%4C%37%20%47%36%46%5A%4C%68%23%46%3E%2E%74%69%52%3C%20%47%2F%42%4C%5A%68%62%41,%41%4C%5A%43%20%47%2F%42%4C%5A%46%20%47%4C%5A%43%5E%58%79%51%7C%20=%4A%61%7A%7A%2D%4D%65%64%69%75%6D%20%53%77%69%6E%67=%31%30%30=%33"
b63eca3b-2a2a-4698-8b26-35dac5c2b59f,irealb://%43%6C%6F%75%64%73%20%28%43%61%6E%6E%6F%6E%62%61%6C%6C%20%41%64%64%65%72%6C%79%29=%4D%61%75%72%C3%AD%63%69%6F%20%45%69%6E%68%6F%72%6E%2D%44%75%72%76%61%6C%20%46%65%72%72%65%69%72%61==%42%6F%73%73%61%20%4E%6F%76%61=%42%62==%31%72%33%34%4C%62%4B%63%75%37%37%2D%43%5A%4C%54%34%34%42%62%7C%51%79%58%37%2D%43%5A%4C%20%6C%63%4B%51%58%79%37%2D%47%5A%4C%20%6C%63%4B%51%79%58%37%5E%44%2C%20%47%37%2C%41%2A%2C%7B%37%5E%62%42%7C%6C%20%4C%5A%43%7C%51%79%58%2C%41%5A%4C%20%6C%63%4B%51%79%37%58%5E%62%41%5A%4C%20%6C%63%4B%51%79%58%37%2D%46%37%58%79%51%63%4B%51%79%58%58%37%2D%47%7C%6C%20%4C%5A%44%31%4E%5A%4C%2C%37%47%20%2C%44%7C%51%79%58%2D%37%43%7C%51%79%58%37%2D%47%7C%51%79%58%2C%37%44%37%58%79%51%63%4B%51%79%58%79%51%7C%43%37%58%79%51%7C%46%37%58%79%51%7D%7C%4E%32%43%58%79%51%7C%46%37%58%79%51%7C%2C%55%2C%42%62%5E%37%58%79%51%7C%43%2D%37%2C%20%46%37%20%5A%20=%4A%61%7A%7A%2D%42%6F%73%73%61%20%4E%6F%76%61=%31%33%38=%33
b69e59dc-b45e-4a21-8f95-5cd687861dec,irealb://%47%6C%6F%72%69%6F%73%6F=%50%75%74%6D%61%6E%20%42%4A==%52%6F%63%6B%20=%43=%31%30=%31%72%33%34%4C%62%4B%63%75%37%73%6F%6D%61%74%34%43%35%4C%5A%74%20%2C%6F%73%6F%69%72%6F%6C%47%20%39%36%3C%2A%42%2A%7B%20%35%43%5A%4C%35%43%5A%4C%35%43%65%20%63%61%6E%34%54%69%2A%7C%6E%65%6D%75%72%4C%5A%41%2D%4C%36%2A%3C%5B%20%51%2C%46%53%5A%4C%46%5A%4C%5A%47%4C%43%7C%7D%20%3E%33%58%31%37%2A%3C%46%5A%39%49%6E%73%74%47%5A%4C%43%3E%70%20%73%61%72%4C%5A%46%4C%5A%20%75%54%20%39%36%2A%3C%41%2A%7B%20%47%5A%43%4C%5A%4C%46%5A%4C%46%5A%4C%2D%41%5A%4C%2D%41%72%65%69%6E%61%46%3E%6C%61%74%72%50%28%39%36%65%6D%70%72%65%5A%4C%47%5A%4C%43%5A%4C%46%5A%4C%2D%41%5A%73%4C%75%73%47%5A%4C%43%5A%4C%46%3E%2E%2E%2E%2E%47%20%7D%3C%2A%69%73%20%72%6F%5A%4C%47%5A%4C%6F%29%20%67%72%4C%2D%41%5A%4C%47%5A%4C%43%5A%4C%46%3E%2E%2E%2E%C3%A9%72%61%74%69%72%67%20%2C%C3%A9%72%61%74%69%5A%46%4C%5A%43%72%6F%63%20%65%46%3E%39%6A%61%20%54%6F%20%42%32%2A%3C%53%7C%5D%20%3E%65%76%61%75%53%20%79%51%58%51%79%58%51%79%58%38%36%2A%3C%2C%47%3E%34%58%79%51%4D%20%33%36%2A%3C%6E%C3%A1%72%65%76%62%4C%5A%41%2D%74%20%73%61%72%61%6C%6C%69%72%62%20%7A%75%20%6C%75%54%34%37%2A%3C%43%2A%7B%5A%4C%46%5A%4C%6F%64%6F%73%20%41%2F%45%5A%4C%7D%20%46%5A%4C%20%3E%43%32%4C%5A%4C%46%5A%4C%2D%41%5A%4C%2D%41%5A%4C%62%2F%41%37%45%5A%4C%62%41%2F%37%45%5A%4C%32%43%5A%46%20%7D%7C%46%2E%2E%2E%2E%2E%36%2A%3C%31%4E%39%58%79%51%20%46%5A%4C%2D%41%5A%4C%2D%41%5A%4C%46%5A%4C%3E%46%2E%2E%2E%68%6F%20%2C%68%6F%20%2C%68%4F%20%4C%5A%46%4C%5A%36%2A%3C%51%7B%39%58%79%51%20%44%72%75%6D%20%54%6F%20%42%3E%43%4C%5A%47%20%7D%4E%32%47%4C%5A%47%20%7D%7C%4E%33%43%4C%5A%43%4C%5A%46%20%5A%20=%50%6F%70%2D%52%6F%63%6B=%31%36%30=%31
b697017a-2acc-4969-a6d3-32caa950151f,irealb://%4C%65%73%20%50%61%73%73%61%6E%74%65%73=%42%72%61%73%73%65%6E%73%20%47%65%6F%72%67%65%73==%4D%65%64%69%75%6D%20%42%61%6C%6C%61%64=%43==%31%72%33%34%4C%62%4B%63%75%37%5A%4C%5E%43%5A%5E%4C%5A%78%4C%47%5A%4C%78%5A%4C%2D%41%5A%4C%78%5A%4C%5E%5A%44%4C%78%5A%4C%37%41%5A%4C%78%5A%4C%37%45%5A%37%4C%5A%78%4C%46%38%36%54%7C%78%5A%4C%5E%47%4C%5A%78%4C%5A%2D%41%5A%4C%78%5A%4C%5E%44%5A%4C%78%5A%4C%41%37%5A%4C%78%5A%4C%37%45%5A%4C%78%5A%4C%5E%46%4C%5A%78%4C%5A%5E%45%5A%4C%78%4C%5A%41%2D%4C%5A%78%4C%5A%78%4C%5A%78%20%5D%20==%30=%30
b69fd7af-9e9e-47fc-a1bb-c1c4b3e47ff4,irealb://%54%72%6F%75%62%6C%65%20%2D%20%46%6C%69%6E%6E%65%72=%49%72%69%73%20%44%65%6D%65%6E%74%2C%20%45%6C%6D%65%72%20%4D%63%43%61%6C%6C==%50%6F%70%20%2D%20%43%6F%75%6E%74%72%79=%45==%31%72%33%34%4C%62%4B%63%75%37%58%37%41%5A%4C%37%58%79%51%4B%79%58%37%45%5A%4C%20%6C%63%4B%51%79%58%37%5A%41%4C%20%78%20%5A%4C%20%78%20%5A%4C%20%6C%63%51%4B%63%6C%20%45%34%34%54%5B%79%51%7C%42%37%58%79%51%7C%45%37%58%79%51%4B%63%6C%20%20%5A%20==%30=%30
b60e952d-c9f7-4296-8e30-616c8765b4ba,"irealb://%45%6E%20%45%6C%20%54%72%6F%6E%6F%20%45%73%74%C3%A1=%44%27%43%6C%61%72%69%6F%20%43%68%72%69%73%74%69%6E%65==%50%6F%70%20%52%6F%63%6B=%46==%31%72%33%34%4C%62%4B%63%75%37%39%62%42%20,%34%44%2D,%20%2E%72%6F%70%20%C3%A9%72%61%6E%69%6D%61%43%20%36%36%2A%3C%41%2A%7B%7D%20%43%20%46%5A%4C%62%42%2E%2E%3E%44%2D%34%54%69%2A%7B%20%6C%C3%89%20%6C%36%39%20%33,%65%20%53%4F%49%44%20%36%36%2A%3C%42%2A%7B%20%7D%3E%38%58%39%36%2A%3C)%43(%20%20%3E%37%73%20%66%69%65%2A%3C%46%5A%4C%51%79%58%46%7C%2E%2E%2E%20%3E%7C%51%79%58%2D%44%5A%4C%43%20%73%75%73%43%51%7C%79%58%46%7C%51%79%58%62%42%7C%51%79%58%46%42%62%58%79%51%65%64%65%75%70%6F%73%6F%69%72,%20%3C%2A%36%20,%6F%73%6F%69%72%6F%6C%47%20%20%36%36%3C%2A%43%2A%7B%7D%20%43%3E%6E%49%20%6F%54%20%36%76%69%63%74%6F%73%75%73%43%7C%2E%2E%2E%2E%3E%47%2D%37%58%79%51%7C%46%58%79%51%7C%44%2D%58%79%51%7C%43%73%75%73%20%3C%2A%36%36%20%20%54%6F%20%42%3E%43%20%7D%20=%50%6F%70%2D%52%6F%63%6B=%31%31%35=%31"
b6da70fd-4fe4-44bf-96cc-3b5974b4d3e8,irealb://%46%69%66%74%68%20%4D%69%6E%6F%72=%45%78%65%72%63%69%73%65==%42%6F%73%73%61%20%4E%6F%76%61=%44%2D==%31%72%33%34%4C%62%4B%63%75%37%51%79%58%47%2F%2D%37%58%79%51%79%58%37%2D%41%7C%51%79%58%39%62%37%45%7C%79%51%58%37%68%42%7C%51%79%58%43%2F%37%2D%44%7C%51%7C%41%2D%37%44%34%34%54%5B%7C%51%79%58%39%58%79%51%7C%42%51%79%58%37%68%23%43%7C%51%79%58%44%2F%37%45%2D%7C%51%79%58%37%2D%45%7C%51%79%58%39%62%37%7C%46%23%37%62%37%68%23%46%7C%51%79%58%45%2F%51%7C%42%2D%37%51%79%58%37%2D%23%46%7C%51%79%58%39%62%37%43%23%7C%51%79%58%37%68%23%47%7C%51%79%58%41%2F%7C%46%23%2D%37%79%58%37%2D%42%58%39%62%37%62%58%79%51%7C%47%37%68%62%42%7C%51%79%58%42%2F%37%2D%23%43%51%7C%79%58%37%2D%23%43%7C%51%79%58%39%62%37%23%58%79%51%7C%45%37%68%23%44%7C%37%2D%62%45%7C%2D%37%58%79%51%62%45%7C%51%79%58%39%62%37%62%42%7C%51%79%37%58%68%46%7C%51%79%58%62%47%2F%37%2D%62%41%7C%2D%37%58%79%51%62%41%7C%51%79%37%43%7C%51%79%51%7C%43%68%37%51%79%58%62%41%2F%37%2D%62%42%7C%51%79%58%2D%37%62%42%7C%51%79%58%39%62%37%46%7C%51%79%58%7C%47%68%37%58%79%58%62%44%2F%42%2F%37%2D%43%7C%46%2D%37%58%2D%43%7C%51%79%58%39%62%37%47%7C%51%79%58%68%37%44%7C%51%79%58%62%45%2F%37%2D%46%7C%51%79%37%58%79%51%7C%51%79%58%39%62%62%58%79%51%7C%41%68%37%58%79%51%7C%44%37%62%39%58%79%51%7C%47%2D%37%58%79%51%7C%47%2D%37%2F%46%58%79%51%7C%45%68%37%58%79%51%7C%41%37%62%39%20%20%20%5A==%30=%31%32
b6ff3121-c354-4f23-8ba5-42b2cc6575ec,irealb://%46%69%67%2E%20%36%36%20%2D%20%4D%6F%72%65%20%44%69%6D%69%6E%69%73%68%65%64%20%2D%20%4D%61%6A%6F%72%20%36=%52%69%63%68%69%65%56%69%74%61%6C%65%2E%63%6F%6D==%42%6F%6F%6B%20%32%20%2D%20%41%20%4C%79%72%69%63%61%6C%20%41%70%70%72%6F%61%63%68%20%42%6F%6F%6B=%43==%31%72%33%34%4C%62%4B%63%75%37%46%20%2D%47%5A%41%6F%4C%5A%47%62%42%7C%5A%4C%6F%43%20%44%2F%5E%62%42%5A%6F%4C%23%44%20%46%2F%2D%47%5A%4C%6F%23%46%20%2D%5E%20%41%6F%4C%20%5E%62%42%7C%4C%6F%23%44%20%2D%2F%46%20%44%4C%6F%23%46%20%2D%47%5A%4C%6F%41%20%5E%62%7C%42%5A%4C%6F%43%20%44%2F%5E%62%42%5A%4C%6F%23%5A%47%2D%2F%46%47%5A%4C%6F%23%5A%42%62%5E%2F%44%20%43%6F%4C%5A%7C%42%62%5E%20%41%6F%4C%5A%47%2D%58%79%51%5A%20==%36%39=%31
b67590cb-53ed-4a77-ab5d-a21834fb3c6f,irealb://%46%6F%6F%74%6C%6F%6F%73%65=%4C%6F%67%67%69%6E%73%20%4B%65%6E%6E%79==%50%6F%70=%42%62==%31%72%33%34%4C%62%4B%63%75%37%20%20%41%7C%51%20%20%44%2C%7C%79%58%44%7C%51%79%58%44%7C%51%79%58%44%7C%51%7D%79%58%41%7C%2C%44%20%20%41%7C%51%79%58%41%51%7C%44%58%79%41%34%34%54%7B%79%58%2D%23%46%79%51%7C%41%58%7C%51%79%58%23%44%7C%51%79%58%23%44%7C%51%58%79%44%7C%51%79%58%44%7C%51%79%58%41%7C%51%79%45%58%79%51%7C%58%41%7C%2C%44%44%20%20%41%7C%51%7C%47%23%58%58%51%79%58%34%37%2A%3C%20%41%7C%51%79%58%7C%44%51%79%58%41%7C%2C%44%20%20%41%7B%5D%51%79%33%3E%20%20%7D%79%58%47%7C%51%2C%7C%41%58%79%51%7C%47%20%44%4C%5A%41%58%79%51%5D%20==%30=%30
b6067595-2a28-4f30-be71-b3d8b6869080,irealb://%46%75%6E%6B%20%52%69%66%66%20%35=%50%69%65%72%61%6E%6E%75%6E%7A%69==%46%75%6E%6B=%43==%31%72%33%34%4C%62%4B%63%75%37%79%58%37%44%51%2D%37%58%79%51%7C%51%79%58%37%44%51%79%58%37%2D%41%7C%51%58%79%37%44%51%79%58%37%2D%41%7C%51%79%58%37%44%41%2D%37%58%79%41%34%34%54%5B%51%7C%41%2D%37%58%79%51%44%37%58%79%51%7C%41%2D%37%58%79%51%44%37%58%79%51%7C%41%2D%37%58%79%51%44%37%58%79%51%7C%41%2D%37%58%79%51%44%37%58%79%51%7D%20=%42%6C%75%65%73%2D%46%75%6E%6B%79=%37%30=%31%32
b6898a91-27bf-411c-88c7-b4bfe1c80ff2,irealb://%4A%65%73%75%73%20%45%6E%20%45%6C%20%43%65%6E%74%72%6F=%48%6F%75%67%68%74%6F%6E%20%49%73%72%61%65%6C==%42%61%6C%6C%61%64=%44=%30=%31%72%33%34%4C%62%4B%63%75%37%2D%45%20%44%41%34%44%20%73%45%58%5E%47%6C%7C%2C%23%46%2F%44%2C%2D%45%73%44%20%7C%51%79%58%47%6C%7C%2C%23%46%2F%44%2C%2D%79%51%5D%7B%2A%34%54%69%2A%5B%20%41%2F%44%31%46%23%58%79%51%47%6C%7C%2C%41%2C%2D%42%73%20%41%5A%4C%44%47%20%5A%4C%41%20%73%75%73%41%5A%4C%44%20%47%7C%58%79%51%7C%4E%2F%44%5A%4C%37%41%2C%73%75%73%31%35%20%43%72%51%79%58%51%79%58%51%79%58%51%79%58%3E%2E%2E%2E%6F%74%73%69%72%43%20%2E%2E%2E%6F%74%73%69%7C%4E%32%73%41%2A%3C%7D%20%41%2A%5B%20%51%79%46%23%2C%5D%5B%56%20%6F%74%20%33%33%2A%3C%5D%20%41%5A%4C%5A%47%4C%41%5A%4C%47%5A%4C%41%5A%4C%47%6C%33%4E%20%78%34%3E%58%2F%44%2C%44%2C%20%41%7C%51%79%7C%45%2D%37%58%51%79%58%37%2D%45%7C%51%79%58%47%5A%4C%23%2F%46%44%20%44%5A%4C%73%75%73%44%20%44%7C%51%79%7C%42%2D%37%58%51%79%58%47%42%2D%42%7C%51%79%23%29%20%5A%5B%20%20%51%79%58%51%79%58%5D%51%79%58%5E%47%7C%6C%2C%23%46%2F%44%2C%45%2F%47%73%20%44%69%2A%7B%2A%76%41%58%46%2F%44%28%20%20%44%4C%5A%47%2C%20%4C%5A%41%20%20%7D%3C%2A%36%30%20%74%6F%22%41%22%3E%41%2F%43%23%20%5D%20=%4A%61%7A%7A%2D%42%61%6C%6C%61%64%20%53%77%69%6E%67=%36%30=%33
b6536505-979c-4652-a27f-10cc9cf1e68f,irealb://%47%72%65%65%6E%20%47%72%65%65%6E%20%47%72%61%73%73%20%4F%66%20%48%6F%6D%65%20%2C%20%54%68%65=%43%6C%61%75%64%65%20%43%75%72%6C%79%20%50%75%74%6D%61%6E%2C%20%4A%72%2E%20%31%39%36%34==%4D%65%64%69%75%6D%20%53%77%69%6E%67=%47==%31%72%33%34%4C%62%4B%63%75%37%58%47%41%2A%5B%34%47%58%79%51%3E%70%72%61%68%73%32%65%62%20%3A%72%72%41%37%34%2A%3C%7C%51%79%58%43%7C%51%79%58%37%44%7C%47%58%79%51%5D%34%54%69%2A%5B%51%79%58%37%47%58%79%51%7C%43%5A%4C%20%6C%63%4B%51%79%58%37%44%5A%4C%20%63%6C%4B%51%79%58%47%7C%51%79%58%47%7C%51%79%58%47%58%79%51%7C%37%47%7C%51%79%51%79%58%43%7C%4B%63%6C%20%4C%7C%51%79%58%47%42%2A%5B%5D%20%20%6C%63%4B%79%51%58%47%7C%51%79%58%37%44%7C%51%79%58%47%5A%47%37%58%79%51%51%79%58%43%7C%20%6C%63%4B%51%5A%47%58%79%51%79%58%37%47%7C%51%79%58%47%51%42%2A%5B%5D%20%20%6C%63%4B%51%79%58%47%7C%51%79%58%37%44%7C%51%7C%43%58%79%4C%20%6C%63%4B%4C%5A%7C%47%58%79%51%7C%44%37%58%79%51%7C%43%58%79%51%7C%66%47%20%55%20%20%5A%3C%62%23%3E%20=%4A%61%7A%7A%2D%4D%65%64%69%75%6D%20%55%70%20%53%77%69%6E%67=%31%30%30=%34
b6a1cd66-e3d6-41ba-94fa-a26101c48d05,irealb://%47%72%6F%75%70%20%36%43%20%49%27%6C%6C%20%53%65%65%20%59%6F%75%20%69%6E%20%4D%79%20%44%72%65%61%6D%73=%49%73%68%61%6D%20%4A%6F%6E%65%73%2C%20%47%75%73%20%4B%61%68%6E%20%31%39%32%34==%4D%65%64%69%75%6D%20%55%70%20%53%77%69%6E%67=%42%62==%31%72%33%34%4C%62%4B%63%75%37%5A%4C%20%6C%63%34%42%62%58%79%7C%51%79%58%6F%46%7C%51%79%58%46%5A%4C%20%63%6C%4B%51%79%58%2D%62%42%5A%4C%20%6C%63%4B%51%46%58%79%51%4B%34%54%41%2A%5B%58%62%42%42%2A%4B%63%6C%20%4C%43%7C%51%79%58%37%2D%47%5A%4C%20%6C%63%4B%79%51%58%37%47%5A%4C%20%78%20%5A%4C%20%78%20%5A%37%58%79%51%7C%51%79%58%37%44%20%6C%63%4B%51%20%4C%5A%42%62%4C%20%6C%63%4B%51%79%58%46%7C%51%79%58%6F%7C%46%51%79%58%46%5A%4C%20%6C%63%4B%51%79%58%2D%5A%44%37%58%79%6C%63%4B%51%79%4C%5A%41%37%58%79%51%7C%44%2D%58%79%51%7C%47%2D%37%58%79%51%7C%43%37%58%79%51%7C%46%58%79%51%4B%63%6C%20%20%5D%20==%31%35%35=%30
b60412cf-cf53-43d0-81e5-028c6351215e,irealb://%49%20%4D%65%6C%74%20%57%69%74%68%20%59%6F%75=%45%6E%67%6C%69%73%68%20%4D%6F%64%65%72%6E==%52%6F%63%6B=%43==%31%72%33%34%4C%62%4B%63%75%37%4C%46%5A%4C%78%5A%78%4C%5A%46%78%5A%4C%46%5A%4C%78%5A%4C%43%76%2A%7B%5D%78%20%5A%4C%46%5A%4C%78%5A%4C%43%5A%4C%78%5A%4C%4C%5A%43%4C%5A%4C%43%69%2A%5B%78%5A%4C%43%5A%2A%43%43%4C%5A%5A%4C%78%5A%4C%43%76%2A%7B%7D%20%78%5A%4C%5A%46%4C%78%5A%4C%43%5A%4C%78%5A%4C%46%5A%4C%78%46%4C%5A%78%4C%7B%7D%20%78%5A%78%5A%4C%2D%41%78%20%7D%7B%2A%2D%45%42%2A%5B%7D%20%78%5A%4C%46%5A%4C%78%4C%5A%43%5A%4C%78%5A%4C%46%5A%4C%78%5A%4C%43%43%4C%5A%47%4C%5A%5A%4C%46%5A%4C%78%5A%4C%43%43%5A%47%4C%5A%41%5A%4C%46%5A%4C%78%5A%4C%43%5A%4C%78%5A%4C%5A%46%4C%78%5A%4C%43%69%2A%5B%5D%20%78%5A%4C%2D%78%20%5D%7B%2A%4C%2D%45%5A%4C%20%78%5A%4C%2D%78%4C%5A%43%4C%4C%2D%45%5A%4C%78%5A%4C%2D%41%5A%4C%47%5A%2D%4C%45%42%2A%5B%7D%20%78%5A%4C%46%5A%4C%78%5A%5A%47%4C%5A%41%5A%4C%46%5A%4C%5A%4C%43%43%2A%2A%36%39%20%42%4C%46%5A%4C%78%5A%4C%43%5A%4C%78%5A%4C%46%4C%5A%78%5A%4C%43%3E%4E%57%4F%44%20%4B%41%45%52%5A%78%20%5D%7B%3C%69%2A%5B%5D%78%4C%5A%46%4C%5A%78%4C%5A%3C%2A%36%36%58%79%51%58%79%51%20%52%45%50%45%41%54%20%41%4E%44%20%46%41%44%45%3E%43%4C%5A%78%4C%5A%46%4C%5A%78%20%7D%20==%31%35%37=%30
b6538dc6-96eb-4d21-8489-2a17069363e6,"irealb://%49%20%63%61%6E%27%74%20%73%74%6F%70%20%6C%6F%76%69%6E%67%20%79%6F%75%20%20(%52%61%79%20%43%68%61%72%6C%65%73)%20%32=%47%69%62%73%6F%6E%20%44%6F%6E==%53%6C%6F%77%20%53%77%69%6E%67=%43==%31%72%33%34%4C%62%4B%63%75%37%79%58%43%5A%4C%34%58%79%51%4C%79%58%46%5A%4C%20%37%43,%43%42%2A%7B%5D%79%51%58%43%5A%4C%51%79%58%7C%51%79%58%37%47%5A%51%7C%58%79%51%34%54%69%2A%5B%4C%51%79%58%7C%4C%5A%47%37%58%4C%51%79%58%7C%51%79%58%46%5A%4C%20%37%43%43,%7C%7C%51%79%58%43%5A%4C%51%79%58%7C%51%79%5A%43%58%79%51%51%79%58%7C%51%79%58%43%5A%4C%51%7C%58%79%51%79%58%46%7C%51%79%58%37%43%7C%51%79%58%43%51%7C%79%58%37%47%41%2A%5B%5D%51%79%58%43%5A%4C%51%7C%58%79%51%79%58%37%47%5A%4C%37%47%20%20%4C%5A%44%37%58%5A%4C%51%79%58%7C%51%79%58%46%7C%51%79%58%43%37%7C%51%79%58%43%7C%51%79%58%37%47%7C%51%79%43%58%79%51%7C%51%79%58%7C%51%79%58%43%5A%4C%5A%7C%2A%42%43%79%58%37%47%5A%4C%51%79%58%7C%51%79%58%43%4C%5A%51%79%58%7C%51%79%58%46%5A%4C%20%37%43,%51%7C%58%79%51%4C%46%20%43%5A%51%7C%7C%43,%43%37%20%4C%5A%46%58%79%51%7C%58%79%51%4C%5A%43%58%79%51%7C%20==%30=%30"
b685cc71-0f97-42cd-8728-38d45d6c031d,irealb://%4A%65%73%75%73%20%28%4D%57%29=%57%69%74%74%20%4D%61%72%63%6F%73==%57%6F%72%73%68%69%70=%45=%37=%31%72%33%34%4C%62%4B%63%75%37%41%7C%51%79%58%34%45%58%79%51%51%79%58%42%7C%51%79%58%45%41%2A%7B%7D%20%20%42%41%7C%51%79%58%2D%23%43%5A%4C%42%20%41%7C%7C%43%23%2D%37%34%54%69%2A%7B%42%20%41%7C%51%58%79%51%7C%42%5A%4C%42%20%41%7C%51%79%58%45%42%2A%7B%7D%79%51%58%41%7C%51%79%58%37%2D%23%43%7C%51%79%58%43%23%2D%58%79%45%7C%51%79%58%78%7C%51%79%58%42%58%79%51%7C%37%2D%23%43%7C%51%79%58%42%43%2A%7B%7D%51%58%79%78%7C%51%79%58%41%7C%51%79%58%37%2D%23%43%58%79%51%7C%41%69%2A%7B%7D%20%58%79%51%7D%20==%30=%30
b636f924-ee42-4ef6-a361-d7aa553289a0,irealb://%4C%69%65%73%20%4F%66%20%48%61%6E%64%73%6F%6D%65%20%4D%65%6E%2C%20%54%68%65%20%31=%42%6C%75%6D%65%6E%74%68%61%6C%20%46%72%61%6E%63%65%73%63%61==%42%61%6C%6C%61%64%20%4D%65%6C%6F%64%69%63=%42%62==%31%72%33%34%4C%62%4B%63%75%37%62%42%34%34%54%23%31%31%20%43%33%31%46%20%37%2D%43%5A%4C%37%2D%47%20%37%62%5E%42%5A%4C%37%46%20%46%2F%37%2D%43%5A%4C%37%4C%5A%5B%2A%41%39%43%69%2A%7C%43%5A%4C%74%6C%31%31%2F%42%62%62%37%2D%44%5A%4C%31%31%2D%47%20%37%5E%62%5A%42%4C%33%31%46%20%2C%62%42%2F%37%2D%43%5A%4C%35%20%47%37%61%2D%47%20%37%5E%42%2F%31%31%2D%43%37%4C%5A%43%42%5A%4C%33%31%46%20%37%2D%43%5A%4C%37%2D%20%47%37%5E%62%42%5A%4C%37%46%20%2C%46%2F%37%2D%62%5E%37%20%47%20%31%31%23%39%20%31%31%23%39%2D%37%2F%42%62%61%37%47%20%35%62%37%2D%44%5A%4C%31%31%2D%20%47%37%5E%62%42%5A%4C%2C%39%62%33%31%46%20%2C%6C%74%4C%5A%43%43%5A%4C%2C%62%5A%4C%37%47%20%2D%37%2F%46%20%42%2A%5A%4C%62%42%20%62%42%2F%68%62%44%5A%62%4C%42%2F%37%2D%43%20%37%5E%62%42%5A%4C%37%46%44%2D%37%62%35%43%5A%4C%37%43%47%5A%4C%37%2D%58%79%51%7C%43%44%5A%4C%74%6C%61%37%41%20%35%62%37%2D%45%51%7C%79%58%37%5E%62%42%5A%4C%33%31%46%20%37%2D%2D%5E%37%20%44%31%31%23%37%43%5E%62%42%5A%4C%47%37%4C%5A%43%42%2F%37%2D%43%5A%4C%62%42%2F%31%31%2D%47%37%20%5E%62%42%41%2A%5A%4C%33%31%46%20%31%31%2D%62%20%46%31%33%20%73%75%73%37%2D%47%20%37%5E%31%4C%5A%44%2D%2C%37%46%20%46%2F%37%2D%43%5A%4C%37%43%20%31%31%23%39%43%5A%4C%74%6C%61%37%47%20%35%62%37%51%4C%5A%42%62%31%2D%47%20%37%39%36%62%42%2C%37%20%46%31%33%36%62%42%73%5A%4C%39%23%37%62%45%20%37%62%5A%42%4C%39%23%37%62%45%20%37%62%42%51%7C%5D%20%39%2C%42%36%39%2D%43%5A%4C%37%2C%42%36%39%2C%7C%42%62%36%39%2C%42%36%39%2C%42%62%5E%37%20%5A%20=%4A%61%7A%7A%2D%42%61%6C%6C%61%64%20%45%76%65%6E=%30=%32
b6acbba4-d2b0-4bda-b630-36c929dbedf8,irealb://%4E%65%77%20%4F%72%6C%65%61%6E%73%20%46%61%69%72%79%74%61%6C%65=%42%61%6C%64%61%75%66==%4D%65%64%69%75%6D%20%53%77%69%6E%67=%43==%31%72%33%34%4C%62%4B%63%75%37%7D%20%41%2C%62%79%51%7C%42%62%62%42%20%41%7C%51%79%58%62%42%7C%51%79%58%7C%43%51%79%58%62%42%7C%51%79%58%43%7C%51%79%58%4C%5A%41%2C%42%58%43%41%2A%7B%51%79%58%37%43%44%2D%58%79%51%43%7C%51%79%58%2D%47%7C%51%79%58%2D%44%7C%79%51%58%46%7C%51%79%58%43%7C%51%79%58%2D%47%7C%37%58%79%51%7C%2C%42%2A%2C%7B%7D%3C%53%6F%6C%6F%20%61%75%66%20%42%3E%20==%30=%30
b6f6a831-0413-4275-ab2f-cb5b65db3b67,irealb://%4F%6E%63%65%20%55%70%6F%6E%20%41%20%54%69%6D%65%20%4A%62%65%20%36%38%20%58%32%20%32=%53%74%72%6F%75%73%65%20%43%68%61%72%6C%65%73==%4A%61%7A%7A=%41==%31%72%33%34%4C%62%4B%63%75%37%5A%4C%5E%41%20%34%41%20%41%5E%5E%41%20%2C%41%6C%5B%20%20%51%79%58%51%79%5D%58%45%2C%73%75%73%45%73%20%37%2D%42%5A%4C%37%37%4C%5A%41%36%34%54%69%2A%5B%45%20%37%2D%42%79%51%7C%46%23%44%6C%7C%2C%39%41%2C%37%2D%45%73%20%37%5E%5A%41%4C%41%20%37%5E%44%5A%4C%45%2F%57%20%37%2D%20%44%5E%4C%5A%58%37%2D%23%46%3E%20%20%3C%41%23%2D%20%20%57%37%45%2C%73%75%73%45%73%20%37%2D%42%5A%4C%5E%37%41%20%41%5A%4C%37%45%20%5E%44%7C%2C%45%2F%2C%5D%59%5B%2A%46%5A%4C%2C%39%41%2C%37%2D%45%37%4C%5A%41%36%5A%4C%41%20%37%5E%44%5A%4C%45%2F%57%20%37%23%2D%46%7C%51%79%58%37%2D%23%46%5A%4C%5E%41%20%41%5E%37%20%73%5E%41%20%41%6C%73%45%73%20%37%20%44%5E%4C%5A%5E%41%20%41%5A%4C%37%45%20%5E%44%7C%2C%45%57%2F%20%20%2D%23%46%5A%4C%2C%39%45%20%37%2D%42%37%4C%5A%42%2D%44%6C%7C%2C%39%46%6C%2C%37%23%2C%5D%7C%2A%42%7C%2C%36%41%2C%5E%41%2C%37%45%2C%2D%42%7C%36%2C%41%2C%5E%41%2C%37%45%2C%2D%42%73%3E%20%3C%47%23%2D%2C%43%37%45%2C%73%75%45%5A%4C%37%42%37%20%73%45%37%4C%23%43%2F%41%20%44%2F%39%45%5A%4C%23%43%41%2F%20%44%2F%39%45%6C%7C%2C%37%45%2C%73%75%73%5A%46%23%2D%20%42%5A%4C%2D%23%5E%41%5A%4C%41%45%39%4C%5A%2A%4C%45%2F%57%20%2D%23%46%7C%51%79%58%2D%23%5A%46%4C%5E%41%20%36%41%5A%4C%37%5E%41%20%41%43%5A%44%5E%37%20%20%73%75%73%39%5E%41%2C%55%2C%5A%44%20%44%2F%37%45%73%20%20%39%2D%42%5A%4C%37%5E%44%20%23%2D%46%5A%4C%2C%39%45%20%37%2D%42%5A%4C%23%43%2C%7C%6C%41%20%4C%37%41%20%37%37%4C%5A%42%2D%37%20%73%45%37%73%75%73%2C%45%37%2C%5D%20=%4A%61%7A%7A%2D%42%61%6C%6C%61%64%20%45%76%65%6E=%36%38=%32
b68a7977-a9c4-42d1-8356-8fcb4054e00f,irealb://%53%68%61%6D%20%54%69%6D%65=%48%61%72%72%69%73%20%45%64%64%69%65==%46%37=%46==%31%72%33%34%4C%62%4B%63%75%37%51%79%58%37%46%34%46%37%58%79%62%42%7C%51%79%58%37%46%7C%51%79%58%37%62%7C%42%51%79%58%37%46%7C%51%79%58%37%62%42%7C%51%37%58%79%51%7C%34%54%41%2A%5B%46%42%2A%7C%51%79%51%7C%46%37%7C%51%79%58%37%46%7C%51%79%58%37%62%42%7C%79%51%58%37%46%7C%51%79%58%37%62%42%7C%51%79%58%42%62%37%58%79%58%37%62%42%7C%37%2C%6E%20%4C%5A%6E%58%79%51%5A%20=%4C%61%74%69%6E%2D%43%75%62%61%3A%20%53%6F%6E%20%4D%6F%6E%74%75%6E%6F%20%32%E2%80%93%33=%31%36%32=%38
b640424c-0dd7-43b4-8aff-2d96f0248fba,irealb://%54%6F%64%61%79%20%49%20%73%69%6E%67%20%54%68%65%20%42%6C%75%65%73%20%28%41%72%65%74%68%61%20%46%72%61%6E%6B%6C%69%6E%20%31%39%36%30%29%20%31=%4C%65%77%69%73%20%43%75%72%74%69%73==%53%6C%6F%77%20%42%6C%75%65%73=%44==%31%72%33%34%4C%62%4B%63%75%37%2C%6F%23%47%73%54%34%34%44%37%7C%2C%37%47%73%20%20%2C%37%44%6C%7C%2C%37%73%47%20%20%2C%37%44%6C%7C%2C%37%47%73%20%20%2C%6C%44%37%20%20%2C%41%2A%2C%5B%37%47%20%37%44%79%51%7C%70%70%41%7C%51%79%58%37%2D%45%5A%4C%37%42%20%6F%5A%46%4C%37%2D%45%20%37%5E%44%5A%4C%37%6F%23%47%37%58%79%51%7C%58%37%47%6C%7C%20%37%44%6C%7C%41%37%2C%20%5D%20%2C%37%44%6C%7C%2C%37%47%73%20%20%2C%37%6C%44%7C%2C%37%47%73%20%20%37%44%2C%42%2A%2C%5B%20%73%47%37%2C%20%37%44%5A%4C%23%47%70%70%7C%2C%7C%6C%47%37%47%6C%5A%4C%37%42%20%6F%46%5A%4C%37%2D%45%37%20%5E%44%5A%4C%37%6F%23%47%70%70%7C%51%79%58%37%2C%58%79%51%6F%23%47%73%20%6F%37%4C%5A%44%5E%37%20%45%2D%37%4C%5A%46%6F%20%42%37%4C%5A%45%2D%37%58%79%51%7C%41%37%58%79%51%7C%44%37%20%47%37%4C%5A%55%44%37%20%41%37%20%5A%20=%4A%61%7A%7A%2D%53%6C%6F%77%20%53%77%69%6E%67=%35%30=%37
b6e810cc-1aaf-4596-9f83-49ad5b200c9b,irealb://%54%72%61%63%65%73%20%44%65%20%4C%6F%75%70%73%20%28%57%6F%6C%66%20%54%72%61%63%6B%73%29=%52%6F%6D%61%6E%65==%4C%61%74%69%6E=%43==%31%72%33%34%4C%62%4B%63%75%37%51%79%58%7C%51%34%3C%20%41%41%47%5A%4C%20%3E%6F%72%65%6C%6F%42%20%65%68%75%63%6F%6E%61%4D%34%37%2A%3C%20%36%43%3E%41%42%37%23%35%58%79%34%54%41%2A%7B%58%51%79%58%51%4C%5A%58%79%51%3E%65%6E%69%46%20%32%31%2A%3C%20%35%23%37%31%47%4E%7C%51%79%58%36%43%5A%4C%51%79%58%7C%72%20%20%7D%58%79%51%79%58%7C%72%36%47%5A%4C%37%59%7C%4E%32%43%51%79%58%2D%45%7C%51%79%58%37%42%7C%51%79%2D%58%45%3E%20%3C%42%2A%5B%59%5D%20%37%42%20%36%7C%45%2D%20%44%51%79%58%51%79%58%79%51%7C%44%37%58%79%51%7C%47%2F%42%20%46%2F%41%4C%5A%45%2D%2F%47%3C%58%79%51%44%2E%43%2E%20%61%6C%20%46%69%6E%65%3E%20%47%37%20%5D%20==%30=%30
b66cc61c-febb-42f5-b5f8-87cbab9c5981,"irealb://%56%69%73%69%6F%6E%73%20%4F%66%20%59%6F%75=%4D%65%6E%64%65%73%20%53%65%72%67%69%6F==%42%6F%73%73%61%20%4E%6F%76%61=%44==%31%72%33%34%4C%62%4B%63%75%37%79%58%44%2F%23%34%73%44%5E%37%37%5E%44%41%2A%7B%7D%51%79%58%39%62%37%43%51%7C%79%58%37%2D%47%5A%4C%20%6C%63%4B%51%79%58%58%79%51%7C%43%34%54%69%2A%7B%42%7C%51%79%58%33%58%79%51%7C%7C%51%79%58%68%23%47%7C%51%79%58%44%2F%23%7C%43%51%79%58%37%5E%44%7C%5D%51%79%58%33%31%41%46%23%37%62%39%31%62%42%7C%51%7C%51%79%58,%7C%45%31%33%58%78%7C%51%79%58%41%2F%44%5A%4C%78%5A%4C%62%2F%42%37%2D%47%5A%4C%78%5A%4C%39%2D%45%7C%51%79%4C%5A%47%23%68%51%79%58%37%2D%20%62%45%2F%44%51%7C%78%20%7D%5A%4C%37%2D%46%5A%4C%78%5A%4C%37%5E%62%45%4C%5A%6F%42%5A%4C%62%42%2F%37%5E%62%41%42%2A%7C%42%62%37%4C%5A%79%58%41%2F%47%42%5A%4C%37%2D%5A%45%62%5E%37%39%62%37%43%7C%51%79%58%35%62%37%2D%47%5A%6F%4C%42%7C%51%79%58%62%42%2F%37%5E%62%41%5A%4C%58%79%51%7C%46%4C%37%5E%62%45%47%5A%4C%44%2F%62%37%20%47%2F%5E%44%5A%4C%33%31%41%5A%4C%33%31%62%42%5A%44%4C%2F%23%43%5A%4C%37%5E%44%41%2A%7B%5D%20%41%37%4C%5A%43%23%42%5A%4C%37%62%23%47%5A%4C%78%23%37%62%39%4C%5A%4C%78%5A%4C%62%42%2F%37%2D%47%5A%4C%78%4C%5A%39%2D%45%5A%4C%33%31%45%5A%4C%37%2D%42%5A%44%2F%41%4C%5A%46%5A%4C%68%23%62%37%43%5A%4C%41%4C%5A%78%20%47%5A%4C%78%5A%4C%37%5E%44%5A%4C%39%62%37%5A%43%4C,%37%2D%47%5A%4C%78%5A%4C%37%5E%44%7B%2D%37%2F%43,%2F%47%5A%4C%68%39%20%7D%7C%20=%4C%61%74%69%6E%2D%42%72%61%7A%69%6C%3A%20%42%6F%73%73%61%20%45%6C%65%63%74%72%69%63=%31%34%30=%33"
b659b157-906c-4f84-a5a5-a2621d6f6f1c,irealb://%CE%9E%20Dim%20chords%203rd%2D%E2%86%93%20%20%282%20bars%29=Valentin%20Thorey==Medium%20Swing=C%20==1r34LbKcu7ZL%20x%20Co%20LZD%20ZL%20x%20ZL%20o%23F%20LZ%20x%20ZL%20oA%20ZL%20x%20%23o%20LZ%20%5B44T%20o%23A%20Z%20x%20LZL%20oD%20ZL%20x%20ZL%20Fo%20ZL%20x%20ZL%20o%23G%20Z%20x%20LZL%20oB%20LZ%20x%20LZ%20Go%20LZ%20x%20LZ%20Eo%20LZ%20x%20LZ%20C%23o%20LZ%20x%20%20%5D==120=0
b6b2d0fb-67a2-4b59-8f7d-1649ea148bbc,irealb://%D0%90%D1%85%2C%20%D0%BC%D0%BE%D1%80%D0%B5%2C%20%D0%BC%D0%BE%D1%80%D0%B5%20(%D0%9C%D0%BE%D1%80%D1%8F%D0%BA%20%D0%B2%D1%80%D0%B0%D0%B7%D0%B2%D0%B0%D0%BB%D0%BE%D1%87%D0%BA%D1%83)%3D%D0%A5%D0%B8%D0%BB%D1%8C%3D%3DMedium%20Swing%3DD-%3D%3D1r34LbKcu7B%2C7F%5DLZxLZGZLx%7C%2C-D%5B%5D%207AZ-LDZLxZL7A%5D%20xZLA-%2C%7Cx%20-DA*%7B*%7B%5D%20-%2CA7%2C%7C%2C7E2NZL%20QyXQyXyQX%7D%20AZL7-G%2C7E1NA7LZDbEZLbLbB%5D%20A7LZDZL7AZL-G%5B%5D%20xZLD-ZL7AZL-G%5B%20xZL-D-LZxZL-GBZA7LZD-LZx%20%7D%20%3D%3D0%3D0
b681ec63-c80f-4330-a01b-fb656b22f7dd,irealb://%D7%A6%D7%9C%20%D7%A2%D7%A5%20%D7%AA%D7%9E%D7%A8%20%D7%95%D7%90%D7%95%D7%A8%20%D7%99%D7%A8%D7%97%3D%D7%A7%D7%95%D7%91%D7%A8%D7%99%D7%9F%3D%3D%D7%99%D7%A9%D7%A8%D7%90%D7%9C%D7%99%3DF-%3D8%3D1r34LbKcu7%20%20lcK4F-XyZL%20lcKQyX7CZL%20clKQyX-bBZL%20lcKQF-XyQ4TA*%7BZL%20lcF-XyQFZL%20lcKQyX7CZLl%20cKQyX-bBZL%20lcK-XyQKB*%5BY%7DBb-XyQKcl%20LZF-XyQKcl%20LZC7XyQKcl%20LZF-XyQKcl%20%20%5D%20%3DJazz-Medium%20Swing%3D120%3D3
b66bc601-28f1-41b6-9d68-317c5891c88a,irealb://%E3%83%AD%E3%83%83%E3%82%AF%E3%83%9E%E3%83%B3%33%20%E3%82%B9%E3%83%8D%E3%83%BC%E3%82%AF%E3%83%9E%E3%83%B3=%43%6F%6D%70%6F%73%65%72%20%55%6E%6B%6E%6F%77%6E==%4D%65%64%69%75%6D%20%53%77%69%6E%67=%46%2D==%31%72%33%34%4C%62%4B%63%75%37%4C%62%42%20%2A%34%46%23%20%20%62%42%7C%51%79%58%2D%46%41%2A%7B%5A%4C%51%58%79%5A%4C%51%79%58%7C%47%20%20%23%46%7C%2C%47%2A%73%75%73%34%34%54%69%2A%7C%7C%51%79%58%2D%51%7C%45%62%58%62%45%7C%51%79%58%62%44%5A%4C%62%42%20%2A%73%34%75%73%2A%62%42%7C%51%79%58%2D%46%7C%51%79%58%79%51%7C%46%79%58%62%44%5A%7C%51%79%58%2D%7C%44%62%5E%37%2D%46%7C%51%79%58%2D%46%7C%51%79%58%62%45%51%7C%79%58%62%45%7C%51%79%58%62%44%7C%51%79%58%58%79%51%7C%43%51%79%58%2D%46%79%58%62%44%5A%7C%45%62%58%79%41%2C%45%2F%37%43%2C%2D%46%7C%51%79%58%37%5A%43%4C%62%41%20%2A%34%73%75%73%2A%62%41%7C%51%62%2F%45%62%4C%51%79%58%2D%46%51%7C%43%23%6F%20%43%20%7D%20=%50%6F%70%2D%52%6F%63%6B=%31%35%31=%30
b6c10151-ba5f-4338-83fa-d55c56ab7207,irealb://%E3%83%AD%E3%83%83%E3%82%AF%E3%83%9E%E3%83%B39%20%E3%83%9B%E3%83%BC%E3%83%8D%E3%83%83%E3%83%88%E3%83%9E%E3%83%B3%3DComposer%20Unknown%3D%3DPop%20Ballad%3DC-%3D%3D1r34LbKcu7B%20bA%7C-XyQ%7C%7CQyX7F%7CQyX-C%7CQXybB%7CQyXbA%7CQyX-CEbXyQC44T%5ByX7G%7CXyQ%7CF%7CQyXbA%7CQyX-CZLBb%20bA%7CQyXbE%7CQyX7BbXyQ-CZLbus*bByQ%7CAbA%7CQyX-C%7CQyXbE%7CyQX7bB%7CQyXbB%7CQyXbXyQ%7CX-C%7CQs4*%20BbLZEbXyQ%7CC-XyQ%7CAb%20BbLZC-XyQZ%20%3DPop-Rock%3D120%3D3
b6f57ac5-eed6-4251-9183-2be71cd4580f,irealb://Blues%20My%20Naughy%20Sweetie%20Gives%20To%20Me%3DSwanstone%2C%20McCarron%2C%20Morgan%20%281919%29%3D%3DMedium%20Swing%3DG-%3D%3D1r34LbKcu7QyX-C-XyQ%7C%20-C%7CQyX-CZL7G%20G-%7CQyX-GZLobE%20-GAboLZG44T%5BZL%20lcZD7XyDZL%20lcKQyX7AZLl%20cKQyX-GZL%20lcKQ7XyQKL%20lcKZL%20lc%7CG-%20ED%7CQyX-C%7CQyX-CZ7LG%20-G%7CQyX-GZLob7XyQKQyX-GG7XyQKcl%20LZC7XyQKcl%20LZF7XyQ%7CC7%20F7LZBbXyQ%7CD7XyQ%5D%20%3DJazz-Medium%20Swing%3D100%3D3
b6f6e961-9546-47fb-8ab5-65410140d679,irealb://Oh!%20Lady%20Be%20Good%3DGeorge%20Gershwin%2C%20Ira%20Gershwin%20%281924%29%3D%3DMedium%20Up%20Swing%3DF%3D%3D1r34LbKcu72N%7CQy4FXyQX7C%7CQyX7-GZLob%20AF%7CQyXF%7CQyX7bB%7CyQ%7CFX4TA*%7BL%20lcK%7DXyQXL%20lcKQyXbBB*%5B%5DyQX7F2N%7CQyXQyXQyZFXyQQyX7CZLobAQKcl%20XF%7CQyX7bB%7CQyXF*A%5B%5D%20%20lcKQyX7CZLyQ%7CF%20yX7GZG-7XyQ%7CC7XyQ%7CFXyQ%7C%20%2Cx%20%28C7%29%20%5D%20%3DJazz-Medium%20Swing%3D100%3D3
b6d12dc1-4dea-4dbb-9da8-25fb3559dfbf,irealb://Little%20Annie%20(PLP-RBB)%3DTraditional%3D%3DFolk%3DC%3D0%3D1r34LbKcu7lareGarkinurB%20xiD%7CyaB%20le%7CMs'rekciP%20toL%20gce%20%26%20P06*%3CaF%20rees%2F%2F%5BehT%200391%20CER%20t1s%20%5D7%20kcarT%7C2%20DC%20CartnoJ%20dXQyXQas%2F%2F%22iagA%20semoC%20emigtnirpS%20ehT%20nehWn%22%3EXy%20ylimZLp%20CXyQ%20%7BZLp%20FZL%20x%20ZLp%20%3ECesre%2096*%3C44Tv*%20x%20LZQyXQyZLp%20CG%20pLZZLp%20CZL%20x%20ZLp%20ZFL%20x%20ZLp%20CZL%20x%20G%20pLZZL%20x%20GZL%20x%5B*C%3C*CZL%20x%20ZLp%20CZL%20%20xZLp%20G%3Esuroh%2096%20pLZ%20%5D%20%20x%20%20%20x%20Zx%20LZCNZLp%20GZLp%20CZL%20%20xZLp%20FZL%20x%20ZLp%201C%20pL%20ZLp%20%7D%7CN2C%20pLZ%20x%20%20%7DN3C%20pLZ%20x%20%20Z%20%3DPop-Country%3D180%3D1
b6d680f7-4631-4567-b16a-191c519374cc,irealb://Softly%20And%20Tenderly%20(Jesus%20Is%20Calling)%20(PLP-RBB)%3DWill%20Lamartine%20Thompson%3D%3DFolk%3DG%3D7%3D1r34LbKcu7lareGarkinurB%20xiD%7CyaB%20le%7CMs'rekciP%20toL%20gce%20%26%20P06*%3CniH%20ees%2F%2F%5BlF%206091%20CER%20ts%201%5D26%20kcarT%7C2%20DCorencnoJ%20d6*%3C86%20%2F%2FHaQyXQyXQyXQyXQy%3EXhguonoDcaM%20yrr%20%7B*vT%26%20elk7D%2CG%2Ce%3EG%20pZLG%20CZLp%20GZLp%20D7ZL7A%20-EZLG%20CZLsE-%2CCsre%209D%7C%2C7Ap%20%5D%5B*7D%7Cp%2CG%2C7D%2CGsZL%20p7D%3Esuroh%2096*%3CC%2CpE7%2C%20Gl%7C%2CN%7D%20p%20D7%2Cp%7C%20p%20Gl1N%7C%2C7D%2CG%2C%2CC-EsZLG%20CZLp%20Gl%7D%7CN2G%2C7A%2C73G%20p%20%7DN0%3C*69%204.%3EG%20p%20Z%20%3DPop-Country%3D180%3D1
b6374a51-9271-4ea8-b921-14c364a72945,irealb://Joseph%20Joseph%20%28Am%29%20%2D%20DJC%202s=Traditional==Gypsy%20Jazz=A%2D=0=1r34LbKcu7QyX%2C65x45554x5%3CYZL%20x%20ZL%20%20xZL%20lcKQyX6%2DA%3E555%3EA%2D%3CA%2A%5BY%20x%20ZLZ%3C776yX%2C7E%3E777677%3C%7CZYL%20lcKQyX7E%3E777QKcl%20L%20lcK77677LZY%7C%3C6%2DA%3E5554x5%3CZL%20clKQyX%2C7E%3E777677XyQ%7C%3C%20x%20ZLx565xyQ%5DY%5B%20x%20ZL%20x%20ZL%20lcKyQX6%2DA%3E5554x5%3CB%2ALZY%3C5X7E%3E7cKQyXQKcl%203232x%3C%7CYZL%20lcKyQX6%2DD%3Ex3232x%3CZLx%3ED%2D6yX7A%3E554x55x455cKQyX7E%3E777677Y%3CZL%20lcKQyX6%2DA%3E5l%20LZ%3C%3CZL%20l5%3EA%2D6XyQ%7C%3C776777%3EE7XyQZ%20=Jazz%2DGypsy%20Jazz=180=3
b6906973-5b62-4b87-ae9f-10c50210c45a,irealb://085%20Major7%20Scale%20Chords%20%28set%20transpose%20to%20-5%29%3DPatterns%20For%20Jazz%3D%3DJazz%3DC%3D%3D1r34LbKcu7%7CQyXh%5EXyQ%7C7-A%7CQyX7G%7CQyX%5E%7CFQyX%2C7-E%7CQyX7-DXyQ%7CBC44T%5ByX7-D%5D%7CC%5EX-E%7CQyX%5EF%7CQyX7GQ%7CyX7-A%7CQyXhB%7CQy7XyQ%7CQyX%5ECQ%7CC%5EXyQ%5D%20%3DJazz-Ballad%20Swing%3D60%3D3
b6339f8c-4a6d-44d0-bd2d-9894924b5d5b,irealb://10%201bar%20%2D%206triads=JonBlanckMusic%2Ecom==Medium%20Swing=C==1r34LbKcu7G%20ZL%20Z%20E%2B%20%20ZL%20E%20ZL%20%2D%23G%20Z%20LsusbB%20ZL%20%2DG%20ZLAbsusL%20C%20%7B%20ZL%20%2DCo%20LZsusC%20ZL%20bD%20ZL%20F%23%20ZL%20susA%20ZL%20F%20%20LZ%20F%20ZL%20%2B%20ZL%20%2B%20Bsus%20obB%20ZL%20o%23C%20ZLs%20usbD%20ZL%20bE%20ZL%20LZ%20AbZL%20%2BF%20obE%20Z%20A%2D%20%20ZL%20%2DbB%20ZL%20%2D%23FZ%20L%20%2B%23F%20ZL%20oD%20ZLBo%20LZL%20%2BbELZ%20D%20LZ%20B%2D%20%20%7D%20==0=0
b6304872-36fa-487c-b330-6ff97c1bb1c6,irealb://A%20Sus%20Pies=Jes%C3%BAs%20Adri%C3%A1n%20Romero==Slow%20Ballad=A%2D==1r34LbKcu7susE%7C2A%2DXyF%7CQyX%2DA%7CQyX%2DA%7CyQX%23G%2FE%7CQyXD%2FF%7CQ%2FDXyQ2Ti%2A%5B%2A4susXyQ%7C%7B%7CQyXD%2FF22TZL%29%23%2FCA%28%20%20%2A2m%2AA23TA%2AT32G%2AE%7CQyXusE22ZT22C5b7%2DB23T%7CQyXD%2F2F2T%7CQyXF23T%7CQyXXyQ%7CTLB%2FG%20G%2FC%7CQEXyQ%7DE%7CQyX%23G%2FE%7CQyX%2D%3EA%20oroc%20erP96%2A%3C%7B%2FG%23Xy%7CQyXsE%7CQyX%2FF%23XyyX%2DAB%2A%7B%7DQyXE%7CQXysusE%7CQyXF%2F%2DD%7CQQ%7CF%2FDD%7CQyXyX%23C%2FQ%7CC%2FAsusE%7CQyX5b7%2DB%7CyQXD%2FF%7CQyX2F%7CQyX%20ELZAyX%23G%2F%7C%2CG%2C%2DXyQ%7CBLQ%2CE%20susE%7CQyX6ZFLE%20susE%7CQyX%23D%2FZN1sAD%2FF%7CQX27%2A%3C%2D%2CC%2C%7C%7C%2CF%2CF%2FG2N%7D%20E%3EAo%20T%20%2096%2A%3CZLEZLoBD%2CC%2C%7CDZL%2CFL%2A4suPC%20o%20oB%7C%2CC%2CD%7C%2CF%2CF%2FG%7CQ%7D%20EZL%2A4sus%2AE%3EBLZE%2As%20oTQyZELZfA%2Am2%2A%20%20Z%20=Pop%2DSlow%20Rock=70=3
b6bcb434-af5c-420e-8603-5b6f3a5e246f,irealb://Esp%C3%ADritu%20De%20Dios%20RO=Orellana%20Roberto==Ballad%20Even=E%2D=0=1r34LbKcu7XB%7CQy4E%2D%2C%2AXC%7CQyXC%7CQyXD%7CQXyD%7CQyX%2DEZL%20B%2A%20AyQ%7CBX4Ti%2A%7ByQ%7D%7C%2CQ%2CCXyQ%7CCXyQ%7CDXyQ%7CDXyQ%7C%2Cf%2CE%2DXyQZ%20=Jazz%2DMedium%20Swing=100=3
b6c78829-aed9-4038-91ab-92efaeb3b464,irealb://Yo%20Soy%20Libre=Quinlan%20David==Rock=C==1r34LbKcu7yXx%7CQ4C%2C%2ABQyXx%7CQyX%2CF%7CQyX%7CxQyX%2CC%7CQyXx%7CQyX%7CF%2CXy4TA%2A%7BQ%5D%5BA%2D%2CXyQ%7CxXyQ%7CG%2CXyQ%7CxXyQ%7CC%2CXyQ%7CxXyQ%7CC%2CXyQ%7CxXyQ%7D%20=Pop%2DRock=115=1
b64ec167-6bdb-4632-9e61-8dba749c3362,"irealb://Dios%20Un%20Camino%20Hara=Murrell%20Jaime==Ballad=G==1r34LbKcu7L%23F%2FD4G,%20D%207%2DAZLB%2FG%20Cl%7C,B%2D,D%2FGs%20E%2FCZL%23F%2FDLZG%204TA%2A[QyX]QsG%2FD,D%20CZLsusE%207%2DAl,%7C%2DE,B%2FGs%20Cl%7C,%2DBLZGXy%20E%2FCZD%2FB,7{%2ABEbD%2FC%20C%7CQyXGZLF%20EbZLbB%20susbBZLF%20LZsB%2D%20%20QyX%23,lE%2D7LZC%20DLZEXyQ}%20=Jazz%2DBallad%20Swing=60=3"
b6aec2c9-7c43-4efa-a63c-9b1bc993e30f,irealb://12%20Bar%20Blues%20Vers.%202%3DRomenti%20Alessandro%3D%3DMedium%20Swing%3DC%3D%3D1r34LbKcu7yX7A%7C7XyQ%7C%7CQyX7D%7CQyX7D%7CQXy7A%7CQyX7A%7CQyX7AA7XyQA44T%5BQ%7CE7XyQ%7CD7XyQ%7CA7XyQ%7CA7XyQZ%20%3D%3D0%3D0
b601ec65-97c5-4477-a790-66adceb795e4,irealb://Round%20And%20Round%3DComposer%20Unknown%3D%3DRock%3DA%3D%3D1r34LbKcu7%5B%7DQyX4A%20GLA%7CQyXD%7CQyXAv*%7B%20%7DA%20DZLG%20A%7B%20A%20DZXyQ%7CA4Ti*%5B%7C%2CbB%2CyQ%7CxXAs%7CQyXx%7CQyXx%7CQXyA%7CQyXx%7CQyXx%7CQy%2CAb%2CAXDSB*D%7CQyX%7CxXyQQyXE%7CQyXE%7CQyXxQ%7CyXE%7CQyXx%7CQyXx%7CZ%7B*vAQyXBl%20%3EeniXyQ%7CA.S.D%3CA%20DZLG%20A%7BA%20%20DZLG%20Ai*%5B%7DQyX%20al%20FA%7CQyX%7D%7CAXyQZ%20%3DPop-Rock%3D185%3D1
b66fae79-054c-4815-aec7-40f637f75f55,irealb://32%20Bar%20AABA%20-%20Template%3DTemplate%3D%3DMedium%20Swing%3DC%3D%3D1r34LbKcu7yX%7D%20Q4XyQLyX1NZLQyXZLQyXLZQyXZLQyXZLQyXZQLZXy4TA*%7BQyXZLLZN2XQyXZLQyXZLQyXZQLyXB*%5B%5D%20QyXZLQyLZXyQ%20QyXQZLQyXLZXyQZLQyXZLQyXZLQyZXLQyXZLQyXA*%5B%5D%20XyQLZQyXZLXyQ%20Z%20%3D%3D0%3D0
b6591199-6867-4dcc-bd66-1bad32ee6e19,irealb://Laurie%3DEvans%20Bill%3D%3DBallad%3DBb%3D%3D1r34LbKcu7%7CQyX7b%5E7Xy%237Dpp%7CQyX7-AZL%2359%237E%20sus9b7E%7CQ5LZGhB44T%7BQyX7-5XyQ%7CX5%239%237bB%7CQyX7-ZFL5%237Fpp%7CQyX7-CyQ%7CEb%239%237C2N%7C%7DQ9XyQ%7CL7C%20sus7CZL7bDs%20us7bD%7CQyX7hD1NZB9Xy%237bA%7Cs7bB%7CQ%7CA-79%237F%7CQyX7hC%7CQy7X-%23C%7CQyX7-B%7CQyX%235XyQyX7-GusXyQ%7CAb7susXyQ%7CGb7susXyQ%7CF7sus%20F7%20Z%3D%3D0%3D0
b6b31025-ea68-4cab-b2ca-2f0f6da18c88,irealb://Coral%3DJarrett%20Keith%3D%3DBallad%3DC-%3D%3D1r34LbKcu7A/7%5E%23-7%20F7ZL7C%207-GZL9b7Dh%20AZL7%5EbB%20bB/DZLB%5E7%20FC44T%5B7Gs%2Ch-7%20%20B11-FZL%20sus7bG%201%201%239%5EbGZL%20%23F/7%5E%2C%20%20sD%23GZL%23b9%20Z%20%3DJazz-Ballad%20Swing%3D60%3D2
b6b838cd-806d-4bd0-9ffd-ec96c6887670,irealb://Well%20You%20Needn't%3DMonk%20Thelonious%3D%3DMedium%20Swing%3DF%3D%3D1r34LbKcu7QyX6F4F6XybG%7CQyX6F%7CQyX7b%7CGQyX6F%7CQyX7bG%7CQ7XyQ%7C4TA*%7BE%20%297A%7D%5B*BDL%20lcKQyX%297bA%287ZDL%20lcKQyX%297G%287bZEb7%28%20%20lcKC%20%297G%29LZEb%297bA%287C%20%297A%287bZDL%297bB%287D%20%297B%287LZB7%287bB%287F%7CQyX%20%5D%5B*AyX6F%7CQyX7bG%7CQy6XF%7CQyX7bG%7CQyX6FQ%7CGb7%297C%287aD%20secl%20%20Zb%20deyalp%20sa%20sengahc%20etanretlA%3Cy%20MilKQyX6vis.%3E%20%3DJazz-Medium%20Swing%3D100%3D2
b636ec22-ea53-4df9-a158-6a0ae74d041c,irealb://Eye%20Of%20The%20Tiger%3DComposer%20Unknown%3D%3DMedium%20Swing%3DF%23-%3D%3D1r34LbKcu7QyXQy26XyQyXQyX%23F%3ESRAB%202X%20%20ENIL%20NIKCIP%20%20QXyQX*%3Ci*%7C%2C%23F%20%23%23%20F%23%2CF%3E!bats%20hsup%20eimt%20dn207*%3C%20%23F%2CE%23%2CE%2CFFA*%7B%7Ci*ZL%20%7D%7CLZ*u%20gnisir%3C%20%3Esbast%20ynomrah%2003*%3CAp%3EXyQ%20%20D%2CEBC*ZLQXyQLXQyXQyXZL%20%23F%3E6%201xQyXQyX22*%3CB*ZyQXyQyXQyX%2CB%3EteC%23LZE46*%3CZLEZL%23C/AZ-LB%7C%2CE%7C%2CAZL-BZL-tripl/AZL-22*%3CB%23%2CB%2CCyXi*ZL%20ZL%20D%3Ereigt%20eht%20fo07*%3C%2C%23Q%20LZ*C%2CB%2CAX%3E8%20XXyQXy%3CB*ZL%20QyX%3E4%20X%2024*%3Ci*%7CQyXC*ZL%20Q*24%20%20%3E8%20X%20ZL%20Qy%20LZ*CyXQyXQyXQyXQyXD%3E%20DEDNETXE23*%3C%20QXyQXQyXQy*i%3C*22%20%20X%202%3EXyQXyQLZ*A%3C*30%20STABS%20X%204%20END%20ON%201%3E%20%3D%3D0%3D0
b69f8b99-036e-4b3b-8633-524060e168e0,irealb://52nd%20Street%20Theme%3DMonk%20Thelonious%3D%3DUp%20Tempo%20Swing%3DC%3D%3D1r34LbKcu7L7G%2074C%20A--A%20CZL7G%207-DZL-7A%20CZL7G%207-DZL77LZD-4TA*%7BL%20lcKLZCXyDZL%20lcKQyX6FZLl%20cKQyX%2C7CB*%5BY%7DQ7%2CXyQ7G%20CZA%20CZLQKcl%20DZL7-A%20CZL7G%207D-ZL7-A%20%2CCA*%5BY%5D%20-7%20G7yX7GZ-7LZD-7%20G7LZC%20G7LZCXyQZ%20%3D%3D0%3D0
b60f3b24-27b5-4b91-b1a1-ef7980a6fdc2,irealb://Domingo%3DGolson%20Benny%3D%3DMedium%20Swing%3DC-%3D%3D1r34LbKcu7A%7CQyX-7XyQ%20lcKQyX7-bBZL%20clKQyXB/7GZL%20lcKLZF/AC44T%7BE%7CQyXQ%7CC-7ZLQ%2C9b7G%20%2C5b7-%7CDQyX7DZL%20lcKQyXN1C-7yX7-b%207-E%7C%7CAb7XbE%7CQyX7-D%7CQyX7C-2N%7C%7DQyX9b7G%7CQy-7XyQQyX7bA%207-G-7XyQD%7CQyX5b7-A%7CQyXAb%7CQyXbE%7CQyX7bB%7C7XyQ%7CFZL7Ab7LZD-7b5%20G7b9LZY%5BQC-7XyQ%7CEb7%2CXyQ%7CAb7XyQ%7CG7b9XyQ%5D%20%3D%3D0%3D0
b6c4b1ae-edcb-407e-8800-8f1c71edef8c,irealb://Island%20Birdie%3DTyner%20McCoy%3D%3DCalypso%3DEb%3D%3D1r34LbKcu7CZL7G4EbXyZL7bB%20%2C7-FZL7C7%20-GZL7bB%20%2C7-F%7CQDh7%2C%204TA*%7ByX7D%7CLZF-7%23FZL%20lcKQyX7bA*B%7BY%7DQyXbEZL7bB%20-7XyQ7F%207-Q%7CAb7XyQKcl%20LZF-7%20Bb7LZF%23-7%20B7%20%7D%7CAb7%20Bb7LZBb7XyQZ%20%3D%3D0%3D0
b609749d-e359-4cb1-a684-5d6361efdae6,irealb://Lookout%3DKing%20B%3D%3DMedium%20Swing%3DA-%3D0%3D1r34LbKcu7-A%7CQy7LZA-yX-AZL7E%20-AA*%7BQ%7DyX-A%7CQyX7E%7CQyXQ%7CE7XE%20-A%7BA%7CQyX-XyQ%7CyXF%7CQyXCB*%5B%5DQy7XE%7CQyX7hB%7CQyX-AQ%7CA-7D%7CQyXX7E%7CQ%7CD-7%20L7E%20-A%7C%5DQyX7E%7CyQX7hB%7CQyX-AZL7EZA-XyQyX6--D%7CQyXyQ%7D%7CX-D%7CQyXAZL%2BA%20AQ%7CyX%2CAZLsusA%20AC*yQ%7CAX-A%7CQyAZL%2BAus*LZX%2CAZLsusA%20A%7CZLs*us-*%23F%20*sus-*EyQ%7CA%20s-*D%20QyXG%7CXyQ%7CF%23F%7CQyXA%7CQyXA%2Fb%7CBQyXA%7CQyX-D%7CQyX-7XyQC%7CQyX%7C%7CA%20AsusLZA%2CXyQ%7CA%20A%2BLZ%2Cf%2CAXyQ%5D%20%3DJazz-Medium%20Swing%3D100%3D3
b6275271-7468-4b0a-84a5-316a73bb4256,irealb://Ain't%20Gonna%20Work%20Tomorrow%3DTraditional%3D%3DBluegrass%3DG%3D%3D1r34LbKcu7XC%7CZL4GXyQyXG%7CQyXD%7CQyX%2CGLZ%20x%20ZL%20x%20ZL%20lcKQKcl%204TA*%5B%20lcKQ%20LZGX%5B%5D%20%20lcKQyXG%7CQyDX%7CQyX%2CGZL%20lcKQy*BGXylcKQycKQyXLZ%20x%20cKQyXC%7CZL%20lcKQXyG%7CQyXD%7CQyX%2CGZLl%20LZG%20x%20ZLl%20LZG%2CXyQ%7CDXyQ%7CGXyQKcl%20%20Z%20%3DPop-Bluegrass%3D290%3D3
b6caf373-251a-4d05-88a3-36ec0b9253eb,irealb://Blue%20Turning%20Grey%20Over%20You=Waller%20Fats==Slow%20Swing=Bb==1r34LbKcu7X%2C7F%7C4Bb6%2CC%7CQyX%2C7G%7CQyX%2C7DhZL%2C7A%20%2C7hE%7CQyX7%2CXyQ4TA%2A%7BbBZL%2CBb6%2C%20%2C6bB2NZL%20QyXQy%7DX%207F%20%2C7%2DCZL%2C7oB%20Eb%2D71N%7CQy6bEZL%5B%2ABF%2D6bBZL%2C7F%207hC%7CQXy%2C7%5EbEZL%2C7bB%20%2C7%20Bb7%2C%5DQyX6E%7CQyXD%2CLZC%2A%5B%5D%207F%20%2C7%2DCZL%2Co7F%20%2C6FZL%2C7C%20%2C7%2DABb6%2C%2F7G%20%2CZL%2C7%2D7%2CLZDbB%7CQyX%2C7F%7CQyX%2CC7%7CQyX%2C7G%7CQyX%2C7h6%2C%20EbA%20%2C7hBb6%2C%20%2CF7%20Z%20==0=0
b6fb52ef-aeae-4da2-a2f1-2e3a605405fd,irealb://Georgia%20On%20My%20Mind=Carmichael%20Hoagy==Slow%20Swing=F==1r34LbKcu7%2DAl%7C%2C4F%5E7X%2DbBs%20B%2FGZLC%2F%2DD%2D%20DZL9b7A%207hE%7CQy7%2CEb74TA%2A%7BQyX6FZG%2D7%20QyXQyX%7D%205%237C%207G%2DZL7D%207%2DA1NZL7C%20LZN2L7D%207ZL%296%2DA7b9%20A%20%2DDZL7bB%20%2DDZL6%29%2DG%289b7A%20%2DDB%2A%5B%5D7b9%28G%207hE%7C%207C%207%2FBLZDD%207%2DAl%7C%2C7E%2ChBs%2D%20DZL%296%2DG%289b7A%20%2D7LZG%2D7G%20%2DD%207%2DAl%5E7XyQ%2C7%2DbBs%20B%2FGZLC%2FD%2D%20%2DDZL9b7A%207hE%7CEb7%2C%7CFA%2A%5B%5DD7LZG%2D7%20C7LZF6XyQ%7CG%2D7%20C7%20Z%20==0=0
b6a2be18-bf50-4536-838b-69c4f3c6c91a,irealb://I%20Got%20Rhythm=Gershwin%20George==Up%20Tempo%20Swing=Bb==1r34LbKcu7LD%2F7b4Bb6%20ZL7F%207%2DCZL7%2DG%20%2D7DZL7F%207%2DCZL7%2DGBb7%20B4TA%2A%7ByX6bBEo7LZXQyXQyXQyX%7D%207F6%20bB1NZL7F%20F%2F6bByQ%7CN2%207bEZ%5B%5D%20%20lD7XyQ7FZL%20lcKQyX7CZ%20LlcKQyX7GZL%20lcKXyQKcB%2A%5B%5DQ7bEZL%20G%2D7L%207bBZL7F%207%2DCZL%2D7G%207%2DDZL7F%207%2DCZBb7%2FD6bBA%2AigirOQLZBbZL9bE%20F%2F6bBQ%7CY%20Z7F%206bBZL7F%20F%2F6D%2D7%20%3C%2C7oE%20nal%20takes%20Coda%20every%20time%3EG7LZC%2D7%20F7LZBb6XyQZ%20==0=0
b664e017-c88a-42da-9e49-e2164e1808e0,irealb://I%20Mean%20You=Monk%20Thelonious==Medium%20Swing=F==1r34LbKcu7%7CQyX74Eb7XlcKQyX6F%7BA%2AY%5D%20x%20%20ZL%20x%20ZL%20lcKQy%20LZDb4T%5Bi%2AQyX6F%7CG%2D7XKQyX7bE%5BB%2A%7D%20%20lKcQyX6F%7CQyX7C%7CQycl%20LZQyX7DQyX7bZDb7XcKQyX6F%5BA%2A%5D%20%20lKcQyX7bGZL%20lcKQyl%20LZDL%20lcK%7CYYZ%20Q%7CG%2D7%20%3EABAA%20no%20solo%3Cs%206FZLQ%20%207C%7CQyXLZ%20x%20yX7D%7CQF6XyQT24%7CF6%20%20T44%5BEb7LZxLZxLZx%20Z==0=0
b6f7ed97-ca22-4882-8a85-ec94fc0b1528,irealb://Let%27s%20Cool%20One=Monk%20Thelonious==Medium%20Swing=Eb==1r34LbKcu7QyX114Eb%5E7l%7C%2C7G%2C7bD%2C7D%2C%5EEbsZL7bB%207%2DF%7CQyXC7b9%234T%7BA%2A7bE%7CQQ%7CBb7B%5BB%2A%7D%20%297bB%28%20x%29%2D7F%28%20%7CQyX6bE%7CQyXb%2D7XyyX7F%7C7%5EbE%5Bb%5E7XylcKQyXsus7bBZLl%20cKQyX7FZL%20lcKQ%20%20%5D%2AAA%7CQyX7bB%7CQ%2D7%20BbQyX11%239b7Cl%7C%2C7%2CG7bD%2C7D%2C%5EbEsZL7%7CF7XyF%7CQyXXyQ%7CEb6XyQ%7C%20%28F%2D7%29x%20%28Bb7%29%20Z==0=0
b638b3bd-f036-4cb3-a4d6-09d15f9086e3,irealb://So%20Nice%20%28Summer%20Samba%29=Valles%20Marco==Bossa%20Nova=F==1r34LbKcu77bEZL4F%5E7XyX7%5EbB%7CQyX31b7%7CEQyX7%2DBZL%20lcKQyQKcl%204TA%2A%7B7%2DDZLl%20%20%5D%5B%207hE%7CQyX7%2DG%7CQy9Xb7D%7CQyX7%2DA1NB%2AA7b13cKQyXyX7%2DG7XyQ%7Cb7D%7CQyX7%2DA2NC%2A%7D%5B%207C%207bD%7CQyX7%2DG9XyQ%7CG%7CQyXQ%7CC7b9XyQ%7CF%5E7XyQ%7CBb7XyQ%7CF6XyQ%7CG%2D7%20C7%20Z%20==0=0
b6118c49-1fde-41a9-963d-c0a7e4aec041,irealb://Sun%20down=Montgomery%20Wes==Medium%20Swing=A==1r34LbKcu7KQyX74%3C%2A697A%207%2DE%7CQyX7A%7CQXy7D%7CQyX7A%3EdaeH%20%235LZD4Ti%2A%5B7%2DC%207A7XyQ7%2DD%207%5EDZL7%2D%23C%20%2D7BZL9b7%23F%207%2D%23C%7CLZC%23%2DZL%20lcA%207%2DE%20E7%239A%7CQyX7D%7CQyX7A%3EosloS%2096%2A%3CA%2A%5BY%5D%207XyQ%7C7%2DBZL%207A%7CQD7XyQQyX7%2DBZL9b7%23F%20%2D7%23C%7CQyX7AZL%20lcK%7CE7XyZL5%237F%237b9LZB7%20E7%239%20Z%20==0=0
b6cc6f03-3d00-40c0-8c8d-6d48c76b5272,irealb://Caxambu%201%3DGuineto%20Almir%3D%3DSamba%3DF%3D2%3D1r34LbKcu7ZL7C%2044%3C%20%20ubmaxaC%20od%20a%C3%A7nda%20an%20somav%20ahlO%201%3EG-TA*%7BYaras%20Z%20r%7C%20j%20%2C%C3%A1varaSQyXQy8X4*%3C%5D%2C7Cs%20%7Cr%20%7D%20ongo%2CL7D%20FXQyXQ*14Env%20oreuq%20ue%20euqo%20hlif%20uem%20%2Camoger%3EXy%3C%20%3E%C3%A1vO81*%3CXyQ%3C*ehnama%20o%20%C3%A9ta%20rdaor%20%C3%AAcoV%20%20QyX46cer%3E%20QyXQy66*%3CQor%20t%C3%A1QyXQyXQyX%3Erela%20varp%20%C3%A9%20odnetab%20XyQXybmat%20XQyXQ%C3%89%20na%20%3Erev%20oreuq%20ue%20ueq%20o%C3%A3m%20ad%20amlapXyQXy%20%20QyXebeb%20%20Y%7B*Bug%C3%A1%20ad%20em%20anitesleC%20anoD%20%2007*%3Ca%20praQyXQy%7CQyXQF%20G-7QyX%7D%20%2C7C%20FZL%2C7%20C-GZL%2C7D%207-AZL%2CXyQXyl%3E..rN3F%20D7%2C%20Z%20%3DLatin-Brazil%3A%20Samba%3D200%3D0
b6c3fdd6-f771-4537-bc2b-c720364a86f7,irealb://De%20Qualquer%20Maneira%3DCandeia%3D%3DSamba%3DC-%3D3%3D1r34LbKcu7-F(bA*72%20%20CZL7G%20-F%3E..arineam%20reuqlauq%20eD-XyQ%7C%3CA*%7BYQyX%7CrLZE-(yX-CZL7G%20)9%5EbA-(FZL)%5EbE(%20%20)6-EQ%7CXyQ7G%20)7yX-C%7C*B%3C*7%3E..aug%C3%A1'd%20sosa%20rsohlo%20so%20moC%201G7XyQ%7CYY%7D%20Q%7CF-%20G7%2CLZC-XyQ%7D%20%3DLatin-Brazil%3A%20Samba%3D100%3D3
b6d2239b-7a08-469c-9946-b6100bb62d78,irealb://Meu%20Deus%2C%20meu%20Deus%2C%20Est%C3%A1%20Extinta%20a%20Escravid%C3%A3o%3F%3DGRES%20Para%C3%ADso%20do%20Tuiut%C3%AD%202018%3D%3DSamba%20Enredo%3DD%3D2%3D1r34LbKcu7D%2C-DZ%3C*69%20%7C%2C7A%2C-Ds%3E..oracl%20ohlo%20ed%20o%C3%A3mrIxLZxL44T%5BYL7D%20h%2CD7%2C%7C%20-G%7CQyXF%7CQyX7C%7Clp%2C-D%7C%2C7A%2C-GZLxA7LZA-G%7C%2C7*%3C%5BY%5D%23oLZD%3E4231251Y06*%3CZ7LA%207bBZLC%2FF%20A%2F-D-XyQG%20-GZ7B%2C7C%20fui%20L7B%20x%7CQyXDZL%23C7%2FA%20D%3E..augidnamZE-%20suE%2027!agnu%20E-%235%20%2096*%3C%7BY%20QyXZLA7%20-EZL7-E%206-EZL%C3%8A%20cal-El%7C%2CNZL%207LZxN2ElZL%2C7Bl%20-ElZL7%2CBl%20DZL)B%2F7G(%20%20-%20LZA7G%20D%3E%20hAZL7%20%7D%7CN%7CQyX-D%7CQyX-GYZ7LD%2C-Dl%7C%2C7As%20-E2G-%20A7A%207G1issa%20-%20G%23o%3C%5BY%5D%207A%20DZL7A%20Bb%2F-GZL6F%20A%2F-DZL*66%20EGZL7DL7B%20DXyQ%7CF6-G%7CQyXB%2FGZLC%2FD7%20C%2F-A%7CQyX%23C%2F-%23%20A7LZD%3E..m(hAZL7LZD-EZL%5EbB%7C%2CC%2FW%2C-DLZo%23GZL-G%7BYZL7D%20hLZA7A%20-EZD)%20D7(A7)%20%7D%20%3DLatin-Brazil%3A%20Samba%3D200%3D3
b62c3159-dc68-416e-9e1b-a0d5467e2f84,irealb://O%20Daqui%2C%20O%20Dali%20e%20O%20de%20l%C3%A1%3DLuiz%20Carlos%20da%20Vila%3D%3DSamba%3DG%3D7%3D1r34LbKcu7%20QyXQ4GXyQ7D%20-AZL7E%20hBZLyQX%7CrQyXZL7D%20-A%7C%2C%20%5DXy4Ti*%5BX)9b7*A%3C%C3%89%20QyXG%3E..rarutsi%20m%2Crexem%20osicerp%7CA7(A%7BYYY%20ZLQ%2C5%20D7LZ%20hBZL7D%20-AZL7Eh%20B%7CQyX%5ECZL7G%20-DE7%239%23-A%7CQyd%20etnD7%2C%20%7Deuq%20%C3%ADa%20acoT30*2%3CN%5BQyXQyXQyXQyX%20a%20ge%20-A1N%20mu%20a%20p%C3%A9%20%20*%7BYY%20%20QyXQyX%5DQXy%2C%5EGZL%2C7D%20-A%3E2xB%3CTocon%20zi%237%5EGZamba%20-A%7CQyX9-EZL%2C7Bh%20%23F%3E..oderne%20ed%20D7%2CLs%20mob%7BYY%7D%20%20G6%2CL7D(7D%20-A%7CQyX7ALZ7bB%20GZL%2C7B%20-AZ%239%235))%5EG(5QA-%20D7%2CLZBh%20E7%2C%20%7DA-%20D7%2CLZGXyQZ%20%3DLatin-Brazil%3A%20Samba%3D200%3D0
b6f58ee2-7b1d-4b18-9787-e482e1117970,irealb://S%C3%A3o%20Gon%C3%A7a%20-%20ABC%20ABCCC%201%3DJorge%20Seu%3D%3DFunk%3DA-%3D0%3D1r34LbKcu7terP%2044A-7A*%5BY%7D%20%2C9b7E%209ELZ%20x%20ZL%20x%20ZL7-B%20%3C*69%20TQi*%7B%3E%20%C3%A9xo..%3EA-*%3C%7CZL%20A%2FGZL%207-ZAL%20xZL%20xZL7-B%20763%20Af.ahniA%2FG%207Q%7CE-9-E%2C-Ds%20-AZL9b7%20E9-E%7CQyX9-D%7CQyX%2C%7ClA-yX9-D%20eS%3C9QXyQ%209-D%7CQyX9-E%7CQyX-9D%3E%C3%A9xofA%2036*%3C%5B%20XyQ%7CEyX%5D%20%2C-G%3E%20%20%20E7b9X%3C%7CQyX7-A%3Eresiqu%20%2027*%3CB*%5BYY%5D%20%2CyQXyQ%3E%C3%AAcov%7CQyX%5ELZF%5EXC%209-G%7CQyX9%5E-Al7%3E5560%3C%7CQyX7E%7CQy9%2CLZF%2C9C%209yX9%5E-%7CY*CA9E%7CQyX9%5EFZL%2C117%23C%206bBZL%2C7-B%207-XyQ%7CAQyX7EQ%7CG-9%20C9%2CLZF%5EXyQ%7CE7%2Cpp%20Z%20%3DPop-Funk%3D140%3D1
b634d468-3afd-457a-972f-e3881310c788,irealb://A%202bar%20%2D%20Random%2002%20%2D%20Maj9%20Rootless=JonBlanckMusic%2Ecom==Medium%20Swing=C==1r34LbKcu7KQyX9b%5E9XylcKQyX9%5EbD%7CZL%20clKQyX9%5EDZL%20lcKQ%20LZF%5EE44T%5BKQyX9%7CE%5E9X%20lcKQyX9%5EDZL%20lKcQyX9%5ECZL%20lcKQyLZDb%5E%5D%20%20lcKQyX9%7CC%5E9XlcKQyX9%5EFZL%20lcQKyX9%5EbEZL%20lcKQy%20LZE%5E%5D%20%20lcyX9%5ED%7CEb%5E9KQyX9%5EC%7CZL%20lcKyQX9%5EbDZL%20lcKQyXcl%20LZ%5D%20%20lcQKcl%20%20%5D%20==130=0
b628fa28-782e-4eb8-886a-47cad86f8d9e,irealb://B%202bar%20%2D%20HS%20Up%20%2D%20Dom7b9%20Rootless=JonBlanckMusic%2Ecom==Medium%20Swing=C==1r34LbKcu7KQyX99XyQK%20lcKQyX9b7bEZLl%20cKQyX9b7DZL%20lcLZE7bb7%23C%5Bcl%20LZF7b9XyQKcl%20LZF%237b9XyQKcl%20%20%5D%20==0=0
b66d5af6-52cb-4a18-877e-3e305677bf2c,irealb://As%20Vitrines%3DBuarque%20Chico%3D%3DSlow%20Bossa%3DG-%3D10%3D1r34LbKcu711-AZ4G-7XbE%207-bB%7CQyXG%2F9ddabE%7CQyX%23F%2FD%7CQy7%2FBbL4TA*%5BG%2F9dd7%2FAXyyX%23F%2FD%7CQyX7-G%7CyQX9b7D%7CQyX7-G%7CQQ%7CEbaD%7CQyXyXA%2F7-7%20F77D%2011-AZL31b7A3%201A%7CQyX7%5EbBZLC%2F%2FALZFC%7CQyX%7CQyXbBb%2FDX%7CQyX7-CZL%20lcKQXy7hD%7CQyXD%2F7G%7CQyC-7%2FBB*%5B%5DQbA%7CQyyQ%7CA-%5EbE%7CQyX%23F%2FD%7CQy7X-GC*%5B%5D%20A%2F7D%20117%2311XX11-AL6bE%20LZC-7E%2FC%206bEZL7bB%207b%5EBZL7F%207%5EbG%7CQyXLZEo77G%207%5EZG-7%20D%2FF%23%2CQ%20ZXyQXyQ%20%20Y%5BQG-7XyQ%7Cf%3CFine%3EG-%5E9XyQZ%20%3DJazz-Bossa%20Nova%3D140%3D0
b6424765-990e-4c37-ad67-c25254e48893,irealb://Bim%20Bom=Gilberto%20Jo%C3%A3o==Bossa%20Nova=C==1r34LbKcu77%2DDZL%2D7%20G7yX6CZL7G%207%2DDZLG7%207%2DDZL7G%207%2DDZLQKcl%20D44T%5ByX%2DA%7CD%2D7%20Gb7E%7CQyX7%2DBZL7G7%20%2DDZL7G%207%2DD%7CZL79%2CXyQZL7G%20X7%2DDZ%20E7b9%209%2DD%7CQyX%2DAZL%2C97bE%207%2DB%7CQyX%2DAZL%2CA7b9L7%2DB%7CQ9bD%7CQ3b9%20%20%7C%7D%20QyX%7CrQyXZL%20%20xZL7G%207%2DDQ%7BYZ%20QD%2D7Xy1G%7CQyXyQ%7CC%5E9XyQKcl%20U%20Z%20==0=0
b6812513-2682-419a-9b09-92ea6ab945f1,irealb://Sa%C3%ADdas%20E%20Bandeiras=Nascimento%20Milton==Bossa%20Nova=E==1r34LbKcu7QyXZL4E7suyXsus7EA%2A%5B%5D%20Qy%7CXrQyXZL%20lcKQyXsQKcl%205Ti%2A%5BlcKQyLZA%2D7EA%2A%5BY%5D%20%20lcKQyXuss7EZL%20lcKQyXE%2F7susXQyX%7Cr%20LZXyQr%7CXyQLZA%2D7%2FEXyQKcl%20LZE7susXyQKcl%20%20Z%20==0=0
b6a4b3d0-0f51-4057-9671-3da734561fb5,irealb://A%20DAY%20IN%20THE%20LIFE%20OF%20A%20FOOL%3DBonfa%3D%3DMedium%20Swing%3DC%3D0%3D1r34LbKcu7ZL%207%5EA-%20LZG%20-DZL%20-A%20ZL%207%20EZL%20-A%20ZL7E%207-D7LZ%20C%2044T%5BL%207-A%20LZ%20DE%20ZL%207B%20ZL%20x%20Z%20L-A%20ZL%207E%20ZL%207-7%20LZ%207h%23F%20L7A%20-%20LZ%20A%20ZL%207A%20ZL%20x%20ZL%2C%20-A%20ZL7E%20-DZL%20-x%20LZDobA%20ZL-A%20-LZ%20D-A%20ZL-D%20-AZL%207EZ%20L%20-A%20ZL%20x%20ZL%206-%20LZD%20-D%20ZZD-%20A-LZD-7%20E7LZ%20A-%20%20%5D%7C%20%3DLatin-Cuba%3A%20Cha%20Cha%20Cha%3D116%3D3
b650759c-ec9b-4ef5-833a-15b14ef4cf3c,irealb://A%20Ghost%20Of%20A%20Chance=Young%20Victor==Ballad=C==1r34LbKcu7ZL7ob4C%5E7XZL7bB%207%2DFZL7C%20%2D7G%7CQyX11%237bD%7CQyE%2D7%20E4TA%2A{b7A%2077LZN1X7%5EC2NZL%20QyXQy}X%207G%207%2DDZL7A%207EyQ%7CEhG%207%2DD9b7B%7CBD%2D7X%23FZL7%2DA%207%5ECZL7%20G7%5EC%7CQyX5%237G%7CQyh7XyQ%2A[]%209ZL7C%20%2D7%20A7yX11%237bD%7CQyX7%5EAC%2A[]%205%237G%207%2DDZLQ%7CG%2D7E%7CQyXF%2D7%20Bb7LZE%2D7%20Ebo7LZD%2D7%20G7LZC%5E7%20A%2D7LZD%2D7%20G7%20Z%20==0=0
b683bcb4-60da-46b9-9f60-14df488a60a6,irealb://Do%20Cora%C3%A7%C3%A3o%20Ao%20Bandolim%3DChoro%20Das%203%3D%3DChoro%3DC%3D0%3D1r34LbKcu7ZL7-E4A7LZxZL6-CZLxZLCZLZxL7GZL7GZLGZL7DLZGLZ2TA*%7BQyXQy7%2CQLZ%207GZLG2N%7CQyXQyQXyXQyX%7D%207DZLG1N%5DXyQXDZL7AZLxZL3GLZBZLGZLxZL6-CZLxLZCZLxZL7GB*%7B%5D%207xLZA7N%7CQyXC*%7B%5D%207LZA72N%7CQyXQyXQyXQy%7DX%207GZLG1NZL7DZLGLZD7-EZLGsZLxZ-%5E7%2C%7C5b7-%23FZL-AlZL7A-%7C%2C7%5E-A%2C-AZL7-ELZB7LE%2C-EsyX%7D%207%5E7%2C%7CE1NZL7BZLobBlZL-7A%7C%2C7%5E-A%2C-AZL7-E-LZB-E%2C-EL7DZLyQXyQZL7AZL7DZLGQ%5B%5D7%20Dl%7C%2C7bE%2C-Es2N%7CD7LZGXQyXQZA7LZD7LZGLZG7%2FFLZC%2FELZC-6%2FEbLZG%20Z%20%3DJazz-Medium%20Swing%3D100%3D0
b65361c8-d768-4002-b623-22fa7c02be9f,irealb://Foggy%20Mountain%20Top%20(RBB)%3DA.%20P.%20Carter%20%7C%20Maybell%20Carter%20%7C%20Sara%20Carter%3D%3DBluegrass%3DE%3D4%3D1r34LbKcu7%20ttaMhe%20Re%7CdranoeL%E2%80%A2laH%7CkooB%20ssargeulB%20laArr.%20T45*%3Ctanreer%2F%2F(eeP%20%20QyX9291%20%20yQX)tsaF%20ot%20.deMr%20IntnnilFAZLx%7C%20Corp%7B%20%3Eup%3Cn44T%5B%20QyQXyXQyXQyXQyX%3E%20.*CE%2Cplanoip%2CE%7Cpp%7CxLZBZLx%7Cp%2CE%7Cp%2CAZL%7Cxp%2CE%7Cp%2CB%7Cp%2CBZLx%2Cp%7CE%2C%2CE%7Cp%2Cx%7Cp%2CEvE%2Cp%7CLx%7Cp%2CEZLx%7Cp%2CBZxLZLx%7Cp%2CE%7Cp%2CAZLxZA%2Cp%7C*%5B%20%20%5DZLxZL%7CN1E%2C%7Cp%2CAZLx%7Cp%2CEv*%7B%20%20%5D%20x%7Cp%2CE2N%7D%20x%7CpE%2Cp%7Cxp%2CBZL%2CAZLxLZE%2Cp*%5B%20%20%5D%20x%7Cp%2CE%7Cp%2CZBLx%7Cp%2CE%7Cp%2CAZLx%7CCE%2Cp%7Cx%7Cp%2CBsuroh%7CxLZxo%20olos96*%3C%7Cp%2CALZx%7Cp%2CEZLx%7Cp%2CBZLver%20cp%2CE%7Cp%20%3EE%2Cp%7CxLZB%2Cp%7CN1E%2Cp%7Cx%20%7DN2E%2Cp%7Cx%20Z%20%3DPop-Country%3D180%3D1
b60d5971-d388-4e5a-b76a-ce11a4f4aa77,irealb://Fangal%20%20-%20%20T%3DE.%20S.%20Discepolo%20%2F%20H.%20Manzi%3D%3DTango%3DC%3D10%3D1r34LbKcu7ZL7-A4D-7%20L7G%20-DZL7A%20CZLG7%207-DZL7A%20CZL7GZE-7%204TA*%5BA%20CZL7LZC%20D%7CQyXG%7CQyX7D%7CQXy-AZL7E%207-AZL7E-7%20G7G%207-DG%207hD%20G7LZFZL7C%207GZL7bA%20C-%7CQyX-CB*%5B%5DQyXC-XyQ%7C7DZL7CZL7G7XyQ%7CL%20lcKQyX7-F%7CQy-XF%7CQyX7C%7CQyX7hGZAb7%20-CZL7-XyQ%7CC-%20Ab7LZG7%20C7LZF-7%20Ab7LZDh7%20G7LZUC-XyQZ%20%3DLatin-Cuba%3A%20Bolero%3D110%3D3
b662d5bd-ce89-4a2c-b6c6-2e5689a80871,irealb://Yuyo%20Verde%20%20-%20%20T%3DD.%20Federico%20%2F%20H.%20Exposito%3D%3DTango%3DF%3D3%3D1r34LbKcu7ZL7G%204FXyQD%20%5EFZL7C%20-G%7CQy-XG%7CQyX7D%7CQyX7A%7C7LZG-4TA*%5BL7C%20-7LZFX%20FZL7C%20-G%7CQyX-%7CGQyX7D%7CQyX7A%7CQyD7LZGC%207bDC%7CQyX%5D%5B*BF%2C7Fs%20%20-bBl%7C%2C7F%20s%20-Fl%7C%2C7C%2C7Gs%20-%7ClBb-QyXFZ%7C%2C7FsF-XyQ%7C%2C7C%2C7Gs%20-F%7C%7CQXy7Cl%7C%2C7bDs%20%207G%7ClF-%20%20%7CQyX7lBb-%20%20sF7%2C%7ClBb-XyQ%7CC7XyQ%7CF-XyQ%7CG7%20C7LZUF-XyQZ%20%3DPop-Reggae%3D100%3D3
b6527db4-4103-4e35-9167-3f324725972e,irealb://Tonada%20Del%20Viejo%20Amor%20%20-%20%20F%3DEduardo%20Falu%2C%20Jaime%20Davalos%3D%3DTonada%3DF%3D%3D1r34LbKcu7QyX7C*66%20I-bB%20D%2FbBZLE%2FF%20F%5E%3EOLEM%20NIS%20ortn%2FDbLZ%3C86T%5BX%5EF%3EOQ%7CDb76*%3C%7BY%5DQyX%5EFZL7%20C7bD%7CQyX%5EFZL7C%206%20MELyX%5EF%7CQyX7C7XyQ%7C-bB%20D%2FbBZLbE%2FF%5E%20F%7CQyX%5EFZLoD%207C%2FDbLZ-G%7CQyF%7CQyXQ%7CF%5E%20QyX%5EF%7CQyX7CZLb%2FD-bB%20D%2FbBZLbE%2FF%7DY%5BC7yX%5EF%7C%5EF%7CQyG7XyQ7C%20%5EbAZL%5EF%20A%2FFLZbB%2FC%207C%7CQyX7C%7CLZF%5EX%7CQyX%5E%20F%2FEbLZBb%2FD%20Bb-%2FDbLZC7XyQ%7CF%5EXyQZ%20%3D%3D0%3D0
b61b68f1-bb54-45f2-a228-1ab4fd2692b6,irealb://S%C3%AD%20Y%20Am%C3%A9n=Barak==Slow%20Rock=Bb==1r34LbKcu7oc%20n%C3%A9bXyQ%7C%2047%2A%3CA%2A%7B%5DQyXbELZF%20%2DGZLbB%20susbB%20%C2%BFQuiB44T%5BbB%20su%3F%20QueyXbB%3E%E2%80%A6necedeboe%20t%20sotneiv%20sol%20Q%7CBbs%C3%9AT%20omrolg%20FLZEbm%20ne%20seviv%20%29orco%20erP%2886%2A%3C%7C%7DQyXi%2C%20tu%20%2DGZL6%2A%3CB%2A%20cubrB%7CQyXFZLbE%20D%2Fb%7CBQyXbE%7CQyX%2DG%3E%E2%80%A6ebXyQ%7Bem%20aibE%7C%2CDhay%20obB%3E%E2%80%A6le%20%C3%A1tse%20itn%20e%20%2CUT%20omoc%20ort%20%20Bb%2F%20oN%209%20%2CA%20oG%2DXyQ%2A%3C%7C%2CF%20%20%2DG%7C%2CF%20%20Eb%7C%2CF%20%20bB%7DQyXbE%7C69%20%20T%7C%2CF%20%20ac%20acEbXyQrbalap%20ut%20%2Cn%C3%A9m%20ay%20%C3%ADS%20%2096%2A%3CC%2A%7B%7Da%20nun%3ED%20%2CCF%20bE%7C%3EBbXy%7D%2CbB%2C%2DC%2CD%2FbB%2CbZELF%20%2DGZLbB%20bE%7CQBbXyQ%E2%80%A6aibmX66%2A%3CF%2FA%2CQbB%2C%2DC%2CD%2FbB%2CbE%7Cb%2CB%2C%2DC%2CD%2FbB%2CbEZL%2C%7CEb%2C%20%2DGZL%2CD%2FbB%20B%3EBbrecah%20a%20zaV%20%206%2A6%3CD%2A%7B%7D%2CbB%2C%2DC%2CD%2F%3EBb%20%20oT%20Qy%7CEb%20%20F%2C%7CG%2D%20%20F%2C%7CEbXyQ%7D%7BQEb%2CBb%2FD%2CC%2D%2CBb%7D%20==0=0
b68cf099-2492-45fd-ac97-3edcd6794e79,irealb://Catatau%3DJovelina%20Perol%C3%A1%20Negra%3D%3DSamba%3DA-%3D%3D1r34LbKcu77B%7CQy4%3CCat.lagidiV%20on%20laegl%20uogehc%20%2Cuata.%3EA-X4Ti*%5Beleuq7XyQ%7Cilb%20amu%20revah%20%C3%8Da27*%3C%7BY%5D%20%2C7E%20-Atz%20naE%7CQyXA*%5BY%7Dl..%20C-A%7CQyX7E%7CQyXhBQ%7CyX-A%3E3x%20uatata%20E7%2C%20acol%20oP%3C%7CQlandryX7G%7CQyX-D%7CQyX-%2CA%3E..uoitonip%20oQ%7CCXyam%20O%3CZL7E%20e%20estded%20m%C3%A9ugniN%20%3Fudona%20edno%20roP%20%3F%C3%A1ou%3EBhdno%20rd%20oda%7CXyQrO%3CZLQyX%7CrQyX%7CQXyC%7CQyX7G%7CZLQyX%7C%20soldQyX-AE%20%20%7Crz%20de%20yX-AZL7E%20hB%3Eo%C3%A3isced%20moc%20o%C3%A3sirpQ%7CXyQov%20ueyX-A%3EY%7B*B%3Cerpmesed%20og%C3%AAn%20doal%20ortuo%20oD30*gado%2CY%5D%20%2C7ner%20eyQ%7CFXrepsesed%20etnatasB15*%3C%7DQyX7E%7CQyado%20sX7G%7CQE%7CQyXrrendX-A%5B%20QyXQyXQyXyQXQyX%3E..iac%20e%20oyQ%7CD-oc%20edrohc%20A-%20A7uQ%3C%7BY%20%20QyXQyX%5DyQX-AZL%2C7E%20-DZL%2Ce%20fez%7CQyX7%20CZL%20solda-A%3Eodatneiro%20lma%20otium%20euq%20%2Cod%20LZD-%20o%20ra%20a%20meE7%2CLZam%20o%20rative%20edpo%20o%C3%A3N93*%3C%7D%20%20%2C-Al%20e%20n%20hBZLV%20od%20%3EXyQXneconi%20eleuqaD74*%3C%20QyXQyXQyXQyte%20l%C3%A1etrosidigal%3E%20%3DJazz-Medium%20Swing%3D100%3D3
b66b70f7-754d-4300-b5bd-209b0afc76bd,irealb://Regra%20Tr%C3%AAs%3DToquinho%20e%20Vinicius%3D%3DSamba%3DA-%3D%3D1r34LbKcu7-AZLo4A-%20B%7CQyXF/-D%7CQyXG/A7%7CQyX%23G/7EZLA/7G7%20G%234TA*%5B%20-D%7BY7XyQ%7C-D%7CQyX7A%7CQyX7ELZA/7B%20-A%7C%7CQyX7E7XyQ%5DB%7CQyX%7CQyXQsLZC%5EQyX%7D%20%2C7A%20hE1NZ7LE%20%29o%23F%287BZL%5EF%20XyQXyus7Gl-D%7BY%5DXyQ%5DYDZL%2C9b31A%20hE%7CQXy-AZL%2C7E%20hBB*%5BY-7XyQ9-A2NyXQyXs%28Bh%29%20%2ChE1NZL%2C7E%20o%23ZFL%29A/%5EF%28%5EF%20%5ECZLA7%2C%20%7Dus7G%20-AfZLyQ%7CN2%5EF3N%7CYYYZ%20%2C7E%20A-%3EeniF%20la%20.C.D%3C%20Bb7%2CXQyXQ9XyQZ%20%3D%3D0%3D0
b663fb1f-dd7b-48fe-800e-ddb836013506,irealb://Cherish%20The%20Day=Sade%20%28Adu%2C%20Hale%2C%20Matthewman%29==Pop=C%2D==1r34LbKcu7s31C%7C4C%2D9XA%2A%7B%7DQyX7%2DG%7CQyX%2D7F%7CQyXsus31C%7CQyC%2DXyQ4Ti%2A%7BQyX7%2D%7CF%2D7X7%2DG%7CQyX%2DCSB%2A%5B%7D%3E%20x451%2A%3C%20%207%2DG%7CQyXyQ%7CFQyXsuC%7CQyX%20QLZ%7C%7CQyX7%2DG%7CQyX7%2DFQ%7CyXsus31C%7CQyX%2DC%7B%2ACC%2D%207%2DG%7CX7%2DF%7CXyQ%7CFs31C%7CQyX%2DCB%2A%7B%7D%3E%20x3%3C%20%207%2DG%7CQyX7%2DusXyQsus31s31C%7C7XyQ%7Dl%7BZL%20x%20ZL%20n%2C%2DCLZ%20x%20ZL%20n%2C%2DCsD%2A%5BC%2DXyQ%2DG%7CQyC%7CQyX%7CF%2D7%2FQyXC%2F7%2DG%3EadoC%20al%20%2ES%2ED85%2A%3C%7CQyXC%7D%7BQC%2DQyXsu13susXyQ%7CF%2D7%2FCXyQ%7CG%2D7%2FC%20%20%3C6x%3E%20%7D%7CC%2DXyQZ%20=Pop%2DSmooth=88=1
b610e3be-094f-44f8-9f5b-e3c402370edc,irealb://Here%2C%20There%2C%20And%20Everywhere=The%20Beatles%20%28Lennon%2C%20McCartney%29==Rock%20Pop=G==1r34LbKcu7A%20GZL4G%2C%20BL%2DA%20%2CGA%2A%7B%20QyX%5D7%20D%207%2DA%7CQyXbBZL%2DZB%2D%20C4Ti%2A%5BQyXQy%20CLZFD%20%2DAZL7A%20%2DE1NZ7LB%207%2D%23FZL7B%207%2D%237%2C%20%7DX%2DBZL%2D%2DC%7CQyE%2D%20A77D%20%2DCZL%2DG%20bBlB%7B%2A%5D%2C7F%2C7Ds%207%2DAZLLZG%2DX2NZL%20ZL7B%20%5B%2ACG%20L7B%207%2D%23FZLC%20%2DBLZ%2DA%20GZLC%20%2DBZL%2DAZF%23%2D7%5D%207D%20%5D%20%2C7DA7LZAZL7A%20%2DEl%2C2NZL%20yQXQyX%7D%2C7F%2C7Ds%20%2DlA%2D7%20%20%2DE1N%5B%2ADG%20A%2DLZB%2D%20CLZG%20A%2DLZB%2D%20CLZGXyQZ%20=Pop%2DRock=83=1
b61544bf-63c4-4cb6-89d1-0aadf1f275e5,irealb://Beni%20Benle%20B%C3%B6yle%3DF.Arar%3D%3DNihavent%3DD-%3D%3D1r34LbKcu7%20C%20ZLT44%3C*ZL%20bB%20ZL%20x%20ZL%20D-%20%3EidoleM%20%26%20%2066%20G-%20%2C%2Ci*%2C%5B-D%2CS%2CLZ%20F%20%20QyXQyX%5B%20A%20bBZCL%20-D%5B%7D%207A%207hEZL%20%7B%2C*A%20x%20ZLZL%20x%20%20Bb%20L%20ZL%20bB/-D%20ZL%20C-/D%20ZL%20x%20ZL%20-D%20ZG-%20LZZLxZL7hE%7D%20ZD-%20EL%20sus7A%20ZL%20-G%20LZ%20bB%20ZL-G%20FZL7hZ%20A7%20L%20-G%20%20ZL%20x%7B%2C*B%2CG%20ZL%20x%20ZL%20-D%20%3EdioleM.A%20%26%20%2066*%3C-%20LZ%20%5D%207A%20-GZL%20x%20LZ%20%20x%20ZL%20-G%20ZL%20x%20LZ%20-D%20ZL%20x%20ZL%20-DLZ%20Bb%20ZL%20A%20AboLZ%20A7sus%20LZA7%20A%2B%20%7DXyQXyQXyQXyQXyQ%2CS%2C%20%3DPop-Disco%3D130%3D1
b6f68940-4ef9-467a-853b-ce0387266a27,irealb://Above%20All%20Else%3DCity%20Harvest%20Church%3D%3Drock%3DB%3D%3D1r34LbKcu7E%7CQyX*68%20%2F%3E...nees%20sah%20eey%20oN47*%3C%20%20v*%2CB%3ELZB%5E7%3Ci*%7BYx%7CQyX%7CxXyQX-%23G%7CQyX7-%23C%3Esruohc-erP86*%3C%7BY%7DyQ%7CF%23QyXB%2F%7CQyXx%5B*C%3C*-%23D%7CQyXx%7CQyXB%3E...%20ma%20I%20ereH%20477XyQ%7CY%7DQyXE%3E...yQ%7CEX%20lla%20evobA47*%3CY%5B%5DQyX%23F%7CQyXB%7CQyelse%20X7-%23GXyQ%7CG%23-7XyQ%7CBXyQ%7CF%23%2FA%23XyQ%5D%20%3DPop-Rock%3D115%3D1
b6fb65c8-85f8-45b6-b2de-d0f9888914c9,irealb://Alaba%20Al%20Padre%3DEn%20Espiritu%20Y%20En%20Verdad%3D%3DBallad%20Even%3DF%3D%3D1r34LbKcu7%20%2C-G%7C8F%2CXyD%7CQyX%2C%23A%7CQyX%2CFQ%7CyX%2C%23A%7CQyX%2C-A%7CQ-%2CXyQ6TA*%7ByX%2C%23A%2CLZF%2C-D%7C%2CC%20%20%2C%23A%7CQyXF%2C%7CQyXB*%2C%23Ai*%7B%7D%20%2CXyQ%7CFZL%2CC%3E%201X%20yQ%7CG-4*%3CC*%7C%7DQyX%2C*4ssu*F%7CQyX%2CFZL%2CC%20%2C8To%20AX%2CF%7CQF%7CQyXTo%20B%20yX%2C-D%7CQyX%2CC%7CQy%2CXF%7BQyX%2CF%7CQyX%3E2XQ%7CA%23%2C81*%3C%20%2CXyQ%7CC%2CXyQ%7CA%23%2CXyQ%7CC%2C%20%20%3C*72X3%3E%20%7DC%2CXyQZ%20%3D%3D0%3D0
b6a5a040-cf77-4369-8a3b-d8bdff9491a0,irealb://Deli%20et%20beni%20KOD%3DEmel%20Muftuoglu%20KOD%3D%3DMedium%20Swing%3DD-%3D7%3D1r34LbKcu7QyX-G4A-%20DA%7CQyX-DA*%7B%7D%20Qy%7CXrQyXZL-A%20-GZL--XyQ%7C4Ti*%7ByX33*%7D%7CG-X%20QyXQyX%7CZLo%23C%20%7CCQyXbB%7CQyX-A%7CQyLZD-%3CQyXF%7CyXQyXson%3EX-D%20CZL-A%20-GZL-%20D-AB*%7B%5DQyXbB%7CQyLZBb%3CinU%20QQyXZL.C.%3E%20QyXQyXQyXQyXQy%5DX%20QyX%2Ci*%2C%7C%7D%20%2C-ALZXyQDQyXQQyXZLLZXyQQyXZLQyXZLQyXZQLyXZLQyXZLQyXZLLZXyQQyXZLQyXZLLZXyQQyXZLQyXZLQyXZQLyXZLQyXZLQyXZLLZXyQQyXZLLZXyQ%20Z%20%3D%3D0%3D0
b6dbbaf3-6fc1-4fcc-b150-69ac6d331dd1,irealb://ille%20de%20roman%20olsun%20KOD%3DHicaz%20A%3D%3DMedium%20Swing%3DB%3D%3D1r34LbKcu7ves%20i8E-XyriK%20%2007*%3CA*%7B%7D%20%20B-A%7CQyXC%7CQyXB%7CQmiziy9Ti*%7Berler%3EE-XyQ%7CE-%20BLZBXyQ%7CB%20CLZCXyQ%7CA-%20BLZB%20CLZA-%20B%20%7D%20%3D%3D0%3D0
b676c0f4-c8f8-4ac5-b0a9-a8737544e206,irealb://TAVUKLARI%20PISIRMISEM%20KOD%3DComposer%20Unknown%3D%3DMedium%20Swing%3DD-%3D5%3D1r34LbKcu7%20QyX%7C4D-XyL-D%2CC%2CbB%3EI%20I%20QXyI%20QyXI%20%2046*%3C%7CQZXyQr4Ti*%7BX%3ESIMD-%20%20%5DADACHAB%20%2041*%3C%20Q%20yXQyXQyXQyXQyX%20MIS%20fA*%5B%7DPETNAXyQXy%3C%20QyX%7D%20-D%20-C%7CQXyx%7CQyXF%7CQyX-D%7BQ*30%20%20QyXQy%7CQyX-MAMLAleM%20%2066*%3C44Ti*Q%5ByXQyXQyXQyX%3EIRodi%3EDAH%20NI%20A%7CQyXyQXy%7B%5D%20QyX%7CrQyX%7C%2C-%2CD-G%20A%3EI%20QyXI%20%20Q*AD-XI%20I%20%3C%20A%7CQy%7CXyQr%7B%20QyX%5D-D%2CA%20-D%7CyQXx%7CQyX-G%7C%7D%20QyX*BD-X-D%2C-GG-%2CD-%7CXyQrXyQ%20%7D%20%3D%3D0%3D4
b64a386e-8cae-4321-b97e-18be4e1eaa23,irealb://Cinema%20Mudo%3DAzevedo%20Waldir%3D%3DChoro%3DC%3D0%3D1r34LbKcu7ZLxZL%2C%20G-%23ZL-GlA*%7B%20%20QyXQXy%7D%205%23-G%20%2C6-GZL5xLZC--Gi*%7B7DZL6LZG-LZL7AZLxZL-DZL57b-EZL-Gl%7C%2C7DspZxLZC-xZL7DZL-GZLZG7L-CZL7Gl%7C%2ChD%2CbBZsLxZL7FZLxZL-CZLZD7L6-FZL%2CGs2N7%2FE%2CCyXQyXQyX%7D%207DZLG-1NZL7Dl%7C%2CbE%2F6-QXyQ%7CAsZLxCZLxZ-7%2CD7)7%5E-E(xZL-EZLxLZ7BZLxZLGlB*%7B%5D%2CLZG7LA%7C%2C-EZL-EZC-6LZBZLxZLGl%7CZL7DZ7L-AZLo%23GZLGZL7D7LZxLZLxZLyX%7D7DLZxLZ%2C-E%2CGs1NZL7DZL-7AZL7EZLGZLxZLC%7CA-7%2C7GZLxQXyQXyQXyQ%7CN2lGLZD7%20%5D%20%3DJazz-Medium%20Swing%3D100%3D0
b619916f-9ae1-4cf0-ae74-291c951aef2a,irealb://Is%20Your%20Is%20My%20Baby%3DOlstead%20Renee%3D%3DMedium%20Swing%3DC%3D%3D1r34LbKcu7%20*m*A*72In*AZLxZL%2C7EZL%2C7ZFL%2CG%2FW%20*m*A%3Eortm*%2CLZ%3C44T%5B*%3CA*%7B%7BA*m*7EZLx%7C%2C7DZL%20%7Cr%7C%20%2C7E%2C7FsZL%2CG%2FW%20%2C%7Cx%20%7D%5D%20%2C7E%2C7GZL2%3ElA*xZL%2C*m*AZL%2CB%2FGC%20%2F*m*AZL%2CB%2FG%20*mLZD7%2C%2C1%2096*6m*F6%2CLZNB*%5BQyXQyX%5D%20%2C7C*%20m*G2N%7D%20%2C7E%20hB1F6%2CLZC%7CYZL%2096*%3C%2CLZC77E%2ChB%7C%2Ch%23F%2C6CsLZ%2C*6m*FZL%2C6FZL%2C%2C%5D%5B*A6CZL%2C%2C6CZLm*%20G%2F%2C7DZLxZL%2C*m*AZ%2CLB%2FG%20C%2F*m*AZL%2CBLZG7%2C*Al%3E3YYQyXLZD7%2CP90*%3C%5D%20%2C7E%20hBZ%2CLobE%206CQZL%2C7GZLIANO%3E%2C7AZLyXQyX9%202%3EX6*%3CB*QyX%3ELACOV69*%3C%20QyXQyXQyXQy9XyQ-6*%3CA*7EZL%2C%20%20*A%207GZL%2C7DZL%2C7AZL6%2CCQ%5B%20QyXQyXQyXQ%2CLZC6%3E3%20%20Q%2CLZA*m%2B7*%20%20Z%20%3D%3D0%3D0
b6dabb0e-7045-4d61-a210-540e396a1e87,irealb://I've%20Got%20You%20Under%20My%20Skin%3DPorter%20Cole%3D%3DMedium%20Swing%3DEb%3D%3D1r34LbKcu7L7-FZ4F-7L7%5EbEZL7bBZL7-FLZ7CZL7%5EbEZL7bBZLZC7L4TA*%5BZL7bBZEb%5E7B*%5BY%5D%207CZL7%5EbELZ7bBZL7-FZL7CZLF-7LZL7bBZ-FZLxZC7LZZL7GZL7-DZLxZL%5E7bEZL9b7bBZL7hFC%5E7LZL7%5EbEL7-FZ7LZEbZL7%5EbEZLsus7bBLZ7-FC*%5BY%5D%20xZL7%5EC7b9LbBZL77-CZLusLZE%7C%2C7bB%2C7-FsZL7-DC*%5BY%5D%209b7GZL7%5EblEb%5E7s7bBZhGsZLLZBb7L7bDZL7%5EbAl%7C%2C7Eb%2C7-bBsZL7%5EbEZLZEb%5E77-FZL%2CC7%2C%7ClF-7LZBb7LZEb%5E7LZx%20Z%20%3D%3D0%3D0
b6e790a0-e3a4-4894-8227-138b2ebede7c,irealb://East%20Of%20The%20Sun%3DBowman%20Brooks%3D%3DMedium%20Swing%3DG%3D%3D1r34LbKcu77-CZL4G%5E7XyX7-A%7CQyX7E%7CQy7X-BZL%20x%297C%28%20%7CQyQKcl%204T%5BA*yX7-E7XyQ%5D-EZL31b7B%207h%23FQ%7CyX7D%7CQyX7-A%5BB*7XyQ%7CF%7CQyXX7E%7CQyQ%7CA-ZL%20x%297C%28%20%7CQyX7G%5E%5BA*%5DQyX7D%7CQyX7B-7XyX7A%7CQ9b7B%207XyQKLG/7-A%20-A%5BC*%5DQXy7F%7CQyX7-CZL%20lcZF%23h7-A%7CQyyX7-AXyQ%7CA%207-bB%7CQyX7-B%7CQXy7F%7CQyX7-A%7CQyX7Eb7LZ7-EZLQ%7CD7XyQ%7CG6XyQKcl%20%20Z%3DJazz-Medium%20Swing%3D100%3D2
b6638b56-bd09-43d0-97ab-b920032f7377,irealb://Never%20Let%20Me%20Go%3DLivingston%20Jay%3D%3DBallad%3DBb%3D%3D1r34LbKcu7A%7CQyX4G-7X7bB%20sus7bB%7CQyX-7FZL7C%20sus7C%7CQyLZEb64T%5BA*7bE%7CQLZDb%5EbB%7CQyX9b7F%7CQyX-7CZL7C%207-G%7CQyX7-%5E7Xy7D%207-X7-G%5Bb%5E7Xy7D%2C7bEs%207-A%7CQy7X%5ECZL9b7G%207hD%7CQ%2Cl%5D*BA%7CQyX%20-GZLsus%20CA%7CQyX6bEZL7bB%20uss7bB%7CQyX7-FZL7-7%20D77C%7CQy9b7D%20ZC7XyyX6bBUZLF/-bE%20F7ZL11%237bG%207-C%7CQQ%7CAh7L7%5E-G%20Z%3DJazz-Ballad%20Swing%3D60%3D2
b640d722-7011-404a-b2bf-b3892c87d12f,irealb://Street%20Of%20Dreams%3DYoung%20Victor%3D%3DBallad%3DEb%3D%3D1r34LbKcu76-bEZT44EbbB%207B%7CQyX6-bEZ3L1b7bB%207B%7CQyX6-7b13L%5B%2Cv*%2Cb7bB%7CZB7%20BbAZL9b7bE%207hbBLZ11%239A%206-bEZL7b-6XyQL7bD%20L7B%207LZEb-bB%207BZL7bD%20-bELZ31b7bB%207B%7CQyX67LZCh9E%2031ZL5%237Bb7%20%5DZL7%5EbA%207%5EbEZL7Bb%207-F%7CQyX7F%5BA*YG-7%20C%207-FZ7bD%7CQ%7CF-7%20%5BB*%5D%207bE%207-bBZ5L%237bB%207%5EbEZL7bBAb6XyQyX7F%20%206bEb%5E7Xy%207-F%7CQyX5%237B%7CQXy7FZL9b7C%207bD%7CQBb7LZE%7CQyX%28C7%29%20Z%20%3D%3D0%3D2
b6d78d01-6f19-4029-b256-30d1177de91b,irealb://I%20Wish%20I%20Knew%20%28VERSE%29%20bg%3DComposer%20Unknown%3D%3DMedium%20Swing%3DBb%3D%3D1r34LbKcu7bB%7CQyXyQp/X7-C44T%5B%20QyXQyQXyXQyXZL%209b7G%3EuyQF9X96*%3C%5B7GQyX7%29XyQ7%5EbBZL9b7F%20susF9QyX7-C%7CQyX9b7G%28D-7%29-D%287%5E7-CZL%7CC-7XGQyX7DZL7A%205%237QAyX7%5EbB%7CQyX9FQy-7%20C7QyX9bXyQF7XyQZ%20%3D%3D0%3D0
b6f56a06-cb03-4ffe-a9a0-1cfd8840e811,irealb://All%20Of%20Me%3DMarks%20Gerald%3D%3DMedium%20Swing%3DC%3D0%3D1r34LbKcu7%20lcKQ4C%5E7XZL%20lcKQyX7AZL%20clKQyX7EZL%20lcKQyD-7Xy4T%5BA*yX7G%7CE7XyQDZL%20lcKQyX7DZLl%20cKQyX7-AZL%20lcK-7XyQ%5BB*%5D%20%20%20lcKC%5E7XyDZL%20lcKQyX7AZLl%20cKQyX7EZL%20lcKQ-7XyQ%5BA*%5DQQyX7-%5E7XyQ7A%7CQyX)G%2F7%5EC(7E-%7CQyX)7o%23F(6-F%7CXyQ%7CDF%5BC*%5D%7CG7XyQ%7CC6%20Ebo7LZD-7%20G7%20Z%3DJazz-Medium%20Swing%3D83%3D3
b672c89d-1f91-4e46-8155-428b36104b9f,irealb://Fools%20Rush%20In%3DBloom%20Rube%3D%3DSlow%20Swing%3DC%3D%3D1r34LbKcu7X7G%7CQT44D-A*%5BZL7G%207-DZL7A-%206C%7CQyX7G%7CQyX7D-7Xy%2Ci*%2C%5BQyX7-7XyQ%7C7-A%7CQyX7%5EC%7CQyXG7%7CQyX7-D%7CQyX7-AXyQ%7CD%5EC%7CQy*%5B%5DQyQ%7CC6X%7CQyX7GZL%20lcKQy1X1%237D%7CQyX7-A%7CQyG7b9XyX7G%7C7A%7CQyyQ%7CG7QyX7G%7CQyX7-D%7CQXy7-A%7CQyX7%5EC%7CQyX%7CEh7XX7-DBC%7CQyX%7CD-7XX7-D%7CQyX7-A%7CQyGX/7%5EC%7CQyX6-F%7CQyyQ%7CG7QyX9b6%20A-7LZD-7%20G7%20Z%20%3DJazz-Slow%20Swing%3D80%3D2
b6f5e1a6-06c6-419e-9e00-619fb8398df7,irealb://My%20Foolish%20Heart%3DYoung%20Victor%3D%3DBallad%3DBb%3D%3D1r34LbKcu77%5EbBAT44C-us7F%207-CZL7G%207b%5EBZL7F%207CZL7G%207sLZ%5B*%2Ci*%2C%5B7-GZLLZD-77%5EbBZL9b7A%20%297F7%28-E%7CQyX7-CZL7G%20%20D7%2397%5EbE%20X6bEZ7%29LZC7-F%7CQyX7%5EbBB*%5B%20%5D9b7F%207-C%7CQyX7-%20Bb7LbD%28%20%20*%5B%5D%2077%20D7bZL7G%207-CZL7C%207G-ZL31b7D%207-GZL9C-7%20FhA%7CQy9b7D%20%20Eb%5E7L9b7A%20%297F%287-E%7CyQX7-CZL7G%207-DZLZBb%5E77%5EbBA7-bE%7C%20%20%28DbGC*%5B%5D%209b7D%207hALZbB/7-C%207-CZL%297-7XyQ7-GZLCZL7GZBb%5E7ZL7F%207CZL7G%207-ZCL7G%207bAZL7%5EbE%20Bb%5E7%20L7bA%20-7%20F7sus%20Z%20%3DJazz-Ballad%20Swing%3D60%3D2
b64c47d4-3774-46a8-9107-460cc683ee6b,irealb://Shadow%20Of%20Your%20Smile%2C%20The%3DMandel%20Johnny%3D%3DBossa%20Nova%3DG%3D%3D1r34LbKcu77B%7CQyT44A7A*%5BZL%20lcKQyX6GLZ9b7D%20sus7D%7CQyXF%23-7X%2Ci*%2C%5B7h%23F%7C%7CE-7XC%7CQyX7%5EG%7CQyX7DQ%7CyX7-A%7CQyX7A%7CQy%5E7XyQQyX9bX7h%23F7b9Xyb7%23F%7CQyX7h%23C%7CQXyD/7-E%7CQyX7-E%7CQ9XyQ%7CB%7CQyXQyX7-b13Xy7A%7CQyX7-E%7CQyX97bB%7CQyX7-%23FB*%5B%5DQXyQ%7CA7B%7CQyX31b7Q%7CBh77-BZL7F%207-C%7CQy7X-A%7CQyX9b7E%7CQyXXyQ%7CEyX7D%7CyQ%7CA7XyQ%7CD7sus%20D7b9LZG6XyQKcl%20%20Z%20%3DJazz-Bossa%20Nova%3D140%3D2
b675aeb7-4620-4426-aacb-bcf66f1e69dd,irealb://So%20Nice%20%28Summer%20Samba%29%3DValles%20Marco%3D%3DBossa%20Nova%3DF%3D%3D1r34LbKcu77-BZL4D-7XyX7%5EFA*%7B%7CQyX7CQ%7CyX7-G%7CQyX7G%7CQyQKcl%204Ti*%5ByX7-A7b13X%5D%20%20lcKQyX7bE%7CQXy6bB%7CQyX7%5EbB%7CQy%5B*BN1E%7CQyXbD%7CQy9XyQ%7CQyX7G%7CQyX7-DZL13b7A%207hE%7CQyX7-G%7CG-7Xb7D%7CQbB%7CQy%7D%5B*CNQyX9b7C%7CQyX7-GQ%7CyX9b7D%7CQyX7-A2%7CF%5E7X%207C%2077XyQ%7CF6XyQ%7CG-7%20C7%20Z%20%3DJazz-Bossa%20Nova%3D140%3D2
b669a197-571c-429f-9251-d8d6118992b9,irealb://It's%20You%20Or%20No%20One%3DStyne%20Jule%3D%3DUp%20Tempo%20Swing%3DF%3D%3D1r34LbKcu7F%7CQyX4G-7XX7-GZL7D%207-AZLb7B%207%5EF%7CQyX7C%7CQyyQ%7CC74TA*%5BXCZL5Kcl%20%20%5EbA%7CQyX7%5EbA%7CQy7XbE%7CQyX7-bBB*%5B%5D7%20G7%23QyX7%5EAZL7b7%20G7L%7CQyX7C%7CQyX7-GA%5B*%5DQyX7C%7CQyX7-GZF%5E7%20B-D%7CQyQyX7bLZG-77-bBC*%5B%5DQyX7F%7CyQX7-C%7CQyX7C%7CQyXXyQ%7CE7D%207-%7CA-7%20D7LZAb-7%20Db7LZG-7XyQ%7CC7XyQ%7CUFXyQKcl%20%20Z%20%3DJazz-Up%20Tempo%20Swing%3D240%3D30
b68b500a-7710-407d-966b-0cc06985a8de,irealb://One%20Note%20Samba%3DJobim%20Antonio-Carlos%3D%3DBossa%20Nova%3DBb%3D%3D1r34LbKcu77-C%7CQ4D-7X%7CQyX7-D%7CQyX7B%7CyQX7-C%7CQyX7bD%7CQyDb7Xy4TA*%5BX7bD%7C7XyQ%7CD%7CQyX7bA%7CQyX7%5EEb%7CQyX7bB%7CQyX7-F-7XyQB%7CQyXCZL%20l7%20B7L7%5EbD%7CQyX7bA%7CQy7X-bEB*%5B%5DQyX6bBZXyQKc-C%7CQyX7-C%7CQ%7CF%237D%7CQyX7-DA*%5B%5D%207%20B7hC%7CQyX7%5EB%7CQyXb7XyQyX7-%23%7CQyX7XyQ%7CDX7-F%7CQyX7B%7CQyX-7C%7CQyX7bD%7CQyX7-yQ%7CBb7B%7CQyEb%5E7XyQ%7CAb7XyQ%7CDb6XyQ%7CC7XyQ%7CB%5E7XyQ%7CBb6XyQZ%20%3DJazz-Bossa%20Nova%3D140%3D3
b66457a1-822a-455c-886a-1c6b25779e4b,irealb://Ahora%20te%20puedes%20marchar%3DSurfs%20Les%3D%3DMerengue%3DD%3D%3D1r34LbKcu7%2C-EZL4sDLZZL-BZLDA*%7B%20%20QyQXyX%5D%20%2C-BZLDZL-BDLZB-4Ti*%5BXQyXQ%2CA%2C%7CD%7D%20%2C-B1NZL%2CD%7C%2CA-%2CGZLAZL-EZL-BZLXyQXy-E%7C%2CAyXQyXN2BbL%2C-E%2C-B%7C%2CbB%20ZLA%2C%7C-G%2CD%7C%2C-G%2CDZLxZ%7CA%2C%20%5DZL%20QyGZLAZASDLZ-BZLDs%7C%2CA%2C-E%7C%2C%2CA-EsZL-BZLDZL-BLZE-L*%5B%20%20QLDZLAD%2CLZEAZLDZLAB*%7BY%5D%20%2C%2CDQ%2C%7C%2CA%2C-GZLAZL-LZDLZ%7C%2CA%2C-LDZLA.%20al%20AZLDZLAZLDZLAQY%5BYY%7D%20%2CDZLA%3EadoCLZDLZS.D%3CZZALZDLZALZDLZALZDLZALZD%2CDZ%20%3D%3D0%3D2
b692fad5-1147-4a75-a6c2-7768049d6710,irealb://Girl%20From%20Ipanema%2C%20The%202%3DJobim%20Antonio-Carlos%3D%3DBossa%20Nova%3DF%3D%3D1r34LbKcu7%20lcKQyQ%7CF%2344TSA*%7B%7CQyX9b7F%23%7CQyX9%5EF%7CQyX9b7F%5E7XyX9%5EF%7CQyXQyyQKcl9b7bG%7CQyX7%5EF1NQ%7CyX7C%7CQyX7-GZL%20XyQ%7DXX7GZLyX7-%23F%5E7XycKQyX7BZL%20lcKQXy7%5E%23FB*%5B%5D%20%20lcKQl%20LZF2NZL%20D%7CQyXLZD7X%20lcKQyX7bEZL%20lKcQyX7-GZL%20lcKQyLZA-7%20lcKQQyX7-G-7XycKQyX7GZL%20lcKQXy7%5EFA*%5B%5DQyX7C%7CQl%20LZG%7CQyX7%7CC7XyQ%7CF%5E7XyQ%7CGb7b9%20%20US%20%7D%20%3DJazz-Bossa%20Nova%3D140%3D3
b6397f3c-1070-496e-b85c-8c25abd317e3,irealb://Ko%20Ko%3DParker%20Charlie%3D%3DUp%20Tempo%20Swing%3DBb%3D%3D1r34LbKcu7yX7bA4Bb6XKQyX7%5EbE%7CQyX7b%7CBQyX7-FZL%20lcKQycl%20LZ4T%7BA*7-C%7CQLZBb6G%7CQyX7-C1NZL%20lKcQyX7CZL%20lcKQyX7b9Xy%20lcKQC%5BB*%5D7%235XyiF%3ClcKQyX6bB%7CQXy7F%7CQyX7-C2N%7C%7DQne%3E%20%20F%7CQyXL%20lcKQ%7CF%237A%7CQyX7E%7CQyX7-BLZ%20lcKQyX7%5EB%7CQyX%5E7XyQyX7-%23a%20.C.yQ%7CD7C%7CQyX7C%7CQyX7-GLZ%20lcKQyX7%5EG%7CQyX-7%20%3CDX7-AZl%202nd%20ending%3E%20LZF7%235%20%20%20%5D%3D%3D0%3D0
b6f3eb6e-3136-4e48-8232-ff73d17f4b64,irealb://Mack%20The%20Knife%3DWeill%20Kurt%3D%3DMedium%20Swing%3DBb%3D%3D1r34LbKcu7lcKQy4Bb6XL%20lcKQyX7FZL%20lKcQyX7-CZL%20lcKQyZBb6X4TA*%5BcKQyX7XyQK7F%207-C%7CQyX7-CZ%20LlcKQyX7-CZL%20lcLZBb6-GZL%20l%20%20%5D%20%3D%3D0%3D0
b65cc984-3ae9-4643-a812-5edcd95d49db,irealb://Old%20Cape%20Cod-Rev%20JE%3DRothrock-Vakus-Jeffrey%3D%3DBallad%3DEb%3D%3D1r34LbKcu7%207-G%7C4Eb6%20D%7CQyX7%5EbAZL7A%20-7bBl%7C%2CbA/W%2C7-Gsb7XyQ4TA*%7BEZL7EN1F7%20ZLQyX%7D%207E%20sus7BbZLG/7C%207-FZL7BN2F7%20ZL7bGbEZL7%7CBb-7ZL7bG%207-GZLbA/b7B%207%5EbAB*%5B%5D%207A%20F-7%20EQyX6b7bBZLb-7%2CEFZL7Cl%2C7bD%2C%5EbEZsL7oA%207%5EbAl%7C%2C7b-7%20B7Bs%207%5E-G%7CQy%5B*AEbQyX7%5EbAZL7A%207-Bbl%7C%2CbA/W%2C7-Gs%206%7CDb7X%5D%209E%20L9bD%20LZF7%20Q%5B%5Dn%2C7En%2C7-F%7Cn7%2CbGn%2C6bEsZLQ%2C7ElAb-77bG%207ZU%3CFINE%3EEb%5EXyQZ%20%3DJazz-Ballad%20Double%20Time%20Feel%3D80%3D3
b6757501-0c7d-4f87-baa9-1ad6f6dd5826,irealb://Two%20Sleepy%20People%20Rev%3DCarmichael%20Hoagy%3D%3DMedium%20Swing%3DEb%3D%3D1r34LbKcu7%207-FZ4Eb6%20%20G/%5EbEl%7C%2CbA/7b%2CB7bBs%207-FZL7obGC7b9L4TA*%7BW%2C%5EbEW/Ab%2C11%239bD%20%5EbAl%7C%2C7%2CA7-bBs%2CA/W%2C7-G%7CLZN1s%2C7bBs6bEl%7C-7%2CLZ-F%2C7bG%2C7-Gs2NZ%20LQyXQyX%7D%207E%207-F7%2CE7%2CCl%2CG/C%2C7bD7%2CA7%2CL%5EbE%2C7-F%2C7-GsZbLA/7bB%20%5EbAlB*%5B%5DZDh7%2C-bBs%20%207-F%7C%2C%7ClF-ZL7-Cl%2C7bD%2C%5EbEZsL7bB%206bEZL7E%207B7XyQ7B%2C7-ZL9b7*AT44bEl%7C%2CbA/7bB%2C7bsB%207-FZL7obG%206bE%5E/G%20C%7C%5D%207EGsA*ZBb7%2CWbD%20%5EbAl%7C%2C7A%2C7-Bbs%2CA/W%2C7-G%7C%2CbA/9%2311Ls%207-F-7%2CGb7%2CF-7%2CE7%2C%7ClEb6%20sF-7%2CE7Z%20%3DJazz-Medium%20Swing%3D90%3D3
b6a91149-b1ed-4ee2-aeea-10971dcfeb41,irealb://Election%20Day%3DFoley%20Blaze%3D%3DMedium%20Swing%3DC%3D%3D1r34LbKcu7LxZL%2C-%2CLZx7AZL%2CAZLxZL%2C-DLZxZL%2CbA/5b7-DZL%2CLZD-D44T%7BZD-7b5/Ab%2CLZxLZD-%2CLZA7%2CLZD-%2CLZx%20%7D%20%3DPop-Bluegrass%3D220%3D3
b6571ca7-9141-49ef-9e34-b408823b54d8,irealb://Twistin%20The%20Night%20Away%20(Tom's)%3DSam%20Cooke%3D%3DMedium%20Swing%3DA%3D%3D1r34LbKcu7lcKQy**XyQ%20lcKQyX**D%7C%5D%20%20clKQyX7-%23FZL%20lcKLZE7XA44T%7B%20%20%7D%20%3DJazz-Medium%20Swing%3D115%3D3
b6cf786c-b641-47d6-a714-e6e1831d7b38,irealb://Tonight%20I%27ll%20Be%20Staying%20Here%20with%20You=Dylan%20Bob==Country%20Rock=G==1r34LbKcu7QyXrZ4sC%2CB%2CGi%2A%5B%5D%20%2DA%2C%2DB%2CCLZ%2DA%2C%2DB%2CCZL%2C%2DA%2C%2DG%2C%7CxL4TC%2A%5B%2DB%2CCZZS%2AAG%2CCB%2A%7C%2CB%2FG%2C7%2DA%20ZGL%20ZLr%7C%2CG%2CG%7C%2CC%2CB%2D%2CCLLQyX%7CC%2FbB%20%5D%5B%2AAG%5D%2C7G%20%20G2N%7C%7D%20G%20%7CG%2CG%2FC%20%20G1NZL%2CC%20%5B%2ACC%2D%207%2DA%2CB%2F9C%20%2C%7CG%20GXbAZL7G%20G%7C%2CC%2Fb%2CAC%2FbB%20%2DC%7C%2CG%2CsusyQ%7CC%20C%2FbA%2C%5B%5D%20A%2F7%20C%2CA6D%3EadoC%20la%20%2ES%2E%3CDZLC%2F7D%20D%7C%2C%23C%2F7%2FB%20D9%2DA%7C%2Cb%5B%2CG%7C%2CGLZrL%2DA%2C%2DB%2CCZLC%2C%2DB%2C%7CC%2CB%2FG%2C7%2DA%20GZL%20Z%20%5DG%2CC%7C%2CC%2CG%2CG%5B%2CA%7CG%2C%7CCD%7C%2CC%2FD%2CD%5B%20%5D%2CC%2CA%2D%7C%2CC%7C%2CbA%5B%5D%2CG%7C%2C%2D%2FB%2CD%2F%2C%2DCC%2A%20%2CG%7C%2CG%2C%7CrL%2DA%2C%2DB%2CCZLC%2C%2DB%2C%7CC%2CB%2FG%2C7%2DA%20GZL%20Z%20%5DG%2CC%2CG%7C%2CC%5DXyQ%20%5BBbXyQ%7CCXyQ%7CD%20CLZB%2D%20A%2DLZUGXyQ%7C%20==82=1
b6fed97f-1c21-4ac2-83f1-834baaa064f0,irealb://All%20The%20Things%20in%207%3DKern%20Jerome%3D%3DMedium%20Up%20Swing%3DAb%3D%3D1r34LbKcu77G%207-8F-7X7%5EbD%7CQyX7%5EbA%7CQXy7bE%7CQyX7-bB%7CQyXyQ%7CD7TA*%5B7%5EbA%7CXyQKcbE%7CQyX7bB%7CQyX7F-%7CQyX7-CB*%5B%5D%20%20l%5E7XyQ7%5ECZL%20lcKQ-7%20D7%7CQyX7D%7CQyX7-AC%5B*%5D%20%20lcKQyX7%5EGZLG%5E7XyA%7CQyXyX7-b7XyQ%7C7-FD*%5B%5DQyX31b7%7CCQyX7%5EE%7CQyX9b7BXyQ%7CBh%23FZLbB%7CQyXyQ%7CAQyX7-C%7CQyX7%5E-b%7CDQyX7%5EbD%7CQyX7%5Eb%7CBo7X7bE%7CQ-7XyQ%7CEb7XyQ%7CUAb%5E7XyQ%7CGh7%20C7b9%20Z%20%3DJazz-Even%208ths%3D140%3D3
b6a6b410-4fa8-4506-b4bc-9eb783c06e6b,irealb://I%20Want%20To%20Be%20Bad%3DDeSylva-Brown-Henderson%20%3D%3DMedium%20Up%20Swing%3DC%3D%3D1r34LbKcu7%2C7G%20%2C4C-Xy9bE%2C7G%2C7bA%2C9bELZ%2C7G%2C7bA%2C9bEs%7CQ%2C%7CAb74Tv*%5BX%2C-CZ%2FAb%20G6-F%2C-CZL6-Fpp%7C-%2CC%2C7G%20bA%2F7-DZL7%2CG7%2CL7-DZL7G%20%2Cb9%2CAb7ZL7G%20%2C7bA%7C%2C9bE7%2CG%2C7bA%2C9bEZL7G%2CD-7%2FAbE%7CQyFZL%2C7ZCLZC%2F7F%20E%2FCZL%2CG%2FCZbLA%2F6-FZLA%2F6FZL7EbLZDLxZL%2CLbD%2Fo%20LZG7CZL7G%207-D%7CQyX%2CC6A*%7B%5D%20%205%237GppZL%2FE%20EbbA%2F6-%20D%2F7GG7%2CLZ%2Fo%23C%206C%7C%2C%2BG%2C7G7%20-DZLbD%2FobE%20E%2FCBLZN1%207-DZZL7F%20%7CN2C%20*xZL7DZL%20xZL7b%20A6bAB*ZL%20%2CCZL7FALZF6%7D%20%2C7G%2FobE%206LZB7%2C7G%20%2C7-D%7CQyX%2C6ZCL%2C7G%7C%2C7Gpp%2C%23F%2FLZC%2FEF%207%5EF%207G%7C%2C-7%20G7bB%2CC%7C%2C%2BG%2C7G%207-ZDL%2CbD%2FobE%20E%2FCZL7%20Ab7DZLbDCLZppn%20%20Z%20%3DJazz-Medium%20Up%20Swing%3D150%3D3
b6f080ae-b29a-4613-a3b3-f55ff999d4bb,irealb://All%20I%20Thought%20Of%20Was%20You%20%28Lia%20Booth%29=Guerrero%20Tony==Jazz%20Waltz=Ab==1r34LbKcu77bEs%3E4Ab%5E7%3C%207%2DbBZL%2DF%207%5EbZAL7bE%207%2DbBZL%2DF%20Break6Ti%2A%5BbG%20bA%2AAlAb7%2DbBZL%2DF%207%5EbAZ7LbE%207%2DbBZL%2DF%207%5E%20C7LZ%5BY%5Dn%2C7%2DCZLXyQ%7CB%2DbBZL%2DF%207%5EbAA%2AY%5B%5D%20%20x%20ZL7bE%207%2Db7%20Eb77FZL7%5DQyXbZBb%2D7E%207%2DbBZL7F%207%2DFLZ7bG%207%5EbAZL7bE%20b7LZAL7%2DF%20%2DbB%207b%2D7%20AX7%5EbDZL7bA%207%2DbZEL7%2DbB%207%5EbDZL7byQ%7CF%2DEB%2A%5BYL7bE%20%20C%2D7LL%2DF%207%5EbAA%2A%5BY%5D%20b7E%20pZL7%2DbB%207%2DFZZBb%2D7bEZL7ZL7bEF%2D7LZZL7F%207%2DFZL7bG%20%5E7bAZLQ%2C7bE%207%2DbBBb%2D7%20%207%2DCZL7bE%20%5DY%7CQAL7F%207%2DCZL7bE%207b%2DB%7CQyX7FZL7bG%20bZBb%2D7QyXbAZAb%5E7%20Bb%2D7LZspEb7%2ClAb%5E7LZ%2Cf%2CAb%5E7%20%2CU%2C%20%20Z%20=Jazz%2DGuitar%20Trio=155=2
b6075e29-dc70-49eb-be5e-8c8ce2e40229,irealb://Go%20Tell%20It%20On%20The%20Mountain%20%28Alt.%29%3DSpiritual%20African-American%3D%3DMedium%20Up%20Swing%3DG%3D%3D1r34LbKcu7LB/G%204D7su7%5EC%20GlA*%5B%20%20QyXyQX%5DQyX7D%7CQyXG/s/DLZG4Ti*%5BD/%5ECs/D%2CD7ZL%2C7-A%207-EZL%23FD/%20GZLD/7%5EC%20Gl%7C%2ClG/B%20Cs%20DZl%7C%2C7ElG%20sD%20EZL%23C/A%20AZLE/%5E7D%20AlB*%5B%5D%2C7E%2CE/sD/E%2C%7C%2C7D%2C%23Fl%7C%2C/ELZAC%2C7Es%20%23C/AlZL%2C-7B%207-%23FZL%2C%23G/E%20%237/F%237%5ED%20AyXA%7CQ/D%23LZyXFZL7E%20E/7%5ED%7CyQX%23C/AZLF/-D%20-DQ%7CGXy7B%207-Q%7CUAXyQZ%20%3DJazz-Medium%20Up%20Swing%3D145%3D3
b69f70c9-5549-4dda-94aa-5555d96d4f2e,irealb://Benny%27s%20Bugle%2E%20%20%20Bb%20%20Blues%201=Goodman%20Benny==%2E=Bb==[%20=Jazz%2DMedium%20Swing=100=3
b62f1b08-8f89-46e4-a44f-1633fc4fb72a,irealb://All%20Of%20Me%20Eigen%3DMarks%20Gerald%3D%3DMedium%20Swing%3DC%3D0%3D1r34LbKcu7%20lcKQ4C%5E7XZL%20lcKQyX7AZL%20clKQyX7EZL%20lcKQyD-7Xy4TA*%5ByX7G%7CE7XyQDZL%20lcKQyX7DZLl%20cKQyX7-AZL%20lcK-7XyQB*%5B%5D%20%20%20lcKC%5E7XyDZL%20lcKQyX7AZLl%20cKQyX7EZL%20lcKQ-7XyQA*%5B%5DQQyX7G%5E7XyQ-D%7CQyX7AZLbB%2F57b-E%207-C%7CQyX6-F%7C7XyQ%7CFC*%5B%5D%7CC6%20Ebo7LZD-7%20G7%20Z%20%3DJazz-Medium%20Swing%3D140%3D5
b66691c2-3281-4a8c-b636-d459cb1c2b80,irealb://Hotel%20Califonia%3DThe%20Eagles%3D%3DRock%20Ballad%3DC%3D%3D1r34LbKcu7QyX7%234B-Xy-E%7CQyXD%7CQyXG%7CQXyE%7CQyXA%7CQyX%23F%7CQXyQ%7CF4TA*%5B%5D%5B*BGXyQ%7CDXyQ%7CF%23XyQ%7CB-XyQ%7CGXyQ%7CDXyQ%7CE-XyQ%7CF%23XyQ%5D%20%3D%3D0%3D0
b6696a9f-6a8d-4fd2-871f-26f8aefddfa3,irealb://Every%20Little%20Thing%20She%20Does%20Is%20Magic%3DThe%20Police%20(Sting)%3D%3DRock%20Pop%3DEb%3D%3D1r34LbKcu7bB%2FW%204AbadbAZL%2CD%2FbB%20%2CC%2F9ddabAZL%2CbB%2FW%20%2C9dadd9%2C4Ti*%5BbB%20%2CCadd9%2FbAZL%2CbB%2FW%20%2C9ddbaAA*%7B%5D%20%2CD%2FbB%20%2CCadd9%2FbAZL%2CbB%2FW%20AbaddbA%7CZL%2CD%2FbB%20%2CC%2Fd9dabAZL%2CbB%2FW%20%2C9add9%2CZL%2CD%2FbBlB*add9%2F%2CbA%2CbE%7C%2CbA%2CbE%2CAb%2CbEsZL%2CD%2FbB%20%2CCEb%20%5D%5BbAZL%2CL%2CD%2Fb%2CEb%2CL42TZL%2CbE%2CD%2FbB%2CBbZL%2CbE%2CD%2FbB%2CbBZBb%2C%20BD%2FbB%2C%20%2CD%2Fb4N1B%2C9ddabAZL%2CbB%2FW%209%2CddabAZL%2CbG%2FbD%20%2FC%2C%20B4T%7CYZ%2C7-bAZT44NbB%20%2CBC*%5B%20%2CbG%2Fb%20D%2CBZL%2CbG%2FbD%20%2CB2-7%2CLZLQyX%7D%20%2CBZL%2CLZAbBZL%2CbD%20%2CBZL%2C7-Bb%20%2CBZL%2C7-bB%20%2C7-%2C%20Db%2C7-bB%20E%2CD%2FbB%2C%20DbL%2CbE%2CD%2FbB%2CbBlB%7B*%20QyX%5D%20n%20%2CbEZL%2CZBb%2CBZL%2CbD%20%2CD%2FbBb%2CBb2N42T%7CY%7D%20%2CbE%2CDb%2FB%2CbB1NZL%2CbE%2CD%2FBb%2C%20BlZL%2CbXbEZL4%3COpeD%20%2CBZL%2C7-bB%20%2C7b-AZL%2CbG%2FbD%20%2CB%3Enb%2FGb%2C4TD*%7ByQ%7D%7B%3CRepeat%20and%20Fade%3EEbXyQKcl%20%20%7D%20%3DPop-Slow%20Rock%3D85%3D1
b6a69d21-1375-459e-ae25-7093d3aa9bd1,irealb://Am%20Sonntag%20will%20mein%20suesser%3DComposer%20Unknown%3D%3DMedium%20Swing%3DBb%3D%3D1r34LbKcu7L7FZL4Bb*%20*%20*bEZLxZL*%20*bZBLbBZLbEZLxZL%2C*LZBb%2C4Ti*%5BL7FZLF7LZBZLbEZLbBA*%7B%5D%207ZFL7CZLbBZLbEZLbBbLZxZLbBZxZL7FbLZN17CZLxZLbBZLxZLEbB*%5B%7D%2C7bB2N%7C%2CbBLZxLZBZLxZ%20%5D%5B*CBbLZEbLZBbLZxLZF7LZxLZBb%2CEb%2C%7CBb%20%5D%20%3D%3D0%3D0
b6732b5d-65a5-4581-b074-e3f5aeee436b,irealb://Lo%20Har%C3%A1%20Otra%20Vez%3DWorship%20Elevation%3D%3Dgospell%3DBb%3D10%3D1r34LbKcu7%7D)A(%204Eb(G%20bB%7CQyX)F(bB%7C)(A%20)bB(%20%20bE%7CQyX)%20(Bb)4Ti*%7BbB%7CQy(G)XyyX-C%7CQyX-C%7CQyXBb%7CQyXbB%7CQyXbE%7CQQ%7CBbXbEA*%7B)bB(%20*BEbX%20%20%3Eni%20oT%2066*%3C%20Eb%7CQyX-G%7CQyXF%7CQy%7D%7CBb%20%7B%7DQyXC*%7B%7C)A)%7CEb(%20%20bEZL%20%3EA%20oTQXy96*%3C%20bB%7CQyX)G(F)%20(F(%20%3E%20%3C(%20)bB%2C%20(G)(bB%7C)A(%20)A(%20)G%20()G(bE%7C)F(%20)F(%20Bb)%20()G(bEA)%20(A)%7CBb(Bb)%20(Bb)%20%20%7D%20%3DJazz-Medium%20Swing%3D100%3D3
b6e0f0e2-f28f-4cfa-bf66-c344c23f69f8,irealb://Angela%20(Theme%20From%20Taxi)%20p1%3DJames%20Bob%3D%3DSmooth%20Jazz%3DC-%3D%3D1r34LbKcu7L6bB%2044%3C*7LD%2FbB%20G%2F2bEZL%5EAb%20bE%3E631%20mpb%20%204ZAb%2FCTi*%5BYAsZL6Eb%2FG%2CFZLG%2FbE%20%5EbAZL7Eb%20bEl%7C%2CbB%2FW%2C7-F-7%20Bb%2CbAsZ%2C96bAG%2CF-7A%2F7F%7CQyXbB%2FW%7CQXy-ClA*%7BY%5D%2CbB%2FW%2CXyQ%7Cs%2FbE%2CbX%5EbA%7Cdd9%2CG%7CQyX%5EbAZL11%239%23A7%207-bB%7CQyX-Cl%7C%2CC-XyQabB%2CF%2C%5EbA%2CXyQ%7Cs-F%7Cpp%2C7-C%2Csus9Bb%7Cp%2C%5EbA%2C7-G%2C7-F7%2CG-7-C%7CQy%7Dp%2Csusus%2CCG%2FbE%2C7-FsZLG%2Fb%20E%5EbAl%7Cp%2C5%237A%2C7-%2CBb9s9bB%7CpyXF%2F99sus%20QyXG%2F7-EZL%20susG9ZL%20G%2F7-EZL%20xZL%7CGaddGlB*%5BG%2FW%2077%2CpBh7-A%2C9%237Ep%2ChBsZGL%2FW%207-Al%7C%2C9%237E%2C%2C%7ClD--Es%7CQnp-e%20F%5E7%231Y%5D%20bD%2F9ddabE%201-1DZL31bE%207-EZL1%7B%3C*72%20%5ECZL-bB%7CQo%3ElC-ZL%2C7G%20%2C%5EbA%7CQyX%2FA7F%7CQyXbB%2FW%7CQyXlC-Xylos%20os%3Eedu9%2311Li%2047*%3C%5B%7D%20%3Ex636%3C*7G%207-F%7CQyX%5EbAZnterl%237A%207%7C%5EbE%2C-7%2CBb%2FF%7Cp%2CbB%2C7-G%2C7-%7CFpppp%7C%2CC%2F9ddaF%2CA%2CpAbG%2C7-FF-7%2CG-7%2CBb%5E%2CFadd9%2FC%2C%7Cpppp%7CF-7%2CG-7%2CW%2FBb%2Cp%7ClAb%5E%20Bb%20%5D%3DJazz-Even%208ths%3D136%3D1
b649de14-7c49-4b3e-89d8-f4d909c4ae50,irealb://Angelina%20Baker=Composer%20Unknown==Medium%20Swing=D==1r34LbKcu7DB%2A%7B%7D2DXyQLG%20D%7CQyXx%7CQyXDQ%7CyXG%7CQyXx%7CQyXx%7CZDXyQ2TA%2A%7BXyQ%7CxXyQ%7CxXyQ%7CGXyQ%7CDXyQ%7CxXyQ%7CD%20GLZDXyQ%7D%20=Pop%2DBluegrass=150=3
b66d9442-d2fd-4d60-a242-64799980bf20,irealb://Flake%3DJohnson%20Jack%3D%3DRock%20Ballad%3DF%3D%3D1r34LbKcu7QyXF%7C4D-Xy%7CQyXF%7CQyX-D%7C%7CQXyF%7CQyXbB%7CQyXF%7CQBbXyQ4TA*%5BFB*%7CQyQ%7CFXyXbB%7CQyXF%7CQyX-%7CD%7CQyXF%7CQyXbB%7CQyQ%7CCXyX-D%7C%7CXyQ%7CCXyQ%7CD-XyQ%7CAXyQ%7CBbXyQ%7CCXyQ%7CFXyQ%7CCXyQ%7C%20%3DPop-Rock%3D96%3D4
b6103577-d774-4b77-bb93-475715465f54,irealb://Undertale%20%2D%20It%27s%20Raining%20Somewhere%20Else=Fox%20Toby==Ballad=C%2D==1r34LbKcu7ZLxZL4C%2D7L%7B%7D%20xZL7%2DFZLxZL%2D7bBZLxZL7%2DGZLxZ%2AAC%2D74Ti%2A%7BL7%2DbBxLZBb7%2DGZLxZL7%2DCB%2A%7C%20%7DxUZL7%2DFZLxZL7%2DLZxLZZL7%2DGLoEZL%2D7LZxBZL96bAZLbD%2F7%2DBbZL7%2DGZL7bAC%2AZLb7LZxFZLxZZx%20Z%20=Jazz%2DBallad%20Even=90=0
b6eadb57-70cc-41b1-b211-17d044a7cff6,irealb://Annie%20Couche%20toi%20l%C3%A0=Nougaro%20Claude==Medium%20Swing=E%2D==1r34LbKcu7cuoc%204sE%2D9%3CA%2A%5B%5D%207hB%209%5ECZ7LG%209%2DE%7CQyXx%7CQyXAnnie4Ti%2A%5BB%2C7%23Fi%20l%C3%A0%3E%5EGZL6%2DA%207%2DAZL%2Ch7A%207%5ECZL6%2DD%209%2DE7%2CE%2D%2Cot%2Dehelrapnnie%3E%2C7B%2C%23F%209AZL%2C317bB%207%5ECZL6%2DD%209%2DE%7C%3COn%20A%3C%7C%2C7ZL6%2DA%3EE%2D9%20%2C6%2DA%2C7hA%207%2DC%3E%2E%2E%2E%20sudnet%C3%A9%3CZL6%2DD%7CA%2D7%20%2E%2E%2Ear%5EC%3E%2E%2Eien%3EGeived%3C%7CZL6%2DD%209E%2D%7C%2C7B%2C7%23F%2C%2DE%2C7%5Endra%2Er%2E%2E%2E%3C%23F%3EeiLZ%3C%2E%2E%2AZL%20QyXQyX%7C%2C9D7%2CD%209A%3Eednom%20ud%2EB%3CAnnE%2F7B%20A%7C%2CE%2C7LZB%5E%5EDZL31A%207%5E%23F%3Enaitniol%3C%7C%2C%23C%2CB%2077%20D%2FEbB%207%5E%2C6C%2C7LZ%3C%2E%2E%2Eem%C3%AAm%20snas%3CZL6%20D7%5ED%3Exueruoma%20%2E%2E%2E%3EC%5E6A%207%5EoD%207%2Do7%2C%7CXtnof%20en%20slI%3C%7CQXy7%2DA%3EeinnA%3CZLQy%2E%2E%2E%3EDB%2C7%2DB%C3%A9%E2%80%99s%20%2E7%2C%20C6X7%2D%23C%7CQyX7%2DD%3Eservart%20%C3%A0%20siam%3CZLyQ%7C%3C%2E%5ECZL7F%209%2D%23ise%3EDstnafne%20sed%3CZLC%23%2FA%207%2D%23CZL6D%209%5E%2E%2E%2E%3EFrtcel%3E%C3%A0l%20isimplcuoc%20einnA%3CZL7%20Bsus7B%3Edrager%20ehe%2Dto%3CZL%2D%23%20te%3C%7C%2D6LZC%23F%2C%2DE%2C7%5EGZL6%2DA7%20%2DA%7C%2C6%2DA%2C7hA%207%5E7%2CB7%2CD%209%2DE7%5ECC%2A%20nuit%5D%2C7B%2C%23F%209AZLE%2FB7%207%5ECZL6%2DD%209%2DE%3EXyQ%20%5Berton%20C%5E7LZEh7XyQZ%20=Jazz%2DBallad%20Even=60=0
b6e20870-6860-4510-9f57-70b21de2471a,irealb://Applecore%3DMulligan%20Gerry%3D%3DMedium%20Up%20Swing%3DAb%3D%3D1r34LbKcu7G%7CQyX4F-/C%7D%207C%209b7G%7CQyXC-/FZL7C%209b7G%7CQyX%7B*AF-4Ti*%7BC%205b7ZF-XyXbAZL7bE%207-bB1%7CNQyXbAZL7C%207G%7CQyQ%7CG-L7C%207bB%7CQyQLZN2yX5b7-CB*%5B%5DQyX%7CxQyXbAZL7bE%207bBQ%7CF7XyX%7D%207X-FA*xXyQ%7C7C%205%237G%7CQyXbA%7CyQX7bE%7CQyX5b7-bB%235%20%5D%5B%7CQyX-7G%7CQy%20C7LZQ%2C7bE%207-bB%7CQyXAbZL7A%207-G%7CQyX-FLZAbX7G%7CQyyX%5EbA%235%20ZXA%7CQyX7bB%7CQyX%5EBQ%7CyX7-CZLQ%20QyXQy%5EXyQ%7C7C%205%23QZ%20%3DJazz-Medium%20Up%20Swing%3D180%3D3
b6489437-efa2-41ba-b613-ba8c99012b66,irealb://Meu%20Cavaquinho%3DGaroto%3D%3DChoro%3DG-%3D%3D1r34LbKcu7yX-G%7CQXyQX%7CQyX-GZL7D%206-CS%2C%2CA*%7BQyXn22T%5BQyD7XyQyXQyX%7CQyX7%20D7LZ-GZL7D%206-CZLoD7%20DZL7A%20-D%7CQyX-GXyQ%7CD6-C%7CQG2N%7CQ%7CC-XyQyXQyX%7D%20oD%20-G1ZNL7D%207A%7CQyX-G%7CQXyQXyQyX7G%20bB%7CQ%3CFineQyX-G%7CQyX7D%7CQybXB%7CQyX7FB*%7B%5D%20%20%3E%7CA7Xy%2CU%2C%20-G%20bB%7C7XyQ%7C%7CQyX-G%7CQyX7D%7CQXybB%7CQyX7F%7CQyX7FA7XyQCZL7G%20bB%3Ee%20F7LZa%20.S.D%3C2N%7CQyXQXyQyXQyX%7DQyXbB1Nl%20Fin9CZL7Do%20Z%20%3DLatin-Brazil:%20Samba%3D125%3D1
b6fcd036-ef2b-465c-a6c6-9fac781a5537,irealb://As%20Time%20Goes%20By%20(Billie%20Holiday%20version)%3DHerman%20Hupfeld%20(Billie%20Holiday)%3D%3DBallad%3DG%3D%3D1r34LbKcu77AZL%2C44%3C*7L5%237D%207-AZL%2C7oBb%20B%2FG%3E07%20mpb%20%204ZG%20E9Ti*%5BYQyX6GY%7B*AT%2F%23F%2CG%2F7-As%206GlLZ%20x%20ZL7D%207-Al44A%23%2C%7Cl%5D%209D%20%207-A2yQ%7CN1XY%7D%2031D%207AZL7-%20EGl%7C%2C7D%2CCs%20%2C7-AyQLZNX31A%7CQyX7oG6%20C6X7-A%7CQyX7E%7CQyXlCSB*%5BY%5D%20%2C7G%20GZLyQ%7CBbZLD%2FWZL%20x%20-7LZA7-AlA*%5BY%5DQyX%2C7ZDLE%2FW%206-A%7CQyX31%20D7LZE%206G%7CL9D%20sA-7%2FGL%2CE%2FC%20GZLQ%20%2031%7CAQyX6Gl%7C%2C%23A%2F%23F%2CZD9sus%206Glb7DZLS.%20alZL7obAf%20GQZLQyYXY%5D%207G%206G%3EadoC%20A9%20f%20.D%20%3CZ9%235%20f%20%20%5D%5BUfG6XyQZ%20%3D%3D70%3D1
b6be3bb0-de44-497e-86d0-e702b3131b69,irealb://Nous%20t'adorons%3DLafitte%20Corinne%3D%3DWorship%3DD-%3D%3D1r34LbKcu7D%7CQyX4D-XyX7A%7CQyX-G%7CQyX7%7CDQyX-D%7CQyXE/A%7CQyQ%7CD-3TA*%5B%7CQyX-%5D%7CBbX7A%7CQyX-G%7CQyX-DQ%7CyX%23C/A%7CQyXC%7CQyXyQ%7CDQyX7-A%7CQyX%7C*BFXQyXbB%7CQyX-D%7CQy7XA%7CQyXC%7CQyXF%7CQy%7CA7%235QyX-DX-D%7CQQ%7CFXyQyX7-G%7CQyX-D%7CQXy7A%7CQyXC%7CQyXF%7CQ%7CA7XyyX5%237yQ%5D%20%3D%3D0%3D0
b6354ef6-f96a-46b5-be17-2b1d57378bca,irealb://GDS%20Cadence%20x%208%20%2d%20Bootstraps=Charts%20Practice==Medium%20Swing=C==1r34LbKcu77%5ebG%7cCXyQ%7c7%5eG%7b%7d%20%3ex8%3c%20lcKyQX7%5eC%7cQyXC%2f7%5ebD%2fFXyQ%2f7%5eD%7bQyX7%5e%7cF%5e7XXbB%2f7%5eB%7cQyXbB%2f%5e7C%7b%7d%20%3ex8%3c%20lcKQyyQ%7cBbQyXF%2fB%7b%7d%20%3e8x%3e%20%7dcKQyX7%5ebE%7cQyXb%2fE7%5eE%7cQyXbE%2f7%5eF%7bl%20%3c8x%3c%20lcKD%7cQyXbXyQ%7cbE%7b%7d%20%3ex8%3c%20lcKQXy7%5ebA%7cQyXbA%2f7%5eA%5e7%2fDbA%2f7%5ebbG%7cQyXyQ%7cD%5eG%7cQyXbG%2f7%5ebA%7b%20%7d%3ex8%3c%20lcKQyX7%5eb7%2fGbXbD%2f7%5e%20%3ex8%3cKcl%20%3cyX7%5eB%7cQyXB%2f7%5eCQ%7cyXB%2f7%5e%23C%7b%7d%20%3ex8QKcl%20QyX7%5e%5ebB%7cQ7%2fEXy%5eB%7b%7d%20%3ex8%3c%20lcKQXy7%5eE%7cQyXE%2f7%5eF%7cQ7%2fAXy%5e%23F%7b%7dKQyX7Q%7cA%5e7XD%2f7%5ebE%7cQyXD%2f7E%5e%7b%7d%20%3ex8%3c%20lcKQyXyQ%7cD%5eyXA%2f7cl%20%3c8x%3e%20%7d%7bA%5e7%2fGXyQ%7cAb%5e7%2fGXyQ%7cG%5e7XyQKcl%20%3c8x%3e%20%7d%20==0=0
b6d2517f-e97a-4337-9099-5b8af357d6cb,irealb://Flint%20Hill%20Special%3DScruggs%20Flatt%3D%3DBluegrass%3DG%3D%3D1r34LbKcu7lcKQyXyQ%7CDlcKQyX%2CG44T%2CA*%7B%2C%7CQyXG%7CQyXD%7CQyX%20LZCXi*%2CD%7CQyXGZXyQKcQyXCZL%20lcKQyX%2C%7CGZL%20lcKQyXDZL%20lKcl%20L%2CGZL%20x%20ZL%20%7CGXyQXD%7CQyXGZL%20x%20ZLl%20cKQyX%2CD%5B%7D%20%20lcKyQKclQyXD%7C%20LZGXyQ%5D%20%3DPop-Bluegrass%3D230%3D7
b60ceb79-9253-4cfd-aebf-d93ac77c7411,irealb://Bass%20Notes%20Only%3DJHC%3D%3DLong%20Notes%3DC%3D%3D1r34LbKcu7/G%2CC//C%2CG/%2CB/W%2CA/W%2CG/W%2CC*/.*W%7C%2CB/B%2CA/A%2CG%7CW*.*C44T%5BA/A%20%2C*/A%2CBC/C%7C%2CB/*.*W%2CA/%2CAG/*.*W%2CC/C%7C%2CB/%2C%20G/G.*W%2CG*.*W%20%2CLZW*%2CC/*.*W%7CZL%2CB/W%2C%20A/W%20%2CG/W%20%2CC/*.%20G/G%2CB/B%20%2Cof%20sk/B%2CLZ*%3C%20Z%20%2CB/*.*W%20%2C/AA%20%2CG/*.*W%20%2CC/C09WorB%20%2CA/.*W42Bum-cyXQyXQyXQyXQyX:%3Eortni%20epyt%20%22ahQ%5B*iT%22%20a%20ryXF44F/F%2CLyX%5DQyX%7Cr%3E%2056*%3C%20%20%5D%2CC/F%20%2CC/*.*WZQ%5B*AT%20%2CF/*Q%7CBb%20FLZpsC7%2ClFLZG7%20C7%3C%20%3E%20Z%20%3DJazz-Long%20Notes%3D100%3D1
b6588d1d-a9d3-4251-afea-bf937aea9575,irealb://Tuyo%20Somos%3DQuilles%20Lorel%3D%3DPop%20-%20Rock%3DF%3D%3D1r34LbKcu7eber%204D-%2C*un%20ed%20%2Cit%20a%20soemvlov%20soN%2066*%3CAestra4Ti*%5BrgeR9a%20obeyXFZLE%2FC%20-D%7CQyFXZLE%2FC%20%3EaicneidQ%7C%3C*6%20n%C3%B3ilA%2FFs%20s%20a%20tyXFZLE%2FC%20-D%3E%20...n%C3%B3zaroc%20ut%20a%20iQ%7CG-%20omaseC%20sus%20CLZFbBZLC%20-DZLbD%2FA-%20DZLC%20bB%7C%2CA%2FF%20%20XyQ%7CCbBl%7C%2CF%2FbB%7C*63%20CQyXF%3Esotic%C3%B3por%20psut%20%C3%ADuqa%20elpmu%7CFXyQ%3CB*%7B%20T%2084*b%2FFXy%7C%2CA%2FFs%20%20-GZLQ%20F%20l%7C%2CE%2FCs%20%20-D%7C%2CQlBb%20%3CB%7CQyX%7CQyX-(A)%20(%2FFs%20%20bBZLC%20-D%7CyQXA%7CQyX-GC*%7D%2C)CA%2C%7ClG%20%3EA%20oyXbBlD-%20CLs%20%20-GQ%7B%20%20%3EB%20oT%20%2006*%3C%20bB%7CQyXbBZF%2FA%2C%7C%7CQyXAQ%7DBbXyQZ%20%3D%3D0%3D0
b621cb89-e1df-40a1-bf82-87ed78aaad23,"irealb://Bennie%20And%20The%20Jets=John%20Elton==Pop=G==1r34LbKcu7Lh%23G%2044G%5E7%207-AA*[YY}%20%20lcQKyX7%5EFZL%20lcKQyXD7LZGTi*{Y-A%7CQyD7LZE*[YY%20%20QyXQyX]QXyCZL-B%20-A%7C%7CQyX-BG%5E7X%207-AZX7%5EG,XyQ%7CGY]%207C%20C%7CQyX-EZDL%20C%7CQyX-A%7CQyX7%5EY{,*CC%7CQyXyQKcl%20LZF%5E7XyQKcl%20%20}%20=Pop-Rock=115=1"
b6c0890a-8420-4c91-9fd9-675f8d23ed0d,irealb://Fever%3DDavenport-Cooley%3D%3DMedium%20Swing%3DA-%3D%3D1r34LbKcu7A%7CQyX4A-XyX7EZL%20x%20ZL%20x%20Z%20Lx%20ZL%20x%20ZL%20lcKQyQ%7CA-4TA*%5ByX7EQcl%20LZX-A%7CQyX7EZLQ%20xZ%20L%20x%20ZL%20x%20ZL%20x%20yQZY%5BKQyX-Q%7CA-XyQ%7CXyQr%7CXyQLZE7XyQ%7CA-XyQ%7CE7XyQ%7CfA-XyQZ%20%3D%3D0%3D0
b638c177-f33d-46bc-8424-9fd1a039990f,irealb://Man%20Who%20Sold%20The%20World%2C%20The%3DBowie%20David%3D%3DPop%3DD-%3D%3D1r34LbKcu7%5BQyX-XyQ%7CAQyXF%7CQyXF%7C%7CQyX/A-D%7CQyXA/-D%7CQyX%7CT64DA44T%7B%7CQyXCyQ%7CAX%7CQyXF%7CQyXA%7CQyX%7CAQyX-D%7CQyX-D%7CQyFXyQ%7CXA44TB%7CQyX%7CT64AC%5DQyXC%7CQyXC%7CQy-XD%7CQyX-D44T%7CQyXXyQ%7CFQyX7C-D%7CQy%7CFXyQ%7CQyXA%7CQyXAS%7B%7DQXy-bB%7CQyXF%7CQyXC%7CD-/AXQyX-bQyX-b%7CFXyQF%7CQyXC%5DQyX-D%3EeinF%3C%7CQyX-D%7CQyXF%7CXyQ%7CBQyXA/%7CFXyQ%7CCXyQ%7CFXyQ%7CBb-%20%20%3CD.S.%20al%20Fine%3E%20%7D%20%3DPop-Rock%3D112%3D1
b6dc5836-5b52-4cc8-8f4e-3bb69bc2c16d,irealb://Bluegrass%20Cross%2DPicking%20in%20G%20Major=Composer%20Unknown==Medium%20Swing=G==1r34LbKcu7%5BT44GXyQ%7CGXyQ%7CCXyQ%7CCXyQ%7CDXyQ%7CDXyQ%7CGXyQ%7CGXyQ%7C%20=Pop%2DBluegrass=180=4
b670f88d-2f5c-407e-97ab-81506181efec,irealb://Bonk%20Donga%20Bop%3DG.Rae%3D%3DMedium%20Swing%3DC%3D%3D1r34LbKcu7CSv*%7BXyQ%7CFC%7CQyXC%7CQyXG%7CQyGX%7CQyXC%7CQyXC%7CQyX%23%20C%20%7DF44T%7BF%7CQyXXyQ%7CFC%7CQyXG%7CQyXG%7CQyCX%7CQyXC%7CQyXF%7CQyXXyQ%7CCC%7CQyXXC%7CQyXyQ%7CDXF%7CQyXFC*%7B%7DQyX%7CCQyXC%7CQyXG%7CQyX-yQ%7CCXF%7CQyXyXG%7CQyQ%7CGXyXC%7CQyXF%7CQyXFi%7B*%7D%20C%20%23C%7CQyXC%7CQyQ%7CCXyXG%7CQy%7CQyX)Q%7CC%20%20C(G%7C%7D%20%3Ex3%3CC%20%23CLZ%3EeniF%20la%20.S.D%3C*ODA*yXG%7CQGXyQ%7CFXyQ%7CFXyQ%7CC%23%20CLZC%23%20CLZC%23%20C%2CG%2C%7CCXyQZ%20%3DJazz-Medium%20Swing%3D175%3D3
b68739e3-cc69-4b39-af39-d84b76990b96,irealb://II-V-I%20-%20Diatonic%20Harmony%20/%20Seventh%20Chords%3DJim%20Stinnett%2C%20%22Creating%20Jazz%20Bass%20Lines%22%20%281988%29%29%20pp.23-24%3D%3DSwing%3DC%3D%3D1r34LbKcu7X%3E%29.kXyQ%20%20lP%20ot%20tnaw%20uoyt%20ahw%20thgilhgiH%28aybac93*%3C%20FZL7-XyQXyDZL%3E%20%3C7%5EC%3E93%23%20lepmaxE86*%3C%5BQyXQ-7LZEQyXQy-GZL77LZA-%23%20elpmaxE86*%3C%5B%5DY%207%5ECZL5b7-BZL740%3EF%5EGZL7%5E%3E_QyX7LZ%3C*XQyXQyXQyXQyXQXyQyXQyXQyXQyX47yQXyQ-AZL7QyX56*71Xy_%20QyXQyXQyXQyXyQXQyXQyXQyXQyXQ%3ELZ%3C*%3C7%5EbB7-D%3EQNOTE:QyX96*%3CZL%3E%2096*7%3CC%3E5%E2%99%AD7m%20QyX7%C3%B8%20%20XyQXy%20%20QyXZL7h%23LZF%5E7%23FZL7EZL7%5EDZL7%23-CZL7-BZL7%5EA%5B%5D%20-7LZG7hEZL%5EbB%5B%5D%5BG%5E7LL7h%23FZL7-EZL7DLZ7%5ECZL7-BZL7-AZZG%5E7%20%5D%207%5EA%28%2066*7LZD-%5B%5D%207%5EbBZL7hAZL-7GZL7FZL7%5EbEZL7Eb%5E7%3C-CZL7ZL7bB:%20AddAZL7-GZL7-FZL%3E.%29syek%207%20lanoitib%5E7LZSUNOBZL7-FDh7LZZL7%5EbDZL7-CZL7b-BZL7%5EbA%5B%5D%207%5EbEEb7LZZL7-CL7hCZAb%5E7%20ZL7bAZL7%5EbGZL7F-ZL7-bEZL7%5EbD%5B%5DBb-7LZL7hGbGZL7%20%5D%5BGb-bEZL7bDZL7%5EbCLZ7-bBZL7-bAZL7%5E7LZFh7%5EbDZ%5B%5D%207%5EB%5E7LZ%23AZL7-%23GZL7%23FZ7L%5EEZL7-%23DZL7-%23Ch7LZB%5B%5D%207%5EEZL7%5EF%23-7L%5EEZL7h%23DZL7-%23CLZ7BZL7%5EAZL7-%23GZ7%20%5D%5BDZL7%5EE-7LZF%23-7LZG%5E7LZA7LZB-7LZC%23h7LZA%5E7%20%5D%20%3DJazz-Long%20Notes%3D100%3D1
b680e685-433c-4ad9-bffa-1d7ce8517a98,irealb://Cometas%3DMen%20Bacalao%3D%3DLatin%3DD%3D2%3D1r34LbKcu7LxZL9LZxLZNZL9DZL7-AZLxZ-LBZL31b7%23FZLh%23C1Gadd%5EDA*%7B%3Ex3%3CxZA7b1ZLxZL%5ECB*%7B%5D%20xZxLZLxZL%5EG2N%7C%7D%20%2C3Bb%5ELZL31AZAZLxZ3LZA731b7%23FZLh%23CZLxLZ%5EDA*%5B%20QyX%5D%2031bLZB-L1A%7C%7D%20BZLDZLZG%5ELL%5EGC*%7B%20%20QyXQyX%20%5D31b7AZL31AZLxZZBb7L7DZL-L-BZL9LZxLFZLh%23CZLxZL96D*A%5B%7D%2031b7AZL31AZ%237b13EZL7-D*%7B%20%20%23hLZCX%5D%209%237%23F%3EkaerBZ%3CLxZLxZL-BZL7o%23yQXyQCZLxZ%3Ex5%3C3E7LZBb7FZL31C%209b7GZ7LEZL7-BZL7EZL7-9%20Bb1ZL7-BX%5D%2031XyQXy31A%7C%7D%20%3Ex3%3CxZL%5EBbZLxZL%5ECB*%7BQyXQLZA7bQyX%7D%209%2F6D%20CG%5ELZA%20%20QyX%3CZL9E%3EadCo%3CZL7-BZLDZL7bB%3ExLZ%3C*%7B%20Qy%3EA13LZA7b13%20%7D%20%3DLatin-Cuba%3A%20Son%20Montuno%202%E2%80%933%3D160%3D1
b65fb43c-67e4-4d4f-8de2-42197379f8f7,irealb://Codependent%20With%20You%3DForster%20John%3D%3DShuffle%3DBb%3D%3D1r34LbKcu7ua*%23F8BbXy/bB%7CQyX*mid*bEQ%7CyX*m*C%7CQyX7G%7CQFXyQ%7C6TA*%7BQyX7F%7CG*m*m*C%7CQyX7G%7CQyX**mG%7CQyX*m*bB%7CQyX*XyQ%7CQyX*gQyX7AXyQ%7CGbE%7CQyXbB2N%7C%7DQy7XF%7CQyX*m*C%7CQyX79XyQ%7CbB1N%7C*G%7CQyQ%5D%7B*B*6m*C%20bB/*m*G%7CyQXA/7D%7CQyX*%20m*GLZD7XyX7D%7CE%7CQyX%7CG7XyQyX7G%7CQyXbBA*%5BQ%5DyX7F%7CQyX*m*C%7CQ%7CC*m*QyX*mm*G%7CQ*XyQ%7C*bB%7CQyX*m*G%7CQy*Xgua*%23F%7CQyXF/bBm9*Xymid*byX7D%7CG7XyQ%7CQyX9bE%7CQyXbB1%7CNQyX7F%7CQyX*m*C%7CA7XyQ%7CQyX*7jam*G*m*%20*7m*CZL*mid*E%20/F*m*GZLbG/*m*bEXyQ%7CB2N%7C%7DQ*%20Bb*maj7*%20%5DXyQ%20%5D%20%3DJazz-Medium%20Swing%3D66%3D1
b6b93341-0c34-4103-81b6-1cabb8a972b0,irealb://Sea%3DDrexler%20Jorge%3D%3DLatin%3DC%3D%3D1r34LbKcu7yX7-A4G9Xy-AZL%2CB%2F7%5EC%207%5ECQ%7CyX7%5EC%7CQyX7%5EF%7CQ7XyQ%7C4TA*%5BA%7CQyXyQ%7CG9%2CB%2F7%5EC%207%5EC%7CQyX%5E7F%7CQyX9GB*%5B%5DQyXLZA-7X9G%7CQBZL%20l%7CD7Xy7-BZL%20lcKQyX7-CA*%5B%20QyX%5DQyX9G%7CQXyQKcQyX7-QyX7-cl%20LZ7D%7CQyX7-AZL%20lcQKyX7AZL%20lcKQyXEXyQ%7CAKQyX7Kcl%20LZD7XyQKcl%20%20%5D%20%3DJazz-Latin%3D180%3D3
b6349e41-f7c7-46ef-9a4e-aeda6a7f8c46,irealb://Corcovado%20Giulio%3DJobim%20Antonio-Carlos%3D%3DBossa%20Nova%3DC%3D%3D1r34LbKcu7F%207o%234A-6X9C%7CQyX7-GZL%20lcQKyX7obAZL%20lcKQyXyQ%7CG4TA*%5B%20lcKQ%5E7XyQQyX5%237A%7CQyX7-EQ%7CyXx%7CQyX6-FB*%5B%5D%7CD9XyFZL7%5E%7CQyX7XyQ%7CGlcKQyX7obAZL%20lKcQyX6-AA*%5B%5DQyX7%20LZG-9-DZLyX7-A%7CG%23o7-E%7CQyXx%7CQyX6-F*C%5B%5DQyX7%5EFZL7%5EF%207XyQ%7CQyX9CLQQyXXyQ%7CG7G%7CQyX9-D%7CQyX57%23A%7CQyX7hE%7CQyX31%20%20Q%20Z9-D%7CQZUC6XyQZ%20%3DJazz-Bossa%20Nova%3D140%3D3
b64e956b-a9fc-4e3b-b2e8-2ce0adb31e29,irealb://Cry!%20Cry!%20Cry!%20(Cash)%3DCash%3D%3D208%20bpm%3DF%3D%3D1r34LbKcu7ittuT4%3C*39%2FW%2CG%2FW%2CF%2FWns%3Eynlo%20rtGQyXQyXQyXA%2C%7C%3C%204Ti*%5BFl%7C%2CGppsW%2FWs%20FZLA%2FW%20G%2F7C%7Clpp%2CD%2FW%2CF%2FbB%7C%2CD%2FA%2CW%2F%2CbBl%3EZLxZLZx%20%7BSLxZLxZLF%3EesreV%20%20%3CA*%7B%20%20%7D%20C%2FW%20%2CFZxLZxLC%2FW%20*%5B%20%20QZFLZxQyXQyX%7D%20FZLFZLZCLxZLbBZLxZLxZLXyQXyLCZLG%20%20%2CFZhorusQyXCZLxZLFZLxZbLBZLxZLxZLxZLF%3EKcl%20LC%20%20%3CBF%2FW%2CAsF%2CW%2Flos%20rtG%20QyX75*C%3C*%5B%5D%2C%23G%2FW%2CG%2FW%2CFo%3EsF%2FZL%2CQ%2C%2CbB%2FWW%2FG%23%2C%7C%2C%23C%2FW%2CC%2FW%2CbB%2F%2CWA%2FFZL%20x%20ZL%20lcKBb%2FD%2C%2CG%2FW%2CW%2CG%2FW%2FC%23%2C%7CD%2FbBsZL%20lcK%2C%23CW%2F%2CC%2FW%2CbB%2FW%2CD%2FbB%2CW%2FF%2CW%2CC%2FWlcK%2C%23sF%2FA%2C%2FW%2CF%2FW%2CA%2FFsZL%20clK%2C%23G%2FW%2CG%2FW%2CF%2FWG%2CW%2FG%7C%2C%23G%2F.DQyX%2FA%2C%20sW%2CbA%2FWs%20CZL%2CD%2F%20W%2CF%2FCl%7C%2CD%2FW%2CC%2FW%2FG%2C%7C%3CFlZL%20%7C%2CD%2FW%20CodaBl%7C%2CA%2FW%2CG%2FW%2CF%2F%2CWFsi*Q%5BY%5DQyXFl%3Eb%2Cppsla%20.SeniF%3CW%2FD%2Cp%2FW%20Fl%7C%2CG%2FW%2CA%2FW%20sFZLA%2FW%20G%2F7Cl%7CpCLZfF%2CF%2FbB%3EXyQZ%20%3DPop-Country%3D208%3D1
b6c18e6f-ae86-44a7-8e5e-b1a0a3af6a3e,irealb://Pretencioso%3DPixinguinha%3D%3DLatin%3DD-%3D%3D1r34LbKcu7L-Al%2C4sD-%2C%2C-DsZL%2C-D%207Al%7CB%2C/6-G%2CB/7E%2CC/-DB-7b54TA*%7B%3C%207AZ7LZsGEZL-G%20%2C7Dl%7C%2CbE6/-C%2CE/7A%2CF/-G%2C-b%20D-LD%20bEZ7CsZLD-%20%7D%7BhbA%2CA/FsZLF%207C%7Cl%2CB/7G%2C-Gs%207DB*%2ClG-7%3EeniFA%2CbBs%2ClF/A7C%2CbD/6-bBsZL7G-l%2C7D%2CbE/6-CsZL%2ClFLZbB/C%2C%2CB/6-/A%2CD-E%2CC/-D%2C-Ds44TA%5B*%7D%20Fl%2C7C%2C7-G%7C%2C77/B%2CGFs%2Chb/6-C%2CD-%2CLZF/-G%2C-GsZL7D%20bZEL-Al%2C5b7-B%2C-Ds%2CA7/E%207Al%7CZLA%20DD7%2C%20GAZL7-E%20DlC*%7B%5D%20-%2CD%207AZL-D%20bEZL-7%20DLZl%7C%2CbEE%3EeniLZD%20E.C.D%3C%7C%2C7B%2CDs%20%2ClG%7C%2C7D%2CDs%207AZL7-%20al%20F7A%207E-7%2CA7%2ClD%20%7D%20%3DLatin-Brazil:%20Bossa%20Acoustic%3D80%3D3
b6a3ea25-e7d7-4a44-b0dc-ce8d6b71ba12,irealb://El%20Caborojeno%3DMintzer%20Bob%3D%3DRhumba%3DD-%3D%3D1r34LbKcu7%7B%7D%20%20x-XyQK%20ZL%20lcKQyX-D%7CQXy5%237AZL%20x%20ZL%20lcx%20LZ%20D44T%7ByX-D%7Cx%3ED-XG%7CQyX-D%7CQyX31GQ%7CyX-D%7CQyX31G%7CQy13XyQ466*%3C%7CQyX-5XyQ%7D31G%7CQyX-D%7CQyX3G1%7CQyX-D%3Ex846*%3C%7BXyQ%7CD%237A%7CQG13XyQ%7CD-XyQ%7CG13XyQ%7DXyQXyQXyQXyQXyQ%3CFine%3E%20%3DLatin-Brazil:%20Samba%3D200%3D3
b6a16b3b-21b8-4841-a246-1795bfd12d8c,irealb://Solo%20Tu%20Amor%3DBlest%3D%3DRock%3DD-%3D%3D1r34LbKcu7%3E4X278%3C*30X%3Ee%20fd%20d%20dd03*%7C%3CQyX%3E%20a%20cd%20d%20ddyQ%7D%3C*6Ti*%7ByXC%7CQ%20%20c%20%20%7DQyXCZLF%20bB%7CQy%2CX-D%7CQyX%2C-DA*%7B%20%3E%7CBbXy33*%3C%20%7CQyX%2C%2C%20A-LXC%7CQyXbB%7CQyXbBF%3EAbBAbBbBA66*%3CZyQ%7CD--D%7C%5DQZLC%20FyQ%7B*B%2C-DZLC%20FZLbB%20%2CD-ZL%2CC%20FZL%2C-D%20bB%20BbLZX%2CE/CC%7CQyXb%2CLZFyX%2CF%7CQyXbB%3E%20evuaS%20%2047*%3CC*%7B%7D%20C%20Q%7CD-%2CB%20%2C-DiF%20/%20b%2CXyQ7*%3C%20%20%2CC%7CQyX%2CCZ%2CLbB%20%2C-DZL%2CC%20%2CF%7C2To%20BB%7CQyXnal%20Intro%3E%20%7D%20%3DPop-Rock%3D115%3D1
b6d05084-8fed-43c6-af4d-946a02c69731,irealb://Esquinas%20(live%20version)%3DDjavan%3D%3DR'n'B%3DC-%3D3%3D1r34LbKcu7yX%5Dp%2C44%3C*7G%2FbEns%3E)sht61%20ngiws(%2084%20mpb%20%204%2CDb%2FGTi*%5BYZL31GyQXyQ7G%7CQyX9%5EbA%7CQyX11-G%7CQyX9-ClA*%5BY%239%235%20XQyXQ11-G%7CyQ%7CG--CZL5%239b7G%20sus13G%7CQyX%5EbA%7CQyX1111XyQX11-C27*%3C%7C-9%2CEb-CA*%5B%5D%205%239b7G%20%2FGbA%7CQyX%5EbAl%7C%2C3111XyQbBs%20%2C5%239%237%2FXyQ%2F9%5EbAl%7C%2C7bE%2C7-bsB%20%2C11-G%3E%E2%99%AAQyX%E2%99%AA%20%20XyQ%7CGQyX%2F%201-G%7CQZC-9XCSZL31G%205%237G%7CQXy%5EbA%7CQyX11-G%7CQy-11XyL31G%20bE%2FW%20b-69%2C%5BY%5D%205%239%237G%209%233G1%7CQyX9%5EbAl%7C%2C9bE*BF-9Bs%20%2C1%20%20%2FQy%20G7%239%2F%2027*%3C%7CQyX11-C*A%5BY%20%20QyXQyX%5D%205%23XyQ%2FX9hDZL-FB*%5B%3EG-11G%205%239%237G%7CQyX9%5EAbl%7C%2C7bE%2C7-bBs%20%2C13%20%5DY%E2%99%AAQyX%E2%99%AA%2ChD%3EeEbLZDa%20.S.D%20%3CZLbE%2FW1%201-FZL11%239b7G%20hl%20Fin%2FW%2011%20%2CsG7%239%235%2CfG7b9%2311%2C%5DY%5BflnXyQ%7CfUF13%2311XyQZ%20%3DPop-Smooth%3D48%3D1
b67ad145-9cb9-403f-b802-d26beb627328,irealb://Farewell%2C%20The%3DJones%20Thad%3D%3DShuffle%3DG%3D%3D1r34LbKcu7%2FG%7C%2CoZxLZGL7G%7C%2C7bA%2Csus7GLZ7GZLxZLxZLsus7ZC%2CC%23L%2C7G%5B%5D%20oD%7C%7CF%23h%2CA%2C7A%7C%2C7bB%2CC%7C%2C7%2CG-D%7C%2C-bE%2C-E%7C%2C7B7alt%2C%2C-E%2CD%7C%2Co%23CxLZxL1G%2C-D%7C%2C-bE%2C7GZ-LDZL7G%7C%2Csus7GpZ3%2C%7CC%2CZL7G%5B%2CobB%2C-%2C%7CF%23BZL7C%7C%2C7G%2CD%2FG%7Co%2C%23C%2C-E%7C%2Ctla7B%2Ch7LZE7E%2CD%2FGDpZL%2CE7%2C%7CAla7D%2C5%239A%7C%2C5%239%2CE5%239B%7C%2C5%239C%2C5%239t%5D%5BG7%2CD%2FG%7CB%2Ch%23FLZpD-D%2FG%7C%2Co%23C%2C7CZLxLZ%2C7GZL-DZL%2C7G%7C%2C%2CE-%2C%7C7G%7C%2C-r%20%7C-D%2CEb-%2C%7C%5D%207D%7C%2C7A%2Csus7%7CA%2C7bB%2CC%7C%2C7G%2C-D%7CG7LZp-E%7C%2C7%7C%2C7B%2C7LZpD-E%2CD%2FG%7C%2Co%23C%2CC%7C7%2CG%2C7D%7C%2C7A%2C-G%7C%2C-%2C%7CF%23-GZL%20%7C5%239C%2Co%2C%7CG%2F%2C7E%2CD%2FG%7C%2CobB%2C7ZEL7BZL%2C7C%7C%2C7G%2CD%7CA9%235%23C%2C-E%2C%7CB9%235%2CE9%235%2C%7CA9%235%2CD7alt%5D%20%3DJazz-Up%20Tempo%20Swing%3D192%3D1
b613cc95-93a3-4d19-aea3-3cb854376a27,irealb://Saints%20In%20D%2C%20The=Composer%20Unknown==Bluegrass=D==1r34LbKcu7%7CQyXDXyQ%7CDA%7CQyXA%7CQyXD%7CQyDX%7CQyXD%7CQyXD%7CQyXXyQ%5D%7CD44T%5BDXyQ%7CGXyQ%7CGXyQ%5D%5BDXyQ%7CAXyQ%7CDXyQ%7CDXyQ%5D%20=Jazz%2DSecond%20Line=160=4
b67f023c-b746-4a3c-abe5-5bfe3517fdfe,irealb://Georgie%20Boy%3DL%20Jack%3D%3DRock%20Pop%3DDb%3D%3D1r34LbKcu7LxZLb8%3C*12llA80*%3C%7B%20xZLbGLZxZLbD%3Ecitsuoca%20in%3ED6Ti*%7CGZLxZx%20%7D%7B*xZLbGZLxZLbDZLZxLbGZLxZLbD86TALZDbLZLbGZQyXZLZDbLZZLxZL*m*bEZLxZbLGZLxZL*m*bEZLxGbLZxLxZLbZLbAZChoruxZLbGZLbAZLbDZxLZLbGZLbAZLbD%3EsLZDbL%3CB*ZLDZLxZLZAbLbAZLbD2N%7D%20xZLb1GNZLbAZLbDZLbGZLZGbLxZLbGLbDB*LZGbLLbDZLbGZLbAZLxLZbGZLbAZLbDZLxZZAb%20%7BbAZLbbGZLbGbLZxZLbAZLbGZLbAQZxLZLbGZLbAZLbD%7D%20GbLZAZLbAZLZDbLZxLZxLZx%20%7C%20%3DPop-Rock%3D90%3D1
b61aae7a-0f2f-41c1-a16f-d7e9e8c1b17f,irealb://Goon%20Squad=Costello%20Elvis==Moderate%20Rock=E%2D==1r34LbKcu7sb%20es2E%2DXyr3%28%3CSA%2A%7B%7DQyX9dad%2DEZL%20x%20ZL%20lcKQd%20ver1Ti%2A%7BL%2DE%20Ar%2E%20onE%20%23F%2FDZL%2DE%20D%7CQXy%2DE%3E%29srab%207%20%2Cyl%2DLZD%2Fd%20%2B%20%2E%23F%2FD%20Q%7CD%20EAZL%23F%2FD%20GB%2A%5B%5D%20ZxLAZL%2DE%20%23F%2FDZL%2DXyQ%7CGyX%2DEZZL%20%2DEQ%7CG%20DsurohC%28%3CC%2A%5B%20Qy%5DX%20%20lcKQyXAZL%23F%2F%29%3EsnlyXAZLD86TZZC%20GLL%2DE%20DZL%20%2DElns%7CyQXG21T%7CQyXD86TZZC%20GLL%2DE%20DN%7DQyX12GXyEZL%20lcKQyX%2DE%7CQXy%2DE1NZL%2CQ%2C%20lcKQ%2Dadd9T%7CQyX%2CQ%2C%7B%20Q%7CE%2DXyX9dda%2DE%3EadoC%20al%20%2ES%2ED%3CZL%20lcKQyQ%5DXyQyX%2DE2%3CCoda%3EE%2DXyQKcl%20LZ%20x%20LZE%2Dadd9%20%20%3C3x%3E%20%7D%20=Pop%2DRock%2012%2F8=130=0
b60a5edf-71c2-4d1f-b4d1-6c0c941416a7,irealb://I%20Keep%20Going%20Back%20to%20Joe%27s%2DRev%20JE=Marvin%20Fisher%20and%20Jack%20Segal==Ballad%20Double%2DTime%20Feel=C==1r34LbKcu731bB%204C%5E%20DC%20%5ECl%7C%2C%5EbD%2ChDs%5E%20bAZL9bE%209DZL9b9LZF%5E4TA%2A%7BXQyX%7D%20sA%2D7D%2CobE%2C7%2DEs1NZLb97B%20h%23Fl%7C%2CG%2F7C%2C%2D7%2CG77%2DEZL%20%5EEZLXyQ%5BNh%23FZL7%2DE%20%5EFZL7E%2D%20%5EFB%2A%5B%5DQyX%5EEl2%20B7b9QyXQyZL9C%20G7%2C%5D%5B%5EbD%2ChDs%20%5EbAZL9Eb%209DZL9bD%20%5EClA%2A%2C%7ClC%5E%2C7%2DDsClQ%5B%5D13LZE%2DD%2CobE%2C%5EC%7C%2C31G%2CQ7%2DDs%209DZL9A%207%2D7%2CG7%2CbB%20%5EF%5E%20Db9LZD9%20sD7%28D7alt%29Db7%28Db7alt%29%7CU%3CFINE%3ElC7altXyQZ%7C%20==0=0
b6bd4004-91e3-49b3-b2e9-fbc6452a41ae,irealb://Moonlight%20Serenade%20%28DGM%29%20001=Miller%2DParish==Ballad=F==1r34LbKcu7X%2C7%2DG4n%20C77obA%7CQyX6F%2CS%2CA%7B%2AQyXQyXQyXQyX%5D%20%2CXyQ%7C4Ti%2A%7BG%2CF%7C%2C%2C%20C%2BL7Ds%7CQyX%2CbE%2F5b7A%2D%7CQyXE%2FF%7CQyX%2CFZ%2CppG%2D7C%7CQyyX%7D7C%2C%7CG%2D%2C9b7D%2CF%3EeniF%3C1NZUL%2BC%207C%7C%2C%2DGp%2CoG%2CG%2D7%2C%2DDp%2CoAZL7AyQXyQ%7CQyX%2C%2DbB%7CQyX%2CbBB%2A%5B%5D%207F%20%2CFl2N%7CYE%2D7%2C%20XQyXQ7%2DGZL%20D7b95b7%2DAZL7E%20%2C5b7B%2DZL7E%20%2C5b7%2DBZL%2C%2C%20D7%2C%2C5b7%2D%2C%20C7b9%2C%3CD%2ES%2E%20al%20Fine%3E%20Z%20==76=1
b602de1e-a91e-470e-bce4-882a88ac4f35,irealb://I%20Concentrate%20On%20You%20%28DGM%29%20040=Porter%20Cole==Up%20Tempo%20Swing=Eb==1r34LbKcu7%2C7%23F%20b%5E7Xy%7CQyX9%2DbEZL%20lcKyQX11%237bAZL%20lcKQC%23%2D7%2CE44T%7BZL%2C7%23yQ%7CB6%23C%7CQyX9%2DbE%7CQyXb7B%7CQyX7%2DF1N%7CQyX%2D7%2C%20FX6BZLsbGZL1%2CXyQ7%2DbA2N%7C%7DQyX6bAQ%7CyX%2C6bE%7CQyX7bB%7CLZDb91%237bBL7%5EbAb%2CLZEZL%2C6bA%20%2C6bE%7CQy7XbBZL%2C9%237FZL7%2DbEb6%20%5BG%20%2Csu%5EbE%7CQ%2C%20Db7BZL7%2DFZL%2C7%2DbEZ%2CL7%5EbG%20%2CsusbGZL%2Cb7%2CXy7%2DbAZ7%2DbEZEb%5E7%20%20susbGZL7bD%207%2DAb%7CQyX7%5EbA%5B%5D%207bEGb%5E7L%7CQyX7sus7CLZF7XZL11%237bA%7CQyX6b%5BE%5D%207bBZL7%5EbB%7CQyG%2D7LZ7%2DCZLbD%2F7b11LZFb7C%20sus7CZL7GZ7LbA%20sus7bBZL%2C7%2D9%20%5D%5BE%237bG%20L6bE%7C7%235XybB%7CQyX11%237BZL9%20Fsus7F%7CQyX9%2DF%7CQ7%2CXyQC%7CQyXZU%3CFine%3Ex%20Z%20==150=1
b6076a05-58f0-4760-a4e3-b9752d3d19a7,irealb://I%27ve%20Got%20You%20Under%20My%20Skin%20%28DGM%29%20225=Porter%20Cole==Medium%20Swing=Eb==1r34LbKcu7L9b7C4n%20C7EZL7bBZL7%2DFA%2A%5ByQXQyXQyXQyX%5D%209bb%5E7LZ4Ti%2A%5BFl%7C%2CoZBb7LGsZL7%5EbEZL7bBZ7L%2DFZL7%2DCZL7%5EbEZ%2D7%2CGbL7%2DFZ5b7%2DFb7LZEZL7%5EbEZL7bBZL7F%2DB%2A%5B%5D%20%2C6bEZL7%5EbEb6LZBZL7%2DA%2C7%2DAb9LZs%5EC%2CC%2FBsZL7GZL7D%2DZL6bEl%7C%2C7%5EbE%2CD7%2FB%2C%7C7bBZLZLbE%2F%7ClF%2D7bE%2F7%2DFC%2A%5B%5D%206bELZ7%5EbEZLsus7bBZLLZBb7%2CG%2F7%2DFsD%2A%5BZEb7L%237bG%20%2C7%5EbElZLb%2FE6%2DbAZLbE%2F7%5EbAZ11%2C%20%5DL7%5EbE7obG%2Cb9%2C%7CssZL7%2DGl%7C%2CbA%2F7b%2CBbAs%7C%2CbB%2F7%2DC%2C%2DCC%2D7%2FG7G%2C7%2D%5EbEl%7CLZBb76%2DbAsZLbAl%7C%2C7b%2CE7%2DbBsZL%2C7%5EbEZL%2CDb9%2C7%2DF%7C%2C7%2CLZsDb7%2311%2CC7b9%2C%7CF%2D7LZBb7b9LZEb%5E7LZEb%5E7%2CU%20Z%20==132=1
b64c3760-4fda-41bb-944b-07218d978d9d,irealb://It%27s%20Delovely%20%28DGM%29%20307=Porter%20Cole==Medium%20Swing=F==1r34LbKcu7F%7CQyX4n%20C7yX6F%7CQyX%2BF%7CQyX%5BFQyXQyXQyXQyX%5D%20Q%7CF%5E74Ti%2A%5B7%2DG%7CQ%23o7Xy%7CQyXG%2FbE%7CQyX%2DG%5D%5BQyX7C%7CQyX7%2DG%7CQG%2D6XyF%7CQyXbBs%7CQ%2DXyQ%7CQyX7%2DC%5B%5D%207C%207%2D%7CGQyXA%2FF%7CQyX7o%23G%7CF7XyG%7CQyX7C%7CQy7%2CC%23%2DQyX9bE%7CQyX7%2DbBLZ7%5EbB%20%2CD%2FbBl%7C%2C7%7CG%2D7X%2DC%207%5E%7CQyX1XyQ%7CF%7CQyXE%2FF%7CQyXF%7CQXy7%5EF%7CQyX6F%7CQyX%2BEb7%231F%5BQyXD7b9XyQ%7CDb7%2311XyQ%7CC7sus%20C7LZF6XyQ%7CU%3CFine%3EF6XyQZ%20==152=1
b6095013-7a5a-46d8-8699-582c08f0341e,irealb://Sweet%20Georgia%20Brown%20%28DGM%29%20351=Bernie%2DPinkard%2DCasey==Up%20Tempo%20Swing=Ab==1r34LbKcu7NZL%20x4F7Xy%20ZL%20lcKQyX7bBZ%20Lx%20ZL%20x%20ZL%20lcKQx%20LZ%204TA%2A%7B7%2DG%7CQyQKclZL7bE%207%2DbB%7CQyXb6AZL%20x%20ZL%20x%20ZL%20Ab6XyX7bE1AZL7C%7CN2BbG%7CQyX%2DFZL7C%205b%2D7G%7CQyX%2DF%5B%5D%207C%207%2D7b5%20%7D%207C%20b7%20G7LZGb7%20F7LZBb7%20Eb7LZAb6XyQZ%20=Jazz%2DTrad%20Jazz=200=1
b6f512ff-4c4c-4ff1-bcd6-f9c5cfc3f311,irealb://Falling%20In%20Love%20Again%20%28DGM%29%20409=Hollander%20Frederick==Waltz=Eb==1r34LbKcu79b7bBb%20Eb7%2DFZL9b7C%207%2DG%7CQXy6%2DbA%7CQyX7%5EbAZL7XyQ%7CE43T%7BlcKQyb6XyQL%20lcKQyX7G%7C%7D%207Bb%207%2DF%3EeniF%3C%2CU%2C%7CZC%2D9XE%7CQyX%20LZF7XyQKcl%20LZF%2D7XyQ%7CBb7%20%20%3CD%2EC%2E%20al%20Fine%3E%20%5D%20=Jazz%2DGuitar%20Trio=104=1
b65df9f9-b80b-495f-9311-3bded67553c9,irealb://Beer%20Barrel%20Polka%20%28DGM%29%20431=Brown%2DTimm==Polka%202%2DFeel=C==1r34LbKcu7GZLxZ4n%20G7%3EesreV47%2A%3C44TA%7B%2AQyXQyXQyXQyX%5D%20CLZxL4Ti%2A%5B%20ZL7GG7LZxB%2A%7B%5D%20CZLxZLxZLG72N%7C%7D%20CZL5%237GZLD%2D7LZ1NZL7%2DDs1NCLZxLxZL7GZL7%2DDZL7G%5Bl%5D%2CobE%2CE%2FCsZLxZLZxLZZL%20%7CrC%2A%7B%5D%20%7ClCLZLxZLF%5B%20%20%5D%20xZLC%7Cl%2C7G%2C7%2DDs2N%7C%7D%20xZxLZx%2C7G%2C7ZLxZL%2A66Ch%5B%5D%20xZL7CZLx1NZxLZLxZLxZLx%3EsuroC7LZx%3CZLFSGZL7DZxLZFZL7oBZL6bB%5B%5D%20xLZbBZL7F2N%5B%7D%20xZLF%2FCLZLxZLxCsZL%2CLZFLZZLCZL%2DDZL7AZL%2DZDL%2DD%5B%5D%20F%3EeniF%3CUxLZG77CZL7S%2ED%3C%20ZlC7X%7C%2CoB%2CbB%2FC%2CA%2FF%2C%2FG7CsZLF%20E%2F7C%7CQylC7%2C%20LC%2CG%2C%2E%20al%20Fine%3E%20%5D%20=Pop%2DCountry=182=1
b6b6a382-fc07-4997-855b-71ac934549d8,irealb://Wedding%20March%20%28Recessional%29%20%28DGM%29%20463=Mendelssohn%20Felix==Medium%20Swing=F==1r34LbKcu77C%20FZ%2D6%20E7AZL7E%20%2DD%7CQyXFZ%2CL7C%20FZL%2C%2DG%20%2DAZL%2D%20G%2DLD44T%5BGpp%7CQ%2C%3CFinQyXFZLQyX%7CrQyXQ%7CyX7C%7CQyXF%5B%5D%20%3Ee%7CBbXy%20%20FZL7LZC7%20%20%3CD%2EC%2E%20al%20Fine%3E%20%5D%20=Jazz%2DBallad%20Melodic=132=1
b6e54c7c-300c-422e-a4e5-0494e4245a85,irealb://Night%20Has%20A%20Thousand%20Eyes%20%28DGM%29%20638%2C%20The=Berner%2DBrainin%20%28a%20la%20John%20Coltrane%29==Latin=G==1r34LbKcu77DZL%204n%20D7XD%2F7%5EG44TSA%2A%7BQXyQyXQyXQyX%5D%20susyQKcl4Ti%2A%5BQyX7%2DQKcl%20X7D1N%7CQyXsus7DLZ%20lcKQyXD%2F7%5EGZLyQ%5D%5BDyXsussus7DQ%7CC%5E7%2FG%7CQyXsus7D%7CQyDX%2F7%5EG%7CQyX7F%7CQyXDXyQ%7CyX7G%7CB%7CQyXyQXyQX7%2DCB%2A%5B%5D%20%3EeniFU%3C%20%207%5EG2N%7CQyXQyXyQ%7CF7X%7DQyX7D%7CQyQKcl%20%5D%20%20lcKQyX7%5EbA%7CyQX7bE%7CQyX7%2DbBZL%5BA%2D7XyX7%5Eb7D%7CQyQ%7CG%5E7G%7CQyXsus7D%7CQyX%2FD7%5EG%7CQyX7%2DE%7CQyX%5E7%2FDXyXsussus%20%20%3CD%2ES%2E%20al%202nd%20End%2E%3E%20Z%20==198=1
b6e78f75-94ef-4e6f-8807-b8ca1309369f,irealb://I%20Need%20You%20Now%3DDuke%20George%3D%3DSoul%20Ballad%3DE%3D%3D1r34LbKcu7yX11-44%3C*7X9%5EE%7CQyXE%2F7-A%7CyQX9%5EE%3E86%20mpb%20%204yQ%7CC%23TA*%5BYQyXsuXyQ%7CFQyX%5EbB%7CQyX9%5EF%7CyQXsus9D%7CQyX11-%23%7CBb9s9%5EA%7CQb7Dp%2CsXyQ%7CbEsZL9b7F%20sus9%7CFQyX9-C%7CQyX11-A13susus9C%7Cs%7CQyXQD9%231QyX9%5EE%7CQyX9%5EbA%5D%5BQyXsus31bDl%7C%2C1%7CAb%5E9%2C11%239%7CQyXs%2CE-11l%7C%2C11%239%5EFpp%2Csu3s1G%7C%2C11-B%2C11-G%2CE13su11-bDQyX15%E2%99%AA%20%E2%99%AC%20%20QyX15*%3C%20%3E%EF%B8%B615*%3Cuss31G%3E%E2%99%AB%20%E2%99%A9%20%20%E2%95%92%E2%99%AA%20%E2%95%92%EF%B8%B6%3E%20%3C*%2096*%3C%2F%5EbAsE13suA%3E.%E2%99%A9QyX%E2%99%AAQyX%2F%20%20yQX%2F%20%2096*%3C%5B%5DQyXsb%2FD%2CpZL%3E%EF%B8%B6%2045*%3CC%2C%7ClG9%20QyX%2FQyX%E2%99%AA%20QyX.%20%E2%99%A9%2027*%3C%7BQyXbD%2F5%23%20%2F%3ED%2FD%2FG%2CD%20A%2FC%20%20CLZ%3C45*%3CA%2FD%3E%2F%20%20QyXQ%2FyX%E2%99%AA%20QyX.%E2%99%A9%20%2027*XyQ%EF%B8%B6%3E%3E%EF%B8%B6QyXD%20sus74%20%20(%20%3Ex436*%3CA%2FC%20A%2FZDLC%20C%2FD%3E).rtsni%7DEb13*%3C%7BY%7DQyX9%5E1LZsD%2Csus31bG%2Csus31%2CDsus31bE%2Csus31b%5D%5BlAb1%239%237-B%2C11yQ%7CAb-E%2C11-bDs%3EadoCl%20a%20.C.D%20%3C%7CQyX9%5E11%2CG-X9%5EE%7C%5EE%7CQy%5BQDb1l%5D%2Csus31bG%2Csus13E%2Csus31bE%2Csus3Ab%5E9XY%5D%2C111%23Fs%3EAb%5E9X7*%3Cppp%7CQyX31%5EBo%3Ertuo%20%2096*%3C%7B%5DQy2%E1%AE%BA%20%E2%99%AA.%7CQyX93sus%7CXyQr%7C%3CXyQ%20%20vamp%20out%3EXyQ%3C*634x%3E%20%7D%20%3DBlues-Funky%3D68%3D1
b631d2fa-fe84-4b6f-bfba-61501b811211,irealb://I'll%20Take%20Care%20Of%20You%3DBenton%3D%3DBlues%3DG-%3D10%3D1r34LbKcu7-G%7CQy8G-XyG%7CQyX-Gv*%7B%5DQyXG-%7CQyX-G%7CQyX-G%7CQ-%2FGbX6Ti*%5BQyX-GQ%7CG-%2FG%7CQyX-G%7CQyX-G%7CyQX-C%7CQyX-C%7CQyXE-XyQ%7CyX%2CF%2F%2F-C%7CQQ%7CD7X*%5B%7DQyXnZL%20n%2C-GQ%7CyX-C%7CQyX%2C-G%7CQyBC-XyyX7D%7CyX-C%7CC-%2FBb%7CQyX-G%7CQyX-G%7CQXy-G%7CQyXA%2F-C%7CQyXG-XyQ%7CQyXBQ%7CC-XyQ%7CC-XyQ%7CC-XyQ%7CD7XyQ%7CD%237XyQ%7CD7%2Cn%20LZnXyQ%5D%20%3DJazz-Medium%20Swing%3D120%3D3
b604ae97-7c7d-4c76-82cf-6008ff7f3cc9,irealb://I'm%20Dreaming%20Of%20A%20White%20Christmas%20Alt%3DBerlin%20Irving%3D%3DMedium%20Swing%3DBb%3D%3D1r34LbKcu77A%207F4Bb%5E7-CZL%207F%2C7E%7CQyX-7Cl%7CQyX6bBl%7CQyX7XyQ%7C4TA*%7BZL7bB-7%20G7QyX7%5EbBlB*%5B%5D%2C7%2CFsus7Fs%207-CZL5%23%7CF-7%20DZL9b/-C%2CbyQ%7CEbD/-C%2C-Cs%7CQyX7GQ%7CyX7-DZL31bA%207-%2CC-/EX7%5EbElZL%2C9/F%2CF76bBl%7CQyX7%5EbBA*%5D%5B%2CA/W%2CbA/7Fl%2CG/%20lG7b7F%7C%2CEus7FsQ%7CE7%2CL5%237G%207-DZL9b7%20A7F%7CQyX7-CZL%207FZC-7%20yX7-C9b7G%20%5D%5B*ClyX9bA%7CQyX7%5EbEZ7LbB%207-F%7CQyX7%5EbBQ%7CD-7%2C7F%2CsQyX%7Cr%20F7b9QyX%7CrQyX%7C%7D%207F%20-7CZL9b7G%207%5EbBZLLZXyQ7-CZLLZUBb%5E13XyQZ%20%3DJazz-Medium%20Swing%3D100%3D1
b6b38c84-7629-4c6a-afde-b45244456917,irealb://Interplay%3DEvans%20Bill%3D%3DMedium%20Swing%3DF-%3D%3D1r34LbKcu7L%20lcK-6XyQbBZL9b7Fpp%7CQyX6%2C-FZL7-bB%20%2C6-F%7C-7XyQF44T%5B%207%5EbGyQ%7CAbZL7hD%206-F%7CQyX97bC%7CQyX7hG%7CQyX%2C7Db%5E7%20X6-FZZ%20%3DJazz-Medium%20Swing%3D150%3D3
b68008d5-c69b-4ec2-bde7-5421d00e038d,irealb://Irene%3Dveloso%20Caetano%3D%3DMedium%20Swing%3DF%3D%3D1r34LbKcu7yX7C%7C4FXyQ/C%7CQyXFA*S%7BY%7DQXyF%7CQyXbB%7CQyXbD%7CBbXyQ4Ti*%7ByX%7DQyQ%7CBbXX7C%7CQyXbB%7CQyX7%7CCQyXbB%7CQyX7C%7CQyyQ%7CFXyXF%7CQ%20QyX%7DBDbXyQyXbB%7CQyXbDZL%20%20xZLQ%20%20F%7CQyXbB%7CQ%7CFXyQ*%5BY%20QQyX7CXyQ%7CCB%7CQyX7C%7CQyXbB%7CyQX7C%7CQyXbB%7CQyX7bXyQ%7CFA*%5BYyXbB%7CQ%7CC7XZL%20lcKQyXF%7CQyXBb%7CQyXbD%7CQyXF%7CQyDbXyQyXbB%7CF%7CQyX%3CD.S.XbD%7CQyXFQ%7BY%20%20QXyQyXZ%20%3EadoC%20la%20yQ%7CBb%20%20F%7CQXyQ%7D%20%3D%3D0%3D0
b61fb6ae-c2ff-4340-a06e-43b4baa84d48,irealb://It%20Had%20Better%20Be%20Tonight%20%28Meglio%20Stasera%29=Mancini%2DMercer==Latin=D%2D==1r34LbKcu71NZL%2D4D%2DXyL%2DD%20o%23CA%2A%7BY%5D%20%20%20n%7CQyX7A%7CQyXhE%7CQZEo%20D4Ti%2A%5BB%2AS%7BY%2CD%2D%2C%7C%20ZLxZL%2DDlZLxZLEb2NZLQyX%7DQyX%2DDlr%7C%20%20%5DAs%20bEEl%7C%2CFLZG%2DLL%2DG1NZLxZL7DZLZxL%2DDZLxZL7AZLxZZsG%2D%2CxZL%2DDY%5D%20xZZA7LZ%2C%2BA%2C7%2DGsZL%2DDZLZxL%2DGl2NZLQyX%7D%20x%7ClD%2DLLxZL7bE2NZo%20D%2DLQyX%7DQyX%2DDl%7C%2C%2DDA%2Cs%20bE1NZL%2DD%20oEZXyQ%20L%23CA%2A%7BXyQKcl%20LZD%2DXyQKcl%20LZ%20x%20LZU%20x%20%3CD%2ES%2E%20al%20Fine%3E%20Z%20=Latin%2DBrazil%3A%20Samba=180=2
b687ed89-427d-43b4-9bad-b281a596f798,irealb://Jack%20Casady%20Walking%20Bass%3DMalte%3D%3DMedium%20Swing%3DF%3D5%3D1r34LbKcu7D%207-AQ%7CBb7F%7CQyXoB%7CQyX7bBQ%7CyX7F%7CQyX7F%7CQyX7XyQ%7CyX7F%5B7LZG-7XyQ%7CC7XyQ%7CF7%20D7LZG-7%20C7%20%5D%20%3DJazz-Up%20Tempo%20Swing%3D120%3D30
b635889d-fe0e-44dd-93bc-03c738d6048e,irealb://Just%20Friends%20%28Amy%29=Winehouse%20Amy==Reggae=A==1r34LbKcu7%5ED%7CQy7XyQ%7CQyX7E%7CQyX7%2DBA%2A%7D%7BQyXx%7CQyXx%7CQyXx%7CA%5E7X%5EAi%2A%7ByXQyXF%237Xy%20x%20ZLG2N%7C%7DQyXxQ%7CyX7%2DB1N%7CQyXx%7CQ%20%5DXyQ%7CQyX7A%2F7%5ED%3CAABA%5EA%7CQyX%296%2DD%28A%2F7D%5E%7CQyX7%5EA%3EBA%20%20BA7XyQ%7CB%2A%7B%20QXyQ%7D%20==0=0
b6d1496d-61d7-48ea-b278-91ac61be1ed0,irealb://Just%20Two%20Minor=DeMicco%20Mike==Medium%20Swing=C==1r34LbKcu7%2DD%7CQy4D%2D9XQyX9%2DD%7CQyX31G%7CyQX9%2DD%7CQyX31G%7CQy%7CG13X4TA%2A%7CDB%2A%7BYG13Xy11%2331G%7CQyX9%2DD%7CyQX9%2DbE%7CQyX9%2DF%7CQ%20%20Q%20%7D%7CQyX91G%7CQy%7CG13XQyX31G%7CQyX9%2DD%7CyQX31G%7CQyX9%2DD%7CQy%7CD%2D9XQyX9%2D%7BY%7DQyF%2D9XyadoC%20la%20%2EC%2ED%3C%7CyQX9%2DD%7CQyX9%2DbE%7CQ%3ED%2D9X%7CQyX3QF%2D9XyQ%7CEb%2D9XyQ%7CD%2D9XyQ%7CG13%2311XyQ%7D%20==140=1
b6e78ee2-c17b-432d-86fd-1b3485a2b1b3,irealb://KK%20Practice%20Cycle%208%20Bars%3DComposer%20Unknown%3D%3DFunk%20Rock%3DC%3D%3D1r34LbKcu7L%2CGZLLZCLZLGZLGZLGZLGZLGZ%5BLCZLCZLCZLCZLCZGLZGCZLC%5BLAZLADLZDLAZLAZLAZLAZLA%5BLZDZLDZLDZLDZLDZLZALZZLD%5BZLBZLBELZELBZLBZLBZLBZLB%5BLZEZLEZLEZLEZLEZLZBLZZLE%5BZL%23CZLZF%23LZCZL%23C%5BZL%23FZL%23FLZ%23FZL%23FZL%23FZL%23F%23LZC%23L%23F%5BZZL%23GZC%23LZC%23GZL%23GZL%23GZL%23GLZ%23GZL%23G%5BZL%23CZL%23LZG%23LZL%23CZZL%23AZD%23LZD%23AZL%23A%5BZL%23DZL%23ZDL%23DZL%23DZL%23DZL%23LZA%23LZL%23D%5BA%23LZA%23LZA%23LZA%23LZ%5BFLZFLZFLZFLZFLZFLZFLZF%20%5D%20%3DPop-Rock%3D80%3D1
b69ef377-09ef-4012-898b-ebd2d7a3777b,irealb://Limbo%20Jazz%3DEllington%20Duke%3D%3DLatin%3DAb%3D%3D1r34LbKcu7ZL%20lcyQLZEbEZL%20lcKQyX%2C6b%7CAQyXx%20%20%7C%7D%20QyX7b7XyQKX6bA%7BQyX7-QKcl%207F%205b7-Cs%7CQyX6AbZL%20lcKQyX6bAZLLZlBbyX7bE%7CGb7XyQ%7CAb6%20F7LZBb-%20Eb7LZAb6XyQ%7CEb7XyQZ%20%3D%3D180%3D3
b6ffe2ee-74c7-45e9-ab15-f82474937d1e,irealb://Liza%20Jane%20JR%3DReischman%20John%3D%3DBluegrass%3DD%3D%3D1r34LbKcu7DB*%7B%7D4DXyQLA%20D%7CQyXD%7CQyXDQ%7CyXG%7CQyXD%7CQyXD%7CZDXyQ4TA*%7BXyQ%7CDXyQ%7CDXyQ%7CGXyQ%7CG%20ALZDXyQ%7CD%20ALZDXyQ%7D%20%3DPop-Bluegrass%3D190%3D6
b65a53d1-7c65-4369-9354-cb19f93bf94c,irealb://Love%20Goes%20On%3DIglesia%3D%3DWorship%3DE%3D%3D1r34LbKcu7%3Ci*%7B%5D4%3C*69L-%23C%20A%7CQyXEZL-C%23%20A%3Esyek%20htnyS%20ZEXyQ4Ti*%5BF60*%3C-mi-d%3Elos-od-im-aF6*0%3CZL-%23C%20A%3Elos-oEXyQ%7CaF60*L-%23C%20do-soQyXE%3Elos-od-ima-F60*%3CZL-%23C%20A%3El%5D%5B*AA-im-aAB*%5B%5D%7CA%20C%23%7C%5D%20EZL-%23C%20AZLELZ-%23C%20A%7C%7CQyXEZL-ALZB%20QyXEZ*%7B%7DQy%20C%23-L%23C%20AZL-%23C%20BZLEA%20%7CQyXBZL-%23C%20%2CAZ-LZBXBZLE%204X%2096ZALZE%7D%20BZLEZLAZL-%23C4%3EX%2096*%3CC*%7B%7D%20BZL%7B*B%3C*L-%23Ci%23C%20A%3EZB%20C%23d-im-aF60*%3Ci*%7BQ%7DyXBZL-%23C%20%2CAZL-o-solLE%20A%3E*%3CZL-06Fa-los-od-im-aF60%3C*ZL%20E%3Elos-od-im%3EA%20C%23*%3CZL-06Fa-mi-do-sol%3EE%20%20%7DfA%20Z%20%3DJazz-Medium%20Swing%3D100%3D3
b6c9675b-e932-4ae1-8a2b-3759fe42342a,irealb://Love%20Hurts%3DBryant%20Boudleaux%3D%3DSlow%20Country%3DG%3D%3D1r34LbKcu7QyX-E4GXyQlA*%7B%5D%2C7D%2CFs%2CG%2C%7CGQyXG%7C%2CC%2CF%2CG%2CG%7CGXyQ%7C4Ti*%5BG%2C-Ds%7CD7Xy7B%20GY%7CQyX7D%7CQyCX%7CQyX-E%7CQyXGY%7CQLZE-%20QyXC%7CyXl%7D7XyQ%7CDG%2CG1N%7CQyXG%7C%2CC%2C%2CFG%2CG%7CQyXGY%7CQyX7%2CsF%2CDCl%7C%2C7ZL-E%20yQXyQE%207BZL-E%207B%7CQyCXB*%5BYY%5DQyX7G2N%7C-LZB7XQyXQD%7CQyXAXyQ%7CG%2C-Ds%20-EZL7B%20%2CCG*%5B%5D%20n%207D%7CQyX7A7%2C%7ClC%7CQyXAXyQ%5D%7B%3C*703x%3EGXyQ%7CG%2CG%2CF%2CC%2C%7CGXyQ%7CG%2CG%2CF%2CC%2C%7D%7CfGXyQZ%20%3DPop-Country%3D100%3D1
b6cea55f-8bb7-453d-bfbb-8926c126ec60,irealb://Maj%207%2C%20Major%20Bebop%20Scale%20Practice%20-%20R.%20Scher%3DExercise%3D%3DMedium%20Swing%3DC%3D0%3D1r34LbKcu7%2C7-GsXyQMax1NZL%20x%20ZL%20lcKyQX7%5ECl%2C%3E9%2F6%20%2C7j%20%7D%7CN206*%3C%7BX7%5EbB%2ClF%5E77F%2C7-Cs%2C2N%7C%7D%20xN1ZL%20x%20ZL%20lcKQyX%2C%5D%7B%2Cl%7B%5D%2C7Cx%20ZL%20%20LZ%20xX7%5EbEl%2C%7B%5D%2C7bB%2C-7Fs%2C2N%7C%7D%20x1NZL%20yQKcllcKQy%7C%7D%20x1x%20%7D%7CN%20ZL%20lcKQyX7%5EbA%2Cl%7B%5D%2C7bE%2C7-bBs%2C2x%20LZN1NZL%20%2C7-bAb-7%2CA%7D%20x1NZL%20x%20ZL%20lKcQyX7%5EbDl%2C%7B%5D%2C7b%7CN2%2CsEs%2C2NBl%2C%7B%5D%7B%2ClGb7-%23Cs%2C2N%7C%7D%20x1NLZ%20x%20ZL%20lcKQyX7%5E%2CF%237%2C%5D%2C7bDZL%20lcKcl%20L%5EEl%2C%7B%5D%2C7B%2C7-%23F%2Cs2N%7C%7D%20x1NZL%20x%20Z7XyQKQyX7%5EN%7C%7D%20xN1x%20%7Dx%20ZL%20lcKQyX7%5EA%2Cl%7B%5D%2C7E%2C7-Bs%2C2N%7C%20LZN1ZL%20x%20%7B%5D%2C7D7%2CA7%2C%2C2N%7C%7D%20x1NZL%20x%20LZ%20lcKQyX7%5EDl%2C%7B%5DsA-7%2C-Es%2C2%2ClG%5E7XyQKcl%20LZ%20x%20LZN1x%20%7D%7CN2%2CsD-7%2CG7%5D%20%3DJazz-Medium%20Swing%3D100%3D3
b64d27ca-aafe-47c2-a4d2-714bc4fef7c6,irealb://Martha's%20Prize%3DWalton%20Cedar%3D%3DMedium%20Swing%3DC%3D%3D1r34LbKcu7sus7bb7susn%7CQyXnZL%20n%20%7C%2C7-%5EC%2Csus7bB%2C7%5E-C%2CXyQ%7CBBsi*%7B%5EbEZL%2CBb7s7-FA*%7B%7DQyXn%7CQynXZL%20n%20%7C%2C7%5E-C%2Csu%20Bb137%5E-C%2Csus7bAb%5E%20GA%20%5EbAZLG%2FbE%207-ZFL%20n%2C7%5E-CZLtla7h7LZBZL7A%20BZL%5EBZEb%5E7L7-%23C%207%5E-CZL9bG7%207hDB*%5B%7DQyX11%23ZF%237%20L7%5EE%20B%207-Fb7b9L7%5EEZL7B%207-%23F%7CQXy7-CZL9b7G%20%5EbAZXyQ%5D%5BE%207-boA%20%5EbEb%5E7%20bE%207-FZL%20n%2C7%5E-ZCLtla7G%20%5EbAZL7A%2FGLZAZL31b7LZBb7sus%20E%5ELZEb%5E7%2311XyQ%5D%20%3D%3D0%3D0
b62e3fc1-182c-4e39-8cf9-7689cd4a0651,irealb://Swing%2048%3DReinhardt%20Django%3D%3DUp%20Tempo%20Swing%3DG-%3D%3D1r34LbKcu7n%3EX%3C%2C4G-6%20%20%3CZLbB/-G%206-GZ7LD%205b7-AZLbB/-G/%20%3ED74Ti*%7B-GZL%20X%3E%20%7DYX6-C%7CZLQyX%7CrQyZXL%20lcKQyX6-GA*%5ByQKcl%3C%20%3EX%3C6XyQKcl%20LZEb7XyQ%7CD7XyQ%7CG-6%20G-/BbLZA-7b5%20D7%20%5D%20%3D%3D0%3D0
b615c417-7f73-4442-837b-2ef3ad65c649,irealb://Rise%20up%3DComposer%20Unknown%3D%3DMedium%20Swing%3DA-%3D%3D1r34LbKcu7%5BA-%2CLZC%2CLZE-%2CLZE-%2FD%2C%20%5D%20%3D%3D0%3D0
b6f414ae-06a5-4c6c-88de-ee255e67c786,irealb://NG:%20I%20Will%20Go%3DNG%3D%3DShuffle%3DA-%3D%3D1r34LbKcu7yX-AZ4A-XyQyX-AA*%7B%7D%20E%20-DQ%7CyXC%7CQyX5b7-B%7CQ%7CF%20EL4Ti*%7ByX-DZ%20%7D%7CA-QyX-AB*%20QyXZLE-%20DZLF%20CZL5b7-B%20%7CF%20GLE%20F%7CQ%7CQyXbQ%7C*CA-AD*%7BZLE%20-D%7CQyCX%7CQyX5b7-B%7CQyX-XyQ%7CByXE%7CQG%20%20%3C4x%3E%20%7D%20%3D%3D0%3D0
b68f070f-e402-4180-bbd7-22c1cc0bfe5f,irealb://NG:%20Where%20Would%20We%20Be%3DNG%3D%3DRock%20Pop%3DA%3D%3D1r34LbKcu7%2CA%2CD%2Cm*%20G%2CB%7C%2CA%2CD%2CG%2C*m*BA%7C*QyXQyXQyXQyX%7CD*m*%2CG*Bi*%7CC*ZLQm*%2CA%20ZL%20A%2C*m*B%2C*m*ELZ*m*B%20DB*%7CQyXZLXyQXy*B%2CG%7CA%2C*m*LZG%2CD*EZLA%2C*m*B%2CGQZQLyXQyXZLA%2C*m*B%2Cm7*%2CBA%2CD%2CG%20%20%7C%20%3D%3D0%3D0
b6ceea39-9370-4ed1-bd75-99df707420ca,irealb://Never%20Is%20A%20Promise=Apple%20Fiona==Pop%20Ballad=A%2D==1r34LbKcu7G44TA4sA%2D%2C44T%5D%20p%2CCl42T%20%7Dp%20%2CC%2CF%2C%2DG%7C%2CC%2CF%2CGXyQ%5B%2A4Ti%2A%7BLF%20%2DGG%2D%20FL%2C7E%2CEsZL%2DDl%2C7EE%2CsZLF%20%2DGZLF%20%2DGZlD%2DLZZLF%20%2D%7D%20%3Ex3%20%5D%7BS%2A2dda%2ACs%2011%237%5EFLZ96Gl%20%2A2sus%2AAsB%2A%3C%2A68%2DD%20EZ%20%2DAZL2%2A%20lC%5B%5D%20Q%2C11%237%5EbDl4T4ZL11%2DDs42TZLE%2F%2ACC%20Fsus%2AFF%2C%2DG%7CFLZA%2DG%2C%2DA44TZL%2CG%2CF4T2ZL7%2DDs%207%5EFZLG%20%2CF%2CC%2C%20CZLGF%20%2DGZZA%2D%2CG44TD%2A%5B%20p%2CCl42TLZp%2CC%2CF%2C%2DG%7C%2CC%2CF%2CG%2D%20FLLp%2CC%2C%2FCl%20%2AFLZG%2DFsZL%2C%2DDl%2C7E%2CEsLZ%2C%2DDl%2C7E%2CEsZLF%20%2Asus2%20%2DGZLCQ%5BYY4sD%2D1doC%20la%20%2ES%2ED%3Cp%2011%237%5EbDl44TZLp%2C1a%3Epp%5D2TZLE17%2A%3C%7DlowerZLF%20C%7B%7C%2CF%2CG%20%2DALZF%20CZLG%20%2DAZLF%20%3EA%2D%20G%20S47%2A%3CbB%2CB%2Cly%3EF%5E%2CF%2CG%2C%2DAsZLf%2CG%20ZFLf%2CG%20%2DAZL7%2DD%207E%2D%2C%7CCwolS%207%2CA%2D%2CLZB%2FA%2CfA%2D%20Z=Jazz%2DBallad%20Even=0=1
b6e21e32-c1e2-42b2-8aa1-acf093268af4,irealb://No%20Greater%20Love%3DComposer%20Unknown%3D%3DMedium%20Swing%3DBb%3D%3D1r34LbKcu7QyX7-4C-7X*%5BZL9b7G%20susGZ9LbA%20bB%7CQyX7F%7CQyvT44C4Ti*%5BbB%7CQyQ%7CBb%20A%7CQyX7F%7CQyX7-CLZ9b7G%20susGZL9bAb/BbXyX7F%7C%287bB%205LZ%7B*ZLF/7-C%207-CZL97bG%207-D%7CQyX7%5EbECAb/Bb%237E%207E%5E7%29%20%7D%20%3D%3D0%3D0
b69f12ca-fce0-40f0-80d9-47100fd19524,irealb://O%20Que%20Sera%20%28ah%20Tu%20Verras%29%3DClaude%20Nougaro%20Chico%20Buarque%3D%3DBossa%3DC-%3D%3D1r34LbKcu7FZL7%5E%20C-%5E7ZL6-G%207-GZL7%5E-%20G-GZL6-C%20%2C7-CZLF-%20F--CA*%7B%20-GZL-6LZA-CZL7%5E-C%20-CZL97bG%205b7-D%7CQyX6-b7%20C-6F%20%2C7-b7G%205ZG-7%20QyX6-bAZL6-F%207F-ZL7%5E-F%20-FZL6-G%7CD-7bL7%5E-GF/7%5E-%20C-%5E7C%7CQyX-bA%7CQyX6-AbZLbB/7-C%207-CZL-/G%20C-CZL9%23LZF-7%20G7LZC-XyQ%7C%20G7%20%20%7D%20%3DLatin-Brazil:%20Bossa%20Electric%3D120%3D3
b6806edf-5f47-4a8e-ae7a-94c04759ea2b,irealb://Oh!%20By%20Jingo%3DVon%20Tilzer%2C%20Brown%20%281919%29%3D%3DMedium%20Swing%3DF%3D%3D1r34LbKcu7bEZL-*74VeZL-DZL%20%7Cr%20ZL%20%7C%20rZL7bEZL-Ds%3EesrxLZ%7CD%3C44T%5BCZL7G%7C%20LZ%20DZL7AZL%20%7Cr%20ZLFLZ7CZLxZL-DZL%20%7Cr-7%2CLZr%20ZL7ZL%20x%20%3C*74C7GZL%20lcKQyXFZLx%20%20ZL%2BC%20Fl%3Esuroh%20GoLZ%5BY%5D%207KQyX7Kcl%20LcKQyX7GZL7D%20F%7CyQXFZL%20lcKQyX7CZl%20LZCQyX7GZL%20lc%7CF%20C%2BAZL%20lcKQyXbB%7CQXy7F%7CQyXFZL%20x%20ZL7XyQKZL%20lcD-XyQKcl%20LZ%20x%20LZ%20x%20LZF%20F%23oLZC7XyQ%7CFXyQKcl%20%20%5D%20%3D%3D0%3D0
b6767f69-86e2-436d-aa12-bfc0a96f274c,irealb://Without%20You%20For%20An%20Inspiration%2C%20Dear%3DFreddie%20Fisher%20%28Schnickelfritz%29%201941%3D%3DMedium%20Swing%3DEb%3D%3D1r34LbKcu7bE1N%7CT44BbB%7CQyX7-F%7CQyX7CQ%7CyXbEZL%20lcKQyX7b7XyQ%2CA*%2C%7BXoA%7CQb%20Eo%20B*%2CZL7bE%20bEZLb%20AbE2NZL%20QyXQyX%7D%2CAbXyE%7CQyXyX7bBXyQKcLobB%207bB%7CQyX7FQ%7CyX7C%7CQyX-FZL%20lZ%2C*A%2CbE%7CQyQKcl%20LZEbXyQ%7CC7XyQ%7CF-7XyQ%7CBb7XyQ%7CEbXyQKcl%20%20%5D%20%3D%3D0%3D0
b69c014a-78c7-4b62-b716-7451c835d2c4,irealb://On%20A%20Clear%20Day%3DLane%20Burton%3D%3DMedium%20Swing%3DG%3D10%3D1r34LbKcu7yX7%5EG4%3CpiaKQyX11%237CZL%20lcQKyX7%5EG%3Eortni%20oncl%20LZ4TA*%5B-BZL%20LZB-7X11%237FZL%20lcKQy7X-A%7CQyX9b7E%7CQyXyQKcl%20lcKQG%7CQyXBbo7XyX7G%7CQyX7-DB*%5BQ%5DyX7D%7CQyX7-A%7CQyQ%7CD-7%7CQyX7X7-BZC%5E7XyQyX7%5EGC*%5B%5DQyX7%7CDQyX7-A%7CQyX7A%7CQKcl%20L%7CQyX7%20%3Aortb9XyQyX7D%7CQyX7-AZL7B-%207%5ECZL7-B%207-A%7CQ%7C%3Cou7E%7CQyfermata%3EG6XyQ%7CA-7%20D7%20Z%20%3DJazz-Bossa%20Nova%3D128%3D3
b6068e47-e9f5-43df-9eba-1b956bd008b1,irealb://One%20More%20Night=Collins%20Phil==Slow%20Rock%2D68%20Bpm%2DEbass%2DPiano%26Strings=Eb==1r34LbKcu7AZL%23D4%3C%2A74AZL%23D%2C%23A%2C%23As%3EsumrD%20emuloV%20woL%20%23%2CA%23%2C4TC%2A%5B%2C%23D%2C%23D%23LZA%7C%2C%23D%2C%23G%7C%2C%23D%2C%2DF%2C%7C%23D%2C%23GZL%23D%2C%23A%2C%23F%2DLZG%2C%23A%2C%23L%23D%2C%23%23%2C%7CG%23L%2C%23D%2C%23A%2C%23AZL%2C%23%2CD%23A%2C%23AZL%2DF%7C%2C%23D%2CZA%23%2CAD%2C%2DF%7CA%2C%23D%2C%23%2CA%23LD%2C%23A%2C%23AZL%2C%23D%2C%23%2CA%23AZL%2C%23D%2C%23A%2C%23AZ%23LZG%23D%2C%23GZ%7C%2C%23D%2C%23%2CD%23%2CD%2C%2DF%7C%2C%23D%2C%23GZL%2D%7CF%2C%23D%2C%23G%7C%2C%23D%2C%2DF%7C%23%2C%7CG%23GZL%2C%23A%2C%23AZ%23%2CA%23%2CD%2C%23GZL%23D%2C%23A%2C%23ALZ%2C%23D%2C%23A%2C%23AZL%2C%23D%23%2CA%23LAZL%2DFAZL%2C%23LZA%23%2C%23AZL%23A%2C%23D%2C%23GZLD%23%2C%23A%2C%23AZL%2C%23D%2C%23A%2CA%23%2CD%2C%23D%2C%23X%5B%5D%20pD%23%2CLZpZLpZL7%2DCZL%2C%23A%23%2CD%2C%23GZL%23D%2C%23A%2C%23ALZpLZ%2C%23A%2C%23L%2C%23A%2C%5B%2ACA%23ZL%23D%2C%23A%2C%23AZL%2C%23%2CD%23A%2C%23AZL%2C%23D%2C%23A%2CG%23%2CD%23QyXQyL%2DF%7C%2C%23%2C%7CF%2D%7C%2C%23D%2C%2DF%7C%2C%23D%2C%23GLZ%2DF%7C%2C%23D%2C%23G%7C%2C%23D%2CG%23%2CD%23D%2C%23GZZ%7B%2ACA%23%2CA%23%2CD%23%2CLZA%23%2CA%23%2CD%23%2CLZA%23%2CA%23%2CD%23LZ%3C6x%3EG%23%2CD%23%2CA%23%20%7D==68=0
b62d9520-3c44-4751-abc1-efd2673cc749,irealb://Our%20Love%3DJarreau%20Al%3D%3DBallad%3DC%3D%3D1r34LbKcu7bA%7CQy4C%5E7XQyX7-E%7CQyX7%5E-EQ%7CyX-E%7CQyX7-B%7CQy%7CE-6X2Ti*%5BZL%2CF%2Fus%2CLZ%7CQyX7-D%7CQyX7-AQ%7CyX7%5ECA*%7B%5DQyX7GG7%20G7s7G%206QyX7-Q%7CA-77%5ECZL%2CbB%2FbA%207%5EAbZL%2C7-G%207-F%7CQyXXyQ%7CAyX7-EX7%5EF%7CyQ%7CE7bB%7CQyX7-G%7CQyXxQ%7CyX7-AZL%2C7E%20sus%2FCXyQX7-D%7CQyXx%7CFXyQ%7CF%7CQyXx%7CQyX7-D%7CyQX9b7A%7CQyX5b7-E%2FGXyQ%2FG%7CQyQyX7-E-7XyX7%5EAZL%2CobA%20G%2FFQ%7CyX7-D%7CQyX7-A%7CQyQ%7CF%23B*S%7C%5D-E1N%7CyQ%7CD%2FG%7CQyXG%2FF%7CQyX7-%7CDQyX7-AZL%2C7oF%20E%2FFXyQX7%5ED%7C%5EbA%7C%2C-7LZF-FZL7-AZL%2C7-E2%7CN%7D%20n%3EeniF%3CZL%2CG%2F7%2CG-7AZL%2C77%2C%3CD.S.%20al%20Fine%3EAb%2FBbZ%20%3DPop-Slow%20Rock%3D70%3D1
b66df60c-2d88-49a1-bdd6-182cb9c5770b,irealb://Tell%20It%20To%20Me=Composer%20Unknown==Medium%20Swing=G=7=1r34LbKcu7%5BG%2C%7C%20G%7C%20C%2C%7CC%2C%7CD%2C%7CD%2C%7CG%2C%7CG%7C%20=Pop%2DBluegrass=200=30
b6babb81-f838-493b-8970-6c360584e6e9,irealb://Slipups=Charts%20Practice==Medium%20Swing=C==1r34LbKcu7C%207%2dGG7LZE7%2d%23FZL7bB%207%2dFZ7LA%207%2dEZL7bA%207%2db%20B7LZ%207%2dD%5b%2d%23CZL%2d7%20DbCZL7E%207%2dBZL7bE7%20%2dbBZL7D%207%2dAZL7%2d7%20F7bAZL77%20F%237%20%5d%20==0=0
b6ed673b-debd-43c6-8c7b-f262c8973443,irealb://Social%20Call%20(Benny%20Benack)%3DBenny%20Benack%20III%3D%3DMedium%20Swing%3DC%3D%3D1r34LbKcu7E%207-F4F-7b%5EbDZL7bA%207-bE%7CyQX7-bEZL9b7bB%2057XyQ%7C4TA*%5B7%5EbG%7Cb-7XyD%7CQyX7-bAB*%7C%7DQXy7%5EbDZL7D%207bE%7CQb7XyQEZL7oB%205b7l%20LZG%5D%207bA%207-bE%7CQyX%5E7E%7CQyX7B%7CQyX7-b%7C*CF-cKQyXbE%7CQyEb-7XZL7oE%207-F%7CQyX7b%5EDZL7bA%207-bE%7CQyEb-7XZL9b77%20D7LZDb%5E7%20Bb7LZ%7CEb-7%20Ab7LZDb%5E7XyQZ%20%3D%3D0%3D0
b64627ea-9f14-47d7-a3f9-7738e5a92893,irealb://Somewhere%20Over%20The%20Rainbow%20(Judy%20Garland)%3DHarold%20Arlen%20(Judy%20Garland)%3D%3DBallad%3DAb%3D8%3D1r34LbKcu7l%7C%2CbA44%3C*7bA%2F7-Fs%20%2CbA%3E)yelerf(%2075%20mpb%20%204%2CF-6%2FTA*%7BY%20bDl%7C%20sAb7-C%2C5%23-C%2C7-C%7C%2C7Db%2C%5EbD%2CbD%2C9%5EbD%7C%2C%2CAb7%2C%20%2C7-Cus9bEZAb%2FEbA1N%7C%2C7bE%2Csus9Ebs%20%2C7bBZL9b7F%20b%2CAb6%2CL6-bD%7C%2CbA%2C%7DXyQXbA%2CbAsB*%5BY%5DQyX6%2CbAl2N%7CQyXQyXQy6%2CAb%5E7bE%2CsAsZL%2CEb9%2FB%2Csus9bE%7CQyX6bA%7Cl%2C7bE%2CbE%2F7-bB%2Cb%20Eb13%2C7-bB7-bBs%2CAb%5E%2CF%207-Cl%7C%2C9b7G%2C97%23Gs%20%2CbA%2FhDl%7C%2CbA7b9LZ6bA%2Cb7-Cl%7CBb%2CBb-F%2CbA%2F7-Fs%20%2CbAAl*%5BY%5D%2C9bE%2CbE%2F7-6%2FAb%2C%2F9bE%2CB%20%5EbDb7%2C%7CDAs%2C-C%2C5%23-C%2C7-C%2C%7C9bD%2C%5EbD%2CbD%2C9%5Ebb7%2C%7ClAs%20%20%2Cni(47b%2FEb%20B*%5BYY%5D%20Q%20%20%2CbAZ%2CL7bE%20%2C7bBZL9b7FQAb%3C*AZLhbus9bE%3E%20sAbbAl%7C%2C7bE%2Csus9bsE%20%2C7-bBl%7C%2C6bA%2C%5E6XyQ%7C).rtsL7bE%2013LZ%3C%7C%2C6bA%2CbA%2C6bA%2C%5EAbs%3E)ni%20cov(%2017*lBb-7bEf%20sZEb9sus%20fEb7LZUfAb6XyQZ%20%3DJazz-Ballad%20Swing%3D57%3D1
b6ee0597-45f2-4c90-b819-f44e4058a6f2,irealb://Too%20Much%20Love%20Will%20Kill%20You%3DQueen%3D%3DSoft%20Rock%3DG%3D%3D1r34LbKcu7%20GZLC44G%20%20Y%5D%20D%20Cl%7C%2CG%2FDs%20G%20ZLD%20E%2FCl%7C%2CG%2FDs%7B*vG%20Ti*%5BY%3C%2011D%23%2C%7ClEusDZL-E%20-AZL-E-%20A%7CQyXCZLD%2F-B%20-s%20DLZF%2FDs%20%23C%20D%2Fly%3ED%20B%2FGZLD%20-EZLC%20GLZD%20-EZLC%20GC*%5BY%7D%20CLZGno%20t2yXC%7CQ%2FD%20D1niL%3CD*%5BY%20QyX%5D%20e%3EniF%20la%20.C.D%3C%2C1k%3EGXyGZL7h%7CQyXCXyQ%20%20B%20-E%7C%2C%23F%2FD%20%20GZCL%20G%3EoloS%20.rtG%3C%5B-%2FDLZQyX%5DQZLD%20-LZA-%20GZLD%20-EZLC%20GC*Y%5B%5D%20D%20C%7CQyXDZL-E%20CLZE-E%20-AZLD%20CLZG%2FD%3EadoC%3C%5BY%5DQyXD%2FC-%7CQyXD%2FGZL7h%23C%20GXyQ%7CC%20B%2FGGXyQ%7CC%20fG%2FB%3CFine%3E%20Z%20%3DPop-Rock%3D360%3D1
b6eec127-3afa-4a01-93dd-9cc4a02d8376,irealb://Um%20chorinho%20pra%20voce%3DAraujo%20Severino%3D%3DChoro-Samba%3DA-%3D0%3D1r34LbKcu7C%2F-A%7C4sA-%2C-A%3E%2F%2F%3CSA*%7B%7D%2C7Ex%3E4%3C%2CF%2F6-D%7C%2CG%2F-A%2C%7CBo%2C4Ti*%7BC%2F-A%7CG7%2C%7CC-A%7C%2C31b7E%2C7E%7C%2CF7%7C%2C-A%7C%2C-D%7C%2Co%23C%2C%2C%7CBo%2C%2CoD%7C%2CB*%7B%7D%2CG7%2C%7CCE%2C7FQ%7C%2CG%2F-A%2C-A%2C%7C5b7-B%2C-D%7C%2Co%23C%2C7%2C%7CA-%2CoD%7C%2C%2C-A%7C%2C%2C%7CE7%2F%7C%2C7G%7C%2C7E%7C%2C7B%7C%2CA-%7C%2CF%2F-D%7C%2C-A%7C%2C%23GC%2C%7CE7C%7C%2C7G%2CC%2F-AD-6%2Cn%2C-A%3E%2F%2F%3CA*%7C%7D-A%7C7%2CE%2CbB%7Cn%2C7F%20%2C-A%7C%7CBo%2C%7C%20%2C-D%7C%2CC%2F-A7%2C%7CC%2C%2C-A%7C%2C31b7E%2C7E%7C7%2CF%7C%2C-A%7C%2C-D%7C%2Co%23C%7CBo%2C%7CG%2CoD%7CL%2CFC*7%2C%7CC%2C%2C7E%2C7F%7C%2CG%2F-A%2C-%7CA%2C5b7-B%2C-D%7C%2Co%23C%7CA-%2C%7BG%2CoD%7C%2C7F%7C%2C%2CD-7%2C%2CF%7C%2C7C%2C7-G%7C%2C7C7%2C-G%7C%2C7D%2C-G%7C%2C-G%7C%7CF%2C%7CFF%7C%2CFZ%2CF2N%7D%7CBb%2FD1N%7C%2C7C%2C7G%7C%2CA%2F7D-%2CC%2FF%7C%2CbD%2F6-bB%2CF%2CC7%2C%2CbBZLiF%3C42%20al%20C%2C7F%7C%2C6-A%2C7-A%7C%2C%5E7-AQ%2C-A%5D%2C7E%3EadoE7%2C%7CT.S.D%3Cne%3EA-%2CnZ%20%3DLatin-Brazil%3A%20Samba%3D165%3D1
b6aeaff7-98b7-4e4c-b0b8-252fc9cf46e5,irealb://Valdez%20In%20The%20Country%20(George%20Benson)%3DDonny%20Hathaway%20(George%20Benson)%3D%3DFunk%20Jazz%3DE-%3D7%3D1r34LbKcu7%E0%B8%AF%20%209644%3C*7QyXsus31E%3E)tae%20b61(%20501%20mpb%20%204%7Cpp%3C*Ti*%7BYl%5B%7D%2Cs%3EpsEbEs%3Ex366*%3Cppp%7CQXysus31Dl%7C%2Csus31b13su.%E2%99%AA%E1%AE%BA%20%E2%99%AA6*%3C%7CQsXyQ%7C31Dl%7C%2Csus31bEs%3Ep.%E2%99%AA%E1%AE%BA%20%E2%99%AA%E0%B8%AF%20%2096*%3CppsusXyus31E%207-AZ%E1%AE%BA%E2%99%AA%E2%95%92%20%E1%AE%BA-BSA*%7BY%5D%20%3E%E2%80%BF96*5%3C%239%237B%209%5EC%3E%E2%99%A9%20%E2%99%AA%E2%95%927%20E7L%20%E2%99%AC%E2%99%AC%209%2C7E%2C7yQr%7CXQyX%2FQyX%E2%99%AA%20%20.%E2%99%AA%20%20%E2%99%AA.%20%2027*%3CB*%5BY%5D%20Qy%2F%3EsB-XZL9D%3E%EF%B8%B645*%3EA13%2C%2C9%5EC%3E%2FQyX%2FQyX%E2%99%AA%20%20.%E2%99%AA%20%20.%E2%99%AA%20%2027*%3C%7CpB-7%2C%3C%EF%B8%B645*%3Cb7bD%3E%7C%3C*74%2C31D%2C5%237bE%3E%2FQy%2FXQyX%E2%99%AA%20%20.%E2%99%AA%20%20.%E2%99%AA%20%20%3C*54%EF%B8%B6p%2C9-A%20onp-%20%E2%99%AC%E2%99%AC%20%E1%AE%BA%3C%7BY%7D%20%3E%E2%80%BF%3CQ%2C5%239%23B7%209%5ECl%3E%E2%99%A9%20%E2%99%AA%E2%95%92%E1%AE%BA%20%E2%95%92%E2%99%AA*74%20e%3C%7Cp%2C5%20%3C2N%7CB-7%20EXQyXQyX%7D%20QyX1Nr%7CQyXZL9D%207-AZL7yQXyQ%3Eolossus31%E2%95%92%20%E1%AE%BA%E2%95%92%E2%99%AAs%20tg%2047*%3C%7BY%5D%20%3E%3C%E2%80%BF%2C5%239%237B%209%5EC%3E%E2%99%A9%20olo%3EE%E2%99%AA%E1%AE%BA%20%E2%99%AC%E2%99%ACx766*p%3C*69QyXsus31Dl%7C%2Csu3s1bEsp%3E.%E2%99%AA%E1%AE%BA%20%E2%99%AA%E0%B8%AF%20%20%7Cppp%3Cp%7CQyXl%7C%2Csu3sus%2Csp%3E.%E2%99%AA%E1%AE%BA%20%E2%99%AA%E0%B8%AF%20%2096*p%3Cp%7CQyXsus31El%5B%7DEb13s1bEs%3E7-B%7B%5DsXyQ%7C*%3C5%239%237B%209%5EC%3E%E2%99%A9%E2%99%AA%20%E2%95%92%E1%AE%BA%20%E2%95%92%E2%99%AA%E1%AE%BA%20%E2%99%AC%E2%99%AC%2096*%3C69%E2%80%BF%3E%20us31DC%20la%20A-7%20D%3CZL7E%207-B%5B%7D%20%3Ex346*%3CQyX%7CrQyXZL9%20D.S.ZL7E%20%20%20QyX-7%20D9XZL9D%207-AZL7E%20-7BQ%7BY%20%20QyXQyX%5D%20yQr%7C%3CA%3Eadovamp%20out%3EXyQ%3C*634x%3E%20%7D%20%3DBlues-Funky%3D105%3D1
b66ed0b2-70d4-47cb-bd12-189dfca9621e,irealb://Wild%20Horses%3DStones%20Rolling%3D%3DRock%20Ballad%3DB%3D%3D1r34LbKcu7QyX9d*63In%2CG%2CsusGsp%2CG%7CQy9XddaC%7CQyXG%3E:ort%7ClCad%3C44T%5BQyXBGsus%2CsusGsp%2CG%7CQyX%3E:sereV36*%3CBlS%7B%2CG%2CG%2C%7Clsp%2CG%7C%7C%7D%2CCpGsus%2CN%7C%2CG%2CsusGsp%2CG%7CD%2Cpp%2CC%7CQyX-Al%7C%2CG1lD%2Cpsp%2CG%7C%2CBspQ%7B%3C*6ZLQ%2CF%20%2CG%7C%2CDpp%2C%7CCQyXA%3E:surohC6N1C%2CpyXD2NyX9ddp%3CD.SXCl%2C%3E:egdirB36%3C*%5Bpsn%3EadoC%20la%20.yQ%7CFa%2CC2N%7DD%3C%2CsuQ%7CFad%2CGl%2C%7C%2CG%2CsusGs%2C%2CG%7C%2CDpp%2CC%7CQyX9dp%2CsGsyXC%7CQ.S.%20al%20Coda%3EG%2C%5D%20%3DPop-Rock%3D70%3D3
b68f6d17-adfa-4714-a73e-2e36d59711d6,irealb://With%20Us%3DIglesia%3D%3DPop%3DC%3D%3D1r34LbKcu7F%20-AA4%3C*69CZLF%20-AZLG%20CZL%20F-A%3EdaP%20%2B%20onaiP%20GLZ*4Ti*%7BFZLCBLZA-%20XsusGZLF%20-AZLGC%20ZLF%20-AZLG%20CZLFyQ%5D%7C*G%20CZL%7DQyXGZFLZCZL%20F%2CC%7C%2CB/G%20%20-iA*%7B%7D%20FZL-AZLFZLCXyQ%7CL-AZL-AZLFEspecQyXsusG%7CQyXC%7CQXy-A%7CQyXF%3EX4%20lai%7D%7CCLZ66*%3C%7BZLF%20-CLZFL%20CZLF%20-AZLG%20CZFL%20-Ai*%7BZLFZL-AZG%20%7D%7CAZLFZLC%20GLZA-%20FLZC%20GLZfA-XyQZ%20%3DPop-Rock%3D115%3D1
b6c87e39-f27b-4d44-978b-ffefceb0c6af,irealb://You%20Ain't%20Woman%20Enough%3DLynn%20Loretta%3D%3DCountry%3DG%3D7%3D1r34LbKcu7KQyXD%7CDXyQKQyXCZL%20lcKQyXAG*%7CY%7CQyXG%7CQyXG%7Ccl%20LZQyXC%5BKQyXG%20x%20LZ%7CQyXCZL%20lcKQyXZCL%20lcKQyXG%7CQyXGDXyQ%7CZL%20lcZL%20lcY%7C*BDZL%20lcKQyX7AZL%20clKQyXGZL%20lcKQyXDXyQK%5D%20%20lcGXyQ%7C%20%20xLZCXyQ%7C%20%20xLZCXyQ%7CDXyQ%7CGXyQ%7CxXyQ%5D%20%3DPop-Country%3D180%3D1
b6af64a2-e243-4ab4-87b9-602bd27cc798,irealb://You%20and%20Your%20Friend%3DStrait%20Dire%3D%3DRock%20Pop%3DEb%3D%3D1r34LbKcu7m*G%3Ex4G*m**%20%7BxZL%2C*m*GZLxLZ%20*m*C%7CQyXx%7CQyXBN1%3C44TA*%5B*%7B%20%7D%20xXyQ%7CX*m*G%7CQyXbA%7CQy*Xm*C%7CQyXG%7CQyXbByQ%7Cx%20%7CQyX*%7CQyX*x%3EFLZ4%3CB*%20%7BYZL%20n%2CCZ%20L%2CCZL%20FZL%7D%20*m*Gx%3EG*m3%3C2NCNC*%7B%20yQ%7CBbQyX*m*G%7CQyXbA%7CyQX*m*C%7CQyXG%7CQyX%7Cx%20%20%7DX*m*G%7CQyX*FLZG*4%3C0NB*%20%7BYZL%20n%2CZCL%20%2CCZL%20FZL%7D%20*mx%3EG*m%3Ex3%3C0G*m*XyQ%7CBbXyQ%7CGXyQ%7CC*m*XyQ%7CAbXyQ%7CG*m*XyQ%7CG*m*%20%20%7D%20%3DPop-Rock%3D85%3D1
b6cf5c89-ca70-44c3-951c-96e3c0fc52c6,irealb://You'll%20Be%20In%20My%20Heart%3DCollins%20Phil%3D%3DRock%20Ballad%3DGb%3D%3D1r34LbKcu7KQyX%2C44%3CXy%20%20x%20ZL%20x%20ZL%20lcQKyXbG%3EesreVQyXQ%5D%7BSGbTi*%5BY%7D%20bB%20%20x%20LZ%7CQyX-bAZL%20lcKQXyB%3EsurohC%3CZL%20x%20DbsusZL%20lcZL%20-CQ%7CAbXG%3EadoC%20la%20.S.D%3C%20ZLbA/bB%20%2CbB%7CQy-XyQ%7CyXbE%7BirB17Db%20LZ%7BY%5D%20bB%2CbA%2CbB%7C%7D%20%20bB%3EadoC%20oT06*%3CQAb%3C*ZL%20bANZL%20byQ%7CxX%7CQyX-C%3EsurohC%20%3C%20%7CQyXx%7CQyX-F%7CQyx%20LZDX%3EegdXbB%7CQ%7DN2DbQyX-AZLbB/C%20C%7CyQXbB%7CQyXF%7B%5D%20bE%2C%7CD-Xy%20%20bD1%3EsX42XyQ%7CCcKQyXFZL%20lcKQybXB%3EgaT47*%3C%7B%7DQyXl%20%3C*7bE%7CQy%20%7D%20%3DPop-Slow%20Rock%3D96%3D1
b602aeb0-fdbf-46e4-b10a-5c20a21d3275,irealb://My%20One%20And%20Only%20Love%3DWood-Mellin%3D%3DBallad%3DC%3D%3D1r34LbKcu79-DZL4C%5E9%207-EZL9%5EF%209-A%7C%2C%23oG%2C9Gs%209-DZL9-A%20A7b94TA*%7BD%20%2C9bBh7%29G-E1NZL9b7G%209-DLZ9D%209-Al%7C%297E%28o%239%2C%20A7%289Gs%209b7B%207b9%2C%20L%297h%23C%28%20%209-EB*%5D%5B%2C7B%2Ch%23Fs%206C2N%7DZF%23h7G%20%2C9-A%209-D%20%20%28C%23A%207-EZL7%5E-E%20-ELZ9b7B%207h%23FZL%297h7b9LZ9-EZLZL9%5EFD-9%20G%2Co%23G%2C9Gs%209-DZL-9A%209%5ECA*%5B%5D%209b31%7CA-9%20ZL9b7%206CZL7b9LZ-DZL9D%209-A%7C%297Eo%28%23G%297hB%289Gs%209-D9%2C%20G9A%209-EG13b9%20Z%20%3DJazz-Ballad%20Even%3D63%3D6
b6fdd9c9-a786-4e0a-bba1-9afb7c97792d,irealb://Ii%20V%20I%20Practice%201%3Dtranefreak%3D%3DMedium%20Swing%3DC%3D%3D1r34LbKcu7yX9%5EF-9XyQ1C%7CQyX9-G%7B%7D%20%20lKcQyX9%5EC%7CQyX31G%7C3XyQ%7CD44T%7BQyX31%20%7D%7BC-X9-F%7B%7D%20%20lcKQyX%5E9bB%7CQyX31F%7CQyX9yQ%7CBb%20lcKQX9-bEXyQKccKQyX9%5EbA%7CQyX3b1E%7CQyX9-bB%7B%7D%20%20ll%20%20%7D%7B9%5EbE%7CcKQyX13XyQQyX31bD%7CQyX9-b%7BA%7D%20%20lcKQyX9%5EbD%7C%7CGb%5E9bA%7CQyE%7CQyXC%23-9XyX9-%23F%7B%7D%20%20lcKQXy9%5EB%7CQyX31%23F%7CQyQ%7CB13%7B%7D%20%20lX31A%7CKcl%20%20E%7B%7D%20%20lcKQyX9%5EAQ%7CyX31E%7CQyX9-B%7B%7D-9XyQQyX9%5EyQ%7CD%5E9XyQ%7C%20%20x%20%7D%7BA-9XyQ%7CD13XyQ%7CG%5E9XyQKcl%20%20%7D%20%3D%3D0%3D0
b660a5c9-97bd-4199-b380-f7428f3bea50,irealbook://%E3%83%89%E3%83%A9%E3%82%B4%E3%83%B3%E3%82%B9%E3%83%AC%E3%82%A4%E3%83%A4%E3%83%BC4%20%20%20%20%E3%83%AA%E3%83%AB%E3%83%AB%E3%83%BB%E3%82%A6%E3%82%A9%E3%83%BC%E3%82%BC%E3%83%B3%28%E3%82%A8%E3%83%AB%E3%83%95%E9%9D%A2%29%3DComposer%20Unknown%3DRock%3DG-%3Dn%3D%5B*iT44G-7%20%20%20%7CG-7%20%20%20%5B%20%20%20%20%20%20%20%20%5B%2C*A%2CG-%20F%20%7CEb%20F%20%7CG-%20F%20%7CEb%20D7/F%20%5D%5B%2C*B%2CG-%20%20%20%7CF%20%20%20%7CEb%5E7%20%20%20%7CD7%20%20%20%7CG-%20%20%20%7CF%20%20%20%7CBb%20%20%20%7CG7/B%20%20%20%5D%5B%2C*C%2CC-%20%20%20%7CG-/Bb%20%20%20%7C%7CD/A%20%20%20%7CG-/Bb%20G7/B%20%7CC-%20%20%20%7CG-/Bb%20%20%20%7CD/A%20%20%20%7CG-%20%20%20Z
b67f0ff5-609c-4c66-b3e6-86f289bd5b67,irealbook://September%3DFire%20Earth%20Wind%20And%3DPop%3DD%3Dn%3DY%7B*AT44%3CIntro...%20Octaves%20on%20E.piano%20A....%20chords%20C%20at%20top%3EA%20%20%20%7CA%20%20%20%7CA%20%20%20%7CA%20%20%20%7D%7C%3C002%20strings%20starts%20on%20C%20%3EA*sus4*%20%20%20%7CA*sus4*%20%20%20%7CA*sus4*%20%20%20%7CA*sus4*%20%20%20%5DYY%7B*BsD%5E7%20C%23-%2CB-%2C%7CC%23-%20F%23-%3C*70X3%3E%20%7DAsus%20%20%20%7CAsus%20%20%20%7DYY%7B*CB-%20E7%20%7CC%23-%20F%23-%3C*70X3%3E%20%7DAsus%20%20%20%7CAsus%20%20%20%5D%3CFills%20on%20Piano/Strings/E.Piano%20maybe%20cheesy%20brass%3F%3E%20%20%20%20%20%20%20%20%20%20%20%20%20%20%20%20%3C003%20e%20piano%3E
b6bc0576-d231-46fb-9923-015afa51b148,irealbook://Somewhere%20That's%20Green%3DHorrors%20Little%20Shop%20Of%3DPop%3DG%3Dn%3D%7B*iT44Eb%20%20%20%7CG/D%20sA7/C%23%2CC-%2C%7ClG/B%20sC/A%2CC/D%2C%7ClG%20%20%20%7D%5B*AG%20%20%20%7CC/G%20%20%20%7CDsus%20D%20%7CG%20sG%2CF%23%2C%7ClE-%20%20%20%7CE-/D%20%20%20%7CA7/C%23%20A7%20%7CD%20%20%20%7CG%20%20%20%7CC%20%20%20%7CE-/C%23%20%20%20%7CG/D%20%20%20%7CDsus%20D%20%7CG%20%20%20%7CD%20%20%20%7CG%20%20%20ZY%5B*BEb%20%20%20%7CG%20%20%20%7CE-%20E-/D%23%20%7CE-/D%20%20%20%7CA7/C%23%20A7%20%7CD%20E-/C%23%20%7CfD%20%20%20%5D%20%20%20%20%20%20%20%20%20%20%20%20%20%20%20%20%20%20%20%20*i%20*A%20*A%20*v%20*B%20*A%20%20%20%20%20%20%20%20%20%20%20%5B*vD%20%20%20%7CG/D%20%20%20%7CAsus%20A%20%7CD%20sD%2CC%23%2C%7ClB-%20%20%20%7CB-/A%20%20%20%7CE7/G%23%20E7%20%7CA%20%20%20%5D
b62d8615-3396-4f79-8816-8d85e7a77f5c,irealbook://Kiss%20Me%3DRicher%20Six%20Pence%20None%20The%3DPop%3DEb%3Dn%3D%7B*iT44Eb%20%20%20%7CEb%5E7%20%20%20%7CEb7%20%20%20%7CEb%5E7%20%20%20%7DY%5B*AEb%20%20%20%7CEb%5E7%20%20%20%7CEb7%20%20%20%7CEb%5E7%20%20%20%5D%7CEb%20%20%20%7CEb%5E7%20%20%20%7CEb7%20%20%20%7CAb%20%20%20%5DY%5B*BF-%20Bb%20%7CEb%20C-%20%7CF-%20Bb%20%7CEb%20Eb7%20%7C%7CF-%20Bb%20%7CEb%20Eb/D%20%7CEb/C%20Eb/Bb%20%7CAb%20%20%20%7CAb6/Bb%20%20%20%5D
b6e0c255-3434-4044-8bf0-28c4e0e9e7d8,irealbook://A%2C%20Te%3DComposition%20Sacred%3DBossa%20Nova%3DG%3Dn%3D%5B*iT44G%5E7%20%20%20%7CC%5E7%2311%20%20%20%7CG%5E7%20%20%20%7CC%5E7%20D13b9%20%5D%7B*AG%5E7%20%20%20%7CC%5E7%2311%20%20%20%7CG%5E9%20%20%20%7CC%5E7%20E7%239%235%20%7CA-7%20%20%20%7CD13%20%20%20%7CA-7%20%20%20%7CDsus%20%20%20%7CD13%239%20Ab13%20%5BG%5E7%20%20%20%7CE-7/C%20%20%20%7CG%5E9%20%20%20%7CC%5E9%20E7alt%20%7CA-7%20%20%20%7CD13%20%20%20%7CA-7%20%20%20%7CDsus%20%20%20%7CD7alt%20Db13%20%5B*BC%5E7%20%20%20%7CD13%20%20%20%7CB-7%20B7alt%20%7CE-9%20E7b9%235%20%7CA-7%20%20%20%7CD13%20D7b9%20%7CA-7%20%20%20%7CD13%20%20%20%7CD13b9%20Db7%239%20%5BC%5E7%20%20%20%7CD9%2311%20%20%20%7CB-7%20B7%235%20%7CE-7%20E7alt%20%7CA-7%20%20%20%7CC%5E7%20%20%20%7CN1D13%20D7%239%20%7D%7CN2D13%20D13b9%20%5D*iG%5E7%20%20%20%7CC%5E7%20%20%20%7CG%5E9%20%20%20%7CC%5E7%2311%20%20%20%7CG%5E7%20%20%20%7C%20x%20%20%7C%20x%20U%20Z%20
b6b99710-29a0-4a3e-8487-167b22a45682,irealbook://Angry%3DComposer%20Unknown%3DMedium%20Swing%3DC%3Dn%3D%5B%2C*C%2CT44Bb%20%20%20%7C%20x%20%20%7CC7%20%20%20%7C%20x%20%20%7CF7%20%20%20%7CBbo%20F7%20%7CBb%20%20%20%7CBb7%20%20%20%7C%7CEb%20%20%20%7CEb-%20%20%20%7CBb%20%20%20%7CG7%20%20%20%7CC7%20%20%20%7C%20%20Bbo%20%7CF7%20%20%20%7C%20x%20%20%5D%5BBb7%20%20%20%7C%20x%20%20%7C%20x%20%20%7C%20x%20%20%7CEb%20%20%20%7C%20x%20%20%7C%20x%20%20%7CGb7%20%20%20%7CBb%20%20%20%7C%20x%20%20%7CC7%20%20%20%7C%20x%20%20%7CF7%20%20%20%7CBbo%20F7%20%7CBb%20%20%20%7C%20x%20%20%5D
b6398890-d810-4bf6-8d55-73979b9fbc3e,irealbook://Someone%20Like%20You%201%3DAdele-Wilson%3DPop%3DA%3Dn%3D%5B*iT44A%2C%20%7Cx%20%7CE/G%23%20%7Cx%20%7CF%23-%20%7Cx%20%7CD%20%7Cx%20%5D%7B*AA%2C%20%7Cx%20%7CC%23-/G%23%20%7Cx%20%7CF%23-%20%7Cx%20%7CD%20%7Cx%3C*663x%3E%20%7D%5B*BE%2C%20%7CF%23-%20%7CD%2C%20%7Cx%20%7CE%2C%7CF%23-%20%7CD%2C%7CE%20%7CF%23-%20%5D%7B*CA%20%20%20%7CE%20%20%7CF%23-%20%20%7CD%20%3C*665x%3E%20%7DD%20%20%5D%7B*AA%2C%20%7Cx%20%7CC%23-/G%23%20%7Cx%20%7CF%23-%20%7Cx%20%7CD%20%7Cx%20%7D%5B*BE%2C%7CF%23-%20%7CD%2C%7Cx%20%7CE%2C%7CF%23-%20%7CD%2C%7CE%20%7CF%23-%20%7CG%23o%2C%20%5D%7B*CA%20%20%20%7CE%20%20%20%7CF%23-%20%20%20%7CD%20%20%3C*664x%3E%20%7D%5B*DE/B%2C%20%7Cx%20%7CF%23-/C%23%20%7Cx%20%7CD%2C%20%7Cx%20%7CB-%20%7CC%23-%20%7CD%20%7CE%20%7B*CA%20%20%7CE%20%20%7CF%23-%20%20%7CD%20%3C*669x%3E%20%7D%7CD%20%7CE%20%7CA%20%7CfUx%20%20Z
b6ed3590-4052-454f-9e7e-f269bc0a8b26,irealbook://Blues%2015%3DComposer%20Unknown%3DBlues%3DC%3Dn%3D%5BT44C%5E7%20%20%20%7CB7%20Bb-7%20%7CA7%20Ab-7%20%7CG-7%20F%237%20%7CF%5E7%20%20%20%7CF-7%20%20%20%7CE-7%20%20%20%7CEb-7%20%20%20%7CD-7%20%20%20%7CG7%20%20%20%7CEb-7%20E-7%20%7CD-7%20G7%20Z
b6df6f8e-8d75-4ed2-82bb-3e403141744b,irealbook://Jazz%20scales%20study%20G%3DComposer%20Unknown%3DMedium%20Swing%3DF%3Dn%3D%5B*AT44F-7%20%20%20%7C%20x%20%20%7CF7%20%20%20%7C%20x%20%20%7C%7CF%5E7%2311%20%20%20%7C%20x%20%20%7CF7%2311%20%20%20%7C%20x%20%20%7D
b632a52e-93ad-4354-8dc0-5f17a77c0258,irealbook://K%C3%BC%C3%A7%C3%BCk%20%C5%9Eeyler%3DAldin%C3%A7%20Ay%C5%9Feg%C3%BCl%3DMedium%20Samba%3DG%3Dn%3D%5B*iG%5E7%20A/G%20%7C%20x%20%20%7CE-7%2C%20E-6%20%7C%20x%20%20%7CG%5E7%20A/G%20%7C%20x%20%20%7CE-7%20E-6%20%7CD7sus%20D7%20%7C%5BSG%5E7%20%20%20%7C%20x%20%20%7CA-7%20%20%20%7CG%5E7%20D7%235%20%7C%7B*AG%5E7%20%20%20%7CA-7%20%20%20%7CD7sus%20D7b9%20%7CG%5E7%20D7sus%20%7CG%5E7%20%20%20%7CA-7%20%20%20%7CD7sus%20D7b9%20%7CG%5E7%20%20%20%7C*BN1%3C*66%20%3EC%5E7%2C%20%20%20%7CB-9%20E7b9%235%20%7CA-7%20%20%20%7CBsus%20sB7%2CD7%235%2C%7D%7CN2%3C*66%20%3EC%5E7%2C%20%20%20%7CB-9%20E7b9%235%20%7CA-7%20%20%20%7CBsus%20sB7%2CD7%235%2C%7D%5BN3C%5E7%2C%20F%237b9%235/A%23%20%7CB-9%20E7b9%235%20%7CA-7%20%20%20%7CBsus%20lB7%2C%20%5D%5B*CE%5E7%20A%5E7%20%7C%20x%20%20%7C%20x%20%20%7C%3CD.S.%20al%203rd%20End.%3EsE%5E7%20A%5E7%2CD7sus%2CZ%20
b69a328a-f741-4c73-b0d3-01fdbcc1bd99,irealbook://Leise%20rieselt%20der%20Schnee%3DArranged%20By%20Charmin%20Traditional%3DMedium%20Swing%3DEb%3Dn%3D%7BT34Eb%2C%20%20%20%7CAb6%20Bb6%20B*dim*%20%7CC*m7*%2C%20%20%20%20%20%7CG%2B%2C%20%20%20%7CAb%2C%20%20%20%20%20%7CAb%20Bb7/Ab%20Abadd9%20%7CEb%2C%20%20Ab/Eb%2C%7CEb%2C%20%20%20%20%20%7CBb7%2C%20%20%20%20%20%7CB*dim*%2C%20%20%20%7CC*m7*%2C%20%20%20%20%20%7CF7%2C%20%20%20%20%20%7CAb6%2C%20%20%20%7CBb7%20Ab/Bb%20Bb7%28B*dim*%29%20%7CC*m7*%2C%20%20%20%20%20%7CF7%2C%20%20%20%7CAb6%2C%20%20%20%20%20%7CBb7%20Ab/Bb%20Bb7%28B*dim*%29%20%7CN1Eb%2C%20%20%20%7CEb%2C%20%20%20%20%20%7D%7CN2B%2C%20%20%20%20%20%7CDb%2C%20%20%20%7CEb%2C%20%20%20%20%20%7CEb%2C%20%20%20%20U%20%5B%20
b62eef20-208f-4c8d-b8f4-bf944ef0d718,irealbook://Life%20On%20Mars%3DBowie%20David%3DRock%20Pop%3DG-%3Dn%3D%7B*AT44F%2C%20%20%20%7CA-/E%20%20%20%7CC-/Eb%20%20%20%7CD7%20%20%20%7CG-%20%20%20%7CBb/F%20%20%20%7CC7%20%20%20%7Cx%20%20%20%7D%7C*BAb/Eb%20%20%20%7CE5%20%20%20%7CF-%20%20%20%7CGb%20%20%20%7CDb%20%20%20%7CA5%20%20%20%7CBb-%20%20%20%7CDb/Cb%20%20%20%5D%7B*CBb%20%20%20%7CEb%2C%20%20%20%7CG-7%20%20%20%7CGb5%20%20%20%7CF%20%20%20%7CF-%20%20%20%7CC-7%20%20%20%7CEb-7%20%20%20%7D%7CG-%20%20%20%7CGb5%20%20%20%7CBb/F%20%20%20%7CE-7b5%20%20Q%20%5D%5B*D%3CGuitar%20solo%3EF%2C%20%7CF%23o%20%7CG-%20%7CDo%20%7CA-%20%7CBb%20%7C%3CD.S.%20al%20Coda%3EBb-%2C%20%20%20%5DY%5BQF%20%20%7CF%23o%20%20%7CG-%20%20%7CBb/F%20%20%7Cx%20%7Cx%20%7CEb%2C%20%20%7CEb-%20%20%7CfBb%20%3CFine%3E%20Z%20
b63b0f22-f39c-4d50-b011-bd811f62fa23,irealbook://Love%20Story%3DSwift%20Taylor%3DCountry%3DD%3Dn%3D%5B*i%3C*66Intro%3ED%20%7Cx%20%7CA%20%7Cx%20%7CB*m*%20%7Cx%20%7CG%20%7Cx%20%5D%7C*v%3C*72Verse%3ED%20%7Cx%20%7CG%20%7Cx%20%7CB*m*%20%7Cx%20%7CG%20%7Cx%20%7CSD%20%7Cx%20%7CG%20%7Cx%20%7CB*m*%20%7Cx%20%7CA%20%7Cx%20%5D%5B%3C*69Prechorus%3EG%20%7CA%20%7CB*m*%20%7CD%20%7CG%20%7CA%20%7CB*m*%20%7CG%2CA%2C%5D%5B*C%3C*71Chorus%3ED%20%7Cx%20%7CA%20%7Cx%20%7CB*m*%20%7Cx%20%7CG%20%7CA%2CQ%20%5D%7CD%20%7Cx%20%5D%3CD.S.%20al%20Coda%3E%20%20%20%20%20%20%20%20%20%20%20%20%7CY*CQ%3C*74Chorus%3ED%20%7Cx%20%7CA%20%7Cx%20%7CB*m*%20%7Cx%20%7CG%20%7CA%20%5D%7C%3C*71Solo%3ED%20%7Cx%20%7CA%20%7Cx%20%7CB*m*%20%7Cx%20%7CG%20%7Cx%20%5D%5B*B%3C*69Bridge%3EB*m*%20%7CG%20%7CD%20%7CA%20%7CB*m*%20%7CG%20%7CD%20%7CA%20%5D%5B*D%3C*69Breakdown%20Chorus%3ED%20%7Cx%20%7CA%20%7Cx%20%7CB*m*%20%7Cx%20%7CG%20%7CA%20%5D%5B*C%3C*69Chorus%3EE%20%7Cx%20%7CB%20%7Cx%20%7CC%23*m*%20%7Cx%20%7CA%20%7CB%20%5D%5B%3C*71Outro%3EE%20%7Cx%20%7CB%20%7Cx%20%7CC%23*m*%20%7Cx%20%7CA%20%7CB%2C%7CEZ%20
b6418c30-b698-44ea-b8e1-037ee27f2d99,irealbook://Maneater%3DFurtado%20Nelly%3DMedium%20Swing%3DBb-%3Dn%3DY%5B*iBb%20%3C126%20Chorus%20Aahs%3E%20%20%7CDb%20%20%20%7CC%20%20%20%7CB%20%20%20%5DY%7B*A%3C*72%20VERSE%3EBb%3C*30RIFF%3E%20%3C02%20Strings/%20012%20Saw%3E%20%20%7C%20%20%20%20%7C%20%20%20%20%7C%20%20%20%20%7DY%7B*B%3C*72%20CHORUS%3EGb%20%20%20%7CF-%20%20%20%7CAb%20%20%20%7CBb-%20%20%3C*16x4%3E%20%7DGb%20F%2CBb%20Db%2CC%2CD%2CC%2CBb%20
b6d44d79-c528-4ade-b3e6-475a71b01259,irealbook://Quando%20Quando%3Dquando%20%3DUp%20Samba%3DBb%3Dn%3D%7B*AT44sC-7%2CF7%2CC-7%2CF7%7CC-7%2CF7%2CC-7%2CF7%2C%7CBb%5E7%2CBb6%2CBb%5E7%2CBb6%7CBb%5E7%2CBb6%2CBb%5E7%2CBb6%7C%7CC-7%2CF7%2CC-7%2CF7%2C%7CC-7%2CF7%2CC-7%2CF7%2C%7CN1Bb%5E7%2CBb6%2CBb%5E7%2CBb6%7CBb%5E7%2CBb6%2CBb%5E7%2CBb6%7D%20%2C%20%20%20%20%20%20%20%7CN2Bb%5E7%2CBb6%2CBb%5E7%2CBb6%7CBb%5E7%2CBb6%2CBb%5E7%2CBb6%2C%5B*BF-7%2CBb7%2CF-7%2CBb7%7CF-7%2CBb7%2CF-7%2CBb7%2C%7CEb7%20Eb6%20%7CEb7%20Eb6%20%7CG-7%2CC7%2CG-7%2CC7%2C%7CG-7%2CC7%2CG-7%2CC7%2C%7CC-7%20%20%20%7CF7%20%20%20%5D%7C*AC-7%2CF7%2CC-7%2CF7%7CC-7%2CF7%2CC-7%2CF7%2C%7CBb%5E7%2CBb6%2CBb%5E7%2CBb6%7CBb%5E7%2CBb6%2CBb%5E7%2CBb6%7C%7CC-7%2CF7%2CC-7%2CF7%2C%7CC-7%2CF7%2CC-7%2CF7%2C%7CBb%5E7%2C%20Bb6%2CBb%2C%7CBb%5E7%2C%20C-7%2CF7%5D%20
b60192d1-2025-4c97-8d3b-20a35cc234de,irealbook://Saw%20Her%20Standing%20There%3DBeatles%20The%3DPop%3DE%3Dn%3DY%7B*iT44E7%20%20%20%7CE7%20%20%20%7CE7%20%20%20%7CE7%20%20%20%7DY%5B*AE7%20%20%20%7CE7%20%20%20%7CA7%20%20%20%7CE7%20%20%20%7C%7CE7%20%20%20%7CE7%20%20%20%7CB7%20%20%20%7CB7%20%20%20%7CE%20%20%20%7CE-7%20%20%20%7CA7%20%20%20%7CC7%20%20%20%7CE7%20%20%20%7CB7%20%20%20%7CE7%20%20%20%7CE7%20%20%20%5DY%5B*BA7%20%20%20%7CA7%20%20%20%7CA7%20%20%20%7CA7%20%20%20%7CA7%20%20%20%7CA7%20%20%20%7CB7%20%20%20%7CB7%20%20%20%7C%3CRest%20time%20!%3EA7%20%20%20%7CA7%20%20%20%5D%20%20%20%20%20%20%20%20%20%20%20%20%20%20%20%20%20%20%20%20%20%20%20%20%20%20%20%20*i%20*A%20*A%20*B%20*A%20*A%20*B%20*A%20
b6d391bc-b535-4693-a94d-4d4c7224872f,irealbook://To%20Be%20With%20You%3DMr.Big%20%3DPop%20Ballad%3DC%3Dn%3D%7B*AT44A-%2C%20C%2C%20%7CF%20C%20%7CA-%20C%20%7CF%20C%20%7CF%20C%20%7CF%20C%20%7CBb%20%20%20%7CG7%20%20%20%7C%7C*BC%20F%20%7CG%20C%20%7CC%20F%20%7CG%20C%20%7CC%20F%20%7CG%20C%20%7CC%20F%20%7CG%20C%20%7D%7C*CF%20%20%20%7CA-%20%20%20%7CBb%20%20%20%7CBb%20%20%20%7C*DC%20F%20%7CG%20C%20%7CC%20F%20%7CG%20C%2C%20%7CC%20F%20%7CG%20A-%20%7CC%20F%20%7CG%20C%20%7C*CF%20C%20%7CF%20C%20%7CBb%20%20%20%7CG%20%20%20%7C%7B*BE%20A%20%7CB%20E%20%7CE%20A%20%7CB%20E%20%7D%7B*BC%20F%20%7CG%20C%20%7CC%20F%20%7CG%20C%20%7D%7CC%20F%20%7CG%20C%20%7CC%20F%20%7CG%20C%20ZU%20
