id,url
ba432880-6adf-4551-9879-14b111337879,irealb://Sheik%20Of%20Araby=Smith%2DWeeler%2DSnyder==Medium%20Swing=Bb==1r34LbKcu7B%7CQyX4%3CAB%3EX7%2DC%7CQyX7F%7CQyX%2D7CZLoB%20bB%7CQyXbByQ%7CF74TA%2A%5ByX7F%7Ccl%20LZC%7CQyX7F%7CQyX7%2DCQ%7CyXobD%7CQyXD%2FbB%7C%2D7XyQKQyXbX7%2DC%7CBoLZC%7CQyX7%2DCZLoB%20bBQ%7CyXbBB%2A%5B%5D%207F%207%2DF7XyQ%20bB%7CQF%7CQyXXyQ%7CD%20lcKQyX7CZL%20lcQKyX7GZL%20lcKQyX7LZC%2D77F%7CQy7XyQ%7CBb%20BoLZC%2D7%20F7%20%5D%20==0=0
babbc844-c516-4690-866b-fcbf0975c8ed,irealb://%2EPAUSE%201=%2E==Medium%20Swing=C==%5B%20==0=0
bac9c7d8-0c3b-4abc-9383-f34ab5607e03,"irealb://%4F%6C%64%20%4A%6F%65%20%43%6C%61%72%6B%20%20%20%20%20%20%20%5B%23%5D=%62%65%32%73%68%61%72%70%20%41%52%52%3A==%5A%7A%20%53%65%6C%65%63%74%20%41%20%53%74%79%6C%65%20%59%6F%75%20%50%72%65%66%65%72=%44==%31%72%33%34%4C%62%4B%63%75%37%20%73%75%72%6F%79%51%20%20%54%74%20%64%6E%61%20%73%65%73%72%65%56%20%65%74%68%20%72%6F%66%20%73%64%72%6F%68%63%20%65%68%68%65%20%43%68%58%30%35%2A%3C%79%58%51%79%58%3C%2A%32%30%65%58%51%79%58%51%79%58%51%79%58%51%79%58%3E%65%2E%6D%61%73%20%65%68%74%20%79%6C%74%63%61%78%79%51%58%79%51%20%3E%65%72%61%79%58%44%7C%51%79%51%20%5B%2A%79%58%44%7C%51%79%58%44%7C%51%79%58%44%3E%73%3A%65%73%72%65%56%20%30%37%2A%3C%34%32%54%41%51%7C%41%58%79%58%51%79%58%51%58%41%7C%51%79%51%7C%44%20%41%58%44%7C%51%79%58%44%3E%3A%73%75%72%6F%68%20%43%30%37%2A%3C%42%2A%5B%5D%51%79%58%44%5A%4C%79%51%7C%44%58%79%58%44%7C%51%73%20%73%61%68%79%51%7C%44%58%20%61%20%6E%65%68%57%20%20%51%79%58%34%33%3C%2A%5A%20%20%55%20%44%5A%4C%41%20%44%7C%51%79%73%6F%6E%67%20%58%44%7C%51%79%74%20%79%74%69%69%6D%70%6C%65%70%70%6F%20%6E%61%3C%20%3E%20%73%65%64%69%6F%76%72%70%20%74%69%20,%73%64%72%6F%68%63%20%6F%72%74%75%6E%73%20%68%63%75%51%79%58%51%79%72%6E%20%74%6F%79%58%51%79%58%3E,%22%6E%6F%69%74%61%74%4E%6F%20%72%65%62%6D%75%4E%22%20%64%61%65%72%20%51%58%79%51%58%61%65%6C%20%6F%20%6F%74%6E%69%79%51%20%20%77%68%63%20%65%68%74%20%67%6E%69%6E%72%75%74,%20%74%6E%6F%66%20%61%20%73%69%20%68%63%69%68%6F%72%64%73%20%58%30%34%2A%3C%65%6C%61%63%73%72%73,%3E%20%20%65%68%74(%20%63%69%6E%6F%54%20%65%68%20%74%6E%6F%70%75%20%64%65%73%61%62%38%30%2A%3C%6B%65%79)%20%65%62%6D%75%6E%73%69%20%43%20%6D%70%6C%65%3A%6F%20%79%65%4B%20%20%51%79%58%36%34%2A%3C%79%51%58%51%79%58%51%79%58%51%79%58%51%79%58%3E%66%20%43%3A%20%61%78%45%20%2E%20%66%6F%20%79%20%69%73%20%32%2E%63%74%65%20,%35%20%73%69%20%47%20,%20%34%73%69%20%46%20,%33%20%73%69%20%45%20,%3E%20%3C%4B%65%44%20,%31%20%58%3E%2E%63%74%20%69%73%20%31%73%69%20%44%20,%34%20%73%69%20%43%20,%20%33%73%69%20%42%20,%32%20%73%69%20%41%20,%20%35,%20%65%47%20%20%3A%47%74%6F%4E%20%72%58%79%51%58%79%22%20%6E%69%20%65%72%61%20%75%6F%79%20%65%6E%63%4F%20%20%51%79%58%36%33%2A%3C%51%79%58%51%4E%75%6D%62%65%51%79%58%51%79%74%20%79%61%74%22,%20%74%68%62%6D%75%6E%20%65%68%74%20%74%75%62%20,%67%65%6E%61%68%63%3C%20%3E%20%73%79%65%6B%20%65%65%72%73%20%73%6E%6F%69%74%61%48%22%20%73%6D%6D%65%2E%3E%58%65%68%74%20%65%73%55%20%20%51%79%58%36%33%3C%2A%51%79%58%51%79%58%51%79%58%51%79%58%51%79%20%46%6F%72%75%61%73%20%65%68%69%72%61%76%20%20%73%65%63%74%6E%61%68%63%3C%20%3E%20%6F%74%20%77%6F%68%74%20%75%6F%20%64%6E%69%66%20%6F%74%20%6E%6F%69%67%65%20%74%6F%20%22%70%6C%65%6F%75%73%20%46%6F%6E%74%73%2E%3E%58%79%51%58%79%51%58%79%51%58%79%51%58%79%51%3C%62%23%3E%20=%50%6F%70%2D%42%6C%75%65%67%72%61%73%73=%31%32%32=%33"
bad838f7-d9a8-4abe-a1be-90875cb8a7f5,irealb://%32%34%20%4A%61%6D%61%69%63%61%20%46%61%72%65%77%65%6C%6C%20%28%52%6F%63%6B%29%20%47=%43%61%72%69%62%62%65%61%6E%20%54%72%61%64%69%74%69%6F%6E%61%6C==%52%6F%63%6B=%47==%31%72%33%34%4C%62%4B%63%75%37%20%6C%63%4B%7C%58%79%51%7C%43%51%79%58%37%44%7C%51%79%58%43%5A%4C%20%6C%4B%63%51%79%58%47%7C%51%79%58%37%44%7C%51%79%58%7C%47%58%79%51%47%34%34%54%5B%4C%5A%43%58%79%51%7C%44%37%58%79%51%7C%47%58%79%51%4B%63%6C%20%4C%5A%43%58%79%51%7C%47%20%44%4C%5A%47%20%20%3C%38%78%3E%20%7D%20=%50%6F%70%2D%52%6F%63%6B=%38%30=%31
ba3dcda9-ca9e-4afa-bc1b-83a2e089b548,irealb://%45%78%2E%20%23%33%38=%42%6C%75%65%73%20%47%65%6E%65%72%69%63==%43%6F%75%6E%74%72%79%20%46%6F%6C%6B=%47==%31%72%33%34%4C%62%4B%63%75%37%7B%54%34%34%47%58%79%51%7C%47%58%79%51%7C%43%58%79%51%7C%43%58%79%51%7C%44%37%58%79%51%7C%44%37%58%79%51%7C%47%58%79%51%7C%47%58%79%51%7D%20==%30=%38
ba6ab2de-5405-45f8-b430-ab868b1d4f62,irealb://%43%6F%6D%6F%20%44%69%6A%69%73%74%65=%44%27%43%6C%61%72%69%6F%20%43%68%72%69%73%74%69%6E%65==%42%61%6C%6C%61%64%20%45%76%65%6E=%45==%31%72%33%34%4C%62%4B%63%75%37%2F%42%7C%51%79%34%43%23%2A%6D%23%43%7C%7D%51%79%58%45%7C%51%79%58%45%7C%79%51%58%2C%23%44%2F%42%7C%51%79%58%41%2A%2C%2A%2A%6D%2A%2C%58%34%54%69%2A%7B%20%42%7C%51%79%51%7C%45%2C%20%23%47%7C%51%79%58%2C%2A%6D%2A%23%46%7C%7C%79%51%58%2C%2A%6D%2A%23%46%5A%4C%2C%23%44%2F%42%2A%6D%2A%2C%58%79%58%2C%23%44%54%39%36%2A%3C%2C%7B%2A%42%41%51%79%58%2C%2A%6D%2A%23%47%31%4E%7C%51%79%2C%58%2A%6D%2A%23%43%7C%51%79%58%42%7C%51%79%58%7D%4E%32%45%20%23%47%2F%45%20%79%58%42%7C%51%20%7D%7B%2A%43%79%58%2C%2A%6D%2A%23%47%7C%51%79%58%2C%2A%2A%6D%23%43%7C%51%79%58%42%7C%51%79%58%2C%41%51%51%7C%41%58%79%20%3E%41%20%6F%51%7C%43%23%2A%6D%2A%2C%58%79%51%7C%42%20%3C%2A%36%39%20%20%54%6F%20%42%3E%20%20%7D%20=%4A%61%7A%7A%2D%42%61%6C%6C%61%64%20%45%76%65%6E=%36%30=%33
ba6ea09d-9726-4a01-8b0c-0e276546d143,irealb://%4E%6F%20%45%73%20%45%6C%20%46%69%6E=%53%61%6E%63%68%65%7A%20%52%69%63%61%72%64%6F==%42%61%6C%6C%61%64%20%45%76%65%6E=%41==%31%72%33%34%4C%62%4B%63%75%37%46%7C%51%79%58%34%44%20%41%4C%41%3E%2E%2E%2E%73%65%79%61%6D%73%65%64%20%4E%6F%20%20%39%36%2A%3C%42%2A%7D%51%79%58%45%5A%58%79%51%7C%45%34%54%69%2A%7B%36%36%2A%3C%20%7C%44%58%79%51%41%20%44%3E%68%68%75%20%20%68%68%55%39%36%3C%2A%7B%7C%51%79%58%45%7C%51%79%58%45%2F%41%7C%4C%5A%4E%31%45%51%79%58%2D%23%65%63%65%6E%61%33%3E%46%23%2D%20%65%74%6E%41%20%20%39%36%2A%3C%41%2A%7B%51%7C%79%58%45%5A%4C%53%20%20%45%32%4E%7D%20%2C%65%6C%20%61%6D%58%20%51%79%58%79%58%2D%42%7C%79%20%6F%73%63%7C%51%79%58%2D%23%46%7C%51%79%58%45%7C%51%58%79%41%3E%2E%2E%2E%2E%C3%A1%74%73%65%20%6F%72%75%44%58%79%51%7D%75%6D%20%2C%72%45%7C%7D%20%2D%2A%36%33%20%20%4E%5A%4C%41%20%2C%44%3E%6F%6C%6F%53%20%20%79%51%58%39%36%2A%3C%53%7B%20%20%3E%42%20%6F%54%33%45%20%46%23%3C%20%44%7C%51%7C%51%79%58%2D%20%3C%2A%36%39%58%45%7C%51%79%58%2C%41%5B%20%20%3E%20%2E%2E%2E%2E%65%76%65%75%6D%20%65%73%20%6F%67%6C%41%79%51%7C%46%23%45%7C%51%79%58%58%2D%44%7C%51%41%2F%45%58%79%79%58%2D%23%46%7C%51%79%58%2D%42%7C%51%79%44%58%7C%51%79%58%2D%23%46%7C%51%79%58%45%7C%51%51%7C%44%58%79%7C%51%79%58%44%51%79%58%45%2F%36%39%4E%6F%20%44%7C%51%79%58%2D%23%46%7C%51%79%58%45%7C%79%51%58%41%3E%73%65%79%61%6D%73%65%64%20%65%74%58%79%51%7D%41%2A%3C%7B%51%79%2E%2E%73%65%79%51%7C%46%23%2D%20%65%74%20%6F%4E%39%36%2A%3C%7B%7C%51%79%45%58%7C%51%79%58%41%7C%51%79%58%47%7C%51%79%58%64%65%73%6D%61%79%58%6F%46%7C%2E%2E%3E%44%20%41%4C%5A%45%20%3C%2A%37%32%54%69%6C%6C%20%63%75%65%3E%46%23%2D%20%7D%45%20%45%4C%5A%45%20%45%20%7D%20=%4A%61%7A%7A%2D%4D%65%64%69%75%6D%20%53%77%69%6E%67=%31%30%30=%33
ba304ad1-c742-43ae-84e1-bcadad24d3ae,irealb://%43%61%6E%74%61%20%41%6C%20%53%65%C3%B1%6F%72=%52%6F%73%61%72%69%6F%20%49%6E%67%72%69%64==%50%6F%70=%41==%31%72%33%34%4C%62%4B%63%75%37%29%23%47%28%20%34%41%20%28%43%28%2D%23%46%7C%29%42%28%20%29%41%28%20%29%47%23%28%20%45%7C%29%45%28%20%29%44%28%20%29%23%41%2A%33%2A%29%34%54%69%2A%7B%20%23%43%2F%41%28%43%23%29%7C%44%5A%4C%45%20%2D%23%46%7C%51%79%58%45%7C%79%51%58%41%41%2A%7B%7D%51%79%58%29%23%46%28%44%58%79%51%7C%7C%20%29%45%28%45%5A%4C%2D%23%46%45%20%46%23%2D%20%44%5A%4C%2D%23%46%20%41%42%2A%7B%7D%20%20%45%73%75%73%45%5A%4C%23%46%2F%44%20%47%5A%4C%45%4C%5A%41%20%2F%41%5A%4C%44%4C%45%20%44%32%4C%5A%46%23%2D%2F%45%20%23%47%2F%45%5A%4C%23%46%2F%44%20%7C%45%51%79%58%44%31%4E%5A%4C%45%2F%2D%23%46%20%42%20%7D%7C%4E%51%2C%45%20%44%5A%41%58%79%51%7C%45%20%3C%2A%35%37%20%20%54%6F%20%41%3E%20%20%7D%7B%51%46%23%2D%20%46%23%2D%2F%45%4C%5A%44%20%45%20%7D%41%58%79%51%5A%20=%50%6F%70%2D%52%6F%63%6B=%31%31%35=%31
bafd9d72-b2de-45aa-b225-ce7cfa1a183b,irealb://%43%75%61%6E%64%6F%20%4F%72%61%73=%54%72%61%64%69%74%69%6F%6E%61%6C==%42%61%6C%61%64%61=%44%2D==%31%72%33%34%4C%62%4B%63%75%37%2D%47%7C%51%79%34%44%2D%58%79%79%58%39%2D%44%41%2A%7B%7D%20%41%20%73%75%41%73%7C%51%79%58%2D%47%7C%51%79%58%36%43%7C%51%51%7C%43%36%58%34%54%69%2A%7B%79%58%44%42%2A%41%73%75%73%20%23%43%3E%6D%69%64%20%20%51%79%58%37%32%2A%7C%3C%51%79%58%43%7C%51%79%58%62%42%7C%7D%20%41%6F%58%79%51%7B%7C%51%79%58%39%2A%3C%20%41%7C%58%79%51%7C%47%7C%51%79%58%47%7C%51%79%58%2D%42%43%2A%5B%51%5A%79%58%2D%44%7D%51%79%58%41%5A%4C%2D%45%20%45%2D%58%79%51%2D%42%7C%7C%51%20%6F%54%20%20%20%20%64%69%6D%41%7C%51%79%58%41%7C%51%79%58%2D%45%7C%51%58%79%47%7C%51%79%58%2D%42%7C%5A%4C%6F%23%41%3E%20%3C%2A%36%36%51%79%58%37%32%42%3E%20%20%5D%7C%51%44%58%79%51%5D%20=%4A%61%7A%7A%2D%4D%65%64%69%75%6D%20%53%77%69%6E%67=%31%30%30=%33
baaad1f5-87da-4ff6-b379-9972402de569,"irealb://%43%61%72%61%20%41%20%43%61%72%61%20%4E%57=%57%69%6E%65%20%4E%65%77==%42%61%6C%6C%61%64%20%45%76%65%6E=%42%62%2D==%31%72%33%34%4C%62%4B%63%75%37%79%58%2D%44%7C%62,%58%79%51%7C%51%79%58%43%7C%51%79%58%62%42%7C%51%79%46%58%7C%51%79%58%73%75%73%46%7C%51%79%58%43%7C%44%2D%58%79%51%42%34%34%54%7B%51%7D%20=%4A%61%7A%7A%2D%42%61%6C%6C%61%64%20%45%76%65%6E=%36%30=%33"
ba4bbe1c-5cbd-439c-a76a-a1bab3a5c09f,irealb://%33%20%54%68%65%20%54%75%6E%65%20%47%20%31=%41%72%62%61%6E%20%20%4C%65%65==%42%61%6C%6C%61%64=%47==%31%72%33%34%4C%62%4B%63%75%37%5A%4C%39%64%64%20%41%2D%37%4C%47%5A%4C%73%75%73%37%44%20%37%2D%45%5A%4C%44%37%20%37%2D%41%5A%4C%37%5E%43%20%37%5E%47%5A%5E%37%20%43%61%47%34%34%54%5B%43%5E%37%20%44%37%4C%5A%43%5E%37%20%41%2D%37%4C%5A%44%37%20%47%5E%37%2C%20%5A%20=%4A%61%7A%7A%2D%42%61%6C%6C%61%64%20%4D%65%6C%6F%64%69%63=%38%30=%32
bae90de8-a35b-4e58-8171-19257c42ee52,irealb://%46%69%6E%6E%69%73%68%20%53%63%68%6F%74%74%69%73%63%68%65=%54%72%61%64%69%74%69%6F%6E%61%6C==%46%69%64%64%6C%65%20%54%75%6E%65=%44%2D==%31%72%33%34%4C%62%4B%63%75%37%2D%44%5A%4C%41%32%44%2D%58%79%79%58%2D%47%7C%51%79%58%2D%44%7C%51%79%58%44%2D%5A%4C%41%20%2D%44%7C%51%79%58%2D%47%7C%51%51%7C%44%2D%20%32%54%41%2A%7B%7D%51%79%58%2D%37%58%79%51%7C%2D%44%7C%51%79%58%2D%47%7C%51%79%58%2D%44%51%7C%79%58%46%7C%51%79%58%43%7C%51%79%58%2D%47%20%41%4C%5A%44%44%7C%51%79%58%79%58%2D%44%5A%2D%58%79%51%7C%7C%51%79%58%2D%44%7C%51%79%58%2D%47%7C%51%58%79%2D%44%5A%4C%41%20%2D%47%7C%51%79%58%2D%44%44%2D%20%41%4C%47%42%2A%7B%59%51%7C%47%2D%58%79%51%7C%44%2D%58%79%51%7C%41%58%79%51%7C%44%2D%58%79%51%7C%47%2D%58%79%51%7C%44%2D%58%79%51%7C%41%58%79%51%7C%44%2D%58%79%51%7D%20==%31%30%30=%33
ba2e80a2-c5ce-4afa-bb9f-a81272f2dad8,irealb://%4D%65%75%20%44%65%73%65%6A%6F=%2E==%42%61%6C%61%64%61=%43==%31%72%33%34%4C%62%4B%63%75%37%7C%51%79%58%39%34%46%5E%58%79%78%7C%51%79%58%5E%46%69%2A%7B%7D%51%79%58%2D%37%45%7C%51%79%58%39%43%7C%51%79%58%78%7C%51%58%79%51%7C%43%34%54%42%2A%7B%58%78%7C%51%79%7B%2A%41%46%5E%7B%7D%20%20%3E%65%74%65%70%65%52%3C%20%78%51%7C%79%58%45%2F%43%7C%51%79%58%78%7C%51%79%58%2A%42%46%5E%58%7D%51%79%58%78%79%51%7C%43%39%58%79%51%7C%45%2D%37%3C%56%6F%6C%74%61%20%69%6E%74%72%6F%3E%58%79%51%7D%20==%30=%30
ba9386ef-5208-4cf9-9d37-0ee32d79b1f2,irealb://%51%75%65%6D%20%4A%C3%A1%20%50%69%73%6F%75=%2E==%4D%69%6E%69%73%74%C3%A9%72%69%6F%20%4C%69%76%72%65=%43==%31%72%33%34%4C%62%4B%63%75%37%46%7C%51%79%58%34%47%5E%58%79%58%5E%47%2C%41%2A%2C%7B%7D%51%79%58%2D%42%51%7C%79%58%2D%23%46%7C%51%79%58%47%2F%41%7C%51%79%51%7C%45%2D%34%54%69%2A%7B%2F%41%7C%51%79%7C%42%2D%58%79%2A%2C%7B%7D%51%79%58%2D%23%46%7C%51%79%58%7C%41%51%79%58%2D%45%7C%51%79%58%5E%47%7B%7D%51%42%2C%47%5E%58%51%79%58%2D%23%20%44%20%3E%34%46%23%2D%58%79%5A%4C%44%20%3E%34%36%33%2A%3C%44%7C%51%79%41%58%7C%51%79%58%5E%47%7C%51%79%58%2D%42%7C%51%44%3C%2A%33%33%7C%51%79%58%47%7D%20==%30=%30
ba7eb02f-b9cf-42de-ba1f-611cf0e5fdcf,irealb://%49%73%6E%27%74%20%54%68%69%73%20%61%20%4C%6F%76%65%6C%79%20%44%61%79%2D%52%65%76%20%4A%45=%42%65%72%6C%69%6E%20%49%72%76%69%6E%67==%4D%65%64%69%75%6D%20%53%77%69%6E%67=%46==%31%72%33%34%4C%62%4B%63%75%37%2C%39%2D%47%5A%58%79%51%7C%46%20%37%2D%41%6C%31%4E%7C%2C%37%45%73%20%20%46%5E%5A%4C%37%43%20%37%2D%47%7C%51%79%58%6F%23%44%37%23%35%4C%36%46%69%2A%7B%2D%47%5A%4C%39%46%36%20%41%62%2D%41%5A%4C%37%45%20%68%42%7C%51%79%58%37%41%2D%32%4E%7C%7D%20%37%43%20%37%2D%47%5A%4C%6F%37%20%44%37%62%5A%4C%37%43%20%43%20%68%47%7C%4C%5A%46%36%2C%47%6C%42%2A%5B%20%20%51%79%58%51%79%58%5D%2C%20%37%62%41%20%2C%37%2D%41%5A%4C%37%2D%47%20%2D%37%58%79%51%2C%37%43%20%37%37%2D%41%5A%4C%20%47%2D%37%4C%46%5A%4C%37%43%20%68%47%7C%51%79%58%37%2D%5A%47%4C%29%37%62%41%28%6F%62%41%20%37%2D%41%5A%36%20%47%2D%37%5E%46%5A%4C%37%79%58%37%2D%41%5D%5B%2A%43%46%57%20%39%43%7C%51%79%58%37%2D%47%7C%51%79%6F%58%62%41%7C%51%79%58%29%37%2D%41%28%41%2F%5E%2F%42%62%4C%5A%20%37%2D%47%20%46%5A%4C%37%43%33%23%31%31%58%79%58%37%2D%47%42%2A%5B%5D%20%39%62%37%43%2C%20%37%2D%47%7C%51%79%58%33%31%62%41%7C%51%79%51%7C%47%68%20%31%62%45%7C%51%41%5B%5D%20%37%4C%5A%41%2D%37%51%79%58%36%46%5A%4C%37%43%20%68%47%7C%51%58%79%37%2D%47%5A%4C%29%37%62%41%28%6F%62%41%20%7C%42%68%20%45%37%2D%47%20%5E%5A%4C%51%2C%37%35%4C%5A%47%2D%51%79%58%37%2D%47%7C%51%79%58%33%31%47%7C%79%51%58%37%2D%44%5A%4C%35%23%39%62%37%41%20%37%7C%47%68%20%43%23%37%44%20%68%46%36%20%41%62%6F%4C%5A%47%2D%37%20%43%37%20%5D%5B%51%73%46%36%2C%41%62%37%2C%47%2D%37%2C%47%62%37%2C%7C%55%3C%46%49%4E%45%3E%6C%46%5E%58%79%51%5A%20=%4A%61%7A%7A%2D%53%77%69%6E%67%20%54%77%6F%2F%46%6F%75%72=%31%32%30=%33
ba37f26c-648f-4643-8cff-96584ee4ec35,irealb://%59%65%73%74%65%72%64%61%79%73=%4B%65%72%6E%20%4A%65%72%6F%6D%65==%4D%65%64%69%75%6D%20%55%70%20%53%77%69%6E%67=%44%2D==%31%72%33%34%4C%62%4B%63%75%37%2D%44%5A%4C%23%2D%58%79%51%7C%44%20%2D%44%5A%4C%39%62%37%41%20%37%68%45%51%7C%79%58%2D%44%5A%4C%39%62%37%41%20%37%68%45%2D%5E%37%2F%43%44%34%34%54%7B%37%2D%43%7C%51%51%7C%42%68%37%51%79%58%33%31%47%7C%51%79%58%39%44%7C%51%58%79%35%23%37%41%7C%51%79%58%37%45%7C%51%79%58%7C%43%39%58%79%79%58%43%2F%37%20%46%37%4C%5A%42%62%5E%37%20%45%62%37%4C%5A%45%68%37%58%79%51%7C%41%37%62%39%58%79%51%7D%20=%4A%61%7A%7A%2D%53%77%69%6E%67%20%54%77%6F%2F%46%6F%75%72=%31%36%30=%33
ba596345-9f14-4ceb-9026-99e3602108d8,irealb://%4C%C3%A1%20%56%65%6D%20%53%61%6C%67%75%65%69%72%6F=%52%6F%64%72%69%67%75%65%73%20%4A%61%69%72==%53%61%6D%62%61=%45%2D==%31%72%33%34%4C%62%4B%63%75%37%45%5A%4C%37%42%42%37%4C%5A%45%2F%57%20%2D%45%5A%4C%37%42%20%43%7C%51%79%2D%58%45%5A%4C%37%42%20%43%5A%4C%44%2F%57%20%2D%44%4C%5A%43%20%20%43%69%2A%5B%2D%45%3E%2E%2E%45%37%29%4C%5A%20%6F%C3%A3%74%20%61%76%61%74%73%65%20%61%72%65%69%66%2D%61%64%6E%75%67%65%53%3C%41%2A%5B%59%66%65%6C%69%7A%28%37%42%20%2D%2D%41%5A%4C%37%42%37%2C%4C%5A%4C%23%46%2F%37%42%20%37%2D%41%5A%4C%37%45%47%20%5A%4C%37%44%20%2D%41%5A%4C%37%45%20%2D%45%5A%45%2D%20%45%20%29%2D%41%28%61%70%20%6F%72%23%4C%5A%47%20%61%53%20%6F%20%6F%64%6E%61%75%71%20%73%61%20%4D%20%33%30%2A%3C%42%2A%7B%59%59%5D%20%37%45%6C%67%75%65%69%46%2F%37%44%20%79%58%51%79%58%3E%41%2D%20%44%3E%37%58%32%37%2A%3C%37%45%20%2D%45%5A%4C%42%37%20%68%23%46%5A%4C%5E%43%20%5E%47%5A%4C%37%20%7D%58%79%51%2E%2E%6F%73%73%51%58%79%51%7C%4E%30%3C%2A%36%36%20%20%37%3E%45%2D%58%79%51%5A%20=%4C%61%74%69%6E%2D%42%72%61%7A%69%6C%3A%20%53%61%6D%62%61=%32%30%30=%31%35
baa2fda6-b5d8-4b1a-bfcc-d1a97d51e795,irealb://%56%61%69%20%6C%C3%A1%20%2D%20%56%61%69%20%6C%C3%A1=%46%75%6E%64%6F%20%64%65%20%51%75%69%6E%74%61%6C==%53%61%6D%62%61=%46==%31%72%33%34%4C%62%4B%63%75%37%59%7B%2A%41%54%34%34%47%2D%37%20%43%37%4C%5A%46%20%44%37%4C%5A%58%79%51%72%7C%58%79%51%20%7D%20=%4C%61%74%69%6E%2D%42%72%61%7A%69%6C%3A%20%53%61%6D%62%61=%32%30%30=%30
ba24b3a0-a49c-416a-80f6-2b4daafd5bb3,irealb://%55%6E%65%20%48%69%73%74%6F%69%72%65%20%53%69%6D%70%6C%65%20%31=%52%65%69%6E%68%61%72%64%74%20%42%61%62%69%6B==%42%61%6C%6C%61%64=%44==%31%72%33%34%4C%62%4B%63%75%37%68%45%5A%4C%41%34%3C%20%41%41%75%73%37%41%5A%4C%41%2F%44%20%41%2F%37%6F%5A%46%4C%39%62%37%41%20%73%75%73%37%41%3E%41%42%73%20%45%62%2F%34%54%41%2A%7B%58%51%79%58%51%5E%37%4C%5A%47%5A%4C%35%23%37%41%20%73%75%73%37%41%5A%4C%42%37%20%37%2D%23%46%5A%4C%37%23%43%20%37%68%23%58%79%51%58%79%44%20%41%2F%37%73%75%73%37%44%44%5E%37%20%43%51%79%58%51%79%58%7D%20%37%5E%62%45%3E%65%69%6E%46%3C%20%37%5E%62%42%29%37%46%28%20%2C%2D%20%4C%5A%4E%32%31%4E%7C%51%79%6E%69%46%20%6C%37%20%44%37%20%44%3C%5A%4C%2D%45%20%37%2D%42%7C%51%79%58%5E%37%44%5A%4C%37%43%20%37%5E%47%6C%42%2A%5B%5D%2E%43%2E%20%61%2D%41%20%70%20%65%3E%73%46%2D%2C%42%62%37%2C%45%2D%2C%41%37%5D%20=%4A%61%7A%7A%2D%42%61%6C%6C%61%64%20%53%77%69%6E%67=%36%30=%33
bac49025-2d52-4f39-9793-77c9ea5faf50,irealb://%53%69%20%54%75%20%53%61%76%61%69%73%20%28%42%6D%29=%55%6C%6D%65%72%20%47%65%6F%72%67%65%73==%53%6C%6F%77%20%53%77%69%6E%67=%42%2D==%31%72%33%34%4C%62%4B%63%75%37%2D%42%59%5A%4C%34%3C%20%41%41%5A%4C%37%41%20%2D%42%5A%4C%37%47%20%2D%42%4C%5A%29%36%2D%45%28%6F%23%41%20%2D%42%3E%41%42%44%20%46%23%37%34%54%41%2A%7B%2D%42%32%4E%5A%45%2D%36%29%4C%51%79%58%7D%20%37%23%46%20%2C%2D%42%5A%4C%23%37%46%20%2D%42%31%4E%5A%4C%6F%42%20%2D%42%5A%58%79%51%20%4C%28%6F%23%41%20%4B%51%79%58%37%5A%42%2D%20%3C%2D%42%7C%51%79%58%2D%42%5A%4C%20%6C%63%4B%79%51%58%37%47%42%2A%5B%5D%20%20%3E%65%6E%69%46%58%79%51%7C%47%4C%37%23%46%20%63%6C%20%4C%5A%46%23%37%20%20%28%46%37%29%4C%5A%3C%44%2E%43%2E%20%61%6C%20%32%6E%64%20%45%6E%64%2E%3E%46%23%37%20%20%28%43%37%29%20%5D%20==%30=%30
ba8a5e70-1855-4b14-a33f-af3b43b8a958,"irealb://%42%6C%75%65%73%20%46%6F%72%20%49%6B%65=%52%65%69%6E%68%61%72%64%74%2D%47%72%61%70%65%6C%6C%69==%55%70%20%54%65%6D%70%6F%20%53%77%69%6E%67=%41==%31%72%33%34%4C%62%4B%63%75%37%4C%6F%43%20%23%58%79%51%4B%63%79%58%41%5A%4C%20%6C%63%4B%51%79%58%37%44%51%7C%79%58,%37%41%5A%4C%20%78%20%5A%4C%20%6C%51%7C%41%2F%43%41%34%34%54{%5A%7C%42%2D%37%58%79%51%7C%45%37%58%79%51%7C%41%2F%43%23%28%41%29%20%43%6F%28%46%23%37%29%4C%5A%42%2D%37%20%45%37%20}%20==%30=%30"
ba65f907-2b98-4fa3-a32e-9c30a7a30f50,"irealb://%56%61%6C%73%65%20%4D%61%6E%6F%75%63%68%65=%52%65%69%6E%68%61%72%64%74%20%44%6A%61%6E%67%6F==%57%61%6C%74%7A=%41==%31%72%33%34%4C%62%4B%63%75%37%4C%6F%46%5A%4C%34%3C%41%41%42%46%2F%2D%42%5A%4C%2D%42%5A%4C%20%7C%72%20%4C%5A%20%7C%72%20%5A%4C%45%2F%41%5A%4C%41%3E%41%23%4C%5A%42%2D%33%54%41%2A{%4C%2D%42%5A%4C%5A%78%4C%5A%43%41%5A%4C%20%7C%72%20%5A%4C%45%2F%41%5A%4C%7C%41%5A%4C%45%5A%4C%23%43%5A%4C%23%47%5A%4C%23%37%4C%5A%47%6F%4C%2D%23%46%5A%65%6E%69%46%3C%2D%4C%5A%78%4C%3E%2F%20%3C,%41%3E%2F%20%2F%3C%5A%4C%6F%5A%44%4C%6F%62%45%5A%4C%45%2F%41%5A%4C,%41%5A%20%28%45%29%7C%44%5A%4C%78%5A%5A%4C%46%5A%4C%2A%42%45%4C%5A%5A%4C%45%5A%4C%39%62%37%42%5A%4C%36%46%5A%39%4C%43%5A%4C%45%5A%4C%46%5A%4C%45%5A%4C%37%41%41%37%4C%5A%45[}%20%41%3E%45,%4C%5A%46%2F%45%4C%5A%46%23%2F%45,%4C%5A%47%2F%45,%4C%5A%45%37%4C%5A%3C%44%2E%43%2E%20%61%6C%20%46%69%6E%65%3E%6E%20]%20==%30=%30"
ba6c65c9-6f5f-4f40-8b26-b980fce00489,irealb://%42%69%6C%6C%20%42%61%69%6C%65%79%2C%20%57%6F%6E%27%74%20%59%6F%75%20%50%6C%65%61%73%65%20%43%6F%6D%65%20%48%6F%6D%65%20%28%42%65%6C%6F%66%66%20%41%72%72%2E%29=%43%61%6E%6E%6F%6E%20%48%75%67%68%69%65==%42%72%69%67%68%74%6C%79=%44==%31%72%33%34%4C%62%4B%63%75%37%4C%37%45%5A%4C%34%3C%2A%37%30%5A%4C%6F%44%5A%4C%47%3E%36%36%31%20%73%6E%65%61%6C%72%4F%20%77%65%4E%2D%7A%7A%61%4A%20%20%44%4C%5A%42%37%34%54%69%2A%5B%51%79%58%37%41%44%4C%5A%41%37%7C%51%79%58%44%7C%51%79%58%70%7C%51%79%58%7C%44%51%79%58%70%7C%51%79%58%44%41%2A%5B%5D%20%70%58%79%51%7C%5A%4C%37%41%5A%79%58%70%7C%51%5D%5B%2A%42%41%79%58%70%7C%51%79%58%37%41%7C%51%79%58%70%51%7C%79%58%37%41%7C%51%79%58%70%7C%51%79%58%37%51%7C%44%58%79%51%79%58%70%7C%45%5A%4C%47%7C%44%58%79%51%7C%51%79%58%47%5A%4C%37%44%20%70%7C%51%79%58%7C%44%51%79%58%70%7C%51%79%58%44%7C%51%79%58%70%7C%70%58%79%51%41%2A%5B%5D%51%3A%29%22%6F%72%5A%42%37%4C%5A%20%61%64%6F%43%20%20%51%79%58%34%36%2A%3C%5B%51%5D%20%70%5A%4C%44%5A%4C%37%41%5A%4C%37%45%28%22%4F%75%74%4C%44%5A%4C%37%3E%47%4C%5A%45%37%4C%5A%44%4C%5A%42%37%4C%5A%45%37%4C%5A%41%37%4C%5A%44%4C%5A%70%20%5A%20=%4A%61%7A%7A%2D%4E%65%77%20%4F%72%6C%65%61%6E%73%20%53%77%69%6E%67=%31%36%36=%32
ba8f4ab4-dd2e-4298-a553-af3adf9d4a01,irealb://%57%69%6C%6C%20%54%68%65%20%43%69%72%63%6C%65%20%42%65%20%55%6E%62%72%6F%6B%65%6E%20%28%42%65%6C%6F%66%66%20%41%72%72%2E%29=%43%68%61%72%6C%65%73%20%48%2E%20%47%61%62%72%69%65%6C%2C%20%41%64%61%20%52%2E%20%48%61%62%65%72%73%68%6F%6E==%57%69%74%68%20%46%65%65%6C%69%6E%67=%44==%31%72%33%34%4C%62%4B%63%75%37%73%2C%44%2C%44%34%3C%2A%36%36%2C%37%41%73%2C%44%2C%44%3E%38%32%31%20%79%74%72%6E%75%6F%43%2D%70%6F%50%20%79%72%54%20%20%41%37%2C%7C%6C%34%54%69%2A%5B%41%20%44%7C%51%51%58%79%51%20%79%58%44%7C%51%79%58%44%7C%51%79%58%47%7C%79%51%58%37%44%7C%51%79%58%2C%44%6C%41%2A%5B%20%51%7C%70%58%79%79%58%5D%20%6E%44%5A%4C%37%41%79%51%5D%5B%2A%58%70%7C%51%79%58%44%7C%51%79%58%44%7C%51%58%79%47%7C%51%79%58%37%44%7C%51%79%58%2C%44%42%79%51%7C%44%20%58%44%5A%4C%37%58%79%51%5D%5B%51%44%2C%44%2C%73%41%37%2C%41%37%2C%7C%6C%44%2C%44%2C%73%6E%20%5A%20=%50%6F%70%2D%43%6F%75%6E%74%72%79=%31%32%38=%32
baede5ae-e547-4f99-9d77-52b75499f194,irealb://%50%61%73%73%69%6F%6E%20%28%61%6C%74%29%20%64%66%62%20%31=%4D%75%72%65%6E%61%20%54%6F%6E%79==%57%61%6C%74%7A=%41%2D==%31%72%33%34%4C%62%4B%63%75%37%2D%41%53%41%2A%34%41%2D%3C%20%72%20%5A%4C%20%7C%72%20%5A%4C%20%7C%72%20%4C%5A%35%62%37%46%5A%4C%3E%41%43%41%42%41%41%20%7C%20%20%5D%7B%33%54%69%2A%5B%5A%4C%78%5A%4C%23%4C%5A%57%2F%5A%4C%36%2D%44%7C%5A%4C%78%5A%4C%2D%41%5A%37%4C%45%5A%4C%37%46%5A%4C%23%46%2F%57%5A%4C%47%78%4C%5A%41%2D%47%2F%57%5A%4C%5D%20%55%78%3E%5A%46%37%4C%5A%5A%4C%2D%41%5A%4C%37%45%5A%4C%37%42%32%4E%4C%5A%20%51%79%58%51%79%58%7D%20%78%5A%4C%37%45%3C%46%69%6E%65%4C%37%42%31%4E%2D%41%5A%4C%37%37%4C%5A%45%37%45%20%64%72%33%20%6C%61%20%2E%53%2E%44%20%3C%20%5A%4C%36%2D%44%5A%4C%78%5A%4C%2D%41%5A%4C%6E%64%2E%3E%45%68%42%42%2A%7B%41%5A%4C%2C%41%31%32%34%78%3E%78%5A%4C%37%45%5A%4C%37%46%5A%4C%37%42%33%5A%4E%4C%2C%41%2A%2C%20%51%79%58%51%79%58%7D%20%20%5D%7B%2A%43%2A%3C%78%5A%4C%42%5A%4C%37%45%42%2D%37%4C%5A%5A%4C%37%6F%43%5A%4C%23%43%2F%41%5A%4C%78%4C%5A%41%5A%4C%37%45%5A%4C%37%2D%42%5A%4C%37%45%45%2F%42%4C%5A%5A%4C%37%6F%23%41%5A%4C%78%5A%37%4C%5A%4E%31%5A%4C%37%41%5A%4C%41%32%4E%7C%51%79%58%51%58%79%51%79%58%51%79%58%7D%20%41%5A%4C%37%23%47%44%2D%36%2C%4C%45%5A%4C%37%2D%4C%5A%46%23%37%4C%5A%42%37%4C%5A%45%37%3C%44%2E%53%2E%20%61%6C%20%32%6E%64%20%45%6E%64%2E%3E%4C%5A%41%4C%5A%45%37%20%5D%20=%4A%61%7A%7A%2D%47%79%70%73%79%20%4A%61%7A%7A=%32%34%30=%31
ba6932b9-b983-424b-8cfa-9561781c90ce,irealb://%53%6F%6D%65%20%4F%66%20%54%68%65%73%65%20%44%61%79%73%20%28%47%29=%42%72%6F%6F%6B%73%20%53==%4D%65%64%69%75%6D%20%53%77%69%6E%67=%47==%31%72%33%34%4C%62%4B%63%75%37%45%7C%5A%4C%20%37%58%79%51%4B%58%2D%45%5A%4C%20%6C%63%4B%51%79%58%37%42%4C%5A%20%6C%63%4B%51%79%58%2D%45%5A%4C%20%6C%63%79%51%4B%63%6C%42%34%34%54%5B%63%4B%51%79%58%63%6C%20%4C%5A%6C%63%4B%51%79%58%37%44%5A%4C%20%6C%63%4B%79%51%58%37%41%5A%4C%20%6C%63%4B%51%79%58%37%41%20%4C%5A%47%37%4B%51%79%58%37%58%47%7C%51%79%58%79%51%4B%63%51%79%58%43%5A%4C%20%6C%63%4B%51%79%58%2D%5A%41%4C%20%6C%63%4B%51%79%58%37%45%5A%4C%20%6C%7C%43%23%6F%58%43%5A%4C%20%6C%79%51%7C%45%37%58%79%51%7C%41%37%58%79%51%7C%44%37%58%79%51%7C%47%58%79%51%4B%63%6C%20%20%5D%20==%30=%30
baca162c-cfbf-47b6-aa26-cadc7e25c83f,irealb://%41%6C%6F%6E%67%20%54%68%65%20%52%6F%61%64=%46%6F%67%65%6C%62%65%72%67%20%44%61%6E==%52%6F%63%6B%20%53%6C%6F%77=%43==%31%72%33%34%4C%62%4B%63%75%37%58%44%7C%51%79%58%79%51%7C%45%58%47%7C%51%79%58%37%45%7C%51%79%58%44%53%7D%7B%51%79%58%44%7C%51%79%58%47%7C%51%79%58%37%79%51%7C%44%58%44%34%34%54%7B%2D%42%5A%4C%41%58%79%51%7C%47%58%2B%23%46%7C%51%79%58%47%7C%51%79%58%2D%5A%42%4C%51%2C%23%43%2F%37%41%20%44%7C%51%79%58%79%51%7C%47%20%37%45%7C%51%79%7C%51%79%58%47%37%58%79%51%7C%45%7C%51%79%58%44%7C%2C%45%2F%41%2C%41%2F%20%44%41%2F%2D%47%5A%4C%73%75%73%37%41%20%37%41%37%58%79%51%7C%45%7C%51%79%58%20%47%7C%51%79%51%7D%58%79%51%51%79%58%47%7C%51%79%58%2D%42%5A%4C%23%43%41%2F%20%44%32%4E%5B%51%79%58%51%79%58%51%79%58%7C%46%23%2B%58%79%58%44%31%4E%2C%37%41%3E%61%58%79%51%7C%45%61%20%2E%53%2E%44%3C%2C%36%41%20%41%2F%2D%5A%47%4C%73%75%73%37%41%20%37%41%7C%51%79%58%37%6C%20%43%6F%64%2D%42%5A%4C%41%79%58%47%7C%51%42%20%41%2F%43%51%79%58%44%7B%20%51%79%58%5A%4C%23%43%2F%20%41%42%2F%47%5A%4C%23%43%2F%41%20%44%5A%4C%23%7C%45%37%58%79%2F%47%51%5B%5D%51%7C%44%20%20%3C%34%78%3E%20%7D%3C%38%35%62%70%6D%3E%58%79%51%58%79%51%58%79%51%58%79%51%58%79%51%3C%4B%6C%6D%3E%20==%38%35=%30
ba721fed-4c27-4ae5-8603-e3b596472534,irealb://%45%6C%65%6D%65%6E%74%20%44%6D=%43%61%72%6C%6F%20%44%65%20%57%69%6A%73==%50%6F%70=%47%23%2D==%31%72%33%34%4C%62%4B%63%75%37%68%45%5A%4C%46%34%34%3C%20%20%47%5A%4C%41%2F%2D%44%20%2C%23%41%2F%2D%47%4C%5A%43%2F%2D%41%20%2D%44%73%3E%65%6D%65%68%54%2D%20%44%2D%2F%54%41%2A%53%7B%79%58%41%2F%37%36%78%20%3E%20%58%68%23%47%7C%51%79%58%5E%23%41%7C%51%79%68%58%42%3E%20%65%67%64%69%72%42%3C%42%2A%7B%7D%79%51%7C%45%2D%3C%2C%2D%44%20%6F%53%20%3C%43%44%2D%20%41%2D%44%20%68%45%5A%4C%46%2F%2D%44%20%2D%47%5A%41%4C%2F%2D%44%20%2C%23%41%2F%2D%47%5A%4C%43%2F%2D%20%7D%7B%2A%41%2A%7B%7D%51%3C%42%2A%7B%7D%20%41%2D%2F%43%2C%2D%44%20%68%45%5A%4C%46%2F%2D%44%20%2D%5A%47%4C%41%2F%2D%44%20%2C%23%41%2F%2D%47%5A%4C%3C%34%78%3E%20%2D%44%3E%6F%6C%44%3E%65%6D%65%75%65%3E%42%68%41%2A%7B%7D%51%79%58%41%2F%37%2D%45%7C%51%58%79%68%23%47%7C%51%79%58%5E%23%41%7C%51%79%58%3C%20%20%54%68%63%20%6E%4F%20%2D%44%3E%20%51%43%4C%5A%47%2D%43%3C%5B%7D%20%2D%44%20%68%45%5A%4C%46%2F%44%2D%20%2D%47%5A%4C%41%2F%2D%44%20%2C%23%41%2F%6F%64%61%58%79%2F%2D%41%20%2D%5A%4C%39%62%37%2F%43%23%4C%5A%23%44%5A%4C%39%47%20%2B%23%47%5A%4C%33%31%37%62%41%20%23%41%2F%2D%47%5A%4C%68%42%20%2D%43%5E%31%33%20%44%39%62%37%41%20%73%2C%31%31%2D%31%31%20%46%23%37%41%73%2C%31%31%23%39%5E%23%41%73%5A%4C%5E%39%23%47%20%39%62%33%31%47%5A%4C%73%75%73%39%61%6C%74%2C%44%23%37%5E%23%43%20%5D%5B%44%2D%58%79%51%4B%63%6C%20%4C%5A%20%78%20%4C%5A%20%78%55%3C%46%69%6E%65%3E%20%3C%20%3E%20%5A%20=%50%6F%70%2D%53%6D%6F%6F%74%68=%37%38=%30
bafd0e49-e3f8-4c41-a0e5-2a215fe84439,irealb://%47%6F%64%20%52%65%73%74%20%59%65%20%4D%65%72%72%79%2C%20%47%65%6E%74%6C%65%6D%65%6E=%45%78%63%65%6C%63%69%61%20%4D%75%73%69%63%20%50%75%62%6C%69%73%68%69%6E%67==%4D%65%64%69%75%6D%20%53%77%69%6E%67=%46%2D==%31%72%33%34%4C%62%4B%63%75%37%2F%43%20%2D%46%34%46%2D%20%43%6E%2C%39%43%7C%51%79%58%33%31%62%44%7C%2C%62%35%37%2D%44%20%20%62%45%2F%2D%46%5A%4C%45%2F%20%4C%5A%2A%41%34%54%69%2A%5B%4C%35%62%37%2D%2F%45%62%20%44%2D%46%5A%4C%45%2F%43%20%2D%46%7C%51%79%58%43%39%7C%51%79%58%33%31%62%44%5A%4C%35%62%37%2D%2F%45%62%20%44%2D%46%5A%4C%45%2D%62%42%20%37%58%79%51%7C%43%79%58%37%2D%46%5A%4C%37%43%20%37%62%41%5A%37%4C%62%45%20%37%2D%62%42%42%2A%5B%51%79%58%39%51%7C%42%62%2D%33%31%62%44%5A%58%37%5E%62%41%5A%41%62%5E%37%37%2D%62%42%20%37%2D%62%42%7C%51%79%58%37%46%2D%5A%4C%37%43%20%35%62%37%2D%47%7C%51%79%58%2F%45%62%4C%5A%4C%62%45%2F%37%79%51%7C%47%2D%37%62%35%20%43%37%4C%5A%46%2D%20%47%2D%37%62%35%2C%43%37%2C%7C%46%2D%58%79%51%5A%20=%4A%61%7A%7A%2D%4D%65%64%69%75%6D%20%53%77%69%6E%67=%31%30%30=%30
ba702396-ac83-4b02-b6f7-1c970d63e499,irealb://%48%61%72%76%65%73%74%20%4D%6F%6F%6E%20%2D%20%46%6C%69%6E%6E%65%72=%59%6F%75%6E%67%20%4E%65%69%6C==%50%6F%70%20%52%6F%63%6B=%43==%31%72%33%34%4C%62%4B%63%75%37%7B%7D%20%20%78%54%34%34%44%2D%20%5A%4C%20%6C%63%4B%51%79%58%43%5A%4C%20%20%78%5A%4C%20%78%20%5A%4C%20%6C%63%4B%51%79%58%78%20%4C%5A%20%2C%76%2A%2C%7B%51%79%58%2D%44%63%6C%20%4C%5A%7D%20%20%78%20%5A%4C%20%78%20%5A%4C%20%6C%4B%63%51%79%58%43%5A%4C%20%78%20%5A%4C%20%78%20%5B%2C%2A%43%2C%4B%51%79%58%46%4B%63%6C%20%4C%5A%47%58%79%51%4B%63%6C%20%4C%5A%44%2D%58%79%51%4B%63%6C%20%4C%5A%47%58%79%51%4B%63%6C%20%4C%5A%43%58%79%51%4B%63%6C%20%20%5A%20==%30=%30
ba9ade26-8fab-452f-84e7-1ff7a963e58d,irealb://%41%73%70%65%6E=%46%6F%67%65%6C%62%65%72%67%20%44%61%6E==%52%6F%63%6B%20%53%6C%6F%77=%43==%31%72%33%34%4C%62%4B%63%75%37%7C%51%79%58%37%2D%58%79%51%7C%58%46%7C%51%79%58%37%5E%62%42%7C%51%79%58%7C%41%51%79%58%37%2D%41%7C%51%79%58%37%5E%62%42%79%51%7C%41%2D%44%34%33%54%5B%79%58%37%2D%41%7C%44%2D%58%79%7C%51%79%58%37%5E%62%42%7C%51%79%58%41%7C%79%51%58%37%2D%41%7C%51%79%58%37%5E%62%42%7C%51%46%58%79%51%7C%7C%51%79%58%41%7C%51%79%58%47%51%7C%42%62%58%41%7C%51%79%58%62%42%7C%51%79%58%62%42%5A%2D%4C%41%2C%43%2C%62%42%7C%51%79%58%46%7C%51%79%2D%58%79%51%7C%79%58%41%7C%51%7C%51%79%58%47%42%62%5E%37%58%41%7C%51%79%58%62%42%7C%51%79%58%62%42%5A%2D%4C%41%2C%43%2C%62%42%7C%51%79%58%46%7C%51%79%2D%58%79%51%7C%7C%51%79%58%43%51%79%58%51%79%42%62%5E%37%4C%20%37%5E%62%42%5A%4C%37%5E%62%42%5A%4C%37%62%5E%42%5A%4C%37%5E%62%42%5A%4C%37%5E%62%42%5A%5A%58%79%51%58%7C%51%79%58%43%3C%51%79%58%51%51%58%79%51%58%51%79%58%51%79%58%3E%6D%70%62%34%38%3C%51%58%79%51%79%58%51%79%58%51%79%58%51%79%58%51%79%58%79%51%58%79%79%58%51%79%58%4B%6C%6D%3E%20==%38%34=%30
baa61770-adf0-481b-8d8b-6f142d26629f,irealb://%44%69%6D%6D%69%6E%67%20%4F%66%20%54%68%65%20%44%61%79%20%2D%20%46%6C%69%6E%6E%65%72%2C%20%54%68%65=%54%68%6F%6D%70%73%6F%6E%20%52%69%63%68%61%72%64==%50%6F%70%20%52%6F%63%6B=%43==%31%72%33%34%4C%62%4B%63%75%37%63%4B%51%79%58%58%79%51%4B%63%63%4B%51%79%58%47%7C%51%79%58%43%7C%51%79%46%58%5A%4C%20%6C%63%4B%51%79%58%47%5A%4C%20%6C%6C%20%4C%5A%43%43%34%34%54%5B%63%4B%51%79%58%58%79%51%4B%63%63%4B%51%79%58%47%5A%4C%20%6C%63%4B%51%79%43%58%5A%4C%47%20%43%7C%51%79%58%46%5A%4C%20%6C%6C%20%4C%5A%44%47%5A%4C%20%6C%6C%20%4C%5A%47%58%79%51%4B%63%6C%20%4C%5A%44%58%79%51%7C%47%20%43%4C%5A%46%58%79%51%4B%63%6C%20%20%5A%20==%30=%30
ba59e5c0-265b-447c-afd4-e5d73f016250,irealb://%54%68%65%72%65%27%73%20%4E%6F%20%4F%6E%65%20%4C%69%6B%65%20%4D%6F%74%68%65%72%20%54%6F%20%4D%65%20%2D%20%46%6C%69%6E%6E%65%72=%41%2E%20%50%2E%20%43%61%72%74%65%72==%50%6F%70%20%2D%20%43%6F%75%6E%74%72%79=%47==%31%72%33%34%4C%62%4B%63%75%37%5A%4C%44%5A%4C%54%33%34%47%4C%4C%43%5A%4C%47%5A%4C%47%5A%4C%44%5A%4C%44%4C%5A%47%5A%4C%47%5A%4C%43%5A%4C%43%5A%4C%47%5A%5A%43%4C%5A%47%2C%76%2A%2C%5B%5A%4C%47%5A%4C%5D%5B%2C%2A%43%4C%47%5A%4C%47%5A%4C%44%5A%4C%44%5A%4C%47%4C%5A%47%5A%4C%47%5A%4C%47%5A%4C%43%5A%4C%43%2C%5A%43%4C%5A%43%20%47%5A%4C%47%44%4C%5A%47%4C%5A%47%20%5A%20==%30=%30
ba4449fa-bbdc-4626-9f92-8425f3cd620f,irealb://%42%6C%75%65%73%20%42%61%73%69%63%20%32=%45%78%65%72%63%69%73%65==%42%6C%75%65%73=%43==%31%72%33%34%4C%62%4B%63%75%37%58%37%47%5A%4C%37%58%79%51%4B%79%58%37%43%5A%4C%20%6C%63%4B%51%79%58%37%5A%46%4C%20%78%20%5A%4C%20%78%20%5A%4C%20%6C%63%51%4B%63%6C%20%43%34%34%54%5B%79%51%7C%46%37%58%79%51%7C%43%37%58%79%51%7C%47%39%20%20%3C%44%2E%43%2E%20%61%6C%20%43%6F%64%61%3E%20%5A%59%7C%55%51%43%39%58%79%51%5A%20==%30=%30
ba80b59d-0092-4784-b12a-66f2ab33b715,irealb://%59%6F%75%20%4F%75%67%68%74%20%54%6F%20%4B%6E%6F%77=%54%68%75%72%6D%6F%6E%64%20%4B%69%72%6B==%4C%75%63%61%73%21=%42==%31%72%33%34%4C%62%4B%63%75%37%5A%4C%41%20%45%20%20%42%61%73%41%2A%7B%59%20%20%51%79%58%51%79%58%7D%20%20%41%45%7C%51%79%58%42%73%3E%65%6E%69%6C%20%73%42%58%79%51%7C%39%30%2A%3C%7B%46%20%45%20%62%45%20%41%20%7D%33%2A%3C%5A%4C%37%62%44%20%2D%62%41%5A%4C%41%37%20%2D%45%5A%4C%37%62%44%20%2D%62%41%31%4E%30%44%62%20%45%7C%51%79%58%42%47%46%20%45%20%51%4C%5A%4E%32%20%20%36%33%2A%3C%7C%62%44%20%62%41%3E%42%72%20%65%74%66%61%20%64%6E%32%20%65%6B%61%54%3C%44%62%20%45%62%79%58%3E%62%47%51%79%58%37%41%20%51%20%5D%58%45%7C%51%79%58%37%42%7C%51%79%58%5E%44%7C%79%51%58%37%41%42%2A%59%5A%4C%20%51%79%58%51%79%5E%58%79%51%7C%51%79%58%3E%62%2C%62%47%2C%47%51%7C%47%37%58%58%42%7B%59%5D%20%3E%43%44%38%31%2A%3C%62%3E%47%E2%80%A2%20%20%32%31%2A%3C%20%2C%5E%43%7C%51%79%79%51%7C%41%20%79%58%5E%44%7C%7D%7C%42%20%45%4C%5A%41%20%47%62%20%5D%66%42%20==%30=%30
bafa9bc6-da02-4c8f-9bb6-8d123ac1ff9f,irealb://%43%61%6E%6E%65%64%20%48%65%61%74=%4A%61%6D%69%72%6F%71%75%61%69==%50%6F%70=%44%2D==%31%72%33%34%4C%62%4B%63%75%37%51%79%58%39%5E%54%34%34%3C%45%31%31%2D%47%20%39%5E%62%42%20%39%2D%44%20%5E%39%46%3E%6F%72%74%6E%49%20%6F%6E%61%69%70%2E%4C%5A%6C%45%62%69%2A%5B%59%59%51%79%58%31%31%20%20%43%2C%5D%6C%63%4B%51%79%58%31%31%2D%44%3E%39%20%30%20%31%31%31%20%38%39%20%2E%32%33%35%37%39%3C%5B%20%20%7B%44%2D%37%5E%62%45%7C%58%39%2D%47%6C%7D%59%7B%2A%76%2C%37%2D%62%42%73%20%7C%51%79%58%39%2D%62%5A%42%4C%39%2D%41%20%20%7C%51%79%58%39%2D%44%53%41%2D%37%4C%5A%20%20%6C%63%4B%34%3C%43%2A%7B%47%2D%37%20%41%23%43%2C%39%2D%43%2C%39%2D%42%2C%39%2D%62%73%42%7C%51%79%58%2C%39%2D%62%42%6C%7C%2C%37%2D%2D%39%2C%7D%59%73%20%7C%51%79%2E%53%2E%44%3C%65%72%20%44%2E%42%20%39%5E%44%5A%4C%43%2F%62%42%20%37%2D%5A%47%4C%37%5E%62%42%20%2C%39%5E%44%6C%3E%2E%53%62%5E%37%4C%5A%74%66%61%20%78%79%58%39%2D%44%6F%64%61%3E%47%6F%62%20%73%69%68%74%20%77%6F%6E%6B%20%75%59%6F%3C%69%2A%5B%59%7D%20%43%2F%62%42%20%37%2D%6F%67%69%65%3E%43%20%6C%61%20%5E%45%3E%77%6F%4C%5A%44%2D%31%59%3C%43%2A%7B%59%7D%20%20%78%20%3E%61%64%43%6F%20%6C%61%20%2E%53%2E%44%3C%7C%51%79%58%31%6F%75%20%6B%6E%20%6C%63%4B%51%37%58%79%51%7C%41%2D%37%20%44%37%3C%38%78%3E%20%7D%7B%3C%20%44%61%6E%63%65%21%3E%44%5E%39%20%42%62%5E%37%4C%5A%47%2D%37%20%42%62%2F%43%20%7D%20=%50%6F%70%2D%52%6F%63%6B=%31%31%35=%31
baf05828-734e-4ea0-9d61-3a894e827502,irealb://%43%61%72%72%79%20%47%6F%20%42%72%69%6E%67%20%43%6F%6D%65=%48%69%6E%64%73%20%4A%75%73%74%69%6E==%45%76%65%6E%20%38%74%68%73=%43==%31%72%33%34%4C%62%4B%63%75%37%2D%44%5A%4C%37%45%4C%5A%46%20%4C%47%20%37%2D%44%5A%4C%37%2D%41%20%43%5A%2C%4C%47%20%37%2D%44%5A%4C%2D%41%20%43%5A%4C%47%5A%43%20%41%2D%2F%43%20%43%7B%37%20%47%3C%36%78%3E%20%7D%20=%50%6F%70%2D%52%65%67%67%61%65=%31%32%30=%30
bab17645-8dd9-4651-b220-608e5b0219b6,"irealb://%43%72%79%73%74%61%6C%20%42%65%6C%6C%73=%42%61%6B%65%72%20%43%68%65%74==%4D%65%64%69%75%6D%20%53%77%69%6E%67=%43%2D==%31%72%33%34%4C%62%4B%63%75%37%37%62%41%7C%51%2D%58%79%51%7C%51%79%58%39%62%37%47%7C%51%79%58%37%46%7C%79%51%58%2D%43%3E%20%3C%7C%51%79%58%39%62%37%47%7C%43%2D%58%79%43%34%34%54%7B%23%2D%43%7C%51%51%7C%47%37%62%7C%51%79%58%39%62%37%62%42%7C%51%79%58%37%46%2D%7C%51%79%58%39%62%37%43%7C%7C%51%79%58%39%45%62%37%58%79%79%58%31%31%23%7C%51%79%58%31%47%37%62%39%58%7C%51%79%58%2D%43%7C%51%79%58%36%62%2D%43%51%7C%79%58%37%46%7C%51%79%58%37%2D%43%7C%51%79%41%62%37%23%31%7C%51%79%58%35%58%31%31%23%37%79%51%7C%66,%37%5E%62%45%7C%51%79%58%31%31%23%37%5E%62%7C%41%51%79%58%37%5E%43%3E%65%6E%69%46%3C,%55%58%79%51%7C%47%58%39%62%37%47%79%51%7D%20=%4A%61%7A%7A%2D%4D%65%64%69%75%6D%20%53%77%69%6E%67=%31%30%30=%32"
baee0faf-c238-4f7e-86ba-61217c444681,irealb://%44%41%4E%20%44%41%4E=%47%C3%BC%6C%C5%9F%65%6E==%44%69%73%63%6F=%43%2D==%31%72%33%34%4C%62%4B%63%75%37%20%2D%43%20%5A%34%44%62%20%43%4C%20%78%20%5A%4C%2D%43%20%62%44%5A%4C%20%43%2D%20%5A%4C%20%78%20%5A%4C%20%78%20%5A%4C%2D%5A%20%78%20%4C%34%54%69%2A%5B%20%5A%4C%20%78%53%43%2D%20%46%20%62%45%42%2A%5B%7D%20%20%2D%43%20%5A%4C%62%2D%42%20%2D%43%5A%4C%62%44%20%62%45%5A%4C%2D%43%2D%4C%5A%20%41%2A%7B%5D%20%20)%69%64%6F%20%78%20%20%5D%36%2A%3C%5B%7D%20%20%2D%43%20%5A%4C%20%78%5A%20%4C%20%78%20%5A%4C%2D%43%20%62%44%43%2A%7B%39(%4D%65%6C%5A%4C%20%2D%43%5A%4C%20%78%20%2D%4C%5A%20%78%62%44%5A%4C%20%2D%43%20%3E%65%6E%69%46%20%61%6C%20%2E%53%2E%44%3C%5A%4C%20%78%20%5A%4C%20%20%43%2D%4C%5A%43%20%62%44%3E%20%78%20%5A%4C%20%43%2D%20%20%43%2A%7B%5D%20%20%78%20%5A%4C%20%2D%43%20%4C%5A%20%78%20%5A%4C%2D%43%20%62%45%42%2A%5B%5D%44%62%20%43%2D%5A%4C%20%78%20%4C%5A%20%78%20%4C%5A%20%43%2D%20%20%7D%7B%2A%43%44%62%20%43%2D%4C%5A%20%78%20%4C%5A%20%78%20%4C%5A%20%43%2D%3C%58%79%51%46%69%6E%65%3E%20%20%7D%20=%50%6F%70%2D%44%69%73%63%6F=%31%32%30=%33
ba08d144-589f-4ce6-ab2a-5aa390aa9837,irealb://%44%65%73%65%6F%20%45%74%65%72%6E%6F%20%2D%20%53%69%20%54%65%20%54%65%6E%67%6F%20%41%20%54%69%2E%2E%2E=%54%6F%6D%61%20%54%75%20%4C%75%67%61%72==%42%61%6C%61%64%61=%45=%32=%31%72%33%34%4C%62%4B%63%75%37%5D%20%23%44%2F%34%46%23%2D%37%2F%41%5A%4C%42%5A%4C%73%75%73%41%69%2A%5B%42%20%5A%4C%73%75%73%41%5A%4C%23%47%2F%45%5A%4C%43%23%4C%5A%42%34%54%69%2A%5B%36%2A%3C%42%2A%42%2C%43%23%2D%73%75%73%42%5A%4C%45%20%2D%23%46%5A%4C%2C%6C%45%2C%23%44%2F%42%2C%37%2D%23%43%73%5A%4C%37%20%42%20%5D%7B%2C%41%41%2A%5B%2F%45%28%20%20%73%20%6D%69%20%51%79%58%45%7C%51%79%58%39%64%64%61%41%7C%79%51%58%37%2D%23%46%3E%2E%2E%2E%6F%65%73%65%64%7C%47%23%2D%37%65%72%65%20%36%6C%3E%2E%2E%2E%7B%2A%43%3C%2A%6F%67%6E%65%74%20%65%74%20%69%53%20%2F%2E%2E%2E%73%75%73%65%4A%20%6F%74%73%69%72%43%36%36%20%61%20%74%69%7D%20%29%23%47%79%58%7C%51%79%7C%20%20%42%2C%2C%37%2D%23%46%20%20%7C%51%79%58%41%7C%51%58%79%23%47%2F%45%7C%51%79%58%37%2D%23%43%5A%4C%4C%5A%45%2C%58%51%79%58%2C%41%51%28%45%2F%47%23%29%73%20%7D%20=%50%6F%70%2D%52%6F%63%6B=%36%35=%34
ba1701ec-44b5-469f-ab39-161f82283369,irealb://%44%65%76%6F%74%65%64%20%54%6F%20%59%6F%75=%42%6F%75%64%6C%65%61%75%78%20%20%42%72%79%61%6E%74==%4D%65%64%69%75%6D%20%53%77%69%6E%67=%46==%31%72%33%34%4C%62%4B%63%75%37%2C%37%43%2C%6E%34%42%62%20%41%68%73%32%65%62%20%3A%72%72%41%34%37%2A%3C%4C%5A%37%43%20%62%42%5A%4C%46%20%2D%47%5A%4C%2D%61%72%70%3E%73%34%54%69%2A%5B%73%5A%4C%37%43%41%6C%46%58%79%46%20%2D%47%5A%4C%2D%41%20%62%42%5A%4C%46%37%20%43%7C%51%79%58%46%5A%4C%46%20%37%43%7C%51%4C%5A%42%62%20%2A%7B%5A%4C%46%4C%37%43%20%62%4C%5A%6C%46%58%2D%47%5A%4C%2D%41%20%62%42%6C%7C%51%79%58%43%37%7C%51%79%58%46%5A%4C%46%20%37%43%7C%51%79%20%46%4C%5A%42%46%2C%37%43%6E%4C%2D%44%20%2D%2C%46%20%5D%5B%2D%47%7C%51%79%58%46%5A%4C%37%43%20%2D%47%4C%5A%2D%44%20%2D%41%7C%51%79%58%2D%47%6C%42%2A%58%79%51%7C%41%37%43%6E%73%5A%20%2D%47%5A%4C%51%7C%43%37%58%31%4E%5A%4C%46%20%37%43%7C%51%79%58%46%5A%46%4C%20%37%43%7C%51%79%58%46%41%2A%5B%5D%51%79%42%62%20%41%2D%79%58%37%47%5A%46%4C%5A%42%62%20%43%37%4C%5A%73%6E%43%37%2C%46%20%7D%7B%4E%32%6C%42%62%20%41%2D%4C%5A%47%2D%20%46%4C%5A%42%62%20%43%37%4C%5A%73%6E%43%37%2C%46%20%7D%20=%50%6F%70%2D%43%6F%75%6E%74%72%79=%31%31%36=%30
baa067b1-9302-4eaa-bc64-22faadd813b5,irealb://%47%69%6E%7A%61%20%4C%69%67%74%68%74%73=%56%65%6E%74%75%72%65%73%20%54%68%65==%52%6F%63%6B=%44%2D==%31%72%33%34%4C%62%4B%63%75%37%58%37%41%7C%51%2D%58%79%51%7C%51%79%58%78%7C%51%79%58%2D%44%41%2A%7B%51%58%79%2D%44%7C%51%79%58%2D%44%7C%51%79%58%2D%44%7C%42%62%58%79%44%34%34%54%5B%37%41%7C%51%79%58%79%51%7C%78%58%2D%44%7C%51%79%58%78%7C%51%79%58%2D%47%51%7C%79%58%37%41%7C%51%79%58%62%42%7C%51%79%58%79%51%7C%78%58%2D%44%7C%51%79%51%79%58%62%42%58%79%51%7C%44%7C%51%79%58%2D%44%7C%51%79%58%78%7C%51%79%2D%58%47%42%2A%7C%7D%51%79%58%78%7C%51%79%58%2D%78%58%79%51%7C%78%7C%51%79%58%51%79%58%78%7C%7C%41%37%58%79%7C%51%79%58%37%41%7C%51%79%58%62%42%7C%51%58%79%78%7C%51%79%58%2D%44%7C%51%79%58%78%7C%51%44%2D%58%79%51%51%79%58%78%7C%79%58%2D%44%7C%51%7C%41%37%58%51%79%58%37%41%7C%51%79%58%78%7C%51%79%58%44%2D%7C%51%79%58%78%7C%51%79%58%2D%47%7C%51%79%7C%78%58%79%51%79%58%62%42%7C%51%7C%78%58%79%51%7B%51%41%37%4C%5A%78%4C%5A%4E%31%44%2D%4C%5A%78%20%7D%66%4E%32%44%2D%37%20%20%7C%20=%42%6C%75%65%73%2D%54%65%78%61%73%20%52%6F%63%6B=%31%35%35=%31
ba6ff0b9-c115-48df-8c2a-50d9d5962d8c,irealb://%47%72%65%65%6E%20%52%69%76%65%72=%4A%6F%68%6E%20%46%6F%67%65%72%74%79%20%28%43%43%52%29==%52%6F%63%6B=%45==%31%72%33%34%4C%62%4B%63%75%37%79%58%45%7C%51%79%51%7C%45%58%79%58%45%7C%51%79%58%45%7C%51%79%58%45%53%2A%76%7B%7D%51%79%58%45%7C%51%79%58%45%7C%51%79%51%7C%45%58%79%58%45%69%2A%7B%51%20%20%37%41%51%7C%45%58%79%41%7C%51%79%58%43%7C%51%79%58%43%7C%51%79%37%58%45%7C%51%79%58%37%45%7C%51%79%58%45%7C%51%37%58%79%51%7C%79%58%45%7C%51%45%3E%6F%6C%6F%58%79%51%7C%45%3C%7C%5D%51%79%58%45%7C%51%79%58%45%7C%51%58%79%45%7C%51%79%58%45%32%4E%7C%59%7D%51%79%58%47%74%72%20%73%45%31%4E%5A%4C%58%37%41%7C%51%58%79%51%7C%45%51%79%58%43%7C%51%79%58%43%7C%51%79%58%37%7C%45%51%79%58%37%45%7C%51%79%58%45%7C%51%79%58%7C%41%37%58%79%45%7C%51%79%58%51%79%58%45%3E%79%51%7C%3C%44%64%6E%61%20%74%61%65%70%65%52%3C%51%7B%7C%79%51%58%45%3E%61%64%6F%43%20%6C%61%20%2E%53%2E%20%46%61%64%65%58%45%7C%51%79%7C%45%58%79%51%7C%45%58%79%51%7C%45%58%79%51%7D%20==%30=%30
ba9106e2-ca3a-4647-80bc-8e9716a80856,irealb://%47%79%70%73%79%20%49%6E%20%4D%79%20%53%6F%75%6C%20%28%43%6F%6E%6E%69%65%20%45%76%69%6E%67%73%6F%6E%29=%43%6C%61%79%20%42%6F%6C%61%6E%64%2D%4D%6F%65%20%4A%61%66%66%65==%47%79%70%73%79%20%4A%61%7A%7A=%41%2D==%31%72%33%34%4C%62%4B%63%75%37%37%45%7C%2C%2D%34%3C%2A%36%39%5A%4C%7C%72%7C%2C%2D%44%7C%2C%2D%41%73%3E%6C%79%65%65%72%66%2F%6F%74%61%62%75%72%51%79%58%72%7C%4C%5A%41%34%54%76%2A%5B%34%34%54%69%2A%7C%44%2D%28%47%7C%2C%37%45%66%7C%2C%37%45%66%7C%2C%37%45%7C%66%29%2D%44%28%20%7C%29%2D%41%28%72%7C%2C%29%41%2D%2C%5D%5B%2C%2D%41%7C%2C%61%42%51%79%58%79%51%61%20%74%4C%2D%44%5A%4C%2D%41%5A%4C%2D%44%5A%4C%2D%5A%41%4C%2D%44%5A%4C%2C%2D%41%6C%3E%6F%70%6D%65%5A%3C%2A%30%35%58%33%36%2A%3C%20%68%42%7C%51%65%61%6B%3E%45%4C%2C%37%45%20%68%42%7C%51%79%58%2C%2D%41%34%6C%34%54%41%2A%7B%59%5D%20%6E%7C%6E%73%2C%37%5A%41%2D%58%79%72%62%20%73%73%44%7C%51%79%58%2D%58%79%51%7C%4C%20%51%79%58%51%79%58%7D%20%37%45%20%68%7C%42%51%79%58%2D%41%31%4E%5A%4C%37%45%20%68%42%5A%4E%32%41%2D%41%5A%4C%37%45%4C%37%23%46%20%23%37%20%5D%5B%51%79%58%2D%23%43%5A%4C%36%2D%23%43%20%37%23%2D%43%5A%4C%37%5E%2D%23%43%20%2D%23%43%42%2A%7C%43%23%68%37%47%20%37%68%23%37%45%20%68%42%2D%5E%37%4C%5A%41%41%2A%5B%5D%20%37%45%20%73%75%73%37%45%51%7C%79%58%37%68%42%5A%4C%36%2D%42%20%37%2D%42%2D%58%79%51%7C%42%20%2D%42%5A%79%58%2D%41%51%58%79%51%7C%42%37%45%20%68%42%7C%51%79%58%2D%41%5A%4C%37%20%45%68%42%7C%51%79%58%2D%41%5A%4C%37%45%20%68%2C%51%20%5D%7B%2D%41%5A%4C%2C%74%69%75%47%3C%45%37%20%7D%41%78%5A%4C%37%45%5A%4C%78%5A%4C%2D%44%5A%4C%5A%78%4C%2D%41%5B%5D%20%20%6E%20%7C%51%79%58%2D%4C%5A%45%37%2C%20%68%42%7C%51%61%72%20%72%69%66%66%3E%73%6E%7C%6E%2C%41%2D%2C%5A%20==%32%30%30=%31
ba403109-1707-4302-83f8-4a70932ee4ee,irealb://%53%74%69%6C%6C%20%46%65%65%6C%69%6E%67%20%42%6C%75%65%20%2D%20%46%6C%69%6E%6E%65%72=%50%61%72%73%6F%6E%73%20%47%72%61%6D==%50%6F%70%20%2D%20%43%6F%75%6E%74%72%79=%41==%31%72%33%34%4C%62%4B%63%75%37%58%44%5A%4C%20%54%34%34%41%58%78%20%5A%4C%20%6C%63%4B%51%79%58%45%5A%4C%78%20%20%5A%4C%20%78%20%5A%4C%20%6C%63%4B%51%79%20%4C%5A%20%78%2C%41%2A%2C%7B%4C%20%6C%63%4B%20%4C%5A%45%58%42%2A%2C%5B%20%20%51%79%58%51%79%58%7D%20%6C%20%63%4B%51%79%58%41%5A%4C%20%6C%63%4B%51%79%2C%45%58%79%51%6C%63%4B%51%79%20%20%6C%63%4B%5A%20%78%20%4C%4C%20%6C%63%4B%51%79%58%44%7C%51%79%58%41%4C%5A%20%78%20%5A%4C%20%6C%63%4B%51%79%58%45%5A%5A%45%58%79%51%4C%20%78%20%5A%5D%20==%30=%30
ba3042d5-dbe6-42d0-b14c-263b3239049a,irealb://%4C%75%67%61%72%65%73%20%45%73%70%61%63%69%6F%73%6F%73=%53%2E%47%6F%6C%6C%75%73%63%69%6F==%57%6F%72%73%68%69%70=%45=%30=%31%72%33%34%4C%62%4B%63%75%37%51%79%58%45%5A%34%43%23%2D%20%42%41%2A%7B%5D%51%79%58%45%5A%4C%44%2F%42%37%20%2D%23%43%7C%51%79%58%45%5A%4C%23%44%2F%42%2D%37%20%41%4C%34%54%69%2A%5B%64%64%61%41%20%41%4C%5A%45%58%51%79%58%45%5A%4C%23%43%2F%41%20%23%46%2F%7C%44%51%79%58%45%5A%4C%41%20%37%2D%42%7C%51%79%7C%43%23%2D%37%20%37%2D%42%7C%5D%20%23%47%2F%75%73%20%42%4C%7C%2C%45%2F%41%73%20%20%45%5A%4C%42%20%73%73%75%42%5A%4C%39%64%64%61%41%20%23%47%2F%45%5A%6C%45%2C%20%45%73%42%5A%4C%39%42%7C%51%79%58%51%20%20%5B%2A%5A%4C%23%47%2F%45%20%37%2D%23%43%5A%4C%42%41%20%5A%4C%23%47%2F%45%20%45%5A%4C%42%20%41%42%41%61%64%64%39%79%58%51%79%58%79%58%45%7C%51%23%2D%4C%5A%54%5A%4C%42%20%73%75%73%42%7C%51%79%58%39%64%61%64%41%34%34%54%7C%51%79%58%23%47%2F%45%34%32%4E%31%41%58%79%43%20%23%44%2F%41%20%23%47%2F%4C%5A%4E%32%45%20%42%20%37%2D%23%43%5A%4C%41%20%23%47%2F%5A%45%4C%42%20%37%2D%23%43%5A%4C%41%20%23%47%2F%5D%7B%2A%43%45%51%79%58%7D%51%20%6F%72%6F%63%37%20%42%4C%5A%33%2A%3C%5D%51%79%58%45%7C%51%79%58%41%7C%20%7D%42%20%37%2D%23%43%5A%4C%41%20%23%47%2F%45%30%20%61%6C%20%2D%23%43%5A%4C%34%2A%3C%45%66%67%6F%20%61%6C%45%20%45%5A%4C%23%44%2F%42%20%2D%23%43%7B%20%20%51%79%58%51%79%58%3E%65%74%6E%65%75%70%20%2F%47%23%20%7D%65%75%6C%20%79%35%61%6C%20%70%75%65%6E%74%65%3A%2F%2F%73%61%6E%74%6F%20%73%61%6E%74%6F%2E%2E%2E%3E%58%79%51%5A%20==%30=%30
ba7e8fcf-4075-4d3d-b066-6336ea141235,irealb://%4D%69%67%68%74%20%47%65%74%20%4C%6F%75%64=%45%6C%65%76%61%74%69%6F%6E%20%57%6F%72%73%68%69%70%20%2D%20%42%72%61%6E%64%6F%6E%20%4C%61%6B%65==%47%6F%73%70%65%6C%6C=%41=%34=%31%72%33%34%4C%62%4B%63%75%37%4C%20%5A%4C%47%34%41%2C%2A%41%41%6C%42%2A%5B%7D%2C%73%75%73%44%73%51%79%7C%58%51%79%58%44%7C%2C%47%51%79%58%7C%51%79%58%4C%5A%20%4C%5A%34%54%69%2A%7B%75%72%6F%68%43%4C%5A%41%4C%5A%73%72%65%56%20%35%34%2A%3C%5D%20%20%5A%4C%5A%41%4C%20%5A%4C%44%5A%4C%20%5A%4C%47%5A%4C%20%65%20%2F%2F%20%20%5A%4C%44%5A%51%79%58%51%79%58%79%51%20%7B%43%2C%41%2C%47%70%2C%41%3E%2E%34%20%36%36%3C%2A%30%4E%7D%2C%41%2C%47%70%2C%41%31%4E%69%2A%2C%43%2C%7D%58%3E%32%78%20%73%47%70%2C%41%31%41%2C%70%47%2C%79%58%51%79%58%7D%2C%43%2C%43%2C%41%2C%47%2C%70%41%3E%2E%34%20%36%36%2A%3C%30%4E%7D%2C%41%51%7B%2A%69%4E%31%4E%43%2A%7B%47%70%2C%41%31%2C%70%47%2C%73%7D%2C%43%2C%43%2C%41%2C%23%47%2C%47%70%2C%6C%41%3E%2E%34%20%36%36%2A%3C%30%4E%7D%2C%23%47%20%7B%2A%44%4E%41%2C%23%47%2C%47%2C%47%70%2C%2C%70%47%2C%73%7D%2C%43%2C%43%2C%41%2C%23%47%2C%47%70%2C%6C%41%3E%2E%34%20%36%36%2A%3C%30%4E%7D%2C%23%47%20%7B%2A%69%41%41%2C%23%47%2C%47%70%2C%41%2C%47%2C%73%47%23%2C%41%5B%20%3E%33%78%20%31%32%2A%3C%7D%2C%2C%43%43%2C%41%2C%23%47%2C%47%70%2C%41%6C%7C%2C%70%47%2C%47%23%70%2C%41%2C%23%2A%7B%20%3E%35%7C%3C%2A%36%36%2F%2F%78%20%68%43%20%35%34%2A%3C%5D%2C%43%43%2C%2C%41%20%2C%43%2C%43%2C%41%6C%3E%2E%34%20%2E%20%20%31%2E%2C%23%47%73%2C%33%2A%3C%7D%2C%70%47%2C%47%23%2C%23%47%2C%47%70%2C%41%6C%3E%2E%34%20%36%2A%36%3C%30%4E%7D%2C%23%47%73%2C%47%70%2C%41%2C%41%2C%43%2C%43%2C%41%31%4E%69%30%20%78%34%3E%20%7B%2A%76%41%58%79%51%7C%47%58%79%51%7C%44%58%79%51%7C%43%2C%43%20%3C%2A%31%35%78%32%3E%20%7D%20==%30=%30
ba0e174e-b735-44ba-9d96-206f555ae47b,irealb://%53%65%72%63%65%20%4A%61%6B%20%53%7A%61%66%61=%4B%61%79%61%68==%52%27%6E%27%42=%45%62%2D==%31%72%33%34%4C%62%4B%63%75%37%58%31%31%23%33%34%3C%2A%37%34%58%31%31%2D%62%42%7C%51%79%58%31%31%23%39%7C%42%51%79%58%39%2D%62%45%3E%6F%6E%61%69%50%20%79%51%7C%42%31%34%54%69%2A%5B%2D%62%41%7C%51%41%3C%2A%37%34%62%42%7C%51%79%58)%31%31%23%39%42(%39%7C%42%51%79%58%39%2D%62%45%3E%6C%61%63%6F%56%20%2D%31%31%58%79%2A%7B%5D%51%79%73%61%42%34%37%7D%7C%45%62%2D%58%31%31%23%39%42%7C%51%79%58%31%31%2D%62%7C%42%51%79%58%31%31%23%33%31%42%7C%51%79%58%39%79%51%7C%3C%2A%51%79%58%31%31%20%34%37%2A%3C%39%58%79%51%7C%73%75%73%37%46%20%39%64%64%61%62%41%7C%51%58%79%39%2D%62%45%7C%51%79%58%39%64%64%61%62%41%20%5D%7B%2A%42%2D%62%45%3E%73(%39%42%7C%51%3E%42%62%61%64%45%41%2A%7B%7D%20%20%78%20%5A%4C%20%78%20%4C%5A%20%78%20%5A%4C%73%75%73%37%62%41%20%39%64%62%2D%39%58%79%73%6D%75%72%44%2D%62%42%7C%51)%58%79%51%7C%33%31%42%7C%51%79%58%39%2D%62%45%7C%7D%51%58%79%31%31%2D%62%41%7C%51%79%58%31%31%2D%62%42%23%31%31%58%79%31%31%23%39%42%79%58%31%31%23%7C%41%5E%37%23%58%31%31%2D%62%42%7C%51%79%58%31%31%23%33%42%31%7C%51%79%58%39%2D%62%45%7C%51%79%58%31%31%79%51%7C%42%39%51%79%58%31%31%64%64%61%62%42%39%58%79%51%7C%73%75%73%37%46%20%39%64%64%61%62%41%7C%51%58%79%39%2D%62%45%7C%51%79%58%39%64%64%61%62%41%20%5D%7B%2A%42%2D%62%45%7C%51%79%58%5D%20%20%73%75%73%4C%5A%58%39%64%64%61%62%42%7C%7D%20%3E%78%34%36%2A%36%3C%20%78%20%5A%4C%20%78%20%5A%4C%20%78%20%79%51%4B%63%6C%37%62%41%20%39%2A%3C%20%20%7C%20%7B%2A%43%3C%73%37%62%41%7C%51%79%58%39%64%64%61%62%42%65%3E%6D%69%74%20%65%6C%62%75%6F%44%20%34%37%2A%75%73%58%79%51%20%51%79%58%51%30%36%20%56%61%6D%70%20%61%6E%64%20%66%61%64%65%20%6F%75%74%3E%20%72%7C%58%79%51%20%7D%20=%4A%61%7A%7A%2D%4D%65%64%69%75%6D%20%53%77%69%6E%67=%36%31=%31
ba4287d5-16c7-4142-9bb0-6fba57344271,irealb://%50%20%33%30%20%42%6C%75%65%20%4D%6F%6F%64=%54%72%61%64%69%74%69%6F%6E%61%6C==%4F%6C%64%2D%54%69%6D%65=%43==%31%72%33%34%4C%62%4B%63%75%37%5B%54%34%34%43%58%79%51%7C%46%2C%58%79%51%7C%47%58%79%51%7C%43%58%79%51%7C%43%58%79%51%7C%46%2C%58%79%51%4B%63%6C%20%4C%5A%43%20%20%3C%38%78%3E%20%7D%20=%50%6F%70%2D%43%6F%75%6E%74%72%79=%39%30=%33
baaabe2f-1956-473e-9192-f40f338a572c,"irealb://%50%72%7A%79%6D%69%65%72%7A%65=%53%7A%61%72%6D%61%63%68%20%41%6E%69%61==%50%6F%70=%41%62==%31%72%33%34%4C%62%4B%63%75%37%43%7C%51%79%58%34%44%62%20%41%20%35%62%45%20%68%44%5A%4C%43%2F%62%41%20%44%62%5A%4C%62%41%20%37%2D%62%42%5A%4C%43%2F%62%7D%5B%2A%42%46%34%54%41%2A%7B%58%37%2D%46%7C%7C%42%62%5E%58%4B%51%79%58%39%64%64%61%62%42%5A%4C%20%6C%4B%63%51%79%58%62%41%7B%7C%51%79%58%43%7C%51%79%63%6C%20%20%7D%51%79%58%39%2D%51%79%58%62%41%58%79%51%7C%42%62%41%7C%51%79%58%73%75%73%37%43,%7C%51%58%79%31%31%2D%47%5A%4C%20%6C%63%4B%51%79%58%62%32%58%79%51%7C%62%41%7C%51%79%5D%20=%50%6F%70%2D%52%6F%63%6B=%39%35=%31"
ba1e1c1a-aedf-4f11-aaeb-dffb24b797af,irealb://%51%75%61%6E%64%20%6F%6E%20%61%20%71%75%65%20%6C%27%61%6D%6F%75%72=%42%72%65%6C%20%4A%61%63%71%75%65%73==%43%68%61%6E%73%6F%6E%73%20%46%72=%42==%31%72%33%34%4C%62%4B%63%75%37%47%20%42%3E%74%34%42%20%47%23%43%20%20%38%36%2A%3C%41%2A%5B%59%20%20%51%58%79%51%79%58%5D%20%23%46%20%2D%23%43%5A%4C%2D%6F%75%70%6C%65%34%54%69%2A%5B%37%23%46%20%37%20%47%23%2D%4C%2D%23%47%20%42%5A%4C%2D%23%47%20%42%7C%51%58%79%37%23%46%5A%4C%37%23%46%20%37%2D%23%43%5A%4C%5A%43%23%2D%42%5A%4C%2D%23%23%47%20%37%23%20%42%4C%5A%44%37%23%46%5A%4C%37%23%46%20%37%2D%23%43%5A%2D%4C%23%47%20%37%23%44%5A%4C%2D%23%47%20%37%23%20%42%4C%5A%44%37%23%46%5A%4C%2D%23%47%3E%6E%37%20%47%23%2D%52%20%20%30%37%2A%3C%42%2A%5B%59%5D%20%37%44%23%20%45%5A%4C%37%23%46%20%37%2D%23%43%5A%4C%65%66%72%61%69%23%44%5A%4C%2D%5B%59%20%20%51%58%79%51%7C%43%51%79%58%51%79%58%5D%20%37%23%44%34%32%54%4C%5A%42%20%37%23%46%5A%4C%37%23%46%20%37%2D%23%58%79%51%58%79%78%7C%51%79%58%4C%6E%20%37%23%3C%2A%37%30%20%43%20%2D%23%47%5A%4C%37%23%44%20%2D%23%47%4C%5A%37%23%44%20%2D%23%47%3E%6C%61%6E%69%46%20%23%2D%4C%5A%46%34%34%54%43%2A%52%20%2D%20%74%2D%4C%5A%73%45%43%20%2D%20%6F%72%74%6E%49%36%33%2A%3C%20%51%20%79%58%51%79%58%5A%20%42%6C%66%2C%23%46%2C%6F%75%70%6C%65%23%47%20%42%5A%65%66%20%2D%20%43%6F%75%70%6C%65%74%20%2D%20%52%65%66%2D%20%46%69%6E%61%6C%3E%20=%4A%61%7A%7A%2D%4D%65%64%69%75%6D%20%53%77%69%6E%67=%31%30%30=%33
ba4ad03a-584f-47e3-b5e3-5e51d75456d8,"irealb://%52%61%63%6F%6E%74%65%2D%6D%6F%69=%42%65%72%6E%69%65%20%42%65%61%75%70%65%72%65,%20%53%74%61%63%65%79%20%4B%65%6E%74==%43%68%61%6E%73%6F%6E=%46%23%2D==%31%72%33%34%4C%62%4B%63%75%37%79%58%37%5E%45%23%2D%37%58%79%79%58%37%5E%23%43%5A%4C%23%44%2F%37%23%47%37%20%2D%23%44%31%4E%7C%51%79%58%2D%23%44%7C%51%51%7D%7C%4E%32%41%34%32%54%7B%20%45%2F%2D%23%51%7B%44%5E%37%2D%23%46%7C%7D%51%79%58%37%23%43%7C%51%79%37%58%5E%44%7C%7C%51%79%58%37%23%43%7C%51%79%58%58%79%51%7C%46%79%58%78%7C%51%51%79%58%2D%23%7C%46%23%2D%58%43%20%45%2F%2D%23%46%7C%51%79%58%2D%23%46%2A%41%7B%20%37%23%43%20%45%2F%2D%23%46%7C%51%79%23%37%4C%5A%46%5D%20%37%23%43%42%7C%51%79%58%2D%2F%45%20%43%79%58%39%2D%42%7C%51%79%58%39%5E%44%5A%4C%68%39%23%44%20%45%2F%23%46%32%4E%7C%7D%20%37%23%51%7C%44%5E%39%23%46%31%4E%7C%20%45%2F%2D%23%5B%46%23%2D%58%43%20%6C%61%20%2E%43%2E%44%39%36%2A%3C%7C%79%51%58%2D%23%46%7C%51%79%58%37%23%43%7C%51%79%6F%64%61%3E%46%51%79%58%39%2D%36%2A%3C%20%20%20%5B%51%3C%20%51%79%58%37%23%43%5A%4C%51%79%58%5A%4C%37%43%23%20%45%2F%2D%23%46%7C%51%79%58%2D%23%46%3E%7C%66%46%23%2D,%39%68%23%44%39%46%69%6E%65%3E%20%5A%20=%4A%61%7A%7A%2D%42%61%6C%6C%61%64%20%45%76%65%6E=%36%36=%33"
ba34acf3-e91a-4020-af9d-8af047db5c3a,irealb://%53%69%20%54%75%76%69%65%72%61%73%20%46%65=%50%75%62%6C%69%63%6F%20%44%6F%6D%69%6E%69%6F==%4C%61%74%69%6E=%44%2D==%31%72%33%34%4C%62%4B%63%75%37%20%37%44%20%2D%34%44%2D%58%79%41%7C%51%79%58%41%7C%51%79%58%2D%44%7C%51%58%79%2D%44%7C%51%79%58%41%7C%51%79%58%41%7C%51%58%79%51%7C%44%34%54%41%2A%5B%58%2D%44%5A%4C%2D%20%43%4C%5A%4C%62%42%20%46%5A%4C%43%20%2D%47%5A%4C%37%20%44%2D%44%5A%4C%41%20%6F%45%5A%4C%62%42%20%46%5A%45%6F%20%41%47%42%2A%5B%5D%51%79%58%2D%44%43%41%2C%58%79%7C%51%79%58%2D%44%7C%51%79%58%41%7C%51%79%2D%58%44%7C%51%79%58%41%7C%51%79%58%2D%44%7C%51%41%58%79%51%7C%2A%5B%5D%51%79%5D%20=%4C%61%74%69%6E%2D%42%72%61%7A%69%6C%3A%20%53%61%6D%62%61=%31%35%30=%33
ba8316cd-fc46-40c1-9491-09d2d58fee10,irealb://%53%75%62%6C%69%6D%65%20%47%72%61%63%69%61=%2D%20%2D==%48%79%6D%6E=%44==%31%72%33%34%4C%62%4B%63%75%37%23%46%2F%44%20%34%44%2C%20%44%41%20%2C%73%75%73%41%5A%4C%2C%23%46%2F%44%2C%20%44%5A%4C%2C%44%20%2C%47%5A%4C%2C%23%46%2F%2C%4C%5A%44%2C%34%54%41%2A%5B%73%41%6C%7C%2C%20%44%2C%4C%5A%2C%47%7C%51%79%58%2C%44%7C%51%79%58%2C%47%2A%42%5B%5D%51%79%58%2C%44%5A%4C%2C%41%20%2C%44%20%20%73%42%2D%2C%47%5A%4C%2C%75%73%20%41%2C%4C%5A%47%2C%58%79%51%7C%44%2F%46%23%2C%58%79%51%7C%45%2D%2C%20%41%2C%4C%5A%44%2C%58%79%51%5D%20=%4A%61%7A%7A%2D%4D%65%64%69%75%6D%20%53%77%69%6E%67=%31%30%30=%33
bafec75a-b83d-422c-a497-fc153267fa2e,irealb://%53%6F%6D%65%74%68%69%6E%67%20%45%6E%74%69%72%65%6C%79%20%4E%65%77=%52%65%62%65%63%63%61%20%53%75%67%61%72%20%53%74%65%76%65%6E%20%55%6E%69%76%65%72%73%65==%4D%65%64%69%75%6D%20%42%61%6C%6C%61%64=%43==%31%72%33%34%4C%62%4B%63%75%37%20%43%5A%4C%47%37%20%57%2F%46%2D%41%20%43%5A%4C%47%20%2D%44%76%2A%5B%20%51%20%79%58%51%79%58%5D%20%47%20%37%2D%41%5A%4C%4C%5A%44%2D%20%2D%41%69%2A%5B%62%42%5A%4C%2D%2A%42%42%62%20%5A%4C%47%20%62%42%7C%51%79%58%37%5E%43%5A%47%4C%20%62%42%5A%4C%2D%41%20%37%5E%43%5A%4C%47%43%5E%37%20%41%5B%5D%20%2D%41%51%79%58%2D%47%5E%37%20%42%4C%37%5E%62%45%43%2A%5B%20%20%51%79%58%51%79%5D%58%20%37%44%20%62%42%5A%4C%62%45%20%2D%45%5A%20%44%37%4C%5A%43%5A%4C%47%20%7C%45%62%5E%37%20%44%37%4C%5A%47%2D%20%43%37%4C%5A%45%62%5E%37%20%44%37%4C%5A%47%2D%20%43%37%4C%5A%45%62%5E%37%20%44%4C%5A%47%58%79%51%5D%20==%30=%30
ba63b836-b908-4a32-ba91-463be9889f20,irealb://%53%74%72%61%6E%67%65%72%20%49%6E%20%50%61%72%61%64%69%73%65=%57%72%69%67%68%74%2D%46%6F%72%65%73%74==%42%61%6C%6C%61%64=%46==%31%72%33%34%4C%62%4B%63%75%37%20%37%5E%46%5A%2D%37%20%43%39%2D%47%5A%4C%39%62%37%44%20%37%5E%46%5A%4C%43%39%20%37%2D%47%5A%4C%37%44%20%37%5E%46%5A%4C%37%20%43%39%4C%47%34%34%54%5B%79%58%37%41%7C%2D%37%20%43%39%42%5A%4C%46%20%68%43%7C%51%79%58%37%5E%62%7C%47%51%79%58%39%62%44%7C%7C%51%79%58%46%5A%4C%62%2D%58%79%51%47%5A%4C%37%44%4C%39%43%20%37%58%79%51%7C%47%44%20%37%5E%46%5A%4C%39%43%20%37%2D%47%5A%39%4C%62%37%44%20%37%5E%46%5A%4C%39%43%20%37%2D%37%4C%5A%47%2D%37%5E%44%7C%51%5A%46%5E%37%20%44%37%62%39%4C%5A%47%2D%37%20%43%39%4C%5A%46%5E%37%20%44%37%4C%5A%47%2D%37%20%43%39%4C%5A%46%58%79%51%5D%20==%30=%30
ba9c6a6a-2a35-4fa4-a9eb-d2cc0d786885,irealb://%54%65%20%53%65%67%75%69%72%C3%A9%20%50%6F%72%20%53%69%65%6D%70%72%65%20%28%4A%6F%76%C3%A1%6E%29=%53%61%6E%63%68%65%73%20%52%69%63%61%72%64%6F==%55%70%20%54%65%6D%70%6F=%44==%31%72%33%34%4C%62%4B%63%75%37%47%28%51%79%58%38%44%28%46%23%23%46%7C%29%45%28%20%29%23%46%28%20%29%23%28%47%20%29%41%28%44%7C%29%23%47%28%51%79%58%29%2D%28%46%23%29%36%54%69%2A%7B%29%23%46%28%20%2D%28%41%29%20%7C%29%41%28%20%29%23%47%28%20%20%29%23%46%44%28%7C%29%45%28%20%29%23%46%28%20%29%23%47%28%44%28%47%23%29%23%46%7C%29%23%20%39%36%2A%3C%28%46%23%29%7C%51%79%58%23%47%2F%45%7C%51%79%58%23%47%2F%32%45%4E%7C%7D%51%79%58%41%7C%51%79%58%41%31%4E%7B%2C%2A%42%2C%20%29%45%28%20%79%58%44%3E%20%65%6C%76%6F%20%3E%34%58%20%20%51%79%58%39%36%2A%3C%20%47%51%7C%79%58%41%3E%2E%2E%2E%73%C3%A1%72%74%61%20%61%20%20%7D%7C%3C%75%76%20%6F%4E%20%51%79%58%39%51%7C%46%23%2D%7C%51%79%58%41%2C%41%2A%2C%7B%7D%51%79%58%47%23%2F%45%7C%51%79%58%23%47%2F%45%7C%51%79%58%47%20%3C%2A%36%79%58%44%7C%51%20%20%3E%42%20%7D%4E%31%47%20%36%2A%3C%20%47%7C%51%79%58%47%7C%51%79%58%7C%41%7D%20%20%3E%42%20%6F%54%20%20%36%36%2A%3C%39%20%20%54%6F%20%20%3E%34%58%7D%20=%4A%61%7A%7A%2D%4D%65%64%69%75%6D%20%53%77%69%6E%67=%31%30%30=%33
bab9973d-26cf-4728-8e84-3df2a1695444,irealb://%54%68%72%65%65%20%4C%69%74%74%6C%65%20%42%69%72%64%73=%4D%61%72%6C%65%79%20%42%6F%62==%52%65%67%67%61%65=%41==%31%72%33%34%4C%62%4B%63%75%37%7C%51%79%58%41%34%3C%2A%36%36%5A%4C%20%6C%63%4B%51%79%58%41%3E%79%6C%6E%20%6F%78%20%64%6E%32%20%74%61%65%70%65%72%20%20%44%58%79%51%7C%34%54%41%2A%7B%58%45%7C%51%79%63%6C%20%4C%5A%58%44%7C%51%79%58%41%7C%51%79%58%45%7C%51%58%79%41%42%2A%5B%7D%51%79%58%41%7C%51%79%58%44%79%51%7C%41%58%4B%51%79%58%41%79%51%7C%44%58%79%51%7C%41%58%79%51%5D%20=%50%6F%70%2D%52%65%67%67%61%65=%39%30=%31
bae9be03-c02e-4018-9417-3f9470c7647f,irealb://%59%6F%75%20%41%72%65%20%45%76%65%72%79%74%68%69%6E%67%20%28%20%4D%61%72%76%69%6E%20%47%61%79%65%2C%20%44%69%61%6E%61%20%52%6F%73%73%29=%54%68%6F%6D%20%42%65%6C%6C%2C%20%4C%69%6E%64%61%20%43%72%65%65%64==%4D%6F%74%6F%77%6E%20%42%61%6C%6C%61%64%65=%44%62==%31%72%33%34%4C%62%4B%63%75%37%2F%3C%5A%4C%37%54%34%34%47%62%2D%46%5A%4C%62%47%2F%62%41%20%62%47%5A%4C%2D%37%62%42%20%37%2D%46%5A%4C%62%47%2F%62%41%20%37%20%42%62%2D%2C%69%2A%2C%5B%2F%2D%62%45%7C%51%20%2F%58%79%2C%76%2A%2C%5D%51%79%58%2C%62%42%7C%2C%62%2C%41%62%47%20%37%2D%62%45%3E%2F%51%79%58%2F%51%42%62%58%79%51%79%58%51%79%58%20%37%2D%46%5A%4C%5A%45%62%2D%62%41%34%34%54%7C%51%79%58%62%41%34%32%54%4C%5A%62%41%20%37%2D%47%5A%4C%62%42%20%62%42%2F%20%43%2D%37%4C%62%42%20%62%42%62%41%2C%43%2A%5A%41%62%20%45%62%42%2F%62%41%7C%51%79%58%62%44%34%34%54%51%7C%79%58%37%2D%43%34%32%54%5A%4C%62%42%2F%62%58%79%51%5D%2C%4C%47%2F%62%45%20%37%2D%47%5A%62%4C%5A%47%2D%42%20%62%41%5A%4C%37%2D%43%20%37%2D%47%5A%62%4C%41%2F%62%42%20%62%41%5A%4C%37%2D%43%20%37%62%2F%41%62%4C%41%2F%62%42%20%46%7C%51%79%58%3C%2F%58%79%51%5B%51%79%58%43%7C%2C%62%42%2C%62%41%20%37%46%2D%3E%2F%20%51%79%58%2F%20%20%51%79%58%2F%20%2C%2A%76%2C%43%5A%4C%37%2D%43%2F%46%20%37%2D%4C%5A%46%2D%2F%44%20%2C%62%42%34%34%54%7C%51%79%58%62%42%32%34%54%5A%4C%62%42%20%37%2D%41%5A%4C%43%20%43%2D%37%4C%5A%47%43%20%43%2F%2D%62%42%2F%43%20%20%46%2F%43%4C%2C%7B%5D%51%79%58%43%2F%62%42%7C%51%79%58%45%62%34%34%54%7C%51%79%58%37%2D%44%34%32%54%5A%2A%43%2C%42%62%62%42%5A%4C%41%4C%5A%41%2D%37%20%44%2D%37%4C%5A%42%62%20%43%2F%42%62%4C%5A%3C%52%65%70%65%61%74%20%26%20%66%61%64%65%3E%41%2D%37%20%44%2D%37%20%7D%20=%4C%61%74%69%6E%2D%42%72%61%7A%69%6C%3A%20%42%6F%73%73%61%20%45%6C%65%63%74%72%69%63=%39%35=%30
bacb1967-656b-43f3-bc1f-37605b8c9988,irealb://%D0%97%D0%B5%D0%BB%D1%91%D0%BD%D1%8B%D0%B5%20%D0%92%D0%BE%D0%BB%D0%BD%D1%8B%3D%D0%97%D0%B8%D0%B2%D0%B5%D1%80%D1%82%20%D0%AE%D0%BB%D0%B8%D1%8F%3D%3DDisco%3DC-%3D%3D1r34LbKcu7%5BC-XyQ%7CAbXyQ%7CBbXyQ%7CGXyQ%5D%20%3D%3D0%3D0
bad9fa76-5312-4d52-8342-0caaa5521d44,irealb://%D7%95%D7%90%D7%96%20%D7%AA%D7%91%D7%95%D7%90%D7%99%3D%D7%9E%D7%95%D7%99%D7%90%D7%9C%20%D7%94%D7%A8%D7%90%D7%9C%3D%3DPop%3DC%3D0%3D1r34LbKcu7yXC%2FC4C%20D%2F%2FF%7CQyXCv*%5BY%7CQy-XFZL%20x%20ZL%20x%20ZLCCXyQ%7C4Ti*%5B-A%7CQyXyQ%7CCX-E%7CQyXC%2FF%7CQyX%2FCC%7CQyXC%2FF%7CQyXC%2FyQ%7CFXC%2FF%7CQ%20FZL-XyQ%7CEL-D%20CC*%7BY%7CQyXFLZG%20-A%7CQyXF%7CQyX-ZE-%20DFZLG%20F%2F-A%20yQ%7DC%20L%23G%2FE%20-A%7CQyXGZ-LA%20FZL-D%20-EZL-DZA-%2FGXGZLC%23LZF%20C%2FELZD-%20G7b9LZC%20D%2FCLZC%20D%2FC%20%5D%20%3DPop-Rock%3D115%3D1
ba62be0c-2e6c-4736-a48b-a4725acc3be1,irealb://%E7%A7%81%E3%81%AE%E9%9D%92%E7%A9%BA%3DDonaldson-Whiting%3D%3DMedium%20Swing%3DC%3D%3D1r34LbKcu7XC%7CQy4%3C%20AAyX-D%7CQyX-A%7CQyX%7CCQyX-A%7CQyX6C%3EABQ%7CG7X4TA*%7BZL%20lcyQ%7DXy-D%7CQyX7A%7CQyXFB%5B*%20QyXQyXQyXQyXQ7XyQKXx%7CQyG7XyQKcl%20LZC%20DboLZ%3CD.C.%20al%202nd%20End.%3ED-7%20GY%20%5D%20%3DJazz-Medium%20Swing%3D101%3D3
bafbdd54-a67f-462b-9097-33165b19fdb1,irealb://%E8%AF%B8%E5%A4%A9%E5%AE%A3%E6%89%AC%3DComposer%20Unknown%3D%3D1n2n3n4n%3DA%3D%3D1r34LbKcu7*%5B%20Qy*iN0DyXQyXQyX%7Cppp%2CAp%7Cpp%2C7E%7Cp%2CDp%2CsusQXyQXZLQyXD%7Cp%2C%23%2CpE/GA%7Cp%2CAp%2CA/D%7Cp%2CE%2CpsusE%7Cppp%2CD%7Cp%2C%23%2CpE/GA44Tv%E6%B0%B8%E5%88%B0%E8%BF%9C%E6%B0%B8%E4%BB%8EEsus%2CLQyXQyXQyXQyXQXy%7Cp%2CAp%2CA/D%7Cp%2CEpZ%5B*C%3C%7Cppp%2Cdetap%E6%9D%83%3EDad%20.ane4n3an2n1%20g%2CnihcraM27*%3C%2C9dSynco%E6%8E%8C%E5%B7%B2%E7%BE%8A%E7%BE%94%E8%BF%9C%3E%E6%8B%9C%E6%95%AC%E8%86%9D%E5%B1%88%2Cp%7CE%2C%E6%AC%A2%E6%88%91%E4%BB%8A%3CSY%7Cppp%2C7-%23%7CFp%2C%23G/Ep%2CA%7Cpp%2Cp%E5%96%9C%E5%89%8D%E6%9D%A5%E5%90%91%E4%BD%A0Dp%3E%20.ppp%2CE%2C%3C*74%3E.n4n3n2%20n%201%20.nae4ane3ane2ane1pD%2Cp%7C9ddaD%E5%90%8D%E5%9C%A3%E4%BD%A0%E4%B8%BE%E9%AB%98ppp%7CAC/App%2CA/G1NS%7CQXyQyXQyXQyX%7Cppp%2C%23%7C%3C%E6%88%91%E8%A6%81%2CA/D%7C%3E%20%3DPop-Soul%3D73%3D3
ba0886a6-8810-479c-a1d1-973df091ea3b,irealb://Buddy's%20Habit%201%3DNelson%20And%20Straight%201923%3D%3DMedium%20Swing%3DGb%3D%3D1r34LbKcu7%2C7Ds%2C*66InZL%20ZL%20ZL%20ZL%20ZLZxLxZLx%7Cp%2C7F%3Eort*AsBb%3C44T%5B%2C-G%7C%2CsBb7%2CZL7FZLbBZLxZL7%7CF%2CbB%2C7F%7C%2CbB%2CbE%7CBb%2CD7%2C-Gs%7C7FZL7Eb%2CBb%20bB%7C%2C7F%2C7C%7C%2C7Gb%2CBZL7F%7C%2CbB%2C7F%7C%2C%5D%7C*BF%7C%2C7bB%2CbB%7CpLZBb%2CbB%7Cp%2C7FZL7F%7Cppp%7C%2CbB%7Cp%2C7FZL7F%7CpLZBb%2CbB%7Cp%2C%20ZL%20Z%2Cp%7CEb%7C%5D%20bB%7C%2C7F%2C7C%7Cp7%2CFZL7F%7Cp%2C-bE%7Cp%2C%20LZ%20L7bB%7Cp7bBZL9BridL%20QyXQyXZLxZL7BbZL7obBZL7bB%3EegZ*CEb6*%3CZLLxZL7ZEb7LZLbEZL7bBZLbEZxLZLbEZL-bAZLbAZC7LZFLbEZLL-bAZp%7Cpp%7CxZL7GZLxZLbAZLb7EZLbEZL7bBZLbELZAbL%2C7bBZ63*%3CZC7LZF*%3C%7Cp%20%3EortnI63*%5D%3C%20xZLbEZL7bBZL736A%3ELZLbEZA%3ELZ%3C*36B%3ELZ%3C*36A%3ELZ%3C*36Bridge%3E%20LZ%3C*36Solos%20on%20C%3E%20%3DJazz-Medium%20Swing%3D100%3D3
ba768918-8f14-428b-81ce-03270d4b3ffc,irealb://Out%20Of%20Nowhere%3DGreen%20Johnny%3D%3DMedium%20Swing%3DG%3D5%3D1r34LbKcu7yX7-B4G%5E7XKQyX7%5EG%7CQyX7bEQ%7CyX7-bBZL%20lcKQycl%20LZ4T%5BA*%20lcKQ9XyQ%5DZL%20lcKQyX7-A%7CQXy9b7E%7CQyX7-A%5BB*Eb7Xyb7E%7CQyX7%5EGXyQ%7CDbE%7CQyX7-bBZL%20lKcQyX7%5EG%5BA*%5DQyX77XyQ%7C7-AZL6-C%7CQLZB-7%7CQyX9b7E%7CQyX7-%5BAC*%5DQyX9b7E%7CQyXA-7Xy%20lcKQXyQ%7CB-7%20Bbo7LZA-7%20D7LZG6XyQ%7CA-7%20D7%20Z%3DJazz-Medium%20Swing%3D100%3D3
badd1e59-8558-474f-9d08-c3f299b44885,irealb://Crying%20Holy%20(Unto%20The%20Lord)%20(PLP-RBB)%3DTraditional%3D%3DFolk%3DG%3D7%3D1r34LbKcu7lareGarkinurB%20xiD%7CyaB%20le%7CMs'rekciP%20toL%20gce%20%26%20P06*%3CibuJ%20es%2F%2F%5BoN%204291%20CER%20ts%201%5D43%20kcarT%7C1%20DCrfolknoJ%20dootS%20Quart%20erehW%20kcoR%20eh%20TnO%22%20aka%20ZLetteMoses%2F%2Feel%20pu%20kQXyQX%20%3E%20suroh%2096*%3C4T4%2CC*%2C%5B%20QyXQyXQyn%3CpicyX%3E%22dZL%20x%20G%20pLZZLp%20GZL%20x%20ZLp%20ZCLp%20GZL%20x%20ZL%20x%20G%20pLZS%7B%20%20%3E*%5BQyX%20x%20LZXQyX%5D%20p%20GZLp%20GLZQp%20DZL%20x%20ZLp%20GyQXyQZL%20x%20L%20x%20Z%20erseL%20x%20ZLp%20CZL%20x%20LZ%20x%20ZL%20x%20ZLp%20G%3EZG%20pL96*%3CvLp%20G2Z%20x%20Lx%20ZLp%20G1NZLp%20DLZp%20GZL%20x%20ZL%20x%20Z%20%20%7D%7CNLp%20GZZ%20x%20%20%7DN3G%20pLZ%20x%20%3CD.S.%20al%20Coda%3E%20%5D%5BQG%20pLZ%20x%20%20Z%20%3DPop-Country%3D180%3D1
ba90bdf4-a7f3-4f00-bbca-16ff73e8257c,irealb://Father's%20Whiskers%20%3Dbe2sharp%20ARR:%3D%3DZz%20Experiment%20With%20Song%20Styles%3DG%3D%3D1r34LbKcu7n%20yb%20yQ%20%20Mruoy%20ot%20yek%20or%20PlaeRi%20eht%20hcta%20songX45*%3Cyek%20e%20%3E%20%3C*%20tahT%20.eton%20tsla%20s'gnos%20ruoy82is%20thgnima%20pu-kXyQXylgnis%20eht%20yalP%20%20QyX85*%3CQyXQyXQe%20picQyX%3E.A%7CQyXbefor*%5B%20QyXQyXQyXQyQXyX%3E.A%20rettel%20eAT44G%20etonA%20%20QyD7XyQ%5D%20G%207D%7CQyX7D%7CQXy7A%7CQyXGZLG%207D%7C%3C*46X%7CQyX7%2C%22gat%20extrellac%20si%20dne%20eth%20ta%20serusaem%20ad%20a%20%22gniddrusae6or%20%22sal%20s'gnos%20ehtt%20aepeR%28%20.%22ortuot%202%20m1*%3C%20%3EyX84*XyQXyXQyXZ%20U%2CG%207D%7CQXy7DQ%5BQyXQyXQyXQyQ%20%20%3C%3E.%29se%20:abuy:%20JaaL02*%3C%20%3E221%20mm/%20eniL%20dnoceS-zztin-CrT%20%20Q%20snaiha/%20m%20%20QyX44*%3CQyXQyQXyXQyXQyX%3E011%20mMusicC%20ahCN%22%20deuse%20a1*%3C%20%3Esdrohc%20gndiaer%20fo%20dohtem%204call%20oslaQyXQy%20Nota%20ni%20sah%20orP%20laRei%20hcihw%20%2C%22noit%3EXyQXrebmuf%20hctQ%3C*58t%20evah%20uoY%20.magrorp%20rieht%20%20QyXo%20swiyXQyXetanrClasseht%20esu%20ot%20%22notiatoN03*%3C%20%3Elaci%20alte%22%20morut%20siem.%20TyX47*%3CQyXQyXQyQXyXQyX%3Eno%20ti%20yrQ%20%20thtsys%20J03*%3Cd%20on%20rohc%203-2%20tsuj%20thiw%20sgnos%20rehtods.%3E%20na%20enXQyX%3Eount%20ra%20uoy%20yek%20ehtf%20o%20elacs%20eht%20pue%20in%2Cc%20tsuihT%20.XyQXyn%20a%20eton%20hcae%20ngivig%20%20QyX47*%3CQumberQyXQyyX%3E.5g%20use%2C2%20%2C1%20spets%20elcas64*%3C%20%3E%20ylno%20s%20and%20nos%20sQXyQXyQXyQXyQ%3Cb%23%3E%20%3DJazz-Second%20Line%3D122%3D3
ba9fa7be-788c-4778-9fa8-42e465f16ef3,irealb://03%20C7%3DSantiago%20Glauber%3D%3DMedium%20Swing%3DC%3D%3D1r34LbKcu7%7BT44%20C7%20LZ%20x%20LZ%20x%20LZ%20x%20LZ%20x%20LZ%20x%20LZ%20x%20LZ%20x%20%20%7D%20%3D%3D0%3D0
ba7c2740-7ad8-45ed-87f9-cc91a863f5a7,irealb://06%20Db7%3DSantiago%20Glauber%3D%3DMedium%20Swing%3DC%3D%3D1r34LbKcu7%7BT44%20Db7%20LZ%20x%20LZ%20x%20LZ%20x%20LZ%20x%20LZ%20x%20LZ%20x%20LZ%20x%20%20%7D%20%3D%3D0%3D0
ba6c9488-3de7-4726-96c3-ecd8b2934a8c,irealb://El%20Talisman=Composer%20Unknown==Medium%20Swing=B%2D=2=1r34LbKcu7FZLGZIntroBZL%23FZL%20ZL%20ZL%20LZ%20ZL%20ZL%20ZL%20ZL%20%3E%2DLZAL%3C44T%5Blov4%3CLZ%20LZ%20ZL%20ZL%20ZL%20ZL%20Z%20LZL%20%3EafortS%3CZL%20LZ%20LZ%2DBZL%23ZL%20ZL%2DLZB%2DFZL%2DEZL%23FZLGZLZAL%2DBZL%2D%23FZL%2DEZL%23LZB%2D%23F%3EetGZL%2CAZ%20LZ%20%20ZL%20ZL%20ZL%20ZL%20Z%20LZL%20%3E4%20x%20tiR%3CZLLZ%20LZL%20ZL%20%20ZL%20ZZB%2DLZZL%20ZL%20ZL%20ZL%20ZLZ%20L%20ZL%20ZL%20ZL%20ZL%20%20LZ%20LL%23FZLZL%20ZL%20LZ%20LL%20ZL%20ZL%20ZL%20ZL%20LZ%20ZL%20ZL%20ZL%20ZL%20ZZ%20LZ%20ZL%20ZL%20LZ%20LZ%20LZ%20LZ%20LZ%20LZ%20LZ%20LZ%20LZ%20LZ%20LZ%20LZ%20LZ%20%20Z%20=Jazz%2DMedium%20Swing=100=3
ba0fb839-c26e-4736-bec6-cc8e657961f3,irealb://Io%20Che%20Non%20Vivo=Donaggio%20Pino==Medium%20Swing=C=9=1r34LbKcu7yX%2C%2Db4F%2D%2CX%2CbD%7CQyX%2CbA%7CQyX7%2CbE%7CQyX%2C7%2DbB%7CQyXyQ%7CB4TA%2A%7B%2DGZL%2C6%2C%20G7ZL%2C7C%20%2C%2DGZL%2C%2DD%2C%20FB%2A%5B%7DQyX%2C7CZL%2CF%2C%20D%2D%2DbB%7CQB%7CQyX%2CLZF%2C%2A%2C%7C%5DQyX%2CC%7CQyX%2C%2D7G%7CQyX%2C%2DDZL%2C%2DA%20A%2CF%2D%2C7C%20%2C7CZL%2C7yQ%7CEbbB%7CQyX%2C%2DbB%7CQyXb%2CD%7CQyX%2CbA%7CQyX%2C7%2D6%2C%20GX%2C7%2Db%2DA%20%2CF%5D%7B%2ABFC%20%2C7%2DGZL%2C%2DD%20%2CFLZ%2C7C%20%2C%2DGZL%2C%2DD%20%2C7%2CQLZQyX%2C7ZLQyX%2CXyQ%7CXQyXQyX%3EADOC81%3C%2A%7DQyX%2CC%7CQyX%2C7%2DGyQXyQ%2DDZL%2CQF%2C%20Eb%2CLZF%2C%20Eb%2CLZF%2CXyQZ%20=Jazz%2DMedium%20Swing=100=3
ba3c4ba1-3a88-4445-b448-a25f97f7deb8,irealb://Digno%20Eres%20Se%C3%B1or%20-%20M.Barrientos%3DComposer%20Unknown%3D%3DMedium%20Swing%3DA%3D%3D1r34LbKcu7%20%2CEZL4A%2C%20DC/*2sus*EZL%2C%23C*/2sus*E%20%2CD/EZL%2C%23%2C%20D%2C4TA*%5BX%2CAB*%2C%20E/F%20%2C%23F/AZL%2CB/D%20%2CZDL%2CE%20%2C*m*%23FZL%2C%23E%2C%20%5D%7BAZL%2CAZL%2CD%20G%23%2CXyZL%2CD/E%20%2CE%7CQyX%2CZDL%2C%23C/A%20%2C*m*B%7CQA/C%23%2C/E%7CQyNC*%7B%5D*%2C%20D/QyX%2CE2NZL%20QyXQXy%7D%20%2CE%20%2C%23G/EZL%2CA%7CxXyQm*B1N2B*m*%2C%20A/C%23%2CLZD%2CXyQ%7CB*m*%2C%20A/C%23%2CLZE%2CXyQ%7D%20%3DJazz-Medium%20Swing%3D100%3D3
ba114279-2a00-4b7b-8559-be1df6bdded0,irealb://Solo%20Cristo%3DHillsong%3D%3DPop%20Ballad%3DB%3D%3D1r34LbKcu7icnel4B%20%3C*%20osoper%20nE%2096*A%3C*%7B%7D%20%20%3E4x%20QyX75en%20si4Ti*%7B*%3C%7C%7D%20que%20ts%23F%7CQyX-%23C%7CQyX%7CEQyXB%3E...sere%20uus%20F%23%20es%20oX-%23C%3Eoir%20T%20yeR%20im%20eriuge%20set%20zov%20eclud%20umi...%20lA272N%7C%5DQELZF%23QyXsus%23F1NZLE%20%7CBQyX-%23CZL%23F%20sus%7CF%23Xy%20B%7CQy%3E...o%7B*B%3C*%20olos%20%2Cut%20omoce%20idan%20yah%20oN%2096CristQyX%23F%7B%7D%20%3E%20Q%7CE%20BoT%2096*%3C%20-%23C%7DQy-X%23CZL%23F%20sus%23FZL%20A%3E%20%3CyX-%23G%23FZLEXyQ%20%20%7D%20B%3E3x%20%20QyX66*%20%3C%23FZLE%20-%23G%3EoloS%7CG%23-%2017*%3CS%23FZLBC%3C*69X-%23G%3E...it%20ne%20t%C3%A1se%20etieled%20iM%20yQ%7CE%20*%7BQyXXyQ%7CC%23-XyQ%7DC%23-XyQZ%20%3DPop-Slow%20Rock%3D70%3D1
ba3ada4d-7d41-427d-83fb-75108797fd4f,irealb://Gloria%20%28Hillsong%29=Hillsong==Worship=E==1r34LbKcu7QyXA%7C4EXyQC%7CQyXB%7C%7D%20%3E3x51%3C%2A%20%20x%7CQyXA%7CQyXx%7C%23%2DXyQ4TA%2A%7BQyXsu%20%5B%2ABAQyXE%7CQyXA%7CQyXBQ%7CyX%2D%23C%7CQyXE%7CQyX%7CQF%23sQyX%5B%5DQyXx%7CQ%7CAXy%23C%7CQyXx%7CQyXEC%2A%20%7B%20QyXQyX%5DQyXx%7CQ%2D7XyQyX%23F%7C%7CAXyQ%7CC%23%2D7XyQ%7CBXyQ%7CxXyQ%7D%20==0=0
ba4f3d6c-be7a-4553-9f23-5ccfe047dfa5,irealb://La%20Santa%20Cena=Cielo%20Tercer==Slow%20rock=C==1r34LbKcu7%7B%5DQyX4EXyQA%7CQyX%2D%23C%7CQyX%23GQ%7CyXBZLA%20E%7CQyXE%7C%20BLZE4TA%2A%5B%2ABA%20BLZE%20E%2FG%23LZA%20G%23LZC%23%2DXyQ%7CA%20BLZEXyQ%7CA%20BLZEXyQ%7D%20==0=0
baf461a2-a05f-4897-9849-e1fa52edf04d,irealb://Te%20Coronamos=Barrientos%20Marcos==Reggae=C%2D==1r34LbKcu7X%2DG%7CQ4C%2D%2C%2A%7D%20%3E3X96%2A%3C%20%20%2DF%7CyQX%2DF%7CQyX%2DG%7CQyXA%7CC%2DXy4Ti%2A%7BbB%7CQyXyQ%7CByXbA%7CQyXbA%7CQyXEb%7CQyXbEB%2A%7B%5DQyXbQ%7CBbXbB%7CQy%2DF%7CQyN1AbXyXbAQ%7B%5DQyXbA%7CQXy%23C2N%7C%7DQyXbB%7CQyQ%7CG%2DXZLQ%20%20XyQ%7CBbXyQ%7DEbXyQZ%20=Pop%2DReggae=90=3
baad989d-ebdf-4257-b23b-59ec06554c1e,irealb://Todo%20A%20Cristo=Marcos==Medium%20Swing=Bb==1r34LbKcu7B44TZbXyQ%7C2N42T%7C%7D%20F%20%2DC1NLZbE%20%2DGZLD%205b7%2DAC%2D%20FLB44T%5B%2CF%7CQy%7B%2ABBbD%2FbB%20bB%7C%2CF%20%20bBQ%7CyXF%7CQyX%2DCZL7G%20LZEbX%2CF%20%20bF%2FEb%2CF%2FD%2CF%2FC%2C%7CBbXyQ%7D%20=Pop%2DSlow%20Rock=60=3
ba0ca7ad-1d2f-426c-8f4c-c70b2d8ef26a,irealb://Dios%20Bueno%20Es=Kenoly%20Ron==Latin=C==1r34LbKcu7X}QyX4CXyQ%20G%2FC%7CQyXF%7CQyXxQ%7CyXC%7CQyXx%7CQyXG%7CG7LZC4TA%2A{QyXG%7CXyQXyQyXD%7CQyXx%7CQyXAQ%7CyXD44TA%2A{%20QyXQ%7CxXyQQyXQyQyXx%7CA7LZDQyXE44TA%2A{%20QyXyQXQyXQyXQyX}QyX%7CBXyQ%20A%2FD%7C%7CEXyQ%7CxXyQ%7CAXyQ%7CE%2FB%20B7LZEXyQ}%20=Jazz%2DLatin=180=3
ba60771e-6f51-403c-98a2-7d38e1bcef10,irealb://El%20Reloj=Cantoral%20Roberto==Bolero=C==1r34LbKcu7ZL%2C7G4C%20A%2D%2DA%20CSA%2A%7B%5D%20QyX%7CQryXZLsus7G%20%2DDZLLZD%2D%204Ti%2A%5BF%7CQyXXyQLZyXCB%2A%7B%7D%20QyX%7CrQXyZL7G%20%2DDZL%2DA%20C%7CQ%7CE%2D7%7CrQyX%20la%20%2ELZC%2FGL%2C7G%20%2DDZLQ%2C%2DA%20ZCL7G%207%2DDZL7%2DA%20%2CZ%3CD%2ES7o%23F%20Coda%3ECXyQ%7DY%5BQD%2D7%20G7LZC%20A%2DLZD%2D7%20G7LZUCXyQZ%20=Latin%2DCuba%3A%20Bolero=90=1
ba714c20-d8f9-4a61-9be7-e80db6dea487,irealb://Milano%3DLewis%20John%3D%3DSlow%20Swing%3DC%3D%3D1r34LbKcu77G%2C7-4D-7%20FZL7%23F%207CZL7G%20-7DZL7-A%207%5ECZL7G%5E7%20sD4TA*%7B-G2N%7C7%20A7bXQyXQyX%7D%209b7A%20%5E7C1NZL7G%207-DZL9yQXyQ-El%7C%2C%7C%2C5%237%5DY%5B*Bs%207CZL7G%207-DZL-7A%207-EZL7-F%207%5EFG-7%2CC%207C%207L7G%207F-7LZY%5D%209b7A%207-EZL97bB%207hFZL7-A%207-E%5B*AD-%207%5EFlZL9b7A-7LZl%7C%2C7G%2C7-Ds%207%5EFLZ7%23F%207CZL7G%207-DE-7%20A%207%5ECZyX6CZ7b9%2CQ%207-DZL5%237Al%207-QE%5BYYZ%205%237A%206CZLG7b9LG%207-DQZ%20%3D%3D0%3D0
ba3397fd-c252-4096-b5cb-b7a2815acbcc,irealb://17%20%D0%9B%D0%B5%D1%82%3D%D0%A7%D0%B0%D0%B9%D1%84%3D%3DMedium%20Swing%3DC%3D0%3D1r34LbKcu7G%20F%7CQ4CXyQQyXC%7CQyXbA%2F-F%7CyQXA%2FF%7CQyXbB%2F7C%7C%7CA-Xy4Ti*%5ByXQyXC)%20(DB(%20)C(%20%3E%D1%81%D0%B0%D0%B1%20%205*4%3Cn%2CCs%7C)G(%20)*D*)%5DXyQ(%20CZL%7CQyX-*AlA-B(%20%3E3%D1%8524*%3C)C(%20C%20%7CQyXG%7CQyXF%7CQyX)%7D%7ClA%7BQyXQ)*A*bG%20%3C*6F*%23F(%20)*bE*E(%20C)(CZL%20%3E%D1%81%D0%B0%D0%B1%20QyX6*)%20(B%7CQyXF%2FF%7CQy)ln%3C*C%7CQyX%2CCB*%5B)G(%20*)D*D(%20%3E%D0%B0%D1%80%D0%B0%D1%82%D0%B8%D0%B3157%2FBbXC(Cs%7CXbB%2F7F-%2FAbC%7CQyXbA%2F-F%7CQyX%7CFQyX-A%7CQyXC%7CQyXXyQ%7CC%7CQyXA%3E%D1%81%D0%B0%D0%B1%20AXyQ%7Cn%2CCs%7C)G(%20)*D*D%20()C(%20CZLG%20bA%2F-F%3C*45%20%2FF%7CQy%20(C)%20(B)%7B%20%3C*39%D0%90%20B%20x3%3E%20%3C*21%D0%BF%D0%BE%D1%81%D0%BB%D0%B5%20%D0%BD%D0%B0%20in%3E%20%20%7D%20%3DJazz-Medium%20Swing%3D100%3D3
ba7978fa-00fe-4b00-a145-4c4204a2e24e,irealb://Golden%20Sea%2C%20The%3DClervall%20Lennart%3D%3DRock%20Ballad%3DD%3D%3D1r34LbKcu7yXG%7CQ4DXyQQyXD44Tv*%7B%5DQyX-9B%7CQyXD%7CQyX9-B%7C%7CB-Xy4Ti*%5BD%2C7-EQ%7D%7CDX%2CGs%7CQyXA%7C%7CQyX7ZEL7G%20G%7CQyX7D%7CQyF%23-7%2CyXA%7CQB%7C%7CQyD%2CLZAXA%7CQyXD%7CQyXAC*%5D%7B%20nl%7Cn%2CDs2N%7C%7D%207yQ%7CDXl1N%7C%2CZL%2CDZG7XyQ%2CGZL%2C-BZL%2CD44T*v%5B%5D%20%2BA%20A%7CQyX7E%7CLZA%2CL%7CQyX7%23F%2CGsG%2CLZA1N%7CQyX7EZL7G%20GQ%7CyX%2C7D%7CQyX%2CDZL%2CAXyQ%7CZL%2C-BX%2CDl%7C7%2CD%2C%7CE%2C7-%23F%2CGs%7CQyXAN2%7C%7D%20%20n%2CD%7CQyX%2CDl-7%2CD%2C-E%2C7-yQ%7CB-%2CXyQ%5D%5BDXyQ%7CB-XyQ%7CDXyQ%7CB-XyQ%5D%20%3DPop-Rock%3D115%3D1
bad39c07-861b-40ff-8489-58d3208d9f58,irealb://2%20-%205%20-%201%20Menor%3DM.Conrad%3D%3DMedium%20Swing%3DC%3D0%3D1r34LbKcu7X9b7E-7b5Xb7-B44T%5B%7CQyXx%7CyQX-A%7CQyX9b7E%7CQy5XyQ%7CB44T%5B44T%5B%7CXyQ%7CxQyX-A%7CQyX9b7E%7CyQX5b7-B44T%5B%7CQyX%7CxXyQ-A%7CQyA%7CQyXXyQ%7CEQyX5b7-B44T%5B%7CQXyx%7CQyX-A%7CQyX9b7%7CE7b95b7-BQyXZLxXyQ%7CyXx%7CQyX-A%7CQyX97bE%7CQyX5b7-B44T%5BQ%7CXyQ%7CQyX-QyXZLLZXyQQyXZLQyXZLQyXZQLyXZLQyXZLQyXZLLZXyQQyXZLQyXZLLZXyQQyXZLQyXZLQyXZQLyXZLQyXZLQyXZLLZXyQQyXZLLZXyQLZXyQ%20Z%20%3DJazz-Long%20Notes%3D80%3D30
ba850002-32ea-41fc-85b1-5fdb0a5a6719,"irealb://50%20Special=Pop%20Luna==Medium%20Swing=C==1r34LbKcu7ZL,%2AbLZC,LGsA%2A{}%20xZL,DZLG,ZL,CZL,DZL,%2DEZ,%7CG%2A5,Gi%2A{,DZL,LZG,}CZL,GB%2A{]%20xZL,ZDL,%2DAZL,DZL,%2DAl,LZE%2D,susGX]%20xZZG,LZZL,DZL,GZL,C}%20G,ZL,CC%2A{}%20xZL,DxLZxLL,CZLitlU9XyQXy%2A%20C%2A%20B%2A%20A%2A%20B%2A%20%2AC%20B%2A%20A%2A%20i%2A%20QyXQB%20%3C%2A6QyXQymo%203x%3E%20==0=0"
ba8e904f-6153-4bde-9663-c89dde45231e,irealb://502%20Blues%3DRowles%20Jimmy%3D%3DWaltz%3DA-%3D%3D1r34LbKcu7B%7CQyX-7XyQQyX7-A%7CQyX9%237EQ%7CyX7hB%7CQyX7%5EbD%7C%7CDb%5E7A43T%7BF1NZL%7CE7%239-bA%7CQyX7%5EbB%7CQy9Xb7F%7CQyX7-C%7CQyX7%20Db7QyX7hX9b7BQ%7CB7bh%23F2N%7C%7D%207E%205%237E%5E%7CQyX5%237%5EE%7CQyX97XyQ%7CyX7h%23yQ%7CE-7XyQKcl%20%20Z%3DJazz-Medium%20Swing%3D100%3D2
ba55541f-f98d-49bd-b0f2-b2bfd0227073,irealb://Lonnie's%20Lament%3DColtrane%20John%3D%3DSlow%20Swing%3DC-%3D6%3D1r34LbKcu7-D%207-4C-7%20D%207%5EbEZL7-D%207-ZCL7-D%207%5EbEZL7-D-7LZC4T%5BA*A%207%5Eb%5E7%20D-B%207-C%5BB*%5D%207-D%20%5E7bEZL7-D%207-CZL7b7LZEbEZL7-D%207-Ab7%20A%237G%207%5EbEZL7-D%20-7CZL9b7G%207bAZL79LZUCZL7%5Eb7LZEb%5E7%20D-7%20Z%3DJazz-Slow%20Swing%3D80%3D2
ba3fb9e2-3471-4cf7-bd2a-b268d20bdd25,irealb://Walk%20On%20By%3DWarwick%20Dionne%3D%3DPop%3DBb-%3D%3D1r34LbKcu7-bBA*44%3CAlyXQyX-bBZLQyXQXy-bB%3EortnI%20ni%20lQ%20%5DY%5BTi*%5BYX-bA%7Cb-%20EbB%7CQyX-bAB*%5BY%5D%20Eb%20-bBZLbE%20-bBZLb-XyQB%7CQyXyXB%7CQ-XyQ%7CGC*%7BY%5DQyXbD%7CQyBX%7CQyX-bB%7CQyX-bEb%5E7XybB%7CQylos%20s7XyQ%7CS%3C%20QyXQyXQyXQyQXyX%3EonaiP%3C%7DQyXBtring%5EbG%7CQo%20in%20the%20middle%3E%20%3D%3D0%3D0
ba238011-db87-4bce-bd97-93daeaaeb9aa,irealb://Always%20And%20Forever=Metheny%20Pat==Ballad=A%2D==1r34LbKcu77%2DE%2C74A%2DXy%2DAA%2A%5B%5D%2011%2DD%206%2D%7CDQyX%2DA%7CQyX6%2DD%7CQ9%20sD%2D4Ti%2A%5BL96bE7%20sG9L7h%23F%20G%2F9%5ECZL7b%5EA%209%2DAl%7C%2C%23G%2F7E%2CZF%5E7%20%5EFl%7C%2CFl%7C%2C77susLDs%209%2DASB%2A%5B%5D%20%23GE%2F%20G%2F6%2DF%7CQyX7%5ECZ%2D9%2CE%2DG%209DZ%207hAZ7LZEb7%2DFZLC%2FbA%207%2DC%7CyQX7%5EbDZLD%2FbB%207%5E%20G%2D7LbB%207%2D%2F7E%2C9ZG%5E7%2CFl%7C%2C7%2DE%2C7%2DDs%209A%2DlC%2A%5B%5D%2C7E%2C7hBs%20%5E7%20sGL5b7D%5ECZLQA%2D9%20A9DZL96bE%207%5EFYZ7Lh%23F%20G%2F9%5ECZL7%5Eb%20F%2FG%2Cl%7C%2C%23GXQyXZF%2D6%2FGdoc%20la%20%2ES%2ED%20%20%3C%2FG6%2DF%7CQyX7%5EC%7CQyXa%3EXyQ%7CQyX7yQ%20%20Y%5BQC%5E7%20LZF%2D6%2FG%20LZC%5E7%20LZF%2D6%2FG%20%20sG%23o%2C%7ClA%2D9%2C%20%20Z%20==0=0
ba79546c-a14b-473d-9573-68b7dc5f3649,irealb://Call%20Me=Hatch%20Tony==Bossa%20Nova=G==1r34LbKcu7%7CQyX7AG%5E7XlcKQyX7%5EF%7CQyX7%7CCQyX7%2DGZL%20lcKQy%20LZF%2D%2A44T%7ByX7%2DCQ%7CEb%5E%5EbE%7CQyX7%2DC%7CQyX%5E7bE%7CQyX7%2DC%7CQyX77XyQ%7CyX7bB%2DAZL9XyQKc%2DBZL7C%207%5EGZL%20xZ%20L7D%207%2DA%5BB%2A%7D%20%20l7%20E7%237%5EG%7CQQyX7%2DZ%20x%20LcKQyX7%5EG%5BA%2A%5D%207%20D7%2DAZL9%237E%207%2DBZl%20LZGL7D%207bE%7CQyQ%7CF%5E7QyX7%5EbE%7CQyX7bBQ%7CyX7%2DFZL%20lcKQyX%7CC%2D7XyX7C%7C%5E7XyQ%7CC%2D7XyQ%7CEb%5E7XyQ%7CC%2D7XyQ%7CG%5E7XyQKcl%20%20Z%20==0=0
bad4a1be-66e0-48f3-b43c-f3ef26da5e01,irealb://Daybreak=Adamson%2DGrofe==Medium%20Swing=Eb==1r34LbKcu7A%7CQyX4Eb%5E7yX7%2DF%7CQyX7C%7CQy7X%5EbE%7CQyX7bB%7CQyXQ%7CBb74TA%2A%5B7%2DE%7CQQ%7CB7%20%5EbBZL7bA%207%2DbE%7CyQX7%5EbEB%2A%5B%5D%20%2C7bB7%2FFXyyX7%5Eb%7CQyX7C%2D7XyX7%5EbEA%2A%5B%5DQyX7b%7CBQyX7%2DF%7CQyX7F%7CQyQ%7CBbZL7A%20bBC%2A%5ByQ%7CC7B%207B%7CQyX7%5EbA%7CQXy7bB%7CQyX7%2DF%7CQyXb7%2C%20%5DX7%5EbE6bEZL%7CEb7X%2DFZL%2C7C%20%2C7%2DG%7CQXy7bD%7CQyX7%5EbA%7CQy7%20Bb7QyX7%2DXyQ%7CF%2D7%20Bb7%20Z%20==0=0
ba1fc6ca-2dac-40fe-a8e4-ab6eb8203b2f,irealb://I%20Ain%27t%20Got%20Nobody=Graham%2DWilliams==Slow%20Swing=G==1r34LbKcu77%2DAZL4G7%2CX%2FGZL%20lcKQyX%2C7A%7Cl7E%2C7F%2C7%23Fsp%7CQyD%2C%20E%2D4TA%2A%5BQyX%2C7G6%20E%2D%2C7F%2C7%23Fsp%7CQyX%2CG7A%2A%5B%5D%207D%207%2DAZL7E7%7ClAZL7D%20QyX%2C6ZA7%2CXcKQyX%2C7GB%2A%5B%5D%20%20clKQyX7DZL%20lcKQyl%20LZCL%20lcKE%2C7F%2CZE7%2CX%7CQyX%2C7GA%2A%5B%5DQyXD7%7CQyX7AZL%20lcKQypsF%237L%20lcK7%7ClA7%2CXyQKcl%20LZG%2FD%2C%20E%2DLZA%2D7%20D7LZG6XyQ%7CA%2D7%20D7%20Z%20==0=0
ba7df654-f3cb-4b6d-90d7-d7767eded0ec,irealb://Mambo%20Inn=Bauza%2DSampson%2DWoodlen==Latin=F==1r34LbKcu7%207%2DAZ4G%2D7%20%2DGZL7D%207%5EFZL7C7%20%2DGZL7D%207%5EFZL7C7%20C7L4T%7BA%2A%5BB%2A%5D%20%2D7%20C72N%7CQyXQyXQyXQy%7DX%20%2C31b7D%206F1NZLF6%20B7GZL7DX7G%7CQ%20l%20LZZLbE%2F7%2DF%207%2DFZL%2FGbE%207%5EbA%7CQyX7bED%2D7Xy7%2DbBl%5EFZL77XyQ%7CZL7D%207%5EFZL7C%207G%2D%5BA%2A%5D%2031b7D%207%2DAG%2D7%20C%2DG%7CQy7%20D7LZlG%2D7%20lC7LZlA%2D7%20D7LZG%2D7%20C7LZF6XyQZ%20==0=0
baf78bd0-8185-4a1c-98af-01e3d36c7feb,irealb://Les%20Copains%20D'abord%3DBrassens%20Georges%3D%3DMedium%20%20Swing%3DF%3D%3D1r34LbKcu7yX%2CbBXyQKcZL%20x%20ZL%20lcKQyXG7ZL%20x%20ZL%20x%20ZL%20l%20x%20LZF44T%5BQKcl%20LZA7XyQKcl%20LZD-XyQ%7CG7%2C%20C7%2CLZF%2CXyQKcl%20%20%5D%20%3DJazz-Double%20Time%20Swing%3D120%3D12
bacf7fed-6ab4-4f39-9c62-7cb82d0f7f63,irealb://Cora%C3%A7%C3%A3o%20Leviano%20-%20AAB%20AB%201%3DPaulinho%20da%20Viola%3D%3DSamba%3DE%3D4%3D1r34LbKcu7XEZL)44%3CTr%206E%3Esonalp%20sue%20toderges%20me%20amaB7(EoTA*%7BYA07*%3C7XyQ%7CB%7CQyX9%23F%7CQyX7BQ%7CyX-%23FZL7%23C%20-%23F7XyQ%7C%23C%7CQyZLo%23A%C3%A7%C3%A3o%20luem%20od%20zef%20euqe%20bas%20o%C3%A3n%20onaive..%3EA%20aroc%20(QyX%7CLZF%23-L7%23C%20EZL%2C7B%207-F%23ZL-G%20-%23GZL%2C7B%20ZXyQr7%23C%20E%23C%20EZY%7C*B%3C-%23F%3E..etnageva%20nerbop%20essE%2007*%20B7%2CL%7D%20)7BQyX9%23-%2Cp(G%23C%20EZL%2C7B%20-%23CZ7L%23GZL%207A%7C)%23G(p)7%2CLZF%23FZL7%20uov%20F%23-)%20gne%20uet%20o%C3%A3%C3%A7aro%20c%2ChA27*%3C%5BY%5D%20%2C7Bano..(31B%7CeD%3C%7CQar%20poZL7D%207A%7CQyXEZL%23oA%20A%3E%20%2Cmeb%20mu%20rC%237Xyrepse%207-%23Fora%C3%A7%C3%A3in%20ed%20ares%20acnnu%20euq%20onaivel%20oguem%3Ec%20mu%20A-7LZG%23-7%20FoLZF%23-%20B7%2CLZE%20B7%2C%20Z%20%3DLatin-Brazil%3A%20Samba%3D200%3D3
bac0388f-2f56-4de4-b912-ab1ba681272c,irealb://Das%20Maravilhas%20do%20Mar%3DGRES%20Portela%201981%3D%3DSamba%20Enredo%3DC%3D0%3D1r34LbKcu7ZL7E%2044%3C*7X-B%7CQyXG%3E..ratancne%20em%20axeD%20%200yQ%7CBhTA*%5BYZL-BZLZA-LCZL-AZL%20%7Cr%20ZL7ZEL-DZLGZLxZL7DZLZC-L7E%20-AGl%3E..-LZD7an%20%C3%A1t%20euq%20a%C3%A7na0D7*%3C%7BY%7C%2C7D%2CGsZL%20rodaAZL7E%20%2Clae-XyQ%7Cjetroc%20o%20siE07%3C*%5BY%7D%207D%20G%7CQyX7Do%20irrA%7CQyXZL7E%20%20maraE%20G%7CQyXGZL7D%20G.%3E.ram%20od%20sahliv7LZA-a%20mocZL7D%20%7CD7Xy%20-AZL7E%20-BZLD%20ZCL7G%20GZL7D%20-A%7CQD7LZGQyX-AFs%20-AAmor%2C%20-B%7CQyXx%7CQyXG%3E..%C3%B4%20%C3%B4%20%C3%B4%20%2Cairros%20Bb-LZ27*%3CY%2Cue%20u%7ClA-X%20E47*%3C%7BYZL7D%20GLZ7D%20-A%7CQyX7D%7CQyl%C3%A1%20vo%2C7E%2C77D%7CQy%20imen7E%20-A%7CQyXx%7CQyX%3EG..ram%20od%20o%C3%A3disLZA-Xalep%20XyQ%7CA-%20D7LZG%20D7LZxXyQZ%20%3DLatin-Brazil%3A%20Samba%3D200%3D15
ba7b7c04-1c65-4a1d-b03d-21cb3913fac7,irealb://Preceito%20-%20i%20ABABA%20%E2%8A%99%3DGeraes%20Toninho%3D%3DSamba%3DF-%3D10%3D1r34LbKcu7X3QyX*6351%20QyX1%20QyX3%20QyXQ1yX7QyX5QyX3QyX6XyQ5%3Ci*%5BY%203%20%200yQ%203XQyXZL7C%207bDZL7Bb%20bAZL%2C7C%20-F%3EQy%20%5B%3C*6X5%20QyyX%3E..ato)%20-arab%20o%20%C3%A1l%20ahl%20oognulaM30*%3C-F%3EventobuR(%20%5BQyX-XyQ%7CCX-bB%7CQyXbD%7CQyXF-ZL%2C-bB%20-F%7CQyX7yQ%7CfF-bB%7CQ..rolQ%7CxXyd%20o%C3%A3n%20%20..ielaFA%3C*%7BYY%20%20QyXQyX%5DQeu%20vayX7-F%20-bBZEb7LZW%20-FZL%2C7C%20-bBZQLyX%7CrQyXZL-F%20bA%2FEb%2CL%20-bB%3E7bE%20-F-%20F7otnas%20ed%20%C3%A9%20euqa%20dimoc%20A%3CB*%7BY%7D%20..%3EBbZL%2C7CL%2CbE%2F%20F-%2CLL%2C7C%20-bBQ%7CYYY%7D%2C%207F%20-FZL%2C7C%207GZZF-%20WbAZL%2CC%20-bB%7CXyQLnev-arrab%20o%20%C3%A1la%20hlo%20ognulaM%3C%7BZto..%3ErQyXZ7%2CLZF-XyQ%7CDb%20Bb-%2CLZF-XyQ%7D%7CBb-XyQ%7CF-XyQ%7CXyQr%7CXyQ%20Z%20%3DJazz-Medium%20Swing%3D100%3D3
ba02b1fc-2909-4e65-b80a-7e445666dad7,irealb://Toda%20Hora%3DMoacyr%20Luz%20e%20Toninho%20Geraes%3D%3DSamba%3DEb-%3D6%3D1r34LbKcu7%20)7bB44Ab-2N%2C-bE1NZL7bB%20E7%7CQyX-bEZL7bB%206%20Eb7(Ti*%7BY)7bE(A%3C*69ZL7bB%20-bE%3E..m%C3%A9gula%20aroh%20adoT%20%20Eb-%20%20*%7BYY%7DZL)-b%20Eb7(bG(-bE%7CQyX7bD%7CyQX)6B(-bAZL)obB)%20%20(E-bAZLeb%20ziB%2FA)Lun%20ue%20ogimA%20%202*7%3CB*%5BYY%7DQyX7bBZnca%20f(%20%207B%20-bAZ%20leit%5EbG%7CQyX7bD%7CQyXb-EZL7bB%20-bE%3E..e%20Eb7LotnebBb7LZEb-%20%20(Gb7)LZB7%20Bb7LZEb-%20Bb7%20Z%20%3DLatin-Brazil%3A%20Samba%3D105%3D3
ba53fb77-8146-439f-bacd-79fd41591bb4,irealb://B%201bar%20%2D%20HS%20%2D%20Dom7b9%20Rootless=JonBlanckMusic%2Ecom==Medium%20Swing=C==1r34LbKcu7X9b7%239XyQ%7C9b7F%7CQyX9b7E%7CQXy9b7bE%7CQyX%2C9b7DXyQ%7CFb7%23C%5ByQ%7CF7b9XyQ%7CE7b9XyQ%7CEb7b9XyQ%7CD7b9XyQ%7CC%237b9XyQKcl%20%20%5D%20==0=0
ba17f891-8941-45ab-9d98-1a3edd93dc7e,irealb://O%20Le%C3%A3ozinho%3DVeloso%20Caetano%3D%3DXote%3DC%3D0%3D1r34LbKcu7yX6C%7C4C6XybB%7CQyX7%5EF%7CQyX7E-%7CQyX-A%7CQyX7G%7CQ%5E7XyQ4TA*%5BX6C%7CQLZC6XB%7CQyX7%5EF%7CQyX7-%7CEQyX-A%7CQyX7G%7CQyb%5E7Xy%20lcKQ7%5EF%7CQ%20%20%5D%5B*6-A%7CQyXG%2F7-A%7CQXy%23G%2F7%5E-A%7CQyX-AB%2FF%23XylcKQy%7CQyXG-7XyQQyX%23G%2F7%5E-A%7CQyXA-%7CQyX7G%7CQyX7-D%7C%7CA-7%2FE%7CQyXA-6%2FF%23XyQ%7CF%5E7XyQ%7CE-7XyQ%7CD-7XyQ%7CG7XyQZ%20%3DJazz-Medium%20Swing%3D120%3D0
ba336f43-cd95-4784-9c54-472258cbd406,irealb://Para%20Machucar%20Meu%20Cora%C3%A7%C3%A3o%3DBarroso%20Ary%3D%3DBossa%20Nova%3DEb%3D3%3D1r34LbKcu7yX5%2394Eb%5E7QyX7bBZL%20lcKQy7X-F%7CQyX7o%23F%7CQyX%7CBb7b4TA*%7ByX6-b9XyQ%7CcKQyX7%5EbAZL%20lcQKyX9bE%7CQyX5%237bBl%20LZA6bE%7CQQyX31LZEb%5EyX7-FZL%20lcKQyXo7%23FZL%20lcKQyXG%2F7Q%7CC7b%20lcKQN%7CQyXyQ%7CBbXQyX%7DQyX5%237bB1%7CNQyX7%5EbE%7CQyX9b7yQXyQX7-F%7CbB%7CQyXyQ%7CF*%5B%5DQyX9-C%7CQyX7b%5EE%7CQyX7bB%7CQyX7-BF-7X96bE21F%7CQyG13Xy%7CQyX9FZL%20lcKQy9Xb7C%7CQyX31b7G%7CQC-69X%7CQyX73XyQ%7CF7b13XyQ%7CF-7XyQ%7CBb7b9XyQZ%20%3DJazz-Bossa%20Nova%3D140%3D0
ba8e5f25-2c9f-4292-9da1-2ddc084dc88c,"irealb://A%20Foggy%20Day%20With%20Verse=Gershwin%20George==Medium%20Swing=F==1r34LbKcu7%5EF44T9%20Eb67%2DC%20bB%7CQyX,9%2DGZlL,susGs%2096FZL9LZ[%2Av6Gi%2A[31D%7CQG%2D7XyQyX7E%7CQyX7%5EFZLC9%207%2DGZL7F%207%5EF%7CQ%7CA%2DXy%7CQyX7ZL7C%20XyQ%7CE9D%209%2DAZL9b31D%20%2D7AZL6%2DA%20%2DA%7CQyX7LZG%2D7F%7CQyXyX6F%7CLZG%2D7%7CQyX7%2DG%7CQyX9b7%7CDQyX7%5EFA%2A{]%207C%20C7XyQ7D%206FE%7CQyXXyQ%7CGL7F%207%2DC%7CQyX7%5EFN1B%2A[]QyX7C%7CQyX7ZBb%5E77bA%7CQB%7CQyX%7CA%2D7XX7%2DC2NC%2A[}QyX7%7CCQyX7G%7CQyX7D%7CQyyQ%7CF7QyX7bL7%2DD%20Q%7CEb7ZLC%2F7%2DG%20C%2F7%5EFZCL%2F7%2DG%20C%2F7%5EF%7CQyXF%5E7%2FCyX7%5EbZG%2D7%20C7LZF6XyQ%7CG%2D7%20C7%20Z%20=Jazz%2DGuitar%20Trio=0=0"
baddb407-3e3f-4081-beac-ed19578ca613,"irealb://I%20Can%27t%20Get%20Started=Duke%20Vernon==Ballad=C==1r34LbKcu7bA,7D4C%5E7%20,7bE,7%2DbB,7E,7B%2DsZL7G%207%2DDZL7%2DA%7CA%2D7,4TA%2A{L%20QyX7,%7ClC7G%207DZL7A%207E1NLZ7G%207%2DDZL7%2DA%207%5E%20}XyQbD,7%2D,%7C,7A%20Bb7L%207%5EDZL7A%207%2DEZLA7%207%2DEB%2A[]QyX6CZsE%2D7,6C2NZCA%2A[]XyQ%7CDG%207%2DDZL7obE%207%2DZEL7G%207%2DDZL7G%207%2D7sus%20,7%5EDl,7bD,7LZD%2D7D,7%2DA%7C,7bE,7%2DBb,7E,7%2DBsZL7G%207,Ab%2D7%2DA%207%5E%7ClC%5E7%20A7%235LZD%2D7%20G7LZC6%20A7LZD7%20G7%20Z%20==0=0"
bae3b268-1fe8-44a5-afec-1b5c5fbd4ea4,irealb://Um%20Chorinho%20Em%20Cochabamba%3DNeves%20Eduardo%3D%3DChoro%3DD-%3D5%3D1r34LbKcu7-Dl%7C%2C4D-LZGsZL-Dl%7C%2C7A%2C6-sGZL-Dl%7C%2C7A%2C6-Gs-6%2CA72Ti*%7CCZLxZ6%2CA7%2C7AZL7CA*%7BQyXQyQXyXQyXZLxZL-Dl%7CLZD-L-GsZL-Dl%7C%2C7LZA7bEsZL7bBZL7FZLD-ZL7AZL-GZL7DZL7%2CQA7bBZL7-DZL7%7D%7B*BBGZLxZLFZL7CZL7G-ZLxZL-DZLxZL7b-6LZA%20xZL%2CL7bBZZE-7b-DQ%5BQyXQyXQyXQXy%7D%20xZL-DZL7AZL5LZF7LL7FZL-Dl%7C%2C%2CA7%2C%7CGsZL-Dl%7C%2C7A%2C7bsEZL7bBZL7FZL-Dl-6%2CA77bEsZLZsG-6%2CA7%2C%7ClD-LZsG-6%2CA7%2C%7ClD-LZsG-6%2CA7%2C%7ClD-LZx%20Z%20%3DJazz-Medium%20Swing%3D100%3D0
ba6aff49-a964-4d5a-a7bc-d85f10c38baa,irealb://El%20Pardo%20Alejo%20%20-%20%20F%3DSampayo%20Anibal%3D%3DChotis%3DA-%3D%3D1r34LbKcu7%20C%2F7--7XyQE%207E%7CQyX7-A%7CQy7X-AZL%20lcKQyX7E%7C%2FDLZAA42T%7B-D%207E-7XyQ-A%7CQyX7-A%7CQyX7%7CEQyX7B%7CQyX7-A%5B%5D7XyQ%7CAZL7EX7-A%7C7%2FC%20EA%7CQyX7E%7CQyX7B%7CyQX7-A%7CQyX7-AZL7-7XyQ-AZL7A%7CQyX%20D-7LX7-D%7CQyX7-A%5B%5DQXy7-AZL7E%20C%2F7-AZyQ%7CE77E%7CQylcKQy%7CA-7XyX7-A%5BY%7DQyX7-AQ%7CyX7E%7CQyX7-D%7CQyQ%7CE7XQyX7-%20LZA-7XyQZ%20%3D%3D0%3D0
ba9c03f9-75d6-4eaf-bcd3-cc89dd53d337,irealb://All%20My%20Life%20GS=Sidney%20Mitchell%2C%20Sam%20Stept==Medium%20Swing=Bb=7=1r34LbKcu77%2DDZL4Bb%5E7%5EbB%7CQyX31bA%7CQy7X%2DCZL7G%207hD%7CQyX7%20C%2D74TA%2A%7B%2A%5B%5D%209N1C7X%5EbBZL7F%207C2NZLQ%20yXQyX%7DQyX7F%7CQy7%20A7bZL7G%20b7G%207yQ%7CA7X7A%7CQyX7%2DDZL7A7%20%2DDZL7A%207%2DD%7CQyXyQ%7CD%2DX7%2DDB%207%5EbB7%20F7%201bA%7CQyX7%2DCZL7G7%20hD%7CQyX7%5EbBA%2A%5B%5D3XyQ%7C%2DCZL9C%2D7LZD%2D7%20G7LZC%2D7%20F7LZBb%5E7XyQZ%20=Jazz%2DGypsy%20Jazz=105=6
ba4b0339-3e27-4cbf-9305-b419293e7327,irealb://Deus%20%C3%89%20Mais%20-%20In%20AABC%20ABCC%20In%3DNogueira%20Diogo%3D%3DSamba-Funk%3DB%3D%3D1r34LbKcu7eM%3CA*4B%5E%20L7%23F%20%5EB%7C%29%23A%28p%29Ap%28%2C%5EAZL%20%5EBZL%20%5EAZ%2C%20%7DY%7B4Ti*%7B%23F%2C7-quem%20%2C%5EBsZL7%23F%20-E%7CQXy%2C7%23C%7CQyX%5EB%3E..%C3%A9Co%2CC%23%20zid%20QyXQylB%5EXyyX%7D%20%2C7%23F%20%5EB1NZ7L%23F%20-E%7CQyX7%23C%7CQQXyQX%2C%7C%7C%2C7%3E..od-%2CN3F%20atucse%20o%C3%A3n%20meQu%3CB*%5BY%5D%20%2C-Bl%2C7%23cuidaBs2N%7CQyX%7Cr7LZB-yX7%23F%7CQyX7%23C%7C%7CyQX%5EDZL7A%20-E%7CQyXQ%7CXyQ%23F%20-E..ariC%3C%C3%81guebos%20o%C3%A3n%20euq%20ise%20ue%20avuhc%20ed%20a%20lade*%7BY%5D%20%297%23F%28%20F%237s%28p%299D%28p%29%5ED%28pZLA7%207-E%7CQyX%5EEZLsuG%23-%29psusB%3EF%207-Es%20%C3%A9%20nEZL%2Csus7%23F%20sus%3EB..ariedam%20an%20%C3%B3%5EXyQ%7C%C3%B3N%3C%7C%7C%237%235%2C%20%5DB%5E%20F%237%2C%20%7D%20%3D%3D0%3D0
ba1b3218-f777-4635-bc91-40a813f96926,irealb://Menor%20Abandonado%3DPagodinho%20Zeca%3D%3DSamba%3DA-%3D%3D1r34LbKcu7a%20%C3%AAd%204A-%20L%5BY%5D%20%2C7E%20-Al%7C%2C7sE%207FZL%20-AZL%207EZ*A%3CMe4Ti*%5BGZL%207%20eu%20poCZL%20xZL%209-A%3E.%C3%AA.cov%20ed%20uosicer%20LZD-%2Co%C3%A3m%20x%7CQyXG7LZCX-AZL7E%20%5EC%7CQyXG7%7CQyXsus7G%7CQyX%5EyQ%7CCo%20sus7B%7CQyXh%20E9%2C%23A%20A%3E..res%20orequ%20o%C3%A3n%20uE%3CB*%7BY%5D%20oLZB-B%7CQyXs%20o%C3%A3NE7XyQ30*%3CC*%5BYQyXQyXyQXQyX%5D%20%2C7E%20-A%7C%7DXyQ%20%20%7CQyX7ZLQyXcravoZL%2C9b7E%20-DZL%2C7%20A-A%3E..oic%C3%ADv%20od%20XyQr%7Cse%20rerevivuero%20ral%20mu%20ret%20%2Crarmof%20em%20%2Cradutse%20pra%20Q%3CQ%7BYmi%20%C3%A1mQ%7CAoX%20%2Cragapa%20E%3CZL%2CE7%20oCZL%2C7E%20-D%7CQyessa%20yX-A%3EZL%2C7E%C3%A3o%20qu%2CC%20-AZL%2C7E%20-D%3Ev%C3%AA%20%C3%AAcov%20mim%20me%20eLZF7%20sserpA-%20E7%2C%20Z%20%3D%3D0%3D0
ba6f46f5-61a8-436f-8621-de094ab34f6b,irealb://All%20My%20Loving=The%20Beatles%20%28Lennon%2C%20McCartney%29==Rock%20Pop=E==1r34LbKcu7X7B%7CQ4F%23%2DXyX%2D%23F%7CQyXA%7CQyX%23%2DC%7CQyXE%7CQyXB%7CQyQ%7CDXy4TA%2A%7B%7D%20Q%20n%23%2DXyQXE%7CQyXB%7CQyXA%7CQXy%2D%23C%7CQyXE%7CQyXB%7CyQ%7CE%2CF%7C%7CQy%5D%20%20n%2C%2DXyQ%7CE%7CQyX%2BC%7CQyX%2D%23CLZ%20lcKQyXE%7CQyX%2BCXyQ%7CE%23CB%2A%5Bla%20%2ECXyQKcyXE%7CQyX7B%7CQyX%2DF%23ZL%20lcKQyXEZL%20lQ%7C%3CD%2E7AC%2A%5BlcKQy%3EE%2Cn%20%7D%20%20lcKQyXE%7CQyXC%2B%7CQyX%2D%23CQB%2A%7BYZ%20%7BC%23%2DXadoC%20%20LZEXyQKcl%20%20%7D%20=Pop%2DShuffle=150=1
ba0e2638-30d7-44ea-8af0-355df00f5637,irealb://My%20Cherie%20Amour=Stevie%20Wonder%20%28Wonder%2C%20Cosby%2C%20Moy%29==Pop=Db==1r34LbKcu7A%2A%7B%5D%204Gb%5E7%5EbD2N%7DQyX7%5EbD1ZNLxZL11%237%5EB%7CQyX7%20Ab74Ti%2A%7B7bG%7CQyQ%7CGbDZL7bA%20sus7bA%7CyQX7%5EBZL7bG%20sus7b%5E7XyX7%5EbDBZL%2C7b7LZBs7bA%7CQyX7%5EbGZLb7A%20sus7bA%7CQyX7%5Eus%20AbG%20sus%7C%7D%209byQ%7CBb7%5EbD1NZL7%5EbDZL13bA%7CQyX9bE%7CQyX7%2C%20Ab7X11%239%207A%2077%20n%20%5D%7DQyX7%5EbD1NZLxZ1L1%237%5EB%7CQyX7%5EbG%7BN2Db%5E%5EbD2Nsus7G%5E7XyQ%5EDZL7A%20sus7A%7CQXy7%5ECZL7G%20sus7G%7C7XyQ%7CDB%2A%5B%5DB%7CQyXC%5E7XyZL%2C7A%20sus7A%7CQy7X%5EGZL7A%20sus7A%7CQC9%2311ZL7G%20G%3EedaE9XyQ%20pmaV%20%3C%7B%5D%20n%207%5E%7CDQyX7%5ED%7CQyX31A%7Cand%20F%7CQyX7%5E7XyQ%7CC%5E7%2311XyQ%7CxXyQ%7CD%5E7XyQ%7D%20=Pop%2DSoul=105=1
baba9ca1-b1b7-434a-9810-0a48d5364456,irealb://Only%20the%20Lonely%20%28Know%20the%20Way%20I%20Feel%29=Roy%20Orbison%20%28Orbison%2DMelson%29==Rock%27n%27Roll=F==1r34LbKcu7%7CQyX74FXyQF%7CQyX7C%7CQyXbBZ%20LlcKQyX%2DGZL%20lcKXyQ%7CC4Ti%2A%7BC%7CQyXF%2Cn%20%20X%2DG%7CQyXFZL%20lcKyQXFA%2A%5B%20%20QyXQyX%5DyQ%7CG%2D%7CQyXF%2A%5B%5DQyT24G%2DZL%20lcKQyXF%7CQyXBb%7CQyX7C44T%7CQyX7T24FX%7CQyX7ZL7G%20%2CsnlF%2CbBZLbB%20nZL%20n%2CF7ZL7F%20nZL%20n%2CFZLn%20LZnF44TBbB2N%7DfLZ%5B%2AL%20lcKQyX7C%7CQyXBb%7CQyX7F%7CQyXF1NCZFXyQ%20n%2C7CXyQ%7CC7%2CXyQ%7CT24C7XyQ%7CT44FXyQKcl%20%20Z%20=Pop%2DCountry=116=1
ba05d7f5-cb63-405b-9926-1535d61aef6d,irealb://She=Charles%20Aznavour%20%28Aznavour%2C%20Kretzner%29==Pop%20Ballad=Db==1r34LbKcu7%7CQyXb4Db%20W%20%20QyXQyX%5D7bA%2CssubA%2CbG%2C2bGsZLF%2F%5B%2AAlD4Ti%2A%5BF%2FW%2CbQ%7CGbX6bDsZLA%2F7hbEZL%2D7bEZLD%2FbB%20bD%7CQy%2FAb%2CDyX7oEXbDlB%2C%7ClGbbA%2CbA%2FbG%2CbG%2CbD%7Cs%2C9bA%2CbA%2F7%2DbEs%209%2C%5D%5B%2AbA%2FW%2C%2CbD%2Cb7XyQ%7CsZLA%2F7hbEZL7%2DbZELD%2FbB%20bD%7CQyXbGDb6%2FAoE%7CQy%7CQyXE%2FAb%2C%7CC%2A%5B%5DQyXbDl%7C%2C9b%2CAbA%2F%2DbEs%20%2CG%2FbElAXyQ%7CW%2CF%2FWD%2A%5B%5D%20DbXyQ%207bEZL7bE%20bEZLb7D%20EZL7bC%207%2DbG%7CAb7%2FC%7CQyXD%2CbA%2F6%7CEo7XA%2F7hbEZL7%2DbEZL%2FDbB%20bD%7CQyXbG%7CQyLZsDbQyXbD%7CQyXFF%2CW%2FA%7CQyXbGl%7C%2C9bA%2Cb%2FA%2DbEs%20%2CG%2FbEl%7C%2CbY%7CDb%2F%2FW%2CbDEb%2D7%20sEb%2D%2FAb%2CAb9%2C%7ClDb%20%20f%20Z%20=Pop%2DSlow%20Rock=70=1
bac65f65-a893-42c6-8016-13760722f34f,irealb://Hazine%3DF.Can%3D%3DM.K%C3%BCrdi%3DG-%3D%3D1r34LbKcu7G%20ZL%2044%3C*6-F%20ZL%20x%20ZL%20bA%20i%3EdoleM%20%26QyXQyX6%20LZ%20xTSi*%5BZL%20bA-%20F-LG%20ZL%20bA%20%7Cppp%2C-AG*%7B%7D%20%20x%20ZL%20-G%20Z-%20LZ%20GZL%20--G%20B*Z%20x%20LXQyX%5B%20%20-G%20ZL%20b%20A%5B%7D%20%20-G%20ZL%20-F%20ZyQ%20%20%5BL%20bB%20%20ZL%20-x%20LZ%20-G%20ZL%20bA%20ZL%20x%20LZ%20bB%20ZL%20x%20ZL%20-F%20LZ%20G%20ZL%20%2CyXQyXF-%20LZG%2C-Fs%20-GZL%20bA%20LZ%20x%20ZL%20bB%20ZL%20x%20-%5DXyQ%20ZL%20xQXyQXyQ%2CS%2C%20%3DPop-Rock%3D134%3D2
bac297ba-9222-43be-b26e-cd4a0dcc54e2,irealb://Tu%20Nombre%20Es%20Cristo=Witt%20Marcos==Worship=F%23%2D=4=1r34LbKcu7B%7CQyX4F%23%2D7%2A%7B%7D%207%2D%23C%207%2DB%7CQXy7%5ED%7CQyX7%2DB%7CQyXAF%23%2D74Ti%2A%7B7%2D%23C%7C%7CD%5E7X%23F%7CQyX9%2DB%7CQyX7D%5EB%2A%7B%7DQyX7%2D%23C%7CQy%2D9XyQQyX7%2D%7D%2C7%2D%23%2ACF%235s%20%2C7%2D%23Cl%7C%2C7%5EDs%20%207%2DB%7CQyX7%5ED%7CQyXD%5E7%2CC%7B%7DQyX%7B%2ADlF%23%5E7%2CXyQ%7CB%2D9XyQ%7CC%23%2D9XyQ%7CE6XyQ%7D%20==0=0
ba3e5a14-5292-4448-9b75-51b0e364d5c9,irealb://Everything's%20Alright%3DBowie%20David%3D%3DRock%20Pop%3DBb%3D%3D1r34LbKcu7yX%3EF%2036%20%20r%2093*%3C%5B%20%3Ex2%3C%7D%20%3E6-3*%3C%20%7CQyX%3EC%20ffi%20riff*%3Ci*%7Bfir%20%2039-%3EL*%7BY%5D%20%3E-93*%3C%20%7CQXy%3EC%20ffir%20%2093*%3CZA%3C*39*%3C%20%7CQ%3CZL%3E-yQ%7C%20%3C%7CQyX%3EF%20ffir%20%209*3%3C%5B%20%3Ex3%3C%7D%20%3E-93*%20%3C*39X%3EC%20f%20x%20ZLriff%20NZL%20x%20ZL%20F%20B*%7B%5DY%20%3E-93*%3C%20%7CQyX%3EC1%20C%2C%20%20%2093*QyXQyN2%20G7los%3C%5D%20%2C7G%20ZL42%20T%20%7D%20%3Ex6%3C%20x%20ZL%20%2Co's%3EXZL%20%7D%20ZL%20x%20QXyQX%20C*%5BY%20QyX%7D%20%20%2CGZ%20L%20*m*A%202NZL%20QyF%2C%20LZyXQyXA%20ZL%20%20LZ%20xC%20D*%5BY%5D%20%20x%20ZL%20G%2C%20ZL%20x%20ZL%20F%20ZL%20%20LZ%20x*m*A%20*%20A*%20%5D%7CXyQ%20QyXQyXQyXQyXQXyQyX%5D%20U%20*m*A%20%5B%20*A%20*B%20%20*m*B%20*B%20*C%20*B%20*D%20%3D%3D0%3D0
ba7f25fa-8d79-4051-b005-68c8a224e061,irealb://Golden%20Years%3DBowie%3D%3DMedium%20Pop%3DB%3D%3D1r34LbKcu7x%7CQyX4F%23%20%3C3%26%3C%20%23FA*%7B%5DQyXxQ%7CyXx%7CQyXxZLE%3E3%26%3EELZx4Ti*%5BLE%3E3%26%20%20%3C4xQyXxZLE%3E3%26%3C%20%23FQ%7CyXxZL-B%20DS%7C%7D%20%3E%7CF%23%20%3Cx%7CQyXxZL-B%5DXyQX%7DQyXx%7CQyXx%7CQyXZxLE%3E3%26%3C%20%23F%7B%20%20Qy%7C*BD%20QyXxZ%7B%20QyX%20%3C%263%3EXZLQn42TZL-E%20-ZBLobB%3E3%26%3C%20-AZLCyQXyQG%7CQyX%20dn2%3C%20%3C%263%3EXxZLE%3E3%26%3C%20%23F%7CQXyx%7CQyXx%7CQyXxZLEyQ%7Cx%20%23F44Tit%20ta.%20al%20%7CQyXxZLE%3E3%26%3C%20%23QF%7B%7DQyXxZL%20%3EeniF%3CRepeS.D%20xZLobB%3ExXyQ-AZLC%3E3%26%3C%20G%7CQyxXZL-B%20DB*ZLQyX%7D%20%3C%263%3Eeuc%20lB-%20E-%20ZU%20%3D%3D0%3D0
ba7970d5-9e49-4d14-a1e1-3046bc315177,irealb://Cochichando%3DPixinguinha%3D%3DMambo%3DD-%3D%3D1r34LbKcu7hAZL7-LZEhZL-DZL7AZL7EZLA-ZLhBZL-DZL7AZLEhLZADA*S%7BCZL7-G-6LZ*%7B%2C7C%2C-D2N%7D%20-DN1%7C%2C7AQ%2C7EZLF/-DBFLZG%7C%2C7D%2C%2C6bBZZA7LZ7E%2ChBZL-G%7C%2C7D%2CAhZL%2C7CZL7GZL7-D%2C%7CA-LLFZL7ZL%20ZL%7CF/A%2CL%20%7C%5D%20F2N%7C%7D%2C7C%2C1FN%7C%2C7C%2C7-G%7C%2C7-DZ%20LZ%20%2C6-bBL7BZLZD-%2CA-E%7C%2C7B%2C6D%7C%2CA/D6%2CD%7C%2CA/D%2C6DC*%7B%2C77LZF%23L%20ZL%20%7C%2C7-B%7CA7%20%7B6-GZL6GZL%2C7D%7C%2C/AD%2C6D%7C%2CA/D%2C6DC*LZD6%2CZL7EZE7%2CA7%2C%7CN1D6%2CA7%2C%7D%7CN2D6%20%5D%7C%20%3D%3D0%3D0
ba345bf5-0740-425d-be4a-4ccd02df010f,irealb://Eight%20Days%20A%20Week%3DThe%20Beatles%20%28Lennon%2C%20McCartney%29%3D%3DRock%20Pop%3DD%3D%3D1r34LbKcu7%5D%20%20%3Ee4Dadd01*%3C%209ddaD%7CQyX/D6G%7CQyXD/E%7CQyX9%20%20Fin4Ti*%5BBB*%5B%5DyQ%7CE7QyXG%7CQyX7E%7CQyX%7CD%7CQyXD%7CQyXG%7CQyX%7CDXyQXDA*%7B7AC*%7BG6XyQ%7CQyXG%7CQyX7E%7CQyDX%7C%7CQyX7E%7CQyX-B%7CDXyQ%7D%7CQyX-%7CQyXDl%20LZByX7A%7CQyXGZL%20lcQKyX7EZL%20lcKQyX-Q%5D%5B*AcKQyXX6G%7CQ%7CGXyQ*%5B%5DQyXD%7CQyXG%7CQXy7E%7CQyXD%7C%7CQyXD%7CBB-XyQyX7Ea%20.C.XyQ%7CEXG%7B%7DQyXD%7CQyXG%7CyQX7E%7CQyXD%7C%7CQyX7yQ%7C%3CD-B%7CQyl%20Fine%3EDXyQ%7D%20%3DPop-Shuffle%3D145%3D1
ba76e359-78de-43bb-b73e-bb81ac8459f8,irealb://Sopa%20De%20Caracol%20%20-%20%20C%3DBanda%20Blanca%20(Honduras)%20Ver.%20Alcides%3D%3DRitmo%20'Punta'%20(De%20La%20Etnia%20Garifuna)%3DEb%3D1%3D1r34LbKcu7yX96*%3C*69%20Y%5D%20QyX%7CrQyX%7CQybXE%7CQyX7bB%3EortnI%7B*AS%3C44T%5BYXQyXQstrof%7DQyXbE1N%7CQyX7b%7CBQyXbE%7CQyX7bB%3EaXyQXyEQyXQyX%7CrQEbXyQXbE%7CQyX7bB%3EollbiirtsE%2096*%3CB*%5B%5DyQ%7CXy2N%5BQysnI%2097XyQ%7C%5D%20QyX%7CrQyX%5DQyXEb%3EeniF%20la%20.S.D%3CY%5B%3C*6bBZLQyX%7CrQntal%3EyX%7CrQyXZLQyX%7CryQX%7CQyXbE%7CQyX7bBQLZXyemurtQLZXyQr%7CXyQ%20ZXyQXyQ%20%20Z%20%3DPop-Reggae%3D100%3D3
ba4d667d-ad0f-4fc4-9e40-3270d6a8e970,irealb://Animal%20Crossing%20CF%20-%20Daytime%20In%20City%20Square%20%20(vgls)%3DTotaka%20Kazumi%3D%3DWaltz%3DA%3D9%3D1r34LbKcu7LxZLx4B-7%20xZLxZL7%5EAA*%5B%20QXyQyXQyX%5D%20n%2C7EZLLZxLZ3Ti*%5B7%5E%23CZZE9LZL7-%23DZLxZL7%5EAZ9LEZL7-BZLxZL7%5EAZG%237LL7-BZZL-EZLZC%23%5E%2F-%23CZLo%23FZL-%23F*B%5B%20QyXQyXQyX%5D%207ELZxL6%23CZL*%5B%20%20Q-%2FDLZ%5D%205b7-%23FZL%23F%2F%23ZDLxZL7-%23CZLD%2FoBXyQXyBZLoE7%5EAZLZE13L%5EA%5B%20QyXZL31EZL-9BZL31%23FZL9-%23CZ7LZD7L9-BCLZD7LZA%5E7LZD7LZA%5E7LZD7%20ZY%7BQA%5E7%20LZD7%20%3C4x%3E%20%7DUA%5E9%20%20Z%20%3DJazz-Medium%20Swing%3D176%3D3
ba0ba4e6-7dda-49ee-ac7f-ecec3815047c,irealb://I%20Thought%20About%20You%3DVan-Heusen%20Jimmy%3D%3DBallad%3DF%3D%3D1r34LbKcu77-G%7CQ4Bh7%28L7bA%207GZL31b7D7%20AZL11%237bB%20%297%5EFZG7Xy4T%5BA*7-bB%7CFLZEhbB%5BB*%5D%207F%207-CZ7LbD%207-DZL9b7A%207%5E7XyQ/7-G%20ZL7bAZF%5E7%20L9b7E%207hBZL9b7%20E7hB%7CQyX7%5EFZL7CZA-7%20L7bE%20yX7GZ7%20%5D*A7GZL31b7D%207AZL11%237bB%20%297%5EF%287hB%5B%20Ab7LC%207-GQyX7%5E%20G-7/%5D%207F%207-CZL7bD%20-7DZL9b7A%207hEZLF*C%5BBb7-G%7CQ6FZL7%20Eb7LZL7D%207-AZL11%237Bb%207hBZL7-D%207%5EFZG-7%20C7-bB%7CXyQ%7CG-7%20C7%20Z%3D%3D0%3D2
baaedb32-74e8-4436-ac1a-70452816b32c,irealb://Comes%20Love%201%3DSutton%20Tierney%3D%3DMedium%20Swing%3DC%3D%3D1r34LbKcu7*B%3E2%20*72In*%3CA*%7B%20%20QyXQyXQXyQyX%5D%20%2C*m*B%3Eort69%201%2C%3C44T%5B*m*EZxLZF%237BsB*%5B%7D%20xZL%2C*mB*ZLxZLxZLxZL%2C9-%2CLZxLZL%2C*m*m*BlZA7%2C%7C*%3CA*%5B%5D%20%20%2C%23F%2F*7m%2B*G%2CobDs%7C%2C%5EDZLx69%203%3ELxZL%2CQyX%3EOZG*m%2B0*%3C%5D%20xZL%2C*m*BZxLZLxZLxZL%2C%23F%2F*79PIANLxZL%2CyXQyX*69%201%D0%B2%D0%9A%20%20LACOV24*%3C%20yQXQyXQyXQyX%3E2%20%2C%D0%B0%D0%B4%D1%80%D0%B0%D1%82%3CA*YYQXyQ%20Coda%3E%20%3D%3D0%3D0
ba91ad94-7989-4e67-9d20-2e891fbb4f66,irealb://Li'l%20Darling%3DHefti%20Neal%3D%3DMedium%20Swing%3DF%3D%3D1r34LbKcu7b7C%2074G7XyX7G%7CQyX9b7D%7CQy7X-AZL9b7C%207-G%7CQyQ%7CG-4TA*%5BhAZL6XyQ%7CFbBZL7F%206FZL6-b%20B6bBB*%5BY%5DQyX5%2376%20Bb-7FZL9%7CQyX79LZG7%5D%209b7D%207hAZL7C7%20-GZL7G%207-D%7CQyXY%5B*AGb7D%207%237F%7CQ7b9LZL9b7C%207-G%7CQyX7%7CGQyX9b7D%7CQyX7-AZF7XyC%207-GyX7GZY%5B*CB%207hAZL6-bB%206bBLZ7F%206FZL6-bB%206bD7b9L%5DQyX5Q%7CG-7%20C7LZUF6XyQ%7CAh7%20D7b9%20Z%20%3D%3D0%3D0
ba5bdaaa-db60-477f-a664-359a16a8378b,irealb://Matrix%3DCorea%20Chick%3D%3DMedium%20Swing%3DF%3D%3D1r34LbKcu7C%7CZL%207XyQKX7FZL%20lcKQyX7bZBL%20x%20ZL%20x%20ZL%20lcyQKclF44T%7B7%5EB%20%2CxXyQ%7CX7-bDZL7-bD%207-QD%5BY%7D%20%20lcKQyX%2C7FyQ%7CC%2B%7CQyX7%2311LZfBb%5E7%2311XyQZ%20%3D%3D0%3D0
bab30739-8f60-4a1b-842b-17320c16fc93,irealb://Lily%20of%20the%20Valley%3DABx2%28tptb%2Ctbtp%29-solos-all%3D%3DMedium%20Swing%3DF%3D%3D1r34LbKcu7QyXFZFXyQKQyXFZL%20lcKQyX7ZCL%20x%20ZL%20x%20ZL%20lcKcl%20L%2CA*%2C%5BlcKQyZ%20x%20L%2C%5BZ%207C%20F%7CQyXFZ%20LlcKQyX7CZL%20x%20Z*B%2CFXL%20lcKyXbBZXyQKcQyXFZL7C%20F%7CQyXZFL%20lcKQyX7CZL%20lKcl%20LbBZL%20QKcl%20LZC7XyQKcl%20LZFXyQKcl%20%20%5D%20%3D%3D0%3D0
bacf6b59-495b-4fba-bed3-d1897996f04a,irealb://Thrill%20Is%20Gone%2C%20The%3DHenderson%20Ray%3D%3DBallad%3DC-%3D%3D1r34LbKcu7yX7-CT44DhyX9b7G%7CQyX7hDZ7LhA%207-CZL9b7G%207Q%7C%7B*A%2Ci*%2C%5BDZL7%5E13XyQbD%2C7bAsZL7bB%207F-%7CQyX7F%7CQyX7-C%7C7%2ClEbb7G%7CQb7G%7CQh7LZGZL7hA%207-CZL%2C9bG7%207hDZL7-C%20%2C9b7Dh7XyD%207%5Eb7-F%7CQ%7D%5B*BC-C%7CQyX%2C11%237bA%7CyQX7hA%7CQyX%2CbB/7-7/GXyQyX%2C96-CZLb7%23117hD%7CQyX7%5EbA%7CQy9Xb7G%7CQyX7hD%7CQyX%20G7b9D%7CQyXXyQKcl%20%20Z%20%3DJazz-Ballad%20Swing%3D60%3D2
bad5aadf-000e-4ae7-b715-f7ca779df5f1,irealb://After%20You've%20Gone%3DCreamer%20Henry%3D%3DUp%20Tempo%20Swing%3DBb%3D10%3D1r34LbKcu77-DZL4Eb%5E7yX7%5EbB%7CQyX7bA%7CyQX6-bEZL%20lcKQyXQKcl%204TA*%5B7-FZL7XyQ%5DyX6bBZL%20lcKQyXF7ZL%20lcKQyX7CB*%5BQKcl%20G%7CQyXKQyX7b7XyQyX7bA%7CQyX6-bEZ%20LlcKQyX7%5EbEA*%5B%5DQ%7CBb%5EB%7CQyX7bA%207D-7XyQyX7-C%7CQyX7G%7CQXy7-CC*%5B%5DQyX7G%7CQ%7CEb-%5EZL%20lcQyX7G7XyQ%7C%2F6bB%7CQyX7oEZLF7%2F-G%207-GZL7D%207-AFXyQ%7C%5EbBZL%7CC-7XyQ%7CF7XyQ%7CUBb6XyQKcl%20LZF-7XyQ%7CBb7XyQZ%20%3DJazz-Up%20Tempo%20Swing%3D240%3D3
babfbc57-d0f5-4364-b33d-50ab4a41695e,irealb://Over%20The%20Rainbow%20%28Somewhere%29%3DArlen%20Harold%3D%3DBallad%3DEb%3D%3D1r34LbKcu7FZL7C4Eb%20C%7C%2C7D%2C7-As%207%5EbA%7Cl%2C7bEs%20%207-GZL7-lG-7%204TA*%7B%7D%2C7bBb-7%2CD%20bEZL7bB%207-F1NLZ9b7C%207%5EbEl%7C%2C7bsF-7%2CAs%207-7-GZLQ%20LZN-F%7CQyX7%5EbEB*%5B%5DyQXbEZL7bB%207-Fl27%20Bb7yXQyX%5B%5D%207bF-7%20BZL7C%207-GZL9b7D7%20hA%7CQyX7%5EbEZL7bF-7%20BZL7C%20bAs%207C-7LZC%207-Gl%7C%2C7D%2C7-A%20sbAl%7C%2C7bEs%20%207-G7LZF-%20bEA*-7%2CDb7%2C%7ClEb%20C7b9LZF-7%20Bb7LZEb%20sF-7%2CBb7Z%20%3DJazz-Ballad%20Swing%3D60%3D3
ba7bfa9d-a516-4c3a-8bcf-c431620574ee,irealb://Straight%20No%20Chaser%3DMonk%20Thelonious%3D%3DMedium%20Up%20Swing%3DBb%3D%3D1r34LbKcu7%207-A%7C7XyQ%7CZL%20lcKQyX7bBZLl%20cKQyX7F%7CQyX7bBF7XyQF44T%5Boisre-7XyQaD%20seliM%3CZ%207C%20-7G%7CQyX7F%7CQyX7C%7Cvis%20vGZL7Dn%20is%20in%20the%20key%20of%20F%3E%20%3DJazz-Medium%20Up%20Swing%3D160%3D3
ba8a7c3c-31f1-45a4-ac12-98f75cf218d8,irealb://%C3%89coute%20La%20Voix%20Du%20Seigneur%20A548%3DDidier%20Rimaud%2C%20Jacques%20Berthier%3D%3DWaltz%3DD-%3D%3D1r34LbKcu7m*DZLm*XyQGZLbB%20FZL%2CC%20*mG*%7CQyXF%7CQyX*m*G%7C*m*%20A*Di*%5BZL*m*XyQ%20YD%7CQyXF%7CQyXC%7CQy*Xm*G%7CQyX*m*DA*%5B*m*%20G%5DQyX*%7CQyXCBb%20G*m*G%7CQyX*m*DB*%5B%5DY%2CA%2C*m*D%20AZL%2C*m*XyQ%7CZLF%20CB%20FZLG*m*%20*G%7C%2CA%20%20*m*DZL%2C%20A*m*GZLbB%20FZL%2CCm*%20C%2C%7CQyXFbLZG*m*%20A%2CLZD*m*XyQZ%20%3DPop-Slow%20Rock%3D100%3D3
ba56fd89-47f8-4c5a-a0fa-5c96b7668ea7,irealb://Baixaria%20Na%20Lapa=Carrilho%20Mauricio==Choro=C==1r34LbKcu7ZL5b724A%2Amm%2AAZL7E%207B%7CQyXm%2A%2AAZL7E%207B%7CQyX%2A%2A%20F%23%2DTSA%2A%5B%2AAZL7G%20E%2AmQyX%2Am%2AAS%7CZL7E%20b57%2DBZL7B%207%23FZL%2A%7CB7%20E%2F%2Am%2AEQyX%2AM%7CG%2Am6LQ%2C7E%207F%7CQyX7CLZ7G%20%2A7m%2ADZL7A%20%2AZN1A%2AQyX%2Am%2DB%7CQy%2AM%2A%20AD%7CQyX7A%7CQyX%2A7mG%2A%7CQyX%2A7m%2AD%5B%205%237%2Am7%2AXA2N%7C%5D%7CQyX%2A7LZA%5EL5%237A%207AZL7E%20%2A9%29%287%2ABZL%2A7m%2A%23F%207ZD%2Am7E%205b71NZL7XyQ%7CAZL7bB%207FZL7C%207ZGL7D%205b7%2DA%7CQyX7Eb7%20A%2A7m%2AGD%2Am%2A%20A7%20%5BN2D%2Am7%2A%20E7%2CS%20%5BQA%2Am%2AXyQ%5D%20==0=0
baae6132-c014-4fe2-a1fc-b886e870dff3,irealb://Straight%20No%20Chaser%20(not%20really)%3DComposer%20Unknown%3D%3DMedium%20Swing%3DC%3D%3D1r34LbKcu77AZL%2C7%2C%20LZ%2C7bBZL%2C9F%7CQyXQXyZL%20xZL%2C7CZL%2C9FLZ%20C7C44T%5BZL%2C7CQXyQLZL%2C7C42T%20QyXQyQXyXZL%20%2C9GZL%2C9DZF9%2CLZyXZL%2CG9%2C%20%20Z%20%3DJazz-Medium%20Swing%3D80%3D20
ba15cbb4-bbc7-4018-95be-5c4355e0080a,irealb://Donna%20Lee%3DParker%20Charlie%3D%3DUp%20Tempo%20Swing%3DAb%3D%3D1r34LbKcu7%5EbA%7CQ4Ab%5E7%7CQyX7-bBZL%20lcKyQX7bB%7CQyX7F%7CQyXEb7Xy4T%5BA*QyX7bEb-7%207F%7CQyX7%5EbA%7CQyXb7G%7CQyX7%5EbDZL7bAXyQ%7CB%7CQyX7ZL%20lcZBb-7bB%7CQyX7F%7CQyX7%5EAb%5BB*%5DQyX7bE%7CQyX7XyQKL%20lcKB%7CQyXQ%7CC7bX9b7C%7CQyX-F%7CQy9Xb7C%7CQyX-F%7CQyX9yQ%7CF-yX7hGo7XyQ%7CC-7%20F7LZBb-7%20Eb7LZAb%5E7XyQ%7CBb-7%20Eb7%20Z%3D%3D0%3D0
bab968e3-d4e4-4525-844f-980c5bd36bb9,irealb://You're%20Blas%C3%A9%3DHamilton%20Ord%3D%3DMedium%20Swing%3DF%3D10%3D1r34LbKcu7N%7CQyX4F%5E7XX7-GZL%20x%20ZL7o%23%20F7-G%7CQyX7obA%7CQyyQ%7CC74TA*%7B-CsB*D7%2CLZ6FZL7bB%206F2NZLQ%20yXQyX%7D%20%2C7C%207-GXyQ%5D%5B%207-A17obA%7Cb-%2CEbFA*%5B%5D%207C%207-GZLo7bA%207-AlZL%20lcK7%5E7XyQB%2C7F%2CXyQ%7CG-7%20F%23o7LZ%20x%20LZG-7XyQ%7CC7XyQ%7CF6%20Bb7LZF6XyQZ%20%3D%3D0%3D8
babeb6ef-8bb0-4222-8217-187cb1dd27fb,irealb://Mercy%20Mercy%20Mercy-Rev%20JE%3DZawinul%20Joe%3D%3DRock%20Pop%3DBb%3D%3D1r34LbKcu7bB%7CQy4Bb7XQyX7bB%7CQyX7bE%7CyQX7bB%7CQyX7bE%7CQy%7CEb7X4TA*%5B%207bBZEb7XyE%20bBZLbB/bE%207bZBLbB/bE%20bBB*%5B%5DQb/BbL%7CQyX7F%20n%2C7LZsBb%2CD/bBsn%2CbB%7Cn%2C7nF%2C7F%7C%2CbE%2CD/bBn%2CEb%2C%7CFbB/bE7%2C%7ClC-7XyQ%7CD-7XyQ%7CsG-%2CF%2CG-%2CF%2C%7CG-%2Cn%20%20Z%20%3DPop-Rock%3D90%3D3
bae3ebbf-d31a-4522-b085-f27fe46e7886,irealb://Alabama%20Song%3DBertolt%20Brecht/Kurt%20Weill%3D%3DMedium%20Swing%3DA-%3D%3D1r34LbKcu7L%2C-%23F4A-%2CLZL%2C-%23FZLxZLxZLZxLxv*ZLxZLxZLxZD7%2CLZ4TA*%5BZLxZLZA-%2CL%2C7DZL%2C-%23FZL%2C7DLZ%2C-%23FZLxZLxZLxZLZA-%2CL%2C7DZn%7C%2CC%20ZF%23-%2CZL%2C-%23FZL%2C-%23FZL7%2CDZL%2C-%23FZL%2C7DZLF%23-%2C%20LxZLxZL%2CEZnLZnLZLxZLxZLxZL%2CF%2C%2CSB*ZL%20Y%20QyXZLnZxLZxLZLnZLZLxZLLZxLZLxZL%2CFZLxZL%2CFZ%2CL7CZL%2CCZLxZL%2C7GZxLZx%2CGZLxF%20la%20LZxLZ%2CxZL%2CFZL%2C7CZL%2CZCLxZL%2CFZLxZL%2CbE%3CD.S.%2CEZLxine%3E%20%7D%20%3DJazz-Gypsy%20Jazz%3D220%3D3
ba6f8179-24ed-49ea-96ec-627421a08247,irealb://Ciribiribin%20Jambook%3DAlberto%20Pestalozza%201898%3D%3DMedium%20Swing%3DC%3D10%3D1r34LbKcu7QyX7GXyQKcKQyX7GZL%20lcKQyCXZL%20x%20ZL%20x%20ZL%20lcl%20LZC44T%5B%20x%20ZLZ%20x%20LyXCZL%20lcKQyXCZ%20LlcKQyX7GZL%20x%20ZQKcl%20L%20lcKZL%20lcLZC7X%7CQyXoC%7CQyXF%7C%2CFl%20cKQyXFZL%20lcKQyCXyQK%20x%20ZLG7XyQKcl%20LZCXyQKcl%20%20%5D%20%3DJazz-Medium%20Swing%3D160%3D4
ba51f9a5-53d4-465b-b69c-833f80ccbc1a,irealb://We%20Wish%20You%20A%20Merry%20Christmas%20%28Jazz%29%3DTraditional%3D%3DJazz%20Waltz%3DC%3D%3D1r34LbKcu7El%7C%2CF4C%20%20s%207G%7CQyX7DlZL%2C1%2319bE%2C7-E%2CF%7C%2CE/C%20sG7/3TA*%5BX7-AB%20sE7%2CX6ClZL%2C7Gl%2C7-D%5E%2CFs%7C%2C9Cs%20%207-Al%7CyQ%5D%5B*%20sus77Al%2C97XyQ%7CEsZL%207Fl%2C%5ECs%7C%2CG7s%20%20sus7G%7CQyX7D-7%2CBb-E%7CQyb9%2CLZD-7%20%20sG7%2C%7ClC6%20%20sG7%2CZ%20%3D%3D0%3D0
baed3f4a-2401-49b5-b3d7-1178e4682967,irealb://Auld%20Lang%20Syne%3DTraditional%3D%3DMedium%20Swing%3DF%3D5%3D1r34LbKcu7-Dl%7C%2C4FXyQ%2C7C%7CQyXF%7C%7CQyX7b%5EBZL7F%20F%7CQyX7C%7CppsA74TA*%5BC%7CQyX7%2CC7%2CX7%5EbBZL7F%20F%7CQy7XC%7CQyXF%5B%5DQyXFl%7CyQ%7C%7CF-Gs%2077%2CppsA7%2C%7ClD-7%20sG-7%2CC7%2C%7ClFXyQZ%20%3DJazz-Medium%20Swing%3D120%3D3
ba3553f3-c60b-4a94-aeaa-39c9855f1b59,irealb://All%20Of%20Me%20(hl101t)%3DMarks%20Gerald%3D%3DMedium%20Swing%3DC%3D10%3D1r34LbKcu7%5D%20%20lc4CXyQ-DZL%20lcKQyX7AZ%20LlcKQyX7EZL%20lcK7XyQK4TA*%5B*%5B%5D%20%20XyQKcX7GZL%20lcKQyX7DLZ%20lcKQyX7-AZL%20lyQKcl7EB*%5B-DC*%5BKcl%20LKQyX7-DZL%20lcKQXy7AZL%20lcKQyX7EZcl%20%20%5DQyXCAZL7obF-6XyN%7CQyX7G%7CQyX-F%7CyQX9AZL6-G%207%5EC%7CQ1C6%20E%7CQyX7D-7%20G%2B%20%7DXyQXyQ%20LZN2C%20F-LZCXyQ%5D%20%3DJazz-Medium%20Swing%3D130%3D1
ba303819-3811-4323-a96f-abeb0bfe8525,irealb://Sitting%20On%20Top%20Of%20The%20World-%20Bluegrass%3DComposer%20Unknown%3D%3DBluegrass%3DG%3D%3D1r34LbKcu7LGZL%29LZGLZL%29-E%28GZLGZLGZLZGLGZLCZLCZLGZLGZG%28E-G22T%5BZDLZGLZG%20Z%20%3D%3D240%3D1
baa09147-6285-4063-9fa6-f1fbee6ac7ac,irealb://Earthbound%20-%20Snowman%3DTanaka%20Hirokazu%3D%3DMedium%20Swing%3DG%3D7%3D1r34LbKcu7LxZLx4C%5E7LxZL9ddaGZLxZLxLZxZLxZLxZLxZLxZLZxLZ3TA*%5BxZLxZLZxLZddaGZLxZLxZLxZxLZLxZLxZLxZL7%5EC9LZxLxZLxZZL9b7xLZxLLxZLxZLxZLxZLxLZxZL7%5EbEB*%5B%5D%20xZZxLZDZLxZL7DZLxZxLZxxZLxZLxZLxZLxZ7L%5EbEZLxZLxZLxZLLZxLZLxZLxLZxLZxLZxLZxLZxLZxLZxLZnLZn%20Z%20%3DJazz-Medium%20Swing%3D150%3D0
ba1fde58-093b-4b84-b905-94556eb3feb4,irealb://Kirby's%20Adventure%20-%20Butter%20Building%3DAndo%20Hirokazu%3D%3DPolka%202-Feel%3DE%3D4%3D1r34LbKcu7FZL%20l-7XyQ7%5EEA*%5B%7D%207B%207-%23ZFL6E%207%5EE%7BQyX7B%7CXyQKc%23Fi*%5BcKQyXQ%7CB7X%5B%5D%207Bpp%7CQyX7-%23ZFL%20lcKQyX7%5EE%7CQy*BA%5E7yX7-%23cKQyX%23-7Xy%20lcKQyX7%5EEZL%20lKcQyX7-%23FZL%20lcKQLZA%5E7GZL%20ll%20LZG%23-7XyQKcl%20LZF%23-7XyQKcl%20LZA%2FEXyQ%7CB7XyQZ%20%3DJazz-Latin%3D150%3D3
baf3e061-4edf-4c45-8387-c216708c2c49,irealb://Melodie%20Au%20Crepuscule%3DReinhardt%20Django%3D%3DGypsy%20Swing%3DE-%3D%3D1r34LbKcu7EZL7B4%3CABC%296%23C%28%20%296C%28%20%2096%7CDQyX7A%7CQyX7-E%3ED%7CD69%204TA*%5BA%7CQyXZB-7%20%5B%5D%207B%2096D%7C%296%23C%20%28%296C%28%20%2096DZL7bE*BE-7L7A%207b7%23C%20D69Xy%29oA%28%20%29%23A%28%20%29%23F%28%23%20FZL9b7%23C%2096D%7CQ%7CG%23-7%7CQyX7F%205b769XyQyX7-EZL7B%207C%7CQXy7-EC*%5B%5D%207B%207A%7CQ%7CC%23-%23FZL97-%23F%7C-7XyQ%7CQyX7-ED*%5B%5DQyXA7%7CQyX7bB%7CQyX7E%7CA7XyQBZL7%23b5XyQ%7CB7XyQ%7CE-7XyQ%7CA7XyQ%7CD69%20%20%28C6%29%20%28C%236%29%7CD69%20B7%20%5D%20%3DJazz-Gypsy%20Jazz%3D106%3D3
bae03d0a-a726-425f-beed-692ce112300a,irealb://There's%20Nothing%20Better%20Than%20Love%3DVandross%20Luther%3D%3DPop%3DA%3D%3D1r34LbKcu77-%23C%20yQ%7CD/7-%23F%2CE%2CDZLE%20D%7CyQXAZLE%20%2CD%7CQyX%2CALZB-7XAA*%7B%207%5EFC%20E%20%7D%7B%20E/DZL%23F/D%20GZL%5E7A%20E/DZL7-B%20DB*E%20%7D%5B*E/DZLl%20ekaD-7%20E%5EFC*%7C%7C%2C-bE%2C-bD7%20%5EB%7CQyX%23F/EZL7-7%3CI%20tZL7-E%20%5DE%2CEn%20ver%2CE/D%7CQyXG/FZL7E-%207-DZL7-E%20%3EsesE%2C%7CD/i%20dae%20%3CAoctave%20in%20chorus%3EXyQXyQXyQ%3CSterlin%20takes%20lead%3E%20%3DPop-Rock%3D115%3D1
ba10e18a-fac0-406d-bf04-671f4499fbe9,irealb://Anyone%20Who%20Had%20A%20Heart%3DBacharach%20Burt%3D%3DSlow%20Ballad%3DBb%3D%3D1r34LbKcu7%2CF%20bB4A-7%20susbB%207%5EFZL7-A%7C%20bB%20susbB%207%5EFZL%20Bb%2C%7C5TA*%7BbDZL7b%20C-7ZLbE%2CbD%2CbE%2CbD%2CEb%2CbD%3Eem%20truH%3CZLAb%20C-AZLbE7%5EbD%7Cb%2CEb%2C%7C%2CF%20bA2N%7D%20C%20bAN1ZL%20C%20bA%20%7CbE%2CbDAb%20F%2CD%2CbE%2CD%207-CDbLZD%7CQyX%7CF%20bA%7C%2CF%20bZALbE%207-bB%207-C%2CbDb%5E7%20%207-C%20b%5E7%20C-7%20Db%2C%7CDb%5E7%20C-7%20Bb-7%20Eb%2C%7CAb%5E7XyQ%5D%20%3DPop-Slow%20Rock%3D70%3D3
bae2b2b8-c17a-41ee-9c6b-32d2250ddba9,irealb://Begin%20The%20Beguine%3DPorter%20Cole%3D%3DMedium%20Swing%3DC%3D%3D1r34LbKcu7xZL7-4CLZCZL7-D%7Cl%2Co%23C%2C6CZsLCZL6CZL7%5ECZL6G7LZD4T%7BA*7-bBZxLZD-bBZL7FZL7-C%5BB*%20%7D6CZL7%5ECZL7GZL76LZxLZLxZLGZL7-LZAb%5EAZL6GZL7bAZL6GLZxZL7oAZL6bAZL7b7LZD7bEZLxZLxZ%5BCLZChDZL7GZL7-DZL7ZCLCZL6CZL7%5ECZL67LZxLA*%5D%207ZL7GZLZG7LCZL6CZL7%5ECZL6CLZC%7BC*%5D%206CZL7%5ECZLZC6L7-DZLLxZL77LZxL%7D%206CZL7%5ECZL7GZ7L-D1NZL7AZL7-EZ%7CN2D-%5EFZLxZDh7LZxLZD-7LZG7LZCLZC6%20Z%3DJazz-Bossa%20Nova%3D89%3D5
ba68968d-260d-4239-b7a5-30222c279946,irealb://Deeper%20In%20Love%20(Don%20Moen)%3DMoen%20Don%3D%3DPop%20-%20Slow%20Rock%3DD%3D%3D1r34LbKcu7%20a%20si4DXyQT%2047*%3Cv*%5BY%5D%20A%20%5E7G%7CQyXDZLA%207%5EG%7Chere%202Ti*%5BQyXG%7Cng%20..B%7CQyX-%23F%7CQyXDZAL%20G%7CQyXx%7CQyXD%3E.-7XyQignol%7CQyX%23%7CB-7XyX7-E%7CQyX%23F%2FD%7CyQXG%7CQyXA%2F7-B%7CQyQ%7CD%2FFQyXA%7Ceed%20eAsusXT47*%3CC*%5BYQyXQyQXyXQyX%5DQyX7A%7CQyake%20m%7CQyXG%7CQyX%23..%3EDXyXG%7CQyXA%2F7-B%7CQXy7-B%7CQyX7-%23F%7CQyQ%7CD%2FF.%20rep%2FD%7CQyyQ%7CA7XA%2F7-B%7CQyX7-B%7CyQX%23C%2FA%7CQyXD%7CQyXyQ%7CGXXsusAF%23XyQ%7CE-7XyQ%7CG%20A%20%5D%20%3D%3D70%3D3
ba930d83-6347-4375-9d88-d0afea6f7e9b,irealb://Bem%20Que%20Se%20Quis%20(%20E%20Po'%20Che%20Fa%20)%3DMarisa%20Monte%20(%20Nelson%20Motta)%3D%3DMedium%20Swing%3DEb%3D3%3D1r34LbKcu7bA%3E)94Eb%5E7%20ro%20%20QyXQyXQyXyQXQyX%3C%7CQyXx%7CQyXx7(4%2F4TC*%7ByX7%5EbyQ%7CxXx%7CQyXbB%2FbA%7CQyX%7CxQyX7%5EbEA*%7BY%7DQyXyQ%7CEX%2CbB%2FQyX9bQ%7CAb%2FyX7-bB%7CQyXx%7CQy7X-C%7CQyXoB%7CQyXbBQ%7CEb7yXx%7CQ%20QyXQXyQ%7CxX7%5EE%7CQyX7-F%7CQy9Xb7C%7CQyX7-G%7CQyXyQ%7DXy7%5EbA%7CQyX7-Eb%5E7X7%5EbA%7CQyX9b7bE%7CyQX11-bB%7CQyXx%7CQyXyQ%7CGB*%7BY%20%7CF-7XyQ%7CE%5E7XyQ%7D%20%3DJazz-Medium%20Swing%3D100%3D3
ba45f65b-6602-460b-a174-092ff290cc9b,irealb://Birdland%20(p2)%3DJoe%20Zawinul%20(Weather%20Report)%3D%3DFusion%3DG%3D7%3D1r34LbKcu7b7bG%20G5LZx%7B%7D%20%3Ex336*%3CxZLxLZxZL5G%7B%7D%20xZLxZLG7b9%2C44T%7BY%5B%7D%20%3Exb9%2C%20E9b7C%20%2C9b7bD%20%2C97bD%20%2C9b7bEZL%2C9b7%3C*6377F%20%2C9GA*%7B%7DKcl%20LrQyX%7CppppZLG%207AG*%7BY%5D%20%20x%20ZL%20x%20Z%7CXyQ%20QyX7G%2CG%2FbB%2FCLZW%7DQyXG%2FWl%7C%2CD%2FW%2C%2FCGsp%2CB%2F7G%7CQyXD%2FY%5B*BsG%20B%2F7E%2CB%2FFp%7CF%2FB%2FbE%2CC%2FF%7Cpp%2CG%2F-%2CD7-D%7Cpp%2CbB%2FbE%2CbC%2Cpp%7Cp%2CG%2FFpp%2CC%2Fp%7CG-%2FG%7C%2CB%2FG%2CbB%2F6G%2CAo%2FG%2C6G%7Cpp%2CbE%2FF%2CC-%2FC%2CFp%2CG%2F-ddaG%7ClG5Xy%2CB%2F9%5EG%2CGsD*%7BY%7D%20%20x%20ZL%20x%20ZL%20lcKQE-7%2CpC*%7BY%5D-AsZL%5E9%2CC%23b7E%207-Bl%3E%3Ax%20ts%201%2096*%3C%7Cp%2C11%239%2379(E7)C%2CB%2F99D%2C11%2CA-7%2FC%2CC%2F7-A%7Cp%2C7-E%2C%2FB9%5EG%2CG%7C%2Csus9D%2CC%237%239%23B%2FG%2C7%2CD%2F7-%7ClC%5E9-E%2CB%2F9%5EG%2CG%7B%7Dsu9sD%2C-E%2C7-Aps%7CQyX7%2Cp%7CEp%2Csus-AsZL%2311%2CC%207-Bl%3Etuo%20pmav%20%20QyXQyXQyX%3C%7Cp%2C9E13b99b7%23C7%2CG%2FB%2C%3C*63XyQ12x%3EA-7%2FC%2CD9sus%7D%20%3DJazz-Even%208ths%3D158%3D1
ba66ac52-b12e-47e6-84bd-bccd9047c987,irealb://Influencia%20Do%20Jazz%201%3DLira%20Carlos%3D%3DBossa%20Nova%3DAb%3D%3D1r34LbKcu7yX*9m4C*m9yX9b7G%7CQyX*7ja*mbB%7CQyX31F%7CQyX*Q%7C%5BC*4TA*%7B7m*E%7CXyQ%7CBB%7CQyX*9m*F%7C%7CQy9X6bB%7CQyX*7jam*bb9XyQ31F%7CQ*7jamQ%7CEb*31F%20*7m*CZL*mi*dbD%20D%2FbB%7CQyX*6mLZBb*yX*5b%5B%7CQyX7b9XyQyX*7jam*bB%7CQy3X1F%7CQyX*9m*C%7C%7DQ%7CG7b9G%7CQyXm*DZLXyQ%7CFm*D%7C%7CQyX96bB%7CQXy*7jam*bB%7CQyX319*%20G9*9m*C*bD%20*LZG9XL7A%20*7m*E%207A%20*m7*E%209G%20*9m*D%7CQyZD*m99G%20*9m7*LZC*m7*%20F13%20Z%20%3D%3D0%3D0
ba18049d-b0c9-4d03-b958-9e316aeba3a4,irealb://Dorian%20Scales%20-%20Chromatic%20Pattern%3DJoe%20Riposo%2C%20%22bebop%20scales%22%20%282009%29%20p.14%3D%3DJazz%3DC%3D%3D1r34LbKcu7X%7CrQy%22%20%3EC-cKQyX7-%23C%5B%5D%20Qy%7CXrQyXZL%20lcKQyX7l%20LZX%3C44T%5B%20QyX%7CD-7XyL%20lcKQyX7-bE%5B%5DQ%20yX%7CrQyXZL%20lcKQZXyQr%5B%5D%20Qy%23F%5B%5D%20XyQKcQyXZL%20lcKQyX7-%5BF%5D%20QyX%7CrQyXZL%20lr%7CXyQ7-E%5B%5DX7-bAKcl%20LX%7CrQyXZL%20lcKQy7X-G%5B%5D%20QyX%7CrQyXZyQ%20%5D%5BQyX7-KQyX7%20LZXy%20QyX%7CrQyXZL%20lcQKyX7-A%5B%5D%20QyX%7CrQ%5D%5BBb-lcKQycl%20LZXyQr%7CXyQ%20%5D%5BB-7XyQKcl%20LZXyQr%7CXyQ%20%5D%20%3DJazz-Long%20Notes%3D100%3D1
ba5f2ce4-0f47-4626-9451-91a9dbcb7e12,irealb://Blues%20Lines%20-%20Half-Step%201%3DJim%20Stinnett%2C%20%22Creating%20Jazz%20Bass%20Lines%22%20%281988%29%20p.3%3D%3DSwing%3DC%3D%3D1r34LbKcu7X%3E%29.kXyQ%20%20lP%20ot%20tnaw%20uoyt%20ahw%20thgilhgiH%28aybac24*%3C%20%20QyXQXyQXylcKQyXC%3E1%23%20elpamxE86*%3C44T%5BQyXQ%20%20ZXyQyXQy*%3C44T4%3C*68yX%7CrQyXZL%20lcKQXy7%5EC%3E2%23%20elpmaxEQ%20ZY%5B4T%5BY%20rof%20%22mple%20narT%22%20s'orP%20laRei%20esU%28%20%3C7%5EC%3E3%23sposeaxE86%20other%20keys.%29%3E%20LZG7%20LZC%5E7%20LZG7%20LZC%5E7XyQZ%20%3DJazz-Long%20Notes%3D100%3D1
ba975286-f8d2-48e6-b901-480ff6055e57,irealb://Brother%20Hubbard%20%28Revised%29=Garrett%20Kenny==Latin=D%2D=5=1r34LbKcu711%2DG%7C4D%2D11%2DD%7CQyX11%2DG%7CQyX11%2DD%7CQyX11%2DG%7CQyX11XyQ4TA%2A%7BE%7CQyX%2D11XybA%7CQyX7%2DG%7CQyX1%2317%5EbA%7CQyX11%2DG%7CQ%5E7%2311D%7CQyX2N%7CQyA7LZ%7CyXQyX%7DQyXx1N%7CQXyx%7CQyXx%7CQyX11%2DDQXyQX%205b7%2DL7%2DA%201LZ%2AByX7%2DDZL7%2DA%207%2DGQ%7CyX7%2DDZL7%2DA%207%2DGQ%7CG%2D71%2DD%20%20QyXQyyQ%7CG%2D%2C7%5EbB%207bE%7CQyX7b%5EBZL7bE%207A%7CQyX7Q%2CLZXX7%2DDZretfAD%2D11X%20adoC%3C%2CQ%2CD%2A%7B%7DQXyx%7CQyXx%7CQyXx%7CQyONLY%20C%2A%7B%20%20%2331%5Ebs%20%28On11%2DD%7CQyX11%2331%5EEb%7CQyX11%2DD%3E%29euC%20XyQ%7CEoloS%2011XyQ%7D%20=Jazz%2DLatin=180=3
ba1a9e04-8d15-4be2-850d-a0a4bfccef19,irealb://C's%20With%20Major%207%3DBobsax%3D%3DLatin%3DC%3D%3D1r34LbKcu7ZL11%23LZxLZxZL31%5ECZLxZL9%5EZCLxZL7%5ECZLxZL%5ECLZC%5E7C44T%7CxLZC%5E9%2311LZxLZC%5E7%235LZx%20%5D%20%3DPop-Smooth%3D85%3D3
ba7f0d2c-5489-4c65-acb5-bb33cd7bba80,irealb://Diatonic%20Major%20x%208%20%2d%20Down%20Half%20Step=Charts%20Practice==Medium%20Swing=C==1r34LbKcu7L7%2d%23CD%2d7LZ%7d%20%3ex8%3c%20%20%2c7%5eCZL%2d7D%207%2dEZL7%5eF%207%2dE%7bB%5e7%20%207%5eC%7bE%207%2dD%20E%5e7L%207%5ebB%7b%7d%20%3ex8%3c%20%207%2c%5eBZL7%2d%23C%207%2d%23DZC%2d7LZ7%2d%23DZ%2d%23CZLD%2d7%20C%2d%23CZL7%2dB%207%5eA%7b%7d%3e%20x8%3c%20%20%2c7%5ebBZL7%2d7%20D%5e7ZL7%5ebL7%2dbBLZA%5e7L7%5ebD%207%2dCZL7%2db%20B7%5ebA%7b%7d%20%3ex8%3c%20%20%2cZC%2d7%207%2dB%2078%3c%20%20%2c%2c%20%20%3c87%2dA%207%2dBZL7%5eC%207B%2dZL7%2dA%207%5eG%7b%7d%20%3exLZG%5e77%5ebAZ%7d%20%3ex8F%23%5e7%20%5e%23FZL7%2d%23G%207%2d%23ALZ7%5eB%207%2d%23AZL7%2d%23G7%2c%20%20%3c%7b%7d%20%3exL7%2d%23FG%2d7LZ%7d%20%3ex8%3c%20%20%2c7%5eFZL%2d7G%207%2dAZL7%5eB%207%2dA%7bE%5e7%20%207%5eF%7bA%207%2dG%20A%5e7L%207%5ebE%7b%7d%20%3ex8%3c%20%207%2c%5eEZL7%2d%23F%207%2d%23GZF%2d7LZ7%2d%23GZ%2d%23FZLG%2d7%20F%2d%23FZL7%2dE%207%5eD%7b%7d%3e%20x8%3c%20%20%2c7%5ebEZL7%2d7%20G%5e7ZL7%5ebL7%2dbELZD%5e7L7%5ebA%207%2dFZL7%2db%20E7%5ebD%7b%7d%20%3ex8%3c%20%20%2cZF%2d7%207%2dE%207ZDb%5e7%2c%20%20%3c8x%3e%20%7d%20==0=0
babf4bec-6293-410b-9c33-710854b6d977,irealb://Carinhoso%204=Pixinguinha==Choro=F==1r34LbKcu7AZL7E4F%2FC%20ZL%23C%2F%2BF%20C%2FFZL%23%2FC%2BF%20D%2F6FZL%23C%2F%2BFF6%2FD%204TA%2A%7BL7A%20%23%2D%235%2FFZLF%2F5%23%2DA%20E%2F%2DAZFL%2F6b%2DA%20%23F%2F6%2DAZLA%2D6%2FFA%20E%2F%2D%20FZL7G7LZC6%2DbB%7CQyX7G%7CQyX%2D7GZL7D%20bBZL7F%207%2FDb%20C%207%2DDZAZL7EDb%2CLZLC%2F%2DA%20%2DAB%2A%5B%5D%20%2CE7%20%2CF2N%7C%7DQyX%2CF1NZBh7%20%2F6%2DbBl%7C%2C7%23ZA%2D%20A%2DDZL7o%23C%20CZL7G7%20%2DDZL7A%20G%2FCZL7b7%20%20sFL7E%20%2D7A%7CQyb%2DLZAX7C%7CQyX7%2DG%7CQyXG%23%2F7E%7CQyX7EZLn%207yQ%7CFXB%207hB7%2DD%20C%2D%20C%23oD%2F%2DbB%207%2DGZL%23F%2FD7%20bBZL7F%207%2DCZL7bLZF%2FD%7CQyXLbE%2FF%20C7%2CQLbD%2F%2DbB%207%2DDZLb%2FE7F%20FQ%7CYZ%20n%20FZLZF%2FC%207%2DGZLZD%2D7%20fBb%2D%2FDbLZUfFXyQZ%20==0=0
ba154209-a37f-4280-8570-847287ff1ddb,irealb://Khanda%20j7=Fuchs%20Kristina==Even%208ths=C==1r34LbKcu7QyX%7CQ7XyQ%7CQyX7F%7CQyX7F%7CQy7XF%7CQyX7F%7CQyX%2C7F%7CF7XyF85T%5B%20Ab7XyQ%7CAb7XyQ%7CAb7XyQ%7CAb7XyQ%7CAb7XyQ%7CAb7XyQ%7CAb7XyQ%7D%20=Jazz%2DEven%2016ths=130=30
ba604dcd-3a29-4d42-a6bf-0ec158c2858c,irealb://Chicken%20Fried%3DZac%20Brown%20Band%3D%3DMedium%20Swing%3DG%3D6%3D1r34LbKcu7yX%7CQy4%3CIntXG%7CQyXC%7CQyXD%7CQXyG%3Esurohc%20si%20oryQ%7CDX4TA*%7B%7CQyXDQXyQX%7CQyXD%7CQyXGB*%5BQXyQyXQyXQyXQyXQyCXyQ%7CyX%7D%20QyXZLQXyQLZyXZLQyXZLQyXZLyQXA*%5B%5D%20QyXZLQyXQLZXyZLQyXQLZXyQLZXyQ%20Z%20%3DJazz-Medium%20Swing%3D100%3D3
ba5a76db-0beb-4a89-bd1b-de03fd05aeb2,irealb://Cirkus%3DRobert%20Fripp%2FPeter%20Sinfield%3D%3DProgressive%20Rock%3DE-%3D%3D1r34LbKcu7%2CBs%2CC4E-%3C*44TZLB42T%7C%2CB%2CC%2C%7CD%2C-E%7B%20%3Empb6796C%2CD%2C%7C4TA*%5BddaE%2CBLZT4xZL-GZL-E%7C%2CB%2CC%2C%7CD%2CC%7C%2CB%2CC%7C%2CD%2CC4LZsEbl42T%7Cl42T%7ClE-%20%7D%2CD%2C-ElA*%7B%20%2C-El%2C%7CbG%2CbEsZLCZL7A%7C%7CC%2CB%2C%7C%2CB%2F9NB*%7C%2C4C%2CD%2CD%2CC%7C%2CB%2CC%7C%2CD%2CC4T4ZLBl42T%7C%2CBs%2CC%7C%2C%7CC%2CB4TZLB%2CD%7C%2CCC%2CsB-%7C%2CC%2CD%7C%2CD%2CCl%7C%2C-sE%2CClZLD%2F-Bl%7C%2CD%2FDLZD%2ClZLC1L-E2NB%2C%7CC%2CxZLxZLxZLB%7C%2CD%2CZCL-EZL%2CC%7C%2CD%2CBZL%20%7D%7B*D%2CD%7C%2CCL%2CBZLCLZsE-El%7C%2CbG%2CbEsZLCLZ7AZL%2C-El%7C%2CbG%2Cb%2CLZA%2CZL7AZ%2CBZL%2CD%2CB%2C%7CDZL%2CCZL%2CBZL%2CA%7C%2C%7DB%2CDZLCZL%2CBZL%2CA%2CB%2C%7CAZL%2CCZLZCLZD%2CB%2C%7C%3CFade%20out%3EBb-LZxLZxLZxLZxLZx%20Z%20%3DPop-Shuffle%3D76%3D1
ba839ac4-818b-4a71-9037-87a71aa1721f,irealb://Corcovado%3DJobim%20Antonio-Carlos%3D%3DBossa%20Nova%3DC%3D%3D1r34LbKcu77%23F%20%204D9%2FAX7-GZL%20lcKQyXb%2FA9b31GZL%20lcKQyXyQ%7CC74TA*%5BQyX31%20F%5E7LyX7-E%7CQyX7bB%7CQXy7-FB*%5B%5DQyX7%5EFZQ%7CA7b7oF%7C%2C1GZL%20QKcl%20XA%2F9DA*%5B%5D%20%209b3G1%20%7C%2C9b7G%20%207-DZLyQKclyX9D%7CC*%5B%5DQbXyQKZL7%5EF%207oF%7C%2C7%23F%20%207C%7CQyX7-GZL%20lcF%5E7XyA%2F9b37hEZLQ%7CF-%5E7G%7CQyX7-D%7CQyX7A-%7CQyX7-EZL7bB%207%20G7b9yX7-FXyQ%7CA7XyQ%7CD-7XyQ%7CG7%20G7b9%20ZXyQQLZUC6XyQZ%20%3DJazz-Bossa%20Nova%3D100%3D4
bacbd76d-9b2c-4174-94c0-78e5fcb43f54,irealb://Corro%20A%20Ti%201%3DBlest%3D%3DBallad%20Even%3DC%3D%3D1r34LbKcu7AZLF%204A-%2C*X-A%7CQyX-D%7C%7DQyX%7CGQyXC%7CQyXF%7CQyXAyQ%7CBb4Ti*%7BQyXG%7C%7B*BDXQyX-BC*%7B%7D%20Q%2CG%20ZCL-B%20-E%7CQyXA%7CQy%7CAXyQZLG%20-LA%20G%7C%20%7D%7BQD-EZLA%20%3E...sardentsos%20em%20uT27*%3C%20B-%20%7DA%20D%7C%7DZDXyQZ%20%3DJazz-Medium%20Swing%3D60%3D3
baae3420-0ed6-4bbc-9de5-e0e409c75e85,irealb://Crazy%20He%20Calls%20Me%20(Billie%20Holiday)%3DCarl%20Sigman%20(Billie%20Holiday%20-%201949)%3D%3DBallad%20Even%3DDb%3D1%3D1r34LbKcu7%2F7bA%2C44%3C*7E%2F7bA%2CF%2F6bDs%3E)lyno%20sgnirts(%20%204b%2CDb6Ti*%5BY47*%3C7-7%2CAbX6bGl%3Eni%20dnab%2074*%3C%7C%2CF%2FbD%2C6bG%2C7yQ%7CAbbB%7C%2CCE%2CbA%2F%2072%3EX%2F-bE%2CbDs%3E)%222%22%20in(%20%2047*%3CA*%7BY%5DQyDb%2CF-mpb%20%20%2F7-Fl%2C%7CDb%5EF%2CbD%2F-bE%2CbD%7C%2C%2BAb%2CbA%2F-F%2CbD%2F-bE%2C-7%2Cp%7CbA%2F-b1N%7C%2C9b9%235%2C7bB%2CC%2F7F%2C%5EbDsZ%2CL7bA%207-bEl%7C%2C9bB%2CBb7bBs%20bBY%5DQyXXyQ%7CA31bA%207-bE2NZL%20yQXQyX%7D%209b7bA%209bLZDb67-bElyX6bA9XyQ%7C%207-bBZL6bA%20%5EbALZ7bE%207-bB%7CQyX6EEb7LZBSB*%5B%7C%2CbA%2FXyQ%7CAA%2F-F%2CbD%2F-bE%2CbDAs*%5BY%5D%20%2C5%237bA%207bb%2CEb-7bE%7CQ9bBs%20b-%2FDbFl%7Cp%2C7-F%2CbD%2F-b%2CEbD%7C%2C%2BbA%2CbA%2F-F%2C-7%2FBbE%2C%5EbDbA%207-9%2C%7ClE9b7bBQ%2C7bB%2CC%2F7%2CF%5EbDsZL%2C7bA%207-b%2C%7ClEbbB%2C5%23bEs%20n%20D.S.EsQZL%20QyXQyXYYQ%5DyX6bD%3EadoC%20la%20b-7%2Cl%3CZL31-7%2C%7ClD7%239%20nLZ%3C*74%20(freely)%3EDb6%20B13LZUfDb6XyQZ%20%3DJazz-Ballad%20Even%3D72%3D1
baccb32e-5afc-4387-9238-74715ce6aee8,irealb://Creo%20En%20Ti%3DMelgar%20Julio%3D%3DBallad%20Even%3DC%3D5%3D1r34LbKcu7yXF%7CQT44F%20A%2CA*%2C%7B%7DQyX*m*ALZG%20FZLF%20*m*EZLG-7%2CXy%2Ci*%2C%7B%207-A%7CQ%7CGadL9ddaG%207-A%3Eoro%20cerP96*%3C%7B%7DQyX9dZFXyQyXC%7CQ%7CQyX6LZF*a7-AB*%7BQyXG%7CQyX7*jam*C%5B%7DQyX*2ddXyQ%7CF9ddaG%209ddaG%20%3C*6C%7CQyX9ddaF%7CQyX*C%2C7-A%7B%7D%20%20%3EA%20oT9XyQ%7CG%7CQyXC%3C*69To%20Pre%20coro%3E%20%20%7DF%20F-LZCXyQZ%20%3D%3D0%3D0
ba6b8f03-4d1b-45af-ad37-72694e36535a,irealb://Dancing%20In%20The%20Street%3D-%3D%3DPop%20%3DE%3D%3D1r34LbKcu7%20ZL%20x4D%2FE%20%20ZLE%20E%2FDA*%7BY%5D%20x%20%20ZL%20x%20ZL%20x%20ZLEx%20LZ%204Ti*%5BE%2FDZL%2FE%20EL%20x%20ZL%20lcKQyXA%7C%20%7D%20x%20ZL%20x%20ZL%20x%20ZLZ%20x%20DZL%20xZL%20lcx%20LZ%20%23GB*%5B%20QyXQyXQyQXyXQyX%5D%20%20x%20ZL%20x7XyQK%20ZLE%20C%23-XyQKcl%20LZF%23-XyQKcl%20LZBsusXyQ%7CBXyQ%5D%20%3D%3D0%3D0
ba849532-0557-4a9b-8c85-acc477f0b90e,irealb://Dark%20Hollow=Get%20Rhythm%20Pt%2E1==Bluegrass=C==1r34LbKcu7QyXC%7C4CXyQQyXC%7CQyXF%7CQyXCQ%7CyXC%7CQyXC%7CQyXG%7C%7CCXyQ4TA%2A%7BZLQyXQ%7CFXy%7DQyXC%7CQyXC%7CQyX%7CGQyXCB%2A%5B%5DQyXF%7CQXyQLZyX7C%7CyXZLQXyQ%20%5DyXZLQyXZLQyXZLyQXZLQyXZLQyXA%2A%5BQLZXyZLQyXQ%20Z%20=Pop%2DBluegrass=208=3
baf5b364-e94b-4d9d-942d-999a3fd9083f,irealb://Dark%20Hollow=browning%20bill==122=C=5=1r34LbKcu7%7CQyXCXyQ%7CGcKQyXC%7CQyXF%7CQyCXZL%20lcKQyXC%7CQyXl%20LZ%7CC42T%5BC7XyQ%7CFXyQKcl%20LZCXyQ%7CGXyQ%7CCXyQKcl%20%20Z%20==0=1
bab05a76-f6aa-4a6d-9582-fa1fda834828,irealb://II-%20V7%20Practice%20fifth%20cycle%208%20bars%3Dchedeville%20jerome%3D%3DMedium%20Swing%3DC%3D10%3D1r34LbKcu77C%7CQyyQ%7CG7QyX7C%7CQyX7-G%7B%7DyQX7G%7CQyX7-D%7CQyX%7CG-7XX7-D%7BX7-F%7CC-7XyB%7CQyX7-F%7B%7DQyX7%7CFQyX7-C%7CQyX7F%7CQb7XyQ%7B%7DQyX%7CQyX77XyQ%7DQyX7bE%7CQyX7-bBQ%7CyX7bE%7CQyX7-bB%7B%7D%7BEb-bB%7CQy7%23C%7CQQ%7CEb-A%7CQyX7%23C%7CQyX7-Ab%7B%7DQyX%2C7bA%7CQyX7b-7XyyX7bA%7CQyX7C%23-7X7-%23F%7B%7DQyX7%23F%7CQXy7-%23C%7CQyX7%23F%7CQyXyQ%7CB%7B%7DQyXA%7CQyXyQ%7CB7QyX7E%7CQyX7-B%7CQXy7E%7CQyX7-B%7B%7DQyX%7D%7BE-7X7-%23F7XyQ%7CE-XyQ%7CA7XyQ%7D%7BA-7XyQ%7CD7XyQ%7CA-7XyQ%7CD7XyQ%7D%20%3DJazz-Medium%20Swing%3D100%3D3
bac642d3-a49c-49e6-a9fa-4023d4051008,irealb://%E4%BB%B2%E9%96%93%E3%82%92%E6%B1%82%E3%82%81%E3%81%A6%3D%E6%A4%8D%E6%9D%BE%20%E4%BF%A1%E5%A4%AB%3D%3DRock%20Pop%3DC%3D%3D1r34LbKcu7%5EF%7C%2CC-LZB-%2CF%2C-A%7B%20%20QyXQyX%5D%7C%20A%2FDZLA%2FCZL%2CA%2F%7CG%2FA%2CA44T%5B%20-A1N7LZB-%20%2CDZL%2C-E%20%2CG%7C%2CF-%2CAZLQyXZL7E%20E%2F7E7%2CLZ-D%20%2C7GZL-D%5BN2AsL7-EZL%20QyXQyXZFL%2FGZL7%5EFZLAZLsuZA-LZ%20QyX%7DLAZL7QXyQ%20XQyXZLF%2FGZL7%5EFLZ%2CG%2F-A%20%2C-AZLCZLyQ%7CE-yXZL7EZL7EA%23%5E7L-BZLE%2F7-BZL7-CLZ7%5E%23DZL%20QyXQyXZ7%2FELZZL-DZ7%20Z%20%3DJazz-Medium%20Swing%3D100%3D3
bab1da4d-d524-4e99-8e93-1c2313454389,irealb://Dream%20A%20Little%20Dream%20Of%20Me%202%20Sjr%3DAndre%20-%20Schwandt%3D%3DSlow%20Swing%3DC%3D0%3D1r34LbKcu7%20C1N%7C4C%20B7F%7CQyX6F%7CQyX7AZ7LB%20CZL7G%20%5E%23GZL%2C-6XyQ4TA*%7B%20-BZLG7XyQB*%7B%20%20QyXQyX%5D%20%2CE7%20C%7C%2CG%2C%23G%20C2N%7C%7DA%20F%23-ZL7%23GE7LZA%20F%23-LZB-%20E7LZA%20F%23-LZB-%20E7LZA%20F%23-LZG%237%20G7%2C%20%5D%20%3DJazz-Slow%20Swing%3D150%3D3
ba134dbf-5090-47f5-bd79-3d634a1b5de5,irealb://Excercise%203%206%202%205%3DComposer%20Unknown%3D%3DMedium%20Swing%3DC%3D1%3D1r34LbKcu7%3CQyXQyQ%7CG7QyXQyX%7D%20%3Ex8QyX%20%3C%207A%7CQyX7-E%7CQyXXyQXyX7-D%7B%20%20%3E%20%3DJazz-Medium%20Swing%3D100%3D1
baecf7d5-0ed1-43a4-94b2-90d631866743,irealb://Five%20Foot%20Two%3DHenderson%2C%20Lewis%2C%20Young%20(1925)%3D%3DMedium%20Swing%3DBb%3D%3D1r34LbKcu7QyX7FbXyQ%7CB%7CQyX7F%7CQyX7CZ%20LlcKQyX7G%7CQyX7DbXyQ%7CB44T%5BDZL7AQ%7CD7XyXbB%7CQyX7F%7CQyXC7ZL%20lcKQyX7G%7CQyQ%7CBb%20yXbB%7CD%7CQyXcl%20LZlcKQyX7FZL%20lcKyQX7CZL%20lcKQyX7G%20LZBbKQyX77XyQ%7CG7XyQKcl%20LZC7XyQ%7CF7XyQ%7CBbXyQ%7CF7XyQ%5D%20%3D%3D0%3D0
ba6e66a3-6213-46ad-a952-a92c9f6ff181,irealb://Just%20The%20Two%20Of%20Us%3DBill%20Withers%20(Withers-MacDonald-Salter)%3D%3DR'n'B%3DF-%3D8%3D1r34LbKcu7%2CE%2FW%2C4Db%5E7%5EbDl%7C%2C7bA%2C7-bE%20s7-Fl%7C%2CE%2FW%2C7Cs%207%20sC74Ti*%7B%5EbDl%7CXyQ%7D%7B7-bEs%20%2C7-Fl%7C%2CEW%2F%2C7Cs%207%5EbD%2CS%2CA*%2CAb7%2C7-Fl%7C%2C7bA%2C%2CW%2FE%2C%20%2C7-Fl%7C%2CE%2FW%2C7C%20s7%5EbD%7C%7CQyX7-Fl%7CsEb-77Cs%207%20%2C7-E7%20sC7%7CQyX7CQyX7%5EbDB%5B*%5DQyX7-Fl%7C%2CE%2FW%2CF-7%2C%20%5EbDl%7C%7CQyX7%20Ab13%5EbDZLQyXQyX7-FQ%7CyX7CQyX7%5EbDZL%2C7XyQC%2C7-bEC*%7B%7D%20E-7%2C%20yX7-F%7CQyX7CQyX%5E7bDZL31bA%20%2C7-bEQXyQQ%20%2C7-F%207%5EA2C7LZBX%7D%209bG%207%5EbDZL7Ab%207%5EA1NZL7bB%207%5EyQLZN%207%5EbD-Fl%7C%2CDb%5E7%20Cs%207%5EbD44T%2CD*%2C%5D%5BQyX9bG42TZL9bG7%2CW%2FEZL7bA-Fl%7C%2C-7%2CAbdoC%20la%20.S.D%20%20QXy%3C%2C7Cs%207%5EbDl%7C%2C7a%3EW%2FEbEs%207QyX7%5E%7BQDb%5E31bA%20%2C7-bE%20%2C7-%20E%2C7-F%7CQyX7CQyX7%2CLZDb%5DQyX7C7XyQ%7CF-7%3CXyQXyQ%20Repeat%20and%20Fade%3EXyQXyQ%20%7D%20%3DPop-Smooth%3D92%3D1
babb72a7-7035-4503-8063-3f103d29f42c,irealb://Frank's%20Tune%20Rev%201%3DStrozier%20Frank%3D%3DMedium%20Swing%3DC%3D%3D1r34LbKcu7FZLx%7CEb%5E7%2C%2C7%5EbEZLx%7C%2CbB%2FWb%2CE%2F7-FZLx%7C%2CbB%2FWW%2FBb%2CsSi*%7B9b7bB%2CW%2FBb-bAZLxZL9-CZLx%2C%7CbB%2FW%2C7%5EbEZLx%7C%2C11LZpbE%2F7-%2FW%2C7%5Eb%5E7LZxZLxZLxZLxZLxZxLZLx%7Cnn%5B%7D%20%2C7%5EbE%20%5D%5BEbE%7C%2C9%23%7C%2CbB%2FLZF-77-FZLx%7C%2CbB%2FW%2C7b%5EEZLx%7C%2CbB%2FW%2CbE%2F%2FEb%2CWx%7C%2CbBB%2FW%2C7%5E7%2CW%2F9%239b7bBpZL11-bZALxZL9-CZLx%7C%2CbB%2C%7CEb%5EbEZLxbEZL7%20%5D%7B*B-FZLxZL7%5EbEZL7BbZL7-FZLxZL7%5EbE7LZBbQx%7C%2CbbA%5B%7D%20LZC-%5EbE%7C%2C9%239b7bBpZL11-bAZL11%2331FZL9%5E7LZxxZL7%5E1%2331BA-9%2CD%7C%2C11%2331bD%2C11-b%7CA%2C7C%2C9-G%7C%2C11%2331F%23-9%2CZL11-L7%5EbE9%2CC13ZL7-FZLxZL7%5EbE%5D%5B%207bBZL7-F%7C%2C11%23Bb7LZ-G%7C%2C19b7bB-7LZB-bAZL11%2331FZL9-%5ECZLxZL7%5EbEZL7b11LZpFZLxZbE%7C%2C7b%5E7LZ11-bAQ%7B%5D%2C7bB%3EaodC%20la%20.S.D%3C%2C7-FLZpBbE%7C%2C9%23%5E7LZx%20%7D%7CAb-11LZpBb7%2C%7CfUEb%5E7%2CZ%20%3DJazz-Swing%20Two%2FFour%3D132%3D3
baa3cefb-02d7-47dd-a561-ed946d08c274,irealb://Gadu%20namorando%3DLalau%20e%20Alcir%20Pires%20Vermellho%3D%3DChoro%3DC%3D0%3D1r34LbKcu7%7C%2CF%7C%2C4sG7%2C%7C%2C7G%7C%2C7G%7C%2C7D%7C%2C%7CC%2C-F%7C%2CF%7C%2C7C%7C%2CC%7CC%2C%7CC74TA*%7BE%2CC%2F-%2C%7CC%2CA7E%2C-AB*%7B%2C7E%2CC2%7DN%2CC1N%7C%2C7G%2C7D%7C%2C7%2FB%2C%7CAbA%2F-FA%7C%2CB%2FA-%2CA7%7C%23G%2F7E%7C%2CA%2F7B%7C%2CA-%7C%2C-D%7C%2CF%2F-D%7C%2CG%2FA-%2CE7%7C%2CB%2F7N%7C%2C7E7%2FB%2C%7C%2CC%2F-A%7C%2C5b7-B%2C-%7CD%2CF%2F-D%7C%2CG%2F7A%2C-A%7CBb7%2CE%2CC%2F-%7C%2C7G%7CN2A-%2C7D%7C%2CC%7C%2C-F%7C%2CF%7C%2CC7%7C%2CC%7C%2C7GsA*%7C%2C7D%2C%7CG7%2C%7D%2C-A1nn%2C7C%2C%7CF%2C%7C%2CFC*%7B%2C7C%2CC%7C%2C7G7%2CD%7C%2C7A%2CC%7C%2CbA%2F-FnnF%2C%7C7C%7C%2CCF%7C%2C7C%2CnnF%2CG%7C%2C-D%7C%2C%23C%2F7A%2C7%7CA%2C7bB%2C7B%2C7C%2C7C%7C7%2FB%2C%7CF%7C%2C7CB%2C-D%7C%7CC7%2CnA%2C7A%7C%2C7bB%2C7B%2C7%2CC7C%7C%2CFnn%2CF%7C%2C7Cn7%2FC%23%2C%2CFnn%2C7D%7C%2CCC7%2C%7CN%2CF%7C%2C7C%7C%2CC%7C%2C7GA%7C*%2C7%23F%2CF%20F2N%7D%2CF1%7CF-%2C%7C%2CF%7C%2Co%20CU%7Cn%7CG7%2C%7C%7C%2C7G%2C7D%7C%2C7A%2CC%7Cb%2CA%2F-F%7C%2CF%7C%2C7C%7C%2CCT24C%2C%2C7G%7C%2CZ%20%3DLatin-Brazil%3A%20Samba%3D165%3D1
bae37306-98ee-4df0-8629-3eddada72bb7,irealb://Girls%20%20Just%20Wanna%20Have%20Fun%3DLauper%20Cindy%3D%3DPop%3DC%3D%3D1r34LbKcu7%23DZL%20%23XyQKX%23F%7C%7D%2C%23C%2CBs%20%20%7CyQX*7nim*%23DZL%20lcyQKclF44T%7ByX%3ECDl%20%20%5D%7CZ%20%2C%23C%20%23D%7CQyXBZ%23LC%20%23DZL%20lcKQyXB%7C%3CTo%20cKQyXQ%3C%20%3E%20%3D%3D0%3D0
ba830867-c4d1-4ba2-b363-43ac07fa2d11,irealb://Give%20A%20Little%20Bit%3D(Supertramp)%20Davies-Hodgson%3D%3DPop%3DD%3D2%3D1r34LbKcu7Al%7C%2CG44%3C*7l%7C%2C7Aspp%2CD%3E)tabe%2061(%2088%20mpb%20%204D%2CppsTi*%7BYDl%7C%2C7%2CKcl%20.s.d%20no%20ni%20rd%2Bbs47*%3C%2CDlSA*%7BY%7D%20%3EppsAGpp%2C7%2FW%3E.%E2%99%AA%2C%7ClA7%3CQ%2CEp%2CsusEsZL%20B-l%5B%7D%20%20lcK%2CGspp%2C*42%20%E1%AE%BAGspp%2Cas%20%204G%20LZA%5BY%5D%20x%3EeniF%20la%20S..D%3CZL%2C7A%20%2Csus7*B%3C*7l%7C%2C%23F%E2%99%AAQyX%E2%99%AAo%3EF%23-%E2%99%AA%2047*%3CZL%3E%C2%B9%20%20%E2%81%B7%20%E2%81%B6%20%20QyXQyX75*%3C%20%207.%20%E2%99%AA.%20los%20xyXQyXQ%E2%99%AA%3EB-yXZL%20%3E%C2%B3%20%20%C2%B2%20%20Qy7X5*%3C%20%3E%EF%B8%B6QyX75*%3C7Q%3C*57yX%E2%99%A9%20%205*%3C%20%3E%E2%81%B7%20%20%C2%B9%3E5*%3C%20%3E%E2%99%AAQyX%E2%99%A9%20%20%E2%99%AAQXy%E2%99%AA%20.%E2%99%AA%20.%E2%99%AA%2047*%3C%7Cr7XyQ%EF%B8%B6%20%20%E2%81%B6%20Q%3E%E2%81%B4QyX%20%E2%81%B7%20%20%E2%81%B6QyX%E2%81%B6%20QyX%E2%81%B4%20QyXQXy75*%3C%20%207-%23FZL%20%3EXyQ%20%E2%81%B5%20QyX7*%5B%20Qy4%20%E2%99%A9.XC%7CQyX%3E%EF%B8%B6%20%2075*%3CG%E2%99%AA%3EQyX%E2%99%A9%20%20%E2%99%AAQyX%E2%99%AA%20Qy%20G%20%5DX7*%3CZLp%2C7A%3E7susLla%20.S.D%20%3CZL%20x%20LZ%20x%20ZL%20x%20ZL%20x%20Z%20CodaA%207AC%20ZL%20xs%2CA9%2C%20x%20ZLsus7A%207AC%7B*Y%5D%20G%20C%7CQyXGlQ%5DLZN1%20us9As%3E%E2%99%AA%20Qy*DN2D6*%3C%7CQyXD%2FC%7Cp%2CD%2ClD%2FG%2CD%2FAsZLD%2FG%209%20%E2%99%A9.X%7B%7D%20%20xB%2FG%7CQ51%20%20%EF%B8%B6aC%7D%20D%20D%2FG%7CQyXDC%2Fl%7B%7D%20%3Ex436*%3CD%20%3Edd9Xy*%3CD%2FG%E2%99%AA%20%2096-7%20G6ZL%3E%E2%81%B5QyXQyX%C2%B2QyXyQX%C2%B3%20%20QyXQyX15*%3CT24%3C*A%7CQyX%20%3E%E2%97%87Qy%20%E2%99%AA.Xy%2CD%3Ekaerb%20%3C44T%5DE%20%2FW%20%23F%2F7Al%3E%E2%99%AA%20%20Q%3C*66X%20QyX.G%2FD%2C%3C*51XyQ%20%EF%B8%B6%3ELZsA%2FD%2C%3C*66%20%20%E2%97%87%3EG%2FD%2ClD%2Cp%7CfUDXyQZ%20%3DBlues-Funky%3D88%3D1
bab2bcd0-c730-4b8a-ba0c-5e6be5e683e5,irealb://Grateful%3DWalker%20Hezekiah%3D%3DWorship%3DAb%3D%3D1r34LbKcu7%20%3E3214%3C4x%202bDl%7C%2CC/bA%2C7-bsB%207%5EbA%3Eemit%20ts1%2C%20%3C564Ti*%7B*%7BY%7D%2C7%20sBb%2C2bDl%3Eemit%20dnoecs%20x2%3C%7C%2CC/bA%2C7-%20%20sEb%5EbAZLl%7C%2CC/7%20sBbbBs%207%5EbAs%7C%2CbEs%20%20%2C2bDl%7C%2CC/bA%2C7--7%2CAb%5EbAlv7-Fs%20%20%20sF/%2CG/Fs%20%20bDl%7C%2CbE-/F%2C7-Fs%207-Cl%7C%2CG%7ClC-7%2CbD/CbE/Wsb%2C%7ClDbBZL2bE%20%2CbE/bACl*Y%7C%2CE/7hbBs%20%20bh7/E%20E/-F%2C%2CbE/b%2C%7ClAb/7hbB%3EadoC%20la%20C..D66*%3CZL-F%20%2CC/E%2C%20sDbD/W%2C%2CbB%7C%2CiAb%5E7bEs%2CE%2CbG%2CbA%3EkcLi%3C%7C%2CC/bA%2C7-bBs%20%2CDb%2CB*%7CY%7Dnfetar%2CE%2CEbfetarg%20%2ClufetaGr%2296*%3CD*%7BY%5D%2CbD%2Cul%2C%20gbG%2CbAXE/7hratefXbE/bA%7CQyXE/7hBb%7CQyXbE/bAl%3E%22luyQ%7CBbg%20%2CluyQ%7D%20%3DJazz-Ballad%20Even%3D50%3D1
ba52bb38-cc0f-4ff5-ad89-c784cb965e57,irealb://Gritz%20Interlude=RC%20and%20The%20Gritz==R%27n%27B=G==1r34LbKcu7%7BE%2D7%20C%23%2D7LZA%2D7%20F%5E7LZE%2D7%20C%5E7LZA%2D7%20F%5E7%3C8x%3E%20%7D%20=Pop%2DRnB=0=0
ba5e6405-06ea-453f-9197-7214a47b3804,irealb://Harmonic%20Analysis%3A%20E%20Minor=Composer%20Unknown==Medium%20Swing=D==1r34LbKcu7%7B%2AAT44C%5E7XyQ%7CB7XyQ%7CE%2DXyQ%7CE%2DXyQ%7D%20=Jazz%2DMedium%20Swing=120=6
baebf29b-56dd-478f-a64b-09366fa9cc48,irealb://Here%20Comes%20Santa%20Claus%3DGene%20Autry-Oakley%20Haldeman%3D%3DMedium%20Up%20Swing%3DC%3D%3D1r34LbKcu7X7bB%7Cb%5E7%20FF%7C%7CQyX7bB%7CQyX7F-ZL7-C%20%2C7-GZL7--7XyQE44T%7BZL%2C7b%5E7XyQZL7C%20bB%2FbEZL7o%20A6bAZL7bE%207-bB%7CF-7%20BbE%7CQyN%7DQyXEb7LZ7bB%207-F1NZL%2C7Cb%20B%2FbEZL%2C7oA%206bALZEb6%207%5EbE2F-7%20Bb7LZEb6%20%20Z%20%3DJazz-Medium%20Swing%3D160%3D3
bac64faa-84f0-4302-9f37-54def76a2efb,irealb://What%20I%20Did%20For%20Love%20%28DGM%29%20085=Line%20Chorus==Medium%20Swing=C==1r34LbKcu7X7%2DDZ4G7%2CnsusA%7CQyX96CSA%2AQ%7ByXQyXQyXQyX%5D%20%204%20A7L4Ti%2A%5BLF%2FG%20XyQ%7CC5b7%2DD%7CQyX%2DFZL%20clKQyX9DZLQ%2CB%2FG%20XyQ%7CG%2DF%7CQyFsZLGXyQ%7DXAB%2A%5B%20QyX%5D%20D%2FG%20E%2D2N%7CQyXQyXQyXQy%2D%20A%2D%2F7G1NZ%7CQyX%2Cus4%2CE7B%2C4susB%205b7%2D%23sFZLG%2F%2DA%20%2C%2DAl%7C%2C7%2C%7ClE%2DsE%207%5EDsZLG7LZD%2DAQ%5B%5D%20%3EadoC%20la%20S%2E%2ED%3C%20%207G%7CQyX5b7%2D%20A%2D%2FA%20A%2FGXbA%2F%2D%20A%2D7%2F%2FC%20CZLsus7G%207%2DZDLE%2FC%20%2CFl%7C%2C7D%2CEBbLZF%2C%23F%2F7yQ%7CXyQr%7CXyQLZCXyQZ%20==80=1
bad33261-9a32-4ef9-8113-9e144e6bebfd,irealb://I%20Didn%27t%20Know%20What%20Time%20It%20Was%20%28DGM%29%20142=Rodgers%2DHart==Medium%20Swing=G==1r34LbKcu7%2DE%20%2DE%23%2D7%20B%2DAZL7A%207oEZL7B7%20%2D%23FZL7A%207%2DEZL77XyQ%7CF44T%7BXG%5B%5D%20C%20B%2D7A2N%7CQyXQyXQyXQXy%7D%207D%207%2DA1NZLQ%2C%2D7%20D7ZLD%2F7%207%2DE%7C%2D7b5%20L7D%20CZL%2C7G%20%2C7%2DZEL7B%205b7%2D%23FZL7BZGXyQ%23F%7CQy%206CZL%2D7%20D7GZL5b7%2DA%207%2DAQ%5B%20%5D%3EadoC%20la%20%2EC%2ED%3C%2FD%20B7AZL7AD7susLZGXyQ%7CU%3CFine%3EGXyQZ%20==128=1
bae02713-97b4-40e7-8663-176744522640,irealb://Madamoiselle%20De%20Paris%20%28DGM%29%20408=Durand%20Paul==Medium%20Waltz=D==1r34LbKcu7D%2F%2D%23FXyQ%7CFQyXD%7CQyX%2DG%7CQyXB%2D%7CQyX%29bD%2F%2D%23F%28%2D%23%7CF%23%2D%28D43T%7ByX7A%7C%7CB%2DXyE%7CQyX7%2DE%7CQyX7%5EE%2D%7CQyX%2DE%7CQyX7A%7CQ%2D6XyQQyX%29bZLQyXXyQ%7CAA%7CQyX%2DE%7CQyX%2DB1%7CNQyXDZL%20lcKQyX77XyQ%7D7%2DE%7CQ%7CQyXDyQ%7CE%2DA%7CQyX7%2DE%7CQyX%2DBQ%7CyXD%7CQyX7A%7CQyX77XyQ%7CXoF2NU%3CFine%3EDXyQZ%20==178=1
ba3ce91d-2622-45ca-9a3c-e82087719053,irealb://I%20Could%20Have%20Danced%20All%20Night%20%28DGM%29%20409=Lerner%2DLoewe==Medium%20Waltz=C==1r34LbKcu7%2DEZL%2D4n%20G7%2DEppZLxZLx%7CQyX%5BCQyXQyXQyXQyX%5D%20LZC%20D3Ti%2A%5B7G%7CQyZD%2D7XQyX7%2DD%7CQyX7%5E%2DDQ%7CyX%2DD%5B%5DQyX7G%7CQy%7CD%2D6XL7A%207ZL%20lcQ%7CG7XZL7B%207%2D%23F%7CQyXE%5D%5B%20%20lcKQyX7%5EC%7CQyEXyQKyXsuscKQyXA%2D7%20DC%7CQyX%2CCl%5B%2C%2DD%2CEC%2F%2CF%2C%20s%7CQyX7GZL7XyQ%7CF%7CQyXGl%20LZD%2D7XyQ%7CD%2D7XyQ%7CG7XyQ%7CCXyQ%7CU%3CFine%3ECXyQZ%20==132=1
ba76942b-f94b-40d4-aaf0-eb35fcadbf7c,irealb://Mayim%20Mayim%20%28DGM%29%20456=Emanuel%20Pugashov%20Amiran==Musical=C%2D==1r34LbKcu7B%2FW%20b4n%20Eb%20x%20ZLG%2FW%20%2DCSA%2AQ%7ByXQyXQyXQyX%5B%5D%20LZN1E4Ti%2A%5BXxZLG%20W%2FD%20CB%2A%7BY%5DQyX%2DGZL%2D%20G%2DC2NZL%20QyXQyX%7D%2D%2C%20W%2F%2DGZLbLF%2FW%20%20W%2FBbQyXbE2N%7CQyXQyXyQXQyX%7DQyXbE1NZL%5D%5BBb7bE%7CQy%20x%20ZL%2FBbLZbBZL%20x%20ZLbB%2FW%20EbZL%20x%20ZLF%2FW%207bB7%20W%2FFW%20bEZLZEb%20W%2FBbLZ%3CFine%3EC%2D%20%20%3CD%2ES%2E%20al%20Fine%3E%20Z%20=Pop%2DCountry=122=1
babcfe8c-5543-440a-b119-f252f235390d,irealb://Christmas%20Song%20%28DGM%29%20485=Torm%C3%A9%2DWells==Ballad=Eb==1r34LbKcu7b7%2DbDb%5E7%20F%7C%2C7bE%2C7%2DbB%207%5EbsEZL7%5EbA%207%2DGZL7%2DAb%5E7%20E44T%7B%2C7%2DbAb9%2C%7ClN%7C%2C9b7D%2C5b7%2DA%207%2CbEsZL6%2DbA%20%2C7%2DC1G%5E7%207GQ%2C5%2C6bEllGb%5E7%2C7%2DF%2C7C%2C%2DGs2NZ%20LQyXQyX%7D%20%2C7bB%20%2CBb7%2C%7C%7C%2C7bDbD%207%2DBb%2D7%20X7%5EbAZL7bE%207%2DbZBL7%2DF%207%5EbAZL7bEyQ%7CAb%5B%5DQyX%207%2DCQ%5E7XyQdoC%20la%20%2EC%2ED%3C7b%20B7%2DFZL7F%20sus7F%7Ca%3E%20%5D%5BbGZL7X%2C6bEZEb%5E77bB%206bEZL%20x%20ZLs%2Cus7bB%206bEZL7D%20susLZL6%2DbAyQZ%20==68=1
ba28dcae-7dff-456b-a2f4-9327aff3af9e,irealb://Ring%20of%20Fire%20(P1of2)%3DCash(Carter-Kilgore)%20Johnny%3D%3D206%20bpm%3DG%3D%3D1r34LbKcu7%5BQyXQ4%3C*63QyX%5D%2C-bB%2C-A%2CGn%3Esylno%20snroH%20QyXXyQXy4Ti*%5B2TZLG9%20%20TuG44TZLC42TZL%3Eeemht%20nroH%3CGl%3EittLZxLZ6*%3CA*LG44TT44GLTZLGl%7C%2CC%2CGsZLGe%3EsreV%20%20%3CB*%7B%5D%20xZ24CLZZL7D44TZL71GLZsLG2N%7D%20xZLG44TZ7LD42TZLGl%7C%2C7D%2CGZT24DNZLxZXGZLC%20%5D%7B*ClcKQyXG%7D%20GZLCZxLZL7D%3EsurohC%20%20%3C%20LZG%20xZLG4G44TZD7LZGZLGl%3Ex2%20%2Cemehtn%20roH%20%20%3CA*%7B%5D%20xZLT24CL%20G%7CQy%7D%20GZLGLZT2L7D%3EsurohC%20%20%3CC%7B*%7D%20xZLG44TZL7D4ZxLZCZLxZL%2CGsZLZG%20CLeV%20%20%3CB*%5B%5D%20%20lcKyQXGZL7D%20G%7CQyXGZrse%3EGLxZLGxZLG4LZT24D42TZLGl%7C%2C7D%2CGZsLGZLxZLG44TZLC7LZT4Gl%7C%2CCLG44TVerseTZLxZLGl44TZL%2C4C2TZLG%3E)driew(%2024CLZ%20%20%3CZLZxLZxLZsG%2CD7%2C%7ClGLZ%3C%20%20%3E%20x%3CV.S.!!!%3E%20%20%5D%20%3DPop-Country%3D206%3D1
ba28df0e-2e4f-4a90-9e0c-68deda3d6eb0,irealb://Ring%20of%20Fire%20(P2of2)%3DCash(Carter-Kilgore)%20Johnny%3D%3D206%20bpm%3DG%3D%3D1r34LbKcu77D%20G%7C%20ChorLC%20GZL%20lcKQyXG%20%7DGZLCZLxZL7D%3EsuZGXyQ%20%3CC*%7B%20lcKQx%20%5D%7B*GZLCZLxZL7D%3Eylubod%20%2CsurohC%20%20%3CC%20%7DGXyZLGZLGl%7C%2C7LZGXyLGZLC%20GZLxZLGD%5B*%5D%20xZLGZL7D%20G%7CQZsG%2CDC%20GZL.ereh%7BGXyQrO(%20%2063*%3C%7D%207D%20%3EGeuc%20lit%20pmaV%3C%7C%20end%20%5D%20xZL42TZLyQXyQnidne%20.tla(%20emhet%20nroH%20%20%3CA*%7B%20%20g)%3ElGX%3E)..Nf%5BY%7D4GLZx1N44TZL7D%3E.tir%2C%20x%20dn2%3C42TZLGZLGLZx%204TZLC2G%20%3CFine%3E%20%20Z%20%3DPop-Country%3D206%3D1
bac3e628-c65b-417d-85d4-ad7a9e5870a2,irealb://I%27d%20Die%20Without%20You%20%2D%20PM%20Dawn=Cordes%20Attrell==Jazz%20Ballad%20Melodic%2D80%20Bpm%2DNo%20Drums%2DEbas=Ab==1r34LbKcu7yXbA%7C4%3CtunQyXbA%7CQyXbG%7CQy%2CXbA%3EbE%20ratiug%20e%7CEXyQ4TA%2A%5BbG%7CQyyQ%7CAbyXE%7CQyXbA%7CQyXb%7CGQyXbA%7CQyXE%7CQyXQ%7CAbXXbG%7CQXbG%7CQbXyQ%7CQyXE%7CQyXbA%7CQyXGb%7CQyXbAC%2A%5B%5DQyXE%7CAbXyA%7CQyXyQ%7CAbXyQ%7CE%20GbLZAbXyQ%7CE%20GbLZAbXyQ%7CE%20Gb%20%5D%20==80=3
ba8a82f9-92f2-4245-8dc2-082e93fe765e,irealb://I'm%20Singing%20in%20the%20Rain%3DJamie%20Cullum%20version%3D%3DHiphop%20Jazz%3DEb%3D%3D1r34LbKcu7%5EbESA4sEb%5EX%7Cr%20%20ZL%2011%237%5Eb%20D%5EbDZL%2011%237%5EbE%20yQ%5D%7B*4Ti*%5BZL%207%5ELZEb%2F-CZLxZL%5EbAZL9-ZCLbB%2FbEZL%5EbAZLG%20LZC-7-FZL_%2F%20%20%3CZF7%20L%3E.%2F%20%20%3C%209bD%3E.%2F%20%5B%3C%5D%20sus7bBZL7-FZC7%239%20L%207-C%5EbDZLB%5ELZ%3C%5EbE%20%2C%5EbEi*%5BY%7DQXy%7Cr%20%20%7CQyX%5EB%3Eo%20%207%2311%20%3E____Q%20%7Cr%207%2311%20%20ZL%20%7Cr%20ZL%5EbDZLb%5EEC*%5B%5DQyX%7Cr%20%20ZLr%7C%20LZ%5EbD%20%2C%20bE%20%3A*42Xyuo%20edafQyX24*%3CQ%20QyX%3Etaeper%20onQt%20%20ll%3CSY%5D%20l%20Db%20%3All%3E%20%3DPop-Smooth%3D89%3D3
bac00ac6-1153-45d0-959b-3986467919f3,irealb://Ironic%3DMorissette%20Alanis%3D%3DPop%3DG%3D%3D1r34LbKcu7F/D%7CQT44CXyX%23F/DA*%7BY%5D%20G%2C%2CDC%7CQyXC%7CQyXD%7CQyQG%2CXyi*%5BYYC%20F%7C%7D-%20%3C*6X%20%2095*%3C%20%23F/DZL%20G%23F/DB*%7B%7D%20%20%3E5X83%3EE-%20EQyX%233XQyX%23XyQ%5DD%7CQyXCC*%7BQyXQyQXyXQyXQyXB*%20A*Y%20%3C*53F/DZL%3E%20%20%7DCXyQ%7CC%2CD%2CG%20ZY*A%3C*54%2B1%3E%20%20*B%20*C%20%3DPop-Rock%3D115%3D1
ba37aedc-de30-4dce-b2d1-1b987df9988f,irealb://Isn't%20It%20A%20Lovely%20Day%20%28To%20Be%20Caught%20In%20The%20Rain%29%3DBerlin%20Irving%3D%3DMedium%20Swing%3DG%3D%3D1r34LbKcu7%7C%2C9D%2C%2CC6%2C%7CL7o%23GZL6Gv*%5B%20G%2C%7CG/6C%2CG%7C%2C7D%2C6-CZD7/GCsi*%5B7o%23G%7CF-6/AZL7D%207-AZLo%23G%20%7CG%2C7D%2CD/C%209-AZLbG6XyQ%20GZLGGZL7-7/A%20D7D%2C-A%207EZL-B%7C%2C%237F%2C-BZL-BZLGZL9%2C%7CG%20DD%7CQyXCZLF//G%2CG7GZL7-A%207-BZL7D6%20-C%7CQyX7%5ECA*%5B%7C%2C%5E7%20G77-D%206obB%7CQyQ%7CC-%5EGB*%5B%5DQyX96GZL-7A%207-BZL7D%20bE/67/BXyXE/7%5E%7CQyXFD7/A%20%7CQyX5%237%23F%7CQyX7G%5EZL7D%207-AZL7o%23GBb%5E7/%7CQyX76CZLF1%20D7%20GZL7-A%207-BZL7D6%20-C%7CQyX7h%23CA*%5B%5D6%20G7/1%239bE/7G%2CG%7CC-6/-DC*%5B%5DQyX96GZL/G7-A%2096GZL7D%20bE7XyQ%7CQyXE/obB%206%2CC-/E%206-C%7CQyX7%5EC%7CQy7Xh%23C%7CQyXD/6G%7C%2CbD7LZGE/C%2CF7LZA-7%20D7%20Z%20%3DJazz-Medium%20Swing%3D100%3D3
ba02ffd8-a62f-42b1-8ea4-c8f31039caca,irealb://La%20Bamba=Valens%20Richie==Latin=C==1r34LbKcu7QyXFl4C%2C%20F%2CF%20CSA%2A%7B%5DQyXFZ%20Lx%20ZL%20x%20l%7C%2C7Gs%2CsG7%2C%7C4Ti%2A%5B%20C%7CQysG7%2C%7C%2C7Gs%2CF%20%2CC%7CQyXF%7Cl%2C7Gs%2CF%20C%7CQyXFl%7ClF%2CX%2CF%20C%7Cs%2CF%20C%2C%7ClFXl%7C%2C7Gs%2CF%20C%7CQyXF%2Cl%7C%2C7Gs%2CF%20%2CC%7CQyFXyQ%7C7Gs%2CF%20%3EadoFXyQ%7C5%2A%3Cpl%7C%2C7Gs%2CF%20CQ%7CyX%2CFl%7C%2C7Gs%2CF%20C7To%20Cl%7C%2C7GLn%20plBC%20F%2C%2CF%20CZLn%20pl%7C%2C7G%2CsF%20CZLn%20pl%7C%2C7GssG7%2C%7C%2A%7C%5D%20nn%20%2C7GsG7%2C%7Cs%2CF%20CQ%7B%7CQyX%3EadCo%20la%20%2ES%2ED06%2A%3CFlG7%2C%7Cl%2CF%20CZ%3CRepeat%20and%20Fade%3E%20%7D%20==153=0
ba9c5559-dfa4-4184-8b63-5d271ff3cf8f,irealb://La%20Vie%20En%20Rose%3DLouiguy-Piaf%3D%3DSlow%20Swing%3DC%3D7%3D1r34LbKcu7%7CQyX%2C4C%2CXy%20lcKQyX%2C6CZL%20lKcQyX%2C7%5ECZL%20lcKQLZD-74TA*%7B%2C7oA%7CQ%7C%7CD-%7CQyX%2C-DZL%20lcKQXy%2C7GZL%20lcKQyX%2C7G7XyQyX%2C7GL%20lcK-7%20G7CZL%20lcKQyX%2C7%5ECLZ%20lcKQyX%2CCB*%5B%5D%206%2CXyQD%7CQyX%7CQyX7Kcl%20LyX6FZL%20lcKQyX9C%5E%7CQyX6-F%7CQyX6FZQ%7CEboQyXFZ-D%7CQyQ%7CFh7%20lcKQyX%2C7%5ECZL%20clKQyX%2CCC*%5B%5D%207G%20LZF%2CXyX7-D7%2C%20Fh7LZN1C%20D-7LZEb-6%2C%20G9%20%7DXyQXyQ%20LZN2C%20Ab9LZCXyQZ%20%3DJazz-Medium%20Swing%3D100%3D3
baf09b73-4d8c-4536-aa2f-f23f70d9a452,irealb://Love%20And%20Marriage%3DSammy%20Cahn%20-%20Jimmy%20Van%20Heusen%3D%3DMedium%20Swing%3DF%3D%3D1r34LbKcu7oBZLb4F6%20CLA/%5EF%20F%7CQyX%5EbBQ%7CyX7FZL%20x%20ZL5%237ZA7%20B4TA*%7B%20lcKQLZN1G*%5B%5D%206F%207C2N%7CQyQXyXQyXQyX%7D%207C%207BDbXyC/F%207%206FC*7%20Ab7%207-G%7CQyX7%5EFZL%20clKQyXbD%7CQyXbDZLC7%20%5D%5B-bEZLoBZLCZ%20x%20LBZLbB%207AZLA/%5EFF%20%7CQyX%5EbB%7CQyX7FZo7%20F/L5%237C7%20F/CLZ%7CBo7%20F/CLZG7%20C7LZF6XyQZ%20%3D%3D0%3D0
bac8260b-79d5-44c0-9c69-0109d29d68cf,irealb://Love%20Me%20Like%20You%20Do%3DGoulding%20Ellie%3D%3DPop%3DG%3D8%3D1r34LbKcu7-E%7CQyGXyQ%7CQyXD%7CQyXC%7CQyX7E-%7CQyX7-E%7CQyX7-B%7CE-7X%2Ci*%2C%5BE%7CQyXY%7B%2C*AC%7CQyX7-E%7CQyX7-%7CEQyX7-B%7CQyXG%2CS%2CXyQ%7CD%7CQyX7E%7CQyX%7CE-7XXC%7CQyX7-E%7CQyX7B-%7CQyXG%2CB*%2C%7CY%7DQyyQ%7CA-QyX7-%20%2Ci*%2CDsusX%20%2C%20%2CQ%2CYZL%2CQ%2C%20%20%3EDadoC%20la%20SD%3C%7CQy%2C*B%2C%20%7CQyX-%2C*A%2C%20%2C*B%2C%20%2C*B%2C%20%3DPop-Rock%3D115%3D1
ba235f10-210f-48a2-ba34-71a952f1e2ee,irealb://Love%20Story%3DComposer%20Unknown%3D%3DMedium%20Swing%3DD%3D%3D1r34LbKcu707*%3CZ74intL%20GZL%20-BZL%20AZLD%20%3Esurohc%20dna%20orZXyQL*%3CA*%5BDZLQy%2F%20choZL%20-B%7C%2CG%20AZL%3EGserev%20dn2%3C%20D%3EsurG%20A%7CXesrev%20esreLZB-%2093*%3C%20QyXZL%20A%3EAe%20srev%20dn227*%3CZL2nd%20v%20AZL%20emoR%20ith%20cuoY%3CB*ZLQyXQyXyQXQyXQyX%3Esegnah%20werew%201%20xQyXQyZA%20LZA%20GZL%20-BZL%20AZLG%20ZLQyXZL%20DZL%20-B%7CXyQXL%20G%3EonO47*QXyQ%20..gnitiaw%20fo%20dreit%20tog%20I%3C%2CC*%7B%20.%3EB-%3CyXQyXAZL%20Dum%3E%20LgiE%20QyX72*%3CZLQXy%7C%7D%20%20AZL%20DZL%20GZhths%3Erts%20e%20%20AZL%20LZG%20L%20BZL%20E%3E!egnah%20cyek07*%3C%7B%20QyX%7CAZC%23-%20-BZL%20%7D%7CXyQLZA%20LZA%20LZ%3Cring%20out%20on%201%3EE%20%3D%3D0%3D0
ba1e12f5-6b8d-4442-9504-1b5312dbe8ba,irealb://MBJ%2dLesson003%2d002=Charts%20Practice==Medium%20Swing=Ab==1r34LbKcu7%2a9b5bb%2d7%28B%289%237A%20%29%2dbB%287%2dbZBL%297bE%286%2dbB%20%29%2dbEb%2a13B44T%5b%29%2dbB%28%5e7%28AbL%296bA%286bA%20%29bA%28%5e7bAZL%296bA%286bA%20%29ZBb%2d7bAZL%29%296bA%28%28Eb7%29bA%287%5ebAZL%297bE%28%2397A%20%29%2dbB%287%2dbBZL%29%20Ab66%2dbB%20LZAb%5e7%28Ab%29%20Ab6%20Z%20==0=0
baf325c6-00e2-49bb-a0fa-93bf7e723fe1,irealb://Ma%20libert%C3%A9%3DMoustaki%20Georges%3D%3DPop%20Folk%3DA-%3D8%3D1r34LbKcu7%5B%5DQyXXyQ%7CDX7E%7CQyX-D%7CQyX-%7CAQyXC%7CQyXG%7CQyX-yQ%7CA--AA*%7B%7C%7D%20%3ExQ%7CFXyA%7CQyXE%7CQyX-E%7CQXyC%7CQyX7E%7CQyXC%7CQ-%20%20%3C4yXCB*QD-XyQ%7CA-XyQ%7CfDXyQ%7CA-XyQ%5D%20%3DPop-Bluegrass%3D157%3D1
ba243bcb-c22e-4947-a5c1-b02a5ef33a6c,irealb://Me%20Deixa%20Em%20Paz%3DLins%20Ivan%3D%3DSamba%3DA%3D9%3D1r34LbKcu736*%3C%2022%3C*7x%20ZL%20x%20ZLsus31%20E9%5EA%3E002%20mpb%20%204%20LZ%20xTi*%7BYD%209%5EDY%7B*AS31A%7CQyXsus31AZ%20Lx%20ZLsus31E%209%5EA%2CXyQ%7C%7D%20%3Ex3yXsus3XyQ%7C%20lcKQyX9%5EAB*%5BYQ%7DyX9E%7CQyXsus31ELZA131BZL6QyX9-XyQ%7CDX11%239b7%23C%7CQyX1-1%23G%7CQyX6D%7CQyX9%5EyQ%7CF%2331A%7CQ9-%23FZyQ%7CE-b7%23C%2011-%23GZL6D9%20%5ED%7CQyX31A%7CQyX99%2311LX31B%7C%23F%7CQyZE-9%20b7%23C%7CQyX9h%23G%7CQXy9-B%7CQyX9%5EDZL7A9%2311XL31B%20%5EAA*%7B%7CB13X%2C9E%3EeniF%20la%20.SD.%20%3C%7CQyXsus9E%7CQyXyQ%5DYQyX9-1E%7CQysusLZL6D%209%5ED%7CQyX%2C31%7CAQyXsus31AZL%20x%20ZB13X31E%209L%20x%20ZyQ%7CE91E%209%5EA%3Eortuo%204*7%3C%7BY%7D%20%3Ex436*%3C%20%203susLXsus3Z%20x%20LZ%3CXyQ%20%20vamp%20out%3E%20x%20%3C*634x%3E%20%7D%20%3DLatin-Brazil%3A%20Bossa%20Electric%3D200%3D1
ba1b0aa9-89d4-4ced-a9ec-6ff86f8d549a,irealb://My%20Sweet%201%3DCarmichael%20Hoagy%3D%3DGypsy%20Swing%3DD%3D%3D1r34LbKcu7%23FZL%206XyQKX6DZL%20lcKQyX7ALZ%20lcKQyX6GZL%20lcyQKclD44T%5ByX6-GKcl%20LKQyX6DZL%20lcKQy7XAZL%20lcKQyX7-EZcl%20LZQyX7-QKcl%20LZD6XyQKcl%20LZG-6XyQKcl%20LZD6XyQKcl%20%20%5D%20%3D%3D0%3D0
ba0c7be6-c03c-4c69-81c7-2282842c5638,irealb://Mighty%20Sword%3DMarsalis%20Branford%3D%3DMedium%20Up%20Swing%3DEb%3D%3D1r34LbKcu77bB%207Q%7CA-7X6bEZL7bB%207-F%7CyQX7G%7CQyX7-D%7CQyXyQ%7CF-yX%5EC%7BGZL7Db6LZxL7bD%206bAZL7bE%20-7bB%7CQyX6bE2N%5B%7D%20ZAh7%20E1NZL-7XyQ%7CF-7%20Bb7%20%7D%20%3D%3D0%3D0
bae90417-088b-4ce1-afeb-d8a3e3429652,irealb://Minor%20Swing%20%28dawg%20version%29%20%28long%20notes%29=Composer%20Unknown==Medium%20Swing=D%2D==1r34LbKcu7yX%2DD%7C%2DXyQ%7C%7CQyX7A%7CQyX7A%7CQXy%2DG%7CQyX%2DG%7CQyX%2DDD%2DXyQD44T%7BQyX7AXyQ%7CAE%7CQyX%2DG%7CQyX%2DG%7CyQX%2DD%7CQyX%2DD%7CQyX77XyQ%7C%2DG%7C%7DQX%7CQyXQ%7CD%2DXX%2DD%7CQyX7A%7CQyX7%7CAQyX%2DG%7CQyX%2DG%7CQyyQ%7CD%2DyX%2DD%7CXZLQyyQLZXXZLQyXZLQyXZLQXyZLQyXZLQyXZLQyyQLZXXZLQyXZLQyyQLZXXZLQyXZLQyXZLQXyZLQyXZLQyXZLQyyQLZXXZLQyyQLZXyQLZXyQLZXyQ%20Z=Jazz%2DLong%20Notes=80=1
ba57f134-b41a-48d7-bb9a-09e089b17a80,irealb://Moonlight%20Serenade%201%3DMiller-Parish%3D%3DBallad%3DEb%3D%3D1r34LbKcu7F%7CQyX4%3C*74%7CQyX%2C6bE%3E%29reka%20BtehC%28QyXQyXQyXGbo7%2C4TA*%7B%2C7bE%20Q%7CB9%2CQyX%2C5%237bEZL%2C6b%20E%2C7%5EbEZL%20%2C5%237bB%7CBb9%2CyX%2C7-A%2C7bB7%2C%20%20sFZL%2C7bG%20%2C7-FZL7%2CbG%20%2C7-Gl%7C%2C7-bA-7%2C%20s%5EbAZLE%20%2C7%5EN1G*m%7CQyXQyXQyXQyX%7Db7B%2C*7m*Fs%2C7C%2C*7N2lEb%7C%2C7-bZL%2C7C*BAb%5ECZL%2C9b7C%20%2C5%239bG7%7CQyX%2C7bD%7CQyX%2C77b9%2C%20%5B%5D%207b%5EbEA*%2CXyQ%7Cb7bB%20%2C7-FZL%2C9bC7%20%2C7hG%7CQyX%2C9b7D9%2C%20%5D%5B5b7-AbEZL%2C%7CGbo77%5EbEZL%2C5%237bB%20%2Cb7B%7CQyX%2C7-F%7CQyX%2C%2C%20Eb6QyX%2C7G%20%2C7-Q%7CBb9bG%20%2C7-Gl%7C%2C7-bA%20%20%2C7%5EbAsZL%2C7bE%20%2C7%2CLZFyX5%237b7%2CLZBb7%2C%20Bb7%235%2CLZEb%5E7XyQZ%20%3D%3D0%3D0
ba6b7ec6-07aa-4bcd-88da-6cbb2ecc2427,irealb://More%3DOliviero%2C%20Ortolani%2C%20Ciorciolini%3D%3DBolero%3DG%3D%3D1r34LbKcu7-A%7CQy4G%5E7XQyX7%5EG%7CQyX%2C7D%7CyQX7-A%7CQyX7-E%7CQy%7CE-7X4TA*%7B-E%7CQyN1D7X%5B%5D%209b7B%207h%23F2NQ%7CyXQyXQyXQyX%7DQy*BE-X%7CQyX7%7CQyX7XyQ%7CEX7A%7CQyXC/7-A%7CQXy%23C/6-E%7CQyXD/7-yQ%7CA-%23D/7%5E%7CQyX7%5D%5B*AGX7%5EG%7CQyX7D%7CQyX-7A%7CQyX7-E%7CQyX7%5EyQ%7CE-QyX7D6-E%7CQQ%7CF%23h-E%7CQyX%23D/7%5E-E%7CyQX-EC*%5B%5D%209b7B%2077/DXyyX7-A/C%23XyQ%7CA-7/CXyQ%7CA-7%20D7LZG6XyQ%7CA-7%20D7b9%2C%20%5D%20%3DLatin-Cuba:%20Bolero%3D90%3D2
badd7232-84a8-4258-917f-1002179587c6,irealb://Mr%2E%20Five%20By%20Five=Don%20Raye%2DGene%20DePaul==Medium%20Swing=F==1r34LbKcu7Fl%2C7E4F%20D%2DQyXFZL7C%207%2DGZL%2D7D%20FZL7C%207%2DGZL7%7CsEb%2C4TA%2A%7B%20lcKQ%2C%20C7L%2A%5B%5DQyXF2N%7CQyXQXyQyXQyX%7DQyXF1NZBA7Xy7%2DGZL%2DGZL7yQ%7CxX%2A%5BY%5DQyX7C%7CQyX7G%2DZL%20lcKQyX7G%7CQyAF%20D%2DX7DZLF%2CU%2CZZF%20D%2D7%2DGZLFl%2C7E%2CbEsQ%7CyXFZL7C%207%2DGZL7%2C%20C7LL7C%207XyQ%5D%20==170=0
bab9bd0a-9d1c-459a-96a9-c565c5ffc8c8,irealb://Mr.%20P.C.%3DMaltez%20S%C3%A9rgio%3D%3DMedium%20Swing%3DC%3D0%3D1r34LbKcu7CZLC%2FQ%7CC-X%7CQyX-F%7CQyX-F%7CQXy-CZLC%2FbB%20-C%7CQyC-%20BbyX-C%5B-XyQ%7CAb7XyQ%7CG7%2CXyQ%7CC-%20Bb%2FCLZC-XyQ%7C%20%3DJazz-Medium%20Swing%3D90%3D10
ba349cf6-9163-4fd4-a70b-11b470f62f79,irealb://Mutir%C3%A3o%20De%20Amor%3DArag%C3%A3o%20Jorge%3D%3DSamba%3DC%3D%3D1r34LbKcu77-E%7CZ4E-7%2F-DZL7AZLbB%2F7-ELZxZL7-DZL7AZLbB7LZxL2Ti*%5BQyXQyA7LZDDZLxZL7AZLxZL7D-ZLxZL7AZLxZL7--7%20%5BXZLbB%2FEZLxZ*AD-L7AZL-DZL7AZLbB7%2F-EZLxZLD%2FEZLxZLZD-L%5B%20QyXZLbB%2FLZA7L7bBZLA%2F-DZL7o%23ZGL-GZLxZL7DZLxZLZE-7xZLD%2F7AZLb-7%2FEbZL7bBZLA%2F-DZL7%23oGZL-GZLD%2F7oAZLE-7%2FBAZL7ALZDLZA7%20%5D%5B*BD%5E7LZxLZA-7LZD7LZG%5E7LZxLZG-6LZGo7%2FA%20%5D%20%3D%3D0%3D0
ba3a5cd1-e452-4bcb-becc-3c524a4ac51a,irealb://Not%20Tonight%3DMichael%20Brecker-Neil%20Jason%20(Brecker%20Brothers)%3D%3DFunk%20Jazz%3DD%3D2%3D1r34LbKcu7%2F2D%2C%5E44%3C*7LxZLxZLnl%2C%23F%2F2%2CD%5EGs%3E101%20mpb%20%204ZN1sGTi*%5BY%237bB%2C7%2Cp%7DN%2FA%2CDSA*%7BY%5D%2CsusA9%2C7-E%2C%23F%2F2D%2C%5EG2D%2CB-7-E%2C%23F9%237bBlA9su1A1N%7C%2C7bB%2C7-B%2C%2FDA%2CD%7C%2C9C%2C7-Gs%20s3sus%2C%7C%2C5%239%3E%2F%20Qy7%2CC9s%20%20QyX66*%3C2N42TQ%7CyXQyXQyXQyX%7Dsu%2FXyQX-B%2C5%23B%7C%2C5%23us%20Bb%2C7-B%2C5%239%237bB%2C7B-s44TB*%7B%5D%205%239%237Bb7%239s31AlA%2F2Fs13susXsus9ClC*%5BY%7D%20QXy%7CrQyX%7C5%239%237bB%2CyQ%7CppAn%2C7-%2Csus9%2C%7ClC9%5EF%20%2Csus9Dl%7C%2CC%2F%2CWA%2F2Fspp%7CQyXsus9%2CLZAbB%2FF%2CY%5D%2CsuC%2C%7ClD%20%2Csus9A%3EeniF%20l%20a.S.D%20%3CZL9%5EF%207-%20sC9s%2FWs%20%20B%2C7-BA%2FD%2CBD%7C%2C9C%2C7-Gs%20%2Csu9sAl%7C%2C5%239%237bB%2C7-%2CA%2FD%2C%2CDA*%7Bs31A21A13sQyXQyXQyX%7Dsus9%2CC7-B%2C5%239%237bB%2CsuXyQ%7CNN%7C%2C9bl%2C%23F%2F7%239%235s%3Eedulretni%2047%3C*%7BY%5D%2Csus9D%2C7-B%2CG%5E%2CD2bB%2CsuY%5D%2CsuZxLZN-E%2C%23F%2F2D%2C%5EG2N%7D%2Cp7-E%2C%23F%2F2D%2C%5EGs17%2CA9sLxZLnsus9C74%20%20s%7CrQyX%7CQyX7-D%7CQXysus9Cl%3Eolos%20xaXyQLZ*%3CD*%5B%20%3Aghc-7%20G7%2047*%3CA*%7BY%5D%2CsusB9sppp%7CQyX9%5EbAZL%20key%20D%7CQyX%2CE%2FB%2Cp%E2%86%91%3EE%2C%2C7-As%20%2Csus9Bl%7C5%2C%239%237C%2C7-%23C%2CE%2FBD9%2C%7CEets%201%3Ex436C9%2C%7C%3C%23C%2C5%239%237C%2Csus3B1%3Etuo%20pmav%20%20QyX-7%2C%3C*%2C7-%23CD9sus%7D%20%3DPop-Glam%20Funk%3D101%3D1
ba5bbe1f-4604-4652-b71d-273489f5725f,irealb://O%20Nome%20da%20Cidade%3DVeloso%20Caetano%3D%3DBossa%20Nova%3DA%3D%3D1r34LbKcu7%23F%207--7XyQX7%5EAZL9E%20sus9EQ%7CyX9-B%7CQyX7-%23C%7CyQ%7CC%23A44T%7BG%7CQyX9XyQ%7C31b7%23F%205b7-%23C%7CyQX7-EZL9E%20sus9ELZB-9-BZL713XyQ%7D%20%3D%3D0%3D0
ba4a9fb9-b661-45bf-b7cb-bc6ad44bf1a8,irealb://Quero%20Ficar%20Com%20Vo%C3%A7e%3DVeloso%20Caetano%3D%3DBossa%20Nova%3DBb%3D%3D1r34LbKcu7E%7CQyX4Bb%5E7yX7-G%7CQyX9C%7CQy7X-G%7CQyX7%5EbE%7CQyXQ%7CD-74TA*%7BQyX7%5EQKcl%2031bA%7CQyXbB%7CQyX%23oC%7CQyX7-CB*%5BY%7D%20XyQ%7CGyX7%5Eb1b7D%20XyQ%7CAyX31bA%7CQyX7%5EbEQ%7CyX9b7D%7CQyX5b7-Q%7CD1331bB%7C3LZG9sus%20G7b9LZC13%20C7b13LZF9sus%20F7LZBb%5E7XyQZ%20%3D%3D0%3D0
baffb390-17a1-43c4-a1cc-daba086b0d6e,irealb://Sweet%20Substitute%3DFats%20Waller%20%281938%29%3D%3DMedium%20Swing%3DAb%3D%3D1r34LbKcu7V47*%3C*74InXbAZL7bE%207bBZLF7%20bAZLoD%20bD%3EortyQ%5DY%5B%3C44T%5BQyX7bE7%20Eb%20bAZL7bE%207EZLQXy%7CrQyX%7CQyXbAZL7F7LZB%3Eesre%20bDZLyQ%5DY%7BF%7CQyX7C%7CQyX7G%7CyQXbA%3EsurohC47*%3C-%20Ab7X7bE%7CQyX7Gb%20F7LAZL%297bE%28%20%20%297bB7%28bE%7CQyX%29bE%287bBZbXyQ%7CAZLoDXQyX%7DQ%7CF-%20ZL7bE%207bB1NZL7%20FbAZLoD%20bDZL7bAAbXyQyX7C%7C%7DQyXbN2%3C*6E%207bBZL7F%20bAZLb7E%207bB%3EgaT%20QyX6b7LZAZL%20Qy%7C%20%3D%3D0%3D0
ba37105c-b254-4397-8c04-85369223c738,irealb://Old%20Joe%20Clark%20%28A%29%3DTraditional%3D%3DBluegrass%3DA%3D%3D1r34LbKcu7QyXAZ4AXyQpZL%20lcKQyXA%7CQy%29XG%28EZL%20x%20ZL%20lcK%2Cp%2CEL4TA*%5B%5D%5BAXyQKcl%20LZ%20x%20LZE%28G%29XyQ%7CAXyQKcl%20LZp%2Cp%2CELZAXyQ%5D%20%3DPop-Bluegrass%3D220%3D3
ba2dcd35-0c46-47eb-867d-6e2958dc7f44,irealb://On%20The%20Sunny%20Side%20Of%20The%20Street%3DMcHugh%20Jimmy%3D%3DMedium%20Swing%3DC%3D%3D1r34LbKcu7yX7D%7C4C6XyAZL%23G%2F9b7E%20G%2F6%7CCQyX7%5EF%7CQyX7E%7CQ-7XyQ4T%7BA*6CZL7-7%20G72NZL%20QyXQyX%7Dl%2CG7%2C7-D%2C7A%2C7-EsZLD-7%20GD1N%7CQyX7-DB%5BG-7D%7CQyX7-AZL%20lcKyQX7%5EF%7CQyX7C%7CQyX7XyQ%7C*%5DQyXQyX7-yQ%5D*A%2F9b7E%20G%2F6C%7CQyX%5E7F%7CQyX7E%7CQyX6C%5BG%23LZAX7G%7CQ%7CD7XyQ%7CD-7%20G7LZC6%20G7%20Z%3D%3D0%3D0
ba219edf-5b0c-4e1c-ae0a-9f6005361226,irealb://Purifica%20Me%20(Ensina%20Me)%3DWitt%20Marcos%3D%3DBallad%3DA%3D9%3D1r34LbKcu7D%20%5EAZ%20LZF%23usEZL%207-BZL7E%20ussEZL%207-BZL%20%2C7-s%20E7L%5EAA*%5B-BZL%20F%23-7%20L%2C7-%23FZL%207%5E-%23FQ%7CyX7-%23FB*%5D%20susEZF%23-6ZLA%2F%5E%23CZL%20C%23LZDL%5ED%20%23C%2FAC*%7B%20%207ZEL%20susEZL%23D%2FB%20%5EZEsus%2F%5EA%2077E%20suF%23-7%20%7DQyXsusE1NZL%20%5EZDL%20%23C%2FAZL%207-BZL%7CN2EsZL%207-LZA%5E%20LZxXyQ%5D%20%3DJazz-Medium%20Swing%3D100%3D3
baa3dfc1-f11d-4556-a6bd-74b127b72daf,irealb://Re%3A%20Person%20I%20Knew%3DEvans%20Bill%3D%3DMedium%20Up%20Swing%3DC%3D0%3D1r34LbKcu7%2FbB%7CQ44%3C*7bB%7CQyXC%2F5%237E%7CQXy96C%3E061%20mpb%20%204%2B%2FCXyTA*%5BYF%7CQyXF-9%2FCQyXC%2F7%5E-FZL%20lcQKyX9-CZL%20lcKQyX%7CC-%5E9%7CQyXCDZLQ%20yQ%7CBbF%7CQyXC%2F%5EbB%7CQyX%2FC7%5E-F%7CQyXC%2F5%237%5E-9%2FC%20XC%2F7-b%5E7%2311XyQ%5DYYXyQXyQXyQXyQ%7CQDb%5E7%2311%20fU%20%20Z%20%3DJazz-Medium%20Up%20Swing%3D160%3D8
badf49e5-bd3a-475c-91da-7c14009ceeb3,"irealb://S%27posin%27%20(Seger%20Ellis)=Paul%20Denniker%20(Seger%20Ellis%20w%2F%20Louis%20Armstrong%20-%201929)==Medium%20Swing=E=4=1r34LbKcu7%7C,7oA44%3C*7%7C,7E%3E)yleerf(%3C-,%23Cs%3E611%20mpb%20%204Bbo7,Ti*[YGfp,B7,%7CC%23B%2F-%23G%7C,A%2F-%23F,%23%2FGE,-%23F,E%7C,9%23F,-,F%23-%2F%23G,%23G7B,-%23]Y[*vG,EsZL7AZL6El%7C3,1B,-%23F%7C,-%23G,Es%23-,%7CF,B%2F-%23ZLB%2F7ZC%237bxZL9%23FZL9DZL-%23ZFL9b7%23CZL-%23FZL9LZF%23-LEl%7C,-%23G%20,[*A%3C*%2F-%23F,%23G%2FE,-%23F,sE%3E)opmet%20a(%20%2047A,%7ClEY]%207B%7CQyX-XyQ%7CBoG%20,El%7C,A%2F-%23F,G%23%2FE,-%23F,Es%7CQyX77LZF%23-%23FZLFZL%20l]Y[*B-%23CZL-%23G%20El%7C,A-%2F%23F,%23G%2FE,-%23F,EsXyQKcQyX7B,El%7C,Kcl%20L,%23G%2FE,-%23F,EsA*Y[]%20%20x%20ZL7B%20-%23FZF%23-%2FAQyX7%23QyX6AZF%23-XEl%7C,A%2F-%23F,%23G%2FE-,%23F,Es%7CQyX7B%7CQy7XyQ%7CL-%23G%20F,EsZ7%20]Y[-%23C%7CQyX7%23GZL7oF%23%207oGZL7E%20-%23CC*%20F%239L%23Gpp%7CYY]QyG%23,F%23nl,E%7C,B%2F-%23GQp,%2FB-%23F,B%2F-%23G%7C,A%2F-%20LZnX%2FE,-%23XyQXyQ%20LZQE%20sF%23-%2FB,G%23-%2FB,%7CfUlEXyQZ%20=Jazz-Medium%20Swing=116=2"
ba2dca03-a65a-49bc-8913-baf260cbb4fb,irealb://Se%20Todos%20Fossem%20Iguais%20A%20Voc%C3%AA%3DCosta%20Gal%3D%3DBossa%20Nova%3DE%3D%3D1r34LbKcu731%28%20%204E%5E7X%7DQyXC/6-A%7CQyX%23/C7%5EA%7CQyXD/7E%7CQy%7C%3C*064Ti*%7BX9AZL%20%3C*06%3E%2931b%28%2060*%3C%20su%23sCZL7%23G%3E%2931b%28%20%20C%237b97%23G%3E%29x%7CQyX06%20%289L7%23F%205b7-%23C%7CQy7X%5EG%7CQyX7D%3E%2931%28%29ZEsus*%3C%7CQy%3C%207-E*AA%5E7%2060*%3C%7CQyX7-%23FZ7L%23C%205b7-%23GZL6A%20%2813%29%3E%7C%5DQyXZL6-B13%29%3EAL7%5E-B%20-BZL7%23F%20b57-%23C%7CQyX7%5EDZL7ZB-7%20%28%2060*%23F%207-%2813%29%3EX7%5EA%3E%20%3C%7CQyX7E%3E3%291b%28%2060*%3C%7CQyX7EyQ%7CF%23%2060*%3C7-%23CZD%23*b9%2931b%28%2060*%3C%20%2C7%23%3EG%2931%28%2060*%3C%7CQyX*%3EG%237LZLE/-ZL7A%205LZB-yX7-%23FZL7%23C%205b-7%23G%7CQyX9AZL7E%207Q%7CE-7b7%23F%20%23C/A%7CQ%7CC%23oD%7CQyX5b7-%23DB*%7BQ%5DyXx%7CQyX9%5ED%7CQyX-6XyQyX7%5EDyX7%5EF7/CXyyXx%7CQyXsusA1N%7CyQXsusE%7CQyX7-B%7CQQ%7D%7BN2F%7CQyXQ%7CD-6XyQ%7D%7CA%5E7XyQ%7CxXyQZ%20%3DJazz-Bossa%20Nova%3D140%3D3
ba744d93-d2e5-41f5-a220-31874c72bfa1,irealb://Send%20In%20The%20Clowns%3DSondheim%20Stephen%3D%3DPop%3DEb%3D%3D1r34LbKcu7/bAs%204Eb%20%20%7B%20%20QyXQyXl%7DbE/Abs%20%20bEl%7C%2CbE/bAs*AEb%204Ti*%7BEl%7C%2CbEb%20%20s%20%20bE/bB%7C%7CQyX7%5EAb%7CQyXbEl%7C%2CbE/bAsAb/El%7C%2CbEB/G%7C%2CXyQXy-C%7CQyX-G%7C%2C-D%20%20G-%7C%2C-D%20%20-GB*%5B%20%20Q%20%20G/B%7DQyXbXQyX%7D%2CC/AbB%7B%2CbA%20%20bB/susG%7Cl%2ChbAs%20%20susGZL%2Cb%20%20AbA/C%2CbyQXyQXyQXyQ%20*i%20*A%20*A%20*B%20*A%20*B%20*A%20%3DPop-Rock%3D115%3D1
babfaec4-f23b-4a6d-a02a-d106f15d1be9,irealb://Shadow%20Of%20Your%20Smile%2C%20The%3DMandel%20Johnny%3D%3DBallad%20Even%3DF%3D5%3D1r34LbKcu7yX7-E44%3C*7%20QyXQyX%5D%20%20lcKQXy11-D%3E08%20mpb%20%204%20Y%5B*ATi*%5BY%7CQyX9A7b9L%239b7C%209C%7CQyX9-%7CGQyX31G%7CQyX9-DZ5LZF%5E%207A%7CQ%7CQyXCBb%5E13dda-D%20-DZL9b7A1%201%239b7A%7CQyXhEZL9LZW%2F%209%5EbB1A%7CQy%7CE13b*%5BY%5D%20F%2F-D%2031A%7CyQX7-EZL5%239b7E%209BE-7XQyXhB%239b7C9%235LZb31Csp%2C9C%7CQyX7G-%7CQyX31G%7CQyX9-D9%2FBb%2Cb7A%203ZL11%23%7ClAhX-AZL9bE%207-bB%7CQXy7-G%7CQyX9b7D%7CQy7%20Eb9%2CbB%2F5%20%20lcKs%20D7bFZL%2C9b7C%20sus9CLZQ%2C11%239bD%209GZL969XyQus31D%2FW%20%2C724C9s9b7C%20%3E.tirQyX%3CC%2C%2F7-bB44T%7CQyXsu%2CLZF-TQ%7CY%5DEb%2CLZDb%5E9%2C%20C9sus%2Cf%20%5D%5BUfGadd9%2FFXyQZ%20%3DJazz-Ballad%20Even%3D80%3D2
bac23015-253c-42b8-ad64-e9dd3779fda2,irealb://Op%20Shop%20Rag%3DMacmillan%20Gus%3D%3DBluegrass%3DC%3D%3D1r34LbKcu7QyXx%7C4%3C*57QyXC%7CQyXx%7CQyXxQ%7CyXx%7CQyXC%3EladeP%7CxXyQ4TA*%7BNZLG1%5D%5B*BCC%7CQyXG%7CQyXG%7CQyDX%7CQyXD%7CQyXx%7CQyXXyQ%7CNQyXG%7CyXF%7CQ*CFXyyXC%7CQyXF%7CQyXF%7CyQXC%7CQyXC%7CQyXF%7CQQ%7CCXy%5B%7D%20C2%7CQyXFQ%7CCXyD*%7B%5DQyXG%7CQyXG%7CyQXx%7CQyXD%7CQyXA%7CQCXyQ%7CyXF%7CQDXyQ%7CN1GLZN2C%20%7D%20%3D%3D0%3D0
ba6df86e-b2dd-49c4-b643-aafc9c0e2f7f,irealb://Take%20Five%3DDesmond%20Paul%3D%3DMedium%20Up%20Swing%3DEb-%3D%3D1r34LbKcu7L%20x%20Z4Eb-%20L7-bB%20-bEZL%20x%20LZ%20x%20ZL%20x%20ZL7-bBZ%20x%20L5TA*%5BB%7CQyX%5DY%5B*BL7bD%207-bAZL7-b%20E7-bBZL6-bA%207%5EBZGb%5E7%20%20x%20ZB%20-bE-6LZB%209b7bB%207hFZL7b%20D7-bAZL7-bE%207-b%5DY%5B*AbA%207%5Eb-7LZ%20x%20LZ%20x%20LZ%20x%20LZEb-%20Bb-7LZ%20x%20LZ%20x%20LZ%20x%20%20Z%20%3DJazz-Medium%20Up%20Swing%3D160%3D3
ba843469-9420-42c2-aea4-3a73677deb99,irealb://They%20Will%20Know%20We%20Are%20Christians%20By%20Our%20Love=Scholtes%20Peter==Contemporary%20Christian=F%2D==1r34LbKcu7lcKQy4F%2DXy%20lcKQyX%2DbBZL%20lKcQyX%2DFZL%2DC%20%2DF%7CQLZF%2DX4TA%2A%7ByX%2DbB%2DXyQKFZL%2DC%20%2DF%7CQyXbDLZ%20lcKQyX%2DFZL%20lc%2DXyQ%7CbBZL%20Q%7CF%2D%2FAbXyQ%7CBb%2D%20C%2DLZF%2DXyQKcl%20%20%7D%20=Jazz%2DBallad%20Even=108=0
baac114e-b324-4ac7-8cc2-c32a33391d5c,irealb://Harm%20M.%20Modes5.4%3DComposer%20Unknown%3D%3DMedium%20Swing%3DC%3D10%3D1r34LbKcu7%7CQyXA-7b5X%7CQyXA/9-bE%7CQyX%5E9-bB%7CQyX9b7F%7CQyF%23%5E7/C45T%5B%7CQyX95/EbXyX9b7%23F%7CQyX5b7%23-C%7CQyXbB/7oA%7CQyQ%7CB-%5E%237%5EbD%7CQyX5bXyQ%7CQyXB/7o%23A%7CQyXE5/%237%5ED%7CQyXbB/7%5EG%7CD-7bB/9-E7oB%7CQyQ%7CC-%237%5EbE%7CQyXB/7%5Eb%7CAQyXB/9-F%7CQyX9%5E5/FXyX9b7GXC/7%5E%7CD%23-7C/9-%23F%7CQyX9%5E-%23%7CCQyX9b7%23G%7CQyX5bXyQ%7CAQyXC/%7CQyX97%235/FyX9b7A%7CQyX5b7-%7CEQyX%23C/7oC%7CQyX%23Q%7CD-%5E%5EE%7CQyQyX5b%23XyQ%7CyXD/7o%23C%7CQyXG/%2357%5EF%7CQyX%23C/7%5EbBQ%7CF-7C/9-GQyXbA9XyQ%7CbG%7CQyXD/7%5EB%7CQyDX/9-bA%7CQyX9%5E-bE%5E7%235/b7bB%7C%7CDo7/EbXyQ%5D%20%3DJazz-Medium%20Swing%3D100%3D10
ba5e306b-6d6d-4e05-b37f-66a415fe9015,irealb://Westphalia%20Waltz%20with%20%20Swing%20%20Chords%3DCollins%20Cotton%3D%3DWaltz%3DG%3D7%3D1r34LbKcu77-AZL4G%5ELZZL7DZL7-AZLo%23GLZ6GZL6GZL%5EGZL6GA-7%2FA3TA*%7BD2NZLA-7%2FGyX%7D%207DZL6GZL%2BDLZ9D1NZLbG%2F7-AZLQXyQ%20ZLbA%2FL7-AZLZG6LLB%2FGZLB%2FGZL6GZ7L-BZL6GB*%7B%5D%206GZZBboL7DZL7DZL6GA-7%2FAL7D1NZLbG%2F7-AZGL%2F7-AZLbA%2F7-AZLZD%2BLZZL7DZ7%20%7DXyQXyQ%20LZD7LZC-6LZG6LZG6%20%5D%20%3DJazz-Medium%20Swing%3D100%3D3
ba7bb5f2-820e-4a5a-a2da-4bcc219bd557,irealb://Write%20This%20Down%3DStrait%20George%3D%3DMedium%20Country%3DA%3D%3D1r34LbKcu7X%5D%20E%3E54Rif6*%3C%7CZLAZLxZLEZxLZLBZLxZLAZL%20%3Ef3Hold*%3Ci*%5BxZLBZXyQXyZLEZLAZLxZLEZLZxLBZLxZLAv*%7B%20%20QALZxLQyXQyBZLxZELZA%2CZLAZLEZLDZLxZLZBLxZLAC*%5B%5D%20A%7C%2CDELZALZLDZLZLAZLD%2CLZELxZLBZLxZLA%3Effri%20ortnI45*%3C1NZLZELZxZLxZLC*%5B%7CBALZx%20%7C%2CD%2CEZLxZLDZLxLZ%2CEZLxZL-%23CB*%7C%5DsC%23-%2C2N%7D%20E%20A%7C%2CDZBLZxZL%2CDZLxZLBZLxZALZLEZLAZLEZLDZLELZA%2CLxZLAloH666OutrD%2CAZLxZLE%3Esrab%202dloH66*%3CZL%2CB%3Eo%2C%7CU%3C*6*%3C%7C%5Dd%3EA%20Z%7C%20%3DPop-Country%3D127%3D3
baf67790-6842-40af-a812-7d8927cb1a02,irealb://Return%20of%20the%20Grievous%20Angel%3DParsons%20Gram%3D%3DCountry%3DBb%3D%3D1r34LbKcu7p%2CbB%7C4sBb%2CC%7C%2CbB%2CbEp%2CbB%7Cpb%2CB%2CF%2CbB%7C%2CbB%2CbEp%2CpF%2Cp4TA*%5BFp%2CbE%7CEb%2CpbB%7Cp%2CFp%2CbE%7Cpppb%2CE%7Cp%2C7bBp%2CbB%7Cpp%2Cppp%7Cp%2C7bBmit%20t%2Cppp%7Ctaeper%20B%3C%7Cp%2C-G-%2CD%2CbB%7Cp%2CFp%2CbEB*s%20lasbB%7Cp%2C%2C-G%7Cpy%3EEb%2C%7C%2CF%2CbEp%2C-DC*S%7CUp%297F%28pp%2CbB%7Cp%2CFpBb%2Cpplno%20e42T%7CpBb%2Cpp%2CbE%7Cp%2CFp%2CbE%7Cp%2CBb%2CF%2CbE%7Cppp%2C-D%7CpF%2CBb%2C%7Cp%2CFp%20%20QyXo%20D%202XQyX%5Dp%3E%29olos%20rtaiug%20%2B%20esrev%28%20xyQXyQT%3C%2CbB%7Cp%2CbB4%3C2nd%7C%2CbB%2CbEp%2CbBs%3Eools%20ratiug%20emit%20Bb%2CF%2C4TD*%7B%20.C.Db%2CBb%2CFp%2CbB%7Cppp%2CbE%7Cp7%2CbBp%2CbB%7Cp%2CFp%2CC%7C7%2Cp%7C%3CEp%2CbBal%202nd%20End.%3EBb%2Cppp%7D%20%3DPop-Country%3D100%3D3
baf6477e-9c1e-4364-b694-45d58066c39a,irealb://You%20Don't%20Know%20What%20Love%20Is%20(George%20Benson)%3DRaye-DePaul%20%3D%3DBallad%3DG%23-%3D11%3D1r34LbKcu7%2F7F%2C744%3C*71%239%23C%2C7-%23Gs%3E)yelerf(%2006%20mpb%20%2041%2CF%23-Ti*%5BYdda-%23%5E%20fD%23eerf(%20%2027*%3CA*%7B%20Y%20QyXQyX%5D%205%239%237ly)%3EGEl%7C%2CB%239%237%23%3C*74s%3E)leef%20emit%20lb(d%20%5DA%5B%20revo%20soloE69%20D%7CQyX91G%2C-%23-add9%239%237%23D%20h%23A%7CQyX11%237%5EEZL5%239%237%23D%205LZsG%23GZL5%2096E211%2CF7yXQyX%7D%209b7%23D%20hA%23%7CQyX96El1N%7C%2CB%2FQ%20LZN-%23F%2C3%20ni%20sD%237%239*%3CB*%5BY%5D%2C5%239%237%23sG%20%209dda-%23Gl%7C%2C5%2374%20%20b%2Ch%23As31%23F%20mpo)%3EZL11%239b7%23G%209%5EBLZ11%2331%23F%2011-%23ClC%23-11et%20a(%20%209b7ZB%5E9XX11%2331E%7CQyX9%5EbZEL9b31bB%207-F%7CQyyQ%7CD%23L%2C11%235%239%237%5DY%5B*Ada-%23GZL5%239%237%23D3%201E%7CQyX9dda-%23Gld9%20D%23%2CA%2FWs%2096El11XyQF%2C11-%23F%2C31G%2C-%23sGZL5%239%237%23D%20h%23A%7C7%2FB%2C%7C%239EZL9%23C%3E)%235%2CQLf(27*%3C%2C9dda-%23G%5BQYY%5D%2C31As%20%20-%23GZreely9%237%23D%2311%2CF%23-7%2CF7%2FB%2C%7ClE%5E13%20fD%237%239%235LZfUC%2313%2311XyQZ%20%3DJazz-Ballad%20Double%20Time%20Feel%3D60%3D2
ba895b17-66cd-48c2-8a0a-277a78e1d2d8,irealbook://Dizzy%20Substitution%20Cadence%20x%208%20-%20Cherokees%3DLego%20Cadences%3DMedium%20Swing%3DC%3Dn%3D%7BD-7%20%20%20%7CDb7%28Ab-7%29%20%20%28Db7%29%20%7CC%5E%20%20%20%7C%20x%20%3C8x%3E%20%7D%7BEb-7%20%20%20%7CD7%28A-7%29%20%20%28D7%29%20%7CDb%5E%20%20%20%7C%20x%20%3C8x%3E%20%7D%7BE-7%20%20%20%7CEb7%28Bb-7%29%20%20%28Eb7%29%20%7CD%5E%20%20%20%7C%20x%20%3C8x%3E%20%7D%7BF-7%20%20%20%7CE7%28B-7%29%20%20%28E7%29%20%7CEb%5E%20%20%20%7C%20x%20%3C8x%3E%20%7D%7BGb-7%20%20%20%7CF7%28C-7%29%20%20%28F7%29%20%7CE%5E%20%20%20%7C%20x%20%3C8x%3E%20%7D%7BG-7%20%20%20%7CGb7%28Db-7%29%20%20%28Gb7%29%20%7CF%5E%20%20%20%7C%20x%20%3C8x%3E%20%7D%7BAb-7%20%20%20%7CG7%28D-7%29%20%20%28G7%29%20%7CGb%5E%20%20%20%7C%20x%20%3C8x%3E%20%7D%7BA-7%20%20%20%7CAb7%28Eb-7%29%20%20%28Ab7%29%20%7CG%5E%20%20%20%7C%20x%20%3C8x%3E%20%7D%7BBb-7%20%20%20%7CA7%28E-7%29%20%20%28A7%29%20%7CAb%5E%20%20%20%7C%20x%20%3C8x%3E%20%7D%7BB-7%20%20%20%7CBb7%28F-7%29%20%20%28Bb7%29%20%7CA%5E%20%20%20%7C%20x%20%3C8x%3E%20%7D%7BC-7%20%20%20%7CB7%28F%23-7%29%20%20%28B7%29%20%7CBb%5E%20%20%20%7C%20x%20%3C8x%3E%20%7D%7BDb-7%20%20%20%7CC7%28G-7%29%20%20%28C7%29%20%7CB%5E%20%20%20%7C%20x%20%3C8x%3E%20%7D
ba98c263-10d4-40eb-bddb-3304bcf41d97,irealbook://Nowhere%20Cadence%20x%208%20-%20Backsliders%3DLego%20Cadences%3DMedium%20Swing%3DC%3Dn%3D%7BAb7%20%20%20%7CG7%20%20%20%7CC%5E%20%20%20%7C%20x%20%3C8x%3E%20%7D%7BA7%20%20%20%7CAb7%20%20%20%7CDb%5E%20%20%20%7C%20x%20%3C8x%3E%20%7D%7BBb7%20%20%20%7CA7%20%20%20%7CD%5E%20%20%20%7C%20x%20%3C8x%3E%20%7D%7BB7%20%20%20%7CBb7%20%20%20%7CEb%5E%20%20%20%7C%20x%20%3C8x%3E%20%7D%7BC7%20%20%20%7CB7%20%20%20%7CE%5E%20%20%20%7C%20x%20%3C8x%3E%20%7D%7BC%237%20%20%20%7CC7%20%20%20%7CF%5E%20%20%20%7C%20x%20%3C8x%3E%20%7D%7BD7%20%20%20%7CDb7%20%20%20%7CGb%5E%20%20%20%7C%20x%20%3C8x%3E%20%7D%7BEb7%20%20%20%7CD7%20%20%20%7CG%5E%20%20%20%7C%20x%20%3C8x%3E%20%7D%7BE7%20%20%20%7CEb7%20%20%20%7CAb%5E%20%20%20%7C%20x%20%3C8x%3E%20%7D%7BF7%20%20%20%7CE7%20%20%20%7CA%5E%20%20%20%7C%20x%20%3C8x%3E%20%7D%7BF%237%20%20%20%7CF7%20%20%20%7CBb%5E%20%20%20%7C%20x%20%3C8x%3E%20%7D%7BG7%20%20%20%7CGb7%20%20%20%7CB%5E%20%20%20%7C%20x%20%3C8x%3E%20%7D
ba28831c-677e-49f0-aeb6-4eb381c2670e,irealbook://Twopenny%20Ending%20x%208%20-%20%20Cherokees%3DLego%20Metabricks%3DMedium%20Swing%3DC%3Dn%3D%7BsD-7%20%7CF-7%2CBb7%2C%7CC%5E7%20%7CA7%20%7CD-7%20%7CG7%2C%20%7CC%5E7%20%7Cx%3C8x%3E%20%7D%7BEb-7%20%7CGb-7%2CB7%2C%7CDb%5E7%20%7CBb7%20%7CEb-7%20%7CAb7%2C%20%7CDb%5E7%2C%20%7Cx%3C8x%3E%20%7D%7BE-7%20%7CG-7%2CC7%2C%7CD%5E7%20%7CB7%20%7CE-7%20%7CA7%2C%20%7CD%5E7%2C%20%7Cx%3C8x%3E%20%7D%7BF-7%20%7CAb-7%2CDb7%2C%7CEb%5E7%20%7CC7%20%7CF-7%20%7CBb7%2C%20%7CEb%5E7%2C%20%7Cx%3C8x%3E%20%7D%7BF%23-7%20%7CA-7%2CD7%2C%7CE%5E7%20%7CC%237%20%7CF%23-7%20%7CB7%2C%20%7CE%5E7%2C%20%7Cx%3C8x%3E%20%7D%7BG-7%20%7CBb-7%2CEb7%2C%7CF%5E7%20%7CD7%20%7CG-7%20%7CC7%2C%20%7CF%5E7%2C%20%7Cx%3C8x%3E%20%7D%7BAb-7%20%7CB-7%2CE7%2C%7CGb%5E7%20%7CEb7%20%7CAb-7%20%7CDb7%2C%20%7CGb%5E7%2C%20%7Cx%3C8x%3E%20%7D%7BA-7%20%7CC-7%2CF7%2C%7CG%5E7%20%7CE7%20%7CA-7%20%7CD7%2C%20%7CG%5E7%2C%20%7Cx%3C8x%3E%20%7D%7BBb-7%20%7CDb-7%2CGb7%2C%7CAb%5E7%20%7CF7%20%7CBb-7%20%7CEb7%2C%20%7CAb%5E7%2C%20%7Cx%3C8x%3E%20%7D%7BB-7%20%7CD-7%2CG7%2C%7CA%5E7%20%7CF%237%20%7CB-7%20%7CE7%2C%20%7CA%5E7%2C%20%7Cx%3C8x%3E%20%7D%7BC-7%20%7CEb-7%2CAb7%2C%7CBb%5E7%20%7CG7%20%7CC-7%20%7CF7%2C%20%7CBb%5E7%2C%20%7Cx%3C8x%3E%20%7D%7BC%23-7%20%7CE-7%2CA7%2C%7CB%5E7%20%7CG%237%20%7CC%23-7%20%7CF%237%2C%20%7CB%5E7%2C%20%7Cx%3C8x%3E%20%7D
babea16d-9bd6-4682-9a23-6e0a18ee0df4,irealbook://Rotterdam%3DSouth%20Beautiful%3DPop%3DC%3Dn%3D%7B*iT68C%20%20%20%7CF%20%20%20%7CC%20%20%20%7CF%20%20%20%7CC%20%20%20%7CF%20%20%20%7CC%20%20%20%7CF%20%20%20%7D%7B*AC%20%20%20%7CF%20%20%20%7CC%20%20%20%7CF%20%20%20%7CC%20%20%20%7CF%20%20%20%7CC%20%20%20%7CF%20%20%20%7D%5B*BG%20%20%20%7CG%20%20%20%7CG%20%20%20%7CA-%20%20%20%7CG%20%20%20%7CG%20%20%20%7CC%20%20%20%7CE7%20%20%20%7CE7%20%20%20%7CE7%20%20%20%7CE7%20%20%20%5D%20%20%20%20%5B*CA-%20%20%20%7CC%20%20%20%7CA-%20%20%20%7CC%20%20%20%7CA-%20%20%20%7CC%20%20%20%7CD7%20%20%20%7CG7%20%20%20%7C%3C01%20Strings....%20really%20high%20riff%20starting%20on%20G%2C%20ends%20on%20A%3EG7%20%20%20%7CG7%20%20%20%7CG7%20%20%20%5D%20%20%20%20%20%20%20%20%20%20%20%20%20%20%20%20%20%20%20%20%20%20*i%20*A%20*B%20*C%20*i%20*A%20*B%20*C%20*A%20*B%20*C%20*A
ba55e7d5-d480-45d0-a5f3-a39d755c0814,irealbook://Boogie%20Nights%3DHeatwave%3DFunk%3DE-%3Dn%3DY%7B*AT44%3CHarp%20Intro%20Rise%20up%20and%20down%20with%20pitch%20bend%3EE-7%20%20%20%7CE-7%20%20%20%7CE-7%20%20%20%7CE-7%20%20%20%7D%20%20%20%20%20%20%20%20%20%20%20%20%20%20%20%20%5B*BA-7%20%20%20%7CG%20%20%20%7CF%23-7%20%20%20%7CB7sus%20%20%20%7CE-7%20%20%20%7CE-7%20%20%20%7CE-7%20%20%20%7CE-7%20%20%20%5D%3C*36Jupiter%20solo%20starts%20on%20B%3E%20%20%20%20%20%20%20%20%20%20%20%20%20%20%20%20%7B*CA-%2CB-%2CE-7%20%7C%20%20%20%20%7CA-%2CB-%2CE-7%20%7C%20%20%20%20%7D%3C115%20Harp%3E%20%20%20%20%20%20%20%20%20%20%20%20%20%20%20%20%3C15%20Wah%20E.Piano%2C%2013%20Jupiter%20Synth%20for%20solo%20%28B%29%3E
ba002ca2-c2d1-4386-ae3f-346526673bf1,irealbook://6%20extended%20chords%20and%20resolutions%3Dlanphier%20%3DMedium%20Swing%3DC%3Dn%3D%7BT44C7%239%235%20%20%20%7C%20x%20%20%7CF-7%2C%20%20%20%7C%20x%20%20%7D%7BC7%239%235%20%20%20%7C%20x%20%20%7CB7%20%20%20%7C%20x%20%20%7D%7BC7%2311%20%20%20%7C%20x%20%20%7CB7%20%20%20%7C%20x%20%20%7D%7BC7%2311%20%20%20%7C%20x%20%20%7CB%5E7%20%20%20%7C%20x%20%20%7D%7BC7b9%20%20%20%7C%20x%20%20%7CF-7%20%20%20%7C%20x%20%20%7D%7BC%5E7%235%20%20%20%7C%20x%20%20%7CC%5E7%20%20%20%7C%20x%20%20%7D%7BC-%5E7%20%20%20%7C%20x%20%20%7CC-7%2C%20%20%20%7C%20x%20%20%7D%7BC7%235%20%20%20%7C%20x%20%20%7CF-7%20%20%20%7C%20x%20%20%7D%7BC7b9%20%20%20%7C%20x%20%20%7C%20x%20%20%7C%20x%20%20%7CF7%2311%20%20%20%7C%20x%20%20%7CC7b9%20%20%20%7C%20x%20%20%7CG7%239%235%20%20%20%7C%20x%20%20%7C%20x%20%20%7CDb7%2311%20%20U%20%7D%20
ba857dc8-54dd-4733-a3d0-8a2115990aa3,irealbook://After%20The%20Love%20Has%20Gone%3DEarth%2C%20Wind%20And%20Fire%3DEven%208th's%3DF%3Dn%3D%5BST44sF%20Bb*m*/F%20%7CF%20Bb%20%7CD*m7*%20Bb%5E7%20%7CEb7%20C7%20%7CF7%20Bb*m*/F%20%7CF%20F/A%20%7CD*m7*%20Bb%20%7CG*m7*/C%20C7%20%7CBb%20F/A%2CD*m7*%2C%7CG*m7*%20F%2CB7%2C%7CQE*maj7*%20B/D%23%2CG%23*m7*%2C%7CT24C%23*m7*%2C%7CT44B%5E7%20%20%7CC*m7*%20F*m7*%20%7CBb*m7*%20Bb*m7*/Eb%20%7CAb*m7*%20Ab*m7*/Db%20%7CGb%5E7%20Ab*m7*%2CBb*m7*%2C%7CC*m7*%20F*m7*%20%7CBb*m7*%20Bb*m7*/Eb%20%7CAb*m7*%20Ab*m7*/Db%20%7CGb%5E7%20C7%20%5D%7CQ%3CCoda%3EBb%20F/A%2C%20%7CG*m7*%20F%2CB7%2C%7CE%5E7%20B/D%23%2CE/G%23%2C%7CT24C%23*m7*%20%7CT44B%5E7%20%7CC*m7*%20F*m7*%20%7CBb*m7*%2C%20Bb*m7*/Eb%20%7CAb*m7*%20Ab*m7*/Db%20%7CGb%5E7%20Ab*m7*%2CBb*m7*%2C%7BC*m7*%20F*m7*%20%7CBb*m7*%20Bb*m7*/Eb%20%7CAb*m7*%20Ab*m7*/Db%2C%20%7CN1Gb%5E7%20Ab*m7*%2CBb*m7*%2C%7CT34C*m7*%2CDb*m7*%2CEb*m7*%2C%7DN2Gb*m7*%20Ab*m7*%2CBb*m7*%7D%3CRepeat%20and%20fade%3E%20
ba9b9905-c666-4b0c-9b9b-d8351d5f0e0e,irealbook://Bye%20Bye%20Love%3DOldiesRock%20ARR:%20B.Sharp%3DRock%3DF%3Dn%3D%7BT44%3C*72Chorus%3EBb%20%20%20%7CF%20%20%20%7CBb%20%20%20%7CF%20%20%20%7CBb%20%20%20%7CF%20%20%20%7CF%20C7%20%7CF%20F7%20%7CBb%20%20%20%7CF%20%20%20%7CBb%20%20%20%7CF%20%20%20%7C%7CBb%20%20%20%7CF%20%20%20%7CF%20C7%20%7CF%20%20%20%7CF%20C7%20%7CF%2Cn%20%20%5D%7C%20%20%20%20%20%20%20%20%5B%3C*62VERSE%3EC7%20%20%20%7CC7%20%20%20%7CF%20%20%20%7C%20x%20%20%7CC7%20%20%20%7C%20x%20%20%7CF%20%20%20%7CF%20F7%2C%20%7CBb%20%20%20%7CBb%20%20%20%7CC7%20%20%20%7C%20x%20%20%7CC7%20%20%20%7C%20x%20%20%7CF%20%20%20%7CF%2Cn%20%3C4x%3E%20%7D%5B%3C*70TAG%20%20%20last%20chorus%20after%20verse%201%3EBb%20%20%20%7CF%20%20%20%7CBb%20%20%20%7CF%20%20%20%7CBb%20%20%20%7CF%20%20%20%7BF%20C7%20%7CF%2C%20%20%20%7D%7CF%20%20%20%7CC7%20%20%20%7CF%20Bb%20%7CfF%2CU%20%20%20Z
baa31799-9372-4193-96e2-cc289580a472,irealbook://Mister%20Santa%3DBallard%20Pat%3DJazz%3DBb%3Dn%3D%7B*AT44Bb6%20%20%20%7C%20x%20%20%7CE-7%20%20%20%7CA7%20%20%20%7CD7%235%20Eb7%20%7CD7%235%20%20%20%7CG7%235%20%20%20%7C%20x%20%20%7C%7CC7%20%20%20%7C%20x%20%20%7CF7%20%20%20%7Cx%20%20%20%7CBb%5E7%20%20%20%7CG-7%20%20%20%7CGb7%20%20%20%7CF7%20%20%20%5D%5BBb6%20%20%20%7C%20x%20%20%7CE-7%20%20%20%7CA7%20%20%20%7CD7%235%20Eb7%20%7CD7%235%20%20%20%7CG7%235%20%20%20%7C%20x%20%20%7CC-7%20%20%20%7C%20x%20%20%7CEb6%20%20%20%7C%20x%20%20%7CBb%5E7%20G-7%20%7CC7%20F7%20%7CN1Bb6%20%20%20%7CC-7%20F7%20%7D%7CN2Bb6%20%20%20%7CC-7%20F7%20%7DN3Bb6%20%20%20%7C%3C%28Turnaround%29%3EC-7%20F7%20Z
ba3903e0-0961-4447-b793-495d880c6399,irealbook://This%20Christmas%3DHathaway%20Donnie%3DFunk%3DF%3Dn%3D%7B*AT44Bb%5E7%2C%20Eb%5E7%20A-%20D-%20%7CAb%20Db%20Eb%20F2%20%7CN1F2%20%20%20%7CT24D-%2C%20%20%20%7D%7CT44N2%3CLast%20X%3EF2%2C%20%20%20%7C%20x%20%20%7C%7B*BF%5E7%20%20%20%7C%20x%20%20%7CD-9%20%20%20%7C%20x%20%20%7CEb%5E7%20%20%20%7C%20x%20%20%7C%3CBreak%3EBb%20Eb%5E7%20%7CD-7%20C-%20%7D%5B*CA-%20%20%20%7C%20x%20%20%7CD%20%20%20%7CD/F%23%20%20%20%7CG-7%20%20%20%7C%20x%20%20%7CC7sus%20%20%20%7C%20x%20%20%5B*DF%5E7%20%20%20%7CB%20%20%20%7CBb%5E7%20%20%20%7CEb7%20%20%20%7CA-7%20%20%20%7CD-7%20D-/C%20%7CG/B%20%20%20%7C%20x%3CTo%20Top%3E%20%20%5D
bab4596e-cf7b-43f8-9c81-480a61216da0,irealbook://All%C3%AD%3DFlores%20C%C3%B3rdova%20Don%20Pedro%3DCuban%3DF%3Dn%3D%7B*AT44F%20D7%20%7CG-%20C7%20%7CF%20%7CEh%20A7%20%7CD-%20%7CEh%20A7%20%7CD-%20%7CC-%20F7%20%5DA%23%5E7%20%7CBh%20E7%20%7CA-%20%7CAh%20D7%20%7CN1G-%20%7CG7%20%7CC%20%7CC7%20%7DN2G-%20%7CG7%20C7%2CQ%20%7CF%20D7%20%7C%3CD.C.%20al%20Coda%3EG-%20C7%20%7D%20%20%20%20%20%20%20%20%20%20%20%20%20%20%20%20%20%20%20%20%5BQF%20%7CC%23%20%7CF%20%7C%20fF%20%5DU
ba126577-8405-4842-97f6-989658cecb3a,irealbook://So%20Sweet%20To%20Trust%20In%20Jesus%3DTriditional%3DWorship%3DEb%3Dn%3D%7B*AT44Eb%20%20%20%7CAb%20Bb/D%20%28Eb/G%29%7CEb%20Bb/D%20%28C-7%29%7CF7b9%20Bb7%20%7CEb%20Bb-7%20%28Eb7%29%7CAb%2CAh7%20%28D7%29Fh%2C%7CEb/Bb%20Co/A%20%7CF-7%20Bb7%20%28Eb%29%7C*BEb%20%20%20%7CAb%20Ao%20%7CEb/Bb%20%28G/B%29C-7%20%7CF7%20Bb7%20%7CEb%20%28F-7%29Eb/G%20%28Eb7%29%7CAb%20%28Ah7%29Eb/G%20%28Fh%29%7CEb/Bb%20C-7%20%28Ah%29%7CF-7%20Bb7%20%28Eb%29%7D%20%20%20%20%7C%20%20%20%20%7C%20%20%20%20%7C%20%20%20%20%7C%20%20%20%20%7C%20%20%20%20%7C%20%20%20%20%7C%20%20%20%20%7C%20%20%20%20%7C%20%20%20%20%7C%20%20%20%20%7C%20%20%20%20%7C%20%20%20%20%7C%20%20%20%20%7C%20%20%20%20%7C%20%20%20%20%7C%20%20%20%20%7C%20%20%20%20%7C%20%20%20%20%7C%20%20%20%20%7C
ba3d28ba-d73d-4f15-bd26-0f0173ea1800,irealbook://April%20Sun%20In%20Cuba%3DHewson%20Hunter%3DRock%3DA%3Dn%3D%7B*AT44%3C7x%3EAsus%20%20%20%7CA%20%20%20%7D%7CD%20C%23-%20%7CB-%20A%2CG%2C%5DY%7B*B%3C4x%3EG%5E7%20%20%20%7CD%20%20%20%7D%7BAsus%20%20%20%7CA%20%20%20%7DY%7B*A%3C7x%3EAsus%20%20%20%7CA%20%20%20%7D%7BD%20C%23-%20%7CB-%20A%2CG%2C%5DY%7B%2C*B%2C%3C4x%3EG%5E7%20%20%20%7CD%20%20%20%7D%7BAsus%20%20%20%7CA%20%20%20%5DY%7B*C%3C7x%3EB-7/A%20%20%20%7CA%20%20%20%7DD%20C%23-%20%7CB-%20A%2CG%2C%5DY%7B%2C*B%2C%3C4x%3EG%5E7%20%20%20%7CD%20%20%20%7D%7BAsus%20%20%20%7CA%20%20%20%5DY%7B%2C*D%2C%3CCoda%3EAsus%20%20%20%7CA%20%20%20%7CAsus%20%20%20%7CA%20%20%20%7D%20
ba6c10c9-3cae-413f-a2d0-f2f8a9b35bfe,irealbook://Baker%20Street=Rafferty%20Gerry=Rock%20Ballad=D=n=%7b%2aiG%2fA%20%20%20%7cD%23%2fF%20%20%20%7cF%2fG%20%20%20%7cF%2fG%20%20%20%7d%5b%2aAD%20%20%20%7cF%2fA%20%20%20%7cD%20%20%20%7cD%20F%2fA%20%7cC%20%20%20%7cA%2d%20%20%20%7cG%20%20%20%7cG%20%20%20%5d%7b%2aBA%20%20D%2fA%2c%7cA%20D%2fA%20%7cA%20%20D%2fA%2c%7cA%20D%2cA%2c%7cE%2d7%20%20%20%7cG%20%20%20%7cD%20G%2fC%23%20%7cD%20%20%20%7d%7b%2aCD%2d7%20%20%20%7cA%2d7%20%20%20%7cD%2d7%20%20%20%7cA%2d7%20%20%20%7cC%20%20%20%7cG%20%20%20%7cD%20%20%20%7cN1D%20%20%20%7d%7cN2F%20%20%20%7b%2aAD%20%20%20%7cD%20F%2fA%20%7cD%20%20%20%7cD%20F%2fA%20%7cC%20%20%20%7cA%2d%20%20%20%7cG%20%20%20%7cG%20%20%20%7dD%20%20%20Z%20
baa75b25-07c3-4838-9ce6-c5e85b52effd,irealbook://Folhas%20Secas%3DCavaquinho%20Nelson%3DBossa%20Nova%3DG%3Dn%3D%5B*AT44G*maj7*%20%20%20%7CB*m7b5*%20E7b9%20%7CA*m7*%20%20%20%7CA*m7b5*%20D7%20%7CA*m7*%20%20%20%7CD9%20D7/C%20%7CG/B%20E*m7*%20%7CA*m7*%20D7%20%5D%5BG*maj7*%20%20%20%7CB*m7b5*%20E7b9%20%7CA*m7*%20%20%20%7CA*m7b5*%20D7%20%7CA*m7*%20A*m7*/G%20%7CD9%20D7/C%20%7CG/B%2CE*m7*%2CA*m7*%2CD7%2C%7CA*m7b5*%20D7%20%5D%5BC%23*m7b5*%20F%237%20%7CB*m7*%20%20%20%7CB*m7b5*%20E7%20%7CA*m7*%20%20%20%7C%5BC*m7*%20F7%20%7CB*m7*%20E7%20%7CA13%2C%20A7b13%20%7CD9sus%20D7%20Z%20
bac1d4b7-c6f1-4f83-9e69-ad6a2223de65,irealbook://This%20Loaded%20Gun%3DBaarda%20Robert%3DPop%3DD%3Dn%3D%5B*AT44D%20%20%20%7CA%20%20%20%7CG%20%20%20%7CA%20%20%20%7CD%20%20%20%7CA%20%20%20%7CG%20%20%20%7CA%20%20%20%5D%5B*BD%20%20%20%7CE*m*%20G%20%7CD%20%20%20%7CE*m*%20G%20%5D%5B*AD%20%20%20%7CA%20%20%20%7CG%20%20%20%7CA%20%20%20%7CD%20%20%20%7CA%20%20%20%7CG%20%20%20%7CA%20%20%20%5D%5B*BD%20%20%20%7CE*m*%20G%20%7CD%20%20%20%7CE*m*%20G%20%7C%7CD%20%20%20%7CE*m*%20G%20%5D%20%20%20%20%20%20%20%20%7C%7C*CA%20%20%20%7CC%20%20%20%7CD%20%20%20%7CG%20%20%20%7C%7C*CA%20%20%20%7CC%20%20%20%5D%3C*34%20%20%20door%20naar%20A%3E
bad17e10-70a3-44cb-8bd4-c879d522fec9,irealbook://Is%20It%20True%20What%20they%20Say...%3DTradDixie%20ARR:%20B.Sharp%3DGig-Swing%3DAb%3Dn%3D%5B*iT44Db%20%7CBo%20%7CsAb%2CAb9%2C%7CF7%20%7CBb-7%20%7CEb7%20%7CAb%20%7CEb%2B%20%5D%7B*AlAb%20%20%20%7CBo%20%20%20%7CAb6%20%20%20%7C%20x%20%20%7CAb%20%20%20%7CBo%20%20%20%7CBb-%20%20%20%7C%20x%20%20%7C*BDb-%20%20%20%7CEb7%20%20%20%7CF-%20%20%20%7C%20x%20%20%7CBb7%20%20%20%7CBb7%20%20%20%7CDb-6%20%20%20%7CEb7%20Eb%2B%20%7C%5B*AAb%20%20%20%7CBo%20%20%20%7CAb%20%20%20%7C%20x%20%20%7CAb%20%20%20%7CAb7%20Ab%2B%20%7CDb%20%20%20%7C%20x%20%20%7CDb%20%20%20%7CBo%20%20%20%7CAb%20C-7b5%20%7CF7%20%20%20%7CBb-7%20%20%20%7CEb7%20%20%20%7CAb%20%20%20%7C%20x%20%3C3x%3E%20%7D%5B%3C*64TAG%3EDb%20%20%20%7CBo%20%20%20%7CAb%20C-7b5%20%7CF7%20%20%20%7CBb-7%20%20%20%7CEb7%20%20%20%7CAb%20%20%20%7CU%20x%20%20Z
ba06fd46-5dde-45f5-b3d6-a1ad7b56dbc3,irealbook://Hey%20Baby%3DDoubt%20No%3DMedium%20Swing%3DE-%3Dn%3DY%5B*AE-%3CE%20Piano%20with%20Jupiter%20Lead%3E%20%20%20%7C%20%20%3C%20%20%20%20%20%202%20chords%3E%20%20%7C%20%20%3Conly%20before%20Chorus%3E%20%20%7CsG%20B-%20%5DY%5B*B%3C*70%20%20HEY%20BABY%20%3ElE-%20%20%20%7C%20%20%20%20%7C%20%20%20%20%7CD%20%20%20%7CE-%20%20%20%7C%20%20%20%20%7CD%20%20%20%7CC%20%20%20%5D%3C51%20Delay%3E%20
baf4a41b-2c57-4603-a49e-99c00ad9c470,irealbook://It's%20Like%20That%3DCarey%20Mariah%3DMedium%20Swing%3DC%3Dn%3D%5B*AT44G*m*%20%20%20%7C%20%20%20%20%7C%20%20%20%20%7C%20%20%20%20%7C%20%20%20%20%7C%20%20%20%20%7C%20%20%20%20%7C%20%20%20%20%5D%5B*BEb%5E7%20%20%20%7CC*m*%20%20%20%7CD*m*%20%20%20%7CGsus%20G%20%7CEb%5E7%20%20%20%7CC*m*%20%20%20%7CD*m*%20%20%20%7CGsus%20G%20%7C%5B*CG*m*%20%20%20%7C%20%20%20%20%7C%20%20%20%20%7C%20%20%20%20%7C%20%20%20%20%7C%20%20%20%20%7C%20%20%20%20%7C%20%20%20%20%5D%20
ba37c769-2a9f-479a-a585-7abe8effe6a9,irealbook://Mixolydian%20B6%20%28Mm5%29%3DJohannes%20Shaun%3DMedium%20Swing%3DC%3Dn%3D%7B*AT44E7%235%20%20%20%7C%20x%20%20%7CA7%235%20%20%20%7C%20x%20%20%7CD7%235%20%20%20%7C%20x%20%20%7CG7%235%20%20%20%7C%20x%20%20%7CC7%235%20%20%20%7C%20x%20%20%7CF7%235%20%20%20%7C%20x%20%20%5D%7C*BBb7%235%20%20%20%7C%20x%20%20%7CEb7%235%20%20%20%7C%20x%20%20%7CAb7%235%20%20%20%7C%20x%20%20%7CDb7%235%20%20%20%7C%20x%20%20%7CGb7%235%20%20%20%7C%20x%20%20%7CB7%235%20%20%20%7C%20x%20%20%7D
bac1bfea-81c4-4ee7-b8da-c1a2ae1c292c,irealbook://Last%20Time%20I%20Saw%20Paris%2C%20The%3DMancini%20Henry%3DMedium%20Swing%3DC%3Dn%3D%7BT44Ab%5E7%20%20%20%7C%20x%20%20%7C%20x%20%20%7CD-7%20G7%20%7CBb-7%20%20%20%7CEb7%20%20%20%7CBb-7%20Eb7%20%7CN1lDb-7%2C%20lGb7%20%7D%5BN2sGb7%2CG7%2ClAb%5E7%20%5B%20%20%20%20%20%20%20%20%20%20%20%20%5BF-7%20Bb7%20%7CEb%5E7%20C7%20%7CF-7%20Bb7%20%7CEb%5E7%20%20%20%7CG-7%20C7%20%7CF%5E7%20D7%20%7CG-7%20C7%20%7CBb-7%20Eb7%20%5D%5BAb%5E7%20%20%20%7C%20x%20%20%7C%20x%20%20%7CD-7%20G7%20%7CBb-7%20%20%20%7CEb7%20%20%20%7CBb-7%20Eb7%20%7CsGb7%2CG7%2ClAb%5E7%20%5D%20
bab65d46-9efc-42ed-91af-6e6abd021a3e,irealbook://Josie%3DDan%20Steely%3DPop%3DC%3Dn%3D%7C*iT44%3C*56Guitar%20Intro%3En%20r%20%7Cr%20%20%20%7CC/F%20F%237%239%20%7CD/G%20Ab6%20%7C%7B*AE-7%20%20%20%7Cr%20%20%20%7Cr%20%20%20%7Cr%20%20%20%7Cr%20%20%20%7Cx%20%20%20%7CA/D%20G/C%20%7CD/G%20C/F%2C%20%7C%7CE-7%20%20%20%7Cx%20%20%20%7CA7%20%20%20%7CsG/C%2CD/G%2CC/F%20%7ClE-7%20%20%20%7CD/G%20E/A%20%7CE-7%20%20%20%7CE-7%20C/F%20%7C%5B*BsF%237%239%20B7%235%20%7CE-7%20C/F%20%7CsF%237%239%20B7%235%20%7CE-7%20A7%20%7CA-7%20D9%20%7CG%5E7%20C%5E7%20%7CF%237%239%20%20%20%7CB7%239%20%20%20%7D
ba28ee61-4e54-462d-a06a-fdc994f6f870,irealbook://Mercy%2C%20Mercy%2C%20Mercy%20nmn%3DZawinul%20Josef%3DEven%208th%27s%3DBb%3Dn%3D%5B%2AAT44%3C%2A63%20%C2%B7%2065%20%20%C2%B7%2031%3EBb%20%20%20%7C%3C%2A63%202116%CC%A3%20%201%CC%872%3EEb%20F7%20%7C%3C%2A63%20%C2%B7%2065%20%20%C2%B7%2031%3EBb%20%20%20%7C%3C%2A63%202116%CC%A3%20%201%CC%872%3EEb%20F7%20%7C%3C%2A63%20%C2%B7%2065%20%20%C2%B7%2031%3EBb%20%20%20%7C%3C%2A63%202116%CC%A3%20%201%CC%872%3EEb%20F7%20%7C%3C%2A63%20%C2%B7%2065%20%20%C2%B7%2031%3EBb%20%20%20%7C%3C%2A63%202116%CC%A3%20%201%CC%872%3EEb%20F7%20%5D%2AB%3C%2A63%205%CC%A35%20%20%20%20%2066%C2%B7%3EBb%20Bbsus%20%7C%3C%2A63%206%CC%B86%CC%B8%20%20%20%20%2066%C2%B7%3EBb7%20Bbsus%20%7C%3C%2A63%2055%20%20%20%20%2066%C2%B7%3EBb%20Bbsus%20%7C%3C%2A63%206%CC%B86%CC%B8%20%20%20%20%2066%C2%B7%3EBb7%20Bbsus%20%5D%2AC%3C%2A63%205%2011%20%2033%2044%3EsBb%2CpD-%2CEb%7C%3C%2A63%205%3ElF7%20Fsus%20%7C%3C%2A63%205%2011%20%2033%2044%3EsBb%2CpD-%2CEb%7C%3C%2A63%205%20%20%20%20%20%20%20%C2%B7561%CC%87%3ElF7%20%20%20%7C%3C%2A63%202%C2%B72%20%20%20%C2%B7%2012%3EC-%20%20%20%7C%3C%2A63%203%C2%B73%20%20%20%C2%B7%2035%3ED-%20%20%20%7C%3C%2A63%206%C2%B75%20%20%206%C2%B75%3EsG-%2CF7%2CG-%2CF7%7C%3C%2A63%206%3ElG-%20%20%20Z%20
ba52a7eb-bdb5-4a69-95b4-8a7f3f4c7f85,irealbook://Pattern%20For%20Jazz%20By%20Step%3DComposer%20Unknown%3DMedium%20Swing%3DC%3Dn%3D%5B%2C*A%2CC%20%20%20%7CD%20%20%20%7CE%20%20%20%7CGb%20%20%20%7CAb%20%20%20%7CBb%20%20%20%7CC%20%20%20%5D%2C*B%2CDb%20%20%20%7CEb%20%20%20%7CF%20%20%20%7CG%20%20%20%7CA%20%20%20%7CB%20%20%20%7CDb%20%20%5B
ba859811-58b9-4493-b75c-a116f3b0bfd2,irealbook://Popular%202%3DWicked%3DPop%3DF%3Dn%3D%7CsD-%2CA-/C%2CD-%2CA-/C%2C%7CBb%5E7%20A/E%2CA7%2C%7CD-%20fG7%20%7CBb%2CBb/C%2CC%2CC%2C%7CF%20%20%20%7CF%20C%20%7CBb%20F%20%7CG-%2CG-/Bb%2CG-%2CG-/Bb%2C%7CC%20C7%20%7CF%20C%20%7CBb%2CC%2CF%20Z%20
bac9ed43-c7f5-48ac-acdc-283cac514c45,irealbook://Spring%20Is%20Here%20nmn%3DLorenz%20Hart%20%26%20Richard%20Rodgers%3DBallad%20Even%3DAb%3Dn%3D%5BT44%3C%2A63%20%207%CC%A3%20%20%20%20%20%20%20%C2%B71%CC%87%3EE7%20%20%20%7C%3C%2A63%206%CC%A3%3EF-/Eb%20%20%20%7C%3C%2A63%207%2077%20%2071%CC%87%3EDh%20Db7%20%7C%3C%2A63%206%CC%A3%20%20%20%20%20%20%206%3EC-%20F-%20%7C%3C%2A63%205%20%20%20%20%20%20%20%C2%B76%3EEb-%20Ab7%20%7C%3C%2A63%204%3EDb-%20Gb7%20%7C%3C%2A63%205%2055%20%2056%3ECh%20B7%20%7C%3C%2A63%204%20%20%20%20%20%20%204%3EBb-%20A7%20%7C%3C%2A63%2034%20%20%20%20%2056%3EAb%20Bb-%20%7C%3C%2A63%2071%CC%87%20%20%20%20%2023%3EC-%20F-%2CQ%20%5B%3C%2A63%206%CC%A3%3EBb-%20Bb-/Ab%20%7C%3C%2A63%207%20%20%20%20%20%20%201%CC%87%3EG%2B%20Gb7%20%7C%3C%2A63%203%CC%A34%CC%B8%20%20%20%20%205%CC%B86%3EF-%20F-7%20%7C%3C%2A63%2071%CC%87%20%20%20%20%2023%3EF-%20F-/Eb%20%7C%3C%2A63%204%CC%B8%3EB-%20E7%20%7C%3C%2A63%205%3EBb-%3C%2A06D.C.%20al%20Coda%3E%20Eb7%20%5DQ%3C%2A63%20%20%20%204%CC%B8%3E%20B-%20E7%20%7C%3C%2A63%205%3EBb-%20Bbo%20%7C%3C%2A63%205%20%20%20%20%20%20%201%3EC-%20F-%20%7C%3C%2A63%203%20%20%20%20%20%20%202%3EBb-%20A7%20%7C%3C%2A63%201%3EAb6%20%20%7Cp%20Z
ba7623ad-d7c4-40fd-a832-fea2857c8c5d,irealbook://Tainted%20Love%3DComposer%20Pussycat%3DMedium%20Swing%3DD-%3Dn%3D%5BT44D*m*%2CA%2CBb%2CG%7C%20%20%20%20%7C%20%20%20%20%7CD%2CF%2CBb%2CG%2C%5D%5BD*m*%20%20%20%7CF%20%20%20%7CBb%20%20%20%7CG*m*%20%20%20%5D%5BD%20%20%20%7CA%20%20%20%7CG%20%20%20%7CA%20G%20%5D%3CS2%20Super%20Saw%20Lower%2C%20Strings%20Upper%201%2C2%3E%20%20%20%20%20%20%20%20%20%20%20%20%20%20%20%20%3C049%20Bell%20sound....%20201%20brightness...%3E%20
ba271fda-7c87-4325-9723-93c13f4a2b42,irealbook://To%20Make%20You%20Feel%20My%20Love%3DAdele%3DBallad%3DC%3Dn%3D%7B*AT44Bb%20%20%20%7CF/A%2C%20%20%20%7CAb%20%20%20%7CEb/G%20%20%20%7CEb-9%20%20%20%7CBb%20%20%20%7CC-7%20F7%20%7CBb%20%20%20%7D%5B*BEb%20%20%20%7CBb/F%20%20%20%7CD7/Gb%20G-9%20%7CBb%20%20%20%7CEb%20%20%20%7CBb/F%20%20%20%7CC%20%20%20%7CC-7%20F7%20%5D%5B*CBb%20%20%20%7CF/A%20%20%20%7CAb%20%20%20%7CEb/G%20%20%20%7CEb-9%20%20%20%7CBb%20%20%20%7CC7%20F7%20%7CBb%20%20%20%5D%20
