id,url
d53577b3-e6ca-47ac-8e46-792edf4ab8b3,irealb://East%20Of%20The%20Sun%3DBowman%20Brooks%3D%3DMedium%20Swing%3DG%3D10%3D1r34LbKcu77-CZL4G%5E7XyX7-A%7CQyX7E%7CQy7X-BZL%20x%297C%28%20%7CQyQKcl%204T%5BA*yX7-E7XyQ%5D-EZL31b7B%207h%23FQ%7CyX7D%7CQyX7-A%5BB*7XyQ%7CF%7CQyXX7E%7CQyQ%7CA-ZL%20x%297C%28%20%7CQyX7G%5E%5BA*%5DQyX7D%7CQyX7B-7XyX7A%7CQ9b7B%207XyQKLG/7-A%20-A%5BC*%5DQXy7F%7CQyX7-CZL%20lcZF%23h7-A%7CQyyX7-AXyQ%7CA%207-bB%7CQyX7-B%7CQXy7F%7CQyX7-A%7CQyX7Eb7LZ7-EZLQ%7CD7XyQ%7CG6XyQKcl%20%20Z%3D%3D0%3D0
d5e75756-dfd4-4f75-a676-0959e205d67d,irealb://So%20In%20Love%3DPorter%20Cole%3D%3DUp%20Tempo%20Swing%3DF-%3D%3D1r34LbKcu71NZLx4F-LZZLxZL7-bBZLxZLF-ZL9b7CZL7hGZLxEb7LZ4T%7BA*7bGZLZAb7LNZLQyX%7D%209b7CZLh7GZL9b7GZL7%5EbDZ2Db-7L7%5EbAcKQyX7LZEbQyX7bE%7CQyX7%5EbDB%5B*%5D%207bAZL6bAZL7%7CAb%5E7-bBZLA%7CQyXb-7Xy%7CQyX7-bBZL%20lcKyQX7%5EbA%7CQyX7bE%7CQEb7b9BZL%20lla%20.CQ%7CGh7%5ECZL9b7G%207hDZLEb/7-F%20-FZL9b7C%207%20%3CD.yX7%5Eb%7CQyX7endinyX9b7F%7CQyX7hC3%7CNY%5DQyX9b7CZL%20%3EgQ%7CBb-%20dr3%207E%7CQyyQ%7CC-A%287-B%7CQyX%297%5EbA9%28b7F%7CQyX%297%5EbA%287bo7%29XX6-bD%28Abo7%29XyQ%7CBb-7XyQ%7CEb7b9XyQ%7CAb6LZxLZGh7LZC7b9%20%5D%3D%3D0%3D0
d5d78d2b-5e01-49b4-8dc0-01bf438bf0ce,irealb://%4C%6F%76%65%20%4E%65%76%65%72%20%46%65%6C%74%20%53%6F%20%47%6F%6F%64%20%28%47%69%67%29=%4D%69%63%68%61%65%6C%20%4A%61%63%6B%73%6F%6E%20%46%65%61%74%2E%20%4A%20%54%69%6D%62%65%72%6C%61%6B%65==%44%69%73%63%6F=%46==%31%72%33%34%4C%62%4B%63%75%37%45%2F%2D%62%42%58%79%51%4B%63%2C%2D%47%73%3E%74%6E%75%6F%63%20%73%73%61%42%72%20%39%36%2A%3C%7B%20%20%78%20%5A%4C%20%6C%41%2D%2F%44%2C%6E%34%34%54%5B%37%2D%47%6C%3E%46%2C%5D%5B%2A%65%6B%69%6C%20%65%6D%69%74%20%64%72%20%33%64%20%6E%61%20%65%73%72%65%56%20%36%36%2A%3C%41%20%73%6F%6C%6F%2F%2D%43%2C%62%79%58%43%7C%51%2F%42%62%2C%7C%7C%51%79%58%44%7C%51%79%58%35%62%37%2D%41%51%7C%79%58%5E%46%5A%4C%37%43%20%73%75%73%43%6C%47%2D%37%58%79%2D%47%73%20%20%7C%51%79%58%35%2A%36%36%20%32%51%79%58%5E%46%5A%4C%37%43%20%73%75%73%43%7C%6C%2C%62%42%2F%2D%47%73%20%20%37%2D%47%6C%3E%7C%41%2D%37%62%3C%41%2A%5B%51%42%7C%51%79%58%47%2D%37%58%79%35%62%37%2D%41%3E%73%75%72%6F%68%63%2D%65%50%72%20%33%36%2A%3C%42%2A%5B%51%79%58%43%7C%51%58%79%51%7C%44%7C%51%79%58%44%51%79%58%5E%46%37%4C%5A%47%2D%43%2F%2D%47%7C%51%79%58%37%2D%47%3E%73%75%6F%72%68%43%20%30%36%2A%3C%43%2A%5B%20%43%20%37%20%43%37%4C%5A%2D%41%20%5E%62%43%2F%2D%47%2C%7C%47%2D%37%58%73%7C%51%79%58%2D%47%7C%51%79%58%44%7C%51%58%79%5E%46%5A%4C%37%43%20%43%2F%2D%47%7C%51%79%42%62%2C%41%2D%51%79%58%44%7C%6F%63%20%73%73%3C%2A%36%36%58%20%33%36%2A%3C%30%4E%7D%20%3E%78%33%39%30%3C%2A%20%20%5E%46%6C%3E%2E%33%20%2E%32%20%51%79%34%20%62%72%61%31%4E%5A%4C%2C%2A%3C%43%2A%5B%73%47%2D%2C%41%2C%62%45%2F%2D%62%42%2C%44%2F%2D%41%2C%2D%7C%47%2C%62%42%2F%43%2C%47%2F%62%42%2C%47%2F%2D%43%2D%2F%46%2C%3E%73%74%6E%75%20%43%2F%2D%47%6F%72%75%73%3E%2D%47%7C%51%79%58%44%7C%51%79%58%5E%46%5A%37%4C%43%20%43%2F%2D%47%7C%51%79%58%37%2D%47%6C%37%58%79%51%7C%68%43%20%30%36%3C%20%20%43%2F%5E%58%79%51%7C%58%5E%46%6C%51%7B%20%2C%43%2F%2D%47%2C%2D%2C%41%62%42%73%7C%51%79%58%2D%47%7C%51%79%58%44%79%51%7C%47%2D%46%5A%4C%37%43%2A%31%32%34%78%3E%20%7D%66%46%5E%58%79%51%5A%20=%50%6F%70%2D%44%69%73%63%6F=%31%32%30=%33
d589e6f0-41af-4fc0-afbd-b00162d96cc9,"irealb://%44%6F%77%6E%20%49%6E%20%54%68%65%20%56%61%6C%6C%65%79%20%20%20%20%20%20%20%20%20%20%20%20%20%20%20%20%20%5B%23%5D=%62%65%32%73%68%61%72%70%20%41%52%52%3A==%5A%7A%20%53%65%6C%65%63%74%20%41%20%50%6C%61%79%69%6E%67%20%53%74%79%6C%65=%44==%31%72%33%34%4C%62%4B%63%75%37%61%6E%20,%79%79%51%20%20%54%65%72%72%6F%63%20%65%68%74%20%6E%69%20%79%6C%61%70%20%6C%61%65%52%69%20%65%6B%61%6D%20%6F%63%74%20%6B%65%58%32%35%2A%3C%6B%20%65%68%74%3C%2A%32%34%74%61%68%54%20%2E%67%6E%6F%73%20%72%75%6F%79%66%20%6F%20%65%74%6F%6E%20%74%73%61%6C%20%65%68%74%20%69%73%20%20%3E%20%65%6D%20%73%69%20%6F%20%75%73%65%2E%73%69%68%54%20%20%51%79%58%38%35%2A%3C%51%58%79%51%79%58%51%79%58%51%79%58%51%79%58%3E%20%20%69%6E%74%72%6F%74%20%79%65%20%79%61%6C%70%73%20%6F%66%20%3E,%72%61%62%20%74%73%61%6C%20%65%68%74%6E%20%69%20%6E%65%68%74%20,%6D%68%74%79%68%72%20%3C%2A%33%34%72%61%62%20%33%5B%20%51%79%58%20%70%69%63%6B%58%51%79%58%51%79%58%3E%2E%67%6E%6F%73%20%68%65%74%20%6F%74%20%73%65%74%6F%6E%20%70%75%2D%79%51%58%79%51%33%20%65%68%74%5A%4C%6E%20%73%3C%2A%36%36%20%5A%4C%6E%73%20%3E%2E%22%73%64%72%6F%68%43%6F%20%4E%22%20%73%6E%61%65%6D%20%2E%43%2E%4E%20%20%73%6E%4C%5A%34%33%54%69%2A%5A%4C%20%78%5A%37%5D%58%79%51%2E%2E%2E%65%72%65%68%20%73%74%72%61%74%73%79%20%64%6F%6C%65%4D%20%30%37%2A%3C%41%2A%7B%20%3E%6C%44%20%4C%41,%44,%44%20%73%69%68%74%37%20%4C%5A%58%20%73%65%69%70%6F%63%20%61%64%6F%63%20%65%74%68(%30%36%2A%3C%5A%4C%20%37%41%5A%4C%51%79%66%72%6F%6D%20%41%5A%4C%20%78%7D%37%41,%44%72%65)%2E%3E%20%78%5A%4C%20%44%5A%4C%20%37%41%31%4E%5A%51%4C%79%58%5A%4C%20%78%5A%4C%20%78%5A%4C%20%78%4C%5A%73%44,%75%73%61%65%6D%78%65%6E%20%65%4E%32%6C%41%37%79%58%34%36%2A%3C%51%79%58%5D%37%41,%44%44,%73%5A%4C%44%51%5A%4C%47%5A%4C%44%5A%4C%20%51%20%20%54%68%5A%4C%51%79%58%20%64%6E%61%36%65%61%73%75%72,%67%6E%6F%73%20%65%68%74%20%6F%74%6E%6F%22%20%64%65%67%67%61%74%22%20%65%72%61%20%73%65%3E%20%3C%2A%33%6D%20%34%20%74%79%58%51%79%58%63%61%6C%6C%65%73%20%61%64%6F%63%20%65%68%74%20%74%61%20%6E%64%75%6F%66%20,%22%67%61%74%22%20%61%20%64%69%67%6E%2E%3E%20%73%75%68%74%61%6C%20%73%27%79%51%58%79%51%65%68%74%20%73%65%69%70%6F%63%20%67%61%74%73%20%69%68%54%20%51%79%58%38%36%2A%3C%51%5B%20%20%73%6F%6E%67%58%51%79%58%51%20%20%51%79%58%6D%65%61%73%75%5A%20%55,%44%5A%4C%47%5A%4C%44%5A%4C%78%4C%5A%78%5A%4C%78%5A%4C%37%41%6C%3E%2E%73%65%72%20%3C%2A%34%38%20%37%20%74%73%6F%50%30%32%2A%65%20%53%74%79%31%20%6F%70%6D%65%54%2F%67%6E%69%77%53%20%75%6D%69%64%65%4D%2D%7A%7A%61%4A%20%3A%73%65%6C%32%30%3E%20%3C%6C%70%6D%61%53%58%51%79%58%51%6B%2F%54%65%6D%31%20%6F%70%6D%65%54%2F%65%6C%66%66%75%68%2D%53%70%6F%50%20%20%51%79%58%36%31%31%20%6F%70%32%30%3E%58%79%63%6F%52%2D%70%79%51%58%79%51%58%79%51%58%79%51%58%79%51%58%79%51%58%79%51%58%79%51%20%3C%62%23%3E%20=%4A%61%7A%7A%2D%4D%65%64%69%75%6D%20%53%77%69%6E%67=%31%32%30=%33"
d5677d20-51df-4abf-95a7-abe7a72c6071,"irealb://%45%76%65%72%79%20%4E%69%67%68%74%20%57%68%65%6E%20%54%68%65%20%53%75%6E%20%47%6F%65%73%20%44%6F%77%6E%20%20%20%20%5B%23%5D=%62%65%32%73%68%61%72%70%20%41%52%52%3A==%5A%7A%20%50%69%63%6B%20%41%6E%64%20%53%65%74%20%41%20%53%74%79%6C%65%20=%43==%31%72%33%34%4C%62%4B%63%75%37%6F%73%20%72%75%79%51%20%20%41%74%61%6D%20%6F%74%20%79%65%4B%20%6F%72%50%6C%20%61%65%52%69%20%65%68%74%20%74%73%75%6A%64%63%68%20%79%6F%58%34%35%2A%3C%6F%20%64%72%6F%65%74%20%3E%20%61%6C%2F%65%74%6F%6E%20%74%73%61%6C%20%65%74%68%20%67%6E%69%6D%61%6E%20%79%62%38%32%2A%3C%73%74%20%63%68%73%20,%67%6E%6F%63%20%6F%72%72%20%73%6F%6E%69%68%54%20%20%51%79%58%32%35%2A%3C%51%79%51%58%79%58%51%79%58%51%79%58%51%79%58%3E%2E%67%73%20%69%6E%74%75%6F%79%20%66%78%65%20%65%68%74%68%65%20%6C%3C%20%3E%2E%67%6E%6F%73%20%65%68%74%20%66%20%6F%73%65%72%75%73%61%65%6D%20%34%20%74%73%61%2A%32%34(%54%20%73%65%69%70%79%58%51%79%58%61%72%20%69%6E%75%2D%6B%63%69%70%20%33%20%65%68%74%20%72%66%6F%20%73%77%6F%6C%6C%61%20%74%6E%6F%72%66%20%70%73)%2E%3E%62%20%61%72%74)%73%65%72%75%79%51%58%79%51%61%72%74%78%65%20%34(%20%22%67%61%74%22%61%20%20%73%69%20%65%72%65%68%54%36%34%2A%3C%20%20%6D%65%61%73%58%51%79%58%51%73%70%75%2D%6B%68%65%20%65%6E%34%37%2A%3C%6E%73%34%34%54%69%2A%5B%51%79%51%58%79%58%51%79%58%51%79%58%51%79%58%3E%2E%64%33%20%70%69%63%74%20%74%61%20%5A%4C%2D%45%5A%57,%57,%5B%5A%4C%37%47%5A%4C%43%41%2A%5B%20%51%79%58%20%5D%78%5A%4C%43%5A%4C%37%47%5A%4C%37%2D%44%6C%43%4C%5A%78%4C,%2D%41%3E%20%20%51%79%58%34%4C%5A%47%37%4C%78%5A%4C%43%5A%4C%37%47%5A%4C%37%2D%44%5A%78%4C%5A%4C%2D%41%5A%4C%37%47%5A%4C%37%2D%44%5A%20%5A%3C%2A%35%47%5A%4C%37%43%74%E2%80%9C%38%32%2A%20%74%61%67%20%58%73%65%64%69%73%65%62%20%6F%73%20,%6F%74%72%6E%69%20%65%68%74%20%65%6B%69%6C%20%73%69%79%51%3E%20%3C%73%69%68%54%20%58%51%79%58%51%69%74%E2%80%99%73%20%3E%0A%2E%E2%80%9D%6F%72%74%75%6F%E2%80%9C%20%6E%61%20%65%64%6C%6C%61%63%20%73%65%6D%69%74%65%6D%6F%73%58%79%51%58%79%20,%E2%80%9D%67%61%6E%69%68%74%20%3C%2A%37%32%58%65%68%74%20%6E%61%65%6D%20%22%6F%72%74%75%22%6F%20%64%6E%61%20%22%67%61%54%22%20%20%51%79%20%73%61%6D%65%51%79%58%51%79%20%72%65%67%6E%2A%33%38%49%6E%79%62(%20%67%61%74%20%65%68%74%20%74%61%70%65%65%72%20,%65%73%61%63%20%73%69%68%74%20%20%61%72%72%61%3C%20%3E%2E%67%20%51%79%58%55%65)%2E%3E%58,%43%5A%4C%37%47%5A%4C%37%2D%44%51%7B%51%58%79%51%79%58%51%79%58%51%79%58%51%79%58%51%79%4C%5A%78%20%7D%63%69%6F%68%63%32%31%20%6D%6D%58%79%51%20%20%6C%6F%42%20%61%62%75%43%2D%6E%69%74%61%4C%3A%20%73%65%6C%79%74%53%20%65%6C%70%6D%61%78%45%65%72%6F%2F%20%38%33%2A%3C%20%79%58%51%79%58%31%30%4A%61%7A%58%51%79%58%51%79%58%51%79%58%3E%30%33%31%6D%20%6D%20%2F%7A%7A%61%4A%20%64%61%72%54%2D%7A%79%51%58%79%51%2A%3C%20%3E%30%51%58%79%51%58%79%51%58%79%51%20%3C%62%23%3E%20=%4C%61%74%69%6E%2D%43%75%62%61%3A%20%42%6F%6C%65%72%6F=%31%32%30=%33"
d5a146e9-0f7c-4cfd-a5ab-d9e80792ad62,"irealb://%54%68%65%72%65%20%49%73%20%41%20%54%61%76%65%72%6E%20%49%6E%20%54%68%65%20%54%6F%77%6E%20%5B%23%5D=%62%65%32%73%68%61%72%70%20%41%52%52%3A==%5A%7A%20%53%65%74%20%41%6E%20%69%52%65%61%6C%20%53%74%79%6C%65=%43==%31%72%33%34%4C%62%4B%63%75%37%6F%79%20%65%74%79%51%20%20%54%61%6C%20%65%68%74%20%73%69%20%67%6E%6F%73%72%20%75%6F%79%20%72%6F%66%20%79%65%6B%20%65%68%73%74%20%6E%6F%58%32%36%2A%3C%27%67%6E%6F%73%79%20%61%74%3E%64%6E%61(%20%6F%72%74%6E%69%20%65%68%74%66%20%6F%20%64%6E%65%20%65%68%74%38%33%2A%3C%20%20%74%68%65%20%61%6C%70%20%75%61%74%61%6D%72%74%20%63%68%6F%51%79%58%51%79%58%34%37%2A%3C%51%79%58%51%58%79%51%79%58%51%79%58%51%79%58%3E%2E)%64%72%41%20%E2%80%9C%66%65%73%61%6C%20%73%6F%74%20%73%6E%61%6E%67%3A%20%2A%3C%20%3E%64%72%6F%68%63%20%61%20%72%65%6F%76%20)%E2%80%9D%65%79%65%20%73%E2%80%99%64%72%69%62%22%34%38%6D%65%61%6C%73(%20%E2%80%9D%79%58%51%79%58%20(%73%75%73%2E%64%72%6F%68%63%2F%65%74%6F%6E%20%65%68%20%74)%6E%65%68%74%67%6E%65%6C%2F%6E%69%61%74%20%3E%58%79%51%64%6C%6F%68%20%65%74%73%69%6C%79%51%3C%2A%37%20%2E%6E%6F%69%74%63%75%64%6F%72%74%6E%69%65%20%72%75%73%61%65%6D%2D%34%20%20%51%79%58%34%4A%75%73%74%20%58%51%79%58%51%72%6F%68%43%20%20%70%6C%61%79%6E%61%65%6D%20%22%2E%43%2E%4E%22%20%2E%73%72%64%6F%68%63%20%65%68%74%36%34%2A%3C%20%3E%20%73%20%22%4E%6F%72%6F%20,%6E%6D%72%65%46%22%58%79%51%58%79%58%43%7C%51%79%58%37%47%7C%51%79%58%37%47%34%34%54%69%2A%5B%51%79%58%51%79%58%51%79%58%51%79%51%7C%66%3C%3E%2E%22%73%64%5A%4C%46%5A%4C%43,%6E%20%20%4C%37%47%5A%4C%37%47%5A%4C%43%5A%4C%43%5A%43%4C%5A%4C%43%5A%4C%43%5A%4C%43%53%41%2A%5B%5D%5A%43%4C%5A%43%3E%22%61%74%61%65%6E%69%46%3C%36%34%20(%6C%37%47%5A%4C%37%47%3E)%67%6E%6F%73%20%65%74%68%20%66%6F%20%73%72%61%62%20%34%20%74%73%61%4C%5A%43%4C%5A%2A%3C%5A%4C%46%7C,%46,%43%5A%5B%2A%42%47%20%6C%61%20%2E%53%2E%44%3C%5A%4C%37%47%5A%37%4C%47%5A%4C%43%5A%4C%43%5A%4C%37%47%5A%4C%37%46%69%6E%65%3E%20%55,%43%3E%74%20%74%41%20%34%34%58%79%51%41%20%73%69%20%67%6E%6F%73%20%73%69%68%74%66%20%6F%20%22%6D%72%6F%66%22%20%65%68%54%20%20%2D%42%2D%41%2E%2A%3C%5D%20%43%61%6E%2D%65%65%64%20%6F%66%20%6E%69%46%20%6C%61%20%2E%53%2E%44%22%20%65%73%65%20%75%6F%79%38%31%2A%3C%20%3E%20%22%42%22%65%22%20(%66%6E%65%20%65%68%67%65%53%20%6C%44%2E%53%2E%22%51%79%58%34%36%2A%3C%51%79%58%51%79%58%51%58%79%51%79%58%51%79%58%3E%20%73%6E%61%65%6D%20%20%20%22%44%61%22%20%2E)%79%38%33%2A%3C%20%20%2D%20%22%47%68%74%20,%41%20%72%65%74%74%65%6C%20%74%20%61%22%6E%67%69%73%20%65%68%74%20%6F%74%20%6F%65%6E%20%20%3E%2D%20%22%6F%6E%3E%2E%72%65%76%75%6E%74%69%6C%61%74%73%20%67%6E%6F%73%20%65%68%74%20%6E%68%65%54%20%2E%22%65%6E%69%46%22%20%65%68%74%20%72%74%73%20%6F%20%79%61%6C%70%75%69%64%65%4D%51%58%79%51%58%20%3A%73%65%6C%79%74%53%20%65%6C%70%6D%61%45%78%20%20%51%79%58%30%35%2A%3C%51%79%58%51%79%4A%61%7A%7A%2D%79%58%51%79%58%58%3E%30%34%31%6E%67%2F%20%6D%61%68%43%20%61%68%43%20%3A%61%62%75%43%2D%69%6E%74%61%4C%38%31%2A%3C%20%3E%30%36%31%20%6D%2F%20%6D%6D%20%69%77%53%20%6D%75%6F%68%74%69%58%79%51%58%79%72%6F%68%63%20%79%61%6C%70%20%74%73%75%6A%6F%20%54%20%20%51%79%58%34%35%2A%3C%51%79%58%51%64%73,%20%77%51%79%58%51%79%22%70%6D%6F%63%6F%64%79,%20%20%75%6F%59%20%2E%22%67%6E%69%70%6D%6F%63%38%22%32%2A%3C%20%3E%64%65%6C%6C%61%63%20%73%69%63%61%6E%20%22%6C%65%6D%20%74%65%62%20%64%6C%69%6E%74%72%6F%61%65%52%69%34%37%2A%3C%20%3E%23%62%3C%51%58%79%51%79%58%51%79%58%51%79%58%51%79%58%3E%2E%6C%20%77%6F%75%20%65%68%74%20%20%22%63%6F%6D%70%69%6E%67%22%20%69%66%20%69%74%20%73%6F%6C%6F%65%64%20%74%68%65%20%69%6E%74%72%6F%2E%20%3E%20=%4A%61%7A%7A%2D%4D%65%64%69%75%6D%20%53%77%69%6E%67=%31%36%30=%33"
d596f10b-a748-4954-ad3b-6e5ae31c6674,irealb://%30%38%20%42%6C%75%65%73%20%28%69%6E%20%37%74%68%73%29=%47%75%72%75%4F%66%47%75%69%74%61%72%2E%63%6F%6D==%4D%65%64%69%75%6D%20%53%77%69%6E%67=%41=%32=%31%72%33%34%4C%62%4B%63%75%37%45%7C%5A%4C%20%37%58%79%51%4B%58%37%41%5A%4C%20%6C%63%4B%51%79%58%37%44%5A%7C%4C%20%78%20%5A%4C%20%78%20%5A%4C%20%6C%63%79%51%4B%63%6C%41%34%34%54%5B%37%58%79%51%7C%44%37%58%79%51%7C%41%37%58%79%51%4B%63%6C%20%3C%31%36%78%3E%20%7D%20=%50%6F%70%2D%52%6F%63%6B%20%31%32%2F%38=%37%30=%33
d57a2e9b-43ed-45cc-96bd-257bb8b51f28,irealb://%42%C3%A9%73%61%6D%65=%42%72%75%6E%65%74%20%4D%61%72%63%6F%73==%42%61%6C%6C%61%64%20%45%76%65%6E=%47==%31%72%33%34%4C%62%4B%63%75%37%7B%2A%69%54%34%34%47%58%79%51%7C%44%2F%46%23%58%79%51%7C%45%2D%58%79%51%7C%43%58%79%51%7D%20=%4A%61%7A%7A%2D%4D%65%64%69%75%6D%20%53%77%69%6E%67=%37%30=%33
d5566ee8-fde7-4769-9863-0a6ff865bca7,irealb://%54%6F%64%6F%20%53%65%20%4C%6F%20%44%65%62%6F%20%41%20%45%6C=%59%61%72%6F%69%64%65%20%4D%61%72%63%6F%73==%42%61%6C%6C%61%64%20%45%76%65%6E=%45==%31%72%33%34%4C%62%4B%63%75%37%79%58%45%42%2A%34%45%2C%2A%41%5A%4C%23%47%2F%45%20%2D%23%46%7C%7D%51%79%42%58%5A%4C%45%20%41%7C%51%79%58%42%7C%51%79%58%41%58%79%51%7B%34%54%69%2A%7B%2D%23%46%51%7B%58%79%51%7C%7C%5A%4C%42%20%2D%23%46%5A%4C%51%2C%2D%41%20%7C%41%51%79%58%45%7C%51%79%58%42%7C%51%79%58%41%45%58%79%51%7D%2D%23%46%7C%51%20%42%4C%5A%43%23%2D%20%46%23%20%7D%7C%46%23%2D%20%42%20%7D%7C%45%58%79%51%5A%20=%4A%61%7A%7A%2D%4D%65%64%69%75%6D%20%53%77%69%6E%67=%35%35=%33
d5d4100c-5ab2-4667-a374-9676d34f51ee,irealb://%43%72%69%73%74%6F%20%45%73%20%4D%69%20%53%65%C3%B1%6F%72%20%28%67%72%6F%6F%76%79%29=%54%72%61%64%69%74%69%6F%6E%61%6C==%4D%65%64%69%75%6D%20%53%77%69%6E%67=%45%2D==%31%72%33%34%4C%62%4B%63%75%37%2C%2A%37%6D%2A%34%45%2A%6D%37%37%6D%2A%42%7C%51%79%58%2C%2A%37%6D%2A%45%51%7C%79%58%2C%2A%37%6D%2A%42%7C%51%79%58%2C%2A%2A%2C%20%42%62%34%54%41%2A%7B%2C%33%31%62%39%37%2A%2C%58%79%68%23%46%7C%51%79%58%2C%2A%37%6D%2A%41%5A%2C%4C%46%2F%2A%6D%2A%23%46%20%2C%43%2F%44%7C%51%2C%20%42%37%62%6D%2A%41%5A%4C%2A%37%6D%2A%62%4E%31%45%2A%6D%6D%2A%42%7C%51%79%58%2C%2A%37%6D%2A%45%7C%79%51%58%2C%2A%37%6D%2A%42%7C%51%79%58%2C%2A%37%37%2A%2C%20%42%42%2A%5B%5D%20%6D%2A%45%32%4E%6D%37%2A%2C%58%2C%33%31%62%39%62%37%42%20%68%23%46%7C%51%58%79%37%5E%47%7C%51%79%58%2C%43%2F%44%7C%51%79%20%7D%5B%2A%43%2A%41%5A%4C%2C%58%2C%2A%37%6D%51%7C%42%2A%6D%2A%37%6D%2A%62%42%20%2C%2A%37%6D%2A%42%7C%79%51%58%2C%2A%37%6D%2A%45%7C%51%79%58%2C%2A%37%2C%4C%5A%41%2A%79%58%2C%2A%37%79%51%7C%44%2F%43%2C%58%79%51%7C%45%2A%6D%37%2A%2C%58%79%51%7C%42%2A%6D%37%2A%2C%58%79%51%5A%20=%4A%61%7A%7A%2D%4D%65%64%69%75%6D%20%53%77%69%6E%67=%31%30%30=%33
d597edd6-ba41-4471-b0f7-980e5d17e53e,irealb://%44%65%20%47%6C%6F%72%69%61%20%45%6E%20%47%6C%6F%72%69%61=%42%61%72%72%69%65%6E%74%6F%73%20%4D%61%72%63%6F%73==%52%6F%63%6B=%45%62==%31%72%33%34%4C%62%4B%63%75%37%7C%51%79%58%62%34%45%62%20%46%42%2A%2C%62%45%41%2A%7B%7D%20%62%42%20%2D%5A%47%4C%46%20%62%45%5A%4C%2D%44%20%2D%47%5A%4C%58%79%51%7C%42%34%54%69%2A%7B%47%2D%58%79%51%7C%46%58%79%51%7D%3C%50%61%64%73%20%70%69%61%6E%6F%20%32%32%33%3E%20=%50%6F%70%2D%52%6F%63%6B=%31%31%35=%31
d5b7a33c-49ad-4f7e-95df-215e6124d055,"irealb://%50%6F%64%65%72%20%44%65%20%54%75%20%56%69%63%74%6F%72%69%61%20%31=%48%6F%75%67%68%74%6F%6E%20%49%73%72%61%65%6C==%52%6F%63%6B=%43==%31%72%33%34%4C%62%4B%63%75%37%23%47%5A%4C%23%54%34%34%42,%79%58%2D%23%47%5A%4C%23%44%20%3E%2E%2E%2E%61%6E%64%75%61%6C%70%41%20%39%36%2A%3C,%41%2A%51%7C%42%20%44,%69%2A,%7B%72%6F%74%63%69%7D%7C%3C%2A%36%7A%6F%76%20%6E%6F%43%32%37%2A%3C%7B%51%79%23%58%46%5A%4C%42%20%45%3E%64%61%74%69%72%47%36%20%64%65%20%76%20%23%46%20%2D%65%72%65%20%75%2D%58%79%51%7C%36%2A%3C,%41%2A,%20%2D%23%43%7D%20,,%51%20%20%23%46%7C%51%79%58%42%7C%51%79%58%45%39%58%79%51%54%23%43%3E%61%69%58%2D%23%43%7C%65%74%65%72%6E%7C%51%79%58%23%46%7C%51%79%58%42%7C%51%79%42%58%7C%7C%51%79%58%45%5A%4C%20%3E%2E%2E%2E%6F%46%23%58%79%51%20%6C%65%20%73%3E%2E%2E%2E%2E%2D%58%79%51%7C%20%73%6F%4E%20%51%79%58%51%79%58%51%79%58%79%51%58%51%79%58%51%79%58%51%79%58%39%36%2A%3C%64%69%73%74%65%23%43%7C%51%79%37%2A%3C%5B%51%45%58%79%51%7C%7C%51%79%58%2D%23%47%7C%51%79%58%23%46%7C%79%51%58%23%46%7C%51%79%58%42%7C%51%79%58%42%7C%47%23%2D%58%79%7C%51%79%58%45%36%2A%3C%20%23%61%6D%6F%73%20%79%58%42%7C%51%79%58%45%7C%51%79%58%2D%23%7C%47%51%79%58%2D%23%43%3E%61%79%75%6C%65%6C%61%51%7C%4E%31%46%74%6E%61%43%31%58%45,%51,%20%41%3E%20%20%41%20%6F%54%20%20%32%37%2A%3C%20%46%7C%51%58%79%46%7C%51%79%58%46%7C%51%79%58%46%32%4E%7D%3E%20%20%7D%7B%6F%54%20%20%39%79%51%7C%45%58%79%51%7C%45%58%79%51%7C%42%58%79%51%7C%42%58%79%51%7C%46%23%58%79%51%7C%46%23%58%79%51%7C%43%23%2D%58%79%51%7C%43%23%2D%58%79%51%7D%20=%50%6F%70%2D%52%6F%63%6B=%31%31%35=%31"
d5ad209a-035f-4493-a04e-865a0c1904f9,irealb://%31%38%20%42%6C%75%65%73%20%28%4D%65%64%20%53%77%69%6E%67%29%20%47=%55%6E%6B%6E%6F%77%6E==%42%6C%75%65%73=%47==%31%72%33%34%4C%62%4B%63%75%37%2C%37%44%5A%4C%37%58%79%51%4B%79%58%37%47%5A%4C%20%6C%63%4B%51%79%58%37%5A%43%4C%20%78%20%5A%4C%20%78%20%5A%4C%20%6C%63%51%4B%63%6C%20%47%34%34%54%7C%58%79%51%7C%43%37%58%79%51%7C%47%37%58%79%51%4B%63%6C%20%3C%38%78%3E%20%7D%20=%4A%61%7A%7A%2D%4D%65%64%69%75%6D%20%53%77%69%6E%67=%36%30=%31
d5e41a4c-e2bd-4792-bf1d-64223e52f84a,irealb://%47%6F%69%6E%67%20%54%6F%20%54%68%65%20%52%61%63%65%73%20%2D%20%46%6C%69%6E%6E%65%72=%53%74%61%6E%6C%65%79%20%43%61%72%74%65%72==%50%6F%70%20%2D%20%42%6C%75%65%67%72%61%73%73=%47==%31%72%33%34%4C%62%4B%63%75%37%63%4B%51%79%58%58%79%51%4B%63%63%4B%51%79%58%44%5A%4C%20%6C%63%4B%51%79%47%58%5A%4C%20%6C%63%4B%51%79%58%43%5A%4C%20%6C%6C%20%4C%5A%47%47%34%34%54%5B%6C%20%4C%5A%43%58%79%51%4B%63%6C%20%4C%5A%44%58%79%51%4B%63%6C%20%4C%5A%47%58%79%51%4B%63%6C%20%20%5A%20==%30=%30
d59224e0-27e9-4e06-b5ed-6aaca0b37572,irealb://%41%72%6B%61%6E%73%61%73%20%54%72%61%76%65%6C%65%72%20%28%54%65%78%61%73%20%53%74%79%6C%65%29=%54%72%61%64%69%74%69%6F%6E%61%6C==%46%69%64%64%6C%65%20%54%75%6E%65=%44==%31%72%33%34%4C%62%4B%63%75%37%4C%6F%23%47%20%34%44%20%42%2D%2F%44%20%44%5A%4C%23%43%2F%37%41%20%41%5A%23%4C%47%2F%37%45%20%45%5A%4C%2D%42%20%44%5A%4C%46%23%4C%5A%47%34%54%41%2A%5B%4C%23%43%2F%37%2F%43%23%4C%5A%23%46%2F%44%20%44%5A%4C%6F%23%47%20%47%5A%23%4C%46%2F%44%20%44%42%2A%5B%59%5D%20%44%20%41%4C%5A%41%20%41%37%41%20%41%5A%5A%44%20%44%2F%46%23%4C%5A%47%20%47%23%6F%4C%5A%41%20%41%37%2F%43%23%4C%5A%41%20%44%20%5A%20=%4A%61%7A%7A%2D%4D%65%64%69%75%6D%20%53%77%69%6E%67=%31%30%30=%33
d53f4635-298c-4db4-af34-df5f9200b93b,irealb://%54%6F%70%73%79%20%2F%54%47%4A%43=%42%61%74%74%6C%65%2F%44%75%72%68%61%6D==%4D%65%64%69%75%6D%20%53%77%69%6E%67=%43%2D==%31%72%33%34%4C%62%4B%63%75%37%62%41%28%37%47%34%43%2D%20%42%51%79%58%7C%72%51%79%58%5A%4C%51%79%58%7C%51%72%79%58%5A%4C%37%47%20%37%62%41%5A%4C%37%62%4C%5A%43%2D%20%34%54%41%2A%7B%5A%4C%37%62%42%37%29%7C%43%2D%4C%37%47%20%68%44%7C%51%79%58%2C%2D%46%5A%20%4C%78%20%5A%4C%37%43%20%2D%46%5A%4C%37%43%20%5A%7C%43%2D%20%47%28%20%29%37%62%42%7C%5A%4C%37%4C%5A%43%2D%79%58%37%46%5A%4C%20%6C%63%4B%51%79%58%37%42%43%2A%7C%5D%51%79%58%2D%43%5A%4C%2C%37%47%20%51%4B%63%6C%20%47%20%37%62%41%5A%4C%37%47%20%63%6C%20%4C%5A%37%62%42%20%2D%43%43%2A%5B%5D%20%29%37%47%20%28%20%29%37%62%41%28%37%47%7C%51%79%58%62%45%4C%5A%41%62%37%4B%51%79%58%37%6F%69%47%20%6E%58%79%51%4C%5A%20%79%62%20%64%65%62%69%72%63%73%6E%61%72%28%74%20%6E%6F%69%73%72%65%76%20%37%34%39%31%3C%4D%61%72%74%69%7C%72%51%79%58%61%6E%69%29%3E%58%79%51%72%7C%58%79%51%4C%5A%43%2D%20%20%28%47%37%29%4C%5A%47%37%28%43%2D%29%20%20%28%47%37%29%20%5D%20=%4A%61%7A%7A%2D%4D%65%64%69%75%6D%20%53%77%69%6E%67=%31%30%30=%33
d5f83f95-7c5d-472c-8c92-bb9119202469,irealb://%59%6F%75%72%20%4D%6F%74%68%65%72%20%53%68%6F%75%6C%64%20%4B%6E%6F%77%20%2D%20%46%6C%69%6E%6E%65%72=%4D%63%43%61%72%74%6E%65%79%20%4C%65%6E%6E%6F%6E%2C==%50%6F%70%20%52%6F%63%6B=%43==%31%72%33%34%4C%62%4B%63%75%37%79%58%37%44%7C%2D%58%79%51%4B%5A%4C%42%2F%43%20%43%7C%51%79%58%37%47%7C%79%51%58%2D%44%7C%51%79%58%37%41%5A%4C%20%6C%63%41%37%58%79%51%41%34%34%54%7B%79%58%2D%41%34%79%51%7C%43%58%58%2D%41%34%32%54%7C%51%79%58%37%45%32%4E%4C%5A%51%79%58%7D%51%79%58%37%45%31%4E%7C%51%79%79%51%7C%54%34%58%37%47%7C%51%51%7C%46%58%79%51%7C%46%58%79%51%7C%47%58%79%51%7C%43%58%79%51%7C%45%37%58%79%51%5D%20==%31%34%38=%30
d59dcce7-9089-4459-8c84-32a49db0e754,irealb://%41%20%6E%6F%73%20%61%63%74%65%73%20%6D%61%6E%71%75%C3%A9%73=%46%72%C3%A9%64%C3%A9%72%69%63%6B%73%20%47%6F%6C%64%6D%61%6E%20%4A%6F%6E%65%73==%4D%65%64%69%75%6D%20%53%77%69%6E%67=%45==%31%72%33%34%4C%62%4B%63%75%37%7C%51%79%58%41%42%4C%5A%43%23%79%58%2D%23%43%34%32%54%5A%4C%42%20%45%5A%41%4C%20%2D%23%43%5A%4C%42%20%45%5A%4C%41%20%2D%51%7C%54%34%34%20%45%69%2A%5B%45%5A%4C%42%20%59%7B%2A%41%3C%23%47%20%2D%23%43%5A%4C%45%20%41%5A%4C%42%45%20%3E%20%74%65%6C%70%75%6F%43%20%20%30%37%2A%2D%4C%5A%46%23%5D%51%79%58%78%7B%59%20%20%51%20%45%4C%5A%46%5D%51%79%58%29%42%28%78%7C%51%79%58%41%7C%20%7D%29%42%28%20%20%41%5A%4C%2D%23%47%20%2D%23%58%79%51%58%79%41%5A%4C%42%20%3C%7D%20%41%20%38%20%20%52%65%42%20%45%5A%4C%41%20%2D%23%43%5A%4C%42%20%3E%45%75%72%74%73%6E%49%20%2F%20%6E%69%61%72%66%4C%5A%43%23%2D%36%2A%3C%42%2A%6E%49%20%2D%20%20%2D%20%43%6F%20%2D%20%32%20%74%65%6C%70%75%6F%43%20%2D%31%20%20%66%65%52%20%2D%20%31%20%74%65%6C%70%75%52%65%66%20%32%6F%72%74%6E%49%73%6E%49%20%2D%2D%3E%58%79%51%52%20%2D%20%33%20%74%65%6C%70%75%6F%43%34%2A%32%3C%20%51%79%58%51%79%58%51%79%58%51%79%58%65%66%20%33%20%20%75%72%74%73%74%72%75%20%28%61%64%20%6C%69%62%29%3E%20==%30=%30
d5ace4af-2ea3-4583-9c1a-0727261880d8,irealb://%43%6F%75%63%6F%75=%46%65%6C%69%6E%65%2D%44%61%79%64%65==%4D%65%64%69%75%6D%20%53%77%69%6E%67=%43==%31%72%33%34%4C%62%4B%63%75%37%43%31%4E%5A%4C%34%3C%20%41%41%46%7C%51%79%58%46%5A%4C%20%6C%63%4B%51%79%2D%58%41%5A%4C%20%6C%63%4B%51%79%58%43%3E%41%42%23%6F%20%47%37%34%54%41%2A%7B%63%4B%51%79%58%44%2D%20%47%37%5D%20%55%20%3E%65%6E%69%46%3C%6C%63%4B%51%58%79%43%32%4E%5A%4C%20%51%79%58%51%79%58%7D%20%5B%2A%42%43%37%5A%4C%2D%41%20%20%3E%2E%64%6E%58%79%51%4B%63%20%6C%61%20%2E%43%2E%44%3C%7C%51%79%58%37%5A%47%4C%20%6C%63%4B%51%79%58%37%44%5A%4C%20%6C%32%6E%64%20%45%46%5A%4C%20%6C%78%20%20%5D%20==%30=%30
d5d5d385-6526-4a71-b243-001417d69db8,irealb://%56%69%70%65%72%27%73%20%44%72%65%61%6D%20%32=%52%65%69%6E%68%61%72%64%74%20%44%6A%61%6E%67%6F==%4D%65%64%69%75%6D%20%53%77%69%6E%67=%43==%31%72%33%34%4C%62%4B%63%75%37%58%37%46%41%2A%34%43%2F%43%20%43%2F%43%5A%4C%44%2F%37%47%20%45%2F%37%44%4C%5A%46%2F%2D%46%20%47%2F%46%5A%4C%47%2F%37%43%58%79%51%7D%7B%34%54%69%2A%7B%43%7C%51%79%58%20%4C%5A%58%79%58%37%44%7C%51%79%58%37%46%5A%4C%20%6C%63%51%4B%79%58%37%62%45%7C%5A%4C%51%79%58%7C%72%51%79%51%7C%47%37%6C%63%4B%51%79%65%75%6C%42%20%4E%31%46%37%20%6C%6F%53%20%3C%20%51%79%58%7C%7D%20%3E%29%73%2E%61%65%6D%20%64%65%70%70%6F%72%64%28%3C%20%6F%73%3A%20%43%7C%51%79%58%37%79%58%7C%72%51%58%79%51%20%4C%6C%63%4B%51%79%58%3E%78%34%3C%43%42%2A%7B%20%5D%37%47%20%46%55%7C%51%79%58%37%46%32%4E%5A%20%4C%5A%58%79%51%79%58%3E%73%51%4C%5A%46%37%58%79%51%4B%63%6C%20%4C%5A%43%58%79%51%4B%63%6C%20%4C%5A%47%37%58%79%51%4B%63%6C%20%4C%5A%43%58%79%51%4B%63%6C%20%20%7D%20==%30=%30
d5657f42-3e6b-4a98-b526-fb167dc5230e,irealb://%53%C3%B3%20%44%61%6E%C3%A7%6F%20%53%61%6D%62%61%20%31=%4A%6F%62%69%6D%20%41%6E%74%6F%6E%69%6F%2D%43%61%72%6C%6F%73==%42%6F%73%73%61%20%4E%6F%76%61=%43==%31%72%33%34%4C%62%4B%63%75%37%79%58%36%43%31%34%43%36%58%79%37%47%7C%51%79%58%37%2D%44%5A%4C%20%6C%63%51%4B%79%58%37%44%7C%51%79%58%35%23%37%41%7C%51%58%79%51%7C%4E%34%54%41%2A{%46%7C%51%79%58%75%73%58%79%51%58%37%2D%47%42%2A[]%20%20%6C%63%4B%51%58%79%36%43%32%4E%5A%4C%20%51%79%58%51%79%58}%79%51%7C%43%37%73%39%47%7C%51%79%58%37%46%7C%4B%63%6C%20%4C%41%2A[]%51%79%58%37%47%7C%51%79%58%37%44%2D%7C%51%79%58%37%44%7C%51%79%58%37%2D%41%5A%43%36%58%79%51%51%79%58%37%5E%51%7C%44%37%58%79%51%4B%63%6C%20%4C%5A%44%2D%37%58%79%51%7C%47%37%58%79%51%7C%55%43%36%58%79%51%7C%44%2D%37%20%47%37%23%35%20%5A%20==%30=%30
d5ed17a3-35f8-4298-b28e-9c16979f4cb0,irealb://%4E%65%73%65%63%69%74%6F%20%55%6E%20%45%6E%63%75%65%6E%74%72%6F%20%28%41%6C%65%78%29=%57%69%6E%65%20%4E%65%77==%42%61%6C%6C%61%64=%45%62==%31%72%33%34%4C%62%4B%63%75%37%70%2C%2D%43%31%20%28%43%2D%29%79%58%51%79%58%51%79%58%3E%32%58%34%37%2A%29%3C%2D%46%28%20%29%23%47%28%20%29%62%42%28%20%51%20%2A%76%4E%69%2A%51%79%58%58%35%34%2A%3C%62%2C%70%47%23%79%58%51%79%58%3E%20%20%38%20%67%6E%69%72%73%74%67%20%64%61%65%6C%20%20%32%58%37%32%2A%3C%51%28%45%62%29%45%70%2C%62%42%20%29%2D%43%28%20%3C%2A%36%30%28%20%29%2D%47%28%20%29%62%42%28%20%29%2D%28%43%20%51%79%58%3E%65%64%75%6C%72%65%74%6E%49%47%23%29%20%20%51%79%58%3E%32%79%58%51%79%58%28%47%2D%29%20%34%37%32%2A%3C%23%47%70%2C%62%45%70%2C%62%70%42%2C%2D%43%32%4E%76%2A%51%79%58%29%2D%46%28%78%3E%58%79%51%20%29%62%42%28%29%62%42%28%20%39%49%6E%74%65%20%29%23%47%28%20%29%2D%47%28%20%29%62%42%20%28%29%2D%43%28%20%51%79%58%3E%65%64%75%6C%72%20%28%43%2D%29%33%2A%3C%20%51%36%2A%3C%51%79%20%28%46%2D%29%79%58%2D%47%70%2C%2D%43%70%2C%62%42%70%2C%47%23%31%4E%43%2A%51%79%58%3E%78%34%34%37%2A%3C%51%58%79%51%58%29%2D%47%28%20%70%2C%23%47%70%20%20%62%73%74%2D%43%31%4E%42%2A%20%51%79%58%51%79%58%51%58%79%51%79%58%51%79%58%3E%39%20%20%67%6E%69%72%2C%70%42%62%2C%64%61%65%4C%36%70%2C%2D%43%70%31%36%78%3E%58%23%47%32%4E%43%2A%20%51%79%58%51%79%58%51%58%79%51%79%58%51%79%58%51%79%58%51%79%58%51%79%2C%70%42%62%2C%35%2A%3C%2D%46%79%58%3E%21%68%58%79%51%58%79%68%6F%20%20%6F%72%74%75%4F%34%37%2A%3C%20%79%51%58%51%79%58%51%79%58%51%79%58%51%79%58%51%21%58%79%51%4F%51%79%58%2D%47%51%58%79%51%28%43%2D%29%20%28%44%2F%42%62%29%20%28%45%62%29%20%28%41%62%29%20==%30=%30
d5b9f3ed-00c5-4f19-adc3-28b3b7c4dca1,irealb://%41%64%6F%72%65%6D%6F%73=%4A%65%73%75%73%20%57%6F%72%73%68%69%70%20%43%65%6E%74%65%72==%57%6F%72%73%68%69%70=%45==%31%72%33%34%4C%62%4B%63%75%37%6F%6D%65%74%6E%34%43%23%2D%20%39%36%2A%3C%41%2A%7B%5D%20%73%75%73%45%20%5A%45%4C%42%20%2D%23%46%5A%4C%45%20%41%5A%4C%42%20%4C%65%76%61%34%54%69%2A%5B%4C%45%20%41%5A%73%74%72%61%73%43%7C%51%79%58%42%7C%51%79%58%2D%23%43%7C%79%51%58%42%7C%51%79%58%45%3E%73%6F%6E%61%6D%20%23%2D%20%42%4C%65%75%6E%20%73%51%79%58%41%3E%42%4C%5A%45%58%6F%6D%65%72%6F%64%41%20%2E%2E%2E%73%6F%6D%72%65%6F%64%41%20%39%36%2A%3C%42%2A%7B%7D%51%79%73%2E%2E%2E%2E%20%2D%23%46%5A%3C%20%42%5A%4C%79%51%7C%45%58%3E%2E%2E%2E%61%64%69%76%20%75%73%20%6E%65%75%69%51%39%36%2A%3C%7B%7D%51%79%58%42%7C%51%79%46%23%2D%20%41%58%2D%23%43%7C%43%2A%7B%7D%20%54%6F%20%43%3E%54%20%20%39%36%2A%3C%20%3E%20%20%51%79%58%36%39%2A%3C%45%5A%4C%73%75%73%45%20%45%7D%20%20%6F%20%41%3E%20%20%20%39%36%2A%43%7C%51%79%58%52%65%79%20%64%23%47%2F%45%7C%51%79%58%41%3E%2E%2E%2E%6F%61%6E%72%65%62%6F%73%20%2C%73%65%79%65%72%20%65%58%79%51%7C%41%20%39%36%2A%3C%23%2D%58%79%51%7D%7C%55%45%58%79%51%5A%7C%20=%4A%61%7A%7A%2D%4D%65%64%69%75%6D%20%53%77%69%6E%67=%31%30%30=%33
d5d64ab0-5f3d-4136-9af3-4f3fb25d9ac4,"irealb://%41%64%6F%72%65%6D%6F%73=%4A%65%73%75%73%20%57%6F%72%73%68%69%70%20%43%65%6E%74%65%72==%57%6F%72%73%68%69%70=%45==%31%72%33%34%4C%62%4B%63%75%37%74%6E%61%76%65%34%43%23%2D%20%3C%41%2A%7B%5D%20%73%75%73%45%20%45%5A%4C%2F%42%23%46%20%2D%23%46%5A%4C%45%20%41%5A%4C%42%2A%36%39%20%4C%34%54%69%2A%5B%41%5A%4C%42%20%6E%75%65%73%74%79%58%42%7C%51%79%58%2D%23%43%7C%51%79%58%7C%42%51%79%58%45%3E%73%6F%6E%61%6D%20%73%61%72%51%7C%43%23%2D%20%73%6F%6D%65%2E%2E%73%6F%6D%23%2D%20%46%23%20%2E%2E%2E%73%6F%6D%65%72%6F%64%41%20%39%2A%36%3C%42%2A%7B%7D%51%79%58%45%5A%4C%42%2F%2D%41%64%6F%72%65%46%5A%4C%45%20%2D%23%46%3E%2E%79%51%7C%43%23%76%20%75%73%20%6E%65%69%75%51%39%36%2A%3C%7D%7B%51%79%58%42%7C%51%79%58%45%7C%51%79%58%2D%69%64%61%2E%2E%58%41%3E%2E%2E%41%20%6F%54%20%20%3C%2A%36%39%20%3E%20%20%51%79%58%39%36%2A%3C%45%5A%4C%75%73%73%45%20%45%7D%20%20%3E%43%20%6F%54%20%20%3C%2A%36%39%20%42%5A%4C%41%20%51%79%58%23%47%2A%43%3C%2A%36%58%41%3E%2E%2E%2E%6F%6E%61%72%65%62%6F%73,%20%73%65%79%65%72%20%65%64%20%79%65%52%20%39%79%51%7C%45%2F%7B%7D%20%20%3E%7C%41%58%79%51%7C%43%23%2D%58%79%51%7D%7C%55%45%58%79%51%5A%7C%20=%4A%61%7A%7A%2D%4D%65%64%69%75%6D%20%53%77%69%6E%67=%31%30%30=%33"
d5fa7eab-134b-46b3-8986-f03b374a1196,irealb://%48%61%74%65%20%49%74%20%48%65%72%65=%57%69%6C%63%6F==%4D%65%64%69%75%6D%20%52%6F%63%6B=%41==%31%72%33%34%4C%62%4B%63%75%37%2A%42%5A%4C%2A%4C%5A%44%4C%5A%41%5A%4C%41%5A%4C%44%5A%4C%2A%6D%2A%23%43%4C%5A%44%5A%4C%41%7B%20%44%5A%4C%2A%6D%2A%23%43%2A%64%69%6D%37%41%34%34%54%5B%2C%41%5B%2C%41%4C%5A%41%3C%34%4C%6E%5A%4C%45%7C%6E%2C%41%5A%4C%37%44%5A%6E%4C%7C%6E%2C%45%7C%2C%6E%2C%41%5B%7D%20%3E%78%5A%44%37%4C%5A%2A%35%62%37%6D%2A%35%62%37%6D%23%2A%6D%2A%4C%37%6D%69%64%2A%41%5A%4C%41%5A%4C%44%5A%4C%6D%2A%2A%23%43%5A%4C%44%5A%4C%41%7B%5D%20%44%5A%2A%4C%5A%42%2A%43%5A%4C%44%7C%44%5A%4C%41%5B%7B%45%2C%7C%45%41%5A%4C%2C%37%44%5A%4C%20%6E%2C%45%5A%4C%5A%45%4C%20%6E%2C%41%7C%2C%37%44%5A%4C%20%6E%2C%2C%6E%20%20%7D%7D%20%41%5A%4C%4C%20%5A%4C%20%6D%2A%4C%5A%44%20%5A%4C%20%5A%4C%41%55%5A%4C%2A%6D%69%64%42%2A%5A%4C%2A%37%6D%69%64%2A%41%5A%4C%41%5A%4C%4C%5A%20%4C%5A%2A%23%43%5A%4C%20%5A%4C%20%5A%4C%5A%20%4C%5A%5A%4C%20%5A%4C%20%5A%4C%20%5A%4C%20%5A%4C%5A%20%4C%20%5A%4C%20%5A%4C%20%5A%4C%20%5A%4C%20%20%4C%5A%20%4C%20%5A%4C%20%5A%5A%4C%20%5A%4C%20%4C%5A%20%4C%4C%20%5A%4C%20%5A%4C%20%5A%4C%20%5A%4C%20%4C%5A%20%5A%4C%20%5A%4C%20%5A%4C%20%5A%4C%20%5A%5A%20%4C%5A%20%5A%4C%20%5A%4C%20%4C%5A%20%4C%5A%20%4C%5A%20%4C%5A%20%4C%5A%20%4C%5A%20%20%5A%20==%38%31=%31
d5c5d694-6f51-4fa3-987f-47c08ef16009,irealb://%46%61%6C%73%65%20%48%65%61%72%74%65%64%20%4C%6F%76%65%72%20%42%6C%75%65%73%20%2D%20%46%6C%69%6E%6E%65%72=%42%6F%67%67%73%20%44%6F%63%6B==%50%6F%70%20%2D%20%42%6C%75%65%67%72%61%73%73=%43==%31%72%33%34%4C%62%4B%63%75%37%63%4B%51%79%58%58%79%51%4B%63%63%4B%51%79%58%43%7C%51%79%58%47%7C%51%79%43%58%5A%4C%20%78%20%5A%4C%20%78%20%5A%4C%20%6C%6C%20%4C%5A%43%43%34%34%54%5B%6C%20%4C%5A%20%78%20%4C%5A%20%78%20%4C%5A%43%58%79%51%7C%47%58%79%51%7C%43%58%79%51%4B%63%6C%20%20%5D%20==%30=%30
d5edb2af-f0f8-452b-9199-4ea7a91cded3,irealb://%48%6F%6C%64%20%74%6F%20%47%6F%64%27%73%20%55%6E%63%68%61%6E%67%69%6E%67%20%48%61%6E%64%20%2D%20%50%41%52%4B%49%4E%47%20%4C%4F%54%20%50%49%43%4B%45%52%27%53%20%20=%57%69%6C%73%6F%6E%20%61%6E%64%20%45%69%6C%61%6E%64==%43%6F%75%6E%74%72%79=%46==%31%72%33%34%4C%62%4B%63%75%37%61%43%20%20%51%44%65%66%61%75%62%42%20%5B%20%35%20%6F%70%61%43%20%20%51%58%79%2C%5D%20%46%20%5B%20%3A%79%65%4B%20%74%6C%20%5D%2C%58%79%38%31%2A%3C%20%58%51%79%58%3E%5B%20%43%20%5D%78%69%44%2F%70%72%61%68%73%32%65%62%20%3A%72%72%41%32%36%2A%3C%20%20%51%79%58%51%79%58%3E%42%72%75%63%65%20%37%20%6F%70%2D%6B%63%69%50%35%36%58%79%51%20%51%79%58%51%79%58%51%79%58%3E%56%20%2C%20%49%3A%64%65%73%55%20%73%64%72%6F%68%43%20%20%20%3C%2A%35%38%2A%3C%20%51%79%58%46%7C%51%79%74%65%73%3A%20%58%43%7C%51%79%58%46%7C%51%79%58%46%7C%51%58%79%46%34%34%54%41%2A%5B%20%20%51%79%58%3E%30%79%51%7C%46%58%6F%6E%20%70%75%51%79%58%46%7C%43%4C%5A%46%58%51%79%58%43%7C%51%79%58%46%7C%51%79%58%46%51%7C%79%58%46%7C%51%79%58%46%42%2A%5B%5D%51%79%7C%46%58%79%51%20%46%7C%51%79%7C%46%20%43%4C%5A%46%20%55%20%20%5A%58%79%51%58%79%51%58%79%51%58%79%51%58%79%51%58%79%51%58%79%51%58%79%51%58%79%51%20%3C%62%23%3E%20=%50%6F%70%2D%43%6F%75%6E%74%72%79=%31%32%32=%33
d58eb0f1-68a2-4c59-bbba-c833d08440d7,irealb://%48%6F%70%20%48%69%67%68%20%4C%61%64%69%65%73%20%2D%20%50%41%52%4B%49%4E%47%20%4C%4F%54%20%50%49%43%4B%45%52%27%53%20=%54%72%61%64%69%74%69%6F%6E%61%6C==%42%6C%75%65%67%72%61%73%73=%44==%31%72%33%34%4C%62%4B%63%75%37%70%61%43%20%20%44%65%66%61%75%20%47%20%5B%20%35%20%6F%70%61%43%20%20%51%58%79%2C%5D%20%44%20%5B%20%3A%79%65%4B%20%74%6C%5D%2C%58%79%51%38%31%2A%3C%20%79%58%51%79%58%20%41%20%5D%3E%42%78%69%44%2F%70%72%61%68%73%32%65%62%20%72%3A%72%41%38%35%2A%3C%20%20%51%79%58%51%79%58%72%75%63%65%3E%5B%20%37%20%6F%69%50%30%36%2A%36%58%79%51%20%58%51%79%58%51%79%58%3E%56%20%2C%56%49%20%49%2C%20%3A%64%65%73%55%20%73%64%72%6F%68%43%20%79%51%20%20%3C%35%2A%3C%20%51%4C%20%44%20%5A%20%6E%6F%74%65%4C%20%44%20%5A%4C%20%44%20%5A%4C%20%44%20%34%34%54%41%2A%5B%20%20%51%79%58%3E%32%20%3A%73%5A%20%41%20%4C%70%75%2D%6B%63%20%5A%4C%20%44%5A%20%47%20%4C%20%5A%4C%20%41%20%5A%4C%20%44%20%5A%4C%20%20%44%5A%4C%20%44%20%42%2A%5B%5D%20%20%41%20%5A%44%20%4C%5A%20%4C%20%44%20%5A%47%20%4C%5A%20%41%2C%55%20%20%5A%58%79%51%58%79%51%58%79%51%58%79%51%58%79%51%20%3C%62%23%3E%20=%50%6F%70%2D%42%6C%75%65%67%72%61%73%73=%31%32%30=%33
d5db6458-9cac-4905-a164-19f19ce2a3be,irealb://%4F%6C%64%20%48%6F%6D%65%20%50%6C%61%63%65%20%2D%20%50%41%52%4B%49%4E%47%20%4C%4F%54%20%50%49%43%4B%45%52%27%53%20=%57%65%62%62%20%61%6E%64%20%4A%61%79%6E%65==%42%6F%6C%65%72%6F=%47==%31%72%33%34%4C%62%4B%63%75%37%70%61%43%20%20%44%65%66%61%75%20%43%20%5B%20%35%20%6F%70%61%43%20%20%51%58%79%2C%5D%20%47%20%5B%20%3A%79%65%4B%20%74%6C%5D%2C%58%79%51%38%31%2A%3C%20%79%58%51%79%58%20%44%20%5D%3E%42%78%69%44%2F%70%72%61%68%73%32%65%62%20%72%3A%72%41%36%35%2A%3C%20%20%51%79%58%51%79%58%72%75%63%65%3E%5B%20%37%20%6F%58%51%79%58%51%36%58%79%51%20%2C%56%49%20%2C%37%49%49%49%20%2C%49%49%20%49%2C%20%3A%64%65%73%55%20%73%64%72%6F%68%43%20%20%56%3E%58%79%35%2A%3C%20%51%47%3E%3A%73%65%35%38%50%69%63%30%37%2A%3C%34%34%54%41%2A%5B%51%79%58%51%58%79%3E%32%20%3A%73%65%74%6F%6E%20%70%75%2D%6B%20%56%65%72%73%2A%3C%20%51%79%51%79%58%37%42%37%58%79%51%7C%7C%51%79%58%44%7C%51%79%58%44%7C%51%79%58%7C%47%51%79%58%47%7C%51%79%58%47%7C%51%79%58%43%47%58%79%51%7C%42%7C%51%79%58%79%58%44%3E%3A%7C%47%58%79%51%43%20%30%37%2A%3C%42%2A%5B%5D%51%79%58%47%51%7C%79%58%47%7C%51%79%58%44%7C%51%79%58%47%7C%68%6F%72%75%73%51%79%58%43%7C%58%43%7C%51%79%51%7C%47%58%79%79%58%47%7C%51%79%58%44%7C%51%79%58%44%7C%79%51%58%41%7C%51%79%58%41%7C%51%79%58%47%7C%51%51%7C%42%37%58%79%58%44%7C%51%79%51%7C%47%58%79%51%7C%47%58%79%51%7C%44%58%79%51%7C%47%58%79%51%7C%47%20%55%20%20%5A%3C%62%23%3E%20=%4C%61%74%69%6E%2D%43%75%62%61%3A%20%42%6F%6C%65%72%6F=%31%33%30=%33
d5d25100-45a2-444a-9c4a-3c7b640994a7,irealb://%53%70%6F%74%74%65%64%20%50%6F%6E%79%20(%42%72%61%64%20%4B%6F%6C%6F%64%6E%65%72)=%43%32%20%47%43%47%43%44==%43%6C%61%77%68%61%6D%6D%65%72=%43==%31%72%33%34%4C%62%4B%63%75%37%44%34%34%54%42%79%51%7C%44%20%20%41%5A%4C%20%78%20%5A%4C%47%20%44%7C%51%58%79%44%5A%4C%41%20%44%5A%4C%20%78%20%5A%4C%47%44%20%7D%7B%2A%58%44%41%2A%7B%58%79%51%4B%63%6C%20%4C%5A%20%78%20%4C%5A%44%20%41%4C%5A%44%58%79%51%4B%63%6C%20%4C%5A%20%78%20%4C%5A%41%20%44%20%7D%20=%50%6F%70%2D%42%6C%75%65%67%72%61%73%73=%32%30%30=%34
d5c4c3ca-5fb0-4a4a-8879-cc38c86c1691,irealb://%53%74%6F%63%6B%74%69%6D%65=%47%43%47%43%44==%43%6C%61%77%68%61%6D%6D%65%72=%43==%31%72%33%34%4C%62%4B%63%75%37%46%5A%4C%20%78%58%79%51%7C%46%47%5A%4C%20%78%20%5A%4C%43%20%46%7C%51%79%43%58%5A%4C%47%20%44%5A%4C%20%78%20%5A%4C%43%20%20%43%4C%5A%20%43%34%34%54%5B%46%7C%51%79%58%78%20%4C%5A%44%47%5A%4C%20%78%20%5A%4C%43%20%47%5A%4C%20%20%78%5A%4C%43%20%46%7C%51%79%58%43%5A%4C%47%20%20%43%4C%5A%43%20%5A%4C%43%20%20%43%4C%5A%20%78%20%4C%5A%44%20%47%4C%5A%43%58%79%51%7C%46%20%43%4C%5A%20%78%20%4C%5A%20%78%20%4C%5A%20%78%20%4C%5A%20%78%20%20%5A%20=%50%6F%70%2D%42%6C%75%65%67%72%61%73%73=%31%39%35=%34
d5672dfd-e635-4898-bb48-a97f7f22d8b8,irealb://%48%6F%6D%65%20%53%77%65%65%74%20%48%6F%6D%65%20%52%65%76%69%73%69%74%65%64%20%2D%20%46%6C%69%6E%6E%65%72=%43%72%6F%77%65%6C%6C%20%52%6F%64%6E%65%79==%50%6F%70%20%2D%20%42%6C%75%65%67%72%61%73%73=%46==%31%72%33%34%4C%62%4B%63%75%37%62%42%5B%7D%20%34%46%58%79%51%79%58%46%5A%4C%20%6C%63%4B%51%79%58%62%42%4C%5A%20%78%20%5A%4C%20%78%20%5A%4C%20%6C%63%4B%51%4B%63%6C%20%34%54%41%2A%7B%63%4B%51%79%58%6C%20%4C%5A%46%5D%20%20%6C%63%4B%51%79%58%46%5A%4C%20%6C%4B%63%51%79%58%62%42%5A%4C%20%6C%63%4B%51%79%58%5B%2A%42%42%62%63%4B%51%79%58%51%79%58%46%5A%58%79%51%4B%63%51%79%58%62%42%5A%4C%20%6C%63%4B%51%79%58%5A%46%4C%20%6C%63%4B%51%79%58%62%42%5A%4C%20%6C%4B%63%6C%20%4C%46%5A%4C%20%6C%4C%20%6C%63%4B%5A%42%62%20%41%5A%4C%20%6C%63%4B%51%79%58%2D%47%5A%4C%20%63%6C%4B%51%79%58%43%5A%4C%46%20%2D%47%5A%4C%2D%42%62%58%79%51%4C%20%6C%63%4B%5A%46%58%79%51%4B%63%6C%20%20%5A%20==%30=%30
d5fa3c6e-a638-46e7-b8dc-2662449418c6,irealb://%41%74%72%61%65%6D%65%20%41%20%54%69=%4D%2E%57%2E%53%6D%69%74%68==%57%6F%72%73%68%69%70=%47==%31%72%33%34%4C%62%4B%63%75%37%41%2A%7B%5D%2C%34%47%58%79%51%2C%45%2F%43%20%2C%47%2F%39%64%64%61%43%7C%79%51%58%47%7C%51%79%58%47%2F%39%64%64%61%43%7C%73%44%2F%46%23%34%54%69%2A%5B%5A%4C%44%2F%37%7C%43%2F%47%58%7C%51%79%58%45%2F%43%7C%51%79%58%23%46%2F%7C%44%51%79%58%47%7C%51%79%58%47%2F%44%7C%51%79%45%2D%20%45%2D%51%79%58%47%6C%64%64%61%43%5A%51%7D%7C%47%2F%47%42%2A%5B%5D%20%44%20%44%2F%43%7C%51%79%47%58%5A%4C%44%20%73%75%73%37%44%7C%51%79%58%44%20%44%2F%47%4C%79%58%37%5E%43%39%36%2A%3C%20%51%7C%47%20%44%64%61%43%5A%4C%47%2F%44%20%2C%47%6C%7C%2C%2C%44%73%75%73%44%73%20%45%2F%43%5A%4C%23%46%2F%64%39%2F%47%20%79%58%47%2F%39%74%61%67%3A%3E%4C%5A%41%2D%37%28%43%2F%47%29%20%44%4C%5A%4E%32%47%20%5D%4E%31%43%2C%44%7D%20==%30=%30
d5d67a76-63cc-404b-8b0a-048c0986f40b,irealb://%42%61%63%6B%20%49%6E%20%54%68%65%20%55%2E%53%2E%53%2E%52%2E=%4C%65%6E%6E%6F%6E%2D%4D%63%43%61%72%74%6E%65%79%20%28%54%68%65%20%42%65%61%74%6C%65%73%29==%52%6F%63%6B=%41==%31%72%33%34%4C%62%4B%63%75%37%51%79%58%41%41%34%34%3C%2A%37%20%78%20%5A%4C%20%78%20%5A%4C%20%6C%63%4B%79%51%58%37%45%3E%34%34%31%20%6D%70%62%20%20%34%20%5D%59%7B%2A%54%69%2A%5B%59%51%79%58%41%5A%51%7C%43%58%79%4E%7C%51%79%58%37%44%7C%51%79%58%37%43%7C%79%51%58%37%41%42%2A%5B%7D%51%79%58%37%44%7C%51%31%70%6E%20%4C%79%58%37%44%7C%20%37%41%5A%4C%20%7D%58%79%51%54%5A%4C%6E%73%34%32%54%7C%51%79%58%6E%5A%20%4C%6E%6C%2C%37%44%73%32%4E%5B%20%20%51%79%58%34%34%6C%41%20%37%45%70%70%7C%44%7C%51%79%58%43%53%44%58%79%42%20%36%43%5A%4C%23%43%2F%44%20%44%5A%4C%6C%20%63%4B%51%79%58%37%41%5A%4C%20%6C%63%4B%51%37%4C%5A%45%37%2A%5B%59%5D%20%58%37%44%7C%51%41%58%79%51%7C%6F%6C%6F%73%20%74%67%20%20%34%37%2A%3C%41%7B%2A%20%20%51%79%58%51%79%58%5D%20%37%45%70%70%20%3E%41%58%79%7C%51%79%58%37%2E%44%20%3C%7C%79%51%7C%44%37%4C%51%20%6E%70%7C%51%79%58%37%44%7C%51%79%37%58%43%7C%51%79%58%37%41%42%2A%5B%7D%51%79%58%5A%41%58%79%51%58%43%7C%51%79%6C%63%4B%51%79%20%43%6F%64%61%74%75%6F%20%34%37%2A%3C%7B%59%5D%20%37%45%70%70%7C%51%79%58%41%51%5D%51%79%58%2C%37%41%3E%72%6F%3E%41%58%6C%61%20%2E%53%20%3C%2A%36%33%33%78%3E%20%7D%55%66%41%58%79%51%5A%20=%50%6F%70%2D%52%6F%63%6B=%31%34%34=%31
d59108e5-9a22-4ba0-9cf2-c3c0b6d235a3,irealb://%52%61%69%6E%20%41%6E%64%20%53%6E%6F%77%20%2D%20%46%6C%69%6E%6E%65%72=%54%72%61%64%69%74%69%6F%6E%61%6C==%50%6F%70%20%2D%20%42%6C%75%65%67%72%61%73%73=%47==%31%72%33%34%4C%62%4B%63%75%37%46%7C%51%79%58%58%79%51%7C%46%47%7C%51%79%58%47%7C%51%79%58%46%7C%51%79%47%58%7C%51%79%58%47%7C%51%79%58%47%7C%51%79%58%58%79%51%7C%47%47%34%34%54%5B%58%79%51%7C%47%58%79%51%7C%47%58%79%51%7C%47%58%79%51%7C%46%58%79%51%7C%47%58%79%51%7C%47%58%79%51%5D%20==%30=%30
d52079f0-2ff8-4ab8-8b74-e05326c6a5cf,irealb://%57%68%79%20%59%6F%75%20%42%65%65%6E%20%47%6F%6E%65%20%53%6F%20%4C%6F%6E%67%20%2D%20%46%6C%69%6E%6E%65%72=%4E%65%77%62%75%72%79%20%4D%69%63%6B%65%79==%50%6F%70%20%2D%20%42%6C%75%65%67%72%61%73%73=%45==%31%72%33%34%4C%62%4B%63%75%37%45%7C%51%79%58%58%79%51%7C%45%42%7C%51%79%58%42%7C%51%79%58%45%7C%51%79%45%58%7C%51%79%58%45%7C%51%79%58%41%7C%51%79%58%58%79%51%7C%45%45%34%34%54%5B%58%79%51%7C%41%58%79%51%7C%45%58%79%51%7C%45%58%79%51%7C%42%58%79%51%7C%45%58%79%51%7C%45%58%79%51%5D%20==%30=%34
d511b469-5d81-4638-b410-b756d6684a6a,irealb://%42%6C%75%65%73%2D%31=%43%6F%6D%70%6F%73%65%72%20%55%6E%6B%6E%6F%77%6E==%4D%65%64%69%75%6D%20%53%77%69%6E%67=%46==%31%72%33%34%4C%62%4B%63%75%37%37%43%7C%51%79%37%58%79%51%7C%58%37%46%7C%51%79%58%78%7C%51%79%58%37%62%7C%42%51%79%58%78%7C%51%79%58%78%7C%51%79%58%78%79%51%7C%78%58%46%34%34%54%5B%58%79%51%7C%78%58%79%51%7C%46%37%58%79%51%7C%78%58%79%51%5A%20=%4A%61%7A%7A%2D%4D%65%64%69%75%6D%20%53%77%69%6E%67=%31%30%30=%33
d5c9030a-3704-4f3b-9e76-21351d81a23b,irealb://%53%74%69%72%20%49%74%20%55%70%20%2D%20%46%6C%69%6E%6E%65%72=%4D%61%72%6C%65%79%20%42%6F%62==%52%65%67%67%61%65=%41==%31%72%33%34%4C%62%4B%63%75%37%58%45%7C%51%79%54%34%34%41%58%6C%63%4B%51%79%58%41%2C%43%2A%2C%7B%5D%51%58%79%45%7C%51%79%58%44%5A%4C%20%6C%63%4B%51%79%20%4C%5A%44%58%2C%69%2A%2C%5B%58%41%7C%51%79%79%51%4B%63%6C%58%44%5A%4C%20%6C%63%4B%51%79%58%41%2C%76%2C%2A%5B%7D%51%79%58%45%7C%51%79%58%44%5A%4C%20%79%51%7C%45%58%58%41%7C%51%79%58%44%5A%4C%20%20%4C%5A%44%58%58%41%7C%51%79%58%45%7C%51%79%58%44%5A%4C%6C%20%63%4B%51%79%58%41%7C%51%79%58%45%7C%51%79%79%51%4B%63%6C%6C%63%4B%51%79%79%51%7C%45%58%79%51%5A%20==%30=%33
d5c68c74-158d-44ad-9224-eb075b12dfa6,irealb://%54%61%74%65%72%20%54%61%74%65%20%41%6E%64%20%41%6C%6C%65%6E%20%4D%75%6E%64%79%20%2D%20%46%6C%69%6E%6E%65%72=%48%61%72%74%66%6F%72%64%20%4A%6F%68%6E==%50%6F%70%20%2D%20%42%6C%75%65%67%72%61%73%73=%44==%31%72%33%34%4C%62%4B%63%75%37%7B%2A%41%54%34%34%44%58%79%51%4B%63%6C%20%4C%5A%20%78%20%4C%5A%41%20%44%20%7D%7B%2A%42%44%58%79%51%4B%63%6C%20%4C%5A%20%78%20%4C%5A%41%20%44%20%7D%20==%30=%30
d565338a-91ff-4087-8bbc-5d8cb7322f9c,irealb://%45%71%75%69%6E%6F%78%20%2D%20%53%68%65%72%20%4D%75%73%69%63%20%32=%43%6F%6C%74%72%61%6E%65%20%4A%6F%68%6E==%4C%61%74%69%6E=%43%23%2D==%31%72%33%34%4C%62%4B%63%75%37%79%58%51%79%58%34%43%23%2D%20%78%33%36%33%2A%3C%2C%23%43%2F%57%20%23%46%2D%2F%23%46%6C%7C%2C%23%47%2F%57%2C%23%46%2F%57%3E%57%2F%42%7D%34%54%69%2A%7B%42%2F%2D%23%43%33%38%43%23%2D%23%43%38%35%54%5A%4C%20%2D%23%43%38%33%54%4C%5A%20%2D%23%43%20%2D%23%43%38%35%54%5A%4C%20%2D%2F%47%23%20%54%7B%20%20%51%2F%2D%23%43%38%20%7D%59%7B%2A%2D%23%43%38%33%54%5A%4C%20%2D%23%43%20%2D%43%23%38%35%54%5A%4C%20%2D%23%43%38%33%54%53%41%20%4C%5A%54%35%3E%78%34%3C%20%79%58%51%79%58%2D%2F%42%20%20%34%54%5A%4C%20%23%46%2F%44%20%39%36%2D%23%38%46%35%54%5A%4C%20%39%2D%23%46%38%33%54%7C%7D%34%46%23%2D%39%23%43%20%23%47%79%58%51%79%58%38%43%23%2D%20%54%5A%4C%51%79%58%51%79%58%2D%23%43%34%34%5A%54%4C%20%2D%23%43%20%2D%23%43%38%35%54%5A%4C%34%34%41%31%33%33%54%5A%4C%51%43%38%33%54%5A%23%37%73%75%73%43%20%2D%23%43%38%35%54%5A%4C%20%2D%23%43%33%38%54%7C%51%79%58%35%23%39%62%37%23%47%20%20%23%2D%20%51%4C%47%5A%4C%20%51%29%73%6F%6C%6F%54%35%38%43%23%3C%23%43%2F%31%31%23%39%5E%45%34%34%54%42%7B%2A%59%7D%20%20%42%2F%2D%23%43%20%23%47%2F%2D%2A%37%34%28%73%5A%4C%20%2D%23%62%33%31%23%47%5A%78%4C%5A%78%73%33%31%41%5A%4C%78%5A%4C%23%43%2F%31%31%39%23%5E%45%5A%4C%78%5A%4C%31%31%2D%23%46%5A%4C%75%73%20%4C%5A%4C%78%5A%4C%3E%23%43%34%34%54%5E%39%23%31%31%7D%20%20%3E%61%64%6F%43%20%6C%61%20%2E%53%44%2E%3C%78%3E%78%34%3C%20%7C%51%79%58%23%43%2F%20%20%59%7C%51%45%5A%4C%20%39%43%2F%31%31%23%31%33%20%4C%5A%23%43%2F%2D%23%47%2C%23%43%2F%23%46%73%5A%35%4C%23%39%62%37%23%47%20%73%75%73%37%23%47%6C%2C%6C%45%5E%39%41%5A%4C%20%2D%23%2C%20%20%5A%55%20=%4A%61%7A%7A%2D%4C%61%74%69%6E=%31%30%38=%31
d5f25bff-7e5d-41cb-953f-eac5ceb90b10,irealb://%46%69%72%73%74%20%57%68%69%70%70%6F%6F%72%77%69%6C%6C%20%2D%20%46%6C%69%6E%6E%65%72%2C%20%54%68%65=%4D%6F%6E%72%6F%65%20%42%69%6C%6C==%50%6F%70%20%2D%20%42%6C%75%65%67%72%61%73%73=%47==%31%72%33%34%4C%62%4B%63%75%37%58%47%5A%4C%20%54%34%34%47%58%58%47%7C%51%79%58%44%7C%51%79%58%47%5A%4C%78%20%20%5A%4C%20%78%20%5A%4C%20%6C%63%4B%51%79%79%51%4B%63%6C%2C%41%2A%2C%5B%6C%63%4B%51%79%20%4C%5A%20%78%2C%5B%5D%20%20%6C%63%4B%51%79%58%47%7C%51%58%79%44%7C%51%79%58%47%5A%4C%20%78%20%5A%4C%20%2A%42%2C%43%58%6C%63%4B%51%79%6C%63%4B%51%79%79%51%4B%63%6C%6C%63%4B%51%79%58%43%5A%4C%20%6C%63%4B%51%58%79%47%7C%51%79%58%44%7C%51%79%58%47%5A%4C%20%20%4C%5A%47%58%58%47%5A%4C%20%20%4C%5A%47%58%79%51%7C%44%58%79%51%7C%47%58%79%51%4B%63%6C%20%20%5D%20==%30=%30
d5ce4b3a-4d67-4ca2-80d3-95599add5b5a,"irealb://%46%6F%72%67%65%74%20%52%65%67%72%65%74=%48%61%72%67%72%6F%76%65%20%52%6F%79==%52%6E%42=%43%2D==%31%72%33%34%4C%62%4B%63%75%37%43%20%37%2D%43%54%34%34%43%2D%7D%20%68%41%20%37%2D%43%5A%4C%68%41%20%37%43%2D%5A%4C%68%41%20%37%2D%43%5A%4C%68%41%20%37%7B,%2A%41,,%69%2A,%7B%62%41%5A%4C%73%62%2F%43%20%43%20%37%2D%46,%42%2A,%5B%7D%20%2D%43%20%2F%43%37%2D%46%5A%4C%43%2F%46%20%2D%43%5A%4C%2D%42%62%37%73%75%41%5A%4C%36%2D%42%7C%51%79%58%6C%74%4C%5A%43%42%5A%4C%37%46%20%37%62%47%5A%4C%37%47%20%62%5E%41%7C%51%79%58%37%2D%43%7C%51%79%58%37%2D%62%39%73%75%73%61%37%47%20%5E%62%39%73%75%73%58%79%51%5A%20=%50%6F%70%2D%52%6E%42=%37%35=%33"
d5ded650-3497-4f5e-b9d0-59587c3afd43,irealb://%48%61%79%20%55%6E%20%52%69%6F%20%28%53%61%6E%74%6F%20%65%73%20%65%6C%20%53%65%C3%B1%6F%72%72%29=%45%6E%20%74%75%20%70%72%65%73%65%6E%63%69%61==%42%61%6C%6C%61%64=%43==%31%72%33%34%4C%62%4B%63%75%37%51%79%58%44%42%34%45%2A%6D%2A%79%58%51%79%58%51%79%58%51%79%58%51%79%58%79%51%58%51%79%58%72%7D%20%44%20%47%5A%4C%43%20%51%20%20%5B%2A%34%54%41%2A%7B%51%79%58%2A%6D%58%79%51%7C%43%58%44%43%2A%5B%20%51%79%58%51%79%58%51%79%51%58%79%58%51%79%58%5D%51%79%58%44%5A%4C%47%20%79%51%7C%45%2A%2A%6D%2A%45%7C%7C%43%20%47%4C%5A%44%58%79%51%5A%20=%4A%61%7A%7A%2D%42%61%6C%6C%61%64%20%53%77%69%6E%67=%36%30=%33
d527e2f2-81fa-4177-b079-033c2c19dcac,irealb://%4E%61%64%69%65%20%45%73%20%4D%61%73%20%47%72%61%6E%64%65=%43%6F%6E%64%72%65%79%20%53%65%74%68==%42%61%6C%61%64%61=%43==%31%72%33%34%4C%62%4B%63%75%37%63%20%2C%65%72%34%46%20%47%4C%6D%20%20%36%36%2A%3C%41%2A%7B%5D%51%79%58%2D%37%41%5A%4C%47%20%46%7C%51%79%58%37%2D%41%5A%69%20%70%61%64%34%54%69%2A%5B%2D%41%5A%4C%47%72%2E%2E%2E%2F%58%37%2D%41%5A%4C%47%20%46%3E%2E%2E%2E%6C%6E%61%72%65%74%65%20%2C%64%61%74%73%65%6A%61%6D%79%51%7C%46%20%6F%64%61%65%72%46%5A%4C%37%2D%5B%2A%42%3C%2A%43%20%46%3E%2E%2E%2E%73%6F%72%74%6F%73%6F%20%6E%6E%6F%63%20%65%72%70%6D%65%69%73%20%36%36%4C%5A%47%20%41%7D%51%79%58%37%37%2D%44%7C%51%58%79%51%7C%43%5A%4C%42%2F%47%20%43%7C%51%79%58%47%7C%51%58%79%46%7C%51%79%58%37%2D%41%5A%4C%42%2F%47%20%41%2D%37%58%79%47%5A%4C%43%20%41%5A%4C%47%20%58%79%51%5D%7B%65%6C%62%61%72%61%70%6D%6F%63%6E%69%20%73%20%65%73%6F%69%44%20%69%6D%20%36%36%2A%3C%43%2A%2E%2E%2E%3E%46%47%7C%51%79%58%51%79%58%46%32%7C%46%20%47%4C%5A%4C%43%31%4E%5A%4C%47%20%46%7C%51%79%58%2D%37%41%5A%4C%47%20%46%7C%51%79%58%37%2D%41%5A%78%20%7D%7C%4E%51%79%58%37%2D%46%3E%2E%2E%2E%2C%7C%46%58%79%67%20%6E%61%74%20%73%65%20%65%69%64%61%6E%39%20%36%2A%3C%44%2A%7B%5D%2C%47%70%70%70%7C%51%72%61%6E%64%65%47%70%70%70%7C%2E%65%64%6E%61%70%70%70%47%2C%74%20%73%65%20%65%69%64%61%6E%20%39%36%2A%44%3C%2A%7B%7D%2C%47%70%70%70%7C%51%79%58%46%7C%61%6E%20%67%72%7C%51%79%58%2C%61%6E%20%39%36%20%47%4C%5A%41%7D%2C%43%2C%43%2F%47%73%20%37%2D%41%5A%4C%20%47%46%6C%7C%2C%43%2C%42%2F%47%73%20%2C%37%2D%7B%2A%44%3C%2A%2C%46%3E%2E%2E%47%3E%34%58%39%73%20%74%61%6E%70%7C%51%79%58%46%7C%2C%47%70%70%70%7C%51%58%79%2C%46%6C%3E%2E%2E%2E%65%64%6E%61%72%67%20%70%70%3C%2A%30%65%20%65%69%64%2C%7D%7C%66%46%58%79%51%5A%20==%30=%30
d5c64ac3-2feb-4a9c-8720-555d548a7e83,irealb://%53%61%6E%74%6F%20%28%55%6E%61%20%43%6F%73%61%29=%54%6F%6D%61%20%54%75%20%4C%75%67%61%72==%57%6F%72%73%68%69%70=%41==%31%72%33%34%4C%62%4B%63%75%37%20%61%79%20%73%34%41%2C%2A%41%73%6F%6C%20%2F%20%6F%64%61%72%61%70%65%72%20%70%61%74%73%65%20%6F%64%6F%74%20%36%36%2A%3C%20%68%69%6A%6F%34%54%69%2A%7B%6C%20%73%6F%64%2E%2E%2E%3E%4C%2A%3C%42%2A%5B%7D%20%2C%44%7C%2C%45%2C%44%4C%5A%78%5A%4C%41%5A%4C%78%5A%4C%44%5A%4C%78%5A%36%36%20%74%6F%6E%61%74%73%65%43%2A%7B%5D%20%72%73%6F%73%20%2D%23%46%5A%4C%44%7C%2C%45%2C%2D%23%46%5A%44%4C%5A%4C%41%5A%4C%44%5A%4C%41%3E%2E%2E%2E%79%2C%45%2C%7C%44%65%76%20%73%6F%23%43%2F%41%5A%74%75%20%65%72%23%43%2F%41%5A%4C%78%5A%4C%44%5A%4C%78%5A%41%4C%3E%2E%2E%2E%2E%2E%6F%74%6E%61%73%20%73%65%4C%5A%42%2D%4C%20%36%36%2A%3C%7C%51%79%58%44%7B%2A%44%3C%2A%23%43%7C%51%79%58%2D%42%3E%2E%2E%2E%65%72%64%69%65%70%20%61%73%6F%63%20%61%6E%75%20%36%36%2D%58%79%51%7C%7D%20%44%5A%4C%45%58%79%51%7D%20==%30=%30
d5130dd7-45c4-44ad-9e65-1eebee90d85d,irealb://%49%20%4E%65%65%64%20%59%6F%75=%53%74%69%67%65%72%73%20%43%75%72%74%69%73==%42%61%6C%6C%61%64=%47%2D==%31%72%33%34%4C%62%4B%63%75%37%4C%2C%62%42%2F%34%47%2D%20%43%2D%43%5A%4C%73%75%73%37%44%20%5E%62%45%5A%45%4C%2F%2D%47%20%46%2F%62%42%5A%4C%62%47%2F%68%37%20%43%2D%37%34%54%41%2A%7B%37%2D%47%32%4E%2F%46%23%4C%5A%2D%47%7C%51%79%58%2D%47%31%4E%5A%4C%2C%73%73%75%37%44%20%68%41%5A%4C%5E%62%45%20%39%2D%47%58%79%51%7D%7C%44%20%68%41%5A%43%7C%51%79%58%2A%42%42%62%31%51%79%58%2D%47%5A%4C%73%75%73%37%44%20%74%61%6C%37%41%7C%51%79%58%33%31%43%7C%51%79%58%33%7C%42%62%31%33%5B%5D%51%79%58%45%5A%4C%45%2F%7C%41%37%61%6C%62%42%5A%4C%62%47%2F%68%43%20%2D%47%41%2A%5D%5B%20%37%44%20%73%75%73%37%44%7C%51%79%58%74%2F%46%20%47%2D%51%79%58%33%31%5A%4C%73%75%73%73%75%73%4C%5A%5A%4C%5E%62%45%20%37%2D%47%5A%4C%23%46%2F%20%44%68%41%5A%4C%62%42%2F%37%2D%43%20%37%2D%43%41%68%20%44%37%37%44%20%5E%62%47%2D%58%79%51%5A%20==%30=%30
d5cb63f3-cdb8-431f-b3a8-0ba6d2db5978,"irealb://%49%20%57%6F%6E%27%74%20%43%72%79%20%41%6E%79%6D%6F%72%65=%46%72%69%73%63%68%20%2D%20%57%69%73%65==%42%61%6C%6C%61%64=%46==%31%72%33%34%4C%62%4B%63%75%37%41%2F%46%7C%51%34%46%5E%37%58%5A%4C%35%23%37%43%20%37%43%7C%51%79%58%37%47%2D%5A%4C%37%6F%62%41%20%41%2F%36%46%7C%51%79%46%5E%37%58%79%34%54%41%2A%5B%42%5A%4C%43%2F%4C%5A%41%68%37%5A%4C%37%41%20%46%7C%51%79%58%2D%62%42%7C%79%51%58%37%2D%47%7C%51%79%58%37%44%7C%51%79%58%44%2D%20%44%2D%37%6F%62%41%20%46%7C%51%79%58%45%37,%7C%6C%5B%7D%20%37%43%20%37%2D%47%7C%51%79%58%37%6C%47%7C,%37%2D%41,%37%5E%2D%41%73%20%2D%41%2A%41%46%5E%37%73%20%20%37%68%7C%51%79%58%37%62%6F%37%4C%5A%6F%62%41%20%41%2F%46%7C%51%79%58%37%5E%46%4C%5A%35%23%37%43%20%37%43%7C%51%79%58%37%2D%47%37%4C%5A%41%68%41%20%41%2F%36%4C%39%62%37%43%7C%47%2D%37%58%79%58%37%2D%47%5A%4C%37%6F%62%41%20%41%2F%7C%46%51%79%58%46%7C%51%79%58%2D%62%42%7C%51%79%51%7C%43%37%20%51%79%58%37%44%5A%46%58%79%51%4B%63%6C%20%20%5A%20==%30=%30"
d519450a-06ca-438d-9cd1-d35d170e3fd0,irealb://%49%27%6D%20%74%68%65%20%6F%6E%6C%79%20%6F%6E%65=%45%74%68%72%69%64%67%65%20%4D%65%6C%69%73%73%61==%4D%65%64%69%75%6D%20%53%68%75%66%66%6C%65=%47==%31%72%33%34%4C%62%4B%63%75%37%79%58%47%5A%4C%58%79%51%7C%58%51%79%58%5A%4C%51%79%58%7C%51%79%58%47%41%7B%2A%5A%4C%51%79%58%5A%4C%51%79%58%5A%4C%51%79%4C%5A%58%79%51%47%34%34%54%5B%79%58%46%7C%51%4C%5A%58%79%51%79%58%44%7C%51%79%58%2D%41%7C%51%79%58%44%51%7C%79%58%2D%41%53%42%2A%5A%4C%51%79%58%5A%4C%51%7C%47%58%79%51%79%58%7C%51%58%47%2C%51%2C%79%51%7C%47%58%7C%51%79%58%46%7C%51%79%58%43%7C%51%79%58%41%2D%7C%51%79%58%2D%45%7C%51%79%58%46%7C%51%79%43%58%79%51%7C%58%2D%45%7C%51%79%58%47%7C%51%79%51%7D%7C%2A%79%58%46%7C%51%79%58%47%7C%51%79%58%47%7C%79%51%58%46%7C%51%79%58%46%3E%6F%6C%6F%73%3C%43%51%7C%46%58%79%58%47%7C%51%79%58%2D%41%7C%51%3C%44%2E%53%3E%51%79%58%46%7C%51%79%58%47%7C%51%79%58%2D%7C%45%51%79%58%46%7C%51%79%58%47%2C%51%2C%5A%4C%7C%45%2D%58%79%20%20%47%7C%51%79%51%7C%43%58%79%51%7C%46%58%79%51%7C%43%58%79%51%7C%47%58%79%51%7C%47%58%79%51%5A%20==%30=%30
d520cb10-e7d7-4919-baff-500f210e9b5c,irealb://%50%72%6F%67%72%65%73%73%69%6F%6E%20%23%31%30=%45%78%65%72%63%69%73%65==%4D%65%64%69%75%6D%20%53%77%69%6E%67=%43==%31%72%33%34%4C%62%4B%63%75%37%31%23%39%5E%62%79%51%7C%45%2D%39%5E%62%45%7C%51%79%58%39%5E%43%7C%51%79%37%58%62%42%7C%51%79%58%39%2D%46%7C%51%79%58%37%58%79%51%7C%41%58%39%5E%43%5B%31%58%79%51%7C%44%62%5E%39%23%31%31%58%79%51%5D%20=%4A%61%7A%7A%2D%45%76%65%6E%20%31%36%74%68%73=%38%38=%34
d5955052-5306-454f-a7e6-9e41c131f9a4,irealb://%49%49%6D%37%20%62%49%49%37%20%49%4D%37=%60==%4D%65%64%69%75%6D%20%53%77%69%6E%67=%43==%31%72%33%34%4C%62%4B%63%75%37%6C%63%4B%51%79%79%51%7C%44%62%7C%51%79%58%39%42%7C%51%79%58%37%2D%43%5A%20%4C%6C%63%4B%51%79%58%37%5E%43%7C%51%79%58%39%42%62%5E%37%58%58%37%2D%44%5B%79%58%37%5E%62%2D%37%58%79%51%39%47%7C%51%79%58%37%2D%62%41%5A%4C%20%6C%4B%63%51%79%58%37%5E%62%41%7C%51%79%58%39%41%7C%58%79%51%7C%47%62%42%5A%4C%20%37%5E%44%7C%51%4C%5A%46%23%2D%7C%51%79%58%37%2D%45%5A%4C%20%6C%63%4B%51%58%79%37%5E%45%7C%51%79%58%39%46%7C%51%79%58%37%45%62%39%58%79%20%6C%63%4B%51%58%79%51%4B%63%6C%20%20%5A%20=%4A%61%7A%7A%2D%4D%65%64%69%75%6D%20%53%77%69%6E%67=%31%31%35=%33
d588a9ba-6112-4a39-856d-e2608907df53,irealb://%49%74%27%73%20%42%65%67%69%6E%6E%69%6E%67%20%54%6F%20%4C%6F%6F%6B%20%41%20%4C%6F%74%20%4C%69%6B%65%20%43%68%72%69%73%74%6D%61%73=%57%69%6C%6C%73%6F%6E%20%4D%65%72%65%64%69%74%68==%4A%61%7A%7A=%47==%31%72%33%34%4C%62%4B%63%75%37%47%7C%51%79%58%34%44%37%58%79%20%47%53%41%2A%7B%20%20%51%79%58%51%79%58%20%5D%37%44%6C%2C%37%6F%62%41%2C%37%44%73%7C%51%43%37%4C%5A%47%34%54%69%2A%5B%37%44%20%37%2D%43%20%45%37%4C%41%2C%37%2D%45%2C%6F%62%45%2C%44%73%5A%4C%2D%37%45%20%47%5A%4C%37%44%20%37%2D%41%31%4E%5A%37%2C%7C%6C%41%5A%4C%37%42%20%2A%5B%5D%51%79%41%2D%37%20%42%69%46%3C%5A%4C%51%2C%37%44%20%37%2D%41%5A%2C%4C%37%45%6C%2C%37%46%2C%47%73%5A%4C%37%6F%62%6E%65%3E%47%58%32%4E%7C%7D%20%20%2E%53%2E%44%51%7C%73%45%2D%37%44%5A%4C%2C%44%6C%2C%37%41%2C%44%73%7C%79%51%58%2C%37%41%5A%4C%2C%2D%45%6C%2C%37%42%2C%58%79%51%7C%3C%79%58%37%42%42%6C%7C%2C%37%45%6E%65%3E%73%44%45%73%20%37%2D%42%51%76%2A%5B%20%20%51%79%51%58%79%58%5D%20%37%44%6C%2C%37%6F%62%41%2C%37%37%73%75%73%2C%69%46%20%6C%61%41%2D%37%20%44%37%4C%5A%47%20%45%2D%37%4C%5A%41%2D%37%20%44%37%4C%5A%7C%47%20%45%2D%37%4C%5A%73%41%2D%37%2C%44%37%2C%6C%47%2C%20%5A%20=%4A%61%7A%7A%2D%4D%65%64%69%75%6D%20%53%77%69%6E%67=%31%30%30=%33
d5280495-2147-4d50-87e9-5b3e3b3b79ca,irealb://%49%74%27%73%20%57%6F%6E%64%65%72%66%75%6C=%43%61%6D%65%72%6F%6E%20%57%65%6C%6C%73%2C%20%53%2E%20%53%6D%69%74%68%2C%20%4D%69%74%63%68%65%6C%6C%20%50%61%72%69%73%68==%4D%65%64%69%75%6D%20%53%77%69%6E%67=%42%62==%31%72%33%34%4C%62%4B%63%75%37%62%42%31%4E%7C%34%42%62%36%58%7C%51%79%58%37%2D%43%7C%51%79%58%39%47%5A%37%4C%44%20%36%62%42%7C%51%79%58%37%46%7C%51%79%46%37%58%79%51%34%54%41%2A%7B%58%37%62%42%42%4C%5A%43%2D%37%58%36%62%42%5A%4C%37%2D%62%45%20%36%62%42%4E%32%5A%4C%20%51%79%58%51%79%58%7D%20%37%46%20%79%51%5D%5B%2A%37%2D%47%20%36%36%62%42%41%2A%20%4C%5A%45%62%37%46%7C%51%79%58%37%2D%43%5A%4C%20%6C%63%51%4B%79%58%37%43%7C%51%79%58%78%7C%51%79%58%36%58%79%51%5D%5B%6C%63%4B%51%79%20%37%2D%43%5A%37%58%79%51%7C%36%62%42%7C%51%79%58%37%46%7C%51%79%58%37%43%2D%7C%51%79%58%39%47%5A%4C%37%44%20%36%62%42%20%47%2D%37%4C%46%7C%51%79%58%46%37%20%5A%20==%31%30%30=%30
d51460a8-4875-4339-87d7-710fb7ac3171,irealb://%4A%75%62%69%6C%6F=%43%69%74%79%20%4D%61%76%65%72%69%63%6B==%57%6F%72%73%68%69%70=%44=%37=%31%72%33%34%4C%62%4B%63%75%37%2F%44%7C%51%79%34%44%58%79%51%7C%51%79%58%44%41%2A%5B%5D%51%79%58%73%75%44%73%7C%51%79%58%44%7C%51%79%58%73%75%73%44%7C%44%73%75%73%58%34%54%69%2A%5B%51%79%58%44%42%41%58%79%51%7C%58%2C%47%7C%2C%47%6C%66%20%23%46%2F%44%2C%2D%37%45%73%7C%51%79%58%41%7C%51%79%58%37%2D%42%79%51%5D%7B%2A%7C%51%79%58%47%7B%7D%51%79%58%79%51%7C%44%2F%23%46%2F%44%7C%51%79%58%37%2D%45%7C%51%79%44%58%69%2A%7B%7D%51%79%58%47%7C%51%79%58%23%46%58%79%51%7C%47%58%37%2D%45%7C%2A%43%44%58%79%51%7C%45%2D%37%58%79%51%7C%44%2F%46%23%58%79%51%7C%47%58%79%51%7D%20==%30=%30
d5a73b7c-b215-4aa4-b2cf-4be8fe1cfab6,irealb://%4D%65%20%56%6F%79%20%50%61%27%6C%20%50%75%65%62%6C%6F%20%28%31%32%32%29%20%31%78=%54%52%49%4F%20%4C%4F%53%20%50%41%4E%43%48%4F%53%3A%20%42%41%4E%44%4F%4E%45%4F%4E%2C%20%55%50%52%49%47%48%54%20%42%41%53%53%2C%20%44%52%55%4D%53==%4C%61%74%69%6E%3A%41%72%67%65%6E%74%69%6E%61%3A%54%61%6E%67%6F=%47==%31%72%33%34%4C%62%4B%63%75%37%2F%44%20%47%7C%34%3C%2A%36%36%5A%4C%37%2D%41%20%2D%41%5D%20%20%6E%2C%2D%3E%45%4F%52%54%4E%49%20%52%41%54%49%55%47%20%20%44%39%58%79%51%34%54%69%2A%5B%61%70%20%79%6F%2D%4C%5A%41%2D%22%20%20%3C%43%2A%5B%5D%51%79%58%36%47%5A%37%4C%5E%47%20%47%5A%4C%39%44%5A%4C%37%2D%41%20%20%4D%65%20%76%45%5A%4C%23%46%79%58%47%5A%4C%65%62%6C%6F%2E%41%7C%51%79%58%39%44%7C%51%79%58%39%41%7C%79%51%58%47%5A%4C%37%44%20%37%2D%41%3E%22%2E%2E%2D%37%20%44%37%75%70%20%6C%27%2C%37%2D%41%2C%31%20%44%37%4C%52%54%4E%49%20%52%41%54%49%55%47%20%20%51%58%79%36%36%2A%3C%53%69%2A%5B%5D%51%79%58%47%5A%4F%3E%73%41%2D%31%2D%41%7C%51%74%6E%61%54%22%47%2C%47%5E%37%5B%5D%20%36%47%7C%2C%37%5E%47%2C%47%5A%4C%44%37%7C%2C%37%2D%41%2C%2D%41%5A%4C%2D%45%7C%2C%2A%41%3C%20%20%5A%4C%39%44%7C%2F%37%5E%47%20%6D%6F%20%79%6F%20%23%46%2F%37%44%5A%4C%47%2F%57%3E%20%3C%37%20%2D%41%3E%22%2E%2E%6F%6A%61%62%61%72%74%20%44%37%4C%5A%47%6F%63%20%2C%6F%2D%41%42%2A%5B%36%2F%45%58%79%45%5A%4C%23%46%2F%44%20%47%5A%4C%37%44%20%46%23%2F%37%44%5A%4C%47%2F%57%20%37%2D%41%7C%51%2D%58%79%51%5D%47%5A%4C%23%46%47%20%47%7C%51%47%4C%5A%44%39%37%44%5A%4C%37%2D%41%20%2D%41%7C%51%79%58%45%2D%5A%4C%37%5E%47%20%47%7C%51%79%58%23%46%2F%2F%46%23%58%79%2F%37%2D%41%20%51%79%58%47%5A%36%58%79%51%5D%2D%41%7C%51%79%58%39%44%7C%51%79%58%39%41%51%7C%79%58%47%5A%4C%37%44%20%37%2D%41%43%2A%5B%37%20%44%37%4C%47%5A%4C%37%5E%4F%52%54%4E%49%20%44%37%4C%5A%55%47%20%20%36%36%2A%3C%69%2A%5B%5D%51%79%47%58%3E%65%6E%69%46%20%6C%61%20%2E%53%2E%44%3C%49%54%41%52%20%31%31%2D%41%7C%65%6E%69%46%3C%41%2D%37%2C%7C%47%2C%47%5A%4C%37%44%7C%2C%37%2D%41%2C%2D%5A%41%4C%2D%45%7C%2C%37%5E%47%2C%47%5A%4C%39%44%5E%37%2C%7C%55%2C%2D%41%73%3E%3E%47%36%20%5D%20=%4C%61%74%69%6E%2D%41%72%67%65%6E%74%69%6E%61%3A%20%54%61%6E%67%6F=%30=%33
d5075656-734f-4921-a30f-ec4a192aeda3,irealb://%4D%6F%64%61%6C%20%2D%20%37%2E%37%20%4C%6F%6B%72%69%61%6E%20%28%43%23%C3%B8%20%43%23%C3%B8%37%29=%46%75%73%73%65%6E%65%67%67%65%72%20%47%72%65%67%6F%72==%4D%65%64%69%75%6D%20%53%77%69%6E%67=%43==%31%72%33%34%4C%62%4B%63%75%37%7B%54%34%34%43%23%68%4C%5A%43%23%68%37%20%7D%20=%50%6F%70%2D%53%6F%75%6C=%34%35=%33%30
d5793985-87cb-41d1-b7af-35d2f61829ee,irealb://%53%20%30%37%31%20%49%6D%70%72%6F%76%69%73%65%64%20%53%6F%6C%6F%20%23%34%20%47=%4E%69%65%68%61%75%73%20%4C%65%6E%6E%69%65==%4D%65%64%69%75%6D%20%53%77%69%6E%67=%42%62==%31%72%33%34%4C%62%4B%63%75%37%46%20%37%2D%43%51%7C%78%58%79%37%2D%44%7C%51%79%58%2C%37%46%7C%51%79%58%2D%37%43%7C%51%79%58%78%7C%51%79%58%37%43%7C%51%20%47%37%4C%5A%79%58%62%42%5B%37%62%42%7C%51%58%79%51%7C%43%51%79%58%37%46%7C%51%79%58%37%2D%43%7C%51%58%79%78%7C%51%79%58%37%43%5A%4C%62%42%20%37%2D%7C%42%62%58%79%62%42%5A%4C%37%5A%4C%37%47%20%62%58%79%51%7C%58%2D%62%45%7C%51%79%58%62%45%7C%51%79%58%62%37%42%7C%51%79%58%62%42%7C%51%79%58%2D%62%45%79%51%7C%42%62%45%7C%51%79%58%42%7C%51%79%58%37%4C%5A%42%62%58%37%46%7C%51%79%58%37%2D%43%7C%51%79%58%7C%78%51%79%58%37%43%7C%51%79%58%78%7C%51%79%58%79%51%7C%42%62%46%20%37%2D%43%62%58%79%51%5D%20==%30=%31
d5b57009-a3de-4485-a72b-1d20c01176d9,irealb://%53%74%75%64%79%20%23%31%38%2D%31%39%41=%43%6F%6D%70%6F%73%65%72%20%55%6E%6B%6E%6F%77%6E==%4D%65%64%69%75%6D%20%53%77%69%6E%67=%46==%31%72%33%34%4C%62%4B%63%75%37%6F%42%20%36%62%34%73%46%20%20%39%46%7C%2C%39%62%47%2C%39%2D%47%2C%37%2D%2C%41%36%2D%62%42%5A%4C%20%46%20%7C%39%62%37%45%58%79%51%7C%42%34%54%41%2A%7B%2C%73%75%73%39%2D%37%4C%5A%4E%32%4E%5A%4C%20%51%79%58%51%79%58%7D%39%62%43%37%20%20%43%2F%37%2D%47%7C%51%79%58%39%47%31%47%2D%37%20%43%44%20%46%5A%4C%37%41%2C%68%45%7C%46%20%46%37%5A%4C%39%62%47%20%37%2D%47%5A%4C%6F%62%41%37%20%2D%41%7C%51%79%58%36%62%42%42%2A%5B%5D%20%46%2C%46%6F%2C%2C%39%62%37%43%73%34%34%54%41%58%79%51%7C%44%62%37%43%20%39%43%7C%2C%39%62%37%47%2C%73%73%75%39%47%20%39%47%7C%2C%39%62%41%20%20%37%2D%39%20%5D%7B%2A%37%2D%44%7C%2C%37%2D%44%20%46%62%39%7C%20%46%36%62%42%7C%51%79%58%39%46%7C%2C%39%62%47%39%2C%2D%47%2C%37%2D%41%2C%36%2D%62%42%5A%4C%20%20%42%6F%4C%5A%37%45%20%20%46%4C%5A%47%2D%37%20%43%39%73%75%73%2C%43%37%62%39%2C%7C%46%58%79%51%5A%20==%30=%30
d5b03dcd-5d52-4e05-9fce-77ed17af2531,irealb://%54%69%6D%27%73%20%42%6C%75%65%73%20%43%31=%4C%75%6D%6E%61%68%20%54%69%6D==%55%70%20%54%65%6D%70%6F%20%53%77%69%6E%67=%43==%31%72%33%34%4C%62%4B%63%75%37%46%20%37%43%5A%37%58%79%51%7C%37%2D%46%7C%51%79%58%37%46%5A%4C%37%45%20%23%37%46%5A%4C%37%42%20%37%43%7C%51%79%58%37%46%20%42%62%37%4C%43%34%34%54%5B%31%31%23%37%47%37%20%45%62%39%4C%74%6C%61%37%41%20%37%43%31%4E%5A%4C%37%46%23%20%37%62%44%5A%4C%37%47%20%37%2D%44%5A%4C%5A%44%2D%37%20%68%45%5A%4C%39%20%7D%58%79%51%58%79%51%20%4C%5A%4E%32%45%2D%37%20%45%62%2D%37%4C%5A%44%2D%37%20%44%62%37%28%47%37%61%6C%74%29%20%5A%20=%4A%61%7A%7A%2D%55%70%20%54%65%6D%70%6F%20%53%77%69%6E%67=%31%32%30=%33%30
d539b8cc-870a-4183-a458-e814bd3703c3,irealb://%57%68%61%74%27%73%20%55%70%3F%20%28%34%20%4E%6F%6E%20%42%6C%6F%6E%64%65%73%29=%50%65%72%72%79%20%4C%69%6E%64%61==%50%6F%70=%47==%31%72%33%34%4C%62%4B%63%75%37%74%75%4F%20%72%34%47%58%79%51%3C%43%7C%51%79%58%2D%41%7C%51%79%58%47%7C%79%51%58%47%7C%51%79%58%43%7C%51%79%58%2D%41%7C%46%75%69%74%61%34%54%7B%59%59%4C%4C%41%20%2D%79%51%7C%47%58%53%3C%20%51%79%58%51%79%58%51%79%58%51%79%51%58%79%58%3E%3F%20%6F%6E%61%69%50%3C%7D%51%79%54%41%52%54%20%58%3E%20%6F%72%55%47%2F%58%4F%58%79%51%58%79%57%20%45%53%52%45%56%20%46%4C%41%48%20%2D%44%20%4E%45%3C%20%51%79%58%51%79%58%51%79%58%51%49%54%48%20%56%3E%20%4E%49%20%49%54%41%52%3E%20==%30=%30
d53100d7-643c-4d4f-aff1-467da2aa7d50,"irealb://%57%68%6F%20%4B%6E%6F%77%73%20%57%68%61%74%20%54%6F%6D%6F%72%72%6F%77%20%4D%61%79%20%42%72%69%6E%67=%54%72%61%66%66%69%63==%50%6F%70=%41==%31%72%33%34%4C%62%4B%63%75%37%58%51%79%58%51%37,%20%42%62%51%79%58%51%79%58%51%79%58%7D%20%5A%4C%37%34%45%32%54%5A%4C%20,%37%42%34%34%54%5A%4C%37%58%79%51%58%79%41%34%32%54%7B%37%23%47%5A%4C%54%32%34%41%37%37%62%45%5A%4C%20%78%5A%4C%20%37%47%34%34%5A%54%4C%37%23%47%3E%73%75%72%6F%68%63%3C%20,%20%4C%5A%78%20%7B%5A%4C%51%79%20%4C%5A%78%20%4C%5A%45%62%37,%20%4C%5A%47%37%20%4C%5A%47%23%37%20%4C%5A%54%32%34%41%37%4C%5A%20%7D%20=%50%6F%70%2D%52%6F%63%6B=%31%31%35=%31"
d5a0fd85-b8ca-4694-a8ff-9045508f5e3a,irealb://%57%6F%6F%64%79%20%57%6F%6F%64%70%65%63%6B%65%72=%47%2E%20%54%69%62%62%6C%65%73%2C%20%52%2E%20%49%64%72%69%73%73==%4D%65%64%69%75%6D%20%53%77%69%6E%67=%46==%31%72%33%34%4C%62%4B%63%75%37%20%5E%46%6C%7C%34%46%5E%20%20%46%7C%51%79%58%5E%46%5A%4C%37%43%20%37%2D%6C%47%7C%6E%73%2C%6F%23%46%20%5E%46%6C%7C%6E%73%5E%20%20%73%6E%34%54%41%2A%5B%46%5A%4C%37%43%6E%7C%6C%47%2D%79%58%36%2D%62%42%7C%51%79%58%5E%62%42%42%5A%2A%4C%39%46%20%5E%46%5A%4C%51%2C%37%43%20%37%51%7C%46%5E%20%73%2C%6F%23%46%46%20%5E%46%51%47%37%58%79%51%58%37%43%3E%61%64%6F%43%20%6C%61%20%2E%53%44%2E%3C%7C%51%79%58%37%2D%47%5A%4C%20%6C%63%4B%79%51%5D%59%7C%7C%51%79%58%5E%5A%4C%37%43%20%5E%58%79%51%7C%44%20%5E%46%7C%51%79%58%5E%46%7C%51%79%58%46%6F%7C%51%79%58%5E%46%7C%51%79%58%36%2D%62%42%37%4C%5A%47%39%62%42%5A%4C%39%2C%55%2C%46%5E%58%79%51%5A%20==%31%36%35=%31
d57a32b9-8759-48f9-8b8f-1730ba6da781,irealb://%CE%9E%207%20chords%20Random%205%20%282%20bars%29=Valentin%20Thorey==Medium%20Swing=C%20==1r34LbKcu7A%20ZL%20G7%20LZ7B%20ZL%20x%20ZL%207F%20LZ%20x%20ZL%207E%20ZL%20x%20%20LZ%20x%20%5B44TL%207bGx%20LZ%20%20ZL%207bB%20ZL%20x%20Z%20L7bA%20ZL%20x%20ZL%207Cx%20LZ%20%20ZL%207Z%20x%20LZ%20Db7%20LZ%20x%20LZ%20D7%20LZ%20x%20LZ%20Eb7%20LZ%20x%20%20%5D==120=0
d51ba912-25f6-4622-b779-c53045383325,irealb://%CE%9E%207%20chords%202nd%E2%86%93%20%20%288%20bars%29=Valentin%20Thorey==Medium%20Swing=C%20==1r34LbKcu7%207bB%20C7%20LZZL%20x%20ZL%20x%20ZL%20xZ%20L%20x%20ZL%20x%20ZL%20x%20%20x%20LZ%20%5B44T%20ZL%20xLZ%20x%20bA%20ZL%20x%20ZL%20x%20Z%20Lx%20ZL%20x%20ZL%20x%20ZL7%20LZ%20%20x%20ZLL%20x%20Zx%20LZ%20L%20x%20ZL%207bG%20ZL%20%20xZL%20x%20ZL%20x%20ZL%20xZ%20x%20L%20ZL%20x%20x%20ZLZ%20x%20L%20x%20ZL%20x%20ZL%20x%20Z%20L7E%20ZL%20x%20ZL%20x%20ZLZ%20x%20L%20x%20Zx%20ZL%20LZ%20x%20x%20ZL%20x%20ZL%20x%20ZLx%20%20ZL%20x%20ZL%207D%20ZL%20LZ%20x%20x%20ZLZL%207A7%20LZ%20%20ZL%20x%20ZL%20x%20ZL%20%20xZL%20x%20ZL%20x%20ZL%20xx%20LZ%20B%20ZL%20L%20x%20Z%20x%20LZL%207G%20ZL%20x%20ZL%20xZ%20L%20x%20ZL%20x%20ZL%20x%20Z%20x%20LZL%20x%20%20x%20ZLZ%20x%20L%20x%20ZL%20x%20ZL%207F%20LZ%20x%20ZL%20x%20ZL%20x%20ZLZ%20x%20L%20x%20Z%20ZL%20xLZ%20x%20%20ZL%20x%20ZL%20x%20ZL%20%20xZL%207bE%20ZL%20x%20ZLx%20LZ%20%20x%20ZLx%20LZ%20x%20LZ%20Db7%20LZ%20x%20LZ%20x%20LZ%20x%20LZ%20x%20LZ%20x%20LZ%20x%20LZ%20x%20%20%5D==120=0
d5bee25a-5c4d-40ae-bb51-a1726a5f6e68,irealb://%D0%94%D0%B0%D0%B2%D0%B0%D0%B9%D1%82%D0%B5%20%D0%9D%D0%B5%D0%B3%D1%80%D0%BE%D0%BC%D0%BA%D0%BE%3D%D0%93%D0%BB%D0%B0%D0%B4%D0%BA%D0%BE%D0%B2%20%D0%93%D0%B5%D0%BD%D0%BD%D0%B0%D0%B4%D0%B8%D0%B9%3D%3DEven%208ths%3DC%3D%3D1r34LbKcu77-E%7CQyQ%7CE-yX7-E%7CQyXCA*%7B%7CyQX7-E%7CQyXC%7CQyX7Q%7CCXyXCi*%5BQyXC%7C-7XyQE%7CQyXC%7CQyX9b7AQ%7CyXA%2F7D%7CQyX7bA%7C-7XyQA%7CQyXXA%7CQyyQ%7CF%23%7CQyXA%5B%5DQyX7E%7CQXyEZL7B%207-A%7CQyX7C%23-7XX7-E%7C7G%7CQy-7XyQLE%207-D%7CQyX%23F%2F7%7CBQyX7F%7CQyX7-%23F%7CZDh7X%23C%7CQy%20C%5B%7D%20-7XyQlcKQyXC%7CQyX7G%7CyQX7%5EbE%7CQyX7-bA%7C%20%3Cx2%3EC%7CQyXQyXC%7C%5E7XyQF%7CQyX7%5EFZL7C%20CLZ7-D%207-E%7CQyX7G%7C-7XyQFZL7C%7CDh7%20G7%20%5D%20%3DJazz-Ballad%20Even%3D100%3D4
d5f19654-ca9f-4662-9d20-2157fe0daaf3,irealb://%D0%9D%D0%B5%D0%B1%D0%BE%20%D0%BB%D0%BE%D0%BD%D0%B4%D0%BE%D0%BD%D0%B0%3D%D0%97%D0%B5%D0%BC%D1%84%D0%B8%D1%80%D0%B0%3D%3DBallad%3DF%3D%3D1r34LbKcu7%5EbE%7CQ4F%5E%20BLbB%20C%7CQyX9-D%7CQXy7A%7CQyX-G%7C%2C-A%2CbZA7Xy4TA*%7BBZLA%2F-%20D7L-DZLE%2F-D%20-DZL7%20AhEZLF%2F-G%20G%2F-GZ%2FF%20D-A%7CQyX%20-G%7CQ7LZG-ZL7A%20-GZL7A%20-G*B%5DQyX9-DZL96C%209D-9Xy-A%20%5EbL96C%20-%20A7L7-A%20%5EbB%7CQyX9-DQ%7CyX%5EFC*%5DQyX9-DZLZG-9GZL7AZF%5EXyQ%7D%20%3D%3D0%3D0
d5bed945-01e0-496f-941c-2d9e0a651bba,"irealb://%D0%A1%D1%82%D0%B0%D1%80%D1%8B%D0%B9%20%D0%9E%D1%82%D0%B5%D0%BB%D1%8C=%43%6F%6D%70%6F%73%65%72%20%55%6E%6B%6E%6F%77%6E==%4D%65%64%69%75%6D%20%53%77%69%6E%67=%43==%31%72%33%34%4C%62%4B%63%75%37%23%43%5A%4C%2D%46%23%2D%4C%5A%20%3C,%41%2A,%7B%20%20%51%79%58%51%79%7D%58%20%2D%23%43%5A%4C%2D%23%46%5A%4C%2D%23%43%20%4F%3E%46%23,%69%2A,%7B%4C%44%5A%4C%2D%4C%5A%46%23%2D%4C%2D%23%46%5A%4C%2D%42%5A%4C%2D%23%43%3E%20%4F%20%3C%5A%4C%2D%23%46%3E%4F%20%20%3C%5A%4C%5A%45%4C%5A%42%2D%42%5A%4C%2D%4C%2D%42%5A%4C%23%2D%4C%5A%46%23%46%5A%4C%3E%2E%3C%2D%23%46%5A%4C%2D%42%4C%5A%2D%42,%42%2A,%20%51%79%58%5A%4C%2D%23%2D%4C%5A%42%2D%46%5A%4C%44%5A%2D%23%46%5A%4C%3E%46%23%2D%4C%2D%42%5A%4C%2D%23%46%5A%4C%2D%23%46%5A%4C%42%2D%5A%4C%2D%42%20%2D%23%46%3E%4F%20%20%3C%5A,%44,%7C%44%4F%20%20%3C%5A%45%5A%4C%2D%23%20%7D,%2A%43%5A%4C%2D%23%43%5A%4C%2D%23%46%5A%4C%2D%23%5A%46%4C%2D%42%5A%4C%2D%23%43%5A%4C%2D%23%46,%42%2D%4C%5A%46%2D%23%43%5A%4C%4C%5A%45%4C%5A%44%4C%5A%44%4C%5A%45%4C%5A%45%4C%5A%46%23%2D%4C%5A%46%23%2D%20,%2A%42,%58%79%51%58%79%51%58%79%51%58%79%51%58%79%51%20,%2A%69,%20=%4A%61%7A%7A%2D%4D%65%64%69%75%6D%20%53%77%69%6E%67=%31%30%30=%33"
d5715c0e-8fef-4213-8877-fdb4872b9d86,irealb://%D7%9E%D7%A7%D7%94%D7%9C%D7%94%20%D7%A2%D7%9C%D7%99%D7%96%D7%94%3D%D7%94%D7%99%D7%A8%D7%A9%20%D7%A0%D7%9F%D7%A8%D7%99%D7%A5%3D%3DSamba%3DF%3D5%3D1r34LbKcu7%2ChEs%7CT44F%5EG%7CQyX7-GZL7obA7%20-A%7CQyX7%5EF%7CQyX7-7XyQ%2CA*%2C%5B-GB*%7C-7LZDXQyXQyX%5D%207C%207-ZGL7C%207-GZL7G%207-yQXyQDl%2C7AyX7-GZF%5E7%20bAs%2C7-As%207%5EFZLC7%207-Gl%7C%2C7D%2C7-Aso7%2C%7ClL7C%207Q%7CD-7XyQ%7CG-7%20C7LZF%5E7%20sG-%2CC7%2C%7CF%5E7%20sG-%2CC7%5D%20%3DLatin-Brazil%3A%20Samba%3D100%3D3
d5d65561-9898-41b0-90ed-7ed7aa370237,irealb://%D7%A6%D7%A2%D7%99%D7%A8%20%D7%9C%D7%A0%D7%A6%D7%97%3D%D7%A7%D7%9C%D7%99%D7%99%D7%A0%D7%A9%D7%98%D7%99%D7%99%D7%9F%3D%3DPop%3DD%3D2%3D1r34LbKcu7QyX7--XyQ%7C%23F%2FD%7CQyXG%7CQyX%23%2FFD%7CQyXG%7CQyXA%2F-BXyQ%7CEB44T%5B%207-E%7C%7CB-Xy%2FD%7CQyXG%7CQyX%23F%2F%7CDQyXG%7CQyXA%2F-B%7CQF%23XyQQyXA%7CE%7CQyXDXyQ%7C%7CQyXB%2F9GA*%5B%20Qy%5DXQyXDZLG%20A%7CQyXGF%23-%2FAZL31AQyX96Q%7CD%2FAA%7CQyX96G%7CQyXA%2F%5E7D%7CQyXB%2F7%5EG%7CQyXXyQ%7CCyXG%2F-Ds%20DZyQ%7CA-7-EZLA%20susA%7CQyAX%2FD%7CQyXD%2FG%7CQyX7%20A13LXB%2FG%7C%2CA%2FC%23%5D%20%3DPop-Rock%3D115%3D1
d577fdc0-9f4a-4bfb-82d3-9d435d4415a3,irealb://%E6%88%A6%E5%8F%8B%E3%81%AE%E9%81%BA%E9%AA%A8%E3%82%92%E6%8A%B1%E3%81%84%E3%81%A6%3DComposer%20Unknown%3D%3DPop%3DC%3D%3D1r34LbKcu7QyXC%7CXyQKcQyXC%7CQyX-A%7CQyX%7CCQyXG%7CQyX-AZL%20l%7CGXyQC44T%5BKcl%20LZA-XyQ%7CFXyQ%7CE7XyQ%7CFXyQ%7CGXyQ%7CCXyQZ%20%3DPop-Funk%3D140%3D4
d512ccaa-0b1e-4967-951d-a41e680e9533,irealb://%E6%98%9F%E3%81%AE%E3%82%AB%E3%83%BC%E3%83%93%E3%82%A3%20%E5%A4%A2%E3%81%AE%E6%B3%89%E3%81%AE%E7%89%A9%E8%AA%9E%20%E3%82%B0%E3%83%AC%E3%83%BC%E3%83%97%E3%82%AC%E3%83%BC%E3%83%87%E3%83%B3%3DComposer%20Unknown%3D%3DRock%20Waltz%3DDb%3D%3D1r34LbKcu7E%7CQyXT34F%23X7%5E%23F%7CQyX%23G%7CQy-XbE%7CQyX%23G%7CQyX7%5EyQ%7CG%23%2Ci*%2C%5BA%7CQyX%7CG%23XyQyX%23G/E%7CQyXA%7CQXyB%7CQyX%23C%2CA*%2C%7B%7CQ%7CF%23-7QyX-b/-%23G%7C%23XyQ%7CQyX%23G/E%7CQyXA%7CQXyB%7CQyX%23C%7CQyX7%23G%7CAXyQG%7CQyXQyX7-C%23add7-F%7CQyX7%5E%23F%7CQy7X%5E%23F%7CQyX%23C%7CQyX9XyQ%7CF%7CQyXB-F%7CQyXyQ%7CE%7CQyX7%5E%23F%7CQyX7%23%7CCQyX7%5E%23C%7CQyX7-bF%23%5E7X7-bE%7C7XyQ%7CF-7XyQ%7CEb-7XyQ%7CEb-7XyQ%7CF%23XyQ%7CG%23XyQ%7D%20%3DPop-Rock%3D164%3D2
d537e705-14f2-4430-893e-808399640c89,irealb://Drop%20That%20Sack%3DLouis%20Armstrong%2C%20Philmore%20Holley%20%281926%29%3D%3DMedium%20Swing%3DAb%3D%3D1r34LbKcu7yX7bEbXyQKbBZL%20lcKQyXbAZ%20LlcKQyX7bEZL%20lc7XyQ%7CA44T%5BcKQyXXyQKcerB%20QyXQyX63*%3CLZ%20lcKQyX7bEZL%20lak%3EAbbA%7C%7CQl%20LZ%20x%20LZBb7%20Eb7LZAbXyQKcl%20LZBb7%20Eb7LZAbXyQ%5D%20%3DJazz-Medium%20Swing%3D100%3D3
d5beb858-f4d0-4a6f-bb81-2026b09aed90,irealb://Egyptian%20Fantasy%3DSidney%20Bechet%20%281941%29%3D%3DMedium%20Swing%3DG-%3D%3D1r34LbKcu7%20%20x%2014G-Xy-GZL%20lcKQyX7DZ%20Lx%20ZL%20x%20ZL%20lcKQXyQ%7CN4TA*%7BXbBZLyQXyQG%7CQyXbBZLoG%20bB*B%7B%5D%207F%20-G2N%7CQyX-%20Bb%2BXQyX%7DZL%2BbBXyQ%7CCyXbBZLoG%20bBZL7%20F7C%7CQyXbBZL7F%207Q%7CG-%207F%7CQyBbXyQ%7CF7XyQ%7CC7%20F7LZBb%20EbLZBbXyQ%7D%20%3DJazz-Medium%20Swing%3D100%3D3
d52a7805-5e3c-4442-808a-fdbbfb4002cb,irealb://Goodnight%20Irene%3DHuddie%20Ledbetter%20%28Leadbelly%29%20%281933%29%3D%3DMedium%20Swing%3DAb%3D%3D1r34LbKcu7E%7CZL%20*74VeX7bEZL%20lcKQyXb%3EAsurohC%20dna%20esryQKcl%3C44T%5B7bE%7CZKcl%20LQyXbD%7CQyX7bA%7CQXybAZL%20lcKQyXbAZKcl%20LQyX7bXyQKcl%20LZAbXyQKcl%20%20%5D%20%3DJazz-Medium%20Swing%3D100%3D3
d51072ab-abe5-44cb-88f5-95af4df19ed0,irealb://So%20Do%20I%3DI%20Grant%2C%20H%20F%20Beckman%2C%20Theodore%20Mackeben%20%281939%29%3D%3DMedium%20Swing%3DEb%3D%3D1r34LbKcu7%20bAZLb7XyQ%20x%20ZL%20lcKQyXbELZ%20x%20ZL%20x%20ZL%20lcKLZ%20x%20B44T%5BB%7CZL%20b7XyQX7bBZL%20lcKQyX7%7CFQyX7-CZL7G%20bE%7CyQKclBZL-F%7CQyXbKcl%20L7bEZL%20x%20ZL%20lcKyQXbEZL%20x%20ZL%20x%20ZXyQ%7CAQyX7bF-XyQ%7CEb%20G7LZC7XyQ%7CF7XyQ%7CBb7XyQ%7CEbXyQKcl%20%20%5D%20%3DJazz-Medium%20Swing%3D100%3D3
d588e1b2-94d8-41ed-8b21-c918cf2e1ae0,irealb://Darling%20Will%20You%20Ever%20Think%20Of%20Me%3F%20(PLP-RBB)%3DDix%20Bruce%20%7C%20Jim%20Nunally%3D%3DFolk%3DD%3D2%3D1r34LbKcu7lareGarkinurB%20xiD%7CyaB%20le%7CMs'rekciP%20toL%20gce%20%26%20P06*%3CQyXQyes%2F%2F%5BcisuM%20ecurB%20xi%20D%5D93%20kcarT%7C1%20DC%3EXyQXnoJ%20dx%20ZLpQ%20%7B*vx%20ZLp%20GZL%20x%20ZL%20pD%3Eesre%2096*%3C44T%20LZD%20yXQyXLp%20DZ%20pLZ%20ZLp%20-EZL%20x%20ZLpG%20ZL%20x%20ZLp%20DZL%20xA7%20pL7AZL%20%20x%20ZLp%20%7D%7CNuroh%2096*%3CC*%5BQyQXyXQyXQyX%5D%20p%20D2s%3EG%20p%20D1NZx%20ZLpLZ%20x%20x%20ZLp%20GZL%20x%20ZL%20pDZL%20x%20ZLp%207AZL%20LZD%20p%20DZL%20x%20ZL%20pLZA%7D%20%20x%20ZLp%20D2N%7C%7D%20%20x%20ZLp%20D1NZLp%207N3D%20p-EZL%20%20Z%20%3DPop-Country%3D180%3D1
d50f38de-5365-48c3-8005-d43cdb160c5a,irealb://01%20%281%2D6%29%20Major%20Key%20%28Primary%20Chords%29=GuruOfGuitar%2Ecom==Rock=C==1r34LbKcu7%5BT44CXyQKcl%20LZFXyQKcl%20LZ%7CGXyQKcl%20LZCXyQKcl%20%3C8x%3E%20%7D%20=Pop%2DRock=90=16
d5deee2a-5b26-4673-8e0c-773e175fb857,irealb://Major%20Key%20%2812%20Bar%20Blues2%29%20%28in%20triads%29%20%28triple%29=GuruOfGuitar%2Ecom==Rock=C=9=1r34LbKcu7QyXG%7CXyQ%7CF%7CQyXC%7CQyXF%7CQyX%7CF%7CQyXC%7CQyXC%7CQyXCXyQ%7CC44T%5B%7CFXyQ%7CCXyQ%7CG%20%20%3C16x%3E%20%7D%20=Pop%2DRock%2012%2F8=50=10
d5cc7245-a54f-49d6-8764-e8880f3cb68d,irealb://ii%20V%20by%20Fourths=Charts%20Practice==Medium%20Swing=C==1r34LbKcu7%2dbEZL%2d7%20G7%2dbBZL7bB%207%2dFZLF7%207%2dCZL7C%207%2dGZL7%20Eb7D44T%5b7A%207%2dLZAb%2d%207%2dBZL7B%207%2d%23FZ7L%23F%207%2d%23CZL7%23C%207E7LZE7bA%207LZA%2d7%20D7%20Z%20==0=0
d5e51cdb-c3c7-4ac6-8950-05fb0b3155b9,irealb://Adorad%20Al%20Cordero%20Santo%201=Witt%20Marcos%20%2D%20vrs%20Seba==Ballad=D==1r34LbKcu7m%2ABl%7C4DXyQ%2CA%20%2A4sus%2AAs%7CQyDXlZLA%20%2A4sus%2AAs%7CF%23%2FBb4TA%2A%5ByXDZL%2Am7%2A%2FB%2A%5B%5DQyXDZL7A%20%2Am7%2AE%7CQyX%23G%2F7EZLAA%20A%2FGBl%20%2A7XDZL7%2FGLZD%2AEZL%2A7m%2AB%20bB%2F%23ZFL%23F%2FD%20GZL%23F%2FD%20m7%2A%20AA%20A%7CQB%20%2A4sA%3C%2A66%7CQyXElZLB%20%2A4su%2AsBs%7CQyXE%3EaludoMsB%2Asu%2A%5B%5DQy%5DQyXE%7CC%23%2Am%2A7m%2A%23F%7CQyXbB%2F7F%23lZLB%2F%2A7m%2A%23C%20%2A7%20B7LZC%2F%23G%2CL%2A7m%2AB%2FALZ%23GZL%23G%2FE%20AZL%23GE%2F%20EZLA%2FB%20B%7CQyXE%2FC%20C%23%20BB%2A%5BZF%23%2Am7%2A%20B7LZEXyQ%5D%20=Pop%2DRock=85=3
d5822dd8-b358-4738-85cb-a31944256913,irealb://Alguien%20Me%20Toca=Cintr%C3%B3n%20Lo==Slow%20Ballad=G==1r34LbKcu7%2CC%20DZ4G%20CLLD%20C%7CQyXGZLD%20CQ%7CyXGZLC%20G%7CQyXGZZG%20CL4TA%2A%7BZLD%20C%20%28D%29%20ZLD%20CZLS%20%20GZLCG%20%7CQyXGZLC%20GB%2A%7B%7DGXyQ%7C%20G%7C%2CD%20%23G%3E%20%2ACSCX%23D%3EebuS96%2A%3C%7C%5DQXyD%7CQyXC%7CQyXD%7CQyXyQ%7B%3C%7DQyXGX%2DFZL%23XyQ%7C2N%7B%7DQyX%23GZL%23D%20C%231N%7CQyX%23GZLC%20%23GC%23%20D%23GZL%23CyQ%7DC%23%20D%23LZG%23XyQZ%7C%20=Pop%2DSlow%20Rock=70=3
d5721e58-2aac-416b-ad39-58360c12ff1f,irealb://Prefiero%20A%20Cristo=Shea%20George==Hymn=D==1r34LbKcu7yX7%2DE4%3C%2A69%7CQyXD%7CQyXG%7CQyX%7CxQyXD%3EsafortsE%20DXyQ%7C3TA%2A%7BQyXD%7CyQ%7CDXQyX%23C%2F7A%7CQyX7Ao%3EroC%2096%2A%3CB%2A%5B%7DQy%7CGXyQX7A%7CQD%7CQyXyQ%7CF%23G%7CQyXx%7CQyXD%7CQyDX%7CQyX7%2DB%7CQyX%23A%2FXyQ%7CDX%2C7A%7CyXA%7CQ%2D7XyQyXG%3EetneuP%2096%2AC%3C%2A%5B%5DQyXD%7CQyX7A%7CQ%7CDXyE%7CQyXXG%7CQyQ%7CGXyX%2DB%7CQyXD%7CQyXG%7CyQXG%7CQyXA%7CQyXD%7CQyQ%7CGXyXG%7CQyQ%7CAXyQ%7CDXyQ%7CB%2DXyQ%5D%20=Jazz%2DLong%20Notes=0=0
d57bdcbf-64dd-4921-9037-df8d79f72fe9,irealb://Queremos%20Mas%20De%20Ti=Sebastiano%20JuanSe==Worship=D==1r34LbKcu7ZLG1NZDsusL7%2DEZL%23G%2F9ddaELZ7%2DBZLsusDZLDZLZA%2CLZLDA%2A%7BD%2FGf%7C%2CA%2C%7D%7BLGfB%2A%7B%20QyX%7D%20AZ7L%2DEZL%23F%2FDZLGl2NZp%2Cp%2CsusAsDZLD%2F%2C%7DfGL%3E%29afortse%28%202%209%2A6%3CA%2A%7B%20QyX%5D%20%2CAfZlDLZGp%2CpZL%20A%7C%29%23LZB%2D7%2C7%2DEZL%23G%2F9ddaE%29%3E8%2F1%20tnA%2896%2A%3CZL%20%28D%2FFD%2FGZL7%2DBZL%2A69%202LAZLGZL7%2DBZL%23FD%2FZLAZLG%3E%29oroc%28%20ZD%2FF%23%3CB%2A%5B%7DQyX%5D%20%3C%2A69%20%2C%23F%2FDZL%2CAZL%2C7%2DlE%3E%29latnemutsnI%28LZB%2D7v%2A%5B%5D%20ad2%286%7B%2AD%3C%2A7%2DBZL%23F%2FDZLAZLE%2Dl%3E%20%29etneup%28%2096LZ%3C%2A6%20%20QyXZLC%2A%2Cas%201%2F%207%2DB%3E%298%2F1%2866%2A%3CLZ%23F%2FDZLAZL%2DE%3E%294%7D%7B%2ABGrgen%206%2A%3CZLs%2C%2ADL%2866%2A%3C%2C%23F%2FDZL%2CALZGZL7%2DBZL%2C%23F%2FDZfin%3A%3EusAv%2A6XyQx2%3EB%2D7%28G%29%3C%2A66XyQ%20%29%3E%20%28D%29%7D%3C%2A69%20Final%3E%20=Pop%2DRock=70=0
d597445a-41ef-4eea-bf38-099df6c565d0,irealb://Rey%201=D%27Clario%20Christine==Rock=E==1r34LbKcu7%7DQyXA4EXyQ%7CQyX%2D%23C%7CQyX%2D%23CQ%7CyXB%7CQyXB%7CQyXE%7CAXyQ%7C4TA%2A%7BXA%7CQyyQ%7CEXX%2D%23C%7CQyX%2D%23C%7CQy%23XD%2FB%7CQyX%23D%2FB%7CQyyQ%7CAXXEB%2A%7BXA%7CQy%2AC%2CC%23XE%7CQyX%23D%2FB%7CQyXD%23%2FB%7CQyX%2D%23C%7CQyX%2DyQ%7CEX%2C%7B%7DQyyQ%7CAXyQ%7D%20=Pop%2DRock=115=1
d5fe90d3-b149-4f3f-903f-4a0058d27eaf,irealb://Fields%20Of%20Gold%3DSting%3D%3DEven%208th's%3DC%3D%3D1r34LbKcu79%5EF%7CQ4A*suus*A%7CQyX7%5ECZL%20clKQyX7%5EF%7CQyX*2ss2*Xy4TA*%7BX*2suZF/A%20%5B%20%20lcKQyX7%5EC%7CpF%2Cpp%7CQyX7-AZL31G*BA*sL9%5EC%20L31G%207XyQK9%5EC%207%5EF%7CQyX*2ssu*A%7CQyX7%5ECZL%20lcLZF/A%5EF%7CQy1%5EC%7CQyQ%7D*C%7CQyX31%5EC%7CQyX9%5E%7CFQyX31%5EC%7CQyX9%5EFF%5E9XyX7%5ECZ3XyQ%7CF/A%20G13LZC%5E7XyQ%7CF/A%20G13LZC%5E7XyQKcl%20%20Z%20%3D%3D0%3D0
d5489311-f011-4fce-bde7-222df7f5bcad,irealb://Beato%20Post%20Modern%20Reharmonization%20Of%20The%20Blues%205%20%2D%20SwingGuitarGuy=Beato%20Rick==Blues=F==1r34LbKcu7%297bB%28XyQ%7CBA%7CQyXF%2F9ddaA%7CQXyF%2F9ddaG%7CQyXF%2Fbb%5E7%235susF%5BC%2Fsusbsus%2FXbB%2FAZLD%2F%23F%20bDG%2F%7CQyXsusF%7CQyXbGyQ%7CAbA%7CQyXX%297F%28sus%20A5%20talf%3C%5BYY%5D%20tl7aC%20F%2FbGZLF%2Fsusb%3EEb%5E7F%7CQyXF%3E11%2Flat%205yX5%239%237D%7CQyX11A%2D%7CQyX%297bB%2811%2DD%3EQ%7CY%3C9f%3C%7CQy%7CQyX%297%29XyQ%287%5E%2DbE%7CQyXsus7%7CFQyX%297%23F%285%237%5EE%7CD7altbB%289%2D%20bE%2FG4%3ElF%5EZLG%2FE%20B%2FbE%7CQyX%2FC%23F%7CQyX%297%2DG%28D%2F7F%23%2FE%20sus%3CY%23F%7CQy%2A74PedaA%7CQyXF%2F9ddaEs%3EeulB%20tniop%2Dladd9%2FFX%3C%5BYY%5DF%287%5Eb%7CB%2FFXalf%3C%7CQyX%297%23F%2857%23%5EE%7CQyX31bBY%7CQyt%205%3EEQyXF%2FX%2CG%2FF%7CEb%2D%5EB%20F%28%20latrauq%20F69%2A%3C%7CQyX%29tla7D%287b%20E%29%3EQyX%297yQ%7CF%23%2FCXyQ%7CBb%2FC%20Db%2FCLZAbsus%2FC%20F%23%2FC%20%5D%20==0=0
d54207cd-b454-4867-9d09-9c82cb713a67,irealb://For%20Heaven's%20Sake%3DEdwards-Meyer-Bretton%3D%3DBallad%3DF%3D%3D1r34LbKcu7-bBZL4Gh7%20%207%5EFZL9b7C%207hGLZ9b7D%207-AZL9b7CB7%23114TA*%7B7%5EbDZA-7%20A7-bEB*%5BY%7DQyX6FLZsus7C%207-GZL7ob%20Ab7L%7CQyX7BZL7-9LZEb%2C7hGsZL7hD%206-FQ%7CyX7%5EbDZL7bA%207-C7%2ClFb7bB%20C%207hGb-7/AD%207-AZL9b7C%207hAG*%5BY%5D%207C%207-GZLb7b9LZB%207-bQyX6FF%5E7%20B7C%207-GZL7obA%207A-%7CQyX7-bBZL11%237susLZZL9b7Z%20%3D%3D0%3D0
d5812a41-b660-4b05-9ac8-634ac9689607,irealb://Season%20Of%20The%20Sun%2C%20The%3DTaku%20Izumi%3D%3DPop%20Rock%3DA%3D%3D1r34LbKcu7LxZL*4EXyQ7AZLxZL*m*AA*%5BQ%7CyXE%7CQyXE%7CQyXE%7CLZD*m4Ti*%7B*A%7C%5D%20LZCLZZL7FZLFZL%2C*m*A%2C%7CE%2C*m*DZLC%7C%2CG%2CFE7LZEGZLGZXQyX%5DLZA7L*AZL*m*AZL7E%7C%2Cm**A%2CCZLGZL*m*DZm*XyQxZL*mm*DZLXyQ%7C*ZL*m*AA*%5B%7CQyXEQ%7CyXE%7CQyXE%7CQyXEixLZA7QyXQyAZLEZZGLZGZLFZL*m*A%7C%2CE%2C**mDZLC%7C%2CG%2CFZLCZLxLZELLFZL*CsZLGxLZA7AZL*m*AZL7E%7C%2C**mA%2CCZLGZL*m*DZL*m*LZZL*m**ZLQy%2C%7ClE7yX%5B%20AZLEZL7EZLZEL7EZLxZL*m*AZLQXyQX*m*A%2CiELZxLZxLZxLZA%2Cn%20%20Z%20%3DPop-Rock%3D115%3D1
d5af03d3-3243-4062-a938-7007b5ab4e08,irealb://25%20One%20At%20A%20Time%3DComposer%20Unknown%3D%3DMedium%20Swing%3DC%3D5%3D1r34LbKcu7%5BD-7%20G7LZD-7%20G7LZD-7%20G7%2CLZD-7%20G7%20%5D%20%3DJazz-Medium%20Swing%3D120%3D30
d5c4f12e-bfe4-41c3-a70b-7fcab5183199,irealb://50%20Ways%20To%20Leave%20Your%20Lover%20(Simon)%3DSimon%20Paul%3D%3DFolk%20Rock%3DE-%3D%3D1r34LbKcu7%3C%5B%20%20Q4%3C*57%7D%20%3Ex312*%3C%20x%20ZLn%20%20%3Eylno%20smurD%20%20XyQXy4Ti*%7BL%23D%2Fod%20gtrEZLB%2F6-A%20C%2F-EZDL%2F7-B%206G%3Essab%20%2C-%2C%20F%23dA96*QyX-E%23%20B7%23%20-EZLB%2F6-A%20C%2F-ZELD%2F7-B%20E%2F6GZL5A-7LZF%2F7BZ5%237B%20SG6%20BZL%23D%2Fo%23F%20%2C-EZL%2FB6-A%20C%2F-EZLD%2F7-B7%2FF%23A*%7BY%5D%20-E2N%2FE%20B-X-EZL7-A%20-E1NZBL%2F6-A%20C%2F-EZLD%2F7yQ%7DY%7C6GYZLyX%2CG%7CE-XyQQyXbB%7CQyXG%3E%2006%3C*B*%7B%5D%20QyX%7CrQyX%7C%7CCXyQZL7-A%3EeniF0%20%3EGXS.DQyX%3C%7C%7D%20Q%20%20%2CfG%7CQyXC%7CQyXbB%7CQy.%20al%206*%3C%7CQno%20sm%20Drum81*%3CQ%5BYQyXQyXQXyQyX%5D%20%20n%3Eylno%20s%20%20Dru96*%3C%20ly%3E%20n%20LZ%20x%20LZ%20x%20LZ%20x%3CFine%3E%20%20Z%20%3DPop-Smooth%3D99%3D1
d57a0d2c-98ea-4dd9-b286-6327a2d4362a,irealb://Memories%20Of%20Tomorrow%3DJarrett%20Keith%3D%3DEven%208ths%3DA-%3D%3D1r34LbKcu7Xsus94A-XyC%7CQyXF%7CQyX7-E%7CyQX7-A%7CQyX7%5E-A%7CQXyQ%7CG4TA*%5Bl%7C%2C-GyQ%5D%5B*bAZL7A%207%5EbE%7CQyCX%7CQyXF%7CQyX%23F/DB%5E7%20%20sXC%7CQy/D%20G/Q%7CBb9bA/-F%20-AZL7E%20ssu7E%7CQyXC%7CQyXsusLZC%5E7yX7-FF%23LZF%5E7%20F-%28Fsus%29LZC/GXyQ%7CG9susXyQ%7CCXyQ%7CE7sus%20E7%20Z%20%3DJazz-Even%208ths%3D140%3D2
d5bc805c-e220-4f65-a196-98637743639e,irealb://Speak%20No%20Evil%3DShorter%20Wayne%3D%3DMedium%20Swing%3DC-%3D%3D1r34LbKcu7QyX7%5E4C-7XX7-C%7CQyX7%5EbD%7CQXy7-C%7CQyX7%5EbD%7CQyyQ%7CDb4T%7BA*-bB%7CQyQ%7CDb7AZL7-bB%207-DZL-7C%207-EZL7-bE%207%5EaltXyX7-C%7CyX7bGA7alt-G%7CQyX7bA%7CQyX7AhB*%7DQyX7-bB%7CQyX7XyQ%7C%7CQyX7QyX11XyQ%7CB%7CQyX11%237%5EbE%3E9%23yQXQyX24*%3C%7CQyX7bDb%5E7%237-F%7CQ-C%7CQy7XyQ%7C%7CQyX7-C%7CQyX7%5Eb%7CDQyX7-C%7CQyX7%5EbDDb%5E7X-C%5BA*yX7-bDb%5E7%20tla7AZL7-bB%207-ZDL7-C%207-EZL7-bEXyQ%7CB%7CQyX7Q%7CA7altXyQ%7CBb-7%20%20%20Z%3D%3D0%3D0
d5fbd55a-1cfd-42a0-a0e9-5ce5c2c087d7,irealb://Proud%20Mary%3DTurner%20Tina%3D%3DMedium%20Swing%3DD%3D%3D1r34LbKcu7A%7C%7D%20Q4D%3CB%20yXZLQyX%7CQyX%3ED%20F@%20F%20A%20B%20D%20B%20D%20DQLZXy4Tv*%7BQyX%7CQyQLZBQyXG%3Etib%20wols%20orf%20yalp%3C%7CQyX*m*%7C%7BDXyX%7CQyXQyX%5DFLZXyQ%20F%7C%2CG%2CA%20CZLD%20**mAZLD%20*m*AB*%7C%7D%20D*m*%2CQyXZLXQyXQQXyQX%3ESLACOV%20DNA%20RAITUG%20-%20TRATS%3C%20QyXyQXyyXQyXor%20C%20XyQXyR%20C%20V%20FFIR%20QyX74*%3C%20%20QyXQyXQyXQIFF%20VQyXQylling%20x%202%20end%20on%201%3E%20%3D%3D0%3D0
d5172a59-263b-46dc-ac5a-13b9037dc8ab,irealb://Turn%20Off%20The%20Lights%3DFurtado%20Nelly%3D%3DPop%3DC%3D%3D1r34LbKcu7yXA%7CQE-%2C*AyXAB*%5BYY%7DQyXDZGL%20-E%7CQyXDZLGC*%20Q%7CCXyi*%7BYYllit%20Q%5DXyQyXDZLG%20-E%7B%20QyX*D%5B%20QyXQyXQyXQyXQ%7D%3C%20XyXC%7CQQyXQy%20fin%3E%20%20QyX%3E781%20dna%20noaip.e%20010%3C%20QyX%3CXyQXolos%20XyQXyQBm%20String%20fade%20stabs...%3E%20%3D%3D0%3D0
d5c54fbc-dbb2-40c7-b2f3-977a3f8adec4,irealb://My%20Old%20Flame%3DJohnson-Coslow%3D%3DBallad%3DF%3D%3D1r34LbKcu7%2C7-bB4F%5E7XZL7bE%207-bB%7CQyX-7GZL9b7D%207hA%7CQyF%5E7%20s4TA*%7BFZL7CAb%5E7%20NZL%20QyXQyX%7DQyXC7%7CQyX7-G1NZL7bD2G-7%20l%7C7bE7bBZLb-7%2CEGZL7bE%207-bBZL7F-%207%5EbAlB*%5BY%5D%2C7bb7%20F7Bs%207%5E7%5EFA*b-7%20EC%207-GZL7G%207-DZ7L-Fl%2C7C%2ChGsZL7b7%20%5DY%5BB%7CQyX7%5EbAlh7%20D77-bBs%207%5EFZL7bE7%20-bB%7CQyX7-GZL9b%2CEb7%7CA%7CQyX%20Db7LZG-7%20C7LZF6XyQZ%20%3D%3D0%3D0
d5bcdb9b-b461-4109-a576-e13fb112976c,irealb://Walk%20Tall%3DAdderley%20Cannonball%3D%3DFunk%3DC%3D%3D1r34LbKcu7-BZL%207%20C7Lx%20ZL%20x%20ZL7C%207GLZ%20x%20ZL%20x%20ZL%20x%20Z%20LZ%20xG44T%7BQyX7-E-7Xy7-BZL7%5ECl%2C7-Bs7%2C-As%7CQyXsus7D%7CQXyQ%7CE%7CQyX77C%207GyQ%7CD7%3C%7B%7DQyXsus7D42TQ%7CyXsus7D%7CQyXsusVamp%3EX7-A%7CLZG7%20C7%20%7D%20%3D%3D0%3D0
d5194a60-af2f-4025-a8b5-d60370524433,irealb://When%20You%20Go%20Walking%20After%20Midnight%3DTraditional%3D%3DBluegrass%3DG%3D%3D1r34LbKcu7X%2CCZL4GXyQyXCZL%20lcKQyX%2CGLZ%20x%20ZL%20x%20ZL%20lcKQKcl%204TA*%5B%20lcKQ%20LZGX%5B%5D%20%20lcKQyXG%7CQyDX%7CQyX%2CGZL%20lcKQy*BGXylcKQyKQyXGLZ%20x%20KQyX%2CC%7CZL%20lcKQXyCZL%20lcKQyX%2CGZLcl%20LZ%20x%20ZLcl%20LZG%2CXyQ%7CDXyQ%7CGXyQKcl%20%20Z%20%3D%3D0%3D0
d5a1132a-0400-41a1-9c66-faa02f30e9ab,irealb://Between%20The%20Devil%20And%20The%20Deep%20Blue%20Sea=Arlen%20Harold==Medium%20Up%20Swing=F==1r34LbKcu7E%207%5EbAF%5E7X%207%2DCZL7C%207%2DG%7CQXy7%5EFZL7C%207%2DG%7CQyF7LZB%2A%7B44T%207%5EAB%2D7%20C7E%206F2N%7CQyXQyXQXyQyX%7D%207C%206F1NZL7%20%5D%5B%2AGZL7bbA%7CQyZB%2D7%20L7%2DA%207%5ECZL7E%207B%2DZL7%2D%23F%207%5EAZL7EZF%2D6XL7%2D%23FF%207%2DCG7%20C77%2DG%7CQyX7%5EFZL7C7%20%2DG%7CQyX7%5EFA%2A%5B%5D%20%20C7LZ%7CQyX77LZBb%5E7%20Eb7LZG%2D7%20C7LZF6%20C7%20Z%20==0=0
d54f6294-9398-4b71-8fc2-85db153b5c61,irealb://Just%20In%20Tune=Abercrombie%20John==Medium%20Up%20Swing=C==1r34LbKcu7yXbB%2F4D7suyX7%2DC%7CQyX9b7G%7CyQX7hD%7CQyXx%7CQyXsQ%7CC%2D74TA%2A%7B%20%2DD%7CQXyQ%7CxB%7CQyX%2DD%7CQyXD%2Fb%7CBQyX%2DD1NB%2A%5B%5DQyXb%2FDXy7%2DA%7CQyX7%5EbZBb%5E711%237%5EF2NC%2A%5B%7DQy9Xb7E%7CQyX7hB%7CQyXXyQ%7CELC%2F%2DDQ%7CAb%5E7%2311XyQ%7CG%2D7XyQ%7CC7susXyQ%7CxXyQ%7CxXyQ%7CxXyQZ%20==0=0
d541e72c-b3ea-4335-bdf0-b8afe75fda7d,irealb://Ma%20Belle%20H%C3%A9l%C3%A8ne=Wheeler%20Kenny==Medium%20Up%20Swing=C==1r34LbKcu7XbB%2Fb4Ab%2FGcKQyXF%2FCZL%20lcKyQX%23F%2FEZL%20lcKQyXl%20LZA4TA%2A%5BF%2FGZL%20LZG%2FyX%23C%2FBZL%20lcKQyDX%2FbEZL%20lcKQyXbEQKcl%20lcKQyQyXbAcl%20LZyXbA%2FC%7CQyXbA%2FDQ%7CyXB%2FbB%7CQyXB%2F%23FQ%7CGb%2FKQyX%23X%23F%2F%23Z%20x%20LcKQyXG%2FFZL%20lcKyQX%23G%2FAB%2A%5B%5D%20%20x%20Zl%20LZCL%20lcKXD%2FCZ%20LZA%2FQyXbE%2FEZL%20lcKQXyE%2FbAZL%20lcKQyXBKcl%20LlcKQyQyXA%2F%20LZAbXA%2F%23D%7CQyXC%2FB%7CQXyC%2FGZL%20lcKQyXG%2FyQ%7CC%23lcKQy%7CG%2FAXyQ%7CBb%2FAXyQ%7CD%2D11XyQKcl%20%20Z%20==0=0
d5b45893-460e-4ae2-846c-75193cf7c395,irealb://Mahjong=Shorter%20Wayne==Latin=F%2D==1r34LbKcu711%2DFA4F%2D11yX%2C96bE%7CQyX%2C11F%2D%7CQyX%2C96bE%7CQyX%2CQ%7DY%5B%2A4Ti%2A%7B%7CQyX%2CEb69%2CQyX%2C11%2DF%7CQyX%2C9b6E%7CQyX%2C11%2DF%7CQyX%7CEb69%7CQyX%2CbE%7CQyXyQ%7CED%7CQyX%2C96bE%7CQyX9%2C%5EbDB%2A%5B%5DQyX%2C96bb%5E9%2CX%2C11%2DF9%237DCQ%7CDb%5EX%2C96bE%7CQyX%2C9%5Eb%7CDQyX%2C96bE%7CQyX%2C9yQ%5D%5B%2AyX%2C9696bE%7CEb%2D7%201%2DFA%2A%5B%5D%207bG%207%2DDb%7CQyX%2C9%5EbDZL7bA1%2CXyQ%7CQyX%2C%7CQyX%2CF%2D11%2CQyX%2C96bE%7CQyX%2C1%2D1F%7CQyX%2C96bE%7CQyX%7CF%2D11%7CQyX%2CEb69%2CXyQZ%20==0=0
d52c0918-b770-4d0a-837e-20807eba63f1,irealb://Nobody%20Knows%20You%20When%20You%27re%20Down%20And%20Out=Cox%20Jimmy==Ballad=F==1r34LbKcu7L7oB%20%20A7LZ%7Cp%2C7%2DG%2C7D%2C7%2DGsLZ9b7D%207%2DG%7CQyX7D%7ClBb7F44T%5B7D%207%2DEb7%2CD7DZL7A%20F%5B%5D%207C%20%2357bD%7CQyX7Gl%7Cp%2C7XyQ%7CG%2C7FsZs%7CQyXG%2D7%2CD%2C7D%2C7bE%2C7FsZL7Bo%207bBl%7C%7Cp%2C7%2DG%2C7p%7ClG7sZL9bDb7%2CC7%2CF6%2CC7%2CZ%20==0=0
d599f940-9734-4b4b-9082-5a6483c56218,irealb://Rhythm%2Da%2Dning=Monk%20Thelonious==Medium%20Up%20Swing=Bb==1r34LbKcu77bEZL4Bb%20G%207bBZL7F%207%2DCZLG7%20bBZL7F%207%2DCZL7Bb7%2FD4TA%2A%7BCZL%20lZBb7%2F7GZL%20lcKQyX7DB%5B%2A%7D%207F%207%2DCZL7G%20FXyQKcL7oE%20%207%2DCZcl%20LZBZL7F%207%2DCZL7G%20BbA%2A%5B%5D%20%20lcKQyX7Fb%20G7LKQyX7F7LZBb7%20Bb7%2FDLZEb7%20Eo7LZBb7%2FF%20G7LZC%2D7%20F7%20Z%20==0=0
d54fbd19-27d7-4ecb-a21f-a61f0af3bf64,irealb://Fita%20Amarela%3DRosa%20Noel%3D%3DSamba%3DC%23-%3D4%3D1r34LbKcu7L-%23C%3E%23-%20W%2FnaP96*%3CZL7%23G%20-F%23ZL7%23G%20A%2F-%23FZLBdeiroCi*%5BY%7D%20%3E4XY%7B*AC%23G%20-%23CZL7%23G%20h%23%7CDQyXh%23D%7CQyX%2C7-%237%3C*72Y%5D%20xZ-%23C%3EaQuanden%20orohc%20oreuqo%20%C3%A3n%20rerrom%20ue%20om%20vel%3CB*%7BY%20atifF%23-XyoreuQ15*%3C%7D%207%23G7%20-%23CZL7%23G%20h%23D%7CQ%20uma%20%7CQyX7amarela%20gravada%20com%20o%20nome%20dela%3E%20%3DLatin-Brazil%3A%20Samba%3D98%3D3
d5972f23-d7f1-4396-b5f7-e6401f4fb5d4,irealb://O%20Irene%3DFundo%20de%20Quintal%3D%3DSamba%3DF%3D5%3D1r34LbKcu7x%20ene44G-7%2CenerI%20%C3%94%3C%7D%20QyXr%7CQyXZL7D%20FZL7C%20%20%C3%94%20IrTA*%7BY%0A%0Aori%20buscf%20o%20redneca%20ar%0APenesoreuq%20o%20raogareiaV%0A2adurrsse%20mcirejnam%20%2Co%C3%A7iteiF%0Aacavafla%20%2Cle%C3%A3o%0A%0AAid%20uEQyXQyin%C3%A9%0APyX%3E%0A%0Aodahlo%20ua%20mo%20rasrepsid%20arQXyQXug%20e%20yXQyXQXyQXXQyXQyXQyXQyXQXyQyXQyXQyXQyXQyyQXyQyXQyXQyXQy4Meu%20%C3%AAcov%20%20.3x%20uodnma%20e%C3%A3m%20ahnim%20iap%3EXyQX5*%3C%20Qa%20eD%0AQ%20%3C*7ehc%20mircela%20edo%20hnab%20mu%20ramoT4irosoyXQyXlecrim%20cheiroso%2C%20de%20alecrim%20cheiroso%3E%20%3DLatin-Brazil%3A%20Samba%3D200%3D0
d59d010d-62c5-407c-bf70-aa172484527e,irealb://AB%204bar%20%2D%20Random%20%2D%20Dom13%20Rootless=JonBlanckMusic%2Ecom==Medium%20Swing=C==1r34LbKcu731B%20Z%20LZ%20xL%20x%20ZL%20x%20ZL%2031Eb%20ZL%20x%20ZL%20x%20ZL%20Z%20x%20L31F%20%5B%20ZL%203%20LZ%20xL%20x%20ZL%20x%20ZL%20x%20LZ%2031bD%20ZL%20x%20ZL%20Z%20Gb1x%20ZL%20%20ZL%20xx%20LZ%201bB%20ZL%20x%20ZL%20x%20LZ%20x%20ZL%2031E%20ZL%20x3%20LZ%20%20ZL%20xx%20ZL%20x%20LZ%20x%20ZL%2031A%20ZL%20x%20LZ%20x%20ZL%20x%20ZL%2031C%20LZ%20x%20ZL%20xbA%20ZL13%20LZ%20x%20ZL%20x%20ZL%2031DZ%20L%20x%20ZL%20x%20ZL%20x%20LZ%20x%20G%20ZL%2013%20LZ%20x%20LZ%20x%20LZ%20x%20%20%5D==0=0
d5b485da-828e-4494-bc51-7cd1bd4eee94,irealb://Baila%20Comigo%3DLee%20Rita%3D%3DBossa%20Nova%3DA%3D9%3D1r34LbKcu7yXZL74EXyQ%7CQyX7%5EAA*S%7B%5DQy7XE%7CQyX6E%7CQyX%2BE%7CB-7%20E4Ti*%5B%20sus7QLZA%5E7%5EF%7C%7CQyX7C%7CQyX%5E7GZL7D%207-A%7CQyX7XyQ%7CByX%7CrQ%207%5EAZXyQ%7CE-BB*%7B%20%20QyXQyX%7DyQX7E%7CQyX6E%7CQyX%2B7%20E7LEZL7BS.D%3CZZXyQr%7CQyX9BZL7-%23F%207A%5EZL7E%207-BZLQyX%7CE%20E%2BLL7-%23F.%20al%20Coda%3EE6%20E7%2CQ%20%7DXyQXyQXyQXyQY%5BQA%5E7%20f%20%20Z%20%3DJazz-Bossa%20Nova%3D140%3D0
d56d0bc2-a0e1-48c8-92c4-74ac0deb0171,irealb://Algum%20Lugar=Mar%C3%ADlia%20Medalha%20%2D%20Vinicius%20de%20Moraes==Bossa%20Nova=Eb==1r34LbKcu7XbA%2Fb4Eb%5E9cKQyX9%5EbEZL%20lcQKyX6bAZL%20lcKQyXl%20LZE4TA%2A%7BZL%20lc%20LZGbbEB%2A%7B%7D%20Q%20%207bB%7CyQX7%2DFZL%20lcKQyX66XyQKlcKQylcKQyXyQKcL%20lcKQyXbA%2FbEZ%20LlcKQyX6bE%7CZL%20lZGb6XbA%2FbE6bAZL7XyQ%7CyX9%5EbEQ%7BY%7DQyX7Bb%3EadoC%20la%20%2EC%2ED%3CQKcl%20%2DFZL%20%20%3CXyQXyQVamp%20and%20fade%3E%20LZ%20x%20%20%7D%20==0=0
d5e69bf5-d05f-456a-ac2e-28ee55797105,irealb://Chove%20Chuva=Jorge%20Ben%20Jor==Samba=Bb%2D==1r34LbKcu7QyX7%2D4Eb7XlcKQyX7bEZL%20lcQKyX7%2DbBZL%20lcKQy%20LZBb4TA%2A%5B9bE%7CQ13XyQ7bB%7CQyX7%2DbB%7CQy3X1bA%7CQyX9bEB%2A%5B%5Db13Xyb7bB%7CBZL7bb7XyQE%7CQyX7%2DbBZL7bE7%20%2DbBZL7bE%207%2DbB%7Cb%2D7%20AA%7CQyXX7bEZb7b13QyX7%2DbB%7CQyX7bAQ%7CyX7bEC%2A%5B%20QyX%5D%20Kcl%20LB%207%2Db%20lcKQ7XyQ%7CBZL%20lcKQyX7bEQY%7BZ%20Q%20lcKQyX7%2DbBb%2D7XybA%7CQy%20%7D%20==0=0
d5863491-9d3c-49fc-80ad-d79e756e2a07,irealb://You%20Got%20A%20Friend%20In%20Me%20%28Toy%20Story%29%3DNewman%20Randy%3D%3DMedium%20Swing%3DEb%3D%3D1r34LbKcu7%2C7bB%204Eb%20GDZL7bB%207%5EbE%7CQy7XbBZL7B%20-CZLD/7b7/Bb4Ti*%5BE%207bAXyQXybBZLoA%20bA%7CQyXbZEL7bB%20bEA*%7BQyXQ7XyQ%7CQyX%5D%207bB%2077%20C7LC%207-GZLbE%207bAZ7LC%207-GZLbE%207bAZ7LZF--GZLb%207-F2C7LZNX7bBZL7B%20-CZLD7/G%20bEZL7bB%207-F1yQ%7D%7CN%20bEZL%20bE%7CQZEb%20G%7CQyX7%5EbAB*%5B%5DQy7XbEZL7B%20-CZLD/7Ao7XyL%2C7bBB%20bECbXyQ%7CbB%207-FZL7C%207-GLZ7bG%207-FZLoE%20bE7%20%5D%5B*EZL7DZL7bBbXyQ%7CL%2C7Cf%207-G%7CQyX7Ab%7CQyX7bBZLoA%20bAZF-7%20EZL7bEb%5E7%20C7LZF-7%20Bb7LZEb%5E7%20C7LZF-7%20Bb7%20Z%20%3DJazz-Medium%20Swing%3D100%3D1
d569e53a-e094-445c-bef5-94553f9367e6,irealb://I%20Can%27t%20Give%20You%20Anything%20But%20Love=McHugh%20Jimmy==Medium%20Swing=F=7=1r34LbKcu7A%207%2DA4F%5E7%207%5EF%7CQyX7C%7CQyX7G%2DZL7obA%207%2DAZL7C%20C7LZ4TA%2A[X7GZLG%2D7XyyX7%5EbB%7CQyX7F%7CQXy7%2DCB%2A[]QyX7C%7CQQKcl%20ZL7obC%7CQyX%20LZG%2D7obA%207%2DAZL7C%207F%5EA%2A[]QyX7C%7CQyX7LZG%2D7lcKQyF%7CQyXC%2D7XyyX7%5EbBC%2A[]%20%20lcQKyX7%5EbB%7CQyX7F%7CQQ%7CEb7%7CQyX7%5E7XyQ%7CD7XyQ%7CG%2D7XyQ%7CC7XyQ%7CF6%20D7LZG%2D7%20C7%20Z%20==0=0
d511a6d9-d661-49a9-a2f5-8e166bdaab92,"irealb://Summertime%201=George%20Gershwin%20%201935==Slow%20Swing=D%2D==1r34LbKcu7yX7bB%2D7XyQ%2DG%7CQyX9b7D%7CQyX%2D7DZL31b7A%20,7hE%7C7XyQ%7CD44T[F%7CQyXXyQ%7CAX7%2DDZL31b7A%20,7Eh%7CQyX7%2DD%7CQyX9b7yQ%7CG77hE%7CQ%5E7%20D%2D7LZEh7%20A7b13LZ,f,D%2D7%20%20ULZEh7%20A7b13%20Z%20=Jazz%2DSlow%20Swing=100=3"
d55ba9d5-cbcf-4013-8c09-e87a921e616c,irealb://Clarinete%20Melodia%3DGuio%20de%20Morais%3D%3DChoro%3DG-%3D10%3D1r34LbKcu7ZL-GZ4G-LZxZL-CZLxZLCZL7ZGL6-FZLxZL7DZLx(D7)L2TA*%7BL-CZLLZxLZL7GZL6-FZLxZL7ZDLxZL-G%7CZLxZL7DZCLZx7AZLxGs2N%7C)LZG-XQyXQyX%7D%207DZL-1GNZL7DZL7AZLxZLyQXyQ7D(xZ7-AZLA-%2CD7L-AZL7EZLF%2F6-DLZ%23F%2F-BZLGlB*%7B%5D%2CZA-%5E7%7C%2C7E%2CFZLxZZGLZBxZL-GZLxZL7DZLZxL7AZLxZL-AZLobLZC-LL7DZL-A%7C%2C7ZBbLZNZL7DZL-AZL7EZGLZL7DZL5b7-AZLx1sG%2CELxZL7%2CD7%7DXyQXyQXyQXyQ%7CN2lG-LZD7%20%5D%20%3DJazz-Medium%20Swing%3D100%3D0
d5bf4117-eb8b-4a21-8a17-d71ce7bb81ac,irealb://Girl%20In%20The%20Blue%20Velvet%20Band%20(RBB)%3DCliff%20Carlisle%20%26%20Mel%20Foree%3D%3DBluegrass%3DG%3D7%3D1r34LbKcu7%20ttaMhe%20Re%7CdranoeL%E2%80%A2laH%7CkooB%20ssargeulB%20laArr.%20T45*%3Coitaner%2F%2F(%20reeP%20%20QyX4691%20%20QyX)ztlaw%20.deMInternnilFL%20x%20Zorp.%20L%20x%20ZLp%20G43T%7B%20yQXQyXQyXQyXQyX%3EZ%20x%20LC%20lanLp%20DZZ%20x%20LL%20x%20ZLp%20GZL%20x%20LZp%20CZL%20x%20ZLp%20GZZG%20pLLp%20CZZG%20pLZ%20x%20%3C8x%3E%20%7D%20%3DPop-Country%3D180%3D1
d5a1842a-8827-42d3-a5de-a143eb8bd0ad,irealb://If%20I%20Lose%20(RBB)%3DStanley%20Ralph%3D%3DBluegrass%3DC%3D0%3D1r34LbKcu7%20ttaMhe%20Re%7CdranoeL%E2%80%A2laH%7CkooB%20ssargeulB%20laArr.%20T45*%3CrT-guer%2F%2F(cnI%20cisuM%20xonKt%20roF%207791%20).deM.%20%26%20BnnilFZLx%7Cpsic%20C%7Cp%2CC44Ti*%5B%20QyXyQXQyXQyXQyX%3E%20.oxLZF%2CuM%20oi%2CC%7Cp%2CLZC%2Cpp%2CGZLx%7Cp%2CFZLx%7C%2CpCv*%5B%20%20%5Dp%2CCZLx%7C%7CxLZGx%7Cp%2CGos%20dnxLZxL*%3CC*%7B%20%20%5D%20x%7Cp%2CCp%7C%2CG%7Cp%2CGZLx%7Cp%2CFZ69%20%20aZLx%7CpLx%7Cp%2Cp%7CxLZp%2CFZLxZLxZLx%7CpC%2CZLx%7Cp%2CGZLx%7Cp%2CC%7CxLZG%2CG%3EolxZLx%7Cx%20%7DC%2CLxZLx%7Cp%2CGZLx%7CpF%2CZLx%7Cp%2CCv*%5B%20%20%5DpZC%2Cp%2C%7Cp%2CCZ%2CG%3Eol%7CF%2Cp%7Ca%20%2096*%3CC*%7B%5D%20x%7C%2CpCZLxZLx%7Cp%2CGZLxnd%20sop%2CCZLp%2CCZLC%2Cp%7CxZLx%7Cp%2CFZLx%7Cp%2CCLZx%7Cp%2CCZLx%7Cp%2CGZLG%2Cp%7CxZLx%7Cp%7Cx%20%7D%20%3DPop-Country%3D180%3D1
d5f9ab28-0399-4c1e-9b68-09c5a3fa1ec3,irealb://Unwanted%20Love%20(RBB)%3DDon%20Reno%20%7C%20Arthor%20Smiley%20%7C%20Harry%20Leftwich%3D%3DBluegrass%3DB%3D11%3D1r34LbKcu7%20ttaMhe%20Re%7CdranoeL%E2%80%A2laH%7CkooB%20ssargeulB%20laArr.%20T45*%3CcisuMer%2F%2F(-guB%20%26%20xonK%20trFo%20)tsaF%20ot%20.deMTrio%20nnilF%23FZL%20%3EXyQX%20EZL%20x%20ZLp%20B44vT*%5B%20QyXQyXQyXQypLZ%20x%20.oC%20ZL%20x%20x%20LZBFZL%20x%20ZLp%20EZL%20%20xZLp%20BZL%20x%20ZLp%20%23%20pLZ%20ZLp%20%20ZLp%20%20x%20%20%5D%20ZLp%20%23FZL%20x%20ZL%20pEZL%20x%20ZLp%20BC*%5Bx%20LZBZLp%20Bevo%20o%20pLZ%20*%3CB1NZL%20x%20ZLp%20F%23ZL%20x%20ZLp%20EZL%20x69solBZL%20xr%20chorus%20%3E%20pLZ%20x%20LZN2B%20pLZ%20x%20LZN3B%20pLZ%20x%20%20Z%20%3DPop-Country%3D180%3D1
d52eb959-7a2f-42b3-87c3-54713ce71f11,irealb://La%20Ultima%20Copa%20%20-%20%20T%3DF.%20Canaro%20%2F%20J.%20A.%20Caruso%3D%3DTango%3DD-%3D3%3D1r34LbKcu7L7bB%204D-%20BX-G%7CQyX7D%7CQyX-ZDL%20lcKQyX7AZL7byQ%7CD-4TA*%5BL7A%20-Q%7CD-%20-G%7CQyX7D%7CQyX-DLZ%20lcKQyX7AZL7bBXyQ%7CDyX7AZyX-G%7CQ%5D%5B*B%7CQyX-G%7CQyXFZL7%20C-G%7CQyXFZL7C%20-GD-XyQyX-DZQyX7AyQ%7CG-D%7CQyX-GZL7D%20-DQ%7CyX7A%7CQyX-D%7CQyX-XyQ%7CX7A%7CQ%7CUD-XyQZ%20%3DPop-Rock%3D110%3D3
d5b2a1d6-d0eb-4fe3-91f1-45112163c8ce,irealb://El%20Humahuaque%C3%B1o%20%20-%20%20F%3DEdmundo%20P.%20Zaldivar%3D%3DHuayno%3DC%3D%3D1r34LbKcu7XF%5B%5DQXyQKcL7E%20CZL%20lcKQyXZCLG%20-AZLG%20CZL%20lZA-XyC42T%5BL7G%20C%20LZCXC%5B%5D%20%20lcKQyXCZLl%20cKQyXFZL%20lcKQy%20G7LZlcKQyZL7G%20LZA-XXF%5B%5DQyX-AZL7E%20ZCL7G%20CZL7G%20C%7CQyyQ%7CD77E%20CZAZL7EFXyQ%7CG%20CZL7G%20C%5B%20%20QyQXyX%5DQyXCZL7G%207D7LZC%20%7CQyXC-XyQ%7CC%20G7LZC%20G7LZC%20E7LZA-XyQZ%20%3D%3D0%3D0
d5a9ff1c-5935-4cad-9f70-b8bf9a62052c,irealb://Here%27s%20To%20Life%20%28hl101t%29=Butler%20Artie==Ballad=C%2D=1=1r34LbKcu7QyX904C%2D7X2bBsZL%3E2dda%20Qy9X0%2A%3C%2C9F%20F%2FbE%7CQy%2CBb%3C%2A4TA%2A%5B%20lcKQ%20Bb%5E%2CL7D%2031b9b7D%7CQy5Xb7%2DA%7CQyX9%5EbEl%7CZG%2DXy%3E7jam%7C%2C%5EbBC%2D7Xy7jam%20QyX90%2A%3C%20%2Cb2BlZL%2C9F%20F%2FbE%7CQ%3EsBb%2CA%2A%5B%5D%20X7%5EbEXyQ%7CA%20%20lcKQyX2GZL7D3%201b9b7D%7CQyX5b7%2D%5DY%5B%2AB9%5EbElyXsusEbXyQ%20%20bE%2FF%7CQyX7%5EbEQ%7CyXF%2FG%7CQyXsusG%7CQLZG9%2FF%7CQy%7CQyXb%20%5DXyQyX9%5EbE%7CQyXF%2FG%7CyQXsus9GQ%7CY%20%20QyXQ%7CF%2FE%20lcKQF%23o7XyQ%7CBb6XyQ%7CC%2D7XyQ%7CEb%2FF%20F9LZG%2DXyQKcl%20U%20Z%20=Jazz%2DBallad%20Swing=60=1
d5f16c16-4c36-44ca-bea8-079dcbea2ee2,"irealb://A%20Sunday%20Kind%20Of%20Love=Belle-Prima-Leonard-Rhodes==Ballad=F=5=1r34LbKcu7B%20,7%5E4F%5E7,7F,7-Cs%20,7%5EFZL7,C%20,7-GZL,7o%23F%20,%7ClBb4TA*{7C,7bZF%5E7,-GZL,7-D%20,6F1NLZ,7C%20,7-GZL,7D%207,%20sDL,7-b7F%20,7yQ%20LZ7F%20,7-CB*[Y]Qy,X6FZL7bE%20,6Fl2N,LZC-XQyX},7bDs%5E7%20F7yX,7-GZL%20lcKQy,X7G%7CQyX,7%5EbBZL,Q%7CC7%20bBZL,%5EbBl%7C[*A,l-Cs%20,7%5EFZL,7C%207,-GZL,7o%23F%20,7%5EF7,F7,Y],7C7,%20Bb-7,LZF%5E7,%20D7,LZG-7,%20C7,LZF6,%20Eb7LZF6,XyQZ%20=Jazz-Ballad%20Swing=60=0"
d50d7e6d-20bb-49df-967f-28df27783950,irealb://Samurai%3DDjavan%3D%3DFunk%3DE%3D2%3D1r34LbKcu7iecseoLZG%23%5BY%7D%20%3Ex4%3C%2C9B%207-G%23ZLoG%20EZL9%23C%207-*B%3CCrG%20%5EE%7BB%209-%23%20pra%20G%209%5EAZL9%23C%207-%23ZGLoG%20E%3Eranimuli%5E9LZFraul%209%23C%207%20GoLZoG%20EZL%2C7%23D%20h%23AQ%7CyX%5EAZL9%23C%207-%23GLZG%23-EZL31LZE%5E%20GoLZG%23-7%20B9%20%7D%20%3D%3D0%3D0
d5326305-ae6d-44e2-af1b-bfd36c9bc603,irealb://Volta%20por%20Cima%3DCarvalho%20Beth%3D%3DSamba%3DE-%3D10%3D1r34LbKcu7QyX7EhoreiE%7CQyX7B%7CQyX-E%3E..ierohc%20ue%20ha%20%2C-XyQ%7CC%3CA*%7B%5BY%20%20QQ%7CA-X%5DQyX-EZL%2C7B%20h%23%7CFQyX%5EG%7CQyX7D%7CQyXyQXyyX7E%7CX-A%7CQ%20homeQyX7E%7CQyX-E%7CQy7XB%3E..larom%20ed%20m%7CA-XymU%3CB*E%7CQyXXyQ%7CCaialaiab..%C3%A1L%3CQLZ%2Co%23G%20-EZL%2C7B%207..%3EA--E%7CQy-XyQ%7CC7%20B7%2CLZE-%20E7%28B7%29%20%7D%20%3D%3D0%3D0
d5f21058-31c4-44ea-89f5-12aeb490c294,irealb://Bana%20Biraz%20Renk%20Ver%3DS%C4%B1la%3D%3DMedium%20Ballad%3DD-%3D%3D1r34LbKcu7%20bB%20Z*66MeL%20-D%20ZL%20x%20ZL%20-%20D%3ErarkeT.1%20idolZ%20x%20L%3C44T%5BL%20-D%20LZ%20C%23yX%5B%20%20x%20ZL%20-D%20Z%20Lo%23C%20ZL%20-D%20ZL%20oQ%20%7B*A%20C%20ZL.2%20%206Z%20Bb%20%7B%7D%20%20A%20ZL%20-D%20ZLA%20%20ZL%20-G%20ZL%20x%20ZL*B%3C*6L%20C%20Z%20%20o%23Cr%3ED-%20%20ZL%20bB%20ZL%20x%20ZL%23oC%20-DZL%20x%20ZLo%23CC%20LZ%20arkeTyXQyXD-%20%20%7DrarkeT%20.1%20%20QyXyQX%3C%20ZLo%23C%20-D2N%5B%3Ex%20%20%5B1N%20Q%5BL%20-A%20D-%20C%23ZL%20-G%20C*%7B%5D%20%20x%20LZo%23C%20-DZL%20x%20ZLo%20x%20LZQ%5B%20%20QX72*%3CZ%20G-%20%20ZL%20C%20ZL%20bB%20ZLx%20%20ZL%20-A%20ZL%20x%20ZLBb%20LZL%20x%20ZyQXyQmaj%3EA%3CXyQXyQXyQ%202.Tekrar%3ELZx%20Z%20%3DPop-Rock%3D115%3D2
d5c3d334-6f3d-4ddd-868a-2d7edda8995c,irealb://Todo%20Lo%20Que%20Respire%3DComposer%20Unknown%3D%3DRock%3DG%3D%3D1r34LbKcu7-E%7CQyT44G%2C%20-AZL-E%20-BZLC/%20DC%7CQyX-E%7CQyX%2CA*DLZGX%2Ci*%2C%7BQyXC%7C%20C%23*dZLC%20-E%2CB*%2C%7B%20D%20A-ZL-E%20D/G%7CZL*siG%20D%20%7DC%7CQyXZLE%20-%2C%3C*66F%20-%23CZLD/E%20D%7CQXy-%23F%7CQyXA%3EebuS%20%23-LZBC*%2C%7C%5DAZLD%20F%23-Xy*%2C%7B%20E%20-BZL-%23F%20/EAZL*sid*%23D%20D%7CQD%2CF%23-%7CQyXA%20E%20%7DDXyQ%7B%3C*72Sube%3EC%23-%20ALZE%20B%20%7D%7CAXyQZ%20%3D%3D0%3D0
d5b0b312-8c3a-445d-9fa6-7fc169b7aae3,irealb://Bendecire%20%28Alegr%C3%ADa%20Me%20Das%29%3DHillsong%3D%3DBallad%20Even%3DG%3D%3D1r34LbKcu7QyX-A4C%2C*AA%2CS%2C%7C%7D%20G%20%23F/DZGL%20%23F/D%7CQyXC%7CQyX-XyQ%7C4Ti*%7B%7B%7DQyX%7CDXyQG1N%7C%7D%20Q%20%20D%7CQyX%7CCQyX-A%7CQyXGB*%7B%7CXyQ%7CGQyXC%7CX66*%3CQ%7CA-XE%7CQyX7-B%7CQyX-A*C%7B%7DQyXD%7CQyXC%7CQy-XyQ%7CyXG2NXGQ%7B%7DXyQXydoC81*%3C%20%3E4%20x%20ByQXQyX24*%3C%2CD%3EoTQa%3E%20S%20QyXQyyQ%7CA-XyQ%7CCXyQ%7CD%3C*66XyQTill%20cue%3EXyQ%7DGXyQZ%20%3D%3D0%3D0
d5f53baa-77db-4d63-9a4b-bd61bd7eb4e8,irealb://Estavas%20desde%20o%20Princ%C3%ADpio%28F%29%203%3DHillsong%3D%3DMedium%20Swing%3DC%3D%3D1r34LbKcu7QyX9b4FXyQ*7m*D%7CQyXA/FZLyQX%7CQyX9bBZLQyX%7CXyQ%7CB4TA*%7B%7CQyXb%7DYY%5B*%2CC/F%7CQyX*7m*D%7CyQX*7m*G%7CQyXbBSBXyQ%7CB%20%20lcK/FZL%20D-7XyXbBZL%20lcKQyXFA%7C*Y%5D%20%20x%20%3EeniF%3C%7CQyQKcl%7CQyXCyXF%7CQD-7Xy%7CQyX7-G%7CQyXbBB%7C*YZL%20lcKQyXbB%7CQD-7Xy%7CQyXA%2CF%20bBXyQ%7CCD%2CCZL%2CF%20bBC*%7BYLZ%20lcKQyX7-D%7CQyX-%20C%2C%7C7-G%7CQLZC%2CD-%20C%2C%7CBb%20F%2CLZC%2CD-%20C%2C%7CBb%20FLZ%3CD.S.%20al%20Fine%3ECXyQ%7D%20%3D%3D0%3D0
d52da134-24ac-4d83-9cf0-61cd369a2e48,irealb://Bebe%3DPascoal%20Hermeto%3D%3DBai%C3%A3o%3DC%3D%3D1r34LbKcu7-*AZL4G%5E/AAA*%7B%7DQyXx%7CQyXA1/1%237%5EF%7CQyXx%7CQyX-9LZx2Ti*%7BFZL9-LZxLZb7G%2031GZL9-D%7CZxLZL9-%23CZLxZL9-A13LZC%2C*5%239LxZLxb13LZZL31bB2NZL11%237ZELhBZLx1NZL31bBA-9LZ7F%2031L11%237Z*BEhCZL31b7G%2031GZLDhZL%2C31b7A%2031AZLh%20N1BLQyXZZL7DZB%5E%2CC%5EBZL9%5EbBZL11%237BN2ZL%5EbE%20%5ED%7C%2C%5E%23C%2C7%2311L%2C%5EbBZbAZL1us%20C-L11-bB%20sus7bEZ1L1-bB%2011%237BZL11ZA7%231s7FC*ZL%5E%23FG7%23117GZL%5EB%20%2C%5EbB%7C%2C%5E%2CA%5E%23G%2C%5EG%2C%5E%23F1NZL%2311LZZL11-L11%237-11%2C%7C1A%20sus7DZL11%237BbZL11-B%20sus7ED*1LZAbB%2C%5E%23FZC7sus%20G-11LZGb7%2311%2CLZF%5E%2CLZxLZBhLZE7b9b5%20%7C%20%3D%3D0%3D0
d523ca20-343b-4610-9fc3-bc3b430aea10,irealb://Meu%20Maxixe%3DKrassik%20Nicolas%3D%3DMaxixe%3DA-%3D%3D1r34LbKcu7bBZL--LZBbB%207EZL7BZL-EZLB7%20-AZL-AZL7EZL7b7LZAA42T%7BQyX%5D%20LZA7L%7C%7D%20-A1N%7C%2C-A%2C7b%20B7EZL%2C-AZLQ%2C-DZN2A-%207EZL7%20-AZLQ%7BF%20GB%7C%2C7B%20%20-EZL7B%20%23hFZLGZL7DZLCZL77LZE7yXQyX7G%20-D7%20F%237A%20FZL5b7C%20FZL57b%23F%20FZL5b7C%20FZL7b9LZGZL7D%23C%20AZ1C7%20%7DZL7EZL7BZLbBZL%5BA%20QyXQyX%5D%20%207E2NA%20E7LN%7C%2CC%2CyXQyX-%20A7L%20%2CAZL7bB%207BZL7%20CA%7CQyX11%237GZLDZ%7D%7CXyQ%23FZL7QXyQXyQXyQXyQXyQXyQLZQA-%2CLZBb7LZE7LZBb7LZBb7LZA-%20%5D%20%3D%3D0%3D0
d5f6135b-9de4-4ca4-b40e-1d117f8b8a28,irealb://Amores%20Como%20El%20Nuestro%20%20-%20%20C%3DOmar%20Alfanno%2C%20Arrg%20Los%20Charros%3D%3DCumbia%3DA-%3D10%3D1r34LbKcu7cKQyX%3C*69%20-A%7CQyX-AZL%20lcKyQXG%7CQyX-A%3EortnIXyQ%7CG42T%7BY-AZL%20-XyQ%7DXGZL%20lcKQyX-A%3EfaortsE%2096*%3CA*%7BYyQKclAZL%20lZL%20lcl%20LZGE%3EollibirtsE%209*6%3CB*%5BY%7D%20%20lcKQyX7XyQKcKQyXL%20lcKcl%20LZZL%20lcKQyXAZL%20lKcQyXCZL%20lcKQyXGD-XyQKQyXFlcKQyQKcl%20lcKQyXFZL%20lcKQXy7EZL%20lcKQyXCZL%20LZGXyX7GZ%20LZU%3CFin%3EA-XyQZ%20%3DLatin-Cuba%3A%20Cha%20Cha%20Cha%3D70%3D3
d5b4f34f-5fe0-4bb1-bf70-43ad17f74c93,irealb://Super%20Smash%20Bros.%20Ultimate%20-%20Menu%C2%A0%20(vgls)%3DSakamoto%20Hideki%3D%3DRock%3DE-%3D7%3D1r34LbKcu7x%20ZL%204A-%20B%2FD%207-AA*%7B%20QyX%5DyQXsus7EZLD%20CZL-ALZ%20x4Ti*%5Ba7E%20s7%20G6LE1N%7CQyXD%2F-AZL7E-%207%5EFZLA%2FD%207-AZ7b9su%5EFZL%20AZL7-yQXyQ7GZL7%5EF%5B%5D%20%23G%2F7%20Esus7E2N%7CQyXQyX%2FFLZEX%7D%20tlo%23F%20-%23-7b5A%7CQyX-EB*%7B%5D%20tl7aBZLsus7EZL7BZLXyQ%7CAFZL7-ZLAZLXyQ%7CEEZLxZLA%5B%7D%20D%20CZ-LB%20-A%7CQyXA%7CQyX--7LZx7-BZL%5B%5D%20BZ7LZx%20ZLxZLAZL9-EZL7F%5EZL7-BZL7%5ECC*%5B%5DBsusL-EZLx7C%7C%2CtG7%2FFLZLsus7EZL7BZL57b-%23FZL7-AZL7-EZsB7alZL7%5EFB%7CQyX%7B*DlFX-FZL7C%207-CZLo%20G-bB%7CQyXbB%7CQyX-yQ%7CBb%5D%2Ctlab-%20C-LZDb%20Eb%20%7DDbLZEbLZDbLZEb%20Z%20%3DPop-Rock%3D115%3D0
d5a0b514-a083-47ca-a874-e698f894302e,irealb://Dacapolypso%3DIsraels%20Chuck%3D%3DLatin%3DG%3D%3D1r34LbKcu7/GZL74A-7%20%7CQyX7%5EGZL7D%207-ZAL7-E%207-BZL7o%23AC%20C%23o4TA*%5B7-AZLZA-7%206GZL7D%207-AB*%5B%5DyQX96Gl%7C%2C96G%2C7Ds9%20E-7L7E%20DQyX96G%5E7%20E6G%2C7Ds%207-AZL7E7%20%5EGZL7D%207-AZL7-9%2C%7ClGZL7D%20X7Bl%7C%5E7%20F7Cs%207%5ED%7CQyX96bBLZ7F%207-C%7CQyX7EZL7%2CB7%2CGC*%5B%5D%207%5EGZ7%20C7L-AZL7-E%2096GZL7%20D7-AB*%5B%5DQyX96FZ7%20D7L-G%7CQyA%207-AA-7%20DyX96Gl%7C%2C96G%2C7D%20s7-AZL7E%207%5EGZL7Q%5D%5B*AZL7-E%207-AQB-7%20ED/GZL7o%23C%20C%7CQy7X%5EGZL7D%207-AZL7-%20E7LZZL7o%23sD7%2CG69%2C%7ClG69XyQ%5DY%5BQA-7%20D7LZpG%20%20Z%20%3D%3D0%3D0
d551d96f-8803-4e02-b253-454a8c39953e,irealb://Got%20A%20Match%3F%3DCorea%20Chick%3D%3DUp%20Tempo%20Swing%3DD-%3D%3D1r34LbKcu7yX%29B/-7XyQ7D%7CQyX%29C/7-D%287D-%7CQyX%29%23C/7A%287A%7C%239%28G7D44T%5B7-EZLXyQ%7CD7C%28%20%7CQyX%29F/7-G7%28-G%7CQyX%29%23F/7D%287/E%29x%207-G%7CQ7-DZLF-7%20B7hE%7CQyX7-DZL7A7%20-E%7CQyX7%5EbEZL7b%20A7%239ZL7A%20XyQ%7CA7XyQZ%20%3D%3D0%3D0
d5129596-3623-4a00-b997-e95039e1f8bc,irealb://Ill%20Wind%3DArlen-Koehler%3D%3DBallad%3DBb%3D%3D1r34LbKcu7ZL7G%20bXyQ%7C9bA%20-bEZLF/7G%20G7ZL5b9b7D%205b7-ALZD-7B44T%7B%7C%7D%207F%20F7b9QyXbB%7CZL5%237F%207C-1NZL7obD%206bBZL%7CC-7%205b7-Cs%20%207G%20F7%2357D%207oFZL7-E%207DQ%7CyXbBZL7bE%20bBZL/F%23LZ7-C2N%237F%205A%23o7%20QyX9GZL%23F/7D%207FoZL7-E%207DZLB/7G%7CC-7bl%7C%2C-AZL7G%20XyQ%7CA9bA%207-bEZLF/7G7%20GZL5b9b7D%205b7-LZD-7bBZL5xZL96%20F7b96bA%20%20%7CQyXbBlZLb7A%207-bE%7CQyXbBZL9LZBb5b7-C%20%5D%20%3D%3D0%3D0
d511a8c9-e49f-4a6b-b9af-268a5ee22c40,irealb://It's%20You%20Or%20No%20One%3DStyne%20Jule%3D%3DUp%20Tempo%20Swing%3DF%3D%3D1r34LbKcu7F%7CQyX4G-7XX7-GZL7D%207-AZLb7B%207%5EF%7CQyX7C%7CQyyQ%7CC74TA*%5B7-A%207Kcl%20%20lcKQyX7%5EbA%7CQyXb7E%7CQyX7-bBB*%5BY%5D%20LZC%5EQyX7%5EAZL7b%20G7LZ%7CQyX7C%7CQyX7-GA%5B*Y%5DQyX7C%7CQyX7-GF%5E7%20B7-DZLhBC*%5BLZG-7%297F%289b7D%7CQyX%297C-%287hA%7CQyX7C%7CQyXXyQ%5DY7D%207-X7C%7CQ7%29XyQZL7bD%207-bAZL7-%20D7-AZL7bE%207-bB%7CG-7Xy%5EbB%287yQ%7CUF6XyQ%7CA-7%20D7%20Z%20%3D%3D0%3D0
d5c65700-0bfe-48e5-985b-7c67595db343,irealb://If%20I%20Should%20Lose%20You%20-%20jsb%3DRainger%20Ralph%3D%3DMedium%20Swing%3DBb%3D%3D1r34LbKcu7F%7CQyX4G-7XL7bB%207-FZL7%23F%20-7GZL9%237D%207hA%7CQyZEb%5E74TA*%5BD%207hA7LZEb%5EbB%7CQyX7F%7CQyX7C-B*%5B%5D%20%20lcKQyX7%5E7XyQ%7CbB%207-%207hA%7C7XyQ%7CGA*%5B%5D%207D%207hAZLBb/7-C%207-C%7CQyX7C-7XyQ-GZL7cKQyXZG-7%20L7bB%207-F%7CQyX7%5EEbZL7bB%207-FZL7%23FZEb%5E7L9%237D%7CQyX7*CC-77-CZL7G%209b7D%7CQXy7%5EbB%7CQyX7F%7CQyXXyQ%7CF%5B%5D%20%20lUBb6XyQ%7CAh7%20D7%20Z%20%3DJazz-Medium%20Swing%3D100%3D3
d5b9021a-5d0a-43e2-bdb8-db3ea9bae741,irealb://Afternoon%20In%20Paris%20251%20Bb=Lewis%20John==Medium%20Swing=Bb==1r34LbKcu7%7BC%2D7%20F7LZBb%5E7XyQ%7CC%2D7%20F7LZBb%5E7XyQ%7D%20==110=4
d5bfcaa1-c34c-4ff3-a681-0818b06bb0df,irealb://Esprit%20Saint%20Esprit%20Du%20P%C3%A8re%3DComposer%20Unknown%3D%3DBallad%20Even%3DEb%3D0%3D1r34LbKcu7%5BEb%20Ab%2CLZEb%20BbLZEb%20Ab%2CLZBb%20Eb%2C%20%5D%20%3DJazz-Ballad%20Even%3D60%3D3
d56070c2-b147-49d1-850f-c66b4275b6fc,irealb://Agua%20De%20Beber%20Bg%20VO%3DJobim%20Antonio-Carlos%3D%3DBossa%20Nova%3DD-%3D2%3D1r34LbKcu7QyX7-4D-7Xb7A%209%237E%7CQyX7-ZDL31b7A%209%237E%7CQy13LZD4Ti*%5BDZL31XyQ%7CD%237E%7CQyX7-DA*%5B%5DA%20%2F-G%20%2C6bB%7CQyX7-9%20A7b7%5EbB%7CB*%7Cnn%7CE7%239QyX11-D%7CQyX7%5Eb%7CBQyX7-DZL31b7A%20%7CD-%2CnQyX7-yX7%5EFQ%7CD-%23b31C%7CQyX96bB%7CQXy9G%7CQyX7-D%7CQyX59XyQ%7CyXD%2FA%2F9%237ELZ*CE%2F7FZL%23C%2F9b7A%20-ZDL11%2331bE%205%239b7CXyQ%7C%20lcKQ1-G%7CQE7b9X9GD*%7CQyX9%237D%7CQXy-D%7CQyXsus7A%7CQy%2311Xy%7CQyXBA%2F-G%20D-XyQyX-D%7CQyX11-G%7CQXy11%239G%7CQyX9%237D%7CQ%7CBb6%7CQyX1yX7-DQD-7X7A%209%237E%7CQyX7-DLZ31b7A%20%2C9%237E%7CQyb13LZ%7CZ%20Q%2CQ%7CBb%5E7XyQ%7CD-7XyQ%7CUsD-%2CXyQ%5D%20%3DJazz-Bossa%20Nova%3D140%3D2
d51a64b2-3576-4e00-a314-0092ccf999af,irealb://Ven%20Dev%C3%B3rame%20Otra%20Vez%202%20-%202%3DRodr%C3%ADguez%20Lalo%3D%3DSalsa%3DEb%3D%3D1r34LbKcu7%20-D%7CQ%2CEbXyQyXbB%7CQyX-F%7CZLl%20cKQyXbBZL%20lcKQ%7CEbXyS%2CA*%7B%20G%20-DXyQKc/bEZL%20lcKQyXbBZ%7CL%20lcKQyXbAZL%20lGXyQ%7C-CZLG%5B%7D%20G%20-XyQKXbEZL%20lcKQyXbBLZ%20lcKQyX-FZL%20lcyQ%7CD-CB*%7B%5D.S.D%3CKcl%20LusbB%7CQyXbA%7CQyX/GbEZL%20lcKQyX-FZsXyQ%7CQyX-ClcKQyine%3EBQyX%7CQyX-FZL%20lcQKyX-C%2CC*%2C%7B%5DQyXbLZBbXF%20la%20%20LZEbXyQ%7CD-%20G%20%7D%20%3DJazz-Medium%20Swing%3D100%3D3
d597eaea-2c0d-46bc-8a2d-d4582e335667,irealb://Alma=Azevedo%20Waldyr==Choro=G%2D==1r34LbKcu77AZLx%20%7BG%2DLLxZL%2DG%7CZL7DZL%2DZGLxZL7DZLxZL%2DCZZD%2DLZn22T%5BL%2DGZLD7LZxZLxZL7GZLxZL7DLZxZL%2DCZLxZL%2DGZLC%2DLZxZLxZL7BZL7sC%2D%2CD%2DAZLxZLGZL7DZLA%2DZLxZLG%5B%207Dl%7C%2C7%20%5BN1DZLbBZLGZL7E%2DLZGZL7EZLGZLoCZLCLZxZL%2DAZLxZLCZL7A%2DLZDZLxZLZD%2D7LZG%2D%20%7D%7C%20LZN2D7LZG%20Z%20=Latin%2DBrazil%3A%20Samba=130=1
d571ff7b-350b-4ad2-8ea3-4ff1fe31706a,irealb://Theres%20More%20Pretty%20Girls%3DComposer%20Unknown%3D%3DBluegrass%3DD%3D%3D1r34LbKcu7yXG%5B%5DXyQ%7CA%7CQyXD%7CQyXG%7CQyX%7CGQyX7D%7CQyXD%7CQyXD7XyQD44T%7BQ%7CGXyQ%7CDXyQ%7CDXyQ%7CDXyQ%7CAXyQ%7CD7XyQ%7CDXyQ%7D%20%3DPop-Bluegrass%3D210%3D8
d5dd0e52-41a4-4502-95fb-520fa4e7d22f,irealb://Sui%20Yue%20Ru%20Ge%20%E6%AD%B2%E6%9C%88%E5%A6%82%E6%AD%8C%3DChan%20Eason%3D%3DPop%3DEb%3D7%3D1r34LbKcu7G%20-CZXyQ%7CEBZLbA%20bESv*%5B%5D%20Bb%20-F%7CQyXbA%7CQyXbb%20EbLbAi*%5BZLbA%20%20BbLZ%5D%20Q%2CbB%20-FZL-G%20C-ZLbE%20bBZLbA%20bE%7B*CEb-FZL-X-FZLLZC-%20%2FW%2C-C%5B%5D%207oB%20-FN2%7C%7D%20bB%20-F1NZL-GBb%2CAbbE%20bBadoC%20XyQ%5D%5B.D%3CZL-F%20-CZLG%2FEb%20bAZLG%2FbE%20bAi*S.%20albB%7CQybD%7CQyQ%5D%5BQ%3CyXbE%7CQyXbB%7CQyXAb%3E)oloS%20ratiuG(Q%7CAbXyXbB%3E%7C%7D%20B%20XyQ%7CxZL-%23G%20-%23CZLE%20BLZA%20EC*%7B%20QyX%5DQyXN1F%23-B%7CQyX%2CA%7CQyutro)XA%5B%5DQyXB%7CQyX-%23%7CFQyX-%23C%5D%207%23G%20A%3EyQ%7CEXO(%3C2NXyQ%7CE%2CXyQ%7CA%2CXyQ%7C%3CFine%3EF%23-%2CXyQZ%20%3DPop-Rock%3D115%3D1
d587b8b6-112a-4840-b9fc-3aae21df7480,irealb://My%20Romance%20(Tom's)%3DRodgers%20Richard%3D%3DMedium%20Swing%3DBb%3D%3D1r34LbKcu7bA%207%5E4Bb%5E7b7F%207-CZL)9b7b(G7obD%207-DZL7-C%209LZBb4TA*%5BbB%207%5EAb7b9b7F%207-CZL5%239b7%20G7-GZL7%5E-G%20-G%7C%2C5LZBb%2C9b319b31b%5B*BEbEZL9b7bB%207%5EbB%7C9%2Cb7bA%2C9b31bA%207%5Eb%5E7%20A%5D%209b7L9b7C9%2C%7CBbL9b7bD%207-DZL9bA7%205b7-EZL6bB%207%5EZG-7%20b7bA%2C%5EbBZLs%20F7b7-CZL9b7bG%207-DLZ7-C%207%5EbBA*%5B%5D%205%20F7b9us7CZB%207-F3b9%2CA7-CZL5%239b7G%207-ZGL7%5E-G%20-G%7C%2C9b7b%20F7LZ1bA%207D(9b7%20%5D%5B*C7-A(7hAZLbB%2F7-%20C7-CZL5b7G%207%5EbEb5)%20D9b31b%207-CZZG-7%207%5EbBZL9b7F%207-CLZ6bB%207%5EbBZL9b7C%20Bb6LL)5b7F13b9%20Z%20%3DJazz-Slow%20Swing%3D80%3D7
d5d3ffbd-419b-4e20-95f1-ba7ff2f9e8d0,irealb://Speak%20Low%3DWeill%20Kurt%3D%3DMedium%20Swing%3DF%3D8%3D1r34LbKcu7hAZL74G-7XZL7C%207-G%7CQyX7CQ%7CyX7-G%7CQyX7C%7CQyG-7%20C4T%7BA*ZL7G%20D7XyQyX7bE%7CQyX7-bBZQL%20%207bE%7CQyX7-bB%7CQ%7CD-7%7CQyX7F%5BB*%5D7LZN1QyX6F2NZL%20QyXQXy%7D%207D%207-A%7CQyX6FKcl%20%20C%207-G%20la%20.Kcl%20L%207bDZL%20lcKQyX7b%5EEZL%20lcKQyX7bDZ%20%3CD.CQyX7-U%7CQyXLZC7XX7-G%7CQyX7D%7CQyXh7AZLQ%20QyXQyX%5DQyyQ%7CC7%3EADOCF6XyQ%7CA-7%20D7%20Z%3DJazz-Latin%2FSwing%3D180%3D8
d572b03f-7a6c-4e81-a73b-c03292a9fa6e,irealb://Oh%20Me%20Oh%20My%3DWalkupmusic.com%20Arr.%20of%20Aretha%20Franklin%3D%3DSoul%3DG%3D%3D1r34LbKcu7Lsus74C%20D7-B%2C-A%20GZLsus7DC%20%7C%2C-B%2C-A%20GZLsus%2C%7CC%20D4TA*%7BZLsus%2CE-LZ*%5B%7DQyX%3Eylno%20x%20st1%3Csus7D%7CQyX%5EbEBC%20D7-B%2CGZyX%5EbEE-LZC-B%2CGZLsus7D%20CZ-LE%2C-B%2CGZLsus7D%20%2CE-LZ%2C-B%2CGQ%7CD7susXyQ%7D%7BEb%5EXyQ%7CD7susXyQ%7D%5B%3CChorus%3E%20%3D%3D0%3D0
d568f85c-284e-46ac-ae44-c790b8c90903,irealb://Rudoph%20the%20Red-Nosed%20Reindeer-Rev%20JE%3DGreen%20Johnny%3D%3DChristmas%3DC%3D%3D1r34LbKcu7G/7-D4D-7/-E%20G/7-DZLG/7-%20EG/7-DZLG/7-E%20G7/GLZ4Ti*%5B*%7B%5D%207/G%2CE7D%7CQyX7bA%7CQyXh%23ZFLG/W%207-Al%7C%2C%23G/-7%20Db7-Es%207A%20hE-7%2CLZ7-DZL7bD%2031DZLb7E%207-EZL7-D%207-E%20BhLZD%20%5ECBD%207-D-7%20sG%20QyXQyX%7D7bD%2C7-%2CD7bE%2C7-E%7C%2CF/W%2C7LZN2lD1NZL%5ECsZL%5E%20sG--DZL7A%20G/%5ECZLhF%23%20%5EFlC*%5B%5D%2C7bG%2C77%20Db7CZL7bG/W%2C7W/G%2CF7bB%207-Bl%7C%2C6-C%2C%23hC%2C7bB%2C7-Bs%7C%2Ch%23LZsA-%2C7-A%2CClZLQB7%2C%7CE7-Dl3NZL%20QyXQy%7DX7bD%2C7-D%2C7bE%2C7-%20Db7%2C%2Ch%23F%2CC%3EENI7%2CDb77bD%207-DZL7bE%207E-ZL6-F%20h%23FlQ%5B%5D%2CLZU%3CF-Ds%20%5E%5EXyQZ%20%3DJazz-Swing%20Two/Four%3D120%3D5
d51ec3fb-2a47-49a6-835f-5971c0712c26,irealb://Waltz%20For%20Debby%20in%204-A%3DEvans%20Bill%3D%3DWaltz%3DF%3D%3D1r34LbKcu71N%5B%2C74sA-7%2C7D%2C7A%7C%2CbB/C%2C7%2CCF/-G%2C7-G%7C%2C7-D%2C%7CG7%2CC4TA*%7B%7C%2C7E%2C6%2C%7CGh7-D%2C7A2N%7C%7D%2C7C%2C-7G%7C%2C7D%2C7-A%7C%2C7C%2C%2C%7CB-7bB%2C7FC%2C7-D/A%2C%7CA7-G%7C%2C7D%2C7-A%7C%2C7%2CC7-GB*%5B%5D%2CA/-B%2C%5E%2CA7%2C%7C-B%2C%5EAhG%7C%2C6b%5E%2CA73N%7C%7D%2C7C%2C7-G%7C%2C%5EDb%2C%5EbA%7C%2C7G%2C7-D%7C%2CF7%2CBbB%7C%2C7-B/7GQA-7%2CD%2Ctla7A%2C%5EbB%7C%2C7F7%2C-A%7C%2C7E%2C7-B%7C%2C7-%7CD-7%2C%7C%2C7C%2Ch%23Gn%2CC%2CnG%23%7BZ%2C7Cn%7Cn%2C6F%7C%2CC7/Cn%2CC/7-Gn%7C%2CC/hQnF/C/Fn%5B%2C%2C%5EAn%2CG-7/C7Cn%2CC/7-Gn%7C%2Ch%23nG%2CC/Fn%7D%2CC/o%23Gn%2C%2C%7CGb%5En%7C%2CC/n%7CG%5E%2CnC7alt%2Cn%7CUF%5EXyQZ%20%3DJazz-Medium%20Up%20Swing%3D160%3D5
d5d03afc-812a-4051-a2c9-794fdc26f105,irealb://Sen%20sevda%20m%C4%B1s%C4%B1n%20%3D%20Buray%3D%3Dballad%20:%29%3DA-%3D10%3D1r34LbKcu7I%20QyX4E-%20F*%3CZL%20-A%20A*%7C%7D%20%20%20GZL-D%20GZLF%20-EZL68%20%20I4TA*%7BZL-E%20%3EA-%2CD%2CF%2C-E%3EII%20QyXI%20yQXI%20%2086*%3CZL-E%2C-GLZA-IIQyXQyXQyLZA-%20para27*%3CB*%7BZL-%20E5b7-BZLC%20GZL-D%20IIIX-D%20-AZL-D%2C%20F%2C%7CEAZL-D%20-AZL-E%20D-/AZL-D%20-AZL-D%20-%2CA/C%23-E%20%3EIyXQyX%20E-%20%20%201%20eli%20IRALROK%20AA%20%20IDOLEM83*%3C%7Dtur%20%3EZLF%20GZLQyXyQLZX%20KACANILACQyXIISRAY04*%3C%20B*ZLQy%3EXyQ%7CXZL%20QIP%20ISXyQLZyX03*%3CB*ZLQyXZQLyXZLQyXZLQyXA*QYARIZLQyX%20nos%3CKUSTIZLQyXZLQyXZLQy%3EXITTUT%20ISIRAY%20KXyQLZA%20ONAZLQyXkust%C4%B1ZLQyXZLQyXZLQyZXL%20-E%20ZL-D%20C%3E%20kXyQLZa%20z%C3%B6sXyQLZXyQLZXyQLZXyQLZXyQ%20Z%20%3D%3D0%3D0
d5262cc6-d4ce-4993-97d2-2db7a235d78e,irealb://Alice%20In%20Wonderland%20GS=Fain%20Sammy==Medium%20Swing=C=10=1r34LbKcu7%207%2DEZ4D%2D7%20%2DD%7CQyX7%5ECZL7E%20h7BZL7%5EF%207%5ECZL7G7%20G7L4TA%2A%7B7%2DEZLD%2D7%20GDB%2A%5B%20QyXQyXQyXyQXQyX%7DQyX7%5ECZL7%2D7%20G7ZL7%2DAZL7A%20ZD%2D7%207A%207%2DEZL9b7B%207%23%2DFZL7%5EF%207%5ECZL7GLZD%2D7L7%2DA%20L7G%2077%20%5D%5B%2AX7%5ECZL7E%207hBZL%5E7F%207%5ECZL7G%207%2DDAyQ%7CD%2DG%207%2DDZE%2D7%20A7LZD%2D7%20G7LZC%5E7XyQZ%20=Jazz%2DGypsy%20Jazz=100=6
d568f401-839f-41f4-8447-b273fecb729b,irealb://Straight%20To%20The%20Heart%3DMarcus%20Miller%20(David%20Sanborn)%3D%3DSoul%20Ballad%3DEb%3D3%3D1r34LbKcu7giart44%3C*7rf47*%3C%20%2C9%5EbD43%5BTQyXn%3E96%20mpb%20%204om%20%22sTi*%5BYl%7Cp%2Cb%20the%2011%239F%2CF%2FbEs44TLZ%20%3Emubla%20%22traeh%2CAb%2FBot%20ths7As%202%2C%20sB%7C%2C11%2331F%2CG%2FFs%209%2C%5EFlA*%7BY%5D%2CC%2CC%2FblE-7%2CddabE%2C9%5EbDb9%235%2CL11%2331F%20F%2FbEl%7C5%2C%237Gs%20%20bB%2F%5EbAl%7CZYT347A%2CsuQyX%7D%2C44sEbBs%20%2C2ddabEl1N%7C%2CpbB%2FbA%2C11%239F%2CF%2Fb%2FC%2CCT%7CQyX1FZL%5EN2lG77GZLbB%2FbA%2031FZ%3ELolos47*%3C%5EbA%205%23%235%20AbB*%5BY%20FZL%5Eb%2FBb%2CEGZLbB%2FbA%2031FZLb%5EA%205%237Gl%7C%2C2ddab7%235%20AbAs%203%2Csus9b%2FBb%2CddabE%20bB%2FbAZL9%20F7-ClC*%5BY%5D%2CB%2F7G2LZsGAs%2031x%20ZLC5%2CG7bCl%5B%5Dp%2Csus9bB%2CGb%2FE%2C7-F%7C%2C7-C%2CB%2F99sus%20%239b7Gb7A%2CsQXyQ%20%20%2C7-El%7C%2C11%2331FG%2C%2FFs%20%2C9%5EFlA*%5BY%20sA7suyX%5D%20%204T%7CQylAb%5E%2FD43T%5B%5D%2011%2331F%20%2FFbEl%7C%2C5%237Gs%20%20bBb%5E9%2CX%7C%2C5%239l%3EoloF%2CF9%23o%20%2047*%3CB*%7BY%20%20QXyQyX%5Dp%2CbB%2FbA%2C11pen%20s%2FbEs4%2FbAs%3EAb%5ELZX96*%3C%2031FZL%5EbA5%20%237GZLbB%2FbA%2031FyQ11x%205%237G5%237GZadd2%2CA%2031FZL%5EbA%205%237lG%3Eeuc%20no%2096*%3C%7C%7Db%2FBbLbE%2CbBF%2FbEsZF13%20yX%2C9%5EbD%3Eortuo%2072*%3C43T%5B%5D%2011%2331FQ%7CT44L%5EbA%20%2C%3C%20rit.%3EF9%2311%2CAb%2FBb%2Cp%5DUflEbadd2XyQZ%20%3DPop-Slow%20Rock%3D69%3D1
d5ca3837-5e6e-4e3c-bd33-dd7c40e93723,irealb://Christmas%20Song%2C%20The%20-%20H.E.%3DTorm%C3%A9-Wells%3D%3DBallad%3DF%3D3%3D1r34LbKcu77-AZL4F%20G-ZL7bE%20bBl%7C%2C7F%2CC-s%20FZLbB%207-AZL7F%20G-74TA*%7BD%2C-AsE7%2C%7CNQyXQyX%7D%2C7C%2C-Gsb%20Al%7C%2C7bE%2C-bB%20A1%20LZN2%2ChBs%20bB%7CQy%2CC7%2C%7C7F%207-CZL7G%20bBZ7LF%207-CB*%5B%5DQyXFlLZBbX-Gs%2C7FZLbB7LZAbL7-G%20FA*%5B%5D%207C%20-7GZL7bD%207-D%7CQyXZA-7%20bE%207-7C%2C-G%2CF7%2C%7CAs%7C%2C7E%2ChBs%207-ALZ7-G%20FZL7bE%20bBl-%2CD7%2C7-Cs%20%2C%7ClFXyQZ%20%3D%3D0%3D0
d55d088e-b5b8-4e3e-8c91-4615716ed56f,irealb://Pick%20Yourself%20Up=Kern%20Jerome==Medium%20Up%20Swing=F=5=1r34LbKcu77C%20su4G-7%207G%207-DZL9b7A%207EhZL7%5EbB%207%5EFZL7CLZC7s4TA*[B%207h%23%20D7LZC%207%5EGZL7D%207-AB[*]QyX6FZL7C%207-G%5E7LZF7-AZLbAC*[E-7%20AGZL7D%207-AZL7E%20-7BZL7D%20sus7DZL76XyQ]ZL9b7%207-GZKcl%20L-AZL%20lcKQyX7%5ECQ%7CyX7bA%7CQyX7-bEZ7%20D7LQyX7%5EC%20sus*AG-7G%207-DZL9b7A%207hZEL7%5EbB%207%5EFZL7C%207LZC7[]%207C7LZA-7%20D7LZG-7%20C7LZF6XyQZ%20=Jazz-Medium%20Up%20Swing=160=0
d5dc698c-82f3-4321-93d7-b9a5f36a4b28,irealb://Don't%20Go%20Breaking%20My%20Heart%3DJohn%20Elton%3D%3DPop%3DF%3D3%3D1r34LbKcu7%5DQyXF4FXyQyXF%7CQyXF%2FbB%7CQyFXZL7C%20bB%7CQyX-D%7CQ%7CBb%2F4Ti*%5ByX7CZ*AFXybBZLA%2FF%20F%7CQyXb%7CBQyXF%7CQyXF%2FbB%7CQ%20G%2FBL%7B%20QyXCZL%20lA-LZs-AlB*%7BQyXQyXQyQXyX%7D7C%2CbB%2C-A%2CbBXyQKc%20bB%7CQX%5D%20%20lcl%20LZF%2FbB%7CQyXE%2FC%7CQybXA%7D%207G%207CZLF%20bBXyQKcKQyX-yXFZL%20%20%5B*C%7CQyX-D%7C%7CQyXFZLC7%20bB%7CQyX-D%7CQyXFBb%20C7QyXQyQ%7CBb%2FFXyQ%7CFXyQ%7CBb%2FFXyQZ%20%3DPop-Rock%3D115%3D3
d55b899d-c41a-4089-997a-41e1aca1d5da,irealb://Cherokee%20Shuffle%3DJackson%20Tommy%3D%3DBluegrass%3DA%3D%3D1r34LbKcu7*%7B%7DQy4AXyQXE%7CQyXA%7CQyXD%7CQXy-%23FZL%20x%20ZL%20lcKyQ%7CAX4TA*%7BXA%7CQy%7CAXyQX-%23FZL%20lcKQyXAQ%7CyXD%7CQyXA%7CQyXD%7CyQ%7CEXQyXDByQ%7D%20%3D%3D256%3D5
d52f29bc-139c-4eeb-8bf8-1143223c99d3,irealb://All%20The%20Things%20You%20Are%20(Artie%20Shaw)%3DJerome%20Kern%20(Artie%20Shaw%20-%201939)%3D%3DMedium%20Swing%3DC%3D0%3D1r34LbKcu7hc%20ye44%3C*747*%3C%20-D%7DQyX6C%7CyQX7G%3E311%20mpb%20%204XyQ(kTi*%7BYX6C%7CQtted)QyX7-D%7CQyX7-AA%5B*Y%5D%207E%207-DZL7G%3E%7CG7Xyimo%20g%7CQyX7XyQ%7CB7-A%7CQyX7-EB*%5BY%20%5D%20lcKQyX6E%7CQyX7XyQ%7CD6F%7CQy%7CQyX7%7CC6Xy%5BY%5D%20%23F%2FW%207-%23GZ%23LA%2FW%20B%7CQyX7%23F%7CQ*CC%23-QyX6GQyXhb%2FF%23%2CscKQyX6Bl%7C%2C9b7%23%2CF%23F%2F7-%23C%2C%23F%2F7-Cl%20LZB7-%23CsD%7CQyX%2FEb%2CD%5BY%5DQyX%2C5%237C%7CQy6XbAl%7Cp%2C7bE%2CbE%2F7*DA-7hbBs%7CG%7CQyX%7CG7XyC%7CQyXG%2F6CZLQ%20%20Dh%7CQyX6F%7CQyX6C%7CQo%5E%2FGbQyX7-ClQZLyQ%7CppyXYY%5D5%239b7E%2C9E%20s%2C7-B%7CQyX6CZL7GQXyQ%20Xsus9%20f%206CQ%7CCo%5E1%237bDs%20%2031GZL%20clKQyX7-D%7CQyXbE%2F1%2C%7CUlyXE%2F6%20Z%20%3DJazz-Medium%20Swing%3D113%3D2
d500cafe-779e-44e0-9cab-62265fdff479,irealb://Come%20On%20In%20My%20Kitchen%3DJohnson%20Robert%3D%3DSlow%20Blues%3DBb%3D%3D1r34LbKcu77F%207bb7XyQ7FZL%20lcKQyX7bBLZ%20x%20ZL%20x%20ZL%20lcKXyQ%7CBB44T%7BLZBb7XyQKcl%20LZ%20x%20%20%7D%20%3DJazz-Slow%20Swing%3D74%3D1
d5a9897a-3517-4662-87e0-9a455e31e83a,irealb://I%20Remember%20You%20%28Spotnicks%20Ver.%29%3DSchertzinger%20Victor%3D%3DRock%20Ballad%3DA%3D%3D1r34LbKcu7%20%20%297%5E4AXyQyX7-D1N%7CQyXDZLA7%20A%7CQyXA%7CQyXbA%7CQ%7CA%28C4TA*%7B7-%23G%7CLZE7X*%5B%5DQyX7A%7CQyXA%7CyQX7-D2NZLQyX%7DQyBDXyQ%297%5EC%28%5B%5DQyXZF%23XyXEZL7B%207-%23F%7CQy7X%23FZL7%23C%207-%23G%7CQyQ%7CE7L7%23C%207%5EC%28%20Q%7CAbX%28A%7CQyX7-D1N%7CQyDXZL7A%20A%7CQyXA%7CQyC%5E7%29%20yXAA*%5D%20%3EadQLZAX%20.S.D%3C%20%207A%7CQyXA6ZL%2CQ%2C7E%207-B%7CQyal%20CoyXZL%29%7C%2CQ%2CCXyQ%7CD*m7*%20G7LZBbLZxLZALZx%20Z%20%3DPop-Rock%3D120%3D3
d5242cb1-414a-40b9-8f90-319c3e90eb9e,irealb://Heart%20Of%20Worship%3DMichael%20W.%20Smith%3D%3DWorship%3DC%3D10%3D1r34LbKcu7%7D%20QyX4CXyQs7GZLQyXQyX7-DLZQyXQyXB%2FGZLQyXusXyQ4TA*%7BQyXQy7XyQCLQyXQyXCC*%5B%7D%20%3E4x%3CQyXQyXG%7CQyXE%2FZG%2FBX-DB*%7BLZD-7XyQXyQLZFXyQGXyQ%7D%20%3D%3D0%3D0
d5fec9f2-cb2d-4939-a247-98f39ec5d5a0,irealb://Persona%205%20-%20The%20Whims%20Of%20Fate%3DMegura%20Shoji%3D%3DDisco%20Funk%3DD-%3D5%3D1r34LbKcu7esrev4D-7X-DSA*%5B%7DQyX7-A%7CyQX7-D%7CQyX7-A%7CQy7%3C*694Ti*%7B%20%2CC%7CQA-9Xy%7CQyX9-A%7CQyX7-DQ%7CyX9-A%7CQyX7-D%7CQD-7Xy%7CQyX%3EZLxZL*B%3C*6L7-DZL9-AZLxZL%5E7bB%3E1%20surohc%20%209ZBb%5E7%5B%5D%20Q%20*%7B%5D%207D-7LZ-AZLxZL7%5EbBZL7D-ZL9-AZLxZL7%5EbB9LZD-ZL9-AX7-A%3E4x%3ED-la%20.S.D60*%3C%7CQy7X-D%7CQyX7-A%7CQyX7%20Coda66*%3Cv-AZLxBQBb%5EBZL7-DZL9-AZLxLZ%3E2%20surohc96*%3C7b%5E7LZ*%7B%7DQyLxZL77%20%7D%7B*7-DZL9-AZLxZL7b%5EB%3Eortuo%20%2096*%3CCLZBb%5E-DZL9ZA-9LZD-7%20%7D%7B*vD-7XyQ%7CA-7XyQ%7CD-7XyQ%7CA-7%20%20%3CFine%3E%20%7D%20%3DPop-Disco%3D126%3D1
d5e35a7d-cd4a-4cc8-a6fd-fe89f363c68a,irealb://Relampago=Garoto==Choro=G==1r34LbKcu7DZL%2DGD7LZGL7DZL7AZL%2DGZL7ZDLG%7C%2C5%237D%2C7DZL%2DZ%5BGLZs22T%7B%2C7BZL5%2C%7CG7Q%2CG%3EeniF%3C%7C%2C7D%2CA7%7C%2C7E%2CG%7C%2C%2DC%2CCZL%20%7D%7BE%2D%237D%2C7%2DAZL77LZE%2D%7C%2C%2DA%2C7BZL%2DEZL7ZBL7%23FZL%2DBZL%2DEZLB7LZEB%7C%2C%2DAL7GZLC7%2C%7CF%2C7G%2CCQ%7B%7D%20%2DE%3EadCo%20la%20%2ES%2ED%3C%7C%2C7B%2C%7CCLZC%2C%2DEZL%3C%7C%2C7GALZD77A%2CCZL%2DFZLFZL7ZCLC%7C%2C7G%2CCZL7GZL%2C%7CD7%2CZL7EZD%2EC%2E%20al%20Fine%3EC%20%7D%20=Latin%2DBrazil%3A%20Samba=110=1
d5e2de91-1564-449e-8444-1b5a08550232,irealb://Oh%20prends%20mon%20%C3%A2me%3DComposer%20Unknown%3D%3DWorship%3DE-%3D%3D1r34LbKcu7E%20-AZ4E-XyA%7CQyX-EZL-E%207BLZ-E%20-AZL-E%20-A%7CQ-%20E-L4TA*%5BD%2C-AZ%20E-%20%5DAZLG%20D%7C%2C-A%2CC%20-ZELG%207DZLC%20-EB*%5Bo%20E-L7BZL-7%2CG%5ELZAo%20E-LZB7%20E-%20Z%20%3D%3D0%3D0
d5b869d8-2b2e-4c84-a19f-6ce6213da65c,irealb://Seigneur%20par%20la%20clart%C3%A9%20de%20ton%20amour%3DKendrick%20Graham%3D%3DWorship%3DA%3D%3D1r34LbKcu7%23F%20-%234A%20AsE%20DZLA/E%20AZLsuAs%20AZLA/E%20AZL%2Csu/DLZC4TA*%7CyX%5D%20EE/DLZ%7CQyXGZLE%20susE%7CyQXGB*%7C%5D%20-%23F%20-%23CEsus%20%20DZL-%20susEyQXyQB%7CQyXD%7CQyXA%3EnirafeR66*%3CC*ZLQyX-XyQ%7CXQyXQ%2CE%20suyQ%7CDXX-B%7CQyXD%7CQyXAZEL%20GZLA/-B%20-B%7CQyyQ%7CEsXAZLELZAXyQ%7CDXyQ%7CB-%20ELZA%20AsusLZA%20Asus%20%5D%20%3D%3D0%3D0
d56b6dd3-8bad-4bb5-b3ae-0a6ca139f4b2,irealb://Autumn%20Leaves%20Am%3DKosma%20Joseph%3D%3DMedium%20Swing%3DA-%3D0%3D1r34LbKcu7QyX314D-7XyX5b7-B%7CQyX7%5EFQ%7CyX7%5EC%7CQyX7G%7CQyQ%7CE7b4TA*%7BQyX7-QKcl%20cKQyX-A%7CQyX31bE7%7CQyX5b7-BB*%5B%7D%20l%20LZDyX-A%7C-GZL7Q%7CC%5E7%7CQyX31b7E%7CQyX57b-BC*%5B%5D%20%20lcKQyXA-7%20DyX7G%7C7%20C7LZB-7b5XyQ%7CE7b13XyQ%7CA-XyQKcl%20%20Z%20%3DJazz-Medium%20Swing%3D120%3D8
d51f29eb-6d33-4439-9580-c58d650c2cef,irealb://Azul%3DStern%20Nano%3D%3DLatin%3DC%3D%3D1r34LbKcu7F%2C-%23G%23-XyQXA%7CQyXB%7CQyX-%23CLZ%20lcKQyXA%7CQyXB%7CyQ%7CA%20C21T%7BZLB%20A%23-XyQyXx2N%7D%20%20x%201N%7CQXyE%7CQyXB%7CQyX-%23C%7CQ%7CT54F%7C%2C-%231TZLBBLZT5ZLB%20A21TZLB%20A4T5%7BQyXE21TZLB%20A4T54A%20%20A21T2EXyQ%7D%7CT54A%20BLZT12A%20BLZT54A%20BLZT12EXyQ%5D%20%3DPop-Slow%20Rock%3D140%3D2
d5043084-caa0-4148-9475-812e4fae9939,irealb://Je%20T%20Emmene%20Au%20Vent%20-%20Capo%203%3DComposer%20Unknown%3D%3DMedium%20Swing%3DC%3D%3D1r34LbKcu7%5BE-XyQ%7CGXyQ%7CE-XyQ%7CGXyQ%7CA-XyQ%7CE-XyQ%7CDXyQ%7CFXyQ%5D%20%3D%3D0%3D0
d5d039d9-4820-4e38-998e-8621320a0e8b,irealb://Basse%20Dance%201%3DAttaingnant%3D%3DDanse%20Renaissance%3DC%3D%3D1r34LbKcu7%2C-C%20-T34G-%2C-G%2C-G%2CFZLbB43%7CT%2CF%20-G23T%7C%2CD%2CD%2C%7CT32D%2CA*%2C%7B%20-G43LZG-%2CbB23TZL%20FZLbB4T3%7C%2CF%20-G23T%7C%2CD%2CD%2CDLZTG43T%7C%2C-C%2Cb%2CT34C%2CF%2C-G%2C-DZLF43T%2C%7CC%20bB23T%7C%2C-A%2CD%2C%7CT32BB*%2C%7B%7D43TZLDLZD-3TZL%20-GZL-G43T%2C%7CF%2CbB%2CF23T%7C%2CC%20%2C2G-%2CD43TZLG-%20%7D%20%3DLatin-Cuba%3A%20Bolero%3D120%3D3
d53c50a4-27d0-4036-a441-091e5cf82bab,irealb://Be%20Still%20My%20Heart%3DNergard%20Silje%3D%3DMedium%20Swing%3DEb-%3D%3D1r34LbKcu7E1NZLund%20O7%5EBZL7-bA%207-bELZ7bB%20%2C7%5EBs%3Eortu%20Bb-7%3CSi*%7B%5EBZL7b-7%2C%7D-bEZL7bB%20%2C7%5EBA%7B*%5D%20%3EeniF%3C7-bE2N7%20Ab-A%2C7-bL%2C7bB7LZEbL7-bA%207-bEZL7b%20B%2C7%5EB%7CZL7-bA%207-ZB%5E7%20-bB%207%20susb-7%2CXyD%207-bAZLbE/B%209DbZL9B%20bE2NB*%7C%7DQb9LZEbE1NZ%20%3C%5B%5D%20h%20Db9sbEZL9bD%207%5EB%7C%2Cb7A%2CsusbA%20D/bBZLus%20EbCZLbEEZL7-wischBZL7-bA%207-bEZLb7B%20%2C7%5EB%3Eleipsne%5E7%20BbZ%20T4%20%2C7-bAQ%5D%5B*A%7C%2C7-bB%2C7%5EB%7C%2C7-Ab%2C7-bE%7C%2C7bB%2C7%5EBEb-7%2CyX7-bA%7C%2CbEBb7%2C%7CD%7C%2C9B%2CbEB*%5B%2C7b%2CB7%5EB%7C%2C7-bA%2C7-bEb9%2CB/%2C7%5EB%7CD%2C7%5EBb9%2C%7CE%2CsusbA%20%2CbD/bB%7C9%2CbD%2ChC%7C%2CbE%2CsusbAb7%2C%7CD%2C7-bsusbBbsus%2CXbE/B1NZLbA/EZbLE/BZLbGC*%7B%5D%2CbEyQ%7DN2E%7C%2C9b-bA%207%20%5B%20%20%7B7bB%207%5EBZL7-bA%20-7bE%3EoloS%20T61%20%20%3CLZEb-7bB%20%2CusbEZ7%20Bb77-bAZLbE/B%209bDLZ9B%20bEB*%5B%7D%20%3Ex4%3C%20Db9L%5EBZL7bE%2CsuLZ%7BCh9bD%207%5EB%7C%2C7bA%2CssubA%20D/bBZL9bD%20%2CLZEbs%2CbE%20s%2C%7D%3CD.S.%20al%20Fine%3E%20%20%5D%20%3DJazz-Medium%20Swing%3D80%3D1
d59c34ad-efce-4e33-a3af-f90d7b540b13,irealb://Bossa%20Nova%20Rhythm%20Practice=Composer%20Unknown==Medium%20Swing=C==1r34LbKcu7%5BD%2D7XyQ%7CG7XyQ%7CC%5E7XyQ%7CC%23o7XyQZ%20=Latin%2DBrazil%3A%20Bossa%20Acoustic=120=0
d58511b4-ca99-404b-8fd9-5659f1887012,irealb://Madalena%3DLins%20Ivan%3D%3DBrazilian%3DD%3D%3D1r34LbKcu79%5ED449%20D69Y%7D%2031A%209-EZL96%20D9%5EDZL31A%209-EZL%5B*AST%5EDi*%7BL31A%20ZE-9%2096D%209%5EDZL31A%209E-ZL96D%209%5EDZL31ALZE-9L96D%20%5EGZL3yQ%7CD7AZL6G%207%5EGZL31D7%20-AZL6G%207%5EG%7CQyX-7%20D1X7-AZ-%23C%7CQcl%20LZ-E%7CQyX7-EB*%5B%5DQXy5%239%237B%7CQyX9-%23F7%2FDXyKQyX7F%7CQyXF%2313bC%7CQyX7-%23G%7CQyXA7%2F-B%7CQyX7-B%7CQyX9%2313b9%7CQyX7.D%3C%7CQQ%7CG%23-%7CQyX7E%7CQyX7AZLl%20cKQyX7-bB%7CQyX7A13XyyX7%5E%23EZL96%20CodaZL31A%209-EZL96D9%20%5EDQ%7BY%5D%20%2CQ%2C%20x%20%3ED%5E9%20Dla%20.S-9%20A13%3C6x%3E%20%7D%20%3D%3D0%3D0
d5849eed-ed92-4510-9eca-e9fdf8451ea9,irealb://ii7%20-%20V7%20Cycles%3DTodd%20Coolman%2C%20%22The%20Bottom%20Line%22%20%281990%29%20p.39%3D%3DSwing%3DC%3D%3D1r34LbKcu7detae%28Highcitcarp%20ot%20tna%20wuoy%20tahw%20thgile%20rep%2054*%3CspetsXyQXyw%20ni%20pU%20%291%2847*4%3C4T%5B%20QyXQyXQyXQhole%20%3E%29.ylL-bB%7Ceys.%3EZL-bAZL7BZL-%23FLZ7AZL-EZL7GZL-DDb7LZk%206%20%2CQyXQyZC-LZyX%3E%2Cspets%20eloh%20wni%20pU%20%292%28%3C%5D%207FQXyQXL7bEZL7CZL%5BEb-%3CbBZL-FZL7bAZL%3Es.yek%206%20rehto47*7LZG-Y%20QyXelohwD7LZBwoD%20%293%2847*%3C%5BY%5D7%20%23FZL-%23CZL7EZL-n%20in%20ZL-AZ7bDZLs%2C%206%207bEZL-bBZL7FZLC-ZL7GZL-D%3E.syekLZAb-pets%20yXQyXLZB7Lts%20elohw%20ni%20nwDo%20%294%28%3C%5D%207AZL-EZeps%2C%3E-%23FZLL7bGZyQXyQL7bAZL%3E.syek%206r%20ehto47*%3C-bE%5BY%20ZDb-LXQyXQ%20ni%20pE7LZA47*%3C%5BY%5D%207bBZL-ZFL7CZL-GZL7DZL-%285%29%20UZL-BZL-FZLstepsEZL7bAZL-bEZL7ZGL-D%3E.syek%2021%20%2C-LZA7%20flah%28%20QyXZF%23-LL7DZL-AZL7bDZLb-AZL7CZL-GZL7BZZ%3CXyQL7bBZEZL-bice%20ileef%20dna%20serutnagis%20emit%20lla%20ns.%29%3EBtcarPb7LZB-LZE7LZC-LZF7LZC%23-LZF%237%2CU%20%5D%20%3DJazz-Long%20Notes%3D100%3D1
d5711b69-c188-4c84-8cf1-db75ef981ef3,irealb://Standard%20%2315%20-%20%22There%20Will%20Never%20Be%22%3DHungerford%2C%20%22Walking%20Jazz%20Lines%20for%20Bass%22%20pp.61%20%26%2082%3D%3DSwing%3DEb%3D%3D1r34LbKcu7X7GZLEb%5E7XaW%20yrraHQyX47*%20%3C%205b7-DZL%20lcKQyrren%3E44T%5BYbEZL77XyQKbA%7CQyX7%5EbA%7CQyXb7E%7CQyX7-bBZL%20lc-7%20Db-C%7CQy%20lcKQ%7CC-7XE%5B%5DQyX7bB%7CQyX7F-ZL%20lcKQyX7F%7CQyb%5E7XyQyX7%5EyX7%5Ebb5XyQ7bE%7CQyX7-bBZL%20clKQyX7-C%7CQyX7G%7CXyQ%7CA7-DZL-FZL77%20Db7ZL7bA%207%5EbEZL7D5%20b7-A%7CQyX7%5EbEZLG-7%20C-bA%7CQ7%20Bb7LZEb%5E7XyQZ%20%3DJazz-Medium%20Swing%3D100%3D2
d54d5543-c539-46b1-8931-d6d2a2808e33,irealb://But%20Not%20For%20Me%3DGershwin%20George%3D%3DMedium%20Up%20Swing%3DEb%3D%3D1r34LbKcu7ZL7bA4F7(EZL)7bB(%20%20)7-F(b7BZL)7-C(%20%20)7%5EbEb%5E7%204T%5BA*%7CQyX77LZF7*%5D%207bE%207-bB%7CQy7X%5EbE%7CQyX7bB%7CQyXB%5BAb%5EC%207-GA*%5DQyQ%7CEb%5EQyX7-FZL%20lcKQy7X-F%7CQyX7-C%7CQyX7%7CBb7XyX7bDC%207-Gb%5E7)%20%207%5EbEZL)7bB(%20%207)-F(7bBZL)7-C(%20Ab7LZE(7F%5ByX7bDXyQ%7CB%5EbA%5BC*%5D%207bE%207-Bb%7CQyX7%5EbE%7CQyX7b7XyQ%7C7FZL7Q%7CEb%5E7%20Ab7LZG-7%20C7LZF-7XyQ%7CBb7XyQ%7CEb6XyQKcl%20%20Z%3D%3D0%3D0
d575640b-f7d7-4b34-a0ff-447da5aefd29,irealb://By%20the%20Time%20I%20Get%20to%20Phoenix%3DWebb%20Jimmy%3D%3DLatin%3DEb%3D%3D1r34LbKcu7%207bB%7C4F-7XFZL7C%207-G%7CQyX%5EEbl%7C%2C7Es%20%207bB%7CQy-7XyQ4TA*%7BGl%7C%2Cb%7ClEb%5EbBs%207-FZLG/7C%20b%5EAZL7A%207-bB%7CQyX7%2CW/A%2C7Es%20-FQ%5B%7D%7CDb7%20us7bB%7CQyX9bDZLl%20cKQyX7-FZLQ%2C7Cs%20E7%20QyX7-%207G%7CQBb7%20%20%7C%2CbE/Ws%20%20%5EbAl%7CG%2C/Ws%20%20%5EbEl%7C%2C7EslDhXy%7CQyX7%20sW/B%2C%7ClC%5EXyQ%7CBb%5EXyQ%7CC%5EXyQ%7CBb%5EXyQ%7CUC%5E%3CFINE%3EXyQZ%20%3D%3D120%3D3
d539c766-d5a5-4d25-8499-45515722e6cc,irealb://Can%20You%20Feel%20The%20Love%20Tonight%3DJohn%20Elton%3D%3DRock%3DBb%3D%3D1r34LbKcu7D%2FbB%2C4Bb%20FB%2CA%2FFsZLD%2FbB%20bZELF%2FbB%20G%2FbEZLA%2Fb%2CC-74Ti*%5BbEZL%20SlEb%20%2FbB%20bEZL7F%207-CLZ%20x%20ZL%20x%20ZLD%2FbBDLZ%20xA*%7B%5D%2C%7CQyXFZAb%20FC%2CbEsp%2CbBZLbE%20-7GZLA%2FF%20bBB*%7B%5D%20%2FE%2C%7ClL7-G%20QyX%7DQ%2FDLZs%2CE%2FC%2CbE%2CD%2FbB%2C-1CN%7Cp%2CbE%2CF%2FbB%2C-G%7ClFXybB%20bELA%2FF%20ZN2sC%5D%20Q%2CbB%20bB%2FbEl%7CF%2C%2FbE%2CbE%2CD%2FbB%2C7-%5B*iBbL%20QyX%2C7-C%2C%20Bb%2FFFs%3EadoC%20la%20.S.9D6*%3CZLD%2FbB%20bEZL%2FA%2CBbG%2FbEZ%7C%2CF%2Fb%5DY%7BQlD%2FbB%2C-C%7Cp%2CbE%2CFb%2FB%2C-GsZLD%2FbB%20bE%2CEb%2CE%2CD%2FbBlEb%2FBb%20Bb%20%7D%20%3D%3D0%3D0
d5d1ebe2-42ef-420b-a37e-a21d5dfb59a6,irealb://Tisra%20j4=Fuchs%20Kristina==Even%208ths=C==1r34LbKcu7%23F%7CQy7%2311X%7CQyX11%237A%7CQyX1%2317A%7CQyX11%237A%7CQyF%23%2D7XA86T%5B%2D7XyQ%7CF%23%2D7XyQ%7CF%23%2D7XyQ%7D%20==0=10
d5b0d03f-fdaf-42b0-acf1-ccba1013b394,irealb://Chords%20(Turnaound%203)%3DExercise%3D%3DMedium%20Swing%3DC%3D10%3D1r34LbKcu7%5BT44F%23h7%20B7b9LZE-7%20A7b9LZD-7%20G7LZC%5E%20%5D%20%3DJazz-Medium%20Swing%3D120%3D12
d519db15-8b95-4634-a45b-e70ad7d4b95f,irealb://Jingle%20Bells%20Ballad-JE%3DJames%20Lord%20Pierpont%3D%3DBallad%3DG%3D%3D1r34LbKcu7%207-AZ4G%5E%20A%20%5ECl%7C%2C7bD%2C7-Ds%5E%20GZL7-A%207-BZL7-E7/BL4TA*%7BbA%2C7-/C%2C%7Cl%2C7-B%7C%2CC/W%2C7Ds%20-7A1NZL5%237bB%207-BBb7%2CAW%2C7DsL%5EC%20%5EXyQ%20L%5D%2C7bA%2C7-A%2C7bB%2CG6sZL7bA%207-Al2NZ%7B*BlGQyX%7D71NZLhB7b9L/W%2C7-AsZL7bB%207B-ZLtla7%23F%20%2C7-EZG%2ClF%23%20h%23FZ9b7B2Bb7b9XY%7D%207bA%20D/7-AZ1L1%237bE%20A/7-EZL%2CyQLZN%209b7Bl%3EGAT9%2CQLZ86*%3CQ%5B%5D%2C7bA%2C7-sA%206GZL9b7bA%207-AXyQ%20%20b7bB%20A-7XyQ%7CAb13%2311XyQ%7CU%3CFINE%3EG%5EXyQZ%20%3DJazz-Ballad%20Swing%3D120%3D3
d5998030-8489-4a45-a0e0-46ab57fdcb85,irealb://Completo%20En%20Ti%3DRomero%20Sheila%3D%3DRock%3DG%3D5%3D1r34LbKcu7-EC*%7C4G%2C*AEZL%2C%23F/D%20%2CGZL%2CF%23/D%20%2C-EZL%2C%23F/D%20-%20C%20%7D4Ti*%7B/D1NZZE-%2C%20%20%2045*%3C%2C-A%3E%E2%80%A2%20%204*5%3C%2CG%3E%C2%B0%20%2015*%3CZLC%E2%80%A2%3EG%2CLL%2CC%20%2C%20oT9668To%20sE%3E%E2%80%A2%20%2045*%3C%2C%23F/%3ED%C2%B0%2015*%3C2N%7CQyX%3EBus%2C%3C**%3C%2C%23F*%3C%2CC%3E54%20%20%E2%80%A25*%3CZL%2C-E%20%2CGZLDC%20ZL%2C-E%20%2CGB*%7B%2CE%3E4%20%20%C2%B0%20*%3C%20%3ED%2CG%3E%20%E2%80%A2%3ED%2C%3C*%3CZL%2C%23F/D%20%2C-EZL*%2Cmid*%23D%3E%20%20%E2%80%A2%20%2075*54%20%20%E2%80%A2%20%2075susD%20%20%E2%80%A2%3EB-%7C%7DQyX%2CD%7CQyX1N%2CA-Q%7C%2CC%3E%C2%B0%20%2015*%3C%20%2CN2A-%2C%2045*%3CD%3E%C2%B0%204G%3C*63%2C-%23F%20AZLE%20DZL%2C%23-F%20D*%2CA%7B%20%20%3EA%20oTLZ%3C*5%7C%2CD%20%2C*%3C%2CA%3E%20%E2%80%A2%3EE%2C*%3CZL%2C%23G/E%20%2C-%23FLZ%2C*mid*F%3E%E2%80%A2%2075*%3C57%20%20%E2%80%A275*%3C%2CF%20%2C7%23%3EC%23-%2C%20%2C-BQ%7DQyX%2CE%7CQy%2CX-B%7C%2CD%3E%C2%B0%2015*%3CQ%20E%2CLZC%E2%80%A2%20%2075%23-%2CLZT24B-%2CXyQ%7CT44Esus%20E%2C%20%7BA%20G%2CLZD%20E%2C%20%7D%5BA%20U%20%5D%20%3DPop-Rock%3D115%3D1
d5ddca08-4fea-4221-a816-81c4c755f636,irealb://If%20I%20Ain't%20Got%20You%20(Enzo)%3DKeys%20Alicia%3D%3DSoul%20Ballad%3DG%3D7%3D1r34LbKcu7yX7%5EC8sC%5E7(%20)7-A(%20%207%5EG%7CQXy7-A%7CQyX7-B%7CQyXB-7)%7C6Ti*%5B7-A%7CQXyQ(B%7CQyX7%5EGlA*%5B%5DQy7X%5EG%7CQyX7-A%7C)7-bE-7Xy7-B%7CQ7-A%2077XyQ(X7D%7CQyX7-A%7CQyXo7%23G%7CQyX7%5EG%7C)7-AyQ%7CG%5ED%7CQyXL7-A%20%20A-7L7-A(%20)7-B(%20)7%5E(C%207-BZL7-A%207%5EGZ)%7CG%5E77-BZLQyX9%5EA-7LZ)7-B(%20)7-A(%20)7G%5E(%207-BZL7-A%207%5EG%5D%5B*BC%207-BZQyX7-yQ%7CA-7%5EC%7C)7-B(%20)7-A%20()7%5EG(%207%5EG%7CQyX7XyQ%7CBX7-B%7Cortni)%7CA-7it%20dallab%20...oaniP%3C%5DQyX7%5EG%7CQyXnkly%207-bB(%3E%20%3DPop-Soul%3D95%3D1
d596257e-5d50-4b54-9027-4b113d27f0c4,irealb://M%C3%A1s%20Y%20M%C3%A1s%3DIsrael%20Houghton%2C%20Jes%C3%BAs%20Es%20El%20Centro%3D%3DBallad%3DG%3D2%3D1r34LbKcu7roP%2094C%2C*A%7BQyXD2N%7C%7DQyX-AN1%7CQyXD%7CQyXG%7CQyX*B%3C*64Ti*%7B%2FG%7CQybuenoX%23F%2FD%7CZLG%20-A%7CQXyB%2FG%7CQyXC%3E%20....yQ%7CCX%20euq%20%20s%C3%A1m%20ZA-%20GeuQ%2096*%3CC*%7B%7D%20%20A%3E%20oT96*%3C%20%23F%2FDZLremosL-E%20BD%7CQyX....%20C%7CQyXC%7CQyX-B%7C%7CyQX-B%7CQyXC%7CQyXC%3EXyQ%7CGit%20edXyQ%7D%20%3DJazz-Medium%20Swing%3D100%3D3
d57cc941-c947-4b8d-9f32-1ce7c64028e1,irealb://D%C3%BC%C5%9F%C3%BCnme%20Hi%C3%A7%20(2000)%201%3DPekkan%20Ajda%3D%3DMedium%20Swing%3DG-%3D7%3D1r34LbKcu7s%20at%C5%9F4G-9X%C4%B0%20%2036*%3CA*%7BZL%20lKcQyX7-CZL%20lcKQylk%20ba4Ti*%5BF(7D%7Ct%3EG-9X)A(5b7-A%7D%20%20lcQKyX7-CZL%20lcKQyXyQ(G)sebreQyX45%7CG-7%20X7D%7CQyXbEZLE%2F7G-%20F%2F7-GZL%23F%2F7-GyQ%7C%3C*QyX)%23K)G(%20inde%20)G(%20)F(7-CB*%5B%20%20%3E%3CQyXZQyX-G%3E%20se%20(Bb)kl%C4%B0%20%20D%20susD-(C)-DZL%20lcKQyX7-CLZ%20x%20ZL)A(%20)bB(%20XyQ%7CDZL%20lc%5B%207D%20722.%20L7D%20susD%3E%C3%BC%C3%A7l%C3%B61e%20cedas%20adrarkeTZDsus*%3CZL7)D(%20%7C%20%5D*B%20)A(%20)bB(%20)D(7-%3ECidoleM%3CC*%5B%5D%20%20r%20(Bb)%20r%20A*QyX7-%20LZF6(%20)A(%20x)F(%20%7C)A%20()G(%20)A(%20)C(G%2F9Bb)%7CC)bB(x%5DQyX7ZF69%2F%20%C4%B1I66*%3C%7CQyXsusD7%7CQyXsus7D%7CQyXG%C4%B1%20%C4%B1%3EDLQyX%7C*B%20r%20%20%5D*C%20r%20%20%5D%7C*C%3CSolo%20fade%20out%3E%20r%20%20Z%20%3D%3D0%3D0
d5dfabd0-8085-4751-a601-eb0572c23840,irealb://Desde%20Mi%20Interior%3DHillsong%3D%3DBallad%20Even%3DC%3D%3D1r34LbKcu7f%20ets4F%2C*At%20sam%20%2C%C3%A9llaf%20e%20tsecev%20liM%2066*%3Cu%20fui4Ti*%7B%3E...o.%3EXyQ%20SOID96*%3C%7B%7D%20G%20C%2C%7CQyX%2CFZL%2CG%20%2CC%7Cetern..leiim%20eDF%2CLZCB*%2CFi*%7B%7D%20%2CG%20%3E%20ToQyXQyXQyX66*%3C%2C%3C*66%20%20%2CA%2FCodot%20z%C3%B3n%20toC96*%3C%20%2CA%2FC%7CQy%2CXC%7CQyX%3E...yod%20ensumearoc%20%7CQyX%2Cnteri%2CA%2FC%7CQyX%2CF%7CQyXG%2CZL%20%3E...SOID%20roXyQ%7CGi%20im%20..SOIXyQ%7CN%3CC*%2C-Ai*%7B%7D%20%20%3Eo%20TQyX66*%3C%20%2C*m*D1*66%20D%2C*m*D%2CFQ%7B%20ZC%2C%20G%20%2CGZL%2CF%20%2CCZL%2CG%2C%20CZL%2CF%20%2C*m*AZL%2CA*m*%2CLF%20%3E.F%7CQyXF%2C%20G%20X%2C*m*A%7CQyX%2CC%7CQXyF%3EoloS27*%3CD*%7C%7DyQ%7CG%2CZL%2CG%20%2CXyQ%7CA*m*%2CXyQ%7CG%2CXyQ%7CD*m*%2C%20%20U%3C*66To%20B%3E%20Z%20%3DJazz-Ballad%20Even%3D60%3D3
d5f969cb-8742-466d-8a14-64b104a069d7,irealb://All%20Of%20Me%3DMarks%20Gerald%3D%3DMedium%20Swing%3DC%3D%3D1r34LbKcu7%20lcKQ4C%5E7XZL%20lcKQyX7AZL%20clKQyX7EZL%20lcKQyD-7Xy4T%5BA*yX7G%7CE7XyQDZL%20lcKQyX7DZLl%20cKQyX7-AZL%20lcK-7XyQ%5BB*%5D%20%20%20lcKC%5E7XyDZL%20lcKQyX7AZLl%20cKQyX7EZL%20lcKQ-7XyQ%5BA*%5DQQyX7-%5E7XyQ7A%7CQyX)G%2F7%5EC(7E-%7CQyX)7o%23F(6-F%7CXyQ%7CDF%5BC*%5D%7CG7XyQ%7CC6%20Ebo7LZD-7%20G7%20Z%3D%3D0%3D0
d554a6d5-0a02-4ccc-a4b4-b315a09963b6,irealb://Dininha%3DPixinguinha%20-%20Lacerda%3D%3DValsa%3DC%3D%3D1r34LbKcu7DZL%23F34A-%2CG/-AZL-AZLE/-ALZ%2CC/-AZL%2CB/7EZLLZB7/TA*S%5BL-AZLZE7LZAZL%23G/7EZL7EZL/F6-DZL7EZLF/6-D-LZE7LF/6-G/7EZLZA-/BZL-DZLo%23CZL7ALZbB/6-GZL%2C-AZLC-7b5LB/7EZ7BZLGLZA-/-AB*%5BYZL-A%5D%20Q%2CA-ZL7EZL%23F/7BZLGLZA-/-AZL%23L%23D/7D-/FLZLC/-AZL-AZL7ELZ-AZL%23G/7EZL7EZB7LZBZL%23F/5b7-BE/DLZDZL-DZL%23C/7AZLA7ZLbB/6-GZLC/-A-/CLZZL7EZ6*%3CZLZA-LZD/7BZLF/-DZL%2C-ZALF/-DZL%2C-AZL7E%23LZE7L7EZL6D.S.%20al%20Coda%3EA-LZA-%20%5DY%7CQA-%20ZU%20%3DLatin-Brazil:%20Bossa%20Acoustic%3D160%3D2
d590024c-6350-4846-8d2c-84beb39fa36a,irealb://Sorry%3DHansen%20Beck%3D%3DMedium%20Swing%3DG%3D%3D1r34LbKcu7G%7CQyX4GXyQeV%2096*%3CA*%7B%5D%20Qy%7CXrQyX%7CQyXsus9G%7Crse%3EG4Ti*%5BC/Gs%20yQ%7CG%20QyX9-Al%7C%2CC/Gs%20C%20%7CQyXsus9GZL%2C6G%7CC%5E9%20Xsus9QyXCZXyQ%5D%5BZLF%20GZLG%20-EZLFG%20%3EsurohC%2096*%3CB*E-%20GL-Al%7C%2C-E%3EegQ%7CC%5E796*%3CC*%5BQyXsus9%7CGQyXG%7CQyX-A%7CQyX%20BridyX-A%7C%2Csus3AXyQ%7CX-DZL%2C9%5EbB%20%2CsubsB%7CQyXbE%7CQyX7-EyQ%7CG1%7CQyX7%20GLZGXyQ%7CGXyQ%7CG9susXyQ%7D%5Bf%2CU%2CGXyQZ%20%3DJazz-Medium%20Swing%3D100%3D1
d507303b-065e-42e9-a17d-9a417fc961c9,irealb://Dom%207%239%235%20Chord%20Vamp%20%20%20%20%20%20%20%20%3DMcMillan%20Marcus%3D%3DMedium%20Swing%3DC%3D%3D1r34LbKcu7%7BC7%239%235%20LZ%20xLZ%20xLZ%20x%20%20%7D%20%3D%3D0%3D0
d539a2de-445e-48a9-928e-97ecaa7203c2,irealb://Dom%209%20Chord%20Vamp%20%20%20%20%20%20%20%20%20%3DMcMillan%20Marcus%3D%3DMedium%20Swing%3DC%3D%3D1r34LbKcu7%7BC9%20LZ%20xLZ%20xLZ%20x%20%20%7D%20%3D%3D0%3D0
d56cf590-8b75-4855-986c-54536041b0d8,irealb://Don%27t%20Worry%20Be%20Happy=McFerrin%20Bobby==Reggae=B=7=1r34LbKcu7%7B%2ABT24BXyQKcl%20LZC%23%2DXyQKcl%20LZEXyQKcl%20LZBXyQKcl%20%20%7D%20=Pop%2DReggae=66=10
d5fb2f1f-6616-4d8a-8307-fc2693b4293e,irealb://Don't%20Know%20Why%201%3DHarris%20Jesse%3D%3DBallad%3DBb%3D%3D1r34LbKcu7%5EbBA*4Bb%5E7B%20sus7FZL7C%207-ZGL9D%209%5EbEZL7bB%20b%20%5DY%5B4Ti*%5BD%209%5EbLZEb%5EB%207%5EbBZLbB%20susF7ZL7C%207-GZL9D%209b7LZE7bB%207L7C%2077%20C7LD%209%5EbEZL7bB%207%5EBbA*%7B%7D%20bB%20sus7FZ9LZG--G%7B%209*%5B%5D%20bs%20BbL7FZL7C%207-GZL9D9%20%5EbEZL7bB%207%5EbBZsus%20Bus7FZbBZLbyQ%7CC77F%7CQyX7C%7CQyX7-ZGL%20lcKQyX7F%7CQyX%20F7/EX7-GBBZLbB/C%20%7D%7BFZL7C%207-GZL9D%20%5E9bEZL7bB%207%5EbBA*7sus%207F%20D/sus7Fb7LZE7-G%7C%7D%20bB%20sus7FLZ7C%207-GZL9D%209%5Eb%20C7LZB%207%5Eb%20sBb%2CBb7/F%2C%7ClG-7%20C7LZF7sus%20Bb%20Z%20%3D%3D0%3D0
d5269a84-dafc-44e8-9d95-a553bc7bca69,irealb://Ven%20Dev%C3%B3rame%20Otra%20Vez%2DSalsa=Rodr%C3%ADguez%20Lalo==Salsa=F==1r34LbKcu7DZL%20l4F%5E7X7%5EF%7C%7DQyXsus7C%7CyQX7%2DG%7CQyX7%2DD%7CQyXyQKc4Ti%2A%7B%20onutKcl%20L%2A%7B%5D%20%207C%20%7CQyXsu7sCZL%20lcKQyX7%2DGZA%3CmonQyX7%2DF%7CQyXnica%3EX7%2DG%7C%7CQyX7C%7CQy7X%2DGZL%20lcKQyX7%5EFyQ%7CC7ot%20nelZL7%2D%7CN1C%2D%2DAs%7CQyX7%5EF%7CQyXC7%7CQyX7%5EbBZL7F%2077%2C%20AbQyX7%5EZL%20lcEh7LZ%2DDZL7A%207%2DE2N%7D%2011%237bE%207hE%7CQyX7A7XyQKZL7%2DGOC%3CB%2AyQKcl7A%7CQyX%297hE%287%2DELZ%20lcKQyX7%5EC%7CZL%20XyQ%5D%7BX7%5EbBQyXCZ7%20%20%3CmQyX7%2DGZL%20x%20ZL%3Etaniuq%20ne%20onutnoKcl%20L%2DD%3EOR7%2DG%7CQZFXyQQyXFi%2A%7B%7D%207A%207%2D%3EEeniF%20la%20%2EC%2ED%3C%7C%7CD%2DXyL%20lcKXyQ%7CC%20%20%3CFine%3E%20%7D=Salsa%2DCuba%3A%20Son%20Montuno%203%E2%80%932=180=3
d54c5e01-de8b-4931-afe7-254653f5b661,irealb://%E3%83%89%E3%83%A9%E3%82%B4%E3%83%B3%E3%82%B9%E3%83%AC%E3%82%A4%E3%83%A4%E3%83%BC4%20%20%20%20%E3%83%A1%E3%82%A4%E3%82%A2%E3%83%BB%E3%82%A6%E3%82%A9%E3%83%BC%E3%82%BC%E3%83%B3(%E3%82%A6%E3%82%A3%E3%82%B6%E3%83%BC%E3%83%89%E9%9D%A2)(MSX)%3DComposer%20Unknown%3D%3DRock%3DG-%3D%3D1r34LbKcu7L7DZL4G-7LZL-GA*%7BZLxZL7DLZxZLxZLxZLxZLxZFLZEb4Ti*%5BLFZLCFLZEbBZLbEZLFZL-GZL%2FAFZLbBB*%5B%5D%207DZLb%2FDLZZL-GZ%2C7D%20-ZF%2FAL-GC*%5B%7D%207DZLCZL%2FDbBZLbEZLFZL-GZXyQ%7CCLbB%7CZZLFZLyQ%7CC-%5DQyXx%7CQyXbEZL7%20D-C%7CQyX-GZL%2C7D%20%5B*DC-X-GZLL-GZLbLZAhAZLbEZLbBZLFZLC-%7CZLxZL-GZL7DZLhLZD7EZLbBZFLZ%7CEbLZD7%20%7D%7C%20%3DPop-Rock%3D125%3D3
d5a2d0af-0a5b-4092-b39a-878ec581987d,irealb://Dream%20A%20Little%20Dream%20Of%20Me%201%3DSchwendt-Andre-Kahn%3D%3DBallad%3DF%3D%3D1r34LbKcu7L7bE%204F6XyQyX7-GZL7D%207-AQ%7CyX6FZL7C%207bD%7CQ%7CBb-74TA*%7B%2C6F%7C%2C7%20Ab7Ds%20%2C6Fl2NZL%20QyQXyX%7D%20%2C7C%20%2C7-GZLb9%2CC9-A1NZQyX%7CrEb-7%2C7bA%207-bEZL7-bB7%20%5EbDl%2CB*%2C%5B%7C%2C7bALZXyQ%2C7-bB%7CQyX67%20Bb-%5B%5D%207C%207-G%7CQyX7b%5EDZL7bA%207-bEZL7%2C*A%2CF%5EbDZLC%2C9bD7%2CLZFL7bE%207-bB%7CQyX7G-ZL%2C7D%207-A%7CQyX6ZF6%20sC%207bD9%2C%7CUlF6%20sG-7%2CC7%2CZ%20%3DJazz-Medium%20Swing%3D100%3D3
d55af806-a423-4464-bdb9-eab8d30f6afe,irealb://Foggy%20Day%2C%20A%3DGershwin%20George%3D%3DMedium%20Swing%3DBb%3D%3D1r34LbKcu7C%7CQyX4Bb%5E7yX7%5EbB%7CQyX7F%7CQXy7-C%7CQyX7oB%7CQyXQ%7CGh74TA*%5B%5EbB%7CQF7XyQE%7CQyX7%5EbEZL7bB7%20-F%7CQyX7%5EbBB*%5B%5Db-6Xy%7CQyX7QyX7-D-7%20G6-bA%7CQyX7%5EbBA*%5D%5BQyX7F%7CQyX7CZL7XyQ%7CC%7CQyX7QyX7bQ%7CBb%5E7-FC*%5B%5DQyX7F%7CQXy7C%7CQyX7hG%7CQyX7XyQ%7CByX7F%7C7F%207-XyQ%7CA%207-DZL6-bE%207-DLZ7-C%206bB%7C%7CQyX7bG7LZC7%5EbE%7CLZBb6XyQ%7CC-7%20F7%20Z%20%3DJazz-Medium%20Swing%3D120%3D3
d5a555b9-dab0-4ac2-885a-473bb0615b78,irealb://Easter%20Parade%20%28Bb%29%3DBerlin%20Irving%3D%3DGypsy%20Jazz%3DBb%3D%3D1r34LbKcu77-D%20D4Bb%20BLo%23C%207-C%7CQyX7%5EEbZL7bB%207-FZL7%5EbZBb6/4TA*%7B7%5EbBZus%20G7C2NZL%20QyXQyX%7D%20F7%207-C%7CQyX9C1NZL9%20F7Ls7GZLE%20F%7CQ%5B*BF-QyX7-GZL%20lcKQy6XbE%7CQyX9bB%7CQyX9%7CC7Xy%5DQyX%2CC%207-C7%20sF7%5EbEZL7bB%207-FZL%5E7bB%20bBlA*%5B%5D%2C%2BF%2C7XyQ%7C-DZLblQ%7CYZb6/D%20-Cs%207%5EbBZL7F%209ZCL7G%20sus7GZL7-D%2CQF7%2CBZLo%23Bb6/D%20D-7LZG7sus%20G7LZC9%20F7LZT24sBb6%2CF7%2C%7C%2Cf%2CBb6%2CU%20%5D%20%3DJazz-Gypsy%20Jazz%3D164%3D3
d5b6eef1-9bee-4406-a99e-5af5b2e4612f,irealb://Ein%20Hoch%20Auf%20Uns%3DBourani%20Andreas%3D%3DMedium%20Swing%3DB%3D%3D1r34LbKcu7L%20%2CE%3EIntrotS%3C%7B%7D%20x%7C%2CEZL%2CAD%20ZL%20EZL%20xZL%20%2CE%3Erophe%20%20I%3C%7BsurohC%23-%20L%3CA*%7B%20%20QyXQyXQyQXyXQyXQyX%7D%2CB%20%20ZPre-CZL%20EZx%7CQyXQ%7CxXyB%7CQyX%2CA%3EsurohCB%3C*%7B%7DQyXx%7CQyXB%7CQXyQ%7CEyX%2CA%3E-%23C%7CQyQXyQyXB%7CQyX%2CA%3EegdiBr%3CC*%7B%20QyXQyXQyXQ%7CEXyX%7DQyXXyQ%7D%20%3DJazz-Medium%20Swing%3D125%3D3
d57e16bc-0779-485a-a6e7-7bf8ad2d790f,irealb://Elmer's%20Tune%3DElmer%20Albrecht%2C%20Dick%20Jurgens%2C%20Sammy%20Gallop%3D%3DMedium%20Swing%3DC%3D10%3D1r34LbKcu7%2C7G%7CQQKcl%20L%20x%20ZL%20lcKQyX%2CG7%7CQyX%2C6C%7CQyXFZLZC6XyyX7G%5BD%2FW%2CCl%20LZF7CZL%20x%20ZL%20lcKQXy%2C7G%7CQyX%2C6C%7CQyX%2FC%2CW%2FcKQyX%20n%20%7CQ%7CF%2CXyL%20lcKQyX%2C7D%7CQyCX%7CQyX%2CF%7CQyX%2CC%7CQZG7Xy%2CE%2FW%2CyX%2C6CyQKcl31GZL%20lcKQyX%2C7%7CGQyX%2C6C%7CQyXFZL%20%2CXyQ%7CX7GZLQ%5D%20%3DJazz-Doo%20Doo%20Cats%3D125%3D3
d5b7c527-8565-4347-b27a-a6b1d243f8ee,irealb://Escudri%C3%B1emos%20Nuestros%20Caminos%3DTraditional%3D%3DMedium%20Up%20Swing%3DC%3D0%3D1r34LbKcu7%7CQyXC8CXyQ%7CQyXF%7CQyXF%7CQyX%2FEC%7CQyXE%2FC%7CQyXC%7CCXyQ%7C6TA*%5B%7CQyXGCXyQ%7C%7CQyX*4sus*G%7CQyGX%7CQyXE%2FC%7CQyXE%2FCGXyQ%7C%7CQyXCC%7CQyXyQ%7CFXC%7CQyXC%7CQyXF%7CQy-XA%7CQyXG%7CQyXG%7CQyXyQ%7CCXFB*%7BA%7CQyXXyQ%7CGQyXC%7CQyXC%7CQyX*s4us*C%7CQyXCZLQ%20%20%7D%7BQA-G%7CQyX-F%7CQyDXyQ%7CXF%7C%7DQyXG%7CQyXG%7CyQX-D%7CQyX-D%7CQyXDyQ%7CFX%7CQyX-XyQ%7CF-XyQ%7CCXyQ%7CCXyQZ%20%3DJazz-Medium%20Up%20Swing%3D160%3D0
d5e66cf0-ddc8-4b3a-9b73-ec1203e13f5d,irealb://Everyday%20Is%20Like%20Sunday%3DMorrissey%3D%3DBrit%20Pop%3DC%3D%3D1r34LbKcu7QyXC%7CT44CX/7C%7CQyXC%3EsmurD63*%3C%7CQyXbB/7C%7CQyBbXyQ%2Ci*%2C%5BQyX%5ECbXyQ%7C%3EzoVQyX96*%3C%2CA*%7B%2C%7CQyXbB/7C%7CQyXCCXyQ%7CB/7C%7CF%7CQyX%7CF%2CXyG%7CQyXF%7CQyX%2CF%7CQXyF%7CQyX%5EC%7CQyXC%7CQXyQ%7CCQyXF%7CQyXG%7C-XyQKoroCQyX96*%3C%2CB*%7C%2CQyXF%7CQyXFZL%20lc%3ECXyQA%7CQyXicair%7CFXyQ96*%3C%2CC*%2C%7C%7DQyXFQ%7CyXF%7CQyXG%7CQyXC%7CXyQVaQyXF%7CQyXF%7BXyQKcKQyXGZL%20lcKQyXA-ZL%20lcKQyXCZL%20lcl%20LZ-A%3Enoedaf%20ZGXyQpeR%3C%7CQyXF%7CQyXGQ%7CyXC%2CB*%2C%7B%7D%20%20lcKeat%20%26L%20lcK%3E%20x%20%20%7D%20%3DPop-Bluegrass%3D220%3D1
d588af71-bc39-4861-8cd1-aa03f3210b4b,irealb://Exc.%201%20-%202bdim%202%20Min7%20to%20v7%3DComposer%20Unknown%3D%3DMedium%20Swing%3DC%3D%3D1r34LbKcu7%7BC6XyQ%7CDboXyQ%7CD-7XyQ%7CG7XyQ%7D%20%3DJazz-Medium%20Swing%3D100%3D14
d51b95a0-a75e-436f-8844-01131f486ba7,irealb://Exercise%20%2315=Niehaus%20Lennie==Medium%20Swing=C==1r34LbKcu711%2DB%2C%2CEb%2D7%237G%207%2DDZL7%2DD%207b%2DE%2CCZL7%2DDZL7%2DD%209LZ%7BCA44T%5BX%2DF%7CQ1%20E7L%7CQyX7%5EFZL7C%20%2C7G%2DZL7%2DG%207%2DbA%2C%2DAZF%5E7Xy1%2DBZLC%207bDXyQ%7CEQyX31GZL31G%207%2D%7CDQyX7%2DAZL7%2DA%207%2D%7D%7CC7%20%2DF%7CQy1%2DbB%20LZFXy7G%7CQyX7GZL7DZLD7%207bE%207D%7CQyXF%7CQXyQ%7CC7CZL7X%2DF%7CQ%2D11%20EQyXF%7CQyXFZL7CpLZ7%2DG%207%2DbA%2C%2DAZL7%7CF%2DXybBZL17%2DDZL7%20A%2D7%2DbE%2CC%7CQyX31GZL13G%207%2DD%7CQyX7%2DAZL7%20D%2D7%2DE%7CQy%20LZC%2CEb%2D7%20D%2D7XyQLZD%2D7%20G%5E7LZCXyQZ%20==0=0
d5a83e5f-8d20-49ac-991d-72ab3e8b8c47,irealb://Feels%20So%20Good%3DMangione%20Chuck%3D%3DSmooth%20Jazz%3DF%3D5%3D1r34LbKcu7L%20x%20Z44%3C*7QyXsus31C%3E)tae%20b61(%20201%20mpb%20%204Kcl%20LTi*%7BYX96*%3C*634xyX7-G%7CQyX7-Dl%7CE%2C%2FCs%20%20%2CFA*%5BY%7D%20%3EQ%7CC%2C%20%3C%20x%20ZQyX7-%20%20%E2%99%AA%3Es7-D%7CQyX7-Al%7C%2CCW%2F%3E%EF%B8%B6QyX15*%3C%2CbB%2FWXyQ%7CGQyXQyyX45*7b9%20%5D%2CE%2FW%2C-Ds%3E%E2%99%AA%20%E0%B8%AF%20%20%20%E2%99%AC%E2%99%AA%20%20%E2%99%AB%20%20%E2%99%AB%2017*%3C%5BYW%2FF%2C%3CA%20hE%7C%3E%EF%B8%B6QyXD%2C%7C%3C*G%2FW%2CF%2FW%2C9%5EbE%3E%E2%99%AA%E0%B8%AF%20%20%20%E2%99%AC%20%E2%99%AA%20%20%E2%99%AB%20%20%E2%99%AB%2017%2C%3C*54%2FW%3E%EF%B8%B6QQyX9%5E%7CXyQrX7-D%7CQyX2ddabEQ%7CyXFlB*%5BY%5D%20QyX%7CyQ%7CBb%2CbE%2FW*%3C%7C%2CByQ%7C%3C*B%2C7-A%2C7-Gs%3E.%E2%99%AA%E1%AE%BA.%20%E2%99%AA%E1%AE%BA%20%20.%E2%99%AA%E1%AE%BA%20.%E2%99%AA%E1%AE%BA%2096b%2CG7%2FX7-G%7C%20%2047*%20%E2%99%AAXyQ%20QyX%5DQyX%3E%EF%B8%B645*%3Cuss7Cl%3E%2FQyX%2FQyX%2FY%7B*C%3C%20%E2%99%AC%2027%E0%B8%AF%20%E2%99%AA%20%E0%B8%AF%20%E2%99%A9XyQ47*%3CZL%20%3E%E2%82%86%E2%82%87%E2%99%AD%20%20%E2%82%87%20%E2%82%8166*%3C%20F%3E%E2%99%AB%20QyX%E2%99%AB%20%20%E0%B8%AF%20%E2%99%AA%20%20QyX%E2%99%A9%20%2047*%E2%99%AA%3ED7(W(%20%3E%EF%B8%B6%20QyX75*%3C)F%23%2FW(%20)F%2FW(%20)E%2FW%2FG)%7C%3C%20%E0%B8%AF%20%E2%99%AA%20%3E%E2%99%AA%E0%B8%AF%20%E2%99%AAXyQ%E2%99%ABX%E2%99%AA%E0%B8%AF%20QyX96*%3C1NZL%E2%81%B5%3E%2075*%3C%20%207-G%3E%E2%99%ABQy%20%E0%B8%AF%E2%99%AA%20%E0%B8%AF%E2%99%ABQyX%E2%99%AB*%3Csus%20%20%3C*5ZL%3E%EF%B8%B6QyX84*%3C%20%20QXyQyXQyX%7D%20%3E%EF%B8%B6QyX1N2C13sus9C9C%7CQyth%20x%3AQyX7D%7CQyX%3Esolo4s7*%3CFQ%7BYY%5D%20Q%20%20%3E%7CG-7X5%20%2066%E2%82%81%2066*%3C*638%20QyX%E2%99%AB%20QyX%E2%99%A9%20%20Qy%E2%99%A9X%20%2047*%3CC*%7BY%7D%20%3Ex%E2%99%AB%3EF%20%3C%20%20sus%23F%2FW(%E2%82%86%3E%20LZ(%20)E%2FW(7D%3E%E2%99%AA%20%E0%B8%AF%20%20%E2%99%AA%E0%B8%AF%20%E2%99%AA%20%E0%B8%AF%20%E2%99%AA%20%E0%B8%AF%2047*%3CW%2FF)%20%E2%82%87%E2%99%AD%20%20%E2%82%87XQyX7XyQ%20%EF%B8%B6-G%3E%E2%99%ABQyX%E2%99%ABQyX%E2%99%ABQy%E2%99%ABX%20%2047*%3C%7C)G%2FW(%20%3E7%20%3C*575*%3C)%3C%20sus%20%3CXyQ%E0%B8%AF%20%E2%99%AA%20%E0%B8%AF%20%E2%99%AA%20%E0%B8%AF%20%E2%99%AA%20%E0%B8%AF4*7%3CZL%3Etuo%20pmav%20%20%20%E2%99%AA%3EC9%3E%E2%81%B5%20Qy*57XyQXyQXyQ%EF%B8%B6%3E%20%3C*126x%3E%20%7D%20%3DBlues-Funky%3D102%3D5
d55175b7-4cc2-4e5d-a179-54f46c4ba10d,irealb://Flausina%3DGaldino%20Pedro%3D%3DChoro%3DC%3D%3D1r34LbKcu7%2C%23F%2F74sG%2C%7C%2C7D%7C%2C7A%7C%2CB%2FG%7C%2C%7CC%2C7B%7C%2C-E%7C%2C%23F%2F7B%7CG%2C%7CB4TA*%7BA%7C%2C7EB7%2C%7CCB%7C%2C7B%7C%2C-EB*%7B%7D%2C%7CG%2C7D%2C7A%7C%2CB%2FG%7C%2C6-7b5%2C%7C%2C-E%7C-E%7C%2C77%2C%7CE-A%7C%2C7E%2C5b7-B%7C%2C7%7CB%2C-E%7C%2C7B%7C%2C7%23F%7C%2C-7%2C%7CBB%7C%2C7-G%7C%2CC%7C%2CB7%2C%7C-E%7C%2C%23F%2F7B%7C%2CGA*%2C%7C7D%2C-E2N%7C%7D%20-E1N%2C%7CB7%2C7%23F%7C%2C%7B%2C7G%7C7%2C%7CD7A%7C%2CB%2FG%7C%2C6C%7C%2C7B%2C%7C-E%7C%2C%23F%2F7B%7C%2CG%7C%2C7%2CD7%2CA%7C%2CB%2F%2C7E%2CC7%2C%7CA-%2CF%2FG%7C%2C7G%7C%2CF%2F-D%2C%7C-D%7C%2C7A%2C6F%7C%2C7C%2C%7CC%2FE%7CE%2CCC*%2CG%2F7A7%2C%7CF6%23G%2F7E%2CG%2FC%7C%2C%23F%2FD7%2CF%2F-D%7C%2C-D%7C%2C7A%2C%2CA-7%2CC%2C-A%7CC%7C%2C7B%23%2CG7%2C%2C%23F%2F7B%7C%2CGA*ZL7%2CD7%23C%2CC2N%7C%7D%20C1N%7C%7CE-%2C%7CF%2F7D%7CT%7C%2C7D%2C%7CA7%2CB%2FG%7C%2C6C%7C%2C7B%7C%2C-%7CE%2C%23F%2F7B%7C%2CG%7C%2C7D%7C%2C%7CA7%2CB%2FG%7C%2C24G%2Cn%7CU%3CFine%3EG%2CnZ%20%3DLatin-Brazil%3A%20Samba%3D185%3D1
d53da438-36c1-4d30-a19a-bef3323f4f4a,irealb://Fly%20Me%20To%20The%20Moon%20______Bob%201%3DHoward%20Bart%3D%3DMedium%20Swing%3DC%3D%3D1r34LbKcu7QyX9b-7XyQX7hB%7CQyX%5EF%7CQyXC%5E%7CQyX7G%7CQyX7-D%7CyQ%7CE7A44T%7BQyX7GA7LZY-D%7CQyX7A%7CQyX%5ECQ%7CyX7G%7CQyX7-D1N%5B7XyQ%7C%207-A%7C%7CQyX%29b%5E%29%20%20obE%7CQyX7-D2N%5BY%20%7D9b7E%207hBZL%29%5EC%28%28B7b9D%28%5EC%7ChBZL%20Q%7CA7Xkaerb%20olos66*%3CQ%7CyX7G%7CQyX7-D%7CQy%3EC%5E%2CnyX7-E7%20E7b9%20Z%20%3D%3D0%3D0
d536fb06-f92f-4fc3-89b3-97cf7c487773,irealb://For%20Bass%20players%20%20%231%20-%20Dominant%207%2C%20bass%20runs%3DARR:%20%20be2sharp%3D%3DWaltz%3DB%3D%3D1r34LbKcu7QyXQyirst%2Cab%20eht%20ffo%20nru%20t%2CrexiM%20eht%20ni%20ss.%3EXF64*%3C3QyX2QXyQ%20yX1%20%3C%7CQyXB%3E-%20%20Q5yX-QyX1%3C44TA*%5BQ1XyQyXQyX*%3C%5DQyQ%7C%3C1XQyX2QyX1QyX1%20%3CQ%7CyXE%3E-%20%205QyX-Qy3%3EB7XyX7B%3El%20ot%20s%20exealp%20ssab%20rof%20dnegised%20si%20esicryers%2CihT42o%20reb%20%3Cbasht%20sevig%20rebmu%20nhcaEQyX.snur%20se%20num%3Enrae.deya%20%3EXyQieb%20eton%20elacs52*%3CQyXQyXQyXQyXng%20pleht%20fX%23D%20%23%20the%20%20%20snaem62*%3C%20%3E%20%2032%201%201%20%2Cdrohc%20BB%20B%20CroF%20%20b%202%20r%20%201%20-7*%3CQyXQyXQyXQyQXyX%3E%20snaem%20-%205%202B%20fodnaQyp%20oT6%20and%20yXQyXQyXQyXQyXs%3Etnuoc%202%20rof%20%23FQ%20%3C*5%2Cstae*%3C%20%3Enll%2012narT%20%20ecitcarP%20%20eht%20tes%20%2Csyek%20sitioa%20yalgnos%20%2B5%20%2C%20alp%20ot%20semit%20f%20orebmun%20eht%20dnay%20the%20ot03alp%20yXyQXyC%20%26%20seulBQyX.2%201%20ta47*%3CQyXQyXQountrQyX%3E%20d%20nraset%20a%3C%20QyXQyXQyXQyXyQX%3E.staeper%205%20tTo%20le%20sreyQyXQyding%20yX%3EtnanimoD%20eh%20tmorf%20snur%20ssabQXyQXnecsem%20swo%3C*38c%20%20nosseL%20%20.2%23%20onssel%20%2Cees%20droh%233%20sh%20%20QyX%20eht%20ple%20%3Eilppa%20%2Csnur47*Q%3CyXQyXQyXQyXQyXed%20tolitlu*%3C%20Qyc%20%20I%20yXQyXQyX%3Enoissregorp%20%207V%20-VI%20-QXyQXisab%20vom%20oe:%20tr%20drohc%20eht%20swolla%20%205%2B%20noitisnaset%20ttoN47e%3E%20%3C*56up%20a%204th%20%28down%20a%205th%29%20for%20each%20cycle.%3E%20%3DPop-Country%3D110%3D6
d516f6c0-0530-4016-aed2-fbd759bd2e24,irealb://Major%20Triads%20in%20Al%2012%20Keys=Composer%20Unknown==Medium%20Swing=E==1r34LbKcu7G%7CQyXXyQ%7CAD%7CQyXD%7CQyXD%7CQyDX%7CQyXA%7CQyXA%7CQyXXyQ%7CGA44T%5BF%7CQyXXyQ%7CGF%7CQyXF%7CQyXC%7CQyCX%7CQyXC%7CQyXC%7CQyXXyQ%7CFG%7CQyXyXbE%7CbXyQ%7C%7CQyXbE%7CQyXbE%7CQXybB%7CQyXbB%7CQyXbBEbXyQB%7CQyX%7CQyXbyQ%7CAbbD%7CQyXbD%7CQyXbDQ%7CyXbA%7CQyXbA%7CQyXXyQ%7CDXbA%7CQE%7CQyX%7CGbXyB%7CQyXB%7CQyXB%7CQyBX%7CQyXbG%7CQyXbG%7CQXyQ%7CEQyXbGXyQ%7CEXyQ%7CEXyQZ%20=Pop%2DCountry=120=2
d5a45c4d-ca6a-4663-a7b4-0fc75ff0d001,irealb://Gente%20Merece%20Ser%20Feliz%2C%20A%3DLins%20Ivan%3D%3DBrazilian%3DC%3D%3D1r34LbKcu7hB%7CQy4E7XyyX96CSA*%7B%7DQyX3G1%7CQyX9D%7CQyX7A%7CQQ%7CD9X4Ti*%7BX9-DZE7%235X%209-E%7CQyX9-E%7CQy5X%237B%7CQyX7h%23F%7CQyEb-9L%7CQyX7L%20lcK3XyQ%7C%7CQyX5%237A%7CQyX7%5E%7CFQyXC/bB%7CQyX96CD9XyQ1G%7CQyKQyX7yQ%7CG1X7A%7CQyXA/GZL%20lKcQyX7%5EAB*%7D%20Q%20%203yQ%7CD%5EXG/FZ-D%7CQyAbh7X%7CQyXE/7-%23F%7CQyX-7%23F%7CQyX9b7bD%7CQyEbh7XZL%20lcXQyX%5DDb-7XC%20la%20.S.D%3C%20%2031%7CGQyX7-DZL%20lcKQyoda%3E%20%7CQyX7QyX7-*CQC67-E%7B%7CQyX31G%7CQy7X-D%7CQyX7-A%7CQyX9XyQ%7CAZL%20Qy%7CD-7XyQ%7CG13%20%20%3C3x%3E%20%7DXyQXyQXyQXyQXyQ%20%7C%20%3DJazz-Bossa%20Nova%3D175%3D3
d566dff6-98b0-46ca-a47a-b3c1f25879de,irealb://Hideaway%20(live)%3DSanborn%20David%3D%3DFunk%20Jazz%3DAb%3D%3D1r34LbKcu7QyX.%E2%99%A944%3C*7%3C%7Cp%2C7bA%2Csus7bA5%2CbAs%3E131%20mpb%20%204*69%20%20Ti*%7BY7bG%2Cs%2FXyQ%20%2C5bGsZL7bA%20%3E%EF%B8%B6QXy15*%3C%2Csus7bAl%3E%2FGb7suQyX%E2%99%AA%20Y%7D%207b69%20%20%E2%99%A9yX15*%3C%2Csus7bGl%2F%3E%20QyX%2FQyX%E2%99%AA%20QyX.Q%EF%B8%B6%3E%20G*%3C%7Cp%2Cus7bAb5%2CAbyX%2FQyX%E2%99%AA%20QyX.%E2%99%A9%209%206*%3C%7Cp%2C7bA%2Csus7Q%20%2F%3ElAsA*%7ByX%E2%99%AA%20Q1XyQ%EF%B8%B6%2096*%3C%7Cp%2C7bG%2Csu7sbG%2C5bGsZL7bA%20%3E%20%E2%99%A9.Xy5*%3C%2Cs*%3Cpp%7C%20%2F%3ElGs7bASB*%7BY%7D%207bG%3E%20%EF%B8%B6QyX15*%3C%2Csus7busXyQQyX%2FQQyX%E2%99%AAQ%20%E0%B8%AF%E2%99%AA%3ED%2066*%3C%7CQyX9bDZL%EF%B8%B6%3EQyX84*%3CB%2F11%2331%20%E2%99%A9.Xy%20%E2%99%AA%E0%B8%AF66%E2%99%AA%E0%B8%AF%20%20%E2%99%AA%E2%99%AA%3EE13ppZL7bA%20%2Csus7bZAL%3E%EF%B8%B6QyX84*%3C7bE%20%3C*63%E0%B8%AF%E0%B8%AF%20%20%E2%99%AA%E0%B8%AFE%3E%E2%99%AA%E0%B8%AF%2011%2FB%3CX%E2%99%AAQyX.%E2%99%A9%20%2066*%3C%7CyQX9bDZL%3E%EF%B8%B6QyX54*yQ%E0%B8%AF%E2%99%AA%20%2331D%3EyX.%E2%99%A9%20%20D13%23%E0%B8%AF%20%20%E2%99%A9%20%2066*%3C%7CQyXb9DZL%3E%EF%B8%B6QyX84*%3C11%20%E2%99%AAXyQsus9b%20%E2%99%AA%E0%B8%AF36%3C*48XL7bA%20sus7bAZL%3EQ%EF%B8%B6yX84*%3C7Ep%3E%EF%B8%B6%20QyZpp%3C*p%3E%E2%99%AA%20Q%3C9bD%3E13%2311.%E2%99%A9%20QyX%E2%99%AA%20QyX.%E2%99%A9%209%206*%3CZL%3E%EF%B8%B6QyX54*%3CXyQ%20%E2%99%AAD%3E%E2%99%AA%E0%B8%AF%20%3E%2F%20QyQ%20%EF%B8%B6%3E%20X%E2%99%AA%20QyX.%E2%99%A9%20%2096*%3CLZ%3E%EF%B8%B6%20QyX15*%3C5%237CyQ%20%2FXyX15*%23Fsp%2C51XyQ%20%20%E2%99%AA%E0%B8%AF%20%20%E2%99%AA%20%20.%E2%99%A9%20Qy9X6*%3C1NZL7bB%20%3E%EF%B8%B6%20%E0%B8%AF%E2%99%AA%3EE7*%3C31B%20%2027*XyQ%20%7B-%23C%3E%E2%99%AA%20%E0%B8%AF%20%20%E2%99%AB%2027*p%3Cp%7CQyXE%2F-Bl2NC*%2FELZ%3C%7D7G%2C7QyXE%2FQ%2FXyQ%3Ex336*%3C%20lcKQyX%EF%B8%B6%3E45*%3CE%2F-B%3E%2FQyX%2F%20%7D%5BB-yX%E2%99%AA%20%E0%B8%AF*%3CE%2F-63%20%E2%99%AB%20X%2FQyX%2FQyX%E2%99%AA%20%E0%B8%AF%20%2063*%3CZLE%2F-%23C%3E%E2%99%AA%20%E0%B8%AF%20yQ%2F%3EB*%3Cpp%7CE%20dr3%20%3C*69S.D%3CZL%3E%E2%99%AA%E0%B8%AF%20%20%E2%99%AA%E0%B8%AFQXy%E2%99%AAQyX.%E2%99%A9%20%20QyXQyX.%20al%20%20%3E%EF%B8%B654p%7CQyXpEb7%23%20tg66*%3CE%2F-Bl3NY%7B%5D%20%3E%EF%B8%B6QyX15*%3C5%239solo%3Ep%3E.dn45*%3CE%20%E2%99%AB%20%20%E0%B8%AFQyX%2FQyX%2FQyX%E2%99%AA%20%E0%B8%AF%20%2027*%3CZLE%2F-%23C%3E%E2%99%AA%20%2F%3EB-%2F27*%3Cpn%7CQyXKcl%20%3Cn%3Eolos%20pals%20sb%20%2047*%3C%7BY%7D%20%3Ex836*XyQ%7CnQyX%3E%EF%B8%B6x%20ZL%20%20%20%3C*6lcKQyX7E%3Eolos%20axs%20%2096*%3C%7B%7D%20%3Ex83%20LZ%20xn%7CQyX%2F-%23CpyQ16xsalQyXQyX96*%3CpQ%7CyXE%2F-BlC*%7B%7D%20%20%3Et%20x%3A%3EX36*%3CELZfB-%2FEXyQKcl%20%3C*634x%3E%20%7D%20%3DBlues-Texas%20Rock%3D131%3D1
d585812f-2421-4c97-a334-c763d1361c05,irealb://I%20Ain't%20Got%20Nothing%20But%20The%20Blues%20(Robben%20Ford%20Version)%3DEllington%20Duke%3D%3DJazz%20Blues%3DBb%3D10%3D1r34LbKcu77oG%2077%20Eb79-G%207-Gl%7C%2C9%237D1%2C1-A%207bBsZL5%239%23LZsG-bBA*%7BE%2CD%2F7C%23%2C%7CCBZL5%239%237F%20bE%2FF%2C%7C7oE%2C%5EbE%2C7-D%2C7-b7%2CG-%2F7oG%2CB*%5BQyo7%2C%7CNyXQyX%5B9bE%2C31bE7%20bB%7D%205%239%237F%207F1QXyQXE%2C7ob1%2331C7LZFoL11%2331C%207-G%7CQyxX%7CQyX7GZL%23F%2FD%207ZG-7%20-E%209DBsZL57%2CD-7E%207bBA*ZL5%239%237%20FbE%2FF%7C%2C7oE%2C%5EbE%2Cb7%239%23-CZL1E%2C7-D11%2CD7%2C%23C%2F7oG%2C7oG%207-sGZL9-G%207-Gl%7C%2C9%23%7CC-7%2C-A%207b5%239%2377%2C%7CF%2F%2C7oE%2C7obE%2CD%2F7-%2CG7bBZL5%239%237F%20bE%7CF7%20FoE%2C%5EbLZ%2Cf%2CBb7%20%3DJazz-Slow%20Swing%3D70%3D2
d509004b-3ad7-416d-9cd3-7d15dd37df23,irealb://I%20Didn't%20Tell%20Them%20Why%3DMotis%20Andrea%3D%3DMedium%20Up%20Swing%3DC%3D10%3D1r34LbKcu7yX7G%7C4C%5E9XDA*%7B%7DQyX9%5EbB%7CQXy9%5EC%7CQyX9%5EbB%7CQy-7XyQ4Ti*%7BX%7D%205%23XyQ%7CAE%7CQyX9%5EC1N%7CQyXb9D%7CQyX9D%7CQyX5%237-7%20A77-E%7CQs9C%7CQ%20LZN2%7CQyX7obE%7CQyX7-BD*%5B%5D%20%20lcKQyX9%5ECC%5E7XyQyXQyQyX7-LZAb7%205%237A%207-EZL7bB7%20-FZL7G%207-D%7CQyX%5D%5B*AD9C%20su%7CG7XyQ%7CE-7XyQ%7CA7%235XyQ%7CD9XyQ%7CDb9XyQ%7CC%5E9XyQKcl%20%20Z%20%3DJazz-Up%20Tempo%20Swing%3D200%3D3
d516dcf5-9ba6-42b7-8428-3b8838f1834b,irealb://I%20Feel%20Fine%3DBeatles%20%28J%20Lennon%20P%20McCartney%29%3D%3DPop%20Rock%3DG%3D%3D1r34LbKcu7LxZLx%5B*iD77Gv*%5B%5D%20xZLxZLGLZ7GZLxZL7CZLxZLLZxLZ%20%20n%20%5BL7DZLxLZxLLxZL7Gv*S%5B%20%20QyQXyX%5D%20xZL7GZL7CZZxLZxZL7DZZLGZLLZC7LZL-BZLGB*%7CQyXQXyQyXQyX%5D%20xZL7GZCLZD7xZLxZxZL7G-LZD77CZLxZLxZL7DZLZxLxZLxZL7Gv*%7C%5D%20%2CQ%20%5D%7CAZL-BZLxZL6Gtr%20ZL7D%7C%5D%20xZL7DZLZxLxZLxZL7G%3EolosxLZC76*%3C%5D%20xZL7GLZ%20x%20QyXQyXQyX%5D%20%20%3EaodC%20la%20.S.D%3Cx%20ZLXyQ%5BQxZL7Gdaf%20oZC7LZL%20x%20ZL%20lcKQyX7%5BG%5D%20%3E%20%3C%20lcKQyX7GZ%20x%3CTL7DZLe%3E%20%20%5D%20%3DPop-Rock%3D179%3D1
d540358a-270d-4f17-a685-2174fe4cdfd7,irealb://Choo%20Choo%20Ch%27%20Boogie%20%28DGM%29%20248=Horton%2DDarling%2DGabler==Medium%20Swing=F==1r34LbKcu7X7bBZ4n%20C7L%20x%20ZL%20lcKQyX7%7BFQyXQyXQyXQyX%5D%20Z%20x%20L4Ti%2A%5BKQyX7%20LZF7yXFZL7bB%20FZL%20lKcQyX7CZL%20lcKQyXQ%5D%5BBblcKQyQyXQyF7XyQ7CZL7oC%207C1NZLl%20cKQyX7bBZL%20lcKXyQ%7DXZL%20lc%20LZN2C7XyQ%7CF6XyQZ%20==168=1
d5dfd3a4-2903-41b2-848b-0b246b3a8cd5,irealb://Doxy%20%28DGM%29%20613=Rollins%20Sonny==Medium%20Swing=Bb==1r34LbKcu7%207C1N%20Bb%20%5DGZL%297bE%287bA%20bBS%2C%2C%7BQyXQyXQyXQyX7XyQ%7Cn44T%5BKQyX7U%2C%3CFiyX7F%7CQyX7C2NZLQ%20yXQyX%7DQyXbB%3EenQ%5D%5BBb%2CZL7Fcl%20LZEb7XyQ%7CEo7%20%20%3CD%2ES%2E%20al%20Fine%3E%20%5D%20==122=1
d51d954a-d1dc-4ad9-8b80-158e0b787d3e,irealb://I%20Only%20Have%20Eyes%20For%20You%20%5BFlamingos%5D%3DHarry%20Warren-Al%20Dubin%3D%3DPop%2012-8%3DF%3D%3D1r34LbKcu7B/5Cs4C5%20s%7BY%7D%20%20x%20ZL%20x%20ZLx%20%20l%7C%2CD/5C%2CbB/5C*AC5%204Ti*%7B9-bA%7CD%2C%7Cl%20A1NZL%20lcKQyX%5EFLZ7C%205CZL%20x%20ZL%20x-9XyQ/5C%2Cb7F%7CQyyQXyQyX9C%7CQyX7-GB*%5B%20%5D%20lcKQyX9D2NZL%20Q%7CF%5EXX%7DQyX%2CD/5Cb%5EXyQCs%205CA*%5B%5DQyX9b%7CDQyX%5EF%7CQyX6-bB%7C5/Bb%2CB%7CQyXCf%7CQyLZ%20x%20L%20lcKQyX9DZL%20lKcQyX%5EFZL7C%205CZLZG-7X%20x%20l%7CaepeR%20ZXyQZL%20x%20l%7C%2CD/5C%2Cb/B5Cs%205CQ%7BY%20%20QyX%3C%20%20%5B%20Q%20n%2C9t%20and%20Fade....%20%5D%3E%20x%20LZ%20x%20%20%7D%20%3DPop-Rock%2012/8%3D60%3D1
d557c702-e3b3-4c15-8ab4-f68504e56c38,irealb://I'll%20Stay%20(RH%20Factor)%3DHargrove%20Roy%3D%3DRnb%20Funk%3DE-%3D7%3D1r34LbKcu77-E%2077%20E-7%2CC%20hbDZLD%2F7-E%20-7E%7C%2CB%2CC%20hbDZLD%2FB%2C%7CE--EA*%5ByX7B%7Cbh%20C%2CQyX7GB*%7C%2CB%2CC%20hDbZLD%2F7-E%207-E%7C%2CB%7CxXyQDZLD%2F%2CC%20hb%2CBb%2C%7C7-E%207-EC*ZL%20QyQXyX%7CQyXn%7CQyX7-A%2FDLZDB%20x%7CQB%2C%7CE-7%20E-7%2FDLZDbh%20C%2CB%5D%20%3DPop-Funk%3D65%3D1
d57f7fb6-bbdc-4aad-8f9b-e8c7aa5eb550,irealb://It's%20Too%20Late%3DKing%20Carole%3D%3DFusion%3DG-%3D%3D1r34LbKcu7yX7-A4%3C*666D%7CQyX7-A%7CQyX6%7CDQyX7-A%3EesreV%20%20XyQ%7C%7C4TA*%5BB*%5B%5DQyQ%7CA-yX7%5EF%7CQyX7-G%7CQXy7-A%7CQyX6D%7CQyX7Q%7CxXyX6D%7CQQyX7%5E%20ChorX7%5EF%7CQyX7%5EbB%7CQXy7%5EF%7CQyX7%5EbB%3EsuyQ%7CBb%2046*%3Co%20deyyQ%7CD-'oloS%20%2046*%3CC*%7B%20Z%2C7E%20sus7E%7CQyX7s%20plaX7%5EF%7Csus9%23his%20sQyXsus7G%7CQyX7%5E%7CFQyX7-D%3E%20noitce%7CG7%28Gt%20rev%29XyQ%7CC%5E7XyQ%7CF%5E7XyQ%7CC%5E7XyQ%7CF%5E7XyQ%7D%20%3DPop-Soul%3D100%3D3
d5eff7d2-ff59-4e3b-aa9f-03f39b696223,irealb://Keep%20On%20Running%3DSpencer%20Davis%20Group%20(Jackie%20Edwards)%3D%3DBlues%20-%20Texas%20Rock%3DA%3D9%3D1r34LbKcu7XZLQy57basXZLQyX%7CrQyX%7CQy7XD%7CQyX7A%3Effir%20syQr%7CX*%3Ci*%5BlcKQyyQLZElcKQyXAA*%7B%5D%20%20QXyQyXZLn%207E%7CQyX7%20LZEXX%7CrQyZLQyX-XyQ%7C7E%7CQyX7E1N%7CQyX%7CAQyXD%7CQyXA%7CQyXD%20n%20%7D%7C%23FZL%20yX-%23FA%20E%2CF%23F%7C%2CF%2CE%20E%7CQyXEQ%7CyX-%23F%7CQyX-%23F%7C%2C-XyQ%7C2NB*%7CA*%7B%7CQQ%7C%3C*6QyXQyX%7C%5DQyXE%3E.ndE%20dn2%20la%20.C.D0XyQXyyXE%7CQ6*%3C%2Cicl%20LZyXD%7CQyXA%7CQyXD%7CyQX-%23FZL%20lcKQyXEQ%7C%7B%2C*KQyXA3bass%20riff%3EAXyQ%7CDXyQ%7CAXyQ%7CD%3C*33RTF%3E%20%20%3C4x%3E%20%7D%20%3DBlues-Texas%20Rock%3D139%3D1
d56daf37-1d9e-4f4d-a309-bba89f0591e8,irealb://You're%20my%20heart%20you're%20my%20soul%3DTalking%20Modern%3D%3DMedium%20Swing%3DC-%3D%3D1r34LbKcu7%D1%83%D0%9A96*IntroX%7D%20%2CbAZL%2CbA%20%2CbZBL%2CbBZL%2CbB%20%2C-C%3EyQ%20%5B%3C27*%3C%7BZL%2C-CC-%2CLZ%2CbBZLxZL%2C-GZLxLZ%2C-CZLxZL%2C-GZLxLZxLZ%3E%D1%82%D0%B5%D0%BB%D0%BF%2C-CZL%2CLZF-%2C-FZL%2C-C%3E%D0%B2%D0%B5%D0%BF%D0%B8%D1%802%D0%9F7*%3C%7B%5D%20xZL%2CbBZLLZBb%2CbAZLxyX%3E%D0%B2%D0%B5LZF-%2C%2C%D1%82%D0%B5%D0%BB%D0%BF%D1%83%D0%BA%20%2CortnI36*%3C%7D%20xZL%2CbB1NZL%20%D0%BF%D1%80%D0%B8%D0%BF%2C-CZL%D0%B7%D0%B5%D0%B1%20%D0%B2yQXyQ%20%2C%D0%B7%D0%B0%D1%80%201%20ortnI9*3%3C%5D%20%2C-CZL%2CbB2N%7C%D0%BF%D1%80%D0%B8%D0%BF%D0%B5XQyXQ%20%D0%B1%D0%B0%D1%81%D0%B0%2C%20%D0%BF%D1%80%D0%B8%D0%BF%D0%B5%D0%B2%20%D1%81%20%D0%B1%D0%B0%D1%81%D0%BE%D0%BC%3E%20%3D%3D0%3D0
d58d826c-91e7-49bd-9cb3-4ae635ab68d0,irealb://Lay%20Your%20Hands%20On%20Me%20%28Bon%20Jovi%29=Jovi%2DSambora%20Bon==Rock=D%2D==1r34LbKcu7%2C5D%2C54%3CBre%5B%7DQyXAZLA%2FD%207%2D%7CAQyXA%2FD%7CQyXA%3EkasD5%2CC4Ti%2A%7B%205Cl%7C%20G5LZ5C%2C5DsSA%2A%7BY%205G5%20Cl%7Cn%2C5D%2C5C%2C5Ds%2CD5%2Cn5Cl%7Cn5FZLxD5%2CC5LxZL5DZLxZL5GB%5B%2A%7D%205G%205Cl%7Cn%2C5D%2CZG5LZsZL5G%20DZLQ%5B%2ACDXG%20FZL%20GZL%20D%7CQyDXZL%2CG%20F%7CQyXG%7CQy%2CLZD%20%205GZLC%2C5Ds%20al%20Cl%7Cn%2C5D%2C5C%2C5Ds%3ElooS%3CQD%2A%7BY%5D%20%3EadonXyQ%7C%2ES%2ED%3CQyX5Gn%7ClnXxZL5AZLxZL5GZLZxL5DZLxZL5G%7C%7DQy%20Y%5B%2AB%2C5D%2C5DZL%2CDZF5XyD%7CQyXD%2FG%7CQyXD%3EakerB%3CC%2A%7BQyX5G%7CQ%2D7%20G%2FL%20lcK%20%20%3C3x%3E%20%7D%7B%2ACDXyQ%7CGXyQ%7CF%20G%2CLZD%20%20%3C4x%3E%20%7D%20==102=0
d5dd4325-6d70-464c-90c6-bb51ae12e311,irealb://Major%20Triads=Exercise==Soul=C==1r34LbKcu7%7CZL%20x%5E7XyQ%20ZL%20lcKQyX7%5EF%7CLZ%20x%20ZL%20x%20ZL%20lcKx%20LZ%20E44T%7C%5EbA%7CZyQKclL%20x%20ZL%20lcKQyX7G%5E%7CZL%20x%20ZL%20x%20ZL%20Z%20x%20LX7%5E%23FyX7%5Ebcl%20LZx%20ZL%20x%20ZL%20lcKQXy7%5EA%7CZL%20x%20ZL%20x%20%20LZ%7CBKQyX7lcKQyLZ%20x%20ZL%20x%20ZL%20x%20ZL%20lKcQyX7%5EB%7CZL%20x%20ZL%7CC%5E7X%20lcKQZL%20lc%20LZ%20x%5ED%7CZL%20x%20ZL%20x%20Z%20LlcKQyX7%5EbD%7CZL%207XyQKx%20ZL%20%20x%20LZ%20x%20LZ%7CEb%5E7XyQKcl%20LZ%20x%20LZ%20x%20%20Z=Jazz%2DMedium%20Swing=100=1
d596e5b1-ee03-4c86-a599-2e3de7dff5cf,irealb://Makin%27%20Whoopee=Donaldson%2C%20Kahn%20%281928%29==Medium%20Swing=F=7=1r34LbKcu7ZL7C%204F%20Gb7%2DD%20FZL%2DbB%20bB%7CyQX7FZL7C%207%2DGZLoLZDb74TA%2A%7BG%7CQyX%2D7LZG%5B%5DQyXFZLbB%20F2NLZ%20QyXQyX%7D%207C%207%2D%2ABGboD%20F1NobG%20FGh%20C7C%20FZL7C%20hG%7CQyXG%2D%7CQyXobG%7CQyXFZLLZ%5B%2AA%7CQyX%2DLZG%2D7%20C7LZF7XyQ%7CBb%20Bb%2DLZF%20D%2D7LZDb7%20C7LZFXyQKcl%20%20%5D%20=Latin%2DBrazil%3A%20Bossa%20Electric=120=3
d52db01d-5de7-4984-827c-d3311796447b,irealb://Minha%20Casa%20E%20Eu%3DVida%20Nova%20De%20Iraj%C3%A1%3D%3DBallad%3DA%3D2%3D1r34LbKcu7usEZL4A%5EXyAB*%5B%5DQyX%23G%2FE%7CQXy%5EA%7CQyXA%2FsusE%7CQ%5E%20D%2FA4TA*%5BL%23A%2F%23Z*BA%5EF%20%2CoF%2CEZLA%2FD%20%5EZAL%5EA%20susEZLA%2FD%20%23-7%20FL%5EA%20sL7-%23FE7%20LZD%2FE%20D%2CC*%2C%7BQyXQXyQyXQyX%5D%20%5EA%20A%2FDLZFo%20%207-BZZD%5E%20A%2FC%23LZB-7%20E7%20%7D%20%3DJazz-Ballad%20Swing%3D60%3D3
d5219d57-254a-4a14-8fed-99fe9aab6581,irealb://Sailing%3DCross%20Chris%3D%3DPop%3DA%3D%3D1r34LbKcu7yXA%7CQ4DXyQ%7CQyXD%7CQyXD%7CQyX%23-F%7CQyX-%23F%7CQyXD%7CN1AXy4TA*%7BF%20-B%7CXyQ%20LQyXD%7CQyXA%7CQyXA*B%5B%5DQyXA%7CQyXA2NZ%7CDXyQQyX%7DQXD%7CQy%23-%20DLQyX-%23F%7CQyXA%7CQyAXC*%5B%5DQyXD%7CQyXDZ%7CF%23-XCZL-%23ZL-%23FyQ%7CAXyXD%7CQyXD%7CQyXA%7CyQXA%2CB*%2C%7CQyXA%7CQyQ%7CB-%20XD%7CQy%20bA%7CQLZDXyyXGZLF%20bEZLG%20FQ%7CyXA%2CD*%2C%7CQyXD%7CQQ%7CCXyD%20-%23CBbLZF%20GLZAXyQ%7C%20%3DJazz-Medium%20Swing%3D100%3D3
d5c8bcc6-c3cb-4508-8e56-d441a71e0e7b,irealb://Nothing%20From%20Nothing=Preston%20Billy==Pop%20%2D%20Funk=C==1r34LbKcu7D%7CQyXXyQ%7CBXx%7CQyX7%5EFZL7C%20%2D7G%7CQyX7%2DAZL7E%20hyQ%7CE7C42T%5BC%7CQyXZA%2D7X7G%7CQyX7DZL7A%207%7CEQyXFZL7C%20%2DG%7CQyXyQ%7CCL7G%2077XyQ%7CCXyQ%7CC7XyQ%7CCXyQ%7CC7XyQ%7CCXyQ%7CC7XyQ%7C%20=Pop%2DGlam%20Funk=80=16
d5ce61e7-bdc8-4968-8eba-8b57dfda4cbc,irealb://Palladium%3DWayne%20Shorter%20(Weather%20Report)%3D%3DFusion%3DD-%3D5%3D1r34LbKcu75%239b744%3C*7%2C9-Fs%209-F%7BQyXnQ%7CyXn%3E211%20mpb%20%204n%7CnGbTi*%5BY%209-Fl%2CBb-91C%2Csus31bD%2C31E%7Cnn%2C9-Fs%209-Fl%7B%7D%2C3b9%2C%7D9-bD%2Cs31DSn%7ClnX6b-A%20%2C31%5EDZL%2C93b1A%20%2Csus31D%7B%5DQy%20%7D%7B*A%2C9-Fs436*%3C69%20%20o%2C31%5EDZL%2C9b31A%20y%3Elno%20x%203%20%3As.d%20n%20A-b6*%3C%2Csu%5D%20%20lcD13su11-DZL%2CA%2F11-D%203%2C1%5EDZL%2C9b31A%20%2Cs%2CXyQK%5B%7D%20%3Ex-D%20%2C3%20A13b%2C9b31A%20%2Csus31DLZ6b-A%20%2C31%5EDZL%2C9LZD%5E1D%2FbB%5BE%20susLZD-1%5BY%7D%20%20x%20ZL%20sus9lF%7B%20x%20ZLxs%20ZL%20%2C1*BF13%2CA%2F11KQyX%3E%5E9%20F1r%20on%20%3As.d%20no%204*7%3C%2Csus31F%7B%20sus3epeatFZLC%2FA%2F11-%5BF13sZL9b31A%209-DZL1-1bB%209%5EFZLC%2FE%20suD%5E9%20D%7D%20%20lc%20QyX%5DD-11%2CadoC%20la%20.S.D%20%3C%20%7D%3Ex336*%3C%20lcKQyX%3E%20x%20%20%7B%5D%20Q%2C%209%5EAZ11XyQE%2011-B44TC*%7BQyQXyX%5Dpp42TZL%20lcK9susL-DQ%5BYbEZL7ZB-11%5EAZLsus9E%2011-BQ%7CyX11-AZLsus9E%209%20F%23-L31%5ED9sus%20Ab9susLZ%3CXyQ%20%20vamp%20out%3EDb9sus%20F%23-9%3C*666x%3E%20%7D%20%3DPop-Soul%3D112%3D1
d524e91d-9a63-4525-ba85-427e8bd9669d,irealb://Peach%20Pickin'%20Time%20In%20Georgia%3DJimmy%20Rogers%2C%20Clayton%20McMichen%3D%3DCountry%3DD%3D2%3D1r34LbKcu7QyXDZXyQ%7CA%20GZL7D%20DZL7A%20DLZ7A%20DZLG%20D%7CQyX7G%23o7LD44T%5BG%7CQyXQ%7CD%20ByXGZL7D%20DZL7A%20%7CDQyX7A%7CQyX7EZL7Q%7CF%237yX7A%7C%20G%23o7LZD%20B7LZE7%20A7LZDXyQ%5D%20%3DPop-Shuffle%3D126%3D5
d5b578fd-a979-4b45-b94c-74dcd11eced6,irealb://People%20Sure%20Act%20Funny%3DDr%20Lonnie%20Smith%3D%3DRnb%3DD%3D%3D1r34LbKcu7%2C7bG%2C4sG7%20%7C%2C7bG%2C7G%207G%7C%2C7Gb%2C7G%207G%7C%2C7bG%2C7GG7%20G74Ti*%5B%7C%2C7bGsG7%20GG%7C%2C7bG%2C7G%207G%7C%2Cb7G%2C7G%207G%7C%2C7bG%2C77%20G7%2C44T%5B%5DQyX7G7%2CGb7%2C9D%209D%7C%2C9%23D%2C9D9%20D%7C%2C9%23D%2C7G%207G%7C%2CG%237%2C%7CG%207G%7C%7CQyX9%2CC%239%2CD%2C7A%20%20%7CQyX7A%7C%7C7%2C%23A%2C9C%20%20%7CQyX9C%7C%239%2C%7CD7G%20%20%7C%20%20D9%2CGb7Z%20%3D%3D0%3D0
d5b02a76-d740-4920-89d8-fc8b220a6fa7,irealb://Prelude%20E%20Minor%20Op%2028%20No4%3DChopin%3D%3DBossa%20Nova%3DE-%3D5%3D1r34LbKcu7oB%207h4E-%2FGtla7F%7CQyX7o%23F%7CyQX7h%23F%7CQyXx%7CQyXXyQ%7CB4TA*%7BQyX7DXyQ%7CEo%23F%7CQyXx%7CQyX7hF%23%7CQyX7-AZL7oE%20-7XyQ%7C7EZL7%7CQyX6%7CD-7XB%20sus7B%7CQyX-AZ-LA%20%2BC%7CQyX7oD%7CQy7LZA-QyXx%7CyX7h%23%7CA-6Xx%7CQyX-EB*%7C%5D%20)7(B%20n%2C7B%7CQyX7B%7CQyXyQ%7CFQyX7BQyX7BltXyQ%207o%23CZL7oE%207-EQ%7CyX7EZL7oF%207hF%7CA-6LZa7F%7CQQyXsuQ%7CA-%20yX6-A%7CQyXsus7BLZ6-A%20sus7BZL6-AQ%7CB7syX-E%7CF%7CQyXQ%7CC%5EXyX7C%7CQyX-E%7CQyXuss7BZL6-A%207C%7CQyQ%7CA-7yX7B%7C%23h7XyQ%7CB7alt%20B7%20%7D%20%3DLatin-Brazil%3A%20Bossa%20Acoustic%3D120%3D4
d57378f6-4ef2-4187-9aee-3a95be04aae3,irealb://Rhythm%20Changes%20AgAgBeAg%3DExercise%20Trent%20Kynaston%3D%3DMedium%20Swing%3DBb%3D10%3D1r34LbKcu7%20%2CbEZ4Bb%20G7-FZL7F%20%2C7CZL7Db%20bBZL7F%20%2C7CZL7%2C%20E7L4TA*%7BQyX%2CbZN1D-%20%2C7-C2NZL%20QyXQXy%7D%207F%207bGZL7G%207F7LZBL7-bE7F%7CQyo7XyQC%7CQyX7oGZL%20lcKyQX%2C7G%7CQyX%2C9b7D%7C7b9%2CXAB*%5B%5DL7E%207cl%20%20%5DF%207CZL7bD%20%2CbBZ7LF%207CZL7G%20bBA*%5B7LZF-KQyX%2CZEb%20Eb-7LZD-7%20G7LZGb7%20F7%20Z%20%3DJazz-Medium%20Swing%3D100%3D12
d534bb15-81e5-4fee-9961-115706d7cdbc,irealb://Rhythms%20Complete%20%2D%2010%20%2D%20Rhythm%20No%2E%202%20Developed=Dr%2E%20Charles%20Colin%20%26%20Bugs%20Bower==Medium%20Swing=Eb==1r34LbKcu77bB%7CQb7%20Eb%2C7bE%20%20bE%7CQyXx%7CyQX7bBZLbE%207bBZL%7CAbXyB44T%5BXyQ%7CBb7%20Eb%20Z%20==150=0
d51b91b4-b97a-4020-8cb1-301aa4e3a442,irealb://Rhythms%20Complete%20%2D%2029%20%2D%20Rhythm%20No%2E%204%20Developed=Dr%2E%20Charles%20Colin%20%26%20Bugs%20Bower==Medium%20Swing=F==1r34LbKcu7%5BT44FXyQ%7CG%2D7XyQ%7CCXyQ%7CFXyQ%7CFXyQ%7CG%2D7XyQ%7CCXyQ%7CFXyQZ%20==150=0
d55de726-dc40-4ce3-a9f6-b1cbb5e41df4,irealb://Rumination%3DKalvaitis%20Tim%3D%3DBallad%3DBb%3D%3D1r34LbKcu7%7CQyXBXyQ%7BFbB%7CQyXbA%7CQyX117%23F%7CQyXC%7CQyX11%2377XyQ%7CC44T%5BQyX-FQ%7CCXy-A%7CQyX5%237G2N%7C%7DyQXC%7CQyX5%237G1N%7CQ7XyQ%7CyX7bDyXC%7CQyQ%7CGbG%7CQyX7-G%7CQyX5b-7D%7CQyXF%7CQyX5b7-7%235XyX7-E%7C%7CQyX711XyQXB%7CQyX7bB%7CQyXb%7CAQyX11%237F%7CQyXC%7CyQ%7CDb%237F%7CQBbXyQ%7CG7%235XyQZ%7C%20%3DJazz-Ballad%20Swing%3D80%3D3
d567bf26-2d8b-41b1-9686-9bf7b7e1c32f,irealb://Runaway%3DDel%20Shannon%20and%20Max%20Crook%3D%3DMedium%20Rock%3DC%3D%3D1r34LbKcu7B*%7B%7DQ4A-XyyXE%7CQyXx%7CQyXF%7CyQXx%7CQyXG%7CQyXx%7CQQ%7CxXy4TA*%7B%7CQyXx%7CxXyQ%7CQyXx%7CQyXDC*%5B%7D%3E%20x4%3C%20%20x%7CQyX-%23F%7CEXyQ%7CQyXAS%7CQyXxDXyQ%7C%7CQyXx%7CQyX-AD*%7B%20%5D%3EeniF%3C%20%20E%7CQyXAGXyQ%7C%7CQyXAFXyQ%7CxXyQ%7CEXyQ%7Cx%20%20%3CD.S.%20al%20Fine%3E%20%7D%20%3DPop-Rock%3D150%3D1
d50fa5ff-20d3-472d-a7f7-90f53bf33cf9,irealb://Someone%20Like%20You%3DMorrison%20Van%3D%3DRock%20Ballad%3DG%3D%3D1r34LbKcu7A*%7B%5D%2060XyQZL%2C-B%20G%7C%2CD%2FW%2CC-%20EZL%2C-B%20G%3EortnIE-%20C%2C*%3Ci*%5B%2C-B%20GyQ%20Ve-EZL%2C-B%20G%7C%2CD%2FWC%2C%20-EZL%2C-B%20G%3Eesr%20C%2CLZX75*%3CX-B%7CQC%2CW%2FDgdirB%20%2036*%3CB*%5B%20%5D%2CC%20-EZL%2C-B%20G%7C%2Ce%3ECXy%20-EZLXQyX%7DXyQ%7CACZL%2C-B%20G%3EtsnIQXy36*%3CC*%5B%5DQyXD%2F-%2FDXyQ-A%7CQyyQ%20%20%7B%3C*60Outro%3EG%20B-%2CLZC%2FDXyQ%7D%7CG%20%20%2CU%2C%3CFine%3E%20Z%20%3DPop-Slow%20Rock%3D70%3D1
d5360953-72eb-4b1b-98b4-1627a154dd46,irealb://Studio%20Accordo%206%20Per%20Terze%20Minori%3DComposer%20Unknown%3D%3DMedium%20Swing%3DC%3D%3D1r34LbKcu7ZL6EZD%236LZL6%23AZL6%23GZL6FZ6LDZL6BZL6AZL6%23FZC%236LZL6C%7CAZL6BC6LZAL6EZL6GZL6bBZLb6DZL6bEZL6bGZL6ZD6LZ%5B%5D%206Gb6LZF6%20%5D%20%3D%3D0%3D0
d529d2aa-38ce-4834-af68-35e206a8bdd1,irealb://Sunshower%3DKenny%20Barron%20(1978)%3D%3DLatin%20jazz%3DC-%3D3%3D1r34LbKcu7*%3CG%2FW44%3C*7yX45*%3C2C%3E%E2%99%AA%20QyX%E2%99%A9.%20QyX%E2%99%AA%20QyX.%E2%99%A9%20%201Q%20%EF%B8%B6%3E%20Ti*%7BY%EF%B8%B6%20QyX%20%EF%B8%B6%3ELZ1%239%5EbA%3E%E2%99%AB%20QyX%E2%99%A9%20yQX%E2%99%AA%20QyX.%E2%99%A9%20%2017*%3C1%3C*54QyX45bAZLGXyQr%7CA*%7BY%7D%20%3Ex636*%3CQXy%3E041%20mpb%20%20QyX%3CC2%20W%2F%7CQyX%3EZL%20QyXyQ%7CX%20QyX%7CrQyX1NZLQXy%7CrQyXZLQyX%7CrQy%7DXyQX11%239%5EKQyX5W%2FGLZZL%20lcKQyX9dda-BF*%5BY%5DQyX11%239b7CG7%239%23%202C2N%EF%B8%B6QyX4Ab%5EXy%3E%2F%20QyX%2FQyX%E2%99%AA%20%20QXy.%E2%99%A9%2017*%3CZL%20lcKQDh%3C*5ZL%20lc%20%20%E2%99%AA%20%E0%B8%AF9%2311%3CZL%3E%E2%82%87%E2%99%AD%E2%82%83%20%20%E2%82%84%E2%82%87%20%20%E2%82%81%E2%82%83%20%20%E2%82%84%20QyXQyXQyX36*%3C*71%20b7G%20%3EyXZLQXyQ%E2%99%AB%3EyX%7CQyX11%239%5EbAZGL%2FW%202CC*%5BY%5DppppQr%7CXy%E2%99%ABQyX%E2%99%AByX11%23QLZXyLG%2FW%20%3Eortuo47*2%3CCQ%7BYY%5D%20QQyX%7CrQZAb%5E9yX%7CrQQ%7CXyQr%7C%3CXyQ%20%20vamp%20out%3E%20%20%3C*63XyQ10x%3E%20%20%7D%20%3DJazz-Bossa%20Nova%3D140%3D3
d5edf570-a26f-4261-80d0-4bd27ef98c5e,irealb://Too%20Many%20Walls%3DDennis%20Cathy%3D%3DR'n'B%3DC%3D%3D1r34LbKcu7bB%2FbE4BbXyBA*%7B%7CQyXbB%2FbE%7CyQXbB%7CQyXbB%2FbE%7CQbXyQ%7C4Ti*%7CbE%20G%2Fb%2CEb%2FA%2FbD%20%20bDZLC%2FbAb%20B%2FbE%7CQyXbB%7C%2CbBb%2C%7CEbB%2FbA%20C*ZL7m*XyQ%7CQyXbD%7CQyXbE%7CQXybDB*%5B%7D%207F%2011F%7CF11%20F*bEZLX9%5EbA%7CEb%5E9%5EbE%7CQyX*7m*GZL%20F9%5EbE%7CQyXbBZLF%207%20FLZQyXbBbDZL%2C1%20F9LDZLbEZLbD2N%7C%7DQXybB%2FbE%7CQyXbB1NZbLZEb1F%7CQyX*7m*LZDb%2C9%5EF%7CQyXCZLG%209%5E%7CFQyXCD*%7B%20F%20bEZL%20GLZA%2CbEZLyQ%7CF%20GLZBb%5E7XyQ%7CG11%20G7%2C%3C4x%3E%20%7D%20%3DPop-RnB%3D100%3D3
d55500df-b15a-4a5f-a8a9-b0190a4c9c7b,irealb://Walkin%27%20My%20Baby%20Back%20Home%2E=Roy%20Turk%2DFred%20Ahlert==Medium%20Swing=Eb==1r34LbKcu7bB%207%2D4Eb%5E%209FZL7%2DC%207%5EbEZL%2357bB%207%5EbEZL7%5EbBXyQ%7CF4TA%2A%7BAs%206b%20LZ%20xQyXQyXQyXQyX%7D7Bb%2C7%2DFs%206bE1NZL%20%7CN2lEx%20ZL7%2DAZLb6%20b9%3E%2DCZL6%2DG%207%2DGZL7%2D%5EG%20%2DGlB%2A%5B%5D%2C9b7D7%20W%2FB0%2A%3C%2Ch%207%5EbEZG%2D%20G%207bB%207%2DFZL7F%207C%2DZL6%2DG%207%2DGZL7%5E%2D%5DY%5B%2AAL7D%207%20ZL%20xLZEb%5EB%207%2DF%7CQyX9FZL7C%2D%207%5EbEZL5%237bB%207b7LZ%205%237bBx%20LZUEb6%20sF%2D7%2CBb7%5D%20==0=0
d53cd41b-7c92-45e9-a600-6612e2a9a929,irealb://Over%20The%20Rainbow%20%28Somewhere%29%201%3DArlen%20Harold%3D%3DBallad%3DEb%3D%3D1r34LbKcu7ZL7bD4Eb6%20L7C%207-G%7CQyX7%5EbZAL7%5EbE%207-GZL7-CZF-7%204T%7BA*7-GZL7b9LZ-F%7CQyX6bE%5BB*%7D%20b7B%206bEZL7bB%207-F7%20Bb7C%207-G%5D%207bBF-7%20BL7obG%207-GZL9b7%20D7hA%7CQyX6bEZL7bZF-7%20ZL7C%207-GZL6%20C-7-FZL7C%207-G%7CQyX%5E7bAZL7%5EbE%207-GZL7%20Db7bE%5BA*%20C7b9LZF-7%20Bb7LZEb6%20Bb7%20Z%3DJazz-Ballad%20Swing%3D60%3D3
d515200d-8dc9-4548-83b1-6041c35d057c,irealb://You%20Taught%20My%20Heart%20To%20Sing%20(Dianne%20Reeves)%3DMcCoy%20Tyner%20(Dianne%20Reeves)%3D%3DSlow%20Ballad%3DEb%3D3%3D1r34LbKcu7%2Fsus944%3C*79%5EbEZLbE%2Fsus9b%20B9%5EbE%3E35%20mpb%20%204%20Bb7bTi*%7BY96bE%2CyQr%7CXsZL%20x%20ZLbE%2Fsusb9B%209%5EbEA*%5BY%7D%20QyEb%5E%235XZLbELbE%2Fs7%239%231%209%5EbEZLsus9bB%20-9FZL31F%209-Cl%7C%2C1Bb9suG%2ChD%2C31G%2C9%5DXyQ%20%5EbEZL%20x%20ZLbE%2Fssu9b7bB%209%5EbEA*%5BY9%20sDh%20%20x%20Z%20%3CZLbC-9%20F9bB%2031%5EbEZLsusb97bB%207-FZL11%2331sus%2FEl%7C%2C9bDlB*%5B%3EEb%5E1%5Dsus31D%3E.%E2%99%AA%E1%AE%BA66*%2C%3CbE%2Fsus9b7bBs%203XyQ%20Yni%20sbb31A%20b13LZQyX31%5ECZL31G%209D-ZL%2C9b31bA%2031%5EB%7CE-11G%209-b1bB%2Cs13%20sDBs%209-FZL9b31F%20-9Cl%7C%2C9b31bG%2C9-bb13su%5EDZL9%2C11%237Y%5B*Al31%5EbE%2CbE%2FDsZL%20%20xZLsus31bB%209%5EbE%2CDh%2CG%5D%2C9b3B%20%2C9%5E%20F13LE%2Fsus9bB%2031%5EbELZQ%2Csus31bB%209-FZbLZEb9-Cl%7CX%3Cx%20Z%2C%20%5DXyLsus31bB%20%3Eortu4o7*%3C31%5EbEQ%7BYY%20QZ%20x%20Lsus9bbE%3E.tamp%20oX%3C%7C%7D%20%3Ex336*%3C%20xZ%20L%20%3Eeuc%20lit'%20tuyQ%20riv%20%20Qy%5E13%20fBb13susLZfUEb%5E9XyQZ%20%3DJazz-Ballad%20Double%20Time%20Feel%3D53%3D2
d5ddccf4-0242-4046-bb08-ce6a75329d93,irealb://boulevard%20Of%20Broken%20Dreams%3DGreenday%3D%3DMedium%20Swing%3DC%3D%3D1r34LbKcu7QyX%7C%7D*66%20%20%20DZLG%20-E%3Eedulrteni%2Fesrev%2FortnIA%20(B)%3CA*%7BYE%20DZLY%5B*B%3CE%20DZLG%20CZLE%20DZGL%20C%3EsurohC%20%2027*LZC%20G%20%20QyXx2%20%204LZD%20BZLbD%20DZLC%20-E%3EgindnE%20%2027*%3CC*YZLG%20%3C*7G%20CZL%3EEb%20%7DXyQLZE-%20CLZD%20DbLZG%2CEb%2Cn%20Z%20%3D%3D0%3D0
d5516fee-b560-425e-9ca8-0a95f6865881,irealb://iWarmUp%20F%20Blues%20%2310-12%3DMadsen%20Pete%3D%3DPop%20-%20Soul%3DF%3D%3D1r34LbKcu7L%20lcK7XyQ%7CZL%20lcKQyX7bBZLl%20cKQyX7F%7CQyX7bBF7XyQF44T%5BZG-7XyQ%7CC7XyQ%7CF7XyQKcl%20%20Z%20%3DPop-Soul%3D108%3D2
d5387c86-b5fd-42eb-841d-413060769f26,irealb://ii%20V%20I%20(Min%20Maj)%20Minor%20(Maj%203rds%20Up)%3DComposer%20Unknown%3D%3DMedium%20Swing%3DC%3D%3D1r34LbKcu7X7%5E-EyQ%7CG7b7B%7CQyX7h%23F%7CQyxX%7CQyX7%5E-C%7CQyX9b9XyQ%7CX7hD%5B9b7E%7CyQ%7CBbB%7CQyXx%7CQyX7%5E-b%7CAQyX9b7bE%7CQyX7hh7XyQXx%7CQyhG%7CQy-%5E7XyX7%5E-%23C%7CQyX9b7%23%7CGQyX7h%23D%7CQyXx%7CQyQ%7CxXA%7CQyXyX7%5E-C7b9XX9b7%23C%7CQyX7h%23GQ%7CyXx%7CQyX7%5E-F%7CQyyQ%7CF%23%7CQyX7QyX9bQ%7CCh7X7hE%7CQyXx%7CQyX7-%5EbB%7CQyX9b7F%7CQyXyQ%7CA7yXx%7CQyX7hAXyQ%7Cx%7CQyX7%5E-bE%7CQyX97bbB%7CQyX7hF%7C%5DQyXxXyQ%7C7%5E-D%7CXx%7CQy9XyQ%7C%7CQyX9b7%23F%7CQyX7%23hC%7CQyXx%7CQyX7%5E-GB-%5E7Xb7D%7CQyQ%5D%20%3D%3D0%3D0
d5d3d33a-f2d2-4d46-987d-82c27aad771a,irealb://ii%20V%20I%235%20Major%20(Maj%203rds%20Up)%3DComposer%20Unknown%3D%3DMedium%20Swing%3DC%3D%3D1r34LbKcu7%7CQyX5yQ%7CG7QyX7B%7CQyX7-%23F%7CyQXx%7CQyX5%237C%7CQyX%7CE%5E7%23X7-D%5B%5EA%7CQyBb-7XyX7-B%7CQyXx%7CQyX%2357%5EbA%7CQyX7bE%7CQyQ%7CE7X%7CQyXxC%7CQyXQ%7CxXyyXx%7CQyX5%237%5E%23C%7CyQX7%23G%7CQyX7-%23D%7CQQ%7CG-7yX5%237C%7CQyXF%5E7%2355%237%5E%23F%7CQyX7%23C%7CyQX7-%23G%7CQyXx%7CQyXXyQ%7Cx%7CQyX7x%7CQyX%7CF7Xy%7CQyX7A%7CQyX7-E%7CyQXx%7CQyX5%237%5EbB%7CQD%5E7%235QyX7-7%5EG%7CQF-7XyQyX7-A%7CQyXx%7CQy5X%237%5EbE%7CQyX7bB%7CQ%7CD7Xy%7C%7CQyX%235XyQ%7CxXyQ%7CC%23-7XyQ%7CF%237XyQ%7CB%5E7%235XyQ%7CxXyQ%5D%20%3D%3D0%3D0
d5aee659-cde1-44ce-be36-ae62d7211fab,irealb://ilha%20De%20Santiago%3DAndrade%20Mayra%3D%3DBossa%20Nova%3DA%3D%3D1r34LbKcu7%7B%5DQyXyQKclA%7CQyX7E%7CQyX7-BQ%7CyXD%7CQyX%23C%2FAZL%20XyQ%7CAXAi*%5B%20%20lcK%23XyQ%7CQyX%23G%2F7E%7CQyXE%7CyQX-B%7CQyXD%7CQyX-B%7CAXyQC%2FAA*yXA%7CQ7XyQ%7CyX7E%7CQyX7-B%7CQy%23XF%2FD%7CQyXD%7CQyX7AQ%7CAXyAB*%7B%7DQ%7D%20%3DLatin-Brazil%3A%20Samba%3D200%3D3
d5946b89-ad76-4ade-af01-897b62bc4d83,irealbook://%D7%9B%D7%9E%D7%95%20%D7%A6%D7%9E%D7%97%20%D7%91%D7%A8%3DComposer%20%D7%9E%D7%99%D7%A7%D7%99%3DMedium%20Swing%3DE-%3Dn%3D%5B*iT44E-%20E-/D%20%7CA7/C%23%20Ah/C%20%7CD%20D7%20%7CG%20%20%20%7C%7B*AE-%20%20%20%7CA-%20%20%20%7CA-7%20D7%20%7CT24D%20%20%20%7C%7CT44G%20%20%20%7CC%20C/B%20%7CT24A-%20%20%20%7CT44D%20%20%20%7CG%20%20%20%7CC%20C%5E7/B%20%7CA-%20D%20%7CT24G%20%20%20%7C%5B*BT44E-%20E-/D%20%7CA7/C%23%20Ah/C%20%7CD%20D7%20%7CG%20%20%20%7CE-%20E-/D%20%7CA7/C%23%20Ah/C%20%7CD%20D7%20%7CN1G%20%20%20%7D%7CN2G%20Eb%5E7%235%20%7CG6%20%20%20%7CG%20%20%20Z
d5896932-5391-4f12-ab28-fa1d226e3fd5,irealbook://Boogie%20Wonderland%3DFire%20Earth%20Wind%20And%3DMedium%20Swing%3DD-%3Dn%3DY%5B*iT44A%2B%2CA%2B%2CA%2B%20%7CD-%20%20%20%5D%20%20%20%20%20%20%20%20Y%5B*CD-%20%20%20%7C%20%20%20%20%7CG-7%20%20%20%7CA%2B%20%20%20%5DY%7B*BBb/C%20%20%20%7BBb/C%20%20%20%7CA-%20D-%20%7CG-7%20%20%20%7D%7CA-%20D-%20%7CG-7%20C%20%7CE-%20A-%20%7CD-%20%20%20%7CC%20%20%20%7CG-7%20%20%20%7CA%2B%20%20%20%5D
d56f173b-65b5-4145-9460-ec6c3a49b579,irealbook://Darktown%20Strutters'%20Ball%3DTradjazz%20ARR:%20B.Sharp%3DMedium%20Swing%3DC%3Dn%3D%7BT44C%20%20%20%7C%20x%20%20%7CD7%20%20%20%7C%20x%20%20%7CG7%20%20%20%7C%20x%20%20%7CC%20Dbo%20%7CD-7%20G7%20%7C%7CC%20%20%20%7C%20x%20%20%7CD7%20%20%20%7C%20x%20%20%7CF%20%20%20%7CF%23o%20%20%20%7CC%20%20%20%7CA7%20%20%20%7CD7%20%20%20%7CG7%20%20%20%7CC%20%20%20%7C%20x%20%3C4x%3E%20%7DY%5B%3C*64TAG%3EF%20%20%20%7CF%23o%20%20%20%7CC%20%20%20%7CA7%20%20%20%7C%7BD7%20%20%20%7CG7%20%20%20%7DD%20%20%20%7CG7%20%20%20%7CC%20F%20%7CfC%2CnU%20%20Z
d55533f8-dc75-4b57-a042-a7a4dd88605b,irealbook://Blues%2004%3DComposer%20Unknown%3DBlues%3DC%3Dn%3D%5BT44C7%20%20%20%7CF7%20%20%20%7CC7%20%20%20%7CC7%20%20%20%7CF7%20%20%20%7CF7%20%20%20%7CC7%20%20%20%7CA7%20%20%20%7CD7%20%20%20%7CG7%20%20%20%7CC7%20%20%20%7CG7%20%20%20Z
d512fa4e-1e5c-495b-8ade-4bd4694848a7,irealbook://Blues%20Variation%2012=LRS=Medium%20Swing=F=n=%5bT44F%5e7%2c%20%20%20%7cBb%5e7%2c%20%20%20%7cA%2d7%2c%20G%2d7%2c%20%7cF%23%2d7%2c%20B7%2c%20%7cBb%5e7%2c%20%20%20%7cBb%2d7%2c%20%20%20%7cA%2d7%2c%20%20%20%7cAb%2d7%2c%20%20%20%7cG%2d7%2c%20%20%20%7cGb7%2c%20%20%20%7cF%5e7%2c%20Ab%2d7%2c%20%7cG%2d7%2c%20C7%28Gb7%29%20Z%20
d5b474cf-e701-4b09-9216-82979a9d54bc,irealbook://Contigo%20En%20La%20Distancia%3DCesar%20Portillo%20De%20La%20Luz%3DBolero%3DEb%3Dn%3D%5B*iT44F-7%20Bb13%20%7CEb6%20%20%20%7CF-7%20Bb7%20%7CEb6%20%20%20%7CD-7b5%20G7b9%20%7CC-6%20%20%20%7CF13%20%20%20%7CF-7%20Bo7%20%7CBb7%20%20l%20%28Bo7%29%5D%20%20%20%20%20%20%20%20%20%20%20%20%5B*AF-7%20%20%20%7CBb7%20%20%20%7CEb%5E9%20%20%20%7C%20x%20%20%7CF-7%20%20%20%7CBo7%20Bb7%20%7CEb%5E9%20%20%20%7C%20%28D-7b5%29p%20%28G7b9%29%20%5D%7B*BC-9%20%20%20%7CD7b9%20Ab9%2311%20%7CG-7%20%20%20%7CC9sus%20Gb7%20%7CF-7%20%20%20%7CBb9%20%20%20%7CEb6%20Db7%20%7C%3C*08optional%20break%3EC7%20%20%20%7CF-7%20%20%20%7CBb9sus%20Bb13%20%7CG-7b5%20%20%20%7CC7%20%20%20%5D%7CN2F-7%20%20%20%7CBo7%20Bb7%20%7CEb6%20%20%20%7CD-7b5%20G7b9%20%7D%7CN3F-7%20%20%20%7CBo7%20Bb7%20%7CDb7%20%20%20%7CC7%20%20%20%5D%5BF-7%20%20%20%7CBo7%20B13%20%7CEb6%20%20%20%7CAb7%20Ab-7%20%7CEb6%20%20%20ZU%20
d5e66e2c-9b95-45b7-bb5a-43a89e754422,irealbook://I%20Just%20Called%20To%20Say%3DWonder%20Stevie%3DBallad%3DC%3Dn%3DY%7C*iT44Db%20%7Cx%20%7Cx%20%7Cn%20%7BSDb%20%7Cx%20%7Cx%20%7Cx%20%7Cx%20%7Cx%20%7CEb-%20%7CEb-%5E7%20%7CEb-%20%7CEb-%5E7%20%7CEb-7%20%7CEb-%5E7%20%7CEb-7%20%7CN1Eb-7/Ab%20Ab%20%7CDb%20%7Cx%20%7D%7CN2Eb-7/Ab%20sAb%2C%20%7CDb%3C*03D.C.%20al%20Coda%3E%20%7Cn%20%7CEb-7%20%7CAb%20%7CDb%20%7Cx%20%7CEb-7%20%7CAb%20%7CBb-%20%7Cx%20%7CEb-7%20%7CAb%20%7CBb-7%20%7Cx%20%7CEb-7%20%7CAb7sus%20Ab7%20%7CDb%20%7Cn%20%7C%3CD.%20S.%20al%20coda%3E%20%20%20%20Y%7BDb%20%7Cx%20%7Cx%20%7Cx%20%7Cx%20%7Cx%20%7CEb-%20%7CEb-%5E7%2C%20%7CEb-%20%7CEb-%5E7%20%7CEb-%20%7CEb-%5E7%20%7CEb-7%20%7CN1Eb-7/Ab%20Ab%20%7CDb%20%7Cx%20%7D%7CN2Eb-%5E7%20sAb%2C%20%7CDb%20%7Cn%20%7C*CE-7%20%7CA%20%7CD%20%7Cx%20%7CE-7%20%7CA%20%7CB-7%20%7Cx%20%7CE-7%20%7CA7sus%20A7%2C%20%7CD%20%7Cx%20%7CF-7%20%7CBb7%20%7CEb%20%7Cx%20%7CF-7%20%7CBb7%20%7CC-7%20%7Cx%20%7CF-7%20%7CBb7%20%7CC-7%20%7Cx%20%7CF-7%20%7CBb7%20%7CEb%20%7CB%20%7C%3C%28add%202%29%3EDb2%20%7Cx%20%7CEb%20%7Cx%20%7Cx%20%7Cx%20%5D%20
d597b883-b408-4335-abb5-7cebe3484f59,irealbook://Raining%20Men%20P.1%3DShaffer%20Paul%3DRock%20Pop%3DC%3Dn%3D%5B*iF*m*%20%7CF*m7*%20%7CAb/Eb%20%7CF*m*/Eb%20%7CDb6%20%7CDb6%20%7CCsus%20%7CC%2CC%2C%7CF*m*%20%7CF*m7*%20%7CBb/F%20%7CDb/F%20%7CF*m*%20%7CF*m7*%20%7CF*m7*%20%7CBb/F%20%7CDb/F%20%5D%20%20%20%20%20%20%20%20%20%20%20%20%20%20%20%20%20%20%20%20%20%20%20%20%20%20%20%20%20%20%5B*vF*m*%20%20%20%7CF*m*%20%20%20%7CF*m*%20%20%20%7CF*m*%20%20%20%7CF*m*%20%20%20%7CF*m*%20%20%20%7CCsus%20%20%20%7CC%20%20%20%7CF*m*%20%20%20%7CF*m*%20%20%20%7CBb*m7*%20%20%20%7CBb*m7*%20%20%20%7CCsus%20%20C%2C%7CC%20%20Csus%7C%20%20%20C%2C%7CC%20%20%20%7Cn%20%20%20%5D
d5928e19-e006-4f0b-b3ab-47a7accc473b,irealbook://My%20Baby%20Just%20Cares%20For%20Me%3DDonaldson%20Walter%3DMedium%20Swing%3DEb%3Dn%3D%5BEb%5E%20%20%20%7CAb7%2311%20%20%20%7CEb%5E%20%20%20%7CAb7%2311%20%20%20%7CEb%5E/G%20%20%20%7CGbo7%20%20%20%7CF-%20%20%20%7C%20%20%20%20%5D%7CDh7%20%20%20%7CG7%20%20%20%7CC-%20%20%20%7CDh7%2C%20G7%20%7CC-%20%20%20%7CF7%2311%20%20%20%7CF-7%20%20%20%7CBb7%20%20%20%5D%7CEb%5E%20%20%20%7CAb7%2311%20%20%20%7CEb%5E%20%20%20%7CAb7%2311%20%20%20%7CGh7%20%20%20%7CGbo7%20%20%20%7CF-%20%20%20%7C%20%20%20%20%5D%7CAb%5E%20%20%20%7CAh7%20D7%2C%20%2C%7CAb-7%20Db7%20%7CG-7%20C7%20%7CF-7%20%20%20%7CBb7%20%20%20%7CE%5E%20%20%20%7CEb%3CLast%20x%3E%20%20%20Z%20
d5e6b369-3477-4ed2-b1b0-588cae82a9a6,irealbook://Preacher%20Chords%20Series%20III%3DWolliston%20Timothy%3DPreacher%20Chords%3DC%3Dn%3D%5BC%2CC%2CpEb%2C%20Gb%2C%20A%2C%20C%20%20C*dim7*%20%20%20C%2CC%2CpD%2C%20G%2C%20C%2C%20%20%20%20C*sus2*%2C%20%20%20C%2CC%2CpF%20A%20C%20%20%20%20F*maj*%2C%20pC%2C%5BF%23%2CC%23%2CpE%20Ab%20Bb%20Eb%20%20F%23*9%2013*%2C%20%20%20F%2CC%2CpEb%20G%20A%20C%2C%20%20Fadd9%20%20%20E%2CC%2CpD%20Gb%20Ab%20C%20%20E9%235%20%20%20F%2CC%2CpD%20F%20Ab%2C%20C%2C%20%20F*min6*%20%20%20%3C*09Walk%20up%3EGb%20pD%20Gb%20Ab%20C%20Ab*7th%20b5*%2C%20%20p%2CGb%2CAb%2CEb%2CpGb%20Bb%20C%20Eb%20%20Ab9%20%20%20G%20pF%20B%20D%20%20%20%20G7%20%20%20Bb%2CF%2CpBb%20Eb%20%20%20%20%20%20Bb*sus4*%20%20%20B%2CB%2CpF%20B%20D%20%20%20%20B*dim*%20%20%20C%2CC%2CpE%20G%20Bb%2C%20Eb%20%20C7%239
d5a711f5-d4a7-479e-91f7-e4e4a3e08a22,irealbook://Remember%20the%20Time%3DJackson%20Michael%3DRock%3DC%3Dn%3D%20%20%20%20%20%20%20%20%20%20%20%20T44nF-9%2CF-9/Eb%2CF-9/Db%2C%7B*AC7%239%20%20%20%7Cx%20%20%20%7CF-9%20%20%20%7Cx%20%20%20%7CC7%239%20%20%20%7Cx%20%20%20%7CF-9%20%20%20%7Cx%20%20%20%7D%5B*BDb%5E7%20%20%20%7CF-9%20%20%20%7CDb%5E7%20%20%20%7CF-9%20%20%20%7CDb%5E7%20%20%20%7CF-9%20%20%20%7CBb-7%20%20%20%7CC7%239%20%20%20%5D%20
d5cf3012-0731-4910-bd48-31d0bd9b46a4,irealbook://Send%20In%20The%20Clowns%3DSondheim%20Stephen%3DPop%3DEb%3Dn%3D%7B*iT44Eb%20%20sAb/Eb%2C%7ClEb%20%20sAb/Eb%7Dl%20%20%20%20%20%20%20%20%7B*AEb%20%20sAb/Eb%2C%7ClEb%20%20sAb/Eb%2C%7ClEb%20%20%20%7CAb%5E7%20%20%20%7C%7CBb/Eb%20%20sAb/Eb%2C%7ClEb%20%20%20%7D%20%20%20%20%20%20%20%20%5B*BG-%20%20D-%2C%7CG-%20%20D-%2C%7CG-%20%20%20%7CC-%20%20G/B%2C%7CG/Bb%2CC/A%2CC/Ab%2C%20%7CGsus%20%20sAbh%2C%7ClGsus/Bb%20%20Ab%2C%7BBb%20%20Ab%7D%20%20%20%20%20%20%20%20%20%20%20%20%20%20%20%20*i%20*A%20*A%20*B%20*A%20*B%20*A%20
d5655eb0-da50-46d5-ad99-c5e376f6a8f9,irealbook://Somewhere%20That's%20Green%3DHorrors%20Little%20Shop%20Of%3DPop%3DG%3Dn%3D%7B*iT44Eb%20%20%20%7CG/D%20sA7/C%23%2CC-%2C%7ClG/B%20sC/A%2CC/D%2C%7ClG%20%20%20%7D%5B*AG%20%20%20%7CC/G%20%20%20%7CDsus%20D%20%7CG%20sG%2CF%23%2C%7ClE-%20%20%20%7CE-/D%20%20%20%7CA7/C%23%20A7%20%7CD%20%20%20%7CG%20%20%20%7CC%20%20%20%7CE-/C%23%20%20%20%7CG/D%20%20%20%7CDsus%20D%20%7CG%20%20%20%7CD%20%20%20%7CG%20%20%20ZY%5B*BEb%20%20%20%7CG%20%20%20%7CE-%20E-/D%23%20%7CE-/D%20%20%20%7CA7/C%23%20A7%20%7CD%20E-/C%23%20%7CfD%20%20%20%5D%20%20%20%20%20%20%20%20%20%20%20%20%20%20%20%20%20%20%20%20*i%20*A%20*A%20*v%20*B%20*A%20%20%20%20%20%20%20%20%20%20%20%5B*vD%20%20%20%7CG/D%20%20%20%7CAsus%20A%20%7CD%20sD%2CC%23%2C%7ClB-%20%20%20%7CB-/A%20%20%20%7CE7/G%23%20E7%20%7CA%20%20%20%5D%20
d552ab58-a481-4c2e-b357-27941e3e05ca,irealbook://Still%20Got%20The%20Blues=Gary%20Moore=Blues=C=n=%5b%2aAT68%3cIntro%2bVerse%3eD%2d7%20%20%20%7cD%2d7%2fG%20%20%20%7cC%5e7%20%20%20%7cF%5e7%20%20%20%7cB%2d7b5%20%20%20%7cE7%20%20%20%7cA%2d%20%20%20%7cx%20%20%20%5d%5b%2aB%3cChorus%3eA%2d%20%20%20%7cE%2d%20%20%20%7cA%2d%20%20%20%7cD9%20%20%20%7cF9%20%20%20%7cE7%239%20%20%20%7cA%2am%2a%20%20%20%7cx%20%20%20%5d%5b%2aC%3cBridge%3eB%2d7%20%20%20%7cB%2d%2fE%20%20%20%7cA%2d%20A%2d%2fB%20%7cA%2d%2fC%20%20%20%7cB%2d7%20%20%20%7cB%2d7%2fE%20%20%20%7cF%5e7%20E%2d7%20%7cD%2d7%20%20%20%7cA%2d%20%20%20%5d%20
d5b2b73c-46cd-4317-b629-28b502b6c71f,irealbook://Swing%2085%20%28Milko%29%3DWinterstein%20Titi%3DMedium%20Swing%3DA-%3Dn%3D%5B*AT44%3C%28AABA%29%3EA%20%20%20%7C%20x%20%20%7CD-%20%20%20%7C%20x%20%20%7CE7%20%20%20%7C%20x%20%20%7CA-%20%20%20%7C%20x%20%20%7C%7CF%20%20%20%7C%20x%20%20%7CD-6%20%20%20%7C%20x%20%20%7CE7%20%20%20%7C%20x%20%20%7CA-%20%20%20%7C%20x%20%20%5D%5B*BG7%20%20%20%7C%20x%20%20%7CC%20%20%20%7C%20x%20%20%7CG7%20%20%20%7C%20x%20%20%7CC%20%20%20%7C%20x%20%20%7CE7%20%20%20%7C%20x%20%20%7CA-%20%20%20%7C%20x%20%20%7CD-6%28F%29%20%20%20%7C%20x%20%20%7CE7%20%20%20%7C%20x%20%20%5D%20
