id,url
da761673-2789-4bc9-ae2c-d7de98d106f5,irealb://%2389%20%28A%20major%2C%20Pop%2DRock%29=MasterTheGuitar%2Enet==Rock=A==1r34LbKcu7%5BT44A5XyQKcl%20LZ%20x%20LZ%20x%20%3C8x%3E%20%7D%20=Pop%2DRock=70=16
da8f97f0-a952-4540-a131-20dabb0bbb08,irealb://Everybody%20Loves%20My%20Baby=Tradjazz%20ARR%20%20B%2ESharp==Gypsy%20Jazz%20%20%20mm142=C==1r34LbKcu7ppah%20XyQ%7CAI%2086%2A%3C44TA%2A%5B%5D%20A7%20%2DG%7CQyX%2DD%7CQyX7%27m%20as%2DDi%2A%5B%5D%207AZa%20kinLxZL%2DDZL7AZL%2DDLZ7AZL%2DD%3E%2E%20%2E%20%2E%20gZBb7L%20sa%20yb%20yr%27A7LZD45%2A%3CB%2A%7B%5D%207AZL7BbZLxZL%2DDZL7AZL%2DXyQEvZL%2DD%7C7C%7CQyoves%20%20lcKQyX%2DDZL%20lcQKyX%2DD%3E%2E%2Eybab%20ymLZG7Xl%20ydoAZL%20l6XyQ%7C7EZLx%20%20ZL%20x%20ZLl%20cKQyX%2DD%7C%7CQyX7AXyQKcF%7CQyX%207CZLC7XyQ%20lcKQyXG%7CZL%20x%20LZ%20x%20ZL%20lcKQyXF%7CLZ%20x%20%7CQyX7%3C%20%206FD%2DXyQF%7CQyX7C%7CQyX7GZ%20LlcKQyX%2DDZL%20lcK6XyQ%7C%7CZL7A7G%3Eem%5B%3C%2A58ydobon%20tnaw%20t%27ond%20ybab%20ym%20%20GAT%20but%20%7D%20%3Ex3XyQ%7CC7XyQ%7CF%20BbLZUFXyQZ%20==0=0
da17102d-c0da-4dd0-968f-cfc28d31bae8,irealb://Minor%20Drag%20%28arr%3A%20Sires%29=1929==Up%20Tempo%20Swing=C%2D==1r34LbKcu7F%3Ekaereak%3EyX%2DC%3EkaerB%3C%7CQy%2DXF%3EkaerB%3C%7CQyX%2DCQ%7C%3CBrB%3Ci%2A%5Bx%20%3E%2E%2E%3CTimeX%2DC%3Ekaerb%20ssaBZ%3CL7G%20%2DCZLoB%20%2DC%3EyQ%7C%3C%2E%7CQyX%2D%7CQyX7AC%2DXy7DZL%20lcKQyX%2DCZ%20Lx%20ZL%20x%20ZL%20lcKQXyQ%7CG%2A%7B%5D%20%20EB%2A%7B%7DQKcl%20%7CQyX7GZL%20lcKQy%2DXCZL%20lcKQyX%2DFZLC%2DXyQyX%2DC%7CKQyXbcl%20LZ7bB%7CQyX7FZL%20lcQKyXbEZL%20x%20ZL%20x%20XyQ%7CEKQyXbcl%20LZ%20x%20LZ%20x%20LZBb7XyQKcl%20LZEbXyQKcl%20%20%7D%20=Jazz%2DUp%20Tempo%20Swing=220=3
dadea2ea-1d13-444f-a9df-a737ceff0e00,irealb://Three%20Little%20Words%3DRuby%20Harry%3D%3DMedium%20Up%20Swing%3DC%3D%3D1r34LbKcu7X7-D%7C4C%5E7X%7CQyX7-DZL7bA%207b-EZL%20x%20ZL%20lcKQyG7XyQ4T%7BA*L%20lcKXyQ%7D*F%7CQyX7C%7CQyXsusC7ZL%20lcKQyX7-G%5BB%5E7XyQ7G%7CQy7-DZLA7LZA-bEZL%20x%20ZL%20lcKyQX7%5EC%5BA*%5D%207G%207b7%20Ab7%207bBZXyQ%7CG7XyQ%7CD-7XyQ%7CG7%20%20%20Z%3D%3D0%3D0
da331572-a342-497c-9ed4-65feca2fcdae,irealb://%47%65%67%65%6E%20%44%65%6E%20%52%65%73%74%20%28%47%69%67%29=%4B%61%72%70%61%74%65%6E%68%75%6E%64%20%28%47%65%72%6D%61%6E%20%53%6F%6E%67%29==%52%6F%63%6B%27%6E%27%52%6F%6C%6C=%42%62==%31%72%33%34%4C%62%4B%63%75%37%2D%47%5A%4C%62%34%3C%2A%36%33%3E%74%67%20%64%6E%61%20%65%63%69%6F%76%20%73%74%75%6A%20%65%6D%69%74%20%74%73%72%69%46%20%42%62%4C%5A%45%34%54%41%2A%7B%5D%2C%46%2C%62%2C%3C%2A%31%35%47%5A%4C%3E%38%20%20%35%20%20%32%31%2A%3C%45%62%5A%4C%62%42%6C%7C%2C%46%3E%38%20%2E%35%20%2D%4C%5A%73%45%62%45%73%5A%4C%43%20%33%36%2A%30%20%44%72%75%20%3E%35%38%35%20%35%38%35%20%20%51%79%58%30%39%2A%3C%78%5A%4C%62%42%6C%3E%6E%69%20%73%6D%7D%7B%2A%42%3C%36%2A%3C%5B%59%39%30%2A%3C%7D%20%22%75%77%75%78%33%36%30%2A%3C%2D%47%6C%7C%2C%41%2F%2D%2C%44%62%42%73%5A%4C%46%5A%4C%62%45%3E%22%75%77%3E%20%28%46%29%73%75%72%6F%68%42%6C%3E%73%65%37%36%35%3E%45%33%36%2A%3C%41%2A%7B%20%78%5A%4C%62%42%3E%D0%9F%D0%9F%D0%9F%D0%9F%33%36%2A%3C%7C%59%5A%4C%46%5A%4C%62%20%56%65%72%73%38%37%36%35%20%36%2A%3C%42%2A%4C%5A%47%2D%4C%5A%4C%62%42%6C%3E%D0%9F%D0%9F%D0%9F%D0%9F%20%30%36%2A%7D%3C%2C%46%3E%78%34%32%31%2A%3C%2C%62%45%73%5A%78%20%5D%59%7B%62%45%5A%4C%62%3C%7D%29%46%28%72%75%73%20%22%30%2A%3C%2D%47%6C%7C%2C%41%2F%2D%44%2C%62%73%42%5A%4C%46%5A%4C%62%45%3E%22%75%77%75%77%75%36%33%78%3E%20%6F%68%43%20%35%65%67%64%69%72%36%37%38%37%36%3C%43%2A%7B%59%5D%20%78%5A%4C%62%42%3E%D0%9F%D0%9F%D0%9F%D0%9F%30%36%2A%3C%5A%4C%46%5A%4C%62%45%3E%35%2A%36%33%20%42%35%20%39%30%2A%79%73%20%72%6F%61%72%65%3A%20%58%51%79%58%51%79%58%51%79%58%36%36%2A%3C%4C%5A%62%45%5A%4C%2D%47%5A%4C%44%3E%D0%9F%D0%9F%D0%9F%D0%9F%79%51%47%74%20%6E%73%20%31%20%44%3E%35%33%2D%65%6C%6F%64%79%20%38%2D%37%2D%36%2D%35%23%37%2D%33%33%30%3C%2A%43%2A%7D%20%3E%78%33%38%31%2A%3C%62%42%3E%20%34%2D%34%33%6D%20%68%74%6E%3E%73%70%61%6C%5A%73%45%62%2C%20%65%63%69%6F%76%20%74%73%75%4A%20%33%36%3C%2A%44%2A%5B%59%5D%20%46%6C%7C%2C%44%2F%62%42%61%6E%64%20%63%4C%2D%47%5A%4C%5D%20%78%5A%4C%45%62%4C%5A%47%6C%6F%73%20%65%72%6F%66%65%62%20%65%73%75%50%61%39%36%2A%3C%5B%2C%46%2C%62%45%73%5A%4C%2D%6F%3E%6C%42%62%5A%4C%62%42%6C%46%2C%62%45%73%7B%2A%44%3C%2A%6C%6C%69%54%39%30%2A%3C%5A%4C%2D%47%5A%4C%45%62%5A%4C%62%42%6C%3E%73%6F%6C%6F%53%20%36%36%20%63%75%65%3E%59%20%51%79%58%6F%68%43%20%35%39%50%61%75%73%7B%59%20%51%79%58%5D%20%78%5A%4C%62%42%6C%73%3E%75%72%6F%68%63%20%65%72%6F%66%65%62%20%65%2A%42%3C%2A%36%36%2A%3C%7D%2C%4C%46%5A%4C%62%75%77%75%77%75%28%20%3E%78%33%36%30%2A%3C%2D%47%6C%7C%2C%2F%41%2D%44%2C%62%42%73%5A%4C%46%20%62%45%3E%22%46%29%7D%51%45%22%20%73%75%72%2C%62%42%2C%62%44%2D%2F%41%2C%20%D0%9F%51%79%58%D0%9F%51%79%58%D0%9F%36%30%2A%3C%4C%5A%46%5A%4C%62%45%6C%59%7C%2C%46%2C%2D%47%7C%4C%5A%3E%73%42%2C%62%42%73%5A%7C%42%62%2C%66%55%42%62%5A%3C%2A%35%37%20%20%22%6E%69%74%63%68%73%3E%20%3C%2A%33%36%20%20%6B%61%6E%6E%20%75%6E%73%20%70%61%73%73%69%65%72%65%6E%22%3E%20=%50%6F%70%2D%52%6F%63%6B=%31%34%35=%31
da720ec6-2794-40d2-a0d8-8d4833ff065c,irealb://%30%34%20%28%31%37%2D%32%32%29%20%52%65%6C%61%74%69%76%65%20%4B%65%79%73%20%28%50%72%69%6D%61%72%79%20%43%68%6F%72%64%73%29%20%28%4F%6E%65%20%6F%6E%20%36%29=%47%75%72%75%4F%66%47%75%69%74%61%72%2E%63%6F%6D==%52%6F%63%6B=%43==%31%72%33%34%4C%62%4B%63%75%37%79%58%2D%41%7C%58%79%51%4B%63%4B%51%79%58%43%5A%4C%20%6C%63%4B%51%79%58%7C%47%5A%4C%20%6C%63%4B%51%79%58%46%5A%4C%20%6C%63%6C%20%4C%5A%43%34%34%54%5B%51%4B%63%6C%20%4C%5A%44%2D%58%79%51%4B%63%6C%20%4C%5A%45%2D%58%79%51%4B%63%6C%20%4C%5A%41%2D%58%79%51%4B%63%6C%20%20%7D%20=%50%6F%70%2D%52%6F%63%6B=%39%30=%31%36
dad78569-0eaa-4a44-b289-2df06c620538,irealb://%41%6D%61%6D%6F%73%20%54%75%20%50%72%65%73%65%6E%63%69%61=%4D%69%65%6C%20%53%61%6E%20%4D%61%72%63%6F%73==%47%6F%73%70%65%6C%20%42%61%6C%6C%61%64=%45==%31%72%33%34%4C%62%4B%63%75%37%65%75%63%6E%45%34%42%20%73%43%41%2A%7B%7D%20%20%3E%34%58%20%51%79%58%38%2A%34%3C%20%41%6C%7C%2C%23%47%2F%45%73%2C%2D%23%3C%2A%36%36%20%34%54%69%2A%7B%72%65%72%72%6F%73%61%6E%69%64%7B%7D%20%53%20%20%41%7C%51%79%58%42%7C%51%58%79%2D%23%43%7C%51%79%58%45%3E%2E%2E%2E%64%61%3C%2A%36%36%43%20%6F%72%74%6E%73%6F%6D%61%6D%68%61%63%69%61%3C%42%2A%7B%7D%51%79%58%41%6C%7C%2C%23%47%45%2F%2C%2D%23%43%73%20%42%3E%2E%2E%2E%69%74%20%2A%36%39%20%41%20%73%6F%6D%65%2A%3C%7C%51%79%72%65%73%65%6E%58%41%7C%51%79%58%42%5A%4C%2D%23%43%20%45%2E%3E%2E%2E%2E%53%4F%49%44%20%68%6F%20%61%69%63%79%51%7C%45%58%70%20%75%74%20%42%20%41%7C%51%61%6D%6F%73%20%2D%23%43%20%45%3E%2E%2E%2E%2E%53%4F%49%44%68%20%6F%20%61%69%63%6E%65%73%65%72%70%20%75%74%4C%5A%42%58%79%6D%41%20%39%36%4C%5A%46%23%2D%3C%2A%36%33%58%79%51%54%6F%20%41%2C%3E%20%20%53%3C%20%3E%20%5A%3C%20%3E%20=%4A%61%7A%7A%2D%42%61%6C%6C%61%64%20%45%76%65%6E=%36%30=%33
da7a25c4-935b-4aba-bc57-f42614a4e5cd,irealb://%4D%65%20%45%6E%74%72%65%67%6F%20%41%20%54%69=%41%6C%65%6A%61%6E%64%72%6F%20%44%65%6C%20%42%6F%73%71%75%65==%53%6C%6F%77%20%52%6F%63%6B=%42==%31%72%33%34%4C%62%4B%63%75%37%23%41%2F%23%46%34%42%58%79%51%41%2A%7C%7C%2C%23%46%2C%23%46%2F%45%20%23%7C%46%51%79%58%45%7C%51%79%58%23%41%2F%23%46%7C%42%58%79%51%7C%34%54%69%2A%5B%47%7C%51%79%58%58%79%51%7C%42%42%7C%51%79%58%45%7C%51%79%58%23%41%2F%23%7C%46%51%79%58%42%7C%2C%23%46%2C%23%46%2F%45%20%58%79%51%7C%45%45%7C%51%79%58%23%47%2F%45%20%7C%43%23%2D%20%2F%23%46%20%42%42%2A%7B%2C%23%41%2F%23%46%23%2C%47%2F%45%20%45%7C%51%79%58%23%46%5A%4C%45%41%23%4C%5A%45%51%79%58%2D%23%20%2D%23%43%7C%23%2C%7C%42%20%4C%23%41%2F%23%46%20%42%7C%2C%23%41%2F%23%2C%46%23%47%2F%45%20%45%5A%4C%2C%23%41%2F%23%46%5A%45%58%79%51%41%2F%23%46%2C%46%23%2F%41%23%4C%5A%4E%31%42%20%45%2F%47%23%2C%46%23%2F%41%23%2C%7D%7C%4E%32%42%58%79%51%5A%20=%50%6F%70%2D%53%6C%6F%77%20%52%6F%63%6B=%37%30=%31
dae73ea0-8a98-413e-b1ba-c4d9f77c24c7,irealb://%54%75%20%45%72%65%73%20%52%65%79=%52%61%6D%6F%73%20%4A%61%63%6F%62%6F==%50%6F%70%20%52%6F%63%6B=%47==%31%72%33%34%4C%62%4B%63%75%37%20%43%5A%4C%44%34%47%28%46%23%28%20%29%23%46%28%20%29%44%28%20%29%47%28%7C%43%29%23%46%28%20%29%44%28%44%29%47%28%20%29%45%29%7C%47%20%34%54%69%2A%7B%2E%2E%2E%79%65%79%51%20%20%58%65%20%75%54%20%2C%79%65%52%20%73%65%72%65%75%20%54%20%39%36%2A%3C%42%2A%7C%7D%20%20%3E%34%72%65%73%20%52%58%36%36%2A%3C%20%39%36%2A%3C%5A%43%58%79%51%79%58%43%5A%4C%44%20%2D%45%7C%51%79%58%43%4C%5A%44%20%47%7C%51%79%58%43%5A%4C%44%20%47%7C%51%7C%7B%2A%41%4C%44%20%47%3E%79%58%43%5A%4C%61%73%6F%6D%62%7C%51%79%58%43%5A%4C%44%20%47%7C%51%79%58%5A%43%4C%44%20%47%3E%20%2E%2E%2E%73%61%73%6F%72%7C%45%2D%20%44%20%6E%61%75%43%3E%20%2E%2E%2E%44%4C%5A%43%58%20%73%75%74%20%6E%6F%73%20%65%64%6E%61%72%20%67%65%75%71%72%6F%50%39%36%2A%3C%7C%7D%51%79%6F%62%72%61%73%20%2D%45%7C%51%62%65%64%20%79%43%58%79%51%7C%69%74%20%61%6C%20%79%20%6F%6C%65%69%63%20%45%6C%39%36%2A%3C%7C%51%79%58%43%5A%4C%44%20%47%65%72%72%61%20%5A%4C%44%20%47%42%20%6F%54%20%65%20%65%6C%6C%20%43%5A%4C%44%20%47%6C%7C%2C%43%2C%44%2C%45%2D%2C%23%46%2F%44%2C%47%73%3E%20%2E%2E%2E%61%3C%2A%34%38%20%64%20%6F%6A%61%3E%20%20%7D%20=%50%6F%70%2D%52%6F%63%6B=%31%31%35=%31
da9d8e62-8b1c-4e5c-918c-38dfb762f11a,irealb://%45%6E%20%45%73%74%6F%20%43%72%65%6F=%48%69%6C%6C%73%6F%6E%67==%50%6F%70%20%42%61%6C%6C%61%64=%43==%31%72%33%34%4C%62%4B%63%75%37%43%20%20%47%7C%34%46%20%20%41%46%41%2A%7B%7C%2C%45%2F%43%20%20%47%7C%2C%41%2D%20%20%46%7C%2C%45%2F%43%20%20%47%7C%2C%2D%20%20%41%2D%2C%34%54%69%2A%5B%46%7C%51%79%58%58%79%51%7C%4E%20%20%46%7C%2C%2D%44%20%20%43%42%2A%7B%2C%20%47%20%47%32%4E%7C%7D%2C%45%2F%43%20%20%47%31%47%2C%7C%41%2D%46%7C%2C%45%2F%51%79%58%43%3E%20%20%44%2D%2C%2C%47%20%3E%6E%69%20%6F%54%51%79%58%39%36%3C%2A%46%7C%51%79%58%2D%41%7C%2C%47%20%20%46%7C%51%20%7D%3C%20%43%7C%51%79%58%7D%51%79%58%43%41%2D%4C%5A%47%7C%51%79%58%47%7C%51%79%58%46%5A%4C%45%2F%20%43%47%5A%4C%2D%41%20%46%7C%5A%4C%45%2F%43%20%43%58%79%51%7C%20%46%43%2A%7B%7B%51%41%2D%58%79%51%7C%46%20%47%20%7D%7C%43%58%79%51%5A%7C%20==%30=%30
dacb628e-e077-47ed-9a13-a74483ec35d9,irealb://%41%6C%67%6F%20%45%73%74%61%20%43%61%79%65%6E%64%6F%20%41%71%75%69=%54%72%61%64%69%74%69%6F%6E%61%6C==%42%61%6C%6C%61%64%20%45%76%65%6E=%44=%30=%31%72%33%34%4C%62%4B%63%75%37%7B%7D%20%41%20%34%44%58%79%51%41%7C%51%79%58%2D%45%7C%51%79%58%2D%42%7C%79%51%58%44%7C%51%79%58%41%7C%51%79%58%2D%45%7C%58%79%51%7C%44%34%54%41%2A%7B%41%20%6F%54%33%51%7C%44%58%79%7C%7D%20%51%20%20%41%7C%51%79%58%47%7C%51%58%79%2D%45%7C%51%79%58%41%7C%51%79%58%41%7C%51%44%20%3C%2A%36%79%58%44%42%2A%3E%20%20%5A%7B%51%42%2D%20%41%4C%5A%47%20%41%20%7D%47%20%47%2D%4C%5A%44%58%79%51%5A%20=%4A%61%7A%7A%2D%42%61%6C%6C%61%64%20%45%76%65%6E=%36%30=%33
dac04271-d18c-4bdd-be4e-2e73c4f50c98,"irealb://%43%65%72%63%61%20%44%65%20%54%69%20(%41%62%72%69%72%65%20%4C%61%73%20%50%75%65%72%74%61%73)=%43%6F%6D%70%6F%73%65%72%20%55%6E%6B%6E%6F%77%6E==%4D%65%64%69%75%6D%20%53%77%69%6E%67=%43==%31%72%33%34%4C%62%4B%63%75%37%58%47%5A%4C%43%34%43,%2A%41%44%7C%51%79%58%46%5A%4C%47%20,%2A%6D%2A%5A%41%4C%45%20,%2A%6D%69%64%2A%42%7C%51%79%58%2A%6D%2A,%20%34%54%69%2A%5B%32%4E%7C%7D%20%43%4C%5A%47%58%4E%5A%4C,%2A%6D%2A%45%20%43%5A%4C%47%20%5A%46%4C,%2A%6D%2A%45%20%43%42%2A%7B%5D%51%79%31%46%20%47,%20%44%7C%51%79%46%58%79%51%7C%44%58%79%51%7C%47%58%79%51%7C%44%2A%6D%2A,%58%79%51%7C%47%20%46%4C%5A%43%20%20%3C%2A%37%31%54%6F%20%41%3E%20%7C%20=%4A%61%7A%7A%2D%4D%65%64%69%75%6D%20%53%77%69%6E%67=%31%30%30=%33"
da6668e4-832d-4dcd-b2be-8fcf213e17e3,"irealb://%53%6F%6D%6F%73%20%45%6C%20%50%75%65%62%6C%6F%20%44%65%20%44%49%4F%53%20%31=%43%6F%6D%70%6F%73%65%72%20%55%6E%6B%6E%6F%77%6E==%52%6F%63%6B=%43==%31%72%33%34%4C%62%4B%63%75%37%79%58%47%7C%51%54%34%34%43%58%79%58%2D%44%7C%51%79%58%2D%44%7C%51%79%58%41%2D%7C%51%79%58%2D%41%7C%51%79%58%43%7C%51%79%51%7C%47%58%79,%69%2A,%7B%51%79%58%47%7C%41,%43%58%79%7C%51%79%58%46%7C%51%79%58%2D%44%7C%51%79%2D%58%41%7C%51%79%58%2D%41%7C%51%79%58%43%7C%51%42%62%58%79%51%2A,%7B%7D%51%58%43%7C%51%79%7C%43%58%79%51%58%2D%44%7C%51%79%58%2D%41%7C%51%79%58%43%51%7C%79%58%46%7C%51%79%58%46,%42%2A,%7B%7D%79%51%7C%47%58%51%79%58%43%7C%5A%4C,%51,%58%79%51%7C%46%79%58%47%7C%51%79%58%2D%44%7C%51%79%58%2D%7C%41%51%79%58%2D%45%7C%51%79%58%46%7C%51%79%58%51%7C%43%20%20%37%43%7C%51%79%43%58%79%51%7B,%51,%41%2D%58%79%51%7C%44%2D%58%79%51%7C%47%3C%2A%36%39%20%20%54%69%6C%6C%20%63%75%65%3E%58%79%51%7D%7C%43%20%20,%55,%20%5A%20=%50%6F%70%2D%52%6F%63%6B=%31%31%35=%31"
da9be885-3f66-4b72-a005-f9c4ab19848f,irealb://%4D%65%20%43%75%62%72%65%73=%50%6C%61%6E%65%74%73%68%61%6B%65%72%73==%50%6F%70%20%52%6F%63%6B=%42%62=%39=%31%72%33%34%4C%62%4B%63%75%37%64%6E%75%67%65%38%42%62%58%79%36%2A%3C%62%42%41%2A%7B%7D%51%79%58%62%45%51%7C%79%58%41%2F%2D%44%7C%51%79%58%62%42%7C%51%39%58%79%51%53%36%54%69%2A%7B%7C%51%79%58%62%72%6F%66%61%20)%46(%2D%47%7C%51%79%58)%46(%2D%47%51%7C%79%58%62%42%7C%51%79%58%3E%7E%2D%2D%2D%2D%58%79%51%7C%45%74%73%65%20%61%7C%51%79%58%2D%7D%7B%2A%42%3C%51%79%58%62%45%7C%51%79%58%62%45%3E%2E%2E%2E%2E%73%65%72%62%75%63%20%65%4D%20%20%39%36%2A(%46)%7C%47%20%46%20%2D%47%20%6F%54%20%39%7C%4E%31%45%62%43%7C%51%79%58%62%45%32%4E%7D%51%79%58%46%51%7C%79%58%62%42%7C%51%79%58%62%45%7C%51%79%58%2D%20%3C%2A%36%51%79%58%2D%47%45%3E%2E%2E%2E%7D%7C%42%62%58%C3%A9%75%71%20%61%74%72%6F%70%6D%20%6F%4E%20%31%20%37%2A%3C%43%2A%7B%51%79%58%62%42%7C%51%79%20%70%61%73%C3%B3%20%20%3E%6E%49%7C%51%79%58%62%45%62%58%79%51%20%3E%34%58%20%36%36%2A%3C%20)%41%2F%46%46(%7C%51%79%58)%62%42%2F%2D%47(%2D%47%7C%51%20%7D%7B%45%7C%51%79%58%62%45%62%20%3C%2A%36%39%20%20%54%6F%20%42%3E%20%20%7D%7B%51%42%62%58%79%51%7C%42%62%58%79%51%7C%44%2D%2F%41%58%79%51%7C%45%62%58%79%51%7D%20=%50%6F%70%2D%52%6F%63%6B=%31%31%35=%31
da2ce28e-5fc0-40c6-99a5-6e4a4a98fc40,irealb://%42%61%6E%61%20%62%69%72%61%7A%20%72%65%6E%6B%20%76%65%72%20=%53%C4%B1%6C%61==%70%6F%70=%44%2D==%31%72%33%34%4C%62%4B%63%75%37%4C%20%2D%44%20%34%20%44%2D%20%43%20%5A%4C%20%43%20%5A%4C%20%62%42%20%5A%20%4C%78%20%5A%4C%20%78%20%5A%4C%20%78%20%5A%4C%23%6F%20%4C%5A%34%54%69%2A%5B%20%5A%4C%20%37%20%4C%5A%20%44%4C%20%43%2F%2D%44%20%5A%4C%20%2D%44%20%41%7B%2A%5A%4C%51%79%58%5A%4C%20%78%20%5A%4C%20%2D%5A%20%42%62%5E%6F%23%43%20%5A%58%5A%4C%6F%23%47%2D%20%4C%5A%42%5A%4C%6F%23%43%20%2D%44%42%2A%7D%20%41%73%20%75%73%41%5A%4C%20%2D%44%20%5A%4C%20%41%20%62%2F%44%20%43%20%5A%4C%20%78%20%2D%44%32%4E%79%51%4C%5A%20%5A%4C%51%79%58%5A%4C%20%2D%44%20%31%4E%5A%20%4C%6F%23%43%20%5A%4C%20%43%20%5A%4C%20%62%42%58%79%51%4C%5A%58%7C%78%51%79%2D%47%20%5A%4C%20%78%20%4C%5A%4C%20%2D%47%20%7D%20%20%78%20%5A%4C%20%2D%20%41%5A%4C%20%78%20%5A%4C%20%2D%47%20%43%2A%7B%5A%20%42%62%20%5A%4C%6F%23%43%20%4C%5A%20%41%20%4C%5A%58%79%51%4C%5A%58%79%51%4C%5A%58%79%51%4C%5A%58%79%51%4C%5A%58%79%51%4C%5A%58%79%51%4C%5A%58%79%51%4C%5A%58%79%51%20%5A%20==%30=%30
da15d4f2-e042-4966-8801-88a7cc559ec1,irealb://%48%65%72%20%67%65%63%65=%20%4D%69%72%6B%65%6C%61%6D%20==%72%6F%63%6B%20=%41==%31%72%33%34%4C%62%4B%63%75%37%58%5A%4C%20%41%34%20%3C%2A%36%20%5A%4C%20%2D%42%20%5A%4C%20%6C%63%4B%73%73%75%44%20%41%3E%20%20%51%79%58%49%49%49%20%34%78%20%4C%5A%20%34%54%69%2A%5B%5A%4C%20%6C%63%79%51%4C%5A%58%20%41%20%41%2A%7B%5A%4C%51%79%58%5A%4C%51%58%79%5A%4C%51%79%58%5A%4C%51%79%58%5A%4C%51%79%44%73%75%73%4B%58%5A%4C%51%79%58%5A%4C%51%79%20%42%2D%20%4C%58%5A%4C%51%79%58%5A%4C%51%79%58%5A%4C%51%58%79%5A%4C%51%79%58%7C%7D%20%45%20%2D%23%46%5A%79%51%4C%5A%58%5A%4C%20%78%20%58%5A%4C%51%79%2A%42%20%42%2D%58%5A%4C%51%79%58%5A%4C%51%79%58%7D%20%41%45%20%5A%4C%20%2D%42%20%5A%4C%41%20%45%5A%4C%20%79%51%4C%5A%58%7B%5A%4C%51%79%58%5A%4C%51%79%79%51%4C%5A%58%58%5A%4C%51%79%58%5A%4C%51%79%58%5A%4C%51%58%79%5A%4C%51%79%58%5A%4C%51%79%58%5A%4C%51%79%79%51%4C%5A%58%58%5A%4C%51%79%79%51%4C%5A%58%79%51%4C%5A%58%79%51%4C%5A%58%79%51%4C%5A%58%79%51%4C%5A%58%79%51%20%5A%20==%30=%30
da32e1de-a2ff-4ec8-b711-f09c74617f3a,irealb://%41%6D%61%6E%64%61%27%73%20%52%65%65%6C=%53%6D%69%74%68%20%4B%65%6E%6E%79==%46%69%64%64%6C%65%20%54%75%6E%65=%47==%31%72%33%34%4C%62%4B%63%75%37%2A%47%20%2A%2A%34%47%2A%2A%58%2A%2A%47%5A%4C%2A%2A%44%20%2D%45%7C%51%79%2A%58%2A%47%5A%4C%2A%2A%47%20%2A%2A%43%7C%51%79%58%79%51%7C%43%34%54%41%2A%7B%43%7C%51%79%58%58%79%51%7C%43%2A%2A%47%20%2A%2A%43%7C%51%79%58%2A%2A%44%2A%42%7B%59%7D%2C%2A%2A%47%2C%2A%2A%44%20%2A%2A%4C%5A%44%2A%2A%2D%41%5A%4C%2A%2A%2A%20%45%2D%4C%5A%44%2A%2A%58%79%51%7C%43%2A%2A%20%47%2A%2A%4C%5A%41%2D%58%79%51%7C%43%2A%2A%20%44%2A%2A%2C%47%2A%2A%7D%20==%31%30%30=%33
da6939fc-7d12-49a1-9940-e3c8968ca529,irealb://%50%61%64%64%79%20%4F%6E%20%54%68%65%20%54%75%72%6E%70%69%6B%65=%54%72%61%64%69%74%69%6F%6E%61%6C==%42%6C%75%65%67%72%61%73%73=%47==%31%72%33%34%4C%62%4B%63%75%37%47%42%2A%7B%7D%34%47%58%79%51%51%79%58%44%5A%4C%20%6C%63%4B%51%79%58%47%4C%5A%44%20%46%7C%51%79%58%46%5A%4C%20%6C%63%4B%7C%47%58%79%51%34%54%41%2A%7B%58%79%51%4B%63%6C%20%4C%5A%46%58%79%51%4B%63%6C%20%4C%5A%47%58%79%51%4B%63%6C%20%4C%5A%44%58%79%51%7C%47%58%79%51%7D%20==%30=%30
da4833e0-ff7d-4b78-9ddf-c975fab47130,irealb://%39=%2D==%4D%65%64%69%75%6D%20%53%77%69%6E%67=%43==%31%72%33%34%4C%62%4B%63%75%37%51%79%58%39%46%51%4B%63%6C%20%20%5A%4C%20%78%20%5A%4C%20%6C%63%4B%51%79%39%58%43%7B%7D%20%20%78%20%5A%4C%20%78%20%5A%4C%78%20%20%7D%7B%79%58%39%47%7B%20%6C%63%4B%51%5A%20%78%20%4C%7B%7D%20%20%78%20%5A%4C%20%78%20%5A%4C%20%63%6C%4B%51%79%58%39%62%42%7B%7D%20%20%78%20%5A%45%62%39%58%79%4C%20%6C%63%4B%78%20%5A%4C%20%4C%5A%20%78%20%58%39%62%44%7B%7D%20%20%78%20%5A%4C%20%78%5A%20%4C%20%6C%63%4B%51%79%58%39%62%41%7B%7D%20%79%51%4B%63%6C%20%78%20%5A%4C%78%20%5A%4C%20%20%20%7D%7B%46%6C%63%4B%51%79%58%39%42%7B%7D%20%20%78%20%4C%5A%20%78%20%5A%4C%20%6C%63%4B%51%79%58%39%23%20%4C%5A%20%78%78%20%5A%4C%20%39%44%7B%7D%20%39%58%79%51%4B%20%78%20%5A%4C%20%6C%63%4B%51%79%58%39%41%7D%7B%20%20%78%20%5A%4C%20%78%20%5A%4C%20%6C%63%4C%5A%20%78%20%45%7B%7D%20%20%58%79%51%4B%63%6C%20%4C%5A%20%78%20%4C%5A%20%78%20%20%7D%20==%30=%30
dae7c87d-5f3c-462d-a080-f8b12d792e51,irealb://%4D%79%20%57%61%79%20%28%42%65%6C%6F%66%66%20%61%72%72%2E%29=%4A%61%63%71%75%65%73%20%52%65%76%61%75%78%2C%20%43%6C%61%75%64%65%20%46%72%61%6E%63%6F%69%73%2C%20%47%69%6C%6C%65%73%20%54%68%69%62%61%75%6C%74%2C%20%50%61%75%6C%20%41%6E%6B%61==%42%61%6C%6C%61%64=%43==%31%72%33%34%4C%62%4B%63%75%37%51%79%58%2C%36%34%43%58%79%51%58%2C%2D%45%7C%51%79%58%43%41%2A%7B%5D%51%58%79%43%7C%51%79%58%36%46%7C%51%79%58%37%47%7C%79%51%7C%47%2D%34%54%69%2A%5B%51%79%58%46%7C%51%7C%44%2D%58%7C%51%79%58%2C%43%7C%51%79%58%2C%43%7C%51%58%79%2C%37%47%7C%51%79%58%2C%37%2D%44%7C%51%79%43%37%58%79%51%79%58%37%41%7C%7C%51%79%58%46%51%7C%43%2C%58%43%7C%51%79%58%2C%43%42%2A%5B%7D%51%79%58%7C%43%51%79%58%36%46%7C%51%79%58%37%47%7C%51%79%37%58%79%51%7C%79%58%2D%46%7C%7C%51%79%58%36%44%2D%37%58%79%37%47%7C%51%79%58%37%2D%44%7C%51%79%58%2D%7C%41%51%79%58%37%2D%45%7C%51%79%58%37%47%7C%51%58%79%51%7C%46%7C%51%79%58%70%5A%4C%46%5A%4C%5B%2A%41%43%4C%5A%4C%43%5A%4C%37%47%5A%4C%37%2D%44%5A%4C%44%2D%5A%4C%37%41%5A%4C%36%2D%47%5A%4C%2D%45%5A%43%4C%5A%43%37%5D%51%79%58%43%41%5A%4C%37%2D%4C%5A%47%37%4C%5A%4C%37%2D%44%5A%4C%70%5A%4C%46%5A%4C%37%5A%43%4C%43%42%2A%5B%5D%20%2C%43%5A%4C%36%46%5A%47%37%4C%5A%45%43%5A%4C%2D%46%2D%4C%5A%44%2D%37%4C%5A%47%37%4C%5A%46%36%4C%5A%43%20%5A%20=%4A%61%7A%7A%2D%42%61%6C%6C%61%64%20%53%77%69%6E%67=%38%30=%31
da4b08c1-79db-4fc3-b88b-a9d1c49a3558,irealb://%45%73%74%61%6D%6F%73%20%44%65%20%50%C3%A9=%2E==%4D%69%6E%69%73%74%C3%A9%72%69%6F%20%4C%69%76%72%65=%43=%39=%31%72%33%34%4C%62%4B%63%75%37%5D%51%79%58%78%34%43%58%79%51%46%7C%51%79%58%78%7C%51%79%58%39%62%42%7C%79%51%58%78%7C%51%79%58%2D%47%7C%51%79%58%78%7C%5E%58%79%51%7C%34%54%69%2A%5B%58%43%42%2A%7B%79%51%7C%78%58%7C%51%79%58%43%7C%51%79%58%78%7C%51%79%58%46%5E%7C%51%79%58%78%7C%51%79%58%2D%41%7C%51%79%78%58%79%51%7D%58%43%41%2A%7B%42%32%4E%5B%7D%79%51%7C%47%58%51%79%58%5E%46%5A%4C%45%2F%43%20%2D%44%7C%79%51%58%2D%44%31%4E%5B%7C%51%79%58%78%7C%51%79%7C%78%58%79%51%58%78%7C%51%79%47%7C%51%79%58%46%5E%58%79%51%43%43%2A%7B%5D%51%79%58%78%3E%41%20%6F%61%61%20%74%6C%6F%56%51%79%58%3C%7C%51%79%58%43%7C%58%79%51%7C%78%7C%51%79%58%62%7B%20%51%79%58%78%58%79%51%7C%58%51%79%58%51%79%58%7D%51%79%58%78%7C%51%58%79%5E%46%7C%51%79%58%78%7C%51%79%58%39%62%42%79%51%58%79%51%7C%51%79%58%2D%51%79%58%2D%41%65%75%20%61%6C%7C%51%79%58%42%2F%47%7C%51%79%58%78%7C%51%58%79%43%3E%20%6F%74%73%69%72%43%20%C3%A9%20%6F%76%78%58%79%51%7C%4D%39%36%2A%3C%7C%78%58%79%51%7C%46%5E%58%79%51%7C%78%20%20%20%7D==%30=%30
daad1ea6-d336-4563-baf2-87c1c8b37d6c,irealb://%4F%20%41%72%20%51%75%65%20%45%75%20%52%65%73%70%69%72%6F=%2E==%4D%69%6E%69%73%74%C3%A9%72%69%6F%20%4C%69%76%72%65=%43==%31%72%33%34%4C%62%4B%63%75%37%58%41%7C%51%79%34%41%58%79%51%7C%51%79%58%41%41%2A%7B%7D%51%79%58%2A%34%41%2A%7C%51%79%58%41%7C%51%79%58%2A%34%2A%41%7C%41%2A%34%2A%58%34%54%69%2A%7B%52%36%36%2A%3C%34%2A%58%79%51%2A%34%2A%45%5A%4C%2D%23%46%20%5E%44%5A%4C%2F%45%41%20%2D%23%46%5A%4C%62%41%2F%45%20%41%7C%20%45%20%7D%7B%2A%41%7C%51%79%20%2A%34%2A%45%3E%41%20%45%2F%6E%69%20%61%74%6C%6F%56%3C%5A%4C%2D%23%46%5E%20%44%5A%4C%45%2F%41%20%2D%23%46%5A%4C%62%41%69%63%69%6F%3E%4F%C3%83%52%46%45%45%20%7D%7B%3C%2A%36%39%46%49%4E%41%4C%3E%44%5E%20%46%23%2D%4C%5A%45%2A%34%2A%20%45%20%7D%20==%30=%30
dacc6766-1c99-4a2d-b502-e98e7c302e58,irealb://%49%27%6C%6C%20%54%61%6B%65%20%52%6F%6D%61%6E%63%65%2D%52%65%76%20%4A%45=%4F%61%6B%6C%61%6E%64%20%42%65%6E==%4D%65%64%69%75%6D%20%53%77%69%6E%67=%46==%31%72%33%34%4C%62%4B%63%75%37%5A%4C%37%62%47%34%46%36%20%44%4C%37%62%41%20%37%2D%41%6C%5A%4C%6E%2C%74%61%6C%37%62%45%2C%37%2D%47%73%5A%4C%74%6C%61%37%5A%44%62%5E%20%34%54%41%2A%7B%58%51%79%58%7D%74%2C%20%44%37%6E%2C%37%47%7C%6E%2C%37%62%41%6E%2C%36%46%31%73%4E%5A%4C%37%62%47%20%37%47%5A%4C%2C%39%62%47%62%37%2C%6E%6C%61%37%41%7C%62%45%5A%4C%37%4E%32%6C%46%36%5A%4C%74%6C%61%37%44%20%37%2D%62%45%6C%42%5B%2A%5D%20%20%6E%2C%36%46%73%5A%4C%37%62%42%20%44%62%5E%20%45%5A%4C%20%51%79%6E%7C%2C%37%62%61%6C%74%4C%5A%6E%73%5A%4C%5E%45%20%5E%42%5A%4C%74%6C%61%43%37%20%37%2D%23%43%5A%4C%36%62%44%20%5E%62%44%41%37%2C%6E%41%37%44%20%37%2D%62%44%5A%4C%37%62%37%2C%5D%5B%41%6C%5A%4C%6E%2C%74%6C%61%37%62%45%2C%37%47%2D%73%5A%4C%74%6C%61%37%44%20%36%46%6C%41%2A%2D%37%20%41%62%47%6E%2C%37%47%6E%7C%2C%43%2F%47%62%37%4C%5A%43%2F%36%46%6E%73%5A%4C%51%2C%37%62%47%20%47%37%5A%4C%2C%39%62%37%44%20%2C%74%6C%61%37%41%2C%6E%41%62%37%20%2A%31%5E%2A%6E%2C%31%31%23%6E%47%62%37%2C%2C%37%2D%47%7C%6E%2C%37%62%41%6E%2C%37%2D%7C%41%6E%2C%37%2D%62%42%6E%2C%68%42%73%51%5B%5D%6E%47%62%5E%37%2C%43%2F%37%47%7C%55%6C%46%5E%37%23%31%31%58%79%51%5A%20=%4A%61%7A%7A%2D%4D%65%64%69%75%6D%20%53%77%69%6E%67=%31%36%30=%33
da2f8db1-24d4-4c84-9d24-d5b213abb8fc,irealb://%4C%69%74%74%6C%65%20%4C%61%6D%62%2D%52%65%76%20%4A%45%20%31=%53%74%79%6E%65%20%4A%75%6C%65==%42%61%6C%6C%61%64=%46==%31%72%33%34%4C%62%4B%63%75%37%46%5A%4C%37%43%34%46%5E%58%79%7C%2C%37%62%41%73%20%20%5E%46%5A%4C%37%43%37%20%2D%47%7C%51%79%58%39%62%33%31%62%41%7C%51%6C%47%2D%37%20%34%54%41%2A%7B%7C%51%79%58%51%33%4C%5A%73%41%51%79%58%7D%39%43%73%20%20%5E%46%6C%31%4E%2C%7C%37%62%47%2C%35%23%37%47%2C%37%62%41%2C%68%58%79%51%58%79%31%62%42%20%5E%62%42%2F%57%2C%20%46%37%23%35%2D%47%5A%4C%31%31%23%33%31%62%41%20%37%2D%5A%41%4C%33%31%62%42%20%5E%62%42%42%2A%5B%5D%20%37%20%73%43%37%5E%46%6C%32%4E%5A%4C%31%31%23%2C%44%2D%37%2F%37%2D%41%6C%7C%2C%37%62%45%2C%37%2D%62%42%20%73%5E%62%42%6C%7C%2C%37%46%2C%37%2D%43%2C%41%20%41%62%31%33%37%2D%41%7C%2C%46%5A%4C%37%43%62%31%33%62%39%51%79%58%39%62%33%31%62%41%7C%51%79%58%5E%41%46%2A%5B%5D%20%39%62%37%43%20%33%31%47%5A%4C%7C%47%2D%37%20%41%20%37%2D%47%20%5E%46%6C%7C%62%37%2C%7C%6C%2C%35%23%37%47%2C%37%62%41%2C%68%41%73%5A%33%4C%31%62%42%20%5E%46%5A%4C%37%43%20%37%2D%47%51%47%62%37%2C%41%73%20%20%5E%58%5E%46%6C%3E%5D%5B%51%6C%46%55%7C%2C%37%62%47%2C%35%23%37%47%2C%37%62%2C%41%68%41%7C%2C%36%2D%62%42%2C%68%42%73%20%5E%3C%46%49%4E%45%2C%39%43%73%20%79%51%5A%20=%4A%61%7A%7A%2D%42%61%6C%6C%61%64%20%4D%65%6C%6F%64%69%63=%31%30%30=%33
da03a13d-7603-4123-817e-ab211bb082e1,irealb://%54%77%65%6E%74%79%2D%46%6F%75%72=%45%6E%67%65%6C%62%61%63%68%20%4A%65%72%72%79==%2D%2D%52%65%61%64=%43==%31%72%33%34%4C%62%4B%63%75%37%46%7C%51%79%58%5E%58%79%51%7C%58%37%23%46%7C%51%79%58%5E%43%7C%51%79%58%47%37%7C%51%79%58%5E%62%44%7C%51%79%58%37%62%41%79%51%7C%42%5E%44%34%34%54%5B%7C%51%79%58%5E%42%62%5E%58%79%37%44%7C%51%79%58%5E%62%41%7C%51%79%58%37%45%62%7C%51%79%58%5E%41%7C%51%79%58%37%45%7C%51%58%79%51%7C%47%7C%51%79%58%37%79%58%5E%62%45%51%7C%47%62%5E%62%42%7C%51%79%58%5E%45%7C%51%79%58%37%42%51%7C%79%58%5E%46%7C%51%79%58%37%43%7C%51%79%58%37%58%79%51%7C%79%58%37%62%44%51%7C%41%37%20%20%51%20%5D%7C%55%51%3C%46%49%4E%45%3E%41%62%5E%37%23%31%31%58%79%51%5A%20==%31%38%30=%36
daa9caf8-56b9-4302-8200-a63a4ef0334c,irealb://%44%6F%20%54%68%65%20%52%69%67%68%74%20%54%68%69%6E%67=%50%65%74%65%72%20%4D%69%74%63%68%65%6C%6C%2C%20%54%65%72%72%79%20%46%6F%67%67%2C%20%61%6E%64%20%50%65%74%65%72%20%42%61%69%6C%65%79==%52%6F%63%6B=%41==%31%72%33%34%4C%62%4B%63%75%37%7C%51%79%58%45%34%41%58%79%51%7C%51%79%58%45%7C%51%79%58%41%41%2A%7B%59%51%5D%79%58%45%7C%51%79%58%44%7C%51%79%58%45%7C%44%58%79%51%7C%34%54%69%2A%5B%45%7C%51%79%58%45%37%58%79%51%45%7C%51%79%58%41%7C%51%79%58%45%7C%51%79%44%58%42%2A%59%7C%51%79%58%78%7C%51%79%58%78%7C%58%79%51%7C%44%7C%51%79%58%41%4C%2C%37%2D%23%41%58%79%51%7C%46%43%2A%5B%59%5A%4C%20%51%79%58%51%79%58%51%7D%79%58%37%45%7C%51%79%58%44%7C%51%79%58%45%23%2D%2C%20%46%7C%51%79%58%37%47%7C%51%79%58%41%2C%4C%5A%78%78%5A%4C%2C%41%20%2C%2D%42%5A%4C%2C%37%2D%46%23%20%2C%2D%23%46%7C%51%79%58%45%7C%51%79%58%58%79%51%7C%45%20%2C%2D%42%5A%58%37%47%7C%51%58%79%51%58%79%79%58%47%7C%51%79%58%46%7C%51%79%58%47%7C%79%51%58%43%44%2A%7B%59%59%51%79%58%51%79%58%51%51%7C%43%58%79%7C%51%79%58%37%79%51%7C%43%58%79%51%7C%47%58%79%51%7C%46%58%79%51%7C%47%58%79%51%7B%43%58%79%51%7C%47%58%79%51%7C%46%58%79%51%7C%47%37%58%79%51%7D%7C%20==%30=%30
daf024e3-cf63-4c90-92d1-33821ada2d13,irealb://%41%20%4C%6F%76%65%20%4F%66%20%59%6F%75%72%20%4F%77%6E%20%2D%20%41%76%65%72%61%67%65%20%57%68%69%74%65%20%42%61%6E%64=%48%61%6D%69%73%68%20%53%74%75%61%72%74%20%2D%20%4E%65%64%20%44%6F%68%65%6E%79==%50%6F%70%20%42%61%6C%6C%61%64=%46%23%2D==%31%72%33%34%4C%62%4B%63%75%37%20%51%79%58%5D%34%46%23%2D%37%73%20%20%37%2D%23%47%5A%4C%2C%37%2D%23%46%7C%6C%2C%39%2D%23%43%73%20%20%37%2D%23%47%5A%4C%43%23%2D%39%2C%34%54%69%2A%5B%47%6C%32%4E%20%23%2D%37%2C%7C%43%73%20%20%37%2D%23%47%31%4E%5A%4C%2C%37%23%2D%46%7C%2C%39%2D%23%43%73%20%20%37%2D%23%47%23%2D%39%2C%7D%46%41%2A%7B%59%42%7C%2C%37%2D%79%51%5D%5B%2A%45%73%20%20%37%2D%42%7C%2C%37%2D%41%7C%2C%31%33%45%73%20%20%37%2D%42%7C%2C%37%2D%41%73%42%31%33%2C%7C%41%58%2C%37%2D%23%73%20%78%61%53%45%31%33%2C%7C%51%79%58%51%79%58%51%79%58%6C%5D%20%23%43%37%2F%5E%42%5A%4C%37%2D%42%20%2C%37%2D%41%6C%20%6C%20%59%5B%3C%73%20%20%37%2D%59%51%79%58%51%46%23%2D%37%2C%2D%23%43%73%20%20%37%2D%23%47%7C%2C%37%2D%46%23%7C%2C%39%2D%23%43%73%20%20%37%2D%23%47%7C%39%2C%5D%58%79%73%3E%6F%6C%6F%23%47%6C%32%4E%2D%37%2C%7C%47%23%43%73%20%20%37%2D%23%47%31%4E%5A%4C%2C%2D%37%23%46%7C%2C%39%2D%23%43%73%20%20%37%2D%23%2D%39%2C%7D%20%23%46%41%2A%7B%2D%42%7C%2C%37%51%5D%5B%2A%42%31%45%73%20%20%37%2D%42%7C%2C%37%2D%41%7C%33%2C%31%45%73%20%20%37%2D%42%7C%2C%37%2D%41%73%33%2C%7C%41%2D%79%58%2C%37%2D%70%75%3C%41%2A%31%33%2C%7C%20%51%79%58%51%79%58%44%2F%37%5E%43%5A%4C%23%2F%43%37%5E%42%5A%4C%37%2D%42%20%2C%37%2D%41%6C%58%79%51%59%7B%45%73%20%20%37%37%2D%47%7C%2C%6C%66%2D%73%74%20%37%2D%41%7C%2C%37%2D%47%73%3E%29%65%64%66%61%20%6F%74%20%62%69%6C%20%64%61%28%20%70%65%20%73%44%2D%39%61%68%20%61%20%2C%4C%5A%4E%31%41%2D%37%20%20%3C%58%36%3E%73%44%2D%39%2C%7D%20%2C%55%2C%4E%32%6C%41%2D%37%2C%20%20%3C%20%3E%20%5D%20=%50%6F%70%2D%53%6D%6F%6F%74%68=%37%30=%30
da090505-e9d2-43ab-b78a-c4c87a7119e7,irealb://%46%61%6C%73%61%20%43%6F%6E%73%69%64%65%72%61%C3%A7%C3%A3%6F%20%2D%20%41%42%20%41%42%42=%53%61%74%C3%A2%20%4D%61%72%71%75%69%6E%68%6F%73==%53%61%6D%62%61=%44==%31%72%33%34%4C%62%4B%63%75%37%72%70%20%C3%AA%63%34%34%3C%2A%37%71%20%72%6F%6D%61%20%6F%20%65%75%71%2E%2E%69%2E%65%73%20%75%65%20%61%72%6F%67%41%20%20%34%75%65%20%76%6F%54%41%2A%7B%59%51%79%58%5D%51%75%3E%44%58%79%51%79%58%37%42%7C%51%79%58%2D%41%7C%51%79%78%58%7C%51%79%58%2D%23%46%7C%51%79%58%78%7C%51%7C%45%2D%58%79%65%74%65%6D%6F%20%2C%46%7C%51%58%79%51%7C%41%79%58%37%41%7C%51%79%58%2D%45%7C%51%79%58%42%37%7C%51%79%58%2D%23%46%7C%51%79%58%47%2F%37%51%7C%43%58%79%47%31%4E%5B%20%51%2C%47%3E%6F%7D%59%59%5B%2A%20%6F%64%20%61%72%6F%68%20%61%6E%2E%2E%2E%61%69%20%45%20%20%51%79%58%36%35%2A%3C%32%4E%42%73%75%66%6F%63%20%35%23%37%41%5B%20%51%79%58%37%2F%47%58%79%20%2D%41%7C%51%79%58%37%41%7C%51%79%58%2D%7C%45%51%79%58%37%42%7C%51%79%58%2D%23%46%7C%51%44%37%2C%20%5D%41%7C%51%79%58%41%7C%51%79%58%79%51%20%45%20%58%37%42%7C%51%79%58%2D%23%46%7C%51%79%58%2F%47%37%41%7C%51%79%58%47%3E%20%2E%2E%2E%69%61%79%51%7C%45%2D%58%36%36%2A%3C%7D%20%2C%37%44%4E%31%44%20%41%51%79%58%51%79%58%51%79%58%51%79%58%5A%20%65%3E%6E%69%46%20%6C%61%20%2E%43%2E%44%3C%2C%37%7C%4E%32%44%20%7C%51%79%58%37%58%79%51%58%79%51%58%79%51%58%79%51%7C%4E%33%44%2C%66%58%79%51%5A%20=%4C%61%74%69%6E%2D%42%72%61%7A%69%6C%3A%20%53%61%6D%62%61=%32%30%30=%33
da073352-88d3-4417-8424-3192e8bb1bd3,irealb://%4D%61%6C%61%6E%64%72%6F%20%53%6F%75%20%45%75=%53%6F%6D%62%72%69%6E%68%61%20%65%20%41%72%6C%69%6E%64%6F%20%43%72%75%7A==%53%61%6D%62%61=%47=%39=%31%72%33%34%4C%62%4B%63%75%37%37%44%20%47%5A%20%41%2D%4C%5A%41%7C%51%79%58%37%41%5A%4C%37%45%20%2D%41%4C%5A%37%45%20%31%31%2D%42%5A%4C%37%45%20%5E%46%2D%20%44%37%4C%37%45%69%2A%5B%2C%47%3E%2E%2E%20%59%5B%2A%41%75%65%73%20%2C%6F%74%6E%61%73%20%75%65%74%61%20%72%75%67%65%53%20%20%32%37%2A%3C%34%34%54%20%6D%6F%C3%A7%6F%51%79%58%5D%20%44%28%70%7C%70%37%58%79%51%7C%28%70%7C%70%2C%37%45%73%20%47%5A%4C%6F%23%20%43%43%5A%4C%37%47%20%2D%44%7C%51%79%58%2D%45%41%2D%29%20%20%42%7C%51%79%58%41%7C%51%79%58%37%20%5D%59%7B%58%37%42%7C%51%79%58%47%3E%2E%2E%75%6F%73%65%20%75%71%20%6F%72%64%6E%61%6C%61%4D%3C%42%2A%79%51%7C%45%37%44%6C%20%29%37%5A%4C%37%44%20%43%20%43%23%6F%4C%20%51%79%58%51%79%58%7D%51%79%58%37%44%51%7C%79%58%2D%41%31%4E%5A%4C%37%45%20%47%5A%4C%5A%4E%32%41%2D%7C%51%79%58%2D%45%20%29%2D%42%20%5D%7B%3C%56%37%23%46%28%6F%23%43%20%43%3E%2E%2E%C3%AD%61%72%20%6F%70%20%75%6F%76%20%75%65%20%2E%2E%75%6F%29%4C%5A%47%28%2C%37%47%20%47%2C%37%47%20%47%2D%20%44%37%2C%37%44%20%2D%41%5A%4C%2C%37%45%20%47%5A%4C%6F%2C%23%43%20%43%5A%4C%2C%37%47%20%2D%44%5A%4C%2C%4C%5A%4E%31%41%5A%4C%2C%37%20%7D%58%79%51%58%79%51%58%79%51%58%79%51%7C%4E%32%3C%44%2E%43%2E%20%61%6C%20%46%69%6E%65%3E%47%20%44%37%2C%20%5A%20=%4C%61%74%69%6E%2D%42%72%61%7A%69%6C%3A%20%53%61%6D%62%61=%32%30%30=%30
da63eda0-9990-413d-85cb-fc1fdbc257d1,irealb://%4C%61%20%46%6F%6C%6C%65%20%31=%46%65%72%72%65%74%20%50%69%65%72%72%65%20%27%42%61%72%6F%27==%47%79%70%73%79%20%57%61%6C%74%7A=%46==%31%72%33%34%4C%62%4B%63%75%37%4C%46%5A%4C%62%54%33%34%3C%41%5A%4C%62%42%5A%4C%2D%41%5A%4C%20%7C%72%20%4C%5A%20%7C%72%20%5A%4C%78%5A%4C%46%3E%41%42%42%47%2D%4C%5A%47%2C%41%2A%2C%5B%5A%4C%37%44%5A%73%46%2C%6E%2C%62%45%5A%4C%46%5A%4C%20%7C%72%20%5A%4C%78%4C%5A%46%7C%5A%4C%78%5A%4C%46%5A%4C%6E%6C%2C%7C%37%4C%5A%78%4C%2C%5A%4C%45%5A%3C%7C%2C%6E%2C%62%37%4C%5A%78%45%5A%4C%46%5A%4C%36%2D%62%42%5A%4C%62%42%4C%5A%2D%41%5A%4C%46%5A%4C%78%5A%4C%37%43%5A%4C%4C%5A%2C%73%46%44%5A%4C%37%44%5A%4C%20%7C%72%2C%6C%6E%20%5D%4C%37%44%5A%4C%20%7C%72%20%5A%4C%78%5A%4C%41%37%34%33%54%2C%42%2A%2C%7B%51%79%58%51%79%58%5A%78%4C%5A%20%3E%65%6E%69%46%37%68%23%43%5A%62%37%4C%5A%47%47%5A%4C%78%5A%4C%37%2D%44%5A%4C%78%5A%4C%47%37%5A%4C%37%62%41%5A%4C%43%5A%4C%78%5A%4C%37%37%4C%5A%78%4C%47%5A%4C%37%47%79%58%51%79%58%44%2D%4C%5A%78%78%31%4E%5A%4C%43%5A%4C%37%47%5A%4C%37%44%4C%5A%37%41%5A%4C%43%5A%4C%2D%46%5A%4C%46%5A%4C%20%7D%58%79%51%5A%4C%78%5A%4C%51%58%79%51%20%4C%5A%4E%32%3C%44%2E%43%2E%20%61%6C%20%46%69%6E%65%3E%43%37%20%5D%20==%30=%30
da17bb3b-6e5a-4cbc-887e-09b7d1da1b99,irealb://%4C%65%73%20%44%65%75%78%20%47%75%69%74%61%72%65%73%20%32=%54%72%61%64%2D%46%65%72%72%65%74==%4D%65%64%69%75%6D%20%53%77%69%6E%67=%44%2D==%31%72%33%34%4C%62%4B%63%75%37%79%58%2D%44%7C%2D%58%79%51%7C%7C%51%79%58%2D%44%7C%51%79%58%2D%47%7C%51%58%79%2D%44%7C%51%79%58%37%41%7C%51%79%58%2D%44%41%37%58%79%51%47%34%34%54%5B%51%5A%20==%30=%30
da06db69-4df4-4ae7-a4eb-a482e062aee3,irealb://%53%65%75%6C%28%65%29%20%43%65%20%53%6F%69%72=%44%75%72%61%6E%64%2D%43%61%73%61%6E%6F%76%61%2D%47%72%6F%73%6A%65%61%6E==%53%6C%6F%77%20%53%77%69%6E%67=%47==%31%72%33%34%4C%62%4B%63%75%37%51%79%58%37%45%34%47%58%79%51%2D%42%5A%4C%20%6C%63%4B%51%79%58%47%5A%4C%6C%20%63%4B%51%79%58%37%23%46%5A%4C%20%6C%63%4B%37%58%79%51%7C%34%54%41%2A%5B%20%37%2D%41%5A%79%51%7C%44%37%42%2F%47%5A%4C%20%6C%63%4B%51%79%58%37%23%7C%46%51%79%58%2D%45%7C%51%79%58%47%7C%51%79%58%20%42%62%6F%4C%58%2D%41%7C%7C%37%45%7C%51%79%5D%5B%2A%42%47%4C%20%6C%63%4B%51%79%58%47%5A%4C%20%6C%63%51%4B%79%58%37%23%46%5A%4C%20%6C%63%4B%51%79%58%5A%42%2D%37%58%20%35%62%37%44%41%5A%4C%37%23%41%2D%58%79%51%79%58%37%44%7C%51%79%58%2D%41%7C%51%79%58%45%37%7C%51%79%58%2D%42%5A%4C%37%46%20%2D%43%7C%51%7C%47%20%44%7C%7C%51%79%58%2D%37%20%44%37%20%5A%20==%30=%30
dab19d5a-ffe5-4293-957e-36c2b9bdb7cd,irealb://%53%77%69%6E%67%20%44%65%20%50%61%72%69%73=%52%65%69%6E%68%61%72%64%74%20%44%6A%61%6E%67%6F==%4D%65%64%69%75%6D%20%53%77%69%6E%67=%43==%31%72%33%34%4C%62%4B%63%75%37%79%58%7C%78%51%34%3C%20%41%41%79%58%7C%72%51%79%58%5A%4C%62%41%2F%2D%46%41%20%2F%46%5A%4C%62%42%2F%37%43%20%43%3E%41%42%51%4C%5A%58%79%34%54%41%2A%7B%41%42%2A%5B%5D%46%2D%4C%5A%55%32%4E%7C%59%51%79%58%51%79%58%51%79%58%51%58%79%7D%20%37%47%3E%65%6E%69%46%3C%20%43%31%4E%43%20%45%37%20%20%43%5A%4C%51%65%6E%69%46%20%2D%20%45%37%4C%2E%44%3C%5A%4C%62%41%20%41%5A%4C%51%79%58%72%7C%51%79%58%5A%4C%51%79%58%7C%72%51%79%58%5A%43%2E%20%61%6C%42%7C%51%79%58%3E%47%37%58%79%51%5D%20==%30=%30
da78a413-4b44-441e-9851-9ad2e97abcd6,irealb://%50%61%74%63%68%69%65%6E%61%20%31=%52%6F%73%65%6E%62%65%72%67%2D%53%74%65%69%6E%62%61%63%68==%42%61%6C%6C%61%64=%47==%31%72%33%34%4C%62%4B%63%75%37%7C%51%79%58%37%34%3C%20%41%41%37%5E%47%5A%4C%20%6C%63%4B%51%79%58%37%23%5A%46%4C%20%6C%63%4B%51%79%58%37%5E%47%3E%42%42%58%79%51%7C%41%34%54%41%2A{%58%51%79%58}%51%7C%47%5E%37%37%23%46%31%4E%7C%51%79%58%2D%42%7C%51%79%37%58%23%46%7C%51%79%58%68%62%44%7C%7C%51%79%58%23%39%58%79%51%79%58%37%5E%44%68%62%44%7C%51%58%79%51%7C%4E%7C%51%79%58%37%5E%44%7C%51%79%58%37%41%7C%79%51%58%37%2D%45%42%2A{]%51%79%58%37%42%32%47%5E%37%58%79%51%79%58%51%79%58%79%51%7C%46%23%37%58%79%51%7C%42%2D%58%79%51%7C%4E%31%42%37%58%79%51}%58%79%51%58%79%51%58%79%51%58%79%51%7C%4E%32%46%23%37%58%79%51%5A%20==%30=%30
da042be5-2cb3-4252-b7e9-c82891a2e6ca,irealb://%48%6F%73%6F%75%72%65%20%4E%61%77%61%73%65%73%68%67%61%72%61%74=%4E%65%77%20%4C%69%66%65%20%43%68%75%72%63%68==%4D%65%64%69%75%6D%20%53%77%69%6E%67=%43==%31%72%33%34%4C%62%4B%63%75%37%20%78%34%3C%42%34%4E%32%3C%4D%79%58%23%46%7C%51%79%58%45%5A%4C%2D%62%45%2D%20%23%47%5A%4C%23%46%20%42%3E%79%64%6F%6C%65%51%7D%59%7B%2A%34%54%41%2A%7B%3E%73%75%72%6F%3E%42%58%79%51%3C%43%2A%7B%59%7D%51%79%58%2A%34%73%75%73%23%2A%46%7C%51%79%58%45%7C%51%79%58%2D%23%47%7C%32%78%20%43%68%65%73%72%65%56%42%20%47%23%2D%4C%5A%45%20%46%23%4C%5A%42%20%47%23%2D%4C%5A%45%20%46%23%4C%5A%47%23%2D%20%45%2C%46%23%2C%7C%42%58%79%51%7D%20==%30=%30
da3b3e89-8368-4825-8a98-b8e2d376d11d,irealb://%41%64%6F%72%65%6D%6F%73=%4A%65%73%75%73%20%57%6F%72%73%68%69%70%20%43%65%6E%74%65%72==%42%61%6C%6C%61%64=%45=%37=%31%72%33%34%4C%62%4B%63%75%37%20%20%42%7C%51%34%3C%2A%36%39%2E%2E%2E%73%6F%6E%61%6D%20%73%61%72%74%73%75%65%6E%20%73%6F%6D%65%74%6E%61%76%65%4C%20%20%2E%3E%45%58%79%34%54%41%2A%7B%3C%42%2A%7B%7D%7C%43%23%2D%58%4C%42%20%2D%23%46%5A%4C%23%47%2F%45%20%41%4C%5A%42%20%2D%23%43%7C%7C%51%79%58%42%7C%51%79%5A%45%58%79%51%2C%43%2F%23%47%20%65%75%51%32%64%6F%72%65%6D%51%79%58%42%7C%51%79%58%45%7C%51%79%58%2D%43%23%7C%51%79%58%41%3E%20%2E%2E%2E%2E%2E%73%6F%7D%7B%3C%2A%37%41%20%36%36%2A%79%58%51%79%58%64%61%2E%2E%2E%7C%51%79%58%45%7B%7D%20%20%3E%43%20%6F%54%30%20%36%2A%3C%20%42%5A%4C%41%20%2D%23%46%3E%2E%42%3C%2A%35%37%69%76%20%75%73%51%79%58%41%7C%41%20%3E%58%79%2F%45%7C%51%79%58%41%3E%73%65%79%65%72%20%64%65%20%79%65%52%20%34%37%2A%3C%43%2A%7B%7D%51%47%23%58%79%51%20%6F%54%20%51%7C%43%23%2D%20%3C%2A%36%30%20%54%6F%20%42%3E%20%20%7D%20=%4A%61%7A%7A%2D%42%61%6C%6C%61%64%20%53%77%69%6E%67=%36%30=%33
da4d0f7f-a31e-4a54-921e-2f626d88d2fa,irealb://%44%6F%20%4C%6F%72%64%20%28%42%65%6C%6F%66%66%27%73%20%41%72%72%2E%29=%54%72%61%64%69%74%69%6F%6E%61%6C==%57%69%74%68%20%53%70%69%72%69%74=%47==%31%72%33%34%4C%62%4B%63%75%37%47%5A%4C%70%5A%34%20%6E%20%4C%5A%4C%37%47%5A%4C%70%5A%4C%70%5A%4C%47%41%5B%2A%20%20%51%79%58%51%79%58%5D%20%20%6E%20%5A%43%4C%5A%70%4C%34%54%69%2A%5B%4C%70%5A%4C%43%70%4C%5A%42%37%4C%70%5A%4C%70%5A%4C%47%42%2A%5B%5D%20%70%4C%5A%47%5A%4C%37%44%5A%4C%47%5A%4C%2D%45%5A%4C%5A%47%37%4C%5A%5A%4C%47%5A%4C%44%5A%4C%47%3E%4C%5A%47%4C%5A%38%36%2A%3C%51%5B%5D%20%70%5A%4C%47%5A%4C%44%37%5A%4C%47%5A%4C%2D%45%5A%4C%37%42%5A%4C%70%58%79%51%20%20%47%5A%4C%70%5A%6E%75%66%20%79%5A%6E%4C%5A%47%20%73%69%20%73%69%68%54%20%20%51%79%58%34%2A%35%3C%5A%20%70%55%5A%4C%47%5A%4C%37%44%5A%4C%61%20%76%65%72%4C%47%5A%4C%37%63%61%65%20%73%65%20%74%6F%20%63%20%68%63%69%68%77%36%32%2A%3C%20%3E%2C%6E%67%6F%73%20%73%69%68%74%20%6E%6F%20%65%73%75%68%61%6E%67%65%6C%79%74%73%20%4A%20%20%51%79%65%20%74%68%65%51%79%58%51%79%58%51%79%58%51%79%58%51%79%3E%58%3A%73%74%61%65%70%65%72%20%67%6E%6F%73%20%3C%2A%35%34%58%6D%69%74%20%68%62%61%20%65%74%61%6C%6C%61%64%2A%3C%20%3E%32%33%31%20%6D%70%62%20%2F%6C%65%65%46%20%65%6D%69%54%20%65%6C%62%75%6F%44%20%33%33%5B%4E%6F%42%2D%7A%7A%61%42%20%74%61%68%72%6F%6D%20%62%20%6C%6C%E2%80%99%49%34%37%2A%3C%20%51%79%58%51%58%79%51%79%58%51%79%58%51%79%58%3E%20%20%5D%23%61%64%64%20%74%66%20%65%76%6F%6C%75%65%73%2D%47%6F%73%70%65%6C%20%61%74%20%32%30%30%20%69%73%20%61%6C%73%6F%20%66%75%6E%2E%3E%20=%42%6C%75%65%73%2D%47%6F%73%70%65%6C=%30=%32
dad0f357-c62e-41e6-91b9-8e08edee1a64,irealb://%41%6C%61%62%61%20%28%50%72%61%69%73%65%20%54%68%65%20%4C%6F%72%64%29=%43%69%74%79%20%4D%61%76%65%72%69%63%6B==%57%6F%72%73%68%69%70=%43==%31%72%33%34%4C%62%4B%63%75%37%58%78%7C%51%79%34%43%58%79%51%58%43%2F%46%7C%51%79%58%43%2F%47%7C%51%79%78%58%7C%51%79%58%43%5A%4C%43%2F%2D%44%20%20%7C%79%51%7C%43%58%34%54%41%2A%7B%51%79%58%43%7C%42%47%73%75%73%64%61%46%7C%51%79%58%37%2D%41%43%2A%7B%20%51%20%79%58%51%79%58%5D%51%79%58%46%7C%51%79%58%64%39%58%79%51%2A%5B%7D%51%79%79%58%46%7C%51%58%79%51%7D%7B%79%58%78%7C%51%79%58%43%5A%4C%29%43%2F%2D%28%44%43%2F%46%20%20%7C%51%79%58%43%2C%41%2A%2C%51%7C%47%58%79%73%75%73%47%7C%58%43%2F%46%7C%51%7C%78%58%79%43%2A%2C%7B%20%20%51%79%58%51%79%58%5D%51%58%79%46%7C%51%79%58%73%75%73%47%42%2A%5B%7D%51%2C%43%58%79%51%79%58%43%7C%51%79%51%7C%47%2F%43%58%79%51%7C%46%2F%43%58%79%51%7D%7B%2C%2A%43%2C%46%58%79%51%7C%44%2D%37%58%79%51%7C%41%2D%37%58%79%51%7C%46%61%64%64%39%58%79%51%7D%20==%30=%30
dafec183-3a60-47a7-b553-80c795607a49,irealb://%41%6C%6C%20%53%68%65%20%57%61%6E%74%73%20%54%6F%20%44%6F%20%49%73%20%44%61%6E%63%65=%48%65%6E%6C%65%79%20%44%6F%6E==%4D%65%64%69%75%6D%20%52%6F%63%6B=%44==%31%72%33%34%4C%62%4B%63%75%37%20%43%20%2D%42%34%44%58%79%51%7C%51%79%58%44%7C%51%79%58%44%43%2A%7B%7D%43%20%20%2D%42%7C%51%79%58%47%7C%51%79%58%44%7C%47%58%79%51%7C%34%54%76%2A%7B%41%7C%51%79%58%53%61%78%20%73%46%7C%51%79%58%46%7C%51%79%58%44%7C%51%79%44%58%7C%51%79%58%46%7C%51%79%58%46%3E%6F%6C%6F%58%79%51%7C%41%3C%42%2A%5B%7D%58%79%51%5D%7B%2A%76%44%58%79%51%7C%44%58%79%51%7C%47%58%79%51%7C%42%2D%20%43%20%7D%20=%50%6F%70%2D%52%6F%63%6B=%31%31%35=%31
daa95fd4-c18d-48eb-af4e-05612080e73d,irealb://%4C%61%73%74%20%4F%6C%64%20%44%6F%6C%6C%61%72%20%2D%20%46%6C%69%6E%6E%65%72=%4D%6F%6E%72%6F%65%20%42%69%6C%6C==%50%6F%70%20%2D%20%42%6C%75%65%67%72%61%73%73=%41==%31%72%33%34%4C%62%4B%63%75%37%63%4B%51%79%58%58%79%51%4B%63%63%4B%51%79%58%45%5A%4C%20%6C%63%4B%51%79%41%58%5A%4C%20%78%20%5A%4C%20%78%20%5A%4C%20%6C%6C%20%4C%5A%41%41%34%34%54%5B%6C%20%4C%5A%20%78%20%4C%5A%46%23%2D%58%79%51%7C%41%58%79%51%7C%45%58%79%51%7C%41%58%79%51%4B%63%6C%20%20%5A%20==%30=%30
da0e3695-62a7-4c7f-8ea7-2c54cd85b55a,irealb://%42%75%66%66%79%20%54%68%65%20%56%61%6D%70%69%72%65%20%53%6C%61%79%65%72%20%54%68%65%6D%65=%43%68%61%72%6C%65%73%20%44%65%6E%6E%69%73%2D%50%61%72%72%79%20%47%72%69%70%70%2D%53%74%65%70%68%65%6E%20%53%68%65%72%6C%6F%63%6B==%46%61%73%74%20%50%75%6E%6B%20%52%6F%63%6B=%45==%31%72%33%34%4C%62%4B%63%75%37%47%5A%4C%78%5A%2A%37%32%58%79%78%5A%4C%2C%35%44%6C%7C%2C%35%47%2C%35%23%73%46%20%70%5A%4C%35%45%3E%30%37%31%51%79%58%51%4C%5A%45%35%4C%3C%34%34%54%5B%4C%35%44%5A%4C%4C%5A%42%2D%37%2D%42%5A%4C%32%47%5A%4C%32%47%5A%4C%78%5A%35%4C%45%5A%4C%78%5A%4C%35%44%5A%4C%78%5A%4C%2C%37%2C%4C%5A%78%32%47%5A%4C%32%5A%4C%35%47%5A%35%4C%5A%78%4C%78%5A%4C%35%41%5A%4C%78%5A%4C%35%44%5A%4C%5A%78%4C%2C%37%2D%42%5A%4C%32%47%5A%4C%32%47%5A%4C%5A%47%35%4C%45%5A%4C%78%5A%5A%4C%32%47%5A%78%4C%5A%45%35%45%5A%4C%78%5A%4C%35%44%5A%4C%37%2D%42%5A%37%4C%2D%42%5A%4C%78%5A%4C%32%47%5A%4C%78%5A%4C%35%4C%5A%78%4C%5A%4C%35%23%46%4C%78%5A%4C%35%37%4C%5A%42%2D%46%5A%4C%35%23%46%5A%4C%78%5A%4C%35%47%5A%78%4C%5A%4C%35%41%5A%4C%78%5A%4C%35%44%5A%4C%37%23%35%4C%5A%45%2D%42%5A%4C%78%5A%47%32%4C%5A%78%4C%5A%42%2D%37%4C%5A%78%4C%5A%44%35%4C%5A%44%35%4C%5A%44%23%35%4C%5A%78%4C%5A%45%35%4C%5A%78%4C%5A%78%4C%5A%78%4C%5A%55%45%35%20%5A%20=%50%6F%70%2D%52%6F%63%6B=%31%37%30=%30
da0438f3-291b-4a73-b2f7-e2069412afdd,irealb://%42%75%67%73%20%42%6F%77%65%72%20%44%75%65%74%20%33%35=%42%6F%77%65%72%20%42%75%67%73==%4D%65%64%69%75%6D%20%53%77%69%6E%67=%43==%31%72%33%34%4C%62%4B%63%75%37%44%20%36%43%5A%2D%37%20%47%37%36%46%5A%4C%37%6F%45%20%37%5E%43%5A%4C%37%42%6F%20%36%43%5A%4C%37%6F%62%45%20%36%43%5A%4C%20%42%62%37%4C%44%34%34%54%5B%43%5A%4C%37%62%44%2D%37%20%44%5A%4C%37%6F%62%45%20%36%43%5A%4C%37%47%20%2D%37%44%5A%4C%37%6F%62%44%20%36%43%5A%4C%37%62%44%2D%37%20%44%5A%4C%37%6F%62%39%43%20%37%2D%37%4C%5A%46%36%2C%36%43%7C%2C%37%62%44%2C%37%47%20%37%2D%5A%44%4C%37%6F%62%44%20%36%43%5A%4C%37%62%42%20%58%79%51%7C%47%6F%45%20%37%5E%37%2D%41%5A%4C%20%41%62%6F%37%37%5E%47%5A%4C%37%44%20%37%2D%41%7C%51%79%2C%58%37%5E%46%5A%4C%37%62%47%20%37%2D%47%5A%4C%20%42%62%6F%37%37%5E%46%5A%4C%5A%4C%37%6F%45%47%37%20%20%44%4C%37%62%44%20%37%2D%44%5A%4C%37%6F%62%45%36%20%43%5A%4C%37%47%20%37%2D%44%7C%2C%37%6F%62%5A%43%5E%37%20%5A%4C%37%44%20%46%36%20%42%62%37%4C%5A%43%36%20%44%62%6F%37%4C%5A%44%2D%37%20%47%37%4C%5A%66%43%36%58%79%51%5A%20=%4A%61%7A%7A%2D%4D%65%64%69%75%6D%20%53%77%69%6E%67=%31%30%30=%30
da2fc4d0-2f4c-4bd6-85b5-1088ffb507b5,irealb://%43%72%69%73%74%6F%20%59%6F%20%54%65%20%41%6D%6F=%4E%75%65%76%6F%20%56%69%6E%6F==%48%79%6D%6E=%44=%37=%31%72%33%34%4C%62%4B%63%75%37%2A%3C%7C%51%79%2C%58%79%51%7C%58%41%7C%51%79%58%37%2D%45%7C%51%79%58%37%42%2D%7C%51%79%58%2D%42%5A%4C%23%43%2F%41%20%20%79%51%7C%44%58%44%34%34%54%7B%2D%23%43%7C%51%28%41%75%67%29%5A%4C%23%44%2F%42%20%20%7C%51%79%58%2C%45%59%7B%59%7D%20%29%73%75%73%42%28%20%20%37%41%3E%43%23%2D%58%79%51%79%58%36%36%37%58%79%51%7C%46%23%2D%37%58%79%51%7C%42%58%79%51%7C%45%58%79%51%7C%42%37%58%79%51%7D%20=%4A%61%7A%7A%2D%4D%65%64%69%75%6D%20%53%77%69%6E%67=%31%30%30=%33
da5e245f-e5a7-47b5-997f-748eda49b63e,irealb://%4F%6C%27%20%35%35%20%2D%20%46%6C%69%6E%6E%65%72=%57%61%69%74%73%20%54%6F%6D==%50%6F%70%20%42%61%6C%6C%61%64=%41==%31%72%33%34%4C%62%4B%63%75%37%5D%51%79%58%45%34%41%58%79%51%7C%51%79%58%2D%23%43%7C%51%79%58%41%7C%51%58%79%41%5A%4C%45%20%44%7C%51%79%58%2D%23%43%7C%44%58%79%51%7C%34%54%41%2A%5B%45%7C%51%79%58%43%23%2D%4C%5A%45%7C%51%79%58%44%5A%4C%2D%23%43%20%41%5A%45%4C%20%44%5A%4C%2D%23%43%20%41%5A%4C%45%20%44%58%79%51%7C%41%20%41%42%2A%5B%58%79%51%7C%41%58%79%51%7C%45%58%79%51%7C%46%23%2D%58%79%51%7C%42%37%58%79%51%7C%45%58%79%51%4B%63%6C%20%20%5A%20==%39%32=%34
da252d67-82ca-42b3-9a1e-e792df859517,irealb://%43%6F%6E%63%65%72%74%6F%20%66%6F%72%20%43%6C%61%72%69%6E%65%74%2E%31=%4D%6F%7A%61%72%74==%4D%65%64%69%75%6D%20%53%77%69%6E%67=%42%62=%38=%31%72%33%34%4C%62%4B%63%75%37%2C%2A%6D%2A%43%62%58%79%51%7C%42%73%5A%4C%37%46%20%2C%46%2F%62%42%73%7C%79%51%58%62%45%2F%2A%6D%2A%43%7C%51%79%58%62%42%62%2F%44%2C%20%42%34%34%54%5B%58%62%42%7C%51%37%2F%41%2C%46%51%79%58%62%42%7C%2C%37%46%2C%46%2F%62%42%62%20%45%2F%2A%6D%2A%43%7C%2C%2A%6D%2A%47%20%37%7C%42%62%58%79%46%7C%2C%62%42%37%43%7C%51%79%6D%2A%2F%45%62%5A%4C%62%45%2F%46%20%47%2F%62%45%7C%51%79%37%58%46%5A%4C%37%46%20%46%2F%62%42%7C%51%79%58%42%62%2F%44%58%2A%43%7C%51%79%2F%45%20%20%46%2C%7C%42%62%20%45%62%4C%5A%42%62%2F%44%2C%47%2A%6D%2A%2C%45%62%36%2C%46%37%2C%7C%42%62%58%79%51%5A%20=%4A%61%7A%7A%2D%4C%6F%6E%67%20%4E%6F%74%65%73=%38%37=%31
da2aacc7-decc-407c-9560-d2d09a58d5a5,"irealb://%45%6E%20%54%75%20%50%72%65%73%65%6E%63%69%61%20%45%56%20%31=%45%6E%20%45%73%70%69%72%69%74%75%20%59%20%45%6E%20%56%65%72%64%61%64==%42%61%6C%6C%61%64%20%45%76%65%6E=%43=%32=%31%72%33%34%4C%62%4B%63%75%37%79%58%43%7C%51%38%43%58%79%51%79%58%46%7C%51%79%58%46%5A%4C%45%2F%43%20%2D%37%44%7C%51%79%58%37%2D%44%7C%51%79%58%43%7C%51%7C%43%58%79%36%54%41%2A%7B%58%46%7C%51%79%36%39%50%72%65%58%2D%41%7C%51%79%58%46%7C%51%79%58%46%7C%79%51%58%47%7C%51%79%58%2D%41%3E%6F%72%6F%63%20%79%51%7C%47%58%2A%3C%5B%7D%51%58%46%7C%51%79%47%20%5D%7B%2A%58%2D%41%7C%51%79%58,%42%2F%47%7C%51%79,%58%42%2F%47%7C%51%79%58%43%7C%51%79%58%43%42%79%51%7C%47%58%20%46%7C%51%79%7C%51%79%58%46%79%51%7D%7B%2A%7C%51%79%58%2D%41%7C%7D%20%2D%45%20%46%7C%79%51%58%46%7C%51%79%58%47%7C%51%79%58%2D%41%43%47%58%79%51%7C%58%46%7C%51%79%44%2D%58%79%51%7C%45%2D%58%79%51%7C%47%20%20%3C%2A%36%39%54%6F%20%42%3E%20%5A%20=%4A%61%7A%7A%2D%4D%65%64%69%75%6D%20%53%77%69%6E%67=%31%30%30=%33"
da7f3bc8-9aa3-45b7-b6a4-d97bf7b205ca,irealb://%52%65%79%20%56%65%6E%63%65%64%6F%72%20%28%41%6C%69%65%6E%74%6F%29=%52%69%76%65%72%61%20%45%64%77%61%72%64==%57%6F%72%73%68%69%70=%46==%31%72%33%34%4C%62%4B%63%75%37%44%7C%51%79%58%34%46%2C%2A%41%79%58%46%42%2A%7B%7D%51%79%58%62%42%7C%51%58%79%37%2D%44%7C%51%79%58%37%2D%47%7C%51%79%58%51%7C%47%2D%37%34%54%69%2A%7B%4C%29%73%75%73%7C%42%62%58%79%46%5A%4C%29%73%75%73%46%28%78%5A%4C%78%5A%29%4C%73%75%73%46%28%78%5A%4C%46%43%2A%7B%7D%51%4C%5A%78%28%46%51%79%58%37%2D%79%58%62%42%7C%28%46%73%75%73%44%7C%51%79%58%78%7C%51%79%58%73%75%73%43%51%7C%79%58%62%42%7C%51%79%58%41%2F%46%5A%4C%29%2D%37%58%79%51%78%5A%4C%78%5A%51%7C%46%58%79%51%7C%78%58%79%51%7D%20==%30=%30
dad2dfa5-7332-4b98-98c5-dbf0b72dccbc,"irealb://%4D%61%6A%6F%72,%20%44%69%61%74%6F%6E%69%63%20%37%74%68%20%43%68%6F%72%64%73,%20%43%79%63%6C%65%20%6F%66%20%46%6F%75%72%74%68%73,%20%46%6F%75%72%20%42%61%72%73%20%50%65%72%20%43%68%6F%72%64=%43%6F%73%6C%65%79%20%44%2E==%4D%65%64%69%75%6D%20%53%77%69%6E%67=%43==%31%72%33%34%4C%62%4B%63%75%37%2D%42%7C%51%79%5E%37%58%79%51%58%78%7C%51%79%58%78%7C%51%79%58%37%5E%46%51%7C%79%58%78%7C%51%79%58%78%7C%51%79%58%78%7C%79%51%7C%78%58%43%34%34%54%7C%51%79%58%37%2D%51%7C%78%58%79%78%7C%51%79%58%78%7C%51%79%58%78%7C%51%79%37%58%2D%45%7C%51%79%58%78%7C%51%79%58%78%7C%51%58%79%51%7C%41%79%58%35%62%37%78%7C%51%79%58%7C%78%58%79%51%37%47%7C%51%79%58%78%7C%51%79%58%78%7C%51%58%79%78%7C%51%79%58%37%2D%44%7C%51%79%58%78%7C%58%79%51%7C%78%51%79%58%78%7C%58%79%51%7C%78%58%79%51%5A%20=%4A%61%7A%7A%2D%4D%65%64%69%75%6D%20%53%77%69%6E%67=%31%32%30=%31%36"
dae73c55-3afb-473b-9f58-debdec39fc18,irealb://%55%6E%77%61%6E%74%65%64%20%4C%6F%76%65%20%2D%20%46%6C%69%6E%6E%65%72=%52%65%6E%6F%2C%20%53%6D%69%6C%65%79%2C%20%4C%65%66%74%77%69%63%68==%50%6F%70%20%2D%20%42%6C%75%65%67%72%61%73%73=%41=%31%31=%31%72%33%34%4C%62%4B%63%75%37%63%4B%51%79%58%58%79%51%4B%63%63%4B%51%79%58%41%5A%4C%20%6C%63%4B%51%79%45%58%5A%4C%20%6C%63%4B%51%79%58%44%5A%4C%20%6C%6C%20%4C%5A%41%41%34%34%54%5B%6C%20%4C%5A%44%58%79%51%4B%63%6C%20%4C%5A%45%58%79%51%4B%63%6C%20%4C%5A%41%58%79%51%4B%63%6C%20%20%5D%20==%30=%30
dafdc46e-b65d-4bcd-9cad-5bf507873042,irealb://%4D%79%20%53%77%65%65%74%20%4C%6F%76%65%20%41%69%6E%27%74%20%41%72%6F%75%6E%64%20%2D%20%46%6C%69%6E%6E%65%72=%57%69%6C%6C%69%61%6D%73%20%48%61%6E%6B==%50%6F%70%20%2D%20%43%6F%75%6E%74%72%79=%43==%31%72%33%34%4C%62%4B%63%75%37%63%4B%51%79%58%58%79%51%4B%63%20%5A%4C%20%78%20%5A%4C%20%6C%63%4B%51%79%43%58%5A%4C%20%78%20%5A%4C%20%78%20%5A%4C%20%6C%78%20%4C%5A%46%43%34%34%54%5B%6C%20%4C%5A%43%58%79%51%4B%63%6C%20%4C%5A%43%58%79%51%7C%43%20%47%4C%5A%43%58%79%51%4B%63%6C%20%20%5A%20==%30=%30
da134c14-1cdf-47d3-b6fe-e37ca1420d3c,irealb://%49%49%2D%56%2D%49%20%69%6E%20%61%6C%6C%20%4B%65%79%73=%45%78%65%72%63%69%73%65==%4D%65%64%69%75%6D%20%53%77%69%6E%67=%43==%31%72%33%34%4C%62%4B%63%75%37%63%4B%51%79%58%2D%37%58%79%51%79%58%37%43%7C%51%79%58%37%2D%47%5A%4C%20%63%6C%4B%51%79%58%37%5E%43%7C%51%79%58%37%47%7C%51%7C%46%5E%37%44%34%34%54%5B%58%37%5E%62%45%43%2D%37%58%79%62%42%7C%51%79%58%37%2D%46%5A%4C%20%6C%63%51%4B%79%58%37%5E%62%42%7C%51%79%58%37%46%7C%51%37%58%79%51%7C%7C%5A%4C%20%6C%51%79%58%37%62%20%4C%5A%42%62%37%2D%62%45%5A%4C%20%6C%63%4B%51%79%58%37%62%5E%41%7C%51%79%58%37%62%45%7C%51%79%58%37%2D%58%79%51%7C%41%6C%63%4B%51%79%51%79%58%37%2D%58%79%51%4B%63%6C%63%4B%51%79%58%37%5E%62%47%7C%51%79%58%62%37%44%7C%51%79%58%37%2D%62%41%7C%5A%4C%20%6C%20%4C%5A%43%23%37%5E%62%44%7C%58%37%2D%42%5A%79%51%7C%42%5E%51%79%58%37%5E%45%7C%51%79%58%37%42%7C%51%58%79%37%2D%23%46%5A%4C%20%6C%63%4B%51%79%58%37%4B%63%6C%20%4C%58%37%23%46%7C%58%37%2D%41%5A%58%79%51%7C%41%51%79%58%37%5E%44%7C%51%79%58%37%41%7C%51%58%79%37%2D%45%5A%4C%20%6C%63%4B%51%79%58%37%5E%4B%63%6C%20%4C%37%45%7C%51%79%79%51%7C%44%37%58%79%51%7C%47%5E%37%58%79%51%4B%63%6C%20%20%5A%20==%30=%30
da82ce7b-e7d1-48e5-83d2-ddd8d7c737aa,irealb://%49%63%68%20%42%65%74%65%20%41%6E%20%44%69%65%20%4D%61%63%68%74%20%44%65%72%20%4C%69%65%62%65=%42%6F%72%74%6A%61%6E%73%6B%69%20%44%6D%69%74%72%69==%4D%65%64%69%75%6D%20%53%77%69%6E%67=%43==%31%72%33%34%4C%62%4B%63%75%37%37%2D%44%5A%4C%20%44%2D%37%2C%45%2F%43%7C%51%79%58%46%7C%51%79%58%2D%41%4C%5A%68%23%47%20%46%7C%51%79%58%45%2F%43%5A%4C%2C%20%43%23%68%43%34%33%54%5B%7C%51%79%58%46%23%4C%5A%47%73%41%5A%4C%68%23%47%20%46%7C%51%79%58%45%2F%5A%43%4C%37%2D%44%20%43%5A%4C%42%2F%47%20%73%75%2D%58%79%51%7C%46%2F%37%44%20%20%46%7C%51%79%23%68%4C%5A%73%51%79%58%37%47%6C%5A%4C%20%37%47%2C%73%75%47%73%5A%4C%2C%23%46%2F%37%44%2C%68%45%2C%2D%44%7C%43%2F%45%58%43%20%45%2F%43%46%6C%5A%4C%36%5A%43%2F%47%20%2C%2D%44%73%5A%4C%68%23%43%20%2C%45%2F%43%5A%6C%4C%46%2C%2D%45%2C%2D%41%73%5A%4C%68%23%47%43%2F%45%2C%46%4C%23%46%2F%44%51%79%58%43%32%7C%59%73%47%73%79%58%51%79%58%7D%20%47%20%73%75%73%47%7C%79%51%58%2C%43%6C%31%4E%5A%4C%20%37%47%2C%73%75%51%20%4C%5A%4E%51%79%58%68%23%7C%43%58%79%51%5B%20==%30=%30
da9f3837-a2f9-4be6-ab99-087d9a148897,irealb://%54%65%6D%70%6C%6F%20%56%69%76%6F%20%28%4E%6F%76%61%29=%46%65%72%6E%61%6E%64%65%73%20%44%69%65%67%6F==%52%6F%63%6B=%44==%31%72%33%34%4C%62%4B%63%75%37%7C%51%79%58%2D%34%3C%2A%36%36%78%7C%51%79%58%44%3E%44%41%50%20%6D%65%42%61%20%6A%65%53%20%2D%20%6F%72%74%6E%49%51%79%58%58%79%51%7C%42%34%54%69%2A%7B%7C%51%79%58%2D%59%7B%2A%41%3C%41%7C%51%79%58%44%3E%2E%2E%2E%6F%64%6E%69%20%76%6D%65%62%20%61%6A%65%53%51%79%58%38%36%2A%58%79%51%7C%42%7D%51%79%58%47%51%79%58%41%7C%59%7C%2A%69%3C%6F%6E%61%69%50%20%65%73%61%72%46%20%2D%20%74%65%72%6F%66%20%6F%72%74%6E%49%20%20%39%36%2A%3E%44%58%79%51%7D%51%79%58%47%41%3E%2E%2E%2E%51%7C%47%58%79%36%36%2A%3C%42%2A%7B%59%51%79%58%51%79%58%79%51%58%51%79%58%5A%4C%51%79%58%41%2A%59%7C%51%58%79%51%41%68%79%58%2D%42%7C%6F%72%65%75%51%58%79%51%7C%45%2A%3C%43%2A%7B%59%7D%51%79%58%44%3E%6F%C3%A3%6E%C3%A7%65%76%6E%6F%43%32%37%2A%3C%5A%4C%41%20%2D%37%30%58%79%51%47%7C%51%79%58%45%7C%51%79%58%2E%2E%3E%44%20%44%7C%51%79%58%2D%42%76%2A%7B%59%7D%51%79%47%58%5A%4C%41%20%44%5A%4C%47%20%2D%42%5A%4C%41%58%79%51%7C%47%2E%72%65%73%20%20%75%65%74%20%59%7C%2A%41%58%36%36%2A%3C%44%2A%7B%59%20%51%79%58%5A%4C%79%51%58%43%2A%5A%4C%51%79%58%42%2A%5A%4C%51%79%58%79%51%44%6F%7D%51%79%58%2D%61%6D%6F%72%2E%2E%2E%3E%44%20%41%4C%5A%47%58%79%51%7C%42%2D%20%41%4C%5A%3C%58%79%51%58%79%51%46%69%6E%61%6C%3E%42%2D%2C%41%2C%46%23%2C%47%7D%20==%30=%30
daa4d17d-7483-4367-913c-1f8bbfeb8be4,"irealb://%4C%65%73%20%47%72%65%6C%6F%74%73=%4C%6F%75%69%73%73%20%45%64%64%79==%4C%61%74%69%6E=%43%2D==%31%72%33%34%4C%62%4B%63%75%37%5B%7D%20%20%78%62%39,%58%79%20%5A%4C%20%6C%63%4B%51%79%58,%2D%43%5A%20%4C%78%20%5A%4C%20%78%20%5A%4C%20%6C%63%4B%51%78%20%4C%5A%20%37%47%41%2A%5B%7C%51%79%58,%39,%58%79%51%79%58,%35%23%2D%46%7C%51%79%58,%2D%46%4C%5A%20%78%20%5A%4C%20%78%20%5A%4C%20%6C%63%4B%51%7C%46%2D%36%62%37%43%42%2A%5A%4C%20%6C%63%58%79%51%7C%44%2D%43%5A%4C%20%6C%63%4B%51%79%58,%39%62%47%37%5A%4C%20%6C%63%4B%51%79%58,%35%62%37%2D,%58%79%51%4B,%35%23%2D%46%51%79%58,%39%20%78%20%20%7D%79%58,%37%46%6C%7C,%37%47,%37%62%41%70%70%73%7C%51%79%58,%37%47%3E%49%3C%43%2A%7B%51%7C%47%37%62%5A%4C%20%78%20%7C%55%43%2D,%58%79%51%4B%63%6C%20%4C%5A%20%78%20%4C%5A%20%78%20%20%7D%20=%4A%61%7A%7A%2D%4C%61%74%69%6E=%31%38%30=%35"
daae319c-7b62-494c-ba33-9fb876e8b3bc,irealb://%4D%61%6E%68%61%20%44%65%20%43%61%72%6E%61%76%61%6C%20(%42%6C%61%63%6B%20%4F%72%70%68%65%75%73)%20%31=%42%6F%6E%66%61%20%4C%75%69%7A==%42%6F%73%73%61%20%4E%6F%76%61=%41%2D==%31%72%33%34%4C%62%4B%63%75%37%37%47%20%37%2D%34%41%2D%58%79%2D%41%5A%4C%39%62%37%45%20%37%68%42%7C%51%58%79%2D%41%5A%4C%39%62%37%45%20%37%68%42%7C%51%58%79%51%7C%44%34%54%41%2A%5B%51%79%58%37%68%58%79%51%7C%41%37%5E%46%7C%51%79%58%37%5E%43%7C%51%79%58%47%37%7C%51%79%58%37%2D%44%7C%51%79%58%39%62%37%58%79%51%7C%42%37%5E%43%5A%4C%4B%51%79%58%2D%58%79%51%7C%41%37%45%20%37%68%42%7C%51%79%58%2D%41%42%2A%5D%5B%20%39%62%37%45%20%37%68%42%7C%51%79%58%2D%62%39%4C%5A%41%39%62%37%45%7C%2D%41%5A%4C%39%45%68%37%58%79%68%42%7C%51%79%58%37%2D%44%5A%4C%20%6C%63%51%4B%79%58%2D%44%7C%51%79%58%39%62%37%41%7C%51%37%20%45%37%62%5A%4C%20%6C%63%51%7C%59%5A%20%47%4C%5A%46%5E%37%68%42%5A%4C%51%20%20%2D%41%7C%51%79%58%62%39%37%45%7C%51%79%58%37%68%42%7C%51%79%58%37%20%45%37%62%39%2F%37%2D%41%20%41%2D%4C%5A%44%2D%37%20%41%2D%37%4C%5A%44%2D%37%20%41%2D%37%4C%5A%44%2D%37%20%45%2D%37%4C%5A%66%41%2D%20%5A%20=%4C%61%74%69%6E%2D%42%72%61%7A%69%6C%3A%20%42%6F%73%73%61%20%45%6C%65%63%74%72%69%63=%31%30%30=%32
dab1f8f3-f501-4504-b272-d525d8c457e6,irealb://%4D%61%79%20%49%20%43%6F%6D%65%20%49%6E=%4D%61%72%63%20%46%69%73%63%68%65%72%20%4A%61%63%6B%20%53%65%67%61%6C==%42%61%6C%6C%61%64=%42==%31%72%33%34%4C%62%4B%63%75%37%37%2D%23%43%5A%34%42%5E%37%20%37%2D%23%44%5A%4C%37%23%47%20%37%2D%23%44%4C%5A%37%5E%45%20%37%5E%42%5A%4C%35%23%37%23%46%20%47%23%37%4C%34%54%41%2A%7C%20%37%68%23%41%5A%43%23%2D%37%37%5E%45%7C%5D%20%37%42%20%37%2D%23%46%5A%35%4C%23%37%23%46%20%37%5E%42%5A%4C%37%23%46%20%20%42%37%4C%5A%4C%37%23%47%20%4C%37%23%47%20%47%23%2D%37%20%4C%37%23%41%20%37%42%7C%51%79%58%37%68%46%5A%7C%4C%37%23%44%20%37%2D%23%47%5A%4C%37%23%44%5A%44%23%2D%37%5A%4C%37%23%44%23%44%5A%4C%37%20%46%23%37%23%23%44%5A%4C%37%5E%45%20%37%5E%42%5A%4C%35%37%23%23%46%20%37%5E%42%2C%42%2A%2C%7C%5D%20%35%2D%37%20%47%23%37%2D%23%43%5A%79%58%37%2D%23%37%4C%5A%7C%43%37%23%47%7C%51%79%58%37%68%23%44%5A%4C%37%46%23%20%37%2D%23%43%5A%4C%37%23%47%20%37%2D%23%58%79%51%7C%43%23%47%20%37%2D%5A%4C%37%23%47%79%51%7C%73%42%5A%4C%37%23%47%20%2C%37%2D%23%44%6C%7C%2C%5E%37%45%2C%37%2D%23%44%2C%37%2D%23%43%2C%37%5E%43%23%2D%37%20%58%37%41%7C%51%43%23%2D%37%20%46%23%37%4C%5A%42%5E%37%58%79%51%4B%63%6C%20%20%5A%20==%30=%30
da1b66cf-6fea-48d1-95e3-173f08706fa9,irealb://%4E%69%67%68%74%20%57%65%20%4D%65%74%2C%20%54%68%65=%53%63%68%6E%65%69%64%65%72%20%42%65%6E==%4D%65%64%69%75%6D%20%43%6F%75%6E%74%72%79=%45%2D==%31%72%33%34%4C%62%4B%63%75%37%61%65%72%42%3C%38%3C%42%72%65%43%5A%4C%43%7C%2C%47%2C%2D%45%5A%4C%2C%2D%5A%45%4C%47%7C%2C%47%2C%44%5A%4C%2D%45%3E%6B%61%20%7D%5B%2A%41%36%54%69%2A%7B%7C%2C%2D%45%2C%5A%44%2C%47%2C%2C%47%2C%44%5A%4C%2D%45%5A%4C%43%5A%4C%43%2C%7C%47%2C%2D%45%7C%2C%2D%45%2C%47%5A%4C%47%7C%7C%47%4C%5A%47%4C%2D%45%3E%6B%2C%43%2C%47%5A%7C%43%4C%5A%43%43%5A%4C%43%7C%2C%47%2C%2D%45%7C%2C%2D%45%43%2C%5A%4C%43%7C%2C%43%2C%47%5A%4C%2D%45%5A%4C%4C%5A%45%2D%4C%2C%47%2C%2D%45%4C%43%7C%2C%43%2C%45%2D%2C%7C%45%5A%4C%47%5A%4C%47%7C%2C%47%2C%44%5A%4C%45%2D%42%2A%7B%20%43%5A%4C%43%7C%2C%47%2C%2D%45%2D%4C%5A%47%2C%43%5A%4C%43%7C%2C%44%5A%4C%2D%2A%43%3C%42%72%4C%43%7C%2C%47%2C%2D%45%7C%2C%2D%45%2C%47%4C%5A%47%7C%2C%47%2C%44%5A%4C%2D%45%3E%6B%61%65%5A%43%4C%5A%45%7C%7D%20%43%5A%7C%2C%43%2C%47%5A%47%2C%45%2D%4C%47%5A%4C%47%7C%2C%47%2C%44%5A%4C%2D%45%2A%42%7B%20%43%5A%4C%43%7C%2C%47%2C%2D%45%7C%2C%5A%45%2D%4C%5A%4C%47%7C%2C%47%43%4C%5A%43%20%7D%7B%54%36%38%3C%42%72%65%61%6B%3E%45%2D%4C%5A%44%2C%47%2C%7C%47%4C%5A%45%2D%2C%4C%5A%45%2D%2C%47%2C%7C%43%4C%5A%43%20%7D%20=%42%6C%75%65%73%2D%4D%6F%2D%53%6C%6F=%36%30=%31
da0ae666-273f-490b-9f7a-0749002cf185,irealb://%50%33%30%20%57%61%6C%6B%20%64%6F%6E%27%74%20%52%75%6E%20%28%52%6F%63%6B%29%20%43=%53%6D%69%74%68%20%4A%6F%68%6E%6E%79==%52%6F%63%6B=%43==%31%72%33%34%4C%62%4B%63%75%37%20%46%5A%4C%47%47%4C%5A%46%20%58%45%7C%51%79%58%43%7C%51%79%58%47%7C%51%58%79%43%5A%4C%47%20%46%5A%4C%47%20%41%5A%4C%45%79%51%7C%41%20%20%41%41%2A%7C%2A%6D%2A%41%5A%47%4C%5A%46%20%51%79%58%43%42%2A%5B%51%79%58%43%5A%4C%46%43%20%5A%4C%51%20%20%47%7C%51%79%58%43%5A%4C%47%4B%63%6C%20%4C%20%41%5A%4C%45%20%3C%2C%51%2C%6C%20%4C%5A%46%64%6F%43%20%6C%61%20%2E%43%2E%44%3C%20%20%7C%45%51%79%58%2D%41%7C%51%79%58%45%7C%51%79%58%61%3E%20%5D%7C%63%4B%51%79%58%3E%43%20%46%4C%5A%43%58%79%51%5A%20==%30=%30
da302a4e-bec2-4d2e-b07d-a3cec328f2c8,irealb://%53%74%75%64%79%20%23%34%32%41=%43%6F%6D%70%6F%73%65%72%20%55%6E%6B%6E%6F%77%6E==%4D%65%64%69%75%6D%20%53%77%69%6E%67=%46==%31%72%33%34%4C%62%4B%63%75%37%23%46%7C%51%79%58%79%51%7C%47%58%35%23%37%45%7C%51%79%58%46%5A%4C%37%43%37%20%2D%47%7C%51%79%58%46%5A%4C%37%43%20%37%2D%79%51%7C%46%58%46%32%32%54%5B%79%58%46%31%4E%47%2D%36%58%79%31%43%20%35%23%39%62%37%43%7C%51%79%58%37%47%2D%5A%4C%2C%51%2C%20%20%73%75%73%39%43%7C%51%33%62%39%4C%5A%7C%51%79%58%6F%43%5A%4C%37%62%58%79%51%7C%47%5A%4C%39%62%45%20%39%62%37%45%7C%51%79%58%32%46%4E%7C%7D%51%79%58%37%43%7C%51%79%58%37%2D%44%2D%37%20%44%37%2D%44%7C%51%39%62%37%43%20%4C%5A%5B%42%62%6F%62%41%20%37%2D%41%7C%51%79%58%36%2D%62%5A%42%4C%20%78%20%5A%4C%20%6C%63%4B%51%79%58%36%4C%5A%47%2D%37%39%42%20%37%2D%58%43%2F%37%2D%79%51%7C%45%68%39%47%7C%51%79%58%37%2D%44%7C%51%79%58%37%2D%5E%44%7C%51%79%58%2D%44%5A%4C%39%62%37%41%20%58%79%51%7C%47%58%36%46%5A%4C%58%51%79%58%51%20%4C%5A%43%37%51%79%58%5A%20%3E%61%64%6F%43%20%6C%61%20%43%2E%2E%44%3C%20%6C%63%4B%51%79%58%35%23%39%62%58%79%51%58%79%6C%63%4B%51%79%79%51%4C%5A%51%47%2D%20%47%2D%5E%37%4C%5A%43%39%73%75%73%20%43%37%62%39%4C%5A%46%58%79%51%7C%42%62%2D%36%58%79%51%7C%46%58%79%51%4B%63%6C%20%20%5A%20=%4A%61%7A%7A%2D%55%70%20%54%65%6D%70%6F%20%53%77%69%6E%67=%32%30%30=%31
da3a1672-d972-4c49-a681-729203a4726f,irealb://%54%68%69%73%20%69%73%20%66%6F%72%20%41%6C%62%65%72%74=%53%68%6F%72%74%65%72%20%57%61%79%6E%65==%4D%65%64%69%75%6D%20%55%70%20%53%77%69%6E%67=%47==%31%72%33%34%4C%62%4B%63%75%37%20%5E%62%42%5A%34%47%5E%58%79%2D%43%5A%4C%39%62%37%47%20%2D%44%7C%51%79%2D%58%41%7C%51%79%58%31%31%23%37%5E%62%41%7C%51%37%20%46%37%4C%34%54%41%2A%7B%79%58%39%23%37%45%62%4C%5A%4E%5E%62%41%32%4E%5A%4C%20%51%79%58%51%79%58%51%7D%79%58%39%23%37%44%7C%51%79%58%5E%62%41%31%58%79%51%7C%44%2F%37%2D%62%42%7C%51%79%58%33%41%62%2D%58%79%45%7C%51%79%58%37%2D%42%7C%51%79%58%78%7C%79%51%58%31%31%23%37%5E%47%7C%51%79%58%78%7C%51%37%62%39%62%31%42%2A%5B%5D%51%5A%4C%39%62%37%51%7C%44%37%62%51%79%58%2D%41%7C%51%79%58%31%31%23%37%5E%41%62%7C%51%79%58%5E%47%41%2A%5B%5D%51%79%58%39%7C%44%2D%20%47%79%58%37%2D%41%43%2D%37%20%46%37%4C%5A%42%62%5E%20%42%62%2D%37%2F%45%62%4C%5A%41%62%5E%58%79%51%7C%44%37%23%39%58%79%51%5A%20=%4A%61%7A%7A%2D%4D%65%64%69%75%6D%20%55%70%20%53%77%69%6E%67=%32%30%30=%39
dac586dc-fef5-4059-94e6-0bcc7a348cbb,irealb://%54%68%6F%75%67%68%74%73%20%41%6E%64%20%50%72%61%79%65%72%73%20%2D%20%41%20%43%6F%6C%6F%72%73%20%53%68%6F%77=%48%65%6E%73%68%61%77%20%53%61%6D%6D==%53%6F%75%6C=%46==%31%72%33%34%4C%62%4B%63%75%37%20%62%42%5A%4C%78%3E%46%20%46%4C%62%44%2F%6F%62%42%20%62%42%5A%4C%37%46%46%20%5A%4C%62%44%2F%2D%62%42%20%62%42%5A%4C%37%5A%46%20%46%37%34%3C%41%2A%7B%42%5A%4C%37%46%62%4C%5A%43%2D%5A%4C%51%79%58%51%79%58%51%79%58%51%79%58%79%51%58%7D%51%79%58%62%42%5A%4C%37%6F%43%20%37%2A%42%51%46%20%44%2F%2D%62%42%58%51%79%58%51%2F%44%62%4C%5A%62%44%2F%37%6F%62%42%20%62%42%3E%61%64%6F%20%43%6C%61%20%2E%43%2E%44%3C%5A%4C%37%46%20%46%2C%20%5D%58%79%2D%62%42%20%62%31%23%39%23%37%58%79%51%20%7B%58%78%7C%51%79%58%78%7C%51%79%58%78%7C%51%58%79%31%31%23%39%23%37%46%3E%78%33%3C%51%43%2A%79%51%7D%7C%46%51%79%58%51%79%31%58%79%51%7C%46%37%23%39%23%31%31%20%46%2D%2C%6E%5D%20==%30=%30
da59775d-7766-4703-b886-c5be0c042df5,irealb://%59%6F%75%20%42%6C%65%77%20%4F%75%74%20%54%68%65%20%46%6C%61%6D%65%20%49%6E%20%4D%79%20%48%65%61%72%74%20%31=%48%6F%64%67%65%73%20%4A%6F%68%6E%6E%79==%4D%65%64%69%75%6D%20%53%77%69%6E%67=%45%62==%31%72%33%34%4C%62%4B%63%75%37%2D%43%20%37%2D%34%45%62%5E%37%42%20%37%2D%46%5A%4C%37%6F%45%20%2C%37%5E%45%62%5A%4C%37%62%42%20%37%46%5A%4C%37%6F%45%20%62%37%4C%5A%47%34%54%41%2A%7B%20%37%2D%46%7C%37%20%42%62%37%62%45%5A%4C%37%62%42%20%37%2D%46%42%2A%5B%7D%59%20%20%6C%63%4B%51%79%58%37%5E%62%45%5A%4C%5E%37%58%79%51%2D%46%5A%4C%37%2A%5B%59%5D%20%45%62%5E%37%58%2D%46%5A%4C%37%23%46%20%37%2D%47%5A%4C%37%20%44%37%2D%41%5A%4C%37%43%20%37%2D%47%7C%51%79%37%20%42%62%37%5A%4C%37%62%42%2D%46%5A%4C%37%20%45%6F%37%4C%47%5A%4C%37%62%42%20%37%2D%46%5A%4C%37%6F%20%45%2C%37%5E%62%45%5A%4C%37%62%42%20%37%46%5A%2D%37%20%43%2D%37%5E%62%45%41%37%20%42%62%37%4C%5A%45%62%5E%37%58%79%51%4B%63%6C%20%20%5A%20=%4A%61%7A%7A%2D%4D%65%64%69%75%6D%20%53%77%69%6E%67=%31%32%34=%39
da270fee-2c5d-4a46-86ab-39efc10bff54,irealb://%C3%9C%73%6B%C3%BC%70%20%53%65%76%64%61%20%C5%9E%61%72%6B%C4%B1%73%C4%B1=%C4%B0%6E%63%65%73%61%7A==%32%20%20%33=%42%2D==%31%72%33%34%4C%62%4B%63%75%37%69%52%3C%7C%51%34%42%2D%39%20%7C%51%79%58%37%5E%44%5A%4C%39%62%37%41%20%75%73%73%37%41%7C%51%79%58%37%2D%45%5A%4C%37%42%47%5E%37%58%79%35%54%69%2A%5B%7C%51%79%58%37%2E%3E%45%2D%37%58%39%2D%42%41%2A%5B%5D%51%79%58%39%2D%42%51%7C%79%58%35%23%39%62%37%23%46%5A%4C%20%66%20%79%51%7C%46%23%2E%2E%2E%2E%74%2D%42%42%2A%7B%44%5E%37%58%79%5E%44%5A%4C%39%62%37%41%20%73%75%73%37%41%51%7C%79%58%37%2D%45%7C%51%79%58%39%2D%42%7C%51%37%58%79%51%7C%7C%51%79%58%47%51%79%58%37%5E%3C%2A%36%33%32%37%41%20%73%75%73%37%41%7C%51%79%58%37%2D%5A%45%4C%35%23%37%42%20%3E%65%6D%69%74%20%64%6E%62%39%4C%5A%44%29%37%42%28%39%7C%51%79%58%2D%79%51%7C%45%2D%6E%61%72%41%36%36%2A%3C%5B%7D%51%79%58%39%42%2D%7C%51%79%58%37%23%46%7C%51%79%58%47%2F%37%61%6D%65%3E%42%58%37%2D%45%7C%58%39%64%64%61%7C%47%5E%37%58%39%2D%42%43%2A%7B%5D%51%79%58%39%62%37%23%3E%46%2E%2E%2E%2E%2E%2E%2E%74%69%52%3C%7C%51%79%58%79%51%7C%41%51%79%58%2D%45%37%5E%44%5A%4C%37%58%79%51%7C%45%20%73%75%73%37%41%7C%51%79%58%47%2F%37%45%2D%7C%51%79%58%37%2D%45%7C%51%79%58%37%5E%44%62%37%23%31%31%6F%46%7C%51%79%62%37%41%20%73%2A%42%42%2D%39%51%79%58%37%2D%45%5A%4C%35%23%37%42%20%3E%6D%65%69%74%20%64%6E%32%33%36%2A%3C%29%37%42%28%7C%41%37%73%75%7B%7D%51%79%58%61%64%6F%43%20%37%58%79%51%7C%2E%44%3C%5A%4C%35%23%37%23%46%20%37%23%46%51%7C%79%58%47%2F%37%2D%45%7C%51%79%58%37%2D%45%43%2E%20%61%6C%5E%44%5A%4C%39%2E%2E%2E%2E%2E%20%2C%51%2C%20%2E%74%69%52%3C%20%37%23%46%7C%51%79%58%47%37%2F%2D%45%7C%51%79%58%37%2D%45%2C%51%2C%5B%7D%2E%2E%2E%2E%2E%20%39%2D%42%3E%2E%2E%2E%3E%46%23%37%23%35%4C%5A%42%2D%39%20%20%3C%46%69%6E%65%3E%20%5A%20==%30=%30
da5ed23e-630d-441e-b37d-14da74215948,irealb://%D0%97%D0%BD%D0%B0%D0%B5%D1%88%D1%8C%20%D0%BB%D0%B8%20%D1%82%D1%8B%3D%D0%9C%D0%B0%D0%BAS%D0%B8%D0%BC%3D%3DPop%20Ballad%3DC%23-%3D4%3D1r34LbKcu7%20-%23CA72%20%20kX%5D%207%23GZLAZL%20%7CrZ%20LBZLA%3Eylno%20syeyQ%20%5B**%3Ci*%5BA%20-%23CZ%20r%7C%20XQyXQyXQyX%5D%20BZALZL-%23CZL%2CB%20%2CAZLyQ%5B*BLBZLA%5DQyXn%23-LZ%20%20bDZLB%20-bEZL-b%20BbDZLB%20-bEZL%20%7CrBb-LZG%20BZL%7D%20bDZ69%20%20bbEZLbD%20%2CBZL%20%7CrZ%20LbDZLB%20-bE%3Essa-LZBL*%3CA*%7BZL-C%20QXyQXD%20-FZL%20%7Cr%20ZL-b%20BbDZLB%20-bEB*%5BQybLZEbyXQyX%20bEZLLZEb%20%3Elatnemurtsni%202%207*%3CC*%5B%20QyX%5D%20-CF-%20DbbD%20-F-G%3Eyl%7CLZr%7Cek%2096*%3CZL%20%7Cr%20Z%20L%7Cr%20B*%5B%20%20%5D%20%7CrZLys%20onrZL-C%20EbLZF%20D-LZG-%20EbLZFXyQZ%20%3DPop-Slow%20Rock%3D115%3D1
dab49ce5-4a1d-4828-8434-5ee26cf11a13,irealb://%D0%9B%D0%B8%D1%80%D0%B8%D1%87%D0%B5%D1%81%D0%BA%D0%B0%D1%8F%3D%D0%92%D1%8B%D1%81%D0%BE%D1%86%D0%BA%D0%B8%D0%B9%20%D0%92%D0%BB%D0%B0%D0%B4%D0%B8%D0%BC%D0%B8%D1%80%3D%3DMedium%20Swing%3DD%3D%3D1r34LbKcu7F%2FD%7CQ8D-XyQyX7A%7CQyX-G%7CQy7XA%7CQyXbB%7CQyXC%7CQ%7CD-Xy6TA*%5ByX7A%7C-XyQ%7C%7CQyXhE%7CQyXbB%7CQXy-G%7CQyX-G%7CQyX7DA7XyQC%7CQyXD%20hA%7CD-XyQQyXC%7CQyXC%7CQyX7%7CEQyXhB%7CQyXC%2F-D%7C%7CFXyQB*%5B%5DQX-D%7CQXyQ%7CEQyX7A%7CQyXbB%7CQyCX%2F-D%7CQyX-D%7CQyXh%7CD-Xy-GZL7yQ%5D%20%3D%3D0%3D0
daec223f-b4f0-4d74-ada2-31aa93e3e57b,irealb://%D0%9C%D0%BE%D0%B5%20%D1%81%D0%B5%D1%80%D0%B4%D1%86%D0%B5%3D%D0%A1%D0%BF%D0%BB%D0%B8%D0%BD%3D%3DMedium%20Swing%3DD%3D%3D1r34LbKcu7-B%2CAZDLZG%2CD%2CGZLD%2CB*%2C%7B%20%20QXy%7D%20-B%2CAZLD%2CGZLDLZD%20L%2CA*%2C%7B%20%7D%20%3D%3D0%3D0
da65a81d-6d6e-45a8-bf20-d35d574a26fe,irealb://%E3%83%9D%E3%82%B1%E3%83%83%E3%83%88%3D%E5%A4%A7%E5%A1%9A%E6%84%9B%3D%3DPop%20Ballad%3DG%3D%3D1r34LbKcu7xZL7%5E44C%5E7ZL6GZL9b7DZL9-ZAL7hBZL7-BZLxZLG7LZCTi*S%5BxZL7%5ELZE-7L7-BZLxZLGA*%7BZxLZLGZL7DZL7-AZLZxLZC7-BZL%7B%7D%207DLZBh7s7DZLxZL7-AZL6ZGL7%5ECZLxZL7-EZLus%2CLZ7-BZLC.D%3CZLZxLZ%7C%7D%20xZL7-E1NZL7ZDL7-AZL7-EZL7-BN2G%2CL7%5ECB*L7-EZFine%3ELxZL7%5EC%2CC*%2C%7BQyQXyXQyXQyX%5B%5D%20%2C7GZB-7L%20la%20.-AZLBZD7LZD/7-EZLbE/7-E%20-7E2N%7C%7D%20xZL7-E1N%20E-7/L7-AZxZL7%5E%20%7BC%5E7ZL6GZL9b7DZL9-ZAL7hBZL7-BZLxZLG7LZC7DZL7LZB-7LZE-7LZA-7LZD7LZG%20%7D%20%3DPop-Rock%3D115%3D1
da3a707d-1c99-4cc8-aa6a-00203c0d94c5,irealb://Creole%20Love%20Call%20%28Creole%20Love%20Song%2C%20Camp%20Meeting%20Blues%29%3DEllington%2C%20Miley%2C%20Jackson%20%281927%29%3D%3DMedium%20Swing%3DBb%3D%3D1r34LbKcu7%7CQyXbbXyQK%20ZL%20lcKQyX7bE%7CyQX7bBZL%20x%20ZL%20lcx%20LZBB44T%5BFXyQ%7CC7%20FLZBb%20EbLZBbXyQ%5D%20%3DJazz-Medium%20Swing%3D100%3D3
da35dc40-1cc7-4f45-a87a-60fc0959e503,irealb://La%20Harpe%20Street%20Blues%3DKenneth%20Edward%20Colyer%20%281953%29%3D%3DMedium%20Swing%3DEb%3D%3D1r34LbKcu7ZL%20lc4EbXyEZL%20lcKQyX7bBZ%20Lx%20ZL%20x%20ZL%20lcKQbXyQK4TA*%5BY%5DQyXKcl%20LA%20bE%7CQyX7bB%7CQybXE%5B%7CQyX7CZL%20x%20ZbLZEbQyXbE%7C%7CQyXXyQKcbB%20bEZL%20lcKQyXEbZL%20x%20ZL%20x%20ZL%20l7LZEbbEB*%5BEbXyQKcl%20LZ%20x%20LZ%20x%20LZEbXyQKcl%20LZEb%20Bb7LZEbXyQ%5D%20%3DJazz-Medium%20Swing%3D100%3D3
da5ee0c7-883b-4bfb-bb46-29ed265b3a31,irealb://Shim-Me-Sha-Wabble%3DSpencer%20Williams%201917%3D%3DMedium%20Swing%3DC%3D%3D1r34LbKcu7X7G%7CQ4C-%20GL%20x%20ZL7G%20-CZL%20clKQyX-CZL%20x%20ZL7ZD7Xy4TA*%5B-CZL7%20G7LZQyX-C%7CQyX-FB*%5B%20%5D%20lcKQyX-CZL%20x%20%7CC7%20G-C%7CQyQyX-C-XyQ%7CGZL%20lcKQyX-F%7Cp%20p7G%7CQyX-F%7Cpp%207G7XyQ%7CF%7CQyX7G%20-E%2CCXyQB%7CQyX-E%7CQyXC%7CQXy7G%7CQyXC%7CQyX7G%7C7XyQ%7CC*%2C%5B%5DLZCXyQ%7CG7XyQ%7CCXyQ%7CG7XyQ%7CC%20C7LZF%2C%20F-LZC%20G7LZCXyQ%5D%20%3DJazz-Medium%20Swing%3D100%3D3
daf637e1-b732-4bbd-a5e8-f7aac13c35d3,irealb://Shall%20We%20Gather%20At%20The%20River%20(PLP-RBB)%3DLowry%20Robert%3D%3DFolk%3DC%3D0%3D1r34LbKcu7lareGarkinurB%20xiD%7CyaB%20le%7CMs'rekciP%20toL%20gce%20%26%20P06*%3CM%20719es%2F%2F%5B%20ZL5681%20BUP%20ts%201%5D75%20kcarT%7C2%20DCREC%201noJ%20dnaH%22%20olitaeht%20morf%20si%20ciusM%20ZLtetrauQ%2F%2Fn%20hymnportex%20ZLplace%22re%2096*%3C44Tv*%7B%20yQXQyXQyXQyXQyX%3Ese%3EC%20P%20nosF%3Esur%20pLZ%20*%3CC*%5B%5D%20p%20CZLp%20G7ZL%20x%20ZLp%20CZL%20x69%20ho7GZL%20%20p%20C2%20pLZG%20C1NZLp%207GZLp%20ZCLp%20FZLp%20CZLp%207p%20%7D%7CNCZLp%20%7DN3C%20p%20%7DN0%3C*69%204.%3EC%20p%20%7DN0%3C*69%205.%3EC%20p%20Z%20%3DPop-Country%3D180%3D1
da64eaec-1d0d-432e-8b29-92b293e3543b,irealb://For%20Me%20And%20My%20Gal%20%20%284-bar%20intro%2C%2012-bar%20coda%29%3Dbe2sharp%20ARR:%3D%3DZz%20Pick%20A%20Style%20You%20Like%3DG%3D%3D1r34LbKcu7yb%20gnyQ%20%20AP%20laeRi%20siht%20rfo%20yek%20eht%20tsujdro%20soX45*%3Cgnos%20ng%3E%20%3Cno%20drohc%20tsal/teon%20tsal%20eht82*%20youriman%20t%20sei.%3EXyQrtni%20sihT%20%20QyX66*%3CQyXQyXQyXQyXo%20copegap%20%20%2Cydost%204%20alP83*%3C%20%3E.gnose%20ht%20fo%20serusaemy%20melal%20ehXQyXQe%20choQyXQyXQyX%3E.netisl%20tsuj%20ro%20%2CsdrXyQXyht%20roZLxZL*iT44ZLGZLxZL7DA*%5B%5DG%20l%7C%2CC%2CGsZLxZL7DxLZD7%5B%20%20QyZLGZL%5D%5B*BBA*%5B%5D%20xZL7DZLxZ7LAZLxZL-EZLxZL7D7LZx%20xZLGGl%7C%2CCLZxLZxZL7DZL%2CoGZLCZ7LGZLGC*%5B%5D%20xZL7BLZsG%2C7DZLx%20s'gn6XyQ%20t%20yalper%20tsrif%2C%20adoc%20siht%20roF%20he%20so5*%3C%5D%20rab%2048%20bar%20eht%20niaga%20yalepr%20neht03*%3C%20%3E%2Cslast%20%20tsal%2Cadoc%20beat7*%3CGQ%5BQyXQyXQyQXyXQyX%3Eerofeb%20s4the%203%28%20.ssZLxZ%20the%20%2CoGZLCZL7GZL%3E.s%29eton%20pu-kcip%203LZD7Lyalp%20L%20QyXlGLZ%7CLxZL7D%3E%20--%20yrto%20t%20selytS%20%20QyX%3CZ%3CXyQ%7C%2CC%2CGtoT04BraziU%2CGl%7C%2CC%2CGs%3E231o%20pmeT%20/abmaS%20:l%20Z%20%3C*-nitaniwS%202-barM-zzaJ%20%20QyX84*%20%3CQyXQyX%3E.ortuo%20edium1%20:laQyXQympo%201%20opmeT%20/etoN%20eluB-zzaJ22*%3C%20%3E64120%3EXeT%20/gXyQXyQXyQ%3Cb%23%3E%20%3D%3D146%3D3
dae79f9f-be64-42aa-a4ff-5cb0754562f5,irealb://More%20We%20Get%20Together%20%284-bar%20intro%29%2C%20The%3Dbe2sharp%20ARR:%3D%3DZz%20iReal%20Styles%20Offer%20Choices%3DE%3D%3D1r34LbKcu7I%20.gnyQ%20%20Aht%20rof%20yek%20orPl%20aeRi%20eht%20tsujdis%20soX45*%3Cruoy%20the%3E%20ohc%20tsal%20eht%20dan%20eton%20tsal03*%3Crd%20on%20si%20tipoc%20%20page%20ehT%20%20QyX46*%3CQXyQyXQyXQyXQyX%3E.intrognos%20nola%20e%20las3*%3C%20%3E.gnos%20ehtf%20o%20serusaem%204%20t8Playht%20seQyXQy%20alloos%20a%20sa%20ti%20yal%20pot%20orP%20laeRi%20wlo.%3EXro%20%2Cgeht%20dQXyQ%3C%20erus%20eb%20%2Cdemrforep%20fI%20%20QyX65*to%20adyXQyXb%20oslck-uptni%20eht%20erofebt%20suj%20eton03*%3C%20%3Ero.%20Aip%201%20X7BZL%20lettyXE43Ti*%5BQyXQyQXyXQyXQyX%3E.A%20reQKcl%20erofe%20sa%20eyQ%5D%5B*ht%20yalp%20serusame%20%22trohs%22%2086*%3CAe%20samXE%7CQyBZLEZ%22%20one%5B%5D%20EZL7BZLxZLELZEZL7BZLxZLE%3E.s*BB7Lgnol%22%20mm%20/ZELZx%20muideM-zzaJ%20%20yQX63*%3CZ%20EZL7BZLSwingLEZL7XQyXQ%3C*10LQyX%3E011%20mm%20/ah%20CahC%20:abuC-nitaXyQXy%20%3E021%3C%20%3E026XyQ%20/cirtcelE%20asso%20B:lizarB-nitaL%20%20mm%2015*%3CQyyX04*zz-DoyXQyXQyXQyX%3E61%201mm%20/staC%20ooD%20oQXyQ%3CaJ82*%22rab%22te:%20Tot%20si%20esu%20snaiicsum%20%22ognil%22%20eh%20say%20oN%20%20QX%3EroF*14orht%20emas%20eht%20name%20ot%20%22erusaem%22%20ing.%20%3C%20%3E%20%2CerehtXyQXy%20siht%20ni%20%2Celpmxae%20%20QyX85*%3CQyXQsong%20QyXQygA%20.o%20%22fou%22erusaem-ruof%2230*%3C%20%3Ero%20%2C%22rab-r%20intra%20si%20rab%204we%20us27*%3CQyXQyXQyXQXyQyX%3Etsal%20eht%20eXyQ%20%20%20%2Cnias%20si%20the%20sl%22%28%3C%20%3E.ortni%20eth%20etaerc%20ot%20gnoingo%22%20fo%20s%3CQyXQfor%20%22QyXQyX%3E.%29%22ygolnoimret%20egaugnalXyQXy%20gnalb%23%3E%20%3DLatin-Brazil:%20Bossa%20Electric%3D120%3D3
da42e45d-5576-4724-a358-5c5ddac9a96d,irealb://Old%20Brass%20Wagon%20%284-bar%20intro%29%20%20%2C%20The%3Dbe2sharp%20ARR:%3D%3DZz%20Choose%20An%20iReal%20Style%3DG%3D%3D1r34LbKcu7yb%20gnyQ%20%20AP%20laeRi%20siht%20rfo%20yek%20eht%20tsujdro%20soX45*%3Ct%20s'tng%3E%20%3Cgnos%20ruoy%20fo%20dorhc%20tsal%20eht82*.%20Thaiman%20%20ortny%20to%20T%20%20QyX26*%3CQyXQXyQyXQyXQyX%3E.esuhis%20iek%20eh%20dna6%22chormhryhr%20htiw%20%2C%22rotni%20mhtyhr/lad%3E%20%3C*3%20a%20sieRi%20%20s%2C%20bu*%3CQyXQyXQyXQyXyQX%3E.ydolem%20on%20t74XyQdrohc%3E.gnould%20%22lp%20nac%20uoy%20ro%20o%2Crtni%20eht%20%22olosay%20aloc%20laXQyXQN.C.%20%3E.deyalp%20era%20%22dsrohC%20oN%22%20snaemXyQXy02*%3C%20hs%22%208%5B*iT4%5B%5D%20n%20G%7C%2CW%2CW%2CW%2CD7ZL%20n%20%7CW%2CW%2CW%2CG4*A%3C*6QyXQyZLxZLmeasuno%20%22gnol%22%20sa%20eams%20eht%20yalp%20seres.%3EG%20%22troe%20syaD7%2CC%2CnoitceS%2086*%3CB*%5D%5B%20GZL7DZLCZLGl%7C%20B%20plsZL7D%7CQyXGy%20likD%7CQyX7DZL%20lcKQXyG%3E.A%20noitces%20e7%20CLZltcax031%20mD7XyQiwS%20muideM-zza%20J%20QyX43*%3CZQyXG%7Cng/%20m%7CQyXC*%3CQyX8LatiXQyXQyX%3E011mm%20a/hC%20ahC%20:abuC-nyQXyQ0*%3C%20%3EJ82*%3C%20%20Lat%20mm%20/cirtcelE%20sasoB%20:lizarB-ni120%3E%20QyX45N%20%20Qyoo%20DoQyXQyXQyXQyXQy%3EX611%20mm%20/staC%20o%3C*36XD-zza%20%3E%20%2C%22The%20%22yas%20ot%20si%20esu%20nsaicisum%20%22ognil%20%22bar%20:etoyXQyXr%20%22me.gniht%20emas%20eh%20tnaem%20ot%20%22erusa%20For%3Eo01*%3C%20si%20eyQXyQgnos%20siht%20ni%20%2Clepmaxe%20%20QyX45*%3C%20therXQyXQ%20sihTur-batni%20%22erusaem-rouf%2242*%3C%20%3Ero%20%2C%22rro.%20%28of%22%20as%20eht%20is%20d07*%3CQyXQyXQyXQXyQyX%3Eyb%20dengiseXyQ%20%20ortniong%20arranger%29.%3EXyQXyQXyQXyQXyQ%3Cb%23%3E%20%3DJazz-Medium%20Swing%3D130%3D4
da8f32b3-32ea-4f9f-8e10-aeada69a4cec,irealb://050%20Major%20Circle%20Of%20Fifth%20%28half%20Bar%29%3DPatterns%20For%20Jazz%3D%3DJazz%3DC%3D%3D1r34LbKcu7AQyXEXyQFXQyXbG%7CQyXbDQyXAb%7CQyXbEQyXbB%7CQyBXyQ%7CC44T%5BXyQ%7CDXyQGXyQ%7CCXyQ%5D%7C%20%3DJazz-Ballad%20Swing%3D70%3D3
da33b5ee-6186-4467-ac04-574a77ed3fd7,irealb://60%20%28233%2D238%29%20i%20VII%20IV%20IV%20Dorian%20Progression=GuruOfGuitar%2Ecom==Rock=A%2D=2=1r34LbKcu7%5BT44A%2DXyQ%7CGXyQ%7CDXyQ%7CD%20%20%3C8x%3E%20%7D%20=Pop%2DRock=80=16
daafa16f-2490-45fd-b631-6ce782dc4d58,irealb://Cristo%20Reina%20%28Declarar%C3%A9%29=Calveti%20Daniel==Rock%20=D%2D=0=1r34LbKcu7yXbB%7C4D%2D%2C%2A%7CQyX%2DG%7C%7D%20C%3E4x%20Q%20yX66%2A%3C%20bB%7CQyXAG%2DXyQ4Ti%2A%7BX%2DDC%2AyQ%7CAX%2DA%7CQyX%2DG%7CQyXC%7CyQX%2DDB%2A%7B%7CQyXA%7CQyXyQ%7D%7BXbB%7CQX%2DA%7CQXyQ%7CAQyXC%7C%7CQyX%2DD%3E%20%3C%7BQ%20%20%3EB%20oT%20%2017%2A%3C%20%7CG%2DXyA%7C%7DQyyQ%7D%7CfDXyQZ%20=Pop%2DRock=115=1
da318f53-7b35-430a-9c74-8ffc2df36abe,"irealb://Al%20Estar%20Ante%20Ti=Jesus%20A%2E%20Romero==Ballad=C==1r34LbKcu7yX,C%7C4C,Xy96%2A%3CB%2FG%20,%2Am%2AA%7CyQX,%2Am%2AD%7CQyX,G%7CQx3%3E%20}4TA%2A{%2A[%20%20QyQ%7CD%2A]%20E%2FC%20,G%7CQyX,G%7C%7CQyX%2Am%2AA%7CQyX,%2AmXyQXyX,G%7CQyX,CZQ%7CC%2FE%20,FZL,G%2FC%20,%2Am%2AZAL,bA%2FE%20,F%7CQyX,G%2FB,LyX,FB96%2A%3C[%2A,%20F%2FXQyXQyX]QyXbB2%7CN]%20E%2FC%20,G1NZL,CyQXyQm%2AD%7CQyXCZLrte%20A%3ElaniF%2096%2A%3C[QyQXyXQyXQyX%7CQyXG%3EF,%20G,ap%20a%20Q[%20=Jazz%2DBallad%20Swing=60=3"
dae88839-e1ba-4361-8561-1f7f167da7bf,irealb://100%20Dage%3DHelmig%20Thomas%3D%3DMedium%20Swing%3DD-%3D%3D1r34LbKcu7orB96Vers%20%207A%20ZL%20-G%20ZL%20-%20DZL%20-D%20%3Ed%C3%A6vk%20go%20%7D%5B%3C*96*%3C%7B%5D%20%207ALZ%20A%20usA%20ZL%20-G%20ZL%20-%20GZL%207A%20ZL%20-G%20ZLs%20LZ%20%20-G%20%3E%3EekkyKv%C3%A6d%3E6*%3C%5B%7D%20%23C/A%20CZL-%20G%20ZL%20-D%20ZL%20-D%209C%20st96*%3C%7BL%20-G%20ZBb%20F%20ZLA/F%20bBZLC%20-ZDL%20A%20ZL%20-G%20ZLA/G-%20LZLC%20-DZ%20A%20LZ%20A7%20%20%5D%20%3D%3D0%3D0
dad6bc45-f2a6-431e-b983-20d4048b894b,irealb://Reincarnation%20Of%20A%20Lovebird%3DMingus%20Charles%3D%3DMedium%20Up%20Swing%3DF%23-%3D%3D1r34LbKcu7%23FZL54F%23-%207%23GZL11%239D%20-%23FLZ5%237%23C%207%23GZL7%5ED%20Db7%234TA*%5B%7CY%5D%2C79LZB-%23Gs%20-%23FZL5%237bD5%20%239%237%23GZL31bE%207h7%2CC%23%237D%20-flaH%20-%20D%5E77%23C%207%23GZL11%239D7%20-%23FZL7%23C%207%23GZL%235LZ%3C%23FlB*X-%23FZ%20Ball7%23C%207%23GZL7%5EbE%20-7BZL9%237D%20-%23F%3Eda%239%235LemiT-1%239A%20*C%3C%20O7B%207-%23FZL7B%207-F%23%3EopmeT%20lanigirLZE%5E7%7CY%5DQyD%207-A%5E7%20A9B%2C7hB%2C7C%2C7%5EGsZ7LD%207-AD*%7CY%5D%2011%23b7%2C%7ClEZL%2C17%23GZLG%237%20C%20-%23FZL7%23C%207%23GZ7L%5ED%20-%23FA*%7CY%5D%207%23D9%2311ZL9b7%23Gs%20-5LZF%23%237%23C%205%239%237%23GZL13bE%207-BZL9%237D%20-5LZF%23%237%23C%20h7%2CC%237%2C%7ClB-7%20Eb%5E7LZG%237%20C%237%239%235LZF%23-XyQZ%20%3D%3D0%3D0
dad30e27-0795-49f8-bd9c-448156d1917d,irealb://Spiral%20Dance%3DJarrett%20Keith%3D%3DEven%208's%3DBb-%3D%3D1r34LbKcu7/9bGsn%20LZ%20%20x%20ZL%20lcKQyX-b%5BB%7D%20%20n%20ZL%20n%20ZL%20nLZXyQ%2044T%7ByXbEZb9/BXp%7CQyXE%7CQyX7bE%7CyQXbD/bAZL%20lcKQypBb7LGl%7C%2CB%20n%20%7B%7D7%2CLZBL%20n%20Q%7B%20QyX%7DQyXuss7FZLF%20E%7CQyX-bZ%20n%20%20F%20E%7CQLZ%20n%20%20%7D%20%3D%3D0%3D0
dae65639-2a46-4506-a2e4-9636bbc14412,irealb://44%20Riffin%27%20%28Rock%29%20D=Unknown==Rock=D==1r34LbKcu7X7AZL7XyQKyX7DZL%20lcKQyX7ZGL%20x%20ZL%20x%20ZL%20lcQKcl%20D44T%7CyQ%7CG7XyQ%7CD7XyQKcl%20%3C8x%3E%20%7D%20=Pop%2DRock=45=1
da62805b-2c26-49a3-978f-d75186316f0b,irealb://Galloping%20Gutars%3DAs%20Played%20By%20The%20Spotnicks%3D%3DRock%3DB%3D%3D1r34LbKcu7F%7CQyXT44BX%20B%7CQyXB%2Cv*%2C%7B%5DQXyx%7CQyXx%7CQyXx%7CQyELZB%2C%2Ci*%2C%5BXx%7CQy%7CBXyQXx%7CQyXE%2CB*%2C%5B%7DQXyBZL7%23F%20BZLE%20B%7CyQ%7CBXQyX7%23*%2C%7B%7DQyQ%7CxXyX7%23F%7CQyXG%7CQyX%2CB%7C%5DQyXB%7CQyXB%7CQyQ%7CxXyXE%7CQyC%2CBXyQ%7CEXyQ%7CBXyQ%7CF%237XyQ%7CBXyQ%7CEXyQ%7CB%20F%237LZBXyQ%7D%20%3DPop-Rock%3D170%3D1
daba6999-245e-4edc-bc0b-ee3e61343fa8,irealb://High%20Noon%3DD.%20Tiomkin%20-%20N.%20Washington%3D%3DSlow%20Country%3DD%3D%3D1r34LbKcu7-E%7CQy4DXyQyXG%7CQyX7D%7CQyXDQ%7CyXx%7CQyXx%7CQyXx%7CQ%7CE-X4TA*%7BX7DS%7C-7%20A7QyX7A%7CQyXx%7CQyXF%23%7C%7CQyX-B%7CQyXDZL%7CxXyQE%7CQyX%20-E%7CQyQ%7CxXQyX7B%7CQyXG%7CQyXD7%7CQyXD%7C%7CQyXx%7CQy%7CE-XyXx%7CQy7-E%7CQZDXyQyXG%7CQyXD%7CQyXG%7CyQXD%7CQyXG%7CQyX7D%7CQ%7CDXyL7o%23CDsZLxN1DLZLxZLDZLxZLG%7C%7D%20ZxLDZLxZLGB*%7BZLxZG-LZZL7A%20%3C7-EZ%2C%7ClE-*%5B%20%3E.dnE%20dn2%20l%20a.S.D%3C%2BAZL7AZL7AN2DL7obE%2CD.C.%20al%203rd%20End.%3ELZN3DLZx%20%5BGLZxLZDLZxLZGLZG%20%5D%20%3DPop-Slow%20Rock%3D115%3D1
da241718-c302-4b15-9d3c-043a23806479,irealb://II-V-I%20in%2012%20Minor%20Keys%3DExercise%3D%3DMedium%20Swing%3DC-%3D%3D1r34LbKcu7%7CQyX9-7b5XyX5b7-GZL%20lcKQXy6-C%7CQyX9b7G%7CQyQ%7CC7bD44T%5ByX5b7QKcl%20lcKQyX6-bB%7CQyXb97F%7CQyX5b7-C%7CZL%20LZF-yX6-FQyX6-b9XyQX9b7bE%7CQyX5b7-BbZL%20lcKQyX6-bE%7CyQ%7CAb7bB%7CQC%7CQyXZD%23-7G%7CZL%20lcKQyX6-%23%7CCQyX9b7%23G%7CQyX5b%23-7b5L%20lcK%20lcKQyQ%7CF%23%7CQyX9b7%23F%7CQyX57b-%23CZL%20lcKQyX6-B-6XyX9b7%23A%7CQyX7b5XyQyX5b7-BZL%20lcKyQX6-E%7CQyX9b7B%7CQ%7CE7b9-%23FZLD%7CQyXKcl%20LZL%20lcKQyX6-D%7CQXy9b7A%7CQyX5b7-EZA-7b5QyX6-7b9XyQ%7CG-6XyQKcl%20%20Z%20%3D%3D0%3D0
da465477-b2f8-4ae3-9211-342d44941b10,irealb://Dock%20Of%20The%20Bay%3DRedding%20Otis%3D%3DPop%3DG%3D%3D1r34LbKcu7yXC%7CQ%2CT44%3CQyXG%3EC%20V%20B%20C%20VC%20%20V%20%3AmroFQyX47*%7CB7Xyv*%2C%7BYE%7CQyXQ%7DY%5B%2CA%7CQyXG%7CZLQyX%7CryQX%7CQyXE%7CQyXG%2CC*XyQ%7CGyXA%7CQXyQ%5DY%5B%2C*B%2CG%20DLZCXyQ%7CXyQr%7CXyQLZG%20DLZC%20GLZFXyQ%7CDXyQ%5D%20%3D%3D0%3D0
da04ead9-ef51-4fd5-940a-fcf2f0140b65,irealb://4bar%20%2D%20Cir4%20%2D%20Dim7=JonBlanckMusic%2Ecom==Medium%20Swing=C==1r34LbKcu7X7obByQKclZL%20x%20ZL%20lcKQyXo7FZL%20x%20ZL%20x%20ZL%20%20x%20LZX7oC%5BcKQyX%20LZ%20xL%20x%20ZL%20x%20ZL%20lcQKyX7obEZL%20x%20ZL%20ZG%23o7lcKQyZL%20lcx%20LZ%20o%23FZL%20x%20ZL%20x%20Z%20LlcKQyX7o%23CZL%20x7XyQK%20ZL%20l%20ZL%20x%20x%20LZcKQyX7oEZL%20x%20Z%20Lx%20ZL%20lcKQyX7oBl%20LZ%20ZL%20x%20oGZL%20o7XyQx%20ZL%20lcKQyX7oDLZ%20x%20ZL%20x%20ZL%20lcK%20LZ%20xAZL%20x7XyQKcl%20LZ%20x%20LZ%20x%20%20%5D==0=0
da27730e-90da-4d4c-8bee-66e994db2e86,irealb://Man%20I%20Love%201%2C%20The%3DGershwin%20George%3D%3DBallad%3DEb%3D%3D1r34LbKcu7B/7hF4Eb6Xb7CZL%20%29bD/7hG%287%20-bB%7CQyX7-bE%7CQy9XyQ%7C4TA*%7B%206bE%7C1Bb7XB2NZLQyX%7D%207bB%20%2357FZL7C%205%237G%7CQyb7XyQN%7CQyX7G%7CQyEb6%20sL9b7G%205%237DZL7h%20A6-ClB*%5B%5D%2C7G%2C7DZC-6XZL7bA6bEA*%7CC-6%20B%207-FZL7bG%207-CLZ9b7G%205%237DZL7hAb7%20%5D%5BQyX9byX7bBb-7Xy/7hF%7CQyX9b7CZL%29%20bD/7hG%28%207-bB%7CQBXyQ%7CE%7CQyXQ%7CEb6%20Ab7LZEb6%20sF7%2CBb7%2CZ%20%3DJazz-Medium%20Swing%3D100%3D3
da652a20-3912-42db-9c43-f1cfae5957ab,irealb://Lush%20Life%3DStrayhorn%20Billy%3D%3DBallad%3DDb%3D%3D1r34LbKcu7%7C%2C7-b4Db6%20%2C7-bE%2C%5EbDsZL%20xZ%20L7bC%207%5EbDZL7bCF-7%2CG4Tv*%7BL7-Fl%20D7LZ%2ChGs%206-bD2N%7D%207%20D6-bD1NZL7D%207-FC7%2C%5D%5B7-bAlL%207-bLZsGhBZLsus7BZL7bAZxLZLxZL7-Fl%7C%2C7C%2Cb7LZExZLxZFs%206b1%20LZE%20ZL11%237D%207%5EbDA%5B*%5D%20%2011%237DZL%207-bx%20LZD1%237AZ%7C%2C7C%2C7%2C%7ClE6bDZL%20x%20ZL11%237%20D7%5EbDZL11%237D%207%5E%20sDb7B%2C7-%23l%7C%2C7GA7LZA%207%5EDl%7C%2C7A%2C7-Es7%20%5EbAZL9b7bE%207%5EbsD-7%2C%207%5EFlL7bB%20b7%20%5D%5B%2C7B%2C7Cs%206bDZL%20%20xZL11%237D%207%5EbDB*%7ClF-7A%207%5EC7AZL7%20B7LZFZL7bB%207-FZL7b%20G7%5EbDZL7bA%205%237A%23-7%20B7-%23FZ11%237D7LZsAl%7C%2C7bA%2C%5EbD%2C7D%2CC7%7C%2C7B%2C7bB%2C7A%2C7bDb%5E7%20bA%205%23LZUDb%5E7%20D7%2311%20%5D%20%3D%3D0%3D0
da038306-0196-455c-8e5b-e3e308d97a30,irealb://Scrapple%20From%20The%20Apple%3DParker%20Charlie%3D%3DUp%20Tempo%20Swing%3DF%3D%3D1r34LbKcu77oB%2074G-7XA/7F%207%5EF%7CQyX7CQ%7CyX7-G%7CQyX7C%7CQyLZBb%5E4T%7BA*%5BB*%5DQ%5E7%20G-ZL7C%207%5EF2NZL%20QXyQyX%7D%207D%207-AZL7F%5E7XyF1NZL7-G%5BAKcl%20LcKQyX7CZL%20lcKQXy7GZL%20lcKQyX7DZl%20%20%5D*QyX7A-G%207%5E7XyQ%7CoB%207%5EbBZLA/7F%20%5E7F%7CQyX7C%7CQyX7-G7LZUFC%7CQyX7LZA-7%20D7%20Z%3D%3D0%3D0
da189ce1-b9e4-40f3-97ad-ca374216e2ec,irealb://TINGLe%20Dropback%20x%201%20%2d%20Highjumps=Charts%20Practice==Medium%20Swing=C==1r34LbKcu7GZL7DF7LZBL7bB%207%5eF%7cQyX7%5eZCL7G%207%2dDZL7A%207bZEb7%20%207%5eC%5b%7cQyX%2cLZF%5e7L7F%207%2dCZL7G%207bZAL7bE%207%5ebB%7c%7cQyXZBb%5e77C%207%2dF%207bGAb7LZ%207%5ebA%7cQyX7%5ebEZ7LbB%207%2dFZL7C%207bDDb7LZ%207%5ebEDZL7b%2d7%20EbEZL7bB%207BZL7bG7%20%5ebD%7cQyX7%5ebAZL7b%2d7%20AbBZL77E%207%5eQ%7c%7cGb%2c7%5ebGZL7bD%207%2dbZAL7bE%207EZL7B%207%5eXyQ%7cByX7%5eb7B%207%2dG%237LZ%23C%207DZL7A%207%5eE%7cyQX7%5eBZL7%23F%207%2d%23C7LZF%23%207AZL7CZL7XyQ%7cA%7cQyX7%5eAZL7E%207%2dZBL7%23F%207GZL7D%207%5eD%5e7%20G7%5eEZL%20B7LZE%2d7%20A7LZD%5e7XyQ%7cG%5e7%20C7LZF7%20E7LZA%2d7%20D7LZG%5e7XyQZ%20==0=0
dafdac1b-cae8-4926-90df-5f30c0c4c372,irealb://If%20I%20Had%20You=Campbell%2DConnelly%2DShapiro==Slow%20Swing=Bb==1r34LbKcu7%2DCZL74Bb%5E7%5EbB%7CQyX6%2DbE%7CQy7X%5EbE%7CQyX7bB%7CQyX7%20Dbo4T%7BA%2AA%207hEZN1BbbB2NZL%20QyXQyX%7D7%20F%207%2DCZL7obD%207%5E6XyQ%7CL7F%207L7hB%20%2AB%5BD%2D9b7A%207hE%7CQyX7%2DZDL9b7A%207hE%7CQyX7LZD%2D7%5D%209b7X7%5EbEA7b9LbB%7CQyX7%5EbB%5BA%2A%5D7%20F%207%2DCZL7G%207%2DDZ7XyQ%7C%207hEZyQ%7CEb%2D6XyQ%7CBb%5E7%20Dbo7LZC%2D7%20F7LZBb%5E7%20Dbo7LZC%2D7%20F7%20Z==0=0
dab0a9d8-2b3d-48aa-acc6-5b00c77b7dff,irealb://Joy%20Spring=Brown%20Clifford==Up%20Tempo%20Swing=F==1r34LbKcu77%2DGZL4F%5E7X%2DAZL7bE%207%2DbB%7CQXy7%5EFZL7C%207%2DG%7CQy7%20Ab74T%5BA%2AQyX7%5EF%5E7XybD%207%2DbA%7CQyX7%5Eb%5BGB%2A%5D%207bD%207%2DbA%7CQ7LZGbZL7C%207%5EG%5BCE7LZB%207%2DA%7CQyX7%5EbGZLb7D%207%2DbAZL7A%207%2DbD7%20%5D%2A%207%2DB%7C7%5EbGZ%2D7%20C77%2DbA%7CQyX7%5EbEZLb7B%207%2DF%7CQyX7%5EFZL%20Db7LG%7CQyX7%2DAZL%2D7%20C7%2DbB%7CQyX7%5EFZL7C7%20%2DG%7CQyX7%5EF%5BA%2A%5D%207%20Eb7G%7CQyX%20Ab7LZG%2D7%20C7LZF%5E7XyQ%7CG%2D7%20C7%20Z==0=0
dab837d5-b2e1-4c8c-ba1c-ca9358ebcd3d,irealb://Lakes=Metheny%20Pat==Even%208ths=D==1r34LbKcu7%2C%2DB%7C%2C4DXyQ%2FAs%20DA%2A%5B%7DQyXD%2F%7CAQyXD%2FG%7CQyXD%2FA%7CC%23%2CB%2D4Ti%2A%7B7%5ED%7C%2CLZE%2FG%2FG%20%2DEZL7%2DB%207%23FLZ7%23F%207%5EDZLA%2FG%20%23A%2CA%2FG%20A%2FDlA%20%23C%2F%2D9LZGC%2FDl%2C%2DB%7C%2C%2DB%2CobsB%20AB%2A%5B%5D%20A%2FbB%20A%2F%2Cpp%7CAE%20%23F%2F%5DQyX7ZG%5E7%20%2D%23F%207%5EGZL9D%20%2DBLZ9C%207%2D%23CZL%23G%2F%23F7LZF%5ELD%2F7%2DbB%20B%2F%2D9%20F%23%23A%2FDZLA%2FbE%20%23G%2F%2397E%7CQyXG%2F%23FZL7%2DXyQ%7CCElC%2A%5B%20%20%3Een7%2FC%23%20us7Al%7C%2C%5EG%2C7%2D%23F%20s9%2DEl%7C%2CbE%2FD%2C9Dss%20%3CFiAZLC%2F%5EFZLsolos%3E7%5ED%7B%7DQyXD%2FA%7CQyCX%2FG%7CQyXD%2FA%7CQyXD%20C7suS%3C%7BY%5DD%207%5EbsusLZs7F%207%5EGZLsus7D7%20%5EEZLsus7B%207%5EbDusLZB7bA%207b7susLZGb%5E7%20G7susLZC%5E7%20A7sus%20%7D%20==0=0
daf3f478-d5fd-42f7-8cd5-5f0f0ff0332c,irealb://Little%20Boat%20%28O%20Barquinho%29=Menescal%20Roberto==Bossa%20Nova=Bb==1r34LbKcu7L7G%207b%5E7XylcKQyX7%5EbAZL%20xZ%20L7A%207%2DEZL%20lcKQ%20LZD%2DB44T%5B7%2DC%7CQZGb%5E7G%7CQyX7%2DDZL%20x%20Z7LF%207%2DCZL%20lcKQyX7b9XyL%20x%20ZXyQ%7CF7b9%20%20%20Z==0=0
da34e56c-b22f-4570-8e3a-261d75e28b48,irealb://Old%20Folks=Robison%20Willard==Ballad=F==1r34LbKcu7D%207hA4Eh7%20%207%5EbBl%7C%2C7F%2C7%2DC7%2CbD%2C7%2DDsZL31b7AEb7LZ4TA%2A%7ByX%7D%2C7G%2D7%20CF%2C7C%2C7%2DGs%7CQyX71GNZL9b7D%207hAZL7%2D7%2CBbZL9b7yX7%5EbLZN2l%207%2DCZL5%237C%207%5EF%2AB%5B%5DQyX6FZL7C%207GF7LZB%20QyXQ7bB%2C7XyQ%7CF%2C7%2DGs%7CQyX7G%7CQy7X%2DDl%7C%2C7A%2ChEs%207%5EC7%2CF%2D7bE%7CQD%207hAlEh7%20%207%5EbBl%7C%2C7F%2C7%2DC7%2CbD%2C7%2DDsZL31b7AEb7LZA%2A%5B%5D%2C7b9LZG%2D7%20C7LZAh7%20D7b9LZG7%20C7LZF6XyQZ%20==0=0
da3a9c95-e7d3-4b63-920f-076bb13c8d4e,irealb://Star%20Eyes=DePaul%20Gene==Medium%20Swing=Eb==1r34LbKcu7G%7CQyX4Eb%5E7L7bA%207%2DbE%7CQyX7b%5EEZL7bB%207%2DF%7CQyXZDb%5E74TA%2A%7BbD%7CQyb9LZFZL%20lcKQyX7%5EbAB%5B%2A%7D%207bB%207B%7CQyX7%5EAb%2D7X7C%207h%2DF%7CQyGb%5E7XA%2A%5B%5D%207bB%20sus7b%7CBQyX7%2DFZL%20lcKQyEb%5E7X%7CQyX7%7CQyX7LZEb%5Eb7C%207hG%7CQyX7%5EbZDL7bA%207%2DbE%7CQyX79LZF%5E7bB%207Fs%206b7LZEbs7bB%207%2DFZL9%237C9%20%237bDZL9b7D%209%237usLZEbB%207B%2D7%2CBb7%2CZ%20==0=0
da916b21-6070-4ff4-86d6-695c61eec245,irealb://Resigna%C3%A7%C3%A3o%20-%20ABC%20ACA%201%3DFundo%20de%20Quintal%3D%3DSamba%3DA%3D7%3D1r34LbKcu7(7E%20A44%3C*6-B%7CQyXoA%7CQyXA%3E..aial%20..aiaL%20%208%20E7LZTA*%7BYodnat%7DY%5B*Bta%20em%20uotse%20uee%20uq%20otniS%20%2007*%3Cormen%20)o%23A%23FZL7F%237LZGZL7%23F%20Al%7C%7C%2C7E%20s%20A%7CQyX7E%7CQyX7B%23-%20C%23%20A%3E..uq%20meZB-%20EZL%2C7G%20AZL7E%20-BQ%7CyX7BZL7%23F%20AZL7%7B%3CE%20nL7B%20-bA(pshas%20cA1N%7CQyX7E%7CQyX7%7CBQyX7%23F%3Eodnaroh%2Cp(A)nev%20eQyXQy%7D%3C*50o%C3%A3drep%20uem%20o%20saim%20s%C3%A1ret%20o%C3%A3n%20uT%3EXyQX)G(p)nemas2lA%20Fe%20sonem%20oa%20meNyQX07*%3CC*%5BY%5D%20%2C7%23m%20penN%7CQyX-BZL7B-%20E7CZL%2C7G%20-D%7CQyXDLZ%2C7A%20-E%7CQyXAZL%2C%23-%20F%23%3E..ot%20E7%2CLZA%20E7%2C%20Z%20%3DLatin-Brazil%3A%20Samba%3D200%3D3
da90f8ec-0268-4092-8401-c5dd68449f5d,irealb://Certid%C3%A3o%202%3DCasuarina%3D%3DAfox%C3%A9-Samba%3DG%3D7%3D1r34LbKcu7%20%2Cosi44%3C*6o%C3%A3n%20euq%20lepap%20%20%C3%89%2C2%20o%C3%A3ditreC%20%208%20precTA*%7BYQyX%7D%206%2CXyQC1N%7CQyX%5ECZL7G%20-%2CD%7CQyX-E%7CQyX7B%7C-6%20%20QG%3Eo%C3%A3nniN%20%2CQXyQ%7CD%20%2007*%3CB*%7BYY%20%20yQXQyX%5D%20%2C7F%20-C2No%20somyXQyXhD%3E3%2Cdet%C3%A9m%3C%7CQyX-GZL%2C7D%20h%7CAQyXbB%3E..mod%20o%20%20%201%2C2%20m%C3%A9ugQyXQyC-9Xy7D%3E4%20%20%3C0N%7CQyX%5EEbZL%2C7bB%20susbB%7CQXyQ%7DXZL7G%20f%2C9ddQ%7CN0%3C51%3CQ%7C%5DQyX7D%3E.CD.QyXasicerp%20o%C3%A3n23%3EGayXQyXXyQZ%20%3DLatin-Brazil%3A%20Samba%3D200%3D2
daeca887-51f9-4945-bba7-c5a6679d7347,irealb://B%204bar%20%2D%20Random%20%2D%20Maj9%20Rootless=JonBlanckMusic%2Ecom==Medium%20Swing=C==1r34LbKcu7%5EbGZLXyQKc%20x%20ZL%20lcKQyX9%5EBbZL%20x%20ZL%20x%20ZL%20lLZ%20x%209%5EbA%7CcKQyXcl%20LZ%20x%20ZL%20x%20ZL%20lcKyQX9%5EBZL%20x%20ZL%20x%20LZA%5E9KQyX9l%20LZ%20x%20LZ%20x%20LZG%5E9XyQKcl%20LZ%20x%20LZ%20x%20%20%5D%20=Jazz%2DMedium%20Swing=100=0
da149a42-839e-477f-b0e5-a591c4e5cf73,irealb://A%20Flor%20E%20O%20Espino=Cavaquinho%20%2D%20De%20Brito%20%2D%20Caminha==Samba=D%2D==1r34LbKcu7ZL%2C7%2D4Ah7LbA%2C7bBsZL7%2DDZLb97AZL7%2DGZL9b7DZ7%2C%7ClD4Ti%2A%5B9b7DZ%5DY%7B%2AA%2DDZL9b7AZL7hEZxLZL7%2DGZLxZL7%2DDS7LZxL%209b7AZLxZLG%2D7LZ9b7AZL7hEZL9b7ZAL7bBZLxZL7CZLxLZD%2D7ZLxZLeniF%3CA7b9L2N%7CQyXQyXQyXQy%7DX%20%2C9b7AZL7%2DD1NZD%2D7LZZL7bB7AZL7%2ABEh7ZL7%2DGZLxZL9b7DLZxZL7%2DDZL9b7AZLxLZEh%5B%5D%20x%3Eb9%2CLZD%2D7LZxLZBb7LZxLZA7LZ%3CD%2ES%2E%20al%202nd%20End%2E%3Ex%20Z%20==0=0
daa935b0-c48c-401f-92f4-649ae90ff1d8,irealb://Dan%C3%A7a%20Da%20Solid%C3%A3o=Paulinho%20da%20Viola==Samba=C%23%2D==1r34LbKcu77%5EA%7CQ4C%23%2D7C%7CQyX7h%23D%7CQyX7%23%2DF%7CQyX9b7%23C%7CQyX%23%2D7Xy4TA%2A%5B%7CQyX7%237b13yXF%2F9b7%23C%7CQyXE%2D%2F%23C%7CQyX7h%23D%7CQyXQ%7CF%23%2DG%7CQyX%7CQyX7yQ%7CC%23%7B%5D%20%20lcKQyX7%2D%23CQ%7CyX31b7%23G%7CQyX7%2D%2ABD%23hX7h%23DKQyX73XyQ%7CyX31b7%23G%7CQyX7%2DF%23ZL%20lcKQyX9b7%23CQ%7CC%23%2D1b7%23GZL%20lc%5B%2ACG%23b7%23CZL%20lcKQyX7%23%2DCZL%20lcKQyX31b79XyQK%7D%20%20lcb7%23GZyQKclQyX7%2D%23C%7CQyXC%2F3b17%23G%7CQyX7h%23DZL%20Kcl%20LX7%2D%23F9b7%23CKcl%20L1b7%23G%7CQyX7h%23DB%7B%2A%5D%20%20lcKQyX7%2D%23CZ3XyQ%7CQyX31XyQKcl%20LZF%23%2D7XyQ%7CG%237b13XyQ%7CC%23%2D7XyQKcl%20%20%7D==0=0
da3ffef8-d3c7-4dfc-aecc-58e1a8acd658,irealb://A%20Dream%20Is%20A%20Wish%20Your%20Heart%20Makes%20%28Cinderella%29%3DDavid-Hoffman-Livingston%3D%3DMedium%20Swing%3DG%3D%3D1r34LbKcu77E%7CQy4GXyQX7B%7CQyXG1NZL%20lKcQyXG%7CQyXG/o%23F%7CyQ%7CCX4TA*%7BG%7CQyX*BA-XX-A%7CQyXA/o%23G%7CQXy-A%7CQyXA/o%23G%7CQyyQ%7CD7%5B%5DQyXQyX9-7%20%20sF%20%20lcKQyXC%7CQyX7%7CGQyX7-Dl2N%7C%7D%2Co%23%5D%5B*CCD%7CQyXQyX%5D%20Q%7CGXyA%7CQyXGZLQ%20%209b7%7CDQyX7-A%7CQyX7A%7CQ-7%20D7yX7F%7C%20Y%7BQG%20E-7LZA-7%20D7%20%7DGXyQZ%20%3D%3D0%3D0
da73b612-9feb-426c-9303-d10b5055a4b7,irealb://All%20Of%20Me=Marks%20Gerald==Medium%20Swing=C==1r34LbKcu7%20lcKQ4C%5E7XZL%20lcKQyX7AZL%20clKQyX7EZL%20lcKQyD%2D7Xy4T[A%2AyX7G%7CE7XyQDZL%20lcKQyX7DZLl%20cKQyX7%2DAZL%20lcK%2D7XyQ[B%2A]%20%20%20lcKC%5E7XyDZL%20lcKQyX7AZLl%20cKQyX7EZL%20lcKQ%2D7XyQ[A%2A]QQyX7%2D%5E7XyQ7A%7CQyX%29G%2F7%5EC%287E%2D%7CQyX%297o%23F%286%2DF%7CXyQ%7CDF[C%2A]%7CG7XyQ%7CC6%20Ebo7LZD%2D7%20G7%20Z==140=0
da0c4262-0805-4df4-a228-174cc7c1a084,irealb://A%20Modo%20Tuo%20-%20Luccio%3DToffoli%20Elisa%3D%3DMedium%20Swing%3DC%3D9%3D1r34LbKcu7ZL-DZ8FsusZLxZLFA*%7BY%20%20QyQXyX%5D%20FZL2FZLFZLFLZCL6Ti*%5BX%5D%20xZLZxLZ%7C%7D%20xZLF1NZLCZLBbZL-DZLCZLFZLbBN2D-L-GZLxLxZLFXyQXy%20xZLFZLbBZL-DZxLZLCZLxZLFB*%5BYQ%5DY%5B*AQyXQyY%5D%20xZLZD-LCZLbBZL-DZLCZLZFLbBZLxZL-GZLxZLZD-LCZLFZxZL-DZxLZCFZLxZLFA*%5BY%5D%20xLZFZLbBZL-DZLxZLLZCLZLFB*%5BZLC%3E.ZxLZB........llaR%3CZbLBZL-DZLCZLFZLb.....L-GZLFLZx%20%5DY%5B*BFLZxLZCLZxLZD-LZBbLZFLZx%20%5D%20%3D%3D0%3D0
da4c5fb3-41bf-4f40-8106-895e47ab1615,irealb://Echoes%3DFloyd%20Pink%3D%3DRock%3DC%23-%3D4%3D1r34LbKcu7%20%2096*44%3C*7F%7B%20xZL%23C%2F-%23GZLZxL-%23F%3E46%20mpb%20%204%23-LZ%3CTi*%5BYLsus%23%3A%3ExLZL7-%23A%5B%7D%20)%23C%2F-%23(GxZL)-%23C(%23C%2F-%23GZALZGx%20ts1A%5D%20-%23C%23-LZC%2Fsus7%23G%2C-%23CsZxLZL-%23FZLxZLxZLx%23%2C%7ClC%5D%20%23GZ%7CQyX-ALZG%23i%20cov(QyXQyX47%3C*SA*%7BY%5D%20%23GZLsusn)%3EC%23ZL7-%23sZL7-yQ%7CF%23GZL%23Cl%7C%7D%2C7%23G%2C57%23%23Gs%20%2C7%23G%7CQyX7-%23LZF%23X7-%23GLE%3E.dA%2C%7B*B2%20la%20.S.D%20%3C%7D%20%3E3x36*%3C7AZL-%23Cl1Nnd%20EnQ%2C7%23GLE%3E.d%2C%5DY%7B*3%20la%20.S.D%3C%7D%20%3Ex336*%3C7AZL-%23Cl2NBrd%20EnC%2CBsZpo%20%204%2C%5D%7B*B%7BY%7D%2CC%2CBsZLE%7D%20%3E3x36*%3C7AZL-%23Cl3N*C%3C*7C%2CBsZ%3E)tuo%2Forga(%20QyX90*%3C%7C%23C%2F%23sF%20%207-%23Cl%3Eolos%20nfade%20tg%20ne%7CQyXn63XyQo(%20xf%20dnuos%20naceo%2047*%3C%7B%7D%20%20%3Ex04pen)%3E*%3Cx%20lWZL%23F%7B*D%3C*B%7B%7D%20xZLxZLxZL-lB%3E)ni%20edaf(%20%2017-LZW%2F%7DQyXnr%20ZLB1W%2FE%20B%3Eopmet%20a96*%3C%7Dx%20ZLxZLxZL-B2N%7B%7D-LZA%2FNZLD%2F%3CZL%23GB-LZA%23C%7B%7D%20E%2FA%3Ex01Qy3X6*%3CZLD%2F-BZL%23F%2F-LZB%2F%7B%5D%20%20%7CZL%20%7Cr.S.%20aZL-%23CQB*%7BY%7D%20%23FB%2FZLE%2F-%23C%3EadoC%20lA7LZ%20D%2096*%7CQyX7ZELZsyX-%23Cl%3Eortuo%204*7%3C%7B%7D%2CC%3Ex336*%3C%2CBQ%7CG%23-L%20%7Cr%20F%23-7XyQ%7C%3CXyQ%20%20vamp%20out%3EG%237%2C%20sG%237%235%2C%3C*727x%3EG%237%2C%7D%20%3DPop-Slow%20Rock%3D64%3D1
da1ad465-dcc2-4e83-9441-c96b4fbcfd78,irealb://Summer%20Night%20GS=Warren%20Harry==Medium%20Swing=C%2D=7=1r34LbKcu7%207%2DbB4C%2D7X%207%2DC%7CQyX9b7G%7CQXy7%2DC%7CQyX9b7G%7CQyB%2D7LZ4TA%2A%7BQyX7hAb%5E7X9b7G%7CQyX7hD1NB%5B%2A%5DQyX11%237%5EbD%7CQyXyQ%7CDZL7bE%7CQyX7XyQ%7CC%2A%5B%7DQyX9b7G%7CQyX13bA%7CQyX7F%7CQyX7%2DCN2Dh9b7G%7CQyX7byQ%7CC%2D7%2DF%7CQyX7C%7CQyX7G%2DZL7o%23F%207F%7CQyX7XyQ%7CBX9b7GZ%20=Jazz%2DGypsy%20Jazz=130=6
dacfbf2b-9972-4d85-a2bf-331bd6d5930b,irealb://Conversa%20de%20Botequim%20-%20In%20AAB%20ABA%20%E2%8A%99%20In%3DRosa%20Noel%3D%3DSamba%3DD%3D%3D1r34LbKcu7A%20-EZ4G%20F%23-B%207%23F%20G%7CQyX7D7%20A%20-EZL7E%207-B%2077%20E7L4Ti*%5B%29C/-A%20%20%5DY%7B7A%20%3E%20%20%3C%2C-EZL%2CoD%23%20%2CD%20%2C7A%20%2C-ElA*%2C%20A-%28n%2CD%207yX%7D%20%2CB%29D7/yXn%203N%2C7E1N%7CQy7X-B%20%2C7%23F%20%2CGZL%2CAQA7%235/-A%28%20QyX7BQLZN2%5D%20%29o%23D%287D%20%2CD%20%2CA7%20%3E.4%2096*%3C0N%2C-EYY%7B*B%20QyXQZL%20Qy%7CC7XyQyX7DQyX7A1N%7CQXy7AQyX7E%7CQyX7BQ%7DXyQXQyX-EN2A-%20D7%20G%2Cn%20%20Z%20%3D%3D0%3D0
da6a3fb6-4511-4c31-9c6a-798240613fa3,irealb://Esperancas%20Perdidas%20-%20AAB%20AB%3DOs%20Originais%20Do%20Samba%3D%3DSamba%3DC%3D2%3D1r34LbKcu7tnauQ%20F13L*%7BYY%5D%20%2C7G%20-CZL7%2CG%20bAZL%2C-C%20%5EbBZAT44%3C-Ci*%5B-CZL7lezasQyX7bB%7CQyX-FZLC7%20-C%3E%20sadaxied%20%7CEb%20Geb%20saan%20%2CoF-XyQq%20oruj%20uE%3CB*%7BY%7DY%20%2C7G%20-C%7CQyX7G%7Cue%20naZL7C%20o%20posso%20ficar%3EC-%20C7LZF-XyQ%7CBb%20G7LZC-%20G7%2C%20%7D%20%3D%3D0%3D0
dadc5ea6-4dc4-40a5-a6cf-369f683be8ec,irealb://Menina%20de%20Aruanda%20-%20Sq%3DAdemir%20e%20Nad%C3%A3o%3D%3DSamba%3DE%3D%3D1r34LbKcu7%7BF%23-%20B7LZE%2C%20FoLZXyQr%7CXyQ%20%7D%20%3D%3D0%3D0
da832648-5bbe-474c-a667-4b951a0d08cf,irealb://O%20Bebado%20e%20a%20Equilibrista%20-%20ABAB'%20CA%3DBosco%20Jo%C3%A3o%3D%3DSamba%3DA%3D%3D1r34LbKcu7yX%5EA%7C4%3CCaiQyX7-%23C%7CQyXx%7CQXy%5EA%3E..edrat%20a%20a%7CxXyQ4TA*%7BQyXx%7C%20F%237LD%7CQyXx%7CQyX%2C7-BLZQyX%7C%5D%20%2C9C%209-BZ69XyQ6-G%7CQQyX%5EAQ%7CB-7evun%20uE%3CB*%5BY%20QXy%7C%5D%20%2C7E%20%5EAZL7E%20ns..%3EyX9E%7CD%5B%20Qy%7CC%23-77-BZL%2C7%23F%207GZL7%2C%23F%20oE%7CQyXx%7CQyXXyQ%5BXQyXx%7CX%7D%20%2C7%7CG7XyNZL%2C7E%20-B%7CQyX9%7CBQyX7%23F%7CQyX%5EA%7CQ1A%5E%20EQyX7-X%5EA%7CQXyQXyQyX7-DC*%5B%20QyX%5D%2C%205%237%23F%206-G2N%7CYQ%7CG7XyQyXQyyXQyX7XyQ%7CeniF%20la%20.C.D%3C%20A%5EZL%2C7E%20-B%7CQyX9B%3EE7%20Z%23F%7CQyQXyQXyQYY%7C%3CVersion%20Live%3EA%5E%20D-7%2CLZfA%5E%20%3D%3D0%3D0
da6f2418-f913-4cfe-ac77-95599ef1cc27,irealb://Obsess%C3%A3o%3DMirabeau%20e%20Milton%20de%20Oliveira%3D%3DSamba%3DG-%3D%3D1r34LbKcu76bE%7Cp4G-%20DZL7F%20-C%7CQyX-CZ7LG%20-CZL7G%20-GZL7Bb%5E%20p4TA*%7BBZL7F7XyQ%7DyX7GZL7D%20hA%7CQy%5EXbBZL7F%20-CB*%5BYYQ%7CC-%20D%7CQyXb%5EXyQ%7CEb7XyQ%7CD7XyQZ%20%3D%3D0%3D0
da7e7511-584a-4dcc-93dc-74307b7b62e2,irealb://Both%20Sides%20Now=Mitchell%20Joni==Folk=Gb==1r34LbKcu7BsZLb4Gb%20B%5EbGA%2A%7B%5D%20%20x%20ZLb%2FGB%20bGZL%20x%20ZLbG%2F7%20B%2FG4Ti%2A%5BLbG%2FBb%2FGb%2CLbGl%2CbG%2FbD%2CbG%2FsBZL9%5EbG%20bGlZLbGZGb%5E%20D%2CbG%2F%2FBsZLbXyQ%7C7%5EbGA%2A%5B%5DQyXbG%2FussbDZLbG%2FB%207%5EbG%20B%2FGbG%2FbDZZLbG%2F%2FGb%2CGZLbGl%2CbG%2FbD%2CbGB%2FsZL9%5EbG%20bGlZLbGb%5E%20BbD%2CbGG%2FBsZXyQ%7CG%207%5EbGB%2A%5B%5DQyXbGs%2FusbDZLbG%2FB%207%5EbB%2FGbLbG%2FbDbG%20bGGb%2ClGbG%2FB%207%5EbGZLbG%2F%20BbGZLbG%2FB%20bGZLbLZDb%2F%2FbD%2CbbGZLb7%20B%2FGGZL%20x%20ZLbG%2FB%20b%7CG%5D%20xZLsus7bDZLbb%20B%2FG%5EbGZLG%2FB%20bx%3E%20%7D%5Bl%2CbG%2FbD%2CbG%2FBsZbLG%2FB%207%5EbG%2CC%2A%2CQ%2CGbLZG3%3C%20%20%2Csus7b%20B%2FGb%2FB%207%5EbGZLbG%20bGb%2FDZLbG%2FB%207%5EbGZLGbLZDbGZLbLZx%20%5D%7CGb%20B%2FGbLZ%20x%20LZGb%20B%2FGbLZGb%2CXyQZ%20=Pop%2DSlow%20Rock=97=1
da40a221-bb84-42d6-aa06-8df7018816e1,irealb://Dream%20Brother=Jeff%20Buckley%20%28Buckley%2C%20Grondahl%2C%20Johnson%29==Rock=C%2D==1r34LbKcu7%2FG%20%2CF4C%2D%2FG7G%20susGZLG%20%2CG%2FC%2DZL7G%20susGZLG%20%2CLZC%2D%2F4Ti%2A%5B%2FW%2CF%2Fsus%2FC%2A%7B%5D%207G%20susGZLG%2C%20F%2F%2DCZL7Gl%2CB%2FW%2CASsC%2DGsZLBW%2CG%2F%2DLZGsu7G%20%2CsusGZLGl%2Cb%2FAW%2CF%2F%2DCsZL7G%20%2CsLZ%7CsCGl%2CbAl%20%2C9%2DF%2CW%2FA2C%20%2DC%7CQyX7bBZLAb%2FG%20bA%2FsusGl%7C%2CbLZ%7CsF%2FG%2CB%2FyX7bBus%2C%20G7G%20%2CsusGZLGl%2Cb%2FAW%2CF%2F%2DCs1NZLQ%2C7%20%7D%7CN2sGZLG7D%7CQyC2LZsQyX6bBB%2A%7B%5DQyX%2CG5ZLGl%2CbA%2FW%2CF%2F%2DC%7CC%2D6X%20%2DC%7CQl%2CbA%2Fb%5E7XyCsZL7G%20%2CsusGZLlG%2CbA%2FW%2CF%2F%2DCs%7B%7DQ%2D%2FF%2CWE%7CQyXCsZL7us%2C%20G5Gl%7C%2C5G%2CF%7C%2CF%2C%2DsCZL%2DCC%2A%7B%7D%20%3Ex4%3C7%20%7D%7BC%5EsGZLG%2DGZL7N1F%2CG7DZLG%2F6%2DClD%2A%5B%2CG%2D%2CFs2N%7C%7D%205Gl%7C%2C5LZEb%5E%7C%2CF%2C%5EF%2F%2DCs%2D6%2FDLbEZL7DZL6%2DCZL6BbB%2A%7B%5D%207%5EbEZL7DZ%5E7%20%7D%7BCZLD%2FX7bBQ%2ClGLZ401%2A%3C7G%20%2CsusG%3EdaoC%20la%20%2ES%2ED26%2A%3Cx%3E%20%7D%7BbA%2FW%2CyQ%7CC%2D%20C2LZsC%2D%2FF%2CW%2FAb%2ClGLZG5%2CXyQ%7D%20=Pop%2DRock=98=1
daa320f0-e6c0-4abc-9a81-f25188ef3e6c,irealb://Fix%20You=Coldplay==Rock=Eb==1r34LbKcu7%2A%5B%5D%20b4Eb%20G%7C%2CbB%2FWs%2C%2DG%20bEZbLB%20%2DCl%7C%2CbB%2FWs%2C%2DlC%2D%20B4Ti%2A%5Bs%2C%2DG%20%2D%2CsW%2FB%20%2DCl%7C%2CbB%2FWs%2C%2D%20GbEZLbB%20%2DCl%7C%2CbBbLZEbG%20bEAbB%2FWs%7ClC%2D%20ESA%2A%5B%5D%20bB%20%2DCl%7Cb%2CB%2FWs%2C%2DG%20bEZLbBb%20G%2D%2C%2CbB%2FWbB%20%2DC%20BbLZ%2FWs%2C%2DG%20bEZLbB%20C%2Dl%7C%2CbB%2FWs%2C%2DG%20bEBb%2C%7Cl%2DCl%7C%2CW%20%20bAG%2D%2CsWsusbB%7C%2CG%2FW%20%20bA%2AB%5B%5D%20bB%20%2DCl%7C%2CbB%2F%20BbLZ%20bEZL%2C%2DG%20bbsus%20yXQyX%5D%20Q%2CbB%20subsB%7C%2CG%2FW%20%20bAZLbBQ%20%20%5BEB%7C%2CG%2F%20%2CbB%20%2C%7ClC%2DdoC%20la%20%2ES%2ED%3C%7C%2CBb%2FWs%2C%2DG%20bEZLbB%20a%3ElC%2DbB%2FWsA%20bA%7Cb5XyQZLbB%20%29%2DG%28susbBQ%7CyX5bEZL2bA%20bA%7CC%2DXyQEQ%7BY%5DE%7D%20%3Exb5XyQsusbB%7C%2CG%2FW%20%20bA%7D%7B%20%3Ex4%3CbB%20susbB%7C%20Bb%3C3EZL2bbXyQZ%20==73=1
da4821e6-32d4-4bb2-8543-6f9443669325,irealb://Me%20Has%20Bendecido%3DYaroide%20Marcos%3D%3DRock%3DC%3D%3D1r34LbKcu7%20G%7CQy4G%20D/XC%7CQyXGA*%5B%7DQyX%7CDQyXCZLD%20-EZL%23FyQ%7CDX4Ti*%7B/B%20B%7CLZ%7CE-QyXCS%7CQyXD%7CQyXm*id*%23C%7CQyXC%7CQyX%7CDXyQ%23F/7B%7CQyX*-XyQ%7CC%3Emid%23c%20ar106*%7C%3CQyX-A%7CQyX*%20*C%7C*7dimBZL%23D%23F%3E5b2da%20tX15*%3C%7CQyXG%7CQyXBG*%7BQyXDZLQ%20%20%3E%20oyQXyQ66*%3CD/D%20GQ%7CBXyQ%20ot%2056*%3C%20D%7CQyXA-ZLB/G%20CZLD%20-E%7C%3E%20S%20%7DQyX7-5bQyX%20DLZC*%3C%7CQyXA%7CQyXAC*%20%7B7D%20-E%7CQyXD%7CQyX48XyQ-EZLF%20%3EG%23-XyQ%7CC%237XyQ%7CF%23-%20ELZD%20A/C%23LZB-XyQ%7CEXyQ%7DA%20%20U%20Z%20%3D%3D0%3D0
da9b6514-9942-4584-aed9-199412bfd2e3,irealb://Tus%20Ojos%20Revelan%3DComposer%20Unknown%3D%3DBallad%20Even%3DG%3D%3D1r34LbKcu7%20C%7CQyT44GXyXC%7C%7DQyXD%7CQyX*j7am*C%7CQyX9-E%7CQyQ%7CE-X%2Ci*%2C%7BLD%20-EXyQ%7C%7CG44T%7CQyXD42TZLA-%20CZLD%20-EZL-B%20G%20B-LZDZL-AZC%20DLZGXyQ%5D%20%3D%3D0%3D0
da92e3d1-73ea-4c9a-a453-dd116c35320a,irealb://Rey%3DD'Clario%20Christine%3D%3DRock%3DE%3D%3D1r34LbKcu7%7DQyXA4EXyQ%7CQyX-%23C%7CQyX-%23CQ%7CyXB%7CQyXB%7CQyXE%7CAXyQ%7C4TA*%7BXA%7CQyyQ%7CEXX-%23C%7CQyX-%23C%7CQy%23XD/B%7CQyX%23D/B%7CQyyQ%7CAXXEB*%7BQyXA%7CCC%23-XQyXE%7CQyX%23D/B%7CQXy%23D/B%7CQyX-%23C%7CQy%7CEXyQ*%7B%7DQy%7CAXyQ%7D%20%3D%3D0%3D0
daec138b-9084-4b2d-9de9-4aa181c71a5c,irealb://Abre%20Mis%20Ojos%20Oh%20Cristo%3DComposer%20Unknown%3D%3DRock%3DC%3D%3D1r34LbKcu7%2CC%7CQy4C%2CXyyX%2CF%7CQyX-D%7CQyXG%2C%7CQyX%2CG%7CQyX%2CC%7CQQ%7CC%2CX4TA*%7BL%2CF%20-*BG%2CX-A%7CQyX-E%7CQyX%2CGLZ%2CF%20-D%7CQyX-A%7CQyXyQ%7CD%7B%7DQyXyX%2CF%7CQ%7D%7B*C%7CQyX-A%7CQyX%2CG%7CQXy%2CG%7CQyX%2CC%7CQyX%2CCG%2CXyQyX%2CGZQ%7CF%2CXyQ%7D%5B%2CU%2CC%2C%20%20%5D%20%3D%3D0%3D0
dae61e5a-bc48-4934-b72b-e64b08c10c8e,irealb://O%20Vento%20Sopra%28G%29=Barros%20Aline==Medium%20Swing=G==1r34LbKcu7%7cQyX%234GXyQyXGA%2a%5b%5d%20%3ex3%3c%20%20%7cCQyX%2dE%7cQyX%23F%2fD%7cQ%7cD%2fF4Ti%2a%5b%7cQyX%2d%7cC%20%20%3c%23F%2fD%7cQyX%2dA%7cQyX%7cDQyX%2dAB%2a%5bY%5d%20%3ex4XyQ%7cAQyX%2dE%7cQyX%2dQ%7cC%2cXXC%7cQyX%2dE%7cQyX%23FD%2f%7cQyXG%7b%7cQyX%2cDQyyQ%7d%5bAyXB%2fGDXyQKcl%20LZGXyQ%5d%20==0=0
dab21541-b3d5-44d4-8ad1-b2cf2e4086e9,irealb://Aquele%201%3DPraise%20Renascer%3D%3DBallad%3DC%3D%3D1r34LbKcu7yX%2C*)%2FF%23%2C%20*%23G%20%2C*7m*BZL%2C%23%2FCA%20%2CD%20%2C%23C%2FAZL%2CGm7(%235D44T%5B%20*7m*%2C%20D%2FFC%2FA%20%2CD%20%2C%23C%2FAZLD%2C%2FG%20%2CDZL%2C7-E%20%2C%23%23%2CLZB31G%7CQL%2CF%20%2C(%235)*%2CD%2FbB%20%2CF%7CQyXQyZXL%2C%23F%2FD%2031G%7CQyXLZC%2FE7m*%23G%235(9bF%2FA%2CL%23C%5B%20%2CD%20%2CD%2FG%20%2CD*v%5BYY%5D%20%2CA%20%2C*4*AZh%20F%23*%20%2CbBZL%2CB%2FGZB*m7%2FDZL%20%2CG%2FA%20%20%2CA%2F%7CGZL%2C%23G%2FE%2CA%2FD%20%2C*F%23%2C%20%20L%20%2C*)%20QyXQ13*%2C%20yX%2CsusAZL%23G%2FE%2C%2FAD%207-BZL%2C%23A%2F%23F%20Q%5D%7CXy.9*AZX%2C*7myQ%20D%2CX%2C*7m*A%7CQyX%2C*M*7bBZLQyXQyX%2CC%20%20yQ%7CG*X%2CDYYyQ%7CA*4*%2C%20A%2C%20%7C%20%3D%3D0%3D0
da31bea2-d61f-421c-bfdd-f870394bc84b,irealb://Morena%20Tropicana=Valen%C3%A7a%20Alceu==Xote=B%2D==1r34LbKcu7QyX%5DQ4B%2DXyosreV%20%3C%7D%207%23F%20%2D%7CEQyX%2D%23F%7CQyX%2DB%7CQ%3EB%2DXy2Ti%2A%7B%2A%5B%7DQyQXyQ%7B7%23F%20%2DE%7CQyX%2D%23F%7CyQX%2DB%3EetnoP%20%20%3CA%2ALZB%2DXyXQyX%23C%7CQyZDXyQ7%23F%20h%23C%3Eo%C3%A3rfeRyQX%3C%7B%7CQyXDZLG%20A%7CLZB%2DXLG%20ABh%20F%237LZB%2DXyQ%7D%7B%2AAB%2DXyQ%7CF%23%2DXyQ%7CE%2D%20F%237LZB%2DXyQ%7D%20==58=0
da4bba26-75fa-4b18-8ada-001c431d78b7,irealb://Onde%20Est%C3%A1%20Voc%C3%AA=Dominguinhos==Xote=E%2D=0=1r34LbKcu77A%20%2DE4E%2D%2C%20%20%2DEA%2A%7B%7DQyX%2DEZLA7%20%2DEZL7A%20%2DEZL7AA7%2CLZ2Ti%2A%7BEZL%2C7DLZC%2C%2A%7B%20%20QyX%7D%20%20%2DEZLA7%20%2DEZL7A%20GZL%2CD%20AE%2D%20A%20%2DEZL%2AZL%207ZE%2D%20DN%7D%20%20%2DE1NZL7A%20%2DZEL7A%20GZL%2CD%20%2CCZL2C7%20BL7A%20%2DC2N%7D%20DLZCLC1NZL7AZL%2DEZL7ZAL%2DE%7B%207AZLGZLDZ7LZB7ZL%2DEB7LZD7LZG%5E7XyQ%7CF%23h7%2C%20B7LZE%2DLZA%2D7LZC7LZB7LZE%2DLZx%20%5D%20=Latin%2DBrazil%3A%20Bossa%20Electric=75=0
da06ba5d-ce8a-4029-be36-6a806a9c4ffd,irealb://Papagaio%20embriagado%3DMascarenhas%20Mario%3D%3DChoro%3DC%3D%3D1r34LbKcu7QyXC%7C22G7X%7CQyXC%7CQyX7G%7CQyCX%7CQyX7G%7CQyXC%7CQyG7XyQTi*S%5BC%7CQyXXyQ%7CG7G%7CQyX7G%7CQyX7GQ%7CyX7G%7CQyXC%7CQyX7XyQ%7CCCA*%5B%7CyXC%7CQ7XyQ%7CyXC%7CQyX7G%7CQyXCQ%7CyXF%7CQyXF%7CQyX7CQ%7CFXyC%7CQyXQyX7EyQ%7C%3CFA%7CQyX7E%7CQyX7E%7CyQX7EB*%5DQyXC%3Eeni-XyQ%7CX7G%7CQXC%7CQyQ%7CE7X7A%20C%7CQyX7G%7CQyX%7CCQyX-D%7CQyX7A%7CQyLZD-XyX7E%7CyQ%7CG7XyQ%7C%3CD.S.%20al%20Fine%3ECXyQ%5D%20%3DLatin-Brazil:%20Samba%3D165%3D1
daa16825-8f58-4c54-984b-ed5ba303027b,irealb://Oceano%3DDjavan%3D%3DMedium%20Waltz%3DD%3D%3D1r34LbKcu7X7-B%7C4DXyQ-B%7CQyX7-B%7CQyXoA%23%7CQyX7A%7CQyX7%5EG%7C%5E7XyQ3TA*%7ByX9b76XyQ%7C7-%23F%7CQyX7C%7CQyX-7G%7CQyX7D%7CQyX7-AXyQ%7CB-B%7CQyX-D%7CZyQ%7CA9E%7CQyX7%5EF%7CQyXC/D-%7CQyX-DB*%7BY%7DQyXh%20A7LX9E%7CQX7A%7CQXyQ%7CF-E%7CQyX7%5EbB%7CQyX-7A%7CQyX7-G%7CQyX7%5E7b5Xy7C%7CQyyQ%7DY%7B*CDXyQ%7CF%5E7XyQ%7CG%5E7XyQ%7CC7XyQ%7D%20%3D%3D0%3D0
daa12d76-32e6-4c8c-8bff-3c57c1b461f0,irealb://Dont%20Leat%20Your%20Deal%20Go%20Down%3DTraditional%3D%3DBluegrass%3DG%3D%3D1r34LbKcu7%7CZL%20l4E7XyGZL%20lcKQyX7DZLl%20cKQyX7AZL%20lcKQXyQKc4TA*%5BKQyX7Kcl%20LlcKQyXGZL%20lcKQXy7DZL%20lcKQyX7AZ%20%20%5D%5BEQyX7EAZL%20lA7XyQ7E%7CZL%20lcKQyXGZ%20LlcKQyX7DZL%20lcKXyQKcZL%20lc7XyQKcl%20LZD7XyQKcl%20LZGXyQKcl%20%20Z%20%3D%3D0%3D0
dafa9ad2-efa9-489b-83d8-25faf76fe4d7,irealb://Michelle%3DThe%20Beatles%20%28Lennon%2C%20McCartney%29%3D%3DRock%20Pop%3DF%3D%3D1r34LbKcu7%5B%5DQyX4F-/C%2CF/-bBZL6-F%207-lF%7C%2CE/W%2CC/7%5E-Fs%20XyQ%7CC4Ti*%5BEZL9%23Bb7%239FB*%7B%5D%20CZL7oB%20CLZB/W%207oDZL6bEZLLZBb7ZLFB*%7CQyXbo7%20W/7bAZL%20lcKQyX-F*A%5B%5D%20CZL7oB%20CZLBXyQ%7CDDZL6bbBZL6%7CsF-%2CFZLC/7%5E-F%20C/-F%7Cl%2CbB/W%2CbA/W%2CG/W-7%20F-QyX7C%207oDZyQ%7CC%20L9%237bBZLFC*%5B%20%20yQXQyX%7D%20%3Ex301*%3C%20ZEb6LXF/9-yXF/-C%20Bo7-F%207-Fl%7C%2CE/W%2CC7/%5E-Fs%20C/-FZLCZL6LZBbZLB/WtaepeQ%5D%7B*D%20C%7CQyX7oD%7CQyX6Eb%7CQyX9%237bB%7CQyXFBo7%3CRyXC%7CQ%20and%20Fade%3ELZCXyQ%7D%20%3DJazz-Gypsy%20Jazz%3D120%3D1
da3ab760-b198-4934-8c56-fdcf840838ab,irealb://Actual%20Proof%3DHancock%20Herbie%3D%3DFunk%3DC%3D%3D1r34LbKcu7XQyX%7D4%3C%28Li%3C%20lcKQyX7-C%3E%29ginpmoc%20onaip%20htgVTC%3E%204Ti*%7BbGZLb*AC-77%5EbG%20p%20p%20pZLQyQXyX7-CZL%20lcKQyX%2311/B%7B%20%20Qy%20p%20pZ/BbXyyXsus31A%7CQyX31QAyX5%239%237AZLQyXQQXyQL11%237%5EyX9%5EA7b5LZ-E%297-D%28%20bB/sus%237C%20sus7B%205b7-bE7%2CLZl-bE%20pLQyXQZA%5E9X4TZLQyXn%20%2045TZ%5DL%20D/11%237%5EbE%20%20Qy4F7XyLQyXQit%20pmyQxXyyXZLQyXQyX7-C4T4Q%7B%20%20QyXQyX%7D%20QQQx%3CVaX43TZ..%29lle%3EXyQrD%28%3CZLD/7%5EG%20E/%5E7F%209%5EA%20sus9B%7C%7D%20um%20fiuc%20llyXQyX...%3EX7%5EbEUZLD/11%237%5EEb%20p%20p%20pZLQyXnQy%2311/D.....Q%20Z%20%3DPop-Funk%3D130%3D3
dade599e-7d03-48cd-8310-6450e1ce96d9,irealb://Que%20Ironia%20%20-%20%20C%3DEl%20Paz%20Martinez%20%2F%20Rodrigo%3D%3DCuarteto%3DF-%3D6%3D1r34LbKcu7nI%2096%3C*69%20Y%5DQyX7C%7CQyXbDZ%20LlcKQyX-F%3EortnI%5B*C%3C*44T%5BYafortental*%3CA*%7BY%5DQyX7C%7CQXybDZL%20lcKQyX-F%3E69%20EsmurtsX7C%7CQQ%7CC7XN%7CQyX-bB%7CQyXbAQ%7CyX7bE%7CQyX-F%7CQy1AbXyyX-F%3E7F%3EolQ%20%5BN2tsE%2096*%3CB*%7BY%5DQXy7C%7CQyXbD%7CQyXbAribilyX%7DQyQyX-Fb-XyQC1N%7CQyX-bB%7CQyXDb%7CQyXbA%7CQyX7bE%7C7XyQ%7CB%7CQyX%7DXyQXyQ%20%20%5BN2C7XyQ%7CDbXyQZ%20%3DJazz-Afro%2012%2F8%3D110%3D3
da169413-ef62-4042-ad8e-70b966f34457,irealb://Together%20Again%3DKoz%20Dave%3D%3DMedium%20Swing%3DC%3D%3D1r34LbKcu7BZLC%20%7B*AT4LbB%2FFZL9-D%207-DLZ9%5EbB%2011%237%5EbBs4ZCsus%20ni*%7C%2011-G1XyQ%7C-GB*%5B%5D%20%2CsusC%206%7CCQyX7-DZLC%20susC7XyQ%7C1%237%5Eb%5EFZL%2C%7CBbXyG%7CQyX7-G%7CQyXC%7CyQXFC*%5B%5D%20%2CC%20bB%7CQ-11%20C%2C7-A%20GZL9-Csus%20%7CQyX6C%7CQyXF%7C%7D%20C%2C%20bBZL-G%209-GZLCG-7%20G%7CQyX7yXU%2CFZ%7C%2CQ%2CsusC%206bB%7CQyX9-%7CGQyXsusC%7CQyX7%5EF%2CC%2C%7C%7CL%2CC%20-QZ%20%3DPop-Smooth%3D85%3D2
da30b980-defb-47df-9083-d2484554c6d2,irealb://My%20Old%20Flame%3DJohnson-Coslow%3D%3DBallad%3DF%3D7%3D1r34LbKcu7%2C7-bB4F%5E7XZL7bE%207-bB%7CQyX-7GZL9b7D%207hA%7CQyF%5E7%20s4T%7BA*FZL7CAb%5E7%20NZL%20QyXQyX%7DQyXC7%7CQyX7-G1NZL7bD2G-7%20l%7C7bEyX7bBb-7%2CE7bGZL7bE%207-bBZ7L-F%207%5EbAl%5BB*%5D7b%20F7LZBs%207%5EQyX7%5E7%20Eb7%207C%207-GZL7G%207-ZDL7-Fl%2C7C%2ChGsZL%5D*A%5BF-bB%7CQbD%207%5ED7b9LbE%2C7-bBs%207%5EFZLb7E%207-bB%7CQyX7-GZ7%7ClAb%207hA%7C7LZG-7%20C7LZF6%20%20%20Z%3DJazz-Ballad%20Swing%3D60%3D2
daf2b4be-8049-41f7-8f60-49bdd194caba,irealb://Afrodisia%3DDorham%20Kenny%3D%3DLatin%3DC%3D%3D1r34LbKcu7QyX7F4C7suus7F%7CQyX7C%7CQyXuss7C%7CQyX7C%7CQyXssXyQ%7C4TA*%7B6-FB*susXy7F%7CQyXsus7F2NZ%20LQyXQyX%7DQyX7F%7CQXyQ%5D%5B7F1N%7CQyX9%23A*7%235X5b7-G%7CQyX9b7b%7CDQyX7-bA%7CQyX*9%23yQ%7CC7%7CQyX9%7CQyX7XyQ%7CFsus7C%7CQyX7C%7CQysXus7CA*%5B%5DQyX96-XyQ%7CC96-F%7CF7susXyQ%7CF7XyQ%7CF7susXyQ%7CF7XyQZ%20%3D%3D0%3D0
da0c15c2-d163-4e4b-a34c-988c73eed363,irealb://By%20Myself%3DSchwartz%20Arthur%3D%3DMedium%20Swing%3DF%3D%3D1r34LbKcu7%20lcKQ4Eh7XL%20lcKQyX7hEZL%20clKQyX7AZL%20lcKQyZA7Xy4TA*%7BKQyX7XyQ%7CFX7C%7CQyX7-G%7CQyXb7E%7CQyX7%5EbB%7CQyX7yQ%7CF%5E7-CZL9b7DZY%5B*BBQyX7hAZL%20lcKQy9Xb7EZL%20lcKQyX7hKcl%20L%7D%20%20lc%7CQyX7cl%20LZ7-G%7CQyX7-D%7CQyX-7A%7CQyX7C%7CQyX7-GXyQ%7CCKQyX%2CF6XyQKcl%20%20Z%20%3D%3D0%3D0
da7c1395-b06a-4412-a80f-8ff5c384d70e,irealb://Very%20Thought%20Of%20You%2C%20The%3DNoble%20Ray%3D%3DBallad%3DAb%3D%3D1r34LbKcu7Lsus74Ab%5E7CZL7%5EbD%206bAZLssu7bE%207-CZL7%5EbD%20-7%20Eb4T%5BA*7hGZLBb-7L-bB%5BB*%5D%20%20lcKQy9XbBZLC/6bA%207oBZ7%20Eb7%206bAZbBZL7LZF-7s7bBZL7hF%207-CZ7LG%207hDZLbE/7-F%20us%20Bb9b7C%20%206bAZ%239LZEbE%207-CZL7%5EbD%207b%5EA%5BA*%5D%207bE%2011%2377susL7F%207-%20%20lcKZC-7%20BZLC/6bA%207oBZL-7bB%206bAZLsus7bEb9XyQL7%5EbD%207-bBb-7%20E%207hDZLbE/7-F%207F-ZL9b7C%207hGZL7bAo7LZB%5BC*%5DAo7LZBb-7%20Eb7LZAb6XyQ%7CEb7%20%20%20Z%3DJazz-Ballad%20Swing%3D60%3D2
da4b03c8-c6c5-4243-b9f9-af91636bdc83,irealb://When%20You%20Wish%20Upon%20A%20Star%20-%20jsb%3DHarline%20Leigh%3D%3DBallad%3DC%3D%3D1r34LbKcu7-D%7CQy4C%20A7LobE%207-E%7CQyXCZ7LG%207-D%7CQyX7-DZLZD-7X4TA*%7BlB*%5B%5DZN1sE2N%7CQyXQyXQyXQy%7DX%2C7G%2C7-Ds%2C7A%2C7-lCXyQL7G%207yX7G%7C7LZCXD%7CQyX7D%7CQyX7-AQ%7CyXCZL7G%207-D%7CQyh7XyQG%207-D7-D%7CQC%20A7LZLobE%207-E%7CQyXCLZ7G%207-D%7CQyX7-DZD-7XyA*%5B%5DQ%20G7LZCXyQZ%20%3DJazz-Ballad%20Swing%3D60%3D3
dac762b2-48bc-4f01-8c86-b5eacc668219,irealb://If%20I%20Should%20Lose%20You%3DRainger%20Ralph%3D%3DMedium%20Swing%3DBb%3D%3D1r34LbKcu7F%7CQyX4G-7XL7bB%207-FZL7%23F%20-7GZL9%237D%207hA%7CQyZEb%5E74TA*%5BD%207hA7LZEb%5EbB%7CQyX7F%7CQyX7C-B*%5B%5D%20%20lcKQyX7%5E7XyQ%7CbB%207-%207hA%7C7XyQ%7CGA*%5B%5D%207D%207hAZLBb/7-C%207-C%7CQyX7C-7XyQ-GZL7cKQyXZG-7%20L7bB%207-F%7CQyX7%5EEbZL7bB%207-FZL7%23FZEb%5E7L9%237D%7CQyX7*CC-77-CZL7G%209b7D%7CQXy7%5EbB%7CQyX7F%7CQyXXyQ%7CF%5B%5D%20%20lUBb6XyQ%7CAh7%20D7%20Z%20%3DJazz-Medium%20Swing%3D100%3D3
da25b702-88b2-48e4-a5b0-a3bb1862b40a,irealb://Night%20And%20Day%3DPorter%20Cole%3D%3DMedium%20Swing%3DEb%3D%3D1r34LbKcu7%5EbE%7CQ4B%5E7X%7CQyX7%5EBZL%20lcKQXy7%5EbE%7CQyX7bB%7CQyBb7Xy4TA*%7B7bB%7CQcl%20LZ%7CQyX7obG%7CQyX7-%7CGQyX7-bA%7CQyX7hAF-7XyKQyX7KQyX71EbXy%5B%5D%20%20lcKQyXbE2NLZ%20QyXQyX%7D%20%20lcKQ*BGb%5EN%7CQyXQyX7hEb%5E7XcKQyX7%5EbEZL%20lcQKyX7%5EbGZL%20lcKQyl%20LZAZL%20lc%7CAb-7XyQ%7CG-7XyQ%7CGbo7XyQ%7CF-7XyQ%7CBb7XyQ%7CEb6XyQKcl%20%20Z%20%3DJazz-Medium%20Swing%3D100%3D3
dac9b02c-f32e-48f1-8c59-153b95db570d,irealb://Caraluna%3DBasilos%3D%3DLatin%20Pop%3DA%3D%3D1r34LbKcu77-BZL4A%20E/AA*%7B%5D%20-D%20DZL%23GE/%20AZL%2CD%207-BZL%23G%20E/G%234Ti*%5B%23FZL%23A%20E/G1NZL%2CD%207-BZL%23GE/%20AZL-D%20%23F/DZL%23A%20E/GZL%2CD%20FZLE%20%2CE%2C%7D%7C%20-D%20DZL%23G/E%20AZ-LD%20DZL%23G/E%20Al2N%5D%5B*BD-Ds%20-ZL%23G/%7CDXyQ%5B%5DQyX7E%7CQyXD%7CQXy-%23FZLE%20D%7CQyXE%7C*CA%20EQyX-%23L%23G/ED%2CE%2C%7CE%2CDs%20-%23FZL-%23C%20ZAL-D%20DZL%23G/E%20Al%2C%7ClA%20s%20-%23FAl%7C%2CE.%20al%20%23FZL%23G/E%20A%2CC*%2C%5D%5B%20-D%20D%3E.dnE%20dn2-%20sD%2CC.D%3CZ%2CD*%2C%5BLZD%20DDZL%23G/E%20Al%7C%2CE%2CsD%20-%23FZL-%23C%20AZL-%20D-%20%5D%23G/E%20F%23-%20DLZF%23-XyQ%7CXyQr%7CXyQLZF%23-%20ELZDXyQ%7CAXyQ%7CE7XyQ%5D%20%3DPop-Rock%3D115%3D1
dac54994-e1f2-4065-84ec-61cd4d9297db,irealb://Moleque%20Moura=Pecci%20D%2E==Choro=D%2D==1r34LbKcu77AZL%2DsD%2D%2CA%2C%2DGZL%2DG%7C%2C7D%2C%2DG%2C%7C7D%2C7A%2C%2DD%2C%2DD%7C%2C7A7%2C%7CD22TS%7B7AZL%2DZD%2D%2CA%2C%2DGZL%2DG%7C%2C7D%2C%2DG%2C%7C7D%2C7A%2C%2DD%2C%2DD%7C%2C7A7%2C%7CDL7AZL7AZL7%3CFineZL%2DDZL7AZL%2DDZLA7ZL%2DDZL7A%7B%7D%20%2DD%3EG%2DLZA%7C%5D%20Q%2CD%3EadoZA7LZ%2ES%2ED%3C2N%7C%7D%20%2DD1NLZ7AZL%2DDZL%2DGZL%2DD%20al%20CL%2DDZL7A%2C7%2DyQ%20%5BQ%23CZL%2D%23FZLDZLD%7C7%2CA%2CDZL7AZLD%7B%20%2DD7LZF%23X%7C%5D%20%2Da%20%2ES%2EA7LZD%7D%20D1N%7C%2C7A%2C%2DEZL%7CD%2C7%2DG%2CGZLD%7C%2C7A%2C%7CN2%3CDZLD%7C%2Cl%20Fine%3ED%20%5D%7C%20=Latin%2DBrazil%3A%20Samba=125=1
da4799c6-9995-4d5d-84de-b757c3763c3b,irealb://Foggy%20Day%20%20%20SukiW=Gershwin%20George==Medium%20Swing=F=10=1r34LbKcu7X7o%23FXyQ%7CG%5EF44TA%2A%7B%5D%207bG%20%2D7G%7CQyX6FZL7C%207%2D7XyQ%7C6Fi%2A%5ByX7%5EF7XyQ%7CyX7C%7CQyX7G%7CQyXh7D%7CQyX7%5EF%7CQyX7CQ%5D%5B%2AB%2DG%7CQy%5DQyX7%20F7LZ7G%7CQyX7D%7CQyX7%2D%7CAQyX7bE%7CQyX7%5EbBXyQ%7CC7%2DC%7CQQyX7G7XyQ%7ChD%7CQyX7%5EF%7CQyX7%7CCQyX7%2DG%7CQyX7o%23F7XyQ%7C%5EFA%2A%5B%207%2DAZQ%5D%5B%2AC6F%7CQyX7bE%7CQyX7b%5EB%7CQyX7F%7CQyX7%2DC%20G%2D7LyX7C%7CL%20QyXQ%2CLZA7bG%207%2DG%7CQyX6F%7CLZ7C%207%2DGZL7%2DD%207%2D%20ZXyQ%2C6%2DbBX6FUZ%2D7XyQ7%2DG%7CQyX6F%7CQyX7%7CCQyX7%2DG%7CQyX7%2DD%7C%20Gb7LA%2CQ%2CZyQ%5D%20=Jazz%2DMedium%20Swing=119=3
daaf0802-3c85-4ac4-bb28-6a83c4666195,irealb://Never%20Can%20Say%20Goodbye%20(Tom's)%3DDavis%20Clifton%3D%3DMedium%20Swing%3DG%3D%3D1r34LbKcu7cKQyX4C%5E7X%20lcKQyX7%5ECZL%20lKcQyX7-CZL%20lcKQyLZC-74TA*%7C%7CQyX7G%5E7XyX7%5EG%7CQyX7-GZL%2CC7%2011-C%7CQyX7%5EG%7CQyQ%7CG%5E%7CZL%20lKQyX7C-7LZlcKQyX7%5ECZL%20lcQKyX7%5EGB*%7CQyX7-G%20LZA-%2011-C%20lcKQN1D7X%7BZL%20lcKQyX7D2N%20%20QyXQyX%7D%20%20lcKQy*CGXyZL%20lcLZG%2CF%20LZFXyQ%7CD7XyQ%7CC7XyQ%7CGXyQKcl%20%20%7D%20%3DJazz-Medium%20Swing%3D90%3D10
da681e2b-252b-4022-99a0-3303af0c71b3,irealb://Autumn%20In%20New%20York%3DDuke%20Vernon%3D%3DBallad%3DF%3D%3D1r34LbKcu7L7-A%204G-7%209b7D%207-AZL7-G%20%5E7FZL7C%206bBZL7-ALZG-74T%5BA*yX7%5EbC7LZAE%207-bB%7CQyX7-G%5B*B%5DQyX9b7D%7CQyX7hb7LZA%206bBZ-G%5BC*7b9LZC%207C%7CQyX7%5ECZL97bG%207hDZL7hA%207-C7%235%20%5DGpp%7CQ-bEZLLZBb6-Cl%7C%2C7bD%2C7Ds%207A-ZL7-G%207%5EFZL7C%207%20D-77-A%207%2C7-bE13LZBZL9b7C%207-F%5BD*%5DyQX7bGZL7-bA%206-bF-7%20sb7F%206X-FUZlDb%5E7%206-bBZL7-A%207-GLZ7bA%207%5EbDZL7bA%20C7b9L%7C%2C7bAyQ%7CppD7b9%20Z%3D%3D0%3D0
da2072f5-9329-4078-b94c-1e5f492a4bb2,irealb://What%20A%20Difference%20A%20Day%20Made%3DGrever%20Maria%3D%3DBallad%3DEb%3D10%3D1r34LbKcu77bB%7CQ4F-7XZL9b7C%207-GZL7b%20A7%5EbE%7CQyX7bB%7CQyF-7Xy4T%5BA*-CZL%20b%5E7%20BX-C%7CQyX9b7G%7CQy7XhD%7CQyX7%5EbEZL7byQKclE%7CQyX%207%5EbEZC-7%20bB%7CQyX7-F%5BB*%5DQXy7bB%7CQyX7-FZL7F7XyQ%7CL7F%2077%5EbAZG-7%20C7-bB%7CQyX7bE%7CQy7XbB%7CQyX7-FZL9b7%20Eb7LZL7bAG%7CQyXb7XyQQyX7bB%7CQyX7-F%7CyQX7obG%7CQyX7%5EbE%7C%7CUEb6D%7CQyX-7%20C7%20Z%3DJazz-Latin%3D155%3D10
da09fc8a-6a38-40d4-861b-d9c02235592c,irealb://I'll%20Be%20Home%20For%20Christmas%20%28Jazz%29%3DGannon-Kent-Ram%3D%3DJazz%3DC%3D%3D1r34LbKcu7ZL7-E4F%5E7%20L6C%207%5ECZL9bD%207D-ZL7-A%207-DZL7-EZF%5E7%204Ti*%5BG%7CQyX-7LZDyX7obE%7CQyX6CA*%5D%5B%207G%20sus7G%7CQyX7Q%7CD-7A%207-DL9bB%20E-7b5yX7-D%7CQyX7G%7CQy7X-D%7CQyX9b7A%7CQyXQ%7CF-9%7CQyX7%5B%5DQyXC%5E7/BXG/7-D%7CQyX7D%7CQXysus7D%7CQyX7-AZLyQ%7CG7%207%5ECZX7-D%7CyQ%7CEb7A%7CQyX5b7-E%7CQy7XG%7CQyX7-D%7CQyX7ob9XyQX6CB*yX7Dl%20LZF6A%7C%2C9bB%295%239B%289B%20s7%5EC%7CQyX9bB%7CQyX7XyQ%7ClcKQyQ%7CD-7%20G7b9LZC6%20U%3CFine%3E%20LZD-7%20G7%20Z%20%3DJazz-Ballad%20Swing%3D80%3D3
dabd4589-d2c7-4ba5-8612-87f77b4a05eb,irealb://Mistletoe%20And%20Holly%3DSinatra-Stanford-Sanicola%3D%3DJazz%3DA%3D9%3D1r34LbKcu7C%20%23C%2F4A%5E7%207E%207-BZL7oC%207-C%23ZL9D%207-%23CZL7-BLZA%5E94TA*%7ByX6A27%2FB%20EQyXQyXQyX%7D%207E%20%5E7A1NZL7E%207-BZL7XyQ%7CNEZL7o%5E%23FZLD-7%20G-%23G%7CQyX7%5ECZL7G7%20-DZL7-A%207%5ECZL77%20C%237B*%5B%5DQ%207-%23CF%23-7%207-%23CZL7-B%207%5EAC%5B*%5D%207E%20sus7EZL9B%20D9LZ%7CQyX7%23F%2011B-7%20E7E%207-BZL7E%20B%2F7ZEL7oC%20%23C%2F9%5EAZL7LZG9%23ZL7oC9LZB7XyQ%7CE7XyQ%7CA6XyQ%7CB-7%20E7%20Z%20%3D%3D0%3D0
da2099ab-802e-4899-9c6f-885c28516416,irealb://Go%20Tell%20It%20On%20The%20Mountain%3DSpiritual%20African-American%3D%3DJazz%3DF%3D5%3D1r34LbKcu7L7%5EbB4F6%20ByX6Fl%7C%2C7C%2CC%2FbB%20s7-G%7CQyX6FZL7%5EbQ%7CF6%204TA*%5BC%2CC%2FbQ%7CG-7G%7CQyX7-D%7CQyX7%5EBF*%5B%5DQyX6FZL%2C7C%20-7%20sByX6FZZL7%5Eb%5E7XyQ*%5B%5DQyX7C%7CQyX7GQ%7CyX7-D%7CQyX%2C7%5EF%7CAF6%20BFl%7C%2C7L%2C7C%20%7CG-7%20yX6FZL7%5EbB%206F%7CyQX6Fl%7C%2C7C%2CC%2FbBsQ%7CG-7QyX6FZF6XyQZ%20%3DJazz-Medium%20Swing%3D100%3D3
da2a3c76-babe-4051-8e39-2473f8e7fac5,irealb://Well%20You%20Needn't%3DMonk%20Thelonious%3D%3DMedium%20Swing%3DF%3D5%3D1r34LbKcu7QyX6F4F6XybG%7CQyX6F%7CQyX7b%7CGQyX6F%7CQyX7bG%7CQ7XyQ%7C4TA*%7BE%20)7A%7D%5B*BDL%20lcKQyX)7bA(7ZDL%20lcKQyX)7G(7bZEb7(%20%20lcKC%20)7G)LZEb)7bA(7C%20)7A(7bZDL)7bB(7D%20)7B(7LZB7(7bB(7F%7CQyX%20%5D%5B*AyX6F%7CQyX7bG%7CQy6XF%7CQyX7bG%7CQyX6FQ%7CGb7)7C(7aD%20secl%20%20Zb%20deyalp%20sa%20sengahc%20etanretlA%3Cy%20MilKQyX6vis.%3E%20%3DJazz-Medium%20Swing%3D160%3D6
da824c71-4b7d-4fc3-8e3d-5524846f61ec,irealb://All%20of%20Me%3DSimons%20and%20Marks%3D%3DMedium%20Up%20Swing%3DG%3D%3D1r34LbKcu7A%7CQyX4G6XyyX7E%7CQyX7E%7CQyXB7%7CQyX7B%7CQyX6G%7CQQ%7CA-74TA*%7BA%7CQyX%5D%5B*BNX7A%7CQyX7-E%7CQyX-7E%7CQyX7B%7CQyX7B1yQ%7CA7QyX7-A%7CQyX%7CD7Xy/5b7-B%207%5EG%7CQyX-6C%7CQyX6C2NC*%5B%7DQFLZE7QyX7--7XyQ%7CD7XyQ%7CG6%20Bbo7LZA-7%20D7%20Z%20%3DJazz-Medium%20Up%20Swing%3D100%3D3
da91c0ae-29c4-470d-8da0-35d9355e54f6,irealb://Maria%20Elena%201%201%3DBarcelata%20L.%3D%3DPop%3DF%3D%3D1r34LbKcu7CZL%2C74F%2C%20C%3E166*%3C%5BZL%2C7D%20-ZGL%2C7D%20FZL%2CFZL%2C%2BG-%20G-4T%5B%20%207CZL%2C%20C%2B%2CL-G%20-G%3E296*%3C%5B%20%2CD7%20-GZL%20ZL%2C7F%20FZ7%2CLZC7CZL%2C%5BZL%20ZZ%20LZGL%2C7CZL%2CCZL%2C7-G-%20G%3E366*%3C%5B%20%2C7C%20-ZC%2B%2CLL%2C%2BC%20%2C7-G%20%3EF%20C%2B6*%3C%5BZL%20ZL%2C7D%20-ZGL%2C7D%20-AZL%2CFZL%2C65%3EG-466*%3C%3E766*LZxLZZL%2C-bBZL%2CbBZL%2CF7%20-C%3E696*%3C%5B%20%2C-DF%2C%20%5B%3C%2C7AZLZL%2C7-LZG-%20L%2C7D%206-C%3E866*%3CZ%5BL%2CFZL%2C7CZL%2C7-GZG-%20G%2C7D%20FC7%2C%20%5B%3C*699%3EF%20Bb-%2CLZF%2CLZn%20%7C%20%3DPop-Rock%3D75%3D1
daa8857d-68d5-4c59-9bf0-19e30c989f5a,irealb://Scar%20Tissue%3DRed%20Hot%20Chili%20Peppers%3D%3DRock%20Pop%3DF%3D%3D1r34LbKcu7%7BT44F%20%20C%2C%7CD-%20Dsus%20%7D%20%3DPop-Soul%3D95%3D1
dab677ce-2463-4d83-986c-0627e848ce66,irealb://Final%20Fantasy%20VII%20-%20Tifa's%20Theme%3DUematsu%20Nobuo%3D%3DBallad%20Even%3DF%3D5%3D1r34LbKcu7%20lcKQyQ%7CBb%7CQyXF%2FbB%7CQyXFZ%20LlcKQyXF%7CQyXF%2F-N1FXyXFA*%7BaF%7CQyXyQLZB%7CQyX9ddaFB*%7B%5D%20%20xZL%207-CZL%20%2CF2Nb-%2FFXQyX%7D%20QyX9-QKcl%20-GZL%2CA%2FD%20%2CbB%7CQXy9-A%7CQyX9ddaFZLXyQ%7CGyX9dd%7CC7XyQ%7CFXyQKcl%20LZEbXyQ%7CD-XyQ%7CGXyQKcl%20%20%7D%20%3DJazz-Ballad%20Even%3D80%3D0
da1f8402-92cb-4567-a938-20ab12f63808,irealb://Antes%20Que%20Seja%20Tarde%20(Before%20We%20Lose%20Tomorrow)%3DIvan%20Lins%20(Dave%20Grusin%20-%20Lee%20Ritenour)%3D%3DSamba%3DD-%3D5%3D1r34LbKcu7x436*%2CT22%3CL%20x%20ZL%20lcKQyX9-6D%3E241%20mpb%20%2047*Z%20x%20%3Ci*%2C%7BYxZL%20x*AD-6-D%7C%7D%20%3Ex336*%3C%20xZ%20L%20x%20ZL%20lcKQyX969%20LZ%7BY%7D%20%3E%5EFZL%2CBb%5E13sus31C%7CQyX9-GS*B%7BY%5DQyX31G2N%7D%20%20%2C%20C131NZL%2011-DZ%7CC-9%2Cb7A%20%2ChEZL%2C31bB%2C%20sus31bBZL%2C31F%209%235%2CLQyX31%20%20QyX1G13%2Fsus9C%20%2C31G3N%7DQXy%2CD%2F31G2N%7C%7DQyXD%20%5DXyQN%7CQyX%237EZLD-9Xy1bB%20%2Csus31CZLQXy%7CrQyX%7CQyX31G%7CQ3sus%2ClA*%7BY%20%3C2N%7CA7%235%2CXQyXQyX%7D%20sus9C%2C%2031G1N%7CQyX9-DZLyQXyQ%20%2C5%23996-D%3Eal%20Fini(%20edulretni%2074*%3C%7BY%5DQyX31G%3Eenstr.)%20.S.DcKQyXl%20LZ%20*%7B%20%20QyXQyX%5D%20%20xZ%20L%20x%20%5B%7D%20%20x%20ZL%20xAD-69cKQyXl%20LZ%20x%20LZ%3CXyQ%20%20vamp%20out%3E%20x%3C*63XyQ32x%3E%20%20%7D%20%3DLatin-Brazil%3A%20Bossa%20Electric%3D142%3D1
daca1fab-0da1-4716-abe1-8d259693222b,irealb://Shine%3DVandross%20Luther%3D%3DR'n'B%3DE-%3D%3D1r34LbKcu7%7BA/C%23%20DsusLZB-7%20E-7%20%7D%20%3DJazz-Medium%20Swing%3D100%3D3
dad4f155-9734-4359-9129-8feaee5db78f,irealb://Very%20Early%207%3DEvans%20Bill%3D%3DMedium%20Swing%3DC%3D%3D1r34LbKcu7%207bBQ%5E7%20%20B%7CQyX7G%20%207%5EbD%7CQXy7D%20%207%5EbE%7CQyX7bC%5E7XyC47T%7BG%20%207%5E%20%20A-7L7bA%207-bE%20%207-EQ%7CyX7B%20%207-%23F%7CQyXZN1Db7%5EDZLG%20%207%5EN2Db%5E7bB%20%207%5EbD%7CQyX7Ab%20%207%5EB%5DQyX7G%20%207XyQ%7CB%7DQyX7%5EF%2C7-C%5E7%20%20%7CQyX7A%20%207%5EC%7CQy7XG%20%207%5EbD%5DQyX7bAD-7%20E%7CQyX77%20G7LZC%5E7%20%20G7XyQZ%20%3DJazz-Medium%20Swing%3D205%3D3
da0f68d1-b88c-46d6-b999-d1d2022a1ed8,irealb://Bad%20Evening%20News%3DMcCarty%20Greg%3D%3DGypsy%20Jazz%3DG%3D%3D1r34LbKcu7X7D%7CQ%20E7LZL7E%20GZLo%23C%20CZLG7%20G%7CQyX7D%7CQyX7AZA7XyG44T%5B%20GZLQXyQ%7CEbEZL9E%20%20%7CQyXG%7CyQXo%23C%7CQyXC%7CQyX-9%20D9%2C7B%7CQy%23GZLnN0G%20EXGZLn%209D%7CQyX7ALZ7E%20GZL7D%207AZL7yQ%7C%20%20Q%7D%209D7%20G7%2CU%20%5D%20%3DJazz-Gypsy%20Jazz%3D125%3D3
da622b25-12eb-4ecd-b17d-4d78198720f3,"irealb://Bad%20Sneakers=Becker%2DFagan%20%28Steely%20Dan%29==Pop=A==1r34LbKcu76D%206E6%20LZD6EZL%20%2D%23C%207%5EDZL%2D7%23F%207%2D%23CZL6D%207%5E%20D6LZE22T[L%20A%7CQXyQ%7CD%2DBZL%20A%2FDZL%20xZLA%20ZL%20A%2F7%2DB%7CQyXA%2F7%2FAXyAA%2A{%20DZLE%2F%5E%20C%23%2D7%2D%23FZL7%2D%23C%20%5EDZ%20LE%2F7%2D%23F%207%2D%23FZL7%20F%23%2D7DSB%2AZFZL%20%2D7LZF%23CZLE%2F7%2DB%207%2DBZL%2D7%23C%20%5EDZLE%2F%2D%23F%20%2D6%20LZA%2D%23C%20%5EQ,6D%20yQXyQD%206EZL%20%2DA%7CQyX6ZCLsus7G%207%2DD%3EoT%206LZE6X%3CZL%5ExZL7%2DSolo%20L9%5EA%3EadoC%20la%20%2E%2ESD%20neht%20noitcesZxLZB%3C{}%20%20LQyX%2DxLZA%5E%2FDZL%20AQZLQyXQyQXyXQyXQyX}%20xZL7A%20LZBZLxZLZ%20A%2FC%23%20B%2D7LZB%2D7XyQLZB%2D7%20%20fA%20]%20==0=0"
da565323-c90b-4baf-876f-bd3304b941a8,irealb://Beyond%20The%20Sea%20Rev%3DTrenet%20Charles%3D%3DMedium%20Swing%3DF%3D%3D1r34LbKcu77-GZL4sF6%2C%207-Al%7C%2CbB/7C%2C7sC%207-GZL7-Dl%2CE/WD7alt4TA*%7B%7C%2CC/711LZFs%207-Al%7C%2CbB/7C%2C-7Gs%207-DZLE/7A%206D-7%2CF%237bG%20n%2C7-GD7/AL7bD%7CQyX7-Dl1N%7C%23%2CC/7A%2C7Cs%20%2C7-GZXyQ%7Cs%20%5EbBl%2C6AsBXyQLZE%2ChBn%2C6FsZL7bG7%20-GZL7bD%207-Dl2N7%2C%5D%5B*%7D7bG%20lZL%2C7lF%23-7BZL11%237C%207-%23Cl%2C%7CD/7E%2C7Es%207-BZL-7%20Bb%2C%23G/WF/7G%2C7%2311L-DZLtla7Al%2CB/W6%2CCsZL11%237bD%207DZ7%20sG7bE%206A1%237bG7%20Eb7%7C%2C7bA%2C7-A%2CB/W%2CC6sZL5%237bD%207-DZLlG-7%20-El%7C%2C7-GZLAsF6%2C%207-Al%7C%2CbB/7C%2C7sC%207-GZL7-Dl%2CE/WD7alt*%5B%5D%201%7C%2CC/711LZFs%207-Al%7C%2CbB/7C%2C-7Gs%207-DZLE/7A%206D-7%2CF%237bG%20LQ%2C11D7/AL7-GZL7bD%207-Dl%7C%23%2CC/7A%2C7Cs%20%2C7-GZ%20Gb7%23%20%5EbBln%2C11%23n%20Gb7%2C7-G%7Cn%2C7bAn%2C7-%7CAn%2C7-bBn%2ChBQ%5B%5D%2CnGb%5E7%2C6FsZ%7CUlF6XyQZ%20%3DJazz-Medium%20Swing%3D130%3D3
da8e2801-6cad-40f2-98e3-3a113bb42e74,irealb://Beyond%20The%20Sea%3DTrenet%20Charles%3D%3DMedium%20Swing%3DF%3D%3D1r34LbKcu7C%207-D4F6%20D6FZL7C%207-GZL7-%20D6FZL7C%207-GZL7-%20A7LZ4TA*%7B%7DQyX7%20D-7L7G%7CQyX7-D1NZL7%20C7-GZLA%2F7D%206bBZXyQ%7CC6FZL7L7E%207N2D-7-%23F%206AB*%5B%5D%207E%20F6ZL7C%207-GZL7bB%207LZB-ZLQyXA%206CZ%23-7LZ-DZL7-A%206C%7CQyXG7%7CQyX6AZL7E%207-B7%20G7LF%206AZ%206FZL-7%20G7GZL7-D%206F%2CA*%2C%5B%20%5D7C%207-G%7CQyX6CZL-7%20C7DZL7-%207-GZG-7%20C%206bBZL7-D%206FZLC7%207-DZL7A%206FZL7D7%2FALZL7-DC7LZD-7%20Bb7LZG-7%20C7LZF6XyQZ%20%3DLatin-Cuba%3A%20Bolero%3D90%3D3
daf896b1-15db-456e-b50d-752d22829dbb,irealb://Biggest%20Rhytm=Melander%20Emil==Medium%20Swing=C==1r34LbKcu77bB%2074Bb7%209%237F%207%2DCZL7G%207BbZL9b7F%207%2DCZL7GLZN1F4TA%2A%7B%2DCZL7b7%20EhbDZL7G%207%2DD2N%7D%20B7%2011F%7CQyX11FZL7%2D7%20GbEZLD%2FyXx%7CQQ%7CF7bQyXx%7CQyX7bD%7CQyxX%7CQyX7DB%2A%5B%5DQyX9%7CC7XyyX5b79%237F%20yQ%7CxX7G%207bBZL9b7F%207C%2DZL7G%207bBA%2A%5B%5DQyLZC%2D7X7F%7CQLZBb7%20Bb7%2FDLZEb7%20Eh7LZF11XyQ%7CF11%20B7%20Z%20=Jazz%2DMedium%20Up%20Swing=240=0
da7a9396-39c8-4411-a88e-202d41626a0b,irealb://Blue%20In%20Green%3DMiles%20Davis-Bill%20Evans%3D%3DBallad%3DD-%3D5%3D1r34LbKcu79-DZL44%3C*7A%209%5EbBZLC%2Fsus7%20F96-D%3E55%20mpb%20%2047%239%235Ti*%5BY%20%2C96-%235LZE5%239%237A%7CQyX11-G*A%5BY%5D%209-D%20A%2Fsus7XyQ%7CD9%237E%20%237E%7CQ-9%2C%7ClD%7CQyX5%239%237A%7CQy9X%5EbBZL9b31F%209-C-69XybDs%2C%20X5%239%23Q%7CA-9X11-GQ%5BYY%20%20QyXyQX%5D%20Q%20%2096-D%7CQyXyQ%7CA7yX5%239yQ%7CD-69XyQ%7CfUD-%5E9XyQZ%20%3DJazz-Ballad%20Swing%3D55%3D3
dad306e1-27c7-4da1-8d4a-a826adec559f,irealb://Bola%20Preta%3DJacob%20do%20Bandolin%3D%3DChoro%3DD-%3D%3D1r34LbKcu7ZL7hBD-LZx%7C%2C7A%2ChEsZL-DZLA7ZLobBZLxZL7AZLlD-LZ44TS%7BZL-DZ-LZE7ZLxZL7AZLxZL-DLZxZL7AZL7EZL%23G/xLZxLAZL6CN%7C%2C-D-LZC7%2C7Al%7C%2C7bB%2CB/7E%2C%7CC/-D%2C-DsZL6FZLQ%20%5D%5BsGZL7D-GZLx%20%7DN2s%7C%2C7bE%2C6FsZL6FZ7LCZL6-GlB*%7B%5D%2C-DlD7LZ%2C7Al1%2C7-AsBb/DLL7C1N%5B%20bB/-GZLBoZLC/6FZLbD/hGZZF6LZZLxZLDsZL-%7D%7CN2lXQyX%5B%5D%207A%3EadoCl%20a%20.S.D%3CZLFZL7CyQ%5BQD%2C6-bADl%7C%2C7%7B*ClD6DsZLoFZLG/AZLA7ZLxZL7-EZLxZL6/F%23%2CA%2C7A%2C-ZL6DZZA/C%23Al%7C%2C7E%2C%23G/7E%7C%2C/A-B%2C7-BsZL-%23FZL7LZxLLxZL6ZLxZL7LZxLZL7EZLxZL7BZLxN1%5B%207%23FZL7GZL7AZxLZA7-EZLx7AZL%2CD6%2CA7ZL%2C7AZLxZL%2C7EZxLZL%2C7BZLxl2N%7C%7D%2Cx%20%5DD6sZL6D%20%5DYYY%7BQsD-6%2CA7b13%7D%20%3DLatin-Brazil:%20Samba%3D200%3D3
daa855a0-30f4-4a00-8666-234f759e0a9d,irealb://Blues%20-%20Variations%3DJay%20Hungerford%2C%20%22Walking%20Jazz%20Lines%20for%20Bass%22%20%282002%29%20p.88%3D%3DSwing%3DC%3D%3D1r34LbKcu77GZL%20C7XyQX7CZL%20lcKQyX7FLZ%20x%20ZL%20x%20ZL%20lcKyQKcl44T%7BYFZL%20l7XyQ%7C7C%7CQyX7F%7CQyX7C44T%7BY%7D%20%20lcKQyX7CXyQKcF%7CQyX44T%7BYcl%20LZG%7CQyX7C%7CQyX7F%7CyQX7GZL%20lcKQyX7C7XyQ%7DKQyX77A%20%2C7%7CF7XyX7CZL%20lcKQyX7FLZ7C%207-G%7CQyX7C%7CQyQ%7CE-QyX7C.syek%3C%28Useo%20rof%20%22esopsnaTr%22%20s'orP%20laeRi%20ther%207-DZL%29%3EXyQ%7CG7XyQ%7CC7%20A7LZD-7%20G7%20%7D%20%3DJazz-Medium%20Swing%3D100%3D2
dad55df5-7690-4f14-8a58-35a4e31ce1f0,irealb://Brief%20Notes%20re%20This%20Porgy%20and%20Bess%20Songbook_%3DGeo.%20%26%20Ira%20Gershwin-Dubois%20%26%20Dorothy%20Heyward%3D%3DOpera%3DC%3D%3D1r34LbKcu7rof%20d%20BessL%20laH%20yb%20detubrutsid%20koobgnos%20eonar%2660*%3CgroP%209Theseps%20a%20rof%20era%20kscart%20gnikcab%20ecific3*%3C%20%3EbaliaXyQXy4122300LH%20sa%20dreflA74*%3CQyXQyXQ2%2C%20avQyX%3Eyhc%20htom%20Amrahc%20lacov/onapi%202151*%3C%20%3E.nozats%20wirf%20elub%20%2Ct%20but%20orht42*%3CQyXQyXyQXQyXQyX%3E.DC%20onughou%2Csdro%20setonge%20tL%20desu%20I65*%3C%20%3Ee.kil%20uoy%20sa%20mehong%20Nahc%20t%20eseh%20withQyXQyXQyXQyXQy%3EXkcart%20kcilc%20a%20%3C*32telytS%20I56*gemenoob%20eht%20ni%20eray%20eht%20sa%20tsuj%20stk.%3E%20%3CnarraXQyXQ%20my%20babyalP%20ot%20orP%20aleRi%20teg%20ot%20tseck%3EXydeirtnahT%20XyQ%3C*reircnwot@kcajt%20a%20em%20tcatnoc14.com.QyXQyoitceJHC%3E%20ro%20stnemmoc%20%2Csonitseuq%20ynA47*%3C%20corr-%20.skyXQyXXyQXy10-5102%20DESIVE%5BR03*%3CQyXQyXQyXQ-21%5D%3E%3E%20%2CsnXQyXQyQXyQQyXQyXQyXQyXQyQXyXQyXQyXQyXQyXXyQXyXQyXQDESIVXyQXyyXQyXQyXQyXQyXyQXQyXQyXQyXQyXQQ%3C%5BREQyXQy%202015-01-21%5D%3E%20%3DJazz-Long%20Notes%3D80%3D1
dafc9ef8-e4a8-4b90-99cc-892ece59951b,irealb://Chrono%20Trigger%20-%20Wings%20That%20Cross%20Time%3DMitsuda%20Yasunori%3D%3DMedium%20Swing%3DC%3D%3D1r34LbKcu7KQyX**m7*%20*%7B%5DQyXG%7CQyXsusZGL*7m*D%207%5EbEZLFAG*m7G44T%5B%5B%5DQyXA*m7*XbE%2F7FZL%20lcKQy*X7m*G%7C%7CQyXx%7CQyXyQ%7CEbZL%20lcusD%7CQ7XyQ%7CyXbB%7CQyX7%5EbE%7CQXy*7m*D%7CQyX*7m*AQ%7CCXy%5EbBB*lcKQyDXyQ%7DbBZL%20lcKQyXbCZ%20LlcKQyX*7m*FC*%7B*m7*X%7CQyXs%20LZEbsusXyQ%7CEbXyQ%7D%20%3DJazz-Even%208ths%3D140%3D3
da289214-a25a-4faa-915c-921a398f07fa,irealb://Buen%20Pastor%20K%3DFranklyn%20Chevelle%3D%3DReggae%3DBb%3D10%3D1r34LbKcu7yXbEA48XyQFZL%20bEZL-G%2CF%2C-%7CG%2CF%20G%2CF%20-G%3E3x%20%20%20%20%7D%7B**%3Ci*%7BN%7D%20%20FZBb%20L1NZL%20-C%7CQyX-CB%7B*%5D%20%20bB2N%7D%20%20G1NZG-%20LZL%20F%7CQ2Eb%20LZFXyQ%7DQBb%20%3DPop-Reggae%3D90%3D1
da72ad26-30f5-4520-a8f4-051233469dd0,irealb://Diatonic%20Minor%20x%208%20%2d%20Down%20Half%20Step=Charts%20Practice==Medium%20Swing=C==1r34LbKcu7%2c7%5e%2dC%20D7b99b7D%205%237%5ebEZL1%2317F%205%237%5ebEZLsussusLZ7%5e%2dC%7b9b7%23C%3e%20%7d%7bB%23DZL11%237E%205%237%5eD%23ZLsus9b7%23C%207%5e%2d%5e7%235%20x8%3c%20%20%5eDZL1B%2d%5e7%2c%205%237%5eDZLsus9b7%20C7%5e%2dbB%7b%7d%20%3ex8%3c%20%20Eb7%231ZLsusD%205%2377b9susus9b7B%207%5e%2dA%7b%7d%3e%20x8%3c%20%20%2c7%5e%2dbBZLsLZC%23%5eC%205%237sus9bZC%23%5e7%5e%2dbA%7b%7d%20%3ex8%3c%20%20%2c%5e7%2dAZLsus9b7B%205%237%20Bb7L11%237%5e%2dG%7b%7d%235%20Db%20%20%2c7%5e%2dbAZLsus97bbB%205%237%5eCZL11%237%3c8x%3e%207%5eCZL%3ex8%3c%209susLGZLsus9b7A%205%237B%5eZL11%237C%205%237%5eBZ%2d%5e7%2c%20b7A%207ZLsus%2d%5e7%20G%205%237%5e%23AZL11%237B5%20%237%5e%23AZLsus9b7%23G%237b9%23F%7b%7d%207G%205%23%2c%20%20%3c811%237B%205%237%5eAZLssu9b7G%207%5e%2dF%7b%7d%20%3exLZA%5e77%5e%2d%23FZL11%23LZF%2d%5e7%5e%23GZLsus9b7%23F7%20%5e%2dE%7b%7d%20%3ex8%3c%20%20%2c7%235%20A7sus9b%237%5eGZ5%20F%237b7F%207%5e%2dbE%7b%7d%20%3ex%3c8%20%20%2c7%5e%2dEZLsus9b9susL%237%5e%23Gs9b7E%2311LZ%7b%7d%20%3ex8%3c%20%20%2c7%5e%2dbZELsus9b7F%205%237%5eGD%2d%5e7%207bA%205bD%7b%7d%20%23%5e7%235%20%2c7%5e%2dDZLsus9b7%20E5%237%5e%23FZL11%237G%20%20%3c8x%3eFZLsu%2c7%5e%2dbb7b9ss9b7bE%205%237%5eFZL11%237bA%205%237%5eFZLsuusLZDE%207%5e%2d%20%20%3c8x%3e%20%7d%20==0=0
dada2f80-4044-46db-b862-76320682f123,irealb://Capricorn%3DShorter%20Wayne%3D%3DMedium%20Up%20Swing%3DC%3D0%3D1r34LbKcu75%237%5EAtXyQ%7C-bAZL%20lcKQyXtl7aDZL%20lcKQyX7-bB7XyQ%7Cla7E%7BB%7CQyXb%5E7%231%7CQyX11%237%5EbG%7CQytXla7GZL%20lcKQyX1F7altA%7CQyX-7%2FEXyQ%7CE%5E7XyQ%7CF%5E7XyQ%7CB7%239XyQ%7D%20%3DJazz-Medium%20Up%20Swing%3D200%3D3
daceab27-cc0b-42ab-9e93-18c2fcc819fa,irealb://Che%20Cosa%20C'%C3%A8%3DPaoli%20Gino%3D%3DBallad%3DC%3D%3D1r34LbKcu7%20-DZL4F%2FG%2CCA*%7B%20QyXQyX%5D%20%207%2CG%20G%2F-DZL%2CG%2F-E%20%2C%20A-%2C4Ti*%5B%2C7G%20sC%2C%20A-L%2C7bB%207-FZL%2C7-%20C%5EbEZL%2CbB%20%5EFZL%2CZG7suZL%2C7GEZL%2C7%20%5B*BG%7CQyX%5EFZL%2CC%207-GLZ%2C-D%20%5EFZL%2C7C%207-D-7%20GQyX%7D%20%207-DZ7%2CLZDE%207-E%207-F%20%2Ch%23F*C%5B%5DQyX7GZL%2CF%207-b-7%2CL-A%207-G7%2CLZC%20A-%2CLZD-%20G7%2CLZEh%20A7b13%2CLZD-7%20G7%2CLZCXyQZ%20%3DJazz-Ballad%20Swing%3D60%3D3
da32a064-5873-4bdd-9cdc-d95c1cd32988,irealb://Creo%20En%20Ti%3DMelgar%20Julio%3D%3DBallad%20Even%3DC%3D%3D1r34LbKcu7yXF%7CQT44F%20A%2CA*%2C%7B%7DQyX*m*ALZG%20FZLF%20*m*EZLG-7%2CXy%2Ci*%2C%7B%207-A%7CQ%7CGadL9ddaG%207-A%3Eoro%20cerP96*%3C%7B%7DQyX9dZFXyQyXC%7CQ%7CQyX6LZF*a7-AB*%7BQyXG%7CQyX7*jam*C%5B%7DQyX*2ddXyQ%7CF9ddaG%209ddaG%20%3C*6C%7CQyX9ddaF%7CQyX*C%2C7-A%7B%7D%20%20%3EA%20oT9XyQ%7CG%7CQyXC%3C*69To%20Pre%20coro%3E%20%20%7DF%20F-LZCXyQZ%20%3DJazz-Medium%20Swing%3D100%3D3
da7f269d-7ac8-4d3c-a3db-74182217bf74,irealb://Dindi%3DJobim%20Antonio-Carlos%3D%3DBossa%20Nova%3DEb%3D%3D1r34LbKcu79-D%7CQ4Eb%5EX%7CQyX%5EC%7CQyX%5EbD%7CyQX%5EbE%7CQyX%5EbD%7CQyA-9Xy4Tv*%7BX%5EbAZ13XyQ7-bB%7CQyX%5EbE%7CQy%5EXbD%7CQyX%5EbEA*%7BY%7D%20Eb7LG%7CQyX%20hA%7CQ-%5E7Xy2NZL%20QyXQyX%7DQy7X-bB%7CQyX6bE1N%7CQEb6XybA%7CQy%23C%7CQy%5D%5B*BG9b7C%207-GZL6-bE-%20G%7CQyX6-bE%7CQyX-LZF-X%209b7D%7CQyX%5E%7CF-%20CX%5EbD%7CQyX%5EbEA*%5B%20%5D9b7bB%207-FZL6-%23yQ%7CEbQyX6-ZL%209%5EEb7LZZQyX7bD%7CQyX6bEQ%7CyX7%5E-bA%7CQyX%5EbA%20%7BQEb%207-bBDb%5E9%20LZ%20r%7C%20%20%7DUEb%5E9%20%20Z%20%3DJazz-Bossa%20Nova%3D118%3D5
dafbc2f5-6f6d-4f20-89af-6f8e736953d6,irealb://Major%207%20Practice%3DComposer%20Unknown%3D%3DMedium%20Swing%3DC%3D0%3D1r34LbKcu7X%7CQyX%5E7XyQLQyX%7CQyX7%5EbBZLyQX%7CQyX7%5EFZLQyX%7CZEb%5E7C44T%5BQyX7%5EAb%5E7XX%7CQyX7%5EbGZLQyXQ%7CyX7%5EbDZLQyX%7CQyyQLZB%7C%5D%20Qy%7CQyX7Z%7CE%5E7yX%7CQyX7%5EDZLQyXQ%7CyX7%5EAZLQyX%7CQyXQLZG%5ELQyX%7CXyQ%20%5D%20%3DJazz-Medium%20Swing%3D100%3D3
da1b2a1e-8446-4e38-90de-af07dca8ee0b,irealb://coda%20(struttin%20with%20some%20Bar-B-Q)%3DLilian%20H.%20Armstrong%3D%3DMedium%20Up%20Swing%3DAb%3D8%3D1r34LbKcu7QyXZLb-7XyQyXZLQyXZLQyXZQLyXZLQyXZLQyX%7CQLZXyQB44T%5BQyXZLLZXyQQyXZLQyXZLQyXZQLyXZLQyXZLQyXZLLZXyQQyXZLQyXZLLZXyQQyXZLQyXZLQyXZQLyXZLQyXZLQyXZLLZXyQQyXZLQyXZLLZXyQQyXZLQyXZLQyXZQLyXZLQyXZLQyXZLLZXyQQyXZLLZXyQLZXyQLZXyQLZXyQLZXyQLZXyQLZXyQLZXyQLZXyQ%20Z%20%3DJazz-Medium%20Up%20Swing%3D160%3D3
da96befb-3e70-403a-b866-cbb463177ea1,irealb://Beautiful%20EGB%3DAguilera%20Christina%3D%3DRock%20Ballad%3DF%3D5%3D1r34LbKcu7feR%3C%7C4%3CInt1%23*bD%7CQyX*m*D%7CyQXbE/7F%7CQyXF%3Eor1*XyQ4TA*%5BQyX*m%7CF7/EXbBB*%7C%5DQyX*11%23b*D%7CQyX*m*D%7CQyXbyQ%7CG*QyXF%3E%7CQyXD/Eb%2CLbE/7F%20F%7CQyX*m*%7CGQyXbB%7CQyXD/bBZLZBb/7F%20F%7CXZLQyyQ%7DXyyXQyXQyXQyXQyXyQXQyXQyXQyXQyXQQXyQXX*m*GyQXyQXyQXyQXyQLZXyQXyQXyQXyQXyQ%20%7C%20%3D%3D0%3D0
dae477d7-4a14-4253-a986-dbad323c001d,irealb://Dream%20Atlas%3DMarsh%3D%3DRock%20Pop%3DB-%3D%3D1r34LbKcu7m*B%7CQ*XyQ%7CQyX*7m*B%7C%7CQyX2%7CGQyX*7m*B%7CQyX2G%7CG2Xy7m*B%7B7*XyQ%7CG2XyQ%7CE*m*XyQ%7CB*m*XyQ%7CE*m*XyQ%7CB*m*%2CA%2CG%20%7D%20%3D%3D0%3D0
dafbbeb6-5665-424f-b842-3b55ad10b1cf,irealb://Rhythm%20Changes%3DExercise%3D%3DMedium%20Up%20Swing%3DBb%3D0%3D1r34LbKcu7bEZL74Bb%5E7FZL7F%207-CZL7G%20-7DZL7F%207-CZL7G%20-7%20Bb4TA*%7BQyX6bLZN1D%207-C2NZL%20QyXQy%7DX%207F%207-CZL7G%207-F7LZB7bA%207*%5B%5D%20%207XyQKX7FZL%20lcKQyX7CLZ%20lcKQyX7GZL%20lcyQKclDB*%5B%5D7bA%207%20G7LZbB%207-FZL7F%207-CLZ7G%207-DZL7F%207-C7LZEb7%5EbBALZC-7%20F7LZBb6XyQZ%20%3D%3D0%3D0
dad621bd-ffae-4aac-a653-f86972add3c6,irealb://Unintended%3DMuse%3D%3DBallad%3DE-%3D%3D1r34LbKcu7yXG%7CQ4EXyQyX-A%7CQyXEA*%7BY%7CyQXx%7CQyX7B%7CQyXx%7CQ%7CDXy4Ti*%5ByX-A%7CQ%7CB7%20*%7CY%7DQyXx%7CQyXEZ%20L%3E--%20surohC%20--%3CBEXyQyXC%7CQyXD%7CQQ%7CGXyQyXEA*Y%7CQyXx%7CQXyE%7CQyX7B%7CQyXC%7CQ%7CA-XyyXD%7CQ-A%7CQyQ%7CCXy%7CQyX-AC*%7CY%5DQyXB7ZL-E%20E%7CQyX7B%7CQA-%2FGXyXG%7CQ%2FF%23XyQ%7CF11XyQ%7CEsusXyQ%7CEsusXyQ%7CEXyQ%7CxfXyQZ%20%3DPop-Slow%20Rock%3D80%3D3
da52e85c-9fe9-4337-933d-bcad60469d82,irealb://Ev'ry%20Time%20We%20Say%20Goodbye...%3DPorter%20Cole%3D%3DPop%3DC%3D%3D1r34LbKcu7G%20CZL4sC%20AZL7G%20CZL7G%20*m*ZDL%20x%20ZL%20x%20ZL*m*Eb%20G74Tv*%5BC%7CQyXm*XyQ%7CQyXFZL7C%20*m*GLZ7G%20*m*FZL7D%20C%7C%7CF*m**FZL7ZL7G%207%20G7LL%20x%20ZL%20x%20ZL*m*%20ACv*%5B%5D%207G%20*m*FZZD*m*F%7CQyX*FZLFZEb%20G7G%20*m*FZL7D%20CZ*Lm*F%20FZL7G%20CZL7LZC7%20L7G%20C*A%20CZ7LZ%7CC%20C%7D%20%20x%20ZL*m*A%20ZCL7G%20*7m*DZL7A%20A*m*LbB%20*mius%20o%20%20U%20Zt%20degnarra%20ev'%20I%20:etoN05*%3C%20QyXhis%20tCZL*m%20I%20.tstylela%20ot%20eerf23*%3C%20%20%3Eleef%20esaelP%20.ter%20i%20ym%20tuse%20a%20swing%20style%20on%20my%20KB%3E%20%3D%3D70%3D1
da73960a-0061-4920-93d1-b675f52b3b91,irealb://Ex%C3%A1ltate%20Se%C3%B1or%20Y%20Vivo%20Para%20Adorarte%3DMiel%20San%20Marcos%3D%3DGospel%20Ballad%3DF%3D%3D1r34LbKcu7im%20it4D-%20C%20ortsop%20eM%2096*A%3C*%7B%7DQyXbB%7C%2CF%2CE/ante%204Ti*%7Bem%20ut%3EF%20G-ol%20ohcum%20sE66*%7C%3C%2CA/F%20%20bB%7C%2CA/F%2C%20que%20SOID%20%20%20-GZperdobB%7C%2CA/F%2CsusC%20%2CD-ZLC%20-G%3E...odan%20F/AL%20sah%20%20B*%2CFBbXyQo%C3%B1es%20etatl%C3%A1xEQXyQyX36*%3C%7B%7DQyXC%7Cr...%3E%7C%2CA/F%7C%2CA/F%7CBb%20%20%2CA/F%20%20F%7C%2CC%2CbB%20-%2CDZLC%207-G%7C%7C%2CA/F%7CBb%20%20%2CA/F%20%3CA*%7BQQLZN1QyXbB%7C%7C%2CF%2CE/C%20D-Q%7B%7DQyXF2N%7D%20C%20F%7DBbXy%2CC%20-GXF/C%7Civo%20p%2CE/C%20%20bB%7CQyXbB.%3E..etraroda%20ara%7CFXyQV%2096*yQ%7DBbXyQZ%20%3DJazz-Ballad%20Even%3D60%3D3
da6b85a3-b236-47b9-8d5f-fb07df997772,irealb://Flamenco%20Sketches%3DMiles%20Davis%2FBill%20Evans%3D%3DBallade%20Jazz%3DC%3D%3D1r34LbKcu7ZL%20x%20C%5E7%20G7G%207%5ECA*%7B%5D%20%20x%20LZ%20x%20ZL%20x%20ZLsus7susLZs%2Ci*%5Bx%20ZLF%20x%20LZ7%5EbBZL%20x%20ZL%20x%20LZ%20lcKQyXsus31bA%20C-7%2FZL%20x%20X11-G%20LZ%20xD%2CD%2FbE%20DZL%20x%20Z%20Lx%20ZLD%2FbE%20D%7C%5D%20%207%239%2C%7Cx%20ZL%20yQKcl%20LZ%20x%20LZG-11%20%20G7sus%7D%20%3DJazz-Ballad%20Swing%3D60%3D3
da893c19-9e3d-4480-8539-929e080c5381,irealb://FlatVII-IV-I%3DMcMillan%20Marcus%3D%3DMedium%20Swing%3DC%3D%3D1r34LbKcu7%7BBb%20LZF%20LZC%20LZ%20x%20%20%7D%20%3D%3D0%3D0
da4f8898-2663-407a-8692-8eaaa484310c,irealb://Flintstones%3DCurtain%20Hoyt%3D%3DUp%20Tempo%20Swing%3DBb%3D%3D1r34LbKcu7B%7CZL74Bb%5E7*CZL*7m*G%207%5EbBLZ7F%207-CZL*7m*G%20m7*%20F4TA*%7ByX%2C7G*m7*LDB*%5B%5DQyX7bB%7CQy7X%5EbBZL7F%20*7m*CZ7XyQ%7CG%207%5EbZL*7myQ%7CF7bBQZL7F%20*7m*CZ*L7m*G%207%5EbB%7CQyX%2C%5E7%20G*X7C%7CQC*m7*%20F7%20%7D%7CQBb%5E7%20G*m7*LZC*m7*%20F7LZUBb%5E7XyQZ%20%3DJazz-Up%20Tempo%20Swing%3D180%3D3
daba7c74-0251-45de-b23e-2e3435aa9fe9,irealb://For%20You%3DCameo%3D%3DMedium%20Swing%3DC%3D%3D1r34LbKcu7QyX7-7%20%2CsC7-B%2C7%5ECs%2C%207%5EG%7CyQX7-Al%2C%7C%2C7-B%2C7%5E%2C%7C%2ClA%5EGi*%5B-B%207-%5E7XyQ%7D%20F%2F7-G%20bB%2F7-GQ%7CyX7%5ECZL7E%207-D%7C%5B*BSAGA*%7B%5DZL7-B7%20%20%2Cs%2C%7C%7C%2C7-Bs%2C%20%207%5ECLZ7-B%207-Al%2C%7C%2C7-BlA-7%20%5ECZL7Cs%2C%207A%23%20%20Q%7DQyX7-Al%2C%7C%2C7-B7%2C%5ECs%2C%207%5EG1ND*ZL%7CN2G%5E%2F7%5E%23D%7CQyX77%2C%7C%2ClX7-Bl%2C%7C%2C7-A%2C7-sB%2C%207%5ECv*%7CQyX7-AyQ%7CA--B%2C7%5EyXx%3EaQ%7CBb%5Ea%20.S.D%3C%7CQyX7-AQ%7CyX7%5EbAZL7-bB%207l%20CodyX7-BD%7CQyXXyQ%20L%23D%7CQyX7-Al%2C%7C%2C7B-%2C7%5ECs%2C%207%5EGA*QZ%5E7%2FA%23QyXZQ%5E7XyQ%5D%20%3DPop-Country%3D60%3D1
da99520a-8496-4bb3-882b-fcac1e8005c3,irealb://Raglan%20Road%3DPatrick%20KavanaghThe%20Dubliners%3D%3DSlowly%3DG%3D%3D1r34LbKcu7ZL*m*4DLZDGZLAZLDZL*m*B%20ZDLGZLDZLA%20DZLG%20LZD%20B4Ti*%7CXQyX%3EZDLZDtsuj%20emit%20ts1%3CQ%20yXZLDZLA%20DZLG%20%20JackLAZLDt%20dr3XyQXyQyXQyXQyXQyX%3EeonrD%20emiT%20dn2%3C%20QXyQ%20%3CQyXQyime%20in%20time%3EXyQXyQXyQXyQXyQ%20%3C4th%20Drone%3E%20%3D%3D0%3D0
daf0744d-132d-4c83-aacc-a485d63b5206,irealb://Little%20Man%3DL%20Jack%3D%3DRock%20Pop%3DG%3D%3D1r34LbKcu7ZLbBB8GLZx*AZLB/G%20CZLxZLZGL*m*AZLB/G%20CZLm*LZ*6TA*%7BZLG%3E'ZBbLZler'%3CC*ZLD%20D/CLZCZL*m*AZLbBZLCeasedL*m*AyX%7D%20xG/BLZB/G%20CZL*m*AZLBG/%20CZLxZLGZL*m*ALZDLZ%20CZLxZLB/GyQXyQZLxZLGZL*m*AZL/BG%20CZLxZLGA*ZL%20%20%20%7BC%20XQyXQ%3CZLB/%7D%3Crepno%20tsal%3CZLQyXQXyQyX%3Edne%20ot%20taee%3EC%20G%20*m*Arall%3EDLZ%3C'You're%3ExLZ%3C%20released'%3EG%20%3DPop-Rock%3D80%3D1
dafe9f1f-c2be-4461-9fb8-a6cf25da99ce,irealb://Grandma%27s%20Hands%20%2D%20Jazzcaz%20Version=Withers%20Bill==PopSmooth%2EPiano%2EBass%2EDrums=C==1r34LbKcu7l%7C%2CD%2C4sA%2D%20sZL7E%20%2DEZL7%2DA%20A%2DZL%2DA%20%2DAl%7C%2CD%2C%2DAA%2D%20A%2D4Tv%2A%7BSOLOSLZE%20DQyX%7DQyX%2DA%7CQyX%2DZAL7D%207E%7CZLD%20EZL%20%3C%2A36%2DA%20%2DA%2DA%20%2DA%20A%3EXy%2DAl%7C%2CD%2C%2DA%20%2DAsv%5B%2A%20QyXQyXQyXQyXQ%20A%2DLZREVO%207D%207EE7LZs%207EZLD%20EZLD%20EZ%2DLA%20%2DAl%7C%2CD%2C%2DA%20%2DAD7%2CLZ%20%2DEZLLZE7%20D7%2CLZA%2DXyQ%7CA%2DXyQZ%20=Pop%2DSmooth=0=1
dac59e04-a595-4d2b-a59f-b033ef89c0b8,irealb://Guitarra%201%20-%20Escala%20Maior%20-%202%20Acordes%20-%20Improvisa%C3%A7%C3%A3o%20Livre%3DComposer%20Unknown%3D%3DMedium%20Swing%3DC%3D%3D1r34LbKcu7QyX7%5E%5E7XyQ7%5EbE%7CQyX7%5EC%7CQyxX%7CQyX7%5EbE%7CQyXx%7CXyQ%7CCC44T%7B7%5EbB%7C%20%20%3C9xF%7CQyXx%7CQyX7%5EbBQ%7CyXx%7CQyX7%5EF%7B%7D%20%3E%5E7XyQ7%5EbE%7C%7CQyXx%5E7XyQ%5EbD%7CQyXx%7CQyX7%5EAb%7B%7D%20%3Ex9%3C%20%207%5EbB%7C7XyQ%7CF%7CQyXB%7CQyXyQ%7CDb7%5EG%7B%7D%20%3Ex9%3C%20%207%5EDb%7CQyX7%5EbA%7CQyX7%5EXyQ%7CxX7%5EbAyXZLQ%7CxXyQx9%3C%20%207%5EB%7CQyX7%5E%7CGQyX7%5EB%7CQyX7%5EG%7C%3E%20%7DXyQyX7%5EyXZLQQLZXyyXZLQyXZLQyXZLyQXZLQyXZLQyXZLQQLZXyyXZLQQLZXyQLZXyQLZXyQLZXyQ%20Z%20%3DJazz-Bossa%20Nova%3D80%3D10
dab04ed9-68e7-45d2-91f9-72cd764e10be,irealb://Having%20a%20Party=Cooke%20Sam==Medium%20Swing=Bb==1r34LbKcu7bBZLx4BbLZLxZLbBA%2A%7BQyXQy%5DX%20%20n%2CbBZL%2CbBZLxZG%2DLZ4Ti%2A%5BLxZLbG%2DLZx%20bBZLxZLbEZLbBLZxZL%2DGZLxZLbBZL%5D%5B%2ABBZLxZLL%2DGZLxLZBbZLxZL%2DGZLxZLbB%2AC%5B%7D%20bBZLFZLbEZLBbLZxZL%2DGZZLxZLbLZxLZLbBB%2A%5B%5D%20bBZLxLZbEZLbBZLxZL%2DGZxLZG%2DBZLxZbB%5B%5D%20LZG%2DLLbEZLbBZLxZL%2DGLZxZLbB%2CD%2A%2C%5B%5D%20xZZEb%2FFxZLbB%20%5D%20=Pop%2DShuffle=138=1
da90bbbb-707f-4825-a00c-35dd7ceb0793,irealb://Here%20In%20California=Wolf%20Kate==Pop%2DCountry=C==1r34LbKcu7%20C%7CQy4FLZ%3CY%5D%20xZLCZLGZL%2DD%20%5DxZLC%5B%5D%20n%3EkaerB%7B%2AACX4Ti%2A%7CQyXC%7CXyQ%7CxQyXF%7C%5DQyXx%7CQyXA%2D%7CQyXx%7CQyXG%7CQyX%7CxXyQCZL%2DDx%5BQyX%7CN1D%2Dx%5BQyX%2DD2N%7C%7D%20Q%20x%20%5BQyXF%7CQyXx%5BQyXXyQ%7CCQyXx%7CrB%3C%5BQ%2ABD%2DXQyX7G%7CQyX%2DD%7CQyxX%7CQyXC%7CQyX7G%7CQy%7CA%2DXy%5B%5DQyXQyXx%7CXyQ%5D%7CQyXG%7CQyX%2DD%7CQyX%7CxQyXC%7CQyXx%7CQyXF%7CCXyQn%3EkaeZ%7BQFLZ%3CBreak%3En%20%5D%5BCLZx%20%5DD%2DLZGLZ%3CFine%3ECLZ%2Cf%2Cx%20%7D%20==145=4
da51ce5f-7f50-4dfa-83ca-4e4f2ef6aacd,irealb://I%20Just%20Can't%20Stop%20Loving%20You%3DJackson%20Michael%3D%3DPop%3DC%3D0%3D1r34LbKcu7CZLxZ44%3C*7CZLxZL7-GZLxZLd9daC%3E001%20mpb%20%204add9LTA*%5BYsus7GZxLZFEZLxZLsus9bBZL-7AZL7%5E-FZLxZL9%5Eb%5E9LZLsus9ZL7-GAS%3C*0%3Eni%20rd%2Bsb%2047*%3Cd9daC%3E%D2%91%20%20%E2%99%A9%20%E2%99%AA%20.%E2%99%A92LZxLZ*%5BY%5D%20ZLsusdd9LZ7-AZL7%5E-FZLxZL%5E9FZLxZLsus9CZLxLZBb9aCZLx5*%3C%20%20%5E9LZG%20%E0%B8%AF%20%20%2FQyX%2FQyX%2FQXy47*%3CB*%7BY%5D%20sus7%E2%99%AA%3EG-7bEZLx%3E%D2%91%20Qy%3ELZCaX%2F%20QyX%2F%20%2096*%3CZQLyX%7CrQyX%7CQyX9ddyQ%20%E2%99%A9X%EF%B8%B6QyX7%5EbE%20%3Eppn%7C%3C5*%3C7-Fl%3E%E2%99%AA%20QyX.Q%E2%99%A9yX%E2%99%AA%20QyX.%E2%99%A9%20%2096*1XyQ%EF%B8%B6%2C7-GsQ%20%20C%5B1%20%20%EF%B8%B6%3E%3E%E2%94%81%20%20QyX%D2%91%20QyX%E2%99%A9%209%206*%3C%7CQyXsus9GZLpn%20%20%5D5*%3C%2C9bE%7CQy.S.%20abBQC*%5BY%20%20QyXQy%5DXQyXsusC%3EadoC%20l9susXD%20%3CZL*%3C%7CQy%7CDb9s%7CQyX9%5EE%7CQyXsusB9%7CQyX9%5EbG%7CQyXsuAb-7XQyX9%5EQyX%2FQ%20%20%E0%B8%AF%20%E2%99%AA%3CB*%7BY%5D%20%2C7bDp%3E%EF%B8%B6yQX15*%3Cp%3E%2FQyX%2F%20%20*74Xy%2F%20%2096*%3CZLQ%20%20%E0%B8%AF%20%E2%99%AAyX%7CQyX9ddabDZL%EF%B8%B6%3EQyX75*%3C%20%207-bA%3EQr%7CXy%2FQyX%2FX.%E2%99%A9QyXyQ%20%2FX.%E2%99%A9%20%2096*%3C%7Cnpp%2C-7bAs%3E%D2%91%20QyX%E2%99%A9%20QyXyQ%20%E2%99%AAX%2F%20%2096A%3EtuolGb-7%20%20QyX%3CZL%3E%EF%B8%B6%20%2015%3C*%2C9%5EE%20%3E%EF%B8%B6QyX15*%3Cvamp%20%3E%E2%99%AA%20Qyb9susXyQ%7D%20%3DPop-Rock%3D100%3D1
da77d5ef-85b0-44eb-aac3-39f3137867cb,irealb://Swingin%27%20Shepherd%20Blues%20%28DGM%29%20131=Koffman%20Moe==Medium%20Swing=C==1r34LbKcu77F%7CQy4n%20G7%20x%20ZL%20lcKQyX6CQ%7ByXQyXQyXQyX%5B%5D%20LZC7X4Ti%2A%5Bl%7C%2C7bl%20LZCC%2CCs%7CQyX7G%7CQyXD7ZL7A%207%2DEZL7%2DD%207%2CF%2CAcKQyXG7%20C6%2C%20%7D%20==112=1
da21708e-65d8-4513-a693-6693a60e422e,irealb://Secret%20Love%20%28DGM%29%20215=Webster%2DFain==Ballad=Eb==1r34LbKcu7L9b7C4Eb%5E7L7%5EbA%207%5EbEZLxZxLZL%20x%20ZLsus7bB%20ZG%2D7%204TA%2A%7BQyX7%2DyQ%7CBb7bB%7CQyX7%2DF%7CQyXb7B%7CQyX7%2DF%5B%5DQyX7XyQ%7CFX7%2DFZQyXQysus%20%20yX%7D%209b7bB%207%2DF1%7CNQyX%2CbEl%7C%2C9b7bBQXyQX7bBs%7C7%2DbB%7Cb9XyQB%7CQyX7%5EbB%7CQyX7%7CFQyX7%2DCB%2A%5B%20QyX%5Db6XyQ7G2N%7C1bDZLb7XyQ7%2DGZL7%2DF%207%5EbE%5BQ%5DyX7bD%7CQyX7%5EbA%7C%20Ab%5E7E%7CQyX3XyQ%7CC9XyQ%7CF%2D7XyQ%7CBb7%20Bb7b9LZEbXyQ%7CU%3CFine%3EEbXyQZ%20==112=1
da2f786f-5832-4f52-8179-c95a0def56a5,irealb://Jalousie%20%28DGM%29%20578=Gade%2DBloom==Tango=Bb%2D==1r34LbKcu75%237F%204Bb%2DLQyX%2DbEZL7%2DbBppLZ%2DbB%20bB%2F%2DbEZLxZ%7CEb%2D%2C4TA%2A%5B%2DGZL%2DLZF7%20DZLQ%2C%2DbBZL%2DbB%20Bb%2F%2DbEZLxZL%2DbB%5B%5Db%2FF%20F%2DbBZLxZL%2Db7LZF%2DBZLbBZLxZL%2DbBZxLZL7F%5B%20%20%5D%20%2C%2DFZLb7LZEC%205b7hC%3CB%2A7b5LZcKQyX7F%7CQyX%2DbEQ%7CyX%2DbBZL%20%7Cr%20%5B%20xl%20%20%5D%7B%2DC%5B%5D%20yX9F%7Cto%20Bb%7CQyX9F%7CQyX7%2DCZoLbD%20D%2FbB%7CQyXbB%3EC9XyQ%20egna%2DC%7CQyyQ%7CN1yX7%2DC%7CQyX7obD%7CyQXD%2FbB%5B%5DQyXC%2F7FQ%7CF7XXbB%7CQ7bB%207ZC%2D7%20X7bB%5B%5DQyXC%2F7F2%7CN%7D%205%237FZLbBZL7FyQ%7CF%2DL7F%207CQ%5B%5D%20ZEb%2DL%20la%20%2EC%2ED%3C%20%20bB%7CyQXbBZL7FZLF%2FbBZCoda%3ELbEZL%2D7LZF7%235LZBb%2DXyQ%7C%2CU%2C%3CFine%3EBb%2DXyQZ%20==116=1
dac74e04-58e8-4ffb-9dd1-3b53e1cc395a,irealb://I'm%20So%20Excited%3DSisters%20Pointer%3D%3DPop%3DG-%3D10%3D1r34LbKcu7yX66*44%3C*7yX7-G%3E)seton%20%C2%BC%3A%20sb(%20281%20mpb%20%204QKcl%3CTi*%7BY.%E2%99%A9%2096%E0%B8%AF%E2%99%AA%3E%20%3C%2FbE%2CC%2FbB%2CC%2FbE%2C%2FCbBsZL%3E%EF%B8%B6%20QyX84*C%2C%7C%3C*%20QyXQ%2FbBsZXyQ%20%E2%99%A9X15*%3CC%2FbE%20%3E%EF%B8%B6%20%2051*%3CC%2FbBl%3E%E2%99%AA%20QyX.yQ%EF%B8%B6%3EL%E2%99%AA%20QyX84*%3Cb%2CBb%2FE%3E%E2%99%AA%20QyX.%E2%99%A9%20QyX%E2%99%AA%20yQX.%E2%99%A9%2066*%3C%7C%2CbE%2CblBb%2FEbE%2CbE5*%3CbBEb%3C*4%2F%20QyX%2F%20QyX%E2%99%AA%20Qy.X%E2%99%A9%2066*%3CZL%3E%EF%B8%B6QyX8%3EC-7%2F%20%3E%EF%B8%B6%20%20%E2%99%A927*%3C%3E%20BbLQyXQyXQyX27*%3CxLZ7-GSA*%7BY%7DppppZ%20%E2%80%BF%3ELZ%EF%B8%B6QyX1X%E2%99%AA%20.%E2%99%A9Q%2F%20%2F%3Ep%3E%E2%80%BF%20QyXQyXQyX2*7%3Cp%7C%2CC%2FbE%2CC%2FbBs%7C%3C*71yX%E2%99%AA%20.%3E%2F%20%2FQ%3EBb%2FE%E2%99%A917*%3C%7Cp%3E%E2%80%BF%20QyXQXyQyX27*%3Cp%7C%2CbE%2Cb.%20%E2%99%AAXy%2F%20%2FQyZL7-G%2CBb%2C%7C7-AZL7-DZL7-GZxLZL7-Al1NB*%5B%7DppLZxLZbB%2FbE%EF%B8%B6QyX17XyQ%7C%E2%99%AA%E0%B8%AFQyXQyX96*%3CnpQ%7CyXsus9F%7CQyX7-D%3E%20%3C*5-CZLx%7CQyXbCN2G-%20QyX15*%3C%20%3E%E2%99%AA%E0%B8%AF%20QXyQyX96*%3ClcKQyX7%EF%B8%B6%3ELZE*%7B%5D%20%3E%3E%E2%99%AA%E0%B8%AF%20Q9%20%20%E0%B8%AF%E2%99%AA96*%3C%20bEl%7C%2CbE%2FF%3Es%EF%B8%B6%20QyX15*%3Cp%3E%E2%99%AA%E0%B8%AF%20XyQXy6*%3Cpp%3C%7CQyXXyQ%20%EF%B8%B6%3E%EF%B8%B6%20QyX15*%3C%20%3E%E2%99%AA%E0%B8%AFQ%20yXQyX96*%3C%20FZL%3ELZG-715*%3C%20G%3E).r%20al%202%20edulretni%2047*%7B%3CY%7D%20%20x%20%3E.dnE%20dn(inst.S.D%20C%2FbB%2CKcl%3C*C%2FbBsZL%3E%EF%B8%B6%20QyX8*4%3C%20%3E%E2%99%AA%E0%B8%AF%20QyXQyX66%2CEb%2FCQyX7-%3CC%2FbE%2C%7C%3C*615*%3CC%2FbBl%3E%E2%99%AA%20Qy.X%E2%99%A9%20QyX%E2%99%AA%20QyX.%E2%99%A9%209%20%20%EF%B8%B6%3E%20C%2FbE%2CyX.%E2%99%A9%20Q%EF%B8%B6%3ELZQyX.%E2%99%A9%2066*%3C%7C%2CbEb%2CE%2FbB%2CbE%2CbE%2FbBs%20%E2%99%AAXyQyX15*X%2F%20QyBb%2FEbX.%E2%99%A9%2066*%3CZL%3E%EF%B8%B6Qy8X4*%3CbE%20%3E%EF%B8%B6%20%2084*%3CyQ%20%E2%99%AAXl%3E%E2%99%AA%20Q7-DZLC-7%2FBxZL7-AB*%5BY%7DpppZpLbB%20%3E%EF%B8%B6QyX15*%3CbLZG-7%3E%2F%20QyGC*%7B%5DLZxLZQyXsus9F%7CQyX7-%7CDQyX7-CZLxZL7-G%7Cpn%20%207-AZL21QyXLZEbLL7-G%3Etuo%20pmav%20Q%20yX%3CZLFZLbEZLxZZ%3C*63xZL7-x%3Ex%20%7D%20%3DPop-Rock%3D182%3D1
dab2b072-68a1-4365-b2fb-c997fd5712f7,irealb://Isn't%20She%20Lovely%3F%3DWonder%20Stevie%3D%3DPop%3DE%3D3%3D1r34LbKcu7ClA*%5B4C%23-7W%2C%23G/Ws%207%5EE%7CQysXusB%7CQyX7%23F%7CQyX/B%2C%5DY4Ti*%5BX7%23FlQ%7CF%237%2C%23G/Ws%207-%23C%7CQy7X%5EE%7CQyXsusB%7CQyXW/G%2C%7CyX7-%23%7CQyX7usXyQX7-%23C%7CQyX7%23G%7CQXy7%5EAB*%5B%5DQyX7%5EE%7CyQ%7CF%23sB%7CQyBsusXyQKcl%20LZE%5E7XyQKcl%20s%20%28G%237%29Z%20%3D%3D0%3D0
dabab694-8e80-4e0e-a946-7d5bd90427dd,irealb://In%20The%20Evening%20%28When%20The%20Sun%20Goes%20Down%29%20%28Lou%20Rawls%29=Don%20Rae%2DLeroy%20Carr==Medium%20Swing=G==1r34LbKcu731b9b4G7XyA%7CQyX7G%7CQyX7C%3E681%2D%20opmeT47%2A%3C%7CQ%2D7%20D74Ti%2A%5BGZL7FAG7XyQyX7CZL5b7%23C%207D%2D%7CQyX7G%7CQyX7C%7CQ%7CC%2D7%20%2A%5BY%5D%20%2DAZL9%7C%3C%2A09%2DBZL%20U%207D%7CQyX7A%2D%7CQyX9%237E%3E6bQyX7%20E7bQyXD%2F7%20D7b9b13%20Z%20==168=12
daad03aa-822f-43d2-acac-8f7de440523f,irealb://It%20Started%20All%20Over%20Again.%3DFischer%20Carl%3D%3DMedium%20Ballad%3DEb%3D%3D1r34LbKcu7bE%7CQy7XyQ%7CQyX9FZLo%23F%207-GLZ7-F%206bE%7CQyX9bB%7CBb9X-FA*%5B%7CZL9bLZG-7EZL7-F%207-GZL9b%20DhF%7CQyX7-FZL7C%20b69%20D7-F%20%5E%7CQyX9Q%7CF7bX7-FB*%5B%5D%20obG%207BbZL31B%207-F%7CQyX9yQ%7CBbyX7-CyX%5EbA-7LZG1A%7CQyX%5EbE%7CQyX9Bb%7CQyX9FZLo%23F%207-3XyQ%7CF%206bE%209F%7CQXyQ%7CG9bB%7CQyX9FZL%2Co%23%20F9CZL11%2331bD%207-susXy9bD%7CQBb13%2CQLZEb6%20F%23o%20%5DXyQXyQXyQXyQ%7CQUEb%5E7XyQZ%20%3DJazz-Ballad%20Double%20Time%20Feel%3D60%3D3
da6b289f-a9e3-4312-9987-25dba5d5b820,irealb://Janji%20Di%20Atas%20Ingkar%20%28Audy%29=Widianto%20Yovie==Pop=B==1r34LbKcu7E%2F%2D%23C4sAad%2D%23D%2C%23G%2FEZLsusBLZ%2D%23CA%2A%5B%5D%20xZL%2C9d%2FF%23%2C%7C4Ti%2A%5BBB%2A%5B%5Dd9LZBZL%2D%23CZLE%2F%2D%23C%7C%2CF%23%2F%2D%23D%2C%23G%2FEZLsusA%2CF%23%2CdaAZLF%2C%23G%2F%2C%7CF%23%2CG%2C%23F%7C%2CE%2C%23D%2FBZL%23%2CF%7C%2CE%2C%23D%2FB%7C%2C%2D%23G%23%2D%2C%7CEE%2C%23D%2FZLE%2F%2D%7CAaddF%2F%2D%23D%2C%23G%2FEZLsuBsZL9ddaAA%2A%5B%5D%20%2C9%23%2C%7CC%23%2C%23A%2F%23%5B%20%20%5D%23BsusLE%20%2CAZL%2D%23CZLE%2F%2DC%23%7C%2C%23F%2F%2D%23D%2C%23G%2FEZ%2D%2FG%2CFZL%2D%23CG%2FE%7C%2C%23%2CE%2C%7CF%7C%2CE%2C%23D%2FBZL%2C%23F%2C%7CE%2C%23D%2FB%7C%2C%2D%23G%2C%23F%23%2CG%23%2DD%2FBB%2AF%2F%23CDA%23%2C%7CBG%2C%23F%20E%7C%2C%23D%2FB%2C%2DC%23ZLDZL11AC%2A%5B%5D%20%2C%23%2C%5D%5B%2A%2F%23F%2C%23s%23G%7C%2CG%23LZC%7C%2C%2D%23G%2Csus%23G%7C%2C%23%2CF%5EEZL%23G%7C%2C%23F%2CF%2F%23E%5E%2CF%23%7C%2C%23F%2C%2CF%2F%23C%2C%7CB%2FA%2C%23G%7C%2C%23F%2CF%2F%23CB%2A%20%5B%20%5D%20sus7%23G%7C%2C%5EA%2CA%23%2D%2C%7C%23G%2Csu%2D%23A%2CF%23%2C%20%5DX%23G%2C%23F%7C%2C%2D%23A%2C%23G%7C%23%2CF%2CF%2F%23C%5B%20%20QyXQy%2C%7CC%23%2FG%7C%2C%23FZL%2C%23G%7CXyQXF%2F%23C%7C%2C%2D%23A%2C%23C%2F%23%7CG%2C%23C%2F%23F%2C%23CB%2A%5BQy%2CF%23%2C%7C%23F%2CB%2C%23G44TF%23%2C%7CGD42Tv%2A%5B%5D%2C%23F%2CF%2FC%23%7C%2C%23G%2C%23F%7C%2C%2D%23A%2C%23%23%2D%2CLZ%2CF%2F%23Cyontnadd9L93%2A%3C%20QyXZ%20%23CfZ9Ldda%23CZL9dda%23FZclemeBi%2A%5B%20a%3E%20==67=0
da813efa-ac8e-4bca-8027-9a533e18e49a,irealb://Johnny%20B.%20Goode%3DBerry%20Chuck%3D%3DMedium%20Swing%3DA%3D%3D1r34LbKcu7QyXE%7C4AXyQQyXA%7CQyXx%7CQyXDQ%7CyXx%7CQyXx%7CQyXx%7C%7CxXyQ4TA*%5BA%7CQyX%7CAXyQD%7CQyXx%7CQyXx%7CQyxX%7CQyXAB*%5B%5DQyXx%7CXyQ%7CxQyXx%7CXyQ%7CxXyQ%7CEXyQ%7CxXyQ%7CAXyQ%7CxXyQ%5D%20%3DPop-Shuffle%3D130%3D3
daa1067e-f54d-415b-941c-58a17c600dd3,irealb://Karhun%20El%C3%A4m%C3%A4%C3%A4%3DGilkyson%20Terry%3D%3DMedium%20Swing%3DEb%3D3%3D1r34LbKcu7%7CQyX74EbXy7C%7CQyXbE%7CQyX7b%7CAQyXbA%7CQyX7bE%7CQXyQ%7CF4TA*%5BbEZL7Q%7CEbXZL7C%20bE%7CQyX7bAQ%7CyXbA%7CQyX7bE%7CQyF7%20BbyX7bBXbE%7CQXyQ%7C%7CyX7bB%7CQyXx%7CQyXEb%7CQyXx%7CQyX7bBB*Q%7CxXyx%7CQyXyX7F%7C7XyQ%7CQyX7C%7CQyX7F%7CQybXE%7CQyX-bA%7CQyXbA%7CxXyQbE%7CQyZLbA%20%20Bb7LQyX7bB%7CQyX7-F%7CyQX7CZLG%2F7bE%20bEZ%7CN1Eb7-F%7CQEbXyQ%7DN2Eb6%20C-7LZF-7%20Bb7LZEb6%20AbLZEbXyQZ%20%3DJazz-Ballad%20Even%3D85%3D1
da93c65a-483d-4b26-8350-1774a312baac,irealb://Killer%20Phil%3DNorman%20Phil%3D%3DRock%20Pop%3DC%3D0%3D1r34LbKcu7QyX312C13XX31C%7CQyX31bB%7CQXy31C%7CQyX31bB%7CQyyQ%7CBb3TA*%7BbA%7CQyyQ%7CBb-E%7CQyX9b7A%7CQyX%2FA5b7-EB*%7C%7DQyX317%2FAbXX31C%7CbB%7CQyE-7%2FA*%7CQyX31bA%7CQyXb%2FA7-E%7CQyX31A%7CQyXAC13X%7CQyX9QyX31%7CC13XX31C%7CQyX31bB%7CQXy31C%7CQyX31bB%7CQyyQ%7CBbQyX31Z%20%3DPop-Rock%3D240%3D3
dae0ae3f-3248-459d-9d45-ae2fedcd006e,irealb://Last%20Farewell%2C%20The%3DWebster%20Ron%3D%3DCountry%20Ballad%3DE%3D4%3D1r34LbKcu7%2C7B%7CQ%20B7LZFZL%20lcKQyX7-%23FQ%7CyXAZL7E%20E%7CQyXE%237%2CXyE44T%5BB%207-%23%20B7LZ%23C%20EZL7B%20-%23F%7CQXy%2CAZL7E%20E%7CQyX%2CE-7LZFE%7CQyX7-%23FZ-7%20B7-%23FZL7-%23C%20EZL7%20B7-%23FZL7oF%20%2CEZL7%20B7L%23FZL7%20B7LZ%20E%20%20%5D%7C%20%3DPop-Country%3D98%3D4
da8868e4-0291-48f3-931d-23527ef97897,irealb://Le%20Jour%20Se%20Leve%3DBernheim-Nero%20(Patricia%20Kaas)%3D%3DRock%20Ballad%3DF%23-%3D9%3D1r34LbKcu7%20E%2F-%2344%3C*7L%20%3E)leef%20gniws%3C(%2C-%23F%3E48%20mpb%20%204ZxLZCTi*%5BYZL%23C%2FZD%5E%2C%20%23C%7CQyX%2C-%23Fl%7C%2CAW%2F%2C7-B%2C%23C%2FW%2CDsZL-%2FE%20WL%23C%2FWB%2F-%23GKcl%20%20%7CQyX%2C-%23F%3E)ht61n%20eve(%20ni%20sb%20%3C%5B%5DC%23-%2C%20QyX%5EDyX%2C7-7%2CXyQB%20%2C-%23C%7CQyX%2C9dd-a%23FSA*%7BY%5D%20B%20%2CA%7C%2CLZF%23-%23FZLNZL%20BB%2C%20%7D%7CL%20%2CAB*%7B%20%20QyXQy%5DX%20%20lcKQyX%2C96-%23FZE%20LZ%20%2CA%7CQQyXn%3EN2pn%20la%20.S.D%20%3CZL%20BZ%20LDZL%20%2CGZL%20%2CA%5B%5D%20%20Fine%7D%20%20D1X%2CAB*F%23-adF%7B%7D%20B%20%2CAZL%20%2C7-F%23ZLB%20%2C-%23CZL%20%2C9d%23-%20%7D%7BA*%7BY%5D-%23FZLXyQ%7CB%2CBZL%20%2CEZL%20%2CA%7C%7D%3E%20x336*%3C%20%20D%7CQyX%2C%20LZx%20%2CE%7CQy%23C%2FW%2C%7B%3C*74QyX%2C%5ED%7CQyXE%2F-%23%7CCQyX%2C-%23F%3Eortuo%20%7CN1sDY%5DQyX%2CB-7%2CW%2FA%2C%7D%7CN2lD%5EXyQ%7CfUF%23-add9%2CXyQZ%20%3DPop-Soul%3D84%3D1
daac2c43-56db-4017-b194-2001e866d81b,irealb://Lelaki%20Sempurna%3DGutawa%20Gita%3D%3DMedium%20Swing%3DDb%3D%3D1r34LbKcu7sus%23DC%23-XyyX%23F%2CB*%2C%7C%7DQyXFQ%7CyX7%5E%23F%7CQyXbB%7CQQ%7CF-%20%2CA*%2C%7ByXB%7CQ%23-LZBG%7CQyX7oC%7CQyXD%7CyQX-%23D%2CC*%2C%7B%7CQyXb%23/CXyG%20BZLadoc%20yQ%7CG%23%20QyX%3Eortni%20ot%20ckaB%3C%7DQyXbB%7CQyX-%20%3CABCX%23F%7CQ%20A%3E%20%3D%3D0%3D0
dab20a80-933b-408d-809a-2ccfacf03020,irealb://Let's%20Fall%20In%20Love%3DArlen%20Harold%3D%3DMedium%20Swing%3DC%3D0%3D1r34LbKcu77-A%2074C6%20A6-F(7G%207-DZL7-%20A6CZL7G%207-DZL7-)LZE-4T%7BA*E%207hB%20G7LZ7hB2NZL%20QyXQyX%20%7D7G%207DZL7A%207E1N%20E7LZ7-DZL-DZL7%5BA-%20AEZL7o%23D%207DZL7-%20A7D%7CQyX7-AZL7%5E--7%20A-B*%5D%207L7-A%20ZE-7%20G%207-DZL7-A%206C%5B*A%5D%207G%207-DZL9b7A7LZC6L7G%207ZD-7%20G7(F-6)LZE-7%20A-7LZD-7%20G7LZC6%20A-7LZD-7%20G7%20Z%3DJazz-Medium%20Swing%3D120%3D0
da55ec05-1132-4155-bce1-92f340a8867a,irealb://Marina=Granata%20Rocco==Conjunto=G==1r34LbKcu7G%7CQyX%3C%2A69%20G%7CQyXD%3E%20edulrenti%20latnemurtsnIXyQ%7CD%2Ci%2A%2C%5BA%2A%5BYYXyQ%7CG%7CrQyXZL%20lcKQyX%7CG%7CQyXG%7CQyXD%7CQyXXyQ%20%5DD%7CQyXDB%2A%5BYyQ%7CD7ZL%20lcKQyX7D%7CQyGX%7CQyXGZL%20lcKQyXGXyQ%5DXG44TnI%2096XyQ%7CDY%5DQyXG%7CQyXD%7CQyGX%7CQyXD%7CQyXG%7CQyX%5B%2AC%3C%2AG%7CQyXyXG%7CQentalyXG%7CQyXD%7CQyXG%7CyQXD%3E%20edulretni%20Q%7CDXymurtsQ%7CDXyQ%7CGXyQ%7C%7CGXyQKcl%20LZXyQr%7CXyQ%20%5D%20=Jazz%2DSecond%20Line=0=0
daea437c-64c3-4558-a91d-fac5e228b3a1,irealb://My%20Favorite%20Things=Rodgers%20Richard==Waltz=E-=7=1r34LbKcu7L7%5EGZ4E-7L7-AZLxZLxZLxZL%5E7CZL%20%7Cr%20ZL7-%23FZLZD7L3T{A*%5EAZL%20ZG%5E7L7-%23FZL7%5EE[B*}%20b97BZL7h%23FZL7%5ECZLZ%20r%7CL7%5ECZb7BZLZxLZxL7%5ECZL7%5EGZL7%5ECLZ7%5EGZL7DZL7-AZLZF%23h7LxZL7X7%5ECZ[E-7XQyX7-E%7CQyX9b7BQ%7CyX7h%23FZL%20lcKQyKcl%20LC*]%209ZL%20lc%20LZC%5E%5EC%7CQyX7%5EGZL%20lcQKyX7AZL%20lcKQyX77XyQKlcKQyF%7CQyX]*C[GyX7%5EG%7CQyX7%5EC%7CQXy6G%7CQyX7%5EC%7CQyX6Q%7CC%5E7QyX7D%23h7XyQ%7CB7b9%20%20%20Z=Jazz-Medium%20Swing=120=3
da033538-8132-4f3b-a649-b317820d95d4,irealb://Never%20Gonna%20Let%20You%20Go%3DEvans%20Faith%3D%3DSlow%20Soul%3DE%3D%3D1r34LbKcu7C%2CbE/4E%20AL%7B%5D%2011B%20susBZLhBb%2CB%2C-%23CZLhC%20%2CBZ*AE%2CB4Ti*%5B%2C-%23C%2C%5E7%20B1EZL11B%20A%7C%2CB%2C-%23%2CCbE/B%2CEZL%20r%20ZL1%2CB/EbDZL-%23-%23CZLh%20A-6ZL7%23F%20-%23CZLhC%20ZBLA%20ESB*%5B%20QyX%5D%20B11%20EbB%7C%2CB%2CbE/B%20ChLZ%2ChC%2CB%20AZLQ%2C11Bs%20usBZLhbB%2CB%2C-%23C%7CC%23-%20BZLA%20-%23C%7C%2CE%20F%23-bE%20A%7C%2CE%2CbE/B%20-C%23%7C%2ChC%2CB%20A%7C%2C-%23G%2Ch%2CAb7C*%7D%2CEsBZLhC%23-%2C%7C-%23CZLhC%20%2CBZLA%20QED*%5B%5D%20S%2C11B%20-%23F%2CB%2CBb%2C-bA%20us%20B11LZE%20%20U%20Z%20%3DPop-Rock%3D65%3D2
dae12a8e-1dd2-4672-899a-5f10529e609d,irealb://Same%20Old%20Love%2C%20The%3DDave%20Fatman%20Williams%3D%3DMedium%20Ballad%3DF%3D%3D1r34LbKcu77F2N%7CT44G-XQyXQyX%7D%20%20x%201NQ%7CyXF%7CQyX7C%7CQyX7yQXyQ%2CA*%2C%7BZL%20lcbXyQ%7CCZL%20lcKQyX7G%7CQXy7D%7CQyXF%7CQyX-bB7XyQKB%7CQyXyX7F2G-7XyQyXQyXQyX%7D%20%20x%2C1%20N%7CQyXF%7CQyX7C%7CQXyQ%7CN%2CB*%2C%7BQ%7CBbXyQ%7CBb-XyQ%7CFXyQ%7CD7XyQ%7CG7XyQ%7CC7XyQ%7CFXyQKcl%20%20%5D%20%3D%3D0%3D0
da032e5e-01c6-4821-ba56-7677aaa00920,irealb://Sugar%20Foot%20Stomp%20%28Dippermouth%20Blues%29%3DOliver%2C%20Armstrong%2C%20Melrose%20%281923%29%3D%3DMedium%20Swing%3DBb%3D%3D1r34LbKcu7obB%207%3C*74I%29obB%28%20%7CQyX%3EkaeBr%20%2093*%3CobB%3EortnXyQ%7CF44T%5BYbB%5B%20QyQ%5D%3C*QyXQyXQyX%3EbB%20n%20iseulb%20rab%202193XyQXyX7FZLB%3C%20%20bk%3Ep%5BBrB%3C%20%207bB%5Bp%3EkrB%20%3C%20bB%5Bp%3EkrB%3C%20%20obk%3Ep%5BErB%3C%20%20F%5Bp%3EkEo%20%20%3C7C%5Bp%3EkrB%3C%20%207G%5B%3EpkrB%3C%20%20bB%5Bp%3EkrB%20%20%3CBr%5Bp%3Ekr7%20%20%3CBrk%3Ep%7CBb%20EbLZBbXyQ%5D%20%3D%3D0%3D0
da41f16c-d5f3-47c7-85fd-fb9b71cf7e32,irealb://What%20A%20Wonderful%20World%20%28%20Dixieland%20Tunes%29%202%3DGeorge%20David%20Weiss%2C%20George%20Douglas%20%281967%29%3D%3DBallad%3DF%3D%3D1r34LbKcu7F1NZL4F%20A-G%7CQyXbDZL-D%207ALZF%207-GZL-A%20bBZL-7%20C74TA*%7BC%7CQyXb%5E7%20C7CB*%5B%5DQyXFZLbBF%202NZL%20QyXQyX%7D%207XyQ%7CFB%7CQyX%20bBZLFXyQ%7C*%5B%5D%20%2C7C%20%2C7-GZL%20C-DZLC%20-DZLC%20-DAF%20A-%7CQyX7A-LZG-7%20FLZA7%20D-LZDbXyQ%7CG-7%20C7LZFXyQ%7CG-7%20C7%20%5D%20%3D%3D0%3D0
da594a24-7c7f-41a7-94a8-96b8a9d15f3e,irealb://Once%20Upon%20a%20Time%20in%20America%3DMorricone%20Ennio%3D%3DBallad%3DD%3D%3D1r34LbKcu7X%5ED%7CQ4G%20%20s-E%7CQyX%5EDlA*%5BQyQXyXQyXQyX%5D%2CsusA7/DXy4Ti*%5B7As%2077/DXy-B%207-%23FZLh%23C%20G7/-EZL7B%20C/7-A%7CQ7LZE--E%7CQyyX%5D%2C77%2C%7CF-%5EGl%2CA/7-%23F%7C%2CA/-7%23Fs%20A/7-El%2CA/7/A%20sAA%2Csus-%23FlY%20%5BlD%5E%2C7As%20E/susA%7CQy%5EXD%7CQyXD/7-E%7CQyXW/G%2C%7C%20QyXQyX%5EDl9LZE-%2Csus7As%207-EZL7B-%207-%23FZLh%23C%20G/7QA7%2C%7Cb7B%207Q%5DXyQXyQXyQXyQY%5BQlA7%20GLZGXyQ%7CU%3CFINE%3EDXyQZ%20%3DJazz-Ballad%20Melodic%3D60%3D3
da0dc0af-02db-4ade-94b0-a818f8c9e41e,irealb://Paz%2C%20A%3DGil%20Donato%3D%3DBossa%20Nova%3DA%3D%3D1r34LbKcu7QyXsuro%3EB-yX7-BZL%20lcKQyX69AS%7B%7DQyX7E%7CQyX7Q%7CE9stnI%3C%7B7-B%7CQyQ%7CF%23%7CQyX9%5EC%7CQyXsusE9%7CQyX7-B%7CQyX11-A-9XyX96A%7CA%207-A1E9su%5EC%209%5EC%5BZ%20%3EeniF%20%3C%20sus9E2N%7C%7DQyXs7/BLZN%7CQyXB%2011-ZF%23-1/7-A%207-AZLB/7%5E%20C9%5EC%7CQyX6G%7CQyX1GLZF%23LG/7-9/F%23LZF7b5%20E7%3CD.S.%20al%202nd%20End.%3E%20%7C%20%3DJazz-Bossa%20Nova%3D140%3D3
dadb036a-1a1a-4ddc-bf6e-54bcd0a9a2ac,irealb://Ponteio%3DLobo%20Edu%3D%3DBai%C3%A3o%3DG%3D7%3D1r34LbKcu7ZLxZL22%3C*7%5EFZLxZLxZLxZL9dda-E%3E082%20mpb%20%20413LZxTi*%5BYZLxZL-%5E9LZ-EA*%7BY%7D%20xZLxZLZxL31%5EFZLxZLxZLx%5E9LZxE%7B%5D%20x9-AZL13LZxL%5ECZLxZLG%2FWZLxLZ9-AB*%5B%7D%20xZLxZLZE-%2FB%5EFZLx%E2%99%A9%2027*LZB7sQyXQyXQyXQyX%5D%20d3dasus7BZL%23F%2FsuY%5B*C%3CG%2FWZL%20ZL%20%7C%E2%94%81%3EsE6%7Cr%20ZL%20%7Cr%20ZL%20%7CrZ%20LDZL%2CEZLDl%7Cn%2C9%20LZ%20r%20%20%E1%8A%95%20%20ZL9%5E-%20%3C*69L31%5EFZLxZL9%5E-E%5D%5B%20Q%20%7Cr%3E%3Ax%20dr3%20%20ZxLZEZL%20%7Cr%7C%2C7B%2C13LZx%2C7AZL%20x%20ZL%20lcK7%2CBspp%2C7AD*Q%5BY%5D%20B7%2CA7%5EFZLxXn%7CQyppsD7n%2CGl%5B%5D%2C7D%2C7C%2C7%2CD7CZL%20x%20ZL%20lcK%2C%20LZnX%2C7Cl%7CQyX.%E2%99%A9yQ%5D%7BG43TZLn%7Cn%2CGs%7D%20%3E6x36*%3C%20%7Cr%20ZLFZL%2C%3C*69%20Xn%7CQy%E2%99%A9.%3EF%2CF%2C%7CU%3C*69%20%E2%99%A9%20%20%E1%8A%95%20%20%E2%94%81%3ElG%2CsnZ%20%3DLatin-Brazil%3A%20Samba%3D280%3D3
dae95f91-9032-44b2-aa79-20cd295464ef,irealb://RGT%20Bass%20G8%20Ballad%20Pattern%202%3DRGT%3D%3DBallad%3DA%3D%3D1r34LbKcu7%5BT44ALZALZALZALZB-LZB-LZF%23-LZF%23-LZC%23-LZC%23-LZDLZD%20%7C%20%3D%3D0%3D0
da00d566-a9f0-4f32-acb3-e14618b152de,irealb://San%3DLindsay%20Mcphail%2C%20Walter%20Michaels%3D%3DDixieland%3DG%3D7%3D1r34LbKcu7QyX%2CG%2CXyQ%7C7D%7CQyX%2C7A%7CQyX%2CE7%7CQyX%2CG%7CQyX%2C7oG%2CXyQ%7CG44T%5BX%2C7DZyQ%7CG%2CQyX%2C7A%7CQyX%2C7E%7CyQX%2CG%7CQyX%2CoG%7CQyXKcl%20LX%2C7D%7CD%7CQyX%20LZG%2C%20x%20ZL%20n%2CC%7CQyX%2CG7ZL%20x%20ZL%20x%20ZL%20nLZA7%2ClcKQyyX%2CG%7C%7CG%2CXyD%7CQyX%2C7A%7CQyX%2C7%7CEQyX%2CG%7CQyX%2CoG%7CQ7%2CXyQQyX%2C7Q%7CD7XyQ%5D%20%3DJazz-Gypsy%20Jazz%3D175%3D3
da7a74c0-2888-4c5b-adc4-24727616bf74,irealb://She's%20Always%20A%20Woman%20sjr%3DJoel%20Billy%3D%3DBallad%3DEb%3D%3D1r34LbKcu7xZLbE4EbLZLbESA*%7B%20%20QyXQy%7DX%20bBZLbEZLsusbEZBbLZ3Ti*%7BCZLQ%2CZAbLZGZLbBZLbEZLbBZ7L%5EbAZL6bAZL7%5EbA7LZG7LbEZLCZL-C7%2FBbLyX%7D%20bBZLbEZLsubsEZLbEZLbBZLbAZQ%20%5B*B-CZL-bAZLGLZF7%2FLbAZLbEZLG%2FbEZAL%2FbBZLbBZL7FZLAZAb%5E%2FbB%2F7-bAZLCBb7LZLbD%2F-bEZL-bEZLZxLbEZLsusbEZLbEZAb7%2FZLF%2F66bBZLLZDb%2FFZLA%2F7FZL%23A%2FBZBLZLbGZLbB%2FbGZLC7LZBbbDZL7hAZL%2CS.%20al%2CbB%2F7-CZL%2C-CQ%5B%20%5D%2CbBZL7bB%3EadoC%20LZF-7.D%3CZL%5BQyXQ-%2CLZBQyX%5D%20%2CbBZL%2CbEZ%2CLsusbEZL%2CbEZL%2CbXyQXyFZL%2C7bEZL%2CBb%2CLZbBZL%2C-FZL%2CbB%2F-ZCL%2C-CZL%2C7GZL%2C7G%2CLZEbZL%2CbEsus%2CLZEb%2CLZfEb%2C%20Z%20%3DJazz-Ballad%20Swing%3D190%3D1
dae64563-28af-4e1c-ad1e-01f115ad2205,irealb://Since%20I%20Fell%20For%20You%202%3DJohnson%20Buddy%3D%3DSlow%20Swing%3DBb%3D%3D1r34LbKcu77CZL74Bb%5E7EZL7F%207-CZL7G%20b7BZL7F%207-CZL7G%20b7%20Db4TA*%7BB%207-FsLZN1%207%5EbB2NZL%20QyXQXy%7D%207F%207CZL7G%207DEb7LZus7F%20%7CQyX7*BEb7X7bEZL7bB%207-F%7CyQXbB%7CQyX7bA%7CQyXyQ%7CAb%5B%5D%207b%207-CZG7LZC%5EbBZL7F%207-CZL7%20G7%5EbBA*%5B%5D%207F%207-7%20G7L%207%5EbBF7LZEb7%20Db7LZC7%20F7susLZBb6%20G7LZC7%20F7%20Z%20%3DJazz-Ballad%20Swing%3D60%3D3
da61f8d1-34e7-4ba4-8214-36d8d772494c,irealb://Slow%20Dance%20With%20Francis%3DComposer%20Unknown%3D%3DSlow%20Ballad%3DD%3D4%3D1r34LbKcu7%5DQyX-4G6XyDZLG%20DZL-B%20-AZAL%20D%7CQyXD%7CQyXx%7CQ%20ALZB4TA*%5B%20DB*%7ByQ%7CG%20ZLA%20G%7CQyX-B%7CQyAX%7CQyXG%7CQyXDZL-BDXyQ%5DX6GA*LD%20AZB-%20ALF%2CDZLA%20-BZLD%20-F%23ZLA%20-BZLD%20-%23FZ%23-%2CGLZL-%23FZ*CG%20ALZD%20GLZG%20ALZD%20F%23-LZG%20ALZD%20GLZG%20ALZDXyQ%7D%20%3DJazz-Ballad%20Even%3D85%3D3
da4d20d1-bb0a-4d79-83f4-ae039be2b586,irealb://Something%20To%20Live%20For%201=Duke%20Ellington%2DBilly%20Strayhorn==Jazz%20Ballad=F=8=1r34LbKcu7El%7C%2C74C%5E7%20Fs%20%2C7%5EbBZL7%5EbA7%20%5EbBZL%20x%20ZL7%5EbB%2D7%2CBb4Tv%2A%5BC%2C7bDDh7%2CGhAsZL7bB%207%5EGl%7C7%2CD%2C7hAs%207%2DCl%7C%2C77%2CD7%2Cs%207%5Eb%7CQyX7%2AAlF%5EX96bB%7CQyX5%237B%7CyQX7%2DFZL%20lcKQyX7yQ%7CEb%5BY%5D%2C76bB%7CQ7LZG%2DB%7CQyX7%2DFZL%20lcKyQX7%5EFB%2A%5BY%5D%207C%2077%235XyD%207%2DA%2A%5BY%20%20cl%20LZX%5DQyX6%2DF%7CQyX7DQ%7CyX9b7A%7CQyX11%2DEyQXyQKQyX9X7%2DFZyQ%7CG7QyX7%5EFD%2A%5BY%5D%209Cp%20%7CQyX7bG%7CQyXtlaKcl%20LX7%5ECCX7%2DD%7C%235XyQa7AZL%20lcKQyX9bE7ZL%20lcKQyX96bB%7CltXyQ7B%7CQyC%207%2DG%2311Xy7%5EFZL7C%207%2DGZL7%20D7%2DA%7B%7CQyX7o%23G%7CQ%20U%20LZ7G%7CQy7%20%7D=Jazz%2DGuitar%20Trio=70=0
dad6bbad-f7f6-46fb-9b20-5059754b7c72,irealb://Take%20Your%20Shoes%20Off%20Baby%3DAustin%20Gene%3D%3DMedium%20Swing%3DC%3D0%3D1r34LbKcu7%209bE%7C4Db%5E%20bB%7C%2C7B%2C7bD%20%5EbDLZ7bA%207-bEZL7-bB7%20xLZ4TA*%7BbE2NZbLZEbQyX%7D%20x%207bAZLx%20-7bE1NZLbB%2F9bE%209XyQ%20LB%2F9bEx%207-b7LZDb7-bBZLC%2F9F%209FZCL%2F9F%209FB*%5B%5D%20x%20%5E%20xLZBbA%207-bD44T%20Eb9%2Fx%205b7bAZLx%207bALZbB%2F9bE%209bEZLbB%20%5D%7B*A9bEZLQZLbB7LZEb9bEZLx%207bB%7C%2C7B7%2CbD%20%5EbDZL7bA%207-%20Eb9%2F-bB%20%5EbE%209bb9%2FBb7bB%7CQyXhFQ%7C%5D%20x%5E%20bDZL7bA%207-bEZLXyQ%7CEE%209bE9%2FBbLZEb-7%20Ab7LZDb%5E%20xU%20%5D%20%3DJazz-Medium%20Swing%3D120%3D0
da37cc65-db50-4428-a16f-ff8cd9ad436f,irealb://Too%20Shy%20To%20Say=Wonder%20Stevie==Pop%20Ballad=E=4=1r34LbKcu7ZL%3E%E2%86%93Q44%3C%2A7QyX15%2A%3C%20%20%2BE%7CQy2XddaE%3E65%20mpb%20%204XyQXyTi%2A%5BYZLp%2C709%20%20%E2%99%ABQyX%2F%2F%2021%2A%3C%297%2D%23%28G%5EAs%3E%E2%99%A9%20%20QyX%E2%99%A9QyX%EF%B8%B6%3EF%23%2D%2A%3C43TdaEA%2Add2%2CDyXQyX%5DQyXsus9BLZf%20%20Cl%7Cp%2C%23C%2C31%5EQ%20%20Y%7BaE44TA%7CQyX%7CE%2BXyX2ddaEZL%2Csus9B7%20%2D%23FZL7%2D%23G%20%5EA%7CQyQ%7CE%2BQyX2dX9b7B7LZF%23%20%5EC%7CQyX9b7bDZLD6%20%5EDSB%2A%5BY%5DQyX7%2DC6%2CLZ%2D%23G%20%5EyXQyX%5E%20Bb6X%7D%207B%207%2D%23F1NZL%20Q%202ddaD%7CQyX7AZLyQXyQbB%7CQyaDfU%7C%20D%2ES%2EdaG%7CQyX7%2D%23FQ%5BY%5DYQyX6D%3EadoC%20la%20d2XyQ%3C2N%7CQdd2XyQZ%20=Pop%2DSlow%20Rock=56=1
da43f580-24f1-422e-860b-cf644b2b13aa,irealb://Stella%20By%20Starlight3-4%3DYoung%20Victor%3D%3DMedium%20Swing%3DBb%3D%3D1r34LbKcu7bE%7CQy4Eh7XQyX7-F%7CQyX7F%7CQXy7-C%7CQyX9b7A%7CQy%7CBb7X3TA*%5B%5EFZL7%7CAb7XbB%7CQyX7-DZL9b7%20A7hE%7CQyX7%5EbB%7CQy-7%20EbQyX7%5Eb7GB*Eh7%28G9b7D%7CQyX%297hA%287AhZL%297C%289b7A%20%297-XyQ%5D%5B%7CQyX7%20%20lcKKcl%20LbBZL%20lcKQyX11%23b7AZL%20lcKQyX7-CZ%5E7XyQQyX31B%7CQyXh7XyQQyX7hC%7CQyX9b7GQ%7CyX7hD%7CQyX9b7A%7C%7CF7b9EC*%5B%5Db%5E7XyQKcl%20%20Z%20%3D%3D0%3D0
dac8154d-1014-4bbc-b71e-34a3f57647aa,irealb://When%20I%20Get%20Low%20I%20Get%20High%3DSunshine%20Marion%3D%3DMedium%20Swing%3DD-%3D0%3D1r34LbKcu7%7DQyX74D-Xy-DZL%20lcKQyX7AZ%20Lx%20ZL%20x%20ZL%20lcKQXyQ%7CA4TA*%7B*%5B%5DQyXyQKcyX7FZL%20lcKQyX7ZCL%20lcKQyX7GZL%20lQ%7CA7X7DB*%5BAD-XyQKcl%20LZ%20x%20LZ%20x%20LZA7XyQKcl%20LZD-XyQ%7CA7XyQZ%20%3DJazz-Medium%20Swing%3D190%3D30
da67312e-7802-4897-81bb-00a37b530743,irealb://Where%20Or%20When%20(Jim%20Hall)%3DRodgers%20Richard%3D%3DMedium%20Swing%3DF%3D5%3D1r34LbKcu7L%20x%20Z4F%5EXyL%20lcKQyXF%2F7-GZ%20Lx%20ZL%20x%20ZL%20lcKQZ%20x%20L4TA*%7B%7CQyX77XyQ%7C%5D%209b7A%207hE%7CQyX%5E7F2N%7DQyXF%2Fsus7C%5B*BD-%5EF1NZus7CZQ%7CEh7us7G%7CQyX9bB%7CQy7X-D%7CQyX9b7A%7CQyXs%20G7LyX7-G%5EbBl%7C%5D%5B*AF-Cs%207-DZL7A%207hZEL9%237E%207hB%7CQyX67%2CF7%2C%207C%20sF%7BQyXAh7%20DC%7CQyX7-GZL9%237D7%20hA%7CQyX7-GZL9%2377sus%2C%7CQyX76XyQ%7CG-7%2FF%20%20%3C*51X8%3E%20%7D%20%3DJazz-Medium%20Swing%3D100%3D3
da1761de-cbc4-4892-bb7c-00b1431ce218,irealb://You%20Make%20Me%20Feel%20Brand%20New%3DCreed%20Bell%2C%3D%3DSoul%20Ballad%3DE%3D%3D1r34LbKcu7%23G%2C-A7XyQ%7C%7D%20%2CB%2F7-%23F%20%23C%2FBQ%7CyX7-%23G%7CQyX7-%23F%7CA%5E7%20%5EAi*%7BQyXQy-%20A-%2CyX%7C%5DQyXE%7CQyXEZsLusB%20%2C7-%23F%7C%2C-%23GQXyQX%23F%7C%2C-%7CQyX7XyQ%7CAX7-%23C%7CQyXE%7CQyX%2FE-A%7CQyXE%7CQyXE%2F-yQ%7CF%23ESA*%5B7-E%7CQXyQ%7CB%7C%7D%20%3Ex463*%3C%20%20G%2FC-%7CQyXG%7B%2CD%2C7A%20%2C7B-7Xy%2CsusB*%5BQyXr%7C%20LZ%2C7%5EC%2C-B%20%2C7-AsZ%2CL7-B%207%5EC%7CQyX9-A%7CDsus%20%7CQyX%5ECZLQ%20A-%2CD%2C-A%20E%2FD%7CQyX7-BQ%7CyX9-A%7CQyX7%5EC%7C%2CD%2C%7CXy%2C7DlBD%2FC%207A-9XyB%2CC%2FW%207%5EC%5B%5D%2CDQ-%2CA%20E%2FD%7CQyX7-B%7CQ-%2C%7CA-%7CQyX7%7CQyX9ZC-%2FGX7%5ECQ%7BZ%20%2CE%3Eado%20Cla%20.S.D%3CZL%2CEZLyQ%7CA-LGZL%2CB-7XyQ%7CD%2FE%20A-%2C%3C*394x%3E%20%7D%20%3DJazz-Slow%20Swing%3D80%3D1
da98d584-77e5-4c11-baa6-f5664c5d4763,irealbook://Bonaparte%27s%20Retreat=Traditional=Fiddle%20Tune=D=n=%7b%2aAT22D%20%20%20%7cpA%2cD%20%7cD%20%20%20%7cpA%2cD%20%5dY%5b%2aBD%20A%20%7cD%20A%2cD%2c%7cD%20A%20%7cD%20A%2cD%2c%7dY%7b%3c%2a72%20Alternative%20B%20part%20%28more%20commonly%20heard%29%3a%3eD%20%20%20%7cA%20%20%20%7cD%20%20%20%7cA%20D%3cx2%3e%20%7d
daaddfa1-ec3c-44e7-8100-aecb8ac9ce4b,irealbook://%E9%AD%94%E7%95%8C%E5%A1%94%E5%A3%ABSAGA%20Overworld%3D%E4%BF%A1%E5%A4%AB%20%E6%A4%8D%E6%9D%BE%3DRock%3DG%3Dn%3D%5B*AG%20%20%20%7CG%20F%23-7%20%7CB-%20%20%20%7CB-%20C%20%7CG%20%20%20%7CG%20F6%20%7CA-%20%20%20%7CC-7%20D7%20%7CG%20G%5E7%20%7CG7%20G6%20%7CA-%20%20%20%7CD7%20%20%20%7CG%20G%5E7%20%7CG7%20G6%20%7CA-%20%20%20%7CDsus%2C%20D%20%7CD-%20%20%20%7CE7%20%20%20%7CC-%20%20%20%7CD7%20%20%20%7C%7CBo%20E7%20%7CA-7%20%20%20%7CF%20%20%20%7CD%20%20%20%7CD%20%20%20Z%20
da38f4ed-850b-4ae9-9e79-10bbd9509c2b,irealbook://Mo'%20Better%20Blues%3DLee%20Bill%3DEven%208th's%3DGb%3Dn%3D%7BT44Gb%20B/F%23%20%7CGb7%20%20%20%7CB%20Eb7/Bb%20%7CAb-7%20%20%20%7CAb7sus%20Ab7%20%7CDb7sus%20%20%20%7CGb%20B/F%23%20%7CGb%20Db9sus%20%7D
dae23fd1-4bac-4818-b3d9-8d3fe3dbf845,irealbook://Hold%20The%20Line%3DToto%3DMedium%20Swing%3DC%3Dn%3DY%5B*CT12F%23-%20sC%23-%2CD%5E7%2C%7ClE%20sEsus%2CE%7D%7C%20%20%20%20%20%20%20%20Y%7B*vlB-%20C%23-7%20%7CF%23-7%20%20%20%7D%7BB-7%20C%23-7%20%7CD%5E7%20E%20%7D
da883465-3f26-49e3-9fe1-4ba1ed2596f9,irealbook://Another%20Brick%20In%20The%20Wall%3DWaters%20Roger%3DRock%3DD-%3D44%3D%5B*AD-%20%20%20%7C%20x%20%20%7C%20x%20%20%7C%20x%20%20%7CD-%20%20%20%7C%20x%20%20%7C%20x%20%20%7C%20x%20%20%7CD-%20%20%20%7C%20x%20%20%7C%20x%20%20%7C%20x%20%20%7CD-%20%20%20%7C%20x%20%20%7CG%20%20%20%7C%20x%20%20%7CG%20%20%20%7CG%20%20%20%7CD-%20%20%20%7C%20x%20%20%5D%7CF%20%20%20%7CC%20%20%20%7CD-%20%20%20%7C%20x%20%20%7CF%20%20%20%7CC%20%20%20%7CD-%20%20%20%7C%20x%20%20%7D%20
da957b6c-8aae-4a2a-a4b0-8178522b7acc,irealbook://Corra%20E%20Olhe%20O%20Ceu%3DCartola%20Cartola%3DBossa%20Novae%3DC%3Dn%3D%7BT24Ebh7%20%20%20%7CAb*aug*%20%20%20%7CC%23*m7*%20%20%20%7CF%2313%20F%23*aug*%20%7CB9sus%20%20%20%7CE9sus%20%20%20%7CA9sus%20%20%20%7CA9%20%20%20%5D%5BD%5E7%20%20%20%7CEbh7%20Ab*aug*%20%7CC%23*m7*%20%20%20%7CF%2313%20F%23*aug*%20%7CB9sus%20%20%20%7CE9sus%20%20%20%7CA%5E7%20%20%20%7CE7b9%20%20%20%5D%7C*AA%5E7%20%20%20%7Cx%20%20%20%7CC%23*m7*%20%20%20%7Cx%20%20%20%7CE*m7*%20%20%20%7CA7%20%20%20%7CD%5E7%20%20%20%7Cx%20%20%20%7CD*m7*%20%20%20%7CD*m7*%20%20%20%7CB*m7*%20%20%20%7CE9sus%20E7b9%20%7CA%5E7%20%20%20%7Cx%20%20%20%7CC%23*m7*%20%20%20%7Cx%20%20%20%7CE*m7*%20%20%20%7CA7%20%20%20%7CD%5E7%20%20%20%7Cx%20%20%20%7D%20
da7fb8fa-20b5-4dad-b665-ec0d2beeb640,irealbook://Drunken%20Billygoat=Traditional=Fiddle%20Tune=A=n=%7b%2aAT24A%20%20%20%7cA%20%20%20%7cE%20%20%20%7cE%20%20%20%7cA%20%20%20%7cA%20%20%20%7cE%20%20%20%7cA%20%20%20%7dY%7b%2aBA%20E%20%7cD%20A%20%7cD%20A%20%7cB%20E%20%7cA%20%20%20%7cD%20%20%20%7cA%20%20%20%7cE%20A%20%7dY%7b%2aCA%20%20%20%7cA%20%20%20%7cE%20%20%20%7cE%20%20%20%7cE%20%20%20%7cE%20%20%20%7cD%20A%20%7cE%20A%20%7d%20
da86511e-5fcb-457e-ba45-f6cab7e39213,irealbook://East%20Village%20Sublet%3DNorris%20Graeme%3DUp%20Tempo%20Swing%3DD-%3Dn%3D%5B*AT44D-%20%20%20%7Cx%20%20%20%7CEb7%20%20%20%7CE-7b5%20A7b9%20%7CD-%20F7%20%7CE-7b5%20A7b9%20%7CD-%20%20%20%7CE-7b5%20A7b9%20%5D%5BD-%20%20%20%7Cx%20%20%20%7CEb7%20%20%20%7CE-7b5%20A7b9%20%7CD-%20F7%20%7CE-7b5%20A7b9%20%7CD-%20%20%20%7Cx%20%20%20%5D%5B*BA-7b5%20%20%20%7CD7b9%20%20%20%7CG-%20%20%20%7Cx%20%20%20%7CG%23-7%20C%237%20%7CG-7%20C7b9%20%7CF7%239%20Bb7%20%7CE-7b5%20A7b9%20%5D%5BD-%20%20%20%7Cx%20%20%20%7CEb7%20%20%20%7CE-7b5%20A7b9%20%7CD-%20F7%20%7CE-7b5%20A7b9%20%7CD-%20%20%20%7CE-7b5%20A7b9%20Z%20
da56c5f5-24f3-451c-ab70-59937317c212,irealbook://Estate%3DMartino%20Bruno%3DBossa%20Nova%3DB-%3Dn%3D%7B*AT44B-7%20%20%20%7C%20x%20%20%7CE-7%20%20%20%7CF%237b9%20%20%20%7CB-7%20%20%20%7C%20x%20%20%7CE-7%20%20%20%7CA7%20%20%20%7CD7sus%20%20%20%7CD7%20%20%20%7CG%5E7%20%20%20%7CC7%20%20%20%7CF%237%20%20%20%7CF%237%235%20%3CFine%3E%20%20%7D%20%20%20%20%20%20%20%20%5B*BB%5E7%20%20%20%7C%20x%20%20%7CF-7b5%20%20%20%7CBb7%20%20%20%7CEb-7%20%20%20%7CAb7%2C%20%20%20%7CE-7%20%20%20%7CA7%20%20%20%7CA-7%28D%29%20%20%20%7CD7%20%20%20%7CG%5E7%20%20%20%7CC7%20%20%20%7CF%237%20%20%20%7C%3CD.C.%20al%20Fine%3EF%237%235%20%20%20%5D%20
da8c75a8-de65-4119-8546-b1d410f4af28,irealbook://I%20Don't%20Need%20A%20Man%3DDolls%20The%20Pussy%20Cat%3DMedium%20Swing%3DD-%3Dn%3DY%7B*AT44D-%20%20%20%7C%20%20%20%20%7D%7BF%20E-%20%7D%20%20%20%20Y%7B*B%3C*68%20CHORUS%3EBb%20G-%20%7CD-%20%20%20%7D%20%20%20%20%20%20%20%20%3C02%20Strings...%20we%20need%20to%20fill%20this%20out%20with%20instrumental%3E%20%20%20%20%20%20%20%20%20%20%20%20%20%20%20%20%20%20%20%20%20%20%20%20%20%20%20%20%20%20%20%20%20%20%3CS1%20Brass...%20pitch%20bend%20fall%20off%20on%20D%3EsF%2CE%2CD%2CC%2CD%20
da2038a9-39b3-47e7-82e7-870bd8b8ae89,irealbook://Just%20Once%3DWeil%20Mann%3DSoul%20Ballad%3DC%3Dn%3D%7B*iT44C%5E7%20%20%20%7CF6%20F%20%7CE-7%20%20%20%7CG11%20%20%20%7C%7C*ACadd9%20F%5E7%20%7CE-7%20A-9%20%7CD-7%20G/F%20%7CE-7%20sA-9%2CA-%2C%7CD-7%20sGsus%2CG%2C%7CE7sus%2CE7%2CA-9%2CA-/G%2C%7CD-7%20Cadd9/E%20%7CT24Fadd9%20%20%20%7CT44F/G%2CG%2CF/G%2CG%2C%7CC%20G/C%20%7CG-7/C%20C7/E%20%7CF%5E7%20%20C/E%2C%7C%7CD-7%20G/F%20%7CE-7%2C%20A-9%2CA-%2C%7CD-7%20F/G%2CG%2C%7CC%2CG/C%20%20%7CG-7/C%20C7/E%20%7CF%5E7%20%20C/E%2C%7CD-7%20G/F%20%7CE-7%20A-9%2CA-%2C%5D%7CD-7%20%20%20%7CN1F/G%20%20%20%7D%7CN2F/G%20%20%20%5B*BE-7%20G/A%2CA%2C%7CD%20A/D%20%7CA-/D%20D7/F%23%20%7CG%5E7%20%20D/F%23%2C%7CE-7%20A/G%20%7CF%23-7%2CB-9%20B-%2C%7CE-7%20%20%20%7CG/A%20%20%20%7CD%20A/D%20%7CG/D%20A/D%20%7CD%20A/D%20%7CG-/Bb%20G/A%20%7CD%20%20U%20Z%20
da90ddd3-fe12-4e62-abc2-6e08530490b9,irealbook://Kvinde%20Min%3DSch%C3%B8nemann%20Jan%3DPop%3DE-%3Dn%3D%5B*iT44E-7%20%20%20%7CBsus%20B%20%7Cr%20%20%20%7C%20%20%20%20%7C%5B*AT44E-7%20%20%20%7CBsus%20B%20%7Cr%20%20%20%7C%20%20%20%20%5D%5BE-%20%20%20%7CC%20%20%20%7CD%20%20%20%7CA%20%20%20%7C%5B*AT44E-7%20%20%20%7CBsus%20B%20%7Cr%20%20%20%7C%20%20%20%20%5D%5BE-%20%20%20%7CC%20%20%20%7CD%20%20%20%7CA%20%20%20%7CA%20%20%20%7C%2C*B%2CE-%20%20%20%7CC%20%20%20%7Cr%20%20%20%7C%20%20%20%20%7CE-%20%20%20%7CD%20%20%20%7CA%20%20%20%7CA%20%20%20%7C%2C*C%2CE-%20%20%20%7CC%20%20%20%7CE-%20%20%20%7CC%20%20%20%7CE-%20%20%20%7CC%20%20%20%7CE-%20%20%20%7CC%20%20%20%7CE-%20%20%20%7CC%20%20%20%7CE-%20%20%20%7CC%20%20%20%7CE-%20%20%20%7CC%20%20%20%5D%20
da745627-c41b-4bc8-bc31-a6ac42a94fea,irealbook://Lupin2%28page2%29%3dComposer%20Unknown%3dMedium%20Swing%3dA%2d%3dn%3d%5bT44A%2d7%20%20%20%7cD7%20%20%20%7cG%5e7%20A%2d%20%7cB%2d%20E7%20%7cA%2d7%20%20%20%7cD7%20%20%20%7cG%5e7%20%20%20%7cx%20%20%20%7cF%23h%20%20%20%7cB7%20%20%20%7cE%2d%20%20%20%7cE%2d%2fD%20%20%20%7cC%23h%20%20%20%7cF%237%20%20%20%7cB%2a7sus4%2a%20C7%20%7cB%2a7sus4%2a%20%20%20%7cB7%20%20%20%7cB7%20%20%20%5d%5bE%2d7%20C%23h%20%7cF%237%20B7%20%7cE%2d7%20C%23h%20%7cF%237%20B7%20%7cE%2d7%20C%23h%20%7cF%237%20B7%20%7cE%2d7%20F7%20%7cE%2d7%20%20%20%7cA7%20%20%20%7cBb7%20A7%20%7cC7%20C%237%20%7cC7%20%20%20%7cF%237%239%20C7%20%7cB7b9%20B7%239%20%7cE%2d%20%20%20%7cE%2d%20%20%20%7cA%20%20%20%7cA%20%20%20%7cE%2d%20%20%20%7cE%20G%2cA%7cA%20%20%20%7cA%20%20%20%7cE%2d7%2cG%20C%23h%7cC%23h%2cF%237b9%2cC7%2cB7%239%7cE%2d%20%20B7%239%7cB7%239%20%20%20%5d
da9dc291-beaa-4a4d-94b9-4719dad35194,irealbook://Harmonic%20min%20Pag%2037%20%3DComposer%20Unknown%3DMedium%20Swing%3DC%3Dn%3D%7BAb-%5E7%20%20%20%7C%20x%20%20%7C%20x%20%20%7C%20x%20%20%7C%7C%20x%20%20%7C%20x%20%20%7C%20x%20%20%7C%20x%20%20%7D%7BB-%5E7%20%20%20%7C%20x%20%20%7C%20x%20%20%7C%20x%20%20%7C%7C%20x%20%20%7C%20x%20%20%7C%20x%20%20%7C%20x%20%20%7D%7BG-%5E7%20%20%20%7C%20x%20%20%7C%20x%20%20%7C%20x%20%20%7C%7C%20x%20%20%7C%20x%20%20%7C%20x%20%20%7C%20x%20%20%7D%7BC-%5E7%20%20%20%7C%20x%20%20%7C%20x%20%20%7C%20x%20%20%7C%7C%20x%20%20%7C%20x%20%20%7C%20x%20%20%7C%20x%20%20%7D
da16cd4a-ff0b-4004-b3db-74cc38dbebad,irealbook://Major%207%20Practice%3DComposer%20Unknown%3DMedium%20Swing%3DC%3Dn%3D%5BT44C%5E7%20%20%20%7C%20%20%20%20%7CF%5E7%20%20%20%7C%20%20%20%20%7CBb%5E7%20%20%20%7C%20%20%20%20%7CEb%5E7%20%20%20%7C%20%20%20%20%5D%7CAb%5E7%20%20%20%7C%20%20%20%20%7CDb%5E7%20%20%20%7C%20%20%20%20%7CGb%5E7%20%20%20%7C%20%20%20%20%7CB%5E7%20%20%20%7C%20%20%20%20%7C%7CE%5E7%20%20%20%7C%20%20%20%20%7CA%5E7%20%20%20%7C%20%20%20%20%7CD%5E7%20%20%20%7C%20%20%20%20%7CG%5E7%20%20%20%7C%20%20%20%20%5D
dae9c072-4591-4bae-bbfb-aeb33dd6e025,irealbook://Mariposa%20Traicionera%3DFher%20Olvera%3DLatin%20Pop%3DE-%3Dn%3DT24%5B*iE-%20%7Cx%20%7CD7%20%7Cx%20%7CC%20%7Cx%20%7CG%20%7Cx%20%5D%7B*AE-%20%7Cx%20%7CD7%20%7Cx%20%7CC%20%7Cx%20%7CN1G%20%7Cx%20%7D%20%20%20%20%20%20%20%20%20%20%20%20%7CN2G%20%5D%20%20%5B*BC%20%7CD%20%7CG%20%7CE-%20%7CC%20%7CD%20%7CB7%20%5D%20%20%5B*CE%20%7Cx%20%7Cx%20%7CB%20%7CF%23-%20%7CB%20%7CB%20%7CE%20%5D%5B*DE%20%7Cx%20%7CE7%20%7CA%20%7Cx%20%7CE%20%7CB7%20%7CE%20%7CA%20%7CE%20%7CB7%20%7CE%20%5D%3CD.C.%3E%20
da39e341-2b5a-4c05-a65e-38f42916a689,irealbook://Melody%3DPerry%20Steve%3DPop%20Ballad%3DF%3Dn%3D%7C*iT44F%20%20%20%7CD-7%20%20%20%7CBb%20%20%20%7CG-%20C7sus%20%7CY%7B*vBb/D%20C/E%20%7CBb/D%20C/E%20%7CDb2/F%20Eb/G%20%7CF2/A%20%20%20%7CY%7CBb/D%20C/E%20%7CBb/D%20C/E%20%7CDb2/F%20Eb/G%20%7CF2/A%20%20%20%7CY%7CBb%20%20%20%7CD*-7s4*%20D-7%20%7CBb%20%20%20%7CCsus%20%20F/A%2C%7CYBb%20%20%20%7CD*-7s4*%20D-7%20%7CG-7%20F/A%20%7CBb%20sCsus%2CC%2C%5DY%7ClG-7%20F/A%20%7CN1Bb%20%20%20%7D%7CN2Bb%20Csus%20%7BBb%20%20%20%7CY%20x%20%20%7C%20x%20%20%7C%20%3C%20%20%20%20%20%20%20%20%20%20%20%20%20Repeat%20%26%20Fade%3Ex%20%20%7C%20x%20%20%7D%20
dad96f71-a014-40a8-83d1-1f3d4545e953,irealbook://Never%20Can%20Say%20Goodbye%3DComposer%20Unknown%3DMedium%20Swing%3DC%3Dn%3D%7B*AC*m7*%20%20%20%7CF7%20%20%20%7CC*m7*%20%20%20%7CF7%20%20%20%7C*BBb*Maj7*%20%20%20%7CF*m7*%20%20%20%7CBb*Maj7*%20%20%20%7CF*m7*%20%20%20%7CBb*Ma7*%20%20G*m7*%20%20%7CF*m7*%20%20Bb7%20%7CEb*Maj7*%20%20Eb/D%20%7CC*m7*%20F7%20%7D%20%20%20%20%20%20%20%20%20%20%20%20%5B*CBb*Maj7*%20%20%20%7CBb*m7*%20%20%20%7CC/Bb%20B/Bb%20%7CBb%20%20%20%7CBb*Maj7*%20%20%20%7CBb*m7*%20%20%20%7CC/Bb%20B/Bb%20%7CBb%20%20%20Z%3CWith%20Vocals%2C%20follow%20form%20%28ABABC%29%20%3E%20%20%20%20%20%20%20%20%20%20%20%20%20%20%20%20%3C*36Solo%20Form%20is%20ABC%20%28no%20repeat%20after%20B%29%3E%20%20%20%20%20%20%20%20%20%20%20%20%20%20%20%20%3C*74At%20end%20of%20solo%2C%20loop%20C%3E%20
da5da6cf-885f-4849-9e67-cb1f1202c822,irealbook://Nova%20Scotia%3DTrad%20arr.%20D.%20Stiernberg%3DFiddle%20Tune%3DD%3Dn%3D%7B*AT44lD**%20%20%20%7CB-%20%20%20%7CE-%20A7%20%7CD**%20%20%20%7ClC%23-%2C%20lF%237%20%7ClB-7%2C%20lE7%20%7ClE-7%2C%20sA7%20%7ClD**%20%20%20%7DY%7B*BD**%20%20%20%7CD%2B%20%20%20%7CB-%20%20%20%7CD7%20%20%20%7CG**%20Ab-%20%7CD**/A%20B-%20%7CE-%20A7%20%7CD**%20%20%20%7D%20
da2e7997-40b3-4cb2-a79c-469f93cbb15f,irealbook://Roxanne%3DSting%3DPop%3DEb%3Dn%3D%7B*AT44C*m*%20%20%20%7CG*m*/Bb%20%20%20%7CAb*maj7*%20%20%20%7CG*m*%20%20%20%7CF*m*%20%20%20%7CBbsus%20%20%20%7CN1Csus%20%20%20%7CCsus%20%20%20%7D%20%20%20%20%20%20%20%20%7CN2Csus%20%20%20%7CCsus%20%20%20%5D%5B*BF*m*%20%20%20%7CBbsus%20%20%20%7CCsus%20%20%20%7CCsus%20%20%20%7CF*m*%20%20%20%7CBbsus%20%20%20%7CCsus%20%20%20%7CC7sus%20F*m*%20%5D%5B*CQEb%20%20%20%7CEb%20Ab%2C%20%7CBb%20%20%20%7CBb%20%20%20%7CC*m*%20Bb/F%20%7CEb%20Bb/F%20%7CBb/F%20Ab%20%7CBb%20%20%20%7CBb%20%7CCsus%20%7CCsus%20%7CCsus%20%7CC*m*%20%7CC*m*/Bb%20%7CC*m*%20%7CC*m*/Bb%20Z%7BQEb%20%20%20%7CEb%20Ab%20%7CBb%20%7CBb%20%7CC*m*%20%7CC*m*%2CBb/F%7D%20
da9f3ef8-bbbb-4da1-b757-59efcd69865a,irealbook://She%20Walks%20This%20Earth%3DLins%20Ivan%3DMedium%20Bossa%3DA%3Dn%3D%5B*iT44A%20A%5E7%2311%20%7C%20x%20%20%7C%20x%20%20%7C%20x%20%20%5D%7B*AA%20A%5E7%2311%20%7C%20x%20%20%7C%20x%20%20%7C%20x%20%20%7CC/D%20D7%20%7C%20x%20%20%7CA*%20*%20A%5E7%2311%20%7C%20x%20%20%7D%7B*BD-9%20%20%20%7C%20x%20%20%7CF%23-7%20%20%20%7C%20x%20%20%7D%7CF%5E%20%20%20%7CD%5E%20%20%20%7CF%5E%20%20%20%7CD%5E%20B-7%20%7C%7CG-7%20C7%20%7CF%23-7%20B7%20%7CB-7/E%20%20%20%7CE7%239%20%20%20%5D%5B*AA%20A%5E7%2311%20%7C%20x%20%20%7C%20x%20%20%7C%20x%20%20Z%20
